Copyright 1986-2022 Xilinx, Inc. All Rights Reserved. Copyright 2022-2025 Advanced Micro Devices, Inc. All Rights Reserved.
-----------------------------------------------------------------------------------------------------------------------------------------------------------------------------------------------------------------
| Tool Version : Vivado v.2025.2 (win64) Build 6299465 Fri Nov 14 19:35:11 GMT 2025
| Date         : Sun Aug 23 13:59:38 2026
| Host         : NBLSUDUL running 64-bit major release  (build 9200)
| Command      : report_timing -delay_type max -from [get_ports {vdo1_data[*]}] -max_paths 32 -nworst 4 -file C:/FPGA/V41_NVP_R1E_SEMANTIC_DRC_CONTINUATION_R3/03_READ_ONLY_PREFLIGHT/PHASE3_vdo_setup_paths.rpt
| Design       : ahd_capture_top_xdma
| Device       : 7a35t-csg325
| Speed File   : -2  PRODUCTION 1.23 2018-06-13
| Design State : Routed
-----------------------------------------------------------------------------------------------------------------------------------------------------------------------------------------------------------------

Timing Report

Slack (MET) :             0.617ns  (required time - arrival time)
  Source:                 vdo1_data[0]
                            (input port clocked by nvp_vclk1  {rise@0.000ns fall@3.367ns period=6.734ns})
  Destination:            NVP_PHYSICAL_FRONTEND/GEN_VDO1_INGRESS[0].u_vdo_iddr/D
                            (rising edge-triggered cell IDDR clocked by nvp_vclk1  {rise@0.000ns fall@3.367ns period=6.734ns})
  Path Group:             nvp_vclk1
  Path Type:              Setup (Max at Fast Process Corner)
  Requirement:            6.734ns  (nvp_vclk1 rise@6.734ns - nvp_vclk1 rise@0.000ns)
  Data Path Delay:        0.817ns  (logic 0.817ns (100.000%)  route 0.000ns (0.000%))
  Logic Levels:           2  (IBUF=1 IDELAYE2=1)
  Input Delay:            6.313ns
  Clock Path Skew:        1.050ns (DCD - SCD + CPR)
    Destination Clock Delay (DCD):    1.050ns = ( 7.784 - 6.734 ) 
    Source Clock Delay      (SCD):    0.000ns
    Clock Pessimism Removal (CPR):    0.000ns
  Clock Uncertainty:      0.035ns  ((TSJ^2 + TIJ^2)^1/2 + DJ) / 2 + PE
    Total System Jitter     (TSJ):    0.071ns
    Total Input Jitter      (TIJ):    0.000ns
    Discrete Jitter          (DJ):    0.000ns
    Phase Error              (PE):    0.000ns

    Location             Delay type                Incr(ns)  Path(ns)    Netlist Resource(s)
  -------------------------------------------------------------------    -------------------
                         (clock nvp_vclk1 rise edge)
                                                      0.000     0.000 r  
                         input delay                  6.313     6.313    
    A14                                               0.000     6.313 r  vdo1_data[0] (IN)
                         net (fo=0)                   0.000     6.313    NVP_PHYSICAL_FRONTEND/vdo1_data[0]
    A14                  IBUF (Prop_ibuf_I_O)         0.512     6.825 r  NVP_PHYSICAL_FRONTEND/GEN_VDO1_INGRESS[0].u_vdo_ibuf/O
                         net (fo=1, routed)           0.000     6.825    NVP_PHYSICAL_FRONTEND/vdo1_pad_0
    IDELAY_X0Y83         IDELAYE2 (Prop_idelaye2_IDATAIN_DATAOUT)
                                                      0.305     7.130 r  NVP_PHYSICAL_FRONTEND/GEN_VDO1_INGRESS[0].u_vdo_idelay/DATAOUT
                         net (fo=1, routed)           0.000     7.130    NVP_PHYSICAL_FRONTEND/vdo1_delayed_0
    ILOGIC_X0Y83         IDDR                                         r  NVP_PHYSICAL_FRONTEND/GEN_VDO1_INGRESS[0].u_vdo_iddr/D
  -------------------------------------------------------------------    -------------------

                         (clock nvp_vclk1 rise edge)
                                                      6.734     6.734 r  
    E13                                               0.000     6.734 r  vclk1 (IN)
                         net (fo=0)                   0.000     6.734    NVP_PHYSICAL_FRONTEND/vclk1
    E13                  IBUF (Prop_ibuf_I_O)         0.297     7.031 r  NVP_PHYSICAL_FRONTEND/u_vclk1_ibuf/O
                         net (fo=3, routed)           0.179     7.210    NVP_PHYSICAL_FRONTEND/vclk1_ibuf
    BUFIO_X0Y6           BUFIO (Prop_bufio_I_O)       0.483     7.693 r  NVP_PHYSICAL_FRONTEND/u_vclk1_bufio/O
                         net (fo=8, routed)           0.091     7.784    NVP_PHYSICAL_FRONTEND/vclk1_io
    ILOGIC_X0Y83         IDDR                                         r  NVP_PHYSICAL_FRONTEND/GEN_VDO1_INGRESS[0].u_vdo_iddr/C
                         clock pessimism              0.000     7.784    
                         clock uncertainty           -0.035     7.749    
    ILOGIC_X0Y83         IDDR (Setup_iddr_C_D)       -0.002     7.747    NVP_PHYSICAL_FRONTEND/GEN_VDO1_INGRESS[0].u_vdo_iddr
  -------------------------------------------------------------------
                         required time                          7.747    
                         arrival time                          -7.130    
  -------------------------------------------------------------------
                         slack                                  0.617    

Slack (MET) :             0.617ns  (required time - arrival time)
  Source:                 vdo1_data[0]
                            (input port clocked by nvp_vclk1  {rise@0.000ns fall@3.367ns period=6.734ns})
  Destination:            NVP_PHYSICAL_FRONTEND/GEN_VDO1_INGRESS[0].u_vdo_iddr/D
                            (rising edge-triggered cell IDDR clocked by nvp_vclk1  {rise@0.000ns fall@3.367ns period=6.734ns})
  Path Group:             nvp_vclk1
  Path Type:              Setup (Max at Fast Process Corner)
  Requirement:            6.734ns  (nvp_vclk1 rise@6.734ns - nvp_vclk1 rise@0.000ns)
  Data Path Delay:        0.817ns  (logic 0.817ns (100.000%)  route 0.000ns (0.000%))
  Logic Levels:           2  (IBUF=1 IDELAYE2=1)
  Input Delay:            6.313ns
  Clock Path Skew:        1.050ns (DCD - SCD + CPR)
    Destination Clock Delay (DCD):    1.050ns = ( 7.784 - 6.734 ) 
    Source Clock Delay      (SCD):    0.000ns
    Clock Pessimism Removal (CPR):    0.000ns
  Clock Uncertainty:      0.035ns  ((TSJ^2 + TIJ^2)^1/2 + DJ) / 2 + PE
    Total System Jitter     (TSJ):    0.071ns
    Total Input Jitter      (TIJ):    0.000ns
    Discrete Jitter          (DJ):    0.000ns
    Phase Error              (PE):    0.000ns

    Location             Delay type                Incr(ns)  Path(ns)    Netlist Resource(s)
  -------------------------------------------------------------------    -------------------
                         (clock nvp_vclk1 rise edge)
                                                      0.000     0.000 r  
                         input delay                  6.313     6.313    
    A14                                               0.000     6.313 f  vdo1_data[0] (IN)
                         net (fo=0)                   0.000     6.313    NVP_PHYSICAL_FRONTEND/vdo1_data[0]
    A14                  IBUF (Prop_ibuf_I_O)         0.512     6.825 f  NVP_PHYSICAL_FRONTEND/GEN_VDO1_INGRESS[0].u_vdo_ibuf/O
                         net (fo=1, routed)           0.000     6.825    NVP_PHYSICAL_FRONTEND/vdo1_pad_0
    IDELAY_X0Y83         IDELAYE2 (Prop_idelaye2_IDATAIN_DATAOUT)
                                                      0.305     7.130 f  NVP_PHYSICAL_FRONTEND/GEN_VDO1_INGRESS[0].u_vdo_idelay/DATAOUT
                         net (fo=1, routed)           0.000     7.130    NVP_PHYSICAL_FRONTEND/vdo1_delayed_0
    ILOGIC_X0Y83         IDDR                                         f  NVP_PHYSICAL_FRONTEND/GEN_VDO1_INGRESS[0].u_vdo_iddr/D
  -------------------------------------------------------------------    -------------------

                         (clock nvp_vclk1 rise edge)
                                                      6.734     6.734 r  
    E13                                               0.000     6.734 r  vclk1 (IN)
                         net (fo=0)                   0.000     6.734    NVP_PHYSICAL_FRONTEND/vclk1
    E13                  IBUF (Prop_ibuf_I_O)         0.297     7.031 r  NVP_PHYSICAL_FRONTEND/u_vclk1_ibuf/O
                         net (fo=3, routed)           0.179     7.210    NVP_PHYSICAL_FRONTEND/vclk1_ibuf
    BUFIO_X0Y6           BUFIO (Prop_bufio_I_O)       0.483     7.693 r  NVP_PHYSICAL_FRONTEND/u_vclk1_bufio/O
                         net (fo=8, routed)           0.091     7.784    NVP_PHYSICAL_FRONTEND/vclk1_io
    ILOGIC_X0Y83         IDDR                                         r  NVP_PHYSICAL_FRONTEND/GEN_VDO1_INGRESS[0].u_vdo_iddr/C
                         clock pessimism              0.000     7.784    
                         clock uncertainty           -0.035     7.749    
    ILOGIC_X0Y83         IDDR (Setup_iddr_C_D)       -0.002     7.747    NVP_PHYSICAL_FRONTEND/GEN_VDO1_INGRESS[0].u_vdo_iddr
  -------------------------------------------------------------------
                         required time                          7.747    
                         arrival time                          -7.130    
  -------------------------------------------------------------------
                         slack                                  0.617    

Slack (MET) :             0.636ns  (required time - arrival time)
  Source:                 vdo1_data[2]
                            (input port clocked by nvp_vclk1  {rise@0.000ns fall@3.367ns period=6.734ns})
  Destination:            NVP_PHYSICAL_FRONTEND/GEN_VDO1_INGRESS[2].u_vdo_iddr/D
                            (rising edge-triggered cell IDDR clocked by nvp_vclk1  {rise@0.000ns fall@3.367ns period=6.734ns})
  Path Group:             nvp_vclk1
  Path Type:              Setup (Max at Fast Process Corner)
  Requirement:            6.734ns  (nvp_vclk1 rise@6.734ns - nvp_vclk1 rise@0.000ns)
  Data Path Delay:        0.796ns  (logic 0.796ns (100.000%)  route 0.000ns (0.000%))
  Logic Levels:           2  (IBUF=1 IDELAYE2=1)
  Input Delay:            6.313ns
  Clock Path Skew:        1.048ns (DCD - SCD + CPR)
    Destination Clock Delay (DCD):    1.048ns = ( 7.782 - 6.734 ) 
    Source Clock Delay      (SCD):    0.000ns
    Clock Pessimism Removal (CPR):    0.000ns
  Clock Uncertainty:      0.035ns  ((TSJ^2 + TIJ^2)^1/2 + DJ) / 2 + PE
    Total System Jitter     (TSJ):    0.071ns
    Total Input Jitter      (TIJ):    0.000ns
    Discrete Jitter          (DJ):    0.000ns
    Phase Error              (PE):    0.000ns

    Location             Delay type                Incr(ns)  Path(ns)    Netlist Resource(s)
  -------------------------------------------------------------------    -------------------
                         (clock nvp_vclk1 rise edge)
                                                      0.000     0.000 r  
                         input delay                  6.313     6.313    
    A15                                               0.000     6.313 r  vdo1_data[2] (IN)
                         net (fo=0)                   0.000     6.313    NVP_PHYSICAL_FRONTEND/vdo1_data[2]
    A15                  IBUF (Prop_ibuf_I_O)         0.491     6.804 r  NVP_PHYSICAL_FRONTEND/GEN_VDO1_INGRESS[2].u_vdo_ibuf/O
                         net (fo=1, routed)           0.000     6.804    NVP_PHYSICAL_FRONTEND/vdo1_pad_2
    IDELAY_X0Y79         IDELAYE2 (Prop_idelaye2_IDATAIN_DATAOUT)
                                                      0.305     7.109 r  NVP_PHYSICAL_FRONTEND/GEN_VDO1_INGRESS[2].u_vdo_idelay/DATAOUT
                         net (fo=1, routed)           0.000     7.109    NVP_PHYSICAL_FRONTEND/vdo1_delayed_2
    ILOGIC_X0Y79         IDDR                                         r  NVP_PHYSICAL_FRONTEND/GEN_VDO1_INGRESS[2].u_vdo_iddr/D
  -------------------------------------------------------------------    -------------------

                         (clock nvp_vclk1 rise edge)
                                                      6.734     6.734 r  
    E13                                               0.000     6.734 r  vclk1 (IN)
                         net (fo=0)                   0.000     6.734    NVP_PHYSICAL_FRONTEND/vclk1
    E13                  IBUF (Prop_ibuf_I_O)         0.297     7.031 r  NVP_PHYSICAL_FRONTEND/u_vclk1_ibuf/O
                         net (fo=3, routed)           0.179     7.210    NVP_PHYSICAL_FRONTEND/vclk1_ibuf
    BUFIO_X0Y6           BUFIO (Prop_bufio_I_O)       0.483     7.693 r  NVP_PHYSICAL_FRONTEND/u_vclk1_bufio/O
                         net (fo=8, routed)           0.089     7.782    NVP_PHYSICAL_FRONTEND/vclk1_io
    ILOGIC_X0Y79         IDDR                                         r  NVP_PHYSICAL_FRONTEND/GEN_VDO1_INGRESS[2].u_vdo_iddr/C
                         clock pessimism              0.000     7.782    
                         clock uncertainty           -0.035     7.747    
    ILOGIC_X0Y79         IDDR (Setup_iddr_C_D)       -0.002     7.745    NVP_PHYSICAL_FRONTEND/GEN_VDO1_INGRESS[2].u_vdo_iddr
  -------------------------------------------------------------------
                         required time                          7.745    
                         arrival time                          -7.109    
  -------------------------------------------------------------------
                         slack                                  0.636    

Slack (MET) :             0.636ns  (required time - arrival time)
  Source:                 vdo1_data[2]
                            (input port clocked by nvp_vclk1  {rise@0.000ns fall@3.367ns period=6.734ns})
  Destination:            NVP_PHYSICAL_FRONTEND/GEN_VDO1_INGRESS[2].u_vdo_iddr/D
                            (rising edge-triggered cell IDDR clocked by nvp_vclk1  {rise@0.000ns fall@3.367ns period=6.734ns})
  Path Group:             nvp_vclk1
  Path Type:              Setup (Max at Fast Process Corner)
  Requirement:            6.734ns  (nvp_vclk1 rise@6.734ns - nvp_vclk1 rise@0.000ns)
  Data Path Delay:        0.796ns  (logic 0.796ns (100.000%)  route 0.000ns (0.000%))
  Logic Levels:           2  (IBUF=1 IDELAYE2=1)
  Input Delay:            6.313ns
  Clock Path Skew:        1.048ns (DCD - SCD + CPR)
    Destination Clock Delay (DCD):    1.048ns = ( 7.782 - 6.734 ) 
    Source Clock Delay      (SCD):    0.000ns
    Clock Pessimism Removal (CPR):    0.000ns
  Clock Uncertainty:      0.035ns  ((TSJ^2 + TIJ^2)^1/2 + DJ) / 2 + PE
    Total System Jitter     (TSJ):    0.071ns
    Total Input Jitter      (TIJ):    0.000ns
    Discrete Jitter          (DJ):    0.000ns
    Phase Error              (PE):    0.000ns

    Location             Delay type                Incr(ns)  Path(ns)    Netlist Resource(s)
  -------------------------------------------------------------------    -------------------
                         (clock nvp_vclk1 rise edge)
                                                      0.000     0.000 r  
                         input delay                  6.313     6.313    
    A15                                               0.000     6.313 f  vdo1_data[2] (IN)
                         net (fo=0)                   0.000     6.313    NVP_PHYSICAL_FRONTEND/vdo1_data[2]
    A15                  IBUF (Prop_ibuf_I_O)         0.491     6.804 f  NVP_PHYSICAL_FRONTEND/GEN_VDO1_INGRESS[2].u_vdo_ibuf/O
                         net (fo=1, routed)           0.000     6.804    NVP_PHYSICAL_FRONTEND/vdo1_pad_2
    IDELAY_X0Y79         IDELAYE2 (Prop_idelaye2_IDATAIN_DATAOUT)
                                                      0.305     7.109 f  NVP_PHYSICAL_FRONTEND/GEN_VDO1_INGRESS[2].u_vdo_idelay/DATAOUT
                         net (fo=1, routed)           0.000     7.109    NVP_PHYSICAL_FRONTEND/vdo1_delayed_2
    ILOGIC_X0Y79         IDDR                                         f  NVP_PHYSICAL_FRONTEND/GEN_VDO1_INGRESS[2].u_vdo_iddr/D
  -------------------------------------------------------------------    -------------------

                         (clock nvp_vclk1 rise edge)
                                                      6.734     6.734 r  
    E13                                               0.000     6.734 r  vclk1 (IN)
                         net (fo=0)                   0.000     6.734    NVP_PHYSICAL_FRONTEND/vclk1
    E13                  IBUF (Prop_ibuf_I_O)         0.297     7.031 r  NVP_PHYSICAL_FRONTEND/u_vclk1_ibuf/O
                         net (fo=3, routed)           0.179     7.210    NVP_PHYSICAL_FRONTEND/vclk1_ibuf
    BUFIO_X0Y6           BUFIO (Prop_bufio_I_O)       0.483     7.693 r  NVP_PHYSICAL_FRONTEND/u_vclk1_bufio/O
                         net (fo=8, routed)           0.089     7.782    NVP_PHYSICAL_FRONTEND/vclk1_io
    ILOGIC_X0Y79         IDDR                                         r  NVP_PHYSICAL_FRONTEND/GEN_VDO1_INGRESS[2].u_vdo_iddr/C
                         clock pessimism              0.000     7.782    
                         clock uncertainty           -0.035     7.747    
    ILOGIC_X0Y79         IDDR (Setup_iddr_C_D)       -0.002     7.745    NVP_PHYSICAL_FRONTEND/GEN_VDO1_INGRESS[2].u_vdo_iddr
  -------------------------------------------------------------------
                         required time                          7.745    
                         arrival time                          -7.109    
  -------------------------------------------------------------------
                         slack                                  0.636    

Slack (MET) :             0.642ns  (required time - arrival time)
  Source:                 vdo1_data[5]
                            (input port clocked by nvp_vclk1  {rise@0.000ns fall@3.367ns period=6.734ns})
  Destination:            NVP_PHYSICAL_FRONTEND/GEN_VDO1_INGRESS[5].u_vdo_iddr/D
                            (rising edge-triggered cell IDDR clocked by nvp_vclk1  {rise@0.000ns fall@3.367ns period=6.734ns})
  Path Group:             nvp_vclk1
  Path Type:              Setup (Max at Fast Process Corner)
  Requirement:            6.734ns  (nvp_vclk1 rise@6.734ns - nvp_vclk1 rise@0.000ns)
  Data Path Delay:        0.790ns  (logic 0.790ns (100.000%)  route 0.000ns (0.000%))
  Logic Levels:           2  (IBUF=1 IDELAYE2=1)
  Input Delay:            6.313ns
  Clock Path Skew:        1.048ns (DCD - SCD + CPR)
    Destination Clock Delay (DCD):    1.048ns = ( 7.782 - 6.734 ) 
    Source Clock Delay      (SCD):    0.000ns
    Clock Pessimism Removal (CPR):    0.000ns
  Clock Uncertainty:      0.035ns  ((TSJ^2 + TIJ^2)^1/2 + DJ) / 2 + PE
    Total System Jitter     (TSJ):    0.071ns
    Total Input Jitter      (TIJ):    0.000ns
    Discrete Jitter          (DJ):    0.000ns
    Phase Error              (PE):    0.000ns

    Location             Delay type                Incr(ns)  Path(ns)    Netlist Resource(s)
  -------------------------------------------------------------------    -------------------
                         (clock nvp_vclk1 rise edge)
                                                      0.000     0.000 r  
                         input delay                  6.313     6.313    
    A17                                               0.000     6.313 r  vdo1_data[5] (IN)
                         net (fo=0)                   0.000     6.313    NVP_PHYSICAL_FRONTEND/vdo1_data[5]
    A17                  IBUF (Prop_ibuf_I_O)         0.485     6.798 r  NVP_PHYSICAL_FRONTEND/GEN_VDO1_INGRESS[5].u_vdo_ibuf/O
                         net (fo=1, routed)           0.000     6.798    NVP_PHYSICAL_FRONTEND/vdo1_pad_5
    IDELAY_X0Y69         IDELAYE2 (Prop_idelaye2_IDATAIN_DATAOUT)
                                                      0.305     7.103 r  NVP_PHYSICAL_FRONTEND/GEN_VDO1_INGRESS[5].u_vdo_idelay/DATAOUT
                         net (fo=1, routed)           0.000     7.103    NVP_PHYSICAL_FRONTEND/vdo1_delayed_5
    ILOGIC_X0Y69         IDDR                                         r  NVP_PHYSICAL_FRONTEND/GEN_VDO1_INGRESS[5].u_vdo_iddr/D
  -------------------------------------------------------------------    -------------------

                         (clock nvp_vclk1 rise edge)
                                                      6.734     6.734 r  
    E13                                               0.000     6.734 r  vclk1 (IN)
                         net (fo=0)                   0.000     6.734    NVP_PHYSICAL_FRONTEND/vclk1
    E13                  IBUF (Prop_ibuf_I_O)         0.297     7.031 r  NVP_PHYSICAL_FRONTEND/u_vclk1_ibuf/O
                         net (fo=3, routed)           0.179     7.210    NVP_PHYSICAL_FRONTEND/vclk1_ibuf
    BUFIO_X0Y6           BUFIO (Prop_bufio_I_O)       0.483     7.693 r  NVP_PHYSICAL_FRONTEND/u_vclk1_bufio/O
                         net (fo=8, routed)           0.089     7.782    NVP_PHYSICAL_FRONTEND/vclk1_io
    ILOGIC_X0Y69         IDDR                                         r  NVP_PHYSICAL_FRONTEND/GEN_VDO1_INGRESS[5].u_vdo_iddr/C
                         clock pessimism              0.000     7.782    
                         clock uncertainty           -0.035     7.747    
    ILOGIC_X0Y69         IDDR (Setup_iddr_C_D)       -0.002     7.745    NVP_PHYSICAL_FRONTEND/GEN_VDO1_INGRESS[5].u_vdo_iddr
  -------------------------------------------------------------------
                         required time                          7.745    
                         arrival time                          -7.103    
  -------------------------------------------------------------------
                         slack                                  0.642    

Slack (MET) :             0.642ns  (required time - arrival time)
  Source:                 vdo1_data[5]
                            (input port clocked by nvp_vclk1  {rise@0.000ns fall@3.367ns period=6.734ns})
  Destination:            NVP_PHYSICAL_FRONTEND/GEN_VDO1_INGRESS[5].u_vdo_iddr/D
                            (rising edge-triggered cell IDDR clocked by nvp_vclk1  {rise@0.000ns fall@3.367ns period=6.734ns})
  Path Group:             nvp_vclk1
  Path Type:              Setup (Max at Fast Process Corner)
  Requirement:            6.734ns  (nvp_vclk1 rise@6.734ns - nvp_vclk1 rise@0.000ns)
  Data Path Delay:        0.790ns  (logic 0.790ns (100.000%)  route 0.000ns (0.000%))
  Logic Levels:           2  (IBUF=1 IDELAYE2=1)
  Input Delay:            6.313ns
  Clock Path Skew:        1.048ns (DCD - SCD + CPR)
    Destination Clock Delay (DCD):    1.048ns = ( 7.782 - 6.734 ) 
    Source Clock Delay      (SCD):    0.000ns
    Clock Pessimism Removal (CPR):    0.000ns
  Clock Uncertainty:      0.035ns  ((TSJ^2 + TIJ^2)^1/2 + DJ) / 2 + PE
    Total System Jitter     (TSJ):    0.071ns
    Total Input Jitter      (TIJ):    0.000ns
    Discrete Jitter          (DJ):    0.000ns
    Phase Error              (PE):    0.000ns

    Location             Delay type                Incr(ns)  Path(ns)    Netlist Resource(s)
  -------------------------------------------------------------------    -------------------
                         (clock nvp_vclk1 rise edge)
                                                      0.000     0.000 r  
                         input delay                  6.313     6.313    
    A17                                               0.000     6.313 f  vdo1_data[5] (IN)
                         net (fo=0)                   0.000     6.313    NVP_PHYSICAL_FRONTEND/vdo1_data[5]
    A17                  IBUF (Prop_ibuf_I_O)         0.485     6.798 f  NVP_PHYSICAL_FRONTEND/GEN_VDO1_INGRESS[5].u_vdo_ibuf/O
                         net (fo=1, routed)           0.000     6.798    NVP_PHYSICAL_FRONTEND/vdo1_pad_5
    IDELAY_X0Y69         IDELAYE2 (Prop_idelaye2_IDATAIN_DATAOUT)
                                                      0.305     7.103 f  NVP_PHYSICAL_FRONTEND/GEN_VDO1_INGRESS[5].u_vdo_idelay/DATAOUT
                         net (fo=1, routed)           0.000     7.103    NVP_PHYSICAL_FRONTEND/vdo1_delayed_5
    ILOGIC_X0Y69         IDDR                                         f  NVP_PHYSICAL_FRONTEND/GEN_VDO1_INGRESS[5].u_vdo_iddr/D
  -------------------------------------------------------------------    -------------------

                         (clock nvp_vclk1 rise edge)
                                                      6.734     6.734 r  
    E13                                               0.000     6.734 r  vclk1 (IN)
                         net (fo=0)                   0.000     6.734    NVP_PHYSICAL_FRONTEND/vclk1
    E13                  IBUF (Prop_ibuf_I_O)         0.297     7.031 r  NVP_PHYSICAL_FRONTEND/u_vclk1_ibuf/O
                         net (fo=3, routed)           0.179     7.210    NVP_PHYSICAL_FRONTEND/vclk1_ibuf
    BUFIO_X0Y6           BUFIO (Prop_bufio_I_O)       0.483     7.693 r  NVP_PHYSICAL_FRONTEND/u_vclk1_bufio/O
                         net (fo=8, routed)           0.089     7.782    NVP_PHYSICAL_FRONTEND/vclk1_io
    ILOGIC_X0Y69         IDDR                                         r  NVP_PHYSICAL_FRONTEND/GEN_VDO1_INGRESS[5].u_vdo_iddr/C
                         clock pessimism              0.000     7.782    
                         clock uncertainty           -0.035     7.747    
    ILOGIC_X0Y69         IDDR (Setup_iddr_C_D)       -0.002     7.745    NVP_PHYSICAL_FRONTEND/GEN_VDO1_INGRESS[5].u_vdo_iddr
  -------------------------------------------------------------------
                         required time                          7.745    
                         arrival time                          -7.103    
  -------------------------------------------------------------------
                         slack                                  0.642    

Slack (MET) :             0.642ns  (required time - arrival time)
  Source:                 vdo1_data[6]
                            (input port clocked by nvp_vclk1  {rise@0.000ns fall@3.367ns period=6.734ns})
  Destination:            NVP_PHYSICAL_FRONTEND/GEN_VDO1_INGRESS[6].u_vdo_iddr/D
                            (rising edge-triggered cell IDDR clocked by nvp_vclk1  {rise@0.000ns fall@3.367ns period=6.734ns})
  Path Group:             nvp_vclk1
  Path Type:              Setup (Max at Fast Process Corner)
  Requirement:            6.734ns  (nvp_vclk1 rise@6.734ns - nvp_vclk1 rise@0.000ns)
  Data Path Delay:        0.791ns  (logic 0.791ns (100.000%)  route 0.000ns (0.000%))
  Logic Levels:           2  (IBUF=1 IDELAYE2=1)
  Input Delay:            6.313ns
  Clock Path Skew:        1.050ns (DCD - SCD + CPR)
    Destination Clock Delay (DCD):    1.050ns = ( 7.784 - 6.734 ) 
    Source Clock Delay      (SCD):    0.000ns
    Clock Pessimism Removal (CPR):    0.000ns
  Clock Uncertainty:      0.035ns  ((TSJ^2 + TIJ^2)^1/2 + DJ) / 2 + PE
    Total System Jitter     (TSJ):    0.071ns
    Total Input Jitter      (TIJ):    0.000ns
    Discrete Jitter          (DJ):    0.000ns
    Phase Error              (PE):    0.000ns

    Location             Delay type                Incr(ns)  Path(ns)    Netlist Resource(s)
  -------------------------------------------------------------------    -------------------
                         (clock nvp_vclk1 rise edge)
                                                      0.000     0.000 r  
                         input delay                  6.313     6.313    
    B17                                               0.000     6.313 r  vdo1_data[6] (IN)
                         net (fo=0)                   0.000     6.313    NVP_PHYSICAL_FRONTEND/vdo1_data[6]
    B17                  IBUF (Prop_ibuf_I_O)         0.486     6.799 r  NVP_PHYSICAL_FRONTEND/GEN_VDO1_INGRESS[6].u_vdo_ibuf/O
                         net (fo=1, routed)           0.000     6.799    NVP_PHYSICAL_FRONTEND/vdo1_pad_6
    IDELAY_X0Y67         IDELAYE2 (Prop_idelaye2_IDATAIN_DATAOUT)
                                                      0.305     7.104 r  NVP_PHYSICAL_FRONTEND/GEN_VDO1_INGRESS[6].u_vdo_idelay/DATAOUT
                         net (fo=1, routed)           0.000     7.104    NVP_PHYSICAL_FRONTEND/vdo1_delayed_6
    ILOGIC_X0Y67         IDDR                                         r  NVP_PHYSICAL_FRONTEND/GEN_VDO1_INGRESS[6].u_vdo_iddr/D
  -------------------------------------------------------------------    -------------------

                         (clock nvp_vclk1 rise edge)
                                                      6.734     6.734 r  
    E13                                               0.000     6.734 r  vclk1 (IN)
                         net (fo=0)                   0.000     6.734    NVP_PHYSICAL_FRONTEND/vclk1
    E13                  IBUF (Prop_ibuf_I_O)         0.297     7.031 r  NVP_PHYSICAL_FRONTEND/u_vclk1_ibuf/O
                         net (fo=3, routed)           0.179     7.210    NVP_PHYSICAL_FRONTEND/vclk1_ibuf
    BUFIO_X0Y6           BUFIO (Prop_bufio_I_O)       0.483     7.693 r  NVP_PHYSICAL_FRONTEND/u_vclk1_bufio/O
                         net (fo=8, routed)           0.091     7.784    NVP_PHYSICAL_FRONTEND/vclk1_io
    ILOGIC_X0Y67         IDDR                                         r  NVP_PHYSICAL_FRONTEND/GEN_VDO1_INGRESS[6].u_vdo_iddr/C
                         clock pessimism              0.000     7.784    
                         clock uncertainty           -0.035     7.749    
    ILOGIC_X0Y67         IDDR (Setup_iddr_C_D)       -0.002     7.747    NVP_PHYSICAL_FRONTEND/GEN_VDO1_INGRESS[6].u_vdo_iddr
  -------------------------------------------------------------------
                         required time                          7.747    
                         arrival time                          -7.104    
  -------------------------------------------------------------------
                         slack                                  0.642    

Slack (MET) :             0.642ns  (required time - arrival time)
  Source:                 vdo1_data[6]
                            (input port clocked by nvp_vclk1  {rise@0.000ns fall@3.367ns period=6.734ns})
  Destination:            NVP_PHYSICAL_FRONTEND/GEN_VDO1_INGRESS[6].u_vdo_iddr/D
                            (rising edge-triggered cell IDDR clocked by nvp_vclk1  {rise@0.000ns fall@3.367ns period=6.734ns})
  Path Group:             nvp_vclk1
  Path Type:              Setup (Max at Fast Process Corner)
  Requirement:            6.734ns  (nvp_vclk1 rise@6.734ns - nvp_vclk1 rise@0.000ns)
  Data Path Delay:        0.791ns  (logic 0.791ns (100.000%)  route 0.000ns (0.000%))
  Logic Levels:           2  (IBUF=1 IDELAYE2=1)
  Input Delay:            6.313ns
  Clock Path Skew:        1.050ns (DCD - SCD + CPR)
    Destination Clock Delay (DCD):    1.050ns = ( 7.784 - 6.734 ) 
    Source Clock Delay      (SCD):    0.000ns
    Clock Pessimism Removal (CPR):    0.000ns
  Clock Uncertainty:      0.035ns  ((TSJ^2 + TIJ^2)^1/2 + DJ) / 2 + PE
    Total System Jitter     (TSJ):    0.071ns
    Total Input Jitter      (TIJ):    0.000ns
    Discrete Jitter          (DJ):    0.000ns
    Phase Error              (PE):    0.000ns

    Location             Delay type                Incr(ns)  Path(ns)    Netlist Resource(s)
  -------------------------------------------------------------------    -------------------
                         (clock nvp_vclk1 rise edge)
                                                      0.000     0.000 r  
                         input delay                  6.313     6.313    
    B17                                               0.000     6.313 f  vdo1_data[6] (IN)
                         net (fo=0)                   0.000     6.313    NVP_PHYSICAL_FRONTEND/vdo1_data[6]
    B17                  IBUF (Prop_ibuf_I_O)         0.486     6.799 f  NVP_PHYSICAL_FRONTEND/GEN_VDO1_INGRESS[6].u_vdo_ibuf/O
                         net (fo=1, routed)           0.000     6.799    NVP_PHYSICAL_FRONTEND/vdo1_pad_6
    IDELAY_X0Y67         IDELAYE2 (Prop_idelaye2_IDATAIN_DATAOUT)
                                                      0.305     7.104 f  NVP_PHYSICAL_FRONTEND/GEN_VDO1_INGRESS[6].u_vdo_idelay/DATAOUT
                         net (fo=1, routed)           0.000     7.104    NVP_PHYSICAL_FRONTEND/vdo1_delayed_6
    ILOGIC_X0Y67         IDDR                                         f  NVP_PHYSICAL_FRONTEND/GEN_VDO1_INGRESS[6].u_vdo_iddr/D
  -------------------------------------------------------------------    -------------------

                         (clock nvp_vclk1 rise edge)
                                                      6.734     6.734 r  
    E13                                               0.000     6.734 r  vclk1 (IN)
                         net (fo=0)                   0.000     6.734    NVP_PHYSICAL_FRONTEND/vclk1
    E13                  IBUF (Prop_ibuf_I_O)         0.297     7.031 r  NVP_PHYSICAL_FRONTEND/u_vclk1_ibuf/O
                         net (fo=3, routed)           0.179     7.210    NVP_PHYSICAL_FRONTEND/vclk1_ibuf
    BUFIO_X0Y6           BUFIO (Prop_bufio_I_O)       0.483     7.693 r  NVP_PHYSICAL_FRONTEND/u_vclk1_bufio/O
                         net (fo=8, routed)           0.091     7.784    NVP_PHYSICAL_FRONTEND/vclk1_io
    ILOGIC_X0Y67         IDDR                                         r  NVP_PHYSICAL_FRONTEND/GEN_VDO1_INGRESS[6].u_vdo_iddr/C
                         clock pessimism              0.000     7.784    
                         clock uncertainty           -0.035     7.749    
    ILOGIC_X0Y67         IDDR (Setup_iddr_C_D)       -0.002     7.747    NVP_PHYSICAL_FRONTEND/GEN_VDO1_INGRESS[6].u_vdo_iddr
  -------------------------------------------------------------------
                         required time                          7.747    
                         arrival time                          -7.104    
  -------------------------------------------------------------------
                         slack                                  0.642    

Slack (MET) :             0.643ns  (required time - arrival time)
  Source:                 vdo1_data[4]
                            (input port clocked by nvp_vclk1  {rise@0.000ns fall@3.367ns period=6.734ns})
  Destination:            NVP_PHYSICAL_FRONTEND/GEN_VDO1_INGRESS[4].u_vdo_iddr/D
                            (rising edge-triggered cell IDDR clocked by nvp_vclk1  {rise@0.000ns fall@3.367ns period=6.734ns})
  Path Group:             nvp_vclk1
  Path Type:              Setup (Max at Fast Process Corner)
  Requirement:            6.734ns  (nvp_vclk1 rise@6.734ns - nvp_vclk1 rise@0.000ns)
  Data Path Delay:        0.789ns  (logic 0.789ns (100.000%)  route 0.000ns (0.000%))
  Logic Levels:           2  (IBUF=1 IDELAYE2=1)
  Input Delay:            6.313ns
  Clock Path Skew:        1.048ns (DCD - SCD + CPR)
    Destination Clock Delay (DCD):    1.048ns = ( 7.782 - 6.734 ) 
    Source Clock Delay      (SCD):    0.000ns
    Clock Pessimism Removal (CPR):    0.000ns
  Clock Uncertainty:      0.035ns  ((TSJ^2 + TIJ^2)^1/2 + DJ) / 2 + PE
    Total System Jitter     (TSJ):    0.071ns
    Total Input Jitter      (TIJ):    0.000ns
    Discrete Jitter          (DJ):    0.000ns
    Phase Error              (PE):    0.000ns

    Location             Delay type                Incr(ns)  Path(ns)    Netlist Resource(s)
  -------------------------------------------------------------------    -------------------
                         (clock nvp_vclk1 rise edge)
                                                      0.000     0.000 r  
                         input delay                  6.313     6.313    
    B16                                               0.000     6.313 r  vdo1_data[4] (IN)
                         net (fo=0)                   0.000     6.313    NVP_PHYSICAL_FRONTEND/vdo1_data[4]
    B16                  IBUF (Prop_ibuf_I_O)         0.484     6.797 r  NVP_PHYSICAL_FRONTEND/GEN_VDO1_INGRESS[4].u_vdo_ibuf/O
                         net (fo=1, routed)           0.000     6.797    NVP_PHYSICAL_FRONTEND/vdo1_pad_4
    IDELAY_X0Y70         IDELAYE2 (Prop_idelaye2_IDATAIN_DATAOUT)
                                                      0.305     7.102 r  NVP_PHYSICAL_FRONTEND/GEN_VDO1_INGRESS[4].u_vdo_idelay/DATAOUT
                         net (fo=1, routed)           0.000     7.102    NVP_PHYSICAL_FRONTEND/vdo1_delayed_4
    ILOGIC_X0Y70         IDDR                                         r  NVP_PHYSICAL_FRONTEND/GEN_VDO1_INGRESS[4].u_vdo_iddr/D
  -------------------------------------------------------------------    -------------------

                         (clock nvp_vclk1 rise edge)
                                                      6.734     6.734 r  
    E13                                               0.000     6.734 r  vclk1 (IN)
                         net (fo=0)                   0.000     6.734    NVP_PHYSICAL_FRONTEND/vclk1
    E13                  IBUF (Prop_ibuf_I_O)         0.297     7.031 r  NVP_PHYSICAL_FRONTEND/u_vclk1_ibuf/O
                         net (fo=3, routed)           0.179     7.210    NVP_PHYSICAL_FRONTEND/vclk1_ibuf
    BUFIO_X0Y6           BUFIO (Prop_bufio_I_O)       0.483     7.693 r  NVP_PHYSICAL_FRONTEND/u_vclk1_bufio/O
                         net (fo=8, routed)           0.089     7.782    NVP_PHYSICAL_FRONTEND/vclk1_io
    ILOGIC_X0Y70         IDDR                                         r  NVP_PHYSICAL_FRONTEND/GEN_VDO1_INGRESS[4].u_vdo_iddr/C
                         clock pessimism              0.000     7.782    
                         clock uncertainty           -0.035     7.747    
    ILOGIC_X0Y70         IDDR (Setup_iddr_C_D)       -0.002     7.745    NVP_PHYSICAL_FRONTEND/GEN_VDO1_INGRESS[4].u_vdo_iddr
  -------------------------------------------------------------------
                         required time                          7.745    
                         arrival time                          -7.102    
  -------------------------------------------------------------------
                         slack                                  0.643    

Slack (MET) :             0.643ns  (required time - arrival time)
  Source:                 vdo1_data[4]
                            (input port clocked by nvp_vclk1  {rise@0.000ns fall@3.367ns period=6.734ns})
  Destination:            NVP_PHYSICAL_FRONTEND/GEN_VDO1_INGRESS[4].u_vdo_iddr/D
                            (rising edge-triggered cell IDDR clocked by nvp_vclk1  {rise@0.000ns fall@3.367ns period=6.734ns})
  Path Group:             nvp_vclk1
  Path Type:              Setup (Max at Fast Process Corner)
  Requirement:            6.734ns  (nvp_vclk1 rise@6.734ns - nvp_vclk1 rise@0.000ns)
  Data Path Delay:        0.789ns  (logic 0.789ns (100.000%)  route 0.000ns (0.000%))
  Logic Levels:           2  (IBUF=1 IDELAYE2=1)
  Input Delay:            6.313ns
  Clock Path Skew:        1.048ns (DCD - SCD + CPR)
    Destination Clock Delay (DCD):    1.048ns = ( 7.782 - 6.734 ) 
    Source Clock Delay      (SCD):    0.000ns
    Clock Pessimism Removal (CPR):    0.000ns
  Clock Uncertainty:      0.035ns  ((TSJ^2 + TIJ^2)^1/2 + DJ) / 2 + PE
    Total System Jitter     (TSJ):    0.071ns
    Total Input Jitter      (TIJ):    0.000ns
    Discrete Jitter          (DJ):    0.000ns
    Phase Error              (PE):    0.000ns

    Location             Delay type                Incr(ns)  Path(ns)    Netlist Resource(s)
  -------------------------------------------------------------------    -------------------
                         (clock nvp_vclk1 rise edge)
                                                      0.000     0.000 r  
                         input delay                  6.313     6.313    
    B16                                               0.000     6.313 f  vdo1_data[4] (IN)
                         net (fo=0)                   0.000     6.313    NVP_PHYSICAL_FRONTEND/vdo1_data[4]
    B16                  IBUF (Prop_ibuf_I_O)         0.484     6.797 f  NVP_PHYSICAL_FRONTEND/GEN_VDO1_INGRESS[4].u_vdo_ibuf/O
                         net (fo=1, routed)           0.000     6.797    NVP_PHYSICAL_FRONTEND/vdo1_pad_4
    IDELAY_X0Y70         IDELAYE2 (Prop_idelaye2_IDATAIN_DATAOUT)
                                                      0.305     7.102 f  NVP_PHYSICAL_FRONTEND/GEN_VDO1_INGRESS[4].u_vdo_idelay/DATAOUT
                         net (fo=1, routed)           0.000     7.102    NVP_PHYSICAL_FRONTEND/vdo1_delayed_4
    ILOGIC_X0Y70         IDDR                                         f  NVP_PHYSICAL_FRONTEND/GEN_VDO1_INGRESS[4].u_vdo_iddr/D
  -------------------------------------------------------------------    -------------------

                         (clock nvp_vclk1 rise edge)
                                                      6.734     6.734 r  
    E13                                               0.000     6.734 r  vclk1 (IN)
                         net (fo=0)                   0.000     6.734    NVP_PHYSICAL_FRONTEND/vclk1
    E13                  IBUF (Prop_ibuf_I_O)         0.297     7.031 r  NVP_PHYSICAL_FRONTEND/u_vclk1_ibuf/O
                         net (fo=3, routed)           0.179     7.210    NVP_PHYSICAL_FRONTEND/vclk1_ibuf
    BUFIO_X0Y6           BUFIO (Prop_bufio_I_O)       0.483     7.693 r  NVP_PHYSICAL_FRONTEND/u_vclk1_bufio/O
                         net (fo=8, routed)           0.089     7.782    NVP_PHYSICAL_FRONTEND/vclk1_io
    ILOGIC_X0Y70         IDDR                                         r  NVP_PHYSICAL_FRONTEND/GEN_VDO1_INGRESS[4].u_vdo_iddr/C
                         clock pessimism              0.000     7.782    
                         clock uncertainty           -0.035     7.747    
    ILOGIC_X0Y70         IDDR (Setup_iddr_C_D)       -0.002     7.745    NVP_PHYSICAL_FRONTEND/GEN_VDO1_INGRESS[4].u_vdo_iddr
  -------------------------------------------------------------------
                         required time                          7.745    
                         arrival time                          -7.102    
  -------------------------------------------------------------------
                         slack                                  0.643    

Slack (MET) :             0.649ns  (required time - arrival time)
  Source:                 vdo1_data[3]
                            (input port clocked by nvp_vclk1  {rise@0.000ns fall@3.367ns period=6.734ns})
  Destination:            NVP_PHYSICAL_FRONTEND/GEN_VDO1_INGRESS[3].u_vdo_iddr/D
                            (rising edge-triggered cell IDDR clocked by nvp_vclk1  {rise@0.000ns fall@3.367ns period=6.734ns})
  Path Group:             nvp_vclk1
  Path Type:              Setup (Max at Fast Process Corner)
  Requirement:            6.734ns  (nvp_vclk1 rise@6.734ns - nvp_vclk1 rise@0.000ns)
  Data Path Delay:        0.784ns  (logic 0.784ns (100.000%)  route 0.000ns (0.000%))
  Logic Levels:           2  (IBUF=1 IDELAYE2=1)
  Input Delay:            6.313ns
  Clock Path Skew:        1.050ns (DCD - SCD + CPR)
    Destination Clock Delay (DCD):    1.050ns = ( 7.784 - 6.734 ) 
    Source Clock Delay      (SCD):    0.000ns
    Clock Pessimism Removal (CPR):    0.000ns
  Clock Uncertainty:      0.035ns  ((TSJ^2 + TIJ^2)^1/2 + DJ) / 2 + PE
    Total System Jitter     (TSJ):    0.071ns
    Total Input Jitter      (TIJ):    0.000ns
    Discrete Jitter          (DJ):    0.000ns
    Phase Error              (PE):    0.000ns

    Location             Delay type                Incr(ns)  Path(ns)    Netlist Resource(s)
  -------------------------------------------------------------------    -------------------
                         (clock nvp_vclk1 rise edge)
                                                      0.000     0.000 r  
                         input delay                  6.313     6.313    
    B15                                               0.000     6.313 r  vdo1_data[3] (IN)
                         net (fo=0)                   0.000     6.313    NVP_PHYSICAL_FRONTEND/vdo1_data[3]
    B15                  IBUF (Prop_ibuf_I_O)         0.479     6.792 r  NVP_PHYSICAL_FRONTEND/GEN_VDO1_INGRESS[3].u_vdo_ibuf/O
                         net (fo=1, routed)           0.000     6.792    NVP_PHYSICAL_FRONTEND/vdo1_pad_3
    IDELAY_X0Y81         IDELAYE2 (Prop_idelaye2_IDATAIN_DATAOUT)
                                                      0.305     7.097 r  NVP_PHYSICAL_FRONTEND/GEN_VDO1_INGRESS[3].u_vdo_idelay/DATAOUT
                         net (fo=1, routed)           0.000     7.097    NVP_PHYSICAL_FRONTEND/vdo1_delayed_3
    ILOGIC_X0Y81         IDDR                                         r  NVP_PHYSICAL_FRONTEND/GEN_VDO1_INGRESS[3].u_vdo_iddr/D
  -------------------------------------------------------------------    -------------------

                         (clock nvp_vclk1 rise edge)
                                                      6.734     6.734 r  
    E13                                               0.000     6.734 r  vclk1 (IN)
                         net (fo=0)                   0.000     6.734    NVP_PHYSICAL_FRONTEND/vclk1
    E13                  IBUF (Prop_ibuf_I_O)         0.297     7.031 r  NVP_PHYSICAL_FRONTEND/u_vclk1_ibuf/O
                         net (fo=3, routed)           0.179     7.210    NVP_PHYSICAL_FRONTEND/vclk1_ibuf
    BUFIO_X0Y6           BUFIO (Prop_bufio_I_O)       0.483     7.693 r  NVP_PHYSICAL_FRONTEND/u_vclk1_bufio/O
                         net (fo=8, routed)           0.091     7.784    NVP_PHYSICAL_FRONTEND/vclk1_io
    ILOGIC_X0Y81         IDDR                                         r  NVP_PHYSICAL_FRONTEND/GEN_VDO1_INGRESS[3].u_vdo_iddr/C
                         clock pessimism              0.000     7.784    
                         clock uncertainty           -0.035     7.749    
    ILOGIC_X0Y81         IDDR (Setup_iddr_C_D)       -0.002     7.747    NVP_PHYSICAL_FRONTEND/GEN_VDO1_INGRESS[3].u_vdo_iddr
  -------------------------------------------------------------------
                         required time                          7.747    
                         arrival time                          -7.097    
  -------------------------------------------------------------------
                         slack                                  0.649    

Slack (MET) :             0.649ns  (required time - arrival time)
  Source:                 vdo1_data[3]
                            (input port clocked by nvp_vclk1  {rise@0.000ns fall@3.367ns period=6.734ns})
  Destination:            NVP_PHYSICAL_FRONTEND/GEN_VDO1_INGRESS[3].u_vdo_iddr/D
                            (rising edge-triggered cell IDDR clocked by nvp_vclk1  {rise@0.000ns fall@3.367ns period=6.734ns})
  Path Group:             nvp_vclk1
  Path Type:              Setup (Max at Fast Process Corner)
  Requirement:            6.734ns  (nvp_vclk1 rise@6.734ns - nvp_vclk1 rise@0.000ns)
  Data Path Delay:        0.784ns  (logic 0.784ns (100.000%)  route 0.000ns (0.000%))
  Logic Levels:           2  (IBUF=1 IDELAYE2=1)
  Input Delay:            6.313ns
  Clock Path Skew:        1.050ns (DCD - SCD + CPR)
    Destination Clock Delay (DCD):    1.050ns = ( 7.784 - 6.734 ) 
    Source Clock Delay      (SCD):    0.000ns
    Clock Pessimism Removal (CPR):    0.000ns
  Clock Uncertainty:      0.035ns  ((TSJ^2 + TIJ^2)^1/2 + DJ) / 2 + PE
    Total System Jitter     (TSJ):    0.071ns
    Total Input Jitter      (TIJ):    0.000ns
    Discrete Jitter          (DJ):    0.000ns
    Phase Error              (PE):    0.000ns

    Location             Delay type                Incr(ns)  Path(ns)    Netlist Resource(s)
  -------------------------------------------------------------------    -------------------
                         (clock nvp_vclk1 rise edge)
                                                      0.000     0.000 r  
                         input delay                  6.313     6.313    
    B15                                               0.000     6.313 f  vdo1_data[3] (IN)
                         net (fo=0)                   0.000     6.313    NVP_PHYSICAL_FRONTEND/vdo1_data[3]
    B15                  IBUF (Prop_ibuf_I_O)         0.479     6.792 f  NVP_PHYSICAL_FRONTEND/GEN_VDO1_INGRESS[3].u_vdo_ibuf/O
                         net (fo=1, routed)           0.000     6.792    NVP_PHYSICAL_FRONTEND/vdo1_pad_3
    IDELAY_X0Y81         IDELAYE2 (Prop_idelaye2_IDATAIN_DATAOUT)
                                                      0.305     7.097 f  NVP_PHYSICAL_FRONTEND/GEN_VDO1_INGRESS[3].u_vdo_idelay/DATAOUT
                         net (fo=1, routed)           0.000     7.097    NVP_PHYSICAL_FRONTEND/vdo1_delayed_3
    ILOGIC_X0Y81         IDDR                                         f  NVP_PHYSICAL_FRONTEND/GEN_VDO1_INGRESS[3].u_vdo_iddr/D
  -------------------------------------------------------------------    -------------------

                         (clock nvp_vclk1 rise edge)
                                                      6.734     6.734 r  
    E13                                               0.000     6.734 r  vclk1 (IN)
                         net (fo=0)                   0.000     6.734    NVP_PHYSICAL_FRONTEND/vclk1
    E13                  IBUF (Prop_ibuf_I_O)         0.297     7.031 r  NVP_PHYSICAL_FRONTEND/u_vclk1_ibuf/O
                         net (fo=3, routed)           0.179     7.210    NVP_PHYSICAL_FRONTEND/vclk1_ibuf
    BUFIO_X0Y6           BUFIO (Prop_bufio_I_O)       0.483     7.693 r  NVP_PHYSICAL_FRONTEND/u_vclk1_bufio/O
                         net (fo=8, routed)           0.091     7.784    NVP_PHYSICAL_FRONTEND/vclk1_io
    ILOGIC_X0Y81         IDDR                                         r  NVP_PHYSICAL_FRONTEND/GEN_VDO1_INGRESS[3].u_vdo_iddr/C
                         clock pessimism              0.000     7.784    
                         clock uncertainty           -0.035     7.749    
    ILOGIC_X0Y81         IDDR (Setup_iddr_C_D)       -0.002     7.747    NVP_PHYSICAL_FRONTEND/GEN_VDO1_INGRESS[3].u_vdo_iddr
  -------------------------------------------------------------------
                         required time                          7.747    
                         arrival time                          -7.097    
  -------------------------------------------------------------------
                         slack                                  0.649    

Slack (MET) :             0.651ns  (required time - arrival time)
  Source:                 vdo1_data[1]
                            (input port clocked by nvp_vclk1  {rise@0.000ns fall@3.367ns period=6.734ns})
  Destination:            NVP_PHYSICAL_FRONTEND/GEN_VDO1_INGRESS[1].u_vdo_iddr/D
                            (rising edge-triggered cell IDDR clocked by nvp_vclk1  {rise@0.000ns fall@3.367ns period=6.734ns})
  Path Group:             nvp_vclk1
  Path Type:              Setup (Max at Fast Process Corner)
  Requirement:            6.734ns  (nvp_vclk1 rise@6.734ns - nvp_vclk1 rise@0.000ns)
  Data Path Delay:        0.781ns  (logic 0.781ns (100.000%)  route 0.000ns (0.000%))
  Logic Levels:           2  (IBUF=1 IDELAYE2=1)
  Input Delay:            6.313ns
  Clock Path Skew:        1.048ns (DCD - SCD + CPR)
    Destination Clock Delay (DCD):    1.048ns = ( 7.782 - 6.734 ) 
    Source Clock Delay      (SCD):    0.000ns
    Clock Pessimism Removal (CPR):    0.000ns
  Clock Uncertainty:      0.035ns  ((TSJ^2 + TIJ^2)^1/2 + DJ) / 2 + PE
    Total System Jitter     (TSJ):    0.071ns
    Total Input Jitter      (TIJ):    0.000ns
    Discrete Jitter          (DJ):    0.000ns
    Phase Error              (PE):    0.000ns

    Location             Delay type                Incr(ns)  Path(ns)    Netlist Resource(s)
  -------------------------------------------------------------------    -------------------
                         (clock nvp_vclk1 rise edge)
                                                      0.000     0.000 r  
                         input delay                  6.313     6.313    
    B14                                               0.000     6.313 r  vdo1_data[1] (IN)
                         net (fo=0)                   0.000     6.313    NVP_PHYSICAL_FRONTEND/vdo1_data[1]
    B14                  IBUF (Prop_ibuf_I_O)         0.476     6.789 r  NVP_PHYSICAL_FRONTEND/GEN_VDO1_INGRESS[1].u_vdo_ibuf/O
                         net (fo=1, routed)           0.000     6.789    NVP_PHYSICAL_FRONTEND/vdo1_pad_1
    IDELAY_X0Y80         IDELAYE2 (Prop_idelaye2_IDATAIN_DATAOUT)
                                                      0.305     7.094 r  NVP_PHYSICAL_FRONTEND/GEN_VDO1_INGRESS[1].u_vdo_idelay/DATAOUT
                         net (fo=1, routed)           0.000     7.094    NVP_PHYSICAL_FRONTEND/vdo1_delayed_1
    ILOGIC_X0Y80         IDDR                                         r  NVP_PHYSICAL_FRONTEND/GEN_VDO1_INGRESS[1].u_vdo_iddr/D
  -------------------------------------------------------------------    -------------------

                         (clock nvp_vclk1 rise edge)
                                                      6.734     6.734 r  
    E13                                               0.000     6.734 r  vclk1 (IN)
                         net (fo=0)                   0.000     6.734    NVP_PHYSICAL_FRONTEND/vclk1
    E13                  IBUF (Prop_ibuf_I_O)         0.297     7.031 r  NVP_PHYSICAL_FRONTEND/u_vclk1_ibuf/O
                         net (fo=3, routed)           0.179     7.210    NVP_PHYSICAL_FRONTEND/vclk1_ibuf
    BUFIO_X0Y6           BUFIO (Prop_bufio_I_O)       0.483     7.693 r  NVP_PHYSICAL_FRONTEND/u_vclk1_bufio/O
                         net (fo=8, routed)           0.089     7.782    NVP_PHYSICAL_FRONTEND/vclk1_io
    ILOGIC_X0Y80         IDDR                                         r  NVP_PHYSICAL_FRONTEND/GEN_VDO1_INGRESS[1].u_vdo_iddr/C
                         clock pessimism              0.000     7.782    
                         clock uncertainty           -0.035     7.747    
    ILOGIC_X0Y80         IDDR (Setup_iddr_C_D)       -0.002     7.745    NVP_PHYSICAL_FRONTEND/GEN_VDO1_INGRESS[1].u_vdo_iddr
  -------------------------------------------------------------------
                         required time                          7.745    
                         arrival time                          -7.094    
  -------------------------------------------------------------------
                         slack                                  0.651    

Slack (MET) :             0.651ns  (required time - arrival time)
  Source:                 vdo1_data[1]
                            (input port clocked by nvp_vclk1  {rise@0.000ns fall@3.367ns period=6.734ns})
  Destination:            NVP_PHYSICAL_FRONTEND/GEN_VDO1_INGRESS[1].u_vdo_iddr/D
                            (rising edge-triggered cell IDDR clocked by nvp_vclk1  {rise@0.000ns fall@3.367ns period=6.734ns})
  Path Group:             nvp_vclk1
  Path Type:              Setup (Max at Fast Process Corner)
  Requirement:            6.734ns  (nvp_vclk1 rise@6.734ns - nvp_vclk1 rise@0.000ns)
  Data Path Delay:        0.781ns  (logic 0.781ns (100.000%)  route 0.000ns (0.000%))
  Logic Levels:           2  (IBUF=1 IDELAYE2=1)
  Input Delay:            6.313ns
  Clock Path Skew:        1.048ns (DCD - SCD + CPR)
    Destination Clock Delay (DCD):    1.048ns = ( 7.782 - 6.734 ) 
    Source Clock Delay      (SCD):    0.000ns
    Clock Pessimism Removal (CPR):    0.000ns
  Clock Uncertainty:      0.035ns  ((TSJ^2 + TIJ^2)^1/2 + DJ) / 2 + PE
    Total System Jitter     (TSJ):    0.071ns
    Total Input Jitter      (TIJ):    0.000ns
    Discrete Jitter          (DJ):    0.000ns
    Phase Error              (PE):    0.000ns

    Location             Delay type                Incr(ns)  Path(ns)    Netlist Resource(s)
  -------------------------------------------------------------------    -------------------
                         (clock nvp_vclk1 rise edge)
                                                      0.000     0.000 r  
                         input delay                  6.313     6.313    
    B14                                               0.000     6.313 f  vdo1_data[1] (IN)
                         net (fo=0)                   0.000     6.313    NVP_PHYSICAL_FRONTEND/vdo1_data[1]
    B14                  IBUF (Prop_ibuf_I_O)         0.476     6.789 f  NVP_PHYSICAL_FRONTEND/GEN_VDO1_INGRESS[1].u_vdo_ibuf/O
                         net (fo=1, routed)           0.000     6.789    NVP_PHYSICAL_FRONTEND/vdo1_pad_1
    IDELAY_X0Y80         IDELAYE2 (Prop_idelaye2_IDATAIN_DATAOUT)
                                                      0.305     7.094 f  NVP_PHYSICAL_FRONTEND/GEN_VDO1_INGRESS[1].u_vdo_idelay/DATAOUT
                         net (fo=1, routed)           0.000     7.094    NVP_PHYSICAL_FRONTEND/vdo1_delayed_1
    ILOGIC_X0Y80         IDDR                                         f  NVP_PHYSICAL_FRONTEND/GEN_VDO1_INGRESS[1].u_vdo_iddr/D
  -------------------------------------------------------------------    -------------------

                         (clock nvp_vclk1 rise edge)
                                                      6.734     6.734 r  
    E13                                               0.000     6.734 r  vclk1 (IN)
                         net (fo=0)                   0.000     6.734    NVP_PHYSICAL_FRONTEND/vclk1
    E13                  IBUF (Prop_ibuf_I_O)         0.297     7.031 r  NVP_PHYSICAL_FRONTEND/u_vclk1_ibuf/O
                         net (fo=3, routed)           0.179     7.210    NVP_PHYSICAL_FRONTEND/vclk1_ibuf
    BUFIO_X0Y6           BUFIO (Prop_bufio_I_O)       0.483     7.693 r  NVP_PHYSICAL_FRONTEND/u_vclk1_bufio/O
                         net (fo=8, routed)           0.089     7.782    NVP_PHYSICAL_FRONTEND/vclk1_io
    ILOGIC_X0Y80         IDDR                                         r  NVP_PHYSICAL_FRONTEND/GEN_VDO1_INGRESS[1].u_vdo_iddr/C
                         clock pessimism              0.000     7.782    
                         clock uncertainty           -0.035     7.747    
    ILOGIC_X0Y80         IDDR (Setup_iddr_C_D)       -0.002     7.745    NVP_PHYSICAL_FRONTEND/GEN_VDO1_INGRESS[1].u_vdo_iddr
  -------------------------------------------------------------------
                         required time                          7.745    
                         arrival time                          -7.094    
  -------------------------------------------------------------------
                         slack                                  0.651    

Slack (MET) :             0.653ns  (required time - arrival time)
  Source:                 vdo1_data[7]
                            (input port clocked by nvp_vclk1  {rise@0.000ns fall@3.367ns period=6.734ns})
  Destination:            NVP_PHYSICAL_FRONTEND/GEN_VDO1_INGRESS[7].u_vdo_iddr/D
                            (rising edge-triggered cell IDDR clocked by nvp_vclk1  {rise@0.000ns fall@3.367ns period=6.734ns})
  Path Group:             nvp_vclk1
  Path Type:              Setup (Max at Fast Process Corner)
  Requirement:            6.734ns  (nvp_vclk1 rise@6.734ns - nvp_vclk1 rise@0.000ns)
  Data Path Delay:        0.783ns  (logic 0.783ns (100.000%)  route 0.000ns (0.000%))
  Logic Levels:           2  (IBUF=1 IDELAYE2=1)
  Input Delay:            6.313ns
  Clock Path Skew:        1.053ns (DCD - SCD + CPR)
    Destination Clock Delay (DCD):    1.053ns = ( 7.787 - 6.734 ) 
    Source Clock Delay      (SCD):    0.000ns
    Clock Pessimism Removal (CPR):    0.000ns
  Clock Uncertainty:      0.035ns  ((TSJ^2 + TIJ^2)^1/2 + DJ) / 2 + PE
    Total System Jitter     (TSJ):    0.071ns
    Total Input Jitter      (TIJ):    0.000ns
    Discrete Jitter          (DJ):    0.000ns
    Phase Error              (PE):    0.000ns

    Location             Delay type                Incr(ns)  Path(ns)    Netlist Resource(s)
  -------------------------------------------------------------------    -------------------
                         (clock nvp_vclk1 rise edge)
                                                      0.000     0.000 r  
                         input delay                  6.313     6.313    
    C18                                               0.000     6.313 r  vdo1_data[7] (IN)
                         net (fo=0)                   0.000     6.313    NVP_PHYSICAL_FRONTEND/vdo1_data[7]
    C18                  IBUF (Prop_ibuf_I_O)         0.478     6.791 r  NVP_PHYSICAL_FRONTEND/GEN_VDO1_INGRESS[7].u_vdo_ibuf/O
                         net (fo=1, routed)           0.000     6.791    NVP_PHYSICAL_FRONTEND/vdo1_pad_7
    IDELAY_X0Y63         IDELAYE2 (Prop_idelaye2_IDATAIN_DATAOUT)
                                                      0.305     7.096 r  NVP_PHYSICAL_FRONTEND/GEN_VDO1_INGRESS[7].u_vdo_idelay/DATAOUT
                         net (fo=1, routed)           0.000     7.096    NVP_PHYSICAL_FRONTEND/vdo1_delayed_7
    ILOGIC_X0Y63         IDDR                                         r  NVP_PHYSICAL_FRONTEND/GEN_VDO1_INGRESS[7].u_vdo_iddr/D
  -------------------------------------------------------------------    -------------------

                         (clock nvp_vclk1 rise edge)
                                                      6.734     6.734 r  
    E13                                               0.000     6.734 r  vclk1 (IN)
                         net (fo=0)                   0.000     6.734    NVP_PHYSICAL_FRONTEND/vclk1
    E13                  IBUF (Prop_ibuf_I_O)         0.297     7.031 r  NVP_PHYSICAL_FRONTEND/u_vclk1_ibuf/O
                         net (fo=3, routed)           0.179     7.210    NVP_PHYSICAL_FRONTEND/vclk1_ibuf
    BUFIO_X0Y6           BUFIO (Prop_bufio_I_O)       0.483     7.693 r  NVP_PHYSICAL_FRONTEND/u_vclk1_bufio/O
                         net (fo=8, routed)           0.094     7.787    NVP_PHYSICAL_FRONTEND/vclk1_io
    ILOGIC_X0Y63         IDDR                                         r  NVP_PHYSICAL_FRONTEND/GEN_VDO1_INGRESS[7].u_vdo_iddr/C
                         clock pessimism              0.000     7.787    
                         clock uncertainty           -0.035     7.752    
    ILOGIC_X0Y63         IDDR (Setup_iddr_C_D)       -0.002     7.750    NVP_PHYSICAL_FRONTEND/GEN_VDO1_INGRESS[7].u_vdo_iddr
  -------------------------------------------------------------------
                         required time                          7.750    
                         arrival time                          -7.096    
  -------------------------------------------------------------------
                         slack                                  0.653    

Slack (MET) :             0.653ns  (required time - arrival time)
  Source:                 vdo1_data[7]
                            (input port clocked by nvp_vclk1  {rise@0.000ns fall@3.367ns period=6.734ns})
  Destination:            NVP_PHYSICAL_FRONTEND/GEN_VDO1_INGRESS[7].u_vdo_iddr/D
                            (rising edge-triggered cell IDDR clocked by nvp_vclk1  {rise@0.000ns fall@3.367ns period=6.734ns})
  Path Group:             nvp_vclk1
  Path Type:              Setup (Max at Fast Process Corner)
  Requirement:            6.734ns  (nvp_vclk1 rise@6.734ns - nvp_vclk1 rise@0.000ns)
  Data Path Delay:        0.783ns  (logic 0.783ns (100.000%)  route 0.000ns (0.000%))
  Logic Levels:           2  (IBUF=1 IDELAYE2=1)
  Input Delay:            6.313ns
  Clock Path Skew:        1.053ns (DCD - SCD + CPR)
    Destination Clock Delay (DCD):    1.053ns = ( 7.787 - 6.734 ) 
    Source Clock Delay      (SCD):    0.000ns
    Clock Pessimism Removal (CPR):    0.000ns
  Clock Uncertainty:      0.035ns  ((TSJ^2 + TIJ^2)^1/2 + DJ) / 2 + PE
    Total System Jitter     (TSJ):    0.071ns
    Total Input Jitter      (TIJ):    0.000ns
    Discrete Jitter          (DJ):    0.000ns
    Phase Error              (PE):    0.000ns

    Location             Delay type                Incr(ns)  Path(ns)    Netlist Resource(s)
  -------------------------------------------------------------------    -------------------
                         (clock nvp_vclk1 rise edge)
                                                      0.000     0.000 r  
                         input delay                  6.313     6.313    
    C18                                               0.000     6.313 f  vdo1_data[7] (IN)
                         net (fo=0)                   0.000     6.313    NVP_PHYSICAL_FRONTEND/vdo1_data[7]
    C18                  IBUF (Prop_ibuf_I_O)         0.478     6.791 f  NVP_PHYSICAL_FRONTEND/GEN_VDO1_INGRESS[7].u_vdo_ibuf/O
                         net (fo=1, routed)           0.000     6.791    NVP_PHYSICAL_FRONTEND/vdo1_pad_7
    IDELAY_X0Y63         IDELAYE2 (Prop_idelaye2_IDATAIN_DATAOUT)
                                                      0.305     7.096 f  NVP_PHYSICAL_FRONTEND/GEN_VDO1_INGRESS[7].u_vdo_idelay/DATAOUT
                         net (fo=1, routed)           0.000     7.096    NVP_PHYSICAL_FRONTEND/vdo1_delayed_7
    ILOGIC_X0Y63         IDDR                                         f  NVP_PHYSICAL_FRONTEND/GEN_VDO1_INGRESS[7].u_vdo_iddr/D
  -------------------------------------------------------------------    -------------------

                         (clock nvp_vclk1 rise edge)
                                                      6.734     6.734 r  
    E13                                               0.000     6.734 r  vclk1 (IN)
                         net (fo=0)                   0.000     6.734    NVP_PHYSICAL_FRONTEND/vclk1
    E13                  IBUF (Prop_ibuf_I_O)         0.297     7.031 r  NVP_PHYSICAL_FRONTEND/u_vclk1_ibuf/O
                         net (fo=3, routed)           0.179     7.210    NVP_PHYSICAL_FRONTEND/vclk1_ibuf
    BUFIO_X0Y6           BUFIO (Prop_bufio_I_O)       0.483     7.693 r  NVP_PHYSICAL_FRONTEND/u_vclk1_bufio/O
                         net (fo=8, routed)           0.094     7.787    NVP_PHYSICAL_FRONTEND/vclk1_io
    ILOGIC_X0Y63         IDDR                                         r  NVP_PHYSICAL_FRONTEND/GEN_VDO1_INGRESS[7].u_vdo_iddr/C
                         clock pessimism              0.000     7.787    
                         clock uncertainty           -0.035     7.752    
    ILOGIC_X0Y63         IDDR (Setup_iddr_C_D)       -0.002     7.750    NVP_PHYSICAL_FRONTEND/GEN_VDO1_INGRESS[7].u_vdo_iddr
  -------------------------------------------------------------------
                         required time                          7.750    
                         arrival time                          -7.096    
  -------------------------------------------------------------------
                         slack                                  0.653    

Slack (MET) :             1.405ns  (required time - arrival time)
  Source:                 vdo1_data[0]
                            (input port clocked by nvp_vclk1  {rise@0.000ns fall@3.367ns period=6.734ns})
  Destination:            NVP_PHYSICAL_FRONTEND/GEN_VDO1_INGRESS[0].u_vdo_iddr/D
                            (rising edge-triggered cell IDDR clocked by nvp_vclk1  {rise@0.000ns fall@3.367ns period=6.734ns})
  Path Group:             nvp_vclk1
  Path Type:              Setup (Max at Slow Process Corner)
  Requirement:            6.734ns  (nvp_vclk1 rise@6.734ns - nvp_vclk1 rise@0.000ns)
  Data Path Delay:        2.166ns  (logic 2.166ns (100.000%)  route 0.000ns (0.000%))
  Logic Levels:           2  (IBUF=1 IDELAYE2=1)
  Input Delay:            6.313ns
  Clock Path Skew:        3.198ns (DCD - SCD + CPR)
    Destination Clock Delay (DCD):    3.198ns = ( 9.932 - 6.734 ) 
    Source Clock Delay      (SCD):    0.000ns
    Clock Pessimism Removal (CPR):    0.000ns
  Clock Uncertainty:      0.035ns  ((TSJ^2 + TIJ^2)^1/2 + DJ) / 2 + PE
    Total System Jitter     (TSJ):    0.071ns
    Total Input Jitter      (TIJ):    0.000ns
    Discrete Jitter          (DJ):    0.000ns
    Phase Error              (PE):    0.000ns

    Location             Delay type                Incr(ns)  Path(ns)    Netlist Resource(s)
  -------------------------------------------------------------------    -------------------
                         (clock nvp_vclk1 rise edge)
                                                      0.000     0.000 r  
                         input delay                  6.313     6.313    
    A14                                               0.000     6.313 r  vdo1_data[0] (IN)
                         net (fo=0)                   0.000     6.313    NVP_PHYSICAL_FRONTEND/vdo1_data[0]
    A14                  IBUF (Prop_ibuf_I_O)         1.487     7.800 r  NVP_PHYSICAL_FRONTEND/GEN_VDO1_INGRESS[0].u_vdo_ibuf/O
                         net (fo=1, routed)           0.000     7.800    NVP_PHYSICAL_FRONTEND/vdo1_pad_0
    IDELAY_X0Y83         IDELAYE2 (Prop_idelaye2_IDATAIN_DATAOUT)
                                                      0.679     8.479 r  NVP_PHYSICAL_FRONTEND/GEN_VDO1_INGRESS[0].u_vdo_idelay/DATAOUT
                         net (fo=1, routed)           0.000     8.479    NVP_PHYSICAL_FRONTEND/vdo1_delayed_0
    ILOGIC_X0Y83         IDDR                                         r  NVP_PHYSICAL_FRONTEND/GEN_VDO1_INGRESS[0].u_vdo_iddr/D
  -------------------------------------------------------------------    -------------------

                         (clock nvp_vclk1 rise edge)
                                                      6.734     6.734 r  
    E13                                               0.000     6.734 r  vclk1 (IN)
                         net (fo=0)                   0.000     6.734    NVP_PHYSICAL_FRONTEND/vclk1
    E13                  IBUF (Prop_ibuf_I_O)         1.394     8.128 r  NVP_PHYSICAL_FRONTEND/u_vclk1_ibuf/O
                         net (fo=3, routed)           0.341     8.469    NVP_PHYSICAL_FRONTEND/vclk1_ibuf
    BUFIO_X0Y6           BUFIO (Prop_bufio_I_O)       1.223     9.692 r  NVP_PHYSICAL_FRONTEND/u_vclk1_bufio/O
                         net (fo=8, routed)           0.240     9.932    NVP_PHYSICAL_FRONTEND/vclk1_io
    ILOGIC_X0Y83         IDDR                                         r  NVP_PHYSICAL_FRONTEND/GEN_VDO1_INGRESS[0].u_vdo_iddr/C
                         clock pessimism              0.000     9.932    
                         clock uncertainty           -0.035     9.897    
    ILOGIC_X0Y83         IDDR (Setup_iddr_C_D)       -0.012     9.885    NVP_PHYSICAL_FRONTEND/GEN_VDO1_INGRESS[0].u_vdo_iddr
  -------------------------------------------------------------------
                         required time                          9.885    
                         arrival time                          -8.479    
  -------------------------------------------------------------------
                         slack                                  1.405    

Slack (MET) :             1.405ns  (required time - arrival time)
  Source:                 vdo1_data[0]
                            (input port clocked by nvp_vclk1  {rise@0.000ns fall@3.367ns period=6.734ns})
  Destination:            NVP_PHYSICAL_FRONTEND/GEN_VDO1_INGRESS[0].u_vdo_iddr/D
                            (rising edge-triggered cell IDDR clocked by nvp_vclk1  {rise@0.000ns fall@3.367ns period=6.734ns})
  Path Group:             nvp_vclk1
  Path Type:              Setup (Max at Slow Process Corner)
  Requirement:            6.734ns  (nvp_vclk1 rise@6.734ns - nvp_vclk1 rise@0.000ns)
  Data Path Delay:        2.166ns  (logic 2.166ns (100.000%)  route 0.000ns (0.000%))
  Logic Levels:           2  (IBUF=1 IDELAYE2=1)
  Input Delay:            6.313ns
  Clock Path Skew:        3.198ns (DCD - SCD + CPR)
    Destination Clock Delay (DCD):    3.198ns = ( 9.932 - 6.734 ) 
    Source Clock Delay      (SCD):    0.000ns
    Clock Pessimism Removal (CPR):    0.000ns
  Clock Uncertainty:      0.035ns  ((TSJ^2 + TIJ^2)^1/2 + DJ) / 2 + PE
    Total System Jitter     (TSJ):    0.071ns
    Total Input Jitter      (TIJ):    0.000ns
    Discrete Jitter          (DJ):    0.000ns
    Phase Error              (PE):    0.000ns

    Location             Delay type                Incr(ns)  Path(ns)    Netlist Resource(s)
  -------------------------------------------------------------------    -------------------
                         (clock nvp_vclk1 rise edge)
                                                      0.000     0.000 r  
                         input delay                  6.313     6.313    
    A14                                               0.000     6.313 f  vdo1_data[0] (IN)
                         net (fo=0)                   0.000     6.313    NVP_PHYSICAL_FRONTEND/vdo1_data[0]
    A14                  IBUF (Prop_ibuf_I_O)         1.487     7.800 f  NVP_PHYSICAL_FRONTEND/GEN_VDO1_INGRESS[0].u_vdo_ibuf/O
                         net (fo=1, routed)           0.000     7.800    NVP_PHYSICAL_FRONTEND/vdo1_pad_0
    IDELAY_X0Y83         IDELAYE2 (Prop_idelaye2_IDATAIN_DATAOUT)
                                                      0.679     8.479 f  NVP_PHYSICAL_FRONTEND/GEN_VDO1_INGRESS[0].u_vdo_idelay/DATAOUT
                         net (fo=1, routed)           0.000     8.479    NVP_PHYSICAL_FRONTEND/vdo1_delayed_0
    ILOGIC_X0Y83         IDDR                                         f  NVP_PHYSICAL_FRONTEND/GEN_VDO1_INGRESS[0].u_vdo_iddr/D
  -------------------------------------------------------------------    -------------------

                         (clock nvp_vclk1 rise edge)
                                                      6.734     6.734 r  
    E13                                               0.000     6.734 r  vclk1 (IN)
                         net (fo=0)                   0.000     6.734    NVP_PHYSICAL_FRONTEND/vclk1
    E13                  IBUF (Prop_ibuf_I_O)         1.394     8.128 r  NVP_PHYSICAL_FRONTEND/u_vclk1_ibuf/O
                         net (fo=3, routed)           0.341     8.469    NVP_PHYSICAL_FRONTEND/vclk1_ibuf
    BUFIO_X0Y6           BUFIO (Prop_bufio_I_O)       1.223     9.692 r  NVP_PHYSICAL_FRONTEND/u_vclk1_bufio/O
                         net (fo=8, routed)           0.240     9.932    NVP_PHYSICAL_FRONTEND/vclk1_io
    ILOGIC_X0Y83         IDDR                                         r  NVP_PHYSICAL_FRONTEND/GEN_VDO1_INGRESS[0].u_vdo_iddr/C
                         clock pessimism              0.000     9.932    
                         clock uncertainty           -0.035     9.897    
    ILOGIC_X0Y83         IDDR (Setup_iddr_C_D)       -0.012     9.885    NVP_PHYSICAL_FRONTEND/GEN_VDO1_INGRESS[0].u_vdo_iddr
  -------------------------------------------------------------------
                         required time                          9.885    
                         arrival time                          -8.479    
  -------------------------------------------------------------------
                         slack                                  1.405    

Slack (MET) :             1.423ns  (required time - arrival time)
  Source:                 vdo1_data[2]
                            (input port clocked by nvp_vclk1  {rise@0.000ns fall@3.367ns period=6.734ns})
  Destination:            NVP_PHYSICAL_FRONTEND/GEN_VDO1_INGRESS[2].u_vdo_iddr/D
                            (rising edge-triggered cell IDDR clocked by nvp_vclk1  {rise@0.000ns fall@3.367ns period=6.734ns})
  Path Group:             nvp_vclk1
  Path Type:              Setup (Max at Slow Process Corner)
  Requirement:            6.734ns  (nvp_vclk1 rise@6.734ns - nvp_vclk1 rise@0.000ns)
  Data Path Delay:        2.145ns  (logic 2.145ns (100.000%)  route 0.000ns (0.000%))
  Logic Levels:           2  (IBUF=1 IDELAYE2=1)
  Input Delay:            6.313ns
  Clock Path Skew:        3.195ns (DCD - SCD + CPR)
    Destination Clock Delay (DCD):    3.195ns = ( 9.929 - 6.734 ) 
    Source Clock Delay      (SCD):    0.000ns
    Clock Pessimism Removal (CPR):    0.000ns
  Clock Uncertainty:      0.035ns  ((TSJ^2 + TIJ^2)^1/2 + DJ) / 2 + PE
    Total System Jitter     (TSJ):    0.071ns
    Total Input Jitter      (TIJ):    0.000ns
    Discrete Jitter          (DJ):    0.000ns
    Phase Error              (PE):    0.000ns

    Location             Delay type                Incr(ns)  Path(ns)    Netlist Resource(s)
  -------------------------------------------------------------------    -------------------
                         (clock nvp_vclk1 rise edge)
                                                      0.000     0.000 r  
                         input delay                  6.313     6.313    
    A15                                               0.000     6.313 r  vdo1_data[2] (IN)
                         net (fo=0)                   0.000     6.313    NVP_PHYSICAL_FRONTEND/vdo1_data[2]
    A15                  IBUF (Prop_ibuf_I_O)         1.466     7.779 r  NVP_PHYSICAL_FRONTEND/GEN_VDO1_INGRESS[2].u_vdo_ibuf/O
                         net (fo=1, routed)           0.000     7.779    NVP_PHYSICAL_FRONTEND/vdo1_pad_2
    IDELAY_X0Y79         IDELAYE2 (Prop_idelaye2_IDATAIN_DATAOUT)
                                                      0.679     8.458 r  NVP_PHYSICAL_FRONTEND/GEN_VDO1_INGRESS[2].u_vdo_idelay/DATAOUT
                         net (fo=1, routed)           0.000     8.458    NVP_PHYSICAL_FRONTEND/vdo1_delayed_2
    ILOGIC_X0Y79         IDDR                                         r  NVP_PHYSICAL_FRONTEND/GEN_VDO1_INGRESS[2].u_vdo_iddr/D
  -------------------------------------------------------------------    -------------------

                         (clock nvp_vclk1 rise edge)
                                                      6.734     6.734 r  
    E13                                               0.000     6.734 r  vclk1 (IN)
                         net (fo=0)                   0.000     6.734    NVP_PHYSICAL_FRONTEND/vclk1
    E13                  IBUF (Prop_ibuf_I_O)         1.394     8.128 r  NVP_PHYSICAL_FRONTEND/u_vclk1_ibuf/O
                         net (fo=3, routed)           0.341     8.469    NVP_PHYSICAL_FRONTEND/vclk1_ibuf
    BUFIO_X0Y6           BUFIO (Prop_bufio_I_O)       1.223     9.692 r  NVP_PHYSICAL_FRONTEND/u_vclk1_bufio/O
                         net (fo=8, routed)           0.237     9.929    NVP_PHYSICAL_FRONTEND/vclk1_io
    ILOGIC_X0Y79         IDDR                                         r  NVP_PHYSICAL_FRONTEND/GEN_VDO1_INGRESS[2].u_vdo_iddr/C
                         clock pessimism              0.000     9.929    
                         clock uncertainty           -0.035     9.894    
    ILOGIC_X0Y79         IDDR (Setup_iddr_C_D)       -0.012     9.882    NVP_PHYSICAL_FRONTEND/GEN_VDO1_INGRESS[2].u_vdo_iddr
  -------------------------------------------------------------------
                         required time                          9.882    
                         arrival time                          -8.458    
  -------------------------------------------------------------------
                         slack                                  1.423    

Slack (MET) :             1.423ns  (required time - arrival time)
  Source:                 vdo1_data[2]
                            (input port clocked by nvp_vclk1  {rise@0.000ns fall@3.367ns period=6.734ns})
  Destination:            NVP_PHYSICAL_FRONTEND/GEN_VDO1_INGRESS[2].u_vdo_iddr/D
                            (rising edge-triggered cell IDDR clocked by nvp_vclk1  {rise@0.000ns fall@3.367ns period=6.734ns})
  Path Group:             nvp_vclk1
  Path Type:              Setup (Max at Slow Process Corner)
  Requirement:            6.734ns  (nvp_vclk1 rise@6.734ns - nvp_vclk1 rise@0.000ns)
  Data Path Delay:        2.145ns  (logic 2.145ns (100.000%)  route 0.000ns (0.000%))
  Logic Levels:           2  (IBUF=1 IDELAYE2=1)
  Input Delay:            6.313ns
  Clock Path Skew:        3.195ns (DCD - SCD + CPR)
    Destination Clock Delay (DCD):    3.195ns = ( 9.929 - 6.734 ) 
    Source Clock Delay      (SCD):    0.000ns
    Clock Pessimism Removal (CPR):    0.000ns
  Clock Uncertainty:      0.035ns  ((TSJ^2 + TIJ^2)^1/2 + DJ) / 2 + PE
    Total System Jitter     (TSJ):    0.071ns
    Total Input Jitter      (TIJ):    0.000ns
    Discrete Jitter          (DJ):    0.000ns
    Phase Error              (PE):    0.000ns

    Location             Delay type                Incr(ns)  Path(ns)    Netlist Resource(s)
  -------------------------------------------------------------------    -------------------
                         (clock nvp_vclk1 rise edge)
                                                      0.000     0.000 r  
                         input delay                  6.313     6.313    
    A15                                               0.000     6.313 f  vdo1_data[2] (IN)
                         net (fo=0)                   0.000     6.313    NVP_PHYSICAL_FRONTEND/vdo1_data[2]
    A15                  IBUF (Prop_ibuf_I_O)         1.466     7.779 f  NVP_PHYSICAL_FRONTEND/GEN_VDO1_INGRESS[2].u_vdo_ibuf/O
                         net (fo=1, routed)           0.000     7.779    NVP_PHYSICAL_FRONTEND/vdo1_pad_2
    IDELAY_X0Y79         IDELAYE2 (Prop_idelaye2_IDATAIN_DATAOUT)
                                                      0.679     8.458 f  NVP_PHYSICAL_FRONTEND/GEN_VDO1_INGRESS[2].u_vdo_idelay/DATAOUT
                         net (fo=1, routed)           0.000     8.458    NVP_PHYSICAL_FRONTEND/vdo1_delayed_2
    ILOGIC_X0Y79         IDDR                                         f  NVP_PHYSICAL_FRONTEND/GEN_VDO1_INGRESS[2].u_vdo_iddr/D
  -------------------------------------------------------------------    -------------------

                         (clock nvp_vclk1 rise edge)
                                                      6.734     6.734 r  
    E13                                               0.000     6.734 r  vclk1 (IN)
                         net (fo=0)                   0.000     6.734    NVP_PHYSICAL_FRONTEND/vclk1
    E13                  IBUF (Prop_ibuf_I_O)         1.394     8.128 r  NVP_PHYSICAL_FRONTEND/u_vclk1_ibuf/O
                         net (fo=3, routed)           0.341     8.469    NVP_PHYSICAL_FRONTEND/vclk1_ibuf
    BUFIO_X0Y6           BUFIO (Prop_bufio_I_O)       1.223     9.692 r  NVP_PHYSICAL_FRONTEND/u_vclk1_bufio/O
                         net (fo=8, routed)           0.237     9.929    NVP_PHYSICAL_FRONTEND/vclk1_io
    ILOGIC_X0Y79         IDDR                                         r  NVP_PHYSICAL_FRONTEND/GEN_VDO1_INGRESS[2].u_vdo_iddr/C
                         clock pessimism              0.000     9.929    
                         clock uncertainty           -0.035     9.894    
    ILOGIC_X0Y79         IDDR (Setup_iddr_C_D)       -0.012     9.882    NVP_PHYSICAL_FRONTEND/GEN_VDO1_INGRESS[2].u_vdo_iddr
  -------------------------------------------------------------------
                         required time                          9.882    
                         arrival time                          -8.458    
  -------------------------------------------------------------------
                         slack                                  1.423    

Slack (MET) :             1.430ns  (required time - arrival time)
  Source:                 vdo1_data[5]
                            (input port clocked by nvp_vclk1  {rise@0.000ns fall@3.367ns period=6.734ns})
  Destination:            NVP_PHYSICAL_FRONTEND/GEN_VDO1_INGRESS[5].u_vdo_iddr/D
                            (rising edge-triggered cell IDDR clocked by nvp_vclk1  {rise@0.000ns fall@3.367ns period=6.734ns})
  Path Group:             nvp_vclk1
  Path Type:              Setup (Max at Slow Process Corner)
  Requirement:            6.734ns  (nvp_vclk1 rise@6.734ns - nvp_vclk1 rise@0.000ns)
  Data Path Delay:        2.139ns  (logic 2.139ns (100.000%)  route 0.000ns (0.000%))
  Logic Levels:           2  (IBUF=1 IDELAYE2=1)
  Input Delay:            6.313ns
  Clock Path Skew:        3.195ns (DCD - SCD + CPR)
    Destination Clock Delay (DCD):    3.195ns = ( 9.929 - 6.734 ) 
    Source Clock Delay      (SCD):    0.000ns
    Clock Pessimism Removal (CPR):    0.000ns
  Clock Uncertainty:      0.035ns  ((TSJ^2 + TIJ^2)^1/2 + DJ) / 2 + PE
    Total System Jitter     (TSJ):    0.071ns
    Total Input Jitter      (TIJ):    0.000ns
    Discrete Jitter          (DJ):    0.000ns
    Phase Error              (PE):    0.000ns

    Location             Delay type                Incr(ns)  Path(ns)    Netlist Resource(s)
  -------------------------------------------------------------------    -------------------
                         (clock nvp_vclk1 rise edge)
                                                      0.000     0.000 r  
                         input delay                  6.313     6.313    
    A17                                               0.000     6.313 r  vdo1_data[5] (IN)
                         net (fo=0)                   0.000     6.313    NVP_PHYSICAL_FRONTEND/vdo1_data[5]
    A17                  IBUF (Prop_ibuf_I_O)         1.460     7.773 r  NVP_PHYSICAL_FRONTEND/GEN_VDO1_INGRESS[5].u_vdo_ibuf/O
                         net (fo=1, routed)           0.000     7.773    NVP_PHYSICAL_FRONTEND/vdo1_pad_5
    IDELAY_X0Y69         IDELAYE2 (Prop_idelaye2_IDATAIN_DATAOUT)
                                                      0.679     8.452 r  NVP_PHYSICAL_FRONTEND/GEN_VDO1_INGRESS[5].u_vdo_idelay/DATAOUT
                         net (fo=1, routed)           0.000     8.452    NVP_PHYSICAL_FRONTEND/vdo1_delayed_5
    ILOGIC_X0Y69         IDDR                                         r  NVP_PHYSICAL_FRONTEND/GEN_VDO1_INGRESS[5].u_vdo_iddr/D
  -------------------------------------------------------------------    -------------------

                         (clock nvp_vclk1 rise edge)
                                                      6.734     6.734 r  
    E13                                               0.000     6.734 r  vclk1 (IN)
                         net (fo=0)                   0.000     6.734    NVP_PHYSICAL_FRONTEND/vclk1
    E13                  IBUF (Prop_ibuf_I_O)         1.394     8.128 r  NVP_PHYSICAL_FRONTEND/u_vclk1_ibuf/O
                         net (fo=3, routed)           0.341     8.469    NVP_PHYSICAL_FRONTEND/vclk1_ibuf
    BUFIO_X0Y6           BUFIO (Prop_bufio_I_O)       1.223     9.692 r  NVP_PHYSICAL_FRONTEND/u_vclk1_bufio/O
                         net (fo=8, routed)           0.237     9.929    NVP_PHYSICAL_FRONTEND/vclk1_io
    ILOGIC_X0Y69         IDDR                                         r  NVP_PHYSICAL_FRONTEND/GEN_VDO1_INGRESS[5].u_vdo_iddr/C
                         clock pessimism              0.000     9.929    
                         clock uncertainty           -0.035     9.894    
    ILOGIC_X0Y69         IDDR (Setup_iddr_C_D)       -0.012     9.882    NVP_PHYSICAL_FRONTEND/GEN_VDO1_INGRESS[5].u_vdo_iddr
  -------------------------------------------------------------------
                         required time                          9.882    
                         arrival time                          -8.452    
  -------------------------------------------------------------------
                         slack                                  1.430    

Slack (MET) :             1.430ns  (required time - arrival time)
  Source:                 vdo1_data[5]
                            (input port clocked by nvp_vclk1  {rise@0.000ns fall@3.367ns period=6.734ns})
  Destination:            NVP_PHYSICAL_FRONTEND/GEN_VDO1_INGRESS[5].u_vdo_iddr/D
                            (rising edge-triggered cell IDDR clocked by nvp_vclk1  {rise@0.000ns fall@3.367ns period=6.734ns})
  Path Group:             nvp_vclk1
  Path Type:              Setup (Max at Slow Process Corner)
  Requirement:            6.734ns  (nvp_vclk1 rise@6.734ns - nvp_vclk1 rise@0.000ns)
  Data Path Delay:        2.139ns  (logic 2.139ns (100.000%)  route 0.000ns (0.000%))
  Logic Levels:           2  (IBUF=1 IDELAYE2=1)
  Input Delay:            6.313ns
  Clock Path Skew:        3.195ns (DCD - SCD + CPR)
    Destination Clock Delay (DCD):    3.195ns = ( 9.929 - 6.734 ) 
    Source Clock Delay      (SCD):    0.000ns
    Clock Pessimism Removal (CPR):    0.000ns
  Clock Uncertainty:      0.035ns  ((TSJ^2 + TIJ^2)^1/2 + DJ) / 2 + PE
    Total System Jitter     (TSJ):    0.071ns
    Total Input Jitter      (TIJ):    0.000ns
    Discrete Jitter          (DJ):    0.000ns
    Phase Error              (PE):    0.000ns

    Location             Delay type                Incr(ns)  Path(ns)    Netlist Resource(s)
  -------------------------------------------------------------------    -------------------
                         (clock nvp_vclk1 rise edge)
                                                      0.000     0.000 r  
                         input delay                  6.313     6.313    
    A17                                               0.000     6.313 f  vdo1_data[5] (IN)
                         net (fo=0)                   0.000     6.313    NVP_PHYSICAL_FRONTEND/vdo1_data[5]
    A17                  IBUF (Prop_ibuf_I_O)         1.460     7.773 f  NVP_PHYSICAL_FRONTEND/GEN_VDO1_INGRESS[5].u_vdo_ibuf/O
                         net (fo=1, routed)           0.000     7.773    NVP_PHYSICAL_FRONTEND/vdo1_pad_5
    IDELAY_X0Y69         IDELAYE2 (Prop_idelaye2_IDATAIN_DATAOUT)
                                                      0.679     8.452 f  NVP_PHYSICAL_FRONTEND/GEN_VDO1_INGRESS[5].u_vdo_idelay/DATAOUT
                         net (fo=1, routed)           0.000     8.452    NVP_PHYSICAL_FRONTEND/vdo1_delayed_5
    ILOGIC_X0Y69         IDDR                                         f  NVP_PHYSICAL_FRONTEND/GEN_VDO1_INGRESS[5].u_vdo_iddr/D
  -------------------------------------------------------------------    -------------------

                         (clock nvp_vclk1 rise edge)
                                                      6.734     6.734 r  
    E13                                               0.000     6.734 r  vclk1 (IN)
                         net (fo=0)                   0.000     6.734    NVP_PHYSICAL_FRONTEND/vclk1
    E13                  IBUF (Prop_ibuf_I_O)         1.394     8.128 r  NVP_PHYSICAL_FRONTEND/u_vclk1_ibuf/O
                         net (fo=3, routed)           0.341     8.469    NVP_PHYSICAL_FRONTEND/vclk1_ibuf
    BUFIO_X0Y6           BUFIO (Prop_bufio_I_O)       1.223     9.692 r  NVP_PHYSICAL_FRONTEND/u_vclk1_bufio/O
                         net (fo=8, routed)           0.237     9.929    NVP_PHYSICAL_FRONTEND/vclk1_io
    ILOGIC_X0Y69         IDDR                                         r  NVP_PHYSICAL_FRONTEND/GEN_VDO1_INGRESS[5].u_vdo_iddr/C
                         clock pessimism              0.000     9.929    
                         clock uncertainty           -0.035     9.894    
    ILOGIC_X0Y69         IDDR (Setup_iddr_C_D)       -0.012     9.882    NVP_PHYSICAL_FRONTEND/GEN_VDO1_INGRESS[5].u_vdo_iddr
  -------------------------------------------------------------------
                         required time                          9.882    
                         arrival time                          -8.452    
  -------------------------------------------------------------------
                         slack                                  1.430    

Slack (MET) :             1.430ns  (required time - arrival time)
  Source:                 vdo1_data[6]
                            (input port clocked by nvp_vclk1  {rise@0.000ns fall@3.367ns period=6.734ns})
  Destination:            NVP_PHYSICAL_FRONTEND/GEN_VDO1_INGRESS[6].u_vdo_iddr/D
                            (rising edge-triggered cell IDDR clocked by nvp_vclk1  {rise@0.000ns fall@3.367ns period=6.734ns})
  Path Group:             nvp_vclk1
  Path Type:              Setup (Max at Slow Process Corner)
  Requirement:            6.734ns  (nvp_vclk1 rise@6.734ns - nvp_vclk1 rise@0.000ns)
  Data Path Delay:        2.141ns  (logic 2.141ns (100.000%)  route 0.000ns (0.000%))
  Logic Levels:           2  (IBUF=1 IDELAYE2=1)
  Input Delay:            6.313ns
  Clock Path Skew:        3.197ns (DCD - SCD + CPR)
    Destination Clock Delay (DCD):    3.197ns = ( 9.931 - 6.734 ) 
    Source Clock Delay      (SCD):    0.000ns
    Clock Pessimism Removal (CPR):    0.000ns
  Clock Uncertainty:      0.035ns  ((TSJ^2 + TIJ^2)^1/2 + DJ) / 2 + PE
    Total System Jitter     (TSJ):    0.071ns
    Total Input Jitter      (TIJ):    0.000ns
    Discrete Jitter          (DJ):    0.000ns
    Phase Error              (PE):    0.000ns

    Location             Delay type                Incr(ns)  Path(ns)    Netlist Resource(s)
  -------------------------------------------------------------------    -------------------
                         (clock nvp_vclk1 rise edge)
                                                      0.000     0.000 r  
                         input delay                  6.313     6.313    
    B17                                               0.000     6.313 r  vdo1_data[6] (IN)
                         net (fo=0)                   0.000     6.313    NVP_PHYSICAL_FRONTEND/vdo1_data[6]
    B17                  IBUF (Prop_ibuf_I_O)         1.462     7.775 r  NVP_PHYSICAL_FRONTEND/GEN_VDO1_INGRESS[6].u_vdo_ibuf/O
                         net (fo=1, routed)           0.000     7.775    NVP_PHYSICAL_FRONTEND/vdo1_pad_6
    IDELAY_X0Y67         IDELAYE2 (Prop_idelaye2_IDATAIN_DATAOUT)
                                                      0.679     8.454 r  NVP_PHYSICAL_FRONTEND/GEN_VDO1_INGRESS[6].u_vdo_idelay/DATAOUT
                         net (fo=1, routed)           0.000     8.454    NVP_PHYSICAL_FRONTEND/vdo1_delayed_6
    ILOGIC_X0Y67         IDDR                                         r  NVP_PHYSICAL_FRONTEND/GEN_VDO1_INGRESS[6].u_vdo_iddr/D
  -------------------------------------------------------------------    -------------------

                         (clock nvp_vclk1 rise edge)
                                                      6.734     6.734 r  
    E13                                               0.000     6.734 r  vclk1 (IN)
                         net (fo=0)                   0.000     6.734    NVP_PHYSICAL_FRONTEND/vclk1
    E13                  IBUF (Prop_ibuf_I_O)         1.394     8.128 r  NVP_PHYSICAL_FRONTEND/u_vclk1_ibuf/O
                         net (fo=3, routed)           0.341     8.469    NVP_PHYSICAL_FRONTEND/vclk1_ibuf
    BUFIO_X0Y6           BUFIO (Prop_bufio_I_O)       1.223     9.692 r  NVP_PHYSICAL_FRONTEND/u_vclk1_bufio/O
                         net (fo=8, routed)           0.239     9.931    NVP_PHYSICAL_FRONTEND/vclk1_io
    ILOGIC_X0Y67         IDDR                                         r  NVP_PHYSICAL_FRONTEND/GEN_VDO1_INGRESS[6].u_vdo_iddr/C
                         clock pessimism              0.000     9.931    
                         clock uncertainty           -0.035     9.896    
    ILOGIC_X0Y67         IDDR (Setup_iddr_C_D)       -0.012     9.884    NVP_PHYSICAL_FRONTEND/GEN_VDO1_INGRESS[6].u_vdo_iddr
  -------------------------------------------------------------------
                         required time                          9.884    
                         arrival time                          -8.454    
  -------------------------------------------------------------------
                         slack                                  1.430    

Slack (MET) :             1.430ns  (required time - arrival time)
  Source:                 vdo1_data[6]
                            (input port clocked by nvp_vclk1  {rise@0.000ns fall@3.367ns period=6.734ns})
  Destination:            NVP_PHYSICAL_FRONTEND/GEN_VDO1_INGRESS[6].u_vdo_iddr/D
                            (rising edge-triggered cell IDDR clocked by nvp_vclk1  {rise@0.000ns fall@3.367ns period=6.734ns})
  Path Group:             nvp_vclk1
  Path Type:              Setup (Max at Slow Process Corner)
  Requirement:            6.734ns  (nvp_vclk1 rise@6.734ns - nvp_vclk1 rise@0.000ns)
  Data Path Delay:        2.141ns  (logic 2.141ns (100.000%)  route 0.000ns (0.000%))
  Logic Levels:           2  (IBUF=1 IDELAYE2=1)
  Input Delay:            6.313ns
  Clock Path Skew:        3.197ns (DCD - SCD + CPR)
    Destination Clock Delay (DCD):    3.197ns = ( 9.931 - 6.734 ) 
    Source Clock Delay      (SCD):    0.000ns
    Clock Pessimism Removal (CPR):    0.000ns
  Clock Uncertainty:      0.035ns  ((TSJ^2 + TIJ^2)^1/2 + DJ) / 2 + PE
    Total System Jitter     (TSJ):    0.071ns
    Total Input Jitter      (TIJ):    0.000ns
    Discrete Jitter          (DJ):    0.000ns
    Phase Error              (PE):    0.000ns

    Location             Delay type                Incr(ns)  Path(ns)    Netlist Resource(s)
  -------------------------------------------------------------------    -------------------
                         (clock nvp_vclk1 rise edge)
                                                      0.000     0.000 r  
                         input delay                  6.313     6.313    
    B17                                               0.000     6.313 f  vdo1_data[6] (IN)
                         net (fo=0)                   0.000     6.313    NVP_PHYSICAL_FRONTEND/vdo1_data[6]
    B17                  IBUF (Prop_ibuf_I_O)         1.462     7.775 f  NVP_PHYSICAL_FRONTEND/GEN_VDO1_INGRESS[6].u_vdo_ibuf/O
                         net (fo=1, routed)           0.000     7.775    NVP_PHYSICAL_FRONTEND/vdo1_pad_6
    IDELAY_X0Y67         IDELAYE2 (Prop_idelaye2_IDATAIN_DATAOUT)
                                                      0.679     8.454 f  NVP_PHYSICAL_FRONTEND/GEN_VDO1_INGRESS[6].u_vdo_idelay/DATAOUT
                         net (fo=1, routed)           0.000     8.454    NVP_PHYSICAL_FRONTEND/vdo1_delayed_6
    ILOGIC_X0Y67         IDDR                                         f  NVP_PHYSICAL_FRONTEND/GEN_VDO1_INGRESS[6].u_vdo_iddr/D
  -------------------------------------------------------------------    -------------------

                         (clock nvp_vclk1 rise edge)
                                                      6.734     6.734 r  
    E13                                               0.000     6.734 r  vclk1 (IN)
                         net (fo=0)                   0.000     6.734    NVP_PHYSICAL_FRONTEND/vclk1
    E13                  IBUF (Prop_ibuf_I_O)         1.394     8.128 r  NVP_PHYSICAL_FRONTEND/u_vclk1_ibuf/O
                         net (fo=3, routed)           0.341     8.469    NVP_PHYSICAL_FRONTEND/vclk1_ibuf
    BUFIO_X0Y6           BUFIO (Prop_bufio_I_O)       1.223     9.692 r  NVP_PHYSICAL_FRONTEND/u_vclk1_bufio/O
                         net (fo=8, routed)           0.239     9.931    NVP_PHYSICAL_FRONTEND/vclk1_io
    ILOGIC_X0Y67         IDDR                                         r  NVP_PHYSICAL_FRONTEND/GEN_VDO1_INGRESS[6].u_vdo_iddr/C
                         clock pessimism              0.000     9.931    
                         clock uncertainty           -0.035     9.896    
    ILOGIC_X0Y67         IDDR (Setup_iddr_C_D)       -0.012     9.884    NVP_PHYSICAL_FRONTEND/GEN_VDO1_INGRESS[6].u_vdo_iddr
  -------------------------------------------------------------------
                         required time                          9.884    
                         arrival time                          -8.454    
  -------------------------------------------------------------------
                         slack                                  1.430    

Slack (MET) :             1.430ns  (required time - arrival time)
  Source:                 vdo1_data[4]
                            (input port clocked by nvp_vclk1  {rise@0.000ns fall@3.367ns period=6.734ns})
  Destination:            NVP_PHYSICAL_FRONTEND/GEN_VDO1_INGRESS[4].u_vdo_iddr/D
                            (rising edge-triggered cell IDDR clocked by nvp_vclk1  {rise@0.000ns fall@3.367ns period=6.734ns})
  Path Group:             nvp_vclk1
  Path Type:              Setup (Max at Slow Process Corner)
  Requirement:            6.734ns  (nvp_vclk1 rise@6.734ns - nvp_vclk1 rise@0.000ns)
  Data Path Delay:        2.138ns  (logic 2.138ns (100.000%)  route 0.000ns (0.000%))
  Logic Levels:           2  (IBUF=1 IDELAYE2=1)
  Input Delay:            6.313ns
  Clock Path Skew:        3.195ns (DCD - SCD + CPR)
    Destination Clock Delay (DCD):    3.195ns = ( 9.929 - 6.734 ) 
    Source Clock Delay      (SCD):    0.000ns
    Clock Pessimism Removal (CPR):    0.000ns
  Clock Uncertainty:      0.035ns  ((TSJ^2 + TIJ^2)^1/2 + DJ) / 2 + PE
    Total System Jitter     (TSJ):    0.071ns
    Total Input Jitter      (TIJ):    0.000ns
    Discrete Jitter          (DJ):    0.000ns
    Phase Error              (PE):    0.000ns

    Location             Delay type                Incr(ns)  Path(ns)    Netlist Resource(s)
  -------------------------------------------------------------------    -------------------
                         (clock nvp_vclk1 rise edge)
                                                      0.000     0.000 r  
                         input delay                  6.313     6.313    
    B16                                               0.000     6.313 r  vdo1_data[4] (IN)
                         net (fo=0)                   0.000     6.313    NVP_PHYSICAL_FRONTEND/vdo1_data[4]
    B16                  IBUF (Prop_ibuf_I_O)         1.459     7.772 r  NVP_PHYSICAL_FRONTEND/GEN_VDO1_INGRESS[4].u_vdo_ibuf/O
                         net (fo=1, routed)           0.000     7.772    NVP_PHYSICAL_FRONTEND/vdo1_pad_4
    IDELAY_X0Y70         IDELAYE2 (Prop_idelaye2_IDATAIN_DATAOUT)
                                                      0.679     8.451 r  NVP_PHYSICAL_FRONTEND/GEN_VDO1_INGRESS[4].u_vdo_idelay/DATAOUT
                         net (fo=1, routed)           0.000     8.451    NVP_PHYSICAL_FRONTEND/vdo1_delayed_4
    ILOGIC_X0Y70         IDDR                                         r  NVP_PHYSICAL_FRONTEND/GEN_VDO1_INGRESS[4].u_vdo_iddr/D
  -------------------------------------------------------------------    -------------------

                         (clock nvp_vclk1 rise edge)
                                                      6.734     6.734 r  
    E13                                               0.000     6.734 r  vclk1 (IN)
                         net (fo=0)                   0.000     6.734    NVP_PHYSICAL_FRONTEND/vclk1
    E13                  IBUF (Prop_ibuf_I_O)         1.394     8.128 r  NVP_PHYSICAL_FRONTEND/u_vclk1_ibuf/O
                         net (fo=3, routed)           0.341     8.469    NVP_PHYSICAL_FRONTEND/vclk1_ibuf
    BUFIO_X0Y6           BUFIO (Prop_bufio_I_O)       1.223     9.692 r  NVP_PHYSICAL_FRONTEND/u_vclk1_bufio/O
                         net (fo=8, routed)           0.237     9.929    NVP_PHYSICAL_FRONTEND/vclk1_io
    ILOGIC_X0Y70         IDDR                                         r  NVP_PHYSICAL_FRONTEND/GEN_VDO1_INGRESS[4].u_vdo_iddr/C
                         clock pessimism              0.000     9.929    
                         clock uncertainty           -0.035     9.894    
    ILOGIC_X0Y70         IDDR (Setup_iddr_C_D)       -0.012     9.882    NVP_PHYSICAL_FRONTEND/GEN_VDO1_INGRESS[4].u_vdo_iddr
  -------------------------------------------------------------------
                         required time                          9.882    
                         arrival time                          -8.451    
  -------------------------------------------------------------------
                         slack                                  1.430    

Slack (MET) :             1.430ns  (required time - arrival time)
  Source:                 vdo1_data[4]
                            (input port clocked by nvp_vclk1  {rise@0.000ns fall@3.367ns period=6.734ns})
  Destination:            NVP_PHYSICAL_FRONTEND/GEN_VDO1_INGRESS[4].u_vdo_iddr/D
                            (rising edge-triggered cell IDDR clocked by nvp_vclk1  {rise@0.000ns fall@3.367ns period=6.734ns})
  Path Group:             nvp_vclk1
  Path Type:              Setup (Max at Slow Process Corner)
  Requirement:            6.734ns  (nvp_vclk1 rise@6.734ns - nvp_vclk1 rise@0.000ns)
  Data Path Delay:        2.138ns  (logic 2.138ns (100.000%)  route 0.000ns (0.000%))
  Logic Levels:           2  (IBUF=1 IDELAYE2=1)
  Input Delay:            6.313ns
  Clock Path Skew:        3.195ns (DCD - SCD + CPR)
    Destination Clock Delay (DCD):    3.195ns = ( 9.929 - 6.734 ) 
    Source Clock Delay      (SCD):    0.000ns
    Clock Pessimism Removal (CPR):    0.000ns
  Clock Uncertainty:      0.035ns  ((TSJ^2 + TIJ^2)^1/2 + DJ) / 2 + PE
    Total System Jitter     (TSJ):    0.071ns
    Total Input Jitter      (TIJ):    0.000ns
    Discrete Jitter          (DJ):    0.000ns
    Phase Error              (PE):    0.000ns

    Location             Delay type                Incr(ns)  Path(ns)    Netlist Resource(s)
  -------------------------------------------------------------------    -------------------
                         (clock nvp_vclk1 rise edge)
                                                      0.000     0.000 r  
                         input delay                  6.313     6.313    
    B16                                               0.000     6.313 f  vdo1_data[4] (IN)
                         net (fo=0)                   0.000     6.313    NVP_PHYSICAL_FRONTEND/vdo1_data[4]
    B16                  IBUF (Prop_ibuf_I_O)         1.459     7.772 f  NVP_PHYSICAL_FRONTEND/GEN_VDO1_INGRESS[4].u_vdo_ibuf/O
                         net (fo=1, routed)           0.000     7.772    NVP_PHYSICAL_FRONTEND/vdo1_pad_4
    IDELAY_X0Y70         IDELAYE2 (Prop_idelaye2_IDATAIN_DATAOUT)
                                                      0.679     8.451 f  NVP_PHYSICAL_FRONTEND/GEN_VDO1_INGRESS[4].u_vdo_idelay/DATAOUT
                         net (fo=1, routed)           0.000     8.451    NVP_PHYSICAL_FRONTEND/vdo1_delayed_4
    ILOGIC_X0Y70         IDDR                                         f  NVP_PHYSICAL_FRONTEND/GEN_VDO1_INGRESS[4].u_vdo_iddr/D
  -------------------------------------------------------------------    -------------------

                         (clock nvp_vclk1 rise edge)
                                                      6.734     6.734 r  
    E13                                               0.000     6.734 r  vclk1 (IN)
                         net (fo=0)                   0.000     6.734    NVP_PHYSICAL_FRONTEND/vclk1
    E13                  IBUF (Prop_ibuf_I_O)         1.394     8.128 r  NVP_PHYSICAL_FRONTEND/u_vclk1_ibuf/O
                         net (fo=3, routed)           0.341     8.469    NVP_PHYSICAL_FRONTEND/vclk1_ibuf
    BUFIO_X0Y6           BUFIO (Prop_bufio_I_O)       1.223     9.692 r  NVP_PHYSICAL_FRONTEND/u_vclk1_bufio/O
                         net (fo=8, routed)           0.237     9.929    NVP_PHYSICAL_FRONTEND/vclk1_io
    ILOGIC_X0Y70         IDDR                                         r  NVP_PHYSICAL_FRONTEND/GEN_VDO1_INGRESS[4].u_vdo_iddr/C
                         clock pessimism              0.000     9.929    
                         clock uncertainty           -0.035     9.894    
    ILOGIC_X0Y70         IDDR (Setup_iddr_C_D)       -0.012     9.882    NVP_PHYSICAL_FRONTEND/GEN_VDO1_INGRESS[4].u_vdo_iddr
  -------------------------------------------------------------------
                         required time                          9.882    
                         arrival time                          -8.451    
  -------------------------------------------------------------------
                         slack                                  1.430    

Slack (MET) :             1.437ns  (required time - arrival time)
  Source:                 vdo1_data[3]
                            (input port clocked by nvp_vclk1  {rise@0.000ns fall@3.367ns period=6.734ns})
  Destination:            NVP_PHYSICAL_FRONTEND/GEN_VDO1_INGRESS[3].u_vdo_iddr/D
                            (rising edge-triggered cell IDDR clocked by nvp_vclk1  {rise@0.000ns fall@3.367ns period=6.734ns})
  Path Group:             nvp_vclk1
  Path Type:              Setup (Max at Slow Process Corner)
  Requirement:            6.734ns  (nvp_vclk1 rise@6.734ns - nvp_vclk1 rise@0.000ns)
  Data Path Delay:        2.134ns  (logic 2.134ns (100.000%)  route 0.000ns (0.000%))
  Logic Levels:           2  (IBUF=1 IDELAYE2=1)
  Input Delay:            6.313ns
  Clock Path Skew:        3.197ns (DCD - SCD + CPR)
    Destination Clock Delay (DCD):    3.197ns = ( 9.931 - 6.734 ) 
    Source Clock Delay      (SCD):    0.000ns
    Clock Pessimism Removal (CPR):    0.000ns
  Clock Uncertainty:      0.035ns  ((TSJ^2 + TIJ^2)^1/2 + DJ) / 2 + PE
    Total System Jitter     (TSJ):    0.071ns
    Total Input Jitter      (TIJ):    0.000ns
    Discrete Jitter          (DJ):    0.000ns
    Phase Error              (PE):    0.000ns

    Location             Delay type                Incr(ns)  Path(ns)    Netlist Resource(s)
  -------------------------------------------------------------------    -------------------
                         (clock nvp_vclk1 rise edge)
                                                      0.000     0.000 r  
                         input delay                  6.313     6.313    
    B15                                               0.000     6.313 r  vdo1_data[3] (IN)
                         net (fo=0)                   0.000     6.313    NVP_PHYSICAL_FRONTEND/vdo1_data[3]
    B15                  IBUF (Prop_ibuf_I_O)         1.455     7.768 r  NVP_PHYSICAL_FRONTEND/GEN_VDO1_INGRESS[3].u_vdo_ibuf/O
                         net (fo=1, routed)           0.000     7.768    NVP_PHYSICAL_FRONTEND/vdo1_pad_3
    IDELAY_X0Y81         IDELAYE2 (Prop_idelaye2_IDATAIN_DATAOUT)
                                                      0.679     8.447 r  NVP_PHYSICAL_FRONTEND/GEN_VDO1_INGRESS[3].u_vdo_idelay/DATAOUT
                         net (fo=1, routed)           0.000     8.447    NVP_PHYSICAL_FRONTEND/vdo1_delayed_3
    ILOGIC_X0Y81         IDDR                                         r  NVP_PHYSICAL_FRONTEND/GEN_VDO1_INGRESS[3].u_vdo_iddr/D
  -------------------------------------------------------------------    -------------------

                         (clock nvp_vclk1 rise edge)
                                                      6.734     6.734 r  
    E13                                               0.000     6.734 r  vclk1 (IN)
                         net (fo=0)                   0.000     6.734    NVP_PHYSICAL_FRONTEND/vclk1
    E13                  IBUF (Prop_ibuf_I_O)         1.394     8.128 r  NVP_PHYSICAL_FRONTEND/u_vclk1_ibuf/O
                         net (fo=3, routed)           0.341     8.469    NVP_PHYSICAL_FRONTEND/vclk1_ibuf
    BUFIO_X0Y6           BUFIO (Prop_bufio_I_O)       1.223     9.692 r  NVP_PHYSICAL_FRONTEND/u_vclk1_bufio/O
                         net (fo=8, routed)           0.239     9.931    NVP_PHYSICAL_FRONTEND/vclk1_io
    ILOGIC_X0Y81         IDDR                                         r  NVP_PHYSICAL_FRONTEND/GEN_VDO1_INGRESS[3].u_vdo_iddr/C
                         clock pessimism              0.000     9.931    
                         clock uncertainty           -0.035     9.896    
    ILOGIC_X0Y81         IDDR (Setup_iddr_C_D)       -0.012     9.884    NVP_PHYSICAL_FRONTEND/GEN_VDO1_INGRESS[3].u_vdo_iddr
  -------------------------------------------------------------------
                         required time                          9.884    
                         arrival time                          -8.447    
  -------------------------------------------------------------------
                         slack                                  1.437    

Slack (MET) :             1.437ns  (required time - arrival time)
  Source:                 vdo1_data[3]
                            (input port clocked by nvp_vclk1  {rise@0.000ns fall@3.367ns period=6.734ns})
  Destination:            NVP_PHYSICAL_FRONTEND/GEN_VDO1_INGRESS[3].u_vdo_iddr/D
                            (rising edge-triggered cell IDDR clocked by nvp_vclk1  {rise@0.000ns fall@3.367ns period=6.734ns})
  Path Group:             nvp_vclk1
  Path Type:              Setup (Max at Slow Process Corner)
  Requirement:            6.734ns  (nvp_vclk1 rise@6.734ns - nvp_vclk1 rise@0.000ns)
  Data Path Delay:        2.134ns  (logic 2.134ns (100.000%)  route 0.000ns (0.000%))
  Logic Levels:           2  (IBUF=1 IDELAYE2=1)
  Input Delay:            6.313ns
  Clock Path Skew:        3.197ns (DCD - SCD + CPR)
    Destination Clock Delay (DCD):    3.197ns = ( 9.931 - 6.734 ) 
    Source Clock Delay      (SCD):    0.000ns
    Clock Pessimism Removal (CPR):    0.000ns
  Clock Uncertainty:      0.035ns  ((TSJ^2 + TIJ^2)^1/2 + DJ) / 2 + PE
    Total System Jitter     (TSJ):    0.071ns
    Total Input Jitter      (TIJ):    0.000ns
    Discrete Jitter          (DJ):    0.000ns
    Phase Error              (PE):    0.000ns

    Location             Delay type                Incr(ns)  Path(ns)    Netlist Resource(s)
  -------------------------------------------------------------------    -------------------
                         (clock nvp_vclk1 rise edge)
                                                      0.000     0.000 r  
                         input delay                  6.313     6.313    
    B15                                               0.000     6.313 f  vdo1_data[3] (IN)
                         net (fo=0)                   0.000     6.313    NVP_PHYSICAL_FRONTEND/vdo1_data[3]
    B15                  IBUF (Prop_ibuf_I_O)         1.455     7.768 f  NVP_PHYSICAL_FRONTEND/GEN_VDO1_INGRESS[3].u_vdo_ibuf/O
                         net (fo=1, routed)           0.000     7.768    NVP_PHYSICAL_FRONTEND/vdo1_pad_3
    IDELAY_X0Y81         IDELAYE2 (Prop_idelaye2_IDATAIN_DATAOUT)
                                                      0.679     8.447 f  NVP_PHYSICAL_FRONTEND/GEN_VDO1_INGRESS[3].u_vdo_idelay/DATAOUT
                         net (fo=1, routed)           0.000     8.447    NVP_PHYSICAL_FRONTEND/vdo1_delayed_3
    ILOGIC_X0Y81         IDDR                                         f  NVP_PHYSICAL_FRONTEND/GEN_VDO1_INGRESS[3].u_vdo_iddr/D
  -------------------------------------------------------------------    -------------------

                         (clock nvp_vclk1 rise edge)
                                                      6.734     6.734 r  
    E13                                               0.000     6.734 r  vclk1 (IN)
                         net (fo=0)                   0.000     6.734    NVP_PHYSICAL_FRONTEND/vclk1
    E13                  IBUF (Prop_ibuf_I_O)         1.394     8.128 r  NVP_PHYSICAL_FRONTEND/u_vclk1_ibuf/O
                         net (fo=3, routed)           0.341     8.469    NVP_PHYSICAL_FRONTEND/vclk1_ibuf
    BUFIO_X0Y6           BUFIO (Prop_bufio_I_O)       1.223     9.692 r  NVP_PHYSICAL_FRONTEND/u_vclk1_bufio/O
                         net (fo=8, routed)           0.239     9.931    NVP_PHYSICAL_FRONTEND/vclk1_io
    ILOGIC_X0Y81         IDDR                                         r  NVP_PHYSICAL_FRONTEND/GEN_VDO1_INGRESS[3].u_vdo_iddr/C
                         clock pessimism              0.000     9.931    
                         clock uncertainty           -0.035     9.896    
    ILOGIC_X0Y81         IDDR (Setup_iddr_C_D)       -0.012     9.884    NVP_PHYSICAL_FRONTEND/GEN_VDO1_INGRESS[3].u_vdo_iddr
  -------------------------------------------------------------------
                         required time                          9.884    
                         arrival time                          -8.447    
  -------------------------------------------------------------------
                         slack                                  1.437    

Slack (MET) :             1.438ns  (required time - arrival time)
  Source:                 vdo1_data[1]
                            (input port clocked by nvp_vclk1  {rise@0.000ns fall@3.367ns period=6.734ns})
  Destination:            NVP_PHYSICAL_FRONTEND/GEN_VDO1_INGRESS[1].u_vdo_iddr/D
                            (rising edge-triggered cell IDDR clocked by nvp_vclk1  {rise@0.000ns fall@3.367ns period=6.734ns})
  Path Group:             nvp_vclk1
  Path Type:              Setup (Max at Slow Process Corner)
  Requirement:            6.734ns  (nvp_vclk1 rise@6.734ns - nvp_vclk1 rise@0.000ns)
  Data Path Delay:        2.130ns  (logic 2.130ns (100.000%)  route 0.000ns (0.000%))
  Logic Levels:           2  (IBUF=1 IDELAYE2=1)
  Input Delay:            6.313ns
  Clock Path Skew:        3.195ns (DCD - SCD + CPR)
    Destination Clock Delay (DCD):    3.195ns = ( 9.929 - 6.734 ) 
    Source Clock Delay      (SCD):    0.000ns
    Clock Pessimism Removal (CPR):    0.000ns
  Clock Uncertainty:      0.035ns  ((TSJ^2 + TIJ^2)^1/2 + DJ) / 2 + PE
    Total System Jitter     (TSJ):    0.071ns
    Total Input Jitter      (TIJ):    0.000ns
    Discrete Jitter          (DJ):    0.000ns
    Phase Error              (PE):    0.000ns

    Location             Delay type                Incr(ns)  Path(ns)    Netlist Resource(s)
  -------------------------------------------------------------------    -------------------
                         (clock nvp_vclk1 rise edge)
                                                      0.000     0.000 r  
                         input delay                  6.313     6.313    
    B14                                               0.000     6.313 r  vdo1_data[1] (IN)
                         net (fo=0)                   0.000     6.313    NVP_PHYSICAL_FRONTEND/vdo1_data[1]
    B14                  IBUF (Prop_ibuf_I_O)         1.451     7.764 r  NVP_PHYSICAL_FRONTEND/GEN_VDO1_INGRESS[1].u_vdo_ibuf/O
                         net (fo=1, routed)           0.000     7.764    NVP_PHYSICAL_FRONTEND/vdo1_pad_1
    IDELAY_X0Y80         IDELAYE2 (Prop_idelaye2_IDATAIN_DATAOUT)
                                                      0.679     8.443 r  NVP_PHYSICAL_FRONTEND/GEN_VDO1_INGRESS[1].u_vdo_idelay/DATAOUT
                         net (fo=1, routed)           0.000     8.443    NVP_PHYSICAL_FRONTEND/vdo1_delayed_1
    ILOGIC_X0Y80         IDDR                                         r  NVP_PHYSICAL_FRONTEND/GEN_VDO1_INGRESS[1].u_vdo_iddr/D
  -------------------------------------------------------------------    -------------------

                         (clock nvp_vclk1 rise edge)
                                                      6.734     6.734 r  
    E13                                               0.000     6.734 r  vclk1 (IN)
                         net (fo=0)                   0.000     6.734    NVP_PHYSICAL_FRONTEND/vclk1
    E13                  IBUF (Prop_ibuf_I_O)         1.394     8.128 r  NVP_PHYSICAL_FRONTEND/u_vclk1_ibuf/O
                         net (fo=3, routed)           0.341     8.469    NVP_PHYSICAL_FRONTEND/vclk1_ibuf
    BUFIO_X0Y6           BUFIO (Prop_bufio_I_O)       1.223     9.692 r  NVP_PHYSICAL_FRONTEND/u_vclk1_bufio/O
                         net (fo=8, routed)           0.237     9.929    NVP_PHYSICAL_FRONTEND/vclk1_io
    ILOGIC_X0Y80         IDDR                                         r  NVP_PHYSICAL_FRONTEND/GEN_VDO1_INGRESS[1].u_vdo_iddr/C
                         clock pessimism              0.000     9.929    
                         clock uncertainty           -0.035     9.894    
    ILOGIC_X0Y80         IDDR (Setup_iddr_C_D)       -0.012     9.882    NVP_PHYSICAL_FRONTEND/GEN_VDO1_INGRESS[1].u_vdo_iddr
  -------------------------------------------------------------------
                         required time                          9.882    
                         arrival time                          -8.443    
  -------------------------------------------------------------------
                         slack                                  1.438    

Slack (MET) :             1.438ns  (required time - arrival time)
  Source:                 vdo1_data[1]
                            (input port clocked by nvp_vclk1  {rise@0.000ns fall@3.367ns period=6.734ns})
  Destination:            NVP_PHYSICAL_FRONTEND/GEN_VDO1_INGRESS[1].u_vdo_iddr/D
                            (rising edge-triggered cell IDDR clocked by nvp_vclk1  {rise@0.000ns fall@3.367ns period=6.734ns})
  Path Group:             nvp_vclk1
  Path Type:              Setup (Max at Slow Process Corner)
  Requirement:            6.734ns  (nvp_vclk1 rise@6.734ns - nvp_vclk1 rise@0.000ns)
  Data Path Delay:        2.130ns  (logic 2.130ns (100.000%)  route 0.000ns (0.000%))
  Logic Levels:           2  (IBUF=1 IDELAYE2=1)
  Input Delay:            6.313ns
  Clock Path Skew:        3.195ns (DCD - SCD + CPR)
    Destination Clock Delay (DCD):    3.195ns = ( 9.929 - 6.734 ) 
    Source Clock Delay      (SCD):    0.000ns
    Clock Pessimism Removal (CPR):    0.000ns
  Clock Uncertainty:      0.035ns  ((TSJ^2 + TIJ^2)^1/2 + DJ) / 2 + PE
    Total System Jitter     (TSJ):    0.071ns
    Total Input Jitter      (TIJ):    0.000ns
    Discrete Jitter          (DJ):    0.000ns
    Phase Error              (PE):    0.000ns

    Location             Delay type                Incr(ns)  Path(ns)    Netlist Resource(s)
  -------------------------------------------------------------------    -------------------
                         (clock nvp_vclk1 rise edge)
                                                      0.000     0.000 r  
                         input delay                  6.313     6.313    
    B14                                               0.000     6.313 f  vdo1_data[1] (IN)
                         net (fo=0)                   0.000     6.313    NVP_PHYSICAL_FRONTEND/vdo1_data[1]
    B14                  IBUF (Prop_ibuf_I_O)         1.451     7.764 f  NVP_PHYSICAL_FRONTEND/GEN_VDO1_INGRESS[1].u_vdo_ibuf/O
                         net (fo=1, routed)           0.000     7.764    NVP_PHYSICAL_FRONTEND/vdo1_pad_1
    IDELAY_X0Y80         IDELAYE2 (Prop_idelaye2_IDATAIN_DATAOUT)
                                                      0.679     8.443 f  NVP_PHYSICAL_FRONTEND/GEN_VDO1_INGRESS[1].u_vdo_idelay/DATAOUT
                         net (fo=1, routed)           0.000     8.443    NVP_PHYSICAL_FRONTEND/vdo1_delayed_1
    ILOGIC_X0Y80         IDDR                                         f  NVP_PHYSICAL_FRONTEND/GEN_VDO1_INGRESS[1].u_vdo_iddr/D
  -------------------------------------------------------------------    -------------------

                         (clock nvp_vclk1 rise edge)
                                                      6.734     6.734 r  
    E13                                               0.000     6.734 r  vclk1 (IN)
                         net (fo=0)                   0.000     6.734    NVP_PHYSICAL_FRONTEND/vclk1
    E13                  IBUF (Prop_ibuf_I_O)         1.394     8.128 r  NVP_PHYSICAL_FRONTEND/u_vclk1_ibuf/O
                         net (fo=3, routed)           0.341     8.469    NVP_PHYSICAL_FRONTEND/vclk1_ibuf
    BUFIO_X0Y6           BUFIO (Prop_bufio_I_O)       1.223     9.692 r  NVP_PHYSICAL_FRONTEND/u_vclk1_bufio/O
                         net (fo=8, routed)           0.237     9.929    NVP_PHYSICAL_FRONTEND/vclk1_io
    ILOGIC_X0Y80         IDDR                                         r  NVP_PHYSICAL_FRONTEND/GEN_VDO1_INGRESS[1].u_vdo_iddr/C
                         clock pessimism              0.000     9.929    
                         clock uncertainty           -0.035     9.894    
    ILOGIC_X0Y80         IDDR (Setup_iddr_C_D)       -0.012     9.882    NVP_PHYSICAL_FRONTEND/GEN_VDO1_INGRESS[1].u_vdo_iddr
  -------------------------------------------------------------------
                         required time                          9.882    
                         arrival time                          -8.443    
  -------------------------------------------------------------------
                         slack                                  1.438    

Slack (MET) :             1.443ns  (required time - arrival time)
  Source:                 vdo1_data[7]
                            (input port clocked by nvp_vclk1  {rise@0.000ns fall@3.367ns period=6.734ns})
  Destination:            NVP_PHYSICAL_FRONTEND/GEN_VDO1_INGRESS[7].u_vdo_iddr/D
                            (rising edge-triggered cell IDDR clocked by nvp_vclk1  {rise@0.000ns fall@3.367ns period=6.734ns})
  Path Group:             nvp_vclk1
  Path Type:              Setup (Max at Slow Process Corner)
  Requirement:            6.734ns  (nvp_vclk1 rise@6.734ns - nvp_vclk1 rise@0.000ns)
  Data Path Delay:        2.133ns  (logic 2.133ns (100.000%)  route 0.000ns (0.000%))
  Logic Levels:           2  (IBUF=1 IDELAYE2=1)
  Input Delay:            6.313ns
  Clock Path Skew:        3.202ns (DCD - SCD + CPR)
    Destination Clock Delay (DCD):    3.202ns = ( 9.936 - 6.734 ) 
    Source Clock Delay      (SCD):    0.000ns
    Clock Pessimism Removal (CPR):    0.000ns
  Clock Uncertainty:      0.035ns  ((TSJ^2 + TIJ^2)^1/2 + DJ) / 2 + PE
    Total System Jitter     (TSJ):    0.071ns
    Total Input Jitter      (TIJ):    0.000ns
    Discrete Jitter          (DJ):    0.000ns
    Phase Error              (PE):    0.000ns

    Location             Delay type                Incr(ns)  Path(ns)    Netlist Resource(s)
  -------------------------------------------------------------------    -------------------
                         (clock nvp_vclk1 rise edge)
                                                      0.000     0.000 r  
                         input delay                  6.313     6.313    
    C18                                               0.000     6.313 r  vdo1_data[7] (IN)
                         net (fo=0)                   0.000     6.313    NVP_PHYSICAL_FRONTEND/vdo1_data[7]
    C18                  IBUF (Prop_ibuf_I_O)         1.454     7.767 r  NVP_PHYSICAL_FRONTEND/GEN_VDO1_INGRESS[7].u_vdo_ibuf/O
                         net (fo=1, routed)           0.000     7.767    NVP_PHYSICAL_FRONTEND/vdo1_pad_7
    IDELAY_X0Y63         IDELAYE2 (Prop_idelaye2_IDATAIN_DATAOUT)
                                                      0.679     8.446 r  NVP_PHYSICAL_FRONTEND/GEN_VDO1_INGRESS[7].u_vdo_idelay/DATAOUT
                         net (fo=1, routed)           0.000     8.446    NVP_PHYSICAL_FRONTEND/vdo1_delayed_7
    ILOGIC_X0Y63         IDDR                                         r  NVP_PHYSICAL_FRONTEND/GEN_VDO1_INGRESS[7].u_vdo_iddr/D
  -------------------------------------------------------------------    -------------------

                         (clock nvp_vclk1 rise edge)
                                                      6.734     6.734 r  
    E13                                               0.000     6.734 r  vclk1 (IN)
                         net (fo=0)                   0.000     6.734    NVP_PHYSICAL_FRONTEND/vclk1
    E13                  IBUF (Prop_ibuf_I_O)         1.394     8.128 r  NVP_PHYSICAL_FRONTEND/u_vclk1_ibuf/O
                         net (fo=3, routed)           0.341     8.469    NVP_PHYSICAL_FRONTEND/vclk1_ibuf
    BUFIO_X0Y6           BUFIO (Prop_bufio_I_O)       1.223     9.692 r  NVP_PHYSICAL_FRONTEND/u_vclk1_bufio/O
                         net (fo=8, routed)           0.244     9.936    NVP_PHYSICAL_FRONTEND/vclk1_io
    ILOGIC_X0Y63         IDDR                                         r  NVP_PHYSICAL_FRONTEND/GEN_VDO1_INGRESS[7].u_vdo_iddr/C
                         clock pessimism              0.000     9.936    
                         clock uncertainty           -0.035     9.901    
    ILOGIC_X0Y63         IDDR (Setup_iddr_C_D)       -0.012     9.889    NVP_PHYSICAL_FRONTEND/GEN_VDO1_INGRESS[7].u_vdo_iddr
  -------------------------------------------------------------------
                         required time                          9.889    
                         arrival time                          -8.446    
  -------------------------------------------------------------------
                         slack                                  1.443    

Slack (MET) :             1.443ns  (required time - arrival time)
  Source:                 vdo1_data[7]
                            (input port clocked by nvp_vclk1  {rise@0.000ns fall@3.367ns period=6.734ns})
  Destination:            NVP_PHYSICAL_FRONTEND/GEN_VDO1_INGRESS[7].u_vdo_iddr/D
                            (rising edge-triggered cell IDDR clocked by nvp_vclk1  {rise@0.000ns fall@3.367ns period=6.734ns})
  Path Group:             nvp_vclk1
  Path Type:              Setup (Max at Slow Process Corner)
  Requirement:            6.734ns  (nvp_vclk1 rise@6.734ns - nvp_vclk1 rise@0.000ns)
  Data Path Delay:        2.133ns  (logic 2.133ns (100.000%)  route 0.000ns (0.000%))
  Logic Levels:           2  (IBUF=1 IDELAYE2=1)
  Input Delay:            6.313ns
  Clock Path Skew:        3.202ns (DCD - SCD + CPR)
    Destination Clock Delay (DCD):    3.202ns = ( 9.936 - 6.734 ) 
    Source Clock Delay      (SCD):    0.000ns
    Clock Pessimism Removal (CPR):    0.000ns
  Clock Uncertainty:      0.035ns  ((TSJ^2 + TIJ^2)^1/2 + DJ) / 2 + PE
    Total System Jitter     (TSJ):    0.071ns
    Total Input Jitter      (TIJ):    0.000ns
    Discrete Jitter          (DJ):    0.000ns
    Phase Error              (PE):    0.000ns

    Location             Delay type                Incr(ns)  Path(ns)    Netlist Resource(s)
  -------------------------------------------------------------------    -------------------
                         (clock nvp_vclk1 rise edge)
                                                      0.000     0.000 r  
                         input delay                  6.313     6.313    
    C18                                               0.000     6.313 f  vdo1_data[7] (IN)
                         net (fo=0)                   0.000     6.313    NVP_PHYSICAL_FRONTEND/vdo1_data[7]
    C18                  IBUF (Prop_ibuf_I_O)         1.454     7.767 f  NVP_PHYSICAL_FRONTEND/GEN_VDO1_INGRESS[7].u_vdo_ibuf/O
                         net (fo=1, routed)           0.000     7.767    NVP_PHYSICAL_FRONTEND/vdo1_pad_7
    IDELAY_X0Y63         IDELAYE2 (Prop_idelaye2_IDATAIN_DATAOUT)
                                                      0.679     8.446 f  NVP_PHYSICAL_FRONTEND/GEN_VDO1_INGRESS[7].u_vdo_idelay/DATAOUT
                         net (fo=1, routed)           0.000     8.446    NVP_PHYSICAL_FRONTEND/vdo1_delayed_7
    ILOGIC_X0Y63         IDDR                                         f  NVP_PHYSICAL_FRONTEND/GEN_VDO1_INGRESS[7].u_vdo_iddr/D
  -------------------------------------------------------------------    -------------------

                         (clock nvp_vclk1 rise edge)
                                                      6.734     6.734 r  
    E13                                               0.000     6.734 r  vclk1 (IN)
                         net (fo=0)                   0.000     6.734    NVP_PHYSICAL_FRONTEND/vclk1
    E13                  IBUF (Prop_ibuf_I_O)         1.394     8.128 r  NVP_PHYSICAL_FRONTEND/u_vclk1_ibuf/O
                         net (fo=3, routed)           0.341     8.469    NVP_PHYSICAL_FRONTEND/vclk1_ibuf
    BUFIO_X0Y6           BUFIO (Prop_bufio_I_O)       1.223     9.692 r  NVP_PHYSICAL_FRONTEND/u_vclk1_bufio/O
                         net (fo=8, routed)           0.244     9.936    NVP_PHYSICAL_FRONTEND/vclk1_io
    ILOGIC_X0Y63         IDDR                                         r  NVP_PHYSICAL_FRONTEND/GEN_VDO1_INGRESS[7].u_vdo_iddr/C
                         clock pessimism              0.000     9.936    
                         clock uncertainty           -0.035     9.901    
    ILOGIC_X0Y63         IDDR (Setup_iddr_C_D)       -0.012     9.889    NVP_PHYSICAL_FRONTEND/GEN_VDO1_INGRESS[7].u_vdo_iddr
  -------------------------------------------------------------------
                         required time                          9.889    
                         arrival time                          -8.446    
  -------------------------------------------------------------------
                         slack                                  1.443    




