Copyright 1986-2022 Xilinx, Inc. All Rights Reserved. Copyright 2022-2025 Advanced Micro Devices, Inc. All Rights Reserved.
--------------------------------------------------------------------------------------------------------------------------------------------------------------------------------------------------------------------------
| Tool Version : Vivado v.2025.2 (win64) Build 6299465 Fri Nov 14 19:35:11 GMT 2025
| Date         : Sun Aug 23 13:59:37 2026
| Host         : NBLSUDUL running 64-bit major release  (build 9200)
| Command      : report_timing -delay_type max -from [get_ports {nvp_scl nvp_sda}] -max_paths 32 -nworst 16 -file C:/FPGA/V41_NVP_R1E_SEMANTIC_DRC_CONTINUATION_R3/03_READ_ONLY_PREFLIGHT/R1E_nvp_scl_sda_input_paths.rpt
| Design       : ahd_capture_top_xdma
| Device       : 7a35t-csg325
| Speed File   : -2  PRODUCTION 1.23 2018-06-13
| Design State : Routed
--------------------------------------------------------------------------------------------------------------------------------------------------------------------------------------------------------------------------

Timing Report

Slack:                    inf
  Source:                 nvp_scl
                            (input port)
  Destination:            CONTROL_STATUS_REGS/local_rsp_rdata_reg[6]/D
                            (rising edge-triggered cell FDRE clocked by userclk1  {rise@0.000ns fall@8.000ns period=16.000ns})
  Path Group:             (none)
  Path Type:              Setup (Max at Slow Process Corner)
  Data Path Delay:        6.830ns  (logic 2.107ns (30.846%)  route 4.723ns (69.154%))
  Logic Levels:           6  (IBUF=1 LUT3=1 LUT5=1 LUT6=3)
  Clock Path Skew:        5.277ns (DCD - SCD + CPR)
    Destination Clock Delay (DCD):    5.277ns
    Source Clock Delay      (SCD):    0.000ns
    Clock Pessimism Removal (CPR):    0.000ns
  Clock Uncertainty:      0.173ns  ((TSJ^2 + DJ^2)^1/2) / 2 + PE
    Total System Jitter     (TSJ):    0.050ns
    Discrete Jitter          (DJ):    0.141ns
    Phase Error              (PE):    0.099ns

    Location             Delay type                Incr(ns)  Path(ns)    Netlist Resource(s)
  -------------------------------------------------------------------    -------------------
    T17                                               0.000     0.000 r  nvp_scl (INOUT)
                         net (fo=1, unset)            0.000     0.000    NVP_SCL_IOBUF/IO
    T17                  IBUF (Prop_ibuf_I_O)         1.403     1.403 r  NVP_SCL_IOBUF/IBUF/O
                         net (fo=4, routed)           2.678     4.081    AXI_LITE_HOST_BRIDGE/local_rsp_rdata[6]_i_17_0[0]
    SLICE_X50Y40         LUT3 (Prop_lut3_I0_O)        0.125     4.206 r  AXI_LITE_HOST_BRIDGE/local_rsp_rdata[6]_i_23/O
                         net (fo=1, routed)           0.374     4.580    AXI_LITE_HOST_BRIDGE/local_rsp_rdata[6]_i_23_n_0
    SLICE_X50Y40         LUT6 (Prop_lut6_I0_O)        0.264     4.844 r  AXI_LITE_HOST_BRIDGE/local_rsp_rdata[6]_i_17/O
                         net (fo=1, routed)           0.690     5.534    AXI_LITE_HOST_BRIDGE/local_rsp_rdata[6]_i_17_n_0
    SLICE_X45Y35         LUT5 (Prop_lut5_I0_O)        0.105     5.639 r  AXI_LITE_HOST_BRIDGE/local_rsp_rdata[6]_i_10/O
                         net (fo=1, routed)           0.518     6.157    AXI_LITE_HOST_BRIDGE/local_rsp_rdata[6]_i_10_n_0
    SLICE_X45Y34         LUT6 (Prop_lut6_I0_O)        0.105     6.262 r  AXI_LITE_HOST_BRIDGE/local_rsp_rdata[6]_i_4/O
                         net (fo=1, routed)           0.463     6.725    AXI_LITE_HOST_BRIDGE/local_rsp_rdata[6]_i_4_n_0
    SLICE_X48Y34         LUT6 (Prop_lut6_I4_O)        0.105     6.830 r  AXI_LITE_HOST_BRIDGE/local_rsp_rdata[6]_i_1/O
                         net (fo=1, routed)           0.000     6.830    CONTROL_STATUS_REGS/local_rsp_rdata_reg[31]_1[6]
    SLICE_X48Y34         FDRE                                         r  CONTROL_STATUS_REGS/local_rsp_rdata_reg[6]/D
  -------------------------------------------------------------------    -------------------

                         (clock userclk1 rise edge)
                                                      0.000     0.000 r  
    GTPE2_CHANNEL_X0Y3   GTPE2_CHANNEL                0.000     0.000 r  XDMA/inst/xdma_v41_m1_pcie2_to_pcie3_wrapper_i/pcie2_ip_i/inst/inst/gt_top_i/pipe_wrapper_i/pipe_lane[0].gt_wrapper_i/gtp_channel.gtpe2_channel_i/TXOUTCLK
                         net (fo=1, routed)           1.150     1.150    XDMA/inst/xdma_v41_m1_pcie2_to_pcie3_wrapper_i/pcie2_ip_i/inst/inst/gt_top_i/pipe_wrapper_i/pipe_clock_int.pipe_clock_i/txoutclk_i.txoutclk_i_0
    BUFGCTRL_X0Y20       BUFG (Prop_bufg_I_O)         0.077     1.227 r  XDMA/inst/xdma_v41_m1_pcie2_to_pcie3_wrapper_i/pcie2_ip_i/inst/inst/gt_top_i/pipe_wrapper_i/pipe_clock_int.pipe_clock_i/txoutclk_i.txoutclk_i/O
                         net (fo=1, routed)           1.286     2.513    XDMA/inst/xdma_v41_m1_pcie2_to_pcie3_wrapper_i/pcie2_ip_i/inst/inst/gt_top_i/pipe_wrapper_i/pipe_clock_int.pipe_clock_i/refclk
    MMCME2_ADV_X0Y0      MMCME2_ADV (Prop_mmcme2_adv_CLKIN1_CLKOUT2)
                                                      0.073     2.586 r  XDMA/inst/xdma_v41_m1_pcie2_to_pcie3_wrapper_i/pcie2_ip_i/inst/inst/gt_top_i/pipe_wrapper_i/pipe_clock_int.pipe_clock_i/mmcm_i/CLKOUT2
                         net (fo=1, routed)           1.357     3.944    XDMA/inst/xdma_v41_m1_pcie2_to_pcie3_wrapper_i/pcie2_ip_i/inst/inst/gt_top_i/pipe_wrapper_i/pipe_clock_int.pipe_clock_i/userclk1
    BUFGCTRL_X0Y0        BUFG (Prop_bufg_I_O)         0.077     4.021 r  XDMA/inst/xdma_v41_m1_pcie2_to_pcie3_wrapper_i/pcie2_ip_i/inst/inst/gt_top_i/pipe_wrapper_i/pipe_clock_int.pipe_clock_i/userclk1_i1.usrclk1_i1/O
                         net (fo=15975, routed)       1.257     5.277    CONTROL_STATUS_REGS/CLK
    SLICE_X48Y34         FDRE                                         r  CONTROL_STATUS_REGS/local_rsp_rdata_reg[6]/C

Slack:                    inf
  Source:                 nvp_scl
                            (input port)
  Destination:            CONTROL_STATUS_REGS/local_rsp_rdata_reg[6]/D
                            (rising edge-triggered cell FDRE clocked by userclk1  {rise@0.000ns fall@8.000ns period=16.000ns})
  Path Group:             (none)
  Path Type:              Setup (Max at Slow Process Corner)
  Data Path Delay:        6.830ns  (logic 2.107ns (30.846%)  route 4.723ns (69.154%))
  Logic Levels:           6  (IBUF=1 LUT3=1 LUT5=1 LUT6=3)
  Clock Path Skew:        5.277ns (DCD - SCD + CPR)
    Destination Clock Delay (DCD):    5.277ns
    Source Clock Delay      (SCD):    0.000ns
    Clock Pessimism Removal (CPR):    0.000ns
  Clock Uncertainty:      0.173ns  ((TSJ^2 + DJ^2)^1/2) / 2 + PE
    Total System Jitter     (TSJ):    0.050ns
    Discrete Jitter          (DJ):    0.141ns
    Phase Error              (PE):    0.099ns

    Location             Delay type                Incr(ns)  Path(ns)    Netlist Resource(s)
  -------------------------------------------------------------------    -------------------
    T17                                               0.000     0.000 f  nvp_scl (INOUT)
                         net (fo=1, unset)            0.000     0.000    NVP_SCL_IOBUF/IO
    T17                  IBUF (Prop_ibuf_I_O)         1.403     1.403 f  NVP_SCL_IOBUF/IBUF/O
                         net (fo=4, routed)           2.678     4.081    AXI_LITE_HOST_BRIDGE/local_rsp_rdata[6]_i_17_0[0]
    SLICE_X50Y40         LUT3 (Prop_lut3_I0_O)        0.125     4.206 f  AXI_LITE_HOST_BRIDGE/local_rsp_rdata[6]_i_23/O
                         net (fo=1, routed)           0.374     4.580    AXI_LITE_HOST_BRIDGE/local_rsp_rdata[6]_i_23_n_0
    SLICE_X50Y40         LUT6 (Prop_lut6_I0_O)        0.264     4.844 f  AXI_LITE_HOST_BRIDGE/local_rsp_rdata[6]_i_17/O
                         net (fo=1, routed)           0.690     5.534    AXI_LITE_HOST_BRIDGE/local_rsp_rdata[6]_i_17_n_0
    SLICE_X45Y35         LUT5 (Prop_lut5_I0_O)        0.105     5.639 f  AXI_LITE_HOST_BRIDGE/local_rsp_rdata[6]_i_10/O
                         net (fo=1, routed)           0.518     6.157    AXI_LITE_HOST_BRIDGE/local_rsp_rdata[6]_i_10_n_0
    SLICE_X45Y34         LUT6 (Prop_lut6_I0_O)        0.105     6.262 f  AXI_LITE_HOST_BRIDGE/local_rsp_rdata[6]_i_4/O
                         net (fo=1, routed)           0.463     6.725    AXI_LITE_HOST_BRIDGE/local_rsp_rdata[6]_i_4_n_0
    SLICE_X48Y34         LUT6 (Prop_lut6_I4_O)        0.105     6.830 f  AXI_LITE_HOST_BRIDGE/local_rsp_rdata[6]_i_1/O
                         net (fo=1, routed)           0.000     6.830    CONTROL_STATUS_REGS/local_rsp_rdata_reg[31]_1[6]
    SLICE_X48Y34         FDRE                                         f  CONTROL_STATUS_REGS/local_rsp_rdata_reg[6]/D
  -------------------------------------------------------------------    -------------------

                         (clock userclk1 rise edge)
                                                      0.000     0.000 r  
    GTPE2_CHANNEL_X0Y3   GTPE2_CHANNEL                0.000     0.000 r  XDMA/inst/xdma_v41_m1_pcie2_to_pcie3_wrapper_i/pcie2_ip_i/inst/inst/gt_top_i/pipe_wrapper_i/pipe_lane[0].gt_wrapper_i/gtp_channel.gtpe2_channel_i/TXOUTCLK
                         net (fo=1, routed)           1.150     1.150    XDMA/inst/xdma_v41_m1_pcie2_to_pcie3_wrapper_i/pcie2_ip_i/inst/inst/gt_top_i/pipe_wrapper_i/pipe_clock_int.pipe_clock_i/txoutclk_i.txoutclk_i_0
    BUFGCTRL_X0Y20       BUFG (Prop_bufg_I_O)         0.077     1.227 r  XDMA/inst/xdma_v41_m1_pcie2_to_pcie3_wrapper_i/pcie2_ip_i/inst/inst/gt_top_i/pipe_wrapper_i/pipe_clock_int.pipe_clock_i/txoutclk_i.txoutclk_i/O
                         net (fo=1, routed)           1.286     2.513    XDMA/inst/xdma_v41_m1_pcie2_to_pcie3_wrapper_i/pcie2_ip_i/inst/inst/gt_top_i/pipe_wrapper_i/pipe_clock_int.pipe_clock_i/refclk
    MMCME2_ADV_X0Y0      MMCME2_ADV (Prop_mmcme2_adv_CLKIN1_CLKOUT2)
                                                      0.073     2.586 r  XDMA/inst/xdma_v41_m1_pcie2_to_pcie3_wrapper_i/pcie2_ip_i/inst/inst/gt_top_i/pipe_wrapper_i/pipe_clock_int.pipe_clock_i/mmcm_i/CLKOUT2
                         net (fo=1, routed)           1.357     3.944    XDMA/inst/xdma_v41_m1_pcie2_to_pcie3_wrapper_i/pcie2_ip_i/inst/inst/gt_top_i/pipe_wrapper_i/pipe_clock_int.pipe_clock_i/userclk1
    BUFGCTRL_X0Y0        BUFG (Prop_bufg_I_O)         0.077     4.021 r  XDMA/inst/xdma_v41_m1_pcie2_to_pcie3_wrapper_i/pcie2_ip_i/inst/inst/gt_top_i/pipe_wrapper_i/pipe_clock_int.pipe_clock_i/userclk1_i1.usrclk1_i1/O
                         net (fo=15975, routed)       1.257     5.277    CONTROL_STATUS_REGS/CLK
    SLICE_X48Y34         FDRE                                         r  CONTROL_STATUS_REGS/local_rsp_rdata_reg[6]/C

Slack:                    inf
  Source:                 nvp_sda
                            (input port)
  Destination:            CONTROL_STATUS_REGS/local_rsp_rdata_reg[7]/D
                            (rising edge-triggered cell FDRE clocked by userclk1  {rise@0.000ns fall@8.000ns period=16.000ns})
  Path Group:             (none)
  Path Type:              Setup (Max at Slow Process Corner)
  Data Path Delay:        6.636ns  (logic 1.822ns (27.451%)  route 4.815ns (72.549%))
  Logic Levels:           5  (IBUF=1 LUT5=1 LUT6=3)
  Clock Path Skew:        5.277ns (DCD - SCD + CPR)
    Destination Clock Delay (DCD):    5.277ns
    Source Clock Delay      (SCD):    0.000ns
    Clock Pessimism Removal (CPR):    0.000ns
  Clock Uncertainty:      0.173ns  ((TSJ^2 + DJ^2)^1/2) / 2 + PE
    Total System Jitter     (TSJ):    0.050ns
    Discrete Jitter          (DJ):    0.141ns
    Phase Error              (PE):    0.099ns

    Location             Delay type                Incr(ns)  Path(ns)    Netlist Resource(s)
  -------------------------------------------------------------------    -------------------
    T18                                               0.000     0.000 r  nvp_sda (INOUT)
                         net (fo=1, unset)            0.000     0.000    NVP_SDA_IOBUF/IO
    T18                  IBUF (Prop_ibuf_I_O)         1.402     1.402 r  NVP_SDA_IOBUF/IBUF/O
                         net (fo=4, routed)           3.013     4.415    AXI_LITE_HOST_BRIDGE/local_rsp_rdata[7]_i_10_0[0]
    SLICE_X51Y39         LUT6 (Prop_lut6_I2_O)        0.105     4.520 r  AXI_LITE_HOST_BRIDGE/local_rsp_rdata[7]_i_17/O
                         net (fo=1, routed)           0.841     5.361    AXI_LITE_HOST_BRIDGE/local_rsp_rdata[7]_i_17_n_0
    SLICE_X39Y33         LUT5 (Prop_lut5_I0_O)        0.105     5.466 r  AXI_LITE_HOST_BRIDGE/local_rsp_rdata[7]_i_10/O
                         net (fo=1, routed)           0.382     5.848    AXI_LITE_HOST_BRIDGE/local_rsp_rdata[7]_i_10_n_0
    SLICE_X39Y34         LUT6 (Prop_lut6_I0_O)        0.105     5.953 r  AXI_LITE_HOST_BRIDGE/local_rsp_rdata[7]_i_4/O
                         net (fo=1, routed)           0.578     6.531    AXI_LITE_HOST_BRIDGE/local_rsp_rdata[7]_i_4_n_0
    SLICE_X48Y34         LUT6 (Prop_lut6_I4_O)        0.105     6.636 r  AXI_LITE_HOST_BRIDGE/local_rsp_rdata[7]_i_1/O
                         net (fo=1, routed)           0.000     6.636    CONTROL_STATUS_REGS/local_rsp_rdata_reg[31]_1[7]
    SLICE_X48Y34         FDRE                                         r  CONTROL_STATUS_REGS/local_rsp_rdata_reg[7]/D
  -------------------------------------------------------------------    -------------------

                         (clock userclk1 rise edge)
                                                      0.000     0.000 r  
    GTPE2_CHANNEL_X0Y3   GTPE2_CHANNEL                0.000     0.000 r  XDMA/inst/xdma_v41_m1_pcie2_to_pcie3_wrapper_i/pcie2_ip_i/inst/inst/gt_top_i/pipe_wrapper_i/pipe_lane[0].gt_wrapper_i/gtp_channel.gtpe2_channel_i/TXOUTCLK
                         net (fo=1, routed)           1.150     1.150    XDMA/inst/xdma_v41_m1_pcie2_to_pcie3_wrapper_i/pcie2_ip_i/inst/inst/gt_top_i/pipe_wrapper_i/pipe_clock_int.pipe_clock_i/txoutclk_i.txoutclk_i_0
    BUFGCTRL_X0Y20       BUFG (Prop_bufg_I_O)         0.077     1.227 r  XDMA/inst/xdma_v41_m1_pcie2_to_pcie3_wrapper_i/pcie2_ip_i/inst/inst/gt_top_i/pipe_wrapper_i/pipe_clock_int.pipe_clock_i/txoutclk_i.txoutclk_i/O
                         net (fo=1, routed)           1.286     2.513    XDMA/inst/xdma_v41_m1_pcie2_to_pcie3_wrapper_i/pcie2_ip_i/inst/inst/gt_top_i/pipe_wrapper_i/pipe_clock_int.pipe_clock_i/refclk
    MMCME2_ADV_X0Y0      MMCME2_ADV (Prop_mmcme2_adv_CLKIN1_CLKOUT2)
                                                      0.073     2.586 r  XDMA/inst/xdma_v41_m1_pcie2_to_pcie3_wrapper_i/pcie2_ip_i/inst/inst/gt_top_i/pipe_wrapper_i/pipe_clock_int.pipe_clock_i/mmcm_i/CLKOUT2
                         net (fo=1, routed)           1.357     3.944    XDMA/inst/xdma_v41_m1_pcie2_to_pcie3_wrapper_i/pcie2_ip_i/inst/inst/gt_top_i/pipe_wrapper_i/pipe_clock_int.pipe_clock_i/userclk1
    BUFGCTRL_X0Y0        BUFG (Prop_bufg_I_O)         0.077     4.021 r  XDMA/inst/xdma_v41_m1_pcie2_to_pcie3_wrapper_i/pcie2_ip_i/inst/inst/gt_top_i/pipe_wrapper_i/pipe_clock_int.pipe_clock_i/userclk1_i1.usrclk1_i1/O
                         net (fo=15975, routed)       1.257     5.277    CONTROL_STATUS_REGS/CLK
    SLICE_X48Y34         FDRE                                         r  CONTROL_STATUS_REGS/local_rsp_rdata_reg[7]/C

Slack:                    inf
  Source:                 nvp_sda
                            (input port)
  Destination:            CONTROL_STATUS_REGS/local_rsp_rdata_reg[7]/D
                            (rising edge-triggered cell FDRE clocked by userclk1  {rise@0.000ns fall@8.000ns period=16.000ns})
  Path Group:             (none)
  Path Type:              Setup (Max at Slow Process Corner)
  Data Path Delay:        6.636ns  (logic 1.822ns (27.451%)  route 4.815ns (72.549%))
  Logic Levels:           5  (IBUF=1 LUT5=1 LUT6=3)
  Clock Path Skew:        5.277ns (DCD - SCD + CPR)
    Destination Clock Delay (DCD):    5.277ns
    Source Clock Delay      (SCD):    0.000ns
    Clock Pessimism Removal (CPR):    0.000ns
  Clock Uncertainty:      0.173ns  ((TSJ^2 + DJ^2)^1/2) / 2 + PE
    Total System Jitter     (TSJ):    0.050ns
    Discrete Jitter          (DJ):    0.141ns
    Phase Error              (PE):    0.099ns

    Location             Delay type                Incr(ns)  Path(ns)    Netlist Resource(s)
  -------------------------------------------------------------------    -------------------
    T18                                               0.000     0.000 f  nvp_sda (INOUT)
                         net (fo=1, unset)            0.000     0.000    NVP_SDA_IOBUF/IO
    T18                  IBUF (Prop_ibuf_I_O)         1.402     1.402 f  NVP_SDA_IOBUF/IBUF/O
                         net (fo=4, routed)           3.013     4.415    AXI_LITE_HOST_BRIDGE/local_rsp_rdata[7]_i_10_0[0]
    SLICE_X51Y39         LUT6 (Prop_lut6_I2_O)        0.105     4.520 f  AXI_LITE_HOST_BRIDGE/local_rsp_rdata[7]_i_17/O
                         net (fo=1, routed)           0.841     5.361    AXI_LITE_HOST_BRIDGE/local_rsp_rdata[7]_i_17_n_0
    SLICE_X39Y33         LUT5 (Prop_lut5_I0_O)        0.105     5.466 f  AXI_LITE_HOST_BRIDGE/local_rsp_rdata[7]_i_10/O
                         net (fo=1, routed)           0.382     5.848    AXI_LITE_HOST_BRIDGE/local_rsp_rdata[7]_i_10_n_0
    SLICE_X39Y34         LUT6 (Prop_lut6_I0_O)        0.105     5.953 f  AXI_LITE_HOST_BRIDGE/local_rsp_rdata[7]_i_4/O
                         net (fo=1, routed)           0.578     6.531    AXI_LITE_HOST_BRIDGE/local_rsp_rdata[7]_i_4_n_0
    SLICE_X48Y34         LUT6 (Prop_lut6_I4_O)        0.105     6.636 f  AXI_LITE_HOST_BRIDGE/local_rsp_rdata[7]_i_1/O
                         net (fo=1, routed)           0.000     6.636    CONTROL_STATUS_REGS/local_rsp_rdata_reg[31]_1[7]
    SLICE_X48Y34         FDRE                                         f  CONTROL_STATUS_REGS/local_rsp_rdata_reg[7]/D
  -------------------------------------------------------------------    -------------------

                         (clock userclk1 rise edge)
                                                      0.000     0.000 r  
    GTPE2_CHANNEL_X0Y3   GTPE2_CHANNEL                0.000     0.000 r  XDMA/inst/xdma_v41_m1_pcie2_to_pcie3_wrapper_i/pcie2_ip_i/inst/inst/gt_top_i/pipe_wrapper_i/pipe_lane[0].gt_wrapper_i/gtp_channel.gtpe2_channel_i/TXOUTCLK
                         net (fo=1, routed)           1.150     1.150    XDMA/inst/xdma_v41_m1_pcie2_to_pcie3_wrapper_i/pcie2_ip_i/inst/inst/gt_top_i/pipe_wrapper_i/pipe_clock_int.pipe_clock_i/txoutclk_i.txoutclk_i_0
    BUFGCTRL_X0Y20       BUFG (Prop_bufg_I_O)         0.077     1.227 r  XDMA/inst/xdma_v41_m1_pcie2_to_pcie3_wrapper_i/pcie2_ip_i/inst/inst/gt_top_i/pipe_wrapper_i/pipe_clock_int.pipe_clock_i/txoutclk_i.txoutclk_i/O
                         net (fo=1, routed)           1.286     2.513    XDMA/inst/xdma_v41_m1_pcie2_to_pcie3_wrapper_i/pcie2_ip_i/inst/inst/gt_top_i/pipe_wrapper_i/pipe_clock_int.pipe_clock_i/refclk
    MMCME2_ADV_X0Y0      MMCME2_ADV (Prop_mmcme2_adv_CLKIN1_CLKOUT2)
                                                      0.073     2.586 r  XDMA/inst/xdma_v41_m1_pcie2_to_pcie3_wrapper_i/pcie2_ip_i/inst/inst/gt_top_i/pipe_wrapper_i/pipe_clock_int.pipe_clock_i/mmcm_i/CLKOUT2
                         net (fo=1, routed)           1.357     3.944    XDMA/inst/xdma_v41_m1_pcie2_to_pcie3_wrapper_i/pcie2_ip_i/inst/inst/gt_top_i/pipe_wrapper_i/pipe_clock_int.pipe_clock_i/userclk1
    BUFGCTRL_X0Y0        BUFG (Prop_bufg_I_O)         0.077     4.021 r  XDMA/inst/xdma_v41_m1_pcie2_to_pcie3_wrapper_i/pcie2_ip_i/inst/inst/gt_top_i/pipe_wrapper_i/pipe_clock_int.pipe_clock_i/userclk1_i1.usrclk1_i1/O
                         net (fo=15975, routed)       1.257     5.277    CONTROL_STATUS_REGS/CLK
    SLICE_X48Y34         FDRE                                         r  CONTROL_STATUS_REGS/local_rsp_rdata_reg[7]/C

Slack:                    inf
  Source:                 nvp_scl
                            (input port)
  Destination:            NVP_AUTOINIT/u_sequence/scl_sync_r_reg[0]/D
                            (rising edge-triggered cell FDSE clocked by userclk1  {rise@0.000ns fall@8.000ns period=16.000ns})
  Path Group:             (none)
  Path Type:              Setup (Max at Slow Process Corner)
  Data Path Delay:        4.144ns  (logic 1.403ns (33.855%)  route 2.741ns (66.145%))
  Logic Levels:           1  (IBUF=1)
  Clock Path Skew:        5.341ns (DCD - SCD + CPR)
    Destination Clock Delay (DCD):    5.341ns
    Source Clock Delay      (SCD):    0.000ns
    Clock Pessimism Removal (CPR):    0.000ns
  Clock Uncertainty:      0.173ns  ((TSJ^2 + DJ^2)^1/2) / 2 + PE
    Total System Jitter     (TSJ):    0.050ns
    Discrete Jitter          (DJ):    0.141ns
    Phase Error              (PE):    0.099ns

    Location             Delay type                Incr(ns)  Path(ns)    Netlist Resource(s)
  -------------------------------------------------------------------    -------------------
    T17                                               0.000     0.000 r  nvp_scl (INOUT)
                         net (fo=1, unset)            0.000     0.000    NVP_SCL_IOBUF/IO
    T17                  IBUF (Prop_ibuf_I_O)         1.403     1.403 r  NVP_SCL_IOBUF/IBUF/O
                         net (fo=4, routed)           2.741     4.144    NVP_AUTOINIT/u_sequence/scl_sync_r_reg[0]_0[0]
    SLICE_X59Y19         FDSE                                         r  NVP_AUTOINIT/u_sequence/scl_sync_r_reg[0]/D
  -------------------------------------------------------------------    -------------------

                         (clock userclk1 rise edge)
                                                      0.000     0.000 r  
    GTPE2_CHANNEL_X0Y3   GTPE2_CHANNEL                0.000     0.000 r  XDMA/inst/xdma_v41_m1_pcie2_to_pcie3_wrapper_i/pcie2_ip_i/inst/inst/gt_top_i/pipe_wrapper_i/pipe_lane[0].gt_wrapper_i/gtp_channel.gtpe2_channel_i/TXOUTCLK
                         net (fo=1, routed)           1.150     1.150    XDMA/inst/xdma_v41_m1_pcie2_to_pcie3_wrapper_i/pcie2_ip_i/inst/inst/gt_top_i/pipe_wrapper_i/pipe_clock_int.pipe_clock_i/txoutclk_i.txoutclk_i_0
    BUFGCTRL_X0Y20       BUFG (Prop_bufg_I_O)         0.077     1.227 r  XDMA/inst/xdma_v41_m1_pcie2_to_pcie3_wrapper_i/pcie2_ip_i/inst/inst/gt_top_i/pipe_wrapper_i/pipe_clock_int.pipe_clock_i/txoutclk_i.txoutclk_i/O
                         net (fo=1, routed)           1.286     2.513    XDMA/inst/xdma_v41_m1_pcie2_to_pcie3_wrapper_i/pcie2_ip_i/inst/inst/gt_top_i/pipe_wrapper_i/pipe_clock_int.pipe_clock_i/refclk
    MMCME2_ADV_X0Y0      MMCME2_ADV (Prop_mmcme2_adv_CLKIN1_CLKOUT2)
                                                      0.073     2.586 r  XDMA/inst/xdma_v41_m1_pcie2_to_pcie3_wrapper_i/pcie2_ip_i/inst/inst/gt_top_i/pipe_wrapper_i/pipe_clock_int.pipe_clock_i/mmcm_i/CLKOUT2
                         net (fo=1, routed)           1.357     3.944    XDMA/inst/xdma_v41_m1_pcie2_to_pcie3_wrapper_i/pcie2_ip_i/inst/inst/gt_top_i/pipe_wrapper_i/pipe_clock_int.pipe_clock_i/userclk1
    BUFGCTRL_X0Y0        BUFG (Prop_bufg_I_O)         0.077     4.021 r  XDMA/inst/xdma_v41_m1_pcie2_to_pcie3_wrapper_i/pcie2_ip_i/inst/inst/gt_top_i/pipe_wrapper_i/pipe_clock_int.pipe_clock_i/userclk1_i1.usrclk1_i1/O
                         net (fo=15975, routed)       1.321     5.341    NVP_AUTOINIT/u_sequence/axi_aclk
    SLICE_X59Y19         FDSE                                         r  NVP_AUTOINIT/u_sequence/scl_sync_r_reg[0]/C

Slack:                    inf
  Source:                 nvp_scl
                            (input port)
  Destination:            NVP_AUTOINIT/u_sequence/scl_sync_r_reg[0]/D
                            (rising edge-triggered cell FDSE clocked by userclk1  {rise@0.000ns fall@8.000ns period=16.000ns})
  Path Group:             (none)
  Path Type:              Setup (Max at Slow Process Corner)
  Data Path Delay:        4.144ns  (logic 1.403ns (33.855%)  route 2.741ns (66.145%))
  Logic Levels:           1  (IBUF=1)
  Clock Path Skew:        5.341ns (DCD - SCD + CPR)
    Destination Clock Delay (DCD):    5.341ns
    Source Clock Delay      (SCD):    0.000ns
    Clock Pessimism Removal (CPR):    0.000ns
  Clock Uncertainty:      0.173ns  ((TSJ^2 + DJ^2)^1/2) / 2 + PE
    Total System Jitter     (TSJ):    0.050ns
    Discrete Jitter          (DJ):    0.141ns
    Phase Error              (PE):    0.099ns

    Location             Delay type                Incr(ns)  Path(ns)    Netlist Resource(s)
  -------------------------------------------------------------------    -------------------
    T17                                               0.000     0.000 f  nvp_scl (INOUT)
                         net (fo=1, unset)            0.000     0.000    NVP_SCL_IOBUF/IO
    T17                  IBUF (Prop_ibuf_I_O)         1.403     1.403 f  NVP_SCL_IOBUF/IBUF/O
                         net (fo=4, routed)           2.741     4.144    NVP_AUTOINIT/u_sequence/scl_sync_r_reg[0]_0[0]
    SLICE_X59Y19         FDSE                                         f  NVP_AUTOINIT/u_sequence/scl_sync_r_reg[0]/D
  -------------------------------------------------------------------    -------------------

                         (clock userclk1 rise edge)
                                                      0.000     0.000 r  
    GTPE2_CHANNEL_X0Y3   GTPE2_CHANNEL                0.000     0.000 r  XDMA/inst/xdma_v41_m1_pcie2_to_pcie3_wrapper_i/pcie2_ip_i/inst/inst/gt_top_i/pipe_wrapper_i/pipe_lane[0].gt_wrapper_i/gtp_channel.gtpe2_channel_i/TXOUTCLK
                         net (fo=1, routed)           1.150     1.150    XDMA/inst/xdma_v41_m1_pcie2_to_pcie3_wrapper_i/pcie2_ip_i/inst/inst/gt_top_i/pipe_wrapper_i/pipe_clock_int.pipe_clock_i/txoutclk_i.txoutclk_i_0
    BUFGCTRL_X0Y20       BUFG (Prop_bufg_I_O)         0.077     1.227 r  XDMA/inst/xdma_v41_m1_pcie2_to_pcie3_wrapper_i/pcie2_ip_i/inst/inst/gt_top_i/pipe_wrapper_i/pipe_clock_int.pipe_clock_i/txoutclk_i.txoutclk_i/O
                         net (fo=1, routed)           1.286     2.513    XDMA/inst/xdma_v41_m1_pcie2_to_pcie3_wrapper_i/pcie2_ip_i/inst/inst/gt_top_i/pipe_wrapper_i/pipe_clock_int.pipe_clock_i/refclk
    MMCME2_ADV_X0Y0      MMCME2_ADV (Prop_mmcme2_adv_CLKIN1_CLKOUT2)
                                                      0.073     2.586 r  XDMA/inst/xdma_v41_m1_pcie2_to_pcie3_wrapper_i/pcie2_ip_i/inst/inst/gt_top_i/pipe_wrapper_i/pipe_clock_int.pipe_clock_i/mmcm_i/CLKOUT2
                         net (fo=1, routed)           1.357     3.944    XDMA/inst/xdma_v41_m1_pcie2_to_pcie3_wrapper_i/pcie2_ip_i/inst/inst/gt_top_i/pipe_wrapper_i/pipe_clock_int.pipe_clock_i/userclk1
    BUFGCTRL_X0Y0        BUFG (Prop_bufg_I_O)         0.077     4.021 r  XDMA/inst/xdma_v41_m1_pcie2_to_pcie3_wrapper_i/pcie2_ip_i/inst/inst/gt_top_i/pipe_wrapper_i/pipe_clock_int.pipe_clock_i/userclk1_i1.usrclk1_i1/O
                         net (fo=15975, routed)       1.321     5.341    NVP_AUTOINIT/u_sequence/axi_aclk
    SLICE_X59Y19         FDSE                                         r  NVP_AUTOINIT/u_sequence/scl_sync_r_reg[0]/C

Slack:                    inf
  Source:                 nvp_scl
                            (input port)
  Destination:            POST_INIT_ADDRESS_PROBE/scl_sync_reg[0]/D
                            (rising edge-triggered cell FDRE clocked by userclk1  {rise@0.000ns fall@8.000ns period=16.000ns})
  Path Group:             (none)
  Path Type:              Setup (Max at Slow Process Corner)
  Data Path Delay:        3.964ns  (logic 1.403ns (35.390%)  route 2.561ns (64.610%))
  Logic Levels:           1  (IBUF=1)
  Clock Path Skew:        5.337ns (DCD - SCD + CPR)
    Destination Clock Delay (DCD):    5.337ns
    Source Clock Delay      (SCD):    0.000ns
    Clock Pessimism Removal (CPR):    0.000ns
  Clock Uncertainty:      0.173ns  ((TSJ^2 + DJ^2)^1/2) / 2 + PE
    Total System Jitter     (TSJ):    0.050ns
    Discrete Jitter          (DJ):    0.141ns
    Phase Error              (PE):    0.099ns

    Location             Delay type                Incr(ns)  Path(ns)    Netlist Resource(s)
  -------------------------------------------------------------------    -------------------
    T17                                               0.000     0.000 r  nvp_scl (INOUT)
                         net (fo=1, unset)            0.000     0.000    NVP_SCL_IOBUF/IO
    T17                  IBUF (Prop_ibuf_I_O)         1.403     1.403 r  NVP_SCL_IOBUF/IBUF/O
                         net (fo=4, routed)           2.561     3.964    POST_INIT_ADDRESS_PROBE/D[1]
    SLICE_X65Y26         FDRE                                         r  POST_INIT_ADDRESS_PROBE/scl_sync_reg[0]/D
  -------------------------------------------------------------------    -------------------

                         (clock userclk1 rise edge)
                                                      0.000     0.000 r  
    GTPE2_CHANNEL_X0Y3   GTPE2_CHANNEL                0.000     0.000 r  XDMA/inst/xdma_v41_m1_pcie2_to_pcie3_wrapper_i/pcie2_ip_i/inst/inst/gt_top_i/pipe_wrapper_i/pipe_lane[0].gt_wrapper_i/gtp_channel.gtpe2_channel_i/TXOUTCLK
                         net (fo=1, routed)           1.150     1.150    XDMA/inst/xdma_v41_m1_pcie2_to_pcie3_wrapper_i/pcie2_ip_i/inst/inst/gt_top_i/pipe_wrapper_i/pipe_clock_int.pipe_clock_i/txoutclk_i.txoutclk_i_0
    BUFGCTRL_X0Y20       BUFG (Prop_bufg_I_O)         0.077     1.227 r  XDMA/inst/xdma_v41_m1_pcie2_to_pcie3_wrapper_i/pcie2_ip_i/inst/inst/gt_top_i/pipe_wrapper_i/pipe_clock_int.pipe_clock_i/txoutclk_i.txoutclk_i/O
                         net (fo=1, routed)           1.286     2.513    XDMA/inst/xdma_v41_m1_pcie2_to_pcie3_wrapper_i/pcie2_ip_i/inst/inst/gt_top_i/pipe_wrapper_i/pipe_clock_int.pipe_clock_i/refclk
    MMCME2_ADV_X0Y0      MMCME2_ADV (Prop_mmcme2_adv_CLKIN1_CLKOUT2)
                                                      0.073     2.586 r  XDMA/inst/xdma_v41_m1_pcie2_to_pcie3_wrapper_i/pcie2_ip_i/inst/inst/gt_top_i/pipe_wrapper_i/pipe_clock_int.pipe_clock_i/mmcm_i/CLKOUT2
                         net (fo=1, routed)           1.357     3.944    XDMA/inst/xdma_v41_m1_pcie2_to_pcie3_wrapper_i/pcie2_ip_i/inst/inst/gt_top_i/pipe_wrapper_i/pipe_clock_int.pipe_clock_i/userclk1
    BUFGCTRL_X0Y0        BUFG (Prop_bufg_I_O)         0.077     4.021 r  XDMA/inst/xdma_v41_m1_pcie2_to_pcie3_wrapper_i/pcie2_ip_i/inst/inst/gt_top_i/pipe_wrapper_i/pipe_clock_int.pipe_clock_i/userclk1_i1.usrclk1_i1/O
                         net (fo=15975, routed)       1.317     5.337    POST_INIT_ADDRESS_PROBE/axi_aclk
    SLICE_X65Y26         FDRE                                         r  POST_INIT_ADDRESS_PROBE/scl_sync_reg[0]/C

Slack:                    inf
  Source:                 nvp_scl
                            (input port)
  Destination:            POST_INIT_ADDRESS_PROBE/scl_sync_reg[0]/D
                            (rising edge-triggered cell FDRE clocked by userclk1  {rise@0.000ns fall@8.000ns period=16.000ns})
  Path Group:             (none)
  Path Type:              Setup (Max at Slow Process Corner)
  Data Path Delay:        3.964ns  (logic 1.403ns (35.390%)  route 2.561ns (64.610%))
  Logic Levels:           1  (IBUF=1)
  Clock Path Skew:        5.337ns (DCD - SCD + CPR)
    Destination Clock Delay (DCD):    5.337ns
    Source Clock Delay      (SCD):    0.000ns
    Clock Pessimism Removal (CPR):    0.000ns
  Clock Uncertainty:      0.173ns  ((TSJ^2 + DJ^2)^1/2) / 2 + PE
    Total System Jitter     (TSJ):    0.050ns
    Discrete Jitter          (DJ):    0.141ns
    Phase Error              (PE):    0.099ns

    Location             Delay type                Incr(ns)  Path(ns)    Netlist Resource(s)
  -------------------------------------------------------------------    -------------------
    T17                                               0.000     0.000 f  nvp_scl (INOUT)
                         net (fo=1, unset)            0.000     0.000    NVP_SCL_IOBUF/IO
    T17                  IBUF (Prop_ibuf_I_O)         1.403     1.403 f  NVP_SCL_IOBUF/IBUF/O
                         net (fo=4, routed)           2.561     3.964    POST_INIT_ADDRESS_PROBE/D[1]
    SLICE_X65Y26         FDRE                                         f  POST_INIT_ADDRESS_PROBE/scl_sync_reg[0]/D
  -------------------------------------------------------------------    -------------------

                         (clock userclk1 rise edge)
                                                      0.000     0.000 r  
    GTPE2_CHANNEL_X0Y3   GTPE2_CHANNEL                0.000     0.000 r  XDMA/inst/xdma_v41_m1_pcie2_to_pcie3_wrapper_i/pcie2_ip_i/inst/inst/gt_top_i/pipe_wrapper_i/pipe_lane[0].gt_wrapper_i/gtp_channel.gtpe2_channel_i/TXOUTCLK
                         net (fo=1, routed)           1.150     1.150    XDMA/inst/xdma_v41_m1_pcie2_to_pcie3_wrapper_i/pcie2_ip_i/inst/inst/gt_top_i/pipe_wrapper_i/pipe_clock_int.pipe_clock_i/txoutclk_i.txoutclk_i_0
    BUFGCTRL_X0Y20       BUFG (Prop_bufg_I_O)         0.077     1.227 r  XDMA/inst/xdma_v41_m1_pcie2_to_pcie3_wrapper_i/pcie2_ip_i/inst/inst/gt_top_i/pipe_wrapper_i/pipe_clock_int.pipe_clock_i/txoutclk_i.txoutclk_i/O
                         net (fo=1, routed)           1.286     2.513    XDMA/inst/xdma_v41_m1_pcie2_to_pcie3_wrapper_i/pcie2_ip_i/inst/inst/gt_top_i/pipe_wrapper_i/pipe_clock_int.pipe_clock_i/refclk
    MMCME2_ADV_X0Y0      MMCME2_ADV (Prop_mmcme2_adv_CLKIN1_CLKOUT2)
                                                      0.073     2.586 r  XDMA/inst/xdma_v41_m1_pcie2_to_pcie3_wrapper_i/pcie2_ip_i/inst/inst/gt_top_i/pipe_wrapper_i/pipe_clock_int.pipe_clock_i/mmcm_i/CLKOUT2
                         net (fo=1, routed)           1.357     3.944    XDMA/inst/xdma_v41_m1_pcie2_to_pcie3_wrapper_i/pcie2_ip_i/inst/inst/gt_top_i/pipe_wrapper_i/pipe_clock_int.pipe_clock_i/userclk1
    BUFGCTRL_X0Y0        BUFG (Prop_bufg_I_O)         0.077     4.021 r  XDMA/inst/xdma_v41_m1_pcie2_to_pcie3_wrapper_i/pcie2_ip_i/inst/inst/gt_top_i/pipe_wrapper_i/pipe_clock_int.pipe_clock_i/userclk1_i1.usrclk1_i1/O
                         net (fo=15975, routed)       1.317     5.337    POST_INIT_ADDRESS_PROBE/axi_aclk
    SLICE_X65Y26         FDRE                                         r  POST_INIT_ADDRESS_PROBE/scl_sync_reg[0]/C

Slack:                    inf
  Source:                 nvp_sda
                            (input port)
  Destination:            POST_INIT_ADDRESS_PROBE/sda_sync_reg[0]/D
                            (rising edge-triggered cell FDRE clocked by userclk1  {rise@0.000ns fall@8.000ns period=16.000ns})
  Path Group:             (none)
  Path Type:              Setup (Max at Slow Process Corner)
  Data Path Delay:        3.910ns  (logic 1.402ns (35.846%)  route 2.509ns (64.154%))
  Logic Levels:           1  (IBUF=1)
  Clock Path Skew:        5.336ns (DCD - SCD + CPR)
    Destination Clock Delay (DCD):    5.336ns
    Source Clock Delay      (SCD):    0.000ns
    Clock Pessimism Removal (CPR):    0.000ns
  Clock Uncertainty:      0.173ns  ((TSJ^2 + DJ^2)^1/2) / 2 + PE
    Total System Jitter     (TSJ):    0.050ns
    Discrete Jitter          (DJ):    0.141ns
    Phase Error              (PE):    0.099ns

    Location             Delay type                Incr(ns)  Path(ns)    Netlist Resource(s)
  -------------------------------------------------------------------    -------------------
    T18                                               0.000     0.000 r  nvp_sda (INOUT)
                         net (fo=1, unset)            0.000     0.000    NVP_SDA_IOBUF/IO
    T18                  IBUF (Prop_ibuf_I_O)         1.402     1.402 r  NVP_SDA_IOBUF/IBUF/O
                         net (fo=4, routed)           2.509     3.910    POST_INIT_ADDRESS_PROBE/D[2]
    SLICE_X58Y26         FDRE                                         r  POST_INIT_ADDRESS_PROBE/sda_sync_reg[0]/D
  -------------------------------------------------------------------    -------------------

                         (clock userclk1 rise edge)
                                                      0.000     0.000 r  
    GTPE2_CHANNEL_X0Y3   GTPE2_CHANNEL                0.000     0.000 r  XDMA/inst/xdma_v41_m1_pcie2_to_pcie3_wrapper_i/pcie2_ip_i/inst/inst/gt_top_i/pipe_wrapper_i/pipe_lane[0].gt_wrapper_i/gtp_channel.gtpe2_channel_i/TXOUTCLK
                         net (fo=1, routed)           1.150     1.150    XDMA/inst/xdma_v41_m1_pcie2_to_pcie3_wrapper_i/pcie2_ip_i/inst/inst/gt_top_i/pipe_wrapper_i/pipe_clock_int.pipe_clock_i/txoutclk_i.txoutclk_i_0
    BUFGCTRL_X0Y20       BUFG (Prop_bufg_I_O)         0.077     1.227 r  XDMA/inst/xdma_v41_m1_pcie2_to_pcie3_wrapper_i/pcie2_ip_i/inst/inst/gt_top_i/pipe_wrapper_i/pipe_clock_int.pipe_clock_i/txoutclk_i.txoutclk_i/O
                         net (fo=1, routed)           1.286     2.513    XDMA/inst/xdma_v41_m1_pcie2_to_pcie3_wrapper_i/pcie2_ip_i/inst/inst/gt_top_i/pipe_wrapper_i/pipe_clock_int.pipe_clock_i/refclk
    MMCME2_ADV_X0Y0      MMCME2_ADV (Prop_mmcme2_adv_CLKIN1_CLKOUT2)
                                                      0.073     2.586 r  XDMA/inst/xdma_v41_m1_pcie2_to_pcie3_wrapper_i/pcie2_ip_i/inst/inst/gt_top_i/pipe_wrapper_i/pipe_clock_int.pipe_clock_i/mmcm_i/CLKOUT2
                         net (fo=1, routed)           1.357     3.944    XDMA/inst/xdma_v41_m1_pcie2_to_pcie3_wrapper_i/pcie2_ip_i/inst/inst/gt_top_i/pipe_wrapper_i/pipe_clock_int.pipe_clock_i/userclk1
    BUFGCTRL_X0Y0        BUFG (Prop_bufg_I_O)         0.077     4.021 r  XDMA/inst/xdma_v41_m1_pcie2_to_pcie3_wrapper_i/pcie2_ip_i/inst/inst/gt_top_i/pipe_wrapper_i/pipe_clock_int.pipe_clock_i/userclk1_i1.usrclk1_i1/O
                         net (fo=15975, routed)       1.316     5.336    POST_INIT_ADDRESS_PROBE/axi_aclk
    SLICE_X58Y26         FDRE                                         r  POST_INIT_ADDRESS_PROBE/sda_sync_reg[0]/C

Slack:                    inf
  Source:                 nvp_sda
                            (input port)
  Destination:            POST_INIT_ADDRESS_PROBE/sda_sync_reg[0]/D
                            (rising edge-triggered cell FDRE clocked by userclk1  {rise@0.000ns fall@8.000ns period=16.000ns})
  Path Group:             (none)
  Path Type:              Setup (Max at Slow Process Corner)
  Data Path Delay:        3.910ns  (logic 1.402ns (35.846%)  route 2.509ns (64.154%))
  Logic Levels:           1  (IBUF=1)
  Clock Path Skew:        5.336ns (DCD - SCD + CPR)
    Destination Clock Delay (DCD):    5.336ns
    Source Clock Delay      (SCD):    0.000ns
    Clock Pessimism Removal (CPR):    0.000ns
  Clock Uncertainty:      0.173ns  ((TSJ^2 + DJ^2)^1/2) / 2 + PE
    Total System Jitter     (TSJ):    0.050ns
    Discrete Jitter          (DJ):    0.141ns
    Phase Error              (PE):    0.099ns

    Location             Delay type                Incr(ns)  Path(ns)    Netlist Resource(s)
  -------------------------------------------------------------------    -------------------
    T18                                               0.000     0.000 f  nvp_sda (INOUT)
                         net (fo=1, unset)            0.000     0.000    NVP_SDA_IOBUF/IO
    T18                  IBUF (Prop_ibuf_I_O)         1.402     1.402 f  NVP_SDA_IOBUF/IBUF/O
                         net (fo=4, routed)           2.509     3.910    POST_INIT_ADDRESS_PROBE/D[2]
    SLICE_X58Y26         FDRE                                         f  POST_INIT_ADDRESS_PROBE/sda_sync_reg[0]/D
  -------------------------------------------------------------------    -------------------

                         (clock userclk1 rise edge)
                                                      0.000     0.000 r  
    GTPE2_CHANNEL_X0Y3   GTPE2_CHANNEL                0.000     0.000 r  XDMA/inst/xdma_v41_m1_pcie2_to_pcie3_wrapper_i/pcie2_ip_i/inst/inst/gt_top_i/pipe_wrapper_i/pipe_lane[0].gt_wrapper_i/gtp_channel.gtpe2_channel_i/TXOUTCLK
                         net (fo=1, routed)           1.150     1.150    XDMA/inst/xdma_v41_m1_pcie2_to_pcie3_wrapper_i/pcie2_ip_i/inst/inst/gt_top_i/pipe_wrapper_i/pipe_clock_int.pipe_clock_i/txoutclk_i.txoutclk_i_0
    BUFGCTRL_X0Y20       BUFG (Prop_bufg_I_O)         0.077     1.227 r  XDMA/inst/xdma_v41_m1_pcie2_to_pcie3_wrapper_i/pcie2_ip_i/inst/inst/gt_top_i/pipe_wrapper_i/pipe_clock_int.pipe_clock_i/txoutclk_i.txoutclk_i/O
                         net (fo=1, routed)           1.286     2.513    XDMA/inst/xdma_v41_m1_pcie2_to_pcie3_wrapper_i/pcie2_ip_i/inst/inst/gt_top_i/pipe_wrapper_i/pipe_clock_int.pipe_clock_i/refclk
    MMCME2_ADV_X0Y0      MMCME2_ADV (Prop_mmcme2_adv_CLKIN1_CLKOUT2)
                                                      0.073     2.586 r  XDMA/inst/xdma_v41_m1_pcie2_to_pcie3_wrapper_i/pcie2_ip_i/inst/inst/gt_top_i/pipe_wrapper_i/pipe_clock_int.pipe_clock_i/mmcm_i/CLKOUT2
                         net (fo=1, routed)           1.357     3.944    XDMA/inst/xdma_v41_m1_pcie2_to_pcie3_wrapper_i/pcie2_ip_i/inst/inst/gt_top_i/pipe_wrapper_i/pipe_clock_int.pipe_clock_i/userclk1
    BUFGCTRL_X0Y0        BUFG (Prop_bufg_I_O)         0.077     4.021 r  XDMA/inst/xdma_v41_m1_pcie2_to_pcie3_wrapper_i/pcie2_ip_i/inst/inst/gt_top_i/pipe_wrapper_i/pipe_clock_int.pipe_clock_i/userclk1_i1.usrclk1_i1/O
                         net (fo=15975, routed)       1.316     5.336    POST_INIT_ADDRESS_PROBE/axi_aclk
    SLICE_X58Y26         FDRE                                         r  POST_INIT_ADDRESS_PROBE/sda_sync_reg[0]/C

Slack:                    inf
  Source:                 nvp_scl
                            (input port)
  Destination:            CONTROL_STATUS_REGS/local_rsp_rdata_reg[6]/D
                            (rising edge-triggered cell FDRE clocked by userclk1  {rise@0.000ns fall@8.000ns period=16.000ns})
  Path Group:             (none)
  Path Type:              Setup (Max at Fast Process Corner)
  Data Path Delay:        3.598ns  (logic 0.787ns (21.860%)  route 2.811ns (78.140%))
  Logic Levels:           6  (IBUF=1 LUT3=1 LUT5=1 LUT6=3)
  Clock Path Skew:        2.177ns (DCD - SCD + CPR)
    Destination Clock Delay (DCD):    2.177ns
    Source Clock Delay      (SCD):    0.000ns
    Clock Pessimism Removal (CPR):    0.000ns
  Clock Uncertainty:      0.173ns  ((TSJ^2 + DJ^2)^1/2) / 2 + PE
    Total System Jitter     (TSJ):    0.050ns
    Discrete Jitter          (DJ):    0.141ns
    Phase Error              (PE):    0.099ns

    Location             Delay type                Incr(ns)  Path(ns)    Netlist Resource(s)
  -------------------------------------------------------------------    -------------------
    T17                                               0.000     0.000 r  nvp_scl (INOUT)
                         net (fo=1, unset)            0.000     0.000    NVP_SCL_IOBUF/IO
    T17                  IBUF (Prop_ibuf_I_O)         0.428     0.428 r  NVP_SCL_IOBUF/IBUF/O
                         net (fo=4, routed)           1.662     2.090    AXI_LITE_HOST_BRIDGE/local_rsp_rdata[6]_i_17_0[0]
    SLICE_X50Y40         LUT3 (Prop_lut3_I0_O)        0.053     2.143 r  AXI_LITE_HOST_BRIDGE/local_rsp_rdata[6]_i_23/O
                         net (fo=1, routed)           0.177     2.320    AXI_LITE_HOST_BRIDGE/local_rsp_rdata[6]_i_23_n_0
    SLICE_X50Y40         LUT6 (Prop_lut6_I0_O)        0.138     2.458 r  AXI_LITE_HOST_BRIDGE/local_rsp_rdata[6]_i_17/O
                         net (fo=1, routed)           0.420     2.878    AXI_LITE_HOST_BRIDGE/local_rsp_rdata[6]_i_17_n_0
    SLICE_X45Y35         LUT5 (Prop_lut5_I0_O)        0.056     2.934 r  AXI_LITE_HOST_BRIDGE/local_rsp_rdata[6]_i_10/O
                         net (fo=1, routed)           0.261     3.195    AXI_LITE_HOST_BRIDGE/local_rsp_rdata[6]_i_10_n_0
    SLICE_X45Y34         LUT6 (Prop_lut6_I0_O)        0.056     3.251 r  AXI_LITE_HOST_BRIDGE/local_rsp_rdata[6]_i_4/O
                         net (fo=1, routed)           0.291     3.542    AXI_LITE_HOST_BRIDGE/local_rsp_rdata[6]_i_4_n_0
    SLICE_X48Y34         LUT6 (Prop_lut6_I4_O)        0.056     3.598 r  AXI_LITE_HOST_BRIDGE/local_rsp_rdata[6]_i_1/O
                         net (fo=1, routed)           0.000     3.598    CONTROL_STATUS_REGS/local_rsp_rdata_reg[31]_1[6]
    SLICE_X48Y34         FDRE                                         r  CONTROL_STATUS_REGS/local_rsp_rdata_reg[6]/D
  -------------------------------------------------------------------    -------------------

                         (clock userclk1 rise edge)
                                                      0.000     0.000 r  
    GTPE2_CHANNEL_X0Y3   GTPE2_CHANNEL                0.000     0.000 r  XDMA/inst/xdma_v41_m1_pcie2_to_pcie3_wrapper_i/pcie2_ip_i/inst/inst/gt_top_i/pipe_wrapper_i/pipe_lane[0].gt_wrapper_i/gtp_channel.gtpe2_channel_i/TXOUTCLK
                         net (fo=1, routed)           0.473     0.473    XDMA/inst/xdma_v41_m1_pcie2_to_pcie3_wrapper_i/pcie2_ip_i/inst/inst/gt_top_i/pipe_wrapper_i/pipe_clock_int.pipe_clock_i/txoutclk_i.txoutclk_i_0
    BUFGCTRL_X0Y20       BUFG (Prop_bufg_I_O)         0.026     0.499 r  XDMA/inst/xdma_v41_m1_pcie2_to_pcie3_wrapper_i/pcie2_ip_i/inst/inst/gt_top_i/pipe_wrapper_i/pipe_clock_int.pipe_clock_i/txoutclk_i.txoutclk_i/O
                         net (fo=1, routed)           0.551     1.050    XDMA/inst/xdma_v41_m1_pcie2_to_pcie3_wrapper_i/pcie2_ip_i/inst/inst/gt_top_i/pipe_wrapper_i/pipe_clock_int.pipe_clock_i/refclk
    MMCME2_ADV_X0Y0      MMCME2_ADV (Prop_mmcme2_adv_CLKIN1_CLKOUT2)
                                                      0.050     1.100 r  XDMA/inst/xdma_v41_m1_pcie2_to_pcie3_wrapper_i/pcie2_ip_i/inst/inst/gt_top_i/pipe_wrapper_i/pipe_clock_int.pipe_clock_i/mmcm_i/CLKOUT2
                         net (fo=1, routed)           0.489     1.589    XDMA/inst/xdma_v41_m1_pcie2_to_pcie3_wrapper_i/pcie2_ip_i/inst/inst/gt_top_i/pipe_wrapper_i/pipe_clock_int.pipe_clock_i/userclk1
    BUFGCTRL_X0Y0        BUFG (Prop_bufg_I_O)         0.026     1.615 r  XDMA/inst/xdma_v41_m1_pcie2_to_pcie3_wrapper_i/pcie2_ip_i/inst/inst/gt_top_i/pipe_wrapper_i/pipe_clock_int.pipe_clock_i/userclk1_i1.usrclk1_i1/O
                         net (fo=15975, routed)       0.562     2.177    CONTROL_STATUS_REGS/CLK
    SLICE_X48Y34         FDRE                                         r  CONTROL_STATUS_REGS/local_rsp_rdata_reg[6]/C

Slack:                    inf
  Source:                 nvp_scl
                            (input port)
  Destination:            CONTROL_STATUS_REGS/local_rsp_rdata_reg[6]/D
                            (rising edge-triggered cell FDRE clocked by userclk1  {rise@0.000ns fall@8.000ns period=16.000ns})
  Path Group:             (none)
  Path Type:              Setup (Max at Fast Process Corner)
  Data Path Delay:        3.598ns  (logic 0.787ns (21.860%)  route 2.811ns (78.140%))
  Logic Levels:           6  (IBUF=1 LUT3=1 LUT5=1 LUT6=3)
  Clock Path Skew:        2.177ns (DCD - SCD + CPR)
    Destination Clock Delay (DCD):    2.177ns
    Source Clock Delay      (SCD):    0.000ns
    Clock Pessimism Removal (CPR):    0.000ns
  Clock Uncertainty:      0.173ns  ((TSJ^2 + DJ^2)^1/2) / 2 + PE
    Total System Jitter     (TSJ):    0.050ns
    Discrete Jitter          (DJ):    0.141ns
    Phase Error              (PE):    0.099ns

    Location             Delay type                Incr(ns)  Path(ns)    Netlist Resource(s)
  -------------------------------------------------------------------    -------------------
    T17                                               0.000     0.000 f  nvp_scl (INOUT)
                         net (fo=1, unset)            0.000     0.000    NVP_SCL_IOBUF/IO
    T17                  IBUF (Prop_ibuf_I_O)         0.428     0.428 f  NVP_SCL_IOBUF/IBUF/O
                         net (fo=4, routed)           1.662     2.090    AXI_LITE_HOST_BRIDGE/local_rsp_rdata[6]_i_17_0[0]
    SLICE_X50Y40         LUT3 (Prop_lut3_I0_O)        0.053     2.143 f  AXI_LITE_HOST_BRIDGE/local_rsp_rdata[6]_i_23/O
                         net (fo=1, routed)           0.177     2.320    AXI_LITE_HOST_BRIDGE/local_rsp_rdata[6]_i_23_n_0
    SLICE_X50Y40         LUT6 (Prop_lut6_I0_O)        0.138     2.458 f  AXI_LITE_HOST_BRIDGE/local_rsp_rdata[6]_i_17/O
                         net (fo=1, routed)           0.420     2.878    AXI_LITE_HOST_BRIDGE/local_rsp_rdata[6]_i_17_n_0
    SLICE_X45Y35         LUT5 (Prop_lut5_I0_O)        0.056     2.934 f  AXI_LITE_HOST_BRIDGE/local_rsp_rdata[6]_i_10/O
                         net (fo=1, routed)           0.261     3.195    AXI_LITE_HOST_BRIDGE/local_rsp_rdata[6]_i_10_n_0
    SLICE_X45Y34         LUT6 (Prop_lut6_I0_O)        0.056     3.251 f  AXI_LITE_HOST_BRIDGE/local_rsp_rdata[6]_i_4/O
                         net (fo=1, routed)           0.291     3.542    AXI_LITE_HOST_BRIDGE/local_rsp_rdata[6]_i_4_n_0
    SLICE_X48Y34         LUT6 (Prop_lut6_I4_O)        0.056     3.598 f  AXI_LITE_HOST_BRIDGE/local_rsp_rdata[6]_i_1/O
                         net (fo=1, routed)           0.000     3.598    CONTROL_STATUS_REGS/local_rsp_rdata_reg[31]_1[6]
    SLICE_X48Y34         FDRE                                         f  CONTROL_STATUS_REGS/local_rsp_rdata_reg[6]/D
  -------------------------------------------------------------------    -------------------

                         (clock userclk1 rise edge)
                                                      0.000     0.000 r  
    GTPE2_CHANNEL_X0Y3   GTPE2_CHANNEL                0.000     0.000 r  XDMA/inst/xdma_v41_m1_pcie2_to_pcie3_wrapper_i/pcie2_ip_i/inst/inst/gt_top_i/pipe_wrapper_i/pipe_lane[0].gt_wrapper_i/gtp_channel.gtpe2_channel_i/TXOUTCLK
                         net (fo=1, routed)           0.473     0.473    XDMA/inst/xdma_v41_m1_pcie2_to_pcie3_wrapper_i/pcie2_ip_i/inst/inst/gt_top_i/pipe_wrapper_i/pipe_clock_int.pipe_clock_i/txoutclk_i.txoutclk_i_0
    BUFGCTRL_X0Y20       BUFG (Prop_bufg_I_O)         0.026     0.499 r  XDMA/inst/xdma_v41_m1_pcie2_to_pcie3_wrapper_i/pcie2_ip_i/inst/inst/gt_top_i/pipe_wrapper_i/pipe_clock_int.pipe_clock_i/txoutclk_i.txoutclk_i/O
                         net (fo=1, routed)           0.551     1.050    XDMA/inst/xdma_v41_m1_pcie2_to_pcie3_wrapper_i/pcie2_ip_i/inst/inst/gt_top_i/pipe_wrapper_i/pipe_clock_int.pipe_clock_i/refclk
    MMCME2_ADV_X0Y0      MMCME2_ADV (Prop_mmcme2_adv_CLKIN1_CLKOUT2)
                                                      0.050     1.100 r  XDMA/inst/xdma_v41_m1_pcie2_to_pcie3_wrapper_i/pcie2_ip_i/inst/inst/gt_top_i/pipe_wrapper_i/pipe_clock_int.pipe_clock_i/mmcm_i/CLKOUT2
                         net (fo=1, routed)           0.489     1.589    XDMA/inst/xdma_v41_m1_pcie2_to_pcie3_wrapper_i/pcie2_ip_i/inst/inst/gt_top_i/pipe_wrapper_i/pipe_clock_int.pipe_clock_i/userclk1
    BUFGCTRL_X0Y0        BUFG (Prop_bufg_I_O)         0.026     1.615 r  XDMA/inst/xdma_v41_m1_pcie2_to_pcie3_wrapper_i/pcie2_ip_i/inst/inst/gt_top_i/pipe_wrapper_i/pipe_clock_int.pipe_clock_i/userclk1_i1.usrclk1_i1/O
                         net (fo=15975, routed)       0.562     2.177    CONTROL_STATUS_REGS/CLK
    SLICE_X48Y34         FDRE                                         r  CONTROL_STATUS_REGS/local_rsp_rdata_reg[6]/C

Slack:                    inf
  Source:                 nvp_sda
                            (input port)
  Destination:            nvp_diag_axi_reg[39]/D
                            (rising edge-triggered cell FDRE clocked by userclk1  {rise@0.000ns fall@8.000ns period=16.000ns})
  Path Group:             (none)
  Path Type:              Setup (Max at Slow Process Corner)
  Data Path Delay:        3.562ns  (logic 1.402ns (39.356%)  route 2.160ns (60.644%))
  Logic Levels:           1  (IBUF=1)
  Clock Path Skew:        5.266ns (DCD - SCD + CPR)
    Destination Clock Delay (DCD):    5.266ns
    Source Clock Delay      (SCD):    0.000ns
    Clock Pessimism Removal (CPR):    0.000ns
  Clock Uncertainty:      0.173ns  ((TSJ^2 + DJ^2)^1/2) / 2 + PE
    Total System Jitter     (TSJ):    0.050ns
    Discrete Jitter          (DJ):    0.141ns
    Phase Error              (PE):    0.099ns

    Location             Delay type                Incr(ns)  Path(ns)    Netlist Resource(s)
  -------------------------------------------------------------------    -------------------
    T18                                               0.000     0.000 r  nvp_sda (INOUT)
                         net (fo=1, unset)            0.000     0.000    NVP_SDA_IOBUF/IO
    T18                  IBUF (Prop_ibuf_I_O)         1.402     1.402 r  NVP_SDA_IOBUF/IBUF/O
                         net (fo=4, routed)           2.160     3.562    nvp_sda_i
    SLICE_X45Y26         FDRE                                         r  nvp_diag_axi_reg[39]/D
  -------------------------------------------------------------------    -------------------

                         (clock userclk1 rise edge)
                                                      0.000     0.000 r  
    GTPE2_CHANNEL_X0Y3   GTPE2_CHANNEL                0.000     0.000 r  XDMA/inst/xdma_v41_m1_pcie2_to_pcie3_wrapper_i/pcie2_ip_i/inst/inst/gt_top_i/pipe_wrapper_i/pipe_lane[0].gt_wrapper_i/gtp_channel.gtpe2_channel_i/TXOUTCLK
                         net (fo=1, routed)           1.150     1.150    XDMA/inst/xdma_v41_m1_pcie2_to_pcie3_wrapper_i/pcie2_ip_i/inst/inst/gt_top_i/pipe_wrapper_i/pipe_clock_int.pipe_clock_i/txoutclk_i.txoutclk_i_0
    BUFGCTRL_X0Y20       BUFG (Prop_bufg_I_O)         0.077     1.227 r  XDMA/inst/xdma_v41_m1_pcie2_to_pcie3_wrapper_i/pcie2_ip_i/inst/inst/gt_top_i/pipe_wrapper_i/pipe_clock_int.pipe_clock_i/txoutclk_i.txoutclk_i/O
                         net (fo=1, routed)           1.286     2.513    XDMA/inst/xdma_v41_m1_pcie2_to_pcie3_wrapper_i/pcie2_ip_i/inst/inst/gt_top_i/pipe_wrapper_i/pipe_clock_int.pipe_clock_i/refclk
    MMCME2_ADV_X0Y0      MMCME2_ADV (Prop_mmcme2_adv_CLKIN1_CLKOUT2)
                                                      0.073     2.586 r  XDMA/inst/xdma_v41_m1_pcie2_to_pcie3_wrapper_i/pcie2_ip_i/inst/inst/gt_top_i/pipe_wrapper_i/pipe_clock_int.pipe_clock_i/mmcm_i/CLKOUT2
                         net (fo=1, routed)           1.357     3.944    XDMA/inst/xdma_v41_m1_pcie2_to_pcie3_wrapper_i/pcie2_ip_i/inst/inst/gt_top_i/pipe_wrapper_i/pipe_clock_int.pipe_clock_i/userclk1
    BUFGCTRL_X0Y0        BUFG (Prop_bufg_I_O)         0.077     4.021 r  XDMA/inst/xdma_v41_m1_pcie2_to_pcie3_wrapper_i/pcie2_ip_i/inst/inst/gt_top_i/pipe_wrapper_i/pipe_clock_int.pipe_clock_i/userclk1_i1.usrclk1_i1/O
                         net (fo=15975, routed)       1.246     5.266    autonomous_clk
    SLICE_X45Y26         FDRE                                         r  nvp_diag_axi_reg[39]/C

Slack:                    inf
  Source:                 nvp_sda
                            (input port)
  Destination:            nvp_diag_axi_reg[39]/D
                            (rising edge-triggered cell FDRE clocked by userclk1  {rise@0.000ns fall@8.000ns period=16.000ns})
  Path Group:             (none)
  Path Type:              Setup (Max at Slow Process Corner)
  Data Path Delay:        3.562ns  (logic 1.402ns (39.356%)  route 2.160ns (60.644%))
  Logic Levels:           1  (IBUF=1)
  Clock Path Skew:        5.266ns (DCD - SCD + CPR)
    Destination Clock Delay (DCD):    5.266ns
    Source Clock Delay      (SCD):    0.000ns
    Clock Pessimism Removal (CPR):    0.000ns
  Clock Uncertainty:      0.173ns  ((TSJ^2 + DJ^2)^1/2) / 2 + PE
    Total System Jitter     (TSJ):    0.050ns
    Discrete Jitter          (DJ):    0.141ns
    Phase Error              (PE):    0.099ns

    Location             Delay type                Incr(ns)  Path(ns)    Netlist Resource(s)
  -------------------------------------------------------------------    -------------------
    T18                                               0.000     0.000 f  nvp_sda (INOUT)
                         net (fo=1, unset)            0.000     0.000    NVP_SDA_IOBUF/IO
    T18                  IBUF (Prop_ibuf_I_O)         1.402     1.402 f  NVP_SDA_IOBUF/IBUF/O
                         net (fo=4, routed)           2.160     3.562    nvp_sda_i
    SLICE_X45Y26         FDRE                                         f  nvp_diag_axi_reg[39]/D
  -------------------------------------------------------------------    -------------------

                         (clock userclk1 rise edge)
                                                      0.000     0.000 r  
    GTPE2_CHANNEL_X0Y3   GTPE2_CHANNEL                0.000     0.000 r  XDMA/inst/xdma_v41_m1_pcie2_to_pcie3_wrapper_i/pcie2_ip_i/inst/inst/gt_top_i/pipe_wrapper_i/pipe_lane[0].gt_wrapper_i/gtp_channel.gtpe2_channel_i/TXOUTCLK
                         net (fo=1, routed)           1.150     1.150    XDMA/inst/xdma_v41_m1_pcie2_to_pcie3_wrapper_i/pcie2_ip_i/inst/inst/gt_top_i/pipe_wrapper_i/pipe_clock_int.pipe_clock_i/txoutclk_i.txoutclk_i_0
    BUFGCTRL_X0Y20       BUFG (Prop_bufg_I_O)         0.077     1.227 r  XDMA/inst/xdma_v41_m1_pcie2_to_pcie3_wrapper_i/pcie2_ip_i/inst/inst/gt_top_i/pipe_wrapper_i/pipe_clock_int.pipe_clock_i/txoutclk_i.txoutclk_i/O
                         net (fo=1, routed)           1.286     2.513    XDMA/inst/xdma_v41_m1_pcie2_to_pcie3_wrapper_i/pcie2_ip_i/inst/inst/gt_top_i/pipe_wrapper_i/pipe_clock_int.pipe_clock_i/refclk
    MMCME2_ADV_X0Y0      MMCME2_ADV (Prop_mmcme2_adv_CLKIN1_CLKOUT2)
                                                      0.073     2.586 r  XDMA/inst/xdma_v41_m1_pcie2_to_pcie3_wrapper_i/pcie2_ip_i/inst/inst/gt_top_i/pipe_wrapper_i/pipe_clock_int.pipe_clock_i/mmcm_i/CLKOUT2
                         net (fo=1, routed)           1.357     3.944    XDMA/inst/xdma_v41_m1_pcie2_to_pcie3_wrapper_i/pcie2_ip_i/inst/inst/gt_top_i/pipe_wrapper_i/pipe_clock_int.pipe_clock_i/userclk1
    BUFGCTRL_X0Y0        BUFG (Prop_bufg_I_O)         0.077     4.021 r  XDMA/inst/xdma_v41_m1_pcie2_to_pcie3_wrapper_i/pcie2_ip_i/inst/inst/gt_top_i/pipe_wrapper_i/pipe_clock_int.pipe_clock_i/userclk1_i1.usrclk1_i1/O
                         net (fo=15975, routed)       1.246     5.266    autonomous_clk
    SLICE_X45Y26         FDRE                                         r  nvp_diag_axi_reg[39]/C

Slack:                    inf
  Source:                 nvp_sda
                            (input port)
  Destination:            CONTROL_STATUS_REGS/local_rsp_rdata_reg[7]/D
                            (rising edge-triggered cell FDRE clocked by userclk1  {rise@0.000ns fall@8.000ns period=16.000ns})
  Path Group:             (none)
  Path Type:              Setup (Max at Fast Process Corner)
  Data Path Delay:        3.524ns  (logic 0.650ns (18.457%)  route 2.874ns (81.543%))
  Logic Levels:           5  (IBUF=1 LUT5=1 LUT6=3)
  Clock Path Skew:        2.177ns (DCD - SCD + CPR)
    Destination Clock Delay (DCD):    2.177ns
    Source Clock Delay      (SCD):    0.000ns
    Clock Pessimism Removal (CPR):    0.000ns
  Clock Uncertainty:      0.173ns  ((TSJ^2 + DJ^2)^1/2) / 2 + PE
    Total System Jitter     (TSJ):    0.050ns
    Discrete Jitter          (DJ):    0.141ns
    Phase Error              (PE):    0.099ns

    Location             Delay type                Incr(ns)  Path(ns)    Netlist Resource(s)
  -------------------------------------------------------------------    -------------------
    T18                                               0.000     0.000 r  nvp_sda (INOUT)
                         net (fo=1, unset)            0.000     0.000    NVP_SDA_IOBUF/IO
    T18                  IBUF (Prop_ibuf_I_O)         0.426     0.426 r  NVP_SDA_IOBUF/IBUF/O
                         net (fo=4, routed)           1.830     2.257    AXI_LITE_HOST_BRIDGE/local_rsp_rdata[7]_i_10_0[0]
    SLICE_X51Y39         LUT6 (Prop_lut6_I2_O)        0.056     2.313 r  AXI_LITE_HOST_BRIDGE/local_rsp_rdata[7]_i_17/O
                         net (fo=1, routed)           0.498     2.811    AXI_LITE_HOST_BRIDGE/local_rsp_rdata[7]_i_17_n_0
    SLICE_X39Y33         LUT5 (Prop_lut5_I0_O)        0.056     2.867 r  AXI_LITE_HOST_BRIDGE/local_rsp_rdata[7]_i_10/O
                         net (fo=1, routed)           0.198     3.065    AXI_LITE_HOST_BRIDGE/local_rsp_rdata[7]_i_10_n_0
    SLICE_X39Y34         LUT6 (Prop_lut6_I0_O)        0.056     3.121 r  AXI_LITE_HOST_BRIDGE/local_rsp_rdata[7]_i_4/O
                         net (fo=1, routed)           0.347     3.468    AXI_LITE_HOST_BRIDGE/local_rsp_rdata[7]_i_4_n_0
    SLICE_X48Y34         LUT6 (Prop_lut6_I4_O)        0.056     3.524 r  AXI_LITE_HOST_BRIDGE/local_rsp_rdata[7]_i_1/O
                         net (fo=1, routed)           0.000     3.524    CONTROL_STATUS_REGS/local_rsp_rdata_reg[31]_1[7]
    SLICE_X48Y34         FDRE                                         r  CONTROL_STATUS_REGS/local_rsp_rdata_reg[7]/D
  -------------------------------------------------------------------    -------------------

                         (clock userclk1 rise edge)
                                                      0.000     0.000 r  
    GTPE2_CHANNEL_X0Y3   GTPE2_CHANNEL                0.000     0.000 r  XDMA/inst/xdma_v41_m1_pcie2_to_pcie3_wrapper_i/pcie2_ip_i/inst/inst/gt_top_i/pipe_wrapper_i/pipe_lane[0].gt_wrapper_i/gtp_channel.gtpe2_channel_i/TXOUTCLK
                         net (fo=1, routed)           0.473     0.473    XDMA/inst/xdma_v41_m1_pcie2_to_pcie3_wrapper_i/pcie2_ip_i/inst/inst/gt_top_i/pipe_wrapper_i/pipe_clock_int.pipe_clock_i/txoutclk_i.txoutclk_i_0
    BUFGCTRL_X0Y20       BUFG (Prop_bufg_I_O)         0.026     0.499 r  XDMA/inst/xdma_v41_m1_pcie2_to_pcie3_wrapper_i/pcie2_ip_i/inst/inst/gt_top_i/pipe_wrapper_i/pipe_clock_int.pipe_clock_i/txoutclk_i.txoutclk_i/O
                         net (fo=1, routed)           0.551     1.050    XDMA/inst/xdma_v41_m1_pcie2_to_pcie3_wrapper_i/pcie2_ip_i/inst/inst/gt_top_i/pipe_wrapper_i/pipe_clock_int.pipe_clock_i/refclk
    MMCME2_ADV_X0Y0      MMCME2_ADV (Prop_mmcme2_adv_CLKIN1_CLKOUT2)
                                                      0.050     1.100 r  XDMA/inst/xdma_v41_m1_pcie2_to_pcie3_wrapper_i/pcie2_ip_i/inst/inst/gt_top_i/pipe_wrapper_i/pipe_clock_int.pipe_clock_i/mmcm_i/CLKOUT2
                         net (fo=1, routed)           0.489     1.589    XDMA/inst/xdma_v41_m1_pcie2_to_pcie3_wrapper_i/pcie2_ip_i/inst/inst/gt_top_i/pipe_wrapper_i/pipe_clock_int.pipe_clock_i/userclk1
    BUFGCTRL_X0Y0        BUFG (Prop_bufg_I_O)         0.026     1.615 r  XDMA/inst/xdma_v41_m1_pcie2_to_pcie3_wrapper_i/pcie2_ip_i/inst/inst/gt_top_i/pipe_wrapper_i/pipe_clock_int.pipe_clock_i/userclk1_i1.usrclk1_i1/O
                         net (fo=15975, routed)       0.562     2.177    CONTROL_STATUS_REGS/CLK
    SLICE_X48Y34         FDRE                                         r  CONTROL_STATUS_REGS/local_rsp_rdata_reg[7]/C

Slack:                    inf
  Source:                 nvp_sda
                            (input port)
  Destination:            CONTROL_STATUS_REGS/local_rsp_rdata_reg[7]/D
                            (rising edge-triggered cell FDRE clocked by userclk1  {rise@0.000ns fall@8.000ns period=16.000ns})
  Path Group:             (none)
  Path Type:              Setup (Max at Fast Process Corner)
  Data Path Delay:        3.524ns  (logic 0.650ns (18.457%)  route 2.874ns (81.543%))
  Logic Levels:           5  (IBUF=1 LUT5=1 LUT6=3)
  Clock Path Skew:        2.177ns (DCD - SCD + CPR)
    Destination Clock Delay (DCD):    2.177ns
    Source Clock Delay      (SCD):    0.000ns
    Clock Pessimism Removal (CPR):    0.000ns
  Clock Uncertainty:      0.173ns  ((TSJ^2 + DJ^2)^1/2) / 2 + PE
    Total System Jitter     (TSJ):    0.050ns
    Discrete Jitter          (DJ):    0.141ns
    Phase Error              (PE):    0.099ns

    Location             Delay type                Incr(ns)  Path(ns)    Netlist Resource(s)
  -------------------------------------------------------------------    -------------------
    T18                                               0.000     0.000 f  nvp_sda (INOUT)
                         net (fo=1, unset)            0.000     0.000    NVP_SDA_IOBUF/IO
    T18                  IBUF (Prop_ibuf_I_O)         0.426     0.426 f  NVP_SDA_IOBUF/IBUF/O
                         net (fo=4, routed)           1.830     2.257    AXI_LITE_HOST_BRIDGE/local_rsp_rdata[7]_i_10_0[0]
    SLICE_X51Y39         LUT6 (Prop_lut6_I2_O)        0.056     2.313 f  AXI_LITE_HOST_BRIDGE/local_rsp_rdata[7]_i_17/O
                         net (fo=1, routed)           0.498     2.811    AXI_LITE_HOST_BRIDGE/local_rsp_rdata[7]_i_17_n_0
    SLICE_X39Y33         LUT5 (Prop_lut5_I0_O)        0.056     2.867 f  AXI_LITE_HOST_BRIDGE/local_rsp_rdata[7]_i_10/O
                         net (fo=1, routed)           0.198     3.065    AXI_LITE_HOST_BRIDGE/local_rsp_rdata[7]_i_10_n_0
    SLICE_X39Y34         LUT6 (Prop_lut6_I0_O)        0.056     3.121 f  AXI_LITE_HOST_BRIDGE/local_rsp_rdata[7]_i_4/O
                         net (fo=1, routed)           0.347     3.468    AXI_LITE_HOST_BRIDGE/local_rsp_rdata[7]_i_4_n_0
    SLICE_X48Y34         LUT6 (Prop_lut6_I4_O)        0.056     3.524 f  AXI_LITE_HOST_BRIDGE/local_rsp_rdata[7]_i_1/O
                         net (fo=1, routed)           0.000     3.524    CONTROL_STATUS_REGS/local_rsp_rdata_reg[31]_1[7]
    SLICE_X48Y34         FDRE                                         f  CONTROL_STATUS_REGS/local_rsp_rdata_reg[7]/D
  -------------------------------------------------------------------    -------------------

                         (clock userclk1 rise edge)
                                                      0.000     0.000 r  
    GTPE2_CHANNEL_X0Y3   GTPE2_CHANNEL                0.000     0.000 r  XDMA/inst/xdma_v41_m1_pcie2_to_pcie3_wrapper_i/pcie2_ip_i/inst/inst/gt_top_i/pipe_wrapper_i/pipe_lane[0].gt_wrapper_i/gtp_channel.gtpe2_channel_i/TXOUTCLK
                         net (fo=1, routed)           0.473     0.473    XDMA/inst/xdma_v41_m1_pcie2_to_pcie3_wrapper_i/pcie2_ip_i/inst/inst/gt_top_i/pipe_wrapper_i/pipe_clock_int.pipe_clock_i/txoutclk_i.txoutclk_i_0
    BUFGCTRL_X0Y20       BUFG (Prop_bufg_I_O)         0.026     0.499 r  XDMA/inst/xdma_v41_m1_pcie2_to_pcie3_wrapper_i/pcie2_ip_i/inst/inst/gt_top_i/pipe_wrapper_i/pipe_clock_int.pipe_clock_i/txoutclk_i.txoutclk_i/O
                         net (fo=1, routed)           0.551     1.050    XDMA/inst/xdma_v41_m1_pcie2_to_pcie3_wrapper_i/pcie2_ip_i/inst/inst/gt_top_i/pipe_wrapper_i/pipe_clock_int.pipe_clock_i/refclk
    MMCME2_ADV_X0Y0      MMCME2_ADV (Prop_mmcme2_adv_CLKIN1_CLKOUT2)
                                                      0.050     1.100 r  XDMA/inst/xdma_v41_m1_pcie2_to_pcie3_wrapper_i/pcie2_ip_i/inst/inst/gt_top_i/pipe_wrapper_i/pipe_clock_int.pipe_clock_i/mmcm_i/CLKOUT2
                         net (fo=1, routed)           0.489     1.589    XDMA/inst/xdma_v41_m1_pcie2_to_pcie3_wrapper_i/pcie2_ip_i/inst/inst/gt_top_i/pipe_wrapper_i/pipe_clock_int.pipe_clock_i/userclk1
    BUFGCTRL_X0Y0        BUFG (Prop_bufg_I_O)         0.026     1.615 r  XDMA/inst/xdma_v41_m1_pcie2_to_pcie3_wrapper_i/pcie2_ip_i/inst/inst/gt_top_i/pipe_wrapper_i/pipe_clock_int.pipe_clock_i/userclk1_i1.usrclk1_i1/O
                         net (fo=15975, routed)       0.562     2.177    CONTROL_STATUS_REGS/CLK
    SLICE_X48Y34         FDRE                                         r  CONTROL_STATUS_REGS/local_rsp_rdata_reg[7]/C

Slack:                    inf
  Source:                 nvp_scl
                            (input port)
  Destination:            nvp_diag_axi_reg[38]/D
                            (rising edge-triggered cell FDRE clocked by userclk1  {rise@0.000ns fall@8.000ns period=16.000ns})
  Path Group:             (none)
  Path Type:              Setup (Max at Slow Process Corner)
  Data Path Delay:        3.480ns  (logic 1.403ns (40.307%)  route 2.077ns (59.693%))
  Logic Levels:           1  (IBUF=1)
  Clock Path Skew:        5.266ns (DCD - SCD + CPR)
    Destination Clock Delay (DCD):    5.266ns
    Source Clock Delay      (SCD):    0.000ns
    Clock Pessimism Removal (CPR):    0.000ns
  Clock Uncertainty:      0.173ns  ((TSJ^2 + DJ^2)^1/2) / 2 + PE
    Total System Jitter     (TSJ):    0.050ns
    Discrete Jitter          (DJ):    0.141ns
    Phase Error              (PE):    0.099ns

    Location             Delay type                Incr(ns)  Path(ns)    Netlist Resource(s)
  -------------------------------------------------------------------    -------------------
    T17                                               0.000     0.000 r  nvp_scl (INOUT)
                         net (fo=1, unset)            0.000     0.000    NVP_SCL_IOBUF/IO
    T17                  IBUF (Prop_ibuf_I_O)         1.403     1.403 r  NVP_SCL_IOBUF/IBUF/O
                         net (fo=4, routed)           2.077     3.480    nvp_scl_i
    SLICE_X44Y26         FDRE                                         r  nvp_diag_axi_reg[38]/D
  -------------------------------------------------------------------    -------------------

                         (clock userclk1 rise edge)
                                                      0.000     0.000 r  
    GTPE2_CHANNEL_X0Y3   GTPE2_CHANNEL                0.000     0.000 r  XDMA/inst/xdma_v41_m1_pcie2_to_pcie3_wrapper_i/pcie2_ip_i/inst/inst/gt_top_i/pipe_wrapper_i/pipe_lane[0].gt_wrapper_i/gtp_channel.gtpe2_channel_i/TXOUTCLK
                         net (fo=1, routed)           1.150     1.150    XDMA/inst/xdma_v41_m1_pcie2_to_pcie3_wrapper_i/pcie2_ip_i/inst/inst/gt_top_i/pipe_wrapper_i/pipe_clock_int.pipe_clock_i/txoutclk_i.txoutclk_i_0
    BUFGCTRL_X0Y20       BUFG (Prop_bufg_I_O)         0.077     1.227 r  XDMA/inst/xdma_v41_m1_pcie2_to_pcie3_wrapper_i/pcie2_ip_i/inst/inst/gt_top_i/pipe_wrapper_i/pipe_clock_int.pipe_clock_i/txoutclk_i.txoutclk_i/O
                         net (fo=1, routed)           1.286     2.513    XDMA/inst/xdma_v41_m1_pcie2_to_pcie3_wrapper_i/pcie2_ip_i/inst/inst/gt_top_i/pipe_wrapper_i/pipe_clock_int.pipe_clock_i/refclk
    MMCME2_ADV_X0Y0      MMCME2_ADV (Prop_mmcme2_adv_CLKIN1_CLKOUT2)
                                                      0.073     2.586 r  XDMA/inst/xdma_v41_m1_pcie2_to_pcie3_wrapper_i/pcie2_ip_i/inst/inst/gt_top_i/pipe_wrapper_i/pipe_clock_int.pipe_clock_i/mmcm_i/CLKOUT2
                         net (fo=1, routed)           1.357     3.944    XDMA/inst/xdma_v41_m1_pcie2_to_pcie3_wrapper_i/pcie2_ip_i/inst/inst/gt_top_i/pipe_wrapper_i/pipe_clock_int.pipe_clock_i/userclk1
    BUFGCTRL_X0Y0        BUFG (Prop_bufg_I_O)         0.077     4.021 r  XDMA/inst/xdma_v41_m1_pcie2_to_pcie3_wrapper_i/pcie2_ip_i/inst/inst/gt_top_i/pipe_wrapper_i/pipe_clock_int.pipe_clock_i/userclk1_i1.usrclk1_i1/O
                         net (fo=15975, routed)       1.246     5.266    autonomous_clk
    SLICE_X44Y26         FDRE                                         r  nvp_diag_axi_reg[38]/C

Slack:                    inf
  Source:                 nvp_scl
                            (input port)
  Destination:            nvp_diag_axi_reg[38]/D
                            (rising edge-triggered cell FDRE clocked by userclk1  {rise@0.000ns fall@8.000ns period=16.000ns})
  Path Group:             (none)
  Path Type:              Setup (Max at Slow Process Corner)
  Data Path Delay:        3.480ns  (logic 1.403ns (40.307%)  route 2.077ns (59.693%))
  Logic Levels:           1  (IBUF=1)
  Clock Path Skew:        5.266ns (DCD - SCD + CPR)
    Destination Clock Delay (DCD):    5.266ns
    Source Clock Delay      (SCD):    0.000ns
    Clock Pessimism Removal (CPR):    0.000ns
  Clock Uncertainty:      0.173ns  ((TSJ^2 + DJ^2)^1/2) / 2 + PE
    Total System Jitter     (TSJ):    0.050ns
    Discrete Jitter          (DJ):    0.141ns
    Phase Error              (PE):    0.099ns

    Location             Delay type                Incr(ns)  Path(ns)    Netlist Resource(s)
  -------------------------------------------------------------------    -------------------
    T17                                               0.000     0.000 f  nvp_scl (INOUT)
                         net (fo=1, unset)            0.000     0.000    NVP_SCL_IOBUF/IO
    T17                  IBUF (Prop_ibuf_I_O)         1.403     1.403 f  NVP_SCL_IOBUF/IBUF/O
                         net (fo=4, routed)           2.077     3.480    nvp_scl_i
    SLICE_X44Y26         FDRE                                         f  nvp_diag_axi_reg[38]/D
  -------------------------------------------------------------------    -------------------

                         (clock userclk1 rise edge)
                                                      0.000     0.000 r  
    GTPE2_CHANNEL_X0Y3   GTPE2_CHANNEL                0.000     0.000 r  XDMA/inst/xdma_v41_m1_pcie2_to_pcie3_wrapper_i/pcie2_ip_i/inst/inst/gt_top_i/pipe_wrapper_i/pipe_lane[0].gt_wrapper_i/gtp_channel.gtpe2_channel_i/TXOUTCLK
                         net (fo=1, routed)           1.150     1.150    XDMA/inst/xdma_v41_m1_pcie2_to_pcie3_wrapper_i/pcie2_ip_i/inst/inst/gt_top_i/pipe_wrapper_i/pipe_clock_int.pipe_clock_i/txoutclk_i.txoutclk_i_0
    BUFGCTRL_X0Y20       BUFG (Prop_bufg_I_O)         0.077     1.227 r  XDMA/inst/xdma_v41_m1_pcie2_to_pcie3_wrapper_i/pcie2_ip_i/inst/inst/gt_top_i/pipe_wrapper_i/pipe_clock_int.pipe_clock_i/txoutclk_i.txoutclk_i/O
                         net (fo=1, routed)           1.286     2.513    XDMA/inst/xdma_v41_m1_pcie2_to_pcie3_wrapper_i/pcie2_ip_i/inst/inst/gt_top_i/pipe_wrapper_i/pipe_clock_int.pipe_clock_i/refclk
    MMCME2_ADV_X0Y0      MMCME2_ADV (Prop_mmcme2_adv_CLKIN1_CLKOUT2)
                                                      0.073     2.586 r  XDMA/inst/xdma_v41_m1_pcie2_to_pcie3_wrapper_i/pcie2_ip_i/inst/inst/gt_top_i/pipe_wrapper_i/pipe_clock_int.pipe_clock_i/mmcm_i/CLKOUT2
                         net (fo=1, routed)           1.357     3.944    XDMA/inst/xdma_v41_m1_pcie2_to_pcie3_wrapper_i/pcie2_ip_i/inst/inst/gt_top_i/pipe_wrapper_i/pipe_clock_int.pipe_clock_i/userclk1
    BUFGCTRL_X0Y0        BUFG (Prop_bufg_I_O)         0.077     4.021 r  XDMA/inst/xdma_v41_m1_pcie2_to_pcie3_wrapper_i/pcie2_ip_i/inst/inst/gt_top_i/pipe_wrapper_i/pipe_clock_int.pipe_clock_i/userclk1_i1.usrclk1_i1/O
                         net (fo=15975, routed)       1.246     5.266    autonomous_clk
    SLICE_X44Y26         FDRE                                         r  nvp_diag_axi_reg[38]/C

Slack:                    inf
  Source:                 nvp_sda
                            (input port)
  Destination:            NVP_AUTOINIT/u_sequence/sda_sync_r_reg[0]/D
                            (rising edge-triggered cell FDSE clocked by userclk1  {rise@0.000ns fall@8.000ns period=16.000ns})
  Path Group:             (none)
  Path Type:              Setup (Max at Slow Process Corner)
  Data Path Delay:        3.093ns  (logic 1.402ns (45.321%)  route 1.691ns (54.679%))
  Logic Levels:           1  (IBUF=1)
  Clock Path Skew:        5.268ns (DCD - SCD + CPR)
    Destination Clock Delay (DCD):    5.268ns
    Source Clock Delay      (SCD):    0.000ns
    Clock Pessimism Removal (CPR):    0.000ns
  Clock Uncertainty:      0.173ns  ((TSJ^2 + DJ^2)^1/2) / 2 + PE
    Total System Jitter     (TSJ):    0.050ns
    Discrete Jitter          (DJ):    0.141ns
    Phase Error              (PE):    0.099ns

    Location             Delay type                Incr(ns)  Path(ns)    Netlist Resource(s)
  -------------------------------------------------------------------    -------------------
    T18                                               0.000     0.000 r  nvp_sda (INOUT)
                         net (fo=1, unset)            0.000     0.000    NVP_SDA_IOBUF/IO
    T18                  IBUF (Prop_ibuf_I_O)         1.402     1.402 r  NVP_SDA_IOBUF/IBUF/O
                         net (fo=4, routed)           1.691     3.093    NVP_AUTOINIT/u_sequence/sda_sync_r_reg[0]_0[0]
    SLICE_X45Y21         FDSE                                         r  NVP_AUTOINIT/u_sequence/sda_sync_r_reg[0]/D
  -------------------------------------------------------------------    -------------------

                         (clock userclk1 rise edge)
                                                      0.000     0.000 r  
    GTPE2_CHANNEL_X0Y3   GTPE2_CHANNEL                0.000     0.000 r  XDMA/inst/xdma_v41_m1_pcie2_to_pcie3_wrapper_i/pcie2_ip_i/inst/inst/gt_top_i/pipe_wrapper_i/pipe_lane[0].gt_wrapper_i/gtp_channel.gtpe2_channel_i/TXOUTCLK
                         net (fo=1, routed)           1.150     1.150    XDMA/inst/xdma_v41_m1_pcie2_to_pcie3_wrapper_i/pcie2_ip_i/inst/inst/gt_top_i/pipe_wrapper_i/pipe_clock_int.pipe_clock_i/txoutclk_i.txoutclk_i_0
    BUFGCTRL_X0Y20       BUFG (Prop_bufg_I_O)         0.077     1.227 r  XDMA/inst/xdma_v41_m1_pcie2_to_pcie3_wrapper_i/pcie2_ip_i/inst/inst/gt_top_i/pipe_wrapper_i/pipe_clock_int.pipe_clock_i/txoutclk_i.txoutclk_i/O
                         net (fo=1, routed)           1.286     2.513    XDMA/inst/xdma_v41_m1_pcie2_to_pcie3_wrapper_i/pcie2_ip_i/inst/inst/gt_top_i/pipe_wrapper_i/pipe_clock_int.pipe_clock_i/refclk
    MMCME2_ADV_X0Y0      MMCME2_ADV (Prop_mmcme2_adv_CLKIN1_CLKOUT2)
                                                      0.073     2.586 r  XDMA/inst/xdma_v41_m1_pcie2_to_pcie3_wrapper_i/pcie2_ip_i/inst/inst/gt_top_i/pipe_wrapper_i/pipe_clock_int.pipe_clock_i/mmcm_i/CLKOUT2
                         net (fo=1, routed)           1.357     3.944    XDMA/inst/xdma_v41_m1_pcie2_to_pcie3_wrapper_i/pcie2_ip_i/inst/inst/gt_top_i/pipe_wrapper_i/pipe_clock_int.pipe_clock_i/userclk1
    BUFGCTRL_X0Y0        BUFG (Prop_bufg_I_O)         0.077     4.021 r  XDMA/inst/xdma_v41_m1_pcie2_to_pcie3_wrapper_i/pcie2_ip_i/inst/inst/gt_top_i/pipe_wrapper_i/pipe_clock_int.pipe_clock_i/userclk1_i1.usrclk1_i1/O
                         net (fo=15975, routed)       1.248     5.268    NVP_AUTOINIT/u_sequence/axi_aclk
    SLICE_X45Y21         FDSE                                         r  NVP_AUTOINIT/u_sequence/sda_sync_r_reg[0]/C

Slack:                    inf
  Source:                 nvp_sda
                            (input port)
  Destination:            NVP_AUTOINIT/u_sequence/sda_sync_r_reg[0]/D
                            (rising edge-triggered cell FDSE clocked by userclk1  {rise@0.000ns fall@8.000ns period=16.000ns})
  Path Group:             (none)
  Path Type:              Setup (Max at Slow Process Corner)
  Data Path Delay:        3.093ns  (logic 1.402ns (45.321%)  route 1.691ns (54.679%))
  Logic Levels:           1  (IBUF=1)
  Clock Path Skew:        5.268ns (DCD - SCD + CPR)
    Destination Clock Delay (DCD):    5.268ns
    Source Clock Delay      (SCD):    0.000ns
    Clock Pessimism Removal (CPR):    0.000ns
  Clock Uncertainty:      0.173ns  ((TSJ^2 + DJ^2)^1/2) / 2 + PE
    Total System Jitter     (TSJ):    0.050ns
    Discrete Jitter          (DJ):    0.141ns
    Phase Error              (PE):    0.099ns

    Location             Delay type                Incr(ns)  Path(ns)    Netlist Resource(s)
  -------------------------------------------------------------------    -------------------
    T18                                               0.000     0.000 f  nvp_sda (INOUT)
                         net (fo=1, unset)            0.000     0.000    NVP_SDA_IOBUF/IO
    T18                  IBUF (Prop_ibuf_I_O)         1.402     1.402 f  NVP_SDA_IOBUF/IBUF/O
                         net (fo=4, routed)           1.691     3.093    NVP_AUTOINIT/u_sequence/sda_sync_r_reg[0]_0[0]
    SLICE_X45Y21         FDSE                                         f  NVP_AUTOINIT/u_sequence/sda_sync_r_reg[0]/D
  -------------------------------------------------------------------    -------------------

                         (clock userclk1 rise edge)
                                                      0.000     0.000 r  
    GTPE2_CHANNEL_X0Y3   GTPE2_CHANNEL                0.000     0.000 r  XDMA/inst/xdma_v41_m1_pcie2_to_pcie3_wrapper_i/pcie2_ip_i/inst/inst/gt_top_i/pipe_wrapper_i/pipe_lane[0].gt_wrapper_i/gtp_channel.gtpe2_channel_i/TXOUTCLK
                         net (fo=1, routed)           1.150     1.150    XDMA/inst/xdma_v41_m1_pcie2_to_pcie3_wrapper_i/pcie2_ip_i/inst/inst/gt_top_i/pipe_wrapper_i/pipe_clock_int.pipe_clock_i/txoutclk_i.txoutclk_i_0
    BUFGCTRL_X0Y20       BUFG (Prop_bufg_I_O)         0.077     1.227 r  XDMA/inst/xdma_v41_m1_pcie2_to_pcie3_wrapper_i/pcie2_ip_i/inst/inst/gt_top_i/pipe_wrapper_i/pipe_clock_int.pipe_clock_i/txoutclk_i.txoutclk_i/O
                         net (fo=1, routed)           1.286     2.513    XDMA/inst/xdma_v41_m1_pcie2_to_pcie3_wrapper_i/pcie2_ip_i/inst/inst/gt_top_i/pipe_wrapper_i/pipe_clock_int.pipe_clock_i/refclk
    MMCME2_ADV_X0Y0      MMCME2_ADV (Prop_mmcme2_adv_CLKIN1_CLKOUT2)
                                                      0.073     2.586 r  XDMA/inst/xdma_v41_m1_pcie2_to_pcie3_wrapper_i/pcie2_ip_i/inst/inst/gt_top_i/pipe_wrapper_i/pipe_clock_int.pipe_clock_i/mmcm_i/CLKOUT2
                         net (fo=1, routed)           1.357     3.944    XDMA/inst/xdma_v41_m1_pcie2_to_pcie3_wrapper_i/pcie2_ip_i/inst/inst/gt_top_i/pipe_wrapper_i/pipe_clock_int.pipe_clock_i/userclk1
    BUFGCTRL_X0Y0        BUFG (Prop_bufg_I_O)         0.077     4.021 r  XDMA/inst/xdma_v41_m1_pcie2_to_pcie3_wrapper_i/pcie2_ip_i/inst/inst/gt_top_i/pipe_wrapper_i/pipe_clock_int.pipe_clock_i/userclk1_i1.usrclk1_i1/O
                         net (fo=15975, routed)       1.248     5.268    NVP_AUTOINIT/u_sequence/axi_aclk
    SLICE_X45Y21         FDSE                                         r  NVP_AUTOINIT/u_sequence/sda_sync_r_reg[0]/C

Slack:                    inf
  Source:                 nvp_scl
                            (input port)
  Destination:            NVP_AUTOINIT/u_sequence/scl_sync_r_reg[0]/D
                            (rising edge-triggered cell FDSE clocked by userclk1  {rise@0.000ns fall@8.000ns period=16.000ns})
  Path Group:             (none)
  Path Type:              Setup (Max at Fast Process Corner)
  Data Path Delay:        2.198ns  (logic 0.428ns (19.448%)  route 1.771ns (80.552%))
  Logic Levels:           1  (IBUF=1)
  Clock Path Skew:        2.201ns (DCD - SCD + CPR)
    Destination Clock Delay (DCD):    2.201ns
    Source Clock Delay      (SCD):    0.000ns
    Clock Pessimism Removal (CPR):    0.000ns
  Clock Uncertainty:      0.173ns  ((TSJ^2 + DJ^2)^1/2) / 2 + PE
    Total System Jitter     (TSJ):    0.050ns
    Discrete Jitter          (DJ):    0.141ns
    Phase Error              (PE):    0.099ns

    Location             Delay type                Incr(ns)  Path(ns)    Netlist Resource(s)
  -------------------------------------------------------------------    -------------------
    T17                                               0.000     0.000 r  nvp_scl (INOUT)
                         net (fo=1, unset)            0.000     0.000    NVP_SCL_IOBUF/IO
    T17                  IBUF (Prop_ibuf_I_O)         0.428     0.428 r  NVP_SCL_IOBUF/IBUF/O
                         net (fo=4, routed)           1.771     2.198    NVP_AUTOINIT/u_sequence/scl_sync_r_reg[0]_0[0]
    SLICE_X59Y19         FDSE                                         r  NVP_AUTOINIT/u_sequence/scl_sync_r_reg[0]/D
  -------------------------------------------------------------------    -------------------

                         (clock userclk1 rise edge)
                                                      0.000     0.000 r  
    GTPE2_CHANNEL_X0Y3   GTPE2_CHANNEL                0.000     0.000 r  XDMA/inst/xdma_v41_m1_pcie2_to_pcie3_wrapper_i/pcie2_ip_i/inst/inst/gt_top_i/pipe_wrapper_i/pipe_lane[0].gt_wrapper_i/gtp_channel.gtpe2_channel_i/TXOUTCLK
                         net (fo=1, routed)           0.473     0.473    XDMA/inst/xdma_v41_m1_pcie2_to_pcie3_wrapper_i/pcie2_ip_i/inst/inst/gt_top_i/pipe_wrapper_i/pipe_clock_int.pipe_clock_i/txoutclk_i.txoutclk_i_0
    BUFGCTRL_X0Y20       BUFG (Prop_bufg_I_O)         0.026     0.499 r  XDMA/inst/xdma_v41_m1_pcie2_to_pcie3_wrapper_i/pcie2_ip_i/inst/inst/gt_top_i/pipe_wrapper_i/pipe_clock_int.pipe_clock_i/txoutclk_i.txoutclk_i/O
                         net (fo=1, routed)           0.551     1.050    XDMA/inst/xdma_v41_m1_pcie2_to_pcie3_wrapper_i/pcie2_ip_i/inst/inst/gt_top_i/pipe_wrapper_i/pipe_clock_int.pipe_clock_i/refclk
    MMCME2_ADV_X0Y0      MMCME2_ADV (Prop_mmcme2_adv_CLKIN1_CLKOUT2)
                                                      0.050     1.100 r  XDMA/inst/xdma_v41_m1_pcie2_to_pcie3_wrapper_i/pcie2_ip_i/inst/inst/gt_top_i/pipe_wrapper_i/pipe_clock_int.pipe_clock_i/mmcm_i/CLKOUT2
                         net (fo=1, routed)           0.489     1.589    XDMA/inst/xdma_v41_m1_pcie2_to_pcie3_wrapper_i/pcie2_ip_i/inst/inst/gt_top_i/pipe_wrapper_i/pipe_clock_int.pipe_clock_i/userclk1
    BUFGCTRL_X0Y0        BUFG (Prop_bufg_I_O)         0.026     1.615 r  XDMA/inst/xdma_v41_m1_pcie2_to_pcie3_wrapper_i/pcie2_ip_i/inst/inst/gt_top_i/pipe_wrapper_i/pipe_clock_int.pipe_clock_i/userclk1_i1.usrclk1_i1/O
                         net (fo=15975, routed)       0.586     2.201    NVP_AUTOINIT/u_sequence/axi_aclk
    SLICE_X59Y19         FDSE                                         r  NVP_AUTOINIT/u_sequence/scl_sync_r_reg[0]/C

Slack:                    inf
  Source:                 nvp_scl
                            (input port)
  Destination:            NVP_AUTOINIT/u_sequence/scl_sync_r_reg[0]/D
                            (rising edge-triggered cell FDSE clocked by userclk1  {rise@0.000ns fall@8.000ns period=16.000ns})
  Path Group:             (none)
  Path Type:              Setup (Max at Fast Process Corner)
  Data Path Delay:        2.198ns  (logic 0.428ns (19.448%)  route 1.771ns (80.552%))
  Logic Levels:           1  (IBUF=1)
  Clock Path Skew:        2.201ns (DCD - SCD + CPR)
    Destination Clock Delay (DCD):    2.201ns
    Source Clock Delay      (SCD):    0.000ns
    Clock Pessimism Removal (CPR):    0.000ns
  Clock Uncertainty:      0.173ns  ((TSJ^2 + DJ^2)^1/2) / 2 + PE
    Total System Jitter     (TSJ):    0.050ns
    Discrete Jitter          (DJ):    0.141ns
    Phase Error              (PE):    0.099ns

    Location             Delay type                Incr(ns)  Path(ns)    Netlist Resource(s)
  -------------------------------------------------------------------    -------------------
    T17                                               0.000     0.000 f  nvp_scl (INOUT)
                         net (fo=1, unset)            0.000     0.000    NVP_SCL_IOBUF/IO
    T17                  IBUF (Prop_ibuf_I_O)         0.428     0.428 f  NVP_SCL_IOBUF/IBUF/O
                         net (fo=4, routed)           1.771     2.198    NVP_AUTOINIT/u_sequence/scl_sync_r_reg[0]_0[0]
    SLICE_X59Y19         FDSE                                         f  NVP_AUTOINIT/u_sequence/scl_sync_r_reg[0]/D
  -------------------------------------------------------------------    -------------------

                         (clock userclk1 rise edge)
                                                      0.000     0.000 r  
    GTPE2_CHANNEL_X0Y3   GTPE2_CHANNEL                0.000     0.000 r  XDMA/inst/xdma_v41_m1_pcie2_to_pcie3_wrapper_i/pcie2_ip_i/inst/inst/gt_top_i/pipe_wrapper_i/pipe_lane[0].gt_wrapper_i/gtp_channel.gtpe2_channel_i/TXOUTCLK
                         net (fo=1, routed)           0.473     0.473    XDMA/inst/xdma_v41_m1_pcie2_to_pcie3_wrapper_i/pcie2_ip_i/inst/inst/gt_top_i/pipe_wrapper_i/pipe_clock_int.pipe_clock_i/txoutclk_i.txoutclk_i_0
    BUFGCTRL_X0Y20       BUFG (Prop_bufg_I_O)         0.026     0.499 r  XDMA/inst/xdma_v41_m1_pcie2_to_pcie3_wrapper_i/pcie2_ip_i/inst/inst/gt_top_i/pipe_wrapper_i/pipe_clock_int.pipe_clock_i/txoutclk_i.txoutclk_i/O
                         net (fo=1, routed)           0.551     1.050    XDMA/inst/xdma_v41_m1_pcie2_to_pcie3_wrapper_i/pcie2_ip_i/inst/inst/gt_top_i/pipe_wrapper_i/pipe_clock_int.pipe_clock_i/refclk
    MMCME2_ADV_X0Y0      MMCME2_ADV (Prop_mmcme2_adv_CLKIN1_CLKOUT2)
                                                      0.050     1.100 r  XDMA/inst/xdma_v41_m1_pcie2_to_pcie3_wrapper_i/pcie2_ip_i/inst/inst/gt_top_i/pipe_wrapper_i/pipe_clock_int.pipe_clock_i/mmcm_i/CLKOUT2
                         net (fo=1, routed)           0.489     1.589    XDMA/inst/xdma_v41_m1_pcie2_to_pcie3_wrapper_i/pcie2_ip_i/inst/inst/gt_top_i/pipe_wrapper_i/pipe_clock_int.pipe_clock_i/userclk1
    BUFGCTRL_X0Y0        BUFG (Prop_bufg_I_O)         0.026     1.615 r  XDMA/inst/xdma_v41_m1_pcie2_to_pcie3_wrapper_i/pcie2_ip_i/inst/inst/gt_top_i/pipe_wrapper_i/pipe_clock_int.pipe_clock_i/userclk1_i1.usrclk1_i1/O
                         net (fo=15975, routed)       0.586     2.201    NVP_AUTOINIT/u_sequence/axi_aclk
    SLICE_X59Y19         FDSE                                         r  NVP_AUTOINIT/u_sequence/scl_sync_r_reg[0]/C

Slack:                    inf
  Source:                 nvp_scl
                            (input port)
  Destination:            POST_INIT_ADDRESS_PROBE/scl_sync_reg[0]/D
                            (rising edge-triggered cell FDRE clocked by userclk1  {rise@0.000ns fall@8.000ns period=16.000ns})
  Path Group:             (none)
  Path Type:              Setup (Max at Fast Process Corner)
  Data Path Delay:        2.079ns  (logic 0.428ns (20.568%)  route 1.651ns (79.432%))
  Logic Levels:           1  (IBUF=1)
  Clock Path Skew:        2.198ns (DCD - SCD + CPR)
    Destination Clock Delay (DCD):    2.198ns
    Source Clock Delay      (SCD):    0.000ns
    Clock Pessimism Removal (CPR):    0.000ns
  Clock Uncertainty:      0.173ns  ((TSJ^2 + DJ^2)^1/2) / 2 + PE
    Total System Jitter     (TSJ):    0.050ns
    Discrete Jitter          (DJ):    0.141ns
    Phase Error              (PE):    0.099ns

    Location             Delay type                Incr(ns)  Path(ns)    Netlist Resource(s)
  -------------------------------------------------------------------    -------------------
    T17                                               0.000     0.000 r  nvp_scl (INOUT)
                         net (fo=1, unset)            0.000     0.000    NVP_SCL_IOBUF/IO
    T17                  IBUF (Prop_ibuf_I_O)         0.428     0.428 r  NVP_SCL_IOBUF/IBUF/O
                         net (fo=4, routed)           1.651     2.079    POST_INIT_ADDRESS_PROBE/D[1]
    SLICE_X65Y26         FDRE                                         r  POST_INIT_ADDRESS_PROBE/scl_sync_reg[0]/D
  -------------------------------------------------------------------    -------------------

                         (clock userclk1 rise edge)
                                                      0.000     0.000 r  
    GTPE2_CHANNEL_X0Y3   GTPE2_CHANNEL                0.000     0.000 r  XDMA/inst/xdma_v41_m1_pcie2_to_pcie3_wrapper_i/pcie2_ip_i/inst/inst/gt_top_i/pipe_wrapper_i/pipe_lane[0].gt_wrapper_i/gtp_channel.gtpe2_channel_i/TXOUTCLK
                         net (fo=1, routed)           0.473     0.473    XDMA/inst/xdma_v41_m1_pcie2_to_pcie3_wrapper_i/pcie2_ip_i/inst/inst/gt_top_i/pipe_wrapper_i/pipe_clock_int.pipe_clock_i/txoutclk_i.txoutclk_i_0
    BUFGCTRL_X0Y20       BUFG (Prop_bufg_I_O)         0.026     0.499 r  XDMA/inst/xdma_v41_m1_pcie2_to_pcie3_wrapper_i/pcie2_ip_i/inst/inst/gt_top_i/pipe_wrapper_i/pipe_clock_int.pipe_clock_i/txoutclk_i.txoutclk_i/O
                         net (fo=1, routed)           0.551     1.050    XDMA/inst/xdma_v41_m1_pcie2_to_pcie3_wrapper_i/pcie2_ip_i/inst/inst/gt_top_i/pipe_wrapper_i/pipe_clock_int.pipe_clock_i/refclk
    MMCME2_ADV_X0Y0      MMCME2_ADV (Prop_mmcme2_adv_CLKIN1_CLKOUT2)
                                                      0.050     1.100 r  XDMA/inst/xdma_v41_m1_pcie2_to_pcie3_wrapper_i/pcie2_ip_i/inst/inst/gt_top_i/pipe_wrapper_i/pipe_clock_int.pipe_clock_i/mmcm_i/CLKOUT2
                         net (fo=1, routed)           0.489     1.589    XDMA/inst/xdma_v41_m1_pcie2_to_pcie3_wrapper_i/pcie2_ip_i/inst/inst/gt_top_i/pipe_wrapper_i/pipe_clock_int.pipe_clock_i/userclk1
    BUFGCTRL_X0Y0        BUFG (Prop_bufg_I_O)         0.026     1.615 r  XDMA/inst/xdma_v41_m1_pcie2_to_pcie3_wrapper_i/pcie2_ip_i/inst/inst/gt_top_i/pipe_wrapper_i/pipe_clock_int.pipe_clock_i/userclk1_i1.usrclk1_i1/O
                         net (fo=15975, routed)       0.583     2.198    POST_INIT_ADDRESS_PROBE/axi_aclk
    SLICE_X65Y26         FDRE                                         r  POST_INIT_ADDRESS_PROBE/scl_sync_reg[0]/C

Slack:                    inf
  Source:                 nvp_scl
                            (input port)
  Destination:            POST_INIT_ADDRESS_PROBE/scl_sync_reg[0]/D
                            (rising edge-triggered cell FDRE clocked by userclk1  {rise@0.000ns fall@8.000ns period=16.000ns})
  Path Group:             (none)
  Path Type:              Setup (Max at Fast Process Corner)
  Data Path Delay:        2.079ns  (logic 0.428ns (20.568%)  route 1.651ns (79.432%))
  Logic Levels:           1  (IBUF=1)
  Clock Path Skew:        2.198ns (DCD - SCD + CPR)
    Destination Clock Delay (DCD):    2.198ns
    Source Clock Delay      (SCD):    0.000ns
    Clock Pessimism Removal (CPR):    0.000ns
  Clock Uncertainty:      0.173ns  ((TSJ^2 + DJ^2)^1/2) / 2 + PE
    Total System Jitter     (TSJ):    0.050ns
    Discrete Jitter          (DJ):    0.141ns
    Phase Error              (PE):    0.099ns

    Location             Delay type                Incr(ns)  Path(ns)    Netlist Resource(s)
  -------------------------------------------------------------------    -------------------
    T17                                               0.000     0.000 f  nvp_scl (INOUT)
                         net (fo=1, unset)            0.000     0.000    NVP_SCL_IOBUF/IO
    T17                  IBUF (Prop_ibuf_I_O)         0.428     0.428 f  NVP_SCL_IOBUF/IBUF/O
                         net (fo=4, routed)           1.651     2.079    POST_INIT_ADDRESS_PROBE/D[1]
    SLICE_X65Y26         FDRE                                         f  POST_INIT_ADDRESS_PROBE/scl_sync_reg[0]/D
  -------------------------------------------------------------------    -------------------

                         (clock userclk1 rise edge)
                                                      0.000     0.000 r  
    GTPE2_CHANNEL_X0Y3   GTPE2_CHANNEL                0.000     0.000 r  XDMA/inst/xdma_v41_m1_pcie2_to_pcie3_wrapper_i/pcie2_ip_i/inst/inst/gt_top_i/pipe_wrapper_i/pipe_lane[0].gt_wrapper_i/gtp_channel.gtpe2_channel_i/TXOUTCLK
                         net (fo=1, routed)           0.473     0.473    XDMA/inst/xdma_v41_m1_pcie2_to_pcie3_wrapper_i/pcie2_ip_i/inst/inst/gt_top_i/pipe_wrapper_i/pipe_clock_int.pipe_clock_i/txoutclk_i.txoutclk_i_0
    BUFGCTRL_X0Y20       BUFG (Prop_bufg_I_O)         0.026     0.499 r  XDMA/inst/xdma_v41_m1_pcie2_to_pcie3_wrapper_i/pcie2_ip_i/inst/inst/gt_top_i/pipe_wrapper_i/pipe_clock_int.pipe_clock_i/txoutclk_i.txoutclk_i/O
                         net (fo=1, routed)           0.551     1.050    XDMA/inst/xdma_v41_m1_pcie2_to_pcie3_wrapper_i/pcie2_ip_i/inst/inst/gt_top_i/pipe_wrapper_i/pipe_clock_int.pipe_clock_i/refclk
    MMCME2_ADV_X0Y0      MMCME2_ADV (Prop_mmcme2_adv_CLKIN1_CLKOUT2)
                                                      0.050     1.100 r  XDMA/inst/xdma_v41_m1_pcie2_to_pcie3_wrapper_i/pcie2_ip_i/inst/inst/gt_top_i/pipe_wrapper_i/pipe_clock_int.pipe_clock_i/mmcm_i/CLKOUT2
                         net (fo=1, routed)           0.489     1.589    XDMA/inst/xdma_v41_m1_pcie2_to_pcie3_wrapper_i/pcie2_ip_i/inst/inst/gt_top_i/pipe_wrapper_i/pipe_clock_int.pipe_clock_i/userclk1
    BUFGCTRL_X0Y0        BUFG (Prop_bufg_I_O)         0.026     1.615 r  XDMA/inst/xdma_v41_m1_pcie2_to_pcie3_wrapper_i/pcie2_ip_i/inst/inst/gt_top_i/pipe_wrapper_i/pipe_clock_int.pipe_clock_i/userclk1_i1.usrclk1_i1/O
                         net (fo=15975, routed)       0.583     2.198    POST_INIT_ADDRESS_PROBE/axi_aclk
    SLICE_X65Y26         FDRE                                         r  POST_INIT_ADDRESS_PROBE/scl_sync_reg[0]/C

Slack:                    inf
  Source:                 nvp_sda
                            (input port)
  Destination:            POST_INIT_ADDRESS_PROBE/sda_sync_reg[0]/D
                            (rising edge-triggered cell FDRE clocked by userclk1  {rise@0.000ns fall@8.000ns period=16.000ns})
  Path Group:             (none)
  Path Type:              Setup (Max at Fast Process Corner)
  Data Path Delay:        2.018ns  (logic 0.426ns (21.130%)  route 1.592ns (78.870%))
  Logic Levels:           1  (IBUF=1)
  Clock Path Skew:        2.197ns (DCD - SCD + CPR)
    Destination Clock Delay (DCD):    2.197ns
    Source Clock Delay      (SCD):    0.000ns
    Clock Pessimism Removal (CPR):    0.000ns
  Clock Uncertainty:      0.173ns  ((TSJ^2 + DJ^2)^1/2) / 2 + PE
    Total System Jitter     (TSJ):    0.050ns
    Discrete Jitter          (DJ):    0.141ns
    Phase Error              (PE):    0.099ns

    Location             Delay type                Incr(ns)  Path(ns)    Netlist Resource(s)
  -------------------------------------------------------------------    -------------------
    T18                                               0.000     0.000 r  nvp_sda (INOUT)
                         net (fo=1, unset)            0.000     0.000    NVP_SDA_IOBUF/IO
    T18                  IBUF (Prop_ibuf_I_O)         0.426     0.426 r  NVP_SDA_IOBUF/IBUF/O
                         net (fo=4, routed)           1.592     2.018    POST_INIT_ADDRESS_PROBE/D[2]
    SLICE_X58Y26         FDRE                                         r  POST_INIT_ADDRESS_PROBE/sda_sync_reg[0]/D
  -------------------------------------------------------------------    -------------------

                         (clock userclk1 rise edge)
                                                      0.000     0.000 r  
    GTPE2_CHANNEL_X0Y3   GTPE2_CHANNEL                0.000     0.000 r  XDMA/inst/xdma_v41_m1_pcie2_to_pcie3_wrapper_i/pcie2_ip_i/inst/inst/gt_top_i/pipe_wrapper_i/pipe_lane[0].gt_wrapper_i/gtp_channel.gtpe2_channel_i/TXOUTCLK
                         net (fo=1, routed)           0.473     0.473    XDMA/inst/xdma_v41_m1_pcie2_to_pcie3_wrapper_i/pcie2_ip_i/inst/inst/gt_top_i/pipe_wrapper_i/pipe_clock_int.pipe_clock_i/txoutclk_i.txoutclk_i_0
    BUFGCTRL_X0Y20       BUFG (Prop_bufg_I_O)         0.026     0.499 r  XDMA/inst/xdma_v41_m1_pcie2_to_pcie3_wrapper_i/pcie2_ip_i/inst/inst/gt_top_i/pipe_wrapper_i/pipe_clock_int.pipe_clock_i/txoutclk_i.txoutclk_i/O
                         net (fo=1, routed)           0.551     1.050    XDMA/inst/xdma_v41_m1_pcie2_to_pcie3_wrapper_i/pcie2_ip_i/inst/inst/gt_top_i/pipe_wrapper_i/pipe_clock_int.pipe_clock_i/refclk
    MMCME2_ADV_X0Y0      MMCME2_ADV (Prop_mmcme2_adv_CLKIN1_CLKOUT2)
                                                      0.050     1.100 r  XDMA/inst/xdma_v41_m1_pcie2_to_pcie3_wrapper_i/pcie2_ip_i/inst/inst/gt_top_i/pipe_wrapper_i/pipe_clock_int.pipe_clock_i/mmcm_i/CLKOUT2
                         net (fo=1, routed)           0.489     1.589    XDMA/inst/xdma_v41_m1_pcie2_to_pcie3_wrapper_i/pcie2_ip_i/inst/inst/gt_top_i/pipe_wrapper_i/pipe_clock_int.pipe_clock_i/userclk1
    BUFGCTRL_X0Y0        BUFG (Prop_bufg_I_O)         0.026     1.615 r  XDMA/inst/xdma_v41_m1_pcie2_to_pcie3_wrapper_i/pcie2_ip_i/inst/inst/gt_top_i/pipe_wrapper_i/pipe_clock_int.pipe_clock_i/userclk1_i1.usrclk1_i1/O
                         net (fo=15975, routed)       0.582     2.197    POST_INIT_ADDRESS_PROBE/axi_aclk
    SLICE_X58Y26         FDRE                                         r  POST_INIT_ADDRESS_PROBE/sda_sync_reg[0]/C

Slack:                    inf
  Source:                 nvp_sda
                            (input port)
  Destination:            POST_INIT_ADDRESS_PROBE/sda_sync_reg[0]/D
                            (rising edge-triggered cell FDRE clocked by userclk1  {rise@0.000ns fall@8.000ns period=16.000ns})
  Path Group:             (none)
  Path Type:              Setup (Max at Fast Process Corner)
  Data Path Delay:        2.018ns  (logic 0.426ns (21.130%)  route 1.592ns (78.870%))
  Logic Levels:           1  (IBUF=1)
  Clock Path Skew:        2.197ns (DCD - SCD + CPR)
    Destination Clock Delay (DCD):    2.197ns
    Source Clock Delay      (SCD):    0.000ns
    Clock Pessimism Removal (CPR):    0.000ns
  Clock Uncertainty:      0.173ns  ((TSJ^2 + DJ^2)^1/2) / 2 + PE
    Total System Jitter     (TSJ):    0.050ns
    Discrete Jitter          (DJ):    0.141ns
    Phase Error              (PE):    0.099ns

    Location             Delay type                Incr(ns)  Path(ns)    Netlist Resource(s)
  -------------------------------------------------------------------    -------------------
    T18                                               0.000     0.000 f  nvp_sda (INOUT)
                         net (fo=1, unset)            0.000     0.000    NVP_SDA_IOBUF/IO
    T18                  IBUF (Prop_ibuf_I_O)         0.426     0.426 f  NVP_SDA_IOBUF/IBUF/O
                         net (fo=4, routed)           1.592     2.018    POST_INIT_ADDRESS_PROBE/D[2]
    SLICE_X58Y26         FDRE                                         f  POST_INIT_ADDRESS_PROBE/sda_sync_reg[0]/D
  -------------------------------------------------------------------    -------------------

                         (clock userclk1 rise edge)
                                                      0.000     0.000 r  
    GTPE2_CHANNEL_X0Y3   GTPE2_CHANNEL                0.000     0.000 r  XDMA/inst/xdma_v41_m1_pcie2_to_pcie3_wrapper_i/pcie2_ip_i/inst/inst/gt_top_i/pipe_wrapper_i/pipe_lane[0].gt_wrapper_i/gtp_channel.gtpe2_channel_i/TXOUTCLK
                         net (fo=1, routed)           0.473     0.473    XDMA/inst/xdma_v41_m1_pcie2_to_pcie3_wrapper_i/pcie2_ip_i/inst/inst/gt_top_i/pipe_wrapper_i/pipe_clock_int.pipe_clock_i/txoutclk_i.txoutclk_i_0
    BUFGCTRL_X0Y20       BUFG (Prop_bufg_I_O)         0.026     0.499 r  XDMA/inst/xdma_v41_m1_pcie2_to_pcie3_wrapper_i/pcie2_ip_i/inst/inst/gt_top_i/pipe_wrapper_i/pipe_clock_int.pipe_clock_i/txoutclk_i.txoutclk_i/O
                         net (fo=1, routed)           0.551     1.050    XDMA/inst/xdma_v41_m1_pcie2_to_pcie3_wrapper_i/pcie2_ip_i/inst/inst/gt_top_i/pipe_wrapper_i/pipe_clock_int.pipe_clock_i/refclk
    MMCME2_ADV_X0Y0      MMCME2_ADV (Prop_mmcme2_adv_CLKIN1_CLKOUT2)
                                                      0.050     1.100 r  XDMA/inst/xdma_v41_m1_pcie2_to_pcie3_wrapper_i/pcie2_ip_i/inst/inst/gt_top_i/pipe_wrapper_i/pipe_clock_int.pipe_clock_i/mmcm_i/CLKOUT2
                         net (fo=1, routed)           0.489     1.589    XDMA/inst/xdma_v41_m1_pcie2_to_pcie3_wrapper_i/pcie2_ip_i/inst/inst/gt_top_i/pipe_wrapper_i/pipe_clock_int.pipe_clock_i/userclk1
    BUFGCTRL_X0Y0        BUFG (Prop_bufg_I_O)         0.026     1.615 r  XDMA/inst/xdma_v41_m1_pcie2_to_pcie3_wrapper_i/pcie2_ip_i/inst/inst/gt_top_i/pipe_wrapper_i/pipe_clock_int.pipe_clock_i/userclk1_i1.usrclk1_i1/O
                         net (fo=15975, routed)       0.582     2.197    POST_INIT_ADDRESS_PROBE/axi_aclk
    SLICE_X58Y26         FDRE                                         r  POST_INIT_ADDRESS_PROBE/sda_sync_reg[0]/C

Slack:                    inf
  Source:                 nvp_sda
                            (input port)
  Destination:            nvp_diag_axi_reg[39]/D
                            (rising edge-triggered cell FDRE clocked by userclk1  {rise@0.000ns fall@8.000ns period=16.000ns})
  Path Group:             (none)
  Path Type:              Setup (Max at Fast Process Corner)
  Data Path Delay:        1.741ns  (logic 0.426ns (24.488%)  route 1.315ns (75.512%))
  Logic Levels:           1  (IBUF=1)
  Clock Path Skew:        2.167ns (DCD - SCD + CPR)
    Destination Clock Delay (DCD):    2.167ns
    Source Clock Delay      (SCD):    0.000ns
    Clock Pessimism Removal (CPR):    0.000ns
  Clock Uncertainty:      0.173ns  ((TSJ^2 + DJ^2)^1/2) / 2 + PE
    Total System Jitter     (TSJ):    0.050ns
    Discrete Jitter          (DJ):    0.141ns
    Phase Error              (PE):    0.099ns

    Location             Delay type                Incr(ns)  Path(ns)    Netlist Resource(s)
  -------------------------------------------------------------------    -------------------
    T18                                               0.000     0.000 r  nvp_sda (INOUT)
                         net (fo=1, unset)            0.000     0.000    NVP_SDA_IOBUF/IO
    T18                  IBUF (Prop_ibuf_I_O)         0.426     0.426 r  NVP_SDA_IOBUF/IBUF/O
                         net (fo=4, routed)           1.315     1.741    nvp_sda_i
    SLICE_X45Y26         FDRE                                         r  nvp_diag_axi_reg[39]/D
  -------------------------------------------------------------------    -------------------

                         (clock userclk1 rise edge)
                                                      0.000     0.000 r  
    GTPE2_CHANNEL_X0Y3   GTPE2_CHANNEL                0.000     0.000 r  XDMA/inst/xdma_v41_m1_pcie2_to_pcie3_wrapper_i/pcie2_ip_i/inst/inst/gt_top_i/pipe_wrapper_i/pipe_lane[0].gt_wrapper_i/gtp_channel.gtpe2_channel_i/TXOUTCLK
                         net (fo=1, routed)           0.473     0.473    XDMA/inst/xdma_v41_m1_pcie2_to_pcie3_wrapper_i/pcie2_ip_i/inst/inst/gt_top_i/pipe_wrapper_i/pipe_clock_int.pipe_clock_i/txoutclk_i.txoutclk_i_0
    BUFGCTRL_X0Y20       BUFG (Prop_bufg_I_O)         0.026     0.499 r  XDMA/inst/xdma_v41_m1_pcie2_to_pcie3_wrapper_i/pcie2_ip_i/inst/inst/gt_top_i/pipe_wrapper_i/pipe_clock_int.pipe_clock_i/txoutclk_i.txoutclk_i/O
                         net (fo=1, routed)           0.551     1.050    XDMA/inst/xdma_v41_m1_pcie2_to_pcie3_wrapper_i/pcie2_ip_i/inst/inst/gt_top_i/pipe_wrapper_i/pipe_clock_int.pipe_clock_i/refclk
    MMCME2_ADV_X0Y0      MMCME2_ADV (Prop_mmcme2_adv_CLKIN1_CLKOUT2)
                                                      0.050     1.100 r  XDMA/inst/xdma_v41_m1_pcie2_to_pcie3_wrapper_i/pcie2_ip_i/inst/inst/gt_top_i/pipe_wrapper_i/pipe_clock_int.pipe_clock_i/mmcm_i/CLKOUT2
                         net (fo=1, routed)           0.489     1.589    XDMA/inst/xdma_v41_m1_pcie2_to_pcie3_wrapper_i/pcie2_ip_i/inst/inst/gt_top_i/pipe_wrapper_i/pipe_clock_int.pipe_clock_i/userclk1
    BUFGCTRL_X0Y0        BUFG (Prop_bufg_I_O)         0.026     1.615 r  XDMA/inst/xdma_v41_m1_pcie2_to_pcie3_wrapper_i/pcie2_ip_i/inst/inst/gt_top_i/pipe_wrapper_i/pipe_clock_int.pipe_clock_i/userclk1_i1.usrclk1_i1/O
                         net (fo=15975, routed)       0.552     2.167    autonomous_clk
    SLICE_X45Y26         FDRE                                         r  nvp_diag_axi_reg[39]/C

Slack:                    inf
  Source:                 nvp_sda
                            (input port)
  Destination:            nvp_diag_axi_reg[39]/D
                            (rising edge-triggered cell FDRE clocked by userclk1  {rise@0.000ns fall@8.000ns period=16.000ns})
  Path Group:             (none)
  Path Type:              Setup (Max at Fast Process Corner)
  Data Path Delay:        1.741ns  (logic 0.426ns (24.488%)  route 1.315ns (75.512%))
  Logic Levels:           1  (IBUF=1)
  Clock Path Skew:        2.167ns (DCD - SCD + CPR)
    Destination Clock Delay (DCD):    2.167ns
    Source Clock Delay      (SCD):    0.000ns
    Clock Pessimism Removal (CPR):    0.000ns
  Clock Uncertainty:      0.173ns  ((TSJ^2 + DJ^2)^1/2) / 2 + PE
    Total System Jitter     (TSJ):    0.050ns
    Discrete Jitter          (DJ):    0.141ns
    Phase Error              (PE):    0.099ns

    Location             Delay type                Incr(ns)  Path(ns)    Netlist Resource(s)
  -------------------------------------------------------------------    -------------------
    T18                                               0.000     0.000 f  nvp_sda (INOUT)
                         net (fo=1, unset)            0.000     0.000    NVP_SDA_IOBUF/IO
    T18                  IBUF (Prop_ibuf_I_O)         0.426     0.426 f  NVP_SDA_IOBUF/IBUF/O
                         net (fo=4, routed)           1.315     1.741    nvp_sda_i
    SLICE_X45Y26         FDRE                                         f  nvp_diag_axi_reg[39]/D
  -------------------------------------------------------------------    -------------------

                         (clock userclk1 rise edge)
                                                      0.000     0.000 r  
    GTPE2_CHANNEL_X0Y3   GTPE2_CHANNEL                0.000     0.000 r  XDMA/inst/xdma_v41_m1_pcie2_to_pcie3_wrapper_i/pcie2_ip_i/inst/inst/gt_top_i/pipe_wrapper_i/pipe_lane[0].gt_wrapper_i/gtp_channel.gtpe2_channel_i/TXOUTCLK
                         net (fo=1, routed)           0.473     0.473    XDMA/inst/xdma_v41_m1_pcie2_to_pcie3_wrapper_i/pcie2_ip_i/inst/inst/gt_top_i/pipe_wrapper_i/pipe_clock_int.pipe_clock_i/txoutclk_i.txoutclk_i_0
    BUFGCTRL_X0Y20       BUFG (Prop_bufg_I_O)         0.026     0.499 r  XDMA/inst/xdma_v41_m1_pcie2_to_pcie3_wrapper_i/pcie2_ip_i/inst/inst/gt_top_i/pipe_wrapper_i/pipe_clock_int.pipe_clock_i/txoutclk_i.txoutclk_i/O
                         net (fo=1, routed)           0.551     1.050    XDMA/inst/xdma_v41_m1_pcie2_to_pcie3_wrapper_i/pcie2_ip_i/inst/inst/gt_top_i/pipe_wrapper_i/pipe_clock_int.pipe_clock_i/refclk
    MMCME2_ADV_X0Y0      MMCME2_ADV (Prop_mmcme2_adv_CLKIN1_CLKOUT2)
                                                      0.050     1.100 r  XDMA/inst/xdma_v41_m1_pcie2_to_pcie3_wrapper_i/pcie2_ip_i/inst/inst/gt_top_i/pipe_wrapper_i/pipe_clock_int.pipe_clock_i/mmcm_i/CLKOUT2
                         net (fo=1, routed)           0.489     1.589    XDMA/inst/xdma_v41_m1_pcie2_to_pcie3_wrapper_i/pcie2_ip_i/inst/inst/gt_top_i/pipe_wrapper_i/pipe_clock_int.pipe_clock_i/userclk1
    BUFGCTRL_X0Y0        BUFG (Prop_bufg_I_O)         0.026     1.615 r  XDMA/inst/xdma_v41_m1_pcie2_to_pcie3_wrapper_i/pcie2_ip_i/inst/inst/gt_top_i/pipe_wrapper_i/pipe_clock_int.pipe_clock_i/userclk1_i1.usrclk1_i1/O
                         net (fo=15975, routed)       0.552     2.167    autonomous_clk
    SLICE_X45Y26         FDRE                                         r  nvp_diag_axi_reg[39]/C

Slack:                    inf
  Source:                 nvp_scl
                            (input port)
  Destination:            nvp_diag_axi_reg[38]/D
                            (rising edge-triggered cell FDRE clocked by userclk1  {rise@0.000ns fall@8.000ns period=16.000ns})
  Path Group:             (none)
  Path Type:              Setup (Max at Fast Process Corner)
  Data Path Delay:        1.696ns  (logic 0.428ns (25.208%)  route 1.269ns (74.792%))
  Logic Levels:           1  (IBUF=1)
  Clock Path Skew:        2.167ns (DCD - SCD + CPR)
    Destination Clock Delay (DCD):    2.167ns
    Source Clock Delay      (SCD):    0.000ns
    Clock Pessimism Removal (CPR):    0.000ns
  Clock Uncertainty:      0.173ns  ((TSJ^2 + DJ^2)^1/2) / 2 + PE
    Total System Jitter     (TSJ):    0.050ns
    Discrete Jitter          (DJ):    0.141ns
    Phase Error              (PE):    0.099ns

    Location             Delay type                Incr(ns)  Path(ns)    Netlist Resource(s)
  -------------------------------------------------------------------    -------------------
    T17                                               0.000     0.000 r  nvp_scl (INOUT)
                         net (fo=1, unset)            0.000     0.000    NVP_SCL_IOBUF/IO
    T17                  IBUF (Prop_ibuf_I_O)         0.428     0.428 r  NVP_SCL_IOBUF/IBUF/O
                         net (fo=4, routed)           1.269     1.696    nvp_scl_i
    SLICE_X44Y26         FDRE                                         r  nvp_diag_axi_reg[38]/D
  -------------------------------------------------------------------    -------------------

                         (clock userclk1 rise edge)
                                                      0.000     0.000 r  
    GTPE2_CHANNEL_X0Y3   GTPE2_CHANNEL                0.000     0.000 r  XDMA/inst/xdma_v41_m1_pcie2_to_pcie3_wrapper_i/pcie2_ip_i/inst/inst/gt_top_i/pipe_wrapper_i/pipe_lane[0].gt_wrapper_i/gtp_channel.gtpe2_channel_i/TXOUTCLK
                         net (fo=1, routed)           0.473     0.473    XDMA/inst/xdma_v41_m1_pcie2_to_pcie3_wrapper_i/pcie2_ip_i/inst/inst/gt_top_i/pipe_wrapper_i/pipe_clock_int.pipe_clock_i/txoutclk_i.txoutclk_i_0
    BUFGCTRL_X0Y20       BUFG (Prop_bufg_I_O)         0.026     0.499 r  XDMA/inst/xdma_v41_m1_pcie2_to_pcie3_wrapper_i/pcie2_ip_i/inst/inst/gt_top_i/pipe_wrapper_i/pipe_clock_int.pipe_clock_i/txoutclk_i.txoutclk_i/O
                         net (fo=1, routed)           0.551     1.050    XDMA/inst/xdma_v41_m1_pcie2_to_pcie3_wrapper_i/pcie2_ip_i/inst/inst/gt_top_i/pipe_wrapper_i/pipe_clock_int.pipe_clock_i/refclk
    MMCME2_ADV_X0Y0      MMCME2_ADV (Prop_mmcme2_adv_CLKIN1_CLKOUT2)
                                                      0.050     1.100 r  XDMA/inst/xdma_v41_m1_pcie2_to_pcie3_wrapper_i/pcie2_ip_i/inst/inst/gt_top_i/pipe_wrapper_i/pipe_clock_int.pipe_clock_i/mmcm_i/CLKOUT2
                         net (fo=1, routed)           0.489     1.589    XDMA/inst/xdma_v41_m1_pcie2_to_pcie3_wrapper_i/pcie2_ip_i/inst/inst/gt_top_i/pipe_wrapper_i/pipe_clock_int.pipe_clock_i/userclk1
    BUFGCTRL_X0Y0        BUFG (Prop_bufg_I_O)         0.026     1.615 r  XDMA/inst/xdma_v41_m1_pcie2_to_pcie3_wrapper_i/pcie2_ip_i/inst/inst/gt_top_i/pipe_wrapper_i/pipe_clock_int.pipe_clock_i/userclk1_i1.usrclk1_i1/O
                         net (fo=15975, routed)       0.552     2.167    autonomous_clk
    SLICE_X44Y26         FDRE                                         r  nvp_diag_axi_reg[38]/C

Slack:                    inf
  Source:                 nvp_scl
                            (input port)
  Destination:            nvp_diag_axi_reg[38]/D
                            (rising edge-triggered cell FDRE clocked by userclk1  {rise@0.000ns fall@8.000ns period=16.000ns})
  Path Group:             (none)
  Path Type:              Setup (Max at Fast Process Corner)
  Data Path Delay:        1.696ns  (logic 0.428ns (25.208%)  route 1.269ns (74.792%))
  Logic Levels:           1  (IBUF=1)
  Clock Path Skew:        2.167ns (DCD - SCD + CPR)
    Destination Clock Delay (DCD):    2.167ns
    Source Clock Delay      (SCD):    0.000ns
    Clock Pessimism Removal (CPR):    0.000ns
  Clock Uncertainty:      0.173ns  ((TSJ^2 + DJ^2)^1/2) / 2 + PE
    Total System Jitter     (TSJ):    0.050ns
    Discrete Jitter          (DJ):    0.141ns
    Phase Error              (PE):    0.099ns

    Location             Delay type                Incr(ns)  Path(ns)    Netlist Resource(s)
  -------------------------------------------------------------------    -------------------
    T17                                               0.000     0.000 f  nvp_scl (INOUT)
                         net (fo=1, unset)            0.000     0.000    NVP_SCL_IOBUF/IO
    T17                  IBUF (Prop_ibuf_I_O)         0.428     0.428 f  NVP_SCL_IOBUF/IBUF/O
                         net (fo=4, routed)           1.269     1.696    nvp_scl_i
    SLICE_X44Y26         FDRE                                         f  nvp_diag_axi_reg[38]/D
  -------------------------------------------------------------------    -------------------

                         (clock userclk1 rise edge)
                                                      0.000     0.000 r  
    GTPE2_CHANNEL_X0Y3   GTPE2_CHANNEL                0.000     0.000 r  XDMA/inst/xdma_v41_m1_pcie2_to_pcie3_wrapper_i/pcie2_ip_i/inst/inst/gt_top_i/pipe_wrapper_i/pipe_lane[0].gt_wrapper_i/gtp_channel.gtpe2_channel_i/TXOUTCLK
                         net (fo=1, routed)           0.473     0.473    XDMA/inst/xdma_v41_m1_pcie2_to_pcie3_wrapper_i/pcie2_ip_i/inst/inst/gt_top_i/pipe_wrapper_i/pipe_clock_int.pipe_clock_i/txoutclk_i.txoutclk_i_0
    BUFGCTRL_X0Y20       BUFG (Prop_bufg_I_O)         0.026     0.499 r  XDMA/inst/xdma_v41_m1_pcie2_to_pcie3_wrapper_i/pcie2_ip_i/inst/inst/gt_top_i/pipe_wrapper_i/pipe_clock_int.pipe_clock_i/txoutclk_i.txoutclk_i/O
                         net (fo=1, routed)           0.551     1.050    XDMA/inst/xdma_v41_m1_pcie2_to_pcie3_wrapper_i/pcie2_ip_i/inst/inst/gt_top_i/pipe_wrapper_i/pipe_clock_int.pipe_clock_i/refclk
    MMCME2_ADV_X0Y0      MMCME2_ADV (Prop_mmcme2_adv_CLKIN1_CLKOUT2)
                                                      0.050     1.100 r  XDMA/inst/xdma_v41_m1_pcie2_to_pcie3_wrapper_i/pcie2_ip_i/inst/inst/gt_top_i/pipe_wrapper_i/pipe_clock_int.pipe_clock_i/mmcm_i/CLKOUT2
                         net (fo=1, routed)           0.489     1.589    XDMA/inst/xdma_v41_m1_pcie2_to_pcie3_wrapper_i/pcie2_ip_i/inst/inst/gt_top_i/pipe_wrapper_i/pipe_clock_int.pipe_clock_i/userclk1
    BUFGCTRL_X0Y0        BUFG (Prop_bufg_I_O)         0.026     1.615 r  XDMA/inst/xdma_v41_m1_pcie2_to_pcie3_wrapper_i/pcie2_ip_i/inst/inst/gt_top_i/pipe_wrapper_i/pipe_clock_int.pipe_clock_i/userclk1_i1.usrclk1_i1/O
                         net (fo=15975, routed)       0.552     2.167    autonomous_clk
    SLICE_X44Y26         FDRE                                         r  nvp_diag_axi_reg[38]/C

Slack:                    inf
  Source:                 nvp_sda
                            (input port)
  Destination:            NVP_AUTOINIT/u_sequence/sda_sync_r_reg[0]/D
                            (rising edge-triggered cell FDSE clocked by userclk1  {rise@0.000ns fall@8.000ns period=16.000ns})
  Path Group:             (none)
  Path Type:              Setup (Max at Fast Process Corner)
  Data Path Delay:        1.491ns  (logic 0.426ns (28.608%)  route 1.064ns (71.392%))
  Logic Levels:           1  (IBUF=1)
  Clock Path Skew:        2.169ns (DCD - SCD + CPR)
    Destination Clock Delay (DCD):    2.169ns
    Source Clock Delay      (SCD):    0.000ns
    Clock Pessimism Removal (CPR):    0.000ns
  Clock Uncertainty:      0.173ns  ((TSJ^2 + DJ^2)^1/2) / 2 + PE
    Total System Jitter     (TSJ):    0.050ns
    Discrete Jitter          (DJ):    0.141ns
    Phase Error              (PE):    0.099ns

    Location             Delay type                Incr(ns)  Path(ns)    Netlist Resource(s)
  -------------------------------------------------------------------    -------------------
    T18                                               0.000     0.000 r  nvp_sda (INOUT)
                         net (fo=1, unset)            0.000     0.000    NVP_SDA_IOBUF/IO
    T18                  IBUF (Prop_ibuf_I_O)         0.426     0.426 r  NVP_SDA_IOBUF/IBUF/O
                         net (fo=4, routed)           1.064     1.491    NVP_AUTOINIT/u_sequence/sda_sync_r_reg[0]_0[0]
    SLICE_X45Y21         FDSE                                         r  NVP_AUTOINIT/u_sequence/sda_sync_r_reg[0]/D
  -------------------------------------------------------------------    -------------------

                         (clock userclk1 rise edge)
                                                      0.000     0.000 r  
    GTPE2_CHANNEL_X0Y3   GTPE2_CHANNEL                0.000     0.000 r  XDMA/inst/xdma_v41_m1_pcie2_to_pcie3_wrapper_i/pcie2_ip_i/inst/inst/gt_top_i/pipe_wrapper_i/pipe_lane[0].gt_wrapper_i/gtp_channel.gtpe2_channel_i/TXOUTCLK
                         net (fo=1, routed)           0.473     0.473    XDMA/inst/xdma_v41_m1_pcie2_to_pcie3_wrapper_i/pcie2_ip_i/inst/inst/gt_top_i/pipe_wrapper_i/pipe_clock_int.pipe_clock_i/txoutclk_i.txoutclk_i_0
    BUFGCTRL_X0Y20       BUFG (Prop_bufg_I_O)         0.026     0.499 r  XDMA/inst/xdma_v41_m1_pcie2_to_pcie3_wrapper_i/pcie2_ip_i/inst/inst/gt_top_i/pipe_wrapper_i/pipe_clock_int.pipe_clock_i/txoutclk_i.txoutclk_i/O
                         net (fo=1, routed)           0.551     1.050    XDMA/inst/xdma_v41_m1_pcie2_to_pcie3_wrapper_i/pcie2_ip_i/inst/inst/gt_top_i/pipe_wrapper_i/pipe_clock_int.pipe_clock_i/refclk
    MMCME2_ADV_X0Y0      MMCME2_ADV (Prop_mmcme2_adv_CLKIN1_CLKOUT2)
                                                      0.050     1.100 r  XDMA/inst/xdma_v41_m1_pcie2_to_pcie3_wrapper_i/pcie2_ip_i/inst/inst/gt_top_i/pipe_wrapper_i/pipe_clock_int.pipe_clock_i/mmcm_i/CLKOUT2
                         net (fo=1, routed)           0.489     1.589    XDMA/inst/xdma_v41_m1_pcie2_to_pcie3_wrapper_i/pcie2_ip_i/inst/inst/gt_top_i/pipe_wrapper_i/pipe_clock_int.pipe_clock_i/userclk1
    BUFGCTRL_X0Y0        BUFG (Prop_bufg_I_O)         0.026     1.615 r  XDMA/inst/xdma_v41_m1_pcie2_to_pcie3_wrapper_i/pcie2_ip_i/inst/inst/gt_top_i/pipe_wrapper_i/pipe_clock_int.pipe_clock_i/userclk1_i1.usrclk1_i1/O
                         net (fo=15975, routed)       0.554     2.169    NVP_AUTOINIT/u_sequence/axi_aclk
    SLICE_X45Y21         FDSE                                         r  NVP_AUTOINIT/u_sequence/sda_sync_r_reg[0]/C

Slack:                    inf
  Source:                 nvp_sda
                            (input port)
  Destination:            NVP_AUTOINIT/u_sequence/sda_sync_r_reg[0]/D
                            (rising edge-triggered cell FDSE clocked by userclk1  {rise@0.000ns fall@8.000ns period=16.000ns})
  Path Group:             (none)
  Path Type:              Setup (Max at Fast Process Corner)
  Data Path Delay:        1.491ns  (logic 0.426ns (28.608%)  route 1.064ns (71.392%))
  Logic Levels:           1  (IBUF=1)
  Clock Path Skew:        2.169ns (DCD - SCD + CPR)
    Destination Clock Delay (DCD):    2.169ns
    Source Clock Delay      (SCD):    0.000ns
    Clock Pessimism Removal (CPR):    0.000ns
  Clock Uncertainty:      0.173ns  ((TSJ^2 + DJ^2)^1/2) / 2 + PE
    Total System Jitter     (TSJ):    0.050ns
    Discrete Jitter          (DJ):    0.141ns
    Phase Error              (PE):    0.099ns

    Location             Delay type                Incr(ns)  Path(ns)    Netlist Resource(s)
  -------------------------------------------------------------------    -------------------
    T18                                               0.000     0.000 f  nvp_sda (INOUT)
                         net (fo=1, unset)            0.000     0.000    NVP_SDA_IOBUF/IO
    T18                  IBUF (Prop_ibuf_I_O)         0.426     0.426 f  NVP_SDA_IOBUF/IBUF/O
                         net (fo=4, routed)           1.064     1.491    NVP_AUTOINIT/u_sequence/sda_sync_r_reg[0]_0[0]
    SLICE_X45Y21         FDSE                                         f  NVP_AUTOINIT/u_sequence/sda_sync_r_reg[0]/D
  -------------------------------------------------------------------    -------------------

                         (clock userclk1 rise edge)
                                                      0.000     0.000 r  
    GTPE2_CHANNEL_X0Y3   GTPE2_CHANNEL                0.000     0.000 r  XDMA/inst/xdma_v41_m1_pcie2_to_pcie3_wrapper_i/pcie2_ip_i/inst/inst/gt_top_i/pipe_wrapper_i/pipe_lane[0].gt_wrapper_i/gtp_channel.gtpe2_channel_i/TXOUTCLK
                         net (fo=1, routed)           0.473     0.473    XDMA/inst/xdma_v41_m1_pcie2_to_pcie3_wrapper_i/pcie2_ip_i/inst/inst/gt_top_i/pipe_wrapper_i/pipe_clock_int.pipe_clock_i/txoutclk_i.txoutclk_i_0
    BUFGCTRL_X0Y20       BUFG (Prop_bufg_I_O)         0.026     0.499 r  XDMA/inst/xdma_v41_m1_pcie2_to_pcie3_wrapper_i/pcie2_ip_i/inst/inst/gt_top_i/pipe_wrapper_i/pipe_clock_int.pipe_clock_i/txoutclk_i.txoutclk_i/O
                         net (fo=1, routed)           0.551     1.050    XDMA/inst/xdma_v41_m1_pcie2_to_pcie3_wrapper_i/pcie2_ip_i/inst/inst/gt_top_i/pipe_wrapper_i/pipe_clock_int.pipe_clock_i/refclk
    MMCME2_ADV_X0Y0      MMCME2_ADV (Prop_mmcme2_adv_CLKIN1_CLKOUT2)
                                                      0.050     1.100 r  XDMA/inst/xdma_v41_m1_pcie2_to_pcie3_wrapper_i/pcie2_ip_i/inst/inst/gt_top_i/pipe_wrapper_i/pipe_clock_int.pipe_clock_i/mmcm_i/CLKOUT2
                         net (fo=1, routed)           0.489     1.589    XDMA/inst/xdma_v41_m1_pcie2_to_pcie3_wrapper_i/pcie2_ip_i/inst/inst/gt_top_i/pipe_wrapper_i/pipe_clock_int.pipe_clock_i/userclk1
    BUFGCTRL_X0Y0        BUFG (Prop_bufg_I_O)         0.026     1.615 r  XDMA/inst/xdma_v41_m1_pcie2_to_pcie3_wrapper_i/pcie2_ip_i/inst/inst/gt_top_i/pipe_wrapper_i/pipe_clock_int.pipe_clock_i/userclk1_i1.usrclk1_i1/O
                         net (fo=15975, routed)       0.554     2.169    NVP_AUTOINIT/u_sequence/axi_aclk
    SLICE_X45Y21         FDSE                                         r  NVP_AUTOINIT/u_sequence/sda_sync_r_reg[0]/C




