"GlobalRow","SectionRow","ViolationName","Rule","Severity","SourceClock","DestinationClock","CDCType","Depth","Exception","PhysicalSource","DestinationEndpoint","Description"
"5","1","CDC-6#1","CDC-6","Warning","userclk1","nvp_vclk1","No Common Primary Clock","2","False Path","CAPTURE_SUBSYSTEM/BAR_TARGET/release_toggle_pcie_reg[1:0]/C","CAPTURE_SUBSYSTEM/BAR_TARGET/release_sync1_reg[1:0]/D","Multi-bit synchronized with ASYNC_REG property"
"7","3","CDC-15#1","CDC-15","Warning","userclk1","nvp_vclk1","No Common Primary Clock","0","Max Delay Datapath Only","CAPTURE_SUBSYSTEM/MAILBOX/cfg_hold_pcie_reg[1]/C","CAPTURE_SUBSYSTEM/MAILBOX/nvp_cfg_abort_reg/D","Clock enable controlled CDC structure detected"
"8","4","CDC-15#2","CDC-15","Warning","userclk1","nvp_vclk1","No Common Primary Clock","0","Max Delay Datapath Only","CAPTURE_SUBSYSTEM/MAILBOX/cfg_hold_pcie_reg[0]/C","CAPTURE_SUBSYSTEM/MAILBOX/nvp_cfg_arm_reg/D","Clock enable controlled CDC structure detected"
"9","5","CDC-15#3","CDC-15","Warning","userclk1","nvp_vclk1","No Common Primary Clock","0","Max Delay Datapath Only","CAPTURE_SUBSYSTEM/MAILBOX/cfg_hold_pcie_reg[42]/C","CAPTURE_SUBSYSTEM/MAILBOX/nvp_cfg_capture_generation_reg[0]/D","Clock enable controlled CDC structure detected"
"10","6","CDC-15#4","CDC-15","Warning","userclk1","nvp_vclk1","No Common Primary Clock","0","Max Delay Datapath Only","CAPTURE_SUBSYSTEM/MAILBOX/cfg_hold_pcie_reg[43]/C","CAPTURE_SUBSYSTEM/MAILBOX/nvp_cfg_capture_generation_reg[1]/D","Clock enable controlled CDC structure detected"
"11","7","CDC-15#5","CDC-15","Warning","userclk1","nvp_vclk1","No Common Primary Clock","0","Max Delay Datapath Only","CAPTURE_SUBSYSTEM/MAILBOX/cfg_hold_pcie_reg[44]/C","CAPTURE_SUBSYSTEM/MAILBOX/nvp_cfg_capture_generation_reg[2]/D","Clock enable controlled CDC structure detected"
"12","8","CDC-15#6","CDC-15","Warning","userclk1","nvp_vclk1","No Common Primary Clock","0","Max Delay Datapath Only","CAPTURE_SUBSYSTEM/MAILBOX/cfg_hold_pcie_reg[45]/C","CAPTURE_SUBSYSTEM/MAILBOX/nvp_cfg_capture_generation_reg[3]/D","Clock enable controlled CDC structure detected"
"13","9","CDC-15#7","CDC-15","Warning","userclk1","nvp_vclk1","No Common Primary Clock","0","Max Delay Datapath Only","CAPTURE_SUBSYSTEM/MAILBOX/cfg_hold_pcie_reg[46]/C","CAPTURE_SUBSYSTEM/MAILBOX/nvp_cfg_capture_generation_reg[4]/D","Clock enable controlled CDC structure detected"
"14","10","CDC-15#8","CDC-15","Warning","userclk1","nvp_vclk1","No Common Primary Clock","0","Max Delay Datapath Only","CAPTURE_SUBSYSTEM/MAILBOX/cfg_hold_pcie_reg[47]/C","CAPTURE_SUBSYSTEM/MAILBOX/nvp_cfg_capture_generation_reg[5]/D","Clock enable controlled CDC structure detected"
"15","11","CDC-15#9","CDC-15","Warning","userclk1","nvp_vclk1","No Common Primary Clock","0","Max Delay Datapath Only","CAPTURE_SUBSYSTEM/MAILBOX/cfg_hold_pcie_reg[48]/C","CAPTURE_SUBSYSTEM/MAILBOX/nvp_cfg_capture_generation_reg[6]/D","Clock enable controlled CDC structure detected"
"16","12","CDC-15#10","CDC-15","Warning","userclk1","nvp_vclk1","No Common Primary Clock","0","Max Delay Datapath Only","CAPTURE_SUBSYSTEM/MAILBOX/cfg_hold_pcie_reg[49]/C","CAPTURE_SUBSYSTEM/MAILBOX/nvp_cfg_capture_generation_reg[7]/D","Clock enable controlled CDC structure detected"
"17","13","CDC-15#11","CDC-15","Warning","userclk1","nvp_vclk1","No Common Primary Clock","0","Max Delay Datapath Only","CAPTURE_SUBSYSTEM/MAILBOX/cfg_hold_pcie_reg[50]/C","CAPTURE_SUBSYSTEM/MAILBOX/nvp_cfg_capture_generation_reg[8]/D","Clock enable controlled CDC structure detected"
"18","14","CDC-15#12","CDC-15","Warning","userclk1","nvp_vclk1","No Common Primary Clock","0","Max Delay Datapath Only","CAPTURE_SUBSYSTEM/MAILBOX/cfg_hold_pcie_reg[51]/C","CAPTURE_SUBSYSTEM/MAILBOX/nvp_cfg_capture_generation_reg[9]/D","Clock enable controlled CDC structure detected"
"19","15","CDC-15#13","CDC-15","Warning","userclk1","nvp_vclk1","No Common Primary Clock","0","Max Delay Datapath Only","CAPTURE_SUBSYSTEM/MAILBOX/cfg_hold_pcie_reg[52]/C","CAPTURE_SUBSYSTEM/MAILBOX/nvp_cfg_capture_generation_reg[10]/D","Clock enable controlled CDC structure detected"
"20","16","CDC-15#14","CDC-15","Warning","userclk1","nvp_vclk1","No Common Primary Clock","0","Max Delay Datapath Only","CAPTURE_SUBSYSTEM/MAILBOX/cfg_hold_pcie_reg[53]/C","CAPTURE_SUBSYSTEM/MAILBOX/nvp_cfg_capture_generation_reg[11]/D","Clock enable controlled CDC structure detected"
"21","17","CDC-15#15","CDC-15","Warning","userclk1","nvp_vclk1","No Common Primary Clock","0","Max Delay Datapath Only","CAPTURE_SUBSYSTEM/MAILBOX/cfg_hold_pcie_reg[54]/C","CAPTURE_SUBSYSTEM/MAILBOX/nvp_cfg_capture_generation_reg[12]/D","Clock enable controlled CDC structure detected"
"22","18","CDC-15#16","CDC-15","Warning","userclk1","nvp_vclk1","No Common Primary Clock","0","Max Delay Datapath Only","CAPTURE_SUBSYSTEM/MAILBOX/cfg_hold_pcie_reg[55]/C","CAPTURE_SUBSYSTEM/MAILBOX/nvp_cfg_capture_generation_reg[13]/D","Clock enable controlled CDC structure detected"
"23","19","CDC-15#17","CDC-15","Warning","userclk1","nvp_vclk1","No Common Primary Clock","0","Max Delay Datapath Only","CAPTURE_SUBSYSTEM/MAILBOX/cfg_hold_pcie_reg[56]/C","CAPTURE_SUBSYSTEM/MAILBOX/nvp_cfg_capture_generation_reg[14]/D","Clock enable controlled CDC structure detected"
"24","20","CDC-15#18","CDC-15","Warning","userclk1","nvp_vclk1","No Common Primary Clock","0","Max Delay Datapath Only","CAPTURE_SUBSYSTEM/MAILBOX/cfg_hold_pcie_reg[57]/C","CAPTURE_SUBSYSTEM/MAILBOX/nvp_cfg_capture_generation_reg[15]/D","Clock enable controlled CDC structure detected"
"25","21","CDC-15#19","CDC-15","Warning","userclk1","nvp_vclk1","No Common Primary Clock","0","Max Delay Datapath Only","CAPTURE_SUBSYSTEM/MAILBOX/cfg_hold_pcie_reg[58]/C","CAPTURE_SUBSYSTEM/MAILBOX/nvp_cfg_capture_generation_reg[16]/D","Clock enable controlled CDC structure detected"
"26","22","CDC-15#20","CDC-15","Warning","userclk1","nvp_vclk1","No Common Primary Clock","0","Max Delay Datapath Only","CAPTURE_SUBSYSTEM/MAILBOX/cfg_hold_pcie_reg[59]/C","CAPTURE_SUBSYSTEM/MAILBOX/nvp_cfg_capture_generation_reg[17]/D","Clock enable controlled CDC structure detected"
"27","23","CDC-15#21","CDC-15","Warning","userclk1","nvp_vclk1","No Common Primary Clock","0","Max Delay Datapath Only","CAPTURE_SUBSYSTEM/MAILBOX/cfg_hold_pcie_reg[60]/C","CAPTURE_SUBSYSTEM/MAILBOX/nvp_cfg_capture_generation_reg[18]/D","Clock enable controlled CDC structure detected"
"28","24","CDC-15#22","CDC-15","Warning","userclk1","nvp_vclk1","No Common Primary Clock","0","Max Delay Datapath Only","CAPTURE_SUBSYSTEM/MAILBOX/cfg_hold_pcie_reg[61]/C","CAPTURE_SUBSYSTEM/MAILBOX/nvp_cfg_capture_generation_reg[19]/D","Clock enable controlled CDC structure detected"
"29","25","CDC-15#23","CDC-15","Warning","userclk1","nvp_vclk1","No Common Primary Clock","0","Max Delay Datapath Only","CAPTURE_SUBSYSTEM/MAILBOX/cfg_hold_pcie_reg[62]/C","CAPTURE_SUBSYSTEM/MAILBOX/nvp_cfg_capture_generation_reg[20]/D","Clock enable controlled CDC structure detected"
"30","26","CDC-15#24","CDC-15","Warning","userclk1","nvp_vclk1","No Common Primary Clock","0","Max Delay Datapath Only","CAPTURE_SUBSYSTEM/MAILBOX/cfg_hold_pcie_reg[63]/C","CAPTURE_SUBSYSTEM/MAILBOX/nvp_cfg_capture_generation_reg[21]/D","Clock enable controlled CDC structure detected"
"31","27","CDC-15#25","CDC-15","Warning","userclk1","nvp_vclk1","No Common Primary Clock","0","Max Delay Datapath Only","CAPTURE_SUBSYSTEM/MAILBOX/cfg_hold_pcie_reg[64]/C","CAPTURE_SUBSYSTEM/MAILBOX/nvp_cfg_capture_generation_reg[22]/D","Clock enable controlled CDC structure detected"
"32","28","CDC-15#26","CDC-15","Warning","userclk1","nvp_vclk1","No Common Primary Clock","0","Max Delay Datapath Only","CAPTURE_SUBSYSTEM/MAILBOX/cfg_hold_pcie_reg[65]/C","CAPTURE_SUBSYSTEM/MAILBOX/nvp_cfg_capture_generation_reg[23]/D","Clock enable controlled CDC structure detected"
"33","29","CDC-15#27","CDC-15","Warning","userclk1","nvp_vclk1","No Common Primary Clock","0","Max Delay Datapath Only","CAPTURE_SUBSYSTEM/MAILBOX/cfg_hold_pcie_reg[66]/C","CAPTURE_SUBSYSTEM/MAILBOX/nvp_cfg_capture_generation_reg[24]/D","Clock enable controlled CDC structure detected"
"34","30","CDC-15#28","CDC-15","Warning","userclk1","nvp_vclk1","No Common Primary Clock","0","Max Delay Datapath Only","CAPTURE_SUBSYSTEM/MAILBOX/cfg_hold_pcie_reg[67]/C","CAPTURE_SUBSYSTEM/MAILBOX/nvp_cfg_capture_generation_reg[25]/D","Clock enable controlled CDC structure detected"
"35","31","CDC-15#29","CDC-15","Warning","userclk1","nvp_vclk1","No Common Primary Clock","0","Max Delay Datapath Only","CAPTURE_SUBSYSTEM/MAILBOX/cfg_hold_pcie_reg[68]/C","CAPTURE_SUBSYSTEM/MAILBOX/nvp_cfg_capture_generation_reg[26]/D","Clock enable controlled CDC structure detected"
"36","32","CDC-15#30","CDC-15","Warning","userclk1","nvp_vclk1","No Common Primary Clock","0","Max Delay Datapath Only","CAPTURE_SUBSYSTEM/MAILBOX/cfg_hold_pcie_reg[69]/C","CAPTURE_SUBSYSTEM/MAILBOX/nvp_cfg_capture_generation_reg[27]/D","Clock enable controlled CDC structure detected"
"37","33","CDC-15#31","CDC-15","Warning","userclk1","nvp_vclk1","No Common Primary Clock","0","Max Delay Datapath Only","CAPTURE_SUBSYSTEM/MAILBOX/cfg_hold_pcie_reg[70]/C","CAPTURE_SUBSYSTEM/MAILBOX/nvp_cfg_capture_generation_reg[28]/D","Clock enable controlled CDC structure detected"
"38","34","CDC-15#32","CDC-15","Warning","userclk1","nvp_vclk1","No Common Primary Clock","0","Max Delay Datapath Only","CAPTURE_SUBSYSTEM/MAILBOX/cfg_hold_pcie_reg[71]/C","CAPTURE_SUBSYSTEM/MAILBOX/nvp_cfg_capture_generation_reg[29]/D","Clock enable controlled CDC structure detected"
"39","35","CDC-15#33","CDC-15","Warning","userclk1","nvp_vclk1","No Common Primary Clock","0","Max Delay Datapath Only","CAPTURE_SUBSYSTEM/MAILBOX/cfg_hold_pcie_reg[72]/C","CAPTURE_SUBSYSTEM/MAILBOX/nvp_cfg_capture_generation_reg[30]/D","Clock enable controlled CDC structure detected"
"40","36","CDC-15#34","CDC-15","Warning","userclk1","nvp_vclk1","No Common Primary Clock","0","Max Delay Datapath Only","CAPTURE_SUBSYSTEM/MAILBOX/cfg_hold_pcie_reg[73]/C","CAPTURE_SUBSYSTEM/MAILBOX/nvp_cfg_capture_generation_reg[31]/D","Clock enable controlled CDC structure detected"
"41","37","CDC-15#35","CDC-15","Warning","userclk1","nvp_vclk1","No Common Primary Clock","0","Max Delay Datapath Only","CAPTURE_SUBSYSTEM/MAILBOX/cfg_hold_pcie_reg[2]/C","CAPTURE_SUBSYSTEM/MAILBOX/nvp_cfg_clear_errors_reg/D","Clock enable controlled CDC structure detected"
"42","38","CDC-15#36","CDC-15","Warning","userclk1","nvp_vclk1","No Common Primary Clock","0","Max Delay Datapath Only","CAPTURE_SUBSYSTEM/MAILBOX/cfg_hold_pcie_reg[5]/C","CAPTURE_SUBSYSTEM/MAILBOX/nvp_cfg_line_count_requested_reg[0]/D","Clock enable controlled CDC structure detected"
"43","39","CDC-15#37","CDC-15","Warning","userclk1","nvp_vclk1","No Common Primary Clock","0","Max Delay Datapath Only","CAPTURE_SUBSYSTEM/MAILBOX/cfg_hold_pcie_reg[6]/C","CAPTURE_SUBSYSTEM/MAILBOX/nvp_cfg_line_count_requested_reg[1]/D","Clock enable controlled CDC structure detected"
"44","40","CDC-15#38","CDC-15","Warning","userclk1","nvp_vclk1","No Common Primary Clock","0","Max Delay Datapath Only","CAPTURE_SUBSYSTEM/MAILBOX/cfg_hold_pcie_reg[7]/C","CAPTURE_SUBSYSTEM/MAILBOX/nvp_cfg_line_count_requested_reg[2]/D","Clock enable controlled CDC structure detected"
"45","41","CDC-15#39","CDC-15","Warning","userclk1","nvp_vclk1","No Common Primary Clock","0","Max Delay Datapath Only","CAPTURE_SUBSYSTEM/MAILBOX/cfg_hold_pcie_reg[8]/C","CAPTURE_SUBSYSTEM/MAILBOX/nvp_cfg_line_count_requested_reg[3]/D","Clock enable controlled CDC structure detected"
"46","42","CDC-15#40","CDC-15","Warning","userclk1","nvp_vclk1","No Common Primary Clock","0","Max Delay Datapath Only","CAPTURE_SUBSYSTEM/MAILBOX/cfg_hold_pcie_reg[9]/C","CAPTURE_SUBSYSTEM/MAILBOX/nvp_cfg_line_count_requested_reg[4]/D","Clock enable controlled CDC structure detected"
"47","43","CDC-15#41","CDC-15","Warning","userclk1","nvp_vclk1","No Common Primary Clock","0","Max Delay Datapath Only","CAPTURE_SUBSYSTEM/MAILBOX/cfg_hold_pcie_reg[3]/C","CAPTURE_SUBSYSTEM/MAILBOX/nvp_cfg_single_line_reg/D","Clock enable controlled CDC structure detected"
"48","44","CDC-15#42","CDC-15","Warning","userclk1","nvp_vclk1","No Common Primary Clock","0","Max Delay Datapath Only","CAPTURE_SUBSYSTEM/MAILBOX/cfg_hold_pcie_reg[10]/C","CAPTURE_SUBSYSTEM/MAILBOX/nvp_cfg_target_line_reg[0]/D","Clock enable controlled CDC structure detected"
"49","45","CDC-15#43","CDC-15","Warning","userclk1","nvp_vclk1","No Common Primary Clock","0","Max Delay Datapath Only","CAPTURE_SUBSYSTEM/MAILBOX/cfg_hold_pcie_reg[11]/C","CAPTURE_SUBSYSTEM/MAILBOX/nvp_cfg_target_line_reg[1]/D","Clock enable controlled CDC structure detected"
"50","46","CDC-15#44","CDC-15","Warning","userclk1","nvp_vclk1","No Common Primary Clock","0","Max Delay Datapath Only","CAPTURE_SUBSYSTEM/MAILBOX/cfg_hold_pcie_reg[12]/C","CAPTURE_SUBSYSTEM/MAILBOX/nvp_cfg_target_line_reg[2]/D","Clock enable controlled CDC structure detected"
"51","47","CDC-15#45","CDC-15","Warning","userclk1","nvp_vclk1","No Common Primary Clock","0","Max Delay Datapath Only","CAPTURE_SUBSYSTEM/MAILBOX/cfg_hold_pcie_reg[13]/C","CAPTURE_SUBSYSTEM/MAILBOX/nvp_cfg_target_line_reg[3]/D","Clock enable controlled CDC structure detected"
"52","48","CDC-15#46","CDC-15","Warning","userclk1","nvp_vclk1","No Common Primary Clock","0","Max Delay Datapath Only","CAPTURE_SUBSYSTEM/MAILBOX/cfg_hold_pcie_reg[14]/C","CAPTURE_SUBSYSTEM/MAILBOX/nvp_cfg_target_line_reg[4]/D","Clock enable controlled CDC structure detected"
"53","49","CDC-15#47","CDC-15","Warning","userclk1","nvp_vclk1","No Common Primary Clock","0","Max Delay Datapath Only","CAPTURE_SUBSYSTEM/MAILBOX/cfg_hold_pcie_reg[15]/C","CAPTURE_SUBSYSTEM/MAILBOX/nvp_cfg_target_line_reg[5]/D","Clock enable controlled CDC structure detected"
"54","50","CDC-15#48","CDC-15","Warning","userclk1","nvp_vclk1","No Common Primary Clock","0","Max Delay Datapath Only","CAPTURE_SUBSYSTEM/MAILBOX/cfg_hold_pcie_reg[16]/C","CAPTURE_SUBSYSTEM/MAILBOX/nvp_cfg_target_line_reg[6]/D","Clock enable controlled CDC structure detected"
"55","51","CDC-15#49","CDC-15","Warning","userclk1","nvp_vclk1","No Common Primary Clock","0","Max Delay Datapath Only","CAPTURE_SUBSYSTEM/MAILBOX/cfg_hold_pcie_reg[17]/C","CAPTURE_SUBSYSTEM/MAILBOX/nvp_cfg_target_line_reg[7]/D","Clock enable controlled CDC structure detected"
"56","52","CDC-15#50","CDC-15","Warning","userclk1","nvp_vclk1","No Common Primary Clock","0","Max Delay Datapath Only","CAPTURE_SUBSYSTEM/MAILBOX/cfg_hold_pcie_reg[18]/C","CAPTURE_SUBSYSTEM/MAILBOX/nvp_cfg_target_line_reg[8]/D","Clock enable controlled CDC structure detected"
"57","53","CDC-15#51","CDC-15","Warning","userclk1","nvp_vclk1","No Common Primary Clock","0","Max Delay Datapath Only","CAPTURE_SUBSYSTEM/MAILBOX/cfg_hold_pcie_reg[19]/C","CAPTURE_SUBSYSTEM/MAILBOX/nvp_cfg_target_line_reg[9]/D","Clock enable controlled CDC structure detected"
"58","54","CDC-15#52","CDC-15","Warning","userclk1","nvp_vclk1","No Common Primary Clock","0","Max Delay Datapath Only","CAPTURE_SUBSYSTEM/MAILBOX/cfg_hold_pcie_reg[20]/C","CAPTURE_SUBSYSTEM/MAILBOX/nvp_cfg_target_line_reg[10]/D","Clock enable controlled CDC structure detected"
"59","55","CDC-15#53","CDC-15","Warning","userclk1","nvp_vclk1","No Common Primary Clock","0","Max Delay Datapath Only","CAPTURE_SUBSYSTEM/MAILBOX/cfg_hold_pcie_reg[21]/C","CAPTURE_SUBSYSTEM/MAILBOX/nvp_cfg_target_line_reg[11]/D","Clock enable controlled CDC structure detected"
"60","56","CDC-15#54","CDC-15","Warning","userclk1","nvp_vclk1","No Common Primary Clock","0","Max Delay Datapath Only","CAPTURE_SUBSYSTEM/MAILBOX/cfg_hold_pcie_reg[22]/C","CAPTURE_SUBSYSTEM/MAILBOX/nvp_cfg_target_line_reg[12]/D","Clock enable controlled CDC structure detected"
"61","57","CDC-15#55","CDC-15","Warning","userclk1","nvp_vclk1","No Common Primary Clock","0","Max Delay Datapath Only","CAPTURE_SUBSYSTEM/MAILBOX/cfg_hold_pcie_reg[23]/C","CAPTURE_SUBSYSTEM/MAILBOX/nvp_cfg_target_line_reg[13]/D","Clock enable controlled CDC structure detected"
"62","58","CDC-15#56","CDC-15","Warning","userclk1","nvp_vclk1","No Common Primary Clock","0","Max Delay Datapath Only","CAPTURE_SUBSYSTEM/MAILBOX/cfg_hold_pcie_reg[24]/C","CAPTURE_SUBSYSTEM/MAILBOX/nvp_cfg_target_line_reg[14]/D","Clock enable controlled CDC structure detected"
"63","59","CDC-15#57","CDC-15","Warning","userclk1","nvp_vclk1","No Common Primary Clock","0","Max Delay Datapath Only","CAPTURE_SUBSYSTEM/MAILBOX/cfg_hold_pcie_reg[25]/C","CAPTURE_SUBSYSTEM/MAILBOX/nvp_cfg_target_line_reg[15]/D","Clock enable controlled CDC structure detected"
"64","60","CDC-15#58","CDC-15","Warning","userclk1","nvp_vclk1","No Common Primary Clock","0","Max Delay Datapath Only","CAPTURE_SUBSYSTEM/MAILBOX/cfg_hold_pcie_reg[26]/C","CAPTURE_SUBSYSTEM/MAILBOX/nvp_cfg_target_line_reg[16]/D","Clock enable controlled CDC structure detected"
"65","61","CDC-15#59","CDC-15","Warning","userclk1","nvp_vclk1","No Common Primary Clock","0","Max Delay Datapath Only","CAPTURE_SUBSYSTEM/MAILBOX/cfg_hold_pcie_reg[27]/C","CAPTURE_SUBSYSTEM/MAILBOX/nvp_cfg_target_line_reg[17]/D","Clock enable controlled CDC structure detected"
"66","62","CDC-15#60","CDC-15","Warning","userclk1","nvp_vclk1","No Common Primary Clock","0","Max Delay Datapath Only","CAPTURE_SUBSYSTEM/MAILBOX/cfg_hold_pcie_reg[28]/C","CAPTURE_SUBSYSTEM/MAILBOX/nvp_cfg_target_line_reg[18]/D","Clock enable controlled CDC structure detected"
"67","63","CDC-15#61","CDC-15","Warning","userclk1","nvp_vclk1","No Common Primary Clock","0","Max Delay Datapath Only","CAPTURE_SUBSYSTEM/MAILBOX/cfg_hold_pcie_reg[29]/C","CAPTURE_SUBSYSTEM/MAILBOX/nvp_cfg_target_line_reg[19]/D","Clock enable controlled CDC structure detected"
"68","64","CDC-15#62","CDC-15","Warning","userclk1","nvp_vclk1","No Common Primary Clock","0","Max Delay Datapath Only","CAPTURE_SUBSYSTEM/MAILBOX/cfg_hold_pcie_reg[30]/C","CAPTURE_SUBSYSTEM/MAILBOX/nvp_cfg_target_line_reg[20]/D","Clock enable controlled CDC structure detected"
"69","65","CDC-15#63","CDC-15","Warning","userclk1","nvp_vclk1","No Common Primary Clock","0","Max Delay Datapath Only","CAPTURE_SUBSYSTEM/MAILBOX/cfg_hold_pcie_reg[31]/C","CAPTURE_SUBSYSTEM/MAILBOX/nvp_cfg_target_line_reg[21]/D","Clock enable controlled CDC structure detected"
"70","66","CDC-15#64","CDC-15","Warning","userclk1","nvp_vclk1","No Common Primary Clock","0","Max Delay Datapath Only","CAPTURE_SUBSYSTEM/MAILBOX/cfg_hold_pcie_reg[32]/C","CAPTURE_SUBSYSTEM/MAILBOX/nvp_cfg_target_line_reg[22]/D","Clock enable controlled CDC structure detected"
"71","67","CDC-15#65","CDC-15","Warning","userclk1","nvp_vclk1","No Common Primary Clock","0","Max Delay Datapath Only","CAPTURE_SUBSYSTEM/MAILBOX/cfg_hold_pcie_reg[33]/C","CAPTURE_SUBSYSTEM/MAILBOX/nvp_cfg_target_line_reg[23]/D","Clock enable controlled CDC structure detected"
"72","68","CDC-15#66","CDC-15","Warning","userclk1","nvp_vclk1","No Common Primary Clock","0","Max Delay Datapath Only","CAPTURE_SUBSYSTEM/MAILBOX/cfg_hold_pcie_reg[34]/C","CAPTURE_SUBSYSTEM/MAILBOX/nvp_cfg_target_line_reg[24]/D","Clock enable controlled CDC structure detected"
"73","69","CDC-15#67","CDC-15","Warning","userclk1","nvp_vclk1","No Common Primary Clock","0","Max Delay Datapath Only","CAPTURE_SUBSYSTEM/MAILBOX/cfg_hold_pcie_reg[35]/C","CAPTURE_SUBSYSTEM/MAILBOX/nvp_cfg_target_line_reg[25]/D","Clock enable controlled CDC structure detected"
"74","70","CDC-15#68","CDC-15","Warning","userclk1","nvp_vclk1","No Common Primary Clock","0","Max Delay Datapath Only","CAPTURE_SUBSYSTEM/MAILBOX/cfg_hold_pcie_reg[36]/C","CAPTURE_SUBSYSTEM/MAILBOX/nvp_cfg_target_line_reg[26]/D","Clock enable controlled CDC structure detected"
"75","71","CDC-15#69","CDC-15","Warning","userclk1","nvp_vclk1","No Common Primary Clock","0","Max Delay Datapath Only","CAPTURE_SUBSYSTEM/MAILBOX/cfg_hold_pcie_reg[37]/C","CAPTURE_SUBSYSTEM/MAILBOX/nvp_cfg_target_line_reg[27]/D","Clock enable controlled CDC structure detected"
"76","72","CDC-15#70","CDC-15","Warning","userclk1","nvp_vclk1","No Common Primary Clock","0","Max Delay Datapath Only","CAPTURE_SUBSYSTEM/MAILBOX/cfg_hold_pcie_reg[38]/C","CAPTURE_SUBSYSTEM/MAILBOX/nvp_cfg_target_line_reg[28]/D","Clock enable controlled CDC structure detected"
"77","73","CDC-15#71","CDC-15","Warning","userclk1","nvp_vclk1","No Common Primary Clock","0","Max Delay Datapath Only","CAPTURE_SUBSYSTEM/MAILBOX/cfg_hold_pcie_reg[39]/C","CAPTURE_SUBSYSTEM/MAILBOX/nvp_cfg_target_line_reg[29]/D","Clock enable controlled CDC structure detected"
"78","74","CDC-15#72","CDC-15","Warning","userclk1","nvp_vclk1","No Common Primary Clock","0","Max Delay Datapath Only","CAPTURE_SUBSYSTEM/MAILBOX/cfg_hold_pcie_reg[40]/C","CAPTURE_SUBSYSTEM/MAILBOX/nvp_cfg_target_line_reg[30]/D","Clock enable controlled CDC structure detected"
"79","75","CDC-15#73","CDC-15","Warning","userclk1","nvp_vclk1","No Common Primary Clock","0","Max Delay Datapath Only","CAPTURE_SUBSYSTEM/MAILBOX/cfg_hold_pcie_reg[41]/C","CAPTURE_SUBSYSTEM/MAILBOX/nvp_cfg_target_line_reg[31]/D","Clock enable controlled CDC structure detected"
"80","76","CDC-15#74","CDC-15","Warning","userclk1","nvp_vclk1","No Common Primary Clock","0","Max Delay Datapath Only","CAPTURE_SUBSYSTEM/MAILBOX/cfg_hold_pcie_reg[4]/C","CAPTURE_SUBSYSTEM/MAILBOX/nvp_cfg_window_16_lines_reg/D","Clock enable controlled CDC structure detected"
"89","85","CDC-15#75","CDC-15","Warning","userclk1","nvp_vclk1","No Common Primary Clock","0","Max Delay Datapath Only","G2B_ONECH_C2H/transport_hard_hold_axi_reg/C","G2B_ONECH_C2H/hard_event_baseline_hold_source_reg[0]/D","Clock enable controlled CDC structure detected"
"90","86","CDC-15#76","CDC-15","Warning","userclk1","nvp_vclk1","No Common Primary Clock","0","Max Delay Datapath Only","G2B_ONECH_C2H/transport_hard_hold_axi_reg/C","G2B_ONECH_C2H/hard_event_baseline_hold_source_reg[1]/D","Clock enable controlled CDC structure detected"
"91","87","CDC-15#77","CDC-15","Warning","userclk1","nvp_vclk1","No Common Primary Clock","0","Max Delay Datapath Only","G2B_ONECH_C2H/transport_hard_hold_axi_reg/C","G2B_ONECH_C2H/hard_event_baseline_hold_source_reg[2]/D","Clock enable controlled CDC structure detected"
"92","88","CDC-15#78","CDC-15","Warning","userclk1","nvp_vclk1","No Common Primary Clock","0","Max Delay Datapath Only","G2B_ONECH_C2H/transport_hard_hold_axi_reg/C","G2B_ONECH_C2H/hard_event_baseline_hold_source_reg[3]/D","Clock enable controlled CDC structure detected"
"93","89","CDC-15#79","CDC-15","Warning","userclk1","nvp_vclk1","No Common Primary Clock","0","Max Delay Datapath Only","G2B_ONECH_C2H/transport_hard_hold_axi_reg/C","G2B_ONECH_C2H/hard_event_clear_toggle_source_reg/D","Clock enable controlled CDC structure detected"
"95","91","CDC-15#80","CDC-15","Warning","userclk1","nvp_vclk1","No Common Primary Clock","0","Max Delay Datapath Only","G2B_ONECH_C2H/transport_hard_hold_axi_reg/C","G2B_ONECH_C2H/overflow_count_source_reg[0]/R","Clock enable controlled CDC structure detected"
"96","92","CDC-15#81","CDC-15","Warning","userclk1","nvp_vclk1","No Common Primary Clock","0","Max Delay Datapath Only","G2B_ONECH_C2H/transport_hard_hold_axi_reg/C","G2B_ONECH_C2H/overflow_count_source_reg[1]/R","Clock enable controlled CDC structure detected"
"97","93","CDC-15#82","CDC-15","Warning","userclk1","nvp_vclk1","No Common Primary Clock","0","Max Delay Datapath Only","G2B_ONECH_C2H/transport_hard_hold_axi_reg/C","G2B_ONECH_C2H/overflow_count_source_reg[2]/R","Clock enable controlled CDC structure detected"
"98","94","CDC-15#83","CDC-15","Warning","userclk1","nvp_vclk1","No Common Primary Clock","0","Max Delay Datapath Only","G2B_ONECH_C2H/transport_hard_hold_axi_reg/C","G2B_ONECH_C2H/overflow_count_source_reg[3]/R","Clock enable controlled CDC structure detected"
"99","95","CDC-15#84","CDC-15","Warning","userclk1","nvp_vclk1","No Common Primary Clock","0","Max Delay Datapath Only","G2B_ONECH_C2H/transport_hard_hold_axi_reg/C","G2B_ONECH_C2H/overflow_count_source_reg[4]/R","Clock enable controlled CDC structure detected"
"100","96","CDC-15#85","CDC-15","Warning","userclk1","nvp_vclk1","No Common Primary Clock","0","Max Delay Datapath Only","G2B_ONECH_C2H/transport_hard_hold_axi_reg/C","G2B_ONECH_C2H/overflow_count_source_reg[5]/R","Clock enable controlled CDC structure detected"
"101","97","CDC-15#86","CDC-15","Warning","userclk1","nvp_vclk1","No Common Primary Clock","0","Max Delay Datapath Only","G2B_ONECH_C2H/transport_hard_hold_axi_reg/C","G2B_ONECH_C2H/overflow_count_source_reg[6]/R","Clock enable controlled CDC structure detected"
"102","98","CDC-15#87","CDC-15","Warning","userclk1","nvp_vclk1","No Common Primary Clock","0","Max Delay Datapath Only","G2B_ONECH_C2H/transport_hard_hold_axi_reg/C","G2B_ONECH_C2H/overflow_count_source_reg[7]/R","Clock enable controlled CDC structure detected"
"103","99","CDC-15#88","CDC-15","Warning","userclk1","nvp_vclk1","No Common Primary Clock","0","Max Delay Datapath Only","G2B_ONECH_C2H/transport_hard_hold_axi_reg/C","G2B_ONECH_C2H/overflow_count_source_reg[8]/R","Clock enable controlled CDC structure detected"
"104","100","CDC-15#89","CDC-15","Warning","userclk1","nvp_vclk1","No Common Primary Clock","0","Max Delay Datapath Only","G2B_ONECH_C2H/transport_hard_hold_axi_reg/C","G2B_ONECH_C2H/overflow_count_source_reg[9]/R","Clock enable controlled CDC structure detected"
"105","101","CDC-15#90","CDC-15","Warning","userclk1","nvp_vclk1","No Common Primary Clock","0","Max Delay Datapath Only","G2B_ONECH_C2H/transport_hard_hold_axi_reg/C","G2B_ONECH_C2H/overflow_count_source_reg[10]/R","Clock enable controlled CDC structure detected"
"106","102","CDC-15#91","CDC-15","Warning","userclk1","nvp_vclk1","No Common Primary Clock","0","Max Delay Datapath Only","G2B_ONECH_C2H/transport_hard_hold_axi_reg/C","G2B_ONECH_C2H/overflow_count_source_reg[11]/R","Clock enable controlled CDC structure detected"
"107","103","CDC-15#92","CDC-15","Warning","userclk1","nvp_vclk1","No Common Primary Clock","0","Max Delay Datapath Only","G2B_ONECH_C2H/transport_hard_hold_axi_reg/C","G2B_ONECH_C2H/overflow_count_source_reg[12]/R","Clock enable controlled CDC structure detected"
"108","104","CDC-15#93","CDC-15","Warning","userclk1","nvp_vclk1","No Common Primary Clock","0","Max Delay Datapath Only","G2B_ONECH_C2H/transport_hard_hold_axi_reg/C","G2B_ONECH_C2H/overflow_count_source_reg[13]/R","Clock enable controlled CDC structure detected"
"109","105","CDC-15#94","CDC-15","Warning","userclk1","nvp_vclk1","No Common Primary Clock","0","Max Delay Datapath Only","G2B_ONECH_C2H/transport_hard_hold_axi_reg/C","G2B_ONECH_C2H/overflow_count_source_reg[14]/R","Clock enable controlled CDC structure detected"
"110","106","CDC-15#95","CDC-15","Warning","userclk1","nvp_vclk1","No Common Primary Clock","0","Max Delay Datapath Only","G2B_ONECH_C2H/transport_hard_hold_axi_reg/C","G2B_ONECH_C2H/overflow_count_source_reg[15]/R","Clock enable controlled CDC structure detected"
"111","107","CDC-15#96","CDC-15","Warning","userclk1","nvp_vclk1","No Common Primary Clock","0","Max Delay Datapath Only","G2B_ONECH_C2H/transport_hard_hold_axi_reg/C","G2B_ONECH_C2H/overflow_count_source_reg[16]/R","Clock enable controlled CDC structure detected"
"112","108","CDC-15#97","CDC-15","Warning","userclk1","nvp_vclk1","No Common Primary Clock","0","Max Delay Datapath Only","G2B_ONECH_C2H/transport_hard_hold_axi_reg/C","G2B_ONECH_C2H/overflow_count_source_reg[17]/R","Clock enable controlled CDC structure detected"
"113","109","CDC-15#98","CDC-15","Warning","userclk1","nvp_vclk1","No Common Primary Clock","0","Max Delay Datapath Only","G2B_ONECH_C2H/transport_hard_hold_axi_reg/C","G2B_ONECH_C2H/overflow_count_source_reg[18]/R","Clock enable controlled CDC structure detected"
"114","110","CDC-15#99","CDC-15","Warning","userclk1","nvp_vclk1","No Common Primary Clock","0","Max Delay Datapath Only","G2B_ONECH_C2H/transport_hard_hold_axi_reg/C","G2B_ONECH_C2H/overflow_count_source_reg[19]/R","Clock enable controlled CDC structure detected"
"115","111","CDC-15#100","CDC-15","Warning","userclk1","nvp_vclk1","No Common Primary Clock","0","Max Delay Datapath Only","G2B_ONECH_C2H/transport_hard_hold_axi_reg/C","G2B_ONECH_C2H/overflow_count_source_reg[20]/R","Clock enable controlled CDC structure detected"
"116","112","CDC-15#101","CDC-15","Warning","userclk1","nvp_vclk1","No Common Primary Clock","0","Max Delay Datapath Only","G2B_ONECH_C2H/transport_hard_hold_axi_reg/C","G2B_ONECH_C2H/overflow_count_source_reg[21]/R","Clock enable controlled CDC structure detected"
"117","113","CDC-15#102","CDC-15","Warning","userclk1","nvp_vclk1","No Common Primary Clock","0","Max Delay Datapath Only","G2B_ONECH_C2H/transport_hard_hold_axi_reg/C","G2B_ONECH_C2H/overflow_count_source_reg[22]/R","Clock enable controlled CDC structure detected"
"118","114","CDC-15#103","CDC-15","Warning","userclk1","nvp_vclk1","No Common Primary Clock","0","Max Delay Datapath Only","G2B_ONECH_C2H/transport_hard_hold_axi_reg/C","G2B_ONECH_C2H/overflow_count_source_reg[23]/R","Clock enable controlled CDC structure detected"
"119","115","CDC-15#104","CDC-15","Warning","userclk1","nvp_vclk1","No Common Primary Clock","0","Max Delay Datapath Only","G2B_ONECH_C2H/transport_hard_hold_axi_reg/C","G2B_ONECH_C2H/overflow_count_source_reg[24]/R","Clock enable controlled CDC structure detected"
"120","116","CDC-15#105","CDC-15","Warning","userclk1","nvp_vclk1","No Common Primary Clock","0","Max Delay Datapath Only","G2B_ONECH_C2H/transport_hard_hold_axi_reg/C","G2B_ONECH_C2H/overflow_count_source_reg[25]/R","Clock enable controlled CDC structure detected"
"121","117","CDC-15#106","CDC-15","Warning","userclk1","nvp_vclk1","No Common Primary Clock","0","Max Delay Datapath Only","G2B_ONECH_C2H/transport_hard_hold_axi_reg/C","G2B_ONECH_C2H/overflow_count_source_reg[26]/R","Clock enable controlled CDC structure detected"
"122","118","CDC-15#107","CDC-15","Warning","userclk1","nvp_vclk1","No Common Primary Clock","0","Max Delay Datapath Only","G2B_ONECH_C2H/transport_hard_hold_axi_reg/C","G2B_ONECH_C2H/overflow_count_source_reg[27]/R","Clock enable controlled CDC structure detected"
"123","119","CDC-15#108","CDC-15","Warning","userclk1","nvp_vclk1","No Common Primary Clock","0","Max Delay Datapath Only","G2B_ONECH_C2H/transport_hard_hold_axi_reg/C","G2B_ONECH_C2H/overflow_count_source_reg[28]/R","Clock enable controlled CDC structure detected"
"124","120","CDC-15#109","CDC-15","Warning","userclk1","nvp_vclk1","No Common Primary Clock","0","Max Delay Datapath Only","G2B_ONECH_C2H/transport_hard_hold_axi_reg/C","G2B_ONECH_C2H/overflow_count_source_reg[29]/R","Clock enable controlled CDC structure detected"
"125","121","CDC-15#110","CDC-15","Warning","userclk1","nvp_vclk1","No Common Primary Clock","0","Max Delay Datapath Only","G2B_ONECH_C2H/transport_hard_hold_axi_reg/C","G2B_ONECH_C2H/overflow_count_source_reg[30]/R","Clock enable controlled CDC structure detected"
"126","122","CDC-15#111","CDC-15","Warning","userclk1","nvp_vclk1","No Common Primary Clock","0","Max Delay Datapath Only","G2B_ONECH_C2H/transport_hard_hold_axi_reg/C","G2B_ONECH_C2H/overflow_count_source_reg[31]/R","Clock enable controlled CDC structure detected"
"132","128","CDC-15#112","CDC-15","Warning","userclk1","nvp_vclk1","No Common Primary Clock","0","Max Delay Datapath Only","G2B_ONECH_C2H/transport_hard_hold_axi_reg/C","G2B_ONECH_C2H/records_attempted_source_reg[0]/R","Clock enable controlled CDC structure detected"
"133","129","CDC-15#113","CDC-15","Warning","userclk1","nvp_vclk1","No Common Primary Clock","0","Max Delay Datapath Only","G2B_ONECH_C2H/transport_hard_hold_axi_reg/C","G2B_ONECH_C2H/records_attempted_source_reg[1]/R","Clock enable controlled CDC structure detected"
"134","130","CDC-15#114","CDC-15","Warning","userclk1","nvp_vclk1","No Common Primary Clock","0","Max Delay Datapath Only","G2B_ONECH_C2H/transport_hard_hold_axi_reg/C","G2B_ONECH_C2H/records_attempted_source_reg[2]/R","Clock enable controlled CDC structure detected"
"135","131","CDC-15#115","CDC-15","Warning","userclk1","nvp_vclk1","No Common Primary Clock","0","Max Delay Datapath Only","G2B_ONECH_C2H/transport_hard_hold_axi_reg/C","G2B_ONECH_C2H/records_attempted_source_reg[3]/R","Clock enable controlled CDC structure detected"
"136","132","CDC-15#116","CDC-15","Warning","userclk1","nvp_vclk1","No Common Primary Clock","0","Max Delay Datapath Only","G2B_ONECH_C2H/transport_hard_hold_axi_reg/C","G2B_ONECH_C2H/records_attempted_source_reg[4]/R","Clock enable controlled CDC structure detected"
"137","133","CDC-15#117","CDC-15","Warning","userclk1","nvp_vclk1","No Common Primary Clock","0","Max Delay Datapath Only","G2B_ONECH_C2H/transport_hard_hold_axi_reg/C","G2B_ONECH_C2H/records_attempted_source_reg[5]/R","Clock enable controlled CDC structure detected"
"138","134","CDC-15#118","CDC-15","Warning","userclk1","nvp_vclk1","No Common Primary Clock","0","Max Delay Datapath Only","G2B_ONECH_C2H/transport_hard_hold_axi_reg/C","G2B_ONECH_C2H/records_attempted_source_reg[6]/R","Clock enable controlled CDC structure detected"
"139","135","CDC-15#119","CDC-15","Warning","userclk1","nvp_vclk1","No Common Primary Clock","0","Max Delay Datapath Only","G2B_ONECH_C2H/transport_hard_hold_axi_reg/C","G2B_ONECH_C2H/records_attempted_source_reg[7]/R","Clock enable controlled CDC structure detected"
"140","136","CDC-15#120","CDC-15","Warning","userclk1","nvp_vclk1","No Common Primary Clock","0","Max Delay Datapath Only","G2B_ONECH_C2H/transport_hard_hold_axi_reg/C","G2B_ONECH_C2H/records_attempted_source_reg[8]/R","Clock enable controlled CDC structure detected"
"141","137","CDC-15#121","CDC-15","Warning","userclk1","nvp_vclk1","No Common Primary Clock","0","Max Delay Datapath Only","G2B_ONECH_C2H/transport_hard_hold_axi_reg/C","G2B_ONECH_C2H/records_attempted_source_reg[9]/R","Clock enable controlled CDC structure detected"
"142","138","CDC-15#122","CDC-15","Warning","userclk1","nvp_vclk1","No Common Primary Clock","0","Max Delay Datapath Only","G2B_ONECH_C2H/transport_hard_hold_axi_reg/C","G2B_ONECH_C2H/records_attempted_source_reg[10]/R","Clock enable controlled CDC structure detected"
"143","139","CDC-15#123","CDC-15","Warning","userclk1","nvp_vclk1","No Common Primary Clock","0","Max Delay Datapath Only","G2B_ONECH_C2H/transport_hard_hold_axi_reg/C","G2B_ONECH_C2H/records_attempted_source_reg[11]/R","Clock enable controlled CDC structure detected"
"144","140","CDC-15#124","CDC-15","Warning","userclk1","nvp_vclk1","No Common Primary Clock","0","Max Delay Datapath Only","G2B_ONECH_C2H/transport_hard_hold_axi_reg/C","G2B_ONECH_C2H/records_attempted_source_reg[12]/R","Clock enable controlled CDC structure detected"
"145","141","CDC-15#125","CDC-15","Warning","userclk1","nvp_vclk1","No Common Primary Clock","0","Max Delay Datapath Only","G2B_ONECH_C2H/transport_hard_hold_axi_reg/C","G2B_ONECH_C2H/records_attempted_source_reg[13]/R","Clock enable controlled CDC structure detected"
"146","142","CDC-15#126","CDC-15","Warning","userclk1","nvp_vclk1","No Common Primary Clock","0","Max Delay Datapath Only","G2B_ONECH_C2H/transport_hard_hold_axi_reg/C","G2B_ONECH_C2H/records_attempted_source_reg[14]/R","Clock enable controlled CDC structure detected"
"147","143","CDC-15#127","CDC-15","Warning","userclk1","nvp_vclk1","No Common Primary Clock","0","Max Delay Datapath Only","G2B_ONECH_C2H/transport_hard_hold_axi_reg/C","G2B_ONECH_C2H/records_attempted_source_reg[15]/R","Clock enable controlled CDC structure detected"
"148","144","CDC-15#128","CDC-15","Warning","userclk1","nvp_vclk1","No Common Primary Clock","0","Max Delay Datapath Only","G2B_ONECH_C2H/transport_hard_hold_axi_reg/C","G2B_ONECH_C2H/records_attempted_source_reg[16]/R","Clock enable controlled CDC structure detected"
"149","145","CDC-15#129","CDC-15","Warning","userclk1","nvp_vclk1","No Common Primary Clock","0","Max Delay Datapath Only","G2B_ONECH_C2H/transport_hard_hold_axi_reg/C","G2B_ONECH_C2H/records_attempted_source_reg[17]/R","Clock enable controlled CDC structure detected"
"150","146","CDC-15#130","CDC-15","Warning","userclk1","nvp_vclk1","No Common Primary Clock","0","Max Delay Datapath Only","G2B_ONECH_C2H/transport_hard_hold_axi_reg/C","G2B_ONECH_C2H/records_attempted_source_reg[18]/R","Clock enable controlled CDC structure detected"
"151","147","CDC-15#131","CDC-15","Warning","userclk1","nvp_vclk1","No Common Primary Clock","0","Max Delay Datapath Only","G2B_ONECH_C2H/transport_hard_hold_axi_reg/C","G2B_ONECH_C2H/records_attempted_source_reg[19]/R","Clock enable controlled CDC structure detected"
"152","148","CDC-15#132","CDC-15","Warning","userclk1","nvp_vclk1","No Common Primary Clock","0","Max Delay Datapath Only","G2B_ONECH_C2H/transport_hard_hold_axi_reg/C","G2B_ONECH_C2H/records_attempted_source_reg[20]/R","Clock enable controlled CDC structure detected"
"153","149","CDC-15#133","CDC-15","Warning","userclk1","nvp_vclk1","No Common Primary Clock","0","Max Delay Datapath Only","G2B_ONECH_C2H/transport_hard_hold_axi_reg/C","G2B_ONECH_C2H/records_attempted_source_reg[21]/R","Clock enable controlled CDC structure detected"
"154","150","CDC-15#134","CDC-15","Warning","userclk1","nvp_vclk1","No Common Primary Clock","0","Max Delay Datapath Only","G2B_ONECH_C2H/transport_hard_hold_axi_reg/C","G2B_ONECH_C2H/records_attempted_source_reg[22]/R","Clock enable controlled CDC structure detected"
"155","151","CDC-15#135","CDC-15","Warning","userclk1","nvp_vclk1","No Common Primary Clock","0","Max Delay Datapath Only","G2B_ONECH_C2H/transport_hard_hold_axi_reg/C","G2B_ONECH_C2H/records_attempted_source_reg[23]/R","Clock enable controlled CDC structure detected"
"156","152","CDC-15#136","CDC-15","Warning","userclk1","nvp_vclk1","No Common Primary Clock","0","Max Delay Datapath Only","G2B_ONECH_C2H/transport_hard_hold_axi_reg/C","G2B_ONECH_C2H/records_attempted_source_reg[24]/R","Clock enable controlled CDC structure detected"
"157","153","CDC-15#137","CDC-15","Warning","userclk1","nvp_vclk1","No Common Primary Clock","0","Max Delay Datapath Only","G2B_ONECH_C2H/transport_hard_hold_axi_reg/C","G2B_ONECH_C2H/records_attempted_source_reg[25]/R","Clock enable controlled CDC structure detected"
"158","154","CDC-15#138","CDC-15","Warning","userclk1","nvp_vclk1","No Common Primary Clock","0","Max Delay Datapath Only","G2B_ONECH_C2H/transport_hard_hold_axi_reg/C","G2B_ONECH_C2H/records_attempted_source_reg[26]/R","Clock enable controlled CDC structure detected"
"159","155","CDC-15#139","CDC-15","Warning","userclk1","nvp_vclk1","No Common Primary Clock","0","Max Delay Datapath Only","G2B_ONECH_C2H/transport_hard_hold_axi_reg/C","G2B_ONECH_C2H/records_attempted_source_reg[27]/R","Clock enable controlled CDC structure detected"
"160","156","CDC-15#140","CDC-15","Warning","userclk1","nvp_vclk1","No Common Primary Clock","0","Max Delay Datapath Only","G2B_ONECH_C2H/transport_hard_hold_axi_reg/C","G2B_ONECH_C2H/records_attempted_source_reg[28]/R","Clock enable controlled CDC structure detected"
"161","157","CDC-15#141","CDC-15","Warning","userclk1","nvp_vclk1","No Common Primary Clock","0","Max Delay Datapath Only","G2B_ONECH_C2H/transport_hard_hold_axi_reg/C","G2B_ONECH_C2H/records_attempted_source_reg[29]/R","Clock enable controlled CDC structure detected"
"162","158","CDC-15#142","CDC-15","Warning","userclk1","nvp_vclk1","No Common Primary Clock","0","Max Delay Datapath Only","G2B_ONECH_C2H/transport_hard_hold_axi_reg/C","G2B_ONECH_C2H/records_attempted_source_reg[30]/R","Clock enable controlled CDC structure detected"
"163","159","CDC-15#143","CDC-15","Warning","userclk1","nvp_vclk1","No Common Primary Clock","0","Max Delay Datapath Only","G2B_ONECH_C2H/transport_hard_hold_axi_reg/C","G2B_ONECH_C2H/records_attempted_source_reg[31]/R","Clock enable controlled CDC structure detected"
"164","160","CDC-15#144","CDC-15","Warning","userclk1","nvp_vclk1","No Common Primary Clock","0","Max Delay Datapath Only","G2B_ONECH_C2H/transport_hard_hold_axi_reg/C","G2B_ONECH_C2H/records_committed_source_reg[0]/R","Clock enable controlled CDC structure detected"
"165","161","CDC-15#145","CDC-15","Warning","userclk1","nvp_vclk1","No Common Primary Clock","0","Max Delay Datapath Only","G2B_ONECH_C2H/transport_hard_hold_axi_reg/C","G2B_ONECH_C2H/records_committed_source_reg[1]/R","Clock enable controlled CDC structure detected"
"166","162","CDC-15#146","CDC-15","Warning","userclk1","nvp_vclk1","No Common Primary Clock","0","Max Delay Datapath Only","G2B_ONECH_C2H/transport_hard_hold_axi_reg/C","G2B_ONECH_C2H/records_committed_source_reg[2]/R","Clock enable controlled CDC structure detected"
"167","163","CDC-15#147","CDC-15","Warning","userclk1","nvp_vclk1","No Common Primary Clock","0","Max Delay Datapath Only","G2B_ONECH_C2H/transport_hard_hold_axi_reg/C","G2B_ONECH_C2H/records_committed_source_reg[3]/R","Clock enable controlled CDC structure detected"
"168","164","CDC-15#148","CDC-15","Warning","userclk1","nvp_vclk1","No Common Primary Clock","0","Max Delay Datapath Only","G2B_ONECH_C2H/transport_hard_hold_axi_reg/C","G2B_ONECH_C2H/records_committed_source_reg[4]/R","Clock enable controlled CDC structure detected"
"169","165","CDC-15#149","CDC-15","Warning","userclk1","nvp_vclk1","No Common Primary Clock","0","Max Delay Datapath Only","G2B_ONECH_C2H/transport_hard_hold_axi_reg/C","G2B_ONECH_C2H/records_committed_source_reg[5]/R","Clock enable controlled CDC structure detected"
"170","166","CDC-15#150","CDC-15","Warning","userclk1","nvp_vclk1","No Common Primary Clock","0","Max Delay Datapath Only","G2B_ONECH_C2H/transport_hard_hold_axi_reg/C","G2B_ONECH_C2H/records_committed_source_reg[6]/R","Clock enable controlled CDC structure detected"
"171","167","CDC-15#151","CDC-15","Warning","userclk1","nvp_vclk1","No Common Primary Clock","0","Max Delay Datapath Only","G2B_ONECH_C2H/transport_hard_hold_axi_reg/C","G2B_ONECH_C2H/records_committed_source_reg[7]/R","Clock enable controlled CDC structure detected"
"172","168","CDC-15#152","CDC-15","Warning","userclk1","nvp_vclk1","No Common Primary Clock","0","Max Delay Datapath Only","G2B_ONECH_C2H/transport_hard_hold_axi_reg/C","G2B_ONECH_C2H/records_committed_source_reg[8]/R","Clock enable controlled CDC structure detected"
"173","169","CDC-15#153","CDC-15","Warning","userclk1","nvp_vclk1","No Common Primary Clock","0","Max Delay Datapath Only","G2B_ONECH_C2H/transport_hard_hold_axi_reg/C","G2B_ONECH_C2H/records_committed_source_reg[9]/R","Clock enable controlled CDC structure detected"
"174","170","CDC-15#154","CDC-15","Warning","userclk1","nvp_vclk1","No Common Primary Clock","0","Max Delay Datapath Only","G2B_ONECH_C2H/transport_hard_hold_axi_reg/C","G2B_ONECH_C2H/records_committed_source_reg[10]/R","Clock enable controlled CDC structure detected"
"175","171","CDC-15#155","CDC-15","Warning","userclk1","nvp_vclk1","No Common Primary Clock","0","Max Delay Datapath Only","G2B_ONECH_C2H/transport_hard_hold_axi_reg/C","G2B_ONECH_C2H/records_committed_source_reg[11]/R","Clock enable controlled CDC structure detected"
"176","172","CDC-15#156","CDC-15","Warning","userclk1","nvp_vclk1","No Common Primary Clock","0","Max Delay Datapath Only","G2B_ONECH_C2H/transport_hard_hold_axi_reg/C","G2B_ONECH_C2H/records_committed_source_reg[12]/R","Clock enable controlled CDC structure detected"
"177","173","CDC-15#157","CDC-15","Warning","userclk1","nvp_vclk1","No Common Primary Clock","0","Max Delay Datapath Only","G2B_ONECH_C2H/transport_hard_hold_axi_reg/C","G2B_ONECH_C2H/records_committed_source_reg[13]/R","Clock enable controlled CDC structure detected"
"178","174","CDC-15#158","CDC-15","Warning","userclk1","nvp_vclk1","No Common Primary Clock","0","Max Delay Datapath Only","G2B_ONECH_C2H/transport_hard_hold_axi_reg/C","G2B_ONECH_C2H/records_committed_source_reg[14]/R","Clock enable controlled CDC structure detected"
"179","175","CDC-15#159","CDC-15","Warning","userclk1","nvp_vclk1","No Common Primary Clock","0","Max Delay Datapath Only","G2B_ONECH_C2H/transport_hard_hold_axi_reg/C","G2B_ONECH_C2H/records_committed_source_reg[15]/R","Clock enable controlled CDC structure detected"
"180","176","CDC-15#160","CDC-15","Warning","userclk1","nvp_vclk1","No Common Primary Clock","0","Max Delay Datapath Only","G2B_ONECH_C2H/transport_hard_hold_axi_reg/C","G2B_ONECH_C2H/records_committed_source_reg[16]/R","Clock enable controlled CDC structure detected"
"181","177","CDC-15#161","CDC-15","Warning","userclk1","nvp_vclk1","No Common Primary Clock","0","Max Delay Datapath Only","G2B_ONECH_C2H/transport_hard_hold_axi_reg/C","G2B_ONECH_C2H/records_committed_source_reg[17]/R","Clock enable controlled CDC structure detected"
"182","178","CDC-15#162","CDC-15","Warning","userclk1","nvp_vclk1","No Common Primary Clock","0","Max Delay Datapath Only","G2B_ONECH_C2H/transport_hard_hold_axi_reg/C","G2B_ONECH_C2H/records_committed_source_reg[18]/R","Clock enable controlled CDC structure detected"
"183","179","CDC-15#163","CDC-15","Warning","userclk1","nvp_vclk1","No Common Primary Clock","0","Max Delay Datapath Only","G2B_ONECH_C2H/transport_hard_hold_axi_reg/C","G2B_ONECH_C2H/records_committed_source_reg[19]/R","Clock enable controlled CDC structure detected"
"184","180","CDC-15#164","CDC-15","Warning","userclk1","nvp_vclk1","No Common Primary Clock","0","Max Delay Datapath Only","G2B_ONECH_C2H/transport_hard_hold_axi_reg/C","G2B_ONECH_C2H/records_committed_source_reg[20]/R","Clock enable controlled CDC structure detected"
"185","181","CDC-15#165","CDC-15","Warning","userclk1","nvp_vclk1","No Common Primary Clock","0","Max Delay Datapath Only","G2B_ONECH_C2H/transport_hard_hold_axi_reg/C","G2B_ONECH_C2H/records_committed_source_reg[21]/R","Clock enable controlled CDC structure detected"
"186","182","CDC-15#166","CDC-15","Warning","userclk1","nvp_vclk1","No Common Primary Clock","0","Max Delay Datapath Only","G2B_ONECH_C2H/transport_hard_hold_axi_reg/C","G2B_ONECH_C2H/records_committed_source_reg[22]/R","Clock enable controlled CDC structure detected"
"187","183","CDC-15#167","CDC-15","Warning","userclk1","nvp_vclk1","No Common Primary Clock","0","Max Delay Datapath Only","G2B_ONECH_C2H/transport_hard_hold_axi_reg/C","G2B_ONECH_C2H/records_committed_source_reg[23]/R","Clock enable controlled CDC structure detected"
"188","184","CDC-15#168","CDC-15","Warning","userclk1","nvp_vclk1","No Common Primary Clock","0","Max Delay Datapath Only","G2B_ONECH_C2H/transport_hard_hold_axi_reg/C","G2B_ONECH_C2H/records_committed_source_reg[24]/R","Clock enable controlled CDC structure detected"
"189","185","CDC-15#169","CDC-15","Warning","userclk1","nvp_vclk1","No Common Primary Clock","0","Max Delay Datapath Only","G2B_ONECH_C2H/transport_hard_hold_axi_reg/C","G2B_ONECH_C2H/records_committed_source_reg[25]/R","Clock enable controlled CDC structure detected"
"190","186","CDC-15#170","CDC-15","Warning","userclk1","nvp_vclk1","No Common Primary Clock","0","Max Delay Datapath Only","G2B_ONECH_C2H/transport_hard_hold_axi_reg/C","G2B_ONECH_C2H/records_committed_source_reg[26]/R","Clock enable controlled CDC structure detected"
"191","187","CDC-15#171","CDC-15","Warning","userclk1","nvp_vclk1","No Common Primary Clock","0","Max Delay Datapath Only","G2B_ONECH_C2H/transport_hard_hold_axi_reg/C","G2B_ONECH_C2H/records_committed_source_reg[27]/R","Clock enable controlled CDC structure detected"
"192","188","CDC-15#172","CDC-15","Warning","userclk1","nvp_vclk1","No Common Primary Clock","0","Max Delay Datapath Only","G2B_ONECH_C2H/transport_hard_hold_axi_reg/C","G2B_ONECH_C2H/records_committed_source_reg[28]/R","Clock enable controlled CDC structure detected"
"193","189","CDC-15#173","CDC-15","Warning","userclk1","nvp_vclk1","No Common Primary Clock","0","Max Delay Datapath Only","G2B_ONECH_C2H/transport_hard_hold_axi_reg/C","G2B_ONECH_C2H/records_committed_source_reg[29]/R","Clock enable controlled CDC structure detected"
"194","190","CDC-15#174","CDC-15","Warning","userclk1","nvp_vclk1","No Common Primary Clock","0","Max Delay Datapath Only","G2B_ONECH_C2H/transport_hard_hold_axi_reg/C","G2B_ONECH_C2H/records_committed_source_reg[30]/R","Clock enable controlled CDC structure detected"
"195","191","CDC-15#175","CDC-15","Warning","userclk1","nvp_vclk1","No Common Primary Clock","0","Max Delay Datapath Only","G2B_ONECH_C2H/transport_hard_hold_axi_reg/C","G2B_ONECH_C2H/records_committed_source_reg[31]/R","Clock enable controlled CDC structure detected"
"196","192","CDC-15#176","CDC-15","Warning","userclk1","nvp_vclk1","No Common Primary Clock","0","Max Delay Datapath Only","G2B_ONECH_C2H/transport_hard_hold_axi_reg/C","G2B_ONECH_C2H/records_dropped_source_reg[0]/R","Clock enable controlled CDC structure detected"
"197","193","CDC-15#177","CDC-15","Warning","userclk1","nvp_vclk1","No Common Primary Clock","0","Max Delay Datapath Only","G2B_ONECH_C2H/transport_hard_hold_axi_reg/C","G2B_ONECH_C2H/records_dropped_source_reg[1]/R","Clock enable controlled CDC structure detected"
"198","194","CDC-15#178","CDC-15","Warning","userclk1","nvp_vclk1","No Common Primary Clock","0","Max Delay Datapath Only","G2B_ONECH_C2H/transport_hard_hold_axi_reg/C","G2B_ONECH_C2H/records_dropped_source_reg[2]/R","Clock enable controlled CDC structure detected"
"199","195","CDC-15#179","CDC-15","Warning","userclk1","nvp_vclk1","No Common Primary Clock","0","Max Delay Datapath Only","G2B_ONECH_C2H/transport_hard_hold_axi_reg/C","G2B_ONECH_C2H/records_dropped_source_reg[3]/R","Clock enable controlled CDC structure detected"
"200","196","CDC-15#180","CDC-15","Warning","userclk1","nvp_vclk1","No Common Primary Clock","0","Max Delay Datapath Only","G2B_ONECH_C2H/transport_hard_hold_axi_reg/C","G2B_ONECH_C2H/records_dropped_source_reg[4]/R","Clock enable controlled CDC structure detected"
"201","197","CDC-15#181","CDC-15","Warning","userclk1","nvp_vclk1","No Common Primary Clock","0","Max Delay Datapath Only","G2B_ONECH_C2H/transport_hard_hold_axi_reg/C","G2B_ONECH_C2H/records_dropped_source_reg[5]/R","Clock enable controlled CDC structure detected"
"202","198","CDC-15#182","CDC-15","Warning","userclk1","nvp_vclk1","No Common Primary Clock","0","Max Delay Datapath Only","G2B_ONECH_C2H/transport_hard_hold_axi_reg/C","G2B_ONECH_C2H/records_dropped_source_reg[6]/R","Clock enable controlled CDC structure detected"
"203","199","CDC-15#183","CDC-15","Warning","userclk1","nvp_vclk1","No Common Primary Clock","0","Max Delay Datapath Only","G2B_ONECH_C2H/transport_hard_hold_axi_reg/C","G2B_ONECH_C2H/records_dropped_source_reg[7]/R","Clock enable controlled CDC structure detected"
"204","200","CDC-15#184","CDC-15","Warning","userclk1","nvp_vclk1","No Common Primary Clock","0","Max Delay Datapath Only","G2B_ONECH_C2H/transport_hard_hold_axi_reg/C","G2B_ONECH_C2H/records_dropped_source_reg[8]/R","Clock enable controlled CDC structure detected"
"205","201","CDC-15#185","CDC-15","Warning","userclk1","nvp_vclk1","No Common Primary Clock","0","Max Delay Datapath Only","G2B_ONECH_C2H/transport_hard_hold_axi_reg/C","G2B_ONECH_C2H/records_dropped_source_reg[9]/R","Clock enable controlled CDC structure detected"
"206","202","CDC-15#186","CDC-15","Warning","userclk1","nvp_vclk1","No Common Primary Clock","0","Max Delay Datapath Only","G2B_ONECH_C2H/transport_hard_hold_axi_reg/C","G2B_ONECH_C2H/records_dropped_source_reg[10]/R","Clock enable controlled CDC structure detected"
"207","203","CDC-15#187","CDC-15","Warning","userclk1","nvp_vclk1","No Common Primary Clock","0","Max Delay Datapath Only","G2B_ONECH_C2H/transport_hard_hold_axi_reg/C","G2B_ONECH_C2H/records_dropped_source_reg[11]/R","Clock enable controlled CDC structure detected"
"208","204","CDC-15#188","CDC-15","Warning","userclk1","nvp_vclk1","No Common Primary Clock","0","Max Delay Datapath Only","G2B_ONECH_C2H/transport_hard_hold_axi_reg/C","G2B_ONECH_C2H/records_dropped_source_reg[12]/R","Clock enable controlled CDC structure detected"
"209","205","CDC-15#189","CDC-15","Warning","userclk1","nvp_vclk1","No Common Primary Clock","0","Max Delay Datapath Only","G2B_ONECH_C2H/transport_hard_hold_axi_reg/C","G2B_ONECH_C2H/records_dropped_source_reg[13]/R","Clock enable controlled CDC structure detected"
"210","206","CDC-15#190","CDC-15","Warning","userclk1","nvp_vclk1","No Common Primary Clock","0","Max Delay Datapath Only","G2B_ONECH_C2H/transport_hard_hold_axi_reg/C","G2B_ONECH_C2H/records_dropped_source_reg[14]/R","Clock enable controlled CDC structure detected"
"211","207","CDC-15#191","CDC-15","Warning","userclk1","nvp_vclk1","No Common Primary Clock","0","Max Delay Datapath Only","G2B_ONECH_C2H/transport_hard_hold_axi_reg/C","G2B_ONECH_C2H/records_dropped_source_reg[15]/R","Clock enable controlled CDC structure detected"
"212","208","CDC-15#192","CDC-15","Warning","userclk1","nvp_vclk1","No Common Primary Clock","0","Max Delay Datapath Only","G2B_ONECH_C2H/transport_hard_hold_axi_reg/C","G2B_ONECH_C2H/records_dropped_source_reg[16]/R","Clock enable controlled CDC structure detected"
"213","209","CDC-15#193","CDC-15","Warning","userclk1","nvp_vclk1","No Common Primary Clock","0","Max Delay Datapath Only","G2B_ONECH_C2H/transport_hard_hold_axi_reg/C","G2B_ONECH_C2H/records_dropped_source_reg[17]/R","Clock enable controlled CDC structure detected"
"214","210","CDC-15#194","CDC-15","Warning","userclk1","nvp_vclk1","No Common Primary Clock","0","Max Delay Datapath Only","G2B_ONECH_C2H/transport_hard_hold_axi_reg/C","G2B_ONECH_C2H/records_dropped_source_reg[18]/R","Clock enable controlled CDC structure detected"
"215","211","CDC-15#195","CDC-15","Warning","userclk1","nvp_vclk1","No Common Primary Clock","0","Max Delay Datapath Only","G2B_ONECH_C2H/transport_hard_hold_axi_reg/C","G2B_ONECH_C2H/records_dropped_source_reg[19]/R","Clock enable controlled CDC structure detected"
"216","212","CDC-15#196","CDC-15","Warning","userclk1","nvp_vclk1","No Common Primary Clock","0","Max Delay Datapath Only","G2B_ONECH_C2H/transport_hard_hold_axi_reg/C","G2B_ONECH_C2H/records_dropped_source_reg[20]/R","Clock enable controlled CDC structure detected"
"217","213","CDC-15#197","CDC-15","Warning","userclk1","nvp_vclk1","No Common Primary Clock","0","Max Delay Datapath Only","G2B_ONECH_C2H/transport_hard_hold_axi_reg/C","G2B_ONECH_C2H/records_dropped_source_reg[21]/R","Clock enable controlled CDC structure detected"
"218","214","CDC-15#198","CDC-15","Warning","userclk1","nvp_vclk1","No Common Primary Clock","0","Max Delay Datapath Only","G2B_ONECH_C2H/transport_hard_hold_axi_reg/C","G2B_ONECH_C2H/records_dropped_source_reg[22]/R","Clock enable controlled CDC structure detected"
"219","215","CDC-15#199","CDC-15","Warning","userclk1","nvp_vclk1","No Common Primary Clock","0","Max Delay Datapath Only","G2B_ONECH_C2H/transport_hard_hold_axi_reg/C","G2B_ONECH_C2H/records_dropped_source_reg[23]/R","Clock enable controlled CDC structure detected"
"220","216","CDC-15#200","CDC-15","Warning","userclk1","nvp_vclk1","No Common Primary Clock","0","Max Delay Datapath Only","G2B_ONECH_C2H/transport_hard_hold_axi_reg/C","G2B_ONECH_C2H/records_dropped_source_reg[24]/R","Clock enable controlled CDC structure detected"
"221","217","CDC-15#201","CDC-15","Warning","userclk1","nvp_vclk1","No Common Primary Clock","0","Max Delay Datapath Only","G2B_ONECH_C2H/transport_hard_hold_axi_reg/C","G2B_ONECH_C2H/records_dropped_source_reg[25]/R","Clock enable controlled CDC structure detected"
"222","218","CDC-15#202","CDC-15","Warning","userclk1","nvp_vclk1","No Common Primary Clock","0","Max Delay Datapath Only","G2B_ONECH_C2H/transport_hard_hold_axi_reg/C","G2B_ONECH_C2H/records_dropped_source_reg[26]/R","Clock enable controlled CDC structure detected"
"223","219","CDC-15#203","CDC-15","Warning","userclk1","nvp_vclk1","No Common Primary Clock","0","Max Delay Datapath Only","G2B_ONECH_C2H/transport_hard_hold_axi_reg/C","G2B_ONECH_C2H/records_dropped_source_reg[27]/R","Clock enable controlled CDC structure detected"
"224","220","CDC-15#204","CDC-15","Warning","userclk1","nvp_vclk1","No Common Primary Clock","0","Max Delay Datapath Only","G2B_ONECH_C2H/transport_hard_hold_axi_reg/C","G2B_ONECH_C2H/records_dropped_source_reg[28]/R","Clock enable controlled CDC structure detected"
"225","221","CDC-15#205","CDC-15","Warning","userclk1","nvp_vclk1","No Common Primary Clock","0","Max Delay Datapath Only","G2B_ONECH_C2H/transport_hard_hold_axi_reg/C","G2B_ONECH_C2H/records_dropped_source_reg[29]/R","Clock enable controlled CDC structure detected"
"226","222","CDC-15#206","CDC-15","Warning","userclk1","nvp_vclk1","No Common Primary Clock","0","Max Delay Datapath Only","G2B_ONECH_C2H/transport_hard_hold_axi_reg/C","G2B_ONECH_C2H/records_dropped_source_reg[30]/R","Clock enable controlled CDC structure detected"
"227","223","CDC-15#207","CDC-15","Warning","userclk1","nvp_vclk1","No Common Primary Clock","0","Max Delay Datapath Only","G2B_ONECH_C2H/transport_hard_hold_axi_reg/C","G2B_ONECH_C2H/records_dropped_source_reg[31]/R","Clock enable controlled CDC structure detected"
"232","228","CDC-6#2","CDC-6","Warning","userclk1","nvp_vclk1","No Common Primary Clock","2","False Path","G2B_ONECH_C2H/release_toggle_axi_reg[3:0]/C","G2B_ONECH_C2H/release_sync1_source_reg[3:0]/D","Multi-bit synchronized with ASYNC_REG property"
"233","229","CDC-15#208","CDC-15","Warning","userclk1","nvp_vclk1","No Common Primary Clock","0","Max Delay Datapath Only","G2B_ONECH_C2H/release_epoch_axi_reg[2][8]/C","G2B_ONECH_C2H/reset_abandoned_hold_source_reg[0]/D","Clock enable controlled CDC structure detected"
"234","230","CDC-15#209","CDC-15","Warning","userclk1","nvp_vclk1","No Common Primary Clock","0","Max Delay Datapath Only","G2B_ONECH_C2H/release_epoch_axi_reg[2][8]/C","G2B_ONECH_C2H/reset_abandoned_hold_source_reg[1]/D","Clock enable controlled CDC structure detected"
"235","231","CDC-15#210","CDC-15","Warning","userclk1","nvp_vclk1","No Common Primary Clock","0","Max Delay Datapath Only","G2B_ONECH_C2H/release_epoch_axi_reg[2][8]/C","G2B_ONECH_C2H/reset_abandoned_hold_source_reg[2]/D","Clock enable controlled CDC structure detected"
"236","232","CDC-15#211","CDC-15","Warning","userclk1","nvp_vclk1","No Common Primary Clock","0","Max Delay Datapath Only","G2B_ONECH_C2H/transport_epoch_hold_axi_reg[0]/C","G2B_ONECH_C2H/reset_epoch_source_reg[0]/D","Clock enable controlled CDC structure detected"
"237","233","CDC-15#212","CDC-15","Warning","userclk1","nvp_vclk1","No Common Primary Clock","0","Max Delay Datapath Only","G2B_ONECH_C2H/transport_epoch_hold_axi_reg[1]/C","G2B_ONECH_C2H/reset_epoch_source_reg[1]/D","Clock enable controlled CDC structure detected"
"238","234","CDC-15#213","CDC-15","Warning","userclk1","nvp_vclk1","No Common Primary Clock","0","Max Delay Datapath Only","G2B_ONECH_C2H/transport_epoch_hold_axi_reg[2]/C","G2B_ONECH_C2H/reset_epoch_source_reg[2]/D","Clock enable controlled CDC structure detected"
"239","235","CDC-15#214","CDC-15","Warning","userclk1","nvp_vclk1","No Common Primary Clock","0","Max Delay Datapath Only","G2B_ONECH_C2H/transport_epoch_hold_axi_reg[3]/C","G2B_ONECH_C2H/reset_epoch_source_reg[3]/D","Clock enable controlled CDC structure detected"
"240","236","CDC-15#215","CDC-15","Warning","userclk1","nvp_vclk1","No Common Primary Clock","0","Max Delay Datapath Only","G2B_ONECH_C2H/transport_epoch_hold_axi_reg[4]/C","G2B_ONECH_C2H/reset_epoch_source_reg[4]/D","Clock enable controlled CDC structure detected"
"241","237","CDC-15#216","CDC-15","Warning","userclk1","nvp_vclk1","No Common Primary Clock","0","Max Delay Datapath Only","G2B_ONECH_C2H/transport_epoch_hold_axi_reg[5]/C","G2B_ONECH_C2H/reset_epoch_source_reg[5]/D","Clock enable controlled CDC structure detected"
"242","238","CDC-15#217","CDC-15","Warning","userclk1","nvp_vclk1","No Common Primary Clock","0","Max Delay Datapath Only","G2B_ONECH_C2H/transport_epoch_hold_axi_reg[6]/C","G2B_ONECH_C2H/reset_epoch_source_reg[6]/D","Clock enable controlled CDC structure detected"
"243","239","CDC-15#218","CDC-15","Warning","userclk1","nvp_vclk1","No Common Primary Clock","0","Max Delay Datapath Only","G2B_ONECH_C2H/transport_epoch_hold_axi_reg[7]/C","G2B_ONECH_C2H/reset_epoch_source_reg[7]/D","Clock enable controlled CDC structure detected"
"244","240","CDC-15#219","CDC-15","Warning","userclk1","nvp_vclk1","No Common Primary Clock","0","Max Delay Datapath Only","G2B_ONECH_C2H/transport_epoch_hold_axi_reg[8]/C","G2B_ONECH_C2H/reset_epoch_source_reg[8]/D","Clock enable controlled CDC structure detected"
"245","241","CDC-15#220","CDC-15","Warning","userclk1","nvp_vclk1","No Common Primary Clock","0","Max Delay Datapath Only","G2B_ONECH_C2H/transport_epoch_hold_axi_reg[9]/C","G2B_ONECH_C2H/reset_epoch_source_reg[9]/D","Clock enable controlled CDC structure detected"
"246","242","CDC-15#221","CDC-15","Warning","userclk1","nvp_vclk1","No Common Primary Clock","0","Max Delay Datapath Only","G2B_ONECH_C2H/transport_epoch_hold_axi_reg[10]/C","G2B_ONECH_C2H/reset_epoch_source_reg[10]/D","Clock enable controlled CDC structure detected"
"247","243","CDC-15#222","CDC-15","Warning","userclk1","nvp_vclk1","No Common Primary Clock","0","Max Delay Datapath Only","G2B_ONECH_C2H/transport_epoch_hold_axi_reg[11]/C","G2B_ONECH_C2H/reset_epoch_source_reg[11]/D","Clock enable controlled CDC structure detected"
"248","244","CDC-15#223","CDC-15","Warning","userclk1","nvp_vclk1","No Common Primary Clock","0","Max Delay Datapath Only","G2B_ONECH_C2H/transport_epoch_hold_axi_reg[12]/C","G2B_ONECH_C2H/reset_epoch_source_reg[12]/D","Clock enable controlled CDC structure detected"
"249","245","CDC-15#224","CDC-15","Warning","userclk1","nvp_vclk1","No Common Primary Clock","0","Max Delay Datapath Only","G2B_ONECH_C2H/transport_epoch_hold_axi_reg[13]/C","G2B_ONECH_C2H/reset_epoch_source_reg[13]/D","Clock enable controlled CDC structure detected"
"250","246","CDC-15#225","CDC-15","Warning","userclk1","nvp_vclk1","No Common Primary Clock","0","Max Delay Datapath Only","G2B_ONECH_C2H/transport_epoch_hold_axi_reg[14]/C","G2B_ONECH_C2H/reset_epoch_source_reg[14]/D","Clock enable controlled CDC structure detected"
"251","247","CDC-15#226","CDC-15","Warning","userclk1","nvp_vclk1","No Common Primary Clock","0","Max Delay Datapath Only","G2B_ONECH_C2H/transport_epoch_hold_axi_reg[15]/C","G2B_ONECH_C2H/reset_epoch_source_reg[15]/D","Clock enable controlled CDC structure detected"
"252","248","CDC-15#227","CDC-15","Warning","userclk1","nvp_vclk1","No Common Primary Clock","0","Max Delay Datapath Only","G2B_ONECH_C2H/transport_epoch_hold_axi_reg[16]/C","G2B_ONECH_C2H/reset_epoch_source_reg[16]/D","Clock enable controlled CDC structure detected"
"253","249","CDC-15#228","CDC-15","Warning","userclk1","nvp_vclk1","No Common Primary Clock","0","Max Delay Datapath Only","G2B_ONECH_C2H/transport_epoch_hold_axi_reg[17]/C","G2B_ONECH_C2H/reset_epoch_source_reg[17]/D","Clock enable controlled CDC structure detected"
"254","250","CDC-15#229","CDC-15","Warning","userclk1","nvp_vclk1","No Common Primary Clock","0","Max Delay Datapath Only","G2B_ONECH_C2H/transport_epoch_hold_axi_reg[18]/C","G2B_ONECH_C2H/reset_epoch_source_reg[18]/D","Clock enable controlled CDC structure detected"
"255","251","CDC-15#230","CDC-15","Warning","userclk1","nvp_vclk1","No Common Primary Clock","0","Max Delay Datapath Only","G2B_ONECH_C2H/transport_epoch_hold_axi_reg[19]/C","G2B_ONECH_C2H/reset_epoch_source_reg[19]/D","Clock enable controlled CDC structure detected"
"256","252","CDC-15#231","CDC-15","Warning","userclk1","nvp_vclk1","No Common Primary Clock","0","Max Delay Datapath Only","G2B_ONECH_C2H/transport_epoch_hold_axi_reg[20]/C","G2B_ONECH_C2H/reset_epoch_source_reg[20]/D","Clock enable controlled CDC structure detected"
"257","253","CDC-15#232","CDC-15","Warning","userclk1","nvp_vclk1","No Common Primary Clock","0","Max Delay Datapath Only","G2B_ONECH_C2H/transport_epoch_hold_axi_reg[21]/C","G2B_ONECH_C2H/reset_epoch_source_reg[21]/D","Clock enable controlled CDC structure detected"
"258","254","CDC-15#233","CDC-15","Warning","userclk1","nvp_vclk1","No Common Primary Clock","0","Max Delay Datapath Only","G2B_ONECH_C2H/transport_epoch_hold_axi_reg[22]/C","G2B_ONECH_C2H/reset_epoch_source_reg[22]/D","Clock enable controlled CDC structure detected"
"259","255","CDC-15#234","CDC-15","Warning","userclk1","nvp_vclk1","No Common Primary Clock","0","Max Delay Datapath Only","G2B_ONECH_C2H/transport_epoch_hold_axi_reg[23]/C","G2B_ONECH_C2H/reset_epoch_source_reg[23]/D","Clock enable controlled CDC structure detected"
"260","256","CDC-15#235","CDC-15","Warning","userclk1","nvp_vclk1","No Common Primary Clock","0","Max Delay Datapath Only","G2B_ONECH_C2H/transport_epoch_hold_axi_reg[24]/C","G2B_ONECH_C2H/reset_epoch_source_reg[24]/D","Clock enable controlled CDC structure detected"
"261","257","CDC-15#236","CDC-15","Warning","userclk1","nvp_vclk1","No Common Primary Clock","0","Max Delay Datapath Only","G2B_ONECH_C2H/transport_epoch_hold_axi_reg[25]/C","G2B_ONECH_C2H/reset_epoch_source_reg[25]/D","Clock enable controlled CDC structure detected"
"262","258","CDC-15#237","CDC-15","Warning","userclk1","nvp_vclk1","No Common Primary Clock","0","Max Delay Datapath Only","G2B_ONECH_C2H/transport_epoch_hold_axi_reg[26]/C","G2B_ONECH_C2H/reset_epoch_source_reg[26]/D","Clock enable controlled CDC structure detected"
"263","259","CDC-15#238","CDC-15","Warning","userclk1","nvp_vclk1","No Common Primary Clock","0","Max Delay Datapath Only","G2B_ONECH_C2H/transport_epoch_hold_axi_reg[27]/C","G2B_ONECH_C2H/reset_epoch_source_reg[27]/D","Clock enable controlled CDC structure detected"
"264","260","CDC-15#239","CDC-15","Warning","userclk1","nvp_vclk1","No Common Primary Clock","0","Max Delay Datapath Only","G2B_ONECH_C2H/transport_epoch_hold_axi_reg[28]/C","G2B_ONECH_C2H/reset_epoch_source_reg[28]/D","Clock enable controlled CDC structure detected"
"265","261","CDC-15#240","CDC-15","Warning","userclk1","nvp_vclk1","No Common Primary Clock","0","Max Delay Datapath Only","G2B_ONECH_C2H/transport_epoch_hold_axi_reg[29]/C","G2B_ONECH_C2H/reset_epoch_source_reg[29]/D","Clock enable controlled CDC structure detected"
"266","262","CDC-15#241","CDC-15","Warning","userclk1","nvp_vclk1","No Common Primary Clock","0","Max Delay Datapath Only","G2B_ONECH_C2H/transport_epoch_hold_axi_reg[30]/C","G2B_ONECH_C2H/reset_epoch_source_reg[30]/D","Clock enable controlled CDC structure detected"
"267","263","CDC-15#242","CDC-15","Warning","userclk1","nvp_vclk1","No Common Primary Clock","0","Max Delay Datapath Only","G2B_ONECH_C2H/transport_epoch_hold_axi_reg[31]/C","G2B_ONECH_C2H/reset_epoch_source_reg[31]/D","Clock enable controlled CDC structure detected"
"280","276","CDC-15#243","CDC-15","Warning","userclk1","nvp_vclk1","No Common Primary Clock","0","Max Delay Datapath Only","G2B_ONECH_C2H/snapshot_epoch_hold_axi_reg[0]/C","G2B_ONECH_C2H/snapshot_epoch_echo_source_reg[0]/D","Clock enable controlled CDC structure detected"
"281","277","CDC-15#244","CDC-15","Warning","userclk1","nvp_vclk1","No Common Primary Clock","0","Max Delay Datapath Only","G2B_ONECH_C2H/snapshot_epoch_hold_axi_reg[1]/C","G2B_ONECH_C2H/snapshot_epoch_echo_source_reg[1]/D","Clock enable controlled CDC structure detected"
"282","278","CDC-15#245","CDC-15","Warning","userclk1","nvp_vclk1","No Common Primary Clock","0","Max Delay Datapath Only","G2B_ONECH_C2H/snapshot_epoch_hold_axi_reg[2]/C","G2B_ONECH_C2H/snapshot_epoch_echo_source_reg[2]/D","Clock enable controlled CDC structure detected"
"283","279","CDC-15#246","CDC-15","Warning","userclk1","nvp_vclk1","No Common Primary Clock","0","Max Delay Datapath Only","G2B_ONECH_C2H/snapshot_epoch_hold_axi_reg[3]/C","G2B_ONECH_C2H/snapshot_epoch_echo_source_reg[3]/D","Clock enable controlled CDC structure detected"
"284","280","CDC-15#247","CDC-15","Warning","userclk1","nvp_vclk1","No Common Primary Clock","0","Max Delay Datapath Only","G2B_ONECH_C2H/snapshot_epoch_hold_axi_reg[4]/C","G2B_ONECH_C2H/snapshot_epoch_echo_source_reg[4]/D","Clock enable controlled CDC structure detected"
"285","281","CDC-15#248","CDC-15","Warning","userclk1","nvp_vclk1","No Common Primary Clock","0","Max Delay Datapath Only","G2B_ONECH_C2H/snapshot_epoch_hold_axi_reg[5]/C","G2B_ONECH_C2H/snapshot_epoch_echo_source_reg[5]/D","Clock enable controlled CDC structure detected"
"286","282","CDC-15#249","CDC-15","Warning","userclk1","nvp_vclk1","No Common Primary Clock","0","Max Delay Datapath Only","G2B_ONECH_C2H/snapshot_epoch_hold_axi_reg[6]/C","G2B_ONECH_C2H/snapshot_epoch_echo_source_reg[6]/D","Clock enable controlled CDC structure detected"
"287","283","CDC-15#250","CDC-15","Warning","userclk1","nvp_vclk1","No Common Primary Clock","0","Max Delay Datapath Only","G2B_ONECH_C2H/snapshot_epoch_hold_axi_reg[7]/C","G2B_ONECH_C2H/snapshot_epoch_echo_source_reg[7]/D","Clock enable controlled CDC structure detected"
"288","284","CDC-15#251","CDC-15","Warning","userclk1","nvp_vclk1","No Common Primary Clock","0","Max Delay Datapath Only","G2B_ONECH_C2H/snapshot_epoch_hold_axi_reg[8]/C","G2B_ONECH_C2H/snapshot_epoch_echo_source_reg[8]/D","Clock enable controlled CDC structure detected"
"289","285","CDC-15#252","CDC-15","Warning","userclk1","nvp_vclk1","No Common Primary Clock","0","Max Delay Datapath Only","G2B_ONECH_C2H/snapshot_epoch_hold_axi_reg[9]/C","G2B_ONECH_C2H/snapshot_epoch_echo_source_reg[9]/D","Clock enable controlled CDC structure detected"
"290","286","CDC-15#253","CDC-15","Warning","userclk1","nvp_vclk1","No Common Primary Clock","0","Max Delay Datapath Only","G2B_ONECH_C2H/snapshot_epoch_hold_axi_reg[10]/C","G2B_ONECH_C2H/snapshot_epoch_echo_source_reg[10]/D","Clock enable controlled CDC structure detected"
"291","287","CDC-15#254","CDC-15","Warning","userclk1","nvp_vclk1","No Common Primary Clock","0","Max Delay Datapath Only","G2B_ONECH_C2H/snapshot_epoch_hold_axi_reg[11]/C","G2B_ONECH_C2H/snapshot_epoch_echo_source_reg[11]/D","Clock enable controlled CDC structure detected"
"292","288","CDC-15#255","CDC-15","Warning","userclk1","nvp_vclk1","No Common Primary Clock","0","Max Delay Datapath Only","G2B_ONECH_C2H/snapshot_epoch_hold_axi_reg[12]/C","G2B_ONECH_C2H/snapshot_epoch_echo_source_reg[12]/D","Clock enable controlled CDC structure detected"
"293","289","CDC-15#256","CDC-15","Warning","userclk1","nvp_vclk1","No Common Primary Clock","0","Max Delay Datapath Only","G2B_ONECH_C2H/snapshot_epoch_hold_axi_reg[13]/C","G2B_ONECH_C2H/snapshot_epoch_echo_source_reg[13]/D","Clock enable controlled CDC structure detected"
"294","290","CDC-15#257","CDC-15","Warning","userclk1","nvp_vclk1","No Common Primary Clock","0","Max Delay Datapath Only","G2B_ONECH_C2H/snapshot_epoch_hold_axi_reg[14]/C","G2B_ONECH_C2H/snapshot_epoch_echo_source_reg[14]/D","Clock enable controlled CDC structure detected"
"295","291","CDC-15#258","CDC-15","Warning","userclk1","nvp_vclk1","No Common Primary Clock","0","Max Delay Datapath Only","G2B_ONECH_C2H/snapshot_epoch_hold_axi_reg[15]/C","G2B_ONECH_C2H/snapshot_epoch_echo_source_reg[15]/D","Clock enable controlled CDC structure detected"
"296","292","CDC-15#259","CDC-15","Warning","userclk1","nvp_vclk1","No Common Primary Clock","0","Max Delay Datapath Only","G2B_ONECH_C2H/snapshot_epoch_hold_axi_reg[16]/C","G2B_ONECH_C2H/snapshot_epoch_echo_source_reg[16]/D","Clock enable controlled CDC structure detected"
"297","293","CDC-15#260","CDC-15","Warning","userclk1","nvp_vclk1","No Common Primary Clock","0","Max Delay Datapath Only","G2B_ONECH_C2H/snapshot_epoch_hold_axi_reg[17]/C","G2B_ONECH_C2H/snapshot_epoch_echo_source_reg[17]/D","Clock enable controlled CDC structure detected"
"298","294","CDC-15#261","CDC-15","Warning","userclk1","nvp_vclk1","No Common Primary Clock","0","Max Delay Datapath Only","G2B_ONECH_C2H/snapshot_epoch_hold_axi_reg[18]/C","G2B_ONECH_C2H/snapshot_epoch_echo_source_reg[18]/D","Clock enable controlled CDC structure detected"
"299","295","CDC-15#262","CDC-15","Warning","userclk1","nvp_vclk1","No Common Primary Clock","0","Max Delay Datapath Only","G2B_ONECH_C2H/snapshot_epoch_hold_axi_reg[19]/C","G2B_ONECH_C2H/snapshot_epoch_echo_source_reg[19]/D","Clock enable controlled CDC structure detected"
"300","296","CDC-15#263","CDC-15","Warning","userclk1","nvp_vclk1","No Common Primary Clock","0","Max Delay Datapath Only","G2B_ONECH_C2H/snapshot_epoch_hold_axi_reg[20]/C","G2B_ONECH_C2H/snapshot_epoch_echo_source_reg[20]/D","Clock enable controlled CDC structure detected"
"301","297","CDC-15#264","CDC-15","Warning","userclk1","nvp_vclk1","No Common Primary Clock","0","Max Delay Datapath Only","G2B_ONECH_C2H/snapshot_epoch_hold_axi_reg[21]/C","G2B_ONECH_C2H/snapshot_epoch_echo_source_reg[21]/D","Clock enable controlled CDC structure detected"
"302","298","CDC-15#265","CDC-15","Warning","userclk1","nvp_vclk1","No Common Primary Clock","0","Max Delay Datapath Only","G2B_ONECH_C2H/snapshot_epoch_hold_axi_reg[22]/C","G2B_ONECH_C2H/snapshot_epoch_echo_source_reg[22]/D","Clock enable controlled CDC structure detected"
"303","299","CDC-15#266","CDC-15","Warning","userclk1","nvp_vclk1","No Common Primary Clock","0","Max Delay Datapath Only","G2B_ONECH_C2H/snapshot_epoch_hold_axi_reg[23]/C","G2B_ONECH_C2H/snapshot_epoch_echo_source_reg[23]/D","Clock enable controlled CDC structure detected"
"304","300","CDC-15#267","CDC-15","Warning","userclk1","nvp_vclk1","No Common Primary Clock","0","Max Delay Datapath Only","G2B_ONECH_C2H/snapshot_epoch_hold_axi_reg[24]/C","G2B_ONECH_C2H/snapshot_epoch_echo_source_reg[24]/D","Clock enable controlled CDC structure detected"
"305","301","CDC-15#268","CDC-15","Warning","userclk1","nvp_vclk1","No Common Primary Clock","0","Max Delay Datapath Only","G2B_ONECH_C2H/snapshot_epoch_hold_axi_reg[25]/C","G2B_ONECH_C2H/snapshot_epoch_echo_source_reg[25]/D","Clock enable controlled CDC structure detected"
"306","302","CDC-15#269","CDC-15","Warning","userclk1","nvp_vclk1","No Common Primary Clock","0","Max Delay Datapath Only","G2B_ONECH_C2H/snapshot_epoch_hold_axi_reg[26]/C","G2B_ONECH_C2H/snapshot_epoch_echo_source_reg[26]/D","Clock enable controlled CDC structure detected"
"307","303","CDC-15#270","CDC-15","Warning","userclk1","nvp_vclk1","No Common Primary Clock","0","Max Delay Datapath Only","G2B_ONECH_C2H/snapshot_epoch_hold_axi_reg[27]/C","G2B_ONECH_C2H/snapshot_epoch_echo_source_reg[27]/D","Clock enable controlled CDC structure detected"
"308","304","CDC-15#271","CDC-15","Warning","userclk1","nvp_vclk1","No Common Primary Clock","0","Max Delay Datapath Only","G2B_ONECH_C2H/snapshot_epoch_hold_axi_reg[28]/C","G2B_ONECH_C2H/snapshot_epoch_echo_source_reg[28]/D","Clock enable controlled CDC structure detected"
"309","305","CDC-15#272","CDC-15","Warning","userclk1","nvp_vclk1","No Common Primary Clock","0","Max Delay Datapath Only","G2B_ONECH_C2H/snapshot_epoch_hold_axi_reg[29]/C","G2B_ONECH_C2H/snapshot_epoch_echo_source_reg[29]/D","Clock enable controlled CDC structure detected"
"310","306","CDC-15#273","CDC-15","Warning","userclk1","nvp_vclk1","No Common Primary Clock","0","Max Delay Datapath Only","G2B_ONECH_C2H/snapshot_epoch_hold_axi_reg[30]/C","G2B_ONECH_C2H/snapshot_epoch_echo_source_reg[30]/D","Clock enable controlled CDC structure detected"
"311","307","CDC-15#274","CDC-15","Warning","userclk1","nvp_vclk1","No Common Primary Clock","0","Max Delay Datapath Only","G2B_ONECH_C2H/snapshot_epoch_hold_axi_reg[31]/C","G2B_ONECH_C2H/snapshot_epoch_echo_source_reg[31]/D","Clock enable controlled CDC structure detected"
"369","1","CDC-6#3","CDC-6","Warning","nvp_vclk1","userclk1","No Common Primary Clock","2","False Path","CAPTURE_SUBSYSTEM/BAR_TARGET/commit_toggle_prod_reg[1:0]/C","CAPTURE_SUBSYSTEM/BAR_TARGET/commit_sync1_reg[1:0]/D","Multi-bit synchronized with ASYNC_REG property"
"371","3","CDC-15#275","CDC-15","Warning","nvp_vclk1","userclk1","No Common Primary Clock","0","Max Delay Datapath Only","CAPTURE_SUBSYSTEM/MAILBOX/status_hold_nvp_reg[0]/C","CAPTURE_SUBSYSTEM/MAILBOX/status_bus_pcie_reg[0]/D","Clock enable controlled CDC structure detected"
"372","4","CDC-15#276","CDC-15","Warning","nvp_vclk1","userclk1","No Common Primary Clock","0","Max Delay Datapath Only","CAPTURE_SUBSYSTEM/MAILBOX/status_hold_nvp_reg[2]/C","CAPTURE_SUBSYSTEM/MAILBOX/status_bus_pcie_reg[2]/D","Clock enable controlled CDC structure detected"
"373","5","CDC-15#277","CDC-15","Warning","nvp_vclk1","userclk1","No Common Primary Clock","0","Max Delay Datapath Only","CAPTURE_SUBSYSTEM/MAILBOX/status_hold_nvp_reg[3]/C","CAPTURE_SUBSYSTEM/MAILBOX/status_bus_pcie_reg[3]/D","Clock enable controlled CDC structure detected"
"374","6","CDC-15#278","CDC-15","Warning","nvp_vclk1","userclk1","No Common Primary Clock","0","Max Delay Datapath Only","CAPTURE_SUBSYSTEM/MAILBOX/status_hold_nvp_reg[4]/C","CAPTURE_SUBSYSTEM/MAILBOX/status_bus_pcie_reg[4]/D","Clock enable controlled CDC structure detected"
"375","7","CDC-15#279","CDC-15","Warning","nvp_vclk1","userclk1","No Common Primary Clock","0","Max Delay Datapath Only","CAPTURE_SUBSYSTEM/MAILBOX/status_hold_nvp_reg[5]/C","CAPTURE_SUBSYSTEM/MAILBOX/status_bus_pcie_reg[5]/D","Clock enable controlled CDC structure detected"
"376","8","CDC-15#280","CDC-15","Warning","nvp_vclk1","userclk1","No Common Primary Clock","0","Max Delay Datapath Only","CAPTURE_SUBSYSTEM/MAILBOX/status_hold_nvp_reg[6]/C","CAPTURE_SUBSYSTEM/MAILBOX/status_bus_pcie_reg[6]/D","Clock enable controlled CDC structure detected"
"377","9","CDC-15#281","CDC-15","Warning","nvp_vclk1","userclk1","No Common Primary Clock","0","Max Delay Datapath Only","CAPTURE_SUBSYSTEM/MAILBOX/status_hold_nvp_reg[7]/C","CAPTURE_SUBSYSTEM/MAILBOX/status_bus_pcie_reg[7]/D","Clock enable controlled CDC structure detected"
"378","10","CDC-15#282","CDC-15","Warning","nvp_vclk1","userclk1","No Common Primary Clock","0","Max Delay Datapath Only","CAPTURE_SUBSYSTEM/MAILBOX/status_hold_nvp_reg[8]/C","CAPTURE_SUBSYSTEM/MAILBOX/status_bus_pcie_reg[8]/D","Clock enable controlled CDC structure detected"
"379","11","CDC-15#283","CDC-15","Warning","nvp_vclk1","userclk1","No Common Primary Clock","0","Max Delay Datapath Only","CAPTURE_SUBSYSTEM/MAILBOX/status_hold_nvp_reg[9]/C","CAPTURE_SUBSYSTEM/MAILBOX/status_bus_pcie_reg[9]/D","Clock enable controlled CDC structure detected"
"380","12","CDC-15#284","CDC-15","Warning","nvp_vclk1","userclk1","No Common Primary Clock","0","Max Delay Datapath Only","CAPTURE_SUBSYSTEM/MAILBOX/status_hold_nvp_reg[10]/C","CAPTURE_SUBSYSTEM/MAILBOX/status_bus_pcie_reg[10]/D","Clock enable controlled CDC structure detected"
"381","13","CDC-15#285","CDC-15","Warning","nvp_vclk1","userclk1","No Common Primary Clock","0","Max Delay Datapath Only","CAPTURE_SUBSYSTEM/MAILBOX/status_hold_nvp_reg[11]/C","CAPTURE_SUBSYSTEM/MAILBOX/status_bus_pcie_reg[11]/D","Clock enable controlled CDC structure detected"
"382","14","CDC-15#286","CDC-15","Warning","nvp_vclk1","userclk1","No Common Primary Clock","0","Max Delay Datapath Only","CAPTURE_SUBSYSTEM/MAILBOX/status_hold_nvp_reg[12]/C","CAPTURE_SUBSYSTEM/MAILBOX/status_bus_pcie_reg[12]/D","Clock enable controlled CDC structure detected"
"383","15","CDC-15#287","CDC-15","Warning","nvp_vclk1","userclk1","No Common Primary Clock","0","Max Delay Datapath Only","CAPTURE_SUBSYSTEM/MAILBOX/status_hold_nvp_reg[13]/C","CAPTURE_SUBSYSTEM/MAILBOX/status_bus_pcie_reg[13]/D","Clock enable controlled CDC structure detected"
"384","16","CDC-15#288","CDC-15","Warning","nvp_vclk1","userclk1","No Common Primary Clock","0","Max Delay Datapath Only","CAPTURE_SUBSYSTEM/MAILBOX/status_hold_nvp_reg[14]/C","CAPTURE_SUBSYSTEM/MAILBOX/status_bus_pcie_reg[14]/D","Clock enable controlled CDC structure detected"
"385","17","CDC-15#289","CDC-15","Warning","nvp_vclk1","userclk1","No Common Primary Clock","0","Max Delay Datapath Only","CAPTURE_SUBSYSTEM/MAILBOX/status_hold_nvp_reg[15]/C","CAPTURE_SUBSYSTEM/MAILBOX/status_bus_pcie_reg[15]/D","Clock enable controlled CDC structure detected"
"386","18","CDC-15#290","CDC-15","Warning","nvp_vclk1","userclk1","No Common Primary Clock","0","Max Delay Datapath Only","CAPTURE_SUBSYSTEM/MAILBOX/status_hold_nvp_reg[16]/C","CAPTURE_SUBSYSTEM/MAILBOX/status_bus_pcie_reg[16]/D","Clock enable controlled CDC structure detected"
"387","19","CDC-15#291","CDC-15","Warning","nvp_vclk1","userclk1","No Common Primary Clock","0","Max Delay Datapath Only","CAPTURE_SUBSYSTEM/MAILBOX/status_hold_nvp_reg[17]/C","CAPTURE_SUBSYSTEM/MAILBOX/status_bus_pcie_reg[17]/D","Clock enable controlled CDC structure detected"
"388","20","CDC-15#292","CDC-15","Warning","nvp_vclk1","userclk1","No Common Primary Clock","0","Max Delay Datapath Only","CAPTURE_SUBSYSTEM/MAILBOX/status_hold_nvp_reg[18]/C","CAPTURE_SUBSYSTEM/MAILBOX/status_bus_pcie_reg[18]/D","Clock enable controlled CDC structure detected"
"389","21","CDC-15#293","CDC-15","Warning","nvp_vclk1","userclk1","No Common Primary Clock","0","Max Delay Datapath Only","CAPTURE_SUBSYSTEM/MAILBOX/status_hold_nvp_reg[19]/C","CAPTURE_SUBSYSTEM/MAILBOX/status_bus_pcie_reg[19]/D","Clock enable controlled CDC structure detected"
"390","22","CDC-15#294","CDC-15","Warning","nvp_vclk1","userclk1","No Common Primary Clock","0","Max Delay Datapath Only","CAPTURE_SUBSYSTEM/MAILBOX/status_hold_nvp_reg[20]/C","CAPTURE_SUBSYSTEM/MAILBOX/status_bus_pcie_reg[20]/D","Clock enable controlled CDC structure detected"
"391","23","CDC-15#295","CDC-15","Warning","nvp_vclk1","userclk1","No Common Primary Clock","0","Max Delay Datapath Only","CAPTURE_SUBSYSTEM/MAILBOX/status_hold_nvp_reg[21]/C","CAPTURE_SUBSYSTEM/MAILBOX/status_bus_pcie_reg[21]/D","Clock enable controlled CDC structure detected"
"392","24","CDC-15#296","CDC-15","Warning","nvp_vclk1","userclk1","No Common Primary Clock","0","Max Delay Datapath Only","CAPTURE_SUBSYSTEM/MAILBOX/status_hold_nvp_reg[22]/C","CAPTURE_SUBSYSTEM/MAILBOX/status_bus_pcie_reg[22]/D","Clock enable controlled CDC structure detected"
"393","25","CDC-15#297","CDC-15","Warning","nvp_vclk1","userclk1","No Common Primary Clock","0","Max Delay Datapath Only","CAPTURE_SUBSYSTEM/MAILBOX/status_hold_nvp_reg[23]/C","CAPTURE_SUBSYSTEM/MAILBOX/status_bus_pcie_reg[23]/D","Clock enable controlled CDC structure detected"
"394","26","CDC-15#298","CDC-15","Warning","nvp_vclk1","userclk1","No Common Primary Clock","0","Max Delay Datapath Only","CAPTURE_SUBSYSTEM/MAILBOX/status_hold_nvp_reg[24]/C","CAPTURE_SUBSYSTEM/MAILBOX/status_bus_pcie_reg[24]/D","Clock enable controlled CDC structure detected"
"395","27","CDC-15#299","CDC-15","Warning","nvp_vclk1","userclk1","No Common Primary Clock","0","Max Delay Datapath Only","CAPTURE_SUBSYSTEM/MAILBOX/status_hold_nvp_reg[25]/C","CAPTURE_SUBSYSTEM/MAILBOX/status_bus_pcie_reg[25]/D","Clock enable controlled CDC structure detected"
"396","28","CDC-15#300","CDC-15","Warning","nvp_vclk1","userclk1","No Common Primary Clock","0","Max Delay Datapath Only","CAPTURE_SUBSYSTEM/MAILBOX/status_hold_nvp_reg[26]/C","CAPTURE_SUBSYSTEM/MAILBOX/status_bus_pcie_reg[26]/D","Clock enable controlled CDC structure detected"
"397","29","CDC-15#301","CDC-15","Warning","nvp_vclk1","userclk1","No Common Primary Clock","0","Max Delay Datapath Only","CAPTURE_SUBSYSTEM/MAILBOX/status_hold_nvp_reg[27]/C","CAPTURE_SUBSYSTEM/MAILBOX/status_bus_pcie_reg[27]/D","Clock enable controlled CDC structure detected"
"398","30","CDC-15#302","CDC-15","Warning","nvp_vclk1","userclk1","No Common Primary Clock","0","Max Delay Datapath Only","CAPTURE_SUBSYSTEM/MAILBOX/status_hold_nvp_reg[28]/C","CAPTURE_SUBSYSTEM/MAILBOX/status_bus_pcie_reg[28]/D","Clock enable controlled CDC structure detected"
"399","31","CDC-15#303","CDC-15","Warning","nvp_vclk1","userclk1","No Common Primary Clock","0","Max Delay Datapath Only","CAPTURE_SUBSYSTEM/MAILBOX/status_hold_nvp_reg[29]/C","CAPTURE_SUBSYSTEM/MAILBOX/status_bus_pcie_reg[29]/D","Clock enable controlled CDC structure detected"
"400","32","CDC-15#304","CDC-15","Warning","nvp_vclk1","userclk1","No Common Primary Clock","0","Max Delay Datapath Only","CAPTURE_SUBSYSTEM/MAILBOX/status_hold_nvp_reg[30]/C","CAPTURE_SUBSYSTEM/MAILBOX/status_bus_pcie_reg[30]/D","Clock enable controlled CDC structure detected"
"401","33","CDC-15#305","CDC-15","Warning","nvp_vclk1","userclk1","No Common Primary Clock","0","Max Delay Datapath Only","CAPTURE_SUBSYSTEM/MAILBOX/status_hold_nvp_reg[31]/C","CAPTURE_SUBSYSTEM/MAILBOX/status_bus_pcie_reg[31]/D","Clock enable controlled CDC structure detected"
"402","34","CDC-15#306","CDC-15","Warning","nvp_vclk1","userclk1","No Common Primary Clock","0","Max Delay Datapath Only","CAPTURE_SUBSYSTEM/MAILBOX/status_hold_nvp_reg[32]/C","CAPTURE_SUBSYSTEM/MAILBOX/status_bus_pcie_reg[32]/D","Clock enable controlled CDC structure detected"
"403","35","CDC-15#307","CDC-15","Warning","nvp_vclk1","userclk1","No Common Primary Clock","0","Max Delay Datapath Only","CAPTURE_SUBSYSTEM/MAILBOX/status_hold_nvp_reg[33]/C","CAPTURE_SUBSYSTEM/MAILBOX/status_bus_pcie_reg[33]/D","Clock enable controlled CDC structure detected"
"404","36","CDC-15#308","CDC-15","Warning","nvp_vclk1","userclk1","No Common Primary Clock","0","Max Delay Datapath Only","CAPTURE_SUBSYSTEM/MAILBOX/status_hold_nvp_reg[34]/C","CAPTURE_SUBSYSTEM/MAILBOX/status_bus_pcie_reg[34]/D","Clock enable controlled CDC structure detected"
"405","37","CDC-15#309","CDC-15","Warning","nvp_vclk1","userclk1","No Common Primary Clock","0","Max Delay Datapath Only","CAPTURE_SUBSYSTEM/MAILBOX/status_hold_nvp_reg[35]/C","CAPTURE_SUBSYSTEM/MAILBOX/status_bus_pcie_reg[35]/D","Clock enable controlled CDC structure detected"
"406","38","CDC-15#310","CDC-15","Warning","nvp_vclk1","userclk1","No Common Primary Clock","0","Max Delay Datapath Only","CAPTURE_SUBSYSTEM/MAILBOX/status_hold_nvp_reg[36]/C","CAPTURE_SUBSYSTEM/MAILBOX/status_bus_pcie_reg[36]/D","Clock enable controlled CDC structure detected"
"407","39","CDC-15#311","CDC-15","Warning","nvp_vclk1","userclk1","No Common Primary Clock","0","Max Delay Datapath Only","CAPTURE_SUBSYSTEM/MAILBOX/status_hold_nvp_reg[37]/C","CAPTURE_SUBSYSTEM/MAILBOX/status_bus_pcie_reg[37]/D","Clock enable controlled CDC structure detected"
"408","40","CDC-15#312","CDC-15","Warning","nvp_vclk1","userclk1","No Common Primary Clock","0","Max Delay Datapath Only","CAPTURE_SUBSYSTEM/MAILBOX/status_hold_nvp_reg[38]/C","CAPTURE_SUBSYSTEM/MAILBOX/status_bus_pcie_reg[38]/D","Clock enable controlled CDC structure detected"
"409","41","CDC-15#313","CDC-15","Warning","nvp_vclk1","userclk1","No Common Primary Clock","0","Max Delay Datapath Only","CAPTURE_SUBSYSTEM/MAILBOX/status_hold_nvp_reg[39]/C","CAPTURE_SUBSYSTEM/MAILBOX/status_bus_pcie_reg[39]/D","Clock enable controlled CDC structure detected"
"410","42","CDC-15#314","CDC-15","Warning","nvp_vclk1","userclk1","No Common Primary Clock","0","Max Delay Datapath Only","CAPTURE_SUBSYSTEM/MAILBOX/status_hold_nvp_reg[40]/C","CAPTURE_SUBSYSTEM/MAILBOX/status_bus_pcie_reg[40]/D","Clock enable controlled CDC structure detected"
"411","43","CDC-15#315","CDC-15","Warning","nvp_vclk1","userclk1","No Common Primary Clock","0","Max Delay Datapath Only","CAPTURE_SUBSYSTEM/MAILBOX/status_hold_nvp_reg[41]/C","CAPTURE_SUBSYSTEM/MAILBOX/status_bus_pcie_reg[41]/D","Clock enable controlled CDC structure detected"
"412","44","CDC-15#316","CDC-15","Warning","nvp_vclk1","userclk1","No Common Primary Clock","0","Max Delay Datapath Only","CAPTURE_SUBSYSTEM/MAILBOX/status_hold_nvp_reg[42]/C","CAPTURE_SUBSYSTEM/MAILBOX/status_bus_pcie_reg[42]/D","Clock enable controlled CDC structure detected"
"413","45","CDC-15#317","CDC-15","Warning","nvp_vclk1","userclk1","No Common Primary Clock","0","Max Delay Datapath Only","CAPTURE_SUBSYSTEM/MAILBOX/status_hold_nvp_reg[43]/C","CAPTURE_SUBSYSTEM/MAILBOX/status_bus_pcie_reg[43]/D","Clock enable controlled CDC structure detected"
"414","46","CDC-15#318","CDC-15","Warning","nvp_vclk1","userclk1","No Common Primary Clock","0","Max Delay Datapath Only","CAPTURE_SUBSYSTEM/MAILBOX/status_hold_nvp_reg[44]/C","CAPTURE_SUBSYSTEM/MAILBOX/status_bus_pcie_reg[44]/D","Clock enable controlled CDC structure detected"
"415","47","CDC-15#319","CDC-15","Warning","nvp_vclk1","userclk1","No Common Primary Clock","0","Max Delay Datapath Only","CAPTURE_SUBSYSTEM/MAILBOX/status_hold_nvp_reg[45]/C","CAPTURE_SUBSYSTEM/MAILBOX/status_bus_pcie_reg[45]/D","Clock enable controlled CDC structure detected"
"416","48","CDC-15#320","CDC-15","Warning","nvp_vclk1","userclk1","No Common Primary Clock","0","Max Delay Datapath Only","CAPTURE_SUBSYSTEM/MAILBOX/status_hold_nvp_reg[46]/C","CAPTURE_SUBSYSTEM/MAILBOX/status_bus_pcie_reg[46]/D","Clock enable controlled CDC structure detected"
"417","49","CDC-15#321","CDC-15","Warning","nvp_vclk1","userclk1","No Common Primary Clock","0","Max Delay Datapath Only","CAPTURE_SUBSYSTEM/MAILBOX/status_hold_nvp_reg[47]/C","CAPTURE_SUBSYSTEM/MAILBOX/status_bus_pcie_reg[47]/D","Clock enable controlled CDC structure detected"
"418","50","CDC-15#322","CDC-15","Warning","nvp_vclk1","userclk1","No Common Primary Clock","0","Max Delay Datapath Only","CAPTURE_SUBSYSTEM/MAILBOX/status_hold_nvp_reg[48]/C","CAPTURE_SUBSYSTEM/MAILBOX/status_bus_pcie_reg[48]/D","Clock enable controlled CDC structure detected"
"419","51","CDC-15#323","CDC-15","Warning","nvp_vclk1","userclk1","No Common Primary Clock","0","Max Delay Datapath Only","CAPTURE_SUBSYSTEM/MAILBOX/status_hold_nvp_reg[49]/C","CAPTURE_SUBSYSTEM/MAILBOX/status_bus_pcie_reg[49]/D","Clock enable controlled CDC structure detected"
"420","52","CDC-15#324","CDC-15","Warning","nvp_vclk1","userclk1","No Common Primary Clock","0","Max Delay Datapath Only","CAPTURE_SUBSYSTEM/MAILBOX/status_hold_nvp_reg[50]/C","CAPTURE_SUBSYSTEM/MAILBOX/status_bus_pcie_reg[50]/D","Clock enable controlled CDC structure detected"
"421","53","CDC-15#325","CDC-15","Warning","nvp_vclk1","userclk1","No Common Primary Clock","0","Max Delay Datapath Only","CAPTURE_SUBSYSTEM/MAILBOX/status_hold_nvp_reg[51]/C","CAPTURE_SUBSYSTEM/MAILBOX/status_bus_pcie_reg[51]/D","Clock enable controlled CDC structure detected"
"422","54","CDC-15#326","CDC-15","Warning","nvp_vclk1","userclk1","No Common Primary Clock","0","Max Delay Datapath Only","CAPTURE_SUBSYSTEM/MAILBOX/status_hold_nvp_reg[52]/C","CAPTURE_SUBSYSTEM/MAILBOX/status_bus_pcie_reg[52]/D","Clock enable controlled CDC structure detected"
"423","55","CDC-15#327","CDC-15","Warning","nvp_vclk1","userclk1","No Common Primary Clock","0","Max Delay Datapath Only","CAPTURE_SUBSYSTEM/MAILBOX/status_hold_nvp_reg[53]/C","CAPTURE_SUBSYSTEM/MAILBOX/status_bus_pcie_reg[53]/D","Clock enable controlled CDC structure detected"
"424","56","CDC-15#328","CDC-15","Warning","nvp_vclk1","userclk1","No Common Primary Clock","0","Max Delay Datapath Only","CAPTURE_SUBSYSTEM/MAILBOX/status_hold_nvp_reg[54]/C","CAPTURE_SUBSYSTEM/MAILBOX/status_bus_pcie_reg[54]/D","Clock enable controlled CDC structure detected"
"425","57","CDC-15#329","CDC-15","Warning","nvp_vclk1","userclk1","No Common Primary Clock","0","Max Delay Datapath Only","CAPTURE_SUBSYSTEM/MAILBOX/status_hold_nvp_reg[55]/C","CAPTURE_SUBSYSTEM/MAILBOX/status_bus_pcie_reg[55]/D","Clock enable controlled CDC structure detected"
"426","58","CDC-15#330","CDC-15","Warning","nvp_vclk1","userclk1","No Common Primary Clock","0","Max Delay Datapath Only","CAPTURE_SUBSYSTEM/MAILBOX/status_hold_nvp_reg[56]/C","CAPTURE_SUBSYSTEM/MAILBOX/status_bus_pcie_reg[56]/D","Clock enable controlled CDC structure detected"
"427","59","CDC-15#331","CDC-15","Warning","nvp_vclk1","userclk1","No Common Primary Clock","0","Max Delay Datapath Only","CAPTURE_SUBSYSTEM/MAILBOX/status_hold_nvp_reg[57]/C","CAPTURE_SUBSYSTEM/MAILBOX/status_bus_pcie_reg[57]/D","Clock enable controlled CDC structure detected"
"428","60","CDC-15#332","CDC-15","Warning","nvp_vclk1","userclk1","No Common Primary Clock","0","Max Delay Datapath Only","CAPTURE_SUBSYSTEM/MAILBOX/status_hold_nvp_reg[58]/C","CAPTURE_SUBSYSTEM/MAILBOX/status_bus_pcie_reg[58]/D","Clock enable controlled CDC structure detected"
"429","61","CDC-15#333","CDC-15","Warning","nvp_vclk1","userclk1","No Common Primary Clock","0","Max Delay Datapath Only","CAPTURE_SUBSYSTEM/MAILBOX/status_hold_nvp_reg[59]/C","CAPTURE_SUBSYSTEM/MAILBOX/status_bus_pcie_reg[59]/D","Clock enable controlled CDC structure detected"
"430","62","CDC-15#334","CDC-15","Warning","nvp_vclk1","userclk1","No Common Primary Clock","0","Max Delay Datapath Only","CAPTURE_SUBSYSTEM/MAILBOX/status_hold_nvp_reg[60]/C","CAPTURE_SUBSYSTEM/MAILBOX/status_bus_pcie_reg[60]/D","Clock enable controlled CDC structure detected"
"431","63","CDC-15#335","CDC-15","Warning","nvp_vclk1","userclk1","No Common Primary Clock","0","Max Delay Datapath Only","CAPTURE_SUBSYSTEM/MAILBOX/status_hold_nvp_reg[61]/C","CAPTURE_SUBSYSTEM/MAILBOX/status_bus_pcie_reg[61]/D","Clock enable controlled CDC structure detected"
"432","64","CDC-15#336","CDC-15","Warning","nvp_vclk1","userclk1","No Common Primary Clock","0","Max Delay Datapath Only","CAPTURE_SUBSYSTEM/MAILBOX/status_hold_nvp_reg[62]/C","CAPTURE_SUBSYSTEM/MAILBOX/status_bus_pcie_reg[62]/D","Clock enable controlled CDC structure detected"
"433","65","CDC-15#337","CDC-15","Warning","nvp_vclk1","userclk1","No Common Primary Clock","0","Max Delay Datapath Only","CAPTURE_SUBSYSTEM/MAILBOX/status_hold_nvp_reg[63]/C","CAPTURE_SUBSYSTEM/MAILBOX/status_bus_pcie_reg[63]/D","Clock enable controlled CDC structure detected"
"434","66","CDC-15#338","CDC-15","Warning","nvp_vclk1","userclk1","No Common Primary Clock","0","Max Delay Datapath Only","CAPTURE_SUBSYSTEM/MAILBOX/status_hold_nvp_reg[64]/C","CAPTURE_SUBSYSTEM/MAILBOX/status_bus_pcie_reg[64]/D","Clock enable controlled CDC structure detected"
"435","67","CDC-15#339","CDC-15","Warning","nvp_vclk1","userclk1","No Common Primary Clock","0","Max Delay Datapath Only","CAPTURE_SUBSYSTEM/MAILBOX/status_hold_nvp_reg[65]/C","CAPTURE_SUBSYSTEM/MAILBOX/status_bus_pcie_reg[65]/D","Clock enable controlled CDC structure detected"
"436","68","CDC-15#340","CDC-15","Warning","nvp_vclk1","userclk1","No Common Primary Clock","0","Max Delay Datapath Only","CAPTURE_SUBSYSTEM/MAILBOX/status_hold_nvp_reg[66]/C","CAPTURE_SUBSYSTEM/MAILBOX/status_bus_pcie_reg[66]/D","Clock enable controlled CDC structure detected"
"437","69","CDC-15#341","CDC-15","Warning","nvp_vclk1","userclk1","No Common Primary Clock","0","Max Delay Datapath Only","CAPTURE_SUBSYSTEM/MAILBOX/status_hold_nvp_reg[67]/C","CAPTURE_SUBSYSTEM/MAILBOX/status_bus_pcie_reg[67]/D","Clock enable controlled CDC structure detected"
"438","70","CDC-15#342","CDC-15","Warning","nvp_vclk1","userclk1","No Common Primary Clock","0","Max Delay Datapath Only","CAPTURE_SUBSYSTEM/MAILBOX/status_hold_nvp_reg[68]/C","CAPTURE_SUBSYSTEM/MAILBOX/status_bus_pcie_reg[68]/D","Clock enable controlled CDC structure detected"
"439","71","CDC-15#343","CDC-15","Warning","nvp_vclk1","userclk1","No Common Primary Clock","0","Max Delay Datapath Only","CAPTURE_SUBSYSTEM/MAILBOX/status_hold_nvp_reg[69]/C","CAPTURE_SUBSYSTEM/MAILBOX/status_bus_pcie_reg[69]/D","Clock enable controlled CDC structure detected"
"440","72","CDC-15#344","CDC-15","Warning","nvp_vclk1","userclk1","No Common Primary Clock","0","Max Delay Datapath Only","CAPTURE_SUBSYSTEM/MAILBOX/status_hold_nvp_reg[70]/C","CAPTURE_SUBSYSTEM/MAILBOX/status_bus_pcie_reg[70]/D","Clock enable controlled CDC structure detected"
"441","73","CDC-15#345","CDC-15","Warning","nvp_vclk1","userclk1","No Common Primary Clock","0","Max Delay Datapath Only","CAPTURE_SUBSYSTEM/MAILBOX/status_hold_nvp_reg[71]/C","CAPTURE_SUBSYSTEM/MAILBOX/status_bus_pcie_reg[71]/D","Clock enable controlled CDC structure detected"
"442","74","CDC-15#346","CDC-15","Warning","nvp_vclk1","userclk1","No Common Primary Clock","0","Max Delay Datapath Only","CAPTURE_SUBSYSTEM/MAILBOX/status_hold_nvp_reg[72]/C","CAPTURE_SUBSYSTEM/MAILBOX/status_bus_pcie_reg[72]/D","Clock enable controlled CDC structure detected"
"443","75","CDC-15#347","CDC-15","Warning","nvp_vclk1","userclk1","No Common Primary Clock","0","Max Delay Datapath Only","CAPTURE_SUBSYSTEM/MAILBOX/status_hold_nvp_reg[73]/C","CAPTURE_SUBSYSTEM/MAILBOX/status_bus_pcie_reg[73]/D","Clock enable controlled CDC structure detected"
"444","76","CDC-15#348","CDC-15","Warning","nvp_vclk1","userclk1","No Common Primary Clock","0","Max Delay Datapath Only","CAPTURE_SUBSYSTEM/MAILBOX/status_hold_nvp_reg[74]/C","CAPTURE_SUBSYSTEM/MAILBOX/status_bus_pcie_reg[74]/D","Clock enable controlled CDC structure detected"
"445","77","CDC-15#349","CDC-15","Warning","nvp_vclk1","userclk1","No Common Primary Clock","0","Max Delay Datapath Only","CAPTURE_SUBSYSTEM/MAILBOX/status_hold_nvp_reg[75]/C","CAPTURE_SUBSYSTEM/MAILBOX/status_bus_pcie_reg[75]/D","Clock enable controlled CDC structure detected"
"446","78","CDC-15#350","CDC-15","Warning","nvp_vclk1","userclk1","No Common Primary Clock","0","Max Delay Datapath Only","CAPTURE_SUBSYSTEM/MAILBOX/status_hold_nvp_reg[76]/C","CAPTURE_SUBSYSTEM/MAILBOX/status_bus_pcie_reg[76]/D","Clock enable controlled CDC structure detected"
"447","79","CDC-15#351","CDC-15","Warning","nvp_vclk1","userclk1","No Common Primary Clock","0","Max Delay Datapath Only","CAPTURE_SUBSYSTEM/MAILBOX/status_hold_nvp_reg[77]/C","CAPTURE_SUBSYSTEM/MAILBOX/status_bus_pcie_reg[77]/D","Clock enable controlled CDC structure detected"
"448","80","CDC-15#352","CDC-15","Warning","nvp_vclk1","userclk1","No Common Primary Clock","0","Max Delay Datapath Only","CAPTURE_SUBSYSTEM/MAILBOX/status_hold_nvp_reg[78]/C","CAPTURE_SUBSYSTEM/MAILBOX/status_bus_pcie_reg[78]/D","Clock enable controlled CDC structure detected"
"449","81","CDC-15#353","CDC-15","Warning","nvp_vclk1","userclk1","No Common Primary Clock","0","Max Delay Datapath Only","CAPTURE_SUBSYSTEM/MAILBOX/status_hold_nvp_reg[79]/C","CAPTURE_SUBSYSTEM/MAILBOX/status_bus_pcie_reg[79]/D","Clock enable controlled CDC structure detected"
"450","82","CDC-15#354","CDC-15","Warning","nvp_vclk1","userclk1","No Common Primary Clock","0","Max Delay Datapath Only","CAPTURE_SUBSYSTEM/MAILBOX/status_hold_nvp_reg[80]/C","CAPTURE_SUBSYSTEM/MAILBOX/status_bus_pcie_reg[80]/D","Clock enable controlled CDC structure detected"
"451","83","CDC-15#355","CDC-15","Warning","nvp_vclk1","userclk1","No Common Primary Clock","0","Max Delay Datapath Only","CAPTURE_SUBSYSTEM/MAILBOX/status_hold_nvp_reg[81]/C","CAPTURE_SUBSYSTEM/MAILBOX/status_bus_pcie_reg[81]/D","Clock enable controlled CDC structure detected"
"452","84","CDC-15#356","CDC-15","Warning","nvp_vclk1","userclk1","No Common Primary Clock","0","Max Delay Datapath Only","CAPTURE_SUBSYSTEM/MAILBOX/status_hold_nvp_reg[82]/C","CAPTURE_SUBSYSTEM/MAILBOX/status_bus_pcie_reg[82]/D","Clock enable controlled CDC structure detected"
"453","85","CDC-15#357","CDC-15","Warning","nvp_vclk1","userclk1","No Common Primary Clock","0","Max Delay Datapath Only","CAPTURE_SUBSYSTEM/MAILBOX/status_hold_nvp_reg[83]/C","CAPTURE_SUBSYSTEM/MAILBOX/status_bus_pcie_reg[83]/D","Clock enable controlled CDC structure detected"
"454","86","CDC-15#358","CDC-15","Warning","nvp_vclk1","userclk1","No Common Primary Clock","0","Max Delay Datapath Only","CAPTURE_SUBSYSTEM/MAILBOX/status_hold_nvp_reg[84]/C","CAPTURE_SUBSYSTEM/MAILBOX/status_bus_pcie_reg[84]/D","Clock enable controlled CDC structure detected"
"455","87","CDC-15#359","CDC-15","Warning","nvp_vclk1","userclk1","No Common Primary Clock","0","Max Delay Datapath Only","CAPTURE_SUBSYSTEM/MAILBOX/status_hold_nvp_reg[85]/C","CAPTURE_SUBSYSTEM/MAILBOX/status_bus_pcie_reg[85]/D","Clock enable controlled CDC structure detected"
"456","88","CDC-15#360","CDC-15","Warning","nvp_vclk1","userclk1","No Common Primary Clock","0","Max Delay Datapath Only","CAPTURE_SUBSYSTEM/MAILBOX/status_hold_nvp_reg[86]/C","CAPTURE_SUBSYSTEM/MAILBOX/status_bus_pcie_reg[86]/D","Clock enable controlled CDC structure detected"
"457","89","CDC-15#361","CDC-15","Warning","nvp_vclk1","userclk1","No Common Primary Clock","0","Max Delay Datapath Only","CAPTURE_SUBSYSTEM/MAILBOX/status_hold_nvp_reg[87]/C","CAPTURE_SUBSYSTEM/MAILBOX/status_bus_pcie_reg[87]/D","Clock enable controlled CDC structure detected"
"458","90","CDC-15#362","CDC-15","Warning","nvp_vclk1","userclk1","No Common Primary Clock","0","Max Delay Datapath Only","CAPTURE_SUBSYSTEM/MAILBOX/status_hold_nvp_reg[88]/C","CAPTURE_SUBSYSTEM/MAILBOX/status_bus_pcie_reg[88]/D","Clock enable controlled CDC structure detected"
"459","91","CDC-15#363","CDC-15","Warning","nvp_vclk1","userclk1","No Common Primary Clock","0","Max Delay Datapath Only","CAPTURE_SUBSYSTEM/MAILBOX/status_hold_nvp_reg[89]/C","CAPTURE_SUBSYSTEM/MAILBOX/status_bus_pcie_reg[89]/D","Clock enable controlled CDC structure detected"
"460","92","CDC-15#364","CDC-15","Warning","nvp_vclk1","userclk1","No Common Primary Clock","0","Max Delay Datapath Only","CAPTURE_SUBSYSTEM/MAILBOX/status_hold_nvp_reg[90]/C","CAPTURE_SUBSYSTEM/MAILBOX/status_bus_pcie_reg[90]/D","Clock enable controlled CDC structure detected"
"461","93","CDC-15#365","CDC-15","Warning","nvp_vclk1","userclk1","No Common Primary Clock","0","Max Delay Datapath Only","CAPTURE_SUBSYSTEM/MAILBOX/status_hold_nvp_reg[91]/C","CAPTURE_SUBSYSTEM/MAILBOX/status_bus_pcie_reg[91]/D","Clock enable controlled CDC structure detected"
"462","94","CDC-15#366","CDC-15","Warning","nvp_vclk1","userclk1","No Common Primary Clock","0","Max Delay Datapath Only","CAPTURE_SUBSYSTEM/MAILBOX/status_hold_nvp_reg[92]/C","CAPTURE_SUBSYSTEM/MAILBOX/status_bus_pcie_reg[92]/D","Clock enable controlled CDC structure detected"
"463","95","CDC-15#367","CDC-15","Warning","nvp_vclk1","userclk1","No Common Primary Clock","0","Max Delay Datapath Only","CAPTURE_SUBSYSTEM/MAILBOX/status_hold_nvp_reg[93]/C","CAPTURE_SUBSYSTEM/MAILBOX/status_bus_pcie_reg[93]/D","Clock enable controlled CDC structure detected"
"464","96","CDC-15#368","CDC-15","Warning","nvp_vclk1","userclk1","No Common Primary Clock","0","Max Delay Datapath Only","CAPTURE_SUBSYSTEM/MAILBOX/status_hold_nvp_reg[94]/C","CAPTURE_SUBSYSTEM/MAILBOX/status_bus_pcie_reg[94]/D","Clock enable controlled CDC structure detected"
"465","97","CDC-15#369","CDC-15","Warning","nvp_vclk1","userclk1","No Common Primary Clock","0","Max Delay Datapath Only","CAPTURE_SUBSYSTEM/MAILBOX/status_hold_nvp_reg[95]/C","CAPTURE_SUBSYSTEM/MAILBOX/status_bus_pcie_reg[95]/D","Clock enable controlled CDC structure detected"
"466","98","CDC-15#370","CDC-15","Warning","nvp_vclk1","userclk1","No Common Primary Clock","0","Max Delay Datapath Only","CAPTURE_SUBSYSTEM/MAILBOX/status_hold_nvp_reg[96]/C","CAPTURE_SUBSYSTEM/MAILBOX/status_bus_pcie_reg[96]/D","Clock enable controlled CDC structure detected"
"467","99","CDC-15#371","CDC-15","Warning","nvp_vclk1","userclk1","No Common Primary Clock","0","Max Delay Datapath Only","CAPTURE_SUBSYSTEM/MAILBOX/status_hold_nvp_reg[97]/C","CAPTURE_SUBSYSTEM/MAILBOX/status_bus_pcie_reg[97]/D","Clock enable controlled CDC structure detected"
"468","100","CDC-15#372","CDC-15","Warning","nvp_vclk1","userclk1","No Common Primary Clock","0","Max Delay Datapath Only","CAPTURE_SUBSYSTEM/MAILBOX/status_hold_nvp_reg[98]/C","CAPTURE_SUBSYSTEM/MAILBOX/status_bus_pcie_reg[98]/D","Clock enable controlled CDC structure detected"
"469","101","CDC-15#373","CDC-15","Warning","nvp_vclk1","userclk1","No Common Primary Clock","0","Max Delay Datapath Only","CAPTURE_SUBSYSTEM/MAILBOX/status_hold_nvp_reg[99]/C","CAPTURE_SUBSYSTEM/MAILBOX/status_bus_pcie_reg[99]/D","Clock enable controlled CDC structure detected"
"470","102","CDC-15#374","CDC-15","Warning","nvp_vclk1","userclk1","No Common Primary Clock","0","Max Delay Datapath Only","CAPTURE_SUBSYSTEM/MAILBOX/status_hold_nvp_reg[100]/C","CAPTURE_SUBSYSTEM/MAILBOX/status_bus_pcie_reg[100]/D","Clock enable controlled CDC structure detected"
"471","103","CDC-15#375","CDC-15","Warning","nvp_vclk1","userclk1","No Common Primary Clock","0","Max Delay Datapath Only","CAPTURE_SUBSYSTEM/MAILBOX/status_hold_nvp_reg[101]/C","CAPTURE_SUBSYSTEM/MAILBOX/status_bus_pcie_reg[101]/D","Clock enable controlled CDC structure detected"
"472","104","CDC-15#376","CDC-15","Warning","nvp_vclk1","userclk1","No Common Primary Clock","0","Max Delay Datapath Only","CAPTURE_SUBSYSTEM/MAILBOX/status_hold_nvp_reg[102]/C","CAPTURE_SUBSYSTEM/MAILBOX/status_bus_pcie_reg[102]/D","Clock enable controlled CDC structure detected"
"473","105","CDC-15#377","CDC-15","Warning","nvp_vclk1","userclk1","No Common Primary Clock","0","Max Delay Datapath Only","CAPTURE_SUBSYSTEM/MAILBOX/status_hold_nvp_reg[103]/C","CAPTURE_SUBSYSTEM/MAILBOX/status_bus_pcie_reg[103]/D","Clock enable controlled CDC structure detected"
"474","106","CDC-15#378","CDC-15","Warning","nvp_vclk1","userclk1","No Common Primary Clock","0","Max Delay Datapath Only","CAPTURE_SUBSYSTEM/MAILBOX/status_hold_nvp_reg[104]/C","CAPTURE_SUBSYSTEM/MAILBOX/status_bus_pcie_reg[104]/D","Clock enable controlled CDC structure detected"
"475","107","CDC-15#379","CDC-15","Warning","nvp_vclk1","userclk1","No Common Primary Clock","0","Max Delay Datapath Only","CAPTURE_SUBSYSTEM/MAILBOX/status_hold_nvp_reg[105]/C","CAPTURE_SUBSYSTEM/MAILBOX/status_bus_pcie_reg[105]/D","Clock enable controlled CDC structure detected"
"476","108","CDC-15#380","CDC-15","Warning","nvp_vclk1","userclk1","No Common Primary Clock","0","Max Delay Datapath Only","CAPTURE_SUBSYSTEM/MAILBOX/status_hold_nvp_reg[106]/C","CAPTURE_SUBSYSTEM/MAILBOX/status_bus_pcie_reg[106]/D","Clock enable controlled CDC structure detected"
"477","109","CDC-15#381","CDC-15","Warning","nvp_vclk1","userclk1","No Common Primary Clock","0","Max Delay Datapath Only","CAPTURE_SUBSYSTEM/MAILBOX/status_hold_nvp_reg[107]/C","CAPTURE_SUBSYSTEM/MAILBOX/status_bus_pcie_reg[107]/D","Clock enable controlled CDC structure detected"
"478","110","CDC-15#382","CDC-15","Warning","nvp_vclk1","userclk1","No Common Primary Clock","0","Max Delay Datapath Only","CAPTURE_SUBSYSTEM/MAILBOX/status_hold_nvp_reg[108]/C","CAPTURE_SUBSYSTEM/MAILBOX/status_bus_pcie_reg[108]/D","Clock enable controlled CDC structure detected"
"479","111","CDC-15#383","CDC-15","Warning","nvp_vclk1","userclk1","No Common Primary Clock","0","Max Delay Datapath Only","CAPTURE_SUBSYSTEM/MAILBOX/status_hold_nvp_reg[109]/C","CAPTURE_SUBSYSTEM/MAILBOX/status_bus_pcie_reg[109]/D","Clock enable controlled CDC structure detected"
"480","112","CDC-15#384","CDC-15","Warning","nvp_vclk1","userclk1","No Common Primary Clock","0","Max Delay Datapath Only","CAPTURE_SUBSYSTEM/MAILBOX/status_hold_nvp_reg[110]/C","CAPTURE_SUBSYSTEM/MAILBOX/status_bus_pcie_reg[110]/D","Clock enable controlled CDC structure detected"
"481","113","CDC-15#385","CDC-15","Warning","nvp_vclk1","userclk1","No Common Primary Clock","0","Max Delay Datapath Only","CAPTURE_SUBSYSTEM/MAILBOX/status_hold_nvp_reg[111]/C","CAPTURE_SUBSYSTEM/MAILBOX/status_bus_pcie_reg[111]/D","Clock enable controlled CDC structure detected"
"482","114","CDC-15#386","CDC-15","Warning","nvp_vclk1","userclk1","No Common Primary Clock","0","Max Delay Datapath Only","CAPTURE_SUBSYSTEM/MAILBOX/status_hold_nvp_reg[112]/C","CAPTURE_SUBSYSTEM/MAILBOX/status_bus_pcie_reg[112]/D","Clock enable controlled CDC structure detected"
"483","115","CDC-15#387","CDC-15","Warning","nvp_vclk1","userclk1","No Common Primary Clock","0","Max Delay Datapath Only","CAPTURE_SUBSYSTEM/MAILBOX/status_hold_nvp_reg[113]/C","CAPTURE_SUBSYSTEM/MAILBOX/status_bus_pcie_reg[113]/D","Clock enable controlled CDC structure detected"
"484","116","CDC-15#388","CDC-15","Warning","nvp_vclk1","userclk1","No Common Primary Clock","0","Max Delay Datapath Only","CAPTURE_SUBSYSTEM/MAILBOX/status_hold_nvp_reg[114]/C","CAPTURE_SUBSYSTEM/MAILBOX/status_bus_pcie_reg[114]/D","Clock enable controlled CDC structure detected"
"485","117","CDC-15#389","CDC-15","Warning","nvp_vclk1","userclk1","No Common Primary Clock","0","Max Delay Datapath Only","CAPTURE_SUBSYSTEM/MAILBOX/status_hold_nvp_reg[115]/C","CAPTURE_SUBSYSTEM/MAILBOX/status_bus_pcie_reg[115]/D","Clock enable controlled CDC structure detected"
"486","118","CDC-15#390","CDC-15","Warning","nvp_vclk1","userclk1","No Common Primary Clock","0","Max Delay Datapath Only","CAPTURE_SUBSYSTEM/MAILBOX/status_hold_nvp_reg[116]/C","CAPTURE_SUBSYSTEM/MAILBOX/status_bus_pcie_reg[116]/D","Clock enable controlled CDC structure detected"
"487","119","CDC-15#391","CDC-15","Warning","nvp_vclk1","userclk1","No Common Primary Clock","0","Max Delay Datapath Only","CAPTURE_SUBSYSTEM/MAILBOX/status_hold_nvp_reg[117]/C","CAPTURE_SUBSYSTEM/MAILBOX/status_bus_pcie_reg[117]/D","Clock enable controlled CDC structure detected"
"488","120","CDC-15#392","CDC-15","Warning","nvp_vclk1","userclk1","No Common Primary Clock","0","Max Delay Datapath Only","CAPTURE_SUBSYSTEM/MAILBOX/status_hold_nvp_reg[118]/C","CAPTURE_SUBSYSTEM/MAILBOX/status_bus_pcie_reg[118]/D","Clock enable controlled CDC structure detected"
"489","121","CDC-15#393","CDC-15","Warning","nvp_vclk1","userclk1","No Common Primary Clock","0","Max Delay Datapath Only","CAPTURE_SUBSYSTEM/MAILBOX/status_hold_nvp_reg[119]/C","CAPTURE_SUBSYSTEM/MAILBOX/status_bus_pcie_reg[119]/D","Clock enable controlled CDC structure detected"
"490","122","CDC-15#394","CDC-15","Warning","nvp_vclk1","userclk1","No Common Primary Clock","0","Max Delay Datapath Only","CAPTURE_SUBSYSTEM/MAILBOX/status_hold_nvp_reg[120]/C","CAPTURE_SUBSYSTEM/MAILBOX/status_bus_pcie_reg[120]/D","Clock enable controlled CDC structure detected"
"491","123","CDC-15#395","CDC-15","Warning","nvp_vclk1","userclk1","No Common Primary Clock","0","Max Delay Datapath Only","CAPTURE_SUBSYSTEM/MAILBOX/status_hold_nvp_reg[121]/C","CAPTURE_SUBSYSTEM/MAILBOX/status_bus_pcie_reg[121]/D","Clock enable controlled CDC structure detected"
"492","124","CDC-15#396","CDC-15","Warning","nvp_vclk1","userclk1","No Common Primary Clock","0","Max Delay Datapath Only","CAPTURE_SUBSYSTEM/MAILBOX/status_hold_nvp_reg[122]/C","CAPTURE_SUBSYSTEM/MAILBOX/status_bus_pcie_reg[122]/D","Clock enable controlled CDC structure detected"
"493","125","CDC-15#397","CDC-15","Warning","nvp_vclk1","userclk1","No Common Primary Clock","0","Max Delay Datapath Only","CAPTURE_SUBSYSTEM/MAILBOX/status_hold_nvp_reg[123]/C","CAPTURE_SUBSYSTEM/MAILBOX/status_bus_pcie_reg[123]/D","Clock enable controlled CDC structure detected"
"494","126","CDC-15#398","CDC-15","Warning","nvp_vclk1","userclk1","No Common Primary Clock","0","Max Delay Datapath Only","CAPTURE_SUBSYSTEM/MAILBOX/status_hold_nvp_reg[124]/C","CAPTURE_SUBSYSTEM/MAILBOX/status_bus_pcie_reg[124]/D","Clock enable controlled CDC structure detected"
"495","127","CDC-15#399","CDC-15","Warning","nvp_vclk1","userclk1","No Common Primary Clock","0","Max Delay Datapath Only","CAPTURE_SUBSYSTEM/MAILBOX/status_hold_nvp_reg[125]/C","CAPTURE_SUBSYSTEM/MAILBOX/status_bus_pcie_reg[125]/D","Clock enable controlled CDC structure detected"
"496","128","CDC-15#400","CDC-15","Warning","nvp_vclk1","userclk1","No Common Primary Clock","0","Max Delay Datapath Only","CAPTURE_SUBSYSTEM/MAILBOX/status_hold_nvp_reg[126]/C","CAPTURE_SUBSYSTEM/MAILBOX/status_bus_pcie_reg[126]/D","Clock enable controlled CDC structure detected"
"497","129","CDC-15#401","CDC-15","Warning","nvp_vclk1","userclk1","No Common Primary Clock","0","Max Delay Datapath Only","CAPTURE_SUBSYSTEM/MAILBOX/status_hold_nvp_reg[127]/C","CAPTURE_SUBSYSTEM/MAILBOX/status_bus_pcie_reg[127]/D","Clock enable controlled CDC structure detected"
"498","130","CDC-15#402","CDC-15","Warning","nvp_vclk1","userclk1","No Common Primary Clock","0","Max Delay Datapath Only","CAPTURE_SUBSYSTEM/MAILBOX/status_hold_nvp_reg[128]/C","CAPTURE_SUBSYSTEM/MAILBOX/status_bus_pcie_reg[128]/D","Clock enable controlled CDC structure detected"
"499","131","CDC-15#403","CDC-15","Warning","nvp_vclk1","userclk1","No Common Primary Clock","0","Max Delay Datapath Only","CAPTURE_SUBSYSTEM/MAILBOX/status_hold_nvp_reg[129]/C","CAPTURE_SUBSYSTEM/MAILBOX/status_bus_pcie_reg[129]/D","Clock enable controlled CDC structure detected"
"500","132","CDC-15#404","CDC-15","Warning","nvp_vclk1","userclk1","No Common Primary Clock","0","Max Delay Datapath Only","CAPTURE_SUBSYSTEM/MAILBOX/status_hold_nvp_reg[130]/C","CAPTURE_SUBSYSTEM/MAILBOX/status_bus_pcie_reg[130]/D","Clock enable controlled CDC structure detected"
"501","133","CDC-15#405","CDC-15","Warning","nvp_vclk1","userclk1","No Common Primary Clock","0","Max Delay Datapath Only","CAPTURE_SUBSYSTEM/MAILBOX/status_hold_nvp_reg[131]/C","CAPTURE_SUBSYSTEM/MAILBOX/status_bus_pcie_reg[131]/D","Clock enable controlled CDC structure detected"
"502","134","CDC-15#406","CDC-15","Warning","nvp_vclk1","userclk1","No Common Primary Clock","0","Max Delay Datapath Only","CAPTURE_SUBSYSTEM/MAILBOX/status_hold_nvp_reg[132]/C","CAPTURE_SUBSYSTEM/MAILBOX/status_bus_pcie_reg[132]/D","Clock enable controlled CDC structure detected"
"503","135","CDC-15#407","CDC-15","Warning","nvp_vclk1","userclk1","No Common Primary Clock","0","Max Delay Datapath Only","CAPTURE_SUBSYSTEM/MAILBOX/status_hold_nvp_reg[133]/C","CAPTURE_SUBSYSTEM/MAILBOX/status_bus_pcie_reg[133]/D","Clock enable controlled CDC structure detected"
"504","136","CDC-15#408","CDC-15","Warning","nvp_vclk1","userclk1","No Common Primary Clock","0","Max Delay Datapath Only","CAPTURE_SUBSYSTEM/MAILBOX/status_hold_nvp_reg[134]/C","CAPTURE_SUBSYSTEM/MAILBOX/status_bus_pcie_reg[134]/D","Clock enable controlled CDC structure detected"
"505","137","CDC-15#409","CDC-15","Warning","nvp_vclk1","userclk1","No Common Primary Clock","0","Max Delay Datapath Only","CAPTURE_SUBSYSTEM/MAILBOX/status_hold_nvp_reg[135]/C","CAPTURE_SUBSYSTEM/MAILBOX/status_bus_pcie_reg[135]/D","Clock enable controlled CDC structure detected"
"506","138","CDC-15#410","CDC-15","Warning","nvp_vclk1","userclk1","No Common Primary Clock","0","Max Delay Datapath Only","CAPTURE_SUBSYSTEM/MAILBOX/status_hold_nvp_reg[136]/C","CAPTURE_SUBSYSTEM/MAILBOX/status_bus_pcie_reg[136]/D","Clock enable controlled CDC structure detected"
"507","139","CDC-15#411","CDC-15","Warning","nvp_vclk1","userclk1","No Common Primary Clock","0","Max Delay Datapath Only","CAPTURE_SUBSYSTEM/MAILBOX/status_hold_nvp_reg[137]/C","CAPTURE_SUBSYSTEM/MAILBOX/status_bus_pcie_reg[137]/D","Clock enable controlled CDC structure detected"
"508","140","CDC-15#412","CDC-15","Warning","nvp_vclk1","userclk1","No Common Primary Clock","0","Max Delay Datapath Only","CAPTURE_SUBSYSTEM/MAILBOX/status_hold_nvp_reg[138]/C","CAPTURE_SUBSYSTEM/MAILBOX/status_bus_pcie_reg[138]/D","Clock enable controlled CDC structure detected"
"509","141","CDC-15#413","CDC-15","Warning","nvp_vclk1","userclk1","No Common Primary Clock","0","Max Delay Datapath Only","CAPTURE_SUBSYSTEM/MAILBOX/status_hold_nvp_reg[139]/C","CAPTURE_SUBSYSTEM/MAILBOX/status_bus_pcie_reg[139]/D","Clock enable controlled CDC structure detected"
"510","142","CDC-15#414","CDC-15","Warning","nvp_vclk1","userclk1","No Common Primary Clock","0","Max Delay Datapath Only","CAPTURE_SUBSYSTEM/MAILBOX/status_hold_nvp_reg[140]/C","CAPTURE_SUBSYSTEM/MAILBOX/status_bus_pcie_reg[140]/D","Clock enable controlled CDC structure detected"
"511","143","CDC-15#415","CDC-15","Warning","nvp_vclk1","userclk1","No Common Primary Clock","0","Max Delay Datapath Only","CAPTURE_SUBSYSTEM/MAILBOX/status_hold_nvp_reg[141]/C","CAPTURE_SUBSYSTEM/MAILBOX/status_bus_pcie_reg[141]/D","Clock enable controlled CDC structure detected"
"512","144","CDC-15#416","CDC-15","Warning","nvp_vclk1","userclk1","No Common Primary Clock","0","Max Delay Datapath Only","CAPTURE_SUBSYSTEM/MAILBOX/status_hold_nvp_reg[142]/C","CAPTURE_SUBSYSTEM/MAILBOX/status_bus_pcie_reg[142]/D","Clock enable controlled CDC structure detected"
"513","145","CDC-15#417","CDC-15","Warning","nvp_vclk1","userclk1","No Common Primary Clock","0","Max Delay Datapath Only","CAPTURE_SUBSYSTEM/MAILBOX/status_hold_nvp_reg[143]/C","CAPTURE_SUBSYSTEM/MAILBOX/status_bus_pcie_reg[143]/D","Clock enable controlled CDC structure detected"
"514","146","CDC-15#418","CDC-15","Warning","nvp_vclk1","userclk1","No Common Primary Clock","0","Max Delay Datapath Only","CAPTURE_SUBSYSTEM/MAILBOX/status_hold_nvp_reg[144]/C","CAPTURE_SUBSYSTEM/MAILBOX/status_bus_pcie_reg[144]/D","Clock enable controlled CDC structure detected"
"515","147","CDC-15#419","CDC-15","Warning","nvp_vclk1","userclk1","No Common Primary Clock","0","Max Delay Datapath Only","CAPTURE_SUBSYSTEM/MAILBOX/status_hold_nvp_reg[145]/C","CAPTURE_SUBSYSTEM/MAILBOX/status_bus_pcie_reg[145]/D","Clock enable controlled CDC structure detected"
"516","148","CDC-15#420","CDC-15","Warning","nvp_vclk1","userclk1","No Common Primary Clock","0","Max Delay Datapath Only","CAPTURE_SUBSYSTEM/MAILBOX/status_hold_nvp_reg[146]/C","CAPTURE_SUBSYSTEM/MAILBOX/status_bus_pcie_reg[146]/D","Clock enable controlled CDC structure detected"
"517","149","CDC-15#421","CDC-15","Warning","nvp_vclk1","userclk1","No Common Primary Clock","0","Max Delay Datapath Only","CAPTURE_SUBSYSTEM/MAILBOX/status_hold_nvp_reg[147]/C","CAPTURE_SUBSYSTEM/MAILBOX/status_bus_pcie_reg[147]/D","Clock enable controlled CDC structure detected"
"518","150","CDC-15#422","CDC-15","Warning","nvp_vclk1","userclk1","No Common Primary Clock","0","Max Delay Datapath Only","CAPTURE_SUBSYSTEM/MAILBOX/status_hold_nvp_reg[148]/C","CAPTURE_SUBSYSTEM/MAILBOX/status_bus_pcie_reg[148]/D","Clock enable controlled CDC structure detected"
"519","151","CDC-15#423","CDC-15","Warning","nvp_vclk1","userclk1","No Common Primary Clock","0","Max Delay Datapath Only","CAPTURE_SUBSYSTEM/MAILBOX/status_hold_nvp_reg[149]/C","CAPTURE_SUBSYSTEM/MAILBOX/status_bus_pcie_reg[149]/D","Clock enable controlled CDC structure detected"
"520","152","CDC-15#424","CDC-15","Warning","nvp_vclk1","userclk1","No Common Primary Clock","0","Max Delay Datapath Only","CAPTURE_SUBSYSTEM/MAILBOX/status_hold_nvp_reg[150]/C","CAPTURE_SUBSYSTEM/MAILBOX/status_bus_pcie_reg[150]/D","Clock enable controlled CDC structure detected"
"521","153","CDC-15#425","CDC-15","Warning","nvp_vclk1","userclk1","No Common Primary Clock","0","Max Delay Datapath Only","CAPTURE_SUBSYSTEM/MAILBOX/status_hold_nvp_reg[151]/C","CAPTURE_SUBSYSTEM/MAILBOX/status_bus_pcie_reg[151]/D","Clock enable controlled CDC structure detected"
"522","154","CDC-15#426","CDC-15","Warning","nvp_vclk1","userclk1","No Common Primary Clock","0","Max Delay Datapath Only","CAPTURE_SUBSYSTEM/MAILBOX/status_hold_nvp_reg[152]/C","CAPTURE_SUBSYSTEM/MAILBOX/status_bus_pcie_reg[152]/D","Clock enable controlled CDC structure detected"
"523","155","CDC-15#427","CDC-15","Warning","nvp_vclk1","userclk1","No Common Primary Clock","0","Max Delay Datapath Only","CAPTURE_SUBSYSTEM/MAILBOX/status_hold_nvp_reg[153]/C","CAPTURE_SUBSYSTEM/MAILBOX/status_bus_pcie_reg[153]/D","Clock enable controlled CDC structure detected"
"524","156","CDC-15#428","CDC-15","Warning","nvp_vclk1","userclk1","No Common Primary Clock","0","Max Delay Datapath Only","CAPTURE_SUBSYSTEM/MAILBOX/status_hold_nvp_reg[154]/C","CAPTURE_SUBSYSTEM/MAILBOX/status_bus_pcie_reg[154]/D","Clock enable controlled CDC structure detected"
"525","157","CDC-15#429","CDC-15","Warning","nvp_vclk1","userclk1","No Common Primary Clock","0","Max Delay Datapath Only","CAPTURE_SUBSYSTEM/MAILBOX/status_hold_nvp_reg[155]/C","CAPTURE_SUBSYSTEM/MAILBOX/status_bus_pcie_reg[155]/D","Clock enable controlled CDC structure detected"
"526","158","CDC-15#430","CDC-15","Warning","nvp_vclk1","userclk1","No Common Primary Clock","0","Max Delay Datapath Only","CAPTURE_SUBSYSTEM/MAILBOX/status_hold_nvp_reg[156]/C","CAPTURE_SUBSYSTEM/MAILBOX/status_bus_pcie_reg[156]/D","Clock enable controlled CDC structure detected"
"527","159","CDC-15#431","CDC-15","Warning","nvp_vclk1","userclk1","No Common Primary Clock","0","Max Delay Datapath Only","CAPTURE_SUBSYSTEM/MAILBOX/status_hold_nvp_reg[157]/C","CAPTURE_SUBSYSTEM/MAILBOX/status_bus_pcie_reg[157]/D","Clock enable controlled CDC structure detected"
"528","160","CDC-15#432","CDC-15","Warning","nvp_vclk1","userclk1","No Common Primary Clock","0","Max Delay Datapath Only","CAPTURE_SUBSYSTEM/MAILBOX/status_hold_nvp_reg[158]/C","CAPTURE_SUBSYSTEM/MAILBOX/status_bus_pcie_reg[158]/D","Clock enable controlled CDC structure detected"
"529","161","CDC-15#433","CDC-15","Warning","nvp_vclk1","userclk1","No Common Primary Clock","0","Max Delay Datapath Only","CAPTURE_SUBSYSTEM/MAILBOX/status_hold_nvp_reg[159]/C","CAPTURE_SUBSYSTEM/MAILBOX/status_bus_pcie_reg[159]/D","Clock enable controlled CDC structure detected"
"530","162","CDC-15#434","CDC-15","Warning","nvp_vclk1","userclk1","No Common Primary Clock","0","Max Delay Datapath Only","CAPTURE_SUBSYSTEM/MAILBOX/status_hold_nvp_reg[160]/C","CAPTURE_SUBSYSTEM/MAILBOX/status_bus_pcie_reg[160]/D","Clock enable controlled CDC structure detected"
"531","163","CDC-15#435","CDC-15","Warning","nvp_vclk1","userclk1","No Common Primary Clock","0","Max Delay Datapath Only","CAPTURE_SUBSYSTEM/MAILBOX/status_hold_nvp_reg[161]/C","CAPTURE_SUBSYSTEM/MAILBOX/status_bus_pcie_reg[161]/D","Clock enable controlled CDC structure detected"
"532","164","CDC-15#436","CDC-15","Warning","nvp_vclk1","userclk1","No Common Primary Clock","0","Max Delay Datapath Only","CAPTURE_SUBSYSTEM/MAILBOX/status_hold_nvp_reg[162]/C","CAPTURE_SUBSYSTEM/MAILBOX/status_bus_pcie_reg[162]/D","Clock enable controlled CDC structure detected"
"533","165","CDC-15#437","CDC-15","Warning","nvp_vclk1","userclk1","No Common Primary Clock","0","Max Delay Datapath Only","CAPTURE_SUBSYSTEM/MAILBOX/status_hold_nvp_reg[163]/C","CAPTURE_SUBSYSTEM/MAILBOX/status_bus_pcie_reg[163]/D","Clock enable controlled CDC structure detected"
"534","166","CDC-15#438","CDC-15","Warning","nvp_vclk1","userclk1","No Common Primary Clock","0","Max Delay Datapath Only","CAPTURE_SUBSYSTEM/MAILBOX/status_hold_nvp_reg[164]/C","CAPTURE_SUBSYSTEM/MAILBOX/status_bus_pcie_reg[164]/D","Clock enable controlled CDC structure detected"
"535","167","CDC-15#439","CDC-15","Warning","nvp_vclk1","userclk1","No Common Primary Clock","0","Max Delay Datapath Only","CAPTURE_SUBSYSTEM/MAILBOX/status_hold_nvp_reg[165]/C","CAPTURE_SUBSYSTEM/MAILBOX/status_bus_pcie_reg[165]/D","Clock enable controlled CDC structure detected"
"536","168","CDC-15#440","CDC-15","Warning","nvp_vclk1","userclk1","No Common Primary Clock","0","Max Delay Datapath Only","CAPTURE_SUBSYSTEM/MAILBOX/status_hold_nvp_reg[166]/C","CAPTURE_SUBSYSTEM/MAILBOX/status_bus_pcie_reg[166]/D","Clock enable controlled CDC structure detected"
"537","169","CDC-15#441","CDC-15","Warning","nvp_vclk1","userclk1","No Common Primary Clock","0","Max Delay Datapath Only","CAPTURE_SUBSYSTEM/MAILBOX/status_hold_nvp_reg[167]/C","CAPTURE_SUBSYSTEM/MAILBOX/status_bus_pcie_reg[167]/D","Clock enable controlled CDC structure detected"
"538","170","CDC-15#442","CDC-15","Warning","nvp_vclk1","userclk1","No Common Primary Clock","0","Max Delay Datapath Only","CAPTURE_SUBSYSTEM/MAILBOX/status_hold_nvp_reg[168]/C","CAPTURE_SUBSYSTEM/MAILBOX/status_bus_pcie_reg[168]/D","Clock enable controlled CDC structure detected"
"539","171","CDC-15#443","CDC-15","Warning","nvp_vclk1","userclk1","No Common Primary Clock","0","Max Delay Datapath Only","CAPTURE_SUBSYSTEM/MAILBOX/status_hold_nvp_reg[169]/C","CAPTURE_SUBSYSTEM/MAILBOX/status_bus_pcie_reg[169]/D","Clock enable controlled CDC structure detected"
"540","172","CDC-15#444","CDC-15","Warning","nvp_vclk1","userclk1","No Common Primary Clock","0","Max Delay Datapath Only","CAPTURE_SUBSYSTEM/MAILBOX/status_hold_nvp_reg[170]/C","CAPTURE_SUBSYSTEM/MAILBOX/status_bus_pcie_reg[170]/D","Clock enable controlled CDC structure detected"
"541","173","CDC-15#445","CDC-15","Warning","nvp_vclk1","userclk1","No Common Primary Clock","0","Max Delay Datapath Only","CAPTURE_SUBSYSTEM/MAILBOX/status_hold_nvp_reg[171]/C","CAPTURE_SUBSYSTEM/MAILBOX/status_bus_pcie_reg[171]/D","Clock enable controlled CDC structure detected"
"542","174","CDC-15#446","CDC-15","Warning","nvp_vclk1","userclk1","No Common Primary Clock","0","Max Delay Datapath Only","CAPTURE_SUBSYSTEM/MAILBOX/status_hold_nvp_reg[172]/C","CAPTURE_SUBSYSTEM/MAILBOX/status_bus_pcie_reg[172]/D","Clock enable controlled CDC structure detected"
"543","175","CDC-15#447","CDC-15","Warning","nvp_vclk1","userclk1","No Common Primary Clock","0","Max Delay Datapath Only","CAPTURE_SUBSYSTEM/MAILBOX/status_hold_nvp_reg[173]/C","CAPTURE_SUBSYSTEM/MAILBOX/status_bus_pcie_reg[173]/D","Clock enable controlled CDC structure detected"
"544","176","CDC-15#448","CDC-15","Warning","nvp_vclk1","userclk1","No Common Primary Clock","0","Max Delay Datapath Only","CAPTURE_SUBSYSTEM/MAILBOX/status_hold_nvp_reg[174]/C","CAPTURE_SUBSYSTEM/MAILBOX/status_bus_pcie_reg[174]/D","Clock enable controlled CDC structure detected"
"545","177","CDC-15#449","CDC-15","Warning","nvp_vclk1","userclk1","No Common Primary Clock","0","Max Delay Datapath Only","CAPTURE_SUBSYSTEM/MAILBOX/status_hold_nvp_reg[175]/C","CAPTURE_SUBSYSTEM/MAILBOX/status_bus_pcie_reg[175]/D","Clock enable controlled CDC structure detected"
"546","178","CDC-15#450","CDC-15","Warning","nvp_vclk1","userclk1","No Common Primary Clock","0","Max Delay Datapath Only","CAPTURE_SUBSYSTEM/MAILBOX/status_hold_nvp_reg[176]/C","CAPTURE_SUBSYSTEM/MAILBOX/status_bus_pcie_reg[176]/D","Clock enable controlled CDC structure detected"
"547","179","CDC-15#451","CDC-15","Warning","nvp_vclk1","userclk1","No Common Primary Clock","0","Max Delay Datapath Only","CAPTURE_SUBSYSTEM/MAILBOX/status_hold_nvp_reg[177]/C","CAPTURE_SUBSYSTEM/MAILBOX/status_bus_pcie_reg[177]/D","Clock enable controlled CDC structure detected"
"548","180","CDC-15#452","CDC-15","Warning","nvp_vclk1","userclk1","No Common Primary Clock","0","Max Delay Datapath Only","CAPTURE_SUBSYSTEM/MAILBOX/status_hold_nvp_reg[178]/C","CAPTURE_SUBSYSTEM/MAILBOX/status_bus_pcie_reg[178]/D","Clock enable controlled CDC structure detected"
"549","181","CDC-15#453","CDC-15","Warning","nvp_vclk1","userclk1","No Common Primary Clock","0","Max Delay Datapath Only","CAPTURE_SUBSYSTEM/MAILBOX/status_hold_nvp_reg[179]/C","CAPTURE_SUBSYSTEM/MAILBOX/status_bus_pcie_reg[179]/D","Clock enable controlled CDC structure detected"
"550","182","CDC-15#454","CDC-15","Warning","nvp_vclk1","userclk1","No Common Primary Clock","0","Max Delay Datapath Only","CAPTURE_SUBSYSTEM/MAILBOX/status_hold_nvp_reg[180]/C","CAPTURE_SUBSYSTEM/MAILBOX/status_bus_pcie_reg[180]/D","Clock enable controlled CDC structure detected"
"551","183","CDC-15#455","CDC-15","Warning","nvp_vclk1","userclk1","No Common Primary Clock","0","Max Delay Datapath Only","CAPTURE_SUBSYSTEM/MAILBOX/status_hold_nvp_reg[181]/C","CAPTURE_SUBSYSTEM/MAILBOX/status_bus_pcie_reg[181]/D","Clock enable controlled CDC structure detected"
"552","184","CDC-15#456","CDC-15","Warning","nvp_vclk1","userclk1","No Common Primary Clock","0","Max Delay Datapath Only","CAPTURE_SUBSYSTEM/MAILBOX/status_hold_nvp_reg[182]/C","CAPTURE_SUBSYSTEM/MAILBOX/status_bus_pcie_reg[182]/D","Clock enable controlled CDC structure detected"
"553","185","CDC-15#457","CDC-15","Warning","nvp_vclk1","userclk1","No Common Primary Clock","0","Max Delay Datapath Only","CAPTURE_SUBSYSTEM/MAILBOX/status_hold_nvp_reg[183]/C","CAPTURE_SUBSYSTEM/MAILBOX/status_bus_pcie_reg[183]/D","Clock enable controlled CDC structure detected"
"554","186","CDC-15#458","CDC-15","Warning","nvp_vclk1","userclk1","No Common Primary Clock","0","Max Delay Datapath Only","CAPTURE_SUBSYSTEM/MAILBOX/status_hold_nvp_reg[184]/C","CAPTURE_SUBSYSTEM/MAILBOX/status_bus_pcie_reg[184]/D","Clock enable controlled CDC structure detected"
"555","187","CDC-15#459","CDC-15","Warning","nvp_vclk1","userclk1","No Common Primary Clock","0","Max Delay Datapath Only","CAPTURE_SUBSYSTEM/MAILBOX/status_hold_nvp_reg[185]/C","CAPTURE_SUBSYSTEM/MAILBOX/status_bus_pcie_reg[185]/D","Clock enable controlled CDC structure detected"
"556","188","CDC-15#460","CDC-15","Warning","nvp_vclk1","userclk1","No Common Primary Clock","0","Max Delay Datapath Only","CAPTURE_SUBSYSTEM/MAILBOX/status_hold_nvp_reg[186]/C","CAPTURE_SUBSYSTEM/MAILBOX/status_bus_pcie_reg[186]/D","Clock enable controlled CDC structure detected"
"557","189","CDC-15#461","CDC-15","Warning","nvp_vclk1","userclk1","No Common Primary Clock","0","Max Delay Datapath Only","CAPTURE_SUBSYSTEM/MAILBOX/status_hold_nvp_reg[187]/C","CAPTURE_SUBSYSTEM/MAILBOX/status_bus_pcie_reg[187]/D","Clock enable controlled CDC structure detected"
"558","190","CDC-15#462","CDC-15","Warning","nvp_vclk1","userclk1","No Common Primary Clock","0","Max Delay Datapath Only","CAPTURE_SUBSYSTEM/MAILBOX/status_hold_nvp_reg[188]/C","CAPTURE_SUBSYSTEM/MAILBOX/status_bus_pcie_reg[188]/D","Clock enable controlled CDC structure detected"
"559","191","CDC-15#463","CDC-15","Warning","nvp_vclk1","userclk1","No Common Primary Clock","0","Max Delay Datapath Only","CAPTURE_SUBSYSTEM/MAILBOX/status_hold_nvp_reg[189]/C","CAPTURE_SUBSYSTEM/MAILBOX/status_bus_pcie_reg[189]/D","Clock enable controlled CDC structure detected"
"560","192","CDC-15#464","CDC-15","Warning","nvp_vclk1","userclk1","No Common Primary Clock","0","Max Delay Datapath Only","CAPTURE_SUBSYSTEM/MAILBOX/status_hold_nvp_reg[190]/C","CAPTURE_SUBSYSTEM/MAILBOX/status_bus_pcie_reg[190]/D","Clock enable controlled CDC structure detected"
"561","193","CDC-15#465","CDC-15","Warning","nvp_vclk1","userclk1","No Common Primary Clock","0","Max Delay Datapath Only","CAPTURE_SUBSYSTEM/MAILBOX/status_hold_nvp_reg[191]/C","CAPTURE_SUBSYSTEM/MAILBOX/status_bus_pcie_reg[191]/D","Clock enable controlled CDC structure detected"
"562","194","CDC-15#466","CDC-15","Warning","nvp_vclk1","userclk1","No Common Primary Clock","0","Max Delay Datapath Only","CAPTURE_SUBSYSTEM/MAILBOX/status_hold_nvp_reg[192]/C","CAPTURE_SUBSYSTEM/MAILBOX/status_bus_pcie_reg[192]/D","Clock enable controlled CDC structure detected"
"563","195","CDC-15#467","CDC-15","Warning","nvp_vclk1","userclk1","No Common Primary Clock","0","Max Delay Datapath Only","CAPTURE_SUBSYSTEM/MAILBOX/status_hold_nvp_reg[193]/C","CAPTURE_SUBSYSTEM/MAILBOX/status_bus_pcie_reg[193]/D","Clock enable controlled CDC structure detected"
"564","196","CDC-15#468","CDC-15","Warning","nvp_vclk1","userclk1","No Common Primary Clock","0","Max Delay Datapath Only","CAPTURE_SUBSYSTEM/MAILBOX/status_hold_nvp_reg[194]/C","CAPTURE_SUBSYSTEM/MAILBOX/status_bus_pcie_reg[194]/D","Clock enable controlled CDC structure detected"
"565","197","CDC-15#469","CDC-15","Warning","nvp_vclk1","userclk1","No Common Primary Clock","0","Max Delay Datapath Only","CAPTURE_SUBSYSTEM/MAILBOX/status_hold_nvp_reg[195]/C","CAPTURE_SUBSYSTEM/MAILBOX/status_bus_pcie_reg[195]/D","Clock enable controlled CDC structure detected"
"566","198","CDC-15#470","CDC-15","Warning","nvp_vclk1","userclk1","No Common Primary Clock","0","Max Delay Datapath Only","CAPTURE_SUBSYSTEM/MAILBOX/status_hold_nvp_reg[196]/C","CAPTURE_SUBSYSTEM/MAILBOX/status_bus_pcie_reg[196]/D","Clock enable controlled CDC structure detected"
"567","199","CDC-15#471","CDC-15","Warning","nvp_vclk1","userclk1","No Common Primary Clock","0","Max Delay Datapath Only","CAPTURE_SUBSYSTEM/MAILBOX/status_hold_nvp_reg[197]/C","CAPTURE_SUBSYSTEM/MAILBOX/status_bus_pcie_reg[197]/D","Clock enable controlled CDC structure detected"
"568","200","CDC-15#472","CDC-15","Warning","nvp_vclk1","userclk1","No Common Primary Clock","0","Max Delay Datapath Only","CAPTURE_SUBSYSTEM/MAILBOX/status_hold_nvp_reg[198]/C","CAPTURE_SUBSYSTEM/MAILBOX/status_bus_pcie_reg[198]/D","Clock enable controlled CDC structure detected"
"569","201","CDC-15#473","CDC-15","Warning","nvp_vclk1","userclk1","No Common Primary Clock","0","Max Delay Datapath Only","CAPTURE_SUBSYSTEM/MAILBOX/status_hold_nvp_reg[199]/C","CAPTURE_SUBSYSTEM/MAILBOX/status_bus_pcie_reg[199]/D","Clock enable controlled CDC structure detected"
"570","202","CDC-15#474","CDC-15","Warning","nvp_vclk1","userclk1","No Common Primary Clock","0","Max Delay Datapath Only","CAPTURE_SUBSYSTEM/MAILBOX/status_hold_nvp_reg[200]/C","CAPTURE_SUBSYSTEM/MAILBOX/status_bus_pcie_reg[200]/D","Clock enable controlled CDC structure detected"
"571","203","CDC-15#475","CDC-15","Warning","nvp_vclk1","userclk1","No Common Primary Clock","0","Max Delay Datapath Only","CAPTURE_SUBSYSTEM/MAILBOX/status_hold_nvp_reg[201]/C","CAPTURE_SUBSYSTEM/MAILBOX/status_bus_pcie_reg[201]/D","Clock enable controlled CDC structure detected"
"572","204","CDC-15#476","CDC-15","Warning","nvp_vclk1","userclk1","No Common Primary Clock","0","Max Delay Datapath Only","CAPTURE_SUBSYSTEM/MAILBOX/status_hold_nvp_reg[202]/C","CAPTURE_SUBSYSTEM/MAILBOX/status_bus_pcie_reg[202]/D","Clock enable controlled CDC structure detected"
"573","205","CDC-15#477","CDC-15","Warning","nvp_vclk1","userclk1","No Common Primary Clock","0","Max Delay Datapath Only","CAPTURE_SUBSYSTEM/MAILBOX/status_hold_nvp_reg[203]/C","CAPTURE_SUBSYSTEM/MAILBOX/status_bus_pcie_reg[203]/D","Clock enable controlled CDC structure detected"
"574","206","CDC-15#478","CDC-15","Warning","nvp_vclk1","userclk1","No Common Primary Clock","0","Max Delay Datapath Only","CAPTURE_SUBSYSTEM/MAILBOX/status_hold_nvp_reg[204]/C","CAPTURE_SUBSYSTEM/MAILBOX/status_bus_pcie_reg[204]/D","Clock enable controlled CDC structure detected"
"575","207","CDC-15#479","CDC-15","Warning","nvp_vclk1","userclk1","No Common Primary Clock","0","Max Delay Datapath Only","CAPTURE_SUBSYSTEM/MAILBOX/status_hold_nvp_reg[205]/C","CAPTURE_SUBSYSTEM/MAILBOX/status_bus_pcie_reg[205]/D","Clock enable controlled CDC structure detected"
"576","208","CDC-15#480","CDC-15","Warning","nvp_vclk1","userclk1","No Common Primary Clock","0","Max Delay Datapath Only","CAPTURE_SUBSYSTEM/MAILBOX/status_hold_nvp_reg[206]/C","CAPTURE_SUBSYSTEM/MAILBOX/status_bus_pcie_reg[206]/D","Clock enable controlled CDC structure detected"
"577","209","CDC-15#481","CDC-15","Warning","nvp_vclk1","userclk1","No Common Primary Clock","0","Max Delay Datapath Only","CAPTURE_SUBSYSTEM/MAILBOX/status_hold_nvp_reg[207]/C","CAPTURE_SUBSYSTEM/MAILBOX/status_bus_pcie_reg[207]/D","Clock enable controlled CDC structure detected"
"578","210","CDC-15#482","CDC-15","Warning","nvp_vclk1","userclk1","No Common Primary Clock","0","Max Delay Datapath Only","CAPTURE_SUBSYSTEM/MAILBOX/status_hold_nvp_reg[208]/C","CAPTURE_SUBSYSTEM/MAILBOX/status_bus_pcie_reg[208]/D","Clock enable controlled CDC structure detected"
"579","211","CDC-15#483","CDC-15","Warning","nvp_vclk1","userclk1","No Common Primary Clock","0","Max Delay Datapath Only","CAPTURE_SUBSYSTEM/MAILBOX/status_hold_nvp_reg[209]/C","CAPTURE_SUBSYSTEM/MAILBOX/status_bus_pcie_reg[209]/D","Clock enable controlled CDC structure detected"
"580","212","CDC-15#484","CDC-15","Warning","nvp_vclk1","userclk1","No Common Primary Clock","0","Max Delay Datapath Only","CAPTURE_SUBSYSTEM/MAILBOX/status_hold_nvp_reg[210]/C","CAPTURE_SUBSYSTEM/MAILBOX/status_bus_pcie_reg[210]/D","Clock enable controlled CDC structure detected"
"581","213","CDC-15#485","CDC-15","Warning","nvp_vclk1","userclk1","No Common Primary Clock","0","Max Delay Datapath Only","CAPTURE_SUBSYSTEM/MAILBOX/status_hold_nvp_reg[211]/C","CAPTURE_SUBSYSTEM/MAILBOX/status_bus_pcie_reg[211]/D","Clock enable controlled CDC structure detected"
"582","214","CDC-15#486","CDC-15","Warning","nvp_vclk1","userclk1","No Common Primary Clock","0","Max Delay Datapath Only","CAPTURE_SUBSYSTEM/MAILBOX/status_hold_nvp_reg[212]/C","CAPTURE_SUBSYSTEM/MAILBOX/status_bus_pcie_reg[212]/D","Clock enable controlled CDC structure detected"
"583","215","CDC-15#487","CDC-15","Warning","nvp_vclk1","userclk1","No Common Primary Clock","0","Max Delay Datapath Only","CAPTURE_SUBSYSTEM/MAILBOX/status_hold_nvp_reg[213]/C","CAPTURE_SUBSYSTEM/MAILBOX/status_bus_pcie_reg[213]/D","Clock enable controlled CDC structure detected"
"584","216","CDC-15#488","CDC-15","Warning","nvp_vclk1","userclk1","No Common Primary Clock","0","Max Delay Datapath Only","CAPTURE_SUBSYSTEM/MAILBOX/status_hold_nvp_reg[214]/C","CAPTURE_SUBSYSTEM/MAILBOX/status_bus_pcie_reg[214]/D","Clock enable controlled CDC structure detected"
"585","217","CDC-15#489","CDC-15","Warning","nvp_vclk1","userclk1","No Common Primary Clock","0","Max Delay Datapath Only","CAPTURE_SUBSYSTEM/MAILBOX/status_hold_nvp_reg[215]/C","CAPTURE_SUBSYSTEM/MAILBOX/status_bus_pcie_reg[215]/D","Clock enable controlled CDC structure detected"
"586","218","CDC-15#490","CDC-15","Warning","nvp_vclk1","userclk1","No Common Primary Clock","0","Max Delay Datapath Only","CAPTURE_SUBSYSTEM/MAILBOX/status_hold_nvp_reg[216]/C","CAPTURE_SUBSYSTEM/MAILBOX/status_bus_pcie_reg[216]/D","Clock enable controlled CDC structure detected"
"587","219","CDC-15#491","CDC-15","Warning","nvp_vclk1","userclk1","No Common Primary Clock","0","Max Delay Datapath Only","CAPTURE_SUBSYSTEM/MAILBOX/status_hold_nvp_reg[217]/C","CAPTURE_SUBSYSTEM/MAILBOX/status_bus_pcie_reg[217]/D","Clock enable controlled CDC structure detected"
"588","220","CDC-15#492","CDC-15","Warning","nvp_vclk1","userclk1","No Common Primary Clock","0","Max Delay Datapath Only","CAPTURE_SUBSYSTEM/MAILBOX/status_hold_nvp_reg[218]/C","CAPTURE_SUBSYSTEM/MAILBOX/status_bus_pcie_reg[218]/D","Clock enable controlled CDC structure detected"
"589","221","CDC-15#493","CDC-15","Warning","nvp_vclk1","userclk1","No Common Primary Clock","0","Max Delay Datapath Only","CAPTURE_SUBSYSTEM/MAILBOX/status_hold_nvp_reg[219]/C","CAPTURE_SUBSYSTEM/MAILBOX/status_bus_pcie_reg[219]/D","Clock enable controlled CDC structure detected"
"590","222","CDC-15#494","CDC-15","Warning","nvp_vclk1","userclk1","No Common Primary Clock","0","Max Delay Datapath Only","CAPTURE_SUBSYSTEM/MAILBOX/status_hold_nvp_reg[220]/C","CAPTURE_SUBSYSTEM/MAILBOX/status_bus_pcie_reg[220]/D","Clock enable controlled CDC structure detected"
"591","223","CDC-15#495","CDC-15","Warning","nvp_vclk1","userclk1","No Common Primary Clock","0","Max Delay Datapath Only","CAPTURE_SUBSYSTEM/MAILBOX/status_hold_nvp_reg[221]/C","CAPTURE_SUBSYSTEM/MAILBOX/status_bus_pcie_reg[221]/D","Clock enable controlled CDC structure detected"
"592","224","CDC-15#496","CDC-15","Warning","nvp_vclk1","userclk1","No Common Primary Clock","0","Max Delay Datapath Only","CAPTURE_SUBSYSTEM/MAILBOX/status_hold_nvp_reg[222]/C","CAPTURE_SUBSYSTEM/MAILBOX/status_bus_pcie_reg[222]/D","Clock enable controlled CDC structure detected"
"593","225","CDC-15#497","CDC-15","Warning","nvp_vclk1","userclk1","No Common Primary Clock","0","Max Delay Datapath Only","CAPTURE_SUBSYSTEM/MAILBOX/status_hold_nvp_reg[223]/C","CAPTURE_SUBSYSTEM/MAILBOX/status_bus_pcie_reg[223]/D","Clock enable controlled CDC structure detected"
"594","226","CDC-15#498","CDC-15","Warning","nvp_vclk1","userclk1","No Common Primary Clock","0","Max Delay Datapath Only","CAPTURE_SUBSYSTEM/MAILBOX/status_hold_nvp_reg[224]/C","CAPTURE_SUBSYSTEM/MAILBOX/status_bus_pcie_reg[224]/D","Clock enable controlled CDC structure detected"
"595","227","CDC-15#499","CDC-15","Warning","nvp_vclk1","userclk1","No Common Primary Clock","0","Max Delay Datapath Only","CAPTURE_SUBSYSTEM/MAILBOX/status_hold_nvp_reg[225]/C","CAPTURE_SUBSYSTEM/MAILBOX/status_bus_pcie_reg[225]/D","Clock enable controlled CDC structure detected"
"596","228","CDC-15#500","CDC-15","Warning","nvp_vclk1","userclk1","No Common Primary Clock","0","Max Delay Datapath Only","CAPTURE_SUBSYSTEM/MAILBOX/status_hold_nvp_reg[226]/C","CAPTURE_SUBSYSTEM/MAILBOX/status_bus_pcie_reg[226]/D","Clock enable controlled CDC structure detected"
"597","229","CDC-15#501","CDC-15","Warning","nvp_vclk1","userclk1","No Common Primary Clock","0","Max Delay Datapath Only","CAPTURE_SUBSYSTEM/MAILBOX/status_hold_nvp_reg[227]/C","CAPTURE_SUBSYSTEM/MAILBOX/status_bus_pcie_reg[227]/D","Clock enable controlled CDC structure detected"
"598","230","CDC-15#502","CDC-15","Warning","nvp_vclk1","userclk1","No Common Primary Clock","0","Max Delay Datapath Only","CAPTURE_SUBSYSTEM/MAILBOX/status_hold_nvp_reg[228]/C","CAPTURE_SUBSYSTEM/MAILBOX/status_bus_pcie_reg[228]/D","Clock enable controlled CDC structure detected"
"599","231","CDC-15#503","CDC-15","Warning","nvp_vclk1","userclk1","No Common Primary Clock","0","Max Delay Datapath Only","CAPTURE_SUBSYSTEM/MAILBOX/status_hold_nvp_reg[229]/C","CAPTURE_SUBSYSTEM/MAILBOX/status_bus_pcie_reg[229]/D","Clock enable controlled CDC structure detected"
"600","232","CDC-15#504","CDC-15","Warning","nvp_vclk1","userclk1","No Common Primary Clock","0","Max Delay Datapath Only","CAPTURE_SUBSYSTEM/MAILBOX/status_hold_nvp_reg[230]/C","CAPTURE_SUBSYSTEM/MAILBOX/status_bus_pcie_reg[230]/D","Clock enable controlled CDC structure detected"
"601","233","CDC-15#505","CDC-15","Warning","nvp_vclk1","userclk1","No Common Primary Clock","0","Max Delay Datapath Only","CAPTURE_SUBSYSTEM/MAILBOX/status_hold_nvp_reg[231]/C","CAPTURE_SUBSYSTEM/MAILBOX/status_bus_pcie_reg[231]/D","Clock enable controlled CDC structure detected"
"602","234","CDC-15#506","CDC-15","Warning","nvp_vclk1","userclk1","No Common Primary Clock","0","Max Delay Datapath Only","CAPTURE_SUBSYSTEM/MAILBOX/status_hold_nvp_reg[232]/C","CAPTURE_SUBSYSTEM/MAILBOX/status_bus_pcie_reg[232]/D","Clock enable controlled CDC structure detected"
"603","235","CDC-15#507","CDC-15","Warning","nvp_vclk1","userclk1","No Common Primary Clock","0","Max Delay Datapath Only","CAPTURE_SUBSYSTEM/MAILBOX/status_hold_nvp_reg[233]/C","CAPTURE_SUBSYSTEM/MAILBOX/status_bus_pcie_reg[233]/D","Clock enable controlled CDC structure detected"
"604","236","CDC-15#508","CDC-15","Warning","nvp_vclk1","userclk1","No Common Primary Clock","0","Max Delay Datapath Only","CAPTURE_SUBSYSTEM/MAILBOX/status_hold_nvp_reg[234]/C","CAPTURE_SUBSYSTEM/MAILBOX/status_bus_pcie_reg[234]/D","Clock enable controlled CDC structure detected"
"605","237","CDC-15#509","CDC-15","Warning","nvp_vclk1","userclk1","No Common Primary Clock","0","Max Delay Datapath Only","CAPTURE_SUBSYSTEM/MAILBOX/status_hold_nvp_reg[235]/C","CAPTURE_SUBSYSTEM/MAILBOX/status_bus_pcie_reg[235]/D","Clock enable controlled CDC structure detected"
"606","238","CDC-15#510","CDC-15","Warning","nvp_vclk1","userclk1","No Common Primary Clock","0","Max Delay Datapath Only","CAPTURE_SUBSYSTEM/MAILBOX/status_hold_nvp_reg[236]/C","CAPTURE_SUBSYSTEM/MAILBOX/status_bus_pcie_reg[236]/D","Clock enable controlled CDC structure detected"
"607","239","CDC-15#511","CDC-15","Warning","nvp_vclk1","userclk1","No Common Primary Clock","0","Max Delay Datapath Only","CAPTURE_SUBSYSTEM/MAILBOX/status_hold_nvp_reg[237]/C","CAPTURE_SUBSYSTEM/MAILBOX/status_bus_pcie_reg[237]/D","Clock enable controlled CDC structure detected"
"608","240","CDC-15#512","CDC-15","Warning","nvp_vclk1","userclk1","No Common Primary Clock","0","Max Delay Datapath Only","CAPTURE_SUBSYSTEM/MAILBOX/status_hold_nvp_reg[238]/C","CAPTURE_SUBSYSTEM/MAILBOX/status_bus_pcie_reg[238]/D","Clock enable controlled CDC structure detected"
"609","241","CDC-15#513","CDC-15","Warning","nvp_vclk1","userclk1","No Common Primary Clock","0","Max Delay Datapath Only","CAPTURE_SUBSYSTEM/MAILBOX/status_hold_nvp_reg[239]/C","CAPTURE_SUBSYSTEM/MAILBOX/status_bus_pcie_reg[239]/D","Clock enable controlled CDC structure detected"
"610","242","CDC-15#514","CDC-15","Warning","nvp_vclk1","userclk1","No Common Primary Clock","0","Max Delay Datapath Only","CAPTURE_SUBSYSTEM/MAILBOX/status_hold_nvp_reg[240]/C","CAPTURE_SUBSYSTEM/MAILBOX/status_bus_pcie_reg[240]/D","Clock enable controlled CDC structure detected"
"611","243","CDC-15#515","CDC-15","Warning","nvp_vclk1","userclk1","No Common Primary Clock","0","Max Delay Datapath Only","CAPTURE_SUBSYSTEM/MAILBOX/status_hold_nvp_reg[241]/C","CAPTURE_SUBSYSTEM/MAILBOX/status_bus_pcie_reg[241]/D","Clock enable controlled CDC structure detected"
"612","244","CDC-15#516","CDC-15","Warning","nvp_vclk1","userclk1","No Common Primary Clock","0","Max Delay Datapath Only","CAPTURE_SUBSYSTEM/MAILBOX/status_hold_nvp_reg[242]/C","CAPTURE_SUBSYSTEM/MAILBOX/status_bus_pcie_reg[242]/D","Clock enable controlled CDC structure detected"
"613","245","CDC-15#517","CDC-15","Warning","nvp_vclk1","userclk1","No Common Primary Clock","0","Max Delay Datapath Only","CAPTURE_SUBSYSTEM/MAILBOX/status_hold_nvp_reg[243]/C","CAPTURE_SUBSYSTEM/MAILBOX/status_bus_pcie_reg[243]/D","Clock enable controlled CDC structure detected"
"614","246","CDC-15#518","CDC-15","Warning","nvp_vclk1","userclk1","No Common Primary Clock","0","Max Delay Datapath Only","CAPTURE_SUBSYSTEM/MAILBOX/status_hold_nvp_reg[244]/C","CAPTURE_SUBSYSTEM/MAILBOX/status_bus_pcie_reg[244]/D","Clock enable controlled CDC structure detected"
"615","247","CDC-15#519","CDC-15","Warning","nvp_vclk1","userclk1","No Common Primary Clock","0","Max Delay Datapath Only","CAPTURE_SUBSYSTEM/MAILBOX/status_hold_nvp_reg[245]/C","CAPTURE_SUBSYSTEM/MAILBOX/status_bus_pcie_reg[245]/D","Clock enable controlled CDC structure detected"
"616","248","CDC-15#520","CDC-15","Warning","nvp_vclk1","userclk1","No Common Primary Clock","0","Max Delay Datapath Only","CAPTURE_SUBSYSTEM/MAILBOX/status_hold_nvp_reg[246]/C","CAPTURE_SUBSYSTEM/MAILBOX/status_bus_pcie_reg[246]/D","Clock enable controlled CDC structure detected"
"617","249","CDC-15#521","CDC-15","Warning","nvp_vclk1","userclk1","No Common Primary Clock","0","Max Delay Datapath Only","CAPTURE_SUBSYSTEM/MAILBOX/status_hold_nvp_reg[247]/C","CAPTURE_SUBSYSTEM/MAILBOX/status_bus_pcie_reg[247]/D","Clock enable controlled CDC structure detected"
"618","250","CDC-15#522","CDC-15","Warning","nvp_vclk1","userclk1","No Common Primary Clock","0","Max Delay Datapath Only","CAPTURE_SUBSYSTEM/MAILBOX/status_hold_nvp_reg[248]/C","CAPTURE_SUBSYSTEM/MAILBOX/status_bus_pcie_reg[248]/D","Clock enable controlled CDC structure detected"
"619","251","CDC-15#523","CDC-15","Warning","nvp_vclk1","userclk1","No Common Primary Clock","0","Max Delay Datapath Only","CAPTURE_SUBSYSTEM/MAILBOX/status_hold_nvp_reg[249]/C","CAPTURE_SUBSYSTEM/MAILBOX/status_bus_pcie_reg[249]/D","Clock enable controlled CDC structure detected"
"620","252","CDC-15#524","CDC-15","Warning","nvp_vclk1","userclk1","No Common Primary Clock","0","Max Delay Datapath Only","CAPTURE_SUBSYSTEM/MAILBOX/status_hold_nvp_reg[250]/C","CAPTURE_SUBSYSTEM/MAILBOX/status_bus_pcie_reg[250]/D","Clock enable controlled CDC structure detected"
"621","253","CDC-15#525","CDC-15","Warning","nvp_vclk1","userclk1","No Common Primary Clock","0","Max Delay Datapath Only","CAPTURE_SUBSYSTEM/MAILBOX/status_hold_nvp_reg[251]/C","CAPTURE_SUBSYSTEM/MAILBOX/status_bus_pcie_reg[251]/D","Clock enable controlled CDC structure detected"
"622","254","CDC-15#526","CDC-15","Warning","nvp_vclk1","userclk1","No Common Primary Clock","0","Max Delay Datapath Only","CAPTURE_SUBSYSTEM/MAILBOX/status_hold_nvp_reg[252]/C","CAPTURE_SUBSYSTEM/MAILBOX/status_bus_pcie_reg[252]/D","Clock enable controlled CDC structure detected"
"623","255","CDC-15#527","CDC-15","Warning","nvp_vclk1","userclk1","No Common Primary Clock","0","Max Delay Datapath Only","CAPTURE_SUBSYSTEM/MAILBOX/status_hold_nvp_reg[253]/C","CAPTURE_SUBSYSTEM/MAILBOX/status_bus_pcie_reg[253]/D","Clock enable controlled CDC structure detected"
"624","256","CDC-15#528","CDC-15","Warning","nvp_vclk1","userclk1","No Common Primary Clock","0","Max Delay Datapath Only","CAPTURE_SUBSYSTEM/MAILBOX/status_hold_nvp_reg[254]/C","CAPTURE_SUBSYSTEM/MAILBOX/status_bus_pcie_reg[254]/D","Clock enable controlled CDC structure detected"
"625","257","CDC-15#529","CDC-15","Warning","nvp_vclk1","userclk1","No Common Primary Clock","0","Max Delay Datapath Only","CAPTURE_SUBSYSTEM/MAILBOX/status_hold_nvp_reg[255]/C","CAPTURE_SUBSYSTEM/MAILBOX/status_bus_pcie_reg[255]/D","Clock enable controlled CDC structure detected"
"626","258","CDC-15#530","CDC-15","Warning","nvp_vclk1","userclk1","No Common Primary Clock","0","Max Delay Datapath Only","CAPTURE_SUBSYSTEM/MAILBOX/status_hold_nvp_reg[256]/C","CAPTURE_SUBSYSTEM/MAILBOX/status_bus_pcie_reg[256]/D","Clock enable controlled CDC structure detected"
"627","259","CDC-15#531","CDC-15","Warning","nvp_vclk1","userclk1","No Common Primary Clock","0","Max Delay Datapath Only","CAPTURE_SUBSYSTEM/MAILBOX/status_hold_nvp_reg[257]/C","CAPTURE_SUBSYSTEM/MAILBOX/status_bus_pcie_reg[257]/D","Clock enable controlled CDC structure detected"
"628","260","CDC-15#532","CDC-15","Warning","nvp_vclk1","userclk1","No Common Primary Clock","0","Max Delay Datapath Only","CAPTURE_SUBSYSTEM/MAILBOX/status_hold_nvp_reg[258]/C","CAPTURE_SUBSYSTEM/MAILBOX/status_bus_pcie_reg[258]/D","Clock enable controlled CDC structure detected"
"629","261","CDC-15#533","CDC-15","Warning","nvp_vclk1","userclk1","No Common Primary Clock","0","Max Delay Datapath Only","CAPTURE_SUBSYSTEM/MAILBOX/status_hold_nvp_reg[259]/C","CAPTURE_SUBSYSTEM/MAILBOX/status_bus_pcie_reg[259]/D","Clock enable controlled CDC structure detected"
"630","262","CDC-15#534","CDC-15","Warning","nvp_vclk1","userclk1","No Common Primary Clock","0","Max Delay Datapath Only","CAPTURE_SUBSYSTEM/MAILBOX/status_hold_nvp_reg[292]/C","CAPTURE_SUBSYSTEM/MAILBOX/status_bus_pcie_reg[292]/D","Clock enable controlled CDC structure detected"
"631","263","CDC-15#535","CDC-15","Warning","nvp_vclk1","userclk1","No Common Primary Clock","0","Max Delay Datapath Only","CAPTURE_SUBSYSTEM/MAILBOX/status_hold_nvp_reg[293]/C","CAPTURE_SUBSYSTEM/MAILBOX/status_bus_pcie_reg[293]/D","Clock enable controlled CDC structure detected"
"632","264","CDC-15#536","CDC-15","Warning","nvp_vclk1","userclk1","No Common Primary Clock","0","Max Delay Datapath Only","CAPTURE_SUBSYSTEM/MAILBOX/status_hold_nvp_reg[294]/C","CAPTURE_SUBSYSTEM/MAILBOX/status_bus_pcie_reg[294]/D","Clock enable controlled CDC structure detected"
"633","265","CDC-15#537","CDC-15","Warning","nvp_vclk1","userclk1","No Common Primary Clock","0","Max Delay Datapath Only","CAPTURE_SUBSYSTEM/MAILBOX/status_hold_nvp_reg[295]/C","CAPTURE_SUBSYSTEM/MAILBOX/status_bus_pcie_reg[295]/D","Clock enable controlled CDC structure detected"
"634","266","CDC-15#538","CDC-15","Warning","nvp_vclk1","userclk1","No Common Primary Clock","0","Max Delay Datapath Only","CAPTURE_SUBSYSTEM/MAILBOX/status_hold_nvp_reg[296]/C","CAPTURE_SUBSYSTEM/MAILBOX/status_bus_pcie_reg[296]/D","Clock enable controlled CDC structure detected"
"635","267","CDC-15#539","CDC-15","Warning","nvp_vclk1","userclk1","No Common Primary Clock","0","Max Delay Datapath Only","CAPTURE_SUBSYSTEM/MAILBOX/status_hold_nvp_reg[297]/C","CAPTURE_SUBSYSTEM/MAILBOX/status_bus_pcie_reg[297]/D","Clock enable controlled CDC structure detected"
"636","268","CDC-15#540","CDC-15","Warning","nvp_vclk1","userclk1","No Common Primary Clock","0","Max Delay Datapath Only","CAPTURE_SUBSYSTEM/MAILBOX/status_hold_nvp_reg[298]/C","CAPTURE_SUBSYSTEM/MAILBOX/status_bus_pcie_reg[298]/D","Clock enable controlled CDC structure detected"
"637","269","CDC-15#541","CDC-15","Warning","nvp_vclk1","userclk1","No Common Primary Clock","0","Max Delay Datapath Only","CAPTURE_SUBSYSTEM/MAILBOX/status_hold_nvp_reg[299]/C","CAPTURE_SUBSYSTEM/MAILBOX/status_bus_pcie_reg[299]/D","Clock enable controlled CDC structure detected"
"638","270","CDC-15#542","CDC-15","Warning","nvp_vclk1","userclk1","No Common Primary Clock","0","Max Delay Datapath Only","CAPTURE_SUBSYSTEM/MAILBOX/status_hold_nvp_reg[300]/C","CAPTURE_SUBSYSTEM/MAILBOX/status_bus_pcie_reg[300]/D","Clock enable controlled CDC structure detected"
"639","271","CDC-15#543","CDC-15","Warning","nvp_vclk1","userclk1","No Common Primary Clock","0","Max Delay Datapath Only","CAPTURE_SUBSYSTEM/MAILBOX/status_hold_nvp_reg[301]/C","CAPTURE_SUBSYSTEM/MAILBOX/status_bus_pcie_reg[301]/D","Clock enable controlled CDC structure detected"
"640","272","CDC-15#544","CDC-15","Warning","nvp_vclk1","userclk1","No Common Primary Clock","0","Max Delay Datapath Only","CAPTURE_SUBSYSTEM/MAILBOX/status_hold_nvp_reg[302]/C","CAPTURE_SUBSYSTEM/MAILBOX/status_bus_pcie_reg[302]/D","Clock enable controlled CDC structure detected"
"641","273","CDC-15#545","CDC-15","Warning","nvp_vclk1","userclk1","No Common Primary Clock","0","Max Delay Datapath Only","CAPTURE_SUBSYSTEM/MAILBOX/status_hold_nvp_reg[303]/C","CAPTURE_SUBSYSTEM/MAILBOX/status_bus_pcie_reg[303]/D","Clock enable controlled CDC structure detected"
"642","274","CDC-15#546","CDC-15","Warning","nvp_vclk1","userclk1","No Common Primary Clock","0","Max Delay Datapath Only","CAPTURE_SUBSYSTEM/MAILBOX/status_hold_nvp_reg[304]/C","CAPTURE_SUBSYSTEM/MAILBOX/status_bus_pcie_reg[304]/D","Clock enable controlled CDC structure detected"
"643","275","CDC-15#547","CDC-15","Warning","nvp_vclk1","userclk1","No Common Primary Clock","0","Max Delay Datapath Only","CAPTURE_SUBSYSTEM/MAILBOX/status_hold_nvp_reg[305]/C","CAPTURE_SUBSYSTEM/MAILBOX/status_bus_pcie_reg[305]/D","Clock enable controlled CDC structure detected"
"644","276","CDC-15#548","CDC-15","Warning","nvp_vclk1","userclk1","No Common Primary Clock","0","Max Delay Datapath Only","CAPTURE_SUBSYSTEM/MAILBOX/status_hold_nvp_reg[306]/C","CAPTURE_SUBSYSTEM/MAILBOX/status_bus_pcie_reg[306]/D","Clock enable controlled CDC structure detected"
"645","277","CDC-15#549","CDC-15","Warning","nvp_vclk1","userclk1","No Common Primary Clock","0","Max Delay Datapath Only","CAPTURE_SUBSYSTEM/MAILBOX/status_hold_nvp_reg[307]/C","CAPTURE_SUBSYSTEM/MAILBOX/status_bus_pcie_reg[307]/D","Clock enable controlled CDC structure detected"
"646","278","CDC-15#550","CDC-15","Warning","nvp_vclk1","userclk1","No Common Primary Clock","0","Max Delay Datapath Only","CAPTURE_SUBSYSTEM/MAILBOX/status_hold_nvp_reg[308]/C","CAPTURE_SUBSYSTEM/MAILBOX/status_bus_pcie_reg[308]/D","Clock enable controlled CDC structure detected"
"647","279","CDC-15#551","CDC-15","Warning","nvp_vclk1","userclk1","No Common Primary Clock","0","Max Delay Datapath Only","CAPTURE_SUBSYSTEM/MAILBOX/status_hold_nvp_reg[309]/C","CAPTURE_SUBSYSTEM/MAILBOX/status_bus_pcie_reg[309]/D","Clock enable controlled CDC structure detected"
"648","280","CDC-15#552","CDC-15","Warning","nvp_vclk1","userclk1","No Common Primary Clock","0","Max Delay Datapath Only","CAPTURE_SUBSYSTEM/MAILBOX/status_hold_nvp_reg[310]/C","CAPTURE_SUBSYSTEM/MAILBOX/status_bus_pcie_reg[310]/D","Clock enable controlled CDC structure detected"
"649","281","CDC-15#553","CDC-15","Warning","nvp_vclk1","userclk1","No Common Primary Clock","0","Max Delay Datapath Only","CAPTURE_SUBSYSTEM/MAILBOX/status_hold_nvp_reg[311]/C","CAPTURE_SUBSYSTEM/MAILBOX/status_bus_pcie_reg[311]/D","Clock enable controlled CDC structure detected"
"650","282","CDC-15#554","CDC-15","Warning","nvp_vclk1","userclk1","No Common Primary Clock","0","Max Delay Datapath Only","CAPTURE_SUBSYSTEM/MAILBOX/status_hold_nvp_reg[312]/C","CAPTURE_SUBSYSTEM/MAILBOX/status_bus_pcie_reg[312]/D","Clock enable controlled CDC structure detected"
"651","283","CDC-15#555","CDC-15","Warning","nvp_vclk1","userclk1","No Common Primary Clock","0","Max Delay Datapath Only","CAPTURE_SUBSYSTEM/MAILBOX/status_hold_nvp_reg[313]/C","CAPTURE_SUBSYSTEM/MAILBOX/status_bus_pcie_reg[313]/D","Clock enable controlled CDC structure detected"
"652","284","CDC-15#556","CDC-15","Warning","nvp_vclk1","userclk1","No Common Primary Clock","0","Max Delay Datapath Only","CAPTURE_SUBSYSTEM/MAILBOX/status_hold_nvp_reg[314]/C","CAPTURE_SUBSYSTEM/MAILBOX/status_bus_pcie_reg[314]/D","Clock enable controlled CDC structure detected"
"653","285","CDC-15#557","CDC-15","Warning","nvp_vclk1","userclk1","No Common Primary Clock","0","Max Delay Datapath Only","CAPTURE_SUBSYSTEM/MAILBOX/status_hold_nvp_reg[315]/C","CAPTURE_SUBSYSTEM/MAILBOX/status_bus_pcie_reg[315]/D","Clock enable controlled CDC structure detected"
"654","286","CDC-15#558","CDC-15","Warning","nvp_vclk1","userclk1","No Common Primary Clock","0","Max Delay Datapath Only","CAPTURE_SUBSYSTEM/MAILBOX/status_hold_nvp_reg[316]/C","CAPTURE_SUBSYSTEM/MAILBOX/status_bus_pcie_reg[316]/D","Clock enable controlled CDC structure detected"
"655","287","CDC-15#559","CDC-15","Warning","nvp_vclk1","userclk1","No Common Primary Clock","0","Max Delay Datapath Only","CAPTURE_SUBSYSTEM/MAILBOX/status_hold_nvp_reg[317]/C","CAPTURE_SUBSYSTEM/MAILBOX/status_bus_pcie_reg[317]/D","Clock enable controlled CDC structure detected"
"656","288","CDC-15#560","CDC-15","Warning","nvp_vclk1","userclk1","No Common Primary Clock","0","Max Delay Datapath Only","CAPTURE_SUBSYSTEM/MAILBOX/status_hold_nvp_reg[318]/C","CAPTURE_SUBSYSTEM/MAILBOX/status_bus_pcie_reg[318]/D","Clock enable controlled CDC structure detected"
"657","289","CDC-15#561","CDC-15","Warning","nvp_vclk1","userclk1","No Common Primary Clock","0","Max Delay Datapath Only","CAPTURE_SUBSYSTEM/MAILBOX/status_hold_nvp_reg[319]/C","CAPTURE_SUBSYSTEM/MAILBOX/status_bus_pcie_reg[319]/D","Clock enable controlled CDC structure detected"
"658","290","CDC-15#562","CDC-15","Warning","nvp_vclk1","userclk1","No Common Primary Clock","0","Max Delay Datapath Only","CAPTURE_SUBSYSTEM/MAILBOX/status_hold_nvp_reg[320]/C","CAPTURE_SUBSYSTEM/MAILBOX/status_bus_pcie_reg[320]/D","Clock enable controlled CDC structure detected"
"659","291","CDC-15#563","CDC-15","Warning","nvp_vclk1","userclk1","No Common Primary Clock","0","Max Delay Datapath Only","CAPTURE_SUBSYSTEM/MAILBOX/status_hold_nvp_reg[321]/C","CAPTURE_SUBSYSTEM/MAILBOX/status_bus_pcie_reg[321]/D","Clock enable controlled CDC structure detected"
"660","292","CDC-15#564","CDC-15","Warning","nvp_vclk1","userclk1","No Common Primary Clock","0","Max Delay Datapath Only","CAPTURE_SUBSYSTEM/MAILBOX/status_hold_nvp_reg[322]/C","CAPTURE_SUBSYSTEM/MAILBOX/status_bus_pcie_reg[322]/D","Clock enable controlled CDC structure detected"
"661","293","CDC-15#565","CDC-15","Warning","nvp_vclk1","userclk1","No Common Primary Clock","0","Max Delay Datapath Only","CAPTURE_SUBSYSTEM/MAILBOX/status_hold_nvp_reg[323]/C","CAPTURE_SUBSYSTEM/MAILBOX/status_bus_pcie_reg[323]/D","Clock enable controlled CDC structure detected"
"663","295","CDC-6#4","CDC-6","Warning","nvp_vclk1","userclk1","No Common Primary Clock","2","Max Delay Datapath Only","CAPTURE_SUBSYSTEM/active_sav_gray_nvp_reg[31:0]/C","CAPTURE_SUBSYSTEM/active_sav_gray_sync1_pcie_reg[31:0]/D","Multi-bit synchronized with ASYNC_REG property"
"664","296","CDC-6#5","CDC-6","Warning","nvp_vclk1","userclk1","No Common Primary Clock","2","Max Delay Datapath Only","CAPTURE_SUBSYSTEM/slot_commit_gray_nvp_reg[31:0]/C","CAPTURE_SUBSYSTEM/slot_commit_gray_sync1_pcie_reg[31:0]/D","Multi-bit synchronized with ASYNC_REG property"
"666","298","CDC-15#566","CDC-15","Warning","nvp_vclk1","userclk1","No Common Primary Clock","0","Max Delay Datapath Only","G2B_ONECH_C2H/desc_attempt_source_reg_0_3_0_5/RAMA/CLK","G2B_ONECH_C2H/axis_attempt_reg[0]/D","Clock enable controlled CDC structure detected"
"667","299","CDC-15#567","CDC-15","Warning","nvp_vclk1","userclk1","No Common Primary Clock","0","Max Delay Datapath Only","G2B_ONECH_C2H/desc_attempt_source_reg_0_3_0_5/RAMA_D1/CLK","G2B_ONECH_C2H/axis_attempt_reg[1]/D","Clock enable controlled CDC structure detected"
"668","300","CDC-15#568","CDC-15","Warning","nvp_vclk1","userclk1","No Common Primary Clock","0","Max Delay Datapath Only","G2B_ONECH_C2H/desc_attempt_source_reg_0_3_0_5/RAMB/CLK","G2B_ONECH_C2H/axis_attempt_reg[2]/D","Clock enable controlled CDC structure detected"
"669","301","CDC-15#569","CDC-15","Warning","nvp_vclk1","userclk1","No Common Primary Clock","0","Max Delay Datapath Only","G2B_ONECH_C2H/desc_attempt_source_reg_0_3_0_5/RAMB_D1/CLK","G2B_ONECH_C2H/axis_attempt_reg[3]/D","Clock enable controlled CDC structure detected"
"670","302","CDC-15#570","CDC-15","Warning","nvp_vclk1","userclk1","No Common Primary Clock","0","Max Delay Datapath Only","G2B_ONECH_C2H/desc_attempt_source_reg_0_3_0_5/RAMC/CLK","G2B_ONECH_C2H/axis_attempt_reg[4]/D","Clock enable controlled CDC structure detected"
"671","303","CDC-15#571","CDC-15","Warning","nvp_vclk1","userclk1","No Common Primary Clock","0","Max Delay Datapath Only","G2B_ONECH_C2H/desc_attempt_source_reg_0_3_0_5/RAMC_D1/CLK","G2B_ONECH_C2H/axis_attempt_reg[5]/D","Clock enable controlled CDC structure detected"
"672","304","CDC-15#572","CDC-15","Warning","nvp_vclk1","userclk1","No Common Primary Clock","0","Max Delay Datapath Only","G2B_ONECH_C2H/desc_attempt_source_reg_0_3_6_11/RAMA/CLK","G2B_ONECH_C2H/axis_attempt_reg[6]/D","Clock enable controlled CDC structure detected"
"673","305","CDC-15#573","CDC-15","Warning","nvp_vclk1","userclk1","No Common Primary Clock","0","Max Delay Datapath Only","G2B_ONECH_C2H/desc_attempt_source_reg_0_3_6_11/RAMA_D1/CLK","G2B_ONECH_C2H/axis_attempt_reg[7]/D","Clock enable controlled CDC structure detected"
"674","306","CDC-15#574","CDC-15","Warning","nvp_vclk1","userclk1","No Common Primary Clock","0","Max Delay Datapath Only","G2B_ONECH_C2H/desc_attempt_source_reg_0_3_6_11/RAMB/CLK","G2B_ONECH_C2H/axis_attempt_reg[8]/D","Clock enable controlled CDC structure detected"
"675","307","CDC-15#575","CDC-15","Warning","nvp_vclk1","userclk1","No Common Primary Clock","0","Max Delay Datapath Only","G2B_ONECH_C2H/desc_attempt_source_reg_0_3_6_11/RAMB_D1/CLK","G2B_ONECH_C2H/axis_attempt_reg[9]/D","Clock enable controlled CDC structure detected"
"676","308","CDC-15#576","CDC-15","Warning","nvp_vclk1","userclk1","No Common Primary Clock","0","Max Delay Datapath Only","G2B_ONECH_C2H/desc_attempt_source_reg_0_3_6_11/RAMC/CLK","G2B_ONECH_C2H/axis_attempt_reg[10]/D","Clock enable controlled CDC structure detected"
"677","309","CDC-15#577","CDC-15","Warning","nvp_vclk1","userclk1","No Common Primary Clock","0","Max Delay Datapath Only","G2B_ONECH_C2H/desc_attempt_source_reg_0_3_6_11/RAMC_D1/CLK","G2B_ONECH_C2H/axis_attempt_reg[11]/D","Clock enable controlled CDC structure detected"
"678","310","CDC-15#578","CDC-15","Warning","nvp_vclk1","userclk1","No Common Primary Clock","0","Max Delay Datapath Only","G2B_ONECH_C2H/desc_attempt_source_reg_0_3_12_17/RAMA/CLK","G2B_ONECH_C2H/axis_attempt_reg[12]/D","Clock enable controlled CDC structure detected"
"679","311","CDC-15#579","CDC-15","Warning","nvp_vclk1","userclk1","No Common Primary Clock","0","Max Delay Datapath Only","G2B_ONECH_C2H/desc_attempt_source_reg_0_3_12_17/RAMA_D1/CLK","G2B_ONECH_C2H/axis_attempt_reg[13]/D","Clock enable controlled CDC structure detected"
"680","312","CDC-15#580","CDC-15","Warning","nvp_vclk1","userclk1","No Common Primary Clock","0","Max Delay Datapath Only","G2B_ONECH_C2H/desc_attempt_source_reg_0_3_12_17/RAMB/CLK","G2B_ONECH_C2H/axis_attempt_reg[14]/D","Clock enable controlled CDC structure detected"
"681","313","CDC-15#581","CDC-15","Warning","nvp_vclk1","userclk1","No Common Primary Clock","0","Max Delay Datapath Only","G2B_ONECH_C2H/desc_attempt_source_reg_0_3_12_17/RAMB_D1/CLK","G2B_ONECH_C2H/axis_attempt_reg[15]/D","Clock enable controlled CDC structure detected"
"682","314","CDC-15#582","CDC-15","Warning","nvp_vclk1","userclk1","No Common Primary Clock","0","Max Delay Datapath Only","G2B_ONECH_C2H/desc_attempt_source_reg_0_3_12_17/RAMC/CLK","G2B_ONECH_C2H/axis_attempt_reg[16]/D","Clock enable controlled CDC structure detected"
"683","315","CDC-15#583","CDC-15","Warning","nvp_vclk1","userclk1","No Common Primary Clock","0","Max Delay Datapath Only","G2B_ONECH_C2H/desc_attempt_source_reg_0_3_12_17/RAMC_D1/CLK","G2B_ONECH_C2H/axis_attempt_reg[17]/D","Clock enable controlled CDC structure detected"
"684","316","CDC-15#584","CDC-15","Warning","nvp_vclk1","userclk1","No Common Primary Clock","0","Max Delay Datapath Only","G2B_ONECH_C2H/desc_attempt_source_reg_0_3_18_23/RAMA/CLK","G2B_ONECH_C2H/axis_attempt_reg[18]/D","Clock enable controlled CDC structure detected"
"685","317","CDC-15#585","CDC-15","Warning","nvp_vclk1","userclk1","No Common Primary Clock","0","Max Delay Datapath Only","G2B_ONECH_C2H/desc_attempt_source_reg_0_3_18_23/RAMA_D1/CLK","G2B_ONECH_C2H/axis_attempt_reg[19]/D","Clock enable controlled CDC structure detected"
"686","318","CDC-15#586","CDC-15","Warning","nvp_vclk1","userclk1","No Common Primary Clock","0","Max Delay Datapath Only","G2B_ONECH_C2H/desc_attempt_source_reg_0_3_18_23/RAMB/CLK","G2B_ONECH_C2H/axis_attempt_reg[20]/D","Clock enable controlled CDC structure detected"
"687","319","CDC-15#587","CDC-15","Warning","nvp_vclk1","userclk1","No Common Primary Clock","0","Max Delay Datapath Only","G2B_ONECH_C2H/desc_attempt_source_reg_0_3_18_23/RAMB_D1/CLK","G2B_ONECH_C2H/axis_attempt_reg[21]/D","Clock enable controlled CDC structure detected"
"688","320","CDC-15#588","CDC-15","Warning","nvp_vclk1","userclk1","No Common Primary Clock","0","Max Delay Datapath Only","G2B_ONECH_C2H/desc_attempt_source_reg_0_3_18_23/RAMC/CLK","G2B_ONECH_C2H/axis_attempt_reg[22]/D","Clock enable controlled CDC structure detected"
"689","321","CDC-15#589","CDC-15","Warning","nvp_vclk1","userclk1","No Common Primary Clock","0","Max Delay Datapath Only","G2B_ONECH_C2H/desc_attempt_source_reg_0_3_18_23/RAMC_D1/CLK","G2B_ONECH_C2H/axis_attempt_reg[23]/D","Clock enable controlled CDC structure detected"
"690","322","CDC-15#590","CDC-15","Warning","nvp_vclk1","userclk1","No Common Primary Clock","0","Max Delay Datapath Only","G2B_ONECH_C2H/desc_attempt_source_reg_0_3_24_29/RAMA/CLK","G2B_ONECH_C2H/axis_attempt_reg[24]/D","Clock enable controlled CDC structure detected"
"691","323","CDC-15#591","CDC-15","Warning","nvp_vclk1","userclk1","No Common Primary Clock","0","Max Delay Datapath Only","G2B_ONECH_C2H/desc_attempt_source_reg_0_3_24_29/RAMA_D1/CLK","G2B_ONECH_C2H/axis_attempt_reg[25]/D","Clock enable controlled CDC structure detected"
"692","324","CDC-15#592","CDC-15","Warning","nvp_vclk1","userclk1","No Common Primary Clock","0","Max Delay Datapath Only","G2B_ONECH_C2H/desc_attempt_source_reg_0_3_24_29/RAMB/CLK","G2B_ONECH_C2H/axis_attempt_reg[26]/D","Clock enable controlled CDC structure detected"
"693","325","CDC-15#593","CDC-15","Warning","nvp_vclk1","userclk1","No Common Primary Clock","0","Max Delay Datapath Only","G2B_ONECH_C2H/desc_attempt_source_reg_0_3_24_29/RAMB_D1/CLK","G2B_ONECH_C2H/axis_attempt_reg[27]/D","Clock enable controlled CDC structure detected"
"694","326","CDC-15#594","CDC-15","Warning","nvp_vclk1","userclk1","No Common Primary Clock","0","Max Delay Datapath Only","G2B_ONECH_C2H/desc_attempt_source_reg_0_3_24_29/RAMC/CLK","G2B_ONECH_C2H/axis_attempt_reg[28]/D","Clock enable controlled CDC structure detected"
"695","327","CDC-15#595","CDC-15","Warning","nvp_vclk1","userclk1","No Common Primary Clock","0","Max Delay Datapath Only","G2B_ONECH_C2H/desc_attempt_source_reg_0_3_24_29/RAMC_D1/CLK","G2B_ONECH_C2H/axis_attempt_reg[29]/D","Clock enable controlled CDC structure detected"
"696","328","CDC-15#596","CDC-15","Warning","nvp_vclk1","userclk1","No Common Primary Clock","0","Max Delay Datapath Only","G2B_ONECH_C2H/desc_attempt_source_reg_0_3_30_31/DP/CLK","G2B_ONECH_C2H/axis_attempt_reg[30]/D","Clock enable controlled CDC structure detected"
"697","329","CDC-15#597","CDC-15","Warning","nvp_vclk1","userclk1","No Common Primary Clock","0","Max Delay Datapath Only","G2B_ONECH_C2H/desc_attempt_source_reg_0_3_30_31__0/DP/CLK","G2B_ONECH_C2H/axis_attempt_reg[31]/D","Clock enable controlled CDC structure detected"
"698","330","CDC-15#598","CDC-15","Warning","nvp_vclk1","userclk1","No Common Primary Clock","0","Max Delay Datapath Only","G2B_ONECH_C2H/own_ok_hold_source_reg/C","G2B_ONECH_C2H/axis_beat_index_reg[0]/R","Clock enable controlled CDC structure detected"
"699","331","CDC-15#599","CDC-15","Warning","nvp_vclk1","userclk1","No Common Primary Clock","0","Max Delay Datapath Only","G2B_ONECH_C2H/own_ok_hold_source_reg/C","G2B_ONECH_C2H/axis_beat_index_reg[1]/R","Clock enable controlled CDC structure detected"
"700","332","CDC-15#600","CDC-15","Warning","nvp_vclk1","userclk1","No Common Primary Clock","0","Max Delay Datapath Only","G2B_ONECH_C2H/own_ok_hold_source_reg/C","G2B_ONECH_C2H/axis_beat_index_reg[2]/R","Clock enable controlled CDC structure detected"
"701","333","CDC-15#601","CDC-15","Warning","nvp_vclk1","userclk1","No Common Primary Clock","0","Max Delay Datapath Only","G2B_ONECH_C2H/own_ok_hold_source_reg/C","G2B_ONECH_C2H/axis_beat_index_reg[3]/R","Clock enable controlled CDC structure detected"
"702","334","CDC-15#602","CDC-15","Warning","nvp_vclk1","userclk1","No Common Primary Clock","0","Max Delay Datapath Only","G2B_ONECH_C2H/own_ok_hold_source_reg/C","G2B_ONECH_C2H/axis_beat_index_reg[4]/R","Clock enable controlled CDC structure detected"
"703","335","CDC-15#603","CDC-15","Warning","nvp_vclk1","userclk1","No Common Primary Clock","0","Max Delay Datapath Only","G2B_ONECH_C2H/own_ok_hold_source_reg/C","G2B_ONECH_C2H/axis_beat_index_reg[5]/R","Clock enable controlled CDC structure detected"
"704","336","CDC-15#604","CDC-15","Warning","nvp_vclk1","userclk1","No Common Primary Clock","0","Max Delay Datapath Only","G2B_ONECH_C2H/own_ok_hold_source_reg/C","G2B_ONECH_C2H/axis_beat_index_reg[6]/R","Clock enable controlled CDC structure detected"
"705","337","CDC-15#605","CDC-15","Warning","nvp_vclk1","userclk1","No Common Primary Clock","0","Max Delay Datapath Only","G2B_ONECH_C2H/own_ok_hold_source_reg/C","G2B_ONECH_C2H/axis_beat_index_reg[7]/R","Clock enable controlled CDC structure detected"
"706","338","CDC-15#606","CDC-15","Warning","nvp_vclk1","userclk1","No Common Primary Clock","0","Max Delay Datapath Only","G2B_ONECH_C2H/own_ok_hold_source_reg/C","G2B_ONECH_C2H/axis_beat_index_reg[8]/R","Clock enable controlled CDC structure detected"
"707","339","CDC-15#607","CDC-15","Warning","nvp_vclk1","userclk1","No Common Primary Clock","0","Max Delay Datapath Only","G2B_ONECH_C2H/desc_epoch_source_reg[3][0]/C","G2B_ONECH_C2H/axis_epoch_reg[0]/D","Clock enable controlled CDC structure detected"
"708","340","CDC-15#608","CDC-15","Warning","nvp_vclk1","userclk1","No Common Primary Clock","0","Max Delay Datapath Only","G2B_ONECH_C2H/desc_epoch_source_reg[0][1]/C","G2B_ONECH_C2H/axis_epoch_reg[1]/D","Clock enable controlled CDC structure detected"
"709","341","CDC-15#609","CDC-15","Warning","nvp_vclk1","userclk1","No Common Primary Clock","0","Max Delay Datapath Only","G2B_ONECH_C2H/desc_epoch_source_reg[1][2]/C","G2B_ONECH_C2H/axis_epoch_reg[2]/D","Clock enable controlled CDC structure detected"
"710","342","CDC-15#610","CDC-15","Warning","nvp_vclk1","userclk1","No Common Primary Clock","0","Max Delay Datapath Only","G2B_ONECH_C2H/desc_epoch_source_reg[1][3]/C","G2B_ONECH_C2H/axis_epoch_reg[3]/D","Clock enable controlled CDC structure detected"
"711","343","CDC-15#611","CDC-15","Warning","nvp_vclk1","userclk1","No Common Primary Clock","0","Max Delay Datapath Only","G2B_ONECH_C2H/desc_epoch_source_reg[1][4]/C","G2B_ONECH_C2H/axis_epoch_reg[4]/D","Clock enable controlled CDC structure detected"
"712","344","CDC-15#612","CDC-15","Warning","nvp_vclk1","userclk1","No Common Primary Clock","0","Max Delay Datapath Only","G2B_ONECH_C2H/desc_epoch_source_reg[1][5]/C","G2B_ONECH_C2H/axis_epoch_reg[5]/D","Clock enable controlled CDC structure detected"
"713","345","CDC-15#613","CDC-15","Warning","nvp_vclk1","userclk1","No Common Primary Clock","0","Max Delay Datapath Only","G2B_ONECH_C2H/desc_epoch_source_reg[3][6]/C","G2B_ONECH_C2H/axis_epoch_reg[6]/D","Clock enable controlled CDC structure detected"
"714","346","CDC-15#614","CDC-15","Warning","nvp_vclk1","userclk1","No Common Primary Clock","0","Max Delay Datapath Only","G2B_ONECH_C2H/desc_epoch_source_reg[0][7]/C","G2B_ONECH_C2H/axis_epoch_reg[7]/D","Clock enable controlled CDC structure detected"
"715","347","CDC-15#615","CDC-15","Warning","nvp_vclk1","userclk1","No Common Primary Clock","0","Max Delay Datapath Only","G2B_ONECH_C2H/desc_epoch_source_reg[3][8]/C","G2B_ONECH_C2H/axis_epoch_reg[8]/D","Clock enable controlled CDC structure detected"
"716","348","CDC-15#616","CDC-15","Warning","nvp_vclk1","userclk1","No Common Primary Clock","0","Max Delay Datapath Only","G2B_ONECH_C2H/desc_epoch_source_reg[0][9]/C","G2B_ONECH_C2H/axis_epoch_reg[9]/D","Clock enable controlled CDC structure detected"
"717","349","CDC-15#617","CDC-15","Warning","nvp_vclk1","userclk1","No Common Primary Clock","0","Max Delay Datapath Only","G2B_ONECH_C2H/desc_epoch_source_reg[0][10]/C","G2B_ONECH_C2H/axis_epoch_reg[10]/D","Clock enable controlled CDC structure detected"
"718","350","CDC-15#618","CDC-15","Warning","nvp_vclk1","userclk1","No Common Primary Clock","0","Max Delay Datapath Only","G2B_ONECH_C2H/desc_epoch_source_reg[1][11]/C","G2B_ONECH_C2H/axis_epoch_reg[11]/D","Clock enable controlled CDC structure detected"
"719","351","CDC-15#619","CDC-15","Warning","nvp_vclk1","userclk1","No Common Primary Clock","0","Max Delay Datapath Only","G2B_ONECH_C2H/desc_epoch_source_reg[1][12]/C","G2B_ONECH_C2H/axis_epoch_reg[12]/D","Clock enable controlled CDC structure detected"
"720","352","CDC-15#620","CDC-15","Warning","nvp_vclk1","userclk1","No Common Primary Clock","0","Max Delay Datapath Only","G2B_ONECH_C2H/desc_epoch_source_reg[0][13]/C","G2B_ONECH_C2H/axis_epoch_reg[13]/D","Clock enable controlled CDC structure detected"
"721","353","CDC-15#621","CDC-15","Warning","nvp_vclk1","userclk1","No Common Primary Clock","0","Max Delay Datapath Only","G2B_ONECH_C2H/desc_epoch_source_reg[3][14]/C","G2B_ONECH_C2H/axis_epoch_reg[14]/D","Clock enable controlled CDC structure detected"
"722","354","CDC-15#622","CDC-15","Warning","nvp_vclk1","userclk1","No Common Primary Clock","0","Max Delay Datapath Only","G2B_ONECH_C2H/desc_epoch_source_reg[0][15]/C","G2B_ONECH_C2H/axis_epoch_reg[15]/D","Clock enable controlled CDC structure detected"
"723","355","CDC-15#623","CDC-15","Warning","nvp_vclk1","userclk1","No Common Primary Clock","0","Max Delay Datapath Only","G2B_ONECH_C2H/desc_epoch_source_reg[0][16]/C","G2B_ONECH_C2H/axis_epoch_reg[16]/D","Clock enable controlled CDC structure detected"
"724","356","CDC-15#624","CDC-15","Warning","nvp_vclk1","userclk1","No Common Primary Clock","0","Max Delay Datapath Only","G2B_ONECH_C2H/desc_epoch_source_reg[1][17]/C","G2B_ONECH_C2H/axis_epoch_reg[17]/D","Clock enable controlled CDC structure detected"
"725","357","CDC-15#625","CDC-15","Warning","nvp_vclk1","userclk1","No Common Primary Clock","0","Max Delay Datapath Only","G2B_ONECH_C2H/desc_epoch_source_reg[1][18]/C","G2B_ONECH_C2H/axis_epoch_reg[18]/D","Clock enable controlled CDC structure detected"
"726","358","CDC-15#626","CDC-15","Warning","nvp_vclk1","userclk1","No Common Primary Clock","0","Max Delay Datapath Only","G2B_ONECH_C2H/desc_epoch_source_reg[3][19]/C","G2B_ONECH_C2H/axis_epoch_reg[19]/D","Clock enable controlled CDC structure detected"
"727","359","CDC-15#627","CDC-15","Warning","nvp_vclk1","userclk1","No Common Primary Clock","0","Max Delay Datapath Only","G2B_ONECH_C2H/desc_epoch_source_reg[3][20]/C","G2B_ONECH_C2H/axis_epoch_reg[20]/D","Clock enable controlled CDC structure detected"
"728","360","CDC-15#628","CDC-15","Warning","nvp_vclk1","userclk1","No Common Primary Clock","0","Max Delay Datapath Only","G2B_ONECH_C2H/desc_epoch_source_reg[0][21]/C","G2B_ONECH_C2H/axis_epoch_reg[21]/D","Clock enable controlled CDC structure detected"
"729","361","CDC-15#629","CDC-15","Warning","nvp_vclk1","userclk1","No Common Primary Clock","0","Max Delay Datapath Only","G2B_ONECH_C2H/desc_epoch_source_reg[2][22]/C","G2B_ONECH_C2H/axis_epoch_reg[22]/D","Clock enable controlled CDC structure detected"
"730","362","CDC-15#630","CDC-15","Warning","nvp_vclk1","userclk1","No Common Primary Clock","0","Max Delay Datapath Only","G2B_ONECH_C2H/desc_epoch_source_reg[2][23]/C","G2B_ONECH_C2H/axis_epoch_reg[23]/D","Clock enable controlled CDC structure detected"
"731","363","CDC-15#631","CDC-15","Warning","nvp_vclk1","userclk1","No Common Primary Clock","0","Max Delay Datapath Only","G2B_ONECH_C2H/desc_epoch_source_reg[0][24]/C","G2B_ONECH_C2H/axis_epoch_reg[24]/D","Clock enable controlled CDC structure detected"
"732","364","CDC-15#632","CDC-15","Warning","nvp_vclk1","userclk1","No Common Primary Clock","0","Max Delay Datapath Only","G2B_ONECH_C2H/desc_epoch_source_reg[0][25]/C","G2B_ONECH_C2H/axis_epoch_reg[25]/D","Clock enable controlled CDC structure detected"
"733","365","CDC-15#633","CDC-15","Warning","nvp_vclk1","userclk1","No Common Primary Clock","0","Max Delay Datapath Only","G2B_ONECH_C2H/desc_epoch_source_reg[1][26]/C","G2B_ONECH_C2H/axis_epoch_reg[26]/D","Clock enable controlled CDC structure detected"
"734","366","CDC-15#634","CDC-15","Warning","nvp_vclk1","userclk1","No Common Primary Clock","0","Max Delay Datapath Only","G2B_ONECH_C2H/desc_epoch_source_reg[3][27]/C","G2B_ONECH_C2H/axis_epoch_reg[27]/D","Clock enable controlled CDC structure detected"
"735","367","CDC-15#635","CDC-15","Warning","nvp_vclk1","userclk1","No Common Primary Clock","0","Max Delay Datapath Only","G2B_ONECH_C2H/desc_epoch_source_reg[0][28]/C","G2B_ONECH_C2H/axis_epoch_reg[28]/D","Clock enable controlled CDC structure detected"
"736","368","CDC-15#636","CDC-15","Warning","nvp_vclk1","userclk1","No Common Primary Clock","0","Max Delay Datapath Only","G2B_ONECH_C2H/desc_epoch_source_reg[2][29]/C","G2B_ONECH_C2H/axis_epoch_reg[29]/D","Clock enable controlled CDC structure detected"
"737","369","CDC-15#637","CDC-15","Warning","nvp_vclk1","userclk1","No Common Primary Clock","0","Max Delay Datapath Only","G2B_ONECH_C2H/desc_epoch_source_reg[0][30]/C","G2B_ONECH_C2H/axis_epoch_reg[30]/D","Clock enable controlled CDC structure detected"
"738","370","CDC-15#638","CDC-15","Warning","nvp_vclk1","userclk1","No Common Primary Clock","0","Max Delay Datapath Only","G2B_ONECH_C2H/desc_epoch_source_reg[0][31]/C","G2B_ONECH_C2H/axis_epoch_reg[31]/D","Clock enable controlled CDC structure detected"
"739","371","CDC-15#639","CDC-15","Warning","nvp_vclk1","userclk1","No Common Primary Clock","0","Max Delay Datapath Only","G2B_ONECH_C2H/desc_generation_source_reg_0_3_0_5/RAMA/CLK","G2B_ONECH_C2H/axis_generation_reg[0]/D","Clock enable controlled CDC structure detected"
"740","372","CDC-15#640","CDC-15","Warning","nvp_vclk1","userclk1","No Common Primary Clock","0","Max Delay Datapath Only","G2B_ONECH_C2H/desc_generation_source_reg_0_3_0_5/RAMA_D1/CLK","G2B_ONECH_C2H/axis_generation_reg[1]/D","Clock enable controlled CDC structure detected"
"741","373","CDC-15#641","CDC-15","Warning","nvp_vclk1","userclk1","No Common Primary Clock","0","Max Delay Datapath Only","G2B_ONECH_C2H/desc_generation_source_reg_0_3_0_5/RAMB/CLK","G2B_ONECH_C2H/axis_generation_reg[2]/D","Clock enable controlled CDC structure detected"
"742","374","CDC-15#642","CDC-15","Warning","nvp_vclk1","userclk1","No Common Primary Clock","0","Max Delay Datapath Only","G2B_ONECH_C2H/desc_generation_source_reg_0_3_0_5/RAMB_D1/CLK","G2B_ONECH_C2H/axis_generation_reg[3]/D","Clock enable controlled CDC structure detected"
"743","375","CDC-15#643","CDC-15","Warning","nvp_vclk1","userclk1","No Common Primary Clock","0","Max Delay Datapath Only","G2B_ONECH_C2H/desc_generation_source_reg_0_3_0_5/RAMC/CLK","G2B_ONECH_C2H/axis_generation_reg[4]/D","Clock enable controlled CDC structure detected"
"744","376","CDC-15#644","CDC-15","Warning","nvp_vclk1","userclk1","No Common Primary Clock","0","Max Delay Datapath Only","G2B_ONECH_C2H/desc_generation_source_reg_0_3_0_5/RAMC_D1/CLK","G2B_ONECH_C2H/axis_generation_reg[5]/D","Clock enable controlled CDC structure detected"
"745","377","CDC-15#645","CDC-15","Warning","nvp_vclk1","userclk1","No Common Primary Clock","0","Max Delay Datapath Only","G2B_ONECH_C2H/desc_generation_source_reg_0_3_6_11/RAMA/CLK","G2B_ONECH_C2H/axis_generation_reg[6]/D","Clock enable controlled CDC structure detected"
"746","378","CDC-15#646","CDC-15","Warning","nvp_vclk1","userclk1","No Common Primary Clock","0","Max Delay Datapath Only","G2B_ONECH_C2H/desc_generation_source_reg_0_3_6_11/RAMA_D1/CLK","G2B_ONECH_C2H/axis_generation_reg[7]/D","Clock enable controlled CDC structure detected"
"747","379","CDC-15#647","CDC-15","Warning","nvp_vclk1","userclk1","No Common Primary Clock","0","Max Delay Datapath Only","G2B_ONECH_C2H/desc_generation_source_reg_0_3_6_11/RAMB/CLK","G2B_ONECH_C2H/axis_generation_reg[8]/D","Clock enable controlled CDC structure detected"
"748","380","CDC-15#648","CDC-15","Warning","nvp_vclk1","userclk1","No Common Primary Clock","0","Max Delay Datapath Only","G2B_ONECH_C2H/desc_generation_source_reg_0_3_6_11/RAMB_D1/CLK","G2B_ONECH_C2H/axis_generation_reg[9]/D","Clock enable controlled CDC structure detected"
"749","381","CDC-15#649","CDC-15","Warning","nvp_vclk1","userclk1","No Common Primary Clock","0","Max Delay Datapath Only","G2B_ONECH_C2H/desc_generation_source_reg_0_3_6_11/RAMC/CLK","G2B_ONECH_C2H/axis_generation_reg[10]/D","Clock enable controlled CDC structure detected"
"750","382","CDC-15#650","CDC-15","Warning","nvp_vclk1","userclk1","No Common Primary Clock","0","Max Delay Datapath Only","G2B_ONECH_C2H/desc_generation_source_reg_0_3_6_11/RAMC_D1/CLK","G2B_ONECH_C2H/axis_generation_reg[11]/D","Clock enable controlled CDC structure detected"
"751","383","CDC-15#651","CDC-15","Warning","nvp_vclk1","userclk1","No Common Primary Clock","0","Max Delay Datapath Only","G2B_ONECH_C2H/desc_generation_source_reg_0_3_12_17/RAMA/CLK","G2B_ONECH_C2H/axis_generation_reg[12]/D","Clock enable controlled CDC structure detected"
"752","384","CDC-15#652","CDC-15","Warning","nvp_vclk1","userclk1","No Common Primary Clock","0","Max Delay Datapath Only","G2B_ONECH_C2H/desc_generation_source_reg_0_3_12_17/RAMA_D1/CLK","G2B_ONECH_C2H/axis_generation_reg[13]/D","Clock enable controlled CDC structure detected"
"753","385","CDC-15#653","CDC-15","Warning","nvp_vclk1","userclk1","No Common Primary Clock","0","Max Delay Datapath Only","G2B_ONECH_C2H/desc_generation_source_reg_0_3_12_17/RAMB/CLK","G2B_ONECH_C2H/axis_generation_reg[14]/D","Clock enable controlled CDC structure detected"
"754","386","CDC-15#654","CDC-15","Warning","nvp_vclk1","userclk1","No Common Primary Clock","0","Max Delay Datapath Only","G2B_ONECH_C2H/desc_generation_source_reg_0_3_12_17/RAMB_D1/CLK","G2B_ONECH_C2H/axis_generation_reg[15]/D","Clock enable controlled CDC structure detected"
"755","387","CDC-15#655","CDC-15","Warning","nvp_vclk1","userclk1","No Common Primary Clock","0","Max Delay Datapath Only","G2B_ONECH_C2H/desc_generation_source_reg_0_3_12_17/RAMC/CLK","G2B_ONECH_C2H/axis_generation_reg[16]/D","Clock enable controlled CDC structure detected"
"756","388","CDC-15#656","CDC-15","Warning","nvp_vclk1","userclk1","No Common Primary Clock","0","Max Delay Datapath Only","G2B_ONECH_C2H/desc_generation_source_reg_0_3_12_17/RAMC_D1/CLK","G2B_ONECH_C2H/axis_generation_reg[17]/D","Clock enable controlled CDC structure detected"
"757","389","CDC-15#657","CDC-15","Warning","nvp_vclk1","userclk1","No Common Primary Clock","0","Max Delay Datapath Only","G2B_ONECH_C2H/desc_generation_source_reg_0_3_18_23/RAMA/CLK","G2B_ONECH_C2H/axis_generation_reg[18]/D","Clock enable controlled CDC structure detected"
"758","390","CDC-15#658","CDC-15","Warning","nvp_vclk1","userclk1","No Common Primary Clock","0","Max Delay Datapath Only","G2B_ONECH_C2H/desc_generation_source_reg_0_3_18_23/RAMA_D1/CLK","G2B_ONECH_C2H/axis_generation_reg[19]/D","Clock enable controlled CDC structure detected"
"759","391","CDC-15#659","CDC-15","Warning","nvp_vclk1","userclk1","No Common Primary Clock","0","Max Delay Datapath Only","G2B_ONECH_C2H/desc_generation_source_reg_0_3_18_23/RAMB/CLK","G2B_ONECH_C2H/axis_generation_reg[20]/D","Clock enable controlled CDC structure detected"
"760","392","CDC-15#660","CDC-15","Warning","nvp_vclk1","userclk1","No Common Primary Clock","0","Max Delay Datapath Only","G2B_ONECH_C2H/desc_generation_source_reg_0_3_18_23/RAMB_D1/CLK","G2B_ONECH_C2H/axis_generation_reg[21]/D","Clock enable controlled CDC structure detected"
"761","393","CDC-15#661","CDC-15","Warning","nvp_vclk1","userclk1","No Common Primary Clock","0","Max Delay Datapath Only","G2B_ONECH_C2H/desc_generation_source_reg_0_3_18_23/RAMC/CLK","G2B_ONECH_C2H/axis_generation_reg[22]/D","Clock enable controlled CDC structure detected"
"762","394","CDC-15#662","CDC-15","Warning","nvp_vclk1","userclk1","No Common Primary Clock","0","Max Delay Datapath Only","G2B_ONECH_C2H/desc_generation_source_reg_0_3_18_23/RAMC_D1/CLK","G2B_ONECH_C2H/axis_generation_reg[23]/D","Clock enable controlled CDC structure detected"
"806","438","CDC-15#663","CDC-15","Warning","nvp_vclk1","userclk1","No Common Primary Clock","0","Max Delay Datapath Only","G2B_ONECH_C2H/reset_commit_phase_hold_source_reg[0]/C","G2B_ONECH_C2H/commit_seen_axi_reg[0]/D","Clock enable controlled CDC structure detected"
"808","440","CDC-15#664","CDC-15","Warning","nvp_vclk1","userclk1","No Common Primary Clock","0","Max Delay Datapath Only","G2B_ONECH_C2H/reset_commit_phase_hold_source_reg[1]/C","G2B_ONECH_C2H/commit_seen_axi_reg[1]/D","Clock enable controlled CDC structure detected"
"810","442","CDC-15#665","CDC-15","Warning","nvp_vclk1","userclk1","No Common Primary Clock","0","Max Delay Datapath Only","G2B_ONECH_C2H/reset_commit_phase_hold_source_reg[2]/C","G2B_ONECH_C2H/commit_seen_axi_reg[2]/D","Clock enable controlled CDC structure detected"
"812","444","CDC-15#666","CDC-15","Warning","nvp_vclk1","userclk1","No Common Primary Clock","0","Max Delay Datapath Only","G2B_ONECH_C2H/reset_commit_phase_hold_source_reg[3]/C","G2B_ONECH_C2H/commit_seen_axi_reg[3]/D","Clock enable controlled CDC structure detected"
"813","445","CDC-6#6","CDC-6","Warning","nvp_vclk1","userclk1","No Common Primary Clock","2","False Path","G2B_ONECH_C2H/commit_toggle_source_reg[3:0]/C","G2B_ONECH_C2H/commit_sync1_axi_reg[3:0]/D","Multi-bit synchronized with ASYNC_REG property"
"883","515","CDC-6#7","CDC-6","Warning","nvp_vclk1","userclk1","No Common Primary Clock","2","Max Delay Datapath Only","G2B_ONECH_C2H/hard_event_baseline_hold_source_reg[3:0]/C","G2B_ONECH_C2H/hard_event_baseline_sync1_axi_reg[3:0]/D","Multi-bit synchronized with ASYNC_REG property"
"886","518","CDC-15#667","CDC-15","Warning","nvp_vclk1","userclk1","No Common Primary Clock","0","Max Delay Datapath Only","G2B_ONECH_C2H/reset_commit_phase_hold_source_reg[0]/C","G2B_ONECH_C2H/last_channel_axi_reg[0]/D","Clock enable controlled CDC structure detected"
"888","520","CDC-15#668","CDC-15","Warning","nvp_vclk1","userclk1","No Common Primary Clock","0","Max Delay Datapath Only","G2B_ONECH_C2H/reset_commit_phase_hold_source_reg[0]/C","G2B_ONECH_C2H/last_channel_axi_reg[1]/D","Clock enable controlled CDC structure detected"
"890","522","CDC-15#669","CDC-15","Warning","nvp_vclk1","userclk1","No Common Primary Clock","0","Max Delay Datapath Only","G2B_ONECH_C2H/reset_commit_phase_hold_source_reg[0]/C","G2B_ONECH_C2H/last_channel_axi_reg[2]/D","Clock enable controlled CDC structure detected"
"892","524","CDC-15#670","CDC-15","Warning","nvp_vclk1","userclk1","No Common Primary Clock","0","Max Delay Datapath Only","G2B_ONECH_C2H/reset_commit_phase_hold_source_reg[0]/C","G2B_ONECH_C2H/last_channel_axi_reg[3]/D","Clock enable controlled CDC structure detected"
"894","526","CDC-15#671","CDC-15","Warning","nvp_vclk1","userclk1","No Common Primary Clock","0","Max Delay Datapath Only","G2B_ONECH_C2H/reset_commit_phase_hold_source_reg[0]/C","G2B_ONECH_C2H/last_channel_axi_reg[4]/D","Clock enable controlled CDC structure detected"
"896","528","CDC-15#672","CDC-15","Warning","nvp_vclk1","userclk1","No Common Primary Clock","0","Max Delay Datapath Only","G2B_ONECH_C2H/reset_commit_phase_hold_source_reg[0]/C","G2B_ONECH_C2H/last_channel_axi_reg[5]/D","Clock enable controlled CDC structure detected"
"898","530","CDC-15#673","CDC-15","Warning","nvp_vclk1","userclk1","No Common Primary Clock","0","Max Delay Datapath Only","G2B_ONECH_C2H/reset_commit_phase_hold_source_reg[0]/C","G2B_ONECH_C2H/last_channel_axi_reg[6]/D","Clock enable controlled CDC structure detected"
"900","532","CDC-15#674","CDC-15","Warning","nvp_vclk1","userclk1","No Common Primary Clock","0","Max Delay Datapath Only","G2B_ONECH_C2H/reset_commit_phase_hold_source_reg[0]/C","G2B_ONECH_C2H/last_channel_axi_reg[7]/D","Clock enable controlled CDC structure detected"
"902","534","CDC-15#675","CDC-15","Warning","nvp_vclk1","userclk1","No Common Primary Clock","0","Max Delay Datapath Only","G2B_ONECH_C2H/reset_commit_phase_hold_source_reg[0]/C","G2B_ONECH_C2H/last_channel_axi_reg[8]/D","Clock enable controlled CDC structure detected"
"904","536","CDC-15#676","CDC-15","Warning","nvp_vclk1","userclk1","No Common Primary Clock","0","Max Delay Datapath Only","G2B_ONECH_C2H/reset_commit_phase_hold_source_reg[0]/C","G2B_ONECH_C2H/last_channel_axi_reg[9]/D","Clock enable controlled CDC structure detected"
"906","538","CDC-15#677","CDC-15","Warning","nvp_vclk1","userclk1","No Common Primary Clock","0","Max Delay Datapath Only","G2B_ONECH_C2H/reset_commit_phase_hold_source_reg[0]/C","G2B_ONECH_C2H/last_channel_axi_reg[10]/D","Clock enable controlled CDC structure detected"
"908","540","CDC-15#678","CDC-15","Warning","nvp_vclk1","userclk1","No Common Primary Clock","0","Max Delay Datapath Only","G2B_ONECH_C2H/reset_commit_phase_hold_source_reg[0]/C","G2B_ONECH_C2H/last_channel_axi_reg[11]/D","Clock enable controlled CDC structure detected"
"910","542","CDC-15#679","CDC-15","Warning","nvp_vclk1","userclk1","No Common Primary Clock","0","Max Delay Datapath Only","G2B_ONECH_C2H/reset_commit_phase_hold_source_reg[0]/C","G2B_ONECH_C2H/last_channel_axi_reg[12]/D","Clock enable controlled CDC structure detected"
"912","544","CDC-15#680","CDC-15","Warning","nvp_vclk1","userclk1","No Common Primary Clock","0","Max Delay Datapath Only","G2B_ONECH_C2H/reset_commit_phase_hold_source_reg[0]/C","G2B_ONECH_C2H/last_channel_axi_reg[13]/D","Clock enable controlled CDC structure detected"
"914","546","CDC-15#681","CDC-15","Warning","nvp_vclk1","userclk1","No Common Primary Clock","0","Max Delay Datapath Only","G2B_ONECH_C2H/reset_commit_phase_hold_source_reg[0]/C","G2B_ONECH_C2H/last_channel_axi_reg[14]/D","Clock enable controlled CDC structure detected"
"916","548","CDC-15#682","CDC-15","Warning","nvp_vclk1","userclk1","No Common Primary Clock","0","Max Delay Datapath Only","G2B_ONECH_C2H/reset_commit_phase_hold_source_reg[0]/C","G2B_ONECH_C2H/last_channel_axi_reg[15]/D","Clock enable controlled CDC structure detected"
"918","550","CDC-15#683","CDC-15","Warning","nvp_vclk1","userclk1","No Common Primary Clock","0","Max Delay Datapath Only","G2B_ONECH_C2H/reset_commit_phase_hold_source_reg[0]/C","G2B_ONECH_C2H/last_channel_axi_reg[16]/D","Clock enable controlled CDC structure detected"
"920","552","CDC-15#684","CDC-15","Warning","nvp_vclk1","userclk1","No Common Primary Clock","0","Max Delay Datapath Only","G2B_ONECH_C2H/reset_commit_phase_hold_source_reg[0]/C","G2B_ONECH_C2H/last_channel_axi_reg[17]/D","Clock enable controlled CDC structure detected"
"922","554","CDC-15#685","CDC-15","Warning","nvp_vclk1","userclk1","No Common Primary Clock","0","Max Delay Datapath Only","G2B_ONECH_C2H/reset_commit_phase_hold_source_reg[0]/C","G2B_ONECH_C2H/last_channel_axi_reg[18]/D","Clock enable controlled CDC structure detected"
"924","556","CDC-15#686","CDC-15","Warning","nvp_vclk1","userclk1","No Common Primary Clock","0","Max Delay Datapath Only","G2B_ONECH_C2H/reset_commit_phase_hold_source_reg[0]/C","G2B_ONECH_C2H/last_channel_axi_reg[19]/D","Clock enable controlled CDC structure detected"
"926","558","CDC-15#687","CDC-15","Warning","nvp_vclk1","userclk1","No Common Primary Clock","0","Max Delay Datapath Only","G2B_ONECH_C2H/reset_commit_phase_hold_source_reg[0]/C","G2B_ONECH_C2H/last_channel_axi_reg[20]/D","Clock enable controlled CDC structure detected"
"928","560","CDC-15#688","CDC-15","Warning","nvp_vclk1","userclk1","No Common Primary Clock","0","Max Delay Datapath Only","G2B_ONECH_C2H/reset_commit_phase_hold_source_reg[0]/C","G2B_ONECH_C2H/last_channel_axi_reg[21]/D","Clock enable controlled CDC structure detected"
"930","562","CDC-15#689","CDC-15","Warning","nvp_vclk1","userclk1","No Common Primary Clock","0","Max Delay Datapath Only","G2B_ONECH_C2H/reset_commit_phase_hold_source_reg[0]/C","G2B_ONECH_C2H/last_channel_axi_reg[22]/D","Clock enable controlled CDC structure detected"
"932","564","CDC-15#690","CDC-15","Warning","nvp_vclk1","userclk1","No Common Primary Clock","0","Max Delay Datapath Only","G2B_ONECH_C2H/reset_commit_phase_hold_source_reg[0]/C","G2B_ONECH_C2H/last_channel_axi_reg[23]/D","Clock enable controlled CDC structure detected"
"934","566","CDC-15#691","CDC-15","Warning","nvp_vclk1","userclk1","No Common Primary Clock","0","Max Delay Datapath Only","G2B_ONECH_C2H/reset_commit_phase_hold_source_reg[0]/C","G2B_ONECH_C2H/last_channel_axi_reg[24]/D","Clock enable controlled CDC structure detected"
"936","568","CDC-15#692","CDC-15","Warning","nvp_vclk1","userclk1","No Common Primary Clock","0","Max Delay Datapath Only","G2B_ONECH_C2H/reset_commit_phase_hold_source_reg[0]/C","G2B_ONECH_C2H/last_channel_axi_reg[25]/D","Clock enable controlled CDC structure detected"
"938","570","CDC-15#693","CDC-15","Warning","nvp_vclk1","userclk1","No Common Primary Clock","0","Max Delay Datapath Only","G2B_ONECH_C2H/reset_commit_phase_hold_source_reg[0]/C","G2B_ONECH_C2H/last_channel_axi_reg[26]/D","Clock enable controlled CDC structure detected"
"940","572","CDC-15#694","CDC-15","Warning","nvp_vclk1","userclk1","No Common Primary Clock","0","Max Delay Datapath Only","G2B_ONECH_C2H/reset_commit_phase_hold_source_reg[0]/C","G2B_ONECH_C2H/last_channel_axi_reg[27]/D","Clock enable controlled CDC structure detected"
"942","574","CDC-15#695","CDC-15","Warning","nvp_vclk1","userclk1","No Common Primary Clock","0","Max Delay Datapath Only","G2B_ONECH_C2H/reset_commit_phase_hold_source_reg[0]/C","G2B_ONECH_C2H/last_channel_axi_reg[28]/D","Clock enable controlled CDC structure detected"
"944","576","CDC-15#696","CDC-15","Warning","nvp_vclk1","userclk1","No Common Primary Clock","0","Max Delay Datapath Only","G2B_ONECH_C2H/reset_commit_phase_hold_source_reg[0]/C","G2B_ONECH_C2H/last_channel_axi_reg[29]/D","Clock enable controlled CDC structure detected"
"946","578","CDC-15#697","CDC-15","Warning","nvp_vclk1","userclk1","No Common Primary Clock","0","Max Delay Datapath Only","G2B_ONECH_C2H/reset_commit_phase_hold_source_reg[0]/C","G2B_ONECH_C2H/last_channel_axi_reg[30]/D","Clock enable controlled CDC structure detected"
"948","580","CDC-15#698","CDC-15","Warning","nvp_vclk1","userclk1","No Common Primary Clock","0","Max Delay Datapath Only","G2B_ONECH_C2H/reset_commit_phase_hold_source_reg[0]/C","G2B_ONECH_C2H/last_channel_axi_reg[31]/D","Clock enable controlled CDC structure detected"
"953","585","CDC-15#699","CDC-15","Warning","nvp_vclk1","userclk1","No Common Primary Clock","0","Max Delay Datapath Only","G2B_ONECH_C2H/reset_commit_phase_hold_source_reg[0]/C","G2B_ONECH_C2H/last_global_axi_reg[0]/D","Clock enable controlled CDC structure detected"
"955","587","CDC-15#700","CDC-15","Warning","nvp_vclk1","userclk1","No Common Primary Clock","0","Max Delay Datapath Only","G2B_ONECH_C2H/reset_commit_phase_hold_source_reg[0]/C","G2B_ONECH_C2H/last_global_axi_reg[1]/D","Clock enable controlled CDC structure detected"
"957","589","CDC-15#701","CDC-15","Warning","nvp_vclk1","userclk1","No Common Primary Clock","0","Max Delay Datapath Only","G2B_ONECH_C2H/reset_commit_phase_hold_source_reg[0]/C","G2B_ONECH_C2H/last_global_axi_reg[2]/D","Clock enable controlled CDC structure detected"
"959","591","CDC-15#702","CDC-15","Warning","nvp_vclk1","userclk1","No Common Primary Clock","0","Max Delay Datapath Only","G2B_ONECH_C2H/reset_commit_phase_hold_source_reg[0]/C","G2B_ONECH_C2H/last_global_axi_reg[3]/D","Clock enable controlled CDC structure detected"
"961","593","CDC-15#703","CDC-15","Warning","nvp_vclk1","userclk1","No Common Primary Clock","0","Max Delay Datapath Only","G2B_ONECH_C2H/reset_commit_phase_hold_source_reg[0]/C","G2B_ONECH_C2H/last_global_axi_reg[4]/D","Clock enable controlled CDC structure detected"
"963","595","CDC-15#704","CDC-15","Warning","nvp_vclk1","userclk1","No Common Primary Clock","0","Max Delay Datapath Only","G2B_ONECH_C2H/reset_commit_phase_hold_source_reg[0]/C","G2B_ONECH_C2H/last_global_axi_reg[5]/D","Clock enable controlled CDC structure detected"
"965","597","CDC-15#705","CDC-15","Warning","nvp_vclk1","userclk1","No Common Primary Clock","0","Max Delay Datapath Only","G2B_ONECH_C2H/reset_commit_phase_hold_source_reg[0]/C","G2B_ONECH_C2H/last_global_axi_reg[6]/D","Clock enable controlled CDC structure detected"
"967","599","CDC-15#706","CDC-15","Warning","nvp_vclk1","userclk1","No Common Primary Clock","0","Max Delay Datapath Only","G2B_ONECH_C2H/reset_commit_phase_hold_source_reg[0]/C","G2B_ONECH_C2H/last_global_axi_reg[7]/D","Clock enable controlled CDC structure detected"
"969","601","CDC-15#707","CDC-15","Warning","nvp_vclk1","userclk1","No Common Primary Clock","0","Max Delay Datapath Only","G2B_ONECH_C2H/reset_commit_phase_hold_source_reg[0]/C","G2B_ONECH_C2H/last_global_axi_reg[8]/D","Clock enable controlled CDC structure detected"
"971","603","CDC-15#708","CDC-15","Warning","nvp_vclk1","userclk1","No Common Primary Clock","0","Max Delay Datapath Only","G2B_ONECH_C2H/reset_commit_phase_hold_source_reg[0]/C","G2B_ONECH_C2H/last_global_axi_reg[9]/D","Clock enable controlled CDC structure detected"
"973","605","CDC-15#709","CDC-15","Warning","nvp_vclk1","userclk1","No Common Primary Clock","0","Max Delay Datapath Only","G2B_ONECH_C2H/reset_commit_phase_hold_source_reg[0]/C","G2B_ONECH_C2H/last_global_axi_reg[10]/D","Clock enable controlled CDC structure detected"
"975","607","CDC-15#710","CDC-15","Warning","nvp_vclk1","userclk1","No Common Primary Clock","0","Max Delay Datapath Only","G2B_ONECH_C2H/reset_commit_phase_hold_source_reg[0]/C","G2B_ONECH_C2H/last_global_axi_reg[11]/D","Clock enable controlled CDC structure detected"
"977","609","CDC-15#711","CDC-15","Warning","nvp_vclk1","userclk1","No Common Primary Clock","0","Max Delay Datapath Only","G2B_ONECH_C2H/reset_commit_phase_hold_source_reg[0]/C","G2B_ONECH_C2H/last_global_axi_reg[12]/D","Clock enable controlled CDC structure detected"
"979","611","CDC-15#712","CDC-15","Warning","nvp_vclk1","userclk1","No Common Primary Clock","0","Max Delay Datapath Only","G2B_ONECH_C2H/reset_commit_phase_hold_source_reg[0]/C","G2B_ONECH_C2H/last_global_axi_reg[13]/D","Clock enable controlled CDC structure detected"
"981","613","CDC-15#713","CDC-15","Warning","nvp_vclk1","userclk1","No Common Primary Clock","0","Max Delay Datapath Only","G2B_ONECH_C2H/reset_commit_phase_hold_source_reg[0]/C","G2B_ONECH_C2H/last_global_axi_reg[14]/D","Clock enable controlled CDC structure detected"
"983","615","CDC-15#714","CDC-15","Warning","nvp_vclk1","userclk1","No Common Primary Clock","0","Max Delay Datapath Only","G2B_ONECH_C2H/reset_commit_phase_hold_source_reg[0]/C","G2B_ONECH_C2H/last_global_axi_reg[15]/D","Clock enable controlled CDC structure detected"
"985","617","CDC-15#715","CDC-15","Warning","nvp_vclk1","userclk1","No Common Primary Clock","0","Max Delay Datapath Only","G2B_ONECH_C2H/reset_commit_phase_hold_source_reg[0]/C","G2B_ONECH_C2H/last_global_axi_reg[16]/D","Clock enable controlled CDC structure detected"
"987","619","CDC-15#716","CDC-15","Warning","nvp_vclk1","userclk1","No Common Primary Clock","0","Max Delay Datapath Only","G2B_ONECH_C2H/reset_commit_phase_hold_source_reg[0]/C","G2B_ONECH_C2H/last_global_axi_reg[17]/D","Clock enable controlled CDC structure detected"
"989","621","CDC-15#717","CDC-15","Warning","nvp_vclk1","userclk1","No Common Primary Clock","0","Max Delay Datapath Only","G2B_ONECH_C2H/reset_commit_phase_hold_source_reg[0]/C","G2B_ONECH_C2H/last_global_axi_reg[18]/D","Clock enable controlled CDC structure detected"
"991","623","CDC-15#718","CDC-15","Warning","nvp_vclk1","userclk1","No Common Primary Clock","0","Max Delay Datapath Only","G2B_ONECH_C2H/reset_commit_phase_hold_source_reg[0]/C","G2B_ONECH_C2H/last_global_axi_reg[19]/D","Clock enable controlled CDC structure detected"
"993","625","CDC-15#719","CDC-15","Warning","nvp_vclk1","userclk1","No Common Primary Clock","0","Max Delay Datapath Only","G2B_ONECH_C2H/reset_commit_phase_hold_source_reg[0]/C","G2B_ONECH_C2H/last_global_axi_reg[20]/D","Clock enable controlled CDC structure detected"
"995","627","CDC-15#720","CDC-15","Warning","nvp_vclk1","userclk1","No Common Primary Clock","0","Max Delay Datapath Only","G2B_ONECH_C2H/reset_commit_phase_hold_source_reg[0]/C","G2B_ONECH_C2H/last_global_axi_reg[21]/D","Clock enable controlled CDC structure detected"
"997","629","CDC-15#721","CDC-15","Warning","nvp_vclk1","userclk1","No Common Primary Clock","0","Max Delay Datapath Only","G2B_ONECH_C2H/reset_commit_phase_hold_source_reg[0]/C","G2B_ONECH_C2H/last_global_axi_reg[22]/D","Clock enable controlled CDC structure detected"
"999","631","CDC-15#722","CDC-15","Warning","nvp_vclk1","userclk1","No Common Primary Clock","0","Max Delay Datapath Only","G2B_ONECH_C2H/reset_commit_phase_hold_source_reg[0]/C","G2B_ONECH_C2H/last_global_axi_reg[23]/D","Clock enable controlled CDC structure detected"
"1001","633","CDC-15#723","CDC-15","Warning","nvp_vclk1","userclk1","No Common Primary Clock","0","Max Delay Datapath Only","G2B_ONECH_C2H/reset_commit_phase_hold_source_reg[0]/C","G2B_ONECH_C2H/last_global_axi_reg[24]/D","Clock enable controlled CDC structure detected"
"1003","635","CDC-15#724","CDC-15","Warning","nvp_vclk1","userclk1","No Common Primary Clock","0","Max Delay Datapath Only","G2B_ONECH_C2H/reset_commit_phase_hold_source_reg[0]/C","G2B_ONECH_C2H/last_global_axi_reg[25]/D","Clock enable controlled CDC structure detected"
"1005","637","CDC-15#725","CDC-15","Warning","nvp_vclk1","userclk1","No Common Primary Clock","0","Max Delay Datapath Only","G2B_ONECH_C2H/reset_commit_phase_hold_source_reg[0]/C","G2B_ONECH_C2H/last_global_axi_reg[26]/D","Clock enable controlled CDC structure detected"
"1007","639","CDC-15#726","CDC-15","Warning","nvp_vclk1","userclk1","No Common Primary Clock","0","Max Delay Datapath Only","G2B_ONECH_C2H/reset_commit_phase_hold_source_reg[0]/C","G2B_ONECH_C2H/last_global_axi_reg[27]/D","Clock enable controlled CDC structure detected"
"1009","641","CDC-15#727","CDC-15","Warning","nvp_vclk1","userclk1","No Common Primary Clock","0","Max Delay Datapath Only","G2B_ONECH_C2H/reset_commit_phase_hold_source_reg[0]/C","G2B_ONECH_C2H/last_global_axi_reg[28]/D","Clock enable controlled CDC structure detected"
"1011","643","CDC-15#728","CDC-15","Warning","nvp_vclk1","userclk1","No Common Primary Clock","0","Max Delay Datapath Only","G2B_ONECH_C2H/reset_commit_phase_hold_source_reg[0]/C","G2B_ONECH_C2H/last_global_axi_reg[29]/D","Clock enable controlled CDC structure detected"
"1013","645","CDC-15#729","CDC-15","Warning","nvp_vclk1","userclk1","No Common Primary Clock","0","Max Delay Datapath Only","G2B_ONECH_C2H/reset_commit_phase_hold_source_reg[0]/C","G2B_ONECH_C2H/last_global_axi_reg[30]/D","Clock enable controlled CDC structure detected"
"1015","647","CDC-15#730","CDC-15","Warning","nvp_vclk1","userclk1","No Common Primary Clock","0","Max Delay Datapath Only","G2B_ONECH_C2H/reset_commit_phase_hold_source_reg[0]/C","G2B_ONECH_C2H/last_global_axi_reg[31]/D","Clock enable controlled CDC structure detected"
"1021","653","CDC-15#731","CDC-15","Warning","nvp_vclk1","userclk1","No Common Primary Clock","0","Max Delay Datapath Only","G2B_ONECH_C2H/reset_abandoned_hold_source_reg[0]/C","G2B_ONECH_C2H/records_abandoned_axi_reg[0]/D","Clock enable controlled CDC structure detected"
"1023","655","CDC-15#732","CDC-15","Warning","nvp_vclk1","userclk1","No Common Primary Clock","0","Max Delay Datapath Only","G2B_ONECH_C2H/reset_abandoned_hold_source_reg[0]/C","G2B_ONECH_C2H/records_abandoned_axi_reg[1]/D","Clock enable controlled CDC structure detected"
"1025","657","CDC-15#733","CDC-15","Warning","nvp_vclk1","userclk1","No Common Primary Clock","0","Max Delay Datapath Only","G2B_ONECH_C2H/reset_abandoned_hold_source_reg[1]/C","G2B_ONECH_C2H/records_abandoned_axi_reg[2]/D","Clock enable controlled CDC structure detected"
"1027","659","CDC-15#734","CDC-15","Warning","nvp_vclk1","userclk1","No Common Primary Clock","0","Max Delay Datapath Only","G2B_ONECH_C2H/reset_abandoned_hold_source_reg[1]/C","G2B_ONECH_C2H/records_abandoned_axi_reg[3]/D","Clock enable controlled CDC structure detected"
"1029","661","CDC-15#735","CDC-15","Warning","nvp_vclk1","userclk1","No Common Primary Clock","0","Max Delay Datapath Only","G2B_ONECH_C2H/reset_abandoned_hold_source_reg[2]/C","G2B_ONECH_C2H/records_abandoned_axi_reg[4]/D","Clock enable controlled CDC structure detected"
"1031","663","CDC-15#736","CDC-15","Warning","nvp_vclk1","userclk1","No Common Primary Clock","0","Max Delay Datapath Only","G2B_ONECH_C2H/reset_abandoned_hold_source_reg[2]/C","G2B_ONECH_C2H/records_abandoned_axi_reg[5]/D","Clock enable controlled CDC structure detected"
"1033","665","CDC-15#737","CDC-15","Warning","nvp_vclk1","userclk1","No Common Primary Clock","0","Max Delay Datapath Only","G2B_ONECH_C2H/reset_abandoned_hold_source_reg[2]/C","G2B_ONECH_C2H/records_abandoned_axi_reg[6]/D","Clock enable controlled CDC structure detected"
"1035","667","CDC-15#738","CDC-15","Warning","nvp_vclk1","userclk1","No Common Primary Clock","0","Max Delay Datapath Only","G2B_ONECH_C2H/reset_abandoned_hold_source_reg[2]/C","G2B_ONECH_C2H/records_abandoned_axi_reg[7]/D","Clock enable controlled CDC structure detected"
"1037","669","CDC-15#739","CDC-15","Warning","nvp_vclk1","userclk1","No Common Primary Clock","0","Max Delay Datapath Only","G2B_ONECH_C2H/reset_abandoned_hold_source_reg[2]/C","G2B_ONECH_C2H/records_abandoned_axi_reg[8]/D","Clock enable controlled CDC structure detected"
"1039","671","CDC-15#740","CDC-15","Warning","nvp_vclk1","userclk1","No Common Primary Clock","0","Max Delay Datapath Only","G2B_ONECH_C2H/reset_abandoned_hold_source_reg[2]/C","G2B_ONECH_C2H/records_abandoned_axi_reg[9]/D","Clock enable controlled CDC structure detected"
"1041","673","CDC-15#741","CDC-15","Warning","nvp_vclk1","userclk1","No Common Primary Clock","0","Max Delay Datapath Only","G2B_ONECH_C2H/reset_abandoned_hold_source_reg[2]/C","G2B_ONECH_C2H/records_abandoned_axi_reg[10]/D","Clock enable controlled CDC structure detected"
"1043","675","CDC-15#742","CDC-15","Warning","nvp_vclk1","userclk1","No Common Primary Clock","0","Max Delay Datapath Only","G2B_ONECH_C2H/reset_abandoned_hold_source_reg[2]/C","G2B_ONECH_C2H/records_abandoned_axi_reg[11]/D","Clock enable controlled CDC structure detected"
"1045","677","CDC-15#743","CDC-15","Warning","nvp_vclk1","userclk1","No Common Primary Clock","0","Max Delay Datapath Only","G2B_ONECH_C2H/reset_abandoned_hold_source_reg[2]/C","G2B_ONECH_C2H/records_abandoned_axi_reg[12]/D","Clock enable controlled CDC structure detected"
"1047","679","CDC-15#744","CDC-15","Warning","nvp_vclk1","userclk1","No Common Primary Clock","0","Max Delay Datapath Only","G2B_ONECH_C2H/reset_abandoned_hold_source_reg[2]/C","G2B_ONECH_C2H/records_abandoned_axi_reg[13]/D","Clock enable controlled CDC structure detected"
"1049","681","CDC-15#745","CDC-15","Warning","nvp_vclk1","userclk1","No Common Primary Clock","0","Max Delay Datapath Only","G2B_ONECH_C2H/reset_abandoned_hold_source_reg[2]/C","G2B_ONECH_C2H/records_abandoned_axi_reg[14]/D","Clock enable controlled CDC structure detected"
"1051","683","CDC-15#746","CDC-15","Warning","nvp_vclk1","userclk1","No Common Primary Clock","0","Max Delay Datapath Only","G2B_ONECH_C2H/reset_abandoned_hold_source_reg[2]/C","G2B_ONECH_C2H/records_abandoned_axi_reg[15]/D","Clock enable controlled CDC structure detected"
"1053","685","CDC-15#747","CDC-15","Warning","nvp_vclk1","userclk1","No Common Primary Clock","0","Max Delay Datapath Only","G2B_ONECH_C2H/reset_abandoned_hold_source_reg[2]/C","G2B_ONECH_C2H/records_abandoned_axi_reg[16]/D","Clock enable controlled CDC structure detected"
"1055","687","CDC-15#748","CDC-15","Warning","nvp_vclk1","userclk1","No Common Primary Clock","0","Max Delay Datapath Only","G2B_ONECH_C2H/reset_abandoned_hold_source_reg[2]/C","G2B_ONECH_C2H/records_abandoned_axi_reg[17]/D","Clock enable controlled CDC structure detected"
"1057","689","CDC-15#749","CDC-15","Warning","nvp_vclk1","userclk1","No Common Primary Clock","0","Max Delay Datapath Only","G2B_ONECH_C2H/reset_abandoned_hold_source_reg[2]/C","G2B_ONECH_C2H/records_abandoned_axi_reg[18]/D","Clock enable controlled CDC structure detected"
"1059","691","CDC-15#750","CDC-15","Warning","nvp_vclk1","userclk1","No Common Primary Clock","0","Max Delay Datapath Only","G2B_ONECH_C2H/reset_abandoned_hold_source_reg[2]/C","G2B_ONECH_C2H/records_abandoned_axi_reg[19]/D","Clock enable controlled CDC structure detected"
"1061","693","CDC-15#751","CDC-15","Warning","nvp_vclk1","userclk1","No Common Primary Clock","0","Max Delay Datapath Only","G2B_ONECH_C2H/reset_abandoned_hold_source_reg[2]/C","G2B_ONECH_C2H/records_abandoned_axi_reg[20]/D","Clock enable controlled CDC structure detected"
"1063","695","CDC-15#752","CDC-15","Warning","nvp_vclk1","userclk1","No Common Primary Clock","0","Max Delay Datapath Only","G2B_ONECH_C2H/reset_abandoned_hold_source_reg[2]/C","G2B_ONECH_C2H/records_abandoned_axi_reg[21]/D","Clock enable controlled CDC structure detected"
"1065","697","CDC-15#753","CDC-15","Warning","nvp_vclk1","userclk1","No Common Primary Clock","0","Max Delay Datapath Only","G2B_ONECH_C2H/reset_abandoned_hold_source_reg[2]/C","G2B_ONECH_C2H/records_abandoned_axi_reg[22]/D","Clock enable controlled CDC structure detected"
"1067","699","CDC-15#754","CDC-15","Warning","nvp_vclk1","userclk1","No Common Primary Clock","0","Max Delay Datapath Only","G2B_ONECH_C2H/reset_abandoned_hold_source_reg[2]/C","G2B_ONECH_C2H/records_abandoned_axi_reg[23]/D","Clock enable controlled CDC structure detected"
"1069","701","CDC-15#755","CDC-15","Warning","nvp_vclk1","userclk1","No Common Primary Clock","0","Max Delay Datapath Only","G2B_ONECH_C2H/reset_abandoned_hold_source_reg[2]/C","G2B_ONECH_C2H/records_abandoned_axi_reg[24]/D","Clock enable controlled CDC structure detected"
"1071","703","CDC-15#756","CDC-15","Warning","nvp_vclk1","userclk1","No Common Primary Clock","0","Max Delay Datapath Only","G2B_ONECH_C2H/reset_abandoned_hold_source_reg[2]/C","G2B_ONECH_C2H/records_abandoned_axi_reg[25]/D","Clock enable controlled CDC structure detected"
"1073","705","CDC-15#757","CDC-15","Warning","nvp_vclk1","userclk1","No Common Primary Clock","0","Max Delay Datapath Only","G2B_ONECH_C2H/reset_abandoned_hold_source_reg[2]/C","G2B_ONECH_C2H/records_abandoned_axi_reg[26]/D","Clock enable controlled CDC structure detected"
"1075","707","CDC-15#758","CDC-15","Warning","nvp_vclk1","userclk1","No Common Primary Clock","0","Max Delay Datapath Only","G2B_ONECH_C2H/reset_abandoned_hold_source_reg[2]/C","G2B_ONECH_C2H/records_abandoned_axi_reg[27]/D","Clock enable controlled CDC structure detected"
"1077","709","CDC-15#759","CDC-15","Warning","nvp_vclk1","userclk1","No Common Primary Clock","0","Max Delay Datapath Only","G2B_ONECH_C2H/reset_abandoned_hold_source_reg[2]/C","G2B_ONECH_C2H/records_abandoned_axi_reg[28]/D","Clock enable controlled CDC structure detected"
"1079","711","CDC-15#760","CDC-15","Warning","nvp_vclk1","userclk1","No Common Primary Clock","0","Max Delay Datapath Only","G2B_ONECH_C2H/reset_abandoned_hold_source_reg[2]/C","G2B_ONECH_C2H/records_abandoned_axi_reg[29]/D","Clock enable controlled CDC structure detected"
"1081","713","CDC-15#761","CDC-15","Warning","nvp_vclk1","userclk1","No Common Primary Clock","0","Max Delay Datapath Only","G2B_ONECH_C2H/reset_abandoned_hold_source_reg[2]/C","G2B_ONECH_C2H/records_abandoned_axi_reg[30]/D","Clock enable controlled CDC structure detected"
"1083","715","CDC-15#762","CDC-15","Warning","nvp_vclk1","userclk1","No Common Primary Clock","0","Max Delay Datapath Only","G2B_ONECH_C2H/reset_abandoned_hold_source_reg[2]/C","G2B_ONECH_C2H/records_abandoned_axi_reg[31]/D","Clock enable controlled CDC structure detected"
"1118","750","CDC-15#763","CDC-15","Warning","nvp_vclk1","userclk1","No Common Primary Clock","0","Max Delay Datapath Only","G2B_ONECH_C2H/reset_commit_phase_hold_source_reg[0]/C","G2B_ONECH_C2H/reset_events_axi_reg[1]/R","Clock enable controlled CDC structure detected"
"1120","752","CDC-15#764","CDC-15","Warning","nvp_vclk1","userclk1","No Common Primary Clock","0","Max Delay Datapath Only","G2B_ONECH_C2H/reset_commit_phase_hold_source_reg[0]/C","G2B_ONECH_C2H/reset_events_axi_reg[2]/R","Clock enable controlled CDC structure detected"
"1122","754","CDC-15#765","CDC-15","Warning","nvp_vclk1","userclk1","No Common Primary Clock","0","Max Delay Datapath Only","G2B_ONECH_C2H/reset_commit_phase_hold_source_reg[0]/C","G2B_ONECH_C2H/reset_events_axi_reg[3]/R","Clock enable controlled CDC structure detected"
"1124","756","CDC-15#766","CDC-15","Warning","nvp_vclk1","userclk1","No Common Primary Clock","0","Max Delay Datapath Only","G2B_ONECH_C2H/reset_commit_phase_hold_source_reg[0]/C","G2B_ONECH_C2H/reset_events_axi_reg[4]/R","Clock enable controlled CDC structure detected"
"1126","758","CDC-15#767","CDC-15","Warning","nvp_vclk1","userclk1","No Common Primary Clock","0","Max Delay Datapath Only","G2B_ONECH_C2H/reset_commit_phase_hold_source_reg[0]/C","G2B_ONECH_C2H/reset_events_axi_reg[5]/R","Clock enable controlled CDC structure detected"
"1128","760","CDC-15#768","CDC-15","Warning","nvp_vclk1","userclk1","No Common Primary Clock","0","Max Delay Datapath Only","G2B_ONECH_C2H/reset_commit_phase_hold_source_reg[0]/C","G2B_ONECH_C2H/reset_events_axi_reg[6]/R","Clock enable controlled CDC structure detected"
"1130","762","CDC-15#769","CDC-15","Warning","nvp_vclk1","userclk1","No Common Primary Clock","0","Max Delay Datapath Only","G2B_ONECH_C2H/reset_commit_phase_hold_source_reg[0]/C","G2B_ONECH_C2H/reset_events_axi_reg[7]/R","Clock enable controlled CDC structure detected"
"1132","764","CDC-15#770","CDC-15","Warning","nvp_vclk1","userclk1","No Common Primary Clock","0","Max Delay Datapath Only","G2B_ONECH_C2H/reset_commit_phase_hold_source_reg[0]/C","G2B_ONECH_C2H/reset_events_axi_reg[8]/R","Clock enable controlled CDC structure detected"
"1134","766","CDC-15#771","CDC-15","Warning","nvp_vclk1","userclk1","No Common Primary Clock","0","Max Delay Datapath Only","G2B_ONECH_C2H/reset_commit_phase_hold_source_reg[0]/C","G2B_ONECH_C2H/reset_events_axi_reg[9]/R","Clock enable controlled CDC structure detected"
"1136","768","CDC-15#772","CDC-15","Warning","nvp_vclk1","userclk1","No Common Primary Clock","0","Max Delay Datapath Only","G2B_ONECH_C2H/reset_commit_phase_hold_source_reg[0]/C","G2B_ONECH_C2H/reset_events_axi_reg[10]/R","Clock enable controlled CDC structure detected"
"1138","770","CDC-15#773","CDC-15","Warning","nvp_vclk1","userclk1","No Common Primary Clock","0","Max Delay Datapath Only","G2B_ONECH_C2H/reset_commit_phase_hold_source_reg[0]/C","G2B_ONECH_C2H/reset_events_axi_reg[11]/R","Clock enable controlled CDC structure detected"
"1140","772","CDC-15#774","CDC-15","Warning","nvp_vclk1","userclk1","No Common Primary Clock","0","Max Delay Datapath Only","G2B_ONECH_C2H/reset_commit_phase_hold_source_reg[0]/C","G2B_ONECH_C2H/reset_events_axi_reg[12]/R","Clock enable controlled CDC structure detected"
"1142","774","CDC-15#775","CDC-15","Warning","nvp_vclk1","userclk1","No Common Primary Clock","0","Max Delay Datapath Only","G2B_ONECH_C2H/reset_commit_phase_hold_source_reg[0]/C","G2B_ONECH_C2H/reset_events_axi_reg[13]/R","Clock enable controlled CDC structure detected"
"1144","776","CDC-15#776","CDC-15","Warning","nvp_vclk1","userclk1","No Common Primary Clock","0","Max Delay Datapath Only","G2B_ONECH_C2H/reset_commit_phase_hold_source_reg[0]/C","G2B_ONECH_C2H/reset_events_axi_reg[14]/R","Clock enable controlled CDC structure detected"
"1146","778","CDC-15#777","CDC-15","Warning","nvp_vclk1","userclk1","No Common Primary Clock","0","Max Delay Datapath Only","G2B_ONECH_C2H/reset_commit_phase_hold_source_reg[0]/C","G2B_ONECH_C2H/reset_events_axi_reg[15]/R","Clock enable controlled CDC structure detected"
"1148","780","CDC-15#778","CDC-15","Warning","nvp_vclk1","userclk1","No Common Primary Clock","0","Max Delay Datapath Only","G2B_ONECH_C2H/reset_commit_phase_hold_source_reg[0]/C","G2B_ONECH_C2H/reset_events_axi_reg[16]/R","Clock enable controlled CDC structure detected"
"1150","782","CDC-15#779","CDC-15","Warning","nvp_vclk1","userclk1","No Common Primary Clock","0","Max Delay Datapath Only","G2B_ONECH_C2H/reset_commit_phase_hold_source_reg[0]/C","G2B_ONECH_C2H/reset_events_axi_reg[17]/R","Clock enable controlled CDC structure detected"
"1152","784","CDC-15#780","CDC-15","Warning","nvp_vclk1","userclk1","No Common Primary Clock","0","Max Delay Datapath Only","G2B_ONECH_C2H/reset_commit_phase_hold_source_reg[0]/C","G2B_ONECH_C2H/reset_events_axi_reg[18]/R","Clock enable controlled CDC structure detected"
"1154","786","CDC-15#781","CDC-15","Warning","nvp_vclk1","userclk1","No Common Primary Clock","0","Max Delay Datapath Only","G2B_ONECH_C2H/reset_commit_phase_hold_source_reg[0]/C","G2B_ONECH_C2H/reset_events_axi_reg[19]/R","Clock enable controlled CDC structure detected"
"1156","788","CDC-15#782","CDC-15","Warning","nvp_vclk1","userclk1","No Common Primary Clock","0","Max Delay Datapath Only","G2B_ONECH_C2H/reset_commit_phase_hold_source_reg[0]/C","G2B_ONECH_C2H/reset_events_axi_reg[20]/R","Clock enable controlled CDC structure detected"
"1158","790","CDC-15#783","CDC-15","Warning","nvp_vclk1","userclk1","No Common Primary Clock","0","Max Delay Datapath Only","G2B_ONECH_C2H/reset_commit_phase_hold_source_reg[0]/C","G2B_ONECH_C2H/reset_events_axi_reg[21]/R","Clock enable controlled CDC structure detected"
"1160","792","CDC-15#784","CDC-15","Warning","nvp_vclk1","userclk1","No Common Primary Clock","0","Max Delay Datapath Only","G2B_ONECH_C2H/reset_commit_phase_hold_source_reg[0]/C","G2B_ONECH_C2H/reset_events_axi_reg[22]/R","Clock enable controlled CDC structure detected"
"1162","794","CDC-15#785","CDC-15","Warning","nvp_vclk1","userclk1","No Common Primary Clock","0","Max Delay Datapath Only","G2B_ONECH_C2H/reset_commit_phase_hold_source_reg[0]/C","G2B_ONECH_C2H/reset_events_axi_reg[23]/R","Clock enable controlled CDC structure detected"
"1164","796","CDC-15#786","CDC-15","Warning","nvp_vclk1","userclk1","No Common Primary Clock","0","Max Delay Datapath Only","G2B_ONECH_C2H/reset_commit_phase_hold_source_reg[0]/C","G2B_ONECH_C2H/reset_events_axi_reg[24]/R","Clock enable controlled CDC structure detected"
"1166","798","CDC-15#787","CDC-15","Warning","nvp_vclk1","userclk1","No Common Primary Clock","0","Max Delay Datapath Only","G2B_ONECH_C2H/reset_commit_phase_hold_source_reg[0]/C","G2B_ONECH_C2H/reset_events_axi_reg[25]/R","Clock enable controlled CDC structure detected"
"1168","800","CDC-15#788","CDC-15","Warning","nvp_vclk1","userclk1","No Common Primary Clock","0","Max Delay Datapath Only","G2B_ONECH_C2H/reset_commit_phase_hold_source_reg[0]/C","G2B_ONECH_C2H/reset_events_axi_reg[26]/R","Clock enable controlled CDC structure detected"
"1170","802","CDC-15#789","CDC-15","Warning","nvp_vclk1","userclk1","No Common Primary Clock","0","Max Delay Datapath Only","G2B_ONECH_C2H/reset_commit_phase_hold_source_reg[0]/C","G2B_ONECH_C2H/reset_events_axi_reg[27]/R","Clock enable controlled CDC structure detected"
"1172","804","CDC-15#790","CDC-15","Warning","nvp_vclk1","userclk1","No Common Primary Clock","0","Max Delay Datapath Only","G2B_ONECH_C2H/reset_commit_phase_hold_source_reg[0]/C","G2B_ONECH_C2H/reset_events_axi_reg[28]/R","Clock enable controlled CDC structure detected"
"1174","806","CDC-15#791","CDC-15","Warning","nvp_vclk1","userclk1","No Common Primary Clock","0","Max Delay Datapath Only","G2B_ONECH_C2H/reset_commit_phase_hold_source_reg[0]/C","G2B_ONECH_C2H/reset_events_axi_reg[29]/R","Clock enable controlled CDC structure detected"
"1176","808","CDC-15#792","CDC-15","Warning","nvp_vclk1","userclk1","No Common Primary Clock","0","Max Delay Datapath Only","G2B_ONECH_C2H/reset_commit_phase_hold_source_reg[0]/C","G2B_ONECH_C2H/reset_events_axi_reg[30]/R","Clock enable controlled CDC structure detected"
"1178","810","CDC-15#793","CDC-15","Warning","nvp_vclk1","userclk1","No Common Primary Clock","0","Max Delay Datapath Only","G2B_ONECH_C2H/reset_commit_phase_hold_source_reg[0]/C","G2B_ONECH_C2H/reset_events_axi_reg[31]/R","Clock enable controlled CDC structure detected"
"1182","814","CDC-15#794","CDC-15","Warning","nvp_vclk1","userclk1","No Common Primary Clock","0","Max Delay Datapath Only","G2B_ONECH_C2H/reset_commit_phase_hold_source_reg[0]/C","G2B_ONECH_C2H/shadow_last_channel_reg[0]/D","Clock enable controlled CDC structure detected"
"1184","816","CDC-15#795","CDC-15","Warning","nvp_vclk1","userclk1","No Common Primary Clock","0","Max Delay Datapath Only","G2B_ONECH_C2H/reset_commit_phase_hold_source_reg[0]/C","G2B_ONECH_C2H/shadow_last_channel_reg[1]/D","Clock enable controlled CDC structure detected"
"1186","818","CDC-15#796","CDC-15","Warning","nvp_vclk1","userclk1","No Common Primary Clock","0","Max Delay Datapath Only","G2B_ONECH_C2H/reset_commit_phase_hold_source_reg[0]/C","G2B_ONECH_C2H/shadow_last_channel_reg[2]/D","Clock enable controlled CDC structure detected"
"1188","820","CDC-15#797","CDC-15","Warning","nvp_vclk1","userclk1","No Common Primary Clock","0","Max Delay Datapath Only","G2B_ONECH_C2H/reset_commit_phase_hold_source_reg[0]/C","G2B_ONECH_C2H/shadow_last_channel_reg[3]/D","Clock enable controlled CDC structure detected"
"1190","822","CDC-15#798","CDC-15","Warning","nvp_vclk1","userclk1","No Common Primary Clock","0","Max Delay Datapath Only","G2B_ONECH_C2H/reset_commit_phase_hold_source_reg[0]/C","G2B_ONECH_C2H/shadow_last_channel_reg[4]/D","Clock enable controlled CDC structure detected"
"1192","824","CDC-15#799","CDC-15","Warning","nvp_vclk1","userclk1","No Common Primary Clock","0","Max Delay Datapath Only","G2B_ONECH_C2H/reset_commit_phase_hold_source_reg[0]/C","G2B_ONECH_C2H/shadow_last_channel_reg[5]/D","Clock enable controlled CDC structure detected"
"1194","826","CDC-15#800","CDC-15","Warning","nvp_vclk1","userclk1","No Common Primary Clock","0","Max Delay Datapath Only","G2B_ONECH_C2H/reset_commit_phase_hold_source_reg[0]/C","G2B_ONECH_C2H/shadow_last_channel_reg[6]/D","Clock enable controlled CDC structure detected"
"1196","828","CDC-15#801","CDC-15","Warning","nvp_vclk1","userclk1","No Common Primary Clock","0","Max Delay Datapath Only","G2B_ONECH_C2H/reset_commit_phase_hold_source_reg[0]/C","G2B_ONECH_C2H/shadow_last_channel_reg[7]/D","Clock enable controlled CDC structure detected"
"1198","830","CDC-15#802","CDC-15","Warning","nvp_vclk1","userclk1","No Common Primary Clock","0","Max Delay Datapath Only","G2B_ONECH_C2H/reset_commit_phase_hold_source_reg[0]/C","G2B_ONECH_C2H/shadow_last_channel_reg[8]/D","Clock enable controlled CDC structure detected"
"1200","832","CDC-15#803","CDC-15","Warning","nvp_vclk1","userclk1","No Common Primary Clock","0","Max Delay Datapath Only","G2B_ONECH_C2H/reset_commit_phase_hold_source_reg[0]/C","G2B_ONECH_C2H/shadow_last_channel_reg[9]/D","Clock enable controlled CDC structure detected"
"1202","834","CDC-15#804","CDC-15","Warning","nvp_vclk1","userclk1","No Common Primary Clock","0","Max Delay Datapath Only","G2B_ONECH_C2H/reset_commit_phase_hold_source_reg[0]/C","G2B_ONECH_C2H/shadow_last_channel_reg[10]/D","Clock enable controlled CDC structure detected"
"1204","836","CDC-15#805","CDC-15","Warning","nvp_vclk1","userclk1","No Common Primary Clock","0","Max Delay Datapath Only","G2B_ONECH_C2H/reset_commit_phase_hold_source_reg[0]/C","G2B_ONECH_C2H/shadow_last_channel_reg[11]/D","Clock enable controlled CDC structure detected"
"1206","838","CDC-15#806","CDC-15","Warning","nvp_vclk1","userclk1","No Common Primary Clock","0","Max Delay Datapath Only","G2B_ONECH_C2H/reset_commit_phase_hold_source_reg[0]/C","G2B_ONECH_C2H/shadow_last_channel_reg[12]/D","Clock enable controlled CDC structure detected"
"1208","840","CDC-15#807","CDC-15","Warning","nvp_vclk1","userclk1","No Common Primary Clock","0","Max Delay Datapath Only","G2B_ONECH_C2H/reset_commit_phase_hold_source_reg[0]/C","G2B_ONECH_C2H/shadow_last_channel_reg[13]/D","Clock enable controlled CDC structure detected"
"1210","842","CDC-15#808","CDC-15","Warning","nvp_vclk1","userclk1","No Common Primary Clock","0","Max Delay Datapath Only","G2B_ONECH_C2H/reset_commit_phase_hold_source_reg[0]/C","G2B_ONECH_C2H/shadow_last_channel_reg[14]/D","Clock enable controlled CDC structure detected"
"1212","844","CDC-15#809","CDC-15","Warning","nvp_vclk1","userclk1","No Common Primary Clock","0","Max Delay Datapath Only","G2B_ONECH_C2H/reset_commit_phase_hold_source_reg[0]/C","G2B_ONECH_C2H/shadow_last_channel_reg[15]/D","Clock enable controlled CDC structure detected"
"1214","846","CDC-15#810","CDC-15","Warning","nvp_vclk1","userclk1","No Common Primary Clock","0","Max Delay Datapath Only","G2B_ONECH_C2H/reset_commit_phase_hold_source_reg[0]/C","G2B_ONECH_C2H/shadow_last_channel_reg[16]/D","Clock enable controlled CDC structure detected"
"1216","848","CDC-15#811","CDC-15","Warning","nvp_vclk1","userclk1","No Common Primary Clock","0","Max Delay Datapath Only","G2B_ONECH_C2H/reset_commit_phase_hold_source_reg[0]/C","G2B_ONECH_C2H/shadow_last_channel_reg[17]/D","Clock enable controlled CDC structure detected"
"1218","850","CDC-15#812","CDC-15","Warning","nvp_vclk1","userclk1","No Common Primary Clock","0","Max Delay Datapath Only","G2B_ONECH_C2H/reset_commit_phase_hold_source_reg[0]/C","G2B_ONECH_C2H/shadow_last_channel_reg[18]/D","Clock enable controlled CDC structure detected"
"1220","852","CDC-15#813","CDC-15","Warning","nvp_vclk1","userclk1","No Common Primary Clock","0","Max Delay Datapath Only","G2B_ONECH_C2H/reset_commit_phase_hold_source_reg[0]/C","G2B_ONECH_C2H/shadow_last_channel_reg[19]/D","Clock enable controlled CDC structure detected"
"1222","854","CDC-15#814","CDC-15","Warning","nvp_vclk1","userclk1","No Common Primary Clock","0","Max Delay Datapath Only","G2B_ONECH_C2H/reset_commit_phase_hold_source_reg[0]/C","G2B_ONECH_C2H/shadow_last_channel_reg[20]/D","Clock enable controlled CDC structure detected"
"1224","856","CDC-15#815","CDC-15","Warning","nvp_vclk1","userclk1","No Common Primary Clock","0","Max Delay Datapath Only","G2B_ONECH_C2H/reset_commit_phase_hold_source_reg[0]/C","G2B_ONECH_C2H/shadow_last_channel_reg[21]/D","Clock enable controlled CDC structure detected"
"1226","858","CDC-15#816","CDC-15","Warning","nvp_vclk1","userclk1","No Common Primary Clock","0","Max Delay Datapath Only","G2B_ONECH_C2H/reset_commit_phase_hold_source_reg[0]/C","G2B_ONECH_C2H/shadow_last_channel_reg[22]/D","Clock enable controlled CDC structure detected"
"1228","860","CDC-15#817","CDC-15","Warning","nvp_vclk1","userclk1","No Common Primary Clock","0","Max Delay Datapath Only","G2B_ONECH_C2H/reset_commit_phase_hold_source_reg[0]/C","G2B_ONECH_C2H/shadow_last_channel_reg[23]/D","Clock enable controlled CDC structure detected"
"1230","862","CDC-15#818","CDC-15","Warning","nvp_vclk1","userclk1","No Common Primary Clock","0","Max Delay Datapath Only","G2B_ONECH_C2H/reset_commit_phase_hold_source_reg[0]/C","G2B_ONECH_C2H/shadow_last_channel_reg[24]/D","Clock enable controlled CDC structure detected"
"1232","864","CDC-15#819","CDC-15","Warning","nvp_vclk1","userclk1","No Common Primary Clock","0","Max Delay Datapath Only","G2B_ONECH_C2H/reset_commit_phase_hold_source_reg[0]/C","G2B_ONECH_C2H/shadow_last_channel_reg[25]/D","Clock enable controlled CDC structure detected"
"1234","866","CDC-15#820","CDC-15","Warning","nvp_vclk1","userclk1","No Common Primary Clock","0","Max Delay Datapath Only","G2B_ONECH_C2H/reset_commit_phase_hold_source_reg[0]/C","G2B_ONECH_C2H/shadow_last_channel_reg[26]/D","Clock enable controlled CDC structure detected"
"1236","868","CDC-15#821","CDC-15","Warning","nvp_vclk1","userclk1","No Common Primary Clock","0","Max Delay Datapath Only","G2B_ONECH_C2H/reset_commit_phase_hold_source_reg[0]/C","G2B_ONECH_C2H/shadow_last_channel_reg[27]/D","Clock enable controlled CDC structure detected"
"1238","870","CDC-15#822","CDC-15","Warning","nvp_vclk1","userclk1","No Common Primary Clock","0","Max Delay Datapath Only","G2B_ONECH_C2H/reset_commit_phase_hold_source_reg[0]/C","G2B_ONECH_C2H/shadow_last_channel_reg[28]/D","Clock enable controlled CDC structure detected"
"1240","872","CDC-15#823","CDC-15","Warning","nvp_vclk1","userclk1","No Common Primary Clock","0","Max Delay Datapath Only","G2B_ONECH_C2H/reset_commit_phase_hold_source_reg[0]/C","G2B_ONECH_C2H/shadow_last_channel_reg[29]/D","Clock enable controlled CDC structure detected"
"1242","874","CDC-15#824","CDC-15","Warning","nvp_vclk1","userclk1","No Common Primary Clock","0","Max Delay Datapath Only","G2B_ONECH_C2H/reset_commit_phase_hold_source_reg[0]/C","G2B_ONECH_C2H/shadow_last_channel_reg[30]/D","Clock enable controlled CDC structure detected"
"1244","876","CDC-15#825","CDC-15","Warning","nvp_vclk1","userclk1","No Common Primary Clock","0","Max Delay Datapath Only","G2B_ONECH_C2H/reset_commit_phase_hold_source_reg[0]/C","G2B_ONECH_C2H/shadow_last_channel_reg[31]/D","Clock enable controlled CDC structure detected"
"1246","878","CDC-15#826","CDC-15","Warning","nvp_vclk1","userclk1","No Common Primary Clock","0","Max Delay Datapath Only","G2B_ONECH_C2H/reset_commit_phase_hold_source_reg[0]/C","G2B_ONECH_C2H/shadow_last_global_reg[0]/D","Clock enable controlled CDC structure detected"
"1248","880","CDC-15#827","CDC-15","Warning","nvp_vclk1","userclk1","No Common Primary Clock","0","Max Delay Datapath Only","G2B_ONECH_C2H/reset_commit_phase_hold_source_reg[0]/C","G2B_ONECH_C2H/shadow_last_global_reg[1]/D","Clock enable controlled CDC structure detected"
"1250","882","CDC-15#828","CDC-15","Warning","nvp_vclk1","userclk1","No Common Primary Clock","0","Max Delay Datapath Only","G2B_ONECH_C2H/reset_commit_phase_hold_source_reg[0]/C","G2B_ONECH_C2H/shadow_last_global_reg[2]/D","Clock enable controlled CDC structure detected"
"1252","884","CDC-15#829","CDC-15","Warning","nvp_vclk1","userclk1","No Common Primary Clock","0","Max Delay Datapath Only","G2B_ONECH_C2H/reset_commit_phase_hold_source_reg[0]/C","G2B_ONECH_C2H/shadow_last_global_reg[3]/D","Clock enable controlled CDC structure detected"
"1254","886","CDC-15#830","CDC-15","Warning","nvp_vclk1","userclk1","No Common Primary Clock","0","Max Delay Datapath Only","G2B_ONECH_C2H/reset_commit_phase_hold_source_reg[0]/C","G2B_ONECH_C2H/shadow_last_global_reg[4]/D","Clock enable controlled CDC structure detected"
"1256","888","CDC-15#831","CDC-15","Warning","nvp_vclk1","userclk1","No Common Primary Clock","0","Max Delay Datapath Only","G2B_ONECH_C2H/reset_commit_phase_hold_source_reg[0]/C","G2B_ONECH_C2H/shadow_last_global_reg[5]/D","Clock enable controlled CDC structure detected"
"1258","890","CDC-15#832","CDC-15","Warning","nvp_vclk1","userclk1","No Common Primary Clock","0","Max Delay Datapath Only","G2B_ONECH_C2H/reset_commit_phase_hold_source_reg[0]/C","G2B_ONECH_C2H/shadow_last_global_reg[6]/D","Clock enable controlled CDC structure detected"
"1260","892","CDC-15#833","CDC-15","Warning","nvp_vclk1","userclk1","No Common Primary Clock","0","Max Delay Datapath Only","G2B_ONECH_C2H/reset_commit_phase_hold_source_reg[0]/C","G2B_ONECH_C2H/shadow_last_global_reg[7]/D","Clock enable controlled CDC structure detected"
"1262","894","CDC-15#834","CDC-15","Warning","nvp_vclk1","userclk1","No Common Primary Clock","0","Max Delay Datapath Only","G2B_ONECH_C2H/reset_commit_phase_hold_source_reg[0]/C","G2B_ONECH_C2H/shadow_last_global_reg[8]/D","Clock enable controlled CDC structure detected"
"1264","896","CDC-15#835","CDC-15","Warning","nvp_vclk1","userclk1","No Common Primary Clock","0","Max Delay Datapath Only","G2B_ONECH_C2H/reset_commit_phase_hold_source_reg[0]/C","G2B_ONECH_C2H/shadow_last_global_reg[9]/D","Clock enable controlled CDC structure detected"
"1266","898","CDC-15#836","CDC-15","Warning","nvp_vclk1","userclk1","No Common Primary Clock","0","Max Delay Datapath Only","G2B_ONECH_C2H/reset_commit_phase_hold_source_reg[0]/C","G2B_ONECH_C2H/shadow_last_global_reg[10]/D","Clock enable controlled CDC structure detected"
"1268","900","CDC-15#837","CDC-15","Warning","nvp_vclk1","userclk1","No Common Primary Clock","0","Max Delay Datapath Only","G2B_ONECH_C2H/reset_commit_phase_hold_source_reg[0]/C","G2B_ONECH_C2H/shadow_last_global_reg[11]/D","Clock enable controlled CDC structure detected"
"1270","902","CDC-15#838","CDC-15","Warning","nvp_vclk1","userclk1","No Common Primary Clock","0","Max Delay Datapath Only","G2B_ONECH_C2H/reset_commit_phase_hold_source_reg[0]/C","G2B_ONECH_C2H/shadow_last_global_reg[12]/D","Clock enable controlled CDC structure detected"
"1272","904","CDC-15#839","CDC-15","Warning","nvp_vclk1","userclk1","No Common Primary Clock","0","Max Delay Datapath Only","G2B_ONECH_C2H/reset_commit_phase_hold_source_reg[0]/C","G2B_ONECH_C2H/shadow_last_global_reg[13]/D","Clock enable controlled CDC structure detected"
"1274","906","CDC-15#840","CDC-15","Warning","nvp_vclk1","userclk1","No Common Primary Clock","0","Max Delay Datapath Only","G2B_ONECH_C2H/reset_commit_phase_hold_source_reg[0]/C","G2B_ONECH_C2H/shadow_last_global_reg[14]/D","Clock enable controlled CDC structure detected"
"1276","908","CDC-15#841","CDC-15","Warning","nvp_vclk1","userclk1","No Common Primary Clock","0","Max Delay Datapath Only","G2B_ONECH_C2H/reset_commit_phase_hold_source_reg[0]/C","G2B_ONECH_C2H/shadow_last_global_reg[15]/D","Clock enable controlled CDC structure detected"
"1278","910","CDC-15#842","CDC-15","Warning","nvp_vclk1","userclk1","No Common Primary Clock","0","Max Delay Datapath Only","G2B_ONECH_C2H/reset_commit_phase_hold_source_reg[0]/C","G2B_ONECH_C2H/shadow_last_global_reg[16]/D","Clock enable controlled CDC structure detected"
"1280","912","CDC-15#843","CDC-15","Warning","nvp_vclk1","userclk1","No Common Primary Clock","0","Max Delay Datapath Only","G2B_ONECH_C2H/reset_commit_phase_hold_source_reg[0]/C","G2B_ONECH_C2H/shadow_last_global_reg[17]/D","Clock enable controlled CDC structure detected"
"1282","914","CDC-15#844","CDC-15","Warning","nvp_vclk1","userclk1","No Common Primary Clock","0","Max Delay Datapath Only","G2B_ONECH_C2H/reset_commit_phase_hold_source_reg[0]/C","G2B_ONECH_C2H/shadow_last_global_reg[18]/D","Clock enable controlled CDC structure detected"
"1284","916","CDC-15#845","CDC-15","Warning","nvp_vclk1","userclk1","No Common Primary Clock","0","Max Delay Datapath Only","G2B_ONECH_C2H/reset_commit_phase_hold_source_reg[0]/C","G2B_ONECH_C2H/shadow_last_global_reg[19]/D","Clock enable controlled CDC structure detected"
"1286","918","CDC-15#846","CDC-15","Warning","nvp_vclk1","userclk1","No Common Primary Clock","0","Max Delay Datapath Only","G2B_ONECH_C2H/reset_commit_phase_hold_source_reg[0]/C","G2B_ONECH_C2H/shadow_last_global_reg[20]/D","Clock enable controlled CDC structure detected"
"1288","920","CDC-15#847","CDC-15","Warning","nvp_vclk1","userclk1","No Common Primary Clock","0","Max Delay Datapath Only","G2B_ONECH_C2H/reset_commit_phase_hold_source_reg[0]/C","G2B_ONECH_C2H/shadow_last_global_reg[21]/D","Clock enable controlled CDC structure detected"
"1290","922","CDC-15#848","CDC-15","Warning","nvp_vclk1","userclk1","No Common Primary Clock","0","Max Delay Datapath Only","G2B_ONECH_C2H/reset_commit_phase_hold_source_reg[0]/C","G2B_ONECH_C2H/shadow_last_global_reg[22]/D","Clock enable controlled CDC structure detected"
"1292","924","CDC-15#849","CDC-15","Warning","nvp_vclk1","userclk1","No Common Primary Clock","0","Max Delay Datapath Only","G2B_ONECH_C2H/reset_commit_phase_hold_source_reg[0]/C","G2B_ONECH_C2H/shadow_last_global_reg[23]/D","Clock enable controlled CDC structure detected"
"1294","926","CDC-15#850","CDC-15","Warning","nvp_vclk1","userclk1","No Common Primary Clock","0","Max Delay Datapath Only","G2B_ONECH_C2H/reset_commit_phase_hold_source_reg[0]/C","G2B_ONECH_C2H/shadow_last_global_reg[24]/D","Clock enable controlled CDC structure detected"
"1296","928","CDC-15#851","CDC-15","Warning","nvp_vclk1","userclk1","No Common Primary Clock","0","Max Delay Datapath Only","G2B_ONECH_C2H/reset_commit_phase_hold_source_reg[0]/C","G2B_ONECH_C2H/shadow_last_global_reg[25]/D","Clock enable controlled CDC structure detected"
"1298","930","CDC-15#852","CDC-15","Warning","nvp_vclk1","userclk1","No Common Primary Clock","0","Max Delay Datapath Only","G2B_ONECH_C2H/reset_commit_phase_hold_source_reg[0]/C","G2B_ONECH_C2H/shadow_last_global_reg[26]/D","Clock enable controlled CDC structure detected"
"1300","932","CDC-15#853","CDC-15","Warning","nvp_vclk1","userclk1","No Common Primary Clock","0","Max Delay Datapath Only","G2B_ONECH_C2H/reset_commit_phase_hold_source_reg[0]/C","G2B_ONECH_C2H/shadow_last_global_reg[27]/D","Clock enable controlled CDC structure detected"
"1302","934","CDC-15#854","CDC-15","Warning","nvp_vclk1","userclk1","No Common Primary Clock","0","Max Delay Datapath Only","G2B_ONECH_C2H/reset_commit_phase_hold_source_reg[0]/C","G2B_ONECH_C2H/shadow_last_global_reg[28]/D","Clock enable controlled CDC structure detected"
"1304","936","CDC-15#855","CDC-15","Warning","nvp_vclk1","userclk1","No Common Primary Clock","0","Max Delay Datapath Only","G2B_ONECH_C2H/reset_commit_phase_hold_source_reg[0]/C","G2B_ONECH_C2H/shadow_last_global_reg[29]/D","Clock enable controlled CDC structure detected"
"1306","938","CDC-15#856","CDC-15","Warning","nvp_vclk1","userclk1","No Common Primary Clock","0","Max Delay Datapath Only","G2B_ONECH_C2H/reset_commit_phase_hold_source_reg[0]/C","G2B_ONECH_C2H/shadow_last_global_reg[30]/D","Clock enable controlled CDC structure detected"
"1308","940","CDC-15#857","CDC-15","Warning","nvp_vclk1","userclk1","No Common Primary Clock","0","Max Delay Datapath Only","G2B_ONECH_C2H/reset_commit_phase_hold_source_reg[0]/C","G2B_ONECH_C2H/shadow_last_global_reg[31]/D","Clock enable controlled CDC structure detected"
"1311","943","CDC-6#8","CDC-6","Warning","nvp_vclk1","userclk1","No Common Primary Clock","2","Max Delay Datapath Only","G2B_ONECH_C2H/snapshot_attempted_gray_hold_source_reg[31:0]/C","G2B_ONECH_C2H/snapshot_attempted_sync1_axi_reg[31:0]/D","Multi-bit synchronized with ASYNC_REG property"
"1313","945","CDC-6#9","CDC-6","Warning","nvp_vclk1","userclk1","No Common Primary Clock","2","Max Delay Datapath Only","G2B_ONECH_C2H/snapshot_committed_gray_hold_source_reg[31:0]/C","G2B_ONECH_C2H/snapshot_committed_sync1_axi_reg[31:0]/D","Multi-bit synchronized with ASYNC_REG property"
"1314","946","CDC-6#10","CDC-6","Warning","nvp_vclk1","userclk1","No Common Primary Clock","2","Max Delay Datapath Only","G2B_ONECH_C2H/snapshot_dropped_gray_hold_source_reg[31:0]/C","G2B_ONECH_C2H/snapshot_dropped_sync1_axi_reg[31:0]/D","Multi-bit synchronized with ASYNC_REG property"
"1315","947","CDC-6#11","CDC-6","Warning","nvp_vclk1","userclk1","No Common Primary Clock","2","Max Delay Datapath Only","G2B_ONECH_C2H/snapshot_epoch_echo_source_reg[31:0]/C","G2B_ONECH_C2H/snapshot_epoch_sync1_axi_reg[31:0]/D","Multi-bit synchronized with ASYNC_REG property"
"1316","948","CDC-6#12","CDC-6","Warning","nvp_vclk1","userclk1","No Common Primary Clock","2","Max Delay Datapath Only","G2B_ONECH_C2H/snapshot_overflow_gray_hold_source_reg[31:0]/C","G2B_ONECH_C2H/snapshot_overflow_sync1_axi_reg[31:0]/D","Multi-bit synchronized with ASYNC_REG property"
"1329","961","CDC-15#858","CDC-15","Warning","nvp_vclk1","userclk1","No Common Primary Clock","0","Max Delay Datapath Only","G2B_ONECH_C2H/reset_commit_phase_hold_source_reg[0]/C","G2B_ONECH_C2H/transport_release_phase_hold_axi_reg[0]/D","Clock enable controlled CDC structure detected"
"1331","963","CDC-15#859","CDC-15","Warning","nvp_vclk1","userclk1","No Common Primary Clock","0","Max Delay Datapath Only","G2B_ONECH_C2H/reset_commit_phase_hold_source_reg[0]/C","G2B_ONECH_C2H/transport_release_phase_hold_axi_reg[1]/D","Clock enable controlled CDC structure detected"
"1333","965","CDC-15#860","CDC-15","Warning","nvp_vclk1","userclk1","No Common Primary Clock","0","Max Delay Datapath Only","G2B_ONECH_C2H/reset_commit_phase_hold_source_reg[0]/C","G2B_ONECH_C2H/transport_release_phase_hold_axi_reg[2]/D","Clock enable controlled CDC structure detected"
"1335","967","CDC-15#861","CDC-15","Warning","nvp_vclk1","userclk1","No Common Primary Clock","0","Max Delay Datapath Only","G2B_ONECH_C2H/reset_commit_phase_hold_source_reg[0]/C","G2B_ONECH_C2H/transport_release_phase_hold_axi_reg[3]/D","Clock enable controlled CDC structure detected"
"1337","969","CDC-6#13","CDC-6","Warning","nvp_vclk1","userclk1","No Common Primary Clock","2","Max Delay Datapath Only","vclk_edge_gray_nvp_reg[31:0]/C","vclk_edge_gray_sync1_user_reg[31:0]/D","Multi-bit synchronized with ASYNC_REG property"
