"GlobalRow","SectionRow","ViolationName","Rule","Severity","SourceClock","DestinationClock","CDCType","Depth","Exception","PhysicalSource","DestinationEndpoint","Description"
"3","1","CDC-13#1","CDC-13","Critical","clk_125mhz_mux_x0y0","clk_250mhz_x0y0","User Ignored","0","False Path","XDMA/inst/xdma_v41_m1_pcie2_to_pcie3_wrapper_i/pcie2_ip_i/inst/inst/gt_top_i/pipe_wrapper_i/pipe_clock_int.pipe_clock_i/pclk_sel_reg/C","XDMA/inst/xdma_v41_m1_pcie2_to_pcie3_wrapper_i/pcie2_ip_i/inst/inst/gt_top_i/pipe_wrapper_i/pipe_clock_int.pipe_clock_i/pclk_i1_bufgctrl.pclk_i1/S1","1-bit CDC path on a non-FD primitive"
"4","1","CDC-13#2","CDC-13","Critical","clk_250mhz_mux_x0y0","clk_250mhz_x0y0","User Ignored","0","False Path","XDMA/inst/xdma_v41_m1_pcie2_to_pcie3_wrapper_i/pcie2_ip_i/inst/inst/gt_top_i/pipe_wrapper_i/pipe_clock_int.pipe_clock_i/pclk_sel_reg/C","XDMA/inst/xdma_v41_m1_pcie2_to_pcie3_wrapper_i/pcie2_ip_i/inst/inst/gt_top_i/pipe_wrapper_i/pipe_clock_int.pipe_clock_i/pclk_i1_bufgctrl.pclk_i1/S1","1-bit CDC path on a non-FD primitive"
"85","81","CDC-1#1","CDC-1","Critical","userclk1","nvp_vclk1","No Common Primary Clock","0","Max Delay Datapath Only","G2B_ONECH_C2H/axis_slot_reg[1]/C","G2B_ONECH_C2H/enable_applied_source_reg/D","1-bit unknown CDC circuitry"
"87","83","CDC-10#1","CDC-10","Critical","userclk1","nvp_vclk1","No Common Primary Clock","2","False Path","G2B_ONECH_C2H/error_status_axi_reg[5]/C","G2B_ONECH_C2H/fatal_sync1_source_reg/D","Combinational logic detected before a synchronizer"
"127","123","CDC-1#2","CDC-1","Critical","userclk1","nvp_vclk1","No Common Primary Clock","0","Max Delay Datapath Only","G2B_ONECH_C2H/transport_release_phase_hold_axi_reg[0]/C","G2B_ONECH_C2H/own_ack_toggle_source_reg/D","1-bit unknown CDC circuitry"
"128","124","CDC-1#3","CDC-1","Critical","userclk1","nvp_vclk1","No Common Primary Clock","0","Max Delay Datapath Only","G2B_ONECH_C2H/axis_slot_reg[1]/C","G2B_ONECH_C2H/own_ok_hold_source_reg/D","1-bit unknown CDC circuitry"
"129","125","CDC-1#4","CDC-1","Critical","userclk1","nvp_vclk1","No Common Primary Clock","0","Max Delay Datapath Only","G2B_ONECH_C2H/transport_release_phase_hold_axi_reg[0]/C","G2B_ONECH_C2H/own_req_seen_source_reg/D","1-bit unknown CDC circuitry"
"228","224","CDC-1#5","CDC-1","Critical","userclk1","nvp_vclk1","No Common Primary Clock","0","Max Delay Datapath Only","G2B_ONECH_C2H/transport_release_phase_hold_axi_reg[0]/C","G2B_ONECH_C2H/release_seen_source_reg[0]/D","1-bit unknown CDC circuitry"
"229","225","CDC-1#6","CDC-1","Critical","userclk1","nvp_vclk1","No Common Primary Clock","0","Max Delay Datapath Only","G2B_ONECH_C2H/transport_release_phase_hold_axi_reg[0]/C","G2B_ONECH_C2H/release_seen_source_reg[1]/D","1-bit unknown CDC circuitry"
"230","226","CDC-1#7","CDC-1","Critical","userclk1","nvp_vclk1","No Common Primary Clock","0","Max Delay Datapath Only","G2B_ONECH_C2H/transport_release_phase_hold_axi_reg[0]/C","G2B_ONECH_C2H/release_seen_source_reg[2]/D","1-bit unknown CDC circuitry"
"231","227","CDC-1#8","CDC-1","Critical","userclk1","nvp_vclk1","No Common Primary Clock","0","Max Delay Datapath Only","G2B_ONECH_C2H/transport_release_phase_hold_axi_reg[0]/C","G2B_ONECH_C2H/release_seen_source_reg[3]/D","1-bit unknown CDC circuitry"
"268","264","CDC-1#9","CDC-1","Critical","userclk1","nvp_vclk1","No Common Primary Clock","0","Max Delay Datapath Only","G2B_ONECH_C2H/axis_slot_reg[1]/C","G2B_ONECH_C2H/slot_state_source_reg[0][0]/D","1-bit unknown CDC circuitry"
"269","265","CDC-1#10","CDC-1","Critical","userclk1","nvp_vclk1","No Common Primary Clock","0","Max Delay Datapath Only","G2B_ONECH_C2H/axis_slot_reg[1]/C","G2B_ONECH_C2H/slot_state_source_reg[0][1]/D","1-bit unknown CDC circuitry"
"270","266","CDC-1#11","CDC-1","Critical","userclk1","nvp_vclk1","No Common Primary Clock","0","Max Delay Datapath Only","G2B_ONECH_C2H/axis_slot_reg[1]/C","G2B_ONECH_C2H/slot_state_source_reg[0][2]/D","1-bit unknown CDC circuitry"
"271","267","CDC-1#12","CDC-1","Critical","userclk1","nvp_vclk1","No Common Primary Clock","0","Max Delay Datapath Only","G2B_ONECH_C2H/axis_slot_reg[1]/C","G2B_ONECH_C2H/slot_state_source_reg[1][0]/D","1-bit unknown CDC circuitry"
"272","268","CDC-1#13","CDC-1","Critical","userclk1","nvp_vclk1","No Common Primary Clock","0","Max Delay Datapath Only","G2B_ONECH_C2H/axis_slot_reg[1]/C","G2B_ONECH_C2H/slot_state_source_reg[1][1]/D","1-bit unknown CDC circuitry"
"273","269","CDC-1#14","CDC-1","Critical","userclk1","nvp_vclk1","No Common Primary Clock","0","Max Delay Datapath Only","G2B_ONECH_C2H/axis_slot_reg[1]/C","G2B_ONECH_C2H/slot_state_source_reg[1][2]/D","1-bit unknown CDC circuitry"
"274","270","CDC-1#15","CDC-1","Critical","userclk1","nvp_vclk1","No Common Primary Clock","0","Max Delay Datapath Only","G2B_ONECH_C2H/axis_slot_reg[1]/C","G2B_ONECH_C2H/slot_state_source_reg[2][0]/D","1-bit unknown CDC circuitry"
"275","271","CDC-1#16","CDC-1","Critical","userclk1","nvp_vclk1","No Common Primary Clock","0","Max Delay Datapath Only","G2B_ONECH_C2H/axis_slot_reg[1]/C","G2B_ONECH_C2H/slot_state_source_reg[2][1]/D","1-bit unknown CDC circuitry"
"276","272","CDC-1#17","CDC-1","Critical","userclk1","nvp_vclk1","No Common Primary Clock","0","Max Delay Datapath Only","G2B_ONECH_C2H/axis_slot_reg[1]/C","G2B_ONECH_C2H/slot_state_source_reg[2][2]/D","1-bit unknown CDC circuitry"
"277","273","CDC-1#18","CDC-1","Critical","userclk1","nvp_vclk1","No Common Primary Clock","0","Max Delay Datapath Only","G2B_ONECH_C2H/axis_slot_reg[1]/C","G2B_ONECH_C2H/slot_state_source_reg[3][0]/D","1-bit unknown CDC circuitry"
"278","274","CDC-1#19","CDC-1","Critical","userclk1","nvp_vclk1","No Common Primary Clock","0","Max Delay Datapath Only","G2B_ONECH_C2H/axis_slot_reg[1]/C","G2B_ONECH_C2H/slot_state_source_reg[3][1]/D","1-bit unknown CDC circuitry"
"279","275","CDC-1#20","CDC-1","Critical","userclk1","nvp_vclk1","No Common Primary Clock","0","Max Delay Datapath Only","G2B_ONECH_C2H/axis_slot_reg[1]/C","G2B_ONECH_C2H/slot_state_source_reg[3][2]/D","1-bit unknown CDC circuitry"
"313","309","CDC-1#21","CDC-1","Critical","userclk1","nvp_vclk1","No Common Primary Clock","0","Max Delay Datapath Only","G2B_ONECH_C2H/transport_hard_hold_axi_reg/C","G2B_ONECH_C2H/source_drop_deferred_reg/D","1-bit unknown CDC circuitry"
"314","310","CDC-1#22","CDC-1","Critical","userclk1","nvp_vclk1","No Common Primary Clock","0","Max Delay Datapath Only","G2B_ONECH_C2H/transport_hard_hold_axi_reg/C","G2B_ONECH_C2H/source_drop_deferred_reg/R","1-bit unknown CDC circuitry"
"315","311","CDC-1#23","CDC-1","Critical","userclk1","nvp_vclk1","No Common Primary Clock","0","Max Delay Datapath Only","G2B_ONECH_C2H/transport_hard_hold_axi_reg/C","G2B_ONECH_C2H/source_drop_event_reg/D","1-bit unknown CDC circuitry"
"316","312","CDC-1#24","CDC-1","Critical","userclk1","nvp_vclk1","No Common Primary Clock","0","Max Delay Datapath Only","G2B_ONECH_C2H/transport_hard_hold_axi_reg/C","G2B_ONECH_C2H/source_formatter_clear_pending_reg/D","1-bit unknown CDC circuitry"
"317","313","CDC-1#25","CDC-1","Critical","userclk1","nvp_vclk1","No Common Primary Clock","0","Max Delay Datapath Only","G2B_ONECH_C2H/transport_hard_hold_axi_reg/C","G2B_ONECH_C2H/source_formatter_fatal_deferred_reg/R","1-bit unknown CDC circuitry"
"318","314","CDC-1#26","CDC-1","Critical","userclk1","nvp_vclk1","No Common Primary Clock","0","Max Delay Datapath Only","G2B_ONECH_C2H/transport_hard_hold_axi_reg/C","G2B_ONECH_C2H/source_formatter_fatal_event_reg/D","1-bit unknown CDC circuitry"
"319","315","CDC-1#27","CDC-1","Critical","userclk1","nvp_vclk1","No Common Primary Clock","0","Max Delay Datapath Only","G2B_ONECH_C2H/transport_hard_hold_axi_reg/C","G2B_ONECH_C2H/source_formatter_fatal_reg/D","1-bit unknown CDC circuitry"
"320","316","CDC-1#28","CDC-1","Critical","userclk1","nvp_vclk1","No Common Primary Clock","0","Max Delay Datapath Only","G2B_ONECH_C2H/transport_hard_hold_axi_reg/C","G2B_ONECH_C2H/source_lifetime_dropped_reg[0]/CE","1-bit unknown CDC circuitry"
"321","317","CDC-1#29","CDC-1","Critical","userclk1","nvp_vclk1","No Common Primary Clock","0","Max Delay Datapath Only","G2B_ONECH_C2H/transport_hard_hold_axi_reg/C","G2B_ONECH_C2H/source_lifetime_dropped_reg[1]/CE","1-bit unknown CDC circuitry"
"322","318","CDC-1#30","CDC-1","Critical","userclk1","nvp_vclk1","No Common Primary Clock","0","Max Delay Datapath Only","G2B_ONECH_C2H/transport_hard_hold_axi_reg/C","G2B_ONECH_C2H/source_lifetime_dropped_reg[2]/CE","1-bit unknown CDC circuitry"
"323","319","CDC-1#31","CDC-1","Critical","userclk1","nvp_vclk1","No Common Primary Clock","0","Max Delay Datapath Only","G2B_ONECH_C2H/transport_hard_hold_axi_reg/C","G2B_ONECH_C2H/source_lifetime_dropped_reg[3]/CE","1-bit unknown CDC circuitry"
"324","320","CDC-1#32","CDC-1","Critical","userclk1","nvp_vclk1","No Common Primary Clock","0","Max Delay Datapath Only","G2B_ONECH_C2H/transport_hard_hold_axi_reg/C","G2B_ONECH_C2H/source_lifetime_dropped_reg[4]/CE","1-bit unknown CDC circuitry"
"325","321","CDC-1#33","CDC-1","Critical","userclk1","nvp_vclk1","No Common Primary Clock","0","Max Delay Datapath Only","G2B_ONECH_C2H/transport_hard_hold_axi_reg/C","G2B_ONECH_C2H/source_lifetime_dropped_reg[5]/CE","1-bit unknown CDC circuitry"
"326","322","CDC-1#34","CDC-1","Critical","userclk1","nvp_vclk1","No Common Primary Clock","0","Max Delay Datapath Only","G2B_ONECH_C2H/transport_hard_hold_axi_reg/C","G2B_ONECH_C2H/source_lifetime_dropped_reg[6]/CE","1-bit unknown CDC circuitry"
"327","323","CDC-1#35","CDC-1","Critical","userclk1","nvp_vclk1","No Common Primary Clock","0","Max Delay Datapath Only","G2B_ONECH_C2H/transport_hard_hold_axi_reg/C","G2B_ONECH_C2H/source_lifetime_dropped_reg[7]/CE","1-bit unknown CDC circuitry"
"328","324","CDC-1#36","CDC-1","Critical","userclk1","nvp_vclk1","No Common Primary Clock","0","Max Delay Datapath Only","G2B_ONECH_C2H/transport_hard_hold_axi_reg/C","G2B_ONECH_C2H/source_lifetime_dropped_reg[8]/CE","1-bit unknown CDC circuitry"
"329","325","CDC-1#37","CDC-1","Critical","userclk1","nvp_vclk1","No Common Primary Clock","0","Max Delay Datapath Only","G2B_ONECH_C2H/transport_hard_hold_axi_reg/C","G2B_ONECH_C2H/source_lifetime_dropped_reg[9]/CE","1-bit unknown CDC circuitry"
"330","326","CDC-1#38","CDC-1","Critical","userclk1","nvp_vclk1","No Common Primary Clock","0","Max Delay Datapath Only","G2B_ONECH_C2H/transport_hard_hold_axi_reg/C","G2B_ONECH_C2H/source_lifetime_dropped_reg[10]/CE","1-bit unknown CDC circuitry"
"331","327","CDC-1#39","CDC-1","Critical","userclk1","nvp_vclk1","No Common Primary Clock","0","Max Delay Datapath Only","G2B_ONECH_C2H/transport_hard_hold_axi_reg/C","G2B_ONECH_C2H/source_lifetime_dropped_reg[11]/CE","1-bit unknown CDC circuitry"
"332","328","CDC-1#40","CDC-1","Critical","userclk1","nvp_vclk1","No Common Primary Clock","0","Max Delay Datapath Only","G2B_ONECH_C2H/transport_hard_hold_axi_reg/C","G2B_ONECH_C2H/source_lifetime_dropped_reg[12]/CE","1-bit unknown CDC circuitry"
"333","329","CDC-1#41","CDC-1","Critical","userclk1","nvp_vclk1","No Common Primary Clock","0","Max Delay Datapath Only","G2B_ONECH_C2H/transport_hard_hold_axi_reg/C","G2B_ONECH_C2H/source_lifetime_dropped_reg[13]/CE","1-bit unknown CDC circuitry"
"334","330","CDC-1#42","CDC-1","Critical","userclk1","nvp_vclk1","No Common Primary Clock","0","Max Delay Datapath Only","G2B_ONECH_C2H/transport_hard_hold_axi_reg/C","G2B_ONECH_C2H/source_lifetime_dropped_reg[14]/CE","1-bit unknown CDC circuitry"
"335","331","CDC-1#43","CDC-1","Critical","userclk1","nvp_vclk1","No Common Primary Clock","0","Max Delay Datapath Only","G2B_ONECH_C2H/transport_hard_hold_axi_reg/C","G2B_ONECH_C2H/source_lifetime_dropped_reg[15]/CE","1-bit unknown CDC circuitry"
"336","332","CDC-1#44","CDC-1","Critical","userclk1","nvp_vclk1","No Common Primary Clock","0","Max Delay Datapath Only","G2B_ONECH_C2H/transport_hard_hold_axi_reg/C","G2B_ONECH_C2H/source_lifetime_dropped_reg[16]/CE","1-bit unknown CDC circuitry"
"337","333","CDC-1#45","CDC-1","Critical","userclk1","nvp_vclk1","No Common Primary Clock","0","Max Delay Datapath Only","G2B_ONECH_C2H/transport_hard_hold_axi_reg/C","G2B_ONECH_C2H/source_lifetime_dropped_reg[17]/CE","1-bit unknown CDC circuitry"
"338","334","CDC-1#46","CDC-1","Critical","userclk1","nvp_vclk1","No Common Primary Clock","0","Max Delay Datapath Only","G2B_ONECH_C2H/transport_hard_hold_axi_reg/C","G2B_ONECH_C2H/source_lifetime_dropped_reg[18]/CE","1-bit unknown CDC circuitry"
"339","335","CDC-1#47","CDC-1","Critical","userclk1","nvp_vclk1","No Common Primary Clock","0","Max Delay Datapath Only","G2B_ONECH_C2H/transport_hard_hold_axi_reg/C","G2B_ONECH_C2H/source_lifetime_dropped_reg[19]/CE","1-bit unknown CDC circuitry"
"340","336","CDC-1#48","CDC-1","Critical","userclk1","nvp_vclk1","No Common Primary Clock","0","Max Delay Datapath Only","G2B_ONECH_C2H/transport_hard_hold_axi_reg/C","G2B_ONECH_C2H/source_lifetime_dropped_reg[20]/CE","1-bit unknown CDC circuitry"
"341","337","CDC-1#49","CDC-1","Critical","userclk1","nvp_vclk1","No Common Primary Clock","0","Max Delay Datapath Only","G2B_ONECH_C2H/transport_hard_hold_axi_reg/C","G2B_ONECH_C2H/source_lifetime_dropped_reg[21]/CE","1-bit unknown CDC circuitry"
"342","338","CDC-1#50","CDC-1","Critical","userclk1","nvp_vclk1","No Common Primary Clock","0","Max Delay Datapath Only","G2B_ONECH_C2H/transport_hard_hold_axi_reg/C","G2B_ONECH_C2H/source_lifetime_dropped_reg[22]/CE","1-bit unknown CDC circuitry"
"343","339","CDC-1#51","CDC-1","Critical","userclk1","nvp_vclk1","No Common Primary Clock","0","Max Delay Datapath Only","G2B_ONECH_C2H/transport_hard_hold_axi_reg/C","G2B_ONECH_C2H/source_lifetime_dropped_reg[23]/CE","1-bit unknown CDC circuitry"
"344","340","CDC-1#52","CDC-1","Critical","userclk1","nvp_vclk1","No Common Primary Clock","0","Max Delay Datapath Only","G2B_ONECH_C2H/transport_hard_hold_axi_reg/C","G2B_ONECH_C2H/source_lifetime_dropped_reg[24]/CE","1-bit unknown CDC circuitry"
"345","341","CDC-1#53","CDC-1","Critical","userclk1","nvp_vclk1","No Common Primary Clock","0","Max Delay Datapath Only","G2B_ONECH_C2H/transport_hard_hold_axi_reg/C","G2B_ONECH_C2H/source_lifetime_dropped_reg[25]/CE","1-bit unknown CDC circuitry"
"346","342","CDC-1#54","CDC-1","Critical","userclk1","nvp_vclk1","No Common Primary Clock","0","Max Delay Datapath Only","G2B_ONECH_C2H/transport_hard_hold_axi_reg/C","G2B_ONECH_C2H/source_lifetime_dropped_reg[26]/CE","1-bit unknown CDC circuitry"
"347","343","CDC-1#55","CDC-1","Critical","userclk1","nvp_vclk1","No Common Primary Clock","0","Max Delay Datapath Only","G2B_ONECH_C2H/transport_hard_hold_axi_reg/C","G2B_ONECH_C2H/source_lifetime_dropped_reg[27]/CE","1-bit unknown CDC circuitry"
"348","344","CDC-1#56","CDC-1","Critical","userclk1","nvp_vclk1","No Common Primary Clock","0","Max Delay Datapath Only","G2B_ONECH_C2H/transport_hard_hold_axi_reg/C","G2B_ONECH_C2H/source_lifetime_dropped_reg[28]/CE","1-bit unknown CDC circuitry"
"349","345","CDC-1#57","CDC-1","Critical","userclk1","nvp_vclk1","No Common Primary Clock","0","Max Delay Datapath Only","G2B_ONECH_C2H/transport_hard_hold_axi_reg/C","G2B_ONECH_C2H/source_lifetime_dropped_reg[29]/CE","1-bit unknown CDC circuitry"
"350","346","CDC-1#58","CDC-1","Critical","userclk1","nvp_vclk1","No Common Primary Clock","0","Max Delay Datapath Only","G2B_ONECH_C2H/transport_hard_hold_axi_reg/C","G2B_ONECH_C2H/source_lifetime_dropped_reg[30]/CE","1-bit unknown CDC circuitry"
"351","347","CDC-1#59","CDC-1","Critical","userclk1","nvp_vclk1","No Common Primary Clock","0","Max Delay Datapath Only","G2B_ONECH_C2H/transport_hard_hold_axi_reg/C","G2B_ONECH_C2H/source_lifetime_dropped_reg[31]/CE","1-bit unknown CDC circuitry"
"352","348","CDC-1#60","CDC-1","Critical","userclk1","nvp_vclk1","No Common Primary Clock","0","Max Delay Datapath Only","G2B_ONECH_C2H/transport_hard_hold_axi_reg/C","G2B_ONECH_C2H/source_overflow_deferred_reg/R","1-bit unknown CDC circuitry"
"353","349","CDC-1#61","CDC-1","Critical","userclk1","nvp_vclk1","No Common Primary Clock","0","Max Delay Datapath Only","G2B_ONECH_C2H/transport_hard_hold_axi_reg/C","G2B_ONECH_C2H/source_overflow_event_reg/D","1-bit unknown CDC circuitry"
"354","350","CDC-1#62","CDC-1","Critical","userclk1","nvp_vclk1","No Common Primary Clock","0","Max Delay Datapath Only","G2B_ONECH_C2H/transport_hard_hold_axi_reg/C","G2B_ONECH_C2H/source_ownership_clear_pending_reg/D","1-bit unknown CDC circuitry"
"355","351","CDC-1#63","CDC-1","Critical","userclk1","nvp_vclk1","No Common Primary Clock","0","Max Delay Datapath Only","G2B_ONECH_C2H/axis_slot_reg[1]/C","G2B_ONECH_C2H/source_ownership_fatal_deferred_reg/D","1-bit unknown CDC circuitry"
"356","352","CDC-1#64","CDC-1","Critical","userclk1","nvp_vclk1","No Common Primary Clock","0","Max Delay Datapath Only","G2B_ONECH_C2H/transport_hard_hold_axi_reg/C","G2B_ONECH_C2H/source_ownership_fatal_deferred_reg/R","1-bit unknown CDC circuitry"
"357","353","CDC-1#65","CDC-1","Critical","userclk1","nvp_vclk1","No Common Primary Clock","0","Max Delay Datapath Only","G2B_ONECH_C2H/axis_slot_reg[1]/C","G2B_ONECH_C2H/source_ownership_fatal_event_reg/D","1-bit unknown CDC circuitry"
"358","354","CDC-1#66","CDC-1","Critical","userclk1","nvp_vclk1","No Common Primary Clock","0","Max Delay Datapath Only","G2B_ONECH_C2H/axis_slot_reg[1]/C","G2B_ONECH_C2H/source_ownership_fatal_reg/D","1-bit unknown CDC circuitry"
"360","356","CDC-1#67","CDC-1","Critical","userclk1","nvp_vclk1","No Common Primary Clock","0","Max Delay Datapath Only","G2B_ONECH_C2H/transport_release_phase_hold_axi_reg[0]/C","G2B_ONECH_C2H/transport_ack_toggle_source_reg/D","1-bit unknown CDC circuitry"
"362","358","CDC-1#68","CDC-1","Critical","userclk1","nvp_vclk1","No Common Primary Clock","0","Max Delay Datapath Only","G2B_ONECH_C2H/transport_release_phase_hold_axi_reg[0]/C","G2B_ONECH_C2H/transport_retire_pending_source_reg/D","1-bit unknown CDC circuitry"
"665","297","CDC-1#69","CDC-1","Critical","nvp_vclk1","userclk1","No Common Primary Clock","0","Max Delay Datapath Only","G2B_ONECH_C2H/reset_commit_phase_hold_source_reg[0]/C","G2B_ONECH_C2H/axi_hard_episode_reg/D","1-bit unknown CDC circuitry"
"763","395","CDC-1#70","CDC-1","Critical","nvp_vclk1","userclk1","No Common Primary Clock","0","Max Delay Datapath Only","G2B_ONECH_C2H/own_ok_hold_source_reg/C","G2B_ONECH_C2H/axis_global_reg[0]/CE","1-bit unknown CDC circuitry"
"764","396","CDC-1#71","CDC-1","Critical","nvp_vclk1","userclk1","No Common Primary Clock","0","Max Delay Datapath Only","G2B_ONECH_C2H/own_ok_hold_source_reg/C","G2B_ONECH_C2H/axis_global_reg[1]/CE","1-bit unknown CDC circuitry"
"765","397","CDC-1#72","CDC-1","Critical","nvp_vclk1","userclk1","No Common Primary Clock","0","Max Delay Datapath Only","G2B_ONECH_C2H/own_ok_hold_source_reg/C","G2B_ONECH_C2H/axis_global_reg[2]/CE","1-bit unknown CDC circuitry"
"766","398","CDC-1#73","CDC-1","Critical","nvp_vclk1","userclk1","No Common Primary Clock","0","Max Delay Datapath Only","G2B_ONECH_C2H/own_ok_hold_source_reg/C","G2B_ONECH_C2H/axis_global_reg[3]/CE","1-bit unknown CDC circuitry"
"767","399","CDC-1#74","CDC-1","Critical","nvp_vclk1","userclk1","No Common Primary Clock","0","Max Delay Datapath Only","G2B_ONECH_C2H/own_ok_hold_source_reg/C","G2B_ONECH_C2H/axis_global_reg[4]/CE","1-bit unknown CDC circuitry"
"768","400","CDC-1#75","CDC-1","Critical","nvp_vclk1","userclk1","No Common Primary Clock","0","Max Delay Datapath Only","G2B_ONECH_C2H/own_ok_hold_source_reg/C","G2B_ONECH_C2H/axis_global_reg[5]/CE","1-bit unknown CDC circuitry"
"769","401","CDC-1#76","CDC-1","Critical","nvp_vclk1","userclk1","No Common Primary Clock","0","Max Delay Datapath Only","G2B_ONECH_C2H/own_ok_hold_source_reg/C","G2B_ONECH_C2H/axis_global_reg[6]/CE","1-bit unknown CDC circuitry"
"770","402","CDC-1#77","CDC-1","Critical","nvp_vclk1","userclk1","No Common Primary Clock","0","Max Delay Datapath Only","G2B_ONECH_C2H/own_ok_hold_source_reg/C","G2B_ONECH_C2H/axis_global_reg[7]/CE","1-bit unknown CDC circuitry"
"771","403","CDC-1#78","CDC-1","Critical","nvp_vclk1","userclk1","No Common Primary Clock","0","Max Delay Datapath Only","G2B_ONECH_C2H/own_ok_hold_source_reg/C","G2B_ONECH_C2H/axis_global_reg[8]/CE","1-bit unknown CDC circuitry"
"772","404","CDC-1#79","CDC-1","Critical","nvp_vclk1","userclk1","No Common Primary Clock","0","Max Delay Datapath Only","G2B_ONECH_C2H/own_ok_hold_source_reg/C","G2B_ONECH_C2H/axis_global_reg[9]/CE","1-bit unknown CDC circuitry"
"773","405","CDC-1#80","CDC-1","Critical","nvp_vclk1","userclk1","No Common Primary Clock","0","Max Delay Datapath Only","G2B_ONECH_C2H/own_ok_hold_source_reg/C","G2B_ONECH_C2H/axis_global_reg[10]/CE","1-bit unknown CDC circuitry"
"774","406","CDC-1#81","CDC-1","Critical","nvp_vclk1","userclk1","No Common Primary Clock","0","Max Delay Datapath Only","G2B_ONECH_C2H/own_ok_hold_source_reg/C","G2B_ONECH_C2H/axis_global_reg[11]/CE","1-bit unknown CDC circuitry"
"775","407","CDC-1#82","CDC-1","Critical","nvp_vclk1","userclk1","No Common Primary Clock","0","Max Delay Datapath Only","G2B_ONECH_C2H/own_ok_hold_source_reg/C","G2B_ONECH_C2H/axis_global_reg[12]/CE","1-bit unknown CDC circuitry"
"776","408","CDC-1#83","CDC-1","Critical","nvp_vclk1","userclk1","No Common Primary Clock","0","Max Delay Datapath Only","G2B_ONECH_C2H/own_ok_hold_source_reg/C","G2B_ONECH_C2H/axis_global_reg[13]/CE","1-bit unknown CDC circuitry"
"777","409","CDC-1#84","CDC-1","Critical","nvp_vclk1","userclk1","No Common Primary Clock","0","Max Delay Datapath Only","G2B_ONECH_C2H/own_ok_hold_source_reg/C","G2B_ONECH_C2H/axis_global_reg[14]/CE","1-bit unknown CDC circuitry"
"778","410","CDC-1#85","CDC-1","Critical","nvp_vclk1","userclk1","No Common Primary Clock","0","Max Delay Datapath Only","G2B_ONECH_C2H/own_ok_hold_source_reg/C","G2B_ONECH_C2H/axis_global_reg[15]/CE","1-bit unknown CDC circuitry"
"779","411","CDC-1#86","CDC-1","Critical","nvp_vclk1","userclk1","No Common Primary Clock","0","Max Delay Datapath Only","G2B_ONECH_C2H/own_ok_hold_source_reg/C","G2B_ONECH_C2H/axis_global_reg[16]/CE","1-bit unknown CDC circuitry"
"780","412","CDC-1#87","CDC-1","Critical","nvp_vclk1","userclk1","No Common Primary Clock","0","Max Delay Datapath Only","G2B_ONECH_C2H/own_ok_hold_source_reg/C","G2B_ONECH_C2H/axis_global_reg[17]/CE","1-bit unknown CDC circuitry"
"781","413","CDC-1#88","CDC-1","Critical","nvp_vclk1","userclk1","No Common Primary Clock","0","Max Delay Datapath Only","G2B_ONECH_C2H/own_ok_hold_source_reg/C","G2B_ONECH_C2H/axis_global_reg[18]/CE","1-bit unknown CDC circuitry"
"782","414","CDC-1#89","CDC-1","Critical","nvp_vclk1","userclk1","No Common Primary Clock","0","Max Delay Datapath Only","G2B_ONECH_C2H/own_ok_hold_source_reg/C","G2B_ONECH_C2H/axis_global_reg[19]/CE","1-bit unknown CDC circuitry"
"783","415","CDC-1#90","CDC-1","Critical","nvp_vclk1","userclk1","No Common Primary Clock","0","Max Delay Datapath Only","G2B_ONECH_C2H/own_ok_hold_source_reg/C","G2B_ONECH_C2H/axis_global_reg[20]/CE","1-bit unknown CDC circuitry"
"784","416","CDC-1#91","CDC-1","Critical","nvp_vclk1","userclk1","No Common Primary Clock","0","Max Delay Datapath Only","G2B_ONECH_C2H/own_ok_hold_source_reg/C","G2B_ONECH_C2H/axis_global_reg[21]/CE","1-bit unknown CDC circuitry"
"785","417","CDC-1#92","CDC-1","Critical","nvp_vclk1","userclk1","No Common Primary Clock","0","Max Delay Datapath Only","G2B_ONECH_C2H/own_ok_hold_source_reg/C","G2B_ONECH_C2H/axis_global_reg[22]/CE","1-bit unknown CDC circuitry"
"786","418","CDC-1#93","CDC-1","Critical","nvp_vclk1","userclk1","No Common Primary Clock","0","Max Delay Datapath Only","G2B_ONECH_C2H/own_ok_hold_source_reg/C","G2B_ONECH_C2H/axis_global_reg[23]/CE","1-bit unknown CDC circuitry"
"787","419","CDC-1#94","CDC-1","Critical","nvp_vclk1","userclk1","No Common Primary Clock","0","Max Delay Datapath Only","G2B_ONECH_C2H/own_ok_hold_source_reg/C","G2B_ONECH_C2H/axis_global_reg[24]/CE","1-bit unknown CDC circuitry"
"788","420","CDC-1#95","CDC-1","Critical","nvp_vclk1","userclk1","No Common Primary Clock","0","Max Delay Datapath Only","G2B_ONECH_C2H/own_ok_hold_source_reg/C","G2B_ONECH_C2H/axis_global_reg[25]/CE","1-bit unknown CDC circuitry"
"789","421","CDC-1#96","CDC-1","Critical","nvp_vclk1","userclk1","No Common Primary Clock","0","Max Delay Datapath Only","G2B_ONECH_C2H/own_ok_hold_source_reg/C","G2B_ONECH_C2H/axis_global_reg[26]/CE","1-bit unknown CDC circuitry"
"790","422","CDC-1#97","CDC-1","Critical","nvp_vclk1","userclk1","No Common Primary Clock","0","Max Delay Datapath Only","G2B_ONECH_C2H/own_ok_hold_source_reg/C","G2B_ONECH_C2H/axis_global_reg[27]/CE","1-bit unknown CDC circuitry"
"791","423","CDC-1#98","CDC-1","Critical","nvp_vclk1","userclk1","No Common Primary Clock","0","Max Delay Datapath Only","G2B_ONECH_C2H/own_ok_hold_source_reg/C","G2B_ONECH_C2H/axis_global_reg[28]/CE","1-bit unknown CDC circuitry"
"792","424","CDC-1#99","CDC-1","Critical","nvp_vclk1","userclk1","No Common Primary Clock","0","Max Delay Datapath Only","G2B_ONECH_C2H/own_ok_hold_source_reg/C","G2B_ONECH_C2H/axis_global_reg[29]/CE","1-bit unknown CDC circuitry"
"793","425","CDC-1#100","CDC-1","Critical","nvp_vclk1","userclk1","No Common Primary Clock","0","Max Delay Datapath Only","G2B_ONECH_C2H/own_ok_hold_source_reg/C","G2B_ONECH_C2H/axis_global_reg[30]/CE","1-bit unknown CDC circuitry"
"794","426","CDC-1#101","CDC-1","Critical","nvp_vclk1","userclk1","No Common Primary Clock","0","Max Delay Datapath Only","G2B_ONECH_C2H/own_ok_hold_source_reg/C","G2B_ONECH_C2H/axis_global_reg[31]/CE","1-bit unknown CDC circuitry"
"795","427","CDC-1#102","CDC-1","Critical","nvp_vclk1","userclk1","No Common Primary Clock","0","Max Delay Datapath Only","G2B_ONECH_C2H/reset_commit_phase_hold_source_reg[0]/C","G2B_ONECH_C2H/axis_state_reg[0]/D","1-bit unknown CDC circuitry"
"796","428","CDC-1#103","CDC-1","Critical","nvp_vclk1","userclk1","No Common Primary Clock","0","Max Delay Datapath Only","G2B_ONECH_C2H/reset_commit_phase_hold_source_reg[0]/C","G2B_ONECH_C2H/axis_state_reg[1]/D","1-bit unknown CDC circuitry"
"797","429","CDC-1#104","CDC-1","Critical","nvp_vclk1","userclk1","No Common Primary Clock","0","Max Delay Datapath Only","G2B_ONECH_C2H/reset_commit_phase_hold_source_reg[0]/C","G2B_ONECH_C2H/axis_state_reg[2]/D","1-bit unknown CDC circuitry"
"798","430","CDC-1#105","CDC-1","Critical","nvp_vclk1","userclk1","No Common Primary Clock","0","Max Delay Datapath Only","G2B_ONECH_C2H/reset_commit_phase_hold_source_reg[0]/C","G2B_ONECH_C2H/commit_fifo_count_reg[0]/D","1-bit unknown CDC circuitry"
"799","431","CDC-1#106","CDC-1","Critical","nvp_vclk1","userclk1","No Common Primary Clock","0","Max Delay Datapath Only","G2B_ONECH_C2H/reset_commit_phase_hold_source_reg[0]/C","G2B_ONECH_C2H/commit_fifo_count_reg[1]/D","1-bit unknown CDC circuitry"
"800","432","CDC-1#107","CDC-1","Critical","nvp_vclk1","userclk1","No Common Primary Clock","0","Max Delay Datapath Only","G2B_ONECH_C2H/reset_commit_phase_hold_source_reg[0]/C","G2B_ONECH_C2H/commit_fifo_count_reg[2]/D","1-bit unknown CDC circuitry"
"801","433","CDC-1#108","CDC-1","Critical","nvp_vclk1","userclk1","No Common Primary Clock","0","Max Delay Datapath Only","G2B_ONECH_C2H/reset_commit_phase_hold_source_reg[0]/C","G2B_ONECH_C2H/commit_fifo_head_reg[0]/D","1-bit unknown CDC circuitry"
"802","434","CDC-1#109","CDC-1","Critical","nvp_vclk1","userclk1","No Common Primary Clock","0","Max Delay Datapath Only","G2B_ONECH_C2H/reset_commit_phase_hold_source_reg[0]/C","G2B_ONECH_C2H/commit_fifo_head_reg[1]/D","1-bit unknown CDC circuitry"
"803","435","CDC-1#110","CDC-1","Critical","nvp_vclk1","userclk1","No Common Primary Clock","0","Max Delay Datapath Only","G2B_ONECH_C2H/reset_commit_phase_hold_source_reg[0]/C","G2B_ONECH_C2H/commit_fifo_tail_reg[0]/D","1-bit unknown CDC circuitry"
"804","436","CDC-1#111","CDC-1","Critical","nvp_vclk1","userclk1","No Common Primary Clock","0","Max Delay Datapath Only","G2B_ONECH_C2H/reset_commit_phase_hold_source_reg[0]/C","G2B_ONECH_C2H/commit_fifo_tail_reg[1]/D","1-bit unknown CDC circuitry"
"805","437","CDC-1#112","CDC-1","Critical","nvp_vclk1","userclk1","No Common Primary Clock","0","Max Delay Datapath Only","G2B_ONECH_C2H/reset_commit_phase_hold_source_reg[0]/C","G2B_ONECH_C2H/commit_seen_axi_reg[0]/CE","1-bit unknown CDC circuitry"
"807","439","CDC-1#113","CDC-1","Critical","nvp_vclk1","userclk1","No Common Primary Clock","0","Max Delay Datapath Only","G2B_ONECH_C2H/reset_commit_phase_hold_source_reg[0]/C","G2B_ONECH_C2H/commit_seen_axi_reg[1]/CE","1-bit unknown CDC circuitry"
"809","441","CDC-1#114","CDC-1","Critical","nvp_vclk1","userclk1","No Common Primary Clock","0","Max Delay Datapath Only","G2B_ONECH_C2H/reset_commit_phase_hold_source_reg[0]/C","G2B_ONECH_C2H/commit_seen_axi_reg[2]/CE","1-bit unknown CDC circuitry"
"811","443","CDC-1#115","CDC-1","Critical","nvp_vclk1","userclk1","No Common Primary Clock","0","Max Delay Datapath Only","G2B_ONECH_C2H/reset_commit_phase_hold_source_reg[0]/C","G2B_ONECH_C2H/commit_seen_axi_reg[3]/CE","1-bit unknown CDC circuitry"
"816","448","CDC-1#116","CDC-1","Critical","nvp_vclk1","userclk1","No Common Primary Clock","0","Max Delay Datapath Only","G2B_ONECH_C2H/own_ok_hold_source_reg/C","G2B_ONECH_C2H/error_status_axi_reg[4]/D","1-bit unknown CDC circuitry"
"817","449","CDC-1#117","CDC-1","Critical","nvp_vclk1","userclk1","No Common Primary Clock","0","Max Delay Datapath Only","G2B_ONECH_C2H/own_ok_hold_source_reg/C","G2B_ONECH_C2H/fatal_clear_qualified_axi_reg/D","1-bit unknown CDC circuitry"
"818","450","CDC-1#118","CDC-1","Critical","nvp_vclk1","userclk1","No Common Primary Clock","0","Max Delay Datapath Only","G2B_ONECH_C2H/own_ok_hold_source_reg/C","G2B_ONECH_C2H/fatal_generation_axi_reg[0]/CE","1-bit unknown CDC circuitry"
"819","451","CDC-1#119","CDC-1","Critical","nvp_vclk1","userclk1","No Common Primary Clock","0","Max Delay Datapath Only","G2B_ONECH_C2H/own_ok_hold_source_reg/C","G2B_ONECH_C2H/fatal_generation_axi_reg[1]/CE","1-bit unknown CDC circuitry"
"820","452","CDC-1#120","CDC-1","Critical","nvp_vclk1","userclk1","No Common Primary Clock","0","Max Delay Datapath Only","G2B_ONECH_C2H/own_ok_hold_source_reg/C","G2B_ONECH_C2H/fatal_generation_axi_reg[2]/CE","1-bit unknown CDC circuitry"
"821","453","CDC-1#121","CDC-1","Critical","nvp_vclk1","userclk1","No Common Primary Clock","0","Max Delay Datapath Only","G2B_ONECH_C2H/own_ok_hold_source_reg/C","G2B_ONECH_C2H/fatal_generation_axi_reg[3]/CE","1-bit unknown CDC circuitry"
"822","454","CDC-1#122","CDC-1","Critical","nvp_vclk1","userclk1","No Common Primary Clock","0","Max Delay Datapath Only","G2B_ONECH_C2H/own_ok_hold_source_reg/C","G2B_ONECH_C2H/fatal_generation_axi_reg[4]/CE","1-bit unknown CDC circuitry"
"823","455","CDC-1#123","CDC-1","Critical","nvp_vclk1","userclk1","No Common Primary Clock","0","Max Delay Datapath Only","G2B_ONECH_C2H/own_ok_hold_source_reg/C","G2B_ONECH_C2H/fatal_generation_axi_reg[5]/CE","1-bit unknown CDC circuitry"
"824","456","CDC-1#124","CDC-1","Critical","nvp_vclk1","userclk1","No Common Primary Clock","0","Max Delay Datapath Only","G2B_ONECH_C2H/own_ok_hold_source_reg/C","G2B_ONECH_C2H/fatal_generation_axi_reg[6]/CE","1-bit unknown CDC circuitry"
"825","457","CDC-1#125","CDC-1","Critical","nvp_vclk1","userclk1","No Common Primary Clock","0","Max Delay Datapath Only","G2B_ONECH_C2H/own_ok_hold_source_reg/C","G2B_ONECH_C2H/fatal_generation_axi_reg[7]/CE","1-bit unknown CDC circuitry"
"826","458","CDC-1#126","CDC-1","Critical","nvp_vclk1","userclk1","No Common Primary Clock","0","Max Delay Datapath Only","G2B_ONECH_C2H/own_ok_hold_source_reg/C","G2B_ONECH_C2H/fatal_generation_axi_reg[8]/CE","1-bit unknown CDC circuitry"
"827","459","CDC-1#127","CDC-1","Critical","nvp_vclk1","userclk1","No Common Primary Clock","0","Max Delay Datapath Only","G2B_ONECH_C2H/own_ok_hold_source_reg/C","G2B_ONECH_C2H/fatal_generation_axi_reg[9]/CE","1-bit unknown CDC circuitry"
"828","460","CDC-1#128","CDC-1","Critical","nvp_vclk1","userclk1","No Common Primary Clock","0","Max Delay Datapath Only","G2B_ONECH_C2H/own_ok_hold_source_reg/C","G2B_ONECH_C2H/fatal_generation_axi_reg[10]/CE","1-bit unknown CDC circuitry"
"829","461","CDC-1#129","CDC-1","Critical","nvp_vclk1","userclk1","No Common Primary Clock","0","Max Delay Datapath Only","G2B_ONECH_C2H/own_ok_hold_source_reg/C","G2B_ONECH_C2H/fatal_generation_axi_reg[11]/CE","1-bit unknown CDC circuitry"
"830","462","CDC-1#130","CDC-1","Critical","nvp_vclk1","userclk1","No Common Primary Clock","0","Max Delay Datapath Only","G2B_ONECH_C2H/own_ok_hold_source_reg/C","G2B_ONECH_C2H/fatal_generation_axi_reg[12]/CE","1-bit unknown CDC circuitry"
"831","463","CDC-1#131","CDC-1","Critical","nvp_vclk1","userclk1","No Common Primary Clock","0","Max Delay Datapath Only","G2B_ONECH_C2H/own_ok_hold_source_reg/C","G2B_ONECH_C2H/fatal_generation_axi_reg[13]/CE","1-bit unknown CDC circuitry"
"832","464","CDC-1#132","CDC-1","Critical","nvp_vclk1","userclk1","No Common Primary Clock","0","Max Delay Datapath Only","G2B_ONECH_C2H/own_ok_hold_source_reg/C","G2B_ONECH_C2H/fatal_generation_axi_reg[14]/CE","1-bit unknown CDC circuitry"
"833","465","CDC-1#133","CDC-1","Critical","nvp_vclk1","userclk1","No Common Primary Clock","0","Max Delay Datapath Only","G2B_ONECH_C2H/own_ok_hold_source_reg/C","G2B_ONECH_C2H/fatal_generation_axi_reg[15]/CE","1-bit unknown CDC circuitry"
"834","466","CDC-1#134","CDC-1","Critical","nvp_vclk1","userclk1","No Common Primary Clock","0","Max Delay Datapath Only","G2B_ONECH_C2H/own_ok_hold_source_reg/C","G2B_ONECH_C2H/fatal_generation_axi_reg[16]/CE","1-bit unknown CDC circuitry"
"835","467","CDC-1#135","CDC-1","Critical","nvp_vclk1","userclk1","No Common Primary Clock","0","Max Delay Datapath Only","G2B_ONECH_C2H/own_ok_hold_source_reg/C","G2B_ONECH_C2H/fatal_generation_axi_reg[17]/CE","1-bit unknown CDC circuitry"
"836","468","CDC-1#136","CDC-1","Critical","nvp_vclk1","userclk1","No Common Primary Clock","0","Max Delay Datapath Only","G2B_ONECH_C2H/own_ok_hold_source_reg/C","G2B_ONECH_C2H/fatal_generation_axi_reg[18]/CE","1-bit unknown CDC circuitry"
"837","469","CDC-1#137","CDC-1","Critical","nvp_vclk1","userclk1","No Common Primary Clock","0","Max Delay Datapath Only","G2B_ONECH_C2H/own_ok_hold_source_reg/C","G2B_ONECH_C2H/fatal_generation_axi_reg[19]/CE","1-bit unknown CDC circuitry"
"838","470","CDC-1#138","CDC-1","Critical","nvp_vclk1","userclk1","No Common Primary Clock","0","Max Delay Datapath Only","G2B_ONECH_C2H/own_ok_hold_source_reg/C","G2B_ONECH_C2H/fatal_generation_axi_reg[20]/CE","1-bit unknown CDC circuitry"
"839","471","CDC-1#139","CDC-1","Critical","nvp_vclk1","userclk1","No Common Primary Clock","0","Max Delay Datapath Only","G2B_ONECH_C2H/own_ok_hold_source_reg/C","G2B_ONECH_C2H/fatal_generation_axi_reg[21]/CE","1-bit unknown CDC circuitry"
"840","472","CDC-1#140","CDC-1","Critical","nvp_vclk1","userclk1","No Common Primary Clock","0","Max Delay Datapath Only","G2B_ONECH_C2H/own_ok_hold_source_reg/C","G2B_ONECH_C2H/fatal_generation_axi_reg[22]/CE","1-bit unknown CDC circuitry"
"841","473","CDC-1#141","CDC-1","Critical","nvp_vclk1","userclk1","No Common Primary Clock","0","Max Delay Datapath Only","G2B_ONECH_C2H/own_ok_hold_source_reg/C","G2B_ONECH_C2H/fatal_generation_axi_reg[23]/CE","1-bit unknown CDC circuitry"
"842","474","CDC-1#142","CDC-1","Critical","nvp_vclk1","userclk1","No Common Primary Clock","0","Max Delay Datapath Only","G2B_ONECH_C2H/own_ok_hold_source_reg/C","G2B_ONECH_C2H/fatal_generation_axi_reg[24]/CE","1-bit unknown CDC circuitry"
"843","475","CDC-1#143","CDC-1","Critical","nvp_vclk1","userclk1","No Common Primary Clock","0","Max Delay Datapath Only","G2B_ONECH_C2H/own_ok_hold_source_reg/C","G2B_ONECH_C2H/fatal_generation_axi_reg[25]/CE","1-bit unknown CDC circuitry"
"844","476","CDC-1#144","CDC-1","Critical","nvp_vclk1","userclk1","No Common Primary Clock","0","Max Delay Datapath Only","G2B_ONECH_C2H/own_ok_hold_source_reg/C","G2B_ONECH_C2H/fatal_generation_axi_reg[26]/CE","1-bit unknown CDC circuitry"
"845","477","CDC-1#145","CDC-1","Critical","nvp_vclk1","userclk1","No Common Primary Clock","0","Max Delay Datapath Only","G2B_ONECH_C2H/own_ok_hold_source_reg/C","G2B_ONECH_C2H/fatal_generation_axi_reg[27]/CE","1-bit unknown CDC circuitry"
"846","478","CDC-1#146","CDC-1","Critical","nvp_vclk1","userclk1","No Common Primary Clock","0","Max Delay Datapath Only","G2B_ONECH_C2H/own_ok_hold_source_reg/C","G2B_ONECH_C2H/fatal_generation_axi_reg[28]/CE","1-bit unknown CDC circuitry"
"847","479","CDC-1#147","CDC-1","Critical","nvp_vclk1","userclk1","No Common Primary Clock","0","Max Delay Datapath Only","G2B_ONECH_C2H/own_ok_hold_source_reg/C","G2B_ONECH_C2H/fatal_generation_axi_reg[29]/CE","1-bit unknown CDC circuitry"
"848","480","CDC-1#148","CDC-1","Critical","nvp_vclk1","userclk1","No Common Primary Clock","0","Max Delay Datapath Only","G2B_ONECH_C2H/own_ok_hold_source_reg/C","G2B_ONECH_C2H/fatal_generation_axi_reg[30]/CE","1-bit unknown CDC circuitry"
"849","481","CDC-1#149","CDC-1","Critical","nvp_vclk1","userclk1","No Common Primary Clock","0","Max Delay Datapath Only","G2B_ONECH_C2H/own_ok_hold_source_reg/C","G2B_ONECH_C2H/fatal_generation_axi_reg[31]/CE","1-bit unknown CDC circuitry"
"851","483","CDC-1#150","CDC-1","Critical","nvp_vclk1","userclk1","No Common Primary Clock","0","Max Delay Datapath Only","G2B_ONECH_C2H/reset_commit_phase_hold_source_reg[0]/C","G2B_ONECH_C2H/global_stream_next_axi_reg[0]/CE","1-bit unknown CDC circuitry"
"852","484","CDC-1#151","CDC-1","Critical","nvp_vclk1","userclk1","No Common Primary Clock","0","Max Delay Datapath Only","G2B_ONECH_C2H/reset_commit_phase_hold_source_reg[0]/C","G2B_ONECH_C2H/global_stream_next_axi_reg[1]/CE","1-bit unknown CDC circuitry"
"853","485","CDC-1#152","CDC-1","Critical","nvp_vclk1","userclk1","No Common Primary Clock","0","Max Delay Datapath Only","G2B_ONECH_C2H/reset_commit_phase_hold_source_reg[0]/C","G2B_ONECH_C2H/global_stream_next_axi_reg[2]/CE","1-bit unknown CDC circuitry"
"854","486","CDC-1#153","CDC-1","Critical","nvp_vclk1","userclk1","No Common Primary Clock","0","Max Delay Datapath Only","G2B_ONECH_C2H/reset_commit_phase_hold_source_reg[0]/C","G2B_ONECH_C2H/global_stream_next_axi_reg[3]/CE","1-bit unknown CDC circuitry"
"855","487","CDC-1#154","CDC-1","Critical","nvp_vclk1","userclk1","No Common Primary Clock","0","Max Delay Datapath Only","G2B_ONECH_C2H/reset_commit_phase_hold_source_reg[0]/C","G2B_ONECH_C2H/global_stream_next_axi_reg[4]/CE","1-bit unknown CDC circuitry"
"856","488","CDC-1#155","CDC-1","Critical","nvp_vclk1","userclk1","No Common Primary Clock","0","Max Delay Datapath Only","G2B_ONECH_C2H/reset_commit_phase_hold_source_reg[0]/C","G2B_ONECH_C2H/global_stream_next_axi_reg[5]/CE","1-bit unknown CDC circuitry"
"857","489","CDC-1#156","CDC-1","Critical","nvp_vclk1","userclk1","No Common Primary Clock","0","Max Delay Datapath Only","G2B_ONECH_C2H/reset_commit_phase_hold_source_reg[0]/C","G2B_ONECH_C2H/global_stream_next_axi_reg[6]/CE","1-bit unknown CDC circuitry"
"858","490","CDC-1#157","CDC-1","Critical","nvp_vclk1","userclk1","No Common Primary Clock","0","Max Delay Datapath Only","G2B_ONECH_C2H/reset_commit_phase_hold_source_reg[0]/C","G2B_ONECH_C2H/global_stream_next_axi_reg[7]/CE","1-bit unknown CDC circuitry"
"859","491","CDC-1#158","CDC-1","Critical","nvp_vclk1","userclk1","No Common Primary Clock","0","Max Delay Datapath Only","G2B_ONECH_C2H/reset_commit_phase_hold_source_reg[0]/C","G2B_ONECH_C2H/global_stream_next_axi_reg[8]/CE","1-bit unknown CDC circuitry"
"860","492","CDC-1#159","CDC-1","Critical","nvp_vclk1","userclk1","No Common Primary Clock","0","Max Delay Datapath Only","G2B_ONECH_C2H/reset_commit_phase_hold_source_reg[0]/C","G2B_ONECH_C2H/global_stream_next_axi_reg[9]/CE","1-bit unknown CDC circuitry"
"861","493","CDC-1#160","CDC-1","Critical","nvp_vclk1","userclk1","No Common Primary Clock","0","Max Delay Datapath Only","G2B_ONECH_C2H/reset_commit_phase_hold_source_reg[0]/C","G2B_ONECH_C2H/global_stream_next_axi_reg[10]/CE","1-bit unknown CDC circuitry"
"862","494","CDC-1#161","CDC-1","Critical","nvp_vclk1","userclk1","No Common Primary Clock","0","Max Delay Datapath Only","G2B_ONECH_C2H/reset_commit_phase_hold_source_reg[0]/C","G2B_ONECH_C2H/global_stream_next_axi_reg[11]/CE","1-bit unknown CDC circuitry"
"863","495","CDC-1#162","CDC-1","Critical","nvp_vclk1","userclk1","No Common Primary Clock","0","Max Delay Datapath Only","G2B_ONECH_C2H/reset_commit_phase_hold_source_reg[0]/C","G2B_ONECH_C2H/global_stream_next_axi_reg[12]/CE","1-bit unknown CDC circuitry"
"864","496","CDC-1#163","CDC-1","Critical","nvp_vclk1","userclk1","No Common Primary Clock","0","Max Delay Datapath Only","G2B_ONECH_C2H/reset_commit_phase_hold_source_reg[0]/C","G2B_ONECH_C2H/global_stream_next_axi_reg[13]/CE","1-bit unknown CDC circuitry"
"865","497","CDC-1#164","CDC-1","Critical","nvp_vclk1","userclk1","No Common Primary Clock","0","Max Delay Datapath Only","G2B_ONECH_C2H/reset_commit_phase_hold_source_reg[0]/C","G2B_ONECH_C2H/global_stream_next_axi_reg[14]/CE","1-bit unknown CDC circuitry"
"866","498","CDC-1#165","CDC-1","Critical","nvp_vclk1","userclk1","No Common Primary Clock","0","Max Delay Datapath Only","G2B_ONECH_C2H/reset_commit_phase_hold_source_reg[0]/C","G2B_ONECH_C2H/global_stream_next_axi_reg[15]/CE","1-bit unknown CDC circuitry"
"867","499","CDC-1#166","CDC-1","Critical","nvp_vclk1","userclk1","No Common Primary Clock","0","Max Delay Datapath Only","G2B_ONECH_C2H/reset_commit_phase_hold_source_reg[0]/C","G2B_ONECH_C2H/global_stream_next_axi_reg[16]/CE","1-bit unknown CDC circuitry"
"868","500","CDC-1#167","CDC-1","Critical","nvp_vclk1","userclk1","No Common Primary Clock","0","Max Delay Datapath Only","G2B_ONECH_C2H/reset_commit_phase_hold_source_reg[0]/C","G2B_ONECH_C2H/global_stream_next_axi_reg[17]/CE","1-bit unknown CDC circuitry"
"869","501","CDC-1#168","CDC-1","Critical","nvp_vclk1","userclk1","No Common Primary Clock","0","Max Delay Datapath Only","G2B_ONECH_C2H/reset_commit_phase_hold_source_reg[0]/C","G2B_ONECH_C2H/global_stream_next_axi_reg[18]/CE","1-bit unknown CDC circuitry"
"870","502","CDC-1#169","CDC-1","Critical","nvp_vclk1","userclk1","No Common Primary Clock","0","Max Delay Datapath Only","G2B_ONECH_C2H/reset_commit_phase_hold_source_reg[0]/C","G2B_ONECH_C2H/global_stream_next_axi_reg[19]/CE","1-bit unknown CDC circuitry"
"871","503","CDC-1#170","CDC-1","Critical","nvp_vclk1","userclk1","No Common Primary Clock","0","Max Delay Datapath Only","G2B_ONECH_C2H/reset_commit_phase_hold_source_reg[0]/C","G2B_ONECH_C2H/global_stream_next_axi_reg[20]/CE","1-bit unknown CDC circuitry"
"872","504","CDC-1#171","CDC-1","Critical","nvp_vclk1","userclk1","No Common Primary Clock","0","Max Delay Datapath Only","G2B_ONECH_C2H/reset_commit_phase_hold_source_reg[0]/C","G2B_ONECH_C2H/global_stream_next_axi_reg[21]/CE","1-bit unknown CDC circuitry"
"873","505","CDC-1#172","CDC-1","Critical","nvp_vclk1","userclk1","No Common Primary Clock","0","Max Delay Datapath Only","G2B_ONECH_C2H/reset_commit_phase_hold_source_reg[0]/C","G2B_ONECH_C2H/global_stream_next_axi_reg[22]/CE","1-bit unknown CDC circuitry"
"874","506","CDC-1#173","CDC-1","Critical","nvp_vclk1","userclk1","No Common Primary Clock","0","Max Delay Datapath Only","G2B_ONECH_C2H/reset_commit_phase_hold_source_reg[0]/C","G2B_ONECH_C2H/global_stream_next_axi_reg[23]/CE","1-bit unknown CDC circuitry"
"875","507","CDC-1#174","CDC-1","Critical","nvp_vclk1","userclk1","No Common Primary Clock","0","Max Delay Datapath Only","G2B_ONECH_C2H/reset_commit_phase_hold_source_reg[0]/C","G2B_ONECH_C2H/global_stream_next_axi_reg[24]/CE","1-bit unknown CDC circuitry"
"876","508","CDC-1#175","CDC-1","Critical","nvp_vclk1","userclk1","No Common Primary Clock","0","Max Delay Datapath Only","G2B_ONECH_C2H/reset_commit_phase_hold_source_reg[0]/C","G2B_ONECH_C2H/global_stream_next_axi_reg[25]/CE","1-bit unknown CDC circuitry"
"877","509","CDC-1#176","CDC-1","Critical","nvp_vclk1","userclk1","No Common Primary Clock","0","Max Delay Datapath Only","G2B_ONECH_C2H/reset_commit_phase_hold_source_reg[0]/C","G2B_ONECH_C2H/global_stream_next_axi_reg[26]/CE","1-bit unknown CDC circuitry"
"878","510","CDC-1#177","CDC-1","Critical","nvp_vclk1","userclk1","No Common Primary Clock","0","Max Delay Datapath Only","G2B_ONECH_C2H/reset_commit_phase_hold_source_reg[0]/C","G2B_ONECH_C2H/global_stream_next_axi_reg[27]/CE","1-bit unknown CDC circuitry"
"879","511","CDC-1#178","CDC-1","Critical","nvp_vclk1","userclk1","No Common Primary Clock","0","Max Delay Datapath Only","G2B_ONECH_C2H/reset_commit_phase_hold_source_reg[0]/C","G2B_ONECH_C2H/global_stream_next_axi_reg[28]/CE","1-bit unknown CDC circuitry"
"880","512","CDC-1#179","CDC-1","Critical","nvp_vclk1","userclk1","No Common Primary Clock","0","Max Delay Datapath Only","G2B_ONECH_C2H/reset_commit_phase_hold_source_reg[0]/C","G2B_ONECH_C2H/global_stream_next_axi_reg[29]/CE","1-bit unknown CDC circuitry"
"881","513","CDC-1#180","CDC-1","Critical","nvp_vclk1","userclk1","No Common Primary Clock","0","Max Delay Datapath Only","G2B_ONECH_C2H/reset_commit_phase_hold_source_reg[0]/C","G2B_ONECH_C2H/global_stream_next_axi_reg[30]/CE","1-bit unknown CDC circuitry"
"882","514","CDC-1#181","CDC-1","Critical","nvp_vclk1","userclk1","No Common Primary Clock","0","Max Delay Datapath Only","G2B_ONECH_C2H/reset_commit_phase_hold_source_reg[0]/C","G2B_ONECH_C2H/global_stream_next_axi_reg[31]/CE","1-bit unknown CDC circuitry"
"885","517","CDC-1#182","CDC-1","Critical","nvp_vclk1","userclk1","No Common Primary Clock","0","Max Delay Datapath Only","G2B_ONECH_C2H/reset_commit_phase_hold_source_reg[0]/C","G2B_ONECH_C2H/last_channel_axi_reg[0]/CE","1-bit unknown CDC circuitry"
"887","519","CDC-1#183","CDC-1","Critical","nvp_vclk1","userclk1","No Common Primary Clock","0","Max Delay Datapath Only","G2B_ONECH_C2H/reset_commit_phase_hold_source_reg[0]/C","G2B_ONECH_C2H/last_channel_axi_reg[1]/CE","1-bit unknown CDC circuitry"
"889","521","CDC-1#184","CDC-1","Critical","nvp_vclk1","userclk1","No Common Primary Clock","0","Max Delay Datapath Only","G2B_ONECH_C2H/reset_commit_phase_hold_source_reg[0]/C","G2B_ONECH_C2H/last_channel_axi_reg[2]/CE","1-bit unknown CDC circuitry"
"891","523","CDC-1#185","CDC-1","Critical","nvp_vclk1","userclk1","No Common Primary Clock","0","Max Delay Datapath Only","G2B_ONECH_C2H/reset_commit_phase_hold_source_reg[0]/C","G2B_ONECH_C2H/last_channel_axi_reg[3]/CE","1-bit unknown CDC circuitry"
"893","525","CDC-1#186","CDC-1","Critical","nvp_vclk1","userclk1","No Common Primary Clock","0","Max Delay Datapath Only","G2B_ONECH_C2H/reset_commit_phase_hold_source_reg[0]/C","G2B_ONECH_C2H/last_channel_axi_reg[4]/CE","1-bit unknown CDC circuitry"
"895","527","CDC-1#187","CDC-1","Critical","nvp_vclk1","userclk1","No Common Primary Clock","0","Max Delay Datapath Only","G2B_ONECH_C2H/reset_commit_phase_hold_source_reg[0]/C","G2B_ONECH_C2H/last_channel_axi_reg[5]/CE","1-bit unknown CDC circuitry"
"897","529","CDC-1#188","CDC-1","Critical","nvp_vclk1","userclk1","No Common Primary Clock","0","Max Delay Datapath Only","G2B_ONECH_C2H/reset_commit_phase_hold_source_reg[0]/C","G2B_ONECH_C2H/last_channel_axi_reg[6]/CE","1-bit unknown CDC circuitry"
"899","531","CDC-1#189","CDC-1","Critical","nvp_vclk1","userclk1","No Common Primary Clock","0","Max Delay Datapath Only","G2B_ONECH_C2H/reset_commit_phase_hold_source_reg[0]/C","G2B_ONECH_C2H/last_channel_axi_reg[7]/CE","1-bit unknown CDC circuitry"
"901","533","CDC-1#190","CDC-1","Critical","nvp_vclk1","userclk1","No Common Primary Clock","0","Max Delay Datapath Only","G2B_ONECH_C2H/reset_commit_phase_hold_source_reg[0]/C","G2B_ONECH_C2H/last_channel_axi_reg[8]/CE","1-bit unknown CDC circuitry"
"903","535","CDC-1#191","CDC-1","Critical","nvp_vclk1","userclk1","No Common Primary Clock","0","Max Delay Datapath Only","G2B_ONECH_C2H/reset_commit_phase_hold_source_reg[0]/C","G2B_ONECH_C2H/last_channel_axi_reg[9]/CE","1-bit unknown CDC circuitry"
"905","537","CDC-1#192","CDC-1","Critical","nvp_vclk1","userclk1","No Common Primary Clock","0","Max Delay Datapath Only","G2B_ONECH_C2H/reset_commit_phase_hold_source_reg[0]/C","G2B_ONECH_C2H/last_channel_axi_reg[10]/CE","1-bit unknown CDC circuitry"
"907","539","CDC-1#193","CDC-1","Critical","nvp_vclk1","userclk1","No Common Primary Clock","0","Max Delay Datapath Only","G2B_ONECH_C2H/reset_commit_phase_hold_source_reg[0]/C","G2B_ONECH_C2H/last_channel_axi_reg[11]/CE","1-bit unknown CDC circuitry"
"909","541","CDC-1#194","CDC-1","Critical","nvp_vclk1","userclk1","No Common Primary Clock","0","Max Delay Datapath Only","G2B_ONECH_C2H/reset_commit_phase_hold_source_reg[0]/C","G2B_ONECH_C2H/last_channel_axi_reg[12]/CE","1-bit unknown CDC circuitry"
"911","543","CDC-1#195","CDC-1","Critical","nvp_vclk1","userclk1","No Common Primary Clock","0","Max Delay Datapath Only","G2B_ONECH_C2H/reset_commit_phase_hold_source_reg[0]/C","G2B_ONECH_C2H/last_channel_axi_reg[13]/CE","1-bit unknown CDC circuitry"
"913","545","CDC-1#196","CDC-1","Critical","nvp_vclk1","userclk1","No Common Primary Clock","0","Max Delay Datapath Only","G2B_ONECH_C2H/reset_commit_phase_hold_source_reg[0]/C","G2B_ONECH_C2H/last_channel_axi_reg[14]/CE","1-bit unknown CDC circuitry"
"915","547","CDC-1#197","CDC-1","Critical","nvp_vclk1","userclk1","No Common Primary Clock","0","Max Delay Datapath Only","G2B_ONECH_C2H/reset_commit_phase_hold_source_reg[0]/C","G2B_ONECH_C2H/last_channel_axi_reg[15]/CE","1-bit unknown CDC circuitry"
"917","549","CDC-1#198","CDC-1","Critical","nvp_vclk1","userclk1","No Common Primary Clock","0","Max Delay Datapath Only","G2B_ONECH_C2H/reset_commit_phase_hold_source_reg[0]/C","G2B_ONECH_C2H/last_channel_axi_reg[16]/CE","1-bit unknown CDC circuitry"
"919","551","CDC-1#199","CDC-1","Critical","nvp_vclk1","userclk1","No Common Primary Clock","0","Max Delay Datapath Only","G2B_ONECH_C2H/reset_commit_phase_hold_source_reg[0]/C","G2B_ONECH_C2H/last_channel_axi_reg[17]/CE","1-bit unknown CDC circuitry"
"921","553","CDC-1#200","CDC-1","Critical","nvp_vclk1","userclk1","No Common Primary Clock","0","Max Delay Datapath Only","G2B_ONECH_C2H/reset_commit_phase_hold_source_reg[0]/C","G2B_ONECH_C2H/last_channel_axi_reg[18]/CE","1-bit unknown CDC circuitry"
"923","555","CDC-1#201","CDC-1","Critical","nvp_vclk1","userclk1","No Common Primary Clock","0","Max Delay Datapath Only","G2B_ONECH_C2H/reset_commit_phase_hold_source_reg[0]/C","G2B_ONECH_C2H/last_channel_axi_reg[19]/CE","1-bit unknown CDC circuitry"
"925","557","CDC-1#202","CDC-1","Critical","nvp_vclk1","userclk1","No Common Primary Clock","0","Max Delay Datapath Only","G2B_ONECH_C2H/reset_commit_phase_hold_source_reg[0]/C","G2B_ONECH_C2H/last_channel_axi_reg[20]/CE","1-bit unknown CDC circuitry"
"927","559","CDC-1#203","CDC-1","Critical","nvp_vclk1","userclk1","No Common Primary Clock","0","Max Delay Datapath Only","G2B_ONECH_C2H/reset_commit_phase_hold_source_reg[0]/C","G2B_ONECH_C2H/last_channel_axi_reg[21]/CE","1-bit unknown CDC circuitry"
"929","561","CDC-1#204","CDC-1","Critical","nvp_vclk1","userclk1","No Common Primary Clock","0","Max Delay Datapath Only","G2B_ONECH_C2H/reset_commit_phase_hold_source_reg[0]/C","G2B_ONECH_C2H/last_channel_axi_reg[22]/CE","1-bit unknown CDC circuitry"
"931","563","CDC-1#205","CDC-1","Critical","nvp_vclk1","userclk1","No Common Primary Clock","0","Max Delay Datapath Only","G2B_ONECH_C2H/reset_commit_phase_hold_source_reg[0]/C","G2B_ONECH_C2H/last_channel_axi_reg[23]/CE","1-bit unknown CDC circuitry"
"933","565","CDC-1#206","CDC-1","Critical","nvp_vclk1","userclk1","No Common Primary Clock","0","Max Delay Datapath Only","G2B_ONECH_C2H/reset_commit_phase_hold_source_reg[0]/C","G2B_ONECH_C2H/last_channel_axi_reg[24]/CE","1-bit unknown CDC circuitry"
"935","567","CDC-1#207","CDC-1","Critical","nvp_vclk1","userclk1","No Common Primary Clock","0","Max Delay Datapath Only","G2B_ONECH_C2H/reset_commit_phase_hold_source_reg[0]/C","G2B_ONECH_C2H/last_channel_axi_reg[25]/CE","1-bit unknown CDC circuitry"
"937","569","CDC-1#208","CDC-1","Critical","nvp_vclk1","userclk1","No Common Primary Clock","0","Max Delay Datapath Only","G2B_ONECH_C2H/reset_commit_phase_hold_source_reg[0]/C","G2B_ONECH_C2H/last_channel_axi_reg[26]/CE","1-bit unknown CDC circuitry"
"939","571","CDC-1#209","CDC-1","Critical","nvp_vclk1","userclk1","No Common Primary Clock","0","Max Delay Datapath Only","G2B_ONECH_C2H/reset_commit_phase_hold_source_reg[0]/C","G2B_ONECH_C2H/last_channel_axi_reg[27]/CE","1-bit unknown CDC circuitry"
"941","573","CDC-1#210","CDC-1","Critical","nvp_vclk1","userclk1","No Common Primary Clock","0","Max Delay Datapath Only","G2B_ONECH_C2H/reset_commit_phase_hold_source_reg[0]/C","G2B_ONECH_C2H/last_channel_axi_reg[28]/CE","1-bit unknown CDC circuitry"
"943","575","CDC-1#211","CDC-1","Critical","nvp_vclk1","userclk1","No Common Primary Clock","0","Max Delay Datapath Only","G2B_ONECH_C2H/reset_commit_phase_hold_source_reg[0]/C","G2B_ONECH_C2H/last_channel_axi_reg[29]/CE","1-bit unknown CDC circuitry"
"945","577","CDC-1#212","CDC-1","Critical","nvp_vclk1","userclk1","No Common Primary Clock","0","Max Delay Datapath Only","G2B_ONECH_C2H/reset_commit_phase_hold_source_reg[0]/C","G2B_ONECH_C2H/last_channel_axi_reg[30]/CE","1-bit unknown CDC circuitry"
"947","579","CDC-1#213","CDC-1","Critical","nvp_vclk1","userclk1","No Common Primary Clock","0","Max Delay Datapath Only","G2B_ONECH_C2H/reset_commit_phase_hold_source_reg[0]/C","G2B_ONECH_C2H/last_channel_axi_reg[31]/CE","1-bit unknown CDC circuitry"
"949","581","CDC-1#214","CDC-1","Critical","nvp_vclk1","userclk1","No Common Primary Clock","0","Max Delay Datapath Only","G2B_ONECH_C2H/own_ok_hold_source_reg/C","G2B_ONECH_C2H/last_error_cause_axi_reg[0]/D","1-bit unknown CDC circuitry"
"950","582","CDC-1#215","CDC-1","Critical","nvp_vclk1","userclk1","No Common Primary Clock","0","Max Delay Datapath Only","G2B_ONECH_C2H/own_ok_hold_source_reg/C","G2B_ONECH_C2H/last_error_cause_axi_reg[1]/D","1-bit unknown CDC circuitry"
"951","583","CDC-1#216","CDC-1","Critical","nvp_vclk1","userclk1","No Common Primary Clock","0","Max Delay Datapath Only","G2B_ONECH_C2H/own_ok_hold_source_reg/C","G2B_ONECH_C2H/last_error_cause_axi_reg[2]/D","1-bit unknown CDC circuitry"
"952","584","CDC-1#217","CDC-1","Critical","nvp_vclk1","userclk1","No Common Primary Clock","0","Max Delay Datapath Only","G2B_ONECH_C2H/reset_commit_phase_hold_source_reg[0]/C","G2B_ONECH_C2H/last_global_axi_reg[0]/CE","1-bit unknown CDC circuitry"
"954","586","CDC-1#218","CDC-1","Critical","nvp_vclk1","userclk1","No Common Primary Clock","0","Max Delay Datapath Only","G2B_ONECH_C2H/reset_commit_phase_hold_source_reg[0]/C","G2B_ONECH_C2H/last_global_axi_reg[1]/CE","1-bit unknown CDC circuitry"
"956","588","CDC-1#219","CDC-1","Critical","nvp_vclk1","userclk1","No Common Primary Clock","0","Max Delay Datapath Only","G2B_ONECH_C2H/reset_commit_phase_hold_source_reg[0]/C","G2B_ONECH_C2H/last_global_axi_reg[2]/CE","1-bit unknown CDC circuitry"
"958","590","CDC-1#220","CDC-1","Critical","nvp_vclk1","userclk1","No Common Primary Clock","0","Max Delay Datapath Only","G2B_ONECH_C2H/reset_commit_phase_hold_source_reg[0]/C","G2B_ONECH_C2H/last_global_axi_reg[3]/CE","1-bit unknown CDC circuitry"
"960","592","CDC-1#221","CDC-1","Critical","nvp_vclk1","userclk1","No Common Primary Clock","0","Max Delay Datapath Only","G2B_ONECH_C2H/reset_commit_phase_hold_source_reg[0]/C","G2B_ONECH_C2H/last_global_axi_reg[4]/CE","1-bit unknown CDC circuitry"
"962","594","CDC-1#222","CDC-1","Critical","nvp_vclk1","userclk1","No Common Primary Clock","0","Max Delay Datapath Only","G2B_ONECH_C2H/reset_commit_phase_hold_source_reg[0]/C","G2B_ONECH_C2H/last_global_axi_reg[5]/CE","1-bit unknown CDC circuitry"
"964","596","CDC-1#223","CDC-1","Critical","nvp_vclk1","userclk1","No Common Primary Clock","0","Max Delay Datapath Only","G2B_ONECH_C2H/reset_commit_phase_hold_source_reg[0]/C","G2B_ONECH_C2H/last_global_axi_reg[6]/CE","1-bit unknown CDC circuitry"
"966","598","CDC-1#224","CDC-1","Critical","nvp_vclk1","userclk1","No Common Primary Clock","0","Max Delay Datapath Only","G2B_ONECH_C2H/reset_commit_phase_hold_source_reg[0]/C","G2B_ONECH_C2H/last_global_axi_reg[7]/CE","1-bit unknown CDC circuitry"
"968","600","CDC-1#225","CDC-1","Critical","nvp_vclk1","userclk1","No Common Primary Clock","0","Max Delay Datapath Only","G2B_ONECH_C2H/reset_commit_phase_hold_source_reg[0]/C","G2B_ONECH_C2H/last_global_axi_reg[8]/CE","1-bit unknown CDC circuitry"
"970","602","CDC-1#226","CDC-1","Critical","nvp_vclk1","userclk1","No Common Primary Clock","0","Max Delay Datapath Only","G2B_ONECH_C2H/reset_commit_phase_hold_source_reg[0]/C","G2B_ONECH_C2H/last_global_axi_reg[9]/CE","1-bit unknown CDC circuitry"
"972","604","CDC-1#227","CDC-1","Critical","nvp_vclk1","userclk1","No Common Primary Clock","0","Max Delay Datapath Only","G2B_ONECH_C2H/reset_commit_phase_hold_source_reg[0]/C","G2B_ONECH_C2H/last_global_axi_reg[10]/CE","1-bit unknown CDC circuitry"
"974","606","CDC-1#228","CDC-1","Critical","nvp_vclk1","userclk1","No Common Primary Clock","0","Max Delay Datapath Only","G2B_ONECH_C2H/reset_commit_phase_hold_source_reg[0]/C","G2B_ONECH_C2H/last_global_axi_reg[11]/CE","1-bit unknown CDC circuitry"
"976","608","CDC-1#229","CDC-1","Critical","nvp_vclk1","userclk1","No Common Primary Clock","0","Max Delay Datapath Only","G2B_ONECH_C2H/reset_commit_phase_hold_source_reg[0]/C","G2B_ONECH_C2H/last_global_axi_reg[12]/CE","1-bit unknown CDC circuitry"
"978","610","CDC-1#230","CDC-1","Critical","nvp_vclk1","userclk1","No Common Primary Clock","0","Max Delay Datapath Only","G2B_ONECH_C2H/reset_commit_phase_hold_source_reg[0]/C","G2B_ONECH_C2H/last_global_axi_reg[13]/CE","1-bit unknown CDC circuitry"
"980","612","CDC-1#231","CDC-1","Critical","nvp_vclk1","userclk1","No Common Primary Clock","0","Max Delay Datapath Only","G2B_ONECH_C2H/reset_commit_phase_hold_source_reg[0]/C","G2B_ONECH_C2H/last_global_axi_reg[14]/CE","1-bit unknown CDC circuitry"
"982","614","CDC-1#232","CDC-1","Critical","nvp_vclk1","userclk1","No Common Primary Clock","0","Max Delay Datapath Only","G2B_ONECH_C2H/reset_commit_phase_hold_source_reg[0]/C","G2B_ONECH_C2H/last_global_axi_reg[15]/CE","1-bit unknown CDC circuitry"
"984","616","CDC-1#233","CDC-1","Critical","nvp_vclk1","userclk1","No Common Primary Clock","0","Max Delay Datapath Only","G2B_ONECH_C2H/reset_commit_phase_hold_source_reg[0]/C","G2B_ONECH_C2H/last_global_axi_reg[16]/CE","1-bit unknown CDC circuitry"
"986","618","CDC-1#234","CDC-1","Critical","nvp_vclk1","userclk1","No Common Primary Clock","0","Max Delay Datapath Only","G2B_ONECH_C2H/reset_commit_phase_hold_source_reg[0]/C","G2B_ONECH_C2H/last_global_axi_reg[17]/CE","1-bit unknown CDC circuitry"
"988","620","CDC-1#235","CDC-1","Critical","nvp_vclk1","userclk1","No Common Primary Clock","0","Max Delay Datapath Only","G2B_ONECH_C2H/reset_commit_phase_hold_source_reg[0]/C","G2B_ONECH_C2H/last_global_axi_reg[18]/CE","1-bit unknown CDC circuitry"
"990","622","CDC-1#236","CDC-1","Critical","nvp_vclk1","userclk1","No Common Primary Clock","0","Max Delay Datapath Only","G2B_ONECH_C2H/reset_commit_phase_hold_source_reg[0]/C","G2B_ONECH_C2H/last_global_axi_reg[19]/CE","1-bit unknown CDC circuitry"
"992","624","CDC-1#237","CDC-1","Critical","nvp_vclk1","userclk1","No Common Primary Clock","0","Max Delay Datapath Only","G2B_ONECH_C2H/reset_commit_phase_hold_source_reg[0]/C","G2B_ONECH_C2H/last_global_axi_reg[20]/CE","1-bit unknown CDC circuitry"
"994","626","CDC-1#238","CDC-1","Critical","nvp_vclk1","userclk1","No Common Primary Clock","0","Max Delay Datapath Only","G2B_ONECH_C2H/reset_commit_phase_hold_source_reg[0]/C","G2B_ONECH_C2H/last_global_axi_reg[21]/CE","1-bit unknown CDC circuitry"
"996","628","CDC-1#239","CDC-1","Critical","nvp_vclk1","userclk1","No Common Primary Clock","0","Max Delay Datapath Only","G2B_ONECH_C2H/reset_commit_phase_hold_source_reg[0]/C","G2B_ONECH_C2H/last_global_axi_reg[22]/CE","1-bit unknown CDC circuitry"
"998","630","CDC-1#240","CDC-1","Critical","nvp_vclk1","userclk1","No Common Primary Clock","0","Max Delay Datapath Only","G2B_ONECH_C2H/reset_commit_phase_hold_source_reg[0]/C","G2B_ONECH_C2H/last_global_axi_reg[23]/CE","1-bit unknown CDC circuitry"
"1000","632","CDC-1#241","CDC-1","Critical","nvp_vclk1","userclk1","No Common Primary Clock","0","Max Delay Datapath Only","G2B_ONECH_C2H/reset_commit_phase_hold_source_reg[0]/C","G2B_ONECH_C2H/last_global_axi_reg[24]/CE","1-bit unknown CDC circuitry"
"1002","634","CDC-1#242","CDC-1","Critical","nvp_vclk1","userclk1","No Common Primary Clock","0","Max Delay Datapath Only","G2B_ONECH_C2H/reset_commit_phase_hold_source_reg[0]/C","G2B_ONECH_C2H/last_global_axi_reg[25]/CE","1-bit unknown CDC circuitry"
"1004","636","CDC-1#243","CDC-1","Critical","nvp_vclk1","userclk1","No Common Primary Clock","0","Max Delay Datapath Only","G2B_ONECH_C2H/reset_commit_phase_hold_source_reg[0]/C","G2B_ONECH_C2H/last_global_axi_reg[26]/CE","1-bit unknown CDC circuitry"
"1006","638","CDC-1#244","CDC-1","Critical","nvp_vclk1","userclk1","No Common Primary Clock","0","Max Delay Datapath Only","G2B_ONECH_C2H/reset_commit_phase_hold_source_reg[0]/C","G2B_ONECH_C2H/last_global_axi_reg[27]/CE","1-bit unknown CDC circuitry"
"1008","640","CDC-1#245","CDC-1","Critical","nvp_vclk1","userclk1","No Common Primary Clock","0","Max Delay Datapath Only","G2B_ONECH_C2H/reset_commit_phase_hold_source_reg[0]/C","G2B_ONECH_C2H/last_global_axi_reg[28]/CE","1-bit unknown CDC circuitry"
"1010","642","CDC-1#246","CDC-1","Critical","nvp_vclk1","userclk1","No Common Primary Clock","0","Max Delay Datapath Only","G2B_ONECH_C2H/reset_commit_phase_hold_source_reg[0]/C","G2B_ONECH_C2H/last_global_axi_reg[29]/CE","1-bit unknown CDC circuitry"
"1012","644","CDC-1#247","CDC-1","Critical","nvp_vclk1","userclk1","No Common Primary Clock","0","Max Delay Datapath Only","G2B_ONECH_C2H/reset_commit_phase_hold_source_reg[0]/C","G2B_ONECH_C2H/last_global_axi_reg[30]/CE","1-bit unknown CDC circuitry"
"1014","646","CDC-1#248","CDC-1","Critical","nvp_vclk1","userclk1","No Common Primary Clock","0","Max Delay Datapath Only","G2B_ONECH_C2H/reset_commit_phase_hold_source_reg[0]/C","G2B_ONECH_C2H/last_global_axi_reg[31]/CE","1-bit unknown CDC circuitry"
"1016","648","CDC-1#249","CDC-1","Critical","nvp_vclk1","userclk1","No Common Primary Clock","0","Max Delay Datapath Only","G2B_ONECH_C2H/reset_commit_phase_hold_source_reg[0]/C","G2B_ONECH_C2H/last_global_valid_axi_reg/D","1-bit unknown CDC circuitry"
"1020","652","CDC-1#250","CDC-1","Critical","nvp_vclk1","userclk1","No Common Primary Clock","0","Max Delay Datapath Only","G2B_ONECH_C2H/reset_commit_phase_hold_source_reg[0]/C","G2B_ONECH_C2H/records_abandoned_axi_reg[0]/CE","1-bit unknown CDC circuitry"
"1022","654","CDC-1#251","CDC-1","Critical","nvp_vclk1","userclk1","No Common Primary Clock","0","Max Delay Datapath Only","G2B_ONECH_C2H/reset_commit_phase_hold_source_reg[0]/C","G2B_ONECH_C2H/records_abandoned_axi_reg[1]/CE","1-bit unknown CDC circuitry"
"1024","656","CDC-1#252","CDC-1","Critical","nvp_vclk1","userclk1","No Common Primary Clock","0","Max Delay Datapath Only","G2B_ONECH_C2H/reset_commit_phase_hold_source_reg[0]/C","G2B_ONECH_C2H/records_abandoned_axi_reg[2]/CE","1-bit unknown CDC circuitry"
"1026","658","CDC-1#253","CDC-1","Critical","nvp_vclk1","userclk1","No Common Primary Clock","0","Max Delay Datapath Only","G2B_ONECH_C2H/reset_commit_phase_hold_source_reg[0]/C","G2B_ONECH_C2H/records_abandoned_axi_reg[3]/CE","1-bit unknown CDC circuitry"
"1028","660","CDC-1#254","CDC-1","Critical","nvp_vclk1","userclk1","No Common Primary Clock","0","Max Delay Datapath Only","G2B_ONECH_C2H/reset_commit_phase_hold_source_reg[0]/C","G2B_ONECH_C2H/records_abandoned_axi_reg[4]/CE","1-bit unknown CDC circuitry"
"1030","662","CDC-1#255","CDC-1","Critical","nvp_vclk1","userclk1","No Common Primary Clock","0","Max Delay Datapath Only","G2B_ONECH_C2H/reset_commit_phase_hold_source_reg[0]/C","G2B_ONECH_C2H/records_abandoned_axi_reg[5]/CE","1-bit unknown CDC circuitry"
"1032","664","CDC-1#256","CDC-1","Critical","nvp_vclk1","userclk1","No Common Primary Clock","0","Max Delay Datapath Only","G2B_ONECH_C2H/reset_commit_phase_hold_source_reg[0]/C","G2B_ONECH_C2H/records_abandoned_axi_reg[6]/CE","1-bit unknown CDC circuitry"
"1034","666","CDC-1#257","CDC-1","Critical","nvp_vclk1","userclk1","No Common Primary Clock","0","Max Delay Datapath Only","G2B_ONECH_C2H/reset_commit_phase_hold_source_reg[0]/C","G2B_ONECH_C2H/records_abandoned_axi_reg[7]/CE","1-bit unknown CDC circuitry"
"1036","668","CDC-1#258","CDC-1","Critical","nvp_vclk1","userclk1","No Common Primary Clock","0","Max Delay Datapath Only","G2B_ONECH_C2H/reset_commit_phase_hold_source_reg[0]/C","G2B_ONECH_C2H/records_abandoned_axi_reg[8]/CE","1-bit unknown CDC circuitry"
"1038","670","CDC-1#259","CDC-1","Critical","nvp_vclk1","userclk1","No Common Primary Clock","0","Max Delay Datapath Only","G2B_ONECH_C2H/reset_commit_phase_hold_source_reg[0]/C","G2B_ONECH_C2H/records_abandoned_axi_reg[9]/CE","1-bit unknown CDC circuitry"
"1040","672","CDC-1#260","CDC-1","Critical","nvp_vclk1","userclk1","No Common Primary Clock","0","Max Delay Datapath Only","G2B_ONECH_C2H/reset_commit_phase_hold_source_reg[0]/C","G2B_ONECH_C2H/records_abandoned_axi_reg[10]/CE","1-bit unknown CDC circuitry"
"1042","674","CDC-1#261","CDC-1","Critical","nvp_vclk1","userclk1","No Common Primary Clock","0","Max Delay Datapath Only","G2B_ONECH_C2H/reset_commit_phase_hold_source_reg[0]/C","G2B_ONECH_C2H/records_abandoned_axi_reg[11]/CE","1-bit unknown CDC circuitry"
"1044","676","CDC-1#262","CDC-1","Critical","nvp_vclk1","userclk1","No Common Primary Clock","0","Max Delay Datapath Only","G2B_ONECH_C2H/reset_commit_phase_hold_source_reg[0]/C","G2B_ONECH_C2H/records_abandoned_axi_reg[12]/CE","1-bit unknown CDC circuitry"
"1046","678","CDC-1#263","CDC-1","Critical","nvp_vclk1","userclk1","No Common Primary Clock","0","Max Delay Datapath Only","G2B_ONECH_C2H/reset_commit_phase_hold_source_reg[0]/C","G2B_ONECH_C2H/records_abandoned_axi_reg[13]/CE","1-bit unknown CDC circuitry"
"1048","680","CDC-1#264","CDC-1","Critical","nvp_vclk1","userclk1","No Common Primary Clock","0","Max Delay Datapath Only","G2B_ONECH_C2H/reset_commit_phase_hold_source_reg[0]/C","G2B_ONECH_C2H/records_abandoned_axi_reg[14]/CE","1-bit unknown CDC circuitry"
"1050","682","CDC-1#265","CDC-1","Critical","nvp_vclk1","userclk1","No Common Primary Clock","0","Max Delay Datapath Only","G2B_ONECH_C2H/reset_commit_phase_hold_source_reg[0]/C","G2B_ONECH_C2H/records_abandoned_axi_reg[15]/CE","1-bit unknown CDC circuitry"
"1052","684","CDC-1#266","CDC-1","Critical","nvp_vclk1","userclk1","No Common Primary Clock","0","Max Delay Datapath Only","G2B_ONECH_C2H/reset_commit_phase_hold_source_reg[0]/C","G2B_ONECH_C2H/records_abandoned_axi_reg[16]/CE","1-bit unknown CDC circuitry"
"1054","686","CDC-1#267","CDC-1","Critical","nvp_vclk1","userclk1","No Common Primary Clock","0","Max Delay Datapath Only","G2B_ONECH_C2H/reset_commit_phase_hold_source_reg[0]/C","G2B_ONECH_C2H/records_abandoned_axi_reg[17]/CE","1-bit unknown CDC circuitry"
"1056","688","CDC-1#268","CDC-1","Critical","nvp_vclk1","userclk1","No Common Primary Clock","0","Max Delay Datapath Only","G2B_ONECH_C2H/reset_commit_phase_hold_source_reg[0]/C","G2B_ONECH_C2H/records_abandoned_axi_reg[18]/CE","1-bit unknown CDC circuitry"
"1058","690","CDC-1#269","CDC-1","Critical","nvp_vclk1","userclk1","No Common Primary Clock","0","Max Delay Datapath Only","G2B_ONECH_C2H/reset_commit_phase_hold_source_reg[0]/C","G2B_ONECH_C2H/records_abandoned_axi_reg[19]/CE","1-bit unknown CDC circuitry"
"1060","692","CDC-1#270","CDC-1","Critical","nvp_vclk1","userclk1","No Common Primary Clock","0","Max Delay Datapath Only","G2B_ONECH_C2H/reset_commit_phase_hold_source_reg[0]/C","G2B_ONECH_C2H/records_abandoned_axi_reg[20]/CE","1-bit unknown CDC circuitry"
"1062","694","CDC-1#271","CDC-1","Critical","nvp_vclk1","userclk1","No Common Primary Clock","0","Max Delay Datapath Only","G2B_ONECH_C2H/reset_commit_phase_hold_source_reg[0]/C","G2B_ONECH_C2H/records_abandoned_axi_reg[21]/CE","1-bit unknown CDC circuitry"
"1064","696","CDC-1#272","CDC-1","Critical","nvp_vclk1","userclk1","No Common Primary Clock","0","Max Delay Datapath Only","G2B_ONECH_C2H/reset_commit_phase_hold_source_reg[0]/C","G2B_ONECH_C2H/records_abandoned_axi_reg[22]/CE","1-bit unknown CDC circuitry"
"1066","698","CDC-1#273","CDC-1","Critical","nvp_vclk1","userclk1","No Common Primary Clock","0","Max Delay Datapath Only","G2B_ONECH_C2H/reset_commit_phase_hold_source_reg[0]/C","G2B_ONECH_C2H/records_abandoned_axi_reg[23]/CE","1-bit unknown CDC circuitry"
"1068","700","CDC-1#274","CDC-1","Critical","nvp_vclk1","userclk1","No Common Primary Clock","0","Max Delay Datapath Only","G2B_ONECH_C2H/reset_commit_phase_hold_source_reg[0]/C","G2B_ONECH_C2H/records_abandoned_axi_reg[24]/CE","1-bit unknown CDC circuitry"
"1070","702","CDC-1#275","CDC-1","Critical","nvp_vclk1","userclk1","No Common Primary Clock","0","Max Delay Datapath Only","G2B_ONECH_C2H/reset_commit_phase_hold_source_reg[0]/C","G2B_ONECH_C2H/records_abandoned_axi_reg[25]/CE","1-bit unknown CDC circuitry"
"1072","704","CDC-1#276","CDC-1","Critical","nvp_vclk1","userclk1","No Common Primary Clock","0","Max Delay Datapath Only","G2B_ONECH_C2H/reset_commit_phase_hold_source_reg[0]/C","G2B_ONECH_C2H/records_abandoned_axi_reg[26]/CE","1-bit unknown CDC circuitry"
"1074","706","CDC-1#277","CDC-1","Critical","nvp_vclk1","userclk1","No Common Primary Clock","0","Max Delay Datapath Only","G2B_ONECH_C2H/reset_commit_phase_hold_source_reg[0]/C","G2B_ONECH_C2H/records_abandoned_axi_reg[27]/CE","1-bit unknown CDC circuitry"
"1076","708","CDC-1#278","CDC-1","Critical","nvp_vclk1","userclk1","No Common Primary Clock","0","Max Delay Datapath Only","G2B_ONECH_C2H/reset_commit_phase_hold_source_reg[0]/C","G2B_ONECH_C2H/records_abandoned_axi_reg[28]/CE","1-bit unknown CDC circuitry"
"1078","710","CDC-1#279","CDC-1","Critical","nvp_vclk1","userclk1","No Common Primary Clock","0","Max Delay Datapath Only","G2B_ONECH_C2H/reset_commit_phase_hold_source_reg[0]/C","G2B_ONECH_C2H/records_abandoned_axi_reg[29]/CE","1-bit unknown CDC circuitry"
"1080","712","CDC-1#280","CDC-1","Critical","nvp_vclk1","userclk1","No Common Primary Clock","0","Max Delay Datapath Only","G2B_ONECH_C2H/reset_commit_phase_hold_source_reg[0]/C","G2B_ONECH_C2H/records_abandoned_axi_reg[30]/CE","1-bit unknown CDC circuitry"
"1082","714","CDC-1#281","CDC-1","Critical","nvp_vclk1","userclk1","No Common Primary Clock","0","Max Delay Datapath Only","G2B_ONECH_C2H/reset_commit_phase_hold_source_reg[0]/C","G2B_ONECH_C2H/records_abandoned_axi_reg[31]/CE","1-bit unknown CDC circuitry"
"1084","716","CDC-1#282","CDC-1","Critical","nvp_vclk1","userclk1","No Common Primary Clock","0","Max Delay Datapath Only","G2B_ONECH_C2H/reset_commit_phase_hold_source_reg[0]/C","G2B_ONECH_C2H/reset_epoch_axi_reg[0]/CE","1-bit unknown CDC circuitry"
"1085","717","CDC-1#283","CDC-1","Critical","nvp_vclk1","userclk1","No Common Primary Clock","0","Max Delay Datapath Only","G2B_ONECH_C2H/reset_commit_phase_hold_source_reg[0]/C","G2B_ONECH_C2H/reset_epoch_axi_reg[1]/CE","1-bit unknown CDC circuitry"
"1086","718","CDC-1#284","CDC-1","Critical","nvp_vclk1","userclk1","No Common Primary Clock","0","Max Delay Datapath Only","G2B_ONECH_C2H/reset_commit_phase_hold_source_reg[0]/C","G2B_ONECH_C2H/reset_epoch_axi_reg[2]/CE","1-bit unknown CDC circuitry"
"1087","719","CDC-1#285","CDC-1","Critical","nvp_vclk1","userclk1","No Common Primary Clock","0","Max Delay Datapath Only","G2B_ONECH_C2H/reset_commit_phase_hold_source_reg[0]/C","G2B_ONECH_C2H/reset_epoch_axi_reg[3]/CE","1-bit unknown CDC circuitry"
"1088","720","CDC-1#286","CDC-1","Critical","nvp_vclk1","userclk1","No Common Primary Clock","0","Max Delay Datapath Only","G2B_ONECH_C2H/reset_commit_phase_hold_source_reg[0]/C","G2B_ONECH_C2H/reset_epoch_axi_reg[4]/CE","1-bit unknown CDC circuitry"
"1089","721","CDC-1#287","CDC-1","Critical","nvp_vclk1","userclk1","No Common Primary Clock","0","Max Delay Datapath Only","G2B_ONECH_C2H/reset_commit_phase_hold_source_reg[0]/C","G2B_ONECH_C2H/reset_epoch_axi_reg[5]/CE","1-bit unknown CDC circuitry"
"1090","722","CDC-1#288","CDC-1","Critical","nvp_vclk1","userclk1","No Common Primary Clock","0","Max Delay Datapath Only","G2B_ONECH_C2H/reset_commit_phase_hold_source_reg[0]/C","G2B_ONECH_C2H/reset_epoch_axi_reg[6]/CE","1-bit unknown CDC circuitry"
"1091","723","CDC-1#289","CDC-1","Critical","nvp_vclk1","userclk1","No Common Primary Clock","0","Max Delay Datapath Only","G2B_ONECH_C2H/reset_commit_phase_hold_source_reg[0]/C","G2B_ONECH_C2H/reset_epoch_axi_reg[7]/CE","1-bit unknown CDC circuitry"
"1092","724","CDC-1#290","CDC-1","Critical","nvp_vclk1","userclk1","No Common Primary Clock","0","Max Delay Datapath Only","G2B_ONECH_C2H/reset_commit_phase_hold_source_reg[0]/C","G2B_ONECH_C2H/reset_epoch_axi_reg[8]/CE","1-bit unknown CDC circuitry"
"1093","725","CDC-1#291","CDC-1","Critical","nvp_vclk1","userclk1","No Common Primary Clock","0","Max Delay Datapath Only","G2B_ONECH_C2H/reset_commit_phase_hold_source_reg[0]/C","G2B_ONECH_C2H/reset_epoch_axi_reg[9]/CE","1-bit unknown CDC circuitry"
"1094","726","CDC-1#292","CDC-1","Critical","nvp_vclk1","userclk1","No Common Primary Clock","0","Max Delay Datapath Only","G2B_ONECH_C2H/reset_commit_phase_hold_source_reg[0]/C","G2B_ONECH_C2H/reset_epoch_axi_reg[10]/CE","1-bit unknown CDC circuitry"
"1095","727","CDC-1#293","CDC-1","Critical","nvp_vclk1","userclk1","No Common Primary Clock","0","Max Delay Datapath Only","G2B_ONECH_C2H/reset_commit_phase_hold_source_reg[0]/C","G2B_ONECH_C2H/reset_epoch_axi_reg[11]/CE","1-bit unknown CDC circuitry"
"1096","728","CDC-1#294","CDC-1","Critical","nvp_vclk1","userclk1","No Common Primary Clock","0","Max Delay Datapath Only","G2B_ONECH_C2H/reset_commit_phase_hold_source_reg[0]/C","G2B_ONECH_C2H/reset_epoch_axi_reg[12]/CE","1-bit unknown CDC circuitry"
"1097","729","CDC-1#295","CDC-1","Critical","nvp_vclk1","userclk1","No Common Primary Clock","0","Max Delay Datapath Only","G2B_ONECH_C2H/reset_commit_phase_hold_source_reg[0]/C","G2B_ONECH_C2H/reset_epoch_axi_reg[13]/CE","1-bit unknown CDC circuitry"
"1098","730","CDC-1#296","CDC-1","Critical","nvp_vclk1","userclk1","No Common Primary Clock","0","Max Delay Datapath Only","G2B_ONECH_C2H/reset_commit_phase_hold_source_reg[0]/C","G2B_ONECH_C2H/reset_epoch_axi_reg[14]/CE","1-bit unknown CDC circuitry"
"1099","731","CDC-1#297","CDC-1","Critical","nvp_vclk1","userclk1","No Common Primary Clock","0","Max Delay Datapath Only","G2B_ONECH_C2H/reset_commit_phase_hold_source_reg[0]/C","G2B_ONECH_C2H/reset_epoch_axi_reg[15]/CE","1-bit unknown CDC circuitry"
"1100","732","CDC-1#298","CDC-1","Critical","nvp_vclk1","userclk1","No Common Primary Clock","0","Max Delay Datapath Only","G2B_ONECH_C2H/reset_commit_phase_hold_source_reg[0]/C","G2B_ONECH_C2H/reset_epoch_axi_reg[16]/CE","1-bit unknown CDC circuitry"
"1101","733","CDC-1#299","CDC-1","Critical","nvp_vclk1","userclk1","No Common Primary Clock","0","Max Delay Datapath Only","G2B_ONECH_C2H/reset_commit_phase_hold_source_reg[0]/C","G2B_ONECH_C2H/reset_epoch_axi_reg[17]/CE","1-bit unknown CDC circuitry"
"1102","734","CDC-1#300","CDC-1","Critical","nvp_vclk1","userclk1","No Common Primary Clock","0","Max Delay Datapath Only","G2B_ONECH_C2H/reset_commit_phase_hold_source_reg[0]/C","G2B_ONECH_C2H/reset_epoch_axi_reg[18]/CE","1-bit unknown CDC circuitry"
"1103","735","CDC-1#301","CDC-1","Critical","nvp_vclk1","userclk1","No Common Primary Clock","0","Max Delay Datapath Only","G2B_ONECH_C2H/reset_commit_phase_hold_source_reg[0]/C","G2B_ONECH_C2H/reset_epoch_axi_reg[19]/CE","1-bit unknown CDC circuitry"
"1104","736","CDC-1#302","CDC-1","Critical","nvp_vclk1","userclk1","No Common Primary Clock","0","Max Delay Datapath Only","G2B_ONECH_C2H/reset_commit_phase_hold_source_reg[0]/C","G2B_ONECH_C2H/reset_epoch_axi_reg[20]/CE","1-bit unknown CDC circuitry"
"1105","737","CDC-1#303","CDC-1","Critical","nvp_vclk1","userclk1","No Common Primary Clock","0","Max Delay Datapath Only","G2B_ONECH_C2H/reset_commit_phase_hold_source_reg[0]/C","G2B_ONECH_C2H/reset_epoch_axi_reg[21]/CE","1-bit unknown CDC circuitry"
"1106","738","CDC-1#304","CDC-1","Critical","nvp_vclk1","userclk1","No Common Primary Clock","0","Max Delay Datapath Only","G2B_ONECH_C2H/reset_commit_phase_hold_source_reg[0]/C","G2B_ONECH_C2H/reset_epoch_axi_reg[22]/CE","1-bit unknown CDC circuitry"
"1107","739","CDC-1#305","CDC-1","Critical","nvp_vclk1","userclk1","No Common Primary Clock","0","Max Delay Datapath Only","G2B_ONECH_C2H/reset_commit_phase_hold_source_reg[0]/C","G2B_ONECH_C2H/reset_epoch_axi_reg[23]/CE","1-bit unknown CDC circuitry"
"1108","740","CDC-1#306","CDC-1","Critical","nvp_vclk1","userclk1","No Common Primary Clock","0","Max Delay Datapath Only","G2B_ONECH_C2H/reset_commit_phase_hold_source_reg[0]/C","G2B_ONECH_C2H/reset_epoch_axi_reg[24]/CE","1-bit unknown CDC circuitry"
"1109","741","CDC-1#307","CDC-1","Critical","nvp_vclk1","userclk1","No Common Primary Clock","0","Max Delay Datapath Only","G2B_ONECH_C2H/reset_commit_phase_hold_source_reg[0]/C","G2B_ONECH_C2H/reset_epoch_axi_reg[25]/CE","1-bit unknown CDC circuitry"
"1110","742","CDC-1#308","CDC-1","Critical","nvp_vclk1","userclk1","No Common Primary Clock","0","Max Delay Datapath Only","G2B_ONECH_C2H/reset_commit_phase_hold_source_reg[0]/C","G2B_ONECH_C2H/reset_epoch_axi_reg[26]/CE","1-bit unknown CDC circuitry"
"1111","743","CDC-1#309","CDC-1","Critical","nvp_vclk1","userclk1","No Common Primary Clock","0","Max Delay Datapath Only","G2B_ONECH_C2H/reset_commit_phase_hold_source_reg[0]/C","G2B_ONECH_C2H/reset_epoch_axi_reg[27]/CE","1-bit unknown CDC circuitry"
"1112","744","CDC-1#310","CDC-1","Critical","nvp_vclk1","userclk1","No Common Primary Clock","0","Max Delay Datapath Only","G2B_ONECH_C2H/reset_commit_phase_hold_source_reg[0]/C","G2B_ONECH_C2H/reset_epoch_axi_reg[28]/CE","1-bit unknown CDC circuitry"
"1113","745","CDC-1#311","CDC-1","Critical","nvp_vclk1","userclk1","No Common Primary Clock","0","Max Delay Datapath Only","G2B_ONECH_C2H/reset_commit_phase_hold_source_reg[0]/C","G2B_ONECH_C2H/reset_epoch_axi_reg[29]/CE","1-bit unknown CDC circuitry"
"1114","746","CDC-1#312","CDC-1","Critical","nvp_vclk1","userclk1","No Common Primary Clock","0","Max Delay Datapath Only","G2B_ONECH_C2H/reset_commit_phase_hold_source_reg[0]/C","G2B_ONECH_C2H/reset_epoch_axi_reg[30]/CE","1-bit unknown CDC circuitry"
"1115","747","CDC-1#313","CDC-1","Critical","nvp_vclk1","userclk1","No Common Primary Clock","0","Max Delay Datapath Only","G2B_ONECH_C2H/reset_commit_phase_hold_source_reg[0]/C","G2B_ONECH_C2H/reset_epoch_axi_reg[31]/CE","1-bit unknown CDC circuitry"
"1116","748","CDC-1#314","CDC-1","Critical","nvp_vclk1","userclk1","No Common Primary Clock","0","Max Delay Datapath Only","G2B_ONECH_C2H/reset_commit_phase_hold_source_reg[0]/C","G2B_ONECH_C2H/reset_events_axi_reg[0]/D","1-bit unknown CDC circuitry"
"1117","749","CDC-1#315","CDC-1","Critical","nvp_vclk1","userclk1","No Common Primary Clock","0","Max Delay Datapath Only","G2B_ONECH_C2H/reset_commit_phase_hold_source_reg[0]/C","G2B_ONECH_C2H/reset_events_axi_reg[1]/CE","1-bit unknown CDC circuitry"
"1119","751","CDC-1#316","CDC-1","Critical","nvp_vclk1","userclk1","No Common Primary Clock","0","Max Delay Datapath Only","G2B_ONECH_C2H/reset_commit_phase_hold_source_reg[0]/C","G2B_ONECH_C2H/reset_events_axi_reg[2]/CE","1-bit unknown CDC circuitry"
"1121","753","CDC-1#317","CDC-1","Critical","nvp_vclk1","userclk1","No Common Primary Clock","0","Max Delay Datapath Only","G2B_ONECH_C2H/reset_commit_phase_hold_source_reg[0]/C","G2B_ONECH_C2H/reset_events_axi_reg[3]/CE","1-bit unknown CDC circuitry"
"1123","755","CDC-1#318","CDC-1","Critical","nvp_vclk1","userclk1","No Common Primary Clock","0","Max Delay Datapath Only","G2B_ONECH_C2H/reset_commit_phase_hold_source_reg[0]/C","G2B_ONECH_C2H/reset_events_axi_reg[4]/CE","1-bit unknown CDC circuitry"
"1125","757","CDC-1#319","CDC-1","Critical","nvp_vclk1","userclk1","No Common Primary Clock","0","Max Delay Datapath Only","G2B_ONECH_C2H/reset_commit_phase_hold_source_reg[0]/C","G2B_ONECH_C2H/reset_events_axi_reg[5]/CE","1-bit unknown CDC circuitry"
"1127","759","CDC-1#320","CDC-1","Critical","nvp_vclk1","userclk1","No Common Primary Clock","0","Max Delay Datapath Only","G2B_ONECH_C2H/reset_commit_phase_hold_source_reg[0]/C","G2B_ONECH_C2H/reset_events_axi_reg[6]/CE","1-bit unknown CDC circuitry"
"1129","761","CDC-1#321","CDC-1","Critical","nvp_vclk1","userclk1","No Common Primary Clock","0","Max Delay Datapath Only","G2B_ONECH_C2H/reset_commit_phase_hold_source_reg[0]/C","G2B_ONECH_C2H/reset_events_axi_reg[7]/CE","1-bit unknown CDC circuitry"
"1131","763","CDC-1#322","CDC-1","Critical","nvp_vclk1","userclk1","No Common Primary Clock","0","Max Delay Datapath Only","G2B_ONECH_C2H/reset_commit_phase_hold_source_reg[0]/C","G2B_ONECH_C2H/reset_events_axi_reg[8]/CE","1-bit unknown CDC circuitry"
"1133","765","CDC-1#323","CDC-1","Critical","nvp_vclk1","userclk1","No Common Primary Clock","0","Max Delay Datapath Only","G2B_ONECH_C2H/reset_commit_phase_hold_source_reg[0]/C","G2B_ONECH_C2H/reset_events_axi_reg[9]/CE","1-bit unknown CDC circuitry"
"1135","767","CDC-1#324","CDC-1","Critical","nvp_vclk1","userclk1","No Common Primary Clock","0","Max Delay Datapath Only","G2B_ONECH_C2H/reset_commit_phase_hold_source_reg[0]/C","G2B_ONECH_C2H/reset_events_axi_reg[10]/CE","1-bit unknown CDC circuitry"
"1137","769","CDC-1#325","CDC-1","Critical","nvp_vclk1","userclk1","No Common Primary Clock","0","Max Delay Datapath Only","G2B_ONECH_C2H/reset_commit_phase_hold_source_reg[0]/C","G2B_ONECH_C2H/reset_events_axi_reg[11]/CE","1-bit unknown CDC circuitry"
"1139","771","CDC-1#326","CDC-1","Critical","nvp_vclk1","userclk1","No Common Primary Clock","0","Max Delay Datapath Only","G2B_ONECH_C2H/reset_commit_phase_hold_source_reg[0]/C","G2B_ONECH_C2H/reset_events_axi_reg[12]/CE","1-bit unknown CDC circuitry"
"1141","773","CDC-1#327","CDC-1","Critical","nvp_vclk1","userclk1","No Common Primary Clock","0","Max Delay Datapath Only","G2B_ONECH_C2H/reset_commit_phase_hold_source_reg[0]/C","G2B_ONECH_C2H/reset_events_axi_reg[13]/CE","1-bit unknown CDC circuitry"
"1143","775","CDC-1#328","CDC-1","Critical","nvp_vclk1","userclk1","No Common Primary Clock","0","Max Delay Datapath Only","G2B_ONECH_C2H/reset_commit_phase_hold_source_reg[0]/C","G2B_ONECH_C2H/reset_events_axi_reg[14]/CE","1-bit unknown CDC circuitry"
"1145","777","CDC-1#329","CDC-1","Critical","nvp_vclk1","userclk1","No Common Primary Clock","0","Max Delay Datapath Only","G2B_ONECH_C2H/reset_commit_phase_hold_source_reg[0]/C","G2B_ONECH_C2H/reset_events_axi_reg[15]/CE","1-bit unknown CDC circuitry"
"1147","779","CDC-1#330","CDC-1","Critical","nvp_vclk1","userclk1","No Common Primary Clock","0","Max Delay Datapath Only","G2B_ONECH_C2H/reset_commit_phase_hold_source_reg[0]/C","G2B_ONECH_C2H/reset_events_axi_reg[16]/CE","1-bit unknown CDC circuitry"
"1149","781","CDC-1#331","CDC-1","Critical","nvp_vclk1","userclk1","No Common Primary Clock","0","Max Delay Datapath Only","G2B_ONECH_C2H/reset_commit_phase_hold_source_reg[0]/C","G2B_ONECH_C2H/reset_events_axi_reg[17]/CE","1-bit unknown CDC circuitry"
"1151","783","CDC-1#332","CDC-1","Critical","nvp_vclk1","userclk1","No Common Primary Clock","0","Max Delay Datapath Only","G2B_ONECH_C2H/reset_commit_phase_hold_source_reg[0]/C","G2B_ONECH_C2H/reset_events_axi_reg[18]/CE","1-bit unknown CDC circuitry"
"1153","785","CDC-1#333","CDC-1","Critical","nvp_vclk1","userclk1","No Common Primary Clock","0","Max Delay Datapath Only","G2B_ONECH_C2H/reset_commit_phase_hold_source_reg[0]/C","G2B_ONECH_C2H/reset_events_axi_reg[19]/CE","1-bit unknown CDC circuitry"
"1155","787","CDC-1#334","CDC-1","Critical","nvp_vclk1","userclk1","No Common Primary Clock","0","Max Delay Datapath Only","G2B_ONECH_C2H/reset_commit_phase_hold_source_reg[0]/C","G2B_ONECH_C2H/reset_events_axi_reg[20]/CE","1-bit unknown CDC circuitry"
"1157","789","CDC-1#335","CDC-1","Critical","nvp_vclk1","userclk1","No Common Primary Clock","0","Max Delay Datapath Only","G2B_ONECH_C2H/reset_commit_phase_hold_source_reg[0]/C","G2B_ONECH_C2H/reset_events_axi_reg[21]/CE","1-bit unknown CDC circuitry"
"1159","791","CDC-1#336","CDC-1","Critical","nvp_vclk1","userclk1","No Common Primary Clock","0","Max Delay Datapath Only","G2B_ONECH_C2H/reset_commit_phase_hold_source_reg[0]/C","G2B_ONECH_C2H/reset_events_axi_reg[22]/CE","1-bit unknown CDC circuitry"
"1161","793","CDC-1#337","CDC-1","Critical","nvp_vclk1","userclk1","No Common Primary Clock","0","Max Delay Datapath Only","G2B_ONECH_C2H/reset_commit_phase_hold_source_reg[0]/C","G2B_ONECH_C2H/reset_events_axi_reg[23]/CE","1-bit unknown CDC circuitry"
"1163","795","CDC-1#338","CDC-1","Critical","nvp_vclk1","userclk1","No Common Primary Clock","0","Max Delay Datapath Only","G2B_ONECH_C2H/reset_commit_phase_hold_source_reg[0]/C","G2B_ONECH_C2H/reset_events_axi_reg[24]/CE","1-bit unknown CDC circuitry"
"1165","797","CDC-1#339","CDC-1","Critical","nvp_vclk1","userclk1","No Common Primary Clock","0","Max Delay Datapath Only","G2B_ONECH_C2H/reset_commit_phase_hold_source_reg[0]/C","G2B_ONECH_C2H/reset_events_axi_reg[25]/CE","1-bit unknown CDC circuitry"
"1167","799","CDC-1#340","CDC-1","Critical","nvp_vclk1","userclk1","No Common Primary Clock","0","Max Delay Datapath Only","G2B_ONECH_C2H/reset_commit_phase_hold_source_reg[0]/C","G2B_ONECH_C2H/reset_events_axi_reg[26]/CE","1-bit unknown CDC circuitry"
"1169","801","CDC-1#341","CDC-1","Critical","nvp_vclk1","userclk1","No Common Primary Clock","0","Max Delay Datapath Only","G2B_ONECH_C2H/reset_commit_phase_hold_source_reg[0]/C","G2B_ONECH_C2H/reset_events_axi_reg[27]/CE","1-bit unknown CDC circuitry"
"1171","803","CDC-1#342","CDC-1","Critical","nvp_vclk1","userclk1","No Common Primary Clock","0","Max Delay Datapath Only","G2B_ONECH_C2H/reset_commit_phase_hold_source_reg[0]/C","G2B_ONECH_C2H/reset_events_axi_reg[28]/CE","1-bit unknown CDC circuitry"
"1173","805","CDC-1#343","CDC-1","Critical","nvp_vclk1","userclk1","No Common Primary Clock","0","Max Delay Datapath Only","G2B_ONECH_C2H/reset_commit_phase_hold_source_reg[0]/C","G2B_ONECH_C2H/reset_events_axi_reg[29]/CE","1-bit unknown CDC circuitry"
"1175","807","CDC-1#344","CDC-1","Critical","nvp_vclk1","userclk1","No Common Primary Clock","0","Max Delay Datapath Only","G2B_ONECH_C2H/reset_commit_phase_hold_source_reg[0]/C","G2B_ONECH_C2H/reset_events_axi_reg[30]/CE","1-bit unknown CDC circuitry"
"1177","809","CDC-1#345","CDC-1","Critical","nvp_vclk1","userclk1","No Common Primary Clock","0","Max Delay Datapath Only","G2B_ONECH_C2H/reset_commit_phase_hold_source_reg[0]/C","G2B_ONECH_C2H/reset_events_axi_reg[31]/CE","1-bit unknown CDC circuitry"
"1181","813","CDC-1#346","CDC-1","Critical","nvp_vclk1","userclk1","No Common Primary Clock","0","Max Delay Datapath Only","G2B_ONECH_C2H/reset_commit_phase_hold_source_reg[0]/C","G2B_ONECH_C2H/shadow_last_channel_reg[0]/CE","1-bit unknown CDC circuitry"
"1183","815","CDC-1#347","CDC-1","Critical","nvp_vclk1","userclk1","No Common Primary Clock","0","Max Delay Datapath Only","G2B_ONECH_C2H/reset_commit_phase_hold_source_reg[0]/C","G2B_ONECH_C2H/shadow_last_channel_reg[1]/CE","1-bit unknown CDC circuitry"
"1185","817","CDC-1#348","CDC-1","Critical","nvp_vclk1","userclk1","No Common Primary Clock","0","Max Delay Datapath Only","G2B_ONECH_C2H/reset_commit_phase_hold_source_reg[0]/C","G2B_ONECH_C2H/shadow_last_channel_reg[2]/CE","1-bit unknown CDC circuitry"
"1187","819","CDC-1#349","CDC-1","Critical","nvp_vclk1","userclk1","No Common Primary Clock","0","Max Delay Datapath Only","G2B_ONECH_C2H/reset_commit_phase_hold_source_reg[0]/C","G2B_ONECH_C2H/shadow_last_channel_reg[3]/CE","1-bit unknown CDC circuitry"
"1189","821","CDC-1#350","CDC-1","Critical","nvp_vclk1","userclk1","No Common Primary Clock","0","Max Delay Datapath Only","G2B_ONECH_C2H/reset_commit_phase_hold_source_reg[0]/C","G2B_ONECH_C2H/shadow_last_channel_reg[4]/CE","1-bit unknown CDC circuitry"
"1191","823","CDC-1#351","CDC-1","Critical","nvp_vclk1","userclk1","No Common Primary Clock","0","Max Delay Datapath Only","G2B_ONECH_C2H/reset_commit_phase_hold_source_reg[0]/C","G2B_ONECH_C2H/shadow_last_channel_reg[5]/CE","1-bit unknown CDC circuitry"
"1193","825","CDC-1#352","CDC-1","Critical","nvp_vclk1","userclk1","No Common Primary Clock","0","Max Delay Datapath Only","G2B_ONECH_C2H/reset_commit_phase_hold_source_reg[0]/C","G2B_ONECH_C2H/shadow_last_channel_reg[6]/CE","1-bit unknown CDC circuitry"
"1195","827","CDC-1#353","CDC-1","Critical","nvp_vclk1","userclk1","No Common Primary Clock","0","Max Delay Datapath Only","G2B_ONECH_C2H/reset_commit_phase_hold_source_reg[0]/C","G2B_ONECH_C2H/shadow_last_channel_reg[7]/CE","1-bit unknown CDC circuitry"
"1197","829","CDC-1#354","CDC-1","Critical","nvp_vclk1","userclk1","No Common Primary Clock","0","Max Delay Datapath Only","G2B_ONECH_C2H/reset_commit_phase_hold_source_reg[0]/C","G2B_ONECH_C2H/shadow_last_channel_reg[8]/CE","1-bit unknown CDC circuitry"
"1199","831","CDC-1#355","CDC-1","Critical","nvp_vclk1","userclk1","No Common Primary Clock","0","Max Delay Datapath Only","G2B_ONECH_C2H/reset_commit_phase_hold_source_reg[0]/C","G2B_ONECH_C2H/shadow_last_channel_reg[9]/CE","1-bit unknown CDC circuitry"
"1201","833","CDC-1#356","CDC-1","Critical","nvp_vclk1","userclk1","No Common Primary Clock","0","Max Delay Datapath Only","G2B_ONECH_C2H/reset_commit_phase_hold_source_reg[0]/C","G2B_ONECH_C2H/shadow_last_channel_reg[10]/CE","1-bit unknown CDC circuitry"
"1203","835","CDC-1#357","CDC-1","Critical","nvp_vclk1","userclk1","No Common Primary Clock","0","Max Delay Datapath Only","G2B_ONECH_C2H/reset_commit_phase_hold_source_reg[0]/C","G2B_ONECH_C2H/shadow_last_channel_reg[11]/CE","1-bit unknown CDC circuitry"
"1205","837","CDC-1#358","CDC-1","Critical","nvp_vclk1","userclk1","No Common Primary Clock","0","Max Delay Datapath Only","G2B_ONECH_C2H/reset_commit_phase_hold_source_reg[0]/C","G2B_ONECH_C2H/shadow_last_channel_reg[12]/CE","1-bit unknown CDC circuitry"
"1207","839","CDC-1#359","CDC-1","Critical","nvp_vclk1","userclk1","No Common Primary Clock","0","Max Delay Datapath Only","G2B_ONECH_C2H/reset_commit_phase_hold_source_reg[0]/C","G2B_ONECH_C2H/shadow_last_channel_reg[13]/CE","1-bit unknown CDC circuitry"
"1209","841","CDC-1#360","CDC-1","Critical","nvp_vclk1","userclk1","No Common Primary Clock","0","Max Delay Datapath Only","G2B_ONECH_C2H/reset_commit_phase_hold_source_reg[0]/C","G2B_ONECH_C2H/shadow_last_channel_reg[14]/CE","1-bit unknown CDC circuitry"
"1211","843","CDC-1#361","CDC-1","Critical","nvp_vclk1","userclk1","No Common Primary Clock","0","Max Delay Datapath Only","G2B_ONECH_C2H/reset_commit_phase_hold_source_reg[0]/C","G2B_ONECH_C2H/shadow_last_channel_reg[15]/CE","1-bit unknown CDC circuitry"
"1213","845","CDC-1#362","CDC-1","Critical","nvp_vclk1","userclk1","No Common Primary Clock","0","Max Delay Datapath Only","G2B_ONECH_C2H/reset_commit_phase_hold_source_reg[0]/C","G2B_ONECH_C2H/shadow_last_channel_reg[16]/CE","1-bit unknown CDC circuitry"
"1215","847","CDC-1#363","CDC-1","Critical","nvp_vclk1","userclk1","No Common Primary Clock","0","Max Delay Datapath Only","G2B_ONECH_C2H/reset_commit_phase_hold_source_reg[0]/C","G2B_ONECH_C2H/shadow_last_channel_reg[17]/CE","1-bit unknown CDC circuitry"
"1217","849","CDC-1#364","CDC-1","Critical","nvp_vclk1","userclk1","No Common Primary Clock","0","Max Delay Datapath Only","G2B_ONECH_C2H/reset_commit_phase_hold_source_reg[0]/C","G2B_ONECH_C2H/shadow_last_channel_reg[18]/CE","1-bit unknown CDC circuitry"
"1219","851","CDC-1#365","CDC-1","Critical","nvp_vclk1","userclk1","No Common Primary Clock","0","Max Delay Datapath Only","G2B_ONECH_C2H/reset_commit_phase_hold_source_reg[0]/C","G2B_ONECH_C2H/shadow_last_channel_reg[19]/CE","1-bit unknown CDC circuitry"
"1221","853","CDC-1#366","CDC-1","Critical","nvp_vclk1","userclk1","No Common Primary Clock","0","Max Delay Datapath Only","G2B_ONECH_C2H/reset_commit_phase_hold_source_reg[0]/C","G2B_ONECH_C2H/shadow_last_channel_reg[20]/CE","1-bit unknown CDC circuitry"
"1223","855","CDC-1#367","CDC-1","Critical","nvp_vclk1","userclk1","No Common Primary Clock","0","Max Delay Datapath Only","G2B_ONECH_C2H/reset_commit_phase_hold_source_reg[0]/C","G2B_ONECH_C2H/shadow_last_channel_reg[21]/CE","1-bit unknown CDC circuitry"
"1225","857","CDC-1#368","CDC-1","Critical","nvp_vclk1","userclk1","No Common Primary Clock","0","Max Delay Datapath Only","G2B_ONECH_C2H/reset_commit_phase_hold_source_reg[0]/C","G2B_ONECH_C2H/shadow_last_channel_reg[22]/CE","1-bit unknown CDC circuitry"
"1227","859","CDC-1#369","CDC-1","Critical","nvp_vclk1","userclk1","No Common Primary Clock","0","Max Delay Datapath Only","G2B_ONECH_C2H/reset_commit_phase_hold_source_reg[0]/C","G2B_ONECH_C2H/shadow_last_channel_reg[23]/CE","1-bit unknown CDC circuitry"
"1229","861","CDC-1#370","CDC-1","Critical","nvp_vclk1","userclk1","No Common Primary Clock","0","Max Delay Datapath Only","G2B_ONECH_C2H/reset_commit_phase_hold_source_reg[0]/C","G2B_ONECH_C2H/shadow_last_channel_reg[24]/CE","1-bit unknown CDC circuitry"
"1231","863","CDC-1#371","CDC-1","Critical","nvp_vclk1","userclk1","No Common Primary Clock","0","Max Delay Datapath Only","G2B_ONECH_C2H/reset_commit_phase_hold_source_reg[0]/C","G2B_ONECH_C2H/shadow_last_channel_reg[25]/CE","1-bit unknown CDC circuitry"
"1233","865","CDC-1#372","CDC-1","Critical","nvp_vclk1","userclk1","No Common Primary Clock","0","Max Delay Datapath Only","G2B_ONECH_C2H/reset_commit_phase_hold_source_reg[0]/C","G2B_ONECH_C2H/shadow_last_channel_reg[26]/CE","1-bit unknown CDC circuitry"
"1235","867","CDC-1#373","CDC-1","Critical","nvp_vclk1","userclk1","No Common Primary Clock","0","Max Delay Datapath Only","G2B_ONECH_C2H/reset_commit_phase_hold_source_reg[0]/C","G2B_ONECH_C2H/shadow_last_channel_reg[27]/CE","1-bit unknown CDC circuitry"
"1237","869","CDC-1#374","CDC-1","Critical","nvp_vclk1","userclk1","No Common Primary Clock","0","Max Delay Datapath Only","G2B_ONECH_C2H/reset_commit_phase_hold_source_reg[0]/C","G2B_ONECH_C2H/shadow_last_channel_reg[28]/CE","1-bit unknown CDC circuitry"
"1239","871","CDC-1#375","CDC-1","Critical","nvp_vclk1","userclk1","No Common Primary Clock","0","Max Delay Datapath Only","G2B_ONECH_C2H/reset_commit_phase_hold_source_reg[0]/C","G2B_ONECH_C2H/shadow_last_channel_reg[29]/CE","1-bit unknown CDC circuitry"
"1241","873","CDC-1#376","CDC-1","Critical","nvp_vclk1","userclk1","No Common Primary Clock","0","Max Delay Datapath Only","G2B_ONECH_C2H/reset_commit_phase_hold_source_reg[0]/C","G2B_ONECH_C2H/shadow_last_channel_reg[30]/CE","1-bit unknown CDC circuitry"
"1243","875","CDC-1#377","CDC-1","Critical","nvp_vclk1","userclk1","No Common Primary Clock","0","Max Delay Datapath Only","G2B_ONECH_C2H/reset_commit_phase_hold_source_reg[0]/C","G2B_ONECH_C2H/shadow_last_channel_reg[31]/CE","1-bit unknown CDC circuitry"
"1245","877","CDC-1#378","CDC-1","Critical","nvp_vclk1","userclk1","No Common Primary Clock","0","Max Delay Datapath Only","G2B_ONECH_C2H/reset_commit_phase_hold_source_reg[0]/C","G2B_ONECH_C2H/shadow_last_global_reg[0]/CE","1-bit unknown CDC circuitry"
"1247","879","CDC-1#379","CDC-1","Critical","nvp_vclk1","userclk1","No Common Primary Clock","0","Max Delay Datapath Only","G2B_ONECH_C2H/reset_commit_phase_hold_source_reg[0]/C","G2B_ONECH_C2H/shadow_last_global_reg[1]/CE","1-bit unknown CDC circuitry"
"1249","881","CDC-1#380","CDC-1","Critical","nvp_vclk1","userclk1","No Common Primary Clock","0","Max Delay Datapath Only","G2B_ONECH_C2H/reset_commit_phase_hold_source_reg[0]/C","G2B_ONECH_C2H/shadow_last_global_reg[2]/CE","1-bit unknown CDC circuitry"
"1251","883","CDC-1#381","CDC-1","Critical","nvp_vclk1","userclk1","No Common Primary Clock","0","Max Delay Datapath Only","G2B_ONECH_C2H/reset_commit_phase_hold_source_reg[0]/C","G2B_ONECH_C2H/shadow_last_global_reg[3]/CE","1-bit unknown CDC circuitry"
"1253","885","CDC-1#382","CDC-1","Critical","nvp_vclk1","userclk1","No Common Primary Clock","0","Max Delay Datapath Only","G2B_ONECH_C2H/reset_commit_phase_hold_source_reg[0]/C","G2B_ONECH_C2H/shadow_last_global_reg[4]/CE","1-bit unknown CDC circuitry"
"1255","887","CDC-1#383","CDC-1","Critical","nvp_vclk1","userclk1","No Common Primary Clock","0","Max Delay Datapath Only","G2B_ONECH_C2H/reset_commit_phase_hold_source_reg[0]/C","G2B_ONECH_C2H/shadow_last_global_reg[5]/CE","1-bit unknown CDC circuitry"
"1257","889","CDC-1#384","CDC-1","Critical","nvp_vclk1","userclk1","No Common Primary Clock","0","Max Delay Datapath Only","G2B_ONECH_C2H/reset_commit_phase_hold_source_reg[0]/C","G2B_ONECH_C2H/shadow_last_global_reg[6]/CE","1-bit unknown CDC circuitry"
"1259","891","CDC-1#385","CDC-1","Critical","nvp_vclk1","userclk1","No Common Primary Clock","0","Max Delay Datapath Only","G2B_ONECH_C2H/reset_commit_phase_hold_source_reg[0]/C","G2B_ONECH_C2H/shadow_last_global_reg[7]/CE","1-bit unknown CDC circuitry"
"1261","893","CDC-1#386","CDC-1","Critical","nvp_vclk1","userclk1","No Common Primary Clock","0","Max Delay Datapath Only","G2B_ONECH_C2H/reset_commit_phase_hold_source_reg[0]/C","G2B_ONECH_C2H/shadow_last_global_reg[8]/CE","1-bit unknown CDC circuitry"
"1263","895","CDC-1#387","CDC-1","Critical","nvp_vclk1","userclk1","No Common Primary Clock","0","Max Delay Datapath Only","G2B_ONECH_C2H/reset_commit_phase_hold_source_reg[0]/C","G2B_ONECH_C2H/shadow_last_global_reg[9]/CE","1-bit unknown CDC circuitry"
"1265","897","CDC-1#388","CDC-1","Critical","nvp_vclk1","userclk1","No Common Primary Clock","0","Max Delay Datapath Only","G2B_ONECH_C2H/reset_commit_phase_hold_source_reg[0]/C","G2B_ONECH_C2H/shadow_last_global_reg[10]/CE","1-bit unknown CDC circuitry"
"1267","899","CDC-1#389","CDC-1","Critical","nvp_vclk1","userclk1","No Common Primary Clock","0","Max Delay Datapath Only","G2B_ONECH_C2H/reset_commit_phase_hold_source_reg[0]/C","G2B_ONECH_C2H/shadow_last_global_reg[11]/CE","1-bit unknown CDC circuitry"
"1269","901","CDC-1#390","CDC-1","Critical","nvp_vclk1","userclk1","No Common Primary Clock","0","Max Delay Datapath Only","G2B_ONECH_C2H/reset_commit_phase_hold_source_reg[0]/C","G2B_ONECH_C2H/shadow_last_global_reg[12]/CE","1-bit unknown CDC circuitry"
"1271","903","CDC-1#391","CDC-1","Critical","nvp_vclk1","userclk1","No Common Primary Clock","0","Max Delay Datapath Only","G2B_ONECH_C2H/reset_commit_phase_hold_source_reg[0]/C","G2B_ONECH_C2H/shadow_last_global_reg[13]/CE","1-bit unknown CDC circuitry"
"1273","905","CDC-1#392","CDC-1","Critical","nvp_vclk1","userclk1","No Common Primary Clock","0","Max Delay Datapath Only","G2B_ONECH_C2H/reset_commit_phase_hold_source_reg[0]/C","G2B_ONECH_C2H/shadow_last_global_reg[14]/CE","1-bit unknown CDC circuitry"
"1275","907","CDC-1#393","CDC-1","Critical","nvp_vclk1","userclk1","No Common Primary Clock","0","Max Delay Datapath Only","G2B_ONECH_C2H/reset_commit_phase_hold_source_reg[0]/C","G2B_ONECH_C2H/shadow_last_global_reg[15]/CE","1-bit unknown CDC circuitry"
"1277","909","CDC-1#394","CDC-1","Critical","nvp_vclk1","userclk1","No Common Primary Clock","0","Max Delay Datapath Only","G2B_ONECH_C2H/reset_commit_phase_hold_source_reg[0]/C","G2B_ONECH_C2H/shadow_last_global_reg[16]/CE","1-bit unknown CDC circuitry"
"1279","911","CDC-1#395","CDC-1","Critical","nvp_vclk1","userclk1","No Common Primary Clock","0","Max Delay Datapath Only","G2B_ONECH_C2H/reset_commit_phase_hold_source_reg[0]/C","G2B_ONECH_C2H/shadow_last_global_reg[17]/CE","1-bit unknown CDC circuitry"
"1281","913","CDC-1#396","CDC-1","Critical","nvp_vclk1","userclk1","No Common Primary Clock","0","Max Delay Datapath Only","G2B_ONECH_C2H/reset_commit_phase_hold_source_reg[0]/C","G2B_ONECH_C2H/shadow_last_global_reg[18]/CE","1-bit unknown CDC circuitry"
"1283","915","CDC-1#397","CDC-1","Critical","nvp_vclk1","userclk1","No Common Primary Clock","0","Max Delay Datapath Only","G2B_ONECH_C2H/reset_commit_phase_hold_source_reg[0]/C","G2B_ONECH_C2H/shadow_last_global_reg[19]/CE","1-bit unknown CDC circuitry"
"1285","917","CDC-1#398","CDC-1","Critical","nvp_vclk1","userclk1","No Common Primary Clock","0","Max Delay Datapath Only","G2B_ONECH_C2H/reset_commit_phase_hold_source_reg[0]/C","G2B_ONECH_C2H/shadow_last_global_reg[20]/CE","1-bit unknown CDC circuitry"
"1287","919","CDC-1#399","CDC-1","Critical","nvp_vclk1","userclk1","No Common Primary Clock","0","Max Delay Datapath Only","G2B_ONECH_C2H/reset_commit_phase_hold_source_reg[0]/C","G2B_ONECH_C2H/shadow_last_global_reg[21]/CE","1-bit unknown CDC circuitry"
"1289","921","CDC-1#400","CDC-1","Critical","nvp_vclk1","userclk1","No Common Primary Clock","0","Max Delay Datapath Only","G2B_ONECH_C2H/reset_commit_phase_hold_source_reg[0]/C","G2B_ONECH_C2H/shadow_last_global_reg[22]/CE","1-bit unknown CDC circuitry"
"1291","923","CDC-1#401","CDC-1","Critical","nvp_vclk1","userclk1","No Common Primary Clock","0","Max Delay Datapath Only","G2B_ONECH_C2H/reset_commit_phase_hold_source_reg[0]/C","G2B_ONECH_C2H/shadow_last_global_reg[23]/CE","1-bit unknown CDC circuitry"
"1293","925","CDC-1#402","CDC-1","Critical","nvp_vclk1","userclk1","No Common Primary Clock","0","Max Delay Datapath Only","G2B_ONECH_C2H/reset_commit_phase_hold_source_reg[0]/C","G2B_ONECH_C2H/shadow_last_global_reg[24]/CE","1-bit unknown CDC circuitry"
"1295","927","CDC-1#403","CDC-1","Critical","nvp_vclk1","userclk1","No Common Primary Clock","0","Max Delay Datapath Only","G2B_ONECH_C2H/reset_commit_phase_hold_source_reg[0]/C","G2B_ONECH_C2H/shadow_last_global_reg[25]/CE","1-bit unknown CDC circuitry"
"1297","929","CDC-1#404","CDC-1","Critical","nvp_vclk1","userclk1","No Common Primary Clock","0","Max Delay Datapath Only","G2B_ONECH_C2H/reset_commit_phase_hold_source_reg[0]/C","G2B_ONECH_C2H/shadow_last_global_reg[26]/CE","1-bit unknown CDC circuitry"
"1299","931","CDC-1#405","CDC-1","Critical","nvp_vclk1","userclk1","No Common Primary Clock","0","Max Delay Datapath Only","G2B_ONECH_C2H/reset_commit_phase_hold_source_reg[0]/C","G2B_ONECH_C2H/shadow_last_global_reg[27]/CE","1-bit unknown CDC circuitry"
"1301","933","CDC-1#406","CDC-1","Critical","nvp_vclk1","userclk1","No Common Primary Clock","0","Max Delay Datapath Only","G2B_ONECH_C2H/reset_commit_phase_hold_source_reg[0]/C","G2B_ONECH_C2H/shadow_last_global_reg[28]/CE","1-bit unknown CDC circuitry"
"1303","935","CDC-1#407","CDC-1","Critical","nvp_vclk1","userclk1","No Common Primary Clock","0","Max Delay Datapath Only","G2B_ONECH_C2H/reset_commit_phase_hold_source_reg[0]/C","G2B_ONECH_C2H/shadow_last_global_reg[29]/CE","1-bit unknown CDC circuitry"
"1305","937","CDC-1#408","CDC-1","Critical","nvp_vclk1","userclk1","No Common Primary Clock","0","Max Delay Datapath Only","G2B_ONECH_C2H/reset_commit_phase_hold_source_reg[0]/C","G2B_ONECH_C2H/shadow_last_global_reg[30]/CE","1-bit unknown CDC circuitry"
"1307","939","CDC-1#409","CDC-1","Critical","nvp_vclk1","userclk1","No Common Primary Clock","0","Max Delay Datapath Only","G2B_ONECH_C2H/reset_commit_phase_hold_source_reg[0]/C","G2B_ONECH_C2H/shadow_last_global_reg[31]/CE","1-bit unknown CDC circuitry"
"1309","941","CDC-1#410","CDC-1","Critical","nvp_vclk1","userclk1","No Common Primary Clock","0","Max Delay Datapath Only","G2B_ONECH_C2H/reset_commit_phase_hold_source_reg[0]/C","G2B_ONECH_C2H/shadow_last_global_valid_reg/D","1-bit unknown CDC circuitry"
"1312","944","CDC-1#411","CDC-1","Critical","nvp_vclk1","userclk1","No Common Primary Clock","0","Max Delay Datapath Only","G2B_ONECH_C2H/reset_commit_phase_hold_source_reg[0]/C","G2B_ONECH_C2H/snapshot_busy_axi_reg/D","1-bit unknown CDC circuitry"
"1317","949","CDC-1#412","CDC-1","Critical","nvp_vclk1","userclk1","No Common Primary Clock","0","Max Delay Datapath Only","G2B_ONECH_C2H/reset_commit_phase_hold_source_reg[0]/C","G2B_ONECH_C2H/snapshot_valid_axi_reg/D","1-bit unknown CDC circuitry"
"1319","951","CDC-10#2","CDC-10","Critical","nvp_vclk1","userclk1","No Common Primary Clock","2","False Path","nvp_ready_sync_reg[1]/C","G2B_ONECH_C2H/source_ready_sync1_axi_reg/D","Combinational logic detected before a synchronizer"
"1321","953","CDC-1#413","CDC-1","Critical","nvp_vclk1","userclk1","No Common Primary Clock","0","Max Delay Datapath Only","G2B_ONECH_C2H/own_ok_hold_source_reg/C","G2B_ONECH_C2H/stored_enable_axi_reg/D","1-bit unknown CDC circuitry"
"1322","954","CDC-1#414","CDC-1","Critical","nvp_vclk1","userclk1","No Common Primary Clock","0","Max Delay Datapath Only","G2B_ONECH_C2H/reset_commit_phase_hold_source_reg[0]/C","G2B_ONECH_C2H/stream_reset_busy_axi_reg/D","1-bit unknown CDC circuitry"
"1323","955","CDC-1#415","CDC-1","Critical","nvp_vclk1","userclk1","No Common Primary Clock","0","Max Delay Datapath Only","G2B_ONECH_C2H/reset_commit_phase_hold_source_reg[0]/C","G2B_ONECH_C2H/stream_reset_is_hard_axi_reg/D","1-bit unknown CDC circuitry"
"1325","957","CDC-1#416","CDC-1","Critical","nvp_vclk1","userclk1","No Common Primary Clock","0","Max Delay Datapath Only","G2B_ONECH_C2H/reset_commit_phase_hold_source_reg[0]/C","G2B_ONECH_C2H/transport_followup_hard_axi_reg/D","1-bit unknown CDC circuitry"
"1326","958","CDC-1#417","CDC-1","Critical","nvp_vclk1","userclk1","No Common Primary Clock","0","Max Delay Datapath Only","G2B_ONECH_C2H/reset_commit_phase_hold_source_reg[0]/C","G2B_ONECH_C2H/transport_hard_hold_axi_reg/CE","1-bit unknown CDC circuitry"
"1327","959","CDC-1#418","CDC-1","Critical","nvp_vclk1","userclk1","No Common Primary Clock","0","Max Delay Datapath Only","G2B_ONECH_C2H/reset_commit_phase_hold_source_reg[0]/C","G2B_ONECH_C2H/transport_own_phase_hold_axi_reg/CE","1-bit unknown CDC circuitry"
"1328","960","CDC-1#419","CDC-1","Critical","nvp_vclk1","userclk1","No Common Primary Clock","0","Max Delay Datapath Only","G2B_ONECH_C2H/reset_commit_phase_hold_source_reg[0]/C","G2B_ONECH_C2H/transport_release_phase_hold_axi_reg[0]/CE","1-bit unknown CDC circuitry"
"1330","962","CDC-1#420","CDC-1","Critical","nvp_vclk1","userclk1","No Common Primary Clock","0","Max Delay Datapath Only","G2B_ONECH_C2H/reset_commit_phase_hold_source_reg[0]/C","G2B_ONECH_C2H/transport_release_phase_hold_axi_reg[1]/CE","1-bit unknown CDC circuitry"
"1332","964","CDC-1#421","CDC-1","Critical","nvp_vclk1","userclk1","No Common Primary Clock","0","Max Delay Datapath Only","G2B_ONECH_C2H/reset_commit_phase_hold_source_reg[0]/C","G2B_ONECH_C2H/transport_release_phase_hold_axi_reg[2]/CE","1-bit unknown CDC circuitry"
"1334","966","CDC-1#422","CDC-1","Critical","nvp_vclk1","userclk1","No Common Primary Clock","0","Max Delay Datapath Only","G2B_ONECH_C2H/reset_commit_phase_hold_source_reg[0]/C","G2B_ONECH_C2H/transport_release_phase_hold_axi_reg[3]/CE","1-bit unknown CDC circuitry"
"1336","968","CDC-1#423","CDC-1","Critical","nvp_vclk1","userclk1","No Common Primary Clock","0","Max Delay Datapath Only","G2B_ONECH_C2H/reset_commit_phase_hold_source_reg[0]/C","G2B_ONECH_C2H/transport_req_toggle_axi_reg/D","1-bit unknown CDC circuitry"
