ScenarioIndex,OperationIndex,OperationID,FailureType,CommittedRegisterCount,UnresolvedCommittedRegisterCount,RecoveryPath,TerminalState,ClassificationReason
1,1,MODE1_0001_COMMON_BANK_SELECT,FAILURE_BEFORE_WRITE,0,0,ABORTING->EXACT_RESTORE->BASELINE_VERIFY->RECOVERED_PRODUCT_BASELINE,RECOVERED_PRODUCT_BASELINE,NO_UNRESOLVED_FUNCTIONAL_REGISTER_MAY_HAVE_COMMITTED
2,1,MODE1_0001_COMMON_BANK_SELECT,NACK_DURING_WRITE,0,0,ABORTING->EXACT_RESTORE->BASELINE_VERIFY->RECOVERED_PRODUCT_BASELINE,RECOVERED_PRODUCT_BASELINE,NO_UNRESOLVED_FUNCTIONAL_REGISTER_MAY_HAVE_COMMITTED
3,1,MODE1_0001_COMMON_BANK_SELECT,TIMEOUT_DURING_WRITE,0,0,ABORTING->EXACT_RESTORE->BASELINE_VERIFY->RECOVERED_PRODUCT_BASELINE,RECOVERED_PRODUCT_BASELINE,NO_UNRESOLVED_FUNCTIONAL_REGISTER_MAY_HAVE_COMMITTED
4,1,MODE1_0001_COMMON_BANK_SELECT,READBACK_MISMATCH,0,0,ABORTING->EXACT_RESTORE->BASELINE_VERIFY->RECOVERED_PRODUCT_BASELINE,RECOVERED_PRODUCT_BASELINE,NO_UNRESOLVED_FUNCTIONAL_REGISTER_MAY_HAVE_COMMITTED
5,1,MODE1_0001_COMMON_BANK_SELECT,RESET_BETWEEN_OPERATIONS,0,0,ABORTING->PRODUCT_RECONSTRUCTION_GAP->FATAL_RECOVERY_FAILURE,FATAL_RECOVERY_FAILURE,CALLABLE_RESET_AUTOINIT_OR_PERSISTENT_RECOVERY_CONTEXT_NOT_PROVEN
6,1,MODE1_0001_COMMON_BANK_SELECT,HOST_ABORT,0,0,ABORTING->EXACT_RESTORE->BASELINE_VERIFY->RECOVERED_PRODUCT_BASELINE,RECOVERED_PRODUCT_BASELINE,NO_UNRESOLVED_FUNCTIONAL_REGISTER_MAY_HAVE_COMMITTED
7,1,MODE1_0001_COMMON_BANK_SELECT,MMIO_RESET,0,0,ABORTING->PRODUCT_RECONSTRUCTION_GAP->FATAL_RECOVERY_FAILURE,FATAL_RECOVERY_FAILURE,CALLABLE_RESET_AUTOINIT_OR_PERSISTENT_RECOVERY_CONTEXT_NOT_PROVEN
8,2,MODE1_0002_COMMON_WRITE,FAILURE_BEFORE_WRITE,0,0,ABORTING->EXACT_RESTORE->BASELINE_VERIFY->RECOVERED_PRODUCT_BASELINE,RECOVERED_PRODUCT_BASELINE,NO_UNRESOLVED_FUNCTIONAL_REGISTER_MAY_HAVE_COMMITTED
9,2,MODE1_0002_COMMON_WRITE,NACK_DURING_WRITE,1,1,ABORTING->UNRESOLVED_REGISTER_GATE->FATAL_RECOVERY_FAILURE,FATAL_RECOVERY_FAILURE,UNRESOLVED_COMMITTED_REGISTERS=0x00:0x00
10,2,MODE1_0002_COMMON_WRITE,TIMEOUT_DURING_WRITE,1,1,ABORTING->UNRESOLVED_REGISTER_GATE->FATAL_RECOVERY_FAILURE,FATAL_RECOVERY_FAILURE,UNRESOLVED_COMMITTED_REGISTERS=0x00:0x00
11,2,MODE1_0002_COMMON_WRITE,READBACK_MISMATCH,1,1,ABORTING->UNRESOLVED_REGISTER_GATE->FATAL_RECOVERY_FAILURE,FATAL_RECOVERY_FAILURE,UNRESOLVED_COMMITTED_REGISTERS=0x00:0x00
12,2,MODE1_0002_COMMON_WRITE,RESET_BETWEEN_OPERATIONS,1,1,ABORTING->PRODUCT_RECONSTRUCTION_GAP->FATAL_RECOVERY_FAILURE,FATAL_RECOVERY_FAILURE,CALLABLE_RESET_AUTOINIT_OR_PERSISTENT_RECOVERY_CONTEXT_NOT_PROVEN
13,2,MODE1_0002_COMMON_WRITE,HOST_ABORT,1,1,ABORTING->UNRESOLVED_REGISTER_GATE->FATAL_RECOVERY_FAILURE,FATAL_RECOVERY_FAILURE,UNRESOLVED_COMMITTED_REGISTERS=0x00:0x00
14,2,MODE1_0002_COMMON_WRITE,MMIO_RESET,1,1,ABORTING->PRODUCT_RECONSTRUCTION_GAP->FATAL_RECOVERY_FAILURE,FATAL_RECOVERY_FAILURE,CALLABLE_RESET_AUTOINIT_OR_PERSISTENT_RECOVERY_CONTEXT_NOT_PROVEN
15,3,MODE1_0003_COMMON_WRITE,FAILURE_BEFORE_WRITE,1,1,ABORTING->UNRESOLVED_REGISTER_GATE->FATAL_RECOVERY_FAILURE,FATAL_RECOVERY_FAILURE,UNRESOLVED_COMMITTED_REGISTERS=0x00:0x00
16,3,MODE1_0003_COMMON_WRITE,NACK_DURING_WRITE,2,2,ABORTING->UNRESOLVED_REGISTER_GATE->FATAL_RECOVERY_FAILURE,FATAL_RECOVERY_FAILURE,UNRESOLVED_COMMITTED_REGISTERS=0x00:0x00;0x00:0x22
17,3,MODE1_0003_COMMON_WRITE,TIMEOUT_DURING_WRITE,2,2,ABORTING->UNRESOLVED_REGISTER_GATE->FATAL_RECOVERY_FAILURE,FATAL_RECOVERY_FAILURE,UNRESOLVED_COMMITTED_REGISTERS=0x00:0x00;0x00:0x22
18,3,MODE1_0003_COMMON_WRITE,READBACK_MISMATCH,2,2,ABORTING->UNRESOLVED_REGISTER_GATE->FATAL_RECOVERY_FAILURE,FATAL_RECOVERY_FAILURE,UNRESOLVED_COMMITTED_REGISTERS=0x00:0x00;0x00:0x22
19,3,MODE1_0003_COMMON_WRITE,RESET_BETWEEN_OPERATIONS,2,2,ABORTING->PRODUCT_RECONSTRUCTION_GAP->FATAL_RECOVERY_FAILURE,FATAL_RECOVERY_FAILURE,CALLABLE_RESET_AUTOINIT_OR_PERSISTENT_RECOVERY_CONTEXT_NOT_PROVEN
20,3,MODE1_0003_COMMON_WRITE,HOST_ABORT,2,2,ABORTING->UNRESOLVED_REGISTER_GATE->FATAL_RECOVERY_FAILURE,FATAL_RECOVERY_FAILURE,UNRESOLVED_COMMITTED_REGISTERS=0x00:0x00;0x00:0x22
21,3,MODE1_0003_COMMON_WRITE,MMIO_RESET,2,2,ABORTING->PRODUCT_RECONSTRUCTION_GAP->FATAL_RECOVERY_FAILURE,FATAL_RECOVERY_FAILURE,CALLABLE_RESET_AUTOINIT_OR_PERSISTENT_RECOVERY_CONTEXT_NOT_PROVEN
22,4,MODE1_0004_COMMON_WRITE,FAILURE_BEFORE_WRITE,2,2,ABORTING->UNRESOLVED_REGISTER_GATE->FATAL_RECOVERY_FAILURE,FATAL_RECOVERY_FAILURE,UNRESOLVED_COMMITTED_REGISTERS=0x00:0x00;0x00:0x22
23,4,MODE1_0004_COMMON_WRITE,NACK_DURING_WRITE,3,2,ABORTING->UNRESOLVED_REGISTER_GATE->FATAL_RECOVERY_FAILURE,FATAL_RECOVERY_FAILURE,UNRESOLVED_COMMITTED_REGISTERS=0x00:0x00;0x00:0x22
24,4,MODE1_0004_COMMON_WRITE,TIMEOUT_DURING_WRITE,3,2,ABORTING->UNRESOLVED_REGISTER_GATE->FATAL_RECOVERY_FAILURE,FATAL_RECOVERY_FAILURE,UNRESOLVED_COMMITTED_REGISTERS=0x00:0x00;0x00:0x22
25,4,MODE1_0004_COMMON_WRITE,READBACK_MISMATCH,3,2,ABORTING->UNRESOLVED_REGISTER_GATE->FATAL_RECOVERY_FAILURE,FATAL_RECOVERY_FAILURE,UNRESOLVED_COMMITTED_REGISTERS=0x00:0x00;0x00:0x22
26,4,MODE1_0004_COMMON_WRITE,RESET_BETWEEN_OPERATIONS,3,2,ABORTING->PRODUCT_RECONSTRUCTION_GAP->FATAL_RECOVERY_FAILURE,FATAL_RECOVERY_FAILURE,CALLABLE_RESET_AUTOINIT_OR_PERSISTENT_RECOVERY_CONTEXT_NOT_PROVEN
27,4,MODE1_0004_COMMON_WRITE,HOST_ABORT,3,2,ABORTING->UNRESOLVED_REGISTER_GATE->FATAL_RECOVERY_FAILURE,FATAL_RECOVERY_FAILURE,UNRESOLVED_COMMITTED_REGISTERS=0x00:0x00;0x00:0x22
28,4,MODE1_0004_COMMON_WRITE,MMIO_RESET,3,2,ABORTING->PRODUCT_RECONSTRUCTION_GAP->FATAL_RECOVERY_FAILURE,FATAL_RECOVERY_FAILURE,CALLABLE_RESET_AUTOINIT_OR_PERSISTENT_RECOVERY_CONTEXT_NOT_PROVEN
29,5,MODE1_0005_COMMON_WRITE,FAILURE_BEFORE_WRITE,3,2,ABORTING->UNRESOLVED_REGISTER_GATE->FATAL_RECOVERY_FAILURE,FATAL_RECOVERY_FAILURE,UNRESOLVED_COMMITTED_REGISTERS=0x00:0x00;0x00:0x22
30,5,MODE1_0005_COMMON_WRITE,NACK_DURING_WRITE,4,3,ABORTING->UNRESOLVED_REGISTER_GATE->FATAL_RECOVERY_FAILURE,FATAL_RECOVERY_FAILURE,UNRESOLVED_COMMITTED_REGISTERS=0x00:0x00;0x00:0x22;0x00:0x30
31,5,MODE1_0005_COMMON_WRITE,TIMEOUT_DURING_WRITE,4,3,ABORTING->UNRESOLVED_REGISTER_GATE->FATAL_RECOVERY_FAILURE,FATAL_RECOVERY_FAILURE,UNRESOLVED_COMMITTED_REGISTERS=0x00:0x00;0x00:0x22;0x00:0x30
32,5,MODE1_0005_COMMON_WRITE,READBACK_MISMATCH,4,3,ABORTING->UNRESOLVED_REGISTER_GATE->FATAL_RECOVERY_FAILURE,FATAL_RECOVERY_FAILURE,UNRESOLVED_COMMITTED_REGISTERS=0x00:0x00;0x00:0x22;0x00:0x30
33,5,MODE1_0005_COMMON_WRITE,RESET_BETWEEN_OPERATIONS,4,3,ABORTING->PRODUCT_RECONSTRUCTION_GAP->FATAL_RECOVERY_FAILURE,FATAL_RECOVERY_FAILURE,CALLABLE_RESET_AUTOINIT_OR_PERSISTENT_RECOVERY_CONTEXT_NOT_PROVEN
34,5,MODE1_0005_COMMON_WRITE,HOST_ABORT,4,3,ABORTING->UNRESOLVED_REGISTER_GATE->FATAL_RECOVERY_FAILURE,FATAL_RECOVERY_FAILURE,UNRESOLVED_COMMITTED_REGISTERS=0x00:0x00;0x00:0x22;0x00:0x30
35,5,MODE1_0005_COMMON_WRITE,MMIO_RESET,4,3,ABORTING->PRODUCT_RECONSTRUCTION_GAP->FATAL_RECOVERY_FAILURE,FATAL_RECOVERY_FAILURE,CALLABLE_RESET_AUTOINIT_OR_PERSISTENT_RECOVERY_CONTEXT_NOT_PROVEN
36,6,MODE1_0006_COMMON_WRITE,FAILURE_BEFORE_WRITE,4,3,ABORTING->UNRESOLVED_REGISTER_GATE->FATAL_RECOVERY_FAILURE,FATAL_RECOVERY_FAILURE,UNRESOLVED_COMMITTED_REGISTERS=0x00:0x00;0x00:0x22;0x00:0x30
37,6,MODE1_0006_COMMON_WRITE,NACK_DURING_WRITE,5,4,ABORTING->UNRESOLVED_REGISTER_GATE->FATAL_RECOVERY_FAILURE,FATAL_RECOVERY_FAILURE,UNRESOLVED_COMMITTED_REGISTERS=0x00:0x00;0x00:0x22;0x00:0x30;0x00:0x34
38,6,MODE1_0006_COMMON_WRITE,TIMEOUT_DURING_WRITE,5,4,ABORTING->UNRESOLVED_REGISTER_GATE->FATAL_RECOVERY_FAILURE,FATAL_RECOVERY_FAILURE,UNRESOLVED_COMMITTED_REGISTERS=0x00:0x00;0x00:0x22;0x00:0x30;0x00:0x34
39,6,MODE1_0006_COMMON_WRITE,READBACK_MISMATCH,5,4,ABORTING->UNRESOLVED_REGISTER_GATE->FATAL_RECOVERY_FAILURE,FATAL_RECOVERY_FAILURE,UNRESOLVED_COMMITTED_REGISTERS=0x00:0x00;0x00:0x22;0x00:0x30;0x00:0x34
40,6,MODE1_0006_COMMON_WRITE,RESET_BETWEEN_OPERATIONS,5,4,ABORTING->PRODUCT_RECONSTRUCTION_GAP->FATAL_RECOVERY_FAILURE,FATAL_RECOVERY_FAILURE,CALLABLE_RESET_AUTOINIT_OR_PERSISTENT_RECOVERY_CONTEXT_NOT_PROVEN
41,6,MODE1_0006_COMMON_WRITE,HOST_ABORT,5,4,ABORTING->UNRESOLVED_REGISTER_GATE->FATAL_RECOVERY_FAILURE,FATAL_RECOVERY_FAILURE,UNRESOLVED_COMMITTED_REGISTERS=0x00:0x00;0x00:0x22;0x00:0x30;0x00:0x34
42,6,MODE1_0006_COMMON_WRITE,MMIO_RESET,5,4,ABORTING->PRODUCT_RECONSTRUCTION_GAP->FATAL_RECOVERY_FAILURE,FATAL_RECOVERY_FAILURE,CALLABLE_RESET_AUTOINIT_OR_PERSISTENT_RECOVERY_CONTEXT_NOT_PROVEN
43,7,MODE1_0007_COMMON_WRITE,FAILURE_BEFORE_WRITE,5,4,ABORTING->UNRESOLVED_REGISTER_GATE->FATAL_RECOVERY_FAILURE,FATAL_RECOVERY_FAILURE,UNRESOLVED_COMMITTED_REGISTERS=0x00:0x00;0x00:0x22;0x00:0x30;0x00:0x34
44,7,MODE1_0007_COMMON_WRITE,NACK_DURING_WRITE,6,5,ABORTING->UNRESOLVED_REGISTER_GATE->FATAL_RECOVERY_FAILURE,FATAL_RECOVERY_FAILURE,UNRESOLVED_COMMITTED_REGISTERS=0x00:0x00;0x00:0x22;0x00:0x30;0x00:0x34;0x00:0x93
45,7,MODE1_0007_COMMON_WRITE,TIMEOUT_DURING_WRITE,6,5,ABORTING->UNRESOLVED_REGISTER_GATE->FATAL_RECOVERY_FAILURE,FATAL_RECOVERY_FAILURE,UNRESOLVED_COMMITTED_REGISTERS=0x00:0x00;0x00:0x22;0x00:0x30;0x00:0x34;0x00:0x93
46,7,MODE1_0007_COMMON_WRITE,READBACK_MISMATCH,6,5,ABORTING->UNRESOLVED_REGISTER_GATE->FATAL_RECOVERY_FAILURE,FATAL_RECOVERY_FAILURE,UNRESOLVED_COMMITTED_REGISTERS=0x00:0x00;0x00:0x22;0x00:0x30;0x00:0x34;0x00:0x93
47,7,MODE1_0007_COMMON_WRITE,RESET_BETWEEN_OPERATIONS,6,5,ABORTING->PRODUCT_RECONSTRUCTION_GAP->FATAL_RECOVERY_FAILURE,FATAL_RECOVERY_FAILURE,CALLABLE_RESET_AUTOINIT_OR_PERSISTENT_RECOVERY_CONTEXT_NOT_PROVEN
48,7,MODE1_0007_COMMON_WRITE,HOST_ABORT,6,5,ABORTING->UNRESOLVED_REGISTER_GATE->FATAL_RECOVERY_FAILURE,FATAL_RECOVERY_FAILURE,UNRESOLVED_COMMITTED_REGISTERS=0x00:0x00;0x00:0x22;0x00:0x30;0x00:0x34;0x00:0x93
49,7,MODE1_0007_COMMON_WRITE,MMIO_RESET,6,5,ABORTING->PRODUCT_RECONSTRUCTION_GAP->FATAL_RECOVERY_FAILURE,FATAL_RECOVERY_FAILURE,CALLABLE_RESET_AUTOINIT_OR_PERSISTENT_RECOVERY_CONTEXT_NOT_PROVEN
50,8,MODE1_0008_COMMON_WRITE,FAILURE_BEFORE_WRITE,6,5,ABORTING->UNRESOLVED_REGISTER_GATE->FATAL_RECOVERY_FAILURE,FATAL_RECOVERY_FAILURE,UNRESOLVED_COMMITTED_REGISTERS=0x00:0x00;0x00:0x22;0x00:0x30;0x00:0x34;0x00:0x93
51,8,MODE1_0008_COMMON_WRITE,NACK_DURING_WRITE,7,6,ABORTING->UNRESOLVED_REGISTER_GATE->FATAL_RECOVERY_FAILURE,FATAL_RECOVERY_FAILURE,UNRESOLVED_COMMITTED_REGISTERS=0x00:0x00;0x00:0x22;0x00:0x30;0x00:0x34;0x00:0x93;0x00:0xA4
52,8,MODE1_0008_COMMON_WRITE,TIMEOUT_DURING_WRITE,7,6,ABORTING->UNRESOLVED_REGISTER_GATE->FATAL_RECOVERY_FAILURE,FATAL_RECOVERY_FAILURE,UNRESOLVED_COMMITTED_REGISTERS=0x00:0x00;0x00:0x22;0x00:0x30;0x00:0x34;0x00:0x93;0x00:0xA4
53,8,MODE1_0008_COMMON_WRITE,READBACK_MISMATCH,7,6,ABORTING->UNRESOLVED_REGISTER_GATE->FATAL_RECOVERY_FAILURE,FATAL_RECOVERY_FAILURE,UNRESOLVED_COMMITTED_REGISTERS=0x00:0x00;0x00:0x22;0x00:0x30;0x00:0x34;0x00:0x93;0x00:0xA4
54,8,MODE1_0008_COMMON_WRITE,RESET_BETWEEN_OPERATIONS,7,6,ABORTING->PRODUCT_RECONSTRUCTION_GAP->FATAL_RECOVERY_FAILURE,FATAL_RECOVERY_FAILURE,CALLABLE_RESET_AUTOINIT_OR_PERSISTENT_RECOVERY_CONTEXT_NOT_PROVEN
55,8,MODE1_0008_COMMON_WRITE,HOST_ABORT,7,6,ABORTING->UNRESOLVED_REGISTER_GATE->FATAL_RECOVERY_FAILURE,FATAL_RECOVERY_FAILURE,UNRESOLVED_COMMITTED_REGISTERS=0x00:0x00;0x00:0x22;0x00:0x30;0x00:0x34;0x00:0x93;0x00:0xA4
56,8,MODE1_0008_COMMON_WRITE,MMIO_RESET,7,6,ABORTING->PRODUCT_RECONSTRUCTION_GAP->FATAL_RECOVERY_FAILURE,FATAL_RECOVERY_FAILURE,CALLABLE_RESET_AUTOINIT_OR_PERSISTENT_RECOVERY_CONTEXT_NOT_PROVEN
57,9,MODE1_0009_COMMON_BANK_SELECT,FAILURE_BEFORE_WRITE,7,6,ABORTING->UNRESOLVED_REGISTER_GATE->FATAL_RECOVERY_FAILURE,FATAL_RECOVERY_FAILURE,UNRESOLVED_COMMITTED_REGISTERS=0x00:0x00;0x00:0x22;0x00:0x30;0x00:0x34;0x00:0x93;0x00:0xA4
58,9,MODE1_0009_COMMON_BANK_SELECT,NACK_DURING_WRITE,7,6,ABORTING->UNRESOLVED_REGISTER_GATE->FATAL_RECOVERY_FAILURE,FATAL_RECOVERY_FAILURE,UNRESOLVED_COMMITTED_REGISTERS=0x00:0x00;0x00:0x22;0x00:0x30;0x00:0x34;0x00:0x93;0x00:0xA4
59,9,MODE1_0009_COMMON_BANK_SELECT,TIMEOUT_DURING_WRITE,7,6,ABORTING->UNRESOLVED_REGISTER_GATE->FATAL_RECOVERY_FAILURE,FATAL_RECOVERY_FAILURE,UNRESOLVED_COMMITTED_REGISTERS=0x00:0x00;0x00:0x22;0x00:0x30;0x00:0x34;0x00:0x93;0x00:0xA4
60,9,MODE1_0009_COMMON_BANK_SELECT,READBACK_MISMATCH,7,6,ABORTING->UNRESOLVED_REGISTER_GATE->FATAL_RECOVERY_FAILURE,FATAL_RECOVERY_FAILURE,UNRESOLVED_COMMITTED_REGISTERS=0x00:0x00;0x00:0x22;0x00:0x30;0x00:0x34;0x00:0x93;0x00:0xA4
61,9,MODE1_0009_COMMON_BANK_SELECT,RESET_BETWEEN_OPERATIONS,7,6,ABORTING->PRODUCT_RECONSTRUCTION_GAP->FATAL_RECOVERY_FAILURE,FATAL_RECOVERY_FAILURE,CALLABLE_RESET_AUTOINIT_OR_PERSISTENT_RECOVERY_CONTEXT_NOT_PROVEN
62,9,MODE1_0009_COMMON_BANK_SELECT,HOST_ABORT,7,6,ABORTING->UNRESOLVED_REGISTER_GATE->FATAL_RECOVERY_FAILURE,FATAL_RECOVERY_FAILURE,UNRESOLVED_COMMITTED_REGISTERS=0x00:0x00;0x00:0x22;0x00:0x30;0x00:0x34;0x00:0x93;0x00:0xA4
63,9,MODE1_0009_COMMON_BANK_SELECT,MMIO_RESET,7,6,ABORTING->PRODUCT_RECONSTRUCTION_GAP->FATAL_RECOVERY_FAILURE,FATAL_RECOVERY_FAILURE,CALLABLE_RESET_AUTOINIT_OR_PERSISTENT_RECOVERY_CONTEXT_NOT_PROVEN
64,10,MODE1_0010_COMMON_WRITE,FAILURE_BEFORE_WRITE,7,6,ABORTING->UNRESOLVED_REGISTER_GATE->FATAL_RECOVERY_FAILURE,FATAL_RECOVERY_FAILURE,UNRESOLVED_COMMITTED_REGISTERS=0x00:0x00;0x00:0x22;0x00:0x30;0x00:0x34;0x00:0x93;0x00:0xA4
65,10,MODE1_0010_COMMON_WRITE,NACK_DURING_WRITE,8,7,ABORTING->UNRESOLVED_REGISTER_GATE->FATAL_RECOVERY_FAILURE,FATAL_RECOVERY_FAILURE,UNRESOLVED_COMMITTED_REGISTERS=0x00:0x00;0x00:0x22;0x00:0x30;0x00:0x34;0x00:0x93;0x00:0xA4;0x05:0x00
66,10,MODE1_0010_COMMON_WRITE,TIMEOUT_DURING_WRITE,8,7,ABORTING->UNRESOLVED_REGISTER_GATE->FATAL_RECOVERY_FAILURE,FATAL_RECOVERY_FAILURE,UNRESOLVED_COMMITTED_REGISTERS=0x00:0x00;0x00:0x22;0x00:0x30;0x00:0x34;0x00:0x93;0x00:0xA4;0x05:0x00
67,10,MODE1_0010_COMMON_WRITE,READBACK_MISMATCH,8,7,ABORTING->UNRESOLVED_REGISTER_GATE->FATAL_RECOVERY_FAILURE,FATAL_RECOVERY_FAILURE,UNRESOLVED_COMMITTED_REGISTERS=0x00:0x00;0x00:0x22;0x00:0x30;0x00:0x34;0x00:0x93;0x00:0xA4;0x05:0x00
68,10,MODE1_0010_COMMON_WRITE,RESET_BETWEEN_OPERATIONS,8,7,ABORTING->PRODUCT_RECONSTRUCTION_GAP->FATAL_RECOVERY_FAILURE,FATAL_RECOVERY_FAILURE,CALLABLE_RESET_AUTOINIT_OR_PERSISTENT_RECOVERY_CONTEXT_NOT_PROVEN
69,10,MODE1_0010_COMMON_WRITE,HOST_ABORT,8,7,ABORTING->UNRESOLVED_REGISTER_GATE->FATAL_RECOVERY_FAILURE,FATAL_RECOVERY_FAILURE,UNRESOLVED_COMMITTED_REGISTERS=0x00:0x00;0x00:0x22;0x00:0x30;0x00:0x34;0x00:0x93;0x00:0xA4;0x05:0x00
70,10,MODE1_0010_COMMON_WRITE,MMIO_RESET,8,7,ABORTING->PRODUCT_RECONSTRUCTION_GAP->FATAL_RECOVERY_FAILURE,FATAL_RECOVERY_FAILURE,CALLABLE_RESET_AUTOINIT_OR_PERSISTENT_RECOVERY_CONTEXT_NOT_PROVEN
71,11,MODE1_0011_COMMON_WRITE,FAILURE_BEFORE_WRITE,8,7,ABORTING->UNRESOLVED_REGISTER_GATE->FATAL_RECOVERY_FAILURE,FATAL_RECOVERY_FAILURE,UNRESOLVED_COMMITTED_REGISTERS=0x00:0x00;0x00:0x22;0x00:0x30;0x00:0x34;0x00:0x93;0x00:0xA4;0x05:0x00
72,11,MODE1_0011_COMMON_WRITE,NACK_DURING_WRITE,9,8,ABORTING->UNRESOLVED_REGISTER_GATE->FATAL_RECOVERY_FAILURE,FATAL_RECOVERY_FAILURE,UNRESOLVED_COMMITTED_REGISTERS=0x00:0x00;0x00:0x22;0x00:0x30;0x00:0x34;0x00:0x93;0x00:0xA4;0x05:0x00;0x05:0x01
73,11,MODE1_0011_COMMON_WRITE,TIMEOUT_DURING_WRITE,9,8,ABORTING->UNRESOLVED_REGISTER_GATE->FATAL_RECOVERY_FAILURE,FATAL_RECOVERY_FAILURE,UNRESOLVED_COMMITTED_REGISTERS=0x00:0x00;0x00:0x22;0x00:0x30;0x00:0x34;0x00:0x93;0x00:0xA4;0x05:0x00;0x05:0x01
74,11,MODE1_0011_COMMON_WRITE,READBACK_MISMATCH,9,8,ABORTING->UNRESOLVED_REGISTER_GATE->FATAL_RECOVERY_FAILURE,FATAL_RECOVERY_FAILURE,UNRESOLVED_COMMITTED_REGISTERS=0x00:0x00;0x00:0x22;0x00:0x30;0x00:0x34;0x00:0x93;0x00:0xA4;0x05:0x00;0x05:0x01
75,11,MODE1_0011_COMMON_WRITE,RESET_BETWEEN_OPERATIONS,9,8,ABORTING->PRODUCT_RECONSTRUCTION_GAP->FATAL_RECOVERY_FAILURE,FATAL_RECOVERY_FAILURE,CALLABLE_RESET_AUTOINIT_OR_PERSISTENT_RECOVERY_CONTEXT_NOT_PROVEN
76,11,MODE1_0011_COMMON_WRITE,HOST_ABORT,9,8,ABORTING->UNRESOLVED_REGISTER_GATE->FATAL_RECOVERY_FAILURE,FATAL_RECOVERY_FAILURE,UNRESOLVED_COMMITTED_REGISTERS=0x00:0x00;0x00:0x22;0x00:0x30;0x00:0x34;0x00:0x93;0x00:0xA4;0x05:0x00;0x05:0x01
77,11,MODE1_0011_COMMON_WRITE,MMIO_RESET,9,8,ABORTING->PRODUCT_RECONSTRUCTION_GAP->FATAL_RECOVERY_FAILURE,FATAL_RECOVERY_FAILURE,CALLABLE_RESET_AUTOINIT_OR_PERSISTENT_RECOVERY_CONTEXT_NOT_PROVEN
78,12,MODE1_0012_COMMON_WRITE,FAILURE_BEFORE_WRITE,9,8,ABORTING->UNRESOLVED_REGISTER_GATE->FATAL_RECOVERY_FAILURE,FATAL_RECOVERY_FAILURE,UNRESOLVED_COMMITTED_REGISTERS=0x00:0x00;0x00:0x22;0x00:0x30;0x00:0x34;0x00:0x93;0x00:0xA4;0x05:0x00;0x05:0x01
79,12,MODE1_0012_COMMON_WRITE,NACK_DURING_WRITE,10,9,ABORTING->UNRESOLVED_REGISTER_GATE->FATAL_RECOVERY_FAILURE,FATAL_RECOVERY_FAILURE,UNRESOLVED_COMMITTED_REGISTERS=0x00:0x00;0x00:0x22;0x00:0x30;0x00:0x34;0x00:0x93;0x00:0xA4;0x05:0x00;0x05:0x01;0x05:0x05
80,12,MODE1_0012_COMMON_WRITE,TIMEOUT_DURING_WRITE,10,9,ABORTING->UNRESOLVED_REGISTER_GATE->FATAL_RECOVERY_FAILURE,FATAL_RECOVERY_FAILURE,UNRESOLVED_COMMITTED_REGISTERS=0x00:0x00;0x00:0x22;0x00:0x30;0x00:0x34;0x00:0x93;0x00:0xA4;0x05:0x00;0x05:0x01;0x05:0x05
81,12,MODE1_0012_COMMON_WRITE,READBACK_MISMATCH,10,9,ABORTING->UNRESOLVED_REGISTER_GATE->FATAL_RECOVERY_FAILURE,FATAL_RECOVERY_FAILURE,UNRESOLVED_COMMITTED_REGISTERS=0x00:0x00;0x00:0x22;0x00:0x30;0x00:0x34;0x00:0x93;0x00:0xA4;0x05:0x00;0x05:0x01;0x05:0x05
82,12,MODE1_0012_COMMON_WRITE,RESET_BETWEEN_OPERATIONS,10,9,ABORTING->PRODUCT_RECONSTRUCTION_GAP->FATAL_RECOVERY_FAILURE,FATAL_RECOVERY_FAILURE,CALLABLE_RESET_AUTOINIT_OR_PERSISTENT_RECOVERY_CONTEXT_NOT_PROVEN
83,12,MODE1_0012_COMMON_WRITE,HOST_ABORT,10,9,ABORTING->UNRESOLVED_REGISTER_GATE->FATAL_RECOVERY_FAILURE,FATAL_RECOVERY_FAILURE,UNRESOLVED_COMMITTED_REGISTERS=0x00:0x00;0x00:0x22;0x00:0x30;0x00:0x34;0x00:0x93;0x00:0xA4;0x05:0x00;0x05:0x01;0x05:0x05
84,12,MODE1_0012_COMMON_WRITE,MMIO_RESET,10,9,ABORTING->PRODUCT_RECONSTRUCTION_GAP->FATAL_RECOVERY_FAILURE,FATAL_RECOVERY_FAILURE,CALLABLE_RESET_AUTOINIT_OR_PERSISTENT_RECOVERY_CONTEXT_NOT_PROVEN
85,13,MODE1_0013_COMMON_WRITE,FAILURE_BEFORE_WRITE,10,9,ABORTING->UNRESOLVED_REGISTER_GATE->FATAL_RECOVERY_FAILURE,FATAL_RECOVERY_FAILURE,UNRESOLVED_COMMITTED_REGISTERS=0x00:0x00;0x00:0x22;0x00:0x30;0x00:0x34;0x00:0x93;0x00:0xA4;0x05:0x00;0x05:0x01;0x05:0x05
86,13,MODE1_0013_COMMON_WRITE,NACK_DURING_WRITE,11,10,ABORTING->UNRESOLVED_REGISTER_GATE->FATAL_RECOVERY_FAILURE,FATAL_RECOVERY_FAILURE,UNRESOLVED_COMMITTED_REGISTERS=0x00:0x00;0x00:0x22;0x00:0x30;0x00:0x34;0x00:0x93;0x00:0xA4;0x05:0x00;0x05:0x01;0x05:0x05;0x05:0x08
87,13,MODE1_0013_COMMON_WRITE,TIMEOUT_DURING_WRITE,11,10,ABORTING->UNRESOLVED_REGISTER_GATE->FATAL_RECOVERY_FAILURE,FATAL_RECOVERY_FAILURE,UNRESOLVED_COMMITTED_REGISTERS=0x00:0x00;0x00:0x22;0x00:0x30;0x00:0x34;0x00:0x93;0x00:0xA4;0x05:0x00;0x05:0x01;0x05:0x05;0x05:0x08
88,13,MODE1_0013_COMMON_WRITE,READBACK_MISMATCH,11,10,ABORTING->UNRESOLVED_REGISTER_GATE->FATAL_RECOVERY_FAILURE,FATAL_RECOVERY_FAILURE,UNRESOLVED_COMMITTED_REGISTERS=0x00:0x00;0x00:0x22;0x00:0x30;0x00:0x34;0x00:0x93;0x00:0xA4;0x05:0x00;0x05:0x01;0x05:0x05;0x05:0x08
89,13,MODE1_0013_COMMON_WRITE,RESET_BETWEEN_OPERATIONS,11,10,ABORTING->PRODUCT_RECONSTRUCTION_GAP->FATAL_RECOVERY_FAILURE,FATAL_RECOVERY_FAILURE,CALLABLE_RESET_AUTOINIT_OR_PERSISTENT_RECOVERY_CONTEXT_NOT_PROVEN
90,13,MODE1_0013_COMMON_WRITE,HOST_ABORT,11,10,ABORTING->UNRESOLVED_REGISTER_GATE->FATAL_RECOVERY_FAILURE,FATAL_RECOVERY_FAILURE,UNRESOLVED_COMMITTED_REGISTERS=0x00:0x00;0x00:0x22;0x00:0x30;0x00:0x34;0x00:0x93;0x00:0xA4;0x05:0x00;0x05:0x01;0x05:0x05;0x05:0x08
91,13,MODE1_0013_COMMON_WRITE,MMIO_RESET,11,10,ABORTING->PRODUCT_RECONSTRUCTION_GAP->FATAL_RECOVERY_FAILURE,FATAL_RECOVERY_FAILURE,CALLABLE_RESET_AUTOINIT_OR_PERSISTENT_RECOVERY_CONTEXT_NOT_PROVEN
92,14,MODE1_0014_COMMON_WRITE,FAILURE_BEFORE_WRITE,11,10,ABORTING->UNRESOLVED_REGISTER_GATE->FATAL_RECOVERY_FAILURE,FATAL_RECOVERY_FAILURE,UNRESOLVED_COMMITTED_REGISTERS=0x00:0x00;0x00:0x22;0x00:0x30;0x00:0x34;0x00:0x93;0x00:0xA4;0x05:0x00;0x05:0x01;0x05:0x05;0x05:0x08
93,14,MODE1_0014_COMMON_WRITE,NACK_DURING_WRITE,12,11,ABORTING->UNRESOLVED_REGISTER_GATE->FATAL_RECOVERY_FAILURE,FATAL_RECOVERY_FAILURE,UNRESOLVED_COMMITTED_REGISTERS=0x00:0x00;0x00:0x22;0x00:0x30;0x00:0x34;0x00:0x93;0x00:0xA4;0x05:0x00;0x05:0x01;0x05:0x05;0x05:0x08;0x05:0x0E
94,14,MODE1_0014_COMMON_WRITE,TIMEOUT_DURING_WRITE,12,11,ABORTING->UNRESOLVED_REGISTER_GATE->FATAL_RECOVERY_FAILURE,FATAL_RECOVERY_FAILURE,UNRESOLVED_COMMITTED_REGISTERS=0x00:0x00;0x00:0x22;0x00:0x30;0x00:0x34;0x00:0x93;0x00:0xA4;0x05:0x00;0x05:0x01;0x05:0x05;0x05:0x08;0x05:0x0E
95,14,MODE1_0014_COMMON_WRITE,READBACK_MISMATCH,12,11,ABORTING->UNRESOLVED_REGISTER_GATE->FATAL_RECOVERY_FAILURE,FATAL_RECOVERY_FAILURE,UNRESOLVED_COMMITTED_REGISTERS=0x00:0x00;0x00:0x22;0x00:0x30;0x00:0x34;0x00:0x93;0x00:0xA4;0x05:0x00;0x05:0x01;0x05:0x05;0x05:0x08;0x05:0x0E
96,14,MODE1_0014_COMMON_WRITE,RESET_BETWEEN_OPERATIONS,12,11,ABORTING->PRODUCT_RECONSTRUCTION_GAP->FATAL_RECOVERY_FAILURE,FATAL_RECOVERY_FAILURE,CALLABLE_RESET_AUTOINIT_OR_PERSISTENT_RECOVERY_CONTEXT_NOT_PROVEN
97,14,MODE1_0014_COMMON_WRITE,HOST_ABORT,12,11,ABORTING->UNRESOLVED_REGISTER_GATE->FATAL_RECOVERY_FAILURE,FATAL_RECOVERY_FAILURE,UNRESOLVED_COMMITTED_REGISTERS=0x00:0x00;0x00:0x22;0x00:0x30;0x00:0x34;0x00:0x93;0x00:0xA4;0x05:0x00;0x05:0x01;0x05:0x05;0x05:0x08;0x05:0x0E
98,14,MODE1_0014_COMMON_WRITE,MMIO_RESET,12,11,ABORTING->PRODUCT_RECONSTRUCTION_GAP->FATAL_RECOVERY_FAILURE,FATAL_RECOVERY_FAILURE,CALLABLE_RESET_AUTOINIT_OR_PERSISTENT_RECOVERY_CONTEXT_NOT_PROVEN
99,15,MODE1_0015_COMMON_WRITE,FAILURE_BEFORE_WRITE,12,11,ABORTING->UNRESOLVED_REGISTER_GATE->FATAL_RECOVERY_FAILURE,FATAL_RECOVERY_FAILURE,UNRESOLVED_COMMITTED_REGISTERS=0x00:0x00;0x00:0x22;0x00:0x30;0x00:0x34;0x00:0x93;0x00:0xA4;0x05:0x00;0x05:0x01;0x05:0x05;0x05:0x08;0x05:0x0E
100,15,MODE1_0015_COMMON_WRITE,NACK_DURING_WRITE,13,12,ABORTING->UNRESOLVED_REGISTER_GATE->FATAL_RECOVERY_FAILURE,FATAL_RECOVERY_FAILURE,UNRESOLVED_COMMITTED_REGISTERS=0x00:0x00;0x00:0x22;0x00:0x30;0x00:0x34;0x00:0x93;0x00:0xA4;0x05:0x00;0x05:0x01;0x05:0x05;0x05:0x08;0x05:0x0E;0x05:0x11
101,15,MODE1_0015_COMMON_WRITE,TIMEOUT_DURING_WRITE,13,12,ABORTING->UNRESOLVED_REGISTER_GATE->FATAL_RECOVERY_FAILURE,FATAL_RECOVERY_FAILURE,UNRESOLVED_COMMITTED_REGISTERS=0x00:0x00;0x00:0x22;0x00:0x30;0x00:0x34;0x00:0x93;0x00:0xA4;0x05:0x00;0x05:0x01;0x05:0x05;0x05:0x08;0x05:0x0E;0x05:0x11
102,15,MODE1_0015_COMMON_WRITE,READBACK_MISMATCH,13,12,ABORTING->UNRESOLVED_REGISTER_GATE->FATAL_RECOVERY_FAILURE,FATAL_RECOVERY_FAILURE,UNRESOLVED_COMMITTED_REGISTERS=0x00:0x00;0x00:0x22;0x00:0x30;0x00:0x34;0x00:0x93;0x00:0xA4;0x05:0x00;0x05:0x01;0x05:0x05;0x05:0x08;0x05:0x0E;0x05:0x11
103,15,MODE1_0015_COMMON_WRITE,RESET_BETWEEN_OPERATIONS,13,12,ABORTING->PRODUCT_RECONSTRUCTION_GAP->FATAL_RECOVERY_FAILURE,FATAL_RECOVERY_FAILURE,CALLABLE_RESET_AUTOINIT_OR_PERSISTENT_RECOVERY_CONTEXT_NOT_PROVEN
104,15,MODE1_0015_COMMON_WRITE,HOST_ABORT,13,12,ABORTING->UNRESOLVED_REGISTER_GATE->FATAL_RECOVERY_FAILURE,FATAL_RECOVERY_FAILURE,UNRESOLVED_COMMITTED_REGISTERS=0x00:0x00;0x00:0x22;0x00:0x30;0x00:0x34;0x00:0x93;0x00:0xA4;0x05:0x00;0x05:0x01;0x05:0x05;0x05:0x08;0x05:0x0E;0x05:0x11
105,15,MODE1_0015_COMMON_WRITE,MMIO_RESET,13,12,ABORTING->PRODUCT_RECONSTRUCTION_GAP->FATAL_RECOVERY_FAILURE,FATAL_RECOVERY_FAILURE,CALLABLE_RESET_AUTOINIT_OR_PERSISTENT_RECOVERY_CONTEXT_NOT_PROVEN
106,16,MODE1_0016_COMMON_WRITE,FAILURE_BEFORE_WRITE,13,12,ABORTING->UNRESOLVED_REGISTER_GATE->FATAL_RECOVERY_FAILURE,FATAL_RECOVERY_FAILURE,UNRESOLVED_COMMITTED_REGISTERS=0x00:0x00;0x00:0x22;0x00:0x30;0x00:0x34;0x00:0x93;0x00:0xA4;0x05:0x00;0x05:0x01;0x05:0x05;0x05:0x08;0x05:0x0E;0x05:0x11
107,16,MODE1_0016_COMMON_WRITE,NACK_DURING_WRITE,14,13,ABORTING->UNRESOLVED_REGISTER_GATE->FATAL_RECOVERY_FAILURE,FATAL_RECOVERY_FAILURE,UNRESOLVED_COMMITTED_REGISTERS=0x00:0x00;0x00:0x22;0x00:0x30;0x00:0x34;0x00:0x93;0x00:0xA4;0x05:0x00;0x05:0x01;0x05:0x05;0x05:0x08;0x05:0x0E;0x05:0x11;0x05:0x23
108,16,MODE1_0016_COMMON_WRITE,TIMEOUT_DURING_WRITE,14,13,ABORTING->UNRESOLVED_REGISTER_GATE->FATAL_RECOVERY_FAILURE,FATAL_RECOVERY_FAILURE,UNRESOLVED_COMMITTED_REGISTERS=0x00:0x00;0x00:0x22;0x00:0x30;0x00:0x34;0x00:0x93;0x00:0xA4;0x05:0x00;0x05:0x01;0x05:0x05;0x05:0x08;0x05:0x0E;0x05:0x11;0x05:0x23
109,16,MODE1_0016_COMMON_WRITE,READBACK_MISMATCH,14,13,ABORTING->UNRESOLVED_REGISTER_GATE->FATAL_RECOVERY_FAILURE,FATAL_RECOVERY_FAILURE,UNRESOLVED_COMMITTED_REGISTERS=0x00:0x00;0x00:0x22;0x00:0x30;0x00:0x34;0x00:0x93;0x00:0xA4;0x05:0x00;0x05:0x01;0x05:0x05;0x05:0x08;0x05:0x0E;0x05:0x11;0x05:0x23
110,16,MODE1_0016_COMMON_WRITE,RESET_BETWEEN_OPERATIONS,14,13,ABORTING->PRODUCT_RECONSTRUCTION_GAP->FATAL_RECOVERY_FAILURE,FATAL_RECOVERY_FAILURE,CALLABLE_RESET_AUTOINIT_OR_PERSISTENT_RECOVERY_CONTEXT_NOT_PROVEN
111,16,MODE1_0016_COMMON_WRITE,HOST_ABORT,14,13,ABORTING->UNRESOLVED_REGISTER_GATE->FATAL_RECOVERY_FAILURE,FATAL_RECOVERY_FAILURE,UNRESOLVED_COMMITTED_REGISTERS=0x00:0x00;0x00:0x22;0x00:0x30;0x00:0x34;0x00:0x93;0x00:0xA4;0x05:0x00;0x05:0x01;0x05:0x05;0x05:0x08;0x05:0x0E;0x05:0x11;0x05:0x23
112,16,MODE1_0016_COMMON_WRITE,MMIO_RESET,14,13,ABORTING->PRODUCT_RECONSTRUCTION_GAP->FATAL_RECOVERY_FAILURE,FATAL_RECOVERY_FAILURE,CALLABLE_RESET_AUTOINIT_OR_PERSISTENT_RECOVERY_CONTEXT_NOT_PROVEN
113,17,MODE1_0017_COMMON_WRITE,FAILURE_BEFORE_WRITE,14,13,ABORTING->UNRESOLVED_REGISTER_GATE->FATAL_RECOVERY_FAILURE,FATAL_RECOVERY_FAILURE,UNRESOLVED_COMMITTED_REGISTERS=0x00:0x00;0x00:0x22;0x00:0x30;0x00:0x34;0x00:0x93;0x00:0xA4;0x05:0x00;0x05:0x01;0x05:0x05;0x05:0x08;0x05:0x0E;0x05:0x11;0x05:0x23
114,17,MODE1_0017_COMMON_WRITE,NACK_DURING_WRITE,15,14,ABORTING->UNRESOLVED_REGISTER_GATE->FATAL_RECOVERY_FAILURE,FATAL_RECOVERY_FAILURE,UNRESOLVED_COMMITTED_REGISTERS=0x00:0x00;0x00:0x22;0x00:0x30;0x00:0x34;0x00:0x93;0x00:0xA4;0x05:0x00;0x05:0x01;0x05:0x05;0x05:0x08;0x05:0x0E;0x05:0x11;0x05:0x23;0x05:0x2A
115,17,MODE1_0017_COMMON_WRITE,TIMEOUT_DURING_WRITE,15,14,ABORTING->UNRESOLVED_REGISTER_GATE->FATAL_RECOVERY_FAILURE,FATAL_RECOVERY_FAILURE,UNRESOLVED_COMMITTED_REGISTERS=0x00:0x00;0x00:0x22;0x00:0x30;0x00:0x34;0x00:0x93;0x00:0xA4;0x05:0x00;0x05:0x01;0x05:0x05;0x05:0x08;0x05:0x0E;0x05:0x11;0x05:0x23;0x05:0x2A
116,17,MODE1_0017_COMMON_WRITE,READBACK_MISMATCH,15,14,ABORTING->UNRESOLVED_REGISTER_GATE->FATAL_RECOVERY_FAILURE,FATAL_RECOVERY_FAILURE,UNRESOLVED_COMMITTED_REGISTERS=0x00:0x00;0x00:0x22;0x00:0x30;0x00:0x34;0x00:0x93;0x00:0xA4;0x05:0x00;0x05:0x01;0x05:0x05;0x05:0x08;0x05:0x0E;0x05:0x11;0x05:0x23;0x05:0x2A
117,17,MODE1_0017_COMMON_WRITE,RESET_BETWEEN_OPERATIONS,15,14,ABORTING->PRODUCT_RECONSTRUCTION_GAP->FATAL_RECOVERY_FAILURE,FATAL_RECOVERY_FAILURE,CALLABLE_RESET_AUTOINIT_OR_PERSISTENT_RECOVERY_CONTEXT_NOT_PROVEN
118,17,MODE1_0017_COMMON_WRITE,HOST_ABORT,15,14,ABORTING->UNRESOLVED_REGISTER_GATE->FATAL_RECOVERY_FAILURE,FATAL_RECOVERY_FAILURE,UNRESOLVED_COMMITTED_REGISTERS=0x00:0x00;0x00:0x22;0x00:0x30;0x00:0x34;0x00:0x93;0x00:0xA4;0x05:0x00;0x05:0x01;0x05:0x05;0x05:0x08;0x05:0x0E;0x05:0x11;0x05:0x23;0x05:0x2A
119,17,MODE1_0017_COMMON_WRITE,MMIO_RESET,15,14,ABORTING->PRODUCT_RECONSTRUCTION_GAP->FATAL_RECOVERY_FAILURE,FATAL_RECOVERY_FAILURE,CALLABLE_RESET_AUTOINIT_OR_PERSISTENT_RECOVERY_CONTEXT_NOT_PROVEN
120,18,MODE1_0018_COMMON_WRITE,FAILURE_BEFORE_WRITE,15,14,ABORTING->UNRESOLVED_REGISTER_GATE->FATAL_RECOVERY_FAILURE,FATAL_RECOVERY_FAILURE,UNRESOLVED_COMMITTED_REGISTERS=0x00:0x00;0x00:0x22;0x00:0x30;0x00:0x34;0x00:0x93;0x00:0xA4;0x05:0x00;0x05:0x01;0x05:0x05;0x05:0x08;0x05:0x0E;0x05:0x11;0x05:0x23;0x05:0x2A
121,18,MODE1_0018_COMMON_WRITE,NACK_DURING_WRITE,15,14,ABORTING->UNRESOLVED_REGISTER_GATE->FATAL_RECOVERY_FAILURE,FATAL_RECOVERY_FAILURE,UNRESOLVED_COMMITTED_REGISTERS=0x00:0x00;0x00:0x22;0x00:0x30;0x00:0x34;0x00:0x93;0x00:0xA4;0x05:0x00;0x05:0x01;0x05:0x05;0x05:0x08;0x05:0x0E;0x05:0x11;0x05:0x23;0x05:0x2A
122,18,MODE1_0018_COMMON_WRITE,TIMEOUT_DURING_WRITE,15,14,ABORTING->UNRESOLVED_REGISTER_GATE->FATAL_RECOVERY_FAILURE,FATAL_RECOVERY_FAILURE,UNRESOLVED_COMMITTED_REGISTERS=0x00:0x00;0x00:0x22;0x00:0x30;0x00:0x34;0x00:0x93;0x00:0xA4;0x05:0x00;0x05:0x01;0x05:0x05;0x05:0x08;0x05:0x0E;0x05:0x11;0x05:0x23;0x05:0x2A
123,18,MODE1_0018_COMMON_WRITE,READBACK_MISMATCH,15,14,ABORTING->UNRESOLVED_REGISTER_GATE->FATAL_RECOVERY_FAILURE,FATAL_RECOVERY_FAILURE,UNRESOLVED_COMMITTED_REGISTERS=0x00:0x00;0x00:0x22;0x00:0x30;0x00:0x34;0x00:0x93;0x00:0xA4;0x05:0x00;0x05:0x01;0x05:0x05;0x05:0x08;0x05:0x0E;0x05:0x11;0x05:0x23;0x05:0x2A
124,18,MODE1_0018_COMMON_WRITE,RESET_BETWEEN_OPERATIONS,15,14,ABORTING->PRODUCT_RECONSTRUCTION_GAP->FATAL_RECOVERY_FAILURE,FATAL_RECOVERY_FAILURE,CALLABLE_RESET_AUTOINIT_OR_PERSISTENT_RECOVERY_CONTEXT_NOT_PROVEN
125,18,MODE1_0018_COMMON_WRITE,HOST_ABORT,15,14,ABORTING->UNRESOLVED_REGISTER_GATE->FATAL_RECOVERY_FAILURE,FATAL_RECOVERY_FAILURE,UNRESOLVED_COMMITTED_REGISTERS=0x00:0x00;0x00:0x22;0x00:0x30;0x00:0x34;0x00:0x93;0x00:0xA4;0x05:0x00;0x05:0x01;0x05:0x05;0x05:0x08;0x05:0x0E;0x05:0x11;0x05:0x23;0x05:0x2A
126,18,MODE1_0018_COMMON_WRITE,MMIO_RESET,15,14,ABORTING->PRODUCT_RECONSTRUCTION_GAP->FATAL_RECOVERY_FAILURE,FATAL_RECOVERY_FAILURE,CALLABLE_RESET_AUTOINIT_OR_PERSISTENT_RECOVERY_CONTEXT_NOT_PROVEN
127,19,MODE1_0019_COMMON_WRITE,FAILURE_BEFORE_WRITE,15,14,ABORTING->UNRESOLVED_REGISTER_GATE->FATAL_RECOVERY_FAILURE,FATAL_RECOVERY_FAILURE,UNRESOLVED_COMMITTED_REGISTERS=0x00:0x00;0x00:0x22;0x00:0x30;0x00:0x34;0x00:0x93;0x00:0xA4;0x05:0x00;0x05:0x01;0x05:0x05;0x05:0x08;0x05:0x0E;0x05:0x11;0x05:0x23;0x05:0x2A
128,19,MODE1_0019_COMMON_WRITE,NACK_DURING_WRITE,16,15,ABORTING->UNRESOLVED_REGISTER_GATE->FATAL_RECOVERY_FAILURE,FATAL_RECOVERY_FAILURE,UNRESOLVED_COMMITTED_REGISTERS=0x00:0x00;0x00:0x22;0x00:0x30;0x00:0x34;0x00:0x93;0x00:0xA4;0x05:0x00;0x05:0x01;0x05:0x05;0x05:0x08;0x05:0x0E;0x05:0x11;0x05:0x23;0x05:0x2A;0x05:0x58
129,19,MODE1_0019_COMMON_WRITE,TIMEOUT_DURING_WRITE,16,15,ABORTING->UNRESOLVED_REGISTER_GATE->FATAL_RECOVERY_FAILURE,FATAL_RECOVERY_FAILURE,UNRESOLVED_COMMITTED_REGISTERS=0x00:0x00;0x00:0x22;0x00:0x30;0x00:0x34;0x00:0x93;0x00:0xA4;0x05:0x00;0x05:0x01;0x05:0x05;0x05:0x08;0x05:0x0E;0x05:0x11;0x05:0x23;0x05:0x2A;0x05:0x58
130,19,MODE1_0019_COMMON_WRITE,READBACK_MISMATCH,16,15,ABORTING->UNRESOLVED_REGISTER_GATE->FATAL_RECOVERY_FAILURE,FATAL_RECOVERY_FAILURE,UNRESOLVED_COMMITTED_REGISTERS=0x00:0x00;0x00:0x22;0x00:0x30;0x00:0x34;0x00:0x93;0x00:0xA4;0x05:0x00;0x05:0x01;0x05:0x05;0x05:0x08;0x05:0x0E;0x05:0x11;0x05:0x23;0x05:0x2A;0x05:0x58
131,19,MODE1_0019_COMMON_WRITE,RESET_BETWEEN_OPERATIONS,16,15,ABORTING->PRODUCT_RECONSTRUCTION_GAP->FATAL_RECOVERY_FAILURE,FATAL_RECOVERY_FAILURE,CALLABLE_RESET_AUTOINIT_OR_PERSISTENT_RECOVERY_CONTEXT_NOT_PROVEN
132,19,MODE1_0019_COMMON_WRITE,HOST_ABORT,16,15,ABORTING->UNRESOLVED_REGISTER_GATE->FATAL_RECOVERY_FAILURE,FATAL_RECOVERY_FAILURE,UNRESOLVED_COMMITTED_REGISTERS=0x00:0x00;0x00:0x22;0x00:0x30;0x00:0x34;0x00:0x93;0x00:0xA4;0x05:0x00;0x05:0x01;0x05:0x05;0x05:0x08;0x05:0x0E;0x05:0x11;0x05:0x23;0x05:0x2A;0x05:0x58
133,19,MODE1_0019_COMMON_WRITE,MMIO_RESET,16,15,ABORTING->PRODUCT_RECONSTRUCTION_GAP->FATAL_RECOVERY_FAILURE,FATAL_RECOVERY_FAILURE,CALLABLE_RESET_AUTOINIT_OR_PERSISTENT_RECOVERY_CONTEXT_NOT_PROVEN
134,20,MODE1_0020_COMMON_WRITE,FAILURE_BEFORE_WRITE,16,15,ABORTING->UNRESOLVED_REGISTER_GATE->FATAL_RECOVERY_FAILURE,FATAL_RECOVERY_FAILURE,UNRESOLVED_COMMITTED_REGISTERS=0x00:0x00;0x00:0x22;0x00:0x30;0x00:0x34;0x00:0x93;0x00:0xA4;0x05:0x00;0x05:0x01;0x05:0x05;0x05:0x08;0x05:0x0E;0x05:0x11;0x05:0x23;0x05:0x2A;0x05:0x58
135,20,MODE1_0020_COMMON_WRITE,NACK_DURING_WRITE,17,16,ABORTING->UNRESOLVED_REGISTER_GATE->FATAL_RECOVERY_FAILURE,FATAL_RECOVERY_FAILURE,UNRESOLVED_COMMITTED_REGISTERS=0x00:0x00;0x00:0x22;0x00:0x30;0x00:0x34;0x00:0x93;0x00:0xA4;0x05:0x00;0x05:0x01;0x05:0x05;0x05:0x08;0x05:0x0E;0x05:0x11;0x05:0x23;0x05:0x2A;0x05:0x58;0x05:0x59
136,20,MODE1_0020_COMMON_WRITE,TIMEOUT_DURING_WRITE,17,16,ABORTING->UNRESOLVED_REGISTER_GATE->FATAL_RECOVERY_FAILURE,FATAL_RECOVERY_FAILURE,UNRESOLVED_COMMITTED_REGISTERS=0x00:0x00;0x00:0x22;0x00:0x30;0x00:0x34;0x00:0x93;0x00:0xA4;0x05:0x00;0x05:0x01;0x05:0x05;0x05:0x08;0x05:0x0E;0x05:0x11;0x05:0x23;0x05:0x2A;0x05:0x58;0x05:0x59
137,20,MODE1_0020_COMMON_WRITE,READBACK_MISMATCH,17,16,ABORTING->UNRESOLVED_REGISTER_GATE->FATAL_RECOVERY_FAILURE,FATAL_RECOVERY_FAILURE,UNRESOLVED_COMMITTED_REGISTERS=0x00:0x00;0x00:0x22;0x00:0x30;0x00:0x34;0x00:0x93;0x00:0xA4;0x05:0x00;0x05:0x01;0x05:0x05;0x05:0x08;0x05:0x0E;0x05:0x11;0x05:0x23;0x05:0x2A;0x05:0x58;0x05:0x59
138,20,MODE1_0020_COMMON_WRITE,RESET_BETWEEN_OPERATIONS,17,16,ABORTING->PRODUCT_RECONSTRUCTION_GAP->FATAL_RECOVERY_FAILURE,FATAL_RECOVERY_FAILURE,CALLABLE_RESET_AUTOINIT_OR_PERSISTENT_RECOVERY_CONTEXT_NOT_PROVEN
139,20,MODE1_0020_COMMON_WRITE,HOST_ABORT,17,16,ABORTING->UNRESOLVED_REGISTER_GATE->FATAL_RECOVERY_FAILURE,FATAL_RECOVERY_FAILURE,UNRESOLVED_COMMITTED_REGISTERS=0x00:0x00;0x00:0x22;0x00:0x30;0x00:0x34;0x00:0x93;0x00:0xA4;0x05:0x00;0x05:0x01;0x05:0x05;0x05:0x08;0x05:0x0E;0x05:0x11;0x05:0x23;0x05:0x2A;0x05:0x58;0x05:0x59
140,20,MODE1_0020_COMMON_WRITE,MMIO_RESET,17,16,ABORTING->PRODUCT_RECONSTRUCTION_GAP->FATAL_RECOVERY_FAILURE,FATAL_RECOVERY_FAILURE,CALLABLE_RESET_AUTOINIT_OR_PERSISTENT_RECOVERY_CONTEXT_NOT_PROVEN
141,21,MODE1_0021_COMMON_WRITE,FAILURE_BEFORE_WRITE,17,16,ABORTING->UNRESOLVED_REGISTER_GATE->FATAL_RECOVERY_FAILURE,FATAL_RECOVERY_FAILURE,UNRESOLVED_COMMITTED_REGISTERS=0x00:0x00;0x00:0x22;0x00:0x30;0x00:0x34;0x00:0x93;0x00:0xA4;0x05:0x00;0x05:0x01;0x05:0x05;0x05:0x08;0x05:0x0E;0x05:0x11;0x05:0x23;0x05:0x2A;0x05:0x58;0x05:0x59
142,21,MODE1_0021_COMMON_WRITE,NACK_DURING_WRITE,18,17,ABORTING->UNRESOLVED_REGISTER_GATE->FATAL_RECOVERY_FAILURE,FATAL_RECOVERY_FAILURE,UNRESOLVED_COMMITTED_REGISTERS=0x00:0x00;0x00:0x22;0x00:0x30;0x00:0x34;0x00:0x93;0x00:0xA4;0x05:0x00;0x05:0x01;0x05:0x05;0x05:0x08;0x05:0x0E;0x05:0x11;0x05:0x23;0x05:0x2A;0x05:0x58;0x05:0x59;0x05:0xB8
143,21,MODE1_0021_COMMON_WRITE,TIMEOUT_DURING_WRITE,18,17,ABORTING->UNRESOLVED_REGISTER_GATE->FATAL_RECOVERY_FAILURE,FATAL_RECOVERY_FAILURE,UNRESOLVED_COMMITTED_REGISTERS=0x00:0x00;0x00:0x22;0x00:0x30;0x00:0x34;0x00:0x93;0x00:0xA4;0x05:0x00;0x05:0x01;0x05:0x05;0x05:0x08;0x05:0x0E;0x05:0x11;0x05:0x23;0x05:0x2A;0x05:0x58;0x05:0x59;0x05:0xB8
144,21,MODE1_0021_COMMON_WRITE,READBACK_MISMATCH,18,17,ABORTING->UNRESOLVED_REGISTER_GATE->FATAL_RECOVERY_FAILURE,FATAL_RECOVERY_FAILURE,UNRESOLVED_COMMITTED_REGISTERS=0x00:0x00;0x00:0x22;0x00:0x30;0x00:0x34;0x00:0x93;0x00:0xA4;0x05:0x00;0x05:0x01;0x05:0x05;0x05:0x08;0x05:0x0E;0x05:0x11;0x05:0x23;0x05:0x2A;0x05:0x58;0x05:0x59;0x05:0xB8
145,21,MODE1_0021_COMMON_WRITE,RESET_BETWEEN_OPERATIONS,18,17,ABORTING->PRODUCT_RECONSTRUCTION_GAP->FATAL_RECOVERY_FAILURE,FATAL_RECOVERY_FAILURE,CALLABLE_RESET_AUTOINIT_OR_PERSISTENT_RECOVERY_CONTEXT_NOT_PROVEN
146,21,MODE1_0021_COMMON_WRITE,HOST_ABORT,18,17,ABORTING->UNRESOLVED_REGISTER_GATE->FATAL_RECOVERY_FAILURE,FATAL_RECOVERY_FAILURE,UNRESOLVED_COMMITTED_REGISTERS=0x00:0x00;0x00:0x22;0x00:0x30;0x00:0x34;0x00:0x93;0x00:0xA4;0x05:0x00;0x05:0x01;0x05:0x05;0x05:0x08;0x05:0x0E;0x05:0x11;0x05:0x23;0x05:0x2A;0x05:0x58;0x05:0x59;0x05:0xB8
147,21,MODE1_0021_COMMON_WRITE,MMIO_RESET,18,17,ABORTING->PRODUCT_RECONSTRUCTION_GAP->FATAL_RECOVERY_FAILURE,FATAL_RECOVERY_FAILURE,CALLABLE_RESET_AUTOINIT_OR_PERSISTENT_RECOVERY_CONTEXT_NOT_PROVEN
148,22,MODE1_0022_COMMON_WRITE,FAILURE_BEFORE_WRITE,18,17,ABORTING->UNRESOLVED_REGISTER_GATE->FATAL_RECOVERY_FAILURE,FATAL_RECOVERY_FAILURE,UNRESOLVED_COMMITTED_REGISTERS=0x00:0x00;0x00:0x22;0x00:0x30;0x00:0x34;0x00:0x93;0x00:0xA4;0x05:0x00;0x05:0x01;0x05:0x05;0x05:0x08;0x05:0x0E;0x05:0x11;0x05:0x23;0x05:0x2A;0x05:0x58;0x05:0x59;0x05:0xB8
149,22,MODE1_0022_COMMON_WRITE,NACK_DURING_WRITE,19,18,ABORTING->UNRESOLVED_REGISTER_GATE->FATAL_RECOVERY_FAILURE,FATAL_RECOVERY_FAILURE,UNRESOLVED_COMMITTED_REGISTERS=0x00:0x00;0x00:0x22;0x00:0x30;0x00:0x34;0x00:0x93;0x00:0xA4;0x05:0x00;0x05:0x01;0x05:0x05;0x05:0x08;0x05:0x0E;0x05:0x11;0x05:0x23;0x05:0x2A;0x05:0x58;0x05:0x59;0x05:0xB8;0x05:0xC8
150,22,MODE1_0022_COMMON_WRITE,TIMEOUT_DURING_WRITE,19,18,ABORTING->UNRESOLVED_REGISTER_GATE->FATAL_RECOVERY_FAILURE,FATAL_RECOVERY_FAILURE,UNRESOLVED_COMMITTED_REGISTERS=0x00:0x00;0x00:0x22;0x00:0x30;0x00:0x34;0x00:0x93;0x00:0xA4;0x05:0x00;0x05:0x01;0x05:0x05;0x05:0x08;0x05:0x0E;0x05:0x11;0x05:0x23;0x05:0x2A;0x05:0x58;0x05:0x59;0x05:0xB8;0x05:0xC8
151,22,MODE1_0022_COMMON_WRITE,READBACK_MISMATCH,19,18,ABORTING->UNRESOLVED_REGISTER_GATE->FATAL_RECOVERY_FAILURE,FATAL_RECOVERY_FAILURE,UNRESOLVED_COMMITTED_REGISTERS=0x00:0x00;0x00:0x22;0x00:0x30;0x00:0x34;0x00:0x93;0x00:0xA4;0x05:0x00;0x05:0x01;0x05:0x05;0x05:0x08;0x05:0x0E;0x05:0x11;0x05:0x23;0x05:0x2A;0x05:0x58;0x05:0x59;0x05:0xB8;0x05:0xC8
152,22,MODE1_0022_COMMON_WRITE,RESET_BETWEEN_OPERATIONS,19,18,ABORTING->PRODUCT_RECONSTRUCTION_GAP->FATAL_RECOVERY_FAILURE,FATAL_RECOVERY_FAILURE,CALLABLE_RESET_AUTOINIT_OR_PERSISTENT_RECOVERY_CONTEXT_NOT_PROVEN
153,22,MODE1_0022_COMMON_WRITE,HOST_ABORT,19,18,ABORTING->UNRESOLVED_REGISTER_GATE->FATAL_RECOVERY_FAILURE,FATAL_RECOVERY_FAILURE,UNRESOLVED_COMMITTED_REGISTERS=0x00:0x00;0x00:0x22;0x00:0x30;0x00:0x34;0x00:0x93;0x00:0xA4;0x05:0x00;0x05:0x01;0x05:0x05;0x05:0x08;0x05:0x0E;0x05:0x11;0x05:0x23;0x05:0x2A;0x05:0x58;0x05:0x59;0x05:0xB8;0x05:0xC8
154,22,MODE1_0022_COMMON_WRITE,MMIO_RESET,19,18,ABORTING->PRODUCT_RECONSTRUCTION_GAP->FATAL_RECOVERY_FAILURE,FATAL_RECOVERY_FAILURE,CALLABLE_RESET_AUTOINIT_OR_PERSISTENT_RECOVERY_CONTEXT_NOT_PROVEN
155,23,MODE1_0023_COMMON_BANK_SELECT,FAILURE_BEFORE_WRITE,19,18,ABORTING->UNRESOLVED_REGISTER_GATE->FATAL_RECOVERY_FAILURE,FATAL_RECOVERY_FAILURE,UNRESOLVED_COMMITTED_REGISTERS=0x00:0x00;0x00:0x22;0x00:0x30;0x00:0x34;0x00:0x93;0x00:0xA4;0x05:0x00;0x05:0x01;0x05:0x05;0x05:0x08;0x05:0x0E;0x05:0x11;0x05:0x23;0x05:0x2A;0x05:0x58;0x05:0x59;0x05:0xB8;0x05:0xC8
156,23,MODE1_0023_COMMON_BANK_SELECT,NACK_DURING_WRITE,19,18,ABORTING->UNRESOLVED_REGISTER_GATE->FATAL_RECOVERY_FAILURE,FATAL_RECOVERY_FAILURE,UNRESOLVED_COMMITTED_REGISTERS=0x00:0x00;0x00:0x22;0x00:0x30;0x00:0x34;0x00:0x93;0x00:0xA4;0x05:0x00;0x05:0x01;0x05:0x05;0x05:0x08;0x05:0x0E;0x05:0x11;0x05:0x23;0x05:0x2A;0x05:0x58;0x05:0x59;0x05:0xB8;0x05:0xC8
157,23,MODE1_0023_COMMON_BANK_SELECT,TIMEOUT_DURING_WRITE,19,18,ABORTING->UNRESOLVED_REGISTER_GATE->FATAL_RECOVERY_FAILURE,FATAL_RECOVERY_FAILURE,UNRESOLVED_COMMITTED_REGISTERS=0x00:0x00;0x00:0x22;0x00:0x30;0x00:0x34;0x00:0x93;0x00:0xA4;0x05:0x00;0x05:0x01;0x05:0x05;0x05:0x08;0x05:0x0E;0x05:0x11;0x05:0x23;0x05:0x2A;0x05:0x58;0x05:0x59;0x05:0xB8;0x05:0xC8
158,23,MODE1_0023_COMMON_BANK_SELECT,READBACK_MISMATCH,19,18,ABORTING->UNRESOLVED_REGISTER_GATE->FATAL_RECOVERY_FAILURE,FATAL_RECOVERY_FAILURE,UNRESOLVED_COMMITTED_REGISTERS=0x00:0x00;0x00:0x22;0x00:0x30;0x00:0x34;0x00:0x93;0x00:0xA4;0x05:0x00;0x05:0x01;0x05:0x05;0x05:0x08;0x05:0x0E;0x05:0x11;0x05:0x23;0x05:0x2A;0x05:0x58;0x05:0x59;0x05:0xB8;0x05:0xC8
159,23,MODE1_0023_COMMON_BANK_SELECT,RESET_BETWEEN_OPERATIONS,19,18,ABORTING->PRODUCT_RECONSTRUCTION_GAP->FATAL_RECOVERY_FAILURE,FATAL_RECOVERY_FAILURE,CALLABLE_RESET_AUTOINIT_OR_PERSISTENT_RECOVERY_CONTEXT_NOT_PROVEN
160,23,MODE1_0023_COMMON_BANK_SELECT,HOST_ABORT,19,18,ABORTING->UNRESOLVED_REGISTER_GATE->FATAL_RECOVERY_FAILURE,FATAL_RECOVERY_FAILURE,UNRESOLVED_COMMITTED_REGISTERS=0x00:0x00;0x00:0x22;0x00:0x30;0x00:0x34;0x00:0x93;0x00:0xA4;0x05:0x00;0x05:0x01;0x05:0x05;0x05:0x08;0x05:0x0E;0x05:0x11;0x05:0x23;0x05:0x2A;0x05:0x58;0x05:0x59;0x05:0xB8;0x05:0xC8
161,23,MODE1_0023_COMMON_BANK_SELECT,MMIO_RESET,19,18,ABORTING->PRODUCT_RECONSTRUCTION_GAP->FATAL_RECOVERY_FAILURE,FATAL_RECOVERY_FAILURE,CALLABLE_RESET_AUTOINIT_OR_PERSISTENT_RECOVERY_CONTEXT_NOT_PROVEN
162,24,MODE1_0024_COMMON_WRITE,FAILURE_BEFORE_WRITE,19,18,ABORTING->UNRESOLVED_REGISTER_GATE->FATAL_RECOVERY_FAILURE,FATAL_RECOVERY_FAILURE,UNRESOLVED_COMMITTED_REGISTERS=0x00:0x00;0x00:0x22;0x00:0x30;0x00:0x34;0x00:0x93;0x00:0xA4;0x05:0x00;0x05:0x01;0x05:0x05;0x05:0x08;0x05:0x0E;0x05:0x11;0x05:0x23;0x05:0x2A;0x05:0x58;0x05:0x59;0x05:0xB8;0x05:0xC8
163,24,MODE1_0024_COMMON_WRITE,NACK_DURING_WRITE,20,19,ABORTING->UNRESOLVED_REGISTER_GATE->FATAL_RECOVERY_FAILURE,FATAL_RECOVERY_FAILURE,UNRESOLVED_COMMITTED_REGISTERS=0x00:0x00;0x00:0x22;0x00:0x30;0x00:0x34;0x00:0x93;0x00:0xA4;0x05:0x00;0x05:0x01;0x05:0x05;0x05:0x08;0x05:0x0E;0x05:0x11;0x05:0x23;0x05:0x2A;0x05:0x58;0x05:0x59;0x05:0xB8;0x05:0xC8;0x0A:0x74
164,24,MODE1_0024_COMMON_WRITE,TIMEOUT_DURING_WRITE,20,19,ABORTING->UNRESOLVED_REGISTER_GATE->FATAL_RECOVERY_FAILURE,FATAL_RECOVERY_FAILURE,UNRESOLVED_COMMITTED_REGISTERS=0x00:0x00;0x00:0x22;0x00:0x30;0x00:0x34;0x00:0x93;0x00:0xA4;0x05:0x00;0x05:0x01;0x05:0x05;0x05:0x08;0x05:0x0E;0x05:0x11;0x05:0x23;0x05:0x2A;0x05:0x58;0x05:0x59;0x05:0xB8;0x05:0xC8;0x0A:0x74
165,24,MODE1_0024_COMMON_WRITE,READBACK_MISMATCH,20,19,ABORTING->UNRESOLVED_REGISTER_GATE->FATAL_RECOVERY_FAILURE,FATAL_RECOVERY_FAILURE,UNRESOLVED_COMMITTED_REGISTERS=0x00:0x00;0x00:0x22;0x00:0x30;0x00:0x34;0x00:0x93;0x00:0xA4;0x05:0x00;0x05:0x01;0x05:0x05;0x05:0x08;0x05:0x0E;0x05:0x11;0x05:0x23;0x05:0x2A;0x05:0x58;0x05:0x59;0x05:0xB8;0x05:0xC8;0x0A:0x74
166,24,MODE1_0024_COMMON_WRITE,RESET_BETWEEN_OPERATIONS,20,19,ABORTING->PRODUCT_RECONSTRUCTION_GAP->FATAL_RECOVERY_FAILURE,FATAL_RECOVERY_FAILURE,CALLABLE_RESET_AUTOINIT_OR_PERSISTENT_RECOVERY_CONTEXT_NOT_PROVEN
167,24,MODE1_0024_COMMON_WRITE,HOST_ABORT,20,19,ABORTING->UNRESOLVED_REGISTER_GATE->FATAL_RECOVERY_FAILURE,FATAL_RECOVERY_FAILURE,UNRESOLVED_COMMITTED_REGISTERS=0x00:0x00;0x00:0x22;0x00:0x30;0x00:0x34;0x00:0x93;0x00:0xA4;0x05:0x00;0x05:0x01;0x05:0x05;0x05:0x08;0x05:0x0E;0x05:0x11;0x05:0x23;0x05:0x2A;0x05:0x58;0x05:0x59;0x05:0xB8;0x05:0xC8;0x0A:0x74
168,24,MODE1_0024_COMMON_WRITE,MMIO_RESET,20,19,ABORTING->PRODUCT_RECONSTRUCTION_GAP->FATAL_RECOVERY_FAILURE,FATAL_RECOVERY_FAILURE,CALLABLE_RESET_AUTOINIT_OR_PERSISTENT_RECOVERY_CONTEXT_NOT_PROVEN
169,25,MODE1_0025_COMMON_BANK_SELECT,FAILURE_BEFORE_WRITE,20,19,ABORTING->UNRESOLVED_REGISTER_GATE->FATAL_RECOVERY_FAILURE,FATAL_RECOVERY_FAILURE,UNRESOLVED_COMMITTED_REGISTERS=0x00:0x00;0x00:0x22;0x00:0x30;0x00:0x34;0x00:0x93;0x00:0xA4;0x05:0x00;0x05:0x01;0x05:0x05;0x05:0x08;0x05:0x0E;0x05:0x11;0x05:0x23;0x05:0x2A;0x05:0x58;0x05:0x59;0x05:0xB8;0x05:0xC8;0x0A:0x74
170,25,MODE1_0025_COMMON_BANK_SELECT,NACK_DURING_WRITE,20,19,ABORTING->UNRESOLVED_REGISTER_GATE->FATAL_RECOVERY_FAILURE,FATAL_RECOVERY_FAILURE,UNRESOLVED_COMMITTED_REGISTERS=0x00:0x00;0x00:0x22;0x00:0x30;0x00:0x34;0x00:0x93;0x00:0xA4;0x05:0x00;0x05:0x01;0x05:0x05;0x05:0x08;0x05:0x0E;0x05:0x11;0x05:0x23;0x05:0x2A;0x05:0x58;0x05:0x59;0x05:0xB8;0x05:0xC8;0x0A:0x74
171,25,MODE1_0025_COMMON_BANK_SELECT,TIMEOUT_DURING_WRITE,20,19,ABORTING->UNRESOLVED_REGISTER_GATE->FATAL_RECOVERY_FAILURE,FATAL_RECOVERY_FAILURE,UNRESOLVED_COMMITTED_REGISTERS=0x00:0x00;0x00:0x22;0x00:0x30;0x00:0x34;0x00:0x93;0x00:0xA4;0x05:0x00;0x05:0x01;0x05:0x05;0x05:0x08;0x05:0x0E;0x05:0x11;0x05:0x23;0x05:0x2A;0x05:0x58;0x05:0x59;0x05:0xB8;0x05:0xC8;0x0A:0x74
172,25,MODE1_0025_COMMON_BANK_SELECT,READBACK_MISMATCH,20,19,ABORTING->UNRESOLVED_REGISTER_GATE->FATAL_RECOVERY_FAILURE,FATAL_RECOVERY_FAILURE,UNRESOLVED_COMMITTED_REGISTERS=0x00:0x00;0x00:0x22;0x00:0x30;0x00:0x34;0x00:0x93;0x00:0xA4;0x05:0x00;0x05:0x01;0x05:0x05;0x05:0x08;0x05:0x0E;0x05:0x11;0x05:0x23;0x05:0x2A;0x05:0x58;0x05:0x59;0x05:0xB8;0x05:0xC8;0x0A:0x74
173,25,MODE1_0025_COMMON_BANK_SELECT,RESET_BETWEEN_OPERATIONS,20,19,ABORTING->PRODUCT_RECONSTRUCTION_GAP->FATAL_RECOVERY_FAILURE,FATAL_RECOVERY_FAILURE,CALLABLE_RESET_AUTOINIT_OR_PERSISTENT_RECOVERY_CONTEXT_NOT_PROVEN
174,25,MODE1_0025_COMMON_BANK_SELECT,HOST_ABORT,20,19,ABORTING->UNRESOLVED_REGISTER_GATE->FATAL_RECOVERY_FAILURE,FATAL_RECOVERY_FAILURE,UNRESOLVED_COMMITTED_REGISTERS=0x00:0x00;0x00:0x22;0x00:0x30;0x00:0x34;0x00:0x93;0x00:0xA4;0x05:0x00;0x05:0x01;0x05:0x05;0x05:0x08;0x05:0x0E;0x05:0x11;0x05:0x23;0x05:0x2A;0x05:0x58;0x05:0x59;0x05:0xB8;0x05:0xC8;0x0A:0x74
175,25,MODE1_0025_COMMON_BANK_SELECT,MMIO_RESET,20,19,ABORTING->PRODUCT_RECONSTRUCTION_GAP->FATAL_RECOVERY_FAILURE,FATAL_RECOVERY_FAILURE,CALLABLE_RESET_AUTOINIT_OR_PERSISTENT_RECOVERY_CONTEXT_NOT_PROVEN
176,26,MODE1_0026_COMMON_WRITE,FAILURE_BEFORE_WRITE,20,19,ABORTING->UNRESOLVED_REGISTER_GATE->FATAL_RECOVERY_FAILURE,FATAL_RECOVERY_FAILURE,UNRESOLVED_COMMITTED_REGISTERS=0x00:0x00;0x00:0x22;0x00:0x30;0x00:0x34;0x00:0x93;0x00:0xA4;0x05:0x00;0x05:0x01;0x05:0x05;0x05:0x08;0x05:0x0E;0x05:0x11;0x05:0x23;0x05:0x2A;0x05:0x58;0x05:0x59;0x05:0xB8;0x05:0xC8;0x0A:0x74
177,26,MODE1_0026_COMMON_WRITE,NACK_DURING_WRITE,21,20,ABORTING->UNRESOLVED_REGISTER_GATE->FATAL_RECOVERY_FAILURE,FATAL_RECOVERY_FAILURE,UNRESOLVED_COMMITTED_REGISTERS=0x00:0x00;0x00:0x22;0x00:0x30;0x00:0x34;0x00:0x93;0x00:0xA4;0x05:0x00;0x05:0x01;0x05:0x05;0x05:0x08;0x05:0x0E;0x05:0x11;0x05:0x23;0x05:0x2A;0x05:0x58;0x05:0x59;0x05:0xB8;0x05:0xC8;0x09:0x64;0x0A:0x74
178,26,MODE1_0026_COMMON_WRITE,TIMEOUT_DURING_WRITE,21,20,ABORTING->UNRESOLVED_REGISTER_GATE->FATAL_RECOVERY_FAILURE,FATAL_RECOVERY_FAILURE,UNRESOLVED_COMMITTED_REGISTERS=0x00:0x00;0x00:0x22;0x00:0x30;0x00:0x34;0x00:0x93;0x00:0xA4;0x05:0x00;0x05:0x01;0x05:0x05;0x05:0x08;0x05:0x0E;0x05:0x11;0x05:0x23;0x05:0x2A;0x05:0x58;0x05:0x59;0x05:0xB8;0x05:0xC8;0x09:0x64;0x0A:0x74
179,26,MODE1_0026_COMMON_WRITE,READBACK_MISMATCH,21,20,ABORTING->UNRESOLVED_REGISTER_GATE->FATAL_RECOVERY_FAILURE,FATAL_RECOVERY_FAILURE,UNRESOLVED_COMMITTED_REGISTERS=0x00:0x00;0x00:0x22;0x00:0x30;0x00:0x34;0x00:0x93;0x00:0xA4;0x05:0x00;0x05:0x01;0x05:0x05;0x05:0x08;0x05:0x0E;0x05:0x11;0x05:0x23;0x05:0x2A;0x05:0x58;0x05:0x59;0x05:0xB8;0x05:0xC8;0x09:0x64;0x0A:0x74
180,26,MODE1_0026_COMMON_WRITE,RESET_BETWEEN_OPERATIONS,21,20,ABORTING->PRODUCT_RECONSTRUCTION_GAP->FATAL_RECOVERY_FAILURE,FATAL_RECOVERY_FAILURE,CALLABLE_RESET_AUTOINIT_OR_PERSISTENT_RECOVERY_CONTEXT_NOT_PROVEN
181,26,MODE1_0026_COMMON_WRITE,HOST_ABORT,21,20,ABORTING->UNRESOLVED_REGISTER_GATE->FATAL_RECOVERY_FAILURE,FATAL_RECOVERY_FAILURE,UNRESOLVED_COMMITTED_REGISTERS=0x00:0x00;0x00:0x22;0x00:0x30;0x00:0x34;0x00:0x93;0x00:0xA4;0x05:0x00;0x05:0x01;0x05:0x05;0x05:0x08;0x05:0x0E;0x05:0x11;0x05:0x23;0x05:0x2A;0x05:0x58;0x05:0x59;0x05:0xB8;0x05:0xC8;0x09:0x64;0x0A:0x74
182,26,MODE1_0026_COMMON_WRITE,MMIO_RESET,21,20,ABORTING->PRODUCT_RECONSTRUCTION_GAP->FATAL_RECOVERY_FAILURE,FATAL_RECOVERY_FAILURE,CALLABLE_RESET_AUTOINIT_OR_PERSISTENT_RECOVERY_CONTEXT_NOT_PROVEN
183,27,MODE1_0027_COMMON_WRITE,FAILURE_BEFORE_WRITE,21,20,ABORTING->UNRESOLVED_REGISTER_GATE->FATAL_RECOVERY_FAILURE,FATAL_RECOVERY_FAILURE,UNRESOLVED_COMMITTED_REGISTERS=0x00:0x00;0x00:0x22;0x00:0x30;0x00:0x34;0x00:0x93;0x00:0xA4;0x05:0x00;0x05:0x01;0x05:0x05;0x05:0x08;0x05:0x0E;0x05:0x11;0x05:0x23;0x05:0x2A;0x05:0x58;0x05:0x59;0x05:0xB8;0x05:0xC8;0x09:0x64;0x0A:0x74
184,27,MODE1_0027_COMMON_WRITE,NACK_DURING_WRITE,22,21,ABORTING->UNRESOLVED_REGISTER_GATE->FATAL_RECOVERY_FAILURE,FATAL_RECOVERY_FAILURE,UNRESOLVED_COMMITTED_REGISTERS=0x00:0x00;0x00:0x22;0x00:0x30;0x00:0x34;0x00:0x93;0x00:0xA4;0x05:0x00;0x05:0x01;0x05:0x05;0x05:0x08;0x05:0x0E;0x05:0x11;0x05:0x23;0x05:0x2A;0x05:0x58;0x05:0x59;0x05:0xB8;0x05:0xC8;0x09:0x64;0x09:0x6A;0x0A:0x74
185,27,MODE1_0027_COMMON_WRITE,TIMEOUT_DURING_WRITE,22,21,ABORTING->UNRESOLVED_REGISTER_GATE->FATAL_RECOVERY_FAILURE,FATAL_RECOVERY_FAILURE,UNRESOLVED_COMMITTED_REGISTERS=0x00:0x00;0x00:0x22;0x00:0x30;0x00:0x34;0x00:0x93;0x00:0xA4;0x05:0x00;0x05:0x01;0x05:0x05;0x05:0x08;0x05:0x0E;0x05:0x11;0x05:0x23;0x05:0x2A;0x05:0x58;0x05:0x59;0x05:0xB8;0x05:0xC8;0x09:0x64;0x09:0x6A;0x0A:0x74
186,27,MODE1_0027_COMMON_WRITE,READBACK_MISMATCH,22,21,ABORTING->UNRESOLVED_REGISTER_GATE->FATAL_RECOVERY_FAILURE,FATAL_RECOVERY_FAILURE,UNRESOLVED_COMMITTED_REGISTERS=0x00:0x00;0x00:0x22;0x00:0x30;0x00:0x34;0x00:0x93;0x00:0xA4;0x05:0x00;0x05:0x01;0x05:0x05;0x05:0x08;0x05:0x0E;0x05:0x11;0x05:0x23;0x05:0x2A;0x05:0x58;0x05:0x59;0x05:0xB8;0x05:0xC8;0x09:0x64;0x09:0x6A;0x0A:0x74
187,27,MODE1_0027_COMMON_WRITE,RESET_BETWEEN_OPERATIONS,22,21,ABORTING->PRODUCT_RECONSTRUCTION_GAP->FATAL_RECOVERY_FAILURE,FATAL_RECOVERY_FAILURE,CALLABLE_RESET_AUTOINIT_OR_PERSISTENT_RECOVERY_CONTEXT_NOT_PROVEN
188,27,MODE1_0027_COMMON_WRITE,HOST_ABORT,22,21,ABORTING->UNRESOLVED_REGISTER_GATE->FATAL_RECOVERY_FAILURE,FATAL_RECOVERY_FAILURE,UNRESOLVED_COMMITTED_REGISTERS=0x00:0x00;0x00:0x22;0x00:0x30;0x00:0x34;0x00:0x93;0x00:0xA4;0x05:0x00;0x05:0x01;0x05:0x05;0x05:0x08;0x05:0x0E;0x05:0x11;0x05:0x23;0x05:0x2A;0x05:0x58;0x05:0x59;0x05:0xB8;0x05:0xC8;0x09:0x64;0x09:0x6A;0x0A:0x74
189,27,MODE1_0027_COMMON_WRITE,MMIO_RESET,22,21,ABORTING->PRODUCT_RECONSTRUCTION_GAP->FATAL_RECOVERY_FAILURE,FATAL_RECOVERY_FAILURE,CALLABLE_RESET_AUTOINIT_OR_PERSISTENT_RECOVERY_CONTEXT_NOT_PROVEN
190,28,MODE1_0028_COMMON_WRITE,FAILURE_BEFORE_WRITE,22,21,ABORTING->UNRESOLVED_REGISTER_GATE->FATAL_RECOVERY_FAILURE,FATAL_RECOVERY_FAILURE,UNRESOLVED_COMMITTED_REGISTERS=0x00:0x00;0x00:0x22;0x00:0x30;0x00:0x34;0x00:0x93;0x00:0xA4;0x05:0x00;0x05:0x01;0x05:0x05;0x05:0x08;0x05:0x0E;0x05:0x11;0x05:0x23;0x05:0x2A;0x05:0x58;0x05:0x59;0x05:0xB8;0x05:0xC8;0x09:0x64;0x09:0x6A;0x0A:0x74
191,28,MODE1_0028_COMMON_WRITE,NACK_DURING_WRITE,23,22,ABORTING->UNRESOLVED_REGISTER_GATE->FATAL_RECOVERY_FAILURE,FATAL_RECOVERY_FAILURE,UNRESOLVED_COMMITTED_REGISTERS=0x00:0x00;0x00:0x22;0x00:0x30;0x00:0x34;0x00:0x93;0x00:0xA4;0x05:0x00;0x05:0x01;0x05:0x05;0x05:0x08;0x05:0x0E;0x05:0x11;0x05:0x23;0x05:0x2A;0x05:0x58;0x05:0x59;0x05:0xB8;0x05:0xC8;0x09:0x64;0x09:0x6A;0x09:0x6B;0x0A:0x74
192,28,MODE1_0028_COMMON_WRITE,TIMEOUT_DURING_WRITE,23,22,ABORTING->UNRESOLVED_REGISTER_GATE->FATAL_RECOVERY_FAILURE,FATAL_RECOVERY_FAILURE,UNRESOLVED_COMMITTED_REGISTERS=0x00:0x00;0x00:0x22;0x00:0x30;0x00:0x34;0x00:0x93;0x00:0xA4;0x05:0x00;0x05:0x01;0x05:0x05;0x05:0x08;0x05:0x0E;0x05:0x11;0x05:0x23;0x05:0x2A;0x05:0x58;0x05:0x59;0x05:0xB8;0x05:0xC8;0x09:0x64;0x09:0x6A;0x09:0x6B;0x0A:0x74
193,28,MODE1_0028_COMMON_WRITE,READBACK_MISMATCH,23,22,ABORTING->UNRESOLVED_REGISTER_GATE->FATAL_RECOVERY_FAILURE,FATAL_RECOVERY_FAILURE,UNRESOLVED_COMMITTED_REGISTERS=0x00:0x00;0x00:0x22;0x00:0x30;0x00:0x34;0x00:0x93;0x00:0xA4;0x05:0x00;0x05:0x01;0x05:0x05;0x05:0x08;0x05:0x0E;0x05:0x11;0x05:0x23;0x05:0x2A;0x05:0x58;0x05:0x59;0x05:0xB8;0x05:0xC8;0x09:0x64;0x09:0x6A;0x09:0x6B;0x0A:0x74
194,28,MODE1_0028_COMMON_WRITE,RESET_BETWEEN_OPERATIONS,23,22,ABORTING->PRODUCT_RECONSTRUCTION_GAP->FATAL_RECOVERY_FAILURE,FATAL_RECOVERY_FAILURE,CALLABLE_RESET_AUTOINIT_OR_PERSISTENT_RECOVERY_CONTEXT_NOT_PROVEN
195,28,MODE1_0028_COMMON_WRITE,HOST_ABORT,23,22,ABORTING->UNRESOLVED_REGISTER_GATE->FATAL_RECOVERY_FAILURE,FATAL_RECOVERY_FAILURE,UNRESOLVED_COMMITTED_REGISTERS=0x00:0x00;0x00:0x22;0x00:0x30;0x00:0x34;0x00:0x93;0x00:0xA4;0x05:0x00;0x05:0x01;0x05:0x05;0x05:0x08;0x05:0x0E;0x05:0x11;0x05:0x23;0x05:0x2A;0x05:0x58;0x05:0x59;0x05:0xB8;0x05:0xC8;0x09:0x64;0x09:0x6A;0x09:0x6B;0x0A:0x74
196,28,MODE1_0028_COMMON_WRITE,MMIO_RESET,23,22,ABORTING->PRODUCT_RECONSTRUCTION_GAP->FATAL_RECOVERY_FAILURE,FATAL_RECOVERY_FAILURE,CALLABLE_RESET_AUTOINIT_OR_PERSISTENT_RECOVERY_CONTEXT_NOT_PROVEN
197,29,MODE1_0029_COMMON_WRITE,FAILURE_BEFORE_WRITE,23,22,ABORTING->UNRESOLVED_REGISTER_GATE->FATAL_RECOVERY_FAILURE,FATAL_RECOVERY_FAILURE,UNRESOLVED_COMMITTED_REGISTERS=0x00:0x00;0x00:0x22;0x00:0x30;0x00:0x34;0x00:0x93;0x00:0xA4;0x05:0x00;0x05:0x01;0x05:0x05;0x05:0x08;0x05:0x0E;0x05:0x11;0x05:0x23;0x05:0x2A;0x05:0x58;0x05:0x59;0x05:0xB8;0x05:0xC8;0x09:0x64;0x09:0x6A;0x09:0x6B;0x0A:0x74
198,29,MODE1_0029_COMMON_WRITE,NACK_DURING_WRITE,24,23,ABORTING->UNRESOLVED_REGISTER_GATE->FATAL_RECOVERY_FAILURE,FATAL_RECOVERY_FAILURE,UNRESOLVED_COMMITTED_REGISTERS=0x00:0x00;0x00:0x22;0x00:0x30;0x00:0x34;0x00:0x93;0x00:0xA4;0x05:0x00;0x05:0x01;0x05:0x05;0x05:0x08;0x05:0x0E;0x05:0x11;0x05:0x23;0x05:0x2A;0x05:0x58;0x05:0x59;0x05:0xB8;0x05:0xC8;0x09:0x64;0x09:0x6A;0x09:0x6B;0x09:0x6C;0x0A:0x74
199,29,MODE1_0029_COMMON_WRITE,TIMEOUT_DURING_WRITE,24,23,ABORTING->UNRESOLVED_REGISTER_GATE->FATAL_RECOVERY_FAILURE,FATAL_RECOVERY_FAILURE,UNRESOLVED_COMMITTED_REGISTERS=0x00:0x00;0x00:0x22;0x00:0x30;0x00:0x34;0x00:0x93;0x00:0xA4;0x05:0x00;0x05:0x01;0x05:0x05;0x05:0x08;0x05:0x0E;0x05:0x11;0x05:0x23;0x05:0x2A;0x05:0x58;0x05:0x59;0x05:0xB8;0x05:0xC8;0x09:0x64;0x09:0x6A;0x09:0x6B;0x09:0x6C;0x0A:0x74
200,29,MODE1_0029_COMMON_WRITE,READBACK_MISMATCH,24,23,ABORTING->UNRESOLVED_REGISTER_GATE->FATAL_RECOVERY_FAILURE,FATAL_RECOVERY_FAILURE,UNRESOLVED_COMMITTED_REGISTERS=0x00:0x00;0x00:0x22;0x00:0x30;0x00:0x34;0x00:0x93;0x00:0xA4;0x05:0x00;0x05:0x01;0x05:0x05;0x05:0x08;0x05:0x0E;0x05:0x11;0x05:0x23;0x05:0x2A;0x05:0x58;0x05:0x59;0x05:0xB8;0x05:0xC8;0x09:0x64;0x09:0x6A;0x09:0x6B;0x09:0x6C;0x0A:0x74
201,29,MODE1_0029_COMMON_WRITE,RESET_BETWEEN_OPERATIONS,24,23,ABORTING->PRODUCT_RECONSTRUCTION_GAP->FATAL_RECOVERY_FAILURE,FATAL_RECOVERY_FAILURE,CALLABLE_RESET_AUTOINIT_OR_PERSISTENT_RECOVERY_CONTEXT_NOT_PROVEN
202,29,MODE1_0029_COMMON_WRITE,HOST_ABORT,24,23,ABORTING->UNRESOLVED_REGISTER_GATE->FATAL_RECOVERY_FAILURE,FATAL_RECOVERY_FAILURE,UNRESOLVED_COMMITTED_REGISTERS=0x00:0x00;0x00:0x22;0x00:0x30;0x00:0x34;0x00:0x93;0x00:0xA4;0x05:0x00;0x05:0x01;0x05:0x05;0x05:0x08;0x05:0x0E;0x05:0x11;0x05:0x23;0x05:0x2A;0x05:0x58;0x05:0x59;0x05:0xB8;0x05:0xC8;0x09:0x64;0x09:0x6A;0x09:0x6B;0x09:0x6C;0x0A:0x74
203,29,MODE1_0029_COMMON_WRITE,MMIO_RESET,24,23,ABORTING->PRODUCT_RECONSTRUCTION_GAP->FATAL_RECOVERY_FAILURE,FATAL_RECOVERY_FAILURE,CALLABLE_RESET_AUTOINIT_OR_PERSISTENT_RECOVERY_CONTEXT_NOT_PROVEN
204,30,MODE1_0030_COMMON_BANK_SELECT,FAILURE_BEFORE_WRITE,24,23,ABORTING->UNRESOLVED_REGISTER_GATE->FATAL_RECOVERY_FAILURE,FATAL_RECOVERY_FAILURE,UNRESOLVED_COMMITTED_REGISTERS=0x00:0x00;0x00:0x22;0x00:0x30;0x00:0x34;0x00:0x93;0x00:0xA4;0x05:0x00;0x05:0x01;0x05:0x05;0x05:0x08;0x05:0x0E;0x05:0x11;0x05:0x23;0x05:0x2A;0x05:0x58;0x05:0x59;0x05:0xB8;0x05:0xC8;0x09:0x64;0x09:0x6A;0x09:0x6B;0x09:0x6C;0x0A:0x74
205,30,MODE1_0030_COMMON_BANK_SELECT,NACK_DURING_WRITE,24,23,ABORTING->UNRESOLVED_REGISTER_GATE->FATAL_RECOVERY_FAILURE,FATAL_RECOVERY_FAILURE,UNRESOLVED_COMMITTED_REGISTERS=0x00:0x00;0x00:0x22;0x00:0x30;0x00:0x34;0x00:0x93;0x00:0xA4;0x05:0x00;0x05:0x01;0x05:0x05;0x05:0x08;0x05:0x0E;0x05:0x11;0x05:0x23;0x05:0x2A;0x05:0x58;0x05:0x59;0x05:0xB8;0x05:0xC8;0x09:0x64;0x09:0x6A;0x09:0x6B;0x09:0x6C;0x0A:0x74
206,30,MODE1_0030_COMMON_BANK_SELECT,TIMEOUT_DURING_WRITE,24,23,ABORTING->UNRESOLVED_REGISTER_GATE->FATAL_RECOVERY_FAILURE,FATAL_RECOVERY_FAILURE,UNRESOLVED_COMMITTED_REGISTERS=0x00:0x00;0x00:0x22;0x00:0x30;0x00:0x34;0x00:0x93;0x00:0xA4;0x05:0x00;0x05:0x01;0x05:0x05;0x05:0x08;0x05:0x0E;0x05:0x11;0x05:0x23;0x05:0x2A;0x05:0x58;0x05:0x59;0x05:0xB8;0x05:0xC8;0x09:0x64;0x09:0x6A;0x09:0x6B;0x09:0x6C;0x0A:0x74
207,30,MODE1_0030_COMMON_BANK_SELECT,READBACK_MISMATCH,24,23,ABORTING->UNRESOLVED_REGISTER_GATE->FATAL_RECOVERY_FAILURE,FATAL_RECOVERY_FAILURE,UNRESOLVED_COMMITTED_REGISTERS=0x00:0x00;0x00:0x22;0x00:0x30;0x00:0x34;0x00:0x93;0x00:0xA4;0x05:0x00;0x05:0x01;0x05:0x05;0x05:0x08;0x05:0x0E;0x05:0x11;0x05:0x23;0x05:0x2A;0x05:0x58;0x05:0x59;0x05:0xB8;0x05:0xC8;0x09:0x64;0x09:0x6A;0x09:0x6B;0x09:0x6C;0x0A:0x74
208,30,MODE1_0030_COMMON_BANK_SELECT,RESET_BETWEEN_OPERATIONS,24,23,ABORTING->PRODUCT_RECONSTRUCTION_GAP->FATAL_RECOVERY_FAILURE,FATAL_RECOVERY_FAILURE,CALLABLE_RESET_AUTOINIT_OR_PERSISTENT_RECOVERY_CONTEXT_NOT_PROVEN
209,30,MODE1_0030_COMMON_BANK_SELECT,HOST_ABORT,24,23,ABORTING->UNRESOLVED_REGISTER_GATE->FATAL_RECOVERY_FAILURE,FATAL_RECOVERY_FAILURE,UNRESOLVED_COMMITTED_REGISTERS=0x00:0x00;0x00:0x22;0x00:0x30;0x00:0x34;0x00:0x93;0x00:0xA4;0x05:0x00;0x05:0x01;0x05:0x05;0x05:0x08;0x05:0x0E;0x05:0x11;0x05:0x23;0x05:0x2A;0x05:0x58;0x05:0x59;0x05:0xB8;0x05:0xC8;0x09:0x64;0x09:0x6A;0x09:0x6B;0x09:0x6C;0x0A:0x74
210,30,MODE1_0030_COMMON_BANK_SELECT,MMIO_RESET,24,23,ABORTING->PRODUCT_RECONSTRUCTION_GAP->FATAL_RECOVERY_FAILURE,FATAL_RECOVERY_FAILURE,CALLABLE_RESET_AUTOINIT_OR_PERSISTENT_RECOVERY_CONTEXT_NOT_PROVEN
211,31,MODE1_0031_COMMON_WRITE,FAILURE_BEFORE_WRITE,24,23,ABORTING->UNRESOLVED_REGISTER_GATE->FATAL_RECOVERY_FAILURE,FATAL_RECOVERY_FAILURE,UNRESOLVED_COMMITTED_REGISTERS=0x00:0x00;0x00:0x22;0x00:0x30;0x00:0x34;0x00:0x93;0x00:0xA4;0x05:0x00;0x05:0x01;0x05:0x05;0x05:0x08;0x05:0x0E;0x05:0x11;0x05:0x23;0x05:0x2A;0x05:0x58;0x05:0x59;0x05:0xB8;0x05:0xC8;0x09:0x64;0x09:0x6A;0x09:0x6B;0x09:0x6C;0x0A:0x74
212,31,MODE1_0031_COMMON_WRITE,NACK_DURING_WRITE,25,24,ABORTING->UNRESOLVED_REGISTER_GATE->FATAL_RECOVERY_FAILURE,FATAL_RECOVERY_FAILURE,UNRESOLVED_COMMITTED_REGISTERS=0x00:0x00;0x00:0x22;0x00:0x30;0x00:0x34;0x00:0x93;0x00:0xA4;0x05:0x00;0x05:0x01;0x05:0x05;0x05:0x08;0x05:0x0E;0x05:0x11;0x05:0x23;0x05:0x2A;0x05:0x58;0x05:0x59;0x05:0xB8;0x05:0xC8;0x09:0x64;0x09:0x6A;0x09:0x6B;0x09:0x6C;0x09:0x80;0x0A:0x74
213,31,MODE1_0031_COMMON_WRITE,TIMEOUT_DURING_WRITE,25,24,ABORTING->UNRESOLVED_REGISTER_GATE->FATAL_RECOVERY_FAILURE,FATAL_RECOVERY_FAILURE,UNRESOLVED_COMMITTED_REGISTERS=0x00:0x00;0x00:0x22;0x00:0x30;0x00:0x34;0x00:0x93;0x00:0xA4;0x05:0x00;0x05:0x01;0x05:0x05;0x05:0x08;0x05:0x0E;0x05:0x11;0x05:0x23;0x05:0x2A;0x05:0x58;0x05:0x59;0x05:0xB8;0x05:0xC8;0x09:0x64;0x09:0x6A;0x09:0x6B;0x09:0x6C;0x09:0x80;0x0A:0x74
214,31,MODE1_0031_COMMON_WRITE,READBACK_MISMATCH,25,24,ABORTING->UNRESOLVED_REGISTER_GATE->FATAL_RECOVERY_FAILURE,FATAL_RECOVERY_FAILURE,UNRESOLVED_COMMITTED_REGISTERS=0x00:0x00;0x00:0x22;0x00:0x30;0x00:0x34;0x00:0x93;0x00:0xA4;0x05:0x00;0x05:0x01;0x05:0x05;0x05:0x08;0x05:0x0E;0x05:0x11;0x05:0x23;0x05:0x2A;0x05:0x58;0x05:0x59;0x05:0xB8;0x05:0xC8;0x09:0x64;0x09:0x6A;0x09:0x6B;0x09:0x6C;0x09:0x80;0x0A:0x74
215,31,MODE1_0031_COMMON_WRITE,RESET_BETWEEN_OPERATIONS,25,24,ABORTING->PRODUCT_RECONSTRUCTION_GAP->FATAL_RECOVERY_FAILURE,FATAL_RECOVERY_FAILURE,CALLABLE_RESET_AUTOINIT_OR_PERSISTENT_RECOVERY_CONTEXT_NOT_PROVEN
216,31,MODE1_0031_COMMON_WRITE,HOST_ABORT,25,24,ABORTING->UNRESOLVED_REGISTER_GATE->FATAL_RECOVERY_FAILURE,FATAL_RECOVERY_FAILURE,UNRESOLVED_COMMITTED_REGISTERS=0x00:0x00;0x00:0x22;0x00:0x30;0x00:0x34;0x00:0x93;0x00:0xA4;0x05:0x00;0x05:0x01;0x05:0x05;0x05:0x08;0x05:0x0E;0x05:0x11;0x05:0x23;0x05:0x2A;0x05:0x58;0x05:0x59;0x05:0xB8;0x05:0xC8;0x09:0x64;0x09:0x6A;0x09:0x6B;0x09:0x6C;0x09:0x80;0x0A:0x74
217,31,MODE1_0031_COMMON_WRITE,MMIO_RESET,25,24,ABORTING->PRODUCT_RECONSTRUCTION_GAP->FATAL_RECOVERY_FAILURE,FATAL_RECOVERY_FAILURE,CALLABLE_RESET_AUTOINIT_OR_PERSISTENT_RECOVERY_CONTEXT_NOT_PROVEN
218,32,MODE1_0032_COMMON_WRITE,FAILURE_BEFORE_WRITE,25,24,ABORTING->UNRESOLVED_REGISTER_GATE->FATAL_RECOVERY_FAILURE,FATAL_RECOVERY_FAILURE,UNRESOLVED_COMMITTED_REGISTERS=0x00:0x00;0x00:0x22;0x00:0x30;0x00:0x34;0x00:0x93;0x00:0xA4;0x05:0x00;0x05:0x01;0x05:0x05;0x05:0x08;0x05:0x0E;0x05:0x11;0x05:0x23;0x05:0x2A;0x05:0x58;0x05:0x59;0x05:0xB8;0x05:0xC8;0x09:0x64;0x09:0x6A;0x09:0x6B;0x09:0x6C;0x09:0x80;0x0A:0x74
219,32,MODE1_0032_COMMON_WRITE,NACK_DURING_WRITE,26,25,ABORTING->UNRESOLVED_REGISTER_GATE->FATAL_RECOVERY_FAILURE,FATAL_RECOVERY_FAILURE,UNRESOLVED_COMMITTED_REGISTERS=0x00:0x00;0x00:0x22;0x00:0x30;0x00:0x34;0x00:0x93;0x00:0xA4;0x05:0x00;0x05:0x01;0x05:0x05;0x05:0x08;0x05:0x0E;0x05:0x11;0x05:0x23;0x05:0x2A;0x05:0x58;0x05:0x59;0x05:0xB8;0x05:0xC8;0x09:0x64;0x09:0x6A;0x09:0x6B;0x09:0x6C;0x09:0x80;0x09:0x81;0x0A:0x74
220,32,MODE1_0032_COMMON_WRITE,TIMEOUT_DURING_WRITE,26,25,ABORTING->UNRESOLVED_REGISTER_GATE->FATAL_RECOVERY_FAILURE,FATAL_RECOVERY_FAILURE,UNRESOLVED_COMMITTED_REGISTERS=0x00:0x00;0x00:0x22;0x00:0x30;0x00:0x34;0x00:0x93;0x00:0xA4;0x05:0x00;0x05:0x01;0x05:0x05;0x05:0x08;0x05:0x0E;0x05:0x11;0x05:0x23;0x05:0x2A;0x05:0x58;0x05:0x59;0x05:0xB8;0x05:0xC8;0x09:0x64;0x09:0x6A;0x09:0x6B;0x09:0x6C;0x09:0x80;0x09:0x81;0x0A:0x74
221,32,MODE1_0032_COMMON_WRITE,READBACK_MISMATCH,26,25,ABORTING->UNRESOLVED_REGISTER_GATE->FATAL_RECOVERY_FAILURE,FATAL_RECOVERY_FAILURE,UNRESOLVED_COMMITTED_REGISTERS=0x00:0x00;0x00:0x22;0x00:0x30;0x00:0x34;0x00:0x93;0x00:0xA4;0x05:0x00;0x05:0x01;0x05:0x05;0x05:0x08;0x05:0x0E;0x05:0x11;0x05:0x23;0x05:0x2A;0x05:0x58;0x05:0x59;0x05:0xB8;0x05:0xC8;0x09:0x64;0x09:0x6A;0x09:0x6B;0x09:0x6C;0x09:0x80;0x09:0x81;0x0A:0x74
222,32,MODE1_0032_COMMON_WRITE,RESET_BETWEEN_OPERATIONS,26,25,ABORTING->PRODUCT_RECONSTRUCTION_GAP->FATAL_RECOVERY_FAILURE,FATAL_RECOVERY_FAILURE,CALLABLE_RESET_AUTOINIT_OR_PERSISTENT_RECOVERY_CONTEXT_NOT_PROVEN
223,32,MODE1_0032_COMMON_WRITE,HOST_ABORT,26,25,ABORTING->UNRESOLVED_REGISTER_GATE->FATAL_RECOVERY_FAILURE,FATAL_RECOVERY_FAILURE,UNRESOLVED_COMMITTED_REGISTERS=0x00:0x00;0x00:0x22;0x00:0x30;0x00:0x34;0x00:0x93;0x00:0xA4;0x05:0x00;0x05:0x01;0x05:0x05;0x05:0x08;0x05:0x0E;0x05:0x11;0x05:0x23;0x05:0x2A;0x05:0x58;0x05:0x59;0x05:0xB8;0x05:0xC8;0x09:0x64;0x09:0x6A;0x09:0x6B;0x09:0x6C;0x09:0x80;0x09:0x81;0x0A:0x74
224,32,MODE1_0032_COMMON_WRITE,MMIO_RESET,26,25,ABORTING->PRODUCT_RECONSTRUCTION_GAP->FATAL_RECOVERY_FAILURE,FATAL_RECOVERY_FAILURE,CALLABLE_RESET_AUTOINIT_OR_PERSISTENT_RECOVERY_CONTEXT_NOT_PROVEN
225,33,MODE1_0033_COMMON_BANK_SELECT,FAILURE_BEFORE_WRITE,26,25,ABORTING->UNRESOLVED_REGISTER_GATE->FATAL_RECOVERY_FAILURE,FATAL_RECOVERY_FAILURE,UNRESOLVED_COMMITTED_REGISTERS=0x00:0x00;0x00:0x22;0x00:0x30;0x00:0x34;0x00:0x93;0x00:0xA4;0x05:0x00;0x05:0x01;0x05:0x05;0x05:0x08;0x05:0x0E;0x05:0x11;0x05:0x23;0x05:0x2A;0x05:0x58;0x05:0x59;0x05:0xB8;0x05:0xC8;0x09:0x64;0x09:0x6A;0x09:0x6B;0x09:0x6C;0x09:0x80;0x09:0x81;0x0A:0x74
226,33,MODE1_0033_COMMON_BANK_SELECT,NACK_DURING_WRITE,26,25,ABORTING->UNRESOLVED_REGISTER_GATE->FATAL_RECOVERY_FAILURE,FATAL_RECOVERY_FAILURE,UNRESOLVED_COMMITTED_REGISTERS=0x00:0x00;0x00:0x22;0x00:0x30;0x00:0x34;0x00:0x93;0x00:0xA4;0x05:0x00;0x05:0x01;0x05:0x05;0x05:0x08;0x05:0x0E;0x05:0x11;0x05:0x23;0x05:0x2A;0x05:0x58;0x05:0x59;0x05:0xB8;0x05:0xC8;0x09:0x64;0x09:0x6A;0x09:0x6B;0x09:0x6C;0x09:0x80;0x09:0x81;0x0A:0x74
227,33,MODE1_0033_COMMON_BANK_SELECT,TIMEOUT_DURING_WRITE,26,25,ABORTING->UNRESOLVED_REGISTER_GATE->FATAL_RECOVERY_FAILURE,FATAL_RECOVERY_FAILURE,UNRESOLVED_COMMITTED_REGISTERS=0x00:0x00;0x00:0x22;0x00:0x30;0x00:0x34;0x00:0x93;0x00:0xA4;0x05:0x00;0x05:0x01;0x05:0x05;0x05:0x08;0x05:0x0E;0x05:0x11;0x05:0x23;0x05:0x2A;0x05:0x58;0x05:0x59;0x05:0xB8;0x05:0xC8;0x09:0x64;0x09:0x6A;0x09:0x6B;0x09:0x6C;0x09:0x80;0x09:0x81;0x0A:0x74
228,33,MODE1_0033_COMMON_BANK_SELECT,READBACK_MISMATCH,26,25,ABORTING->UNRESOLVED_REGISTER_GATE->FATAL_RECOVERY_FAILURE,FATAL_RECOVERY_FAILURE,UNRESOLVED_COMMITTED_REGISTERS=0x00:0x00;0x00:0x22;0x00:0x30;0x00:0x34;0x00:0x93;0x00:0xA4;0x05:0x00;0x05:0x01;0x05:0x05;0x05:0x08;0x05:0x0E;0x05:0x11;0x05:0x23;0x05:0x2A;0x05:0x58;0x05:0x59;0x05:0xB8;0x05:0xC8;0x09:0x64;0x09:0x6A;0x09:0x6B;0x09:0x6C;0x09:0x80;0x09:0x81;0x0A:0x74
229,33,MODE1_0033_COMMON_BANK_SELECT,RESET_BETWEEN_OPERATIONS,26,25,ABORTING->PRODUCT_RECONSTRUCTION_GAP->FATAL_RECOVERY_FAILURE,FATAL_RECOVERY_FAILURE,CALLABLE_RESET_AUTOINIT_OR_PERSISTENT_RECOVERY_CONTEXT_NOT_PROVEN
230,33,MODE1_0033_COMMON_BANK_SELECT,HOST_ABORT,26,25,ABORTING->UNRESOLVED_REGISTER_GATE->FATAL_RECOVERY_FAILURE,FATAL_RECOVERY_FAILURE,UNRESOLVED_COMMITTED_REGISTERS=0x00:0x00;0x00:0x22;0x00:0x30;0x00:0x34;0x00:0x93;0x00:0xA4;0x05:0x00;0x05:0x01;0x05:0x05;0x05:0x08;0x05:0x0E;0x05:0x11;0x05:0x23;0x05:0x2A;0x05:0x58;0x05:0x59;0x05:0xB8;0x05:0xC8;0x09:0x64;0x09:0x6A;0x09:0x6B;0x09:0x6C;0x09:0x80;0x09:0x81;0x0A:0x74
231,33,MODE1_0033_COMMON_BANK_SELECT,MMIO_RESET,26,25,ABORTING->PRODUCT_RECONSTRUCTION_GAP->FATAL_RECOVERY_FAILURE,FATAL_RECOVERY_FAILURE,CALLABLE_RESET_AUTOINIT_OR_PERSISTENT_RECOVERY_CONTEXT_NOT_PROVEN
232,34,MODE1_0034_COMMON_WRITE,FAILURE_BEFORE_WRITE,26,25,ABORTING->UNRESOLVED_REGISTER_GATE->FATAL_RECOVERY_FAILURE,FATAL_RECOVERY_FAILURE,UNRESOLVED_COMMITTED_REGISTERS=0x00:0x00;0x00:0x22;0x00:0x30;0x00:0x34;0x00:0x93;0x00:0xA4;0x05:0x00;0x05:0x01;0x05:0x05;0x05:0x08;0x05:0x0E;0x05:0x11;0x05:0x23;0x05:0x2A;0x05:0x58;0x05:0x59;0x05:0xB8;0x05:0xC8;0x09:0x64;0x09:0x6A;0x09:0x6B;0x09:0x6C;0x09:0x80;0x09:0x81;0x0A:0x74
233,34,MODE1_0034_COMMON_WRITE,NACK_DURING_WRITE,27,26,ABORTING->UNRESOLVED_REGISTER_GATE->FATAL_RECOVERY_FAILURE,FATAL_RECOVERY_FAILURE,UNRESOLVED_COMMITTED_REGISTERS=0x00:0x00;0x00:0x22;0x00:0x30;0x00:0x34;0x00:0x93;0x00:0xA4;0x05:0x00;0x05:0x01;0x05:0x05;0x05:0x08;0x05:0x0E;0x05:0x11;0x05:0x23;0x05:0x2A;0x05:0x58;0x05:0x59;0x05:0xB8;0x05:0xC8;0x09:0x64;0x09:0x6A;0x09:0x6B;0x09:0x6C;0x09:0x80;0x09:0x81;0x0A:0x60;0x0A:0x74
234,34,MODE1_0034_COMMON_WRITE,TIMEOUT_DURING_WRITE,27,26,ABORTING->UNRESOLVED_REGISTER_GATE->FATAL_RECOVERY_FAILURE,FATAL_RECOVERY_FAILURE,UNRESOLVED_COMMITTED_REGISTERS=0x00:0x00;0x00:0x22;0x00:0x30;0x00:0x34;0x00:0x93;0x00:0xA4;0x05:0x00;0x05:0x01;0x05:0x05;0x05:0x08;0x05:0x0E;0x05:0x11;0x05:0x23;0x05:0x2A;0x05:0x58;0x05:0x59;0x05:0xB8;0x05:0xC8;0x09:0x64;0x09:0x6A;0x09:0x6B;0x09:0x6C;0x09:0x80;0x09:0x81;0x0A:0x60;0x0A:0x74
235,34,MODE1_0034_COMMON_WRITE,READBACK_MISMATCH,27,26,ABORTING->UNRESOLVED_REGISTER_GATE->FATAL_RECOVERY_FAILURE,FATAL_RECOVERY_FAILURE,UNRESOLVED_COMMITTED_REGISTERS=0x00:0x00;0x00:0x22;0x00:0x30;0x00:0x34;0x00:0x93;0x00:0xA4;0x05:0x00;0x05:0x01;0x05:0x05;0x05:0x08;0x05:0x0E;0x05:0x11;0x05:0x23;0x05:0x2A;0x05:0x58;0x05:0x59;0x05:0xB8;0x05:0xC8;0x09:0x64;0x09:0x6A;0x09:0x6B;0x09:0x6C;0x09:0x80;0x09:0x81;0x0A:0x60;0x0A:0x74
236,34,MODE1_0034_COMMON_WRITE,RESET_BETWEEN_OPERATIONS,27,26,ABORTING->PRODUCT_RECONSTRUCTION_GAP->FATAL_RECOVERY_FAILURE,FATAL_RECOVERY_FAILURE,CALLABLE_RESET_AUTOINIT_OR_PERSISTENT_RECOVERY_CONTEXT_NOT_PROVEN
237,34,MODE1_0034_COMMON_WRITE,HOST_ABORT,27,26,ABORTING->UNRESOLVED_REGISTER_GATE->FATAL_RECOVERY_FAILURE,FATAL_RECOVERY_FAILURE,UNRESOLVED_COMMITTED_REGISTERS=0x00:0x00;0x00:0x22;0x00:0x30;0x00:0x34;0x00:0x93;0x00:0xA4;0x05:0x00;0x05:0x01;0x05:0x05;0x05:0x08;0x05:0x0E;0x05:0x11;0x05:0x23;0x05:0x2A;0x05:0x58;0x05:0x59;0x05:0xB8;0x05:0xC8;0x09:0x64;0x09:0x6A;0x09:0x6B;0x09:0x6C;0x09:0x80;0x09:0x81;0x0A:0x60;0x0A:0x74
238,34,MODE1_0034_COMMON_WRITE,MMIO_RESET,27,26,ABORTING->PRODUCT_RECONSTRUCTION_GAP->FATAL_RECOVERY_FAILURE,FATAL_RECOVERY_FAILURE,CALLABLE_RESET_AUTOINIT_OR_PERSISTENT_RECOVERY_CONTEXT_NOT_PROVEN
239,35,MODE1_0035_COMMON_WRITE,FAILURE_BEFORE_WRITE,27,26,ABORTING->UNRESOLVED_REGISTER_GATE->FATAL_RECOVERY_FAILURE,FATAL_RECOVERY_FAILURE,UNRESOLVED_COMMITTED_REGISTERS=0x00:0x00;0x00:0x22;0x00:0x30;0x00:0x34;0x00:0x93;0x00:0xA4;0x05:0x00;0x05:0x01;0x05:0x05;0x05:0x08;0x05:0x0E;0x05:0x11;0x05:0x23;0x05:0x2A;0x05:0x58;0x05:0x59;0x05:0xB8;0x05:0xC8;0x09:0x64;0x09:0x6A;0x09:0x6B;0x09:0x6C;0x09:0x80;0x09:0x81;0x0A:0x60;0x0A:0x74
240,35,MODE1_0035_COMMON_WRITE,NACK_DURING_WRITE,28,27,ABORTING->UNRESOLVED_REGISTER_GATE->FATAL_RECOVERY_FAILURE,FATAL_RECOVERY_FAILURE,UNRESOLVED_COMMITTED_REGISTERS=0x00:0x00;0x00:0x22;0x00:0x30;0x00:0x34;0x00:0x93;0x00:0xA4;0x05:0x00;0x05:0x01;0x05:0x05;0x05:0x08;0x05:0x0E;0x05:0x11;0x05:0x23;0x05:0x2A;0x05:0x58;0x05:0x59;0x05:0xB8;0x05:0xC8;0x09:0x64;0x09:0x6A;0x09:0x6B;0x09:0x6C;0x09:0x80;0x09:0x81;0x0A:0x60;0x0A:0x61;0x0A:0x74
241,35,MODE1_0035_COMMON_WRITE,TIMEOUT_DURING_WRITE,28,27,ABORTING->UNRESOLVED_REGISTER_GATE->FATAL_RECOVERY_FAILURE,FATAL_RECOVERY_FAILURE,UNRESOLVED_COMMITTED_REGISTERS=0x00:0x00;0x00:0x22;0x00:0x30;0x00:0x34;0x00:0x93;0x00:0xA4;0x05:0x00;0x05:0x01;0x05:0x05;0x05:0x08;0x05:0x0E;0x05:0x11;0x05:0x23;0x05:0x2A;0x05:0x58;0x05:0x59;0x05:0xB8;0x05:0xC8;0x09:0x64;0x09:0x6A;0x09:0x6B;0x09:0x6C;0x09:0x80;0x09:0x81;0x0A:0x60;0x0A:0x61;0x0A:0x74
242,35,MODE1_0035_COMMON_WRITE,READBACK_MISMATCH,28,27,ABORTING->UNRESOLVED_REGISTER_GATE->FATAL_RECOVERY_FAILURE,FATAL_RECOVERY_FAILURE,UNRESOLVED_COMMITTED_REGISTERS=0x00:0x00;0x00:0x22;0x00:0x30;0x00:0x34;0x00:0x93;0x00:0xA4;0x05:0x00;0x05:0x01;0x05:0x05;0x05:0x08;0x05:0x0E;0x05:0x11;0x05:0x23;0x05:0x2A;0x05:0x58;0x05:0x59;0x05:0xB8;0x05:0xC8;0x09:0x64;0x09:0x6A;0x09:0x6B;0x09:0x6C;0x09:0x80;0x09:0x81;0x0A:0x60;0x0A:0x61;0x0A:0x74
243,35,MODE1_0035_COMMON_WRITE,RESET_BETWEEN_OPERATIONS,28,27,ABORTING->PRODUCT_RECONSTRUCTION_GAP->FATAL_RECOVERY_FAILURE,FATAL_RECOVERY_FAILURE,CALLABLE_RESET_AUTOINIT_OR_PERSISTENT_RECOVERY_CONTEXT_NOT_PROVEN
244,35,MODE1_0035_COMMON_WRITE,HOST_ABORT,28,27,ABORTING->UNRESOLVED_REGISTER_GATE->FATAL_RECOVERY_FAILURE,FATAL_RECOVERY_FAILURE,UNRESOLVED_COMMITTED_REGISTERS=0x00:0x00;0x00:0x22;0x00:0x30;0x00:0x34;0x00:0x93;0x00:0xA4;0x05:0x00;0x05:0x01;0x05:0x05;0x05:0x08;0x05:0x0E;0x05:0x11;0x05:0x23;0x05:0x2A;0x05:0x58;0x05:0x59;0x05:0xB8;0x05:0xC8;0x09:0x64;0x09:0x6A;0x09:0x6B;0x09:0x6C;0x09:0x80;0x09:0x81;0x0A:0x60;0x0A:0x61;0x0A:0x74
245,35,MODE1_0035_COMMON_WRITE,MMIO_RESET,28,27,ABORTING->PRODUCT_RECONSTRUCTION_GAP->FATAL_RECOVERY_FAILURE,FATAL_RECOVERY_FAILURE,CALLABLE_RESET_AUTOINIT_OR_PERSISTENT_RECOVERY_CONTEXT_NOT_PROVEN
246,36,MODE1_0036_COMMON_WRITE,FAILURE_BEFORE_WRITE,28,27,ABORTING->UNRESOLVED_REGISTER_GATE->FATAL_RECOVERY_FAILURE,FATAL_RECOVERY_FAILURE,UNRESOLVED_COMMITTED_REGISTERS=0x00:0x00;0x00:0x22;0x00:0x30;0x00:0x34;0x00:0x93;0x00:0xA4;0x05:0x00;0x05:0x01;0x05:0x05;0x05:0x08;0x05:0x0E;0x05:0x11;0x05:0x23;0x05:0x2A;0x05:0x58;0x05:0x59;0x05:0xB8;0x05:0xC8;0x09:0x64;0x09:0x6A;0x09:0x6B;0x09:0x6C;0x09:0x80;0x09:0x81;0x0A:0x60;0x0A:0x61;0x0A:0x74
247,36,MODE1_0036_COMMON_WRITE,NACK_DURING_WRITE,29,28,ABORTING->UNRESOLVED_REGISTER_GATE->FATAL_RECOVERY_FAILURE,FATAL_RECOVERY_FAILURE,UNRESOLVED_COMMITTED_REGISTERS=0x00:0x00;0x00:0x22;0x00:0x30;0x00:0x34;0x00:0x93;0x00:0xA4;0x05:0x00;0x05:0x01;0x05:0x05;0x05:0x08;0x05:0x0E;0x05:0x11;0x05:0x23;0x05:0x2A;0x05:0x58;0x05:0x59;0x05:0xB8;0x05:0xC8;0x09:0x64;0x09:0x6A;0x09:0x6B;0x09:0x6C;0x09:0x80;0x09:0x81;0x0A:0x60;0x0A:0x61;0x0A:0x62;0x0A:0x74
248,36,MODE1_0036_COMMON_WRITE,TIMEOUT_DURING_WRITE,29,28,ABORTING->UNRESOLVED_REGISTER_GATE->FATAL_RECOVERY_FAILURE,FATAL_RECOVERY_FAILURE,UNRESOLVED_COMMITTED_REGISTERS=0x00:0x00;0x00:0x22;0x00:0x30;0x00:0x34;0x00:0x93;0x00:0xA4;0x05:0x00;0x05:0x01;0x05:0x05;0x05:0x08;0x05:0x0E;0x05:0x11;0x05:0x23;0x05:0x2A;0x05:0x58;0x05:0x59;0x05:0xB8;0x05:0xC8;0x09:0x64;0x09:0x6A;0x09:0x6B;0x09:0x6C;0x09:0x80;0x09:0x81;0x0A:0x60;0x0A:0x61;0x0A:0x62;0x0A:0x74
249,36,MODE1_0036_COMMON_WRITE,READBACK_MISMATCH,29,28,ABORTING->UNRESOLVED_REGISTER_GATE->FATAL_RECOVERY_FAILURE,FATAL_RECOVERY_FAILURE,UNRESOLVED_COMMITTED_REGISTERS=0x00:0x00;0x00:0x22;0x00:0x30;0x00:0x34;0x00:0x93;0x00:0xA4;0x05:0x00;0x05:0x01;0x05:0x05;0x05:0x08;0x05:0x0E;0x05:0x11;0x05:0x23;0x05:0x2A;0x05:0x58;0x05:0x59;0x05:0xB8;0x05:0xC8;0x09:0x64;0x09:0x6A;0x09:0x6B;0x09:0x6C;0x09:0x80;0x09:0x81;0x0A:0x60;0x0A:0x61;0x0A:0x62;0x0A:0x74
250,36,MODE1_0036_COMMON_WRITE,RESET_BETWEEN_OPERATIONS,29,28,ABORTING->PRODUCT_RECONSTRUCTION_GAP->FATAL_RECOVERY_FAILURE,FATAL_RECOVERY_FAILURE,CALLABLE_RESET_AUTOINIT_OR_PERSISTENT_RECOVERY_CONTEXT_NOT_PROVEN
251,36,MODE1_0036_COMMON_WRITE,HOST_ABORT,29,28,ABORTING->UNRESOLVED_REGISTER_GATE->FATAL_RECOVERY_FAILURE,FATAL_RECOVERY_FAILURE,UNRESOLVED_COMMITTED_REGISTERS=0x00:0x00;0x00:0x22;0x00:0x30;0x00:0x34;0x00:0x93;0x00:0xA4;0x05:0x00;0x05:0x01;0x05:0x05;0x05:0x08;0x05:0x0E;0x05:0x11;0x05:0x23;0x05:0x2A;0x05:0x58;0x05:0x59;0x05:0xB8;0x05:0xC8;0x09:0x64;0x09:0x6A;0x09:0x6B;0x09:0x6C;0x09:0x80;0x09:0x81;0x0A:0x60;0x0A:0x61;0x0A:0x62;0x0A:0x74
252,36,MODE1_0036_COMMON_WRITE,MMIO_RESET,29,28,ABORTING->PRODUCT_RECONSTRUCTION_GAP->FATAL_RECOVERY_FAILURE,FATAL_RECOVERY_FAILURE,CALLABLE_RESET_AUTOINIT_OR_PERSISTENT_RECOVERY_CONTEXT_NOT_PROVEN
253,37,MODE1_0037_COMMON_WRITE,FAILURE_BEFORE_WRITE,29,28,ABORTING->UNRESOLVED_REGISTER_GATE->FATAL_RECOVERY_FAILURE,FATAL_RECOVERY_FAILURE,UNRESOLVED_COMMITTED_REGISTERS=0x00:0x00;0x00:0x22;0x00:0x30;0x00:0x34;0x00:0x93;0x00:0xA4;0x05:0x00;0x05:0x01;0x05:0x05;0x05:0x08;0x05:0x0E;0x05:0x11;0x05:0x23;0x05:0x2A;0x05:0x58;0x05:0x59;0x05:0xB8;0x05:0xC8;0x09:0x64;0x09:0x6A;0x09:0x6B;0x09:0x6C;0x09:0x80;0x09:0x81;0x0A:0x60;0x0A:0x61;0x0A:0x62;0x0A:0x74
254,37,MODE1_0037_COMMON_WRITE,NACK_DURING_WRITE,30,29,ABORTING->UNRESOLVED_REGISTER_GATE->FATAL_RECOVERY_FAILURE,FATAL_RECOVERY_FAILURE,UNRESOLVED_COMMITTED_REGISTERS=0x00:0x00;0x00:0x22;0x00:0x30;0x00:0x34;0x00:0x93;0x00:0xA4;0x05:0x00;0x05:0x01;0x05:0x05;0x05:0x08;0x05:0x0E;0x05:0x11;0x05:0x23;0x05:0x2A;0x05:0x58;0x05:0x59;0x05:0xB8;0x05:0xC8;0x09:0x64;0x09:0x6A;0x09:0x6B;0x09:0x6C;0x09:0x80;0x09:0x81;0x0A:0x60;0x0A:0x61;0x0A:0x62;0x0A:0x63;0x0A:0x74
255,37,MODE1_0037_COMMON_WRITE,TIMEOUT_DURING_WRITE,30,29,ABORTING->UNRESOLVED_REGISTER_GATE->FATAL_RECOVERY_FAILURE,FATAL_RECOVERY_FAILURE,UNRESOLVED_COMMITTED_REGISTERS=0x00:0x00;0x00:0x22;0x00:0x30;0x00:0x34;0x00:0x93;0x00:0xA4;0x05:0x00;0x05:0x01;0x05:0x05;0x05:0x08;0x05:0x0E;0x05:0x11;0x05:0x23;0x05:0x2A;0x05:0x58;0x05:0x59;0x05:0xB8;0x05:0xC8;0x09:0x64;0x09:0x6A;0x09:0x6B;0x09:0x6C;0x09:0x80;0x09:0x81;0x0A:0x60;0x0A:0x61;0x0A:0x62;0x0A:0x63;0x0A:0x74
256,37,MODE1_0037_COMMON_WRITE,READBACK_MISMATCH,30,29,ABORTING->UNRESOLVED_REGISTER_GATE->FATAL_RECOVERY_FAILURE,FATAL_RECOVERY_FAILURE,UNRESOLVED_COMMITTED_REGISTERS=0x00:0x00;0x00:0x22;0x00:0x30;0x00:0x34;0x00:0x93;0x00:0xA4;0x05:0x00;0x05:0x01;0x05:0x05;0x05:0x08;0x05:0x0E;0x05:0x11;0x05:0x23;0x05:0x2A;0x05:0x58;0x05:0x59;0x05:0xB8;0x05:0xC8;0x09:0x64;0x09:0x6A;0x09:0x6B;0x09:0x6C;0x09:0x80;0x09:0x81;0x0A:0x60;0x0A:0x61;0x0A:0x62;0x0A:0x63;0x0A:0x74
257,37,MODE1_0037_COMMON_WRITE,RESET_BETWEEN_OPERATIONS,30,29,ABORTING->PRODUCT_RECONSTRUCTION_GAP->FATAL_RECOVERY_FAILURE,FATAL_RECOVERY_FAILURE,CALLABLE_RESET_AUTOINIT_OR_PERSISTENT_RECOVERY_CONTEXT_NOT_PROVEN
258,37,MODE1_0037_COMMON_WRITE,HOST_ABORT,30,29,ABORTING->UNRESOLVED_REGISTER_GATE->FATAL_RECOVERY_FAILURE,FATAL_RECOVERY_FAILURE,UNRESOLVED_COMMITTED_REGISTERS=0x00:0x00;0x00:0x22;0x00:0x30;0x00:0x34;0x00:0x93;0x00:0xA4;0x05:0x00;0x05:0x01;0x05:0x05;0x05:0x08;0x05:0x0E;0x05:0x11;0x05:0x23;0x05:0x2A;0x05:0x58;0x05:0x59;0x05:0xB8;0x05:0xC8;0x09:0x64;0x09:0x6A;0x09:0x6B;0x09:0x6C;0x09:0x80;0x09:0x81;0x0A:0x60;0x0A:0x61;0x0A:0x62;0x0A:0x63;0x0A:0x74
259,37,MODE1_0037_COMMON_WRITE,MMIO_RESET,30,29,ABORTING->PRODUCT_RECONSTRUCTION_GAP->FATAL_RECOVERY_FAILURE,FATAL_RECOVERY_FAILURE,CALLABLE_RESET_AUTOINIT_OR_PERSISTENT_RECOVERY_CONTEXT_NOT_PROVEN
260,38,MODE1_0038_COMMON_WRITE,FAILURE_BEFORE_WRITE,30,29,ABORTING->UNRESOLVED_REGISTER_GATE->FATAL_RECOVERY_FAILURE,FATAL_RECOVERY_FAILURE,UNRESOLVED_COMMITTED_REGISTERS=0x00:0x00;0x00:0x22;0x00:0x30;0x00:0x34;0x00:0x93;0x00:0xA4;0x05:0x00;0x05:0x01;0x05:0x05;0x05:0x08;0x05:0x0E;0x05:0x11;0x05:0x23;0x05:0x2A;0x05:0x58;0x05:0x59;0x05:0xB8;0x05:0xC8;0x09:0x64;0x09:0x6A;0x09:0x6B;0x09:0x6C;0x09:0x80;0x09:0x81;0x0A:0x60;0x0A:0x61;0x0A:0x62;0x0A:0x63;0x0A:0x74
261,38,MODE1_0038_COMMON_WRITE,NACK_DURING_WRITE,31,30,ABORTING->UNRESOLVED_REGISTER_GATE->FATAL_RECOVERY_FAILURE,FATAL_RECOVERY_FAILURE,UNRESOLVED_COMMITTED_REGISTERS=0x00:0x00;0x00:0x22;0x00:0x30;0x00:0x34;0x00:0x93;0x00:0xA4;0x05:0x00;0x05:0x01;0x05:0x05;0x05:0x08;0x05:0x0E;0x05:0x11;0x05:0x23;0x05:0x2A;0x05:0x58;0x05:0x59;0x05:0xB8;0x05:0xC8;0x09:0x64;0x09:0x6A;0x09:0x6B;0x09:0x6C;0x09:0x80;0x09:0x81;0x0A:0x60;0x0A:0x61;0x0A:0x62;0x0A:0x63;0x0A:0x64;0x0A:0x74
262,38,MODE1_0038_COMMON_WRITE,TIMEOUT_DURING_WRITE,31,30,ABORTING->UNRESOLVED_REGISTER_GATE->FATAL_RECOVERY_FAILURE,FATAL_RECOVERY_FAILURE,UNRESOLVED_COMMITTED_REGISTERS=0x00:0x00;0x00:0x22;0x00:0x30;0x00:0x34;0x00:0x93;0x00:0xA4;0x05:0x00;0x05:0x01;0x05:0x05;0x05:0x08;0x05:0x0E;0x05:0x11;0x05:0x23;0x05:0x2A;0x05:0x58;0x05:0x59;0x05:0xB8;0x05:0xC8;0x09:0x64;0x09:0x6A;0x09:0x6B;0x09:0x6C;0x09:0x80;0x09:0x81;0x0A:0x60;0x0A:0x61;0x0A:0x62;0x0A:0x63;0x0A:0x64;0x0A:0x74
263,38,MODE1_0038_COMMON_WRITE,READBACK_MISMATCH,31,30,ABORTING->UNRESOLVED_REGISTER_GATE->FATAL_RECOVERY_FAILURE,FATAL_RECOVERY_FAILURE,UNRESOLVED_COMMITTED_REGISTERS=0x00:0x00;0x00:0x22;0x00:0x30;0x00:0x34;0x00:0x93;0x00:0xA4;0x05:0x00;0x05:0x01;0x05:0x05;0x05:0x08;0x05:0x0E;0x05:0x11;0x05:0x23;0x05:0x2A;0x05:0x58;0x05:0x59;0x05:0xB8;0x05:0xC8;0x09:0x64;0x09:0x6A;0x09:0x6B;0x09:0x6C;0x09:0x80;0x09:0x81;0x0A:0x60;0x0A:0x61;0x0A:0x62;0x0A:0x63;0x0A:0x64;0x0A:0x74
264,38,MODE1_0038_COMMON_WRITE,RESET_BETWEEN_OPERATIONS,31,30,ABORTING->PRODUCT_RECONSTRUCTION_GAP->FATAL_RECOVERY_FAILURE,FATAL_RECOVERY_FAILURE,CALLABLE_RESET_AUTOINIT_OR_PERSISTENT_RECOVERY_CONTEXT_NOT_PROVEN
265,38,MODE1_0038_COMMON_WRITE,HOST_ABORT,31,30,ABORTING->UNRESOLVED_REGISTER_GATE->FATAL_RECOVERY_FAILURE,FATAL_RECOVERY_FAILURE,UNRESOLVED_COMMITTED_REGISTERS=0x00:0x00;0x00:0x22;0x00:0x30;0x00:0x34;0x00:0x93;0x00:0xA4;0x05:0x00;0x05:0x01;0x05:0x05;0x05:0x08;0x05:0x0E;0x05:0x11;0x05:0x23;0x05:0x2A;0x05:0x58;0x05:0x59;0x05:0xB8;0x05:0xC8;0x09:0x64;0x09:0x6A;0x09:0x6B;0x09:0x6C;0x09:0x80;0x09:0x81;0x0A:0x60;0x0A:0x61;0x0A:0x62;0x0A:0x63;0x0A:0x64;0x0A:0x74
266,38,MODE1_0038_COMMON_WRITE,MMIO_RESET,31,30,ABORTING->PRODUCT_RECONSTRUCTION_GAP->FATAL_RECOVERY_FAILURE,FATAL_RECOVERY_FAILURE,CALLABLE_RESET_AUTOINIT_OR_PERSISTENT_RECOVERY_CONTEXT_NOT_PROVEN
267,39,MODE1_0039_COMMON_WRITE,FAILURE_BEFORE_WRITE,31,30,ABORTING->UNRESOLVED_REGISTER_GATE->FATAL_RECOVERY_FAILURE,FATAL_RECOVERY_FAILURE,UNRESOLVED_COMMITTED_REGISTERS=0x00:0x00;0x00:0x22;0x00:0x30;0x00:0x34;0x00:0x93;0x00:0xA4;0x05:0x00;0x05:0x01;0x05:0x05;0x05:0x08;0x05:0x0E;0x05:0x11;0x05:0x23;0x05:0x2A;0x05:0x58;0x05:0x59;0x05:0xB8;0x05:0xC8;0x09:0x64;0x09:0x6A;0x09:0x6B;0x09:0x6C;0x09:0x80;0x09:0x81;0x0A:0x60;0x0A:0x61;0x0A:0x62;0x0A:0x63;0x0A:0x64;0x0A:0x74
268,39,MODE1_0039_COMMON_WRITE,NACK_DURING_WRITE,32,31,ABORTING->UNRESOLVED_REGISTER_GATE->FATAL_RECOVERY_FAILURE,FATAL_RECOVERY_FAILURE,UNRESOLVED_COMMITTED_REGISTERS=0x00:0x00;0x00:0x22;0x00:0x30;0x00:0x34;0x00:0x93;0x00:0xA4;0x05:0x00;0x05:0x01;0x05:0x05;0x05:0x08;0x05:0x0E;0x05:0x11;0x05:0x23;0x05:0x2A;0x05:0x58;0x05:0x59;0x05:0xB8;0x05:0xC8;0x09:0x64;0x09:0x6A;0x09:0x6B;0x09:0x6C;0x09:0x80;0x09:0x81;0x0A:0x60;0x0A:0x61;0x0A:0x62;0x0A:0x63;0x0A:0x64;0x0A:0x65;0x0A:0x74
269,39,MODE1_0039_COMMON_WRITE,TIMEOUT_DURING_WRITE,32,31,ABORTING->UNRESOLVED_REGISTER_GATE->FATAL_RECOVERY_FAILURE,FATAL_RECOVERY_FAILURE,UNRESOLVED_COMMITTED_REGISTERS=0x00:0x00;0x00:0x22;0x00:0x30;0x00:0x34;0x00:0x93;0x00:0xA4;0x05:0x00;0x05:0x01;0x05:0x05;0x05:0x08;0x05:0x0E;0x05:0x11;0x05:0x23;0x05:0x2A;0x05:0x58;0x05:0x59;0x05:0xB8;0x05:0xC8;0x09:0x64;0x09:0x6A;0x09:0x6B;0x09:0x6C;0x09:0x80;0x09:0x81;0x0A:0x60;0x0A:0x61;0x0A:0x62;0x0A:0x63;0x0A:0x64;0x0A:0x65;0x0A:0x74
270,39,MODE1_0039_COMMON_WRITE,READBACK_MISMATCH,32,31,ABORTING->UNRESOLVED_REGISTER_GATE->FATAL_RECOVERY_FAILURE,FATAL_RECOVERY_FAILURE,UNRESOLVED_COMMITTED_REGISTERS=0x00:0x00;0x00:0x22;0x00:0x30;0x00:0x34;0x00:0x93;0x00:0xA4;0x05:0x00;0x05:0x01;0x05:0x05;0x05:0x08;0x05:0x0E;0x05:0x11;0x05:0x23;0x05:0x2A;0x05:0x58;0x05:0x59;0x05:0xB8;0x05:0xC8;0x09:0x64;0x09:0x6A;0x09:0x6B;0x09:0x6C;0x09:0x80;0x09:0x81;0x0A:0x60;0x0A:0x61;0x0A:0x62;0x0A:0x63;0x0A:0x64;0x0A:0x65;0x0A:0x74
271,39,MODE1_0039_COMMON_WRITE,RESET_BETWEEN_OPERATIONS,32,31,ABORTING->PRODUCT_RECONSTRUCTION_GAP->FATAL_RECOVERY_FAILURE,FATAL_RECOVERY_FAILURE,CALLABLE_RESET_AUTOINIT_OR_PERSISTENT_RECOVERY_CONTEXT_NOT_PROVEN
272,39,MODE1_0039_COMMON_WRITE,HOST_ABORT,32,31,ABORTING->UNRESOLVED_REGISTER_GATE->FATAL_RECOVERY_FAILURE,FATAL_RECOVERY_FAILURE,UNRESOLVED_COMMITTED_REGISTERS=0x00:0x00;0x00:0x22;0x00:0x30;0x00:0x34;0x00:0x93;0x00:0xA4;0x05:0x00;0x05:0x01;0x05:0x05;0x05:0x08;0x05:0x0E;0x05:0x11;0x05:0x23;0x05:0x2A;0x05:0x58;0x05:0x59;0x05:0xB8;0x05:0xC8;0x09:0x64;0x09:0x6A;0x09:0x6B;0x09:0x6C;0x09:0x80;0x09:0x81;0x0A:0x60;0x0A:0x61;0x0A:0x62;0x0A:0x63;0x0A:0x64;0x0A:0x65;0x0A:0x74
273,39,MODE1_0039_COMMON_WRITE,MMIO_RESET,32,31,ABORTING->PRODUCT_RECONSTRUCTION_GAP->FATAL_RECOVERY_FAILURE,FATAL_RECOVERY_FAILURE,CALLABLE_RESET_AUTOINIT_OR_PERSISTENT_RECOVERY_CONTEXT_NOT_PROVEN
274,40,MODE1_0040_COMMON_WRITE,FAILURE_BEFORE_WRITE,32,31,ABORTING->UNRESOLVED_REGISTER_GATE->FATAL_RECOVERY_FAILURE,FATAL_RECOVERY_FAILURE,UNRESOLVED_COMMITTED_REGISTERS=0x00:0x00;0x00:0x22;0x00:0x30;0x00:0x34;0x00:0x93;0x00:0xA4;0x05:0x00;0x05:0x01;0x05:0x05;0x05:0x08;0x05:0x0E;0x05:0x11;0x05:0x23;0x05:0x2A;0x05:0x58;0x05:0x59;0x05:0xB8;0x05:0xC8;0x09:0x64;0x09:0x6A;0x09:0x6B;0x09:0x6C;0x09:0x80;0x09:0x81;0x0A:0x60;0x0A:0x61;0x0A:0x62;0x0A:0x63;0x0A:0x64;0x0A:0x65;0x0A:0x74
275,40,MODE1_0040_COMMON_WRITE,NACK_DURING_WRITE,33,32,ABORTING->UNRESOLVED_REGISTER_GATE->FATAL_RECOVERY_FAILURE,FATAL_RECOVERY_FAILURE,UNRESOLVED_COMMITTED_REGISTERS=0x00:0x00;0x00:0x22;0x00:0x30;0x00:0x34;0x00:0x93;0x00:0xA4;0x05:0x00;0x05:0x01;0x05:0x05;0x05:0x08;0x05:0x0E;0x05:0x11;0x05:0x23;0x05:0x2A;0x05:0x58;0x05:0x59;0x05:0xB8;0x05:0xC8;0x09:0x64;0x09:0x6A;0x09:0x6B;0x09:0x6C;0x09:0x80;0x09:0x81;0x0A:0x60;0x0A:0x61;0x0A:0x62;0x0A:0x63;0x0A:0x64;0x0A:0x65;0x0A:0x66;0x0A:0x74
276,40,MODE1_0040_COMMON_WRITE,TIMEOUT_DURING_WRITE,33,32,ABORTING->UNRESOLVED_REGISTER_GATE->FATAL_RECOVERY_FAILURE,FATAL_RECOVERY_FAILURE,UNRESOLVED_COMMITTED_REGISTERS=0x00:0x00;0x00:0x22;0x00:0x30;0x00:0x34;0x00:0x93;0x00:0xA4;0x05:0x00;0x05:0x01;0x05:0x05;0x05:0x08;0x05:0x0E;0x05:0x11;0x05:0x23;0x05:0x2A;0x05:0x58;0x05:0x59;0x05:0xB8;0x05:0xC8;0x09:0x64;0x09:0x6A;0x09:0x6B;0x09:0x6C;0x09:0x80;0x09:0x81;0x0A:0x60;0x0A:0x61;0x0A:0x62;0x0A:0x63;0x0A:0x64;0x0A:0x65;0x0A:0x66;0x0A:0x74
277,40,MODE1_0040_COMMON_WRITE,READBACK_MISMATCH,33,32,ABORTING->UNRESOLVED_REGISTER_GATE->FATAL_RECOVERY_FAILURE,FATAL_RECOVERY_FAILURE,UNRESOLVED_COMMITTED_REGISTERS=0x00:0x00;0x00:0x22;0x00:0x30;0x00:0x34;0x00:0x93;0x00:0xA4;0x05:0x00;0x05:0x01;0x05:0x05;0x05:0x08;0x05:0x0E;0x05:0x11;0x05:0x23;0x05:0x2A;0x05:0x58;0x05:0x59;0x05:0xB8;0x05:0xC8;0x09:0x64;0x09:0x6A;0x09:0x6B;0x09:0x6C;0x09:0x80;0x09:0x81;0x0A:0x60;0x0A:0x61;0x0A:0x62;0x0A:0x63;0x0A:0x64;0x0A:0x65;0x0A:0x66;0x0A:0x74
278,40,MODE1_0040_COMMON_WRITE,RESET_BETWEEN_OPERATIONS,33,32,ABORTING->PRODUCT_RECONSTRUCTION_GAP->FATAL_RECOVERY_FAILURE,FATAL_RECOVERY_FAILURE,CALLABLE_RESET_AUTOINIT_OR_PERSISTENT_RECOVERY_CONTEXT_NOT_PROVEN
279,40,MODE1_0040_COMMON_WRITE,HOST_ABORT,33,32,ABORTING->UNRESOLVED_REGISTER_GATE->FATAL_RECOVERY_FAILURE,FATAL_RECOVERY_FAILURE,UNRESOLVED_COMMITTED_REGISTERS=0x00:0x00;0x00:0x22;0x00:0x30;0x00:0x34;0x00:0x93;0x00:0xA4;0x05:0x00;0x05:0x01;0x05:0x05;0x05:0x08;0x05:0x0E;0x05:0x11;0x05:0x23;0x05:0x2A;0x05:0x58;0x05:0x59;0x05:0xB8;0x05:0xC8;0x09:0x64;0x09:0x6A;0x09:0x6B;0x09:0x6C;0x09:0x80;0x09:0x81;0x0A:0x60;0x0A:0x61;0x0A:0x62;0x0A:0x63;0x0A:0x64;0x0A:0x65;0x0A:0x66;0x0A:0x74
280,40,MODE1_0040_COMMON_WRITE,MMIO_RESET,33,32,ABORTING->PRODUCT_RECONSTRUCTION_GAP->FATAL_RECOVERY_FAILURE,FATAL_RECOVERY_FAILURE,CALLABLE_RESET_AUTOINIT_OR_PERSISTENT_RECOVERY_CONTEXT_NOT_PROVEN
281,41,MODE1_0041_COMMON_WRITE,FAILURE_BEFORE_WRITE,33,32,ABORTING->UNRESOLVED_REGISTER_GATE->FATAL_RECOVERY_FAILURE,FATAL_RECOVERY_FAILURE,UNRESOLVED_COMMITTED_REGISTERS=0x00:0x00;0x00:0x22;0x00:0x30;0x00:0x34;0x00:0x93;0x00:0xA4;0x05:0x00;0x05:0x01;0x05:0x05;0x05:0x08;0x05:0x0E;0x05:0x11;0x05:0x23;0x05:0x2A;0x05:0x58;0x05:0x59;0x05:0xB8;0x05:0xC8;0x09:0x64;0x09:0x6A;0x09:0x6B;0x09:0x6C;0x09:0x80;0x09:0x81;0x0A:0x60;0x0A:0x61;0x0A:0x62;0x0A:0x63;0x0A:0x64;0x0A:0x65;0x0A:0x66;0x0A:0x74
282,41,MODE1_0041_COMMON_WRITE,NACK_DURING_WRITE,34,33,ABORTING->UNRESOLVED_REGISTER_GATE->FATAL_RECOVERY_FAILURE,FATAL_RECOVERY_FAILURE,UNRESOLVED_COMMITTED_REGISTERS=0x00:0x00;0x00:0x22;0x00:0x30;0x00:0x34;0x00:0x93;0x00:0xA4;0x05:0x00;0x05:0x01;0x05:0x05;0x05:0x08;0x05:0x0E;0x05:0x11;0x05:0x23;0x05:0x2A;0x05:0x58;0x05:0x59;0x05:0xB8;0x05:0xC8;0x09:0x64;0x09:0x6A;0x09:0x6B;0x09:0x6C;0x09:0x80;0x09:0x81;0x0A:0x60;0x0A:0x61;0x0A:0x62;0x0A:0x63;0x0A:0x64;0x0A:0x65;0x0A:0x66;0x0A:0x67;0x0A:0x74
283,41,MODE1_0041_COMMON_WRITE,TIMEOUT_DURING_WRITE,34,33,ABORTING->UNRESOLVED_REGISTER_GATE->FATAL_RECOVERY_FAILURE,FATAL_RECOVERY_FAILURE,UNRESOLVED_COMMITTED_REGISTERS=0x00:0x00;0x00:0x22;0x00:0x30;0x00:0x34;0x00:0x93;0x00:0xA4;0x05:0x00;0x05:0x01;0x05:0x05;0x05:0x08;0x05:0x0E;0x05:0x11;0x05:0x23;0x05:0x2A;0x05:0x58;0x05:0x59;0x05:0xB8;0x05:0xC8;0x09:0x64;0x09:0x6A;0x09:0x6B;0x09:0x6C;0x09:0x80;0x09:0x81;0x0A:0x60;0x0A:0x61;0x0A:0x62;0x0A:0x63;0x0A:0x64;0x0A:0x65;0x0A:0x66;0x0A:0x67;0x0A:0x74
284,41,MODE1_0041_COMMON_WRITE,READBACK_MISMATCH,34,33,ABORTING->UNRESOLVED_REGISTER_GATE->FATAL_RECOVERY_FAILURE,FATAL_RECOVERY_FAILURE,UNRESOLVED_COMMITTED_REGISTERS=0x00:0x00;0x00:0x22;0x00:0x30;0x00:0x34;0x00:0x93;0x00:0xA4;0x05:0x00;0x05:0x01;0x05:0x05;0x05:0x08;0x05:0x0E;0x05:0x11;0x05:0x23;0x05:0x2A;0x05:0x58;0x05:0x59;0x05:0xB8;0x05:0xC8;0x09:0x64;0x09:0x6A;0x09:0x6B;0x09:0x6C;0x09:0x80;0x09:0x81;0x0A:0x60;0x0A:0x61;0x0A:0x62;0x0A:0x63;0x0A:0x64;0x0A:0x65;0x0A:0x66;0x0A:0x67;0x0A:0x74
285,41,MODE1_0041_COMMON_WRITE,RESET_BETWEEN_OPERATIONS,34,33,ABORTING->PRODUCT_RECONSTRUCTION_GAP->FATAL_RECOVERY_FAILURE,FATAL_RECOVERY_FAILURE,CALLABLE_RESET_AUTOINIT_OR_PERSISTENT_RECOVERY_CONTEXT_NOT_PROVEN
286,41,MODE1_0041_COMMON_WRITE,HOST_ABORT,34,33,ABORTING->UNRESOLVED_REGISTER_GATE->FATAL_RECOVERY_FAILURE,FATAL_RECOVERY_FAILURE,UNRESOLVED_COMMITTED_REGISTERS=0x00:0x00;0x00:0x22;0x00:0x30;0x00:0x34;0x00:0x93;0x00:0xA4;0x05:0x00;0x05:0x01;0x05:0x05;0x05:0x08;0x05:0x0E;0x05:0x11;0x05:0x23;0x05:0x2A;0x05:0x58;0x05:0x59;0x05:0xB8;0x05:0xC8;0x09:0x64;0x09:0x6A;0x09:0x6B;0x09:0x6C;0x09:0x80;0x09:0x81;0x0A:0x60;0x0A:0x61;0x0A:0x62;0x0A:0x63;0x0A:0x64;0x0A:0x65;0x0A:0x66;0x0A:0x67;0x0A:0x74
287,41,MODE1_0041_COMMON_WRITE,MMIO_RESET,34,33,ABORTING->PRODUCT_RECONSTRUCTION_GAP->FATAL_RECOVERY_FAILURE,FATAL_RECOVERY_FAILURE,CALLABLE_RESET_AUTOINIT_OR_PERSISTENT_RECOVERY_CONTEXT_NOT_PROVEN
288,42,MODE1_0042_COMMON_WRITE,FAILURE_BEFORE_WRITE,34,33,ABORTING->UNRESOLVED_REGISTER_GATE->FATAL_RECOVERY_FAILURE,FATAL_RECOVERY_FAILURE,UNRESOLVED_COMMITTED_REGISTERS=0x00:0x00;0x00:0x22;0x00:0x30;0x00:0x34;0x00:0x93;0x00:0xA4;0x05:0x00;0x05:0x01;0x05:0x05;0x05:0x08;0x05:0x0E;0x05:0x11;0x05:0x23;0x05:0x2A;0x05:0x58;0x05:0x59;0x05:0xB8;0x05:0xC8;0x09:0x64;0x09:0x6A;0x09:0x6B;0x09:0x6C;0x09:0x80;0x09:0x81;0x0A:0x60;0x0A:0x61;0x0A:0x62;0x0A:0x63;0x0A:0x64;0x0A:0x65;0x0A:0x66;0x0A:0x67;0x0A:0x74
289,42,MODE1_0042_COMMON_WRITE,NACK_DURING_WRITE,35,34,ABORTING->UNRESOLVED_REGISTER_GATE->FATAL_RECOVERY_FAILURE,FATAL_RECOVERY_FAILURE,UNRESOLVED_COMMITTED_REGISTERS=0x00:0x00;0x00:0x22;0x00:0x30;0x00:0x34;0x00:0x93;0x00:0xA4;0x05:0x00;0x05:0x01;0x05:0x05;0x05:0x08;0x05:0x0E;0x05:0x11;0x05:0x23;0x05:0x2A;0x05:0x58;0x05:0x59;0x05:0xB8;0x05:0xC8;0x09:0x64;0x09:0x6A;0x09:0x6B;0x09:0x6C;0x09:0x80;0x09:0x81;0x0A:0x60;0x0A:0x61;0x0A:0x62;0x0A:0x63;0x0A:0x64;0x0A:0x65;0x0A:0x66;0x0A:0x67;0x0A:0x68;0x0A:0x74
290,42,MODE1_0042_COMMON_WRITE,TIMEOUT_DURING_WRITE,35,34,ABORTING->UNRESOLVED_REGISTER_GATE->FATAL_RECOVERY_FAILURE,FATAL_RECOVERY_FAILURE,UNRESOLVED_COMMITTED_REGISTERS=0x00:0x00;0x00:0x22;0x00:0x30;0x00:0x34;0x00:0x93;0x00:0xA4;0x05:0x00;0x05:0x01;0x05:0x05;0x05:0x08;0x05:0x0E;0x05:0x11;0x05:0x23;0x05:0x2A;0x05:0x58;0x05:0x59;0x05:0xB8;0x05:0xC8;0x09:0x64;0x09:0x6A;0x09:0x6B;0x09:0x6C;0x09:0x80;0x09:0x81;0x0A:0x60;0x0A:0x61;0x0A:0x62;0x0A:0x63;0x0A:0x64;0x0A:0x65;0x0A:0x66;0x0A:0x67;0x0A:0x68;0x0A:0x74
291,42,MODE1_0042_COMMON_WRITE,READBACK_MISMATCH,35,34,ABORTING->UNRESOLVED_REGISTER_GATE->FATAL_RECOVERY_FAILURE,FATAL_RECOVERY_FAILURE,UNRESOLVED_COMMITTED_REGISTERS=0x00:0x00;0x00:0x22;0x00:0x30;0x00:0x34;0x00:0x93;0x00:0xA4;0x05:0x00;0x05:0x01;0x05:0x05;0x05:0x08;0x05:0x0E;0x05:0x11;0x05:0x23;0x05:0x2A;0x05:0x58;0x05:0x59;0x05:0xB8;0x05:0xC8;0x09:0x64;0x09:0x6A;0x09:0x6B;0x09:0x6C;0x09:0x80;0x09:0x81;0x0A:0x60;0x0A:0x61;0x0A:0x62;0x0A:0x63;0x0A:0x64;0x0A:0x65;0x0A:0x66;0x0A:0x67;0x0A:0x68;0x0A:0x74
292,42,MODE1_0042_COMMON_WRITE,RESET_BETWEEN_OPERATIONS,35,34,ABORTING->PRODUCT_RECONSTRUCTION_GAP->FATAL_RECOVERY_FAILURE,FATAL_RECOVERY_FAILURE,CALLABLE_RESET_AUTOINIT_OR_PERSISTENT_RECOVERY_CONTEXT_NOT_PROVEN
293,42,MODE1_0042_COMMON_WRITE,HOST_ABORT,35,34,ABORTING->UNRESOLVED_REGISTER_GATE->FATAL_RECOVERY_FAILURE,FATAL_RECOVERY_FAILURE,UNRESOLVED_COMMITTED_REGISTERS=0x00:0x00;0x00:0x22;0x00:0x30;0x00:0x34;0x00:0x93;0x00:0xA4;0x05:0x00;0x05:0x01;0x05:0x05;0x05:0x08;0x05:0x0E;0x05:0x11;0x05:0x23;0x05:0x2A;0x05:0x58;0x05:0x59;0x05:0xB8;0x05:0xC8;0x09:0x64;0x09:0x6A;0x09:0x6B;0x09:0x6C;0x09:0x80;0x09:0x81;0x0A:0x60;0x0A:0x61;0x0A:0x62;0x0A:0x63;0x0A:0x64;0x0A:0x65;0x0A:0x66;0x0A:0x67;0x0A:0x68;0x0A:0x74
294,42,MODE1_0042_COMMON_WRITE,MMIO_RESET,35,34,ABORTING->PRODUCT_RECONSTRUCTION_GAP->FATAL_RECOVERY_FAILURE,FATAL_RECOVERY_FAILURE,CALLABLE_RESET_AUTOINIT_OR_PERSISTENT_RECOVERY_CONTEXT_NOT_PROVEN
295,43,MODE1_0043_COMMON_WRITE,FAILURE_BEFORE_WRITE,35,34,ABORTING->UNRESOLVED_REGISTER_GATE->FATAL_RECOVERY_FAILURE,FATAL_RECOVERY_FAILURE,UNRESOLVED_COMMITTED_REGISTERS=0x00:0x00;0x00:0x22;0x00:0x30;0x00:0x34;0x00:0x93;0x00:0xA4;0x05:0x00;0x05:0x01;0x05:0x05;0x05:0x08;0x05:0x0E;0x05:0x11;0x05:0x23;0x05:0x2A;0x05:0x58;0x05:0x59;0x05:0xB8;0x05:0xC8;0x09:0x64;0x09:0x6A;0x09:0x6B;0x09:0x6C;0x09:0x80;0x09:0x81;0x0A:0x60;0x0A:0x61;0x0A:0x62;0x0A:0x63;0x0A:0x64;0x0A:0x65;0x0A:0x66;0x0A:0x67;0x0A:0x68;0x0A:0x74
296,43,MODE1_0043_COMMON_WRITE,NACK_DURING_WRITE,36,35,ABORTING->UNRESOLVED_REGISTER_GATE->FATAL_RECOVERY_FAILURE,FATAL_RECOVERY_FAILURE,UNRESOLVED_COMMITTED_REGISTERS=0x00:0x00;0x00:0x22;0x00:0x30;0x00:0x34;0x00:0x93;0x00:0xA4;0x05:0x00;0x05:0x01;0x05:0x05;0x05:0x08;0x05:0x0E;0x05:0x11;0x05:0x23;0x05:0x2A;0x05:0x58;0x05:0x59;0x05:0xB8;0x05:0xC8;0x09:0x64;0x09:0x6A;0x09:0x6B;0x09:0x6C;0x09:0x80;0x09:0x81;0x0A:0x60;0x0A:0x61;0x0A:0x62;0x0A:0x63;0x0A:0x64;0x0A:0x65;0x0A:0x66;0x0A:0x67;0x0A:0x68;0x0A:0x69;0x0A:0x74
297,43,MODE1_0043_COMMON_WRITE,TIMEOUT_DURING_WRITE,36,35,ABORTING->UNRESOLVED_REGISTER_GATE->FATAL_RECOVERY_FAILURE,FATAL_RECOVERY_FAILURE,UNRESOLVED_COMMITTED_REGISTERS=0x00:0x00;0x00:0x22;0x00:0x30;0x00:0x34;0x00:0x93;0x00:0xA4;0x05:0x00;0x05:0x01;0x05:0x05;0x05:0x08;0x05:0x0E;0x05:0x11;0x05:0x23;0x05:0x2A;0x05:0x58;0x05:0x59;0x05:0xB8;0x05:0xC8;0x09:0x64;0x09:0x6A;0x09:0x6B;0x09:0x6C;0x09:0x80;0x09:0x81;0x0A:0x60;0x0A:0x61;0x0A:0x62;0x0A:0x63;0x0A:0x64;0x0A:0x65;0x0A:0x66;0x0A:0x67;0x0A:0x68;0x0A:0x69;0x0A:0x74
298,43,MODE1_0043_COMMON_WRITE,READBACK_MISMATCH,36,35,ABORTING->UNRESOLVED_REGISTER_GATE->FATAL_RECOVERY_FAILURE,FATAL_RECOVERY_FAILURE,UNRESOLVED_COMMITTED_REGISTERS=0x00:0x00;0x00:0x22;0x00:0x30;0x00:0x34;0x00:0x93;0x00:0xA4;0x05:0x00;0x05:0x01;0x05:0x05;0x05:0x08;0x05:0x0E;0x05:0x11;0x05:0x23;0x05:0x2A;0x05:0x58;0x05:0x59;0x05:0xB8;0x05:0xC8;0x09:0x64;0x09:0x6A;0x09:0x6B;0x09:0x6C;0x09:0x80;0x09:0x81;0x0A:0x60;0x0A:0x61;0x0A:0x62;0x0A:0x63;0x0A:0x64;0x0A:0x65;0x0A:0x66;0x0A:0x67;0x0A:0x68;0x0A:0x69;0x0A:0x74
299,43,MODE1_0043_COMMON_WRITE,RESET_BETWEEN_OPERATIONS,36,35,ABORTING->PRODUCT_RECONSTRUCTION_GAP->FATAL_RECOVERY_FAILURE,FATAL_RECOVERY_FAILURE,CALLABLE_RESET_AUTOINIT_OR_PERSISTENT_RECOVERY_CONTEXT_NOT_PROVEN
300,43,MODE1_0043_COMMON_WRITE,HOST_ABORT,36,35,ABORTING->UNRESOLVED_REGISTER_GATE->FATAL_RECOVERY_FAILURE,FATAL_RECOVERY_FAILURE,UNRESOLVED_COMMITTED_REGISTERS=0x00:0x00;0x00:0x22;0x00:0x30;0x00:0x34;0x00:0x93;0x00:0xA4;0x05:0x00;0x05:0x01;0x05:0x05;0x05:0x08;0x05:0x0E;0x05:0x11;0x05:0x23;0x05:0x2A;0x05:0x58;0x05:0x59;0x05:0xB8;0x05:0xC8;0x09:0x64;0x09:0x6A;0x09:0x6B;0x09:0x6C;0x09:0x80;0x09:0x81;0x0A:0x60;0x0A:0x61;0x0A:0x62;0x0A:0x63;0x0A:0x64;0x0A:0x65;0x0A:0x66;0x0A:0x67;0x0A:0x68;0x0A:0x69;0x0A:0x74
301,43,MODE1_0043_COMMON_WRITE,MMIO_RESET,36,35,ABORTING->PRODUCT_RECONSTRUCTION_GAP->FATAL_RECOVERY_FAILURE,FATAL_RECOVERY_FAILURE,CALLABLE_RESET_AUTOINIT_OR_PERSISTENT_RECOVERY_CONTEXT_NOT_PROVEN
302,44,MODE1_0044_COMMON_WRITE,FAILURE_BEFORE_WRITE,36,35,ABORTING->UNRESOLVED_REGISTER_GATE->FATAL_RECOVERY_FAILURE,FATAL_RECOVERY_FAILURE,UNRESOLVED_COMMITTED_REGISTERS=0x00:0x00;0x00:0x22;0x00:0x30;0x00:0x34;0x00:0x93;0x00:0xA4;0x05:0x00;0x05:0x01;0x05:0x05;0x05:0x08;0x05:0x0E;0x05:0x11;0x05:0x23;0x05:0x2A;0x05:0x58;0x05:0x59;0x05:0xB8;0x05:0xC8;0x09:0x64;0x09:0x6A;0x09:0x6B;0x09:0x6C;0x09:0x80;0x09:0x81;0x0A:0x60;0x0A:0x61;0x0A:0x62;0x0A:0x63;0x0A:0x64;0x0A:0x65;0x0A:0x66;0x0A:0x67;0x0A:0x68;0x0A:0x69;0x0A:0x74
303,44,MODE1_0044_COMMON_WRITE,NACK_DURING_WRITE,37,36,ABORTING->UNRESOLVED_REGISTER_GATE->FATAL_RECOVERY_FAILURE,FATAL_RECOVERY_FAILURE,UNRESOLVED_COMMITTED_REGISTERS=0x00:0x00;0x00:0x22;0x00:0x30;0x00:0x34;0x00:0x93;0x00:0xA4;0x05:0x00;0x05:0x01;0x05:0x05;0x05:0x08;0x05:0x0E;0x05:0x11;0x05:0x23;0x05:0x2A;0x05:0x58;0x05:0x59;0x05:0xB8;0x05:0xC8;0x09:0x64;0x09:0x6A;0x09:0x6B;0x09:0x6C;0x09:0x80;0x09:0x81;0x0A:0x60;0x0A:0x61;0x0A:0x62;0x0A:0x63;0x0A:0x64;0x0A:0x65;0x0A:0x66;0x0A:0x67;0x0A:0x68;0x0A:0x69;0x0A:0x6A;0x0A:0x74
304,44,MODE1_0044_COMMON_WRITE,TIMEOUT_DURING_WRITE,37,36,ABORTING->UNRESOLVED_REGISTER_GATE->FATAL_RECOVERY_FAILURE,FATAL_RECOVERY_FAILURE,UNRESOLVED_COMMITTED_REGISTERS=0x00:0x00;0x00:0x22;0x00:0x30;0x00:0x34;0x00:0x93;0x00:0xA4;0x05:0x00;0x05:0x01;0x05:0x05;0x05:0x08;0x05:0x0E;0x05:0x11;0x05:0x23;0x05:0x2A;0x05:0x58;0x05:0x59;0x05:0xB8;0x05:0xC8;0x09:0x64;0x09:0x6A;0x09:0x6B;0x09:0x6C;0x09:0x80;0x09:0x81;0x0A:0x60;0x0A:0x61;0x0A:0x62;0x0A:0x63;0x0A:0x64;0x0A:0x65;0x0A:0x66;0x0A:0x67;0x0A:0x68;0x0A:0x69;0x0A:0x6A;0x0A:0x74
305,44,MODE1_0044_COMMON_WRITE,READBACK_MISMATCH,37,36,ABORTING->UNRESOLVED_REGISTER_GATE->FATAL_RECOVERY_FAILURE,FATAL_RECOVERY_FAILURE,UNRESOLVED_COMMITTED_REGISTERS=0x00:0x00;0x00:0x22;0x00:0x30;0x00:0x34;0x00:0x93;0x00:0xA4;0x05:0x00;0x05:0x01;0x05:0x05;0x05:0x08;0x05:0x0E;0x05:0x11;0x05:0x23;0x05:0x2A;0x05:0x58;0x05:0x59;0x05:0xB8;0x05:0xC8;0x09:0x64;0x09:0x6A;0x09:0x6B;0x09:0x6C;0x09:0x80;0x09:0x81;0x0A:0x60;0x0A:0x61;0x0A:0x62;0x0A:0x63;0x0A:0x64;0x0A:0x65;0x0A:0x66;0x0A:0x67;0x0A:0x68;0x0A:0x69;0x0A:0x6A;0x0A:0x74
306,44,MODE1_0044_COMMON_WRITE,RESET_BETWEEN_OPERATIONS,37,36,ABORTING->PRODUCT_RECONSTRUCTION_GAP->FATAL_RECOVERY_FAILURE,FATAL_RECOVERY_FAILURE,CALLABLE_RESET_AUTOINIT_OR_PERSISTENT_RECOVERY_CONTEXT_NOT_PROVEN
307,44,MODE1_0044_COMMON_WRITE,HOST_ABORT,37,36,ABORTING->UNRESOLVED_REGISTER_GATE->FATAL_RECOVERY_FAILURE,FATAL_RECOVERY_FAILURE,UNRESOLVED_COMMITTED_REGISTERS=0x00:0x00;0x00:0x22;0x00:0x30;0x00:0x34;0x00:0x93;0x00:0xA4;0x05:0x00;0x05:0x01;0x05:0x05;0x05:0x08;0x05:0x0E;0x05:0x11;0x05:0x23;0x05:0x2A;0x05:0x58;0x05:0x59;0x05:0xB8;0x05:0xC8;0x09:0x64;0x09:0x6A;0x09:0x6B;0x09:0x6C;0x09:0x80;0x09:0x81;0x0A:0x60;0x0A:0x61;0x0A:0x62;0x0A:0x63;0x0A:0x64;0x0A:0x65;0x0A:0x66;0x0A:0x67;0x0A:0x68;0x0A:0x69;0x0A:0x6A;0x0A:0x74
308,44,MODE1_0044_COMMON_WRITE,MMIO_RESET,37,36,ABORTING->PRODUCT_RECONSTRUCTION_GAP->FATAL_RECOVERY_FAILURE,FATAL_RECOVERY_FAILURE,CALLABLE_RESET_AUTOINIT_OR_PERSISTENT_RECOVERY_CONTEXT_NOT_PROVEN
309,45,MODE1_0045_COMMON_WRITE,FAILURE_BEFORE_WRITE,37,36,ABORTING->UNRESOLVED_REGISTER_GATE->FATAL_RECOVERY_FAILURE,FATAL_RECOVERY_FAILURE,UNRESOLVED_COMMITTED_REGISTERS=0x00:0x00;0x00:0x22;0x00:0x30;0x00:0x34;0x00:0x93;0x00:0xA4;0x05:0x00;0x05:0x01;0x05:0x05;0x05:0x08;0x05:0x0E;0x05:0x11;0x05:0x23;0x05:0x2A;0x05:0x58;0x05:0x59;0x05:0xB8;0x05:0xC8;0x09:0x64;0x09:0x6A;0x09:0x6B;0x09:0x6C;0x09:0x80;0x09:0x81;0x0A:0x60;0x0A:0x61;0x0A:0x62;0x0A:0x63;0x0A:0x64;0x0A:0x65;0x0A:0x66;0x0A:0x67;0x0A:0x68;0x0A:0x69;0x0A:0x6A;0x0A:0x74
310,45,MODE1_0045_COMMON_WRITE,NACK_DURING_WRITE,38,37,ABORTING->UNRESOLVED_REGISTER_GATE->FATAL_RECOVERY_FAILURE,FATAL_RECOVERY_FAILURE,UNRESOLVED_COMMITTED_REGISTERS=0x00:0x00;0x00:0x22;0x00:0x30;0x00:0x34;0x00:0x93;0x00:0xA4;0x05:0x00;0x05:0x01;0x05:0x05;0x05:0x08;0x05:0x0E;0x05:0x11;0x05:0x23;0x05:0x2A;0x05:0x58;0x05:0x59;0x05:0xB8;0x05:0xC8;0x09:0x64;0x09:0x6A;0x09:0x6B;0x09:0x6C;0x09:0x80;0x09:0x81;0x0A:0x60;0x0A:0x61;0x0A:0x62;0x0A:0x63;0x0A:0x64;0x0A:0x65;0x0A:0x66;0x0A:0x67;0x0A:0x68;0x0A:0x69;0x0A:0x6A;0x0A:0x6B;0x0A:0x74
311,45,MODE1_0045_COMMON_WRITE,TIMEOUT_DURING_WRITE,38,37,ABORTING->UNRESOLVED_REGISTER_GATE->FATAL_RECOVERY_FAILURE,FATAL_RECOVERY_FAILURE,UNRESOLVED_COMMITTED_REGISTERS=0x00:0x00;0x00:0x22;0x00:0x30;0x00:0x34;0x00:0x93;0x00:0xA4;0x05:0x00;0x05:0x01;0x05:0x05;0x05:0x08;0x05:0x0E;0x05:0x11;0x05:0x23;0x05:0x2A;0x05:0x58;0x05:0x59;0x05:0xB8;0x05:0xC8;0x09:0x64;0x09:0x6A;0x09:0x6B;0x09:0x6C;0x09:0x80;0x09:0x81;0x0A:0x60;0x0A:0x61;0x0A:0x62;0x0A:0x63;0x0A:0x64;0x0A:0x65;0x0A:0x66;0x0A:0x67;0x0A:0x68;0x0A:0x69;0x0A:0x6A;0x0A:0x6B;0x0A:0x74
312,45,MODE1_0045_COMMON_WRITE,READBACK_MISMATCH,38,37,ABORTING->UNRESOLVED_REGISTER_GATE->FATAL_RECOVERY_FAILURE,FATAL_RECOVERY_FAILURE,UNRESOLVED_COMMITTED_REGISTERS=0x00:0x00;0x00:0x22;0x00:0x30;0x00:0x34;0x00:0x93;0x00:0xA4;0x05:0x00;0x05:0x01;0x05:0x05;0x05:0x08;0x05:0x0E;0x05:0x11;0x05:0x23;0x05:0x2A;0x05:0x58;0x05:0x59;0x05:0xB8;0x05:0xC8;0x09:0x64;0x09:0x6A;0x09:0x6B;0x09:0x6C;0x09:0x80;0x09:0x81;0x0A:0x60;0x0A:0x61;0x0A:0x62;0x0A:0x63;0x0A:0x64;0x0A:0x65;0x0A:0x66;0x0A:0x67;0x0A:0x68;0x0A:0x69;0x0A:0x6A;0x0A:0x6B;0x0A:0x74
313,45,MODE1_0045_COMMON_WRITE,RESET_BETWEEN_OPERATIONS,38,37,ABORTING->PRODUCT_RECONSTRUCTION_GAP->FATAL_RECOVERY_FAILURE,FATAL_RECOVERY_FAILURE,CALLABLE_RESET_AUTOINIT_OR_PERSISTENT_RECOVERY_CONTEXT_NOT_PROVEN
314,45,MODE1_0045_COMMON_WRITE,HOST_ABORT,38,37,ABORTING->UNRESOLVED_REGISTER_GATE->FATAL_RECOVERY_FAILURE,FATAL_RECOVERY_FAILURE,UNRESOLVED_COMMITTED_REGISTERS=0x00:0x00;0x00:0x22;0x00:0x30;0x00:0x34;0x00:0x93;0x00:0xA4;0x05:0x00;0x05:0x01;0x05:0x05;0x05:0x08;0x05:0x0E;0x05:0x11;0x05:0x23;0x05:0x2A;0x05:0x58;0x05:0x59;0x05:0xB8;0x05:0xC8;0x09:0x64;0x09:0x6A;0x09:0x6B;0x09:0x6C;0x09:0x80;0x09:0x81;0x0A:0x60;0x0A:0x61;0x0A:0x62;0x0A:0x63;0x0A:0x64;0x0A:0x65;0x0A:0x66;0x0A:0x67;0x0A:0x68;0x0A:0x69;0x0A:0x6A;0x0A:0x6B;0x0A:0x74
315,45,MODE1_0045_COMMON_WRITE,MMIO_RESET,38,37,ABORTING->PRODUCT_RECONSTRUCTION_GAP->FATAL_RECOVERY_FAILURE,FATAL_RECOVERY_FAILURE,CALLABLE_RESET_AUTOINIT_OR_PERSISTENT_RECOVERY_CONTEXT_NOT_PROVEN
316,46,MODE1_0046_COMMON_WRITE,FAILURE_BEFORE_WRITE,38,37,ABORTING->UNRESOLVED_REGISTER_GATE->FATAL_RECOVERY_FAILURE,FATAL_RECOVERY_FAILURE,UNRESOLVED_COMMITTED_REGISTERS=0x00:0x00;0x00:0x22;0x00:0x30;0x00:0x34;0x00:0x93;0x00:0xA4;0x05:0x00;0x05:0x01;0x05:0x05;0x05:0x08;0x05:0x0E;0x05:0x11;0x05:0x23;0x05:0x2A;0x05:0x58;0x05:0x59;0x05:0xB8;0x05:0xC8;0x09:0x64;0x09:0x6A;0x09:0x6B;0x09:0x6C;0x09:0x80;0x09:0x81;0x0A:0x60;0x0A:0x61;0x0A:0x62;0x0A:0x63;0x0A:0x64;0x0A:0x65;0x0A:0x66;0x0A:0x67;0x0A:0x68;0x0A:0x69;0x0A:0x6A;0x0A:0x6B;0x0A:0x74
317,46,MODE1_0046_COMMON_WRITE,NACK_DURING_WRITE,39,38,ABORTING->UNRESOLVED_REGISTER_GATE->FATAL_RECOVERY_FAILURE,FATAL_RECOVERY_FAILURE,UNRESOLVED_COMMITTED_REGISTERS=0x00:0x00;0x00:0x22;0x00:0x30;0x00:0x34;0x00:0x93;0x00:0xA4;0x05:0x00;0x05:0x01;0x05:0x05;0x05:0x08;0x05:0x0E;0x05:0x11;0x05:0x23;0x05:0x2A;0x05:0x58;0x05:0x59;0x05:0xB8;0x05:0xC8;0x09:0x64;0x09:0x6A;0x09:0x6B;0x09:0x6C;0x09:0x80;0x09:0x81;0x0A:0x60;0x0A:0x61;0x0A:0x62;0x0A:0x63;0x0A:0x64;0x0A:0x65;0x0A:0x66;0x0A:0x67;0x0A:0x68;0x0A:0x69;0x0A:0x6A;0x0A:0x6B;0x0A:0x6C;0x0A:0x74
318,46,MODE1_0046_COMMON_WRITE,TIMEOUT_DURING_WRITE,39,38,ABORTING->UNRESOLVED_REGISTER_GATE->FATAL_RECOVERY_FAILURE,FATAL_RECOVERY_FAILURE,UNRESOLVED_COMMITTED_REGISTERS=0x00:0x00;0x00:0x22;0x00:0x30;0x00:0x34;0x00:0x93;0x00:0xA4;0x05:0x00;0x05:0x01;0x05:0x05;0x05:0x08;0x05:0x0E;0x05:0x11;0x05:0x23;0x05:0x2A;0x05:0x58;0x05:0x59;0x05:0xB8;0x05:0xC8;0x09:0x64;0x09:0x6A;0x09:0x6B;0x09:0x6C;0x09:0x80;0x09:0x81;0x0A:0x60;0x0A:0x61;0x0A:0x62;0x0A:0x63;0x0A:0x64;0x0A:0x65;0x0A:0x66;0x0A:0x67;0x0A:0x68;0x0A:0x69;0x0A:0x6A;0x0A:0x6B;0x0A:0x6C;0x0A:0x74
319,46,MODE1_0046_COMMON_WRITE,READBACK_MISMATCH,39,38,ABORTING->UNRESOLVED_REGISTER_GATE->FATAL_RECOVERY_FAILURE,FATAL_RECOVERY_FAILURE,UNRESOLVED_COMMITTED_REGISTERS=0x00:0x00;0x00:0x22;0x00:0x30;0x00:0x34;0x00:0x93;0x00:0xA4;0x05:0x00;0x05:0x01;0x05:0x05;0x05:0x08;0x05:0x0E;0x05:0x11;0x05:0x23;0x05:0x2A;0x05:0x58;0x05:0x59;0x05:0xB8;0x05:0xC8;0x09:0x64;0x09:0x6A;0x09:0x6B;0x09:0x6C;0x09:0x80;0x09:0x81;0x0A:0x60;0x0A:0x61;0x0A:0x62;0x0A:0x63;0x0A:0x64;0x0A:0x65;0x0A:0x66;0x0A:0x67;0x0A:0x68;0x0A:0x69;0x0A:0x6A;0x0A:0x6B;0x0A:0x6C;0x0A:0x74
320,46,MODE1_0046_COMMON_WRITE,RESET_BETWEEN_OPERATIONS,39,38,ABORTING->PRODUCT_RECONSTRUCTION_GAP->FATAL_RECOVERY_FAILURE,FATAL_RECOVERY_FAILURE,CALLABLE_RESET_AUTOINIT_OR_PERSISTENT_RECOVERY_CONTEXT_NOT_PROVEN
321,46,MODE1_0046_COMMON_WRITE,HOST_ABORT,39,38,ABORTING->UNRESOLVED_REGISTER_GATE->FATAL_RECOVERY_FAILURE,FATAL_RECOVERY_FAILURE,UNRESOLVED_COMMITTED_REGISTERS=0x00:0x00;0x00:0x22;0x00:0x30;0x00:0x34;0x00:0x93;0x00:0xA4;0x05:0x00;0x05:0x01;0x05:0x05;0x05:0x08;0x05:0x0E;0x05:0x11;0x05:0x23;0x05:0x2A;0x05:0x58;0x05:0x59;0x05:0xB8;0x05:0xC8;0x09:0x64;0x09:0x6A;0x09:0x6B;0x09:0x6C;0x09:0x80;0x09:0x81;0x0A:0x60;0x0A:0x61;0x0A:0x62;0x0A:0x63;0x0A:0x64;0x0A:0x65;0x0A:0x66;0x0A:0x67;0x0A:0x68;0x0A:0x69;0x0A:0x6A;0x0A:0x6B;0x0A:0x6C;0x0A:0x74
322,46,MODE1_0046_COMMON_WRITE,MMIO_RESET,39,38,ABORTING->PRODUCT_RECONSTRUCTION_GAP->FATAL_RECOVERY_FAILURE,FATAL_RECOVERY_FAILURE,CALLABLE_RESET_AUTOINIT_OR_PERSISTENT_RECOVERY_CONTEXT_NOT_PROVEN
323,47,MODE1_0047_COMMON_WRITE,FAILURE_BEFORE_WRITE,39,38,ABORTING->UNRESOLVED_REGISTER_GATE->FATAL_RECOVERY_FAILURE,FATAL_RECOVERY_FAILURE,UNRESOLVED_COMMITTED_REGISTERS=0x00:0x00;0x00:0x22;0x00:0x30;0x00:0x34;0x00:0x93;0x00:0xA4;0x05:0x00;0x05:0x01;0x05:0x05;0x05:0x08;0x05:0x0E;0x05:0x11;0x05:0x23;0x05:0x2A;0x05:0x58;0x05:0x59;0x05:0xB8;0x05:0xC8;0x09:0x64;0x09:0x6A;0x09:0x6B;0x09:0x6C;0x09:0x80;0x09:0x81;0x0A:0x60;0x0A:0x61;0x0A:0x62;0x0A:0x63;0x0A:0x64;0x0A:0x65;0x0A:0x66;0x0A:0x67;0x0A:0x68;0x0A:0x69;0x0A:0x6A;0x0A:0x6B;0x0A:0x6C;0x0A:0x74
324,47,MODE1_0047_COMMON_WRITE,NACK_DURING_WRITE,40,39,ABORTING->UNRESOLVED_REGISTER_GATE->FATAL_RECOVERY_FAILURE,FATAL_RECOVERY_FAILURE,UNRESOLVED_COMMITTED_REGISTERS=0x00:0x00;0x00:0x22;0x00:0x30;0x00:0x34;0x00:0x93;0x00:0xA4;0x05:0x00;0x05:0x01;0x05:0x05;0x05:0x08;0x05:0x0E;0x05:0x11;0x05:0x23;0x05:0x2A;0x05:0x58;0x05:0x59;0x05:0xB8;0x05:0xC8;0x09:0x64;0x09:0x6A;0x09:0x6B;0x09:0x6C;0x09:0x80;0x09:0x81;0x0A:0x60;0x0A:0x61;0x0A:0x62;0x0A:0x63;0x0A:0x64;0x0A:0x65;0x0A:0x66;0x0A:0x67;0x0A:0x68;0x0A:0x69;0x0A:0x6A;0x0A:0x6B;0x0A:0x6C;0x0A:0x6D;0x0A:0x74
325,47,MODE1_0047_COMMON_WRITE,TIMEOUT_DURING_WRITE,40,39,ABORTING->UNRESOLVED_REGISTER_GATE->FATAL_RECOVERY_FAILURE,FATAL_RECOVERY_FAILURE,UNRESOLVED_COMMITTED_REGISTERS=0x00:0x00;0x00:0x22;0x00:0x30;0x00:0x34;0x00:0x93;0x00:0xA4;0x05:0x00;0x05:0x01;0x05:0x05;0x05:0x08;0x05:0x0E;0x05:0x11;0x05:0x23;0x05:0x2A;0x05:0x58;0x05:0x59;0x05:0xB8;0x05:0xC8;0x09:0x64;0x09:0x6A;0x09:0x6B;0x09:0x6C;0x09:0x80;0x09:0x81;0x0A:0x60;0x0A:0x61;0x0A:0x62;0x0A:0x63;0x0A:0x64;0x0A:0x65;0x0A:0x66;0x0A:0x67;0x0A:0x68;0x0A:0x69;0x0A:0x6A;0x0A:0x6B;0x0A:0x6C;0x0A:0x6D;0x0A:0x74
326,47,MODE1_0047_COMMON_WRITE,READBACK_MISMATCH,40,39,ABORTING->UNRESOLVED_REGISTER_GATE->FATAL_RECOVERY_FAILURE,FATAL_RECOVERY_FAILURE,UNRESOLVED_COMMITTED_REGISTERS=0x00:0x00;0x00:0x22;0x00:0x30;0x00:0x34;0x00:0x93;0x00:0xA4;0x05:0x00;0x05:0x01;0x05:0x05;0x05:0x08;0x05:0x0E;0x05:0x11;0x05:0x23;0x05:0x2A;0x05:0x58;0x05:0x59;0x05:0xB8;0x05:0xC8;0x09:0x64;0x09:0x6A;0x09:0x6B;0x09:0x6C;0x09:0x80;0x09:0x81;0x0A:0x60;0x0A:0x61;0x0A:0x62;0x0A:0x63;0x0A:0x64;0x0A:0x65;0x0A:0x66;0x0A:0x67;0x0A:0x68;0x0A:0x69;0x0A:0x6A;0x0A:0x6B;0x0A:0x6C;0x0A:0x6D;0x0A:0x74
327,47,MODE1_0047_COMMON_WRITE,RESET_BETWEEN_OPERATIONS,40,39,ABORTING->PRODUCT_RECONSTRUCTION_GAP->FATAL_RECOVERY_FAILURE,FATAL_RECOVERY_FAILURE,CALLABLE_RESET_AUTOINIT_OR_PERSISTENT_RECOVERY_CONTEXT_NOT_PROVEN
328,47,MODE1_0047_COMMON_WRITE,HOST_ABORT,40,39,ABORTING->UNRESOLVED_REGISTER_GATE->FATAL_RECOVERY_FAILURE,FATAL_RECOVERY_FAILURE,UNRESOLVED_COMMITTED_REGISTERS=0x00:0x00;0x00:0x22;0x00:0x30;0x00:0x34;0x00:0x93;0x00:0xA4;0x05:0x00;0x05:0x01;0x05:0x05;0x05:0x08;0x05:0x0E;0x05:0x11;0x05:0x23;0x05:0x2A;0x05:0x58;0x05:0x59;0x05:0xB8;0x05:0xC8;0x09:0x64;0x09:0x6A;0x09:0x6B;0x09:0x6C;0x09:0x80;0x09:0x81;0x0A:0x60;0x0A:0x61;0x0A:0x62;0x0A:0x63;0x0A:0x64;0x0A:0x65;0x0A:0x66;0x0A:0x67;0x0A:0x68;0x0A:0x69;0x0A:0x6A;0x0A:0x6B;0x0A:0x6C;0x0A:0x6D;0x0A:0x74
329,47,MODE1_0047_COMMON_WRITE,MMIO_RESET,40,39,ABORTING->PRODUCT_RECONSTRUCTION_GAP->FATAL_RECOVERY_FAILURE,FATAL_RECOVERY_FAILURE,CALLABLE_RESET_AUTOINIT_OR_PERSISTENT_RECOVERY_CONTEXT_NOT_PROVEN
330,48,MODE1_0048_COMMON_WRITE,FAILURE_BEFORE_WRITE,40,39,ABORTING->UNRESOLVED_REGISTER_GATE->FATAL_RECOVERY_FAILURE,FATAL_RECOVERY_FAILURE,UNRESOLVED_COMMITTED_REGISTERS=0x00:0x00;0x00:0x22;0x00:0x30;0x00:0x34;0x00:0x93;0x00:0xA4;0x05:0x00;0x05:0x01;0x05:0x05;0x05:0x08;0x05:0x0E;0x05:0x11;0x05:0x23;0x05:0x2A;0x05:0x58;0x05:0x59;0x05:0xB8;0x05:0xC8;0x09:0x64;0x09:0x6A;0x09:0x6B;0x09:0x6C;0x09:0x80;0x09:0x81;0x0A:0x60;0x0A:0x61;0x0A:0x62;0x0A:0x63;0x0A:0x64;0x0A:0x65;0x0A:0x66;0x0A:0x67;0x0A:0x68;0x0A:0x69;0x0A:0x6A;0x0A:0x6B;0x0A:0x6C;0x0A:0x6D;0x0A:0x74
331,48,MODE1_0048_COMMON_WRITE,NACK_DURING_WRITE,41,40,ABORTING->UNRESOLVED_REGISTER_GATE->FATAL_RECOVERY_FAILURE,FATAL_RECOVERY_FAILURE,UNRESOLVED_COMMITTED_REGISTERS=0x00:0x00;0x00:0x22;0x00:0x30;0x00:0x34;0x00:0x93;0x00:0xA4;0x05:0x00;0x05:0x01;0x05:0x05;0x05:0x08;0x05:0x0E;0x05:0x11;0x05:0x23;0x05:0x2A;0x05:0x58;0x05:0x59;0x05:0xB8;0x05:0xC8;0x09:0x64;0x09:0x6A;0x09:0x6B;0x09:0x6C;0x09:0x80;0x09:0x81;0x0A:0x60;0x0A:0x61;0x0A:0x62;0x0A:0x63;0x0A:0x64;0x0A:0x65;0x0A:0x66;0x0A:0x67;0x0A:0x68;0x0A:0x69;0x0A:0x6A;0x0A:0x6B;0x0A:0x6C;0x0A:0x6D;0x0A:0x6E;0x0A:0x74
332,48,MODE1_0048_COMMON_WRITE,TIMEOUT_DURING_WRITE,41,40,ABORTING->UNRESOLVED_REGISTER_GATE->FATAL_RECOVERY_FAILURE,FATAL_RECOVERY_FAILURE,UNRESOLVED_COMMITTED_REGISTERS=0x00:0x00;0x00:0x22;0x00:0x30;0x00:0x34;0x00:0x93;0x00:0xA4;0x05:0x00;0x05:0x01;0x05:0x05;0x05:0x08;0x05:0x0E;0x05:0x11;0x05:0x23;0x05:0x2A;0x05:0x58;0x05:0x59;0x05:0xB8;0x05:0xC8;0x09:0x64;0x09:0x6A;0x09:0x6B;0x09:0x6C;0x09:0x80;0x09:0x81;0x0A:0x60;0x0A:0x61;0x0A:0x62;0x0A:0x63;0x0A:0x64;0x0A:0x65;0x0A:0x66;0x0A:0x67;0x0A:0x68;0x0A:0x69;0x0A:0x6A;0x0A:0x6B;0x0A:0x6C;0x0A:0x6D;0x0A:0x6E;0x0A:0x74
333,48,MODE1_0048_COMMON_WRITE,READBACK_MISMATCH,41,40,ABORTING->UNRESOLVED_REGISTER_GATE->FATAL_RECOVERY_FAILURE,FATAL_RECOVERY_FAILURE,UNRESOLVED_COMMITTED_REGISTERS=0x00:0x00;0x00:0x22;0x00:0x30;0x00:0x34;0x00:0x93;0x00:0xA4;0x05:0x00;0x05:0x01;0x05:0x05;0x05:0x08;0x05:0x0E;0x05:0x11;0x05:0x23;0x05:0x2A;0x05:0x58;0x05:0x59;0x05:0xB8;0x05:0xC8;0x09:0x64;0x09:0x6A;0x09:0x6B;0x09:0x6C;0x09:0x80;0x09:0x81;0x0A:0x60;0x0A:0x61;0x0A:0x62;0x0A:0x63;0x0A:0x64;0x0A:0x65;0x0A:0x66;0x0A:0x67;0x0A:0x68;0x0A:0x69;0x0A:0x6A;0x0A:0x6B;0x0A:0x6C;0x0A:0x6D;0x0A:0x6E;0x0A:0x74
334,48,MODE1_0048_COMMON_WRITE,RESET_BETWEEN_OPERATIONS,41,40,ABORTING->PRODUCT_RECONSTRUCTION_GAP->FATAL_RECOVERY_FAILURE,FATAL_RECOVERY_FAILURE,CALLABLE_RESET_AUTOINIT_OR_PERSISTENT_RECOVERY_CONTEXT_NOT_PROVEN
335,48,MODE1_0048_COMMON_WRITE,HOST_ABORT,41,40,ABORTING->UNRESOLVED_REGISTER_GATE->FATAL_RECOVERY_FAILURE,FATAL_RECOVERY_FAILURE,UNRESOLVED_COMMITTED_REGISTERS=0x00:0x00;0x00:0x22;0x00:0x30;0x00:0x34;0x00:0x93;0x00:0xA4;0x05:0x00;0x05:0x01;0x05:0x05;0x05:0x08;0x05:0x0E;0x05:0x11;0x05:0x23;0x05:0x2A;0x05:0x58;0x05:0x59;0x05:0xB8;0x05:0xC8;0x09:0x64;0x09:0x6A;0x09:0x6B;0x09:0x6C;0x09:0x80;0x09:0x81;0x0A:0x60;0x0A:0x61;0x0A:0x62;0x0A:0x63;0x0A:0x64;0x0A:0x65;0x0A:0x66;0x0A:0x67;0x0A:0x68;0x0A:0x69;0x0A:0x6A;0x0A:0x6B;0x0A:0x6C;0x0A:0x6D;0x0A:0x6E;0x0A:0x74
336,48,MODE1_0048_COMMON_WRITE,MMIO_RESET,41,40,ABORTING->PRODUCT_RECONSTRUCTION_GAP->FATAL_RECOVERY_FAILURE,FATAL_RECOVERY_FAILURE,CALLABLE_RESET_AUTOINIT_OR_PERSISTENT_RECOVERY_CONTEXT_NOT_PROVEN
337,49,MODE1_0049_COMMON_WRITE,FAILURE_BEFORE_WRITE,41,40,ABORTING->UNRESOLVED_REGISTER_GATE->FATAL_RECOVERY_FAILURE,FATAL_RECOVERY_FAILURE,UNRESOLVED_COMMITTED_REGISTERS=0x00:0x00;0x00:0x22;0x00:0x30;0x00:0x34;0x00:0x93;0x00:0xA4;0x05:0x00;0x05:0x01;0x05:0x05;0x05:0x08;0x05:0x0E;0x05:0x11;0x05:0x23;0x05:0x2A;0x05:0x58;0x05:0x59;0x05:0xB8;0x05:0xC8;0x09:0x64;0x09:0x6A;0x09:0x6B;0x09:0x6C;0x09:0x80;0x09:0x81;0x0A:0x60;0x0A:0x61;0x0A:0x62;0x0A:0x63;0x0A:0x64;0x0A:0x65;0x0A:0x66;0x0A:0x67;0x0A:0x68;0x0A:0x69;0x0A:0x6A;0x0A:0x6B;0x0A:0x6C;0x0A:0x6D;0x0A:0x6E;0x0A:0x74
338,49,MODE1_0049_COMMON_WRITE,NACK_DURING_WRITE,42,41,ABORTING->UNRESOLVED_REGISTER_GATE->FATAL_RECOVERY_FAILURE,FATAL_RECOVERY_FAILURE,UNRESOLVED_COMMITTED_REGISTERS=0x00:0x00;0x00:0x22;0x00:0x30;0x00:0x34;0x00:0x93;0x00:0xA4;0x05:0x00;0x05:0x01;0x05:0x05;0x05:0x08;0x05:0x0E;0x05:0x11;0x05:0x23;0x05:0x2A;0x05:0x58;0x05:0x59;0x05:0xB8;0x05:0xC8;0x09:0x64;0x09:0x6A;0x09:0x6B;0x09:0x6C;0x09:0x80;0x09:0x81;0x0A:0x60;0x0A:0x61;0x0A:0x62;0x0A:0x63;0x0A:0x64;0x0A:0x65;0x0A:0x66;0x0A:0x67;0x0A:0x68;0x0A:0x69;0x0A:0x6A;0x0A:0x6B;0x0A:0x6C;0x0A:0x6D;0x0A:0x6E;0x0A:0x6F;0x0A:0x74
339,49,MODE1_0049_COMMON_WRITE,TIMEOUT_DURING_WRITE,42,41,ABORTING->UNRESOLVED_REGISTER_GATE->FATAL_RECOVERY_FAILURE,FATAL_RECOVERY_FAILURE,UNRESOLVED_COMMITTED_REGISTERS=0x00:0x00;0x00:0x22;0x00:0x30;0x00:0x34;0x00:0x93;0x00:0xA4;0x05:0x00;0x05:0x01;0x05:0x05;0x05:0x08;0x05:0x0E;0x05:0x11;0x05:0x23;0x05:0x2A;0x05:0x58;0x05:0x59;0x05:0xB8;0x05:0xC8;0x09:0x64;0x09:0x6A;0x09:0x6B;0x09:0x6C;0x09:0x80;0x09:0x81;0x0A:0x60;0x0A:0x61;0x0A:0x62;0x0A:0x63;0x0A:0x64;0x0A:0x65;0x0A:0x66;0x0A:0x67;0x0A:0x68;0x0A:0x69;0x0A:0x6A;0x0A:0x6B;0x0A:0x6C;0x0A:0x6D;0x0A:0x6E;0x0A:0x6F;0x0A:0x74
340,49,MODE1_0049_COMMON_WRITE,READBACK_MISMATCH,42,41,ABORTING->UNRESOLVED_REGISTER_GATE->FATAL_RECOVERY_FAILURE,FATAL_RECOVERY_FAILURE,UNRESOLVED_COMMITTED_REGISTERS=0x00:0x00;0x00:0x22;0x00:0x30;0x00:0x34;0x00:0x93;0x00:0xA4;0x05:0x00;0x05:0x01;0x05:0x05;0x05:0x08;0x05:0x0E;0x05:0x11;0x05:0x23;0x05:0x2A;0x05:0x58;0x05:0x59;0x05:0xB8;0x05:0xC8;0x09:0x64;0x09:0x6A;0x09:0x6B;0x09:0x6C;0x09:0x80;0x09:0x81;0x0A:0x60;0x0A:0x61;0x0A:0x62;0x0A:0x63;0x0A:0x64;0x0A:0x65;0x0A:0x66;0x0A:0x67;0x0A:0x68;0x0A:0x69;0x0A:0x6A;0x0A:0x6B;0x0A:0x6C;0x0A:0x6D;0x0A:0x6E;0x0A:0x6F;0x0A:0x74
341,49,MODE1_0049_COMMON_WRITE,RESET_BETWEEN_OPERATIONS,42,41,ABORTING->PRODUCT_RECONSTRUCTION_GAP->FATAL_RECOVERY_FAILURE,FATAL_RECOVERY_FAILURE,CALLABLE_RESET_AUTOINIT_OR_PERSISTENT_RECOVERY_CONTEXT_NOT_PROVEN
342,49,MODE1_0049_COMMON_WRITE,HOST_ABORT,42,41,ABORTING->UNRESOLVED_REGISTER_GATE->FATAL_RECOVERY_FAILURE,FATAL_RECOVERY_FAILURE,UNRESOLVED_COMMITTED_REGISTERS=0x00:0x00;0x00:0x22;0x00:0x30;0x00:0x34;0x00:0x93;0x00:0xA4;0x05:0x00;0x05:0x01;0x05:0x05;0x05:0x08;0x05:0x0E;0x05:0x11;0x05:0x23;0x05:0x2A;0x05:0x58;0x05:0x59;0x05:0xB8;0x05:0xC8;0x09:0x64;0x09:0x6A;0x09:0x6B;0x09:0x6C;0x09:0x80;0x09:0x81;0x0A:0x60;0x0A:0x61;0x0A:0x62;0x0A:0x63;0x0A:0x64;0x0A:0x65;0x0A:0x66;0x0A:0x67;0x0A:0x68;0x0A:0x69;0x0A:0x6A;0x0A:0x6B;0x0A:0x6C;0x0A:0x6D;0x0A:0x6E;0x0A:0x6F;0x0A:0x74
343,49,MODE1_0049_COMMON_WRITE,MMIO_RESET,42,41,ABORTING->PRODUCT_RECONSTRUCTION_GAP->FATAL_RECOVERY_FAILURE,FATAL_RECOVERY_FAILURE,CALLABLE_RESET_AUTOINIT_OR_PERSISTENT_RECOVERY_CONTEXT_NOT_PROVEN
344,50,MODE1_0050_COMMON_WRITE,FAILURE_BEFORE_WRITE,42,41,ABORTING->UNRESOLVED_REGISTER_GATE->FATAL_RECOVERY_FAILURE,FATAL_RECOVERY_FAILURE,UNRESOLVED_COMMITTED_REGISTERS=0x00:0x00;0x00:0x22;0x00:0x30;0x00:0x34;0x00:0x93;0x00:0xA4;0x05:0x00;0x05:0x01;0x05:0x05;0x05:0x08;0x05:0x0E;0x05:0x11;0x05:0x23;0x05:0x2A;0x05:0x58;0x05:0x59;0x05:0xB8;0x05:0xC8;0x09:0x64;0x09:0x6A;0x09:0x6B;0x09:0x6C;0x09:0x80;0x09:0x81;0x0A:0x60;0x0A:0x61;0x0A:0x62;0x0A:0x63;0x0A:0x64;0x0A:0x65;0x0A:0x66;0x0A:0x67;0x0A:0x68;0x0A:0x69;0x0A:0x6A;0x0A:0x6B;0x0A:0x6C;0x0A:0x6D;0x0A:0x6E;0x0A:0x6F;0x0A:0x74
345,50,MODE1_0050_COMMON_WRITE,NACK_DURING_WRITE,43,42,ABORTING->UNRESOLVED_REGISTER_GATE->FATAL_RECOVERY_FAILURE,FATAL_RECOVERY_FAILURE,UNRESOLVED_COMMITTED_REGISTERS=0x00:0x00;0x00:0x22;0x00:0x30;0x00:0x34;0x00:0x93;0x00:0xA4;0x05:0x00;0x05:0x01;0x05:0x05;0x05:0x08;0x05:0x0E;0x05:0x11;0x05:0x23;0x05:0x2A;0x05:0x58;0x05:0x59;0x05:0xB8;0x05:0xC8;0x09:0x64;0x09:0x6A;0x09:0x6B;0x09:0x6C;0x09:0x80;0x09:0x81;0x0A:0x60;0x0A:0x61;0x0A:0x62;0x0A:0x63;0x0A:0x64;0x0A:0x65;0x0A:0x66;0x0A:0x67;0x0A:0x68;0x0A:0x69;0x0A:0x6A;0x0A:0x6B;0x0A:0x6C;0x0A:0x6D;0x0A:0x6E;0x0A:0x6F;0x0A:0x70;0x0A:0x74
346,50,MODE1_0050_COMMON_WRITE,TIMEOUT_DURING_WRITE,43,42,ABORTING->UNRESOLVED_REGISTER_GATE->FATAL_RECOVERY_FAILURE,FATAL_RECOVERY_FAILURE,UNRESOLVED_COMMITTED_REGISTERS=0x00:0x00;0x00:0x22;0x00:0x30;0x00:0x34;0x00:0x93;0x00:0xA4;0x05:0x00;0x05:0x01;0x05:0x05;0x05:0x08;0x05:0x0E;0x05:0x11;0x05:0x23;0x05:0x2A;0x05:0x58;0x05:0x59;0x05:0xB8;0x05:0xC8;0x09:0x64;0x09:0x6A;0x09:0x6B;0x09:0x6C;0x09:0x80;0x09:0x81;0x0A:0x60;0x0A:0x61;0x0A:0x62;0x0A:0x63;0x0A:0x64;0x0A:0x65;0x0A:0x66;0x0A:0x67;0x0A:0x68;0x0A:0x69;0x0A:0x6A;0x0A:0x6B;0x0A:0x6C;0x0A:0x6D;0x0A:0x6E;0x0A:0x6F;0x0A:0x70;0x0A:0x74
347,50,MODE1_0050_COMMON_WRITE,READBACK_MISMATCH,43,42,ABORTING->UNRESOLVED_REGISTER_GATE->FATAL_RECOVERY_FAILURE,FATAL_RECOVERY_FAILURE,UNRESOLVED_COMMITTED_REGISTERS=0x00:0x00;0x00:0x22;0x00:0x30;0x00:0x34;0x00:0x93;0x00:0xA4;0x05:0x00;0x05:0x01;0x05:0x05;0x05:0x08;0x05:0x0E;0x05:0x11;0x05:0x23;0x05:0x2A;0x05:0x58;0x05:0x59;0x05:0xB8;0x05:0xC8;0x09:0x64;0x09:0x6A;0x09:0x6B;0x09:0x6C;0x09:0x80;0x09:0x81;0x0A:0x60;0x0A:0x61;0x0A:0x62;0x0A:0x63;0x0A:0x64;0x0A:0x65;0x0A:0x66;0x0A:0x67;0x0A:0x68;0x0A:0x69;0x0A:0x6A;0x0A:0x6B;0x0A:0x6C;0x0A:0x6D;0x0A:0x6E;0x0A:0x6F;0x0A:0x70;0x0A:0x74
348,50,MODE1_0050_COMMON_WRITE,RESET_BETWEEN_OPERATIONS,43,42,ABORTING->PRODUCT_RECONSTRUCTION_GAP->FATAL_RECOVERY_FAILURE,FATAL_RECOVERY_FAILURE,CALLABLE_RESET_AUTOINIT_OR_PERSISTENT_RECOVERY_CONTEXT_NOT_PROVEN
349,50,MODE1_0050_COMMON_WRITE,HOST_ABORT,43,42,ABORTING->UNRESOLVED_REGISTER_GATE->FATAL_RECOVERY_FAILURE,FATAL_RECOVERY_FAILURE,UNRESOLVED_COMMITTED_REGISTERS=0x00:0x00;0x00:0x22;0x00:0x30;0x00:0x34;0x00:0x93;0x00:0xA4;0x05:0x00;0x05:0x01;0x05:0x05;0x05:0x08;0x05:0x0E;0x05:0x11;0x05:0x23;0x05:0x2A;0x05:0x58;0x05:0x59;0x05:0xB8;0x05:0xC8;0x09:0x64;0x09:0x6A;0x09:0x6B;0x09:0x6C;0x09:0x80;0x09:0x81;0x0A:0x60;0x0A:0x61;0x0A:0x62;0x0A:0x63;0x0A:0x64;0x0A:0x65;0x0A:0x66;0x0A:0x67;0x0A:0x68;0x0A:0x69;0x0A:0x6A;0x0A:0x6B;0x0A:0x6C;0x0A:0x6D;0x0A:0x6E;0x0A:0x6F;0x0A:0x70;0x0A:0x74
350,50,MODE1_0050_COMMON_WRITE,MMIO_RESET,43,42,ABORTING->PRODUCT_RECONSTRUCTION_GAP->FATAL_RECOVERY_FAILURE,FATAL_RECOVERY_FAILURE,CALLABLE_RESET_AUTOINIT_OR_PERSISTENT_RECOVERY_CONTEXT_NOT_PROVEN
351,51,MODE1_0051_COMMON_WRITE,FAILURE_BEFORE_WRITE,43,42,ABORTING->UNRESOLVED_REGISTER_GATE->FATAL_RECOVERY_FAILURE,FATAL_RECOVERY_FAILURE,UNRESOLVED_COMMITTED_REGISTERS=0x00:0x00;0x00:0x22;0x00:0x30;0x00:0x34;0x00:0x93;0x00:0xA4;0x05:0x00;0x05:0x01;0x05:0x05;0x05:0x08;0x05:0x0E;0x05:0x11;0x05:0x23;0x05:0x2A;0x05:0x58;0x05:0x59;0x05:0xB8;0x05:0xC8;0x09:0x64;0x09:0x6A;0x09:0x6B;0x09:0x6C;0x09:0x80;0x09:0x81;0x0A:0x60;0x0A:0x61;0x0A:0x62;0x0A:0x63;0x0A:0x64;0x0A:0x65;0x0A:0x66;0x0A:0x67;0x0A:0x68;0x0A:0x69;0x0A:0x6A;0x0A:0x6B;0x0A:0x6C;0x0A:0x6D;0x0A:0x6E;0x0A:0x6F;0x0A:0x70;0x0A:0x74
352,51,MODE1_0051_COMMON_WRITE,NACK_DURING_WRITE,44,43,ABORTING->UNRESOLVED_REGISTER_GATE->FATAL_RECOVERY_FAILURE,FATAL_RECOVERY_FAILURE,UNRESOLVED_COMMITTED_REGISTERS=0x00:0x00;0x00:0x22;0x00:0x30;0x00:0x34;0x00:0x93;0x00:0xA4;0x05:0x00;0x05:0x01;0x05:0x05;0x05:0x08;0x05:0x0E;0x05:0x11;0x05:0x23;0x05:0x2A;0x05:0x58;0x05:0x59;0x05:0xB8;0x05:0xC8;0x09:0x64;0x09:0x6A;0x09:0x6B;0x09:0x6C;0x09:0x80;0x09:0x81;0x0A:0x60;0x0A:0x61;0x0A:0x62;0x0A:0x63;0x0A:0x64;0x0A:0x65;0x0A:0x66;0x0A:0x67;0x0A:0x68;0x0A:0x69;0x0A:0x6A;0x0A:0x6B;0x0A:0x6C;0x0A:0x6D;0x0A:0x6E;0x0A:0x6F;0x0A:0x70;0x0A:0x71;0x0A:0x74
353,51,MODE1_0051_COMMON_WRITE,TIMEOUT_DURING_WRITE,44,43,ABORTING->UNRESOLVED_REGISTER_GATE->FATAL_RECOVERY_FAILURE,FATAL_RECOVERY_FAILURE,UNRESOLVED_COMMITTED_REGISTERS=0x00:0x00;0x00:0x22;0x00:0x30;0x00:0x34;0x00:0x93;0x00:0xA4;0x05:0x00;0x05:0x01;0x05:0x05;0x05:0x08;0x05:0x0E;0x05:0x11;0x05:0x23;0x05:0x2A;0x05:0x58;0x05:0x59;0x05:0xB8;0x05:0xC8;0x09:0x64;0x09:0x6A;0x09:0x6B;0x09:0x6C;0x09:0x80;0x09:0x81;0x0A:0x60;0x0A:0x61;0x0A:0x62;0x0A:0x63;0x0A:0x64;0x0A:0x65;0x0A:0x66;0x0A:0x67;0x0A:0x68;0x0A:0x69;0x0A:0x6A;0x0A:0x6B;0x0A:0x6C;0x0A:0x6D;0x0A:0x6E;0x0A:0x6F;0x0A:0x70;0x0A:0x71;0x0A:0x74
354,51,MODE1_0051_COMMON_WRITE,READBACK_MISMATCH,44,43,ABORTING->UNRESOLVED_REGISTER_GATE->FATAL_RECOVERY_FAILURE,FATAL_RECOVERY_FAILURE,UNRESOLVED_COMMITTED_REGISTERS=0x00:0x00;0x00:0x22;0x00:0x30;0x00:0x34;0x00:0x93;0x00:0xA4;0x05:0x00;0x05:0x01;0x05:0x05;0x05:0x08;0x05:0x0E;0x05:0x11;0x05:0x23;0x05:0x2A;0x05:0x58;0x05:0x59;0x05:0xB8;0x05:0xC8;0x09:0x64;0x09:0x6A;0x09:0x6B;0x09:0x6C;0x09:0x80;0x09:0x81;0x0A:0x60;0x0A:0x61;0x0A:0x62;0x0A:0x63;0x0A:0x64;0x0A:0x65;0x0A:0x66;0x0A:0x67;0x0A:0x68;0x0A:0x69;0x0A:0x6A;0x0A:0x6B;0x0A:0x6C;0x0A:0x6D;0x0A:0x6E;0x0A:0x6F;0x0A:0x70;0x0A:0x71;0x0A:0x74
355,51,MODE1_0051_COMMON_WRITE,RESET_BETWEEN_OPERATIONS,44,43,ABORTING->PRODUCT_RECONSTRUCTION_GAP->FATAL_RECOVERY_FAILURE,FATAL_RECOVERY_FAILURE,CALLABLE_RESET_AUTOINIT_OR_PERSISTENT_RECOVERY_CONTEXT_NOT_PROVEN
356,51,MODE1_0051_COMMON_WRITE,HOST_ABORT,44,43,ABORTING->UNRESOLVED_REGISTER_GATE->FATAL_RECOVERY_FAILURE,FATAL_RECOVERY_FAILURE,UNRESOLVED_COMMITTED_REGISTERS=0x00:0x00;0x00:0x22;0x00:0x30;0x00:0x34;0x00:0x93;0x00:0xA4;0x05:0x00;0x05:0x01;0x05:0x05;0x05:0x08;0x05:0x0E;0x05:0x11;0x05:0x23;0x05:0x2A;0x05:0x58;0x05:0x59;0x05:0xB8;0x05:0xC8;0x09:0x64;0x09:0x6A;0x09:0x6B;0x09:0x6C;0x09:0x80;0x09:0x81;0x0A:0x60;0x0A:0x61;0x0A:0x62;0x0A:0x63;0x0A:0x64;0x0A:0x65;0x0A:0x66;0x0A:0x67;0x0A:0x68;0x0A:0x69;0x0A:0x6A;0x0A:0x6B;0x0A:0x6C;0x0A:0x6D;0x0A:0x6E;0x0A:0x6F;0x0A:0x70;0x0A:0x71;0x0A:0x74
357,51,MODE1_0051_COMMON_WRITE,MMIO_RESET,44,43,ABORTING->PRODUCT_RECONSTRUCTION_GAP->FATAL_RECOVERY_FAILURE,FATAL_RECOVERY_FAILURE,CALLABLE_RESET_AUTOINIT_OR_PERSISTENT_RECOVERY_CONTEXT_NOT_PROVEN
358,52,MODE1_0052_COMMON_WRITE,FAILURE_BEFORE_WRITE,44,43,ABORTING->UNRESOLVED_REGISTER_GATE->FATAL_RECOVERY_FAILURE,FATAL_RECOVERY_FAILURE,UNRESOLVED_COMMITTED_REGISTERS=0x00:0x00;0x00:0x22;0x00:0x30;0x00:0x34;0x00:0x93;0x00:0xA4;0x05:0x00;0x05:0x01;0x05:0x05;0x05:0x08;0x05:0x0E;0x05:0x11;0x05:0x23;0x05:0x2A;0x05:0x58;0x05:0x59;0x05:0xB8;0x05:0xC8;0x09:0x64;0x09:0x6A;0x09:0x6B;0x09:0x6C;0x09:0x80;0x09:0x81;0x0A:0x60;0x0A:0x61;0x0A:0x62;0x0A:0x63;0x0A:0x64;0x0A:0x65;0x0A:0x66;0x0A:0x67;0x0A:0x68;0x0A:0x69;0x0A:0x6A;0x0A:0x6B;0x0A:0x6C;0x0A:0x6D;0x0A:0x6E;0x0A:0x6F;0x0A:0x70;0x0A:0x71;0x0A:0x74
359,52,MODE1_0052_COMMON_WRITE,NACK_DURING_WRITE,45,44,ABORTING->UNRESOLVED_REGISTER_GATE->FATAL_RECOVERY_FAILURE,FATAL_RECOVERY_FAILURE,UNRESOLVED_COMMITTED_REGISTERS=0x00:0x00;0x00:0x22;0x00:0x30;0x00:0x34;0x00:0x93;0x00:0xA4;0x05:0x00;0x05:0x01;0x05:0x05;0x05:0x08;0x05:0x0E;0x05:0x11;0x05:0x23;0x05:0x2A;0x05:0x58;0x05:0x59;0x05:0xB8;0x05:0xC8;0x09:0x64;0x09:0x6A;0x09:0x6B;0x09:0x6C;0x09:0x80;0x09:0x81;0x0A:0x60;0x0A:0x61;0x0A:0x62;0x0A:0x63;0x0A:0x64;0x0A:0x65;0x0A:0x66;0x0A:0x67;0x0A:0x68;0x0A:0x69;0x0A:0x6A;0x0A:0x6B;0x0A:0x6C;0x0A:0x6D;0x0A:0x6E;0x0A:0x6F;0x0A:0x70;0x0A:0x71;0x0A:0x72;0x0A:0x74
360,52,MODE1_0052_COMMON_WRITE,TIMEOUT_DURING_WRITE,45,44,ABORTING->UNRESOLVED_REGISTER_GATE->FATAL_RECOVERY_FAILURE,FATAL_RECOVERY_FAILURE,UNRESOLVED_COMMITTED_REGISTERS=0x00:0x00;0x00:0x22;0x00:0x30;0x00:0x34;0x00:0x93;0x00:0xA4;0x05:0x00;0x05:0x01;0x05:0x05;0x05:0x08;0x05:0x0E;0x05:0x11;0x05:0x23;0x05:0x2A;0x05:0x58;0x05:0x59;0x05:0xB8;0x05:0xC8;0x09:0x64;0x09:0x6A;0x09:0x6B;0x09:0x6C;0x09:0x80;0x09:0x81;0x0A:0x60;0x0A:0x61;0x0A:0x62;0x0A:0x63;0x0A:0x64;0x0A:0x65;0x0A:0x66;0x0A:0x67;0x0A:0x68;0x0A:0x69;0x0A:0x6A;0x0A:0x6B;0x0A:0x6C;0x0A:0x6D;0x0A:0x6E;0x0A:0x6F;0x0A:0x70;0x0A:0x71;0x0A:0x72;0x0A:0x74
361,52,MODE1_0052_COMMON_WRITE,READBACK_MISMATCH,45,44,ABORTING->UNRESOLVED_REGISTER_GATE->FATAL_RECOVERY_FAILURE,FATAL_RECOVERY_FAILURE,UNRESOLVED_COMMITTED_REGISTERS=0x00:0x00;0x00:0x22;0x00:0x30;0x00:0x34;0x00:0x93;0x00:0xA4;0x05:0x00;0x05:0x01;0x05:0x05;0x05:0x08;0x05:0x0E;0x05:0x11;0x05:0x23;0x05:0x2A;0x05:0x58;0x05:0x59;0x05:0xB8;0x05:0xC8;0x09:0x64;0x09:0x6A;0x09:0x6B;0x09:0x6C;0x09:0x80;0x09:0x81;0x0A:0x60;0x0A:0x61;0x0A:0x62;0x0A:0x63;0x0A:0x64;0x0A:0x65;0x0A:0x66;0x0A:0x67;0x0A:0x68;0x0A:0x69;0x0A:0x6A;0x0A:0x6B;0x0A:0x6C;0x0A:0x6D;0x0A:0x6E;0x0A:0x6F;0x0A:0x70;0x0A:0x71;0x0A:0x72;0x0A:0x74
362,52,MODE1_0052_COMMON_WRITE,RESET_BETWEEN_OPERATIONS,45,44,ABORTING->PRODUCT_RECONSTRUCTION_GAP->FATAL_RECOVERY_FAILURE,FATAL_RECOVERY_FAILURE,CALLABLE_RESET_AUTOINIT_OR_PERSISTENT_RECOVERY_CONTEXT_NOT_PROVEN
363,52,MODE1_0052_COMMON_WRITE,HOST_ABORT,45,44,ABORTING->UNRESOLVED_REGISTER_GATE->FATAL_RECOVERY_FAILURE,FATAL_RECOVERY_FAILURE,UNRESOLVED_COMMITTED_REGISTERS=0x00:0x00;0x00:0x22;0x00:0x30;0x00:0x34;0x00:0x93;0x00:0xA4;0x05:0x00;0x05:0x01;0x05:0x05;0x05:0x08;0x05:0x0E;0x05:0x11;0x05:0x23;0x05:0x2A;0x05:0x58;0x05:0x59;0x05:0xB8;0x05:0xC8;0x09:0x64;0x09:0x6A;0x09:0x6B;0x09:0x6C;0x09:0x80;0x09:0x81;0x0A:0x60;0x0A:0x61;0x0A:0x62;0x0A:0x63;0x0A:0x64;0x0A:0x65;0x0A:0x66;0x0A:0x67;0x0A:0x68;0x0A:0x69;0x0A:0x6A;0x0A:0x6B;0x0A:0x6C;0x0A:0x6D;0x0A:0x6E;0x0A:0x6F;0x0A:0x70;0x0A:0x71;0x0A:0x72;0x0A:0x74
364,52,MODE1_0052_COMMON_WRITE,MMIO_RESET,45,44,ABORTING->PRODUCT_RECONSTRUCTION_GAP->FATAL_RECOVERY_FAILURE,FATAL_RECOVERY_FAILURE,CALLABLE_RESET_AUTOINIT_OR_PERSISTENT_RECOVERY_CONTEXT_NOT_PROVEN
365,53,MODE1_0053_FHD_COMMON_BANK_SELECT,FAILURE_BEFORE_WRITE,45,44,ABORTING->UNRESOLVED_REGISTER_GATE->FATAL_RECOVERY_FAILURE,FATAL_RECOVERY_FAILURE,UNRESOLVED_COMMITTED_REGISTERS=0x00:0x00;0x00:0x22;0x00:0x30;0x00:0x34;0x00:0x93;0x00:0xA4;0x05:0x00;0x05:0x01;0x05:0x05;0x05:0x08;0x05:0x0E;0x05:0x11;0x05:0x23;0x05:0x2A;0x05:0x58;0x05:0x59;0x05:0xB8;0x05:0xC8;0x09:0x64;0x09:0x6A;0x09:0x6B;0x09:0x6C;0x09:0x80;0x09:0x81;0x0A:0x60;0x0A:0x61;0x0A:0x62;0x0A:0x63;0x0A:0x64;0x0A:0x65;0x0A:0x66;0x0A:0x67;0x0A:0x68;0x0A:0x69;0x0A:0x6A;0x0A:0x6B;0x0A:0x6C;0x0A:0x6D;0x0A:0x6E;0x0A:0x6F;0x0A:0x70;0x0A:0x71;0x0A:0x72;0x0A:0x74
366,53,MODE1_0053_FHD_COMMON_BANK_SELECT,NACK_DURING_WRITE,45,44,ABORTING->UNRESOLVED_REGISTER_GATE->FATAL_RECOVERY_FAILURE,FATAL_RECOVERY_FAILURE,UNRESOLVED_COMMITTED_REGISTERS=0x00:0x00;0x00:0x22;0x00:0x30;0x00:0x34;0x00:0x93;0x00:0xA4;0x05:0x00;0x05:0x01;0x05:0x05;0x05:0x08;0x05:0x0E;0x05:0x11;0x05:0x23;0x05:0x2A;0x05:0x58;0x05:0x59;0x05:0xB8;0x05:0xC8;0x09:0x64;0x09:0x6A;0x09:0x6B;0x09:0x6C;0x09:0x80;0x09:0x81;0x0A:0x60;0x0A:0x61;0x0A:0x62;0x0A:0x63;0x0A:0x64;0x0A:0x65;0x0A:0x66;0x0A:0x67;0x0A:0x68;0x0A:0x69;0x0A:0x6A;0x0A:0x6B;0x0A:0x6C;0x0A:0x6D;0x0A:0x6E;0x0A:0x6F;0x0A:0x70;0x0A:0x71;0x0A:0x72;0x0A:0x74
367,53,MODE1_0053_FHD_COMMON_BANK_SELECT,TIMEOUT_DURING_WRITE,45,44,ABORTING->UNRESOLVED_REGISTER_GATE->FATAL_RECOVERY_FAILURE,FATAL_RECOVERY_FAILURE,UNRESOLVED_COMMITTED_REGISTERS=0x00:0x00;0x00:0x22;0x00:0x30;0x00:0x34;0x00:0x93;0x00:0xA4;0x05:0x00;0x05:0x01;0x05:0x05;0x05:0x08;0x05:0x0E;0x05:0x11;0x05:0x23;0x05:0x2A;0x05:0x58;0x05:0x59;0x05:0xB8;0x05:0xC8;0x09:0x64;0x09:0x6A;0x09:0x6B;0x09:0x6C;0x09:0x80;0x09:0x81;0x0A:0x60;0x0A:0x61;0x0A:0x62;0x0A:0x63;0x0A:0x64;0x0A:0x65;0x0A:0x66;0x0A:0x67;0x0A:0x68;0x0A:0x69;0x0A:0x6A;0x0A:0x6B;0x0A:0x6C;0x0A:0x6D;0x0A:0x6E;0x0A:0x6F;0x0A:0x70;0x0A:0x71;0x0A:0x72;0x0A:0x74
368,53,MODE1_0053_FHD_COMMON_BANK_SELECT,READBACK_MISMATCH,45,44,ABORTING->UNRESOLVED_REGISTER_GATE->FATAL_RECOVERY_FAILURE,FATAL_RECOVERY_FAILURE,UNRESOLVED_COMMITTED_REGISTERS=0x00:0x00;0x00:0x22;0x00:0x30;0x00:0x34;0x00:0x93;0x00:0xA4;0x05:0x00;0x05:0x01;0x05:0x05;0x05:0x08;0x05:0x0E;0x05:0x11;0x05:0x23;0x05:0x2A;0x05:0x58;0x05:0x59;0x05:0xB8;0x05:0xC8;0x09:0x64;0x09:0x6A;0x09:0x6B;0x09:0x6C;0x09:0x80;0x09:0x81;0x0A:0x60;0x0A:0x61;0x0A:0x62;0x0A:0x63;0x0A:0x64;0x0A:0x65;0x0A:0x66;0x0A:0x67;0x0A:0x68;0x0A:0x69;0x0A:0x6A;0x0A:0x6B;0x0A:0x6C;0x0A:0x6D;0x0A:0x6E;0x0A:0x6F;0x0A:0x70;0x0A:0x71;0x0A:0x72;0x0A:0x74
369,53,MODE1_0053_FHD_COMMON_BANK_SELECT,RESET_BETWEEN_OPERATIONS,45,44,ABORTING->PRODUCT_RECONSTRUCTION_GAP->FATAL_RECOVERY_FAILURE,FATAL_RECOVERY_FAILURE,CALLABLE_RESET_AUTOINIT_OR_PERSISTENT_RECOVERY_CONTEXT_NOT_PROVEN
370,53,MODE1_0053_FHD_COMMON_BANK_SELECT,HOST_ABORT,45,44,ABORTING->UNRESOLVED_REGISTER_GATE->FATAL_RECOVERY_FAILURE,FATAL_RECOVERY_FAILURE,UNRESOLVED_COMMITTED_REGISTERS=0x00:0x00;0x00:0x22;0x00:0x30;0x00:0x34;0x00:0x93;0x00:0xA4;0x05:0x00;0x05:0x01;0x05:0x05;0x05:0x08;0x05:0x0E;0x05:0x11;0x05:0x23;0x05:0x2A;0x05:0x58;0x05:0x59;0x05:0xB8;0x05:0xC8;0x09:0x64;0x09:0x6A;0x09:0x6B;0x09:0x6C;0x09:0x80;0x09:0x81;0x0A:0x60;0x0A:0x61;0x0A:0x62;0x0A:0x63;0x0A:0x64;0x0A:0x65;0x0A:0x66;0x0A:0x67;0x0A:0x68;0x0A:0x69;0x0A:0x6A;0x0A:0x6B;0x0A:0x6C;0x0A:0x6D;0x0A:0x6E;0x0A:0x6F;0x0A:0x70;0x0A:0x71;0x0A:0x72;0x0A:0x74
371,53,MODE1_0053_FHD_COMMON_BANK_SELECT,MMIO_RESET,45,44,ABORTING->PRODUCT_RECONSTRUCTION_GAP->FATAL_RECOVERY_FAILURE,FATAL_RECOVERY_FAILURE,CALLABLE_RESET_AUTOINIT_OR_PERSISTENT_RECOVERY_CONTEXT_NOT_PROVEN
372,54,MODE1_0054_FHD_COMMON_WRITE,FAILURE_BEFORE_WRITE,45,44,ABORTING->UNRESOLVED_REGISTER_GATE->FATAL_RECOVERY_FAILURE,FATAL_RECOVERY_FAILURE,UNRESOLVED_COMMITTED_REGISTERS=0x00:0x00;0x00:0x22;0x00:0x30;0x00:0x34;0x00:0x93;0x00:0xA4;0x05:0x00;0x05:0x01;0x05:0x05;0x05:0x08;0x05:0x0E;0x05:0x11;0x05:0x23;0x05:0x2A;0x05:0x58;0x05:0x59;0x05:0xB8;0x05:0xC8;0x09:0x64;0x09:0x6A;0x09:0x6B;0x09:0x6C;0x09:0x80;0x09:0x81;0x0A:0x60;0x0A:0x61;0x0A:0x62;0x0A:0x63;0x0A:0x64;0x0A:0x65;0x0A:0x66;0x0A:0x67;0x0A:0x68;0x0A:0x69;0x0A:0x6A;0x0A:0x6B;0x0A:0x6C;0x0A:0x6D;0x0A:0x6E;0x0A:0x6F;0x0A:0x70;0x0A:0x71;0x0A:0x72;0x0A:0x74
373,54,MODE1_0054_FHD_COMMON_WRITE,NACK_DURING_WRITE,45,44,ABORTING->UNRESOLVED_REGISTER_GATE->FATAL_RECOVERY_FAILURE,FATAL_RECOVERY_FAILURE,UNRESOLVED_COMMITTED_REGISTERS=0x00:0x00;0x00:0x22;0x00:0x30;0x00:0x34;0x00:0x93;0x00:0xA4;0x05:0x00;0x05:0x01;0x05:0x05;0x05:0x08;0x05:0x0E;0x05:0x11;0x05:0x23;0x05:0x2A;0x05:0x58;0x05:0x59;0x05:0xB8;0x05:0xC8;0x09:0x64;0x09:0x6A;0x09:0x6B;0x09:0x6C;0x09:0x80;0x09:0x81;0x0A:0x60;0x0A:0x61;0x0A:0x62;0x0A:0x63;0x0A:0x64;0x0A:0x65;0x0A:0x66;0x0A:0x67;0x0A:0x68;0x0A:0x69;0x0A:0x6A;0x0A:0x6B;0x0A:0x6C;0x0A:0x6D;0x0A:0x6E;0x0A:0x6F;0x0A:0x70;0x0A:0x71;0x0A:0x72;0x0A:0x74
374,54,MODE1_0054_FHD_COMMON_WRITE,TIMEOUT_DURING_WRITE,45,44,ABORTING->UNRESOLVED_REGISTER_GATE->FATAL_RECOVERY_FAILURE,FATAL_RECOVERY_FAILURE,UNRESOLVED_COMMITTED_REGISTERS=0x00:0x00;0x00:0x22;0x00:0x30;0x00:0x34;0x00:0x93;0x00:0xA4;0x05:0x00;0x05:0x01;0x05:0x05;0x05:0x08;0x05:0x0E;0x05:0x11;0x05:0x23;0x05:0x2A;0x05:0x58;0x05:0x59;0x05:0xB8;0x05:0xC8;0x09:0x64;0x09:0x6A;0x09:0x6B;0x09:0x6C;0x09:0x80;0x09:0x81;0x0A:0x60;0x0A:0x61;0x0A:0x62;0x0A:0x63;0x0A:0x64;0x0A:0x65;0x0A:0x66;0x0A:0x67;0x0A:0x68;0x0A:0x69;0x0A:0x6A;0x0A:0x6B;0x0A:0x6C;0x0A:0x6D;0x0A:0x6E;0x0A:0x6F;0x0A:0x70;0x0A:0x71;0x0A:0x72;0x0A:0x74
375,54,MODE1_0054_FHD_COMMON_WRITE,READBACK_MISMATCH,45,44,ABORTING->UNRESOLVED_REGISTER_GATE->FATAL_RECOVERY_FAILURE,FATAL_RECOVERY_FAILURE,UNRESOLVED_COMMITTED_REGISTERS=0x00:0x00;0x00:0x22;0x00:0x30;0x00:0x34;0x00:0x93;0x00:0xA4;0x05:0x00;0x05:0x01;0x05:0x05;0x05:0x08;0x05:0x0E;0x05:0x11;0x05:0x23;0x05:0x2A;0x05:0x58;0x05:0x59;0x05:0xB8;0x05:0xC8;0x09:0x64;0x09:0x6A;0x09:0x6B;0x09:0x6C;0x09:0x80;0x09:0x81;0x0A:0x60;0x0A:0x61;0x0A:0x62;0x0A:0x63;0x0A:0x64;0x0A:0x65;0x0A:0x66;0x0A:0x67;0x0A:0x68;0x0A:0x69;0x0A:0x6A;0x0A:0x6B;0x0A:0x6C;0x0A:0x6D;0x0A:0x6E;0x0A:0x6F;0x0A:0x70;0x0A:0x71;0x0A:0x72;0x0A:0x74
376,54,MODE1_0054_FHD_COMMON_WRITE,RESET_BETWEEN_OPERATIONS,45,44,ABORTING->PRODUCT_RECONSTRUCTION_GAP->FATAL_RECOVERY_FAILURE,FATAL_RECOVERY_FAILURE,CALLABLE_RESET_AUTOINIT_OR_PERSISTENT_RECOVERY_CONTEXT_NOT_PROVEN
377,54,MODE1_0054_FHD_COMMON_WRITE,HOST_ABORT,45,44,ABORTING->UNRESOLVED_REGISTER_GATE->FATAL_RECOVERY_FAILURE,FATAL_RECOVERY_FAILURE,UNRESOLVED_COMMITTED_REGISTERS=0x00:0x00;0x00:0x22;0x00:0x30;0x00:0x34;0x00:0x93;0x00:0xA4;0x05:0x00;0x05:0x01;0x05:0x05;0x05:0x08;0x05:0x0E;0x05:0x11;0x05:0x23;0x05:0x2A;0x05:0x58;0x05:0x59;0x05:0xB8;0x05:0xC8;0x09:0x64;0x09:0x6A;0x09:0x6B;0x09:0x6C;0x09:0x80;0x09:0x81;0x0A:0x60;0x0A:0x61;0x0A:0x62;0x0A:0x63;0x0A:0x64;0x0A:0x65;0x0A:0x66;0x0A:0x67;0x0A:0x68;0x0A:0x69;0x0A:0x6A;0x0A:0x6B;0x0A:0x6C;0x0A:0x6D;0x0A:0x6E;0x0A:0x6F;0x0A:0x70;0x0A:0x71;0x0A:0x72;0x0A:0x74
378,54,MODE1_0054_FHD_COMMON_WRITE,MMIO_RESET,45,44,ABORTING->PRODUCT_RECONSTRUCTION_GAP->FATAL_RECOVERY_FAILURE,FATAL_RECOVERY_FAILURE,CALLABLE_RESET_AUTOINIT_OR_PERSISTENT_RECOVERY_CONTEXT_NOT_PROVEN
379,55,MODE1_0055_FHD_COMMON_BANK_SELECT,FAILURE_BEFORE_WRITE,45,44,ABORTING->UNRESOLVED_REGISTER_GATE->FATAL_RECOVERY_FAILURE,FATAL_RECOVERY_FAILURE,UNRESOLVED_COMMITTED_REGISTERS=0x00:0x00;0x00:0x22;0x00:0x30;0x00:0x34;0x00:0x93;0x00:0xA4;0x05:0x00;0x05:0x01;0x05:0x05;0x05:0x08;0x05:0x0E;0x05:0x11;0x05:0x23;0x05:0x2A;0x05:0x58;0x05:0x59;0x05:0xB8;0x05:0xC8;0x09:0x64;0x09:0x6A;0x09:0x6B;0x09:0x6C;0x09:0x80;0x09:0x81;0x0A:0x60;0x0A:0x61;0x0A:0x62;0x0A:0x63;0x0A:0x64;0x0A:0x65;0x0A:0x66;0x0A:0x67;0x0A:0x68;0x0A:0x69;0x0A:0x6A;0x0A:0x6B;0x0A:0x6C;0x0A:0x6D;0x0A:0x6E;0x0A:0x6F;0x0A:0x70;0x0A:0x71;0x0A:0x72;0x0A:0x74
380,55,MODE1_0055_FHD_COMMON_BANK_SELECT,NACK_DURING_WRITE,45,44,ABORTING->UNRESOLVED_REGISTER_GATE->FATAL_RECOVERY_FAILURE,FATAL_RECOVERY_FAILURE,UNRESOLVED_COMMITTED_REGISTERS=0x00:0x00;0x00:0x22;0x00:0x30;0x00:0x34;0x00:0x93;0x00:0xA4;0x05:0x00;0x05:0x01;0x05:0x05;0x05:0x08;0x05:0x0E;0x05:0x11;0x05:0x23;0x05:0x2A;0x05:0x58;0x05:0x59;0x05:0xB8;0x05:0xC8;0x09:0x64;0x09:0x6A;0x09:0x6B;0x09:0x6C;0x09:0x80;0x09:0x81;0x0A:0x60;0x0A:0x61;0x0A:0x62;0x0A:0x63;0x0A:0x64;0x0A:0x65;0x0A:0x66;0x0A:0x67;0x0A:0x68;0x0A:0x69;0x0A:0x6A;0x0A:0x6B;0x0A:0x6C;0x0A:0x6D;0x0A:0x6E;0x0A:0x6F;0x0A:0x70;0x0A:0x71;0x0A:0x72;0x0A:0x74
381,55,MODE1_0055_FHD_COMMON_BANK_SELECT,TIMEOUT_DURING_WRITE,45,44,ABORTING->UNRESOLVED_REGISTER_GATE->FATAL_RECOVERY_FAILURE,FATAL_RECOVERY_FAILURE,UNRESOLVED_COMMITTED_REGISTERS=0x00:0x00;0x00:0x22;0x00:0x30;0x00:0x34;0x00:0x93;0x00:0xA4;0x05:0x00;0x05:0x01;0x05:0x05;0x05:0x08;0x05:0x0E;0x05:0x11;0x05:0x23;0x05:0x2A;0x05:0x58;0x05:0x59;0x05:0xB8;0x05:0xC8;0x09:0x64;0x09:0x6A;0x09:0x6B;0x09:0x6C;0x09:0x80;0x09:0x81;0x0A:0x60;0x0A:0x61;0x0A:0x62;0x0A:0x63;0x0A:0x64;0x0A:0x65;0x0A:0x66;0x0A:0x67;0x0A:0x68;0x0A:0x69;0x0A:0x6A;0x0A:0x6B;0x0A:0x6C;0x0A:0x6D;0x0A:0x6E;0x0A:0x6F;0x0A:0x70;0x0A:0x71;0x0A:0x72;0x0A:0x74
382,55,MODE1_0055_FHD_COMMON_BANK_SELECT,READBACK_MISMATCH,45,44,ABORTING->UNRESOLVED_REGISTER_GATE->FATAL_RECOVERY_FAILURE,FATAL_RECOVERY_FAILURE,UNRESOLVED_COMMITTED_REGISTERS=0x00:0x00;0x00:0x22;0x00:0x30;0x00:0x34;0x00:0x93;0x00:0xA4;0x05:0x00;0x05:0x01;0x05:0x05;0x05:0x08;0x05:0x0E;0x05:0x11;0x05:0x23;0x05:0x2A;0x05:0x58;0x05:0x59;0x05:0xB8;0x05:0xC8;0x09:0x64;0x09:0x6A;0x09:0x6B;0x09:0x6C;0x09:0x80;0x09:0x81;0x0A:0x60;0x0A:0x61;0x0A:0x62;0x0A:0x63;0x0A:0x64;0x0A:0x65;0x0A:0x66;0x0A:0x67;0x0A:0x68;0x0A:0x69;0x0A:0x6A;0x0A:0x6B;0x0A:0x6C;0x0A:0x6D;0x0A:0x6E;0x0A:0x6F;0x0A:0x70;0x0A:0x71;0x0A:0x72;0x0A:0x74
383,55,MODE1_0055_FHD_COMMON_BANK_SELECT,RESET_BETWEEN_OPERATIONS,45,44,ABORTING->PRODUCT_RECONSTRUCTION_GAP->FATAL_RECOVERY_FAILURE,FATAL_RECOVERY_FAILURE,CALLABLE_RESET_AUTOINIT_OR_PERSISTENT_RECOVERY_CONTEXT_NOT_PROVEN
384,55,MODE1_0055_FHD_COMMON_BANK_SELECT,HOST_ABORT,45,44,ABORTING->UNRESOLVED_REGISTER_GATE->FATAL_RECOVERY_FAILURE,FATAL_RECOVERY_FAILURE,UNRESOLVED_COMMITTED_REGISTERS=0x00:0x00;0x00:0x22;0x00:0x30;0x00:0x34;0x00:0x93;0x00:0xA4;0x05:0x00;0x05:0x01;0x05:0x05;0x05:0x08;0x05:0x0E;0x05:0x11;0x05:0x23;0x05:0x2A;0x05:0x58;0x05:0x59;0x05:0xB8;0x05:0xC8;0x09:0x64;0x09:0x6A;0x09:0x6B;0x09:0x6C;0x09:0x80;0x09:0x81;0x0A:0x60;0x0A:0x61;0x0A:0x62;0x0A:0x63;0x0A:0x64;0x0A:0x65;0x0A:0x66;0x0A:0x67;0x0A:0x68;0x0A:0x69;0x0A:0x6A;0x0A:0x6B;0x0A:0x6C;0x0A:0x6D;0x0A:0x6E;0x0A:0x6F;0x0A:0x70;0x0A:0x71;0x0A:0x72;0x0A:0x74
385,55,MODE1_0055_FHD_COMMON_BANK_SELECT,MMIO_RESET,45,44,ABORTING->PRODUCT_RECONSTRUCTION_GAP->FATAL_RECOVERY_FAILURE,FATAL_RECOVERY_FAILURE,CALLABLE_RESET_AUTOINIT_OR_PERSISTENT_RECOVERY_CONTEXT_NOT_PROVEN
386,56,MODE1_0056_FHD_COMMON_WRITE,FAILURE_BEFORE_WRITE,45,44,ABORTING->UNRESOLVED_REGISTER_GATE->FATAL_RECOVERY_FAILURE,FATAL_RECOVERY_FAILURE,UNRESOLVED_COMMITTED_REGISTERS=0x00:0x00;0x00:0x22;0x00:0x30;0x00:0x34;0x00:0x93;0x00:0xA4;0x05:0x00;0x05:0x01;0x05:0x05;0x05:0x08;0x05:0x0E;0x05:0x11;0x05:0x23;0x05:0x2A;0x05:0x58;0x05:0x59;0x05:0xB8;0x05:0xC8;0x09:0x64;0x09:0x6A;0x09:0x6B;0x09:0x6C;0x09:0x80;0x09:0x81;0x0A:0x60;0x0A:0x61;0x0A:0x62;0x0A:0x63;0x0A:0x64;0x0A:0x65;0x0A:0x66;0x0A:0x67;0x0A:0x68;0x0A:0x69;0x0A:0x6A;0x0A:0x6B;0x0A:0x6C;0x0A:0x6D;0x0A:0x6E;0x0A:0x6F;0x0A:0x70;0x0A:0x71;0x0A:0x72;0x0A:0x74
387,56,MODE1_0056_FHD_COMMON_WRITE,NACK_DURING_WRITE,45,44,ABORTING->UNRESOLVED_REGISTER_GATE->FATAL_RECOVERY_FAILURE,FATAL_RECOVERY_FAILURE,UNRESOLVED_COMMITTED_REGISTERS=0x00:0x00;0x00:0x22;0x00:0x30;0x00:0x34;0x00:0x93;0x00:0xA4;0x05:0x00;0x05:0x01;0x05:0x05;0x05:0x08;0x05:0x0E;0x05:0x11;0x05:0x23;0x05:0x2A;0x05:0x58;0x05:0x59;0x05:0xB8;0x05:0xC8;0x09:0x64;0x09:0x6A;0x09:0x6B;0x09:0x6C;0x09:0x80;0x09:0x81;0x0A:0x60;0x0A:0x61;0x0A:0x62;0x0A:0x63;0x0A:0x64;0x0A:0x65;0x0A:0x66;0x0A:0x67;0x0A:0x68;0x0A:0x69;0x0A:0x6A;0x0A:0x6B;0x0A:0x6C;0x0A:0x6D;0x0A:0x6E;0x0A:0x6F;0x0A:0x70;0x0A:0x71;0x0A:0x72;0x0A:0x74
388,56,MODE1_0056_FHD_COMMON_WRITE,TIMEOUT_DURING_WRITE,45,44,ABORTING->UNRESOLVED_REGISTER_GATE->FATAL_RECOVERY_FAILURE,FATAL_RECOVERY_FAILURE,UNRESOLVED_COMMITTED_REGISTERS=0x00:0x00;0x00:0x22;0x00:0x30;0x00:0x34;0x00:0x93;0x00:0xA4;0x05:0x00;0x05:0x01;0x05:0x05;0x05:0x08;0x05:0x0E;0x05:0x11;0x05:0x23;0x05:0x2A;0x05:0x58;0x05:0x59;0x05:0xB8;0x05:0xC8;0x09:0x64;0x09:0x6A;0x09:0x6B;0x09:0x6C;0x09:0x80;0x09:0x81;0x0A:0x60;0x0A:0x61;0x0A:0x62;0x0A:0x63;0x0A:0x64;0x0A:0x65;0x0A:0x66;0x0A:0x67;0x0A:0x68;0x0A:0x69;0x0A:0x6A;0x0A:0x6B;0x0A:0x6C;0x0A:0x6D;0x0A:0x6E;0x0A:0x6F;0x0A:0x70;0x0A:0x71;0x0A:0x72;0x0A:0x74
389,56,MODE1_0056_FHD_COMMON_WRITE,READBACK_MISMATCH,45,44,ABORTING->UNRESOLVED_REGISTER_GATE->FATAL_RECOVERY_FAILURE,FATAL_RECOVERY_FAILURE,UNRESOLVED_COMMITTED_REGISTERS=0x00:0x00;0x00:0x22;0x00:0x30;0x00:0x34;0x00:0x93;0x00:0xA4;0x05:0x00;0x05:0x01;0x05:0x05;0x05:0x08;0x05:0x0E;0x05:0x11;0x05:0x23;0x05:0x2A;0x05:0x58;0x05:0x59;0x05:0xB8;0x05:0xC8;0x09:0x64;0x09:0x6A;0x09:0x6B;0x09:0x6C;0x09:0x80;0x09:0x81;0x0A:0x60;0x0A:0x61;0x0A:0x62;0x0A:0x63;0x0A:0x64;0x0A:0x65;0x0A:0x66;0x0A:0x67;0x0A:0x68;0x0A:0x69;0x0A:0x6A;0x0A:0x6B;0x0A:0x6C;0x0A:0x6D;0x0A:0x6E;0x0A:0x6F;0x0A:0x70;0x0A:0x71;0x0A:0x72;0x0A:0x74
390,56,MODE1_0056_FHD_COMMON_WRITE,RESET_BETWEEN_OPERATIONS,45,44,ABORTING->PRODUCT_RECONSTRUCTION_GAP->FATAL_RECOVERY_FAILURE,FATAL_RECOVERY_FAILURE,CALLABLE_RESET_AUTOINIT_OR_PERSISTENT_RECOVERY_CONTEXT_NOT_PROVEN
391,56,MODE1_0056_FHD_COMMON_WRITE,HOST_ABORT,45,44,ABORTING->UNRESOLVED_REGISTER_GATE->FATAL_RECOVERY_FAILURE,FATAL_RECOVERY_FAILURE,UNRESOLVED_COMMITTED_REGISTERS=0x00:0x00;0x00:0x22;0x00:0x30;0x00:0x34;0x00:0x93;0x00:0xA4;0x05:0x00;0x05:0x01;0x05:0x05;0x05:0x08;0x05:0x0E;0x05:0x11;0x05:0x23;0x05:0x2A;0x05:0x58;0x05:0x59;0x05:0xB8;0x05:0xC8;0x09:0x64;0x09:0x6A;0x09:0x6B;0x09:0x6C;0x09:0x80;0x09:0x81;0x0A:0x60;0x0A:0x61;0x0A:0x62;0x0A:0x63;0x0A:0x64;0x0A:0x65;0x0A:0x66;0x0A:0x67;0x0A:0x68;0x0A:0x69;0x0A:0x6A;0x0A:0x6B;0x0A:0x6C;0x0A:0x6D;0x0A:0x6E;0x0A:0x6F;0x0A:0x70;0x0A:0x71;0x0A:0x72;0x0A:0x74
392,56,MODE1_0056_FHD_COMMON_WRITE,MMIO_RESET,45,44,ABORTING->PRODUCT_RECONSTRUCTION_GAP->FATAL_RECOVERY_FAILURE,FATAL_RECOVERY_FAILURE,CALLABLE_RESET_AUTOINIT_OR_PERSISTENT_RECOVERY_CONTEXT_NOT_PROVEN
393,57,MODE1_0057_FHD_COMMON_WRITE,FAILURE_BEFORE_WRITE,45,44,ABORTING->UNRESOLVED_REGISTER_GATE->FATAL_RECOVERY_FAILURE,FATAL_RECOVERY_FAILURE,UNRESOLVED_COMMITTED_REGISTERS=0x00:0x00;0x00:0x22;0x00:0x30;0x00:0x34;0x00:0x93;0x00:0xA4;0x05:0x00;0x05:0x01;0x05:0x05;0x05:0x08;0x05:0x0E;0x05:0x11;0x05:0x23;0x05:0x2A;0x05:0x58;0x05:0x59;0x05:0xB8;0x05:0xC8;0x09:0x64;0x09:0x6A;0x09:0x6B;0x09:0x6C;0x09:0x80;0x09:0x81;0x0A:0x60;0x0A:0x61;0x0A:0x62;0x0A:0x63;0x0A:0x64;0x0A:0x65;0x0A:0x66;0x0A:0x67;0x0A:0x68;0x0A:0x69;0x0A:0x6A;0x0A:0x6B;0x0A:0x6C;0x0A:0x6D;0x0A:0x6E;0x0A:0x6F;0x0A:0x70;0x0A:0x71;0x0A:0x72;0x0A:0x74
394,57,MODE1_0057_FHD_COMMON_WRITE,NACK_DURING_WRITE,45,44,ABORTING->UNRESOLVED_REGISTER_GATE->FATAL_RECOVERY_FAILURE,FATAL_RECOVERY_FAILURE,UNRESOLVED_COMMITTED_REGISTERS=0x00:0x00;0x00:0x22;0x00:0x30;0x00:0x34;0x00:0x93;0x00:0xA4;0x05:0x00;0x05:0x01;0x05:0x05;0x05:0x08;0x05:0x0E;0x05:0x11;0x05:0x23;0x05:0x2A;0x05:0x58;0x05:0x59;0x05:0xB8;0x05:0xC8;0x09:0x64;0x09:0x6A;0x09:0x6B;0x09:0x6C;0x09:0x80;0x09:0x81;0x0A:0x60;0x0A:0x61;0x0A:0x62;0x0A:0x63;0x0A:0x64;0x0A:0x65;0x0A:0x66;0x0A:0x67;0x0A:0x68;0x0A:0x69;0x0A:0x6A;0x0A:0x6B;0x0A:0x6C;0x0A:0x6D;0x0A:0x6E;0x0A:0x6F;0x0A:0x70;0x0A:0x71;0x0A:0x72;0x0A:0x74
395,57,MODE1_0057_FHD_COMMON_WRITE,TIMEOUT_DURING_WRITE,45,44,ABORTING->UNRESOLVED_REGISTER_GATE->FATAL_RECOVERY_FAILURE,FATAL_RECOVERY_FAILURE,UNRESOLVED_COMMITTED_REGISTERS=0x00:0x00;0x00:0x22;0x00:0x30;0x00:0x34;0x00:0x93;0x00:0xA4;0x05:0x00;0x05:0x01;0x05:0x05;0x05:0x08;0x05:0x0E;0x05:0x11;0x05:0x23;0x05:0x2A;0x05:0x58;0x05:0x59;0x05:0xB8;0x05:0xC8;0x09:0x64;0x09:0x6A;0x09:0x6B;0x09:0x6C;0x09:0x80;0x09:0x81;0x0A:0x60;0x0A:0x61;0x0A:0x62;0x0A:0x63;0x0A:0x64;0x0A:0x65;0x0A:0x66;0x0A:0x67;0x0A:0x68;0x0A:0x69;0x0A:0x6A;0x0A:0x6B;0x0A:0x6C;0x0A:0x6D;0x0A:0x6E;0x0A:0x6F;0x0A:0x70;0x0A:0x71;0x0A:0x72;0x0A:0x74
396,57,MODE1_0057_FHD_COMMON_WRITE,READBACK_MISMATCH,45,44,ABORTING->UNRESOLVED_REGISTER_GATE->FATAL_RECOVERY_FAILURE,FATAL_RECOVERY_FAILURE,UNRESOLVED_COMMITTED_REGISTERS=0x00:0x00;0x00:0x22;0x00:0x30;0x00:0x34;0x00:0x93;0x00:0xA4;0x05:0x00;0x05:0x01;0x05:0x05;0x05:0x08;0x05:0x0E;0x05:0x11;0x05:0x23;0x05:0x2A;0x05:0x58;0x05:0x59;0x05:0xB8;0x05:0xC8;0x09:0x64;0x09:0x6A;0x09:0x6B;0x09:0x6C;0x09:0x80;0x09:0x81;0x0A:0x60;0x0A:0x61;0x0A:0x62;0x0A:0x63;0x0A:0x64;0x0A:0x65;0x0A:0x66;0x0A:0x67;0x0A:0x68;0x0A:0x69;0x0A:0x6A;0x0A:0x6B;0x0A:0x6C;0x0A:0x6D;0x0A:0x6E;0x0A:0x6F;0x0A:0x70;0x0A:0x71;0x0A:0x72;0x0A:0x74
397,57,MODE1_0057_FHD_COMMON_WRITE,RESET_BETWEEN_OPERATIONS,45,44,ABORTING->PRODUCT_RECONSTRUCTION_GAP->FATAL_RECOVERY_FAILURE,FATAL_RECOVERY_FAILURE,CALLABLE_RESET_AUTOINIT_OR_PERSISTENT_RECOVERY_CONTEXT_NOT_PROVEN
398,57,MODE1_0057_FHD_COMMON_WRITE,HOST_ABORT,45,44,ABORTING->UNRESOLVED_REGISTER_GATE->FATAL_RECOVERY_FAILURE,FATAL_RECOVERY_FAILURE,UNRESOLVED_COMMITTED_REGISTERS=0x00:0x00;0x00:0x22;0x00:0x30;0x00:0x34;0x00:0x93;0x00:0xA4;0x05:0x00;0x05:0x01;0x05:0x05;0x05:0x08;0x05:0x0E;0x05:0x11;0x05:0x23;0x05:0x2A;0x05:0x58;0x05:0x59;0x05:0xB8;0x05:0xC8;0x09:0x64;0x09:0x6A;0x09:0x6B;0x09:0x6C;0x09:0x80;0x09:0x81;0x0A:0x60;0x0A:0x61;0x0A:0x62;0x0A:0x63;0x0A:0x64;0x0A:0x65;0x0A:0x66;0x0A:0x67;0x0A:0x68;0x0A:0x69;0x0A:0x6A;0x0A:0x6B;0x0A:0x6C;0x0A:0x6D;0x0A:0x6E;0x0A:0x6F;0x0A:0x70;0x0A:0x71;0x0A:0x72;0x0A:0x74
399,57,MODE1_0057_FHD_COMMON_WRITE,MMIO_RESET,45,44,ABORTING->PRODUCT_RECONSTRUCTION_GAP->FATAL_RECOVERY_FAILURE,FATAL_RECOVERY_FAILURE,CALLABLE_RESET_AUTOINIT_OR_PERSISTENT_RECOVERY_CONTEXT_NOT_PROVEN
400,58,MODE1_0058_FHD_COMMON_WRITE,FAILURE_BEFORE_WRITE,45,44,ABORTING->UNRESOLVED_REGISTER_GATE->FATAL_RECOVERY_FAILURE,FATAL_RECOVERY_FAILURE,UNRESOLVED_COMMITTED_REGISTERS=0x00:0x00;0x00:0x22;0x00:0x30;0x00:0x34;0x00:0x93;0x00:0xA4;0x05:0x00;0x05:0x01;0x05:0x05;0x05:0x08;0x05:0x0E;0x05:0x11;0x05:0x23;0x05:0x2A;0x05:0x58;0x05:0x59;0x05:0xB8;0x05:0xC8;0x09:0x64;0x09:0x6A;0x09:0x6B;0x09:0x6C;0x09:0x80;0x09:0x81;0x0A:0x60;0x0A:0x61;0x0A:0x62;0x0A:0x63;0x0A:0x64;0x0A:0x65;0x0A:0x66;0x0A:0x67;0x0A:0x68;0x0A:0x69;0x0A:0x6A;0x0A:0x6B;0x0A:0x6C;0x0A:0x6D;0x0A:0x6E;0x0A:0x6F;0x0A:0x70;0x0A:0x71;0x0A:0x72;0x0A:0x74
401,58,MODE1_0058_FHD_COMMON_WRITE,NACK_DURING_WRITE,45,44,ABORTING->UNRESOLVED_REGISTER_GATE->FATAL_RECOVERY_FAILURE,FATAL_RECOVERY_FAILURE,UNRESOLVED_COMMITTED_REGISTERS=0x00:0x00;0x00:0x22;0x00:0x30;0x00:0x34;0x00:0x93;0x00:0xA4;0x05:0x00;0x05:0x01;0x05:0x05;0x05:0x08;0x05:0x0E;0x05:0x11;0x05:0x23;0x05:0x2A;0x05:0x58;0x05:0x59;0x05:0xB8;0x05:0xC8;0x09:0x64;0x09:0x6A;0x09:0x6B;0x09:0x6C;0x09:0x80;0x09:0x81;0x0A:0x60;0x0A:0x61;0x0A:0x62;0x0A:0x63;0x0A:0x64;0x0A:0x65;0x0A:0x66;0x0A:0x67;0x0A:0x68;0x0A:0x69;0x0A:0x6A;0x0A:0x6B;0x0A:0x6C;0x0A:0x6D;0x0A:0x6E;0x0A:0x6F;0x0A:0x70;0x0A:0x71;0x0A:0x72;0x0A:0x74
402,58,MODE1_0058_FHD_COMMON_WRITE,TIMEOUT_DURING_WRITE,45,44,ABORTING->UNRESOLVED_REGISTER_GATE->FATAL_RECOVERY_FAILURE,FATAL_RECOVERY_FAILURE,UNRESOLVED_COMMITTED_REGISTERS=0x00:0x00;0x00:0x22;0x00:0x30;0x00:0x34;0x00:0x93;0x00:0xA4;0x05:0x00;0x05:0x01;0x05:0x05;0x05:0x08;0x05:0x0E;0x05:0x11;0x05:0x23;0x05:0x2A;0x05:0x58;0x05:0x59;0x05:0xB8;0x05:0xC8;0x09:0x64;0x09:0x6A;0x09:0x6B;0x09:0x6C;0x09:0x80;0x09:0x81;0x0A:0x60;0x0A:0x61;0x0A:0x62;0x0A:0x63;0x0A:0x64;0x0A:0x65;0x0A:0x66;0x0A:0x67;0x0A:0x68;0x0A:0x69;0x0A:0x6A;0x0A:0x6B;0x0A:0x6C;0x0A:0x6D;0x0A:0x6E;0x0A:0x6F;0x0A:0x70;0x0A:0x71;0x0A:0x72;0x0A:0x74
403,58,MODE1_0058_FHD_COMMON_WRITE,READBACK_MISMATCH,45,44,ABORTING->UNRESOLVED_REGISTER_GATE->FATAL_RECOVERY_FAILURE,FATAL_RECOVERY_FAILURE,UNRESOLVED_COMMITTED_REGISTERS=0x00:0x00;0x00:0x22;0x00:0x30;0x00:0x34;0x00:0x93;0x00:0xA4;0x05:0x00;0x05:0x01;0x05:0x05;0x05:0x08;0x05:0x0E;0x05:0x11;0x05:0x23;0x05:0x2A;0x05:0x58;0x05:0x59;0x05:0xB8;0x05:0xC8;0x09:0x64;0x09:0x6A;0x09:0x6B;0x09:0x6C;0x09:0x80;0x09:0x81;0x0A:0x60;0x0A:0x61;0x0A:0x62;0x0A:0x63;0x0A:0x64;0x0A:0x65;0x0A:0x66;0x0A:0x67;0x0A:0x68;0x0A:0x69;0x0A:0x6A;0x0A:0x6B;0x0A:0x6C;0x0A:0x6D;0x0A:0x6E;0x0A:0x6F;0x0A:0x70;0x0A:0x71;0x0A:0x72;0x0A:0x74
404,58,MODE1_0058_FHD_COMMON_WRITE,RESET_BETWEEN_OPERATIONS,45,44,ABORTING->PRODUCT_RECONSTRUCTION_GAP->FATAL_RECOVERY_FAILURE,FATAL_RECOVERY_FAILURE,CALLABLE_RESET_AUTOINIT_OR_PERSISTENT_RECOVERY_CONTEXT_NOT_PROVEN
405,58,MODE1_0058_FHD_COMMON_WRITE,HOST_ABORT,45,44,ABORTING->UNRESOLVED_REGISTER_GATE->FATAL_RECOVERY_FAILURE,FATAL_RECOVERY_FAILURE,UNRESOLVED_COMMITTED_REGISTERS=0x00:0x00;0x00:0x22;0x00:0x30;0x00:0x34;0x00:0x93;0x00:0xA4;0x05:0x00;0x05:0x01;0x05:0x05;0x05:0x08;0x05:0x0E;0x05:0x11;0x05:0x23;0x05:0x2A;0x05:0x58;0x05:0x59;0x05:0xB8;0x05:0xC8;0x09:0x64;0x09:0x6A;0x09:0x6B;0x09:0x6C;0x09:0x80;0x09:0x81;0x0A:0x60;0x0A:0x61;0x0A:0x62;0x0A:0x63;0x0A:0x64;0x0A:0x65;0x0A:0x66;0x0A:0x67;0x0A:0x68;0x0A:0x69;0x0A:0x6A;0x0A:0x6B;0x0A:0x6C;0x0A:0x6D;0x0A:0x6E;0x0A:0x6F;0x0A:0x70;0x0A:0x71;0x0A:0x72;0x0A:0x74
406,58,MODE1_0058_FHD_COMMON_WRITE,MMIO_RESET,45,44,ABORTING->PRODUCT_RECONSTRUCTION_GAP->FATAL_RECOVERY_FAILURE,FATAL_RECOVERY_FAILURE,CALLABLE_RESET_AUTOINIT_OR_PERSISTENT_RECOVERY_CONTEXT_NOT_PROVEN
407,59,MODE1_0059_FHD_COMMON_WRITE,FAILURE_BEFORE_WRITE,45,44,ABORTING->UNRESOLVED_REGISTER_GATE->FATAL_RECOVERY_FAILURE,FATAL_RECOVERY_FAILURE,UNRESOLVED_COMMITTED_REGISTERS=0x00:0x00;0x00:0x22;0x00:0x30;0x00:0x34;0x00:0x93;0x00:0xA4;0x05:0x00;0x05:0x01;0x05:0x05;0x05:0x08;0x05:0x0E;0x05:0x11;0x05:0x23;0x05:0x2A;0x05:0x58;0x05:0x59;0x05:0xB8;0x05:0xC8;0x09:0x64;0x09:0x6A;0x09:0x6B;0x09:0x6C;0x09:0x80;0x09:0x81;0x0A:0x60;0x0A:0x61;0x0A:0x62;0x0A:0x63;0x0A:0x64;0x0A:0x65;0x0A:0x66;0x0A:0x67;0x0A:0x68;0x0A:0x69;0x0A:0x6A;0x0A:0x6B;0x0A:0x6C;0x0A:0x6D;0x0A:0x6E;0x0A:0x6F;0x0A:0x70;0x0A:0x71;0x0A:0x72;0x0A:0x74
408,59,MODE1_0059_FHD_COMMON_WRITE,NACK_DURING_WRITE,45,44,ABORTING->UNRESOLVED_REGISTER_GATE->FATAL_RECOVERY_FAILURE,FATAL_RECOVERY_FAILURE,UNRESOLVED_COMMITTED_REGISTERS=0x00:0x00;0x00:0x22;0x00:0x30;0x00:0x34;0x00:0x93;0x00:0xA4;0x05:0x00;0x05:0x01;0x05:0x05;0x05:0x08;0x05:0x0E;0x05:0x11;0x05:0x23;0x05:0x2A;0x05:0x58;0x05:0x59;0x05:0xB8;0x05:0xC8;0x09:0x64;0x09:0x6A;0x09:0x6B;0x09:0x6C;0x09:0x80;0x09:0x81;0x0A:0x60;0x0A:0x61;0x0A:0x62;0x0A:0x63;0x0A:0x64;0x0A:0x65;0x0A:0x66;0x0A:0x67;0x0A:0x68;0x0A:0x69;0x0A:0x6A;0x0A:0x6B;0x0A:0x6C;0x0A:0x6D;0x0A:0x6E;0x0A:0x6F;0x0A:0x70;0x0A:0x71;0x0A:0x72;0x0A:0x74
409,59,MODE1_0059_FHD_COMMON_WRITE,TIMEOUT_DURING_WRITE,45,44,ABORTING->UNRESOLVED_REGISTER_GATE->FATAL_RECOVERY_FAILURE,FATAL_RECOVERY_FAILURE,UNRESOLVED_COMMITTED_REGISTERS=0x00:0x00;0x00:0x22;0x00:0x30;0x00:0x34;0x00:0x93;0x00:0xA4;0x05:0x00;0x05:0x01;0x05:0x05;0x05:0x08;0x05:0x0E;0x05:0x11;0x05:0x23;0x05:0x2A;0x05:0x58;0x05:0x59;0x05:0xB8;0x05:0xC8;0x09:0x64;0x09:0x6A;0x09:0x6B;0x09:0x6C;0x09:0x80;0x09:0x81;0x0A:0x60;0x0A:0x61;0x0A:0x62;0x0A:0x63;0x0A:0x64;0x0A:0x65;0x0A:0x66;0x0A:0x67;0x0A:0x68;0x0A:0x69;0x0A:0x6A;0x0A:0x6B;0x0A:0x6C;0x0A:0x6D;0x0A:0x6E;0x0A:0x6F;0x0A:0x70;0x0A:0x71;0x0A:0x72;0x0A:0x74
410,59,MODE1_0059_FHD_COMMON_WRITE,READBACK_MISMATCH,45,44,ABORTING->UNRESOLVED_REGISTER_GATE->FATAL_RECOVERY_FAILURE,FATAL_RECOVERY_FAILURE,UNRESOLVED_COMMITTED_REGISTERS=0x00:0x00;0x00:0x22;0x00:0x30;0x00:0x34;0x00:0x93;0x00:0xA4;0x05:0x00;0x05:0x01;0x05:0x05;0x05:0x08;0x05:0x0E;0x05:0x11;0x05:0x23;0x05:0x2A;0x05:0x58;0x05:0x59;0x05:0xB8;0x05:0xC8;0x09:0x64;0x09:0x6A;0x09:0x6B;0x09:0x6C;0x09:0x80;0x09:0x81;0x0A:0x60;0x0A:0x61;0x0A:0x62;0x0A:0x63;0x0A:0x64;0x0A:0x65;0x0A:0x66;0x0A:0x67;0x0A:0x68;0x0A:0x69;0x0A:0x6A;0x0A:0x6B;0x0A:0x6C;0x0A:0x6D;0x0A:0x6E;0x0A:0x6F;0x0A:0x70;0x0A:0x71;0x0A:0x72;0x0A:0x74
411,59,MODE1_0059_FHD_COMMON_WRITE,RESET_BETWEEN_OPERATIONS,45,44,ABORTING->PRODUCT_RECONSTRUCTION_GAP->FATAL_RECOVERY_FAILURE,FATAL_RECOVERY_FAILURE,CALLABLE_RESET_AUTOINIT_OR_PERSISTENT_RECOVERY_CONTEXT_NOT_PROVEN
412,59,MODE1_0059_FHD_COMMON_WRITE,HOST_ABORT,45,44,ABORTING->UNRESOLVED_REGISTER_GATE->FATAL_RECOVERY_FAILURE,FATAL_RECOVERY_FAILURE,UNRESOLVED_COMMITTED_REGISTERS=0x00:0x00;0x00:0x22;0x00:0x30;0x00:0x34;0x00:0x93;0x00:0xA4;0x05:0x00;0x05:0x01;0x05:0x05;0x05:0x08;0x05:0x0E;0x05:0x11;0x05:0x23;0x05:0x2A;0x05:0x58;0x05:0x59;0x05:0xB8;0x05:0xC8;0x09:0x64;0x09:0x6A;0x09:0x6B;0x09:0x6C;0x09:0x80;0x09:0x81;0x0A:0x60;0x0A:0x61;0x0A:0x62;0x0A:0x63;0x0A:0x64;0x0A:0x65;0x0A:0x66;0x0A:0x67;0x0A:0x68;0x0A:0x69;0x0A:0x6A;0x0A:0x6B;0x0A:0x6C;0x0A:0x6D;0x0A:0x6E;0x0A:0x6F;0x0A:0x70;0x0A:0x71;0x0A:0x72;0x0A:0x74
413,59,MODE1_0059_FHD_COMMON_WRITE,MMIO_RESET,45,44,ABORTING->PRODUCT_RECONSTRUCTION_GAP->FATAL_RECOVERY_FAILURE,FATAL_RECOVERY_FAILURE,CALLABLE_RESET_AUTOINIT_OR_PERSISTENT_RECOVERY_CONTEXT_NOT_PROVEN
414,60,MODE1_0060_FHD_COMMON_WRITE,FAILURE_BEFORE_WRITE,45,44,ABORTING->UNRESOLVED_REGISTER_GATE->FATAL_RECOVERY_FAILURE,FATAL_RECOVERY_FAILURE,UNRESOLVED_COMMITTED_REGISTERS=0x00:0x00;0x00:0x22;0x00:0x30;0x00:0x34;0x00:0x93;0x00:0xA4;0x05:0x00;0x05:0x01;0x05:0x05;0x05:0x08;0x05:0x0E;0x05:0x11;0x05:0x23;0x05:0x2A;0x05:0x58;0x05:0x59;0x05:0xB8;0x05:0xC8;0x09:0x64;0x09:0x6A;0x09:0x6B;0x09:0x6C;0x09:0x80;0x09:0x81;0x0A:0x60;0x0A:0x61;0x0A:0x62;0x0A:0x63;0x0A:0x64;0x0A:0x65;0x0A:0x66;0x0A:0x67;0x0A:0x68;0x0A:0x69;0x0A:0x6A;0x0A:0x6B;0x0A:0x6C;0x0A:0x6D;0x0A:0x6E;0x0A:0x6F;0x0A:0x70;0x0A:0x71;0x0A:0x72;0x0A:0x74
415,60,MODE1_0060_FHD_COMMON_WRITE,NACK_DURING_WRITE,46,45,ABORTING->UNRESOLVED_REGISTER_GATE->FATAL_RECOVERY_FAILURE,FATAL_RECOVERY_FAILURE,UNRESOLVED_COMMITTED_REGISTERS=0x00:0x00;0x00:0x22;0x00:0x30;0x00:0x34;0x00:0x93;0x00:0xA4;0x05:0x00;0x05:0x01;0x05:0x05;0x05:0x08;0x05:0x0E;0x05:0x11;0x05:0x23;0x05:0x2A;0x05:0x58;0x05:0x59;0x05:0x5B;0x05:0xB8;0x05:0xC8;0x09:0x64;0x09:0x6A;0x09:0x6B;0x09:0x6C;0x09:0x80;0x09:0x81;0x0A:0x60;0x0A:0x61;0x0A:0x62;0x0A:0x63;0x0A:0x64;0x0A:0x65;0x0A:0x66;0x0A:0x67;0x0A:0x68;0x0A:0x69;0x0A:0x6A;0x0A:0x6B;0x0A:0x6C;0x0A:0x6D;0x0A:0x6E;0x0A:0x6F;0x0A:0x70;0x0A:0x71;0x0A:0x72;0x0A:0x74
416,60,MODE1_0060_FHD_COMMON_WRITE,TIMEOUT_DURING_WRITE,46,45,ABORTING->UNRESOLVED_REGISTER_GATE->FATAL_RECOVERY_FAILURE,FATAL_RECOVERY_FAILURE,UNRESOLVED_COMMITTED_REGISTERS=0x00:0x00;0x00:0x22;0x00:0x30;0x00:0x34;0x00:0x93;0x00:0xA4;0x05:0x00;0x05:0x01;0x05:0x05;0x05:0x08;0x05:0x0E;0x05:0x11;0x05:0x23;0x05:0x2A;0x05:0x58;0x05:0x59;0x05:0x5B;0x05:0xB8;0x05:0xC8;0x09:0x64;0x09:0x6A;0x09:0x6B;0x09:0x6C;0x09:0x80;0x09:0x81;0x0A:0x60;0x0A:0x61;0x0A:0x62;0x0A:0x63;0x0A:0x64;0x0A:0x65;0x0A:0x66;0x0A:0x67;0x0A:0x68;0x0A:0x69;0x0A:0x6A;0x0A:0x6B;0x0A:0x6C;0x0A:0x6D;0x0A:0x6E;0x0A:0x6F;0x0A:0x70;0x0A:0x71;0x0A:0x72;0x0A:0x74
417,60,MODE1_0060_FHD_COMMON_WRITE,READBACK_MISMATCH,46,45,ABORTING->UNRESOLVED_REGISTER_GATE->FATAL_RECOVERY_FAILURE,FATAL_RECOVERY_FAILURE,UNRESOLVED_COMMITTED_REGISTERS=0x00:0x00;0x00:0x22;0x00:0x30;0x00:0x34;0x00:0x93;0x00:0xA4;0x05:0x00;0x05:0x01;0x05:0x05;0x05:0x08;0x05:0x0E;0x05:0x11;0x05:0x23;0x05:0x2A;0x05:0x58;0x05:0x59;0x05:0x5B;0x05:0xB8;0x05:0xC8;0x09:0x64;0x09:0x6A;0x09:0x6B;0x09:0x6C;0x09:0x80;0x09:0x81;0x0A:0x60;0x0A:0x61;0x0A:0x62;0x0A:0x63;0x0A:0x64;0x0A:0x65;0x0A:0x66;0x0A:0x67;0x0A:0x68;0x0A:0x69;0x0A:0x6A;0x0A:0x6B;0x0A:0x6C;0x0A:0x6D;0x0A:0x6E;0x0A:0x6F;0x0A:0x70;0x0A:0x71;0x0A:0x72;0x0A:0x74
418,60,MODE1_0060_FHD_COMMON_WRITE,RESET_BETWEEN_OPERATIONS,46,45,ABORTING->PRODUCT_RECONSTRUCTION_GAP->FATAL_RECOVERY_FAILURE,FATAL_RECOVERY_FAILURE,CALLABLE_RESET_AUTOINIT_OR_PERSISTENT_RECOVERY_CONTEXT_NOT_PROVEN
419,60,MODE1_0060_FHD_COMMON_WRITE,HOST_ABORT,46,45,ABORTING->UNRESOLVED_REGISTER_GATE->FATAL_RECOVERY_FAILURE,FATAL_RECOVERY_FAILURE,UNRESOLVED_COMMITTED_REGISTERS=0x00:0x00;0x00:0x22;0x00:0x30;0x00:0x34;0x00:0x93;0x00:0xA4;0x05:0x00;0x05:0x01;0x05:0x05;0x05:0x08;0x05:0x0E;0x05:0x11;0x05:0x23;0x05:0x2A;0x05:0x58;0x05:0x59;0x05:0x5B;0x05:0xB8;0x05:0xC8;0x09:0x64;0x09:0x6A;0x09:0x6B;0x09:0x6C;0x09:0x80;0x09:0x81;0x0A:0x60;0x0A:0x61;0x0A:0x62;0x0A:0x63;0x0A:0x64;0x0A:0x65;0x0A:0x66;0x0A:0x67;0x0A:0x68;0x0A:0x69;0x0A:0x6A;0x0A:0x6B;0x0A:0x6C;0x0A:0x6D;0x0A:0x6E;0x0A:0x6F;0x0A:0x70;0x0A:0x71;0x0A:0x72;0x0A:0x74
420,60,MODE1_0060_FHD_COMMON_WRITE,MMIO_RESET,46,45,ABORTING->PRODUCT_RECONSTRUCTION_GAP->FATAL_RECOVERY_FAILURE,FATAL_RECOVERY_FAILURE,CALLABLE_RESET_AUTOINIT_OR_PERSISTENT_RECOVERY_CONTEXT_NOT_PROVEN
421,61,MODE1_0061_FHD_COMMON_WRITE,FAILURE_BEFORE_WRITE,46,45,ABORTING->UNRESOLVED_REGISTER_GATE->FATAL_RECOVERY_FAILURE,FATAL_RECOVERY_FAILURE,UNRESOLVED_COMMITTED_REGISTERS=0x00:0x00;0x00:0x22;0x00:0x30;0x00:0x34;0x00:0x93;0x00:0xA4;0x05:0x00;0x05:0x01;0x05:0x05;0x05:0x08;0x05:0x0E;0x05:0x11;0x05:0x23;0x05:0x2A;0x05:0x58;0x05:0x59;0x05:0x5B;0x05:0xB8;0x05:0xC8;0x09:0x64;0x09:0x6A;0x09:0x6B;0x09:0x6C;0x09:0x80;0x09:0x81;0x0A:0x60;0x0A:0x61;0x0A:0x62;0x0A:0x63;0x0A:0x64;0x0A:0x65;0x0A:0x66;0x0A:0x67;0x0A:0x68;0x0A:0x69;0x0A:0x6A;0x0A:0x6B;0x0A:0x6C;0x0A:0x6D;0x0A:0x6E;0x0A:0x6F;0x0A:0x70;0x0A:0x71;0x0A:0x72;0x0A:0x74
422,61,MODE1_0061_FHD_COMMON_WRITE,NACK_DURING_WRITE,47,46,ABORTING->UNRESOLVED_REGISTER_GATE->FATAL_RECOVERY_FAILURE,FATAL_RECOVERY_FAILURE,UNRESOLVED_COMMITTED_REGISTERS=0x00:0x00;0x00:0x22;0x00:0x30;0x00:0x34;0x00:0x93;0x00:0xA4;0x05:0x00;0x05:0x01;0x05:0x05;0x05:0x08;0x05:0x0E;0x05:0x11;0x05:0x23;0x05:0x2A;0x05:0x58;0x05:0x59;0x05:0x5B;0x05:0x69;0x05:0xB8;0x05:0xC8;0x09:0x64;0x09:0x6A;0x09:0x6B;0x09:0x6C;0x09:0x80;0x09:0x81;0x0A:0x60;0x0A:0x61;0x0A:0x62;0x0A:0x63;0x0A:0x64;0x0A:0x65;0x0A:0x66;0x0A:0x67;0x0A:0x68;0x0A:0x69;0x0A:0x6A;0x0A:0x6B;0x0A:0x6C;0x0A:0x6D;0x0A:0x6E;0x0A:0x6F;0x0A:0x70;0x0A:0x71;0x0A:0x72;0x0A:0x74
423,61,MODE1_0061_FHD_COMMON_WRITE,TIMEOUT_DURING_WRITE,47,46,ABORTING->UNRESOLVED_REGISTER_GATE->FATAL_RECOVERY_FAILURE,FATAL_RECOVERY_FAILURE,UNRESOLVED_COMMITTED_REGISTERS=0x00:0x00;0x00:0x22;0x00:0x30;0x00:0x34;0x00:0x93;0x00:0xA4;0x05:0x00;0x05:0x01;0x05:0x05;0x05:0x08;0x05:0x0E;0x05:0x11;0x05:0x23;0x05:0x2A;0x05:0x58;0x05:0x59;0x05:0x5B;0x05:0x69;0x05:0xB8;0x05:0xC8;0x09:0x64;0x09:0x6A;0x09:0x6B;0x09:0x6C;0x09:0x80;0x09:0x81;0x0A:0x60;0x0A:0x61;0x0A:0x62;0x0A:0x63;0x0A:0x64;0x0A:0x65;0x0A:0x66;0x0A:0x67;0x0A:0x68;0x0A:0x69;0x0A:0x6A;0x0A:0x6B;0x0A:0x6C;0x0A:0x6D;0x0A:0x6E;0x0A:0x6F;0x0A:0x70;0x0A:0x71;0x0A:0x72;0x0A:0x74
424,61,MODE1_0061_FHD_COMMON_WRITE,READBACK_MISMATCH,47,46,ABORTING->UNRESOLVED_REGISTER_GATE->FATAL_RECOVERY_FAILURE,FATAL_RECOVERY_FAILURE,UNRESOLVED_COMMITTED_REGISTERS=0x00:0x00;0x00:0x22;0x00:0x30;0x00:0x34;0x00:0x93;0x00:0xA4;0x05:0x00;0x05:0x01;0x05:0x05;0x05:0x08;0x05:0x0E;0x05:0x11;0x05:0x23;0x05:0x2A;0x05:0x58;0x05:0x59;0x05:0x5B;0x05:0x69;0x05:0xB8;0x05:0xC8;0x09:0x64;0x09:0x6A;0x09:0x6B;0x09:0x6C;0x09:0x80;0x09:0x81;0x0A:0x60;0x0A:0x61;0x0A:0x62;0x0A:0x63;0x0A:0x64;0x0A:0x65;0x0A:0x66;0x0A:0x67;0x0A:0x68;0x0A:0x69;0x0A:0x6A;0x0A:0x6B;0x0A:0x6C;0x0A:0x6D;0x0A:0x6E;0x0A:0x6F;0x0A:0x70;0x0A:0x71;0x0A:0x72;0x0A:0x74
425,61,MODE1_0061_FHD_COMMON_WRITE,RESET_BETWEEN_OPERATIONS,47,46,ABORTING->PRODUCT_RECONSTRUCTION_GAP->FATAL_RECOVERY_FAILURE,FATAL_RECOVERY_FAILURE,CALLABLE_RESET_AUTOINIT_OR_PERSISTENT_RECOVERY_CONTEXT_NOT_PROVEN
426,61,MODE1_0061_FHD_COMMON_WRITE,HOST_ABORT,47,46,ABORTING->UNRESOLVED_REGISTER_GATE->FATAL_RECOVERY_FAILURE,FATAL_RECOVERY_FAILURE,UNRESOLVED_COMMITTED_REGISTERS=0x00:0x00;0x00:0x22;0x00:0x30;0x00:0x34;0x00:0x93;0x00:0xA4;0x05:0x00;0x05:0x01;0x05:0x05;0x05:0x08;0x05:0x0E;0x05:0x11;0x05:0x23;0x05:0x2A;0x05:0x58;0x05:0x59;0x05:0x5B;0x05:0x69;0x05:0xB8;0x05:0xC8;0x09:0x64;0x09:0x6A;0x09:0x6B;0x09:0x6C;0x09:0x80;0x09:0x81;0x0A:0x60;0x0A:0x61;0x0A:0x62;0x0A:0x63;0x0A:0x64;0x0A:0x65;0x0A:0x66;0x0A:0x67;0x0A:0x68;0x0A:0x69;0x0A:0x6A;0x0A:0x6B;0x0A:0x6C;0x0A:0x6D;0x0A:0x6E;0x0A:0x6F;0x0A:0x70;0x0A:0x71;0x0A:0x72;0x0A:0x74
427,61,MODE1_0061_FHD_COMMON_WRITE,MMIO_RESET,47,46,ABORTING->PRODUCT_RECONSTRUCTION_GAP->FATAL_RECOVERY_FAILURE,FATAL_RECOVERY_FAILURE,CALLABLE_RESET_AUTOINIT_OR_PERSISTENT_RECOVERY_CONTEXT_NOT_PROVEN
428,62,MODE1_0062_FHD_COMMON_BANK_SELECT,FAILURE_BEFORE_WRITE,47,46,ABORTING->UNRESOLVED_REGISTER_GATE->FATAL_RECOVERY_FAILURE,FATAL_RECOVERY_FAILURE,UNRESOLVED_COMMITTED_REGISTERS=0x00:0x00;0x00:0x22;0x00:0x30;0x00:0x34;0x00:0x93;0x00:0xA4;0x05:0x00;0x05:0x01;0x05:0x05;0x05:0x08;0x05:0x0E;0x05:0x11;0x05:0x23;0x05:0x2A;0x05:0x58;0x05:0x59;0x05:0x5B;0x05:0x69;0x05:0xB8;0x05:0xC8;0x09:0x64;0x09:0x6A;0x09:0x6B;0x09:0x6C;0x09:0x80;0x09:0x81;0x0A:0x60;0x0A:0x61;0x0A:0x62;0x0A:0x63;0x0A:0x64;0x0A:0x65;0x0A:0x66;0x0A:0x67;0x0A:0x68;0x0A:0x69;0x0A:0x6A;0x0A:0x6B;0x0A:0x6C;0x0A:0x6D;0x0A:0x6E;0x0A:0x6F;0x0A:0x70;0x0A:0x71;0x0A:0x72;0x0A:0x74
429,62,MODE1_0062_FHD_COMMON_BANK_SELECT,NACK_DURING_WRITE,47,46,ABORTING->UNRESOLVED_REGISTER_GATE->FATAL_RECOVERY_FAILURE,FATAL_RECOVERY_FAILURE,UNRESOLVED_COMMITTED_REGISTERS=0x00:0x00;0x00:0x22;0x00:0x30;0x00:0x34;0x00:0x93;0x00:0xA4;0x05:0x00;0x05:0x01;0x05:0x05;0x05:0x08;0x05:0x0E;0x05:0x11;0x05:0x23;0x05:0x2A;0x05:0x58;0x05:0x59;0x05:0x5B;0x05:0x69;0x05:0xB8;0x05:0xC8;0x09:0x64;0x09:0x6A;0x09:0x6B;0x09:0x6C;0x09:0x80;0x09:0x81;0x0A:0x60;0x0A:0x61;0x0A:0x62;0x0A:0x63;0x0A:0x64;0x0A:0x65;0x0A:0x66;0x0A:0x67;0x0A:0x68;0x0A:0x69;0x0A:0x6A;0x0A:0x6B;0x0A:0x6C;0x0A:0x6D;0x0A:0x6E;0x0A:0x6F;0x0A:0x70;0x0A:0x71;0x0A:0x72;0x0A:0x74
430,62,MODE1_0062_FHD_COMMON_BANK_SELECT,TIMEOUT_DURING_WRITE,47,46,ABORTING->UNRESOLVED_REGISTER_GATE->FATAL_RECOVERY_FAILURE,FATAL_RECOVERY_FAILURE,UNRESOLVED_COMMITTED_REGISTERS=0x00:0x00;0x00:0x22;0x00:0x30;0x00:0x34;0x00:0x93;0x00:0xA4;0x05:0x00;0x05:0x01;0x05:0x05;0x05:0x08;0x05:0x0E;0x05:0x11;0x05:0x23;0x05:0x2A;0x05:0x58;0x05:0x59;0x05:0x5B;0x05:0x69;0x05:0xB8;0x05:0xC8;0x09:0x64;0x09:0x6A;0x09:0x6B;0x09:0x6C;0x09:0x80;0x09:0x81;0x0A:0x60;0x0A:0x61;0x0A:0x62;0x0A:0x63;0x0A:0x64;0x0A:0x65;0x0A:0x66;0x0A:0x67;0x0A:0x68;0x0A:0x69;0x0A:0x6A;0x0A:0x6B;0x0A:0x6C;0x0A:0x6D;0x0A:0x6E;0x0A:0x6F;0x0A:0x70;0x0A:0x71;0x0A:0x72;0x0A:0x74
431,62,MODE1_0062_FHD_COMMON_BANK_SELECT,READBACK_MISMATCH,47,46,ABORTING->UNRESOLVED_REGISTER_GATE->FATAL_RECOVERY_FAILURE,FATAL_RECOVERY_FAILURE,UNRESOLVED_COMMITTED_REGISTERS=0x00:0x00;0x00:0x22;0x00:0x30;0x00:0x34;0x00:0x93;0x00:0xA4;0x05:0x00;0x05:0x01;0x05:0x05;0x05:0x08;0x05:0x0E;0x05:0x11;0x05:0x23;0x05:0x2A;0x05:0x58;0x05:0x59;0x05:0x5B;0x05:0x69;0x05:0xB8;0x05:0xC8;0x09:0x64;0x09:0x6A;0x09:0x6B;0x09:0x6C;0x09:0x80;0x09:0x81;0x0A:0x60;0x0A:0x61;0x0A:0x62;0x0A:0x63;0x0A:0x64;0x0A:0x65;0x0A:0x66;0x0A:0x67;0x0A:0x68;0x0A:0x69;0x0A:0x6A;0x0A:0x6B;0x0A:0x6C;0x0A:0x6D;0x0A:0x6E;0x0A:0x6F;0x0A:0x70;0x0A:0x71;0x0A:0x72;0x0A:0x74
432,62,MODE1_0062_FHD_COMMON_BANK_SELECT,RESET_BETWEEN_OPERATIONS,47,46,ABORTING->PRODUCT_RECONSTRUCTION_GAP->FATAL_RECOVERY_FAILURE,FATAL_RECOVERY_FAILURE,CALLABLE_RESET_AUTOINIT_OR_PERSISTENT_RECOVERY_CONTEXT_NOT_PROVEN
433,62,MODE1_0062_FHD_COMMON_BANK_SELECT,HOST_ABORT,47,46,ABORTING->UNRESOLVED_REGISTER_GATE->FATAL_RECOVERY_FAILURE,FATAL_RECOVERY_FAILURE,UNRESOLVED_COMMITTED_REGISTERS=0x00:0x00;0x00:0x22;0x00:0x30;0x00:0x34;0x00:0x93;0x00:0xA4;0x05:0x00;0x05:0x01;0x05:0x05;0x05:0x08;0x05:0x0E;0x05:0x11;0x05:0x23;0x05:0x2A;0x05:0x58;0x05:0x59;0x05:0x5B;0x05:0x69;0x05:0xB8;0x05:0xC8;0x09:0x64;0x09:0x6A;0x09:0x6B;0x09:0x6C;0x09:0x80;0x09:0x81;0x0A:0x60;0x0A:0x61;0x0A:0x62;0x0A:0x63;0x0A:0x64;0x0A:0x65;0x0A:0x66;0x0A:0x67;0x0A:0x68;0x0A:0x69;0x0A:0x6A;0x0A:0x6B;0x0A:0x6C;0x0A:0x6D;0x0A:0x6E;0x0A:0x6F;0x0A:0x70;0x0A:0x71;0x0A:0x72;0x0A:0x74
434,62,MODE1_0062_FHD_COMMON_BANK_SELECT,MMIO_RESET,47,46,ABORTING->PRODUCT_RECONSTRUCTION_GAP->FATAL_RECOVERY_FAILURE,FATAL_RECOVERY_FAILURE,CALLABLE_RESET_AUTOINIT_OR_PERSISTENT_RECOVERY_CONTEXT_NOT_PROVEN
435,63,MODE1_0063_FHD_COMMON_WRITE,FAILURE_BEFORE_WRITE,47,46,ABORTING->UNRESOLVED_REGISTER_GATE->FATAL_RECOVERY_FAILURE,FATAL_RECOVERY_FAILURE,UNRESOLVED_COMMITTED_REGISTERS=0x00:0x00;0x00:0x22;0x00:0x30;0x00:0x34;0x00:0x93;0x00:0xA4;0x05:0x00;0x05:0x01;0x05:0x05;0x05:0x08;0x05:0x0E;0x05:0x11;0x05:0x23;0x05:0x2A;0x05:0x58;0x05:0x59;0x05:0x5B;0x05:0x69;0x05:0xB8;0x05:0xC8;0x09:0x64;0x09:0x6A;0x09:0x6B;0x09:0x6C;0x09:0x80;0x09:0x81;0x0A:0x60;0x0A:0x61;0x0A:0x62;0x0A:0x63;0x0A:0x64;0x0A:0x65;0x0A:0x66;0x0A:0x67;0x0A:0x68;0x0A:0x69;0x0A:0x6A;0x0A:0x6B;0x0A:0x6C;0x0A:0x6D;0x0A:0x6E;0x0A:0x6F;0x0A:0x70;0x0A:0x71;0x0A:0x72;0x0A:0x74
436,63,MODE1_0063_FHD_COMMON_WRITE,NACK_DURING_WRITE,48,47,ABORTING->UNRESOLVED_REGISTER_GATE->FATAL_RECOVERY_FAILURE,FATAL_RECOVERY_FAILURE,UNRESOLVED_COMMITTED_REGISTERS=0x00:0x00;0x00:0x0C;0x00:0x22;0x00:0x30;0x00:0x34;0x00:0x93;0x00:0xA4;0x05:0x00;0x05:0x01;0x05:0x05;0x05:0x08;0x05:0x0E;0x05:0x11;0x05:0x23;0x05:0x2A;0x05:0x58;0x05:0x59;0x05:0x5B;0x05:0x69;0x05:0xB8;0x05:0xC8;0x09:0x64;0x09:0x6A;0x09:0x6B;0x09:0x6C;0x09:0x80;0x09:0x81;0x0A:0x60;0x0A:0x61;0x0A:0x62;0x0A:0x63;0x0A:0x64;0x0A:0x65;0x0A:0x66;0x0A:0x67;0x0A:0x68;0x0A:0x69;0x0A:0x6A;0x0A:0x6B;0x0A:0x6C;0x0A:0x6D;0x0A:0x6E;0x0A:0x6F;0x0A:0x70;0x0A:0x71;0x0A:0x72;0x0A:0x74
437,63,MODE1_0063_FHD_COMMON_WRITE,TIMEOUT_DURING_WRITE,48,47,ABORTING->UNRESOLVED_REGISTER_GATE->FATAL_RECOVERY_FAILURE,FATAL_RECOVERY_FAILURE,UNRESOLVED_COMMITTED_REGISTERS=0x00:0x00;0x00:0x0C;0x00:0x22;0x00:0x30;0x00:0x34;0x00:0x93;0x00:0xA4;0x05:0x00;0x05:0x01;0x05:0x05;0x05:0x08;0x05:0x0E;0x05:0x11;0x05:0x23;0x05:0x2A;0x05:0x58;0x05:0x59;0x05:0x5B;0x05:0x69;0x05:0xB8;0x05:0xC8;0x09:0x64;0x09:0x6A;0x09:0x6B;0x09:0x6C;0x09:0x80;0x09:0x81;0x0A:0x60;0x0A:0x61;0x0A:0x62;0x0A:0x63;0x0A:0x64;0x0A:0x65;0x0A:0x66;0x0A:0x67;0x0A:0x68;0x0A:0x69;0x0A:0x6A;0x0A:0x6B;0x0A:0x6C;0x0A:0x6D;0x0A:0x6E;0x0A:0x6F;0x0A:0x70;0x0A:0x71;0x0A:0x72;0x0A:0x74
438,63,MODE1_0063_FHD_COMMON_WRITE,READBACK_MISMATCH,48,47,ABORTING->UNRESOLVED_REGISTER_GATE->FATAL_RECOVERY_FAILURE,FATAL_RECOVERY_FAILURE,UNRESOLVED_COMMITTED_REGISTERS=0x00:0x00;0x00:0x0C;0x00:0x22;0x00:0x30;0x00:0x34;0x00:0x93;0x00:0xA4;0x05:0x00;0x05:0x01;0x05:0x05;0x05:0x08;0x05:0x0E;0x05:0x11;0x05:0x23;0x05:0x2A;0x05:0x58;0x05:0x59;0x05:0x5B;0x05:0x69;0x05:0xB8;0x05:0xC8;0x09:0x64;0x09:0x6A;0x09:0x6B;0x09:0x6C;0x09:0x80;0x09:0x81;0x0A:0x60;0x0A:0x61;0x0A:0x62;0x0A:0x63;0x0A:0x64;0x0A:0x65;0x0A:0x66;0x0A:0x67;0x0A:0x68;0x0A:0x69;0x0A:0x6A;0x0A:0x6B;0x0A:0x6C;0x0A:0x6D;0x0A:0x6E;0x0A:0x6F;0x0A:0x70;0x0A:0x71;0x0A:0x72;0x0A:0x74
439,63,MODE1_0063_FHD_COMMON_WRITE,RESET_BETWEEN_OPERATIONS,48,47,ABORTING->PRODUCT_RECONSTRUCTION_GAP->FATAL_RECOVERY_FAILURE,FATAL_RECOVERY_FAILURE,CALLABLE_RESET_AUTOINIT_OR_PERSISTENT_RECOVERY_CONTEXT_NOT_PROVEN
440,63,MODE1_0063_FHD_COMMON_WRITE,HOST_ABORT,48,47,ABORTING->UNRESOLVED_REGISTER_GATE->FATAL_RECOVERY_FAILURE,FATAL_RECOVERY_FAILURE,UNRESOLVED_COMMITTED_REGISTERS=0x00:0x00;0x00:0x0C;0x00:0x22;0x00:0x30;0x00:0x34;0x00:0x93;0x00:0xA4;0x05:0x00;0x05:0x01;0x05:0x05;0x05:0x08;0x05:0x0E;0x05:0x11;0x05:0x23;0x05:0x2A;0x05:0x58;0x05:0x59;0x05:0x5B;0x05:0x69;0x05:0xB8;0x05:0xC8;0x09:0x64;0x09:0x6A;0x09:0x6B;0x09:0x6C;0x09:0x80;0x09:0x81;0x0A:0x60;0x0A:0x61;0x0A:0x62;0x0A:0x63;0x0A:0x64;0x0A:0x65;0x0A:0x66;0x0A:0x67;0x0A:0x68;0x0A:0x69;0x0A:0x6A;0x0A:0x6B;0x0A:0x6C;0x0A:0x6D;0x0A:0x6E;0x0A:0x6F;0x0A:0x70;0x0A:0x71;0x0A:0x72;0x0A:0x74
441,63,MODE1_0063_FHD_COMMON_WRITE,MMIO_RESET,48,47,ABORTING->PRODUCT_RECONSTRUCTION_GAP->FATAL_RECOVERY_FAILURE,FATAL_RECOVERY_FAILURE,CALLABLE_RESET_AUTOINIT_OR_PERSISTENT_RECOVERY_CONTEXT_NOT_PROVEN
442,64,MODE1_0064_FHD_COMMON_WRITE,FAILURE_BEFORE_WRITE,48,47,ABORTING->UNRESOLVED_REGISTER_GATE->FATAL_RECOVERY_FAILURE,FATAL_RECOVERY_FAILURE,UNRESOLVED_COMMITTED_REGISTERS=0x00:0x00;0x00:0x0C;0x00:0x22;0x00:0x30;0x00:0x34;0x00:0x93;0x00:0xA4;0x05:0x00;0x05:0x01;0x05:0x05;0x05:0x08;0x05:0x0E;0x05:0x11;0x05:0x23;0x05:0x2A;0x05:0x58;0x05:0x59;0x05:0x5B;0x05:0x69;0x05:0xB8;0x05:0xC8;0x09:0x64;0x09:0x6A;0x09:0x6B;0x09:0x6C;0x09:0x80;0x09:0x81;0x0A:0x60;0x0A:0x61;0x0A:0x62;0x0A:0x63;0x0A:0x64;0x0A:0x65;0x0A:0x66;0x0A:0x67;0x0A:0x68;0x0A:0x69;0x0A:0x6A;0x0A:0x6B;0x0A:0x6C;0x0A:0x6D;0x0A:0x6E;0x0A:0x6F;0x0A:0x70;0x0A:0x71;0x0A:0x72;0x0A:0x74
443,64,MODE1_0064_FHD_COMMON_WRITE,NACK_DURING_WRITE,49,48,ABORTING->UNRESOLVED_REGISTER_GATE->FATAL_RECOVERY_FAILURE,FATAL_RECOVERY_FAILURE,UNRESOLVED_COMMITTED_REGISTERS=0x00:0x00;0x00:0x0C;0x00:0x10;0x00:0x22;0x00:0x30;0x00:0x34;0x00:0x93;0x00:0xA4;0x05:0x00;0x05:0x01;0x05:0x05;0x05:0x08;0x05:0x0E;0x05:0x11;0x05:0x23;0x05:0x2A;0x05:0x58;0x05:0x59;0x05:0x5B;0x05:0x69;0x05:0xB8;0x05:0xC8;0x09:0x64;0x09:0x6A;0x09:0x6B;0x09:0x6C;0x09:0x80;0x09:0x81;0x0A:0x60;0x0A:0x61;0x0A:0x62;0x0A:0x63;0x0A:0x64;0x0A:0x65;0x0A:0x66;0x0A:0x67;0x0A:0x68;0x0A:0x69;0x0A:0x6A;0x0A:0x6B;0x0A:0x6C;0x0A:0x6D;0x0A:0x6E;0x0A:0x6F;0x0A:0x70;0x0A:0x71;0x0A:0x72;0x0A:0x74
444,64,MODE1_0064_FHD_COMMON_WRITE,TIMEOUT_DURING_WRITE,49,48,ABORTING->UNRESOLVED_REGISTER_GATE->FATAL_RECOVERY_FAILURE,FATAL_RECOVERY_FAILURE,UNRESOLVED_COMMITTED_REGISTERS=0x00:0x00;0x00:0x0C;0x00:0x10;0x00:0x22;0x00:0x30;0x00:0x34;0x00:0x93;0x00:0xA4;0x05:0x00;0x05:0x01;0x05:0x05;0x05:0x08;0x05:0x0E;0x05:0x11;0x05:0x23;0x05:0x2A;0x05:0x58;0x05:0x59;0x05:0x5B;0x05:0x69;0x05:0xB8;0x05:0xC8;0x09:0x64;0x09:0x6A;0x09:0x6B;0x09:0x6C;0x09:0x80;0x09:0x81;0x0A:0x60;0x0A:0x61;0x0A:0x62;0x0A:0x63;0x0A:0x64;0x0A:0x65;0x0A:0x66;0x0A:0x67;0x0A:0x68;0x0A:0x69;0x0A:0x6A;0x0A:0x6B;0x0A:0x6C;0x0A:0x6D;0x0A:0x6E;0x0A:0x6F;0x0A:0x70;0x0A:0x71;0x0A:0x72;0x0A:0x74
445,64,MODE1_0064_FHD_COMMON_WRITE,READBACK_MISMATCH,49,48,ABORTING->UNRESOLVED_REGISTER_GATE->FATAL_RECOVERY_FAILURE,FATAL_RECOVERY_FAILURE,UNRESOLVED_COMMITTED_REGISTERS=0x00:0x00;0x00:0x0C;0x00:0x10;0x00:0x22;0x00:0x30;0x00:0x34;0x00:0x93;0x00:0xA4;0x05:0x00;0x05:0x01;0x05:0x05;0x05:0x08;0x05:0x0E;0x05:0x11;0x05:0x23;0x05:0x2A;0x05:0x58;0x05:0x59;0x05:0x5B;0x05:0x69;0x05:0xB8;0x05:0xC8;0x09:0x64;0x09:0x6A;0x09:0x6B;0x09:0x6C;0x09:0x80;0x09:0x81;0x0A:0x60;0x0A:0x61;0x0A:0x62;0x0A:0x63;0x0A:0x64;0x0A:0x65;0x0A:0x66;0x0A:0x67;0x0A:0x68;0x0A:0x69;0x0A:0x6A;0x0A:0x6B;0x0A:0x6C;0x0A:0x6D;0x0A:0x6E;0x0A:0x6F;0x0A:0x70;0x0A:0x71;0x0A:0x72;0x0A:0x74
446,64,MODE1_0064_FHD_COMMON_WRITE,RESET_BETWEEN_OPERATIONS,49,48,ABORTING->PRODUCT_RECONSTRUCTION_GAP->FATAL_RECOVERY_FAILURE,FATAL_RECOVERY_FAILURE,CALLABLE_RESET_AUTOINIT_OR_PERSISTENT_RECOVERY_CONTEXT_NOT_PROVEN
447,64,MODE1_0064_FHD_COMMON_WRITE,HOST_ABORT,49,48,ABORTING->UNRESOLVED_REGISTER_GATE->FATAL_RECOVERY_FAILURE,FATAL_RECOVERY_FAILURE,UNRESOLVED_COMMITTED_REGISTERS=0x00:0x00;0x00:0x0C;0x00:0x10;0x00:0x22;0x00:0x30;0x00:0x34;0x00:0x93;0x00:0xA4;0x05:0x00;0x05:0x01;0x05:0x05;0x05:0x08;0x05:0x0E;0x05:0x11;0x05:0x23;0x05:0x2A;0x05:0x58;0x05:0x59;0x05:0x5B;0x05:0x69;0x05:0xB8;0x05:0xC8;0x09:0x64;0x09:0x6A;0x09:0x6B;0x09:0x6C;0x09:0x80;0x09:0x81;0x0A:0x60;0x0A:0x61;0x0A:0x62;0x0A:0x63;0x0A:0x64;0x0A:0x65;0x0A:0x66;0x0A:0x67;0x0A:0x68;0x0A:0x69;0x0A:0x6A;0x0A:0x6B;0x0A:0x6C;0x0A:0x6D;0x0A:0x6E;0x0A:0x6F;0x0A:0x70;0x0A:0x71;0x0A:0x72;0x0A:0x74
448,64,MODE1_0064_FHD_COMMON_WRITE,MMIO_RESET,49,48,ABORTING->PRODUCT_RECONSTRUCTION_GAP->FATAL_RECOVERY_FAILURE,FATAL_RECOVERY_FAILURE,CALLABLE_RESET_AUTOINIT_OR_PERSISTENT_RECOVERY_CONTEXT_NOT_PROVEN
449,65,MODE1_0065_FHD_COMMON_WRITE,FAILURE_BEFORE_WRITE,49,48,ABORTING->UNRESOLVED_REGISTER_GATE->FATAL_RECOVERY_FAILURE,FATAL_RECOVERY_FAILURE,UNRESOLVED_COMMITTED_REGISTERS=0x00:0x00;0x00:0x0C;0x00:0x10;0x00:0x22;0x00:0x30;0x00:0x34;0x00:0x93;0x00:0xA4;0x05:0x00;0x05:0x01;0x05:0x05;0x05:0x08;0x05:0x0E;0x05:0x11;0x05:0x23;0x05:0x2A;0x05:0x58;0x05:0x59;0x05:0x5B;0x05:0x69;0x05:0xB8;0x05:0xC8;0x09:0x64;0x09:0x6A;0x09:0x6B;0x09:0x6C;0x09:0x80;0x09:0x81;0x0A:0x60;0x0A:0x61;0x0A:0x62;0x0A:0x63;0x0A:0x64;0x0A:0x65;0x0A:0x66;0x0A:0x67;0x0A:0x68;0x0A:0x69;0x0A:0x6A;0x0A:0x6B;0x0A:0x6C;0x0A:0x6D;0x0A:0x6E;0x0A:0x6F;0x0A:0x70;0x0A:0x71;0x0A:0x72;0x0A:0x74
450,65,MODE1_0065_FHD_COMMON_WRITE,NACK_DURING_WRITE,50,49,ABORTING->UNRESOLVED_REGISTER_GATE->FATAL_RECOVERY_FAILURE,FATAL_RECOVERY_FAILURE,UNRESOLVED_COMMITTED_REGISTERS=0x00:0x00;0x00:0x0C;0x00:0x10;0x00:0x14;0x00:0x22;0x00:0x30;0x00:0x34;0x00:0x93;0x00:0xA4;0x05:0x00;0x05:0x01;0x05:0x05;0x05:0x08;0x05:0x0E;0x05:0x11;0x05:0x23;0x05:0x2A;0x05:0x58;0x05:0x59;0x05:0x5B;0x05:0x69;0x05:0xB8;0x05:0xC8;0x09:0x64;0x09:0x6A;0x09:0x6B;0x09:0x6C;0x09:0x80;0x09:0x81;0x0A:0x60;0x0A:0x61;0x0A:0x62;0x0A:0x63;0x0A:0x64;0x0A:0x65;0x0A:0x66;0x0A:0x67;0x0A:0x68;0x0A:0x69;0x0A:0x6A;0x0A:0x6B;0x0A:0x6C;0x0A:0x6D;0x0A:0x6E;0x0A:0x6F;0x0A:0x70;0x0A:0x71;0x0A:0x72;0x0A:0x74
451,65,MODE1_0065_FHD_COMMON_WRITE,TIMEOUT_DURING_WRITE,50,49,ABORTING->UNRESOLVED_REGISTER_GATE->FATAL_RECOVERY_FAILURE,FATAL_RECOVERY_FAILURE,UNRESOLVED_COMMITTED_REGISTERS=0x00:0x00;0x00:0x0C;0x00:0x10;0x00:0x14;0x00:0x22;0x00:0x30;0x00:0x34;0x00:0x93;0x00:0xA4;0x05:0x00;0x05:0x01;0x05:0x05;0x05:0x08;0x05:0x0E;0x05:0x11;0x05:0x23;0x05:0x2A;0x05:0x58;0x05:0x59;0x05:0x5B;0x05:0x69;0x05:0xB8;0x05:0xC8;0x09:0x64;0x09:0x6A;0x09:0x6B;0x09:0x6C;0x09:0x80;0x09:0x81;0x0A:0x60;0x0A:0x61;0x0A:0x62;0x0A:0x63;0x0A:0x64;0x0A:0x65;0x0A:0x66;0x0A:0x67;0x0A:0x68;0x0A:0x69;0x0A:0x6A;0x0A:0x6B;0x0A:0x6C;0x0A:0x6D;0x0A:0x6E;0x0A:0x6F;0x0A:0x70;0x0A:0x71;0x0A:0x72;0x0A:0x74
452,65,MODE1_0065_FHD_COMMON_WRITE,READBACK_MISMATCH,50,49,ABORTING->UNRESOLVED_REGISTER_GATE->FATAL_RECOVERY_FAILURE,FATAL_RECOVERY_FAILURE,UNRESOLVED_COMMITTED_REGISTERS=0x00:0x00;0x00:0x0C;0x00:0x10;0x00:0x14;0x00:0x22;0x00:0x30;0x00:0x34;0x00:0x93;0x00:0xA4;0x05:0x00;0x05:0x01;0x05:0x05;0x05:0x08;0x05:0x0E;0x05:0x11;0x05:0x23;0x05:0x2A;0x05:0x58;0x05:0x59;0x05:0x5B;0x05:0x69;0x05:0xB8;0x05:0xC8;0x09:0x64;0x09:0x6A;0x09:0x6B;0x09:0x6C;0x09:0x80;0x09:0x81;0x0A:0x60;0x0A:0x61;0x0A:0x62;0x0A:0x63;0x0A:0x64;0x0A:0x65;0x0A:0x66;0x0A:0x67;0x0A:0x68;0x0A:0x69;0x0A:0x6A;0x0A:0x6B;0x0A:0x6C;0x0A:0x6D;0x0A:0x6E;0x0A:0x6F;0x0A:0x70;0x0A:0x71;0x0A:0x72;0x0A:0x74
453,65,MODE1_0065_FHD_COMMON_WRITE,RESET_BETWEEN_OPERATIONS,50,49,ABORTING->PRODUCT_RECONSTRUCTION_GAP->FATAL_RECOVERY_FAILURE,FATAL_RECOVERY_FAILURE,CALLABLE_RESET_AUTOINIT_OR_PERSISTENT_RECOVERY_CONTEXT_NOT_PROVEN
454,65,MODE1_0065_FHD_COMMON_WRITE,HOST_ABORT,50,49,ABORTING->UNRESOLVED_REGISTER_GATE->FATAL_RECOVERY_FAILURE,FATAL_RECOVERY_FAILURE,UNRESOLVED_COMMITTED_REGISTERS=0x00:0x00;0x00:0x0C;0x00:0x10;0x00:0x14;0x00:0x22;0x00:0x30;0x00:0x34;0x00:0x93;0x00:0xA4;0x05:0x00;0x05:0x01;0x05:0x05;0x05:0x08;0x05:0x0E;0x05:0x11;0x05:0x23;0x05:0x2A;0x05:0x58;0x05:0x59;0x05:0x5B;0x05:0x69;0x05:0xB8;0x05:0xC8;0x09:0x64;0x09:0x6A;0x09:0x6B;0x09:0x6C;0x09:0x80;0x09:0x81;0x0A:0x60;0x0A:0x61;0x0A:0x62;0x0A:0x63;0x0A:0x64;0x0A:0x65;0x0A:0x66;0x0A:0x67;0x0A:0x68;0x0A:0x69;0x0A:0x6A;0x0A:0x6B;0x0A:0x6C;0x0A:0x6D;0x0A:0x6E;0x0A:0x6F;0x0A:0x70;0x0A:0x71;0x0A:0x72;0x0A:0x74
455,65,MODE1_0065_FHD_COMMON_WRITE,MMIO_RESET,50,49,ABORTING->PRODUCT_RECONSTRUCTION_GAP->FATAL_RECOVERY_FAILURE,FATAL_RECOVERY_FAILURE,CALLABLE_RESET_AUTOINIT_OR_PERSISTENT_RECOVERY_CONTEXT_NOT_PROVEN
456,66,MODE1_0066_FHD_COMMON_WRITE,FAILURE_BEFORE_WRITE,50,49,ABORTING->UNRESOLVED_REGISTER_GATE->FATAL_RECOVERY_FAILURE,FATAL_RECOVERY_FAILURE,UNRESOLVED_COMMITTED_REGISTERS=0x00:0x00;0x00:0x0C;0x00:0x10;0x00:0x14;0x00:0x22;0x00:0x30;0x00:0x34;0x00:0x93;0x00:0xA4;0x05:0x00;0x05:0x01;0x05:0x05;0x05:0x08;0x05:0x0E;0x05:0x11;0x05:0x23;0x05:0x2A;0x05:0x58;0x05:0x59;0x05:0x5B;0x05:0x69;0x05:0xB8;0x05:0xC8;0x09:0x64;0x09:0x6A;0x09:0x6B;0x09:0x6C;0x09:0x80;0x09:0x81;0x0A:0x60;0x0A:0x61;0x0A:0x62;0x0A:0x63;0x0A:0x64;0x0A:0x65;0x0A:0x66;0x0A:0x67;0x0A:0x68;0x0A:0x69;0x0A:0x6A;0x0A:0x6B;0x0A:0x6C;0x0A:0x6D;0x0A:0x6E;0x0A:0x6F;0x0A:0x70;0x0A:0x71;0x0A:0x72;0x0A:0x74
457,66,MODE1_0066_FHD_COMMON_WRITE,NACK_DURING_WRITE,51,50,ABORTING->UNRESOLVED_REGISTER_GATE->FATAL_RECOVERY_FAILURE,FATAL_RECOVERY_FAILURE,UNRESOLVED_COMMITTED_REGISTERS=0x00:0x00;0x00:0x0C;0x00:0x10;0x00:0x14;0x00:0x18;0x00:0x22;0x00:0x30;0x00:0x34;0x00:0x93;0x00:0xA4;0x05:0x00;0x05:0x01;0x05:0x05;0x05:0x08;0x05:0x0E;0x05:0x11;0x05:0x23;0x05:0x2A;0x05:0x58;0x05:0x59;0x05:0x5B;0x05:0x69;0x05:0xB8;0x05:0xC8;0x09:0x64;0x09:0x6A;0x09:0x6B;0x09:0x6C;0x09:0x80;0x09:0x81;0x0A:0x60;0x0A:0x61;0x0A:0x62;0x0A:0x63;0x0A:0x64;0x0A:0x65;0x0A:0x66;0x0A:0x67;0x0A:0x68;0x0A:0x69;0x0A:0x6A;0x0A:0x6B;0x0A:0x6C;0x0A:0x6D;0x0A:0x6E;0x0A:0x6F;0x0A:0x70;0x0A:0x71;0x0A:0x72;0x0A:0x74
458,66,MODE1_0066_FHD_COMMON_WRITE,TIMEOUT_DURING_WRITE,51,50,ABORTING->UNRESOLVED_REGISTER_GATE->FATAL_RECOVERY_FAILURE,FATAL_RECOVERY_FAILURE,UNRESOLVED_COMMITTED_REGISTERS=0x00:0x00;0x00:0x0C;0x00:0x10;0x00:0x14;0x00:0x18;0x00:0x22;0x00:0x30;0x00:0x34;0x00:0x93;0x00:0xA4;0x05:0x00;0x05:0x01;0x05:0x05;0x05:0x08;0x05:0x0E;0x05:0x11;0x05:0x23;0x05:0x2A;0x05:0x58;0x05:0x59;0x05:0x5B;0x05:0x69;0x05:0xB8;0x05:0xC8;0x09:0x64;0x09:0x6A;0x09:0x6B;0x09:0x6C;0x09:0x80;0x09:0x81;0x0A:0x60;0x0A:0x61;0x0A:0x62;0x0A:0x63;0x0A:0x64;0x0A:0x65;0x0A:0x66;0x0A:0x67;0x0A:0x68;0x0A:0x69;0x0A:0x6A;0x0A:0x6B;0x0A:0x6C;0x0A:0x6D;0x0A:0x6E;0x0A:0x6F;0x0A:0x70;0x0A:0x71;0x0A:0x72;0x0A:0x74
459,66,MODE1_0066_FHD_COMMON_WRITE,READBACK_MISMATCH,51,50,ABORTING->UNRESOLVED_REGISTER_GATE->FATAL_RECOVERY_FAILURE,FATAL_RECOVERY_FAILURE,UNRESOLVED_COMMITTED_REGISTERS=0x00:0x00;0x00:0x0C;0x00:0x10;0x00:0x14;0x00:0x18;0x00:0x22;0x00:0x30;0x00:0x34;0x00:0x93;0x00:0xA4;0x05:0x00;0x05:0x01;0x05:0x05;0x05:0x08;0x05:0x0E;0x05:0x11;0x05:0x23;0x05:0x2A;0x05:0x58;0x05:0x59;0x05:0x5B;0x05:0x69;0x05:0xB8;0x05:0xC8;0x09:0x64;0x09:0x6A;0x09:0x6B;0x09:0x6C;0x09:0x80;0x09:0x81;0x0A:0x60;0x0A:0x61;0x0A:0x62;0x0A:0x63;0x0A:0x64;0x0A:0x65;0x0A:0x66;0x0A:0x67;0x0A:0x68;0x0A:0x69;0x0A:0x6A;0x0A:0x6B;0x0A:0x6C;0x0A:0x6D;0x0A:0x6E;0x0A:0x6F;0x0A:0x70;0x0A:0x71;0x0A:0x72;0x0A:0x74
460,66,MODE1_0066_FHD_COMMON_WRITE,RESET_BETWEEN_OPERATIONS,51,50,ABORTING->PRODUCT_RECONSTRUCTION_GAP->FATAL_RECOVERY_FAILURE,FATAL_RECOVERY_FAILURE,CALLABLE_RESET_AUTOINIT_OR_PERSISTENT_RECOVERY_CONTEXT_NOT_PROVEN
461,66,MODE1_0066_FHD_COMMON_WRITE,HOST_ABORT,51,50,ABORTING->UNRESOLVED_REGISTER_GATE->FATAL_RECOVERY_FAILURE,FATAL_RECOVERY_FAILURE,UNRESOLVED_COMMITTED_REGISTERS=0x00:0x00;0x00:0x0C;0x00:0x10;0x00:0x14;0x00:0x18;0x00:0x22;0x00:0x30;0x00:0x34;0x00:0x93;0x00:0xA4;0x05:0x00;0x05:0x01;0x05:0x05;0x05:0x08;0x05:0x0E;0x05:0x11;0x05:0x23;0x05:0x2A;0x05:0x58;0x05:0x59;0x05:0x5B;0x05:0x69;0x05:0xB8;0x05:0xC8;0x09:0x64;0x09:0x6A;0x09:0x6B;0x09:0x6C;0x09:0x80;0x09:0x81;0x0A:0x60;0x0A:0x61;0x0A:0x62;0x0A:0x63;0x0A:0x64;0x0A:0x65;0x0A:0x66;0x0A:0x67;0x0A:0x68;0x0A:0x69;0x0A:0x6A;0x0A:0x6B;0x0A:0x6C;0x0A:0x6D;0x0A:0x6E;0x0A:0x6F;0x0A:0x70;0x0A:0x71;0x0A:0x72;0x0A:0x74
462,66,MODE1_0066_FHD_COMMON_WRITE,MMIO_RESET,51,50,ABORTING->PRODUCT_RECONSTRUCTION_GAP->FATAL_RECOVERY_FAILURE,FATAL_RECOVERY_FAILURE,CALLABLE_RESET_AUTOINIT_OR_PERSISTENT_RECOVERY_CONTEXT_NOT_PROVEN
463,67,MODE1_0067_FHD_COMMON_WRITE,FAILURE_BEFORE_WRITE,51,50,ABORTING->UNRESOLVED_REGISTER_GATE->FATAL_RECOVERY_FAILURE,FATAL_RECOVERY_FAILURE,UNRESOLVED_COMMITTED_REGISTERS=0x00:0x00;0x00:0x0C;0x00:0x10;0x00:0x14;0x00:0x18;0x00:0x22;0x00:0x30;0x00:0x34;0x00:0x93;0x00:0xA4;0x05:0x00;0x05:0x01;0x05:0x05;0x05:0x08;0x05:0x0E;0x05:0x11;0x05:0x23;0x05:0x2A;0x05:0x58;0x05:0x59;0x05:0x5B;0x05:0x69;0x05:0xB8;0x05:0xC8;0x09:0x64;0x09:0x6A;0x09:0x6B;0x09:0x6C;0x09:0x80;0x09:0x81;0x0A:0x60;0x0A:0x61;0x0A:0x62;0x0A:0x63;0x0A:0x64;0x0A:0x65;0x0A:0x66;0x0A:0x67;0x0A:0x68;0x0A:0x69;0x0A:0x6A;0x0A:0x6B;0x0A:0x6C;0x0A:0x6D;0x0A:0x6E;0x0A:0x6F;0x0A:0x70;0x0A:0x71;0x0A:0x72;0x0A:0x74
464,67,MODE1_0067_FHD_COMMON_WRITE,NACK_DURING_WRITE,52,51,ABORTING->UNRESOLVED_REGISTER_GATE->FATAL_RECOVERY_FAILURE,FATAL_RECOVERY_FAILURE,UNRESOLVED_COMMITTED_REGISTERS=0x00:0x00;0x00:0x0C;0x00:0x10;0x00:0x14;0x00:0x18;0x00:0x21;0x00:0x22;0x00:0x30;0x00:0x34;0x00:0x93;0x00:0xA4;0x05:0x00;0x05:0x01;0x05:0x05;0x05:0x08;0x05:0x0E;0x05:0x11;0x05:0x23;0x05:0x2A;0x05:0x58;0x05:0x59;0x05:0x5B;0x05:0x69;0x05:0xB8;0x05:0xC8;0x09:0x64;0x09:0x6A;0x09:0x6B;0x09:0x6C;0x09:0x80;0x09:0x81;0x0A:0x60;0x0A:0x61;0x0A:0x62;0x0A:0x63;0x0A:0x64;0x0A:0x65;0x0A:0x66;0x0A:0x67;0x0A:0x68;0x0A:0x69;0x0A:0x6A;0x0A:0x6B;0x0A:0x6C;0x0A:0x6D;0x0A:0x6E;0x0A:0x6F;0x0A:0x70;0x0A:0x71;0x0A:0x72;0x0A:0x74
465,67,MODE1_0067_FHD_COMMON_WRITE,TIMEOUT_DURING_WRITE,52,51,ABORTING->UNRESOLVED_REGISTER_GATE->FATAL_RECOVERY_FAILURE,FATAL_RECOVERY_FAILURE,UNRESOLVED_COMMITTED_REGISTERS=0x00:0x00;0x00:0x0C;0x00:0x10;0x00:0x14;0x00:0x18;0x00:0x21;0x00:0x22;0x00:0x30;0x00:0x34;0x00:0x93;0x00:0xA4;0x05:0x00;0x05:0x01;0x05:0x05;0x05:0x08;0x05:0x0E;0x05:0x11;0x05:0x23;0x05:0x2A;0x05:0x58;0x05:0x59;0x05:0x5B;0x05:0x69;0x05:0xB8;0x05:0xC8;0x09:0x64;0x09:0x6A;0x09:0x6B;0x09:0x6C;0x09:0x80;0x09:0x81;0x0A:0x60;0x0A:0x61;0x0A:0x62;0x0A:0x63;0x0A:0x64;0x0A:0x65;0x0A:0x66;0x0A:0x67;0x0A:0x68;0x0A:0x69;0x0A:0x6A;0x0A:0x6B;0x0A:0x6C;0x0A:0x6D;0x0A:0x6E;0x0A:0x6F;0x0A:0x70;0x0A:0x71;0x0A:0x72;0x0A:0x74
466,67,MODE1_0067_FHD_COMMON_WRITE,READBACK_MISMATCH,52,51,ABORTING->UNRESOLVED_REGISTER_GATE->FATAL_RECOVERY_FAILURE,FATAL_RECOVERY_FAILURE,UNRESOLVED_COMMITTED_REGISTERS=0x00:0x00;0x00:0x0C;0x00:0x10;0x00:0x14;0x00:0x18;0x00:0x21;0x00:0x22;0x00:0x30;0x00:0x34;0x00:0x93;0x00:0xA4;0x05:0x00;0x05:0x01;0x05:0x05;0x05:0x08;0x05:0x0E;0x05:0x11;0x05:0x23;0x05:0x2A;0x05:0x58;0x05:0x59;0x05:0x5B;0x05:0x69;0x05:0xB8;0x05:0xC8;0x09:0x64;0x09:0x6A;0x09:0x6B;0x09:0x6C;0x09:0x80;0x09:0x81;0x0A:0x60;0x0A:0x61;0x0A:0x62;0x0A:0x63;0x0A:0x64;0x0A:0x65;0x0A:0x66;0x0A:0x67;0x0A:0x68;0x0A:0x69;0x0A:0x6A;0x0A:0x6B;0x0A:0x6C;0x0A:0x6D;0x0A:0x6E;0x0A:0x6F;0x0A:0x70;0x0A:0x71;0x0A:0x72;0x0A:0x74
467,67,MODE1_0067_FHD_COMMON_WRITE,RESET_BETWEEN_OPERATIONS,52,51,ABORTING->PRODUCT_RECONSTRUCTION_GAP->FATAL_RECOVERY_FAILURE,FATAL_RECOVERY_FAILURE,CALLABLE_RESET_AUTOINIT_OR_PERSISTENT_RECOVERY_CONTEXT_NOT_PROVEN
468,67,MODE1_0067_FHD_COMMON_WRITE,HOST_ABORT,52,51,ABORTING->UNRESOLVED_REGISTER_GATE->FATAL_RECOVERY_FAILURE,FATAL_RECOVERY_FAILURE,UNRESOLVED_COMMITTED_REGISTERS=0x00:0x00;0x00:0x0C;0x00:0x10;0x00:0x14;0x00:0x18;0x00:0x21;0x00:0x22;0x00:0x30;0x00:0x34;0x00:0x93;0x00:0xA4;0x05:0x00;0x05:0x01;0x05:0x05;0x05:0x08;0x05:0x0E;0x05:0x11;0x05:0x23;0x05:0x2A;0x05:0x58;0x05:0x59;0x05:0x5B;0x05:0x69;0x05:0xB8;0x05:0xC8;0x09:0x64;0x09:0x6A;0x09:0x6B;0x09:0x6C;0x09:0x80;0x09:0x81;0x0A:0x60;0x0A:0x61;0x0A:0x62;0x0A:0x63;0x0A:0x64;0x0A:0x65;0x0A:0x66;0x0A:0x67;0x0A:0x68;0x0A:0x69;0x0A:0x6A;0x0A:0x6B;0x0A:0x6C;0x0A:0x6D;0x0A:0x6E;0x0A:0x6F;0x0A:0x70;0x0A:0x71;0x0A:0x72;0x0A:0x74
469,67,MODE1_0067_FHD_COMMON_WRITE,MMIO_RESET,52,51,ABORTING->PRODUCT_RECONSTRUCTION_GAP->FATAL_RECOVERY_FAILURE,FATAL_RECOVERY_FAILURE,CALLABLE_RESET_AUTOINIT_OR_PERSISTENT_RECOVERY_CONTEXT_NOT_PROVEN
470,68,MODE1_0068_FHD_COMMON_WRITE,FAILURE_BEFORE_WRITE,52,51,ABORTING->UNRESOLVED_REGISTER_GATE->FATAL_RECOVERY_FAILURE,FATAL_RECOVERY_FAILURE,UNRESOLVED_COMMITTED_REGISTERS=0x00:0x00;0x00:0x0C;0x00:0x10;0x00:0x14;0x00:0x18;0x00:0x21;0x00:0x22;0x00:0x30;0x00:0x34;0x00:0x93;0x00:0xA4;0x05:0x00;0x05:0x01;0x05:0x05;0x05:0x08;0x05:0x0E;0x05:0x11;0x05:0x23;0x05:0x2A;0x05:0x58;0x05:0x59;0x05:0x5B;0x05:0x69;0x05:0xB8;0x05:0xC8;0x09:0x64;0x09:0x6A;0x09:0x6B;0x09:0x6C;0x09:0x80;0x09:0x81;0x0A:0x60;0x0A:0x61;0x0A:0x62;0x0A:0x63;0x0A:0x64;0x0A:0x65;0x0A:0x66;0x0A:0x67;0x0A:0x68;0x0A:0x69;0x0A:0x6A;0x0A:0x6B;0x0A:0x6C;0x0A:0x6D;0x0A:0x6E;0x0A:0x6F;0x0A:0x70;0x0A:0x71;0x0A:0x72;0x0A:0x74
471,68,MODE1_0068_FHD_COMMON_WRITE,NACK_DURING_WRITE,52,51,ABORTING->UNRESOLVED_REGISTER_GATE->FATAL_RECOVERY_FAILURE,FATAL_RECOVERY_FAILURE,UNRESOLVED_COMMITTED_REGISTERS=0x00:0x00;0x00:0x0C;0x00:0x10;0x00:0x14;0x00:0x18;0x00:0x21;0x00:0x22;0x00:0x30;0x00:0x34;0x00:0x93;0x00:0xA4;0x05:0x00;0x05:0x01;0x05:0x05;0x05:0x08;0x05:0x0E;0x05:0x11;0x05:0x23;0x05:0x2A;0x05:0x58;0x05:0x59;0x05:0x5B;0x05:0x69;0x05:0xB8;0x05:0xC8;0x09:0x64;0x09:0x6A;0x09:0x6B;0x09:0x6C;0x09:0x80;0x09:0x81;0x0A:0x60;0x0A:0x61;0x0A:0x62;0x0A:0x63;0x0A:0x64;0x0A:0x65;0x0A:0x66;0x0A:0x67;0x0A:0x68;0x0A:0x69;0x0A:0x6A;0x0A:0x6B;0x0A:0x6C;0x0A:0x6D;0x0A:0x6E;0x0A:0x6F;0x0A:0x70;0x0A:0x71;0x0A:0x72;0x0A:0x74
472,68,MODE1_0068_FHD_COMMON_WRITE,TIMEOUT_DURING_WRITE,52,51,ABORTING->UNRESOLVED_REGISTER_GATE->FATAL_RECOVERY_FAILURE,FATAL_RECOVERY_FAILURE,UNRESOLVED_COMMITTED_REGISTERS=0x00:0x00;0x00:0x0C;0x00:0x10;0x00:0x14;0x00:0x18;0x00:0x21;0x00:0x22;0x00:0x30;0x00:0x34;0x00:0x93;0x00:0xA4;0x05:0x00;0x05:0x01;0x05:0x05;0x05:0x08;0x05:0x0E;0x05:0x11;0x05:0x23;0x05:0x2A;0x05:0x58;0x05:0x59;0x05:0x5B;0x05:0x69;0x05:0xB8;0x05:0xC8;0x09:0x64;0x09:0x6A;0x09:0x6B;0x09:0x6C;0x09:0x80;0x09:0x81;0x0A:0x60;0x0A:0x61;0x0A:0x62;0x0A:0x63;0x0A:0x64;0x0A:0x65;0x0A:0x66;0x0A:0x67;0x0A:0x68;0x0A:0x69;0x0A:0x6A;0x0A:0x6B;0x0A:0x6C;0x0A:0x6D;0x0A:0x6E;0x0A:0x6F;0x0A:0x70;0x0A:0x71;0x0A:0x72;0x0A:0x74
473,68,MODE1_0068_FHD_COMMON_WRITE,READBACK_MISMATCH,52,51,ABORTING->UNRESOLVED_REGISTER_GATE->FATAL_RECOVERY_FAILURE,FATAL_RECOVERY_FAILURE,UNRESOLVED_COMMITTED_REGISTERS=0x00:0x00;0x00:0x0C;0x00:0x10;0x00:0x14;0x00:0x18;0x00:0x21;0x00:0x22;0x00:0x30;0x00:0x34;0x00:0x93;0x00:0xA4;0x05:0x00;0x05:0x01;0x05:0x05;0x05:0x08;0x05:0x0E;0x05:0x11;0x05:0x23;0x05:0x2A;0x05:0x58;0x05:0x59;0x05:0x5B;0x05:0x69;0x05:0xB8;0x05:0xC8;0x09:0x64;0x09:0x6A;0x09:0x6B;0x09:0x6C;0x09:0x80;0x09:0x81;0x0A:0x60;0x0A:0x61;0x0A:0x62;0x0A:0x63;0x0A:0x64;0x0A:0x65;0x0A:0x66;0x0A:0x67;0x0A:0x68;0x0A:0x69;0x0A:0x6A;0x0A:0x6B;0x0A:0x6C;0x0A:0x6D;0x0A:0x6E;0x0A:0x6F;0x0A:0x70;0x0A:0x71;0x0A:0x72;0x0A:0x74
474,68,MODE1_0068_FHD_COMMON_WRITE,RESET_BETWEEN_OPERATIONS,52,51,ABORTING->PRODUCT_RECONSTRUCTION_GAP->FATAL_RECOVERY_FAILURE,FATAL_RECOVERY_FAILURE,CALLABLE_RESET_AUTOINIT_OR_PERSISTENT_RECOVERY_CONTEXT_NOT_PROVEN
475,68,MODE1_0068_FHD_COMMON_WRITE,HOST_ABORT,52,51,ABORTING->UNRESOLVED_REGISTER_GATE->FATAL_RECOVERY_FAILURE,FATAL_RECOVERY_FAILURE,UNRESOLVED_COMMITTED_REGISTERS=0x00:0x00;0x00:0x0C;0x00:0x10;0x00:0x14;0x00:0x18;0x00:0x21;0x00:0x22;0x00:0x30;0x00:0x34;0x00:0x93;0x00:0xA4;0x05:0x00;0x05:0x01;0x05:0x05;0x05:0x08;0x05:0x0E;0x05:0x11;0x05:0x23;0x05:0x2A;0x05:0x58;0x05:0x59;0x05:0x5B;0x05:0x69;0x05:0xB8;0x05:0xC8;0x09:0x64;0x09:0x6A;0x09:0x6B;0x09:0x6C;0x09:0x80;0x09:0x81;0x0A:0x60;0x0A:0x61;0x0A:0x62;0x0A:0x63;0x0A:0x64;0x0A:0x65;0x0A:0x66;0x0A:0x67;0x0A:0x68;0x0A:0x69;0x0A:0x6A;0x0A:0x6B;0x0A:0x6C;0x0A:0x6D;0x0A:0x6E;0x0A:0x6F;0x0A:0x70;0x0A:0x71;0x0A:0x72;0x0A:0x74
476,68,MODE1_0068_FHD_COMMON_WRITE,MMIO_RESET,52,51,ABORTING->PRODUCT_RECONSTRUCTION_GAP->FATAL_RECOVERY_FAILURE,FATAL_RECOVERY_FAILURE,CALLABLE_RESET_AUTOINIT_OR_PERSISTENT_RECOVERY_CONTEXT_NOT_PROVEN
477,69,MODE1_0069_FHD_COMMON_WRITE,FAILURE_BEFORE_WRITE,52,51,ABORTING->UNRESOLVED_REGISTER_GATE->FATAL_RECOVERY_FAILURE,FATAL_RECOVERY_FAILURE,UNRESOLVED_COMMITTED_REGISTERS=0x00:0x00;0x00:0x0C;0x00:0x10;0x00:0x14;0x00:0x18;0x00:0x21;0x00:0x22;0x00:0x30;0x00:0x34;0x00:0x93;0x00:0xA4;0x05:0x00;0x05:0x01;0x05:0x05;0x05:0x08;0x05:0x0E;0x05:0x11;0x05:0x23;0x05:0x2A;0x05:0x58;0x05:0x59;0x05:0x5B;0x05:0x69;0x05:0xB8;0x05:0xC8;0x09:0x64;0x09:0x6A;0x09:0x6B;0x09:0x6C;0x09:0x80;0x09:0x81;0x0A:0x60;0x0A:0x61;0x0A:0x62;0x0A:0x63;0x0A:0x64;0x0A:0x65;0x0A:0x66;0x0A:0x67;0x0A:0x68;0x0A:0x69;0x0A:0x6A;0x0A:0x6B;0x0A:0x6C;0x0A:0x6D;0x0A:0x6E;0x0A:0x6F;0x0A:0x70;0x0A:0x71;0x0A:0x72;0x0A:0x74
478,69,MODE1_0069_FHD_COMMON_WRITE,NACK_DURING_WRITE,53,52,ABORTING->UNRESOLVED_REGISTER_GATE->FATAL_RECOVERY_FAILURE,FATAL_RECOVERY_FAILURE,UNRESOLVED_COMMITTED_REGISTERS=0x00:0x00;0x00:0x0C;0x00:0x10;0x00:0x14;0x00:0x18;0x00:0x21;0x00:0x22;0x00:0x30;0x00:0x34;0x00:0x3C;0x00:0x93;0x00:0xA4;0x05:0x00;0x05:0x01;0x05:0x05;0x05:0x08;0x05:0x0E;0x05:0x11;0x05:0x23;0x05:0x2A;0x05:0x58;0x05:0x59;0x05:0x5B;0x05:0x69;0x05:0xB8;0x05:0xC8;0x09:0x64;0x09:0x6A;0x09:0x6B;0x09:0x6C;0x09:0x80;0x09:0x81;0x0A:0x60;0x0A:0x61;0x0A:0x62;0x0A:0x63;0x0A:0x64;0x0A:0x65;0x0A:0x66;0x0A:0x67;0x0A:0x68;0x0A:0x69;0x0A:0x6A;0x0A:0x6B;0x0A:0x6C;0x0A:0x6D;0x0A:0x6E;0x0A:0x6F;0x0A:0x70;0x0A:0x71;0x0A:0x72;0x0A:0x74
479,69,MODE1_0069_FHD_COMMON_WRITE,TIMEOUT_DURING_WRITE,53,52,ABORTING->UNRESOLVED_REGISTER_GATE->FATAL_RECOVERY_FAILURE,FATAL_RECOVERY_FAILURE,UNRESOLVED_COMMITTED_REGISTERS=0x00:0x00;0x00:0x0C;0x00:0x10;0x00:0x14;0x00:0x18;0x00:0x21;0x00:0x22;0x00:0x30;0x00:0x34;0x00:0x3C;0x00:0x93;0x00:0xA4;0x05:0x00;0x05:0x01;0x05:0x05;0x05:0x08;0x05:0x0E;0x05:0x11;0x05:0x23;0x05:0x2A;0x05:0x58;0x05:0x59;0x05:0x5B;0x05:0x69;0x05:0xB8;0x05:0xC8;0x09:0x64;0x09:0x6A;0x09:0x6B;0x09:0x6C;0x09:0x80;0x09:0x81;0x0A:0x60;0x0A:0x61;0x0A:0x62;0x0A:0x63;0x0A:0x64;0x0A:0x65;0x0A:0x66;0x0A:0x67;0x0A:0x68;0x0A:0x69;0x0A:0x6A;0x0A:0x6B;0x0A:0x6C;0x0A:0x6D;0x0A:0x6E;0x0A:0x6F;0x0A:0x70;0x0A:0x71;0x0A:0x72;0x0A:0x74
480,69,MODE1_0069_FHD_COMMON_WRITE,READBACK_MISMATCH,53,52,ABORTING->UNRESOLVED_REGISTER_GATE->FATAL_RECOVERY_FAILURE,FATAL_RECOVERY_FAILURE,UNRESOLVED_COMMITTED_REGISTERS=0x00:0x00;0x00:0x0C;0x00:0x10;0x00:0x14;0x00:0x18;0x00:0x21;0x00:0x22;0x00:0x30;0x00:0x34;0x00:0x3C;0x00:0x93;0x00:0xA4;0x05:0x00;0x05:0x01;0x05:0x05;0x05:0x08;0x05:0x0E;0x05:0x11;0x05:0x23;0x05:0x2A;0x05:0x58;0x05:0x59;0x05:0x5B;0x05:0x69;0x05:0xB8;0x05:0xC8;0x09:0x64;0x09:0x6A;0x09:0x6B;0x09:0x6C;0x09:0x80;0x09:0x81;0x0A:0x60;0x0A:0x61;0x0A:0x62;0x0A:0x63;0x0A:0x64;0x0A:0x65;0x0A:0x66;0x0A:0x67;0x0A:0x68;0x0A:0x69;0x0A:0x6A;0x0A:0x6B;0x0A:0x6C;0x0A:0x6D;0x0A:0x6E;0x0A:0x6F;0x0A:0x70;0x0A:0x71;0x0A:0x72;0x0A:0x74
481,69,MODE1_0069_FHD_COMMON_WRITE,RESET_BETWEEN_OPERATIONS,53,52,ABORTING->PRODUCT_RECONSTRUCTION_GAP->FATAL_RECOVERY_FAILURE,FATAL_RECOVERY_FAILURE,CALLABLE_RESET_AUTOINIT_OR_PERSISTENT_RECOVERY_CONTEXT_NOT_PROVEN
482,69,MODE1_0069_FHD_COMMON_WRITE,HOST_ABORT,53,52,ABORTING->UNRESOLVED_REGISTER_GATE->FATAL_RECOVERY_FAILURE,FATAL_RECOVERY_FAILURE,UNRESOLVED_COMMITTED_REGISTERS=0x00:0x00;0x00:0x0C;0x00:0x10;0x00:0x14;0x00:0x18;0x00:0x21;0x00:0x22;0x00:0x30;0x00:0x34;0x00:0x3C;0x00:0x93;0x00:0xA4;0x05:0x00;0x05:0x01;0x05:0x05;0x05:0x08;0x05:0x0E;0x05:0x11;0x05:0x23;0x05:0x2A;0x05:0x58;0x05:0x59;0x05:0x5B;0x05:0x69;0x05:0xB8;0x05:0xC8;0x09:0x64;0x09:0x6A;0x09:0x6B;0x09:0x6C;0x09:0x80;0x09:0x81;0x0A:0x60;0x0A:0x61;0x0A:0x62;0x0A:0x63;0x0A:0x64;0x0A:0x65;0x0A:0x66;0x0A:0x67;0x0A:0x68;0x0A:0x69;0x0A:0x6A;0x0A:0x6B;0x0A:0x6C;0x0A:0x6D;0x0A:0x6E;0x0A:0x6F;0x0A:0x70;0x0A:0x71;0x0A:0x72;0x0A:0x74
483,69,MODE1_0069_FHD_COMMON_WRITE,MMIO_RESET,53,52,ABORTING->PRODUCT_RECONSTRUCTION_GAP->FATAL_RECOVERY_FAILURE,FATAL_RECOVERY_FAILURE,CALLABLE_RESET_AUTOINIT_OR_PERSISTENT_RECOVERY_CONTEXT_NOT_PROVEN
484,70,MODE1_0070_FHD_COMMON_WRITE,FAILURE_BEFORE_WRITE,53,52,ABORTING->UNRESOLVED_REGISTER_GATE->FATAL_RECOVERY_FAILURE,FATAL_RECOVERY_FAILURE,UNRESOLVED_COMMITTED_REGISTERS=0x00:0x00;0x00:0x0C;0x00:0x10;0x00:0x14;0x00:0x18;0x00:0x21;0x00:0x22;0x00:0x30;0x00:0x34;0x00:0x3C;0x00:0x93;0x00:0xA4;0x05:0x00;0x05:0x01;0x05:0x05;0x05:0x08;0x05:0x0E;0x05:0x11;0x05:0x23;0x05:0x2A;0x05:0x58;0x05:0x59;0x05:0x5B;0x05:0x69;0x05:0xB8;0x05:0xC8;0x09:0x64;0x09:0x6A;0x09:0x6B;0x09:0x6C;0x09:0x80;0x09:0x81;0x0A:0x60;0x0A:0x61;0x0A:0x62;0x0A:0x63;0x0A:0x64;0x0A:0x65;0x0A:0x66;0x0A:0x67;0x0A:0x68;0x0A:0x69;0x0A:0x6A;0x0A:0x6B;0x0A:0x6C;0x0A:0x6D;0x0A:0x6E;0x0A:0x6F;0x0A:0x70;0x0A:0x71;0x0A:0x72;0x0A:0x74
485,70,MODE1_0070_FHD_COMMON_WRITE,NACK_DURING_WRITE,54,53,ABORTING->UNRESOLVED_REGISTER_GATE->FATAL_RECOVERY_FAILURE,FATAL_RECOVERY_FAILURE,UNRESOLVED_COMMITTED_REGISTERS=0x00:0x00;0x00:0x0C;0x00:0x10;0x00:0x14;0x00:0x18;0x00:0x21;0x00:0x22;0x00:0x30;0x00:0x34;0x00:0x3C;0x00:0x44;0x00:0x93;0x00:0xA4;0x05:0x00;0x05:0x01;0x05:0x05;0x05:0x08;0x05:0x0E;0x05:0x11;0x05:0x23;0x05:0x2A;0x05:0x58;0x05:0x59;0x05:0x5B;0x05:0x69;0x05:0xB8;0x05:0xC8;0x09:0x64;0x09:0x6A;0x09:0x6B;0x09:0x6C;0x09:0x80;0x09:0x81;0x0A:0x60;0x0A:0x61;0x0A:0x62;0x0A:0x63;0x0A:0x64;0x0A:0x65;0x0A:0x66;0x0A:0x67;0x0A:0x68;0x0A:0x69;0x0A:0x6A;0x0A:0x6B;0x0A:0x6C;0x0A:0x6D;0x0A:0x6E;0x0A:0x6F;0x0A:0x70;0x0A:0x71;0x0A:0x72;0x0A:0x74
486,70,MODE1_0070_FHD_COMMON_WRITE,TIMEOUT_DURING_WRITE,54,53,ABORTING->UNRESOLVED_REGISTER_GATE->FATAL_RECOVERY_FAILURE,FATAL_RECOVERY_FAILURE,UNRESOLVED_COMMITTED_REGISTERS=0x00:0x00;0x00:0x0C;0x00:0x10;0x00:0x14;0x00:0x18;0x00:0x21;0x00:0x22;0x00:0x30;0x00:0x34;0x00:0x3C;0x00:0x44;0x00:0x93;0x00:0xA4;0x05:0x00;0x05:0x01;0x05:0x05;0x05:0x08;0x05:0x0E;0x05:0x11;0x05:0x23;0x05:0x2A;0x05:0x58;0x05:0x59;0x05:0x5B;0x05:0x69;0x05:0xB8;0x05:0xC8;0x09:0x64;0x09:0x6A;0x09:0x6B;0x09:0x6C;0x09:0x80;0x09:0x81;0x0A:0x60;0x0A:0x61;0x0A:0x62;0x0A:0x63;0x0A:0x64;0x0A:0x65;0x0A:0x66;0x0A:0x67;0x0A:0x68;0x0A:0x69;0x0A:0x6A;0x0A:0x6B;0x0A:0x6C;0x0A:0x6D;0x0A:0x6E;0x0A:0x6F;0x0A:0x70;0x0A:0x71;0x0A:0x72;0x0A:0x74
487,70,MODE1_0070_FHD_COMMON_WRITE,READBACK_MISMATCH,54,53,ABORTING->UNRESOLVED_REGISTER_GATE->FATAL_RECOVERY_FAILURE,FATAL_RECOVERY_FAILURE,UNRESOLVED_COMMITTED_REGISTERS=0x00:0x00;0x00:0x0C;0x00:0x10;0x00:0x14;0x00:0x18;0x00:0x21;0x00:0x22;0x00:0x30;0x00:0x34;0x00:0x3C;0x00:0x44;0x00:0x93;0x00:0xA4;0x05:0x00;0x05:0x01;0x05:0x05;0x05:0x08;0x05:0x0E;0x05:0x11;0x05:0x23;0x05:0x2A;0x05:0x58;0x05:0x59;0x05:0x5B;0x05:0x69;0x05:0xB8;0x05:0xC8;0x09:0x64;0x09:0x6A;0x09:0x6B;0x09:0x6C;0x09:0x80;0x09:0x81;0x0A:0x60;0x0A:0x61;0x0A:0x62;0x0A:0x63;0x0A:0x64;0x0A:0x65;0x0A:0x66;0x0A:0x67;0x0A:0x68;0x0A:0x69;0x0A:0x6A;0x0A:0x6B;0x0A:0x6C;0x0A:0x6D;0x0A:0x6E;0x0A:0x6F;0x0A:0x70;0x0A:0x71;0x0A:0x72;0x0A:0x74
488,70,MODE1_0070_FHD_COMMON_WRITE,RESET_BETWEEN_OPERATIONS,54,53,ABORTING->PRODUCT_RECONSTRUCTION_GAP->FATAL_RECOVERY_FAILURE,FATAL_RECOVERY_FAILURE,CALLABLE_RESET_AUTOINIT_OR_PERSISTENT_RECOVERY_CONTEXT_NOT_PROVEN
489,70,MODE1_0070_FHD_COMMON_WRITE,HOST_ABORT,54,53,ABORTING->UNRESOLVED_REGISTER_GATE->FATAL_RECOVERY_FAILURE,FATAL_RECOVERY_FAILURE,UNRESOLVED_COMMITTED_REGISTERS=0x00:0x00;0x00:0x0C;0x00:0x10;0x00:0x14;0x00:0x18;0x00:0x21;0x00:0x22;0x00:0x30;0x00:0x34;0x00:0x3C;0x00:0x44;0x00:0x93;0x00:0xA4;0x05:0x00;0x05:0x01;0x05:0x05;0x05:0x08;0x05:0x0E;0x05:0x11;0x05:0x23;0x05:0x2A;0x05:0x58;0x05:0x59;0x05:0x5B;0x05:0x69;0x05:0xB8;0x05:0xC8;0x09:0x64;0x09:0x6A;0x09:0x6B;0x09:0x6C;0x09:0x80;0x09:0x81;0x0A:0x60;0x0A:0x61;0x0A:0x62;0x0A:0x63;0x0A:0x64;0x0A:0x65;0x0A:0x66;0x0A:0x67;0x0A:0x68;0x0A:0x69;0x0A:0x6A;0x0A:0x6B;0x0A:0x6C;0x0A:0x6D;0x0A:0x6E;0x0A:0x6F;0x0A:0x70;0x0A:0x71;0x0A:0x72;0x0A:0x74
490,70,MODE1_0070_FHD_COMMON_WRITE,MMIO_RESET,54,53,ABORTING->PRODUCT_RECONSTRUCTION_GAP->FATAL_RECOVERY_FAILURE,FATAL_RECOVERY_FAILURE,CALLABLE_RESET_AUTOINIT_OR_PERSISTENT_RECOVERY_CONTEXT_NOT_PROVEN
491,71,MODE1_0071_FHD_COMMON_WRITE,FAILURE_BEFORE_WRITE,54,53,ABORTING->UNRESOLVED_REGISTER_GATE->FATAL_RECOVERY_FAILURE,FATAL_RECOVERY_FAILURE,UNRESOLVED_COMMITTED_REGISTERS=0x00:0x00;0x00:0x0C;0x00:0x10;0x00:0x14;0x00:0x18;0x00:0x21;0x00:0x22;0x00:0x30;0x00:0x34;0x00:0x3C;0x00:0x44;0x00:0x93;0x00:0xA4;0x05:0x00;0x05:0x01;0x05:0x05;0x05:0x08;0x05:0x0E;0x05:0x11;0x05:0x23;0x05:0x2A;0x05:0x58;0x05:0x59;0x05:0x5B;0x05:0x69;0x05:0xB8;0x05:0xC8;0x09:0x64;0x09:0x6A;0x09:0x6B;0x09:0x6C;0x09:0x80;0x09:0x81;0x0A:0x60;0x0A:0x61;0x0A:0x62;0x0A:0x63;0x0A:0x64;0x0A:0x65;0x0A:0x66;0x0A:0x67;0x0A:0x68;0x0A:0x69;0x0A:0x6A;0x0A:0x6B;0x0A:0x6C;0x0A:0x6D;0x0A:0x6E;0x0A:0x6F;0x0A:0x70;0x0A:0x71;0x0A:0x72;0x0A:0x74
492,71,MODE1_0071_FHD_COMMON_WRITE,NACK_DURING_WRITE,55,54,ABORTING->UNRESOLVED_REGISTER_GATE->FATAL_RECOVERY_FAILURE,FATAL_RECOVERY_FAILURE,UNRESOLVED_COMMITTED_REGISTERS=0x00:0x00;0x00:0x0C;0x00:0x10;0x00:0x14;0x00:0x18;0x00:0x21;0x00:0x22;0x00:0x30;0x00:0x34;0x00:0x3C;0x00:0x44;0x00:0x48;0x00:0x93;0x00:0xA4;0x05:0x00;0x05:0x01;0x05:0x05;0x05:0x08;0x05:0x0E;0x05:0x11;0x05:0x23;0x05:0x2A;0x05:0x58;0x05:0x59;0x05:0x5B;0x05:0x69;0x05:0xB8;0x05:0xC8;0x09:0x64;0x09:0x6A;0x09:0x6B;0x09:0x6C;0x09:0x80;0x09:0x81;0x0A:0x60;0x0A:0x61;0x0A:0x62;0x0A:0x63;0x0A:0x64;0x0A:0x65;0x0A:0x66;0x0A:0x67;0x0A:0x68;0x0A:0x69;0x0A:0x6A;0x0A:0x6B;0x0A:0x6C;0x0A:0x6D;0x0A:0x6E;0x0A:0x6F;0x0A:0x70;0x0A:0x71;0x0A:0x72;0x0A:0x74
493,71,MODE1_0071_FHD_COMMON_WRITE,TIMEOUT_DURING_WRITE,55,54,ABORTING->UNRESOLVED_REGISTER_GATE->FATAL_RECOVERY_FAILURE,FATAL_RECOVERY_FAILURE,UNRESOLVED_COMMITTED_REGISTERS=0x00:0x00;0x00:0x0C;0x00:0x10;0x00:0x14;0x00:0x18;0x00:0x21;0x00:0x22;0x00:0x30;0x00:0x34;0x00:0x3C;0x00:0x44;0x00:0x48;0x00:0x93;0x00:0xA4;0x05:0x00;0x05:0x01;0x05:0x05;0x05:0x08;0x05:0x0E;0x05:0x11;0x05:0x23;0x05:0x2A;0x05:0x58;0x05:0x59;0x05:0x5B;0x05:0x69;0x05:0xB8;0x05:0xC8;0x09:0x64;0x09:0x6A;0x09:0x6B;0x09:0x6C;0x09:0x80;0x09:0x81;0x0A:0x60;0x0A:0x61;0x0A:0x62;0x0A:0x63;0x0A:0x64;0x0A:0x65;0x0A:0x66;0x0A:0x67;0x0A:0x68;0x0A:0x69;0x0A:0x6A;0x0A:0x6B;0x0A:0x6C;0x0A:0x6D;0x0A:0x6E;0x0A:0x6F;0x0A:0x70;0x0A:0x71;0x0A:0x72;0x0A:0x74
494,71,MODE1_0071_FHD_COMMON_WRITE,READBACK_MISMATCH,55,54,ABORTING->UNRESOLVED_REGISTER_GATE->FATAL_RECOVERY_FAILURE,FATAL_RECOVERY_FAILURE,UNRESOLVED_COMMITTED_REGISTERS=0x00:0x00;0x00:0x0C;0x00:0x10;0x00:0x14;0x00:0x18;0x00:0x21;0x00:0x22;0x00:0x30;0x00:0x34;0x00:0x3C;0x00:0x44;0x00:0x48;0x00:0x93;0x00:0xA4;0x05:0x00;0x05:0x01;0x05:0x05;0x05:0x08;0x05:0x0E;0x05:0x11;0x05:0x23;0x05:0x2A;0x05:0x58;0x05:0x59;0x05:0x5B;0x05:0x69;0x05:0xB8;0x05:0xC8;0x09:0x64;0x09:0x6A;0x09:0x6B;0x09:0x6C;0x09:0x80;0x09:0x81;0x0A:0x60;0x0A:0x61;0x0A:0x62;0x0A:0x63;0x0A:0x64;0x0A:0x65;0x0A:0x66;0x0A:0x67;0x0A:0x68;0x0A:0x69;0x0A:0x6A;0x0A:0x6B;0x0A:0x6C;0x0A:0x6D;0x0A:0x6E;0x0A:0x6F;0x0A:0x70;0x0A:0x71;0x0A:0x72;0x0A:0x74
495,71,MODE1_0071_FHD_COMMON_WRITE,RESET_BETWEEN_OPERATIONS,55,54,ABORTING->PRODUCT_RECONSTRUCTION_GAP->FATAL_RECOVERY_FAILURE,FATAL_RECOVERY_FAILURE,CALLABLE_RESET_AUTOINIT_OR_PERSISTENT_RECOVERY_CONTEXT_NOT_PROVEN
496,71,MODE1_0071_FHD_COMMON_WRITE,HOST_ABORT,55,54,ABORTING->UNRESOLVED_REGISTER_GATE->FATAL_RECOVERY_FAILURE,FATAL_RECOVERY_FAILURE,UNRESOLVED_COMMITTED_REGISTERS=0x00:0x00;0x00:0x0C;0x00:0x10;0x00:0x14;0x00:0x18;0x00:0x21;0x00:0x22;0x00:0x30;0x00:0x34;0x00:0x3C;0x00:0x44;0x00:0x48;0x00:0x93;0x00:0xA4;0x05:0x00;0x05:0x01;0x05:0x05;0x05:0x08;0x05:0x0E;0x05:0x11;0x05:0x23;0x05:0x2A;0x05:0x58;0x05:0x59;0x05:0x5B;0x05:0x69;0x05:0xB8;0x05:0xC8;0x09:0x64;0x09:0x6A;0x09:0x6B;0x09:0x6C;0x09:0x80;0x09:0x81;0x0A:0x60;0x0A:0x61;0x0A:0x62;0x0A:0x63;0x0A:0x64;0x0A:0x65;0x0A:0x66;0x0A:0x67;0x0A:0x68;0x0A:0x69;0x0A:0x6A;0x0A:0x6B;0x0A:0x6C;0x0A:0x6D;0x0A:0x6E;0x0A:0x6F;0x0A:0x70;0x0A:0x71;0x0A:0x72;0x0A:0x74
497,71,MODE1_0071_FHD_COMMON_WRITE,MMIO_RESET,55,54,ABORTING->PRODUCT_RECONSTRUCTION_GAP->FATAL_RECOVERY_FAILURE,FATAL_RECOVERY_FAILURE,CALLABLE_RESET_AUTOINIT_OR_PERSISTENT_RECOVERY_CONTEXT_NOT_PROVEN
498,72,MODE1_0072_FHD_COMMON_WRITE,FAILURE_BEFORE_WRITE,55,54,ABORTING->UNRESOLVED_REGISTER_GATE->FATAL_RECOVERY_FAILURE,FATAL_RECOVERY_FAILURE,UNRESOLVED_COMMITTED_REGISTERS=0x00:0x00;0x00:0x0C;0x00:0x10;0x00:0x14;0x00:0x18;0x00:0x21;0x00:0x22;0x00:0x30;0x00:0x34;0x00:0x3C;0x00:0x44;0x00:0x48;0x00:0x93;0x00:0xA4;0x05:0x00;0x05:0x01;0x05:0x05;0x05:0x08;0x05:0x0E;0x05:0x11;0x05:0x23;0x05:0x2A;0x05:0x58;0x05:0x59;0x05:0x5B;0x05:0x69;0x05:0xB8;0x05:0xC8;0x09:0x64;0x09:0x6A;0x09:0x6B;0x09:0x6C;0x09:0x80;0x09:0x81;0x0A:0x60;0x0A:0x61;0x0A:0x62;0x0A:0x63;0x0A:0x64;0x0A:0x65;0x0A:0x66;0x0A:0x67;0x0A:0x68;0x0A:0x69;0x0A:0x6A;0x0A:0x6B;0x0A:0x6C;0x0A:0x6D;0x0A:0x6E;0x0A:0x6F;0x0A:0x70;0x0A:0x71;0x0A:0x72;0x0A:0x74
499,72,MODE1_0072_FHD_COMMON_WRITE,NACK_DURING_WRITE,56,55,ABORTING->UNRESOLVED_REGISTER_GATE->FATAL_RECOVERY_FAILURE,FATAL_RECOVERY_FAILURE,UNRESOLVED_COMMITTED_REGISTERS=0x00:0x00;0x00:0x0C;0x00:0x10;0x00:0x14;0x00:0x18;0x00:0x21;0x00:0x22;0x00:0x30;0x00:0x34;0x00:0x3C;0x00:0x44;0x00:0x48;0x00:0x4C;0x00:0x93;0x00:0xA4;0x05:0x00;0x05:0x01;0x05:0x05;0x05:0x08;0x05:0x0E;0x05:0x11;0x05:0x23;0x05:0x2A;0x05:0x58;0x05:0x59;0x05:0x5B;0x05:0x69;0x05:0xB8;0x05:0xC8;0x09:0x64;0x09:0x6A;0x09:0x6B;0x09:0x6C;0x09:0x80;0x09:0x81;0x0A:0x60;0x0A:0x61;0x0A:0x62;0x0A:0x63;0x0A:0x64;0x0A:0x65;0x0A:0x66;0x0A:0x67;0x0A:0x68;0x0A:0x69;0x0A:0x6A;0x0A:0x6B;0x0A:0x6C;0x0A:0x6D;0x0A:0x6E;0x0A:0x6F;0x0A:0x70;0x0A:0x71;0x0A:0x72;0x0A:0x74
500,72,MODE1_0072_FHD_COMMON_WRITE,TIMEOUT_DURING_WRITE,56,55,ABORTING->UNRESOLVED_REGISTER_GATE->FATAL_RECOVERY_FAILURE,FATAL_RECOVERY_FAILURE,UNRESOLVED_COMMITTED_REGISTERS=0x00:0x00;0x00:0x0C;0x00:0x10;0x00:0x14;0x00:0x18;0x00:0x21;0x00:0x22;0x00:0x30;0x00:0x34;0x00:0x3C;0x00:0x44;0x00:0x48;0x00:0x4C;0x00:0x93;0x00:0xA4;0x05:0x00;0x05:0x01;0x05:0x05;0x05:0x08;0x05:0x0E;0x05:0x11;0x05:0x23;0x05:0x2A;0x05:0x58;0x05:0x59;0x05:0x5B;0x05:0x69;0x05:0xB8;0x05:0xC8;0x09:0x64;0x09:0x6A;0x09:0x6B;0x09:0x6C;0x09:0x80;0x09:0x81;0x0A:0x60;0x0A:0x61;0x0A:0x62;0x0A:0x63;0x0A:0x64;0x0A:0x65;0x0A:0x66;0x0A:0x67;0x0A:0x68;0x0A:0x69;0x0A:0x6A;0x0A:0x6B;0x0A:0x6C;0x0A:0x6D;0x0A:0x6E;0x0A:0x6F;0x0A:0x70;0x0A:0x71;0x0A:0x72;0x0A:0x74
501,72,MODE1_0072_FHD_COMMON_WRITE,READBACK_MISMATCH,56,55,ABORTING->UNRESOLVED_REGISTER_GATE->FATAL_RECOVERY_FAILURE,FATAL_RECOVERY_FAILURE,UNRESOLVED_COMMITTED_REGISTERS=0x00:0x00;0x00:0x0C;0x00:0x10;0x00:0x14;0x00:0x18;0x00:0x21;0x00:0x22;0x00:0x30;0x00:0x34;0x00:0x3C;0x00:0x44;0x00:0x48;0x00:0x4C;0x00:0x93;0x00:0xA4;0x05:0x00;0x05:0x01;0x05:0x05;0x05:0x08;0x05:0x0E;0x05:0x11;0x05:0x23;0x05:0x2A;0x05:0x58;0x05:0x59;0x05:0x5B;0x05:0x69;0x05:0xB8;0x05:0xC8;0x09:0x64;0x09:0x6A;0x09:0x6B;0x09:0x6C;0x09:0x80;0x09:0x81;0x0A:0x60;0x0A:0x61;0x0A:0x62;0x0A:0x63;0x0A:0x64;0x0A:0x65;0x0A:0x66;0x0A:0x67;0x0A:0x68;0x0A:0x69;0x0A:0x6A;0x0A:0x6B;0x0A:0x6C;0x0A:0x6D;0x0A:0x6E;0x0A:0x6F;0x0A:0x70;0x0A:0x71;0x0A:0x72;0x0A:0x74
502,72,MODE1_0072_FHD_COMMON_WRITE,RESET_BETWEEN_OPERATIONS,56,55,ABORTING->PRODUCT_RECONSTRUCTION_GAP->FATAL_RECOVERY_FAILURE,FATAL_RECOVERY_FAILURE,CALLABLE_RESET_AUTOINIT_OR_PERSISTENT_RECOVERY_CONTEXT_NOT_PROVEN
503,72,MODE1_0072_FHD_COMMON_WRITE,HOST_ABORT,56,55,ABORTING->UNRESOLVED_REGISTER_GATE->FATAL_RECOVERY_FAILURE,FATAL_RECOVERY_FAILURE,UNRESOLVED_COMMITTED_REGISTERS=0x00:0x00;0x00:0x0C;0x00:0x10;0x00:0x14;0x00:0x18;0x00:0x21;0x00:0x22;0x00:0x30;0x00:0x34;0x00:0x3C;0x00:0x44;0x00:0x48;0x00:0x4C;0x00:0x93;0x00:0xA4;0x05:0x00;0x05:0x01;0x05:0x05;0x05:0x08;0x05:0x0E;0x05:0x11;0x05:0x23;0x05:0x2A;0x05:0x58;0x05:0x59;0x05:0x5B;0x05:0x69;0x05:0xB8;0x05:0xC8;0x09:0x64;0x09:0x6A;0x09:0x6B;0x09:0x6C;0x09:0x80;0x09:0x81;0x0A:0x60;0x0A:0x61;0x0A:0x62;0x0A:0x63;0x0A:0x64;0x0A:0x65;0x0A:0x66;0x0A:0x67;0x0A:0x68;0x0A:0x69;0x0A:0x6A;0x0A:0x6B;0x0A:0x6C;0x0A:0x6D;0x0A:0x6E;0x0A:0x6F;0x0A:0x70;0x0A:0x71;0x0A:0x72;0x0A:0x74
504,72,MODE1_0072_FHD_COMMON_WRITE,MMIO_RESET,56,55,ABORTING->PRODUCT_RECONSTRUCTION_GAP->FATAL_RECOVERY_FAILURE,FATAL_RECOVERY_FAILURE,CALLABLE_RESET_AUTOINIT_OR_PERSISTENT_RECOVERY_CONTEXT_NOT_PROVEN
505,73,MODE1_0073_FHD_COMMON_WRITE,FAILURE_BEFORE_WRITE,56,55,ABORTING->UNRESOLVED_REGISTER_GATE->FATAL_RECOVERY_FAILURE,FATAL_RECOVERY_FAILURE,UNRESOLVED_COMMITTED_REGISTERS=0x00:0x00;0x00:0x0C;0x00:0x10;0x00:0x14;0x00:0x18;0x00:0x21;0x00:0x22;0x00:0x30;0x00:0x34;0x00:0x3C;0x00:0x44;0x00:0x48;0x00:0x4C;0x00:0x93;0x00:0xA4;0x05:0x00;0x05:0x01;0x05:0x05;0x05:0x08;0x05:0x0E;0x05:0x11;0x05:0x23;0x05:0x2A;0x05:0x58;0x05:0x59;0x05:0x5B;0x05:0x69;0x05:0xB8;0x05:0xC8;0x09:0x64;0x09:0x6A;0x09:0x6B;0x09:0x6C;0x09:0x80;0x09:0x81;0x0A:0x60;0x0A:0x61;0x0A:0x62;0x0A:0x63;0x0A:0x64;0x0A:0x65;0x0A:0x66;0x0A:0x67;0x0A:0x68;0x0A:0x69;0x0A:0x6A;0x0A:0x6B;0x0A:0x6C;0x0A:0x6D;0x0A:0x6E;0x0A:0x6F;0x0A:0x70;0x0A:0x71;0x0A:0x72;0x0A:0x74
506,73,MODE1_0073_FHD_COMMON_WRITE,NACK_DURING_WRITE,57,56,ABORTING->UNRESOLVED_REGISTER_GATE->FATAL_RECOVERY_FAILURE,FATAL_RECOVERY_FAILURE,UNRESOLVED_COMMITTED_REGISTERS=0x00:0x00;0x00:0x0C;0x00:0x10;0x00:0x14;0x00:0x18;0x00:0x21;0x00:0x22;0x00:0x30;0x00:0x34;0x00:0x3C;0x00:0x44;0x00:0x48;0x00:0x4C;0x00:0x50;0x00:0x93;0x00:0xA4;0x05:0x00;0x05:0x01;0x05:0x05;0x05:0x08;0x05:0x0E;0x05:0x11;0x05:0x23;0x05:0x2A;0x05:0x58;0x05:0x59;0x05:0x5B;0x05:0x69;0x05:0xB8;0x05:0xC8;0x09:0x64;0x09:0x6A;0x09:0x6B;0x09:0x6C;0x09:0x80;0x09:0x81;0x0A:0x60;0x0A:0x61;0x0A:0x62;0x0A:0x63;0x0A:0x64;0x0A:0x65;0x0A:0x66;0x0A:0x67;0x0A:0x68;0x0A:0x69;0x0A:0x6A;0x0A:0x6B;0x0A:0x6C;0x0A:0x6D;0x0A:0x6E;0x0A:0x6F;0x0A:0x70;0x0A:0x71;0x0A:0x72;0x0A:0x74
507,73,MODE1_0073_FHD_COMMON_WRITE,TIMEOUT_DURING_WRITE,57,56,ABORTING->UNRESOLVED_REGISTER_GATE->FATAL_RECOVERY_FAILURE,FATAL_RECOVERY_FAILURE,UNRESOLVED_COMMITTED_REGISTERS=0x00:0x00;0x00:0x0C;0x00:0x10;0x00:0x14;0x00:0x18;0x00:0x21;0x00:0x22;0x00:0x30;0x00:0x34;0x00:0x3C;0x00:0x44;0x00:0x48;0x00:0x4C;0x00:0x50;0x00:0x93;0x00:0xA4;0x05:0x00;0x05:0x01;0x05:0x05;0x05:0x08;0x05:0x0E;0x05:0x11;0x05:0x23;0x05:0x2A;0x05:0x58;0x05:0x59;0x05:0x5B;0x05:0x69;0x05:0xB8;0x05:0xC8;0x09:0x64;0x09:0x6A;0x09:0x6B;0x09:0x6C;0x09:0x80;0x09:0x81;0x0A:0x60;0x0A:0x61;0x0A:0x62;0x0A:0x63;0x0A:0x64;0x0A:0x65;0x0A:0x66;0x0A:0x67;0x0A:0x68;0x0A:0x69;0x0A:0x6A;0x0A:0x6B;0x0A:0x6C;0x0A:0x6D;0x0A:0x6E;0x0A:0x6F;0x0A:0x70;0x0A:0x71;0x0A:0x72;0x0A:0x74
508,73,MODE1_0073_FHD_COMMON_WRITE,READBACK_MISMATCH,57,56,ABORTING->UNRESOLVED_REGISTER_GATE->FATAL_RECOVERY_FAILURE,FATAL_RECOVERY_FAILURE,UNRESOLVED_COMMITTED_REGISTERS=0x00:0x00;0x00:0x0C;0x00:0x10;0x00:0x14;0x00:0x18;0x00:0x21;0x00:0x22;0x00:0x30;0x00:0x34;0x00:0x3C;0x00:0x44;0x00:0x48;0x00:0x4C;0x00:0x50;0x00:0x93;0x00:0xA4;0x05:0x00;0x05:0x01;0x05:0x05;0x05:0x08;0x05:0x0E;0x05:0x11;0x05:0x23;0x05:0x2A;0x05:0x58;0x05:0x59;0x05:0x5B;0x05:0x69;0x05:0xB8;0x05:0xC8;0x09:0x64;0x09:0x6A;0x09:0x6B;0x09:0x6C;0x09:0x80;0x09:0x81;0x0A:0x60;0x0A:0x61;0x0A:0x62;0x0A:0x63;0x0A:0x64;0x0A:0x65;0x0A:0x66;0x0A:0x67;0x0A:0x68;0x0A:0x69;0x0A:0x6A;0x0A:0x6B;0x0A:0x6C;0x0A:0x6D;0x0A:0x6E;0x0A:0x6F;0x0A:0x70;0x0A:0x71;0x0A:0x72;0x0A:0x74
509,73,MODE1_0073_FHD_COMMON_WRITE,RESET_BETWEEN_OPERATIONS,57,56,ABORTING->PRODUCT_RECONSTRUCTION_GAP->FATAL_RECOVERY_FAILURE,FATAL_RECOVERY_FAILURE,CALLABLE_RESET_AUTOINIT_OR_PERSISTENT_RECOVERY_CONTEXT_NOT_PROVEN
510,73,MODE1_0073_FHD_COMMON_WRITE,HOST_ABORT,57,56,ABORTING->UNRESOLVED_REGISTER_GATE->FATAL_RECOVERY_FAILURE,FATAL_RECOVERY_FAILURE,UNRESOLVED_COMMITTED_REGISTERS=0x00:0x00;0x00:0x0C;0x00:0x10;0x00:0x14;0x00:0x18;0x00:0x21;0x00:0x22;0x00:0x30;0x00:0x34;0x00:0x3C;0x00:0x44;0x00:0x48;0x00:0x4C;0x00:0x50;0x00:0x93;0x00:0xA4;0x05:0x00;0x05:0x01;0x05:0x05;0x05:0x08;0x05:0x0E;0x05:0x11;0x05:0x23;0x05:0x2A;0x05:0x58;0x05:0x59;0x05:0x5B;0x05:0x69;0x05:0xB8;0x05:0xC8;0x09:0x64;0x09:0x6A;0x09:0x6B;0x09:0x6C;0x09:0x80;0x09:0x81;0x0A:0x60;0x0A:0x61;0x0A:0x62;0x0A:0x63;0x0A:0x64;0x0A:0x65;0x0A:0x66;0x0A:0x67;0x0A:0x68;0x0A:0x69;0x0A:0x6A;0x0A:0x6B;0x0A:0x6C;0x0A:0x6D;0x0A:0x6E;0x0A:0x6F;0x0A:0x70;0x0A:0x71;0x0A:0x72;0x0A:0x74
511,73,MODE1_0073_FHD_COMMON_WRITE,MMIO_RESET,57,56,ABORTING->PRODUCT_RECONSTRUCTION_GAP->FATAL_RECOVERY_FAILURE,FATAL_RECOVERY_FAILURE,CALLABLE_RESET_AUTOINIT_OR_PERSISTENT_RECOVERY_CONTEXT_NOT_PROVEN
512,74,MODE1_0074_FHD_COMMON_BANK_SELECT,FAILURE_BEFORE_WRITE,57,56,ABORTING->UNRESOLVED_REGISTER_GATE->FATAL_RECOVERY_FAILURE,FATAL_RECOVERY_FAILURE,UNRESOLVED_COMMITTED_REGISTERS=0x00:0x00;0x00:0x0C;0x00:0x10;0x00:0x14;0x00:0x18;0x00:0x21;0x00:0x22;0x00:0x30;0x00:0x34;0x00:0x3C;0x00:0x44;0x00:0x48;0x00:0x4C;0x00:0x50;0x00:0x93;0x00:0xA4;0x05:0x00;0x05:0x01;0x05:0x05;0x05:0x08;0x05:0x0E;0x05:0x11;0x05:0x23;0x05:0x2A;0x05:0x58;0x05:0x59;0x05:0x5B;0x05:0x69;0x05:0xB8;0x05:0xC8;0x09:0x64;0x09:0x6A;0x09:0x6B;0x09:0x6C;0x09:0x80;0x09:0x81;0x0A:0x60;0x0A:0x61;0x0A:0x62;0x0A:0x63;0x0A:0x64;0x0A:0x65;0x0A:0x66;0x0A:0x67;0x0A:0x68;0x0A:0x69;0x0A:0x6A;0x0A:0x6B;0x0A:0x6C;0x0A:0x6D;0x0A:0x6E;0x0A:0x6F;0x0A:0x70;0x0A:0x71;0x0A:0x72;0x0A:0x74
513,74,MODE1_0074_FHD_COMMON_BANK_SELECT,NACK_DURING_WRITE,57,56,ABORTING->UNRESOLVED_REGISTER_GATE->FATAL_RECOVERY_FAILURE,FATAL_RECOVERY_FAILURE,UNRESOLVED_COMMITTED_REGISTERS=0x00:0x00;0x00:0x0C;0x00:0x10;0x00:0x14;0x00:0x18;0x00:0x21;0x00:0x22;0x00:0x30;0x00:0x34;0x00:0x3C;0x00:0x44;0x00:0x48;0x00:0x4C;0x00:0x50;0x00:0x93;0x00:0xA4;0x05:0x00;0x05:0x01;0x05:0x05;0x05:0x08;0x05:0x0E;0x05:0x11;0x05:0x23;0x05:0x2A;0x05:0x58;0x05:0x59;0x05:0x5B;0x05:0x69;0x05:0xB8;0x05:0xC8;0x09:0x64;0x09:0x6A;0x09:0x6B;0x09:0x6C;0x09:0x80;0x09:0x81;0x0A:0x60;0x0A:0x61;0x0A:0x62;0x0A:0x63;0x0A:0x64;0x0A:0x65;0x0A:0x66;0x0A:0x67;0x0A:0x68;0x0A:0x69;0x0A:0x6A;0x0A:0x6B;0x0A:0x6C;0x0A:0x6D;0x0A:0x6E;0x0A:0x6F;0x0A:0x70;0x0A:0x71;0x0A:0x72;0x0A:0x74
514,74,MODE1_0074_FHD_COMMON_BANK_SELECT,TIMEOUT_DURING_WRITE,57,56,ABORTING->UNRESOLVED_REGISTER_GATE->FATAL_RECOVERY_FAILURE,FATAL_RECOVERY_FAILURE,UNRESOLVED_COMMITTED_REGISTERS=0x00:0x00;0x00:0x0C;0x00:0x10;0x00:0x14;0x00:0x18;0x00:0x21;0x00:0x22;0x00:0x30;0x00:0x34;0x00:0x3C;0x00:0x44;0x00:0x48;0x00:0x4C;0x00:0x50;0x00:0x93;0x00:0xA4;0x05:0x00;0x05:0x01;0x05:0x05;0x05:0x08;0x05:0x0E;0x05:0x11;0x05:0x23;0x05:0x2A;0x05:0x58;0x05:0x59;0x05:0x5B;0x05:0x69;0x05:0xB8;0x05:0xC8;0x09:0x64;0x09:0x6A;0x09:0x6B;0x09:0x6C;0x09:0x80;0x09:0x81;0x0A:0x60;0x0A:0x61;0x0A:0x62;0x0A:0x63;0x0A:0x64;0x0A:0x65;0x0A:0x66;0x0A:0x67;0x0A:0x68;0x0A:0x69;0x0A:0x6A;0x0A:0x6B;0x0A:0x6C;0x0A:0x6D;0x0A:0x6E;0x0A:0x6F;0x0A:0x70;0x0A:0x71;0x0A:0x72;0x0A:0x74
515,74,MODE1_0074_FHD_COMMON_BANK_SELECT,READBACK_MISMATCH,57,56,ABORTING->UNRESOLVED_REGISTER_GATE->FATAL_RECOVERY_FAILURE,FATAL_RECOVERY_FAILURE,UNRESOLVED_COMMITTED_REGISTERS=0x00:0x00;0x00:0x0C;0x00:0x10;0x00:0x14;0x00:0x18;0x00:0x21;0x00:0x22;0x00:0x30;0x00:0x34;0x00:0x3C;0x00:0x44;0x00:0x48;0x00:0x4C;0x00:0x50;0x00:0x93;0x00:0xA4;0x05:0x00;0x05:0x01;0x05:0x05;0x05:0x08;0x05:0x0E;0x05:0x11;0x05:0x23;0x05:0x2A;0x05:0x58;0x05:0x59;0x05:0x5B;0x05:0x69;0x05:0xB8;0x05:0xC8;0x09:0x64;0x09:0x6A;0x09:0x6B;0x09:0x6C;0x09:0x80;0x09:0x81;0x0A:0x60;0x0A:0x61;0x0A:0x62;0x0A:0x63;0x0A:0x64;0x0A:0x65;0x0A:0x66;0x0A:0x67;0x0A:0x68;0x0A:0x69;0x0A:0x6A;0x0A:0x6B;0x0A:0x6C;0x0A:0x6D;0x0A:0x6E;0x0A:0x6F;0x0A:0x70;0x0A:0x71;0x0A:0x72;0x0A:0x74
516,74,MODE1_0074_FHD_COMMON_BANK_SELECT,RESET_BETWEEN_OPERATIONS,57,56,ABORTING->PRODUCT_RECONSTRUCTION_GAP->FATAL_RECOVERY_FAILURE,FATAL_RECOVERY_FAILURE,CALLABLE_RESET_AUTOINIT_OR_PERSISTENT_RECOVERY_CONTEXT_NOT_PROVEN
517,74,MODE1_0074_FHD_COMMON_BANK_SELECT,HOST_ABORT,57,56,ABORTING->UNRESOLVED_REGISTER_GATE->FATAL_RECOVERY_FAILURE,FATAL_RECOVERY_FAILURE,UNRESOLVED_COMMITTED_REGISTERS=0x00:0x00;0x00:0x0C;0x00:0x10;0x00:0x14;0x00:0x18;0x00:0x21;0x00:0x22;0x00:0x30;0x00:0x34;0x00:0x3C;0x00:0x44;0x00:0x48;0x00:0x4C;0x00:0x50;0x00:0x93;0x00:0xA4;0x05:0x00;0x05:0x01;0x05:0x05;0x05:0x08;0x05:0x0E;0x05:0x11;0x05:0x23;0x05:0x2A;0x05:0x58;0x05:0x59;0x05:0x5B;0x05:0x69;0x05:0xB8;0x05:0xC8;0x09:0x64;0x09:0x6A;0x09:0x6B;0x09:0x6C;0x09:0x80;0x09:0x81;0x0A:0x60;0x0A:0x61;0x0A:0x62;0x0A:0x63;0x0A:0x64;0x0A:0x65;0x0A:0x66;0x0A:0x67;0x0A:0x68;0x0A:0x69;0x0A:0x6A;0x0A:0x6B;0x0A:0x6C;0x0A:0x6D;0x0A:0x6E;0x0A:0x6F;0x0A:0x70;0x0A:0x71;0x0A:0x72;0x0A:0x74
518,74,MODE1_0074_FHD_COMMON_BANK_SELECT,MMIO_RESET,57,56,ABORTING->PRODUCT_RECONSTRUCTION_GAP->FATAL_RECOVERY_FAILURE,FATAL_RECOVERY_FAILURE,CALLABLE_RESET_AUTOINIT_OR_PERSISTENT_RECOVERY_CONTEXT_NOT_PROVEN
519,75,MODE1_0075_FHD_COMMON_WRITE,FAILURE_BEFORE_WRITE,57,56,ABORTING->UNRESOLVED_REGISTER_GATE->FATAL_RECOVERY_FAILURE,FATAL_RECOVERY_FAILURE,UNRESOLVED_COMMITTED_REGISTERS=0x00:0x00;0x00:0x0C;0x00:0x10;0x00:0x14;0x00:0x18;0x00:0x21;0x00:0x22;0x00:0x30;0x00:0x34;0x00:0x3C;0x00:0x44;0x00:0x48;0x00:0x4C;0x00:0x50;0x00:0x93;0x00:0xA4;0x05:0x00;0x05:0x01;0x05:0x05;0x05:0x08;0x05:0x0E;0x05:0x11;0x05:0x23;0x05:0x2A;0x05:0x58;0x05:0x59;0x05:0x5B;0x05:0x69;0x05:0xB8;0x05:0xC8;0x09:0x64;0x09:0x6A;0x09:0x6B;0x09:0x6C;0x09:0x80;0x09:0x81;0x0A:0x60;0x0A:0x61;0x0A:0x62;0x0A:0x63;0x0A:0x64;0x0A:0x65;0x0A:0x66;0x0A:0x67;0x0A:0x68;0x0A:0x69;0x0A:0x6A;0x0A:0x6B;0x0A:0x6C;0x0A:0x6D;0x0A:0x6E;0x0A:0x6F;0x0A:0x70;0x0A:0x71;0x0A:0x72;0x0A:0x74
520,75,MODE1_0075_FHD_COMMON_WRITE,NACK_DURING_WRITE,58,57,ABORTING->UNRESOLVED_REGISTER_GATE->FATAL_RECOVERY_FAILURE,FATAL_RECOVERY_FAILURE,UNRESOLVED_COMMITTED_REGISTERS=0x00:0x00;0x00:0x0C;0x00:0x10;0x00:0x14;0x00:0x18;0x00:0x21;0x00:0x22;0x00:0x30;0x00:0x34;0x00:0x3C;0x00:0x44;0x00:0x48;0x00:0x4C;0x00:0x50;0x00:0x93;0x00:0xA4;0x05:0x00;0x05:0x01;0x05:0x05;0x05:0x08;0x05:0x0E;0x05:0x11;0x05:0x1B;0x05:0x23;0x05:0x2A;0x05:0x58;0x05:0x59;0x05:0x5B;0x05:0x69;0x05:0xB8;0x05:0xC8;0x09:0x64;0x09:0x6A;0x09:0x6B;0x09:0x6C;0x09:0x80;0x09:0x81;0x0A:0x60;0x0A:0x61;0x0A:0x62;0x0A:0x63;0x0A:0x64;0x0A:0x65;0x0A:0x66;0x0A:0x67;0x0A:0x68;0x0A:0x69;0x0A:0x6A;0x0A:0x6B;0x0A:0x6C;0x0A:0x6D;0x0A:0x6E;0x0A:0x6F;0x0A:0x70;0x0A:0x71;0x0A:0x72;0x0A:0x74
521,75,MODE1_0075_FHD_COMMON_WRITE,TIMEOUT_DURING_WRITE,58,57,ABORTING->UNRESOLVED_REGISTER_GATE->FATAL_RECOVERY_FAILURE,FATAL_RECOVERY_FAILURE,UNRESOLVED_COMMITTED_REGISTERS=0x00:0x00;0x00:0x0C;0x00:0x10;0x00:0x14;0x00:0x18;0x00:0x21;0x00:0x22;0x00:0x30;0x00:0x34;0x00:0x3C;0x00:0x44;0x00:0x48;0x00:0x4C;0x00:0x50;0x00:0x93;0x00:0xA4;0x05:0x00;0x05:0x01;0x05:0x05;0x05:0x08;0x05:0x0E;0x05:0x11;0x05:0x1B;0x05:0x23;0x05:0x2A;0x05:0x58;0x05:0x59;0x05:0x5B;0x05:0x69;0x05:0xB8;0x05:0xC8;0x09:0x64;0x09:0x6A;0x09:0x6B;0x09:0x6C;0x09:0x80;0x09:0x81;0x0A:0x60;0x0A:0x61;0x0A:0x62;0x0A:0x63;0x0A:0x64;0x0A:0x65;0x0A:0x66;0x0A:0x67;0x0A:0x68;0x0A:0x69;0x0A:0x6A;0x0A:0x6B;0x0A:0x6C;0x0A:0x6D;0x0A:0x6E;0x0A:0x6F;0x0A:0x70;0x0A:0x71;0x0A:0x72;0x0A:0x74
522,75,MODE1_0075_FHD_COMMON_WRITE,READBACK_MISMATCH,58,57,ABORTING->UNRESOLVED_REGISTER_GATE->FATAL_RECOVERY_FAILURE,FATAL_RECOVERY_FAILURE,UNRESOLVED_COMMITTED_REGISTERS=0x00:0x00;0x00:0x0C;0x00:0x10;0x00:0x14;0x00:0x18;0x00:0x21;0x00:0x22;0x00:0x30;0x00:0x34;0x00:0x3C;0x00:0x44;0x00:0x48;0x00:0x4C;0x00:0x50;0x00:0x93;0x00:0xA4;0x05:0x00;0x05:0x01;0x05:0x05;0x05:0x08;0x05:0x0E;0x05:0x11;0x05:0x1B;0x05:0x23;0x05:0x2A;0x05:0x58;0x05:0x59;0x05:0x5B;0x05:0x69;0x05:0xB8;0x05:0xC8;0x09:0x64;0x09:0x6A;0x09:0x6B;0x09:0x6C;0x09:0x80;0x09:0x81;0x0A:0x60;0x0A:0x61;0x0A:0x62;0x0A:0x63;0x0A:0x64;0x0A:0x65;0x0A:0x66;0x0A:0x67;0x0A:0x68;0x0A:0x69;0x0A:0x6A;0x0A:0x6B;0x0A:0x6C;0x0A:0x6D;0x0A:0x6E;0x0A:0x6F;0x0A:0x70;0x0A:0x71;0x0A:0x72;0x0A:0x74
523,75,MODE1_0075_FHD_COMMON_WRITE,RESET_BETWEEN_OPERATIONS,58,57,ABORTING->PRODUCT_RECONSTRUCTION_GAP->FATAL_RECOVERY_FAILURE,FATAL_RECOVERY_FAILURE,CALLABLE_RESET_AUTOINIT_OR_PERSISTENT_RECOVERY_CONTEXT_NOT_PROVEN
524,75,MODE1_0075_FHD_COMMON_WRITE,HOST_ABORT,58,57,ABORTING->UNRESOLVED_REGISTER_GATE->FATAL_RECOVERY_FAILURE,FATAL_RECOVERY_FAILURE,UNRESOLVED_COMMITTED_REGISTERS=0x00:0x00;0x00:0x0C;0x00:0x10;0x00:0x14;0x00:0x18;0x00:0x21;0x00:0x22;0x00:0x30;0x00:0x34;0x00:0x3C;0x00:0x44;0x00:0x48;0x00:0x4C;0x00:0x50;0x00:0x93;0x00:0xA4;0x05:0x00;0x05:0x01;0x05:0x05;0x05:0x08;0x05:0x0E;0x05:0x11;0x05:0x1B;0x05:0x23;0x05:0x2A;0x05:0x58;0x05:0x59;0x05:0x5B;0x05:0x69;0x05:0xB8;0x05:0xC8;0x09:0x64;0x09:0x6A;0x09:0x6B;0x09:0x6C;0x09:0x80;0x09:0x81;0x0A:0x60;0x0A:0x61;0x0A:0x62;0x0A:0x63;0x0A:0x64;0x0A:0x65;0x0A:0x66;0x0A:0x67;0x0A:0x68;0x0A:0x69;0x0A:0x6A;0x0A:0x6B;0x0A:0x6C;0x0A:0x6D;0x0A:0x6E;0x0A:0x6F;0x0A:0x70;0x0A:0x71;0x0A:0x72;0x0A:0x74
525,75,MODE1_0075_FHD_COMMON_WRITE,MMIO_RESET,58,57,ABORTING->PRODUCT_RECONSTRUCTION_GAP->FATAL_RECOVERY_FAILURE,FATAL_RECOVERY_FAILURE,CALLABLE_RESET_AUTOINIT_OR_PERSISTENT_RECOVERY_CONTEXT_NOT_PROVEN
526,76,MODE1_0076_FHD_COMMON_WRITE,FAILURE_BEFORE_WRITE,58,57,ABORTING->UNRESOLVED_REGISTER_GATE->FATAL_RECOVERY_FAILURE,FATAL_RECOVERY_FAILURE,UNRESOLVED_COMMITTED_REGISTERS=0x00:0x00;0x00:0x0C;0x00:0x10;0x00:0x14;0x00:0x18;0x00:0x21;0x00:0x22;0x00:0x30;0x00:0x34;0x00:0x3C;0x00:0x44;0x00:0x48;0x00:0x4C;0x00:0x50;0x00:0x93;0x00:0xA4;0x05:0x00;0x05:0x01;0x05:0x05;0x05:0x08;0x05:0x0E;0x05:0x11;0x05:0x1B;0x05:0x23;0x05:0x2A;0x05:0x58;0x05:0x59;0x05:0x5B;0x05:0x69;0x05:0xB8;0x05:0xC8;0x09:0x64;0x09:0x6A;0x09:0x6B;0x09:0x6C;0x09:0x80;0x09:0x81;0x0A:0x60;0x0A:0x61;0x0A:0x62;0x0A:0x63;0x0A:0x64;0x0A:0x65;0x0A:0x66;0x0A:0x67;0x0A:0x68;0x0A:0x69;0x0A:0x6A;0x0A:0x6B;0x0A:0x6C;0x0A:0x6D;0x0A:0x6E;0x0A:0x6F;0x0A:0x70;0x0A:0x71;0x0A:0x72;0x0A:0x74
527,76,MODE1_0076_FHD_COMMON_WRITE,NACK_DURING_WRITE,59,58,ABORTING->UNRESOLVED_REGISTER_GATE->FATAL_RECOVERY_FAILURE,FATAL_RECOVERY_FAILURE,UNRESOLVED_COMMITTED_REGISTERS=0x00:0x00;0x00:0x0C;0x00:0x10;0x00:0x14;0x00:0x18;0x00:0x21;0x00:0x22;0x00:0x30;0x00:0x34;0x00:0x3C;0x00:0x44;0x00:0x48;0x00:0x4C;0x00:0x50;0x00:0x93;0x00:0xA4;0x05:0x00;0x05:0x01;0x05:0x05;0x05:0x08;0x05:0x0E;0x05:0x11;0x05:0x1B;0x05:0x20;0x05:0x23;0x05:0x2A;0x05:0x58;0x05:0x59;0x05:0x5B;0x05:0x69;0x05:0xB8;0x05:0xC8;0x09:0x64;0x09:0x6A;0x09:0x6B;0x09:0x6C;0x09:0x80;0x09:0x81;0x0A:0x60;0x0A:0x61;0x0A:0x62;0x0A:0x63;0x0A:0x64;0x0A:0x65;0x0A:0x66;0x0A:0x67;0x0A:0x68;0x0A:0x69;0x0A:0x6A;0x0A:0x6B;0x0A:0x6C;0x0A:0x6D;0x0A:0x6E;0x0A:0x6F;0x0A:0x70;0x0A:0x71;0x0A:0x72;0x0A:0x74
528,76,MODE1_0076_FHD_COMMON_WRITE,TIMEOUT_DURING_WRITE,59,58,ABORTING->UNRESOLVED_REGISTER_GATE->FATAL_RECOVERY_FAILURE,FATAL_RECOVERY_FAILURE,UNRESOLVED_COMMITTED_REGISTERS=0x00:0x00;0x00:0x0C;0x00:0x10;0x00:0x14;0x00:0x18;0x00:0x21;0x00:0x22;0x00:0x30;0x00:0x34;0x00:0x3C;0x00:0x44;0x00:0x48;0x00:0x4C;0x00:0x50;0x00:0x93;0x00:0xA4;0x05:0x00;0x05:0x01;0x05:0x05;0x05:0x08;0x05:0x0E;0x05:0x11;0x05:0x1B;0x05:0x20;0x05:0x23;0x05:0x2A;0x05:0x58;0x05:0x59;0x05:0x5B;0x05:0x69;0x05:0xB8;0x05:0xC8;0x09:0x64;0x09:0x6A;0x09:0x6B;0x09:0x6C;0x09:0x80;0x09:0x81;0x0A:0x60;0x0A:0x61;0x0A:0x62;0x0A:0x63;0x0A:0x64;0x0A:0x65;0x0A:0x66;0x0A:0x67;0x0A:0x68;0x0A:0x69;0x0A:0x6A;0x0A:0x6B;0x0A:0x6C;0x0A:0x6D;0x0A:0x6E;0x0A:0x6F;0x0A:0x70;0x0A:0x71;0x0A:0x72;0x0A:0x74
529,76,MODE1_0076_FHD_COMMON_WRITE,READBACK_MISMATCH,59,58,ABORTING->UNRESOLVED_REGISTER_GATE->FATAL_RECOVERY_FAILURE,FATAL_RECOVERY_FAILURE,UNRESOLVED_COMMITTED_REGISTERS=0x00:0x00;0x00:0x0C;0x00:0x10;0x00:0x14;0x00:0x18;0x00:0x21;0x00:0x22;0x00:0x30;0x00:0x34;0x00:0x3C;0x00:0x44;0x00:0x48;0x00:0x4C;0x00:0x50;0x00:0x93;0x00:0xA4;0x05:0x00;0x05:0x01;0x05:0x05;0x05:0x08;0x05:0x0E;0x05:0x11;0x05:0x1B;0x05:0x20;0x05:0x23;0x05:0x2A;0x05:0x58;0x05:0x59;0x05:0x5B;0x05:0x69;0x05:0xB8;0x05:0xC8;0x09:0x64;0x09:0x6A;0x09:0x6B;0x09:0x6C;0x09:0x80;0x09:0x81;0x0A:0x60;0x0A:0x61;0x0A:0x62;0x0A:0x63;0x0A:0x64;0x0A:0x65;0x0A:0x66;0x0A:0x67;0x0A:0x68;0x0A:0x69;0x0A:0x6A;0x0A:0x6B;0x0A:0x6C;0x0A:0x6D;0x0A:0x6E;0x0A:0x6F;0x0A:0x70;0x0A:0x71;0x0A:0x72;0x0A:0x74
530,76,MODE1_0076_FHD_COMMON_WRITE,RESET_BETWEEN_OPERATIONS,59,58,ABORTING->PRODUCT_RECONSTRUCTION_GAP->FATAL_RECOVERY_FAILURE,FATAL_RECOVERY_FAILURE,CALLABLE_RESET_AUTOINIT_OR_PERSISTENT_RECOVERY_CONTEXT_NOT_PROVEN
531,76,MODE1_0076_FHD_COMMON_WRITE,HOST_ABORT,59,58,ABORTING->UNRESOLVED_REGISTER_GATE->FATAL_RECOVERY_FAILURE,FATAL_RECOVERY_FAILURE,UNRESOLVED_COMMITTED_REGISTERS=0x00:0x00;0x00:0x0C;0x00:0x10;0x00:0x14;0x00:0x18;0x00:0x21;0x00:0x22;0x00:0x30;0x00:0x34;0x00:0x3C;0x00:0x44;0x00:0x48;0x00:0x4C;0x00:0x50;0x00:0x93;0x00:0xA4;0x05:0x00;0x05:0x01;0x05:0x05;0x05:0x08;0x05:0x0E;0x05:0x11;0x05:0x1B;0x05:0x20;0x05:0x23;0x05:0x2A;0x05:0x58;0x05:0x59;0x05:0x5B;0x05:0x69;0x05:0xB8;0x05:0xC8;0x09:0x64;0x09:0x6A;0x09:0x6B;0x09:0x6C;0x09:0x80;0x09:0x81;0x0A:0x60;0x0A:0x61;0x0A:0x62;0x0A:0x63;0x0A:0x64;0x0A:0x65;0x0A:0x66;0x0A:0x67;0x0A:0x68;0x0A:0x69;0x0A:0x6A;0x0A:0x6B;0x0A:0x6C;0x0A:0x6D;0x0A:0x6E;0x0A:0x6F;0x0A:0x70;0x0A:0x71;0x0A:0x72;0x0A:0x74
532,76,MODE1_0076_FHD_COMMON_WRITE,MMIO_RESET,59,58,ABORTING->PRODUCT_RECONSTRUCTION_GAP->FATAL_RECOVERY_FAILURE,FATAL_RECOVERY_FAILURE,CALLABLE_RESET_AUTOINIT_OR_PERSISTENT_RECOVERY_CONTEXT_NOT_PROVEN
533,77,MODE1_0077_FHD_COMMON_WRITE,FAILURE_BEFORE_WRITE,59,58,ABORTING->UNRESOLVED_REGISTER_GATE->FATAL_RECOVERY_FAILURE,FATAL_RECOVERY_FAILURE,UNRESOLVED_COMMITTED_REGISTERS=0x00:0x00;0x00:0x0C;0x00:0x10;0x00:0x14;0x00:0x18;0x00:0x21;0x00:0x22;0x00:0x30;0x00:0x34;0x00:0x3C;0x00:0x44;0x00:0x48;0x00:0x4C;0x00:0x50;0x00:0x93;0x00:0xA4;0x05:0x00;0x05:0x01;0x05:0x05;0x05:0x08;0x05:0x0E;0x05:0x11;0x05:0x1B;0x05:0x20;0x05:0x23;0x05:0x2A;0x05:0x58;0x05:0x59;0x05:0x5B;0x05:0x69;0x05:0xB8;0x05:0xC8;0x09:0x64;0x09:0x6A;0x09:0x6B;0x09:0x6C;0x09:0x80;0x09:0x81;0x0A:0x60;0x0A:0x61;0x0A:0x62;0x0A:0x63;0x0A:0x64;0x0A:0x65;0x0A:0x66;0x0A:0x67;0x0A:0x68;0x0A:0x69;0x0A:0x6A;0x0A:0x6B;0x0A:0x6C;0x0A:0x6D;0x0A:0x6E;0x0A:0x6F;0x0A:0x70;0x0A:0x71;0x0A:0x72;0x0A:0x74
534,77,MODE1_0077_FHD_COMMON_WRITE,NACK_DURING_WRITE,60,59,ABORTING->UNRESOLVED_REGISTER_GATE->FATAL_RECOVERY_FAILURE,FATAL_RECOVERY_FAILURE,UNRESOLVED_COMMITTED_REGISTERS=0x00:0x00;0x00:0x0C;0x00:0x10;0x00:0x14;0x00:0x18;0x00:0x21;0x00:0x22;0x00:0x30;0x00:0x34;0x00:0x3C;0x00:0x44;0x00:0x48;0x00:0x4C;0x00:0x50;0x00:0x93;0x00:0xA4;0x05:0x00;0x05:0x01;0x05:0x05;0x05:0x08;0x05:0x0E;0x05:0x11;0x05:0x1B;0x05:0x20;0x05:0x23;0x05:0x26;0x05:0x2A;0x05:0x58;0x05:0x59;0x05:0x5B;0x05:0x69;0x05:0xB8;0x05:0xC8;0x09:0x64;0x09:0x6A;0x09:0x6B;0x09:0x6C;0x09:0x80;0x09:0x81;0x0A:0x60;0x0A:0x61;0x0A:0x62;0x0A:0x63;0x0A:0x64;0x0A:0x65;0x0A:0x66;0x0A:0x67;0x0A:0x68;0x0A:0x69;0x0A:0x6A;0x0A:0x6B;0x0A:0x6C;0x0A:0x6D;0x0A:0x6E;0x0A:0x6F;0x0A:0x70;0x0A:0x71;0x0A:0x72;0x0A:0x74
535,77,MODE1_0077_FHD_COMMON_WRITE,TIMEOUT_DURING_WRITE,60,59,ABORTING->UNRESOLVED_REGISTER_GATE->FATAL_RECOVERY_FAILURE,FATAL_RECOVERY_FAILURE,UNRESOLVED_COMMITTED_REGISTERS=0x00:0x00;0x00:0x0C;0x00:0x10;0x00:0x14;0x00:0x18;0x00:0x21;0x00:0x22;0x00:0x30;0x00:0x34;0x00:0x3C;0x00:0x44;0x00:0x48;0x00:0x4C;0x00:0x50;0x00:0x93;0x00:0xA4;0x05:0x00;0x05:0x01;0x05:0x05;0x05:0x08;0x05:0x0E;0x05:0x11;0x05:0x1B;0x05:0x20;0x05:0x23;0x05:0x26;0x05:0x2A;0x05:0x58;0x05:0x59;0x05:0x5B;0x05:0x69;0x05:0xB8;0x05:0xC8;0x09:0x64;0x09:0x6A;0x09:0x6B;0x09:0x6C;0x09:0x80;0x09:0x81;0x0A:0x60;0x0A:0x61;0x0A:0x62;0x0A:0x63;0x0A:0x64;0x0A:0x65;0x0A:0x66;0x0A:0x67;0x0A:0x68;0x0A:0x69;0x0A:0x6A;0x0A:0x6B;0x0A:0x6C;0x0A:0x6D;0x0A:0x6E;0x0A:0x6F;0x0A:0x70;0x0A:0x71;0x0A:0x72;0x0A:0x74
536,77,MODE1_0077_FHD_COMMON_WRITE,READBACK_MISMATCH,60,59,ABORTING->UNRESOLVED_REGISTER_GATE->FATAL_RECOVERY_FAILURE,FATAL_RECOVERY_FAILURE,UNRESOLVED_COMMITTED_REGISTERS=0x00:0x00;0x00:0x0C;0x00:0x10;0x00:0x14;0x00:0x18;0x00:0x21;0x00:0x22;0x00:0x30;0x00:0x34;0x00:0x3C;0x00:0x44;0x00:0x48;0x00:0x4C;0x00:0x50;0x00:0x93;0x00:0xA4;0x05:0x00;0x05:0x01;0x05:0x05;0x05:0x08;0x05:0x0E;0x05:0x11;0x05:0x1B;0x05:0x20;0x05:0x23;0x05:0x26;0x05:0x2A;0x05:0x58;0x05:0x59;0x05:0x5B;0x05:0x69;0x05:0xB8;0x05:0xC8;0x09:0x64;0x09:0x6A;0x09:0x6B;0x09:0x6C;0x09:0x80;0x09:0x81;0x0A:0x60;0x0A:0x61;0x0A:0x62;0x0A:0x63;0x0A:0x64;0x0A:0x65;0x0A:0x66;0x0A:0x67;0x0A:0x68;0x0A:0x69;0x0A:0x6A;0x0A:0x6B;0x0A:0x6C;0x0A:0x6D;0x0A:0x6E;0x0A:0x6F;0x0A:0x70;0x0A:0x71;0x0A:0x72;0x0A:0x74
537,77,MODE1_0077_FHD_COMMON_WRITE,RESET_BETWEEN_OPERATIONS,60,59,ABORTING->PRODUCT_RECONSTRUCTION_GAP->FATAL_RECOVERY_FAILURE,FATAL_RECOVERY_FAILURE,CALLABLE_RESET_AUTOINIT_OR_PERSISTENT_RECOVERY_CONTEXT_NOT_PROVEN
538,77,MODE1_0077_FHD_COMMON_WRITE,HOST_ABORT,60,59,ABORTING->UNRESOLVED_REGISTER_GATE->FATAL_RECOVERY_FAILURE,FATAL_RECOVERY_FAILURE,UNRESOLVED_COMMITTED_REGISTERS=0x00:0x00;0x00:0x0C;0x00:0x10;0x00:0x14;0x00:0x18;0x00:0x21;0x00:0x22;0x00:0x30;0x00:0x34;0x00:0x3C;0x00:0x44;0x00:0x48;0x00:0x4C;0x00:0x50;0x00:0x93;0x00:0xA4;0x05:0x00;0x05:0x01;0x05:0x05;0x05:0x08;0x05:0x0E;0x05:0x11;0x05:0x1B;0x05:0x20;0x05:0x23;0x05:0x26;0x05:0x2A;0x05:0x58;0x05:0x59;0x05:0x5B;0x05:0x69;0x05:0xB8;0x05:0xC8;0x09:0x64;0x09:0x6A;0x09:0x6B;0x09:0x6C;0x09:0x80;0x09:0x81;0x0A:0x60;0x0A:0x61;0x0A:0x62;0x0A:0x63;0x0A:0x64;0x0A:0x65;0x0A:0x66;0x0A:0x67;0x0A:0x68;0x0A:0x69;0x0A:0x6A;0x0A:0x6B;0x0A:0x6C;0x0A:0x6D;0x0A:0x6E;0x0A:0x6F;0x0A:0x70;0x0A:0x71;0x0A:0x72;0x0A:0x74
539,77,MODE1_0077_FHD_COMMON_WRITE,MMIO_RESET,60,59,ABORTING->PRODUCT_RECONSTRUCTION_GAP->FATAL_RECOVERY_FAILURE,FATAL_RECOVERY_FAILURE,CALLABLE_RESET_AUTOINIT_OR_PERSISTENT_RECOVERY_CONTEXT_NOT_PROVEN
540,78,MODE1_0078_FHD_COMMON_WRITE,FAILURE_BEFORE_WRITE,60,59,ABORTING->UNRESOLVED_REGISTER_GATE->FATAL_RECOVERY_FAILURE,FATAL_RECOVERY_FAILURE,UNRESOLVED_COMMITTED_REGISTERS=0x00:0x00;0x00:0x0C;0x00:0x10;0x00:0x14;0x00:0x18;0x00:0x21;0x00:0x22;0x00:0x30;0x00:0x34;0x00:0x3C;0x00:0x44;0x00:0x48;0x00:0x4C;0x00:0x50;0x00:0x93;0x00:0xA4;0x05:0x00;0x05:0x01;0x05:0x05;0x05:0x08;0x05:0x0E;0x05:0x11;0x05:0x1B;0x05:0x20;0x05:0x23;0x05:0x26;0x05:0x2A;0x05:0x58;0x05:0x59;0x05:0x5B;0x05:0x69;0x05:0xB8;0x05:0xC8;0x09:0x64;0x09:0x6A;0x09:0x6B;0x09:0x6C;0x09:0x80;0x09:0x81;0x0A:0x60;0x0A:0x61;0x0A:0x62;0x0A:0x63;0x0A:0x64;0x0A:0x65;0x0A:0x66;0x0A:0x67;0x0A:0x68;0x0A:0x69;0x0A:0x6A;0x0A:0x6B;0x0A:0x6C;0x0A:0x6D;0x0A:0x6E;0x0A:0x6F;0x0A:0x70;0x0A:0x71;0x0A:0x72;0x0A:0x74
541,78,MODE1_0078_FHD_COMMON_WRITE,NACK_DURING_WRITE,61,60,ABORTING->UNRESOLVED_REGISTER_GATE->FATAL_RECOVERY_FAILURE,FATAL_RECOVERY_FAILURE,UNRESOLVED_COMMITTED_REGISTERS=0x00:0x00;0x00:0x0C;0x00:0x10;0x00:0x14;0x00:0x18;0x00:0x21;0x00:0x22;0x00:0x30;0x00:0x34;0x00:0x3C;0x00:0x44;0x00:0x48;0x00:0x4C;0x00:0x50;0x00:0x93;0x00:0xA4;0x05:0x00;0x05:0x01;0x05:0x05;0x05:0x08;0x05:0x0E;0x05:0x11;0x05:0x1B;0x05:0x20;0x05:0x23;0x05:0x26;0x05:0x27;0x05:0x2A;0x05:0x58;0x05:0x59;0x05:0x5B;0x05:0x69;0x05:0xB8;0x05:0xC8;0x09:0x64;0x09:0x6A;0x09:0x6B;0x09:0x6C;0x09:0x80;0x09:0x81;0x0A:0x60;0x0A:0x61;0x0A:0x62;0x0A:0x63;0x0A:0x64;0x0A:0x65;0x0A:0x66;0x0A:0x67;0x0A:0x68;0x0A:0x69;0x0A:0x6A;0x0A:0x6B;0x0A:0x6C;0x0A:0x6D;0x0A:0x6E;0x0A:0x6F;0x0A:0x70;0x0A:0x71;0x0A:0x72;0x0A:0x74
542,78,MODE1_0078_FHD_COMMON_WRITE,TIMEOUT_DURING_WRITE,61,60,ABORTING->UNRESOLVED_REGISTER_GATE->FATAL_RECOVERY_FAILURE,FATAL_RECOVERY_FAILURE,UNRESOLVED_COMMITTED_REGISTERS=0x00:0x00;0x00:0x0C;0x00:0x10;0x00:0x14;0x00:0x18;0x00:0x21;0x00:0x22;0x00:0x30;0x00:0x34;0x00:0x3C;0x00:0x44;0x00:0x48;0x00:0x4C;0x00:0x50;0x00:0x93;0x00:0xA4;0x05:0x00;0x05:0x01;0x05:0x05;0x05:0x08;0x05:0x0E;0x05:0x11;0x05:0x1B;0x05:0x20;0x05:0x23;0x05:0x26;0x05:0x27;0x05:0x2A;0x05:0x58;0x05:0x59;0x05:0x5B;0x05:0x69;0x05:0xB8;0x05:0xC8;0x09:0x64;0x09:0x6A;0x09:0x6B;0x09:0x6C;0x09:0x80;0x09:0x81;0x0A:0x60;0x0A:0x61;0x0A:0x62;0x0A:0x63;0x0A:0x64;0x0A:0x65;0x0A:0x66;0x0A:0x67;0x0A:0x68;0x0A:0x69;0x0A:0x6A;0x0A:0x6B;0x0A:0x6C;0x0A:0x6D;0x0A:0x6E;0x0A:0x6F;0x0A:0x70;0x0A:0x71;0x0A:0x72;0x0A:0x74
543,78,MODE1_0078_FHD_COMMON_WRITE,READBACK_MISMATCH,61,60,ABORTING->UNRESOLVED_REGISTER_GATE->FATAL_RECOVERY_FAILURE,FATAL_RECOVERY_FAILURE,UNRESOLVED_COMMITTED_REGISTERS=0x00:0x00;0x00:0x0C;0x00:0x10;0x00:0x14;0x00:0x18;0x00:0x21;0x00:0x22;0x00:0x30;0x00:0x34;0x00:0x3C;0x00:0x44;0x00:0x48;0x00:0x4C;0x00:0x50;0x00:0x93;0x00:0xA4;0x05:0x00;0x05:0x01;0x05:0x05;0x05:0x08;0x05:0x0E;0x05:0x11;0x05:0x1B;0x05:0x20;0x05:0x23;0x05:0x26;0x05:0x27;0x05:0x2A;0x05:0x58;0x05:0x59;0x05:0x5B;0x05:0x69;0x05:0xB8;0x05:0xC8;0x09:0x64;0x09:0x6A;0x09:0x6B;0x09:0x6C;0x09:0x80;0x09:0x81;0x0A:0x60;0x0A:0x61;0x0A:0x62;0x0A:0x63;0x0A:0x64;0x0A:0x65;0x0A:0x66;0x0A:0x67;0x0A:0x68;0x0A:0x69;0x0A:0x6A;0x0A:0x6B;0x0A:0x6C;0x0A:0x6D;0x0A:0x6E;0x0A:0x6F;0x0A:0x70;0x0A:0x71;0x0A:0x72;0x0A:0x74
544,78,MODE1_0078_FHD_COMMON_WRITE,RESET_BETWEEN_OPERATIONS,61,60,ABORTING->PRODUCT_RECONSTRUCTION_GAP->FATAL_RECOVERY_FAILURE,FATAL_RECOVERY_FAILURE,CALLABLE_RESET_AUTOINIT_OR_PERSISTENT_RECOVERY_CONTEXT_NOT_PROVEN
545,78,MODE1_0078_FHD_COMMON_WRITE,HOST_ABORT,61,60,ABORTING->UNRESOLVED_REGISTER_GATE->FATAL_RECOVERY_FAILURE,FATAL_RECOVERY_FAILURE,UNRESOLVED_COMMITTED_REGISTERS=0x00:0x00;0x00:0x0C;0x00:0x10;0x00:0x14;0x00:0x18;0x00:0x21;0x00:0x22;0x00:0x30;0x00:0x34;0x00:0x3C;0x00:0x44;0x00:0x48;0x00:0x4C;0x00:0x50;0x00:0x93;0x00:0xA4;0x05:0x00;0x05:0x01;0x05:0x05;0x05:0x08;0x05:0x0E;0x05:0x11;0x05:0x1B;0x05:0x20;0x05:0x23;0x05:0x26;0x05:0x27;0x05:0x2A;0x05:0x58;0x05:0x59;0x05:0x5B;0x05:0x69;0x05:0xB8;0x05:0xC8;0x09:0x64;0x09:0x6A;0x09:0x6B;0x09:0x6C;0x09:0x80;0x09:0x81;0x0A:0x60;0x0A:0x61;0x0A:0x62;0x0A:0x63;0x0A:0x64;0x0A:0x65;0x0A:0x66;0x0A:0x67;0x0A:0x68;0x0A:0x69;0x0A:0x6A;0x0A:0x6B;0x0A:0x6C;0x0A:0x6D;0x0A:0x6E;0x0A:0x6F;0x0A:0x70;0x0A:0x71;0x0A:0x72;0x0A:0x74
546,78,MODE1_0078_FHD_COMMON_WRITE,MMIO_RESET,61,60,ABORTING->PRODUCT_RECONSTRUCTION_GAP->FATAL_RECOVERY_FAILURE,FATAL_RECOVERY_FAILURE,CALLABLE_RESET_AUTOINIT_OR_PERSISTENT_RECOVERY_CONTEXT_NOT_PROVEN
547,79,MODE1_0079_FHD_COMMON_WRITE,FAILURE_BEFORE_WRITE,61,60,ABORTING->UNRESOLVED_REGISTER_GATE->FATAL_RECOVERY_FAILURE,FATAL_RECOVERY_FAILURE,UNRESOLVED_COMMITTED_REGISTERS=0x00:0x00;0x00:0x0C;0x00:0x10;0x00:0x14;0x00:0x18;0x00:0x21;0x00:0x22;0x00:0x30;0x00:0x34;0x00:0x3C;0x00:0x44;0x00:0x48;0x00:0x4C;0x00:0x50;0x00:0x93;0x00:0xA4;0x05:0x00;0x05:0x01;0x05:0x05;0x05:0x08;0x05:0x0E;0x05:0x11;0x05:0x1B;0x05:0x20;0x05:0x23;0x05:0x26;0x05:0x27;0x05:0x2A;0x05:0x58;0x05:0x59;0x05:0x5B;0x05:0x69;0x05:0xB8;0x05:0xC8;0x09:0x64;0x09:0x6A;0x09:0x6B;0x09:0x6C;0x09:0x80;0x09:0x81;0x0A:0x60;0x0A:0x61;0x0A:0x62;0x0A:0x63;0x0A:0x64;0x0A:0x65;0x0A:0x66;0x0A:0x67;0x0A:0x68;0x0A:0x69;0x0A:0x6A;0x0A:0x6B;0x0A:0x6C;0x0A:0x6D;0x0A:0x6E;0x0A:0x6F;0x0A:0x70;0x0A:0x71;0x0A:0x72;0x0A:0x74
548,79,MODE1_0079_FHD_COMMON_WRITE,NACK_DURING_WRITE,62,61,ABORTING->UNRESOLVED_REGISTER_GATE->FATAL_RECOVERY_FAILURE,FATAL_RECOVERY_FAILURE,UNRESOLVED_COMMITTED_REGISTERS=0x00:0x00;0x00:0x0C;0x00:0x10;0x00:0x14;0x00:0x18;0x00:0x21;0x00:0x22;0x00:0x30;0x00:0x34;0x00:0x3C;0x00:0x44;0x00:0x48;0x00:0x4C;0x00:0x50;0x00:0x93;0x00:0xA4;0x05:0x00;0x05:0x01;0x05:0x05;0x05:0x08;0x05:0x0E;0x05:0x11;0x05:0x1B;0x05:0x20;0x05:0x23;0x05:0x26;0x05:0x27;0x05:0x29;0x05:0x2A;0x05:0x58;0x05:0x59;0x05:0x5B;0x05:0x69;0x05:0xB8;0x05:0xC8;0x09:0x64;0x09:0x6A;0x09:0x6B;0x09:0x6C;0x09:0x80;0x09:0x81;0x0A:0x60;0x0A:0x61;0x0A:0x62;0x0A:0x63;0x0A:0x64;0x0A:0x65;0x0A:0x66;0x0A:0x67;0x0A:0x68;0x0A:0x69;0x0A:0x6A;0x0A:0x6B;0x0A:0x6C;0x0A:0x6D;0x0A:0x6E;0x0A:0x6F;0x0A:0x70;0x0A:0x71;0x0A:0x72;0x0A:0x74
549,79,MODE1_0079_FHD_COMMON_WRITE,TIMEOUT_DURING_WRITE,62,61,ABORTING->UNRESOLVED_REGISTER_GATE->FATAL_RECOVERY_FAILURE,FATAL_RECOVERY_FAILURE,UNRESOLVED_COMMITTED_REGISTERS=0x00:0x00;0x00:0x0C;0x00:0x10;0x00:0x14;0x00:0x18;0x00:0x21;0x00:0x22;0x00:0x30;0x00:0x34;0x00:0x3C;0x00:0x44;0x00:0x48;0x00:0x4C;0x00:0x50;0x00:0x93;0x00:0xA4;0x05:0x00;0x05:0x01;0x05:0x05;0x05:0x08;0x05:0x0E;0x05:0x11;0x05:0x1B;0x05:0x20;0x05:0x23;0x05:0x26;0x05:0x27;0x05:0x29;0x05:0x2A;0x05:0x58;0x05:0x59;0x05:0x5B;0x05:0x69;0x05:0xB8;0x05:0xC8;0x09:0x64;0x09:0x6A;0x09:0x6B;0x09:0x6C;0x09:0x80;0x09:0x81;0x0A:0x60;0x0A:0x61;0x0A:0x62;0x0A:0x63;0x0A:0x64;0x0A:0x65;0x0A:0x66;0x0A:0x67;0x0A:0x68;0x0A:0x69;0x0A:0x6A;0x0A:0x6B;0x0A:0x6C;0x0A:0x6D;0x0A:0x6E;0x0A:0x6F;0x0A:0x70;0x0A:0x71;0x0A:0x72;0x0A:0x74
550,79,MODE1_0079_FHD_COMMON_WRITE,READBACK_MISMATCH,62,61,ABORTING->UNRESOLVED_REGISTER_GATE->FATAL_RECOVERY_FAILURE,FATAL_RECOVERY_FAILURE,UNRESOLVED_COMMITTED_REGISTERS=0x00:0x00;0x00:0x0C;0x00:0x10;0x00:0x14;0x00:0x18;0x00:0x21;0x00:0x22;0x00:0x30;0x00:0x34;0x00:0x3C;0x00:0x44;0x00:0x48;0x00:0x4C;0x00:0x50;0x00:0x93;0x00:0xA4;0x05:0x00;0x05:0x01;0x05:0x05;0x05:0x08;0x05:0x0E;0x05:0x11;0x05:0x1B;0x05:0x20;0x05:0x23;0x05:0x26;0x05:0x27;0x05:0x29;0x05:0x2A;0x05:0x58;0x05:0x59;0x05:0x5B;0x05:0x69;0x05:0xB8;0x05:0xC8;0x09:0x64;0x09:0x6A;0x09:0x6B;0x09:0x6C;0x09:0x80;0x09:0x81;0x0A:0x60;0x0A:0x61;0x0A:0x62;0x0A:0x63;0x0A:0x64;0x0A:0x65;0x0A:0x66;0x0A:0x67;0x0A:0x68;0x0A:0x69;0x0A:0x6A;0x0A:0x6B;0x0A:0x6C;0x0A:0x6D;0x0A:0x6E;0x0A:0x6F;0x0A:0x70;0x0A:0x71;0x0A:0x72;0x0A:0x74
551,79,MODE1_0079_FHD_COMMON_WRITE,RESET_BETWEEN_OPERATIONS,62,61,ABORTING->PRODUCT_RECONSTRUCTION_GAP->FATAL_RECOVERY_FAILURE,FATAL_RECOVERY_FAILURE,CALLABLE_RESET_AUTOINIT_OR_PERSISTENT_RECOVERY_CONTEXT_NOT_PROVEN
552,79,MODE1_0079_FHD_COMMON_WRITE,HOST_ABORT,62,61,ABORTING->UNRESOLVED_REGISTER_GATE->FATAL_RECOVERY_FAILURE,FATAL_RECOVERY_FAILURE,UNRESOLVED_COMMITTED_REGISTERS=0x00:0x00;0x00:0x0C;0x00:0x10;0x00:0x14;0x00:0x18;0x00:0x21;0x00:0x22;0x00:0x30;0x00:0x34;0x00:0x3C;0x00:0x44;0x00:0x48;0x00:0x4C;0x00:0x50;0x00:0x93;0x00:0xA4;0x05:0x00;0x05:0x01;0x05:0x05;0x05:0x08;0x05:0x0E;0x05:0x11;0x05:0x1B;0x05:0x20;0x05:0x23;0x05:0x26;0x05:0x27;0x05:0x29;0x05:0x2A;0x05:0x58;0x05:0x59;0x05:0x5B;0x05:0x69;0x05:0xB8;0x05:0xC8;0x09:0x64;0x09:0x6A;0x09:0x6B;0x09:0x6C;0x09:0x80;0x09:0x81;0x0A:0x60;0x0A:0x61;0x0A:0x62;0x0A:0x63;0x0A:0x64;0x0A:0x65;0x0A:0x66;0x0A:0x67;0x0A:0x68;0x0A:0x69;0x0A:0x6A;0x0A:0x6B;0x0A:0x6C;0x0A:0x6D;0x0A:0x6E;0x0A:0x6F;0x0A:0x70;0x0A:0x71;0x0A:0x72;0x0A:0x74
553,79,MODE1_0079_FHD_COMMON_WRITE,MMIO_RESET,62,61,ABORTING->PRODUCT_RECONSTRUCTION_GAP->FATAL_RECOVERY_FAILURE,FATAL_RECOVERY_FAILURE,CALLABLE_RESET_AUTOINIT_OR_PERSISTENT_RECOVERY_CONTEXT_NOT_PROVEN
554,80,MODE1_0080_FHD_COMMON_WRITE,FAILURE_BEFORE_WRITE,62,61,ABORTING->UNRESOLVED_REGISTER_GATE->FATAL_RECOVERY_FAILURE,FATAL_RECOVERY_FAILURE,UNRESOLVED_COMMITTED_REGISTERS=0x00:0x00;0x00:0x0C;0x00:0x10;0x00:0x14;0x00:0x18;0x00:0x21;0x00:0x22;0x00:0x30;0x00:0x34;0x00:0x3C;0x00:0x44;0x00:0x48;0x00:0x4C;0x00:0x50;0x00:0x93;0x00:0xA4;0x05:0x00;0x05:0x01;0x05:0x05;0x05:0x08;0x05:0x0E;0x05:0x11;0x05:0x1B;0x05:0x20;0x05:0x23;0x05:0x26;0x05:0x27;0x05:0x29;0x05:0x2A;0x05:0x58;0x05:0x59;0x05:0x5B;0x05:0x69;0x05:0xB8;0x05:0xC8;0x09:0x64;0x09:0x6A;0x09:0x6B;0x09:0x6C;0x09:0x80;0x09:0x81;0x0A:0x60;0x0A:0x61;0x0A:0x62;0x0A:0x63;0x0A:0x64;0x0A:0x65;0x0A:0x66;0x0A:0x67;0x0A:0x68;0x0A:0x69;0x0A:0x6A;0x0A:0x6B;0x0A:0x6C;0x0A:0x6D;0x0A:0x6E;0x0A:0x6F;0x0A:0x70;0x0A:0x71;0x0A:0x72;0x0A:0x74
555,80,MODE1_0080_FHD_COMMON_WRITE,NACK_DURING_WRITE,63,62,ABORTING->UNRESOLVED_REGISTER_GATE->FATAL_RECOVERY_FAILURE,FATAL_RECOVERY_FAILURE,UNRESOLVED_COMMITTED_REGISTERS=0x00:0x00;0x00:0x0C;0x00:0x10;0x00:0x14;0x00:0x18;0x00:0x21;0x00:0x22;0x00:0x30;0x00:0x34;0x00:0x3C;0x00:0x44;0x00:0x48;0x00:0x4C;0x00:0x50;0x00:0x93;0x00:0xA4;0x05:0x00;0x05:0x01;0x05:0x05;0x05:0x08;0x05:0x0E;0x05:0x11;0x05:0x1B;0x05:0x20;0x05:0x23;0x05:0x26;0x05:0x27;0x05:0x29;0x05:0x2A;0x05:0x58;0x05:0x59;0x05:0x5B;0x05:0x69;0x05:0x76;0x05:0xB8;0x05:0xC8;0x09:0x64;0x09:0x6A;0x09:0x6B;0x09:0x6C;0x09:0x80;0x09:0x81;0x0A:0x60;0x0A:0x61;0x0A:0x62;0x0A:0x63;0x0A:0x64;0x0A:0x65;0x0A:0x66;0x0A:0x67;0x0A:0x68;0x0A:0x69;0x0A:0x6A;0x0A:0x6B;0x0A:0x6C;0x0A:0x6D;0x0A:0x6E;0x0A:0x6F;0x0A:0x70;0x0A:0x71;0x0A:0x72;0x0A:0x74
556,80,MODE1_0080_FHD_COMMON_WRITE,TIMEOUT_DURING_WRITE,63,62,ABORTING->UNRESOLVED_REGISTER_GATE->FATAL_RECOVERY_FAILURE,FATAL_RECOVERY_FAILURE,UNRESOLVED_COMMITTED_REGISTERS=0x00:0x00;0x00:0x0C;0x00:0x10;0x00:0x14;0x00:0x18;0x00:0x21;0x00:0x22;0x00:0x30;0x00:0x34;0x00:0x3C;0x00:0x44;0x00:0x48;0x00:0x4C;0x00:0x50;0x00:0x93;0x00:0xA4;0x05:0x00;0x05:0x01;0x05:0x05;0x05:0x08;0x05:0x0E;0x05:0x11;0x05:0x1B;0x05:0x20;0x05:0x23;0x05:0x26;0x05:0x27;0x05:0x29;0x05:0x2A;0x05:0x58;0x05:0x59;0x05:0x5B;0x05:0x69;0x05:0x76;0x05:0xB8;0x05:0xC8;0x09:0x64;0x09:0x6A;0x09:0x6B;0x09:0x6C;0x09:0x80;0x09:0x81;0x0A:0x60;0x0A:0x61;0x0A:0x62;0x0A:0x63;0x0A:0x64;0x0A:0x65;0x0A:0x66;0x0A:0x67;0x0A:0x68;0x0A:0x69;0x0A:0x6A;0x0A:0x6B;0x0A:0x6C;0x0A:0x6D;0x0A:0x6E;0x0A:0x6F;0x0A:0x70;0x0A:0x71;0x0A:0x72;0x0A:0x74
557,80,MODE1_0080_FHD_COMMON_WRITE,READBACK_MISMATCH,63,62,ABORTING->UNRESOLVED_REGISTER_GATE->FATAL_RECOVERY_FAILURE,FATAL_RECOVERY_FAILURE,UNRESOLVED_COMMITTED_REGISTERS=0x00:0x00;0x00:0x0C;0x00:0x10;0x00:0x14;0x00:0x18;0x00:0x21;0x00:0x22;0x00:0x30;0x00:0x34;0x00:0x3C;0x00:0x44;0x00:0x48;0x00:0x4C;0x00:0x50;0x00:0x93;0x00:0xA4;0x05:0x00;0x05:0x01;0x05:0x05;0x05:0x08;0x05:0x0E;0x05:0x11;0x05:0x1B;0x05:0x20;0x05:0x23;0x05:0x26;0x05:0x27;0x05:0x29;0x05:0x2A;0x05:0x58;0x05:0x59;0x05:0x5B;0x05:0x69;0x05:0x76;0x05:0xB8;0x05:0xC8;0x09:0x64;0x09:0x6A;0x09:0x6B;0x09:0x6C;0x09:0x80;0x09:0x81;0x0A:0x60;0x0A:0x61;0x0A:0x62;0x0A:0x63;0x0A:0x64;0x0A:0x65;0x0A:0x66;0x0A:0x67;0x0A:0x68;0x0A:0x69;0x0A:0x6A;0x0A:0x6B;0x0A:0x6C;0x0A:0x6D;0x0A:0x6E;0x0A:0x6F;0x0A:0x70;0x0A:0x71;0x0A:0x72;0x0A:0x74
558,80,MODE1_0080_FHD_COMMON_WRITE,RESET_BETWEEN_OPERATIONS,63,62,ABORTING->PRODUCT_RECONSTRUCTION_GAP->FATAL_RECOVERY_FAILURE,FATAL_RECOVERY_FAILURE,CALLABLE_RESET_AUTOINIT_OR_PERSISTENT_RECOVERY_CONTEXT_NOT_PROVEN
559,80,MODE1_0080_FHD_COMMON_WRITE,HOST_ABORT,63,62,ABORTING->UNRESOLVED_REGISTER_GATE->FATAL_RECOVERY_FAILURE,FATAL_RECOVERY_FAILURE,UNRESOLVED_COMMITTED_REGISTERS=0x00:0x00;0x00:0x0C;0x00:0x10;0x00:0x14;0x00:0x18;0x00:0x21;0x00:0x22;0x00:0x30;0x00:0x34;0x00:0x3C;0x00:0x44;0x00:0x48;0x00:0x4C;0x00:0x50;0x00:0x93;0x00:0xA4;0x05:0x00;0x05:0x01;0x05:0x05;0x05:0x08;0x05:0x0E;0x05:0x11;0x05:0x1B;0x05:0x20;0x05:0x23;0x05:0x26;0x05:0x27;0x05:0x29;0x05:0x2A;0x05:0x58;0x05:0x59;0x05:0x5B;0x05:0x69;0x05:0x76;0x05:0xB8;0x05:0xC8;0x09:0x64;0x09:0x6A;0x09:0x6B;0x09:0x6C;0x09:0x80;0x09:0x81;0x0A:0x60;0x0A:0x61;0x0A:0x62;0x0A:0x63;0x0A:0x64;0x0A:0x65;0x0A:0x66;0x0A:0x67;0x0A:0x68;0x0A:0x69;0x0A:0x6A;0x0A:0x6B;0x0A:0x6C;0x0A:0x6D;0x0A:0x6E;0x0A:0x6F;0x0A:0x70;0x0A:0x71;0x0A:0x72;0x0A:0x74
560,80,MODE1_0080_FHD_COMMON_WRITE,MMIO_RESET,63,62,ABORTING->PRODUCT_RECONSTRUCTION_GAP->FATAL_RECOVERY_FAILURE,FATAL_RECOVERY_FAILURE,CALLABLE_RESET_AUTOINIT_OR_PERSISTENT_RECOVERY_CONTEXT_NOT_PROVEN
561,81,MODE1_0081_FHD_COMMON_WRITE,FAILURE_BEFORE_WRITE,63,62,ABORTING->UNRESOLVED_REGISTER_GATE->FATAL_RECOVERY_FAILURE,FATAL_RECOVERY_FAILURE,UNRESOLVED_COMMITTED_REGISTERS=0x00:0x00;0x00:0x0C;0x00:0x10;0x00:0x14;0x00:0x18;0x00:0x21;0x00:0x22;0x00:0x30;0x00:0x34;0x00:0x3C;0x00:0x44;0x00:0x48;0x00:0x4C;0x00:0x50;0x00:0x93;0x00:0xA4;0x05:0x00;0x05:0x01;0x05:0x05;0x05:0x08;0x05:0x0E;0x05:0x11;0x05:0x1B;0x05:0x20;0x05:0x23;0x05:0x26;0x05:0x27;0x05:0x29;0x05:0x2A;0x05:0x58;0x05:0x59;0x05:0x5B;0x05:0x69;0x05:0x76;0x05:0xB8;0x05:0xC8;0x09:0x64;0x09:0x6A;0x09:0x6B;0x09:0x6C;0x09:0x80;0x09:0x81;0x0A:0x60;0x0A:0x61;0x0A:0x62;0x0A:0x63;0x0A:0x64;0x0A:0x65;0x0A:0x66;0x0A:0x67;0x0A:0x68;0x0A:0x69;0x0A:0x6A;0x0A:0x6B;0x0A:0x6C;0x0A:0x6D;0x0A:0x6E;0x0A:0x6F;0x0A:0x70;0x0A:0x71;0x0A:0x72;0x0A:0x74
562,81,MODE1_0081_FHD_COMMON_WRITE,NACK_DURING_WRITE,64,63,ABORTING->UNRESOLVED_REGISTER_GATE->FATAL_RECOVERY_FAILURE,FATAL_RECOVERY_FAILURE,UNRESOLVED_COMMITTED_REGISTERS=0x00:0x00;0x00:0x0C;0x00:0x10;0x00:0x14;0x00:0x18;0x00:0x21;0x00:0x22;0x00:0x30;0x00:0x34;0x00:0x3C;0x00:0x44;0x00:0x48;0x00:0x4C;0x00:0x50;0x00:0x93;0x00:0xA4;0x05:0x00;0x05:0x01;0x05:0x05;0x05:0x08;0x05:0x0E;0x05:0x11;0x05:0x1B;0x05:0x20;0x05:0x23;0x05:0x26;0x05:0x27;0x05:0x29;0x05:0x2A;0x05:0x57;0x05:0x58;0x05:0x59;0x05:0x5B;0x05:0x69;0x05:0x76;0x05:0xB8;0x05:0xC8;0x09:0x64;0x09:0x6A;0x09:0x6B;0x09:0x6C;0x09:0x80;0x09:0x81;0x0A:0x60;0x0A:0x61;0x0A:0x62;0x0A:0x63;0x0A:0x64;0x0A:0x65;0x0A:0x66;0x0A:0x67;0x0A:0x68;0x0A:0x69;0x0A:0x6A;0x0A:0x6B;0x0A:0x6C;0x0A:0x6D;0x0A:0x6E;0x0A:0x6F;0x0A:0x70;0x0A:0x71;0x0A:0x72;0x0A:0x74
563,81,MODE1_0081_FHD_COMMON_WRITE,TIMEOUT_DURING_WRITE,64,63,ABORTING->UNRESOLVED_REGISTER_GATE->FATAL_RECOVERY_FAILURE,FATAL_RECOVERY_FAILURE,UNRESOLVED_COMMITTED_REGISTERS=0x00:0x00;0x00:0x0C;0x00:0x10;0x00:0x14;0x00:0x18;0x00:0x21;0x00:0x22;0x00:0x30;0x00:0x34;0x00:0x3C;0x00:0x44;0x00:0x48;0x00:0x4C;0x00:0x50;0x00:0x93;0x00:0xA4;0x05:0x00;0x05:0x01;0x05:0x05;0x05:0x08;0x05:0x0E;0x05:0x11;0x05:0x1B;0x05:0x20;0x05:0x23;0x05:0x26;0x05:0x27;0x05:0x29;0x05:0x2A;0x05:0x57;0x05:0x58;0x05:0x59;0x05:0x5B;0x05:0x69;0x05:0x76;0x05:0xB8;0x05:0xC8;0x09:0x64;0x09:0x6A;0x09:0x6B;0x09:0x6C;0x09:0x80;0x09:0x81;0x0A:0x60;0x0A:0x61;0x0A:0x62;0x0A:0x63;0x0A:0x64;0x0A:0x65;0x0A:0x66;0x0A:0x67;0x0A:0x68;0x0A:0x69;0x0A:0x6A;0x0A:0x6B;0x0A:0x6C;0x0A:0x6D;0x0A:0x6E;0x0A:0x6F;0x0A:0x70;0x0A:0x71;0x0A:0x72;0x0A:0x74
564,81,MODE1_0081_FHD_COMMON_WRITE,READBACK_MISMATCH,64,63,ABORTING->UNRESOLVED_REGISTER_GATE->FATAL_RECOVERY_FAILURE,FATAL_RECOVERY_FAILURE,UNRESOLVED_COMMITTED_REGISTERS=0x00:0x00;0x00:0x0C;0x00:0x10;0x00:0x14;0x00:0x18;0x00:0x21;0x00:0x22;0x00:0x30;0x00:0x34;0x00:0x3C;0x00:0x44;0x00:0x48;0x00:0x4C;0x00:0x50;0x00:0x93;0x00:0xA4;0x05:0x00;0x05:0x01;0x05:0x05;0x05:0x08;0x05:0x0E;0x05:0x11;0x05:0x1B;0x05:0x20;0x05:0x23;0x05:0x26;0x05:0x27;0x05:0x29;0x05:0x2A;0x05:0x57;0x05:0x58;0x05:0x59;0x05:0x5B;0x05:0x69;0x05:0x76;0x05:0xB8;0x05:0xC8;0x09:0x64;0x09:0x6A;0x09:0x6B;0x09:0x6C;0x09:0x80;0x09:0x81;0x0A:0x60;0x0A:0x61;0x0A:0x62;0x0A:0x63;0x0A:0x64;0x0A:0x65;0x0A:0x66;0x0A:0x67;0x0A:0x68;0x0A:0x69;0x0A:0x6A;0x0A:0x6B;0x0A:0x6C;0x0A:0x6D;0x0A:0x6E;0x0A:0x6F;0x0A:0x70;0x0A:0x71;0x0A:0x72;0x0A:0x74
565,81,MODE1_0081_FHD_COMMON_WRITE,RESET_BETWEEN_OPERATIONS,64,63,ABORTING->PRODUCT_RECONSTRUCTION_GAP->FATAL_RECOVERY_FAILURE,FATAL_RECOVERY_FAILURE,CALLABLE_RESET_AUTOINIT_OR_PERSISTENT_RECOVERY_CONTEXT_NOT_PROVEN
566,81,MODE1_0081_FHD_COMMON_WRITE,HOST_ABORT,64,63,ABORTING->UNRESOLVED_REGISTER_GATE->FATAL_RECOVERY_FAILURE,FATAL_RECOVERY_FAILURE,UNRESOLVED_COMMITTED_REGISTERS=0x00:0x00;0x00:0x0C;0x00:0x10;0x00:0x14;0x00:0x18;0x00:0x21;0x00:0x22;0x00:0x30;0x00:0x34;0x00:0x3C;0x00:0x44;0x00:0x48;0x00:0x4C;0x00:0x50;0x00:0x93;0x00:0xA4;0x05:0x00;0x05:0x01;0x05:0x05;0x05:0x08;0x05:0x0E;0x05:0x11;0x05:0x1B;0x05:0x20;0x05:0x23;0x05:0x26;0x05:0x27;0x05:0x29;0x05:0x2A;0x05:0x57;0x05:0x58;0x05:0x59;0x05:0x5B;0x05:0x69;0x05:0x76;0x05:0xB8;0x05:0xC8;0x09:0x64;0x09:0x6A;0x09:0x6B;0x09:0x6C;0x09:0x80;0x09:0x81;0x0A:0x60;0x0A:0x61;0x0A:0x62;0x0A:0x63;0x0A:0x64;0x0A:0x65;0x0A:0x66;0x0A:0x67;0x0A:0x68;0x0A:0x69;0x0A:0x6A;0x0A:0x6B;0x0A:0x6C;0x0A:0x6D;0x0A:0x6E;0x0A:0x6F;0x0A:0x70;0x0A:0x71;0x0A:0x72;0x0A:0x74
567,81,MODE1_0081_FHD_COMMON_WRITE,MMIO_RESET,64,63,ABORTING->PRODUCT_RECONSTRUCTION_GAP->FATAL_RECOVERY_FAILURE,FATAL_RECOVERY_FAILURE,CALLABLE_RESET_AUTOINIT_OR_PERSISTENT_RECOVERY_CONTEXT_NOT_PROVEN
568,82,MODE1_0082_FHD_COMMON_WRITE,FAILURE_BEFORE_WRITE,64,63,ABORTING->UNRESOLVED_REGISTER_GATE->FATAL_RECOVERY_FAILURE,FATAL_RECOVERY_FAILURE,UNRESOLVED_COMMITTED_REGISTERS=0x00:0x00;0x00:0x0C;0x00:0x10;0x00:0x14;0x00:0x18;0x00:0x21;0x00:0x22;0x00:0x30;0x00:0x34;0x00:0x3C;0x00:0x44;0x00:0x48;0x00:0x4C;0x00:0x50;0x00:0x93;0x00:0xA4;0x05:0x00;0x05:0x01;0x05:0x05;0x05:0x08;0x05:0x0E;0x05:0x11;0x05:0x1B;0x05:0x20;0x05:0x23;0x05:0x26;0x05:0x27;0x05:0x29;0x05:0x2A;0x05:0x57;0x05:0x58;0x05:0x59;0x05:0x5B;0x05:0x69;0x05:0x76;0x05:0xB8;0x05:0xC8;0x09:0x64;0x09:0x6A;0x09:0x6B;0x09:0x6C;0x09:0x80;0x09:0x81;0x0A:0x60;0x0A:0x61;0x0A:0x62;0x0A:0x63;0x0A:0x64;0x0A:0x65;0x0A:0x66;0x0A:0x67;0x0A:0x68;0x0A:0x69;0x0A:0x6A;0x0A:0x6B;0x0A:0x6C;0x0A:0x6D;0x0A:0x6E;0x0A:0x6F;0x0A:0x70;0x0A:0x71;0x0A:0x72;0x0A:0x74
569,82,MODE1_0082_FHD_COMMON_WRITE,NACK_DURING_WRITE,65,64,ABORTING->UNRESOLVED_REGISTER_GATE->FATAL_RECOVERY_FAILURE,FATAL_RECOVERY_FAILURE,UNRESOLVED_COMMITTED_REGISTERS=0x00:0x00;0x00:0x0C;0x00:0x10;0x00:0x14;0x00:0x18;0x00:0x21;0x00:0x22;0x00:0x30;0x00:0x34;0x00:0x3C;0x00:0x44;0x00:0x48;0x00:0x4C;0x00:0x50;0x00:0x93;0x00:0xA4;0x05:0x00;0x05:0x01;0x05:0x05;0x05:0x08;0x05:0x0E;0x05:0x11;0x05:0x1B;0x05:0x20;0x05:0x23;0x05:0x26;0x05:0x27;0x05:0x29;0x05:0x2A;0x05:0x57;0x05:0x58;0x05:0x59;0x05:0x5B;0x05:0x5F;0x05:0x69;0x05:0x76;0x05:0xB8;0x05:0xC8;0x09:0x64;0x09:0x6A;0x09:0x6B;0x09:0x6C;0x09:0x80;0x09:0x81;0x0A:0x60;0x0A:0x61;0x0A:0x62;0x0A:0x63;0x0A:0x64;0x0A:0x65;0x0A:0x66;0x0A:0x67;0x0A:0x68;0x0A:0x69;0x0A:0x6A;0x0A:0x6B;0x0A:0x6C;0x0A:0x6D;0x0A:0x6E;0x0A:0x6F;0x0A:0x70;0x0A:0x71;0x0A:0x72;0x0A:0x74
570,82,MODE1_0082_FHD_COMMON_WRITE,TIMEOUT_DURING_WRITE,65,64,ABORTING->UNRESOLVED_REGISTER_GATE->FATAL_RECOVERY_FAILURE,FATAL_RECOVERY_FAILURE,UNRESOLVED_COMMITTED_REGISTERS=0x00:0x00;0x00:0x0C;0x00:0x10;0x00:0x14;0x00:0x18;0x00:0x21;0x00:0x22;0x00:0x30;0x00:0x34;0x00:0x3C;0x00:0x44;0x00:0x48;0x00:0x4C;0x00:0x50;0x00:0x93;0x00:0xA4;0x05:0x00;0x05:0x01;0x05:0x05;0x05:0x08;0x05:0x0E;0x05:0x11;0x05:0x1B;0x05:0x20;0x05:0x23;0x05:0x26;0x05:0x27;0x05:0x29;0x05:0x2A;0x05:0x57;0x05:0x58;0x05:0x59;0x05:0x5B;0x05:0x5F;0x05:0x69;0x05:0x76;0x05:0xB8;0x05:0xC8;0x09:0x64;0x09:0x6A;0x09:0x6B;0x09:0x6C;0x09:0x80;0x09:0x81;0x0A:0x60;0x0A:0x61;0x0A:0x62;0x0A:0x63;0x0A:0x64;0x0A:0x65;0x0A:0x66;0x0A:0x67;0x0A:0x68;0x0A:0x69;0x0A:0x6A;0x0A:0x6B;0x0A:0x6C;0x0A:0x6D;0x0A:0x6E;0x0A:0x6F;0x0A:0x70;0x0A:0x71;0x0A:0x72;0x0A:0x74
571,82,MODE1_0082_FHD_COMMON_WRITE,READBACK_MISMATCH,65,64,ABORTING->UNRESOLVED_REGISTER_GATE->FATAL_RECOVERY_FAILURE,FATAL_RECOVERY_FAILURE,UNRESOLVED_COMMITTED_REGISTERS=0x00:0x00;0x00:0x0C;0x00:0x10;0x00:0x14;0x00:0x18;0x00:0x21;0x00:0x22;0x00:0x30;0x00:0x34;0x00:0x3C;0x00:0x44;0x00:0x48;0x00:0x4C;0x00:0x50;0x00:0x93;0x00:0xA4;0x05:0x00;0x05:0x01;0x05:0x05;0x05:0x08;0x05:0x0E;0x05:0x11;0x05:0x1B;0x05:0x20;0x05:0x23;0x05:0x26;0x05:0x27;0x05:0x29;0x05:0x2A;0x05:0x57;0x05:0x58;0x05:0x59;0x05:0x5B;0x05:0x5F;0x05:0x69;0x05:0x76;0x05:0xB8;0x05:0xC8;0x09:0x64;0x09:0x6A;0x09:0x6B;0x09:0x6C;0x09:0x80;0x09:0x81;0x0A:0x60;0x0A:0x61;0x0A:0x62;0x0A:0x63;0x0A:0x64;0x0A:0x65;0x0A:0x66;0x0A:0x67;0x0A:0x68;0x0A:0x69;0x0A:0x6A;0x0A:0x6B;0x0A:0x6C;0x0A:0x6D;0x0A:0x6E;0x0A:0x6F;0x0A:0x70;0x0A:0x71;0x0A:0x72;0x0A:0x74
572,82,MODE1_0082_FHD_COMMON_WRITE,RESET_BETWEEN_OPERATIONS,65,64,ABORTING->PRODUCT_RECONSTRUCTION_GAP->FATAL_RECOVERY_FAILURE,FATAL_RECOVERY_FAILURE,CALLABLE_RESET_AUTOINIT_OR_PERSISTENT_RECOVERY_CONTEXT_NOT_PROVEN
573,82,MODE1_0082_FHD_COMMON_WRITE,HOST_ABORT,65,64,ABORTING->UNRESOLVED_REGISTER_GATE->FATAL_RECOVERY_FAILURE,FATAL_RECOVERY_FAILURE,UNRESOLVED_COMMITTED_REGISTERS=0x00:0x00;0x00:0x0C;0x00:0x10;0x00:0x14;0x00:0x18;0x00:0x21;0x00:0x22;0x00:0x30;0x00:0x34;0x00:0x3C;0x00:0x44;0x00:0x48;0x00:0x4C;0x00:0x50;0x00:0x93;0x00:0xA4;0x05:0x00;0x05:0x01;0x05:0x05;0x05:0x08;0x05:0x0E;0x05:0x11;0x05:0x1B;0x05:0x20;0x05:0x23;0x05:0x26;0x05:0x27;0x05:0x29;0x05:0x2A;0x05:0x57;0x05:0x58;0x05:0x59;0x05:0x5B;0x05:0x5F;0x05:0x69;0x05:0x76;0x05:0xB8;0x05:0xC8;0x09:0x64;0x09:0x6A;0x09:0x6B;0x09:0x6C;0x09:0x80;0x09:0x81;0x0A:0x60;0x0A:0x61;0x0A:0x62;0x0A:0x63;0x0A:0x64;0x0A:0x65;0x0A:0x66;0x0A:0x67;0x0A:0x68;0x0A:0x69;0x0A:0x6A;0x0A:0x6B;0x0A:0x6C;0x0A:0x6D;0x0A:0x6E;0x0A:0x6F;0x0A:0x70;0x0A:0x71;0x0A:0x72;0x0A:0x74
574,82,MODE1_0082_FHD_COMMON_WRITE,MMIO_RESET,65,64,ABORTING->PRODUCT_RECONSTRUCTION_GAP->FATAL_RECOVERY_FAILURE,FATAL_RECOVERY_FAILURE,CALLABLE_RESET_AUTOINIT_OR_PERSISTENT_RECOVERY_CONTEXT_NOT_PROVEN
575,83,MODE1_0083_FHD_COMMON_WRITE,FAILURE_BEFORE_WRITE,65,64,ABORTING->UNRESOLVED_REGISTER_GATE->FATAL_RECOVERY_FAILURE,FATAL_RECOVERY_FAILURE,UNRESOLVED_COMMITTED_REGISTERS=0x00:0x00;0x00:0x0C;0x00:0x10;0x00:0x14;0x00:0x18;0x00:0x21;0x00:0x22;0x00:0x30;0x00:0x34;0x00:0x3C;0x00:0x44;0x00:0x48;0x00:0x4C;0x00:0x50;0x00:0x93;0x00:0xA4;0x05:0x00;0x05:0x01;0x05:0x05;0x05:0x08;0x05:0x0E;0x05:0x11;0x05:0x1B;0x05:0x20;0x05:0x23;0x05:0x26;0x05:0x27;0x05:0x29;0x05:0x2A;0x05:0x57;0x05:0x58;0x05:0x59;0x05:0x5B;0x05:0x5F;0x05:0x69;0x05:0x76;0x05:0xB8;0x05:0xC8;0x09:0x64;0x09:0x6A;0x09:0x6B;0x09:0x6C;0x09:0x80;0x09:0x81;0x0A:0x60;0x0A:0x61;0x0A:0x62;0x0A:0x63;0x0A:0x64;0x0A:0x65;0x0A:0x66;0x0A:0x67;0x0A:0x68;0x0A:0x69;0x0A:0x6A;0x0A:0x6B;0x0A:0x6C;0x0A:0x6D;0x0A:0x6E;0x0A:0x6F;0x0A:0x70;0x0A:0x71;0x0A:0x72;0x0A:0x74
576,83,MODE1_0083_FHD_COMMON_WRITE,NACK_DURING_WRITE,66,65,ABORTING->UNRESOLVED_REGISTER_GATE->FATAL_RECOVERY_FAILURE,FATAL_RECOVERY_FAILURE,UNRESOLVED_COMMITTED_REGISTERS=0x00:0x00;0x00:0x0C;0x00:0x10;0x00:0x14;0x00:0x18;0x00:0x21;0x00:0x22;0x00:0x30;0x00:0x34;0x00:0x3C;0x00:0x44;0x00:0x48;0x00:0x4C;0x00:0x50;0x00:0x93;0x00:0xA4;0x05:0x00;0x05:0x01;0x05:0x05;0x05:0x08;0x05:0x0E;0x05:0x11;0x05:0x1B;0x05:0x20;0x05:0x23;0x05:0x26;0x05:0x27;0x05:0x29;0x05:0x2A;0x05:0x57;0x05:0x58;0x05:0x59;0x05:0x5B;0x05:0x5F;0x05:0x69;0x05:0x76;0x05:0x90;0x05:0xB8;0x05:0xC8;0x09:0x64;0x09:0x6A;0x09:0x6B;0x09:0x6C;0x09:0x80;0x09:0x81;0x0A:0x60;0x0A:0x61;0x0A:0x62;0x0A:0x63;0x0A:0x64;0x0A:0x65;0x0A:0x66;0x0A:0x67;0x0A:0x68;0x0A:0x69;0x0A:0x6A;0x0A:0x6B;0x0A:0x6C;0x0A:0x6D;0x0A:0x6E;0x0A:0x6F;0x0A:0x70;0x0A:0x71;0x0A:0x72;0x0A:0x74
577,83,MODE1_0083_FHD_COMMON_WRITE,TIMEOUT_DURING_WRITE,66,65,ABORTING->UNRESOLVED_REGISTER_GATE->FATAL_RECOVERY_FAILURE,FATAL_RECOVERY_FAILURE,UNRESOLVED_COMMITTED_REGISTERS=0x00:0x00;0x00:0x0C;0x00:0x10;0x00:0x14;0x00:0x18;0x00:0x21;0x00:0x22;0x00:0x30;0x00:0x34;0x00:0x3C;0x00:0x44;0x00:0x48;0x00:0x4C;0x00:0x50;0x00:0x93;0x00:0xA4;0x05:0x00;0x05:0x01;0x05:0x05;0x05:0x08;0x05:0x0E;0x05:0x11;0x05:0x1B;0x05:0x20;0x05:0x23;0x05:0x26;0x05:0x27;0x05:0x29;0x05:0x2A;0x05:0x57;0x05:0x58;0x05:0x59;0x05:0x5B;0x05:0x5F;0x05:0x69;0x05:0x76;0x05:0x90;0x05:0xB8;0x05:0xC8;0x09:0x64;0x09:0x6A;0x09:0x6B;0x09:0x6C;0x09:0x80;0x09:0x81;0x0A:0x60;0x0A:0x61;0x0A:0x62;0x0A:0x63;0x0A:0x64;0x0A:0x65;0x0A:0x66;0x0A:0x67;0x0A:0x68;0x0A:0x69;0x0A:0x6A;0x0A:0x6B;0x0A:0x6C;0x0A:0x6D;0x0A:0x6E;0x0A:0x6F;0x0A:0x70;0x0A:0x71;0x0A:0x72;0x0A:0x74
578,83,MODE1_0083_FHD_COMMON_WRITE,READBACK_MISMATCH,66,65,ABORTING->UNRESOLVED_REGISTER_GATE->FATAL_RECOVERY_FAILURE,FATAL_RECOVERY_FAILURE,UNRESOLVED_COMMITTED_REGISTERS=0x00:0x00;0x00:0x0C;0x00:0x10;0x00:0x14;0x00:0x18;0x00:0x21;0x00:0x22;0x00:0x30;0x00:0x34;0x00:0x3C;0x00:0x44;0x00:0x48;0x00:0x4C;0x00:0x50;0x00:0x93;0x00:0xA4;0x05:0x00;0x05:0x01;0x05:0x05;0x05:0x08;0x05:0x0E;0x05:0x11;0x05:0x1B;0x05:0x20;0x05:0x23;0x05:0x26;0x05:0x27;0x05:0x29;0x05:0x2A;0x05:0x57;0x05:0x58;0x05:0x59;0x05:0x5B;0x05:0x5F;0x05:0x69;0x05:0x76;0x05:0x90;0x05:0xB8;0x05:0xC8;0x09:0x64;0x09:0x6A;0x09:0x6B;0x09:0x6C;0x09:0x80;0x09:0x81;0x0A:0x60;0x0A:0x61;0x0A:0x62;0x0A:0x63;0x0A:0x64;0x0A:0x65;0x0A:0x66;0x0A:0x67;0x0A:0x68;0x0A:0x69;0x0A:0x6A;0x0A:0x6B;0x0A:0x6C;0x0A:0x6D;0x0A:0x6E;0x0A:0x6F;0x0A:0x70;0x0A:0x71;0x0A:0x72;0x0A:0x74
579,83,MODE1_0083_FHD_COMMON_WRITE,RESET_BETWEEN_OPERATIONS,66,65,ABORTING->PRODUCT_RECONSTRUCTION_GAP->FATAL_RECOVERY_FAILURE,FATAL_RECOVERY_FAILURE,CALLABLE_RESET_AUTOINIT_OR_PERSISTENT_RECOVERY_CONTEXT_NOT_PROVEN
580,83,MODE1_0083_FHD_COMMON_WRITE,HOST_ABORT,66,65,ABORTING->UNRESOLVED_REGISTER_GATE->FATAL_RECOVERY_FAILURE,FATAL_RECOVERY_FAILURE,UNRESOLVED_COMMITTED_REGISTERS=0x00:0x00;0x00:0x0C;0x00:0x10;0x00:0x14;0x00:0x18;0x00:0x21;0x00:0x22;0x00:0x30;0x00:0x34;0x00:0x3C;0x00:0x44;0x00:0x48;0x00:0x4C;0x00:0x50;0x00:0x93;0x00:0xA4;0x05:0x00;0x05:0x01;0x05:0x05;0x05:0x08;0x05:0x0E;0x05:0x11;0x05:0x1B;0x05:0x20;0x05:0x23;0x05:0x26;0x05:0x27;0x05:0x29;0x05:0x2A;0x05:0x57;0x05:0x58;0x05:0x59;0x05:0x5B;0x05:0x5F;0x05:0x69;0x05:0x76;0x05:0x90;0x05:0xB8;0x05:0xC8;0x09:0x64;0x09:0x6A;0x09:0x6B;0x09:0x6C;0x09:0x80;0x09:0x81;0x0A:0x60;0x0A:0x61;0x0A:0x62;0x0A:0x63;0x0A:0x64;0x0A:0x65;0x0A:0x66;0x0A:0x67;0x0A:0x68;0x0A:0x69;0x0A:0x6A;0x0A:0x6B;0x0A:0x6C;0x0A:0x6D;0x0A:0x6E;0x0A:0x6F;0x0A:0x70;0x0A:0x71;0x0A:0x72;0x0A:0x74
581,83,MODE1_0083_FHD_COMMON_WRITE,MMIO_RESET,66,65,ABORTING->PRODUCT_RECONSTRUCTION_GAP->FATAL_RECOVERY_FAILURE,FATAL_RECOVERY_FAILURE,CALLABLE_RESET_AUTOINIT_OR_PERSISTENT_RECOVERY_CONTEXT_NOT_PROVEN
582,84,MODE1_0084_FHD_COMMON_WRITE,FAILURE_BEFORE_WRITE,66,65,ABORTING->UNRESOLVED_REGISTER_GATE->FATAL_RECOVERY_FAILURE,FATAL_RECOVERY_FAILURE,UNRESOLVED_COMMITTED_REGISTERS=0x00:0x00;0x00:0x0C;0x00:0x10;0x00:0x14;0x00:0x18;0x00:0x21;0x00:0x22;0x00:0x30;0x00:0x34;0x00:0x3C;0x00:0x44;0x00:0x48;0x00:0x4C;0x00:0x50;0x00:0x93;0x00:0xA4;0x05:0x00;0x05:0x01;0x05:0x05;0x05:0x08;0x05:0x0E;0x05:0x11;0x05:0x1B;0x05:0x20;0x05:0x23;0x05:0x26;0x05:0x27;0x05:0x29;0x05:0x2A;0x05:0x57;0x05:0x58;0x05:0x59;0x05:0x5B;0x05:0x5F;0x05:0x69;0x05:0x76;0x05:0x90;0x05:0xB8;0x05:0xC8;0x09:0x64;0x09:0x6A;0x09:0x6B;0x09:0x6C;0x09:0x80;0x09:0x81;0x0A:0x60;0x0A:0x61;0x0A:0x62;0x0A:0x63;0x0A:0x64;0x0A:0x65;0x0A:0x66;0x0A:0x67;0x0A:0x68;0x0A:0x69;0x0A:0x6A;0x0A:0x6B;0x0A:0x6C;0x0A:0x6D;0x0A:0x6E;0x0A:0x6F;0x0A:0x70;0x0A:0x71;0x0A:0x72;0x0A:0x74
583,84,MODE1_0084_FHD_COMMON_WRITE,NACK_DURING_WRITE,67,66,ABORTING->UNRESOLVED_REGISTER_GATE->FATAL_RECOVERY_FAILURE,FATAL_RECOVERY_FAILURE,UNRESOLVED_COMMITTED_REGISTERS=0x00:0x00;0x00:0x0C;0x00:0x10;0x00:0x14;0x00:0x18;0x00:0x21;0x00:0x22;0x00:0x30;0x00:0x34;0x00:0x3C;0x00:0x44;0x00:0x48;0x00:0x4C;0x00:0x50;0x00:0x93;0x00:0xA4;0x05:0x00;0x05:0x01;0x05:0x05;0x05:0x08;0x05:0x0E;0x05:0x11;0x05:0x1B;0x05:0x20;0x05:0x23;0x05:0x26;0x05:0x27;0x05:0x29;0x05:0x2A;0x05:0x2B;0x05:0x57;0x05:0x58;0x05:0x59;0x05:0x5B;0x05:0x5F;0x05:0x69;0x05:0x76;0x05:0x90;0x05:0xB8;0x05:0xC8;0x09:0x64;0x09:0x6A;0x09:0x6B;0x09:0x6C;0x09:0x80;0x09:0x81;0x0A:0x60;0x0A:0x61;0x0A:0x62;0x0A:0x63;0x0A:0x64;0x0A:0x65;0x0A:0x66;0x0A:0x67;0x0A:0x68;0x0A:0x69;0x0A:0x6A;0x0A:0x6B;0x0A:0x6C;0x0A:0x6D;0x0A:0x6E;0x0A:0x6F;0x0A:0x70;0x0A:0x71;0x0A:0x72;0x0A:0x74
584,84,MODE1_0084_FHD_COMMON_WRITE,TIMEOUT_DURING_WRITE,67,66,ABORTING->UNRESOLVED_REGISTER_GATE->FATAL_RECOVERY_FAILURE,FATAL_RECOVERY_FAILURE,UNRESOLVED_COMMITTED_REGISTERS=0x00:0x00;0x00:0x0C;0x00:0x10;0x00:0x14;0x00:0x18;0x00:0x21;0x00:0x22;0x00:0x30;0x00:0x34;0x00:0x3C;0x00:0x44;0x00:0x48;0x00:0x4C;0x00:0x50;0x00:0x93;0x00:0xA4;0x05:0x00;0x05:0x01;0x05:0x05;0x05:0x08;0x05:0x0E;0x05:0x11;0x05:0x1B;0x05:0x20;0x05:0x23;0x05:0x26;0x05:0x27;0x05:0x29;0x05:0x2A;0x05:0x2B;0x05:0x57;0x05:0x58;0x05:0x59;0x05:0x5B;0x05:0x5F;0x05:0x69;0x05:0x76;0x05:0x90;0x05:0xB8;0x05:0xC8;0x09:0x64;0x09:0x6A;0x09:0x6B;0x09:0x6C;0x09:0x80;0x09:0x81;0x0A:0x60;0x0A:0x61;0x0A:0x62;0x0A:0x63;0x0A:0x64;0x0A:0x65;0x0A:0x66;0x0A:0x67;0x0A:0x68;0x0A:0x69;0x0A:0x6A;0x0A:0x6B;0x0A:0x6C;0x0A:0x6D;0x0A:0x6E;0x0A:0x6F;0x0A:0x70;0x0A:0x71;0x0A:0x72;0x0A:0x74
585,84,MODE1_0084_FHD_COMMON_WRITE,READBACK_MISMATCH,67,66,ABORTING->UNRESOLVED_REGISTER_GATE->FATAL_RECOVERY_FAILURE,FATAL_RECOVERY_FAILURE,UNRESOLVED_COMMITTED_REGISTERS=0x00:0x00;0x00:0x0C;0x00:0x10;0x00:0x14;0x00:0x18;0x00:0x21;0x00:0x22;0x00:0x30;0x00:0x34;0x00:0x3C;0x00:0x44;0x00:0x48;0x00:0x4C;0x00:0x50;0x00:0x93;0x00:0xA4;0x05:0x00;0x05:0x01;0x05:0x05;0x05:0x08;0x05:0x0E;0x05:0x11;0x05:0x1B;0x05:0x20;0x05:0x23;0x05:0x26;0x05:0x27;0x05:0x29;0x05:0x2A;0x05:0x2B;0x05:0x57;0x05:0x58;0x05:0x59;0x05:0x5B;0x05:0x5F;0x05:0x69;0x05:0x76;0x05:0x90;0x05:0xB8;0x05:0xC8;0x09:0x64;0x09:0x6A;0x09:0x6B;0x09:0x6C;0x09:0x80;0x09:0x81;0x0A:0x60;0x0A:0x61;0x0A:0x62;0x0A:0x63;0x0A:0x64;0x0A:0x65;0x0A:0x66;0x0A:0x67;0x0A:0x68;0x0A:0x69;0x0A:0x6A;0x0A:0x6B;0x0A:0x6C;0x0A:0x6D;0x0A:0x6E;0x0A:0x6F;0x0A:0x70;0x0A:0x71;0x0A:0x72;0x0A:0x74
586,84,MODE1_0084_FHD_COMMON_WRITE,RESET_BETWEEN_OPERATIONS,67,66,ABORTING->PRODUCT_RECONSTRUCTION_GAP->FATAL_RECOVERY_FAILURE,FATAL_RECOVERY_FAILURE,CALLABLE_RESET_AUTOINIT_OR_PERSISTENT_RECOVERY_CONTEXT_NOT_PROVEN
587,84,MODE1_0084_FHD_COMMON_WRITE,HOST_ABORT,67,66,ABORTING->UNRESOLVED_REGISTER_GATE->FATAL_RECOVERY_FAILURE,FATAL_RECOVERY_FAILURE,UNRESOLVED_COMMITTED_REGISTERS=0x00:0x00;0x00:0x0C;0x00:0x10;0x00:0x14;0x00:0x18;0x00:0x21;0x00:0x22;0x00:0x30;0x00:0x34;0x00:0x3C;0x00:0x44;0x00:0x48;0x00:0x4C;0x00:0x50;0x00:0x93;0x00:0xA4;0x05:0x00;0x05:0x01;0x05:0x05;0x05:0x08;0x05:0x0E;0x05:0x11;0x05:0x1B;0x05:0x20;0x05:0x23;0x05:0x26;0x05:0x27;0x05:0x29;0x05:0x2A;0x05:0x2B;0x05:0x57;0x05:0x58;0x05:0x59;0x05:0x5B;0x05:0x5F;0x05:0x69;0x05:0x76;0x05:0x90;0x05:0xB8;0x05:0xC8;0x09:0x64;0x09:0x6A;0x09:0x6B;0x09:0x6C;0x09:0x80;0x09:0x81;0x0A:0x60;0x0A:0x61;0x0A:0x62;0x0A:0x63;0x0A:0x64;0x0A:0x65;0x0A:0x66;0x0A:0x67;0x0A:0x68;0x0A:0x69;0x0A:0x6A;0x0A:0x6B;0x0A:0x6C;0x0A:0x6D;0x0A:0x6E;0x0A:0x6F;0x0A:0x70;0x0A:0x71;0x0A:0x72;0x0A:0x74
588,84,MODE1_0084_FHD_COMMON_WRITE,MMIO_RESET,67,66,ABORTING->PRODUCT_RECONSTRUCTION_GAP->FATAL_RECOVERY_FAILURE,FATAL_RECOVERY_FAILURE,CALLABLE_RESET_AUTOINIT_OR_PERSISTENT_RECOVERY_CONTEXT_NOT_PROVEN
589,85,MODE1_0085_FHD_COMMON_WRITE,FAILURE_BEFORE_WRITE,67,66,ABORTING->UNRESOLVED_REGISTER_GATE->FATAL_RECOVERY_FAILURE,FATAL_RECOVERY_FAILURE,UNRESOLVED_COMMITTED_REGISTERS=0x00:0x00;0x00:0x0C;0x00:0x10;0x00:0x14;0x00:0x18;0x00:0x21;0x00:0x22;0x00:0x30;0x00:0x34;0x00:0x3C;0x00:0x44;0x00:0x48;0x00:0x4C;0x00:0x50;0x00:0x93;0x00:0xA4;0x05:0x00;0x05:0x01;0x05:0x05;0x05:0x08;0x05:0x0E;0x05:0x11;0x05:0x1B;0x05:0x20;0x05:0x23;0x05:0x26;0x05:0x27;0x05:0x29;0x05:0x2A;0x05:0x2B;0x05:0x57;0x05:0x58;0x05:0x59;0x05:0x5B;0x05:0x5F;0x05:0x69;0x05:0x76;0x05:0x90;0x05:0xB8;0x05:0xC8;0x09:0x64;0x09:0x6A;0x09:0x6B;0x09:0x6C;0x09:0x80;0x09:0x81;0x0A:0x60;0x0A:0x61;0x0A:0x62;0x0A:0x63;0x0A:0x64;0x0A:0x65;0x0A:0x66;0x0A:0x67;0x0A:0x68;0x0A:0x69;0x0A:0x6A;0x0A:0x6B;0x0A:0x6C;0x0A:0x6D;0x0A:0x6E;0x0A:0x6F;0x0A:0x70;0x0A:0x71;0x0A:0x72;0x0A:0x74
590,85,MODE1_0085_FHD_COMMON_WRITE,NACK_DURING_WRITE,68,67,ABORTING->UNRESOLVED_REGISTER_GATE->FATAL_RECOVERY_FAILURE,FATAL_RECOVERY_FAILURE,UNRESOLVED_COMMITTED_REGISTERS=0x00:0x00;0x00:0x0C;0x00:0x10;0x00:0x14;0x00:0x18;0x00:0x21;0x00:0x22;0x00:0x30;0x00:0x34;0x00:0x3C;0x00:0x44;0x00:0x48;0x00:0x4C;0x00:0x50;0x00:0x93;0x00:0xA4;0x05:0x00;0x05:0x01;0x05:0x05;0x05:0x08;0x05:0x0E;0x05:0x11;0x05:0x1B;0x05:0x20;0x05:0x23;0x05:0x26;0x05:0x27;0x05:0x29;0x05:0x2A;0x05:0x2B;0x05:0x57;0x05:0x58;0x05:0x59;0x05:0x5B;0x05:0x5F;0x05:0x69;0x05:0x76;0x05:0x90;0x05:0xB8;0x05:0xC8;0x05:0xD1;0x09:0x64;0x09:0x6A;0x09:0x6B;0x09:0x6C;0x09:0x80;0x09:0x81;0x0A:0x60;0x0A:0x61;0x0A:0x62;0x0A:0x63;0x0A:0x64;0x0A:0x65;0x0A:0x66;0x0A:0x67;0x0A:0x68;0x0A:0x69;0x0A:0x6A;0x0A:0x6B;0x0A:0x6C;0x0A:0x6D;0x0A:0x6E;0x0A:0x6F;0x0A:0x70;0x0A:0x71;0x0A:0x72;0x0A:0x74
591,85,MODE1_0085_FHD_COMMON_WRITE,TIMEOUT_DURING_WRITE,68,67,ABORTING->UNRESOLVED_REGISTER_GATE->FATAL_RECOVERY_FAILURE,FATAL_RECOVERY_FAILURE,UNRESOLVED_COMMITTED_REGISTERS=0x00:0x00;0x00:0x0C;0x00:0x10;0x00:0x14;0x00:0x18;0x00:0x21;0x00:0x22;0x00:0x30;0x00:0x34;0x00:0x3C;0x00:0x44;0x00:0x48;0x00:0x4C;0x00:0x50;0x00:0x93;0x00:0xA4;0x05:0x00;0x05:0x01;0x05:0x05;0x05:0x08;0x05:0x0E;0x05:0x11;0x05:0x1B;0x05:0x20;0x05:0x23;0x05:0x26;0x05:0x27;0x05:0x29;0x05:0x2A;0x05:0x2B;0x05:0x57;0x05:0x58;0x05:0x59;0x05:0x5B;0x05:0x5F;0x05:0x69;0x05:0x76;0x05:0x90;0x05:0xB8;0x05:0xC8;0x05:0xD1;0x09:0x64;0x09:0x6A;0x09:0x6B;0x09:0x6C;0x09:0x80;0x09:0x81;0x0A:0x60;0x0A:0x61;0x0A:0x62;0x0A:0x63;0x0A:0x64;0x0A:0x65;0x0A:0x66;0x0A:0x67;0x0A:0x68;0x0A:0x69;0x0A:0x6A;0x0A:0x6B;0x0A:0x6C;0x0A:0x6D;0x0A:0x6E;0x0A:0x6F;0x0A:0x70;0x0A:0x71;0x0A:0x72;0x0A:0x74
592,85,MODE1_0085_FHD_COMMON_WRITE,READBACK_MISMATCH,68,67,ABORTING->UNRESOLVED_REGISTER_GATE->FATAL_RECOVERY_FAILURE,FATAL_RECOVERY_FAILURE,UNRESOLVED_COMMITTED_REGISTERS=0x00:0x00;0x00:0x0C;0x00:0x10;0x00:0x14;0x00:0x18;0x00:0x21;0x00:0x22;0x00:0x30;0x00:0x34;0x00:0x3C;0x00:0x44;0x00:0x48;0x00:0x4C;0x00:0x50;0x00:0x93;0x00:0xA4;0x05:0x00;0x05:0x01;0x05:0x05;0x05:0x08;0x05:0x0E;0x05:0x11;0x05:0x1B;0x05:0x20;0x05:0x23;0x05:0x26;0x05:0x27;0x05:0x29;0x05:0x2A;0x05:0x2B;0x05:0x57;0x05:0x58;0x05:0x59;0x05:0x5B;0x05:0x5F;0x05:0x69;0x05:0x76;0x05:0x90;0x05:0xB8;0x05:0xC8;0x05:0xD1;0x09:0x64;0x09:0x6A;0x09:0x6B;0x09:0x6C;0x09:0x80;0x09:0x81;0x0A:0x60;0x0A:0x61;0x0A:0x62;0x0A:0x63;0x0A:0x64;0x0A:0x65;0x0A:0x66;0x0A:0x67;0x0A:0x68;0x0A:0x69;0x0A:0x6A;0x0A:0x6B;0x0A:0x6C;0x0A:0x6D;0x0A:0x6E;0x0A:0x6F;0x0A:0x70;0x0A:0x71;0x0A:0x72;0x0A:0x74
593,85,MODE1_0085_FHD_COMMON_WRITE,RESET_BETWEEN_OPERATIONS,68,67,ABORTING->PRODUCT_RECONSTRUCTION_GAP->FATAL_RECOVERY_FAILURE,FATAL_RECOVERY_FAILURE,CALLABLE_RESET_AUTOINIT_OR_PERSISTENT_RECOVERY_CONTEXT_NOT_PROVEN
594,85,MODE1_0085_FHD_COMMON_WRITE,HOST_ABORT,68,67,ABORTING->UNRESOLVED_REGISTER_GATE->FATAL_RECOVERY_FAILURE,FATAL_RECOVERY_FAILURE,UNRESOLVED_COMMITTED_REGISTERS=0x00:0x00;0x00:0x0C;0x00:0x10;0x00:0x14;0x00:0x18;0x00:0x21;0x00:0x22;0x00:0x30;0x00:0x34;0x00:0x3C;0x00:0x44;0x00:0x48;0x00:0x4C;0x00:0x50;0x00:0x93;0x00:0xA4;0x05:0x00;0x05:0x01;0x05:0x05;0x05:0x08;0x05:0x0E;0x05:0x11;0x05:0x1B;0x05:0x20;0x05:0x23;0x05:0x26;0x05:0x27;0x05:0x29;0x05:0x2A;0x05:0x2B;0x05:0x57;0x05:0x58;0x05:0x59;0x05:0x5B;0x05:0x5F;0x05:0x69;0x05:0x76;0x05:0x90;0x05:0xB8;0x05:0xC8;0x05:0xD1;0x09:0x64;0x09:0x6A;0x09:0x6B;0x09:0x6C;0x09:0x80;0x09:0x81;0x0A:0x60;0x0A:0x61;0x0A:0x62;0x0A:0x63;0x0A:0x64;0x0A:0x65;0x0A:0x66;0x0A:0x67;0x0A:0x68;0x0A:0x69;0x0A:0x6A;0x0A:0x6B;0x0A:0x6C;0x0A:0x6D;0x0A:0x6E;0x0A:0x6F;0x0A:0x70;0x0A:0x71;0x0A:0x72;0x0A:0x74
595,85,MODE1_0085_FHD_COMMON_WRITE,MMIO_RESET,68,67,ABORTING->PRODUCT_RECONSTRUCTION_GAP->FATAL_RECOVERY_FAILURE,FATAL_RECOVERY_FAILURE,CALLABLE_RESET_AUTOINIT_OR_PERSISTENT_RECOVERY_CONTEXT_NOT_PROVEN
596,86,MODE1_0086_FHD_COMMON_WRITE,FAILURE_BEFORE_WRITE,68,67,ABORTING->UNRESOLVED_REGISTER_GATE->FATAL_RECOVERY_FAILURE,FATAL_RECOVERY_FAILURE,UNRESOLVED_COMMITTED_REGISTERS=0x00:0x00;0x00:0x0C;0x00:0x10;0x00:0x14;0x00:0x18;0x00:0x21;0x00:0x22;0x00:0x30;0x00:0x34;0x00:0x3C;0x00:0x44;0x00:0x48;0x00:0x4C;0x00:0x50;0x00:0x93;0x00:0xA4;0x05:0x00;0x05:0x01;0x05:0x05;0x05:0x08;0x05:0x0E;0x05:0x11;0x05:0x1B;0x05:0x20;0x05:0x23;0x05:0x26;0x05:0x27;0x05:0x29;0x05:0x2A;0x05:0x2B;0x05:0x57;0x05:0x58;0x05:0x59;0x05:0x5B;0x05:0x5F;0x05:0x69;0x05:0x76;0x05:0x90;0x05:0xB8;0x05:0xC8;0x05:0xD1;0x09:0x64;0x09:0x6A;0x09:0x6B;0x09:0x6C;0x09:0x80;0x09:0x81;0x0A:0x60;0x0A:0x61;0x0A:0x62;0x0A:0x63;0x0A:0x64;0x0A:0x65;0x0A:0x66;0x0A:0x67;0x0A:0x68;0x0A:0x69;0x0A:0x6A;0x0A:0x6B;0x0A:0x6C;0x0A:0x6D;0x0A:0x6E;0x0A:0x6F;0x0A:0x70;0x0A:0x71;0x0A:0x72;0x0A:0x74
597,86,MODE1_0086_FHD_COMMON_WRITE,NACK_DURING_WRITE,69,68,ABORTING->UNRESOLVED_REGISTER_GATE->FATAL_RECOVERY_FAILURE,FATAL_RECOVERY_FAILURE,UNRESOLVED_COMMITTED_REGISTERS=0x00:0x00;0x00:0x0C;0x00:0x10;0x00:0x14;0x00:0x18;0x00:0x21;0x00:0x22;0x00:0x30;0x00:0x34;0x00:0x3C;0x00:0x44;0x00:0x48;0x00:0x4C;0x00:0x50;0x00:0x93;0x00:0xA4;0x05:0x00;0x05:0x01;0x05:0x05;0x05:0x08;0x05:0x0E;0x05:0x11;0x05:0x1B;0x05:0x20;0x05:0x23;0x05:0x26;0x05:0x27;0x05:0x29;0x05:0x2A;0x05:0x2B;0x05:0x57;0x05:0x58;0x05:0x59;0x05:0x5B;0x05:0x5F;0x05:0x69;0x05:0x76;0x05:0x90;0x05:0xB8;0x05:0xC8;0x05:0xD1;0x05:0xD4;0x09:0x64;0x09:0x6A;0x09:0x6B;0x09:0x6C;0x09:0x80;0x09:0x81;0x0A:0x60;0x0A:0x61;0x0A:0x62;0x0A:0x63;0x0A:0x64;0x0A:0x65;0x0A:0x66;0x0A:0x67;0x0A:0x68;0x0A:0x69;0x0A:0x6A;0x0A:0x6B;0x0A:0x6C;0x0A:0x6D;0x0A:0x6E;0x0A:0x6F;0x0A:0x70;0x0A:0x71;0x0A:0x72;0x0A:0x74
598,86,MODE1_0086_FHD_COMMON_WRITE,TIMEOUT_DURING_WRITE,69,68,ABORTING->UNRESOLVED_REGISTER_GATE->FATAL_RECOVERY_FAILURE,FATAL_RECOVERY_FAILURE,UNRESOLVED_COMMITTED_REGISTERS=0x00:0x00;0x00:0x0C;0x00:0x10;0x00:0x14;0x00:0x18;0x00:0x21;0x00:0x22;0x00:0x30;0x00:0x34;0x00:0x3C;0x00:0x44;0x00:0x48;0x00:0x4C;0x00:0x50;0x00:0x93;0x00:0xA4;0x05:0x00;0x05:0x01;0x05:0x05;0x05:0x08;0x05:0x0E;0x05:0x11;0x05:0x1B;0x05:0x20;0x05:0x23;0x05:0x26;0x05:0x27;0x05:0x29;0x05:0x2A;0x05:0x2B;0x05:0x57;0x05:0x58;0x05:0x59;0x05:0x5B;0x05:0x5F;0x05:0x69;0x05:0x76;0x05:0x90;0x05:0xB8;0x05:0xC8;0x05:0xD1;0x05:0xD4;0x09:0x64;0x09:0x6A;0x09:0x6B;0x09:0x6C;0x09:0x80;0x09:0x81;0x0A:0x60;0x0A:0x61;0x0A:0x62;0x0A:0x63;0x0A:0x64;0x0A:0x65;0x0A:0x66;0x0A:0x67;0x0A:0x68;0x0A:0x69;0x0A:0x6A;0x0A:0x6B;0x0A:0x6C;0x0A:0x6D;0x0A:0x6E;0x0A:0x6F;0x0A:0x70;0x0A:0x71;0x0A:0x72;0x0A:0x74
599,86,MODE1_0086_FHD_COMMON_WRITE,READBACK_MISMATCH,69,68,ABORTING->UNRESOLVED_REGISTER_GATE->FATAL_RECOVERY_FAILURE,FATAL_RECOVERY_FAILURE,UNRESOLVED_COMMITTED_REGISTERS=0x00:0x00;0x00:0x0C;0x00:0x10;0x00:0x14;0x00:0x18;0x00:0x21;0x00:0x22;0x00:0x30;0x00:0x34;0x00:0x3C;0x00:0x44;0x00:0x48;0x00:0x4C;0x00:0x50;0x00:0x93;0x00:0xA4;0x05:0x00;0x05:0x01;0x05:0x05;0x05:0x08;0x05:0x0E;0x05:0x11;0x05:0x1B;0x05:0x20;0x05:0x23;0x05:0x26;0x05:0x27;0x05:0x29;0x05:0x2A;0x05:0x2B;0x05:0x57;0x05:0x58;0x05:0x59;0x05:0x5B;0x05:0x5F;0x05:0x69;0x05:0x76;0x05:0x90;0x05:0xB8;0x05:0xC8;0x05:0xD1;0x05:0xD4;0x09:0x64;0x09:0x6A;0x09:0x6B;0x09:0x6C;0x09:0x80;0x09:0x81;0x0A:0x60;0x0A:0x61;0x0A:0x62;0x0A:0x63;0x0A:0x64;0x0A:0x65;0x0A:0x66;0x0A:0x67;0x0A:0x68;0x0A:0x69;0x0A:0x6A;0x0A:0x6B;0x0A:0x6C;0x0A:0x6D;0x0A:0x6E;0x0A:0x6F;0x0A:0x70;0x0A:0x71;0x0A:0x72;0x0A:0x74
600,86,MODE1_0086_FHD_COMMON_WRITE,RESET_BETWEEN_OPERATIONS,69,68,ABORTING->PRODUCT_RECONSTRUCTION_GAP->FATAL_RECOVERY_FAILURE,FATAL_RECOVERY_FAILURE,CALLABLE_RESET_AUTOINIT_OR_PERSISTENT_RECOVERY_CONTEXT_NOT_PROVEN
601,86,MODE1_0086_FHD_COMMON_WRITE,HOST_ABORT,69,68,ABORTING->UNRESOLVED_REGISTER_GATE->FATAL_RECOVERY_FAILURE,FATAL_RECOVERY_FAILURE,UNRESOLVED_COMMITTED_REGISTERS=0x00:0x00;0x00:0x0C;0x00:0x10;0x00:0x14;0x00:0x18;0x00:0x21;0x00:0x22;0x00:0x30;0x00:0x34;0x00:0x3C;0x00:0x44;0x00:0x48;0x00:0x4C;0x00:0x50;0x00:0x93;0x00:0xA4;0x05:0x00;0x05:0x01;0x05:0x05;0x05:0x08;0x05:0x0E;0x05:0x11;0x05:0x1B;0x05:0x20;0x05:0x23;0x05:0x26;0x05:0x27;0x05:0x29;0x05:0x2A;0x05:0x2B;0x05:0x57;0x05:0x58;0x05:0x59;0x05:0x5B;0x05:0x5F;0x05:0x69;0x05:0x76;0x05:0x90;0x05:0xB8;0x05:0xC8;0x05:0xD1;0x05:0xD4;0x09:0x64;0x09:0x6A;0x09:0x6B;0x09:0x6C;0x09:0x80;0x09:0x81;0x0A:0x60;0x0A:0x61;0x0A:0x62;0x0A:0x63;0x0A:0x64;0x0A:0x65;0x0A:0x66;0x0A:0x67;0x0A:0x68;0x0A:0x69;0x0A:0x6A;0x0A:0x6B;0x0A:0x6C;0x0A:0x6D;0x0A:0x6E;0x0A:0x6F;0x0A:0x70;0x0A:0x71;0x0A:0x72;0x0A:0x74
602,86,MODE1_0086_FHD_COMMON_WRITE,MMIO_RESET,69,68,ABORTING->PRODUCT_RECONSTRUCTION_GAP->FATAL_RECOVERY_FAILURE,FATAL_RECOVERY_FAILURE,CALLABLE_RESET_AUTOINIT_OR_PERSISTENT_RECOVERY_CONTEXT_NOT_PROVEN
603,87,MODE1_0087_FHD_COMMON_WRITE,FAILURE_BEFORE_WRITE,69,68,ABORTING->UNRESOLVED_REGISTER_GATE->FATAL_RECOVERY_FAILURE,FATAL_RECOVERY_FAILURE,UNRESOLVED_COMMITTED_REGISTERS=0x00:0x00;0x00:0x0C;0x00:0x10;0x00:0x14;0x00:0x18;0x00:0x21;0x00:0x22;0x00:0x30;0x00:0x34;0x00:0x3C;0x00:0x44;0x00:0x48;0x00:0x4C;0x00:0x50;0x00:0x93;0x00:0xA4;0x05:0x00;0x05:0x01;0x05:0x05;0x05:0x08;0x05:0x0E;0x05:0x11;0x05:0x1B;0x05:0x20;0x05:0x23;0x05:0x26;0x05:0x27;0x05:0x29;0x05:0x2A;0x05:0x2B;0x05:0x57;0x05:0x58;0x05:0x59;0x05:0x5B;0x05:0x5F;0x05:0x69;0x05:0x76;0x05:0x90;0x05:0xB8;0x05:0xC8;0x05:0xD1;0x05:0xD4;0x09:0x64;0x09:0x6A;0x09:0x6B;0x09:0x6C;0x09:0x80;0x09:0x81;0x0A:0x60;0x0A:0x61;0x0A:0x62;0x0A:0x63;0x0A:0x64;0x0A:0x65;0x0A:0x66;0x0A:0x67;0x0A:0x68;0x0A:0x69;0x0A:0x6A;0x0A:0x6B;0x0A:0x6C;0x0A:0x6D;0x0A:0x6E;0x0A:0x6F;0x0A:0x70;0x0A:0x71;0x0A:0x72;0x0A:0x74
604,87,MODE1_0087_FHD_COMMON_WRITE,NACK_DURING_WRITE,69,68,ABORTING->UNRESOLVED_REGISTER_GATE->FATAL_RECOVERY_FAILURE,FATAL_RECOVERY_FAILURE,UNRESOLVED_COMMITTED_REGISTERS=0x00:0x00;0x00:0x0C;0x00:0x10;0x00:0x14;0x00:0x18;0x00:0x21;0x00:0x22;0x00:0x30;0x00:0x34;0x00:0x3C;0x00:0x44;0x00:0x48;0x00:0x4C;0x00:0x50;0x00:0x93;0x00:0xA4;0x05:0x00;0x05:0x01;0x05:0x05;0x05:0x08;0x05:0x0E;0x05:0x11;0x05:0x1B;0x05:0x20;0x05:0x23;0x05:0x26;0x05:0x27;0x05:0x29;0x05:0x2A;0x05:0x2B;0x05:0x57;0x05:0x58;0x05:0x59;0x05:0x5B;0x05:0x5F;0x05:0x69;0x05:0x76;0x05:0x90;0x05:0xB8;0x05:0xC8;0x05:0xD1;0x05:0xD4;0x09:0x64;0x09:0x6A;0x09:0x6B;0x09:0x6C;0x09:0x80;0x09:0x81;0x0A:0x60;0x0A:0x61;0x0A:0x62;0x0A:0x63;0x0A:0x64;0x0A:0x65;0x0A:0x66;0x0A:0x67;0x0A:0x68;0x0A:0x69;0x0A:0x6A;0x0A:0x6B;0x0A:0x6C;0x0A:0x6D;0x0A:0x6E;0x0A:0x6F;0x0A:0x70;0x0A:0x71;0x0A:0x72;0x0A:0x74
605,87,MODE1_0087_FHD_COMMON_WRITE,TIMEOUT_DURING_WRITE,69,68,ABORTING->UNRESOLVED_REGISTER_GATE->FATAL_RECOVERY_FAILURE,FATAL_RECOVERY_FAILURE,UNRESOLVED_COMMITTED_REGISTERS=0x00:0x00;0x00:0x0C;0x00:0x10;0x00:0x14;0x00:0x18;0x00:0x21;0x00:0x22;0x00:0x30;0x00:0x34;0x00:0x3C;0x00:0x44;0x00:0x48;0x00:0x4C;0x00:0x50;0x00:0x93;0x00:0xA4;0x05:0x00;0x05:0x01;0x05:0x05;0x05:0x08;0x05:0x0E;0x05:0x11;0x05:0x1B;0x05:0x20;0x05:0x23;0x05:0x26;0x05:0x27;0x05:0x29;0x05:0x2A;0x05:0x2B;0x05:0x57;0x05:0x58;0x05:0x59;0x05:0x5B;0x05:0x5F;0x05:0x69;0x05:0x76;0x05:0x90;0x05:0xB8;0x05:0xC8;0x05:0xD1;0x05:0xD4;0x09:0x64;0x09:0x6A;0x09:0x6B;0x09:0x6C;0x09:0x80;0x09:0x81;0x0A:0x60;0x0A:0x61;0x0A:0x62;0x0A:0x63;0x0A:0x64;0x0A:0x65;0x0A:0x66;0x0A:0x67;0x0A:0x68;0x0A:0x69;0x0A:0x6A;0x0A:0x6B;0x0A:0x6C;0x0A:0x6D;0x0A:0x6E;0x0A:0x6F;0x0A:0x70;0x0A:0x71;0x0A:0x72;0x0A:0x74
606,87,MODE1_0087_FHD_COMMON_WRITE,READBACK_MISMATCH,69,68,ABORTING->UNRESOLVED_REGISTER_GATE->FATAL_RECOVERY_FAILURE,FATAL_RECOVERY_FAILURE,UNRESOLVED_COMMITTED_REGISTERS=0x00:0x00;0x00:0x0C;0x00:0x10;0x00:0x14;0x00:0x18;0x00:0x21;0x00:0x22;0x00:0x30;0x00:0x34;0x00:0x3C;0x00:0x44;0x00:0x48;0x00:0x4C;0x00:0x50;0x00:0x93;0x00:0xA4;0x05:0x00;0x05:0x01;0x05:0x05;0x05:0x08;0x05:0x0E;0x05:0x11;0x05:0x1B;0x05:0x20;0x05:0x23;0x05:0x26;0x05:0x27;0x05:0x29;0x05:0x2A;0x05:0x2B;0x05:0x57;0x05:0x58;0x05:0x59;0x05:0x5B;0x05:0x5F;0x05:0x69;0x05:0x76;0x05:0x90;0x05:0xB8;0x05:0xC8;0x05:0xD1;0x05:0xD4;0x09:0x64;0x09:0x6A;0x09:0x6B;0x09:0x6C;0x09:0x80;0x09:0x81;0x0A:0x60;0x0A:0x61;0x0A:0x62;0x0A:0x63;0x0A:0x64;0x0A:0x65;0x0A:0x66;0x0A:0x67;0x0A:0x68;0x0A:0x69;0x0A:0x6A;0x0A:0x6B;0x0A:0x6C;0x0A:0x6D;0x0A:0x6E;0x0A:0x6F;0x0A:0x70;0x0A:0x71;0x0A:0x72;0x0A:0x74
607,87,MODE1_0087_FHD_COMMON_WRITE,RESET_BETWEEN_OPERATIONS,69,68,ABORTING->PRODUCT_RECONSTRUCTION_GAP->FATAL_RECOVERY_FAILURE,FATAL_RECOVERY_FAILURE,CALLABLE_RESET_AUTOINIT_OR_PERSISTENT_RECOVERY_CONTEXT_NOT_PROVEN
608,87,MODE1_0087_FHD_COMMON_WRITE,HOST_ABORT,69,68,ABORTING->UNRESOLVED_REGISTER_GATE->FATAL_RECOVERY_FAILURE,FATAL_RECOVERY_FAILURE,UNRESOLVED_COMMITTED_REGISTERS=0x00:0x00;0x00:0x0C;0x00:0x10;0x00:0x14;0x00:0x18;0x00:0x21;0x00:0x22;0x00:0x30;0x00:0x34;0x00:0x3C;0x00:0x44;0x00:0x48;0x00:0x4C;0x00:0x50;0x00:0x93;0x00:0xA4;0x05:0x00;0x05:0x01;0x05:0x05;0x05:0x08;0x05:0x0E;0x05:0x11;0x05:0x1B;0x05:0x20;0x05:0x23;0x05:0x26;0x05:0x27;0x05:0x29;0x05:0x2A;0x05:0x2B;0x05:0x57;0x05:0x58;0x05:0x59;0x05:0x5B;0x05:0x5F;0x05:0x69;0x05:0x76;0x05:0x90;0x05:0xB8;0x05:0xC8;0x05:0xD1;0x05:0xD4;0x09:0x64;0x09:0x6A;0x09:0x6B;0x09:0x6C;0x09:0x80;0x09:0x81;0x0A:0x60;0x0A:0x61;0x0A:0x62;0x0A:0x63;0x0A:0x64;0x0A:0x65;0x0A:0x66;0x0A:0x67;0x0A:0x68;0x0A:0x69;0x0A:0x6A;0x0A:0x6B;0x0A:0x6C;0x0A:0x6D;0x0A:0x6E;0x0A:0x6F;0x0A:0x70;0x0A:0x71;0x0A:0x72;0x0A:0x74
609,87,MODE1_0087_FHD_COMMON_WRITE,MMIO_RESET,69,68,ABORTING->PRODUCT_RECONSTRUCTION_GAP->FATAL_RECOVERY_FAILURE,FATAL_RECOVERY_FAILURE,CALLABLE_RESET_AUTOINIT_OR_PERSISTENT_RECOVERY_CONTEXT_NOT_PROVEN
610,88,MODE1_0088_FHD_COMMON_BANK_SELECT,FAILURE_BEFORE_WRITE,69,68,ABORTING->UNRESOLVED_REGISTER_GATE->FATAL_RECOVERY_FAILURE,FATAL_RECOVERY_FAILURE,UNRESOLVED_COMMITTED_REGISTERS=0x00:0x00;0x00:0x0C;0x00:0x10;0x00:0x14;0x00:0x18;0x00:0x21;0x00:0x22;0x00:0x30;0x00:0x34;0x00:0x3C;0x00:0x44;0x00:0x48;0x00:0x4C;0x00:0x50;0x00:0x93;0x00:0xA4;0x05:0x00;0x05:0x01;0x05:0x05;0x05:0x08;0x05:0x0E;0x05:0x11;0x05:0x1B;0x05:0x20;0x05:0x23;0x05:0x26;0x05:0x27;0x05:0x29;0x05:0x2A;0x05:0x2B;0x05:0x57;0x05:0x58;0x05:0x59;0x05:0x5B;0x05:0x5F;0x05:0x69;0x05:0x76;0x05:0x90;0x05:0xB8;0x05:0xC8;0x05:0xD1;0x05:0xD4;0x09:0x64;0x09:0x6A;0x09:0x6B;0x09:0x6C;0x09:0x80;0x09:0x81;0x0A:0x60;0x0A:0x61;0x0A:0x62;0x0A:0x63;0x0A:0x64;0x0A:0x65;0x0A:0x66;0x0A:0x67;0x0A:0x68;0x0A:0x69;0x0A:0x6A;0x0A:0x6B;0x0A:0x6C;0x0A:0x6D;0x0A:0x6E;0x0A:0x6F;0x0A:0x70;0x0A:0x71;0x0A:0x72;0x0A:0x74
611,88,MODE1_0088_FHD_COMMON_BANK_SELECT,NACK_DURING_WRITE,69,68,ABORTING->UNRESOLVED_REGISTER_GATE->FATAL_RECOVERY_FAILURE,FATAL_RECOVERY_FAILURE,UNRESOLVED_COMMITTED_REGISTERS=0x00:0x00;0x00:0x0C;0x00:0x10;0x00:0x14;0x00:0x18;0x00:0x21;0x00:0x22;0x00:0x30;0x00:0x34;0x00:0x3C;0x00:0x44;0x00:0x48;0x00:0x4C;0x00:0x50;0x00:0x93;0x00:0xA4;0x05:0x00;0x05:0x01;0x05:0x05;0x05:0x08;0x05:0x0E;0x05:0x11;0x05:0x1B;0x05:0x20;0x05:0x23;0x05:0x26;0x05:0x27;0x05:0x29;0x05:0x2A;0x05:0x2B;0x05:0x57;0x05:0x58;0x05:0x59;0x05:0x5B;0x05:0x5F;0x05:0x69;0x05:0x76;0x05:0x90;0x05:0xB8;0x05:0xC8;0x05:0xD1;0x05:0xD4;0x09:0x64;0x09:0x6A;0x09:0x6B;0x09:0x6C;0x09:0x80;0x09:0x81;0x0A:0x60;0x0A:0x61;0x0A:0x62;0x0A:0x63;0x0A:0x64;0x0A:0x65;0x0A:0x66;0x0A:0x67;0x0A:0x68;0x0A:0x69;0x0A:0x6A;0x0A:0x6B;0x0A:0x6C;0x0A:0x6D;0x0A:0x6E;0x0A:0x6F;0x0A:0x70;0x0A:0x71;0x0A:0x72;0x0A:0x74
612,88,MODE1_0088_FHD_COMMON_BANK_SELECT,TIMEOUT_DURING_WRITE,69,68,ABORTING->UNRESOLVED_REGISTER_GATE->FATAL_RECOVERY_FAILURE,FATAL_RECOVERY_FAILURE,UNRESOLVED_COMMITTED_REGISTERS=0x00:0x00;0x00:0x0C;0x00:0x10;0x00:0x14;0x00:0x18;0x00:0x21;0x00:0x22;0x00:0x30;0x00:0x34;0x00:0x3C;0x00:0x44;0x00:0x48;0x00:0x4C;0x00:0x50;0x00:0x93;0x00:0xA4;0x05:0x00;0x05:0x01;0x05:0x05;0x05:0x08;0x05:0x0E;0x05:0x11;0x05:0x1B;0x05:0x20;0x05:0x23;0x05:0x26;0x05:0x27;0x05:0x29;0x05:0x2A;0x05:0x2B;0x05:0x57;0x05:0x58;0x05:0x59;0x05:0x5B;0x05:0x5F;0x05:0x69;0x05:0x76;0x05:0x90;0x05:0xB8;0x05:0xC8;0x05:0xD1;0x05:0xD4;0x09:0x64;0x09:0x6A;0x09:0x6B;0x09:0x6C;0x09:0x80;0x09:0x81;0x0A:0x60;0x0A:0x61;0x0A:0x62;0x0A:0x63;0x0A:0x64;0x0A:0x65;0x0A:0x66;0x0A:0x67;0x0A:0x68;0x0A:0x69;0x0A:0x6A;0x0A:0x6B;0x0A:0x6C;0x0A:0x6D;0x0A:0x6E;0x0A:0x6F;0x0A:0x70;0x0A:0x71;0x0A:0x72;0x0A:0x74
613,88,MODE1_0088_FHD_COMMON_BANK_SELECT,READBACK_MISMATCH,69,68,ABORTING->UNRESOLVED_REGISTER_GATE->FATAL_RECOVERY_FAILURE,FATAL_RECOVERY_FAILURE,UNRESOLVED_COMMITTED_REGISTERS=0x00:0x00;0x00:0x0C;0x00:0x10;0x00:0x14;0x00:0x18;0x00:0x21;0x00:0x22;0x00:0x30;0x00:0x34;0x00:0x3C;0x00:0x44;0x00:0x48;0x00:0x4C;0x00:0x50;0x00:0x93;0x00:0xA4;0x05:0x00;0x05:0x01;0x05:0x05;0x05:0x08;0x05:0x0E;0x05:0x11;0x05:0x1B;0x05:0x20;0x05:0x23;0x05:0x26;0x05:0x27;0x05:0x29;0x05:0x2A;0x05:0x2B;0x05:0x57;0x05:0x58;0x05:0x59;0x05:0x5B;0x05:0x5F;0x05:0x69;0x05:0x76;0x05:0x90;0x05:0xB8;0x05:0xC8;0x05:0xD1;0x05:0xD4;0x09:0x64;0x09:0x6A;0x09:0x6B;0x09:0x6C;0x09:0x80;0x09:0x81;0x0A:0x60;0x0A:0x61;0x0A:0x62;0x0A:0x63;0x0A:0x64;0x0A:0x65;0x0A:0x66;0x0A:0x67;0x0A:0x68;0x0A:0x69;0x0A:0x6A;0x0A:0x6B;0x0A:0x6C;0x0A:0x6D;0x0A:0x6E;0x0A:0x6F;0x0A:0x70;0x0A:0x71;0x0A:0x72;0x0A:0x74
614,88,MODE1_0088_FHD_COMMON_BANK_SELECT,RESET_BETWEEN_OPERATIONS,69,68,ABORTING->PRODUCT_RECONSTRUCTION_GAP->FATAL_RECOVERY_FAILURE,FATAL_RECOVERY_FAILURE,CALLABLE_RESET_AUTOINIT_OR_PERSISTENT_RECOVERY_CONTEXT_NOT_PROVEN
615,88,MODE1_0088_FHD_COMMON_BANK_SELECT,HOST_ABORT,69,68,ABORTING->UNRESOLVED_REGISTER_GATE->FATAL_RECOVERY_FAILURE,FATAL_RECOVERY_FAILURE,UNRESOLVED_COMMITTED_REGISTERS=0x00:0x00;0x00:0x0C;0x00:0x10;0x00:0x14;0x00:0x18;0x00:0x21;0x00:0x22;0x00:0x30;0x00:0x34;0x00:0x3C;0x00:0x44;0x00:0x48;0x00:0x4C;0x00:0x50;0x00:0x93;0x00:0xA4;0x05:0x00;0x05:0x01;0x05:0x05;0x05:0x08;0x05:0x0E;0x05:0x11;0x05:0x1B;0x05:0x20;0x05:0x23;0x05:0x26;0x05:0x27;0x05:0x29;0x05:0x2A;0x05:0x2B;0x05:0x57;0x05:0x58;0x05:0x59;0x05:0x5B;0x05:0x5F;0x05:0x69;0x05:0x76;0x05:0x90;0x05:0xB8;0x05:0xC8;0x05:0xD1;0x05:0xD4;0x09:0x64;0x09:0x6A;0x09:0x6B;0x09:0x6C;0x09:0x80;0x09:0x81;0x0A:0x60;0x0A:0x61;0x0A:0x62;0x0A:0x63;0x0A:0x64;0x0A:0x65;0x0A:0x66;0x0A:0x67;0x0A:0x68;0x0A:0x69;0x0A:0x6A;0x0A:0x6B;0x0A:0x6C;0x0A:0x6D;0x0A:0x6E;0x0A:0x6F;0x0A:0x70;0x0A:0x71;0x0A:0x72;0x0A:0x74
616,88,MODE1_0088_FHD_COMMON_BANK_SELECT,MMIO_RESET,69,68,ABORTING->PRODUCT_RECONSTRUCTION_GAP->FATAL_RECOVERY_FAILURE,FATAL_RECOVERY_FAILURE,CALLABLE_RESET_AUTOINIT_OR_PERSISTENT_RECOVERY_CONTEXT_NOT_PROVEN
617,89,MODE1_0089_FHD_COMMON_WRITE,FAILURE_BEFORE_WRITE,69,68,ABORTING->UNRESOLVED_REGISTER_GATE->FATAL_RECOVERY_FAILURE,FATAL_RECOVERY_FAILURE,UNRESOLVED_COMMITTED_REGISTERS=0x00:0x00;0x00:0x0C;0x00:0x10;0x00:0x14;0x00:0x18;0x00:0x21;0x00:0x22;0x00:0x30;0x00:0x34;0x00:0x3C;0x00:0x44;0x00:0x48;0x00:0x4C;0x00:0x50;0x00:0x93;0x00:0xA4;0x05:0x00;0x05:0x01;0x05:0x05;0x05:0x08;0x05:0x0E;0x05:0x11;0x05:0x1B;0x05:0x20;0x05:0x23;0x05:0x26;0x05:0x27;0x05:0x29;0x05:0x2A;0x05:0x2B;0x05:0x57;0x05:0x58;0x05:0x59;0x05:0x5B;0x05:0x5F;0x05:0x69;0x05:0x76;0x05:0x90;0x05:0xB8;0x05:0xC8;0x05:0xD1;0x05:0xD4;0x09:0x64;0x09:0x6A;0x09:0x6B;0x09:0x6C;0x09:0x80;0x09:0x81;0x0A:0x60;0x0A:0x61;0x0A:0x62;0x0A:0x63;0x0A:0x64;0x0A:0x65;0x0A:0x66;0x0A:0x67;0x0A:0x68;0x0A:0x69;0x0A:0x6A;0x0A:0x6B;0x0A:0x6C;0x0A:0x6D;0x0A:0x6E;0x0A:0x6F;0x0A:0x70;0x0A:0x71;0x0A:0x72;0x0A:0x74
618,89,MODE1_0089_FHD_COMMON_WRITE,NACK_DURING_WRITE,70,69,ABORTING->UNRESOLVED_REGISTER_GATE->FATAL_RECOVERY_FAILURE,FATAL_RECOVERY_FAILURE,UNRESOLVED_COMMITTED_REGISTERS=0x00:0x00;0x00:0x0C;0x00:0x10;0x00:0x14;0x00:0x18;0x00:0x21;0x00:0x22;0x00:0x30;0x00:0x34;0x00:0x3C;0x00:0x44;0x00:0x48;0x00:0x4C;0x00:0x50;0x00:0x64;0x00:0x93;0x00:0xA4;0x05:0x00;0x05:0x01;0x05:0x05;0x05:0x08;0x05:0x0E;0x05:0x11;0x05:0x1B;0x05:0x20;0x05:0x23;0x05:0x26;0x05:0x27;0x05:0x29;0x05:0x2A;0x05:0x2B;0x05:0x57;0x05:0x58;0x05:0x59;0x05:0x5B;0x05:0x5F;0x05:0x69;0x05:0x76;0x05:0x90;0x05:0xB8;0x05:0xC8;0x05:0xD1;0x05:0xD4;0x09:0x64;0x09:0x6A;0x09:0x6B;0x09:0x6C;0x09:0x80;0x09:0x81;0x0A:0x60;0x0A:0x61;0x0A:0x62;0x0A:0x63;0x0A:0x64;0x0A:0x65;0x0A:0x66;0x0A:0x67;0x0A:0x68;0x0A:0x69;0x0A:0x6A;0x0A:0x6B;0x0A:0x6C;0x0A:0x6D;0x0A:0x6E;0x0A:0x6F;0x0A:0x70;0x0A:0x71;0x0A:0x72;0x0A:0x74
619,89,MODE1_0089_FHD_COMMON_WRITE,TIMEOUT_DURING_WRITE,70,69,ABORTING->UNRESOLVED_REGISTER_GATE->FATAL_RECOVERY_FAILURE,FATAL_RECOVERY_FAILURE,UNRESOLVED_COMMITTED_REGISTERS=0x00:0x00;0x00:0x0C;0x00:0x10;0x00:0x14;0x00:0x18;0x00:0x21;0x00:0x22;0x00:0x30;0x00:0x34;0x00:0x3C;0x00:0x44;0x00:0x48;0x00:0x4C;0x00:0x50;0x00:0x64;0x00:0x93;0x00:0xA4;0x05:0x00;0x05:0x01;0x05:0x05;0x05:0x08;0x05:0x0E;0x05:0x11;0x05:0x1B;0x05:0x20;0x05:0x23;0x05:0x26;0x05:0x27;0x05:0x29;0x05:0x2A;0x05:0x2B;0x05:0x57;0x05:0x58;0x05:0x59;0x05:0x5B;0x05:0x5F;0x05:0x69;0x05:0x76;0x05:0x90;0x05:0xB8;0x05:0xC8;0x05:0xD1;0x05:0xD4;0x09:0x64;0x09:0x6A;0x09:0x6B;0x09:0x6C;0x09:0x80;0x09:0x81;0x0A:0x60;0x0A:0x61;0x0A:0x62;0x0A:0x63;0x0A:0x64;0x0A:0x65;0x0A:0x66;0x0A:0x67;0x0A:0x68;0x0A:0x69;0x0A:0x6A;0x0A:0x6B;0x0A:0x6C;0x0A:0x6D;0x0A:0x6E;0x0A:0x6F;0x0A:0x70;0x0A:0x71;0x0A:0x72;0x0A:0x74
620,89,MODE1_0089_FHD_COMMON_WRITE,READBACK_MISMATCH,70,69,ABORTING->UNRESOLVED_REGISTER_GATE->FATAL_RECOVERY_FAILURE,FATAL_RECOVERY_FAILURE,UNRESOLVED_COMMITTED_REGISTERS=0x00:0x00;0x00:0x0C;0x00:0x10;0x00:0x14;0x00:0x18;0x00:0x21;0x00:0x22;0x00:0x30;0x00:0x34;0x00:0x3C;0x00:0x44;0x00:0x48;0x00:0x4C;0x00:0x50;0x00:0x64;0x00:0x93;0x00:0xA4;0x05:0x00;0x05:0x01;0x05:0x05;0x05:0x08;0x05:0x0E;0x05:0x11;0x05:0x1B;0x05:0x20;0x05:0x23;0x05:0x26;0x05:0x27;0x05:0x29;0x05:0x2A;0x05:0x2B;0x05:0x57;0x05:0x58;0x05:0x59;0x05:0x5B;0x05:0x5F;0x05:0x69;0x05:0x76;0x05:0x90;0x05:0xB8;0x05:0xC8;0x05:0xD1;0x05:0xD4;0x09:0x64;0x09:0x6A;0x09:0x6B;0x09:0x6C;0x09:0x80;0x09:0x81;0x0A:0x60;0x0A:0x61;0x0A:0x62;0x0A:0x63;0x0A:0x64;0x0A:0x65;0x0A:0x66;0x0A:0x67;0x0A:0x68;0x0A:0x69;0x0A:0x6A;0x0A:0x6B;0x0A:0x6C;0x0A:0x6D;0x0A:0x6E;0x0A:0x6F;0x0A:0x70;0x0A:0x71;0x0A:0x72;0x0A:0x74
621,89,MODE1_0089_FHD_COMMON_WRITE,RESET_BETWEEN_OPERATIONS,70,69,ABORTING->PRODUCT_RECONSTRUCTION_GAP->FATAL_RECOVERY_FAILURE,FATAL_RECOVERY_FAILURE,CALLABLE_RESET_AUTOINIT_OR_PERSISTENT_RECOVERY_CONTEXT_NOT_PROVEN
622,89,MODE1_0089_FHD_COMMON_WRITE,HOST_ABORT,70,69,ABORTING->UNRESOLVED_REGISTER_GATE->FATAL_RECOVERY_FAILURE,FATAL_RECOVERY_FAILURE,UNRESOLVED_COMMITTED_REGISTERS=0x00:0x00;0x00:0x0C;0x00:0x10;0x00:0x14;0x00:0x18;0x00:0x21;0x00:0x22;0x00:0x30;0x00:0x34;0x00:0x3C;0x00:0x44;0x00:0x48;0x00:0x4C;0x00:0x50;0x00:0x64;0x00:0x93;0x00:0xA4;0x05:0x00;0x05:0x01;0x05:0x05;0x05:0x08;0x05:0x0E;0x05:0x11;0x05:0x1B;0x05:0x20;0x05:0x23;0x05:0x26;0x05:0x27;0x05:0x29;0x05:0x2A;0x05:0x2B;0x05:0x57;0x05:0x58;0x05:0x59;0x05:0x5B;0x05:0x5F;0x05:0x69;0x05:0x76;0x05:0x90;0x05:0xB8;0x05:0xC8;0x05:0xD1;0x05:0xD4;0x09:0x64;0x09:0x6A;0x09:0x6B;0x09:0x6C;0x09:0x80;0x09:0x81;0x0A:0x60;0x0A:0x61;0x0A:0x62;0x0A:0x63;0x0A:0x64;0x0A:0x65;0x0A:0x66;0x0A:0x67;0x0A:0x68;0x0A:0x69;0x0A:0x6A;0x0A:0x6B;0x0A:0x6C;0x0A:0x6D;0x0A:0x6E;0x0A:0x6F;0x0A:0x70;0x0A:0x71;0x0A:0x72;0x0A:0x74
623,89,MODE1_0089_FHD_COMMON_WRITE,MMIO_RESET,70,69,ABORTING->PRODUCT_RECONSTRUCTION_GAP->FATAL_RECOVERY_FAILURE,FATAL_RECOVERY_FAILURE,CALLABLE_RESET_AUTOINIT_OR_PERSISTENT_RECOVERY_CONTEXT_NOT_PROVEN
624,90,MODE1_0090_FHD_COMMON_BANK_SELECT,FAILURE_BEFORE_WRITE,70,69,ABORTING->UNRESOLVED_REGISTER_GATE->FATAL_RECOVERY_FAILURE,FATAL_RECOVERY_FAILURE,UNRESOLVED_COMMITTED_REGISTERS=0x00:0x00;0x00:0x0C;0x00:0x10;0x00:0x14;0x00:0x18;0x00:0x21;0x00:0x22;0x00:0x30;0x00:0x34;0x00:0x3C;0x00:0x44;0x00:0x48;0x00:0x4C;0x00:0x50;0x00:0x64;0x00:0x93;0x00:0xA4;0x05:0x00;0x05:0x01;0x05:0x05;0x05:0x08;0x05:0x0E;0x05:0x11;0x05:0x1B;0x05:0x20;0x05:0x23;0x05:0x26;0x05:0x27;0x05:0x29;0x05:0x2A;0x05:0x2B;0x05:0x57;0x05:0x58;0x05:0x59;0x05:0x5B;0x05:0x5F;0x05:0x69;0x05:0x76;0x05:0x90;0x05:0xB8;0x05:0xC8;0x05:0xD1;0x05:0xD4;0x09:0x64;0x09:0x6A;0x09:0x6B;0x09:0x6C;0x09:0x80;0x09:0x81;0x0A:0x60;0x0A:0x61;0x0A:0x62;0x0A:0x63;0x0A:0x64;0x0A:0x65;0x0A:0x66;0x0A:0x67;0x0A:0x68;0x0A:0x69;0x0A:0x6A;0x0A:0x6B;0x0A:0x6C;0x0A:0x6D;0x0A:0x6E;0x0A:0x6F;0x0A:0x70;0x0A:0x71;0x0A:0x72;0x0A:0x74
625,90,MODE1_0090_FHD_COMMON_BANK_SELECT,NACK_DURING_WRITE,70,69,ABORTING->UNRESOLVED_REGISTER_GATE->FATAL_RECOVERY_FAILURE,FATAL_RECOVERY_FAILURE,UNRESOLVED_COMMITTED_REGISTERS=0x00:0x00;0x00:0x0C;0x00:0x10;0x00:0x14;0x00:0x18;0x00:0x21;0x00:0x22;0x00:0x30;0x00:0x34;0x00:0x3C;0x00:0x44;0x00:0x48;0x00:0x4C;0x00:0x50;0x00:0x64;0x00:0x93;0x00:0xA4;0x05:0x00;0x05:0x01;0x05:0x05;0x05:0x08;0x05:0x0E;0x05:0x11;0x05:0x1B;0x05:0x20;0x05:0x23;0x05:0x26;0x05:0x27;0x05:0x29;0x05:0x2A;0x05:0x2B;0x05:0x57;0x05:0x58;0x05:0x59;0x05:0x5B;0x05:0x5F;0x05:0x69;0x05:0x76;0x05:0x90;0x05:0xB8;0x05:0xC8;0x05:0xD1;0x05:0xD4;0x09:0x64;0x09:0x6A;0x09:0x6B;0x09:0x6C;0x09:0x80;0x09:0x81;0x0A:0x60;0x0A:0x61;0x0A:0x62;0x0A:0x63;0x0A:0x64;0x0A:0x65;0x0A:0x66;0x0A:0x67;0x0A:0x68;0x0A:0x69;0x0A:0x6A;0x0A:0x6B;0x0A:0x6C;0x0A:0x6D;0x0A:0x6E;0x0A:0x6F;0x0A:0x70;0x0A:0x71;0x0A:0x72;0x0A:0x74
626,90,MODE1_0090_FHD_COMMON_BANK_SELECT,TIMEOUT_DURING_WRITE,70,69,ABORTING->UNRESOLVED_REGISTER_GATE->FATAL_RECOVERY_FAILURE,FATAL_RECOVERY_FAILURE,UNRESOLVED_COMMITTED_REGISTERS=0x00:0x00;0x00:0x0C;0x00:0x10;0x00:0x14;0x00:0x18;0x00:0x21;0x00:0x22;0x00:0x30;0x00:0x34;0x00:0x3C;0x00:0x44;0x00:0x48;0x00:0x4C;0x00:0x50;0x00:0x64;0x00:0x93;0x00:0xA4;0x05:0x00;0x05:0x01;0x05:0x05;0x05:0x08;0x05:0x0E;0x05:0x11;0x05:0x1B;0x05:0x20;0x05:0x23;0x05:0x26;0x05:0x27;0x05:0x29;0x05:0x2A;0x05:0x2B;0x05:0x57;0x05:0x58;0x05:0x59;0x05:0x5B;0x05:0x5F;0x05:0x69;0x05:0x76;0x05:0x90;0x05:0xB8;0x05:0xC8;0x05:0xD1;0x05:0xD4;0x09:0x64;0x09:0x6A;0x09:0x6B;0x09:0x6C;0x09:0x80;0x09:0x81;0x0A:0x60;0x0A:0x61;0x0A:0x62;0x0A:0x63;0x0A:0x64;0x0A:0x65;0x0A:0x66;0x0A:0x67;0x0A:0x68;0x0A:0x69;0x0A:0x6A;0x0A:0x6B;0x0A:0x6C;0x0A:0x6D;0x0A:0x6E;0x0A:0x6F;0x0A:0x70;0x0A:0x71;0x0A:0x72;0x0A:0x74
627,90,MODE1_0090_FHD_COMMON_BANK_SELECT,READBACK_MISMATCH,70,69,ABORTING->UNRESOLVED_REGISTER_GATE->FATAL_RECOVERY_FAILURE,FATAL_RECOVERY_FAILURE,UNRESOLVED_COMMITTED_REGISTERS=0x00:0x00;0x00:0x0C;0x00:0x10;0x00:0x14;0x00:0x18;0x00:0x21;0x00:0x22;0x00:0x30;0x00:0x34;0x00:0x3C;0x00:0x44;0x00:0x48;0x00:0x4C;0x00:0x50;0x00:0x64;0x00:0x93;0x00:0xA4;0x05:0x00;0x05:0x01;0x05:0x05;0x05:0x08;0x05:0x0E;0x05:0x11;0x05:0x1B;0x05:0x20;0x05:0x23;0x05:0x26;0x05:0x27;0x05:0x29;0x05:0x2A;0x05:0x2B;0x05:0x57;0x05:0x58;0x05:0x59;0x05:0x5B;0x05:0x5F;0x05:0x69;0x05:0x76;0x05:0x90;0x05:0xB8;0x05:0xC8;0x05:0xD1;0x05:0xD4;0x09:0x64;0x09:0x6A;0x09:0x6B;0x09:0x6C;0x09:0x80;0x09:0x81;0x0A:0x60;0x0A:0x61;0x0A:0x62;0x0A:0x63;0x0A:0x64;0x0A:0x65;0x0A:0x66;0x0A:0x67;0x0A:0x68;0x0A:0x69;0x0A:0x6A;0x0A:0x6B;0x0A:0x6C;0x0A:0x6D;0x0A:0x6E;0x0A:0x6F;0x0A:0x70;0x0A:0x71;0x0A:0x72;0x0A:0x74
628,90,MODE1_0090_FHD_COMMON_BANK_SELECT,RESET_BETWEEN_OPERATIONS,70,69,ABORTING->PRODUCT_RECONSTRUCTION_GAP->FATAL_RECOVERY_FAILURE,FATAL_RECOVERY_FAILURE,CALLABLE_RESET_AUTOINIT_OR_PERSISTENT_RECOVERY_CONTEXT_NOT_PROVEN
629,90,MODE1_0090_FHD_COMMON_BANK_SELECT,HOST_ABORT,70,69,ABORTING->UNRESOLVED_REGISTER_GATE->FATAL_RECOVERY_FAILURE,FATAL_RECOVERY_FAILURE,UNRESOLVED_COMMITTED_REGISTERS=0x00:0x00;0x00:0x0C;0x00:0x10;0x00:0x14;0x00:0x18;0x00:0x21;0x00:0x22;0x00:0x30;0x00:0x34;0x00:0x3C;0x00:0x44;0x00:0x48;0x00:0x4C;0x00:0x50;0x00:0x64;0x00:0x93;0x00:0xA4;0x05:0x00;0x05:0x01;0x05:0x05;0x05:0x08;0x05:0x0E;0x05:0x11;0x05:0x1B;0x05:0x20;0x05:0x23;0x05:0x26;0x05:0x27;0x05:0x29;0x05:0x2A;0x05:0x2B;0x05:0x57;0x05:0x58;0x05:0x59;0x05:0x5B;0x05:0x5F;0x05:0x69;0x05:0x76;0x05:0x90;0x05:0xB8;0x05:0xC8;0x05:0xD1;0x05:0xD4;0x09:0x64;0x09:0x6A;0x09:0x6B;0x09:0x6C;0x09:0x80;0x09:0x81;0x0A:0x60;0x0A:0x61;0x0A:0x62;0x0A:0x63;0x0A:0x64;0x0A:0x65;0x0A:0x66;0x0A:0x67;0x0A:0x68;0x0A:0x69;0x0A:0x6A;0x0A:0x6B;0x0A:0x6C;0x0A:0x6D;0x0A:0x6E;0x0A:0x6F;0x0A:0x70;0x0A:0x71;0x0A:0x72;0x0A:0x74
630,90,MODE1_0090_FHD_COMMON_BANK_SELECT,MMIO_RESET,70,69,ABORTING->PRODUCT_RECONSTRUCTION_GAP->FATAL_RECOVERY_FAILURE,FATAL_RECOVERY_FAILURE,CALLABLE_RESET_AUTOINIT_OR_PERSISTENT_RECOVERY_CONTEXT_NOT_PROVEN
631,91,MODE1_0091_FHD_COMMON_WRITE,FAILURE_BEFORE_WRITE,70,69,ABORTING->UNRESOLVED_REGISTER_GATE->FATAL_RECOVERY_FAILURE,FATAL_RECOVERY_FAILURE,UNRESOLVED_COMMITTED_REGISTERS=0x00:0x00;0x00:0x0C;0x00:0x10;0x00:0x14;0x00:0x18;0x00:0x21;0x00:0x22;0x00:0x30;0x00:0x34;0x00:0x3C;0x00:0x44;0x00:0x48;0x00:0x4C;0x00:0x50;0x00:0x64;0x00:0x93;0x00:0xA4;0x05:0x00;0x05:0x01;0x05:0x05;0x05:0x08;0x05:0x0E;0x05:0x11;0x05:0x1B;0x05:0x20;0x05:0x23;0x05:0x26;0x05:0x27;0x05:0x29;0x05:0x2A;0x05:0x2B;0x05:0x57;0x05:0x58;0x05:0x59;0x05:0x5B;0x05:0x5F;0x05:0x69;0x05:0x76;0x05:0x90;0x05:0xB8;0x05:0xC8;0x05:0xD1;0x05:0xD4;0x09:0x64;0x09:0x6A;0x09:0x6B;0x09:0x6C;0x09:0x80;0x09:0x81;0x0A:0x60;0x0A:0x61;0x0A:0x62;0x0A:0x63;0x0A:0x64;0x0A:0x65;0x0A:0x66;0x0A:0x67;0x0A:0x68;0x0A:0x69;0x0A:0x6A;0x0A:0x6B;0x0A:0x6C;0x0A:0x6D;0x0A:0x6E;0x0A:0x6F;0x0A:0x70;0x0A:0x71;0x0A:0x72;0x0A:0x74
632,91,MODE1_0091_FHD_COMMON_WRITE,NACK_DURING_WRITE,71,70,ABORTING->UNRESOLVED_REGISTER_GATE->FATAL_RECOVERY_FAILURE,FATAL_RECOVERY_FAILURE,UNRESOLVED_COMMITTED_REGISTERS=0x00:0x00;0x00:0x0C;0x00:0x10;0x00:0x14;0x00:0x18;0x00:0x21;0x00:0x22;0x00:0x30;0x00:0x34;0x00:0x3C;0x00:0x44;0x00:0x48;0x00:0x4C;0x00:0x50;0x00:0x64;0x00:0x93;0x00:0xA4;0x05:0x00;0x05:0x01;0x05:0x05;0x05:0x08;0x05:0x0E;0x05:0x11;0x05:0x1B;0x05:0x20;0x05:0x23;0x05:0x26;0x05:0x27;0x05:0x29;0x05:0x2A;0x05:0x2B;0x05:0x57;0x05:0x58;0x05:0x59;0x05:0x5B;0x05:0x5F;0x05:0x69;0x05:0x6E;0x05:0x76;0x05:0x90;0x05:0xB8;0x05:0xC8;0x05:0xD1;0x05:0xD4;0x09:0x64;0x09:0x6A;0x09:0x6B;0x09:0x6C;0x09:0x80;0x09:0x81;0x0A:0x60;0x0A:0x61;0x0A:0x62;0x0A:0x63;0x0A:0x64;0x0A:0x65;0x0A:0x66;0x0A:0x67;0x0A:0x68;0x0A:0x69;0x0A:0x6A;0x0A:0x6B;0x0A:0x6C;0x0A:0x6D;0x0A:0x6E;0x0A:0x6F;0x0A:0x70;0x0A:0x71;0x0A:0x72;0x0A:0x74
633,91,MODE1_0091_FHD_COMMON_WRITE,TIMEOUT_DURING_WRITE,71,70,ABORTING->UNRESOLVED_REGISTER_GATE->FATAL_RECOVERY_FAILURE,FATAL_RECOVERY_FAILURE,UNRESOLVED_COMMITTED_REGISTERS=0x00:0x00;0x00:0x0C;0x00:0x10;0x00:0x14;0x00:0x18;0x00:0x21;0x00:0x22;0x00:0x30;0x00:0x34;0x00:0x3C;0x00:0x44;0x00:0x48;0x00:0x4C;0x00:0x50;0x00:0x64;0x00:0x93;0x00:0xA4;0x05:0x00;0x05:0x01;0x05:0x05;0x05:0x08;0x05:0x0E;0x05:0x11;0x05:0x1B;0x05:0x20;0x05:0x23;0x05:0x26;0x05:0x27;0x05:0x29;0x05:0x2A;0x05:0x2B;0x05:0x57;0x05:0x58;0x05:0x59;0x05:0x5B;0x05:0x5F;0x05:0x69;0x05:0x6E;0x05:0x76;0x05:0x90;0x05:0xB8;0x05:0xC8;0x05:0xD1;0x05:0xD4;0x09:0x64;0x09:0x6A;0x09:0x6B;0x09:0x6C;0x09:0x80;0x09:0x81;0x0A:0x60;0x0A:0x61;0x0A:0x62;0x0A:0x63;0x0A:0x64;0x0A:0x65;0x0A:0x66;0x0A:0x67;0x0A:0x68;0x0A:0x69;0x0A:0x6A;0x0A:0x6B;0x0A:0x6C;0x0A:0x6D;0x0A:0x6E;0x0A:0x6F;0x0A:0x70;0x0A:0x71;0x0A:0x72;0x0A:0x74
634,91,MODE1_0091_FHD_COMMON_WRITE,READBACK_MISMATCH,71,70,ABORTING->UNRESOLVED_REGISTER_GATE->FATAL_RECOVERY_FAILURE,FATAL_RECOVERY_FAILURE,UNRESOLVED_COMMITTED_REGISTERS=0x00:0x00;0x00:0x0C;0x00:0x10;0x00:0x14;0x00:0x18;0x00:0x21;0x00:0x22;0x00:0x30;0x00:0x34;0x00:0x3C;0x00:0x44;0x00:0x48;0x00:0x4C;0x00:0x50;0x00:0x64;0x00:0x93;0x00:0xA4;0x05:0x00;0x05:0x01;0x05:0x05;0x05:0x08;0x05:0x0E;0x05:0x11;0x05:0x1B;0x05:0x20;0x05:0x23;0x05:0x26;0x05:0x27;0x05:0x29;0x05:0x2A;0x05:0x2B;0x05:0x57;0x05:0x58;0x05:0x59;0x05:0x5B;0x05:0x5F;0x05:0x69;0x05:0x6E;0x05:0x76;0x05:0x90;0x05:0xB8;0x05:0xC8;0x05:0xD1;0x05:0xD4;0x09:0x64;0x09:0x6A;0x09:0x6B;0x09:0x6C;0x09:0x80;0x09:0x81;0x0A:0x60;0x0A:0x61;0x0A:0x62;0x0A:0x63;0x0A:0x64;0x0A:0x65;0x0A:0x66;0x0A:0x67;0x0A:0x68;0x0A:0x69;0x0A:0x6A;0x0A:0x6B;0x0A:0x6C;0x0A:0x6D;0x0A:0x6E;0x0A:0x6F;0x0A:0x70;0x0A:0x71;0x0A:0x72;0x0A:0x74
635,91,MODE1_0091_FHD_COMMON_WRITE,RESET_BETWEEN_OPERATIONS,71,70,ABORTING->PRODUCT_RECONSTRUCTION_GAP->FATAL_RECOVERY_FAILURE,FATAL_RECOVERY_FAILURE,CALLABLE_RESET_AUTOINIT_OR_PERSISTENT_RECOVERY_CONTEXT_NOT_PROVEN
636,91,MODE1_0091_FHD_COMMON_WRITE,HOST_ABORT,71,70,ABORTING->UNRESOLVED_REGISTER_GATE->FATAL_RECOVERY_FAILURE,FATAL_RECOVERY_FAILURE,UNRESOLVED_COMMITTED_REGISTERS=0x00:0x00;0x00:0x0C;0x00:0x10;0x00:0x14;0x00:0x18;0x00:0x21;0x00:0x22;0x00:0x30;0x00:0x34;0x00:0x3C;0x00:0x44;0x00:0x48;0x00:0x4C;0x00:0x50;0x00:0x64;0x00:0x93;0x00:0xA4;0x05:0x00;0x05:0x01;0x05:0x05;0x05:0x08;0x05:0x0E;0x05:0x11;0x05:0x1B;0x05:0x20;0x05:0x23;0x05:0x26;0x05:0x27;0x05:0x29;0x05:0x2A;0x05:0x2B;0x05:0x57;0x05:0x58;0x05:0x59;0x05:0x5B;0x05:0x5F;0x05:0x69;0x05:0x6E;0x05:0x76;0x05:0x90;0x05:0xB8;0x05:0xC8;0x05:0xD1;0x05:0xD4;0x09:0x64;0x09:0x6A;0x09:0x6B;0x09:0x6C;0x09:0x80;0x09:0x81;0x0A:0x60;0x0A:0x61;0x0A:0x62;0x0A:0x63;0x0A:0x64;0x0A:0x65;0x0A:0x66;0x0A:0x67;0x0A:0x68;0x0A:0x69;0x0A:0x6A;0x0A:0x6B;0x0A:0x6C;0x0A:0x6D;0x0A:0x6E;0x0A:0x6F;0x0A:0x70;0x0A:0x71;0x0A:0x72;0x0A:0x74
637,91,MODE1_0091_FHD_COMMON_WRITE,MMIO_RESET,71,70,ABORTING->PRODUCT_RECONSTRUCTION_GAP->FATAL_RECOVERY_FAILURE,FATAL_RECOVERY_FAILURE,CALLABLE_RESET_AUTOINIT_OR_PERSISTENT_RECOVERY_CONTEXT_NOT_PROVEN
638,92,MODE1_0092_FHD_COMMON_WRITE,FAILURE_BEFORE_WRITE,71,70,ABORTING->UNRESOLVED_REGISTER_GATE->FATAL_RECOVERY_FAILURE,FATAL_RECOVERY_FAILURE,UNRESOLVED_COMMITTED_REGISTERS=0x00:0x00;0x00:0x0C;0x00:0x10;0x00:0x14;0x00:0x18;0x00:0x21;0x00:0x22;0x00:0x30;0x00:0x34;0x00:0x3C;0x00:0x44;0x00:0x48;0x00:0x4C;0x00:0x50;0x00:0x64;0x00:0x93;0x00:0xA4;0x05:0x00;0x05:0x01;0x05:0x05;0x05:0x08;0x05:0x0E;0x05:0x11;0x05:0x1B;0x05:0x20;0x05:0x23;0x05:0x26;0x05:0x27;0x05:0x29;0x05:0x2A;0x05:0x2B;0x05:0x57;0x05:0x58;0x05:0x59;0x05:0x5B;0x05:0x5F;0x05:0x69;0x05:0x6E;0x05:0x76;0x05:0x90;0x05:0xB8;0x05:0xC8;0x05:0xD1;0x05:0xD4;0x09:0x64;0x09:0x6A;0x09:0x6B;0x09:0x6C;0x09:0x80;0x09:0x81;0x0A:0x60;0x0A:0x61;0x0A:0x62;0x0A:0x63;0x0A:0x64;0x0A:0x65;0x0A:0x66;0x0A:0x67;0x0A:0x68;0x0A:0x69;0x0A:0x6A;0x0A:0x6B;0x0A:0x6C;0x0A:0x6D;0x0A:0x6E;0x0A:0x6F;0x0A:0x70;0x0A:0x71;0x0A:0x72;0x0A:0x74
639,92,MODE1_0092_FHD_COMMON_WRITE,NACK_DURING_WRITE,72,71,ABORTING->UNRESOLVED_REGISTER_GATE->FATAL_RECOVERY_FAILURE,FATAL_RECOVERY_FAILURE,UNRESOLVED_COMMITTED_REGISTERS=0x00:0x00;0x00:0x0C;0x00:0x10;0x00:0x14;0x00:0x18;0x00:0x21;0x00:0x22;0x00:0x30;0x00:0x34;0x00:0x3C;0x00:0x44;0x00:0x48;0x00:0x4C;0x00:0x50;0x00:0x64;0x00:0x93;0x00:0xA4;0x05:0x00;0x05:0x01;0x05:0x05;0x05:0x08;0x05:0x0E;0x05:0x11;0x05:0x1B;0x05:0x20;0x05:0x23;0x05:0x26;0x05:0x27;0x05:0x29;0x05:0x2A;0x05:0x2B;0x05:0x57;0x05:0x58;0x05:0x59;0x05:0x5B;0x05:0x5F;0x05:0x69;0x05:0x6E;0x05:0x6F;0x05:0x76;0x05:0x90;0x05:0xB8;0x05:0xC8;0x05:0xD1;0x05:0xD4;0x09:0x64;0x09:0x6A;0x09:0x6B;0x09:0x6C;0x09:0x80;0x09:0x81;0x0A:0x60;0x0A:0x61;0x0A:0x62;0x0A:0x63;0x0A:0x64;0x0A:0x65;0x0A:0x66;0x0A:0x67;0x0A:0x68;0x0A:0x69;0x0A:0x6A;0x0A:0x6B;0x0A:0x6C;0x0A:0x6D;0x0A:0x6E;0x0A:0x6F;0x0A:0x70;0x0A:0x71;0x0A:0x72;0x0A:0x74
640,92,MODE1_0092_FHD_COMMON_WRITE,TIMEOUT_DURING_WRITE,72,71,ABORTING->UNRESOLVED_REGISTER_GATE->FATAL_RECOVERY_FAILURE,FATAL_RECOVERY_FAILURE,UNRESOLVED_COMMITTED_REGISTERS=0x00:0x00;0x00:0x0C;0x00:0x10;0x00:0x14;0x00:0x18;0x00:0x21;0x00:0x22;0x00:0x30;0x00:0x34;0x00:0x3C;0x00:0x44;0x00:0x48;0x00:0x4C;0x00:0x50;0x00:0x64;0x00:0x93;0x00:0xA4;0x05:0x00;0x05:0x01;0x05:0x05;0x05:0x08;0x05:0x0E;0x05:0x11;0x05:0x1B;0x05:0x20;0x05:0x23;0x05:0x26;0x05:0x27;0x05:0x29;0x05:0x2A;0x05:0x2B;0x05:0x57;0x05:0x58;0x05:0x59;0x05:0x5B;0x05:0x5F;0x05:0x69;0x05:0x6E;0x05:0x6F;0x05:0x76;0x05:0x90;0x05:0xB8;0x05:0xC8;0x05:0xD1;0x05:0xD4;0x09:0x64;0x09:0x6A;0x09:0x6B;0x09:0x6C;0x09:0x80;0x09:0x81;0x0A:0x60;0x0A:0x61;0x0A:0x62;0x0A:0x63;0x0A:0x64;0x0A:0x65;0x0A:0x66;0x0A:0x67;0x0A:0x68;0x0A:0x69;0x0A:0x6A;0x0A:0x6B;0x0A:0x6C;0x0A:0x6D;0x0A:0x6E;0x0A:0x6F;0x0A:0x70;0x0A:0x71;0x0A:0x72;0x0A:0x74
641,92,MODE1_0092_FHD_COMMON_WRITE,READBACK_MISMATCH,72,71,ABORTING->UNRESOLVED_REGISTER_GATE->FATAL_RECOVERY_FAILURE,FATAL_RECOVERY_FAILURE,UNRESOLVED_COMMITTED_REGISTERS=0x00:0x00;0x00:0x0C;0x00:0x10;0x00:0x14;0x00:0x18;0x00:0x21;0x00:0x22;0x00:0x30;0x00:0x34;0x00:0x3C;0x00:0x44;0x00:0x48;0x00:0x4C;0x00:0x50;0x00:0x64;0x00:0x93;0x00:0xA4;0x05:0x00;0x05:0x01;0x05:0x05;0x05:0x08;0x05:0x0E;0x05:0x11;0x05:0x1B;0x05:0x20;0x05:0x23;0x05:0x26;0x05:0x27;0x05:0x29;0x05:0x2A;0x05:0x2B;0x05:0x57;0x05:0x58;0x05:0x59;0x05:0x5B;0x05:0x5F;0x05:0x69;0x05:0x6E;0x05:0x6F;0x05:0x76;0x05:0x90;0x05:0xB8;0x05:0xC8;0x05:0xD1;0x05:0xD4;0x09:0x64;0x09:0x6A;0x09:0x6B;0x09:0x6C;0x09:0x80;0x09:0x81;0x0A:0x60;0x0A:0x61;0x0A:0x62;0x0A:0x63;0x0A:0x64;0x0A:0x65;0x0A:0x66;0x0A:0x67;0x0A:0x68;0x0A:0x69;0x0A:0x6A;0x0A:0x6B;0x0A:0x6C;0x0A:0x6D;0x0A:0x6E;0x0A:0x6F;0x0A:0x70;0x0A:0x71;0x0A:0x72;0x0A:0x74
642,92,MODE1_0092_FHD_COMMON_WRITE,RESET_BETWEEN_OPERATIONS,72,71,ABORTING->PRODUCT_RECONSTRUCTION_GAP->FATAL_RECOVERY_FAILURE,FATAL_RECOVERY_FAILURE,CALLABLE_RESET_AUTOINIT_OR_PERSISTENT_RECOVERY_CONTEXT_NOT_PROVEN
643,92,MODE1_0092_FHD_COMMON_WRITE,HOST_ABORT,72,71,ABORTING->UNRESOLVED_REGISTER_GATE->FATAL_RECOVERY_FAILURE,FATAL_RECOVERY_FAILURE,UNRESOLVED_COMMITTED_REGISTERS=0x00:0x00;0x00:0x0C;0x00:0x10;0x00:0x14;0x00:0x18;0x00:0x21;0x00:0x22;0x00:0x30;0x00:0x34;0x00:0x3C;0x00:0x44;0x00:0x48;0x00:0x4C;0x00:0x50;0x00:0x64;0x00:0x93;0x00:0xA4;0x05:0x00;0x05:0x01;0x05:0x05;0x05:0x08;0x05:0x0E;0x05:0x11;0x05:0x1B;0x05:0x20;0x05:0x23;0x05:0x26;0x05:0x27;0x05:0x29;0x05:0x2A;0x05:0x2B;0x05:0x57;0x05:0x58;0x05:0x59;0x05:0x5B;0x05:0x5F;0x05:0x69;0x05:0x6E;0x05:0x6F;0x05:0x76;0x05:0x90;0x05:0xB8;0x05:0xC8;0x05:0xD1;0x05:0xD4;0x09:0x64;0x09:0x6A;0x09:0x6B;0x09:0x6C;0x09:0x80;0x09:0x81;0x0A:0x60;0x0A:0x61;0x0A:0x62;0x0A:0x63;0x0A:0x64;0x0A:0x65;0x0A:0x66;0x0A:0x67;0x0A:0x68;0x0A:0x69;0x0A:0x6A;0x0A:0x6B;0x0A:0x6C;0x0A:0x6D;0x0A:0x6E;0x0A:0x6F;0x0A:0x70;0x0A:0x71;0x0A:0x72;0x0A:0x74
644,92,MODE1_0092_FHD_COMMON_WRITE,MMIO_RESET,72,71,ABORTING->PRODUCT_RECONSTRUCTION_GAP->FATAL_RECOVERY_FAILURE,FATAL_RECOVERY_FAILURE,CALLABLE_RESET_AUTOINIT_OR_PERSISTENT_RECOVERY_CONTEXT_NOT_PROVEN
645,93,MODE1_0093_FHD_COMMON_BANK_SELECT,FAILURE_BEFORE_WRITE,72,71,ABORTING->UNRESOLVED_REGISTER_GATE->FATAL_RECOVERY_FAILURE,FATAL_RECOVERY_FAILURE,UNRESOLVED_COMMITTED_REGISTERS=0x00:0x00;0x00:0x0C;0x00:0x10;0x00:0x14;0x00:0x18;0x00:0x21;0x00:0x22;0x00:0x30;0x00:0x34;0x00:0x3C;0x00:0x44;0x00:0x48;0x00:0x4C;0x00:0x50;0x00:0x64;0x00:0x93;0x00:0xA4;0x05:0x00;0x05:0x01;0x05:0x05;0x05:0x08;0x05:0x0E;0x05:0x11;0x05:0x1B;0x05:0x20;0x05:0x23;0x05:0x26;0x05:0x27;0x05:0x29;0x05:0x2A;0x05:0x2B;0x05:0x57;0x05:0x58;0x05:0x59;0x05:0x5B;0x05:0x5F;0x05:0x69;0x05:0x6E;0x05:0x6F;0x05:0x76;0x05:0x90;0x05:0xB8;0x05:0xC8;0x05:0xD1;0x05:0xD4;0x09:0x64;0x09:0x6A;0x09:0x6B;0x09:0x6C;0x09:0x80;0x09:0x81;0x0A:0x60;0x0A:0x61;0x0A:0x62;0x0A:0x63;0x0A:0x64;0x0A:0x65;0x0A:0x66;0x0A:0x67;0x0A:0x68;0x0A:0x69;0x0A:0x6A;0x0A:0x6B;0x0A:0x6C;0x0A:0x6D;0x0A:0x6E;0x0A:0x6F;0x0A:0x70;0x0A:0x71;0x0A:0x72;0x0A:0x74
646,93,MODE1_0093_FHD_COMMON_BANK_SELECT,NACK_DURING_WRITE,72,71,ABORTING->UNRESOLVED_REGISTER_GATE->FATAL_RECOVERY_FAILURE,FATAL_RECOVERY_FAILURE,UNRESOLVED_COMMITTED_REGISTERS=0x00:0x00;0x00:0x0C;0x00:0x10;0x00:0x14;0x00:0x18;0x00:0x21;0x00:0x22;0x00:0x30;0x00:0x34;0x00:0x3C;0x00:0x44;0x00:0x48;0x00:0x4C;0x00:0x50;0x00:0x64;0x00:0x93;0x00:0xA4;0x05:0x00;0x05:0x01;0x05:0x05;0x05:0x08;0x05:0x0E;0x05:0x11;0x05:0x1B;0x05:0x20;0x05:0x23;0x05:0x26;0x05:0x27;0x05:0x29;0x05:0x2A;0x05:0x2B;0x05:0x57;0x05:0x58;0x05:0x59;0x05:0x5B;0x05:0x5F;0x05:0x69;0x05:0x6E;0x05:0x6F;0x05:0x76;0x05:0x90;0x05:0xB8;0x05:0xC8;0x05:0xD1;0x05:0xD4;0x09:0x64;0x09:0x6A;0x09:0x6B;0x09:0x6C;0x09:0x80;0x09:0x81;0x0A:0x60;0x0A:0x61;0x0A:0x62;0x0A:0x63;0x0A:0x64;0x0A:0x65;0x0A:0x66;0x0A:0x67;0x0A:0x68;0x0A:0x69;0x0A:0x6A;0x0A:0x6B;0x0A:0x6C;0x0A:0x6D;0x0A:0x6E;0x0A:0x6F;0x0A:0x70;0x0A:0x71;0x0A:0x72;0x0A:0x74
647,93,MODE1_0093_FHD_COMMON_BANK_SELECT,TIMEOUT_DURING_WRITE,72,71,ABORTING->UNRESOLVED_REGISTER_GATE->FATAL_RECOVERY_FAILURE,FATAL_RECOVERY_FAILURE,UNRESOLVED_COMMITTED_REGISTERS=0x00:0x00;0x00:0x0C;0x00:0x10;0x00:0x14;0x00:0x18;0x00:0x21;0x00:0x22;0x00:0x30;0x00:0x34;0x00:0x3C;0x00:0x44;0x00:0x48;0x00:0x4C;0x00:0x50;0x00:0x64;0x00:0x93;0x00:0xA4;0x05:0x00;0x05:0x01;0x05:0x05;0x05:0x08;0x05:0x0E;0x05:0x11;0x05:0x1B;0x05:0x20;0x05:0x23;0x05:0x26;0x05:0x27;0x05:0x29;0x05:0x2A;0x05:0x2B;0x05:0x57;0x05:0x58;0x05:0x59;0x05:0x5B;0x05:0x5F;0x05:0x69;0x05:0x6E;0x05:0x6F;0x05:0x76;0x05:0x90;0x05:0xB8;0x05:0xC8;0x05:0xD1;0x05:0xD4;0x09:0x64;0x09:0x6A;0x09:0x6B;0x09:0x6C;0x09:0x80;0x09:0x81;0x0A:0x60;0x0A:0x61;0x0A:0x62;0x0A:0x63;0x0A:0x64;0x0A:0x65;0x0A:0x66;0x0A:0x67;0x0A:0x68;0x0A:0x69;0x0A:0x6A;0x0A:0x6B;0x0A:0x6C;0x0A:0x6D;0x0A:0x6E;0x0A:0x6F;0x0A:0x70;0x0A:0x71;0x0A:0x72;0x0A:0x74
648,93,MODE1_0093_FHD_COMMON_BANK_SELECT,READBACK_MISMATCH,72,71,ABORTING->UNRESOLVED_REGISTER_GATE->FATAL_RECOVERY_FAILURE,FATAL_RECOVERY_FAILURE,UNRESOLVED_COMMITTED_REGISTERS=0x00:0x00;0x00:0x0C;0x00:0x10;0x00:0x14;0x00:0x18;0x00:0x21;0x00:0x22;0x00:0x30;0x00:0x34;0x00:0x3C;0x00:0x44;0x00:0x48;0x00:0x4C;0x00:0x50;0x00:0x64;0x00:0x93;0x00:0xA4;0x05:0x00;0x05:0x01;0x05:0x05;0x05:0x08;0x05:0x0E;0x05:0x11;0x05:0x1B;0x05:0x20;0x05:0x23;0x05:0x26;0x05:0x27;0x05:0x29;0x05:0x2A;0x05:0x2B;0x05:0x57;0x05:0x58;0x05:0x59;0x05:0x5B;0x05:0x5F;0x05:0x69;0x05:0x6E;0x05:0x6F;0x05:0x76;0x05:0x90;0x05:0xB8;0x05:0xC8;0x05:0xD1;0x05:0xD4;0x09:0x64;0x09:0x6A;0x09:0x6B;0x09:0x6C;0x09:0x80;0x09:0x81;0x0A:0x60;0x0A:0x61;0x0A:0x62;0x0A:0x63;0x0A:0x64;0x0A:0x65;0x0A:0x66;0x0A:0x67;0x0A:0x68;0x0A:0x69;0x0A:0x6A;0x0A:0x6B;0x0A:0x6C;0x0A:0x6D;0x0A:0x6E;0x0A:0x6F;0x0A:0x70;0x0A:0x71;0x0A:0x72;0x0A:0x74
649,93,MODE1_0093_FHD_COMMON_BANK_SELECT,RESET_BETWEEN_OPERATIONS,72,71,ABORTING->PRODUCT_RECONSTRUCTION_GAP->FATAL_RECOVERY_FAILURE,FATAL_RECOVERY_FAILURE,CALLABLE_RESET_AUTOINIT_OR_PERSISTENT_RECOVERY_CONTEXT_NOT_PROVEN
650,93,MODE1_0093_FHD_COMMON_BANK_SELECT,HOST_ABORT,72,71,ABORTING->UNRESOLVED_REGISTER_GATE->FATAL_RECOVERY_FAILURE,FATAL_RECOVERY_FAILURE,UNRESOLVED_COMMITTED_REGISTERS=0x00:0x00;0x00:0x0C;0x00:0x10;0x00:0x14;0x00:0x18;0x00:0x21;0x00:0x22;0x00:0x30;0x00:0x34;0x00:0x3C;0x00:0x44;0x00:0x48;0x00:0x4C;0x00:0x50;0x00:0x64;0x00:0x93;0x00:0xA4;0x05:0x00;0x05:0x01;0x05:0x05;0x05:0x08;0x05:0x0E;0x05:0x11;0x05:0x1B;0x05:0x20;0x05:0x23;0x05:0x26;0x05:0x27;0x05:0x29;0x05:0x2A;0x05:0x2B;0x05:0x57;0x05:0x58;0x05:0x59;0x05:0x5B;0x05:0x5F;0x05:0x69;0x05:0x6E;0x05:0x6F;0x05:0x76;0x05:0x90;0x05:0xB8;0x05:0xC8;0x05:0xD1;0x05:0xD4;0x09:0x64;0x09:0x6A;0x09:0x6B;0x09:0x6C;0x09:0x80;0x09:0x81;0x0A:0x60;0x0A:0x61;0x0A:0x62;0x0A:0x63;0x0A:0x64;0x0A:0x65;0x0A:0x66;0x0A:0x67;0x0A:0x68;0x0A:0x69;0x0A:0x6A;0x0A:0x6B;0x0A:0x6C;0x0A:0x6D;0x0A:0x6E;0x0A:0x6F;0x0A:0x70;0x0A:0x71;0x0A:0x72;0x0A:0x74
651,93,MODE1_0093_FHD_COMMON_BANK_SELECT,MMIO_RESET,72,71,ABORTING->PRODUCT_RECONSTRUCTION_GAP->FATAL_RECOVERY_FAILURE,FATAL_RECOVERY_FAILURE,CALLABLE_RESET_AUTOINIT_OR_PERSISTENT_RECOVERY_CONTEXT_NOT_PROVEN
652,94,MODE1_0094_FHD_COMMON_READ_FOR_RMW,FAILURE_BEFORE_WRITE,72,71,ABORTING->UNRESOLVED_REGISTER_GATE->FATAL_RECOVERY_FAILURE,FATAL_RECOVERY_FAILURE,UNRESOLVED_COMMITTED_REGISTERS=0x00:0x00;0x00:0x0C;0x00:0x10;0x00:0x14;0x00:0x18;0x00:0x21;0x00:0x22;0x00:0x30;0x00:0x34;0x00:0x3C;0x00:0x44;0x00:0x48;0x00:0x4C;0x00:0x50;0x00:0x64;0x00:0x93;0x00:0xA4;0x05:0x00;0x05:0x01;0x05:0x05;0x05:0x08;0x05:0x0E;0x05:0x11;0x05:0x1B;0x05:0x20;0x05:0x23;0x05:0x26;0x05:0x27;0x05:0x29;0x05:0x2A;0x05:0x2B;0x05:0x57;0x05:0x58;0x05:0x59;0x05:0x5B;0x05:0x5F;0x05:0x69;0x05:0x6E;0x05:0x6F;0x05:0x76;0x05:0x90;0x05:0xB8;0x05:0xC8;0x05:0xD1;0x05:0xD4;0x09:0x64;0x09:0x6A;0x09:0x6B;0x09:0x6C;0x09:0x80;0x09:0x81;0x0A:0x60;0x0A:0x61;0x0A:0x62;0x0A:0x63;0x0A:0x64;0x0A:0x65;0x0A:0x66;0x0A:0x67;0x0A:0x68;0x0A:0x69;0x0A:0x6A;0x0A:0x6B;0x0A:0x6C;0x0A:0x6D;0x0A:0x6E;0x0A:0x6F;0x0A:0x70;0x0A:0x71;0x0A:0x72;0x0A:0x74
653,94,MODE1_0094_FHD_COMMON_READ_FOR_RMW,NACK_DURING_WRITE,72,71,ABORTING->UNRESOLVED_REGISTER_GATE->FATAL_RECOVERY_FAILURE,FATAL_RECOVERY_FAILURE,UNRESOLVED_COMMITTED_REGISTERS=0x00:0x00;0x00:0x0C;0x00:0x10;0x00:0x14;0x00:0x18;0x00:0x21;0x00:0x22;0x00:0x30;0x00:0x34;0x00:0x3C;0x00:0x44;0x00:0x48;0x00:0x4C;0x00:0x50;0x00:0x64;0x00:0x93;0x00:0xA4;0x05:0x00;0x05:0x01;0x05:0x05;0x05:0x08;0x05:0x0E;0x05:0x11;0x05:0x1B;0x05:0x20;0x05:0x23;0x05:0x26;0x05:0x27;0x05:0x29;0x05:0x2A;0x05:0x2B;0x05:0x57;0x05:0x58;0x05:0x59;0x05:0x5B;0x05:0x5F;0x05:0x69;0x05:0x6E;0x05:0x6F;0x05:0x76;0x05:0x90;0x05:0xB8;0x05:0xC8;0x05:0xD1;0x05:0xD4;0x09:0x64;0x09:0x6A;0x09:0x6B;0x09:0x6C;0x09:0x80;0x09:0x81;0x0A:0x60;0x0A:0x61;0x0A:0x62;0x0A:0x63;0x0A:0x64;0x0A:0x65;0x0A:0x66;0x0A:0x67;0x0A:0x68;0x0A:0x69;0x0A:0x6A;0x0A:0x6B;0x0A:0x6C;0x0A:0x6D;0x0A:0x6E;0x0A:0x6F;0x0A:0x70;0x0A:0x71;0x0A:0x72;0x0A:0x74
654,94,MODE1_0094_FHD_COMMON_READ_FOR_RMW,TIMEOUT_DURING_WRITE,72,71,ABORTING->UNRESOLVED_REGISTER_GATE->FATAL_RECOVERY_FAILURE,FATAL_RECOVERY_FAILURE,UNRESOLVED_COMMITTED_REGISTERS=0x00:0x00;0x00:0x0C;0x00:0x10;0x00:0x14;0x00:0x18;0x00:0x21;0x00:0x22;0x00:0x30;0x00:0x34;0x00:0x3C;0x00:0x44;0x00:0x48;0x00:0x4C;0x00:0x50;0x00:0x64;0x00:0x93;0x00:0xA4;0x05:0x00;0x05:0x01;0x05:0x05;0x05:0x08;0x05:0x0E;0x05:0x11;0x05:0x1B;0x05:0x20;0x05:0x23;0x05:0x26;0x05:0x27;0x05:0x29;0x05:0x2A;0x05:0x2B;0x05:0x57;0x05:0x58;0x05:0x59;0x05:0x5B;0x05:0x5F;0x05:0x69;0x05:0x6E;0x05:0x6F;0x05:0x76;0x05:0x90;0x05:0xB8;0x05:0xC8;0x05:0xD1;0x05:0xD4;0x09:0x64;0x09:0x6A;0x09:0x6B;0x09:0x6C;0x09:0x80;0x09:0x81;0x0A:0x60;0x0A:0x61;0x0A:0x62;0x0A:0x63;0x0A:0x64;0x0A:0x65;0x0A:0x66;0x0A:0x67;0x0A:0x68;0x0A:0x69;0x0A:0x6A;0x0A:0x6B;0x0A:0x6C;0x0A:0x6D;0x0A:0x6E;0x0A:0x6F;0x0A:0x70;0x0A:0x71;0x0A:0x72;0x0A:0x74
655,94,MODE1_0094_FHD_COMMON_READ_FOR_RMW,READBACK_MISMATCH,72,71,ABORTING->UNRESOLVED_REGISTER_GATE->FATAL_RECOVERY_FAILURE,FATAL_RECOVERY_FAILURE,UNRESOLVED_COMMITTED_REGISTERS=0x00:0x00;0x00:0x0C;0x00:0x10;0x00:0x14;0x00:0x18;0x00:0x21;0x00:0x22;0x00:0x30;0x00:0x34;0x00:0x3C;0x00:0x44;0x00:0x48;0x00:0x4C;0x00:0x50;0x00:0x64;0x00:0x93;0x00:0xA4;0x05:0x00;0x05:0x01;0x05:0x05;0x05:0x08;0x05:0x0E;0x05:0x11;0x05:0x1B;0x05:0x20;0x05:0x23;0x05:0x26;0x05:0x27;0x05:0x29;0x05:0x2A;0x05:0x2B;0x05:0x57;0x05:0x58;0x05:0x59;0x05:0x5B;0x05:0x5F;0x05:0x69;0x05:0x6E;0x05:0x6F;0x05:0x76;0x05:0x90;0x05:0xB8;0x05:0xC8;0x05:0xD1;0x05:0xD4;0x09:0x64;0x09:0x6A;0x09:0x6B;0x09:0x6C;0x09:0x80;0x09:0x81;0x0A:0x60;0x0A:0x61;0x0A:0x62;0x0A:0x63;0x0A:0x64;0x0A:0x65;0x0A:0x66;0x0A:0x67;0x0A:0x68;0x0A:0x69;0x0A:0x6A;0x0A:0x6B;0x0A:0x6C;0x0A:0x6D;0x0A:0x6E;0x0A:0x6F;0x0A:0x70;0x0A:0x71;0x0A:0x72;0x0A:0x74
656,94,MODE1_0094_FHD_COMMON_READ_FOR_RMW,RESET_BETWEEN_OPERATIONS,72,71,ABORTING->PRODUCT_RECONSTRUCTION_GAP->FATAL_RECOVERY_FAILURE,FATAL_RECOVERY_FAILURE,CALLABLE_RESET_AUTOINIT_OR_PERSISTENT_RECOVERY_CONTEXT_NOT_PROVEN
657,94,MODE1_0094_FHD_COMMON_READ_FOR_RMW,HOST_ABORT,72,71,ABORTING->UNRESOLVED_REGISTER_GATE->FATAL_RECOVERY_FAILURE,FATAL_RECOVERY_FAILURE,UNRESOLVED_COMMITTED_REGISTERS=0x00:0x00;0x00:0x0C;0x00:0x10;0x00:0x14;0x00:0x18;0x00:0x21;0x00:0x22;0x00:0x30;0x00:0x34;0x00:0x3C;0x00:0x44;0x00:0x48;0x00:0x4C;0x00:0x50;0x00:0x64;0x00:0x93;0x00:0xA4;0x05:0x00;0x05:0x01;0x05:0x05;0x05:0x08;0x05:0x0E;0x05:0x11;0x05:0x1B;0x05:0x20;0x05:0x23;0x05:0x26;0x05:0x27;0x05:0x29;0x05:0x2A;0x05:0x2B;0x05:0x57;0x05:0x58;0x05:0x59;0x05:0x5B;0x05:0x5F;0x05:0x69;0x05:0x6E;0x05:0x6F;0x05:0x76;0x05:0x90;0x05:0xB8;0x05:0xC8;0x05:0xD1;0x05:0xD4;0x09:0x64;0x09:0x6A;0x09:0x6B;0x09:0x6C;0x09:0x80;0x09:0x81;0x0A:0x60;0x0A:0x61;0x0A:0x62;0x0A:0x63;0x0A:0x64;0x0A:0x65;0x0A:0x66;0x0A:0x67;0x0A:0x68;0x0A:0x69;0x0A:0x6A;0x0A:0x6B;0x0A:0x6C;0x0A:0x6D;0x0A:0x6E;0x0A:0x6F;0x0A:0x70;0x0A:0x71;0x0A:0x72;0x0A:0x74
658,94,MODE1_0094_FHD_COMMON_READ_FOR_RMW,MMIO_RESET,72,71,ABORTING->PRODUCT_RECONSTRUCTION_GAP->FATAL_RECOVERY_FAILURE,FATAL_RECOVERY_FAILURE,CALLABLE_RESET_AUTOINIT_OR_PERSISTENT_RECOVERY_CONTEXT_NOT_PROVEN
659,95,MODE1_0095_FHD_COMMON_RMW_CLEAR_CHANNEL_BIT,FAILURE_BEFORE_WRITE,72,71,ABORTING->UNRESOLVED_REGISTER_GATE->FATAL_RECOVERY_FAILURE,FATAL_RECOVERY_FAILURE,UNRESOLVED_COMMITTED_REGISTERS=0x00:0x00;0x00:0x0C;0x00:0x10;0x00:0x14;0x00:0x18;0x00:0x21;0x00:0x22;0x00:0x30;0x00:0x34;0x00:0x3C;0x00:0x44;0x00:0x48;0x00:0x4C;0x00:0x50;0x00:0x64;0x00:0x93;0x00:0xA4;0x05:0x00;0x05:0x01;0x05:0x05;0x05:0x08;0x05:0x0E;0x05:0x11;0x05:0x1B;0x05:0x20;0x05:0x23;0x05:0x26;0x05:0x27;0x05:0x29;0x05:0x2A;0x05:0x2B;0x05:0x57;0x05:0x58;0x05:0x59;0x05:0x5B;0x05:0x5F;0x05:0x69;0x05:0x6E;0x05:0x6F;0x05:0x76;0x05:0x90;0x05:0xB8;0x05:0xC8;0x05:0xD1;0x05:0xD4;0x09:0x64;0x09:0x6A;0x09:0x6B;0x09:0x6C;0x09:0x80;0x09:0x81;0x0A:0x60;0x0A:0x61;0x0A:0x62;0x0A:0x63;0x0A:0x64;0x0A:0x65;0x0A:0x66;0x0A:0x67;0x0A:0x68;0x0A:0x69;0x0A:0x6A;0x0A:0x6B;0x0A:0x6C;0x0A:0x6D;0x0A:0x6E;0x0A:0x6F;0x0A:0x70;0x0A:0x71;0x0A:0x72;0x0A:0x74
660,95,MODE1_0095_FHD_COMMON_RMW_CLEAR_CHANNEL_BIT,NACK_DURING_WRITE,73,72,ABORTING->UNRESOLVED_REGISTER_GATE->FATAL_RECOVERY_FAILURE,FATAL_RECOVERY_FAILURE,UNRESOLVED_COMMITTED_REGISTERS=0x00:0x00;0x00:0x0C;0x00:0x10;0x00:0x14;0x00:0x18;0x00:0x21;0x00:0x22;0x00:0x30;0x00:0x34;0x00:0x3C;0x00:0x44;0x00:0x48;0x00:0x4C;0x00:0x50;0x00:0x64;0x00:0x93;0x00:0xA4;0x01:0xED;0x05:0x00;0x05:0x01;0x05:0x05;0x05:0x08;0x05:0x0E;0x05:0x11;0x05:0x1B;0x05:0x20;0x05:0x23;0x05:0x26;0x05:0x27;0x05:0x29;0x05:0x2A;0x05:0x2B;0x05:0x57;0x05:0x58;0x05:0x59;0x05:0x5B;0x05:0x5F;0x05:0x69;0x05:0x6E;0x05:0x6F;0x05:0x76;0x05:0x90;0x05:0xB8;0x05:0xC8;0x05:0xD1;0x05:0xD4;0x09:0x64;0x09:0x6A;0x09:0x6B;0x09:0x6C;0x09:0x80;0x09:0x81;0x0A:0x60;0x0A:0x61;0x0A:0x62;0x0A:0x63;0x0A:0x64;0x0A:0x65;0x0A:0x66;0x0A:0x67;0x0A:0x68;0x0A:0x69;0x0A:0x6A;0x0A:0x6B;0x0A:0x6C;0x0A:0x6D;0x0A:0x6E;0x0A:0x6F;0x0A:0x70;0x0A:0x71;0x0A:0x72;0x0A:0x74
661,95,MODE1_0095_FHD_COMMON_RMW_CLEAR_CHANNEL_BIT,TIMEOUT_DURING_WRITE,73,72,ABORTING->UNRESOLVED_REGISTER_GATE->FATAL_RECOVERY_FAILURE,FATAL_RECOVERY_FAILURE,UNRESOLVED_COMMITTED_REGISTERS=0x00:0x00;0x00:0x0C;0x00:0x10;0x00:0x14;0x00:0x18;0x00:0x21;0x00:0x22;0x00:0x30;0x00:0x34;0x00:0x3C;0x00:0x44;0x00:0x48;0x00:0x4C;0x00:0x50;0x00:0x64;0x00:0x93;0x00:0xA4;0x01:0xED;0x05:0x00;0x05:0x01;0x05:0x05;0x05:0x08;0x05:0x0E;0x05:0x11;0x05:0x1B;0x05:0x20;0x05:0x23;0x05:0x26;0x05:0x27;0x05:0x29;0x05:0x2A;0x05:0x2B;0x05:0x57;0x05:0x58;0x05:0x59;0x05:0x5B;0x05:0x5F;0x05:0x69;0x05:0x6E;0x05:0x6F;0x05:0x76;0x05:0x90;0x05:0xB8;0x05:0xC8;0x05:0xD1;0x05:0xD4;0x09:0x64;0x09:0x6A;0x09:0x6B;0x09:0x6C;0x09:0x80;0x09:0x81;0x0A:0x60;0x0A:0x61;0x0A:0x62;0x0A:0x63;0x0A:0x64;0x0A:0x65;0x0A:0x66;0x0A:0x67;0x0A:0x68;0x0A:0x69;0x0A:0x6A;0x0A:0x6B;0x0A:0x6C;0x0A:0x6D;0x0A:0x6E;0x0A:0x6F;0x0A:0x70;0x0A:0x71;0x0A:0x72;0x0A:0x74
662,95,MODE1_0095_FHD_COMMON_RMW_CLEAR_CHANNEL_BIT,READBACK_MISMATCH,73,72,ABORTING->UNRESOLVED_REGISTER_GATE->FATAL_RECOVERY_FAILURE,FATAL_RECOVERY_FAILURE,UNRESOLVED_COMMITTED_REGISTERS=0x00:0x00;0x00:0x0C;0x00:0x10;0x00:0x14;0x00:0x18;0x00:0x21;0x00:0x22;0x00:0x30;0x00:0x34;0x00:0x3C;0x00:0x44;0x00:0x48;0x00:0x4C;0x00:0x50;0x00:0x64;0x00:0x93;0x00:0xA4;0x01:0xED;0x05:0x00;0x05:0x01;0x05:0x05;0x05:0x08;0x05:0x0E;0x05:0x11;0x05:0x1B;0x05:0x20;0x05:0x23;0x05:0x26;0x05:0x27;0x05:0x29;0x05:0x2A;0x05:0x2B;0x05:0x57;0x05:0x58;0x05:0x59;0x05:0x5B;0x05:0x5F;0x05:0x69;0x05:0x6E;0x05:0x6F;0x05:0x76;0x05:0x90;0x05:0xB8;0x05:0xC8;0x05:0xD1;0x05:0xD4;0x09:0x64;0x09:0x6A;0x09:0x6B;0x09:0x6C;0x09:0x80;0x09:0x81;0x0A:0x60;0x0A:0x61;0x0A:0x62;0x0A:0x63;0x0A:0x64;0x0A:0x65;0x0A:0x66;0x0A:0x67;0x0A:0x68;0x0A:0x69;0x0A:0x6A;0x0A:0x6B;0x0A:0x6C;0x0A:0x6D;0x0A:0x6E;0x0A:0x6F;0x0A:0x70;0x0A:0x71;0x0A:0x72;0x0A:0x74
663,95,MODE1_0095_FHD_COMMON_RMW_CLEAR_CHANNEL_BIT,RESET_BETWEEN_OPERATIONS,73,72,ABORTING->PRODUCT_RECONSTRUCTION_GAP->FATAL_RECOVERY_FAILURE,FATAL_RECOVERY_FAILURE,CALLABLE_RESET_AUTOINIT_OR_PERSISTENT_RECOVERY_CONTEXT_NOT_PROVEN
664,95,MODE1_0095_FHD_COMMON_RMW_CLEAR_CHANNEL_BIT,HOST_ABORT,73,72,ABORTING->UNRESOLVED_REGISTER_GATE->FATAL_RECOVERY_FAILURE,FATAL_RECOVERY_FAILURE,UNRESOLVED_COMMITTED_REGISTERS=0x00:0x00;0x00:0x0C;0x00:0x10;0x00:0x14;0x00:0x18;0x00:0x21;0x00:0x22;0x00:0x30;0x00:0x34;0x00:0x3C;0x00:0x44;0x00:0x48;0x00:0x4C;0x00:0x50;0x00:0x64;0x00:0x93;0x00:0xA4;0x01:0xED;0x05:0x00;0x05:0x01;0x05:0x05;0x05:0x08;0x05:0x0E;0x05:0x11;0x05:0x1B;0x05:0x20;0x05:0x23;0x05:0x26;0x05:0x27;0x05:0x29;0x05:0x2A;0x05:0x2B;0x05:0x57;0x05:0x58;0x05:0x59;0x05:0x5B;0x05:0x5F;0x05:0x69;0x05:0x6E;0x05:0x6F;0x05:0x76;0x05:0x90;0x05:0xB8;0x05:0xC8;0x05:0xD1;0x05:0xD4;0x09:0x64;0x09:0x6A;0x09:0x6B;0x09:0x6C;0x09:0x80;0x09:0x81;0x0A:0x60;0x0A:0x61;0x0A:0x62;0x0A:0x63;0x0A:0x64;0x0A:0x65;0x0A:0x66;0x0A:0x67;0x0A:0x68;0x0A:0x69;0x0A:0x6A;0x0A:0x6B;0x0A:0x6C;0x0A:0x6D;0x0A:0x6E;0x0A:0x6F;0x0A:0x70;0x0A:0x71;0x0A:0x72;0x0A:0x74
665,95,MODE1_0095_FHD_COMMON_RMW_CLEAR_CHANNEL_BIT,MMIO_RESET,73,72,ABORTING->PRODUCT_RECONSTRUCTION_GAP->FATAL_RECOVERY_FAILURE,FATAL_RECOVERY_FAILURE,CALLABLE_RESET_AUTOINIT_OR_PERSISTENT_RECOVERY_CONTEXT_NOT_PROVEN
666,96,MODE1_0096_FHD_COMMON_BANK_SELECT,FAILURE_BEFORE_WRITE,73,72,ABORTING->UNRESOLVED_REGISTER_GATE->FATAL_RECOVERY_FAILURE,FATAL_RECOVERY_FAILURE,UNRESOLVED_COMMITTED_REGISTERS=0x00:0x00;0x00:0x0C;0x00:0x10;0x00:0x14;0x00:0x18;0x00:0x21;0x00:0x22;0x00:0x30;0x00:0x34;0x00:0x3C;0x00:0x44;0x00:0x48;0x00:0x4C;0x00:0x50;0x00:0x64;0x00:0x93;0x00:0xA4;0x01:0xED;0x05:0x00;0x05:0x01;0x05:0x05;0x05:0x08;0x05:0x0E;0x05:0x11;0x05:0x1B;0x05:0x20;0x05:0x23;0x05:0x26;0x05:0x27;0x05:0x29;0x05:0x2A;0x05:0x2B;0x05:0x57;0x05:0x58;0x05:0x59;0x05:0x5B;0x05:0x5F;0x05:0x69;0x05:0x6E;0x05:0x6F;0x05:0x76;0x05:0x90;0x05:0xB8;0x05:0xC8;0x05:0xD1;0x05:0xD4;0x09:0x64;0x09:0x6A;0x09:0x6B;0x09:0x6C;0x09:0x80;0x09:0x81;0x0A:0x60;0x0A:0x61;0x0A:0x62;0x0A:0x63;0x0A:0x64;0x0A:0x65;0x0A:0x66;0x0A:0x67;0x0A:0x68;0x0A:0x69;0x0A:0x6A;0x0A:0x6B;0x0A:0x6C;0x0A:0x6D;0x0A:0x6E;0x0A:0x6F;0x0A:0x70;0x0A:0x71;0x0A:0x72;0x0A:0x74
667,96,MODE1_0096_FHD_COMMON_BANK_SELECT,NACK_DURING_WRITE,73,72,ABORTING->UNRESOLVED_REGISTER_GATE->FATAL_RECOVERY_FAILURE,FATAL_RECOVERY_FAILURE,UNRESOLVED_COMMITTED_REGISTERS=0x00:0x00;0x00:0x0C;0x00:0x10;0x00:0x14;0x00:0x18;0x00:0x21;0x00:0x22;0x00:0x30;0x00:0x34;0x00:0x3C;0x00:0x44;0x00:0x48;0x00:0x4C;0x00:0x50;0x00:0x64;0x00:0x93;0x00:0xA4;0x01:0xED;0x05:0x00;0x05:0x01;0x05:0x05;0x05:0x08;0x05:0x0E;0x05:0x11;0x05:0x1B;0x05:0x20;0x05:0x23;0x05:0x26;0x05:0x27;0x05:0x29;0x05:0x2A;0x05:0x2B;0x05:0x57;0x05:0x58;0x05:0x59;0x05:0x5B;0x05:0x5F;0x05:0x69;0x05:0x6E;0x05:0x6F;0x05:0x76;0x05:0x90;0x05:0xB8;0x05:0xC8;0x05:0xD1;0x05:0xD4;0x09:0x64;0x09:0x6A;0x09:0x6B;0x09:0x6C;0x09:0x80;0x09:0x81;0x0A:0x60;0x0A:0x61;0x0A:0x62;0x0A:0x63;0x0A:0x64;0x0A:0x65;0x0A:0x66;0x0A:0x67;0x0A:0x68;0x0A:0x69;0x0A:0x6A;0x0A:0x6B;0x0A:0x6C;0x0A:0x6D;0x0A:0x6E;0x0A:0x6F;0x0A:0x70;0x0A:0x71;0x0A:0x72;0x0A:0x74
668,96,MODE1_0096_FHD_COMMON_BANK_SELECT,TIMEOUT_DURING_WRITE,73,72,ABORTING->UNRESOLVED_REGISTER_GATE->FATAL_RECOVERY_FAILURE,FATAL_RECOVERY_FAILURE,UNRESOLVED_COMMITTED_REGISTERS=0x00:0x00;0x00:0x0C;0x00:0x10;0x00:0x14;0x00:0x18;0x00:0x21;0x00:0x22;0x00:0x30;0x00:0x34;0x00:0x3C;0x00:0x44;0x00:0x48;0x00:0x4C;0x00:0x50;0x00:0x64;0x00:0x93;0x00:0xA4;0x01:0xED;0x05:0x00;0x05:0x01;0x05:0x05;0x05:0x08;0x05:0x0E;0x05:0x11;0x05:0x1B;0x05:0x20;0x05:0x23;0x05:0x26;0x05:0x27;0x05:0x29;0x05:0x2A;0x05:0x2B;0x05:0x57;0x05:0x58;0x05:0x59;0x05:0x5B;0x05:0x5F;0x05:0x69;0x05:0x6E;0x05:0x6F;0x05:0x76;0x05:0x90;0x05:0xB8;0x05:0xC8;0x05:0xD1;0x05:0xD4;0x09:0x64;0x09:0x6A;0x09:0x6B;0x09:0x6C;0x09:0x80;0x09:0x81;0x0A:0x60;0x0A:0x61;0x0A:0x62;0x0A:0x63;0x0A:0x64;0x0A:0x65;0x0A:0x66;0x0A:0x67;0x0A:0x68;0x0A:0x69;0x0A:0x6A;0x0A:0x6B;0x0A:0x6C;0x0A:0x6D;0x0A:0x6E;0x0A:0x6F;0x0A:0x70;0x0A:0x71;0x0A:0x72;0x0A:0x74
669,96,MODE1_0096_FHD_COMMON_BANK_SELECT,READBACK_MISMATCH,73,72,ABORTING->UNRESOLVED_REGISTER_GATE->FATAL_RECOVERY_FAILURE,FATAL_RECOVERY_FAILURE,UNRESOLVED_COMMITTED_REGISTERS=0x00:0x00;0x00:0x0C;0x00:0x10;0x00:0x14;0x00:0x18;0x00:0x21;0x00:0x22;0x00:0x30;0x00:0x34;0x00:0x3C;0x00:0x44;0x00:0x48;0x00:0x4C;0x00:0x50;0x00:0x64;0x00:0x93;0x00:0xA4;0x01:0xED;0x05:0x00;0x05:0x01;0x05:0x05;0x05:0x08;0x05:0x0E;0x05:0x11;0x05:0x1B;0x05:0x20;0x05:0x23;0x05:0x26;0x05:0x27;0x05:0x29;0x05:0x2A;0x05:0x2B;0x05:0x57;0x05:0x58;0x05:0x59;0x05:0x5B;0x05:0x5F;0x05:0x69;0x05:0x6E;0x05:0x6F;0x05:0x76;0x05:0x90;0x05:0xB8;0x05:0xC8;0x05:0xD1;0x05:0xD4;0x09:0x64;0x09:0x6A;0x09:0x6B;0x09:0x6C;0x09:0x80;0x09:0x81;0x0A:0x60;0x0A:0x61;0x0A:0x62;0x0A:0x63;0x0A:0x64;0x0A:0x65;0x0A:0x66;0x0A:0x67;0x0A:0x68;0x0A:0x69;0x0A:0x6A;0x0A:0x6B;0x0A:0x6C;0x0A:0x6D;0x0A:0x6E;0x0A:0x6F;0x0A:0x70;0x0A:0x71;0x0A:0x72;0x0A:0x74
670,96,MODE1_0096_FHD_COMMON_BANK_SELECT,RESET_BETWEEN_OPERATIONS,73,72,ABORTING->PRODUCT_RECONSTRUCTION_GAP->FATAL_RECOVERY_FAILURE,FATAL_RECOVERY_FAILURE,CALLABLE_RESET_AUTOINIT_OR_PERSISTENT_RECOVERY_CONTEXT_NOT_PROVEN
671,96,MODE1_0096_FHD_COMMON_BANK_SELECT,HOST_ABORT,73,72,ABORTING->UNRESOLVED_REGISTER_GATE->FATAL_RECOVERY_FAILURE,FATAL_RECOVERY_FAILURE,UNRESOLVED_COMMITTED_REGISTERS=0x00:0x00;0x00:0x0C;0x00:0x10;0x00:0x14;0x00:0x18;0x00:0x21;0x00:0x22;0x00:0x30;0x00:0x34;0x00:0x3C;0x00:0x44;0x00:0x48;0x00:0x4C;0x00:0x50;0x00:0x64;0x00:0x93;0x00:0xA4;0x01:0xED;0x05:0x00;0x05:0x01;0x05:0x05;0x05:0x08;0x05:0x0E;0x05:0x11;0x05:0x1B;0x05:0x20;0x05:0x23;0x05:0x26;0x05:0x27;0x05:0x29;0x05:0x2A;0x05:0x2B;0x05:0x57;0x05:0x58;0x05:0x59;0x05:0x5B;0x05:0x5F;0x05:0x69;0x05:0x6E;0x05:0x6F;0x05:0x76;0x05:0x90;0x05:0xB8;0x05:0xC8;0x05:0xD1;0x05:0xD4;0x09:0x64;0x09:0x6A;0x09:0x6B;0x09:0x6C;0x09:0x80;0x09:0x81;0x0A:0x60;0x0A:0x61;0x0A:0x62;0x0A:0x63;0x0A:0x64;0x0A:0x65;0x0A:0x66;0x0A:0x67;0x0A:0x68;0x0A:0x69;0x0A:0x6A;0x0A:0x6B;0x0A:0x6C;0x0A:0x6D;0x0A:0x6E;0x0A:0x6F;0x0A:0x70;0x0A:0x71;0x0A:0x72;0x0A:0x74
672,96,MODE1_0096_FHD_COMMON_BANK_SELECT,MMIO_RESET,73,72,ABORTING->PRODUCT_RECONSTRUCTION_GAP->FATAL_RECOVERY_FAILURE,FATAL_RECOVERY_FAILURE,CALLABLE_RESET_AUTOINIT_OR_PERSISTENT_RECOVERY_CONTEXT_NOT_PROVEN
673,97,MODE1_0097_FHD_COMMON_WRITE,FAILURE_BEFORE_WRITE,73,72,ABORTING->UNRESOLVED_REGISTER_GATE->FATAL_RECOVERY_FAILURE,FATAL_RECOVERY_FAILURE,UNRESOLVED_COMMITTED_REGISTERS=0x00:0x00;0x00:0x0C;0x00:0x10;0x00:0x14;0x00:0x18;0x00:0x21;0x00:0x22;0x00:0x30;0x00:0x34;0x00:0x3C;0x00:0x44;0x00:0x48;0x00:0x4C;0x00:0x50;0x00:0x64;0x00:0x93;0x00:0xA4;0x01:0xED;0x05:0x00;0x05:0x01;0x05:0x05;0x05:0x08;0x05:0x0E;0x05:0x11;0x05:0x1B;0x05:0x20;0x05:0x23;0x05:0x26;0x05:0x27;0x05:0x29;0x05:0x2A;0x05:0x2B;0x05:0x57;0x05:0x58;0x05:0x59;0x05:0x5B;0x05:0x5F;0x05:0x69;0x05:0x6E;0x05:0x6F;0x05:0x76;0x05:0x90;0x05:0xB8;0x05:0xC8;0x05:0xD1;0x05:0xD4;0x09:0x64;0x09:0x6A;0x09:0x6B;0x09:0x6C;0x09:0x80;0x09:0x81;0x0A:0x60;0x0A:0x61;0x0A:0x62;0x0A:0x63;0x0A:0x64;0x0A:0x65;0x0A:0x66;0x0A:0x67;0x0A:0x68;0x0A:0x69;0x0A:0x6A;0x0A:0x6B;0x0A:0x6C;0x0A:0x6D;0x0A:0x6E;0x0A:0x6F;0x0A:0x70;0x0A:0x71;0x0A:0x72;0x0A:0x74
674,97,MODE1_0097_FHD_COMMON_WRITE,NACK_DURING_WRITE,74,73,ABORTING->UNRESOLVED_REGISTER_GATE->FATAL_RECOVERY_FAILURE,FATAL_RECOVERY_FAILURE,UNRESOLVED_COMMITTED_REGISTERS=0x00:0x00;0x00:0x0C;0x00:0x10;0x00:0x14;0x00:0x18;0x00:0x21;0x00:0x22;0x00:0x30;0x00:0x34;0x00:0x3C;0x00:0x44;0x00:0x48;0x00:0x4C;0x00:0x50;0x00:0x64;0x00:0x93;0x00:0xA4;0x01:0xED;0x02:0x02;0x05:0x00;0x05:0x01;0x05:0x05;0x05:0x08;0x05:0x0E;0x05:0x11;0x05:0x1B;0x05:0x20;0x05:0x23;0x05:0x26;0x05:0x27;0x05:0x29;0x05:0x2A;0x05:0x2B;0x05:0x57;0x05:0x58;0x05:0x59;0x05:0x5B;0x05:0x5F;0x05:0x69;0x05:0x6E;0x05:0x6F;0x05:0x76;0x05:0x90;0x05:0xB8;0x05:0xC8;0x05:0xD1;0x05:0xD4;0x09:0x64;0x09:0x6A;0x09:0x6B;0x09:0x6C;0x09:0x80;0x09:0x81;0x0A:0x60;0x0A:0x61;0x0A:0x62;0x0A:0x63;0x0A:0x64;0x0A:0x65;0x0A:0x66;0x0A:0x67;0x0A:0x68;0x0A:0x69;0x0A:0x6A;0x0A:0x6B;0x0A:0x6C;0x0A:0x6D;0x0A:0x6E;0x0A:0x6F;0x0A:0x70;0x0A:0x71;0x0A:0x72;0x0A:0x74
675,97,MODE1_0097_FHD_COMMON_WRITE,TIMEOUT_DURING_WRITE,74,73,ABORTING->UNRESOLVED_REGISTER_GATE->FATAL_RECOVERY_FAILURE,FATAL_RECOVERY_FAILURE,UNRESOLVED_COMMITTED_REGISTERS=0x00:0x00;0x00:0x0C;0x00:0x10;0x00:0x14;0x00:0x18;0x00:0x21;0x00:0x22;0x00:0x30;0x00:0x34;0x00:0x3C;0x00:0x44;0x00:0x48;0x00:0x4C;0x00:0x50;0x00:0x64;0x00:0x93;0x00:0xA4;0x01:0xED;0x02:0x02;0x05:0x00;0x05:0x01;0x05:0x05;0x05:0x08;0x05:0x0E;0x05:0x11;0x05:0x1B;0x05:0x20;0x05:0x23;0x05:0x26;0x05:0x27;0x05:0x29;0x05:0x2A;0x05:0x2B;0x05:0x57;0x05:0x58;0x05:0x59;0x05:0x5B;0x05:0x5F;0x05:0x69;0x05:0x6E;0x05:0x6F;0x05:0x76;0x05:0x90;0x05:0xB8;0x05:0xC8;0x05:0xD1;0x05:0xD4;0x09:0x64;0x09:0x6A;0x09:0x6B;0x09:0x6C;0x09:0x80;0x09:0x81;0x0A:0x60;0x0A:0x61;0x0A:0x62;0x0A:0x63;0x0A:0x64;0x0A:0x65;0x0A:0x66;0x0A:0x67;0x0A:0x68;0x0A:0x69;0x0A:0x6A;0x0A:0x6B;0x0A:0x6C;0x0A:0x6D;0x0A:0x6E;0x0A:0x6F;0x0A:0x70;0x0A:0x71;0x0A:0x72;0x0A:0x74
676,97,MODE1_0097_FHD_COMMON_WRITE,READBACK_MISMATCH,74,73,ABORTING->UNRESOLVED_REGISTER_GATE->FATAL_RECOVERY_FAILURE,FATAL_RECOVERY_FAILURE,UNRESOLVED_COMMITTED_REGISTERS=0x00:0x00;0x00:0x0C;0x00:0x10;0x00:0x14;0x00:0x18;0x00:0x21;0x00:0x22;0x00:0x30;0x00:0x34;0x00:0x3C;0x00:0x44;0x00:0x48;0x00:0x4C;0x00:0x50;0x00:0x64;0x00:0x93;0x00:0xA4;0x01:0xED;0x02:0x02;0x05:0x00;0x05:0x01;0x05:0x05;0x05:0x08;0x05:0x0E;0x05:0x11;0x05:0x1B;0x05:0x20;0x05:0x23;0x05:0x26;0x05:0x27;0x05:0x29;0x05:0x2A;0x05:0x2B;0x05:0x57;0x05:0x58;0x05:0x59;0x05:0x5B;0x05:0x5F;0x05:0x69;0x05:0x6E;0x05:0x6F;0x05:0x76;0x05:0x90;0x05:0xB8;0x05:0xC8;0x05:0xD1;0x05:0xD4;0x09:0x64;0x09:0x6A;0x09:0x6B;0x09:0x6C;0x09:0x80;0x09:0x81;0x0A:0x60;0x0A:0x61;0x0A:0x62;0x0A:0x63;0x0A:0x64;0x0A:0x65;0x0A:0x66;0x0A:0x67;0x0A:0x68;0x0A:0x69;0x0A:0x6A;0x0A:0x6B;0x0A:0x6C;0x0A:0x6D;0x0A:0x6E;0x0A:0x6F;0x0A:0x70;0x0A:0x71;0x0A:0x72;0x0A:0x74
677,97,MODE1_0097_FHD_COMMON_WRITE,RESET_BETWEEN_OPERATIONS,74,73,ABORTING->PRODUCT_RECONSTRUCTION_GAP->FATAL_RECOVERY_FAILURE,FATAL_RECOVERY_FAILURE,CALLABLE_RESET_AUTOINIT_OR_PERSISTENT_RECOVERY_CONTEXT_NOT_PROVEN
678,97,MODE1_0097_FHD_COMMON_WRITE,HOST_ABORT,74,73,ABORTING->UNRESOLVED_REGISTER_GATE->FATAL_RECOVERY_FAILURE,FATAL_RECOVERY_FAILURE,UNRESOLVED_COMMITTED_REGISTERS=0x00:0x00;0x00:0x0C;0x00:0x10;0x00:0x14;0x00:0x18;0x00:0x21;0x00:0x22;0x00:0x30;0x00:0x34;0x00:0x3C;0x00:0x44;0x00:0x48;0x00:0x4C;0x00:0x50;0x00:0x64;0x00:0x93;0x00:0xA4;0x01:0xED;0x02:0x02;0x05:0x00;0x05:0x01;0x05:0x05;0x05:0x08;0x05:0x0E;0x05:0x11;0x05:0x1B;0x05:0x20;0x05:0x23;0x05:0x26;0x05:0x27;0x05:0x29;0x05:0x2A;0x05:0x2B;0x05:0x57;0x05:0x58;0x05:0x59;0x05:0x5B;0x05:0x5F;0x05:0x69;0x05:0x6E;0x05:0x6F;0x05:0x76;0x05:0x90;0x05:0xB8;0x05:0xC8;0x05:0xD1;0x05:0xD4;0x09:0x64;0x09:0x6A;0x09:0x6B;0x09:0x6C;0x09:0x80;0x09:0x81;0x0A:0x60;0x0A:0x61;0x0A:0x62;0x0A:0x63;0x0A:0x64;0x0A:0x65;0x0A:0x66;0x0A:0x67;0x0A:0x68;0x0A:0x69;0x0A:0x6A;0x0A:0x6B;0x0A:0x6C;0x0A:0x6D;0x0A:0x6E;0x0A:0x6F;0x0A:0x70;0x0A:0x71;0x0A:0x72;0x0A:0x74
679,97,MODE1_0097_FHD_COMMON_WRITE,MMIO_RESET,74,73,ABORTING->PRODUCT_RECONSTRUCTION_GAP->FATAL_RECOVERY_FAILURE,FATAL_RECOVERY_FAILURE,CALLABLE_RESET_AUTOINIT_OR_PERSISTENT_RECOVERY_CONTEXT_NOT_PROVEN
680,98,MODE1_0098_FHD_COMMON_WRITE,FAILURE_BEFORE_WRITE,74,73,ABORTING->UNRESOLVED_REGISTER_GATE->FATAL_RECOVERY_FAILURE,FATAL_RECOVERY_FAILURE,UNRESOLVED_COMMITTED_REGISTERS=0x00:0x00;0x00:0x0C;0x00:0x10;0x00:0x14;0x00:0x18;0x00:0x21;0x00:0x22;0x00:0x30;0x00:0x34;0x00:0x3C;0x00:0x44;0x00:0x48;0x00:0x4C;0x00:0x50;0x00:0x64;0x00:0x93;0x00:0xA4;0x01:0xED;0x02:0x02;0x05:0x00;0x05:0x01;0x05:0x05;0x05:0x08;0x05:0x0E;0x05:0x11;0x05:0x1B;0x05:0x20;0x05:0x23;0x05:0x26;0x05:0x27;0x05:0x29;0x05:0x2A;0x05:0x2B;0x05:0x57;0x05:0x58;0x05:0x59;0x05:0x5B;0x05:0x5F;0x05:0x69;0x05:0x6E;0x05:0x6F;0x05:0x76;0x05:0x90;0x05:0xB8;0x05:0xC8;0x05:0xD1;0x05:0xD4;0x09:0x64;0x09:0x6A;0x09:0x6B;0x09:0x6C;0x09:0x80;0x09:0x81;0x0A:0x60;0x0A:0x61;0x0A:0x62;0x0A:0x63;0x0A:0x64;0x0A:0x65;0x0A:0x66;0x0A:0x67;0x0A:0x68;0x0A:0x69;0x0A:0x6A;0x0A:0x6B;0x0A:0x6C;0x0A:0x6D;0x0A:0x6E;0x0A:0x6F;0x0A:0x70;0x0A:0x71;0x0A:0x72;0x0A:0x74
681,98,MODE1_0098_FHD_COMMON_WRITE,NACK_DURING_WRITE,75,74,ABORTING->UNRESOLVED_REGISTER_GATE->FATAL_RECOVERY_FAILURE,FATAL_RECOVERY_FAILURE,UNRESOLVED_COMMITTED_REGISTERS=0x00:0x00;0x00:0x0C;0x00:0x10;0x00:0x14;0x00:0x18;0x00:0x21;0x00:0x22;0x00:0x30;0x00:0x34;0x00:0x3C;0x00:0x44;0x00:0x48;0x00:0x4C;0x00:0x50;0x00:0x64;0x00:0x93;0x00:0xA4;0x01:0xED;0x02:0x02;0x02:0x28;0x05:0x00;0x05:0x01;0x05:0x05;0x05:0x08;0x05:0x0E;0x05:0x11;0x05:0x1B;0x05:0x20;0x05:0x23;0x05:0x26;0x05:0x27;0x05:0x29;0x05:0x2A;0x05:0x2B;0x05:0x57;0x05:0x58;0x05:0x59;0x05:0x5B;0x05:0x5F;0x05:0x69;0x05:0x6E;0x05:0x6F;0x05:0x76;0x05:0x90;0x05:0xB8;0x05:0xC8;0x05:0xD1;0x05:0xD4;0x09:0x64;0x09:0x6A;0x09:0x6B;0x09:0x6C;0x09:0x80;0x09:0x81;0x0A:0x60;0x0A:0x61;0x0A:0x62;0x0A:0x63;0x0A:0x64;0x0A:0x65;0x0A:0x66;0x0A:0x67;0x0A:0x68;0x0A:0x69;0x0A:0x6A;0x0A:0x6B;0x0A:0x6C;0x0A:0x6D;0x0A:0x6E;0x0A:0x6F;0x0A:0x70;0x0A:0x71;0x0A:0x72;0x0A:0x74
682,98,MODE1_0098_FHD_COMMON_WRITE,TIMEOUT_DURING_WRITE,75,74,ABORTING->UNRESOLVED_REGISTER_GATE->FATAL_RECOVERY_FAILURE,FATAL_RECOVERY_FAILURE,UNRESOLVED_COMMITTED_REGISTERS=0x00:0x00;0x00:0x0C;0x00:0x10;0x00:0x14;0x00:0x18;0x00:0x21;0x00:0x22;0x00:0x30;0x00:0x34;0x00:0x3C;0x00:0x44;0x00:0x48;0x00:0x4C;0x00:0x50;0x00:0x64;0x00:0x93;0x00:0xA4;0x01:0xED;0x02:0x02;0x02:0x28;0x05:0x00;0x05:0x01;0x05:0x05;0x05:0x08;0x05:0x0E;0x05:0x11;0x05:0x1B;0x05:0x20;0x05:0x23;0x05:0x26;0x05:0x27;0x05:0x29;0x05:0x2A;0x05:0x2B;0x05:0x57;0x05:0x58;0x05:0x59;0x05:0x5B;0x05:0x5F;0x05:0x69;0x05:0x6E;0x05:0x6F;0x05:0x76;0x05:0x90;0x05:0xB8;0x05:0xC8;0x05:0xD1;0x05:0xD4;0x09:0x64;0x09:0x6A;0x09:0x6B;0x09:0x6C;0x09:0x80;0x09:0x81;0x0A:0x60;0x0A:0x61;0x0A:0x62;0x0A:0x63;0x0A:0x64;0x0A:0x65;0x0A:0x66;0x0A:0x67;0x0A:0x68;0x0A:0x69;0x0A:0x6A;0x0A:0x6B;0x0A:0x6C;0x0A:0x6D;0x0A:0x6E;0x0A:0x6F;0x0A:0x70;0x0A:0x71;0x0A:0x72;0x0A:0x74
683,98,MODE1_0098_FHD_COMMON_WRITE,READBACK_MISMATCH,75,74,ABORTING->UNRESOLVED_REGISTER_GATE->FATAL_RECOVERY_FAILURE,FATAL_RECOVERY_FAILURE,UNRESOLVED_COMMITTED_REGISTERS=0x00:0x00;0x00:0x0C;0x00:0x10;0x00:0x14;0x00:0x18;0x00:0x21;0x00:0x22;0x00:0x30;0x00:0x34;0x00:0x3C;0x00:0x44;0x00:0x48;0x00:0x4C;0x00:0x50;0x00:0x64;0x00:0x93;0x00:0xA4;0x01:0xED;0x02:0x02;0x02:0x28;0x05:0x00;0x05:0x01;0x05:0x05;0x05:0x08;0x05:0x0E;0x05:0x11;0x05:0x1B;0x05:0x20;0x05:0x23;0x05:0x26;0x05:0x27;0x05:0x29;0x05:0x2A;0x05:0x2B;0x05:0x57;0x05:0x58;0x05:0x59;0x05:0x5B;0x05:0x5F;0x05:0x69;0x05:0x6E;0x05:0x6F;0x05:0x76;0x05:0x90;0x05:0xB8;0x05:0xC8;0x05:0xD1;0x05:0xD4;0x09:0x64;0x09:0x6A;0x09:0x6B;0x09:0x6C;0x09:0x80;0x09:0x81;0x0A:0x60;0x0A:0x61;0x0A:0x62;0x0A:0x63;0x0A:0x64;0x0A:0x65;0x0A:0x66;0x0A:0x67;0x0A:0x68;0x0A:0x69;0x0A:0x6A;0x0A:0x6B;0x0A:0x6C;0x0A:0x6D;0x0A:0x6E;0x0A:0x6F;0x0A:0x70;0x0A:0x71;0x0A:0x72;0x0A:0x74
684,98,MODE1_0098_FHD_COMMON_WRITE,RESET_BETWEEN_OPERATIONS,75,74,ABORTING->PRODUCT_RECONSTRUCTION_GAP->FATAL_RECOVERY_FAILURE,FATAL_RECOVERY_FAILURE,CALLABLE_RESET_AUTOINIT_OR_PERSISTENT_RECOVERY_CONTEXT_NOT_PROVEN
685,98,MODE1_0098_FHD_COMMON_WRITE,HOST_ABORT,75,74,ABORTING->UNRESOLVED_REGISTER_GATE->FATAL_RECOVERY_FAILURE,FATAL_RECOVERY_FAILURE,UNRESOLVED_COMMITTED_REGISTERS=0x00:0x00;0x00:0x0C;0x00:0x10;0x00:0x14;0x00:0x18;0x00:0x21;0x00:0x22;0x00:0x30;0x00:0x34;0x00:0x3C;0x00:0x44;0x00:0x48;0x00:0x4C;0x00:0x50;0x00:0x64;0x00:0x93;0x00:0xA4;0x01:0xED;0x02:0x02;0x02:0x28;0x05:0x00;0x05:0x01;0x05:0x05;0x05:0x08;0x05:0x0E;0x05:0x11;0x05:0x1B;0x05:0x20;0x05:0x23;0x05:0x26;0x05:0x27;0x05:0x29;0x05:0x2A;0x05:0x2B;0x05:0x57;0x05:0x58;0x05:0x59;0x05:0x5B;0x05:0x5F;0x05:0x69;0x05:0x6E;0x05:0x6F;0x05:0x76;0x05:0x90;0x05:0xB8;0x05:0xC8;0x05:0xD1;0x05:0xD4;0x09:0x64;0x09:0x6A;0x09:0x6B;0x09:0x6C;0x09:0x80;0x09:0x81;0x0A:0x60;0x0A:0x61;0x0A:0x62;0x0A:0x63;0x0A:0x64;0x0A:0x65;0x0A:0x66;0x0A:0x67;0x0A:0x68;0x0A:0x69;0x0A:0x6A;0x0A:0x6B;0x0A:0x6C;0x0A:0x6D;0x0A:0x6E;0x0A:0x6F;0x0A:0x70;0x0A:0x71;0x0A:0x72;0x0A:0x74
686,98,MODE1_0098_FHD_COMMON_WRITE,MMIO_RESET,75,74,ABORTING->PRODUCT_RECONSTRUCTION_GAP->FATAL_RECOVERY_FAILURE,FATAL_RECOVERY_FAILURE,CALLABLE_RESET_AUTOINIT_OR_PERSISTENT_RECOVERY_CONTEXT_NOT_PROVEN
687,99,MODE1_0099_FHD_COMMON_WRITE,FAILURE_BEFORE_WRITE,75,74,ABORTING->UNRESOLVED_REGISTER_GATE->FATAL_RECOVERY_FAILURE,FATAL_RECOVERY_FAILURE,UNRESOLVED_COMMITTED_REGISTERS=0x00:0x00;0x00:0x0C;0x00:0x10;0x00:0x14;0x00:0x18;0x00:0x21;0x00:0x22;0x00:0x30;0x00:0x34;0x00:0x3C;0x00:0x44;0x00:0x48;0x00:0x4C;0x00:0x50;0x00:0x64;0x00:0x93;0x00:0xA4;0x01:0xED;0x02:0x02;0x02:0x28;0x05:0x00;0x05:0x01;0x05:0x05;0x05:0x08;0x05:0x0E;0x05:0x11;0x05:0x1B;0x05:0x20;0x05:0x23;0x05:0x26;0x05:0x27;0x05:0x29;0x05:0x2A;0x05:0x2B;0x05:0x57;0x05:0x58;0x05:0x59;0x05:0x5B;0x05:0x5F;0x05:0x69;0x05:0x6E;0x05:0x6F;0x05:0x76;0x05:0x90;0x05:0xB8;0x05:0xC8;0x05:0xD1;0x05:0xD4;0x09:0x64;0x09:0x6A;0x09:0x6B;0x09:0x6C;0x09:0x80;0x09:0x81;0x0A:0x60;0x0A:0x61;0x0A:0x62;0x0A:0x63;0x0A:0x64;0x0A:0x65;0x0A:0x66;0x0A:0x67;0x0A:0x68;0x0A:0x69;0x0A:0x6A;0x0A:0x6B;0x0A:0x6C;0x0A:0x6D;0x0A:0x6E;0x0A:0x6F;0x0A:0x70;0x0A:0x71;0x0A:0x72;0x0A:0x74
688,99,MODE1_0099_FHD_COMMON_WRITE,NACK_DURING_WRITE,76,75,ABORTING->UNRESOLVED_REGISTER_GATE->FATAL_RECOVERY_FAILURE,FATAL_RECOVERY_FAILURE,UNRESOLVED_COMMITTED_REGISTERS=0x00:0x00;0x00:0x0C;0x00:0x10;0x00:0x14;0x00:0x18;0x00:0x21;0x00:0x22;0x00:0x30;0x00:0x34;0x00:0x3C;0x00:0x44;0x00:0x48;0x00:0x4C;0x00:0x50;0x00:0x64;0x00:0x93;0x00:0xA4;0x01:0xED;0x02:0x02;0x02:0x28;0x02:0x29;0x05:0x00;0x05:0x01;0x05:0x05;0x05:0x08;0x05:0x0E;0x05:0x11;0x05:0x1B;0x05:0x20;0x05:0x23;0x05:0x26;0x05:0x27;0x05:0x29;0x05:0x2A;0x05:0x2B;0x05:0x57;0x05:0x58;0x05:0x59;0x05:0x5B;0x05:0x5F;0x05:0x69;0x05:0x6E;0x05:0x6F;0x05:0x76;0x05:0x90;0x05:0xB8;0x05:0xC8;0x05:0xD1;0x05:0xD4;0x09:0x64;0x09:0x6A;0x09:0x6B;0x09:0x6C;0x09:0x80;0x09:0x81;0x0A:0x60;0x0A:0x61;0x0A:0x62;0x0A:0x63;0x0A:0x64;0x0A:0x65;0x0A:0x66;0x0A:0x67;0x0A:0x68;0x0A:0x69;0x0A:0x6A;0x0A:0x6B;0x0A:0x6C;0x0A:0x6D;0x0A:0x6E;0x0A:0x6F;0x0A:0x70;0x0A:0x71;0x0A:0x72;0x0A:0x74
689,99,MODE1_0099_FHD_COMMON_WRITE,TIMEOUT_DURING_WRITE,76,75,ABORTING->UNRESOLVED_REGISTER_GATE->FATAL_RECOVERY_FAILURE,FATAL_RECOVERY_FAILURE,UNRESOLVED_COMMITTED_REGISTERS=0x00:0x00;0x00:0x0C;0x00:0x10;0x00:0x14;0x00:0x18;0x00:0x21;0x00:0x22;0x00:0x30;0x00:0x34;0x00:0x3C;0x00:0x44;0x00:0x48;0x00:0x4C;0x00:0x50;0x00:0x64;0x00:0x93;0x00:0xA4;0x01:0xED;0x02:0x02;0x02:0x28;0x02:0x29;0x05:0x00;0x05:0x01;0x05:0x05;0x05:0x08;0x05:0x0E;0x05:0x11;0x05:0x1B;0x05:0x20;0x05:0x23;0x05:0x26;0x05:0x27;0x05:0x29;0x05:0x2A;0x05:0x2B;0x05:0x57;0x05:0x58;0x05:0x59;0x05:0x5B;0x05:0x5F;0x05:0x69;0x05:0x6E;0x05:0x6F;0x05:0x76;0x05:0x90;0x05:0xB8;0x05:0xC8;0x05:0xD1;0x05:0xD4;0x09:0x64;0x09:0x6A;0x09:0x6B;0x09:0x6C;0x09:0x80;0x09:0x81;0x0A:0x60;0x0A:0x61;0x0A:0x62;0x0A:0x63;0x0A:0x64;0x0A:0x65;0x0A:0x66;0x0A:0x67;0x0A:0x68;0x0A:0x69;0x0A:0x6A;0x0A:0x6B;0x0A:0x6C;0x0A:0x6D;0x0A:0x6E;0x0A:0x6F;0x0A:0x70;0x0A:0x71;0x0A:0x72;0x0A:0x74
690,99,MODE1_0099_FHD_COMMON_WRITE,READBACK_MISMATCH,76,75,ABORTING->UNRESOLVED_REGISTER_GATE->FATAL_RECOVERY_FAILURE,FATAL_RECOVERY_FAILURE,UNRESOLVED_COMMITTED_REGISTERS=0x00:0x00;0x00:0x0C;0x00:0x10;0x00:0x14;0x00:0x18;0x00:0x21;0x00:0x22;0x00:0x30;0x00:0x34;0x00:0x3C;0x00:0x44;0x00:0x48;0x00:0x4C;0x00:0x50;0x00:0x64;0x00:0x93;0x00:0xA4;0x01:0xED;0x02:0x02;0x02:0x28;0x02:0x29;0x05:0x00;0x05:0x01;0x05:0x05;0x05:0x08;0x05:0x0E;0x05:0x11;0x05:0x1B;0x05:0x20;0x05:0x23;0x05:0x26;0x05:0x27;0x05:0x29;0x05:0x2A;0x05:0x2B;0x05:0x57;0x05:0x58;0x05:0x59;0x05:0x5B;0x05:0x5F;0x05:0x69;0x05:0x6E;0x05:0x6F;0x05:0x76;0x05:0x90;0x05:0xB8;0x05:0xC8;0x05:0xD1;0x05:0xD4;0x09:0x64;0x09:0x6A;0x09:0x6B;0x09:0x6C;0x09:0x80;0x09:0x81;0x0A:0x60;0x0A:0x61;0x0A:0x62;0x0A:0x63;0x0A:0x64;0x0A:0x65;0x0A:0x66;0x0A:0x67;0x0A:0x68;0x0A:0x69;0x0A:0x6A;0x0A:0x6B;0x0A:0x6C;0x0A:0x6D;0x0A:0x6E;0x0A:0x6F;0x0A:0x70;0x0A:0x71;0x0A:0x72;0x0A:0x74
691,99,MODE1_0099_FHD_COMMON_WRITE,RESET_BETWEEN_OPERATIONS,76,75,ABORTING->PRODUCT_RECONSTRUCTION_GAP->FATAL_RECOVERY_FAILURE,FATAL_RECOVERY_FAILURE,CALLABLE_RESET_AUTOINIT_OR_PERSISTENT_RECOVERY_CONTEXT_NOT_PROVEN
692,99,MODE1_0099_FHD_COMMON_WRITE,HOST_ABORT,76,75,ABORTING->UNRESOLVED_REGISTER_GATE->FATAL_RECOVERY_FAILURE,FATAL_RECOVERY_FAILURE,UNRESOLVED_COMMITTED_REGISTERS=0x00:0x00;0x00:0x0C;0x00:0x10;0x00:0x14;0x00:0x18;0x00:0x21;0x00:0x22;0x00:0x30;0x00:0x34;0x00:0x3C;0x00:0x44;0x00:0x48;0x00:0x4C;0x00:0x50;0x00:0x64;0x00:0x93;0x00:0xA4;0x01:0xED;0x02:0x02;0x02:0x28;0x02:0x29;0x05:0x00;0x05:0x01;0x05:0x05;0x05:0x08;0x05:0x0E;0x05:0x11;0x05:0x1B;0x05:0x20;0x05:0x23;0x05:0x26;0x05:0x27;0x05:0x29;0x05:0x2A;0x05:0x2B;0x05:0x57;0x05:0x58;0x05:0x59;0x05:0x5B;0x05:0x5F;0x05:0x69;0x05:0x6E;0x05:0x6F;0x05:0x76;0x05:0x90;0x05:0xB8;0x05:0xC8;0x05:0xD1;0x05:0xD4;0x09:0x64;0x09:0x6A;0x09:0x6B;0x09:0x6C;0x09:0x80;0x09:0x81;0x0A:0x60;0x0A:0x61;0x0A:0x62;0x0A:0x63;0x0A:0x64;0x0A:0x65;0x0A:0x66;0x0A:0x67;0x0A:0x68;0x0A:0x69;0x0A:0x6A;0x0A:0x6B;0x0A:0x6C;0x0A:0x6D;0x0A:0x6E;0x0A:0x6F;0x0A:0x70;0x0A:0x71;0x0A:0x72;0x0A:0x74
693,99,MODE1_0099_FHD_COMMON_WRITE,MMIO_RESET,76,75,ABORTING->PRODUCT_RECONSTRUCTION_GAP->FATAL_RECOVERY_FAILURE,FATAL_RECOVERY_FAILURE,CALLABLE_RESET_AUTOINIT_OR_PERSISTENT_RECOVERY_CONTEXT_NOT_PROVEN
694,100,MODE1_0100_FHD_COMMON_WRITE,FAILURE_BEFORE_WRITE,76,75,ABORTING->UNRESOLVED_REGISTER_GATE->FATAL_RECOVERY_FAILURE,FATAL_RECOVERY_FAILURE,UNRESOLVED_COMMITTED_REGISTERS=0x00:0x00;0x00:0x0C;0x00:0x10;0x00:0x14;0x00:0x18;0x00:0x21;0x00:0x22;0x00:0x30;0x00:0x34;0x00:0x3C;0x00:0x44;0x00:0x48;0x00:0x4C;0x00:0x50;0x00:0x64;0x00:0x93;0x00:0xA4;0x01:0xED;0x02:0x02;0x02:0x28;0x02:0x29;0x05:0x00;0x05:0x01;0x05:0x05;0x05:0x08;0x05:0x0E;0x05:0x11;0x05:0x1B;0x05:0x20;0x05:0x23;0x05:0x26;0x05:0x27;0x05:0x29;0x05:0x2A;0x05:0x2B;0x05:0x57;0x05:0x58;0x05:0x59;0x05:0x5B;0x05:0x5F;0x05:0x69;0x05:0x6E;0x05:0x6F;0x05:0x76;0x05:0x90;0x05:0xB8;0x05:0xC8;0x05:0xD1;0x05:0xD4;0x09:0x64;0x09:0x6A;0x09:0x6B;0x09:0x6C;0x09:0x80;0x09:0x81;0x0A:0x60;0x0A:0x61;0x0A:0x62;0x0A:0x63;0x0A:0x64;0x0A:0x65;0x0A:0x66;0x0A:0x67;0x0A:0x68;0x0A:0x69;0x0A:0x6A;0x0A:0x6B;0x0A:0x6C;0x0A:0x6D;0x0A:0x6E;0x0A:0x6F;0x0A:0x70;0x0A:0x71;0x0A:0x72;0x0A:0x74
695,100,MODE1_0100_FHD_COMMON_WRITE,NACK_DURING_WRITE,77,76,ABORTING->UNRESOLVED_REGISTER_GATE->FATAL_RECOVERY_FAILURE,FATAL_RECOVERY_FAILURE,UNRESOLVED_COMMITTED_REGISTERS=0x00:0x00;0x00:0x0C;0x00:0x10;0x00:0x14;0x00:0x18;0x00:0x21;0x00:0x22;0x00:0x30;0x00:0x34;0x00:0x3C;0x00:0x44;0x00:0x48;0x00:0x4C;0x00:0x50;0x00:0x64;0x00:0x93;0x00:0xA4;0x01:0xED;0x02:0x02;0x02:0x28;0x02:0x29;0x02:0x2A;0x05:0x00;0x05:0x01;0x05:0x05;0x05:0x08;0x05:0x0E;0x05:0x11;0x05:0x1B;0x05:0x20;0x05:0x23;0x05:0x26;0x05:0x27;0x05:0x29;0x05:0x2A;0x05:0x2B;0x05:0x57;0x05:0x58;0x05:0x59;0x05:0x5B;0x05:0x5F;0x05:0x69;0x05:0x6E;0x05:0x6F;0x05:0x76;0x05:0x90;0x05:0xB8;0x05:0xC8;0x05:0xD1;0x05:0xD4;0x09:0x64;0x09:0x6A;0x09:0x6B;0x09:0x6C;0x09:0x80;0x09:0x81;0x0A:0x60;0x0A:0x61;0x0A:0x62;0x0A:0x63;0x0A:0x64;0x0A:0x65;0x0A:0x66;0x0A:0x67;0x0A:0x68;0x0A:0x69;0x0A:0x6A;0x0A:0x6B;0x0A:0x6C;0x0A:0x6D;0x0A:0x6E;0x0A:0x6F;0x0A:0x70;0x0A:0x71;0x0A:0x72;0x0A:0x74
696,100,MODE1_0100_FHD_COMMON_WRITE,TIMEOUT_DURING_WRITE,77,76,ABORTING->UNRESOLVED_REGISTER_GATE->FATAL_RECOVERY_FAILURE,FATAL_RECOVERY_FAILURE,UNRESOLVED_COMMITTED_REGISTERS=0x00:0x00;0x00:0x0C;0x00:0x10;0x00:0x14;0x00:0x18;0x00:0x21;0x00:0x22;0x00:0x30;0x00:0x34;0x00:0x3C;0x00:0x44;0x00:0x48;0x00:0x4C;0x00:0x50;0x00:0x64;0x00:0x93;0x00:0xA4;0x01:0xED;0x02:0x02;0x02:0x28;0x02:0x29;0x02:0x2A;0x05:0x00;0x05:0x01;0x05:0x05;0x05:0x08;0x05:0x0E;0x05:0x11;0x05:0x1B;0x05:0x20;0x05:0x23;0x05:0x26;0x05:0x27;0x05:0x29;0x05:0x2A;0x05:0x2B;0x05:0x57;0x05:0x58;0x05:0x59;0x05:0x5B;0x05:0x5F;0x05:0x69;0x05:0x6E;0x05:0x6F;0x05:0x76;0x05:0x90;0x05:0xB8;0x05:0xC8;0x05:0xD1;0x05:0xD4;0x09:0x64;0x09:0x6A;0x09:0x6B;0x09:0x6C;0x09:0x80;0x09:0x81;0x0A:0x60;0x0A:0x61;0x0A:0x62;0x0A:0x63;0x0A:0x64;0x0A:0x65;0x0A:0x66;0x0A:0x67;0x0A:0x68;0x0A:0x69;0x0A:0x6A;0x0A:0x6B;0x0A:0x6C;0x0A:0x6D;0x0A:0x6E;0x0A:0x6F;0x0A:0x70;0x0A:0x71;0x0A:0x72;0x0A:0x74
697,100,MODE1_0100_FHD_COMMON_WRITE,READBACK_MISMATCH,77,76,ABORTING->UNRESOLVED_REGISTER_GATE->FATAL_RECOVERY_FAILURE,FATAL_RECOVERY_FAILURE,UNRESOLVED_COMMITTED_REGISTERS=0x00:0x00;0x00:0x0C;0x00:0x10;0x00:0x14;0x00:0x18;0x00:0x21;0x00:0x22;0x00:0x30;0x00:0x34;0x00:0x3C;0x00:0x44;0x00:0x48;0x00:0x4C;0x00:0x50;0x00:0x64;0x00:0x93;0x00:0xA4;0x01:0xED;0x02:0x02;0x02:0x28;0x02:0x29;0x02:0x2A;0x05:0x00;0x05:0x01;0x05:0x05;0x05:0x08;0x05:0x0E;0x05:0x11;0x05:0x1B;0x05:0x20;0x05:0x23;0x05:0x26;0x05:0x27;0x05:0x29;0x05:0x2A;0x05:0x2B;0x05:0x57;0x05:0x58;0x05:0x59;0x05:0x5B;0x05:0x5F;0x05:0x69;0x05:0x6E;0x05:0x6F;0x05:0x76;0x05:0x90;0x05:0xB8;0x05:0xC8;0x05:0xD1;0x05:0xD4;0x09:0x64;0x09:0x6A;0x09:0x6B;0x09:0x6C;0x09:0x80;0x09:0x81;0x0A:0x60;0x0A:0x61;0x0A:0x62;0x0A:0x63;0x0A:0x64;0x0A:0x65;0x0A:0x66;0x0A:0x67;0x0A:0x68;0x0A:0x69;0x0A:0x6A;0x0A:0x6B;0x0A:0x6C;0x0A:0x6D;0x0A:0x6E;0x0A:0x6F;0x0A:0x70;0x0A:0x71;0x0A:0x72;0x0A:0x74
698,100,MODE1_0100_FHD_COMMON_WRITE,RESET_BETWEEN_OPERATIONS,77,76,ABORTING->PRODUCT_RECONSTRUCTION_GAP->FATAL_RECOVERY_FAILURE,FATAL_RECOVERY_FAILURE,CALLABLE_RESET_AUTOINIT_OR_PERSISTENT_RECOVERY_CONTEXT_NOT_PROVEN
699,100,MODE1_0100_FHD_COMMON_WRITE,HOST_ABORT,77,76,ABORTING->UNRESOLVED_REGISTER_GATE->FATAL_RECOVERY_FAILURE,FATAL_RECOVERY_FAILURE,UNRESOLVED_COMMITTED_REGISTERS=0x00:0x00;0x00:0x0C;0x00:0x10;0x00:0x14;0x00:0x18;0x00:0x21;0x00:0x22;0x00:0x30;0x00:0x34;0x00:0x3C;0x00:0x44;0x00:0x48;0x00:0x4C;0x00:0x50;0x00:0x64;0x00:0x93;0x00:0xA4;0x01:0xED;0x02:0x02;0x02:0x28;0x02:0x29;0x02:0x2A;0x05:0x00;0x05:0x01;0x05:0x05;0x05:0x08;0x05:0x0E;0x05:0x11;0x05:0x1B;0x05:0x20;0x05:0x23;0x05:0x26;0x05:0x27;0x05:0x29;0x05:0x2A;0x05:0x2B;0x05:0x57;0x05:0x58;0x05:0x59;0x05:0x5B;0x05:0x5F;0x05:0x69;0x05:0x6E;0x05:0x6F;0x05:0x76;0x05:0x90;0x05:0xB8;0x05:0xC8;0x05:0xD1;0x05:0xD4;0x09:0x64;0x09:0x6A;0x09:0x6B;0x09:0x6C;0x09:0x80;0x09:0x81;0x0A:0x60;0x0A:0x61;0x0A:0x62;0x0A:0x63;0x0A:0x64;0x0A:0x65;0x0A:0x66;0x0A:0x67;0x0A:0x68;0x0A:0x69;0x0A:0x6A;0x0A:0x6B;0x0A:0x6C;0x0A:0x6D;0x0A:0x6E;0x0A:0x6F;0x0A:0x70;0x0A:0x71;0x0A:0x72;0x0A:0x74
700,100,MODE1_0100_FHD_COMMON_WRITE,MMIO_RESET,77,76,ABORTING->PRODUCT_RECONSTRUCTION_GAP->FATAL_RECOVERY_FAILURE,FATAL_RECOVERY_FAILURE,CALLABLE_RESET_AUTOINIT_OR_PERSISTENT_RECOVERY_CONTEXT_NOT_PROVEN
701,101,MODE1_0101_FHD_COMMON_WRITE,FAILURE_BEFORE_WRITE,77,76,ABORTING->UNRESOLVED_REGISTER_GATE->FATAL_RECOVERY_FAILURE,FATAL_RECOVERY_FAILURE,UNRESOLVED_COMMITTED_REGISTERS=0x00:0x00;0x00:0x0C;0x00:0x10;0x00:0x14;0x00:0x18;0x00:0x21;0x00:0x22;0x00:0x30;0x00:0x34;0x00:0x3C;0x00:0x44;0x00:0x48;0x00:0x4C;0x00:0x50;0x00:0x64;0x00:0x93;0x00:0xA4;0x01:0xED;0x02:0x02;0x02:0x28;0x02:0x29;0x02:0x2A;0x05:0x00;0x05:0x01;0x05:0x05;0x05:0x08;0x05:0x0E;0x05:0x11;0x05:0x1B;0x05:0x20;0x05:0x23;0x05:0x26;0x05:0x27;0x05:0x29;0x05:0x2A;0x05:0x2B;0x05:0x57;0x05:0x58;0x05:0x59;0x05:0x5B;0x05:0x5F;0x05:0x69;0x05:0x6E;0x05:0x6F;0x05:0x76;0x05:0x90;0x05:0xB8;0x05:0xC8;0x05:0xD1;0x05:0xD4;0x09:0x64;0x09:0x6A;0x09:0x6B;0x09:0x6C;0x09:0x80;0x09:0x81;0x0A:0x60;0x0A:0x61;0x0A:0x62;0x0A:0x63;0x0A:0x64;0x0A:0x65;0x0A:0x66;0x0A:0x67;0x0A:0x68;0x0A:0x69;0x0A:0x6A;0x0A:0x6B;0x0A:0x6C;0x0A:0x6D;0x0A:0x6E;0x0A:0x6F;0x0A:0x70;0x0A:0x71;0x0A:0x72;0x0A:0x74
702,101,MODE1_0101_FHD_COMMON_WRITE,NACK_DURING_WRITE,78,77,ABORTING->UNRESOLVED_REGISTER_GATE->FATAL_RECOVERY_FAILURE,FATAL_RECOVERY_FAILURE,UNRESOLVED_COMMITTED_REGISTERS=0x00:0x00;0x00:0x0C;0x00:0x10;0x00:0x14;0x00:0x18;0x00:0x21;0x00:0x22;0x00:0x30;0x00:0x34;0x00:0x3C;0x00:0x44;0x00:0x48;0x00:0x4C;0x00:0x50;0x00:0x64;0x00:0x93;0x00:0xA4;0x01:0xED;0x02:0x02;0x02:0x28;0x02:0x29;0x02:0x2A;0x02:0x2B;0x05:0x00;0x05:0x01;0x05:0x05;0x05:0x08;0x05:0x0E;0x05:0x11;0x05:0x1B;0x05:0x20;0x05:0x23;0x05:0x26;0x05:0x27;0x05:0x29;0x05:0x2A;0x05:0x2B;0x05:0x57;0x05:0x58;0x05:0x59;0x05:0x5B;0x05:0x5F;0x05:0x69;0x05:0x6E;0x05:0x6F;0x05:0x76;0x05:0x90;0x05:0xB8;0x05:0xC8;0x05:0xD1;0x05:0xD4;0x09:0x64;0x09:0x6A;0x09:0x6B;0x09:0x6C;0x09:0x80;0x09:0x81;0x0A:0x60;0x0A:0x61;0x0A:0x62;0x0A:0x63;0x0A:0x64;0x0A:0x65;0x0A:0x66;0x0A:0x67;0x0A:0x68;0x0A:0x69;0x0A:0x6A;0x0A:0x6B;0x0A:0x6C;0x0A:0x6D;0x0A:0x6E;0x0A:0x6F;0x0A:0x70;0x0A:0x71;0x0A:0x72;0x0A:0x74
703,101,MODE1_0101_FHD_COMMON_WRITE,TIMEOUT_DURING_WRITE,78,77,ABORTING->UNRESOLVED_REGISTER_GATE->FATAL_RECOVERY_FAILURE,FATAL_RECOVERY_FAILURE,UNRESOLVED_COMMITTED_REGISTERS=0x00:0x00;0x00:0x0C;0x00:0x10;0x00:0x14;0x00:0x18;0x00:0x21;0x00:0x22;0x00:0x30;0x00:0x34;0x00:0x3C;0x00:0x44;0x00:0x48;0x00:0x4C;0x00:0x50;0x00:0x64;0x00:0x93;0x00:0xA4;0x01:0xED;0x02:0x02;0x02:0x28;0x02:0x29;0x02:0x2A;0x02:0x2B;0x05:0x00;0x05:0x01;0x05:0x05;0x05:0x08;0x05:0x0E;0x05:0x11;0x05:0x1B;0x05:0x20;0x05:0x23;0x05:0x26;0x05:0x27;0x05:0x29;0x05:0x2A;0x05:0x2B;0x05:0x57;0x05:0x58;0x05:0x59;0x05:0x5B;0x05:0x5F;0x05:0x69;0x05:0x6E;0x05:0x6F;0x05:0x76;0x05:0x90;0x05:0xB8;0x05:0xC8;0x05:0xD1;0x05:0xD4;0x09:0x64;0x09:0x6A;0x09:0x6B;0x09:0x6C;0x09:0x80;0x09:0x81;0x0A:0x60;0x0A:0x61;0x0A:0x62;0x0A:0x63;0x0A:0x64;0x0A:0x65;0x0A:0x66;0x0A:0x67;0x0A:0x68;0x0A:0x69;0x0A:0x6A;0x0A:0x6B;0x0A:0x6C;0x0A:0x6D;0x0A:0x6E;0x0A:0x6F;0x0A:0x70;0x0A:0x71;0x0A:0x72;0x0A:0x74
704,101,MODE1_0101_FHD_COMMON_WRITE,READBACK_MISMATCH,78,77,ABORTING->UNRESOLVED_REGISTER_GATE->FATAL_RECOVERY_FAILURE,FATAL_RECOVERY_FAILURE,UNRESOLVED_COMMITTED_REGISTERS=0x00:0x00;0x00:0x0C;0x00:0x10;0x00:0x14;0x00:0x18;0x00:0x21;0x00:0x22;0x00:0x30;0x00:0x34;0x00:0x3C;0x00:0x44;0x00:0x48;0x00:0x4C;0x00:0x50;0x00:0x64;0x00:0x93;0x00:0xA4;0x01:0xED;0x02:0x02;0x02:0x28;0x02:0x29;0x02:0x2A;0x02:0x2B;0x05:0x00;0x05:0x01;0x05:0x05;0x05:0x08;0x05:0x0E;0x05:0x11;0x05:0x1B;0x05:0x20;0x05:0x23;0x05:0x26;0x05:0x27;0x05:0x29;0x05:0x2A;0x05:0x2B;0x05:0x57;0x05:0x58;0x05:0x59;0x05:0x5B;0x05:0x5F;0x05:0x69;0x05:0x6E;0x05:0x6F;0x05:0x76;0x05:0x90;0x05:0xB8;0x05:0xC8;0x05:0xD1;0x05:0xD4;0x09:0x64;0x09:0x6A;0x09:0x6B;0x09:0x6C;0x09:0x80;0x09:0x81;0x0A:0x60;0x0A:0x61;0x0A:0x62;0x0A:0x63;0x0A:0x64;0x0A:0x65;0x0A:0x66;0x0A:0x67;0x0A:0x68;0x0A:0x69;0x0A:0x6A;0x0A:0x6B;0x0A:0x6C;0x0A:0x6D;0x0A:0x6E;0x0A:0x6F;0x0A:0x70;0x0A:0x71;0x0A:0x72;0x0A:0x74
705,101,MODE1_0101_FHD_COMMON_WRITE,RESET_BETWEEN_OPERATIONS,78,77,ABORTING->PRODUCT_RECONSTRUCTION_GAP->FATAL_RECOVERY_FAILURE,FATAL_RECOVERY_FAILURE,CALLABLE_RESET_AUTOINIT_OR_PERSISTENT_RECOVERY_CONTEXT_NOT_PROVEN
706,101,MODE1_0101_FHD_COMMON_WRITE,HOST_ABORT,78,77,ABORTING->UNRESOLVED_REGISTER_GATE->FATAL_RECOVERY_FAILURE,FATAL_RECOVERY_FAILURE,UNRESOLVED_COMMITTED_REGISTERS=0x00:0x00;0x00:0x0C;0x00:0x10;0x00:0x14;0x00:0x18;0x00:0x21;0x00:0x22;0x00:0x30;0x00:0x34;0x00:0x3C;0x00:0x44;0x00:0x48;0x00:0x4C;0x00:0x50;0x00:0x64;0x00:0x93;0x00:0xA4;0x01:0xED;0x02:0x02;0x02:0x28;0x02:0x29;0x02:0x2A;0x02:0x2B;0x05:0x00;0x05:0x01;0x05:0x05;0x05:0x08;0x05:0x0E;0x05:0x11;0x05:0x1B;0x05:0x20;0x05:0x23;0x05:0x26;0x05:0x27;0x05:0x29;0x05:0x2A;0x05:0x2B;0x05:0x57;0x05:0x58;0x05:0x59;0x05:0x5B;0x05:0x5F;0x05:0x69;0x05:0x6E;0x05:0x6F;0x05:0x76;0x05:0x90;0x05:0xB8;0x05:0xC8;0x05:0xD1;0x05:0xD4;0x09:0x64;0x09:0x6A;0x09:0x6B;0x09:0x6C;0x09:0x80;0x09:0x81;0x0A:0x60;0x0A:0x61;0x0A:0x62;0x0A:0x63;0x0A:0x64;0x0A:0x65;0x0A:0x66;0x0A:0x67;0x0A:0x68;0x0A:0x69;0x0A:0x6A;0x0A:0x6B;0x0A:0x6C;0x0A:0x6D;0x0A:0x6E;0x0A:0x6F;0x0A:0x70;0x0A:0x71;0x0A:0x72;0x0A:0x74
707,101,MODE1_0101_FHD_COMMON_WRITE,MMIO_RESET,78,77,ABORTING->PRODUCT_RECONSTRUCTION_GAP->FATAL_RECOVERY_FAILURE,FATAL_RECOVERY_FAILURE,CALLABLE_RESET_AUTOINIT_OR_PERSISTENT_RECOVERY_CONTEXT_NOT_PROVEN
708,102,MODE1_0102_FHD_COMMON_WRITE,FAILURE_BEFORE_WRITE,78,77,ABORTING->UNRESOLVED_REGISTER_GATE->FATAL_RECOVERY_FAILURE,FATAL_RECOVERY_FAILURE,UNRESOLVED_COMMITTED_REGISTERS=0x00:0x00;0x00:0x0C;0x00:0x10;0x00:0x14;0x00:0x18;0x00:0x21;0x00:0x22;0x00:0x30;0x00:0x34;0x00:0x3C;0x00:0x44;0x00:0x48;0x00:0x4C;0x00:0x50;0x00:0x64;0x00:0x93;0x00:0xA4;0x01:0xED;0x02:0x02;0x02:0x28;0x02:0x29;0x02:0x2A;0x02:0x2B;0x05:0x00;0x05:0x01;0x05:0x05;0x05:0x08;0x05:0x0E;0x05:0x11;0x05:0x1B;0x05:0x20;0x05:0x23;0x05:0x26;0x05:0x27;0x05:0x29;0x05:0x2A;0x05:0x2B;0x05:0x57;0x05:0x58;0x05:0x59;0x05:0x5B;0x05:0x5F;0x05:0x69;0x05:0x6E;0x05:0x6F;0x05:0x76;0x05:0x90;0x05:0xB8;0x05:0xC8;0x05:0xD1;0x05:0xD4;0x09:0x64;0x09:0x6A;0x09:0x6B;0x09:0x6C;0x09:0x80;0x09:0x81;0x0A:0x60;0x0A:0x61;0x0A:0x62;0x0A:0x63;0x0A:0x64;0x0A:0x65;0x0A:0x66;0x0A:0x67;0x0A:0x68;0x0A:0x69;0x0A:0x6A;0x0A:0x6B;0x0A:0x6C;0x0A:0x6D;0x0A:0x6E;0x0A:0x6F;0x0A:0x70;0x0A:0x71;0x0A:0x72;0x0A:0x74
709,102,MODE1_0102_FHD_COMMON_WRITE,NACK_DURING_WRITE,79,78,ABORTING->UNRESOLVED_REGISTER_GATE->FATAL_RECOVERY_FAILURE,FATAL_RECOVERY_FAILURE,UNRESOLVED_COMMITTED_REGISTERS=0x00:0x00;0x00:0x0C;0x00:0x10;0x00:0x14;0x00:0x18;0x00:0x21;0x00:0x22;0x00:0x30;0x00:0x34;0x00:0x3C;0x00:0x44;0x00:0x48;0x00:0x4C;0x00:0x50;0x00:0x64;0x00:0x93;0x00:0xA4;0x01:0xED;0x02:0x02;0x02:0x28;0x02:0x29;0x02:0x2A;0x02:0x2B;0x02:0x2C;0x05:0x00;0x05:0x01;0x05:0x05;0x05:0x08;0x05:0x0E;0x05:0x11;0x05:0x1B;0x05:0x20;0x05:0x23;0x05:0x26;0x05:0x27;0x05:0x29;0x05:0x2A;0x05:0x2B;0x05:0x57;0x05:0x58;0x05:0x59;0x05:0x5B;0x05:0x5F;0x05:0x69;0x05:0x6E;0x05:0x6F;0x05:0x76;0x05:0x90;0x05:0xB8;0x05:0xC8;0x05:0xD1;0x05:0xD4;0x09:0x64;0x09:0x6A;0x09:0x6B;0x09:0x6C;0x09:0x80;0x09:0x81;0x0A:0x60;0x0A:0x61;0x0A:0x62;0x0A:0x63;0x0A:0x64;0x0A:0x65;0x0A:0x66;0x0A:0x67;0x0A:0x68;0x0A:0x69;0x0A:0x6A;0x0A:0x6B;0x0A:0x6C;0x0A:0x6D;0x0A:0x6E;0x0A:0x6F;0x0A:0x70;0x0A:0x71;0x0A:0x72;0x0A:0x74
710,102,MODE1_0102_FHD_COMMON_WRITE,TIMEOUT_DURING_WRITE,79,78,ABORTING->UNRESOLVED_REGISTER_GATE->FATAL_RECOVERY_FAILURE,FATAL_RECOVERY_FAILURE,UNRESOLVED_COMMITTED_REGISTERS=0x00:0x00;0x00:0x0C;0x00:0x10;0x00:0x14;0x00:0x18;0x00:0x21;0x00:0x22;0x00:0x30;0x00:0x34;0x00:0x3C;0x00:0x44;0x00:0x48;0x00:0x4C;0x00:0x50;0x00:0x64;0x00:0x93;0x00:0xA4;0x01:0xED;0x02:0x02;0x02:0x28;0x02:0x29;0x02:0x2A;0x02:0x2B;0x02:0x2C;0x05:0x00;0x05:0x01;0x05:0x05;0x05:0x08;0x05:0x0E;0x05:0x11;0x05:0x1B;0x05:0x20;0x05:0x23;0x05:0x26;0x05:0x27;0x05:0x29;0x05:0x2A;0x05:0x2B;0x05:0x57;0x05:0x58;0x05:0x59;0x05:0x5B;0x05:0x5F;0x05:0x69;0x05:0x6E;0x05:0x6F;0x05:0x76;0x05:0x90;0x05:0xB8;0x05:0xC8;0x05:0xD1;0x05:0xD4;0x09:0x64;0x09:0x6A;0x09:0x6B;0x09:0x6C;0x09:0x80;0x09:0x81;0x0A:0x60;0x0A:0x61;0x0A:0x62;0x0A:0x63;0x0A:0x64;0x0A:0x65;0x0A:0x66;0x0A:0x67;0x0A:0x68;0x0A:0x69;0x0A:0x6A;0x0A:0x6B;0x0A:0x6C;0x0A:0x6D;0x0A:0x6E;0x0A:0x6F;0x0A:0x70;0x0A:0x71;0x0A:0x72;0x0A:0x74
711,102,MODE1_0102_FHD_COMMON_WRITE,READBACK_MISMATCH,79,78,ABORTING->UNRESOLVED_REGISTER_GATE->FATAL_RECOVERY_FAILURE,FATAL_RECOVERY_FAILURE,UNRESOLVED_COMMITTED_REGISTERS=0x00:0x00;0x00:0x0C;0x00:0x10;0x00:0x14;0x00:0x18;0x00:0x21;0x00:0x22;0x00:0x30;0x00:0x34;0x00:0x3C;0x00:0x44;0x00:0x48;0x00:0x4C;0x00:0x50;0x00:0x64;0x00:0x93;0x00:0xA4;0x01:0xED;0x02:0x02;0x02:0x28;0x02:0x29;0x02:0x2A;0x02:0x2B;0x02:0x2C;0x05:0x00;0x05:0x01;0x05:0x05;0x05:0x08;0x05:0x0E;0x05:0x11;0x05:0x1B;0x05:0x20;0x05:0x23;0x05:0x26;0x05:0x27;0x05:0x29;0x05:0x2A;0x05:0x2B;0x05:0x57;0x05:0x58;0x05:0x59;0x05:0x5B;0x05:0x5F;0x05:0x69;0x05:0x6E;0x05:0x6F;0x05:0x76;0x05:0x90;0x05:0xB8;0x05:0xC8;0x05:0xD1;0x05:0xD4;0x09:0x64;0x09:0x6A;0x09:0x6B;0x09:0x6C;0x09:0x80;0x09:0x81;0x0A:0x60;0x0A:0x61;0x0A:0x62;0x0A:0x63;0x0A:0x64;0x0A:0x65;0x0A:0x66;0x0A:0x67;0x0A:0x68;0x0A:0x69;0x0A:0x6A;0x0A:0x6B;0x0A:0x6C;0x0A:0x6D;0x0A:0x6E;0x0A:0x6F;0x0A:0x70;0x0A:0x71;0x0A:0x72;0x0A:0x74
712,102,MODE1_0102_FHD_COMMON_WRITE,RESET_BETWEEN_OPERATIONS,79,78,ABORTING->PRODUCT_RECONSTRUCTION_GAP->FATAL_RECOVERY_FAILURE,FATAL_RECOVERY_FAILURE,CALLABLE_RESET_AUTOINIT_OR_PERSISTENT_RECOVERY_CONTEXT_NOT_PROVEN
713,102,MODE1_0102_FHD_COMMON_WRITE,HOST_ABORT,79,78,ABORTING->UNRESOLVED_REGISTER_GATE->FATAL_RECOVERY_FAILURE,FATAL_RECOVERY_FAILURE,UNRESOLVED_COMMITTED_REGISTERS=0x00:0x00;0x00:0x0C;0x00:0x10;0x00:0x14;0x00:0x18;0x00:0x21;0x00:0x22;0x00:0x30;0x00:0x34;0x00:0x3C;0x00:0x44;0x00:0x48;0x00:0x4C;0x00:0x50;0x00:0x64;0x00:0x93;0x00:0xA4;0x01:0xED;0x02:0x02;0x02:0x28;0x02:0x29;0x02:0x2A;0x02:0x2B;0x02:0x2C;0x05:0x00;0x05:0x01;0x05:0x05;0x05:0x08;0x05:0x0E;0x05:0x11;0x05:0x1B;0x05:0x20;0x05:0x23;0x05:0x26;0x05:0x27;0x05:0x29;0x05:0x2A;0x05:0x2B;0x05:0x57;0x05:0x58;0x05:0x59;0x05:0x5B;0x05:0x5F;0x05:0x69;0x05:0x6E;0x05:0x6F;0x05:0x76;0x05:0x90;0x05:0xB8;0x05:0xC8;0x05:0xD1;0x05:0xD4;0x09:0x64;0x09:0x6A;0x09:0x6B;0x09:0x6C;0x09:0x80;0x09:0x81;0x0A:0x60;0x0A:0x61;0x0A:0x62;0x0A:0x63;0x0A:0x64;0x0A:0x65;0x0A:0x66;0x0A:0x67;0x0A:0x68;0x0A:0x69;0x0A:0x6A;0x0A:0x6B;0x0A:0x6C;0x0A:0x6D;0x0A:0x6E;0x0A:0x6F;0x0A:0x70;0x0A:0x71;0x0A:0x72;0x0A:0x74
714,102,MODE1_0102_FHD_COMMON_WRITE,MMIO_RESET,79,78,ABORTING->PRODUCT_RECONSTRUCTION_GAP->FATAL_RECOVERY_FAILURE,FATAL_RECOVERY_FAILURE,CALLABLE_RESET_AUTOINIT_OR_PERSISTENT_RECOVERY_CONTEXT_NOT_PROVEN
715,103,MODE1_0103_FHD_COMMON_BANK_SELECT,FAILURE_BEFORE_WRITE,79,78,ABORTING->UNRESOLVED_REGISTER_GATE->FATAL_RECOVERY_FAILURE,FATAL_RECOVERY_FAILURE,UNRESOLVED_COMMITTED_REGISTERS=0x00:0x00;0x00:0x0C;0x00:0x10;0x00:0x14;0x00:0x18;0x00:0x21;0x00:0x22;0x00:0x30;0x00:0x34;0x00:0x3C;0x00:0x44;0x00:0x48;0x00:0x4C;0x00:0x50;0x00:0x64;0x00:0x93;0x00:0xA4;0x01:0xED;0x02:0x02;0x02:0x28;0x02:0x29;0x02:0x2A;0x02:0x2B;0x02:0x2C;0x05:0x00;0x05:0x01;0x05:0x05;0x05:0x08;0x05:0x0E;0x05:0x11;0x05:0x1B;0x05:0x20;0x05:0x23;0x05:0x26;0x05:0x27;0x05:0x29;0x05:0x2A;0x05:0x2B;0x05:0x57;0x05:0x58;0x05:0x59;0x05:0x5B;0x05:0x5F;0x05:0x69;0x05:0x6E;0x05:0x6F;0x05:0x76;0x05:0x90;0x05:0xB8;0x05:0xC8;0x05:0xD1;0x05:0xD4;0x09:0x64;0x09:0x6A;0x09:0x6B;0x09:0x6C;0x09:0x80;0x09:0x81;0x0A:0x60;0x0A:0x61;0x0A:0x62;0x0A:0x63;0x0A:0x64;0x0A:0x65;0x0A:0x66;0x0A:0x67;0x0A:0x68;0x0A:0x69;0x0A:0x6A;0x0A:0x6B;0x0A:0x6C;0x0A:0x6D;0x0A:0x6E;0x0A:0x6F;0x0A:0x70;0x0A:0x71;0x0A:0x72;0x0A:0x74
716,103,MODE1_0103_FHD_COMMON_BANK_SELECT,NACK_DURING_WRITE,79,78,ABORTING->UNRESOLVED_REGISTER_GATE->FATAL_RECOVERY_FAILURE,FATAL_RECOVERY_FAILURE,UNRESOLVED_COMMITTED_REGISTERS=0x00:0x00;0x00:0x0C;0x00:0x10;0x00:0x14;0x00:0x18;0x00:0x21;0x00:0x22;0x00:0x30;0x00:0x34;0x00:0x3C;0x00:0x44;0x00:0x48;0x00:0x4C;0x00:0x50;0x00:0x64;0x00:0x93;0x00:0xA4;0x01:0xED;0x02:0x02;0x02:0x28;0x02:0x29;0x02:0x2A;0x02:0x2B;0x02:0x2C;0x05:0x00;0x05:0x01;0x05:0x05;0x05:0x08;0x05:0x0E;0x05:0x11;0x05:0x1B;0x05:0x20;0x05:0x23;0x05:0x26;0x05:0x27;0x05:0x29;0x05:0x2A;0x05:0x2B;0x05:0x57;0x05:0x58;0x05:0x59;0x05:0x5B;0x05:0x5F;0x05:0x69;0x05:0x6E;0x05:0x6F;0x05:0x76;0x05:0x90;0x05:0xB8;0x05:0xC8;0x05:0xD1;0x05:0xD4;0x09:0x64;0x09:0x6A;0x09:0x6B;0x09:0x6C;0x09:0x80;0x09:0x81;0x0A:0x60;0x0A:0x61;0x0A:0x62;0x0A:0x63;0x0A:0x64;0x0A:0x65;0x0A:0x66;0x0A:0x67;0x0A:0x68;0x0A:0x69;0x0A:0x6A;0x0A:0x6B;0x0A:0x6C;0x0A:0x6D;0x0A:0x6E;0x0A:0x6F;0x0A:0x70;0x0A:0x71;0x0A:0x72;0x0A:0x74
717,103,MODE1_0103_FHD_COMMON_BANK_SELECT,TIMEOUT_DURING_WRITE,79,78,ABORTING->UNRESOLVED_REGISTER_GATE->FATAL_RECOVERY_FAILURE,FATAL_RECOVERY_FAILURE,UNRESOLVED_COMMITTED_REGISTERS=0x00:0x00;0x00:0x0C;0x00:0x10;0x00:0x14;0x00:0x18;0x00:0x21;0x00:0x22;0x00:0x30;0x00:0x34;0x00:0x3C;0x00:0x44;0x00:0x48;0x00:0x4C;0x00:0x50;0x00:0x64;0x00:0x93;0x00:0xA4;0x01:0xED;0x02:0x02;0x02:0x28;0x02:0x29;0x02:0x2A;0x02:0x2B;0x02:0x2C;0x05:0x00;0x05:0x01;0x05:0x05;0x05:0x08;0x05:0x0E;0x05:0x11;0x05:0x1B;0x05:0x20;0x05:0x23;0x05:0x26;0x05:0x27;0x05:0x29;0x05:0x2A;0x05:0x2B;0x05:0x57;0x05:0x58;0x05:0x59;0x05:0x5B;0x05:0x5F;0x05:0x69;0x05:0x6E;0x05:0x6F;0x05:0x76;0x05:0x90;0x05:0xB8;0x05:0xC8;0x05:0xD1;0x05:0xD4;0x09:0x64;0x09:0x6A;0x09:0x6B;0x09:0x6C;0x09:0x80;0x09:0x81;0x0A:0x60;0x0A:0x61;0x0A:0x62;0x0A:0x63;0x0A:0x64;0x0A:0x65;0x0A:0x66;0x0A:0x67;0x0A:0x68;0x0A:0x69;0x0A:0x6A;0x0A:0x6B;0x0A:0x6C;0x0A:0x6D;0x0A:0x6E;0x0A:0x6F;0x0A:0x70;0x0A:0x71;0x0A:0x72;0x0A:0x74
718,103,MODE1_0103_FHD_COMMON_BANK_SELECT,READBACK_MISMATCH,79,78,ABORTING->UNRESOLVED_REGISTER_GATE->FATAL_RECOVERY_FAILURE,FATAL_RECOVERY_FAILURE,UNRESOLVED_COMMITTED_REGISTERS=0x00:0x00;0x00:0x0C;0x00:0x10;0x00:0x14;0x00:0x18;0x00:0x21;0x00:0x22;0x00:0x30;0x00:0x34;0x00:0x3C;0x00:0x44;0x00:0x48;0x00:0x4C;0x00:0x50;0x00:0x64;0x00:0x93;0x00:0xA4;0x01:0xED;0x02:0x02;0x02:0x28;0x02:0x29;0x02:0x2A;0x02:0x2B;0x02:0x2C;0x05:0x00;0x05:0x01;0x05:0x05;0x05:0x08;0x05:0x0E;0x05:0x11;0x05:0x1B;0x05:0x20;0x05:0x23;0x05:0x26;0x05:0x27;0x05:0x29;0x05:0x2A;0x05:0x2B;0x05:0x57;0x05:0x58;0x05:0x59;0x05:0x5B;0x05:0x5F;0x05:0x69;0x05:0x6E;0x05:0x6F;0x05:0x76;0x05:0x90;0x05:0xB8;0x05:0xC8;0x05:0xD1;0x05:0xD4;0x09:0x64;0x09:0x6A;0x09:0x6B;0x09:0x6C;0x09:0x80;0x09:0x81;0x0A:0x60;0x0A:0x61;0x0A:0x62;0x0A:0x63;0x0A:0x64;0x0A:0x65;0x0A:0x66;0x0A:0x67;0x0A:0x68;0x0A:0x69;0x0A:0x6A;0x0A:0x6B;0x0A:0x6C;0x0A:0x6D;0x0A:0x6E;0x0A:0x6F;0x0A:0x70;0x0A:0x71;0x0A:0x72;0x0A:0x74
719,103,MODE1_0103_FHD_COMMON_BANK_SELECT,RESET_BETWEEN_OPERATIONS,79,78,ABORTING->PRODUCT_RECONSTRUCTION_GAP->FATAL_RECOVERY_FAILURE,FATAL_RECOVERY_FAILURE,CALLABLE_RESET_AUTOINIT_OR_PERSISTENT_RECOVERY_CONTEXT_NOT_PROVEN
720,103,MODE1_0103_FHD_COMMON_BANK_SELECT,HOST_ABORT,79,78,ABORTING->UNRESOLVED_REGISTER_GATE->FATAL_RECOVERY_FAILURE,FATAL_RECOVERY_FAILURE,UNRESOLVED_COMMITTED_REGISTERS=0x00:0x00;0x00:0x0C;0x00:0x10;0x00:0x14;0x00:0x18;0x00:0x21;0x00:0x22;0x00:0x30;0x00:0x34;0x00:0x3C;0x00:0x44;0x00:0x48;0x00:0x4C;0x00:0x50;0x00:0x64;0x00:0x93;0x00:0xA4;0x01:0xED;0x02:0x02;0x02:0x28;0x02:0x29;0x02:0x2A;0x02:0x2B;0x02:0x2C;0x05:0x00;0x05:0x01;0x05:0x05;0x05:0x08;0x05:0x0E;0x05:0x11;0x05:0x1B;0x05:0x20;0x05:0x23;0x05:0x26;0x05:0x27;0x05:0x29;0x05:0x2A;0x05:0x2B;0x05:0x57;0x05:0x58;0x05:0x59;0x05:0x5B;0x05:0x5F;0x05:0x69;0x05:0x6E;0x05:0x6F;0x05:0x76;0x05:0x90;0x05:0xB8;0x05:0xC8;0x05:0xD1;0x05:0xD4;0x09:0x64;0x09:0x6A;0x09:0x6B;0x09:0x6C;0x09:0x80;0x09:0x81;0x0A:0x60;0x0A:0x61;0x0A:0x62;0x0A:0x63;0x0A:0x64;0x0A:0x65;0x0A:0x66;0x0A:0x67;0x0A:0x68;0x0A:0x69;0x0A:0x6A;0x0A:0x6B;0x0A:0x6C;0x0A:0x6D;0x0A:0x6E;0x0A:0x6F;0x0A:0x70;0x0A:0x71;0x0A:0x72;0x0A:0x74
721,103,MODE1_0103_FHD_COMMON_BANK_SELECT,MMIO_RESET,79,78,ABORTING->PRODUCT_RECONSTRUCTION_GAP->FATAL_RECOVERY_FAILURE,FATAL_RECOVERY_FAILURE,CALLABLE_RESET_AUTOINIT_OR_PERSISTENT_RECOVERY_CONTEXT_NOT_PROVEN
722,104,MODE1_0104_FHD_COMMON_WRITE,FAILURE_BEFORE_WRITE,79,78,ABORTING->UNRESOLVED_REGISTER_GATE->FATAL_RECOVERY_FAILURE,FATAL_RECOVERY_FAILURE,UNRESOLVED_COMMITTED_REGISTERS=0x00:0x00;0x00:0x0C;0x00:0x10;0x00:0x14;0x00:0x18;0x00:0x21;0x00:0x22;0x00:0x30;0x00:0x34;0x00:0x3C;0x00:0x44;0x00:0x48;0x00:0x4C;0x00:0x50;0x00:0x64;0x00:0x93;0x00:0xA4;0x01:0xED;0x02:0x02;0x02:0x28;0x02:0x29;0x02:0x2A;0x02:0x2B;0x02:0x2C;0x05:0x00;0x05:0x01;0x05:0x05;0x05:0x08;0x05:0x0E;0x05:0x11;0x05:0x1B;0x05:0x20;0x05:0x23;0x05:0x26;0x05:0x27;0x05:0x29;0x05:0x2A;0x05:0x2B;0x05:0x57;0x05:0x58;0x05:0x59;0x05:0x5B;0x05:0x5F;0x05:0x69;0x05:0x6E;0x05:0x6F;0x05:0x76;0x05:0x90;0x05:0xB8;0x05:0xC8;0x05:0xD1;0x05:0xD4;0x09:0x64;0x09:0x6A;0x09:0x6B;0x09:0x6C;0x09:0x80;0x09:0x81;0x0A:0x60;0x0A:0x61;0x0A:0x62;0x0A:0x63;0x0A:0x64;0x0A:0x65;0x0A:0x66;0x0A:0x67;0x0A:0x68;0x0A:0x69;0x0A:0x6A;0x0A:0x6B;0x0A:0x6C;0x0A:0x6D;0x0A:0x6E;0x0A:0x6F;0x0A:0x70;0x0A:0x71;0x0A:0x72;0x0A:0x74
723,104,MODE1_0104_FHD_COMMON_WRITE,NACK_DURING_WRITE,80,79,ABORTING->UNRESOLVED_REGISTER_GATE->FATAL_RECOVERY_FAILURE,FATAL_RECOVERY_FAILURE,UNRESOLVED_COMMITTED_REGISTERS=0x00:0x00;0x00:0x0C;0x00:0x10;0x00:0x14;0x00:0x18;0x00:0x21;0x00:0x22;0x00:0x30;0x00:0x34;0x00:0x3C;0x00:0x44;0x00:0x48;0x00:0x4C;0x00:0x50;0x00:0x64;0x00:0x93;0x00:0xA4;0x01:0xED;0x02:0x02;0x02:0x28;0x02:0x29;0x02:0x2A;0x02:0x2B;0x02:0x2C;0x05:0x00;0x05:0x01;0x05:0x05;0x05:0x08;0x05:0x0E;0x05:0x11;0x05:0x1B;0x05:0x20;0x05:0x23;0x05:0x26;0x05:0x27;0x05:0x29;0x05:0x2A;0x05:0x2B;0x05:0x57;0x05:0x58;0x05:0x59;0x05:0x5B;0x05:0x5F;0x05:0x69;0x05:0x6E;0x05:0x6F;0x05:0x76;0x05:0x90;0x05:0xB8;0x05:0xC8;0x05:0xD1;0x05:0xD4;0x09:0x40;0x09:0x64;0x09:0x6A;0x09:0x6B;0x09:0x6C;0x09:0x80;0x09:0x81;0x0A:0x60;0x0A:0x61;0x0A:0x62;0x0A:0x63;0x0A:0x64;0x0A:0x65;0x0A:0x66;0x0A:0x67;0x0A:0x68;0x0A:0x69;0x0A:0x6A;0x0A:0x6B;0x0A:0x6C;0x0A:0x6D;0x0A:0x6E;0x0A:0x6F;0x0A:0x70;0x0A:0x71;0x0A:0x72;0x0A:0x74
724,104,MODE1_0104_FHD_COMMON_WRITE,TIMEOUT_DURING_WRITE,80,79,ABORTING->UNRESOLVED_REGISTER_GATE->FATAL_RECOVERY_FAILURE,FATAL_RECOVERY_FAILURE,UNRESOLVED_COMMITTED_REGISTERS=0x00:0x00;0x00:0x0C;0x00:0x10;0x00:0x14;0x00:0x18;0x00:0x21;0x00:0x22;0x00:0x30;0x00:0x34;0x00:0x3C;0x00:0x44;0x00:0x48;0x00:0x4C;0x00:0x50;0x00:0x64;0x00:0x93;0x00:0xA4;0x01:0xED;0x02:0x02;0x02:0x28;0x02:0x29;0x02:0x2A;0x02:0x2B;0x02:0x2C;0x05:0x00;0x05:0x01;0x05:0x05;0x05:0x08;0x05:0x0E;0x05:0x11;0x05:0x1B;0x05:0x20;0x05:0x23;0x05:0x26;0x05:0x27;0x05:0x29;0x05:0x2A;0x05:0x2B;0x05:0x57;0x05:0x58;0x05:0x59;0x05:0x5B;0x05:0x5F;0x05:0x69;0x05:0x6E;0x05:0x6F;0x05:0x76;0x05:0x90;0x05:0xB8;0x05:0xC8;0x05:0xD1;0x05:0xD4;0x09:0x40;0x09:0x64;0x09:0x6A;0x09:0x6B;0x09:0x6C;0x09:0x80;0x09:0x81;0x0A:0x60;0x0A:0x61;0x0A:0x62;0x0A:0x63;0x0A:0x64;0x0A:0x65;0x0A:0x66;0x0A:0x67;0x0A:0x68;0x0A:0x69;0x0A:0x6A;0x0A:0x6B;0x0A:0x6C;0x0A:0x6D;0x0A:0x6E;0x0A:0x6F;0x0A:0x70;0x0A:0x71;0x0A:0x72;0x0A:0x74
725,104,MODE1_0104_FHD_COMMON_WRITE,READBACK_MISMATCH,80,79,ABORTING->UNRESOLVED_REGISTER_GATE->FATAL_RECOVERY_FAILURE,FATAL_RECOVERY_FAILURE,UNRESOLVED_COMMITTED_REGISTERS=0x00:0x00;0x00:0x0C;0x00:0x10;0x00:0x14;0x00:0x18;0x00:0x21;0x00:0x22;0x00:0x30;0x00:0x34;0x00:0x3C;0x00:0x44;0x00:0x48;0x00:0x4C;0x00:0x50;0x00:0x64;0x00:0x93;0x00:0xA4;0x01:0xED;0x02:0x02;0x02:0x28;0x02:0x29;0x02:0x2A;0x02:0x2B;0x02:0x2C;0x05:0x00;0x05:0x01;0x05:0x05;0x05:0x08;0x05:0x0E;0x05:0x11;0x05:0x1B;0x05:0x20;0x05:0x23;0x05:0x26;0x05:0x27;0x05:0x29;0x05:0x2A;0x05:0x2B;0x05:0x57;0x05:0x58;0x05:0x59;0x05:0x5B;0x05:0x5F;0x05:0x69;0x05:0x6E;0x05:0x6F;0x05:0x76;0x05:0x90;0x05:0xB8;0x05:0xC8;0x05:0xD1;0x05:0xD4;0x09:0x40;0x09:0x64;0x09:0x6A;0x09:0x6B;0x09:0x6C;0x09:0x80;0x09:0x81;0x0A:0x60;0x0A:0x61;0x0A:0x62;0x0A:0x63;0x0A:0x64;0x0A:0x65;0x0A:0x66;0x0A:0x67;0x0A:0x68;0x0A:0x69;0x0A:0x6A;0x0A:0x6B;0x0A:0x6C;0x0A:0x6D;0x0A:0x6E;0x0A:0x6F;0x0A:0x70;0x0A:0x71;0x0A:0x72;0x0A:0x74
726,104,MODE1_0104_FHD_COMMON_WRITE,RESET_BETWEEN_OPERATIONS,80,79,ABORTING->PRODUCT_RECONSTRUCTION_GAP->FATAL_RECOVERY_FAILURE,FATAL_RECOVERY_FAILURE,CALLABLE_RESET_AUTOINIT_OR_PERSISTENT_RECOVERY_CONTEXT_NOT_PROVEN
727,104,MODE1_0104_FHD_COMMON_WRITE,HOST_ABORT,80,79,ABORTING->UNRESOLVED_REGISTER_GATE->FATAL_RECOVERY_FAILURE,FATAL_RECOVERY_FAILURE,UNRESOLVED_COMMITTED_REGISTERS=0x00:0x00;0x00:0x0C;0x00:0x10;0x00:0x14;0x00:0x18;0x00:0x21;0x00:0x22;0x00:0x30;0x00:0x34;0x00:0x3C;0x00:0x44;0x00:0x48;0x00:0x4C;0x00:0x50;0x00:0x64;0x00:0x93;0x00:0xA4;0x01:0xED;0x02:0x02;0x02:0x28;0x02:0x29;0x02:0x2A;0x02:0x2B;0x02:0x2C;0x05:0x00;0x05:0x01;0x05:0x05;0x05:0x08;0x05:0x0E;0x05:0x11;0x05:0x1B;0x05:0x20;0x05:0x23;0x05:0x26;0x05:0x27;0x05:0x29;0x05:0x2A;0x05:0x2B;0x05:0x57;0x05:0x58;0x05:0x59;0x05:0x5B;0x05:0x5F;0x05:0x69;0x05:0x6E;0x05:0x6F;0x05:0x76;0x05:0x90;0x05:0xB8;0x05:0xC8;0x05:0xD1;0x05:0xD4;0x09:0x40;0x09:0x64;0x09:0x6A;0x09:0x6B;0x09:0x6C;0x09:0x80;0x09:0x81;0x0A:0x60;0x0A:0x61;0x0A:0x62;0x0A:0x63;0x0A:0x64;0x0A:0x65;0x0A:0x66;0x0A:0x67;0x0A:0x68;0x0A:0x69;0x0A:0x6A;0x0A:0x6B;0x0A:0x6C;0x0A:0x6D;0x0A:0x6E;0x0A:0x6F;0x0A:0x70;0x0A:0x71;0x0A:0x72;0x0A:0x74
728,104,MODE1_0104_FHD_COMMON_WRITE,MMIO_RESET,80,79,ABORTING->PRODUCT_RECONSTRUCTION_GAP->FATAL_RECOVERY_FAILURE,FATAL_RECOVERY_FAILURE,CALLABLE_RESET_AUTOINIT_OR_PERSISTENT_RECOVERY_CONTEXT_NOT_PROVEN
729,105,MODE1_0105_FHD_COMMON_READ_FOR_RMW,FAILURE_BEFORE_WRITE,80,79,ABORTING->UNRESOLVED_REGISTER_GATE->FATAL_RECOVERY_FAILURE,FATAL_RECOVERY_FAILURE,UNRESOLVED_COMMITTED_REGISTERS=0x00:0x00;0x00:0x0C;0x00:0x10;0x00:0x14;0x00:0x18;0x00:0x21;0x00:0x22;0x00:0x30;0x00:0x34;0x00:0x3C;0x00:0x44;0x00:0x48;0x00:0x4C;0x00:0x50;0x00:0x64;0x00:0x93;0x00:0xA4;0x01:0xED;0x02:0x02;0x02:0x28;0x02:0x29;0x02:0x2A;0x02:0x2B;0x02:0x2C;0x05:0x00;0x05:0x01;0x05:0x05;0x05:0x08;0x05:0x0E;0x05:0x11;0x05:0x1B;0x05:0x20;0x05:0x23;0x05:0x26;0x05:0x27;0x05:0x29;0x05:0x2A;0x05:0x2B;0x05:0x57;0x05:0x58;0x05:0x59;0x05:0x5B;0x05:0x5F;0x05:0x69;0x05:0x6E;0x05:0x6F;0x05:0x76;0x05:0x90;0x05:0xB8;0x05:0xC8;0x05:0xD1;0x05:0xD4;0x09:0x40;0x09:0x64;0x09:0x6A;0x09:0x6B;0x09:0x6C;0x09:0x80;0x09:0x81;0x0A:0x60;0x0A:0x61;0x0A:0x62;0x0A:0x63;0x0A:0x64;0x0A:0x65;0x0A:0x66;0x0A:0x67;0x0A:0x68;0x0A:0x69;0x0A:0x6A;0x0A:0x6B;0x0A:0x6C;0x0A:0x6D;0x0A:0x6E;0x0A:0x6F;0x0A:0x70;0x0A:0x71;0x0A:0x72;0x0A:0x74
730,105,MODE1_0105_FHD_COMMON_READ_FOR_RMW,NACK_DURING_WRITE,80,79,ABORTING->UNRESOLVED_REGISTER_GATE->FATAL_RECOVERY_FAILURE,FATAL_RECOVERY_FAILURE,UNRESOLVED_COMMITTED_REGISTERS=0x00:0x00;0x00:0x0C;0x00:0x10;0x00:0x14;0x00:0x18;0x00:0x21;0x00:0x22;0x00:0x30;0x00:0x34;0x00:0x3C;0x00:0x44;0x00:0x48;0x00:0x4C;0x00:0x50;0x00:0x64;0x00:0x93;0x00:0xA4;0x01:0xED;0x02:0x02;0x02:0x28;0x02:0x29;0x02:0x2A;0x02:0x2B;0x02:0x2C;0x05:0x00;0x05:0x01;0x05:0x05;0x05:0x08;0x05:0x0E;0x05:0x11;0x05:0x1B;0x05:0x20;0x05:0x23;0x05:0x26;0x05:0x27;0x05:0x29;0x05:0x2A;0x05:0x2B;0x05:0x57;0x05:0x58;0x05:0x59;0x05:0x5B;0x05:0x5F;0x05:0x69;0x05:0x6E;0x05:0x6F;0x05:0x76;0x05:0x90;0x05:0xB8;0x05:0xC8;0x05:0xD1;0x05:0xD4;0x09:0x40;0x09:0x64;0x09:0x6A;0x09:0x6B;0x09:0x6C;0x09:0x80;0x09:0x81;0x0A:0x60;0x0A:0x61;0x0A:0x62;0x0A:0x63;0x0A:0x64;0x0A:0x65;0x0A:0x66;0x0A:0x67;0x0A:0x68;0x0A:0x69;0x0A:0x6A;0x0A:0x6B;0x0A:0x6C;0x0A:0x6D;0x0A:0x6E;0x0A:0x6F;0x0A:0x70;0x0A:0x71;0x0A:0x72;0x0A:0x74
731,105,MODE1_0105_FHD_COMMON_READ_FOR_RMW,TIMEOUT_DURING_WRITE,80,79,ABORTING->UNRESOLVED_REGISTER_GATE->FATAL_RECOVERY_FAILURE,FATAL_RECOVERY_FAILURE,UNRESOLVED_COMMITTED_REGISTERS=0x00:0x00;0x00:0x0C;0x00:0x10;0x00:0x14;0x00:0x18;0x00:0x21;0x00:0x22;0x00:0x30;0x00:0x34;0x00:0x3C;0x00:0x44;0x00:0x48;0x00:0x4C;0x00:0x50;0x00:0x64;0x00:0x93;0x00:0xA4;0x01:0xED;0x02:0x02;0x02:0x28;0x02:0x29;0x02:0x2A;0x02:0x2B;0x02:0x2C;0x05:0x00;0x05:0x01;0x05:0x05;0x05:0x08;0x05:0x0E;0x05:0x11;0x05:0x1B;0x05:0x20;0x05:0x23;0x05:0x26;0x05:0x27;0x05:0x29;0x05:0x2A;0x05:0x2B;0x05:0x57;0x05:0x58;0x05:0x59;0x05:0x5B;0x05:0x5F;0x05:0x69;0x05:0x6E;0x05:0x6F;0x05:0x76;0x05:0x90;0x05:0xB8;0x05:0xC8;0x05:0xD1;0x05:0xD4;0x09:0x40;0x09:0x64;0x09:0x6A;0x09:0x6B;0x09:0x6C;0x09:0x80;0x09:0x81;0x0A:0x60;0x0A:0x61;0x0A:0x62;0x0A:0x63;0x0A:0x64;0x0A:0x65;0x0A:0x66;0x0A:0x67;0x0A:0x68;0x0A:0x69;0x0A:0x6A;0x0A:0x6B;0x0A:0x6C;0x0A:0x6D;0x0A:0x6E;0x0A:0x6F;0x0A:0x70;0x0A:0x71;0x0A:0x72;0x0A:0x74
732,105,MODE1_0105_FHD_COMMON_READ_FOR_RMW,READBACK_MISMATCH,80,79,ABORTING->UNRESOLVED_REGISTER_GATE->FATAL_RECOVERY_FAILURE,FATAL_RECOVERY_FAILURE,UNRESOLVED_COMMITTED_REGISTERS=0x00:0x00;0x00:0x0C;0x00:0x10;0x00:0x14;0x00:0x18;0x00:0x21;0x00:0x22;0x00:0x30;0x00:0x34;0x00:0x3C;0x00:0x44;0x00:0x48;0x00:0x4C;0x00:0x50;0x00:0x64;0x00:0x93;0x00:0xA4;0x01:0xED;0x02:0x02;0x02:0x28;0x02:0x29;0x02:0x2A;0x02:0x2B;0x02:0x2C;0x05:0x00;0x05:0x01;0x05:0x05;0x05:0x08;0x05:0x0E;0x05:0x11;0x05:0x1B;0x05:0x20;0x05:0x23;0x05:0x26;0x05:0x27;0x05:0x29;0x05:0x2A;0x05:0x2B;0x05:0x57;0x05:0x58;0x05:0x59;0x05:0x5B;0x05:0x5F;0x05:0x69;0x05:0x6E;0x05:0x6F;0x05:0x76;0x05:0x90;0x05:0xB8;0x05:0xC8;0x05:0xD1;0x05:0xD4;0x09:0x40;0x09:0x64;0x09:0x6A;0x09:0x6B;0x09:0x6C;0x09:0x80;0x09:0x81;0x0A:0x60;0x0A:0x61;0x0A:0x62;0x0A:0x63;0x0A:0x64;0x0A:0x65;0x0A:0x66;0x0A:0x67;0x0A:0x68;0x0A:0x69;0x0A:0x6A;0x0A:0x6B;0x0A:0x6C;0x0A:0x6D;0x0A:0x6E;0x0A:0x6F;0x0A:0x70;0x0A:0x71;0x0A:0x72;0x0A:0x74
733,105,MODE1_0105_FHD_COMMON_READ_FOR_RMW,RESET_BETWEEN_OPERATIONS,80,79,ABORTING->PRODUCT_RECONSTRUCTION_GAP->FATAL_RECOVERY_FAILURE,FATAL_RECOVERY_FAILURE,CALLABLE_RESET_AUTOINIT_OR_PERSISTENT_RECOVERY_CONTEXT_NOT_PROVEN
734,105,MODE1_0105_FHD_COMMON_READ_FOR_RMW,HOST_ABORT,80,79,ABORTING->UNRESOLVED_REGISTER_GATE->FATAL_RECOVERY_FAILURE,FATAL_RECOVERY_FAILURE,UNRESOLVED_COMMITTED_REGISTERS=0x00:0x00;0x00:0x0C;0x00:0x10;0x00:0x14;0x00:0x18;0x00:0x21;0x00:0x22;0x00:0x30;0x00:0x34;0x00:0x3C;0x00:0x44;0x00:0x48;0x00:0x4C;0x00:0x50;0x00:0x64;0x00:0x93;0x00:0xA4;0x01:0xED;0x02:0x02;0x02:0x28;0x02:0x29;0x02:0x2A;0x02:0x2B;0x02:0x2C;0x05:0x00;0x05:0x01;0x05:0x05;0x05:0x08;0x05:0x0E;0x05:0x11;0x05:0x1B;0x05:0x20;0x05:0x23;0x05:0x26;0x05:0x27;0x05:0x29;0x05:0x2A;0x05:0x2B;0x05:0x57;0x05:0x58;0x05:0x59;0x05:0x5B;0x05:0x5F;0x05:0x69;0x05:0x6E;0x05:0x6F;0x05:0x76;0x05:0x90;0x05:0xB8;0x05:0xC8;0x05:0xD1;0x05:0xD4;0x09:0x40;0x09:0x64;0x09:0x6A;0x09:0x6B;0x09:0x6C;0x09:0x80;0x09:0x81;0x0A:0x60;0x0A:0x61;0x0A:0x62;0x0A:0x63;0x0A:0x64;0x0A:0x65;0x0A:0x66;0x0A:0x67;0x0A:0x68;0x0A:0x69;0x0A:0x6A;0x0A:0x6B;0x0A:0x6C;0x0A:0x6D;0x0A:0x6E;0x0A:0x6F;0x0A:0x70;0x0A:0x71;0x0A:0x72;0x0A:0x74
735,105,MODE1_0105_FHD_COMMON_READ_FOR_RMW,MMIO_RESET,80,79,ABORTING->PRODUCT_RECONSTRUCTION_GAP->FATAL_RECOVERY_FAILURE,FATAL_RECOVERY_FAILURE,CALLABLE_RESET_AUTOINIT_OR_PERSISTENT_RECOVERY_CONTEXT_NOT_PROVEN
736,106,MODE1_0106_FHD_COMMON_RMW_CLEAR_CHANNEL_BIT,FAILURE_BEFORE_WRITE,80,79,ABORTING->UNRESOLVED_REGISTER_GATE->FATAL_RECOVERY_FAILURE,FATAL_RECOVERY_FAILURE,UNRESOLVED_COMMITTED_REGISTERS=0x00:0x00;0x00:0x0C;0x00:0x10;0x00:0x14;0x00:0x18;0x00:0x21;0x00:0x22;0x00:0x30;0x00:0x34;0x00:0x3C;0x00:0x44;0x00:0x48;0x00:0x4C;0x00:0x50;0x00:0x64;0x00:0x93;0x00:0xA4;0x01:0xED;0x02:0x02;0x02:0x28;0x02:0x29;0x02:0x2A;0x02:0x2B;0x02:0x2C;0x05:0x00;0x05:0x01;0x05:0x05;0x05:0x08;0x05:0x0E;0x05:0x11;0x05:0x1B;0x05:0x20;0x05:0x23;0x05:0x26;0x05:0x27;0x05:0x29;0x05:0x2A;0x05:0x2B;0x05:0x57;0x05:0x58;0x05:0x59;0x05:0x5B;0x05:0x5F;0x05:0x69;0x05:0x6E;0x05:0x6F;0x05:0x76;0x05:0x90;0x05:0xB8;0x05:0xC8;0x05:0xD1;0x05:0xD4;0x09:0x40;0x09:0x64;0x09:0x6A;0x09:0x6B;0x09:0x6C;0x09:0x80;0x09:0x81;0x0A:0x60;0x0A:0x61;0x0A:0x62;0x0A:0x63;0x0A:0x64;0x0A:0x65;0x0A:0x66;0x0A:0x67;0x0A:0x68;0x0A:0x69;0x0A:0x6A;0x0A:0x6B;0x0A:0x6C;0x0A:0x6D;0x0A:0x6E;0x0A:0x6F;0x0A:0x70;0x0A:0x71;0x0A:0x72;0x0A:0x74
737,106,MODE1_0106_FHD_COMMON_RMW_CLEAR_CHANNEL_BIT,NACK_DURING_WRITE,81,80,ABORTING->UNRESOLVED_REGISTER_GATE->FATAL_RECOVERY_FAILURE,FATAL_RECOVERY_FAILURE,UNRESOLVED_COMMITTED_REGISTERS=0x00:0x00;0x00:0x0C;0x00:0x10;0x00:0x14;0x00:0x18;0x00:0x21;0x00:0x22;0x00:0x30;0x00:0x34;0x00:0x3C;0x00:0x44;0x00:0x48;0x00:0x4C;0x00:0x50;0x00:0x64;0x00:0x93;0x00:0xA4;0x01:0xED;0x02:0x02;0x02:0x28;0x02:0x29;0x02:0x2A;0x02:0x2B;0x02:0x2C;0x05:0x00;0x05:0x01;0x05:0x05;0x05:0x08;0x05:0x0E;0x05:0x11;0x05:0x1B;0x05:0x20;0x05:0x23;0x05:0x26;0x05:0x27;0x05:0x29;0x05:0x2A;0x05:0x2B;0x05:0x57;0x05:0x58;0x05:0x59;0x05:0x5B;0x05:0x5F;0x05:0x69;0x05:0x6E;0x05:0x6F;0x05:0x76;0x05:0x90;0x05:0xB8;0x05:0xC8;0x05:0xD1;0x05:0xD4;0x09:0x40;0x09:0x44;0x09:0x64;0x09:0x6A;0x09:0x6B;0x09:0x6C;0x09:0x80;0x09:0x81;0x0A:0x60;0x0A:0x61;0x0A:0x62;0x0A:0x63;0x0A:0x64;0x0A:0x65;0x0A:0x66;0x0A:0x67;0x0A:0x68;0x0A:0x69;0x0A:0x6A;0x0A:0x6B;0x0A:0x6C;0x0A:0x6D;0x0A:0x6E;0x0A:0x6F;0x0A:0x70;0x0A:0x71;0x0A:0x72;0x0A:0x74
738,106,MODE1_0106_FHD_COMMON_RMW_CLEAR_CHANNEL_BIT,TIMEOUT_DURING_WRITE,81,80,ABORTING->UNRESOLVED_REGISTER_GATE->FATAL_RECOVERY_FAILURE,FATAL_RECOVERY_FAILURE,UNRESOLVED_COMMITTED_REGISTERS=0x00:0x00;0x00:0x0C;0x00:0x10;0x00:0x14;0x00:0x18;0x00:0x21;0x00:0x22;0x00:0x30;0x00:0x34;0x00:0x3C;0x00:0x44;0x00:0x48;0x00:0x4C;0x00:0x50;0x00:0x64;0x00:0x93;0x00:0xA4;0x01:0xED;0x02:0x02;0x02:0x28;0x02:0x29;0x02:0x2A;0x02:0x2B;0x02:0x2C;0x05:0x00;0x05:0x01;0x05:0x05;0x05:0x08;0x05:0x0E;0x05:0x11;0x05:0x1B;0x05:0x20;0x05:0x23;0x05:0x26;0x05:0x27;0x05:0x29;0x05:0x2A;0x05:0x2B;0x05:0x57;0x05:0x58;0x05:0x59;0x05:0x5B;0x05:0x5F;0x05:0x69;0x05:0x6E;0x05:0x6F;0x05:0x76;0x05:0x90;0x05:0xB8;0x05:0xC8;0x05:0xD1;0x05:0xD4;0x09:0x40;0x09:0x44;0x09:0x64;0x09:0x6A;0x09:0x6B;0x09:0x6C;0x09:0x80;0x09:0x81;0x0A:0x60;0x0A:0x61;0x0A:0x62;0x0A:0x63;0x0A:0x64;0x0A:0x65;0x0A:0x66;0x0A:0x67;0x0A:0x68;0x0A:0x69;0x0A:0x6A;0x0A:0x6B;0x0A:0x6C;0x0A:0x6D;0x0A:0x6E;0x0A:0x6F;0x0A:0x70;0x0A:0x71;0x0A:0x72;0x0A:0x74
739,106,MODE1_0106_FHD_COMMON_RMW_CLEAR_CHANNEL_BIT,READBACK_MISMATCH,81,80,ABORTING->UNRESOLVED_REGISTER_GATE->FATAL_RECOVERY_FAILURE,FATAL_RECOVERY_FAILURE,UNRESOLVED_COMMITTED_REGISTERS=0x00:0x00;0x00:0x0C;0x00:0x10;0x00:0x14;0x00:0x18;0x00:0x21;0x00:0x22;0x00:0x30;0x00:0x34;0x00:0x3C;0x00:0x44;0x00:0x48;0x00:0x4C;0x00:0x50;0x00:0x64;0x00:0x93;0x00:0xA4;0x01:0xED;0x02:0x02;0x02:0x28;0x02:0x29;0x02:0x2A;0x02:0x2B;0x02:0x2C;0x05:0x00;0x05:0x01;0x05:0x05;0x05:0x08;0x05:0x0E;0x05:0x11;0x05:0x1B;0x05:0x20;0x05:0x23;0x05:0x26;0x05:0x27;0x05:0x29;0x05:0x2A;0x05:0x2B;0x05:0x57;0x05:0x58;0x05:0x59;0x05:0x5B;0x05:0x5F;0x05:0x69;0x05:0x6E;0x05:0x6F;0x05:0x76;0x05:0x90;0x05:0xB8;0x05:0xC8;0x05:0xD1;0x05:0xD4;0x09:0x40;0x09:0x44;0x09:0x64;0x09:0x6A;0x09:0x6B;0x09:0x6C;0x09:0x80;0x09:0x81;0x0A:0x60;0x0A:0x61;0x0A:0x62;0x0A:0x63;0x0A:0x64;0x0A:0x65;0x0A:0x66;0x0A:0x67;0x0A:0x68;0x0A:0x69;0x0A:0x6A;0x0A:0x6B;0x0A:0x6C;0x0A:0x6D;0x0A:0x6E;0x0A:0x6F;0x0A:0x70;0x0A:0x71;0x0A:0x72;0x0A:0x74
740,106,MODE1_0106_FHD_COMMON_RMW_CLEAR_CHANNEL_BIT,RESET_BETWEEN_OPERATIONS,81,80,ABORTING->PRODUCT_RECONSTRUCTION_GAP->FATAL_RECOVERY_FAILURE,FATAL_RECOVERY_FAILURE,CALLABLE_RESET_AUTOINIT_OR_PERSISTENT_RECOVERY_CONTEXT_NOT_PROVEN
741,106,MODE1_0106_FHD_COMMON_RMW_CLEAR_CHANNEL_BIT,HOST_ABORT,81,80,ABORTING->UNRESOLVED_REGISTER_GATE->FATAL_RECOVERY_FAILURE,FATAL_RECOVERY_FAILURE,UNRESOLVED_COMMITTED_REGISTERS=0x00:0x00;0x00:0x0C;0x00:0x10;0x00:0x14;0x00:0x18;0x00:0x21;0x00:0x22;0x00:0x30;0x00:0x34;0x00:0x3C;0x00:0x44;0x00:0x48;0x00:0x4C;0x00:0x50;0x00:0x64;0x00:0x93;0x00:0xA4;0x01:0xED;0x02:0x02;0x02:0x28;0x02:0x29;0x02:0x2A;0x02:0x2B;0x02:0x2C;0x05:0x00;0x05:0x01;0x05:0x05;0x05:0x08;0x05:0x0E;0x05:0x11;0x05:0x1B;0x05:0x20;0x05:0x23;0x05:0x26;0x05:0x27;0x05:0x29;0x05:0x2A;0x05:0x2B;0x05:0x57;0x05:0x58;0x05:0x59;0x05:0x5B;0x05:0x5F;0x05:0x69;0x05:0x6E;0x05:0x6F;0x05:0x76;0x05:0x90;0x05:0xB8;0x05:0xC8;0x05:0xD1;0x05:0xD4;0x09:0x40;0x09:0x44;0x09:0x64;0x09:0x6A;0x09:0x6B;0x09:0x6C;0x09:0x80;0x09:0x81;0x0A:0x60;0x0A:0x61;0x0A:0x62;0x0A:0x63;0x0A:0x64;0x0A:0x65;0x0A:0x66;0x0A:0x67;0x0A:0x68;0x0A:0x69;0x0A:0x6A;0x0A:0x6B;0x0A:0x6C;0x0A:0x6D;0x0A:0x6E;0x0A:0x6F;0x0A:0x70;0x0A:0x71;0x0A:0x72;0x0A:0x74
742,106,MODE1_0106_FHD_COMMON_RMW_CLEAR_CHANNEL_BIT,MMIO_RESET,81,80,ABORTING->PRODUCT_RECONSTRUCTION_GAP->FATAL_RECOVERY_FAILURE,FATAL_RECOVERY_FAILURE,CALLABLE_RESET_AUTOINIT_OR_PERSISTENT_RECOVERY_CONTEXT_NOT_PROVEN
743,107,MODE1_0107_FHD_COMMON_WRITE,FAILURE_BEFORE_WRITE,81,80,ABORTING->UNRESOLVED_REGISTER_GATE->FATAL_RECOVERY_FAILURE,FATAL_RECOVERY_FAILURE,UNRESOLVED_COMMITTED_REGISTERS=0x00:0x00;0x00:0x0C;0x00:0x10;0x00:0x14;0x00:0x18;0x00:0x21;0x00:0x22;0x00:0x30;0x00:0x34;0x00:0x3C;0x00:0x44;0x00:0x48;0x00:0x4C;0x00:0x50;0x00:0x64;0x00:0x93;0x00:0xA4;0x01:0xED;0x02:0x02;0x02:0x28;0x02:0x29;0x02:0x2A;0x02:0x2B;0x02:0x2C;0x05:0x00;0x05:0x01;0x05:0x05;0x05:0x08;0x05:0x0E;0x05:0x11;0x05:0x1B;0x05:0x20;0x05:0x23;0x05:0x26;0x05:0x27;0x05:0x29;0x05:0x2A;0x05:0x2B;0x05:0x57;0x05:0x58;0x05:0x59;0x05:0x5B;0x05:0x5F;0x05:0x69;0x05:0x6E;0x05:0x6F;0x05:0x76;0x05:0x90;0x05:0xB8;0x05:0xC8;0x05:0xD1;0x05:0xD4;0x09:0x40;0x09:0x44;0x09:0x64;0x09:0x6A;0x09:0x6B;0x09:0x6C;0x09:0x80;0x09:0x81;0x0A:0x60;0x0A:0x61;0x0A:0x62;0x0A:0x63;0x0A:0x64;0x0A:0x65;0x0A:0x66;0x0A:0x67;0x0A:0x68;0x0A:0x69;0x0A:0x6A;0x0A:0x6B;0x0A:0x6C;0x0A:0x6D;0x0A:0x6E;0x0A:0x6F;0x0A:0x70;0x0A:0x71;0x0A:0x72;0x0A:0x74
744,107,MODE1_0107_FHD_COMMON_WRITE,NACK_DURING_WRITE,82,81,ABORTING->UNRESOLVED_REGISTER_GATE->FATAL_RECOVERY_FAILURE,FATAL_RECOVERY_FAILURE,UNRESOLVED_COMMITTED_REGISTERS=0x00:0x00;0x00:0x0C;0x00:0x10;0x00:0x14;0x00:0x18;0x00:0x21;0x00:0x22;0x00:0x30;0x00:0x34;0x00:0x3C;0x00:0x44;0x00:0x48;0x00:0x4C;0x00:0x50;0x00:0x64;0x00:0x93;0x00:0xA4;0x01:0xED;0x02:0x02;0x02:0x28;0x02:0x29;0x02:0x2A;0x02:0x2B;0x02:0x2C;0x05:0x00;0x05:0x01;0x05:0x05;0x05:0x08;0x05:0x0E;0x05:0x11;0x05:0x1B;0x05:0x20;0x05:0x23;0x05:0x26;0x05:0x27;0x05:0x29;0x05:0x2A;0x05:0x2B;0x05:0x57;0x05:0x58;0x05:0x59;0x05:0x5B;0x05:0x5F;0x05:0x69;0x05:0x6E;0x05:0x6F;0x05:0x76;0x05:0x90;0x05:0xB8;0x05:0xC8;0x05:0xD1;0x05:0xD4;0x09:0x40;0x09:0x44;0x09:0x64;0x09:0x6A;0x09:0x6B;0x09:0x6C;0x09:0x80;0x09:0x81;0x09:0x97;0x0A:0x60;0x0A:0x61;0x0A:0x62;0x0A:0x63;0x0A:0x64;0x0A:0x65;0x0A:0x66;0x0A:0x67;0x0A:0x68;0x0A:0x69;0x0A:0x6A;0x0A:0x6B;0x0A:0x6C;0x0A:0x6D;0x0A:0x6E;0x0A:0x6F;0x0A:0x70;0x0A:0x71;0x0A:0x72;0x0A:0x74
745,107,MODE1_0107_FHD_COMMON_WRITE,TIMEOUT_DURING_WRITE,82,81,ABORTING->UNRESOLVED_REGISTER_GATE->FATAL_RECOVERY_FAILURE,FATAL_RECOVERY_FAILURE,UNRESOLVED_COMMITTED_REGISTERS=0x00:0x00;0x00:0x0C;0x00:0x10;0x00:0x14;0x00:0x18;0x00:0x21;0x00:0x22;0x00:0x30;0x00:0x34;0x00:0x3C;0x00:0x44;0x00:0x48;0x00:0x4C;0x00:0x50;0x00:0x64;0x00:0x93;0x00:0xA4;0x01:0xED;0x02:0x02;0x02:0x28;0x02:0x29;0x02:0x2A;0x02:0x2B;0x02:0x2C;0x05:0x00;0x05:0x01;0x05:0x05;0x05:0x08;0x05:0x0E;0x05:0x11;0x05:0x1B;0x05:0x20;0x05:0x23;0x05:0x26;0x05:0x27;0x05:0x29;0x05:0x2A;0x05:0x2B;0x05:0x57;0x05:0x58;0x05:0x59;0x05:0x5B;0x05:0x5F;0x05:0x69;0x05:0x6E;0x05:0x6F;0x05:0x76;0x05:0x90;0x05:0xB8;0x05:0xC8;0x05:0xD1;0x05:0xD4;0x09:0x40;0x09:0x44;0x09:0x64;0x09:0x6A;0x09:0x6B;0x09:0x6C;0x09:0x80;0x09:0x81;0x09:0x97;0x0A:0x60;0x0A:0x61;0x0A:0x62;0x0A:0x63;0x0A:0x64;0x0A:0x65;0x0A:0x66;0x0A:0x67;0x0A:0x68;0x0A:0x69;0x0A:0x6A;0x0A:0x6B;0x0A:0x6C;0x0A:0x6D;0x0A:0x6E;0x0A:0x6F;0x0A:0x70;0x0A:0x71;0x0A:0x72;0x0A:0x74
746,107,MODE1_0107_FHD_COMMON_WRITE,READBACK_MISMATCH,82,81,ABORTING->UNRESOLVED_REGISTER_GATE->FATAL_RECOVERY_FAILURE,FATAL_RECOVERY_FAILURE,UNRESOLVED_COMMITTED_REGISTERS=0x00:0x00;0x00:0x0C;0x00:0x10;0x00:0x14;0x00:0x18;0x00:0x21;0x00:0x22;0x00:0x30;0x00:0x34;0x00:0x3C;0x00:0x44;0x00:0x48;0x00:0x4C;0x00:0x50;0x00:0x64;0x00:0x93;0x00:0xA4;0x01:0xED;0x02:0x02;0x02:0x28;0x02:0x29;0x02:0x2A;0x02:0x2B;0x02:0x2C;0x05:0x00;0x05:0x01;0x05:0x05;0x05:0x08;0x05:0x0E;0x05:0x11;0x05:0x1B;0x05:0x20;0x05:0x23;0x05:0x26;0x05:0x27;0x05:0x29;0x05:0x2A;0x05:0x2B;0x05:0x57;0x05:0x58;0x05:0x59;0x05:0x5B;0x05:0x5F;0x05:0x69;0x05:0x6E;0x05:0x6F;0x05:0x76;0x05:0x90;0x05:0xB8;0x05:0xC8;0x05:0xD1;0x05:0xD4;0x09:0x40;0x09:0x44;0x09:0x64;0x09:0x6A;0x09:0x6B;0x09:0x6C;0x09:0x80;0x09:0x81;0x09:0x97;0x0A:0x60;0x0A:0x61;0x0A:0x62;0x0A:0x63;0x0A:0x64;0x0A:0x65;0x0A:0x66;0x0A:0x67;0x0A:0x68;0x0A:0x69;0x0A:0x6A;0x0A:0x6B;0x0A:0x6C;0x0A:0x6D;0x0A:0x6E;0x0A:0x6F;0x0A:0x70;0x0A:0x71;0x0A:0x72;0x0A:0x74
747,107,MODE1_0107_FHD_COMMON_WRITE,RESET_BETWEEN_OPERATIONS,82,81,ABORTING->PRODUCT_RECONSTRUCTION_GAP->FATAL_RECOVERY_FAILURE,FATAL_RECOVERY_FAILURE,CALLABLE_RESET_AUTOINIT_OR_PERSISTENT_RECOVERY_CONTEXT_NOT_PROVEN
748,107,MODE1_0107_FHD_COMMON_WRITE,HOST_ABORT,82,81,ABORTING->UNRESOLVED_REGISTER_GATE->FATAL_RECOVERY_FAILURE,FATAL_RECOVERY_FAILURE,UNRESOLVED_COMMITTED_REGISTERS=0x00:0x00;0x00:0x0C;0x00:0x10;0x00:0x14;0x00:0x18;0x00:0x21;0x00:0x22;0x00:0x30;0x00:0x34;0x00:0x3C;0x00:0x44;0x00:0x48;0x00:0x4C;0x00:0x50;0x00:0x64;0x00:0x93;0x00:0xA4;0x01:0xED;0x02:0x02;0x02:0x28;0x02:0x29;0x02:0x2A;0x02:0x2B;0x02:0x2C;0x05:0x00;0x05:0x01;0x05:0x05;0x05:0x08;0x05:0x0E;0x05:0x11;0x05:0x1B;0x05:0x20;0x05:0x23;0x05:0x26;0x05:0x27;0x05:0x29;0x05:0x2A;0x05:0x2B;0x05:0x57;0x05:0x58;0x05:0x59;0x05:0x5B;0x05:0x5F;0x05:0x69;0x05:0x6E;0x05:0x6F;0x05:0x76;0x05:0x90;0x05:0xB8;0x05:0xC8;0x05:0xD1;0x05:0xD4;0x09:0x40;0x09:0x44;0x09:0x64;0x09:0x6A;0x09:0x6B;0x09:0x6C;0x09:0x80;0x09:0x81;0x09:0x97;0x0A:0x60;0x0A:0x61;0x0A:0x62;0x0A:0x63;0x0A:0x64;0x0A:0x65;0x0A:0x66;0x0A:0x67;0x0A:0x68;0x0A:0x69;0x0A:0x6A;0x0A:0x6B;0x0A:0x6C;0x0A:0x6D;0x0A:0x6E;0x0A:0x6F;0x0A:0x70;0x0A:0x71;0x0A:0x72;0x0A:0x74
749,107,MODE1_0107_FHD_COMMON_WRITE,MMIO_RESET,82,81,ABORTING->PRODUCT_RECONSTRUCTION_GAP->FATAL_RECOVERY_FAILURE,FATAL_RECOVERY_FAILURE,CALLABLE_RESET_AUTOINIT_OR_PERSISTENT_RECOVERY_CONTEXT_NOT_PROVEN
750,108,MODE1_0108_FHD_COMMON_BANK_SELECT,FAILURE_BEFORE_WRITE,82,81,ABORTING->UNRESOLVED_REGISTER_GATE->FATAL_RECOVERY_FAILURE,FATAL_RECOVERY_FAILURE,UNRESOLVED_COMMITTED_REGISTERS=0x00:0x00;0x00:0x0C;0x00:0x10;0x00:0x14;0x00:0x18;0x00:0x21;0x00:0x22;0x00:0x30;0x00:0x34;0x00:0x3C;0x00:0x44;0x00:0x48;0x00:0x4C;0x00:0x50;0x00:0x64;0x00:0x93;0x00:0xA4;0x01:0xED;0x02:0x02;0x02:0x28;0x02:0x29;0x02:0x2A;0x02:0x2B;0x02:0x2C;0x05:0x00;0x05:0x01;0x05:0x05;0x05:0x08;0x05:0x0E;0x05:0x11;0x05:0x1B;0x05:0x20;0x05:0x23;0x05:0x26;0x05:0x27;0x05:0x29;0x05:0x2A;0x05:0x2B;0x05:0x57;0x05:0x58;0x05:0x59;0x05:0x5B;0x05:0x5F;0x05:0x69;0x05:0x6E;0x05:0x6F;0x05:0x76;0x05:0x90;0x05:0xB8;0x05:0xC8;0x05:0xD1;0x05:0xD4;0x09:0x40;0x09:0x44;0x09:0x64;0x09:0x6A;0x09:0x6B;0x09:0x6C;0x09:0x80;0x09:0x81;0x09:0x97;0x0A:0x60;0x0A:0x61;0x0A:0x62;0x0A:0x63;0x0A:0x64;0x0A:0x65;0x0A:0x66;0x0A:0x67;0x0A:0x68;0x0A:0x69;0x0A:0x6A;0x0A:0x6B;0x0A:0x6C;0x0A:0x6D;0x0A:0x6E;0x0A:0x6F;0x0A:0x70;0x0A:0x71;0x0A:0x72;0x0A:0x74
751,108,MODE1_0108_FHD_COMMON_BANK_SELECT,NACK_DURING_WRITE,82,81,ABORTING->UNRESOLVED_REGISTER_GATE->FATAL_RECOVERY_FAILURE,FATAL_RECOVERY_FAILURE,UNRESOLVED_COMMITTED_REGISTERS=0x00:0x00;0x00:0x0C;0x00:0x10;0x00:0x14;0x00:0x18;0x00:0x21;0x00:0x22;0x00:0x30;0x00:0x34;0x00:0x3C;0x00:0x44;0x00:0x48;0x00:0x4C;0x00:0x50;0x00:0x64;0x00:0x93;0x00:0xA4;0x01:0xED;0x02:0x02;0x02:0x28;0x02:0x29;0x02:0x2A;0x02:0x2B;0x02:0x2C;0x05:0x00;0x05:0x01;0x05:0x05;0x05:0x08;0x05:0x0E;0x05:0x11;0x05:0x1B;0x05:0x20;0x05:0x23;0x05:0x26;0x05:0x27;0x05:0x29;0x05:0x2A;0x05:0x2B;0x05:0x57;0x05:0x58;0x05:0x59;0x05:0x5B;0x05:0x5F;0x05:0x69;0x05:0x6E;0x05:0x6F;0x05:0x76;0x05:0x90;0x05:0xB8;0x05:0xC8;0x05:0xD1;0x05:0xD4;0x09:0x40;0x09:0x44;0x09:0x64;0x09:0x6A;0x09:0x6B;0x09:0x6C;0x09:0x80;0x09:0x81;0x09:0x97;0x0A:0x60;0x0A:0x61;0x0A:0x62;0x0A:0x63;0x0A:0x64;0x0A:0x65;0x0A:0x66;0x0A:0x67;0x0A:0x68;0x0A:0x69;0x0A:0x6A;0x0A:0x6B;0x0A:0x6C;0x0A:0x6D;0x0A:0x6E;0x0A:0x6F;0x0A:0x70;0x0A:0x71;0x0A:0x72;0x0A:0x74
752,108,MODE1_0108_FHD_COMMON_BANK_SELECT,TIMEOUT_DURING_WRITE,82,81,ABORTING->UNRESOLVED_REGISTER_GATE->FATAL_RECOVERY_FAILURE,FATAL_RECOVERY_FAILURE,UNRESOLVED_COMMITTED_REGISTERS=0x00:0x00;0x00:0x0C;0x00:0x10;0x00:0x14;0x00:0x18;0x00:0x21;0x00:0x22;0x00:0x30;0x00:0x34;0x00:0x3C;0x00:0x44;0x00:0x48;0x00:0x4C;0x00:0x50;0x00:0x64;0x00:0x93;0x00:0xA4;0x01:0xED;0x02:0x02;0x02:0x28;0x02:0x29;0x02:0x2A;0x02:0x2B;0x02:0x2C;0x05:0x00;0x05:0x01;0x05:0x05;0x05:0x08;0x05:0x0E;0x05:0x11;0x05:0x1B;0x05:0x20;0x05:0x23;0x05:0x26;0x05:0x27;0x05:0x29;0x05:0x2A;0x05:0x2B;0x05:0x57;0x05:0x58;0x05:0x59;0x05:0x5B;0x05:0x5F;0x05:0x69;0x05:0x6E;0x05:0x6F;0x05:0x76;0x05:0x90;0x05:0xB8;0x05:0xC8;0x05:0xD1;0x05:0xD4;0x09:0x40;0x09:0x44;0x09:0x64;0x09:0x6A;0x09:0x6B;0x09:0x6C;0x09:0x80;0x09:0x81;0x09:0x97;0x0A:0x60;0x0A:0x61;0x0A:0x62;0x0A:0x63;0x0A:0x64;0x0A:0x65;0x0A:0x66;0x0A:0x67;0x0A:0x68;0x0A:0x69;0x0A:0x6A;0x0A:0x6B;0x0A:0x6C;0x0A:0x6D;0x0A:0x6E;0x0A:0x6F;0x0A:0x70;0x0A:0x71;0x0A:0x72;0x0A:0x74
753,108,MODE1_0108_FHD_COMMON_BANK_SELECT,READBACK_MISMATCH,82,81,ABORTING->UNRESOLVED_REGISTER_GATE->FATAL_RECOVERY_FAILURE,FATAL_RECOVERY_FAILURE,UNRESOLVED_COMMITTED_REGISTERS=0x00:0x00;0x00:0x0C;0x00:0x10;0x00:0x14;0x00:0x18;0x00:0x21;0x00:0x22;0x00:0x30;0x00:0x34;0x00:0x3C;0x00:0x44;0x00:0x48;0x00:0x4C;0x00:0x50;0x00:0x64;0x00:0x93;0x00:0xA4;0x01:0xED;0x02:0x02;0x02:0x28;0x02:0x29;0x02:0x2A;0x02:0x2B;0x02:0x2C;0x05:0x00;0x05:0x01;0x05:0x05;0x05:0x08;0x05:0x0E;0x05:0x11;0x05:0x1B;0x05:0x20;0x05:0x23;0x05:0x26;0x05:0x27;0x05:0x29;0x05:0x2A;0x05:0x2B;0x05:0x57;0x05:0x58;0x05:0x59;0x05:0x5B;0x05:0x5F;0x05:0x69;0x05:0x6E;0x05:0x6F;0x05:0x76;0x05:0x90;0x05:0xB8;0x05:0xC8;0x05:0xD1;0x05:0xD4;0x09:0x40;0x09:0x44;0x09:0x64;0x09:0x6A;0x09:0x6B;0x09:0x6C;0x09:0x80;0x09:0x81;0x09:0x97;0x0A:0x60;0x0A:0x61;0x0A:0x62;0x0A:0x63;0x0A:0x64;0x0A:0x65;0x0A:0x66;0x0A:0x67;0x0A:0x68;0x0A:0x69;0x0A:0x6A;0x0A:0x6B;0x0A:0x6C;0x0A:0x6D;0x0A:0x6E;0x0A:0x6F;0x0A:0x70;0x0A:0x71;0x0A:0x72;0x0A:0x74
754,108,MODE1_0108_FHD_COMMON_BANK_SELECT,RESET_BETWEEN_OPERATIONS,82,81,ABORTING->PRODUCT_RECONSTRUCTION_GAP->FATAL_RECOVERY_FAILURE,FATAL_RECOVERY_FAILURE,CALLABLE_RESET_AUTOINIT_OR_PERSISTENT_RECOVERY_CONTEXT_NOT_PROVEN
755,108,MODE1_0108_FHD_COMMON_BANK_SELECT,HOST_ABORT,82,81,ABORTING->UNRESOLVED_REGISTER_GATE->FATAL_RECOVERY_FAILURE,FATAL_RECOVERY_FAILURE,UNRESOLVED_COMMITTED_REGISTERS=0x00:0x00;0x00:0x0C;0x00:0x10;0x00:0x14;0x00:0x18;0x00:0x21;0x00:0x22;0x00:0x30;0x00:0x34;0x00:0x3C;0x00:0x44;0x00:0x48;0x00:0x4C;0x00:0x50;0x00:0x64;0x00:0x93;0x00:0xA4;0x01:0xED;0x02:0x02;0x02:0x28;0x02:0x29;0x02:0x2A;0x02:0x2B;0x02:0x2C;0x05:0x00;0x05:0x01;0x05:0x05;0x05:0x08;0x05:0x0E;0x05:0x11;0x05:0x1B;0x05:0x20;0x05:0x23;0x05:0x26;0x05:0x27;0x05:0x29;0x05:0x2A;0x05:0x2B;0x05:0x57;0x05:0x58;0x05:0x59;0x05:0x5B;0x05:0x5F;0x05:0x69;0x05:0x6E;0x05:0x6F;0x05:0x76;0x05:0x90;0x05:0xB8;0x05:0xC8;0x05:0xD1;0x05:0xD4;0x09:0x40;0x09:0x44;0x09:0x64;0x09:0x6A;0x09:0x6B;0x09:0x6C;0x09:0x80;0x09:0x81;0x09:0x97;0x0A:0x60;0x0A:0x61;0x0A:0x62;0x0A:0x63;0x0A:0x64;0x0A:0x65;0x0A:0x66;0x0A:0x67;0x0A:0x68;0x0A:0x69;0x0A:0x6A;0x0A:0x6B;0x0A:0x6C;0x0A:0x6D;0x0A:0x6E;0x0A:0x6F;0x0A:0x70;0x0A:0x71;0x0A:0x72;0x0A:0x74
756,108,MODE1_0108_FHD_COMMON_BANK_SELECT,MMIO_RESET,82,81,ABORTING->PRODUCT_RECONSTRUCTION_GAP->FATAL_RECOVERY_FAILURE,FATAL_RECOVERY_FAILURE,CALLABLE_RESET_AUTOINIT_OR_PERSISTENT_RECOVERY_CONTEXT_NOT_PROVEN
757,109,MODE1_0109_FHD_COMMON_WRITE,FAILURE_BEFORE_WRITE,82,81,ABORTING->UNRESOLVED_REGISTER_GATE->FATAL_RECOVERY_FAILURE,FATAL_RECOVERY_FAILURE,UNRESOLVED_COMMITTED_REGISTERS=0x00:0x00;0x00:0x0C;0x00:0x10;0x00:0x14;0x00:0x18;0x00:0x21;0x00:0x22;0x00:0x30;0x00:0x34;0x00:0x3C;0x00:0x44;0x00:0x48;0x00:0x4C;0x00:0x50;0x00:0x64;0x00:0x93;0x00:0xA4;0x01:0xED;0x02:0x02;0x02:0x28;0x02:0x29;0x02:0x2A;0x02:0x2B;0x02:0x2C;0x05:0x00;0x05:0x01;0x05:0x05;0x05:0x08;0x05:0x0E;0x05:0x11;0x05:0x1B;0x05:0x20;0x05:0x23;0x05:0x26;0x05:0x27;0x05:0x29;0x05:0x2A;0x05:0x2B;0x05:0x57;0x05:0x58;0x05:0x59;0x05:0x5B;0x05:0x5F;0x05:0x69;0x05:0x6E;0x05:0x6F;0x05:0x76;0x05:0x90;0x05:0xB8;0x05:0xC8;0x05:0xD1;0x05:0xD4;0x09:0x40;0x09:0x44;0x09:0x64;0x09:0x6A;0x09:0x6B;0x09:0x6C;0x09:0x80;0x09:0x81;0x09:0x97;0x0A:0x60;0x0A:0x61;0x0A:0x62;0x0A:0x63;0x0A:0x64;0x0A:0x65;0x0A:0x66;0x0A:0x67;0x0A:0x68;0x0A:0x69;0x0A:0x6A;0x0A:0x6B;0x0A:0x6C;0x0A:0x6D;0x0A:0x6E;0x0A:0x6F;0x0A:0x70;0x0A:0x71;0x0A:0x72;0x0A:0x74
758,109,MODE1_0109_FHD_COMMON_WRITE,NACK_DURING_WRITE,83,82,ABORTING->UNRESOLVED_REGISTER_GATE->FATAL_RECOVERY_FAILURE,FATAL_RECOVERY_FAILURE,UNRESOLVED_COMMITTED_REGISTERS=0x00:0x00;0x00:0x0C;0x00:0x10;0x00:0x14;0x00:0x18;0x00:0x21;0x00:0x22;0x00:0x30;0x00:0x34;0x00:0x3C;0x00:0x44;0x00:0x48;0x00:0x4C;0x00:0x50;0x00:0x64;0x00:0x93;0x00:0xA4;0x01:0xED;0x02:0x02;0x02:0x28;0x02:0x29;0x02:0x2A;0x02:0x2B;0x02:0x2C;0x05:0x00;0x05:0x01;0x05:0x05;0x05:0x08;0x05:0x0E;0x05:0x11;0x05:0x1B;0x05:0x20;0x05:0x23;0x05:0x26;0x05:0x27;0x05:0x29;0x05:0x2A;0x05:0x2B;0x05:0x57;0x05:0x58;0x05:0x59;0x05:0x5B;0x05:0x5F;0x05:0x69;0x05:0x6E;0x05:0x6F;0x05:0x76;0x05:0x90;0x05:0xB8;0x05:0xC8;0x05:0xD1;0x05:0xD4;0x09:0x40;0x09:0x44;0x09:0x64;0x09:0x6A;0x09:0x6B;0x09:0x6C;0x09:0x80;0x09:0x81;0x09:0x97;0x0A:0x60;0x0A:0x61;0x0A:0x62;0x0A:0x63;0x0A:0x64;0x0A:0x65;0x0A:0x66;0x0A:0x67;0x0A:0x68;0x0A:0x69;0x0A:0x6A;0x0A:0x6B;0x0A:0x6C;0x0A:0x6D;0x0A:0x6E;0x0A:0x6F;0x0A:0x70;0x0A:0x71;0x0A:0x72;0x0A:0x74;0x11:0x00
759,109,MODE1_0109_FHD_COMMON_WRITE,TIMEOUT_DURING_WRITE,83,82,ABORTING->UNRESOLVED_REGISTER_GATE->FATAL_RECOVERY_FAILURE,FATAL_RECOVERY_FAILURE,UNRESOLVED_COMMITTED_REGISTERS=0x00:0x00;0x00:0x0C;0x00:0x10;0x00:0x14;0x00:0x18;0x00:0x21;0x00:0x22;0x00:0x30;0x00:0x34;0x00:0x3C;0x00:0x44;0x00:0x48;0x00:0x4C;0x00:0x50;0x00:0x64;0x00:0x93;0x00:0xA4;0x01:0xED;0x02:0x02;0x02:0x28;0x02:0x29;0x02:0x2A;0x02:0x2B;0x02:0x2C;0x05:0x00;0x05:0x01;0x05:0x05;0x05:0x08;0x05:0x0E;0x05:0x11;0x05:0x1B;0x05:0x20;0x05:0x23;0x05:0x26;0x05:0x27;0x05:0x29;0x05:0x2A;0x05:0x2B;0x05:0x57;0x05:0x58;0x05:0x59;0x05:0x5B;0x05:0x5F;0x05:0x69;0x05:0x6E;0x05:0x6F;0x05:0x76;0x05:0x90;0x05:0xB8;0x05:0xC8;0x05:0xD1;0x05:0xD4;0x09:0x40;0x09:0x44;0x09:0x64;0x09:0x6A;0x09:0x6B;0x09:0x6C;0x09:0x80;0x09:0x81;0x09:0x97;0x0A:0x60;0x0A:0x61;0x0A:0x62;0x0A:0x63;0x0A:0x64;0x0A:0x65;0x0A:0x66;0x0A:0x67;0x0A:0x68;0x0A:0x69;0x0A:0x6A;0x0A:0x6B;0x0A:0x6C;0x0A:0x6D;0x0A:0x6E;0x0A:0x6F;0x0A:0x70;0x0A:0x71;0x0A:0x72;0x0A:0x74;0x11:0x00
760,109,MODE1_0109_FHD_COMMON_WRITE,READBACK_MISMATCH,83,82,ABORTING->UNRESOLVED_REGISTER_GATE->FATAL_RECOVERY_FAILURE,FATAL_RECOVERY_FAILURE,UNRESOLVED_COMMITTED_REGISTERS=0x00:0x00;0x00:0x0C;0x00:0x10;0x00:0x14;0x00:0x18;0x00:0x21;0x00:0x22;0x00:0x30;0x00:0x34;0x00:0x3C;0x00:0x44;0x00:0x48;0x00:0x4C;0x00:0x50;0x00:0x64;0x00:0x93;0x00:0xA4;0x01:0xED;0x02:0x02;0x02:0x28;0x02:0x29;0x02:0x2A;0x02:0x2B;0x02:0x2C;0x05:0x00;0x05:0x01;0x05:0x05;0x05:0x08;0x05:0x0E;0x05:0x11;0x05:0x1B;0x05:0x20;0x05:0x23;0x05:0x26;0x05:0x27;0x05:0x29;0x05:0x2A;0x05:0x2B;0x05:0x57;0x05:0x58;0x05:0x59;0x05:0x5B;0x05:0x5F;0x05:0x69;0x05:0x6E;0x05:0x6F;0x05:0x76;0x05:0x90;0x05:0xB8;0x05:0xC8;0x05:0xD1;0x05:0xD4;0x09:0x40;0x09:0x44;0x09:0x64;0x09:0x6A;0x09:0x6B;0x09:0x6C;0x09:0x80;0x09:0x81;0x09:0x97;0x0A:0x60;0x0A:0x61;0x0A:0x62;0x0A:0x63;0x0A:0x64;0x0A:0x65;0x0A:0x66;0x0A:0x67;0x0A:0x68;0x0A:0x69;0x0A:0x6A;0x0A:0x6B;0x0A:0x6C;0x0A:0x6D;0x0A:0x6E;0x0A:0x6F;0x0A:0x70;0x0A:0x71;0x0A:0x72;0x0A:0x74;0x11:0x00
761,109,MODE1_0109_FHD_COMMON_WRITE,RESET_BETWEEN_OPERATIONS,83,82,ABORTING->PRODUCT_RECONSTRUCTION_GAP->FATAL_RECOVERY_FAILURE,FATAL_RECOVERY_FAILURE,CALLABLE_RESET_AUTOINIT_OR_PERSISTENT_RECOVERY_CONTEXT_NOT_PROVEN
762,109,MODE1_0109_FHD_COMMON_WRITE,HOST_ABORT,83,82,ABORTING->UNRESOLVED_REGISTER_GATE->FATAL_RECOVERY_FAILURE,FATAL_RECOVERY_FAILURE,UNRESOLVED_COMMITTED_REGISTERS=0x00:0x00;0x00:0x0C;0x00:0x10;0x00:0x14;0x00:0x18;0x00:0x21;0x00:0x22;0x00:0x30;0x00:0x34;0x00:0x3C;0x00:0x44;0x00:0x48;0x00:0x4C;0x00:0x50;0x00:0x64;0x00:0x93;0x00:0xA4;0x01:0xED;0x02:0x02;0x02:0x28;0x02:0x29;0x02:0x2A;0x02:0x2B;0x02:0x2C;0x05:0x00;0x05:0x01;0x05:0x05;0x05:0x08;0x05:0x0E;0x05:0x11;0x05:0x1B;0x05:0x20;0x05:0x23;0x05:0x26;0x05:0x27;0x05:0x29;0x05:0x2A;0x05:0x2B;0x05:0x57;0x05:0x58;0x05:0x59;0x05:0x5B;0x05:0x5F;0x05:0x69;0x05:0x6E;0x05:0x6F;0x05:0x76;0x05:0x90;0x05:0xB8;0x05:0xC8;0x05:0xD1;0x05:0xD4;0x09:0x40;0x09:0x44;0x09:0x64;0x09:0x6A;0x09:0x6B;0x09:0x6C;0x09:0x80;0x09:0x81;0x09:0x97;0x0A:0x60;0x0A:0x61;0x0A:0x62;0x0A:0x63;0x0A:0x64;0x0A:0x65;0x0A:0x66;0x0A:0x67;0x0A:0x68;0x0A:0x69;0x0A:0x6A;0x0A:0x6B;0x0A:0x6C;0x0A:0x6D;0x0A:0x6E;0x0A:0x6F;0x0A:0x70;0x0A:0x71;0x0A:0x72;0x0A:0x74;0x11:0x00
763,109,MODE1_0109_FHD_COMMON_WRITE,MMIO_RESET,83,82,ABORTING->PRODUCT_RECONSTRUCTION_GAP->FATAL_RECOVERY_FAILURE,FATAL_RECOVERY_FAILURE,CALLABLE_RESET_AUTOINIT_OR_PERSISTENT_RECOVERY_CONTEXT_NOT_PROVEN
764,110,MODE1_0110_AHD1080P25_BANK_SELECT,FAILURE_BEFORE_WRITE,83,82,ABORTING->UNRESOLVED_REGISTER_GATE->FATAL_RECOVERY_FAILURE,FATAL_RECOVERY_FAILURE,UNRESOLVED_COMMITTED_REGISTERS=0x00:0x00;0x00:0x0C;0x00:0x10;0x00:0x14;0x00:0x18;0x00:0x21;0x00:0x22;0x00:0x30;0x00:0x34;0x00:0x3C;0x00:0x44;0x00:0x48;0x00:0x4C;0x00:0x50;0x00:0x64;0x00:0x93;0x00:0xA4;0x01:0xED;0x02:0x02;0x02:0x28;0x02:0x29;0x02:0x2A;0x02:0x2B;0x02:0x2C;0x05:0x00;0x05:0x01;0x05:0x05;0x05:0x08;0x05:0x0E;0x05:0x11;0x05:0x1B;0x05:0x20;0x05:0x23;0x05:0x26;0x05:0x27;0x05:0x29;0x05:0x2A;0x05:0x2B;0x05:0x57;0x05:0x58;0x05:0x59;0x05:0x5B;0x05:0x5F;0x05:0x69;0x05:0x6E;0x05:0x6F;0x05:0x76;0x05:0x90;0x05:0xB8;0x05:0xC8;0x05:0xD1;0x05:0xD4;0x09:0x40;0x09:0x44;0x09:0x64;0x09:0x6A;0x09:0x6B;0x09:0x6C;0x09:0x80;0x09:0x81;0x09:0x97;0x0A:0x60;0x0A:0x61;0x0A:0x62;0x0A:0x63;0x0A:0x64;0x0A:0x65;0x0A:0x66;0x0A:0x67;0x0A:0x68;0x0A:0x69;0x0A:0x6A;0x0A:0x6B;0x0A:0x6C;0x0A:0x6D;0x0A:0x6E;0x0A:0x6F;0x0A:0x70;0x0A:0x71;0x0A:0x72;0x0A:0x74;0x11:0x00
765,110,MODE1_0110_AHD1080P25_BANK_SELECT,NACK_DURING_WRITE,83,82,ABORTING->UNRESOLVED_REGISTER_GATE->FATAL_RECOVERY_FAILURE,FATAL_RECOVERY_FAILURE,UNRESOLVED_COMMITTED_REGISTERS=0x00:0x00;0x00:0x0C;0x00:0x10;0x00:0x14;0x00:0x18;0x00:0x21;0x00:0x22;0x00:0x30;0x00:0x34;0x00:0x3C;0x00:0x44;0x00:0x48;0x00:0x4C;0x00:0x50;0x00:0x64;0x00:0x93;0x00:0xA4;0x01:0xED;0x02:0x02;0x02:0x28;0x02:0x29;0x02:0x2A;0x02:0x2B;0x02:0x2C;0x05:0x00;0x05:0x01;0x05:0x05;0x05:0x08;0x05:0x0E;0x05:0x11;0x05:0x1B;0x05:0x20;0x05:0x23;0x05:0x26;0x05:0x27;0x05:0x29;0x05:0x2A;0x05:0x2B;0x05:0x57;0x05:0x58;0x05:0x59;0x05:0x5B;0x05:0x5F;0x05:0x69;0x05:0x6E;0x05:0x6F;0x05:0x76;0x05:0x90;0x05:0xB8;0x05:0xC8;0x05:0xD1;0x05:0xD4;0x09:0x40;0x09:0x44;0x09:0x64;0x09:0x6A;0x09:0x6B;0x09:0x6C;0x09:0x80;0x09:0x81;0x09:0x97;0x0A:0x60;0x0A:0x61;0x0A:0x62;0x0A:0x63;0x0A:0x64;0x0A:0x65;0x0A:0x66;0x0A:0x67;0x0A:0x68;0x0A:0x69;0x0A:0x6A;0x0A:0x6B;0x0A:0x6C;0x0A:0x6D;0x0A:0x6E;0x0A:0x6F;0x0A:0x70;0x0A:0x71;0x0A:0x72;0x0A:0x74;0x11:0x00
766,110,MODE1_0110_AHD1080P25_BANK_SELECT,TIMEOUT_DURING_WRITE,83,82,ABORTING->UNRESOLVED_REGISTER_GATE->FATAL_RECOVERY_FAILURE,FATAL_RECOVERY_FAILURE,UNRESOLVED_COMMITTED_REGISTERS=0x00:0x00;0x00:0x0C;0x00:0x10;0x00:0x14;0x00:0x18;0x00:0x21;0x00:0x22;0x00:0x30;0x00:0x34;0x00:0x3C;0x00:0x44;0x00:0x48;0x00:0x4C;0x00:0x50;0x00:0x64;0x00:0x93;0x00:0xA4;0x01:0xED;0x02:0x02;0x02:0x28;0x02:0x29;0x02:0x2A;0x02:0x2B;0x02:0x2C;0x05:0x00;0x05:0x01;0x05:0x05;0x05:0x08;0x05:0x0E;0x05:0x11;0x05:0x1B;0x05:0x20;0x05:0x23;0x05:0x26;0x05:0x27;0x05:0x29;0x05:0x2A;0x05:0x2B;0x05:0x57;0x05:0x58;0x05:0x59;0x05:0x5B;0x05:0x5F;0x05:0x69;0x05:0x6E;0x05:0x6F;0x05:0x76;0x05:0x90;0x05:0xB8;0x05:0xC8;0x05:0xD1;0x05:0xD4;0x09:0x40;0x09:0x44;0x09:0x64;0x09:0x6A;0x09:0x6B;0x09:0x6C;0x09:0x80;0x09:0x81;0x09:0x97;0x0A:0x60;0x0A:0x61;0x0A:0x62;0x0A:0x63;0x0A:0x64;0x0A:0x65;0x0A:0x66;0x0A:0x67;0x0A:0x68;0x0A:0x69;0x0A:0x6A;0x0A:0x6B;0x0A:0x6C;0x0A:0x6D;0x0A:0x6E;0x0A:0x6F;0x0A:0x70;0x0A:0x71;0x0A:0x72;0x0A:0x74;0x11:0x00
767,110,MODE1_0110_AHD1080P25_BANK_SELECT,READBACK_MISMATCH,83,82,ABORTING->UNRESOLVED_REGISTER_GATE->FATAL_RECOVERY_FAILURE,FATAL_RECOVERY_FAILURE,UNRESOLVED_COMMITTED_REGISTERS=0x00:0x00;0x00:0x0C;0x00:0x10;0x00:0x14;0x00:0x18;0x00:0x21;0x00:0x22;0x00:0x30;0x00:0x34;0x00:0x3C;0x00:0x44;0x00:0x48;0x00:0x4C;0x00:0x50;0x00:0x64;0x00:0x93;0x00:0xA4;0x01:0xED;0x02:0x02;0x02:0x28;0x02:0x29;0x02:0x2A;0x02:0x2B;0x02:0x2C;0x05:0x00;0x05:0x01;0x05:0x05;0x05:0x08;0x05:0x0E;0x05:0x11;0x05:0x1B;0x05:0x20;0x05:0x23;0x05:0x26;0x05:0x27;0x05:0x29;0x05:0x2A;0x05:0x2B;0x05:0x57;0x05:0x58;0x05:0x59;0x05:0x5B;0x05:0x5F;0x05:0x69;0x05:0x6E;0x05:0x6F;0x05:0x76;0x05:0x90;0x05:0xB8;0x05:0xC8;0x05:0xD1;0x05:0xD4;0x09:0x40;0x09:0x44;0x09:0x64;0x09:0x6A;0x09:0x6B;0x09:0x6C;0x09:0x80;0x09:0x81;0x09:0x97;0x0A:0x60;0x0A:0x61;0x0A:0x62;0x0A:0x63;0x0A:0x64;0x0A:0x65;0x0A:0x66;0x0A:0x67;0x0A:0x68;0x0A:0x69;0x0A:0x6A;0x0A:0x6B;0x0A:0x6C;0x0A:0x6D;0x0A:0x6E;0x0A:0x6F;0x0A:0x70;0x0A:0x71;0x0A:0x72;0x0A:0x74;0x11:0x00
768,110,MODE1_0110_AHD1080P25_BANK_SELECT,RESET_BETWEEN_OPERATIONS,83,82,ABORTING->PRODUCT_RECONSTRUCTION_GAP->FATAL_RECOVERY_FAILURE,FATAL_RECOVERY_FAILURE,CALLABLE_RESET_AUTOINIT_OR_PERSISTENT_RECOVERY_CONTEXT_NOT_PROVEN
769,110,MODE1_0110_AHD1080P25_BANK_SELECT,HOST_ABORT,83,82,ABORTING->UNRESOLVED_REGISTER_GATE->FATAL_RECOVERY_FAILURE,FATAL_RECOVERY_FAILURE,UNRESOLVED_COMMITTED_REGISTERS=0x00:0x00;0x00:0x0C;0x00:0x10;0x00:0x14;0x00:0x18;0x00:0x21;0x00:0x22;0x00:0x30;0x00:0x34;0x00:0x3C;0x00:0x44;0x00:0x48;0x00:0x4C;0x00:0x50;0x00:0x64;0x00:0x93;0x00:0xA4;0x01:0xED;0x02:0x02;0x02:0x28;0x02:0x29;0x02:0x2A;0x02:0x2B;0x02:0x2C;0x05:0x00;0x05:0x01;0x05:0x05;0x05:0x08;0x05:0x0E;0x05:0x11;0x05:0x1B;0x05:0x20;0x05:0x23;0x05:0x26;0x05:0x27;0x05:0x29;0x05:0x2A;0x05:0x2B;0x05:0x57;0x05:0x58;0x05:0x59;0x05:0x5B;0x05:0x5F;0x05:0x69;0x05:0x6E;0x05:0x6F;0x05:0x76;0x05:0x90;0x05:0xB8;0x05:0xC8;0x05:0xD1;0x05:0xD4;0x09:0x40;0x09:0x44;0x09:0x64;0x09:0x6A;0x09:0x6B;0x09:0x6C;0x09:0x80;0x09:0x81;0x09:0x97;0x0A:0x60;0x0A:0x61;0x0A:0x62;0x0A:0x63;0x0A:0x64;0x0A:0x65;0x0A:0x66;0x0A:0x67;0x0A:0x68;0x0A:0x69;0x0A:0x6A;0x0A:0x6B;0x0A:0x6C;0x0A:0x6D;0x0A:0x6E;0x0A:0x6F;0x0A:0x70;0x0A:0x71;0x0A:0x72;0x0A:0x74;0x11:0x00
770,110,MODE1_0110_AHD1080P25_BANK_SELECT,MMIO_RESET,83,82,ABORTING->PRODUCT_RECONSTRUCTION_GAP->FATAL_RECOVERY_FAILURE,FATAL_RECOVERY_FAILURE,CALLABLE_RESET_AUTOINIT_OR_PERSISTENT_RECOVERY_CONTEXT_NOT_PROVEN
771,111,MODE1_0111_AHD1080P25_WRITE,FAILURE_BEFORE_WRITE,83,82,ABORTING->UNRESOLVED_REGISTER_GATE->FATAL_RECOVERY_FAILURE,FATAL_RECOVERY_FAILURE,UNRESOLVED_COMMITTED_REGISTERS=0x00:0x00;0x00:0x0C;0x00:0x10;0x00:0x14;0x00:0x18;0x00:0x21;0x00:0x22;0x00:0x30;0x00:0x34;0x00:0x3C;0x00:0x44;0x00:0x48;0x00:0x4C;0x00:0x50;0x00:0x64;0x00:0x93;0x00:0xA4;0x01:0xED;0x02:0x02;0x02:0x28;0x02:0x29;0x02:0x2A;0x02:0x2B;0x02:0x2C;0x05:0x00;0x05:0x01;0x05:0x05;0x05:0x08;0x05:0x0E;0x05:0x11;0x05:0x1B;0x05:0x20;0x05:0x23;0x05:0x26;0x05:0x27;0x05:0x29;0x05:0x2A;0x05:0x2B;0x05:0x57;0x05:0x58;0x05:0x59;0x05:0x5B;0x05:0x5F;0x05:0x69;0x05:0x6E;0x05:0x6F;0x05:0x76;0x05:0x90;0x05:0xB8;0x05:0xC8;0x05:0xD1;0x05:0xD4;0x09:0x40;0x09:0x44;0x09:0x64;0x09:0x6A;0x09:0x6B;0x09:0x6C;0x09:0x80;0x09:0x81;0x09:0x97;0x0A:0x60;0x0A:0x61;0x0A:0x62;0x0A:0x63;0x0A:0x64;0x0A:0x65;0x0A:0x66;0x0A:0x67;0x0A:0x68;0x0A:0x69;0x0A:0x6A;0x0A:0x6B;0x0A:0x6C;0x0A:0x6D;0x0A:0x6E;0x0A:0x6F;0x0A:0x70;0x0A:0x71;0x0A:0x72;0x0A:0x74;0x11:0x00
772,111,MODE1_0111_AHD1080P25_WRITE,NACK_DURING_WRITE,84,82,ABORTING->UNRESOLVED_REGISTER_GATE->FATAL_RECOVERY_FAILURE,FATAL_RECOVERY_FAILURE,UNRESOLVED_COMMITTED_REGISTERS=0x00:0x00;0x00:0x0C;0x00:0x10;0x00:0x14;0x00:0x18;0x00:0x21;0x00:0x22;0x00:0x30;0x00:0x34;0x00:0x3C;0x00:0x44;0x00:0x48;0x00:0x4C;0x00:0x50;0x00:0x64;0x00:0x93;0x00:0xA4;0x01:0xED;0x02:0x02;0x02:0x28;0x02:0x29;0x02:0x2A;0x02:0x2B;0x02:0x2C;0x05:0x00;0x05:0x01;0x05:0x05;0x05:0x08;0x05:0x0E;0x05:0x11;0x05:0x1B;0x05:0x20;0x05:0x23;0x05:0x26;0x05:0x27;0x05:0x29;0x05:0x2A;0x05:0x2B;0x05:0x57;0x05:0x58;0x05:0x59;0x05:0x5B;0x05:0x5F;0x05:0x69;0x05:0x6E;0x05:0x6F;0x05:0x76;0x05:0x90;0x05:0xB8;0x05:0xC8;0x05:0xD1;0x05:0xD4;0x09:0x40;0x09:0x44;0x09:0x64;0x09:0x6A;0x09:0x6B;0x09:0x6C;0x09:0x80;0x09:0x81;0x09:0x97;0x0A:0x60;0x0A:0x61;0x0A:0x62;0x0A:0x63;0x0A:0x64;0x0A:0x65;0x0A:0x66;0x0A:0x67;0x0A:0x68;0x0A:0x69;0x0A:0x6A;0x0A:0x6B;0x0A:0x6C;0x0A:0x6D;0x0A:0x6E;0x0A:0x6F;0x0A:0x70;0x0A:0x71;0x0A:0x72;0x0A:0x74;0x11:0x00
773,111,MODE1_0111_AHD1080P25_WRITE,TIMEOUT_DURING_WRITE,84,82,ABORTING->UNRESOLVED_REGISTER_GATE->FATAL_RECOVERY_FAILURE,FATAL_RECOVERY_FAILURE,UNRESOLVED_COMMITTED_REGISTERS=0x00:0x00;0x00:0x0C;0x00:0x10;0x00:0x14;0x00:0x18;0x00:0x21;0x00:0x22;0x00:0x30;0x00:0x34;0x00:0x3C;0x00:0x44;0x00:0x48;0x00:0x4C;0x00:0x50;0x00:0x64;0x00:0x93;0x00:0xA4;0x01:0xED;0x02:0x02;0x02:0x28;0x02:0x29;0x02:0x2A;0x02:0x2B;0x02:0x2C;0x05:0x00;0x05:0x01;0x05:0x05;0x05:0x08;0x05:0x0E;0x05:0x11;0x05:0x1B;0x05:0x20;0x05:0x23;0x05:0x26;0x05:0x27;0x05:0x29;0x05:0x2A;0x05:0x2B;0x05:0x57;0x05:0x58;0x05:0x59;0x05:0x5B;0x05:0x5F;0x05:0x69;0x05:0x6E;0x05:0x6F;0x05:0x76;0x05:0x90;0x05:0xB8;0x05:0xC8;0x05:0xD1;0x05:0xD4;0x09:0x40;0x09:0x44;0x09:0x64;0x09:0x6A;0x09:0x6B;0x09:0x6C;0x09:0x80;0x09:0x81;0x09:0x97;0x0A:0x60;0x0A:0x61;0x0A:0x62;0x0A:0x63;0x0A:0x64;0x0A:0x65;0x0A:0x66;0x0A:0x67;0x0A:0x68;0x0A:0x69;0x0A:0x6A;0x0A:0x6B;0x0A:0x6C;0x0A:0x6D;0x0A:0x6E;0x0A:0x6F;0x0A:0x70;0x0A:0x71;0x0A:0x72;0x0A:0x74;0x11:0x00
774,111,MODE1_0111_AHD1080P25_WRITE,READBACK_MISMATCH,84,82,ABORTING->UNRESOLVED_REGISTER_GATE->FATAL_RECOVERY_FAILURE,FATAL_RECOVERY_FAILURE,UNRESOLVED_COMMITTED_REGISTERS=0x00:0x00;0x00:0x0C;0x00:0x10;0x00:0x14;0x00:0x18;0x00:0x21;0x00:0x22;0x00:0x30;0x00:0x34;0x00:0x3C;0x00:0x44;0x00:0x48;0x00:0x4C;0x00:0x50;0x00:0x64;0x00:0x93;0x00:0xA4;0x01:0xED;0x02:0x02;0x02:0x28;0x02:0x29;0x02:0x2A;0x02:0x2B;0x02:0x2C;0x05:0x00;0x05:0x01;0x05:0x05;0x05:0x08;0x05:0x0E;0x05:0x11;0x05:0x1B;0x05:0x20;0x05:0x23;0x05:0x26;0x05:0x27;0x05:0x29;0x05:0x2A;0x05:0x2B;0x05:0x57;0x05:0x58;0x05:0x59;0x05:0x5B;0x05:0x5F;0x05:0x69;0x05:0x6E;0x05:0x6F;0x05:0x76;0x05:0x90;0x05:0xB8;0x05:0xC8;0x05:0xD1;0x05:0xD4;0x09:0x40;0x09:0x44;0x09:0x64;0x09:0x6A;0x09:0x6B;0x09:0x6C;0x09:0x80;0x09:0x81;0x09:0x97;0x0A:0x60;0x0A:0x61;0x0A:0x62;0x0A:0x63;0x0A:0x64;0x0A:0x65;0x0A:0x66;0x0A:0x67;0x0A:0x68;0x0A:0x69;0x0A:0x6A;0x0A:0x6B;0x0A:0x6C;0x0A:0x6D;0x0A:0x6E;0x0A:0x6F;0x0A:0x70;0x0A:0x71;0x0A:0x72;0x0A:0x74;0x11:0x00
775,111,MODE1_0111_AHD1080P25_WRITE,RESET_BETWEEN_OPERATIONS,84,82,ABORTING->PRODUCT_RECONSTRUCTION_GAP->FATAL_RECOVERY_FAILURE,FATAL_RECOVERY_FAILURE,CALLABLE_RESET_AUTOINIT_OR_PERSISTENT_RECOVERY_CONTEXT_NOT_PROVEN
776,111,MODE1_0111_AHD1080P25_WRITE,HOST_ABORT,84,82,ABORTING->UNRESOLVED_REGISTER_GATE->FATAL_RECOVERY_FAILURE,FATAL_RECOVERY_FAILURE,UNRESOLVED_COMMITTED_REGISTERS=0x00:0x00;0x00:0x0C;0x00:0x10;0x00:0x14;0x00:0x18;0x00:0x21;0x00:0x22;0x00:0x30;0x00:0x34;0x00:0x3C;0x00:0x44;0x00:0x48;0x00:0x4C;0x00:0x50;0x00:0x64;0x00:0x93;0x00:0xA4;0x01:0xED;0x02:0x02;0x02:0x28;0x02:0x29;0x02:0x2A;0x02:0x2B;0x02:0x2C;0x05:0x00;0x05:0x01;0x05:0x05;0x05:0x08;0x05:0x0E;0x05:0x11;0x05:0x1B;0x05:0x20;0x05:0x23;0x05:0x26;0x05:0x27;0x05:0x29;0x05:0x2A;0x05:0x2B;0x05:0x57;0x05:0x58;0x05:0x59;0x05:0x5B;0x05:0x5F;0x05:0x69;0x05:0x6E;0x05:0x6F;0x05:0x76;0x05:0x90;0x05:0xB8;0x05:0xC8;0x05:0xD1;0x05:0xD4;0x09:0x40;0x09:0x44;0x09:0x64;0x09:0x6A;0x09:0x6B;0x09:0x6C;0x09:0x80;0x09:0x81;0x09:0x97;0x0A:0x60;0x0A:0x61;0x0A:0x62;0x0A:0x63;0x0A:0x64;0x0A:0x65;0x0A:0x66;0x0A:0x67;0x0A:0x68;0x0A:0x69;0x0A:0x6A;0x0A:0x6B;0x0A:0x6C;0x0A:0x6D;0x0A:0x6E;0x0A:0x6F;0x0A:0x70;0x0A:0x71;0x0A:0x72;0x0A:0x74;0x11:0x00
777,111,MODE1_0111_AHD1080P25_WRITE,MMIO_RESET,84,82,ABORTING->PRODUCT_RECONSTRUCTION_GAP->FATAL_RECOVERY_FAILURE,FATAL_RECOVERY_FAILURE,CALLABLE_RESET_AUTOINIT_OR_PERSISTENT_RECOVERY_CONTEXT_NOT_PROVEN
778,112,MODE1_0112_AHD1080P25_WRITE,FAILURE_BEFORE_WRITE,84,82,ABORTING->UNRESOLVED_REGISTER_GATE->FATAL_RECOVERY_FAILURE,FATAL_RECOVERY_FAILURE,UNRESOLVED_COMMITTED_REGISTERS=0x00:0x00;0x00:0x0C;0x00:0x10;0x00:0x14;0x00:0x18;0x00:0x21;0x00:0x22;0x00:0x30;0x00:0x34;0x00:0x3C;0x00:0x44;0x00:0x48;0x00:0x4C;0x00:0x50;0x00:0x64;0x00:0x93;0x00:0xA4;0x01:0xED;0x02:0x02;0x02:0x28;0x02:0x29;0x02:0x2A;0x02:0x2B;0x02:0x2C;0x05:0x00;0x05:0x01;0x05:0x05;0x05:0x08;0x05:0x0E;0x05:0x11;0x05:0x1B;0x05:0x20;0x05:0x23;0x05:0x26;0x05:0x27;0x05:0x29;0x05:0x2A;0x05:0x2B;0x05:0x57;0x05:0x58;0x05:0x59;0x05:0x5B;0x05:0x5F;0x05:0x69;0x05:0x6E;0x05:0x6F;0x05:0x76;0x05:0x90;0x05:0xB8;0x05:0xC8;0x05:0xD1;0x05:0xD4;0x09:0x40;0x09:0x44;0x09:0x64;0x09:0x6A;0x09:0x6B;0x09:0x6C;0x09:0x80;0x09:0x81;0x09:0x97;0x0A:0x60;0x0A:0x61;0x0A:0x62;0x0A:0x63;0x0A:0x64;0x0A:0x65;0x0A:0x66;0x0A:0x67;0x0A:0x68;0x0A:0x69;0x0A:0x6A;0x0A:0x6B;0x0A:0x6C;0x0A:0x6D;0x0A:0x6E;0x0A:0x6F;0x0A:0x70;0x0A:0x71;0x0A:0x72;0x0A:0x74;0x11:0x00
779,112,MODE1_0112_AHD1080P25_WRITE,NACK_DURING_WRITE,85,82,ABORTING->UNRESOLVED_REGISTER_GATE->FATAL_RECOVERY_FAILURE,FATAL_RECOVERY_FAILURE,UNRESOLVED_COMMITTED_REGISTERS=0x00:0x00;0x00:0x0C;0x00:0x10;0x00:0x14;0x00:0x18;0x00:0x21;0x00:0x22;0x00:0x30;0x00:0x34;0x00:0x3C;0x00:0x44;0x00:0x48;0x00:0x4C;0x00:0x50;0x00:0x64;0x00:0x93;0x00:0xA4;0x01:0xED;0x02:0x02;0x02:0x28;0x02:0x29;0x02:0x2A;0x02:0x2B;0x02:0x2C;0x05:0x00;0x05:0x01;0x05:0x05;0x05:0x08;0x05:0x0E;0x05:0x11;0x05:0x1B;0x05:0x20;0x05:0x23;0x05:0x26;0x05:0x27;0x05:0x29;0x05:0x2A;0x05:0x2B;0x05:0x57;0x05:0x58;0x05:0x59;0x05:0x5B;0x05:0x5F;0x05:0x69;0x05:0x6E;0x05:0x6F;0x05:0x76;0x05:0x90;0x05:0xB8;0x05:0xC8;0x05:0xD1;0x05:0xD4;0x09:0x40;0x09:0x44;0x09:0x64;0x09:0x6A;0x09:0x6B;0x09:0x6C;0x09:0x80;0x09:0x81;0x09:0x97;0x0A:0x60;0x0A:0x61;0x0A:0x62;0x0A:0x63;0x0A:0x64;0x0A:0x65;0x0A:0x66;0x0A:0x67;0x0A:0x68;0x0A:0x69;0x0A:0x6A;0x0A:0x6B;0x0A:0x6C;0x0A:0x6D;0x0A:0x6E;0x0A:0x6F;0x0A:0x70;0x0A:0x71;0x0A:0x72;0x0A:0x74;0x11:0x00
780,112,MODE1_0112_AHD1080P25_WRITE,TIMEOUT_DURING_WRITE,85,82,ABORTING->UNRESOLVED_REGISTER_GATE->FATAL_RECOVERY_FAILURE,FATAL_RECOVERY_FAILURE,UNRESOLVED_COMMITTED_REGISTERS=0x00:0x00;0x00:0x0C;0x00:0x10;0x00:0x14;0x00:0x18;0x00:0x21;0x00:0x22;0x00:0x30;0x00:0x34;0x00:0x3C;0x00:0x44;0x00:0x48;0x00:0x4C;0x00:0x50;0x00:0x64;0x00:0x93;0x00:0xA4;0x01:0xED;0x02:0x02;0x02:0x28;0x02:0x29;0x02:0x2A;0x02:0x2B;0x02:0x2C;0x05:0x00;0x05:0x01;0x05:0x05;0x05:0x08;0x05:0x0E;0x05:0x11;0x05:0x1B;0x05:0x20;0x05:0x23;0x05:0x26;0x05:0x27;0x05:0x29;0x05:0x2A;0x05:0x2B;0x05:0x57;0x05:0x58;0x05:0x59;0x05:0x5B;0x05:0x5F;0x05:0x69;0x05:0x6E;0x05:0x6F;0x05:0x76;0x05:0x90;0x05:0xB8;0x05:0xC8;0x05:0xD1;0x05:0xD4;0x09:0x40;0x09:0x44;0x09:0x64;0x09:0x6A;0x09:0x6B;0x09:0x6C;0x09:0x80;0x09:0x81;0x09:0x97;0x0A:0x60;0x0A:0x61;0x0A:0x62;0x0A:0x63;0x0A:0x64;0x0A:0x65;0x0A:0x66;0x0A:0x67;0x0A:0x68;0x0A:0x69;0x0A:0x6A;0x0A:0x6B;0x0A:0x6C;0x0A:0x6D;0x0A:0x6E;0x0A:0x6F;0x0A:0x70;0x0A:0x71;0x0A:0x72;0x0A:0x74;0x11:0x00
781,112,MODE1_0112_AHD1080P25_WRITE,READBACK_MISMATCH,85,82,ABORTING->UNRESOLVED_REGISTER_GATE->FATAL_RECOVERY_FAILURE,FATAL_RECOVERY_FAILURE,UNRESOLVED_COMMITTED_REGISTERS=0x00:0x00;0x00:0x0C;0x00:0x10;0x00:0x14;0x00:0x18;0x00:0x21;0x00:0x22;0x00:0x30;0x00:0x34;0x00:0x3C;0x00:0x44;0x00:0x48;0x00:0x4C;0x00:0x50;0x00:0x64;0x00:0x93;0x00:0xA4;0x01:0xED;0x02:0x02;0x02:0x28;0x02:0x29;0x02:0x2A;0x02:0x2B;0x02:0x2C;0x05:0x00;0x05:0x01;0x05:0x05;0x05:0x08;0x05:0x0E;0x05:0x11;0x05:0x1B;0x05:0x20;0x05:0x23;0x05:0x26;0x05:0x27;0x05:0x29;0x05:0x2A;0x05:0x2B;0x05:0x57;0x05:0x58;0x05:0x59;0x05:0x5B;0x05:0x5F;0x05:0x69;0x05:0x6E;0x05:0x6F;0x05:0x76;0x05:0x90;0x05:0xB8;0x05:0xC8;0x05:0xD1;0x05:0xD4;0x09:0x40;0x09:0x44;0x09:0x64;0x09:0x6A;0x09:0x6B;0x09:0x6C;0x09:0x80;0x09:0x81;0x09:0x97;0x0A:0x60;0x0A:0x61;0x0A:0x62;0x0A:0x63;0x0A:0x64;0x0A:0x65;0x0A:0x66;0x0A:0x67;0x0A:0x68;0x0A:0x69;0x0A:0x6A;0x0A:0x6B;0x0A:0x6C;0x0A:0x6D;0x0A:0x6E;0x0A:0x6F;0x0A:0x70;0x0A:0x71;0x0A:0x72;0x0A:0x74;0x11:0x00
782,112,MODE1_0112_AHD1080P25_WRITE,RESET_BETWEEN_OPERATIONS,85,82,ABORTING->PRODUCT_RECONSTRUCTION_GAP->FATAL_RECOVERY_FAILURE,FATAL_RECOVERY_FAILURE,CALLABLE_RESET_AUTOINIT_OR_PERSISTENT_RECOVERY_CONTEXT_NOT_PROVEN
783,112,MODE1_0112_AHD1080P25_WRITE,HOST_ABORT,85,82,ABORTING->UNRESOLVED_REGISTER_GATE->FATAL_RECOVERY_FAILURE,FATAL_RECOVERY_FAILURE,UNRESOLVED_COMMITTED_REGISTERS=0x00:0x00;0x00:0x0C;0x00:0x10;0x00:0x14;0x00:0x18;0x00:0x21;0x00:0x22;0x00:0x30;0x00:0x34;0x00:0x3C;0x00:0x44;0x00:0x48;0x00:0x4C;0x00:0x50;0x00:0x64;0x00:0x93;0x00:0xA4;0x01:0xED;0x02:0x02;0x02:0x28;0x02:0x29;0x02:0x2A;0x02:0x2B;0x02:0x2C;0x05:0x00;0x05:0x01;0x05:0x05;0x05:0x08;0x05:0x0E;0x05:0x11;0x05:0x1B;0x05:0x20;0x05:0x23;0x05:0x26;0x05:0x27;0x05:0x29;0x05:0x2A;0x05:0x2B;0x05:0x57;0x05:0x58;0x05:0x59;0x05:0x5B;0x05:0x5F;0x05:0x69;0x05:0x6E;0x05:0x6F;0x05:0x76;0x05:0x90;0x05:0xB8;0x05:0xC8;0x05:0xD1;0x05:0xD4;0x09:0x40;0x09:0x44;0x09:0x64;0x09:0x6A;0x09:0x6B;0x09:0x6C;0x09:0x80;0x09:0x81;0x09:0x97;0x0A:0x60;0x0A:0x61;0x0A:0x62;0x0A:0x63;0x0A:0x64;0x0A:0x65;0x0A:0x66;0x0A:0x67;0x0A:0x68;0x0A:0x69;0x0A:0x6A;0x0A:0x6B;0x0A:0x6C;0x0A:0x6D;0x0A:0x6E;0x0A:0x6F;0x0A:0x70;0x0A:0x71;0x0A:0x72;0x0A:0x74;0x11:0x00
784,112,MODE1_0112_AHD1080P25_WRITE,MMIO_RESET,85,82,ABORTING->PRODUCT_RECONSTRUCTION_GAP->FATAL_RECOVERY_FAILURE,FATAL_RECOVERY_FAILURE,CALLABLE_RESET_AUTOINIT_OR_PERSISTENT_RECOVERY_CONTEXT_NOT_PROVEN
785,113,MODE1_0113_AHD1080P25_BANK_SELECT,FAILURE_BEFORE_WRITE,85,82,ABORTING->UNRESOLVED_REGISTER_GATE->FATAL_RECOVERY_FAILURE,FATAL_RECOVERY_FAILURE,UNRESOLVED_COMMITTED_REGISTERS=0x00:0x00;0x00:0x0C;0x00:0x10;0x00:0x14;0x00:0x18;0x00:0x21;0x00:0x22;0x00:0x30;0x00:0x34;0x00:0x3C;0x00:0x44;0x00:0x48;0x00:0x4C;0x00:0x50;0x00:0x64;0x00:0x93;0x00:0xA4;0x01:0xED;0x02:0x02;0x02:0x28;0x02:0x29;0x02:0x2A;0x02:0x2B;0x02:0x2C;0x05:0x00;0x05:0x01;0x05:0x05;0x05:0x08;0x05:0x0E;0x05:0x11;0x05:0x1B;0x05:0x20;0x05:0x23;0x05:0x26;0x05:0x27;0x05:0x29;0x05:0x2A;0x05:0x2B;0x05:0x57;0x05:0x58;0x05:0x59;0x05:0x5B;0x05:0x5F;0x05:0x69;0x05:0x6E;0x05:0x6F;0x05:0x76;0x05:0x90;0x05:0xB8;0x05:0xC8;0x05:0xD1;0x05:0xD4;0x09:0x40;0x09:0x44;0x09:0x64;0x09:0x6A;0x09:0x6B;0x09:0x6C;0x09:0x80;0x09:0x81;0x09:0x97;0x0A:0x60;0x0A:0x61;0x0A:0x62;0x0A:0x63;0x0A:0x64;0x0A:0x65;0x0A:0x66;0x0A:0x67;0x0A:0x68;0x0A:0x69;0x0A:0x6A;0x0A:0x6B;0x0A:0x6C;0x0A:0x6D;0x0A:0x6E;0x0A:0x6F;0x0A:0x70;0x0A:0x71;0x0A:0x72;0x0A:0x74;0x11:0x00
786,113,MODE1_0113_AHD1080P25_BANK_SELECT,NACK_DURING_WRITE,85,82,ABORTING->UNRESOLVED_REGISTER_GATE->FATAL_RECOVERY_FAILURE,FATAL_RECOVERY_FAILURE,UNRESOLVED_COMMITTED_REGISTERS=0x00:0x00;0x00:0x0C;0x00:0x10;0x00:0x14;0x00:0x18;0x00:0x21;0x00:0x22;0x00:0x30;0x00:0x34;0x00:0x3C;0x00:0x44;0x00:0x48;0x00:0x4C;0x00:0x50;0x00:0x64;0x00:0x93;0x00:0xA4;0x01:0xED;0x02:0x02;0x02:0x28;0x02:0x29;0x02:0x2A;0x02:0x2B;0x02:0x2C;0x05:0x00;0x05:0x01;0x05:0x05;0x05:0x08;0x05:0x0E;0x05:0x11;0x05:0x1B;0x05:0x20;0x05:0x23;0x05:0x26;0x05:0x27;0x05:0x29;0x05:0x2A;0x05:0x2B;0x05:0x57;0x05:0x58;0x05:0x59;0x05:0x5B;0x05:0x5F;0x05:0x69;0x05:0x6E;0x05:0x6F;0x05:0x76;0x05:0x90;0x05:0xB8;0x05:0xC8;0x05:0xD1;0x05:0xD4;0x09:0x40;0x09:0x44;0x09:0x64;0x09:0x6A;0x09:0x6B;0x09:0x6C;0x09:0x80;0x09:0x81;0x09:0x97;0x0A:0x60;0x0A:0x61;0x0A:0x62;0x0A:0x63;0x0A:0x64;0x0A:0x65;0x0A:0x66;0x0A:0x67;0x0A:0x68;0x0A:0x69;0x0A:0x6A;0x0A:0x6B;0x0A:0x6C;0x0A:0x6D;0x0A:0x6E;0x0A:0x6F;0x0A:0x70;0x0A:0x71;0x0A:0x72;0x0A:0x74;0x11:0x00
787,113,MODE1_0113_AHD1080P25_BANK_SELECT,TIMEOUT_DURING_WRITE,85,82,ABORTING->UNRESOLVED_REGISTER_GATE->FATAL_RECOVERY_FAILURE,FATAL_RECOVERY_FAILURE,UNRESOLVED_COMMITTED_REGISTERS=0x00:0x00;0x00:0x0C;0x00:0x10;0x00:0x14;0x00:0x18;0x00:0x21;0x00:0x22;0x00:0x30;0x00:0x34;0x00:0x3C;0x00:0x44;0x00:0x48;0x00:0x4C;0x00:0x50;0x00:0x64;0x00:0x93;0x00:0xA4;0x01:0xED;0x02:0x02;0x02:0x28;0x02:0x29;0x02:0x2A;0x02:0x2B;0x02:0x2C;0x05:0x00;0x05:0x01;0x05:0x05;0x05:0x08;0x05:0x0E;0x05:0x11;0x05:0x1B;0x05:0x20;0x05:0x23;0x05:0x26;0x05:0x27;0x05:0x29;0x05:0x2A;0x05:0x2B;0x05:0x57;0x05:0x58;0x05:0x59;0x05:0x5B;0x05:0x5F;0x05:0x69;0x05:0x6E;0x05:0x6F;0x05:0x76;0x05:0x90;0x05:0xB8;0x05:0xC8;0x05:0xD1;0x05:0xD4;0x09:0x40;0x09:0x44;0x09:0x64;0x09:0x6A;0x09:0x6B;0x09:0x6C;0x09:0x80;0x09:0x81;0x09:0x97;0x0A:0x60;0x0A:0x61;0x0A:0x62;0x0A:0x63;0x0A:0x64;0x0A:0x65;0x0A:0x66;0x0A:0x67;0x0A:0x68;0x0A:0x69;0x0A:0x6A;0x0A:0x6B;0x0A:0x6C;0x0A:0x6D;0x0A:0x6E;0x0A:0x6F;0x0A:0x70;0x0A:0x71;0x0A:0x72;0x0A:0x74;0x11:0x00
788,113,MODE1_0113_AHD1080P25_BANK_SELECT,READBACK_MISMATCH,85,82,ABORTING->UNRESOLVED_REGISTER_GATE->FATAL_RECOVERY_FAILURE,FATAL_RECOVERY_FAILURE,UNRESOLVED_COMMITTED_REGISTERS=0x00:0x00;0x00:0x0C;0x00:0x10;0x00:0x14;0x00:0x18;0x00:0x21;0x00:0x22;0x00:0x30;0x00:0x34;0x00:0x3C;0x00:0x44;0x00:0x48;0x00:0x4C;0x00:0x50;0x00:0x64;0x00:0x93;0x00:0xA4;0x01:0xED;0x02:0x02;0x02:0x28;0x02:0x29;0x02:0x2A;0x02:0x2B;0x02:0x2C;0x05:0x00;0x05:0x01;0x05:0x05;0x05:0x08;0x05:0x0E;0x05:0x11;0x05:0x1B;0x05:0x20;0x05:0x23;0x05:0x26;0x05:0x27;0x05:0x29;0x05:0x2A;0x05:0x2B;0x05:0x57;0x05:0x58;0x05:0x59;0x05:0x5B;0x05:0x5F;0x05:0x69;0x05:0x6E;0x05:0x6F;0x05:0x76;0x05:0x90;0x05:0xB8;0x05:0xC8;0x05:0xD1;0x05:0xD4;0x09:0x40;0x09:0x44;0x09:0x64;0x09:0x6A;0x09:0x6B;0x09:0x6C;0x09:0x80;0x09:0x81;0x09:0x97;0x0A:0x60;0x0A:0x61;0x0A:0x62;0x0A:0x63;0x0A:0x64;0x0A:0x65;0x0A:0x66;0x0A:0x67;0x0A:0x68;0x0A:0x69;0x0A:0x6A;0x0A:0x6B;0x0A:0x6C;0x0A:0x6D;0x0A:0x6E;0x0A:0x6F;0x0A:0x70;0x0A:0x71;0x0A:0x72;0x0A:0x74;0x11:0x00
789,113,MODE1_0113_AHD1080P25_BANK_SELECT,RESET_BETWEEN_OPERATIONS,85,82,ABORTING->PRODUCT_RECONSTRUCTION_GAP->FATAL_RECOVERY_FAILURE,FATAL_RECOVERY_FAILURE,CALLABLE_RESET_AUTOINIT_OR_PERSISTENT_RECOVERY_CONTEXT_NOT_PROVEN
790,113,MODE1_0113_AHD1080P25_BANK_SELECT,HOST_ABORT,85,82,ABORTING->UNRESOLVED_REGISTER_GATE->FATAL_RECOVERY_FAILURE,FATAL_RECOVERY_FAILURE,UNRESOLVED_COMMITTED_REGISTERS=0x00:0x00;0x00:0x0C;0x00:0x10;0x00:0x14;0x00:0x18;0x00:0x21;0x00:0x22;0x00:0x30;0x00:0x34;0x00:0x3C;0x00:0x44;0x00:0x48;0x00:0x4C;0x00:0x50;0x00:0x64;0x00:0x93;0x00:0xA4;0x01:0xED;0x02:0x02;0x02:0x28;0x02:0x29;0x02:0x2A;0x02:0x2B;0x02:0x2C;0x05:0x00;0x05:0x01;0x05:0x05;0x05:0x08;0x05:0x0E;0x05:0x11;0x05:0x1B;0x05:0x20;0x05:0x23;0x05:0x26;0x05:0x27;0x05:0x29;0x05:0x2A;0x05:0x2B;0x05:0x57;0x05:0x58;0x05:0x59;0x05:0x5B;0x05:0x5F;0x05:0x69;0x05:0x6E;0x05:0x6F;0x05:0x76;0x05:0x90;0x05:0xB8;0x05:0xC8;0x05:0xD1;0x05:0xD4;0x09:0x40;0x09:0x44;0x09:0x64;0x09:0x6A;0x09:0x6B;0x09:0x6C;0x09:0x80;0x09:0x81;0x09:0x97;0x0A:0x60;0x0A:0x61;0x0A:0x62;0x0A:0x63;0x0A:0x64;0x0A:0x65;0x0A:0x66;0x0A:0x67;0x0A:0x68;0x0A:0x69;0x0A:0x6A;0x0A:0x6B;0x0A:0x6C;0x0A:0x6D;0x0A:0x6E;0x0A:0x6F;0x0A:0x70;0x0A:0x71;0x0A:0x72;0x0A:0x74;0x11:0x00
791,113,MODE1_0113_AHD1080P25_BANK_SELECT,MMIO_RESET,85,82,ABORTING->PRODUCT_RECONSTRUCTION_GAP->FATAL_RECOVERY_FAILURE,FATAL_RECOVERY_FAILURE,CALLABLE_RESET_AUTOINIT_OR_PERSISTENT_RECOVERY_CONTEXT_NOT_PROVEN
792,114,MODE1_0114_AHD1080P25_WRITE,FAILURE_BEFORE_WRITE,85,82,ABORTING->UNRESOLVED_REGISTER_GATE->FATAL_RECOVERY_FAILURE,FATAL_RECOVERY_FAILURE,UNRESOLVED_COMMITTED_REGISTERS=0x00:0x00;0x00:0x0C;0x00:0x10;0x00:0x14;0x00:0x18;0x00:0x21;0x00:0x22;0x00:0x30;0x00:0x34;0x00:0x3C;0x00:0x44;0x00:0x48;0x00:0x4C;0x00:0x50;0x00:0x64;0x00:0x93;0x00:0xA4;0x01:0xED;0x02:0x02;0x02:0x28;0x02:0x29;0x02:0x2A;0x02:0x2B;0x02:0x2C;0x05:0x00;0x05:0x01;0x05:0x05;0x05:0x08;0x05:0x0E;0x05:0x11;0x05:0x1B;0x05:0x20;0x05:0x23;0x05:0x26;0x05:0x27;0x05:0x29;0x05:0x2A;0x05:0x2B;0x05:0x57;0x05:0x58;0x05:0x59;0x05:0x5B;0x05:0x5F;0x05:0x69;0x05:0x6E;0x05:0x6F;0x05:0x76;0x05:0x90;0x05:0xB8;0x05:0xC8;0x05:0xD1;0x05:0xD4;0x09:0x40;0x09:0x44;0x09:0x64;0x09:0x6A;0x09:0x6B;0x09:0x6C;0x09:0x80;0x09:0x81;0x09:0x97;0x0A:0x60;0x0A:0x61;0x0A:0x62;0x0A:0x63;0x0A:0x64;0x0A:0x65;0x0A:0x66;0x0A:0x67;0x0A:0x68;0x0A:0x69;0x0A:0x6A;0x0A:0x6B;0x0A:0x6C;0x0A:0x6D;0x0A:0x6E;0x0A:0x6F;0x0A:0x70;0x0A:0x71;0x0A:0x72;0x0A:0x74;0x11:0x00
793,114,MODE1_0114_AHD1080P25_WRITE,NACK_DURING_WRITE,85,82,ABORTING->UNRESOLVED_REGISTER_GATE->FATAL_RECOVERY_FAILURE,FATAL_RECOVERY_FAILURE,UNRESOLVED_COMMITTED_REGISTERS=0x00:0x00;0x00:0x0C;0x00:0x10;0x00:0x14;0x00:0x18;0x00:0x21;0x00:0x22;0x00:0x30;0x00:0x34;0x00:0x3C;0x00:0x44;0x00:0x48;0x00:0x4C;0x00:0x50;0x00:0x64;0x00:0x93;0x00:0xA4;0x01:0xED;0x02:0x02;0x02:0x28;0x02:0x29;0x02:0x2A;0x02:0x2B;0x02:0x2C;0x05:0x00;0x05:0x01;0x05:0x05;0x05:0x08;0x05:0x0E;0x05:0x11;0x05:0x1B;0x05:0x20;0x05:0x23;0x05:0x26;0x05:0x27;0x05:0x29;0x05:0x2A;0x05:0x2B;0x05:0x57;0x05:0x58;0x05:0x59;0x05:0x5B;0x05:0x5F;0x05:0x69;0x05:0x6E;0x05:0x6F;0x05:0x76;0x05:0x90;0x05:0xB8;0x05:0xC8;0x05:0xD1;0x05:0xD4;0x09:0x40;0x09:0x44;0x09:0x64;0x09:0x6A;0x09:0x6B;0x09:0x6C;0x09:0x80;0x09:0x81;0x09:0x97;0x0A:0x60;0x0A:0x61;0x0A:0x62;0x0A:0x63;0x0A:0x64;0x0A:0x65;0x0A:0x66;0x0A:0x67;0x0A:0x68;0x0A:0x69;0x0A:0x6A;0x0A:0x6B;0x0A:0x6C;0x0A:0x6D;0x0A:0x6E;0x0A:0x6F;0x0A:0x70;0x0A:0x71;0x0A:0x72;0x0A:0x74;0x11:0x00
794,114,MODE1_0114_AHD1080P25_WRITE,TIMEOUT_DURING_WRITE,85,82,ABORTING->UNRESOLVED_REGISTER_GATE->FATAL_RECOVERY_FAILURE,FATAL_RECOVERY_FAILURE,UNRESOLVED_COMMITTED_REGISTERS=0x00:0x00;0x00:0x0C;0x00:0x10;0x00:0x14;0x00:0x18;0x00:0x21;0x00:0x22;0x00:0x30;0x00:0x34;0x00:0x3C;0x00:0x44;0x00:0x48;0x00:0x4C;0x00:0x50;0x00:0x64;0x00:0x93;0x00:0xA4;0x01:0xED;0x02:0x02;0x02:0x28;0x02:0x29;0x02:0x2A;0x02:0x2B;0x02:0x2C;0x05:0x00;0x05:0x01;0x05:0x05;0x05:0x08;0x05:0x0E;0x05:0x11;0x05:0x1B;0x05:0x20;0x05:0x23;0x05:0x26;0x05:0x27;0x05:0x29;0x05:0x2A;0x05:0x2B;0x05:0x57;0x05:0x58;0x05:0x59;0x05:0x5B;0x05:0x5F;0x05:0x69;0x05:0x6E;0x05:0x6F;0x05:0x76;0x05:0x90;0x05:0xB8;0x05:0xC8;0x05:0xD1;0x05:0xD4;0x09:0x40;0x09:0x44;0x09:0x64;0x09:0x6A;0x09:0x6B;0x09:0x6C;0x09:0x80;0x09:0x81;0x09:0x97;0x0A:0x60;0x0A:0x61;0x0A:0x62;0x0A:0x63;0x0A:0x64;0x0A:0x65;0x0A:0x66;0x0A:0x67;0x0A:0x68;0x0A:0x69;0x0A:0x6A;0x0A:0x6B;0x0A:0x6C;0x0A:0x6D;0x0A:0x6E;0x0A:0x6F;0x0A:0x70;0x0A:0x71;0x0A:0x72;0x0A:0x74;0x11:0x00
795,114,MODE1_0114_AHD1080P25_WRITE,READBACK_MISMATCH,85,82,ABORTING->UNRESOLVED_REGISTER_GATE->FATAL_RECOVERY_FAILURE,FATAL_RECOVERY_FAILURE,UNRESOLVED_COMMITTED_REGISTERS=0x00:0x00;0x00:0x0C;0x00:0x10;0x00:0x14;0x00:0x18;0x00:0x21;0x00:0x22;0x00:0x30;0x00:0x34;0x00:0x3C;0x00:0x44;0x00:0x48;0x00:0x4C;0x00:0x50;0x00:0x64;0x00:0x93;0x00:0xA4;0x01:0xED;0x02:0x02;0x02:0x28;0x02:0x29;0x02:0x2A;0x02:0x2B;0x02:0x2C;0x05:0x00;0x05:0x01;0x05:0x05;0x05:0x08;0x05:0x0E;0x05:0x11;0x05:0x1B;0x05:0x20;0x05:0x23;0x05:0x26;0x05:0x27;0x05:0x29;0x05:0x2A;0x05:0x2B;0x05:0x57;0x05:0x58;0x05:0x59;0x05:0x5B;0x05:0x5F;0x05:0x69;0x05:0x6E;0x05:0x6F;0x05:0x76;0x05:0x90;0x05:0xB8;0x05:0xC8;0x05:0xD1;0x05:0xD4;0x09:0x40;0x09:0x44;0x09:0x64;0x09:0x6A;0x09:0x6B;0x09:0x6C;0x09:0x80;0x09:0x81;0x09:0x97;0x0A:0x60;0x0A:0x61;0x0A:0x62;0x0A:0x63;0x0A:0x64;0x0A:0x65;0x0A:0x66;0x0A:0x67;0x0A:0x68;0x0A:0x69;0x0A:0x6A;0x0A:0x6B;0x0A:0x6C;0x0A:0x6D;0x0A:0x6E;0x0A:0x6F;0x0A:0x70;0x0A:0x71;0x0A:0x72;0x0A:0x74;0x11:0x00
796,114,MODE1_0114_AHD1080P25_WRITE,RESET_BETWEEN_OPERATIONS,85,82,ABORTING->PRODUCT_RECONSTRUCTION_GAP->FATAL_RECOVERY_FAILURE,FATAL_RECOVERY_FAILURE,CALLABLE_RESET_AUTOINIT_OR_PERSISTENT_RECOVERY_CONTEXT_NOT_PROVEN
797,114,MODE1_0114_AHD1080P25_WRITE,HOST_ABORT,85,82,ABORTING->UNRESOLVED_REGISTER_GATE->FATAL_RECOVERY_FAILURE,FATAL_RECOVERY_FAILURE,UNRESOLVED_COMMITTED_REGISTERS=0x00:0x00;0x00:0x0C;0x00:0x10;0x00:0x14;0x00:0x18;0x00:0x21;0x00:0x22;0x00:0x30;0x00:0x34;0x00:0x3C;0x00:0x44;0x00:0x48;0x00:0x4C;0x00:0x50;0x00:0x64;0x00:0x93;0x00:0xA4;0x01:0xED;0x02:0x02;0x02:0x28;0x02:0x29;0x02:0x2A;0x02:0x2B;0x02:0x2C;0x05:0x00;0x05:0x01;0x05:0x05;0x05:0x08;0x05:0x0E;0x05:0x11;0x05:0x1B;0x05:0x20;0x05:0x23;0x05:0x26;0x05:0x27;0x05:0x29;0x05:0x2A;0x05:0x2B;0x05:0x57;0x05:0x58;0x05:0x59;0x05:0x5B;0x05:0x5F;0x05:0x69;0x05:0x6E;0x05:0x6F;0x05:0x76;0x05:0x90;0x05:0xB8;0x05:0xC8;0x05:0xD1;0x05:0xD4;0x09:0x40;0x09:0x44;0x09:0x64;0x09:0x6A;0x09:0x6B;0x09:0x6C;0x09:0x80;0x09:0x81;0x09:0x97;0x0A:0x60;0x0A:0x61;0x0A:0x62;0x0A:0x63;0x0A:0x64;0x0A:0x65;0x0A:0x66;0x0A:0x67;0x0A:0x68;0x0A:0x69;0x0A:0x6A;0x0A:0x6B;0x0A:0x6C;0x0A:0x6D;0x0A:0x6E;0x0A:0x6F;0x0A:0x70;0x0A:0x71;0x0A:0x72;0x0A:0x74;0x11:0x00
798,114,MODE1_0114_AHD1080P25_WRITE,MMIO_RESET,85,82,ABORTING->PRODUCT_RECONSTRUCTION_GAP->FATAL_RECOVERY_FAILURE,FATAL_RECOVERY_FAILURE,CALLABLE_RESET_AUTOINIT_OR_PERSISTENT_RECOVERY_CONTEXT_NOT_PROVEN
799,115,MODE1_0115_AHD1080P25_WRITE,FAILURE_BEFORE_WRITE,85,82,ABORTING->UNRESOLVED_REGISTER_GATE->FATAL_RECOVERY_FAILURE,FATAL_RECOVERY_FAILURE,UNRESOLVED_COMMITTED_REGISTERS=0x00:0x00;0x00:0x0C;0x00:0x10;0x00:0x14;0x00:0x18;0x00:0x21;0x00:0x22;0x00:0x30;0x00:0x34;0x00:0x3C;0x00:0x44;0x00:0x48;0x00:0x4C;0x00:0x50;0x00:0x64;0x00:0x93;0x00:0xA4;0x01:0xED;0x02:0x02;0x02:0x28;0x02:0x29;0x02:0x2A;0x02:0x2B;0x02:0x2C;0x05:0x00;0x05:0x01;0x05:0x05;0x05:0x08;0x05:0x0E;0x05:0x11;0x05:0x1B;0x05:0x20;0x05:0x23;0x05:0x26;0x05:0x27;0x05:0x29;0x05:0x2A;0x05:0x2B;0x05:0x57;0x05:0x58;0x05:0x59;0x05:0x5B;0x05:0x5F;0x05:0x69;0x05:0x6E;0x05:0x6F;0x05:0x76;0x05:0x90;0x05:0xB8;0x05:0xC8;0x05:0xD1;0x05:0xD4;0x09:0x40;0x09:0x44;0x09:0x64;0x09:0x6A;0x09:0x6B;0x09:0x6C;0x09:0x80;0x09:0x81;0x09:0x97;0x0A:0x60;0x0A:0x61;0x0A:0x62;0x0A:0x63;0x0A:0x64;0x0A:0x65;0x0A:0x66;0x0A:0x67;0x0A:0x68;0x0A:0x69;0x0A:0x6A;0x0A:0x6B;0x0A:0x6C;0x0A:0x6D;0x0A:0x6E;0x0A:0x6F;0x0A:0x70;0x0A:0x71;0x0A:0x72;0x0A:0x74;0x11:0x00
800,115,MODE1_0115_AHD1080P25_WRITE,NACK_DURING_WRITE,86,83,ABORTING->UNRESOLVED_REGISTER_GATE->FATAL_RECOVERY_FAILURE,FATAL_RECOVERY_FAILURE,UNRESOLVED_COMMITTED_REGISTERS=0x00:0x00;0x00:0x08;0x00:0x0C;0x00:0x10;0x00:0x14;0x00:0x18;0x00:0x21;0x00:0x22;0x00:0x30;0x00:0x34;0x00:0x3C;0x00:0x44;0x00:0x48;0x00:0x4C;0x00:0x50;0x00:0x64;0x00:0x93;0x00:0xA4;0x01:0xED;0x02:0x02;0x02:0x28;0x02:0x29;0x02:0x2A;0x02:0x2B;0x02:0x2C;0x05:0x00;0x05:0x01;0x05:0x05;0x05:0x08;0x05:0x0E;0x05:0x11;0x05:0x1B;0x05:0x20;0x05:0x23;0x05:0x26;0x05:0x27;0x05:0x29;0x05:0x2A;0x05:0x2B;0x05:0x57;0x05:0x58;0x05:0x59;0x05:0x5B;0x05:0x5F;0x05:0x69;0x05:0x6E;0x05:0x6F;0x05:0x76;0x05:0x90;0x05:0xB8;0x05:0xC8;0x05:0xD1;0x05:0xD4;0x09:0x40;0x09:0x44;0x09:0x64;0x09:0x6A;0x09:0x6B;0x09:0x6C;0x09:0x80;0x09:0x81;0x09:0x97;0x0A:0x60;0x0A:0x61;0x0A:0x62;0x0A:0x63;0x0A:0x64;0x0A:0x65;0x0A:0x66;0x0A:0x67;0x0A:0x68;0x0A:0x69;0x0A:0x6A;0x0A:0x6B;0x0A:0x6C;0x0A:0x6D;0x0A:0x6E;0x0A:0x6F;0x0A:0x70;0x0A:0x71;0x0A:0x72;0x0A:0x74;0x11:0x00
801,115,MODE1_0115_AHD1080P25_WRITE,TIMEOUT_DURING_WRITE,86,83,ABORTING->UNRESOLVED_REGISTER_GATE->FATAL_RECOVERY_FAILURE,FATAL_RECOVERY_FAILURE,UNRESOLVED_COMMITTED_REGISTERS=0x00:0x00;0x00:0x08;0x00:0x0C;0x00:0x10;0x00:0x14;0x00:0x18;0x00:0x21;0x00:0x22;0x00:0x30;0x00:0x34;0x00:0x3C;0x00:0x44;0x00:0x48;0x00:0x4C;0x00:0x50;0x00:0x64;0x00:0x93;0x00:0xA4;0x01:0xED;0x02:0x02;0x02:0x28;0x02:0x29;0x02:0x2A;0x02:0x2B;0x02:0x2C;0x05:0x00;0x05:0x01;0x05:0x05;0x05:0x08;0x05:0x0E;0x05:0x11;0x05:0x1B;0x05:0x20;0x05:0x23;0x05:0x26;0x05:0x27;0x05:0x29;0x05:0x2A;0x05:0x2B;0x05:0x57;0x05:0x58;0x05:0x59;0x05:0x5B;0x05:0x5F;0x05:0x69;0x05:0x6E;0x05:0x6F;0x05:0x76;0x05:0x90;0x05:0xB8;0x05:0xC8;0x05:0xD1;0x05:0xD4;0x09:0x40;0x09:0x44;0x09:0x64;0x09:0x6A;0x09:0x6B;0x09:0x6C;0x09:0x80;0x09:0x81;0x09:0x97;0x0A:0x60;0x0A:0x61;0x0A:0x62;0x0A:0x63;0x0A:0x64;0x0A:0x65;0x0A:0x66;0x0A:0x67;0x0A:0x68;0x0A:0x69;0x0A:0x6A;0x0A:0x6B;0x0A:0x6C;0x0A:0x6D;0x0A:0x6E;0x0A:0x6F;0x0A:0x70;0x0A:0x71;0x0A:0x72;0x0A:0x74;0x11:0x00
802,115,MODE1_0115_AHD1080P25_WRITE,READBACK_MISMATCH,86,83,ABORTING->UNRESOLVED_REGISTER_GATE->FATAL_RECOVERY_FAILURE,FATAL_RECOVERY_FAILURE,UNRESOLVED_COMMITTED_REGISTERS=0x00:0x00;0x00:0x08;0x00:0x0C;0x00:0x10;0x00:0x14;0x00:0x18;0x00:0x21;0x00:0x22;0x00:0x30;0x00:0x34;0x00:0x3C;0x00:0x44;0x00:0x48;0x00:0x4C;0x00:0x50;0x00:0x64;0x00:0x93;0x00:0xA4;0x01:0xED;0x02:0x02;0x02:0x28;0x02:0x29;0x02:0x2A;0x02:0x2B;0x02:0x2C;0x05:0x00;0x05:0x01;0x05:0x05;0x05:0x08;0x05:0x0E;0x05:0x11;0x05:0x1B;0x05:0x20;0x05:0x23;0x05:0x26;0x05:0x27;0x05:0x29;0x05:0x2A;0x05:0x2B;0x05:0x57;0x05:0x58;0x05:0x59;0x05:0x5B;0x05:0x5F;0x05:0x69;0x05:0x6E;0x05:0x6F;0x05:0x76;0x05:0x90;0x05:0xB8;0x05:0xC8;0x05:0xD1;0x05:0xD4;0x09:0x40;0x09:0x44;0x09:0x64;0x09:0x6A;0x09:0x6B;0x09:0x6C;0x09:0x80;0x09:0x81;0x09:0x97;0x0A:0x60;0x0A:0x61;0x0A:0x62;0x0A:0x63;0x0A:0x64;0x0A:0x65;0x0A:0x66;0x0A:0x67;0x0A:0x68;0x0A:0x69;0x0A:0x6A;0x0A:0x6B;0x0A:0x6C;0x0A:0x6D;0x0A:0x6E;0x0A:0x6F;0x0A:0x70;0x0A:0x71;0x0A:0x72;0x0A:0x74;0x11:0x00
803,115,MODE1_0115_AHD1080P25_WRITE,RESET_BETWEEN_OPERATIONS,86,83,ABORTING->PRODUCT_RECONSTRUCTION_GAP->FATAL_RECOVERY_FAILURE,FATAL_RECOVERY_FAILURE,CALLABLE_RESET_AUTOINIT_OR_PERSISTENT_RECOVERY_CONTEXT_NOT_PROVEN
804,115,MODE1_0115_AHD1080P25_WRITE,HOST_ABORT,86,83,ABORTING->UNRESOLVED_REGISTER_GATE->FATAL_RECOVERY_FAILURE,FATAL_RECOVERY_FAILURE,UNRESOLVED_COMMITTED_REGISTERS=0x00:0x00;0x00:0x08;0x00:0x0C;0x00:0x10;0x00:0x14;0x00:0x18;0x00:0x21;0x00:0x22;0x00:0x30;0x00:0x34;0x00:0x3C;0x00:0x44;0x00:0x48;0x00:0x4C;0x00:0x50;0x00:0x64;0x00:0x93;0x00:0xA4;0x01:0xED;0x02:0x02;0x02:0x28;0x02:0x29;0x02:0x2A;0x02:0x2B;0x02:0x2C;0x05:0x00;0x05:0x01;0x05:0x05;0x05:0x08;0x05:0x0E;0x05:0x11;0x05:0x1B;0x05:0x20;0x05:0x23;0x05:0x26;0x05:0x27;0x05:0x29;0x05:0x2A;0x05:0x2B;0x05:0x57;0x05:0x58;0x05:0x59;0x05:0x5B;0x05:0x5F;0x05:0x69;0x05:0x6E;0x05:0x6F;0x05:0x76;0x05:0x90;0x05:0xB8;0x05:0xC8;0x05:0xD1;0x05:0xD4;0x09:0x40;0x09:0x44;0x09:0x64;0x09:0x6A;0x09:0x6B;0x09:0x6C;0x09:0x80;0x09:0x81;0x09:0x97;0x0A:0x60;0x0A:0x61;0x0A:0x62;0x0A:0x63;0x0A:0x64;0x0A:0x65;0x0A:0x66;0x0A:0x67;0x0A:0x68;0x0A:0x69;0x0A:0x6A;0x0A:0x6B;0x0A:0x6C;0x0A:0x6D;0x0A:0x6E;0x0A:0x6F;0x0A:0x70;0x0A:0x71;0x0A:0x72;0x0A:0x74;0x11:0x00
805,115,MODE1_0115_AHD1080P25_WRITE,MMIO_RESET,86,83,ABORTING->PRODUCT_RECONSTRUCTION_GAP->FATAL_RECOVERY_FAILURE,FATAL_RECOVERY_FAILURE,CALLABLE_RESET_AUTOINIT_OR_PERSISTENT_RECOVERY_CONTEXT_NOT_PROVEN
806,116,MODE1_0116_AHD1080P25_WRITE,FAILURE_BEFORE_WRITE,86,83,ABORTING->UNRESOLVED_REGISTER_GATE->FATAL_RECOVERY_FAILURE,FATAL_RECOVERY_FAILURE,UNRESOLVED_COMMITTED_REGISTERS=0x00:0x00;0x00:0x08;0x00:0x0C;0x00:0x10;0x00:0x14;0x00:0x18;0x00:0x21;0x00:0x22;0x00:0x30;0x00:0x34;0x00:0x3C;0x00:0x44;0x00:0x48;0x00:0x4C;0x00:0x50;0x00:0x64;0x00:0x93;0x00:0xA4;0x01:0xED;0x02:0x02;0x02:0x28;0x02:0x29;0x02:0x2A;0x02:0x2B;0x02:0x2C;0x05:0x00;0x05:0x01;0x05:0x05;0x05:0x08;0x05:0x0E;0x05:0x11;0x05:0x1B;0x05:0x20;0x05:0x23;0x05:0x26;0x05:0x27;0x05:0x29;0x05:0x2A;0x05:0x2B;0x05:0x57;0x05:0x58;0x05:0x59;0x05:0x5B;0x05:0x5F;0x05:0x69;0x05:0x6E;0x05:0x6F;0x05:0x76;0x05:0x90;0x05:0xB8;0x05:0xC8;0x05:0xD1;0x05:0xD4;0x09:0x40;0x09:0x44;0x09:0x64;0x09:0x6A;0x09:0x6B;0x09:0x6C;0x09:0x80;0x09:0x81;0x09:0x97;0x0A:0x60;0x0A:0x61;0x0A:0x62;0x0A:0x63;0x0A:0x64;0x0A:0x65;0x0A:0x66;0x0A:0x67;0x0A:0x68;0x0A:0x69;0x0A:0x6A;0x0A:0x6B;0x0A:0x6C;0x0A:0x6D;0x0A:0x6E;0x0A:0x6F;0x0A:0x70;0x0A:0x71;0x0A:0x72;0x0A:0x74;0x11:0x00
807,116,MODE1_0116_AHD1080P25_WRITE,NACK_DURING_WRITE,87,84,ABORTING->UNRESOLVED_REGISTER_GATE->FATAL_RECOVERY_FAILURE,FATAL_RECOVERY_FAILURE,UNRESOLVED_COMMITTED_REGISTERS=0x00:0x00;0x00:0x08;0x00:0x0C;0x00:0x10;0x00:0x14;0x00:0x18;0x00:0x21;0x00:0x22;0x00:0x30;0x00:0x34;0x00:0x3C;0x00:0x40;0x00:0x44;0x00:0x48;0x00:0x4C;0x00:0x50;0x00:0x64;0x00:0x93;0x00:0xA4;0x01:0xED;0x02:0x02;0x02:0x28;0x02:0x29;0x02:0x2A;0x02:0x2B;0x02:0x2C;0x05:0x00;0x05:0x01;0x05:0x05;0x05:0x08;0x05:0x0E;0x05:0x11;0x05:0x1B;0x05:0x20;0x05:0x23;0x05:0x26;0x05:0x27;0x05:0x29;0x05:0x2A;0x05:0x2B;0x05:0x57;0x05:0x58;0x05:0x59;0x05:0x5B;0x05:0x5F;0x05:0x69;0x05:0x6E;0x05:0x6F;0x05:0x76;0x05:0x90;0x05:0xB8;0x05:0xC8;0x05:0xD1;0x05:0xD4;0x09:0x40;0x09:0x44;0x09:0x64;0x09:0x6A;0x09:0x6B;0x09:0x6C;0x09:0x80;0x09:0x81;0x09:0x97;0x0A:0x60;0x0A:0x61;0x0A:0x62;0x0A:0x63;0x0A:0x64;0x0A:0x65;0x0A:0x66;0x0A:0x67;0x0A:0x68;0x0A:0x69;0x0A:0x6A;0x0A:0x6B;0x0A:0x6C;0x0A:0x6D;0x0A:0x6E;0x0A:0x6F;0x0A:0x70;0x0A:0x71;0x0A:0x72;0x0A:0x74;0x11:0x00
808,116,MODE1_0116_AHD1080P25_WRITE,TIMEOUT_DURING_WRITE,87,84,ABORTING->UNRESOLVED_REGISTER_GATE->FATAL_RECOVERY_FAILURE,FATAL_RECOVERY_FAILURE,UNRESOLVED_COMMITTED_REGISTERS=0x00:0x00;0x00:0x08;0x00:0x0C;0x00:0x10;0x00:0x14;0x00:0x18;0x00:0x21;0x00:0x22;0x00:0x30;0x00:0x34;0x00:0x3C;0x00:0x40;0x00:0x44;0x00:0x48;0x00:0x4C;0x00:0x50;0x00:0x64;0x00:0x93;0x00:0xA4;0x01:0xED;0x02:0x02;0x02:0x28;0x02:0x29;0x02:0x2A;0x02:0x2B;0x02:0x2C;0x05:0x00;0x05:0x01;0x05:0x05;0x05:0x08;0x05:0x0E;0x05:0x11;0x05:0x1B;0x05:0x20;0x05:0x23;0x05:0x26;0x05:0x27;0x05:0x29;0x05:0x2A;0x05:0x2B;0x05:0x57;0x05:0x58;0x05:0x59;0x05:0x5B;0x05:0x5F;0x05:0x69;0x05:0x6E;0x05:0x6F;0x05:0x76;0x05:0x90;0x05:0xB8;0x05:0xC8;0x05:0xD1;0x05:0xD4;0x09:0x40;0x09:0x44;0x09:0x64;0x09:0x6A;0x09:0x6B;0x09:0x6C;0x09:0x80;0x09:0x81;0x09:0x97;0x0A:0x60;0x0A:0x61;0x0A:0x62;0x0A:0x63;0x0A:0x64;0x0A:0x65;0x0A:0x66;0x0A:0x67;0x0A:0x68;0x0A:0x69;0x0A:0x6A;0x0A:0x6B;0x0A:0x6C;0x0A:0x6D;0x0A:0x6E;0x0A:0x6F;0x0A:0x70;0x0A:0x71;0x0A:0x72;0x0A:0x74;0x11:0x00
809,116,MODE1_0116_AHD1080P25_WRITE,READBACK_MISMATCH,87,84,ABORTING->UNRESOLVED_REGISTER_GATE->FATAL_RECOVERY_FAILURE,FATAL_RECOVERY_FAILURE,UNRESOLVED_COMMITTED_REGISTERS=0x00:0x00;0x00:0x08;0x00:0x0C;0x00:0x10;0x00:0x14;0x00:0x18;0x00:0x21;0x00:0x22;0x00:0x30;0x00:0x34;0x00:0x3C;0x00:0x40;0x00:0x44;0x00:0x48;0x00:0x4C;0x00:0x50;0x00:0x64;0x00:0x93;0x00:0xA4;0x01:0xED;0x02:0x02;0x02:0x28;0x02:0x29;0x02:0x2A;0x02:0x2B;0x02:0x2C;0x05:0x00;0x05:0x01;0x05:0x05;0x05:0x08;0x05:0x0E;0x05:0x11;0x05:0x1B;0x05:0x20;0x05:0x23;0x05:0x26;0x05:0x27;0x05:0x29;0x05:0x2A;0x05:0x2B;0x05:0x57;0x05:0x58;0x05:0x59;0x05:0x5B;0x05:0x5F;0x05:0x69;0x05:0x6E;0x05:0x6F;0x05:0x76;0x05:0x90;0x05:0xB8;0x05:0xC8;0x05:0xD1;0x05:0xD4;0x09:0x40;0x09:0x44;0x09:0x64;0x09:0x6A;0x09:0x6B;0x09:0x6C;0x09:0x80;0x09:0x81;0x09:0x97;0x0A:0x60;0x0A:0x61;0x0A:0x62;0x0A:0x63;0x0A:0x64;0x0A:0x65;0x0A:0x66;0x0A:0x67;0x0A:0x68;0x0A:0x69;0x0A:0x6A;0x0A:0x6B;0x0A:0x6C;0x0A:0x6D;0x0A:0x6E;0x0A:0x6F;0x0A:0x70;0x0A:0x71;0x0A:0x72;0x0A:0x74;0x11:0x00
810,116,MODE1_0116_AHD1080P25_WRITE,RESET_BETWEEN_OPERATIONS,87,84,ABORTING->PRODUCT_RECONSTRUCTION_GAP->FATAL_RECOVERY_FAILURE,FATAL_RECOVERY_FAILURE,CALLABLE_RESET_AUTOINIT_OR_PERSISTENT_RECOVERY_CONTEXT_NOT_PROVEN
811,116,MODE1_0116_AHD1080P25_WRITE,HOST_ABORT,87,84,ABORTING->UNRESOLVED_REGISTER_GATE->FATAL_RECOVERY_FAILURE,FATAL_RECOVERY_FAILURE,UNRESOLVED_COMMITTED_REGISTERS=0x00:0x00;0x00:0x08;0x00:0x0C;0x00:0x10;0x00:0x14;0x00:0x18;0x00:0x21;0x00:0x22;0x00:0x30;0x00:0x34;0x00:0x3C;0x00:0x40;0x00:0x44;0x00:0x48;0x00:0x4C;0x00:0x50;0x00:0x64;0x00:0x93;0x00:0xA4;0x01:0xED;0x02:0x02;0x02:0x28;0x02:0x29;0x02:0x2A;0x02:0x2B;0x02:0x2C;0x05:0x00;0x05:0x01;0x05:0x05;0x05:0x08;0x05:0x0E;0x05:0x11;0x05:0x1B;0x05:0x20;0x05:0x23;0x05:0x26;0x05:0x27;0x05:0x29;0x05:0x2A;0x05:0x2B;0x05:0x57;0x05:0x58;0x05:0x59;0x05:0x5B;0x05:0x5F;0x05:0x69;0x05:0x6E;0x05:0x6F;0x05:0x76;0x05:0x90;0x05:0xB8;0x05:0xC8;0x05:0xD1;0x05:0xD4;0x09:0x40;0x09:0x44;0x09:0x64;0x09:0x6A;0x09:0x6B;0x09:0x6C;0x09:0x80;0x09:0x81;0x09:0x97;0x0A:0x60;0x0A:0x61;0x0A:0x62;0x0A:0x63;0x0A:0x64;0x0A:0x65;0x0A:0x66;0x0A:0x67;0x0A:0x68;0x0A:0x69;0x0A:0x6A;0x0A:0x6B;0x0A:0x6C;0x0A:0x6D;0x0A:0x6E;0x0A:0x6F;0x0A:0x70;0x0A:0x71;0x0A:0x72;0x0A:0x74;0x11:0x00
812,116,MODE1_0116_AHD1080P25_WRITE,MMIO_RESET,87,84,ABORTING->PRODUCT_RECONSTRUCTION_GAP->FATAL_RECOVERY_FAILURE,FATAL_RECOVERY_FAILURE,CALLABLE_RESET_AUTOINIT_OR_PERSISTENT_RECOVERY_CONTEXT_NOT_PROVEN
813,117,MODE1_0117_AHD1080P25_WRITE,FAILURE_BEFORE_WRITE,87,84,ABORTING->UNRESOLVED_REGISTER_GATE->FATAL_RECOVERY_FAILURE,FATAL_RECOVERY_FAILURE,UNRESOLVED_COMMITTED_REGISTERS=0x00:0x00;0x00:0x08;0x00:0x0C;0x00:0x10;0x00:0x14;0x00:0x18;0x00:0x21;0x00:0x22;0x00:0x30;0x00:0x34;0x00:0x3C;0x00:0x40;0x00:0x44;0x00:0x48;0x00:0x4C;0x00:0x50;0x00:0x64;0x00:0x93;0x00:0xA4;0x01:0xED;0x02:0x02;0x02:0x28;0x02:0x29;0x02:0x2A;0x02:0x2B;0x02:0x2C;0x05:0x00;0x05:0x01;0x05:0x05;0x05:0x08;0x05:0x0E;0x05:0x11;0x05:0x1B;0x05:0x20;0x05:0x23;0x05:0x26;0x05:0x27;0x05:0x29;0x05:0x2A;0x05:0x2B;0x05:0x57;0x05:0x58;0x05:0x59;0x05:0x5B;0x05:0x5F;0x05:0x69;0x05:0x6E;0x05:0x6F;0x05:0x76;0x05:0x90;0x05:0xB8;0x05:0xC8;0x05:0xD1;0x05:0xD4;0x09:0x40;0x09:0x44;0x09:0x64;0x09:0x6A;0x09:0x6B;0x09:0x6C;0x09:0x80;0x09:0x81;0x09:0x97;0x0A:0x60;0x0A:0x61;0x0A:0x62;0x0A:0x63;0x0A:0x64;0x0A:0x65;0x0A:0x66;0x0A:0x67;0x0A:0x68;0x0A:0x69;0x0A:0x6A;0x0A:0x6B;0x0A:0x6C;0x0A:0x6D;0x0A:0x6E;0x0A:0x6F;0x0A:0x70;0x0A:0x71;0x0A:0x72;0x0A:0x74;0x11:0x00
814,117,MODE1_0117_AHD1080P25_WRITE,NACK_DURING_WRITE,88,84,ABORTING->UNRESOLVED_REGISTER_GATE->FATAL_RECOVERY_FAILURE,FATAL_RECOVERY_FAILURE,UNRESOLVED_COMMITTED_REGISTERS=0x00:0x00;0x00:0x08;0x00:0x0C;0x00:0x10;0x00:0x14;0x00:0x18;0x00:0x21;0x00:0x22;0x00:0x30;0x00:0x34;0x00:0x3C;0x00:0x40;0x00:0x44;0x00:0x48;0x00:0x4C;0x00:0x50;0x00:0x64;0x00:0x93;0x00:0xA4;0x01:0xED;0x02:0x02;0x02:0x28;0x02:0x29;0x02:0x2A;0x02:0x2B;0x02:0x2C;0x05:0x00;0x05:0x01;0x05:0x05;0x05:0x08;0x05:0x0E;0x05:0x11;0x05:0x1B;0x05:0x20;0x05:0x23;0x05:0x26;0x05:0x27;0x05:0x29;0x05:0x2A;0x05:0x2B;0x05:0x57;0x05:0x58;0x05:0x59;0x05:0x5B;0x05:0x5F;0x05:0x69;0x05:0x6E;0x05:0x6F;0x05:0x76;0x05:0x90;0x05:0xB8;0x05:0xC8;0x05:0xD1;0x05:0xD4;0x09:0x40;0x09:0x44;0x09:0x64;0x09:0x6A;0x09:0x6B;0x09:0x6C;0x09:0x80;0x09:0x81;0x09:0x97;0x0A:0x60;0x0A:0x61;0x0A:0x62;0x0A:0x63;0x0A:0x64;0x0A:0x65;0x0A:0x66;0x0A:0x67;0x0A:0x68;0x0A:0x69;0x0A:0x6A;0x0A:0x6B;0x0A:0x6C;0x0A:0x6D;0x0A:0x6E;0x0A:0x6F;0x0A:0x70;0x0A:0x71;0x0A:0x72;0x0A:0x74;0x11:0x00
815,117,MODE1_0117_AHD1080P25_WRITE,TIMEOUT_DURING_WRITE,88,84,ABORTING->UNRESOLVED_REGISTER_GATE->FATAL_RECOVERY_FAILURE,FATAL_RECOVERY_FAILURE,UNRESOLVED_COMMITTED_REGISTERS=0x00:0x00;0x00:0x08;0x00:0x0C;0x00:0x10;0x00:0x14;0x00:0x18;0x00:0x21;0x00:0x22;0x00:0x30;0x00:0x34;0x00:0x3C;0x00:0x40;0x00:0x44;0x00:0x48;0x00:0x4C;0x00:0x50;0x00:0x64;0x00:0x93;0x00:0xA4;0x01:0xED;0x02:0x02;0x02:0x28;0x02:0x29;0x02:0x2A;0x02:0x2B;0x02:0x2C;0x05:0x00;0x05:0x01;0x05:0x05;0x05:0x08;0x05:0x0E;0x05:0x11;0x05:0x1B;0x05:0x20;0x05:0x23;0x05:0x26;0x05:0x27;0x05:0x29;0x05:0x2A;0x05:0x2B;0x05:0x57;0x05:0x58;0x05:0x59;0x05:0x5B;0x05:0x5F;0x05:0x69;0x05:0x6E;0x05:0x6F;0x05:0x76;0x05:0x90;0x05:0xB8;0x05:0xC8;0x05:0xD1;0x05:0xD4;0x09:0x40;0x09:0x44;0x09:0x64;0x09:0x6A;0x09:0x6B;0x09:0x6C;0x09:0x80;0x09:0x81;0x09:0x97;0x0A:0x60;0x0A:0x61;0x0A:0x62;0x0A:0x63;0x0A:0x64;0x0A:0x65;0x0A:0x66;0x0A:0x67;0x0A:0x68;0x0A:0x69;0x0A:0x6A;0x0A:0x6B;0x0A:0x6C;0x0A:0x6D;0x0A:0x6E;0x0A:0x6F;0x0A:0x70;0x0A:0x71;0x0A:0x72;0x0A:0x74;0x11:0x00
816,117,MODE1_0117_AHD1080P25_WRITE,READBACK_MISMATCH,88,84,ABORTING->UNRESOLVED_REGISTER_GATE->FATAL_RECOVERY_FAILURE,FATAL_RECOVERY_FAILURE,UNRESOLVED_COMMITTED_REGISTERS=0x00:0x00;0x00:0x08;0x00:0x0C;0x00:0x10;0x00:0x14;0x00:0x18;0x00:0x21;0x00:0x22;0x00:0x30;0x00:0x34;0x00:0x3C;0x00:0x40;0x00:0x44;0x00:0x48;0x00:0x4C;0x00:0x50;0x00:0x64;0x00:0x93;0x00:0xA4;0x01:0xED;0x02:0x02;0x02:0x28;0x02:0x29;0x02:0x2A;0x02:0x2B;0x02:0x2C;0x05:0x00;0x05:0x01;0x05:0x05;0x05:0x08;0x05:0x0E;0x05:0x11;0x05:0x1B;0x05:0x20;0x05:0x23;0x05:0x26;0x05:0x27;0x05:0x29;0x05:0x2A;0x05:0x2B;0x05:0x57;0x05:0x58;0x05:0x59;0x05:0x5B;0x05:0x5F;0x05:0x69;0x05:0x6E;0x05:0x6F;0x05:0x76;0x05:0x90;0x05:0xB8;0x05:0xC8;0x05:0xD1;0x05:0xD4;0x09:0x40;0x09:0x44;0x09:0x64;0x09:0x6A;0x09:0x6B;0x09:0x6C;0x09:0x80;0x09:0x81;0x09:0x97;0x0A:0x60;0x0A:0x61;0x0A:0x62;0x0A:0x63;0x0A:0x64;0x0A:0x65;0x0A:0x66;0x0A:0x67;0x0A:0x68;0x0A:0x69;0x0A:0x6A;0x0A:0x6B;0x0A:0x6C;0x0A:0x6D;0x0A:0x6E;0x0A:0x6F;0x0A:0x70;0x0A:0x71;0x0A:0x72;0x0A:0x74;0x11:0x00
817,117,MODE1_0117_AHD1080P25_WRITE,RESET_BETWEEN_OPERATIONS,88,84,ABORTING->PRODUCT_RECONSTRUCTION_GAP->FATAL_RECOVERY_FAILURE,FATAL_RECOVERY_FAILURE,CALLABLE_RESET_AUTOINIT_OR_PERSISTENT_RECOVERY_CONTEXT_NOT_PROVEN
818,117,MODE1_0117_AHD1080P25_WRITE,HOST_ABORT,88,84,ABORTING->UNRESOLVED_REGISTER_GATE->FATAL_RECOVERY_FAILURE,FATAL_RECOVERY_FAILURE,UNRESOLVED_COMMITTED_REGISTERS=0x00:0x00;0x00:0x08;0x00:0x0C;0x00:0x10;0x00:0x14;0x00:0x18;0x00:0x21;0x00:0x22;0x00:0x30;0x00:0x34;0x00:0x3C;0x00:0x40;0x00:0x44;0x00:0x48;0x00:0x4C;0x00:0x50;0x00:0x64;0x00:0x93;0x00:0xA4;0x01:0xED;0x02:0x02;0x02:0x28;0x02:0x29;0x02:0x2A;0x02:0x2B;0x02:0x2C;0x05:0x00;0x05:0x01;0x05:0x05;0x05:0x08;0x05:0x0E;0x05:0x11;0x05:0x1B;0x05:0x20;0x05:0x23;0x05:0x26;0x05:0x27;0x05:0x29;0x05:0x2A;0x05:0x2B;0x05:0x57;0x05:0x58;0x05:0x59;0x05:0x5B;0x05:0x5F;0x05:0x69;0x05:0x6E;0x05:0x6F;0x05:0x76;0x05:0x90;0x05:0xB8;0x05:0xC8;0x05:0xD1;0x05:0xD4;0x09:0x40;0x09:0x44;0x09:0x64;0x09:0x6A;0x09:0x6B;0x09:0x6C;0x09:0x80;0x09:0x81;0x09:0x97;0x0A:0x60;0x0A:0x61;0x0A:0x62;0x0A:0x63;0x0A:0x64;0x0A:0x65;0x0A:0x66;0x0A:0x67;0x0A:0x68;0x0A:0x69;0x0A:0x6A;0x0A:0x6B;0x0A:0x6C;0x0A:0x6D;0x0A:0x6E;0x0A:0x6F;0x0A:0x70;0x0A:0x71;0x0A:0x72;0x0A:0x74;0x11:0x00
819,117,MODE1_0117_AHD1080P25_WRITE,MMIO_RESET,88,84,ABORTING->PRODUCT_RECONSTRUCTION_GAP->FATAL_RECOVERY_FAILURE,FATAL_RECOVERY_FAILURE,CALLABLE_RESET_AUTOINIT_OR_PERSISTENT_RECOVERY_CONTEXT_NOT_PROVEN
820,118,MODE1_0118_AHD1080P25_WRITE,FAILURE_BEFORE_WRITE,88,84,ABORTING->UNRESOLVED_REGISTER_GATE->FATAL_RECOVERY_FAILURE,FATAL_RECOVERY_FAILURE,UNRESOLVED_COMMITTED_REGISTERS=0x00:0x00;0x00:0x08;0x00:0x0C;0x00:0x10;0x00:0x14;0x00:0x18;0x00:0x21;0x00:0x22;0x00:0x30;0x00:0x34;0x00:0x3C;0x00:0x40;0x00:0x44;0x00:0x48;0x00:0x4C;0x00:0x50;0x00:0x64;0x00:0x93;0x00:0xA4;0x01:0xED;0x02:0x02;0x02:0x28;0x02:0x29;0x02:0x2A;0x02:0x2B;0x02:0x2C;0x05:0x00;0x05:0x01;0x05:0x05;0x05:0x08;0x05:0x0E;0x05:0x11;0x05:0x1B;0x05:0x20;0x05:0x23;0x05:0x26;0x05:0x27;0x05:0x29;0x05:0x2A;0x05:0x2B;0x05:0x57;0x05:0x58;0x05:0x59;0x05:0x5B;0x05:0x5F;0x05:0x69;0x05:0x6E;0x05:0x6F;0x05:0x76;0x05:0x90;0x05:0xB8;0x05:0xC8;0x05:0xD1;0x05:0xD4;0x09:0x40;0x09:0x44;0x09:0x64;0x09:0x6A;0x09:0x6B;0x09:0x6C;0x09:0x80;0x09:0x81;0x09:0x97;0x0A:0x60;0x0A:0x61;0x0A:0x62;0x0A:0x63;0x0A:0x64;0x0A:0x65;0x0A:0x66;0x0A:0x67;0x0A:0x68;0x0A:0x69;0x0A:0x6A;0x0A:0x6B;0x0A:0x6C;0x0A:0x6D;0x0A:0x6E;0x0A:0x6F;0x0A:0x70;0x0A:0x71;0x0A:0x72;0x0A:0x74;0x11:0x00
821,118,MODE1_0118_AHD1080P25_WRITE,NACK_DURING_WRITE,89,84,ABORTING->UNRESOLVED_REGISTER_GATE->FATAL_RECOVERY_FAILURE,FATAL_RECOVERY_FAILURE,UNRESOLVED_COMMITTED_REGISTERS=0x00:0x00;0x00:0x08;0x00:0x0C;0x00:0x10;0x00:0x14;0x00:0x18;0x00:0x21;0x00:0x22;0x00:0x30;0x00:0x34;0x00:0x3C;0x00:0x40;0x00:0x44;0x00:0x48;0x00:0x4C;0x00:0x50;0x00:0x64;0x00:0x93;0x00:0xA4;0x01:0xED;0x02:0x02;0x02:0x28;0x02:0x29;0x02:0x2A;0x02:0x2B;0x02:0x2C;0x05:0x00;0x05:0x01;0x05:0x05;0x05:0x08;0x05:0x0E;0x05:0x11;0x05:0x1B;0x05:0x20;0x05:0x23;0x05:0x26;0x05:0x27;0x05:0x29;0x05:0x2A;0x05:0x2B;0x05:0x57;0x05:0x58;0x05:0x59;0x05:0x5B;0x05:0x5F;0x05:0x69;0x05:0x6E;0x05:0x6F;0x05:0x76;0x05:0x90;0x05:0xB8;0x05:0xC8;0x05:0xD1;0x05:0xD4;0x09:0x40;0x09:0x44;0x09:0x64;0x09:0x6A;0x09:0x6B;0x09:0x6C;0x09:0x80;0x09:0x81;0x09:0x97;0x0A:0x60;0x0A:0x61;0x0A:0x62;0x0A:0x63;0x0A:0x64;0x0A:0x65;0x0A:0x66;0x0A:0x67;0x0A:0x68;0x0A:0x69;0x0A:0x6A;0x0A:0x6B;0x0A:0x6C;0x0A:0x6D;0x0A:0x6E;0x0A:0x6F;0x0A:0x70;0x0A:0x71;0x0A:0x72;0x0A:0x74;0x11:0x00
822,118,MODE1_0118_AHD1080P25_WRITE,TIMEOUT_DURING_WRITE,89,84,ABORTING->UNRESOLVED_REGISTER_GATE->FATAL_RECOVERY_FAILURE,FATAL_RECOVERY_FAILURE,UNRESOLVED_COMMITTED_REGISTERS=0x00:0x00;0x00:0x08;0x00:0x0C;0x00:0x10;0x00:0x14;0x00:0x18;0x00:0x21;0x00:0x22;0x00:0x30;0x00:0x34;0x00:0x3C;0x00:0x40;0x00:0x44;0x00:0x48;0x00:0x4C;0x00:0x50;0x00:0x64;0x00:0x93;0x00:0xA4;0x01:0xED;0x02:0x02;0x02:0x28;0x02:0x29;0x02:0x2A;0x02:0x2B;0x02:0x2C;0x05:0x00;0x05:0x01;0x05:0x05;0x05:0x08;0x05:0x0E;0x05:0x11;0x05:0x1B;0x05:0x20;0x05:0x23;0x05:0x26;0x05:0x27;0x05:0x29;0x05:0x2A;0x05:0x2B;0x05:0x57;0x05:0x58;0x05:0x59;0x05:0x5B;0x05:0x5F;0x05:0x69;0x05:0x6E;0x05:0x6F;0x05:0x76;0x05:0x90;0x05:0xB8;0x05:0xC8;0x05:0xD1;0x05:0xD4;0x09:0x40;0x09:0x44;0x09:0x64;0x09:0x6A;0x09:0x6B;0x09:0x6C;0x09:0x80;0x09:0x81;0x09:0x97;0x0A:0x60;0x0A:0x61;0x0A:0x62;0x0A:0x63;0x0A:0x64;0x0A:0x65;0x0A:0x66;0x0A:0x67;0x0A:0x68;0x0A:0x69;0x0A:0x6A;0x0A:0x6B;0x0A:0x6C;0x0A:0x6D;0x0A:0x6E;0x0A:0x6F;0x0A:0x70;0x0A:0x71;0x0A:0x72;0x0A:0x74;0x11:0x00
823,118,MODE1_0118_AHD1080P25_WRITE,READBACK_MISMATCH,89,84,ABORTING->UNRESOLVED_REGISTER_GATE->FATAL_RECOVERY_FAILURE,FATAL_RECOVERY_FAILURE,UNRESOLVED_COMMITTED_REGISTERS=0x00:0x00;0x00:0x08;0x00:0x0C;0x00:0x10;0x00:0x14;0x00:0x18;0x00:0x21;0x00:0x22;0x00:0x30;0x00:0x34;0x00:0x3C;0x00:0x40;0x00:0x44;0x00:0x48;0x00:0x4C;0x00:0x50;0x00:0x64;0x00:0x93;0x00:0xA4;0x01:0xED;0x02:0x02;0x02:0x28;0x02:0x29;0x02:0x2A;0x02:0x2B;0x02:0x2C;0x05:0x00;0x05:0x01;0x05:0x05;0x05:0x08;0x05:0x0E;0x05:0x11;0x05:0x1B;0x05:0x20;0x05:0x23;0x05:0x26;0x05:0x27;0x05:0x29;0x05:0x2A;0x05:0x2B;0x05:0x57;0x05:0x58;0x05:0x59;0x05:0x5B;0x05:0x5F;0x05:0x69;0x05:0x6E;0x05:0x6F;0x05:0x76;0x05:0x90;0x05:0xB8;0x05:0xC8;0x05:0xD1;0x05:0xD4;0x09:0x40;0x09:0x44;0x09:0x64;0x09:0x6A;0x09:0x6B;0x09:0x6C;0x09:0x80;0x09:0x81;0x09:0x97;0x0A:0x60;0x0A:0x61;0x0A:0x62;0x0A:0x63;0x0A:0x64;0x0A:0x65;0x0A:0x66;0x0A:0x67;0x0A:0x68;0x0A:0x69;0x0A:0x6A;0x0A:0x6B;0x0A:0x6C;0x0A:0x6D;0x0A:0x6E;0x0A:0x6F;0x0A:0x70;0x0A:0x71;0x0A:0x72;0x0A:0x74;0x11:0x00
824,118,MODE1_0118_AHD1080P25_WRITE,RESET_BETWEEN_OPERATIONS,89,84,ABORTING->PRODUCT_RECONSTRUCTION_GAP->FATAL_RECOVERY_FAILURE,FATAL_RECOVERY_FAILURE,CALLABLE_RESET_AUTOINIT_OR_PERSISTENT_RECOVERY_CONTEXT_NOT_PROVEN
825,118,MODE1_0118_AHD1080P25_WRITE,HOST_ABORT,89,84,ABORTING->UNRESOLVED_REGISTER_GATE->FATAL_RECOVERY_FAILURE,FATAL_RECOVERY_FAILURE,UNRESOLVED_COMMITTED_REGISTERS=0x00:0x00;0x00:0x08;0x00:0x0C;0x00:0x10;0x00:0x14;0x00:0x18;0x00:0x21;0x00:0x22;0x00:0x30;0x00:0x34;0x00:0x3C;0x00:0x40;0x00:0x44;0x00:0x48;0x00:0x4C;0x00:0x50;0x00:0x64;0x00:0x93;0x00:0xA4;0x01:0xED;0x02:0x02;0x02:0x28;0x02:0x29;0x02:0x2A;0x02:0x2B;0x02:0x2C;0x05:0x00;0x05:0x01;0x05:0x05;0x05:0x08;0x05:0x0E;0x05:0x11;0x05:0x1B;0x05:0x20;0x05:0x23;0x05:0x26;0x05:0x27;0x05:0x29;0x05:0x2A;0x05:0x2B;0x05:0x57;0x05:0x58;0x05:0x59;0x05:0x5B;0x05:0x5F;0x05:0x69;0x05:0x6E;0x05:0x6F;0x05:0x76;0x05:0x90;0x05:0xB8;0x05:0xC8;0x05:0xD1;0x05:0xD4;0x09:0x40;0x09:0x44;0x09:0x64;0x09:0x6A;0x09:0x6B;0x09:0x6C;0x09:0x80;0x09:0x81;0x09:0x97;0x0A:0x60;0x0A:0x61;0x0A:0x62;0x0A:0x63;0x0A:0x64;0x0A:0x65;0x0A:0x66;0x0A:0x67;0x0A:0x68;0x0A:0x69;0x0A:0x6A;0x0A:0x6B;0x0A:0x6C;0x0A:0x6D;0x0A:0x6E;0x0A:0x6F;0x0A:0x70;0x0A:0x71;0x0A:0x72;0x0A:0x74;0x11:0x00
826,118,MODE1_0118_AHD1080P25_WRITE,MMIO_RESET,89,84,ABORTING->PRODUCT_RECONSTRUCTION_GAP->FATAL_RECOVERY_FAILURE,FATAL_RECOVERY_FAILURE,CALLABLE_RESET_AUTOINIT_OR_PERSISTENT_RECOVERY_CONTEXT_NOT_PROVEN
827,119,MODE1_0119_AHD1080P25_BANK_SELECT,FAILURE_BEFORE_WRITE,89,84,ABORTING->UNRESOLVED_REGISTER_GATE->FATAL_RECOVERY_FAILURE,FATAL_RECOVERY_FAILURE,UNRESOLVED_COMMITTED_REGISTERS=0x00:0x00;0x00:0x08;0x00:0x0C;0x00:0x10;0x00:0x14;0x00:0x18;0x00:0x21;0x00:0x22;0x00:0x30;0x00:0x34;0x00:0x3C;0x00:0x40;0x00:0x44;0x00:0x48;0x00:0x4C;0x00:0x50;0x00:0x64;0x00:0x93;0x00:0xA4;0x01:0xED;0x02:0x02;0x02:0x28;0x02:0x29;0x02:0x2A;0x02:0x2B;0x02:0x2C;0x05:0x00;0x05:0x01;0x05:0x05;0x05:0x08;0x05:0x0E;0x05:0x11;0x05:0x1B;0x05:0x20;0x05:0x23;0x05:0x26;0x05:0x27;0x05:0x29;0x05:0x2A;0x05:0x2B;0x05:0x57;0x05:0x58;0x05:0x59;0x05:0x5B;0x05:0x5F;0x05:0x69;0x05:0x6E;0x05:0x6F;0x05:0x76;0x05:0x90;0x05:0xB8;0x05:0xC8;0x05:0xD1;0x05:0xD4;0x09:0x40;0x09:0x44;0x09:0x64;0x09:0x6A;0x09:0x6B;0x09:0x6C;0x09:0x80;0x09:0x81;0x09:0x97;0x0A:0x60;0x0A:0x61;0x0A:0x62;0x0A:0x63;0x0A:0x64;0x0A:0x65;0x0A:0x66;0x0A:0x67;0x0A:0x68;0x0A:0x69;0x0A:0x6A;0x0A:0x6B;0x0A:0x6C;0x0A:0x6D;0x0A:0x6E;0x0A:0x6F;0x0A:0x70;0x0A:0x71;0x0A:0x72;0x0A:0x74;0x11:0x00
828,119,MODE1_0119_AHD1080P25_BANK_SELECT,NACK_DURING_WRITE,89,84,ABORTING->UNRESOLVED_REGISTER_GATE->FATAL_RECOVERY_FAILURE,FATAL_RECOVERY_FAILURE,UNRESOLVED_COMMITTED_REGISTERS=0x00:0x00;0x00:0x08;0x00:0x0C;0x00:0x10;0x00:0x14;0x00:0x18;0x00:0x21;0x00:0x22;0x00:0x30;0x00:0x34;0x00:0x3C;0x00:0x40;0x00:0x44;0x00:0x48;0x00:0x4C;0x00:0x50;0x00:0x64;0x00:0x93;0x00:0xA4;0x01:0xED;0x02:0x02;0x02:0x28;0x02:0x29;0x02:0x2A;0x02:0x2B;0x02:0x2C;0x05:0x00;0x05:0x01;0x05:0x05;0x05:0x08;0x05:0x0E;0x05:0x11;0x05:0x1B;0x05:0x20;0x05:0x23;0x05:0x26;0x05:0x27;0x05:0x29;0x05:0x2A;0x05:0x2B;0x05:0x57;0x05:0x58;0x05:0x59;0x05:0x5B;0x05:0x5F;0x05:0x69;0x05:0x6E;0x05:0x6F;0x05:0x76;0x05:0x90;0x05:0xB8;0x05:0xC8;0x05:0xD1;0x05:0xD4;0x09:0x40;0x09:0x44;0x09:0x64;0x09:0x6A;0x09:0x6B;0x09:0x6C;0x09:0x80;0x09:0x81;0x09:0x97;0x0A:0x60;0x0A:0x61;0x0A:0x62;0x0A:0x63;0x0A:0x64;0x0A:0x65;0x0A:0x66;0x0A:0x67;0x0A:0x68;0x0A:0x69;0x0A:0x6A;0x0A:0x6B;0x0A:0x6C;0x0A:0x6D;0x0A:0x6E;0x0A:0x6F;0x0A:0x70;0x0A:0x71;0x0A:0x72;0x0A:0x74;0x11:0x00
829,119,MODE1_0119_AHD1080P25_BANK_SELECT,TIMEOUT_DURING_WRITE,89,84,ABORTING->UNRESOLVED_REGISTER_GATE->FATAL_RECOVERY_FAILURE,FATAL_RECOVERY_FAILURE,UNRESOLVED_COMMITTED_REGISTERS=0x00:0x00;0x00:0x08;0x00:0x0C;0x00:0x10;0x00:0x14;0x00:0x18;0x00:0x21;0x00:0x22;0x00:0x30;0x00:0x34;0x00:0x3C;0x00:0x40;0x00:0x44;0x00:0x48;0x00:0x4C;0x00:0x50;0x00:0x64;0x00:0x93;0x00:0xA4;0x01:0xED;0x02:0x02;0x02:0x28;0x02:0x29;0x02:0x2A;0x02:0x2B;0x02:0x2C;0x05:0x00;0x05:0x01;0x05:0x05;0x05:0x08;0x05:0x0E;0x05:0x11;0x05:0x1B;0x05:0x20;0x05:0x23;0x05:0x26;0x05:0x27;0x05:0x29;0x05:0x2A;0x05:0x2B;0x05:0x57;0x05:0x58;0x05:0x59;0x05:0x5B;0x05:0x5F;0x05:0x69;0x05:0x6E;0x05:0x6F;0x05:0x76;0x05:0x90;0x05:0xB8;0x05:0xC8;0x05:0xD1;0x05:0xD4;0x09:0x40;0x09:0x44;0x09:0x64;0x09:0x6A;0x09:0x6B;0x09:0x6C;0x09:0x80;0x09:0x81;0x09:0x97;0x0A:0x60;0x0A:0x61;0x0A:0x62;0x0A:0x63;0x0A:0x64;0x0A:0x65;0x0A:0x66;0x0A:0x67;0x0A:0x68;0x0A:0x69;0x0A:0x6A;0x0A:0x6B;0x0A:0x6C;0x0A:0x6D;0x0A:0x6E;0x0A:0x6F;0x0A:0x70;0x0A:0x71;0x0A:0x72;0x0A:0x74;0x11:0x00
830,119,MODE1_0119_AHD1080P25_BANK_SELECT,READBACK_MISMATCH,89,84,ABORTING->UNRESOLVED_REGISTER_GATE->FATAL_RECOVERY_FAILURE,FATAL_RECOVERY_FAILURE,UNRESOLVED_COMMITTED_REGISTERS=0x00:0x00;0x00:0x08;0x00:0x0C;0x00:0x10;0x00:0x14;0x00:0x18;0x00:0x21;0x00:0x22;0x00:0x30;0x00:0x34;0x00:0x3C;0x00:0x40;0x00:0x44;0x00:0x48;0x00:0x4C;0x00:0x50;0x00:0x64;0x00:0x93;0x00:0xA4;0x01:0xED;0x02:0x02;0x02:0x28;0x02:0x29;0x02:0x2A;0x02:0x2B;0x02:0x2C;0x05:0x00;0x05:0x01;0x05:0x05;0x05:0x08;0x05:0x0E;0x05:0x11;0x05:0x1B;0x05:0x20;0x05:0x23;0x05:0x26;0x05:0x27;0x05:0x29;0x05:0x2A;0x05:0x2B;0x05:0x57;0x05:0x58;0x05:0x59;0x05:0x5B;0x05:0x5F;0x05:0x69;0x05:0x6E;0x05:0x6F;0x05:0x76;0x05:0x90;0x05:0xB8;0x05:0xC8;0x05:0xD1;0x05:0xD4;0x09:0x40;0x09:0x44;0x09:0x64;0x09:0x6A;0x09:0x6B;0x09:0x6C;0x09:0x80;0x09:0x81;0x09:0x97;0x0A:0x60;0x0A:0x61;0x0A:0x62;0x0A:0x63;0x0A:0x64;0x0A:0x65;0x0A:0x66;0x0A:0x67;0x0A:0x68;0x0A:0x69;0x0A:0x6A;0x0A:0x6B;0x0A:0x6C;0x0A:0x6D;0x0A:0x6E;0x0A:0x6F;0x0A:0x70;0x0A:0x71;0x0A:0x72;0x0A:0x74;0x11:0x00
831,119,MODE1_0119_AHD1080P25_BANK_SELECT,RESET_BETWEEN_OPERATIONS,89,84,ABORTING->PRODUCT_RECONSTRUCTION_GAP->FATAL_RECOVERY_FAILURE,FATAL_RECOVERY_FAILURE,CALLABLE_RESET_AUTOINIT_OR_PERSISTENT_RECOVERY_CONTEXT_NOT_PROVEN
832,119,MODE1_0119_AHD1080P25_BANK_SELECT,HOST_ABORT,89,84,ABORTING->UNRESOLVED_REGISTER_GATE->FATAL_RECOVERY_FAILURE,FATAL_RECOVERY_FAILURE,UNRESOLVED_COMMITTED_REGISTERS=0x00:0x00;0x00:0x08;0x00:0x0C;0x00:0x10;0x00:0x14;0x00:0x18;0x00:0x21;0x00:0x22;0x00:0x30;0x00:0x34;0x00:0x3C;0x00:0x40;0x00:0x44;0x00:0x48;0x00:0x4C;0x00:0x50;0x00:0x64;0x00:0x93;0x00:0xA4;0x01:0xED;0x02:0x02;0x02:0x28;0x02:0x29;0x02:0x2A;0x02:0x2B;0x02:0x2C;0x05:0x00;0x05:0x01;0x05:0x05;0x05:0x08;0x05:0x0E;0x05:0x11;0x05:0x1B;0x05:0x20;0x05:0x23;0x05:0x26;0x05:0x27;0x05:0x29;0x05:0x2A;0x05:0x2B;0x05:0x57;0x05:0x58;0x05:0x59;0x05:0x5B;0x05:0x5F;0x05:0x69;0x05:0x6E;0x05:0x6F;0x05:0x76;0x05:0x90;0x05:0xB8;0x05:0xC8;0x05:0xD1;0x05:0xD4;0x09:0x40;0x09:0x44;0x09:0x64;0x09:0x6A;0x09:0x6B;0x09:0x6C;0x09:0x80;0x09:0x81;0x09:0x97;0x0A:0x60;0x0A:0x61;0x0A:0x62;0x0A:0x63;0x0A:0x64;0x0A:0x65;0x0A:0x66;0x0A:0x67;0x0A:0x68;0x0A:0x69;0x0A:0x6A;0x0A:0x6B;0x0A:0x6C;0x0A:0x6D;0x0A:0x6E;0x0A:0x6F;0x0A:0x70;0x0A:0x71;0x0A:0x72;0x0A:0x74;0x11:0x00
833,119,MODE1_0119_AHD1080P25_BANK_SELECT,MMIO_RESET,89,84,ABORTING->PRODUCT_RECONSTRUCTION_GAP->FATAL_RECOVERY_FAILURE,FATAL_RECOVERY_FAILURE,CALLABLE_RESET_AUTOINIT_OR_PERSISTENT_RECOVERY_CONTEXT_NOT_PROVEN
834,120,MODE1_0120_AHD1080P25_WRITE,FAILURE_BEFORE_WRITE,89,84,ABORTING->UNRESOLVED_REGISTER_GATE->FATAL_RECOVERY_FAILURE,FATAL_RECOVERY_FAILURE,UNRESOLVED_COMMITTED_REGISTERS=0x00:0x00;0x00:0x08;0x00:0x0C;0x00:0x10;0x00:0x14;0x00:0x18;0x00:0x21;0x00:0x22;0x00:0x30;0x00:0x34;0x00:0x3C;0x00:0x40;0x00:0x44;0x00:0x48;0x00:0x4C;0x00:0x50;0x00:0x64;0x00:0x93;0x00:0xA4;0x01:0xED;0x02:0x02;0x02:0x28;0x02:0x29;0x02:0x2A;0x02:0x2B;0x02:0x2C;0x05:0x00;0x05:0x01;0x05:0x05;0x05:0x08;0x05:0x0E;0x05:0x11;0x05:0x1B;0x05:0x20;0x05:0x23;0x05:0x26;0x05:0x27;0x05:0x29;0x05:0x2A;0x05:0x2B;0x05:0x57;0x05:0x58;0x05:0x59;0x05:0x5B;0x05:0x5F;0x05:0x69;0x05:0x6E;0x05:0x6F;0x05:0x76;0x05:0x90;0x05:0xB8;0x05:0xC8;0x05:0xD1;0x05:0xD4;0x09:0x40;0x09:0x44;0x09:0x64;0x09:0x6A;0x09:0x6B;0x09:0x6C;0x09:0x80;0x09:0x81;0x09:0x97;0x0A:0x60;0x0A:0x61;0x0A:0x62;0x0A:0x63;0x0A:0x64;0x0A:0x65;0x0A:0x66;0x0A:0x67;0x0A:0x68;0x0A:0x69;0x0A:0x6A;0x0A:0x6B;0x0A:0x6C;0x0A:0x6D;0x0A:0x6E;0x0A:0x6F;0x0A:0x70;0x0A:0x71;0x0A:0x72;0x0A:0x74;0x11:0x00
835,120,MODE1_0120_AHD1080P25_WRITE,NACK_DURING_WRITE,90,85,ABORTING->UNRESOLVED_REGISTER_GATE->FATAL_RECOVERY_FAILURE,FATAL_RECOVERY_FAILURE,UNRESOLVED_COMMITTED_REGISTERS=0x00:0x00;0x00:0x08;0x00:0x0C;0x00:0x10;0x00:0x14;0x00:0x18;0x00:0x21;0x00:0x22;0x00:0x30;0x00:0x34;0x00:0x3C;0x00:0x40;0x00:0x44;0x00:0x48;0x00:0x4C;0x00:0x50;0x00:0x64;0x00:0x93;0x00:0xA4;0x01:0xED;0x02:0x02;0x02:0x28;0x02:0x29;0x02:0x2A;0x02:0x2B;0x02:0x2C;0x05:0x00;0x05:0x01;0x05:0x05;0x05:0x08;0x05:0x0E;0x05:0x11;0x05:0x1B;0x05:0x20;0x05:0x23;0x05:0x26;0x05:0x27;0x05:0x29;0x05:0x2A;0x05:0x2B;0x05:0x47;0x05:0x57;0x05:0x58;0x05:0x59;0x05:0x5B;0x05:0x5F;0x05:0x69;0x05:0x6E;0x05:0x6F;0x05:0x76;0x05:0x90;0x05:0xB8;0x05:0xC8;0x05:0xD1;0x05:0xD4;0x09:0x40;0x09:0x44;0x09:0x64;0x09:0x6A;0x09:0x6B;0x09:0x6C;0x09:0x80;0x09:0x81;0x09:0x97;0x0A:0x60;0x0A:0x61;0x0A:0x62;0x0A:0x63;0x0A:0x64;0x0A:0x65;0x0A:0x66;0x0A:0x67;0x0A:0x68;0x0A:0x69;0x0A:0x6A;0x0A:0x6B;0x0A:0x6C;0x0A:0x6D;0x0A:0x6E;0x0A:0x6F;0x0A:0x70;0x0A:0x71;0x0A:0x72;0x0A:0x74;0x11:0x00
836,120,MODE1_0120_AHD1080P25_WRITE,TIMEOUT_DURING_WRITE,90,85,ABORTING->UNRESOLVED_REGISTER_GATE->FATAL_RECOVERY_FAILURE,FATAL_RECOVERY_FAILURE,UNRESOLVED_COMMITTED_REGISTERS=0x00:0x00;0x00:0x08;0x00:0x0C;0x00:0x10;0x00:0x14;0x00:0x18;0x00:0x21;0x00:0x22;0x00:0x30;0x00:0x34;0x00:0x3C;0x00:0x40;0x00:0x44;0x00:0x48;0x00:0x4C;0x00:0x50;0x00:0x64;0x00:0x93;0x00:0xA4;0x01:0xED;0x02:0x02;0x02:0x28;0x02:0x29;0x02:0x2A;0x02:0x2B;0x02:0x2C;0x05:0x00;0x05:0x01;0x05:0x05;0x05:0x08;0x05:0x0E;0x05:0x11;0x05:0x1B;0x05:0x20;0x05:0x23;0x05:0x26;0x05:0x27;0x05:0x29;0x05:0x2A;0x05:0x2B;0x05:0x47;0x05:0x57;0x05:0x58;0x05:0x59;0x05:0x5B;0x05:0x5F;0x05:0x69;0x05:0x6E;0x05:0x6F;0x05:0x76;0x05:0x90;0x05:0xB8;0x05:0xC8;0x05:0xD1;0x05:0xD4;0x09:0x40;0x09:0x44;0x09:0x64;0x09:0x6A;0x09:0x6B;0x09:0x6C;0x09:0x80;0x09:0x81;0x09:0x97;0x0A:0x60;0x0A:0x61;0x0A:0x62;0x0A:0x63;0x0A:0x64;0x0A:0x65;0x0A:0x66;0x0A:0x67;0x0A:0x68;0x0A:0x69;0x0A:0x6A;0x0A:0x6B;0x0A:0x6C;0x0A:0x6D;0x0A:0x6E;0x0A:0x6F;0x0A:0x70;0x0A:0x71;0x0A:0x72;0x0A:0x74;0x11:0x00
837,120,MODE1_0120_AHD1080P25_WRITE,READBACK_MISMATCH,90,85,ABORTING->UNRESOLVED_REGISTER_GATE->FATAL_RECOVERY_FAILURE,FATAL_RECOVERY_FAILURE,UNRESOLVED_COMMITTED_REGISTERS=0x00:0x00;0x00:0x08;0x00:0x0C;0x00:0x10;0x00:0x14;0x00:0x18;0x00:0x21;0x00:0x22;0x00:0x30;0x00:0x34;0x00:0x3C;0x00:0x40;0x00:0x44;0x00:0x48;0x00:0x4C;0x00:0x50;0x00:0x64;0x00:0x93;0x00:0xA4;0x01:0xED;0x02:0x02;0x02:0x28;0x02:0x29;0x02:0x2A;0x02:0x2B;0x02:0x2C;0x05:0x00;0x05:0x01;0x05:0x05;0x05:0x08;0x05:0x0E;0x05:0x11;0x05:0x1B;0x05:0x20;0x05:0x23;0x05:0x26;0x05:0x27;0x05:0x29;0x05:0x2A;0x05:0x2B;0x05:0x47;0x05:0x57;0x05:0x58;0x05:0x59;0x05:0x5B;0x05:0x5F;0x05:0x69;0x05:0x6E;0x05:0x6F;0x05:0x76;0x05:0x90;0x05:0xB8;0x05:0xC8;0x05:0xD1;0x05:0xD4;0x09:0x40;0x09:0x44;0x09:0x64;0x09:0x6A;0x09:0x6B;0x09:0x6C;0x09:0x80;0x09:0x81;0x09:0x97;0x0A:0x60;0x0A:0x61;0x0A:0x62;0x0A:0x63;0x0A:0x64;0x0A:0x65;0x0A:0x66;0x0A:0x67;0x0A:0x68;0x0A:0x69;0x0A:0x6A;0x0A:0x6B;0x0A:0x6C;0x0A:0x6D;0x0A:0x6E;0x0A:0x6F;0x0A:0x70;0x0A:0x71;0x0A:0x72;0x0A:0x74;0x11:0x00
838,120,MODE1_0120_AHD1080P25_WRITE,RESET_BETWEEN_OPERATIONS,90,85,ABORTING->PRODUCT_RECONSTRUCTION_GAP->FATAL_RECOVERY_FAILURE,FATAL_RECOVERY_FAILURE,CALLABLE_RESET_AUTOINIT_OR_PERSISTENT_RECOVERY_CONTEXT_NOT_PROVEN
839,120,MODE1_0120_AHD1080P25_WRITE,HOST_ABORT,90,85,ABORTING->UNRESOLVED_REGISTER_GATE->FATAL_RECOVERY_FAILURE,FATAL_RECOVERY_FAILURE,UNRESOLVED_COMMITTED_REGISTERS=0x00:0x00;0x00:0x08;0x00:0x0C;0x00:0x10;0x00:0x14;0x00:0x18;0x00:0x21;0x00:0x22;0x00:0x30;0x00:0x34;0x00:0x3C;0x00:0x40;0x00:0x44;0x00:0x48;0x00:0x4C;0x00:0x50;0x00:0x64;0x00:0x93;0x00:0xA4;0x01:0xED;0x02:0x02;0x02:0x28;0x02:0x29;0x02:0x2A;0x02:0x2B;0x02:0x2C;0x05:0x00;0x05:0x01;0x05:0x05;0x05:0x08;0x05:0x0E;0x05:0x11;0x05:0x1B;0x05:0x20;0x05:0x23;0x05:0x26;0x05:0x27;0x05:0x29;0x05:0x2A;0x05:0x2B;0x05:0x47;0x05:0x57;0x05:0x58;0x05:0x59;0x05:0x5B;0x05:0x5F;0x05:0x69;0x05:0x6E;0x05:0x6F;0x05:0x76;0x05:0x90;0x05:0xB8;0x05:0xC8;0x05:0xD1;0x05:0xD4;0x09:0x40;0x09:0x44;0x09:0x64;0x09:0x6A;0x09:0x6B;0x09:0x6C;0x09:0x80;0x09:0x81;0x09:0x97;0x0A:0x60;0x0A:0x61;0x0A:0x62;0x0A:0x63;0x0A:0x64;0x0A:0x65;0x0A:0x66;0x0A:0x67;0x0A:0x68;0x0A:0x69;0x0A:0x6A;0x0A:0x6B;0x0A:0x6C;0x0A:0x6D;0x0A:0x6E;0x0A:0x6F;0x0A:0x70;0x0A:0x71;0x0A:0x72;0x0A:0x74;0x11:0x00
840,120,MODE1_0120_AHD1080P25_WRITE,MMIO_RESET,90,85,ABORTING->PRODUCT_RECONSTRUCTION_GAP->FATAL_RECOVERY_FAILURE,FATAL_RECOVERY_FAILURE,CALLABLE_RESET_AUTOINIT_OR_PERSISTENT_RECOVERY_CONTEXT_NOT_PROVEN
841,121,MODE1_0121_AHD1080P25_WRITE,FAILURE_BEFORE_WRITE,90,85,ABORTING->UNRESOLVED_REGISTER_GATE->FATAL_RECOVERY_FAILURE,FATAL_RECOVERY_FAILURE,UNRESOLVED_COMMITTED_REGISTERS=0x00:0x00;0x00:0x08;0x00:0x0C;0x00:0x10;0x00:0x14;0x00:0x18;0x00:0x21;0x00:0x22;0x00:0x30;0x00:0x34;0x00:0x3C;0x00:0x40;0x00:0x44;0x00:0x48;0x00:0x4C;0x00:0x50;0x00:0x64;0x00:0x93;0x00:0xA4;0x01:0xED;0x02:0x02;0x02:0x28;0x02:0x29;0x02:0x2A;0x02:0x2B;0x02:0x2C;0x05:0x00;0x05:0x01;0x05:0x05;0x05:0x08;0x05:0x0E;0x05:0x11;0x05:0x1B;0x05:0x20;0x05:0x23;0x05:0x26;0x05:0x27;0x05:0x29;0x05:0x2A;0x05:0x2B;0x05:0x47;0x05:0x57;0x05:0x58;0x05:0x59;0x05:0x5B;0x05:0x5F;0x05:0x69;0x05:0x6E;0x05:0x6F;0x05:0x76;0x05:0x90;0x05:0xB8;0x05:0xC8;0x05:0xD1;0x05:0xD4;0x09:0x40;0x09:0x44;0x09:0x64;0x09:0x6A;0x09:0x6B;0x09:0x6C;0x09:0x80;0x09:0x81;0x09:0x97;0x0A:0x60;0x0A:0x61;0x0A:0x62;0x0A:0x63;0x0A:0x64;0x0A:0x65;0x0A:0x66;0x0A:0x67;0x0A:0x68;0x0A:0x69;0x0A:0x6A;0x0A:0x6B;0x0A:0x6C;0x0A:0x6D;0x0A:0x6E;0x0A:0x6F;0x0A:0x70;0x0A:0x71;0x0A:0x72;0x0A:0x74;0x11:0x00
842,121,MODE1_0121_AHD1080P25_WRITE,NACK_DURING_WRITE,91,86,ABORTING->UNRESOLVED_REGISTER_GATE->FATAL_RECOVERY_FAILURE,FATAL_RECOVERY_FAILURE,UNRESOLVED_COMMITTED_REGISTERS=0x00:0x00;0x00:0x08;0x00:0x0C;0x00:0x10;0x00:0x14;0x00:0x18;0x00:0x21;0x00:0x22;0x00:0x30;0x00:0x34;0x00:0x3C;0x00:0x40;0x00:0x44;0x00:0x48;0x00:0x4C;0x00:0x50;0x00:0x64;0x00:0x93;0x00:0xA4;0x01:0xED;0x02:0x02;0x02:0x28;0x02:0x29;0x02:0x2A;0x02:0x2B;0x02:0x2C;0x05:0x00;0x05:0x01;0x05:0x05;0x05:0x08;0x05:0x0E;0x05:0x11;0x05:0x1B;0x05:0x20;0x05:0x23;0x05:0x26;0x05:0x27;0x05:0x29;0x05:0x2A;0x05:0x2B;0x05:0x47;0x05:0x50;0x05:0x57;0x05:0x58;0x05:0x59;0x05:0x5B;0x05:0x5F;0x05:0x69;0x05:0x6E;0x05:0x6F;0x05:0x76;0x05:0x90;0x05:0xB8;0x05:0xC8;0x05:0xD1;0x05:0xD4;0x09:0x40;0x09:0x44;0x09:0x64;0x09:0x6A;0x09:0x6B;0x09:0x6C;0x09:0x80;0x09:0x81;0x09:0x97;0x0A:0x60;0x0A:0x61;0x0A:0x62;0x0A:0x63;0x0A:0x64;0x0A:0x65;0x0A:0x66;0x0A:0x67;0x0A:0x68;0x0A:0x69;0x0A:0x6A;0x0A:0x6B;0x0A:0x6C;0x0A:0x6D;0x0A:0x6E;0x0A:0x6F;0x0A:0x70;0x0A:0x71;0x0A:0x72;0x0A:0x74;0x11:0x00
843,121,MODE1_0121_AHD1080P25_WRITE,TIMEOUT_DURING_WRITE,91,86,ABORTING->UNRESOLVED_REGISTER_GATE->FATAL_RECOVERY_FAILURE,FATAL_RECOVERY_FAILURE,UNRESOLVED_COMMITTED_REGISTERS=0x00:0x00;0x00:0x08;0x00:0x0C;0x00:0x10;0x00:0x14;0x00:0x18;0x00:0x21;0x00:0x22;0x00:0x30;0x00:0x34;0x00:0x3C;0x00:0x40;0x00:0x44;0x00:0x48;0x00:0x4C;0x00:0x50;0x00:0x64;0x00:0x93;0x00:0xA4;0x01:0xED;0x02:0x02;0x02:0x28;0x02:0x29;0x02:0x2A;0x02:0x2B;0x02:0x2C;0x05:0x00;0x05:0x01;0x05:0x05;0x05:0x08;0x05:0x0E;0x05:0x11;0x05:0x1B;0x05:0x20;0x05:0x23;0x05:0x26;0x05:0x27;0x05:0x29;0x05:0x2A;0x05:0x2B;0x05:0x47;0x05:0x50;0x05:0x57;0x05:0x58;0x05:0x59;0x05:0x5B;0x05:0x5F;0x05:0x69;0x05:0x6E;0x05:0x6F;0x05:0x76;0x05:0x90;0x05:0xB8;0x05:0xC8;0x05:0xD1;0x05:0xD4;0x09:0x40;0x09:0x44;0x09:0x64;0x09:0x6A;0x09:0x6B;0x09:0x6C;0x09:0x80;0x09:0x81;0x09:0x97;0x0A:0x60;0x0A:0x61;0x0A:0x62;0x0A:0x63;0x0A:0x64;0x0A:0x65;0x0A:0x66;0x0A:0x67;0x0A:0x68;0x0A:0x69;0x0A:0x6A;0x0A:0x6B;0x0A:0x6C;0x0A:0x6D;0x0A:0x6E;0x0A:0x6F;0x0A:0x70;0x0A:0x71;0x0A:0x72;0x0A:0x74;0x11:0x00
844,121,MODE1_0121_AHD1080P25_WRITE,READBACK_MISMATCH,91,86,ABORTING->UNRESOLVED_REGISTER_GATE->FATAL_RECOVERY_FAILURE,FATAL_RECOVERY_FAILURE,UNRESOLVED_COMMITTED_REGISTERS=0x00:0x00;0x00:0x08;0x00:0x0C;0x00:0x10;0x00:0x14;0x00:0x18;0x00:0x21;0x00:0x22;0x00:0x30;0x00:0x34;0x00:0x3C;0x00:0x40;0x00:0x44;0x00:0x48;0x00:0x4C;0x00:0x50;0x00:0x64;0x00:0x93;0x00:0xA4;0x01:0xED;0x02:0x02;0x02:0x28;0x02:0x29;0x02:0x2A;0x02:0x2B;0x02:0x2C;0x05:0x00;0x05:0x01;0x05:0x05;0x05:0x08;0x05:0x0E;0x05:0x11;0x05:0x1B;0x05:0x20;0x05:0x23;0x05:0x26;0x05:0x27;0x05:0x29;0x05:0x2A;0x05:0x2B;0x05:0x47;0x05:0x50;0x05:0x57;0x05:0x58;0x05:0x59;0x05:0x5B;0x05:0x5F;0x05:0x69;0x05:0x6E;0x05:0x6F;0x05:0x76;0x05:0x90;0x05:0xB8;0x05:0xC8;0x05:0xD1;0x05:0xD4;0x09:0x40;0x09:0x44;0x09:0x64;0x09:0x6A;0x09:0x6B;0x09:0x6C;0x09:0x80;0x09:0x81;0x09:0x97;0x0A:0x60;0x0A:0x61;0x0A:0x62;0x0A:0x63;0x0A:0x64;0x0A:0x65;0x0A:0x66;0x0A:0x67;0x0A:0x68;0x0A:0x69;0x0A:0x6A;0x0A:0x6B;0x0A:0x6C;0x0A:0x6D;0x0A:0x6E;0x0A:0x6F;0x0A:0x70;0x0A:0x71;0x0A:0x72;0x0A:0x74;0x11:0x00
845,121,MODE1_0121_AHD1080P25_WRITE,RESET_BETWEEN_OPERATIONS,91,86,ABORTING->PRODUCT_RECONSTRUCTION_GAP->FATAL_RECOVERY_FAILURE,FATAL_RECOVERY_FAILURE,CALLABLE_RESET_AUTOINIT_OR_PERSISTENT_RECOVERY_CONTEXT_NOT_PROVEN
846,121,MODE1_0121_AHD1080P25_WRITE,HOST_ABORT,91,86,ABORTING->UNRESOLVED_REGISTER_GATE->FATAL_RECOVERY_FAILURE,FATAL_RECOVERY_FAILURE,UNRESOLVED_COMMITTED_REGISTERS=0x00:0x00;0x00:0x08;0x00:0x0C;0x00:0x10;0x00:0x14;0x00:0x18;0x00:0x21;0x00:0x22;0x00:0x30;0x00:0x34;0x00:0x3C;0x00:0x40;0x00:0x44;0x00:0x48;0x00:0x4C;0x00:0x50;0x00:0x64;0x00:0x93;0x00:0xA4;0x01:0xED;0x02:0x02;0x02:0x28;0x02:0x29;0x02:0x2A;0x02:0x2B;0x02:0x2C;0x05:0x00;0x05:0x01;0x05:0x05;0x05:0x08;0x05:0x0E;0x05:0x11;0x05:0x1B;0x05:0x20;0x05:0x23;0x05:0x26;0x05:0x27;0x05:0x29;0x05:0x2A;0x05:0x2B;0x05:0x47;0x05:0x50;0x05:0x57;0x05:0x58;0x05:0x59;0x05:0x5B;0x05:0x5F;0x05:0x69;0x05:0x6E;0x05:0x6F;0x05:0x76;0x05:0x90;0x05:0xB8;0x05:0xC8;0x05:0xD1;0x05:0xD4;0x09:0x40;0x09:0x44;0x09:0x64;0x09:0x6A;0x09:0x6B;0x09:0x6C;0x09:0x80;0x09:0x81;0x09:0x97;0x0A:0x60;0x0A:0x61;0x0A:0x62;0x0A:0x63;0x0A:0x64;0x0A:0x65;0x0A:0x66;0x0A:0x67;0x0A:0x68;0x0A:0x69;0x0A:0x6A;0x0A:0x6B;0x0A:0x6C;0x0A:0x6D;0x0A:0x6E;0x0A:0x6F;0x0A:0x70;0x0A:0x71;0x0A:0x72;0x0A:0x74;0x11:0x00
847,121,MODE1_0121_AHD1080P25_WRITE,MMIO_RESET,91,86,ABORTING->PRODUCT_RECONSTRUCTION_GAP->FATAL_RECOVERY_FAILURE,FATAL_RECOVERY_FAILURE,CALLABLE_RESET_AUTOINIT_OR_PERSISTENT_RECOVERY_CONTEXT_NOT_PROVEN
848,122,MODE1_0122_AHD1080P25_BANK_SELECT,FAILURE_BEFORE_WRITE,91,86,ABORTING->UNRESOLVED_REGISTER_GATE->FATAL_RECOVERY_FAILURE,FATAL_RECOVERY_FAILURE,UNRESOLVED_COMMITTED_REGISTERS=0x00:0x00;0x00:0x08;0x00:0x0C;0x00:0x10;0x00:0x14;0x00:0x18;0x00:0x21;0x00:0x22;0x00:0x30;0x00:0x34;0x00:0x3C;0x00:0x40;0x00:0x44;0x00:0x48;0x00:0x4C;0x00:0x50;0x00:0x64;0x00:0x93;0x00:0xA4;0x01:0xED;0x02:0x02;0x02:0x28;0x02:0x29;0x02:0x2A;0x02:0x2B;0x02:0x2C;0x05:0x00;0x05:0x01;0x05:0x05;0x05:0x08;0x05:0x0E;0x05:0x11;0x05:0x1B;0x05:0x20;0x05:0x23;0x05:0x26;0x05:0x27;0x05:0x29;0x05:0x2A;0x05:0x2B;0x05:0x47;0x05:0x50;0x05:0x57;0x05:0x58;0x05:0x59;0x05:0x5B;0x05:0x5F;0x05:0x69;0x05:0x6E;0x05:0x6F;0x05:0x76;0x05:0x90;0x05:0xB8;0x05:0xC8;0x05:0xD1;0x05:0xD4;0x09:0x40;0x09:0x44;0x09:0x64;0x09:0x6A;0x09:0x6B;0x09:0x6C;0x09:0x80;0x09:0x81;0x09:0x97;0x0A:0x60;0x0A:0x61;0x0A:0x62;0x0A:0x63;0x0A:0x64;0x0A:0x65;0x0A:0x66;0x0A:0x67;0x0A:0x68;0x0A:0x69;0x0A:0x6A;0x0A:0x6B;0x0A:0x6C;0x0A:0x6D;0x0A:0x6E;0x0A:0x6F;0x0A:0x70;0x0A:0x71;0x0A:0x72;0x0A:0x74;0x11:0x00
849,122,MODE1_0122_AHD1080P25_BANK_SELECT,NACK_DURING_WRITE,91,86,ABORTING->UNRESOLVED_REGISTER_GATE->FATAL_RECOVERY_FAILURE,FATAL_RECOVERY_FAILURE,UNRESOLVED_COMMITTED_REGISTERS=0x00:0x00;0x00:0x08;0x00:0x0C;0x00:0x10;0x00:0x14;0x00:0x18;0x00:0x21;0x00:0x22;0x00:0x30;0x00:0x34;0x00:0x3C;0x00:0x40;0x00:0x44;0x00:0x48;0x00:0x4C;0x00:0x50;0x00:0x64;0x00:0x93;0x00:0xA4;0x01:0xED;0x02:0x02;0x02:0x28;0x02:0x29;0x02:0x2A;0x02:0x2B;0x02:0x2C;0x05:0x00;0x05:0x01;0x05:0x05;0x05:0x08;0x05:0x0E;0x05:0x11;0x05:0x1B;0x05:0x20;0x05:0x23;0x05:0x26;0x05:0x27;0x05:0x29;0x05:0x2A;0x05:0x2B;0x05:0x47;0x05:0x50;0x05:0x57;0x05:0x58;0x05:0x59;0x05:0x5B;0x05:0x5F;0x05:0x69;0x05:0x6E;0x05:0x6F;0x05:0x76;0x05:0x90;0x05:0xB8;0x05:0xC8;0x05:0xD1;0x05:0xD4;0x09:0x40;0x09:0x44;0x09:0x64;0x09:0x6A;0x09:0x6B;0x09:0x6C;0x09:0x80;0x09:0x81;0x09:0x97;0x0A:0x60;0x0A:0x61;0x0A:0x62;0x0A:0x63;0x0A:0x64;0x0A:0x65;0x0A:0x66;0x0A:0x67;0x0A:0x68;0x0A:0x69;0x0A:0x6A;0x0A:0x6B;0x0A:0x6C;0x0A:0x6D;0x0A:0x6E;0x0A:0x6F;0x0A:0x70;0x0A:0x71;0x0A:0x72;0x0A:0x74;0x11:0x00
850,122,MODE1_0122_AHD1080P25_BANK_SELECT,TIMEOUT_DURING_WRITE,91,86,ABORTING->UNRESOLVED_REGISTER_GATE->FATAL_RECOVERY_FAILURE,FATAL_RECOVERY_FAILURE,UNRESOLVED_COMMITTED_REGISTERS=0x00:0x00;0x00:0x08;0x00:0x0C;0x00:0x10;0x00:0x14;0x00:0x18;0x00:0x21;0x00:0x22;0x00:0x30;0x00:0x34;0x00:0x3C;0x00:0x40;0x00:0x44;0x00:0x48;0x00:0x4C;0x00:0x50;0x00:0x64;0x00:0x93;0x00:0xA4;0x01:0xED;0x02:0x02;0x02:0x28;0x02:0x29;0x02:0x2A;0x02:0x2B;0x02:0x2C;0x05:0x00;0x05:0x01;0x05:0x05;0x05:0x08;0x05:0x0E;0x05:0x11;0x05:0x1B;0x05:0x20;0x05:0x23;0x05:0x26;0x05:0x27;0x05:0x29;0x05:0x2A;0x05:0x2B;0x05:0x47;0x05:0x50;0x05:0x57;0x05:0x58;0x05:0x59;0x05:0x5B;0x05:0x5F;0x05:0x69;0x05:0x6E;0x05:0x6F;0x05:0x76;0x05:0x90;0x05:0xB8;0x05:0xC8;0x05:0xD1;0x05:0xD4;0x09:0x40;0x09:0x44;0x09:0x64;0x09:0x6A;0x09:0x6B;0x09:0x6C;0x09:0x80;0x09:0x81;0x09:0x97;0x0A:0x60;0x0A:0x61;0x0A:0x62;0x0A:0x63;0x0A:0x64;0x0A:0x65;0x0A:0x66;0x0A:0x67;0x0A:0x68;0x0A:0x69;0x0A:0x6A;0x0A:0x6B;0x0A:0x6C;0x0A:0x6D;0x0A:0x6E;0x0A:0x6F;0x0A:0x70;0x0A:0x71;0x0A:0x72;0x0A:0x74;0x11:0x00
851,122,MODE1_0122_AHD1080P25_BANK_SELECT,READBACK_MISMATCH,91,86,ABORTING->UNRESOLVED_REGISTER_GATE->FATAL_RECOVERY_FAILURE,FATAL_RECOVERY_FAILURE,UNRESOLVED_COMMITTED_REGISTERS=0x00:0x00;0x00:0x08;0x00:0x0C;0x00:0x10;0x00:0x14;0x00:0x18;0x00:0x21;0x00:0x22;0x00:0x30;0x00:0x34;0x00:0x3C;0x00:0x40;0x00:0x44;0x00:0x48;0x00:0x4C;0x00:0x50;0x00:0x64;0x00:0x93;0x00:0xA4;0x01:0xED;0x02:0x02;0x02:0x28;0x02:0x29;0x02:0x2A;0x02:0x2B;0x02:0x2C;0x05:0x00;0x05:0x01;0x05:0x05;0x05:0x08;0x05:0x0E;0x05:0x11;0x05:0x1B;0x05:0x20;0x05:0x23;0x05:0x26;0x05:0x27;0x05:0x29;0x05:0x2A;0x05:0x2B;0x05:0x47;0x05:0x50;0x05:0x57;0x05:0x58;0x05:0x59;0x05:0x5B;0x05:0x5F;0x05:0x69;0x05:0x6E;0x05:0x6F;0x05:0x76;0x05:0x90;0x05:0xB8;0x05:0xC8;0x05:0xD1;0x05:0xD4;0x09:0x40;0x09:0x44;0x09:0x64;0x09:0x6A;0x09:0x6B;0x09:0x6C;0x09:0x80;0x09:0x81;0x09:0x97;0x0A:0x60;0x0A:0x61;0x0A:0x62;0x0A:0x63;0x0A:0x64;0x0A:0x65;0x0A:0x66;0x0A:0x67;0x0A:0x68;0x0A:0x69;0x0A:0x6A;0x0A:0x6B;0x0A:0x6C;0x0A:0x6D;0x0A:0x6E;0x0A:0x6F;0x0A:0x70;0x0A:0x71;0x0A:0x72;0x0A:0x74;0x11:0x00
852,122,MODE1_0122_AHD1080P25_BANK_SELECT,RESET_BETWEEN_OPERATIONS,91,86,ABORTING->PRODUCT_RECONSTRUCTION_GAP->FATAL_RECOVERY_FAILURE,FATAL_RECOVERY_FAILURE,CALLABLE_RESET_AUTOINIT_OR_PERSISTENT_RECOVERY_CONTEXT_NOT_PROVEN
853,122,MODE1_0122_AHD1080P25_BANK_SELECT,HOST_ABORT,91,86,ABORTING->UNRESOLVED_REGISTER_GATE->FATAL_RECOVERY_FAILURE,FATAL_RECOVERY_FAILURE,UNRESOLVED_COMMITTED_REGISTERS=0x00:0x00;0x00:0x08;0x00:0x0C;0x00:0x10;0x00:0x14;0x00:0x18;0x00:0x21;0x00:0x22;0x00:0x30;0x00:0x34;0x00:0x3C;0x00:0x40;0x00:0x44;0x00:0x48;0x00:0x4C;0x00:0x50;0x00:0x64;0x00:0x93;0x00:0xA4;0x01:0xED;0x02:0x02;0x02:0x28;0x02:0x29;0x02:0x2A;0x02:0x2B;0x02:0x2C;0x05:0x00;0x05:0x01;0x05:0x05;0x05:0x08;0x05:0x0E;0x05:0x11;0x05:0x1B;0x05:0x20;0x05:0x23;0x05:0x26;0x05:0x27;0x05:0x29;0x05:0x2A;0x05:0x2B;0x05:0x47;0x05:0x50;0x05:0x57;0x05:0x58;0x05:0x59;0x05:0x5B;0x05:0x5F;0x05:0x69;0x05:0x6E;0x05:0x6F;0x05:0x76;0x05:0x90;0x05:0xB8;0x05:0xC8;0x05:0xD1;0x05:0xD4;0x09:0x40;0x09:0x44;0x09:0x64;0x09:0x6A;0x09:0x6B;0x09:0x6C;0x09:0x80;0x09:0x81;0x09:0x97;0x0A:0x60;0x0A:0x61;0x0A:0x62;0x0A:0x63;0x0A:0x64;0x0A:0x65;0x0A:0x66;0x0A:0x67;0x0A:0x68;0x0A:0x69;0x0A:0x6A;0x0A:0x6B;0x0A:0x6C;0x0A:0x6D;0x0A:0x6E;0x0A:0x6F;0x0A:0x70;0x0A:0x71;0x0A:0x72;0x0A:0x74;0x11:0x00
854,122,MODE1_0122_AHD1080P25_BANK_SELECT,MMIO_RESET,91,86,ABORTING->PRODUCT_RECONSTRUCTION_GAP->FATAL_RECOVERY_FAILURE,FATAL_RECOVERY_FAILURE,CALLABLE_RESET_AUTOINIT_OR_PERSISTENT_RECOVERY_CONTEXT_NOT_PROVEN
855,123,MODE1_0123_AHD1080P25_WRITE,FAILURE_BEFORE_WRITE,91,86,ABORTING->UNRESOLVED_REGISTER_GATE->FATAL_RECOVERY_FAILURE,FATAL_RECOVERY_FAILURE,UNRESOLVED_COMMITTED_REGISTERS=0x00:0x00;0x00:0x08;0x00:0x0C;0x00:0x10;0x00:0x14;0x00:0x18;0x00:0x21;0x00:0x22;0x00:0x30;0x00:0x34;0x00:0x3C;0x00:0x40;0x00:0x44;0x00:0x48;0x00:0x4C;0x00:0x50;0x00:0x64;0x00:0x93;0x00:0xA4;0x01:0xED;0x02:0x02;0x02:0x28;0x02:0x29;0x02:0x2A;0x02:0x2B;0x02:0x2C;0x05:0x00;0x05:0x01;0x05:0x05;0x05:0x08;0x05:0x0E;0x05:0x11;0x05:0x1B;0x05:0x20;0x05:0x23;0x05:0x26;0x05:0x27;0x05:0x29;0x05:0x2A;0x05:0x2B;0x05:0x47;0x05:0x50;0x05:0x57;0x05:0x58;0x05:0x59;0x05:0x5B;0x05:0x5F;0x05:0x69;0x05:0x6E;0x05:0x6F;0x05:0x76;0x05:0x90;0x05:0xB8;0x05:0xC8;0x05:0xD1;0x05:0xD4;0x09:0x40;0x09:0x44;0x09:0x64;0x09:0x6A;0x09:0x6B;0x09:0x6C;0x09:0x80;0x09:0x81;0x09:0x97;0x0A:0x60;0x0A:0x61;0x0A:0x62;0x0A:0x63;0x0A:0x64;0x0A:0x65;0x0A:0x66;0x0A:0x67;0x0A:0x68;0x0A:0x69;0x0A:0x6A;0x0A:0x6B;0x0A:0x6C;0x0A:0x6D;0x0A:0x6E;0x0A:0x6F;0x0A:0x70;0x0A:0x71;0x0A:0x72;0x0A:0x74;0x11:0x00
856,123,MODE1_0123_AHD1080P25_WRITE,NACK_DURING_WRITE,91,86,ABORTING->UNRESOLVED_REGISTER_GATE->FATAL_RECOVERY_FAILURE,FATAL_RECOVERY_FAILURE,UNRESOLVED_COMMITTED_REGISTERS=0x00:0x00;0x00:0x08;0x00:0x0C;0x00:0x10;0x00:0x14;0x00:0x18;0x00:0x21;0x00:0x22;0x00:0x30;0x00:0x34;0x00:0x3C;0x00:0x40;0x00:0x44;0x00:0x48;0x00:0x4C;0x00:0x50;0x00:0x64;0x00:0x93;0x00:0xA4;0x01:0xED;0x02:0x02;0x02:0x28;0x02:0x29;0x02:0x2A;0x02:0x2B;0x02:0x2C;0x05:0x00;0x05:0x01;0x05:0x05;0x05:0x08;0x05:0x0E;0x05:0x11;0x05:0x1B;0x05:0x20;0x05:0x23;0x05:0x26;0x05:0x27;0x05:0x29;0x05:0x2A;0x05:0x2B;0x05:0x47;0x05:0x50;0x05:0x57;0x05:0x58;0x05:0x59;0x05:0x5B;0x05:0x5F;0x05:0x69;0x05:0x6E;0x05:0x6F;0x05:0x76;0x05:0x90;0x05:0xB8;0x05:0xC8;0x05:0xD1;0x05:0xD4;0x09:0x40;0x09:0x44;0x09:0x64;0x09:0x6A;0x09:0x6B;0x09:0x6C;0x09:0x80;0x09:0x81;0x09:0x97;0x0A:0x60;0x0A:0x61;0x0A:0x62;0x0A:0x63;0x0A:0x64;0x0A:0x65;0x0A:0x66;0x0A:0x67;0x0A:0x68;0x0A:0x69;0x0A:0x6A;0x0A:0x6B;0x0A:0x6C;0x0A:0x6D;0x0A:0x6E;0x0A:0x6F;0x0A:0x70;0x0A:0x71;0x0A:0x72;0x0A:0x74;0x11:0x00
857,123,MODE1_0123_AHD1080P25_WRITE,TIMEOUT_DURING_WRITE,91,86,ABORTING->UNRESOLVED_REGISTER_GATE->FATAL_RECOVERY_FAILURE,FATAL_RECOVERY_FAILURE,UNRESOLVED_COMMITTED_REGISTERS=0x00:0x00;0x00:0x08;0x00:0x0C;0x00:0x10;0x00:0x14;0x00:0x18;0x00:0x21;0x00:0x22;0x00:0x30;0x00:0x34;0x00:0x3C;0x00:0x40;0x00:0x44;0x00:0x48;0x00:0x4C;0x00:0x50;0x00:0x64;0x00:0x93;0x00:0xA4;0x01:0xED;0x02:0x02;0x02:0x28;0x02:0x29;0x02:0x2A;0x02:0x2B;0x02:0x2C;0x05:0x00;0x05:0x01;0x05:0x05;0x05:0x08;0x05:0x0E;0x05:0x11;0x05:0x1B;0x05:0x20;0x05:0x23;0x05:0x26;0x05:0x27;0x05:0x29;0x05:0x2A;0x05:0x2B;0x05:0x47;0x05:0x50;0x05:0x57;0x05:0x58;0x05:0x59;0x05:0x5B;0x05:0x5F;0x05:0x69;0x05:0x6E;0x05:0x6F;0x05:0x76;0x05:0x90;0x05:0xB8;0x05:0xC8;0x05:0xD1;0x05:0xD4;0x09:0x40;0x09:0x44;0x09:0x64;0x09:0x6A;0x09:0x6B;0x09:0x6C;0x09:0x80;0x09:0x81;0x09:0x97;0x0A:0x60;0x0A:0x61;0x0A:0x62;0x0A:0x63;0x0A:0x64;0x0A:0x65;0x0A:0x66;0x0A:0x67;0x0A:0x68;0x0A:0x69;0x0A:0x6A;0x0A:0x6B;0x0A:0x6C;0x0A:0x6D;0x0A:0x6E;0x0A:0x6F;0x0A:0x70;0x0A:0x71;0x0A:0x72;0x0A:0x74;0x11:0x00
858,123,MODE1_0123_AHD1080P25_WRITE,READBACK_MISMATCH,91,86,ABORTING->UNRESOLVED_REGISTER_GATE->FATAL_RECOVERY_FAILURE,FATAL_RECOVERY_FAILURE,UNRESOLVED_COMMITTED_REGISTERS=0x00:0x00;0x00:0x08;0x00:0x0C;0x00:0x10;0x00:0x14;0x00:0x18;0x00:0x21;0x00:0x22;0x00:0x30;0x00:0x34;0x00:0x3C;0x00:0x40;0x00:0x44;0x00:0x48;0x00:0x4C;0x00:0x50;0x00:0x64;0x00:0x93;0x00:0xA4;0x01:0xED;0x02:0x02;0x02:0x28;0x02:0x29;0x02:0x2A;0x02:0x2B;0x02:0x2C;0x05:0x00;0x05:0x01;0x05:0x05;0x05:0x08;0x05:0x0E;0x05:0x11;0x05:0x1B;0x05:0x20;0x05:0x23;0x05:0x26;0x05:0x27;0x05:0x29;0x05:0x2A;0x05:0x2B;0x05:0x47;0x05:0x50;0x05:0x57;0x05:0x58;0x05:0x59;0x05:0x5B;0x05:0x5F;0x05:0x69;0x05:0x6E;0x05:0x6F;0x05:0x76;0x05:0x90;0x05:0xB8;0x05:0xC8;0x05:0xD1;0x05:0xD4;0x09:0x40;0x09:0x44;0x09:0x64;0x09:0x6A;0x09:0x6B;0x09:0x6C;0x09:0x80;0x09:0x81;0x09:0x97;0x0A:0x60;0x0A:0x61;0x0A:0x62;0x0A:0x63;0x0A:0x64;0x0A:0x65;0x0A:0x66;0x0A:0x67;0x0A:0x68;0x0A:0x69;0x0A:0x6A;0x0A:0x6B;0x0A:0x6C;0x0A:0x6D;0x0A:0x6E;0x0A:0x6F;0x0A:0x70;0x0A:0x71;0x0A:0x72;0x0A:0x74;0x11:0x00
859,123,MODE1_0123_AHD1080P25_WRITE,RESET_BETWEEN_OPERATIONS,91,86,ABORTING->PRODUCT_RECONSTRUCTION_GAP->FATAL_RECOVERY_FAILURE,FATAL_RECOVERY_FAILURE,CALLABLE_RESET_AUTOINIT_OR_PERSISTENT_RECOVERY_CONTEXT_NOT_PROVEN
860,123,MODE1_0123_AHD1080P25_WRITE,HOST_ABORT,91,86,ABORTING->UNRESOLVED_REGISTER_GATE->FATAL_RECOVERY_FAILURE,FATAL_RECOVERY_FAILURE,UNRESOLVED_COMMITTED_REGISTERS=0x00:0x00;0x00:0x08;0x00:0x0C;0x00:0x10;0x00:0x14;0x00:0x18;0x00:0x21;0x00:0x22;0x00:0x30;0x00:0x34;0x00:0x3C;0x00:0x40;0x00:0x44;0x00:0x48;0x00:0x4C;0x00:0x50;0x00:0x64;0x00:0x93;0x00:0xA4;0x01:0xED;0x02:0x02;0x02:0x28;0x02:0x29;0x02:0x2A;0x02:0x2B;0x02:0x2C;0x05:0x00;0x05:0x01;0x05:0x05;0x05:0x08;0x05:0x0E;0x05:0x11;0x05:0x1B;0x05:0x20;0x05:0x23;0x05:0x26;0x05:0x27;0x05:0x29;0x05:0x2A;0x05:0x2B;0x05:0x47;0x05:0x50;0x05:0x57;0x05:0x58;0x05:0x59;0x05:0x5B;0x05:0x5F;0x05:0x69;0x05:0x6E;0x05:0x6F;0x05:0x76;0x05:0x90;0x05:0xB8;0x05:0xC8;0x05:0xD1;0x05:0xD4;0x09:0x40;0x09:0x44;0x09:0x64;0x09:0x6A;0x09:0x6B;0x09:0x6C;0x09:0x80;0x09:0x81;0x09:0x97;0x0A:0x60;0x0A:0x61;0x0A:0x62;0x0A:0x63;0x0A:0x64;0x0A:0x65;0x0A:0x66;0x0A:0x67;0x0A:0x68;0x0A:0x69;0x0A:0x6A;0x0A:0x6B;0x0A:0x6C;0x0A:0x6D;0x0A:0x6E;0x0A:0x6F;0x0A:0x70;0x0A:0x71;0x0A:0x72;0x0A:0x74;0x11:0x00
861,123,MODE1_0123_AHD1080P25_WRITE,MMIO_RESET,91,86,ABORTING->PRODUCT_RECONSTRUCTION_GAP->FATAL_RECOVERY_FAILURE,FATAL_RECOVERY_FAILURE,CALLABLE_RESET_AUTOINIT_OR_PERSISTENT_RECOVERY_CONTEXT_NOT_PROVEN
862,124,MODE1_0124_AHD1080P25_WRITE,FAILURE_BEFORE_WRITE,91,86,ABORTING->UNRESOLVED_REGISTER_GATE->FATAL_RECOVERY_FAILURE,FATAL_RECOVERY_FAILURE,UNRESOLVED_COMMITTED_REGISTERS=0x00:0x00;0x00:0x08;0x00:0x0C;0x00:0x10;0x00:0x14;0x00:0x18;0x00:0x21;0x00:0x22;0x00:0x30;0x00:0x34;0x00:0x3C;0x00:0x40;0x00:0x44;0x00:0x48;0x00:0x4C;0x00:0x50;0x00:0x64;0x00:0x93;0x00:0xA4;0x01:0xED;0x02:0x02;0x02:0x28;0x02:0x29;0x02:0x2A;0x02:0x2B;0x02:0x2C;0x05:0x00;0x05:0x01;0x05:0x05;0x05:0x08;0x05:0x0E;0x05:0x11;0x05:0x1B;0x05:0x20;0x05:0x23;0x05:0x26;0x05:0x27;0x05:0x29;0x05:0x2A;0x05:0x2B;0x05:0x47;0x05:0x50;0x05:0x57;0x05:0x58;0x05:0x59;0x05:0x5B;0x05:0x5F;0x05:0x69;0x05:0x6E;0x05:0x6F;0x05:0x76;0x05:0x90;0x05:0xB8;0x05:0xC8;0x05:0xD1;0x05:0xD4;0x09:0x40;0x09:0x44;0x09:0x64;0x09:0x6A;0x09:0x6B;0x09:0x6C;0x09:0x80;0x09:0x81;0x09:0x97;0x0A:0x60;0x0A:0x61;0x0A:0x62;0x0A:0x63;0x0A:0x64;0x0A:0x65;0x0A:0x66;0x0A:0x67;0x0A:0x68;0x0A:0x69;0x0A:0x6A;0x0A:0x6B;0x0A:0x6C;0x0A:0x6D;0x0A:0x6E;0x0A:0x6F;0x0A:0x70;0x0A:0x71;0x0A:0x72;0x0A:0x74;0x11:0x00
863,124,MODE1_0124_AHD1080P25_WRITE,NACK_DURING_WRITE,92,87,ABORTING->UNRESOLVED_REGISTER_GATE->FATAL_RECOVERY_FAILURE,FATAL_RECOVERY_FAILURE,UNRESOLVED_COMMITTED_REGISTERS=0x00:0x00;0x00:0x08;0x00:0x0C;0x00:0x10;0x00:0x14;0x00:0x18;0x00:0x21;0x00:0x22;0x00:0x30;0x00:0x34;0x00:0x3C;0x00:0x40;0x00:0x44;0x00:0x48;0x00:0x4C;0x00:0x50;0x00:0x58;0x00:0x64;0x00:0x93;0x00:0xA4;0x01:0xED;0x02:0x02;0x02:0x28;0x02:0x29;0x02:0x2A;0x02:0x2B;0x02:0x2C;0x05:0x00;0x05:0x01;0x05:0x05;0x05:0x08;0x05:0x0E;0x05:0x11;0x05:0x1B;0x05:0x20;0x05:0x23;0x05:0x26;0x05:0x27;0x05:0x29;0x05:0x2A;0x05:0x2B;0x05:0x47;0x05:0x50;0x05:0x57;0x05:0x58;0x05:0x59;0x05:0x5B;0x05:0x5F;0x05:0x69;0x05:0x6E;0x05:0x6F;0x05:0x76;0x05:0x90;0x05:0xB8;0x05:0xC8;0x05:0xD1;0x05:0xD4;0x09:0x40;0x09:0x44;0x09:0x64;0x09:0x6A;0x09:0x6B;0x09:0x6C;0x09:0x80;0x09:0x81;0x09:0x97;0x0A:0x60;0x0A:0x61;0x0A:0x62;0x0A:0x63;0x0A:0x64;0x0A:0x65;0x0A:0x66;0x0A:0x67;0x0A:0x68;0x0A:0x69;0x0A:0x6A;0x0A:0x6B;0x0A:0x6C;0x0A:0x6D;0x0A:0x6E;0x0A:0x6F;0x0A:0x70;0x0A:0x71;0x0A:0x72;0x0A:0x74;0x11:0x00
864,124,MODE1_0124_AHD1080P25_WRITE,TIMEOUT_DURING_WRITE,92,87,ABORTING->UNRESOLVED_REGISTER_GATE->FATAL_RECOVERY_FAILURE,FATAL_RECOVERY_FAILURE,UNRESOLVED_COMMITTED_REGISTERS=0x00:0x00;0x00:0x08;0x00:0x0C;0x00:0x10;0x00:0x14;0x00:0x18;0x00:0x21;0x00:0x22;0x00:0x30;0x00:0x34;0x00:0x3C;0x00:0x40;0x00:0x44;0x00:0x48;0x00:0x4C;0x00:0x50;0x00:0x58;0x00:0x64;0x00:0x93;0x00:0xA4;0x01:0xED;0x02:0x02;0x02:0x28;0x02:0x29;0x02:0x2A;0x02:0x2B;0x02:0x2C;0x05:0x00;0x05:0x01;0x05:0x05;0x05:0x08;0x05:0x0E;0x05:0x11;0x05:0x1B;0x05:0x20;0x05:0x23;0x05:0x26;0x05:0x27;0x05:0x29;0x05:0x2A;0x05:0x2B;0x05:0x47;0x05:0x50;0x05:0x57;0x05:0x58;0x05:0x59;0x05:0x5B;0x05:0x5F;0x05:0x69;0x05:0x6E;0x05:0x6F;0x05:0x76;0x05:0x90;0x05:0xB8;0x05:0xC8;0x05:0xD1;0x05:0xD4;0x09:0x40;0x09:0x44;0x09:0x64;0x09:0x6A;0x09:0x6B;0x09:0x6C;0x09:0x80;0x09:0x81;0x09:0x97;0x0A:0x60;0x0A:0x61;0x0A:0x62;0x0A:0x63;0x0A:0x64;0x0A:0x65;0x0A:0x66;0x0A:0x67;0x0A:0x68;0x0A:0x69;0x0A:0x6A;0x0A:0x6B;0x0A:0x6C;0x0A:0x6D;0x0A:0x6E;0x0A:0x6F;0x0A:0x70;0x0A:0x71;0x0A:0x72;0x0A:0x74;0x11:0x00
865,124,MODE1_0124_AHD1080P25_WRITE,READBACK_MISMATCH,92,87,ABORTING->UNRESOLVED_REGISTER_GATE->FATAL_RECOVERY_FAILURE,FATAL_RECOVERY_FAILURE,UNRESOLVED_COMMITTED_REGISTERS=0x00:0x00;0x00:0x08;0x00:0x0C;0x00:0x10;0x00:0x14;0x00:0x18;0x00:0x21;0x00:0x22;0x00:0x30;0x00:0x34;0x00:0x3C;0x00:0x40;0x00:0x44;0x00:0x48;0x00:0x4C;0x00:0x50;0x00:0x58;0x00:0x64;0x00:0x93;0x00:0xA4;0x01:0xED;0x02:0x02;0x02:0x28;0x02:0x29;0x02:0x2A;0x02:0x2B;0x02:0x2C;0x05:0x00;0x05:0x01;0x05:0x05;0x05:0x08;0x05:0x0E;0x05:0x11;0x05:0x1B;0x05:0x20;0x05:0x23;0x05:0x26;0x05:0x27;0x05:0x29;0x05:0x2A;0x05:0x2B;0x05:0x47;0x05:0x50;0x05:0x57;0x05:0x58;0x05:0x59;0x05:0x5B;0x05:0x5F;0x05:0x69;0x05:0x6E;0x05:0x6F;0x05:0x76;0x05:0x90;0x05:0xB8;0x05:0xC8;0x05:0xD1;0x05:0xD4;0x09:0x40;0x09:0x44;0x09:0x64;0x09:0x6A;0x09:0x6B;0x09:0x6C;0x09:0x80;0x09:0x81;0x09:0x97;0x0A:0x60;0x0A:0x61;0x0A:0x62;0x0A:0x63;0x0A:0x64;0x0A:0x65;0x0A:0x66;0x0A:0x67;0x0A:0x68;0x0A:0x69;0x0A:0x6A;0x0A:0x6B;0x0A:0x6C;0x0A:0x6D;0x0A:0x6E;0x0A:0x6F;0x0A:0x70;0x0A:0x71;0x0A:0x72;0x0A:0x74;0x11:0x00
866,124,MODE1_0124_AHD1080P25_WRITE,RESET_BETWEEN_OPERATIONS,92,87,ABORTING->PRODUCT_RECONSTRUCTION_GAP->FATAL_RECOVERY_FAILURE,FATAL_RECOVERY_FAILURE,CALLABLE_RESET_AUTOINIT_OR_PERSISTENT_RECOVERY_CONTEXT_NOT_PROVEN
867,124,MODE1_0124_AHD1080P25_WRITE,HOST_ABORT,92,87,ABORTING->UNRESOLVED_REGISTER_GATE->FATAL_RECOVERY_FAILURE,FATAL_RECOVERY_FAILURE,UNRESOLVED_COMMITTED_REGISTERS=0x00:0x00;0x00:0x08;0x00:0x0C;0x00:0x10;0x00:0x14;0x00:0x18;0x00:0x21;0x00:0x22;0x00:0x30;0x00:0x34;0x00:0x3C;0x00:0x40;0x00:0x44;0x00:0x48;0x00:0x4C;0x00:0x50;0x00:0x58;0x00:0x64;0x00:0x93;0x00:0xA4;0x01:0xED;0x02:0x02;0x02:0x28;0x02:0x29;0x02:0x2A;0x02:0x2B;0x02:0x2C;0x05:0x00;0x05:0x01;0x05:0x05;0x05:0x08;0x05:0x0E;0x05:0x11;0x05:0x1B;0x05:0x20;0x05:0x23;0x05:0x26;0x05:0x27;0x05:0x29;0x05:0x2A;0x05:0x2B;0x05:0x47;0x05:0x50;0x05:0x57;0x05:0x58;0x05:0x59;0x05:0x5B;0x05:0x5F;0x05:0x69;0x05:0x6E;0x05:0x6F;0x05:0x76;0x05:0x90;0x05:0xB8;0x05:0xC8;0x05:0xD1;0x05:0xD4;0x09:0x40;0x09:0x44;0x09:0x64;0x09:0x6A;0x09:0x6B;0x09:0x6C;0x09:0x80;0x09:0x81;0x09:0x97;0x0A:0x60;0x0A:0x61;0x0A:0x62;0x0A:0x63;0x0A:0x64;0x0A:0x65;0x0A:0x66;0x0A:0x67;0x0A:0x68;0x0A:0x69;0x0A:0x6A;0x0A:0x6B;0x0A:0x6C;0x0A:0x6D;0x0A:0x6E;0x0A:0x6F;0x0A:0x70;0x0A:0x71;0x0A:0x72;0x0A:0x74;0x11:0x00
868,124,MODE1_0124_AHD1080P25_WRITE,MMIO_RESET,92,87,ABORTING->PRODUCT_RECONSTRUCTION_GAP->FATAL_RECOVERY_FAILURE,FATAL_RECOVERY_FAILURE,CALLABLE_RESET_AUTOINIT_OR_PERSISTENT_RECOVERY_CONTEXT_NOT_PROVEN
869,125,MODE1_0125_AHD1080P25_WRITE,FAILURE_BEFORE_WRITE,92,87,ABORTING->UNRESOLVED_REGISTER_GATE->FATAL_RECOVERY_FAILURE,FATAL_RECOVERY_FAILURE,UNRESOLVED_COMMITTED_REGISTERS=0x00:0x00;0x00:0x08;0x00:0x0C;0x00:0x10;0x00:0x14;0x00:0x18;0x00:0x21;0x00:0x22;0x00:0x30;0x00:0x34;0x00:0x3C;0x00:0x40;0x00:0x44;0x00:0x48;0x00:0x4C;0x00:0x50;0x00:0x58;0x00:0x64;0x00:0x93;0x00:0xA4;0x01:0xED;0x02:0x02;0x02:0x28;0x02:0x29;0x02:0x2A;0x02:0x2B;0x02:0x2C;0x05:0x00;0x05:0x01;0x05:0x05;0x05:0x08;0x05:0x0E;0x05:0x11;0x05:0x1B;0x05:0x20;0x05:0x23;0x05:0x26;0x05:0x27;0x05:0x29;0x05:0x2A;0x05:0x2B;0x05:0x47;0x05:0x50;0x05:0x57;0x05:0x58;0x05:0x59;0x05:0x5B;0x05:0x5F;0x05:0x69;0x05:0x6E;0x05:0x6F;0x05:0x76;0x05:0x90;0x05:0xB8;0x05:0xC8;0x05:0xD1;0x05:0xD4;0x09:0x40;0x09:0x44;0x09:0x64;0x09:0x6A;0x09:0x6B;0x09:0x6C;0x09:0x80;0x09:0x81;0x09:0x97;0x0A:0x60;0x0A:0x61;0x0A:0x62;0x0A:0x63;0x0A:0x64;0x0A:0x65;0x0A:0x66;0x0A:0x67;0x0A:0x68;0x0A:0x69;0x0A:0x6A;0x0A:0x6B;0x0A:0x6C;0x0A:0x6D;0x0A:0x6E;0x0A:0x6F;0x0A:0x70;0x0A:0x71;0x0A:0x72;0x0A:0x74;0x11:0x00
870,125,MODE1_0125_AHD1080P25_WRITE,NACK_DURING_WRITE,93,88,ABORTING->UNRESOLVED_REGISTER_GATE->FATAL_RECOVERY_FAILURE,FATAL_RECOVERY_FAILURE,UNRESOLVED_COMMITTED_REGISTERS=0x00:0x00;0x00:0x08;0x00:0x0C;0x00:0x10;0x00:0x14;0x00:0x18;0x00:0x21;0x00:0x22;0x00:0x30;0x00:0x34;0x00:0x3C;0x00:0x40;0x00:0x44;0x00:0x48;0x00:0x4C;0x00:0x50;0x00:0x58;0x00:0x5C;0x00:0x64;0x00:0x93;0x00:0xA4;0x01:0xED;0x02:0x02;0x02:0x28;0x02:0x29;0x02:0x2A;0x02:0x2B;0x02:0x2C;0x05:0x00;0x05:0x01;0x05:0x05;0x05:0x08;0x05:0x0E;0x05:0x11;0x05:0x1B;0x05:0x20;0x05:0x23;0x05:0x26;0x05:0x27;0x05:0x29;0x05:0x2A;0x05:0x2B;0x05:0x47;0x05:0x50;0x05:0x57;0x05:0x58;0x05:0x59;0x05:0x5B;0x05:0x5F;0x05:0x69;0x05:0x6E;0x05:0x6F;0x05:0x76;0x05:0x90;0x05:0xB8;0x05:0xC8;0x05:0xD1;0x05:0xD4;0x09:0x40;0x09:0x44;0x09:0x64;0x09:0x6A;0x09:0x6B;0x09:0x6C;0x09:0x80;0x09:0x81;0x09:0x97;0x0A:0x60;0x0A:0x61;0x0A:0x62;0x0A:0x63;0x0A:0x64;0x0A:0x65;0x0A:0x66;0x0A:0x67;0x0A:0x68;0x0A:0x69;0x0A:0x6A;0x0A:0x6B;0x0A:0x6C;0x0A:0x6D;0x0A:0x6E;0x0A:0x6F;0x0A:0x70;0x0A:0x71;0x0A:0x72;0x0A:0x74;0x11:0x00
871,125,MODE1_0125_AHD1080P25_WRITE,TIMEOUT_DURING_WRITE,93,88,ABORTING->UNRESOLVED_REGISTER_GATE->FATAL_RECOVERY_FAILURE,FATAL_RECOVERY_FAILURE,UNRESOLVED_COMMITTED_REGISTERS=0x00:0x00;0x00:0x08;0x00:0x0C;0x00:0x10;0x00:0x14;0x00:0x18;0x00:0x21;0x00:0x22;0x00:0x30;0x00:0x34;0x00:0x3C;0x00:0x40;0x00:0x44;0x00:0x48;0x00:0x4C;0x00:0x50;0x00:0x58;0x00:0x5C;0x00:0x64;0x00:0x93;0x00:0xA4;0x01:0xED;0x02:0x02;0x02:0x28;0x02:0x29;0x02:0x2A;0x02:0x2B;0x02:0x2C;0x05:0x00;0x05:0x01;0x05:0x05;0x05:0x08;0x05:0x0E;0x05:0x11;0x05:0x1B;0x05:0x20;0x05:0x23;0x05:0x26;0x05:0x27;0x05:0x29;0x05:0x2A;0x05:0x2B;0x05:0x47;0x05:0x50;0x05:0x57;0x05:0x58;0x05:0x59;0x05:0x5B;0x05:0x5F;0x05:0x69;0x05:0x6E;0x05:0x6F;0x05:0x76;0x05:0x90;0x05:0xB8;0x05:0xC8;0x05:0xD1;0x05:0xD4;0x09:0x40;0x09:0x44;0x09:0x64;0x09:0x6A;0x09:0x6B;0x09:0x6C;0x09:0x80;0x09:0x81;0x09:0x97;0x0A:0x60;0x0A:0x61;0x0A:0x62;0x0A:0x63;0x0A:0x64;0x0A:0x65;0x0A:0x66;0x0A:0x67;0x0A:0x68;0x0A:0x69;0x0A:0x6A;0x0A:0x6B;0x0A:0x6C;0x0A:0x6D;0x0A:0x6E;0x0A:0x6F;0x0A:0x70;0x0A:0x71;0x0A:0x72;0x0A:0x74;0x11:0x00
872,125,MODE1_0125_AHD1080P25_WRITE,READBACK_MISMATCH,93,88,ABORTING->UNRESOLVED_REGISTER_GATE->FATAL_RECOVERY_FAILURE,FATAL_RECOVERY_FAILURE,UNRESOLVED_COMMITTED_REGISTERS=0x00:0x00;0x00:0x08;0x00:0x0C;0x00:0x10;0x00:0x14;0x00:0x18;0x00:0x21;0x00:0x22;0x00:0x30;0x00:0x34;0x00:0x3C;0x00:0x40;0x00:0x44;0x00:0x48;0x00:0x4C;0x00:0x50;0x00:0x58;0x00:0x5C;0x00:0x64;0x00:0x93;0x00:0xA4;0x01:0xED;0x02:0x02;0x02:0x28;0x02:0x29;0x02:0x2A;0x02:0x2B;0x02:0x2C;0x05:0x00;0x05:0x01;0x05:0x05;0x05:0x08;0x05:0x0E;0x05:0x11;0x05:0x1B;0x05:0x20;0x05:0x23;0x05:0x26;0x05:0x27;0x05:0x29;0x05:0x2A;0x05:0x2B;0x05:0x47;0x05:0x50;0x05:0x57;0x05:0x58;0x05:0x59;0x05:0x5B;0x05:0x5F;0x05:0x69;0x05:0x6E;0x05:0x6F;0x05:0x76;0x05:0x90;0x05:0xB8;0x05:0xC8;0x05:0xD1;0x05:0xD4;0x09:0x40;0x09:0x44;0x09:0x64;0x09:0x6A;0x09:0x6B;0x09:0x6C;0x09:0x80;0x09:0x81;0x09:0x97;0x0A:0x60;0x0A:0x61;0x0A:0x62;0x0A:0x63;0x0A:0x64;0x0A:0x65;0x0A:0x66;0x0A:0x67;0x0A:0x68;0x0A:0x69;0x0A:0x6A;0x0A:0x6B;0x0A:0x6C;0x0A:0x6D;0x0A:0x6E;0x0A:0x6F;0x0A:0x70;0x0A:0x71;0x0A:0x72;0x0A:0x74;0x11:0x00
873,125,MODE1_0125_AHD1080P25_WRITE,RESET_BETWEEN_OPERATIONS,93,88,ABORTING->PRODUCT_RECONSTRUCTION_GAP->FATAL_RECOVERY_FAILURE,FATAL_RECOVERY_FAILURE,CALLABLE_RESET_AUTOINIT_OR_PERSISTENT_RECOVERY_CONTEXT_NOT_PROVEN
874,125,MODE1_0125_AHD1080P25_WRITE,HOST_ABORT,93,88,ABORTING->UNRESOLVED_REGISTER_GATE->FATAL_RECOVERY_FAILURE,FATAL_RECOVERY_FAILURE,UNRESOLVED_COMMITTED_REGISTERS=0x00:0x00;0x00:0x08;0x00:0x0C;0x00:0x10;0x00:0x14;0x00:0x18;0x00:0x21;0x00:0x22;0x00:0x30;0x00:0x34;0x00:0x3C;0x00:0x40;0x00:0x44;0x00:0x48;0x00:0x4C;0x00:0x50;0x00:0x58;0x00:0x5C;0x00:0x64;0x00:0x93;0x00:0xA4;0x01:0xED;0x02:0x02;0x02:0x28;0x02:0x29;0x02:0x2A;0x02:0x2B;0x02:0x2C;0x05:0x00;0x05:0x01;0x05:0x05;0x05:0x08;0x05:0x0E;0x05:0x11;0x05:0x1B;0x05:0x20;0x05:0x23;0x05:0x26;0x05:0x27;0x05:0x29;0x05:0x2A;0x05:0x2B;0x05:0x47;0x05:0x50;0x05:0x57;0x05:0x58;0x05:0x59;0x05:0x5B;0x05:0x5F;0x05:0x69;0x05:0x6E;0x05:0x6F;0x05:0x76;0x05:0x90;0x05:0xB8;0x05:0xC8;0x05:0xD1;0x05:0xD4;0x09:0x40;0x09:0x44;0x09:0x64;0x09:0x6A;0x09:0x6B;0x09:0x6C;0x09:0x80;0x09:0x81;0x09:0x97;0x0A:0x60;0x0A:0x61;0x0A:0x62;0x0A:0x63;0x0A:0x64;0x0A:0x65;0x0A:0x66;0x0A:0x67;0x0A:0x68;0x0A:0x69;0x0A:0x6A;0x0A:0x6B;0x0A:0x6C;0x0A:0x6D;0x0A:0x6E;0x0A:0x6F;0x0A:0x70;0x0A:0x71;0x0A:0x72;0x0A:0x74;0x11:0x00
875,125,MODE1_0125_AHD1080P25_WRITE,MMIO_RESET,93,88,ABORTING->PRODUCT_RECONSTRUCTION_GAP->FATAL_RECOVERY_FAILURE,FATAL_RECOVERY_FAILURE,CALLABLE_RESET_AUTOINIT_OR_PERSISTENT_RECOVERY_CONTEXT_NOT_PROVEN
876,126,MODE1_0126_AHD1080P25_WRITE,FAILURE_BEFORE_WRITE,93,88,ABORTING->UNRESOLVED_REGISTER_GATE->FATAL_RECOVERY_FAILURE,FATAL_RECOVERY_FAILURE,UNRESOLVED_COMMITTED_REGISTERS=0x00:0x00;0x00:0x08;0x00:0x0C;0x00:0x10;0x00:0x14;0x00:0x18;0x00:0x21;0x00:0x22;0x00:0x30;0x00:0x34;0x00:0x3C;0x00:0x40;0x00:0x44;0x00:0x48;0x00:0x4C;0x00:0x50;0x00:0x58;0x00:0x5C;0x00:0x64;0x00:0x93;0x00:0xA4;0x01:0xED;0x02:0x02;0x02:0x28;0x02:0x29;0x02:0x2A;0x02:0x2B;0x02:0x2C;0x05:0x00;0x05:0x01;0x05:0x05;0x05:0x08;0x05:0x0E;0x05:0x11;0x05:0x1B;0x05:0x20;0x05:0x23;0x05:0x26;0x05:0x27;0x05:0x29;0x05:0x2A;0x05:0x2B;0x05:0x47;0x05:0x50;0x05:0x57;0x05:0x58;0x05:0x59;0x05:0x5B;0x05:0x5F;0x05:0x69;0x05:0x6E;0x05:0x6F;0x05:0x76;0x05:0x90;0x05:0xB8;0x05:0xC8;0x05:0xD1;0x05:0xD4;0x09:0x40;0x09:0x44;0x09:0x64;0x09:0x6A;0x09:0x6B;0x09:0x6C;0x09:0x80;0x09:0x81;0x09:0x97;0x0A:0x60;0x0A:0x61;0x0A:0x62;0x0A:0x63;0x0A:0x64;0x0A:0x65;0x0A:0x66;0x0A:0x67;0x0A:0x68;0x0A:0x69;0x0A:0x6A;0x0A:0x6B;0x0A:0x6C;0x0A:0x6D;0x0A:0x6E;0x0A:0x6F;0x0A:0x70;0x0A:0x71;0x0A:0x72;0x0A:0x74;0x11:0x00
877,126,MODE1_0126_AHD1080P25_WRITE,NACK_DURING_WRITE,93,88,ABORTING->UNRESOLVED_REGISTER_GATE->FATAL_RECOVERY_FAILURE,FATAL_RECOVERY_FAILURE,UNRESOLVED_COMMITTED_REGISTERS=0x00:0x00;0x00:0x08;0x00:0x0C;0x00:0x10;0x00:0x14;0x00:0x18;0x00:0x21;0x00:0x22;0x00:0x30;0x00:0x34;0x00:0x3C;0x00:0x40;0x00:0x44;0x00:0x48;0x00:0x4C;0x00:0x50;0x00:0x58;0x00:0x5C;0x00:0x64;0x00:0x93;0x00:0xA4;0x01:0xED;0x02:0x02;0x02:0x28;0x02:0x29;0x02:0x2A;0x02:0x2B;0x02:0x2C;0x05:0x00;0x05:0x01;0x05:0x05;0x05:0x08;0x05:0x0E;0x05:0x11;0x05:0x1B;0x05:0x20;0x05:0x23;0x05:0x26;0x05:0x27;0x05:0x29;0x05:0x2A;0x05:0x2B;0x05:0x47;0x05:0x50;0x05:0x57;0x05:0x58;0x05:0x59;0x05:0x5B;0x05:0x5F;0x05:0x69;0x05:0x6E;0x05:0x6F;0x05:0x76;0x05:0x90;0x05:0xB8;0x05:0xC8;0x05:0xD1;0x05:0xD4;0x09:0x40;0x09:0x44;0x09:0x64;0x09:0x6A;0x09:0x6B;0x09:0x6C;0x09:0x80;0x09:0x81;0x09:0x97;0x0A:0x60;0x0A:0x61;0x0A:0x62;0x0A:0x63;0x0A:0x64;0x0A:0x65;0x0A:0x66;0x0A:0x67;0x0A:0x68;0x0A:0x69;0x0A:0x6A;0x0A:0x6B;0x0A:0x6C;0x0A:0x6D;0x0A:0x6E;0x0A:0x6F;0x0A:0x70;0x0A:0x71;0x0A:0x72;0x0A:0x74;0x11:0x00
878,126,MODE1_0126_AHD1080P25_WRITE,TIMEOUT_DURING_WRITE,93,88,ABORTING->UNRESOLVED_REGISTER_GATE->FATAL_RECOVERY_FAILURE,FATAL_RECOVERY_FAILURE,UNRESOLVED_COMMITTED_REGISTERS=0x00:0x00;0x00:0x08;0x00:0x0C;0x00:0x10;0x00:0x14;0x00:0x18;0x00:0x21;0x00:0x22;0x00:0x30;0x00:0x34;0x00:0x3C;0x00:0x40;0x00:0x44;0x00:0x48;0x00:0x4C;0x00:0x50;0x00:0x58;0x00:0x5C;0x00:0x64;0x00:0x93;0x00:0xA4;0x01:0xED;0x02:0x02;0x02:0x28;0x02:0x29;0x02:0x2A;0x02:0x2B;0x02:0x2C;0x05:0x00;0x05:0x01;0x05:0x05;0x05:0x08;0x05:0x0E;0x05:0x11;0x05:0x1B;0x05:0x20;0x05:0x23;0x05:0x26;0x05:0x27;0x05:0x29;0x05:0x2A;0x05:0x2B;0x05:0x47;0x05:0x50;0x05:0x57;0x05:0x58;0x05:0x59;0x05:0x5B;0x05:0x5F;0x05:0x69;0x05:0x6E;0x05:0x6F;0x05:0x76;0x05:0x90;0x05:0xB8;0x05:0xC8;0x05:0xD1;0x05:0xD4;0x09:0x40;0x09:0x44;0x09:0x64;0x09:0x6A;0x09:0x6B;0x09:0x6C;0x09:0x80;0x09:0x81;0x09:0x97;0x0A:0x60;0x0A:0x61;0x0A:0x62;0x0A:0x63;0x0A:0x64;0x0A:0x65;0x0A:0x66;0x0A:0x67;0x0A:0x68;0x0A:0x69;0x0A:0x6A;0x0A:0x6B;0x0A:0x6C;0x0A:0x6D;0x0A:0x6E;0x0A:0x6F;0x0A:0x70;0x0A:0x71;0x0A:0x72;0x0A:0x74;0x11:0x00
879,126,MODE1_0126_AHD1080P25_WRITE,READBACK_MISMATCH,93,88,ABORTING->UNRESOLVED_REGISTER_GATE->FATAL_RECOVERY_FAILURE,FATAL_RECOVERY_FAILURE,UNRESOLVED_COMMITTED_REGISTERS=0x00:0x00;0x00:0x08;0x00:0x0C;0x00:0x10;0x00:0x14;0x00:0x18;0x00:0x21;0x00:0x22;0x00:0x30;0x00:0x34;0x00:0x3C;0x00:0x40;0x00:0x44;0x00:0x48;0x00:0x4C;0x00:0x50;0x00:0x58;0x00:0x5C;0x00:0x64;0x00:0x93;0x00:0xA4;0x01:0xED;0x02:0x02;0x02:0x28;0x02:0x29;0x02:0x2A;0x02:0x2B;0x02:0x2C;0x05:0x00;0x05:0x01;0x05:0x05;0x05:0x08;0x05:0x0E;0x05:0x11;0x05:0x1B;0x05:0x20;0x05:0x23;0x05:0x26;0x05:0x27;0x05:0x29;0x05:0x2A;0x05:0x2B;0x05:0x47;0x05:0x50;0x05:0x57;0x05:0x58;0x05:0x59;0x05:0x5B;0x05:0x5F;0x05:0x69;0x05:0x6E;0x05:0x6F;0x05:0x76;0x05:0x90;0x05:0xB8;0x05:0xC8;0x05:0xD1;0x05:0xD4;0x09:0x40;0x09:0x44;0x09:0x64;0x09:0x6A;0x09:0x6B;0x09:0x6C;0x09:0x80;0x09:0x81;0x09:0x97;0x0A:0x60;0x0A:0x61;0x0A:0x62;0x0A:0x63;0x0A:0x64;0x0A:0x65;0x0A:0x66;0x0A:0x67;0x0A:0x68;0x0A:0x69;0x0A:0x6A;0x0A:0x6B;0x0A:0x6C;0x0A:0x6D;0x0A:0x6E;0x0A:0x6F;0x0A:0x70;0x0A:0x71;0x0A:0x72;0x0A:0x74;0x11:0x00
880,126,MODE1_0126_AHD1080P25_WRITE,RESET_BETWEEN_OPERATIONS,93,88,ABORTING->PRODUCT_RECONSTRUCTION_GAP->FATAL_RECOVERY_FAILURE,FATAL_RECOVERY_FAILURE,CALLABLE_RESET_AUTOINIT_OR_PERSISTENT_RECOVERY_CONTEXT_NOT_PROVEN
881,126,MODE1_0126_AHD1080P25_WRITE,HOST_ABORT,93,88,ABORTING->UNRESOLVED_REGISTER_GATE->FATAL_RECOVERY_FAILURE,FATAL_RECOVERY_FAILURE,UNRESOLVED_COMMITTED_REGISTERS=0x00:0x00;0x00:0x08;0x00:0x0C;0x00:0x10;0x00:0x14;0x00:0x18;0x00:0x21;0x00:0x22;0x00:0x30;0x00:0x34;0x00:0x3C;0x00:0x40;0x00:0x44;0x00:0x48;0x00:0x4C;0x00:0x50;0x00:0x58;0x00:0x5C;0x00:0x64;0x00:0x93;0x00:0xA4;0x01:0xED;0x02:0x02;0x02:0x28;0x02:0x29;0x02:0x2A;0x02:0x2B;0x02:0x2C;0x05:0x00;0x05:0x01;0x05:0x05;0x05:0x08;0x05:0x0E;0x05:0x11;0x05:0x1B;0x05:0x20;0x05:0x23;0x05:0x26;0x05:0x27;0x05:0x29;0x05:0x2A;0x05:0x2B;0x05:0x47;0x05:0x50;0x05:0x57;0x05:0x58;0x05:0x59;0x05:0x5B;0x05:0x5F;0x05:0x69;0x05:0x6E;0x05:0x6F;0x05:0x76;0x05:0x90;0x05:0xB8;0x05:0xC8;0x05:0xD1;0x05:0xD4;0x09:0x40;0x09:0x44;0x09:0x64;0x09:0x6A;0x09:0x6B;0x09:0x6C;0x09:0x80;0x09:0x81;0x09:0x97;0x0A:0x60;0x0A:0x61;0x0A:0x62;0x0A:0x63;0x0A:0x64;0x0A:0x65;0x0A:0x66;0x0A:0x67;0x0A:0x68;0x0A:0x69;0x0A:0x6A;0x0A:0x6B;0x0A:0x6C;0x0A:0x6D;0x0A:0x6E;0x0A:0x6F;0x0A:0x70;0x0A:0x71;0x0A:0x72;0x0A:0x74;0x11:0x00
882,126,MODE1_0126_AHD1080P25_WRITE,MMIO_RESET,93,88,ABORTING->PRODUCT_RECONSTRUCTION_GAP->FATAL_RECOVERY_FAILURE,FATAL_RECOVERY_FAILURE,CALLABLE_RESET_AUTOINIT_OR_PERSISTENT_RECOVERY_CONTEXT_NOT_PROVEN
883,127,MODE1_0127_AHD1080P25_WRITE,FAILURE_BEFORE_WRITE,93,88,ABORTING->UNRESOLVED_REGISTER_GATE->FATAL_RECOVERY_FAILURE,FATAL_RECOVERY_FAILURE,UNRESOLVED_COMMITTED_REGISTERS=0x00:0x00;0x00:0x08;0x00:0x0C;0x00:0x10;0x00:0x14;0x00:0x18;0x00:0x21;0x00:0x22;0x00:0x30;0x00:0x34;0x00:0x3C;0x00:0x40;0x00:0x44;0x00:0x48;0x00:0x4C;0x00:0x50;0x00:0x58;0x00:0x5C;0x00:0x64;0x00:0x93;0x00:0xA4;0x01:0xED;0x02:0x02;0x02:0x28;0x02:0x29;0x02:0x2A;0x02:0x2B;0x02:0x2C;0x05:0x00;0x05:0x01;0x05:0x05;0x05:0x08;0x05:0x0E;0x05:0x11;0x05:0x1B;0x05:0x20;0x05:0x23;0x05:0x26;0x05:0x27;0x05:0x29;0x05:0x2A;0x05:0x2B;0x05:0x47;0x05:0x50;0x05:0x57;0x05:0x58;0x05:0x59;0x05:0x5B;0x05:0x5F;0x05:0x69;0x05:0x6E;0x05:0x6F;0x05:0x76;0x05:0x90;0x05:0xB8;0x05:0xC8;0x05:0xD1;0x05:0xD4;0x09:0x40;0x09:0x44;0x09:0x64;0x09:0x6A;0x09:0x6B;0x09:0x6C;0x09:0x80;0x09:0x81;0x09:0x97;0x0A:0x60;0x0A:0x61;0x0A:0x62;0x0A:0x63;0x0A:0x64;0x0A:0x65;0x0A:0x66;0x0A:0x67;0x0A:0x68;0x0A:0x69;0x0A:0x6A;0x0A:0x6B;0x0A:0x6C;0x0A:0x6D;0x0A:0x6E;0x0A:0x6F;0x0A:0x70;0x0A:0x71;0x0A:0x72;0x0A:0x74;0x11:0x00
884,127,MODE1_0127_AHD1080P25_WRITE,NACK_DURING_WRITE,94,89,ABORTING->UNRESOLVED_REGISTER_GATE->FATAL_RECOVERY_FAILURE,FATAL_RECOVERY_FAILURE,UNRESOLVED_COMMITTED_REGISTERS=0x00:0x00;0x00:0x08;0x00:0x0C;0x00:0x10;0x00:0x14;0x00:0x18;0x00:0x21;0x00:0x22;0x00:0x30;0x00:0x34;0x00:0x3C;0x00:0x40;0x00:0x44;0x00:0x48;0x00:0x4C;0x00:0x50;0x00:0x58;0x00:0x5C;0x00:0x64;0x00:0x89;0x00:0x93;0x00:0xA4;0x01:0xED;0x02:0x02;0x02:0x28;0x02:0x29;0x02:0x2A;0x02:0x2B;0x02:0x2C;0x05:0x00;0x05:0x01;0x05:0x05;0x05:0x08;0x05:0x0E;0x05:0x11;0x05:0x1B;0x05:0x20;0x05:0x23;0x05:0x26;0x05:0x27;0x05:0x29;0x05:0x2A;0x05:0x2B;0x05:0x47;0x05:0x50;0x05:0x57;0x05:0x58;0x05:0x59;0x05:0x5B;0x05:0x5F;0x05:0x69;0x05:0x6E;0x05:0x6F;0x05:0x76;0x05:0x90;0x05:0xB8;0x05:0xC8;0x05:0xD1;0x05:0xD4;0x09:0x40;0x09:0x44;0x09:0x64;0x09:0x6A;0x09:0x6B;0x09:0x6C;0x09:0x80;0x09:0x81;0x09:0x97;0x0A:0x60;0x0A:0x61;0x0A:0x62;0x0A:0x63;0x0A:0x64;0x0A:0x65;0x0A:0x66;0x0A:0x67;0x0A:0x68;0x0A:0x69;0x0A:0x6A;0x0A:0x6B;0x0A:0x6C;0x0A:0x6D;0x0A:0x6E;0x0A:0x6F;0x0A:0x70;0x0A:0x71;0x0A:0x72;0x0A:0x74;0x11:0x00
885,127,MODE1_0127_AHD1080P25_WRITE,TIMEOUT_DURING_WRITE,94,89,ABORTING->UNRESOLVED_REGISTER_GATE->FATAL_RECOVERY_FAILURE,FATAL_RECOVERY_FAILURE,UNRESOLVED_COMMITTED_REGISTERS=0x00:0x00;0x00:0x08;0x00:0x0C;0x00:0x10;0x00:0x14;0x00:0x18;0x00:0x21;0x00:0x22;0x00:0x30;0x00:0x34;0x00:0x3C;0x00:0x40;0x00:0x44;0x00:0x48;0x00:0x4C;0x00:0x50;0x00:0x58;0x00:0x5C;0x00:0x64;0x00:0x89;0x00:0x93;0x00:0xA4;0x01:0xED;0x02:0x02;0x02:0x28;0x02:0x29;0x02:0x2A;0x02:0x2B;0x02:0x2C;0x05:0x00;0x05:0x01;0x05:0x05;0x05:0x08;0x05:0x0E;0x05:0x11;0x05:0x1B;0x05:0x20;0x05:0x23;0x05:0x26;0x05:0x27;0x05:0x29;0x05:0x2A;0x05:0x2B;0x05:0x47;0x05:0x50;0x05:0x57;0x05:0x58;0x05:0x59;0x05:0x5B;0x05:0x5F;0x05:0x69;0x05:0x6E;0x05:0x6F;0x05:0x76;0x05:0x90;0x05:0xB8;0x05:0xC8;0x05:0xD1;0x05:0xD4;0x09:0x40;0x09:0x44;0x09:0x64;0x09:0x6A;0x09:0x6B;0x09:0x6C;0x09:0x80;0x09:0x81;0x09:0x97;0x0A:0x60;0x0A:0x61;0x0A:0x62;0x0A:0x63;0x0A:0x64;0x0A:0x65;0x0A:0x66;0x0A:0x67;0x0A:0x68;0x0A:0x69;0x0A:0x6A;0x0A:0x6B;0x0A:0x6C;0x0A:0x6D;0x0A:0x6E;0x0A:0x6F;0x0A:0x70;0x0A:0x71;0x0A:0x72;0x0A:0x74;0x11:0x00
886,127,MODE1_0127_AHD1080P25_WRITE,READBACK_MISMATCH,94,89,ABORTING->UNRESOLVED_REGISTER_GATE->FATAL_RECOVERY_FAILURE,FATAL_RECOVERY_FAILURE,UNRESOLVED_COMMITTED_REGISTERS=0x00:0x00;0x00:0x08;0x00:0x0C;0x00:0x10;0x00:0x14;0x00:0x18;0x00:0x21;0x00:0x22;0x00:0x30;0x00:0x34;0x00:0x3C;0x00:0x40;0x00:0x44;0x00:0x48;0x00:0x4C;0x00:0x50;0x00:0x58;0x00:0x5C;0x00:0x64;0x00:0x89;0x00:0x93;0x00:0xA4;0x01:0xED;0x02:0x02;0x02:0x28;0x02:0x29;0x02:0x2A;0x02:0x2B;0x02:0x2C;0x05:0x00;0x05:0x01;0x05:0x05;0x05:0x08;0x05:0x0E;0x05:0x11;0x05:0x1B;0x05:0x20;0x05:0x23;0x05:0x26;0x05:0x27;0x05:0x29;0x05:0x2A;0x05:0x2B;0x05:0x47;0x05:0x50;0x05:0x57;0x05:0x58;0x05:0x59;0x05:0x5B;0x05:0x5F;0x05:0x69;0x05:0x6E;0x05:0x6F;0x05:0x76;0x05:0x90;0x05:0xB8;0x05:0xC8;0x05:0xD1;0x05:0xD4;0x09:0x40;0x09:0x44;0x09:0x64;0x09:0x6A;0x09:0x6B;0x09:0x6C;0x09:0x80;0x09:0x81;0x09:0x97;0x0A:0x60;0x0A:0x61;0x0A:0x62;0x0A:0x63;0x0A:0x64;0x0A:0x65;0x0A:0x66;0x0A:0x67;0x0A:0x68;0x0A:0x69;0x0A:0x6A;0x0A:0x6B;0x0A:0x6C;0x0A:0x6D;0x0A:0x6E;0x0A:0x6F;0x0A:0x70;0x0A:0x71;0x0A:0x72;0x0A:0x74;0x11:0x00
887,127,MODE1_0127_AHD1080P25_WRITE,RESET_BETWEEN_OPERATIONS,94,89,ABORTING->PRODUCT_RECONSTRUCTION_GAP->FATAL_RECOVERY_FAILURE,FATAL_RECOVERY_FAILURE,CALLABLE_RESET_AUTOINIT_OR_PERSISTENT_RECOVERY_CONTEXT_NOT_PROVEN
888,127,MODE1_0127_AHD1080P25_WRITE,HOST_ABORT,94,89,ABORTING->UNRESOLVED_REGISTER_GATE->FATAL_RECOVERY_FAILURE,FATAL_RECOVERY_FAILURE,UNRESOLVED_COMMITTED_REGISTERS=0x00:0x00;0x00:0x08;0x00:0x0C;0x00:0x10;0x00:0x14;0x00:0x18;0x00:0x21;0x00:0x22;0x00:0x30;0x00:0x34;0x00:0x3C;0x00:0x40;0x00:0x44;0x00:0x48;0x00:0x4C;0x00:0x50;0x00:0x58;0x00:0x5C;0x00:0x64;0x00:0x89;0x00:0x93;0x00:0xA4;0x01:0xED;0x02:0x02;0x02:0x28;0x02:0x29;0x02:0x2A;0x02:0x2B;0x02:0x2C;0x05:0x00;0x05:0x01;0x05:0x05;0x05:0x08;0x05:0x0E;0x05:0x11;0x05:0x1B;0x05:0x20;0x05:0x23;0x05:0x26;0x05:0x27;0x05:0x29;0x05:0x2A;0x05:0x2B;0x05:0x47;0x05:0x50;0x05:0x57;0x05:0x58;0x05:0x59;0x05:0x5B;0x05:0x5F;0x05:0x69;0x05:0x6E;0x05:0x6F;0x05:0x76;0x05:0x90;0x05:0xB8;0x05:0xC8;0x05:0xD1;0x05:0xD4;0x09:0x40;0x09:0x44;0x09:0x64;0x09:0x6A;0x09:0x6B;0x09:0x6C;0x09:0x80;0x09:0x81;0x09:0x97;0x0A:0x60;0x0A:0x61;0x0A:0x62;0x0A:0x63;0x0A:0x64;0x0A:0x65;0x0A:0x66;0x0A:0x67;0x0A:0x68;0x0A:0x69;0x0A:0x6A;0x0A:0x6B;0x0A:0x6C;0x0A:0x6D;0x0A:0x6E;0x0A:0x6F;0x0A:0x70;0x0A:0x71;0x0A:0x72;0x0A:0x74;0x11:0x00
889,127,MODE1_0127_AHD1080P25_WRITE,MMIO_RESET,94,89,ABORTING->PRODUCT_RECONSTRUCTION_GAP->FATAL_RECOVERY_FAILURE,FATAL_RECOVERY_FAILURE,CALLABLE_RESET_AUTOINIT_OR_PERSISTENT_RECOVERY_CONTEXT_NOT_PROVEN
890,128,MODE1_0128_AHD1080P25_WRITE,FAILURE_BEFORE_WRITE,94,89,ABORTING->UNRESOLVED_REGISTER_GATE->FATAL_RECOVERY_FAILURE,FATAL_RECOVERY_FAILURE,UNRESOLVED_COMMITTED_REGISTERS=0x00:0x00;0x00:0x08;0x00:0x0C;0x00:0x10;0x00:0x14;0x00:0x18;0x00:0x21;0x00:0x22;0x00:0x30;0x00:0x34;0x00:0x3C;0x00:0x40;0x00:0x44;0x00:0x48;0x00:0x4C;0x00:0x50;0x00:0x58;0x00:0x5C;0x00:0x64;0x00:0x89;0x00:0x93;0x00:0xA4;0x01:0xED;0x02:0x02;0x02:0x28;0x02:0x29;0x02:0x2A;0x02:0x2B;0x02:0x2C;0x05:0x00;0x05:0x01;0x05:0x05;0x05:0x08;0x05:0x0E;0x05:0x11;0x05:0x1B;0x05:0x20;0x05:0x23;0x05:0x26;0x05:0x27;0x05:0x29;0x05:0x2A;0x05:0x2B;0x05:0x47;0x05:0x50;0x05:0x57;0x05:0x58;0x05:0x59;0x05:0x5B;0x05:0x5F;0x05:0x69;0x05:0x6E;0x05:0x6F;0x05:0x76;0x05:0x90;0x05:0xB8;0x05:0xC8;0x05:0xD1;0x05:0xD4;0x09:0x40;0x09:0x44;0x09:0x64;0x09:0x6A;0x09:0x6B;0x09:0x6C;0x09:0x80;0x09:0x81;0x09:0x97;0x0A:0x60;0x0A:0x61;0x0A:0x62;0x0A:0x63;0x0A:0x64;0x0A:0x65;0x0A:0x66;0x0A:0x67;0x0A:0x68;0x0A:0x69;0x0A:0x6A;0x0A:0x6B;0x0A:0x6C;0x0A:0x6D;0x0A:0x6E;0x0A:0x6F;0x0A:0x70;0x0A:0x71;0x0A:0x72;0x0A:0x74;0x11:0x00
891,128,MODE1_0128_AHD1080P25_WRITE,NACK_DURING_WRITE,95,90,ABORTING->UNRESOLVED_REGISTER_GATE->FATAL_RECOVERY_FAILURE,FATAL_RECOVERY_FAILURE,UNRESOLVED_COMMITTED_REGISTERS=0x00:0x00;0x00:0x08;0x00:0x0C;0x00:0x10;0x00:0x14;0x00:0x18;0x00:0x21;0x00:0x22;0x00:0x30;0x00:0x34;0x00:0x3C;0x00:0x40;0x00:0x44;0x00:0x48;0x00:0x4C;0x00:0x50;0x00:0x58;0x00:0x5C;0x00:0x64;0x00:0x89;0x00:0x8E;0x00:0x93;0x00:0xA4;0x01:0xED;0x02:0x02;0x02:0x28;0x02:0x29;0x02:0x2A;0x02:0x2B;0x02:0x2C;0x05:0x00;0x05:0x01;0x05:0x05;0x05:0x08;0x05:0x0E;0x05:0x11;0x05:0x1B;0x05:0x20;0x05:0x23;0x05:0x26;0x05:0x27;0x05:0x29;0x05:0x2A;0x05:0x2B;0x05:0x47;0x05:0x50;0x05:0x57;0x05:0x58;0x05:0x59;0x05:0x5B;0x05:0x5F;0x05:0x69;0x05:0x6E;0x05:0x6F;0x05:0x76;0x05:0x90;0x05:0xB8;0x05:0xC8;0x05:0xD1;0x05:0xD4;0x09:0x40;0x09:0x44;0x09:0x64;0x09:0x6A;0x09:0x6B;0x09:0x6C;0x09:0x80;0x09:0x81;0x09:0x97;0x0A:0x60;0x0A:0x61;0x0A:0x62;0x0A:0x63;0x0A:0x64;0x0A:0x65;0x0A:0x66;0x0A:0x67;0x0A:0x68;0x0A:0x69;0x0A:0x6A;0x0A:0x6B;0x0A:0x6C;0x0A:0x6D;0x0A:0x6E;0x0A:0x6F;0x0A:0x70;0x0A:0x71;0x0A:0x72;0x0A:0x74;0x11:0x00
892,128,MODE1_0128_AHD1080P25_WRITE,TIMEOUT_DURING_WRITE,95,90,ABORTING->UNRESOLVED_REGISTER_GATE->FATAL_RECOVERY_FAILURE,FATAL_RECOVERY_FAILURE,UNRESOLVED_COMMITTED_REGISTERS=0x00:0x00;0x00:0x08;0x00:0x0C;0x00:0x10;0x00:0x14;0x00:0x18;0x00:0x21;0x00:0x22;0x00:0x30;0x00:0x34;0x00:0x3C;0x00:0x40;0x00:0x44;0x00:0x48;0x00:0x4C;0x00:0x50;0x00:0x58;0x00:0x5C;0x00:0x64;0x00:0x89;0x00:0x8E;0x00:0x93;0x00:0xA4;0x01:0xED;0x02:0x02;0x02:0x28;0x02:0x29;0x02:0x2A;0x02:0x2B;0x02:0x2C;0x05:0x00;0x05:0x01;0x05:0x05;0x05:0x08;0x05:0x0E;0x05:0x11;0x05:0x1B;0x05:0x20;0x05:0x23;0x05:0x26;0x05:0x27;0x05:0x29;0x05:0x2A;0x05:0x2B;0x05:0x47;0x05:0x50;0x05:0x57;0x05:0x58;0x05:0x59;0x05:0x5B;0x05:0x5F;0x05:0x69;0x05:0x6E;0x05:0x6F;0x05:0x76;0x05:0x90;0x05:0xB8;0x05:0xC8;0x05:0xD1;0x05:0xD4;0x09:0x40;0x09:0x44;0x09:0x64;0x09:0x6A;0x09:0x6B;0x09:0x6C;0x09:0x80;0x09:0x81;0x09:0x97;0x0A:0x60;0x0A:0x61;0x0A:0x62;0x0A:0x63;0x0A:0x64;0x0A:0x65;0x0A:0x66;0x0A:0x67;0x0A:0x68;0x0A:0x69;0x0A:0x6A;0x0A:0x6B;0x0A:0x6C;0x0A:0x6D;0x0A:0x6E;0x0A:0x6F;0x0A:0x70;0x0A:0x71;0x0A:0x72;0x0A:0x74;0x11:0x00
893,128,MODE1_0128_AHD1080P25_WRITE,READBACK_MISMATCH,95,90,ABORTING->UNRESOLVED_REGISTER_GATE->FATAL_RECOVERY_FAILURE,FATAL_RECOVERY_FAILURE,UNRESOLVED_COMMITTED_REGISTERS=0x00:0x00;0x00:0x08;0x00:0x0C;0x00:0x10;0x00:0x14;0x00:0x18;0x00:0x21;0x00:0x22;0x00:0x30;0x00:0x34;0x00:0x3C;0x00:0x40;0x00:0x44;0x00:0x48;0x00:0x4C;0x00:0x50;0x00:0x58;0x00:0x5C;0x00:0x64;0x00:0x89;0x00:0x8E;0x00:0x93;0x00:0xA4;0x01:0xED;0x02:0x02;0x02:0x28;0x02:0x29;0x02:0x2A;0x02:0x2B;0x02:0x2C;0x05:0x00;0x05:0x01;0x05:0x05;0x05:0x08;0x05:0x0E;0x05:0x11;0x05:0x1B;0x05:0x20;0x05:0x23;0x05:0x26;0x05:0x27;0x05:0x29;0x05:0x2A;0x05:0x2B;0x05:0x47;0x05:0x50;0x05:0x57;0x05:0x58;0x05:0x59;0x05:0x5B;0x05:0x5F;0x05:0x69;0x05:0x6E;0x05:0x6F;0x05:0x76;0x05:0x90;0x05:0xB8;0x05:0xC8;0x05:0xD1;0x05:0xD4;0x09:0x40;0x09:0x44;0x09:0x64;0x09:0x6A;0x09:0x6B;0x09:0x6C;0x09:0x80;0x09:0x81;0x09:0x97;0x0A:0x60;0x0A:0x61;0x0A:0x62;0x0A:0x63;0x0A:0x64;0x0A:0x65;0x0A:0x66;0x0A:0x67;0x0A:0x68;0x0A:0x69;0x0A:0x6A;0x0A:0x6B;0x0A:0x6C;0x0A:0x6D;0x0A:0x6E;0x0A:0x6F;0x0A:0x70;0x0A:0x71;0x0A:0x72;0x0A:0x74;0x11:0x00
894,128,MODE1_0128_AHD1080P25_WRITE,RESET_BETWEEN_OPERATIONS,95,90,ABORTING->PRODUCT_RECONSTRUCTION_GAP->FATAL_RECOVERY_FAILURE,FATAL_RECOVERY_FAILURE,CALLABLE_RESET_AUTOINIT_OR_PERSISTENT_RECOVERY_CONTEXT_NOT_PROVEN
895,128,MODE1_0128_AHD1080P25_WRITE,HOST_ABORT,95,90,ABORTING->UNRESOLVED_REGISTER_GATE->FATAL_RECOVERY_FAILURE,FATAL_RECOVERY_FAILURE,UNRESOLVED_COMMITTED_REGISTERS=0x00:0x00;0x00:0x08;0x00:0x0C;0x00:0x10;0x00:0x14;0x00:0x18;0x00:0x21;0x00:0x22;0x00:0x30;0x00:0x34;0x00:0x3C;0x00:0x40;0x00:0x44;0x00:0x48;0x00:0x4C;0x00:0x50;0x00:0x58;0x00:0x5C;0x00:0x64;0x00:0x89;0x00:0x8E;0x00:0x93;0x00:0xA4;0x01:0xED;0x02:0x02;0x02:0x28;0x02:0x29;0x02:0x2A;0x02:0x2B;0x02:0x2C;0x05:0x00;0x05:0x01;0x05:0x05;0x05:0x08;0x05:0x0E;0x05:0x11;0x05:0x1B;0x05:0x20;0x05:0x23;0x05:0x26;0x05:0x27;0x05:0x29;0x05:0x2A;0x05:0x2B;0x05:0x47;0x05:0x50;0x05:0x57;0x05:0x58;0x05:0x59;0x05:0x5B;0x05:0x5F;0x05:0x69;0x05:0x6E;0x05:0x6F;0x05:0x76;0x05:0x90;0x05:0xB8;0x05:0xC8;0x05:0xD1;0x05:0xD4;0x09:0x40;0x09:0x44;0x09:0x64;0x09:0x6A;0x09:0x6B;0x09:0x6C;0x09:0x80;0x09:0x81;0x09:0x97;0x0A:0x60;0x0A:0x61;0x0A:0x62;0x0A:0x63;0x0A:0x64;0x0A:0x65;0x0A:0x66;0x0A:0x67;0x0A:0x68;0x0A:0x69;0x0A:0x6A;0x0A:0x6B;0x0A:0x6C;0x0A:0x6D;0x0A:0x6E;0x0A:0x6F;0x0A:0x70;0x0A:0x71;0x0A:0x72;0x0A:0x74;0x11:0x00
896,128,MODE1_0128_AHD1080P25_WRITE,MMIO_RESET,95,90,ABORTING->PRODUCT_RECONSTRUCTION_GAP->FATAL_RECOVERY_FAILURE,FATAL_RECOVERY_FAILURE,CALLABLE_RESET_AUTOINIT_OR_PERSISTENT_RECOVERY_CONTEXT_NOT_PROVEN
897,129,MODE1_0129_AHD1080P25_WRITE,FAILURE_BEFORE_WRITE,95,90,ABORTING->UNRESOLVED_REGISTER_GATE->FATAL_RECOVERY_FAILURE,FATAL_RECOVERY_FAILURE,UNRESOLVED_COMMITTED_REGISTERS=0x00:0x00;0x00:0x08;0x00:0x0C;0x00:0x10;0x00:0x14;0x00:0x18;0x00:0x21;0x00:0x22;0x00:0x30;0x00:0x34;0x00:0x3C;0x00:0x40;0x00:0x44;0x00:0x48;0x00:0x4C;0x00:0x50;0x00:0x58;0x00:0x5C;0x00:0x64;0x00:0x89;0x00:0x8E;0x00:0x93;0x00:0xA4;0x01:0xED;0x02:0x02;0x02:0x28;0x02:0x29;0x02:0x2A;0x02:0x2B;0x02:0x2C;0x05:0x00;0x05:0x01;0x05:0x05;0x05:0x08;0x05:0x0E;0x05:0x11;0x05:0x1B;0x05:0x20;0x05:0x23;0x05:0x26;0x05:0x27;0x05:0x29;0x05:0x2A;0x05:0x2B;0x05:0x47;0x05:0x50;0x05:0x57;0x05:0x58;0x05:0x59;0x05:0x5B;0x05:0x5F;0x05:0x69;0x05:0x6E;0x05:0x6F;0x05:0x76;0x05:0x90;0x05:0xB8;0x05:0xC8;0x05:0xD1;0x05:0xD4;0x09:0x40;0x09:0x44;0x09:0x64;0x09:0x6A;0x09:0x6B;0x09:0x6C;0x09:0x80;0x09:0x81;0x09:0x97;0x0A:0x60;0x0A:0x61;0x0A:0x62;0x0A:0x63;0x0A:0x64;0x0A:0x65;0x0A:0x66;0x0A:0x67;0x0A:0x68;0x0A:0x69;0x0A:0x6A;0x0A:0x6B;0x0A:0x6C;0x0A:0x6D;0x0A:0x6E;0x0A:0x6F;0x0A:0x70;0x0A:0x71;0x0A:0x72;0x0A:0x74;0x11:0x00
898,129,MODE1_0129_AHD1080P25_WRITE,NACK_DURING_WRITE,96,91,ABORTING->UNRESOLVED_REGISTER_GATE->FATAL_RECOVERY_FAILURE,FATAL_RECOVERY_FAILURE,UNRESOLVED_COMMITTED_REGISTERS=0x00:0x00;0x00:0x08;0x00:0x0C;0x00:0x10;0x00:0x14;0x00:0x18;0x00:0x21;0x00:0x22;0x00:0x30;0x00:0x34;0x00:0x3C;0x00:0x40;0x00:0x44;0x00:0x48;0x00:0x4C;0x00:0x50;0x00:0x58;0x00:0x5C;0x00:0x64;0x00:0x89;0x00:0x8E;0x00:0x93;0x00:0xA0;0x00:0xA4;0x01:0xED;0x02:0x02;0x02:0x28;0x02:0x29;0x02:0x2A;0x02:0x2B;0x02:0x2C;0x05:0x00;0x05:0x01;0x05:0x05;0x05:0x08;0x05:0x0E;0x05:0x11;0x05:0x1B;0x05:0x20;0x05:0x23;0x05:0x26;0x05:0x27;0x05:0x29;0x05:0x2A;0x05:0x2B;0x05:0x47;0x05:0x50;0x05:0x57;0x05:0x58;0x05:0x59;0x05:0x5B;0x05:0x5F;0x05:0x69;0x05:0x6E;0x05:0x6F;0x05:0x76;0x05:0x90;0x05:0xB8;0x05:0xC8;0x05:0xD1;0x05:0xD4;0x09:0x40;0x09:0x44;0x09:0x64;0x09:0x6A;0x09:0x6B;0x09:0x6C;0x09:0x80;0x09:0x81;0x09:0x97;0x0A:0x60;0x0A:0x61;0x0A:0x62;0x0A:0x63;0x0A:0x64;0x0A:0x65;0x0A:0x66;0x0A:0x67;0x0A:0x68;0x0A:0x69;0x0A:0x6A;0x0A:0x6B;0x0A:0x6C;0x0A:0x6D;0x0A:0x6E;0x0A:0x6F;0x0A:0x70;0x0A:0x71;0x0A:0x72;0x0A:0x74;0x11:0x00
899,129,MODE1_0129_AHD1080P25_WRITE,TIMEOUT_DURING_WRITE,96,91,ABORTING->UNRESOLVED_REGISTER_GATE->FATAL_RECOVERY_FAILURE,FATAL_RECOVERY_FAILURE,UNRESOLVED_COMMITTED_REGISTERS=0x00:0x00;0x00:0x08;0x00:0x0C;0x00:0x10;0x00:0x14;0x00:0x18;0x00:0x21;0x00:0x22;0x00:0x30;0x00:0x34;0x00:0x3C;0x00:0x40;0x00:0x44;0x00:0x48;0x00:0x4C;0x00:0x50;0x00:0x58;0x00:0x5C;0x00:0x64;0x00:0x89;0x00:0x8E;0x00:0x93;0x00:0xA0;0x00:0xA4;0x01:0xED;0x02:0x02;0x02:0x28;0x02:0x29;0x02:0x2A;0x02:0x2B;0x02:0x2C;0x05:0x00;0x05:0x01;0x05:0x05;0x05:0x08;0x05:0x0E;0x05:0x11;0x05:0x1B;0x05:0x20;0x05:0x23;0x05:0x26;0x05:0x27;0x05:0x29;0x05:0x2A;0x05:0x2B;0x05:0x47;0x05:0x50;0x05:0x57;0x05:0x58;0x05:0x59;0x05:0x5B;0x05:0x5F;0x05:0x69;0x05:0x6E;0x05:0x6F;0x05:0x76;0x05:0x90;0x05:0xB8;0x05:0xC8;0x05:0xD1;0x05:0xD4;0x09:0x40;0x09:0x44;0x09:0x64;0x09:0x6A;0x09:0x6B;0x09:0x6C;0x09:0x80;0x09:0x81;0x09:0x97;0x0A:0x60;0x0A:0x61;0x0A:0x62;0x0A:0x63;0x0A:0x64;0x0A:0x65;0x0A:0x66;0x0A:0x67;0x0A:0x68;0x0A:0x69;0x0A:0x6A;0x0A:0x6B;0x0A:0x6C;0x0A:0x6D;0x0A:0x6E;0x0A:0x6F;0x0A:0x70;0x0A:0x71;0x0A:0x72;0x0A:0x74;0x11:0x00
900,129,MODE1_0129_AHD1080P25_WRITE,READBACK_MISMATCH,96,91,ABORTING->UNRESOLVED_REGISTER_GATE->FATAL_RECOVERY_FAILURE,FATAL_RECOVERY_FAILURE,UNRESOLVED_COMMITTED_REGISTERS=0x00:0x00;0x00:0x08;0x00:0x0C;0x00:0x10;0x00:0x14;0x00:0x18;0x00:0x21;0x00:0x22;0x00:0x30;0x00:0x34;0x00:0x3C;0x00:0x40;0x00:0x44;0x00:0x48;0x00:0x4C;0x00:0x50;0x00:0x58;0x00:0x5C;0x00:0x64;0x00:0x89;0x00:0x8E;0x00:0x93;0x00:0xA0;0x00:0xA4;0x01:0xED;0x02:0x02;0x02:0x28;0x02:0x29;0x02:0x2A;0x02:0x2B;0x02:0x2C;0x05:0x00;0x05:0x01;0x05:0x05;0x05:0x08;0x05:0x0E;0x05:0x11;0x05:0x1B;0x05:0x20;0x05:0x23;0x05:0x26;0x05:0x27;0x05:0x29;0x05:0x2A;0x05:0x2B;0x05:0x47;0x05:0x50;0x05:0x57;0x05:0x58;0x05:0x59;0x05:0x5B;0x05:0x5F;0x05:0x69;0x05:0x6E;0x05:0x6F;0x05:0x76;0x05:0x90;0x05:0xB8;0x05:0xC8;0x05:0xD1;0x05:0xD4;0x09:0x40;0x09:0x44;0x09:0x64;0x09:0x6A;0x09:0x6B;0x09:0x6C;0x09:0x80;0x09:0x81;0x09:0x97;0x0A:0x60;0x0A:0x61;0x0A:0x62;0x0A:0x63;0x0A:0x64;0x0A:0x65;0x0A:0x66;0x0A:0x67;0x0A:0x68;0x0A:0x69;0x0A:0x6A;0x0A:0x6B;0x0A:0x6C;0x0A:0x6D;0x0A:0x6E;0x0A:0x6F;0x0A:0x70;0x0A:0x71;0x0A:0x72;0x0A:0x74;0x11:0x00
901,129,MODE1_0129_AHD1080P25_WRITE,RESET_BETWEEN_OPERATIONS,96,91,ABORTING->PRODUCT_RECONSTRUCTION_GAP->FATAL_RECOVERY_FAILURE,FATAL_RECOVERY_FAILURE,CALLABLE_RESET_AUTOINIT_OR_PERSISTENT_RECOVERY_CONTEXT_NOT_PROVEN
902,129,MODE1_0129_AHD1080P25_WRITE,HOST_ABORT,96,91,ABORTING->UNRESOLVED_REGISTER_GATE->FATAL_RECOVERY_FAILURE,FATAL_RECOVERY_FAILURE,UNRESOLVED_COMMITTED_REGISTERS=0x00:0x00;0x00:0x08;0x00:0x0C;0x00:0x10;0x00:0x14;0x00:0x18;0x00:0x21;0x00:0x22;0x00:0x30;0x00:0x34;0x00:0x3C;0x00:0x40;0x00:0x44;0x00:0x48;0x00:0x4C;0x00:0x50;0x00:0x58;0x00:0x5C;0x00:0x64;0x00:0x89;0x00:0x8E;0x00:0x93;0x00:0xA0;0x00:0xA4;0x01:0xED;0x02:0x02;0x02:0x28;0x02:0x29;0x02:0x2A;0x02:0x2B;0x02:0x2C;0x05:0x00;0x05:0x01;0x05:0x05;0x05:0x08;0x05:0x0E;0x05:0x11;0x05:0x1B;0x05:0x20;0x05:0x23;0x05:0x26;0x05:0x27;0x05:0x29;0x05:0x2A;0x05:0x2B;0x05:0x47;0x05:0x50;0x05:0x57;0x05:0x58;0x05:0x59;0x05:0x5B;0x05:0x5F;0x05:0x69;0x05:0x6E;0x05:0x6F;0x05:0x76;0x05:0x90;0x05:0xB8;0x05:0xC8;0x05:0xD1;0x05:0xD4;0x09:0x40;0x09:0x44;0x09:0x64;0x09:0x6A;0x09:0x6B;0x09:0x6C;0x09:0x80;0x09:0x81;0x09:0x97;0x0A:0x60;0x0A:0x61;0x0A:0x62;0x0A:0x63;0x0A:0x64;0x0A:0x65;0x0A:0x66;0x0A:0x67;0x0A:0x68;0x0A:0x69;0x0A:0x6A;0x0A:0x6B;0x0A:0x6C;0x0A:0x6D;0x0A:0x6E;0x0A:0x6F;0x0A:0x70;0x0A:0x71;0x0A:0x72;0x0A:0x74;0x11:0x00
903,129,MODE1_0129_AHD1080P25_WRITE,MMIO_RESET,96,91,ABORTING->PRODUCT_RECONSTRUCTION_GAP->FATAL_RECOVERY_FAILURE,FATAL_RECOVERY_FAILURE,CALLABLE_RESET_AUTOINIT_OR_PERSISTENT_RECOVERY_CONTEXT_NOT_PROVEN
904,130,MODE1_0130_AHD1080P25_WRITE,FAILURE_BEFORE_WRITE,96,91,ABORTING->UNRESOLVED_REGISTER_GATE->FATAL_RECOVERY_FAILURE,FATAL_RECOVERY_FAILURE,UNRESOLVED_COMMITTED_REGISTERS=0x00:0x00;0x00:0x08;0x00:0x0C;0x00:0x10;0x00:0x14;0x00:0x18;0x00:0x21;0x00:0x22;0x00:0x30;0x00:0x34;0x00:0x3C;0x00:0x40;0x00:0x44;0x00:0x48;0x00:0x4C;0x00:0x50;0x00:0x58;0x00:0x5C;0x00:0x64;0x00:0x89;0x00:0x8E;0x00:0x93;0x00:0xA0;0x00:0xA4;0x01:0xED;0x02:0x02;0x02:0x28;0x02:0x29;0x02:0x2A;0x02:0x2B;0x02:0x2C;0x05:0x00;0x05:0x01;0x05:0x05;0x05:0x08;0x05:0x0E;0x05:0x11;0x05:0x1B;0x05:0x20;0x05:0x23;0x05:0x26;0x05:0x27;0x05:0x29;0x05:0x2A;0x05:0x2B;0x05:0x47;0x05:0x50;0x05:0x57;0x05:0x58;0x05:0x59;0x05:0x5B;0x05:0x5F;0x05:0x69;0x05:0x6E;0x05:0x6F;0x05:0x76;0x05:0x90;0x05:0xB8;0x05:0xC8;0x05:0xD1;0x05:0xD4;0x09:0x40;0x09:0x44;0x09:0x64;0x09:0x6A;0x09:0x6B;0x09:0x6C;0x09:0x80;0x09:0x81;0x09:0x97;0x0A:0x60;0x0A:0x61;0x0A:0x62;0x0A:0x63;0x0A:0x64;0x0A:0x65;0x0A:0x66;0x0A:0x67;0x0A:0x68;0x0A:0x69;0x0A:0x6A;0x0A:0x6B;0x0A:0x6C;0x0A:0x6D;0x0A:0x6E;0x0A:0x6F;0x0A:0x70;0x0A:0x71;0x0A:0x72;0x0A:0x74;0x11:0x00
905,130,MODE1_0130_AHD1080P25_WRITE,NACK_DURING_WRITE,96,91,ABORTING->UNRESOLVED_REGISTER_GATE->FATAL_RECOVERY_FAILURE,FATAL_RECOVERY_FAILURE,UNRESOLVED_COMMITTED_REGISTERS=0x00:0x00;0x00:0x08;0x00:0x0C;0x00:0x10;0x00:0x14;0x00:0x18;0x00:0x21;0x00:0x22;0x00:0x30;0x00:0x34;0x00:0x3C;0x00:0x40;0x00:0x44;0x00:0x48;0x00:0x4C;0x00:0x50;0x00:0x58;0x00:0x5C;0x00:0x64;0x00:0x89;0x00:0x8E;0x00:0x93;0x00:0xA0;0x00:0xA4;0x01:0xED;0x02:0x02;0x02:0x28;0x02:0x29;0x02:0x2A;0x02:0x2B;0x02:0x2C;0x05:0x00;0x05:0x01;0x05:0x05;0x05:0x08;0x05:0x0E;0x05:0x11;0x05:0x1B;0x05:0x20;0x05:0x23;0x05:0x26;0x05:0x27;0x05:0x29;0x05:0x2A;0x05:0x2B;0x05:0x47;0x05:0x50;0x05:0x57;0x05:0x58;0x05:0x59;0x05:0x5B;0x05:0x5F;0x05:0x69;0x05:0x6E;0x05:0x6F;0x05:0x76;0x05:0x90;0x05:0xB8;0x05:0xC8;0x05:0xD1;0x05:0xD4;0x09:0x40;0x09:0x44;0x09:0x64;0x09:0x6A;0x09:0x6B;0x09:0x6C;0x09:0x80;0x09:0x81;0x09:0x97;0x0A:0x60;0x0A:0x61;0x0A:0x62;0x0A:0x63;0x0A:0x64;0x0A:0x65;0x0A:0x66;0x0A:0x67;0x0A:0x68;0x0A:0x69;0x0A:0x6A;0x0A:0x6B;0x0A:0x6C;0x0A:0x6D;0x0A:0x6E;0x0A:0x6F;0x0A:0x70;0x0A:0x71;0x0A:0x72;0x0A:0x74;0x11:0x00
906,130,MODE1_0130_AHD1080P25_WRITE,TIMEOUT_DURING_WRITE,96,91,ABORTING->UNRESOLVED_REGISTER_GATE->FATAL_RECOVERY_FAILURE,FATAL_RECOVERY_FAILURE,UNRESOLVED_COMMITTED_REGISTERS=0x00:0x00;0x00:0x08;0x00:0x0C;0x00:0x10;0x00:0x14;0x00:0x18;0x00:0x21;0x00:0x22;0x00:0x30;0x00:0x34;0x00:0x3C;0x00:0x40;0x00:0x44;0x00:0x48;0x00:0x4C;0x00:0x50;0x00:0x58;0x00:0x5C;0x00:0x64;0x00:0x89;0x00:0x8E;0x00:0x93;0x00:0xA0;0x00:0xA4;0x01:0xED;0x02:0x02;0x02:0x28;0x02:0x29;0x02:0x2A;0x02:0x2B;0x02:0x2C;0x05:0x00;0x05:0x01;0x05:0x05;0x05:0x08;0x05:0x0E;0x05:0x11;0x05:0x1B;0x05:0x20;0x05:0x23;0x05:0x26;0x05:0x27;0x05:0x29;0x05:0x2A;0x05:0x2B;0x05:0x47;0x05:0x50;0x05:0x57;0x05:0x58;0x05:0x59;0x05:0x5B;0x05:0x5F;0x05:0x69;0x05:0x6E;0x05:0x6F;0x05:0x76;0x05:0x90;0x05:0xB8;0x05:0xC8;0x05:0xD1;0x05:0xD4;0x09:0x40;0x09:0x44;0x09:0x64;0x09:0x6A;0x09:0x6B;0x09:0x6C;0x09:0x80;0x09:0x81;0x09:0x97;0x0A:0x60;0x0A:0x61;0x0A:0x62;0x0A:0x63;0x0A:0x64;0x0A:0x65;0x0A:0x66;0x0A:0x67;0x0A:0x68;0x0A:0x69;0x0A:0x6A;0x0A:0x6B;0x0A:0x6C;0x0A:0x6D;0x0A:0x6E;0x0A:0x6F;0x0A:0x70;0x0A:0x71;0x0A:0x72;0x0A:0x74;0x11:0x00
907,130,MODE1_0130_AHD1080P25_WRITE,READBACK_MISMATCH,96,91,ABORTING->UNRESOLVED_REGISTER_GATE->FATAL_RECOVERY_FAILURE,FATAL_RECOVERY_FAILURE,UNRESOLVED_COMMITTED_REGISTERS=0x00:0x00;0x00:0x08;0x00:0x0C;0x00:0x10;0x00:0x14;0x00:0x18;0x00:0x21;0x00:0x22;0x00:0x30;0x00:0x34;0x00:0x3C;0x00:0x40;0x00:0x44;0x00:0x48;0x00:0x4C;0x00:0x50;0x00:0x58;0x00:0x5C;0x00:0x64;0x00:0x89;0x00:0x8E;0x00:0x93;0x00:0xA0;0x00:0xA4;0x01:0xED;0x02:0x02;0x02:0x28;0x02:0x29;0x02:0x2A;0x02:0x2B;0x02:0x2C;0x05:0x00;0x05:0x01;0x05:0x05;0x05:0x08;0x05:0x0E;0x05:0x11;0x05:0x1B;0x05:0x20;0x05:0x23;0x05:0x26;0x05:0x27;0x05:0x29;0x05:0x2A;0x05:0x2B;0x05:0x47;0x05:0x50;0x05:0x57;0x05:0x58;0x05:0x59;0x05:0x5B;0x05:0x5F;0x05:0x69;0x05:0x6E;0x05:0x6F;0x05:0x76;0x05:0x90;0x05:0xB8;0x05:0xC8;0x05:0xD1;0x05:0xD4;0x09:0x40;0x09:0x44;0x09:0x64;0x09:0x6A;0x09:0x6B;0x09:0x6C;0x09:0x80;0x09:0x81;0x09:0x97;0x0A:0x60;0x0A:0x61;0x0A:0x62;0x0A:0x63;0x0A:0x64;0x0A:0x65;0x0A:0x66;0x0A:0x67;0x0A:0x68;0x0A:0x69;0x0A:0x6A;0x0A:0x6B;0x0A:0x6C;0x0A:0x6D;0x0A:0x6E;0x0A:0x6F;0x0A:0x70;0x0A:0x71;0x0A:0x72;0x0A:0x74;0x11:0x00
908,130,MODE1_0130_AHD1080P25_WRITE,RESET_BETWEEN_OPERATIONS,96,91,ABORTING->PRODUCT_RECONSTRUCTION_GAP->FATAL_RECOVERY_FAILURE,FATAL_RECOVERY_FAILURE,CALLABLE_RESET_AUTOINIT_OR_PERSISTENT_RECOVERY_CONTEXT_NOT_PROVEN
909,130,MODE1_0130_AHD1080P25_WRITE,HOST_ABORT,96,91,ABORTING->UNRESOLVED_REGISTER_GATE->FATAL_RECOVERY_FAILURE,FATAL_RECOVERY_FAILURE,UNRESOLVED_COMMITTED_REGISTERS=0x00:0x00;0x00:0x08;0x00:0x0C;0x00:0x10;0x00:0x14;0x00:0x18;0x00:0x21;0x00:0x22;0x00:0x30;0x00:0x34;0x00:0x3C;0x00:0x40;0x00:0x44;0x00:0x48;0x00:0x4C;0x00:0x50;0x00:0x58;0x00:0x5C;0x00:0x64;0x00:0x89;0x00:0x8E;0x00:0x93;0x00:0xA0;0x00:0xA4;0x01:0xED;0x02:0x02;0x02:0x28;0x02:0x29;0x02:0x2A;0x02:0x2B;0x02:0x2C;0x05:0x00;0x05:0x01;0x05:0x05;0x05:0x08;0x05:0x0E;0x05:0x11;0x05:0x1B;0x05:0x20;0x05:0x23;0x05:0x26;0x05:0x27;0x05:0x29;0x05:0x2A;0x05:0x2B;0x05:0x47;0x05:0x50;0x05:0x57;0x05:0x58;0x05:0x59;0x05:0x5B;0x05:0x5F;0x05:0x69;0x05:0x6E;0x05:0x6F;0x05:0x76;0x05:0x90;0x05:0xB8;0x05:0xC8;0x05:0xD1;0x05:0xD4;0x09:0x40;0x09:0x44;0x09:0x64;0x09:0x6A;0x09:0x6B;0x09:0x6C;0x09:0x80;0x09:0x81;0x09:0x97;0x0A:0x60;0x0A:0x61;0x0A:0x62;0x0A:0x63;0x0A:0x64;0x0A:0x65;0x0A:0x66;0x0A:0x67;0x0A:0x68;0x0A:0x69;0x0A:0x6A;0x0A:0x6B;0x0A:0x6C;0x0A:0x6D;0x0A:0x6E;0x0A:0x6F;0x0A:0x70;0x0A:0x71;0x0A:0x72;0x0A:0x74;0x11:0x00
910,130,MODE1_0130_AHD1080P25_WRITE,MMIO_RESET,96,91,ABORTING->PRODUCT_RECONSTRUCTION_GAP->FATAL_RECOVERY_FAILURE,FATAL_RECOVERY_FAILURE,CALLABLE_RESET_AUTOINIT_OR_PERSISTENT_RECOVERY_CONTEXT_NOT_PROVEN
911,131,MODE1_0131_AHD1080P25_BANK_SELECT,FAILURE_BEFORE_WRITE,96,91,ABORTING->UNRESOLVED_REGISTER_GATE->FATAL_RECOVERY_FAILURE,FATAL_RECOVERY_FAILURE,UNRESOLVED_COMMITTED_REGISTERS=0x00:0x00;0x00:0x08;0x00:0x0C;0x00:0x10;0x00:0x14;0x00:0x18;0x00:0x21;0x00:0x22;0x00:0x30;0x00:0x34;0x00:0x3C;0x00:0x40;0x00:0x44;0x00:0x48;0x00:0x4C;0x00:0x50;0x00:0x58;0x00:0x5C;0x00:0x64;0x00:0x89;0x00:0x8E;0x00:0x93;0x00:0xA0;0x00:0xA4;0x01:0xED;0x02:0x02;0x02:0x28;0x02:0x29;0x02:0x2A;0x02:0x2B;0x02:0x2C;0x05:0x00;0x05:0x01;0x05:0x05;0x05:0x08;0x05:0x0E;0x05:0x11;0x05:0x1B;0x05:0x20;0x05:0x23;0x05:0x26;0x05:0x27;0x05:0x29;0x05:0x2A;0x05:0x2B;0x05:0x47;0x05:0x50;0x05:0x57;0x05:0x58;0x05:0x59;0x05:0x5B;0x05:0x5F;0x05:0x69;0x05:0x6E;0x05:0x6F;0x05:0x76;0x05:0x90;0x05:0xB8;0x05:0xC8;0x05:0xD1;0x05:0xD4;0x09:0x40;0x09:0x44;0x09:0x64;0x09:0x6A;0x09:0x6B;0x09:0x6C;0x09:0x80;0x09:0x81;0x09:0x97;0x0A:0x60;0x0A:0x61;0x0A:0x62;0x0A:0x63;0x0A:0x64;0x0A:0x65;0x0A:0x66;0x0A:0x67;0x0A:0x68;0x0A:0x69;0x0A:0x6A;0x0A:0x6B;0x0A:0x6C;0x0A:0x6D;0x0A:0x6E;0x0A:0x6F;0x0A:0x70;0x0A:0x71;0x0A:0x72;0x0A:0x74;0x11:0x00
912,131,MODE1_0131_AHD1080P25_BANK_SELECT,NACK_DURING_WRITE,96,91,ABORTING->UNRESOLVED_REGISTER_GATE->FATAL_RECOVERY_FAILURE,FATAL_RECOVERY_FAILURE,UNRESOLVED_COMMITTED_REGISTERS=0x00:0x00;0x00:0x08;0x00:0x0C;0x00:0x10;0x00:0x14;0x00:0x18;0x00:0x21;0x00:0x22;0x00:0x30;0x00:0x34;0x00:0x3C;0x00:0x40;0x00:0x44;0x00:0x48;0x00:0x4C;0x00:0x50;0x00:0x58;0x00:0x5C;0x00:0x64;0x00:0x89;0x00:0x8E;0x00:0x93;0x00:0xA0;0x00:0xA4;0x01:0xED;0x02:0x02;0x02:0x28;0x02:0x29;0x02:0x2A;0x02:0x2B;0x02:0x2C;0x05:0x00;0x05:0x01;0x05:0x05;0x05:0x08;0x05:0x0E;0x05:0x11;0x05:0x1B;0x05:0x20;0x05:0x23;0x05:0x26;0x05:0x27;0x05:0x29;0x05:0x2A;0x05:0x2B;0x05:0x47;0x05:0x50;0x05:0x57;0x05:0x58;0x05:0x59;0x05:0x5B;0x05:0x5F;0x05:0x69;0x05:0x6E;0x05:0x6F;0x05:0x76;0x05:0x90;0x05:0xB8;0x05:0xC8;0x05:0xD1;0x05:0xD4;0x09:0x40;0x09:0x44;0x09:0x64;0x09:0x6A;0x09:0x6B;0x09:0x6C;0x09:0x80;0x09:0x81;0x09:0x97;0x0A:0x60;0x0A:0x61;0x0A:0x62;0x0A:0x63;0x0A:0x64;0x0A:0x65;0x0A:0x66;0x0A:0x67;0x0A:0x68;0x0A:0x69;0x0A:0x6A;0x0A:0x6B;0x0A:0x6C;0x0A:0x6D;0x0A:0x6E;0x0A:0x6F;0x0A:0x70;0x0A:0x71;0x0A:0x72;0x0A:0x74;0x11:0x00
913,131,MODE1_0131_AHD1080P25_BANK_SELECT,TIMEOUT_DURING_WRITE,96,91,ABORTING->UNRESOLVED_REGISTER_GATE->FATAL_RECOVERY_FAILURE,FATAL_RECOVERY_FAILURE,UNRESOLVED_COMMITTED_REGISTERS=0x00:0x00;0x00:0x08;0x00:0x0C;0x00:0x10;0x00:0x14;0x00:0x18;0x00:0x21;0x00:0x22;0x00:0x30;0x00:0x34;0x00:0x3C;0x00:0x40;0x00:0x44;0x00:0x48;0x00:0x4C;0x00:0x50;0x00:0x58;0x00:0x5C;0x00:0x64;0x00:0x89;0x00:0x8E;0x00:0x93;0x00:0xA0;0x00:0xA4;0x01:0xED;0x02:0x02;0x02:0x28;0x02:0x29;0x02:0x2A;0x02:0x2B;0x02:0x2C;0x05:0x00;0x05:0x01;0x05:0x05;0x05:0x08;0x05:0x0E;0x05:0x11;0x05:0x1B;0x05:0x20;0x05:0x23;0x05:0x26;0x05:0x27;0x05:0x29;0x05:0x2A;0x05:0x2B;0x05:0x47;0x05:0x50;0x05:0x57;0x05:0x58;0x05:0x59;0x05:0x5B;0x05:0x5F;0x05:0x69;0x05:0x6E;0x05:0x6F;0x05:0x76;0x05:0x90;0x05:0xB8;0x05:0xC8;0x05:0xD1;0x05:0xD4;0x09:0x40;0x09:0x44;0x09:0x64;0x09:0x6A;0x09:0x6B;0x09:0x6C;0x09:0x80;0x09:0x81;0x09:0x97;0x0A:0x60;0x0A:0x61;0x0A:0x62;0x0A:0x63;0x0A:0x64;0x0A:0x65;0x0A:0x66;0x0A:0x67;0x0A:0x68;0x0A:0x69;0x0A:0x6A;0x0A:0x6B;0x0A:0x6C;0x0A:0x6D;0x0A:0x6E;0x0A:0x6F;0x0A:0x70;0x0A:0x71;0x0A:0x72;0x0A:0x74;0x11:0x00
914,131,MODE1_0131_AHD1080P25_BANK_SELECT,READBACK_MISMATCH,96,91,ABORTING->UNRESOLVED_REGISTER_GATE->FATAL_RECOVERY_FAILURE,FATAL_RECOVERY_FAILURE,UNRESOLVED_COMMITTED_REGISTERS=0x00:0x00;0x00:0x08;0x00:0x0C;0x00:0x10;0x00:0x14;0x00:0x18;0x00:0x21;0x00:0x22;0x00:0x30;0x00:0x34;0x00:0x3C;0x00:0x40;0x00:0x44;0x00:0x48;0x00:0x4C;0x00:0x50;0x00:0x58;0x00:0x5C;0x00:0x64;0x00:0x89;0x00:0x8E;0x00:0x93;0x00:0xA0;0x00:0xA4;0x01:0xED;0x02:0x02;0x02:0x28;0x02:0x29;0x02:0x2A;0x02:0x2B;0x02:0x2C;0x05:0x00;0x05:0x01;0x05:0x05;0x05:0x08;0x05:0x0E;0x05:0x11;0x05:0x1B;0x05:0x20;0x05:0x23;0x05:0x26;0x05:0x27;0x05:0x29;0x05:0x2A;0x05:0x2B;0x05:0x47;0x05:0x50;0x05:0x57;0x05:0x58;0x05:0x59;0x05:0x5B;0x05:0x5F;0x05:0x69;0x05:0x6E;0x05:0x6F;0x05:0x76;0x05:0x90;0x05:0xB8;0x05:0xC8;0x05:0xD1;0x05:0xD4;0x09:0x40;0x09:0x44;0x09:0x64;0x09:0x6A;0x09:0x6B;0x09:0x6C;0x09:0x80;0x09:0x81;0x09:0x97;0x0A:0x60;0x0A:0x61;0x0A:0x62;0x0A:0x63;0x0A:0x64;0x0A:0x65;0x0A:0x66;0x0A:0x67;0x0A:0x68;0x0A:0x69;0x0A:0x6A;0x0A:0x6B;0x0A:0x6C;0x0A:0x6D;0x0A:0x6E;0x0A:0x6F;0x0A:0x70;0x0A:0x71;0x0A:0x72;0x0A:0x74;0x11:0x00
915,131,MODE1_0131_AHD1080P25_BANK_SELECT,RESET_BETWEEN_OPERATIONS,96,91,ABORTING->PRODUCT_RECONSTRUCTION_GAP->FATAL_RECOVERY_FAILURE,FATAL_RECOVERY_FAILURE,CALLABLE_RESET_AUTOINIT_OR_PERSISTENT_RECOVERY_CONTEXT_NOT_PROVEN
916,131,MODE1_0131_AHD1080P25_BANK_SELECT,HOST_ABORT,96,91,ABORTING->UNRESOLVED_REGISTER_GATE->FATAL_RECOVERY_FAILURE,FATAL_RECOVERY_FAILURE,UNRESOLVED_COMMITTED_REGISTERS=0x00:0x00;0x00:0x08;0x00:0x0C;0x00:0x10;0x00:0x14;0x00:0x18;0x00:0x21;0x00:0x22;0x00:0x30;0x00:0x34;0x00:0x3C;0x00:0x40;0x00:0x44;0x00:0x48;0x00:0x4C;0x00:0x50;0x00:0x58;0x00:0x5C;0x00:0x64;0x00:0x89;0x00:0x8E;0x00:0x93;0x00:0xA0;0x00:0xA4;0x01:0xED;0x02:0x02;0x02:0x28;0x02:0x29;0x02:0x2A;0x02:0x2B;0x02:0x2C;0x05:0x00;0x05:0x01;0x05:0x05;0x05:0x08;0x05:0x0E;0x05:0x11;0x05:0x1B;0x05:0x20;0x05:0x23;0x05:0x26;0x05:0x27;0x05:0x29;0x05:0x2A;0x05:0x2B;0x05:0x47;0x05:0x50;0x05:0x57;0x05:0x58;0x05:0x59;0x05:0x5B;0x05:0x5F;0x05:0x69;0x05:0x6E;0x05:0x6F;0x05:0x76;0x05:0x90;0x05:0xB8;0x05:0xC8;0x05:0xD1;0x05:0xD4;0x09:0x40;0x09:0x44;0x09:0x64;0x09:0x6A;0x09:0x6B;0x09:0x6C;0x09:0x80;0x09:0x81;0x09:0x97;0x0A:0x60;0x0A:0x61;0x0A:0x62;0x0A:0x63;0x0A:0x64;0x0A:0x65;0x0A:0x66;0x0A:0x67;0x0A:0x68;0x0A:0x69;0x0A:0x6A;0x0A:0x6B;0x0A:0x6C;0x0A:0x6D;0x0A:0x6E;0x0A:0x6F;0x0A:0x70;0x0A:0x71;0x0A:0x72;0x0A:0x74;0x11:0x00
917,131,MODE1_0131_AHD1080P25_BANK_SELECT,MMIO_RESET,96,91,ABORTING->PRODUCT_RECONSTRUCTION_GAP->FATAL_RECOVERY_FAILURE,FATAL_RECOVERY_FAILURE,CALLABLE_RESET_AUTOINIT_OR_PERSISTENT_RECOVERY_CONTEXT_NOT_PROVEN
918,132,MODE1_0132_AHD1080P25_WRITE,FAILURE_BEFORE_WRITE,96,91,ABORTING->UNRESOLVED_REGISTER_GATE->FATAL_RECOVERY_FAILURE,FATAL_RECOVERY_FAILURE,UNRESOLVED_COMMITTED_REGISTERS=0x00:0x00;0x00:0x08;0x00:0x0C;0x00:0x10;0x00:0x14;0x00:0x18;0x00:0x21;0x00:0x22;0x00:0x30;0x00:0x34;0x00:0x3C;0x00:0x40;0x00:0x44;0x00:0x48;0x00:0x4C;0x00:0x50;0x00:0x58;0x00:0x5C;0x00:0x64;0x00:0x89;0x00:0x8E;0x00:0x93;0x00:0xA0;0x00:0xA4;0x01:0xED;0x02:0x02;0x02:0x28;0x02:0x29;0x02:0x2A;0x02:0x2B;0x02:0x2C;0x05:0x00;0x05:0x01;0x05:0x05;0x05:0x08;0x05:0x0E;0x05:0x11;0x05:0x1B;0x05:0x20;0x05:0x23;0x05:0x26;0x05:0x27;0x05:0x29;0x05:0x2A;0x05:0x2B;0x05:0x47;0x05:0x50;0x05:0x57;0x05:0x58;0x05:0x59;0x05:0x5B;0x05:0x5F;0x05:0x69;0x05:0x6E;0x05:0x6F;0x05:0x76;0x05:0x90;0x05:0xB8;0x05:0xC8;0x05:0xD1;0x05:0xD4;0x09:0x40;0x09:0x44;0x09:0x64;0x09:0x6A;0x09:0x6B;0x09:0x6C;0x09:0x80;0x09:0x81;0x09:0x97;0x0A:0x60;0x0A:0x61;0x0A:0x62;0x0A:0x63;0x0A:0x64;0x0A:0x65;0x0A:0x66;0x0A:0x67;0x0A:0x68;0x0A:0x69;0x0A:0x6A;0x0A:0x6B;0x0A:0x6C;0x0A:0x6D;0x0A:0x6E;0x0A:0x6F;0x0A:0x70;0x0A:0x71;0x0A:0x72;0x0A:0x74;0x11:0x00
919,132,MODE1_0132_AHD1080P25_WRITE,NACK_DURING_WRITE,96,91,ABORTING->UNRESOLVED_REGISTER_GATE->FATAL_RECOVERY_FAILURE,FATAL_RECOVERY_FAILURE,UNRESOLVED_COMMITTED_REGISTERS=0x00:0x00;0x00:0x08;0x00:0x0C;0x00:0x10;0x00:0x14;0x00:0x18;0x00:0x21;0x00:0x22;0x00:0x30;0x00:0x34;0x00:0x3C;0x00:0x40;0x00:0x44;0x00:0x48;0x00:0x4C;0x00:0x50;0x00:0x58;0x00:0x5C;0x00:0x64;0x00:0x89;0x00:0x8E;0x00:0x93;0x00:0xA0;0x00:0xA4;0x01:0xED;0x02:0x02;0x02:0x28;0x02:0x29;0x02:0x2A;0x02:0x2B;0x02:0x2C;0x05:0x00;0x05:0x01;0x05:0x05;0x05:0x08;0x05:0x0E;0x05:0x11;0x05:0x1B;0x05:0x20;0x05:0x23;0x05:0x26;0x05:0x27;0x05:0x29;0x05:0x2A;0x05:0x2B;0x05:0x47;0x05:0x50;0x05:0x57;0x05:0x58;0x05:0x59;0x05:0x5B;0x05:0x5F;0x05:0x69;0x05:0x6E;0x05:0x6F;0x05:0x76;0x05:0x90;0x05:0xB8;0x05:0xC8;0x05:0xD1;0x05:0xD4;0x09:0x40;0x09:0x44;0x09:0x64;0x09:0x6A;0x09:0x6B;0x09:0x6C;0x09:0x80;0x09:0x81;0x09:0x97;0x0A:0x60;0x0A:0x61;0x0A:0x62;0x0A:0x63;0x0A:0x64;0x0A:0x65;0x0A:0x66;0x0A:0x67;0x0A:0x68;0x0A:0x69;0x0A:0x6A;0x0A:0x6B;0x0A:0x6C;0x0A:0x6D;0x0A:0x6E;0x0A:0x6F;0x0A:0x70;0x0A:0x71;0x0A:0x72;0x0A:0x74;0x11:0x00
920,132,MODE1_0132_AHD1080P25_WRITE,TIMEOUT_DURING_WRITE,96,91,ABORTING->UNRESOLVED_REGISTER_GATE->FATAL_RECOVERY_FAILURE,FATAL_RECOVERY_FAILURE,UNRESOLVED_COMMITTED_REGISTERS=0x00:0x00;0x00:0x08;0x00:0x0C;0x00:0x10;0x00:0x14;0x00:0x18;0x00:0x21;0x00:0x22;0x00:0x30;0x00:0x34;0x00:0x3C;0x00:0x40;0x00:0x44;0x00:0x48;0x00:0x4C;0x00:0x50;0x00:0x58;0x00:0x5C;0x00:0x64;0x00:0x89;0x00:0x8E;0x00:0x93;0x00:0xA0;0x00:0xA4;0x01:0xED;0x02:0x02;0x02:0x28;0x02:0x29;0x02:0x2A;0x02:0x2B;0x02:0x2C;0x05:0x00;0x05:0x01;0x05:0x05;0x05:0x08;0x05:0x0E;0x05:0x11;0x05:0x1B;0x05:0x20;0x05:0x23;0x05:0x26;0x05:0x27;0x05:0x29;0x05:0x2A;0x05:0x2B;0x05:0x47;0x05:0x50;0x05:0x57;0x05:0x58;0x05:0x59;0x05:0x5B;0x05:0x5F;0x05:0x69;0x05:0x6E;0x05:0x6F;0x05:0x76;0x05:0x90;0x05:0xB8;0x05:0xC8;0x05:0xD1;0x05:0xD4;0x09:0x40;0x09:0x44;0x09:0x64;0x09:0x6A;0x09:0x6B;0x09:0x6C;0x09:0x80;0x09:0x81;0x09:0x97;0x0A:0x60;0x0A:0x61;0x0A:0x62;0x0A:0x63;0x0A:0x64;0x0A:0x65;0x0A:0x66;0x0A:0x67;0x0A:0x68;0x0A:0x69;0x0A:0x6A;0x0A:0x6B;0x0A:0x6C;0x0A:0x6D;0x0A:0x6E;0x0A:0x6F;0x0A:0x70;0x0A:0x71;0x0A:0x72;0x0A:0x74;0x11:0x00
921,132,MODE1_0132_AHD1080P25_WRITE,READBACK_MISMATCH,96,91,ABORTING->UNRESOLVED_REGISTER_GATE->FATAL_RECOVERY_FAILURE,FATAL_RECOVERY_FAILURE,UNRESOLVED_COMMITTED_REGISTERS=0x00:0x00;0x00:0x08;0x00:0x0C;0x00:0x10;0x00:0x14;0x00:0x18;0x00:0x21;0x00:0x22;0x00:0x30;0x00:0x34;0x00:0x3C;0x00:0x40;0x00:0x44;0x00:0x48;0x00:0x4C;0x00:0x50;0x00:0x58;0x00:0x5C;0x00:0x64;0x00:0x89;0x00:0x8E;0x00:0x93;0x00:0xA0;0x00:0xA4;0x01:0xED;0x02:0x02;0x02:0x28;0x02:0x29;0x02:0x2A;0x02:0x2B;0x02:0x2C;0x05:0x00;0x05:0x01;0x05:0x05;0x05:0x08;0x05:0x0E;0x05:0x11;0x05:0x1B;0x05:0x20;0x05:0x23;0x05:0x26;0x05:0x27;0x05:0x29;0x05:0x2A;0x05:0x2B;0x05:0x47;0x05:0x50;0x05:0x57;0x05:0x58;0x05:0x59;0x05:0x5B;0x05:0x5F;0x05:0x69;0x05:0x6E;0x05:0x6F;0x05:0x76;0x05:0x90;0x05:0xB8;0x05:0xC8;0x05:0xD1;0x05:0xD4;0x09:0x40;0x09:0x44;0x09:0x64;0x09:0x6A;0x09:0x6B;0x09:0x6C;0x09:0x80;0x09:0x81;0x09:0x97;0x0A:0x60;0x0A:0x61;0x0A:0x62;0x0A:0x63;0x0A:0x64;0x0A:0x65;0x0A:0x66;0x0A:0x67;0x0A:0x68;0x0A:0x69;0x0A:0x6A;0x0A:0x6B;0x0A:0x6C;0x0A:0x6D;0x0A:0x6E;0x0A:0x6F;0x0A:0x70;0x0A:0x71;0x0A:0x72;0x0A:0x74;0x11:0x00
922,132,MODE1_0132_AHD1080P25_WRITE,RESET_BETWEEN_OPERATIONS,96,91,ABORTING->PRODUCT_RECONSTRUCTION_GAP->FATAL_RECOVERY_FAILURE,FATAL_RECOVERY_FAILURE,CALLABLE_RESET_AUTOINIT_OR_PERSISTENT_RECOVERY_CONTEXT_NOT_PROVEN
923,132,MODE1_0132_AHD1080P25_WRITE,HOST_ABORT,96,91,ABORTING->UNRESOLVED_REGISTER_GATE->FATAL_RECOVERY_FAILURE,FATAL_RECOVERY_FAILURE,UNRESOLVED_COMMITTED_REGISTERS=0x00:0x00;0x00:0x08;0x00:0x0C;0x00:0x10;0x00:0x14;0x00:0x18;0x00:0x21;0x00:0x22;0x00:0x30;0x00:0x34;0x00:0x3C;0x00:0x40;0x00:0x44;0x00:0x48;0x00:0x4C;0x00:0x50;0x00:0x58;0x00:0x5C;0x00:0x64;0x00:0x89;0x00:0x8E;0x00:0x93;0x00:0xA0;0x00:0xA4;0x01:0xED;0x02:0x02;0x02:0x28;0x02:0x29;0x02:0x2A;0x02:0x2B;0x02:0x2C;0x05:0x00;0x05:0x01;0x05:0x05;0x05:0x08;0x05:0x0E;0x05:0x11;0x05:0x1B;0x05:0x20;0x05:0x23;0x05:0x26;0x05:0x27;0x05:0x29;0x05:0x2A;0x05:0x2B;0x05:0x47;0x05:0x50;0x05:0x57;0x05:0x58;0x05:0x59;0x05:0x5B;0x05:0x5F;0x05:0x69;0x05:0x6E;0x05:0x6F;0x05:0x76;0x05:0x90;0x05:0xB8;0x05:0xC8;0x05:0xD1;0x05:0xD4;0x09:0x40;0x09:0x44;0x09:0x64;0x09:0x6A;0x09:0x6B;0x09:0x6C;0x09:0x80;0x09:0x81;0x09:0x97;0x0A:0x60;0x0A:0x61;0x0A:0x62;0x0A:0x63;0x0A:0x64;0x0A:0x65;0x0A:0x66;0x0A:0x67;0x0A:0x68;0x0A:0x69;0x0A:0x6A;0x0A:0x6B;0x0A:0x6C;0x0A:0x6D;0x0A:0x6E;0x0A:0x6F;0x0A:0x70;0x0A:0x71;0x0A:0x72;0x0A:0x74;0x11:0x00
924,132,MODE1_0132_AHD1080P25_WRITE,MMIO_RESET,96,91,ABORTING->PRODUCT_RECONSTRUCTION_GAP->FATAL_RECOVERY_FAILURE,FATAL_RECOVERY_FAILURE,CALLABLE_RESET_AUTOINIT_OR_PERSISTENT_RECOVERY_CONTEXT_NOT_PROVEN
925,133,MODE1_0133_AHD1080P25_WRITE,FAILURE_BEFORE_WRITE,96,91,ABORTING->UNRESOLVED_REGISTER_GATE->FATAL_RECOVERY_FAILURE,FATAL_RECOVERY_FAILURE,UNRESOLVED_COMMITTED_REGISTERS=0x00:0x00;0x00:0x08;0x00:0x0C;0x00:0x10;0x00:0x14;0x00:0x18;0x00:0x21;0x00:0x22;0x00:0x30;0x00:0x34;0x00:0x3C;0x00:0x40;0x00:0x44;0x00:0x48;0x00:0x4C;0x00:0x50;0x00:0x58;0x00:0x5C;0x00:0x64;0x00:0x89;0x00:0x8E;0x00:0x93;0x00:0xA0;0x00:0xA4;0x01:0xED;0x02:0x02;0x02:0x28;0x02:0x29;0x02:0x2A;0x02:0x2B;0x02:0x2C;0x05:0x00;0x05:0x01;0x05:0x05;0x05:0x08;0x05:0x0E;0x05:0x11;0x05:0x1B;0x05:0x20;0x05:0x23;0x05:0x26;0x05:0x27;0x05:0x29;0x05:0x2A;0x05:0x2B;0x05:0x47;0x05:0x50;0x05:0x57;0x05:0x58;0x05:0x59;0x05:0x5B;0x05:0x5F;0x05:0x69;0x05:0x6E;0x05:0x6F;0x05:0x76;0x05:0x90;0x05:0xB8;0x05:0xC8;0x05:0xD1;0x05:0xD4;0x09:0x40;0x09:0x44;0x09:0x64;0x09:0x6A;0x09:0x6B;0x09:0x6C;0x09:0x80;0x09:0x81;0x09:0x97;0x0A:0x60;0x0A:0x61;0x0A:0x62;0x0A:0x63;0x0A:0x64;0x0A:0x65;0x0A:0x66;0x0A:0x67;0x0A:0x68;0x0A:0x69;0x0A:0x6A;0x0A:0x6B;0x0A:0x6C;0x0A:0x6D;0x0A:0x6E;0x0A:0x6F;0x0A:0x70;0x0A:0x71;0x0A:0x72;0x0A:0x74;0x11:0x00
926,133,MODE1_0133_AHD1080P25_WRITE,NACK_DURING_WRITE,97,92,ABORTING->UNRESOLVED_REGISTER_GATE->FATAL_RECOVERY_FAILURE,FATAL_RECOVERY_FAILURE,UNRESOLVED_COMMITTED_REGISTERS=0x00:0x00;0x00:0x08;0x00:0x0C;0x00:0x10;0x00:0x14;0x00:0x18;0x00:0x21;0x00:0x22;0x00:0x30;0x00:0x34;0x00:0x3C;0x00:0x40;0x00:0x44;0x00:0x48;0x00:0x4C;0x00:0x50;0x00:0x58;0x00:0x5C;0x00:0x64;0x00:0x89;0x00:0x8E;0x00:0x93;0x00:0xA0;0x00:0xA4;0x01:0xED;0x02:0x02;0x02:0x28;0x02:0x29;0x02:0x2A;0x02:0x2B;0x02:0x2C;0x05:0x00;0x05:0x01;0x05:0x05;0x05:0x08;0x05:0x0E;0x05:0x11;0x05:0x1B;0x05:0x20;0x05:0x23;0x05:0x26;0x05:0x27;0x05:0x29;0x05:0x2A;0x05:0x2B;0x05:0x47;0x05:0x50;0x05:0x57;0x05:0x58;0x05:0x59;0x05:0x5B;0x05:0x5F;0x05:0x69;0x05:0x6E;0x05:0x6F;0x05:0x76;0x05:0x90;0x05:0xB8;0x05:0xC8;0x05:0xD1;0x05:0xD4;0x09:0x40;0x09:0x44;0x09:0x64;0x09:0x6A;0x09:0x6B;0x09:0x6C;0x09:0x80;0x09:0x81;0x09:0x97;0x09:0x98;0x0A:0x60;0x0A:0x61;0x0A:0x62;0x0A:0x63;0x0A:0x64;0x0A:0x65;0x0A:0x66;0x0A:0x67;0x0A:0x68;0x0A:0x69;0x0A:0x6A;0x0A:0x6B;0x0A:0x6C;0x0A:0x6D;0x0A:0x6E;0x0A:0x6F;0x0A:0x70;0x0A:0x71;0x0A:0x72;0x0A:0x74;0x11:0x00
927,133,MODE1_0133_AHD1080P25_WRITE,TIMEOUT_DURING_WRITE,97,92,ABORTING->UNRESOLVED_REGISTER_GATE->FATAL_RECOVERY_FAILURE,FATAL_RECOVERY_FAILURE,UNRESOLVED_COMMITTED_REGISTERS=0x00:0x00;0x00:0x08;0x00:0x0C;0x00:0x10;0x00:0x14;0x00:0x18;0x00:0x21;0x00:0x22;0x00:0x30;0x00:0x34;0x00:0x3C;0x00:0x40;0x00:0x44;0x00:0x48;0x00:0x4C;0x00:0x50;0x00:0x58;0x00:0x5C;0x00:0x64;0x00:0x89;0x00:0x8E;0x00:0x93;0x00:0xA0;0x00:0xA4;0x01:0xED;0x02:0x02;0x02:0x28;0x02:0x29;0x02:0x2A;0x02:0x2B;0x02:0x2C;0x05:0x00;0x05:0x01;0x05:0x05;0x05:0x08;0x05:0x0E;0x05:0x11;0x05:0x1B;0x05:0x20;0x05:0x23;0x05:0x26;0x05:0x27;0x05:0x29;0x05:0x2A;0x05:0x2B;0x05:0x47;0x05:0x50;0x05:0x57;0x05:0x58;0x05:0x59;0x05:0x5B;0x05:0x5F;0x05:0x69;0x05:0x6E;0x05:0x6F;0x05:0x76;0x05:0x90;0x05:0xB8;0x05:0xC8;0x05:0xD1;0x05:0xD4;0x09:0x40;0x09:0x44;0x09:0x64;0x09:0x6A;0x09:0x6B;0x09:0x6C;0x09:0x80;0x09:0x81;0x09:0x97;0x09:0x98;0x0A:0x60;0x0A:0x61;0x0A:0x62;0x0A:0x63;0x0A:0x64;0x0A:0x65;0x0A:0x66;0x0A:0x67;0x0A:0x68;0x0A:0x69;0x0A:0x6A;0x0A:0x6B;0x0A:0x6C;0x0A:0x6D;0x0A:0x6E;0x0A:0x6F;0x0A:0x70;0x0A:0x71;0x0A:0x72;0x0A:0x74;0x11:0x00
928,133,MODE1_0133_AHD1080P25_WRITE,READBACK_MISMATCH,97,92,ABORTING->UNRESOLVED_REGISTER_GATE->FATAL_RECOVERY_FAILURE,FATAL_RECOVERY_FAILURE,UNRESOLVED_COMMITTED_REGISTERS=0x00:0x00;0x00:0x08;0x00:0x0C;0x00:0x10;0x00:0x14;0x00:0x18;0x00:0x21;0x00:0x22;0x00:0x30;0x00:0x34;0x00:0x3C;0x00:0x40;0x00:0x44;0x00:0x48;0x00:0x4C;0x00:0x50;0x00:0x58;0x00:0x5C;0x00:0x64;0x00:0x89;0x00:0x8E;0x00:0x93;0x00:0xA0;0x00:0xA4;0x01:0xED;0x02:0x02;0x02:0x28;0x02:0x29;0x02:0x2A;0x02:0x2B;0x02:0x2C;0x05:0x00;0x05:0x01;0x05:0x05;0x05:0x08;0x05:0x0E;0x05:0x11;0x05:0x1B;0x05:0x20;0x05:0x23;0x05:0x26;0x05:0x27;0x05:0x29;0x05:0x2A;0x05:0x2B;0x05:0x47;0x05:0x50;0x05:0x57;0x05:0x58;0x05:0x59;0x05:0x5B;0x05:0x5F;0x05:0x69;0x05:0x6E;0x05:0x6F;0x05:0x76;0x05:0x90;0x05:0xB8;0x05:0xC8;0x05:0xD1;0x05:0xD4;0x09:0x40;0x09:0x44;0x09:0x64;0x09:0x6A;0x09:0x6B;0x09:0x6C;0x09:0x80;0x09:0x81;0x09:0x97;0x09:0x98;0x0A:0x60;0x0A:0x61;0x0A:0x62;0x0A:0x63;0x0A:0x64;0x0A:0x65;0x0A:0x66;0x0A:0x67;0x0A:0x68;0x0A:0x69;0x0A:0x6A;0x0A:0x6B;0x0A:0x6C;0x0A:0x6D;0x0A:0x6E;0x0A:0x6F;0x0A:0x70;0x0A:0x71;0x0A:0x72;0x0A:0x74;0x11:0x00
929,133,MODE1_0133_AHD1080P25_WRITE,RESET_BETWEEN_OPERATIONS,97,92,ABORTING->PRODUCT_RECONSTRUCTION_GAP->FATAL_RECOVERY_FAILURE,FATAL_RECOVERY_FAILURE,CALLABLE_RESET_AUTOINIT_OR_PERSISTENT_RECOVERY_CONTEXT_NOT_PROVEN
930,133,MODE1_0133_AHD1080P25_WRITE,HOST_ABORT,97,92,ABORTING->UNRESOLVED_REGISTER_GATE->FATAL_RECOVERY_FAILURE,FATAL_RECOVERY_FAILURE,UNRESOLVED_COMMITTED_REGISTERS=0x00:0x00;0x00:0x08;0x00:0x0C;0x00:0x10;0x00:0x14;0x00:0x18;0x00:0x21;0x00:0x22;0x00:0x30;0x00:0x34;0x00:0x3C;0x00:0x40;0x00:0x44;0x00:0x48;0x00:0x4C;0x00:0x50;0x00:0x58;0x00:0x5C;0x00:0x64;0x00:0x89;0x00:0x8E;0x00:0x93;0x00:0xA0;0x00:0xA4;0x01:0xED;0x02:0x02;0x02:0x28;0x02:0x29;0x02:0x2A;0x02:0x2B;0x02:0x2C;0x05:0x00;0x05:0x01;0x05:0x05;0x05:0x08;0x05:0x0E;0x05:0x11;0x05:0x1B;0x05:0x20;0x05:0x23;0x05:0x26;0x05:0x27;0x05:0x29;0x05:0x2A;0x05:0x2B;0x05:0x47;0x05:0x50;0x05:0x57;0x05:0x58;0x05:0x59;0x05:0x5B;0x05:0x5F;0x05:0x69;0x05:0x6E;0x05:0x6F;0x05:0x76;0x05:0x90;0x05:0xB8;0x05:0xC8;0x05:0xD1;0x05:0xD4;0x09:0x40;0x09:0x44;0x09:0x64;0x09:0x6A;0x09:0x6B;0x09:0x6C;0x09:0x80;0x09:0x81;0x09:0x97;0x09:0x98;0x0A:0x60;0x0A:0x61;0x0A:0x62;0x0A:0x63;0x0A:0x64;0x0A:0x65;0x0A:0x66;0x0A:0x67;0x0A:0x68;0x0A:0x69;0x0A:0x6A;0x0A:0x6B;0x0A:0x6C;0x0A:0x6D;0x0A:0x6E;0x0A:0x6F;0x0A:0x70;0x0A:0x71;0x0A:0x72;0x0A:0x74;0x11:0x00
931,133,MODE1_0133_AHD1080P25_WRITE,MMIO_RESET,97,92,ABORTING->PRODUCT_RECONSTRUCTION_GAP->FATAL_RECOVERY_FAILURE,FATAL_RECOVERY_FAILURE,CALLABLE_RESET_AUTOINIT_OR_PERSISTENT_RECOVERY_CONTEXT_NOT_PROVEN
932,134,MODE1_0134_AHD1080P25_WRITE,FAILURE_BEFORE_WRITE,97,92,ABORTING->UNRESOLVED_REGISTER_GATE->FATAL_RECOVERY_FAILURE,FATAL_RECOVERY_FAILURE,UNRESOLVED_COMMITTED_REGISTERS=0x00:0x00;0x00:0x08;0x00:0x0C;0x00:0x10;0x00:0x14;0x00:0x18;0x00:0x21;0x00:0x22;0x00:0x30;0x00:0x34;0x00:0x3C;0x00:0x40;0x00:0x44;0x00:0x48;0x00:0x4C;0x00:0x50;0x00:0x58;0x00:0x5C;0x00:0x64;0x00:0x89;0x00:0x8E;0x00:0x93;0x00:0xA0;0x00:0xA4;0x01:0xED;0x02:0x02;0x02:0x28;0x02:0x29;0x02:0x2A;0x02:0x2B;0x02:0x2C;0x05:0x00;0x05:0x01;0x05:0x05;0x05:0x08;0x05:0x0E;0x05:0x11;0x05:0x1B;0x05:0x20;0x05:0x23;0x05:0x26;0x05:0x27;0x05:0x29;0x05:0x2A;0x05:0x2B;0x05:0x47;0x05:0x50;0x05:0x57;0x05:0x58;0x05:0x59;0x05:0x5B;0x05:0x5F;0x05:0x69;0x05:0x6E;0x05:0x6F;0x05:0x76;0x05:0x90;0x05:0xB8;0x05:0xC8;0x05:0xD1;0x05:0xD4;0x09:0x40;0x09:0x44;0x09:0x64;0x09:0x6A;0x09:0x6B;0x09:0x6C;0x09:0x80;0x09:0x81;0x09:0x97;0x09:0x98;0x0A:0x60;0x0A:0x61;0x0A:0x62;0x0A:0x63;0x0A:0x64;0x0A:0x65;0x0A:0x66;0x0A:0x67;0x0A:0x68;0x0A:0x69;0x0A:0x6A;0x0A:0x6B;0x0A:0x6C;0x0A:0x6D;0x0A:0x6E;0x0A:0x6F;0x0A:0x70;0x0A:0x71;0x0A:0x72;0x0A:0x74;0x11:0x00
933,134,MODE1_0134_AHD1080P25_WRITE,NACK_DURING_WRITE,98,93,ABORTING->UNRESOLVED_REGISTER_GATE->FATAL_RECOVERY_FAILURE,FATAL_RECOVERY_FAILURE,UNRESOLVED_COMMITTED_REGISTERS=0x00:0x00;0x00:0x08;0x00:0x0C;0x00:0x10;0x00:0x14;0x00:0x18;0x00:0x21;0x00:0x22;0x00:0x30;0x00:0x34;0x00:0x3C;0x00:0x40;0x00:0x44;0x00:0x48;0x00:0x4C;0x00:0x50;0x00:0x58;0x00:0x5C;0x00:0x64;0x00:0x89;0x00:0x8E;0x00:0x93;0x00:0xA0;0x00:0xA4;0x01:0xED;0x02:0x02;0x02:0x28;0x02:0x29;0x02:0x2A;0x02:0x2B;0x02:0x2C;0x05:0x00;0x05:0x01;0x05:0x05;0x05:0x08;0x05:0x0E;0x05:0x11;0x05:0x1B;0x05:0x20;0x05:0x23;0x05:0x26;0x05:0x27;0x05:0x29;0x05:0x2A;0x05:0x2B;0x05:0x47;0x05:0x50;0x05:0x57;0x05:0x58;0x05:0x59;0x05:0x5B;0x05:0x5F;0x05:0x69;0x05:0x6E;0x05:0x6F;0x05:0x76;0x05:0x90;0x05:0xB8;0x05:0xC8;0x05:0xD1;0x05:0xD4;0x09:0x40;0x09:0x44;0x09:0x64;0x09:0x6A;0x09:0x6B;0x09:0x6C;0x09:0x80;0x09:0x81;0x09:0x97;0x09:0x98;0x09:0x99;0x0A:0x60;0x0A:0x61;0x0A:0x62;0x0A:0x63;0x0A:0x64;0x0A:0x65;0x0A:0x66;0x0A:0x67;0x0A:0x68;0x0A:0x69;0x0A:0x6A;0x0A:0x6B;0x0A:0x6C;0x0A:0x6D;0x0A:0x6E;0x0A:0x6F;0x0A:0x70;0x0A:0x71;0x0A:0x72;0x0A:0x74;0x11:0x00
934,134,MODE1_0134_AHD1080P25_WRITE,TIMEOUT_DURING_WRITE,98,93,ABORTING->UNRESOLVED_REGISTER_GATE->FATAL_RECOVERY_FAILURE,FATAL_RECOVERY_FAILURE,UNRESOLVED_COMMITTED_REGISTERS=0x00:0x00;0x00:0x08;0x00:0x0C;0x00:0x10;0x00:0x14;0x00:0x18;0x00:0x21;0x00:0x22;0x00:0x30;0x00:0x34;0x00:0x3C;0x00:0x40;0x00:0x44;0x00:0x48;0x00:0x4C;0x00:0x50;0x00:0x58;0x00:0x5C;0x00:0x64;0x00:0x89;0x00:0x8E;0x00:0x93;0x00:0xA0;0x00:0xA4;0x01:0xED;0x02:0x02;0x02:0x28;0x02:0x29;0x02:0x2A;0x02:0x2B;0x02:0x2C;0x05:0x00;0x05:0x01;0x05:0x05;0x05:0x08;0x05:0x0E;0x05:0x11;0x05:0x1B;0x05:0x20;0x05:0x23;0x05:0x26;0x05:0x27;0x05:0x29;0x05:0x2A;0x05:0x2B;0x05:0x47;0x05:0x50;0x05:0x57;0x05:0x58;0x05:0x59;0x05:0x5B;0x05:0x5F;0x05:0x69;0x05:0x6E;0x05:0x6F;0x05:0x76;0x05:0x90;0x05:0xB8;0x05:0xC8;0x05:0xD1;0x05:0xD4;0x09:0x40;0x09:0x44;0x09:0x64;0x09:0x6A;0x09:0x6B;0x09:0x6C;0x09:0x80;0x09:0x81;0x09:0x97;0x09:0x98;0x09:0x99;0x0A:0x60;0x0A:0x61;0x0A:0x62;0x0A:0x63;0x0A:0x64;0x0A:0x65;0x0A:0x66;0x0A:0x67;0x0A:0x68;0x0A:0x69;0x0A:0x6A;0x0A:0x6B;0x0A:0x6C;0x0A:0x6D;0x0A:0x6E;0x0A:0x6F;0x0A:0x70;0x0A:0x71;0x0A:0x72;0x0A:0x74;0x11:0x00
935,134,MODE1_0134_AHD1080P25_WRITE,READBACK_MISMATCH,98,93,ABORTING->UNRESOLVED_REGISTER_GATE->FATAL_RECOVERY_FAILURE,FATAL_RECOVERY_FAILURE,UNRESOLVED_COMMITTED_REGISTERS=0x00:0x00;0x00:0x08;0x00:0x0C;0x00:0x10;0x00:0x14;0x00:0x18;0x00:0x21;0x00:0x22;0x00:0x30;0x00:0x34;0x00:0x3C;0x00:0x40;0x00:0x44;0x00:0x48;0x00:0x4C;0x00:0x50;0x00:0x58;0x00:0x5C;0x00:0x64;0x00:0x89;0x00:0x8E;0x00:0x93;0x00:0xA0;0x00:0xA4;0x01:0xED;0x02:0x02;0x02:0x28;0x02:0x29;0x02:0x2A;0x02:0x2B;0x02:0x2C;0x05:0x00;0x05:0x01;0x05:0x05;0x05:0x08;0x05:0x0E;0x05:0x11;0x05:0x1B;0x05:0x20;0x05:0x23;0x05:0x26;0x05:0x27;0x05:0x29;0x05:0x2A;0x05:0x2B;0x05:0x47;0x05:0x50;0x05:0x57;0x05:0x58;0x05:0x59;0x05:0x5B;0x05:0x5F;0x05:0x69;0x05:0x6E;0x05:0x6F;0x05:0x76;0x05:0x90;0x05:0xB8;0x05:0xC8;0x05:0xD1;0x05:0xD4;0x09:0x40;0x09:0x44;0x09:0x64;0x09:0x6A;0x09:0x6B;0x09:0x6C;0x09:0x80;0x09:0x81;0x09:0x97;0x09:0x98;0x09:0x99;0x0A:0x60;0x0A:0x61;0x0A:0x62;0x0A:0x63;0x0A:0x64;0x0A:0x65;0x0A:0x66;0x0A:0x67;0x0A:0x68;0x0A:0x69;0x0A:0x6A;0x0A:0x6B;0x0A:0x6C;0x0A:0x6D;0x0A:0x6E;0x0A:0x6F;0x0A:0x70;0x0A:0x71;0x0A:0x72;0x0A:0x74;0x11:0x00
936,134,MODE1_0134_AHD1080P25_WRITE,RESET_BETWEEN_OPERATIONS,98,93,ABORTING->PRODUCT_RECONSTRUCTION_GAP->FATAL_RECOVERY_FAILURE,FATAL_RECOVERY_FAILURE,CALLABLE_RESET_AUTOINIT_OR_PERSISTENT_RECOVERY_CONTEXT_NOT_PROVEN
937,134,MODE1_0134_AHD1080P25_WRITE,HOST_ABORT,98,93,ABORTING->UNRESOLVED_REGISTER_GATE->FATAL_RECOVERY_FAILURE,FATAL_RECOVERY_FAILURE,UNRESOLVED_COMMITTED_REGISTERS=0x00:0x00;0x00:0x08;0x00:0x0C;0x00:0x10;0x00:0x14;0x00:0x18;0x00:0x21;0x00:0x22;0x00:0x30;0x00:0x34;0x00:0x3C;0x00:0x40;0x00:0x44;0x00:0x48;0x00:0x4C;0x00:0x50;0x00:0x58;0x00:0x5C;0x00:0x64;0x00:0x89;0x00:0x8E;0x00:0x93;0x00:0xA0;0x00:0xA4;0x01:0xED;0x02:0x02;0x02:0x28;0x02:0x29;0x02:0x2A;0x02:0x2B;0x02:0x2C;0x05:0x00;0x05:0x01;0x05:0x05;0x05:0x08;0x05:0x0E;0x05:0x11;0x05:0x1B;0x05:0x20;0x05:0x23;0x05:0x26;0x05:0x27;0x05:0x29;0x05:0x2A;0x05:0x2B;0x05:0x47;0x05:0x50;0x05:0x57;0x05:0x58;0x05:0x59;0x05:0x5B;0x05:0x5F;0x05:0x69;0x05:0x6E;0x05:0x6F;0x05:0x76;0x05:0x90;0x05:0xB8;0x05:0xC8;0x05:0xD1;0x05:0xD4;0x09:0x40;0x09:0x44;0x09:0x64;0x09:0x6A;0x09:0x6B;0x09:0x6C;0x09:0x80;0x09:0x81;0x09:0x97;0x09:0x98;0x09:0x99;0x0A:0x60;0x0A:0x61;0x0A:0x62;0x0A:0x63;0x0A:0x64;0x0A:0x65;0x0A:0x66;0x0A:0x67;0x0A:0x68;0x0A:0x69;0x0A:0x6A;0x0A:0x6B;0x0A:0x6C;0x0A:0x6D;0x0A:0x6E;0x0A:0x6F;0x0A:0x70;0x0A:0x71;0x0A:0x72;0x0A:0x74;0x11:0x00
938,134,MODE1_0134_AHD1080P25_WRITE,MMIO_RESET,98,93,ABORTING->PRODUCT_RECONSTRUCTION_GAP->FATAL_RECOVERY_FAILURE,FATAL_RECOVERY_FAILURE,CALLABLE_RESET_AUTOINIT_OR_PERSISTENT_RECOVERY_CONTEXT_NOT_PROVEN
939,135,MODE1_0135_AHD1080P25_BANK_SELECT,FAILURE_BEFORE_WRITE,98,93,ABORTING->UNRESOLVED_REGISTER_GATE->FATAL_RECOVERY_FAILURE,FATAL_RECOVERY_FAILURE,UNRESOLVED_COMMITTED_REGISTERS=0x00:0x00;0x00:0x08;0x00:0x0C;0x00:0x10;0x00:0x14;0x00:0x18;0x00:0x21;0x00:0x22;0x00:0x30;0x00:0x34;0x00:0x3C;0x00:0x40;0x00:0x44;0x00:0x48;0x00:0x4C;0x00:0x50;0x00:0x58;0x00:0x5C;0x00:0x64;0x00:0x89;0x00:0x8E;0x00:0x93;0x00:0xA0;0x00:0xA4;0x01:0xED;0x02:0x02;0x02:0x28;0x02:0x29;0x02:0x2A;0x02:0x2B;0x02:0x2C;0x05:0x00;0x05:0x01;0x05:0x05;0x05:0x08;0x05:0x0E;0x05:0x11;0x05:0x1B;0x05:0x20;0x05:0x23;0x05:0x26;0x05:0x27;0x05:0x29;0x05:0x2A;0x05:0x2B;0x05:0x47;0x05:0x50;0x05:0x57;0x05:0x58;0x05:0x59;0x05:0x5B;0x05:0x5F;0x05:0x69;0x05:0x6E;0x05:0x6F;0x05:0x76;0x05:0x90;0x05:0xB8;0x05:0xC8;0x05:0xD1;0x05:0xD4;0x09:0x40;0x09:0x44;0x09:0x64;0x09:0x6A;0x09:0x6B;0x09:0x6C;0x09:0x80;0x09:0x81;0x09:0x97;0x09:0x98;0x09:0x99;0x0A:0x60;0x0A:0x61;0x0A:0x62;0x0A:0x63;0x0A:0x64;0x0A:0x65;0x0A:0x66;0x0A:0x67;0x0A:0x68;0x0A:0x69;0x0A:0x6A;0x0A:0x6B;0x0A:0x6C;0x0A:0x6D;0x0A:0x6E;0x0A:0x6F;0x0A:0x70;0x0A:0x71;0x0A:0x72;0x0A:0x74;0x11:0x00
940,135,MODE1_0135_AHD1080P25_BANK_SELECT,NACK_DURING_WRITE,98,93,ABORTING->UNRESOLVED_REGISTER_GATE->FATAL_RECOVERY_FAILURE,FATAL_RECOVERY_FAILURE,UNRESOLVED_COMMITTED_REGISTERS=0x00:0x00;0x00:0x08;0x00:0x0C;0x00:0x10;0x00:0x14;0x00:0x18;0x00:0x21;0x00:0x22;0x00:0x30;0x00:0x34;0x00:0x3C;0x00:0x40;0x00:0x44;0x00:0x48;0x00:0x4C;0x00:0x50;0x00:0x58;0x00:0x5C;0x00:0x64;0x00:0x89;0x00:0x8E;0x00:0x93;0x00:0xA0;0x00:0xA4;0x01:0xED;0x02:0x02;0x02:0x28;0x02:0x29;0x02:0x2A;0x02:0x2B;0x02:0x2C;0x05:0x00;0x05:0x01;0x05:0x05;0x05:0x08;0x05:0x0E;0x05:0x11;0x05:0x1B;0x05:0x20;0x05:0x23;0x05:0x26;0x05:0x27;0x05:0x29;0x05:0x2A;0x05:0x2B;0x05:0x47;0x05:0x50;0x05:0x57;0x05:0x58;0x05:0x59;0x05:0x5B;0x05:0x5F;0x05:0x69;0x05:0x6E;0x05:0x6F;0x05:0x76;0x05:0x90;0x05:0xB8;0x05:0xC8;0x05:0xD1;0x05:0xD4;0x09:0x40;0x09:0x44;0x09:0x64;0x09:0x6A;0x09:0x6B;0x09:0x6C;0x09:0x80;0x09:0x81;0x09:0x97;0x09:0x98;0x09:0x99;0x0A:0x60;0x0A:0x61;0x0A:0x62;0x0A:0x63;0x0A:0x64;0x0A:0x65;0x0A:0x66;0x0A:0x67;0x0A:0x68;0x0A:0x69;0x0A:0x6A;0x0A:0x6B;0x0A:0x6C;0x0A:0x6D;0x0A:0x6E;0x0A:0x6F;0x0A:0x70;0x0A:0x71;0x0A:0x72;0x0A:0x74;0x11:0x00
941,135,MODE1_0135_AHD1080P25_BANK_SELECT,TIMEOUT_DURING_WRITE,98,93,ABORTING->UNRESOLVED_REGISTER_GATE->FATAL_RECOVERY_FAILURE,FATAL_RECOVERY_FAILURE,UNRESOLVED_COMMITTED_REGISTERS=0x00:0x00;0x00:0x08;0x00:0x0C;0x00:0x10;0x00:0x14;0x00:0x18;0x00:0x21;0x00:0x22;0x00:0x30;0x00:0x34;0x00:0x3C;0x00:0x40;0x00:0x44;0x00:0x48;0x00:0x4C;0x00:0x50;0x00:0x58;0x00:0x5C;0x00:0x64;0x00:0x89;0x00:0x8E;0x00:0x93;0x00:0xA0;0x00:0xA4;0x01:0xED;0x02:0x02;0x02:0x28;0x02:0x29;0x02:0x2A;0x02:0x2B;0x02:0x2C;0x05:0x00;0x05:0x01;0x05:0x05;0x05:0x08;0x05:0x0E;0x05:0x11;0x05:0x1B;0x05:0x20;0x05:0x23;0x05:0x26;0x05:0x27;0x05:0x29;0x05:0x2A;0x05:0x2B;0x05:0x47;0x05:0x50;0x05:0x57;0x05:0x58;0x05:0x59;0x05:0x5B;0x05:0x5F;0x05:0x69;0x05:0x6E;0x05:0x6F;0x05:0x76;0x05:0x90;0x05:0xB8;0x05:0xC8;0x05:0xD1;0x05:0xD4;0x09:0x40;0x09:0x44;0x09:0x64;0x09:0x6A;0x09:0x6B;0x09:0x6C;0x09:0x80;0x09:0x81;0x09:0x97;0x09:0x98;0x09:0x99;0x0A:0x60;0x0A:0x61;0x0A:0x62;0x0A:0x63;0x0A:0x64;0x0A:0x65;0x0A:0x66;0x0A:0x67;0x0A:0x68;0x0A:0x69;0x0A:0x6A;0x0A:0x6B;0x0A:0x6C;0x0A:0x6D;0x0A:0x6E;0x0A:0x6F;0x0A:0x70;0x0A:0x71;0x0A:0x72;0x0A:0x74;0x11:0x00
942,135,MODE1_0135_AHD1080P25_BANK_SELECT,READBACK_MISMATCH,98,93,ABORTING->UNRESOLVED_REGISTER_GATE->FATAL_RECOVERY_FAILURE,FATAL_RECOVERY_FAILURE,UNRESOLVED_COMMITTED_REGISTERS=0x00:0x00;0x00:0x08;0x00:0x0C;0x00:0x10;0x00:0x14;0x00:0x18;0x00:0x21;0x00:0x22;0x00:0x30;0x00:0x34;0x00:0x3C;0x00:0x40;0x00:0x44;0x00:0x48;0x00:0x4C;0x00:0x50;0x00:0x58;0x00:0x5C;0x00:0x64;0x00:0x89;0x00:0x8E;0x00:0x93;0x00:0xA0;0x00:0xA4;0x01:0xED;0x02:0x02;0x02:0x28;0x02:0x29;0x02:0x2A;0x02:0x2B;0x02:0x2C;0x05:0x00;0x05:0x01;0x05:0x05;0x05:0x08;0x05:0x0E;0x05:0x11;0x05:0x1B;0x05:0x20;0x05:0x23;0x05:0x26;0x05:0x27;0x05:0x29;0x05:0x2A;0x05:0x2B;0x05:0x47;0x05:0x50;0x05:0x57;0x05:0x58;0x05:0x59;0x05:0x5B;0x05:0x5F;0x05:0x69;0x05:0x6E;0x05:0x6F;0x05:0x76;0x05:0x90;0x05:0xB8;0x05:0xC8;0x05:0xD1;0x05:0xD4;0x09:0x40;0x09:0x44;0x09:0x64;0x09:0x6A;0x09:0x6B;0x09:0x6C;0x09:0x80;0x09:0x81;0x09:0x97;0x09:0x98;0x09:0x99;0x0A:0x60;0x0A:0x61;0x0A:0x62;0x0A:0x63;0x0A:0x64;0x0A:0x65;0x0A:0x66;0x0A:0x67;0x0A:0x68;0x0A:0x69;0x0A:0x6A;0x0A:0x6B;0x0A:0x6C;0x0A:0x6D;0x0A:0x6E;0x0A:0x6F;0x0A:0x70;0x0A:0x71;0x0A:0x72;0x0A:0x74;0x11:0x00
943,135,MODE1_0135_AHD1080P25_BANK_SELECT,RESET_BETWEEN_OPERATIONS,98,93,ABORTING->PRODUCT_RECONSTRUCTION_GAP->FATAL_RECOVERY_FAILURE,FATAL_RECOVERY_FAILURE,CALLABLE_RESET_AUTOINIT_OR_PERSISTENT_RECOVERY_CONTEXT_NOT_PROVEN
944,135,MODE1_0135_AHD1080P25_BANK_SELECT,HOST_ABORT,98,93,ABORTING->UNRESOLVED_REGISTER_GATE->FATAL_RECOVERY_FAILURE,FATAL_RECOVERY_FAILURE,UNRESOLVED_COMMITTED_REGISTERS=0x00:0x00;0x00:0x08;0x00:0x0C;0x00:0x10;0x00:0x14;0x00:0x18;0x00:0x21;0x00:0x22;0x00:0x30;0x00:0x34;0x00:0x3C;0x00:0x40;0x00:0x44;0x00:0x48;0x00:0x4C;0x00:0x50;0x00:0x58;0x00:0x5C;0x00:0x64;0x00:0x89;0x00:0x8E;0x00:0x93;0x00:0xA0;0x00:0xA4;0x01:0xED;0x02:0x02;0x02:0x28;0x02:0x29;0x02:0x2A;0x02:0x2B;0x02:0x2C;0x05:0x00;0x05:0x01;0x05:0x05;0x05:0x08;0x05:0x0E;0x05:0x11;0x05:0x1B;0x05:0x20;0x05:0x23;0x05:0x26;0x05:0x27;0x05:0x29;0x05:0x2A;0x05:0x2B;0x05:0x47;0x05:0x50;0x05:0x57;0x05:0x58;0x05:0x59;0x05:0x5B;0x05:0x5F;0x05:0x69;0x05:0x6E;0x05:0x6F;0x05:0x76;0x05:0x90;0x05:0xB8;0x05:0xC8;0x05:0xD1;0x05:0xD4;0x09:0x40;0x09:0x44;0x09:0x64;0x09:0x6A;0x09:0x6B;0x09:0x6C;0x09:0x80;0x09:0x81;0x09:0x97;0x09:0x98;0x09:0x99;0x0A:0x60;0x0A:0x61;0x0A:0x62;0x0A:0x63;0x0A:0x64;0x0A:0x65;0x0A:0x66;0x0A:0x67;0x0A:0x68;0x0A:0x69;0x0A:0x6A;0x0A:0x6B;0x0A:0x6C;0x0A:0x6D;0x0A:0x6E;0x0A:0x6F;0x0A:0x70;0x0A:0x71;0x0A:0x72;0x0A:0x74;0x11:0x00
945,135,MODE1_0135_AHD1080P25_BANK_SELECT,MMIO_RESET,98,93,ABORTING->PRODUCT_RECONSTRUCTION_GAP->FATAL_RECOVERY_FAILURE,FATAL_RECOVERY_FAILURE,CALLABLE_RESET_AUTOINIT_OR_PERSISTENT_RECOVERY_CONTEXT_NOT_PROVEN
946,136,MODE1_0136_AHD1080P25_WRITE,FAILURE_BEFORE_WRITE,98,93,ABORTING->UNRESOLVED_REGISTER_GATE->FATAL_RECOVERY_FAILURE,FATAL_RECOVERY_FAILURE,UNRESOLVED_COMMITTED_REGISTERS=0x00:0x00;0x00:0x08;0x00:0x0C;0x00:0x10;0x00:0x14;0x00:0x18;0x00:0x21;0x00:0x22;0x00:0x30;0x00:0x34;0x00:0x3C;0x00:0x40;0x00:0x44;0x00:0x48;0x00:0x4C;0x00:0x50;0x00:0x58;0x00:0x5C;0x00:0x64;0x00:0x89;0x00:0x8E;0x00:0x93;0x00:0xA0;0x00:0xA4;0x01:0xED;0x02:0x02;0x02:0x28;0x02:0x29;0x02:0x2A;0x02:0x2B;0x02:0x2C;0x05:0x00;0x05:0x01;0x05:0x05;0x05:0x08;0x05:0x0E;0x05:0x11;0x05:0x1B;0x05:0x20;0x05:0x23;0x05:0x26;0x05:0x27;0x05:0x29;0x05:0x2A;0x05:0x2B;0x05:0x47;0x05:0x50;0x05:0x57;0x05:0x58;0x05:0x59;0x05:0x5B;0x05:0x5F;0x05:0x69;0x05:0x6E;0x05:0x6F;0x05:0x76;0x05:0x90;0x05:0xB8;0x05:0xC8;0x05:0xD1;0x05:0xD4;0x09:0x40;0x09:0x44;0x09:0x64;0x09:0x6A;0x09:0x6B;0x09:0x6C;0x09:0x80;0x09:0x81;0x09:0x97;0x09:0x98;0x09:0x99;0x0A:0x60;0x0A:0x61;0x0A:0x62;0x0A:0x63;0x0A:0x64;0x0A:0x65;0x0A:0x66;0x0A:0x67;0x0A:0x68;0x0A:0x69;0x0A:0x6A;0x0A:0x6B;0x0A:0x6C;0x0A:0x6D;0x0A:0x6E;0x0A:0x6F;0x0A:0x70;0x0A:0x71;0x0A:0x72;0x0A:0x74;0x11:0x00
947,136,MODE1_0136_AHD1080P25_WRITE,NACK_DURING_WRITE,98,93,ABORTING->UNRESOLVED_REGISTER_GATE->FATAL_RECOVERY_FAILURE,FATAL_RECOVERY_FAILURE,UNRESOLVED_COMMITTED_REGISTERS=0x00:0x00;0x00:0x08;0x00:0x0C;0x00:0x10;0x00:0x14;0x00:0x18;0x00:0x21;0x00:0x22;0x00:0x30;0x00:0x34;0x00:0x3C;0x00:0x40;0x00:0x44;0x00:0x48;0x00:0x4C;0x00:0x50;0x00:0x58;0x00:0x5C;0x00:0x64;0x00:0x89;0x00:0x8E;0x00:0x93;0x00:0xA0;0x00:0xA4;0x01:0xED;0x02:0x02;0x02:0x28;0x02:0x29;0x02:0x2A;0x02:0x2B;0x02:0x2C;0x05:0x00;0x05:0x01;0x05:0x05;0x05:0x08;0x05:0x0E;0x05:0x11;0x05:0x1B;0x05:0x20;0x05:0x23;0x05:0x26;0x05:0x27;0x05:0x29;0x05:0x2A;0x05:0x2B;0x05:0x47;0x05:0x50;0x05:0x57;0x05:0x58;0x05:0x59;0x05:0x5B;0x05:0x5F;0x05:0x69;0x05:0x6E;0x05:0x6F;0x05:0x76;0x05:0x90;0x05:0xB8;0x05:0xC8;0x05:0xD1;0x05:0xD4;0x09:0x40;0x09:0x44;0x09:0x64;0x09:0x6A;0x09:0x6B;0x09:0x6C;0x09:0x80;0x09:0x81;0x09:0x97;0x09:0x98;0x09:0x99;0x0A:0x60;0x0A:0x61;0x0A:0x62;0x0A:0x63;0x0A:0x64;0x0A:0x65;0x0A:0x66;0x0A:0x67;0x0A:0x68;0x0A:0x69;0x0A:0x6A;0x0A:0x6B;0x0A:0x6C;0x0A:0x6D;0x0A:0x6E;0x0A:0x6F;0x0A:0x70;0x0A:0x71;0x0A:0x72;0x0A:0x74;0x11:0x00
948,136,MODE1_0136_AHD1080P25_WRITE,TIMEOUT_DURING_WRITE,98,93,ABORTING->UNRESOLVED_REGISTER_GATE->FATAL_RECOVERY_FAILURE,FATAL_RECOVERY_FAILURE,UNRESOLVED_COMMITTED_REGISTERS=0x00:0x00;0x00:0x08;0x00:0x0C;0x00:0x10;0x00:0x14;0x00:0x18;0x00:0x21;0x00:0x22;0x00:0x30;0x00:0x34;0x00:0x3C;0x00:0x40;0x00:0x44;0x00:0x48;0x00:0x4C;0x00:0x50;0x00:0x58;0x00:0x5C;0x00:0x64;0x00:0x89;0x00:0x8E;0x00:0x93;0x00:0xA0;0x00:0xA4;0x01:0xED;0x02:0x02;0x02:0x28;0x02:0x29;0x02:0x2A;0x02:0x2B;0x02:0x2C;0x05:0x00;0x05:0x01;0x05:0x05;0x05:0x08;0x05:0x0E;0x05:0x11;0x05:0x1B;0x05:0x20;0x05:0x23;0x05:0x26;0x05:0x27;0x05:0x29;0x05:0x2A;0x05:0x2B;0x05:0x47;0x05:0x50;0x05:0x57;0x05:0x58;0x05:0x59;0x05:0x5B;0x05:0x5F;0x05:0x69;0x05:0x6E;0x05:0x6F;0x05:0x76;0x05:0x90;0x05:0xB8;0x05:0xC8;0x05:0xD1;0x05:0xD4;0x09:0x40;0x09:0x44;0x09:0x64;0x09:0x6A;0x09:0x6B;0x09:0x6C;0x09:0x80;0x09:0x81;0x09:0x97;0x09:0x98;0x09:0x99;0x0A:0x60;0x0A:0x61;0x0A:0x62;0x0A:0x63;0x0A:0x64;0x0A:0x65;0x0A:0x66;0x0A:0x67;0x0A:0x68;0x0A:0x69;0x0A:0x6A;0x0A:0x6B;0x0A:0x6C;0x0A:0x6D;0x0A:0x6E;0x0A:0x6F;0x0A:0x70;0x0A:0x71;0x0A:0x72;0x0A:0x74;0x11:0x00
949,136,MODE1_0136_AHD1080P25_WRITE,READBACK_MISMATCH,98,93,ABORTING->UNRESOLVED_REGISTER_GATE->FATAL_RECOVERY_FAILURE,FATAL_RECOVERY_FAILURE,UNRESOLVED_COMMITTED_REGISTERS=0x00:0x00;0x00:0x08;0x00:0x0C;0x00:0x10;0x00:0x14;0x00:0x18;0x00:0x21;0x00:0x22;0x00:0x30;0x00:0x34;0x00:0x3C;0x00:0x40;0x00:0x44;0x00:0x48;0x00:0x4C;0x00:0x50;0x00:0x58;0x00:0x5C;0x00:0x64;0x00:0x89;0x00:0x8E;0x00:0x93;0x00:0xA0;0x00:0xA4;0x01:0xED;0x02:0x02;0x02:0x28;0x02:0x29;0x02:0x2A;0x02:0x2B;0x02:0x2C;0x05:0x00;0x05:0x01;0x05:0x05;0x05:0x08;0x05:0x0E;0x05:0x11;0x05:0x1B;0x05:0x20;0x05:0x23;0x05:0x26;0x05:0x27;0x05:0x29;0x05:0x2A;0x05:0x2B;0x05:0x47;0x05:0x50;0x05:0x57;0x05:0x58;0x05:0x59;0x05:0x5B;0x05:0x5F;0x05:0x69;0x05:0x6E;0x05:0x6F;0x05:0x76;0x05:0x90;0x05:0xB8;0x05:0xC8;0x05:0xD1;0x05:0xD4;0x09:0x40;0x09:0x44;0x09:0x64;0x09:0x6A;0x09:0x6B;0x09:0x6C;0x09:0x80;0x09:0x81;0x09:0x97;0x09:0x98;0x09:0x99;0x0A:0x60;0x0A:0x61;0x0A:0x62;0x0A:0x63;0x0A:0x64;0x0A:0x65;0x0A:0x66;0x0A:0x67;0x0A:0x68;0x0A:0x69;0x0A:0x6A;0x0A:0x6B;0x0A:0x6C;0x0A:0x6D;0x0A:0x6E;0x0A:0x6F;0x0A:0x70;0x0A:0x71;0x0A:0x72;0x0A:0x74;0x11:0x00
950,136,MODE1_0136_AHD1080P25_WRITE,RESET_BETWEEN_OPERATIONS,98,93,ABORTING->PRODUCT_RECONSTRUCTION_GAP->FATAL_RECOVERY_FAILURE,FATAL_RECOVERY_FAILURE,CALLABLE_RESET_AUTOINIT_OR_PERSISTENT_RECOVERY_CONTEXT_NOT_PROVEN
951,136,MODE1_0136_AHD1080P25_WRITE,HOST_ABORT,98,93,ABORTING->UNRESOLVED_REGISTER_GATE->FATAL_RECOVERY_FAILURE,FATAL_RECOVERY_FAILURE,UNRESOLVED_COMMITTED_REGISTERS=0x00:0x00;0x00:0x08;0x00:0x0C;0x00:0x10;0x00:0x14;0x00:0x18;0x00:0x21;0x00:0x22;0x00:0x30;0x00:0x34;0x00:0x3C;0x00:0x40;0x00:0x44;0x00:0x48;0x00:0x4C;0x00:0x50;0x00:0x58;0x00:0x5C;0x00:0x64;0x00:0x89;0x00:0x8E;0x00:0x93;0x00:0xA0;0x00:0xA4;0x01:0xED;0x02:0x02;0x02:0x28;0x02:0x29;0x02:0x2A;0x02:0x2B;0x02:0x2C;0x05:0x00;0x05:0x01;0x05:0x05;0x05:0x08;0x05:0x0E;0x05:0x11;0x05:0x1B;0x05:0x20;0x05:0x23;0x05:0x26;0x05:0x27;0x05:0x29;0x05:0x2A;0x05:0x2B;0x05:0x47;0x05:0x50;0x05:0x57;0x05:0x58;0x05:0x59;0x05:0x5B;0x05:0x5F;0x05:0x69;0x05:0x6E;0x05:0x6F;0x05:0x76;0x05:0x90;0x05:0xB8;0x05:0xC8;0x05:0xD1;0x05:0xD4;0x09:0x40;0x09:0x44;0x09:0x64;0x09:0x6A;0x09:0x6B;0x09:0x6C;0x09:0x80;0x09:0x81;0x09:0x97;0x09:0x98;0x09:0x99;0x0A:0x60;0x0A:0x61;0x0A:0x62;0x0A:0x63;0x0A:0x64;0x0A:0x65;0x0A:0x66;0x0A:0x67;0x0A:0x68;0x0A:0x69;0x0A:0x6A;0x0A:0x6B;0x0A:0x6C;0x0A:0x6D;0x0A:0x6E;0x0A:0x6F;0x0A:0x70;0x0A:0x71;0x0A:0x72;0x0A:0x74;0x11:0x00
952,136,MODE1_0136_AHD1080P25_WRITE,MMIO_RESET,98,93,ABORTING->PRODUCT_RECONSTRUCTION_GAP->FATAL_RECOVERY_FAILURE,FATAL_RECOVERY_FAILURE,CALLABLE_RESET_AUTOINIT_OR_PERSISTENT_RECOVERY_CONTEXT_NOT_PROVEN
953,137,MODE1_0137_AHD1080P25_WRITE,FAILURE_BEFORE_WRITE,98,93,ABORTING->UNRESOLVED_REGISTER_GATE->FATAL_RECOVERY_FAILURE,FATAL_RECOVERY_FAILURE,UNRESOLVED_COMMITTED_REGISTERS=0x00:0x00;0x00:0x08;0x00:0x0C;0x00:0x10;0x00:0x14;0x00:0x18;0x00:0x21;0x00:0x22;0x00:0x30;0x00:0x34;0x00:0x3C;0x00:0x40;0x00:0x44;0x00:0x48;0x00:0x4C;0x00:0x50;0x00:0x58;0x00:0x5C;0x00:0x64;0x00:0x89;0x00:0x8E;0x00:0x93;0x00:0xA0;0x00:0xA4;0x01:0xED;0x02:0x02;0x02:0x28;0x02:0x29;0x02:0x2A;0x02:0x2B;0x02:0x2C;0x05:0x00;0x05:0x01;0x05:0x05;0x05:0x08;0x05:0x0E;0x05:0x11;0x05:0x1B;0x05:0x20;0x05:0x23;0x05:0x26;0x05:0x27;0x05:0x29;0x05:0x2A;0x05:0x2B;0x05:0x47;0x05:0x50;0x05:0x57;0x05:0x58;0x05:0x59;0x05:0x5B;0x05:0x5F;0x05:0x69;0x05:0x6E;0x05:0x6F;0x05:0x76;0x05:0x90;0x05:0xB8;0x05:0xC8;0x05:0xD1;0x05:0xD4;0x09:0x40;0x09:0x44;0x09:0x64;0x09:0x6A;0x09:0x6B;0x09:0x6C;0x09:0x80;0x09:0x81;0x09:0x97;0x09:0x98;0x09:0x99;0x0A:0x60;0x0A:0x61;0x0A:0x62;0x0A:0x63;0x0A:0x64;0x0A:0x65;0x0A:0x66;0x0A:0x67;0x0A:0x68;0x0A:0x69;0x0A:0x6A;0x0A:0x6B;0x0A:0x6C;0x0A:0x6D;0x0A:0x6E;0x0A:0x6F;0x0A:0x70;0x0A:0x71;0x0A:0x72;0x0A:0x74;0x11:0x00
954,137,MODE1_0137_AHD1080P25_WRITE,NACK_DURING_WRITE,98,93,ABORTING->UNRESOLVED_REGISTER_GATE->FATAL_RECOVERY_FAILURE,FATAL_RECOVERY_FAILURE,UNRESOLVED_COMMITTED_REGISTERS=0x00:0x00;0x00:0x08;0x00:0x0C;0x00:0x10;0x00:0x14;0x00:0x18;0x00:0x21;0x00:0x22;0x00:0x30;0x00:0x34;0x00:0x3C;0x00:0x40;0x00:0x44;0x00:0x48;0x00:0x4C;0x00:0x50;0x00:0x58;0x00:0x5C;0x00:0x64;0x00:0x89;0x00:0x8E;0x00:0x93;0x00:0xA0;0x00:0xA4;0x01:0xED;0x02:0x02;0x02:0x28;0x02:0x29;0x02:0x2A;0x02:0x2B;0x02:0x2C;0x05:0x00;0x05:0x01;0x05:0x05;0x05:0x08;0x05:0x0E;0x05:0x11;0x05:0x1B;0x05:0x20;0x05:0x23;0x05:0x26;0x05:0x27;0x05:0x29;0x05:0x2A;0x05:0x2B;0x05:0x47;0x05:0x50;0x05:0x57;0x05:0x58;0x05:0x59;0x05:0x5B;0x05:0x5F;0x05:0x69;0x05:0x6E;0x05:0x6F;0x05:0x76;0x05:0x90;0x05:0xB8;0x05:0xC8;0x05:0xD1;0x05:0xD4;0x09:0x40;0x09:0x44;0x09:0x64;0x09:0x6A;0x09:0x6B;0x09:0x6C;0x09:0x80;0x09:0x81;0x09:0x97;0x09:0x98;0x09:0x99;0x0A:0x60;0x0A:0x61;0x0A:0x62;0x0A:0x63;0x0A:0x64;0x0A:0x65;0x0A:0x66;0x0A:0x67;0x0A:0x68;0x0A:0x69;0x0A:0x6A;0x0A:0x6B;0x0A:0x6C;0x0A:0x6D;0x0A:0x6E;0x0A:0x6F;0x0A:0x70;0x0A:0x71;0x0A:0x72;0x0A:0x74;0x11:0x00
955,137,MODE1_0137_AHD1080P25_WRITE,TIMEOUT_DURING_WRITE,98,93,ABORTING->UNRESOLVED_REGISTER_GATE->FATAL_RECOVERY_FAILURE,FATAL_RECOVERY_FAILURE,UNRESOLVED_COMMITTED_REGISTERS=0x00:0x00;0x00:0x08;0x00:0x0C;0x00:0x10;0x00:0x14;0x00:0x18;0x00:0x21;0x00:0x22;0x00:0x30;0x00:0x34;0x00:0x3C;0x00:0x40;0x00:0x44;0x00:0x48;0x00:0x4C;0x00:0x50;0x00:0x58;0x00:0x5C;0x00:0x64;0x00:0x89;0x00:0x8E;0x00:0x93;0x00:0xA0;0x00:0xA4;0x01:0xED;0x02:0x02;0x02:0x28;0x02:0x29;0x02:0x2A;0x02:0x2B;0x02:0x2C;0x05:0x00;0x05:0x01;0x05:0x05;0x05:0x08;0x05:0x0E;0x05:0x11;0x05:0x1B;0x05:0x20;0x05:0x23;0x05:0x26;0x05:0x27;0x05:0x29;0x05:0x2A;0x05:0x2B;0x05:0x47;0x05:0x50;0x05:0x57;0x05:0x58;0x05:0x59;0x05:0x5B;0x05:0x5F;0x05:0x69;0x05:0x6E;0x05:0x6F;0x05:0x76;0x05:0x90;0x05:0xB8;0x05:0xC8;0x05:0xD1;0x05:0xD4;0x09:0x40;0x09:0x44;0x09:0x64;0x09:0x6A;0x09:0x6B;0x09:0x6C;0x09:0x80;0x09:0x81;0x09:0x97;0x09:0x98;0x09:0x99;0x0A:0x60;0x0A:0x61;0x0A:0x62;0x0A:0x63;0x0A:0x64;0x0A:0x65;0x0A:0x66;0x0A:0x67;0x0A:0x68;0x0A:0x69;0x0A:0x6A;0x0A:0x6B;0x0A:0x6C;0x0A:0x6D;0x0A:0x6E;0x0A:0x6F;0x0A:0x70;0x0A:0x71;0x0A:0x72;0x0A:0x74;0x11:0x00
956,137,MODE1_0137_AHD1080P25_WRITE,READBACK_MISMATCH,98,93,ABORTING->UNRESOLVED_REGISTER_GATE->FATAL_RECOVERY_FAILURE,FATAL_RECOVERY_FAILURE,UNRESOLVED_COMMITTED_REGISTERS=0x00:0x00;0x00:0x08;0x00:0x0C;0x00:0x10;0x00:0x14;0x00:0x18;0x00:0x21;0x00:0x22;0x00:0x30;0x00:0x34;0x00:0x3C;0x00:0x40;0x00:0x44;0x00:0x48;0x00:0x4C;0x00:0x50;0x00:0x58;0x00:0x5C;0x00:0x64;0x00:0x89;0x00:0x8E;0x00:0x93;0x00:0xA0;0x00:0xA4;0x01:0xED;0x02:0x02;0x02:0x28;0x02:0x29;0x02:0x2A;0x02:0x2B;0x02:0x2C;0x05:0x00;0x05:0x01;0x05:0x05;0x05:0x08;0x05:0x0E;0x05:0x11;0x05:0x1B;0x05:0x20;0x05:0x23;0x05:0x26;0x05:0x27;0x05:0x29;0x05:0x2A;0x05:0x2B;0x05:0x47;0x05:0x50;0x05:0x57;0x05:0x58;0x05:0x59;0x05:0x5B;0x05:0x5F;0x05:0x69;0x05:0x6E;0x05:0x6F;0x05:0x76;0x05:0x90;0x05:0xB8;0x05:0xC8;0x05:0xD1;0x05:0xD4;0x09:0x40;0x09:0x44;0x09:0x64;0x09:0x6A;0x09:0x6B;0x09:0x6C;0x09:0x80;0x09:0x81;0x09:0x97;0x09:0x98;0x09:0x99;0x0A:0x60;0x0A:0x61;0x0A:0x62;0x0A:0x63;0x0A:0x64;0x0A:0x65;0x0A:0x66;0x0A:0x67;0x0A:0x68;0x0A:0x69;0x0A:0x6A;0x0A:0x6B;0x0A:0x6C;0x0A:0x6D;0x0A:0x6E;0x0A:0x6F;0x0A:0x70;0x0A:0x71;0x0A:0x72;0x0A:0x74;0x11:0x00
957,137,MODE1_0137_AHD1080P25_WRITE,RESET_BETWEEN_OPERATIONS,98,93,ABORTING->PRODUCT_RECONSTRUCTION_GAP->FATAL_RECOVERY_FAILURE,FATAL_RECOVERY_FAILURE,CALLABLE_RESET_AUTOINIT_OR_PERSISTENT_RECOVERY_CONTEXT_NOT_PROVEN
958,137,MODE1_0137_AHD1080P25_WRITE,HOST_ABORT,98,93,ABORTING->UNRESOLVED_REGISTER_GATE->FATAL_RECOVERY_FAILURE,FATAL_RECOVERY_FAILURE,UNRESOLVED_COMMITTED_REGISTERS=0x00:0x00;0x00:0x08;0x00:0x0C;0x00:0x10;0x00:0x14;0x00:0x18;0x00:0x21;0x00:0x22;0x00:0x30;0x00:0x34;0x00:0x3C;0x00:0x40;0x00:0x44;0x00:0x48;0x00:0x4C;0x00:0x50;0x00:0x58;0x00:0x5C;0x00:0x64;0x00:0x89;0x00:0x8E;0x00:0x93;0x00:0xA0;0x00:0xA4;0x01:0xED;0x02:0x02;0x02:0x28;0x02:0x29;0x02:0x2A;0x02:0x2B;0x02:0x2C;0x05:0x00;0x05:0x01;0x05:0x05;0x05:0x08;0x05:0x0E;0x05:0x11;0x05:0x1B;0x05:0x20;0x05:0x23;0x05:0x26;0x05:0x27;0x05:0x29;0x05:0x2A;0x05:0x2B;0x05:0x47;0x05:0x50;0x05:0x57;0x05:0x58;0x05:0x59;0x05:0x5B;0x05:0x5F;0x05:0x69;0x05:0x6E;0x05:0x6F;0x05:0x76;0x05:0x90;0x05:0xB8;0x05:0xC8;0x05:0xD1;0x05:0xD4;0x09:0x40;0x09:0x44;0x09:0x64;0x09:0x6A;0x09:0x6B;0x09:0x6C;0x09:0x80;0x09:0x81;0x09:0x97;0x09:0x98;0x09:0x99;0x0A:0x60;0x0A:0x61;0x0A:0x62;0x0A:0x63;0x0A:0x64;0x0A:0x65;0x0A:0x66;0x0A:0x67;0x0A:0x68;0x0A:0x69;0x0A:0x6A;0x0A:0x6B;0x0A:0x6C;0x0A:0x6D;0x0A:0x6E;0x0A:0x6F;0x0A:0x70;0x0A:0x71;0x0A:0x72;0x0A:0x74;0x11:0x00
959,137,MODE1_0137_AHD1080P25_WRITE,MMIO_RESET,98,93,ABORTING->PRODUCT_RECONSTRUCTION_GAP->FATAL_RECOVERY_FAILURE,FATAL_RECOVERY_FAILURE,CALLABLE_RESET_AUTOINIT_OR_PERSISTENT_RECOVERY_CONTEXT_NOT_PROVEN
960,138,MODE1_0138_AHD1080P25_WRITE,FAILURE_BEFORE_WRITE,98,93,ABORTING->UNRESOLVED_REGISTER_GATE->FATAL_RECOVERY_FAILURE,FATAL_RECOVERY_FAILURE,UNRESOLVED_COMMITTED_REGISTERS=0x00:0x00;0x00:0x08;0x00:0x0C;0x00:0x10;0x00:0x14;0x00:0x18;0x00:0x21;0x00:0x22;0x00:0x30;0x00:0x34;0x00:0x3C;0x00:0x40;0x00:0x44;0x00:0x48;0x00:0x4C;0x00:0x50;0x00:0x58;0x00:0x5C;0x00:0x64;0x00:0x89;0x00:0x8E;0x00:0x93;0x00:0xA0;0x00:0xA4;0x01:0xED;0x02:0x02;0x02:0x28;0x02:0x29;0x02:0x2A;0x02:0x2B;0x02:0x2C;0x05:0x00;0x05:0x01;0x05:0x05;0x05:0x08;0x05:0x0E;0x05:0x11;0x05:0x1B;0x05:0x20;0x05:0x23;0x05:0x26;0x05:0x27;0x05:0x29;0x05:0x2A;0x05:0x2B;0x05:0x47;0x05:0x50;0x05:0x57;0x05:0x58;0x05:0x59;0x05:0x5B;0x05:0x5F;0x05:0x69;0x05:0x6E;0x05:0x6F;0x05:0x76;0x05:0x90;0x05:0xB8;0x05:0xC8;0x05:0xD1;0x05:0xD4;0x09:0x40;0x09:0x44;0x09:0x64;0x09:0x6A;0x09:0x6B;0x09:0x6C;0x09:0x80;0x09:0x81;0x09:0x97;0x09:0x98;0x09:0x99;0x0A:0x60;0x0A:0x61;0x0A:0x62;0x0A:0x63;0x0A:0x64;0x0A:0x65;0x0A:0x66;0x0A:0x67;0x0A:0x68;0x0A:0x69;0x0A:0x6A;0x0A:0x6B;0x0A:0x6C;0x0A:0x6D;0x0A:0x6E;0x0A:0x6F;0x0A:0x70;0x0A:0x71;0x0A:0x72;0x0A:0x74;0x11:0x00
961,138,MODE1_0138_AHD1080P25_WRITE,NACK_DURING_WRITE,99,94,ABORTING->UNRESOLVED_REGISTER_GATE->FATAL_RECOVERY_FAILURE,FATAL_RECOVERY_FAILURE,UNRESOLVED_COMMITTED_REGISTERS=0x00:0x00;0x00:0x08;0x00:0x0C;0x00:0x10;0x00:0x14;0x00:0x18;0x00:0x21;0x00:0x22;0x00:0x30;0x00:0x34;0x00:0x3C;0x00:0x40;0x00:0x44;0x00:0x48;0x00:0x4C;0x00:0x50;0x00:0x58;0x00:0x5C;0x00:0x64;0x00:0x89;0x00:0x8E;0x00:0x93;0x00:0xA0;0x00:0xA4;0x01:0xED;0x02:0x02;0x02:0x28;0x02:0x29;0x02:0x2A;0x02:0x2B;0x02:0x2C;0x05:0x00;0x05:0x01;0x05:0x05;0x05:0x08;0x05:0x0E;0x05:0x11;0x05:0x1B;0x05:0x20;0x05:0x23;0x05:0x24;0x05:0x26;0x05:0x27;0x05:0x29;0x05:0x2A;0x05:0x2B;0x05:0x47;0x05:0x50;0x05:0x57;0x05:0x58;0x05:0x59;0x05:0x5B;0x05:0x5F;0x05:0x69;0x05:0x6E;0x05:0x6F;0x05:0x76;0x05:0x90;0x05:0xB8;0x05:0xC8;0x05:0xD1;0x05:0xD4;0x09:0x40;0x09:0x44;0x09:0x64;0x09:0x6A;0x09:0x6B;0x09:0x6C;0x09:0x80;0x09:0x81;0x09:0x97;0x09:0x98;0x09:0x99;0x0A:0x60;0x0A:0x61;0x0A:0x62;0x0A:0x63;0x0A:0x64;0x0A:0x65;0x0A:0x66;0x0A:0x67;0x0A:0x68;0x0A:0x69;0x0A:0x6A;0x0A:0x6B;0x0A:0x6C;0x0A:0x6D;0x0A:0x6E;0x0A:0x6F;0x0A:0x70;0x0A:0x71;0x0A:0x72;0x0A:0x74;0x11:0x00
962,138,MODE1_0138_AHD1080P25_WRITE,TIMEOUT_DURING_WRITE,99,94,ABORTING->UNRESOLVED_REGISTER_GATE->FATAL_RECOVERY_FAILURE,FATAL_RECOVERY_FAILURE,UNRESOLVED_COMMITTED_REGISTERS=0x00:0x00;0x00:0x08;0x00:0x0C;0x00:0x10;0x00:0x14;0x00:0x18;0x00:0x21;0x00:0x22;0x00:0x30;0x00:0x34;0x00:0x3C;0x00:0x40;0x00:0x44;0x00:0x48;0x00:0x4C;0x00:0x50;0x00:0x58;0x00:0x5C;0x00:0x64;0x00:0x89;0x00:0x8E;0x00:0x93;0x00:0xA0;0x00:0xA4;0x01:0xED;0x02:0x02;0x02:0x28;0x02:0x29;0x02:0x2A;0x02:0x2B;0x02:0x2C;0x05:0x00;0x05:0x01;0x05:0x05;0x05:0x08;0x05:0x0E;0x05:0x11;0x05:0x1B;0x05:0x20;0x05:0x23;0x05:0x24;0x05:0x26;0x05:0x27;0x05:0x29;0x05:0x2A;0x05:0x2B;0x05:0x47;0x05:0x50;0x05:0x57;0x05:0x58;0x05:0x59;0x05:0x5B;0x05:0x5F;0x05:0x69;0x05:0x6E;0x05:0x6F;0x05:0x76;0x05:0x90;0x05:0xB8;0x05:0xC8;0x05:0xD1;0x05:0xD4;0x09:0x40;0x09:0x44;0x09:0x64;0x09:0x6A;0x09:0x6B;0x09:0x6C;0x09:0x80;0x09:0x81;0x09:0x97;0x09:0x98;0x09:0x99;0x0A:0x60;0x0A:0x61;0x0A:0x62;0x0A:0x63;0x0A:0x64;0x0A:0x65;0x0A:0x66;0x0A:0x67;0x0A:0x68;0x0A:0x69;0x0A:0x6A;0x0A:0x6B;0x0A:0x6C;0x0A:0x6D;0x0A:0x6E;0x0A:0x6F;0x0A:0x70;0x0A:0x71;0x0A:0x72;0x0A:0x74;0x11:0x00
963,138,MODE1_0138_AHD1080P25_WRITE,READBACK_MISMATCH,99,94,ABORTING->UNRESOLVED_REGISTER_GATE->FATAL_RECOVERY_FAILURE,FATAL_RECOVERY_FAILURE,UNRESOLVED_COMMITTED_REGISTERS=0x00:0x00;0x00:0x08;0x00:0x0C;0x00:0x10;0x00:0x14;0x00:0x18;0x00:0x21;0x00:0x22;0x00:0x30;0x00:0x34;0x00:0x3C;0x00:0x40;0x00:0x44;0x00:0x48;0x00:0x4C;0x00:0x50;0x00:0x58;0x00:0x5C;0x00:0x64;0x00:0x89;0x00:0x8E;0x00:0x93;0x00:0xA0;0x00:0xA4;0x01:0xED;0x02:0x02;0x02:0x28;0x02:0x29;0x02:0x2A;0x02:0x2B;0x02:0x2C;0x05:0x00;0x05:0x01;0x05:0x05;0x05:0x08;0x05:0x0E;0x05:0x11;0x05:0x1B;0x05:0x20;0x05:0x23;0x05:0x24;0x05:0x26;0x05:0x27;0x05:0x29;0x05:0x2A;0x05:0x2B;0x05:0x47;0x05:0x50;0x05:0x57;0x05:0x58;0x05:0x59;0x05:0x5B;0x05:0x5F;0x05:0x69;0x05:0x6E;0x05:0x6F;0x05:0x76;0x05:0x90;0x05:0xB8;0x05:0xC8;0x05:0xD1;0x05:0xD4;0x09:0x40;0x09:0x44;0x09:0x64;0x09:0x6A;0x09:0x6B;0x09:0x6C;0x09:0x80;0x09:0x81;0x09:0x97;0x09:0x98;0x09:0x99;0x0A:0x60;0x0A:0x61;0x0A:0x62;0x0A:0x63;0x0A:0x64;0x0A:0x65;0x0A:0x66;0x0A:0x67;0x0A:0x68;0x0A:0x69;0x0A:0x6A;0x0A:0x6B;0x0A:0x6C;0x0A:0x6D;0x0A:0x6E;0x0A:0x6F;0x0A:0x70;0x0A:0x71;0x0A:0x72;0x0A:0x74;0x11:0x00
964,138,MODE1_0138_AHD1080P25_WRITE,RESET_BETWEEN_OPERATIONS,99,94,ABORTING->PRODUCT_RECONSTRUCTION_GAP->FATAL_RECOVERY_FAILURE,FATAL_RECOVERY_FAILURE,CALLABLE_RESET_AUTOINIT_OR_PERSISTENT_RECOVERY_CONTEXT_NOT_PROVEN
965,138,MODE1_0138_AHD1080P25_WRITE,HOST_ABORT,99,94,ABORTING->UNRESOLVED_REGISTER_GATE->FATAL_RECOVERY_FAILURE,FATAL_RECOVERY_FAILURE,UNRESOLVED_COMMITTED_REGISTERS=0x00:0x00;0x00:0x08;0x00:0x0C;0x00:0x10;0x00:0x14;0x00:0x18;0x00:0x21;0x00:0x22;0x00:0x30;0x00:0x34;0x00:0x3C;0x00:0x40;0x00:0x44;0x00:0x48;0x00:0x4C;0x00:0x50;0x00:0x58;0x00:0x5C;0x00:0x64;0x00:0x89;0x00:0x8E;0x00:0x93;0x00:0xA0;0x00:0xA4;0x01:0xED;0x02:0x02;0x02:0x28;0x02:0x29;0x02:0x2A;0x02:0x2B;0x02:0x2C;0x05:0x00;0x05:0x01;0x05:0x05;0x05:0x08;0x05:0x0E;0x05:0x11;0x05:0x1B;0x05:0x20;0x05:0x23;0x05:0x24;0x05:0x26;0x05:0x27;0x05:0x29;0x05:0x2A;0x05:0x2B;0x05:0x47;0x05:0x50;0x05:0x57;0x05:0x58;0x05:0x59;0x05:0x5B;0x05:0x5F;0x05:0x69;0x05:0x6E;0x05:0x6F;0x05:0x76;0x05:0x90;0x05:0xB8;0x05:0xC8;0x05:0xD1;0x05:0xD4;0x09:0x40;0x09:0x44;0x09:0x64;0x09:0x6A;0x09:0x6B;0x09:0x6C;0x09:0x80;0x09:0x81;0x09:0x97;0x09:0x98;0x09:0x99;0x0A:0x60;0x0A:0x61;0x0A:0x62;0x0A:0x63;0x0A:0x64;0x0A:0x65;0x0A:0x66;0x0A:0x67;0x0A:0x68;0x0A:0x69;0x0A:0x6A;0x0A:0x6B;0x0A:0x6C;0x0A:0x6D;0x0A:0x6E;0x0A:0x6F;0x0A:0x70;0x0A:0x71;0x0A:0x72;0x0A:0x74;0x11:0x00
966,138,MODE1_0138_AHD1080P25_WRITE,MMIO_RESET,99,94,ABORTING->PRODUCT_RECONSTRUCTION_GAP->FATAL_RECOVERY_FAILURE,FATAL_RECOVERY_FAILURE,CALLABLE_RESET_AUTOINIT_OR_PERSISTENT_RECOVERY_CONTEXT_NOT_PROVEN
967,139,MODE1_0139_AHD1080P25_WRITE,FAILURE_BEFORE_WRITE,99,94,ABORTING->UNRESOLVED_REGISTER_GATE->FATAL_RECOVERY_FAILURE,FATAL_RECOVERY_FAILURE,UNRESOLVED_COMMITTED_REGISTERS=0x00:0x00;0x00:0x08;0x00:0x0C;0x00:0x10;0x00:0x14;0x00:0x18;0x00:0x21;0x00:0x22;0x00:0x30;0x00:0x34;0x00:0x3C;0x00:0x40;0x00:0x44;0x00:0x48;0x00:0x4C;0x00:0x50;0x00:0x58;0x00:0x5C;0x00:0x64;0x00:0x89;0x00:0x8E;0x00:0x93;0x00:0xA0;0x00:0xA4;0x01:0xED;0x02:0x02;0x02:0x28;0x02:0x29;0x02:0x2A;0x02:0x2B;0x02:0x2C;0x05:0x00;0x05:0x01;0x05:0x05;0x05:0x08;0x05:0x0E;0x05:0x11;0x05:0x1B;0x05:0x20;0x05:0x23;0x05:0x24;0x05:0x26;0x05:0x27;0x05:0x29;0x05:0x2A;0x05:0x2B;0x05:0x47;0x05:0x50;0x05:0x57;0x05:0x58;0x05:0x59;0x05:0x5B;0x05:0x5F;0x05:0x69;0x05:0x6E;0x05:0x6F;0x05:0x76;0x05:0x90;0x05:0xB8;0x05:0xC8;0x05:0xD1;0x05:0xD4;0x09:0x40;0x09:0x44;0x09:0x64;0x09:0x6A;0x09:0x6B;0x09:0x6C;0x09:0x80;0x09:0x81;0x09:0x97;0x09:0x98;0x09:0x99;0x0A:0x60;0x0A:0x61;0x0A:0x62;0x0A:0x63;0x0A:0x64;0x0A:0x65;0x0A:0x66;0x0A:0x67;0x0A:0x68;0x0A:0x69;0x0A:0x6A;0x0A:0x6B;0x0A:0x6C;0x0A:0x6D;0x0A:0x6E;0x0A:0x6F;0x0A:0x70;0x0A:0x71;0x0A:0x72;0x0A:0x74;0x11:0x00
968,139,MODE1_0139_AHD1080P25_WRITE,NACK_DURING_WRITE,100,95,ABORTING->UNRESOLVED_REGISTER_GATE->FATAL_RECOVERY_FAILURE,FATAL_RECOVERY_FAILURE,UNRESOLVED_COMMITTED_REGISTERS=0x00:0x00;0x00:0x08;0x00:0x0C;0x00:0x10;0x00:0x14;0x00:0x18;0x00:0x21;0x00:0x22;0x00:0x30;0x00:0x34;0x00:0x3C;0x00:0x40;0x00:0x44;0x00:0x48;0x00:0x4C;0x00:0x50;0x00:0x58;0x00:0x5C;0x00:0x64;0x00:0x89;0x00:0x8E;0x00:0x93;0x00:0xA0;0x00:0xA4;0x01:0xED;0x02:0x02;0x02:0x28;0x02:0x29;0x02:0x2A;0x02:0x2B;0x02:0x2C;0x05:0x00;0x05:0x01;0x05:0x05;0x05:0x08;0x05:0x0E;0x05:0x11;0x05:0x1B;0x05:0x20;0x05:0x23;0x05:0x24;0x05:0x25;0x05:0x26;0x05:0x27;0x05:0x29;0x05:0x2A;0x05:0x2B;0x05:0x47;0x05:0x50;0x05:0x57;0x05:0x58;0x05:0x59;0x05:0x5B;0x05:0x5F;0x05:0x69;0x05:0x6E;0x05:0x6F;0x05:0x76;0x05:0x90;0x05:0xB8;0x05:0xC8;0x05:0xD1;0x05:0xD4;0x09:0x40;0x09:0x44;0x09:0x64;0x09:0x6A;0x09:0x6B;0x09:0x6C;0x09:0x80;0x09:0x81;0x09:0x97;0x09:0x98;0x09:0x99;0x0A:0x60;0x0A:0x61;0x0A:0x62;0x0A:0x63;0x0A:0x64;0x0A:0x65;0x0A:0x66;0x0A:0x67;0x0A:0x68;0x0A:0x69;0x0A:0x6A;0x0A:0x6B;0x0A:0x6C;0x0A:0x6D;0x0A:0x6E;0x0A:0x6F;0x0A:0x70;0x0A:0x71;0x0A:0x72;0x0A:0x74;0x11:0x00
969,139,MODE1_0139_AHD1080P25_WRITE,TIMEOUT_DURING_WRITE,100,95,ABORTING->UNRESOLVED_REGISTER_GATE->FATAL_RECOVERY_FAILURE,FATAL_RECOVERY_FAILURE,UNRESOLVED_COMMITTED_REGISTERS=0x00:0x00;0x00:0x08;0x00:0x0C;0x00:0x10;0x00:0x14;0x00:0x18;0x00:0x21;0x00:0x22;0x00:0x30;0x00:0x34;0x00:0x3C;0x00:0x40;0x00:0x44;0x00:0x48;0x00:0x4C;0x00:0x50;0x00:0x58;0x00:0x5C;0x00:0x64;0x00:0x89;0x00:0x8E;0x00:0x93;0x00:0xA0;0x00:0xA4;0x01:0xED;0x02:0x02;0x02:0x28;0x02:0x29;0x02:0x2A;0x02:0x2B;0x02:0x2C;0x05:0x00;0x05:0x01;0x05:0x05;0x05:0x08;0x05:0x0E;0x05:0x11;0x05:0x1B;0x05:0x20;0x05:0x23;0x05:0x24;0x05:0x25;0x05:0x26;0x05:0x27;0x05:0x29;0x05:0x2A;0x05:0x2B;0x05:0x47;0x05:0x50;0x05:0x57;0x05:0x58;0x05:0x59;0x05:0x5B;0x05:0x5F;0x05:0x69;0x05:0x6E;0x05:0x6F;0x05:0x76;0x05:0x90;0x05:0xB8;0x05:0xC8;0x05:0xD1;0x05:0xD4;0x09:0x40;0x09:0x44;0x09:0x64;0x09:0x6A;0x09:0x6B;0x09:0x6C;0x09:0x80;0x09:0x81;0x09:0x97;0x09:0x98;0x09:0x99;0x0A:0x60;0x0A:0x61;0x0A:0x62;0x0A:0x63;0x0A:0x64;0x0A:0x65;0x0A:0x66;0x0A:0x67;0x0A:0x68;0x0A:0x69;0x0A:0x6A;0x0A:0x6B;0x0A:0x6C;0x0A:0x6D;0x0A:0x6E;0x0A:0x6F;0x0A:0x70;0x0A:0x71;0x0A:0x72;0x0A:0x74;0x11:0x00
970,139,MODE1_0139_AHD1080P25_WRITE,READBACK_MISMATCH,100,95,ABORTING->UNRESOLVED_REGISTER_GATE->FATAL_RECOVERY_FAILURE,FATAL_RECOVERY_FAILURE,UNRESOLVED_COMMITTED_REGISTERS=0x00:0x00;0x00:0x08;0x00:0x0C;0x00:0x10;0x00:0x14;0x00:0x18;0x00:0x21;0x00:0x22;0x00:0x30;0x00:0x34;0x00:0x3C;0x00:0x40;0x00:0x44;0x00:0x48;0x00:0x4C;0x00:0x50;0x00:0x58;0x00:0x5C;0x00:0x64;0x00:0x89;0x00:0x8E;0x00:0x93;0x00:0xA0;0x00:0xA4;0x01:0xED;0x02:0x02;0x02:0x28;0x02:0x29;0x02:0x2A;0x02:0x2B;0x02:0x2C;0x05:0x00;0x05:0x01;0x05:0x05;0x05:0x08;0x05:0x0E;0x05:0x11;0x05:0x1B;0x05:0x20;0x05:0x23;0x05:0x24;0x05:0x25;0x05:0x26;0x05:0x27;0x05:0x29;0x05:0x2A;0x05:0x2B;0x05:0x47;0x05:0x50;0x05:0x57;0x05:0x58;0x05:0x59;0x05:0x5B;0x05:0x5F;0x05:0x69;0x05:0x6E;0x05:0x6F;0x05:0x76;0x05:0x90;0x05:0xB8;0x05:0xC8;0x05:0xD1;0x05:0xD4;0x09:0x40;0x09:0x44;0x09:0x64;0x09:0x6A;0x09:0x6B;0x09:0x6C;0x09:0x80;0x09:0x81;0x09:0x97;0x09:0x98;0x09:0x99;0x0A:0x60;0x0A:0x61;0x0A:0x62;0x0A:0x63;0x0A:0x64;0x0A:0x65;0x0A:0x66;0x0A:0x67;0x0A:0x68;0x0A:0x69;0x0A:0x6A;0x0A:0x6B;0x0A:0x6C;0x0A:0x6D;0x0A:0x6E;0x0A:0x6F;0x0A:0x70;0x0A:0x71;0x0A:0x72;0x0A:0x74;0x11:0x00
971,139,MODE1_0139_AHD1080P25_WRITE,RESET_BETWEEN_OPERATIONS,100,95,ABORTING->PRODUCT_RECONSTRUCTION_GAP->FATAL_RECOVERY_FAILURE,FATAL_RECOVERY_FAILURE,CALLABLE_RESET_AUTOINIT_OR_PERSISTENT_RECOVERY_CONTEXT_NOT_PROVEN
972,139,MODE1_0139_AHD1080P25_WRITE,HOST_ABORT,100,95,ABORTING->UNRESOLVED_REGISTER_GATE->FATAL_RECOVERY_FAILURE,FATAL_RECOVERY_FAILURE,UNRESOLVED_COMMITTED_REGISTERS=0x00:0x00;0x00:0x08;0x00:0x0C;0x00:0x10;0x00:0x14;0x00:0x18;0x00:0x21;0x00:0x22;0x00:0x30;0x00:0x34;0x00:0x3C;0x00:0x40;0x00:0x44;0x00:0x48;0x00:0x4C;0x00:0x50;0x00:0x58;0x00:0x5C;0x00:0x64;0x00:0x89;0x00:0x8E;0x00:0x93;0x00:0xA0;0x00:0xA4;0x01:0xED;0x02:0x02;0x02:0x28;0x02:0x29;0x02:0x2A;0x02:0x2B;0x02:0x2C;0x05:0x00;0x05:0x01;0x05:0x05;0x05:0x08;0x05:0x0E;0x05:0x11;0x05:0x1B;0x05:0x20;0x05:0x23;0x05:0x24;0x05:0x25;0x05:0x26;0x05:0x27;0x05:0x29;0x05:0x2A;0x05:0x2B;0x05:0x47;0x05:0x50;0x05:0x57;0x05:0x58;0x05:0x59;0x05:0x5B;0x05:0x5F;0x05:0x69;0x05:0x6E;0x05:0x6F;0x05:0x76;0x05:0x90;0x05:0xB8;0x05:0xC8;0x05:0xD1;0x05:0xD4;0x09:0x40;0x09:0x44;0x09:0x64;0x09:0x6A;0x09:0x6B;0x09:0x6C;0x09:0x80;0x09:0x81;0x09:0x97;0x09:0x98;0x09:0x99;0x0A:0x60;0x0A:0x61;0x0A:0x62;0x0A:0x63;0x0A:0x64;0x0A:0x65;0x0A:0x66;0x0A:0x67;0x0A:0x68;0x0A:0x69;0x0A:0x6A;0x0A:0x6B;0x0A:0x6C;0x0A:0x6D;0x0A:0x6E;0x0A:0x6F;0x0A:0x70;0x0A:0x71;0x0A:0x72;0x0A:0x74;0x11:0x00
973,139,MODE1_0139_AHD1080P25_WRITE,MMIO_RESET,100,95,ABORTING->PRODUCT_RECONSTRUCTION_GAP->FATAL_RECOVERY_FAILURE,FATAL_RECOVERY_FAILURE,CALLABLE_RESET_AUTOINIT_OR_PERSISTENT_RECOVERY_CONTEXT_NOT_PROVEN
974,140,MODE1_0140_AHD1080P25_WRITE,FAILURE_BEFORE_WRITE,100,95,ABORTING->UNRESOLVED_REGISTER_GATE->FATAL_RECOVERY_FAILURE,FATAL_RECOVERY_FAILURE,UNRESOLVED_COMMITTED_REGISTERS=0x00:0x00;0x00:0x08;0x00:0x0C;0x00:0x10;0x00:0x14;0x00:0x18;0x00:0x21;0x00:0x22;0x00:0x30;0x00:0x34;0x00:0x3C;0x00:0x40;0x00:0x44;0x00:0x48;0x00:0x4C;0x00:0x50;0x00:0x58;0x00:0x5C;0x00:0x64;0x00:0x89;0x00:0x8E;0x00:0x93;0x00:0xA0;0x00:0xA4;0x01:0xED;0x02:0x02;0x02:0x28;0x02:0x29;0x02:0x2A;0x02:0x2B;0x02:0x2C;0x05:0x00;0x05:0x01;0x05:0x05;0x05:0x08;0x05:0x0E;0x05:0x11;0x05:0x1B;0x05:0x20;0x05:0x23;0x05:0x24;0x05:0x25;0x05:0x26;0x05:0x27;0x05:0x29;0x05:0x2A;0x05:0x2B;0x05:0x47;0x05:0x50;0x05:0x57;0x05:0x58;0x05:0x59;0x05:0x5B;0x05:0x5F;0x05:0x69;0x05:0x6E;0x05:0x6F;0x05:0x76;0x05:0x90;0x05:0xB8;0x05:0xC8;0x05:0xD1;0x05:0xD4;0x09:0x40;0x09:0x44;0x09:0x64;0x09:0x6A;0x09:0x6B;0x09:0x6C;0x09:0x80;0x09:0x81;0x09:0x97;0x09:0x98;0x09:0x99;0x0A:0x60;0x0A:0x61;0x0A:0x62;0x0A:0x63;0x0A:0x64;0x0A:0x65;0x0A:0x66;0x0A:0x67;0x0A:0x68;0x0A:0x69;0x0A:0x6A;0x0A:0x6B;0x0A:0x6C;0x0A:0x6D;0x0A:0x6E;0x0A:0x6F;0x0A:0x70;0x0A:0x71;0x0A:0x72;0x0A:0x74;0x11:0x00
975,140,MODE1_0140_AHD1080P25_WRITE,NACK_DURING_WRITE,100,95,ABORTING->UNRESOLVED_REGISTER_GATE->FATAL_RECOVERY_FAILURE,FATAL_RECOVERY_FAILURE,UNRESOLVED_COMMITTED_REGISTERS=0x00:0x00;0x00:0x08;0x00:0x0C;0x00:0x10;0x00:0x14;0x00:0x18;0x00:0x21;0x00:0x22;0x00:0x30;0x00:0x34;0x00:0x3C;0x00:0x40;0x00:0x44;0x00:0x48;0x00:0x4C;0x00:0x50;0x00:0x58;0x00:0x5C;0x00:0x64;0x00:0x89;0x00:0x8E;0x00:0x93;0x00:0xA0;0x00:0xA4;0x01:0xED;0x02:0x02;0x02:0x28;0x02:0x29;0x02:0x2A;0x02:0x2B;0x02:0x2C;0x05:0x00;0x05:0x01;0x05:0x05;0x05:0x08;0x05:0x0E;0x05:0x11;0x05:0x1B;0x05:0x20;0x05:0x23;0x05:0x24;0x05:0x25;0x05:0x26;0x05:0x27;0x05:0x29;0x05:0x2A;0x05:0x2B;0x05:0x47;0x05:0x50;0x05:0x57;0x05:0x58;0x05:0x59;0x05:0x5B;0x05:0x5F;0x05:0x69;0x05:0x6E;0x05:0x6F;0x05:0x76;0x05:0x90;0x05:0xB8;0x05:0xC8;0x05:0xD1;0x05:0xD4;0x09:0x40;0x09:0x44;0x09:0x64;0x09:0x6A;0x09:0x6B;0x09:0x6C;0x09:0x80;0x09:0x81;0x09:0x97;0x09:0x98;0x09:0x99;0x0A:0x60;0x0A:0x61;0x0A:0x62;0x0A:0x63;0x0A:0x64;0x0A:0x65;0x0A:0x66;0x0A:0x67;0x0A:0x68;0x0A:0x69;0x0A:0x6A;0x0A:0x6B;0x0A:0x6C;0x0A:0x6D;0x0A:0x6E;0x0A:0x6F;0x0A:0x70;0x0A:0x71;0x0A:0x72;0x0A:0x74;0x11:0x00
976,140,MODE1_0140_AHD1080P25_WRITE,TIMEOUT_DURING_WRITE,100,95,ABORTING->UNRESOLVED_REGISTER_GATE->FATAL_RECOVERY_FAILURE,FATAL_RECOVERY_FAILURE,UNRESOLVED_COMMITTED_REGISTERS=0x00:0x00;0x00:0x08;0x00:0x0C;0x00:0x10;0x00:0x14;0x00:0x18;0x00:0x21;0x00:0x22;0x00:0x30;0x00:0x34;0x00:0x3C;0x00:0x40;0x00:0x44;0x00:0x48;0x00:0x4C;0x00:0x50;0x00:0x58;0x00:0x5C;0x00:0x64;0x00:0x89;0x00:0x8E;0x00:0x93;0x00:0xA0;0x00:0xA4;0x01:0xED;0x02:0x02;0x02:0x28;0x02:0x29;0x02:0x2A;0x02:0x2B;0x02:0x2C;0x05:0x00;0x05:0x01;0x05:0x05;0x05:0x08;0x05:0x0E;0x05:0x11;0x05:0x1B;0x05:0x20;0x05:0x23;0x05:0x24;0x05:0x25;0x05:0x26;0x05:0x27;0x05:0x29;0x05:0x2A;0x05:0x2B;0x05:0x47;0x05:0x50;0x05:0x57;0x05:0x58;0x05:0x59;0x05:0x5B;0x05:0x5F;0x05:0x69;0x05:0x6E;0x05:0x6F;0x05:0x76;0x05:0x90;0x05:0xB8;0x05:0xC8;0x05:0xD1;0x05:0xD4;0x09:0x40;0x09:0x44;0x09:0x64;0x09:0x6A;0x09:0x6B;0x09:0x6C;0x09:0x80;0x09:0x81;0x09:0x97;0x09:0x98;0x09:0x99;0x0A:0x60;0x0A:0x61;0x0A:0x62;0x0A:0x63;0x0A:0x64;0x0A:0x65;0x0A:0x66;0x0A:0x67;0x0A:0x68;0x0A:0x69;0x0A:0x6A;0x0A:0x6B;0x0A:0x6C;0x0A:0x6D;0x0A:0x6E;0x0A:0x6F;0x0A:0x70;0x0A:0x71;0x0A:0x72;0x0A:0x74;0x11:0x00
977,140,MODE1_0140_AHD1080P25_WRITE,READBACK_MISMATCH,100,95,ABORTING->UNRESOLVED_REGISTER_GATE->FATAL_RECOVERY_FAILURE,FATAL_RECOVERY_FAILURE,UNRESOLVED_COMMITTED_REGISTERS=0x00:0x00;0x00:0x08;0x00:0x0C;0x00:0x10;0x00:0x14;0x00:0x18;0x00:0x21;0x00:0x22;0x00:0x30;0x00:0x34;0x00:0x3C;0x00:0x40;0x00:0x44;0x00:0x48;0x00:0x4C;0x00:0x50;0x00:0x58;0x00:0x5C;0x00:0x64;0x00:0x89;0x00:0x8E;0x00:0x93;0x00:0xA0;0x00:0xA4;0x01:0xED;0x02:0x02;0x02:0x28;0x02:0x29;0x02:0x2A;0x02:0x2B;0x02:0x2C;0x05:0x00;0x05:0x01;0x05:0x05;0x05:0x08;0x05:0x0E;0x05:0x11;0x05:0x1B;0x05:0x20;0x05:0x23;0x05:0x24;0x05:0x25;0x05:0x26;0x05:0x27;0x05:0x29;0x05:0x2A;0x05:0x2B;0x05:0x47;0x05:0x50;0x05:0x57;0x05:0x58;0x05:0x59;0x05:0x5B;0x05:0x5F;0x05:0x69;0x05:0x6E;0x05:0x6F;0x05:0x76;0x05:0x90;0x05:0xB8;0x05:0xC8;0x05:0xD1;0x05:0xD4;0x09:0x40;0x09:0x44;0x09:0x64;0x09:0x6A;0x09:0x6B;0x09:0x6C;0x09:0x80;0x09:0x81;0x09:0x97;0x09:0x98;0x09:0x99;0x0A:0x60;0x0A:0x61;0x0A:0x62;0x0A:0x63;0x0A:0x64;0x0A:0x65;0x0A:0x66;0x0A:0x67;0x0A:0x68;0x0A:0x69;0x0A:0x6A;0x0A:0x6B;0x0A:0x6C;0x0A:0x6D;0x0A:0x6E;0x0A:0x6F;0x0A:0x70;0x0A:0x71;0x0A:0x72;0x0A:0x74;0x11:0x00
978,140,MODE1_0140_AHD1080P25_WRITE,RESET_BETWEEN_OPERATIONS,100,95,ABORTING->PRODUCT_RECONSTRUCTION_GAP->FATAL_RECOVERY_FAILURE,FATAL_RECOVERY_FAILURE,CALLABLE_RESET_AUTOINIT_OR_PERSISTENT_RECOVERY_CONTEXT_NOT_PROVEN
979,140,MODE1_0140_AHD1080P25_WRITE,HOST_ABORT,100,95,ABORTING->UNRESOLVED_REGISTER_GATE->FATAL_RECOVERY_FAILURE,FATAL_RECOVERY_FAILURE,UNRESOLVED_COMMITTED_REGISTERS=0x00:0x00;0x00:0x08;0x00:0x0C;0x00:0x10;0x00:0x14;0x00:0x18;0x00:0x21;0x00:0x22;0x00:0x30;0x00:0x34;0x00:0x3C;0x00:0x40;0x00:0x44;0x00:0x48;0x00:0x4C;0x00:0x50;0x00:0x58;0x00:0x5C;0x00:0x64;0x00:0x89;0x00:0x8E;0x00:0x93;0x00:0xA0;0x00:0xA4;0x01:0xED;0x02:0x02;0x02:0x28;0x02:0x29;0x02:0x2A;0x02:0x2B;0x02:0x2C;0x05:0x00;0x05:0x01;0x05:0x05;0x05:0x08;0x05:0x0E;0x05:0x11;0x05:0x1B;0x05:0x20;0x05:0x23;0x05:0x24;0x05:0x25;0x05:0x26;0x05:0x27;0x05:0x29;0x05:0x2A;0x05:0x2B;0x05:0x47;0x05:0x50;0x05:0x57;0x05:0x58;0x05:0x59;0x05:0x5B;0x05:0x5F;0x05:0x69;0x05:0x6E;0x05:0x6F;0x05:0x76;0x05:0x90;0x05:0xB8;0x05:0xC8;0x05:0xD1;0x05:0xD4;0x09:0x40;0x09:0x44;0x09:0x64;0x09:0x6A;0x09:0x6B;0x09:0x6C;0x09:0x80;0x09:0x81;0x09:0x97;0x09:0x98;0x09:0x99;0x0A:0x60;0x0A:0x61;0x0A:0x62;0x0A:0x63;0x0A:0x64;0x0A:0x65;0x0A:0x66;0x0A:0x67;0x0A:0x68;0x0A:0x69;0x0A:0x6A;0x0A:0x6B;0x0A:0x6C;0x0A:0x6D;0x0A:0x6E;0x0A:0x6F;0x0A:0x70;0x0A:0x71;0x0A:0x72;0x0A:0x74;0x11:0x00
980,140,MODE1_0140_AHD1080P25_WRITE,MMIO_RESET,100,95,ABORTING->PRODUCT_RECONSTRUCTION_GAP->FATAL_RECOVERY_FAILURE,FATAL_RECOVERY_FAILURE,CALLABLE_RESET_AUTOINIT_OR_PERSISTENT_RECOVERY_CONTEXT_NOT_PROVEN
981,141,MODE1_0141_AHD1080P25_WRITE,FAILURE_BEFORE_WRITE,100,95,ABORTING->UNRESOLVED_REGISTER_GATE->FATAL_RECOVERY_FAILURE,FATAL_RECOVERY_FAILURE,UNRESOLVED_COMMITTED_REGISTERS=0x00:0x00;0x00:0x08;0x00:0x0C;0x00:0x10;0x00:0x14;0x00:0x18;0x00:0x21;0x00:0x22;0x00:0x30;0x00:0x34;0x00:0x3C;0x00:0x40;0x00:0x44;0x00:0x48;0x00:0x4C;0x00:0x50;0x00:0x58;0x00:0x5C;0x00:0x64;0x00:0x89;0x00:0x8E;0x00:0x93;0x00:0xA0;0x00:0xA4;0x01:0xED;0x02:0x02;0x02:0x28;0x02:0x29;0x02:0x2A;0x02:0x2B;0x02:0x2C;0x05:0x00;0x05:0x01;0x05:0x05;0x05:0x08;0x05:0x0E;0x05:0x11;0x05:0x1B;0x05:0x20;0x05:0x23;0x05:0x24;0x05:0x25;0x05:0x26;0x05:0x27;0x05:0x29;0x05:0x2A;0x05:0x2B;0x05:0x47;0x05:0x50;0x05:0x57;0x05:0x58;0x05:0x59;0x05:0x5B;0x05:0x5F;0x05:0x69;0x05:0x6E;0x05:0x6F;0x05:0x76;0x05:0x90;0x05:0xB8;0x05:0xC8;0x05:0xD1;0x05:0xD4;0x09:0x40;0x09:0x44;0x09:0x64;0x09:0x6A;0x09:0x6B;0x09:0x6C;0x09:0x80;0x09:0x81;0x09:0x97;0x09:0x98;0x09:0x99;0x0A:0x60;0x0A:0x61;0x0A:0x62;0x0A:0x63;0x0A:0x64;0x0A:0x65;0x0A:0x66;0x0A:0x67;0x0A:0x68;0x0A:0x69;0x0A:0x6A;0x0A:0x6B;0x0A:0x6C;0x0A:0x6D;0x0A:0x6E;0x0A:0x6F;0x0A:0x70;0x0A:0x71;0x0A:0x72;0x0A:0x74;0x11:0x00
982,141,MODE1_0141_AHD1080P25_WRITE,NACK_DURING_WRITE,100,95,ABORTING->UNRESOLVED_REGISTER_GATE->FATAL_RECOVERY_FAILURE,FATAL_RECOVERY_FAILURE,UNRESOLVED_COMMITTED_REGISTERS=0x00:0x00;0x00:0x08;0x00:0x0C;0x00:0x10;0x00:0x14;0x00:0x18;0x00:0x21;0x00:0x22;0x00:0x30;0x00:0x34;0x00:0x3C;0x00:0x40;0x00:0x44;0x00:0x48;0x00:0x4C;0x00:0x50;0x00:0x58;0x00:0x5C;0x00:0x64;0x00:0x89;0x00:0x8E;0x00:0x93;0x00:0xA0;0x00:0xA4;0x01:0xED;0x02:0x02;0x02:0x28;0x02:0x29;0x02:0x2A;0x02:0x2B;0x02:0x2C;0x05:0x00;0x05:0x01;0x05:0x05;0x05:0x08;0x05:0x0E;0x05:0x11;0x05:0x1B;0x05:0x20;0x05:0x23;0x05:0x24;0x05:0x25;0x05:0x26;0x05:0x27;0x05:0x29;0x05:0x2A;0x05:0x2B;0x05:0x47;0x05:0x50;0x05:0x57;0x05:0x58;0x05:0x59;0x05:0x5B;0x05:0x5F;0x05:0x69;0x05:0x6E;0x05:0x6F;0x05:0x76;0x05:0x90;0x05:0xB8;0x05:0xC8;0x05:0xD1;0x05:0xD4;0x09:0x40;0x09:0x44;0x09:0x64;0x09:0x6A;0x09:0x6B;0x09:0x6C;0x09:0x80;0x09:0x81;0x09:0x97;0x09:0x98;0x09:0x99;0x0A:0x60;0x0A:0x61;0x0A:0x62;0x0A:0x63;0x0A:0x64;0x0A:0x65;0x0A:0x66;0x0A:0x67;0x0A:0x68;0x0A:0x69;0x0A:0x6A;0x0A:0x6B;0x0A:0x6C;0x0A:0x6D;0x0A:0x6E;0x0A:0x6F;0x0A:0x70;0x0A:0x71;0x0A:0x72;0x0A:0x74;0x11:0x00
983,141,MODE1_0141_AHD1080P25_WRITE,TIMEOUT_DURING_WRITE,100,95,ABORTING->UNRESOLVED_REGISTER_GATE->FATAL_RECOVERY_FAILURE,FATAL_RECOVERY_FAILURE,UNRESOLVED_COMMITTED_REGISTERS=0x00:0x00;0x00:0x08;0x00:0x0C;0x00:0x10;0x00:0x14;0x00:0x18;0x00:0x21;0x00:0x22;0x00:0x30;0x00:0x34;0x00:0x3C;0x00:0x40;0x00:0x44;0x00:0x48;0x00:0x4C;0x00:0x50;0x00:0x58;0x00:0x5C;0x00:0x64;0x00:0x89;0x00:0x8E;0x00:0x93;0x00:0xA0;0x00:0xA4;0x01:0xED;0x02:0x02;0x02:0x28;0x02:0x29;0x02:0x2A;0x02:0x2B;0x02:0x2C;0x05:0x00;0x05:0x01;0x05:0x05;0x05:0x08;0x05:0x0E;0x05:0x11;0x05:0x1B;0x05:0x20;0x05:0x23;0x05:0x24;0x05:0x25;0x05:0x26;0x05:0x27;0x05:0x29;0x05:0x2A;0x05:0x2B;0x05:0x47;0x05:0x50;0x05:0x57;0x05:0x58;0x05:0x59;0x05:0x5B;0x05:0x5F;0x05:0x69;0x05:0x6E;0x05:0x6F;0x05:0x76;0x05:0x90;0x05:0xB8;0x05:0xC8;0x05:0xD1;0x05:0xD4;0x09:0x40;0x09:0x44;0x09:0x64;0x09:0x6A;0x09:0x6B;0x09:0x6C;0x09:0x80;0x09:0x81;0x09:0x97;0x09:0x98;0x09:0x99;0x0A:0x60;0x0A:0x61;0x0A:0x62;0x0A:0x63;0x0A:0x64;0x0A:0x65;0x0A:0x66;0x0A:0x67;0x0A:0x68;0x0A:0x69;0x0A:0x6A;0x0A:0x6B;0x0A:0x6C;0x0A:0x6D;0x0A:0x6E;0x0A:0x6F;0x0A:0x70;0x0A:0x71;0x0A:0x72;0x0A:0x74;0x11:0x00
984,141,MODE1_0141_AHD1080P25_WRITE,READBACK_MISMATCH,100,95,ABORTING->UNRESOLVED_REGISTER_GATE->FATAL_RECOVERY_FAILURE,FATAL_RECOVERY_FAILURE,UNRESOLVED_COMMITTED_REGISTERS=0x00:0x00;0x00:0x08;0x00:0x0C;0x00:0x10;0x00:0x14;0x00:0x18;0x00:0x21;0x00:0x22;0x00:0x30;0x00:0x34;0x00:0x3C;0x00:0x40;0x00:0x44;0x00:0x48;0x00:0x4C;0x00:0x50;0x00:0x58;0x00:0x5C;0x00:0x64;0x00:0x89;0x00:0x8E;0x00:0x93;0x00:0xA0;0x00:0xA4;0x01:0xED;0x02:0x02;0x02:0x28;0x02:0x29;0x02:0x2A;0x02:0x2B;0x02:0x2C;0x05:0x00;0x05:0x01;0x05:0x05;0x05:0x08;0x05:0x0E;0x05:0x11;0x05:0x1B;0x05:0x20;0x05:0x23;0x05:0x24;0x05:0x25;0x05:0x26;0x05:0x27;0x05:0x29;0x05:0x2A;0x05:0x2B;0x05:0x47;0x05:0x50;0x05:0x57;0x05:0x58;0x05:0x59;0x05:0x5B;0x05:0x5F;0x05:0x69;0x05:0x6E;0x05:0x6F;0x05:0x76;0x05:0x90;0x05:0xB8;0x05:0xC8;0x05:0xD1;0x05:0xD4;0x09:0x40;0x09:0x44;0x09:0x64;0x09:0x6A;0x09:0x6B;0x09:0x6C;0x09:0x80;0x09:0x81;0x09:0x97;0x09:0x98;0x09:0x99;0x0A:0x60;0x0A:0x61;0x0A:0x62;0x0A:0x63;0x0A:0x64;0x0A:0x65;0x0A:0x66;0x0A:0x67;0x0A:0x68;0x0A:0x69;0x0A:0x6A;0x0A:0x6B;0x0A:0x6C;0x0A:0x6D;0x0A:0x6E;0x0A:0x6F;0x0A:0x70;0x0A:0x71;0x0A:0x72;0x0A:0x74;0x11:0x00
985,141,MODE1_0141_AHD1080P25_WRITE,RESET_BETWEEN_OPERATIONS,100,95,ABORTING->PRODUCT_RECONSTRUCTION_GAP->FATAL_RECOVERY_FAILURE,FATAL_RECOVERY_FAILURE,CALLABLE_RESET_AUTOINIT_OR_PERSISTENT_RECOVERY_CONTEXT_NOT_PROVEN
986,141,MODE1_0141_AHD1080P25_WRITE,HOST_ABORT,100,95,ABORTING->UNRESOLVED_REGISTER_GATE->FATAL_RECOVERY_FAILURE,FATAL_RECOVERY_FAILURE,UNRESOLVED_COMMITTED_REGISTERS=0x00:0x00;0x00:0x08;0x00:0x0C;0x00:0x10;0x00:0x14;0x00:0x18;0x00:0x21;0x00:0x22;0x00:0x30;0x00:0x34;0x00:0x3C;0x00:0x40;0x00:0x44;0x00:0x48;0x00:0x4C;0x00:0x50;0x00:0x58;0x00:0x5C;0x00:0x64;0x00:0x89;0x00:0x8E;0x00:0x93;0x00:0xA0;0x00:0xA4;0x01:0xED;0x02:0x02;0x02:0x28;0x02:0x29;0x02:0x2A;0x02:0x2B;0x02:0x2C;0x05:0x00;0x05:0x01;0x05:0x05;0x05:0x08;0x05:0x0E;0x05:0x11;0x05:0x1B;0x05:0x20;0x05:0x23;0x05:0x24;0x05:0x25;0x05:0x26;0x05:0x27;0x05:0x29;0x05:0x2A;0x05:0x2B;0x05:0x47;0x05:0x50;0x05:0x57;0x05:0x58;0x05:0x59;0x05:0x5B;0x05:0x5F;0x05:0x69;0x05:0x6E;0x05:0x6F;0x05:0x76;0x05:0x90;0x05:0xB8;0x05:0xC8;0x05:0xD1;0x05:0xD4;0x09:0x40;0x09:0x44;0x09:0x64;0x09:0x6A;0x09:0x6B;0x09:0x6C;0x09:0x80;0x09:0x81;0x09:0x97;0x09:0x98;0x09:0x99;0x0A:0x60;0x0A:0x61;0x0A:0x62;0x0A:0x63;0x0A:0x64;0x0A:0x65;0x0A:0x66;0x0A:0x67;0x0A:0x68;0x0A:0x69;0x0A:0x6A;0x0A:0x6B;0x0A:0x6C;0x0A:0x6D;0x0A:0x6E;0x0A:0x6F;0x0A:0x70;0x0A:0x71;0x0A:0x72;0x0A:0x74;0x11:0x00
987,141,MODE1_0141_AHD1080P25_WRITE,MMIO_RESET,100,95,ABORTING->PRODUCT_RECONSTRUCTION_GAP->FATAL_RECOVERY_FAILURE,FATAL_RECOVERY_FAILURE,CALLABLE_RESET_AUTOINIT_OR_PERSISTENT_RECOVERY_CONTEXT_NOT_PROVEN
988,142,MODE1_0142_AHD1080P25_WRITE,FAILURE_BEFORE_WRITE,100,95,ABORTING->UNRESOLVED_REGISTER_GATE->FATAL_RECOVERY_FAILURE,FATAL_RECOVERY_FAILURE,UNRESOLVED_COMMITTED_REGISTERS=0x00:0x00;0x00:0x08;0x00:0x0C;0x00:0x10;0x00:0x14;0x00:0x18;0x00:0x21;0x00:0x22;0x00:0x30;0x00:0x34;0x00:0x3C;0x00:0x40;0x00:0x44;0x00:0x48;0x00:0x4C;0x00:0x50;0x00:0x58;0x00:0x5C;0x00:0x64;0x00:0x89;0x00:0x8E;0x00:0x93;0x00:0xA0;0x00:0xA4;0x01:0xED;0x02:0x02;0x02:0x28;0x02:0x29;0x02:0x2A;0x02:0x2B;0x02:0x2C;0x05:0x00;0x05:0x01;0x05:0x05;0x05:0x08;0x05:0x0E;0x05:0x11;0x05:0x1B;0x05:0x20;0x05:0x23;0x05:0x24;0x05:0x25;0x05:0x26;0x05:0x27;0x05:0x29;0x05:0x2A;0x05:0x2B;0x05:0x47;0x05:0x50;0x05:0x57;0x05:0x58;0x05:0x59;0x05:0x5B;0x05:0x5F;0x05:0x69;0x05:0x6E;0x05:0x6F;0x05:0x76;0x05:0x90;0x05:0xB8;0x05:0xC8;0x05:0xD1;0x05:0xD4;0x09:0x40;0x09:0x44;0x09:0x64;0x09:0x6A;0x09:0x6B;0x09:0x6C;0x09:0x80;0x09:0x81;0x09:0x97;0x09:0x98;0x09:0x99;0x0A:0x60;0x0A:0x61;0x0A:0x62;0x0A:0x63;0x0A:0x64;0x0A:0x65;0x0A:0x66;0x0A:0x67;0x0A:0x68;0x0A:0x69;0x0A:0x6A;0x0A:0x6B;0x0A:0x6C;0x0A:0x6D;0x0A:0x6E;0x0A:0x6F;0x0A:0x70;0x0A:0x71;0x0A:0x72;0x0A:0x74;0x11:0x00
989,142,MODE1_0142_AHD1080P25_WRITE,NACK_DURING_WRITE,100,95,ABORTING->UNRESOLVED_REGISTER_GATE->FATAL_RECOVERY_FAILURE,FATAL_RECOVERY_FAILURE,UNRESOLVED_COMMITTED_REGISTERS=0x00:0x00;0x00:0x08;0x00:0x0C;0x00:0x10;0x00:0x14;0x00:0x18;0x00:0x21;0x00:0x22;0x00:0x30;0x00:0x34;0x00:0x3C;0x00:0x40;0x00:0x44;0x00:0x48;0x00:0x4C;0x00:0x50;0x00:0x58;0x00:0x5C;0x00:0x64;0x00:0x89;0x00:0x8E;0x00:0x93;0x00:0xA0;0x00:0xA4;0x01:0xED;0x02:0x02;0x02:0x28;0x02:0x29;0x02:0x2A;0x02:0x2B;0x02:0x2C;0x05:0x00;0x05:0x01;0x05:0x05;0x05:0x08;0x05:0x0E;0x05:0x11;0x05:0x1B;0x05:0x20;0x05:0x23;0x05:0x24;0x05:0x25;0x05:0x26;0x05:0x27;0x05:0x29;0x05:0x2A;0x05:0x2B;0x05:0x47;0x05:0x50;0x05:0x57;0x05:0x58;0x05:0x59;0x05:0x5B;0x05:0x5F;0x05:0x69;0x05:0x6E;0x05:0x6F;0x05:0x76;0x05:0x90;0x05:0xB8;0x05:0xC8;0x05:0xD1;0x05:0xD4;0x09:0x40;0x09:0x44;0x09:0x64;0x09:0x6A;0x09:0x6B;0x09:0x6C;0x09:0x80;0x09:0x81;0x09:0x97;0x09:0x98;0x09:0x99;0x0A:0x60;0x0A:0x61;0x0A:0x62;0x0A:0x63;0x0A:0x64;0x0A:0x65;0x0A:0x66;0x0A:0x67;0x0A:0x68;0x0A:0x69;0x0A:0x6A;0x0A:0x6B;0x0A:0x6C;0x0A:0x6D;0x0A:0x6E;0x0A:0x6F;0x0A:0x70;0x0A:0x71;0x0A:0x72;0x0A:0x74;0x11:0x00
990,142,MODE1_0142_AHD1080P25_WRITE,TIMEOUT_DURING_WRITE,100,95,ABORTING->UNRESOLVED_REGISTER_GATE->FATAL_RECOVERY_FAILURE,FATAL_RECOVERY_FAILURE,UNRESOLVED_COMMITTED_REGISTERS=0x00:0x00;0x00:0x08;0x00:0x0C;0x00:0x10;0x00:0x14;0x00:0x18;0x00:0x21;0x00:0x22;0x00:0x30;0x00:0x34;0x00:0x3C;0x00:0x40;0x00:0x44;0x00:0x48;0x00:0x4C;0x00:0x50;0x00:0x58;0x00:0x5C;0x00:0x64;0x00:0x89;0x00:0x8E;0x00:0x93;0x00:0xA0;0x00:0xA4;0x01:0xED;0x02:0x02;0x02:0x28;0x02:0x29;0x02:0x2A;0x02:0x2B;0x02:0x2C;0x05:0x00;0x05:0x01;0x05:0x05;0x05:0x08;0x05:0x0E;0x05:0x11;0x05:0x1B;0x05:0x20;0x05:0x23;0x05:0x24;0x05:0x25;0x05:0x26;0x05:0x27;0x05:0x29;0x05:0x2A;0x05:0x2B;0x05:0x47;0x05:0x50;0x05:0x57;0x05:0x58;0x05:0x59;0x05:0x5B;0x05:0x5F;0x05:0x69;0x05:0x6E;0x05:0x6F;0x05:0x76;0x05:0x90;0x05:0xB8;0x05:0xC8;0x05:0xD1;0x05:0xD4;0x09:0x40;0x09:0x44;0x09:0x64;0x09:0x6A;0x09:0x6B;0x09:0x6C;0x09:0x80;0x09:0x81;0x09:0x97;0x09:0x98;0x09:0x99;0x0A:0x60;0x0A:0x61;0x0A:0x62;0x0A:0x63;0x0A:0x64;0x0A:0x65;0x0A:0x66;0x0A:0x67;0x0A:0x68;0x0A:0x69;0x0A:0x6A;0x0A:0x6B;0x0A:0x6C;0x0A:0x6D;0x0A:0x6E;0x0A:0x6F;0x0A:0x70;0x0A:0x71;0x0A:0x72;0x0A:0x74;0x11:0x00
991,142,MODE1_0142_AHD1080P25_WRITE,READBACK_MISMATCH,100,95,ABORTING->UNRESOLVED_REGISTER_GATE->FATAL_RECOVERY_FAILURE,FATAL_RECOVERY_FAILURE,UNRESOLVED_COMMITTED_REGISTERS=0x00:0x00;0x00:0x08;0x00:0x0C;0x00:0x10;0x00:0x14;0x00:0x18;0x00:0x21;0x00:0x22;0x00:0x30;0x00:0x34;0x00:0x3C;0x00:0x40;0x00:0x44;0x00:0x48;0x00:0x4C;0x00:0x50;0x00:0x58;0x00:0x5C;0x00:0x64;0x00:0x89;0x00:0x8E;0x00:0x93;0x00:0xA0;0x00:0xA4;0x01:0xED;0x02:0x02;0x02:0x28;0x02:0x29;0x02:0x2A;0x02:0x2B;0x02:0x2C;0x05:0x00;0x05:0x01;0x05:0x05;0x05:0x08;0x05:0x0E;0x05:0x11;0x05:0x1B;0x05:0x20;0x05:0x23;0x05:0x24;0x05:0x25;0x05:0x26;0x05:0x27;0x05:0x29;0x05:0x2A;0x05:0x2B;0x05:0x47;0x05:0x50;0x05:0x57;0x05:0x58;0x05:0x59;0x05:0x5B;0x05:0x5F;0x05:0x69;0x05:0x6E;0x05:0x6F;0x05:0x76;0x05:0x90;0x05:0xB8;0x05:0xC8;0x05:0xD1;0x05:0xD4;0x09:0x40;0x09:0x44;0x09:0x64;0x09:0x6A;0x09:0x6B;0x09:0x6C;0x09:0x80;0x09:0x81;0x09:0x97;0x09:0x98;0x09:0x99;0x0A:0x60;0x0A:0x61;0x0A:0x62;0x0A:0x63;0x0A:0x64;0x0A:0x65;0x0A:0x66;0x0A:0x67;0x0A:0x68;0x0A:0x69;0x0A:0x6A;0x0A:0x6B;0x0A:0x6C;0x0A:0x6D;0x0A:0x6E;0x0A:0x6F;0x0A:0x70;0x0A:0x71;0x0A:0x72;0x0A:0x74;0x11:0x00
992,142,MODE1_0142_AHD1080P25_WRITE,RESET_BETWEEN_OPERATIONS,100,95,ABORTING->PRODUCT_RECONSTRUCTION_GAP->FATAL_RECOVERY_FAILURE,FATAL_RECOVERY_FAILURE,CALLABLE_RESET_AUTOINIT_OR_PERSISTENT_RECOVERY_CONTEXT_NOT_PROVEN
993,142,MODE1_0142_AHD1080P25_WRITE,HOST_ABORT,100,95,ABORTING->UNRESOLVED_REGISTER_GATE->FATAL_RECOVERY_FAILURE,FATAL_RECOVERY_FAILURE,UNRESOLVED_COMMITTED_REGISTERS=0x00:0x00;0x00:0x08;0x00:0x0C;0x00:0x10;0x00:0x14;0x00:0x18;0x00:0x21;0x00:0x22;0x00:0x30;0x00:0x34;0x00:0x3C;0x00:0x40;0x00:0x44;0x00:0x48;0x00:0x4C;0x00:0x50;0x00:0x58;0x00:0x5C;0x00:0x64;0x00:0x89;0x00:0x8E;0x00:0x93;0x00:0xA0;0x00:0xA4;0x01:0xED;0x02:0x02;0x02:0x28;0x02:0x29;0x02:0x2A;0x02:0x2B;0x02:0x2C;0x05:0x00;0x05:0x01;0x05:0x05;0x05:0x08;0x05:0x0E;0x05:0x11;0x05:0x1B;0x05:0x20;0x05:0x23;0x05:0x24;0x05:0x25;0x05:0x26;0x05:0x27;0x05:0x29;0x05:0x2A;0x05:0x2B;0x05:0x47;0x05:0x50;0x05:0x57;0x05:0x58;0x05:0x59;0x05:0x5B;0x05:0x5F;0x05:0x69;0x05:0x6E;0x05:0x6F;0x05:0x76;0x05:0x90;0x05:0xB8;0x05:0xC8;0x05:0xD1;0x05:0xD4;0x09:0x40;0x09:0x44;0x09:0x64;0x09:0x6A;0x09:0x6B;0x09:0x6C;0x09:0x80;0x09:0x81;0x09:0x97;0x09:0x98;0x09:0x99;0x0A:0x60;0x0A:0x61;0x0A:0x62;0x0A:0x63;0x0A:0x64;0x0A:0x65;0x0A:0x66;0x0A:0x67;0x0A:0x68;0x0A:0x69;0x0A:0x6A;0x0A:0x6B;0x0A:0x6C;0x0A:0x6D;0x0A:0x6E;0x0A:0x6F;0x0A:0x70;0x0A:0x71;0x0A:0x72;0x0A:0x74;0x11:0x00
994,142,MODE1_0142_AHD1080P25_WRITE,MMIO_RESET,100,95,ABORTING->PRODUCT_RECONSTRUCTION_GAP->FATAL_RECOVERY_FAILURE,FATAL_RECOVERY_FAILURE,CALLABLE_RESET_AUTOINIT_OR_PERSISTENT_RECOVERY_CONTEXT_NOT_PROVEN
995,143,MODE1_0143_AHD1080P25_WRITE,FAILURE_BEFORE_WRITE,100,95,ABORTING->UNRESOLVED_REGISTER_GATE->FATAL_RECOVERY_FAILURE,FATAL_RECOVERY_FAILURE,UNRESOLVED_COMMITTED_REGISTERS=0x00:0x00;0x00:0x08;0x00:0x0C;0x00:0x10;0x00:0x14;0x00:0x18;0x00:0x21;0x00:0x22;0x00:0x30;0x00:0x34;0x00:0x3C;0x00:0x40;0x00:0x44;0x00:0x48;0x00:0x4C;0x00:0x50;0x00:0x58;0x00:0x5C;0x00:0x64;0x00:0x89;0x00:0x8E;0x00:0x93;0x00:0xA0;0x00:0xA4;0x01:0xED;0x02:0x02;0x02:0x28;0x02:0x29;0x02:0x2A;0x02:0x2B;0x02:0x2C;0x05:0x00;0x05:0x01;0x05:0x05;0x05:0x08;0x05:0x0E;0x05:0x11;0x05:0x1B;0x05:0x20;0x05:0x23;0x05:0x24;0x05:0x25;0x05:0x26;0x05:0x27;0x05:0x29;0x05:0x2A;0x05:0x2B;0x05:0x47;0x05:0x50;0x05:0x57;0x05:0x58;0x05:0x59;0x05:0x5B;0x05:0x5F;0x05:0x69;0x05:0x6E;0x05:0x6F;0x05:0x76;0x05:0x90;0x05:0xB8;0x05:0xC8;0x05:0xD1;0x05:0xD4;0x09:0x40;0x09:0x44;0x09:0x64;0x09:0x6A;0x09:0x6B;0x09:0x6C;0x09:0x80;0x09:0x81;0x09:0x97;0x09:0x98;0x09:0x99;0x0A:0x60;0x0A:0x61;0x0A:0x62;0x0A:0x63;0x0A:0x64;0x0A:0x65;0x0A:0x66;0x0A:0x67;0x0A:0x68;0x0A:0x69;0x0A:0x6A;0x0A:0x6B;0x0A:0x6C;0x0A:0x6D;0x0A:0x6E;0x0A:0x6F;0x0A:0x70;0x0A:0x71;0x0A:0x72;0x0A:0x74;0x11:0x00
996,143,MODE1_0143_AHD1080P25_WRITE,NACK_DURING_WRITE,100,95,ABORTING->UNRESOLVED_REGISTER_GATE->FATAL_RECOVERY_FAILURE,FATAL_RECOVERY_FAILURE,UNRESOLVED_COMMITTED_REGISTERS=0x00:0x00;0x00:0x08;0x00:0x0C;0x00:0x10;0x00:0x14;0x00:0x18;0x00:0x21;0x00:0x22;0x00:0x30;0x00:0x34;0x00:0x3C;0x00:0x40;0x00:0x44;0x00:0x48;0x00:0x4C;0x00:0x50;0x00:0x58;0x00:0x5C;0x00:0x64;0x00:0x89;0x00:0x8E;0x00:0x93;0x00:0xA0;0x00:0xA4;0x01:0xED;0x02:0x02;0x02:0x28;0x02:0x29;0x02:0x2A;0x02:0x2B;0x02:0x2C;0x05:0x00;0x05:0x01;0x05:0x05;0x05:0x08;0x05:0x0E;0x05:0x11;0x05:0x1B;0x05:0x20;0x05:0x23;0x05:0x24;0x05:0x25;0x05:0x26;0x05:0x27;0x05:0x29;0x05:0x2A;0x05:0x2B;0x05:0x47;0x05:0x50;0x05:0x57;0x05:0x58;0x05:0x59;0x05:0x5B;0x05:0x5F;0x05:0x69;0x05:0x6E;0x05:0x6F;0x05:0x76;0x05:0x90;0x05:0xB8;0x05:0xC8;0x05:0xD1;0x05:0xD4;0x09:0x40;0x09:0x44;0x09:0x64;0x09:0x6A;0x09:0x6B;0x09:0x6C;0x09:0x80;0x09:0x81;0x09:0x97;0x09:0x98;0x09:0x99;0x0A:0x60;0x0A:0x61;0x0A:0x62;0x0A:0x63;0x0A:0x64;0x0A:0x65;0x0A:0x66;0x0A:0x67;0x0A:0x68;0x0A:0x69;0x0A:0x6A;0x0A:0x6B;0x0A:0x6C;0x0A:0x6D;0x0A:0x6E;0x0A:0x6F;0x0A:0x70;0x0A:0x71;0x0A:0x72;0x0A:0x74;0x11:0x00
997,143,MODE1_0143_AHD1080P25_WRITE,TIMEOUT_DURING_WRITE,100,95,ABORTING->UNRESOLVED_REGISTER_GATE->FATAL_RECOVERY_FAILURE,FATAL_RECOVERY_FAILURE,UNRESOLVED_COMMITTED_REGISTERS=0x00:0x00;0x00:0x08;0x00:0x0C;0x00:0x10;0x00:0x14;0x00:0x18;0x00:0x21;0x00:0x22;0x00:0x30;0x00:0x34;0x00:0x3C;0x00:0x40;0x00:0x44;0x00:0x48;0x00:0x4C;0x00:0x50;0x00:0x58;0x00:0x5C;0x00:0x64;0x00:0x89;0x00:0x8E;0x00:0x93;0x00:0xA0;0x00:0xA4;0x01:0xED;0x02:0x02;0x02:0x28;0x02:0x29;0x02:0x2A;0x02:0x2B;0x02:0x2C;0x05:0x00;0x05:0x01;0x05:0x05;0x05:0x08;0x05:0x0E;0x05:0x11;0x05:0x1B;0x05:0x20;0x05:0x23;0x05:0x24;0x05:0x25;0x05:0x26;0x05:0x27;0x05:0x29;0x05:0x2A;0x05:0x2B;0x05:0x47;0x05:0x50;0x05:0x57;0x05:0x58;0x05:0x59;0x05:0x5B;0x05:0x5F;0x05:0x69;0x05:0x6E;0x05:0x6F;0x05:0x76;0x05:0x90;0x05:0xB8;0x05:0xC8;0x05:0xD1;0x05:0xD4;0x09:0x40;0x09:0x44;0x09:0x64;0x09:0x6A;0x09:0x6B;0x09:0x6C;0x09:0x80;0x09:0x81;0x09:0x97;0x09:0x98;0x09:0x99;0x0A:0x60;0x0A:0x61;0x0A:0x62;0x0A:0x63;0x0A:0x64;0x0A:0x65;0x0A:0x66;0x0A:0x67;0x0A:0x68;0x0A:0x69;0x0A:0x6A;0x0A:0x6B;0x0A:0x6C;0x0A:0x6D;0x0A:0x6E;0x0A:0x6F;0x0A:0x70;0x0A:0x71;0x0A:0x72;0x0A:0x74;0x11:0x00
998,143,MODE1_0143_AHD1080P25_WRITE,READBACK_MISMATCH,100,95,ABORTING->UNRESOLVED_REGISTER_GATE->FATAL_RECOVERY_FAILURE,FATAL_RECOVERY_FAILURE,UNRESOLVED_COMMITTED_REGISTERS=0x00:0x00;0x00:0x08;0x00:0x0C;0x00:0x10;0x00:0x14;0x00:0x18;0x00:0x21;0x00:0x22;0x00:0x30;0x00:0x34;0x00:0x3C;0x00:0x40;0x00:0x44;0x00:0x48;0x00:0x4C;0x00:0x50;0x00:0x58;0x00:0x5C;0x00:0x64;0x00:0x89;0x00:0x8E;0x00:0x93;0x00:0xA0;0x00:0xA4;0x01:0xED;0x02:0x02;0x02:0x28;0x02:0x29;0x02:0x2A;0x02:0x2B;0x02:0x2C;0x05:0x00;0x05:0x01;0x05:0x05;0x05:0x08;0x05:0x0E;0x05:0x11;0x05:0x1B;0x05:0x20;0x05:0x23;0x05:0x24;0x05:0x25;0x05:0x26;0x05:0x27;0x05:0x29;0x05:0x2A;0x05:0x2B;0x05:0x47;0x05:0x50;0x05:0x57;0x05:0x58;0x05:0x59;0x05:0x5B;0x05:0x5F;0x05:0x69;0x05:0x6E;0x05:0x6F;0x05:0x76;0x05:0x90;0x05:0xB8;0x05:0xC8;0x05:0xD1;0x05:0xD4;0x09:0x40;0x09:0x44;0x09:0x64;0x09:0x6A;0x09:0x6B;0x09:0x6C;0x09:0x80;0x09:0x81;0x09:0x97;0x09:0x98;0x09:0x99;0x0A:0x60;0x0A:0x61;0x0A:0x62;0x0A:0x63;0x0A:0x64;0x0A:0x65;0x0A:0x66;0x0A:0x67;0x0A:0x68;0x0A:0x69;0x0A:0x6A;0x0A:0x6B;0x0A:0x6C;0x0A:0x6D;0x0A:0x6E;0x0A:0x6F;0x0A:0x70;0x0A:0x71;0x0A:0x72;0x0A:0x74;0x11:0x00
999,143,MODE1_0143_AHD1080P25_WRITE,RESET_BETWEEN_OPERATIONS,100,95,ABORTING->PRODUCT_RECONSTRUCTION_GAP->FATAL_RECOVERY_FAILURE,FATAL_RECOVERY_FAILURE,CALLABLE_RESET_AUTOINIT_OR_PERSISTENT_RECOVERY_CONTEXT_NOT_PROVEN
1000,143,MODE1_0143_AHD1080P25_WRITE,HOST_ABORT,100,95,ABORTING->UNRESOLVED_REGISTER_GATE->FATAL_RECOVERY_FAILURE,FATAL_RECOVERY_FAILURE,UNRESOLVED_COMMITTED_REGISTERS=0x00:0x00;0x00:0x08;0x00:0x0C;0x00:0x10;0x00:0x14;0x00:0x18;0x00:0x21;0x00:0x22;0x00:0x30;0x00:0x34;0x00:0x3C;0x00:0x40;0x00:0x44;0x00:0x48;0x00:0x4C;0x00:0x50;0x00:0x58;0x00:0x5C;0x00:0x64;0x00:0x89;0x00:0x8E;0x00:0x93;0x00:0xA0;0x00:0xA4;0x01:0xED;0x02:0x02;0x02:0x28;0x02:0x29;0x02:0x2A;0x02:0x2B;0x02:0x2C;0x05:0x00;0x05:0x01;0x05:0x05;0x05:0x08;0x05:0x0E;0x05:0x11;0x05:0x1B;0x05:0x20;0x05:0x23;0x05:0x24;0x05:0x25;0x05:0x26;0x05:0x27;0x05:0x29;0x05:0x2A;0x05:0x2B;0x05:0x47;0x05:0x50;0x05:0x57;0x05:0x58;0x05:0x59;0x05:0x5B;0x05:0x5F;0x05:0x69;0x05:0x6E;0x05:0x6F;0x05:0x76;0x05:0x90;0x05:0xB8;0x05:0xC8;0x05:0xD1;0x05:0xD4;0x09:0x40;0x09:0x44;0x09:0x64;0x09:0x6A;0x09:0x6B;0x09:0x6C;0x09:0x80;0x09:0x81;0x09:0x97;0x09:0x98;0x09:0x99;0x0A:0x60;0x0A:0x61;0x0A:0x62;0x0A:0x63;0x0A:0x64;0x0A:0x65;0x0A:0x66;0x0A:0x67;0x0A:0x68;0x0A:0x69;0x0A:0x6A;0x0A:0x6B;0x0A:0x6C;0x0A:0x6D;0x0A:0x6E;0x0A:0x6F;0x0A:0x70;0x0A:0x71;0x0A:0x72;0x0A:0x74;0x11:0x00
1001,143,MODE1_0143_AHD1080P25_WRITE,MMIO_RESET,100,95,ABORTING->PRODUCT_RECONSTRUCTION_GAP->FATAL_RECOVERY_FAILURE,FATAL_RECOVERY_FAILURE,CALLABLE_RESET_AUTOINIT_OR_PERSISTENT_RECOVERY_CONTEXT_NOT_PROVEN
1002,144,MODE1_0144_AHD1080P25_WRITE,FAILURE_BEFORE_WRITE,100,95,ABORTING->UNRESOLVED_REGISTER_GATE->FATAL_RECOVERY_FAILURE,FATAL_RECOVERY_FAILURE,UNRESOLVED_COMMITTED_REGISTERS=0x00:0x00;0x00:0x08;0x00:0x0C;0x00:0x10;0x00:0x14;0x00:0x18;0x00:0x21;0x00:0x22;0x00:0x30;0x00:0x34;0x00:0x3C;0x00:0x40;0x00:0x44;0x00:0x48;0x00:0x4C;0x00:0x50;0x00:0x58;0x00:0x5C;0x00:0x64;0x00:0x89;0x00:0x8E;0x00:0x93;0x00:0xA0;0x00:0xA4;0x01:0xED;0x02:0x02;0x02:0x28;0x02:0x29;0x02:0x2A;0x02:0x2B;0x02:0x2C;0x05:0x00;0x05:0x01;0x05:0x05;0x05:0x08;0x05:0x0E;0x05:0x11;0x05:0x1B;0x05:0x20;0x05:0x23;0x05:0x24;0x05:0x25;0x05:0x26;0x05:0x27;0x05:0x29;0x05:0x2A;0x05:0x2B;0x05:0x47;0x05:0x50;0x05:0x57;0x05:0x58;0x05:0x59;0x05:0x5B;0x05:0x5F;0x05:0x69;0x05:0x6E;0x05:0x6F;0x05:0x76;0x05:0x90;0x05:0xB8;0x05:0xC8;0x05:0xD1;0x05:0xD4;0x09:0x40;0x09:0x44;0x09:0x64;0x09:0x6A;0x09:0x6B;0x09:0x6C;0x09:0x80;0x09:0x81;0x09:0x97;0x09:0x98;0x09:0x99;0x0A:0x60;0x0A:0x61;0x0A:0x62;0x0A:0x63;0x0A:0x64;0x0A:0x65;0x0A:0x66;0x0A:0x67;0x0A:0x68;0x0A:0x69;0x0A:0x6A;0x0A:0x6B;0x0A:0x6C;0x0A:0x6D;0x0A:0x6E;0x0A:0x6F;0x0A:0x70;0x0A:0x71;0x0A:0x72;0x0A:0x74;0x11:0x00
1003,144,MODE1_0144_AHD1080P25_WRITE,NACK_DURING_WRITE,100,95,ABORTING->UNRESOLVED_REGISTER_GATE->FATAL_RECOVERY_FAILURE,FATAL_RECOVERY_FAILURE,UNRESOLVED_COMMITTED_REGISTERS=0x00:0x00;0x00:0x08;0x00:0x0C;0x00:0x10;0x00:0x14;0x00:0x18;0x00:0x21;0x00:0x22;0x00:0x30;0x00:0x34;0x00:0x3C;0x00:0x40;0x00:0x44;0x00:0x48;0x00:0x4C;0x00:0x50;0x00:0x58;0x00:0x5C;0x00:0x64;0x00:0x89;0x00:0x8E;0x00:0x93;0x00:0xA0;0x00:0xA4;0x01:0xED;0x02:0x02;0x02:0x28;0x02:0x29;0x02:0x2A;0x02:0x2B;0x02:0x2C;0x05:0x00;0x05:0x01;0x05:0x05;0x05:0x08;0x05:0x0E;0x05:0x11;0x05:0x1B;0x05:0x20;0x05:0x23;0x05:0x24;0x05:0x25;0x05:0x26;0x05:0x27;0x05:0x29;0x05:0x2A;0x05:0x2B;0x05:0x47;0x05:0x50;0x05:0x57;0x05:0x58;0x05:0x59;0x05:0x5B;0x05:0x5F;0x05:0x69;0x05:0x6E;0x05:0x6F;0x05:0x76;0x05:0x90;0x05:0xB8;0x05:0xC8;0x05:0xD1;0x05:0xD4;0x09:0x40;0x09:0x44;0x09:0x64;0x09:0x6A;0x09:0x6B;0x09:0x6C;0x09:0x80;0x09:0x81;0x09:0x97;0x09:0x98;0x09:0x99;0x0A:0x60;0x0A:0x61;0x0A:0x62;0x0A:0x63;0x0A:0x64;0x0A:0x65;0x0A:0x66;0x0A:0x67;0x0A:0x68;0x0A:0x69;0x0A:0x6A;0x0A:0x6B;0x0A:0x6C;0x0A:0x6D;0x0A:0x6E;0x0A:0x6F;0x0A:0x70;0x0A:0x71;0x0A:0x72;0x0A:0x74;0x11:0x00
1004,144,MODE1_0144_AHD1080P25_WRITE,TIMEOUT_DURING_WRITE,100,95,ABORTING->UNRESOLVED_REGISTER_GATE->FATAL_RECOVERY_FAILURE,FATAL_RECOVERY_FAILURE,UNRESOLVED_COMMITTED_REGISTERS=0x00:0x00;0x00:0x08;0x00:0x0C;0x00:0x10;0x00:0x14;0x00:0x18;0x00:0x21;0x00:0x22;0x00:0x30;0x00:0x34;0x00:0x3C;0x00:0x40;0x00:0x44;0x00:0x48;0x00:0x4C;0x00:0x50;0x00:0x58;0x00:0x5C;0x00:0x64;0x00:0x89;0x00:0x8E;0x00:0x93;0x00:0xA0;0x00:0xA4;0x01:0xED;0x02:0x02;0x02:0x28;0x02:0x29;0x02:0x2A;0x02:0x2B;0x02:0x2C;0x05:0x00;0x05:0x01;0x05:0x05;0x05:0x08;0x05:0x0E;0x05:0x11;0x05:0x1B;0x05:0x20;0x05:0x23;0x05:0x24;0x05:0x25;0x05:0x26;0x05:0x27;0x05:0x29;0x05:0x2A;0x05:0x2B;0x05:0x47;0x05:0x50;0x05:0x57;0x05:0x58;0x05:0x59;0x05:0x5B;0x05:0x5F;0x05:0x69;0x05:0x6E;0x05:0x6F;0x05:0x76;0x05:0x90;0x05:0xB8;0x05:0xC8;0x05:0xD1;0x05:0xD4;0x09:0x40;0x09:0x44;0x09:0x64;0x09:0x6A;0x09:0x6B;0x09:0x6C;0x09:0x80;0x09:0x81;0x09:0x97;0x09:0x98;0x09:0x99;0x0A:0x60;0x0A:0x61;0x0A:0x62;0x0A:0x63;0x0A:0x64;0x0A:0x65;0x0A:0x66;0x0A:0x67;0x0A:0x68;0x0A:0x69;0x0A:0x6A;0x0A:0x6B;0x0A:0x6C;0x0A:0x6D;0x0A:0x6E;0x0A:0x6F;0x0A:0x70;0x0A:0x71;0x0A:0x72;0x0A:0x74;0x11:0x00
1005,144,MODE1_0144_AHD1080P25_WRITE,READBACK_MISMATCH,100,95,ABORTING->UNRESOLVED_REGISTER_GATE->FATAL_RECOVERY_FAILURE,FATAL_RECOVERY_FAILURE,UNRESOLVED_COMMITTED_REGISTERS=0x00:0x00;0x00:0x08;0x00:0x0C;0x00:0x10;0x00:0x14;0x00:0x18;0x00:0x21;0x00:0x22;0x00:0x30;0x00:0x34;0x00:0x3C;0x00:0x40;0x00:0x44;0x00:0x48;0x00:0x4C;0x00:0x50;0x00:0x58;0x00:0x5C;0x00:0x64;0x00:0x89;0x00:0x8E;0x00:0x93;0x00:0xA0;0x00:0xA4;0x01:0xED;0x02:0x02;0x02:0x28;0x02:0x29;0x02:0x2A;0x02:0x2B;0x02:0x2C;0x05:0x00;0x05:0x01;0x05:0x05;0x05:0x08;0x05:0x0E;0x05:0x11;0x05:0x1B;0x05:0x20;0x05:0x23;0x05:0x24;0x05:0x25;0x05:0x26;0x05:0x27;0x05:0x29;0x05:0x2A;0x05:0x2B;0x05:0x47;0x05:0x50;0x05:0x57;0x05:0x58;0x05:0x59;0x05:0x5B;0x05:0x5F;0x05:0x69;0x05:0x6E;0x05:0x6F;0x05:0x76;0x05:0x90;0x05:0xB8;0x05:0xC8;0x05:0xD1;0x05:0xD4;0x09:0x40;0x09:0x44;0x09:0x64;0x09:0x6A;0x09:0x6B;0x09:0x6C;0x09:0x80;0x09:0x81;0x09:0x97;0x09:0x98;0x09:0x99;0x0A:0x60;0x0A:0x61;0x0A:0x62;0x0A:0x63;0x0A:0x64;0x0A:0x65;0x0A:0x66;0x0A:0x67;0x0A:0x68;0x0A:0x69;0x0A:0x6A;0x0A:0x6B;0x0A:0x6C;0x0A:0x6D;0x0A:0x6E;0x0A:0x6F;0x0A:0x70;0x0A:0x71;0x0A:0x72;0x0A:0x74;0x11:0x00
1006,144,MODE1_0144_AHD1080P25_WRITE,RESET_BETWEEN_OPERATIONS,100,95,ABORTING->PRODUCT_RECONSTRUCTION_GAP->FATAL_RECOVERY_FAILURE,FATAL_RECOVERY_FAILURE,CALLABLE_RESET_AUTOINIT_OR_PERSISTENT_RECOVERY_CONTEXT_NOT_PROVEN
1007,144,MODE1_0144_AHD1080P25_WRITE,HOST_ABORT,100,95,ABORTING->UNRESOLVED_REGISTER_GATE->FATAL_RECOVERY_FAILURE,FATAL_RECOVERY_FAILURE,UNRESOLVED_COMMITTED_REGISTERS=0x00:0x00;0x00:0x08;0x00:0x0C;0x00:0x10;0x00:0x14;0x00:0x18;0x00:0x21;0x00:0x22;0x00:0x30;0x00:0x34;0x00:0x3C;0x00:0x40;0x00:0x44;0x00:0x48;0x00:0x4C;0x00:0x50;0x00:0x58;0x00:0x5C;0x00:0x64;0x00:0x89;0x00:0x8E;0x00:0x93;0x00:0xA0;0x00:0xA4;0x01:0xED;0x02:0x02;0x02:0x28;0x02:0x29;0x02:0x2A;0x02:0x2B;0x02:0x2C;0x05:0x00;0x05:0x01;0x05:0x05;0x05:0x08;0x05:0x0E;0x05:0x11;0x05:0x1B;0x05:0x20;0x05:0x23;0x05:0x24;0x05:0x25;0x05:0x26;0x05:0x27;0x05:0x29;0x05:0x2A;0x05:0x2B;0x05:0x47;0x05:0x50;0x05:0x57;0x05:0x58;0x05:0x59;0x05:0x5B;0x05:0x5F;0x05:0x69;0x05:0x6E;0x05:0x6F;0x05:0x76;0x05:0x90;0x05:0xB8;0x05:0xC8;0x05:0xD1;0x05:0xD4;0x09:0x40;0x09:0x44;0x09:0x64;0x09:0x6A;0x09:0x6B;0x09:0x6C;0x09:0x80;0x09:0x81;0x09:0x97;0x09:0x98;0x09:0x99;0x0A:0x60;0x0A:0x61;0x0A:0x62;0x0A:0x63;0x0A:0x64;0x0A:0x65;0x0A:0x66;0x0A:0x67;0x0A:0x68;0x0A:0x69;0x0A:0x6A;0x0A:0x6B;0x0A:0x6C;0x0A:0x6D;0x0A:0x6E;0x0A:0x6F;0x0A:0x70;0x0A:0x71;0x0A:0x72;0x0A:0x74;0x11:0x00
1008,144,MODE1_0144_AHD1080P25_WRITE,MMIO_RESET,100,95,ABORTING->PRODUCT_RECONSTRUCTION_GAP->FATAL_RECOVERY_FAILURE,FATAL_RECOVERY_FAILURE,CALLABLE_RESET_AUTOINIT_OR_PERSISTENT_RECOVERY_CONTEXT_NOT_PROVEN
1009,145,MODE1_0145_AHD1080P25_WRITE,FAILURE_BEFORE_WRITE,100,95,ABORTING->UNRESOLVED_REGISTER_GATE->FATAL_RECOVERY_FAILURE,FATAL_RECOVERY_FAILURE,UNRESOLVED_COMMITTED_REGISTERS=0x00:0x00;0x00:0x08;0x00:0x0C;0x00:0x10;0x00:0x14;0x00:0x18;0x00:0x21;0x00:0x22;0x00:0x30;0x00:0x34;0x00:0x3C;0x00:0x40;0x00:0x44;0x00:0x48;0x00:0x4C;0x00:0x50;0x00:0x58;0x00:0x5C;0x00:0x64;0x00:0x89;0x00:0x8E;0x00:0x93;0x00:0xA0;0x00:0xA4;0x01:0xED;0x02:0x02;0x02:0x28;0x02:0x29;0x02:0x2A;0x02:0x2B;0x02:0x2C;0x05:0x00;0x05:0x01;0x05:0x05;0x05:0x08;0x05:0x0E;0x05:0x11;0x05:0x1B;0x05:0x20;0x05:0x23;0x05:0x24;0x05:0x25;0x05:0x26;0x05:0x27;0x05:0x29;0x05:0x2A;0x05:0x2B;0x05:0x47;0x05:0x50;0x05:0x57;0x05:0x58;0x05:0x59;0x05:0x5B;0x05:0x5F;0x05:0x69;0x05:0x6E;0x05:0x6F;0x05:0x76;0x05:0x90;0x05:0xB8;0x05:0xC8;0x05:0xD1;0x05:0xD4;0x09:0x40;0x09:0x44;0x09:0x64;0x09:0x6A;0x09:0x6B;0x09:0x6C;0x09:0x80;0x09:0x81;0x09:0x97;0x09:0x98;0x09:0x99;0x0A:0x60;0x0A:0x61;0x0A:0x62;0x0A:0x63;0x0A:0x64;0x0A:0x65;0x0A:0x66;0x0A:0x67;0x0A:0x68;0x0A:0x69;0x0A:0x6A;0x0A:0x6B;0x0A:0x6C;0x0A:0x6D;0x0A:0x6E;0x0A:0x6F;0x0A:0x70;0x0A:0x71;0x0A:0x72;0x0A:0x74;0x11:0x00
1010,145,MODE1_0145_AHD1080P25_WRITE,NACK_DURING_WRITE,101,96,ABORTING->UNRESOLVED_REGISTER_GATE->FATAL_RECOVERY_FAILURE,FATAL_RECOVERY_FAILURE,UNRESOLVED_COMMITTED_REGISTERS=0x00:0x00;0x00:0x08;0x00:0x0C;0x00:0x10;0x00:0x14;0x00:0x18;0x00:0x21;0x00:0x22;0x00:0x30;0x00:0x34;0x00:0x3C;0x00:0x40;0x00:0x44;0x00:0x48;0x00:0x4C;0x00:0x50;0x00:0x58;0x00:0x5C;0x00:0x64;0x00:0x89;0x00:0x8E;0x00:0x93;0x00:0xA0;0x00:0xA4;0x01:0xED;0x02:0x02;0x02:0x28;0x02:0x29;0x02:0x2A;0x02:0x2B;0x02:0x2C;0x05:0x00;0x05:0x01;0x05:0x05;0x05:0x08;0x05:0x0E;0x05:0x11;0x05:0x1B;0x05:0x20;0x05:0x23;0x05:0x24;0x05:0x25;0x05:0x26;0x05:0x27;0x05:0x29;0x05:0x2A;0x05:0x2B;0x05:0x47;0x05:0x50;0x05:0x57;0x05:0x58;0x05:0x59;0x05:0x5B;0x05:0x5F;0x05:0x69;0x05:0x6E;0x05:0x6F;0x05:0x75;0x05:0x76;0x05:0x90;0x05:0xB8;0x05:0xC8;0x05:0xD1;0x05:0xD4;0x09:0x40;0x09:0x44;0x09:0x64;0x09:0x6A;0x09:0x6B;0x09:0x6C;0x09:0x80;0x09:0x81;0x09:0x97;0x09:0x98;0x09:0x99;0x0A:0x60;0x0A:0x61;0x0A:0x62;0x0A:0x63;0x0A:0x64;0x0A:0x65;0x0A:0x66;0x0A:0x67;0x0A:0x68;0x0A:0x69;0x0A:0x6A;0x0A:0x6B;0x0A:0x6C;0x0A:0x6D;0x0A:0x6E;0x0A:0x6F;0x0A:0x70;0x0A:0x71;0x0A:0x72;0x0A:0x74;0x11:0x00
1011,145,MODE1_0145_AHD1080P25_WRITE,TIMEOUT_DURING_WRITE,101,96,ABORTING->UNRESOLVED_REGISTER_GATE->FATAL_RECOVERY_FAILURE,FATAL_RECOVERY_FAILURE,UNRESOLVED_COMMITTED_REGISTERS=0x00:0x00;0x00:0x08;0x00:0x0C;0x00:0x10;0x00:0x14;0x00:0x18;0x00:0x21;0x00:0x22;0x00:0x30;0x00:0x34;0x00:0x3C;0x00:0x40;0x00:0x44;0x00:0x48;0x00:0x4C;0x00:0x50;0x00:0x58;0x00:0x5C;0x00:0x64;0x00:0x89;0x00:0x8E;0x00:0x93;0x00:0xA0;0x00:0xA4;0x01:0xED;0x02:0x02;0x02:0x28;0x02:0x29;0x02:0x2A;0x02:0x2B;0x02:0x2C;0x05:0x00;0x05:0x01;0x05:0x05;0x05:0x08;0x05:0x0E;0x05:0x11;0x05:0x1B;0x05:0x20;0x05:0x23;0x05:0x24;0x05:0x25;0x05:0x26;0x05:0x27;0x05:0x29;0x05:0x2A;0x05:0x2B;0x05:0x47;0x05:0x50;0x05:0x57;0x05:0x58;0x05:0x59;0x05:0x5B;0x05:0x5F;0x05:0x69;0x05:0x6E;0x05:0x6F;0x05:0x75;0x05:0x76;0x05:0x90;0x05:0xB8;0x05:0xC8;0x05:0xD1;0x05:0xD4;0x09:0x40;0x09:0x44;0x09:0x64;0x09:0x6A;0x09:0x6B;0x09:0x6C;0x09:0x80;0x09:0x81;0x09:0x97;0x09:0x98;0x09:0x99;0x0A:0x60;0x0A:0x61;0x0A:0x62;0x0A:0x63;0x0A:0x64;0x0A:0x65;0x0A:0x66;0x0A:0x67;0x0A:0x68;0x0A:0x69;0x0A:0x6A;0x0A:0x6B;0x0A:0x6C;0x0A:0x6D;0x0A:0x6E;0x0A:0x6F;0x0A:0x70;0x0A:0x71;0x0A:0x72;0x0A:0x74;0x11:0x00
1012,145,MODE1_0145_AHD1080P25_WRITE,READBACK_MISMATCH,101,96,ABORTING->UNRESOLVED_REGISTER_GATE->FATAL_RECOVERY_FAILURE,FATAL_RECOVERY_FAILURE,UNRESOLVED_COMMITTED_REGISTERS=0x00:0x00;0x00:0x08;0x00:0x0C;0x00:0x10;0x00:0x14;0x00:0x18;0x00:0x21;0x00:0x22;0x00:0x30;0x00:0x34;0x00:0x3C;0x00:0x40;0x00:0x44;0x00:0x48;0x00:0x4C;0x00:0x50;0x00:0x58;0x00:0x5C;0x00:0x64;0x00:0x89;0x00:0x8E;0x00:0x93;0x00:0xA0;0x00:0xA4;0x01:0xED;0x02:0x02;0x02:0x28;0x02:0x29;0x02:0x2A;0x02:0x2B;0x02:0x2C;0x05:0x00;0x05:0x01;0x05:0x05;0x05:0x08;0x05:0x0E;0x05:0x11;0x05:0x1B;0x05:0x20;0x05:0x23;0x05:0x24;0x05:0x25;0x05:0x26;0x05:0x27;0x05:0x29;0x05:0x2A;0x05:0x2B;0x05:0x47;0x05:0x50;0x05:0x57;0x05:0x58;0x05:0x59;0x05:0x5B;0x05:0x5F;0x05:0x69;0x05:0x6E;0x05:0x6F;0x05:0x75;0x05:0x76;0x05:0x90;0x05:0xB8;0x05:0xC8;0x05:0xD1;0x05:0xD4;0x09:0x40;0x09:0x44;0x09:0x64;0x09:0x6A;0x09:0x6B;0x09:0x6C;0x09:0x80;0x09:0x81;0x09:0x97;0x09:0x98;0x09:0x99;0x0A:0x60;0x0A:0x61;0x0A:0x62;0x0A:0x63;0x0A:0x64;0x0A:0x65;0x0A:0x66;0x0A:0x67;0x0A:0x68;0x0A:0x69;0x0A:0x6A;0x0A:0x6B;0x0A:0x6C;0x0A:0x6D;0x0A:0x6E;0x0A:0x6F;0x0A:0x70;0x0A:0x71;0x0A:0x72;0x0A:0x74;0x11:0x00
1013,145,MODE1_0145_AHD1080P25_WRITE,RESET_BETWEEN_OPERATIONS,101,96,ABORTING->PRODUCT_RECONSTRUCTION_GAP->FATAL_RECOVERY_FAILURE,FATAL_RECOVERY_FAILURE,CALLABLE_RESET_AUTOINIT_OR_PERSISTENT_RECOVERY_CONTEXT_NOT_PROVEN
1014,145,MODE1_0145_AHD1080P25_WRITE,HOST_ABORT,101,96,ABORTING->UNRESOLVED_REGISTER_GATE->FATAL_RECOVERY_FAILURE,FATAL_RECOVERY_FAILURE,UNRESOLVED_COMMITTED_REGISTERS=0x00:0x00;0x00:0x08;0x00:0x0C;0x00:0x10;0x00:0x14;0x00:0x18;0x00:0x21;0x00:0x22;0x00:0x30;0x00:0x34;0x00:0x3C;0x00:0x40;0x00:0x44;0x00:0x48;0x00:0x4C;0x00:0x50;0x00:0x58;0x00:0x5C;0x00:0x64;0x00:0x89;0x00:0x8E;0x00:0x93;0x00:0xA0;0x00:0xA4;0x01:0xED;0x02:0x02;0x02:0x28;0x02:0x29;0x02:0x2A;0x02:0x2B;0x02:0x2C;0x05:0x00;0x05:0x01;0x05:0x05;0x05:0x08;0x05:0x0E;0x05:0x11;0x05:0x1B;0x05:0x20;0x05:0x23;0x05:0x24;0x05:0x25;0x05:0x26;0x05:0x27;0x05:0x29;0x05:0x2A;0x05:0x2B;0x05:0x47;0x05:0x50;0x05:0x57;0x05:0x58;0x05:0x59;0x05:0x5B;0x05:0x5F;0x05:0x69;0x05:0x6E;0x05:0x6F;0x05:0x75;0x05:0x76;0x05:0x90;0x05:0xB8;0x05:0xC8;0x05:0xD1;0x05:0xD4;0x09:0x40;0x09:0x44;0x09:0x64;0x09:0x6A;0x09:0x6B;0x09:0x6C;0x09:0x80;0x09:0x81;0x09:0x97;0x09:0x98;0x09:0x99;0x0A:0x60;0x0A:0x61;0x0A:0x62;0x0A:0x63;0x0A:0x64;0x0A:0x65;0x0A:0x66;0x0A:0x67;0x0A:0x68;0x0A:0x69;0x0A:0x6A;0x0A:0x6B;0x0A:0x6C;0x0A:0x6D;0x0A:0x6E;0x0A:0x6F;0x0A:0x70;0x0A:0x71;0x0A:0x72;0x0A:0x74;0x11:0x00
1015,145,MODE1_0145_AHD1080P25_WRITE,MMIO_RESET,101,96,ABORTING->PRODUCT_RECONSTRUCTION_GAP->FATAL_RECOVERY_FAILURE,FATAL_RECOVERY_FAILURE,CALLABLE_RESET_AUTOINIT_OR_PERSISTENT_RECOVERY_CONTEXT_NOT_PROVEN
1016,146,MODE1_0146_AHD1080P25_WRITE,FAILURE_BEFORE_WRITE,101,96,ABORTING->UNRESOLVED_REGISTER_GATE->FATAL_RECOVERY_FAILURE,FATAL_RECOVERY_FAILURE,UNRESOLVED_COMMITTED_REGISTERS=0x00:0x00;0x00:0x08;0x00:0x0C;0x00:0x10;0x00:0x14;0x00:0x18;0x00:0x21;0x00:0x22;0x00:0x30;0x00:0x34;0x00:0x3C;0x00:0x40;0x00:0x44;0x00:0x48;0x00:0x4C;0x00:0x50;0x00:0x58;0x00:0x5C;0x00:0x64;0x00:0x89;0x00:0x8E;0x00:0x93;0x00:0xA0;0x00:0xA4;0x01:0xED;0x02:0x02;0x02:0x28;0x02:0x29;0x02:0x2A;0x02:0x2B;0x02:0x2C;0x05:0x00;0x05:0x01;0x05:0x05;0x05:0x08;0x05:0x0E;0x05:0x11;0x05:0x1B;0x05:0x20;0x05:0x23;0x05:0x24;0x05:0x25;0x05:0x26;0x05:0x27;0x05:0x29;0x05:0x2A;0x05:0x2B;0x05:0x47;0x05:0x50;0x05:0x57;0x05:0x58;0x05:0x59;0x05:0x5B;0x05:0x5F;0x05:0x69;0x05:0x6E;0x05:0x6F;0x05:0x75;0x05:0x76;0x05:0x90;0x05:0xB8;0x05:0xC8;0x05:0xD1;0x05:0xD4;0x09:0x40;0x09:0x44;0x09:0x64;0x09:0x6A;0x09:0x6B;0x09:0x6C;0x09:0x80;0x09:0x81;0x09:0x97;0x09:0x98;0x09:0x99;0x0A:0x60;0x0A:0x61;0x0A:0x62;0x0A:0x63;0x0A:0x64;0x0A:0x65;0x0A:0x66;0x0A:0x67;0x0A:0x68;0x0A:0x69;0x0A:0x6A;0x0A:0x6B;0x0A:0x6C;0x0A:0x6D;0x0A:0x6E;0x0A:0x6F;0x0A:0x70;0x0A:0x71;0x0A:0x72;0x0A:0x74;0x11:0x00
1017,146,MODE1_0146_AHD1080P25_WRITE,NACK_DURING_WRITE,102,97,ABORTING->UNRESOLVED_REGISTER_GATE->FATAL_RECOVERY_FAILURE,FATAL_RECOVERY_FAILURE,UNRESOLVED_COMMITTED_REGISTERS=0x00:0x00;0x00:0x08;0x00:0x0C;0x00:0x10;0x00:0x14;0x00:0x18;0x00:0x21;0x00:0x22;0x00:0x30;0x00:0x34;0x00:0x3C;0x00:0x40;0x00:0x44;0x00:0x48;0x00:0x4C;0x00:0x50;0x00:0x58;0x00:0x5C;0x00:0x64;0x00:0x89;0x00:0x8E;0x00:0x93;0x00:0xA0;0x00:0xA4;0x01:0xED;0x02:0x02;0x02:0x28;0x02:0x29;0x02:0x2A;0x02:0x2B;0x02:0x2C;0x05:0x00;0x05:0x01;0x05:0x05;0x05:0x08;0x05:0x0E;0x05:0x11;0x05:0x1B;0x05:0x20;0x05:0x23;0x05:0x24;0x05:0x25;0x05:0x26;0x05:0x27;0x05:0x29;0x05:0x2A;0x05:0x2B;0x05:0x47;0x05:0x50;0x05:0x57;0x05:0x58;0x05:0x59;0x05:0x5B;0x05:0x5F;0x05:0x69;0x05:0x6E;0x05:0x6F;0x05:0x75;0x05:0x76;0x05:0x84;0x05:0x90;0x05:0xB8;0x05:0xC8;0x05:0xD1;0x05:0xD4;0x09:0x40;0x09:0x44;0x09:0x64;0x09:0x6A;0x09:0x6B;0x09:0x6C;0x09:0x80;0x09:0x81;0x09:0x97;0x09:0x98;0x09:0x99;0x0A:0x60;0x0A:0x61;0x0A:0x62;0x0A:0x63;0x0A:0x64;0x0A:0x65;0x0A:0x66;0x0A:0x67;0x0A:0x68;0x0A:0x69;0x0A:0x6A;0x0A:0x6B;0x0A:0x6C;0x0A:0x6D;0x0A:0x6E;0x0A:0x6F;0x0A:0x70;0x0A:0x71;0x0A:0x72;0x0A:0x74;0x11:0x00
1018,146,MODE1_0146_AHD1080P25_WRITE,TIMEOUT_DURING_WRITE,102,97,ABORTING->UNRESOLVED_REGISTER_GATE->FATAL_RECOVERY_FAILURE,FATAL_RECOVERY_FAILURE,UNRESOLVED_COMMITTED_REGISTERS=0x00:0x00;0x00:0x08;0x00:0x0C;0x00:0x10;0x00:0x14;0x00:0x18;0x00:0x21;0x00:0x22;0x00:0x30;0x00:0x34;0x00:0x3C;0x00:0x40;0x00:0x44;0x00:0x48;0x00:0x4C;0x00:0x50;0x00:0x58;0x00:0x5C;0x00:0x64;0x00:0x89;0x00:0x8E;0x00:0x93;0x00:0xA0;0x00:0xA4;0x01:0xED;0x02:0x02;0x02:0x28;0x02:0x29;0x02:0x2A;0x02:0x2B;0x02:0x2C;0x05:0x00;0x05:0x01;0x05:0x05;0x05:0x08;0x05:0x0E;0x05:0x11;0x05:0x1B;0x05:0x20;0x05:0x23;0x05:0x24;0x05:0x25;0x05:0x26;0x05:0x27;0x05:0x29;0x05:0x2A;0x05:0x2B;0x05:0x47;0x05:0x50;0x05:0x57;0x05:0x58;0x05:0x59;0x05:0x5B;0x05:0x5F;0x05:0x69;0x05:0x6E;0x05:0x6F;0x05:0x75;0x05:0x76;0x05:0x84;0x05:0x90;0x05:0xB8;0x05:0xC8;0x05:0xD1;0x05:0xD4;0x09:0x40;0x09:0x44;0x09:0x64;0x09:0x6A;0x09:0x6B;0x09:0x6C;0x09:0x80;0x09:0x81;0x09:0x97;0x09:0x98;0x09:0x99;0x0A:0x60;0x0A:0x61;0x0A:0x62;0x0A:0x63;0x0A:0x64;0x0A:0x65;0x0A:0x66;0x0A:0x67;0x0A:0x68;0x0A:0x69;0x0A:0x6A;0x0A:0x6B;0x0A:0x6C;0x0A:0x6D;0x0A:0x6E;0x0A:0x6F;0x0A:0x70;0x0A:0x71;0x0A:0x72;0x0A:0x74;0x11:0x00
1019,146,MODE1_0146_AHD1080P25_WRITE,READBACK_MISMATCH,102,97,ABORTING->UNRESOLVED_REGISTER_GATE->FATAL_RECOVERY_FAILURE,FATAL_RECOVERY_FAILURE,UNRESOLVED_COMMITTED_REGISTERS=0x00:0x00;0x00:0x08;0x00:0x0C;0x00:0x10;0x00:0x14;0x00:0x18;0x00:0x21;0x00:0x22;0x00:0x30;0x00:0x34;0x00:0x3C;0x00:0x40;0x00:0x44;0x00:0x48;0x00:0x4C;0x00:0x50;0x00:0x58;0x00:0x5C;0x00:0x64;0x00:0x89;0x00:0x8E;0x00:0x93;0x00:0xA0;0x00:0xA4;0x01:0xED;0x02:0x02;0x02:0x28;0x02:0x29;0x02:0x2A;0x02:0x2B;0x02:0x2C;0x05:0x00;0x05:0x01;0x05:0x05;0x05:0x08;0x05:0x0E;0x05:0x11;0x05:0x1B;0x05:0x20;0x05:0x23;0x05:0x24;0x05:0x25;0x05:0x26;0x05:0x27;0x05:0x29;0x05:0x2A;0x05:0x2B;0x05:0x47;0x05:0x50;0x05:0x57;0x05:0x58;0x05:0x59;0x05:0x5B;0x05:0x5F;0x05:0x69;0x05:0x6E;0x05:0x6F;0x05:0x75;0x05:0x76;0x05:0x84;0x05:0x90;0x05:0xB8;0x05:0xC8;0x05:0xD1;0x05:0xD4;0x09:0x40;0x09:0x44;0x09:0x64;0x09:0x6A;0x09:0x6B;0x09:0x6C;0x09:0x80;0x09:0x81;0x09:0x97;0x09:0x98;0x09:0x99;0x0A:0x60;0x0A:0x61;0x0A:0x62;0x0A:0x63;0x0A:0x64;0x0A:0x65;0x0A:0x66;0x0A:0x67;0x0A:0x68;0x0A:0x69;0x0A:0x6A;0x0A:0x6B;0x0A:0x6C;0x0A:0x6D;0x0A:0x6E;0x0A:0x6F;0x0A:0x70;0x0A:0x71;0x0A:0x72;0x0A:0x74;0x11:0x00
1020,146,MODE1_0146_AHD1080P25_WRITE,RESET_BETWEEN_OPERATIONS,102,97,ABORTING->PRODUCT_RECONSTRUCTION_GAP->FATAL_RECOVERY_FAILURE,FATAL_RECOVERY_FAILURE,CALLABLE_RESET_AUTOINIT_OR_PERSISTENT_RECOVERY_CONTEXT_NOT_PROVEN
1021,146,MODE1_0146_AHD1080P25_WRITE,HOST_ABORT,102,97,ABORTING->UNRESOLVED_REGISTER_GATE->FATAL_RECOVERY_FAILURE,FATAL_RECOVERY_FAILURE,UNRESOLVED_COMMITTED_REGISTERS=0x00:0x00;0x00:0x08;0x00:0x0C;0x00:0x10;0x00:0x14;0x00:0x18;0x00:0x21;0x00:0x22;0x00:0x30;0x00:0x34;0x00:0x3C;0x00:0x40;0x00:0x44;0x00:0x48;0x00:0x4C;0x00:0x50;0x00:0x58;0x00:0x5C;0x00:0x64;0x00:0x89;0x00:0x8E;0x00:0x93;0x00:0xA0;0x00:0xA4;0x01:0xED;0x02:0x02;0x02:0x28;0x02:0x29;0x02:0x2A;0x02:0x2B;0x02:0x2C;0x05:0x00;0x05:0x01;0x05:0x05;0x05:0x08;0x05:0x0E;0x05:0x11;0x05:0x1B;0x05:0x20;0x05:0x23;0x05:0x24;0x05:0x25;0x05:0x26;0x05:0x27;0x05:0x29;0x05:0x2A;0x05:0x2B;0x05:0x47;0x05:0x50;0x05:0x57;0x05:0x58;0x05:0x59;0x05:0x5B;0x05:0x5F;0x05:0x69;0x05:0x6E;0x05:0x6F;0x05:0x75;0x05:0x76;0x05:0x84;0x05:0x90;0x05:0xB8;0x05:0xC8;0x05:0xD1;0x05:0xD4;0x09:0x40;0x09:0x44;0x09:0x64;0x09:0x6A;0x09:0x6B;0x09:0x6C;0x09:0x80;0x09:0x81;0x09:0x97;0x09:0x98;0x09:0x99;0x0A:0x60;0x0A:0x61;0x0A:0x62;0x0A:0x63;0x0A:0x64;0x0A:0x65;0x0A:0x66;0x0A:0x67;0x0A:0x68;0x0A:0x69;0x0A:0x6A;0x0A:0x6B;0x0A:0x6C;0x0A:0x6D;0x0A:0x6E;0x0A:0x6F;0x0A:0x70;0x0A:0x71;0x0A:0x72;0x0A:0x74;0x11:0x00
1022,146,MODE1_0146_AHD1080P25_WRITE,MMIO_RESET,102,97,ABORTING->PRODUCT_RECONSTRUCTION_GAP->FATAL_RECOVERY_FAILURE,FATAL_RECOVERY_FAILURE,CALLABLE_RESET_AUTOINIT_OR_PERSISTENT_RECOVERY_CONTEXT_NOT_PROVEN
1023,147,MODE1_0147_AHD1080P25_WRITE,FAILURE_BEFORE_WRITE,102,97,ABORTING->UNRESOLVED_REGISTER_GATE->FATAL_RECOVERY_FAILURE,FATAL_RECOVERY_FAILURE,UNRESOLVED_COMMITTED_REGISTERS=0x00:0x00;0x00:0x08;0x00:0x0C;0x00:0x10;0x00:0x14;0x00:0x18;0x00:0x21;0x00:0x22;0x00:0x30;0x00:0x34;0x00:0x3C;0x00:0x40;0x00:0x44;0x00:0x48;0x00:0x4C;0x00:0x50;0x00:0x58;0x00:0x5C;0x00:0x64;0x00:0x89;0x00:0x8E;0x00:0x93;0x00:0xA0;0x00:0xA4;0x01:0xED;0x02:0x02;0x02:0x28;0x02:0x29;0x02:0x2A;0x02:0x2B;0x02:0x2C;0x05:0x00;0x05:0x01;0x05:0x05;0x05:0x08;0x05:0x0E;0x05:0x11;0x05:0x1B;0x05:0x20;0x05:0x23;0x05:0x24;0x05:0x25;0x05:0x26;0x05:0x27;0x05:0x29;0x05:0x2A;0x05:0x2B;0x05:0x47;0x05:0x50;0x05:0x57;0x05:0x58;0x05:0x59;0x05:0x5B;0x05:0x5F;0x05:0x69;0x05:0x6E;0x05:0x6F;0x05:0x75;0x05:0x76;0x05:0x84;0x05:0x90;0x05:0xB8;0x05:0xC8;0x05:0xD1;0x05:0xD4;0x09:0x40;0x09:0x44;0x09:0x64;0x09:0x6A;0x09:0x6B;0x09:0x6C;0x09:0x80;0x09:0x81;0x09:0x97;0x09:0x98;0x09:0x99;0x0A:0x60;0x0A:0x61;0x0A:0x62;0x0A:0x63;0x0A:0x64;0x0A:0x65;0x0A:0x66;0x0A:0x67;0x0A:0x68;0x0A:0x69;0x0A:0x6A;0x0A:0x6B;0x0A:0x6C;0x0A:0x6D;0x0A:0x6E;0x0A:0x6F;0x0A:0x70;0x0A:0x71;0x0A:0x72;0x0A:0x74;0x11:0x00
1024,147,MODE1_0147_AHD1080P25_WRITE,NACK_DURING_WRITE,103,98,ABORTING->UNRESOLVED_REGISTER_GATE->FATAL_RECOVERY_FAILURE,FATAL_RECOVERY_FAILURE,UNRESOLVED_COMMITTED_REGISTERS=0x00:0x00;0x00:0x08;0x00:0x0C;0x00:0x10;0x00:0x14;0x00:0x18;0x00:0x21;0x00:0x22;0x00:0x30;0x00:0x34;0x00:0x3C;0x00:0x40;0x00:0x44;0x00:0x48;0x00:0x4C;0x00:0x50;0x00:0x58;0x00:0x5C;0x00:0x64;0x00:0x89;0x00:0x8E;0x00:0x93;0x00:0xA0;0x00:0xA4;0x01:0xED;0x02:0x02;0x02:0x28;0x02:0x29;0x02:0x2A;0x02:0x2B;0x02:0x2C;0x05:0x00;0x05:0x01;0x05:0x05;0x05:0x08;0x05:0x0E;0x05:0x11;0x05:0x1B;0x05:0x20;0x05:0x23;0x05:0x24;0x05:0x25;0x05:0x26;0x05:0x27;0x05:0x29;0x05:0x2A;0x05:0x2B;0x05:0x47;0x05:0x50;0x05:0x57;0x05:0x58;0x05:0x59;0x05:0x5B;0x05:0x5F;0x05:0x69;0x05:0x6E;0x05:0x6F;0x05:0x75;0x05:0x76;0x05:0x84;0x05:0x86;0x05:0x90;0x05:0xB8;0x05:0xC8;0x05:0xD1;0x05:0xD4;0x09:0x40;0x09:0x44;0x09:0x64;0x09:0x6A;0x09:0x6B;0x09:0x6C;0x09:0x80;0x09:0x81;0x09:0x97;0x09:0x98;0x09:0x99;0x0A:0x60;0x0A:0x61;0x0A:0x62;0x0A:0x63;0x0A:0x64;0x0A:0x65;0x0A:0x66;0x0A:0x67;0x0A:0x68;0x0A:0x69;0x0A:0x6A;0x0A:0x6B;0x0A:0x6C;0x0A:0x6D;0x0A:0x6E;0x0A:0x6F;0x0A:0x70;0x0A:0x71;0x0A:0x72;0x0A:0x74;0x11:0x00
1025,147,MODE1_0147_AHD1080P25_WRITE,TIMEOUT_DURING_WRITE,103,98,ABORTING->UNRESOLVED_REGISTER_GATE->FATAL_RECOVERY_FAILURE,FATAL_RECOVERY_FAILURE,UNRESOLVED_COMMITTED_REGISTERS=0x00:0x00;0x00:0x08;0x00:0x0C;0x00:0x10;0x00:0x14;0x00:0x18;0x00:0x21;0x00:0x22;0x00:0x30;0x00:0x34;0x00:0x3C;0x00:0x40;0x00:0x44;0x00:0x48;0x00:0x4C;0x00:0x50;0x00:0x58;0x00:0x5C;0x00:0x64;0x00:0x89;0x00:0x8E;0x00:0x93;0x00:0xA0;0x00:0xA4;0x01:0xED;0x02:0x02;0x02:0x28;0x02:0x29;0x02:0x2A;0x02:0x2B;0x02:0x2C;0x05:0x00;0x05:0x01;0x05:0x05;0x05:0x08;0x05:0x0E;0x05:0x11;0x05:0x1B;0x05:0x20;0x05:0x23;0x05:0x24;0x05:0x25;0x05:0x26;0x05:0x27;0x05:0x29;0x05:0x2A;0x05:0x2B;0x05:0x47;0x05:0x50;0x05:0x57;0x05:0x58;0x05:0x59;0x05:0x5B;0x05:0x5F;0x05:0x69;0x05:0x6E;0x05:0x6F;0x05:0x75;0x05:0x76;0x05:0x84;0x05:0x86;0x05:0x90;0x05:0xB8;0x05:0xC8;0x05:0xD1;0x05:0xD4;0x09:0x40;0x09:0x44;0x09:0x64;0x09:0x6A;0x09:0x6B;0x09:0x6C;0x09:0x80;0x09:0x81;0x09:0x97;0x09:0x98;0x09:0x99;0x0A:0x60;0x0A:0x61;0x0A:0x62;0x0A:0x63;0x0A:0x64;0x0A:0x65;0x0A:0x66;0x0A:0x67;0x0A:0x68;0x0A:0x69;0x0A:0x6A;0x0A:0x6B;0x0A:0x6C;0x0A:0x6D;0x0A:0x6E;0x0A:0x6F;0x0A:0x70;0x0A:0x71;0x0A:0x72;0x0A:0x74;0x11:0x00
1026,147,MODE1_0147_AHD1080P25_WRITE,READBACK_MISMATCH,103,98,ABORTING->UNRESOLVED_REGISTER_GATE->FATAL_RECOVERY_FAILURE,FATAL_RECOVERY_FAILURE,UNRESOLVED_COMMITTED_REGISTERS=0x00:0x00;0x00:0x08;0x00:0x0C;0x00:0x10;0x00:0x14;0x00:0x18;0x00:0x21;0x00:0x22;0x00:0x30;0x00:0x34;0x00:0x3C;0x00:0x40;0x00:0x44;0x00:0x48;0x00:0x4C;0x00:0x50;0x00:0x58;0x00:0x5C;0x00:0x64;0x00:0x89;0x00:0x8E;0x00:0x93;0x00:0xA0;0x00:0xA4;0x01:0xED;0x02:0x02;0x02:0x28;0x02:0x29;0x02:0x2A;0x02:0x2B;0x02:0x2C;0x05:0x00;0x05:0x01;0x05:0x05;0x05:0x08;0x05:0x0E;0x05:0x11;0x05:0x1B;0x05:0x20;0x05:0x23;0x05:0x24;0x05:0x25;0x05:0x26;0x05:0x27;0x05:0x29;0x05:0x2A;0x05:0x2B;0x05:0x47;0x05:0x50;0x05:0x57;0x05:0x58;0x05:0x59;0x05:0x5B;0x05:0x5F;0x05:0x69;0x05:0x6E;0x05:0x6F;0x05:0x75;0x05:0x76;0x05:0x84;0x05:0x86;0x05:0x90;0x05:0xB8;0x05:0xC8;0x05:0xD1;0x05:0xD4;0x09:0x40;0x09:0x44;0x09:0x64;0x09:0x6A;0x09:0x6B;0x09:0x6C;0x09:0x80;0x09:0x81;0x09:0x97;0x09:0x98;0x09:0x99;0x0A:0x60;0x0A:0x61;0x0A:0x62;0x0A:0x63;0x0A:0x64;0x0A:0x65;0x0A:0x66;0x0A:0x67;0x0A:0x68;0x0A:0x69;0x0A:0x6A;0x0A:0x6B;0x0A:0x6C;0x0A:0x6D;0x0A:0x6E;0x0A:0x6F;0x0A:0x70;0x0A:0x71;0x0A:0x72;0x0A:0x74;0x11:0x00
1027,147,MODE1_0147_AHD1080P25_WRITE,RESET_BETWEEN_OPERATIONS,103,98,ABORTING->PRODUCT_RECONSTRUCTION_GAP->FATAL_RECOVERY_FAILURE,FATAL_RECOVERY_FAILURE,CALLABLE_RESET_AUTOINIT_OR_PERSISTENT_RECOVERY_CONTEXT_NOT_PROVEN
1028,147,MODE1_0147_AHD1080P25_WRITE,HOST_ABORT,103,98,ABORTING->UNRESOLVED_REGISTER_GATE->FATAL_RECOVERY_FAILURE,FATAL_RECOVERY_FAILURE,UNRESOLVED_COMMITTED_REGISTERS=0x00:0x00;0x00:0x08;0x00:0x0C;0x00:0x10;0x00:0x14;0x00:0x18;0x00:0x21;0x00:0x22;0x00:0x30;0x00:0x34;0x00:0x3C;0x00:0x40;0x00:0x44;0x00:0x48;0x00:0x4C;0x00:0x50;0x00:0x58;0x00:0x5C;0x00:0x64;0x00:0x89;0x00:0x8E;0x00:0x93;0x00:0xA0;0x00:0xA4;0x01:0xED;0x02:0x02;0x02:0x28;0x02:0x29;0x02:0x2A;0x02:0x2B;0x02:0x2C;0x05:0x00;0x05:0x01;0x05:0x05;0x05:0x08;0x05:0x0E;0x05:0x11;0x05:0x1B;0x05:0x20;0x05:0x23;0x05:0x24;0x05:0x25;0x05:0x26;0x05:0x27;0x05:0x29;0x05:0x2A;0x05:0x2B;0x05:0x47;0x05:0x50;0x05:0x57;0x05:0x58;0x05:0x59;0x05:0x5B;0x05:0x5F;0x05:0x69;0x05:0x6E;0x05:0x6F;0x05:0x75;0x05:0x76;0x05:0x84;0x05:0x86;0x05:0x90;0x05:0xB8;0x05:0xC8;0x05:0xD1;0x05:0xD4;0x09:0x40;0x09:0x44;0x09:0x64;0x09:0x6A;0x09:0x6B;0x09:0x6C;0x09:0x80;0x09:0x81;0x09:0x97;0x09:0x98;0x09:0x99;0x0A:0x60;0x0A:0x61;0x0A:0x62;0x0A:0x63;0x0A:0x64;0x0A:0x65;0x0A:0x66;0x0A:0x67;0x0A:0x68;0x0A:0x69;0x0A:0x6A;0x0A:0x6B;0x0A:0x6C;0x0A:0x6D;0x0A:0x6E;0x0A:0x6F;0x0A:0x70;0x0A:0x71;0x0A:0x72;0x0A:0x74;0x11:0x00
1029,147,MODE1_0147_AHD1080P25_WRITE,MMIO_RESET,103,98,ABORTING->PRODUCT_RECONSTRUCTION_GAP->FATAL_RECOVERY_FAILURE,FATAL_RECOVERY_FAILURE,CALLABLE_RESET_AUTOINIT_OR_PERSISTENT_RECOVERY_CONTEXT_NOT_PROVEN
1030,148,MODE1_0148_AHD1080P25_WRITE,FAILURE_BEFORE_WRITE,103,98,ABORTING->UNRESOLVED_REGISTER_GATE->FATAL_RECOVERY_FAILURE,FATAL_RECOVERY_FAILURE,UNRESOLVED_COMMITTED_REGISTERS=0x00:0x00;0x00:0x08;0x00:0x0C;0x00:0x10;0x00:0x14;0x00:0x18;0x00:0x21;0x00:0x22;0x00:0x30;0x00:0x34;0x00:0x3C;0x00:0x40;0x00:0x44;0x00:0x48;0x00:0x4C;0x00:0x50;0x00:0x58;0x00:0x5C;0x00:0x64;0x00:0x89;0x00:0x8E;0x00:0x93;0x00:0xA0;0x00:0xA4;0x01:0xED;0x02:0x02;0x02:0x28;0x02:0x29;0x02:0x2A;0x02:0x2B;0x02:0x2C;0x05:0x00;0x05:0x01;0x05:0x05;0x05:0x08;0x05:0x0E;0x05:0x11;0x05:0x1B;0x05:0x20;0x05:0x23;0x05:0x24;0x05:0x25;0x05:0x26;0x05:0x27;0x05:0x29;0x05:0x2A;0x05:0x2B;0x05:0x47;0x05:0x50;0x05:0x57;0x05:0x58;0x05:0x59;0x05:0x5B;0x05:0x5F;0x05:0x69;0x05:0x6E;0x05:0x6F;0x05:0x75;0x05:0x76;0x05:0x84;0x05:0x86;0x05:0x90;0x05:0xB8;0x05:0xC8;0x05:0xD1;0x05:0xD4;0x09:0x40;0x09:0x44;0x09:0x64;0x09:0x6A;0x09:0x6B;0x09:0x6C;0x09:0x80;0x09:0x81;0x09:0x97;0x09:0x98;0x09:0x99;0x0A:0x60;0x0A:0x61;0x0A:0x62;0x0A:0x63;0x0A:0x64;0x0A:0x65;0x0A:0x66;0x0A:0x67;0x0A:0x68;0x0A:0x69;0x0A:0x6A;0x0A:0x6B;0x0A:0x6C;0x0A:0x6D;0x0A:0x6E;0x0A:0x6F;0x0A:0x70;0x0A:0x71;0x0A:0x72;0x0A:0x74;0x11:0x00
1031,148,MODE1_0148_AHD1080P25_WRITE,NACK_DURING_WRITE,103,98,ABORTING->UNRESOLVED_REGISTER_GATE->FATAL_RECOVERY_FAILURE,FATAL_RECOVERY_FAILURE,UNRESOLVED_COMMITTED_REGISTERS=0x00:0x00;0x00:0x08;0x00:0x0C;0x00:0x10;0x00:0x14;0x00:0x18;0x00:0x21;0x00:0x22;0x00:0x30;0x00:0x34;0x00:0x3C;0x00:0x40;0x00:0x44;0x00:0x48;0x00:0x4C;0x00:0x50;0x00:0x58;0x00:0x5C;0x00:0x64;0x00:0x89;0x00:0x8E;0x00:0x93;0x00:0xA0;0x00:0xA4;0x01:0xED;0x02:0x02;0x02:0x28;0x02:0x29;0x02:0x2A;0x02:0x2B;0x02:0x2C;0x05:0x00;0x05:0x01;0x05:0x05;0x05:0x08;0x05:0x0E;0x05:0x11;0x05:0x1B;0x05:0x20;0x05:0x23;0x05:0x24;0x05:0x25;0x05:0x26;0x05:0x27;0x05:0x29;0x05:0x2A;0x05:0x2B;0x05:0x47;0x05:0x50;0x05:0x57;0x05:0x58;0x05:0x59;0x05:0x5B;0x05:0x5F;0x05:0x69;0x05:0x6E;0x05:0x6F;0x05:0x75;0x05:0x76;0x05:0x84;0x05:0x86;0x05:0x90;0x05:0xB8;0x05:0xC8;0x05:0xD1;0x05:0xD4;0x09:0x40;0x09:0x44;0x09:0x64;0x09:0x6A;0x09:0x6B;0x09:0x6C;0x09:0x80;0x09:0x81;0x09:0x97;0x09:0x98;0x09:0x99;0x0A:0x60;0x0A:0x61;0x0A:0x62;0x0A:0x63;0x0A:0x64;0x0A:0x65;0x0A:0x66;0x0A:0x67;0x0A:0x68;0x0A:0x69;0x0A:0x6A;0x0A:0x6B;0x0A:0x6C;0x0A:0x6D;0x0A:0x6E;0x0A:0x6F;0x0A:0x70;0x0A:0x71;0x0A:0x72;0x0A:0x74;0x11:0x00
1032,148,MODE1_0148_AHD1080P25_WRITE,TIMEOUT_DURING_WRITE,103,98,ABORTING->UNRESOLVED_REGISTER_GATE->FATAL_RECOVERY_FAILURE,FATAL_RECOVERY_FAILURE,UNRESOLVED_COMMITTED_REGISTERS=0x00:0x00;0x00:0x08;0x00:0x0C;0x00:0x10;0x00:0x14;0x00:0x18;0x00:0x21;0x00:0x22;0x00:0x30;0x00:0x34;0x00:0x3C;0x00:0x40;0x00:0x44;0x00:0x48;0x00:0x4C;0x00:0x50;0x00:0x58;0x00:0x5C;0x00:0x64;0x00:0x89;0x00:0x8E;0x00:0x93;0x00:0xA0;0x00:0xA4;0x01:0xED;0x02:0x02;0x02:0x28;0x02:0x29;0x02:0x2A;0x02:0x2B;0x02:0x2C;0x05:0x00;0x05:0x01;0x05:0x05;0x05:0x08;0x05:0x0E;0x05:0x11;0x05:0x1B;0x05:0x20;0x05:0x23;0x05:0x24;0x05:0x25;0x05:0x26;0x05:0x27;0x05:0x29;0x05:0x2A;0x05:0x2B;0x05:0x47;0x05:0x50;0x05:0x57;0x05:0x58;0x05:0x59;0x05:0x5B;0x05:0x5F;0x05:0x69;0x05:0x6E;0x05:0x6F;0x05:0x75;0x05:0x76;0x05:0x84;0x05:0x86;0x05:0x90;0x05:0xB8;0x05:0xC8;0x05:0xD1;0x05:0xD4;0x09:0x40;0x09:0x44;0x09:0x64;0x09:0x6A;0x09:0x6B;0x09:0x6C;0x09:0x80;0x09:0x81;0x09:0x97;0x09:0x98;0x09:0x99;0x0A:0x60;0x0A:0x61;0x0A:0x62;0x0A:0x63;0x0A:0x64;0x0A:0x65;0x0A:0x66;0x0A:0x67;0x0A:0x68;0x0A:0x69;0x0A:0x6A;0x0A:0x6B;0x0A:0x6C;0x0A:0x6D;0x0A:0x6E;0x0A:0x6F;0x0A:0x70;0x0A:0x71;0x0A:0x72;0x0A:0x74;0x11:0x00
1033,148,MODE1_0148_AHD1080P25_WRITE,READBACK_MISMATCH,103,98,ABORTING->UNRESOLVED_REGISTER_GATE->FATAL_RECOVERY_FAILURE,FATAL_RECOVERY_FAILURE,UNRESOLVED_COMMITTED_REGISTERS=0x00:0x00;0x00:0x08;0x00:0x0C;0x00:0x10;0x00:0x14;0x00:0x18;0x00:0x21;0x00:0x22;0x00:0x30;0x00:0x34;0x00:0x3C;0x00:0x40;0x00:0x44;0x00:0x48;0x00:0x4C;0x00:0x50;0x00:0x58;0x00:0x5C;0x00:0x64;0x00:0x89;0x00:0x8E;0x00:0x93;0x00:0xA0;0x00:0xA4;0x01:0xED;0x02:0x02;0x02:0x28;0x02:0x29;0x02:0x2A;0x02:0x2B;0x02:0x2C;0x05:0x00;0x05:0x01;0x05:0x05;0x05:0x08;0x05:0x0E;0x05:0x11;0x05:0x1B;0x05:0x20;0x05:0x23;0x05:0x24;0x05:0x25;0x05:0x26;0x05:0x27;0x05:0x29;0x05:0x2A;0x05:0x2B;0x05:0x47;0x05:0x50;0x05:0x57;0x05:0x58;0x05:0x59;0x05:0x5B;0x05:0x5F;0x05:0x69;0x05:0x6E;0x05:0x6F;0x05:0x75;0x05:0x76;0x05:0x84;0x05:0x86;0x05:0x90;0x05:0xB8;0x05:0xC8;0x05:0xD1;0x05:0xD4;0x09:0x40;0x09:0x44;0x09:0x64;0x09:0x6A;0x09:0x6B;0x09:0x6C;0x09:0x80;0x09:0x81;0x09:0x97;0x09:0x98;0x09:0x99;0x0A:0x60;0x0A:0x61;0x0A:0x62;0x0A:0x63;0x0A:0x64;0x0A:0x65;0x0A:0x66;0x0A:0x67;0x0A:0x68;0x0A:0x69;0x0A:0x6A;0x0A:0x6B;0x0A:0x6C;0x0A:0x6D;0x0A:0x6E;0x0A:0x6F;0x0A:0x70;0x0A:0x71;0x0A:0x72;0x0A:0x74;0x11:0x00
1034,148,MODE1_0148_AHD1080P25_WRITE,RESET_BETWEEN_OPERATIONS,103,98,ABORTING->PRODUCT_RECONSTRUCTION_GAP->FATAL_RECOVERY_FAILURE,FATAL_RECOVERY_FAILURE,CALLABLE_RESET_AUTOINIT_OR_PERSISTENT_RECOVERY_CONTEXT_NOT_PROVEN
1035,148,MODE1_0148_AHD1080P25_WRITE,HOST_ABORT,103,98,ABORTING->UNRESOLVED_REGISTER_GATE->FATAL_RECOVERY_FAILURE,FATAL_RECOVERY_FAILURE,UNRESOLVED_COMMITTED_REGISTERS=0x00:0x00;0x00:0x08;0x00:0x0C;0x00:0x10;0x00:0x14;0x00:0x18;0x00:0x21;0x00:0x22;0x00:0x30;0x00:0x34;0x00:0x3C;0x00:0x40;0x00:0x44;0x00:0x48;0x00:0x4C;0x00:0x50;0x00:0x58;0x00:0x5C;0x00:0x64;0x00:0x89;0x00:0x8E;0x00:0x93;0x00:0xA0;0x00:0xA4;0x01:0xED;0x02:0x02;0x02:0x28;0x02:0x29;0x02:0x2A;0x02:0x2B;0x02:0x2C;0x05:0x00;0x05:0x01;0x05:0x05;0x05:0x08;0x05:0x0E;0x05:0x11;0x05:0x1B;0x05:0x20;0x05:0x23;0x05:0x24;0x05:0x25;0x05:0x26;0x05:0x27;0x05:0x29;0x05:0x2A;0x05:0x2B;0x05:0x47;0x05:0x50;0x05:0x57;0x05:0x58;0x05:0x59;0x05:0x5B;0x05:0x5F;0x05:0x69;0x05:0x6E;0x05:0x6F;0x05:0x75;0x05:0x76;0x05:0x84;0x05:0x86;0x05:0x90;0x05:0xB8;0x05:0xC8;0x05:0xD1;0x05:0xD4;0x09:0x40;0x09:0x44;0x09:0x64;0x09:0x6A;0x09:0x6B;0x09:0x6C;0x09:0x80;0x09:0x81;0x09:0x97;0x09:0x98;0x09:0x99;0x0A:0x60;0x0A:0x61;0x0A:0x62;0x0A:0x63;0x0A:0x64;0x0A:0x65;0x0A:0x66;0x0A:0x67;0x0A:0x68;0x0A:0x69;0x0A:0x6A;0x0A:0x6B;0x0A:0x6C;0x0A:0x6D;0x0A:0x6E;0x0A:0x6F;0x0A:0x70;0x0A:0x71;0x0A:0x72;0x0A:0x74;0x11:0x00
1036,148,MODE1_0148_AHD1080P25_WRITE,MMIO_RESET,103,98,ABORTING->PRODUCT_RECONSTRUCTION_GAP->FATAL_RECOVERY_FAILURE,FATAL_RECOVERY_FAILURE,CALLABLE_RESET_AUTOINIT_OR_PERSISTENT_RECOVERY_CONTEXT_NOT_PROVEN
1037,149,MODE1_0149_AHD1080P25_WRITE,FAILURE_BEFORE_WRITE,103,98,ABORTING->UNRESOLVED_REGISTER_GATE->FATAL_RECOVERY_FAILURE,FATAL_RECOVERY_FAILURE,UNRESOLVED_COMMITTED_REGISTERS=0x00:0x00;0x00:0x08;0x00:0x0C;0x00:0x10;0x00:0x14;0x00:0x18;0x00:0x21;0x00:0x22;0x00:0x30;0x00:0x34;0x00:0x3C;0x00:0x40;0x00:0x44;0x00:0x48;0x00:0x4C;0x00:0x50;0x00:0x58;0x00:0x5C;0x00:0x64;0x00:0x89;0x00:0x8E;0x00:0x93;0x00:0xA0;0x00:0xA4;0x01:0xED;0x02:0x02;0x02:0x28;0x02:0x29;0x02:0x2A;0x02:0x2B;0x02:0x2C;0x05:0x00;0x05:0x01;0x05:0x05;0x05:0x08;0x05:0x0E;0x05:0x11;0x05:0x1B;0x05:0x20;0x05:0x23;0x05:0x24;0x05:0x25;0x05:0x26;0x05:0x27;0x05:0x29;0x05:0x2A;0x05:0x2B;0x05:0x47;0x05:0x50;0x05:0x57;0x05:0x58;0x05:0x59;0x05:0x5B;0x05:0x5F;0x05:0x69;0x05:0x6E;0x05:0x6F;0x05:0x75;0x05:0x76;0x05:0x84;0x05:0x86;0x05:0x90;0x05:0xB8;0x05:0xC8;0x05:0xD1;0x05:0xD4;0x09:0x40;0x09:0x44;0x09:0x64;0x09:0x6A;0x09:0x6B;0x09:0x6C;0x09:0x80;0x09:0x81;0x09:0x97;0x09:0x98;0x09:0x99;0x0A:0x60;0x0A:0x61;0x0A:0x62;0x0A:0x63;0x0A:0x64;0x0A:0x65;0x0A:0x66;0x0A:0x67;0x0A:0x68;0x0A:0x69;0x0A:0x6A;0x0A:0x6B;0x0A:0x6C;0x0A:0x6D;0x0A:0x6E;0x0A:0x6F;0x0A:0x70;0x0A:0x71;0x0A:0x72;0x0A:0x74;0x11:0x00
1038,149,MODE1_0149_AHD1080P25_WRITE,NACK_DURING_WRITE,104,99,ABORTING->UNRESOLVED_REGISTER_GATE->FATAL_RECOVERY_FAILURE,FATAL_RECOVERY_FAILURE,UNRESOLVED_COMMITTED_REGISTERS=0x00:0x00;0x00:0x08;0x00:0x0C;0x00:0x10;0x00:0x14;0x00:0x18;0x00:0x21;0x00:0x22;0x00:0x30;0x00:0x34;0x00:0x3C;0x00:0x40;0x00:0x44;0x00:0x48;0x00:0x4C;0x00:0x50;0x00:0x58;0x00:0x5C;0x00:0x64;0x00:0x89;0x00:0x8E;0x00:0x93;0x00:0xA0;0x00:0xA4;0x01:0xED;0x02:0x02;0x02:0x28;0x02:0x29;0x02:0x2A;0x02:0x2B;0x02:0x2C;0x05:0x00;0x05:0x01;0x05:0x05;0x05:0x08;0x05:0x0E;0x05:0x11;0x05:0x1B;0x05:0x20;0x05:0x23;0x05:0x24;0x05:0x25;0x05:0x26;0x05:0x27;0x05:0x29;0x05:0x2A;0x05:0x2B;0x05:0x47;0x05:0x50;0x05:0x57;0x05:0x58;0x05:0x59;0x05:0x5B;0x05:0x5F;0x05:0x69;0x05:0x6E;0x05:0x6F;0x05:0x75;0x05:0x76;0x05:0x84;0x05:0x86;0x05:0x90;0x05:0x9B;0x05:0xB8;0x05:0xC8;0x05:0xD1;0x05:0xD4;0x09:0x40;0x09:0x44;0x09:0x64;0x09:0x6A;0x09:0x6B;0x09:0x6C;0x09:0x80;0x09:0x81;0x09:0x97;0x09:0x98;0x09:0x99;0x0A:0x60;0x0A:0x61;0x0A:0x62;0x0A:0x63;0x0A:0x64;0x0A:0x65;0x0A:0x66;0x0A:0x67;0x0A:0x68;0x0A:0x69;0x0A:0x6A;0x0A:0x6B;0x0A:0x6C;0x0A:0x6D;0x0A:0x6E;0x0A:0x6F;0x0A:0x70;0x0A:0x71;0x0A:0x72;0x0A:0x74;0x11:0x00
1039,149,MODE1_0149_AHD1080P25_WRITE,TIMEOUT_DURING_WRITE,104,99,ABORTING->UNRESOLVED_REGISTER_GATE->FATAL_RECOVERY_FAILURE,FATAL_RECOVERY_FAILURE,UNRESOLVED_COMMITTED_REGISTERS=0x00:0x00;0x00:0x08;0x00:0x0C;0x00:0x10;0x00:0x14;0x00:0x18;0x00:0x21;0x00:0x22;0x00:0x30;0x00:0x34;0x00:0x3C;0x00:0x40;0x00:0x44;0x00:0x48;0x00:0x4C;0x00:0x50;0x00:0x58;0x00:0x5C;0x00:0x64;0x00:0x89;0x00:0x8E;0x00:0x93;0x00:0xA0;0x00:0xA4;0x01:0xED;0x02:0x02;0x02:0x28;0x02:0x29;0x02:0x2A;0x02:0x2B;0x02:0x2C;0x05:0x00;0x05:0x01;0x05:0x05;0x05:0x08;0x05:0x0E;0x05:0x11;0x05:0x1B;0x05:0x20;0x05:0x23;0x05:0x24;0x05:0x25;0x05:0x26;0x05:0x27;0x05:0x29;0x05:0x2A;0x05:0x2B;0x05:0x47;0x05:0x50;0x05:0x57;0x05:0x58;0x05:0x59;0x05:0x5B;0x05:0x5F;0x05:0x69;0x05:0x6E;0x05:0x6F;0x05:0x75;0x05:0x76;0x05:0x84;0x05:0x86;0x05:0x90;0x05:0x9B;0x05:0xB8;0x05:0xC8;0x05:0xD1;0x05:0xD4;0x09:0x40;0x09:0x44;0x09:0x64;0x09:0x6A;0x09:0x6B;0x09:0x6C;0x09:0x80;0x09:0x81;0x09:0x97;0x09:0x98;0x09:0x99;0x0A:0x60;0x0A:0x61;0x0A:0x62;0x0A:0x63;0x0A:0x64;0x0A:0x65;0x0A:0x66;0x0A:0x67;0x0A:0x68;0x0A:0x69;0x0A:0x6A;0x0A:0x6B;0x0A:0x6C;0x0A:0x6D;0x0A:0x6E;0x0A:0x6F;0x0A:0x70;0x0A:0x71;0x0A:0x72;0x0A:0x74;0x11:0x00
1040,149,MODE1_0149_AHD1080P25_WRITE,READBACK_MISMATCH,104,99,ABORTING->UNRESOLVED_REGISTER_GATE->FATAL_RECOVERY_FAILURE,FATAL_RECOVERY_FAILURE,UNRESOLVED_COMMITTED_REGISTERS=0x00:0x00;0x00:0x08;0x00:0x0C;0x00:0x10;0x00:0x14;0x00:0x18;0x00:0x21;0x00:0x22;0x00:0x30;0x00:0x34;0x00:0x3C;0x00:0x40;0x00:0x44;0x00:0x48;0x00:0x4C;0x00:0x50;0x00:0x58;0x00:0x5C;0x00:0x64;0x00:0x89;0x00:0x8E;0x00:0x93;0x00:0xA0;0x00:0xA4;0x01:0xED;0x02:0x02;0x02:0x28;0x02:0x29;0x02:0x2A;0x02:0x2B;0x02:0x2C;0x05:0x00;0x05:0x01;0x05:0x05;0x05:0x08;0x05:0x0E;0x05:0x11;0x05:0x1B;0x05:0x20;0x05:0x23;0x05:0x24;0x05:0x25;0x05:0x26;0x05:0x27;0x05:0x29;0x05:0x2A;0x05:0x2B;0x05:0x47;0x05:0x50;0x05:0x57;0x05:0x58;0x05:0x59;0x05:0x5B;0x05:0x5F;0x05:0x69;0x05:0x6E;0x05:0x6F;0x05:0x75;0x05:0x76;0x05:0x84;0x05:0x86;0x05:0x90;0x05:0x9B;0x05:0xB8;0x05:0xC8;0x05:0xD1;0x05:0xD4;0x09:0x40;0x09:0x44;0x09:0x64;0x09:0x6A;0x09:0x6B;0x09:0x6C;0x09:0x80;0x09:0x81;0x09:0x97;0x09:0x98;0x09:0x99;0x0A:0x60;0x0A:0x61;0x0A:0x62;0x0A:0x63;0x0A:0x64;0x0A:0x65;0x0A:0x66;0x0A:0x67;0x0A:0x68;0x0A:0x69;0x0A:0x6A;0x0A:0x6B;0x0A:0x6C;0x0A:0x6D;0x0A:0x6E;0x0A:0x6F;0x0A:0x70;0x0A:0x71;0x0A:0x72;0x0A:0x74;0x11:0x00
1041,149,MODE1_0149_AHD1080P25_WRITE,RESET_BETWEEN_OPERATIONS,104,99,ABORTING->PRODUCT_RECONSTRUCTION_GAP->FATAL_RECOVERY_FAILURE,FATAL_RECOVERY_FAILURE,CALLABLE_RESET_AUTOINIT_OR_PERSISTENT_RECOVERY_CONTEXT_NOT_PROVEN
1042,149,MODE1_0149_AHD1080P25_WRITE,HOST_ABORT,104,99,ABORTING->UNRESOLVED_REGISTER_GATE->FATAL_RECOVERY_FAILURE,FATAL_RECOVERY_FAILURE,UNRESOLVED_COMMITTED_REGISTERS=0x00:0x00;0x00:0x08;0x00:0x0C;0x00:0x10;0x00:0x14;0x00:0x18;0x00:0x21;0x00:0x22;0x00:0x30;0x00:0x34;0x00:0x3C;0x00:0x40;0x00:0x44;0x00:0x48;0x00:0x4C;0x00:0x50;0x00:0x58;0x00:0x5C;0x00:0x64;0x00:0x89;0x00:0x8E;0x00:0x93;0x00:0xA0;0x00:0xA4;0x01:0xED;0x02:0x02;0x02:0x28;0x02:0x29;0x02:0x2A;0x02:0x2B;0x02:0x2C;0x05:0x00;0x05:0x01;0x05:0x05;0x05:0x08;0x05:0x0E;0x05:0x11;0x05:0x1B;0x05:0x20;0x05:0x23;0x05:0x24;0x05:0x25;0x05:0x26;0x05:0x27;0x05:0x29;0x05:0x2A;0x05:0x2B;0x05:0x47;0x05:0x50;0x05:0x57;0x05:0x58;0x05:0x59;0x05:0x5B;0x05:0x5F;0x05:0x69;0x05:0x6E;0x05:0x6F;0x05:0x75;0x05:0x76;0x05:0x84;0x05:0x86;0x05:0x90;0x05:0x9B;0x05:0xB8;0x05:0xC8;0x05:0xD1;0x05:0xD4;0x09:0x40;0x09:0x44;0x09:0x64;0x09:0x6A;0x09:0x6B;0x09:0x6C;0x09:0x80;0x09:0x81;0x09:0x97;0x09:0x98;0x09:0x99;0x0A:0x60;0x0A:0x61;0x0A:0x62;0x0A:0x63;0x0A:0x64;0x0A:0x65;0x0A:0x66;0x0A:0x67;0x0A:0x68;0x0A:0x69;0x0A:0x6A;0x0A:0x6B;0x0A:0x6C;0x0A:0x6D;0x0A:0x6E;0x0A:0x6F;0x0A:0x70;0x0A:0x71;0x0A:0x72;0x0A:0x74;0x11:0x00
1043,149,MODE1_0149_AHD1080P25_WRITE,MMIO_RESET,104,99,ABORTING->PRODUCT_RECONSTRUCTION_GAP->FATAL_RECOVERY_FAILURE,FATAL_RECOVERY_FAILURE,CALLABLE_RESET_AUTOINIT_OR_PERSISTENT_RECOVERY_CONTEXT_NOT_PROVEN
1044,150,MODE1_0150_AHD1080P25_WRITE,FAILURE_BEFORE_WRITE,104,99,ABORTING->UNRESOLVED_REGISTER_GATE->FATAL_RECOVERY_FAILURE,FATAL_RECOVERY_FAILURE,UNRESOLVED_COMMITTED_REGISTERS=0x00:0x00;0x00:0x08;0x00:0x0C;0x00:0x10;0x00:0x14;0x00:0x18;0x00:0x21;0x00:0x22;0x00:0x30;0x00:0x34;0x00:0x3C;0x00:0x40;0x00:0x44;0x00:0x48;0x00:0x4C;0x00:0x50;0x00:0x58;0x00:0x5C;0x00:0x64;0x00:0x89;0x00:0x8E;0x00:0x93;0x00:0xA0;0x00:0xA4;0x01:0xED;0x02:0x02;0x02:0x28;0x02:0x29;0x02:0x2A;0x02:0x2B;0x02:0x2C;0x05:0x00;0x05:0x01;0x05:0x05;0x05:0x08;0x05:0x0E;0x05:0x11;0x05:0x1B;0x05:0x20;0x05:0x23;0x05:0x24;0x05:0x25;0x05:0x26;0x05:0x27;0x05:0x29;0x05:0x2A;0x05:0x2B;0x05:0x47;0x05:0x50;0x05:0x57;0x05:0x58;0x05:0x59;0x05:0x5B;0x05:0x5F;0x05:0x69;0x05:0x6E;0x05:0x6F;0x05:0x75;0x05:0x76;0x05:0x84;0x05:0x86;0x05:0x90;0x05:0x9B;0x05:0xB8;0x05:0xC8;0x05:0xD1;0x05:0xD4;0x09:0x40;0x09:0x44;0x09:0x64;0x09:0x6A;0x09:0x6B;0x09:0x6C;0x09:0x80;0x09:0x81;0x09:0x97;0x09:0x98;0x09:0x99;0x0A:0x60;0x0A:0x61;0x0A:0x62;0x0A:0x63;0x0A:0x64;0x0A:0x65;0x0A:0x66;0x0A:0x67;0x0A:0x68;0x0A:0x69;0x0A:0x6A;0x0A:0x6B;0x0A:0x6C;0x0A:0x6D;0x0A:0x6E;0x0A:0x6F;0x0A:0x70;0x0A:0x71;0x0A:0x72;0x0A:0x74;0x11:0x00
1045,150,MODE1_0150_AHD1080P25_WRITE,NACK_DURING_WRITE,105,100,ABORTING->UNRESOLVED_REGISTER_GATE->FATAL_RECOVERY_FAILURE,FATAL_RECOVERY_FAILURE,UNRESOLVED_COMMITTED_REGISTERS=0x00:0x00;0x00:0x08;0x00:0x0C;0x00:0x10;0x00:0x14;0x00:0x18;0x00:0x21;0x00:0x22;0x00:0x30;0x00:0x34;0x00:0x3C;0x00:0x40;0x00:0x44;0x00:0x48;0x00:0x4C;0x00:0x50;0x00:0x58;0x00:0x5C;0x00:0x64;0x00:0x89;0x00:0x8E;0x00:0x93;0x00:0xA0;0x00:0xA4;0x01:0xED;0x02:0x02;0x02:0x28;0x02:0x29;0x02:0x2A;0x02:0x2B;0x02:0x2C;0x05:0x00;0x05:0x01;0x05:0x05;0x05:0x08;0x05:0x0E;0x05:0x11;0x05:0x1B;0x05:0x20;0x05:0x23;0x05:0x24;0x05:0x25;0x05:0x26;0x05:0x27;0x05:0x29;0x05:0x2A;0x05:0x2B;0x05:0x47;0x05:0x50;0x05:0x57;0x05:0x58;0x05:0x59;0x05:0x5B;0x05:0x5F;0x05:0x69;0x05:0x6E;0x05:0x6F;0x05:0x75;0x05:0x76;0x05:0x84;0x05:0x86;0x05:0x90;0x05:0x9B;0x05:0xB5;0x05:0xB8;0x05:0xC8;0x05:0xD1;0x05:0xD4;0x09:0x40;0x09:0x44;0x09:0x64;0x09:0x6A;0x09:0x6B;0x09:0x6C;0x09:0x80;0x09:0x81;0x09:0x97;0x09:0x98;0x09:0x99;0x0A:0x60;0x0A:0x61;0x0A:0x62;0x0A:0x63;0x0A:0x64;0x0A:0x65;0x0A:0x66;0x0A:0x67;0x0A:0x68;0x0A:0x69;0x0A:0x6A;0x0A:0x6B;0x0A:0x6C;0x0A:0x6D;0x0A:0x6E;0x0A:0x6F;0x0A:0x70;0x0A:0x71;0x0A:0x72;0x0A:0x74;0x11:0x00
1046,150,MODE1_0150_AHD1080P25_WRITE,TIMEOUT_DURING_WRITE,105,100,ABORTING->UNRESOLVED_REGISTER_GATE->FATAL_RECOVERY_FAILURE,FATAL_RECOVERY_FAILURE,UNRESOLVED_COMMITTED_REGISTERS=0x00:0x00;0x00:0x08;0x00:0x0C;0x00:0x10;0x00:0x14;0x00:0x18;0x00:0x21;0x00:0x22;0x00:0x30;0x00:0x34;0x00:0x3C;0x00:0x40;0x00:0x44;0x00:0x48;0x00:0x4C;0x00:0x50;0x00:0x58;0x00:0x5C;0x00:0x64;0x00:0x89;0x00:0x8E;0x00:0x93;0x00:0xA0;0x00:0xA4;0x01:0xED;0x02:0x02;0x02:0x28;0x02:0x29;0x02:0x2A;0x02:0x2B;0x02:0x2C;0x05:0x00;0x05:0x01;0x05:0x05;0x05:0x08;0x05:0x0E;0x05:0x11;0x05:0x1B;0x05:0x20;0x05:0x23;0x05:0x24;0x05:0x25;0x05:0x26;0x05:0x27;0x05:0x29;0x05:0x2A;0x05:0x2B;0x05:0x47;0x05:0x50;0x05:0x57;0x05:0x58;0x05:0x59;0x05:0x5B;0x05:0x5F;0x05:0x69;0x05:0x6E;0x05:0x6F;0x05:0x75;0x05:0x76;0x05:0x84;0x05:0x86;0x05:0x90;0x05:0x9B;0x05:0xB5;0x05:0xB8;0x05:0xC8;0x05:0xD1;0x05:0xD4;0x09:0x40;0x09:0x44;0x09:0x64;0x09:0x6A;0x09:0x6B;0x09:0x6C;0x09:0x80;0x09:0x81;0x09:0x97;0x09:0x98;0x09:0x99;0x0A:0x60;0x0A:0x61;0x0A:0x62;0x0A:0x63;0x0A:0x64;0x0A:0x65;0x0A:0x66;0x0A:0x67;0x0A:0x68;0x0A:0x69;0x0A:0x6A;0x0A:0x6B;0x0A:0x6C;0x0A:0x6D;0x0A:0x6E;0x0A:0x6F;0x0A:0x70;0x0A:0x71;0x0A:0x72;0x0A:0x74;0x11:0x00
1047,150,MODE1_0150_AHD1080P25_WRITE,READBACK_MISMATCH,105,100,ABORTING->UNRESOLVED_REGISTER_GATE->FATAL_RECOVERY_FAILURE,FATAL_RECOVERY_FAILURE,UNRESOLVED_COMMITTED_REGISTERS=0x00:0x00;0x00:0x08;0x00:0x0C;0x00:0x10;0x00:0x14;0x00:0x18;0x00:0x21;0x00:0x22;0x00:0x30;0x00:0x34;0x00:0x3C;0x00:0x40;0x00:0x44;0x00:0x48;0x00:0x4C;0x00:0x50;0x00:0x58;0x00:0x5C;0x00:0x64;0x00:0x89;0x00:0x8E;0x00:0x93;0x00:0xA0;0x00:0xA4;0x01:0xED;0x02:0x02;0x02:0x28;0x02:0x29;0x02:0x2A;0x02:0x2B;0x02:0x2C;0x05:0x00;0x05:0x01;0x05:0x05;0x05:0x08;0x05:0x0E;0x05:0x11;0x05:0x1B;0x05:0x20;0x05:0x23;0x05:0x24;0x05:0x25;0x05:0x26;0x05:0x27;0x05:0x29;0x05:0x2A;0x05:0x2B;0x05:0x47;0x05:0x50;0x05:0x57;0x05:0x58;0x05:0x59;0x05:0x5B;0x05:0x5F;0x05:0x69;0x05:0x6E;0x05:0x6F;0x05:0x75;0x05:0x76;0x05:0x84;0x05:0x86;0x05:0x90;0x05:0x9B;0x05:0xB5;0x05:0xB8;0x05:0xC8;0x05:0xD1;0x05:0xD4;0x09:0x40;0x09:0x44;0x09:0x64;0x09:0x6A;0x09:0x6B;0x09:0x6C;0x09:0x80;0x09:0x81;0x09:0x97;0x09:0x98;0x09:0x99;0x0A:0x60;0x0A:0x61;0x0A:0x62;0x0A:0x63;0x0A:0x64;0x0A:0x65;0x0A:0x66;0x0A:0x67;0x0A:0x68;0x0A:0x69;0x0A:0x6A;0x0A:0x6B;0x0A:0x6C;0x0A:0x6D;0x0A:0x6E;0x0A:0x6F;0x0A:0x70;0x0A:0x71;0x0A:0x72;0x0A:0x74;0x11:0x00
1048,150,MODE1_0150_AHD1080P25_WRITE,RESET_BETWEEN_OPERATIONS,105,100,ABORTING->PRODUCT_RECONSTRUCTION_GAP->FATAL_RECOVERY_FAILURE,FATAL_RECOVERY_FAILURE,CALLABLE_RESET_AUTOINIT_OR_PERSISTENT_RECOVERY_CONTEXT_NOT_PROVEN
1049,150,MODE1_0150_AHD1080P25_WRITE,HOST_ABORT,105,100,ABORTING->UNRESOLVED_REGISTER_GATE->FATAL_RECOVERY_FAILURE,FATAL_RECOVERY_FAILURE,UNRESOLVED_COMMITTED_REGISTERS=0x00:0x00;0x00:0x08;0x00:0x0C;0x00:0x10;0x00:0x14;0x00:0x18;0x00:0x21;0x00:0x22;0x00:0x30;0x00:0x34;0x00:0x3C;0x00:0x40;0x00:0x44;0x00:0x48;0x00:0x4C;0x00:0x50;0x00:0x58;0x00:0x5C;0x00:0x64;0x00:0x89;0x00:0x8E;0x00:0x93;0x00:0xA0;0x00:0xA4;0x01:0xED;0x02:0x02;0x02:0x28;0x02:0x29;0x02:0x2A;0x02:0x2B;0x02:0x2C;0x05:0x00;0x05:0x01;0x05:0x05;0x05:0x08;0x05:0x0E;0x05:0x11;0x05:0x1B;0x05:0x20;0x05:0x23;0x05:0x24;0x05:0x25;0x05:0x26;0x05:0x27;0x05:0x29;0x05:0x2A;0x05:0x2B;0x05:0x47;0x05:0x50;0x05:0x57;0x05:0x58;0x05:0x59;0x05:0x5B;0x05:0x5F;0x05:0x69;0x05:0x6E;0x05:0x6F;0x05:0x75;0x05:0x76;0x05:0x84;0x05:0x86;0x05:0x90;0x05:0x9B;0x05:0xB5;0x05:0xB8;0x05:0xC8;0x05:0xD1;0x05:0xD4;0x09:0x40;0x09:0x44;0x09:0x64;0x09:0x6A;0x09:0x6B;0x09:0x6C;0x09:0x80;0x09:0x81;0x09:0x97;0x09:0x98;0x09:0x99;0x0A:0x60;0x0A:0x61;0x0A:0x62;0x0A:0x63;0x0A:0x64;0x0A:0x65;0x0A:0x66;0x0A:0x67;0x0A:0x68;0x0A:0x69;0x0A:0x6A;0x0A:0x6B;0x0A:0x6C;0x0A:0x6D;0x0A:0x6E;0x0A:0x6F;0x0A:0x70;0x0A:0x71;0x0A:0x72;0x0A:0x74;0x11:0x00
1050,150,MODE1_0150_AHD1080P25_WRITE,MMIO_RESET,105,100,ABORTING->PRODUCT_RECONSTRUCTION_GAP->FATAL_RECOVERY_FAILURE,FATAL_RECOVERY_FAILURE,CALLABLE_RESET_AUTOINIT_OR_PERSISTENT_RECOVERY_CONTEXT_NOT_PROVEN
1051,151,MODE1_0151_AHD1080P25_WRITE,FAILURE_BEFORE_WRITE,105,100,ABORTING->UNRESOLVED_REGISTER_GATE->FATAL_RECOVERY_FAILURE,FATAL_RECOVERY_FAILURE,UNRESOLVED_COMMITTED_REGISTERS=0x00:0x00;0x00:0x08;0x00:0x0C;0x00:0x10;0x00:0x14;0x00:0x18;0x00:0x21;0x00:0x22;0x00:0x30;0x00:0x34;0x00:0x3C;0x00:0x40;0x00:0x44;0x00:0x48;0x00:0x4C;0x00:0x50;0x00:0x58;0x00:0x5C;0x00:0x64;0x00:0x89;0x00:0x8E;0x00:0x93;0x00:0xA0;0x00:0xA4;0x01:0xED;0x02:0x02;0x02:0x28;0x02:0x29;0x02:0x2A;0x02:0x2B;0x02:0x2C;0x05:0x00;0x05:0x01;0x05:0x05;0x05:0x08;0x05:0x0E;0x05:0x11;0x05:0x1B;0x05:0x20;0x05:0x23;0x05:0x24;0x05:0x25;0x05:0x26;0x05:0x27;0x05:0x29;0x05:0x2A;0x05:0x2B;0x05:0x47;0x05:0x50;0x05:0x57;0x05:0x58;0x05:0x59;0x05:0x5B;0x05:0x5F;0x05:0x69;0x05:0x6E;0x05:0x6F;0x05:0x75;0x05:0x76;0x05:0x84;0x05:0x86;0x05:0x90;0x05:0x9B;0x05:0xB5;0x05:0xB8;0x05:0xC8;0x05:0xD1;0x05:0xD4;0x09:0x40;0x09:0x44;0x09:0x64;0x09:0x6A;0x09:0x6B;0x09:0x6C;0x09:0x80;0x09:0x81;0x09:0x97;0x09:0x98;0x09:0x99;0x0A:0x60;0x0A:0x61;0x0A:0x62;0x0A:0x63;0x0A:0x64;0x0A:0x65;0x0A:0x66;0x0A:0x67;0x0A:0x68;0x0A:0x69;0x0A:0x6A;0x0A:0x6B;0x0A:0x6C;0x0A:0x6D;0x0A:0x6E;0x0A:0x6F;0x0A:0x70;0x0A:0x71;0x0A:0x72;0x0A:0x74;0x11:0x00
1052,151,MODE1_0151_AHD1080P25_WRITE,NACK_DURING_WRITE,106,101,ABORTING->UNRESOLVED_REGISTER_GATE->FATAL_RECOVERY_FAILURE,FATAL_RECOVERY_FAILURE,UNRESOLVED_COMMITTED_REGISTERS=0x00:0x00;0x00:0x08;0x00:0x0C;0x00:0x10;0x00:0x14;0x00:0x18;0x00:0x21;0x00:0x22;0x00:0x30;0x00:0x34;0x00:0x3C;0x00:0x40;0x00:0x44;0x00:0x48;0x00:0x4C;0x00:0x50;0x00:0x58;0x00:0x5C;0x00:0x64;0x00:0x89;0x00:0x8E;0x00:0x93;0x00:0xA0;0x00:0xA4;0x01:0xED;0x02:0x02;0x02:0x28;0x02:0x29;0x02:0x2A;0x02:0x2B;0x02:0x2C;0x05:0x00;0x05:0x01;0x05:0x05;0x05:0x08;0x05:0x0E;0x05:0x11;0x05:0x1B;0x05:0x20;0x05:0x23;0x05:0x24;0x05:0x25;0x05:0x26;0x05:0x27;0x05:0x29;0x05:0x2A;0x05:0x2B;0x05:0x47;0x05:0x50;0x05:0x57;0x05:0x58;0x05:0x59;0x05:0x5B;0x05:0x5F;0x05:0x69;0x05:0x6E;0x05:0x6F;0x05:0x75;0x05:0x76;0x05:0x84;0x05:0x86;0x05:0x90;0x05:0x9B;0x05:0xB5;0x05:0xB7;0x05:0xB8;0x05:0xC8;0x05:0xD1;0x05:0xD4;0x09:0x40;0x09:0x44;0x09:0x64;0x09:0x6A;0x09:0x6B;0x09:0x6C;0x09:0x80;0x09:0x81;0x09:0x97;0x09:0x98;0x09:0x99;0x0A:0x60;0x0A:0x61;0x0A:0x62;0x0A:0x63;0x0A:0x64;0x0A:0x65;0x0A:0x66;0x0A:0x67;0x0A:0x68;0x0A:0x69;0x0A:0x6A;0x0A:0x6B;0x0A:0x6C;0x0A:0x6D;0x0A:0x6E;0x0A:0x6F;0x0A:0x70;0x0A:0x71;0x0A:0x72;0x0A:0x74;0x11:0x00
1053,151,MODE1_0151_AHD1080P25_WRITE,TIMEOUT_DURING_WRITE,106,101,ABORTING->UNRESOLVED_REGISTER_GATE->FATAL_RECOVERY_FAILURE,FATAL_RECOVERY_FAILURE,UNRESOLVED_COMMITTED_REGISTERS=0x00:0x00;0x00:0x08;0x00:0x0C;0x00:0x10;0x00:0x14;0x00:0x18;0x00:0x21;0x00:0x22;0x00:0x30;0x00:0x34;0x00:0x3C;0x00:0x40;0x00:0x44;0x00:0x48;0x00:0x4C;0x00:0x50;0x00:0x58;0x00:0x5C;0x00:0x64;0x00:0x89;0x00:0x8E;0x00:0x93;0x00:0xA0;0x00:0xA4;0x01:0xED;0x02:0x02;0x02:0x28;0x02:0x29;0x02:0x2A;0x02:0x2B;0x02:0x2C;0x05:0x00;0x05:0x01;0x05:0x05;0x05:0x08;0x05:0x0E;0x05:0x11;0x05:0x1B;0x05:0x20;0x05:0x23;0x05:0x24;0x05:0x25;0x05:0x26;0x05:0x27;0x05:0x29;0x05:0x2A;0x05:0x2B;0x05:0x47;0x05:0x50;0x05:0x57;0x05:0x58;0x05:0x59;0x05:0x5B;0x05:0x5F;0x05:0x69;0x05:0x6E;0x05:0x6F;0x05:0x75;0x05:0x76;0x05:0x84;0x05:0x86;0x05:0x90;0x05:0x9B;0x05:0xB5;0x05:0xB7;0x05:0xB8;0x05:0xC8;0x05:0xD1;0x05:0xD4;0x09:0x40;0x09:0x44;0x09:0x64;0x09:0x6A;0x09:0x6B;0x09:0x6C;0x09:0x80;0x09:0x81;0x09:0x97;0x09:0x98;0x09:0x99;0x0A:0x60;0x0A:0x61;0x0A:0x62;0x0A:0x63;0x0A:0x64;0x0A:0x65;0x0A:0x66;0x0A:0x67;0x0A:0x68;0x0A:0x69;0x0A:0x6A;0x0A:0x6B;0x0A:0x6C;0x0A:0x6D;0x0A:0x6E;0x0A:0x6F;0x0A:0x70;0x0A:0x71;0x0A:0x72;0x0A:0x74;0x11:0x00
1054,151,MODE1_0151_AHD1080P25_WRITE,READBACK_MISMATCH,106,101,ABORTING->UNRESOLVED_REGISTER_GATE->FATAL_RECOVERY_FAILURE,FATAL_RECOVERY_FAILURE,UNRESOLVED_COMMITTED_REGISTERS=0x00:0x00;0x00:0x08;0x00:0x0C;0x00:0x10;0x00:0x14;0x00:0x18;0x00:0x21;0x00:0x22;0x00:0x30;0x00:0x34;0x00:0x3C;0x00:0x40;0x00:0x44;0x00:0x48;0x00:0x4C;0x00:0x50;0x00:0x58;0x00:0x5C;0x00:0x64;0x00:0x89;0x00:0x8E;0x00:0x93;0x00:0xA0;0x00:0xA4;0x01:0xED;0x02:0x02;0x02:0x28;0x02:0x29;0x02:0x2A;0x02:0x2B;0x02:0x2C;0x05:0x00;0x05:0x01;0x05:0x05;0x05:0x08;0x05:0x0E;0x05:0x11;0x05:0x1B;0x05:0x20;0x05:0x23;0x05:0x24;0x05:0x25;0x05:0x26;0x05:0x27;0x05:0x29;0x05:0x2A;0x05:0x2B;0x05:0x47;0x05:0x50;0x05:0x57;0x05:0x58;0x05:0x59;0x05:0x5B;0x05:0x5F;0x05:0x69;0x05:0x6E;0x05:0x6F;0x05:0x75;0x05:0x76;0x05:0x84;0x05:0x86;0x05:0x90;0x05:0x9B;0x05:0xB5;0x05:0xB7;0x05:0xB8;0x05:0xC8;0x05:0xD1;0x05:0xD4;0x09:0x40;0x09:0x44;0x09:0x64;0x09:0x6A;0x09:0x6B;0x09:0x6C;0x09:0x80;0x09:0x81;0x09:0x97;0x09:0x98;0x09:0x99;0x0A:0x60;0x0A:0x61;0x0A:0x62;0x0A:0x63;0x0A:0x64;0x0A:0x65;0x0A:0x66;0x0A:0x67;0x0A:0x68;0x0A:0x69;0x0A:0x6A;0x0A:0x6B;0x0A:0x6C;0x0A:0x6D;0x0A:0x6E;0x0A:0x6F;0x0A:0x70;0x0A:0x71;0x0A:0x72;0x0A:0x74;0x11:0x00
1055,151,MODE1_0151_AHD1080P25_WRITE,RESET_BETWEEN_OPERATIONS,106,101,ABORTING->PRODUCT_RECONSTRUCTION_GAP->FATAL_RECOVERY_FAILURE,FATAL_RECOVERY_FAILURE,CALLABLE_RESET_AUTOINIT_OR_PERSISTENT_RECOVERY_CONTEXT_NOT_PROVEN
1056,151,MODE1_0151_AHD1080P25_WRITE,HOST_ABORT,106,101,ABORTING->UNRESOLVED_REGISTER_GATE->FATAL_RECOVERY_FAILURE,FATAL_RECOVERY_FAILURE,UNRESOLVED_COMMITTED_REGISTERS=0x00:0x00;0x00:0x08;0x00:0x0C;0x00:0x10;0x00:0x14;0x00:0x18;0x00:0x21;0x00:0x22;0x00:0x30;0x00:0x34;0x00:0x3C;0x00:0x40;0x00:0x44;0x00:0x48;0x00:0x4C;0x00:0x50;0x00:0x58;0x00:0x5C;0x00:0x64;0x00:0x89;0x00:0x8E;0x00:0x93;0x00:0xA0;0x00:0xA4;0x01:0xED;0x02:0x02;0x02:0x28;0x02:0x29;0x02:0x2A;0x02:0x2B;0x02:0x2C;0x05:0x00;0x05:0x01;0x05:0x05;0x05:0x08;0x05:0x0E;0x05:0x11;0x05:0x1B;0x05:0x20;0x05:0x23;0x05:0x24;0x05:0x25;0x05:0x26;0x05:0x27;0x05:0x29;0x05:0x2A;0x05:0x2B;0x05:0x47;0x05:0x50;0x05:0x57;0x05:0x58;0x05:0x59;0x05:0x5B;0x05:0x5F;0x05:0x69;0x05:0x6E;0x05:0x6F;0x05:0x75;0x05:0x76;0x05:0x84;0x05:0x86;0x05:0x90;0x05:0x9B;0x05:0xB5;0x05:0xB7;0x05:0xB8;0x05:0xC8;0x05:0xD1;0x05:0xD4;0x09:0x40;0x09:0x44;0x09:0x64;0x09:0x6A;0x09:0x6B;0x09:0x6C;0x09:0x80;0x09:0x81;0x09:0x97;0x09:0x98;0x09:0x99;0x0A:0x60;0x0A:0x61;0x0A:0x62;0x0A:0x63;0x0A:0x64;0x0A:0x65;0x0A:0x66;0x0A:0x67;0x0A:0x68;0x0A:0x69;0x0A:0x6A;0x0A:0x6B;0x0A:0x6C;0x0A:0x6D;0x0A:0x6E;0x0A:0x6F;0x0A:0x70;0x0A:0x71;0x0A:0x72;0x0A:0x74;0x11:0x00
1057,151,MODE1_0151_AHD1080P25_WRITE,MMIO_RESET,106,101,ABORTING->PRODUCT_RECONSTRUCTION_GAP->FATAL_RECOVERY_FAILURE,FATAL_RECOVERY_FAILURE,CALLABLE_RESET_AUTOINIT_OR_PERSISTENT_RECOVERY_CONTEXT_NOT_PROVEN
1058,152,MODE1_0152_AHD1080P25_WRITE,FAILURE_BEFORE_WRITE,106,101,ABORTING->UNRESOLVED_REGISTER_GATE->FATAL_RECOVERY_FAILURE,FATAL_RECOVERY_FAILURE,UNRESOLVED_COMMITTED_REGISTERS=0x00:0x00;0x00:0x08;0x00:0x0C;0x00:0x10;0x00:0x14;0x00:0x18;0x00:0x21;0x00:0x22;0x00:0x30;0x00:0x34;0x00:0x3C;0x00:0x40;0x00:0x44;0x00:0x48;0x00:0x4C;0x00:0x50;0x00:0x58;0x00:0x5C;0x00:0x64;0x00:0x89;0x00:0x8E;0x00:0x93;0x00:0xA0;0x00:0xA4;0x01:0xED;0x02:0x02;0x02:0x28;0x02:0x29;0x02:0x2A;0x02:0x2B;0x02:0x2C;0x05:0x00;0x05:0x01;0x05:0x05;0x05:0x08;0x05:0x0E;0x05:0x11;0x05:0x1B;0x05:0x20;0x05:0x23;0x05:0x24;0x05:0x25;0x05:0x26;0x05:0x27;0x05:0x29;0x05:0x2A;0x05:0x2B;0x05:0x47;0x05:0x50;0x05:0x57;0x05:0x58;0x05:0x59;0x05:0x5B;0x05:0x5F;0x05:0x69;0x05:0x6E;0x05:0x6F;0x05:0x75;0x05:0x76;0x05:0x84;0x05:0x86;0x05:0x90;0x05:0x9B;0x05:0xB5;0x05:0xB7;0x05:0xB8;0x05:0xC8;0x05:0xD1;0x05:0xD4;0x09:0x40;0x09:0x44;0x09:0x64;0x09:0x6A;0x09:0x6B;0x09:0x6C;0x09:0x80;0x09:0x81;0x09:0x97;0x09:0x98;0x09:0x99;0x0A:0x60;0x0A:0x61;0x0A:0x62;0x0A:0x63;0x0A:0x64;0x0A:0x65;0x0A:0x66;0x0A:0x67;0x0A:0x68;0x0A:0x69;0x0A:0x6A;0x0A:0x6B;0x0A:0x6C;0x0A:0x6D;0x0A:0x6E;0x0A:0x6F;0x0A:0x70;0x0A:0x71;0x0A:0x72;0x0A:0x74;0x11:0x00
1059,152,MODE1_0152_AHD1080P25_WRITE,NACK_DURING_WRITE,106,101,ABORTING->UNRESOLVED_REGISTER_GATE->FATAL_RECOVERY_FAILURE,FATAL_RECOVERY_FAILURE,UNRESOLVED_COMMITTED_REGISTERS=0x00:0x00;0x00:0x08;0x00:0x0C;0x00:0x10;0x00:0x14;0x00:0x18;0x00:0x21;0x00:0x22;0x00:0x30;0x00:0x34;0x00:0x3C;0x00:0x40;0x00:0x44;0x00:0x48;0x00:0x4C;0x00:0x50;0x00:0x58;0x00:0x5C;0x00:0x64;0x00:0x89;0x00:0x8E;0x00:0x93;0x00:0xA0;0x00:0xA4;0x01:0xED;0x02:0x02;0x02:0x28;0x02:0x29;0x02:0x2A;0x02:0x2B;0x02:0x2C;0x05:0x00;0x05:0x01;0x05:0x05;0x05:0x08;0x05:0x0E;0x05:0x11;0x05:0x1B;0x05:0x20;0x05:0x23;0x05:0x24;0x05:0x25;0x05:0x26;0x05:0x27;0x05:0x29;0x05:0x2A;0x05:0x2B;0x05:0x47;0x05:0x50;0x05:0x57;0x05:0x58;0x05:0x59;0x05:0x5B;0x05:0x5F;0x05:0x69;0x05:0x6E;0x05:0x6F;0x05:0x75;0x05:0x76;0x05:0x84;0x05:0x86;0x05:0x90;0x05:0x9B;0x05:0xB5;0x05:0xB7;0x05:0xB8;0x05:0xC8;0x05:0xD1;0x05:0xD4;0x09:0x40;0x09:0x44;0x09:0x64;0x09:0x6A;0x09:0x6B;0x09:0x6C;0x09:0x80;0x09:0x81;0x09:0x97;0x09:0x98;0x09:0x99;0x0A:0x60;0x0A:0x61;0x0A:0x62;0x0A:0x63;0x0A:0x64;0x0A:0x65;0x0A:0x66;0x0A:0x67;0x0A:0x68;0x0A:0x69;0x0A:0x6A;0x0A:0x6B;0x0A:0x6C;0x0A:0x6D;0x0A:0x6E;0x0A:0x6F;0x0A:0x70;0x0A:0x71;0x0A:0x72;0x0A:0x74;0x11:0x00
1060,152,MODE1_0152_AHD1080P25_WRITE,TIMEOUT_DURING_WRITE,106,101,ABORTING->UNRESOLVED_REGISTER_GATE->FATAL_RECOVERY_FAILURE,FATAL_RECOVERY_FAILURE,UNRESOLVED_COMMITTED_REGISTERS=0x00:0x00;0x00:0x08;0x00:0x0C;0x00:0x10;0x00:0x14;0x00:0x18;0x00:0x21;0x00:0x22;0x00:0x30;0x00:0x34;0x00:0x3C;0x00:0x40;0x00:0x44;0x00:0x48;0x00:0x4C;0x00:0x50;0x00:0x58;0x00:0x5C;0x00:0x64;0x00:0x89;0x00:0x8E;0x00:0x93;0x00:0xA0;0x00:0xA4;0x01:0xED;0x02:0x02;0x02:0x28;0x02:0x29;0x02:0x2A;0x02:0x2B;0x02:0x2C;0x05:0x00;0x05:0x01;0x05:0x05;0x05:0x08;0x05:0x0E;0x05:0x11;0x05:0x1B;0x05:0x20;0x05:0x23;0x05:0x24;0x05:0x25;0x05:0x26;0x05:0x27;0x05:0x29;0x05:0x2A;0x05:0x2B;0x05:0x47;0x05:0x50;0x05:0x57;0x05:0x58;0x05:0x59;0x05:0x5B;0x05:0x5F;0x05:0x69;0x05:0x6E;0x05:0x6F;0x05:0x75;0x05:0x76;0x05:0x84;0x05:0x86;0x05:0x90;0x05:0x9B;0x05:0xB5;0x05:0xB7;0x05:0xB8;0x05:0xC8;0x05:0xD1;0x05:0xD4;0x09:0x40;0x09:0x44;0x09:0x64;0x09:0x6A;0x09:0x6B;0x09:0x6C;0x09:0x80;0x09:0x81;0x09:0x97;0x09:0x98;0x09:0x99;0x0A:0x60;0x0A:0x61;0x0A:0x62;0x0A:0x63;0x0A:0x64;0x0A:0x65;0x0A:0x66;0x0A:0x67;0x0A:0x68;0x0A:0x69;0x0A:0x6A;0x0A:0x6B;0x0A:0x6C;0x0A:0x6D;0x0A:0x6E;0x0A:0x6F;0x0A:0x70;0x0A:0x71;0x0A:0x72;0x0A:0x74;0x11:0x00
1061,152,MODE1_0152_AHD1080P25_WRITE,READBACK_MISMATCH,106,101,ABORTING->UNRESOLVED_REGISTER_GATE->FATAL_RECOVERY_FAILURE,FATAL_RECOVERY_FAILURE,UNRESOLVED_COMMITTED_REGISTERS=0x00:0x00;0x00:0x08;0x00:0x0C;0x00:0x10;0x00:0x14;0x00:0x18;0x00:0x21;0x00:0x22;0x00:0x30;0x00:0x34;0x00:0x3C;0x00:0x40;0x00:0x44;0x00:0x48;0x00:0x4C;0x00:0x50;0x00:0x58;0x00:0x5C;0x00:0x64;0x00:0x89;0x00:0x8E;0x00:0x93;0x00:0xA0;0x00:0xA4;0x01:0xED;0x02:0x02;0x02:0x28;0x02:0x29;0x02:0x2A;0x02:0x2B;0x02:0x2C;0x05:0x00;0x05:0x01;0x05:0x05;0x05:0x08;0x05:0x0E;0x05:0x11;0x05:0x1B;0x05:0x20;0x05:0x23;0x05:0x24;0x05:0x25;0x05:0x26;0x05:0x27;0x05:0x29;0x05:0x2A;0x05:0x2B;0x05:0x47;0x05:0x50;0x05:0x57;0x05:0x58;0x05:0x59;0x05:0x5B;0x05:0x5F;0x05:0x69;0x05:0x6E;0x05:0x6F;0x05:0x75;0x05:0x76;0x05:0x84;0x05:0x86;0x05:0x90;0x05:0x9B;0x05:0xB5;0x05:0xB7;0x05:0xB8;0x05:0xC8;0x05:0xD1;0x05:0xD4;0x09:0x40;0x09:0x44;0x09:0x64;0x09:0x6A;0x09:0x6B;0x09:0x6C;0x09:0x80;0x09:0x81;0x09:0x97;0x09:0x98;0x09:0x99;0x0A:0x60;0x0A:0x61;0x0A:0x62;0x0A:0x63;0x0A:0x64;0x0A:0x65;0x0A:0x66;0x0A:0x67;0x0A:0x68;0x0A:0x69;0x0A:0x6A;0x0A:0x6B;0x0A:0x6C;0x0A:0x6D;0x0A:0x6E;0x0A:0x6F;0x0A:0x70;0x0A:0x71;0x0A:0x72;0x0A:0x74;0x11:0x00
1062,152,MODE1_0152_AHD1080P25_WRITE,RESET_BETWEEN_OPERATIONS,106,101,ABORTING->PRODUCT_RECONSTRUCTION_GAP->FATAL_RECOVERY_FAILURE,FATAL_RECOVERY_FAILURE,CALLABLE_RESET_AUTOINIT_OR_PERSISTENT_RECOVERY_CONTEXT_NOT_PROVEN
1063,152,MODE1_0152_AHD1080P25_WRITE,HOST_ABORT,106,101,ABORTING->UNRESOLVED_REGISTER_GATE->FATAL_RECOVERY_FAILURE,FATAL_RECOVERY_FAILURE,UNRESOLVED_COMMITTED_REGISTERS=0x00:0x00;0x00:0x08;0x00:0x0C;0x00:0x10;0x00:0x14;0x00:0x18;0x00:0x21;0x00:0x22;0x00:0x30;0x00:0x34;0x00:0x3C;0x00:0x40;0x00:0x44;0x00:0x48;0x00:0x4C;0x00:0x50;0x00:0x58;0x00:0x5C;0x00:0x64;0x00:0x89;0x00:0x8E;0x00:0x93;0x00:0xA0;0x00:0xA4;0x01:0xED;0x02:0x02;0x02:0x28;0x02:0x29;0x02:0x2A;0x02:0x2B;0x02:0x2C;0x05:0x00;0x05:0x01;0x05:0x05;0x05:0x08;0x05:0x0E;0x05:0x11;0x05:0x1B;0x05:0x20;0x05:0x23;0x05:0x24;0x05:0x25;0x05:0x26;0x05:0x27;0x05:0x29;0x05:0x2A;0x05:0x2B;0x05:0x47;0x05:0x50;0x05:0x57;0x05:0x58;0x05:0x59;0x05:0x5B;0x05:0x5F;0x05:0x69;0x05:0x6E;0x05:0x6F;0x05:0x75;0x05:0x76;0x05:0x84;0x05:0x86;0x05:0x90;0x05:0x9B;0x05:0xB5;0x05:0xB7;0x05:0xB8;0x05:0xC8;0x05:0xD1;0x05:0xD4;0x09:0x40;0x09:0x44;0x09:0x64;0x09:0x6A;0x09:0x6B;0x09:0x6C;0x09:0x80;0x09:0x81;0x09:0x97;0x09:0x98;0x09:0x99;0x0A:0x60;0x0A:0x61;0x0A:0x62;0x0A:0x63;0x0A:0x64;0x0A:0x65;0x0A:0x66;0x0A:0x67;0x0A:0x68;0x0A:0x69;0x0A:0x6A;0x0A:0x6B;0x0A:0x6C;0x0A:0x6D;0x0A:0x6E;0x0A:0x6F;0x0A:0x70;0x0A:0x71;0x0A:0x72;0x0A:0x74;0x11:0x00
1064,152,MODE1_0152_AHD1080P25_WRITE,MMIO_RESET,106,101,ABORTING->PRODUCT_RECONSTRUCTION_GAP->FATAL_RECOVERY_FAILURE,FATAL_RECOVERY_FAILURE,CALLABLE_RESET_AUTOINIT_OR_PERSISTENT_RECOVERY_CONTEXT_NOT_PROVEN
1065,153,MODE1_0153_AHD1080P25_WRITE,FAILURE_BEFORE_WRITE,106,101,ABORTING->UNRESOLVED_REGISTER_GATE->FATAL_RECOVERY_FAILURE,FATAL_RECOVERY_FAILURE,UNRESOLVED_COMMITTED_REGISTERS=0x00:0x00;0x00:0x08;0x00:0x0C;0x00:0x10;0x00:0x14;0x00:0x18;0x00:0x21;0x00:0x22;0x00:0x30;0x00:0x34;0x00:0x3C;0x00:0x40;0x00:0x44;0x00:0x48;0x00:0x4C;0x00:0x50;0x00:0x58;0x00:0x5C;0x00:0x64;0x00:0x89;0x00:0x8E;0x00:0x93;0x00:0xA0;0x00:0xA4;0x01:0xED;0x02:0x02;0x02:0x28;0x02:0x29;0x02:0x2A;0x02:0x2B;0x02:0x2C;0x05:0x00;0x05:0x01;0x05:0x05;0x05:0x08;0x05:0x0E;0x05:0x11;0x05:0x1B;0x05:0x20;0x05:0x23;0x05:0x24;0x05:0x25;0x05:0x26;0x05:0x27;0x05:0x29;0x05:0x2A;0x05:0x2B;0x05:0x47;0x05:0x50;0x05:0x57;0x05:0x58;0x05:0x59;0x05:0x5B;0x05:0x5F;0x05:0x69;0x05:0x6E;0x05:0x6F;0x05:0x75;0x05:0x76;0x05:0x84;0x05:0x86;0x05:0x90;0x05:0x9B;0x05:0xB5;0x05:0xB7;0x05:0xB8;0x05:0xC8;0x05:0xD1;0x05:0xD4;0x09:0x40;0x09:0x44;0x09:0x64;0x09:0x6A;0x09:0x6B;0x09:0x6C;0x09:0x80;0x09:0x81;0x09:0x97;0x09:0x98;0x09:0x99;0x0A:0x60;0x0A:0x61;0x0A:0x62;0x0A:0x63;0x0A:0x64;0x0A:0x65;0x0A:0x66;0x0A:0x67;0x0A:0x68;0x0A:0x69;0x0A:0x6A;0x0A:0x6B;0x0A:0x6C;0x0A:0x6D;0x0A:0x6E;0x0A:0x6F;0x0A:0x70;0x0A:0x71;0x0A:0x72;0x0A:0x74;0x11:0x00
1066,153,MODE1_0153_AHD1080P25_WRITE,NACK_DURING_WRITE,107,102,ABORTING->UNRESOLVED_REGISTER_GATE->FATAL_RECOVERY_FAILURE,FATAL_RECOVERY_FAILURE,UNRESOLVED_COMMITTED_REGISTERS=0x00:0x00;0x00:0x08;0x00:0x0C;0x00:0x10;0x00:0x14;0x00:0x18;0x00:0x21;0x00:0x22;0x00:0x30;0x00:0x34;0x00:0x3C;0x00:0x40;0x00:0x44;0x00:0x48;0x00:0x4C;0x00:0x50;0x00:0x58;0x00:0x5C;0x00:0x64;0x00:0x89;0x00:0x8E;0x00:0x93;0x00:0xA0;0x00:0xA4;0x01:0xED;0x02:0x02;0x02:0x28;0x02:0x29;0x02:0x2A;0x02:0x2B;0x02:0x2C;0x05:0x00;0x05:0x01;0x05:0x05;0x05:0x08;0x05:0x0E;0x05:0x11;0x05:0x1B;0x05:0x20;0x05:0x23;0x05:0x24;0x05:0x25;0x05:0x26;0x05:0x27;0x05:0x29;0x05:0x2A;0x05:0x2B;0x05:0x47;0x05:0x50;0x05:0x57;0x05:0x58;0x05:0x59;0x05:0x5B;0x05:0x5F;0x05:0x69;0x05:0x6E;0x05:0x6F;0x05:0x75;0x05:0x76;0x05:0x84;0x05:0x86;0x05:0x90;0x05:0x9B;0x05:0xB5;0x05:0xB7;0x05:0xB8;0x05:0xBB;0x05:0xC8;0x05:0xD1;0x05:0xD4;0x09:0x40;0x09:0x44;0x09:0x64;0x09:0x6A;0x09:0x6B;0x09:0x6C;0x09:0x80;0x09:0x81;0x09:0x97;0x09:0x98;0x09:0x99;0x0A:0x60;0x0A:0x61;0x0A:0x62;0x0A:0x63;0x0A:0x64;0x0A:0x65;0x0A:0x66;0x0A:0x67;0x0A:0x68;0x0A:0x69;0x0A:0x6A;0x0A:0x6B;0x0A:0x6C;0x0A:0x6D;0x0A:0x6E;0x0A:0x6F;0x0A:0x70;0x0A:0x71;0x0A:0x72;0x0A:0x74;0x11:0x00
1067,153,MODE1_0153_AHD1080P25_WRITE,TIMEOUT_DURING_WRITE,107,102,ABORTING->UNRESOLVED_REGISTER_GATE->FATAL_RECOVERY_FAILURE,FATAL_RECOVERY_FAILURE,UNRESOLVED_COMMITTED_REGISTERS=0x00:0x00;0x00:0x08;0x00:0x0C;0x00:0x10;0x00:0x14;0x00:0x18;0x00:0x21;0x00:0x22;0x00:0x30;0x00:0x34;0x00:0x3C;0x00:0x40;0x00:0x44;0x00:0x48;0x00:0x4C;0x00:0x50;0x00:0x58;0x00:0x5C;0x00:0x64;0x00:0x89;0x00:0x8E;0x00:0x93;0x00:0xA0;0x00:0xA4;0x01:0xED;0x02:0x02;0x02:0x28;0x02:0x29;0x02:0x2A;0x02:0x2B;0x02:0x2C;0x05:0x00;0x05:0x01;0x05:0x05;0x05:0x08;0x05:0x0E;0x05:0x11;0x05:0x1B;0x05:0x20;0x05:0x23;0x05:0x24;0x05:0x25;0x05:0x26;0x05:0x27;0x05:0x29;0x05:0x2A;0x05:0x2B;0x05:0x47;0x05:0x50;0x05:0x57;0x05:0x58;0x05:0x59;0x05:0x5B;0x05:0x5F;0x05:0x69;0x05:0x6E;0x05:0x6F;0x05:0x75;0x05:0x76;0x05:0x84;0x05:0x86;0x05:0x90;0x05:0x9B;0x05:0xB5;0x05:0xB7;0x05:0xB8;0x05:0xBB;0x05:0xC8;0x05:0xD1;0x05:0xD4;0x09:0x40;0x09:0x44;0x09:0x64;0x09:0x6A;0x09:0x6B;0x09:0x6C;0x09:0x80;0x09:0x81;0x09:0x97;0x09:0x98;0x09:0x99;0x0A:0x60;0x0A:0x61;0x0A:0x62;0x0A:0x63;0x0A:0x64;0x0A:0x65;0x0A:0x66;0x0A:0x67;0x0A:0x68;0x0A:0x69;0x0A:0x6A;0x0A:0x6B;0x0A:0x6C;0x0A:0x6D;0x0A:0x6E;0x0A:0x6F;0x0A:0x70;0x0A:0x71;0x0A:0x72;0x0A:0x74;0x11:0x00
1068,153,MODE1_0153_AHD1080P25_WRITE,READBACK_MISMATCH,107,102,ABORTING->UNRESOLVED_REGISTER_GATE->FATAL_RECOVERY_FAILURE,FATAL_RECOVERY_FAILURE,UNRESOLVED_COMMITTED_REGISTERS=0x00:0x00;0x00:0x08;0x00:0x0C;0x00:0x10;0x00:0x14;0x00:0x18;0x00:0x21;0x00:0x22;0x00:0x30;0x00:0x34;0x00:0x3C;0x00:0x40;0x00:0x44;0x00:0x48;0x00:0x4C;0x00:0x50;0x00:0x58;0x00:0x5C;0x00:0x64;0x00:0x89;0x00:0x8E;0x00:0x93;0x00:0xA0;0x00:0xA4;0x01:0xED;0x02:0x02;0x02:0x28;0x02:0x29;0x02:0x2A;0x02:0x2B;0x02:0x2C;0x05:0x00;0x05:0x01;0x05:0x05;0x05:0x08;0x05:0x0E;0x05:0x11;0x05:0x1B;0x05:0x20;0x05:0x23;0x05:0x24;0x05:0x25;0x05:0x26;0x05:0x27;0x05:0x29;0x05:0x2A;0x05:0x2B;0x05:0x47;0x05:0x50;0x05:0x57;0x05:0x58;0x05:0x59;0x05:0x5B;0x05:0x5F;0x05:0x69;0x05:0x6E;0x05:0x6F;0x05:0x75;0x05:0x76;0x05:0x84;0x05:0x86;0x05:0x90;0x05:0x9B;0x05:0xB5;0x05:0xB7;0x05:0xB8;0x05:0xBB;0x05:0xC8;0x05:0xD1;0x05:0xD4;0x09:0x40;0x09:0x44;0x09:0x64;0x09:0x6A;0x09:0x6B;0x09:0x6C;0x09:0x80;0x09:0x81;0x09:0x97;0x09:0x98;0x09:0x99;0x0A:0x60;0x0A:0x61;0x0A:0x62;0x0A:0x63;0x0A:0x64;0x0A:0x65;0x0A:0x66;0x0A:0x67;0x0A:0x68;0x0A:0x69;0x0A:0x6A;0x0A:0x6B;0x0A:0x6C;0x0A:0x6D;0x0A:0x6E;0x0A:0x6F;0x0A:0x70;0x0A:0x71;0x0A:0x72;0x0A:0x74;0x11:0x00
1069,153,MODE1_0153_AHD1080P25_WRITE,RESET_BETWEEN_OPERATIONS,107,102,ABORTING->PRODUCT_RECONSTRUCTION_GAP->FATAL_RECOVERY_FAILURE,FATAL_RECOVERY_FAILURE,CALLABLE_RESET_AUTOINIT_OR_PERSISTENT_RECOVERY_CONTEXT_NOT_PROVEN
1070,153,MODE1_0153_AHD1080P25_WRITE,HOST_ABORT,107,102,ABORTING->UNRESOLVED_REGISTER_GATE->FATAL_RECOVERY_FAILURE,FATAL_RECOVERY_FAILURE,UNRESOLVED_COMMITTED_REGISTERS=0x00:0x00;0x00:0x08;0x00:0x0C;0x00:0x10;0x00:0x14;0x00:0x18;0x00:0x21;0x00:0x22;0x00:0x30;0x00:0x34;0x00:0x3C;0x00:0x40;0x00:0x44;0x00:0x48;0x00:0x4C;0x00:0x50;0x00:0x58;0x00:0x5C;0x00:0x64;0x00:0x89;0x00:0x8E;0x00:0x93;0x00:0xA0;0x00:0xA4;0x01:0xED;0x02:0x02;0x02:0x28;0x02:0x29;0x02:0x2A;0x02:0x2B;0x02:0x2C;0x05:0x00;0x05:0x01;0x05:0x05;0x05:0x08;0x05:0x0E;0x05:0x11;0x05:0x1B;0x05:0x20;0x05:0x23;0x05:0x24;0x05:0x25;0x05:0x26;0x05:0x27;0x05:0x29;0x05:0x2A;0x05:0x2B;0x05:0x47;0x05:0x50;0x05:0x57;0x05:0x58;0x05:0x59;0x05:0x5B;0x05:0x5F;0x05:0x69;0x05:0x6E;0x05:0x6F;0x05:0x75;0x05:0x76;0x05:0x84;0x05:0x86;0x05:0x90;0x05:0x9B;0x05:0xB5;0x05:0xB7;0x05:0xB8;0x05:0xBB;0x05:0xC8;0x05:0xD1;0x05:0xD4;0x09:0x40;0x09:0x44;0x09:0x64;0x09:0x6A;0x09:0x6B;0x09:0x6C;0x09:0x80;0x09:0x81;0x09:0x97;0x09:0x98;0x09:0x99;0x0A:0x60;0x0A:0x61;0x0A:0x62;0x0A:0x63;0x0A:0x64;0x0A:0x65;0x0A:0x66;0x0A:0x67;0x0A:0x68;0x0A:0x69;0x0A:0x6A;0x0A:0x6B;0x0A:0x6C;0x0A:0x6D;0x0A:0x6E;0x0A:0x6F;0x0A:0x70;0x0A:0x71;0x0A:0x72;0x0A:0x74;0x11:0x00
1071,153,MODE1_0153_AHD1080P25_WRITE,MMIO_RESET,107,102,ABORTING->PRODUCT_RECONSTRUCTION_GAP->FATAL_RECOVERY_FAILURE,FATAL_RECOVERY_FAILURE,CALLABLE_RESET_AUTOINIT_OR_PERSISTENT_RECOVERY_CONTEXT_NOT_PROVEN
1072,154,MODE1_0154_AHD1080P25_WRITE,FAILURE_BEFORE_WRITE,107,102,ABORTING->UNRESOLVED_REGISTER_GATE->FATAL_RECOVERY_FAILURE,FATAL_RECOVERY_FAILURE,UNRESOLVED_COMMITTED_REGISTERS=0x00:0x00;0x00:0x08;0x00:0x0C;0x00:0x10;0x00:0x14;0x00:0x18;0x00:0x21;0x00:0x22;0x00:0x30;0x00:0x34;0x00:0x3C;0x00:0x40;0x00:0x44;0x00:0x48;0x00:0x4C;0x00:0x50;0x00:0x58;0x00:0x5C;0x00:0x64;0x00:0x89;0x00:0x8E;0x00:0x93;0x00:0xA0;0x00:0xA4;0x01:0xED;0x02:0x02;0x02:0x28;0x02:0x29;0x02:0x2A;0x02:0x2B;0x02:0x2C;0x05:0x00;0x05:0x01;0x05:0x05;0x05:0x08;0x05:0x0E;0x05:0x11;0x05:0x1B;0x05:0x20;0x05:0x23;0x05:0x24;0x05:0x25;0x05:0x26;0x05:0x27;0x05:0x29;0x05:0x2A;0x05:0x2B;0x05:0x47;0x05:0x50;0x05:0x57;0x05:0x58;0x05:0x59;0x05:0x5B;0x05:0x5F;0x05:0x69;0x05:0x6E;0x05:0x6F;0x05:0x75;0x05:0x76;0x05:0x84;0x05:0x86;0x05:0x90;0x05:0x9B;0x05:0xB5;0x05:0xB7;0x05:0xB8;0x05:0xBB;0x05:0xC8;0x05:0xD1;0x05:0xD4;0x09:0x40;0x09:0x44;0x09:0x64;0x09:0x6A;0x09:0x6B;0x09:0x6C;0x09:0x80;0x09:0x81;0x09:0x97;0x09:0x98;0x09:0x99;0x0A:0x60;0x0A:0x61;0x0A:0x62;0x0A:0x63;0x0A:0x64;0x0A:0x65;0x0A:0x66;0x0A:0x67;0x0A:0x68;0x0A:0x69;0x0A:0x6A;0x0A:0x6B;0x0A:0x6C;0x0A:0x6D;0x0A:0x6E;0x0A:0x6F;0x0A:0x70;0x0A:0x71;0x0A:0x72;0x0A:0x74;0x11:0x00
1073,154,MODE1_0154_AHD1080P25_WRITE,NACK_DURING_WRITE,107,102,ABORTING->UNRESOLVED_REGISTER_GATE->FATAL_RECOVERY_FAILURE,FATAL_RECOVERY_FAILURE,UNRESOLVED_COMMITTED_REGISTERS=0x00:0x00;0x00:0x08;0x00:0x0C;0x00:0x10;0x00:0x14;0x00:0x18;0x00:0x21;0x00:0x22;0x00:0x30;0x00:0x34;0x00:0x3C;0x00:0x40;0x00:0x44;0x00:0x48;0x00:0x4C;0x00:0x50;0x00:0x58;0x00:0x5C;0x00:0x64;0x00:0x89;0x00:0x8E;0x00:0x93;0x00:0xA0;0x00:0xA4;0x01:0xED;0x02:0x02;0x02:0x28;0x02:0x29;0x02:0x2A;0x02:0x2B;0x02:0x2C;0x05:0x00;0x05:0x01;0x05:0x05;0x05:0x08;0x05:0x0E;0x05:0x11;0x05:0x1B;0x05:0x20;0x05:0x23;0x05:0x24;0x05:0x25;0x05:0x26;0x05:0x27;0x05:0x29;0x05:0x2A;0x05:0x2B;0x05:0x47;0x05:0x50;0x05:0x57;0x05:0x58;0x05:0x59;0x05:0x5B;0x05:0x5F;0x05:0x69;0x05:0x6E;0x05:0x6F;0x05:0x75;0x05:0x76;0x05:0x84;0x05:0x86;0x05:0x90;0x05:0x9B;0x05:0xB5;0x05:0xB7;0x05:0xB8;0x05:0xBB;0x05:0xC8;0x05:0xD1;0x05:0xD4;0x09:0x40;0x09:0x44;0x09:0x64;0x09:0x6A;0x09:0x6B;0x09:0x6C;0x09:0x80;0x09:0x81;0x09:0x97;0x09:0x98;0x09:0x99;0x0A:0x60;0x0A:0x61;0x0A:0x62;0x0A:0x63;0x0A:0x64;0x0A:0x65;0x0A:0x66;0x0A:0x67;0x0A:0x68;0x0A:0x69;0x0A:0x6A;0x0A:0x6B;0x0A:0x6C;0x0A:0x6D;0x0A:0x6E;0x0A:0x6F;0x0A:0x70;0x0A:0x71;0x0A:0x72;0x0A:0x74;0x11:0x00
1074,154,MODE1_0154_AHD1080P25_WRITE,TIMEOUT_DURING_WRITE,107,102,ABORTING->UNRESOLVED_REGISTER_GATE->FATAL_RECOVERY_FAILURE,FATAL_RECOVERY_FAILURE,UNRESOLVED_COMMITTED_REGISTERS=0x00:0x00;0x00:0x08;0x00:0x0C;0x00:0x10;0x00:0x14;0x00:0x18;0x00:0x21;0x00:0x22;0x00:0x30;0x00:0x34;0x00:0x3C;0x00:0x40;0x00:0x44;0x00:0x48;0x00:0x4C;0x00:0x50;0x00:0x58;0x00:0x5C;0x00:0x64;0x00:0x89;0x00:0x8E;0x00:0x93;0x00:0xA0;0x00:0xA4;0x01:0xED;0x02:0x02;0x02:0x28;0x02:0x29;0x02:0x2A;0x02:0x2B;0x02:0x2C;0x05:0x00;0x05:0x01;0x05:0x05;0x05:0x08;0x05:0x0E;0x05:0x11;0x05:0x1B;0x05:0x20;0x05:0x23;0x05:0x24;0x05:0x25;0x05:0x26;0x05:0x27;0x05:0x29;0x05:0x2A;0x05:0x2B;0x05:0x47;0x05:0x50;0x05:0x57;0x05:0x58;0x05:0x59;0x05:0x5B;0x05:0x5F;0x05:0x69;0x05:0x6E;0x05:0x6F;0x05:0x75;0x05:0x76;0x05:0x84;0x05:0x86;0x05:0x90;0x05:0x9B;0x05:0xB5;0x05:0xB7;0x05:0xB8;0x05:0xBB;0x05:0xC8;0x05:0xD1;0x05:0xD4;0x09:0x40;0x09:0x44;0x09:0x64;0x09:0x6A;0x09:0x6B;0x09:0x6C;0x09:0x80;0x09:0x81;0x09:0x97;0x09:0x98;0x09:0x99;0x0A:0x60;0x0A:0x61;0x0A:0x62;0x0A:0x63;0x0A:0x64;0x0A:0x65;0x0A:0x66;0x0A:0x67;0x0A:0x68;0x0A:0x69;0x0A:0x6A;0x0A:0x6B;0x0A:0x6C;0x0A:0x6D;0x0A:0x6E;0x0A:0x6F;0x0A:0x70;0x0A:0x71;0x0A:0x72;0x0A:0x74;0x11:0x00
1075,154,MODE1_0154_AHD1080P25_WRITE,READBACK_MISMATCH,107,102,ABORTING->UNRESOLVED_REGISTER_GATE->FATAL_RECOVERY_FAILURE,FATAL_RECOVERY_FAILURE,UNRESOLVED_COMMITTED_REGISTERS=0x00:0x00;0x00:0x08;0x00:0x0C;0x00:0x10;0x00:0x14;0x00:0x18;0x00:0x21;0x00:0x22;0x00:0x30;0x00:0x34;0x00:0x3C;0x00:0x40;0x00:0x44;0x00:0x48;0x00:0x4C;0x00:0x50;0x00:0x58;0x00:0x5C;0x00:0x64;0x00:0x89;0x00:0x8E;0x00:0x93;0x00:0xA0;0x00:0xA4;0x01:0xED;0x02:0x02;0x02:0x28;0x02:0x29;0x02:0x2A;0x02:0x2B;0x02:0x2C;0x05:0x00;0x05:0x01;0x05:0x05;0x05:0x08;0x05:0x0E;0x05:0x11;0x05:0x1B;0x05:0x20;0x05:0x23;0x05:0x24;0x05:0x25;0x05:0x26;0x05:0x27;0x05:0x29;0x05:0x2A;0x05:0x2B;0x05:0x47;0x05:0x50;0x05:0x57;0x05:0x58;0x05:0x59;0x05:0x5B;0x05:0x5F;0x05:0x69;0x05:0x6E;0x05:0x6F;0x05:0x75;0x05:0x76;0x05:0x84;0x05:0x86;0x05:0x90;0x05:0x9B;0x05:0xB5;0x05:0xB7;0x05:0xB8;0x05:0xBB;0x05:0xC8;0x05:0xD1;0x05:0xD4;0x09:0x40;0x09:0x44;0x09:0x64;0x09:0x6A;0x09:0x6B;0x09:0x6C;0x09:0x80;0x09:0x81;0x09:0x97;0x09:0x98;0x09:0x99;0x0A:0x60;0x0A:0x61;0x0A:0x62;0x0A:0x63;0x0A:0x64;0x0A:0x65;0x0A:0x66;0x0A:0x67;0x0A:0x68;0x0A:0x69;0x0A:0x6A;0x0A:0x6B;0x0A:0x6C;0x0A:0x6D;0x0A:0x6E;0x0A:0x6F;0x0A:0x70;0x0A:0x71;0x0A:0x72;0x0A:0x74;0x11:0x00
1076,154,MODE1_0154_AHD1080P25_WRITE,RESET_BETWEEN_OPERATIONS,107,102,ABORTING->PRODUCT_RECONSTRUCTION_GAP->FATAL_RECOVERY_FAILURE,FATAL_RECOVERY_FAILURE,CALLABLE_RESET_AUTOINIT_OR_PERSISTENT_RECOVERY_CONTEXT_NOT_PROVEN
1077,154,MODE1_0154_AHD1080P25_WRITE,HOST_ABORT,107,102,ABORTING->UNRESOLVED_REGISTER_GATE->FATAL_RECOVERY_FAILURE,FATAL_RECOVERY_FAILURE,UNRESOLVED_COMMITTED_REGISTERS=0x00:0x00;0x00:0x08;0x00:0x0C;0x00:0x10;0x00:0x14;0x00:0x18;0x00:0x21;0x00:0x22;0x00:0x30;0x00:0x34;0x00:0x3C;0x00:0x40;0x00:0x44;0x00:0x48;0x00:0x4C;0x00:0x50;0x00:0x58;0x00:0x5C;0x00:0x64;0x00:0x89;0x00:0x8E;0x00:0x93;0x00:0xA0;0x00:0xA4;0x01:0xED;0x02:0x02;0x02:0x28;0x02:0x29;0x02:0x2A;0x02:0x2B;0x02:0x2C;0x05:0x00;0x05:0x01;0x05:0x05;0x05:0x08;0x05:0x0E;0x05:0x11;0x05:0x1B;0x05:0x20;0x05:0x23;0x05:0x24;0x05:0x25;0x05:0x26;0x05:0x27;0x05:0x29;0x05:0x2A;0x05:0x2B;0x05:0x47;0x05:0x50;0x05:0x57;0x05:0x58;0x05:0x59;0x05:0x5B;0x05:0x5F;0x05:0x69;0x05:0x6E;0x05:0x6F;0x05:0x75;0x05:0x76;0x05:0x84;0x05:0x86;0x05:0x90;0x05:0x9B;0x05:0xB5;0x05:0xB7;0x05:0xB8;0x05:0xBB;0x05:0xC8;0x05:0xD1;0x05:0xD4;0x09:0x40;0x09:0x44;0x09:0x64;0x09:0x6A;0x09:0x6B;0x09:0x6C;0x09:0x80;0x09:0x81;0x09:0x97;0x09:0x98;0x09:0x99;0x0A:0x60;0x0A:0x61;0x0A:0x62;0x0A:0x63;0x0A:0x64;0x0A:0x65;0x0A:0x66;0x0A:0x67;0x0A:0x68;0x0A:0x69;0x0A:0x6A;0x0A:0x6B;0x0A:0x6C;0x0A:0x6D;0x0A:0x6E;0x0A:0x6F;0x0A:0x70;0x0A:0x71;0x0A:0x72;0x0A:0x74;0x11:0x00
1078,154,MODE1_0154_AHD1080P25_WRITE,MMIO_RESET,107,102,ABORTING->PRODUCT_RECONSTRUCTION_GAP->FATAL_RECOVERY_FAILURE,FATAL_RECOVERY_FAILURE,CALLABLE_RESET_AUTOINIT_OR_PERSISTENT_RECOVERY_CONTEXT_NOT_PROVEN
1079,155,MODE1_0155_AHD1080P25_BANK_SELECT,FAILURE_BEFORE_WRITE,107,102,ABORTING->UNRESOLVED_REGISTER_GATE->FATAL_RECOVERY_FAILURE,FATAL_RECOVERY_FAILURE,UNRESOLVED_COMMITTED_REGISTERS=0x00:0x00;0x00:0x08;0x00:0x0C;0x00:0x10;0x00:0x14;0x00:0x18;0x00:0x21;0x00:0x22;0x00:0x30;0x00:0x34;0x00:0x3C;0x00:0x40;0x00:0x44;0x00:0x48;0x00:0x4C;0x00:0x50;0x00:0x58;0x00:0x5C;0x00:0x64;0x00:0x89;0x00:0x8E;0x00:0x93;0x00:0xA0;0x00:0xA4;0x01:0xED;0x02:0x02;0x02:0x28;0x02:0x29;0x02:0x2A;0x02:0x2B;0x02:0x2C;0x05:0x00;0x05:0x01;0x05:0x05;0x05:0x08;0x05:0x0E;0x05:0x11;0x05:0x1B;0x05:0x20;0x05:0x23;0x05:0x24;0x05:0x25;0x05:0x26;0x05:0x27;0x05:0x29;0x05:0x2A;0x05:0x2B;0x05:0x47;0x05:0x50;0x05:0x57;0x05:0x58;0x05:0x59;0x05:0x5B;0x05:0x5F;0x05:0x69;0x05:0x6E;0x05:0x6F;0x05:0x75;0x05:0x76;0x05:0x84;0x05:0x86;0x05:0x90;0x05:0x9B;0x05:0xB5;0x05:0xB7;0x05:0xB8;0x05:0xBB;0x05:0xC8;0x05:0xD1;0x05:0xD4;0x09:0x40;0x09:0x44;0x09:0x64;0x09:0x6A;0x09:0x6B;0x09:0x6C;0x09:0x80;0x09:0x81;0x09:0x97;0x09:0x98;0x09:0x99;0x0A:0x60;0x0A:0x61;0x0A:0x62;0x0A:0x63;0x0A:0x64;0x0A:0x65;0x0A:0x66;0x0A:0x67;0x0A:0x68;0x0A:0x69;0x0A:0x6A;0x0A:0x6B;0x0A:0x6C;0x0A:0x6D;0x0A:0x6E;0x0A:0x6F;0x0A:0x70;0x0A:0x71;0x0A:0x72;0x0A:0x74;0x11:0x00
1080,155,MODE1_0155_AHD1080P25_BANK_SELECT,NACK_DURING_WRITE,107,102,ABORTING->UNRESOLVED_REGISTER_GATE->FATAL_RECOVERY_FAILURE,FATAL_RECOVERY_FAILURE,UNRESOLVED_COMMITTED_REGISTERS=0x00:0x00;0x00:0x08;0x00:0x0C;0x00:0x10;0x00:0x14;0x00:0x18;0x00:0x21;0x00:0x22;0x00:0x30;0x00:0x34;0x00:0x3C;0x00:0x40;0x00:0x44;0x00:0x48;0x00:0x4C;0x00:0x50;0x00:0x58;0x00:0x5C;0x00:0x64;0x00:0x89;0x00:0x8E;0x00:0x93;0x00:0xA0;0x00:0xA4;0x01:0xED;0x02:0x02;0x02:0x28;0x02:0x29;0x02:0x2A;0x02:0x2B;0x02:0x2C;0x05:0x00;0x05:0x01;0x05:0x05;0x05:0x08;0x05:0x0E;0x05:0x11;0x05:0x1B;0x05:0x20;0x05:0x23;0x05:0x24;0x05:0x25;0x05:0x26;0x05:0x27;0x05:0x29;0x05:0x2A;0x05:0x2B;0x05:0x47;0x05:0x50;0x05:0x57;0x05:0x58;0x05:0x59;0x05:0x5B;0x05:0x5F;0x05:0x69;0x05:0x6E;0x05:0x6F;0x05:0x75;0x05:0x76;0x05:0x84;0x05:0x86;0x05:0x90;0x05:0x9B;0x05:0xB5;0x05:0xB7;0x05:0xB8;0x05:0xBB;0x05:0xC8;0x05:0xD1;0x05:0xD4;0x09:0x40;0x09:0x44;0x09:0x64;0x09:0x6A;0x09:0x6B;0x09:0x6C;0x09:0x80;0x09:0x81;0x09:0x97;0x09:0x98;0x09:0x99;0x0A:0x60;0x0A:0x61;0x0A:0x62;0x0A:0x63;0x0A:0x64;0x0A:0x65;0x0A:0x66;0x0A:0x67;0x0A:0x68;0x0A:0x69;0x0A:0x6A;0x0A:0x6B;0x0A:0x6C;0x0A:0x6D;0x0A:0x6E;0x0A:0x6F;0x0A:0x70;0x0A:0x71;0x0A:0x72;0x0A:0x74;0x11:0x00
1081,155,MODE1_0155_AHD1080P25_BANK_SELECT,TIMEOUT_DURING_WRITE,107,102,ABORTING->UNRESOLVED_REGISTER_GATE->FATAL_RECOVERY_FAILURE,FATAL_RECOVERY_FAILURE,UNRESOLVED_COMMITTED_REGISTERS=0x00:0x00;0x00:0x08;0x00:0x0C;0x00:0x10;0x00:0x14;0x00:0x18;0x00:0x21;0x00:0x22;0x00:0x30;0x00:0x34;0x00:0x3C;0x00:0x40;0x00:0x44;0x00:0x48;0x00:0x4C;0x00:0x50;0x00:0x58;0x00:0x5C;0x00:0x64;0x00:0x89;0x00:0x8E;0x00:0x93;0x00:0xA0;0x00:0xA4;0x01:0xED;0x02:0x02;0x02:0x28;0x02:0x29;0x02:0x2A;0x02:0x2B;0x02:0x2C;0x05:0x00;0x05:0x01;0x05:0x05;0x05:0x08;0x05:0x0E;0x05:0x11;0x05:0x1B;0x05:0x20;0x05:0x23;0x05:0x24;0x05:0x25;0x05:0x26;0x05:0x27;0x05:0x29;0x05:0x2A;0x05:0x2B;0x05:0x47;0x05:0x50;0x05:0x57;0x05:0x58;0x05:0x59;0x05:0x5B;0x05:0x5F;0x05:0x69;0x05:0x6E;0x05:0x6F;0x05:0x75;0x05:0x76;0x05:0x84;0x05:0x86;0x05:0x90;0x05:0x9B;0x05:0xB5;0x05:0xB7;0x05:0xB8;0x05:0xBB;0x05:0xC8;0x05:0xD1;0x05:0xD4;0x09:0x40;0x09:0x44;0x09:0x64;0x09:0x6A;0x09:0x6B;0x09:0x6C;0x09:0x80;0x09:0x81;0x09:0x97;0x09:0x98;0x09:0x99;0x0A:0x60;0x0A:0x61;0x0A:0x62;0x0A:0x63;0x0A:0x64;0x0A:0x65;0x0A:0x66;0x0A:0x67;0x0A:0x68;0x0A:0x69;0x0A:0x6A;0x0A:0x6B;0x0A:0x6C;0x0A:0x6D;0x0A:0x6E;0x0A:0x6F;0x0A:0x70;0x0A:0x71;0x0A:0x72;0x0A:0x74;0x11:0x00
1082,155,MODE1_0155_AHD1080P25_BANK_SELECT,READBACK_MISMATCH,107,102,ABORTING->UNRESOLVED_REGISTER_GATE->FATAL_RECOVERY_FAILURE,FATAL_RECOVERY_FAILURE,UNRESOLVED_COMMITTED_REGISTERS=0x00:0x00;0x00:0x08;0x00:0x0C;0x00:0x10;0x00:0x14;0x00:0x18;0x00:0x21;0x00:0x22;0x00:0x30;0x00:0x34;0x00:0x3C;0x00:0x40;0x00:0x44;0x00:0x48;0x00:0x4C;0x00:0x50;0x00:0x58;0x00:0x5C;0x00:0x64;0x00:0x89;0x00:0x8E;0x00:0x93;0x00:0xA0;0x00:0xA4;0x01:0xED;0x02:0x02;0x02:0x28;0x02:0x29;0x02:0x2A;0x02:0x2B;0x02:0x2C;0x05:0x00;0x05:0x01;0x05:0x05;0x05:0x08;0x05:0x0E;0x05:0x11;0x05:0x1B;0x05:0x20;0x05:0x23;0x05:0x24;0x05:0x25;0x05:0x26;0x05:0x27;0x05:0x29;0x05:0x2A;0x05:0x2B;0x05:0x47;0x05:0x50;0x05:0x57;0x05:0x58;0x05:0x59;0x05:0x5B;0x05:0x5F;0x05:0x69;0x05:0x6E;0x05:0x6F;0x05:0x75;0x05:0x76;0x05:0x84;0x05:0x86;0x05:0x90;0x05:0x9B;0x05:0xB5;0x05:0xB7;0x05:0xB8;0x05:0xBB;0x05:0xC8;0x05:0xD1;0x05:0xD4;0x09:0x40;0x09:0x44;0x09:0x64;0x09:0x6A;0x09:0x6B;0x09:0x6C;0x09:0x80;0x09:0x81;0x09:0x97;0x09:0x98;0x09:0x99;0x0A:0x60;0x0A:0x61;0x0A:0x62;0x0A:0x63;0x0A:0x64;0x0A:0x65;0x0A:0x66;0x0A:0x67;0x0A:0x68;0x0A:0x69;0x0A:0x6A;0x0A:0x6B;0x0A:0x6C;0x0A:0x6D;0x0A:0x6E;0x0A:0x6F;0x0A:0x70;0x0A:0x71;0x0A:0x72;0x0A:0x74;0x11:0x00
1083,155,MODE1_0155_AHD1080P25_BANK_SELECT,RESET_BETWEEN_OPERATIONS,107,102,ABORTING->PRODUCT_RECONSTRUCTION_GAP->FATAL_RECOVERY_FAILURE,FATAL_RECOVERY_FAILURE,CALLABLE_RESET_AUTOINIT_OR_PERSISTENT_RECOVERY_CONTEXT_NOT_PROVEN
1084,155,MODE1_0155_AHD1080P25_BANK_SELECT,HOST_ABORT,107,102,ABORTING->UNRESOLVED_REGISTER_GATE->FATAL_RECOVERY_FAILURE,FATAL_RECOVERY_FAILURE,UNRESOLVED_COMMITTED_REGISTERS=0x00:0x00;0x00:0x08;0x00:0x0C;0x00:0x10;0x00:0x14;0x00:0x18;0x00:0x21;0x00:0x22;0x00:0x30;0x00:0x34;0x00:0x3C;0x00:0x40;0x00:0x44;0x00:0x48;0x00:0x4C;0x00:0x50;0x00:0x58;0x00:0x5C;0x00:0x64;0x00:0x89;0x00:0x8E;0x00:0x93;0x00:0xA0;0x00:0xA4;0x01:0xED;0x02:0x02;0x02:0x28;0x02:0x29;0x02:0x2A;0x02:0x2B;0x02:0x2C;0x05:0x00;0x05:0x01;0x05:0x05;0x05:0x08;0x05:0x0E;0x05:0x11;0x05:0x1B;0x05:0x20;0x05:0x23;0x05:0x24;0x05:0x25;0x05:0x26;0x05:0x27;0x05:0x29;0x05:0x2A;0x05:0x2B;0x05:0x47;0x05:0x50;0x05:0x57;0x05:0x58;0x05:0x59;0x05:0x5B;0x05:0x5F;0x05:0x69;0x05:0x6E;0x05:0x6F;0x05:0x75;0x05:0x76;0x05:0x84;0x05:0x86;0x05:0x90;0x05:0x9B;0x05:0xB5;0x05:0xB7;0x05:0xB8;0x05:0xBB;0x05:0xC8;0x05:0xD1;0x05:0xD4;0x09:0x40;0x09:0x44;0x09:0x64;0x09:0x6A;0x09:0x6B;0x09:0x6C;0x09:0x80;0x09:0x81;0x09:0x97;0x09:0x98;0x09:0x99;0x0A:0x60;0x0A:0x61;0x0A:0x62;0x0A:0x63;0x0A:0x64;0x0A:0x65;0x0A:0x66;0x0A:0x67;0x0A:0x68;0x0A:0x69;0x0A:0x6A;0x0A:0x6B;0x0A:0x6C;0x0A:0x6D;0x0A:0x6E;0x0A:0x6F;0x0A:0x70;0x0A:0x71;0x0A:0x72;0x0A:0x74;0x11:0x00
1085,155,MODE1_0155_AHD1080P25_BANK_SELECT,MMIO_RESET,107,102,ABORTING->PRODUCT_RECONSTRUCTION_GAP->FATAL_RECOVERY_FAILURE,FATAL_RECOVERY_FAILURE,CALLABLE_RESET_AUTOINIT_OR_PERSISTENT_RECOVERY_CONTEXT_NOT_PROVEN
1086,156,MODE1_0156_AHD1080P25_WRITE,FAILURE_BEFORE_WRITE,107,102,ABORTING->UNRESOLVED_REGISTER_GATE->FATAL_RECOVERY_FAILURE,FATAL_RECOVERY_FAILURE,UNRESOLVED_COMMITTED_REGISTERS=0x00:0x00;0x00:0x08;0x00:0x0C;0x00:0x10;0x00:0x14;0x00:0x18;0x00:0x21;0x00:0x22;0x00:0x30;0x00:0x34;0x00:0x3C;0x00:0x40;0x00:0x44;0x00:0x48;0x00:0x4C;0x00:0x50;0x00:0x58;0x00:0x5C;0x00:0x64;0x00:0x89;0x00:0x8E;0x00:0x93;0x00:0xA0;0x00:0xA4;0x01:0xED;0x02:0x02;0x02:0x28;0x02:0x29;0x02:0x2A;0x02:0x2B;0x02:0x2C;0x05:0x00;0x05:0x01;0x05:0x05;0x05:0x08;0x05:0x0E;0x05:0x11;0x05:0x1B;0x05:0x20;0x05:0x23;0x05:0x24;0x05:0x25;0x05:0x26;0x05:0x27;0x05:0x29;0x05:0x2A;0x05:0x2B;0x05:0x47;0x05:0x50;0x05:0x57;0x05:0x58;0x05:0x59;0x05:0x5B;0x05:0x5F;0x05:0x69;0x05:0x6E;0x05:0x6F;0x05:0x75;0x05:0x76;0x05:0x84;0x05:0x86;0x05:0x90;0x05:0x9B;0x05:0xB5;0x05:0xB7;0x05:0xB8;0x05:0xBB;0x05:0xC8;0x05:0xD1;0x05:0xD4;0x09:0x40;0x09:0x44;0x09:0x64;0x09:0x6A;0x09:0x6B;0x09:0x6C;0x09:0x80;0x09:0x81;0x09:0x97;0x09:0x98;0x09:0x99;0x0A:0x60;0x0A:0x61;0x0A:0x62;0x0A:0x63;0x0A:0x64;0x0A:0x65;0x0A:0x66;0x0A:0x67;0x0A:0x68;0x0A:0x69;0x0A:0x6A;0x0A:0x6B;0x0A:0x6C;0x0A:0x6D;0x0A:0x6E;0x0A:0x6F;0x0A:0x70;0x0A:0x71;0x0A:0x72;0x0A:0x74;0x11:0x00
1087,156,MODE1_0156_AHD1080P25_WRITE,NACK_DURING_WRITE,108,103,ABORTING->UNRESOLVED_REGISTER_GATE->FATAL_RECOVERY_FAILURE,FATAL_RECOVERY_FAILURE,UNRESOLVED_COMMITTED_REGISTERS=0x00:0x00;0x00:0x08;0x00:0x0C;0x00:0x10;0x00:0x14;0x00:0x18;0x00:0x21;0x00:0x22;0x00:0x30;0x00:0x34;0x00:0x3C;0x00:0x40;0x00:0x44;0x00:0x48;0x00:0x4C;0x00:0x50;0x00:0x58;0x00:0x5C;0x00:0x64;0x00:0x89;0x00:0x8E;0x00:0x93;0x00:0xA0;0x00:0xA4;0x01:0xED;0x02:0x02;0x02:0x28;0x02:0x29;0x02:0x2A;0x02:0x2B;0x02:0x2C;0x05:0x00;0x05:0x01;0x05:0x05;0x05:0x08;0x05:0x0E;0x05:0x11;0x05:0x1B;0x05:0x20;0x05:0x23;0x05:0x24;0x05:0x25;0x05:0x26;0x05:0x27;0x05:0x29;0x05:0x2A;0x05:0x2B;0x05:0x47;0x05:0x50;0x05:0x57;0x05:0x58;0x05:0x59;0x05:0x5B;0x05:0x5F;0x05:0x69;0x05:0x6E;0x05:0x6F;0x05:0x75;0x05:0x76;0x05:0x84;0x05:0x86;0x05:0x90;0x05:0x9B;0x05:0xB5;0x05:0xB7;0x05:0xB8;0x05:0xBB;0x05:0xC8;0x05:0xD1;0x05:0xD4;0x09:0x40;0x09:0x44;0x09:0x50;0x09:0x64;0x09:0x6A;0x09:0x6B;0x09:0x6C;0x09:0x80;0x09:0x81;0x09:0x97;0x09:0x98;0x09:0x99;0x0A:0x60;0x0A:0x61;0x0A:0x62;0x0A:0x63;0x0A:0x64;0x0A:0x65;0x0A:0x66;0x0A:0x67;0x0A:0x68;0x0A:0x69;0x0A:0x6A;0x0A:0x6B;0x0A:0x6C;0x0A:0x6D;0x0A:0x6E;0x0A:0x6F;0x0A:0x70;0x0A:0x71;0x0A:0x72;0x0A:0x74;0x11:0x00
1088,156,MODE1_0156_AHD1080P25_WRITE,TIMEOUT_DURING_WRITE,108,103,ABORTING->UNRESOLVED_REGISTER_GATE->FATAL_RECOVERY_FAILURE,FATAL_RECOVERY_FAILURE,UNRESOLVED_COMMITTED_REGISTERS=0x00:0x00;0x00:0x08;0x00:0x0C;0x00:0x10;0x00:0x14;0x00:0x18;0x00:0x21;0x00:0x22;0x00:0x30;0x00:0x34;0x00:0x3C;0x00:0x40;0x00:0x44;0x00:0x48;0x00:0x4C;0x00:0x50;0x00:0x58;0x00:0x5C;0x00:0x64;0x00:0x89;0x00:0x8E;0x00:0x93;0x00:0xA0;0x00:0xA4;0x01:0xED;0x02:0x02;0x02:0x28;0x02:0x29;0x02:0x2A;0x02:0x2B;0x02:0x2C;0x05:0x00;0x05:0x01;0x05:0x05;0x05:0x08;0x05:0x0E;0x05:0x11;0x05:0x1B;0x05:0x20;0x05:0x23;0x05:0x24;0x05:0x25;0x05:0x26;0x05:0x27;0x05:0x29;0x05:0x2A;0x05:0x2B;0x05:0x47;0x05:0x50;0x05:0x57;0x05:0x58;0x05:0x59;0x05:0x5B;0x05:0x5F;0x05:0x69;0x05:0x6E;0x05:0x6F;0x05:0x75;0x05:0x76;0x05:0x84;0x05:0x86;0x05:0x90;0x05:0x9B;0x05:0xB5;0x05:0xB7;0x05:0xB8;0x05:0xBB;0x05:0xC8;0x05:0xD1;0x05:0xD4;0x09:0x40;0x09:0x44;0x09:0x50;0x09:0x64;0x09:0x6A;0x09:0x6B;0x09:0x6C;0x09:0x80;0x09:0x81;0x09:0x97;0x09:0x98;0x09:0x99;0x0A:0x60;0x0A:0x61;0x0A:0x62;0x0A:0x63;0x0A:0x64;0x0A:0x65;0x0A:0x66;0x0A:0x67;0x0A:0x68;0x0A:0x69;0x0A:0x6A;0x0A:0x6B;0x0A:0x6C;0x0A:0x6D;0x0A:0x6E;0x0A:0x6F;0x0A:0x70;0x0A:0x71;0x0A:0x72;0x0A:0x74;0x11:0x00
1089,156,MODE1_0156_AHD1080P25_WRITE,READBACK_MISMATCH,108,103,ABORTING->UNRESOLVED_REGISTER_GATE->FATAL_RECOVERY_FAILURE,FATAL_RECOVERY_FAILURE,UNRESOLVED_COMMITTED_REGISTERS=0x00:0x00;0x00:0x08;0x00:0x0C;0x00:0x10;0x00:0x14;0x00:0x18;0x00:0x21;0x00:0x22;0x00:0x30;0x00:0x34;0x00:0x3C;0x00:0x40;0x00:0x44;0x00:0x48;0x00:0x4C;0x00:0x50;0x00:0x58;0x00:0x5C;0x00:0x64;0x00:0x89;0x00:0x8E;0x00:0x93;0x00:0xA0;0x00:0xA4;0x01:0xED;0x02:0x02;0x02:0x28;0x02:0x29;0x02:0x2A;0x02:0x2B;0x02:0x2C;0x05:0x00;0x05:0x01;0x05:0x05;0x05:0x08;0x05:0x0E;0x05:0x11;0x05:0x1B;0x05:0x20;0x05:0x23;0x05:0x24;0x05:0x25;0x05:0x26;0x05:0x27;0x05:0x29;0x05:0x2A;0x05:0x2B;0x05:0x47;0x05:0x50;0x05:0x57;0x05:0x58;0x05:0x59;0x05:0x5B;0x05:0x5F;0x05:0x69;0x05:0x6E;0x05:0x6F;0x05:0x75;0x05:0x76;0x05:0x84;0x05:0x86;0x05:0x90;0x05:0x9B;0x05:0xB5;0x05:0xB7;0x05:0xB8;0x05:0xBB;0x05:0xC8;0x05:0xD1;0x05:0xD4;0x09:0x40;0x09:0x44;0x09:0x50;0x09:0x64;0x09:0x6A;0x09:0x6B;0x09:0x6C;0x09:0x80;0x09:0x81;0x09:0x97;0x09:0x98;0x09:0x99;0x0A:0x60;0x0A:0x61;0x0A:0x62;0x0A:0x63;0x0A:0x64;0x0A:0x65;0x0A:0x66;0x0A:0x67;0x0A:0x68;0x0A:0x69;0x0A:0x6A;0x0A:0x6B;0x0A:0x6C;0x0A:0x6D;0x0A:0x6E;0x0A:0x6F;0x0A:0x70;0x0A:0x71;0x0A:0x72;0x0A:0x74;0x11:0x00
1090,156,MODE1_0156_AHD1080P25_WRITE,RESET_BETWEEN_OPERATIONS,108,103,ABORTING->PRODUCT_RECONSTRUCTION_GAP->FATAL_RECOVERY_FAILURE,FATAL_RECOVERY_FAILURE,CALLABLE_RESET_AUTOINIT_OR_PERSISTENT_RECOVERY_CONTEXT_NOT_PROVEN
1091,156,MODE1_0156_AHD1080P25_WRITE,HOST_ABORT,108,103,ABORTING->UNRESOLVED_REGISTER_GATE->FATAL_RECOVERY_FAILURE,FATAL_RECOVERY_FAILURE,UNRESOLVED_COMMITTED_REGISTERS=0x00:0x00;0x00:0x08;0x00:0x0C;0x00:0x10;0x00:0x14;0x00:0x18;0x00:0x21;0x00:0x22;0x00:0x30;0x00:0x34;0x00:0x3C;0x00:0x40;0x00:0x44;0x00:0x48;0x00:0x4C;0x00:0x50;0x00:0x58;0x00:0x5C;0x00:0x64;0x00:0x89;0x00:0x8E;0x00:0x93;0x00:0xA0;0x00:0xA4;0x01:0xED;0x02:0x02;0x02:0x28;0x02:0x29;0x02:0x2A;0x02:0x2B;0x02:0x2C;0x05:0x00;0x05:0x01;0x05:0x05;0x05:0x08;0x05:0x0E;0x05:0x11;0x05:0x1B;0x05:0x20;0x05:0x23;0x05:0x24;0x05:0x25;0x05:0x26;0x05:0x27;0x05:0x29;0x05:0x2A;0x05:0x2B;0x05:0x47;0x05:0x50;0x05:0x57;0x05:0x58;0x05:0x59;0x05:0x5B;0x05:0x5F;0x05:0x69;0x05:0x6E;0x05:0x6F;0x05:0x75;0x05:0x76;0x05:0x84;0x05:0x86;0x05:0x90;0x05:0x9B;0x05:0xB5;0x05:0xB7;0x05:0xB8;0x05:0xBB;0x05:0xC8;0x05:0xD1;0x05:0xD4;0x09:0x40;0x09:0x44;0x09:0x50;0x09:0x64;0x09:0x6A;0x09:0x6B;0x09:0x6C;0x09:0x80;0x09:0x81;0x09:0x97;0x09:0x98;0x09:0x99;0x0A:0x60;0x0A:0x61;0x0A:0x62;0x0A:0x63;0x0A:0x64;0x0A:0x65;0x0A:0x66;0x0A:0x67;0x0A:0x68;0x0A:0x69;0x0A:0x6A;0x0A:0x6B;0x0A:0x6C;0x0A:0x6D;0x0A:0x6E;0x0A:0x6F;0x0A:0x70;0x0A:0x71;0x0A:0x72;0x0A:0x74;0x11:0x00
1092,156,MODE1_0156_AHD1080P25_WRITE,MMIO_RESET,108,103,ABORTING->PRODUCT_RECONSTRUCTION_GAP->FATAL_RECOVERY_FAILURE,FATAL_RECOVERY_FAILURE,CALLABLE_RESET_AUTOINIT_OR_PERSISTENT_RECOVERY_CONTEXT_NOT_PROVEN
1093,157,MODE1_0157_AHD1080P25_WRITE,FAILURE_BEFORE_WRITE,108,103,ABORTING->UNRESOLVED_REGISTER_GATE->FATAL_RECOVERY_FAILURE,FATAL_RECOVERY_FAILURE,UNRESOLVED_COMMITTED_REGISTERS=0x00:0x00;0x00:0x08;0x00:0x0C;0x00:0x10;0x00:0x14;0x00:0x18;0x00:0x21;0x00:0x22;0x00:0x30;0x00:0x34;0x00:0x3C;0x00:0x40;0x00:0x44;0x00:0x48;0x00:0x4C;0x00:0x50;0x00:0x58;0x00:0x5C;0x00:0x64;0x00:0x89;0x00:0x8E;0x00:0x93;0x00:0xA0;0x00:0xA4;0x01:0xED;0x02:0x02;0x02:0x28;0x02:0x29;0x02:0x2A;0x02:0x2B;0x02:0x2C;0x05:0x00;0x05:0x01;0x05:0x05;0x05:0x08;0x05:0x0E;0x05:0x11;0x05:0x1B;0x05:0x20;0x05:0x23;0x05:0x24;0x05:0x25;0x05:0x26;0x05:0x27;0x05:0x29;0x05:0x2A;0x05:0x2B;0x05:0x47;0x05:0x50;0x05:0x57;0x05:0x58;0x05:0x59;0x05:0x5B;0x05:0x5F;0x05:0x69;0x05:0x6E;0x05:0x6F;0x05:0x75;0x05:0x76;0x05:0x84;0x05:0x86;0x05:0x90;0x05:0x9B;0x05:0xB5;0x05:0xB7;0x05:0xB8;0x05:0xBB;0x05:0xC8;0x05:0xD1;0x05:0xD4;0x09:0x40;0x09:0x44;0x09:0x50;0x09:0x64;0x09:0x6A;0x09:0x6B;0x09:0x6C;0x09:0x80;0x09:0x81;0x09:0x97;0x09:0x98;0x09:0x99;0x0A:0x60;0x0A:0x61;0x0A:0x62;0x0A:0x63;0x0A:0x64;0x0A:0x65;0x0A:0x66;0x0A:0x67;0x0A:0x68;0x0A:0x69;0x0A:0x6A;0x0A:0x6B;0x0A:0x6C;0x0A:0x6D;0x0A:0x6E;0x0A:0x6F;0x0A:0x70;0x0A:0x71;0x0A:0x72;0x0A:0x74;0x11:0x00
1094,157,MODE1_0157_AHD1080P25_WRITE,NACK_DURING_WRITE,109,104,ABORTING->UNRESOLVED_REGISTER_GATE->FATAL_RECOVERY_FAILURE,FATAL_RECOVERY_FAILURE,UNRESOLVED_COMMITTED_REGISTERS=0x00:0x00;0x00:0x08;0x00:0x0C;0x00:0x10;0x00:0x14;0x00:0x18;0x00:0x21;0x00:0x22;0x00:0x30;0x00:0x34;0x00:0x3C;0x00:0x40;0x00:0x44;0x00:0x48;0x00:0x4C;0x00:0x50;0x00:0x58;0x00:0x5C;0x00:0x64;0x00:0x89;0x00:0x8E;0x00:0x93;0x00:0xA0;0x00:0xA4;0x01:0xED;0x02:0x02;0x02:0x28;0x02:0x29;0x02:0x2A;0x02:0x2B;0x02:0x2C;0x05:0x00;0x05:0x01;0x05:0x05;0x05:0x08;0x05:0x0E;0x05:0x11;0x05:0x1B;0x05:0x20;0x05:0x23;0x05:0x24;0x05:0x25;0x05:0x26;0x05:0x27;0x05:0x29;0x05:0x2A;0x05:0x2B;0x05:0x47;0x05:0x50;0x05:0x57;0x05:0x58;0x05:0x59;0x05:0x5B;0x05:0x5F;0x05:0x69;0x05:0x6E;0x05:0x6F;0x05:0x75;0x05:0x76;0x05:0x84;0x05:0x86;0x05:0x90;0x05:0x9B;0x05:0xB5;0x05:0xB7;0x05:0xB8;0x05:0xBB;0x05:0xC8;0x05:0xD1;0x05:0xD4;0x09:0x40;0x09:0x44;0x09:0x50;0x09:0x51;0x09:0x64;0x09:0x6A;0x09:0x6B;0x09:0x6C;0x09:0x80;0x09:0x81;0x09:0x97;0x09:0x98;0x09:0x99;0x0A:0x60;0x0A:0x61;0x0A:0x62;0x0A:0x63;0x0A:0x64;0x0A:0x65;0x0A:0x66;0x0A:0x67;0x0A:0x68;0x0A:0x69;0x0A:0x6A;0x0A:0x6B;0x0A:0x6C;0x0A:0x6D;0x0A:0x6E;0x0A:0x6F;0x0A:0x70;0x0A:0x71;0x0A:0x72;0x0A:0x74;0x11:0x00
1095,157,MODE1_0157_AHD1080P25_WRITE,TIMEOUT_DURING_WRITE,109,104,ABORTING->UNRESOLVED_REGISTER_GATE->FATAL_RECOVERY_FAILURE,FATAL_RECOVERY_FAILURE,UNRESOLVED_COMMITTED_REGISTERS=0x00:0x00;0x00:0x08;0x00:0x0C;0x00:0x10;0x00:0x14;0x00:0x18;0x00:0x21;0x00:0x22;0x00:0x30;0x00:0x34;0x00:0x3C;0x00:0x40;0x00:0x44;0x00:0x48;0x00:0x4C;0x00:0x50;0x00:0x58;0x00:0x5C;0x00:0x64;0x00:0x89;0x00:0x8E;0x00:0x93;0x00:0xA0;0x00:0xA4;0x01:0xED;0x02:0x02;0x02:0x28;0x02:0x29;0x02:0x2A;0x02:0x2B;0x02:0x2C;0x05:0x00;0x05:0x01;0x05:0x05;0x05:0x08;0x05:0x0E;0x05:0x11;0x05:0x1B;0x05:0x20;0x05:0x23;0x05:0x24;0x05:0x25;0x05:0x26;0x05:0x27;0x05:0x29;0x05:0x2A;0x05:0x2B;0x05:0x47;0x05:0x50;0x05:0x57;0x05:0x58;0x05:0x59;0x05:0x5B;0x05:0x5F;0x05:0x69;0x05:0x6E;0x05:0x6F;0x05:0x75;0x05:0x76;0x05:0x84;0x05:0x86;0x05:0x90;0x05:0x9B;0x05:0xB5;0x05:0xB7;0x05:0xB8;0x05:0xBB;0x05:0xC8;0x05:0xD1;0x05:0xD4;0x09:0x40;0x09:0x44;0x09:0x50;0x09:0x51;0x09:0x64;0x09:0x6A;0x09:0x6B;0x09:0x6C;0x09:0x80;0x09:0x81;0x09:0x97;0x09:0x98;0x09:0x99;0x0A:0x60;0x0A:0x61;0x0A:0x62;0x0A:0x63;0x0A:0x64;0x0A:0x65;0x0A:0x66;0x0A:0x67;0x0A:0x68;0x0A:0x69;0x0A:0x6A;0x0A:0x6B;0x0A:0x6C;0x0A:0x6D;0x0A:0x6E;0x0A:0x6F;0x0A:0x70;0x0A:0x71;0x0A:0x72;0x0A:0x74;0x11:0x00
1096,157,MODE1_0157_AHD1080P25_WRITE,READBACK_MISMATCH,109,104,ABORTING->UNRESOLVED_REGISTER_GATE->FATAL_RECOVERY_FAILURE,FATAL_RECOVERY_FAILURE,UNRESOLVED_COMMITTED_REGISTERS=0x00:0x00;0x00:0x08;0x00:0x0C;0x00:0x10;0x00:0x14;0x00:0x18;0x00:0x21;0x00:0x22;0x00:0x30;0x00:0x34;0x00:0x3C;0x00:0x40;0x00:0x44;0x00:0x48;0x00:0x4C;0x00:0x50;0x00:0x58;0x00:0x5C;0x00:0x64;0x00:0x89;0x00:0x8E;0x00:0x93;0x00:0xA0;0x00:0xA4;0x01:0xED;0x02:0x02;0x02:0x28;0x02:0x29;0x02:0x2A;0x02:0x2B;0x02:0x2C;0x05:0x00;0x05:0x01;0x05:0x05;0x05:0x08;0x05:0x0E;0x05:0x11;0x05:0x1B;0x05:0x20;0x05:0x23;0x05:0x24;0x05:0x25;0x05:0x26;0x05:0x27;0x05:0x29;0x05:0x2A;0x05:0x2B;0x05:0x47;0x05:0x50;0x05:0x57;0x05:0x58;0x05:0x59;0x05:0x5B;0x05:0x5F;0x05:0x69;0x05:0x6E;0x05:0x6F;0x05:0x75;0x05:0x76;0x05:0x84;0x05:0x86;0x05:0x90;0x05:0x9B;0x05:0xB5;0x05:0xB7;0x05:0xB8;0x05:0xBB;0x05:0xC8;0x05:0xD1;0x05:0xD4;0x09:0x40;0x09:0x44;0x09:0x50;0x09:0x51;0x09:0x64;0x09:0x6A;0x09:0x6B;0x09:0x6C;0x09:0x80;0x09:0x81;0x09:0x97;0x09:0x98;0x09:0x99;0x0A:0x60;0x0A:0x61;0x0A:0x62;0x0A:0x63;0x0A:0x64;0x0A:0x65;0x0A:0x66;0x0A:0x67;0x0A:0x68;0x0A:0x69;0x0A:0x6A;0x0A:0x6B;0x0A:0x6C;0x0A:0x6D;0x0A:0x6E;0x0A:0x6F;0x0A:0x70;0x0A:0x71;0x0A:0x72;0x0A:0x74;0x11:0x00
1097,157,MODE1_0157_AHD1080P25_WRITE,RESET_BETWEEN_OPERATIONS,109,104,ABORTING->PRODUCT_RECONSTRUCTION_GAP->FATAL_RECOVERY_FAILURE,FATAL_RECOVERY_FAILURE,CALLABLE_RESET_AUTOINIT_OR_PERSISTENT_RECOVERY_CONTEXT_NOT_PROVEN
1098,157,MODE1_0157_AHD1080P25_WRITE,HOST_ABORT,109,104,ABORTING->UNRESOLVED_REGISTER_GATE->FATAL_RECOVERY_FAILURE,FATAL_RECOVERY_FAILURE,UNRESOLVED_COMMITTED_REGISTERS=0x00:0x00;0x00:0x08;0x00:0x0C;0x00:0x10;0x00:0x14;0x00:0x18;0x00:0x21;0x00:0x22;0x00:0x30;0x00:0x34;0x00:0x3C;0x00:0x40;0x00:0x44;0x00:0x48;0x00:0x4C;0x00:0x50;0x00:0x58;0x00:0x5C;0x00:0x64;0x00:0x89;0x00:0x8E;0x00:0x93;0x00:0xA0;0x00:0xA4;0x01:0xED;0x02:0x02;0x02:0x28;0x02:0x29;0x02:0x2A;0x02:0x2B;0x02:0x2C;0x05:0x00;0x05:0x01;0x05:0x05;0x05:0x08;0x05:0x0E;0x05:0x11;0x05:0x1B;0x05:0x20;0x05:0x23;0x05:0x24;0x05:0x25;0x05:0x26;0x05:0x27;0x05:0x29;0x05:0x2A;0x05:0x2B;0x05:0x47;0x05:0x50;0x05:0x57;0x05:0x58;0x05:0x59;0x05:0x5B;0x05:0x5F;0x05:0x69;0x05:0x6E;0x05:0x6F;0x05:0x75;0x05:0x76;0x05:0x84;0x05:0x86;0x05:0x90;0x05:0x9B;0x05:0xB5;0x05:0xB7;0x05:0xB8;0x05:0xBB;0x05:0xC8;0x05:0xD1;0x05:0xD4;0x09:0x40;0x09:0x44;0x09:0x50;0x09:0x51;0x09:0x64;0x09:0x6A;0x09:0x6B;0x09:0x6C;0x09:0x80;0x09:0x81;0x09:0x97;0x09:0x98;0x09:0x99;0x0A:0x60;0x0A:0x61;0x0A:0x62;0x0A:0x63;0x0A:0x64;0x0A:0x65;0x0A:0x66;0x0A:0x67;0x0A:0x68;0x0A:0x69;0x0A:0x6A;0x0A:0x6B;0x0A:0x6C;0x0A:0x6D;0x0A:0x6E;0x0A:0x6F;0x0A:0x70;0x0A:0x71;0x0A:0x72;0x0A:0x74;0x11:0x00
1099,157,MODE1_0157_AHD1080P25_WRITE,MMIO_RESET,109,104,ABORTING->PRODUCT_RECONSTRUCTION_GAP->FATAL_RECOVERY_FAILURE,FATAL_RECOVERY_FAILURE,CALLABLE_RESET_AUTOINIT_OR_PERSISTENT_RECOVERY_CONTEXT_NOT_PROVEN
1100,158,MODE1_0158_AHD1080P25_WRITE,FAILURE_BEFORE_WRITE,109,104,ABORTING->UNRESOLVED_REGISTER_GATE->FATAL_RECOVERY_FAILURE,FATAL_RECOVERY_FAILURE,UNRESOLVED_COMMITTED_REGISTERS=0x00:0x00;0x00:0x08;0x00:0x0C;0x00:0x10;0x00:0x14;0x00:0x18;0x00:0x21;0x00:0x22;0x00:0x30;0x00:0x34;0x00:0x3C;0x00:0x40;0x00:0x44;0x00:0x48;0x00:0x4C;0x00:0x50;0x00:0x58;0x00:0x5C;0x00:0x64;0x00:0x89;0x00:0x8E;0x00:0x93;0x00:0xA0;0x00:0xA4;0x01:0xED;0x02:0x02;0x02:0x28;0x02:0x29;0x02:0x2A;0x02:0x2B;0x02:0x2C;0x05:0x00;0x05:0x01;0x05:0x05;0x05:0x08;0x05:0x0E;0x05:0x11;0x05:0x1B;0x05:0x20;0x05:0x23;0x05:0x24;0x05:0x25;0x05:0x26;0x05:0x27;0x05:0x29;0x05:0x2A;0x05:0x2B;0x05:0x47;0x05:0x50;0x05:0x57;0x05:0x58;0x05:0x59;0x05:0x5B;0x05:0x5F;0x05:0x69;0x05:0x6E;0x05:0x6F;0x05:0x75;0x05:0x76;0x05:0x84;0x05:0x86;0x05:0x90;0x05:0x9B;0x05:0xB5;0x05:0xB7;0x05:0xB8;0x05:0xBB;0x05:0xC8;0x05:0xD1;0x05:0xD4;0x09:0x40;0x09:0x44;0x09:0x50;0x09:0x51;0x09:0x64;0x09:0x6A;0x09:0x6B;0x09:0x6C;0x09:0x80;0x09:0x81;0x09:0x97;0x09:0x98;0x09:0x99;0x0A:0x60;0x0A:0x61;0x0A:0x62;0x0A:0x63;0x0A:0x64;0x0A:0x65;0x0A:0x66;0x0A:0x67;0x0A:0x68;0x0A:0x69;0x0A:0x6A;0x0A:0x6B;0x0A:0x6C;0x0A:0x6D;0x0A:0x6E;0x0A:0x6F;0x0A:0x70;0x0A:0x71;0x0A:0x72;0x0A:0x74;0x11:0x00
1101,158,MODE1_0158_AHD1080P25_WRITE,NACK_DURING_WRITE,110,105,ABORTING->UNRESOLVED_REGISTER_GATE->FATAL_RECOVERY_FAILURE,FATAL_RECOVERY_FAILURE,UNRESOLVED_COMMITTED_REGISTERS=0x00:0x00;0x00:0x08;0x00:0x0C;0x00:0x10;0x00:0x14;0x00:0x18;0x00:0x21;0x00:0x22;0x00:0x30;0x00:0x34;0x00:0x3C;0x00:0x40;0x00:0x44;0x00:0x48;0x00:0x4C;0x00:0x50;0x00:0x58;0x00:0x5C;0x00:0x64;0x00:0x89;0x00:0x8E;0x00:0x93;0x00:0xA0;0x00:0xA4;0x01:0xED;0x02:0x02;0x02:0x28;0x02:0x29;0x02:0x2A;0x02:0x2B;0x02:0x2C;0x05:0x00;0x05:0x01;0x05:0x05;0x05:0x08;0x05:0x0E;0x05:0x11;0x05:0x1B;0x05:0x20;0x05:0x23;0x05:0x24;0x05:0x25;0x05:0x26;0x05:0x27;0x05:0x29;0x05:0x2A;0x05:0x2B;0x05:0x47;0x05:0x50;0x05:0x57;0x05:0x58;0x05:0x59;0x05:0x5B;0x05:0x5F;0x05:0x69;0x05:0x6E;0x05:0x6F;0x05:0x75;0x05:0x76;0x05:0x84;0x05:0x86;0x05:0x90;0x05:0x9B;0x05:0xB5;0x05:0xB7;0x05:0xB8;0x05:0xBB;0x05:0xC8;0x05:0xD1;0x05:0xD4;0x09:0x40;0x09:0x44;0x09:0x50;0x09:0x51;0x09:0x52;0x09:0x64;0x09:0x6A;0x09:0x6B;0x09:0x6C;0x09:0x80;0x09:0x81;0x09:0x97;0x09:0x98;0x09:0x99;0x0A:0x60;0x0A:0x61;0x0A:0x62;0x0A:0x63;0x0A:0x64;0x0A:0x65;0x0A:0x66;0x0A:0x67;0x0A:0x68;0x0A:0x69;0x0A:0x6A;0x0A:0x6B;0x0A:0x6C;0x0A:0x6D;0x0A:0x6E;0x0A:0x6F;0x0A:0x70;0x0A:0x71;0x0A:0x72;0x0A:0x74;0x11:0x00
1102,158,MODE1_0158_AHD1080P25_WRITE,TIMEOUT_DURING_WRITE,110,105,ABORTING->UNRESOLVED_REGISTER_GATE->FATAL_RECOVERY_FAILURE,FATAL_RECOVERY_FAILURE,UNRESOLVED_COMMITTED_REGISTERS=0x00:0x00;0x00:0x08;0x00:0x0C;0x00:0x10;0x00:0x14;0x00:0x18;0x00:0x21;0x00:0x22;0x00:0x30;0x00:0x34;0x00:0x3C;0x00:0x40;0x00:0x44;0x00:0x48;0x00:0x4C;0x00:0x50;0x00:0x58;0x00:0x5C;0x00:0x64;0x00:0x89;0x00:0x8E;0x00:0x93;0x00:0xA0;0x00:0xA4;0x01:0xED;0x02:0x02;0x02:0x28;0x02:0x29;0x02:0x2A;0x02:0x2B;0x02:0x2C;0x05:0x00;0x05:0x01;0x05:0x05;0x05:0x08;0x05:0x0E;0x05:0x11;0x05:0x1B;0x05:0x20;0x05:0x23;0x05:0x24;0x05:0x25;0x05:0x26;0x05:0x27;0x05:0x29;0x05:0x2A;0x05:0x2B;0x05:0x47;0x05:0x50;0x05:0x57;0x05:0x58;0x05:0x59;0x05:0x5B;0x05:0x5F;0x05:0x69;0x05:0x6E;0x05:0x6F;0x05:0x75;0x05:0x76;0x05:0x84;0x05:0x86;0x05:0x90;0x05:0x9B;0x05:0xB5;0x05:0xB7;0x05:0xB8;0x05:0xBB;0x05:0xC8;0x05:0xD1;0x05:0xD4;0x09:0x40;0x09:0x44;0x09:0x50;0x09:0x51;0x09:0x52;0x09:0x64;0x09:0x6A;0x09:0x6B;0x09:0x6C;0x09:0x80;0x09:0x81;0x09:0x97;0x09:0x98;0x09:0x99;0x0A:0x60;0x0A:0x61;0x0A:0x62;0x0A:0x63;0x0A:0x64;0x0A:0x65;0x0A:0x66;0x0A:0x67;0x0A:0x68;0x0A:0x69;0x0A:0x6A;0x0A:0x6B;0x0A:0x6C;0x0A:0x6D;0x0A:0x6E;0x0A:0x6F;0x0A:0x70;0x0A:0x71;0x0A:0x72;0x0A:0x74;0x11:0x00
1103,158,MODE1_0158_AHD1080P25_WRITE,READBACK_MISMATCH,110,105,ABORTING->UNRESOLVED_REGISTER_GATE->FATAL_RECOVERY_FAILURE,FATAL_RECOVERY_FAILURE,UNRESOLVED_COMMITTED_REGISTERS=0x00:0x00;0x00:0x08;0x00:0x0C;0x00:0x10;0x00:0x14;0x00:0x18;0x00:0x21;0x00:0x22;0x00:0x30;0x00:0x34;0x00:0x3C;0x00:0x40;0x00:0x44;0x00:0x48;0x00:0x4C;0x00:0x50;0x00:0x58;0x00:0x5C;0x00:0x64;0x00:0x89;0x00:0x8E;0x00:0x93;0x00:0xA0;0x00:0xA4;0x01:0xED;0x02:0x02;0x02:0x28;0x02:0x29;0x02:0x2A;0x02:0x2B;0x02:0x2C;0x05:0x00;0x05:0x01;0x05:0x05;0x05:0x08;0x05:0x0E;0x05:0x11;0x05:0x1B;0x05:0x20;0x05:0x23;0x05:0x24;0x05:0x25;0x05:0x26;0x05:0x27;0x05:0x29;0x05:0x2A;0x05:0x2B;0x05:0x47;0x05:0x50;0x05:0x57;0x05:0x58;0x05:0x59;0x05:0x5B;0x05:0x5F;0x05:0x69;0x05:0x6E;0x05:0x6F;0x05:0x75;0x05:0x76;0x05:0x84;0x05:0x86;0x05:0x90;0x05:0x9B;0x05:0xB5;0x05:0xB7;0x05:0xB8;0x05:0xBB;0x05:0xC8;0x05:0xD1;0x05:0xD4;0x09:0x40;0x09:0x44;0x09:0x50;0x09:0x51;0x09:0x52;0x09:0x64;0x09:0x6A;0x09:0x6B;0x09:0x6C;0x09:0x80;0x09:0x81;0x09:0x97;0x09:0x98;0x09:0x99;0x0A:0x60;0x0A:0x61;0x0A:0x62;0x0A:0x63;0x0A:0x64;0x0A:0x65;0x0A:0x66;0x0A:0x67;0x0A:0x68;0x0A:0x69;0x0A:0x6A;0x0A:0x6B;0x0A:0x6C;0x0A:0x6D;0x0A:0x6E;0x0A:0x6F;0x0A:0x70;0x0A:0x71;0x0A:0x72;0x0A:0x74;0x11:0x00
1104,158,MODE1_0158_AHD1080P25_WRITE,RESET_BETWEEN_OPERATIONS,110,105,ABORTING->PRODUCT_RECONSTRUCTION_GAP->FATAL_RECOVERY_FAILURE,FATAL_RECOVERY_FAILURE,CALLABLE_RESET_AUTOINIT_OR_PERSISTENT_RECOVERY_CONTEXT_NOT_PROVEN
1105,158,MODE1_0158_AHD1080P25_WRITE,HOST_ABORT,110,105,ABORTING->UNRESOLVED_REGISTER_GATE->FATAL_RECOVERY_FAILURE,FATAL_RECOVERY_FAILURE,UNRESOLVED_COMMITTED_REGISTERS=0x00:0x00;0x00:0x08;0x00:0x0C;0x00:0x10;0x00:0x14;0x00:0x18;0x00:0x21;0x00:0x22;0x00:0x30;0x00:0x34;0x00:0x3C;0x00:0x40;0x00:0x44;0x00:0x48;0x00:0x4C;0x00:0x50;0x00:0x58;0x00:0x5C;0x00:0x64;0x00:0x89;0x00:0x8E;0x00:0x93;0x00:0xA0;0x00:0xA4;0x01:0xED;0x02:0x02;0x02:0x28;0x02:0x29;0x02:0x2A;0x02:0x2B;0x02:0x2C;0x05:0x00;0x05:0x01;0x05:0x05;0x05:0x08;0x05:0x0E;0x05:0x11;0x05:0x1B;0x05:0x20;0x05:0x23;0x05:0x24;0x05:0x25;0x05:0x26;0x05:0x27;0x05:0x29;0x05:0x2A;0x05:0x2B;0x05:0x47;0x05:0x50;0x05:0x57;0x05:0x58;0x05:0x59;0x05:0x5B;0x05:0x5F;0x05:0x69;0x05:0x6E;0x05:0x6F;0x05:0x75;0x05:0x76;0x05:0x84;0x05:0x86;0x05:0x90;0x05:0x9B;0x05:0xB5;0x05:0xB7;0x05:0xB8;0x05:0xBB;0x05:0xC8;0x05:0xD1;0x05:0xD4;0x09:0x40;0x09:0x44;0x09:0x50;0x09:0x51;0x09:0x52;0x09:0x64;0x09:0x6A;0x09:0x6B;0x09:0x6C;0x09:0x80;0x09:0x81;0x09:0x97;0x09:0x98;0x09:0x99;0x0A:0x60;0x0A:0x61;0x0A:0x62;0x0A:0x63;0x0A:0x64;0x0A:0x65;0x0A:0x66;0x0A:0x67;0x0A:0x68;0x0A:0x69;0x0A:0x6A;0x0A:0x6B;0x0A:0x6C;0x0A:0x6D;0x0A:0x6E;0x0A:0x6F;0x0A:0x70;0x0A:0x71;0x0A:0x72;0x0A:0x74;0x11:0x00
1106,158,MODE1_0158_AHD1080P25_WRITE,MMIO_RESET,110,105,ABORTING->PRODUCT_RECONSTRUCTION_GAP->FATAL_RECOVERY_FAILURE,FATAL_RECOVERY_FAILURE,CALLABLE_RESET_AUTOINIT_OR_PERSISTENT_RECOVERY_CONTEXT_NOT_PROVEN
1107,159,MODE1_0159_AHD1080P25_WRITE,FAILURE_BEFORE_WRITE,110,105,ABORTING->UNRESOLVED_REGISTER_GATE->FATAL_RECOVERY_FAILURE,FATAL_RECOVERY_FAILURE,UNRESOLVED_COMMITTED_REGISTERS=0x00:0x00;0x00:0x08;0x00:0x0C;0x00:0x10;0x00:0x14;0x00:0x18;0x00:0x21;0x00:0x22;0x00:0x30;0x00:0x34;0x00:0x3C;0x00:0x40;0x00:0x44;0x00:0x48;0x00:0x4C;0x00:0x50;0x00:0x58;0x00:0x5C;0x00:0x64;0x00:0x89;0x00:0x8E;0x00:0x93;0x00:0xA0;0x00:0xA4;0x01:0xED;0x02:0x02;0x02:0x28;0x02:0x29;0x02:0x2A;0x02:0x2B;0x02:0x2C;0x05:0x00;0x05:0x01;0x05:0x05;0x05:0x08;0x05:0x0E;0x05:0x11;0x05:0x1B;0x05:0x20;0x05:0x23;0x05:0x24;0x05:0x25;0x05:0x26;0x05:0x27;0x05:0x29;0x05:0x2A;0x05:0x2B;0x05:0x47;0x05:0x50;0x05:0x57;0x05:0x58;0x05:0x59;0x05:0x5B;0x05:0x5F;0x05:0x69;0x05:0x6E;0x05:0x6F;0x05:0x75;0x05:0x76;0x05:0x84;0x05:0x86;0x05:0x90;0x05:0x9B;0x05:0xB5;0x05:0xB7;0x05:0xB8;0x05:0xBB;0x05:0xC8;0x05:0xD1;0x05:0xD4;0x09:0x40;0x09:0x44;0x09:0x50;0x09:0x51;0x09:0x52;0x09:0x64;0x09:0x6A;0x09:0x6B;0x09:0x6C;0x09:0x80;0x09:0x81;0x09:0x97;0x09:0x98;0x09:0x99;0x0A:0x60;0x0A:0x61;0x0A:0x62;0x0A:0x63;0x0A:0x64;0x0A:0x65;0x0A:0x66;0x0A:0x67;0x0A:0x68;0x0A:0x69;0x0A:0x6A;0x0A:0x6B;0x0A:0x6C;0x0A:0x6D;0x0A:0x6E;0x0A:0x6F;0x0A:0x70;0x0A:0x71;0x0A:0x72;0x0A:0x74;0x11:0x00
1108,159,MODE1_0159_AHD1080P25_WRITE,NACK_DURING_WRITE,111,106,ABORTING->UNRESOLVED_REGISTER_GATE->FATAL_RECOVERY_FAILURE,FATAL_RECOVERY_FAILURE,UNRESOLVED_COMMITTED_REGISTERS=0x00:0x00;0x00:0x08;0x00:0x0C;0x00:0x10;0x00:0x14;0x00:0x18;0x00:0x21;0x00:0x22;0x00:0x30;0x00:0x34;0x00:0x3C;0x00:0x40;0x00:0x44;0x00:0x48;0x00:0x4C;0x00:0x50;0x00:0x58;0x00:0x5C;0x00:0x64;0x00:0x89;0x00:0x8E;0x00:0x93;0x00:0xA0;0x00:0xA4;0x01:0xED;0x02:0x02;0x02:0x28;0x02:0x29;0x02:0x2A;0x02:0x2B;0x02:0x2C;0x05:0x00;0x05:0x01;0x05:0x05;0x05:0x08;0x05:0x0E;0x05:0x11;0x05:0x1B;0x05:0x20;0x05:0x23;0x05:0x24;0x05:0x25;0x05:0x26;0x05:0x27;0x05:0x29;0x05:0x2A;0x05:0x2B;0x05:0x47;0x05:0x50;0x05:0x57;0x05:0x58;0x05:0x59;0x05:0x5B;0x05:0x5F;0x05:0x69;0x05:0x6E;0x05:0x6F;0x05:0x75;0x05:0x76;0x05:0x84;0x05:0x86;0x05:0x90;0x05:0x9B;0x05:0xB5;0x05:0xB7;0x05:0xB8;0x05:0xBB;0x05:0xC8;0x05:0xD1;0x05:0xD4;0x09:0x40;0x09:0x44;0x09:0x50;0x09:0x51;0x09:0x52;0x09:0x53;0x09:0x64;0x09:0x6A;0x09:0x6B;0x09:0x6C;0x09:0x80;0x09:0x81;0x09:0x97;0x09:0x98;0x09:0x99;0x0A:0x60;0x0A:0x61;0x0A:0x62;0x0A:0x63;0x0A:0x64;0x0A:0x65;0x0A:0x66;0x0A:0x67;0x0A:0x68;0x0A:0x69;0x0A:0x6A;0x0A:0x6B;0x0A:0x6C;0x0A:0x6D;0x0A:0x6E;0x0A:0x6F;0x0A:0x70;0x0A:0x71;0x0A:0x72;0x0A:0x74;0x11:0x00
1109,159,MODE1_0159_AHD1080P25_WRITE,TIMEOUT_DURING_WRITE,111,106,ABORTING->UNRESOLVED_REGISTER_GATE->FATAL_RECOVERY_FAILURE,FATAL_RECOVERY_FAILURE,UNRESOLVED_COMMITTED_REGISTERS=0x00:0x00;0x00:0x08;0x00:0x0C;0x00:0x10;0x00:0x14;0x00:0x18;0x00:0x21;0x00:0x22;0x00:0x30;0x00:0x34;0x00:0x3C;0x00:0x40;0x00:0x44;0x00:0x48;0x00:0x4C;0x00:0x50;0x00:0x58;0x00:0x5C;0x00:0x64;0x00:0x89;0x00:0x8E;0x00:0x93;0x00:0xA0;0x00:0xA4;0x01:0xED;0x02:0x02;0x02:0x28;0x02:0x29;0x02:0x2A;0x02:0x2B;0x02:0x2C;0x05:0x00;0x05:0x01;0x05:0x05;0x05:0x08;0x05:0x0E;0x05:0x11;0x05:0x1B;0x05:0x20;0x05:0x23;0x05:0x24;0x05:0x25;0x05:0x26;0x05:0x27;0x05:0x29;0x05:0x2A;0x05:0x2B;0x05:0x47;0x05:0x50;0x05:0x57;0x05:0x58;0x05:0x59;0x05:0x5B;0x05:0x5F;0x05:0x69;0x05:0x6E;0x05:0x6F;0x05:0x75;0x05:0x76;0x05:0x84;0x05:0x86;0x05:0x90;0x05:0x9B;0x05:0xB5;0x05:0xB7;0x05:0xB8;0x05:0xBB;0x05:0xC8;0x05:0xD1;0x05:0xD4;0x09:0x40;0x09:0x44;0x09:0x50;0x09:0x51;0x09:0x52;0x09:0x53;0x09:0x64;0x09:0x6A;0x09:0x6B;0x09:0x6C;0x09:0x80;0x09:0x81;0x09:0x97;0x09:0x98;0x09:0x99;0x0A:0x60;0x0A:0x61;0x0A:0x62;0x0A:0x63;0x0A:0x64;0x0A:0x65;0x0A:0x66;0x0A:0x67;0x0A:0x68;0x0A:0x69;0x0A:0x6A;0x0A:0x6B;0x0A:0x6C;0x0A:0x6D;0x0A:0x6E;0x0A:0x6F;0x0A:0x70;0x0A:0x71;0x0A:0x72;0x0A:0x74;0x11:0x00
1110,159,MODE1_0159_AHD1080P25_WRITE,READBACK_MISMATCH,111,106,ABORTING->UNRESOLVED_REGISTER_GATE->FATAL_RECOVERY_FAILURE,FATAL_RECOVERY_FAILURE,UNRESOLVED_COMMITTED_REGISTERS=0x00:0x00;0x00:0x08;0x00:0x0C;0x00:0x10;0x00:0x14;0x00:0x18;0x00:0x21;0x00:0x22;0x00:0x30;0x00:0x34;0x00:0x3C;0x00:0x40;0x00:0x44;0x00:0x48;0x00:0x4C;0x00:0x50;0x00:0x58;0x00:0x5C;0x00:0x64;0x00:0x89;0x00:0x8E;0x00:0x93;0x00:0xA0;0x00:0xA4;0x01:0xED;0x02:0x02;0x02:0x28;0x02:0x29;0x02:0x2A;0x02:0x2B;0x02:0x2C;0x05:0x00;0x05:0x01;0x05:0x05;0x05:0x08;0x05:0x0E;0x05:0x11;0x05:0x1B;0x05:0x20;0x05:0x23;0x05:0x24;0x05:0x25;0x05:0x26;0x05:0x27;0x05:0x29;0x05:0x2A;0x05:0x2B;0x05:0x47;0x05:0x50;0x05:0x57;0x05:0x58;0x05:0x59;0x05:0x5B;0x05:0x5F;0x05:0x69;0x05:0x6E;0x05:0x6F;0x05:0x75;0x05:0x76;0x05:0x84;0x05:0x86;0x05:0x90;0x05:0x9B;0x05:0xB5;0x05:0xB7;0x05:0xB8;0x05:0xBB;0x05:0xC8;0x05:0xD1;0x05:0xD4;0x09:0x40;0x09:0x44;0x09:0x50;0x09:0x51;0x09:0x52;0x09:0x53;0x09:0x64;0x09:0x6A;0x09:0x6B;0x09:0x6C;0x09:0x80;0x09:0x81;0x09:0x97;0x09:0x98;0x09:0x99;0x0A:0x60;0x0A:0x61;0x0A:0x62;0x0A:0x63;0x0A:0x64;0x0A:0x65;0x0A:0x66;0x0A:0x67;0x0A:0x68;0x0A:0x69;0x0A:0x6A;0x0A:0x6B;0x0A:0x6C;0x0A:0x6D;0x0A:0x6E;0x0A:0x6F;0x0A:0x70;0x0A:0x71;0x0A:0x72;0x0A:0x74;0x11:0x00
1111,159,MODE1_0159_AHD1080P25_WRITE,RESET_BETWEEN_OPERATIONS,111,106,ABORTING->PRODUCT_RECONSTRUCTION_GAP->FATAL_RECOVERY_FAILURE,FATAL_RECOVERY_FAILURE,CALLABLE_RESET_AUTOINIT_OR_PERSISTENT_RECOVERY_CONTEXT_NOT_PROVEN
1112,159,MODE1_0159_AHD1080P25_WRITE,HOST_ABORT,111,106,ABORTING->UNRESOLVED_REGISTER_GATE->FATAL_RECOVERY_FAILURE,FATAL_RECOVERY_FAILURE,UNRESOLVED_COMMITTED_REGISTERS=0x00:0x00;0x00:0x08;0x00:0x0C;0x00:0x10;0x00:0x14;0x00:0x18;0x00:0x21;0x00:0x22;0x00:0x30;0x00:0x34;0x00:0x3C;0x00:0x40;0x00:0x44;0x00:0x48;0x00:0x4C;0x00:0x50;0x00:0x58;0x00:0x5C;0x00:0x64;0x00:0x89;0x00:0x8E;0x00:0x93;0x00:0xA0;0x00:0xA4;0x01:0xED;0x02:0x02;0x02:0x28;0x02:0x29;0x02:0x2A;0x02:0x2B;0x02:0x2C;0x05:0x00;0x05:0x01;0x05:0x05;0x05:0x08;0x05:0x0E;0x05:0x11;0x05:0x1B;0x05:0x20;0x05:0x23;0x05:0x24;0x05:0x25;0x05:0x26;0x05:0x27;0x05:0x29;0x05:0x2A;0x05:0x2B;0x05:0x47;0x05:0x50;0x05:0x57;0x05:0x58;0x05:0x59;0x05:0x5B;0x05:0x5F;0x05:0x69;0x05:0x6E;0x05:0x6F;0x05:0x75;0x05:0x76;0x05:0x84;0x05:0x86;0x05:0x90;0x05:0x9B;0x05:0xB5;0x05:0xB7;0x05:0xB8;0x05:0xBB;0x05:0xC8;0x05:0xD1;0x05:0xD4;0x09:0x40;0x09:0x44;0x09:0x50;0x09:0x51;0x09:0x52;0x09:0x53;0x09:0x64;0x09:0x6A;0x09:0x6B;0x09:0x6C;0x09:0x80;0x09:0x81;0x09:0x97;0x09:0x98;0x09:0x99;0x0A:0x60;0x0A:0x61;0x0A:0x62;0x0A:0x63;0x0A:0x64;0x0A:0x65;0x0A:0x66;0x0A:0x67;0x0A:0x68;0x0A:0x69;0x0A:0x6A;0x0A:0x6B;0x0A:0x6C;0x0A:0x6D;0x0A:0x6E;0x0A:0x6F;0x0A:0x70;0x0A:0x71;0x0A:0x72;0x0A:0x74;0x11:0x00
1113,159,MODE1_0159_AHD1080P25_WRITE,MMIO_RESET,111,106,ABORTING->PRODUCT_RECONSTRUCTION_GAP->FATAL_RECOVERY_FAILURE,FATAL_RECOVERY_FAILURE,CALLABLE_RESET_AUTOINIT_OR_PERSISTENT_RECOVERY_CONTEXT_NOT_PROVEN
1114,162,MODE1_0162_EQ_INIT_BANK_SELECT,FAILURE_BEFORE_WRITE,111,106,ABORTING->UNRESOLVED_REGISTER_GATE->FATAL_RECOVERY_FAILURE,FATAL_RECOVERY_FAILURE,UNRESOLVED_COMMITTED_REGISTERS=0x00:0x00;0x00:0x08;0x00:0x0C;0x00:0x10;0x00:0x14;0x00:0x18;0x00:0x21;0x00:0x22;0x00:0x30;0x00:0x34;0x00:0x3C;0x00:0x40;0x00:0x44;0x00:0x48;0x00:0x4C;0x00:0x50;0x00:0x58;0x00:0x5C;0x00:0x64;0x00:0x89;0x00:0x8E;0x00:0x93;0x00:0xA0;0x00:0xA4;0x01:0xED;0x02:0x02;0x02:0x28;0x02:0x29;0x02:0x2A;0x02:0x2B;0x02:0x2C;0x05:0x00;0x05:0x01;0x05:0x05;0x05:0x08;0x05:0x0E;0x05:0x11;0x05:0x1B;0x05:0x20;0x05:0x23;0x05:0x24;0x05:0x25;0x05:0x26;0x05:0x27;0x05:0x29;0x05:0x2A;0x05:0x2B;0x05:0x47;0x05:0x50;0x05:0x57;0x05:0x58;0x05:0x59;0x05:0x5B;0x05:0x5F;0x05:0x69;0x05:0x6E;0x05:0x6F;0x05:0x75;0x05:0x76;0x05:0x84;0x05:0x86;0x05:0x90;0x05:0x9B;0x05:0xB5;0x05:0xB7;0x05:0xB8;0x05:0xBB;0x05:0xC8;0x05:0xD1;0x05:0xD4;0x09:0x40;0x09:0x44;0x09:0x50;0x09:0x51;0x09:0x52;0x09:0x53;0x09:0x64;0x09:0x6A;0x09:0x6B;0x09:0x6C;0x09:0x80;0x09:0x81;0x09:0x97;0x09:0x98;0x09:0x99;0x0A:0x60;0x0A:0x61;0x0A:0x62;0x0A:0x63;0x0A:0x64;0x0A:0x65;0x0A:0x66;0x0A:0x67;0x0A:0x68;0x0A:0x69;0x0A:0x6A;0x0A:0x6B;0x0A:0x6C;0x0A:0x6D;0x0A:0x6E;0x0A:0x6F;0x0A:0x70;0x0A:0x71;0x0A:0x72;0x0A:0x74;0x11:0x00
1115,162,MODE1_0162_EQ_INIT_BANK_SELECT,NACK_DURING_WRITE,111,106,ABORTING->UNRESOLVED_REGISTER_GATE->FATAL_RECOVERY_FAILURE,FATAL_RECOVERY_FAILURE,UNRESOLVED_COMMITTED_REGISTERS=0x00:0x00;0x00:0x08;0x00:0x0C;0x00:0x10;0x00:0x14;0x00:0x18;0x00:0x21;0x00:0x22;0x00:0x30;0x00:0x34;0x00:0x3C;0x00:0x40;0x00:0x44;0x00:0x48;0x00:0x4C;0x00:0x50;0x00:0x58;0x00:0x5C;0x00:0x64;0x00:0x89;0x00:0x8E;0x00:0x93;0x00:0xA0;0x00:0xA4;0x01:0xED;0x02:0x02;0x02:0x28;0x02:0x29;0x02:0x2A;0x02:0x2B;0x02:0x2C;0x05:0x00;0x05:0x01;0x05:0x05;0x05:0x08;0x05:0x0E;0x05:0x11;0x05:0x1B;0x05:0x20;0x05:0x23;0x05:0x24;0x05:0x25;0x05:0x26;0x05:0x27;0x05:0x29;0x05:0x2A;0x05:0x2B;0x05:0x47;0x05:0x50;0x05:0x57;0x05:0x58;0x05:0x59;0x05:0x5B;0x05:0x5F;0x05:0x69;0x05:0x6E;0x05:0x6F;0x05:0x75;0x05:0x76;0x05:0x84;0x05:0x86;0x05:0x90;0x05:0x9B;0x05:0xB5;0x05:0xB7;0x05:0xB8;0x05:0xBB;0x05:0xC8;0x05:0xD1;0x05:0xD4;0x09:0x40;0x09:0x44;0x09:0x50;0x09:0x51;0x09:0x52;0x09:0x53;0x09:0x64;0x09:0x6A;0x09:0x6B;0x09:0x6C;0x09:0x80;0x09:0x81;0x09:0x97;0x09:0x98;0x09:0x99;0x0A:0x60;0x0A:0x61;0x0A:0x62;0x0A:0x63;0x0A:0x64;0x0A:0x65;0x0A:0x66;0x0A:0x67;0x0A:0x68;0x0A:0x69;0x0A:0x6A;0x0A:0x6B;0x0A:0x6C;0x0A:0x6D;0x0A:0x6E;0x0A:0x6F;0x0A:0x70;0x0A:0x71;0x0A:0x72;0x0A:0x74;0x11:0x00
1116,162,MODE1_0162_EQ_INIT_BANK_SELECT,TIMEOUT_DURING_WRITE,111,106,ABORTING->UNRESOLVED_REGISTER_GATE->FATAL_RECOVERY_FAILURE,FATAL_RECOVERY_FAILURE,UNRESOLVED_COMMITTED_REGISTERS=0x00:0x00;0x00:0x08;0x00:0x0C;0x00:0x10;0x00:0x14;0x00:0x18;0x00:0x21;0x00:0x22;0x00:0x30;0x00:0x34;0x00:0x3C;0x00:0x40;0x00:0x44;0x00:0x48;0x00:0x4C;0x00:0x50;0x00:0x58;0x00:0x5C;0x00:0x64;0x00:0x89;0x00:0x8E;0x00:0x93;0x00:0xA0;0x00:0xA4;0x01:0xED;0x02:0x02;0x02:0x28;0x02:0x29;0x02:0x2A;0x02:0x2B;0x02:0x2C;0x05:0x00;0x05:0x01;0x05:0x05;0x05:0x08;0x05:0x0E;0x05:0x11;0x05:0x1B;0x05:0x20;0x05:0x23;0x05:0x24;0x05:0x25;0x05:0x26;0x05:0x27;0x05:0x29;0x05:0x2A;0x05:0x2B;0x05:0x47;0x05:0x50;0x05:0x57;0x05:0x58;0x05:0x59;0x05:0x5B;0x05:0x5F;0x05:0x69;0x05:0x6E;0x05:0x6F;0x05:0x75;0x05:0x76;0x05:0x84;0x05:0x86;0x05:0x90;0x05:0x9B;0x05:0xB5;0x05:0xB7;0x05:0xB8;0x05:0xBB;0x05:0xC8;0x05:0xD1;0x05:0xD4;0x09:0x40;0x09:0x44;0x09:0x50;0x09:0x51;0x09:0x52;0x09:0x53;0x09:0x64;0x09:0x6A;0x09:0x6B;0x09:0x6C;0x09:0x80;0x09:0x81;0x09:0x97;0x09:0x98;0x09:0x99;0x0A:0x60;0x0A:0x61;0x0A:0x62;0x0A:0x63;0x0A:0x64;0x0A:0x65;0x0A:0x66;0x0A:0x67;0x0A:0x68;0x0A:0x69;0x0A:0x6A;0x0A:0x6B;0x0A:0x6C;0x0A:0x6D;0x0A:0x6E;0x0A:0x6F;0x0A:0x70;0x0A:0x71;0x0A:0x72;0x0A:0x74;0x11:0x00
1117,162,MODE1_0162_EQ_INIT_BANK_SELECT,READBACK_MISMATCH,111,106,ABORTING->UNRESOLVED_REGISTER_GATE->FATAL_RECOVERY_FAILURE,FATAL_RECOVERY_FAILURE,UNRESOLVED_COMMITTED_REGISTERS=0x00:0x00;0x00:0x08;0x00:0x0C;0x00:0x10;0x00:0x14;0x00:0x18;0x00:0x21;0x00:0x22;0x00:0x30;0x00:0x34;0x00:0x3C;0x00:0x40;0x00:0x44;0x00:0x48;0x00:0x4C;0x00:0x50;0x00:0x58;0x00:0x5C;0x00:0x64;0x00:0x89;0x00:0x8E;0x00:0x93;0x00:0xA0;0x00:0xA4;0x01:0xED;0x02:0x02;0x02:0x28;0x02:0x29;0x02:0x2A;0x02:0x2B;0x02:0x2C;0x05:0x00;0x05:0x01;0x05:0x05;0x05:0x08;0x05:0x0E;0x05:0x11;0x05:0x1B;0x05:0x20;0x05:0x23;0x05:0x24;0x05:0x25;0x05:0x26;0x05:0x27;0x05:0x29;0x05:0x2A;0x05:0x2B;0x05:0x47;0x05:0x50;0x05:0x57;0x05:0x58;0x05:0x59;0x05:0x5B;0x05:0x5F;0x05:0x69;0x05:0x6E;0x05:0x6F;0x05:0x75;0x05:0x76;0x05:0x84;0x05:0x86;0x05:0x90;0x05:0x9B;0x05:0xB5;0x05:0xB7;0x05:0xB8;0x05:0xBB;0x05:0xC8;0x05:0xD1;0x05:0xD4;0x09:0x40;0x09:0x44;0x09:0x50;0x09:0x51;0x09:0x52;0x09:0x53;0x09:0x64;0x09:0x6A;0x09:0x6B;0x09:0x6C;0x09:0x80;0x09:0x81;0x09:0x97;0x09:0x98;0x09:0x99;0x0A:0x60;0x0A:0x61;0x0A:0x62;0x0A:0x63;0x0A:0x64;0x0A:0x65;0x0A:0x66;0x0A:0x67;0x0A:0x68;0x0A:0x69;0x0A:0x6A;0x0A:0x6B;0x0A:0x6C;0x0A:0x6D;0x0A:0x6E;0x0A:0x6F;0x0A:0x70;0x0A:0x71;0x0A:0x72;0x0A:0x74;0x11:0x00
1118,162,MODE1_0162_EQ_INIT_BANK_SELECT,RESET_BETWEEN_OPERATIONS,111,106,ABORTING->PRODUCT_RECONSTRUCTION_GAP->FATAL_RECOVERY_FAILURE,FATAL_RECOVERY_FAILURE,CALLABLE_RESET_AUTOINIT_OR_PERSISTENT_RECOVERY_CONTEXT_NOT_PROVEN
1119,162,MODE1_0162_EQ_INIT_BANK_SELECT,HOST_ABORT,111,106,ABORTING->UNRESOLVED_REGISTER_GATE->FATAL_RECOVERY_FAILURE,FATAL_RECOVERY_FAILURE,UNRESOLVED_COMMITTED_REGISTERS=0x00:0x00;0x00:0x08;0x00:0x0C;0x00:0x10;0x00:0x14;0x00:0x18;0x00:0x21;0x00:0x22;0x00:0x30;0x00:0x34;0x00:0x3C;0x00:0x40;0x00:0x44;0x00:0x48;0x00:0x4C;0x00:0x50;0x00:0x58;0x00:0x5C;0x00:0x64;0x00:0x89;0x00:0x8E;0x00:0x93;0x00:0xA0;0x00:0xA4;0x01:0xED;0x02:0x02;0x02:0x28;0x02:0x29;0x02:0x2A;0x02:0x2B;0x02:0x2C;0x05:0x00;0x05:0x01;0x05:0x05;0x05:0x08;0x05:0x0E;0x05:0x11;0x05:0x1B;0x05:0x20;0x05:0x23;0x05:0x24;0x05:0x25;0x05:0x26;0x05:0x27;0x05:0x29;0x05:0x2A;0x05:0x2B;0x05:0x47;0x05:0x50;0x05:0x57;0x05:0x58;0x05:0x59;0x05:0x5B;0x05:0x5F;0x05:0x69;0x05:0x6E;0x05:0x6F;0x05:0x75;0x05:0x76;0x05:0x84;0x05:0x86;0x05:0x90;0x05:0x9B;0x05:0xB5;0x05:0xB7;0x05:0xB8;0x05:0xBB;0x05:0xC8;0x05:0xD1;0x05:0xD4;0x09:0x40;0x09:0x44;0x09:0x50;0x09:0x51;0x09:0x52;0x09:0x53;0x09:0x64;0x09:0x6A;0x09:0x6B;0x09:0x6C;0x09:0x80;0x09:0x81;0x09:0x97;0x09:0x98;0x09:0x99;0x0A:0x60;0x0A:0x61;0x0A:0x62;0x0A:0x63;0x0A:0x64;0x0A:0x65;0x0A:0x66;0x0A:0x67;0x0A:0x68;0x0A:0x69;0x0A:0x6A;0x0A:0x6B;0x0A:0x6C;0x0A:0x6D;0x0A:0x6E;0x0A:0x6F;0x0A:0x70;0x0A:0x71;0x0A:0x72;0x0A:0x74;0x11:0x00
1120,162,MODE1_0162_EQ_INIT_BANK_SELECT,MMIO_RESET,111,106,ABORTING->PRODUCT_RECONSTRUCTION_GAP->FATAL_RECOVERY_FAILURE,FATAL_RECOVERY_FAILURE,CALLABLE_RESET_AUTOINIT_OR_PERSISTENT_RECOVERY_CONTEXT_NOT_PROVEN
1121,163,MODE1_0163_EQ_INIT_WRITE,FAILURE_BEFORE_WRITE,111,106,ABORTING->UNRESOLVED_REGISTER_GATE->FATAL_RECOVERY_FAILURE,FATAL_RECOVERY_FAILURE,UNRESOLVED_COMMITTED_REGISTERS=0x00:0x00;0x00:0x08;0x00:0x0C;0x00:0x10;0x00:0x14;0x00:0x18;0x00:0x21;0x00:0x22;0x00:0x30;0x00:0x34;0x00:0x3C;0x00:0x40;0x00:0x44;0x00:0x48;0x00:0x4C;0x00:0x50;0x00:0x58;0x00:0x5C;0x00:0x64;0x00:0x89;0x00:0x8E;0x00:0x93;0x00:0xA0;0x00:0xA4;0x01:0xED;0x02:0x02;0x02:0x28;0x02:0x29;0x02:0x2A;0x02:0x2B;0x02:0x2C;0x05:0x00;0x05:0x01;0x05:0x05;0x05:0x08;0x05:0x0E;0x05:0x11;0x05:0x1B;0x05:0x20;0x05:0x23;0x05:0x24;0x05:0x25;0x05:0x26;0x05:0x27;0x05:0x29;0x05:0x2A;0x05:0x2B;0x05:0x47;0x05:0x50;0x05:0x57;0x05:0x58;0x05:0x59;0x05:0x5B;0x05:0x5F;0x05:0x69;0x05:0x6E;0x05:0x6F;0x05:0x75;0x05:0x76;0x05:0x84;0x05:0x86;0x05:0x90;0x05:0x9B;0x05:0xB5;0x05:0xB7;0x05:0xB8;0x05:0xBB;0x05:0xC8;0x05:0xD1;0x05:0xD4;0x09:0x40;0x09:0x44;0x09:0x50;0x09:0x51;0x09:0x52;0x09:0x53;0x09:0x64;0x09:0x6A;0x09:0x6B;0x09:0x6C;0x09:0x80;0x09:0x81;0x09:0x97;0x09:0x98;0x09:0x99;0x0A:0x60;0x0A:0x61;0x0A:0x62;0x0A:0x63;0x0A:0x64;0x0A:0x65;0x0A:0x66;0x0A:0x67;0x0A:0x68;0x0A:0x69;0x0A:0x6A;0x0A:0x6B;0x0A:0x6C;0x0A:0x6D;0x0A:0x6E;0x0A:0x6F;0x0A:0x70;0x0A:0x71;0x0A:0x72;0x0A:0x74;0x11:0x00
1122,163,MODE1_0163_EQ_INIT_WRITE,NACK_DURING_WRITE,111,106,ABORTING->UNRESOLVED_REGISTER_GATE->FATAL_RECOVERY_FAILURE,FATAL_RECOVERY_FAILURE,UNRESOLVED_COMMITTED_REGISTERS=0x00:0x00;0x00:0x08;0x00:0x0C;0x00:0x10;0x00:0x14;0x00:0x18;0x00:0x21;0x00:0x22;0x00:0x30;0x00:0x34;0x00:0x3C;0x00:0x40;0x00:0x44;0x00:0x48;0x00:0x4C;0x00:0x50;0x00:0x58;0x00:0x5C;0x00:0x64;0x00:0x89;0x00:0x8E;0x00:0x93;0x00:0xA0;0x00:0xA4;0x01:0xED;0x02:0x02;0x02:0x28;0x02:0x29;0x02:0x2A;0x02:0x2B;0x02:0x2C;0x05:0x00;0x05:0x01;0x05:0x05;0x05:0x08;0x05:0x0E;0x05:0x11;0x05:0x1B;0x05:0x20;0x05:0x23;0x05:0x24;0x05:0x25;0x05:0x26;0x05:0x27;0x05:0x29;0x05:0x2A;0x05:0x2B;0x05:0x47;0x05:0x50;0x05:0x57;0x05:0x58;0x05:0x59;0x05:0x5B;0x05:0x5F;0x05:0x69;0x05:0x6E;0x05:0x6F;0x05:0x75;0x05:0x76;0x05:0x84;0x05:0x86;0x05:0x90;0x05:0x9B;0x05:0xB5;0x05:0xB7;0x05:0xB8;0x05:0xBB;0x05:0xC8;0x05:0xD1;0x05:0xD4;0x09:0x40;0x09:0x44;0x09:0x50;0x09:0x51;0x09:0x52;0x09:0x53;0x09:0x64;0x09:0x6A;0x09:0x6B;0x09:0x6C;0x09:0x80;0x09:0x81;0x09:0x97;0x09:0x98;0x09:0x99;0x0A:0x60;0x0A:0x61;0x0A:0x62;0x0A:0x63;0x0A:0x64;0x0A:0x65;0x0A:0x66;0x0A:0x67;0x0A:0x68;0x0A:0x69;0x0A:0x6A;0x0A:0x6B;0x0A:0x6C;0x0A:0x6D;0x0A:0x6E;0x0A:0x6F;0x0A:0x70;0x0A:0x71;0x0A:0x72;0x0A:0x74;0x11:0x00
1123,163,MODE1_0163_EQ_INIT_WRITE,TIMEOUT_DURING_WRITE,111,106,ABORTING->UNRESOLVED_REGISTER_GATE->FATAL_RECOVERY_FAILURE,FATAL_RECOVERY_FAILURE,UNRESOLVED_COMMITTED_REGISTERS=0x00:0x00;0x00:0x08;0x00:0x0C;0x00:0x10;0x00:0x14;0x00:0x18;0x00:0x21;0x00:0x22;0x00:0x30;0x00:0x34;0x00:0x3C;0x00:0x40;0x00:0x44;0x00:0x48;0x00:0x4C;0x00:0x50;0x00:0x58;0x00:0x5C;0x00:0x64;0x00:0x89;0x00:0x8E;0x00:0x93;0x00:0xA0;0x00:0xA4;0x01:0xED;0x02:0x02;0x02:0x28;0x02:0x29;0x02:0x2A;0x02:0x2B;0x02:0x2C;0x05:0x00;0x05:0x01;0x05:0x05;0x05:0x08;0x05:0x0E;0x05:0x11;0x05:0x1B;0x05:0x20;0x05:0x23;0x05:0x24;0x05:0x25;0x05:0x26;0x05:0x27;0x05:0x29;0x05:0x2A;0x05:0x2B;0x05:0x47;0x05:0x50;0x05:0x57;0x05:0x58;0x05:0x59;0x05:0x5B;0x05:0x5F;0x05:0x69;0x05:0x6E;0x05:0x6F;0x05:0x75;0x05:0x76;0x05:0x84;0x05:0x86;0x05:0x90;0x05:0x9B;0x05:0xB5;0x05:0xB7;0x05:0xB8;0x05:0xBB;0x05:0xC8;0x05:0xD1;0x05:0xD4;0x09:0x40;0x09:0x44;0x09:0x50;0x09:0x51;0x09:0x52;0x09:0x53;0x09:0x64;0x09:0x6A;0x09:0x6B;0x09:0x6C;0x09:0x80;0x09:0x81;0x09:0x97;0x09:0x98;0x09:0x99;0x0A:0x60;0x0A:0x61;0x0A:0x62;0x0A:0x63;0x0A:0x64;0x0A:0x65;0x0A:0x66;0x0A:0x67;0x0A:0x68;0x0A:0x69;0x0A:0x6A;0x0A:0x6B;0x0A:0x6C;0x0A:0x6D;0x0A:0x6E;0x0A:0x6F;0x0A:0x70;0x0A:0x71;0x0A:0x72;0x0A:0x74;0x11:0x00
1124,163,MODE1_0163_EQ_INIT_WRITE,READBACK_MISMATCH,111,106,ABORTING->UNRESOLVED_REGISTER_GATE->FATAL_RECOVERY_FAILURE,FATAL_RECOVERY_FAILURE,UNRESOLVED_COMMITTED_REGISTERS=0x00:0x00;0x00:0x08;0x00:0x0C;0x00:0x10;0x00:0x14;0x00:0x18;0x00:0x21;0x00:0x22;0x00:0x30;0x00:0x34;0x00:0x3C;0x00:0x40;0x00:0x44;0x00:0x48;0x00:0x4C;0x00:0x50;0x00:0x58;0x00:0x5C;0x00:0x64;0x00:0x89;0x00:0x8E;0x00:0x93;0x00:0xA0;0x00:0xA4;0x01:0xED;0x02:0x02;0x02:0x28;0x02:0x29;0x02:0x2A;0x02:0x2B;0x02:0x2C;0x05:0x00;0x05:0x01;0x05:0x05;0x05:0x08;0x05:0x0E;0x05:0x11;0x05:0x1B;0x05:0x20;0x05:0x23;0x05:0x24;0x05:0x25;0x05:0x26;0x05:0x27;0x05:0x29;0x05:0x2A;0x05:0x2B;0x05:0x47;0x05:0x50;0x05:0x57;0x05:0x58;0x05:0x59;0x05:0x5B;0x05:0x5F;0x05:0x69;0x05:0x6E;0x05:0x6F;0x05:0x75;0x05:0x76;0x05:0x84;0x05:0x86;0x05:0x90;0x05:0x9B;0x05:0xB5;0x05:0xB7;0x05:0xB8;0x05:0xBB;0x05:0xC8;0x05:0xD1;0x05:0xD4;0x09:0x40;0x09:0x44;0x09:0x50;0x09:0x51;0x09:0x52;0x09:0x53;0x09:0x64;0x09:0x6A;0x09:0x6B;0x09:0x6C;0x09:0x80;0x09:0x81;0x09:0x97;0x09:0x98;0x09:0x99;0x0A:0x60;0x0A:0x61;0x0A:0x62;0x0A:0x63;0x0A:0x64;0x0A:0x65;0x0A:0x66;0x0A:0x67;0x0A:0x68;0x0A:0x69;0x0A:0x6A;0x0A:0x6B;0x0A:0x6C;0x0A:0x6D;0x0A:0x6E;0x0A:0x6F;0x0A:0x70;0x0A:0x71;0x0A:0x72;0x0A:0x74;0x11:0x00
1125,163,MODE1_0163_EQ_INIT_WRITE,RESET_BETWEEN_OPERATIONS,111,106,ABORTING->PRODUCT_RECONSTRUCTION_GAP->FATAL_RECOVERY_FAILURE,FATAL_RECOVERY_FAILURE,CALLABLE_RESET_AUTOINIT_OR_PERSISTENT_RECOVERY_CONTEXT_NOT_PROVEN
1126,163,MODE1_0163_EQ_INIT_WRITE,HOST_ABORT,111,106,ABORTING->UNRESOLVED_REGISTER_GATE->FATAL_RECOVERY_FAILURE,FATAL_RECOVERY_FAILURE,UNRESOLVED_COMMITTED_REGISTERS=0x00:0x00;0x00:0x08;0x00:0x0C;0x00:0x10;0x00:0x14;0x00:0x18;0x00:0x21;0x00:0x22;0x00:0x30;0x00:0x34;0x00:0x3C;0x00:0x40;0x00:0x44;0x00:0x48;0x00:0x4C;0x00:0x50;0x00:0x58;0x00:0x5C;0x00:0x64;0x00:0x89;0x00:0x8E;0x00:0x93;0x00:0xA0;0x00:0xA4;0x01:0xED;0x02:0x02;0x02:0x28;0x02:0x29;0x02:0x2A;0x02:0x2B;0x02:0x2C;0x05:0x00;0x05:0x01;0x05:0x05;0x05:0x08;0x05:0x0E;0x05:0x11;0x05:0x1B;0x05:0x20;0x05:0x23;0x05:0x24;0x05:0x25;0x05:0x26;0x05:0x27;0x05:0x29;0x05:0x2A;0x05:0x2B;0x05:0x47;0x05:0x50;0x05:0x57;0x05:0x58;0x05:0x59;0x05:0x5B;0x05:0x5F;0x05:0x69;0x05:0x6E;0x05:0x6F;0x05:0x75;0x05:0x76;0x05:0x84;0x05:0x86;0x05:0x90;0x05:0x9B;0x05:0xB5;0x05:0xB7;0x05:0xB8;0x05:0xBB;0x05:0xC8;0x05:0xD1;0x05:0xD4;0x09:0x40;0x09:0x44;0x09:0x50;0x09:0x51;0x09:0x52;0x09:0x53;0x09:0x64;0x09:0x6A;0x09:0x6B;0x09:0x6C;0x09:0x80;0x09:0x81;0x09:0x97;0x09:0x98;0x09:0x99;0x0A:0x60;0x0A:0x61;0x0A:0x62;0x0A:0x63;0x0A:0x64;0x0A:0x65;0x0A:0x66;0x0A:0x67;0x0A:0x68;0x0A:0x69;0x0A:0x6A;0x0A:0x6B;0x0A:0x6C;0x0A:0x6D;0x0A:0x6E;0x0A:0x6F;0x0A:0x70;0x0A:0x71;0x0A:0x72;0x0A:0x74;0x11:0x00
1127,163,MODE1_0163_EQ_INIT_WRITE,MMIO_RESET,111,106,ABORTING->PRODUCT_RECONSTRUCTION_GAP->FATAL_RECOVERY_FAILURE,FATAL_RECOVERY_FAILURE,CALLABLE_RESET_AUTOINIT_OR_PERSISTENT_RECOVERY_CONTEXT_NOT_PROVEN
1128,164,MODE1_0164_EQ_INIT_BANK_SELECT,FAILURE_BEFORE_WRITE,111,106,ABORTING->UNRESOLVED_REGISTER_GATE->FATAL_RECOVERY_FAILURE,FATAL_RECOVERY_FAILURE,UNRESOLVED_COMMITTED_REGISTERS=0x00:0x00;0x00:0x08;0x00:0x0C;0x00:0x10;0x00:0x14;0x00:0x18;0x00:0x21;0x00:0x22;0x00:0x30;0x00:0x34;0x00:0x3C;0x00:0x40;0x00:0x44;0x00:0x48;0x00:0x4C;0x00:0x50;0x00:0x58;0x00:0x5C;0x00:0x64;0x00:0x89;0x00:0x8E;0x00:0x93;0x00:0xA0;0x00:0xA4;0x01:0xED;0x02:0x02;0x02:0x28;0x02:0x29;0x02:0x2A;0x02:0x2B;0x02:0x2C;0x05:0x00;0x05:0x01;0x05:0x05;0x05:0x08;0x05:0x0E;0x05:0x11;0x05:0x1B;0x05:0x20;0x05:0x23;0x05:0x24;0x05:0x25;0x05:0x26;0x05:0x27;0x05:0x29;0x05:0x2A;0x05:0x2B;0x05:0x47;0x05:0x50;0x05:0x57;0x05:0x58;0x05:0x59;0x05:0x5B;0x05:0x5F;0x05:0x69;0x05:0x6E;0x05:0x6F;0x05:0x75;0x05:0x76;0x05:0x84;0x05:0x86;0x05:0x90;0x05:0x9B;0x05:0xB5;0x05:0xB7;0x05:0xB8;0x05:0xBB;0x05:0xC8;0x05:0xD1;0x05:0xD4;0x09:0x40;0x09:0x44;0x09:0x50;0x09:0x51;0x09:0x52;0x09:0x53;0x09:0x64;0x09:0x6A;0x09:0x6B;0x09:0x6C;0x09:0x80;0x09:0x81;0x09:0x97;0x09:0x98;0x09:0x99;0x0A:0x60;0x0A:0x61;0x0A:0x62;0x0A:0x63;0x0A:0x64;0x0A:0x65;0x0A:0x66;0x0A:0x67;0x0A:0x68;0x0A:0x69;0x0A:0x6A;0x0A:0x6B;0x0A:0x6C;0x0A:0x6D;0x0A:0x6E;0x0A:0x6F;0x0A:0x70;0x0A:0x71;0x0A:0x72;0x0A:0x74;0x11:0x00
1129,164,MODE1_0164_EQ_INIT_BANK_SELECT,NACK_DURING_WRITE,111,106,ABORTING->UNRESOLVED_REGISTER_GATE->FATAL_RECOVERY_FAILURE,FATAL_RECOVERY_FAILURE,UNRESOLVED_COMMITTED_REGISTERS=0x00:0x00;0x00:0x08;0x00:0x0C;0x00:0x10;0x00:0x14;0x00:0x18;0x00:0x21;0x00:0x22;0x00:0x30;0x00:0x34;0x00:0x3C;0x00:0x40;0x00:0x44;0x00:0x48;0x00:0x4C;0x00:0x50;0x00:0x58;0x00:0x5C;0x00:0x64;0x00:0x89;0x00:0x8E;0x00:0x93;0x00:0xA0;0x00:0xA4;0x01:0xED;0x02:0x02;0x02:0x28;0x02:0x29;0x02:0x2A;0x02:0x2B;0x02:0x2C;0x05:0x00;0x05:0x01;0x05:0x05;0x05:0x08;0x05:0x0E;0x05:0x11;0x05:0x1B;0x05:0x20;0x05:0x23;0x05:0x24;0x05:0x25;0x05:0x26;0x05:0x27;0x05:0x29;0x05:0x2A;0x05:0x2B;0x05:0x47;0x05:0x50;0x05:0x57;0x05:0x58;0x05:0x59;0x05:0x5B;0x05:0x5F;0x05:0x69;0x05:0x6E;0x05:0x6F;0x05:0x75;0x05:0x76;0x05:0x84;0x05:0x86;0x05:0x90;0x05:0x9B;0x05:0xB5;0x05:0xB7;0x05:0xB8;0x05:0xBB;0x05:0xC8;0x05:0xD1;0x05:0xD4;0x09:0x40;0x09:0x44;0x09:0x50;0x09:0x51;0x09:0x52;0x09:0x53;0x09:0x64;0x09:0x6A;0x09:0x6B;0x09:0x6C;0x09:0x80;0x09:0x81;0x09:0x97;0x09:0x98;0x09:0x99;0x0A:0x60;0x0A:0x61;0x0A:0x62;0x0A:0x63;0x0A:0x64;0x0A:0x65;0x0A:0x66;0x0A:0x67;0x0A:0x68;0x0A:0x69;0x0A:0x6A;0x0A:0x6B;0x0A:0x6C;0x0A:0x6D;0x0A:0x6E;0x0A:0x6F;0x0A:0x70;0x0A:0x71;0x0A:0x72;0x0A:0x74;0x11:0x00
1130,164,MODE1_0164_EQ_INIT_BANK_SELECT,TIMEOUT_DURING_WRITE,111,106,ABORTING->UNRESOLVED_REGISTER_GATE->FATAL_RECOVERY_FAILURE,FATAL_RECOVERY_FAILURE,UNRESOLVED_COMMITTED_REGISTERS=0x00:0x00;0x00:0x08;0x00:0x0C;0x00:0x10;0x00:0x14;0x00:0x18;0x00:0x21;0x00:0x22;0x00:0x30;0x00:0x34;0x00:0x3C;0x00:0x40;0x00:0x44;0x00:0x48;0x00:0x4C;0x00:0x50;0x00:0x58;0x00:0x5C;0x00:0x64;0x00:0x89;0x00:0x8E;0x00:0x93;0x00:0xA0;0x00:0xA4;0x01:0xED;0x02:0x02;0x02:0x28;0x02:0x29;0x02:0x2A;0x02:0x2B;0x02:0x2C;0x05:0x00;0x05:0x01;0x05:0x05;0x05:0x08;0x05:0x0E;0x05:0x11;0x05:0x1B;0x05:0x20;0x05:0x23;0x05:0x24;0x05:0x25;0x05:0x26;0x05:0x27;0x05:0x29;0x05:0x2A;0x05:0x2B;0x05:0x47;0x05:0x50;0x05:0x57;0x05:0x58;0x05:0x59;0x05:0x5B;0x05:0x5F;0x05:0x69;0x05:0x6E;0x05:0x6F;0x05:0x75;0x05:0x76;0x05:0x84;0x05:0x86;0x05:0x90;0x05:0x9B;0x05:0xB5;0x05:0xB7;0x05:0xB8;0x05:0xBB;0x05:0xC8;0x05:0xD1;0x05:0xD4;0x09:0x40;0x09:0x44;0x09:0x50;0x09:0x51;0x09:0x52;0x09:0x53;0x09:0x64;0x09:0x6A;0x09:0x6B;0x09:0x6C;0x09:0x80;0x09:0x81;0x09:0x97;0x09:0x98;0x09:0x99;0x0A:0x60;0x0A:0x61;0x0A:0x62;0x0A:0x63;0x0A:0x64;0x0A:0x65;0x0A:0x66;0x0A:0x67;0x0A:0x68;0x0A:0x69;0x0A:0x6A;0x0A:0x6B;0x0A:0x6C;0x0A:0x6D;0x0A:0x6E;0x0A:0x6F;0x0A:0x70;0x0A:0x71;0x0A:0x72;0x0A:0x74;0x11:0x00
1131,164,MODE1_0164_EQ_INIT_BANK_SELECT,READBACK_MISMATCH,111,106,ABORTING->UNRESOLVED_REGISTER_GATE->FATAL_RECOVERY_FAILURE,FATAL_RECOVERY_FAILURE,UNRESOLVED_COMMITTED_REGISTERS=0x00:0x00;0x00:0x08;0x00:0x0C;0x00:0x10;0x00:0x14;0x00:0x18;0x00:0x21;0x00:0x22;0x00:0x30;0x00:0x34;0x00:0x3C;0x00:0x40;0x00:0x44;0x00:0x48;0x00:0x4C;0x00:0x50;0x00:0x58;0x00:0x5C;0x00:0x64;0x00:0x89;0x00:0x8E;0x00:0x93;0x00:0xA0;0x00:0xA4;0x01:0xED;0x02:0x02;0x02:0x28;0x02:0x29;0x02:0x2A;0x02:0x2B;0x02:0x2C;0x05:0x00;0x05:0x01;0x05:0x05;0x05:0x08;0x05:0x0E;0x05:0x11;0x05:0x1B;0x05:0x20;0x05:0x23;0x05:0x24;0x05:0x25;0x05:0x26;0x05:0x27;0x05:0x29;0x05:0x2A;0x05:0x2B;0x05:0x47;0x05:0x50;0x05:0x57;0x05:0x58;0x05:0x59;0x05:0x5B;0x05:0x5F;0x05:0x69;0x05:0x6E;0x05:0x6F;0x05:0x75;0x05:0x76;0x05:0x84;0x05:0x86;0x05:0x90;0x05:0x9B;0x05:0xB5;0x05:0xB7;0x05:0xB8;0x05:0xBB;0x05:0xC8;0x05:0xD1;0x05:0xD4;0x09:0x40;0x09:0x44;0x09:0x50;0x09:0x51;0x09:0x52;0x09:0x53;0x09:0x64;0x09:0x6A;0x09:0x6B;0x09:0x6C;0x09:0x80;0x09:0x81;0x09:0x97;0x09:0x98;0x09:0x99;0x0A:0x60;0x0A:0x61;0x0A:0x62;0x0A:0x63;0x0A:0x64;0x0A:0x65;0x0A:0x66;0x0A:0x67;0x0A:0x68;0x0A:0x69;0x0A:0x6A;0x0A:0x6B;0x0A:0x6C;0x0A:0x6D;0x0A:0x6E;0x0A:0x6F;0x0A:0x70;0x0A:0x71;0x0A:0x72;0x0A:0x74;0x11:0x00
1132,164,MODE1_0164_EQ_INIT_BANK_SELECT,RESET_BETWEEN_OPERATIONS,111,106,ABORTING->PRODUCT_RECONSTRUCTION_GAP->FATAL_RECOVERY_FAILURE,FATAL_RECOVERY_FAILURE,CALLABLE_RESET_AUTOINIT_OR_PERSISTENT_RECOVERY_CONTEXT_NOT_PROVEN
1133,164,MODE1_0164_EQ_INIT_BANK_SELECT,HOST_ABORT,111,106,ABORTING->UNRESOLVED_REGISTER_GATE->FATAL_RECOVERY_FAILURE,FATAL_RECOVERY_FAILURE,UNRESOLVED_COMMITTED_REGISTERS=0x00:0x00;0x00:0x08;0x00:0x0C;0x00:0x10;0x00:0x14;0x00:0x18;0x00:0x21;0x00:0x22;0x00:0x30;0x00:0x34;0x00:0x3C;0x00:0x40;0x00:0x44;0x00:0x48;0x00:0x4C;0x00:0x50;0x00:0x58;0x00:0x5C;0x00:0x64;0x00:0x89;0x00:0x8E;0x00:0x93;0x00:0xA0;0x00:0xA4;0x01:0xED;0x02:0x02;0x02:0x28;0x02:0x29;0x02:0x2A;0x02:0x2B;0x02:0x2C;0x05:0x00;0x05:0x01;0x05:0x05;0x05:0x08;0x05:0x0E;0x05:0x11;0x05:0x1B;0x05:0x20;0x05:0x23;0x05:0x24;0x05:0x25;0x05:0x26;0x05:0x27;0x05:0x29;0x05:0x2A;0x05:0x2B;0x05:0x47;0x05:0x50;0x05:0x57;0x05:0x58;0x05:0x59;0x05:0x5B;0x05:0x5F;0x05:0x69;0x05:0x6E;0x05:0x6F;0x05:0x75;0x05:0x76;0x05:0x84;0x05:0x86;0x05:0x90;0x05:0x9B;0x05:0xB5;0x05:0xB7;0x05:0xB8;0x05:0xBB;0x05:0xC8;0x05:0xD1;0x05:0xD4;0x09:0x40;0x09:0x44;0x09:0x50;0x09:0x51;0x09:0x52;0x09:0x53;0x09:0x64;0x09:0x6A;0x09:0x6B;0x09:0x6C;0x09:0x80;0x09:0x81;0x09:0x97;0x09:0x98;0x09:0x99;0x0A:0x60;0x0A:0x61;0x0A:0x62;0x0A:0x63;0x0A:0x64;0x0A:0x65;0x0A:0x66;0x0A:0x67;0x0A:0x68;0x0A:0x69;0x0A:0x6A;0x0A:0x6B;0x0A:0x6C;0x0A:0x6D;0x0A:0x6E;0x0A:0x6F;0x0A:0x70;0x0A:0x71;0x0A:0x72;0x0A:0x74;0x11:0x00
1134,164,MODE1_0164_EQ_INIT_BANK_SELECT,MMIO_RESET,111,106,ABORTING->PRODUCT_RECONSTRUCTION_GAP->FATAL_RECOVERY_FAILURE,FATAL_RECOVERY_FAILURE,CALLABLE_RESET_AUTOINIT_OR_PERSISTENT_RECOVERY_CONTEXT_NOT_PROVEN
1135,165,MODE1_0165_EQ_INIT_WRITE,FAILURE_BEFORE_WRITE,111,106,ABORTING->UNRESOLVED_REGISTER_GATE->FATAL_RECOVERY_FAILURE,FATAL_RECOVERY_FAILURE,UNRESOLVED_COMMITTED_REGISTERS=0x00:0x00;0x00:0x08;0x00:0x0C;0x00:0x10;0x00:0x14;0x00:0x18;0x00:0x21;0x00:0x22;0x00:0x30;0x00:0x34;0x00:0x3C;0x00:0x40;0x00:0x44;0x00:0x48;0x00:0x4C;0x00:0x50;0x00:0x58;0x00:0x5C;0x00:0x64;0x00:0x89;0x00:0x8E;0x00:0x93;0x00:0xA0;0x00:0xA4;0x01:0xED;0x02:0x02;0x02:0x28;0x02:0x29;0x02:0x2A;0x02:0x2B;0x02:0x2C;0x05:0x00;0x05:0x01;0x05:0x05;0x05:0x08;0x05:0x0E;0x05:0x11;0x05:0x1B;0x05:0x20;0x05:0x23;0x05:0x24;0x05:0x25;0x05:0x26;0x05:0x27;0x05:0x29;0x05:0x2A;0x05:0x2B;0x05:0x47;0x05:0x50;0x05:0x57;0x05:0x58;0x05:0x59;0x05:0x5B;0x05:0x5F;0x05:0x69;0x05:0x6E;0x05:0x6F;0x05:0x75;0x05:0x76;0x05:0x84;0x05:0x86;0x05:0x90;0x05:0x9B;0x05:0xB5;0x05:0xB7;0x05:0xB8;0x05:0xBB;0x05:0xC8;0x05:0xD1;0x05:0xD4;0x09:0x40;0x09:0x44;0x09:0x50;0x09:0x51;0x09:0x52;0x09:0x53;0x09:0x64;0x09:0x6A;0x09:0x6B;0x09:0x6C;0x09:0x80;0x09:0x81;0x09:0x97;0x09:0x98;0x09:0x99;0x0A:0x60;0x0A:0x61;0x0A:0x62;0x0A:0x63;0x0A:0x64;0x0A:0x65;0x0A:0x66;0x0A:0x67;0x0A:0x68;0x0A:0x69;0x0A:0x6A;0x0A:0x6B;0x0A:0x6C;0x0A:0x6D;0x0A:0x6E;0x0A:0x6F;0x0A:0x70;0x0A:0x71;0x0A:0x72;0x0A:0x74;0x11:0x00
1136,165,MODE1_0165_EQ_INIT_WRITE,NACK_DURING_WRITE,112,107,ABORTING->UNRESOLVED_REGISTER_GATE->FATAL_RECOVERY_FAILURE,FATAL_RECOVERY_FAILURE,UNRESOLVED_COMMITTED_REGISTERS=0x00:0x00;0x00:0x08;0x00:0x0C;0x00:0x10;0x00:0x14;0x00:0x18;0x00:0x21;0x00:0x22;0x00:0x30;0x00:0x34;0x00:0x3C;0x00:0x40;0x00:0x44;0x00:0x48;0x00:0x4C;0x00:0x50;0x00:0x58;0x00:0x5C;0x00:0x64;0x00:0x89;0x00:0x8E;0x00:0x93;0x00:0xA0;0x00:0xA4;0x01:0xED;0x02:0x02;0x02:0x28;0x02:0x29;0x02:0x2A;0x02:0x2B;0x02:0x2C;0x05:0x00;0x05:0x01;0x05:0x05;0x05:0x08;0x05:0x0E;0x05:0x11;0x05:0x1B;0x05:0x20;0x05:0x23;0x05:0x24;0x05:0x25;0x05:0x26;0x05:0x27;0x05:0x29;0x05:0x2A;0x05:0x2B;0x05:0x47;0x05:0x50;0x05:0x57;0x05:0x58;0x05:0x59;0x05:0x5B;0x05:0x5F;0x05:0x69;0x05:0x6E;0x05:0x6F;0x05:0x75;0x05:0x76;0x05:0x84;0x05:0x86;0x05:0x90;0x05:0x9B;0x05:0xB5;0x05:0xB7;0x05:0xB8;0x05:0xBB;0x05:0xC0;0x05:0xC8;0x05:0xD1;0x05:0xD4;0x09:0x40;0x09:0x44;0x09:0x50;0x09:0x51;0x09:0x52;0x09:0x53;0x09:0x64;0x09:0x6A;0x09:0x6B;0x09:0x6C;0x09:0x80;0x09:0x81;0x09:0x97;0x09:0x98;0x09:0x99;0x0A:0x60;0x0A:0x61;0x0A:0x62;0x0A:0x63;0x0A:0x64;0x0A:0x65;0x0A:0x66;0x0A:0x67;0x0A:0x68;0x0A:0x69;0x0A:0x6A;0x0A:0x6B;0x0A:0x6C;0x0A:0x6D;0x0A:0x6E;0x0A:0x6F;0x0A:0x70;0x0A:0x71;0x0A:0x72;0x0A:0x74;0x11:0x00
1137,165,MODE1_0165_EQ_INIT_WRITE,TIMEOUT_DURING_WRITE,112,107,ABORTING->UNRESOLVED_REGISTER_GATE->FATAL_RECOVERY_FAILURE,FATAL_RECOVERY_FAILURE,UNRESOLVED_COMMITTED_REGISTERS=0x00:0x00;0x00:0x08;0x00:0x0C;0x00:0x10;0x00:0x14;0x00:0x18;0x00:0x21;0x00:0x22;0x00:0x30;0x00:0x34;0x00:0x3C;0x00:0x40;0x00:0x44;0x00:0x48;0x00:0x4C;0x00:0x50;0x00:0x58;0x00:0x5C;0x00:0x64;0x00:0x89;0x00:0x8E;0x00:0x93;0x00:0xA0;0x00:0xA4;0x01:0xED;0x02:0x02;0x02:0x28;0x02:0x29;0x02:0x2A;0x02:0x2B;0x02:0x2C;0x05:0x00;0x05:0x01;0x05:0x05;0x05:0x08;0x05:0x0E;0x05:0x11;0x05:0x1B;0x05:0x20;0x05:0x23;0x05:0x24;0x05:0x25;0x05:0x26;0x05:0x27;0x05:0x29;0x05:0x2A;0x05:0x2B;0x05:0x47;0x05:0x50;0x05:0x57;0x05:0x58;0x05:0x59;0x05:0x5B;0x05:0x5F;0x05:0x69;0x05:0x6E;0x05:0x6F;0x05:0x75;0x05:0x76;0x05:0x84;0x05:0x86;0x05:0x90;0x05:0x9B;0x05:0xB5;0x05:0xB7;0x05:0xB8;0x05:0xBB;0x05:0xC0;0x05:0xC8;0x05:0xD1;0x05:0xD4;0x09:0x40;0x09:0x44;0x09:0x50;0x09:0x51;0x09:0x52;0x09:0x53;0x09:0x64;0x09:0x6A;0x09:0x6B;0x09:0x6C;0x09:0x80;0x09:0x81;0x09:0x97;0x09:0x98;0x09:0x99;0x0A:0x60;0x0A:0x61;0x0A:0x62;0x0A:0x63;0x0A:0x64;0x0A:0x65;0x0A:0x66;0x0A:0x67;0x0A:0x68;0x0A:0x69;0x0A:0x6A;0x0A:0x6B;0x0A:0x6C;0x0A:0x6D;0x0A:0x6E;0x0A:0x6F;0x0A:0x70;0x0A:0x71;0x0A:0x72;0x0A:0x74;0x11:0x00
1138,165,MODE1_0165_EQ_INIT_WRITE,READBACK_MISMATCH,112,107,ABORTING->UNRESOLVED_REGISTER_GATE->FATAL_RECOVERY_FAILURE,FATAL_RECOVERY_FAILURE,UNRESOLVED_COMMITTED_REGISTERS=0x00:0x00;0x00:0x08;0x00:0x0C;0x00:0x10;0x00:0x14;0x00:0x18;0x00:0x21;0x00:0x22;0x00:0x30;0x00:0x34;0x00:0x3C;0x00:0x40;0x00:0x44;0x00:0x48;0x00:0x4C;0x00:0x50;0x00:0x58;0x00:0x5C;0x00:0x64;0x00:0x89;0x00:0x8E;0x00:0x93;0x00:0xA0;0x00:0xA4;0x01:0xED;0x02:0x02;0x02:0x28;0x02:0x29;0x02:0x2A;0x02:0x2B;0x02:0x2C;0x05:0x00;0x05:0x01;0x05:0x05;0x05:0x08;0x05:0x0E;0x05:0x11;0x05:0x1B;0x05:0x20;0x05:0x23;0x05:0x24;0x05:0x25;0x05:0x26;0x05:0x27;0x05:0x29;0x05:0x2A;0x05:0x2B;0x05:0x47;0x05:0x50;0x05:0x57;0x05:0x58;0x05:0x59;0x05:0x5B;0x05:0x5F;0x05:0x69;0x05:0x6E;0x05:0x6F;0x05:0x75;0x05:0x76;0x05:0x84;0x05:0x86;0x05:0x90;0x05:0x9B;0x05:0xB5;0x05:0xB7;0x05:0xB8;0x05:0xBB;0x05:0xC0;0x05:0xC8;0x05:0xD1;0x05:0xD4;0x09:0x40;0x09:0x44;0x09:0x50;0x09:0x51;0x09:0x52;0x09:0x53;0x09:0x64;0x09:0x6A;0x09:0x6B;0x09:0x6C;0x09:0x80;0x09:0x81;0x09:0x97;0x09:0x98;0x09:0x99;0x0A:0x60;0x0A:0x61;0x0A:0x62;0x0A:0x63;0x0A:0x64;0x0A:0x65;0x0A:0x66;0x0A:0x67;0x0A:0x68;0x0A:0x69;0x0A:0x6A;0x0A:0x6B;0x0A:0x6C;0x0A:0x6D;0x0A:0x6E;0x0A:0x6F;0x0A:0x70;0x0A:0x71;0x0A:0x72;0x0A:0x74;0x11:0x00
1139,165,MODE1_0165_EQ_INIT_WRITE,RESET_BETWEEN_OPERATIONS,112,107,ABORTING->PRODUCT_RECONSTRUCTION_GAP->FATAL_RECOVERY_FAILURE,FATAL_RECOVERY_FAILURE,CALLABLE_RESET_AUTOINIT_OR_PERSISTENT_RECOVERY_CONTEXT_NOT_PROVEN
1140,165,MODE1_0165_EQ_INIT_WRITE,HOST_ABORT,112,107,ABORTING->UNRESOLVED_REGISTER_GATE->FATAL_RECOVERY_FAILURE,FATAL_RECOVERY_FAILURE,UNRESOLVED_COMMITTED_REGISTERS=0x00:0x00;0x00:0x08;0x00:0x0C;0x00:0x10;0x00:0x14;0x00:0x18;0x00:0x21;0x00:0x22;0x00:0x30;0x00:0x34;0x00:0x3C;0x00:0x40;0x00:0x44;0x00:0x48;0x00:0x4C;0x00:0x50;0x00:0x58;0x00:0x5C;0x00:0x64;0x00:0x89;0x00:0x8E;0x00:0x93;0x00:0xA0;0x00:0xA4;0x01:0xED;0x02:0x02;0x02:0x28;0x02:0x29;0x02:0x2A;0x02:0x2B;0x02:0x2C;0x05:0x00;0x05:0x01;0x05:0x05;0x05:0x08;0x05:0x0E;0x05:0x11;0x05:0x1B;0x05:0x20;0x05:0x23;0x05:0x24;0x05:0x25;0x05:0x26;0x05:0x27;0x05:0x29;0x05:0x2A;0x05:0x2B;0x05:0x47;0x05:0x50;0x05:0x57;0x05:0x58;0x05:0x59;0x05:0x5B;0x05:0x5F;0x05:0x69;0x05:0x6E;0x05:0x6F;0x05:0x75;0x05:0x76;0x05:0x84;0x05:0x86;0x05:0x90;0x05:0x9B;0x05:0xB5;0x05:0xB7;0x05:0xB8;0x05:0xBB;0x05:0xC0;0x05:0xC8;0x05:0xD1;0x05:0xD4;0x09:0x40;0x09:0x44;0x09:0x50;0x09:0x51;0x09:0x52;0x09:0x53;0x09:0x64;0x09:0x6A;0x09:0x6B;0x09:0x6C;0x09:0x80;0x09:0x81;0x09:0x97;0x09:0x98;0x09:0x99;0x0A:0x60;0x0A:0x61;0x0A:0x62;0x0A:0x63;0x0A:0x64;0x0A:0x65;0x0A:0x66;0x0A:0x67;0x0A:0x68;0x0A:0x69;0x0A:0x6A;0x0A:0x6B;0x0A:0x6C;0x0A:0x6D;0x0A:0x6E;0x0A:0x6F;0x0A:0x70;0x0A:0x71;0x0A:0x72;0x0A:0x74;0x11:0x00
1141,165,MODE1_0165_EQ_INIT_WRITE,MMIO_RESET,112,107,ABORTING->PRODUCT_RECONSTRUCTION_GAP->FATAL_RECOVERY_FAILURE,FATAL_RECOVERY_FAILURE,CALLABLE_RESET_AUTOINIT_OR_PERSISTENT_RECOVERY_CONTEXT_NOT_PROVEN
1142,166,MODE1_0166_EQ_INIT_WRITE,FAILURE_BEFORE_WRITE,112,107,ABORTING->UNRESOLVED_REGISTER_GATE->FATAL_RECOVERY_FAILURE,FATAL_RECOVERY_FAILURE,UNRESOLVED_COMMITTED_REGISTERS=0x00:0x00;0x00:0x08;0x00:0x0C;0x00:0x10;0x00:0x14;0x00:0x18;0x00:0x21;0x00:0x22;0x00:0x30;0x00:0x34;0x00:0x3C;0x00:0x40;0x00:0x44;0x00:0x48;0x00:0x4C;0x00:0x50;0x00:0x58;0x00:0x5C;0x00:0x64;0x00:0x89;0x00:0x8E;0x00:0x93;0x00:0xA0;0x00:0xA4;0x01:0xED;0x02:0x02;0x02:0x28;0x02:0x29;0x02:0x2A;0x02:0x2B;0x02:0x2C;0x05:0x00;0x05:0x01;0x05:0x05;0x05:0x08;0x05:0x0E;0x05:0x11;0x05:0x1B;0x05:0x20;0x05:0x23;0x05:0x24;0x05:0x25;0x05:0x26;0x05:0x27;0x05:0x29;0x05:0x2A;0x05:0x2B;0x05:0x47;0x05:0x50;0x05:0x57;0x05:0x58;0x05:0x59;0x05:0x5B;0x05:0x5F;0x05:0x69;0x05:0x6E;0x05:0x6F;0x05:0x75;0x05:0x76;0x05:0x84;0x05:0x86;0x05:0x90;0x05:0x9B;0x05:0xB5;0x05:0xB7;0x05:0xB8;0x05:0xBB;0x05:0xC0;0x05:0xC8;0x05:0xD1;0x05:0xD4;0x09:0x40;0x09:0x44;0x09:0x50;0x09:0x51;0x09:0x52;0x09:0x53;0x09:0x64;0x09:0x6A;0x09:0x6B;0x09:0x6C;0x09:0x80;0x09:0x81;0x09:0x97;0x09:0x98;0x09:0x99;0x0A:0x60;0x0A:0x61;0x0A:0x62;0x0A:0x63;0x0A:0x64;0x0A:0x65;0x0A:0x66;0x0A:0x67;0x0A:0x68;0x0A:0x69;0x0A:0x6A;0x0A:0x6B;0x0A:0x6C;0x0A:0x6D;0x0A:0x6E;0x0A:0x6F;0x0A:0x70;0x0A:0x71;0x0A:0x72;0x0A:0x74;0x11:0x00
1143,166,MODE1_0166_EQ_INIT_WRITE,NACK_DURING_WRITE,113,108,ABORTING->UNRESOLVED_REGISTER_GATE->FATAL_RECOVERY_FAILURE,FATAL_RECOVERY_FAILURE,UNRESOLVED_COMMITTED_REGISTERS=0x00:0x00;0x00:0x08;0x00:0x0C;0x00:0x10;0x00:0x14;0x00:0x18;0x00:0x21;0x00:0x22;0x00:0x30;0x00:0x34;0x00:0x3C;0x00:0x40;0x00:0x44;0x00:0x48;0x00:0x4C;0x00:0x50;0x00:0x58;0x00:0x5C;0x00:0x64;0x00:0x89;0x00:0x8E;0x00:0x93;0x00:0xA0;0x00:0xA4;0x01:0xED;0x02:0x02;0x02:0x28;0x02:0x29;0x02:0x2A;0x02:0x2B;0x02:0x2C;0x05:0x00;0x05:0x01;0x05:0x05;0x05:0x08;0x05:0x0E;0x05:0x11;0x05:0x1B;0x05:0x20;0x05:0x23;0x05:0x24;0x05:0x25;0x05:0x26;0x05:0x27;0x05:0x29;0x05:0x2A;0x05:0x2B;0x05:0x47;0x05:0x50;0x05:0x57;0x05:0x58;0x05:0x59;0x05:0x5B;0x05:0x5F;0x05:0x69;0x05:0x6E;0x05:0x6F;0x05:0x75;0x05:0x76;0x05:0x84;0x05:0x86;0x05:0x90;0x05:0x9B;0x05:0xB5;0x05:0xB7;0x05:0xB8;0x05:0xBB;0x05:0xC0;0x05:0xC1;0x05:0xC8;0x05:0xD1;0x05:0xD4;0x09:0x40;0x09:0x44;0x09:0x50;0x09:0x51;0x09:0x52;0x09:0x53;0x09:0x64;0x09:0x6A;0x09:0x6B;0x09:0x6C;0x09:0x80;0x09:0x81;0x09:0x97;0x09:0x98;0x09:0x99;0x0A:0x60;0x0A:0x61;0x0A:0x62;0x0A:0x63;0x0A:0x64;0x0A:0x65;0x0A:0x66;0x0A:0x67;0x0A:0x68;0x0A:0x69;0x0A:0x6A;0x0A:0x6B;0x0A:0x6C;0x0A:0x6D;0x0A:0x6E;0x0A:0x6F;0x0A:0x70;0x0A:0x71;0x0A:0x72;0x0A:0x74;0x11:0x00
1144,166,MODE1_0166_EQ_INIT_WRITE,TIMEOUT_DURING_WRITE,113,108,ABORTING->UNRESOLVED_REGISTER_GATE->FATAL_RECOVERY_FAILURE,FATAL_RECOVERY_FAILURE,UNRESOLVED_COMMITTED_REGISTERS=0x00:0x00;0x00:0x08;0x00:0x0C;0x00:0x10;0x00:0x14;0x00:0x18;0x00:0x21;0x00:0x22;0x00:0x30;0x00:0x34;0x00:0x3C;0x00:0x40;0x00:0x44;0x00:0x48;0x00:0x4C;0x00:0x50;0x00:0x58;0x00:0x5C;0x00:0x64;0x00:0x89;0x00:0x8E;0x00:0x93;0x00:0xA0;0x00:0xA4;0x01:0xED;0x02:0x02;0x02:0x28;0x02:0x29;0x02:0x2A;0x02:0x2B;0x02:0x2C;0x05:0x00;0x05:0x01;0x05:0x05;0x05:0x08;0x05:0x0E;0x05:0x11;0x05:0x1B;0x05:0x20;0x05:0x23;0x05:0x24;0x05:0x25;0x05:0x26;0x05:0x27;0x05:0x29;0x05:0x2A;0x05:0x2B;0x05:0x47;0x05:0x50;0x05:0x57;0x05:0x58;0x05:0x59;0x05:0x5B;0x05:0x5F;0x05:0x69;0x05:0x6E;0x05:0x6F;0x05:0x75;0x05:0x76;0x05:0x84;0x05:0x86;0x05:0x90;0x05:0x9B;0x05:0xB5;0x05:0xB7;0x05:0xB8;0x05:0xBB;0x05:0xC0;0x05:0xC1;0x05:0xC8;0x05:0xD1;0x05:0xD4;0x09:0x40;0x09:0x44;0x09:0x50;0x09:0x51;0x09:0x52;0x09:0x53;0x09:0x64;0x09:0x6A;0x09:0x6B;0x09:0x6C;0x09:0x80;0x09:0x81;0x09:0x97;0x09:0x98;0x09:0x99;0x0A:0x60;0x0A:0x61;0x0A:0x62;0x0A:0x63;0x0A:0x64;0x0A:0x65;0x0A:0x66;0x0A:0x67;0x0A:0x68;0x0A:0x69;0x0A:0x6A;0x0A:0x6B;0x0A:0x6C;0x0A:0x6D;0x0A:0x6E;0x0A:0x6F;0x0A:0x70;0x0A:0x71;0x0A:0x72;0x0A:0x74;0x11:0x00
1145,166,MODE1_0166_EQ_INIT_WRITE,READBACK_MISMATCH,113,108,ABORTING->UNRESOLVED_REGISTER_GATE->FATAL_RECOVERY_FAILURE,FATAL_RECOVERY_FAILURE,UNRESOLVED_COMMITTED_REGISTERS=0x00:0x00;0x00:0x08;0x00:0x0C;0x00:0x10;0x00:0x14;0x00:0x18;0x00:0x21;0x00:0x22;0x00:0x30;0x00:0x34;0x00:0x3C;0x00:0x40;0x00:0x44;0x00:0x48;0x00:0x4C;0x00:0x50;0x00:0x58;0x00:0x5C;0x00:0x64;0x00:0x89;0x00:0x8E;0x00:0x93;0x00:0xA0;0x00:0xA4;0x01:0xED;0x02:0x02;0x02:0x28;0x02:0x29;0x02:0x2A;0x02:0x2B;0x02:0x2C;0x05:0x00;0x05:0x01;0x05:0x05;0x05:0x08;0x05:0x0E;0x05:0x11;0x05:0x1B;0x05:0x20;0x05:0x23;0x05:0x24;0x05:0x25;0x05:0x26;0x05:0x27;0x05:0x29;0x05:0x2A;0x05:0x2B;0x05:0x47;0x05:0x50;0x05:0x57;0x05:0x58;0x05:0x59;0x05:0x5B;0x05:0x5F;0x05:0x69;0x05:0x6E;0x05:0x6F;0x05:0x75;0x05:0x76;0x05:0x84;0x05:0x86;0x05:0x90;0x05:0x9B;0x05:0xB5;0x05:0xB7;0x05:0xB8;0x05:0xBB;0x05:0xC0;0x05:0xC1;0x05:0xC8;0x05:0xD1;0x05:0xD4;0x09:0x40;0x09:0x44;0x09:0x50;0x09:0x51;0x09:0x52;0x09:0x53;0x09:0x64;0x09:0x6A;0x09:0x6B;0x09:0x6C;0x09:0x80;0x09:0x81;0x09:0x97;0x09:0x98;0x09:0x99;0x0A:0x60;0x0A:0x61;0x0A:0x62;0x0A:0x63;0x0A:0x64;0x0A:0x65;0x0A:0x66;0x0A:0x67;0x0A:0x68;0x0A:0x69;0x0A:0x6A;0x0A:0x6B;0x0A:0x6C;0x0A:0x6D;0x0A:0x6E;0x0A:0x6F;0x0A:0x70;0x0A:0x71;0x0A:0x72;0x0A:0x74;0x11:0x00
1146,166,MODE1_0166_EQ_INIT_WRITE,RESET_BETWEEN_OPERATIONS,113,108,ABORTING->PRODUCT_RECONSTRUCTION_GAP->FATAL_RECOVERY_FAILURE,FATAL_RECOVERY_FAILURE,CALLABLE_RESET_AUTOINIT_OR_PERSISTENT_RECOVERY_CONTEXT_NOT_PROVEN
1147,166,MODE1_0166_EQ_INIT_WRITE,HOST_ABORT,113,108,ABORTING->UNRESOLVED_REGISTER_GATE->FATAL_RECOVERY_FAILURE,FATAL_RECOVERY_FAILURE,UNRESOLVED_COMMITTED_REGISTERS=0x00:0x00;0x00:0x08;0x00:0x0C;0x00:0x10;0x00:0x14;0x00:0x18;0x00:0x21;0x00:0x22;0x00:0x30;0x00:0x34;0x00:0x3C;0x00:0x40;0x00:0x44;0x00:0x48;0x00:0x4C;0x00:0x50;0x00:0x58;0x00:0x5C;0x00:0x64;0x00:0x89;0x00:0x8E;0x00:0x93;0x00:0xA0;0x00:0xA4;0x01:0xED;0x02:0x02;0x02:0x28;0x02:0x29;0x02:0x2A;0x02:0x2B;0x02:0x2C;0x05:0x00;0x05:0x01;0x05:0x05;0x05:0x08;0x05:0x0E;0x05:0x11;0x05:0x1B;0x05:0x20;0x05:0x23;0x05:0x24;0x05:0x25;0x05:0x26;0x05:0x27;0x05:0x29;0x05:0x2A;0x05:0x2B;0x05:0x47;0x05:0x50;0x05:0x57;0x05:0x58;0x05:0x59;0x05:0x5B;0x05:0x5F;0x05:0x69;0x05:0x6E;0x05:0x6F;0x05:0x75;0x05:0x76;0x05:0x84;0x05:0x86;0x05:0x90;0x05:0x9B;0x05:0xB5;0x05:0xB7;0x05:0xB8;0x05:0xBB;0x05:0xC0;0x05:0xC1;0x05:0xC8;0x05:0xD1;0x05:0xD4;0x09:0x40;0x09:0x44;0x09:0x50;0x09:0x51;0x09:0x52;0x09:0x53;0x09:0x64;0x09:0x6A;0x09:0x6B;0x09:0x6C;0x09:0x80;0x09:0x81;0x09:0x97;0x09:0x98;0x09:0x99;0x0A:0x60;0x0A:0x61;0x0A:0x62;0x0A:0x63;0x0A:0x64;0x0A:0x65;0x0A:0x66;0x0A:0x67;0x0A:0x68;0x0A:0x69;0x0A:0x6A;0x0A:0x6B;0x0A:0x6C;0x0A:0x6D;0x0A:0x6E;0x0A:0x6F;0x0A:0x70;0x0A:0x71;0x0A:0x72;0x0A:0x74;0x11:0x00
1148,166,MODE1_0166_EQ_INIT_WRITE,MMIO_RESET,113,108,ABORTING->PRODUCT_RECONSTRUCTION_GAP->FATAL_RECOVERY_FAILURE,FATAL_RECOVERY_FAILURE,CALLABLE_RESET_AUTOINIT_OR_PERSISTENT_RECOVERY_CONTEXT_NOT_PROVEN
1149,167,MODE1_0167_EQ_INIT_WRITE,FAILURE_BEFORE_WRITE,113,108,ABORTING->UNRESOLVED_REGISTER_GATE->FATAL_RECOVERY_FAILURE,FATAL_RECOVERY_FAILURE,UNRESOLVED_COMMITTED_REGISTERS=0x00:0x00;0x00:0x08;0x00:0x0C;0x00:0x10;0x00:0x14;0x00:0x18;0x00:0x21;0x00:0x22;0x00:0x30;0x00:0x34;0x00:0x3C;0x00:0x40;0x00:0x44;0x00:0x48;0x00:0x4C;0x00:0x50;0x00:0x58;0x00:0x5C;0x00:0x64;0x00:0x89;0x00:0x8E;0x00:0x93;0x00:0xA0;0x00:0xA4;0x01:0xED;0x02:0x02;0x02:0x28;0x02:0x29;0x02:0x2A;0x02:0x2B;0x02:0x2C;0x05:0x00;0x05:0x01;0x05:0x05;0x05:0x08;0x05:0x0E;0x05:0x11;0x05:0x1B;0x05:0x20;0x05:0x23;0x05:0x24;0x05:0x25;0x05:0x26;0x05:0x27;0x05:0x29;0x05:0x2A;0x05:0x2B;0x05:0x47;0x05:0x50;0x05:0x57;0x05:0x58;0x05:0x59;0x05:0x5B;0x05:0x5F;0x05:0x69;0x05:0x6E;0x05:0x6F;0x05:0x75;0x05:0x76;0x05:0x84;0x05:0x86;0x05:0x90;0x05:0x9B;0x05:0xB5;0x05:0xB7;0x05:0xB8;0x05:0xBB;0x05:0xC0;0x05:0xC1;0x05:0xC8;0x05:0xD1;0x05:0xD4;0x09:0x40;0x09:0x44;0x09:0x50;0x09:0x51;0x09:0x52;0x09:0x53;0x09:0x64;0x09:0x6A;0x09:0x6B;0x09:0x6C;0x09:0x80;0x09:0x81;0x09:0x97;0x09:0x98;0x09:0x99;0x0A:0x60;0x0A:0x61;0x0A:0x62;0x0A:0x63;0x0A:0x64;0x0A:0x65;0x0A:0x66;0x0A:0x67;0x0A:0x68;0x0A:0x69;0x0A:0x6A;0x0A:0x6B;0x0A:0x6C;0x0A:0x6D;0x0A:0x6E;0x0A:0x6F;0x0A:0x70;0x0A:0x71;0x0A:0x72;0x0A:0x74;0x11:0x00
1150,167,MODE1_0167_EQ_INIT_WRITE,NACK_DURING_WRITE,113,108,ABORTING->UNRESOLVED_REGISTER_GATE->FATAL_RECOVERY_FAILURE,FATAL_RECOVERY_FAILURE,UNRESOLVED_COMMITTED_REGISTERS=0x00:0x00;0x00:0x08;0x00:0x0C;0x00:0x10;0x00:0x14;0x00:0x18;0x00:0x21;0x00:0x22;0x00:0x30;0x00:0x34;0x00:0x3C;0x00:0x40;0x00:0x44;0x00:0x48;0x00:0x4C;0x00:0x50;0x00:0x58;0x00:0x5C;0x00:0x64;0x00:0x89;0x00:0x8E;0x00:0x93;0x00:0xA0;0x00:0xA4;0x01:0xED;0x02:0x02;0x02:0x28;0x02:0x29;0x02:0x2A;0x02:0x2B;0x02:0x2C;0x05:0x00;0x05:0x01;0x05:0x05;0x05:0x08;0x05:0x0E;0x05:0x11;0x05:0x1B;0x05:0x20;0x05:0x23;0x05:0x24;0x05:0x25;0x05:0x26;0x05:0x27;0x05:0x29;0x05:0x2A;0x05:0x2B;0x05:0x47;0x05:0x50;0x05:0x57;0x05:0x58;0x05:0x59;0x05:0x5B;0x05:0x5F;0x05:0x69;0x05:0x6E;0x05:0x6F;0x05:0x75;0x05:0x76;0x05:0x84;0x05:0x86;0x05:0x90;0x05:0x9B;0x05:0xB5;0x05:0xB7;0x05:0xB8;0x05:0xBB;0x05:0xC0;0x05:0xC1;0x05:0xC8;0x05:0xD1;0x05:0xD4;0x09:0x40;0x09:0x44;0x09:0x50;0x09:0x51;0x09:0x52;0x09:0x53;0x09:0x64;0x09:0x6A;0x09:0x6B;0x09:0x6C;0x09:0x80;0x09:0x81;0x09:0x97;0x09:0x98;0x09:0x99;0x0A:0x60;0x0A:0x61;0x0A:0x62;0x0A:0x63;0x0A:0x64;0x0A:0x65;0x0A:0x66;0x0A:0x67;0x0A:0x68;0x0A:0x69;0x0A:0x6A;0x0A:0x6B;0x0A:0x6C;0x0A:0x6D;0x0A:0x6E;0x0A:0x6F;0x0A:0x70;0x0A:0x71;0x0A:0x72;0x0A:0x74;0x11:0x00
1151,167,MODE1_0167_EQ_INIT_WRITE,TIMEOUT_DURING_WRITE,113,108,ABORTING->UNRESOLVED_REGISTER_GATE->FATAL_RECOVERY_FAILURE,FATAL_RECOVERY_FAILURE,UNRESOLVED_COMMITTED_REGISTERS=0x00:0x00;0x00:0x08;0x00:0x0C;0x00:0x10;0x00:0x14;0x00:0x18;0x00:0x21;0x00:0x22;0x00:0x30;0x00:0x34;0x00:0x3C;0x00:0x40;0x00:0x44;0x00:0x48;0x00:0x4C;0x00:0x50;0x00:0x58;0x00:0x5C;0x00:0x64;0x00:0x89;0x00:0x8E;0x00:0x93;0x00:0xA0;0x00:0xA4;0x01:0xED;0x02:0x02;0x02:0x28;0x02:0x29;0x02:0x2A;0x02:0x2B;0x02:0x2C;0x05:0x00;0x05:0x01;0x05:0x05;0x05:0x08;0x05:0x0E;0x05:0x11;0x05:0x1B;0x05:0x20;0x05:0x23;0x05:0x24;0x05:0x25;0x05:0x26;0x05:0x27;0x05:0x29;0x05:0x2A;0x05:0x2B;0x05:0x47;0x05:0x50;0x05:0x57;0x05:0x58;0x05:0x59;0x05:0x5B;0x05:0x5F;0x05:0x69;0x05:0x6E;0x05:0x6F;0x05:0x75;0x05:0x76;0x05:0x84;0x05:0x86;0x05:0x90;0x05:0x9B;0x05:0xB5;0x05:0xB7;0x05:0xB8;0x05:0xBB;0x05:0xC0;0x05:0xC1;0x05:0xC8;0x05:0xD1;0x05:0xD4;0x09:0x40;0x09:0x44;0x09:0x50;0x09:0x51;0x09:0x52;0x09:0x53;0x09:0x64;0x09:0x6A;0x09:0x6B;0x09:0x6C;0x09:0x80;0x09:0x81;0x09:0x97;0x09:0x98;0x09:0x99;0x0A:0x60;0x0A:0x61;0x0A:0x62;0x0A:0x63;0x0A:0x64;0x0A:0x65;0x0A:0x66;0x0A:0x67;0x0A:0x68;0x0A:0x69;0x0A:0x6A;0x0A:0x6B;0x0A:0x6C;0x0A:0x6D;0x0A:0x6E;0x0A:0x6F;0x0A:0x70;0x0A:0x71;0x0A:0x72;0x0A:0x74;0x11:0x00
1152,167,MODE1_0167_EQ_INIT_WRITE,READBACK_MISMATCH,113,108,ABORTING->UNRESOLVED_REGISTER_GATE->FATAL_RECOVERY_FAILURE,FATAL_RECOVERY_FAILURE,UNRESOLVED_COMMITTED_REGISTERS=0x00:0x00;0x00:0x08;0x00:0x0C;0x00:0x10;0x00:0x14;0x00:0x18;0x00:0x21;0x00:0x22;0x00:0x30;0x00:0x34;0x00:0x3C;0x00:0x40;0x00:0x44;0x00:0x48;0x00:0x4C;0x00:0x50;0x00:0x58;0x00:0x5C;0x00:0x64;0x00:0x89;0x00:0x8E;0x00:0x93;0x00:0xA0;0x00:0xA4;0x01:0xED;0x02:0x02;0x02:0x28;0x02:0x29;0x02:0x2A;0x02:0x2B;0x02:0x2C;0x05:0x00;0x05:0x01;0x05:0x05;0x05:0x08;0x05:0x0E;0x05:0x11;0x05:0x1B;0x05:0x20;0x05:0x23;0x05:0x24;0x05:0x25;0x05:0x26;0x05:0x27;0x05:0x29;0x05:0x2A;0x05:0x2B;0x05:0x47;0x05:0x50;0x05:0x57;0x05:0x58;0x05:0x59;0x05:0x5B;0x05:0x5F;0x05:0x69;0x05:0x6E;0x05:0x6F;0x05:0x75;0x05:0x76;0x05:0x84;0x05:0x86;0x05:0x90;0x05:0x9B;0x05:0xB5;0x05:0xB7;0x05:0xB8;0x05:0xBB;0x05:0xC0;0x05:0xC1;0x05:0xC8;0x05:0xD1;0x05:0xD4;0x09:0x40;0x09:0x44;0x09:0x50;0x09:0x51;0x09:0x52;0x09:0x53;0x09:0x64;0x09:0x6A;0x09:0x6B;0x09:0x6C;0x09:0x80;0x09:0x81;0x09:0x97;0x09:0x98;0x09:0x99;0x0A:0x60;0x0A:0x61;0x0A:0x62;0x0A:0x63;0x0A:0x64;0x0A:0x65;0x0A:0x66;0x0A:0x67;0x0A:0x68;0x0A:0x69;0x0A:0x6A;0x0A:0x6B;0x0A:0x6C;0x0A:0x6D;0x0A:0x6E;0x0A:0x6F;0x0A:0x70;0x0A:0x71;0x0A:0x72;0x0A:0x74;0x11:0x00
1153,167,MODE1_0167_EQ_INIT_WRITE,RESET_BETWEEN_OPERATIONS,113,108,ABORTING->PRODUCT_RECONSTRUCTION_GAP->FATAL_RECOVERY_FAILURE,FATAL_RECOVERY_FAILURE,CALLABLE_RESET_AUTOINIT_OR_PERSISTENT_RECOVERY_CONTEXT_NOT_PROVEN
1154,167,MODE1_0167_EQ_INIT_WRITE,HOST_ABORT,113,108,ABORTING->UNRESOLVED_REGISTER_GATE->FATAL_RECOVERY_FAILURE,FATAL_RECOVERY_FAILURE,UNRESOLVED_COMMITTED_REGISTERS=0x00:0x00;0x00:0x08;0x00:0x0C;0x00:0x10;0x00:0x14;0x00:0x18;0x00:0x21;0x00:0x22;0x00:0x30;0x00:0x34;0x00:0x3C;0x00:0x40;0x00:0x44;0x00:0x48;0x00:0x4C;0x00:0x50;0x00:0x58;0x00:0x5C;0x00:0x64;0x00:0x89;0x00:0x8E;0x00:0x93;0x00:0xA0;0x00:0xA4;0x01:0xED;0x02:0x02;0x02:0x28;0x02:0x29;0x02:0x2A;0x02:0x2B;0x02:0x2C;0x05:0x00;0x05:0x01;0x05:0x05;0x05:0x08;0x05:0x0E;0x05:0x11;0x05:0x1B;0x05:0x20;0x05:0x23;0x05:0x24;0x05:0x25;0x05:0x26;0x05:0x27;0x05:0x29;0x05:0x2A;0x05:0x2B;0x05:0x47;0x05:0x50;0x05:0x57;0x05:0x58;0x05:0x59;0x05:0x5B;0x05:0x5F;0x05:0x69;0x05:0x6E;0x05:0x6F;0x05:0x75;0x05:0x76;0x05:0x84;0x05:0x86;0x05:0x90;0x05:0x9B;0x05:0xB5;0x05:0xB7;0x05:0xB8;0x05:0xBB;0x05:0xC0;0x05:0xC1;0x05:0xC8;0x05:0xD1;0x05:0xD4;0x09:0x40;0x09:0x44;0x09:0x50;0x09:0x51;0x09:0x52;0x09:0x53;0x09:0x64;0x09:0x6A;0x09:0x6B;0x09:0x6C;0x09:0x80;0x09:0x81;0x09:0x97;0x09:0x98;0x09:0x99;0x0A:0x60;0x0A:0x61;0x0A:0x62;0x0A:0x63;0x0A:0x64;0x0A:0x65;0x0A:0x66;0x0A:0x67;0x0A:0x68;0x0A:0x69;0x0A:0x6A;0x0A:0x6B;0x0A:0x6C;0x0A:0x6D;0x0A:0x6E;0x0A:0x6F;0x0A:0x70;0x0A:0x71;0x0A:0x72;0x0A:0x74;0x11:0x00
1155,167,MODE1_0167_EQ_INIT_WRITE,MMIO_RESET,113,108,ABORTING->PRODUCT_RECONSTRUCTION_GAP->FATAL_RECOVERY_FAILURE,FATAL_RECOVERY_FAILURE,CALLABLE_RESET_AUTOINIT_OR_PERSISTENT_RECOVERY_CONTEXT_NOT_PROVEN
1156,168,MODE1_0168_EQ_INIT_BANK_SELECT,FAILURE_BEFORE_WRITE,113,108,ABORTING->UNRESOLVED_REGISTER_GATE->FATAL_RECOVERY_FAILURE,FATAL_RECOVERY_FAILURE,UNRESOLVED_COMMITTED_REGISTERS=0x00:0x00;0x00:0x08;0x00:0x0C;0x00:0x10;0x00:0x14;0x00:0x18;0x00:0x21;0x00:0x22;0x00:0x30;0x00:0x34;0x00:0x3C;0x00:0x40;0x00:0x44;0x00:0x48;0x00:0x4C;0x00:0x50;0x00:0x58;0x00:0x5C;0x00:0x64;0x00:0x89;0x00:0x8E;0x00:0x93;0x00:0xA0;0x00:0xA4;0x01:0xED;0x02:0x02;0x02:0x28;0x02:0x29;0x02:0x2A;0x02:0x2B;0x02:0x2C;0x05:0x00;0x05:0x01;0x05:0x05;0x05:0x08;0x05:0x0E;0x05:0x11;0x05:0x1B;0x05:0x20;0x05:0x23;0x05:0x24;0x05:0x25;0x05:0x26;0x05:0x27;0x05:0x29;0x05:0x2A;0x05:0x2B;0x05:0x47;0x05:0x50;0x05:0x57;0x05:0x58;0x05:0x59;0x05:0x5B;0x05:0x5F;0x05:0x69;0x05:0x6E;0x05:0x6F;0x05:0x75;0x05:0x76;0x05:0x84;0x05:0x86;0x05:0x90;0x05:0x9B;0x05:0xB5;0x05:0xB7;0x05:0xB8;0x05:0xBB;0x05:0xC0;0x05:0xC1;0x05:0xC8;0x05:0xD1;0x05:0xD4;0x09:0x40;0x09:0x44;0x09:0x50;0x09:0x51;0x09:0x52;0x09:0x53;0x09:0x64;0x09:0x6A;0x09:0x6B;0x09:0x6C;0x09:0x80;0x09:0x81;0x09:0x97;0x09:0x98;0x09:0x99;0x0A:0x60;0x0A:0x61;0x0A:0x62;0x0A:0x63;0x0A:0x64;0x0A:0x65;0x0A:0x66;0x0A:0x67;0x0A:0x68;0x0A:0x69;0x0A:0x6A;0x0A:0x6B;0x0A:0x6C;0x0A:0x6D;0x0A:0x6E;0x0A:0x6F;0x0A:0x70;0x0A:0x71;0x0A:0x72;0x0A:0x74;0x11:0x00
1157,168,MODE1_0168_EQ_INIT_BANK_SELECT,NACK_DURING_WRITE,113,108,ABORTING->UNRESOLVED_REGISTER_GATE->FATAL_RECOVERY_FAILURE,FATAL_RECOVERY_FAILURE,UNRESOLVED_COMMITTED_REGISTERS=0x00:0x00;0x00:0x08;0x00:0x0C;0x00:0x10;0x00:0x14;0x00:0x18;0x00:0x21;0x00:0x22;0x00:0x30;0x00:0x34;0x00:0x3C;0x00:0x40;0x00:0x44;0x00:0x48;0x00:0x4C;0x00:0x50;0x00:0x58;0x00:0x5C;0x00:0x64;0x00:0x89;0x00:0x8E;0x00:0x93;0x00:0xA0;0x00:0xA4;0x01:0xED;0x02:0x02;0x02:0x28;0x02:0x29;0x02:0x2A;0x02:0x2B;0x02:0x2C;0x05:0x00;0x05:0x01;0x05:0x05;0x05:0x08;0x05:0x0E;0x05:0x11;0x05:0x1B;0x05:0x20;0x05:0x23;0x05:0x24;0x05:0x25;0x05:0x26;0x05:0x27;0x05:0x29;0x05:0x2A;0x05:0x2B;0x05:0x47;0x05:0x50;0x05:0x57;0x05:0x58;0x05:0x59;0x05:0x5B;0x05:0x5F;0x05:0x69;0x05:0x6E;0x05:0x6F;0x05:0x75;0x05:0x76;0x05:0x84;0x05:0x86;0x05:0x90;0x05:0x9B;0x05:0xB5;0x05:0xB7;0x05:0xB8;0x05:0xBB;0x05:0xC0;0x05:0xC1;0x05:0xC8;0x05:0xD1;0x05:0xD4;0x09:0x40;0x09:0x44;0x09:0x50;0x09:0x51;0x09:0x52;0x09:0x53;0x09:0x64;0x09:0x6A;0x09:0x6B;0x09:0x6C;0x09:0x80;0x09:0x81;0x09:0x97;0x09:0x98;0x09:0x99;0x0A:0x60;0x0A:0x61;0x0A:0x62;0x0A:0x63;0x0A:0x64;0x0A:0x65;0x0A:0x66;0x0A:0x67;0x0A:0x68;0x0A:0x69;0x0A:0x6A;0x0A:0x6B;0x0A:0x6C;0x0A:0x6D;0x0A:0x6E;0x0A:0x6F;0x0A:0x70;0x0A:0x71;0x0A:0x72;0x0A:0x74;0x11:0x00
1158,168,MODE1_0168_EQ_INIT_BANK_SELECT,TIMEOUT_DURING_WRITE,113,108,ABORTING->UNRESOLVED_REGISTER_GATE->FATAL_RECOVERY_FAILURE,FATAL_RECOVERY_FAILURE,UNRESOLVED_COMMITTED_REGISTERS=0x00:0x00;0x00:0x08;0x00:0x0C;0x00:0x10;0x00:0x14;0x00:0x18;0x00:0x21;0x00:0x22;0x00:0x30;0x00:0x34;0x00:0x3C;0x00:0x40;0x00:0x44;0x00:0x48;0x00:0x4C;0x00:0x50;0x00:0x58;0x00:0x5C;0x00:0x64;0x00:0x89;0x00:0x8E;0x00:0x93;0x00:0xA0;0x00:0xA4;0x01:0xED;0x02:0x02;0x02:0x28;0x02:0x29;0x02:0x2A;0x02:0x2B;0x02:0x2C;0x05:0x00;0x05:0x01;0x05:0x05;0x05:0x08;0x05:0x0E;0x05:0x11;0x05:0x1B;0x05:0x20;0x05:0x23;0x05:0x24;0x05:0x25;0x05:0x26;0x05:0x27;0x05:0x29;0x05:0x2A;0x05:0x2B;0x05:0x47;0x05:0x50;0x05:0x57;0x05:0x58;0x05:0x59;0x05:0x5B;0x05:0x5F;0x05:0x69;0x05:0x6E;0x05:0x6F;0x05:0x75;0x05:0x76;0x05:0x84;0x05:0x86;0x05:0x90;0x05:0x9B;0x05:0xB5;0x05:0xB7;0x05:0xB8;0x05:0xBB;0x05:0xC0;0x05:0xC1;0x05:0xC8;0x05:0xD1;0x05:0xD4;0x09:0x40;0x09:0x44;0x09:0x50;0x09:0x51;0x09:0x52;0x09:0x53;0x09:0x64;0x09:0x6A;0x09:0x6B;0x09:0x6C;0x09:0x80;0x09:0x81;0x09:0x97;0x09:0x98;0x09:0x99;0x0A:0x60;0x0A:0x61;0x0A:0x62;0x0A:0x63;0x0A:0x64;0x0A:0x65;0x0A:0x66;0x0A:0x67;0x0A:0x68;0x0A:0x69;0x0A:0x6A;0x0A:0x6B;0x0A:0x6C;0x0A:0x6D;0x0A:0x6E;0x0A:0x6F;0x0A:0x70;0x0A:0x71;0x0A:0x72;0x0A:0x74;0x11:0x00
1159,168,MODE1_0168_EQ_INIT_BANK_SELECT,READBACK_MISMATCH,113,108,ABORTING->UNRESOLVED_REGISTER_GATE->FATAL_RECOVERY_FAILURE,FATAL_RECOVERY_FAILURE,UNRESOLVED_COMMITTED_REGISTERS=0x00:0x00;0x00:0x08;0x00:0x0C;0x00:0x10;0x00:0x14;0x00:0x18;0x00:0x21;0x00:0x22;0x00:0x30;0x00:0x34;0x00:0x3C;0x00:0x40;0x00:0x44;0x00:0x48;0x00:0x4C;0x00:0x50;0x00:0x58;0x00:0x5C;0x00:0x64;0x00:0x89;0x00:0x8E;0x00:0x93;0x00:0xA0;0x00:0xA4;0x01:0xED;0x02:0x02;0x02:0x28;0x02:0x29;0x02:0x2A;0x02:0x2B;0x02:0x2C;0x05:0x00;0x05:0x01;0x05:0x05;0x05:0x08;0x05:0x0E;0x05:0x11;0x05:0x1B;0x05:0x20;0x05:0x23;0x05:0x24;0x05:0x25;0x05:0x26;0x05:0x27;0x05:0x29;0x05:0x2A;0x05:0x2B;0x05:0x47;0x05:0x50;0x05:0x57;0x05:0x58;0x05:0x59;0x05:0x5B;0x05:0x5F;0x05:0x69;0x05:0x6E;0x05:0x6F;0x05:0x75;0x05:0x76;0x05:0x84;0x05:0x86;0x05:0x90;0x05:0x9B;0x05:0xB5;0x05:0xB7;0x05:0xB8;0x05:0xBB;0x05:0xC0;0x05:0xC1;0x05:0xC8;0x05:0xD1;0x05:0xD4;0x09:0x40;0x09:0x44;0x09:0x50;0x09:0x51;0x09:0x52;0x09:0x53;0x09:0x64;0x09:0x6A;0x09:0x6B;0x09:0x6C;0x09:0x80;0x09:0x81;0x09:0x97;0x09:0x98;0x09:0x99;0x0A:0x60;0x0A:0x61;0x0A:0x62;0x0A:0x63;0x0A:0x64;0x0A:0x65;0x0A:0x66;0x0A:0x67;0x0A:0x68;0x0A:0x69;0x0A:0x6A;0x0A:0x6B;0x0A:0x6C;0x0A:0x6D;0x0A:0x6E;0x0A:0x6F;0x0A:0x70;0x0A:0x71;0x0A:0x72;0x0A:0x74;0x11:0x00
1160,168,MODE1_0168_EQ_INIT_BANK_SELECT,RESET_BETWEEN_OPERATIONS,113,108,ABORTING->PRODUCT_RECONSTRUCTION_GAP->FATAL_RECOVERY_FAILURE,FATAL_RECOVERY_FAILURE,CALLABLE_RESET_AUTOINIT_OR_PERSISTENT_RECOVERY_CONTEXT_NOT_PROVEN
1161,168,MODE1_0168_EQ_INIT_BANK_SELECT,HOST_ABORT,113,108,ABORTING->UNRESOLVED_REGISTER_GATE->FATAL_RECOVERY_FAILURE,FATAL_RECOVERY_FAILURE,UNRESOLVED_COMMITTED_REGISTERS=0x00:0x00;0x00:0x08;0x00:0x0C;0x00:0x10;0x00:0x14;0x00:0x18;0x00:0x21;0x00:0x22;0x00:0x30;0x00:0x34;0x00:0x3C;0x00:0x40;0x00:0x44;0x00:0x48;0x00:0x4C;0x00:0x50;0x00:0x58;0x00:0x5C;0x00:0x64;0x00:0x89;0x00:0x8E;0x00:0x93;0x00:0xA0;0x00:0xA4;0x01:0xED;0x02:0x02;0x02:0x28;0x02:0x29;0x02:0x2A;0x02:0x2B;0x02:0x2C;0x05:0x00;0x05:0x01;0x05:0x05;0x05:0x08;0x05:0x0E;0x05:0x11;0x05:0x1B;0x05:0x20;0x05:0x23;0x05:0x24;0x05:0x25;0x05:0x26;0x05:0x27;0x05:0x29;0x05:0x2A;0x05:0x2B;0x05:0x47;0x05:0x50;0x05:0x57;0x05:0x58;0x05:0x59;0x05:0x5B;0x05:0x5F;0x05:0x69;0x05:0x6E;0x05:0x6F;0x05:0x75;0x05:0x76;0x05:0x84;0x05:0x86;0x05:0x90;0x05:0x9B;0x05:0xB5;0x05:0xB7;0x05:0xB8;0x05:0xBB;0x05:0xC0;0x05:0xC1;0x05:0xC8;0x05:0xD1;0x05:0xD4;0x09:0x40;0x09:0x44;0x09:0x50;0x09:0x51;0x09:0x52;0x09:0x53;0x09:0x64;0x09:0x6A;0x09:0x6B;0x09:0x6C;0x09:0x80;0x09:0x81;0x09:0x97;0x09:0x98;0x09:0x99;0x0A:0x60;0x0A:0x61;0x0A:0x62;0x0A:0x63;0x0A:0x64;0x0A:0x65;0x0A:0x66;0x0A:0x67;0x0A:0x68;0x0A:0x69;0x0A:0x6A;0x0A:0x6B;0x0A:0x6C;0x0A:0x6D;0x0A:0x6E;0x0A:0x6F;0x0A:0x70;0x0A:0x71;0x0A:0x72;0x0A:0x74;0x11:0x00
1162,168,MODE1_0168_EQ_INIT_BANK_SELECT,MMIO_RESET,113,108,ABORTING->PRODUCT_RECONSTRUCTION_GAP->FATAL_RECOVERY_FAILURE,FATAL_RECOVERY_FAILURE,CALLABLE_RESET_AUTOINIT_OR_PERSISTENT_RECOVERY_CONTEXT_NOT_PROVEN
1163,169,MODE1_0169_EQ_INIT_WRITE,FAILURE_BEFORE_WRITE,113,108,ABORTING->UNRESOLVED_REGISTER_GATE->FATAL_RECOVERY_FAILURE,FATAL_RECOVERY_FAILURE,UNRESOLVED_COMMITTED_REGISTERS=0x00:0x00;0x00:0x08;0x00:0x0C;0x00:0x10;0x00:0x14;0x00:0x18;0x00:0x21;0x00:0x22;0x00:0x30;0x00:0x34;0x00:0x3C;0x00:0x40;0x00:0x44;0x00:0x48;0x00:0x4C;0x00:0x50;0x00:0x58;0x00:0x5C;0x00:0x64;0x00:0x89;0x00:0x8E;0x00:0x93;0x00:0xA0;0x00:0xA4;0x01:0xED;0x02:0x02;0x02:0x28;0x02:0x29;0x02:0x2A;0x02:0x2B;0x02:0x2C;0x05:0x00;0x05:0x01;0x05:0x05;0x05:0x08;0x05:0x0E;0x05:0x11;0x05:0x1B;0x05:0x20;0x05:0x23;0x05:0x24;0x05:0x25;0x05:0x26;0x05:0x27;0x05:0x29;0x05:0x2A;0x05:0x2B;0x05:0x47;0x05:0x50;0x05:0x57;0x05:0x58;0x05:0x59;0x05:0x5B;0x05:0x5F;0x05:0x69;0x05:0x6E;0x05:0x6F;0x05:0x75;0x05:0x76;0x05:0x84;0x05:0x86;0x05:0x90;0x05:0x9B;0x05:0xB5;0x05:0xB7;0x05:0xB8;0x05:0xBB;0x05:0xC0;0x05:0xC1;0x05:0xC8;0x05:0xD1;0x05:0xD4;0x09:0x40;0x09:0x44;0x09:0x50;0x09:0x51;0x09:0x52;0x09:0x53;0x09:0x64;0x09:0x6A;0x09:0x6B;0x09:0x6C;0x09:0x80;0x09:0x81;0x09:0x97;0x09:0x98;0x09:0x99;0x0A:0x60;0x0A:0x61;0x0A:0x62;0x0A:0x63;0x0A:0x64;0x0A:0x65;0x0A:0x66;0x0A:0x67;0x0A:0x68;0x0A:0x69;0x0A:0x6A;0x0A:0x6B;0x0A:0x6C;0x0A:0x6D;0x0A:0x6E;0x0A:0x6F;0x0A:0x70;0x0A:0x71;0x0A:0x72;0x0A:0x74;0x11:0x00
1164,169,MODE1_0169_EQ_INIT_WRITE,NACK_DURING_WRITE,113,108,ABORTING->UNRESOLVED_REGISTER_GATE->FATAL_RECOVERY_FAILURE,FATAL_RECOVERY_FAILURE,UNRESOLVED_COMMITTED_REGISTERS=0x00:0x00;0x00:0x08;0x00:0x0C;0x00:0x10;0x00:0x14;0x00:0x18;0x00:0x21;0x00:0x22;0x00:0x30;0x00:0x34;0x00:0x3C;0x00:0x40;0x00:0x44;0x00:0x48;0x00:0x4C;0x00:0x50;0x00:0x58;0x00:0x5C;0x00:0x64;0x00:0x89;0x00:0x8E;0x00:0x93;0x00:0xA0;0x00:0xA4;0x01:0xED;0x02:0x02;0x02:0x28;0x02:0x29;0x02:0x2A;0x02:0x2B;0x02:0x2C;0x05:0x00;0x05:0x01;0x05:0x05;0x05:0x08;0x05:0x0E;0x05:0x11;0x05:0x1B;0x05:0x20;0x05:0x23;0x05:0x24;0x05:0x25;0x05:0x26;0x05:0x27;0x05:0x29;0x05:0x2A;0x05:0x2B;0x05:0x47;0x05:0x50;0x05:0x57;0x05:0x58;0x05:0x59;0x05:0x5B;0x05:0x5F;0x05:0x69;0x05:0x6E;0x05:0x6F;0x05:0x75;0x05:0x76;0x05:0x84;0x05:0x86;0x05:0x90;0x05:0x9B;0x05:0xB5;0x05:0xB7;0x05:0xB8;0x05:0xBB;0x05:0xC0;0x05:0xC1;0x05:0xC8;0x05:0xD1;0x05:0xD4;0x09:0x40;0x09:0x44;0x09:0x50;0x09:0x51;0x09:0x52;0x09:0x53;0x09:0x64;0x09:0x6A;0x09:0x6B;0x09:0x6C;0x09:0x80;0x09:0x81;0x09:0x97;0x09:0x98;0x09:0x99;0x0A:0x60;0x0A:0x61;0x0A:0x62;0x0A:0x63;0x0A:0x64;0x0A:0x65;0x0A:0x66;0x0A:0x67;0x0A:0x68;0x0A:0x69;0x0A:0x6A;0x0A:0x6B;0x0A:0x6C;0x0A:0x6D;0x0A:0x6E;0x0A:0x6F;0x0A:0x70;0x0A:0x71;0x0A:0x72;0x0A:0x74;0x11:0x00
1165,169,MODE1_0169_EQ_INIT_WRITE,TIMEOUT_DURING_WRITE,113,108,ABORTING->UNRESOLVED_REGISTER_GATE->FATAL_RECOVERY_FAILURE,FATAL_RECOVERY_FAILURE,UNRESOLVED_COMMITTED_REGISTERS=0x00:0x00;0x00:0x08;0x00:0x0C;0x00:0x10;0x00:0x14;0x00:0x18;0x00:0x21;0x00:0x22;0x00:0x30;0x00:0x34;0x00:0x3C;0x00:0x40;0x00:0x44;0x00:0x48;0x00:0x4C;0x00:0x50;0x00:0x58;0x00:0x5C;0x00:0x64;0x00:0x89;0x00:0x8E;0x00:0x93;0x00:0xA0;0x00:0xA4;0x01:0xED;0x02:0x02;0x02:0x28;0x02:0x29;0x02:0x2A;0x02:0x2B;0x02:0x2C;0x05:0x00;0x05:0x01;0x05:0x05;0x05:0x08;0x05:0x0E;0x05:0x11;0x05:0x1B;0x05:0x20;0x05:0x23;0x05:0x24;0x05:0x25;0x05:0x26;0x05:0x27;0x05:0x29;0x05:0x2A;0x05:0x2B;0x05:0x47;0x05:0x50;0x05:0x57;0x05:0x58;0x05:0x59;0x05:0x5B;0x05:0x5F;0x05:0x69;0x05:0x6E;0x05:0x6F;0x05:0x75;0x05:0x76;0x05:0x84;0x05:0x86;0x05:0x90;0x05:0x9B;0x05:0xB5;0x05:0xB7;0x05:0xB8;0x05:0xBB;0x05:0xC0;0x05:0xC1;0x05:0xC8;0x05:0xD1;0x05:0xD4;0x09:0x40;0x09:0x44;0x09:0x50;0x09:0x51;0x09:0x52;0x09:0x53;0x09:0x64;0x09:0x6A;0x09:0x6B;0x09:0x6C;0x09:0x80;0x09:0x81;0x09:0x97;0x09:0x98;0x09:0x99;0x0A:0x60;0x0A:0x61;0x0A:0x62;0x0A:0x63;0x0A:0x64;0x0A:0x65;0x0A:0x66;0x0A:0x67;0x0A:0x68;0x0A:0x69;0x0A:0x6A;0x0A:0x6B;0x0A:0x6C;0x0A:0x6D;0x0A:0x6E;0x0A:0x6F;0x0A:0x70;0x0A:0x71;0x0A:0x72;0x0A:0x74;0x11:0x00
1166,169,MODE1_0169_EQ_INIT_WRITE,READBACK_MISMATCH,113,108,ABORTING->UNRESOLVED_REGISTER_GATE->FATAL_RECOVERY_FAILURE,FATAL_RECOVERY_FAILURE,UNRESOLVED_COMMITTED_REGISTERS=0x00:0x00;0x00:0x08;0x00:0x0C;0x00:0x10;0x00:0x14;0x00:0x18;0x00:0x21;0x00:0x22;0x00:0x30;0x00:0x34;0x00:0x3C;0x00:0x40;0x00:0x44;0x00:0x48;0x00:0x4C;0x00:0x50;0x00:0x58;0x00:0x5C;0x00:0x64;0x00:0x89;0x00:0x8E;0x00:0x93;0x00:0xA0;0x00:0xA4;0x01:0xED;0x02:0x02;0x02:0x28;0x02:0x29;0x02:0x2A;0x02:0x2B;0x02:0x2C;0x05:0x00;0x05:0x01;0x05:0x05;0x05:0x08;0x05:0x0E;0x05:0x11;0x05:0x1B;0x05:0x20;0x05:0x23;0x05:0x24;0x05:0x25;0x05:0x26;0x05:0x27;0x05:0x29;0x05:0x2A;0x05:0x2B;0x05:0x47;0x05:0x50;0x05:0x57;0x05:0x58;0x05:0x59;0x05:0x5B;0x05:0x5F;0x05:0x69;0x05:0x6E;0x05:0x6F;0x05:0x75;0x05:0x76;0x05:0x84;0x05:0x86;0x05:0x90;0x05:0x9B;0x05:0xB5;0x05:0xB7;0x05:0xB8;0x05:0xBB;0x05:0xC0;0x05:0xC1;0x05:0xC8;0x05:0xD1;0x05:0xD4;0x09:0x40;0x09:0x44;0x09:0x50;0x09:0x51;0x09:0x52;0x09:0x53;0x09:0x64;0x09:0x6A;0x09:0x6B;0x09:0x6C;0x09:0x80;0x09:0x81;0x09:0x97;0x09:0x98;0x09:0x99;0x0A:0x60;0x0A:0x61;0x0A:0x62;0x0A:0x63;0x0A:0x64;0x0A:0x65;0x0A:0x66;0x0A:0x67;0x0A:0x68;0x0A:0x69;0x0A:0x6A;0x0A:0x6B;0x0A:0x6C;0x0A:0x6D;0x0A:0x6E;0x0A:0x6F;0x0A:0x70;0x0A:0x71;0x0A:0x72;0x0A:0x74;0x11:0x00
1167,169,MODE1_0169_EQ_INIT_WRITE,RESET_BETWEEN_OPERATIONS,113,108,ABORTING->PRODUCT_RECONSTRUCTION_GAP->FATAL_RECOVERY_FAILURE,FATAL_RECOVERY_FAILURE,CALLABLE_RESET_AUTOINIT_OR_PERSISTENT_RECOVERY_CONTEXT_NOT_PROVEN
1168,169,MODE1_0169_EQ_INIT_WRITE,HOST_ABORT,113,108,ABORTING->UNRESOLVED_REGISTER_GATE->FATAL_RECOVERY_FAILURE,FATAL_RECOVERY_FAILURE,UNRESOLVED_COMMITTED_REGISTERS=0x00:0x00;0x00:0x08;0x00:0x0C;0x00:0x10;0x00:0x14;0x00:0x18;0x00:0x21;0x00:0x22;0x00:0x30;0x00:0x34;0x00:0x3C;0x00:0x40;0x00:0x44;0x00:0x48;0x00:0x4C;0x00:0x50;0x00:0x58;0x00:0x5C;0x00:0x64;0x00:0x89;0x00:0x8E;0x00:0x93;0x00:0xA0;0x00:0xA4;0x01:0xED;0x02:0x02;0x02:0x28;0x02:0x29;0x02:0x2A;0x02:0x2B;0x02:0x2C;0x05:0x00;0x05:0x01;0x05:0x05;0x05:0x08;0x05:0x0E;0x05:0x11;0x05:0x1B;0x05:0x20;0x05:0x23;0x05:0x24;0x05:0x25;0x05:0x26;0x05:0x27;0x05:0x29;0x05:0x2A;0x05:0x2B;0x05:0x47;0x05:0x50;0x05:0x57;0x05:0x58;0x05:0x59;0x05:0x5B;0x05:0x5F;0x05:0x69;0x05:0x6E;0x05:0x6F;0x05:0x75;0x05:0x76;0x05:0x84;0x05:0x86;0x05:0x90;0x05:0x9B;0x05:0xB5;0x05:0xB7;0x05:0xB8;0x05:0xBB;0x05:0xC0;0x05:0xC1;0x05:0xC8;0x05:0xD1;0x05:0xD4;0x09:0x40;0x09:0x44;0x09:0x50;0x09:0x51;0x09:0x52;0x09:0x53;0x09:0x64;0x09:0x6A;0x09:0x6B;0x09:0x6C;0x09:0x80;0x09:0x81;0x09:0x97;0x09:0x98;0x09:0x99;0x0A:0x60;0x0A:0x61;0x0A:0x62;0x0A:0x63;0x0A:0x64;0x0A:0x65;0x0A:0x66;0x0A:0x67;0x0A:0x68;0x0A:0x69;0x0A:0x6A;0x0A:0x6B;0x0A:0x6C;0x0A:0x6D;0x0A:0x6E;0x0A:0x6F;0x0A:0x70;0x0A:0x71;0x0A:0x72;0x0A:0x74;0x11:0x00
1169,169,MODE1_0169_EQ_INIT_WRITE,MMIO_RESET,113,108,ABORTING->PRODUCT_RECONSTRUCTION_GAP->FATAL_RECOVERY_FAILURE,FATAL_RECOVERY_FAILURE,CALLABLE_RESET_AUTOINIT_OR_PERSISTENT_RECOVERY_CONTEXT_NOT_PROVEN
1170,171,MODE1_0171_POST_MODE_BANK_SELECT,FAILURE_BEFORE_WRITE,113,108,ABORTING->UNRESOLVED_REGISTER_GATE->FATAL_RECOVERY_FAILURE,FATAL_RECOVERY_FAILURE,UNRESOLVED_COMMITTED_REGISTERS=0x00:0x00;0x00:0x08;0x00:0x0C;0x00:0x10;0x00:0x14;0x00:0x18;0x00:0x21;0x00:0x22;0x00:0x30;0x00:0x34;0x00:0x3C;0x00:0x40;0x00:0x44;0x00:0x48;0x00:0x4C;0x00:0x50;0x00:0x58;0x00:0x5C;0x00:0x64;0x00:0x89;0x00:0x8E;0x00:0x93;0x00:0xA0;0x00:0xA4;0x01:0xED;0x02:0x02;0x02:0x28;0x02:0x29;0x02:0x2A;0x02:0x2B;0x02:0x2C;0x05:0x00;0x05:0x01;0x05:0x05;0x05:0x08;0x05:0x0E;0x05:0x11;0x05:0x1B;0x05:0x20;0x05:0x23;0x05:0x24;0x05:0x25;0x05:0x26;0x05:0x27;0x05:0x29;0x05:0x2A;0x05:0x2B;0x05:0x47;0x05:0x50;0x05:0x57;0x05:0x58;0x05:0x59;0x05:0x5B;0x05:0x5F;0x05:0x69;0x05:0x6E;0x05:0x6F;0x05:0x75;0x05:0x76;0x05:0x84;0x05:0x86;0x05:0x90;0x05:0x9B;0x05:0xB5;0x05:0xB7;0x05:0xB8;0x05:0xBB;0x05:0xC0;0x05:0xC1;0x05:0xC8;0x05:0xD1;0x05:0xD4;0x09:0x40;0x09:0x44;0x09:0x50;0x09:0x51;0x09:0x52;0x09:0x53;0x09:0x64;0x09:0x6A;0x09:0x6B;0x09:0x6C;0x09:0x80;0x09:0x81;0x09:0x97;0x09:0x98;0x09:0x99;0x0A:0x60;0x0A:0x61;0x0A:0x62;0x0A:0x63;0x0A:0x64;0x0A:0x65;0x0A:0x66;0x0A:0x67;0x0A:0x68;0x0A:0x69;0x0A:0x6A;0x0A:0x6B;0x0A:0x6C;0x0A:0x6D;0x0A:0x6E;0x0A:0x6F;0x0A:0x70;0x0A:0x71;0x0A:0x72;0x0A:0x74;0x11:0x00
1171,171,MODE1_0171_POST_MODE_BANK_SELECT,NACK_DURING_WRITE,113,108,ABORTING->UNRESOLVED_REGISTER_GATE->FATAL_RECOVERY_FAILURE,FATAL_RECOVERY_FAILURE,UNRESOLVED_COMMITTED_REGISTERS=0x00:0x00;0x00:0x08;0x00:0x0C;0x00:0x10;0x00:0x14;0x00:0x18;0x00:0x21;0x00:0x22;0x00:0x30;0x00:0x34;0x00:0x3C;0x00:0x40;0x00:0x44;0x00:0x48;0x00:0x4C;0x00:0x50;0x00:0x58;0x00:0x5C;0x00:0x64;0x00:0x89;0x00:0x8E;0x00:0x93;0x00:0xA0;0x00:0xA4;0x01:0xED;0x02:0x02;0x02:0x28;0x02:0x29;0x02:0x2A;0x02:0x2B;0x02:0x2C;0x05:0x00;0x05:0x01;0x05:0x05;0x05:0x08;0x05:0x0E;0x05:0x11;0x05:0x1B;0x05:0x20;0x05:0x23;0x05:0x24;0x05:0x25;0x05:0x26;0x05:0x27;0x05:0x29;0x05:0x2A;0x05:0x2B;0x05:0x47;0x05:0x50;0x05:0x57;0x05:0x58;0x05:0x59;0x05:0x5B;0x05:0x5F;0x05:0x69;0x05:0x6E;0x05:0x6F;0x05:0x75;0x05:0x76;0x05:0x84;0x05:0x86;0x05:0x90;0x05:0x9B;0x05:0xB5;0x05:0xB7;0x05:0xB8;0x05:0xBB;0x05:0xC0;0x05:0xC1;0x05:0xC8;0x05:0xD1;0x05:0xD4;0x09:0x40;0x09:0x44;0x09:0x50;0x09:0x51;0x09:0x52;0x09:0x53;0x09:0x64;0x09:0x6A;0x09:0x6B;0x09:0x6C;0x09:0x80;0x09:0x81;0x09:0x97;0x09:0x98;0x09:0x99;0x0A:0x60;0x0A:0x61;0x0A:0x62;0x0A:0x63;0x0A:0x64;0x0A:0x65;0x0A:0x66;0x0A:0x67;0x0A:0x68;0x0A:0x69;0x0A:0x6A;0x0A:0x6B;0x0A:0x6C;0x0A:0x6D;0x0A:0x6E;0x0A:0x6F;0x0A:0x70;0x0A:0x71;0x0A:0x72;0x0A:0x74;0x11:0x00
1172,171,MODE1_0171_POST_MODE_BANK_SELECT,TIMEOUT_DURING_WRITE,113,108,ABORTING->UNRESOLVED_REGISTER_GATE->FATAL_RECOVERY_FAILURE,FATAL_RECOVERY_FAILURE,UNRESOLVED_COMMITTED_REGISTERS=0x00:0x00;0x00:0x08;0x00:0x0C;0x00:0x10;0x00:0x14;0x00:0x18;0x00:0x21;0x00:0x22;0x00:0x30;0x00:0x34;0x00:0x3C;0x00:0x40;0x00:0x44;0x00:0x48;0x00:0x4C;0x00:0x50;0x00:0x58;0x00:0x5C;0x00:0x64;0x00:0x89;0x00:0x8E;0x00:0x93;0x00:0xA0;0x00:0xA4;0x01:0xED;0x02:0x02;0x02:0x28;0x02:0x29;0x02:0x2A;0x02:0x2B;0x02:0x2C;0x05:0x00;0x05:0x01;0x05:0x05;0x05:0x08;0x05:0x0E;0x05:0x11;0x05:0x1B;0x05:0x20;0x05:0x23;0x05:0x24;0x05:0x25;0x05:0x26;0x05:0x27;0x05:0x29;0x05:0x2A;0x05:0x2B;0x05:0x47;0x05:0x50;0x05:0x57;0x05:0x58;0x05:0x59;0x05:0x5B;0x05:0x5F;0x05:0x69;0x05:0x6E;0x05:0x6F;0x05:0x75;0x05:0x76;0x05:0x84;0x05:0x86;0x05:0x90;0x05:0x9B;0x05:0xB5;0x05:0xB7;0x05:0xB8;0x05:0xBB;0x05:0xC0;0x05:0xC1;0x05:0xC8;0x05:0xD1;0x05:0xD4;0x09:0x40;0x09:0x44;0x09:0x50;0x09:0x51;0x09:0x52;0x09:0x53;0x09:0x64;0x09:0x6A;0x09:0x6B;0x09:0x6C;0x09:0x80;0x09:0x81;0x09:0x97;0x09:0x98;0x09:0x99;0x0A:0x60;0x0A:0x61;0x0A:0x62;0x0A:0x63;0x0A:0x64;0x0A:0x65;0x0A:0x66;0x0A:0x67;0x0A:0x68;0x0A:0x69;0x0A:0x6A;0x0A:0x6B;0x0A:0x6C;0x0A:0x6D;0x0A:0x6E;0x0A:0x6F;0x0A:0x70;0x0A:0x71;0x0A:0x72;0x0A:0x74;0x11:0x00
1173,171,MODE1_0171_POST_MODE_BANK_SELECT,READBACK_MISMATCH,113,108,ABORTING->UNRESOLVED_REGISTER_GATE->FATAL_RECOVERY_FAILURE,FATAL_RECOVERY_FAILURE,UNRESOLVED_COMMITTED_REGISTERS=0x00:0x00;0x00:0x08;0x00:0x0C;0x00:0x10;0x00:0x14;0x00:0x18;0x00:0x21;0x00:0x22;0x00:0x30;0x00:0x34;0x00:0x3C;0x00:0x40;0x00:0x44;0x00:0x48;0x00:0x4C;0x00:0x50;0x00:0x58;0x00:0x5C;0x00:0x64;0x00:0x89;0x00:0x8E;0x00:0x93;0x00:0xA0;0x00:0xA4;0x01:0xED;0x02:0x02;0x02:0x28;0x02:0x29;0x02:0x2A;0x02:0x2B;0x02:0x2C;0x05:0x00;0x05:0x01;0x05:0x05;0x05:0x08;0x05:0x0E;0x05:0x11;0x05:0x1B;0x05:0x20;0x05:0x23;0x05:0x24;0x05:0x25;0x05:0x26;0x05:0x27;0x05:0x29;0x05:0x2A;0x05:0x2B;0x05:0x47;0x05:0x50;0x05:0x57;0x05:0x58;0x05:0x59;0x05:0x5B;0x05:0x5F;0x05:0x69;0x05:0x6E;0x05:0x6F;0x05:0x75;0x05:0x76;0x05:0x84;0x05:0x86;0x05:0x90;0x05:0x9B;0x05:0xB5;0x05:0xB7;0x05:0xB8;0x05:0xBB;0x05:0xC0;0x05:0xC1;0x05:0xC8;0x05:0xD1;0x05:0xD4;0x09:0x40;0x09:0x44;0x09:0x50;0x09:0x51;0x09:0x52;0x09:0x53;0x09:0x64;0x09:0x6A;0x09:0x6B;0x09:0x6C;0x09:0x80;0x09:0x81;0x09:0x97;0x09:0x98;0x09:0x99;0x0A:0x60;0x0A:0x61;0x0A:0x62;0x0A:0x63;0x0A:0x64;0x0A:0x65;0x0A:0x66;0x0A:0x67;0x0A:0x68;0x0A:0x69;0x0A:0x6A;0x0A:0x6B;0x0A:0x6C;0x0A:0x6D;0x0A:0x6E;0x0A:0x6F;0x0A:0x70;0x0A:0x71;0x0A:0x72;0x0A:0x74;0x11:0x00
1174,171,MODE1_0171_POST_MODE_BANK_SELECT,RESET_BETWEEN_OPERATIONS,113,108,ABORTING->PRODUCT_RECONSTRUCTION_GAP->FATAL_RECOVERY_FAILURE,FATAL_RECOVERY_FAILURE,CALLABLE_RESET_AUTOINIT_OR_PERSISTENT_RECOVERY_CONTEXT_NOT_PROVEN
1175,171,MODE1_0171_POST_MODE_BANK_SELECT,HOST_ABORT,113,108,ABORTING->UNRESOLVED_REGISTER_GATE->FATAL_RECOVERY_FAILURE,FATAL_RECOVERY_FAILURE,UNRESOLVED_COMMITTED_REGISTERS=0x00:0x00;0x00:0x08;0x00:0x0C;0x00:0x10;0x00:0x14;0x00:0x18;0x00:0x21;0x00:0x22;0x00:0x30;0x00:0x34;0x00:0x3C;0x00:0x40;0x00:0x44;0x00:0x48;0x00:0x4C;0x00:0x50;0x00:0x58;0x00:0x5C;0x00:0x64;0x00:0x89;0x00:0x8E;0x00:0x93;0x00:0xA0;0x00:0xA4;0x01:0xED;0x02:0x02;0x02:0x28;0x02:0x29;0x02:0x2A;0x02:0x2B;0x02:0x2C;0x05:0x00;0x05:0x01;0x05:0x05;0x05:0x08;0x05:0x0E;0x05:0x11;0x05:0x1B;0x05:0x20;0x05:0x23;0x05:0x24;0x05:0x25;0x05:0x26;0x05:0x27;0x05:0x29;0x05:0x2A;0x05:0x2B;0x05:0x47;0x05:0x50;0x05:0x57;0x05:0x58;0x05:0x59;0x05:0x5B;0x05:0x5F;0x05:0x69;0x05:0x6E;0x05:0x6F;0x05:0x75;0x05:0x76;0x05:0x84;0x05:0x86;0x05:0x90;0x05:0x9B;0x05:0xB5;0x05:0xB7;0x05:0xB8;0x05:0xBB;0x05:0xC0;0x05:0xC1;0x05:0xC8;0x05:0xD1;0x05:0xD4;0x09:0x40;0x09:0x44;0x09:0x50;0x09:0x51;0x09:0x52;0x09:0x53;0x09:0x64;0x09:0x6A;0x09:0x6B;0x09:0x6C;0x09:0x80;0x09:0x81;0x09:0x97;0x09:0x98;0x09:0x99;0x0A:0x60;0x0A:0x61;0x0A:0x62;0x0A:0x63;0x0A:0x64;0x0A:0x65;0x0A:0x66;0x0A:0x67;0x0A:0x68;0x0A:0x69;0x0A:0x6A;0x0A:0x6B;0x0A:0x6C;0x0A:0x6D;0x0A:0x6E;0x0A:0x6F;0x0A:0x70;0x0A:0x71;0x0A:0x72;0x0A:0x74;0x11:0x00
1176,171,MODE1_0171_POST_MODE_BANK_SELECT,MMIO_RESET,113,108,ABORTING->PRODUCT_RECONSTRUCTION_GAP->FATAL_RECOVERY_FAILURE,FATAL_RECOVERY_FAILURE,CALLABLE_RESET_AUTOINIT_OR_PERSISTENT_RECOVERY_CONTEXT_NOT_PROVEN
1177,172,MODE1_0172_POST_MODE_WRITE,FAILURE_BEFORE_WRITE,113,108,ABORTING->UNRESOLVED_REGISTER_GATE->FATAL_RECOVERY_FAILURE,FATAL_RECOVERY_FAILURE,UNRESOLVED_COMMITTED_REGISTERS=0x00:0x00;0x00:0x08;0x00:0x0C;0x00:0x10;0x00:0x14;0x00:0x18;0x00:0x21;0x00:0x22;0x00:0x30;0x00:0x34;0x00:0x3C;0x00:0x40;0x00:0x44;0x00:0x48;0x00:0x4C;0x00:0x50;0x00:0x58;0x00:0x5C;0x00:0x64;0x00:0x89;0x00:0x8E;0x00:0x93;0x00:0xA0;0x00:0xA4;0x01:0xED;0x02:0x02;0x02:0x28;0x02:0x29;0x02:0x2A;0x02:0x2B;0x02:0x2C;0x05:0x00;0x05:0x01;0x05:0x05;0x05:0x08;0x05:0x0E;0x05:0x11;0x05:0x1B;0x05:0x20;0x05:0x23;0x05:0x24;0x05:0x25;0x05:0x26;0x05:0x27;0x05:0x29;0x05:0x2A;0x05:0x2B;0x05:0x47;0x05:0x50;0x05:0x57;0x05:0x58;0x05:0x59;0x05:0x5B;0x05:0x5F;0x05:0x69;0x05:0x6E;0x05:0x6F;0x05:0x75;0x05:0x76;0x05:0x84;0x05:0x86;0x05:0x90;0x05:0x9B;0x05:0xB5;0x05:0xB7;0x05:0xB8;0x05:0xBB;0x05:0xC0;0x05:0xC1;0x05:0xC8;0x05:0xD1;0x05:0xD4;0x09:0x40;0x09:0x44;0x09:0x50;0x09:0x51;0x09:0x52;0x09:0x53;0x09:0x64;0x09:0x6A;0x09:0x6B;0x09:0x6C;0x09:0x80;0x09:0x81;0x09:0x97;0x09:0x98;0x09:0x99;0x0A:0x60;0x0A:0x61;0x0A:0x62;0x0A:0x63;0x0A:0x64;0x0A:0x65;0x0A:0x66;0x0A:0x67;0x0A:0x68;0x0A:0x69;0x0A:0x6A;0x0A:0x6B;0x0A:0x6C;0x0A:0x6D;0x0A:0x6E;0x0A:0x6F;0x0A:0x70;0x0A:0x71;0x0A:0x72;0x0A:0x74;0x11:0x00
1178,172,MODE1_0172_POST_MODE_WRITE,NACK_DURING_WRITE,113,108,ABORTING->UNRESOLVED_REGISTER_GATE->FATAL_RECOVERY_FAILURE,FATAL_RECOVERY_FAILURE,UNRESOLVED_COMMITTED_REGISTERS=0x00:0x00;0x00:0x08;0x00:0x0C;0x00:0x10;0x00:0x14;0x00:0x18;0x00:0x21;0x00:0x22;0x00:0x30;0x00:0x34;0x00:0x3C;0x00:0x40;0x00:0x44;0x00:0x48;0x00:0x4C;0x00:0x50;0x00:0x58;0x00:0x5C;0x00:0x64;0x00:0x89;0x00:0x8E;0x00:0x93;0x00:0xA0;0x00:0xA4;0x01:0xED;0x02:0x02;0x02:0x28;0x02:0x29;0x02:0x2A;0x02:0x2B;0x02:0x2C;0x05:0x00;0x05:0x01;0x05:0x05;0x05:0x08;0x05:0x0E;0x05:0x11;0x05:0x1B;0x05:0x20;0x05:0x23;0x05:0x24;0x05:0x25;0x05:0x26;0x05:0x27;0x05:0x29;0x05:0x2A;0x05:0x2B;0x05:0x47;0x05:0x50;0x05:0x57;0x05:0x58;0x05:0x59;0x05:0x5B;0x05:0x5F;0x05:0x69;0x05:0x6E;0x05:0x6F;0x05:0x75;0x05:0x76;0x05:0x84;0x05:0x86;0x05:0x90;0x05:0x9B;0x05:0xB5;0x05:0xB7;0x05:0xB8;0x05:0xBB;0x05:0xC0;0x05:0xC1;0x05:0xC8;0x05:0xD1;0x05:0xD4;0x09:0x40;0x09:0x44;0x09:0x50;0x09:0x51;0x09:0x52;0x09:0x53;0x09:0x64;0x09:0x6A;0x09:0x6B;0x09:0x6C;0x09:0x80;0x09:0x81;0x09:0x97;0x09:0x98;0x09:0x99;0x0A:0x60;0x0A:0x61;0x0A:0x62;0x0A:0x63;0x0A:0x64;0x0A:0x65;0x0A:0x66;0x0A:0x67;0x0A:0x68;0x0A:0x69;0x0A:0x6A;0x0A:0x6B;0x0A:0x6C;0x0A:0x6D;0x0A:0x6E;0x0A:0x6F;0x0A:0x70;0x0A:0x71;0x0A:0x72;0x0A:0x74;0x11:0x00
1179,172,MODE1_0172_POST_MODE_WRITE,TIMEOUT_DURING_WRITE,113,108,ABORTING->UNRESOLVED_REGISTER_GATE->FATAL_RECOVERY_FAILURE,FATAL_RECOVERY_FAILURE,UNRESOLVED_COMMITTED_REGISTERS=0x00:0x00;0x00:0x08;0x00:0x0C;0x00:0x10;0x00:0x14;0x00:0x18;0x00:0x21;0x00:0x22;0x00:0x30;0x00:0x34;0x00:0x3C;0x00:0x40;0x00:0x44;0x00:0x48;0x00:0x4C;0x00:0x50;0x00:0x58;0x00:0x5C;0x00:0x64;0x00:0x89;0x00:0x8E;0x00:0x93;0x00:0xA0;0x00:0xA4;0x01:0xED;0x02:0x02;0x02:0x28;0x02:0x29;0x02:0x2A;0x02:0x2B;0x02:0x2C;0x05:0x00;0x05:0x01;0x05:0x05;0x05:0x08;0x05:0x0E;0x05:0x11;0x05:0x1B;0x05:0x20;0x05:0x23;0x05:0x24;0x05:0x25;0x05:0x26;0x05:0x27;0x05:0x29;0x05:0x2A;0x05:0x2B;0x05:0x47;0x05:0x50;0x05:0x57;0x05:0x58;0x05:0x59;0x05:0x5B;0x05:0x5F;0x05:0x69;0x05:0x6E;0x05:0x6F;0x05:0x75;0x05:0x76;0x05:0x84;0x05:0x86;0x05:0x90;0x05:0x9B;0x05:0xB5;0x05:0xB7;0x05:0xB8;0x05:0xBB;0x05:0xC0;0x05:0xC1;0x05:0xC8;0x05:0xD1;0x05:0xD4;0x09:0x40;0x09:0x44;0x09:0x50;0x09:0x51;0x09:0x52;0x09:0x53;0x09:0x64;0x09:0x6A;0x09:0x6B;0x09:0x6C;0x09:0x80;0x09:0x81;0x09:0x97;0x09:0x98;0x09:0x99;0x0A:0x60;0x0A:0x61;0x0A:0x62;0x0A:0x63;0x0A:0x64;0x0A:0x65;0x0A:0x66;0x0A:0x67;0x0A:0x68;0x0A:0x69;0x0A:0x6A;0x0A:0x6B;0x0A:0x6C;0x0A:0x6D;0x0A:0x6E;0x0A:0x6F;0x0A:0x70;0x0A:0x71;0x0A:0x72;0x0A:0x74;0x11:0x00
1180,172,MODE1_0172_POST_MODE_WRITE,READBACK_MISMATCH,113,108,ABORTING->UNRESOLVED_REGISTER_GATE->FATAL_RECOVERY_FAILURE,FATAL_RECOVERY_FAILURE,UNRESOLVED_COMMITTED_REGISTERS=0x00:0x00;0x00:0x08;0x00:0x0C;0x00:0x10;0x00:0x14;0x00:0x18;0x00:0x21;0x00:0x22;0x00:0x30;0x00:0x34;0x00:0x3C;0x00:0x40;0x00:0x44;0x00:0x48;0x00:0x4C;0x00:0x50;0x00:0x58;0x00:0x5C;0x00:0x64;0x00:0x89;0x00:0x8E;0x00:0x93;0x00:0xA0;0x00:0xA4;0x01:0xED;0x02:0x02;0x02:0x28;0x02:0x29;0x02:0x2A;0x02:0x2B;0x02:0x2C;0x05:0x00;0x05:0x01;0x05:0x05;0x05:0x08;0x05:0x0E;0x05:0x11;0x05:0x1B;0x05:0x20;0x05:0x23;0x05:0x24;0x05:0x25;0x05:0x26;0x05:0x27;0x05:0x29;0x05:0x2A;0x05:0x2B;0x05:0x47;0x05:0x50;0x05:0x57;0x05:0x58;0x05:0x59;0x05:0x5B;0x05:0x5F;0x05:0x69;0x05:0x6E;0x05:0x6F;0x05:0x75;0x05:0x76;0x05:0x84;0x05:0x86;0x05:0x90;0x05:0x9B;0x05:0xB5;0x05:0xB7;0x05:0xB8;0x05:0xBB;0x05:0xC0;0x05:0xC1;0x05:0xC8;0x05:0xD1;0x05:0xD4;0x09:0x40;0x09:0x44;0x09:0x50;0x09:0x51;0x09:0x52;0x09:0x53;0x09:0x64;0x09:0x6A;0x09:0x6B;0x09:0x6C;0x09:0x80;0x09:0x81;0x09:0x97;0x09:0x98;0x09:0x99;0x0A:0x60;0x0A:0x61;0x0A:0x62;0x0A:0x63;0x0A:0x64;0x0A:0x65;0x0A:0x66;0x0A:0x67;0x0A:0x68;0x0A:0x69;0x0A:0x6A;0x0A:0x6B;0x0A:0x6C;0x0A:0x6D;0x0A:0x6E;0x0A:0x6F;0x0A:0x70;0x0A:0x71;0x0A:0x72;0x0A:0x74;0x11:0x00
1181,172,MODE1_0172_POST_MODE_WRITE,RESET_BETWEEN_OPERATIONS,113,108,ABORTING->PRODUCT_RECONSTRUCTION_GAP->FATAL_RECOVERY_FAILURE,FATAL_RECOVERY_FAILURE,CALLABLE_RESET_AUTOINIT_OR_PERSISTENT_RECOVERY_CONTEXT_NOT_PROVEN
1182,172,MODE1_0172_POST_MODE_WRITE,HOST_ABORT,113,108,ABORTING->UNRESOLVED_REGISTER_GATE->FATAL_RECOVERY_FAILURE,FATAL_RECOVERY_FAILURE,UNRESOLVED_COMMITTED_REGISTERS=0x00:0x00;0x00:0x08;0x00:0x0C;0x00:0x10;0x00:0x14;0x00:0x18;0x00:0x21;0x00:0x22;0x00:0x30;0x00:0x34;0x00:0x3C;0x00:0x40;0x00:0x44;0x00:0x48;0x00:0x4C;0x00:0x50;0x00:0x58;0x00:0x5C;0x00:0x64;0x00:0x89;0x00:0x8E;0x00:0x93;0x00:0xA0;0x00:0xA4;0x01:0xED;0x02:0x02;0x02:0x28;0x02:0x29;0x02:0x2A;0x02:0x2B;0x02:0x2C;0x05:0x00;0x05:0x01;0x05:0x05;0x05:0x08;0x05:0x0E;0x05:0x11;0x05:0x1B;0x05:0x20;0x05:0x23;0x05:0x24;0x05:0x25;0x05:0x26;0x05:0x27;0x05:0x29;0x05:0x2A;0x05:0x2B;0x05:0x47;0x05:0x50;0x05:0x57;0x05:0x58;0x05:0x59;0x05:0x5B;0x05:0x5F;0x05:0x69;0x05:0x6E;0x05:0x6F;0x05:0x75;0x05:0x76;0x05:0x84;0x05:0x86;0x05:0x90;0x05:0x9B;0x05:0xB5;0x05:0xB7;0x05:0xB8;0x05:0xBB;0x05:0xC0;0x05:0xC1;0x05:0xC8;0x05:0xD1;0x05:0xD4;0x09:0x40;0x09:0x44;0x09:0x50;0x09:0x51;0x09:0x52;0x09:0x53;0x09:0x64;0x09:0x6A;0x09:0x6B;0x09:0x6C;0x09:0x80;0x09:0x81;0x09:0x97;0x09:0x98;0x09:0x99;0x0A:0x60;0x0A:0x61;0x0A:0x62;0x0A:0x63;0x0A:0x64;0x0A:0x65;0x0A:0x66;0x0A:0x67;0x0A:0x68;0x0A:0x69;0x0A:0x6A;0x0A:0x6B;0x0A:0x6C;0x0A:0x6D;0x0A:0x6E;0x0A:0x6F;0x0A:0x70;0x0A:0x71;0x0A:0x72;0x0A:0x74;0x11:0x00
1183,172,MODE1_0172_POST_MODE_WRITE,MMIO_RESET,113,108,ABORTING->PRODUCT_RECONSTRUCTION_GAP->FATAL_RECOVERY_FAILURE,FATAL_RECOVERY_FAILURE,CALLABLE_RESET_AUTOINIT_OR_PERSISTENT_RECOVERY_CONTEXT_NOT_PROVEN
1184,173,MODE1_0173_POST_MODE_DELAY,FAILURE_BEFORE_WRITE,113,108,ABORTING->UNRESOLVED_REGISTER_GATE->FATAL_RECOVERY_FAILURE,FATAL_RECOVERY_FAILURE,UNRESOLVED_COMMITTED_REGISTERS=0x00:0x00;0x00:0x08;0x00:0x0C;0x00:0x10;0x00:0x14;0x00:0x18;0x00:0x21;0x00:0x22;0x00:0x30;0x00:0x34;0x00:0x3C;0x00:0x40;0x00:0x44;0x00:0x48;0x00:0x4C;0x00:0x50;0x00:0x58;0x00:0x5C;0x00:0x64;0x00:0x89;0x00:0x8E;0x00:0x93;0x00:0xA0;0x00:0xA4;0x01:0xED;0x02:0x02;0x02:0x28;0x02:0x29;0x02:0x2A;0x02:0x2B;0x02:0x2C;0x05:0x00;0x05:0x01;0x05:0x05;0x05:0x08;0x05:0x0E;0x05:0x11;0x05:0x1B;0x05:0x20;0x05:0x23;0x05:0x24;0x05:0x25;0x05:0x26;0x05:0x27;0x05:0x29;0x05:0x2A;0x05:0x2B;0x05:0x47;0x05:0x50;0x05:0x57;0x05:0x58;0x05:0x59;0x05:0x5B;0x05:0x5F;0x05:0x69;0x05:0x6E;0x05:0x6F;0x05:0x75;0x05:0x76;0x05:0x84;0x05:0x86;0x05:0x90;0x05:0x9B;0x05:0xB5;0x05:0xB7;0x05:0xB8;0x05:0xBB;0x05:0xC0;0x05:0xC1;0x05:0xC8;0x05:0xD1;0x05:0xD4;0x09:0x40;0x09:0x44;0x09:0x50;0x09:0x51;0x09:0x52;0x09:0x53;0x09:0x64;0x09:0x6A;0x09:0x6B;0x09:0x6C;0x09:0x80;0x09:0x81;0x09:0x97;0x09:0x98;0x09:0x99;0x0A:0x60;0x0A:0x61;0x0A:0x62;0x0A:0x63;0x0A:0x64;0x0A:0x65;0x0A:0x66;0x0A:0x67;0x0A:0x68;0x0A:0x69;0x0A:0x6A;0x0A:0x6B;0x0A:0x6C;0x0A:0x6D;0x0A:0x6E;0x0A:0x6F;0x0A:0x70;0x0A:0x71;0x0A:0x72;0x0A:0x74;0x11:0x00
1185,173,MODE1_0173_POST_MODE_DELAY,NACK_DURING_WRITE,113,108,ABORTING->UNRESOLVED_REGISTER_GATE->FATAL_RECOVERY_FAILURE,FATAL_RECOVERY_FAILURE,UNRESOLVED_COMMITTED_REGISTERS=0x00:0x00;0x00:0x08;0x00:0x0C;0x00:0x10;0x00:0x14;0x00:0x18;0x00:0x21;0x00:0x22;0x00:0x30;0x00:0x34;0x00:0x3C;0x00:0x40;0x00:0x44;0x00:0x48;0x00:0x4C;0x00:0x50;0x00:0x58;0x00:0x5C;0x00:0x64;0x00:0x89;0x00:0x8E;0x00:0x93;0x00:0xA0;0x00:0xA4;0x01:0xED;0x02:0x02;0x02:0x28;0x02:0x29;0x02:0x2A;0x02:0x2B;0x02:0x2C;0x05:0x00;0x05:0x01;0x05:0x05;0x05:0x08;0x05:0x0E;0x05:0x11;0x05:0x1B;0x05:0x20;0x05:0x23;0x05:0x24;0x05:0x25;0x05:0x26;0x05:0x27;0x05:0x29;0x05:0x2A;0x05:0x2B;0x05:0x47;0x05:0x50;0x05:0x57;0x05:0x58;0x05:0x59;0x05:0x5B;0x05:0x5F;0x05:0x69;0x05:0x6E;0x05:0x6F;0x05:0x75;0x05:0x76;0x05:0x84;0x05:0x86;0x05:0x90;0x05:0x9B;0x05:0xB5;0x05:0xB7;0x05:0xB8;0x05:0xBB;0x05:0xC0;0x05:0xC1;0x05:0xC8;0x05:0xD1;0x05:0xD4;0x09:0x40;0x09:0x44;0x09:0x50;0x09:0x51;0x09:0x52;0x09:0x53;0x09:0x64;0x09:0x6A;0x09:0x6B;0x09:0x6C;0x09:0x80;0x09:0x81;0x09:0x97;0x09:0x98;0x09:0x99;0x0A:0x60;0x0A:0x61;0x0A:0x62;0x0A:0x63;0x0A:0x64;0x0A:0x65;0x0A:0x66;0x0A:0x67;0x0A:0x68;0x0A:0x69;0x0A:0x6A;0x0A:0x6B;0x0A:0x6C;0x0A:0x6D;0x0A:0x6E;0x0A:0x6F;0x0A:0x70;0x0A:0x71;0x0A:0x72;0x0A:0x74;0x11:0x00
1186,173,MODE1_0173_POST_MODE_DELAY,TIMEOUT_DURING_WRITE,113,108,ABORTING->UNRESOLVED_REGISTER_GATE->FATAL_RECOVERY_FAILURE,FATAL_RECOVERY_FAILURE,UNRESOLVED_COMMITTED_REGISTERS=0x00:0x00;0x00:0x08;0x00:0x0C;0x00:0x10;0x00:0x14;0x00:0x18;0x00:0x21;0x00:0x22;0x00:0x30;0x00:0x34;0x00:0x3C;0x00:0x40;0x00:0x44;0x00:0x48;0x00:0x4C;0x00:0x50;0x00:0x58;0x00:0x5C;0x00:0x64;0x00:0x89;0x00:0x8E;0x00:0x93;0x00:0xA0;0x00:0xA4;0x01:0xED;0x02:0x02;0x02:0x28;0x02:0x29;0x02:0x2A;0x02:0x2B;0x02:0x2C;0x05:0x00;0x05:0x01;0x05:0x05;0x05:0x08;0x05:0x0E;0x05:0x11;0x05:0x1B;0x05:0x20;0x05:0x23;0x05:0x24;0x05:0x25;0x05:0x26;0x05:0x27;0x05:0x29;0x05:0x2A;0x05:0x2B;0x05:0x47;0x05:0x50;0x05:0x57;0x05:0x58;0x05:0x59;0x05:0x5B;0x05:0x5F;0x05:0x69;0x05:0x6E;0x05:0x6F;0x05:0x75;0x05:0x76;0x05:0x84;0x05:0x86;0x05:0x90;0x05:0x9B;0x05:0xB5;0x05:0xB7;0x05:0xB8;0x05:0xBB;0x05:0xC0;0x05:0xC1;0x05:0xC8;0x05:0xD1;0x05:0xD4;0x09:0x40;0x09:0x44;0x09:0x50;0x09:0x51;0x09:0x52;0x09:0x53;0x09:0x64;0x09:0x6A;0x09:0x6B;0x09:0x6C;0x09:0x80;0x09:0x81;0x09:0x97;0x09:0x98;0x09:0x99;0x0A:0x60;0x0A:0x61;0x0A:0x62;0x0A:0x63;0x0A:0x64;0x0A:0x65;0x0A:0x66;0x0A:0x67;0x0A:0x68;0x0A:0x69;0x0A:0x6A;0x0A:0x6B;0x0A:0x6C;0x0A:0x6D;0x0A:0x6E;0x0A:0x6F;0x0A:0x70;0x0A:0x71;0x0A:0x72;0x0A:0x74;0x11:0x00
1187,173,MODE1_0173_POST_MODE_DELAY,READBACK_MISMATCH,113,108,ABORTING->UNRESOLVED_REGISTER_GATE->FATAL_RECOVERY_FAILURE,FATAL_RECOVERY_FAILURE,UNRESOLVED_COMMITTED_REGISTERS=0x00:0x00;0x00:0x08;0x00:0x0C;0x00:0x10;0x00:0x14;0x00:0x18;0x00:0x21;0x00:0x22;0x00:0x30;0x00:0x34;0x00:0x3C;0x00:0x40;0x00:0x44;0x00:0x48;0x00:0x4C;0x00:0x50;0x00:0x58;0x00:0x5C;0x00:0x64;0x00:0x89;0x00:0x8E;0x00:0x93;0x00:0xA0;0x00:0xA4;0x01:0xED;0x02:0x02;0x02:0x28;0x02:0x29;0x02:0x2A;0x02:0x2B;0x02:0x2C;0x05:0x00;0x05:0x01;0x05:0x05;0x05:0x08;0x05:0x0E;0x05:0x11;0x05:0x1B;0x05:0x20;0x05:0x23;0x05:0x24;0x05:0x25;0x05:0x26;0x05:0x27;0x05:0x29;0x05:0x2A;0x05:0x2B;0x05:0x47;0x05:0x50;0x05:0x57;0x05:0x58;0x05:0x59;0x05:0x5B;0x05:0x5F;0x05:0x69;0x05:0x6E;0x05:0x6F;0x05:0x75;0x05:0x76;0x05:0x84;0x05:0x86;0x05:0x90;0x05:0x9B;0x05:0xB5;0x05:0xB7;0x05:0xB8;0x05:0xBB;0x05:0xC0;0x05:0xC1;0x05:0xC8;0x05:0xD1;0x05:0xD4;0x09:0x40;0x09:0x44;0x09:0x50;0x09:0x51;0x09:0x52;0x09:0x53;0x09:0x64;0x09:0x6A;0x09:0x6B;0x09:0x6C;0x09:0x80;0x09:0x81;0x09:0x97;0x09:0x98;0x09:0x99;0x0A:0x60;0x0A:0x61;0x0A:0x62;0x0A:0x63;0x0A:0x64;0x0A:0x65;0x0A:0x66;0x0A:0x67;0x0A:0x68;0x0A:0x69;0x0A:0x6A;0x0A:0x6B;0x0A:0x6C;0x0A:0x6D;0x0A:0x6E;0x0A:0x6F;0x0A:0x70;0x0A:0x71;0x0A:0x72;0x0A:0x74;0x11:0x00
1188,173,MODE1_0173_POST_MODE_DELAY,RESET_BETWEEN_OPERATIONS,113,108,ABORTING->PRODUCT_RECONSTRUCTION_GAP->FATAL_RECOVERY_FAILURE,FATAL_RECOVERY_FAILURE,CALLABLE_RESET_AUTOINIT_OR_PERSISTENT_RECOVERY_CONTEXT_NOT_PROVEN
1189,173,MODE1_0173_POST_MODE_DELAY,HOST_ABORT,113,108,ABORTING->UNRESOLVED_REGISTER_GATE->FATAL_RECOVERY_FAILURE,FATAL_RECOVERY_FAILURE,UNRESOLVED_COMMITTED_REGISTERS=0x00:0x00;0x00:0x08;0x00:0x0C;0x00:0x10;0x00:0x14;0x00:0x18;0x00:0x21;0x00:0x22;0x00:0x30;0x00:0x34;0x00:0x3C;0x00:0x40;0x00:0x44;0x00:0x48;0x00:0x4C;0x00:0x50;0x00:0x58;0x00:0x5C;0x00:0x64;0x00:0x89;0x00:0x8E;0x00:0x93;0x00:0xA0;0x00:0xA4;0x01:0xED;0x02:0x02;0x02:0x28;0x02:0x29;0x02:0x2A;0x02:0x2B;0x02:0x2C;0x05:0x00;0x05:0x01;0x05:0x05;0x05:0x08;0x05:0x0E;0x05:0x11;0x05:0x1B;0x05:0x20;0x05:0x23;0x05:0x24;0x05:0x25;0x05:0x26;0x05:0x27;0x05:0x29;0x05:0x2A;0x05:0x2B;0x05:0x47;0x05:0x50;0x05:0x57;0x05:0x58;0x05:0x59;0x05:0x5B;0x05:0x5F;0x05:0x69;0x05:0x6E;0x05:0x6F;0x05:0x75;0x05:0x76;0x05:0x84;0x05:0x86;0x05:0x90;0x05:0x9B;0x05:0xB5;0x05:0xB7;0x05:0xB8;0x05:0xBB;0x05:0xC0;0x05:0xC1;0x05:0xC8;0x05:0xD1;0x05:0xD4;0x09:0x40;0x09:0x44;0x09:0x50;0x09:0x51;0x09:0x52;0x09:0x53;0x09:0x64;0x09:0x6A;0x09:0x6B;0x09:0x6C;0x09:0x80;0x09:0x81;0x09:0x97;0x09:0x98;0x09:0x99;0x0A:0x60;0x0A:0x61;0x0A:0x62;0x0A:0x63;0x0A:0x64;0x0A:0x65;0x0A:0x66;0x0A:0x67;0x0A:0x68;0x0A:0x69;0x0A:0x6A;0x0A:0x6B;0x0A:0x6C;0x0A:0x6D;0x0A:0x6E;0x0A:0x6F;0x0A:0x70;0x0A:0x71;0x0A:0x72;0x0A:0x74;0x11:0x00
1190,173,MODE1_0173_POST_MODE_DELAY,MMIO_RESET,113,108,ABORTING->PRODUCT_RECONSTRUCTION_GAP->FATAL_RECOVERY_FAILURE,FATAL_RECOVERY_FAILURE,CALLABLE_RESET_AUTOINIT_OR_PERSISTENT_RECOVERY_CONTEXT_NOT_PROVEN
1191,174,MODE1_0174_POST_MODE_WRITE,FAILURE_BEFORE_WRITE,113,108,ABORTING->UNRESOLVED_REGISTER_GATE->FATAL_RECOVERY_FAILURE,FATAL_RECOVERY_FAILURE,UNRESOLVED_COMMITTED_REGISTERS=0x00:0x00;0x00:0x08;0x00:0x0C;0x00:0x10;0x00:0x14;0x00:0x18;0x00:0x21;0x00:0x22;0x00:0x30;0x00:0x34;0x00:0x3C;0x00:0x40;0x00:0x44;0x00:0x48;0x00:0x4C;0x00:0x50;0x00:0x58;0x00:0x5C;0x00:0x64;0x00:0x89;0x00:0x8E;0x00:0x93;0x00:0xA0;0x00:0xA4;0x01:0xED;0x02:0x02;0x02:0x28;0x02:0x29;0x02:0x2A;0x02:0x2B;0x02:0x2C;0x05:0x00;0x05:0x01;0x05:0x05;0x05:0x08;0x05:0x0E;0x05:0x11;0x05:0x1B;0x05:0x20;0x05:0x23;0x05:0x24;0x05:0x25;0x05:0x26;0x05:0x27;0x05:0x29;0x05:0x2A;0x05:0x2B;0x05:0x47;0x05:0x50;0x05:0x57;0x05:0x58;0x05:0x59;0x05:0x5B;0x05:0x5F;0x05:0x69;0x05:0x6E;0x05:0x6F;0x05:0x75;0x05:0x76;0x05:0x84;0x05:0x86;0x05:0x90;0x05:0x9B;0x05:0xB5;0x05:0xB7;0x05:0xB8;0x05:0xBB;0x05:0xC0;0x05:0xC1;0x05:0xC8;0x05:0xD1;0x05:0xD4;0x09:0x40;0x09:0x44;0x09:0x50;0x09:0x51;0x09:0x52;0x09:0x53;0x09:0x64;0x09:0x6A;0x09:0x6B;0x09:0x6C;0x09:0x80;0x09:0x81;0x09:0x97;0x09:0x98;0x09:0x99;0x0A:0x60;0x0A:0x61;0x0A:0x62;0x0A:0x63;0x0A:0x64;0x0A:0x65;0x0A:0x66;0x0A:0x67;0x0A:0x68;0x0A:0x69;0x0A:0x6A;0x0A:0x6B;0x0A:0x6C;0x0A:0x6D;0x0A:0x6E;0x0A:0x6F;0x0A:0x70;0x0A:0x71;0x0A:0x72;0x0A:0x74;0x11:0x00
1192,174,MODE1_0174_POST_MODE_WRITE,NACK_DURING_WRITE,113,108,ABORTING->UNRESOLVED_REGISTER_GATE->FATAL_RECOVERY_FAILURE,FATAL_RECOVERY_FAILURE,UNRESOLVED_COMMITTED_REGISTERS=0x00:0x00;0x00:0x08;0x00:0x0C;0x00:0x10;0x00:0x14;0x00:0x18;0x00:0x21;0x00:0x22;0x00:0x30;0x00:0x34;0x00:0x3C;0x00:0x40;0x00:0x44;0x00:0x48;0x00:0x4C;0x00:0x50;0x00:0x58;0x00:0x5C;0x00:0x64;0x00:0x89;0x00:0x8E;0x00:0x93;0x00:0xA0;0x00:0xA4;0x01:0xED;0x02:0x02;0x02:0x28;0x02:0x29;0x02:0x2A;0x02:0x2B;0x02:0x2C;0x05:0x00;0x05:0x01;0x05:0x05;0x05:0x08;0x05:0x0E;0x05:0x11;0x05:0x1B;0x05:0x20;0x05:0x23;0x05:0x24;0x05:0x25;0x05:0x26;0x05:0x27;0x05:0x29;0x05:0x2A;0x05:0x2B;0x05:0x47;0x05:0x50;0x05:0x57;0x05:0x58;0x05:0x59;0x05:0x5B;0x05:0x5F;0x05:0x69;0x05:0x6E;0x05:0x6F;0x05:0x75;0x05:0x76;0x05:0x84;0x05:0x86;0x05:0x90;0x05:0x9B;0x05:0xB5;0x05:0xB7;0x05:0xB8;0x05:0xBB;0x05:0xC0;0x05:0xC1;0x05:0xC8;0x05:0xD1;0x05:0xD4;0x09:0x40;0x09:0x44;0x09:0x50;0x09:0x51;0x09:0x52;0x09:0x53;0x09:0x64;0x09:0x6A;0x09:0x6B;0x09:0x6C;0x09:0x80;0x09:0x81;0x09:0x97;0x09:0x98;0x09:0x99;0x0A:0x60;0x0A:0x61;0x0A:0x62;0x0A:0x63;0x0A:0x64;0x0A:0x65;0x0A:0x66;0x0A:0x67;0x0A:0x68;0x0A:0x69;0x0A:0x6A;0x0A:0x6B;0x0A:0x6C;0x0A:0x6D;0x0A:0x6E;0x0A:0x6F;0x0A:0x70;0x0A:0x71;0x0A:0x72;0x0A:0x74;0x11:0x00
1193,174,MODE1_0174_POST_MODE_WRITE,TIMEOUT_DURING_WRITE,113,108,ABORTING->UNRESOLVED_REGISTER_GATE->FATAL_RECOVERY_FAILURE,FATAL_RECOVERY_FAILURE,UNRESOLVED_COMMITTED_REGISTERS=0x00:0x00;0x00:0x08;0x00:0x0C;0x00:0x10;0x00:0x14;0x00:0x18;0x00:0x21;0x00:0x22;0x00:0x30;0x00:0x34;0x00:0x3C;0x00:0x40;0x00:0x44;0x00:0x48;0x00:0x4C;0x00:0x50;0x00:0x58;0x00:0x5C;0x00:0x64;0x00:0x89;0x00:0x8E;0x00:0x93;0x00:0xA0;0x00:0xA4;0x01:0xED;0x02:0x02;0x02:0x28;0x02:0x29;0x02:0x2A;0x02:0x2B;0x02:0x2C;0x05:0x00;0x05:0x01;0x05:0x05;0x05:0x08;0x05:0x0E;0x05:0x11;0x05:0x1B;0x05:0x20;0x05:0x23;0x05:0x24;0x05:0x25;0x05:0x26;0x05:0x27;0x05:0x29;0x05:0x2A;0x05:0x2B;0x05:0x47;0x05:0x50;0x05:0x57;0x05:0x58;0x05:0x59;0x05:0x5B;0x05:0x5F;0x05:0x69;0x05:0x6E;0x05:0x6F;0x05:0x75;0x05:0x76;0x05:0x84;0x05:0x86;0x05:0x90;0x05:0x9B;0x05:0xB5;0x05:0xB7;0x05:0xB8;0x05:0xBB;0x05:0xC0;0x05:0xC1;0x05:0xC8;0x05:0xD1;0x05:0xD4;0x09:0x40;0x09:0x44;0x09:0x50;0x09:0x51;0x09:0x52;0x09:0x53;0x09:0x64;0x09:0x6A;0x09:0x6B;0x09:0x6C;0x09:0x80;0x09:0x81;0x09:0x97;0x09:0x98;0x09:0x99;0x0A:0x60;0x0A:0x61;0x0A:0x62;0x0A:0x63;0x0A:0x64;0x0A:0x65;0x0A:0x66;0x0A:0x67;0x0A:0x68;0x0A:0x69;0x0A:0x6A;0x0A:0x6B;0x0A:0x6C;0x0A:0x6D;0x0A:0x6E;0x0A:0x6F;0x0A:0x70;0x0A:0x71;0x0A:0x72;0x0A:0x74;0x11:0x00
1194,174,MODE1_0174_POST_MODE_WRITE,READBACK_MISMATCH,113,108,ABORTING->UNRESOLVED_REGISTER_GATE->FATAL_RECOVERY_FAILURE,FATAL_RECOVERY_FAILURE,UNRESOLVED_COMMITTED_REGISTERS=0x00:0x00;0x00:0x08;0x00:0x0C;0x00:0x10;0x00:0x14;0x00:0x18;0x00:0x21;0x00:0x22;0x00:0x30;0x00:0x34;0x00:0x3C;0x00:0x40;0x00:0x44;0x00:0x48;0x00:0x4C;0x00:0x50;0x00:0x58;0x00:0x5C;0x00:0x64;0x00:0x89;0x00:0x8E;0x00:0x93;0x00:0xA0;0x00:0xA4;0x01:0xED;0x02:0x02;0x02:0x28;0x02:0x29;0x02:0x2A;0x02:0x2B;0x02:0x2C;0x05:0x00;0x05:0x01;0x05:0x05;0x05:0x08;0x05:0x0E;0x05:0x11;0x05:0x1B;0x05:0x20;0x05:0x23;0x05:0x24;0x05:0x25;0x05:0x26;0x05:0x27;0x05:0x29;0x05:0x2A;0x05:0x2B;0x05:0x47;0x05:0x50;0x05:0x57;0x05:0x58;0x05:0x59;0x05:0x5B;0x05:0x5F;0x05:0x69;0x05:0x6E;0x05:0x6F;0x05:0x75;0x05:0x76;0x05:0x84;0x05:0x86;0x05:0x90;0x05:0x9B;0x05:0xB5;0x05:0xB7;0x05:0xB8;0x05:0xBB;0x05:0xC0;0x05:0xC1;0x05:0xC8;0x05:0xD1;0x05:0xD4;0x09:0x40;0x09:0x44;0x09:0x50;0x09:0x51;0x09:0x52;0x09:0x53;0x09:0x64;0x09:0x6A;0x09:0x6B;0x09:0x6C;0x09:0x80;0x09:0x81;0x09:0x97;0x09:0x98;0x09:0x99;0x0A:0x60;0x0A:0x61;0x0A:0x62;0x0A:0x63;0x0A:0x64;0x0A:0x65;0x0A:0x66;0x0A:0x67;0x0A:0x68;0x0A:0x69;0x0A:0x6A;0x0A:0x6B;0x0A:0x6C;0x0A:0x6D;0x0A:0x6E;0x0A:0x6F;0x0A:0x70;0x0A:0x71;0x0A:0x72;0x0A:0x74;0x11:0x00
1195,174,MODE1_0174_POST_MODE_WRITE,RESET_BETWEEN_OPERATIONS,113,108,ABORTING->PRODUCT_RECONSTRUCTION_GAP->FATAL_RECOVERY_FAILURE,FATAL_RECOVERY_FAILURE,CALLABLE_RESET_AUTOINIT_OR_PERSISTENT_RECOVERY_CONTEXT_NOT_PROVEN
1196,174,MODE1_0174_POST_MODE_WRITE,HOST_ABORT,113,108,ABORTING->UNRESOLVED_REGISTER_GATE->FATAL_RECOVERY_FAILURE,FATAL_RECOVERY_FAILURE,UNRESOLVED_COMMITTED_REGISTERS=0x00:0x00;0x00:0x08;0x00:0x0C;0x00:0x10;0x00:0x14;0x00:0x18;0x00:0x21;0x00:0x22;0x00:0x30;0x00:0x34;0x00:0x3C;0x00:0x40;0x00:0x44;0x00:0x48;0x00:0x4C;0x00:0x50;0x00:0x58;0x00:0x5C;0x00:0x64;0x00:0x89;0x00:0x8E;0x00:0x93;0x00:0xA0;0x00:0xA4;0x01:0xED;0x02:0x02;0x02:0x28;0x02:0x29;0x02:0x2A;0x02:0x2B;0x02:0x2C;0x05:0x00;0x05:0x01;0x05:0x05;0x05:0x08;0x05:0x0E;0x05:0x11;0x05:0x1B;0x05:0x20;0x05:0x23;0x05:0x24;0x05:0x25;0x05:0x26;0x05:0x27;0x05:0x29;0x05:0x2A;0x05:0x2B;0x05:0x47;0x05:0x50;0x05:0x57;0x05:0x58;0x05:0x59;0x05:0x5B;0x05:0x5F;0x05:0x69;0x05:0x6E;0x05:0x6F;0x05:0x75;0x05:0x76;0x05:0x84;0x05:0x86;0x05:0x90;0x05:0x9B;0x05:0xB5;0x05:0xB7;0x05:0xB8;0x05:0xBB;0x05:0xC0;0x05:0xC1;0x05:0xC8;0x05:0xD1;0x05:0xD4;0x09:0x40;0x09:0x44;0x09:0x50;0x09:0x51;0x09:0x52;0x09:0x53;0x09:0x64;0x09:0x6A;0x09:0x6B;0x09:0x6C;0x09:0x80;0x09:0x81;0x09:0x97;0x09:0x98;0x09:0x99;0x0A:0x60;0x0A:0x61;0x0A:0x62;0x0A:0x63;0x0A:0x64;0x0A:0x65;0x0A:0x66;0x0A:0x67;0x0A:0x68;0x0A:0x69;0x0A:0x6A;0x0A:0x6B;0x0A:0x6C;0x0A:0x6D;0x0A:0x6E;0x0A:0x6F;0x0A:0x70;0x0A:0x71;0x0A:0x72;0x0A:0x74;0x11:0x00
1197,174,MODE1_0174_POST_MODE_WRITE,MMIO_RESET,113,108,ABORTING->PRODUCT_RECONSTRUCTION_GAP->FATAL_RECOVERY_FAILURE,FATAL_RECOVERY_FAILURE,CALLABLE_RESET_AUTOINIT_OR_PERSISTENT_RECOVERY_CONTEXT_NOT_PROVEN
1198,175,MODE1_0175_POST_MODE_BANK_SELECT,FAILURE_BEFORE_WRITE,113,108,ABORTING->UNRESOLVED_REGISTER_GATE->FATAL_RECOVERY_FAILURE,FATAL_RECOVERY_FAILURE,UNRESOLVED_COMMITTED_REGISTERS=0x00:0x00;0x00:0x08;0x00:0x0C;0x00:0x10;0x00:0x14;0x00:0x18;0x00:0x21;0x00:0x22;0x00:0x30;0x00:0x34;0x00:0x3C;0x00:0x40;0x00:0x44;0x00:0x48;0x00:0x4C;0x00:0x50;0x00:0x58;0x00:0x5C;0x00:0x64;0x00:0x89;0x00:0x8E;0x00:0x93;0x00:0xA0;0x00:0xA4;0x01:0xED;0x02:0x02;0x02:0x28;0x02:0x29;0x02:0x2A;0x02:0x2B;0x02:0x2C;0x05:0x00;0x05:0x01;0x05:0x05;0x05:0x08;0x05:0x0E;0x05:0x11;0x05:0x1B;0x05:0x20;0x05:0x23;0x05:0x24;0x05:0x25;0x05:0x26;0x05:0x27;0x05:0x29;0x05:0x2A;0x05:0x2B;0x05:0x47;0x05:0x50;0x05:0x57;0x05:0x58;0x05:0x59;0x05:0x5B;0x05:0x5F;0x05:0x69;0x05:0x6E;0x05:0x6F;0x05:0x75;0x05:0x76;0x05:0x84;0x05:0x86;0x05:0x90;0x05:0x9B;0x05:0xB5;0x05:0xB7;0x05:0xB8;0x05:0xBB;0x05:0xC0;0x05:0xC1;0x05:0xC8;0x05:0xD1;0x05:0xD4;0x09:0x40;0x09:0x44;0x09:0x50;0x09:0x51;0x09:0x52;0x09:0x53;0x09:0x64;0x09:0x6A;0x09:0x6B;0x09:0x6C;0x09:0x80;0x09:0x81;0x09:0x97;0x09:0x98;0x09:0x99;0x0A:0x60;0x0A:0x61;0x0A:0x62;0x0A:0x63;0x0A:0x64;0x0A:0x65;0x0A:0x66;0x0A:0x67;0x0A:0x68;0x0A:0x69;0x0A:0x6A;0x0A:0x6B;0x0A:0x6C;0x0A:0x6D;0x0A:0x6E;0x0A:0x6F;0x0A:0x70;0x0A:0x71;0x0A:0x72;0x0A:0x74;0x11:0x00
1199,175,MODE1_0175_POST_MODE_BANK_SELECT,NACK_DURING_WRITE,113,108,ABORTING->UNRESOLVED_REGISTER_GATE->FATAL_RECOVERY_FAILURE,FATAL_RECOVERY_FAILURE,UNRESOLVED_COMMITTED_REGISTERS=0x00:0x00;0x00:0x08;0x00:0x0C;0x00:0x10;0x00:0x14;0x00:0x18;0x00:0x21;0x00:0x22;0x00:0x30;0x00:0x34;0x00:0x3C;0x00:0x40;0x00:0x44;0x00:0x48;0x00:0x4C;0x00:0x50;0x00:0x58;0x00:0x5C;0x00:0x64;0x00:0x89;0x00:0x8E;0x00:0x93;0x00:0xA0;0x00:0xA4;0x01:0xED;0x02:0x02;0x02:0x28;0x02:0x29;0x02:0x2A;0x02:0x2B;0x02:0x2C;0x05:0x00;0x05:0x01;0x05:0x05;0x05:0x08;0x05:0x0E;0x05:0x11;0x05:0x1B;0x05:0x20;0x05:0x23;0x05:0x24;0x05:0x25;0x05:0x26;0x05:0x27;0x05:0x29;0x05:0x2A;0x05:0x2B;0x05:0x47;0x05:0x50;0x05:0x57;0x05:0x58;0x05:0x59;0x05:0x5B;0x05:0x5F;0x05:0x69;0x05:0x6E;0x05:0x6F;0x05:0x75;0x05:0x76;0x05:0x84;0x05:0x86;0x05:0x90;0x05:0x9B;0x05:0xB5;0x05:0xB7;0x05:0xB8;0x05:0xBB;0x05:0xC0;0x05:0xC1;0x05:0xC8;0x05:0xD1;0x05:0xD4;0x09:0x40;0x09:0x44;0x09:0x50;0x09:0x51;0x09:0x52;0x09:0x53;0x09:0x64;0x09:0x6A;0x09:0x6B;0x09:0x6C;0x09:0x80;0x09:0x81;0x09:0x97;0x09:0x98;0x09:0x99;0x0A:0x60;0x0A:0x61;0x0A:0x62;0x0A:0x63;0x0A:0x64;0x0A:0x65;0x0A:0x66;0x0A:0x67;0x0A:0x68;0x0A:0x69;0x0A:0x6A;0x0A:0x6B;0x0A:0x6C;0x0A:0x6D;0x0A:0x6E;0x0A:0x6F;0x0A:0x70;0x0A:0x71;0x0A:0x72;0x0A:0x74;0x11:0x00
1200,175,MODE1_0175_POST_MODE_BANK_SELECT,TIMEOUT_DURING_WRITE,113,108,ABORTING->UNRESOLVED_REGISTER_GATE->FATAL_RECOVERY_FAILURE,FATAL_RECOVERY_FAILURE,UNRESOLVED_COMMITTED_REGISTERS=0x00:0x00;0x00:0x08;0x00:0x0C;0x00:0x10;0x00:0x14;0x00:0x18;0x00:0x21;0x00:0x22;0x00:0x30;0x00:0x34;0x00:0x3C;0x00:0x40;0x00:0x44;0x00:0x48;0x00:0x4C;0x00:0x50;0x00:0x58;0x00:0x5C;0x00:0x64;0x00:0x89;0x00:0x8E;0x00:0x93;0x00:0xA0;0x00:0xA4;0x01:0xED;0x02:0x02;0x02:0x28;0x02:0x29;0x02:0x2A;0x02:0x2B;0x02:0x2C;0x05:0x00;0x05:0x01;0x05:0x05;0x05:0x08;0x05:0x0E;0x05:0x11;0x05:0x1B;0x05:0x20;0x05:0x23;0x05:0x24;0x05:0x25;0x05:0x26;0x05:0x27;0x05:0x29;0x05:0x2A;0x05:0x2B;0x05:0x47;0x05:0x50;0x05:0x57;0x05:0x58;0x05:0x59;0x05:0x5B;0x05:0x5F;0x05:0x69;0x05:0x6E;0x05:0x6F;0x05:0x75;0x05:0x76;0x05:0x84;0x05:0x86;0x05:0x90;0x05:0x9B;0x05:0xB5;0x05:0xB7;0x05:0xB8;0x05:0xBB;0x05:0xC0;0x05:0xC1;0x05:0xC8;0x05:0xD1;0x05:0xD4;0x09:0x40;0x09:0x44;0x09:0x50;0x09:0x51;0x09:0x52;0x09:0x53;0x09:0x64;0x09:0x6A;0x09:0x6B;0x09:0x6C;0x09:0x80;0x09:0x81;0x09:0x97;0x09:0x98;0x09:0x99;0x0A:0x60;0x0A:0x61;0x0A:0x62;0x0A:0x63;0x0A:0x64;0x0A:0x65;0x0A:0x66;0x0A:0x67;0x0A:0x68;0x0A:0x69;0x0A:0x6A;0x0A:0x6B;0x0A:0x6C;0x0A:0x6D;0x0A:0x6E;0x0A:0x6F;0x0A:0x70;0x0A:0x71;0x0A:0x72;0x0A:0x74;0x11:0x00
1201,175,MODE1_0175_POST_MODE_BANK_SELECT,READBACK_MISMATCH,113,108,ABORTING->UNRESOLVED_REGISTER_GATE->FATAL_RECOVERY_FAILURE,FATAL_RECOVERY_FAILURE,UNRESOLVED_COMMITTED_REGISTERS=0x00:0x00;0x00:0x08;0x00:0x0C;0x00:0x10;0x00:0x14;0x00:0x18;0x00:0x21;0x00:0x22;0x00:0x30;0x00:0x34;0x00:0x3C;0x00:0x40;0x00:0x44;0x00:0x48;0x00:0x4C;0x00:0x50;0x00:0x58;0x00:0x5C;0x00:0x64;0x00:0x89;0x00:0x8E;0x00:0x93;0x00:0xA0;0x00:0xA4;0x01:0xED;0x02:0x02;0x02:0x28;0x02:0x29;0x02:0x2A;0x02:0x2B;0x02:0x2C;0x05:0x00;0x05:0x01;0x05:0x05;0x05:0x08;0x05:0x0E;0x05:0x11;0x05:0x1B;0x05:0x20;0x05:0x23;0x05:0x24;0x05:0x25;0x05:0x26;0x05:0x27;0x05:0x29;0x05:0x2A;0x05:0x2B;0x05:0x47;0x05:0x50;0x05:0x57;0x05:0x58;0x05:0x59;0x05:0x5B;0x05:0x5F;0x05:0x69;0x05:0x6E;0x05:0x6F;0x05:0x75;0x05:0x76;0x05:0x84;0x05:0x86;0x05:0x90;0x05:0x9B;0x05:0xB5;0x05:0xB7;0x05:0xB8;0x05:0xBB;0x05:0xC0;0x05:0xC1;0x05:0xC8;0x05:0xD1;0x05:0xD4;0x09:0x40;0x09:0x44;0x09:0x50;0x09:0x51;0x09:0x52;0x09:0x53;0x09:0x64;0x09:0x6A;0x09:0x6B;0x09:0x6C;0x09:0x80;0x09:0x81;0x09:0x97;0x09:0x98;0x09:0x99;0x0A:0x60;0x0A:0x61;0x0A:0x62;0x0A:0x63;0x0A:0x64;0x0A:0x65;0x0A:0x66;0x0A:0x67;0x0A:0x68;0x0A:0x69;0x0A:0x6A;0x0A:0x6B;0x0A:0x6C;0x0A:0x6D;0x0A:0x6E;0x0A:0x6F;0x0A:0x70;0x0A:0x71;0x0A:0x72;0x0A:0x74;0x11:0x00
1202,175,MODE1_0175_POST_MODE_BANK_SELECT,RESET_BETWEEN_OPERATIONS,113,108,ABORTING->PRODUCT_RECONSTRUCTION_GAP->FATAL_RECOVERY_FAILURE,FATAL_RECOVERY_FAILURE,CALLABLE_RESET_AUTOINIT_OR_PERSISTENT_RECOVERY_CONTEXT_NOT_PROVEN
1203,175,MODE1_0175_POST_MODE_BANK_SELECT,HOST_ABORT,113,108,ABORTING->UNRESOLVED_REGISTER_GATE->FATAL_RECOVERY_FAILURE,FATAL_RECOVERY_FAILURE,UNRESOLVED_COMMITTED_REGISTERS=0x00:0x00;0x00:0x08;0x00:0x0C;0x00:0x10;0x00:0x14;0x00:0x18;0x00:0x21;0x00:0x22;0x00:0x30;0x00:0x34;0x00:0x3C;0x00:0x40;0x00:0x44;0x00:0x48;0x00:0x4C;0x00:0x50;0x00:0x58;0x00:0x5C;0x00:0x64;0x00:0x89;0x00:0x8E;0x00:0x93;0x00:0xA0;0x00:0xA4;0x01:0xED;0x02:0x02;0x02:0x28;0x02:0x29;0x02:0x2A;0x02:0x2B;0x02:0x2C;0x05:0x00;0x05:0x01;0x05:0x05;0x05:0x08;0x05:0x0E;0x05:0x11;0x05:0x1B;0x05:0x20;0x05:0x23;0x05:0x24;0x05:0x25;0x05:0x26;0x05:0x27;0x05:0x29;0x05:0x2A;0x05:0x2B;0x05:0x47;0x05:0x50;0x05:0x57;0x05:0x58;0x05:0x59;0x05:0x5B;0x05:0x5F;0x05:0x69;0x05:0x6E;0x05:0x6F;0x05:0x75;0x05:0x76;0x05:0x84;0x05:0x86;0x05:0x90;0x05:0x9B;0x05:0xB5;0x05:0xB7;0x05:0xB8;0x05:0xBB;0x05:0xC0;0x05:0xC1;0x05:0xC8;0x05:0xD1;0x05:0xD4;0x09:0x40;0x09:0x44;0x09:0x50;0x09:0x51;0x09:0x52;0x09:0x53;0x09:0x64;0x09:0x6A;0x09:0x6B;0x09:0x6C;0x09:0x80;0x09:0x81;0x09:0x97;0x09:0x98;0x09:0x99;0x0A:0x60;0x0A:0x61;0x0A:0x62;0x0A:0x63;0x0A:0x64;0x0A:0x65;0x0A:0x66;0x0A:0x67;0x0A:0x68;0x0A:0x69;0x0A:0x6A;0x0A:0x6B;0x0A:0x6C;0x0A:0x6D;0x0A:0x6E;0x0A:0x6F;0x0A:0x70;0x0A:0x71;0x0A:0x72;0x0A:0x74;0x11:0x00
1204,175,MODE1_0175_POST_MODE_BANK_SELECT,MMIO_RESET,113,108,ABORTING->PRODUCT_RECONSTRUCTION_GAP->FATAL_RECOVERY_FAILURE,FATAL_RECOVERY_FAILURE,CALLABLE_RESET_AUTOINIT_OR_PERSISTENT_RECOVERY_CONTEXT_NOT_PROVEN
1205,176,MODE1_0176_POST_MODE_WRITE,FAILURE_BEFORE_WRITE,113,108,ABORTING->UNRESOLVED_REGISTER_GATE->FATAL_RECOVERY_FAILURE,FATAL_RECOVERY_FAILURE,UNRESOLVED_COMMITTED_REGISTERS=0x00:0x00;0x00:0x08;0x00:0x0C;0x00:0x10;0x00:0x14;0x00:0x18;0x00:0x21;0x00:0x22;0x00:0x30;0x00:0x34;0x00:0x3C;0x00:0x40;0x00:0x44;0x00:0x48;0x00:0x4C;0x00:0x50;0x00:0x58;0x00:0x5C;0x00:0x64;0x00:0x89;0x00:0x8E;0x00:0x93;0x00:0xA0;0x00:0xA4;0x01:0xED;0x02:0x02;0x02:0x28;0x02:0x29;0x02:0x2A;0x02:0x2B;0x02:0x2C;0x05:0x00;0x05:0x01;0x05:0x05;0x05:0x08;0x05:0x0E;0x05:0x11;0x05:0x1B;0x05:0x20;0x05:0x23;0x05:0x24;0x05:0x25;0x05:0x26;0x05:0x27;0x05:0x29;0x05:0x2A;0x05:0x2B;0x05:0x47;0x05:0x50;0x05:0x57;0x05:0x58;0x05:0x59;0x05:0x5B;0x05:0x5F;0x05:0x69;0x05:0x6E;0x05:0x6F;0x05:0x75;0x05:0x76;0x05:0x84;0x05:0x86;0x05:0x90;0x05:0x9B;0x05:0xB5;0x05:0xB7;0x05:0xB8;0x05:0xBB;0x05:0xC0;0x05:0xC1;0x05:0xC8;0x05:0xD1;0x05:0xD4;0x09:0x40;0x09:0x44;0x09:0x50;0x09:0x51;0x09:0x52;0x09:0x53;0x09:0x64;0x09:0x6A;0x09:0x6B;0x09:0x6C;0x09:0x80;0x09:0x81;0x09:0x97;0x09:0x98;0x09:0x99;0x0A:0x60;0x0A:0x61;0x0A:0x62;0x0A:0x63;0x0A:0x64;0x0A:0x65;0x0A:0x66;0x0A:0x67;0x0A:0x68;0x0A:0x69;0x0A:0x6A;0x0A:0x6B;0x0A:0x6C;0x0A:0x6D;0x0A:0x6E;0x0A:0x6F;0x0A:0x70;0x0A:0x71;0x0A:0x72;0x0A:0x74;0x11:0x00
1206,176,MODE1_0176_POST_MODE_WRITE,NACK_DURING_WRITE,113,108,ABORTING->UNRESOLVED_REGISTER_GATE->FATAL_RECOVERY_FAILURE,FATAL_RECOVERY_FAILURE,UNRESOLVED_COMMITTED_REGISTERS=0x00:0x00;0x00:0x08;0x00:0x0C;0x00:0x10;0x00:0x14;0x00:0x18;0x00:0x21;0x00:0x22;0x00:0x30;0x00:0x34;0x00:0x3C;0x00:0x40;0x00:0x44;0x00:0x48;0x00:0x4C;0x00:0x50;0x00:0x58;0x00:0x5C;0x00:0x64;0x00:0x89;0x00:0x8E;0x00:0x93;0x00:0xA0;0x00:0xA4;0x01:0xED;0x02:0x02;0x02:0x28;0x02:0x29;0x02:0x2A;0x02:0x2B;0x02:0x2C;0x05:0x00;0x05:0x01;0x05:0x05;0x05:0x08;0x05:0x0E;0x05:0x11;0x05:0x1B;0x05:0x20;0x05:0x23;0x05:0x24;0x05:0x25;0x05:0x26;0x05:0x27;0x05:0x29;0x05:0x2A;0x05:0x2B;0x05:0x47;0x05:0x50;0x05:0x57;0x05:0x58;0x05:0x59;0x05:0x5B;0x05:0x5F;0x05:0x69;0x05:0x6E;0x05:0x6F;0x05:0x75;0x05:0x76;0x05:0x84;0x05:0x86;0x05:0x90;0x05:0x9B;0x05:0xB5;0x05:0xB7;0x05:0xB8;0x05:0xBB;0x05:0xC0;0x05:0xC1;0x05:0xC8;0x05:0xD1;0x05:0xD4;0x09:0x40;0x09:0x44;0x09:0x50;0x09:0x51;0x09:0x52;0x09:0x53;0x09:0x64;0x09:0x6A;0x09:0x6B;0x09:0x6C;0x09:0x80;0x09:0x81;0x09:0x97;0x09:0x98;0x09:0x99;0x0A:0x60;0x0A:0x61;0x0A:0x62;0x0A:0x63;0x0A:0x64;0x0A:0x65;0x0A:0x66;0x0A:0x67;0x0A:0x68;0x0A:0x69;0x0A:0x6A;0x0A:0x6B;0x0A:0x6C;0x0A:0x6D;0x0A:0x6E;0x0A:0x6F;0x0A:0x70;0x0A:0x71;0x0A:0x72;0x0A:0x74;0x11:0x00
1207,176,MODE1_0176_POST_MODE_WRITE,TIMEOUT_DURING_WRITE,113,108,ABORTING->UNRESOLVED_REGISTER_GATE->FATAL_RECOVERY_FAILURE,FATAL_RECOVERY_FAILURE,UNRESOLVED_COMMITTED_REGISTERS=0x00:0x00;0x00:0x08;0x00:0x0C;0x00:0x10;0x00:0x14;0x00:0x18;0x00:0x21;0x00:0x22;0x00:0x30;0x00:0x34;0x00:0x3C;0x00:0x40;0x00:0x44;0x00:0x48;0x00:0x4C;0x00:0x50;0x00:0x58;0x00:0x5C;0x00:0x64;0x00:0x89;0x00:0x8E;0x00:0x93;0x00:0xA0;0x00:0xA4;0x01:0xED;0x02:0x02;0x02:0x28;0x02:0x29;0x02:0x2A;0x02:0x2B;0x02:0x2C;0x05:0x00;0x05:0x01;0x05:0x05;0x05:0x08;0x05:0x0E;0x05:0x11;0x05:0x1B;0x05:0x20;0x05:0x23;0x05:0x24;0x05:0x25;0x05:0x26;0x05:0x27;0x05:0x29;0x05:0x2A;0x05:0x2B;0x05:0x47;0x05:0x50;0x05:0x57;0x05:0x58;0x05:0x59;0x05:0x5B;0x05:0x5F;0x05:0x69;0x05:0x6E;0x05:0x6F;0x05:0x75;0x05:0x76;0x05:0x84;0x05:0x86;0x05:0x90;0x05:0x9B;0x05:0xB5;0x05:0xB7;0x05:0xB8;0x05:0xBB;0x05:0xC0;0x05:0xC1;0x05:0xC8;0x05:0xD1;0x05:0xD4;0x09:0x40;0x09:0x44;0x09:0x50;0x09:0x51;0x09:0x52;0x09:0x53;0x09:0x64;0x09:0x6A;0x09:0x6B;0x09:0x6C;0x09:0x80;0x09:0x81;0x09:0x97;0x09:0x98;0x09:0x99;0x0A:0x60;0x0A:0x61;0x0A:0x62;0x0A:0x63;0x0A:0x64;0x0A:0x65;0x0A:0x66;0x0A:0x67;0x0A:0x68;0x0A:0x69;0x0A:0x6A;0x0A:0x6B;0x0A:0x6C;0x0A:0x6D;0x0A:0x6E;0x0A:0x6F;0x0A:0x70;0x0A:0x71;0x0A:0x72;0x0A:0x74;0x11:0x00
1208,176,MODE1_0176_POST_MODE_WRITE,READBACK_MISMATCH,113,108,ABORTING->UNRESOLVED_REGISTER_GATE->FATAL_RECOVERY_FAILURE,FATAL_RECOVERY_FAILURE,UNRESOLVED_COMMITTED_REGISTERS=0x00:0x00;0x00:0x08;0x00:0x0C;0x00:0x10;0x00:0x14;0x00:0x18;0x00:0x21;0x00:0x22;0x00:0x30;0x00:0x34;0x00:0x3C;0x00:0x40;0x00:0x44;0x00:0x48;0x00:0x4C;0x00:0x50;0x00:0x58;0x00:0x5C;0x00:0x64;0x00:0x89;0x00:0x8E;0x00:0x93;0x00:0xA0;0x00:0xA4;0x01:0xED;0x02:0x02;0x02:0x28;0x02:0x29;0x02:0x2A;0x02:0x2B;0x02:0x2C;0x05:0x00;0x05:0x01;0x05:0x05;0x05:0x08;0x05:0x0E;0x05:0x11;0x05:0x1B;0x05:0x20;0x05:0x23;0x05:0x24;0x05:0x25;0x05:0x26;0x05:0x27;0x05:0x29;0x05:0x2A;0x05:0x2B;0x05:0x47;0x05:0x50;0x05:0x57;0x05:0x58;0x05:0x59;0x05:0x5B;0x05:0x5F;0x05:0x69;0x05:0x6E;0x05:0x6F;0x05:0x75;0x05:0x76;0x05:0x84;0x05:0x86;0x05:0x90;0x05:0x9B;0x05:0xB5;0x05:0xB7;0x05:0xB8;0x05:0xBB;0x05:0xC0;0x05:0xC1;0x05:0xC8;0x05:0xD1;0x05:0xD4;0x09:0x40;0x09:0x44;0x09:0x50;0x09:0x51;0x09:0x52;0x09:0x53;0x09:0x64;0x09:0x6A;0x09:0x6B;0x09:0x6C;0x09:0x80;0x09:0x81;0x09:0x97;0x09:0x98;0x09:0x99;0x0A:0x60;0x0A:0x61;0x0A:0x62;0x0A:0x63;0x0A:0x64;0x0A:0x65;0x0A:0x66;0x0A:0x67;0x0A:0x68;0x0A:0x69;0x0A:0x6A;0x0A:0x6B;0x0A:0x6C;0x0A:0x6D;0x0A:0x6E;0x0A:0x6F;0x0A:0x70;0x0A:0x71;0x0A:0x72;0x0A:0x74;0x11:0x00
1209,176,MODE1_0176_POST_MODE_WRITE,RESET_BETWEEN_OPERATIONS,113,108,ABORTING->PRODUCT_RECONSTRUCTION_GAP->FATAL_RECOVERY_FAILURE,FATAL_RECOVERY_FAILURE,CALLABLE_RESET_AUTOINIT_OR_PERSISTENT_RECOVERY_CONTEXT_NOT_PROVEN
1210,176,MODE1_0176_POST_MODE_WRITE,HOST_ABORT,113,108,ABORTING->UNRESOLVED_REGISTER_GATE->FATAL_RECOVERY_FAILURE,FATAL_RECOVERY_FAILURE,UNRESOLVED_COMMITTED_REGISTERS=0x00:0x00;0x00:0x08;0x00:0x0C;0x00:0x10;0x00:0x14;0x00:0x18;0x00:0x21;0x00:0x22;0x00:0x30;0x00:0x34;0x00:0x3C;0x00:0x40;0x00:0x44;0x00:0x48;0x00:0x4C;0x00:0x50;0x00:0x58;0x00:0x5C;0x00:0x64;0x00:0x89;0x00:0x8E;0x00:0x93;0x00:0xA0;0x00:0xA4;0x01:0xED;0x02:0x02;0x02:0x28;0x02:0x29;0x02:0x2A;0x02:0x2B;0x02:0x2C;0x05:0x00;0x05:0x01;0x05:0x05;0x05:0x08;0x05:0x0E;0x05:0x11;0x05:0x1B;0x05:0x20;0x05:0x23;0x05:0x24;0x05:0x25;0x05:0x26;0x05:0x27;0x05:0x29;0x05:0x2A;0x05:0x2B;0x05:0x47;0x05:0x50;0x05:0x57;0x05:0x58;0x05:0x59;0x05:0x5B;0x05:0x5F;0x05:0x69;0x05:0x6E;0x05:0x6F;0x05:0x75;0x05:0x76;0x05:0x84;0x05:0x86;0x05:0x90;0x05:0x9B;0x05:0xB5;0x05:0xB7;0x05:0xB8;0x05:0xBB;0x05:0xC0;0x05:0xC1;0x05:0xC8;0x05:0xD1;0x05:0xD4;0x09:0x40;0x09:0x44;0x09:0x50;0x09:0x51;0x09:0x52;0x09:0x53;0x09:0x64;0x09:0x6A;0x09:0x6B;0x09:0x6C;0x09:0x80;0x09:0x81;0x09:0x97;0x09:0x98;0x09:0x99;0x0A:0x60;0x0A:0x61;0x0A:0x62;0x0A:0x63;0x0A:0x64;0x0A:0x65;0x0A:0x66;0x0A:0x67;0x0A:0x68;0x0A:0x69;0x0A:0x6A;0x0A:0x6B;0x0A:0x6C;0x0A:0x6D;0x0A:0x6E;0x0A:0x6F;0x0A:0x70;0x0A:0x71;0x0A:0x72;0x0A:0x74;0x11:0x00
1211,176,MODE1_0176_POST_MODE_WRITE,MMIO_RESET,113,108,ABORTING->PRODUCT_RECONSTRUCTION_GAP->FATAL_RECOVERY_FAILURE,FATAL_RECOVERY_FAILURE,CALLABLE_RESET_AUTOINIT_OR_PERSISTENT_RECOVERY_CONTEXT_NOT_PROVEN
