Copyright 1986-2022 Xilinx, Inc. All Rights Reserved. Copyright 2022-2025 Advanced Micro Devices, Inc. All Rights Reserved.
---------------------------------------------------------------------------------------------------------------------------------------------------------------------------------------------------------------------------------------------------------------------------------------------------------------------------------------------------------------------------------------------------------------------------------------------------------------------------------------------------------------
| Tool Version : Vivado v.2025.2 (win64) Build 6299465 Fri Nov 14 19:35:11 GMT 2025
| Date         : Fri Aug 21 16:21:00 2026
| Host         : NBLSUDUL running 64-bit major release  (build 9200)
| Command      : report_timing -from [get_pins -quiet -of_objects [get_cells -quiet -hierarchical -regexp {^NVP_AUTOINIT/u_sequence/scl_filtered_r_reg$}] -filter {REF_PIN_NAME == Q}] -to [get_pins -quiet NVP_AUTOINIT/u_sequence/tick_reg/C] -delay_type max -max_paths 20 -nworst 1 -unique_pins -routable_nets -sort_by slack -path_type full_clock_expanded -input_pins -file C:/FPGA/V41_NVP_ROUTED_DCP_POWER_TIMING_AUDIT_R1/05_R1_SCL_SDA_TIMING/R1_SCL_FILTERED_TO_TIMEOUT_OR_STATE_DECISION_MAX.rpt
| Design       : ahd_capture_top_xdma
| Device       : 7a35t-csg325
| Speed File   : -2  PRODUCTION 1.23 2018-06-13
| Design State : Routed
---------------------------------------------------------------------------------------------------------------------------------------------------------------------------------------------------------------------------------------------------------------------------------------------------------------------------------------------------------------------------------------------------------------------------------------------------------------------------------------------------------------

Timing Report

Slack (MET) :             13.712ns  (required time - arrival time)
  Source:                 NVP_AUTOINIT/u_sequence/scl_filtered_r_reg/C
                            (rising edge-triggered cell FDSE clocked by userclk1  {rise@0.000ns fall@8.000ns period=16.000ns})
  Destination:            NVP_AUTOINIT/u_sequence/scl_timeout_seen_r_reg/D
                            (rising edge-triggered cell FDRE clocked by userclk1  {rise@0.000ns fall@8.000ns period=16.000ns})
  Path Group:             userclk1
  Path Type:              Setup (Max at Slow Process Corner)
  Requirement:            16.000ns  (userclk1 rise@16.000ns - userclk1 rise@0.000ns)
  Data Path Delay:        2.202ns  (logic 0.695ns (31.564%)  route 1.507ns (68.436%))
  Logic Levels:           2  (LUT5=1 LUT6=1)
  Clock Path Skew:        -0.039ns (DCD - SCD + CPR)
    Destination Clock Delay (DCD):    5.340ns = ( 21.340 - 16.000 ) 
    Source Clock Delay      (SCD):    5.688ns
    Clock Pessimism Removal (CPR):    0.309ns
  Clock Uncertainty:      0.079ns  ((TSJ^2 + DJ^2)^1/2) / 2 + PE
    Total System Jitter     (TSJ):    0.071ns
    Discrete Jitter          (DJ):    0.141ns
    Phase Error              (PE):    0.000ns

    Location             Delay type                Incr(ns)  Path(ns)    Netlist Resource(s)
  -------------------------------------------------------------------    -------------------
                         (clock userclk1 rise edge)
                                                      0.000     0.000 r  
    GTPE2_CHANNEL_X0Y3   GTPE2_CHANNEL                0.000     0.000 r  XDMA/inst/xdma_v41_m1_pcie2_to_pcie3_wrapper_i/pcie2_ip_i/inst/inst/gt_top_i/pipe_wrapper_i/pipe_lane[0].gt_wrapper_i/gtp_channel.gtpe2_channel_i/TXOUTCLK
                         net (fo=1, routed)           1.209     1.209    XDMA/inst/xdma_v41_m1_pcie2_to_pcie3_wrapper_i/pcie2_ip_i/inst/inst/gt_top_i/pipe_wrapper_i/pipe_clock_int.pipe_clock_i/txoutclk_i.txoutclk_i_0
    BUFGCTRL_X0Y20                                                    r  XDMA/inst/xdma_v41_m1_pcie2_to_pcie3_wrapper_i/pcie2_ip_i/inst/inst/gt_top_i/pipe_wrapper_i/pipe_clock_int.pipe_clock_i/txoutclk_i.txoutclk_i/I
    BUFGCTRL_X0Y20       BUFG (Prop_bufg_I_O)         0.081     1.290 r  XDMA/inst/xdma_v41_m1_pcie2_to_pcie3_wrapper_i/pcie2_ip_i/inst/inst/gt_top_i/pipe_wrapper_i/pipe_clock_int.pipe_clock_i/txoutclk_i.txoutclk_i/O
                         net (fo=1, routed)           1.391     2.681    XDMA/inst/xdma_v41_m1_pcie2_to_pcie3_wrapper_i/pcie2_ip_i/inst/inst/gt_top_i/pipe_wrapper_i/pipe_clock_int.pipe_clock_i/refclk
    MMCME2_ADV_X0Y0                                                   r  XDMA/inst/xdma_v41_m1_pcie2_to_pcie3_wrapper_i/pcie2_ip_i/inst/inst/gt_top_i/pipe_wrapper_i/pipe_clock_int.pipe_clock_i/mmcm_i/CLKIN1
    MMCME2_ADV_X0Y0      MMCME2_ADV (Prop_mmcme2_adv_CLKIN1_CLKOUT2)
                                                      0.077     2.757 r  XDMA/inst/xdma_v41_m1_pcie2_to_pcie3_wrapper_i/pcie2_ip_i/inst/inst/gt_top_i/pipe_wrapper_i/pipe_clock_int.pipe_clock_i/mmcm_i/CLKOUT2
                         net (fo=1, routed)           1.425     4.182    XDMA/inst/xdma_v41_m1_pcie2_to_pcie3_wrapper_i/pcie2_ip_i/inst/inst/gt_top_i/pipe_wrapper_i/pipe_clock_int.pipe_clock_i/userclk1
    BUFGCTRL_X0Y0                                                     r  XDMA/inst/xdma_v41_m1_pcie2_to_pcie3_wrapper_i/pcie2_ip_i/inst/inst/gt_top_i/pipe_wrapper_i/pipe_clock_int.pipe_clock_i/userclk1_i1.usrclk1_i1/I
    BUFGCTRL_X0Y0        BUFG (Prop_bufg_I_O)         0.081     4.263 r  XDMA/inst/xdma_v41_m1_pcie2_to_pcie3_wrapper_i/pcie2_ip_i/inst/inst/gt_top_i/pipe_wrapper_i/pipe_clock_int.pipe_clock_i/userclk1_i1.usrclk1_i1/O
                         net (fo=15451, routed)       1.425     5.688    NVP_AUTOINIT/u_sequence/axi_aclk
    SLICE_X3Y28          FDSE                                         r  NVP_AUTOINIT/u_sequence/scl_filtered_r_reg/C
  -------------------------------------------------------------------    -------------------
    SLICE_X3Y28          FDSE (Prop_fdse_C_Q)         0.348     6.036 f  NVP_AUTOINIT/u_sequence/scl_filtered_r_reg/Q
                         net (fo=3, routed)           0.965     7.001    NVP_AUTOINIT/u_sequence/scl_filtered_r
    SLICE_X4Y30                                                       f  NVP_AUTOINIT/u_sequence/scl_timeout_seen_r_i_2/I2
    SLICE_X4Y30          LUT5 (Prop_lut5_I2_O)        0.242     7.243 r  NVP_AUTOINIT/u_sequence/scl_timeout_seen_r_i_2/O
                         net (fo=1, routed)           0.542     7.785    NVP_AUTOINIT/u_sequence/scl_timeout_seen_r_i_2_n_0
    SLICE_X5Y30                                                       r  NVP_AUTOINIT/u_sequence/scl_timeout_seen_r_i_1/I1
    SLICE_X5Y30          LUT6 (Prop_lut6_I1_O)        0.105     7.890 r  NVP_AUTOINIT/u_sequence/scl_timeout_seen_r_i_1/O
                         net (fo=1, routed)           0.000     7.890    NVP_AUTOINIT/u_sequence/scl_timeout_seen_r_i_1_n_0
    SLICE_X5Y30          FDRE                                         r  NVP_AUTOINIT/u_sequence/scl_timeout_seen_r_reg/D
  -------------------------------------------------------------------    -------------------

                         (clock userclk1 rise edge)
                                                     16.000    16.000 r  
    GTPE2_CHANNEL_X0Y3   GTPE2_CHANNEL                0.000    16.000 r  XDMA/inst/xdma_v41_m1_pcie2_to_pcie3_wrapper_i/pcie2_ip_i/inst/inst/gt_top_i/pipe_wrapper_i/pipe_lane[0].gt_wrapper_i/gtp_channel.gtpe2_channel_i/TXOUTCLK
                         net (fo=1, routed)           1.150    17.150    XDMA/inst/xdma_v41_m1_pcie2_to_pcie3_wrapper_i/pcie2_ip_i/inst/inst/gt_top_i/pipe_wrapper_i/pipe_clock_int.pipe_clock_i/txoutclk_i.txoutclk_i_0
    BUFGCTRL_X0Y20                                                    r  XDMA/inst/xdma_v41_m1_pcie2_to_pcie3_wrapper_i/pcie2_ip_i/inst/inst/gt_top_i/pipe_wrapper_i/pipe_clock_int.pipe_clock_i/txoutclk_i.txoutclk_i/I
    BUFGCTRL_X0Y20       BUFG (Prop_bufg_I_O)         0.077    17.227 r  XDMA/inst/xdma_v41_m1_pcie2_to_pcie3_wrapper_i/pcie2_ip_i/inst/inst/gt_top_i/pipe_wrapper_i/pipe_clock_int.pipe_clock_i/txoutclk_i.txoutclk_i/O
                         net (fo=1, routed)           1.286    18.513    XDMA/inst/xdma_v41_m1_pcie2_to_pcie3_wrapper_i/pcie2_ip_i/inst/inst/gt_top_i/pipe_wrapper_i/pipe_clock_int.pipe_clock_i/refclk
    MMCME2_ADV_X0Y0                                                   r  XDMA/inst/xdma_v41_m1_pcie2_to_pcie3_wrapper_i/pcie2_ip_i/inst/inst/gt_top_i/pipe_wrapper_i/pipe_clock_int.pipe_clock_i/mmcm_i/CLKIN1
    MMCME2_ADV_X0Y0      MMCME2_ADV (Prop_mmcme2_adv_CLKIN1_CLKOUT2)
                                                      0.073    18.586 r  XDMA/inst/xdma_v41_m1_pcie2_to_pcie3_wrapper_i/pcie2_ip_i/inst/inst/gt_top_i/pipe_wrapper_i/pipe_clock_int.pipe_clock_i/mmcm_i/CLKOUT2
                         net (fo=1, routed)           1.357    19.944    XDMA/inst/xdma_v41_m1_pcie2_to_pcie3_wrapper_i/pcie2_ip_i/inst/inst/gt_top_i/pipe_wrapper_i/pipe_clock_int.pipe_clock_i/userclk1
    BUFGCTRL_X0Y0                                                     r  XDMA/inst/xdma_v41_m1_pcie2_to_pcie3_wrapper_i/pcie2_ip_i/inst/inst/gt_top_i/pipe_wrapper_i/pipe_clock_int.pipe_clock_i/userclk1_i1.usrclk1_i1/I
    BUFGCTRL_X0Y0        BUFG (Prop_bufg_I_O)         0.077    20.021 r  XDMA/inst/xdma_v41_m1_pcie2_to_pcie3_wrapper_i/pcie2_ip_i/inst/inst/gt_top_i/pipe_wrapper_i/pipe_clock_int.pipe_clock_i/userclk1_i1.usrclk1_i1/O
                         net (fo=15451, routed)       1.320    21.340    NVP_AUTOINIT/u_sequence/axi_aclk
    SLICE_X5Y30          FDRE                                         r  NVP_AUTOINIT/u_sequence/scl_timeout_seen_r_reg/C
                         clock pessimism              0.309    21.649    
                         clock uncertainty           -0.079    21.570    
    SLICE_X5Y30          FDRE (Setup_fdre_C_D)        0.032    21.602    NVP_AUTOINIT/u_sequence/scl_timeout_seen_r_reg
  -------------------------------------------------------------------
                         required time                         21.602    
                         arrival time                          -7.890    
  -------------------------------------------------------------------
                         slack                                 13.712    

Slack (MET) :             13.830ns  (required time - arrival time)
  Source:                 NVP_AUTOINIT/u_sequence/scl_filtered_r_reg/C
                            (rising edge-triggered cell FDSE clocked by userclk1  {rise@0.000ns fall@8.000ns period=16.000ns})
  Destination:            NVP_AUTOINIT/u_sequence/scl_low_released_count_reg[0]/CE
                            (rising edge-triggered cell FDRE clocked by userclk1  {rise@0.000ns fall@8.000ns period=16.000ns})
  Path Group:             userclk1
  Path Type:              Setup (Max at Slow Process Corner)
  Requirement:            16.000ns  (userclk1 rise@16.000ns - userclk1 rise@0.000ns)
  Data Path Delay:        1.928ns  (logic 0.590ns (30.607%)  route 1.338ns (69.393%))
  Logic Levels:           1  (LUT6=1)
  Clock Path Skew:        -0.027ns (DCD - SCD + CPR)
    Destination Clock Delay (DCD):    5.336ns = ( 21.336 - 16.000 ) 
    Source Clock Delay      (SCD):    5.688ns
    Clock Pessimism Removal (CPR):    0.325ns
  Clock Uncertainty:      0.079ns  ((TSJ^2 + DJ^2)^1/2) / 2 + PE
    Total System Jitter     (TSJ):    0.071ns
    Discrete Jitter          (DJ):    0.141ns
    Phase Error              (PE):    0.000ns

    Location             Delay type                Incr(ns)  Path(ns)    Netlist Resource(s)
  -------------------------------------------------------------------    -------------------
                         (clock userclk1 rise edge)
                                                      0.000     0.000 r  
    GTPE2_CHANNEL_X0Y3   GTPE2_CHANNEL                0.000     0.000 r  XDMA/inst/xdma_v41_m1_pcie2_to_pcie3_wrapper_i/pcie2_ip_i/inst/inst/gt_top_i/pipe_wrapper_i/pipe_lane[0].gt_wrapper_i/gtp_channel.gtpe2_channel_i/TXOUTCLK
                         net (fo=1, routed)           1.209     1.209    XDMA/inst/xdma_v41_m1_pcie2_to_pcie3_wrapper_i/pcie2_ip_i/inst/inst/gt_top_i/pipe_wrapper_i/pipe_clock_int.pipe_clock_i/txoutclk_i.txoutclk_i_0
    BUFGCTRL_X0Y20                                                    r  XDMA/inst/xdma_v41_m1_pcie2_to_pcie3_wrapper_i/pcie2_ip_i/inst/inst/gt_top_i/pipe_wrapper_i/pipe_clock_int.pipe_clock_i/txoutclk_i.txoutclk_i/I
    BUFGCTRL_X0Y20       BUFG (Prop_bufg_I_O)         0.081     1.290 r  XDMA/inst/xdma_v41_m1_pcie2_to_pcie3_wrapper_i/pcie2_ip_i/inst/inst/gt_top_i/pipe_wrapper_i/pipe_clock_int.pipe_clock_i/txoutclk_i.txoutclk_i/O
                         net (fo=1, routed)           1.391     2.681    XDMA/inst/xdma_v41_m1_pcie2_to_pcie3_wrapper_i/pcie2_ip_i/inst/inst/gt_top_i/pipe_wrapper_i/pipe_clock_int.pipe_clock_i/refclk
    MMCME2_ADV_X0Y0                                                   r  XDMA/inst/xdma_v41_m1_pcie2_to_pcie3_wrapper_i/pcie2_ip_i/inst/inst/gt_top_i/pipe_wrapper_i/pipe_clock_int.pipe_clock_i/mmcm_i/CLKIN1
    MMCME2_ADV_X0Y0      MMCME2_ADV (Prop_mmcme2_adv_CLKIN1_CLKOUT2)
                                                      0.077     2.757 r  XDMA/inst/xdma_v41_m1_pcie2_to_pcie3_wrapper_i/pcie2_ip_i/inst/inst/gt_top_i/pipe_wrapper_i/pipe_clock_int.pipe_clock_i/mmcm_i/CLKOUT2
                         net (fo=1, routed)           1.425     4.182    XDMA/inst/xdma_v41_m1_pcie2_to_pcie3_wrapper_i/pcie2_ip_i/inst/inst/gt_top_i/pipe_wrapper_i/pipe_clock_int.pipe_clock_i/userclk1
    BUFGCTRL_X0Y0                                                     r  XDMA/inst/xdma_v41_m1_pcie2_to_pcie3_wrapper_i/pcie2_ip_i/inst/inst/gt_top_i/pipe_wrapper_i/pipe_clock_int.pipe_clock_i/userclk1_i1.usrclk1_i1/I
    BUFGCTRL_X0Y0        BUFG (Prop_bufg_I_O)         0.081     4.263 r  XDMA/inst/xdma_v41_m1_pcie2_to_pcie3_wrapper_i/pcie2_ip_i/inst/inst/gt_top_i/pipe_wrapper_i/pipe_clock_int.pipe_clock_i/userclk1_i1.usrclk1_i1/O
                         net (fo=15451, routed)       1.425     5.688    NVP_AUTOINIT/u_sequence/axi_aclk
    SLICE_X3Y28          FDSE                                         r  NVP_AUTOINIT/u_sequence/scl_filtered_r_reg/C
  -------------------------------------------------------------------    -------------------
    SLICE_X3Y28          FDSE (Prop_fdse_C_Q)         0.348     6.036 f  NVP_AUTOINIT/u_sequence/scl_filtered_r_reg/Q
                         net (fo=3, routed)           0.816     6.852    NVP_AUTOINIT/u_sequence/scl_filtered_r
    SLICE_X4Y30                                                       f  NVP_AUTOINIT/u_sequence/scl_low_released_count[10]_i_2/I2
    SLICE_X4Y30          LUT6 (Prop_lut6_I2_O)        0.242     7.094 r  NVP_AUTOINIT/u_sequence/scl_low_released_count[10]_i_2/O
                         net (fo=11, routed)          0.522     7.616    NVP_AUTOINIT/u_sequence/scl_low_released_count[10]_i_2_n_0
    SLICE_X2Y26          FDRE                                         r  NVP_AUTOINIT/u_sequence/scl_low_released_count_reg[0]/CE
  -------------------------------------------------------------------    -------------------

                         (clock userclk1 rise edge)
                                                     16.000    16.000 r  
    GTPE2_CHANNEL_X0Y3   GTPE2_CHANNEL                0.000    16.000 r  XDMA/inst/xdma_v41_m1_pcie2_to_pcie3_wrapper_i/pcie2_ip_i/inst/inst/gt_top_i/pipe_wrapper_i/pipe_lane[0].gt_wrapper_i/gtp_channel.gtpe2_channel_i/TXOUTCLK
                         net (fo=1, routed)           1.150    17.150    XDMA/inst/xdma_v41_m1_pcie2_to_pcie3_wrapper_i/pcie2_ip_i/inst/inst/gt_top_i/pipe_wrapper_i/pipe_clock_int.pipe_clock_i/txoutclk_i.txoutclk_i_0
    BUFGCTRL_X0Y20                                                    r  XDMA/inst/xdma_v41_m1_pcie2_to_pcie3_wrapper_i/pcie2_ip_i/inst/inst/gt_top_i/pipe_wrapper_i/pipe_clock_int.pipe_clock_i/txoutclk_i.txoutclk_i/I
    BUFGCTRL_X0Y20       BUFG (Prop_bufg_I_O)         0.077    17.227 r  XDMA/inst/xdma_v41_m1_pcie2_to_pcie3_wrapper_i/pcie2_ip_i/inst/inst/gt_top_i/pipe_wrapper_i/pipe_clock_int.pipe_clock_i/txoutclk_i.txoutclk_i/O
                         net (fo=1, routed)           1.286    18.513    XDMA/inst/xdma_v41_m1_pcie2_to_pcie3_wrapper_i/pcie2_ip_i/inst/inst/gt_top_i/pipe_wrapper_i/pipe_clock_int.pipe_clock_i/refclk
    MMCME2_ADV_X0Y0                                                   r  XDMA/inst/xdma_v41_m1_pcie2_to_pcie3_wrapper_i/pcie2_ip_i/inst/inst/gt_top_i/pipe_wrapper_i/pipe_clock_int.pipe_clock_i/mmcm_i/CLKIN1
    MMCME2_ADV_X0Y0      MMCME2_ADV (Prop_mmcme2_adv_CLKIN1_CLKOUT2)
                                                      0.073    18.586 r  XDMA/inst/xdma_v41_m1_pcie2_to_pcie3_wrapper_i/pcie2_ip_i/inst/inst/gt_top_i/pipe_wrapper_i/pipe_clock_int.pipe_clock_i/mmcm_i/CLKOUT2
                         net (fo=1, routed)           1.357    19.944    XDMA/inst/xdma_v41_m1_pcie2_to_pcie3_wrapper_i/pcie2_ip_i/inst/inst/gt_top_i/pipe_wrapper_i/pipe_clock_int.pipe_clock_i/userclk1
    BUFGCTRL_X0Y0                                                     r  XDMA/inst/xdma_v41_m1_pcie2_to_pcie3_wrapper_i/pcie2_ip_i/inst/inst/gt_top_i/pipe_wrapper_i/pipe_clock_int.pipe_clock_i/userclk1_i1.usrclk1_i1/I
    BUFGCTRL_X0Y0        BUFG (Prop_bufg_I_O)         0.077    20.021 r  XDMA/inst/xdma_v41_m1_pcie2_to_pcie3_wrapper_i/pcie2_ip_i/inst/inst/gt_top_i/pipe_wrapper_i/pipe_clock_int.pipe_clock_i/userclk1_i1.usrclk1_i1/O
                         net (fo=15451, routed)       1.316    21.336    NVP_AUTOINIT/u_sequence/axi_aclk
    SLICE_X2Y26          FDRE                                         r  NVP_AUTOINIT/u_sequence/scl_low_released_count_reg[0]/C
                         clock pessimism              0.325    21.661    
                         clock uncertainty           -0.079    21.582    
    SLICE_X2Y26          FDRE (Setup_fdre_C_CE)      -0.136    21.446    NVP_AUTOINIT/u_sequence/scl_low_released_count_reg[0]
  -------------------------------------------------------------------
                         required time                         21.446    
                         arrival time                          -7.616    
  -------------------------------------------------------------------
                         slack                                 13.830    

Slack (MET) :             13.830ns  (required time - arrival time)
  Source:                 NVP_AUTOINIT/u_sequence/scl_filtered_r_reg/C
                            (rising edge-triggered cell FDSE clocked by userclk1  {rise@0.000ns fall@8.000ns period=16.000ns})
  Destination:            NVP_AUTOINIT/u_sequence/scl_low_released_count_reg[1]/CE
                            (rising edge-triggered cell FDRE clocked by userclk1  {rise@0.000ns fall@8.000ns period=16.000ns})
  Path Group:             userclk1
  Path Type:              Setup (Max at Slow Process Corner)
  Requirement:            16.000ns  (userclk1 rise@16.000ns - userclk1 rise@0.000ns)
  Data Path Delay:        1.928ns  (logic 0.590ns (30.607%)  route 1.338ns (69.393%))
  Logic Levels:           1  (LUT6=1)
  Clock Path Skew:        -0.027ns (DCD - SCD + CPR)
    Destination Clock Delay (DCD):    5.336ns = ( 21.336 - 16.000 ) 
    Source Clock Delay      (SCD):    5.688ns
    Clock Pessimism Removal (CPR):    0.325ns
  Clock Uncertainty:      0.079ns  ((TSJ^2 + DJ^2)^1/2) / 2 + PE
    Total System Jitter     (TSJ):    0.071ns
    Discrete Jitter          (DJ):    0.141ns
    Phase Error              (PE):    0.000ns

    Location             Delay type                Incr(ns)  Path(ns)    Netlist Resource(s)
  -------------------------------------------------------------------    -------------------
                         (clock userclk1 rise edge)
                                                      0.000     0.000 r  
    GTPE2_CHANNEL_X0Y3   GTPE2_CHANNEL                0.000     0.000 r  XDMA/inst/xdma_v41_m1_pcie2_to_pcie3_wrapper_i/pcie2_ip_i/inst/inst/gt_top_i/pipe_wrapper_i/pipe_lane[0].gt_wrapper_i/gtp_channel.gtpe2_channel_i/TXOUTCLK
                         net (fo=1, routed)           1.209     1.209    XDMA/inst/xdma_v41_m1_pcie2_to_pcie3_wrapper_i/pcie2_ip_i/inst/inst/gt_top_i/pipe_wrapper_i/pipe_clock_int.pipe_clock_i/txoutclk_i.txoutclk_i_0
    BUFGCTRL_X0Y20                                                    r  XDMA/inst/xdma_v41_m1_pcie2_to_pcie3_wrapper_i/pcie2_ip_i/inst/inst/gt_top_i/pipe_wrapper_i/pipe_clock_int.pipe_clock_i/txoutclk_i.txoutclk_i/I
    BUFGCTRL_X0Y20       BUFG (Prop_bufg_I_O)         0.081     1.290 r  XDMA/inst/xdma_v41_m1_pcie2_to_pcie3_wrapper_i/pcie2_ip_i/inst/inst/gt_top_i/pipe_wrapper_i/pipe_clock_int.pipe_clock_i/txoutclk_i.txoutclk_i/O
                         net (fo=1, routed)           1.391     2.681    XDMA/inst/xdma_v41_m1_pcie2_to_pcie3_wrapper_i/pcie2_ip_i/inst/inst/gt_top_i/pipe_wrapper_i/pipe_clock_int.pipe_clock_i/refclk
    MMCME2_ADV_X0Y0                                                   r  XDMA/inst/xdma_v41_m1_pcie2_to_pcie3_wrapper_i/pcie2_ip_i/inst/inst/gt_top_i/pipe_wrapper_i/pipe_clock_int.pipe_clock_i/mmcm_i/CLKIN1
    MMCME2_ADV_X0Y0      MMCME2_ADV (Prop_mmcme2_adv_CLKIN1_CLKOUT2)
                                                      0.077     2.757 r  XDMA/inst/xdma_v41_m1_pcie2_to_pcie3_wrapper_i/pcie2_ip_i/inst/inst/gt_top_i/pipe_wrapper_i/pipe_clock_int.pipe_clock_i/mmcm_i/CLKOUT2
                         net (fo=1, routed)           1.425     4.182    XDMA/inst/xdma_v41_m1_pcie2_to_pcie3_wrapper_i/pcie2_ip_i/inst/inst/gt_top_i/pipe_wrapper_i/pipe_clock_int.pipe_clock_i/userclk1
    BUFGCTRL_X0Y0                                                     r  XDMA/inst/xdma_v41_m1_pcie2_to_pcie3_wrapper_i/pcie2_ip_i/inst/inst/gt_top_i/pipe_wrapper_i/pipe_clock_int.pipe_clock_i/userclk1_i1.usrclk1_i1/I
    BUFGCTRL_X0Y0        BUFG (Prop_bufg_I_O)         0.081     4.263 r  XDMA/inst/xdma_v41_m1_pcie2_to_pcie3_wrapper_i/pcie2_ip_i/inst/inst/gt_top_i/pipe_wrapper_i/pipe_clock_int.pipe_clock_i/userclk1_i1.usrclk1_i1/O
                         net (fo=15451, routed)       1.425     5.688    NVP_AUTOINIT/u_sequence/axi_aclk
    SLICE_X3Y28          FDSE                                         r  NVP_AUTOINIT/u_sequence/scl_filtered_r_reg/C
  -------------------------------------------------------------------    -------------------
    SLICE_X3Y28          FDSE (Prop_fdse_C_Q)         0.348     6.036 f  NVP_AUTOINIT/u_sequence/scl_filtered_r_reg/Q
                         net (fo=3, routed)           0.816     6.852    NVP_AUTOINIT/u_sequence/scl_filtered_r
    SLICE_X4Y30                                                       f  NVP_AUTOINIT/u_sequence/scl_low_released_count[10]_i_2/I2
    SLICE_X4Y30          LUT6 (Prop_lut6_I2_O)        0.242     7.094 r  NVP_AUTOINIT/u_sequence/scl_low_released_count[10]_i_2/O
                         net (fo=11, routed)          0.522     7.616    NVP_AUTOINIT/u_sequence/scl_low_released_count[10]_i_2_n_0
    SLICE_X2Y26          FDRE                                         r  NVP_AUTOINIT/u_sequence/scl_low_released_count_reg[1]/CE
  -------------------------------------------------------------------    -------------------

                         (clock userclk1 rise edge)
                                                     16.000    16.000 r  
    GTPE2_CHANNEL_X0Y3   GTPE2_CHANNEL                0.000    16.000 r  XDMA/inst/xdma_v41_m1_pcie2_to_pcie3_wrapper_i/pcie2_ip_i/inst/inst/gt_top_i/pipe_wrapper_i/pipe_lane[0].gt_wrapper_i/gtp_channel.gtpe2_channel_i/TXOUTCLK
                         net (fo=1, routed)           1.150    17.150    XDMA/inst/xdma_v41_m1_pcie2_to_pcie3_wrapper_i/pcie2_ip_i/inst/inst/gt_top_i/pipe_wrapper_i/pipe_clock_int.pipe_clock_i/txoutclk_i.txoutclk_i_0
    BUFGCTRL_X0Y20                                                    r  XDMA/inst/xdma_v41_m1_pcie2_to_pcie3_wrapper_i/pcie2_ip_i/inst/inst/gt_top_i/pipe_wrapper_i/pipe_clock_int.pipe_clock_i/txoutclk_i.txoutclk_i/I
    BUFGCTRL_X0Y20       BUFG (Prop_bufg_I_O)         0.077    17.227 r  XDMA/inst/xdma_v41_m1_pcie2_to_pcie3_wrapper_i/pcie2_ip_i/inst/inst/gt_top_i/pipe_wrapper_i/pipe_clock_int.pipe_clock_i/txoutclk_i.txoutclk_i/O
                         net (fo=1, routed)           1.286    18.513    XDMA/inst/xdma_v41_m1_pcie2_to_pcie3_wrapper_i/pcie2_ip_i/inst/inst/gt_top_i/pipe_wrapper_i/pipe_clock_int.pipe_clock_i/refclk
    MMCME2_ADV_X0Y0                                                   r  XDMA/inst/xdma_v41_m1_pcie2_to_pcie3_wrapper_i/pcie2_ip_i/inst/inst/gt_top_i/pipe_wrapper_i/pipe_clock_int.pipe_clock_i/mmcm_i/CLKIN1
    MMCME2_ADV_X0Y0      MMCME2_ADV (Prop_mmcme2_adv_CLKIN1_CLKOUT2)
                                                      0.073    18.586 r  XDMA/inst/xdma_v41_m1_pcie2_to_pcie3_wrapper_i/pcie2_ip_i/inst/inst/gt_top_i/pipe_wrapper_i/pipe_clock_int.pipe_clock_i/mmcm_i/CLKOUT2
                         net (fo=1, routed)           1.357    19.944    XDMA/inst/xdma_v41_m1_pcie2_to_pcie3_wrapper_i/pcie2_ip_i/inst/inst/gt_top_i/pipe_wrapper_i/pipe_clock_int.pipe_clock_i/userclk1
    BUFGCTRL_X0Y0                                                     r  XDMA/inst/xdma_v41_m1_pcie2_to_pcie3_wrapper_i/pcie2_ip_i/inst/inst/gt_top_i/pipe_wrapper_i/pipe_clock_int.pipe_clock_i/userclk1_i1.usrclk1_i1/I
    BUFGCTRL_X0Y0        BUFG (Prop_bufg_I_O)         0.077    20.021 r  XDMA/inst/xdma_v41_m1_pcie2_to_pcie3_wrapper_i/pcie2_ip_i/inst/inst/gt_top_i/pipe_wrapper_i/pipe_clock_int.pipe_clock_i/userclk1_i1.usrclk1_i1/O
                         net (fo=15451, routed)       1.316    21.336    NVP_AUTOINIT/u_sequence/axi_aclk
    SLICE_X2Y26          FDRE                                         r  NVP_AUTOINIT/u_sequence/scl_low_released_count_reg[1]/C
                         clock pessimism              0.325    21.661    
                         clock uncertainty           -0.079    21.582    
    SLICE_X2Y26          FDRE (Setup_fdre_C_CE)      -0.136    21.446    NVP_AUTOINIT/u_sequence/scl_low_released_count_reg[1]
  -------------------------------------------------------------------
                         required time                         21.446    
                         arrival time                          -7.616    
  -------------------------------------------------------------------
                         slack                                 13.830    

Slack (MET) :             13.830ns  (required time - arrival time)
  Source:                 NVP_AUTOINIT/u_sequence/scl_filtered_r_reg/C
                            (rising edge-triggered cell FDSE clocked by userclk1  {rise@0.000ns fall@8.000ns period=16.000ns})
  Destination:            NVP_AUTOINIT/u_sequence/scl_low_released_count_reg[2]/CE
                            (rising edge-triggered cell FDRE clocked by userclk1  {rise@0.000ns fall@8.000ns period=16.000ns})
  Path Group:             userclk1
  Path Type:              Setup (Max at Slow Process Corner)
  Requirement:            16.000ns  (userclk1 rise@16.000ns - userclk1 rise@0.000ns)
  Data Path Delay:        1.928ns  (logic 0.590ns (30.607%)  route 1.338ns (69.393%))
  Logic Levels:           1  (LUT6=1)
  Clock Path Skew:        -0.027ns (DCD - SCD + CPR)
    Destination Clock Delay (DCD):    5.336ns = ( 21.336 - 16.000 ) 
    Source Clock Delay      (SCD):    5.688ns
    Clock Pessimism Removal (CPR):    0.325ns
  Clock Uncertainty:      0.079ns  ((TSJ^2 + DJ^2)^1/2) / 2 + PE
    Total System Jitter     (TSJ):    0.071ns
    Discrete Jitter          (DJ):    0.141ns
    Phase Error              (PE):    0.000ns

    Location             Delay type                Incr(ns)  Path(ns)    Netlist Resource(s)
  -------------------------------------------------------------------    -------------------
                         (clock userclk1 rise edge)
                                                      0.000     0.000 r  
    GTPE2_CHANNEL_X0Y3   GTPE2_CHANNEL                0.000     0.000 r  XDMA/inst/xdma_v41_m1_pcie2_to_pcie3_wrapper_i/pcie2_ip_i/inst/inst/gt_top_i/pipe_wrapper_i/pipe_lane[0].gt_wrapper_i/gtp_channel.gtpe2_channel_i/TXOUTCLK
                         net (fo=1, routed)           1.209     1.209    XDMA/inst/xdma_v41_m1_pcie2_to_pcie3_wrapper_i/pcie2_ip_i/inst/inst/gt_top_i/pipe_wrapper_i/pipe_clock_int.pipe_clock_i/txoutclk_i.txoutclk_i_0
    BUFGCTRL_X0Y20                                                    r  XDMA/inst/xdma_v41_m1_pcie2_to_pcie3_wrapper_i/pcie2_ip_i/inst/inst/gt_top_i/pipe_wrapper_i/pipe_clock_int.pipe_clock_i/txoutclk_i.txoutclk_i/I
    BUFGCTRL_X0Y20       BUFG (Prop_bufg_I_O)         0.081     1.290 r  XDMA/inst/xdma_v41_m1_pcie2_to_pcie3_wrapper_i/pcie2_ip_i/inst/inst/gt_top_i/pipe_wrapper_i/pipe_clock_int.pipe_clock_i/txoutclk_i.txoutclk_i/O
                         net (fo=1, routed)           1.391     2.681    XDMA/inst/xdma_v41_m1_pcie2_to_pcie3_wrapper_i/pcie2_ip_i/inst/inst/gt_top_i/pipe_wrapper_i/pipe_clock_int.pipe_clock_i/refclk
    MMCME2_ADV_X0Y0                                                   r  XDMA/inst/xdma_v41_m1_pcie2_to_pcie3_wrapper_i/pcie2_ip_i/inst/inst/gt_top_i/pipe_wrapper_i/pipe_clock_int.pipe_clock_i/mmcm_i/CLKIN1
    MMCME2_ADV_X0Y0      MMCME2_ADV (Prop_mmcme2_adv_CLKIN1_CLKOUT2)
                                                      0.077     2.757 r  XDMA/inst/xdma_v41_m1_pcie2_to_pcie3_wrapper_i/pcie2_ip_i/inst/inst/gt_top_i/pipe_wrapper_i/pipe_clock_int.pipe_clock_i/mmcm_i/CLKOUT2
                         net (fo=1, routed)           1.425     4.182    XDMA/inst/xdma_v41_m1_pcie2_to_pcie3_wrapper_i/pcie2_ip_i/inst/inst/gt_top_i/pipe_wrapper_i/pipe_clock_int.pipe_clock_i/userclk1
    BUFGCTRL_X0Y0                                                     r  XDMA/inst/xdma_v41_m1_pcie2_to_pcie3_wrapper_i/pcie2_ip_i/inst/inst/gt_top_i/pipe_wrapper_i/pipe_clock_int.pipe_clock_i/userclk1_i1.usrclk1_i1/I
    BUFGCTRL_X0Y0        BUFG (Prop_bufg_I_O)         0.081     4.263 r  XDMA/inst/xdma_v41_m1_pcie2_to_pcie3_wrapper_i/pcie2_ip_i/inst/inst/gt_top_i/pipe_wrapper_i/pipe_clock_int.pipe_clock_i/userclk1_i1.usrclk1_i1/O
                         net (fo=15451, routed)       1.425     5.688    NVP_AUTOINIT/u_sequence/axi_aclk
    SLICE_X3Y28          FDSE                                         r  NVP_AUTOINIT/u_sequence/scl_filtered_r_reg/C
  -------------------------------------------------------------------    -------------------
    SLICE_X3Y28          FDSE (Prop_fdse_C_Q)         0.348     6.036 f  NVP_AUTOINIT/u_sequence/scl_filtered_r_reg/Q
                         net (fo=3, routed)           0.816     6.852    NVP_AUTOINIT/u_sequence/scl_filtered_r
    SLICE_X4Y30                                                       f  NVP_AUTOINIT/u_sequence/scl_low_released_count[10]_i_2/I2
    SLICE_X4Y30          LUT6 (Prop_lut6_I2_O)        0.242     7.094 r  NVP_AUTOINIT/u_sequence/scl_low_released_count[10]_i_2/O
                         net (fo=11, routed)          0.522     7.616    NVP_AUTOINIT/u_sequence/scl_low_released_count[10]_i_2_n_0
    SLICE_X2Y26          FDRE                                         r  NVP_AUTOINIT/u_sequence/scl_low_released_count_reg[2]/CE
  -------------------------------------------------------------------    -------------------

                         (clock userclk1 rise edge)
                                                     16.000    16.000 r  
    GTPE2_CHANNEL_X0Y3   GTPE2_CHANNEL                0.000    16.000 r  XDMA/inst/xdma_v41_m1_pcie2_to_pcie3_wrapper_i/pcie2_ip_i/inst/inst/gt_top_i/pipe_wrapper_i/pipe_lane[0].gt_wrapper_i/gtp_channel.gtpe2_channel_i/TXOUTCLK
                         net (fo=1, routed)           1.150    17.150    XDMA/inst/xdma_v41_m1_pcie2_to_pcie3_wrapper_i/pcie2_ip_i/inst/inst/gt_top_i/pipe_wrapper_i/pipe_clock_int.pipe_clock_i/txoutclk_i.txoutclk_i_0
    BUFGCTRL_X0Y20                                                    r  XDMA/inst/xdma_v41_m1_pcie2_to_pcie3_wrapper_i/pcie2_ip_i/inst/inst/gt_top_i/pipe_wrapper_i/pipe_clock_int.pipe_clock_i/txoutclk_i.txoutclk_i/I
    BUFGCTRL_X0Y20       BUFG (Prop_bufg_I_O)         0.077    17.227 r  XDMA/inst/xdma_v41_m1_pcie2_to_pcie3_wrapper_i/pcie2_ip_i/inst/inst/gt_top_i/pipe_wrapper_i/pipe_clock_int.pipe_clock_i/txoutclk_i.txoutclk_i/O
                         net (fo=1, routed)           1.286    18.513    XDMA/inst/xdma_v41_m1_pcie2_to_pcie3_wrapper_i/pcie2_ip_i/inst/inst/gt_top_i/pipe_wrapper_i/pipe_clock_int.pipe_clock_i/refclk
    MMCME2_ADV_X0Y0                                                   r  XDMA/inst/xdma_v41_m1_pcie2_to_pcie3_wrapper_i/pcie2_ip_i/inst/inst/gt_top_i/pipe_wrapper_i/pipe_clock_int.pipe_clock_i/mmcm_i/CLKIN1
    MMCME2_ADV_X0Y0      MMCME2_ADV (Prop_mmcme2_adv_CLKIN1_CLKOUT2)
                                                      0.073    18.586 r  XDMA/inst/xdma_v41_m1_pcie2_to_pcie3_wrapper_i/pcie2_ip_i/inst/inst/gt_top_i/pipe_wrapper_i/pipe_clock_int.pipe_clock_i/mmcm_i/CLKOUT2
                         net (fo=1, routed)           1.357    19.944    XDMA/inst/xdma_v41_m1_pcie2_to_pcie3_wrapper_i/pcie2_ip_i/inst/inst/gt_top_i/pipe_wrapper_i/pipe_clock_int.pipe_clock_i/userclk1
    BUFGCTRL_X0Y0                                                     r  XDMA/inst/xdma_v41_m1_pcie2_to_pcie3_wrapper_i/pcie2_ip_i/inst/inst/gt_top_i/pipe_wrapper_i/pipe_clock_int.pipe_clock_i/userclk1_i1.usrclk1_i1/I
    BUFGCTRL_X0Y0        BUFG (Prop_bufg_I_O)         0.077    20.021 r  XDMA/inst/xdma_v41_m1_pcie2_to_pcie3_wrapper_i/pcie2_ip_i/inst/inst/gt_top_i/pipe_wrapper_i/pipe_clock_int.pipe_clock_i/userclk1_i1.usrclk1_i1/O
                         net (fo=15451, routed)       1.316    21.336    NVP_AUTOINIT/u_sequence/axi_aclk
    SLICE_X2Y26          FDRE                                         r  NVP_AUTOINIT/u_sequence/scl_low_released_count_reg[2]/C
                         clock pessimism              0.325    21.661    
                         clock uncertainty           -0.079    21.582    
    SLICE_X2Y26          FDRE (Setup_fdre_C_CE)      -0.136    21.446    NVP_AUTOINIT/u_sequence/scl_low_released_count_reg[2]
  -------------------------------------------------------------------
                         required time                         21.446    
                         arrival time                          -7.616    
  -------------------------------------------------------------------
                         slack                                 13.830    

Slack (MET) :             13.830ns  (required time - arrival time)
  Source:                 NVP_AUTOINIT/u_sequence/scl_filtered_r_reg/C
                            (rising edge-triggered cell FDSE clocked by userclk1  {rise@0.000ns fall@8.000ns period=16.000ns})
  Destination:            NVP_AUTOINIT/u_sequence/scl_low_released_count_reg[3]/CE
                            (rising edge-triggered cell FDRE clocked by userclk1  {rise@0.000ns fall@8.000ns period=16.000ns})
  Path Group:             userclk1
  Path Type:              Setup (Max at Slow Process Corner)
  Requirement:            16.000ns  (userclk1 rise@16.000ns - userclk1 rise@0.000ns)
  Data Path Delay:        1.928ns  (logic 0.590ns (30.607%)  route 1.338ns (69.393%))
  Logic Levels:           1  (LUT6=1)
  Clock Path Skew:        -0.027ns (DCD - SCD + CPR)
    Destination Clock Delay (DCD):    5.336ns = ( 21.336 - 16.000 ) 
    Source Clock Delay      (SCD):    5.688ns
    Clock Pessimism Removal (CPR):    0.325ns
  Clock Uncertainty:      0.079ns  ((TSJ^2 + DJ^2)^1/2) / 2 + PE
    Total System Jitter     (TSJ):    0.071ns
    Discrete Jitter          (DJ):    0.141ns
    Phase Error              (PE):    0.000ns

    Location             Delay type                Incr(ns)  Path(ns)    Netlist Resource(s)
  -------------------------------------------------------------------    -------------------
                         (clock userclk1 rise edge)
                                                      0.000     0.000 r  
    GTPE2_CHANNEL_X0Y3   GTPE2_CHANNEL                0.000     0.000 r  XDMA/inst/xdma_v41_m1_pcie2_to_pcie3_wrapper_i/pcie2_ip_i/inst/inst/gt_top_i/pipe_wrapper_i/pipe_lane[0].gt_wrapper_i/gtp_channel.gtpe2_channel_i/TXOUTCLK
                         net (fo=1, routed)           1.209     1.209    XDMA/inst/xdma_v41_m1_pcie2_to_pcie3_wrapper_i/pcie2_ip_i/inst/inst/gt_top_i/pipe_wrapper_i/pipe_clock_int.pipe_clock_i/txoutclk_i.txoutclk_i_0
    BUFGCTRL_X0Y20                                                    r  XDMA/inst/xdma_v41_m1_pcie2_to_pcie3_wrapper_i/pcie2_ip_i/inst/inst/gt_top_i/pipe_wrapper_i/pipe_clock_int.pipe_clock_i/txoutclk_i.txoutclk_i/I
    BUFGCTRL_X0Y20       BUFG (Prop_bufg_I_O)         0.081     1.290 r  XDMA/inst/xdma_v41_m1_pcie2_to_pcie3_wrapper_i/pcie2_ip_i/inst/inst/gt_top_i/pipe_wrapper_i/pipe_clock_int.pipe_clock_i/txoutclk_i.txoutclk_i/O
                         net (fo=1, routed)           1.391     2.681    XDMA/inst/xdma_v41_m1_pcie2_to_pcie3_wrapper_i/pcie2_ip_i/inst/inst/gt_top_i/pipe_wrapper_i/pipe_clock_int.pipe_clock_i/refclk
    MMCME2_ADV_X0Y0                                                   r  XDMA/inst/xdma_v41_m1_pcie2_to_pcie3_wrapper_i/pcie2_ip_i/inst/inst/gt_top_i/pipe_wrapper_i/pipe_clock_int.pipe_clock_i/mmcm_i/CLKIN1
    MMCME2_ADV_X0Y0      MMCME2_ADV (Prop_mmcme2_adv_CLKIN1_CLKOUT2)
                                                      0.077     2.757 r  XDMA/inst/xdma_v41_m1_pcie2_to_pcie3_wrapper_i/pcie2_ip_i/inst/inst/gt_top_i/pipe_wrapper_i/pipe_clock_int.pipe_clock_i/mmcm_i/CLKOUT2
                         net (fo=1, routed)           1.425     4.182    XDMA/inst/xdma_v41_m1_pcie2_to_pcie3_wrapper_i/pcie2_ip_i/inst/inst/gt_top_i/pipe_wrapper_i/pipe_clock_int.pipe_clock_i/userclk1
    BUFGCTRL_X0Y0                                                     r  XDMA/inst/xdma_v41_m1_pcie2_to_pcie3_wrapper_i/pcie2_ip_i/inst/inst/gt_top_i/pipe_wrapper_i/pipe_clock_int.pipe_clock_i/userclk1_i1.usrclk1_i1/I
    BUFGCTRL_X0Y0        BUFG (Prop_bufg_I_O)         0.081     4.263 r  XDMA/inst/xdma_v41_m1_pcie2_to_pcie3_wrapper_i/pcie2_ip_i/inst/inst/gt_top_i/pipe_wrapper_i/pipe_clock_int.pipe_clock_i/userclk1_i1.usrclk1_i1/O
                         net (fo=15451, routed)       1.425     5.688    NVP_AUTOINIT/u_sequence/axi_aclk
    SLICE_X3Y28          FDSE                                         r  NVP_AUTOINIT/u_sequence/scl_filtered_r_reg/C
  -------------------------------------------------------------------    -------------------
    SLICE_X3Y28          FDSE (Prop_fdse_C_Q)         0.348     6.036 f  NVP_AUTOINIT/u_sequence/scl_filtered_r_reg/Q
                         net (fo=3, routed)           0.816     6.852    NVP_AUTOINIT/u_sequence/scl_filtered_r
    SLICE_X4Y30                                                       f  NVP_AUTOINIT/u_sequence/scl_low_released_count[10]_i_2/I2
    SLICE_X4Y30          LUT6 (Prop_lut6_I2_O)        0.242     7.094 r  NVP_AUTOINIT/u_sequence/scl_low_released_count[10]_i_2/O
                         net (fo=11, routed)          0.522     7.616    NVP_AUTOINIT/u_sequence/scl_low_released_count[10]_i_2_n_0
    SLICE_X2Y26          FDRE                                         r  NVP_AUTOINIT/u_sequence/scl_low_released_count_reg[3]/CE
  -------------------------------------------------------------------    -------------------

                         (clock userclk1 rise edge)
                                                     16.000    16.000 r  
    GTPE2_CHANNEL_X0Y3   GTPE2_CHANNEL                0.000    16.000 r  XDMA/inst/xdma_v41_m1_pcie2_to_pcie3_wrapper_i/pcie2_ip_i/inst/inst/gt_top_i/pipe_wrapper_i/pipe_lane[0].gt_wrapper_i/gtp_channel.gtpe2_channel_i/TXOUTCLK
                         net (fo=1, routed)           1.150    17.150    XDMA/inst/xdma_v41_m1_pcie2_to_pcie3_wrapper_i/pcie2_ip_i/inst/inst/gt_top_i/pipe_wrapper_i/pipe_clock_int.pipe_clock_i/txoutclk_i.txoutclk_i_0
    BUFGCTRL_X0Y20                                                    r  XDMA/inst/xdma_v41_m1_pcie2_to_pcie3_wrapper_i/pcie2_ip_i/inst/inst/gt_top_i/pipe_wrapper_i/pipe_clock_int.pipe_clock_i/txoutclk_i.txoutclk_i/I
    BUFGCTRL_X0Y20       BUFG (Prop_bufg_I_O)         0.077    17.227 r  XDMA/inst/xdma_v41_m1_pcie2_to_pcie3_wrapper_i/pcie2_ip_i/inst/inst/gt_top_i/pipe_wrapper_i/pipe_clock_int.pipe_clock_i/txoutclk_i.txoutclk_i/O
                         net (fo=1, routed)           1.286    18.513    XDMA/inst/xdma_v41_m1_pcie2_to_pcie3_wrapper_i/pcie2_ip_i/inst/inst/gt_top_i/pipe_wrapper_i/pipe_clock_int.pipe_clock_i/refclk
    MMCME2_ADV_X0Y0                                                   r  XDMA/inst/xdma_v41_m1_pcie2_to_pcie3_wrapper_i/pcie2_ip_i/inst/inst/gt_top_i/pipe_wrapper_i/pipe_clock_int.pipe_clock_i/mmcm_i/CLKIN1
    MMCME2_ADV_X0Y0      MMCME2_ADV (Prop_mmcme2_adv_CLKIN1_CLKOUT2)
                                                      0.073    18.586 r  XDMA/inst/xdma_v41_m1_pcie2_to_pcie3_wrapper_i/pcie2_ip_i/inst/inst/gt_top_i/pipe_wrapper_i/pipe_clock_int.pipe_clock_i/mmcm_i/CLKOUT2
                         net (fo=1, routed)           1.357    19.944    XDMA/inst/xdma_v41_m1_pcie2_to_pcie3_wrapper_i/pcie2_ip_i/inst/inst/gt_top_i/pipe_wrapper_i/pipe_clock_int.pipe_clock_i/userclk1
    BUFGCTRL_X0Y0                                                     r  XDMA/inst/xdma_v41_m1_pcie2_to_pcie3_wrapper_i/pcie2_ip_i/inst/inst/gt_top_i/pipe_wrapper_i/pipe_clock_int.pipe_clock_i/userclk1_i1.usrclk1_i1/I
    BUFGCTRL_X0Y0        BUFG (Prop_bufg_I_O)         0.077    20.021 r  XDMA/inst/xdma_v41_m1_pcie2_to_pcie3_wrapper_i/pcie2_ip_i/inst/inst/gt_top_i/pipe_wrapper_i/pipe_clock_int.pipe_clock_i/userclk1_i1.usrclk1_i1/O
                         net (fo=15451, routed)       1.316    21.336    NVP_AUTOINIT/u_sequence/axi_aclk
    SLICE_X2Y26          FDRE                                         r  NVP_AUTOINIT/u_sequence/scl_low_released_count_reg[3]/C
                         clock pessimism              0.325    21.661    
                         clock uncertainty           -0.079    21.582    
    SLICE_X2Y26          FDRE (Setup_fdre_C_CE)      -0.136    21.446    NVP_AUTOINIT/u_sequence/scl_low_released_count_reg[3]
  -------------------------------------------------------------------
                         required time                         21.446    
                         arrival time                          -7.616    
  -------------------------------------------------------------------
                         slack                                 13.830    

Slack (MET) :             13.830ns  (required time - arrival time)
  Source:                 NVP_AUTOINIT/u_sequence/scl_filtered_r_reg/C
                            (rising edge-triggered cell FDSE clocked by userclk1  {rise@0.000ns fall@8.000ns period=16.000ns})
  Destination:            NVP_AUTOINIT/u_sequence/scl_low_released_count_reg[4]/CE
                            (rising edge-triggered cell FDRE clocked by userclk1  {rise@0.000ns fall@8.000ns period=16.000ns})
  Path Group:             userclk1
  Path Type:              Setup (Max at Slow Process Corner)
  Requirement:            16.000ns  (userclk1 rise@16.000ns - userclk1 rise@0.000ns)
  Data Path Delay:        1.928ns  (logic 0.590ns (30.607%)  route 1.338ns (69.393%))
  Logic Levels:           1  (LUT6=1)
  Clock Path Skew:        -0.027ns (DCD - SCD + CPR)
    Destination Clock Delay (DCD):    5.336ns = ( 21.336 - 16.000 ) 
    Source Clock Delay      (SCD):    5.688ns
    Clock Pessimism Removal (CPR):    0.325ns
  Clock Uncertainty:      0.079ns  ((TSJ^2 + DJ^2)^1/2) / 2 + PE
    Total System Jitter     (TSJ):    0.071ns
    Discrete Jitter          (DJ):    0.141ns
    Phase Error              (PE):    0.000ns

    Location             Delay type                Incr(ns)  Path(ns)    Netlist Resource(s)
  -------------------------------------------------------------------    -------------------
                         (clock userclk1 rise edge)
                                                      0.000     0.000 r  
    GTPE2_CHANNEL_X0Y3   GTPE2_CHANNEL                0.000     0.000 r  XDMA/inst/xdma_v41_m1_pcie2_to_pcie3_wrapper_i/pcie2_ip_i/inst/inst/gt_top_i/pipe_wrapper_i/pipe_lane[0].gt_wrapper_i/gtp_channel.gtpe2_channel_i/TXOUTCLK
                         net (fo=1, routed)           1.209     1.209    XDMA/inst/xdma_v41_m1_pcie2_to_pcie3_wrapper_i/pcie2_ip_i/inst/inst/gt_top_i/pipe_wrapper_i/pipe_clock_int.pipe_clock_i/txoutclk_i.txoutclk_i_0
    BUFGCTRL_X0Y20                                                    r  XDMA/inst/xdma_v41_m1_pcie2_to_pcie3_wrapper_i/pcie2_ip_i/inst/inst/gt_top_i/pipe_wrapper_i/pipe_clock_int.pipe_clock_i/txoutclk_i.txoutclk_i/I
    BUFGCTRL_X0Y20       BUFG (Prop_bufg_I_O)         0.081     1.290 r  XDMA/inst/xdma_v41_m1_pcie2_to_pcie3_wrapper_i/pcie2_ip_i/inst/inst/gt_top_i/pipe_wrapper_i/pipe_clock_int.pipe_clock_i/txoutclk_i.txoutclk_i/O
                         net (fo=1, routed)           1.391     2.681    XDMA/inst/xdma_v41_m1_pcie2_to_pcie3_wrapper_i/pcie2_ip_i/inst/inst/gt_top_i/pipe_wrapper_i/pipe_clock_int.pipe_clock_i/refclk
    MMCME2_ADV_X0Y0                                                   r  XDMA/inst/xdma_v41_m1_pcie2_to_pcie3_wrapper_i/pcie2_ip_i/inst/inst/gt_top_i/pipe_wrapper_i/pipe_clock_int.pipe_clock_i/mmcm_i/CLKIN1
    MMCME2_ADV_X0Y0      MMCME2_ADV (Prop_mmcme2_adv_CLKIN1_CLKOUT2)
                                                      0.077     2.757 r  XDMA/inst/xdma_v41_m1_pcie2_to_pcie3_wrapper_i/pcie2_ip_i/inst/inst/gt_top_i/pipe_wrapper_i/pipe_clock_int.pipe_clock_i/mmcm_i/CLKOUT2
                         net (fo=1, routed)           1.425     4.182    XDMA/inst/xdma_v41_m1_pcie2_to_pcie3_wrapper_i/pcie2_ip_i/inst/inst/gt_top_i/pipe_wrapper_i/pipe_clock_int.pipe_clock_i/userclk1
    BUFGCTRL_X0Y0                                                     r  XDMA/inst/xdma_v41_m1_pcie2_to_pcie3_wrapper_i/pcie2_ip_i/inst/inst/gt_top_i/pipe_wrapper_i/pipe_clock_int.pipe_clock_i/userclk1_i1.usrclk1_i1/I
    BUFGCTRL_X0Y0        BUFG (Prop_bufg_I_O)         0.081     4.263 r  XDMA/inst/xdma_v41_m1_pcie2_to_pcie3_wrapper_i/pcie2_ip_i/inst/inst/gt_top_i/pipe_wrapper_i/pipe_clock_int.pipe_clock_i/userclk1_i1.usrclk1_i1/O
                         net (fo=15451, routed)       1.425     5.688    NVP_AUTOINIT/u_sequence/axi_aclk
    SLICE_X3Y28          FDSE                                         r  NVP_AUTOINIT/u_sequence/scl_filtered_r_reg/C
  -------------------------------------------------------------------    -------------------
    SLICE_X3Y28          FDSE (Prop_fdse_C_Q)         0.348     6.036 f  NVP_AUTOINIT/u_sequence/scl_filtered_r_reg/Q
                         net (fo=3, routed)           0.816     6.852    NVP_AUTOINIT/u_sequence/scl_filtered_r
    SLICE_X4Y30                                                       f  NVP_AUTOINIT/u_sequence/scl_low_released_count[10]_i_2/I2
    SLICE_X4Y30          LUT6 (Prop_lut6_I2_O)        0.242     7.094 r  NVP_AUTOINIT/u_sequence/scl_low_released_count[10]_i_2/O
                         net (fo=11, routed)          0.522     7.616    NVP_AUTOINIT/u_sequence/scl_low_released_count[10]_i_2_n_0
    SLICE_X2Y26          FDRE                                         r  NVP_AUTOINIT/u_sequence/scl_low_released_count_reg[4]/CE
  -------------------------------------------------------------------    -------------------

                         (clock userclk1 rise edge)
                                                     16.000    16.000 r  
    GTPE2_CHANNEL_X0Y3   GTPE2_CHANNEL                0.000    16.000 r  XDMA/inst/xdma_v41_m1_pcie2_to_pcie3_wrapper_i/pcie2_ip_i/inst/inst/gt_top_i/pipe_wrapper_i/pipe_lane[0].gt_wrapper_i/gtp_channel.gtpe2_channel_i/TXOUTCLK
                         net (fo=1, routed)           1.150    17.150    XDMA/inst/xdma_v41_m1_pcie2_to_pcie3_wrapper_i/pcie2_ip_i/inst/inst/gt_top_i/pipe_wrapper_i/pipe_clock_int.pipe_clock_i/txoutclk_i.txoutclk_i_0
    BUFGCTRL_X0Y20                                                    r  XDMA/inst/xdma_v41_m1_pcie2_to_pcie3_wrapper_i/pcie2_ip_i/inst/inst/gt_top_i/pipe_wrapper_i/pipe_clock_int.pipe_clock_i/txoutclk_i.txoutclk_i/I
    BUFGCTRL_X0Y20       BUFG (Prop_bufg_I_O)         0.077    17.227 r  XDMA/inst/xdma_v41_m1_pcie2_to_pcie3_wrapper_i/pcie2_ip_i/inst/inst/gt_top_i/pipe_wrapper_i/pipe_clock_int.pipe_clock_i/txoutclk_i.txoutclk_i/O
                         net (fo=1, routed)           1.286    18.513    XDMA/inst/xdma_v41_m1_pcie2_to_pcie3_wrapper_i/pcie2_ip_i/inst/inst/gt_top_i/pipe_wrapper_i/pipe_clock_int.pipe_clock_i/refclk
    MMCME2_ADV_X0Y0                                                   r  XDMA/inst/xdma_v41_m1_pcie2_to_pcie3_wrapper_i/pcie2_ip_i/inst/inst/gt_top_i/pipe_wrapper_i/pipe_clock_int.pipe_clock_i/mmcm_i/CLKIN1
    MMCME2_ADV_X0Y0      MMCME2_ADV (Prop_mmcme2_adv_CLKIN1_CLKOUT2)
                                                      0.073    18.586 r  XDMA/inst/xdma_v41_m1_pcie2_to_pcie3_wrapper_i/pcie2_ip_i/inst/inst/gt_top_i/pipe_wrapper_i/pipe_clock_int.pipe_clock_i/mmcm_i/CLKOUT2
                         net (fo=1, routed)           1.357    19.944    XDMA/inst/xdma_v41_m1_pcie2_to_pcie3_wrapper_i/pcie2_ip_i/inst/inst/gt_top_i/pipe_wrapper_i/pipe_clock_int.pipe_clock_i/userclk1
    BUFGCTRL_X0Y0                                                     r  XDMA/inst/xdma_v41_m1_pcie2_to_pcie3_wrapper_i/pcie2_ip_i/inst/inst/gt_top_i/pipe_wrapper_i/pipe_clock_int.pipe_clock_i/userclk1_i1.usrclk1_i1/I
    BUFGCTRL_X0Y0        BUFG (Prop_bufg_I_O)         0.077    20.021 r  XDMA/inst/xdma_v41_m1_pcie2_to_pcie3_wrapper_i/pcie2_ip_i/inst/inst/gt_top_i/pipe_wrapper_i/pipe_clock_int.pipe_clock_i/userclk1_i1.usrclk1_i1/O
                         net (fo=15451, routed)       1.316    21.336    NVP_AUTOINIT/u_sequence/axi_aclk
    SLICE_X2Y26          FDRE                                         r  NVP_AUTOINIT/u_sequence/scl_low_released_count_reg[4]/C
                         clock pessimism              0.325    21.661    
                         clock uncertainty           -0.079    21.582    
    SLICE_X2Y26          FDRE (Setup_fdre_C_CE)      -0.136    21.446    NVP_AUTOINIT/u_sequence/scl_low_released_count_reg[4]
  -------------------------------------------------------------------
                         required time                         21.446    
                         arrival time                          -7.616    
  -------------------------------------------------------------------
                         slack                                 13.830    

Slack (MET) :             13.901ns  (required time - arrival time)
  Source:                 NVP_AUTOINIT/u_sequence/scl_filtered_r_reg/C
                            (rising edge-triggered cell FDSE clocked by userclk1  {rise@0.000ns fall@8.000ns period=16.000ns})
  Destination:            NVP_AUTOINIT/u_sequence/scl_low_released_count_reg[10]/CE
                            (rising edge-triggered cell FDRE clocked by userclk1  {rise@0.000ns fall@8.000ns period=16.000ns})
  Path Group:             userclk1
  Path Type:              Setup (Max at Slow Process Corner)
  Requirement:            16.000ns  (userclk1 rise@16.000ns - userclk1 rise@0.000ns)
  Data Path Delay:        1.827ns  (logic 0.590ns (32.296%)  route 1.237ns (67.704%))
  Logic Levels:           1  (LUT6=1)
  Clock Path Skew:        -0.025ns (DCD - SCD + CPR)
    Destination Clock Delay (DCD):    5.338ns = ( 21.338 - 16.000 ) 
    Source Clock Delay      (SCD):    5.688ns
    Clock Pessimism Removal (CPR):    0.325ns
  Clock Uncertainty:      0.079ns  ((TSJ^2 + DJ^2)^1/2) / 2 + PE
    Total System Jitter     (TSJ):    0.071ns
    Discrete Jitter          (DJ):    0.141ns
    Phase Error              (PE):    0.000ns

    Location             Delay type                Incr(ns)  Path(ns)    Netlist Resource(s)
  -------------------------------------------------------------------    -------------------
                         (clock userclk1 rise edge)
                                                      0.000     0.000 r  
    GTPE2_CHANNEL_X0Y3   GTPE2_CHANNEL                0.000     0.000 r  XDMA/inst/xdma_v41_m1_pcie2_to_pcie3_wrapper_i/pcie2_ip_i/inst/inst/gt_top_i/pipe_wrapper_i/pipe_lane[0].gt_wrapper_i/gtp_channel.gtpe2_channel_i/TXOUTCLK
                         net (fo=1, routed)           1.209     1.209    XDMA/inst/xdma_v41_m1_pcie2_to_pcie3_wrapper_i/pcie2_ip_i/inst/inst/gt_top_i/pipe_wrapper_i/pipe_clock_int.pipe_clock_i/txoutclk_i.txoutclk_i_0
    BUFGCTRL_X0Y20                                                    r  XDMA/inst/xdma_v41_m1_pcie2_to_pcie3_wrapper_i/pcie2_ip_i/inst/inst/gt_top_i/pipe_wrapper_i/pipe_clock_int.pipe_clock_i/txoutclk_i.txoutclk_i/I
    BUFGCTRL_X0Y20       BUFG (Prop_bufg_I_O)         0.081     1.290 r  XDMA/inst/xdma_v41_m1_pcie2_to_pcie3_wrapper_i/pcie2_ip_i/inst/inst/gt_top_i/pipe_wrapper_i/pipe_clock_int.pipe_clock_i/txoutclk_i.txoutclk_i/O
                         net (fo=1, routed)           1.391     2.681    XDMA/inst/xdma_v41_m1_pcie2_to_pcie3_wrapper_i/pcie2_ip_i/inst/inst/gt_top_i/pipe_wrapper_i/pipe_clock_int.pipe_clock_i/refclk
    MMCME2_ADV_X0Y0                                                   r  XDMA/inst/xdma_v41_m1_pcie2_to_pcie3_wrapper_i/pcie2_ip_i/inst/inst/gt_top_i/pipe_wrapper_i/pipe_clock_int.pipe_clock_i/mmcm_i/CLKIN1
    MMCME2_ADV_X0Y0      MMCME2_ADV (Prop_mmcme2_adv_CLKIN1_CLKOUT2)
                                                      0.077     2.757 r  XDMA/inst/xdma_v41_m1_pcie2_to_pcie3_wrapper_i/pcie2_ip_i/inst/inst/gt_top_i/pipe_wrapper_i/pipe_clock_int.pipe_clock_i/mmcm_i/CLKOUT2
                         net (fo=1, routed)           1.425     4.182    XDMA/inst/xdma_v41_m1_pcie2_to_pcie3_wrapper_i/pcie2_ip_i/inst/inst/gt_top_i/pipe_wrapper_i/pipe_clock_int.pipe_clock_i/userclk1
    BUFGCTRL_X0Y0                                                     r  XDMA/inst/xdma_v41_m1_pcie2_to_pcie3_wrapper_i/pcie2_ip_i/inst/inst/gt_top_i/pipe_wrapper_i/pipe_clock_int.pipe_clock_i/userclk1_i1.usrclk1_i1/I
    BUFGCTRL_X0Y0        BUFG (Prop_bufg_I_O)         0.081     4.263 r  XDMA/inst/xdma_v41_m1_pcie2_to_pcie3_wrapper_i/pcie2_ip_i/inst/inst/gt_top_i/pipe_wrapper_i/pipe_clock_int.pipe_clock_i/userclk1_i1.usrclk1_i1/O
                         net (fo=15451, routed)       1.425     5.688    NVP_AUTOINIT/u_sequence/axi_aclk
    SLICE_X3Y28          FDSE                                         r  NVP_AUTOINIT/u_sequence/scl_filtered_r_reg/C
  -------------------------------------------------------------------    -------------------
    SLICE_X3Y28          FDSE (Prop_fdse_C_Q)         0.348     6.036 f  NVP_AUTOINIT/u_sequence/scl_filtered_r_reg/Q
                         net (fo=3, routed)           0.816     6.852    NVP_AUTOINIT/u_sequence/scl_filtered_r
    SLICE_X4Y30                                                       f  NVP_AUTOINIT/u_sequence/scl_low_released_count[10]_i_2/I2
    SLICE_X4Y30          LUT6 (Prop_lut6_I2_O)        0.242     7.094 r  NVP_AUTOINIT/u_sequence/scl_low_released_count[10]_i_2/O
                         net (fo=11, routed)          0.421     7.515    NVP_AUTOINIT/u_sequence/scl_low_released_count[10]_i_2_n_0
    SLICE_X3Y27          FDRE                                         r  NVP_AUTOINIT/u_sequence/scl_low_released_count_reg[10]/CE
  -------------------------------------------------------------------    -------------------

                         (clock userclk1 rise edge)
                                                     16.000    16.000 r  
    GTPE2_CHANNEL_X0Y3   GTPE2_CHANNEL                0.000    16.000 r  XDMA/inst/xdma_v41_m1_pcie2_to_pcie3_wrapper_i/pcie2_ip_i/inst/inst/gt_top_i/pipe_wrapper_i/pipe_lane[0].gt_wrapper_i/gtp_channel.gtpe2_channel_i/TXOUTCLK
                         net (fo=1, routed)           1.150    17.150    XDMA/inst/xdma_v41_m1_pcie2_to_pcie3_wrapper_i/pcie2_ip_i/inst/inst/gt_top_i/pipe_wrapper_i/pipe_clock_int.pipe_clock_i/txoutclk_i.txoutclk_i_0
    BUFGCTRL_X0Y20                                                    r  XDMA/inst/xdma_v41_m1_pcie2_to_pcie3_wrapper_i/pcie2_ip_i/inst/inst/gt_top_i/pipe_wrapper_i/pipe_clock_int.pipe_clock_i/txoutclk_i.txoutclk_i/I
    BUFGCTRL_X0Y20       BUFG (Prop_bufg_I_O)         0.077    17.227 r  XDMA/inst/xdma_v41_m1_pcie2_to_pcie3_wrapper_i/pcie2_ip_i/inst/inst/gt_top_i/pipe_wrapper_i/pipe_clock_int.pipe_clock_i/txoutclk_i.txoutclk_i/O
                         net (fo=1, routed)           1.286    18.513    XDMA/inst/xdma_v41_m1_pcie2_to_pcie3_wrapper_i/pcie2_ip_i/inst/inst/gt_top_i/pipe_wrapper_i/pipe_clock_int.pipe_clock_i/refclk
    MMCME2_ADV_X0Y0                                                   r  XDMA/inst/xdma_v41_m1_pcie2_to_pcie3_wrapper_i/pcie2_ip_i/inst/inst/gt_top_i/pipe_wrapper_i/pipe_clock_int.pipe_clock_i/mmcm_i/CLKIN1
    MMCME2_ADV_X0Y0      MMCME2_ADV (Prop_mmcme2_adv_CLKIN1_CLKOUT2)
                                                      0.073    18.586 r  XDMA/inst/xdma_v41_m1_pcie2_to_pcie3_wrapper_i/pcie2_ip_i/inst/inst/gt_top_i/pipe_wrapper_i/pipe_clock_int.pipe_clock_i/mmcm_i/CLKOUT2
                         net (fo=1, routed)           1.357    19.944    XDMA/inst/xdma_v41_m1_pcie2_to_pcie3_wrapper_i/pcie2_ip_i/inst/inst/gt_top_i/pipe_wrapper_i/pipe_clock_int.pipe_clock_i/userclk1
    BUFGCTRL_X0Y0                                                     r  XDMA/inst/xdma_v41_m1_pcie2_to_pcie3_wrapper_i/pcie2_ip_i/inst/inst/gt_top_i/pipe_wrapper_i/pipe_clock_int.pipe_clock_i/userclk1_i1.usrclk1_i1/I
    BUFGCTRL_X0Y0        BUFG (Prop_bufg_I_O)         0.077    20.021 r  XDMA/inst/xdma_v41_m1_pcie2_to_pcie3_wrapper_i/pcie2_ip_i/inst/inst/gt_top_i/pipe_wrapper_i/pipe_clock_int.pipe_clock_i/userclk1_i1.usrclk1_i1/O
                         net (fo=15451, routed)       1.318    21.338    NVP_AUTOINIT/u_sequence/axi_aclk
    SLICE_X3Y27          FDRE                                         r  NVP_AUTOINIT/u_sequence/scl_low_released_count_reg[10]/C
                         clock pessimism              0.325    21.663    
                         clock uncertainty           -0.079    21.584    
    SLICE_X3Y27          FDRE (Setup_fdre_C_CE)      -0.168    21.416    NVP_AUTOINIT/u_sequence/scl_low_released_count_reg[10]
  -------------------------------------------------------------------
                         required time                         21.416    
                         arrival time                          -7.515    
  -------------------------------------------------------------------
                         slack                                 13.901    

Slack (MET) :             13.901ns  (required time - arrival time)
  Source:                 NVP_AUTOINIT/u_sequence/scl_filtered_r_reg/C
                            (rising edge-triggered cell FDSE clocked by userclk1  {rise@0.000ns fall@8.000ns period=16.000ns})
  Destination:            NVP_AUTOINIT/u_sequence/scl_low_released_count_reg[6]/CE
                            (rising edge-triggered cell FDRE clocked by userclk1  {rise@0.000ns fall@8.000ns period=16.000ns})
  Path Group:             userclk1
  Path Type:              Setup (Max at Slow Process Corner)
  Requirement:            16.000ns  (userclk1 rise@16.000ns - userclk1 rise@0.000ns)
  Data Path Delay:        1.827ns  (logic 0.590ns (32.296%)  route 1.237ns (67.704%))
  Logic Levels:           1  (LUT6=1)
  Clock Path Skew:        -0.025ns (DCD - SCD + CPR)
    Destination Clock Delay (DCD):    5.338ns = ( 21.338 - 16.000 ) 
    Source Clock Delay      (SCD):    5.688ns
    Clock Pessimism Removal (CPR):    0.325ns
  Clock Uncertainty:      0.079ns  ((TSJ^2 + DJ^2)^1/2) / 2 + PE
    Total System Jitter     (TSJ):    0.071ns
    Discrete Jitter          (DJ):    0.141ns
    Phase Error              (PE):    0.000ns

    Location             Delay type                Incr(ns)  Path(ns)    Netlist Resource(s)
  -------------------------------------------------------------------    -------------------
                         (clock userclk1 rise edge)
                                                      0.000     0.000 r  
    GTPE2_CHANNEL_X0Y3   GTPE2_CHANNEL                0.000     0.000 r  XDMA/inst/xdma_v41_m1_pcie2_to_pcie3_wrapper_i/pcie2_ip_i/inst/inst/gt_top_i/pipe_wrapper_i/pipe_lane[0].gt_wrapper_i/gtp_channel.gtpe2_channel_i/TXOUTCLK
                         net (fo=1, routed)           1.209     1.209    XDMA/inst/xdma_v41_m1_pcie2_to_pcie3_wrapper_i/pcie2_ip_i/inst/inst/gt_top_i/pipe_wrapper_i/pipe_clock_int.pipe_clock_i/txoutclk_i.txoutclk_i_0
    BUFGCTRL_X0Y20                                                    r  XDMA/inst/xdma_v41_m1_pcie2_to_pcie3_wrapper_i/pcie2_ip_i/inst/inst/gt_top_i/pipe_wrapper_i/pipe_clock_int.pipe_clock_i/txoutclk_i.txoutclk_i/I
    BUFGCTRL_X0Y20       BUFG (Prop_bufg_I_O)         0.081     1.290 r  XDMA/inst/xdma_v41_m1_pcie2_to_pcie3_wrapper_i/pcie2_ip_i/inst/inst/gt_top_i/pipe_wrapper_i/pipe_clock_int.pipe_clock_i/txoutclk_i.txoutclk_i/O
                         net (fo=1, routed)           1.391     2.681    XDMA/inst/xdma_v41_m1_pcie2_to_pcie3_wrapper_i/pcie2_ip_i/inst/inst/gt_top_i/pipe_wrapper_i/pipe_clock_int.pipe_clock_i/refclk
    MMCME2_ADV_X0Y0                                                   r  XDMA/inst/xdma_v41_m1_pcie2_to_pcie3_wrapper_i/pcie2_ip_i/inst/inst/gt_top_i/pipe_wrapper_i/pipe_clock_int.pipe_clock_i/mmcm_i/CLKIN1
    MMCME2_ADV_X0Y0      MMCME2_ADV (Prop_mmcme2_adv_CLKIN1_CLKOUT2)
                                                      0.077     2.757 r  XDMA/inst/xdma_v41_m1_pcie2_to_pcie3_wrapper_i/pcie2_ip_i/inst/inst/gt_top_i/pipe_wrapper_i/pipe_clock_int.pipe_clock_i/mmcm_i/CLKOUT2
                         net (fo=1, routed)           1.425     4.182    XDMA/inst/xdma_v41_m1_pcie2_to_pcie3_wrapper_i/pcie2_ip_i/inst/inst/gt_top_i/pipe_wrapper_i/pipe_clock_int.pipe_clock_i/userclk1
    BUFGCTRL_X0Y0                                                     r  XDMA/inst/xdma_v41_m1_pcie2_to_pcie3_wrapper_i/pcie2_ip_i/inst/inst/gt_top_i/pipe_wrapper_i/pipe_clock_int.pipe_clock_i/userclk1_i1.usrclk1_i1/I
    BUFGCTRL_X0Y0        BUFG (Prop_bufg_I_O)         0.081     4.263 r  XDMA/inst/xdma_v41_m1_pcie2_to_pcie3_wrapper_i/pcie2_ip_i/inst/inst/gt_top_i/pipe_wrapper_i/pipe_clock_int.pipe_clock_i/userclk1_i1.usrclk1_i1/O
                         net (fo=15451, routed)       1.425     5.688    NVP_AUTOINIT/u_sequence/axi_aclk
    SLICE_X3Y28          FDSE                                         r  NVP_AUTOINIT/u_sequence/scl_filtered_r_reg/C
  -------------------------------------------------------------------    -------------------
    SLICE_X3Y28          FDSE (Prop_fdse_C_Q)         0.348     6.036 f  NVP_AUTOINIT/u_sequence/scl_filtered_r_reg/Q
                         net (fo=3, routed)           0.816     6.852    NVP_AUTOINIT/u_sequence/scl_filtered_r
    SLICE_X4Y30                                                       f  NVP_AUTOINIT/u_sequence/scl_low_released_count[10]_i_2/I2
    SLICE_X4Y30          LUT6 (Prop_lut6_I2_O)        0.242     7.094 r  NVP_AUTOINIT/u_sequence/scl_low_released_count[10]_i_2/O
                         net (fo=11, routed)          0.421     7.515    NVP_AUTOINIT/u_sequence/scl_low_released_count[10]_i_2_n_0
    SLICE_X3Y27          FDRE                                         r  NVP_AUTOINIT/u_sequence/scl_low_released_count_reg[6]/CE
  -------------------------------------------------------------------    -------------------

                         (clock userclk1 rise edge)
                                                     16.000    16.000 r  
    GTPE2_CHANNEL_X0Y3   GTPE2_CHANNEL                0.000    16.000 r  XDMA/inst/xdma_v41_m1_pcie2_to_pcie3_wrapper_i/pcie2_ip_i/inst/inst/gt_top_i/pipe_wrapper_i/pipe_lane[0].gt_wrapper_i/gtp_channel.gtpe2_channel_i/TXOUTCLK
                         net (fo=1, routed)           1.150    17.150    XDMA/inst/xdma_v41_m1_pcie2_to_pcie3_wrapper_i/pcie2_ip_i/inst/inst/gt_top_i/pipe_wrapper_i/pipe_clock_int.pipe_clock_i/txoutclk_i.txoutclk_i_0
    BUFGCTRL_X0Y20                                                    r  XDMA/inst/xdma_v41_m1_pcie2_to_pcie3_wrapper_i/pcie2_ip_i/inst/inst/gt_top_i/pipe_wrapper_i/pipe_clock_int.pipe_clock_i/txoutclk_i.txoutclk_i/I
    BUFGCTRL_X0Y20       BUFG (Prop_bufg_I_O)         0.077    17.227 r  XDMA/inst/xdma_v41_m1_pcie2_to_pcie3_wrapper_i/pcie2_ip_i/inst/inst/gt_top_i/pipe_wrapper_i/pipe_clock_int.pipe_clock_i/txoutclk_i.txoutclk_i/O
                         net (fo=1, routed)           1.286    18.513    XDMA/inst/xdma_v41_m1_pcie2_to_pcie3_wrapper_i/pcie2_ip_i/inst/inst/gt_top_i/pipe_wrapper_i/pipe_clock_int.pipe_clock_i/refclk
    MMCME2_ADV_X0Y0                                                   r  XDMA/inst/xdma_v41_m1_pcie2_to_pcie3_wrapper_i/pcie2_ip_i/inst/inst/gt_top_i/pipe_wrapper_i/pipe_clock_int.pipe_clock_i/mmcm_i/CLKIN1
    MMCME2_ADV_X0Y0      MMCME2_ADV (Prop_mmcme2_adv_CLKIN1_CLKOUT2)
                                                      0.073    18.586 r  XDMA/inst/xdma_v41_m1_pcie2_to_pcie3_wrapper_i/pcie2_ip_i/inst/inst/gt_top_i/pipe_wrapper_i/pipe_clock_int.pipe_clock_i/mmcm_i/CLKOUT2
                         net (fo=1, routed)           1.357    19.944    XDMA/inst/xdma_v41_m1_pcie2_to_pcie3_wrapper_i/pcie2_ip_i/inst/inst/gt_top_i/pipe_wrapper_i/pipe_clock_int.pipe_clock_i/userclk1
    BUFGCTRL_X0Y0                                                     r  XDMA/inst/xdma_v41_m1_pcie2_to_pcie3_wrapper_i/pcie2_ip_i/inst/inst/gt_top_i/pipe_wrapper_i/pipe_clock_int.pipe_clock_i/userclk1_i1.usrclk1_i1/I
    BUFGCTRL_X0Y0        BUFG (Prop_bufg_I_O)         0.077    20.021 r  XDMA/inst/xdma_v41_m1_pcie2_to_pcie3_wrapper_i/pcie2_ip_i/inst/inst/gt_top_i/pipe_wrapper_i/pipe_clock_int.pipe_clock_i/userclk1_i1.usrclk1_i1/O
                         net (fo=15451, routed)       1.318    21.338    NVP_AUTOINIT/u_sequence/axi_aclk
    SLICE_X3Y27          FDRE                                         r  NVP_AUTOINIT/u_sequence/scl_low_released_count_reg[6]/C
                         clock pessimism              0.325    21.663    
                         clock uncertainty           -0.079    21.584    
    SLICE_X3Y27          FDRE (Setup_fdre_C_CE)      -0.168    21.416    NVP_AUTOINIT/u_sequence/scl_low_released_count_reg[6]
  -------------------------------------------------------------------
                         required time                         21.416    
                         arrival time                          -7.515    
  -------------------------------------------------------------------
                         slack                                 13.901    

Slack (MET) :             13.901ns  (required time - arrival time)
  Source:                 NVP_AUTOINIT/u_sequence/scl_filtered_r_reg/C
                            (rising edge-triggered cell FDSE clocked by userclk1  {rise@0.000ns fall@8.000ns period=16.000ns})
  Destination:            NVP_AUTOINIT/u_sequence/scl_low_released_count_reg[8]/CE
                            (rising edge-triggered cell FDRE clocked by userclk1  {rise@0.000ns fall@8.000ns period=16.000ns})
  Path Group:             userclk1
  Path Type:              Setup (Max at Slow Process Corner)
  Requirement:            16.000ns  (userclk1 rise@16.000ns - userclk1 rise@0.000ns)
  Data Path Delay:        1.827ns  (logic 0.590ns (32.296%)  route 1.237ns (67.704%))
  Logic Levels:           1  (LUT6=1)
  Clock Path Skew:        -0.025ns (DCD - SCD + CPR)
    Destination Clock Delay (DCD):    5.338ns = ( 21.338 - 16.000 ) 
    Source Clock Delay      (SCD):    5.688ns
    Clock Pessimism Removal (CPR):    0.325ns
  Clock Uncertainty:      0.079ns  ((TSJ^2 + DJ^2)^1/2) / 2 + PE
    Total System Jitter     (TSJ):    0.071ns
    Discrete Jitter          (DJ):    0.141ns
    Phase Error              (PE):    0.000ns

    Location             Delay type                Incr(ns)  Path(ns)    Netlist Resource(s)
  -------------------------------------------------------------------    -------------------
                         (clock userclk1 rise edge)
                                                      0.000     0.000 r  
    GTPE2_CHANNEL_X0Y3   GTPE2_CHANNEL                0.000     0.000 r  XDMA/inst/xdma_v41_m1_pcie2_to_pcie3_wrapper_i/pcie2_ip_i/inst/inst/gt_top_i/pipe_wrapper_i/pipe_lane[0].gt_wrapper_i/gtp_channel.gtpe2_channel_i/TXOUTCLK
                         net (fo=1, routed)           1.209     1.209    XDMA/inst/xdma_v41_m1_pcie2_to_pcie3_wrapper_i/pcie2_ip_i/inst/inst/gt_top_i/pipe_wrapper_i/pipe_clock_int.pipe_clock_i/txoutclk_i.txoutclk_i_0
    BUFGCTRL_X0Y20                                                    r  XDMA/inst/xdma_v41_m1_pcie2_to_pcie3_wrapper_i/pcie2_ip_i/inst/inst/gt_top_i/pipe_wrapper_i/pipe_clock_int.pipe_clock_i/txoutclk_i.txoutclk_i/I
    BUFGCTRL_X0Y20       BUFG (Prop_bufg_I_O)         0.081     1.290 r  XDMA/inst/xdma_v41_m1_pcie2_to_pcie3_wrapper_i/pcie2_ip_i/inst/inst/gt_top_i/pipe_wrapper_i/pipe_clock_int.pipe_clock_i/txoutclk_i.txoutclk_i/O
                         net (fo=1, routed)           1.391     2.681    XDMA/inst/xdma_v41_m1_pcie2_to_pcie3_wrapper_i/pcie2_ip_i/inst/inst/gt_top_i/pipe_wrapper_i/pipe_clock_int.pipe_clock_i/refclk
    MMCME2_ADV_X0Y0                                                   r  XDMA/inst/xdma_v41_m1_pcie2_to_pcie3_wrapper_i/pcie2_ip_i/inst/inst/gt_top_i/pipe_wrapper_i/pipe_clock_int.pipe_clock_i/mmcm_i/CLKIN1
    MMCME2_ADV_X0Y0      MMCME2_ADV (Prop_mmcme2_adv_CLKIN1_CLKOUT2)
                                                      0.077     2.757 r  XDMA/inst/xdma_v41_m1_pcie2_to_pcie3_wrapper_i/pcie2_ip_i/inst/inst/gt_top_i/pipe_wrapper_i/pipe_clock_int.pipe_clock_i/mmcm_i/CLKOUT2
                         net (fo=1, routed)           1.425     4.182    XDMA/inst/xdma_v41_m1_pcie2_to_pcie3_wrapper_i/pcie2_ip_i/inst/inst/gt_top_i/pipe_wrapper_i/pipe_clock_int.pipe_clock_i/userclk1
    BUFGCTRL_X0Y0                                                     r  XDMA/inst/xdma_v41_m1_pcie2_to_pcie3_wrapper_i/pcie2_ip_i/inst/inst/gt_top_i/pipe_wrapper_i/pipe_clock_int.pipe_clock_i/userclk1_i1.usrclk1_i1/I
    BUFGCTRL_X0Y0        BUFG (Prop_bufg_I_O)         0.081     4.263 r  XDMA/inst/xdma_v41_m1_pcie2_to_pcie3_wrapper_i/pcie2_ip_i/inst/inst/gt_top_i/pipe_wrapper_i/pipe_clock_int.pipe_clock_i/userclk1_i1.usrclk1_i1/O
                         net (fo=15451, routed)       1.425     5.688    NVP_AUTOINIT/u_sequence/axi_aclk
    SLICE_X3Y28          FDSE                                         r  NVP_AUTOINIT/u_sequence/scl_filtered_r_reg/C
  -------------------------------------------------------------------    -------------------
    SLICE_X3Y28          FDSE (Prop_fdse_C_Q)         0.348     6.036 f  NVP_AUTOINIT/u_sequence/scl_filtered_r_reg/Q
                         net (fo=3, routed)           0.816     6.852    NVP_AUTOINIT/u_sequence/scl_filtered_r
    SLICE_X4Y30                                                       f  NVP_AUTOINIT/u_sequence/scl_low_released_count[10]_i_2/I2
    SLICE_X4Y30          LUT6 (Prop_lut6_I2_O)        0.242     7.094 r  NVP_AUTOINIT/u_sequence/scl_low_released_count[10]_i_2/O
                         net (fo=11, routed)          0.421     7.515    NVP_AUTOINIT/u_sequence/scl_low_released_count[10]_i_2_n_0
    SLICE_X3Y27          FDRE                                         r  NVP_AUTOINIT/u_sequence/scl_low_released_count_reg[8]/CE
  -------------------------------------------------------------------    -------------------

                         (clock userclk1 rise edge)
                                                     16.000    16.000 r  
    GTPE2_CHANNEL_X0Y3   GTPE2_CHANNEL                0.000    16.000 r  XDMA/inst/xdma_v41_m1_pcie2_to_pcie3_wrapper_i/pcie2_ip_i/inst/inst/gt_top_i/pipe_wrapper_i/pipe_lane[0].gt_wrapper_i/gtp_channel.gtpe2_channel_i/TXOUTCLK
                         net (fo=1, routed)           1.150    17.150    XDMA/inst/xdma_v41_m1_pcie2_to_pcie3_wrapper_i/pcie2_ip_i/inst/inst/gt_top_i/pipe_wrapper_i/pipe_clock_int.pipe_clock_i/txoutclk_i.txoutclk_i_0
    BUFGCTRL_X0Y20                                                    r  XDMA/inst/xdma_v41_m1_pcie2_to_pcie3_wrapper_i/pcie2_ip_i/inst/inst/gt_top_i/pipe_wrapper_i/pipe_clock_int.pipe_clock_i/txoutclk_i.txoutclk_i/I
    BUFGCTRL_X0Y20       BUFG (Prop_bufg_I_O)         0.077    17.227 r  XDMA/inst/xdma_v41_m1_pcie2_to_pcie3_wrapper_i/pcie2_ip_i/inst/inst/gt_top_i/pipe_wrapper_i/pipe_clock_int.pipe_clock_i/txoutclk_i.txoutclk_i/O
                         net (fo=1, routed)           1.286    18.513    XDMA/inst/xdma_v41_m1_pcie2_to_pcie3_wrapper_i/pcie2_ip_i/inst/inst/gt_top_i/pipe_wrapper_i/pipe_clock_int.pipe_clock_i/refclk
    MMCME2_ADV_X0Y0                                                   r  XDMA/inst/xdma_v41_m1_pcie2_to_pcie3_wrapper_i/pcie2_ip_i/inst/inst/gt_top_i/pipe_wrapper_i/pipe_clock_int.pipe_clock_i/mmcm_i/CLKIN1
    MMCME2_ADV_X0Y0      MMCME2_ADV (Prop_mmcme2_adv_CLKIN1_CLKOUT2)
                                                      0.073    18.586 r  XDMA/inst/xdma_v41_m1_pcie2_to_pcie3_wrapper_i/pcie2_ip_i/inst/inst/gt_top_i/pipe_wrapper_i/pipe_clock_int.pipe_clock_i/mmcm_i/CLKOUT2
                         net (fo=1, routed)           1.357    19.944    XDMA/inst/xdma_v41_m1_pcie2_to_pcie3_wrapper_i/pcie2_ip_i/inst/inst/gt_top_i/pipe_wrapper_i/pipe_clock_int.pipe_clock_i/userclk1
    BUFGCTRL_X0Y0                                                     r  XDMA/inst/xdma_v41_m1_pcie2_to_pcie3_wrapper_i/pcie2_ip_i/inst/inst/gt_top_i/pipe_wrapper_i/pipe_clock_int.pipe_clock_i/userclk1_i1.usrclk1_i1/I
    BUFGCTRL_X0Y0        BUFG (Prop_bufg_I_O)         0.077    20.021 r  XDMA/inst/xdma_v41_m1_pcie2_to_pcie3_wrapper_i/pcie2_ip_i/inst/inst/gt_top_i/pipe_wrapper_i/pipe_clock_int.pipe_clock_i/userclk1_i1.usrclk1_i1/O
                         net (fo=15451, routed)       1.318    21.338    NVP_AUTOINIT/u_sequence/axi_aclk
    SLICE_X3Y27          FDRE                                         r  NVP_AUTOINIT/u_sequence/scl_low_released_count_reg[8]/C
                         clock pessimism              0.325    21.663    
                         clock uncertainty           -0.079    21.584    
    SLICE_X3Y27          FDRE (Setup_fdre_C_CE)      -0.168    21.416    NVP_AUTOINIT/u_sequence/scl_low_released_count_reg[8]
  -------------------------------------------------------------------
                         required time                         21.416    
                         arrival time                          -7.515    
  -------------------------------------------------------------------
                         slack                                 13.901    

Slack (MET) :             13.901ns  (required time - arrival time)
  Source:                 NVP_AUTOINIT/u_sequence/scl_filtered_r_reg/C
                            (rising edge-triggered cell FDSE clocked by userclk1  {rise@0.000ns fall@8.000ns period=16.000ns})
  Destination:            NVP_AUTOINIT/u_sequence/scl_low_released_count_reg[9]/CE
                            (rising edge-triggered cell FDRE clocked by userclk1  {rise@0.000ns fall@8.000ns period=16.000ns})
  Path Group:             userclk1
  Path Type:              Setup (Max at Slow Process Corner)
  Requirement:            16.000ns  (userclk1 rise@16.000ns - userclk1 rise@0.000ns)
  Data Path Delay:        1.827ns  (logic 0.590ns (32.296%)  route 1.237ns (67.704%))
  Logic Levels:           1  (LUT6=1)
  Clock Path Skew:        -0.025ns (DCD - SCD + CPR)
    Destination Clock Delay (DCD):    5.338ns = ( 21.338 - 16.000 ) 
    Source Clock Delay      (SCD):    5.688ns
    Clock Pessimism Removal (CPR):    0.325ns
  Clock Uncertainty:      0.079ns  ((TSJ^2 + DJ^2)^1/2) / 2 + PE
    Total System Jitter     (TSJ):    0.071ns
    Discrete Jitter          (DJ):    0.141ns
    Phase Error              (PE):    0.000ns

    Location             Delay type                Incr(ns)  Path(ns)    Netlist Resource(s)
  -------------------------------------------------------------------    -------------------
                         (clock userclk1 rise edge)
                                                      0.000     0.000 r  
    GTPE2_CHANNEL_X0Y3   GTPE2_CHANNEL                0.000     0.000 r  XDMA/inst/xdma_v41_m1_pcie2_to_pcie3_wrapper_i/pcie2_ip_i/inst/inst/gt_top_i/pipe_wrapper_i/pipe_lane[0].gt_wrapper_i/gtp_channel.gtpe2_channel_i/TXOUTCLK
                         net (fo=1, routed)           1.209     1.209    XDMA/inst/xdma_v41_m1_pcie2_to_pcie3_wrapper_i/pcie2_ip_i/inst/inst/gt_top_i/pipe_wrapper_i/pipe_clock_int.pipe_clock_i/txoutclk_i.txoutclk_i_0
    BUFGCTRL_X0Y20                                                    r  XDMA/inst/xdma_v41_m1_pcie2_to_pcie3_wrapper_i/pcie2_ip_i/inst/inst/gt_top_i/pipe_wrapper_i/pipe_clock_int.pipe_clock_i/txoutclk_i.txoutclk_i/I
    BUFGCTRL_X0Y20       BUFG (Prop_bufg_I_O)         0.081     1.290 r  XDMA/inst/xdma_v41_m1_pcie2_to_pcie3_wrapper_i/pcie2_ip_i/inst/inst/gt_top_i/pipe_wrapper_i/pipe_clock_int.pipe_clock_i/txoutclk_i.txoutclk_i/O
                         net (fo=1, routed)           1.391     2.681    XDMA/inst/xdma_v41_m1_pcie2_to_pcie3_wrapper_i/pcie2_ip_i/inst/inst/gt_top_i/pipe_wrapper_i/pipe_clock_int.pipe_clock_i/refclk
    MMCME2_ADV_X0Y0                                                   r  XDMA/inst/xdma_v41_m1_pcie2_to_pcie3_wrapper_i/pcie2_ip_i/inst/inst/gt_top_i/pipe_wrapper_i/pipe_clock_int.pipe_clock_i/mmcm_i/CLKIN1
    MMCME2_ADV_X0Y0      MMCME2_ADV (Prop_mmcme2_adv_CLKIN1_CLKOUT2)
                                                      0.077     2.757 r  XDMA/inst/xdma_v41_m1_pcie2_to_pcie3_wrapper_i/pcie2_ip_i/inst/inst/gt_top_i/pipe_wrapper_i/pipe_clock_int.pipe_clock_i/mmcm_i/CLKOUT2
                         net (fo=1, routed)           1.425     4.182    XDMA/inst/xdma_v41_m1_pcie2_to_pcie3_wrapper_i/pcie2_ip_i/inst/inst/gt_top_i/pipe_wrapper_i/pipe_clock_int.pipe_clock_i/userclk1
    BUFGCTRL_X0Y0                                                     r  XDMA/inst/xdma_v41_m1_pcie2_to_pcie3_wrapper_i/pcie2_ip_i/inst/inst/gt_top_i/pipe_wrapper_i/pipe_clock_int.pipe_clock_i/userclk1_i1.usrclk1_i1/I
    BUFGCTRL_X0Y0        BUFG (Prop_bufg_I_O)         0.081     4.263 r  XDMA/inst/xdma_v41_m1_pcie2_to_pcie3_wrapper_i/pcie2_ip_i/inst/inst/gt_top_i/pipe_wrapper_i/pipe_clock_int.pipe_clock_i/userclk1_i1.usrclk1_i1/O
                         net (fo=15451, routed)       1.425     5.688    NVP_AUTOINIT/u_sequence/axi_aclk
    SLICE_X3Y28          FDSE                                         r  NVP_AUTOINIT/u_sequence/scl_filtered_r_reg/C
  -------------------------------------------------------------------    -------------------
    SLICE_X3Y28          FDSE (Prop_fdse_C_Q)         0.348     6.036 f  NVP_AUTOINIT/u_sequence/scl_filtered_r_reg/Q
                         net (fo=3, routed)           0.816     6.852    NVP_AUTOINIT/u_sequence/scl_filtered_r
    SLICE_X4Y30                                                       f  NVP_AUTOINIT/u_sequence/scl_low_released_count[10]_i_2/I2
    SLICE_X4Y30          LUT6 (Prop_lut6_I2_O)        0.242     7.094 r  NVP_AUTOINIT/u_sequence/scl_low_released_count[10]_i_2/O
                         net (fo=11, routed)          0.421     7.515    NVP_AUTOINIT/u_sequence/scl_low_released_count[10]_i_2_n_0
    SLICE_X3Y27          FDRE                                         r  NVP_AUTOINIT/u_sequence/scl_low_released_count_reg[9]/CE
  -------------------------------------------------------------------    -------------------

                         (clock userclk1 rise edge)
                                                     16.000    16.000 r  
    GTPE2_CHANNEL_X0Y3   GTPE2_CHANNEL                0.000    16.000 r  XDMA/inst/xdma_v41_m1_pcie2_to_pcie3_wrapper_i/pcie2_ip_i/inst/inst/gt_top_i/pipe_wrapper_i/pipe_lane[0].gt_wrapper_i/gtp_channel.gtpe2_channel_i/TXOUTCLK
                         net (fo=1, routed)           1.150    17.150    XDMA/inst/xdma_v41_m1_pcie2_to_pcie3_wrapper_i/pcie2_ip_i/inst/inst/gt_top_i/pipe_wrapper_i/pipe_clock_int.pipe_clock_i/txoutclk_i.txoutclk_i_0
    BUFGCTRL_X0Y20                                                    r  XDMA/inst/xdma_v41_m1_pcie2_to_pcie3_wrapper_i/pcie2_ip_i/inst/inst/gt_top_i/pipe_wrapper_i/pipe_clock_int.pipe_clock_i/txoutclk_i.txoutclk_i/I
    BUFGCTRL_X0Y20       BUFG (Prop_bufg_I_O)         0.077    17.227 r  XDMA/inst/xdma_v41_m1_pcie2_to_pcie3_wrapper_i/pcie2_ip_i/inst/inst/gt_top_i/pipe_wrapper_i/pipe_clock_int.pipe_clock_i/txoutclk_i.txoutclk_i/O
                         net (fo=1, routed)           1.286    18.513    XDMA/inst/xdma_v41_m1_pcie2_to_pcie3_wrapper_i/pcie2_ip_i/inst/inst/gt_top_i/pipe_wrapper_i/pipe_clock_int.pipe_clock_i/refclk
    MMCME2_ADV_X0Y0                                                   r  XDMA/inst/xdma_v41_m1_pcie2_to_pcie3_wrapper_i/pcie2_ip_i/inst/inst/gt_top_i/pipe_wrapper_i/pipe_clock_int.pipe_clock_i/mmcm_i/CLKIN1
    MMCME2_ADV_X0Y0      MMCME2_ADV (Prop_mmcme2_adv_CLKIN1_CLKOUT2)
                                                      0.073    18.586 r  XDMA/inst/xdma_v41_m1_pcie2_to_pcie3_wrapper_i/pcie2_ip_i/inst/inst/gt_top_i/pipe_wrapper_i/pipe_clock_int.pipe_clock_i/mmcm_i/CLKOUT2
                         net (fo=1, routed)           1.357    19.944    XDMA/inst/xdma_v41_m1_pcie2_to_pcie3_wrapper_i/pcie2_ip_i/inst/inst/gt_top_i/pipe_wrapper_i/pipe_clock_int.pipe_clock_i/userclk1
    BUFGCTRL_X0Y0                                                     r  XDMA/inst/xdma_v41_m1_pcie2_to_pcie3_wrapper_i/pcie2_ip_i/inst/inst/gt_top_i/pipe_wrapper_i/pipe_clock_int.pipe_clock_i/userclk1_i1.usrclk1_i1/I
    BUFGCTRL_X0Y0        BUFG (Prop_bufg_I_O)         0.077    20.021 r  XDMA/inst/xdma_v41_m1_pcie2_to_pcie3_wrapper_i/pcie2_ip_i/inst/inst/gt_top_i/pipe_wrapper_i/pipe_clock_int.pipe_clock_i/userclk1_i1.usrclk1_i1/O
                         net (fo=15451, routed)       1.318    21.338    NVP_AUTOINIT/u_sequence/axi_aclk
    SLICE_X3Y27          FDRE                                         r  NVP_AUTOINIT/u_sequence/scl_low_released_count_reg[9]/C
                         clock pessimism              0.325    21.663    
                         clock uncertainty           -0.079    21.584    
    SLICE_X3Y27          FDRE (Setup_fdre_C_CE)      -0.168    21.416    NVP_AUTOINIT/u_sequence/scl_low_released_count_reg[9]
  -------------------------------------------------------------------
                         required time                         21.416    
                         arrival time                          -7.515    
  -------------------------------------------------------------------
                         slack                                 13.901    

Slack (MET) :             13.933ns  (required time - arrival time)
  Source:                 NVP_AUTOINIT/u_sequence/scl_filtered_r_reg/C
                            (rising edge-triggered cell FDSE clocked by userclk1  {rise@0.000ns fall@8.000ns period=16.000ns})
  Destination:            NVP_AUTOINIT/u_sequence/scl_low_released_count_reg[5]/CE
                            (rising edge-triggered cell FDRE clocked by userclk1  {rise@0.000ns fall@8.000ns period=16.000ns})
  Path Group:             userclk1
  Path Type:              Setup (Max at Slow Process Corner)
  Requirement:            16.000ns  (userclk1 rise@16.000ns - userclk1 rise@0.000ns)
  Data Path Delay:        1.827ns  (logic 0.590ns (32.296%)  route 1.237ns (67.704%))
  Logic Levels:           1  (LUT6=1)
  Clock Path Skew:        -0.025ns (DCD - SCD + CPR)
    Destination Clock Delay (DCD):    5.338ns = ( 21.338 - 16.000 ) 
    Source Clock Delay      (SCD):    5.688ns
    Clock Pessimism Removal (CPR):    0.325ns
  Clock Uncertainty:      0.079ns  ((TSJ^2 + DJ^2)^1/2) / 2 + PE
    Total System Jitter     (TSJ):    0.071ns
    Discrete Jitter          (DJ):    0.141ns
    Phase Error              (PE):    0.000ns

    Location             Delay type                Incr(ns)  Path(ns)    Netlist Resource(s)
  -------------------------------------------------------------------    -------------------
                         (clock userclk1 rise edge)
                                                      0.000     0.000 r  
    GTPE2_CHANNEL_X0Y3   GTPE2_CHANNEL                0.000     0.000 r  XDMA/inst/xdma_v41_m1_pcie2_to_pcie3_wrapper_i/pcie2_ip_i/inst/inst/gt_top_i/pipe_wrapper_i/pipe_lane[0].gt_wrapper_i/gtp_channel.gtpe2_channel_i/TXOUTCLK
                         net (fo=1, routed)           1.209     1.209    XDMA/inst/xdma_v41_m1_pcie2_to_pcie3_wrapper_i/pcie2_ip_i/inst/inst/gt_top_i/pipe_wrapper_i/pipe_clock_int.pipe_clock_i/txoutclk_i.txoutclk_i_0
    BUFGCTRL_X0Y20                                                    r  XDMA/inst/xdma_v41_m1_pcie2_to_pcie3_wrapper_i/pcie2_ip_i/inst/inst/gt_top_i/pipe_wrapper_i/pipe_clock_int.pipe_clock_i/txoutclk_i.txoutclk_i/I
    BUFGCTRL_X0Y20       BUFG (Prop_bufg_I_O)         0.081     1.290 r  XDMA/inst/xdma_v41_m1_pcie2_to_pcie3_wrapper_i/pcie2_ip_i/inst/inst/gt_top_i/pipe_wrapper_i/pipe_clock_int.pipe_clock_i/txoutclk_i.txoutclk_i/O
                         net (fo=1, routed)           1.391     2.681    XDMA/inst/xdma_v41_m1_pcie2_to_pcie3_wrapper_i/pcie2_ip_i/inst/inst/gt_top_i/pipe_wrapper_i/pipe_clock_int.pipe_clock_i/refclk
    MMCME2_ADV_X0Y0                                                   r  XDMA/inst/xdma_v41_m1_pcie2_to_pcie3_wrapper_i/pcie2_ip_i/inst/inst/gt_top_i/pipe_wrapper_i/pipe_clock_int.pipe_clock_i/mmcm_i/CLKIN1
    MMCME2_ADV_X0Y0      MMCME2_ADV (Prop_mmcme2_adv_CLKIN1_CLKOUT2)
                                                      0.077     2.757 r  XDMA/inst/xdma_v41_m1_pcie2_to_pcie3_wrapper_i/pcie2_ip_i/inst/inst/gt_top_i/pipe_wrapper_i/pipe_clock_int.pipe_clock_i/mmcm_i/CLKOUT2
                         net (fo=1, routed)           1.425     4.182    XDMA/inst/xdma_v41_m1_pcie2_to_pcie3_wrapper_i/pcie2_ip_i/inst/inst/gt_top_i/pipe_wrapper_i/pipe_clock_int.pipe_clock_i/userclk1
    BUFGCTRL_X0Y0                                                     r  XDMA/inst/xdma_v41_m1_pcie2_to_pcie3_wrapper_i/pcie2_ip_i/inst/inst/gt_top_i/pipe_wrapper_i/pipe_clock_int.pipe_clock_i/userclk1_i1.usrclk1_i1/I
    BUFGCTRL_X0Y0        BUFG (Prop_bufg_I_O)         0.081     4.263 r  XDMA/inst/xdma_v41_m1_pcie2_to_pcie3_wrapper_i/pcie2_ip_i/inst/inst/gt_top_i/pipe_wrapper_i/pipe_clock_int.pipe_clock_i/userclk1_i1.usrclk1_i1/O
                         net (fo=15451, routed)       1.425     5.688    NVP_AUTOINIT/u_sequence/axi_aclk
    SLICE_X3Y28          FDSE                                         r  NVP_AUTOINIT/u_sequence/scl_filtered_r_reg/C
  -------------------------------------------------------------------    -------------------
    SLICE_X3Y28          FDSE (Prop_fdse_C_Q)         0.348     6.036 f  NVP_AUTOINIT/u_sequence/scl_filtered_r_reg/Q
                         net (fo=3, routed)           0.816     6.852    NVP_AUTOINIT/u_sequence/scl_filtered_r
    SLICE_X4Y30                                                       f  NVP_AUTOINIT/u_sequence/scl_low_released_count[10]_i_2/I2
    SLICE_X4Y30          LUT6 (Prop_lut6_I2_O)        0.242     7.094 r  NVP_AUTOINIT/u_sequence/scl_low_released_count[10]_i_2/O
                         net (fo=11, routed)          0.421     7.515    NVP_AUTOINIT/u_sequence/scl_low_released_count[10]_i_2_n_0
    SLICE_X2Y27          FDRE                                         r  NVP_AUTOINIT/u_sequence/scl_low_released_count_reg[5]/CE
  -------------------------------------------------------------------    -------------------

                         (clock userclk1 rise edge)
                                                     16.000    16.000 r  
    GTPE2_CHANNEL_X0Y3   GTPE2_CHANNEL                0.000    16.000 r  XDMA/inst/xdma_v41_m1_pcie2_to_pcie3_wrapper_i/pcie2_ip_i/inst/inst/gt_top_i/pipe_wrapper_i/pipe_lane[0].gt_wrapper_i/gtp_channel.gtpe2_channel_i/TXOUTCLK
                         net (fo=1, routed)           1.150    17.150    XDMA/inst/xdma_v41_m1_pcie2_to_pcie3_wrapper_i/pcie2_ip_i/inst/inst/gt_top_i/pipe_wrapper_i/pipe_clock_int.pipe_clock_i/txoutclk_i.txoutclk_i_0
    BUFGCTRL_X0Y20                                                    r  XDMA/inst/xdma_v41_m1_pcie2_to_pcie3_wrapper_i/pcie2_ip_i/inst/inst/gt_top_i/pipe_wrapper_i/pipe_clock_int.pipe_clock_i/txoutclk_i.txoutclk_i/I
    BUFGCTRL_X0Y20       BUFG (Prop_bufg_I_O)         0.077    17.227 r  XDMA/inst/xdma_v41_m1_pcie2_to_pcie3_wrapper_i/pcie2_ip_i/inst/inst/gt_top_i/pipe_wrapper_i/pipe_clock_int.pipe_clock_i/txoutclk_i.txoutclk_i/O
                         net (fo=1, routed)           1.286    18.513    XDMA/inst/xdma_v41_m1_pcie2_to_pcie3_wrapper_i/pcie2_ip_i/inst/inst/gt_top_i/pipe_wrapper_i/pipe_clock_int.pipe_clock_i/refclk
    MMCME2_ADV_X0Y0                                                   r  XDMA/inst/xdma_v41_m1_pcie2_to_pcie3_wrapper_i/pcie2_ip_i/inst/inst/gt_top_i/pipe_wrapper_i/pipe_clock_int.pipe_clock_i/mmcm_i/CLKIN1
    MMCME2_ADV_X0Y0      MMCME2_ADV (Prop_mmcme2_adv_CLKIN1_CLKOUT2)
                                                      0.073    18.586 r  XDMA/inst/xdma_v41_m1_pcie2_to_pcie3_wrapper_i/pcie2_ip_i/inst/inst/gt_top_i/pipe_wrapper_i/pipe_clock_int.pipe_clock_i/mmcm_i/CLKOUT2
                         net (fo=1, routed)           1.357    19.944    XDMA/inst/xdma_v41_m1_pcie2_to_pcie3_wrapper_i/pcie2_ip_i/inst/inst/gt_top_i/pipe_wrapper_i/pipe_clock_int.pipe_clock_i/userclk1
    BUFGCTRL_X0Y0                                                     r  XDMA/inst/xdma_v41_m1_pcie2_to_pcie3_wrapper_i/pcie2_ip_i/inst/inst/gt_top_i/pipe_wrapper_i/pipe_clock_int.pipe_clock_i/userclk1_i1.usrclk1_i1/I
    BUFGCTRL_X0Y0        BUFG (Prop_bufg_I_O)         0.077    20.021 r  XDMA/inst/xdma_v41_m1_pcie2_to_pcie3_wrapper_i/pcie2_ip_i/inst/inst/gt_top_i/pipe_wrapper_i/pipe_clock_int.pipe_clock_i/userclk1_i1.usrclk1_i1/O
                         net (fo=15451, routed)       1.318    21.338    NVP_AUTOINIT/u_sequence/axi_aclk
    SLICE_X2Y27          FDRE                                         r  NVP_AUTOINIT/u_sequence/scl_low_released_count_reg[5]/C
                         clock pessimism              0.325    21.663    
                         clock uncertainty           -0.079    21.584    
    SLICE_X2Y27          FDRE (Setup_fdre_C_CE)      -0.136    21.448    NVP_AUTOINIT/u_sequence/scl_low_released_count_reg[5]
  -------------------------------------------------------------------
                         required time                         21.448    
                         arrival time                          -7.515    
  -------------------------------------------------------------------
                         slack                                 13.933    

Slack (MET) :             13.933ns  (required time - arrival time)
  Source:                 NVP_AUTOINIT/u_sequence/scl_filtered_r_reg/C
                            (rising edge-triggered cell FDSE clocked by userclk1  {rise@0.000ns fall@8.000ns period=16.000ns})
  Destination:            NVP_AUTOINIT/u_sequence/scl_low_released_count_reg[7]/CE
                            (rising edge-triggered cell FDRE clocked by userclk1  {rise@0.000ns fall@8.000ns period=16.000ns})
  Path Group:             userclk1
  Path Type:              Setup (Max at Slow Process Corner)
  Requirement:            16.000ns  (userclk1 rise@16.000ns - userclk1 rise@0.000ns)
  Data Path Delay:        1.827ns  (logic 0.590ns (32.296%)  route 1.237ns (67.704%))
  Logic Levels:           1  (LUT6=1)
  Clock Path Skew:        -0.025ns (DCD - SCD + CPR)
    Destination Clock Delay (DCD):    5.338ns = ( 21.338 - 16.000 ) 
    Source Clock Delay      (SCD):    5.688ns
    Clock Pessimism Removal (CPR):    0.325ns
  Clock Uncertainty:      0.079ns  ((TSJ^2 + DJ^2)^1/2) / 2 + PE
    Total System Jitter     (TSJ):    0.071ns
    Discrete Jitter          (DJ):    0.141ns
    Phase Error              (PE):    0.000ns

    Location             Delay type                Incr(ns)  Path(ns)    Netlist Resource(s)
  -------------------------------------------------------------------    -------------------
                         (clock userclk1 rise edge)
                                                      0.000     0.000 r  
    GTPE2_CHANNEL_X0Y3   GTPE2_CHANNEL                0.000     0.000 r  XDMA/inst/xdma_v41_m1_pcie2_to_pcie3_wrapper_i/pcie2_ip_i/inst/inst/gt_top_i/pipe_wrapper_i/pipe_lane[0].gt_wrapper_i/gtp_channel.gtpe2_channel_i/TXOUTCLK
                         net (fo=1, routed)           1.209     1.209    XDMA/inst/xdma_v41_m1_pcie2_to_pcie3_wrapper_i/pcie2_ip_i/inst/inst/gt_top_i/pipe_wrapper_i/pipe_clock_int.pipe_clock_i/txoutclk_i.txoutclk_i_0
    BUFGCTRL_X0Y20                                                    r  XDMA/inst/xdma_v41_m1_pcie2_to_pcie3_wrapper_i/pcie2_ip_i/inst/inst/gt_top_i/pipe_wrapper_i/pipe_clock_int.pipe_clock_i/txoutclk_i.txoutclk_i/I
    BUFGCTRL_X0Y20       BUFG (Prop_bufg_I_O)         0.081     1.290 r  XDMA/inst/xdma_v41_m1_pcie2_to_pcie3_wrapper_i/pcie2_ip_i/inst/inst/gt_top_i/pipe_wrapper_i/pipe_clock_int.pipe_clock_i/txoutclk_i.txoutclk_i/O
                         net (fo=1, routed)           1.391     2.681    XDMA/inst/xdma_v41_m1_pcie2_to_pcie3_wrapper_i/pcie2_ip_i/inst/inst/gt_top_i/pipe_wrapper_i/pipe_clock_int.pipe_clock_i/refclk
    MMCME2_ADV_X0Y0                                                   r  XDMA/inst/xdma_v41_m1_pcie2_to_pcie3_wrapper_i/pcie2_ip_i/inst/inst/gt_top_i/pipe_wrapper_i/pipe_clock_int.pipe_clock_i/mmcm_i/CLKIN1
    MMCME2_ADV_X0Y0      MMCME2_ADV (Prop_mmcme2_adv_CLKIN1_CLKOUT2)
                                                      0.077     2.757 r  XDMA/inst/xdma_v41_m1_pcie2_to_pcie3_wrapper_i/pcie2_ip_i/inst/inst/gt_top_i/pipe_wrapper_i/pipe_clock_int.pipe_clock_i/mmcm_i/CLKOUT2
                         net (fo=1, routed)           1.425     4.182    XDMA/inst/xdma_v41_m1_pcie2_to_pcie3_wrapper_i/pcie2_ip_i/inst/inst/gt_top_i/pipe_wrapper_i/pipe_clock_int.pipe_clock_i/userclk1
    BUFGCTRL_X0Y0                                                     r  XDMA/inst/xdma_v41_m1_pcie2_to_pcie3_wrapper_i/pcie2_ip_i/inst/inst/gt_top_i/pipe_wrapper_i/pipe_clock_int.pipe_clock_i/userclk1_i1.usrclk1_i1/I
    BUFGCTRL_X0Y0        BUFG (Prop_bufg_I_O)         0.081     4.263 r  XDMA/inst/xdma_v41_m1_pcie2_to_pcie3_wrapper_i/pcie2_ip_i/inst/inst/gt_top_i/pipe_wrapper_i/pipe_clock_int.pipe_clock_i/userclk1_i1.usrclk1_i1/O
                         net (fo=15451, routed)       1.425     5.688    NVP_AUTOINIT/u_sequence/axi_aclk
    SLICE_X3Y28          FDSE                                         r  NVP_AUTOINIT/u_sequence/scl_filtered_r_reg/C
  -------------------------------------------------------------------    -------------------
    SLICE_X3Y28          FDSE (Prop_fdse_C_Q)         0.348     6.036 f  NVP_AUTOINIT/u_sequence/scl_filtered_r_reg/Q
                         net (fo=3, routed)           0.816     6.852    NVP_AUTOINIT/u_sequence/scl_filtered_r
    SLICE_X4Y30                                                       f  NVP_AUTOINIT/u_sequence/scl_low_released_count[10]_i_2/I2
    SLICE_X4Y30          LUT6 (Prop_lut6_I2_O)        0.242     7.094 r  NVP_AUTOINIT/u_sequence/scl_low_released_count[10]_i_2/O
                         net (fo=11, routed)          0.421     7.515    NVP_AUTOINIT/u_sequence/scl_low_released_count[10]_i_2_n_0
    SLICE_X2Y27          FDRE                                         r  NVP_AUTOINIT/u_sequence/scl_low_released_count_reg[7]/CE
  -------------------------------------------------------------------    -------------------

                         (clock userclk1 rise edge)
                                                     16.000    16.000 r  
    GTPE2_CHANNEL_X0Y3   GTPE2_CHANNEL                0.000    16.000 r  XDMA/inst/xdma_v41_m1_pcie2_to_pcie3_wrapper_i/pcie2_ip_i/inst/inst/gt_top_i/pipe_wrapper_i/pipe_lane[0].gt_wrapper_i/gtp_channel.gtpe2_channel_i/TXOUTCLK
                         net (fo=1, routed)           1.150    17.150    XDMA/inst/xdma_v41_m1_pcie2_to_pcie3_wrapper_i/pcie2_ip_i/inst/inst/gt_top_i/pipe_wrapper_i/pipe_clock_int.pipe_clock_i/txoutclk_i.txoutclk_i_0
    BUFGCTRL_X0Y20                                                    r  XDMA/inst/xdma_v41_m1_pcie2_to_pcie3_wrapper_i/pcie2_ip_i/inst/inst/gt_top_i/pipe_wrapper_i/pipe_clock_int.pipe_clock_i/txoutclk_i.txoutclk_i/I
    BUFGCTRL_X0Y20       BUFG (Prop_bufg_I_O)         0.077    17.227 r  XDMA/inst/xdma_v41_m1_pcie2_to_pcie3_wrapper_i/pcie2_ip_i/inst/inst/gt_top_i/pipe_wrapper_i/pipe_clock_int.pipe_clock_i/txoutclk_i.txoutclk_i/O
                         net (fo=1, routed)           1.286    18.513    XDMA/inst/xdma_v41_m1_pcie2_to_pcie3_wrapper_i/pcie2_ip_i/inst/inst/gt_top_i/pipe_wrapper_i/pipe_clock_int.pipe_clock_i/refclk
    MMCME2_ADV_X0Y0                                                   r  XDMA/inst/xdma_v41_m1_pcie2_to_pcie3_wrapper_i/pcie2_ip_i/inst/inst/gt_top_i/pipe_wrapper_i/pipe_clock_int.pipe_clock_i/mmcm_i/CLKIN1
    MMCME2_ADV_X0Y0      MMCME2_ADV (Prop_mmcme2_adv_CLKIN1_CLKOUT2)
                                                      0.073    18.586 r  XDMA/inst/xdma_v41_m1_pcie2_to_pcie3_wrapper_i/pcie2_ip_i/inst/inst/gt_top_i/pipe_wrapper_i/pipe_clock_int.pipe_clock_i/mmcm_i/CLKOUT2
                         net (fo=1, routed)           1.357    19.944    XDMA/inst/xdma_v41_m1_pcie2_to_pcie3_wrapper_i/pcie2_ip_i/inst/inst/gt_top_i/pipe_wrapper_i/pipe_clock_int.pipe_clock_i/userclk1
    BUFGCTRL_X0Y0                                                     r  XDMA/inst/xdma_v41_m1_pcie2_to_pcie3_wrapper_i/pcie2_ip_i/inst/inst/gt_top_i/pipe_wrapper_i/pipe_clock_int.pipe_clock_i/userclk1_i1.usrclk1_i1/I
    BUFGCTRL_X0Y0        BUFG (Prop_bufg_I_O)         0.077    20.021 r  XDMA/inst/xdma_v41_m1_pcie2_to_pcie3_wrapper_i/pcie2_ip_i/inst/inst/gt_top_i/pipe_wrapper_i/pipe_clock_int.pipe_clock_i/userclk1_i1.usrclk1_i1/O
                         net (fo=15451, routed)       1.318    21.338    NVP_AUTOINIT/u_sequence/axi_aclk
    SLICE_X2Y27          FDRE                                         r  NVP_AUTOINIT/u_sequence/scl_low_released_count_reg[7]/C
                         clock pessimism              0.325    21.663    
                         clock uncertainty           -0.079    21.584    
    SLICE_X2Y27          FDRE (Setup_fdre_C_CE)      -0.136    21.448    NVP_AUTOINIT/u_sequence/scl_low_released_count_reg[7]
  -------------------------------------------------------------------
                         required time                         21.448    
                         arrival time                          -7.515    
  -------------------------------------------------------------------
                         slack                                 13.933    




