scan,generation,entry_count,bank_group_count,transaction_count,chip_id,revision_id,chip_id_revision_valid,prohibited_reads,nack,timeout,bank_mismatch,incomplete_publication,snapshot_mutation_before_ack,a8_pre,a8_post,a8_changed,raw_sha256,decoded_sha256,raw_path,decoded_path,result
1,2,82,10,105,0x90,0x01,PASS,0,0,0,0,0,0,15,15,0,5EEC1F985BEFB4A217976BB75D626D90D6E19578B83C92BE818CFA3C753C9945,7384DAC33E7CE2056EF742AEA169D8BC7AD3D8BECDC9CD7A684C4D10C1CEEAE5,/home/DUT_USER_REDACTED/vcde_artifacts/g2b_nvp_camera_scan1_r1r1/20260911T202728Z/scanner/repetition/scan-0001.bin,/home/DUT_USER_REDACTED/vcde_artifacts/g2b_nvp_camera_scan1_r1r1/20260911T202728Z/scanner/repetition/scan-0001.json,PASS
2,3,82,10,105,0x90,0x01,PASS,0,0,0,0,0,0,15,15,0,9327E47332C901015CB0A3D519C9BE2B453E24A03FB02FA08EC08F2EB8B9D14B,18CFC1895A6E18ECE61C2EEEA5A5BF981BAD674C37B986F1C5D853050BFB772C,/home/DUT_USER_REDACTED/vcde_artifacts/g2b_nvp_camera_scan1_r1r1/20260911T202728Z/scanner/repetition/scan-0002.bin,/home/DUT_USER_REDACTED/vcde_artifacts/g2b_nvp_camera_scan1_r1r1/20260911T202728Z/scanner/repetition/scan-0002.json,PASS
3,4,82,10,105,0x90,0x01,PASS,0,0,0,0,0,0,15,15,0,C432BE2876B21A0FCC38E9FA6F3E9A3A1DE516261BB86A6239EAB25AEE748094,B44D441E6D307258D28D687676509FB9983253C22729B23F331C8310E9297549,/home/DUT_USER_REDACTED/vcde_artifacts/g2b_nvp_camera_scan1_r1r1/20260911T202728Z/scanner/repetition/scan-0003.bin,/home/DUT_USER_REDACTED/vcde_artifacts/g2b_nvp_camera_scan1_r1r1/20260911T202728Z/scanner/repetition/scan-0003.json,PASS
4,5,82,10,105,0x90,0x01,PASS,0,0,0,0,0,0,15,15,0,CECDBF47BE1722F4BEB8E8329E77F1D03D8EAD64FBDE59224B0BA9457184AD31,1A0AD9B2E647A4B23072E048BA476EC4C537C041EB52EA7BBE4A67105C8A309B,/home/DUT_USER_REDACTED/vcde_artifacts/g2b_nvp_camera_scan1_r1r1/20260911T202728Z/scanner/repetition/scan-0004.bin,/home/DUT_USER_REDACTED/vcde_artifacts/g2b_nvp_camera_scan1_r1r1/20260911T202728Z/scanner/repetition/scan-0004.json,PASS
5,6,82,10,105,0x90,0x01,PASS,0,0,0,0,0,0,15,15,0,1C0ECCD4A3BB124972DEB26742437EEE710B745ECF157EC47B5B0639EF2C7183,3FCB4B668EAC5218F43E53CD1751A1EACA0D207628BD211F4283BF36E4A58ACC,/home/DUT_USER_REDACTED/vcde_artifacts/g2b_nvp_camera_scan1_r1r1/20260911T202728Z/scanner/repetition/scan-0005.bin,/home/DUT_USER_REDACTED/vcde_artifacts/g2b_nvp_camera_scan1_r1r1/20260911T202728Z/scanner/repetition/scan-0005.json,PASS
6,7,82,10,105,0x90,0x01,PASS,0,0,0,0,0,0,15,15,0,E3DB7F73F310BBEFE6DDFAE2E247B5B2B7E4B2BA827293018DB9247B89112E38,D1E931FEA0D972E818CA0E8AA99D3B0C6CDF241719AE1B1570AA27F526EEC526,/home/DUT_USER_REDACTED/vcde_artifacts/g2b_nvp_camera_scan1_r1r1/20260911T202728Z/scanner/repetition/scan-0006.bin,/home/DUT_USER_REDACTED/vcde_artifacts/g2b_nvp_camera_scan1_r1r1/20260911T202728Z/scanner/repetition/scan-0006.json,PASS
7,8,82,10,105,0x90,0x01,PASS,0,0,0,0,0,0,15,15,0,AA68297390B2822A40F487E9E60E274E94BD9693EAE258E5738620E521902F24,93F7EF81DDB9CFBC7D266F4A89F58EB02C478FF243380FEB58797E2FEB167D9F,/home/DUT_USER_REDACTED/vcde_artifacts/g2b_nvp_camera_scan1_r1r1/20260911T202728Z/scanner/repetition/scan-0007.bin,/home/DUT_USER_REDACTED/vcde_artifacts/g2b_nvp_camera_scan1_r1r1/20260911T202728Z/scanner/repetition/scan-0007.json,PASS
8,9,82,10,105,0x90,0x01,PASS,0,0,0,0,0,0,15,15,0,72FAB503C2069A1A97E5FB20069D018A0286BF0B2D389C635E9843581198FF82,17C5B3A7C8A30AC725B8CA64A430F51972BF7C8F5F0B109960C3EE7C12E4CAFD,/home/DUT_USER_REDACTED/vcde_artifacts/g2b_nvp_camera_scan1_r1r1/20260911T202728Z/scanner/repetition/scan-0008.bin,/home/DUT_USER_REDACTED/vcde_artifacts/g2b_nvp_camera_scan1_r1r1/20260911T202728Z/scanner/repetition/scan-0008.json,PASS
9,10,82,10,105,0x90,0x01,PASS,0,0,0,0,0,0,15,15,0,8B61B4434F3F82011C349334654CD522B705821501E2B9814F04A4259C1214E5,5F1665D0643855D2180626CDE7327D29A2FDDC55D9E2F1FFADFCF8DDF4C66E95,/home/DUT_USER_REDACTED/vcde_artifacts/g2b_nvp_camera_scan1_r1r1/20260911T202728Z/scanner/repetition/scan-0009.bin,/home/DUT_USER_REDACTED/vcde_artifacts/g2b_nvp_camera_scan1_r1r1/20260911T202728Z/scanner/repetition/scan-0009.json,PASS
10,11,82,10,105,0x90,0x01,PASS,0,0,0,0,0,0,15,15,0,007D3587FB55F8DB1AF4DD107FB435A4C9263B7125FB5538A22F4D2B4B7FCC2F,05EDCEDEEC7FA2A2270612667C56E45E888CBC8327EC1E818371C639A46F7A02,/home/DUT_USER_REDACTED/vcde_artifacts/g2b_nvp_camera_scan1_r1r1/20260911T202728Z/scanner/repetition/scan-0010.bin,/home/DUT_USER_REDACTED/vcde_artifacts/g2b_nvp_camera_scan1_r1r1/20260911T202728Z/scanner/repetition/scan-0010.json,PASS
11,12,82,10,105,0x90,0x01,PASS,0,0,0,0,0,0,15,15,0,AB65F8933E6CE973AAE72D46FCB1C8E798016D2F8EFEB2C9AFD876D9152E17FE,9B803FC84028CECF576786E10D917440B5BB6CCF8842EA4244FAB7268ADA94D1,/home/DUT_USER_REDACTED/vcde_artifacts/g2b_nvp_camera_scan1_r1r1/20260911T202728Z/scanner/repetition/scan-0011.bin,/home/DUT_USER_REDACTED/vcde_artifacts/g2b_nvp_camera_scan1_r1r1/20260911T202728Z/scanner/repetition/scan-0011.json,PASS
12,13,82,10,105,0x90,0x01,PASS,0,0,0,0,0,0,15,15,0,23A685E2C67BD5D5A8AC8D7AAA9CC2D8CC7044A4556C4F73476EE54B8A043570,7146FA6FE573EB163BF4E051CF5AAE01FF67C5EA4C15D175B8AD6F382F395531,/home/DUT_USER_REDACTED/vcde_artifacts/g2b_nvp_camera_scan1_r1r1/20260911T202728Z/scanner/repetition/scan-0012.bin,/home/DUT_USER_REDACTED/vcde_artifacts/g2b_nvp_camera_scan1_r1r1/20260911T202728Z/scanner/repetition/scan-0012.json,PASS
13,14,82,10,105,0x90,0x01,PASS,0,0,0,0,0,0,15,15,0,3F8F3DA54AD77E93D41275A7A85B3309B013B0198E329DCA1A0B401FE149AF7C,E2D437AB6F7E5B2A1EBAC6F8DA8CD6E1760D9E913B8B2726F3647BCE4B611850,/home/DUT_USER_REDACTED/vcde_artifacts/g2b_nvp_camera_scan1_r1r1/20260911T202728Z/scanner/repetition/scan-0013.bin,/home/DUT_USER_REDACTED/vcde_artifacts/g2b_nvp_camera_scan1_r1r1/20260911T202728Z/scanner/repetition/scan-0013.json,PASS
14,15,82,10,105,0x90,0x01,PASS,0,0,0,0,0,0,15,15,0,62CEFD671F7993E01E9D593BBC14300D50CB6DF6655DA4438B4058B71650117B,F01911CF62BD9EAB7E5ECADBFBC754B3EF15F2B20105746133FA69909111E301,/home/DUT_USER_REDACTED/vcde_artifacts/g2b_nvp_camera_scan1_r1r1/20260911T202728Z/scanner/repetition/scan-0014.bin,/home/DUT_USER_REDACTED/vcde_artifacts/g2b_nvp_camera_scan1_r1r1/20260911T202728Z/scanner/repetition/scan-0014.json,PASS
15,16,82,10,105,0x90,0x01,PASS,0,0,0,0,0,0,15,15,0,A4C840DB87C05703C2C52193615918AD67D9D61AA6089E792D880C06D7F89C59,3FD492F70F1DEC674C2AE188858A2C6C42FCFD8567AB3C0B57630E565A0EC019,/home/DUT_USER_REDACTED/vcde_artifacts/g2b_nvp_camera_scan1_r1r1/20260911T202728Z/scanner/repetition/scan-0015.bin,/home/DUT_USER_REDACTED/vcde_artifacts/g2b_nvp_camera_scan1_r1r1/20260911T202728Z/scanner/repetition/scan-0015.json,PASS
16,17,82,10,105,0x90,0x01,PASS,0,0,0,0,0,0,15,15,0,666FCA6F67695047AAE96FEEC427B6EFCFE9591328B151A7AC8CB7CADA0CAB68,C94E4853CE307EF02A1C19307898938DA7C303350335B23FC1F8C59066DA8C9B,/home/DUT_USER_REDACTED/vcde_artifacts/g2b_nvp_camera_scan1_r1r1/20260911T202728Z/scanner/repetition/scan-0016.bin,/home/DUT_USER_REDACTED/vcde_artifacts/g2b_nvp_camera_scan1_r1r1/20260911T202728Z/scanner/repetition/scan-0016.json,PASS
17,18,82,10,105,0x90,0x01,PASS,0,0,0,0,0,0,15,15,0,3D2D2C09C8C6C40D609D3561DD625DE5B970462C22CF2001D63BF2C8EF7E216D,4F0BCAEB0C88B429424ED940788BA01A95A50FBD8DC80F1942CFCEE605A4E600,/home/DUT_USER_REDACTED/vcde_artifacts/g2b_nvp_camera_scan1_r1r1/20260911T202728Z/scanner/repetition/scan-0017.bin,/home/DUT_USER_REDACTED/vcde_artifacts/g2b_nvp_camera_scan1_r1r1/20260911T202728Z/scanner/repetition/scan-0017.json,PASS
18,19,82,10,105,0x90,0x01,PASS,0,0,0,0,0,0,15,15,0,167309E87A2087F9ADC8000CFB97CD3C8100DE6C5113AE9F4996BF1202B133E4,2B86D4CC746BD9CF9336BC6148BF339732A5EF94D911DC41772D91DB1D32FFC3,/home/DUT_USER_REDACTED/vcde_artifacts/g2b_nvp_camera_scan1_r1r1/20260911T202728Z/scanner/repetition/scan-0018.bin,/home/DUT_USER_REDACTED/vcde_artifacts/g2b_nvp_camera_scan1_r1r1/20260911T202728Z/scanner/repetition/scan-0018.json,PASS
19,20,82,10,105,0x90,0x01,PASS,0,0,0,0,0,0,15,15,0,91A0263F42A60F947370D51CCA7E335BFB2D0BA1AE33C337DF8E194E66D73709,5F5A313B52B5E49DCA75A450E6DBA0C8BB870A6FEE85D69C041C58722D5599C5,/home/DUT_USER_REDACTED/vcde_artifacts/g2b_nvp_camera_scan1_r1r1/20260911T202728Z/scanner/repetition/scan-0019.bin,/home/DUT_USER_REDACTED/vcde_artifacts/g2b_nvp_camera_scan1_r1r1/20260911T202728Z/scanner/repetition/scan-0019.json,PASS
20,21,82,10,105,0x90,0x01,PASS,0,0,0,0,0,0,15,15,0,3EE059455F217DADD7C0FAE5A0919CAAF73744F5015A3BD55DEEFE862FA0CD16,17E4B00D6F745C5B6595488DB61C24124E8371847145DF4F574D31CFFB9138FC,/home/DUT_USER_REDACTED/vcde_artifacts/g2b_nvp_camera_scan1_r1r1/20260911T202728Z/scanner/repetition/scan-0020.bin,/home/DUT_USER_REDACTED/vcde_artifacts/g2b_nvp_camera_scan1_r1r1/20260911T202728Z/scanner/repetition/scan-0020.json,PASS
21,22,82,10,105,0x90,0x01,PASS,0,0,0,0,0,0,15,15,0,C5AD46E35D89F8AF1461DEF5ADCF0C2EA20CEBCAC6FC5D90893B2C3F4F981880,9A60791D386A990571085BC6123DCE7C9EFB356C1952349EEDA1D8C023C8247D,/home/DUT_USER_REDACTED/vcde_artifacts/g2b_nvp_camera_scan1_r1r1/20260911T202728Z/scanner/repetition/scan-0021.bin,/home/DUT_USER_REDACTED/vcde_artifacts/g2b_nvp_camera_scan1_r1r1/20260911T202728Z/scanner/repetition/scan-0021.json,PASS
22,23,82,10,105,0x90,0x01,PASS,0,0,0,0,0,0,15,15,0,8DA4CABE8391DEAEA8FDF63A27E36B705D70A5AAA4C5EF34FD813299A464F107,5330023352F2321F95DB824427B3A4AE86E71B62877849A7C2A75A33F559A150,/home/DUT_USER_REDACTED/vcde_artifacts/g2b_nvp_camera_scan1_r1r1/20260911T202728Z/scanner/repetition/scan-0022.bin,/home/DUT_USER_REDACTED/vcde_artifacts/g2b_nvp_camera_scan1_r1r1/20260911T202728Z/scanner/repetition/scan-0022.json,PASS
23,24,82,10,105,0x90,0x01,PASS,0,0,0,0,0,0,15,15,0,5060BA957B50C2B2668DEADF5281335DBCA2AF0518125F51423B6D66BC197669,1C82A9DB9707D3A51199C0D0F737E0103AC85F059A968565BF26F8B6DD89EE75,/home/DUT_USER_REDACTED/vcde_artifacts/g2b_nvp_camera_scan1_r1r1/20260911T202728Z/scanner/repetition/scan-0023.bin,/home/DUT_USER_REDACTED/vcde_artifacts/g2b_nvp_camera_scan1_r1r1/20260911T202728Z/scanner/repetition/scan-0023.json,PASS
24,25,82,10,105,0x90,0x01,PASS,0,0,0,0,0,0,15,15,0,D52BF122EA8AE1ED0D02D2F0CE98F73A6A2705367E16F53A7F9DC191ED6297D1,1ACA8AF06A97266E7356589B608E7189ADEB6DE8E5147737FE0B34F952E98570,/home/DUT_USER_REDACTED/vcde_artifacts/g2b_nvp_camera_scan1_r1r1/20260911T202728Z/scanner/repetition/scan-0024.bin,/home/DUT_USER_REDACTED/vcde_artifacts/g2b_nvp_camera_scan1_r1r1/20260911T202728Z/scanner/repetition/scan-0024.json,PASS
25,26,82,10,105,0x90,0x01,PASS,0,0,0,0,0,0,15,15,0,A85F0174D8AAB74F225EF2B9C81F2F37C8B442F8485C5D3ABC19536A4A2259FF,CB37A49DC4609AA176B15F7041E474DC962C22507E430F6E1A3F274228669266,/home/DUT_USER_REDACTED/vcde_artifacts/g2b_nvp_camera_scan1_r1r1/20260911T202728Z/scanner/repetition/scan-0025.bin,/home/DUT_USER_REDACTED/vcde_artifacts/g2b_nvp_camera_scan1_r1r1/20260911T202728Z/scanner/repetition/scan-0025.json,PASS
26,27,82,10,105,0x90,0x01,PASS,0,0,0,0,0,0,15,15,0,8C33E0009B2D268ADC7E8EE0D733DE42908F83E9B4BDF2CB26AA07DE09C1FABF,8AC9DFF5C20722C2EEADAC0EDF7C7E5EE5D88C0A0842AFDEEEAF04174652D794,/home/DUT_USER_REDACTED/vcde_artifacts/g2b_nvp_camera_scan1_r1r1/20260911T202728Z/scanner/repetition/scan-0026.bin,/home/DUT_USER_REDACTED/vcde_artifacts/g2b_nvp_camera_scan1_r1r1/20260911T202728Z/scanner/repetition/scan-0026.json,PASS
27,28,82,10,105,0x90,0x01,PASS,0,0,0,0,0,0,15,15,0,1BCF57F48E110299A007D0601FF24A55D8A39AEF6234925AF74DF85BAF5B1122,D3E7EE643C1EC1BB4B2A705D436431DE0C20A4632FD6E9DBC6B78DECAC7FE273,/home/DUT_USER_REDACTED/vcde_artifacts/g2b_nvp_camera_scan1_r1r1/20260911T202728Z/scanner/repetition/scan-0027.bin,/home/DUT_USER_REDACTED/vcde_artifacts/g2b_nvp_camera_scan1_r1r1/20260911T202728Z/scanner/repetition/scan-0027.json,PASS
28,29,82,10,105,0x90,0x01,PASS,0,0,0,0,0,0,15,15,0,57003ADD5FD0017BE14E9A75B1DE2AECE15D2CBB22F67FED49794C5F5206C35E,2AB671CC6736634685B39463AE48BCDD80DEF3DECDCF277002F9789040ABDC2B,/home/DUT_USER_REDACTED/vcde_artifacts/g2b_nvp_camera_scan1_r1r1/20260911T202728Z/scanner/repetition/scan-0028.bin,/home/DUT_USER_REDACTED/vcde_artifacts/g2b_nvp_camera_scan1_r1r1/20260911T202728Z/scanner/repetition/scan-0028.json,PASS
29,30,82,10,105,0x90,0x01,PASS,0,0,0,0,0,0,15,15,0,763BDFB9552A34E3DF3DC4AEE1A03228EE349BB73B4C709E7477580D8E1613BC,86E61FDEDB50C9CB2E8B47CEF7EA4DFF2E96376E1158EB77E3AF2EEEDC195EED,/home/DUT_USER_REDACTED/vcde_artifacts/g2b_nvp_camera_scan1_r1r1/20260911T202728Z/scanner/repetition/scan-0029.bin,/home/DUT_USER_REDACTED/vcde_artifacts/g2b_nvp_camera_scan1_r1r1/20260911T202728Z/scanner/repetition/scan-0029.json,PASS
30,31,82,10,105,0x90,0x01,PASS,0,0,0,0,0,0,15,15,0,2FD58A6A148F97FE6DAD23CE43B9AAD2D72AA508B4886963F2417EB5EFD6CE2B,058F4FC7B9A79FA0AF89EBB8F4D11FD1B3EEEE1A7B1F2B4D57440C79E3EC4AEC,/home/DUT_USER_REDACTED/vcde_artifacts/g2b_nvp_camera_scan1_r1r1/20260911T202728Z/scanner/repetition/scan-0030.bin,/home/DUT_USER_REDACTED/vcde_artifacts/g2b_nvp_camera_scan1_r1r1/20260911T202728Z/scanner/repetition/scan-0030.json,PASS
31,32,82,10,105,0x90,0x01,PASS,0,0,0,0,0,0,15,15,0,37383EC6F388EE3BD71D04C48F1D8F47486EE8EEC07501C5A21F24DA7101268D,AD883E9CAF89DC809E82361977FB78FBF99EBA04B3BEF7481DAC316BFF28FE7E,/home/DUT_USER_REDACTED/vcde_artifacts/g2b_nvp_camera_scan1_r1r1/20260911T202728Z/scanner/repetition/scan-0031.bin,/home/DUT_USER_REDACTED/vcde_artifacts/g2b_nvp_camera_scan1_r1r1/20260911T202728Z/scanner/repetition/scan-0031.json,PASS
32,33,82,10,105,0x90,0x01,PASS,0,0,0,0,0,0,15,15,0,73FCD0B3363A335886F82D02F49BE630E123D28448B6A9A358B54976089B2F38,8AC5132452C85F91DC31843DEA9057F260DF769378E535CFDF6F374375E34AA6,/home/DUT_USER_REDACTED/vcde_artifacts/g2b_nvp_camera_scan1_r1r1/20260911T202728Z/scanner/repetition/scan-0032.bin,/home/DUT_USER_REDACTED/vcde_artifacts/g2b_nvp_camera_scan1_r1r1/20260911T202728Z/scanner/repetition/scan-0032.json,PASS
33,34,82,10,105,0x90,0x01,PASS,0,0,0,0,0,0,15,15,0,D19EF20CD1EE555CC8D7F3A5FF340FEB73E074BE02528577DAD16DAF2BA7C092,96ADB6E9941E469F72B7C366BA156BBB33CCD761BCA95978FBCDFC1C28E29024,/home/DUT_USER_REDACTED/vcde_artifacts/g2b_nvp_camera_scan1_r1r1/20260911T202728Z/scanner/repetition/scan-0033.bin,/home/DUT_USER_REDACTED/vcde_artifacts/g2b_nvp_camera_scan1_r1r1/20260911T202728Z/scanner/repetition/scan-0033.json,PASS
34,35,82,10,105,0x90,0x01,PASS,0,0,0,0,0,0,15,15,0,63D39E54A05787CCE2DE9BD63AB861E4862E23D29E06C11742F11E74EBDC11E4,5C5FB0FE6CA2909CCD017B28C1857D24C479949A02E7A6313F94E41494391811,/home/DUT_USER_REDACTED/vcde_artifacts/g2b_nvp_camera_scan1_r1r1/20260911T202728Z/scanner/repetition/scan-0034.bin,/home/DUT_USER_REDACTED/vcde_artifacts/g2b_nvp_camera_scan1_r1r1/20260911T202728Z/scanner/repetition/scan-0034.json,PASS
35,36,82,10,105,0x90,0x01,PASS,0,0,0,0,0,0,15,15,0,FFCB48D2799DCCAB4CC7ED65407DCC7CC62262FB096BB96877E625ED3A80BFF9,5D60A6D9AC48BCED016234F01745F9A107E886D4B5800CACB2640B23E86AE2FA,/home/DUT_USER_REDACTED/vcde_artifacts/g2b_nvp_camera_scan1_r1r1/20260911T202728Z/scanner/repetition/scan-0035.bin,/home/DUT_USER_REDACTED/vcde_artifacts/g2b_nvp_camera_scan1_r1r1/20260911T202728Z/scanner/repetition/scan-0035.json,PASS
36,37,82,10,105,0x90,0x01,PASS,0,0,0,0,0,0,15,15,0,1D68066EFD2DAEB9279C99287D88B51B6AADAE29723EA6E7195645304B548A37,7B5B76175D5FE85B615D9F6BCF9D98F7141F73A1B025C9BB972642643469ED60,/home/DUT_USER_REDACTED/vcde_artifacts/g2b_nvp_camera_scan1_r1r1/20260911T202728Z/scanner/repetition/scan-0036.bin,/home/DUT_USER_REDACTED/vcde_artifacts/g2b_nvp_camera_scan1_r1r1/20260911T202728Z/scanner/repetition/scan-0036.json,PASS
37,38,82,10,105,0x90,0x01,PASS,0,0,0,0,0,0,15,15,0,6BE591F4979A91BB5DDC36673AAC13824EE9C42519C6B53B2C4F3E23DBE723DC,889BD21B1503DCCBE302BB8F45119EAA7E3AE055C7621E63F2E6A83C534D679E,/home/DUT_USER_REDACTED/vcde_artifacts/g2b_nvp_camera_scan1_r1r1/20260911T202728Z/scanner/repetition/scan-0037.bin,/home/DUT_USER_REDACTED/vcde_artifacts/g2b_nvp_camera_scan1_r1r1/20260911T202728Z/scanner/repetition/scan-0037.json,PASS
38,39,82,10,105,0x90,0x01,PASS,0,0,0,0,0,0,15,15,0,CAA1D97794190EB522CAE9FE2CB01FB22DCE0E5E24160E44C382A4AA2A8D8572,71374DBF65A1FAF5F6F2000A13641F8DD2DCD73FCAC3E7E14911072CCE9DA91D,/home/DUT_USER_REDACTED/vcde_artifacts/g2b_nvp_camera_scan1_r1r1/20260911T202728Z/scanner/repetition/scan-0038.bin,/home/DUT_USER_REDACTED/vcde_artifacts/g2b_nvp_camera_scan1_r1r1/20260911T202728Z/scanner/repetition/scan-0038.json,PASS
39,40,82,10,105,0x90,0x01,PASS,0,0,0,0,0,0,15,15,0,3CB4A422812AD1DED0ACACD48B503BBA0CFD440714893A914F84259BD2C2F1BD,D545E686D16FA07F1CA8D87F363B29D1E1A136462EE8DEB059CC554F2E0A8AFA,/home/DUT_USER_REDACTED/vcde_artifacts/g2b_nvp_camera_scan1_r1r1/20260911T202728Z/scanner/repetition/scan-0039.bin,/home/DUT_USER_REDACTED/vcde_artifacts/g2b_nvp_camera_scan1_r1r1/20260911T202728Z/scanner/repetition/scan-0039.json,PASS
40,41,82,10,105,0x90,0x01,PASS,0,0,0,0,0,0,15,15,0,B92093ECF713F1542E94D61CDCF3F65BB05A062097837CF3A74DC1E70FB86FD9,FA7D64B6964BB851B6AF267595809A44B649B91D70E9877EA58659F812935DC5,/home/DUT_USER_REDACTED/vcde_artifacts/g2b_nvp_camera_scan1_r1r1/20260911T202728Z/scanner/repetition/scan-0040.bin,/home/DUT_USER_REDACTED/vcde_artifacts/g2b_nvp_camera_scan1_r1r1/20260911T202728Z/scanner/repetition/scan-0040.json,PASS
41,42,82,10,105,0x90,0x01,PASS,0,0,0,0,0,0,15,15,0,947BEAFBB416715102DF92B8CA4A6B6C49D3223FFC6F19AE9891F350A0B18E74,3899647F0B7A1E0F6D1249D17232A5AE86934849B21A0B9AE676459C46A4DFD4,/home/DUT_USER_REDACTED/vcde_artifacts/g2b_nvp_camera_scan1_r1r1/20260911T202728Z/scanner/repetition/scan-0041.bin,/home/DUT_USER_REDACTED/vcde_artifacts/g2b_nvp_camera_scan1_r1r1/20260911T202728Z/scanner/repetition/scan-0041.json,PASS
42,43,82,10,105,0x90,0x01,PASS,0,0,0,0,0,0,15,15,0,59A1236322B3364B64AD1CDFCF38FF4EF33C2B721B9C2F0CCCE34161CD6320B1,33EC262DF1E3BF3AD43AE8889D8102BC396F45EFD8496E9FBB6FD070311ADD9E,/home/DUT_USER_REDACTED/vcde_artifacts/g2b_nvp_camera_scan1_r1r1/20260911T202728Z/scanner/repetition/scan-0042.bin,/home/DUT_USER_REDACTED/vcde_artifacts/g2b_nvp_camera_scan1_r1r1/20260911T202728Z/scanner/repetition/scan-0042.json,PASS
43,44,82,10,105,0x90,0x01,PASS,0,0,0,0,0,0,15,15,0,22602ABC967CBCB7F7408D952350816E484EA524850BFD5ED5C6430AD09BAB76,25406825AFAF2FE9AD167FCE677B862BC728FF3ACED390B22461E36E53A72EDA,/home/DUT_USER_REDACTED/vcde_artifacts/g2b_nvp_camera_scan1_r1r1/20260911T202728Z/scanner/repetition/scan-0043.bin,/home/DUT_USER_REDACTED/vcde_artifacts/g2b_nvp_camera_scan1_r1r1/20260911T202728Z/scanner/repetition/scan-0043.json,PASS
44,45,82,10,105,0x90,0x01,PASS,0,0,0,0,0,0,15,15,0,437CF649883A6B0834822C0BF9FF04382B80AA17CEDC2B1F93E5BEC89C097237,59500D492EC66F5A9B5F2D672E9D4E568EA3CC594B7BDE82C39DB2797B0B6B40,/home/DUT_USER_REDACTED/vcde_artifacts/g2b_nvp_camera_scan1_r1r1/20260911T202728Z/scanner/repetition/scan-0044.bin,/home/DUT_USER_REDACTED/vcde_artifacts/g2b_nvp_camera_scan1_r1r1/20260911T202728Z/scanner/repetition/scan-0044.json,PASS
45,46,82,10,105,0x90,0x01,PASS,0,0,0,0,0,0,15,15,0,B167A2B8A415CAE86E62E1C544CB9FD6ED9F9849777DC3A20B7CE973005E329E,F31EED2B00A31F86BAA8504E84B3175A929D54AC831DFDB96DFACE3CF8C5A98C,/home/DUT_USER_REDACTED/vcde_artifacts/g2b_nvp_camera_scan1_r1r1/20260911T202728Z/scanner/repetition/scan-0045.bin,/home/DUT_USER_REDACTED/vcde_artifacts/g2b_nvp_camera_scan1_r1r1/20260911T202728Z/scanner/repetition/scan-0045.json,PASS
46,47,82,10,105,0x90,0x01,PASS,0,0,0,0,0,0,15,15,0,B89ECB90BAEAAC6AB08D23BC6B606614478BBAF9752EBF9B9A6C2CEE684D8452,D254C2A2092A9D22B0A5B0CE33FB9528C2F1B88E58998E03196F09E685891359,/home/DUT_USER_REDACTED/vcde_artifacts/g2b_nvp_camera_scan1_r1r1/20260911T202728Z/scanner/repetition/scan-0046.bin,/home/DUT_USER_REDACTED/vcde_artifacts/g2b_nvp_camera_scan1_r1r1/20260911T202728Z/scanner/repetition/scan-0046.json,PASS
47,48,82,10,105,0x90,0x01,PASS,0,0,0,0,0,0,15,15,0,94D9579E39BFE36C8E5860C01D1BD24408380601C02C14AB325F1A687746382D,C0D84D1DA68D0E515E97F253B089BC0548E268F893B92A6420A19D432AC0405D,/home/DUT_USER_REDACTED/vcde_artifacts/g2b_nvp_camera_scan1_r1r1/20260911T202728Z/scanner/repetition/scan-0047.bin,/home/DUT_USER_REDACTED/vcde_artifacts/g2b_nvp_camera_scan1_r1r1/20260911T202728Z/scanner/repetition/scan-0047.json,PASS
48,49,82,10,105,0x90,0x01,PASS,0,0,0,0,0,0,15,15,0,2211C873F4E314D61A5175EF992562C03E7C95130078FC139EE50779A82F1683,1256AF654CA9DD44ADEFAB936A585338AB91E5D26CAE7B28927283B4E1A71F2B,/home/DUT_USER_REDACTED/vcde_artifacts/g2b_nvp_camera_scan1_r1r1/20260911T202728Z/scanner/repetition/scan-0048.bin,/home/DUT_USER_REDACTED/vcde_artifacts/g2b_nvp_camera_scan1_r1r1/20260911T202728Z/scanner/repetition/scan-0048.json,PASS
49,50,82,10,105,0x90,0x01,PASS,0,0,0,0,0,0,15,15,0,925209C9FEFA5D66846C2D43E7AF3D25284C2587C53D201A0313AC15A5656221,226E667F8B6BC9A0AF3737EA2CAE98BA50958D9575A6588A9946AD3099E76A2D,/home/DUT_USER_REDACTED/vcde_artifacts/g2b_nvp_camera_scan1_r1r1/20260911T202728Z/scanner/repetition/scan-0049.bin,/home/DUT_USER_REDACTED/vcde_artifacts/g2b_nvp_camera_scan1_r1r1/20260911T202728Z/scanner/repetition/scan-0049.json,PASS
50,51,82,10,105,0x90,0x01,PASS,0,0,0,0,0,0,15,15,0,7F66A68BA64B670FA67D6FF89CC7D1AC2E75D5AC6A5405A900BD43E65BC62883,51B63C7BFB073510E15EB87D28DFFA3592E80CC69BDB8C9B0302E8BC04E95DA9,/home/DUT_USER_REDACTED/vcde_artifacts/g2b_nvp_camera_scan1_r1r1/20260911T202728Z/scanner/repetition/scan-0050.bin,/home/DUT_USER_REDACTED/vcde_artifacts/g2b_nvp_camera_scan1_r1r1/20260911T202728Z/scanner/repetition/scan-0050.json,PASS
51,52,82,10,105,0x90,0x01,PASS,0,0,0,0,0,0,15,15,0,B7EA28557AE28FC0F3D116BC97F3A6900CBBCC3DEF7A5CB0B13A12E92E45BE27,FDAC3E08521272FBC61EE0C3E98B2164B775AE9D0F62F9E04F4D92BFA7151072,/home/DUT_USER_REDACTED/vcde_artifacts/g2b_nvp_camera_scan1_r1r1/20260911T202728Z/scanner/repetition/scan-0051.bin,/home/DUT_USER_REDACTED/vcde_artifacts/g2b_nvp_camera_scan1_r1r1/20260911T202728Z/scanner/repetition/scan-0051.json,PASS
52,53,82,10,105,0x90,0x01,PASS,0,0,0,0,0,0,15,15,0,F7C53B79D3D0040F27C6FF209E9271D6576C8E805C60AD56921CCA402DDAB5AE,E96D3433C3779607A3D2B0BCBA8DBBCB2759639A7FE0E2982197E23C0B72423E,/home/DUT_USER_REDACTED/vcde_artifacts/g2b_nvp_camera_scan1_r1r1/20260911T202728Z/scanner/repetition/scan-0052.bin,/home/DUT_USER_REDACTED/vcde_artifacts/g2b_nvp_camera_scan1_r1r1/20260911T202728Z/scanner/repetition/scan-0052.json,PASS
53,54,82,10,105,0x90,0x01,PASS,0,0,0,0,0,0,15,15,0,1B056AB6BB95EFA177F7D61569D735AED00DA20F2DE9425E292632CF7747F245,CFFD6F2696A56BDCCB5540027C3D79552C41C297878A16C16E7C26ADB5D6FCE0,/home/DUT_USER_REDACTED/vcde_artifacts/g2b_nvp_camera_scan1_r1r1/20260911T202728Z/scanner/repetition/scan-0053.bin,/home/DUT_USER_REDACTED/vcde_artifacts/g2b_nvp_camera_scan1_r1r1/20260911T202728Z/scanner/repetition/scan-0053.json,PASS
54,55,82,10,105,0x90,0x01,PASS,0,0,0,0,0,0,15,15,0,962107F7028348A417DD257B1B1D44553CCD11647DC84DC40B5996D454EA66F0,DBF629B1F13D08969DAB22EE537701B97516969B73C08A832D23438B16E11E6B,/home/DUT_USER_REDACTED/vcde_artifacts/g2b_nvp_camera_scan1_r1r1/20260911T202728Z/scanner/repetition/scan-0054.bin,/home/DUT_USER_REDACTED/vcde_artifacts/g2b_nvp_camera_scan1_r1r1/20260911T202728Z/scanner/repetition/scan-0054.json,PASS
55,56,82,10,105,0x90,0x01,PASS,0,0,0,0,0,0,15,15,0,250D1822DE9237DA8A1ACCDE23B623902399982F54876185B7F8EED7F6CB32F8,92E55474911ABF3CC4D3C1C9CF386A831B008E1944B9D9FEC8CD0310ED69E0D4,/home/DUT_USER_REDACTED/vcde_artifacts/g2b_nvp_camera_scan1_r1r1/20260911T202728Z/scanner/repetition/scan-0055.bin,/home/DUT_USER_REDACTED/vcde_artifacts/g2b_nvp_camera_scan1_r1r1/20260911T202728Z/scanner/repetition/scan-0055.json,PASS
56,57,82,10,105,0x90,0x01,PASS,0,0,0,0,0,0,15,15,0,BE46E35836C8FA5876B1F6DBAC7083031FB851EA1449D1925AB35EA3E98E8EC3,AB43F6815A6DB7D36F8400F5F1B1E616329C809C3F52D209989A9BCC144BC176,/home/DUT_USER_REDACTED/vcde_artifacts/g2b_nvp_camera_scan1_r1r1/20260911T202728Z/scanner/repetition/scan-0056.bin,/home/DUT_USER_REDACTED/vcde_artifacts/g2b_nvp_camera_scan1_r1r1/20260911T202728Z/scanner/repetition/scan-0056.json,PASS
57,58,82,10,105,0x90,0x01,PASS,0,0,0,0,0,0,15,15,0,5C923C5E317C14681DC7F77C57CCB6A193C177919A16B91A2072D982B9BF2239,307A8DCEEE1EE620171ACB9D01BBA40D52E998FB374912C255AE96686EBFCD90,/home/DUT_USER_REDACTED/vcde_artifacts/g2b_nvp_camera_scan1_r1r1/20260911T202728Z/scanner/repetition/scan-0057.bin,/home/DUT_USER_REDACTED/vcde_artifacts/g2b_nvp_camera_scan1_r1r1/20260911T202728Z/scanner/repetition/scan-0057.json,PASS
58,59,82,10,105,0x90,0x01,PASS,0,0,0,0,0,0,15,15,0,0DCDEAC4880B6DA6476491C46A8532FA63C5DD7D608DD4738DCF89E438EF55DF,5F66A3A11B656D7A972D35C98B24C89C670FB2D0C997E3641BA47CAD9F8DEE81,/home/DUT_USER_REDACTED/vcde_artifacts/g2b_nvp_camera_scan1_r1r1/20260911T202728Z/scanner/repetition/scan-0058.bin,/home/DUT_USER_REDACTED/vcde_artifacts/g2b_nvp_camera_scan1_r1r1/20260911T202728Z/scanner/repetition/scan-0058.json,PASS
59,60,82,10,105,0x90,0x01,PASS,0,0,0,0,0,0,15,15,0,458135F83E274CB581D219DF342B486813102D33DBCE8F21694A5368918E0F9D,D4BC8E2AE67C2D310ACE79353755C35798C03E7E74FD242835D28F417C6ABCBD,/home/DUT_USER_REDACTED/vcde_artifacts/g2b_nvp_camera_scan1_r1r1/20260911T202728Z/scanner/repetition/scan-0059.bin,/home/DUT_USER_REDACTED/vcde_artifacts/g2b_nvp_camera_scan1_r1r1/20260911T202728Z/scanner/repetition/scan-0059.json,PASS
60,61,82,10,105,0x90,0x01,PASS,0,0,0,0,0,0,15,15,0,29F39251FD5142C22EFBB764184E9D64FA03A4F682C6039FB9FAA3B8EC3F037C,0E7139813AA660A133193FC51157C44618C84E3DDD5D98804E220774B1D17F8C,/home/DUT_USER_REDACTED/vcde_artifacts/g2b_nvp_camera_scan1_r1r1/20260911T202728Z/scanner/repetition/scan-0060.bin,/home/DUT_USER_REDACTED/vcde_artifacts/g2b_nvp_camera_scan1_r1r1/20260911T202728Z/scanner/repetition/scan-0060.json,PASS
61,62,82,10,105,0x90,0x01,PASS,0,0,0,0,0,0,15,15,0,744AA07DD923AC99763D3BEE3FF6FCD79485DDC786115BABC5A314C3C943C1B5,34A72255E6C0A0BE95B38A070D948297A9F4CC77D832A893B3F6E5A0BC5703DB,/home/DUT_USER_REDACTED/vcde_artifacts/g2b_nvp_camera_scan1_r1r1/20260911T202728Z/scanner/repetition/scan-0061.bin,/home/DUT_USER_REDACTED/vcde_artifacts/g2b_nvp_camera_scan1_r1r1/20260911T202728Z/scanner/repetition/scan-0061.json,PASS
62,63,82,10,105,0x90,0x01,PASS,0,0,0,0,0,0,15,15,0,68C9EC2F4BD7CCBAC6275A8E80C54061CCC5E258945DB647AE0DFAF12AB220AB,7157690280C808EE0FF8DC34729CECABC300E7922D3E2C0507E7739E8D6B2D1B,/home/DUT_USER_REDACTED/vcde_artifacts/g2b_nvp_camera_scan1_r1r1/20260911T202728Z/scanner/repetition/scan-0062.bin,/home/DUT_USER_REDACTED/vcde_artifacts/g2b_nvp_camera_scan1_r1r1/20260911T202728Z/scanner/repetition/scan-0062.json,PASS
63,64,82,10,105,0x90,0x01,PASS,0,0,0,0,0,0,15,15,0,0BF8DC74ADF1040F0305F8D3D75346832CC3AAD048015956F3AD3A59A35441EA,EEF24E9959B562C090FA30FCD4CEC51EDBEBD654A7313D049FD764778865F387,/home/DUT_USER_REDACTED/vcde_artifacts/g2b_nvp_camera_scan1_r1r1/20260911T202728Z/scanner/repetition/scan-0063.bin,/home/DUT_USER_REDACTED/vcde_artifacts/g2b_nvp_camera_scan1_r1r1/20260911T202728Z/scanner/repetition/scan-0063.json,PASS
64,65,82,10,105,0x90,0x01,PASS,0,0,0,0,0,0,15,15,0,9EC069F6961D4AC39355BE49F105208F658441306D18F1851248633A8FF1B6E6,322AE88EF2B2E417D2985C435718D24BF4C37A0C1BAE5EA15FC49E3A98DA550D,/home/DUT_USER_REDACTED/vcde_artifacts/g2b_nvp_camera_scan1_r1r1/20260911T202728Z/scanner/repetition/scan-0064.bin,/home/DUT_USER_REDACTED/vcde_artifacts/g2b_nvp_camera_scan1_r1r1/20260911T202728Z/scanner/repetition/scan-0064.json,PASS
65,66,82,10,105,0x90,0x01,PASS,0,0,0,0,0,0,15,15,0,685377BC02E6E8C360C965FA470931CC16776071524B2FC83C9B633C86DACE1D,6B37E0F520D760A66DB7539D16D66210659D1D1C7FEBC4973D8217C33991005B,/home/DUT_USER_REDACTED/vcde_artifacts/g2b_nvp_camera_scan1_r1r1/20260911T202728Z/scanner/repetition/scan-0065.bin,/home/DUT_USER_REDACTED/vcde_artifacts/g2b_nvp_camera_scan1_r1r1/20260911T202728Z/scanner/repetition/scan-0065.json,PASS
66,67,82,10,105,0x90,0x01,PASS,0,0,0,0,0,0,15,15,0,EC026830748537728A11CA73C675FB0A755906D277E2B36193C044328BC59173,460B8C089C954B21EA606934B3C1581D2ACB330C193ED8AF0652E59B2863AE2D,/home/DUT_USER_REDACTED/vcde_artifacts/g2b_nvp_camera_scan1_r1r1/20260911T202728Z/scanner/repetition/scan-0066.bin,/home/DUT_USER_REDACTED/vcde_artifacts/g2b_nvp_camera_scan1_r1r1/20260911T202728Z/scanner/repetition/scan-0066.json,PASS
67,68,82,10,105,0x90,0x01,PASS,0,0,0,0,0,0,15,15,0,F290E15FD72D741830C8005B94AEF2EAF0C08FEDC6C41A10AD8443526FB82E89,5973ED36AF95B494883AFE87F3FE723F0A9D648A820EB82D5D73DB11FE8CBF22,/home/DUT_USER_REDACTED/vcde_artifacts/g2b_nvp_camera_scan1_r1r1/20260911T202728Z/scanner/repetition/scan-0067.bin,/home/DUT_USER_REDACTED/vcde_artifacts/g2b_nvp_camera_scan1_r1r1/20260911T202728Z/scanner/repetition/scan-0067.json,PASS
68,69,82,10,105,0x90,0x01,PASS,0,0,0,0,0,0,15,15,0,2F81E690A230B9C19528ECC22A25BCB5D69DD8C5B6D891BE3AEB21DE091F9E98,558896E8B5EB6D4745C2882D94FDDC721ED3C6724E485E883DDB1B3A9349AA39,/home/DUT_USER_REDACTED/vcde_artifacts/g2b_nvp_camera_scan1_r1r1/20260911T202728Z/scanner/repetition/scan-0068.bin,/home/DUT_USER_REDACTED/vcde_artifacts/g2b_nvp_camera_scan1_r1r1/20260911T202728Z/scanner/repetition/scan-0068.json,PASS
69,70,82,10,105,0x90,0x01,PASS,0,0,0,0,0,0,15,15,0,A3F27FB2E02B7DC3CC2561213EFA35BB02AF2BFBA4DF5CFB0ADEB52C45D5C150,068C11CE74288FCBAE94B9E5A2DE305CE483ECB8E3204CAF6F4311CF8C45F5CA,/home/DUT_USER_REDACTED/vcde_artifacts/g2b_nvp_camera_scan1_r1r1/20260911T202728Z/scanner/repetition/scan-0069.bin,/home/DUT_USER_REDACTED/vcde_artifacts/g2b_nvp_camera_scan1_r1r1/20260911T202728Z/scanner/repetition/scan-0069.json,PASS
70,71,82,10,105,0x90,0x01,PASS,0,0,0,0,0,0,15,15,0,C61018A52F106129C6DD6F9DAD35E5203305991FFFEBAC58843DE420603354A5,26E31D9978A357478AB907762CD7C1647587BF8002B99E1DED0435E0E5239CFA,/home/DUT_USER_REDACTED/vcde_artifacts/g2b_nvp_camera_scan1_r1r1/20260911T202728Z/scanner/repetition/scan-0070.bin,/home/DUT_USER_REDACTED/vcde_artifacts/g2b_nvp_camera_scan1_r1r1/20260911T202728Z/scanner/repetition/scan-0070.json,PASS
71,72,82,10,105,0x90,0x01,PASS,0,0,0,0,0,0,15,15,0,B79655A7E404677EC3387C98097EF7C973368D10D3CA1D03780A000D644CB286,AFF5DDA3F5758FC2E31D5D125136C116420E219AA4C398876F1EC2B4175D8AE2,/home/DUT_USER_REDACTED/vcde_artifacts/g2b_nvp_camera_scan1_r1r1/20260911T202728Z/scanner/repetition/scan-0071.bin,/home/DUT_USER_REDACTED/vcde_artifacts/g2b_nvp_camera_scan1_r1r1/20260911T202728Z/scanner/repetition/scan-0071.json,PASS
72,73,82,10,105,0x90,0x01,PASS,0,0,0,0,0,0,15,15,0,5832401AB91D23C836D7B4B9A4E6847E67A4F86E8165AB159D46E5893F26F476,27B40537B7BEE9B82818450FA1578EEA46BA68500EDF4C30799FDCAFC1B3D084,/home/DUT_USER_REDACTED/vcde_artifacts/g2b_nvp_camera_scan1_r1r1/20260911T202728Z/scanner/repetition/scan-0072.bin,/home/DUT_USER_REDACTED/vcde_artifacts/g2b_nvp_camera_scan1_r1r1/20260911T202728Z/scanner/repetition/scan-0072.json,PASS
73,74,82,10,105,0x90,0x01,PASS,0,0,0,0,0,0,15,15,0,9588A87D8C891D45AD0FBBE0616AD65BC672DD5A9E4BA59B8F86939F555599DD,C110F8D7488CEFEE688BCB53EB1CFDF189DD4762C6BF09654CA9E0E390DE410D,/home/DUT_USER_REDACTED/vcde_artifacts/g2b_nvp_camera_scan1_r1r1/20260911T202728Z/scanner/repetition/scan-0073.bin,/home/DUT_USER_REDACTED/vcde_artifacts/g2b_nvp_camera_scan1_r1r1/20260911T202728Z/scanner/repetition/scan-0073.json,PASS
74,75,82,10,105,0x90,0x01,PASS,0,0,0,0,0,0,15,15,0,3C04F48559ABF3B8A7A55DD7265B3F46E8AD5D61FB30DCE6E161F913DCCEB4CB,7900672C8D349723D63C48EBB02FB6286F43F02934BF616CDBC5AD0D404B7B82,/home/DUT_USER_REDACTED/vcde_artifacts/g2b_nvp_camera_scan1_r1r1/20260911T202728Z/scanner/repetition/scan-0074.bin,/home/DUT_USER_REDACTED/vcde_artifacts/g2b_nvp_camera_scan1_r1r1/20260911T202728Z/scanner/repetition/scan-0074.json,PASS
75,76,82,10,105,0x90,0x01,PASS,0,0,0,0,0,0,15,15,0,0644728BE4C588438DF51D029D912DEEA2B9D8DF2ABFD190F9B42310021EE862,955740CC130C8838E81F9F94406677863C00BE14564D14A95E47B2BC5741D385,/home/DUT_USER_REDACTED/vcde_artifacts/g2b_nvp_camera_scan1_r1r1/20260911T202728Z/scanner/repetition/scan-0075.bin,/home/DUT_USER_REDACTED/vcde_artifacts/g2b_nvp_camera_scan1_r1r1/20260911T202728Z/scanner/repetition/scan-0075.json,PASS
76,77,82,10,105,0x90,0x01,PASS,0,0,0,0,0,0,15,15,0,2A4C1DE401CC4021988A696B26FB60A39AFE55B8BC8A8FD3F912386996810CB4,62F8E73DA842F3334BEC209E59B3A66FC1177F7D551FF9DAD98592AFC53ED28F,/home/DUT_USER_REDACTED/vcde_artifacts/g2b_nvp_camera_scan1_r1r1/20260911T202728Z/scanner/repetition/scan-0076.bin,/home/DUT_USER_REDACTED/vcde_artifacts/g2b_nvp_camera_scan1_r1r1/20260911T202728Z/scanner/repetition/scan-0076.json,PASS
77,78,82,10,105,0x90,0x01,PASS,0,0,0,0,0,0,15,15,0,ED0345F7B71CB8344709B302054986186A39B3FB6D3814CFA13783B8B0CF1CA4,9F14A1336A91861740AA9461E69A45F1718B93C227F812186C01DF0BDE4A7060,/home/DUT_USER_REDACTED/vcde_artifacts/g2b_nvp_camera_scan1_r1r1/20260911T202728Z/scanner/repetition/scan-0077.bin,/home/DUT_USER_REDACTED/vcde_artifacts/g2b_nvp_camera_scan1_r1r1/20260911T202728Z/scanner/repetition/scan-0077.json,PASS
78,79,82,10,105,0x90,0x01,PASS,0,0,0,0,0,0,15,15,0,5803AC852D5B7FB3B2723DDA2CE7E57C1C662561D10D65785A6FD30A5E8C457F,5222A20950D42F0DAED53EBFA46AC141C55441E35FEA6C30D1D1468E0EDBAD3A,/home/DUT_USER_REDACTED/vcde_artifacts/g2b_nvp_camera_scan1_r1r1/20260911T202728Z/scanner/repetition/scan-0078.bin,/home/DUT_USER_REDACTED/vcde_artifacts/g2b_nvp_camera_scan1_r1r1/20260911T202728Z/scanner/repetition/scan-0078.json,PASS
79,80,82,10,105,0x90,0x01,PASS,0,0,0,0,0,0,15,15,0,DD3346CF659B33BAE350A58D6FE4A73213E34667767299F9AD877BEC809A0FC7,1D3FF55309CBBDF91343C778AF3426E47332FFAF3BA1812552430472A7AE9154,/home/DUT_USER_REDACTED/vcde_artifacts/g2b_nvp_camera_scan1_r1r1/20260911T202728Z/scanner/repetition/scan-0079.bin,/home/DUT_USER_REDACTED/vcde_artifacts/g2b_nvp_camera_scan1_r1r1/20260911T202728Z/scanner/repetition/scan-0079.json,PASS
80,81,82,10,105,0x90,0x01,PASS,0,0,0,0,0,0,15,15,0,42EF91486998E305F0C0F4A82B3F804540D7DB69AAFAD01613F909E831C98B19,9DF34F8A17BA773076D30179206BAC3B0856D3FE6A9354BC1E2C420FC1269F81,/home/DUT_USER_REDACTED/vcde_artifacts/g2b_nvp_camera_scan1_r1r1/20260911T202728Z/scanner/repetition/scan-0080.bin,/home/DUT_USER_REDACTED/vcde_artifacts/g2b_nvp_camera_scan1_r1r1/20260911T202728Z/scanner/repetition/scan-0080.json,PASS
81,82,82,10,105,0x90,0x01,PASS,0,0,0,0,0,0,15,15,0,E796A414369FAFBC79463B11B30614DDCF89455E20D31B62ACC63FC1C4237EF5,417434694CD11EC0E70CCD52657A39F365EE7B5A590856E41B9B9D4927571BBA,/home/DUT_USER_REDACTED/vcde_artifacts/g2b_nvp_camera_scan1_r1r1/20260911T202728Z/scanner/repetition/scan-0081.bin,/home/DUT_USER_REDACTED/vcde_artifacts/g2b_nvp_camera_scan1_r1r1/20260911T202728Z/scanner/repetition/scan-0081.json,PASS
82,83,82,10,105,0x90,0x01,PASS,0,0,0,0,0,0,15,15,0,CCE60C643D20EC1ED9CFF6D90927F6E9C0997086755EE1EB9C7DE6D0A28BAA16,77E0FC37E99DA91C31B398D6CB78E2B4868A1F77F144D9C57201AADAC4ADE237,/home/DUT_USER_REDACTED/vcde_artifacts/g2b_nvp_camera_scan1_r1r1/20260911T202728Z/scanner/repetition/scan-0082.bin,/home/DUT_USER_REDACTED/vcde_artifacts/g2b_nvp_camera_scan1_r1r1/20260911T202728Z/scanner/repetition/scan-0082.json,PASS
83,84,82,10,105,0x90,0x01,PASS,0,0,0,0,0,0,15,15,0,E16011A82E48671834CB3DDEC9CF9C2BB4639F78C34D86117798077252014814,700478FAFEB9CFD23A3EA93B4E02CBADC5433BAC9429529A224972186E08EE8A,/home/DUT_USER_REDACTED/vcde_artifacts/g2b_nvp_camera_scan1_r1r1/20260911T202728Z/scanner/repetition/scan-0083.bin,/home/DUT_USER_REDACTED/vcde_artifacts/g2b_nvp_camera_scan1_r1r1/20260911T202728Z/scanner/repetition/scan-0083.json,PASS
84,85,82,10,105,0x90,0x01,PASS,0,0,0,0,0,0,15,15,0,9E2968BE535941C0F096BE55ACE7DE6B56977BAA3B8C1059CA653D10DCF99E06,45B3EC560435B04D28A4BCDCDAB9FC78ED85459D8470959055FDCFE75983D181,/home/DUT_USER_REDACTED/vcde_artifacts/g2b_nvp_camera_scan1_r1r1/20260911T202728Z/scanner/repetition/scan-0084.bin,/home/DUT_USER_REDACTED/vcde_artifacts/g2b_nvp_camera_scan1_r1r1/20260911T202728Z/scanner/repetition/scan-0084.json,PASS
85,86,82,10,105,0x90,0x01,PASS,0,0,0,0,0,0,15,15,0,3C918ED2C79BF2C06F750C179BB9F40907BB7B48F97D24AEC4042637330DAB8E,47370333B76308B37C0E762CECD16919A59AA180D000200719DB0F2DD2426BF0,/home/DUT_USER_REDACTED/vcde_artifacts/g2b_nvp_camera_scan1_r1r1/20260911T202728Z/scanner/repetition/scan-0085.bin,/home/DUT_USER_REDACTED/vcde_artifacts/g2b_nvp_camera_scan1_r1r1/20260911T202728Z/scanner/repetition/scan-0085.json,PASS
86,87,82,10,105,0x90,0x01,PASS,0,0,0,0,0,0,15,15,0,6E83B0C834400C39E0CC44988E43FA10F0D43879BCED86042F19647BAA3660BB,D2F12FFA88C01394DB6077F43636ECB5DC0B09B1597AB273292729BC27DCE8B3,/home/DUT_USER_REDACTED/vcde_artifacts/g2b_nvp_camera_scan1_r1r1/20260911T202728Z/scanner/repetition/scan-0086.bin,/home/DUT_USER_REDACTED/vcde_artifacts/g2b_nvp_camera_scan1_r1r1/20260911T202728Z/scanner/repetition/scan-0086.json,PASS
87,88,82,10,105,0x90,0x01,PASS,0,0,0,0,0,0,15,15,0,6F7E02AE7FFA30DA09EF862ACE0CDCD18EDFE776D45932D37BFD44D730249681,C0741310FE24D95E24EB4E15B132ED6C0E1186AB3DB2559679677217B2DD2B5A,/home/DUT_USER_REDACTED/vcde_artifacts/g2b_nvp_camera_scan1_r1r1/20260911T202728Z/scanner/repetition/scan-0087.bin,/home/DUT_USER_REDACTED/vcde_artifacts/g2b_nvp_camera_scan1_r1r1/20260911T202728Z/scanner/repetition/scan-0087.json,PASS
88,89,82,10,105,0x90,0x01,PASS,0,0,0,0,0,0,15,15,0,FDC2BB82ACCBBA4E35DE2AD2850ECF6A6D98D7B35DDAC843C559CA72BB0A7879,CE85BC25F8927613104D25C682A51EC82133568160168A458ED6A812EE0A6D1A,/home/DUT_USER_REDACTED/vcde_artifacts/g2b_nvp_camera_scan1_r1r1/20260911T202728Z/scanner/repetition/scan-0088.bin,/home/DUT_USER_REDACTED/vcde_artifacts/g2b_nvp_camera_scan1_r1r1/20260911T202728Z/scanner/repetition/scan-0088.json,PASS
89,90,82,10,105,0x90,0x01,PASS,0,0,0,0,0,0,15,15,0,DB5757AB3A8BE8BBD9F116927A229814686F10593758210FD4108C6805F9DAD9,DCA66D3F565011B9CC7FD87624C8A2810BA03A5C1BA449E559288C13C9957C1B,/home/DUT_USER_REDACTED/vcde_artifacts/g2b_nvp_camera_scan1_r1r1/20260911T202728Z/scanner/repetition/scan-0089.bin,/home/DUT_USER_REDACTED/vcde_artifacts/g2b_nvp_camera_scan1_r1r1/20260911T202728Z/scanner/repetition/scan-0089.json,PASS
90,91,82,10,105,0x90,0x01,PASS,0,0,0,0,0,0,15,15,0,374D6FF1F83E7947DE665162532B37F4699952214080C3107C5280665D50EA7E,B0583D294C7EF50298E332E51020CB2322C305E2461BD323C852757338E48199,/home/DUT_USER_REDACTED/vcde_artifacts/g2b_nvp_camera_scan1_r1r1/20260911T202728Z/scanner/repetition/scan-0090.bin,/home/DUT_USER_REDACTED/vcde_artifacts/g2b_nvp_camera_scan1_r1r1/20260911T202728Z/scanner/repetition/scan-0090.json,PASS
91,92,82,10,105,0x90,0x01,PASS,0,0,0,0,0,0,15,15,0,0AEFE3DFD0879AA15805BC2B8979A476E4C08F35837794A11DA6218613CB9187,3BED1DEDF546CA9126A1BA03D30E5D1ABC3A7BA861DF195DD984E162AF71660E,/home/DUT_USER_REDACTED/vcde_artifacts/g2b_nvp_camera_scan1_r1r1/20260911T202728Z/scanner/repetition/scan-0091.bin,/home/DUT_USER_REDACTED/vcde_artifacts/g2b_nvp_camera_scan1_r1r1/20260911T202728Z/scanner/repetition/scan-0091.json,PASS
92,93,82,10,105,0x90,0x01,PASS,0,0,0,0,0,0,15,15,0,A87D30253D20260F7F82DEBBAE195840DCDAF4FA8AEB80D556127C4BCAFB6E98,6FF712971F62BF157B7C3547C4068F138005905A9AB2FDC72DDCC5E4DFFD8923,/home/DUT_USER_REDACTED/vcde_artifacts/g2b_nvp_camera_scan1_r1r1/20260911T202728Z/scanner/repetition/scan-0092.bin,/home/DUT_USER_REDACTED/vcde_artifacts/g2b_nvp_camera_scan1_r1r1/20260911T202728Z/scanner/repetition/scan-0092.json,PASS
93,94,82,10,105,0x90,0x01,PASS,0,0,0,0,0,0,15,15,0,FA2D2D13A8C2732CC4E81A274D66E8CFB4EE27FBDA08D72E5D62EC489AF76FFA,85BFFC21BBEFC78744588D917D46356DF1ECF3D1867E1633675546FCC58543F8,/home/DUT_USER_REDACTED/vcde_artifacts/g2b_nvp_camera_scan1_r1r1/20260911T202728Z/scanner/repetition/scan-0093.bin,/home/DUT_USER_REDACTED/vcde_artifacts/g2b_nvp_camera_scan1_r1r1/20260911T202728Z/scanner/repetition/scan-0093.json,PASS
94,95,82,10,105,0x90,0x01,PASS,0,0,0,0,0,0,15,15,0,076BBFA2DB74A366C94008C6B9F70C9DD2C0255A4C1562DCBEAEB5D97E310374,6B8E2D0CB96A274B3A4E3AD92FF70D49CE5070C5AA2961A9D523E1F6F4B883A1,/home/DUT_USER_REDACTED/vcde_artifacts/g2b_nvp_camera_scan1_r1r1/20260911T202728Z/scanner/repetition/scan-0094.bin,/home/DUT_USER_REDACTED/vcde_artifacts/g2b_nvp_camera_scan1_r1r1/20260911T202728Z/scanner/repetition/scan-0094.json,PASS
95,96,82,10,105,0x90,0x01,PASS,0,0,0,0,0,0,15,15,0,239211638407D78EF8E3897E718E7A98B0CB9810B8BB9B249FD572866D1C6449,830D0A3BF48E3C7CE7F2729A51390DA3F4439EB3571BBE950641AE512D1F70DC,/home/DUT_USER_REDACTED/vcde_artifacts/g2b_nvp_camera_scan1_r1r1/20260911T202728Z/scanner/repetition/scan-0095.bin,/home/DUT_USER_REDACTED/vcde_artifacts/g2b_nvp_camera_scan1_r1r1/20260911T202728Z/scanner/repetition/scan-0095.json,PASS
96,97,82,10,105,0x90,0x01,PASS,0,0,0,0,0,0,15,15,0,76AA212986ECE86166C845A0A610A4AE06BEB04946B51228C71DFF728050CE80,220E72CEDBFD7153319337D4F289700A157A432FFE44E44CBE8E8CBFC7D3B7BA,/home/DUT_USER_REDACTED/vcde_artifacts/g2b_nvp_camera_scan1_r1r1/20260911T202728Z/scanner/repetition/scan-0096.bin,/home/DUT_USER_REDACTED/vcde_artifacts/g2b_nvp_camera_scan1_r1r1/20260911T202728Z/scanner/repetition/scan-0096.json,PASS
97,98,82,10,105,0x90,0x01,PASS,0,0,0,0,0,0,15,15,0,A243F24ADF9EA14B1880B78B62D42E44C25580C1B7DA9C9B0ABF7D262BDD3F5A,2A1BF6D1B7DCEB163B89E7095D04C6C5B9A5778BB41EAD6036DD7F367F84EF7D,/home/DUT_USER_REDACTED/vcde_artifacts/g2b_nvp_camera_scan1_r1r1/20260911T202728Z/scanner/repetition/scan-0097.bin,/home/DUT_USER_REDACTED/vcde_artifacts/g2b_nvp_camera_scan1_r1r1/20260911T202728Z/scanner/repetition/scan-0097.json,PASS
98,99,82,10,105,0x90,0x01,PASS,0,0,0,0,0,0,15,15,0,FB0B8C18AE2B39265D5C7AFFBE10B1F5FD26D6641D943D372064841B70B3398A,C5073332649FC5D814D36DAFA79C1A0648DC9A11083A14C561C618F5EABB4093,/home/DUT_USER_REDACTED/vcde_artifacts/g2b_nvp_camera_scan1_r1r1/20260911T202728Z/scanner/repetition/scan-0098.bin,/home/DUT_USER_REDACTED/vcde_artifacts/g2b_nvp_camera_scan1_r1r1/20260911T202728Z/scanner/repetition/scan-0098.json,PASS
99,100,82,10,105,0x90,0x01,PASS,0,0,0,0,0,0,15,15,0,B3861BB8EAE5A4CE57067298AB402B60DC4ADB15933A418B12DAA6061E295C5D,7E6A4B60440E37313FDE436A34FA79B71A06A0D429CFFE9ACF5AFC900C00624B,/home/DUT_USER_REDACTED/vcde_artifacts/g2b_nvp_camera_scan1_r1r1/20260911T202728Z/scanner/repetition/scan-0099.bin,/home/DUT_USER_REDACTED/vcde_artifacts/g2b_nvp_camera_scan1_r1r1/20260911T202728Z/scanner/repetition/scan-0099.json,PASS
100,101,82,10,105,0x90,0x01,PASS,0,0,0,0,0,0,15,15,0,96AEDC5CF2F9F1B116C78A142C8975815D467F7E5581C4AA4065C2AB62876361,09B47C62078D9F97394A3DAD2E6F3D515AE0ED3AD59EFA082AEAE0042C3CFDC0,/home/DUT_USER_REDACTED/vcde_artifacts/g2b_nvp_camera_scan1_r1r1/20260911T202728Z/scanner/repetition/scan-0100.bin,/home/DUT_USER_REDACTED/vcde_artifacts/g2b_nvp_camera_scan1_r1r1/20260911T202728Z/scanner/repetition/scan-0100.json,PASS
101,102,82,10,105,0x90,0x01,PASS,0,0,0,0,0,0,15,15,0,92373BD1354616E4D10C85842598C186268ED4E70E6DA8D6BD76DAB2950DBBDF,8F71E823950C3DA563011C3BD5B22B8F07521C7AB3234F5FAEFD1E1E5B10C19D,/home/DUT_USER_REDACTED/vcde_artifacts/g2b_nvp_camera_scan1_r1r1/20260911T202728Z/scanner/repetition/scan-0101.bin,/home/DUT_USER_REDACTED/vcde_artifacts/g2b_nvp_camera_scan1_r1r1/20260911T202728Z/scanner/repetition/scan-0101.json,PASS
102,103,82,10,105,0x90,0x01,PASS,0,0,0,0,0,0,15,15,0,AD1CDF2F580CD085CDF180D53356EB896D61D4A6A61512F07892B3B52F9FE10D,152996E9EFE8E04BA0752674445E35063658BCAD3CC295715DF1D12EBCD59F81,/home/DUT_USER_REDACTED/vcde_artifacts/g2b_nvp_camera_scan1_r1r1/20260911T202728Z/scanner/repetition/scan-0102.bin,/home/DUT_USER_REDACTED/vcde_artifacts/g2b_nvp_camera_scan1_r1r1/20260911T202728Z/scanner/repetition/scan-0102.json,PASS
103,104,82,10,105,0x90,0x01,PASS,0,0,0,0,0,0,15,15,0,F03A53D88C6506DFE7B77CD6B570681F28A735E0CC37228C1382159A760E0646,86832C41C3DD2A311765527A763D45AFDBC656D04EA32369041993D63E6EA00A,/home/DUT_USER_REDACTED/vcde_artifacts/g2b_nvp_camera_scan1_r1r1/20260911T202728Z/scanner/repetition/scan-0103.bin,/home/DUT_USER_REDACTED/vcde_artifacts/g2b_nvp_camera_scan1_r1r1/20260911T202728Z/scanner/repetition/scan-0103.json,PASS
104,105,82,10,105,0x90,0x01,PASS,0,0,0,0,0,0,15,15,0,890EF3082272FDB4BDD5C6381123D0D3A06E67E519F671B598F200702698DFBC,B817CED0FE008C4B433087991B7E17321A95A313D72A2DF2BFA12373365645A2,/home/DUT_USER_REDACTED/vcde_artifacts/g2b_nvp_camera_scan1_r1r1/20260911T202728Z/scanner/repetition/scan-0104.bin,/home/DUT_USER_REDACTED/vcde_artifacts/g2b_nvp_camera_scan1_r1r1/20260911T202728Z/scanner/repetition/scan-0104.json,PASS
105,106,82,10,105,0x90,0x01,PASS,0,0,0,0,0,0,15,15,0,DF3A05211B2386EFD8ABC7299AEF3E5102E9FAAC5B34325A3E35C651AC66ED62,B5274A629D0F6B8D807014B98DEC9A3F4FA64AE6693DECCFAF172757AD49D374,/home/DUT_USER_REDACTED/vcde_artifacts/g2b_nvp_camera_scan1_r1r1/20260911T202728Z/scanner/repetition/scan-0105.bin,/home/DUT_USER_REDACTED/vcde_artifacts/g2b_nvp_camera_scan1_r1r1/20260911T202728Z/scanner/repetition/scan-0105.json,PASS
106,107,82,10,105,0x90,0x01,PASS,0,0,0,0,0,0,15,15,0,FF110674E8139F37552A3A2E5812A797E52E6896851C9AF8BD21CABAE51EA375,99ED6DA7F0F2C40740A9D40E8FD1B115962A590FED3D1C07A1B7B83DA2EDB62E,/home/DUT_USER_REDACTED/vcde_artifacts/g2b_nvp_camera_scan1_r1r1/20260911T202728Z/scanner/repetition/scan-0106.bin,/home/DUT_USER_REDACTED/vcde_artifacts/g2b_nvp_camera_scan1_r1r1/20260911T202728Z/scanner/repetition/scan-0106.json,PASS
107,108,82,10,105,0x90,0x01,PASS,0,0,0,0,0,0,15,15,0,DF5B70AF973C6E9FBA803723B17898C8BA3D282567F89FCC6BD5CBD8A0310987,16962A4639EE1AC184550875951CF75CBFC6A080F3D409A4379C1FDA72CD8E82,/home/DUT_USER_REDACTED/vcde_artifacts/g2b_nvp_camera_scan1_r1r1/20260911T202728Z/scanner/repetition/scan-0107.bin,/home/DUT_USER_REDACTED/vcde_artifacts/g2b_nvp_camera_scan1_r1r1/20260911T202728Z/scanner/repetition/scan-0107.json,PASS
108,109,82,10,105,0x90,0x01,PASS,0,0,0,0,0,0,15,15,0,C6DC541E45A1AB7F53C1CB6D85A6FE518D00C36616FAE11BD32B4507A59B722A,70DA8F550D647FF5D53338B728D5DCAAB5111E19F2823A94A7F1C9EE2CC42586,/home/DUT_USER_REDACTED/vcde_artifacts/g2b_nvp_camera_scan1_r1r1/20260911T202728Z/scanner/repetition/scan-0108.bin,/home/DUT_USER_REDACTED/vcde_artifacts/g2b_nvp_camera_scan1_r1r1/20260911T202728Z/scanner/repetition/scan-0108.json,PASS
109,110,82,10,105,0x90,0x01,PASS,0,0,0,0,0,0,15,15,0,2E20D2F0DDCD743DB7F706EE4C21A0D1F1A28CF1B2F56AA85B952C2F2C510FF1,487CEECDCF13427F2D1E58B24B109E572C37B4F2C25E8FD49431E5D9D4A74AE7,/home/DUT_USER_REDACTED/vcde_artifacts/g2b_nvp_camera_scan1_r1r1/20260911T202728Z/scanner/repetition/scan-0109.bin,/home/DUT_USER_REDACTED/vcde_artifacts/g2b_nvp_camera_scan1_r1r1/20260911T202728Z/scanner/repetition/scan-0109.json,PASS
110,111,82,10,105,0x90,0x01,PASS,0,0,0,0,0,0,15,15,0,D1B553D3301FC87CCE347971FD872AA41879BF9DCA80E69FF6E820A9B802D4E4,15DD5BFB22C4A2D818061DA0F242E0A9BDAFA46BBC34F048B1B31EA8139DDED8,/home/DUT_USER_REDACTED/vcde_artifacts/g2b_nvp_camera_scan1_r1r1/20260911T202728Z/scanner/repetition/scan-0110.bin,/home/DUT_USER_REDACTED/vcde_artifacts/g2b_nvp_camera_scan1_r1r1/20260911T202728Z/scanner/repetition/scan-0110.json,PASS
111,112,82,10,105,0x90,0x01,PASS,0,0,0,0,0,0,15,15,0,E9790D8557B662FBB247E68ABE6E4144E60B7FC04FFD3891CE1C334037D7ABF0,B23EBDBD40949903CE12E7CF3590C212C798981A84F78C76084F4C134DF4ECE3,/home/DUT_USER_REDACTED/vcde_artifacts/g2b_nvp_camera_scan1_r1r1/20260911T202728Z/scanner/repetition/scan-0111.bin,/home/DUT_USER_REDACTED/vcde_artifacts/g2b_nvp_camera_scan1_r1r1/20260911T202728Z/scanner/repetition/scan-0111.json,PASS
112,113,82,10,105,0x90,0x01,PASS,0,0,0,0,0,0,15,15,0,A2E7E6B374E9850C4B191F95EAD00C2C25F90DE95DCE8C7F066638A6A2FD6382,6985705FBBB9E78868F157258575B6DBF26E95C58A3EDFFA2B017851B54F35D8,/home/DUT_USER_REDACTED/vcde_artifacts/g2b_nvp_camera_scan1_r1r1/20260911T202728Z/scanner/repetition/scan-0112.bin,/home/DUT_USER_REDACTED/vcde_artifacts/g2b_nvp_camera_scan1_r1r1/20260911T202728Z/scanner/repetition/scan-0112.json,PASS
113,114,82,10,105,0x90,0x01,PASS,0,0,0,0,0,0,15,15,0,2689FF6B1EC6F79C6FD7DF5FE1F11439165E1B7A747848BF9E430B1845CAEDC9,1322AF3A753A8C033A88579238828685DAA2AD374A8F19F5202B0B40FE20B61E,/home/DUT_USER_REDACTED/vcde_artifacts/g2b_nvp_camera_scan1_r1r1/20260911T202728Z/scanner/repetition/scan-0113.bin,/home/DUT_USER_REDACTED/vcde_artifacts/g2b_nvp_camera_scan1_r1r1/20260911T202728Z/scanner/repetition/scan-0113.json,PASS
114,115,82,10,105,0x90,0x01,PASS,0,0,0,0,0,0,15,15,0,219EAAD7C08C72F62D6106564B3F842775817493E17F913777AD2F795CA80382,2F1E70DFAF4F8669F3806304E86653007A06E3AD322F9152348C804227D36170,/home/DUT_USER_REDACTED/vcde_artifacts/g2b_nvp_camera_scan1_r1r1/20260911T202728Z/scanner/repetition/scan-0114.bin,/home/DUT_USER_REDACTED/vcde_artifacts/g2b_nvp_camera_scan1_r1r1/20260911T202728Z/scanner/repetition/scan-0114.json,PASS
115,116,82,10,105,0x90,0x01,PASS,0,0,0,0,0,0,15,15,0,ED69AC829BB9940E785D239DFB8E21680D6C1226F255E5950C335BCC150AE7FE,E2A90AE2B8C050034DF5A0AE0265DCCED1F053C211057CC9EAA925B48CD3E956,/home/DUT_USER_REDACTED/vcde_artifacts/g2b_nvp_camera_scan1_r1r1/20260911T202728Z/scanner/repetition/scan-0115.bin,/home/DUT_USER_REDACTED/vcde_artifacts/g2b_nvp_camera_scan1_r1r1/20260911T202728Z/scanner/repetition/scan-0115.json,PASS
116,117,82,10,105,0x90,0x01,PASS,0,0,0,0,0,0,15,15,0,89F3C9E79368D6CD83BF33FF6BC42D56D3DFE95806DB26835B1C0FF4A5AFD7FD,7BE1A2DCEC6D8C2950F4918411972514EACF8C0F5CB229A92104B9F175755BB9,/home/DUT_USER_REDACTED/vcde_artifacts/g2b_nvp_camera_scan1_r1r1/20260911T202728Z/scanner/repetition/scan-0116.bin,/home/DUT_USER_REDACTED/vcde_artifacts/g2b_nvp_camera_scan1_r1r1/20260911T202728Z/scanner/repetition/scan-0116.json,PASS
117,118,82,10,105,0x90,0x01,PASS,0,0,0,0,0,0,15,15,0,0661C1E2FF108ECF2923FC01E90E154115712386294D519D8283A630D47FD248,FE25743FC64059F714C1AB73979818510448E586999270038747082D02FE65E4,/home/DUT_USER_REDACTED/vcde_artifacts/g2b_nvp_camera_scan1_r1r1/20260911T202728Z/scanner/repetition/scan-0117.bin,/home/DUT_USER_REDACTED/vcde_artifacts/g2b_nvp_camera_scan1_r1r1/20260911T202728Z/scanner/repetition/scan-0117.json,PASS
118,119,82,10,105,0x90,0x01,PASS,0,0,0,0,0,0,15,15,0,37F78F28CD175D95F902D0116C1CE5F6C69C082CC2A64F6C55EC07C2C2E54F55,68EE204658673930ECC8395B5ACC68E115ACF7E0AC22EF34F6D9BF48161227DB,/home/DUT_USER_REDACTED/vcde_artifacts/g2b_nvp_camera_scan1_r1r1/20260911T202728Z/scanner/repetition/scan-0118.bin,/home/DUT_USER_REDACTED/vcde_artifacts/g2b_nvp_camera_scan1_r1r1/20260911T202728Z/scanner/repetition/scan-0118.json,PASS
119,120,82,10,105,0x90,0x01,PASS,0,0,0,0,0,0,15,15,0,A1DB56E75BDE38617D11E8C7985B843E7D9055537EA5B63E472680167E11A290,99EBDC54157DF397D4E2A109B1D3366FFF277AAF93F43839B80F73D934CBD5FE,/home/DUT_USER_REDACTED/vcde_artifacts/g2b_nvp_camera_scan1_r1r1/20260911T202728Z/scanner/repetition/scan-0119.bin,/home/DUT_USER_REDACTED/vcde_artifacts/g2b_nvp_camera_scan1_r1r1/20260911T202728Z/scanner/repetition/scan-0119.json,PASS
120,121,82,10,105,0x90,0x01,PASS,0,0,0,0,0,0,15,15,0,60C1D6D1349F4FD37896F47295C8A9EA73B977373BCF06ABE12AD46BD411395F,1BA501BE0E0B24A6576D0334BF5D306F86877FCE05F7CCECF12016669B7C2069,/home/DUT_USER_REDACTED/vcde_artifacts/g2b_nvp_camera_scan1_r1r1/20260911T202728Z/scanner/repetition/scan-0120.bin,/home/DUT_USER_REDACTED/vcde_artifacts/g2b_nvp_camera_scan1_r1r1/20260911T202728Z/scanner/repetition/scan-0120.json,PASS
121,122,82,10,105,0x90,0x01,PASS,0,0,0,0,0,0,15,15,0,8207E5D05515231377F5B89413789E089633C81F8E4C2CA2AFD4CBF4629305E7,DB5752A13029196995C2F5F4EF5872C6C703A1DB71A46DD01B2EC0430253D2FB,/home/DUT_USER_REDACTED/vcde_artifacts/g2b_nvp_camera_scan1_r1r1/20260911T202728Z/scanner/repetition/scan-0121.bin,/home/DUT_USER_REDACTED/vcde_artifacts/g2b_nvp_camera_scan1_r1r1/20260911T202728Z/scanner/repetition/scan-0121.json,PASS
122,123,82,10,105,0x90,0x01,PASS,0,0,0,0,0,0,15,15,0,84DE58CDE5876CB86D7E5A4DDA642A7D36708BD01B298737A19349D6CA663738,AB0EF9270BAC2AB6EA321F2DC57883E88E12702CA60D3D95E191D91E667DCB3D,/home/DUT_USER_REDACTED/vcde_artifacts/g2b_nvp_camera_scan1_r1r1/20260911T202728Z/scanner/repetition/scan-0122.bin,/home/DUT_USER_REDACTED/vcde_artifacts/g2b_nvp_camera_scan1_r1r1/20260911T202728Z/scanner/repetition/scan-0122.json,PASS
123,124,82,10,105,0x90,0x01,PASS,0,0,0,0,0,0,15,15,0,E38FC816AD42C7E13456F176E8AF0E3C84092532BDB972B8240717B23E5A0058,A1807FC6BB637234E77E6296C6865D11A5EDAEAE0DE4CEB175F9684B4DFD23EE,/home/DUT_USER_REDACTED/vcde_artifacts/g2b_nvp_camera_scan1_r1r1/20260911T202728Z/scanner/repetition/scan-0123.bin,/home/DUT_USER_REDACTED/vcde_artifacts/g2b_nvp_camera_scan1_r1r1/20260911T202728Z/scanner/repetition/scan-0123.json,PASS
124,125,82,10,105,0x90,0x01,PASS,0,0,0,0,0,0,15,15,0,957BA3A05D69C2E0A2F2D46BFB75D225461F8CFD52F30813DAB085163E804913,27A6C39D002E658F844BA316105991D7BBF5743CFC376DA0EE24F0B4400F1676,/home/DUT_USER_REDACTED/vcde_artifacts/g2b_nvp_camera_scan1_r1r1/20260911T202728Z/scanner/repetition/scan-0124.bin,/home/DUT_USER_REDACTED/vcde_artifacts/g2b_nvp_camera_scan1_r1r1/20260911T202728Z/scanner/repetition/scan-0124.json,PASS
125,126,82,10,105,0x90,0x01,PASS,0,0,0,0,0,0,15,15,0,2050560CECE397021989E17FFFFD92D54724F439A6CA81F11890106165B64EEE,942FA472504966D8DBEE523D048C3EE878513145875D9D35F9267BFF9BD318FD,/home/DUT_USER_REDACTED/vcde_artifacts/g2b_nvp_camera_scan1_r1r1/20260911T202728Z/scanner/repetition/scan-0125.bin,/home/DUT_USER_REDACTED/vcde_artifacts/g2b_nvp_camera_scan1_r1r1/20260911T202728Z/scanner/repetition/scan-0125.json,PASS
126,127,82,10,105,0x90,0x01,PASS,0,0,0,0,0,0,15,15,0,CCFCC86A523F95755968447AD22C00786D79EDB4E503C03141FF80B5952D19FF,360CC865D3708A1512C52FD636D8F6DB828E3F853CDA69F2EE7D75DED0FD8F41,/home/DUT_USER_REDACTED/vcde_artifacts/g2b_nvp_camera_scan1_r1r1/20260911T202728Z/scanner/repetition/scan-0126.bin,/home/DUT_USER_REDACTED/vcde_artifacts/g2b_nvp_camera_scan1_r1r1/20260911T202728Z/scanner/repetition/scan-0126.json,PASS
127,128,82,10,105,0x90,0x01,PASS,0,0,0,0,0,0,15,15,0,06CA84AD23DDC7AC9168722E3577615EB467ABE839AF5324D6983721D5875467,5CE25E88A5756CDA508D181486238AB9DF65A82DA65F4F51710F516CE1FECC83,/home/DUT_USER_REDACTED/vcde_artifacts/g2b_nvp_camera_scan1_r1r1/20260911T202728Z/scanner/repetition/scan-0127.bin,/home/DUT_USER_REDACTED/vcde_artifacts/g2b_nvp_camera_scan1_r1r1/20260911T202728Z/scanner/repetition/scan-0127.json,PASS
128,129,82,10,105,0x90,0x01,PASS,0,0,0,0,0,0,15,15,0,F39FEE627D4467A35859E26F68D5A7592E1E044157F4C26F66EC717F332D6C9B,09A62D110A97B6E3031F44C46C4BD6C3D35CD36F6D68CE8C15389D25C4BC1844,/home/DUT_USER_REDACTED/vcde_artifacts/g2b_nvp_camera_scan1_r1r1/20260911T202728Z/scanner/repetition/scan-0128.bin,/home/DUT_USER_REDACTED/vcde_artifacts/g2b_nvp_camera_scan1_r1r1/20260911T202728Z/scanner/repetition/scan-0128.json,PASS
129,130,82,10,105,0x90,0x01,PASS,0,0,0,0,0,0,15,15,0,CC1DCDB8AF72AF1FC77AED4EE7BAFE23D5A73EB2222A9ED0AC2C637FA31B75C8,B681DE4C20158A549F6C90A82F0E154CF44806A0B0248FFD2D2ACAFA8FE60A01,/home/DUT_USER_REDACTED/vcde_artifacts/g2b_nvp_camera_scan1_r1r1/20260911T202728Z/scanner/repetition/scan-0129.bin,/home/DUT_USER_REDACTED/vcde_artifacts/g2b_nvp_camera_scan1_r1r1/20260911T202728Z/scanner/repetition/scan-0129.json,PASS
130,131,82,10,105,0x90,0x01,PASS,0,0,0,0,0,0,15,15,0,D807BE1131AEAC952C3425834BCB81C9C9634743E1C13F11A6FBE87E8E78638F,5AA823B30332B3FECFFD2CE2F319983E24282CFC7FE1143F7938AB36C3B3602D,/home/DUT_USER_REDACTED/vcde_artifacts/g2b_nvp_camera_scan1_r1r1/20260911T202728Z/scanner/repetition/scan-0130.bin,/home/DUT_USER_REDACTED/vcde_artifacts/g2b_nvp_camera_scan1_r1r1/20260911T202728Z/scanner/repetition/scan-0130.json,PASS
131,132,82,10,105,0x90,0x01,PASS,0,0,0,0,0,0,15,15,0,163EB8B923C88B269F26B2F265F00EEA38F4232A0E0CA811741337027E1CADDC,CF1349312702910BD65EF6B0C33290BC295B5F8C9A1D2D6BE06600751934D6C4,/home/DUT_USER_REDACTED/vcde_artifacts/g2b_nvp_camera_scan1_r1r1/20260911T202728Z/scanner/repetition/scan-0131.bin,/home/DUT_USER_REDACTED/vcde_artifacts/g2b_nvp_camera_scan1_r1r1/20260911T202728Z/scanner/repetition/scan-0131.json,PASS
132,133,82,10,105,0x90,0x01,PASS,0,0,0,0,0,0,15,15,0,A9AE7AAA98C0A6026A735CC67D9B6EB2A9E9B874E59F185457D834D980FF12BD,DE52249FF9EB23E7981ED55FD06AC6BDEE5BB5A2C509762EDBD90CAB9B4D5D54,/home/DUT_USER_REDACTED/vcde_artifacts/g2b_nvp_camera_scan1_r1r1/20260911T202728Z/scanner/repetition/scan-0132.bin,/home/DUT_USER_REDACTED/vcde_artifacts/g2b_nvp_camera_scan1_r1r1/20260911T202728Z/scanner/repetition/scan-0132.json,PASS
133,134,82,10,105,0x90,0x01,PASS,0,0,0,0,0,0,15,15,0,60CA2916174E6A339AFB6895154FA8795DD9339132C4CADA4D7F035C15C07315,D14110C2AEBBEE34EABC6E7F664DA6DF146D2507A3AF2BEE173AFF4B47E80658,/home/DUT_USER_REDACTED/vcde_artifacts/g2b_nvp_camera_scan1_r1r1/20260911T202728Z/scanner/repetition/scan-0133.bin,/home/DUT_USER_REDACTED/vcde_artifacts/g2b_nvp_camera_scan1_r1r1/20260911T202728Z/scanner/repetition/scan-0133.json,PASS
134,135,82,10,105,0x90,0x01,PASS,0,0,0,0,0,0,15,15,0,0C99828F6909F04C9FCF7886D374155FC9EA6E9C349CB0FAFB525E7556A55418,D3E34FEB61E7248300F1469C7DB35F18E861A14E97E0FDC62803600D1EB8D945,/home/DUT_USER_REDACTED/vcde_artifacts/g2b_nvp_camera_scan1_r1r1/20260911T202728Z/scanner/repetition/scan-0134.bin,/home/DUT_USER_REDACTED/vcde_artifacts/g2b_nvp_camera_scan1_r1r1/20260911T202728Z/scanner/repetition/scan-0134.json,PASS
135,136,82,10,105,0x90,0x01,PASS,0,0,0,0,0,0,15,15,0,A2AFC78F0EB9B87F8752AA343251EF5446E1400CA058C9FED84BFB8D5886001F,374FFBF6C036F69E6EE206498B82D50B3345DE47534CF9F768A1851F28A8CE74,/home/DUT_USER_REDACTED/vcde_artifacts/g2b_nvp_camera_scan1_r1r1/20260911T202728Z/scanner/repetition/scan-0135.bin,/home/DUT_USER_REDACTED/vcde_artifacts/g2b_nvp_camera_scan1_r1r1/20260911T202728Z/scanner/repetition/scan-0135.json,PASS
136,137,82,10,105,0x90,0x01,PASS,0,0,0,0,0,0,15,15,0,16865063C483CDAC07EB4C3B00248252BAC419BEAF7F0FF6E281511F34AAD416,00D69D3CB54280A58F215A41AC601A8DCD8B3751FAC4D1C895036EBCFFEF891A,/home/DUT_USER_REDACTED/vcde_artifacts/g2b_nvp_camera_scan1_r1r1/20260911T202728Z/scanner/repetition/scan-0136.bin,/home/DUT_USER_REDACTED/vcde_artifacts/g2b_nvp_camera_scan1_r1r1/20260911T202728Z/scanner/repetition/scan-0136.json,PASS
137,138,82,10,105,0x90,0x01,PASS,0,0,0,0,0,0,15,15,0,6781E49265D6C5C5656B32514F469820B9CEEE2C089D33373D898EE0DE3E908E,B91BD60AF82864B6C326F2E68344F228F1AB4744E03EDA2D1AFCB8F248235610,/home/DUT_USER_REDACTED/vcde_artifacts/g2b_nvp_camera_scan1_r1r1/20260911T202728Z/scanner/repetition/scan-0137.bin,/home/DUT_USER_REDACTED/vcde_artifacts/g2b_nvp_camera_scan1_r1r1/20260911T202728Z/scanner/repetition/scan-0137.json,PASS
138,139,82,10,105,0x90,0x01,PASS,0,0,0,0,0,0,15,15,0,C461AD948D3C5767F0CD98C93F17ABB21E7C706A463250BC723254F50874C103,4346EB758B91C417E67BFD19B47251358F206D26CFF4C202FC7B8B091496F6C3,/home/DUT_USER_REDACTED/vcde_artifacts/g2b_nvp_camera_scan1_r1r1/20260911T202728Z/scanner/repetition/scan-0138.bin,/home/DUT_USER_REDACTED/vcde_artifacts/g2b_nvp_camera_scan1_r1r1/20260911T202728Z/scanner/repetition/scan-0138.json,PASS
139,140,82,10,105,0x90,0x01,PASS,0,0,0,0,0,0,15,15,0,BAA7CB4AE8479260E5540F2A1FA517C5A46F1ED1221F9BBCFC438DD88483BB65,60373211C80329EAB5DCF166A2F33CC2FC3F0747210C45DF943FDC5F41C1FB6D,/home/DUT_USER_REDACTED/vcde_artifacts/g2b_nvp_camera_scan1_r1r1/20260911T202728Z/scanner/repetition/scan-0139.bin,/home/DUT_USER_REDACTED/vcde_artifacts/g2b_nvp_camera_scan1_r1r1/20260911T202728Z/scanner/repetition/scan-0139.json,PASS
140,141,82,10,105,0x90,0x01,PASS,0,0,0,0,0,0,15,15,0,AE3FB1FA082A9E6666047F1BDC44C367E5F2C6F01CE0E0D03E4E24AEC70B8417,36DA6D0DDED9710D5255D7828A9816DB91AEC2B05C92782D242606EC9E7F36F5,/home/DUT_USER_REDACTED/vcde_artifacts/g2b_nvp_camera_scan1_r1r1/20260911T202728Z/scanner/repetition/scan-0140.bin,/home/DUT_USER_REDACTED/vcde_artifacts/g2b_nvp_camera_scan1_r1r1/20260911T202728Z/scanner/repetition/scan-0140.json,PASS
141,142,82,10,105,0x90,0x01,PASS,0,0,0,0,0,0,15,15,0,4B8B4860685FFA595427D0AA2D6DC66EC45797B1F89A9CE32DA9F750B90B3AE9,E55D10DAD5AF0EFBCAC581DD73942F8DA030A1A2A6E16494F980EC2F39E85E48,/home/DUT_USER_REDACTED/vcde_artifacts/g2b_nvp_camera_scan1_r1r1/20260911T202728Z/scanner/repetition/scan-0141.bin,/home/DUT_USER_REDACTED/vcde_artifacts/g2b_nvp_camera_scan1_r1r1/20260911T202728Z/scanner/repetition/scan-0141.json,PASS
142,143,82,10,105,0x90,0x01,PASS,0,0,0,0,0,0,15,15,0,975038951B4B29FEC6FDDCCCCF91417F989844F934BAB62AEA77DE543D0EA72F,AAAA323BDA18347D8990BB519F35438EFD24AB408BA14879671E9186EB40C5F1,/home/DUT_USER_REDACTED/vcde_artifacts/g2b_nvp_camera_scan1_r1r1/20260911T202728Z/scanner/repetition/scan-0142.bin,/home/DUT_USER_REDACTED/vcde_artifacts/g2b_nvp_camera_scan1_r1r1/20260911T202728Z/scanner/repetition/scan-0142.json,PASS
143,144,82,10,105,0x90,0x01,PASS,0,0,0,0,0,0,15,15,0,3274E8C942C4EE199CA44245C0DC2C0BB254C3FDB44F3009439984A05173D6A3,6DAD83D214A984A9319F4C1C05B7BA061FE3546ED46F6C9A3B297718163D3915,/home/DUT_USER_REDACTED/vcde_artifacts/g2b_nvp_camera_scan1_r1r1/20260911T202728Z/scanner/repetition/scan-0143.bin,/home/DUT_USER_REDACTED/vcde_artifacts/g2b_nvp_camera_scan1_r1r1/20260911T202728Z/scanner/repetition/scan-0143.json,PASS
144,145,82,10,105,0x90,0x01,PASS,0,0,0,0,0,0,15,15,0,A748D68FBCE8A7C1DA44DFEA8D2EF0D43FC0299397116D0C502F9552FD1C8E86,024085DBBB752CFC010A6ED11D63C435A21000BA0D633236CD4DA811F6DFA289,/home/DUT_USER_REDACTED/vcde_artifacts/g2b_nvp_camera_scan1_r1r1/20260911T202728Z/scanner/repetition/scan-0144.bin,/home/DUT_USER_REDACTED/vcde_artifacts/g2b_nvp_camera_scan1_r1r1/20260911T202728Z/scanner/repetition/scan-0144.json,PASS
145,146,82,10,105,0x90,0x01,PASS,0,0,0,0,0,0,15,15,0,6762A0E1269CE748D800540870E654A29E90EF8BECD4B1DB3ECD37F93F2E41AB,68C0C826543BAC24DAD0BEE8DF316848EDF4A3130D7A5FB653B99DA282BA89EB,/home/DUT_USER_REDACTED/vcde_artifacts/g2b_nvp_camera_scan1_r1r1/20260911T202728Z/scanner/repetition/scan-0145.bin,/home/DUT_USER_REDACTED/vcde_artifacts/g2b_nvp_camera_scan1_r1r1/20260911T202728Z/scanner/repetition/scan-0145.json,PASS
146,147,82,10,105,0x90,0x01,PASS,0,0,0,0,0,0,15,15,0,87A3FFF8584179501C6049F98157186A56D3583552BA541325BE906F7654A4E0,1B357D754036A6B64ED17828B083F660086749859180BC17AE11C0138D958682,/home/DUT_USER_REDACTED/vcde_artifacts/g2b_nvp_camera_scan1_r1r1/20260911T202728Z/scanner/repetition/scan-0146.bin,/home/DUT_USER_REDACTED/vcde_artifacts/g2b_nvp_camera_scan1_r1r1/20260911T202728Z/scanner/repetition/scan-0146.json,PASS
147,148,82,10,105,0x90,0x01,PASS,0,0,0,0,0,0,15,15,0,41EF2874732B724E7FF73536C641B45F608A75DAEB3BB971FF03A5C1B355D859,6727E818AD03A45C7469C7330A9DC3D1B58D565B1B358CF6C1BA24A21ED8BC46,/home/DUT_USER_REDACTED/vcde_artifacts/g2b_nvp_camera_scan1_r1r1/20260911T202728Z/scanner/repetition/scan-0147.bin,/home/DUT_USER_REDACTED/vcde_artifacts/g2b_nvp_camera_scan1_r1r1/20260911T202728Z/scanner/repetition/scan-0147.json,PASS
148,149,82,10,105,0x90,0x01,PASS,0,0,0,0,0,0,15,15,0,C925340E6C3FD1DD9AFD192277633E3085FEC2BD141E890F9B999B0F972AFD90,A6E28783EB0A9844E623E24D3E69EDDEFD8BF55273E78C76F5B76BB500448DEE,/home/DUT_USER_REDACTED/vcde_artifacts/g2b_nvp_camera_scan1_r1r1/20260911T202728Z/scanner/repetition/scan-0148.bin,/home/DUT_USER_REDACTED/vcde_artifacts/g2b_nvp_camera_scan1_r1r1/20260911T202728Z/scanner/repetition/scan-0148.json,PASS
149,150,82,10,105,0x90,0x01,PASS,0,0,0,0,0,0,15,15,0,E0ABA67D2E65A3D263E258CACE9B9E48EA554D5C0D512227152EECD28E890C32,FFD1393BA54F93210EDD44572FF1D6C8B76F200A761DAAD5FB1596B079753883,/home/DUT_USER_REDACTED/vcde_artifacts/g2b_nvp_camera_scan1_r1r1/20260911T202728Z/scanner/repetition/scan-0149.bin,/home/DUT_USER_REDACTED/vcde_artifacts/g2b_nvp_camera_scan1_r1r1/20260911T202728Z/scanner/repetition/scan-0149.json,PASS
150,151,82,10,105,0x90,0x01,PASS,0,0,0,0,0,0,15,15,0,901253F65F06E09F7B225D43499F29AF09551F1C9357805FC3A5FEA4FCB9A6AC,F26870F4346479777CF34A9E53AA5ADF43B990BC716F901AE2C4990351E1B215,/home/DUT_USER_REDACTED/vcde_artifacts/g2b_nvp_camera_scan1_r1r1/20260911T202728Z/scanner/repetition/scan-0150.bin,/home/DUT_USER_REDACTED/vcde_artifacts/g2b_nvp_camera_scan1_r1r1/20260911T202728Z/scanner/repetition/scan-0150.json,PASS
151,152,82,10,105,0x90,0x01,PASS,0,0,0,0,0,0,15,15,0,15614B04D98A0ED8F2F537F96ED8D4BA6CBB6961B104C801991736095DE9C324,773C5E7AE8D9D61E8FD5D0CC794DC62CF258F95CBBA084C52F915165426B592C,/home/DUT_USER_REDACTED/vcde_artifacts/g2b_nvp_camera_scan1_r1r1/20260911T202728Z/scanner/repetition/scan-0151.bin,/home/DUT_USER_REDACTED/vcde_artifacts/g2b_nvp_camera_scan1_r1r1/20260911T202728Z/scanner/repetition/scan-0151.json,PASS
152,153,82,10,105,0x90,0x01,PASS,0,0,0,0,0,0,15,15,0,C4A9CB67E23884C6B35BE8C2476E4CF873D7B0CFEEC36946DF62FCF94634B292,B6FBEE7C9F1D48F074753B7ED42DF4FF62612198B2F69EBBDCB0D1C82D6CA9F8,/home/DUT_USER_REDACTED/vcde_artifacts/g2b_nvp_camera_scan1_r1r1/20260911T202728Z/scanner/repetition/scan-0152.bin,/home/DUT_USER_REDACTED/vcde_artifacts/g2b_nvp_camera_scan1_r1r1/20260911T202728Z/scanner/repetition/scan-0152.json,PASS
153,154,82,10,105,0x90,0x01,PASS,0,0,0,0,0,0,15,15,0,DC4E706C70CCB9130BFE4CD967CEEEFCB29DEAFE0BB3336CFDEA2DCE07BDA6CE,9B92155E2D4BF37D3535B5E0033ACBE018ECA9323B70898E0BE2F83ACACB46EC,/home/DUT_USER_REDACTED/vcde_artifacts/g2b_nvp_camera_scan1_r1r1/20260911T202728Z/scanner/repetition/scan-0153.bin,/home/DUT_USER_REDACTED/vcde_artifacts/g2b_nvp_camera_scan1_r1r1/20260911T202728Z/scanner/repetition/scan-0153.json,PASS
154,155,82,10,105,0x90,0x01,PASS,0,0,0,0,0,0,15,15,0,CC8BB5F291A26E98868B7CD629FDBDBE805ADF40B314B0E4E6F4B028C9623B1E,73CBD9A54D0BB1DA067B2B741A345DEB1DC4D51DCF57EF84D3C88E70F738EDE0,/home/DUT_USER_REDACTED/vcde_artifacts/g2b_nvp_camera_scan1_r1r1/20260911T202728Z/scanner/repetition/scan-0154.bin,/home/DUT_USER_REDACTED/vcde_artifacts/g2b_nvp_camera_scan1_r1r1/20260911T202728Z/scanner/repetition/scan-0154.json,PASS
155,156,82,10,105,0x90,0x01,PASS,0,0,0,0,0,0,15,15,0,93755EDAE1776A2F1651378BBF6174BFE1AC3E2D963FC63E364E85B139C4EB38,A106ACEA5C72E9533CFC959467CE660D7AFB75BFEB9D6360FDE5E41B713500FC,/home/DUT_USER_REDACTED/vcde_artifacts/g2b_nvp_camera_scan1_r1r1/20260911T202728Z/scanner/repetition/scan-0155.bin,/home/DUT_USER_REDACTED/vcde_artifacts/g2b_nvp_camera_scan1_r1r1/20260911T202728Z/scanner/repetition/scan-0155.json,PASS
156,157,82,10,105,0x90,0x01,PASS,0,0,0,0,0,0,15,15,0,D5B4291A1BD0B8462A19BE3641BC9B3988DF1C7F268AAD07F51C1420131A0331,7E8BF0AA46AC897A46AF5300C0A5505513D37D0976640F5E25C2B9B36D84E39A,/home/DUT_USER_REDACTED/vcde_artifacts/g2b_nvp_camera_scan1_r1r1/20260911T202728Z/scanner/repetition/scan-0156.bin,/home/DUT_USER_REDACTED/vcde_artifacts/g2b_nvp_camera_scan1_r1r1/20260911T202728Z/scanner/repetition/scan-0156.json,PASS
157,158,82,10,105,0x90,0x01,PASS,0,0,0,0,0,0,15,15,0,84C0F3D35E71BA7D3B12DD94149C89CE831EC320D84F62E567C887D4155DFBC2,D823EF14A2856F44569AB02063DA700F5DEFAC70CD41404515F992033B107806,/home/DUT_USER_REDACTED/vcde_artifacts/g2b_nvp_camera_scan1_r1r1/20260911T202728Z/scanner/repetition/scan-0157.bin,/home/DUT_USER_REDACTED/vcde_artifacts/g2b_nvp_camera_scan1_r1r1/20260911T202728Z/scanner/repetition/scan-0157.json,PASS
158,159,82,10,105,0x90,0x01,PASS,0,0,0,0,0,0,15,15,0,95A01A643619D9E3736C33D7388A4538FF903160B7BFD85EC7E3F09E4C61A7B1,DEBCF878B9B936E72B3B6085CADCCB4BCD6A862A00673C1199BB5890034B77E0,/home/DUT_USER_REDACTED/vcde_artifacts/g2b_nvp_camera_scan1_r1r1/20260911T202728Z/scanner/repetition/scan-0158.bin,/home/DUT_USER_REDACTED/vcde_artifacts/g2b_nvp_camera_scan1_r1r1/20260911T202728Z/scanner/repetition/scan-0158.json,PASS
159,160,82,10,105,0x90,0x01,PASS,0,0,0,0,0,0,15,15,0,D95FA1F95D92B1686D7A2CCC47708379048F1D3B3E1CFEFF739093E9A852545D,40CCCA7008B2EE6E1E11BED74CEB7EBE1A3AD257432EF13719A494FFABF8A3E4,/home/DUT_USER_REDACTED/vcde_artifacts/g2b_nvp_camera_scan1_r1r1/20260911T202728Z/scanner/repetition/scan-0159.bin,/home/DUT_USER_REDACTED/vcde_artifacts/g2b_nvp_camera_scan1_r1r1/20260911T202728Z/scanner/repetition/scan-0159.json,PASS
160,161,82,10,105,0x90,0x01,PASS,0,0,0,0,0,0,15,15,0,85A3AFD81A8FA06608E8811ED4C6979E2C714DFCA698AEEC9D84C99D9407B093,4B4111106501EE08521F3CE4596998DB4E2BAD6A75F6C9A94394A6C95BABD087,/home/DUT_USER_REDACTED/vcde_artifacts/g2b_nvp_camera_scan1_r1r1/20260911T202728Z/scanner/repetition/scan-0160.bin,/home/DUT_USER_REDACTED/vcde_artifacts/g2b_nvp_camera_scan1_r1r1/20260911T202728Z/scanner/repetition/scan-0160.json,PASS
161,162,82,10,105,0x90,0x01,PASS,0,0,0,0,0,0,15,15,0,462C90EEB00046E05B1FF4B8321F74A256A7AB4C5C005C94192365D1411EFDEE,4B46B6F03791D2155A25EE4B49B5B930FDB50E69D0085B0ECD61D085F3A24D5E,/home/DUT_USER_REDACTED/vcde_artifacts/g2b_nvp_camera_scan1_r1r1/20260911T202728Z/scanner/repetition/scan-0161.bin,/home/DUT_USER_REDACTED/vcde_artifacts/g2b_nvp_camera_scan1_r1r1/20260911T202728Z/scanner/repetition/scan-0161.json,PASS
162,163,82,10,105,0x90,0x01,PASS,0,0,0,0,0,0,15,15,0,C9B123F12C3B5F279A7E359869AB60C30D40B1CC6B3FAE506085AE0DDBA1379C,D3F6AE2B8658910C543A6F36E50462752AA1187FDEEED9F0642A14DBDBC5CAC6,/home/DUT_USER_REDACTED/vcde_artifacts/g2b_nvp_camera_scan1_r1r1/20260911T202728Z/scanner/repetition/scan-0162.bin,/home/DUT_USER_REDACTED/vcde_artifacts/g2b_nvp_camera_scan1_r1r1/20260911T202728Z/scanner/repetition/scan-0162.json,PASS
163,164,82,10,105,0x90,0x01,PASS,0,0,0,0,0,0,15,15,0,B75547431F4801C9588079ED05BB7CBBF50F0DA54E79BA1ECDBDAEF9CCF98FCC,A8CAA9299FFF30BBD077B78FD05A3C0123E90F62FB385912ADC986093CF565EE,/home/DUT_USER_REDACTED/vcde_artifacts/g2b_nvp_camera_scan1_r1r1/20260911T202728Z/scanner/repetition/scan-0163.bin,/home/DUT_USER_REDACTED/vcde_artifacts/g2b_nvp_camera_scan1_r1r1/20260911T202728Z/scanner/repetition/scan-0163.json,PASS
164,165,82,10,105,0x90,0x01,PASS,0,0,0,0,0,0,15,15,0,16664CB99340F9DE5CDE5DF2DAA7AA38D0099B735076A389F3CDA4C643A1E737,156E6C2F34CB0082712613C2CBCBEAF178FAC1E8EF0EB9A33310BCC4C80B3149,/home/DUT_USER_REDACTED/vcde_artifacts/g2b_nvp_camera_scan1_r1r1/20260911T202728Z/scanner/repetition/scan-0164.bin,/home/DUT_USER_REDACTED/vcde_artifacts/g2b_nvp_camera_scan1_r1r1/20260911T202728Z/scanner/repetition/scan-0164.json,PASS
165,166,82,10,105,0x90,0x01,PASS,0,0,0,0,0,0,15,15,0,F870C50E7190458D236BC8F63D6871B9D9591D317D14AA48BCB1A72FAA8F3E20,A7A6AC48654AFFC2C9C40E3775EA011542E32091F00EE0E471A2809D48B04847,/home/DUT_USER_REDACTED/vcde_artifacts/g2b_nvp_camera_scan1_r1r1/20260911T202728Z/scanner/repetition/scan-0165.bin,/home/DUT_USER_REDACTED/vcde_artifacts/g2b_nvp_camera_scan1_r1r1/20260911T202728Z/scanner/repetition/scan-0165.json,PASS
166,167,82,10,105,0x90,0x01,PASS,0,0,0,0,0,0,15,15,0,049CEE91CB6B89F8E080D7E1085F90D520506D12D25011019D14C2518CDF7203,550E70B8DB4C8402C693AE4B8386D2FC86F1E56C62F3F5F148043CACF187E2BD,/home/DUT_USER_REDACTED/vcde_artifacts/g2b_nvp_camera_scan1_r1r1/20260911T202728Z/scanner/repetition/scan-0166.bin,/home/DUT_USER_REDACTED/vcde_artifacts/g2b_nvp_camera_scan1_r1r1/20260911T202728Z/scanner/repetition/scan-0166.json,PASS
167,168,82,10,105,0x90,0x01,PASS,0,0,0,0,0,0,15,15,0,BC4A7432D48472CC26CA64AEAF96A3A7E7FFAD982763FBE99389F17CFD83B627,A79F294299DB23DA53E643240C4626410ADD98302E854CF04A0544C9ABAFA6DD,/home/DUT_USER_REDACTED/vcde_artifacts/g2b_nvp_camera_scan1_r1r1/20260911T202728Z/scanner/repetition/scan-0167.bin,/home/DUT_USER_REDACTED/vcde_artifacts/g2b_nvp_camera_scan1_r1r1/20260911T202728Z/scanner/repetition/scan-0167.json,PASS
168,169,82,10,105,0x90,0x01,PASS,0,0,0,0,0,0,15,15,0,53B79B22CE48684DE786E7CECDC812F626165BD3DC3AE141EC60FE6B245DEAF0,3A52DC440718C3D4CBC0473D4C3ED7AE6BB8204A839F60D7B340F8DE2E848CE8,/home/DUT_USER_REDACTED/vcde_artifacts/g2b_nvp_camera_scan1_r1r1/20260911T202728Z/scanner/repetition/scan-0168.bin,/home/DUT_USER_REDACTED/vcde_artifacts/g2b_nvp_camera_scan1_r1r1/20260911T202728Z/scanner/repetition/scan-0168.json,PASS
169,170,82,10,105,0x90,0x01,PASS,0,0,0,0,0,0,15,15,0,AEF49413D7BACCF7E8C5041AFD5E6E8356320FC8FA90C626893368E57B83283F,7BEF22AC59559EBD9310A27D7D4BD92198F0C993D519C3D78B89FE3D84E5F77F,/home/DUT_USER_REDACTED/vcde_artifacts/g2b_nvp_camera_scan1_r1r1/20260911T202728Z/scanner/repetition/scan-0169.bin,/home/DUT_USER_REDACTED/vcde_artifacts/g2b_nvp_camera_scan1_r1r1/20260911T202728Z/scanner/repetition/scan-0169.json,PASS
170,171,82,10,105,0x90,0x01,PASS,0,0,0,0,0,0,15,15,0,40DA680A418359A7A82AD856BD670870F47C832ED9221DF65FC7E34833E9CE31,86EF0955E5FA73D82A52C0BF29A64CDB4B140AF1D299CE5E6BD992F191A18B29,/home/DUT_USER_REDACTED/vcde_artifacts/g2b_nvp_camera_scan1_r1r1/20260911T202728Z/scanner/repetition/scan-0170.bin,/home/DUT_USER_REDACTED/vcde_artifacts/g2b_nvp_camera_scan1_r1r1/20260911T202728Z/scanner/repetition/scan-0170.json,PASS
171,172,82,10,105,0x90,0x01,PASS,0,0,0,0,0,0,15,15,0,619CFD606CA83E8576E77AD93DA3544F2D7B1CD413BB90A83433A54E7390EDDC,24B803BCDCA75DA4CEF22E3A7E5E8BED3FBE20491C8A4907E188A57FFB7415D5,/home/DUT_USER_REDACTED/vcde_artifacts/g2b_nvp_camera_scan1_r1r1/20260911T202728Z/scanner/repetition/scan-0171.bin,/home/DUT_USER_REDACTED/vcde_artifacts/g2b_nvp_camera_scan1_r1r1/20260911T202728Z/scanner/repetition/scan-0171.json,PASS
172,173,82,10,105,0x90,0x01,PASS,0,0,0,0,0,0,15,15,0,5C7883637520CBEC7EA21BD4BE6EE1726D16A556C79AA7209F6ECAD94D2A3AD0,4D301A7A32651EFD30A5445487C27A5F2445687E63B090F79398765ECEDCDCD8,/home/DUT_USER_REDACTED/vcde_artifacts/g2b_nvp_camera_scan1_r1r1/20260911T202728Z/scanner/repetition/scan-0172.bin,/home/DUT_USER_REDACTED/vcde_artifacts/g2b_nvp_camera_scan1_r1r1/20260911T202728Z/scanner/repetition/scan-0172.json,PASS
173,174,82,10,105,0x90,0x01,PASS,0,0,0,0,0,0,15,15,0,00A10A74625B8B8CC9D6E442DFAB25AF9C71A226C7E0C76DD1E74E3000E15739,6BAC3545B252ACA8D6FB5DA1432CDEF94FE31206AFE456D2DE1327F0415BDE14,/home/DUT_USER_REDACTED/vcde_artifacts/g2b_nvp_camera_scan1_r1r1/20260911T202728Z/scanner/repetition/scan-0173.bin,/home/DUT_USER_REDACTED/vcde_artifacts/g2b_nvp_camera_scan1_r1r1/20260911T202728Z/scanner/repetition/scan-0173.json,PASS
174,175,82,10,105,0x90,0x01,PASS,0,0,0,0,0,0,15,15,0,09745AC6BDA4ADF5F752E9ECDEAE78CEA8B2D62B11B7E240D6D552A8703FF120,5A5BE653911111AC95E9F5F0710ADC46E838AEEB17910023CB0278F9D64A224B,/home/DUT_USER_REDACTED/vcde_artifacts/g2b_nvp_camera_scan1_r1r1/20260911T202728Z/scanner/repetition/scan-0174.bin,/home/DUT_USER_REDACTED/vcde_artifacts/g2b_nvp_camera_scan1_r1r1/20260911T202728Z/scanner/repetition/scan-0174.json,PASS
175,176,82,10,105,0x90,0x01,PASS,0,0,0,0,0,0,15,15,0,7BB6D5D12CED60793F3475358F1A0DFCB65E84E2D509F59FD688CDDA6DB7FEBE,84D9E24FD188EC7FBB4F3924C29EA5D96666B944D06B031DD6FE8255BE2E48FE,/home/DUT_USER_REDACTED/vcde_artifacts/g2b_nvp_camera_scan1_r1r1/20260911T202728Z/scanner/repetition/scan-0175.bin,/home/DUT_USER_REDACTED/vcde_artifacts/g2b_nvp_camera_scan1_r1r1/20260911T202728Z/scanner/repetition/scan-0175.json,PASS
176,177,82,10,105,0x90,0x01,PASS,0,0,0,0,0,0,15,15,0,B6DE50E8DAC757AFF80618C3A5CCDAF04C824075D3677BA08D02219DD0471A46,7EF223D444B5F8B81F58591107E5941B3E38E7028FBF7C3E865683682E112251,/home/DUT_USER_REDACTED/vcde_artifacts/g2b_nvp_camera_scan1_r1r1/20260911T202728Z/scanner/repetition/scan-0176.bin,/home/DUT_USER_REDACTED/vcde_artifacts/g2b_nvp_camera_scan1_r1r1/20260911T202728Z/scanner/repetition/scan-0176.json,PASS
177,178,82,10,105,0x90,0x01,PASS,0,0,0,0,0,0,15,15,0,25FBB5B0F45451BFA053C21BA44F30C8391C173A5A3E290324DA359356D26798,6B3BEC181E0D31CA3BF1AF3D06F599D66059484F6E1FF6CC4DB424E483DC88BA,/home/DUT_USER_REDACTED/vcde_artifacts/g2b_nvp_camera_scan1_r1r1/20260911T202728Z/scanner/repetition/scan-0177.bin,/home/DUT_USER_REDACTED/vcde_artifacts/g2b_nvp_camera_scan1_r1r1/20260911T202728Z/scanner/repetition/scan-0177.json,PASS
178,179,82,10,105,0x90,0x01,PASS,0,0,0,0,0,0,15,15,0,5C0D549B486327D3EDE26852EE2DC5A37F4583A1A2887225AE6C8C8D957AFC38,DA3DA0DF94849EDF073DCF7FA7425EBBF99407EAF191C740D11A83DF201A519A,/home/DUT_USER_REDACTED/vcde_artifacts/g2b_nvp_camera_scan1_r1r1/20260911T202728Z/scanner/repetition/scan-0178.bin,/home/DUT_USER_REDACTED/vcde_artifacts/g2b_nvp_camera_scan1_r1r1/20260911T202728Z/scanner/repetition/scan-0178.json,PASS
179,180,82,10,105,0x90,0x01,PASS,0,0,0,0,0,0,15,15,0,089DD59E6C79D2EC4E3554C12654711BC65D4CD73B4CB9E468659F7252725BD7,6B2A98B4A269BC71D2122FA26FC87C1B44A005FC90E9A7ABE5F1AFA74FBD0E36,/home/DUT_USER_REDACTED/vcde_artifacts/g2b_nvp_camera_scan1_r1r1/20260911T202728Z/scanner/repetition/scan-0179.bin,/home/DUT_USER_REDACTED/vcde_artifacts/g2b_nvp_camera_scan1_r1r1/20260911T202728Z/scanner/repetition/scan-0179.json,PASS
180,181,82,10,105,0x90,0x01,PASS,0,0,0,0,0,0,15,15,0,D323FAD2DC5E9E6BFD051F88912EB333A9D37EEFC2CB07F52609542FBBD8D8D3,4955FD1745BC57B377BDD5E4AC8337BA7B39CF68B259DFE3275B18759E1FFBC7,/home/DUT_USER_REDACTED/vcde_artifacts/g2b_nvp_camera_scan1_r1r1/20260911T202728Z/scanner/repetition/scan-0180.bin,/home/DUT_USER_REDACTED/vcde_artifacts/g2b_nvp_camera_scan1_r1r1/20260911T202728Z/scanner/repetition/scan-0180.json,PASS
181,182,82,10,105,0x90,0x01,PASS,0,0,0,0,0,0,15,15,0,DAC1361B97A638B1F5E47FF789E1411E6129FA037373880B1FB62E231E1B8133,146724047712890728BCC79F5FAF9359F5A6F49990C31EEFF88CAEEA1A60726F,/home/DUT_USER_REDACTED/vcde_artifacts/g2b_nvp_camera_scan1_r1r1/20260911T202728Z/scanner/repetition/scan-0181.bin,/home/DUT_USER_REDACTED/vcde_artifacts/g2b_nvp_camera_scan1_r1r1/20260911T202728Z/scanner/repetition/scan-0181.json,PASS
182,183,82,10,105,0x90,0x01,PASS,0,0,0,0,0,0,15,15,0,A90C17E2D7C85A8A55D3E85ADE2BF9BD5662A7CC9C332FFB9C6E30A235D85E02,7952BE207FECFCFF9ADFFAA860A0CE79EA4EE06CE182113A3FF8F81CBA1E853F,/home/DUT_USER_REDACTED/vcde_artifacts/g2b_nvp_camera_scan1_r1r1/20260911T202728Z/scanner/repetition/scan-0182.bin,/home/DUT_USER_REDACTED/vcde_artifacts/g2b_nvp_camera_scan1_r1r1/20260911T202728Z/scanner/repetition/scan-0182.json,PASS
183,184,82,10,105,0x90,0x01,PASS,0,0,0,0,0,0,15,15,0,EFCCC6996D2397C1E0B6246E6FA54FF601395C87B78D02DACA3CD43C21338A74,826C8B168856B4B7D294CDA7CA5A243074E79F3D3515EDB8BEBB1C771E4C8400,/home/DUT_USER_REDACTED/vcde_artifacts/g2b_nvp_camera_scan1_r1r1/20260911T202728Z/scanner/repetition/scan-0183.bin,/home/DUT_USER_REDACTED/vcde_artifacts/g2b_nvp_camera_scan1_r1r1/20260911T202728Z/scanner/repetition/scan-0183.json,PASS
184,185,82,10,105,0x90,0x01,PASS,0,0,0,0,0,0,15,15,0,1EF2A6D77B14D9CA3D34A1DE649DA13D755B7E29E9437443DAEF8095650A3E41,EDC396BAFF202381C33D3F640A527765E94AC7CDA3AD4A16914AFF366FDD27F2,/home/DUT_USER_REDACTED/vcde_artifacts/g2b_nvp_camera_scan1_r1r1/20260911T202728Z/scanner/repetition/scan-0184.bin,/home/DUT_USER_REDACTED/vcde_artifacts/g2b_nvp_camera_scan1_r1r1/20260911T202728Z/scanner/repetition/scan-0184.json,PASS
185,186,82,10,105,0x90,0x01,PASS,0,0,0,0,0,0,15,15,0,3AD187FDF4D90EB59F72A92CBFD520538E851F820E74D38951A9022C22495DD0,8A9F8D7DF6AA8778394AD50E601C9EBB36F29C3FB7475DFE47B3A88F7BE27EC1,/home/DUT_USER_REDACTED/vcde_artifacts/g2b_nvp_camera_scan1_r1r1/20260911T202728Z/scanner/repetition/scan-0185.bin,/home/DUT_USER_REDACTED/vcde_artifacts/g2b_nvp_camera_scan1_r1r1/20260911T202728Z/scanner/repetition/scan-0185.json,PASS
186,187,82,10,105,0x90,0x01,PASS,0,0,0,0,0,0,15,15,0,14DA1A05353D593C35D27C352F56F31FD9A3027A5BA9CB895170574C8AF75811,E0C2730AEFDB428A9E192835B1B123D3970831F7C26B13DD6C7D2A6EEF55EBA5,/home/DUT_USER_REDACTED/vcde_artifacts/g2b_nvp_camera_scan1_r1r1/20260911T202728Z/scanner/repetition/scan-0186.bin,/home/DUT_USER_REDACTED/vcde_artifacts/g2b_nvp_camera_scan1_r1r1/20260911T202728Z/scanner/repetition/scan-0186.json,PASS
187,188,82,10,105,0x90,0x01,PASS,0,0,0,0,0,0,15,15,0,9428E44740CDCF895F22C66687319060F553052652D35A80220AA43C8105D44A,7E2C8DA60B8DCE319D070161B9A0240D2330EC1E70C9533F764DB9D03AA10816,/home/DUT_USER_REDACTED/vcde_artifacts/g2b_nvp_camera_scan1_r1r1/20260911T202728Z/scanner/repetition/scan-0187.bin,/home/DUT_USER_REDACTED/vcde_artifacts/g2b_nvp_camera_scan1_r1r1/20260911T202728Z/scanner/repetition/scan-0187.json,PASS
188,189,82,10,105,0x90,0x01,PASS,0,0,0,0,0,0,15,15,0,9C9AFEDB43B74E5FFFD8590E62086D63B47ECAB444DA903458FDC1481918A951,485BAB97AEFC88BA06068B0487E82373F6FB71EF725756B30622133D828D0AFD,/home/DUT_USER_REDACTED/vcde_artifacts/g2b_nvp_camera_scan1_r1r1/20260911T202728Z/scanner/repetition/scan-0188.bin,/home/DUT_USER_REDACTED/vcde_artifacts/g2b_nvp_camera_scan1_r1r1/20260911T202728Z/scanner/repetition/scan-0188.json,PASS
189,190,82,10,105,0x90,0x01,PASS,0,0,0,0,0,0,15,15,0,BDBE4C9D58820C9D713BFFB64078C5393F77DAD880A433B480F563C2D744DA61,944668382F18CAC279BF4494A8D636D23A5A21C2EBE4224DFB70CD82D1E8613F,/home/DUT_USER_REDACTED/vcde_artifacts/g2b_nvp_camera_scan1_r1r1/20260911T202728Z/scanner/repetition/scan-0189.bin,/home/DUT_USER_REDACTED/vcde_artifacts/g2b_nvp_camera_scan1_r1r1/20260911T202728Z/scanner/repetition/scan-0189.json,PASS
190,191,82,10,105,0x90,0x01,PASS,0,0,0,0,0,0,15,15,0,C49C76AFA4E503871CB31E62749FDEECDA1E6C0A8B1E5273D329A6BE587773CD,F29F2AE4EEB7CEFDF834D082D18BF07B52265FD06A6BB560B86B3B1CCF6A66BD,/home/DUT_USER_REDACTED/vcde_artifacts/g2b_nvp_camera_scan1_r1r1/20260911T202728Z/scanner/repetition/scan-0190.bin,/home/DUT_USER_REDACTED/vcde_artifacts/g2b_nvp_camera_scan1_r1r1/20260911T202728Z/scanner/repetition/scan-0190.json,PASS
191,192,82,10,105,0x90,0x01,PASS,0,0,0,0,0,0,15,15,0,D17E76B0897859B7EED27D4FEA1447608FE55C474572528F3CB02C1D81E5916B,102C3FB6868CAA343F7F76B9D83E2854EDB26366587140A698342356838E5BCD,/home/DUT_USER_REDACTED/vcde_artifacts/g2b_nvp_camera_scan1_r1r1/20260911T202728Z/scanner/repetition/scan-0191.bin,/home/DUT_USER_REDACTED/vcde_artifacts/g2b_nvp_camera_scan1_r1r1/20260911T202728Z/scanner/repetition/scan-0191.json,PASS
192,193,82,10,105,0x90,0x01,PASS,0,0,0,0,0,0,15,15,0,46297F6723CB6964E2554EFA3B8FB1CD090365701B57B4C0910EBB11F7F5AE23,A54D48FD096E35986D52C3F82984BA03E9E71F128F6C0A56FBD9557EDD73006C,/home/DUT_USER_REDACTED/vcde_artifacts/g2b_nvp_camera_scan1_r1r1/20260911T202728Z/scanner/repetition/scan-0192.bin,/home/DUT_USER_REDACTED/vcde_artifacts/g2b_nvp_camera_scan1_r1r1/20260911T202728Z/scanner/repetition/scan-0192.json,PASS
193,194,82,10,105,0x90,0x01,PASS,0,0,0,0,0,0,15,15,0,CB50FAA1F1917D046790F5A97CF3EAB2C672361EFAA3B4188D233A1EC73E6308,0E1D1D5844FF6020836B3B938CD90DC8E433881A044CD32FA606C228200B0128,/home/DUT_USER_REDACTED/vcde_artifacts/g2b_nvp_camera_scan1_r1r1/20260911T202728Z/scanner/repetition/scan-0193.bin,/home/DUT_USER_REDACTED/vcde_artifacts/g2b_nvp_camera_scan1_r1r1/20260911T202728Z/scanner/repetition/scan-0193.json,PASS
194,195,82,10,105,0x90,0x01,PASS,0,0,0,0,0,0,15,15,0,B6228B05CB9A36EA5D68EC96707CAF0EE723D851D7B1EA89FDE7F330DB7209CF,A89EC13595D5760EF00B2A8491233B4649DE251FD97960255F4D288D22C10B33,/home/DUT_USER_REDACTED/vcde_artifacts/g2b_nvp_camera_scan1_r1r1/20260911T202728Z/scanner/repetition/scan-0194.bin,/home/DUT_USER_REDACTED/vcde_artifacts/g2b_nvp_camera_scan1_r1r1/20260911T202728Z/scanner/repetition/scan-0194.json,PASS
195,196,82,10,105,0x90,0x01,PASS,0,0,0,0,0,0,15,15,0,6D18A46F6E36D676C1AC1FAF1F9AD205CA3CBD7801D6F533B516711F92F40F49,DF6FED1240D0DFA4BBB6F550FC8C3B0FD7AF79036B47F539998A90E1FA11C175,/home/DUT_USER_REDACTED/vcde_artifacts/g2b_nvp_camera_scan1_r1r1/20260911T202728Z/scanner/repetition/scan-0195.bin,/home/DUT_USER_REDACTED/vcde_artifacts/g2b_nvp_camera_scan1_r1r1/20260911T202728Z/scanner/repetition/scan-0195.json,PASS
196,197,82,10,105,0x90,0x01,PASS,0,0,0,0,0,0,15,15,0,44A1689C55174F0253869881914B669185782D522BFE44795BFF3CE52EC5D588,7B8E3186F6EA7CF81CED5B62BC35D6090BC82A26D70F615C13AEF3F0E74C636C,/home/DUT_USER_REDACTED/vcde_artifacts/g2b_nvp_camera_scan1_r1r1/20260911T202728Z/scanner/repetition/scan-0196.bin,/home/DUT_USER_REDACTED/vcde_artifacts/g2b_nvp_camera_scan1_r1r1/20260911T202728Z/scanner/repetition/scan-0196.json,PASS
197,198,82,10,105,0x90,0x01,PASS,0,0,0,0,0,0,15,15,0,8110C5A50B0DF2D7EEB176DE67B846F8EE899FF40C784E51176DA032DFCAA1C5,C2D76AAD847375EA68F5693E673D60E86FB201C0ECF71907DD2558A1A759F4C8,/home/DUT_USER_REDACTED/vcde_artifacts/g2b_nvp_camera_scan1_r1r1/20260911T202728Z/scanner/repetition/scan-0197.bin,/home/DUT_USER_REDACTED/vcde_artifacts/g2b_nvp_camera_scan1_r1r1/20260911T202728Z/scanner/repetition/scan-0197.json,PASS
198,199,82,10,105,0x90,0x01,PASS,0,0,0,0,0,0,15,15,0,7670E48158501DD249E420E026367BA6199F45B9EAEC7993A924DCF2053C29D8,CA4824F07E1C5D9CA48514FBE7BC0F04A645E48D28FA684C5918BAE799FE6A19,/home/DUT_USER_REDACTED/vcde_artifacts/g2b_nvp_camera_scan1_r1r1/20260911T202728Z/scanner/repetition/scan-0198.bin,/home/DUT_USER_REDACTED/vcde_artifacts/g2b_nvp_camera_scan1_r1r1/20260911T202728Z/scanner/repetition/scan-0198.json,PASS
199,200,82,10,105,0x90,0x01,PASS,0,0,0,0,0,0,15,15,0,2A776DD523FD0DF8994EE24FEF8DD6619774501F44B7B43B77A3A440593FF9FE,B456CDF1E179D91984F773111268A8B710CCA4DB43538455C1D3CB29CFFEF4C3,/home/DUT_USER_REDACTED/vcde_artifacts/g2b_nvp_camera_scan1_r1r1/20260911T202728Z/scanner/repetition/scan-0199.bin,/home/DUT_USER_REDACTED/vcde_artifacts/g2b_nvp_camera_scan1_r1r1/20260911T202728Z/scanner/repetition/scan-0199.json,PASS
200,201,82,10,105,0x90,0x01,PASS,0,0,0,0,0,0,15,15,0,462891D44AD7BCC85F335F72EFE594517018F6979297AD9CA342AF63EF3ACEBD,C45F79BBEA50931981C61E66FC755B714436F89AD54A2A8B0A884D2D065CF481,/home/DUT_USER_REDACTED/vcde_artifacts/g2b_nvp_camera_scan1_r1r1/20260911T202728Z/scanner/repetition/scan-0200.bin,/home/DUT_USER_REDACTED/vcde_artifacts/g2b_nvp_camera_scan1_r1r1/20260911T202728Z/scanner/repetition/scan-0200.json,PASS
201,202,82,10,105,0x90,0x01,PASS,0,0,0,0,0,0,15,15,0,41324BD7F08DFA5C4488AC1D78A456EA4871B200B8BFC925E23EC7C93D471553,BA4C4E37F9487EC1C4A0DC886B5E0B44F75554B6FBFD7E26DD95EC0008BF42D1,/home/DUT_USER_REDACTED/vcde_artifacts/g2b_nvp_camera_scan1_r1r1/20260911T202728Z/scanner/repetition/scan-0201.bin,/home/DUT_USER_REDACTED/vcde_artifacts/g2b_nvp_camera_scan1_r1r1/20260911T202728Z/scanner/repetition/scan-0201.json,PASS
202,203,82,10,105,0x90,0x01,PASS,0,0,0,0,0,0,15,15,0,86A8E5435DE22F6D26C82CC854FAF25B76C8E5437886F73F5596756634364B8D,CD529DFBC4E7E23FDB38FE7C454D5652CA1CF20751700BF51B9366D9D10BF725,/home/DUT_USER_REDACTED/vcde_artifacts/g2b_nvp_camera_scan1_r1r1/20260911T202728Z/scanner/repetition/scan-0202.bin,/home/DUT_USER_REDACTED/vcde_artifacts/g2b_nvp_camera_scan1_r1r1/20260911T202728Z/scanner/repetition/scan-0202.json,PASS
203,204,82,10,105,0x90,0x01,PASS,0,0,0,0,0,0,15,15,0,50F2FD804C950E632E0CCCDECEC6DDE6848AA958BC08C908F815E042EB9FD338,525E43A00DE98C33C9C25070A712131DB76E27DF6715D4AE087AD3C012F3165F,/home/DUT_USER_REDACTED/vcde_artifacts/g2b_nvp_camera_scan1_r1r1/20260911T202728Z/scanner/repetition/scan-0203.bin,/home/DUT_USER_REDACTED/vcde_artifacts/g2b_nvp_camera_scan1_r1r1/20260911T202728Z/scanner/repetition/scan-0203.json,PASS
204,205,82,10,105,0x90,0x01,PASS,0,0,0,0,0,0,15,15,0,7D0D49FC73A21EF70F5DA396D6E27827EB6EBEF123DC75E171E20282D6E3B3A6,80F6D0BFCDF37568984445CA2A9F6BD204F3EE3023DC04395A3A8EE8A8D42C72,/home/DUT_USER_REDACTED/vcde_artifacts/g2b_nvp_camera_scan1_r1r1/20260911T202728Z/scanner/repetition/scan-0204.bin,/home/DUT_USER_REDACTED/vcde_artifacts/g2b_nvp_camera_scan1_r1r1/20260911T202728Z/scanner/repetition/scan-0204.json,PASS
205,206,82,10,105,0x90,0x01,PASS,0,0,0,0,0,0,15,15,0,1BFFD9D90C0341A39903C83C894A6EC4EEDF1263EBD18B9BC5FA20E1F8955BD7,65C595B2200D7983EE5B00D21A7FE8D4461893ED0D14E65125CAF51987790D03,/home/DUT_USER_REDACTED/vcde_artifacts/g2b_nvp_camera_scan1_r1r1/20260911T202728Z/scanner/repetition/scan-0205.bin,/home/DUT_USER_REDACTED/vcde_artifacts/g2b_nvp_camera_scan1_r1r1/20260911T202728Z/scanner/repetition/scan-0205.json,PASS
206,207,82,10,105,0x90,0x01,PASS,0,0,0,0,0,0,15,15,0,148E6EC0BE1A98B702CB24FE4B32C00E57D5F9FECD009E8A63605483A8BCF20C,F4BC8E7E7E79599C073491CF3E0243EE5F5B137295FBC79B8C7B09FE9EC2E498,/home/DUT_USER_REDACTED/vcde_artifacts/g2b_nvp_camera_scan1_r1r1/20260911T202728Z/scanner/repetition/scan-0206.bin,/home/DUT_USER_REDACTED/vcde_artifacts/g2b_nvp_camera_scan1_r1r1/20260911T202728Z/scanner/repetition/scan-0206.json,PASS
207,208,82,10,105,0x90,0x01,PASS,0,0,0,0,0,0,15,15,0,6C93858EC7BA2CF74C7DFF69F7A84FE6A27ADD5F1E4BDA9ABA9DD2025FA7D552,F6BEEE840F4010539C23DA2E0D3BC1FAF35EE6D951AFE7E18475FC24D038D842,/home/DUT_USER_REDACTED/vcde_artifacts/g2b_nvp_camera_scan1_r1r1/20260911T202728Z/scanner/repetition/scan-0207.bin,/home/DUT_USER_REDACTED/vcde_artifacts/g2b_nvp_camera_scan1_r1r1/20260911T202728Z/scanner/repetition/scan-0207.json,PASS
208,209,82,10,105,0x90,0x01,PASS,0,0,0,0,0,0,15,15,0,7A997927739922A02CB33E03175B272D97FA168C54A3BC90CFAD7F25711144E6,FA0C113389CEEE3C136310AAE107185EDF3516B082258A97A1C3859E9BEC9D91,/home/DUT_USER_REDACTED/vcde_artifacts/g2b_nvp_camera_scan1_r1r1/20260911T202728Z/scanner/repetition/scan-0208.bin,/home/DUT_USER_REDACTED/vcde_artifacts/g2b_nvp_camera_scan1_r1r1/20260911T202728Z/scanner/repetition/scan-0208.json,PASS
209,210,82,10,105,0x90,0x01,PASS,0,0,0,0,0,0,15,15,0,BD34EA3425587D1CEF0F480911FBA96923BA7A434EDD6E7538F82858B4DDBEDB,6E60D12B720FDDD6458C983DF750824D5B9BB22A1428269FE72E35589ED136D5,/home/DUT_USER_REDACTED/vcde_artifacts/g2b_nvp_camera_scan1_r1r1/20260911T202728Z/scanner/repetition/scan-0209.bin,/home/DUT_USER_REDACTED/vcde_artifacts/g2b_nvp_camera_scan1_r1r1/20260911T202728Z/scanner/repetition/scan-0209.json,PASS
210,211,82,10,105,0x90,0x01,PASS,0,0,0,0,0,0,15,15,0,6C1FC3B5FE0286E131A0EA9C2C13FEAD60D72C9E7995C68CF565779EE1E60671,A22173BC5DB28D7F182679017E36A703524A0C7D80708326234DD9A9D2D53779,/home/DUT_USER_REDACTED/vcde_artifacts/g2b_nvp_camera_scan1_r1r1/20260911T202728Z/scanner/repetition/scan-0210.bin,/home/DUT_USER_REDACTED/vcde_artifacts/g2b_nvp_camera_scan1_r1r1/20260911T202728Z/scanner/repetition/scan-0210.json,PASS
211,212,82,10,105,0x90,0x01,PASS,0,0,0,0,0,0,15,15,0,B80353C575D56B9C6780E1F1EAAB4A13817103F971F5CF213749667DFD65FE93,B3676FE86280203DD07123BA56EA7263E41C9B954F22DA77FDD3852A6A0087AA,/home/DUT_USER_REDACTED/vcde_artifacts/g2b_nvp_camera_scan1_r1r1/20260911T202728Z/scanner/repetition/scan-0211.bin,/home/DUT_USER_REDACTED/vcde_artifacts/g2b_nvp_camera_scan1_r1r1/20260911T202728Z/scanner/repetition/scan-0211.json,PASS
212,213,82,10,105,0x90,0x01,PASS,0,0,0,0,0,0,15,15,0,51B6F8A7FBAF76C59B47193B1B01B842F00F55C2602ED43E2AED7AD2940CB8B8,829FF67B04A383455ACD02965F067A5AB85919DA760BD3F5EB2CD3BC78087069,/home/DUT_USER_REDACTED/vcde_artifacts/g2b_nvp_camera_scan1_r1r1/20260911T202728Z/scanner/repetition/scan-0212.bin,/home/DUT_USER_REDACTED/vcde_artifacts/g2b_nvp_camera_scan1_r1r1/20260911T202728Z/scanner/repetition/scan-0212.json,PASS
213,214,82,10,105,0x90,0x01,PASS,0,0,0,0,0,0,15,15,0,1F8540233A2F284A2DA1F06515A5C56CC64F13126B60727E018DC28932889704,0429FB3F7FD3827B33C85FD2E1B66E172A380920112B292DAA1D1D38276A823B,/home/DUT_USER_REDACTED/vcde_artifacts/g2b_nvp_camera_scan1_r1r1/20260911T202728Z/scanner/repetition/scan-0213.bin,/home/DUT_USER_REDACTED/vcde_artifacts/g2b_nvp_camera_scan1_r1r1/20260911T202728Z/scanner/repetition/scan-0213.json,PASS
214,215,82,10,105,0x90,0x01,PASS,0,0,0,0,0,0,15,15,0,C3595C63F64E36F31688392AA23301960B49B7FDBAF99A66A2B60EADAA1522AA,5F54E7F66246B4978F89DA7AC95C95D09CDF54D956D97C45424D7942E88D1B52,/home/DUT_USER_REDACTED/vcde_artifacts/g2b_nvp_camera_scan1_r1r1/20260911T202728Z/scanner/repetition/scan-0214.bin,/home/DUT_USER_REDACTED/vcde_artifacts/g2b_nvp_camera_scan1_r1r1/20260911T202728Z/scanner/repetition/scan-0214.json,PASS
215,216,82,10,105,0x90,0x01,PASS,0,0,0,0,0,0,15,15,0,135E1999E1CE77B2DEE5D67A12FF3FED6A447100F88645D7DD8A980DE3C9F5DD,4E78F18A0C47F89B379D07C3EE22005C1AA6414D3C2F5BFAF685C9AF7CFB264C,/home/DUT_USER_REDACTED/vcde_artifacts/g2b_nvp_camera_scan1_r1r1/20260911T202728Z/scanner/repetition/scan-0215.bin,/home/DUT_USER_REDACTED/vcde_artifacts/g2b_nvp_camera_scan1_r1r1/20260911T202728Z/scanner/repetition/scan-0215.json,PASS
216,217,82,10,105,0x90,0x01,PASS,0,0,0,0,0,0,15,15,0,209AE8B423C7F4D420B769007DF012ABE3F892A32614CC120B28F09AFCD4BDFC,FFFD69E83F91F770D193BFF8D042AF21F6A760E0406A44CCEB7FA8EBAADB819A,/home/DUT_USER_REDACTED/vcde_artifacts/g2b_nvp_camera_scan1_r1r1/20260911T202728Z/scanner/repetition/scan-0216.bin,/home/DUT_USER_REDACTED/vcde_artifacts/g2b_nvp_camera_scan1_r1r1/20260911T202728Z/scanner/repetition/scan-0216.json,PASS
217,218,82,10,105,0x90,0x01,PASS,0,0,0,0,0,0,15,15,0,DC57CE4FA397354516622575AF8874E1F7B8B9E1F5FEE18F7E4EFE742EC4C944,746EE0106D0BCEF3CA12BA088DAFCF81A14B062DAD7A1B379C3023C3E5E58468,/home/DUT_USER_REDACTED/vcde_artifacts/g2b_nvp_camera_scan1_r1r1/20260911T202728Z/scanner/repetition/scan-0217.bin,/home/DUT_USER_REDACTED/vcde_artifacts/g2b_nvp_camera_scan1_r1r1/20260911T202728Z/scanner/repetition/scan-0217.json,PASS
218,219,82,10,105,0x90,0x01,PASS,0,0,0,0,0,0,15,15,0,721F0063CE2E7EBAB8BC22E66F8C2877463365C57A55CC42040960541353B2D3,B7D0E61563DE01771B7491630B5CC8DA90AB6DB29F8A72E3ABB08623BB204F2E,/home/DUT_USER_REDACTED/vcde_artifacts/g2b_nvp_camera_scan1_r1r1/20260911T202728Z/scanner/repetition/scan-0218.bin,/home/DUT_USER_REDACTED/vcde_artifacts/g2b_nvp_camera_scan1_r1r1/20260911T202728Z/scanner/repetition/scan-0218.json,PASS
219,220,82,10,105,0x90,0x01,PASS,0,0,0,0,0,0,15,15,0,88289CD52C63520EE7E669C38534AA8B81589A0F1CE252F51410CD46BA591BF4,EB20197F422435AD598A34F9BDAF1E3E910D6B58224FCC1D5620F518B1A425FD,/home/DUT_USER_REDACTED/vcde_artifacts/g2b_nvp_camera_scan1_r1r1/20260911T202728Z/scanner/repetition/scan-0219.bin,/home/DUT_USER_REDACTED/vcde_artifacts/g2b_nvp_camera_scan1_r1r1/20260911T202728Z/scanner/repetition/scan-0219.json,PASS
220,221,82,10,105,0x90,0x01,PASS,0,0,0,0,0,0,15,15,0,35643431FAF98CC654D0F8B84338282C180D086F807B71AE2B78575C329CE4E8,6C2003E4FEB4565A8FBA06FBBEFA32CF8F0E7718855285AB30C547BCFDDE3D80,/home/DUT_USER_REDACTED/vcde_artifacts/g2b_nvp_camera_scan1_r1r1/20260911T202728Z/scanner/repetition/scan-0220.bin,/home/DUT_USER_REDACTED/vcde_artifacts/g2b_nvp_camera_scan1_r1r1/20260911T202728Z/scanner/repetition/scan-0220.json,PASS
221,222,82,10,105,0x90,0x01,PASS,0,0,0,0,0,0,15,15,0,A827D096045D2B6178E893282CAA35AACE002C11DF99307C3166A5C8DC10BCB7,9F23622E1B85E242CB66D504438B8C3A75DF744B02E4FB10FD46BF9A71A13121,/home/DUT_USER_REDACTED/vcde_artifacts/g2b_nvp_camera_scan1_r1r1/20260911T202728Z/scanner/repetition/scan-0221.bin,/home/DUT_USER_REDACTED/vcde_artifacts/g2b_nvp_camera_scan1_r1r1/20260911T202728Z/scanner/repetition/scan-0221.json,PASS
222,223,82,10,105,0x90,0x01,PASS,0,0,0,0,0,0,15,15,0,15FF6608875A03B94641D8AEA74BE31E301ED58FB7AAEE5D73AAB3EF720247D3,470FFF06D88608565E1C60832CB67A452C559009F63D0920B1F065D648CFB636,/home/DUT_USER_REDACTED/vcde_artifacts/g2b_nvp_camera_scan1_r1r1/20260911T202728Z/scanner/repetition/scan-0222.bin,/home/DUT_USER_REDACTED/vcde_artifacts/g2b_nvp_camera_scan1_r1r1/20260911T202728Z/scanner/repetition/scan-0222.json,PASS
223,224,82,10,105,0x90,0x01,PASS,0,0,0,0,0,0,15,15,0,27D958810A9006681B4DF564F3DD496D292C2464724039510F378F3211E1DAF4,4905B5E82403B3D325BA75F16BF73D34F7A5E3A6D68755EBDE0E1DBBEEFA178A,/home/DUT_USER_REDACTED/vcde_artifacts/g2b_nvp_camera_scan1_r1r1/20260911T202728Z/scanner/repetition/scan-0223.bin,/home/DUT_USER_REDACTED/vcde_artifacts/g2b_nvp_camera_scan1_r1r1/20260911T202728Z/scanner/repetition/scan-0223.json,PASS
224,225,82,10,105,0x90,0x01,PASS,0,0,0,0,0,0,15,15,0,2ABC5D487CD4CB558F990DECACC3A745A71F5A9B079E1667B58ED245D592EA68,EAEA0C0AAD5FDC27F8A43B676D51E6968EF8B070A043149F37238040446E1764,/home/DUT_USER_REDACTED/vcde_artifacts/g2b_nvp_camera_scan1_r1r1/20260911T202728Z/scanner/repetition/scan-0224.bin,/home/DUT_USER_REDACTED/vcde_artifacts/g2b_nvp_camera_scan1_r1r1/20260911T202728Z/scanner/repetition/scan-0224.json,PASS
225,226,82,10,105,0x90,0x01,PASS,0,0,0,0,0,0,15,15,0,CDD17EA0B90D5BAA700D204D5F672E6FCF55D89CE263C43B1C305AFC945B4AAA,EE4A61CFBFFD1DFAE9A3A02FAFEEFC23C6B6C2C862C6A48329FB73B60B4F5A1C,/home/DUT_USER_REDACTED/vcde_artifacts/g2b_nvp_camera_scan1_r1r1/20260911T202728Z/scanner/repetition/scan-0225.bin,/home/DUT_USER_REDACTED/vcde_artifacts/g2b_nvp_camera_scan1_r1r1/20260911T202728Z/scanner/repetition/scan-0225.json,PASS
226,227,82,10,105,0x90,0x01,PASS,0,0,0,0,0,0,15,15,0,08F086B465AE8E19C4D6D86B1C2C88E557B09A25A767FDCAC047256F58207DC4,FF443A73854430F2AB931ADCB8AA4C958636187D95936D0A259A50822F5AE023,/home/DUT_USER_REDACTED/vcde_artifacts/g2b_nvp_camera_scan1_r1r1/20260911T202728Z/scanner/repetition/scan-0226.bin,/home/DUT_USER_REDACTED/vcde_artifacts/g2b_nvp_camera_scan1_r1r1/20260911T202728Z/scanner/repetition/scan-0226.json,PASS
227,228,82,10,105,0x90,0x01,PASS,0,0,0,0,0,0,15,15,0,5EDFF89F8772E508D7991E215BA1311F8CF305193E07683325074692DBD12E1A,BA1E908C70FECE2DF076121DA1FC28574423A2057ED52FBD43A4601292A1EF0E,/home/DUT_USER_REDACTED/vcde_artifacts/g2b_nvp_camera_scan1_r1r1/20260911T202728Z/scanner/repetition/scan-0227.bin,/home/DUT_USER_REDACTED/vcde_artifacts/g2b_nvp_camera_scan1_r1r1/20260911T202728Z/scanner/repetition/scan-0227.json,PASS
228,229,82,10,105,0x90,0x01,PASS,0,0,0,0,0,0,15,15,0,CDE0B974AB7BE8A23ECC0E56845A811AD81343CF02EC44E8085724A4CD2A9A13,BBB7B79A562AC25AC36DB3610AA5D5BA953A6491CA987D004621998B2350F805,/home/DUT_USER_REDACTED/vcde_artifacts/g2b_nvp_camera_scan1_r1r1/20260911T202728Z/scanner/repetition/scan-0228.bin,/home/DUT_USER_REDACTED/vcde_artifacts/g2b_nvp_camera_scan1_r1r1/20260911T202728Z/scanner/repetition/scan-0228.json,PASS
229,230,82,10,105,0x90,0x01,PASS,0,0,0,0,0,0,15,15,0,0C77AF48155ADDF347A71636FEFB715DA86AC5148EE7088AB49D8E4CA76247A9,71D0409A25FDBE715C83CB579A0691E7458AABE466CE0136C280BEA3EB77E77C,/home/DUT_USER_REDACTED/vcde_artifacts/g2b_nvp_camera_scan1_r1r1/20260911T202728Z/scanner/repetition/scan-0229.bin,/home/DUT_USER_REDACTED/vcde_artifacts/g2b_nvp_camera_scan1_r1r1/20260911T202728Z/scanner/repetition/scan-0229.json,PASS
230,231,82,10,105,0x90,0x01,PASS,0,0,0,0,0,0,15,15,0,BBD55F2AC13FD0142F045734E682D1BA8F4186C3C644596D68BE1FDFE376BB08,F9DE8AB8F9CB0F6CC28F38426973C226531D4AC10D5F029576832DBF9A67D836,/home/DUT_USER_REDACTED/vcde_artifacts/g2b_nvp_camera_scan1_r1r1/20260911T202728Z/scanner/repetition/scan-0230.bin,/home/DUT_USER_REDACTED/vcde_artifacts/g2b_nvp_camera_scan1_r1r1/20260911T202728Z/scanner/repetition/scan-0230.json,PASS
231,232,82,10,105,0x90,0x01,PASS,0,0,0,0,0,0,15,15,0,1F3CFF3EDF088A3EFA331AC5CF8DBD3A1B283B8D9269A64734260A90DBC7BDFA,3549BC19AB5A36679F794097973FDC94DEDE1BF4F051F124924133059D196943,/home/DUT_USER_REDACTED/vcde_artifacts/g2b_nvp_camera_scan1_r1r1/20260911T202728Z/scanner/repetition/scan-0231.bin,/home/DUT_USER_REDACTED/vcde_artifacts/g2b_nvp_camera_scan1_r1r1/20260911T202728Z/scanner/repetition/scan-0231.json,PASS
232,233,82,10,105,0x90,0x01,PASS,0,0,0,0,0,0,15,15,0,C3F5A2BCFA86C483EEDF349BDFD5E8756A12E7DBD28433D222F49BBFE4AEED48,3305A93F20FEC422F1F7D1B97BE3255AD0CE035642745239B344BA2A2CA021D9,/home/DUT_USER_REDACTED/vcde_artifacts/g2b_nvp_camera_scan1_r1r1/20260911T202728Z/scanner/repetition/scan-0232.bin,/home/DUT_USER_REDACTED/vcde_artifacts/g2b_nvp_camera_scan1_r1r1/20260911T202728Z/scanner/repetition/scan-0232.json,PASS
233,234,82,10,105,0x90,0x01,PASS,0,0,0,0,0,0,15,15,0,80339DE91D85974F80179D09077B8A42C7B40175E661B3469FCAABF9AE8C5C6E,72AD46FEA7C5C777731724AE2E7C928904DACA659D522722F7A2180733212605,/home/DUT_USER_REDACTED/vcde_artifacts/g2b_nvp_camera_scan1_r1r1/20260911T202728Z/scanner/repetition/scan-0233.bin,/home/DUT_USER_REDACTED/vcde_artifacts/g2b_nvp_camera_scan1_r1r1/20260911T202728Z/scanner/repetition/scan-0233.json,PASS
234,235,82,10,105,0x90,0x01,PASS,0,0,0,0,0,0,15,15,0,0974CDD5007142A3FE56BE5674216291C7919E43A4D9E7B320F2EF48A0DEC6A3,969C0ABA085D2B9DDC66643C026938E673C47F5C2940F7BFD8A9F0564460C10C,/home/DUT_USER_REDACTED/vcde_artifacts/g2b_nvp_camera_scan1_r1r1/20260911T202728Z/scanner/repetition/scan-0234.bin,/home/DUT_USER_REDACTED/vcde_artifacts/g2b_nvp_camera_scan1_r1r1/20260911T202728Z/scanner/repetition/scan-0234.json,PASS
235,236,82,10,105,0x90,0x01,PASS,0,0,0,0,0,0,15,15,0,C81A93A7794CA87BDB16AF1F1317F7C9CD8526589B85EE0A3490D16E029F4608,AC353676D5BCC411438E977DB78CC4039BA85336A9BE829F4D64EBD9F6245DE7,/home/DUT_USER_REDACTED/vcde_artifacts/g2b_nvp_camera_scan1_r1r1/20260911T202728Z/scanner/repetition/scan-0235.bin,/home/DUT_USER_REDACTED/vcde_artifacts/g2b_nvp_camera_scan1_r1r1/20260911T202728Z/scanner/repetition/scan-0235.json,PASS
236,237,82,10,105,0x90,0x01,PASS,0,0,0,0,0,0,15,15,0,BE05E274B2B16F1235CE4E1B8B5C239C9D0037E15BECECBBE68756A623372A8F,A1343D0C2286259F11C8014FC642AEB7D64222FB67C72EAE8BF84E80E632D735,/home/DUT_USER_REDACTED/vcde_artifacts/g2b_nvp_camera_scan1_r1r1/20260911T202728Z/scanner/repetition/scan-0236.bin,/home/DUT_USER_REDACTED/vcde_artifacts/g2b_nvp_camera_scan1_r1r1/20260911T202728Z/scanner/repetition/scan-0236.json,PASS
237,238,82,10,105,0x90,0x01,PASS,0,0,0,0,0,0,15,15,0,FA474F7274C64E013C57842015656D690FCC6235B93436FB6A3850D0401E0DD4,FF164431B23E8A3A602821CF48EB264FBD60D6D953DCC1DB8071F5DDD6767F87,/home/DUT_USER_REDACTED/vcde_artifacts/g2b_nvp_camera_scan1_r1r1/20260911T202728Z/scanner/repetition/scan-0237.bin,/home/DUT_USER_REDACTED/vcde_artifacts/g2b_nvp_camera_scan1_r1r1/20260911T202728Z/scanner/repetition/scan-0237.json,PASS
238,239,82,10,105,0x90,0x01,PASS,0,0,0,0,0,0,15,15,0,9C188B92BE0F4CED7EB00F54204F83D21EADCB12D23C81364FDFFB051C6B739B,8CC8935EDA6C93714572A6DEE9FEBB28F4A4AC3B0E1C281E7CF23864922A703E,/home/DUT_USER_REDACTED/vcde_artifacts/g2b_nvp_camera_scan1_r1r1/20260911T202728Z/scanner/repetition/scan-0238.bin,/home/DUT_USER_REDACTED/vcde_artifacts/g2b_nvp_camera_scan1_r1r1/20260911T202728Z/scanner/repetition/scan-0238.json,PASS
239,240,82,10,105,0x90,0x01,PASS,0,0,0,0,0,0,15,15,0,48CBDC1D5D85AE4FAD48844FC54FAA682B55A9D7067D48B1ADF13F63FC77BE1F,3CCD6DEB12BCCEB41DCF3E7350D8C2C8F3AD307CAEB03C2FC023E472A24EFBC0,/home/DUT_USER_REDACTED/vcde_artifacts/g2b_nvp_camera_scan1_r1r1/20260911T202728Z/scanner/repetition/scan-0239.bin,/home/DUT_USER_REDACTED/vcde_artifacts/g2b_nvp_camera_scan1_r1r1/20260911T202728Z/scanner/repetition/scan-0239.json,PASS
240,241,82,10,105,0x90,0x01,PASS,0,0,0,0,0,0,15,15,0,7369C1B215D1A9888CC7E24384D369883255B261562AE744104896543A7BA6BA,46FD71F22B3D70FD4ABD2F3872CB2602117E89A6420DC04369216FB702911DD0,/home/DUT_USER_REDACTED/vcde_artifacts/g2b_nvp_camera_scan1_r1r1/20260911T202728Z/scanner/repetition/scan-0240.bin,/home/DUT_USER_REDACTED/vcde_artifacts/g2b_nvp_camera_scan1_r1r1/20260911T202728Z/scanner/repetition/scan-0240.json,PASS
241,242,82,10,105,0x90,0x01,PASS,0,0,0,0,0,0,15,15,0,9E84134EC1BEE521967CCAC26859DB262C5319DA9CBC7475C6CB78DD029B05A4,8F7C1BCCDFF18F81FBCC47F8710D6009C921DB993B4A82FE382055E47BFB2B18,/home/DUT_USER_REDACTED/vcde_artifacts/g2b_nvp_camera_scan1_r1r1/20260911T202728Z/scanner/repetition/scan-0241.bin,/home/DUT_USER_REDACTED/vcde_artifacts/g2b_nvp_camera_scan1_r1r1/20260911T202728Z/scanner/repetition/scan-0241.json,PASS
242,243,82,10,105,0x90,0x01,PASS,0,0,0,0,0,0,15,15,0,D6B15D029519148B9039FA13842E125D22FB3FB539E81C84C0A662600ECB5B19,B1CC0307E031BC6CBFD95F9B3B50908DCFC293079E9F656AB46A4E3A9996CA11,/home/DUT_USER_REDACTED/vcde_artifacts/g2b_nvp_camera_scan1_r1r1/20260911T202728Z/scanner/repetition/scan-0242.bin,/home/DUT_USER_REDACTED/vcde_artifacts/g2b_nvp_camera_scan1_r1r1/20260911T202728Z/scanner/repetition/scan-0242.json,PASS
243,244,82,10,105,0x90,0x01,PASS,0,0,0,0,0,0,15,15,0,5C2EDFCFBA8A5CACE21AC1968AE91B99BCE27B1ECC5086B31EA483AFCC554DE2,3A42932825C97167A9BD5AAF93C9320A97ACA4CBABA96AFB5F46EA1DA59273E0,/home/DUT_USER_REDACTED/vcde_artifacts/g2b_nvp_camera_scan1_r1r1/20260911T202728Z/scanner/repetition/scan-0243.bin,/home/DUT_USER_REDACTED/vcde_artifacts/g2b_nvp_camera_scan1_r1r1/20260911T202728Z/scanner/repetition/scan-0243.json,PASS
244,245,82,10,105,0x90,0x01,PASS,0,0,0,0,0,0,15,15,0,20F8173F1D625D5864C533660EA751E1AE59086728393E0E5F8B2CF82AE2C084,E2ABDF8002131F4AF0AD368E79B39802F6CC5F3774F9F710D48941DD890D9FBC,/home/DUT_USER_REDACTED/vcde_artifacts/g2b_nvp_camera_scan1_r1r1/20260911T202728Z/scanner/repetition/scan-0244.bin,/home/DUT_USER_REDACTED/vcde_artifacts/g2b_nvp_camera_scan1_r1r1/20260911T202728Z/scanner/repetition/scan-0244.json,PASS
245,246,82,10,105,0x90,0x01,PASS,0,0,0,0,0,0,15,15,0,FADB71FEFAA2F606155475CA049A17B2FD907482859ECA8CF99A84C2AB26EF6D,2A7A3C7CC7E908EDFC0F8A6DB5FA89EFC2262B3CEF5345F4B08A6A266E500097,/home/DUT_USER_REDACTED/vcde_artifacts/g2b_nvp_camera_scan1_r1r1/20260911T202728Z/scanner/repetition/scan-0245.bin,/home/DUT_USER_REDACTED/vcde_artifacts/g2b_nvp_camera_scan1_r1r1/20260911T202728Z/scanner/repetition/scan-0245.json,PASS
246,247,82,10,105,0x90,0x01,PASS,0,0,0,0,0,0,15,15,0,4FEB73A9F4672F0877B9DED4CA8935F991194B8909E0B09598BF2FBC9A81D589,FB45B99F6F760F606B0D5F15E7E6CBCAA315E13393A10FF8FE68140A57D95837,/home/DUT_USER_REDACTED/vcde_artifacts/g2b_nvp_camera_scan1_r1r1/20260911T202728Z/scanner/repetition/scan-0246.bin,/home/DUT_USER_REDACTED/vcde_artifacts/g2b_nvp_camera_scan1_r1r1/20260911T202728Z/scanner/repetition/scan-0246.json,PASS
247,248,82,10,105,0x90,0x01,PASS,0,0,0,0,0,0,15,15,0,51EA6273ECBC59D0BB467BB74178410B03D815043A3217E87EFABF35FD193835,C72CDD0E2D83C76CCB2851E2431D033D530ABC328B393552F726ED6653F9044B,/home/DUT_USER_REDACTED/vcde_artifacts/g2b_nvp_camera_scan1_r1r1/20260911T202728Z/scanner/repetition/scan-0247.bin,/home/DUT_USER_REDACTED/vcde_artifacts/g2b_nvp_camera_scan1_r1r1/20260911T202728Z/scanner/repetition/scan-0247.json,PASS
248,249,82,10,105,0x90,0x01,PASS,0,0,0,0,0,0,15,15,0,7FD2C4A34B1328D2365BE0C823E6AB7B556BE39FAA674D04118C35EA8B0F647E,BA72C1AE3F06240E95810EAE8A2E9F13C151F6E7B88A4BF409BABA1D1905870E,/home/DUT_USER_REDACTED/vcde_artifacts/g2b_nvp_camera_scan1_r1r1/20260911T202728Z/scanner/repetition/scan-0248.bin,/home/DUT_USER_REDACTED/vcde_artifacts/g2b_nvp_camera_scan1_r1r1/20260911T202728Z/scanner/repetition/scan-0248.json,PASS
249,250,82,10,105,0x90,0x01,PASS,0,0,0,0,0,0,15,15,0,39CAF6AD6D7166C1138238CBDDFD73322E9F8AA708741ACAAB04FDF17152D4EF,20991E81290A937CC50D611E159F22FCCF1CF21958CBCE79CC839152C57A0D1F,/home/DUT_USER_REDACTED/vcde_artifacts/g2b_nvp_camera_scan1_r1r1/20260911T202728Z/scanner/repetition/scan-0249.bin,/home/DUT_USER_REDACTED/vcde_artifacts/g2b_nvp_camera_scan1_r1r1/20260911T202728Z/scanner/repetition/scan-0249.json,PASS
250,251,82,10,105,0x90,0x01,PASS,0,0,0,0,0,0,15,15,0,E0774CC124300F2068123EB2E43D7D47A135D5A2E2B043DFAF42887F14636BA4,F7559EAA0D51E6D5ED9B9F2B39E55862DEE92551BFD8EB40AE910EE75AE411FE,/home/DUT_USER_REDACTED/vcde_artifacts/g2b_nvp_camera_scan1_r1r1/20260911T202728Z/scanner/repetition/scan-0250.bin,/home/DUT_USER_REDACTED/vcde_artifacts/g2b_nvp_camera_scan1_r1r1/20260911T202728Z/scanner/repetition/scan-0250.json,PASS
251,252,82,10,105,0x90,0x01,PASS,0,0,0,0,0,0,15,15,0,CBC3C924F328D91AEB7CA66B9596702AA20EED6F41805C9D2950B8DE4D75A0D4,97C003C57A9DFE1832D7E92D0863B808D8CD2BC1D4CFA96952D47C2BF73BC751,/home/DUT_USER_REDACTED/vcde_artifacts/g2b_nvp_camera_scan1_r1r1/20260911T202728Z/scanner/repetition/scan-0251.bin,/home/DUT_USER_REDACTED/vcde_artifacts/g2b_nvp_camera_scan1_r1r1/20260911T202728Z/scanner/repetition/scan-0251.json,PASS
252,253,82,10,105,0x90,0x01,PASS,0,0,0,0,0,0,15,15,0,58DAF2B36C32DE478B815C440353EB2E00A9F7A3B1D8D627BCC69559C50F7B60,B1DB3B193D10F1F60AF8552807F05BF04A7D824110EEE109C572A59090541C96,/home/DUT_USER_REDACTED/vcde_artifacts/g2b_nvp_camera_scan1_r1r1/20260911T202728Z/scanner/repetition/scan-0252.bin,/home/DUT_USER_REDACTED/vcde_artifacts/g2b_nvp_camera_scan1_r1r1/20260911T202728Z/scanner/repetition/scan-0252.json,PASS
253,254,82,10,105,0x90,0x01,PASS,0,0,0,0,0,0,15,15,0,609D3B77C4B2EECB86A455503B112FDC7C9950F4B19F68A6BE7C3FBA7D0EAE2F,01EC5D55D43BA1CAF030E2A1AA81277DA9FEEF8DB1C144B2400C98D4211A71B8,/home/DUT_USER_REDACTED/vcde_artifacts/g2b_nvp_camera_scan1_r1r1/20260911T202728Z/scanner/repetition/scan-0253.bin,/home/DUT_USER_REDACTED/vcde_artifacts/g2b_nvp_camera_scan1_r1r1/20260911T202728Z/scanner/repetition/scan-0253.json,PASS
254,255,82,10,105,0x90,0x01,PASS,0,0,0,0,0,0,15,15,0,48894CFBD8C7F295B49C1051FADCC4F9AEB19EBF5B43B5F2EF9D3A62A37C7F02,5175F9E1EDE44BE287515112C27D57822D0F64B3DC30D00587A3B28A948CDBED,/home/DUT_USER_REDACTED/vcde_artifacts/g2b_nvp_camera_scan1_r1r1/20260911T202728Z/scanner/repetition/scan-0254.bin,/home/DUT_USER_REDACTED/vcde_artifacts/g2b_nvp_camera_scan1_r1r1/20260911T202728Z/scanner/repetition/scan-0254.json,PASS
255,256,82,10,105,0x90,0x01,PASS,0,0,0,0,0,0,15,15,0,03D0BA15995DB17AFEA0062D026D686C15A04FB251AD1829D3343BD71B5BB8D7,FD260064E43C79142214334415C44F0C1DFD01C012A388DC2341BF768C658A52,/home/DUT_USER_REDACTED/vcde_artifacts/g2b_nvp_camera_scan1_r1r1/20260911T202728Z/scanner/repetition/scan-0255.bin,/home/DUT_USER_REDACTED/vcde_artifacts/g2b_nvp_camera_scan1_r1r1/20260911T202728Z/scanner/repetition/scan-0255.json,PASS
256,257,82,10,105,0x90,0x01,PASS,0,0,0,0,0,0,15,15,0,0DB33CAA4F256AA1385D596AAF3D6FAF3BFBA052B1A3B4C28A2D89843D5F8740,35F0F6832153B9B60683164606C1DF44A74A9FAD455C0AEE09565328397246E6,/home/DUT_USER_REDACTED/vcde_artifacts/g2b_nvp_camera_scan1_r1r1/20260911T202728Z/scanner/repetition/scan-0256.bin,/home/DUT_USER_REDACTED/vcde_artifacts/g2b_nvp_camera_scan1_r1r1/20260911T202728Z/scanner/repetition/scan-0256.json,PASS
