Rule,Severity,Clock_Pair,Exception,Source,Destination,Classification,Semantic_Family,Result,Evidence,Change
CDC-9,Info,input port clock->clk_125mhz_mux_x0y0,False Path,sys_rst_n,XDMA/inst/xdma_v41_m1_pcie2_to_pcie3_wrapper_i/pcie2_ip_i/inst/inst/gt_top_i/pipe_wrapper_i/reset_n_reg1_reg/CLR,ASYNC_ASSERT_SYNC_RELEASE_RESET,RESET_SYNCHRONIZER,PASS,Exact unchanged reset row with depth 2 ASYNC_REG; vendor/reset synchronizer chain,EXACT_PRIOR_ROW
CDC-9,Info,input port clock->clk_250mhz_mux_x0y0,False Path,sys_rst_n,XDMA/inst/xdma_v41_m1_pcie2_to_pcie3_wrapper_i/pcie2_ip_i/inst/inst/gt_top_i/pipe_wrapper_i/reset_n_reg1_reg/CLR,ASYNC_ASSERT_SYNC_RELEASE_RESET,RESET_SYNCHRONIZER,PASS,Exact unchanged reset row with depth 2 ASYNC_REG; vendor/reset synchronizer chain,EXACT_PRIOR_ROW
CDC-13,Critical,clk_125mhz_mux_x0y0->clk_250mhz_x0y0,False Path,XDMA/inst/xdma_v41_m1_pcie2_to_pcie3_wrapper_i/pcie2_ip_i/inst/inst/gt_top_i/pipe_wrapper_i/pipe_clock_int.pipe_clock_i/pclk_sel_reg/C,XDMA/inst/xdma_v41_m1_pcie2_to_pcie3_wrapper_i/pcie2_ip_i/inst/inst/gt_top_i/pipe_wrapper_i/pipe_clock_int.pipe_clock_i/pclk_i1_bufgctrl.pclk_i1/S1,FALSE_POSITIVE_WITH_PROOF,XDMA_PIPE_CLOCK_MUX,PASS,Exact unchanged rows; generated PCIe XDC hash DD00E1DA... supplies S0/S1 false paths and physical clock exclusivity,EXACT_PRIOR_ROW
CDC-13,Critical,clk_250mhz_mux_x0y0->clk_250mhz_x0y0,False Path,XDMA/inst/xdma_v41_m1_pcie2_to_pcie3_wrapper_i/pcie2_ip_i/inst/inst/gt_top_i/pipe_wrapper_i/pipe_clock_int.pipe_clock_i/pclk_sel_reg/C,XDMA/inst/xdma_v41_m1_pcie2_to_pcie3_wrapper_i/pcie2_ip_i/inst/inst/gt_top_i/pipe_wrapper_i/pipe_clock_int.pipe_clock_i/pclk_i1_bufgctrl.pclk_i1/S1,FALSE_POSITIVE_WITH_PROOF,XDMA_PIPE_CLOCK_MUX,PASS,Exact unchanged rows; generated PCIe XDC hash DD00E1DA... supplies S0/S1 false paths and physical clock exclusivity,EXACT_PRIOR_ROW
CDC-6,Warning,userclk1->nvp_vclk1,False Path,CAPTURE_SUBSYSTEM/BAR_TARGET/release_toggle_pcie_reg[1:0]/C,CAPTURE_SUBSYSTEM/BAR_TARGET/release_sync1_reg[1:0]/D,TOGGLE_HANDSHAKE,MULTIBIT_CDC,PASS,Unchanged exact CDC-6 row; independent per-slot toggle bits are synchronized independently and consumed by per-slot state,EXACT_PRIOR_ROW
CDC-3,Info,userclk1->nvp_vclk1,False Path,CAPTURE_SUBSYSTEM/MAILBOX/cfg_request_toggle_pcie_reg/C,CAPTURE_SUBSYSTEM/MAILBOX/cfg_req_sync1_nvp_reg/D,INTENTIONAL_TWO_STAGE_SYNCHRONIZER,LEVEL_SYNCHRONIZER,PASS,Exact unchanged report row; ASYNC_REG depth 2. CDC-10 source_ready/fatal level is held through handshake; four exact chain-cell attributes verified in continuation.,EXACT_PRIOR_ROW
CDC-15,Warning,userclk1->nvp_vclk1,Max Delay Datapath Only,CAPTURE_SUBSYSTEM/MAILBOX/cfg_hold_pcie_reg[1]/C,CAPTURE_SUBSYSTEM/MAILBOX/nvp_cfg_abort_reg/D,STABLE_DATA_WITH_SYNCHRONIZED_QUALIFIER,CONFIG_MAILBOX,PASS,Group 1 preserved routed skew; capture_mailbox acknowledged hold/capture protocol,EXACT_PRIOR_ROW
CDC-15,Warning,userclk1->nvp_vclk1,Max Delay Datapath Only,CAPTURE_SUBSYSTEM/MAILBOX/cfg_hold_pcie_reg[0]/C,CAPTURE_SUBSYSTEM/MAILBOX/nvp_cfg_arm_reg/D,STABLE_DATA_WITH_SYNCHRONIZED_QUALIFIER,CONFIG_MAILBOX,PASS,Group 1 preserved routed skew; capture_mailbox acknowledged hold/capture protocol,EXACT_PRIOR_ROW
CDC-15,Warning,userclk1->nvp_vclk1,Max Delay Datapath Only,CAPTURE_SUBSYSTEM/MAILBOX/cfg_hold_pcie_reg[42]/C,CAPTURE_SUBSYSTEM/MAILBOX/nvp_cfg_capture_generation_reg[0]/D,STABLE_DATA_WITH_SYNCHRONIZED_QUALIFIER,CONFIG_MAILBOX,PASS,Group 1 preserved routed skew; capture_mailbox acknowledged hold/capture protocol,EXACT_PRIOR_ROW
CDC-15,Warning,userclk1->nvp_vclk1,Max Delay Datapath Only,CAPTURE_SUBSYSTEM/MAILBOX/cfg_hold_pcie_reg[43]/C,CAPTURE_SUBSYSTEM/MAILBOX/nvp_cfg_capture_generation_reg[1]/D,STABLE_DATA_WITH_SYNCHRONIZED_QUALIFIER,CONFIG_MAILBOX,PASS,Group 1 preserved routed skew; capture_mailbox acknowledged hold/capture protocol,EXACT_PRIOR_ROW
CDC-15,Warning,userclk1->nvp_vclk1,Max Delay Datapath Only,CAPTURE_SUBSYSTEM/MAILBOX/cfg_hold_pcie_reg[44]/C,CAPTURE_SUBSYSTEM/MAILBOX/nvp_cfg_capture_generation_reg[2]/D,STABLE_DATA_WITH_SYNCHRONIZED_QUALIFIER,CONFIG_MAILBOX,PASS,Group 1 preserved routed skew; capture_mailbox acknowledged hold/capture protocol,EXACT_PRIOR_ROW
CDC-15,Warning,userclk1->nvp_vclk1,Max Delay Datapath Only,CAPTURE_SUBSYSTEM/MAILBOX/cfg_hold_pcie_reg[45]/C,CAPTURE_SUBSYSTEM/MAILBOX/nvp_cfg_capture_generation_reg[3]/D,STABLE_DATA_WITH_SYNCHRONIZED_QUALIFIER,CONFIG_MAILBOX,PASS,Group 1 preserved routed skew; capture_mailbox acknowledged hold/capture protocol,EXACT_PRIOR_ROW
CDC-15,Warning,userclk1->nvp_vclk1,Max Delay Datapath Only,CAPTURE_SUBSYSTEM/MAILBOX/cfg_hold_pcie_reg[46]/C,CAPTURE_SUBSYSTEM/MAILBOX/nvp_cfg_capture_generation_reg[4]/D,STABLE_DATA_WITH_SYNCHRONIZED_QUALIFIER,CONFIG_MAILBOX,PASS,Group 1 preserved routed skew; capture_mailbox acknowledged hold/capture protocol,EXACT_PRIOR_ROW
CDC-15,Warning,userclk1->nvp_vclk1,Max Delay Datapath Only,CAPTURE_SUBSYSTEM/MAILBOX/cfg_hold_pcie_reg[47]/C,CAPTURE_SUBSYSTEM/MAILBOX/nvp_cfg_capture_generation_reg[5]/D,STABLE_DATA_WITH_SYNCHRONIZED_QUALIFIER,CONFIG_MAILBOX,PASS,Group 1 preserved routed skew; capture_mailbox acknowledged hold/capture protocol,EXACT_PRIOR_ROW
CDC-15,Warning,userclk1->nvp_vclk1,Max Delay Datapath Only,CAPTURE_SUBSYSTEM/MAILBOX/cfg_hold_pcie_reg[48]/C,CAPTURE_SUBSYSTEM/MAILBOX/nvp_cfg_capture_generation_reg[6]/D,STABLE_DATA_WITH_SYNCHRONIZED_QUALIFIER,CONFIG_MAILBOX,PASS,Group 1 preserved routed skew; capture_mailbox acknowledged hold/capture protocol,EXACT_PRIOR_ROW
CDC-15,Warning,userclk1->nvp_vclk1,Max Delay Datapath Only,CAPTURE_SUBSYSTEM/MAILBOX/cfg_hold_pcie_reg[49]/C,CAPTURE_SUBSYSTEM/MAILBOX/nvp_cfg_capture_generation_reg[7]/D,STABLE_DATA_WITH_SYNCHRONIZED_QUALIFIER,CONFIG_MAILBOX,PASS,Group 1 preserved routed skew; capture_mailbox acknowledged hold/capture protocol,EXACT_PRIOR_ROW
CDC-15,Warning,userclk1->nvp_vclk1,Max Delay Datapath Only,CAPTURE_SUBSYSTEM/MAILBOX/cfg_hold_pcie_reg[50]/C,CAPTURE_SUBSYSTEM/MAILBOX/nvp_cfg_capture_generation_reg[8]/D,STABLE_DATA_WITH_SYNCHRONIZED_QUALIFIER,CONFIG_MAILBOX,PASS,Group 1 preserved routed skew; capture_mailbox acknowledged hold/capture protocol,EXACT_PRIOR_ROW
CDC-15,Warning,userclk1->nvp_vclk1,Max Delay Datapath Only,CAPTURE_SUBSYSTEM/MAILBOX/cfg_hold_pcie_reg[51]/C,CAPTURE_SUBSYSTEM/MAILBOX/nvp_cfg_capture_generation_reg[9]/D,STABLE_DATA_WITH_SYNCHRONIZED_QUALIFIER,CONFIG_MAILBOX,PASS,Group 1 preserved routed skew; capture_mailbox acknowledged hold/capture protocol,EXACT_PRIOR_ROW
CDC-15,Warning,userclk1->nvp_vclk1,Max Delay Datapath Only,CAPTURE_SUBSYSTEM/MAILBOX/cfg_hold_pcie_reg[52]/C,CAPTURE_SUBSYSTEM/MAILBOX/nvp_cfg_capture_generation_reg[10]/D,STABLE_DATA_WITH_SYNCHRONIZED_QUALIFIER,CONFIG_MAILBOX,PASS,Group 1 preserved routed skew; capture_mailbox acknowledged hold/capture protocol,EXACT_PRIOR_ROW
CDC-15,Warning,userclk1->nvp_vclk1,Max Delay Datapath Only,CAPTURE_SUBSYSTEM/MAILBOX/cfg_hold_pcie_reg[53]/C,CAPTURE_SUBSYSTEM/MAILBOX/nvp_cfg_capture_generation_reg[11]/D,STABLE_DATA_WITH_SYNCHRONIZED_QUALIFIER,CONFIG_MAILBOX,PASS,Group 1 preserved routed skew; capture_mailbox acknowledged hold/capture protocol,EXACT_PRIOR_ROW
CDC-15,Warning,userclk1->nvp_vclk1,Max Delay Datapath Only,CAPTURE_SUBSYSTEM/MAILBOX/cfg_hold_pcie_reg[54]/C,CAPTURE_SUBSYSTEM/MAILBOX/nvp_cfg_capture_generation_reg[12]/D,STABLE_DATA_WITH_SYNCHRONIZED_QUALIFIER,CONFIG_MAILBOX,PASS,Group 1 preserved routed skew; capture_mailbox acknowledged hold/capture protocol,EXACT_PRIOR_ROW
CDC-15,Warning,userclk1->nvp_vclk1,Max Delay Datapath Only,CAPTURE_SUBSYSTEM/MAILBOX/cfg_hold_pcie_reg[55]/C,CAPTURE_SUBSYSTEM/MAILBOX/nvp_cfg_capture_generation_reg[13]/D,STABLE_DATA_WITH_SYNCHRONIZED_QUALIFIER,CONFIG_MAILBOX,PASS,Group 1 preserved routed skew; capture_mailbox acknowledged hold/capture protocol,EXACT_PRIOR_ROW
CDC-15,Warning,userclk1->nvp_vclk1,Max Delay Datapath Only,CAPTURE_SUBSYSTEM/MAILBOX/cfg_hold_pcie_reg[56]/C,CAPTURE_SUBSYSTEM/MAILBOX/nvp_cfg_capture_generation_reg[14]/D,STABLE_DATA_WITH_SYNCHRONIZED_QUALIFIER,CONFIG_MAILBOX,PASS,Group 1 preserved routed skew; capture_mailbox acknowledged hold/capture protocol,EXACT_PRIOR_ROW
CDC-15,Warning,userclk1->nvp_vclk1,Max Delay Datapath Only,CAPTURE_SUBSYSTEM/MAILBOX/cfg_hold_pcie_reg[57]/C,CAPTURE_SUBSYSTEM/MAILBOX/nvp_cfg_capture_generation_reg[15]/D,STABLE_DATA_WITH_SYNCHRONIZED_QUALIFIER,CONFIG_MAILBOX,PASS,Group 1 preserved routed skew; capture_mailbox acknowledged hold/capture protocol,EXACT_PRIOR_ROW
CDC-15,Warning,userclk1->nvp_vclk1,Max Delay Datapath Only,CAPTURE_SUBSYSTEM/MAILBOX/cfg_hold_pcie_reg[58]/C,CAPTURE_SUBSYSTEM/MAILBOX/nvp_cfg_capture_generation_reg[16]/D,STABLE_DATA_WITH_SYNCHRONIZED_QUALIFIER,CONFIG_MAILBOX,PASS,Group 1 preserved routed skew; capture_mailbox acknowledged hold/capture protocol,EXACT_PRIOR_ROW
CDC-15,Warning,userclk1->nvp_vclk1,Max Delay Datapath Only,CAPTURE_SUBSYSTEM/MAILBOX/cfg_hold_pcie_reg[59]/C,CAPTURE_SUBSYSTEM/MAILBOX/nvp_cfg_capture_generation_reg[17]/D,STABLE_DATA_WITH_SYNCHRONIZED_QUALIFIER,CONFIG_MAILBOX,PASS,Group 1 preserved routed skew; capture_mailbox acknowledged hold/capture protocol,EXACT_PRIOR_ROW
CDC-15,Warning,userclk1->nvp_vclk1,Max Delay Datapath Only,CAPTURE_SUBSYSTEM/MAILBOX/cfg_hold_pcie_reg[60]/C,CAPTURE_SUBSYSTEM/MAILBOX/nvp_cfg_capture_generation_reg[18]/D,STABLE_DATA_WITH_SYNCHRONIZED_QUALIFIER,CONFIG_MAILBOX,PASS,Group 1 preserved routed skew; capture_mailbox acknowledged hold/capture protocol,EXACT_PRIOR_ROW
CDC-15,Warning,userclk1->nvp_vclk1,Max Delay Datapath Only,CAPTURE_SUBSYSTEM/MAILBOX/cfg_hold_pcie_reg[61]/C,CAPTURE_SUBSYSTEM/MAILBOX/nvp_cfg_capture_generation_reg[19]/D,STABLE_DATA_WITH_SYNCHRONIZED_QUALIFIER,CONFIG_MAILBOX,PASS,Group 1 preserved routed skew; capture_mailbox acknowledged hold/capture protocol,EXACT_PRIOR_ROW
CDC-15,Warning,userclk1->nvp_vclk1,Max Delay Datapath Only,CAPTURE_SUBSYSTEM/MAILBOX/cfg_hold_pcie_reg[62]/C,CAPTURE_SUBSYSTEM/MAILBOX/nvp_cfg_capture_generation_reg[20]/D,STABLE_DATA_WITH_SYNCHRONIZED_QUALIFIER,CONFIG_MAILBOX,PASS,Group 1 preserved routed skew; capture_mailbox acknowledged hold/capture protocol,EXACT_PRIOR_ROW
CDC-15,Warning,userclk1->nvp_vclk1,Max Delay Datapath Only,CAPTURE_SUBSYSTEM/MAILBOX/cfg_hold_pcie_reg[63]/C,CAPTURE_SUBSYSTEM/MAILBOX/nvp_cfg_capture_generation_reg[21]/D,STABLE_DATA_WITH_SYNCHRONIZED_QUALIFIER,CONFIG_MAILBOX,PASS,Group 1 preserved routed skew; capture_mailbox acknowledged hold/capture protocol,EXACT_PRIOR_ROW
CDC-15,Warning,userclk1->nvp_vclk1,Max Delay Datapath Only,CAPTURE_SUBSYSTEM/MAILBOX/cfg_hold_pcie_reg[64]/C,CAPTURE_SUBSYSTEM/MAILBOX/nvp_cfg_capture_generation_reg[22]/D,STABLE_DATA_WITH_SYNCHRONIZED_QUALIFIER,CONFIG_MAILBOX,PASS,Group 1 preserved routed skew; capture_mailbox acknowledged hold/capture protocol,EXACT_PRIOR_ROW
CDC-15,Warning,userclk1->nvp_vclk1,Max Delay Datapath Only,CAPTURE_SUBSYSTEM/MAILBOX/cfg_hold_pcie_reg[65]/C,CAPTURE_SUBSYSTEM/MAILBOX/nvp_cfg_capture_generation_reg[23]/D,STABLE_DATA_WITH_SYNCHRONIZED_QUALIFIER,CONFIG_MAILBOX,PASS,Group 1 preserved routed skew; capture_mailbox acknowledged hold/capture protocol,EXACT_PRIOR_ROW
CDC-15,Warning,userclk1->nvp_vclk1,Max Delay Datapath Only,CAPTURE_SUBSYSTEM/MAILBOX/cfg_hold_pcie_reg[66]/C,CAPTURE_SUBSYSTEM/MAILBOX/nvp_cfg_capture_generation_reg[24]/D,STABLE_DATA_WITH_SYNCHRONIZED_QUALIFIER,CONFIG_MAILBOX,PASS,Group 1 preserved routed skew; capture_mailbox acknowledged hold/capture protocol,EXACT_PRIOR_ROW
CDC-15,Warning,userclk1->nvp_vclk1,Max Delay Datapath Only,CAPTURE_SUBSYSTEM/MAILBOX/cfg_hold_pcie_reg[67]/C,CAPTURE_SUBSYSTEM/MAILBOX/nvp_cfg_capture_generation_reg[25]/D,STABLE_DATA_WITH_SYNCHRONIZED_QUALIFIER,CONFIG_MAILBOX,PASS,Group 1 preserved routed skew; capture_mailbox acknowledged hold/capture protocol,EXACT_PRIOR_ROW
CDC-15,Warning,userclk1->nvp_vclk1,Max Delay Datapath Only,CAPTURE_SUBSYSTEM/MAILBOX/cfg_hold_pcie_reg[68]/C,CAPTURE_SUBSYSTEM/MAILBOX/nvp_cfg_capture_generation_reg[26]/D,STABLE_DATA_WITH_SYNCHRONIZED_QUALIFIER,CONFIG_MAILBOX,PASS,Group 1 preserved routed skew; capture_mailbox acknowledged hold/capture protocol,EXACT_PRIOR_ROW
CDC-15,Warning,userclk1->nvp_vclk1,Max Delay Datapath Only,CAPTURE_SUBSYSTEM/MAILBOX/cfg_hold_pcie_reg[69]/C,CAPTURE_SUBSYSTEM/MAILBOX/nvp_cfg_capture_generation_reg[27]/D,STABLE_DATA_WITH_SYNCHRONIZED_QUALIFIER,CONFIG_MAILBOX,PASS,Group 1 preserved routed skew; capture_mailbox acknowledged hold/capture protocol,EXACT_PRIOR_ROW
CDC-15,Warning,userclk1->nvp_vclk1,Max Delay Datapath Only,CAPTURE_SUBSYSTEM/MAILBOX/cfg_hold_pcie_reg[70]/C,CAPTURE_SUBSYSTEM/MAILBOX/nvp_cfg_capture_generation_reg[28]/D,STABLE_DATA_WITH_SYNCHRONIZED_QUALIFIER,CONFIG_MAILBOX,PASS,Group 1 preserved routed skew; capture_mailbox acknowledged hold/capture protocol,EXACT_PRIOR_ROW
CDC-15,Warning,userclk1->nvp_vclk1,Max Delay Datapath Only,CAPTURE_SUBSYSTEM/MAILBOX/cfg_hold_pcie_reg[71]/C,CAPTURE_SUBSYSTEM/MAILBOX/nvp_cfg_capture_generation_reg[29]/D,STABLE_DATA_WITH_SYNCHRONIZED_QUALIFIER,CONFIG_MAILBOX,PASS,Group 1 preserved routed skew; capture_mailbox acknowledged hold/capture protocol,EXACT_PRIOR_ROW
CDC-15,Warning,userclk1->nvp_vclk1,Max Delay Datapath Only,CAPTURE_SUBSYSTEM/MAILBOX/cfg_hold_pcie_reg[72]/C,CAPTURE_SUBSYSTEM/MAILBOX/nvp_cfg_capture_generation_reg[30]/D,STABLE_DATA_WITH_SYNCHRONIZED_QUALIFIER,CONFIG_MAILBOX,PASS,Group 1 preserved routed skew; capture_mailbox acknowledged hold/capture protocol,EXACT_PRIOR_ROW
CDC-15,Warning,userclk1->nvp_vclk1,Max Delay Datapath Only,CAPTURE_SUBSYSTEM/MAILBOX/cfg_hold_pcie_reg[73]/C,CAPTURE_SUBSYSTEM/MAILBOX/nvp_cfg_capture_generation_reg[31]/D,STABLE_DATA_WITH_SYNCHRONIZED_QUALIFIER,CONFIG_MAILBOX,PASS,Group 1 preserved routed skew; capture_mailbox acknowledged hold/capture protocol,EXACT_PRIOR_ROW
CDC-15,Warning,userclk1->nvp_vclk1,Max Delay Datapath Only,CAPTURE_SUBSYSTEM/MAILBOX/cfg_hold_pcie_reg[2]/C,CAPTURE_SUBSYSTEM/MAILBOX/nvp_cfg_clear_errors_reg/D,STABLE_DATA_WITH_SYNCHRONIZED_QUALIFIER,CONFIG_MAILBOX,PASS,Group 1 preserved routed skew; capture_mailbox acknowledged hold/capture protocol,EXACT_PRIOR_ROW
CDC-15,Warning,userclk1->nvp_vclk1,Max Delay Datapath Only,CAPTURE_SUBSYSTEM/MAILBOX/cfg_hold_pcie_reg[5]/C,CAPTURE_SUBSYSTEM/MAILBOX/nvp_cfg_line_count_requested_reg[0]/D,STABLE_DATA_WITH_SYNCHRONIZED_QUALIFIER,CONFIG_MAILBOX,PASS,Group 1 preserved routed skew; capture_mailbox acknowledged hold/capture protocol,EXACT_PRIOR_ROW
CDC-15,Warning,userclk1->nvp_vclk1,Max Delay Datapath Only,CAPTURE_SUBSYSTEM/MAILBOX/cfg_hold_pcie_reg[6]/C,CAPTURE_SUBSYSTEM/MAILBOX/nvp_cfg_line_count_requested_reg[1]/D,STABLE_DATA_WITH_SYNCHRONIZED_QUALIFIER,CONFIG_MAILBOX,PASS,Group 1 preserved routed skew; capture_mailbox acknowledged hold/capture protocol,EXACT_PRIOR_ROW
CDC-15,Warning,userclk1->nvp_vclk1,Max Delay Datapath Only,CAPTURE_SUBSYSTEM/MAILBOX/cfg_hold_pcie_reg[7]/C,CAPTURE_SUBSYSTEM/MAILBOX/nvp_cfg_line_count_requested_reg[2]/D,STABLE_DATA_WITH_SYNCHRONIZED_QUALIFIER,CONFIG_MAILBOX,PASS,Group 1 preserved routed skew; capture_mailbox acknowledged hold/capture protocol,EXACT_PRIOR_ROW
CDC-15,Warning,userclk1->nvp_vclk1,Max Delay Datapath Only,CAPTURE_SUBSYSTEM/MAILBOX/cfg_hold_pcie_reg[8]/C,CAPTURE_SUBSYSTEM/MAILBOX/nvp_cfg_line_count_requested_reg[3]/D,STABLE_DATA_WITH_SYNCHRONIZED_QUALIFIER,CONFIG_MAILBOX,PASS,Group 1 preserved routed skew; capture_mailbox acknowledged hold/capture protocol,EXACT_PRIOR_ROW
CDC-15,Warning,userclk1->nvp_vclk1,Max Delay Datapath Only,CAPTURE_SUBSYSTEM/MAILBOX/cfg_hold_pcie_reg[9]/C,CAPTURE_SUBSYSTEM/MAILBOX/nvp_cfg_line_count_requested_reg[4]/D,STABLE_DATA_WITH_SYNCHRONIZED_QUALIFIER,CONFIG_MAILBOX,PASS,Group 1 preserved routed skew; capture_mailbox acknowledged hold/capture protocol,EXACT_PRIOR_ROW
CDC-15,Warning,userclk1->nvp_vclk1,Max Delay Datapath Only,CAPTURE_SUBSYSTEM/MAILBOX/cfg_hold_pcie_reg[3]/C,CAPTURE_SUBSYSTEM/MAILBOX/nvp_cfg_single_line_reg/D,STABLE_DATA_WITH_SYNCHRONIZED_QUALIFIER,CONFIG_MAILBOX,PASS,Group 1 preserved routed skew; capture_mailbox acknowledged hold/capture protocol,EXACT_PRIOR_ROW
CDC-15,Warning,userclk1->nvp_vclk1,Max Delay Datapath Only,CAPTURE_SUBSYSTEM/MAILBOX/cfg_hold_pcie_reg[10]/C,CAPTURE_SUBSYSTEM/MAILBOX/nvp_cfg_target_line_reg[0]/D,STABLE_DATA_WITH_SYNCHRONIZED_QUALIFIER,CONFIG_MAILBOX,PASS,Group 1 preserved routed skew; capture_mailbox acknowledged hold/capture protocol,EXACT_PRIOR_ROW
CDC-15,Warning,userclk1->nvp_vclk1,Max Delay Datapath Only,CAPTURE_SUBSYSTEM/MAILBOX/cfg_hold_pcie_reg[11]/C,CAPTURE_SUBSYSTEM/MAILBOX/nvp_cfg_target_line_reg[1]/D,STABLE_DATA_WITH_SYNCHRONIZED_QUALIFIER,CONFIG_MAILBOX,PASS,Group 1 preserved routed skew; capture_mailbox acknowledged hold/capture protocol,EXACT_PRIOR_ROW
CDC-15,Warning,userclk1->nvp_vclk1,Max Delay Datapath Only,CAPTURE_SUBSYSTEM/MAILBOX/cfg_hold_pcie_reg[12]/C,CAPTURE_SUBSYSTEM/MAILBOX/nvp_cfg_target_line_reg[2]/D,STABLE_DATA_WITH_SYNCHRONIZED_QUALIFIER,CONFIG_MAILBOX,PASS,Group 1 preserved routed skew; capture_mailbox acknowledged hold/capture protocol,EXACT_PRIOR_ROW
CDC-15,Warning,userclk1->nvp_vclk1,Max Delay Datapath Only,CAPTURE_SUBSYSTEM/MAILBOX/cfg_hold_pcie_reg[13]/C,CAPTURE_SUBSYSTEM/MAILBOX/nvp_cfg_target_line_reg[3]/D,STABLE_DATA_WITH_SYNCHRONIZED_QUALIFIER,CONFIG_MAILBOX,PASS,Group 1 preserved routed skew; capture_mailbox acknowledged hold/capture protocol,EXACT_PRIOR_ROW
CDC-15,Warning,userclk1->nvp_vclk1,Max Delay Datapath Only,CAPTURE_SUBSYSTEM/MAILBOX/cfg_hold_pcie_reg[14]/C,CAPTURE_SUBSYSTEM/MAILBOX/nvp_cfg_target_line_reg[4]/D,STABLE_DATA_WITH_SYNCHRONIZED_QUALIFIER,CONFIG_MAILBOX,PASS,Group 1 preserved routed skew; capture_mailbox acknowledged hold/capture protocol,EXACT_PRIOR_ROW
CDC-15,Warning,userclk1->nvp_vclk1,Max Delay Datapath Only,CAPTURE_SUBSYSTEM/MAILBOX/cfg_hold_pcie_reg[15]/C,CAPTURE_SUBSYSTEM/MAILBOX/nvp_cfg_target_line_reg[5]/D,STABLE_DATA_WITH_SYNCHRONIZED_QUALIFIER,CONFIG_MAILBOX,PASS,Group 1 preserved routed skew; capture_mailbox acknowledged hold/capture protocol,EXACT_PRIOR_ROW
CDC-15,Warning,userclk1->nvp_vclk1,Max Delay Datapath Only,CAPTURE_SUBSYSTEM/MAILBOX/cfg_hold_pcie_reg[16]/C,CAPTURE_SUBSYSTEM/MAILBOX/nvp_cfg_target_line_reg[6]/D,STABLE_DATA_WITH_SYNCHRONIZED_QUALIFIER,CONFIG_MAILBOX,PASS,Group 1 preserved routed skew; capture_mailbox acknowledged hold/capture protocol,EXACT_PRIOR_ROW
CDC-15,Warning,userclk1->nvp_vclk1,Max Delay Datapath Only,CAPTURE_SUBSYSTEM/MAILBOX/cfg_hold_pcie_reg[17]/C,CAPTURE_SUBSYSTEM/MAILBOX/nvp_cfg_target_line_reg[7]/D,STABLE_DATA_WITH_SYNCHRONIZED_QUALIFIER,CONFIG_MAILBOX,PASS,Group 1 preserved routed skew; capture_mailbox acknowledged hold/capture protocol,EXACT_PRIOR_ROW
CDC-15,Warning,userclk1->nvp_vclk1,Max Delay Datapath Only,CAPTURE_SUBSYSTEM/MAILBOX/cfg_hold_pcie_reg[18]/C,CAPTURE_SUBSYSTEM/MAILBOX/nvp_cfg_target_line_reg[8]/D,STABLE_DATA_WITH_SYNCHRONIZED_QUALIFIER,CONFIG_MAILBOX,PASS,Group 1 preserved routed skew; capture_mailbox acknowledged hold/capture protocol,EXACT_PRIOR_ROW
CDC-15,Warning,userclk1->nvp_vclk1,Max Delay Datapath Only,CAPTURE_SUBSYSTEM/MAILBOX/cfg_hold_pcie_reg[19]/C,CAPTURE_SUBSYSTEM/MAILBOX/nvp_cfg_target_line_reg[9]/D,STABLE_DATA_WITH_SYNCHRONIZED_QUALIFIER,CONFIG_MAILBOX,PASS,Group 1 preserved routed skew; capture_mailbox acknowledged hold/capture protocol,EXACT_PRIOR_ROW
CDC-15,Warning,userclk1->nvp_vclk1,Max Delay Datapath Only,CAPTURE_SUBSYSTEM/MAILBOX/cfg_hold_pcie_reg[20]/C,CAPTURE_SUBSYSTEM/MAILBOX/nvp_cfg_target_line_reg[10]/D,STABLE_DATA_WITH_SYNCHRONIZED_QUALIFIER,CONFIG_MAILBOX,PASS,Group 1 preserved routed skew; capture_mailbox acknowledged hold/capture protocol,EXACT_PRIOR_ROW
CDC-15,Warning,userclk1->nvp_vclk1,Max Delay Datapath Only,CAPTURE_SUBSYSTEM/MAILBOX/cfg_hold_pcie_reg[21]/C,CAPTURE_SUBSYSTEM/MAILBOX/nvp_cfg_target_line_reg[11]/D,STABLE_DATA_WITH_SYNCHRONIZED_QUALIFIER,CONFIG_MAILBOX,PASS,Group 1 preserved routed skew; capture_mailbox acknowledged hold/capture protocol,EXACT_PRIOR_ROW
CDC-15,Warning,userclk1->nvp_vclk1,Max Delay Datapath Only,CAPTURE_SUBSYSTEM/MAILBOX/cfg_hold_pcie_reg[22]/C,CAPTURE_SUBSYSTEM/MAILBOX/nvp_cfg_target_line_reg[12]/D,STABLE_DATA_WITH_SYNCHRONIZED_QUALIFIER,CONFIG_MAILBOX,PASS,Group 1 preserved routed skew; capture_mailbox acknowledged hold/capture protocol,EXACT_PRIOR_ROW
CDC-15,Warning,userclk1->nvp_vclk1,Max Delay Datapath Only,CAPTURE_SUBSYSTEM/MAILBOX/cfg_hold_pcie_reg[23]/C,CAPTURE_SUBSYSTEM/MAILBOX/nvp_cfg_target_line_reg[13]/D,STABLE_DATA_WITH_SYNCHRONIZED_QUALIFIER,CONFIG_MAILBOX,PASS,Group 1 preserved routed skew; capture_mailbox acknowledged hold/capture protocol,EXACT_PRIOR_ROW
CDC-15,Warning,userclk1->nvp_vclk1,Max Delay Datapath Only,CAPTURE_SUBSYSTEM/MAILBOX/cfg_hold_pcie_reg[24]/C,CAPTURE_SUBSYSTEM/MAILBOX/nvp_cfg_target_line_reg[14]/D,STABLE_DATA_WITH_SYNCHRONIZED_QUALIFIER,CONFIG_MAILBOX,PASS,Group 1 preserved routed skew; capture_mailbox acknowledged hold/capture protocol,EXACT_PRIOR_ROW
CDC-15,Warning,userclk1->nvp_vclk1,Max Delay Datapath Only,CAPTURE_SUBSYSTEM/MAILBOX/cfg_hold_pcie_reg[25]/C,CAPTURE_SUBSYSTEM/MAILBOX/nvp_cfg_target_line_reg[15]/D,STABLE_DATA_WITH_SYNCHRONIZED_QUALIFIER,CONFIG_MAILBOX,PASS,Group 1 preserved routed skew; capture_mailbox acknowledged hold/capture protocol,EXACT_PRIOR_ROW
CDC-15,Warning,userclk1->nvp_vclk1,Max Delay Datapath Only,CAPTURE_SUBSYSTEM/MAILBOX/cfg_hold_pcie_reg[26]/C,CAPTURE_SUBSYSTEM/MAILBOX/nvp_cfg_target_line_reg[16]/D,STABLE_DATA_WITH_SYNCHRONIZED_QUALIFIER,CONFIG_MAILBOX,PASS,Group 1 preserved routed skew; capture_mailbox acknowledged hold/capture protocol,EXACT_PRIOR_ROW
CDC-15,Warning,userclk1->nvp_vclk1,Max Delay Datapath Only,CAPTURE_SUBSYSTEM/MAILBOX/cfg_hold_pcie_reg[27]/C,CAPTURE_SUBSYSTEM/MAILBOX/nvp_cfg_target_line_reg[17]/D,STABLE_DATA_WITH_SYNCHRONIZED_QUALIFIER,CONFIG_MAILBOX,PASS,Group 1 preserved routed skew; capture_mailbox acknowledged hold/capture protocol,EXACT_PRIOR_ROW
CDC-15,Warning,userclk1->nvp_vclk1,Max Delay Datapath Only,CAPTURE_SUBSYSTEM/MAILBOX/cfg_hold_pcie_reg[28]/C,CAPTURE_SUBSYSTEM/MAILBOX/nvp_cfg_target_line_reg[18]/D,STABLE_DATA_WITH_SYNCHRONIZED_QUALIFIER,CONFIG_MAILBOX,PASS,Group 1 preserved routed skew; capture_mailbox acknowledged hold/capture protocol,EXACT_PRIOR_ROW
CDC-15,Warning,userclk1->nvp_vclk1,Max Delay Datapath Only,CAPTURE_SUBSYSTEM/MAILBOX/cfg_hold_pcie_reg[29]/C,CAPTURE_SUBSYSTEM/MAILBOX/nvp_cfg_target_line_reg[19]/D,STABLE_DATA_WITH_SYNCHRONIZED_QUALIFIER,CONFIG_MAILBOX,PASS,Group 1 preserved routed skew; capture_mailbox acknowledged hold/capture protocol,EXACT_PRIOR_ROW
CDC-15,Warning,userclk1->nvp_vclk1,Max Delay Datapath Only,CAPTURE_SUBSYSTEM/MAILBOX/cfg_hold_pcie_reg[30]/C,CAPTURE_SUBSYSTEM/MAILBOX/nvp_cfg_target_line_reg[20]/D,STABLE_DATA_WITH_SYNCHRONIZED_QUALIFIER,CONFIG_MAILBOX,PASS,Group 1 preserved routed skew; capture_mailbox acknowledged hold/capture protocol,EXACT_PRIOR_ROW
CDC-15,Warning,userclk1->nvp_vclk1,Max Delay Datapath Only,CAPTURE_SUBSYSTEM/MAILBOX/cfg_hold_pcie_reg[31]/C,CAPTURE_SUBSYSTEM/MAILBOX/nvp_cfg_target_line_reg[21]/D,STABLE_DATA_WITH_SYNCHRONIZED_QUALIFIER,CONFIG_MAILBOX,PASS,Group 1 preserved routed skew; capture_mailbox acknowledged hold/capture protocol,EXACT_PRIOR_ROW
CDC-15,Warning,userclk1->nvp_vclk1,Max Delay Datapath Only,CAPTURE_SUBSYSTEM/MAILBOX/cfg_hold_pcie_reg[32]/C,CAPTURE_SUBSYSTEM/MAILBOX/nvp_cfg_target_line_reg[22]/D,STABLE_DATA_WITH_SYNCHRONIZED_QUALIFIER,CONFIG_MAILBOX,PASS,Group 1 preserved routed skew; capture_mailbox acknowledged hold/capture protocol,EXACT_PRIOR_ROW
CDC-15,Warning,userclk1->nvp_vclk1,Max Delay Datapath Only,CAPTURE_SUBSYSTEM/MAILBOX/cfg_hold_pcie_reg[33]/C,CAPTURE_SUBSYSTEM/MAILBOX/nvp_cfg_target_line_reg[23]/D,STABLE_DATA_WITH_SYNCHRONIZED_QUALIFIER,CONFIG_MAILBOX,PASS,Group 1 preserved routed skew; capture_mailbox acknowledged hold/capture protocol,EXACT_PRIOR_ROW
CDC-15,Warning,userclk1->nvp_vclk1,Max Delay Datapath Only,CAPTURE_SUBSYSTEM/MAILBOX/cfg_hold_pcie_reg[34]/C,CAPTURE_SUBSYSTEM/MAILBOX/nvp_cfg_target_line_reg[24]/D,STABLE_DATA_WITH_SYNCHRONIZED_QUALIFIER,CONFIG_MAILBOX,PASS,Group 1 preserved routed skew; capture_mailbox acknowledged hold/capture protocol,EXACT_PRIOR_ROW
CDC-15,Warning,userclk1->nvp_vclk1,Max Delay Datapath Only,CAPTURE_SUBSYSTEM/MAILBOX/cfg_hold_pcie_reg[35]/C,CAPTURE_SUBSYSTEM/MAILBOX/nvp_cfg_target_line_reg[25]/D,STABLE_DATA_WITH_SYNCHRONIZED_QUALIFIER,CONFIG_MAILBOX,PASS,Group 1 preserved routed skew; capture_mailbox acknowledged hold/capture protocol,EXACT_PRIOR_ROW
CDC-15,Warning,userclk1->nvp_vclk1,Max Delay Datapath Only,CAPTURE_SUBSYSTEM/MAILBOX/cfg_hold_pcie_reg[36]/C,CAPTURE_SUBSYSTEM/MAILBOX/nvp_cfg_target_line_reg[26]/D,STABLE_DATA_WITH_SYNCHRONIZED_QUALIFIER,CONFIG_MAILBOX,PASS,Group 1 preserved routed skew; capture_mailbox acknowledged hold/capture protocol,EXACT_PRIOR_ROW
CDC-15,Warning,userclk1->nvp_vclk1,Max Delay Datapath Only,CAPTURE_SUBSYSTEM/MAILBOX/cfg_hold_pcie_reg[37]/C,CAPTURE_SUBSYSTEM/MAILBOX/nvp_cfg_target_line_reg[27]/D,STABLE_DATA_WITH_SYNCHRONIZED_QUALIFIER,CONFIG_MAILBOX,PASS,Group 1 preserved routed skew; capture_mailbox acknowledged hold/capture protocol,EXACT_PRIOR_ROW
CDC-15,Warning,userclk1->nvp_vclk1,Max Delay Datapath Only,CAPTURE_SUBSYSTEM/MAILBOX/cfg_hold_pcie_reg[38]/C,CAPTURE_SUBSYSTEM/MAILBOX/nvp_cfg_target_line_reg[28]/D,STABLE_DATA_WITH_SYNCHRONIZED_QUALIFIER,CONFIG_MAILBOX,PASS,Group 1 preserved routed skew; capture_mailbox acknowledged hold/capture protocol,EXACT_PRIOR_ROW
CDC-15,Warning,userclk1->nvp_vclk1,Max Delay Datapath Only,CAPTURE_SUBSYSTEM/MAILBOX/cfg_hold_pcie_reg[39]/C,CAPTURE_SUBSYSTEM/MAILBOX/nvp_cfg_target_line_reg[29]/D,STABLE_DATA_WITH_SYNCHRONIZED_QUALIFIER,CONFIG_MAILBOX,PASS,Group 1 preserved routed skew; capture_mailbox acknowledged hold/capture protocol,EXACT_PRIOR_ROW
CDC-15,Warning,userclk1->nvp_vclk1,Max Delay Datapath Only,CAPTURE_SUBSYSTEM/MAILBOX/cfg_hold_pcie_reg[40]/C,CAPTURE_SUBSYSTEM/MAILBOX/nvp_cfg_target_line_reg[30]/D,STABLE_DATA_WITH_SYNCHRONIZED_QUALIFIER,CONFIG_MAILBOX,PASS,Group 1 preserved routed skew; capture_mailbox acknowledged hold/capture protocol,EXACT_PRIOR_ROW
CDC-15,Warning,userclk1->nvp_vclk1,Max Delay Datapath Only,CAPTURE_SUBSYSTEM/MAILBOX/cfg_hold_pcie_reg[41]/C,CAPTURE_SUBSYSTEM/MAILBOX/nvp_cfg_target_line_reg[31]/D,STABLE_DATA_WITH_SYNCHRONIZED_QUALIFIER,CONFIG_MAILBOX,PASS,Group 1 preserved routed skew; capture_mailbox acknowledged hold/capture protocol,EXACT_PRIOR_ROW
CDC-15,Warning,userclk1->nvp_vclk1,Max Delay Datapath Only,CAPTURE_SUBSYSTEM/MAILBOX/cfg_hold_pcie_reg[4]/C,CAPTURE_SUBSYSTEM/MAILBOX/nvp_cfg_window_16_lines_reg/D,STABLE_DATA_WITH_SYNCHRONIZED_QUALIFIER,CONFIG_MAILBOX,PASS,Group 1 preserved routed skew; capture_mailbox acknowledged hold/capture protocol,EXACT_PRIOR_ROW
CDC-3,Info,userclk1->nvp_vclk1,False Path,CAPTURE_SUBSYSTEM/MAILBOX/status_req_seen_pcie_reg/C,CAPTURE_SUBSYSTEM/MAILBOX/status_ack_sync1_nvp_reg/D,INTENTIONAL_TWO_STAGE_SYNCHRONIZER,LEVEL_SYNCHRONIZER,PASS,Exact unchanged report row; ASYNC_REG depth 2. CDC-10 source_ready/fatal level is held through handshake; four exact chain-cell attributes verified in continuation.,EXACT_PRIOR_ROW
CDC-9,Info,userclk1->nvp_vclk1,False Path,nvp_reset_app_autonomous_reg/C,CAPTURE_SUBSYSTEM/NVP_RESET_TO_NVP_SYNC/arststages_ff_reg[0]/PRE,ASYNC_ASSERT_SYNC_RELEASE_RESET,RESET_SYNCHRONIZER,PASS,Exact unchanged reset row with depth 2 ASYNC_REG; vendor/reset synchronizer chain,EXACT_PRIOR_ROW
CDC-9,Info,userclk1->nvp_vclk1,False Path,XDMA/inst/xdma_v41_m1_pcie2_to_pcie3_wrapper_i/pcie2_ip_i/inst/inst/user_reset_out_reg/C,CAPTURE_SUBSYSTEM/PCIE_RESET_TO_NVP_SYNC/arststages_ff_reg[0]/PRE,ASYNC_ASSERT_SYNC_RELEASE_RESET,RESET_SYNCHRONIZER,PASS,Exact unchanged reset row with depth 2 ASYNC_REG; vendor/reset synchronizer chain,EXACT_PRIOR_ROW
CDC-3,Info,userclk1->nvp_vclk1,False Path,G2B_ONECH_C2H/drop_seen_axi_reg/C,G2B_ONECH_C2H/drop_ack_sync1_source_reg/D,INTENTIONAL_TWO_STAGE_SYNCHRONIZER,LEVEL_SYNCHRONIZER,PASS,Exact unchanged report row; ASYNC_REG depth 2. CDC-10 source_ready/fatal level is held through handshake; four exact chain-cell attributes verified in continuation.,EXACT_PRIOR_ROW
CDC-1,Critical,userclk1->nvp_vclk1,Max Delay Datapath Only,G2B_ONECH_C2H/release_generation_axi_reg[0][3]/C,G2B_ONECH_C2H/enable_applied_source_reg/D,STABLE_DATA_WITH_SYNCHRONIZED_QUALIFIER,RELEASE_SLOT,PASS,Groups 14–17 56-cell slot payload sets and three semantic families; exact routed PASS; META-6/META-7R structural invariant authority,REVIEWED_REPRESENTATIVE_CHANGE
CDC-3,Info,userclk1->nvp_vclk1,False Path,G2B_ONECH_C2H/enable_req_toggle_axi_reg/C,G2B_ONECH_C2H/enable_req_sync1_source_reg/D,INTENTIONAL_TWO_STAGE_SYNCHRONIZER,LEVEL_SYNCHRONIZER,PASS,Exact unchanged report row; ASYNC_REG depth 2. CDC-10 source_ready/fatal level is held through handshake; four exact chain-cell attributes verified in continuation.,EXACT_PRIOR_ROW
CDC-10,Critical,userclk1->nvp_vclk1,False Path,G2B_ONECH_C2H/error_status_axi_reg[4]/C,G2B_ONECH_C2H/fatal_sync1_source_reg/D,INTENTIONAL_TWO_STAGE_SYNCHRONIZER,LEVEL_SYNCHRONIZER,PASS,Exact unchanged report row; ASYNC_REG depth 2. CDC-10 source_ready/fatal level is held through handshake; four exact chain-cell attributes verified in continuation.,EXACT_PRIOR_ROW
CDC-3,Info,userclk1->nvp_vclk1,False Path,G2B_ONECH_C2H/formatter_seen_axi_reg/C,G2B_ONECH_C2H/formatter_ack_sync1_source_reg/D,INTENTIONAL_TWO_STAGE_SYNCHRONIZER,LEVEL_SYNCHRONIZER,PASS,Exact unchanged report row; ASYNC_REG depth 2. CDC-10 source_ready/fatal level is held through handshake; four exact chain-cell attributes verified in continuation.,EXACT_PRIOR_ROW
CDC-15,Warning,userclk1->nvp_vclk1,Max Delay Datapath Only,G2B_ONECH_C2H/transport_hard_hold_axi_reg/C,G2B_ONECH_C2H/hard_event_baseline_hold_source_reg[0]/D,STABLE_DATA_WITH_SYNCHRONIZED_QUALIFIER,TRANSPORT_RESET_MAILBOX,PASS,Group 8 preserved PASS; retained 2.500 ns settling bound and transport request/ack barrier,EXACT_PRIOR_ROW
CDC-15,Warning,userclk1->nvp_vclk1,Max Delay Datapath Only,G2B_ONECH_C2H/transport_hard_hold_axi_reg/C,G2B_ONECH_C2H/hard_event_baseline_hold_source_reg[1]/D,STABLE_DATA_WITH_SYNCHRONIZED_QUALIFIER,TRANSPORT_RESET_MAILBOX,PASS,Group 8 preserved PASS; retained 2.500 ns settling bound and transport request/ack barrier,EXACT_PRIOR_ROW
CDC-15,Warning,userclk1->nvp_vclk1,Max Delay Datapath Only,G2B_ONECH_C2H/transport_hard_hold_axi_reg/C,G2B_ONECH_C2H/hard_event_baseline_hold_source_reg[2]/D,STABLE_DATA_WITH_SYNCHRONIZED_QUALIFIER,TRANSPORT_RESET_MAILBOX,PASS,Group 8 preserved PASS; retained 2.500 ns settling bound and transport request/ack barrier,EXACT_PRIOR_ROW
CDC-15,Warning,userclk1->nvp_vclk1,Max Delay Datapath Only,G2B_ONECH_C2H/transport_hard_hold_axi_reg/C,G2B_ONECH_C2H/hard_event_baseline_hold_source_reg[3]/D,STABLE_DATA_WITH_SYNCHRONIZED_QUALIFIER,TRANSPORT_RESET_MAILBOX,PASS,Group 8 preserved PASS; retained 2.500 ns settling bound and transport request/ack barrier,EXACT_PRIOR_ROW
CDC-15,Warning,userclk1->nvp_vclk1,Max Delay Datapath Only,G2B_ONECH_C2H/transport_hard_hold_axi_reg/C,G2B_ONECH_C2H/hard_event_clear_toggle_source_reg/D,STABLE_DATA_WITH_SYNCHRONIZED_QUALIFIER,TRANSPORT_RESET_MAILBOX,PASS,Group 8 preserved PASS; retained 2.500 ns settling bound and transport request/ack barrier,EXACT_PRIOR_ROW
CDC-3,Info,userclk1->nvp_vclk1,False Path,G2B_ONECH_C2H/overflow_seen_axi_reg/C,G2B_ONECH_C2H/overflow_ack_sync1_source_reg/D,INTENTIONAL_TWO_STAGE_SYNCHRONIZER,LEVEL_SYNCHRONIZER,PASS,Exact unchanged report row; ASYNC_REG depth 2. CDC-10 source_ready/fatal level is held through handshake; four exact chain-cell attributes verified in continuation.,EXACT_PRIOR_ROW
CDC-15,Warning,userclk1->nvp_vclk1,Max Delay Datapath Only,G2B_ONECH_C2H/transport_hard_hold_axi_reg/C,G2B_ONECH_C2H/overflow_count_source_reg[0]/R,STABLE_DATA_WITH_SYNCHRONIZED_QUALIFIER,TRANSPORT_RESET_MAILBOX,PASS,Group 8 preserved PASS; retained 2.500 ns settling bound and transport request/ack barrier,EXACT_PRIOR_ROW
CDC-15,Warning,userclk1->nvp_vclk1,Max Delay Datapath Only,G2B_ONECH_C2H/transport_hard_hold_axi_reg/C,G2B_ONECH_C2H/overflow_count_source_reg[1]/R,STABLE_DATA_WITH_SYNCHRONIZED_QUALIFIER,TRANSPORT_RESET_MAILBOX,PASS,Group 8 preserved PASS; retained 2.500 ns settling bound and transport request/ack barrier,EXACT_PRIOR_ROW
CDC-15,Warning,userclk1->nvp_vclk1,Max Delay Datapath Only,G2B_ONECH_C2H/transport_hard_hold_axi_reg/C,G2B_ONECH_C2H/overflow_count_source_reg[2]/R,STABLE_DATA_WITH_SYNCHRONIZED_QUALIFIER,TRANSPORT_RESET_MAILBOX,PASS,Group 8 preserved PASS; retained 2.500 ns settling bound and transport request/ack barrier,EXACT_PRIOR_ROW
CDC-15,Warning,userclk1->nvp_vclk1,Max Delay Datapath Only,G2B_ONECH_C2H/transport_hard_hold_axi_reg/C,G2B_ONECH_C2H/overflow_count_source_reg[3]/R,STABLE_DATA_WITH_SYNCHRONIZED_QUALIFIER,TRANSPORT_RESET_MAILBOX,PASS,Group 8 preserved PASS; retained 2.500 ns settling bound and transport request/ack barrier,EXACT_PRIOR_ROW
CDC-15,Warning,userclk1->nvp_vclk1,Max Delay Datapath Only,G2B_ONECH_C2H/transport_hard_hold_axi_reg/C,G2B_ONECH_C2H/overflow_count_source_reg[4]/R,STABLE_DATA_WITH_SYNCHRONIZED_QUALIFIER,TRANSPORT_RESET_MAILBOX,PASS,Group 8 preserved PASS; retained 2.500 ns settling bound and transport request/ack barrier,EXACT_PRIOR_ROW
CDC-15,Warning,userclk1->nvp_vclk1,Max Delay Datapath Only,G2B_ONECH_C2H/transport_hard_hold_axi_reg/C,G2B_ONECH_C2H/overflow_count_source_reg[5]/R,STABLE_DATA_WITH_SYNCHRONIZED_QUALIFIER,TRANSPORT_RESET_MAILBOX,PASS,Group 8 preserved PASS; retained 2.500 ns settling bound and transport request/ack barrier,EXACT_PRIOR_ROW
CDC-15,Warning,userclk1->nvp_vclk1,Max Delay Datapath Only,G2B_ONECH_C2H/transport_hard_hold_axi_reg/C,G2B_ONECH_C2H/overflow_count_source_reg[6]/R,STABLE_DATA_WITH_SYNCHRONIZED_QUALIFIER,TRANSPORT_RESET_MAILBOX,PASS,Group 8 preserved PASS; retained 2.500 ns settling bound and transport request/ack barrier,EXACT_PRIOR_ROW
CDC-15,Warning,userclk1->nvp_vclk1,Max Delay Datapath Only,G2B_ONECH_C2H/transport_hard_hold_axi_reg/C,G2B_ONECH_C2H/overflow_count_source_reg[7]/R,STABLE_DATA_WITH_SYNCHRONIZED_QUALIFIER,TRANSPORT_RESET_MAILBOX,PASS,Group 8 preserved PASS; retained 2.500 ns settling bound and transport request/ack barrier,EXACT_PRIOR_ROW
CDC-15,Warning,userclk1->nvp_vclk1,Max Delay Datapath Only,G2B_ONECH_C2H/transport_hard_hold_axi_reg/C,G2B_ONECH_C2H/overflow_count_source_reg[8]/R,STABLE_DATA_WITH_SYNCHRONIZED_QUALIFIER,TRANSPORT_RESET_MAILBOX,PASS,Group 8 preserved PASS; retained 2.500 ns settling bound and transport request/ack barrier,EXACT_PRIOR_ROW
CDC-15,Warning,userclk1->nvp_vclk1,Max Delay Datapath Only,G2B_ONECH_C2H/transport_hard_hold_axi_reg/C,G2B_ONECH_C2H/overflow_count_source_reg[9]/R,STABLE_DATA_WITH_SYNCHRONIZED_QUALIFIER,TRANSPORT_RESET_MAILBOX,PASS,Group 8 preserved PASS; retained 2.500 ns settling bound and transport request/ack barrier,EXACT_PRIOR_ROW
CDC-15,Warning,userclk1->nvp_vclk1,Max Delay Datapath Only,G2B_ONECH_C2H/transport_hard_hold_axi_reg/C,G2B_ONECH_C2H/overflow_count_source_reg[10]/R,STABLE_DATA_WITH_SYNCHRONIZED_QUALIFIER,TRANSPORT_RESET_MAILBOX,PASS,Group 8 preserved PASS; retained 2.500 ns settling bound and transport request/ack barrier,EXACT_PRIOR_ROW
CDC-15,Warning,userclk1->nvp_vclk1,Max Delay Datapath Only,G2B_ONECH_C2H/transport_hard_hold_axi_reg/C,G2B_ONECH_C2H/overflow_count_source_reg[11]/R,STABLE_DATA_WITH_SYNCHRONIZED_QUALIFIER,TRANSPORT_RESET_MAILBOX,PASS,Group 8 preserved PASS; retained 2.500 ns settling bound and transport request/ack barrier,EXACT_PRIOR_ROW
CDC-15,Warning,userclk1->nvp_vclk1,Max Delay Datapath Only,G2B_ONECH_C2H/transport_hard_hold_axi_reg/C,G2B_ONECH_C2H/overflow_count_source_reg[12]/R,STABLE_DATA_WITH_SYNCHRONIZED_QUALIFIER,TRANSPORT_RESET_MAILBOX,PASS,Group 8 preserved PASS; retained 2.500 ns settling bound and transport request/ack barrier,EXACT_PRIOR_ROW
CDC-15,Warning,userclk1->nvp_vclk1,Max Delay Datapath Only,G2B_ONECH_C2H/transport_hard_hold_axi_reg/C,G2B_ONECH_C2H/overflow_count_source_reg[13]/R,STABLE_DATA_WITH_SYNCHRONIZED_QUALIFIER,TRANSPORT_RESET_MAILBOX,PASS,Group 8 preserved PASS; retained 2.500 ns settling bound and transport request/ack barrier,EXACT_PRIOR_ROW
CDC-15,Warning,userclk1->nvp_vclk1,Max Delay Datapath Only,G2B_ONECH_C2H/transport_hard_hold_axi_reg/C,G2B_ONECH_C2H/overflow_count_source_reg[14]/R,STABLE_DATA_WITH_SYNCHRONIZED_QUALIFIER,TRANSPORT_RESET_MAILBOX,PASS,Group 8 preserved PASS; retained 2.500 ns settling bound and transport request/ack barrier,EXACT_PRIOR_ROW
CDC-15,Warning,userclk1->nvp_vclk1,Max Delay Datapath Only,G2B_ONECH_C2H/transport_hard_hold_axi_reg/C,G2B_ONECH_C2H/overflow_count_source_reg[15]/R,STABLE_DATA_WITH_SYNCHRONIZED_QUALIFIER,TRANSPORT_RESET_MAILBOX,PASS,Group 8 preserved PASS; retained 2.500 ns settling bound and transport request/ack barrier,EXACT_PRIOR_ROW
CDC-15,Warning,userclk1->nvp_vclk1,Max Delay Datapath Only,G2B_ONECH_C2H/transport_hard_hold_axi_reg/C,G2B_ONECH_C2H/overflow_count_source_reg[16]/R,STABLE_DATA_WITH_SYNCHRONIZED_QUALIFIER,TRANSPORT_RESET_MAILBOX,PASS,Group 8 preserved PASS; retained 2.500 ns settling bound and transport request/ack barrier,EXACT_PRIOR_ROW
CDC-15,Warning,userclk1->nvp_vclk1,Max Delay Datapath Only,G2B_ONECH_C2H/transport_hard_hold_axi_reg/C,G2B_ONECH_C2H/overflow_count_source_reg[17]/R,STABLE_DATA_WITH_SYNCHRONIZED_QUALIFIER,TRANSPORT_RESET_MAILBOX,PASS,Group 8 preserved PASS; retained 2.500 ns settling bound and transport request/ack barrier,EXACT_PRIOR_ROW
CDC-15,Warning,userclk1->nvp_vclk1,Max Delay Datapath Only,G2B_ONECH_C2H/transport_hard_hold_axi_reg/C,G2B_ONECH_C2H/overflow_count_source_reg[18]/R,STABLE_DATA_WITH_SYNCHRONIZED_QUALIFIER,TRANSPORT_RESET_MAILBOX,PASS,Group 8 preserved PASS; retained 2.500 ns settling bound and transport request/ack barrier,EXACT_PRIOR_ROW
CDC-15,Warning,userclk1->nvp_vclk1,Max Delay Datapath Only,G2B_ONECH_C2H/transport_hard_hold_axi_reg/C,G2B_ONECH_C2H/overflow_count_source_reg[19]/R,STABLE_DATA_WITH_SYNCHRONIZED_QUALIFIER,TRANSPORT_RESET_MAILBOX,PASS,Group 8 preserved PASS; retained 2.500 ns settling bound and transport request/ack barrier,EXACT_PRIOR_ROW
CDC-15,Warning,userclk1->nvp_vclk1,Max Delay Datapath Only,G2B_ONECH_C2H/transport_hard_hold_axi_reg/C,G2B_ONECH_C2H/overflow_count_source_reg[20]/R,STABLE_DATA_WITH_SYNCHRONIZED_QUALIFIER,TRANSPORT_RESET_MAILBOX,PASS,Group 8 preserved PASS; retained 2.500 ns settling bound and transport request/ack barrier,EXACT_PRIOR_ROW
CDC-15,Warning,userclk1->nvp_vclk1,Max Delay Datapath Only,G2B_ONECH_C2H/transport_hard_hold_axi_reg/C,G2B_ONECH_C2H/overflow_count_source_reg[21]/R,STABLE_DATA_WITH_SYNCHRONIZED_QUALIFIER,TRANSPORT_RESET_MAILBOX,PASS,Group 8 preserved PASS; retained 2.500 ns settling bound and transport request/ack barrier,EXACT_PRIOR_ROW
CDC-15,Warning,userclk1->nvp_vclk1,Max Delay Datapath Only,G2B_ONECH_C2H/transport_hard_hold_axi_reg/C,G2B_ONECH_C2H/overflow_count_source_reg[22]/R,STABLE_DATA_WITH_SYNCHRONIZED_QUALIFIER,TRANSPORT_RESET_MAILBOX,PASS,Group 8 preserved PASS; retained 2.500 ns settling bound and transport request/ack barrier,EXACT_PRIOR_ROW
CDC-15,Warning,userclk1->nvp_vclk1,Max Delay Datapath Only,G2B_ONECH_C2H/transport_hard_hold_axi_reg/C,G2B_ONECH_C2H/overflow_count_source_reg[23]/R,STABLE_DATA_WITH_SYNCHRONIZED_QUALIFIER,TRANSPORT_RESET_MAILBOX,PASS,Group 8 preserved PASS; retained 2.500 ns settling bound and transport request/ack barrier,EXACT_PRIOR_ROW
CDC-15,Warning,userclk1->nvp_vclk1,Max Delay Datapath Only,G2B_ONECH_C2H/transport_hard_hold_axi_reg/C,G2B_ONECH_C2H/overflow_count_source_reg[24]/R,STABLE_DATA_WITH_SYNCHRONIZED_QUALIFIER,TRANSPORT_RESET_MAILBOX,PASS,Group 8 preserved PASS; retained 2.500 ns settling bound and transport request/ack barrier,EXACT_PRIOR_ROW
CDC-15,Warning,userclk1->nvp_vclk1,Max Delay Datapath Only,G2B_ONECH_C2H/transport_hard_hold_axi_reg/C,G2B_ONECH_C2H/overflow_count_source_reg[25]/R,STABLE_DATA_WITH_SYNCHRONIZED_QUALIFIER,TRANSPORT_RESET_MAILBOX,PASS,Group 8 preserved PASS; retained 2.500 ns settling bound and transport request/ack barrier,EXACT_PRIOR_ROW
CDC-15,Warning,userclk1->nvp_vclk1,Max Delay Datapath Only,G2B_ONECH_C2H/transport_hard_hold_axi_reg/C,G2B_ONECH_C2H/overflow_count_source_reg[26]/R,STABLE_DATA_WITH_SYNCHRONIZED_QUALIFIER,TRANSPORT_RESET_MAILBOX,PASS,Group 8 preserved PASS; retained 2.500 ns settling bound and transport request/ack barrier,EXACT_PRIOR_ROW
CDC-15,Warning,userclk1->nvp_vclk1,Max Delay Datapath Only,G2B_ONECH_C2H/transport_hard_hold_axi_reg/C,G2B_ONECH_C2H/overflow_count_source_reg[27]/R,STABLE_DATA_WITH_SYNCHRONIZED_QUALIFIER,TRANSPORT_RESET_MAILBOX,PASS,Group 8 preserved PASS; retained 2.500 ns settling bound and transport request/ack barrier,EXACT_PRIOR_ROW
CDC-15,Warning,userclk1->nvp_vclk1,Max Delay Datapath Only,G2B_ONECH_C2H/transport_hard_hold_axi_reg/C,G2B_ONECH_C2H/overflow_count_source_reg[28]/R,STABLE_DATA_WITH_SYNCHRONIZED_QUALIFIER,TRANSPORT_RESET_MAILBOX,PASS,Group 8 preserved PASS; retained 2.500 ns settling bound and transport request/ack barrier,EXACT_PRIOR_ROW
CDC-15,Warning,userclk1->nvp_vclk1,Max Delay Datapath Only,G2B_ONECH_C2H/transport_hard_hold_axi_reg/C,G2B_ONECH_C2H/overflow_count_source_reg[29]/R,STABLE_DATA_WITH_SYNCHRONIZED_QUALIFIER,TRANSPORT_RESET_MAILBOX,PASS,Group 8 preserved PASS; retained 2.500 ns settling bound and transport request/ack barrier,EXACT_PRIOR_ROW
CDC-15,Warning,userclk1->nvp_vclk1,Max Delay Datapath Only,G2B_ONECH_C2H/transport_hard_hold_axi_reg/C,G2B_ONECH_C2H/overflow_count_source_reg[30]/R,STABLE_DATA_WITH_SYNCHRONIZED_QUALIFIER,TRANSPORT_RESET_MAILBOX,PASS,Group 8 preserved PASS; retained 2.500 ns settling bound and transport request/ack barrier,EXACT_PRIOR_ROW
CDC-15,Warning,userclk1->nvp_vclk1,Max Delay Datapath Only,G2B_ONECH_C2H/transport_hard_hold_axi_reg/C,G2B_ONECH_C2H/overflow_count_source_reg[31]/R,STABLE_DATA_WITH_SYNCHRONIZED_QUALIFIER,TRANSPORT_RESET_MAILBOX,PASS,Group 8 preserved PASS; retained 2.500 ns settling bound and transport request/ack barrier,EXACT_PRIOR_ROW
CDC-1,Critical,userclk1->nvp_vclk1,Max Delay Datapath Only,G2B_ONECH_C2H/transport_own_phase_hold_axi_reg/C,G2B_ONECH_C2H/own_ack_toggle_source_reg/D,STABLE_DATA_WITH_SYNCHRONIZED_QUALIFIER,TRANSPORT_RESET_MAILBOX,PASS,Group 8 preserved PASS; retained 2.500 ns settling bound and transport request/ack barrier,EXACT_PRIOR_ROW
CDC-1,Critical,userclk1->nvp_vclk1,Max Delay Datapath Only,G2B_ONECH_C2H/axis_slot_reg[1]/C,G2B_ONECH_C2H/own_ok_hold_source_reg/D,STABLE_DATA_WITH_SYNCHRONIZED_QUALIFIER,OWNERSHIP,PASS,Group 9 META-4 per-family settling plus BS3 structural request/ack proof; all slot state destinations retained,EXACT_PRIOR_ROW
CDC-1,Critical,userclk1->nvp_vclk1,Max Delay Datapath Only,G2B_ONECH_C2H/transport_own_phase_hold_axi_reg/C,G2B_ONECH_C2H/own_req_seen_source_reg/D,STABLE_DATA_WITH_SYNCHRONIZED_QUALIFIER,TRANSPORT_RESET_MAILBOX,PASS,Group 8 preserved PASS; retained 2.500 ns settling bound and transport request/ack barrier,EXACT_PRIOR_ROW
CDC-3,Info,userclk1->nvp_vclk1,False Path,G2B_ONECH_C2H/own_req_toggle_axi_reg/C,G2B_ONECH_C2H/own_req_sync1_source_reg/D,INTENTIONAL_TWO_STAGE_SYNCHRONIZER,LEVEL_SYNCHRONIZER,PASS,Exact unchanged report row; ASYNC_REG depth 2. CDC-10 source_ready/fatal level is held through handshake; four exact chain-cell attributes verified in continuation.,EXACT_PRIOR_ROW
CDC-3,Info,userclk1->nvp_vclk1,False Path,G2B_ONECH_C2H/ownership_seen_axi_reg/C,G2B_ONECH_C2H/ownership_ack_sync1_source_reg/D,INTENTIONAL_TWO_STAGE_SYNCHRONIZER,LEVEL_SYNCHRONIZER,PASS,Exact unchanged report row; ASYNC_REG depth 2. CDC-10 source_ready/fatal level is held through handshake; four exact chain-cell attributes verified in continuation.,EXACT_PRIOR_ROW
CDC-15,Warning,userclk1->nvp_vclk1,Max Delay Datapath Only,G2B_ONECH_C2H/transport_hard_hold_axi_reg/C,G2B_ONECH_C2H/records_attempted_source_reg[0]/R,STABLE_DATA_WITH_SYNCHRONIZED_QUALIFIER,TRANSPORT_RESET_MAILBOX,PASS,Group 8 preserved PASS; retained 2.500 ns settling bound and transport request/ack barrier,EXACT_PRIOR_ROW
CDC-15,Warning,userclk1->nvp_vclk1,Max Delay Datapath Only,G2B_ONECH_C2H/transport_hard_hold_axi_reg/C,G2B_ONECH_C2H/records_attempted_source_reg[1]/R,STABLE_DATA_WITH_SYNCHRONIZED_QUALIFIER,TRANSPORT_RESET_MAILBOX,PASS,Group 8 preserved PASS; retained 2.500 ns settling bound and transport request/ack barrier,EXACT_PRIOR_ROW
CDC-15,Warning,userclk1->nvp_vclk1,Max Delay Datapath Only,G2B_ONECH_C2H/transport_hard_hold_axi_reg/C,G2B_ONECH_C2H/records_attempted_source_reg[2]/R,STABLE_DATA_WITH_SYNCHRONIZED_QUALIFIER,TRANSPORT_RESET_MAILBOX,PASS,Group 8 preserved PASS; retained 2.500 ns settling bound and transport request/ack barrier,EXACT_PRIOR_ROW
CDC-15,Warning,userclk1->nvp_vclk1,Max Delay Datapath Only,G2B_ONECH_C2H/transport_hard_hold_axi_reg/C,G2B_ONECH_C2H/records_attempted_source_reg[3]/R,STABLE_DATA_WITH_SYNCHRONIZED_QUALIFIER,TRANSPORT_RESET_MAILBOX,PASS,Group 8 preserved PASS; retained 2.500 ns settling bound and transport request/ack barrier,EXACT_PRIOR_ROW
CDC-15,Warning,userclk1->nvp_vclk1,Max Delay Datapath Only,G2B_ONECH_C2H/transport_hard_hold_axi_reg/C,G2B_ONECH_C2H/records_attempted_source_reg[4]/R,STABLE_DATA_WITH_SYNCHRONIZED_QUALIFIER,TRANSPORT_RESET_MAILBOX,PASS,Group 8 preserved PASS; retained 2.500 ns settling bound and transport request/ack barrier,EXACT_PRIOR_ROW
CDC-15,Warning,userclk1->nvp_vclk1,Max Delay Datapath Only,G2B_ONECH_C2H/transport_hard_hold_axi_reg/C,G2B_ONECH_C2H/records_attempted_source_reg[5]/R,STABLE_DATA_WITH_SYNCHRONIZED_QUALIFIER,TRANSPORT_RESET_MAILBOX,PASS,Group 8 preserved PASS; retained 2.500 ns settling bound and transport request/ack barrier,EXACT_PRIOR_ROW
CDC-15,Warning,userclk1->nvp_vclk1,Max Delay Datapath Only,G2B_ONECH_C2H/transport_hard_hold_axi_reg/C,G2B_ONECH_C2H/records_attempted_source_reg[6]/R,STABLE_DATA_WITH_SYNCHRONIZED_QUALIFIER,TRANSPORT_RESET_MAILBOX,PASS,Group 8 preserved PASS; retained 2.500 ns settling bound and transport request/ack barrier,EXACT_PRIOR_ROW
CDC-15,Warning,userclk1->nvp_vclk1,Max Delay Datapath Only,G2B_ONECH_C2H/transport_hard_hold_axi_reg/C,G2B_ONECH_C2H/records_attempted_source_reg[7]/R,STABLE_DATA_WITH_SYNCHRONIZED_QUALIFIER,TRANSPORT_RESET_MAILBOX,PASS,Group 8 preserved PASS; retained 2.500 ns settling bound and transport request/ack barrier,EXACT_PRIOR_ROW
CDC-15,Warning,userclk1->nvp_vclk1,Max Delay Datapath Only,G2B_ONECH_C2H/transport_hard_hold_axi_reg/C,G2B_ONECH_C2H/records_attempted_source_reg[8]/R,STABLE_DATA_WITH_SYNCHRONIZED_QUALIFIER,TRANSPORT_RESET_MAILBOX,PASS,Group 8 preserved PASS; retained 2.500 ns settling bound and transport request/ack barrier,EXACT_PRIOR_ROW
CDC-15,Warning,userclk1->nvp_vclk1,Max Delay Datapath Only,G2B_ONECH_C2H/transport_hard_hold_axi_reg/C,G2B_ONECH_C2H/records_attempted_source_reg[9]/R,STABLE_DATA_WITH_SYNCHRONIZED_QUALIFIER,TRANSPORT_RESET_MAILBOX,PASS,Group 8 preserved PASS; retained 2.500 ns settling bound and transport request/ack barrier,EXACT_PRIOR_ROW
CDC-15,Warning,userclk1->nvp_vclk1,Max Delay Datapath Only,G2B_ONECH_C2H/transport_hard_hold_axi_reg/C,G2B_ONECH_C2H/records_attempted_source_reg[10]/R,STABLE_DATA_WITH_SYNCHRONIZED_QUALIFIER,TRANSPORT_RESET_MAILBOX,PASS,Group 8 preserved PASS; retained 2.500 ns settling bound and transport request/ack barrier,EXACT_PRIOR_ROW
CDC-15,Warning,userclk1->nvp_vclk1,Max Delay Datapath Only,G2B_ONECH_C2H/transport_hard_hold_axi_reg/C,G2B_ONECH_C2H/records_attempted_source_reg[11]/R,STABLE_DATA_WITH_SYNCHRONIZED_QUALIFIER,TRANSPORT_RESET_MAILBOX,PASS,Group 8 preserved PASS; retained 2.500 ns settling bound and transport request/ack barrier,EXACT_PRIOR_ROW
CDC-15,Warning,userclk1->nvp_vclk1,Max Delay Datapath Only,G2B_ONECH_C2H/transport_hard_hold_axi_reg/C,G2B_ONECH_C2H/records_attempted_source_reg[12]/R,STABLE_DATA_WITH_SYNCHRONIZED_QUALIFIER,TRANSPORT_RESET_MAILBOX,PASS,Group 8 preserved PASS; retained 2.500 ns settling bound and transport request/ack barrier,EXACT_PRIOR_ROW
CDC-15,Warning,userclk1->nvp_vclk1,Max Delay Datapath Only,G2B_ONECH_C2H/transport_hard_hold_axi_reg/C,G2B_ONECH_C2H/records_attempted_source_reg[13]/R,STABLE_DATA_WITH_SYNCHRONIZED_QUALIFIER,TRANSPORT_RESET_MAILBOX,PASS,Group 8 preserved PASS; retained 2.500 ns settling bound and transport request/ack barrier,EXACT_PRIOR_ROW
CDC-15,Warning,userclk1->nvp_vclk1,Max Delay Datapath Only,G2B_ONECH_C2H/transport_hard_hold_axi_reg/C,G2B_ONECH_C2H/records_attempted_source_reg[14]/R,STABLE_DATA_WITH_SYNCHRONIZED_QUALIFIER,TRANSPORT_RESET_MAILBOX,PASS,Group 8 preserved PASS; retained 2.500 ns settling bound and transport request/ack barrier,EXACT_PRIOR_ROW
CDC-15,Warning,userclk1->nvp_vclk1,Max Delay Datapath Only,G2B_ONECH_C2H/transport_hard_hold_axi_reg/C,G2B_ONECH_C2H/records_attempted_source_reg[15]/R,STABLE_DATA_WITH_SYNCHRONIZED_QUALIFIER,TRANSPORT_RESET_MAILBOX,PASS,Group 8 preserved PASS; retained 2.500 ns settling bound and transport request/ack barrier,EXACT_PRIOR_ROW
CDC-15,Warning,userclk1->nvp_vclk1,Max Delay Datapath Only,G2B_ONECH_C2H/transport_hard_hold_axi_reg/C,G2B_ONECH_C2H/records_attempted_source_reg[16]/R,STABLE_DATA_WITH_SYNCHRONIZED_QUALIFIER,TRANSPORT_RESET_MAILBOX,PASS,Group 8 preserved PASS; retained 2.500 ns settling bound and transport request/ack barrier,EXACT_PRIOR_ROW
CDC-15,Warning,userclk1->nvp_vclk1,Max Delay Datapath Only,G2B_ONECH_C2H/transport_hard_hold_axi_reg/C,G2B_ONECH_C2H/records_attempted_source_reg[17]/R,STABLE_DATA_WITH_SYNCHRONIZED_QUALIFIER,TRANSPORT_RESET_MAILBOX,PASS,Group 8 preserved PASS; retained 2.500 ns settling bound and transport request/ack barrier,EXACT_PRIOR_ROW
CDC-15,Warning,userclk1->nvp_vclk1,Max Delay Datapath Only,G2B_ONECH_C2H/transport_hard_hold_axi_reg/C,G2B_ONECH_C2H/records_attempted_source_reg[18]/R,STABLE_DATA_WITH_SYNCHRONIZED_QUALIFIER,TRANSPORT_RESET_MAILBOX,PASS,Group 8 preserved PASS; retained 2.500 ns settling bound and transport request/ack barrier,EXACT_PRIOR_ROW
CDC-15,Warning,userclk1->nvp_vclk1,Max Delay Datapath Only,G2B_ONECH_C2H/transport_hard_hold_axi_reg/C,G2B_ONECH_C2H/records_attempted_source_reg[19]/R,STABLE_DATA_WITH_SYNCHRONIZED_QUALIFIER,TRANSPORT_RESET_MAILBOX,PASS,Group 8 preserved PASS; retained 2.500 ns settling bound and transport request/ack barrier,EXACT_PRIOR_ROW
CDC-15,Warning,userclk1->nvp_vclk1,Max Delay Datapath Only,G2B_ONECH_C2H/transport_hard_hold_axi_reg/C,G2B_ONECH_C2H/records_attempted_source_reg[20]/R,STABLE_DATA_WITH_SYNCHRONIZED_QUALIFIER,TRANSPORT_RESET_MAILBOX,PASS,Group 8 preserved PASS; retained 2.500 ns settling bound and transport request/ack barrier,EXACT_PRIOR_ROW
CDC-15,Warning,userclk1->nvp_vclk1,Max Delay Datapath Only,G2B_ONECH_C2H/transport_hard_hold_axi_reg/C,G2B_ONECH_C2H/records_attempted_source_reg[21]/R,STABLE_DATA_WITH_SYNCHRONIZED_QUALIFIER,TRANSPORT_RESET_MAILBOX,PASS,Group 8 preserved PASS; retained 2.500 ns settling bound and transport request/ack barrier,EXACT_PRIOR_ROW
CDC-15,Warning,userclk1->nvp_vclk1,Max Delay Datapath Only,G2B_ONECH_C2H/transport_hard_hold_axi_reg/C,G2B_ONECH_C2H/records_attempted_source_reg[22]/R,STABLE_DATA_WITH_SYNCHRONIZED_QUALIFIER,TRANSPORT_RESET_MAILBOX,PASS,Group 8 preserved PASS; retained 2.500 ns settling bound and transport request/ack barrier,EXACT_PRIOR_ROW
CDC-15,Warning,userclk1->nvp_vclk1,Max Delay Datapath Only,G2B_ONECH_C2H/transport_hard_hold_axi_reg/C,G2B_ONECH_C2H/records_attempted_source_reg[23]/R,STABLE_DATA_WITH_SYNCHRONIZED_QUALIFIER,TRANSPORT_RESET_MAILBOX,PASS,Group 8 preserved PASS; retained 2.500 ns settling bound and transport request/ack barrier,EXACT_PRIOR_ROW
CDC-15,Warning,userclk1->nvp_vclk1,Max Delay Datapath Only,G2B_ONECH_C2H/transport_hard_hold_axi_reg/C,G2B_ONECH_C2H/records_attempted_source_reg[24]/R,STABLE_DATA_WITH_SYNCHRONIZED_QUALIFIER,TRANSPORT_RESET_MAILBOX,PASS,Group 8 preserved PASS; retained 2.500 ns settling bound and transport request/ack barrier,EXACT_PRIOR_ROW
CDC-15,Warning,userclk1->nvp_vclk1,Max Delay Datapath Only,G2B_ONECH_C2H/transport_hard_hold_axi_reg/C,G2B_ONECH_C2H/records_attempted_source_reg[25]/R,STABLE_DATA_WITH_SYNCHRONIZED_QUALIFIER,TRANSPORT_RESET_MAILBOX,PASS,Group 8 preserved PASS; retained 2.500 ns settling bound and transport request/ack barrier,EXACT_PRIOR_ROW
CDC-15,Warning,userclk1->nvp_vclk1,Max Delay Datapath Only,G2B_ONECH_C2H/transport_hard_hold_axi_reg/C,G2B_ONECH_C2H/records_attempted_source_reg[26]/R,STABLE_DATA_WITH_SYNCHRONIZED_QUALIFIER,TRANSPORT_RESET_MAILBOX,PASS,Group 8 preserved PASS; retained 2.500 ns settling bound and transport request/ack barrier,EXACT_PRIOR_ROW
CDC-15,Warning,userclk1->nvp_vclk1,Max Delay Datapath Only,G2B_ONECH_C2H/transport_hard_hold_axi_reg/C,G2B_ONECH_C2H/records_attempted_source_reg[27]/R,STABLE_DATA_WITH_SYNCHRONIZED_QUALIFIER,TRANSPORT_RESET_MAILBOX,PASS,Group 8 preserved PASS; retained 2.500 ns settling bound and transport request/ack barrier,EXACT_PRIOR_ROW
CDC-15,Warning,userclk1->nvp_vclk1,Max Delay Datapath Only,G2B_ONECH_C2H/transport_hard_hold_axi_reg/C,G2B_ONECH_C2H/records_attempted_source_reg[28]/R,STABLE_DATA_WITH_SYNCHRONIZED_QUALIFIER,TRANSPORT_RESET_MAILBOX,PASS,Group 8 preserved PASS; retained 2.500 ns settling bound and transport request/ack barrier,EXACT_PRIOR_ROW
CDC-15,Warning,userclk1->nvp_vclk1,Max Delay Datapath Only,G2B_ONECH_C2H/transport_hard_hold_axi_reg/C,G2B_ONECH_C2H/records_attempted_source_reg[29]/R,STABLE_DATA_WITH_SYNCHRONIZED_QUALIFIER,TRANSPORT_RESET_MAILBOX,PASS,Group 8 preserved PASS; retained 2.500 ns settling bound and transport request/ack barrier,EXACT_PRIOR_ROW
CDC-15,Warning,userclk1->nvp_vclk1,Max Delay Datapath Only,G2B_ONECH_C2H/transport_hard_hold_axi_reg/C,G2B_ONECH_C2H/records_attempted_source_reg[30]/R,STABLE_DATA_WITH_SYNCHRONIZED_QUALIFIER,TRANSPORT_RESET_MAILBOX,PASS,Group 8 preserved PASS; retained 2.500 ns settling bound and transport request/ack barrier,EXACT_PRIOR_ROW
CDC-15,Warning,userclk1->nvp_vclk1,Max Delay Datapath Only,G2B_ONECH_C2H/transport_hard_hold_axi_reg/C,G2B_ONECH_C2H/records_attempted_source_reg[31]/R,STABLE_DATA_WITH_SYNCHRONIZED_QUALIFIER,TRANSPORT_RESET_MAILBOX,PASS,Group 8 preserved PASS; retained 2.500 ns settling bound and transport request/ack barrier,EXACT_PRIOR_ROW
CDC-15,Warning,userclk1->nvp_vclk1,Max Delay Datapath Only,G2B_ONECH_C2H/transport_hard_hold_axi_reg/C,G2B_ONECH_C2H/records_committed_source_reg[0]/R,STABLE_DATA_WITH_SYNCHRONIZED_QUALIFIER,TRANSPORT_RESET_MAILBOX,PASS,Group 8 preserved PASS; retained 2.500 ns settling bound and transport request/ack barrier,EXACT_PRIOR_ROW
CDC-15,Warning,userclk1->nvp_vclk1,Max Delay Datapath Only,G2B_ONECH_C2H/transport_hard_hold_axi_reg/C,G2B_ONECH_C2H/records_committed_source_reg[1]/R,STABLE_DATA_WITH_SYNCHRONIZED_QUALIFIER,TRANSPORT_RESET_MAILBOX,PASS,Group 8 preserved PASS; retained 2.500 ns settling bound and transport request/ack barrier,EXACT_PRIOR_ROW
CDC-15,Warning,userclk1->nvp_vclk1,Max Delay Datapath Only,G2B_ONECH_C2H/transport_hard_hold_axi_reg/C,G2B_ONECH_C2H/records_committed_source_reg[2]/R,STABLE_DATA_WITH_SYNCHRONIZED_QUALIFIER,TRANSPORT_RESET_MAILBOX,PASS,Group 8 preserved PASS; retained 2.500 ns settling bound and transport request/ack barrier,EXACT_PRIOR_ROW
CDC-15,Warning,userclk1->nvp_vclk1,Max Delay Datapath Only,G2B_ONECH_C2H/transport_hard_hold_axi_reg/C,G2B_ONECH_C2H/records_committed_source_reg[3]/R,STABLE_DATA_WITH_SYNCHRONIZED_QUALIFIER,TRANSPORT_RESET_MAILBOX,PASS,Group 8 preserved PASS; retained 2.500 ns settling bound and transport request/ack barrier,EXACT_PRIOR_ROW
CDC-15,Warning,userclk1->nvp_vclk1,Max Delay Datapath Only,G2B_ONECH_C2H/transport_hard_hold_axi_reg/C,G2B_ONECH_C2H/records_committed_source_reg[4]/R,STABLE_DATA_WITH_SYNCHRONIZED_QUALIFIER,TRANSPORT_RESET_MAILBOX,PASS,Group 8 preserved PASS; retained 2.500 ns settling bound and transport request/ack barrier,EXACT_PRIOR_ROW
CDC-15,Warning,userclk1->nvp_vclk1,Max Delay Datapath Only,G2B_ONECH_C2H/transport_hard_hold_axi_reg/C,G2B_ONECH_C2H/records_committed_source_reg[5]/R,STABLE_DATA_WITH_SYNCHRONIZED_QUALIFIER,TRANSPORT_RESET_MAILBOX,PASS,Group 8 preserved PASS; retained 2.500 ns settling bound and transport request/ack barrier,EXACT_PRIOR_ROW
CDC-15,Warning,userclk1->nvp_vclk1,Max Delay Datapath Only,G2B_ONECH_C2H/transport_hard_hold_axi_reg/C,G2B_ONECH_C2H/records_committed_source_reg[6]/R,STABLE_DATA_WITH_SYNCHRONIZED_QUALIFIER,TRANSPORT_RESET_MAILBOX,PASS,Group 8 preserved PASS; retained 2.500 ns settling bound and transport request/ack barrier,EXACT_PRIOR_ROW
CDC-15,Warning,userclk1->nvp_vclk1,Max Delay Datapath Only,G2B_ONECH_C2H/transport_hard_hold_axi_reg/C,G2B_ONECH_C2H/records_committed_source_reg[7]/R,STABLE_DATA_WITH_SYNCHRONIZED_QUALIFIER,TRANSPORT_RESET_MAILBOX,PASS,Group 8 preserved PASS; retained 2.500 ns settling bound and transport request/ack barrier,EXACT_PRIOR_ROW
CDC-15,Warning,userclk1->nvp_vclk1,Max Delay Datapath Only,G2B_ONECH_C2H/transport_hard_hold_axi_reg/C,G2B_ONECH_C2H/records_committed_source_reg[8]/R,STABLE_DATA_WITH_SYNCHRONIZED_QUALIFIER,TRANSPORT_RESET_MAILBOX,PASS,Group 8 preserved PASS; retained 2.500 ns settling bound and transport request/ack barrier,EXACT_PRIOR_ROW
CDC-15,Warning,userclk1->nvp_vclk1,Max Delay Datapath Only,G2B_ONECH_C2H/transport_hard_hold_axi_reg/C,G2B_ONECH_C2H/records_committed_source_reg[9]/R,STABLE_DATA_WITH_SYNCHRONIZED_QUALIFIER,TRANSPORT_RESET_MAILBOX,PASS,Group 8 preserved PASS; retained 2.500 ns settling bound and transport request/ack barrier,EXACT_PRIOR_ROW
CDC-15,Warning,userclk1->nvp_vclk1,Max Delay Datapath Only,G2B_ONECH_C2H/transport_hard_hold_axi_reg/C,G2B_ONECH_C2H/records_committed_source_reg[10]/R,STABLE_DATA_WITH_SYNCHRONIZED_QUALIFIER,TRANSPORT_RESET_MAILBOX,PASS,Group 8 preserved PASS; retained 2.500 ns settling bound and transport request/ack barrier,EXACT_PRIOR_ROW
CDC-15,Warning,userclk1->nvp_vclk1,Max Delay Datapath Only,G2B_ONECH_C2H/transport_hard_hold_axi_reg/C,G2B_ONECH_C2H/records_committed_source_reg[11]/R,STABLE_DATA_WITH_SYNCHRONIZED_QUALIFIER,TRANSPORT_RESET_MAILBOX,PASS,Group 8 preserved PASS; retained 2.500 ns settling bound and transport request/ack barrier,EXACT_PRIOR_ROW
CDC-15,Warning,userclk1->nvp_vclk1,Max Delay Datapath Only,G2B_ONECH_C2H/transport_hard_hold_axi_reg/C,G2B_ONECH_C2H/records_committed_source_reg[12]/R,STABLE_DATA_WITH_SYNCHRONIZED_QUALIFIER,TRANSPORT_RESET_MAILBOX,PASS,Group 8 preserved PASS; retained 2.500 ns settling bound and transport request/ack barrier,EXACT_PRIOR_ROW
CDC-15,Warning,userclk1->nvp_vclk1,Max Delay Datapath Only,G2B_ONECH_C2H/transport_hard_hold_axi_reg/C,G2B_ONECH_C2H/records_committed_source_reg[13]/R,STABLE_DATA_WITH_SYNCHRONIZED_QUALIFIER,TRANSPORT_RESET_MAILBOX,PASS,Group 8 preserved PASS; retained 2.500 ns settling bound and transport request/ack barrier,EXACT_PRIOR_ROW
CDC-15,Warning,userclk1->nvp_vclk1,Max Delay Datapath Only,G2B_ONECH_C2H/transport_hard_hold_axi_reg/C,G2B_ONECH_C2H/records_committed_source_reg[14]/R,STABLE_DATA_WITH_SYNCHRONIZED_QUALIFIER,TRANSPORT_RESET_MAILBOX,PASS,Group 8 preserved PASS; retained 2.500 ns settling bound and transport request/ack barrier,EXACT_PRIOR_ROW
CDC-15,Warning,userclk1->nvp_vclk1,Max Delay Datapath Only,G2B_ONECH_C2H/transport_hard_hold_axi_reg/C,G2B_ONECH_C2H/records_committed_source_reg[15]/R,STABLE_DATA_WITH_SYNCHRONIZED_QUALIFIER,TRANSPORT_RESET_MAILBOX,PASS,Group 8 preserved PASS; retained 2.500 ns settling bound and transport request/ack barrier,EXACT_PRIOR_ROW
CDC-15,Warning,userclk1->nvp_vclk1,Max Delay Datapath Only,G2B_ONECH_C2H/transport_hard_hold_axi_reg/C,G2B_ONECH_C2H/records_committed_source_reg[16]/R,STABLE_DATA_WITH_SYNCHRONIZED_QUALIFIER,TRANSPORT_RESET_MAILBOX,PASS,Group 8 preserved PASS; retained 2.500 ns settling bound and transport request/ack barrier,EXACT_PRIOR_ROW
CDC-15,Warning,userclk1->nvp_vclk1,Max Delay Datapath Only,G2B_ONECH_C2H/transport_hard_hold_axi_reg/C,G2B_ONECH_C2H/records_committed_source_reg[17]/R,STABLE_DATA_WITH_SYNCHRONIZED_QUALIFIER,TRANSPORT_RESET_MAILBOX,PASS,Group 8 preserved PASS; retained 2.500 ns settling bound and transport request/ack barrier,EXACT_PRIOR_ROW
CDC-15,Warning,userclk1->nvp_vclk1,Max Delay Datapath Only,G2B_ONECH_C2H/transport_hard_hold_axi_reg/C,G2B_ONECH_C2H/records_committed_source_reg[18]/R,STABLE_DATA_WITH_SYNCHRONIZED_QUALIFIER,TRANSPORT_RESET_MAILBOX,PASS,Group 8 preserved PASS; retained 2.500 ns settling bound and transport request/ack barrier,EXACT_PRIOR_ROW
CDC-15,Warning,userclk1->nvp_vclk1,Max Delay Datapath Only,G2B_ONECH_C2H/transport_hard_hold_axi_reg/C,G2B_ONECH_C2H/records_committed_source_reg[19]/R,STABLE_DATA_WITH_SYNCHRONIZED_QUALIFIER,TRANSPORT_RESET_MAILBOX,PASS,Group 8 preserved PASS; retained 2.500 ns settling bound and transport request/ack barrier,EXACT_PRIOR_ROW
CDC-15,Warning,userclk1->nvp_vclk1,Max Delay Datapath Only,G2B_ONECH_C2H/transport_hard_hold_axi_reg/C,G2B_ONECH_C2H/records_committed_source_reg[20]/R,STABLE_DATA_WITH_SYNCHRONIZED_QUALIFIER,TRANSPORT_RESET_MAILBOX,PASS,Group 8 preserved PASS; retained 2.500 ns settling bound and transport request/ack barrier,EXACT_PRIOR_ROW
CDC-15,Warning,userclk1->nvp_vclk1,Max Delay Datapath Only,G2B_ONECH_C2H/transport_hard_hold_axi_reg/C,G2B_ONECH_C2H/records_committed_source_reg[21]/R,STABLE_DATA_WITH_SYNCHRONIZED_QUALIFIER,TRANSPORT_RESET_MAILBOX,PASS,Group 8 preserved PASS; retained 2.500 ns settling bound and transport request/ack barrier,EXACT_PRIOR_ROW
CDC-15,Warning,userclk1->nvp_vclk1,Max Delay Datapath Only,G2B_ONECH_C2H/transport_hard_hold_axi_reg/C,G2B_ONECH_C2H/records_committed_source_reg[22]/R,STABLE_DATA_WITH_SYNCHRONIZED_QUALIFIER,TRANSPORT_RESET_MAILBOX,PASS,Group 8 preserved PASS; retained 2.500 ns settling bound and transport request/ack barrier,EXACT_PRIOR_ROW
CDC-15,Warning,userclk1->nvp_vclk1,Max Delay Datapath Only,G2B_ONECH_C2H/transport_hard_hold_axi_reg/C,G2B_ONECH_C2H/records_committed_source_reg[23]/R,STABLE_DATA_WITH_SYNCHRONIZED_QUALIFIER,TRANSPORT_RESET_MAILBOX,PASS,Group 8 preserved PASS; retained 2.500 ns settling bound and transport request/ack barrier,EXACT_PRIOR_ROW
CDC-15,Warning,userclk1->nvp_vclk1,Max Delay Datapath Only,G2B_ONECH_C2H/transport_hard_hold_axi_reg/C,G2B_ONECH_C2H/records_committed_source_reg[24]/R,STABLE_DATA_WITH_SYNCHRONIZED_QUALIFIER,TRANSPORT_RESET_MAILBOX,PASS,Group 8 preserved PASS; retained 2.500 ns settling bound and transport request/ack barrier,EXACT_PRIOR_ROW
CDC-15,Warning,userclk1->nvp_vclk1,Max Delay Datapath Only,G2B_ONECH_C2H/transport_hard_hold_axi_reg/C,G2B_ONECH_C2H/records_committed_source_reg[25]/R,STABLE_DATA_WITH_SYNCHRONIZED_QUALIFIER,TRANSPORT_RESET_MAILBOX,PASS,Group 8 preserved PASS; retained 2.500 ns settling bound and transport request/ack barrier,EXACT_PRIOR_ROW
CDC-15,Warning,userclk1->nvp_vclk1,Max Delay Datapath Only,G2B_ONECH_C2H/transport_hard_hold_axi_reg/C,G2B_ONECH_C2H/records_committed_source_reg[26]/R,STABLE_DATA_WITH_SYNCHRONIZED_QUALIFIER,TRANSPORT_RESET_MAILBOX,PASS,Group 8 preserved PASS; retained 2.500 ns settling bound and transport request/ack barrier,EXACT_PRIOR_ROW
CDC-15,Warning,userclk1->nvp_vclk1,Max Delay Datapath Only,G2B_ONECH_C2H/transport_hard_hold_axi_reg/C,G2B_ONECH_C2H/records_committed_source_reg[27]/R,STABLE_DATA_WITH_SYNCHRONIZED_QUALIFIER,TRANSPORT_RESET_MAILBOX,PASS,Group 8 preserved PASS; retained 2.500 ns settling bound and transport request/ack barrier,EXACT_PRIOR_ROW
CDC-15,Warning,userclk1->nvp_vclk1,Max Delay Datapath Only,G2B_ONECH_C2H/transport_hard_hold_axi_reg/C,G2B_ONECH_C2H/records_committed_source_reg[28]/R,STABLE_DATA_WITH_SYNCHRONIZED_QUALIFIER,TRANSPORT_RESET_MAILBOX,PASS,Group 8 preserved PASS; retained 2.500 ns settling bound and transport request/ack barrier,EXACT_PRIOR_ROW
CDC-15,Warning,userclk1->nvp_vclk1,Max Delay Datapath Only,G2B_ONECH_C2H/transport_hard_hold_axi_reg/C,G2B_ONECH_C2H/records_committed_source_reg[29]/R,STABLE_DATA_WITH_SYNCHRONIZED_QUALIFIER,TRANSPORT_RESET_MAILBOX,PASS,Group 8 preserved PASS; retained 2.500 ns settling bound and transport request/ack barrier,EXACT_PRIOR_ROW
CDC-15,Warning,userclk1->nvp_vclk1,Max Delay Datapath Only,G2B_ONECH_C2H/transport_hard_hold_axi_reg/C,G2B_ONECH_C2H/records_committed_source_reg[30]/R,STABLE_DATA_WITH_SYNCHRONIZED_QUALIFIER,TRANSPORT_RESET_MAILBOX,PASS,Group 8 preserved PASS; retained 2.500 ns settling bound and transport request/ack barrier,EXACT_PRIOR_ROW
CDC-15,Warning,userclk1->nvp_vclk1,Max Delay Datapath Only,G2B_ONECH_C2H/transport_hard_hold_axi_reg/C,G2B_ONECH_C2H/records_committed_source_reg[31]/R,STABLE_DATA_WITH_SYNCHRONIZED_QUALIFIER,TRANSPORT_RESET_MAILBOX,PASS,Group 8 preserved PASS; retained 2.500 ns settling bound and transport request/ack barrier,EXACT_PRIOR_ROW
CDC-15,Warning,userclk1->nvp_vclk1,Max Delay Datapath Only,G2B_ONECH_C2H/transport_hard_hold_axi_reg/C,G2B_ONECH_C2H/records_dropped_source_reg[0]/R,STABLE_DATA_WITH_SYNCHRONIZED_QUALIFIER,TRANSPORT_RESET_MAILBOX,PASS,Group 8 preserved PASS; retained 2.500 ns settling bound and transport request/ack barrier,EXACT_PRIOR_ROW
CDC-15,Warning,userclk1->nvp_vclk1,Max Delay Datapath Only,G2B_ONECH_C2H/transport_hard_hold_axi_reg/C,G2B_ONECH_C2H/records_dropped_source_reg[1]/R,STABLE_DATA_WITH_SYNCHRONIZED_QUALIFIER,TRANSPORT_RESET_MAILBOX,PASS,Group 8 preserved PASS; retained 2.500 ns settling bound and transport request/ack barrier,EXACT_PRIOR_ROW
CDC-15,Warning,userclk1->nvp_vclk1,Max Delay Datapath Only,G2B_ONECH_C2H/transport_hard_hold_axi_reg/C,G2B_ONECH_C2H/records_dropped_source_reg[2]/R,STABLE_DATA_WITH_SYNCHRONIZED_QUALIFIER,TRANSPORT_RESET_MAILBOX,PASS,Group 8 preserved PASS; retained 2.500 ns settling bound and transport request/ack barrier,EXACT_PRIOR_ROW
CDC-15,Warning,userclk1->nvp_vclk1,Max Delay Datapath Only,G2B_ONECH_C2H/transport_hard_hold_axi_reg/C,G2B_ONECH_C2H/records_dropped_source_reg[3]/R,STABLE_DATA_WITH_SYNCHRONIZED_QUALIFIER,TRANSPORT_RESET_MAILBOX,PASS,Group 8 preserved PASS; retained 2.500 ns settling bound and transport request/ack barrier,EXACT_PRIOR_ROW
CDC-15,Warning,userclk1->nvp_vclk1,Max Delay Datapath Only,G2B_ONECH_C2H/transport_hard_hold_axi_reg/C,G2B_ONECH_C2H/records_dropped_source_reg[4]/R,STABLE_DATA_WITH_SYNCHRONIZED_QUALIFIER,TRANSPORT_RESET_MAILBOX,PASS,Group 8 preserved PASS; retained 2.500 ns settling bound and transport request/ack barrier,EXACT_PRIOR_ROW
CDC-15,Warning,userclk1->nvp_vclk1,Max Delay Datapath Only,G2B_ONECH_C2H/transport_hard_hold_axi_reg/C,G2B_ONECH_C2H/records_dropped_source_reg[5]/R,STABLE_DATA_WITH_SYNCHRONIZED_QUALIFIER,TRANSPORT_RESET_MAILBOX,PASS,Group 8 preserved PASS; retained 2.500 ns settling bound and transport request/ack barrier,EXACT_PRIOR_ROW
CDC-15,Warning,userclk1->nvp_vclk1,Max Delay Datapath Only,G2B_ONECH_C2H/transport_hard_hold_axi_reg/C,G2B_ONECH_C2H/records_dropped_source_reg[6]/R,STABLE_DATA_WITH_SYNCHRONIZED_QUALIFIER,TRANSPORT_RESET_MAILBOX,PASS,Group 8 preserved PASS; retained 2.500 ns settling bound and transport request/ack barrier,EXACT_PRIOR_ROW
CDC-15,Warning,userclk1->nvp_vclk1,Max Delay Datapath Only,G2B_ONECH_C2H/transport_hard_hold_axi_reg/C,G2B_ONECH_C2H/records_dropped_source_reg[7]/R,STABLE_DATA_WITH_SYNCHRONIZED_QUALIFIER,TRANSPORT_RESET_MAILBOX,PASS,Group 8 preserved PASS; retained 2.500 ns settling bound and transport request/ack barrier,EXACT_PRIOR_ROW
CDC-15,Warning,userclk1->nvp_vclk1,Max Delay Datapath Only,G2B_ONECH_C2H/transport_hard_hold_axi_reg/C,G2B_ONECH_C2H/records_dropped_source_reg[8]/R,STABLE_DATA_WITH_SYNCHRONIZED_QUALIFIER,TRANSPORT_RESET_MAILBOX,PASS,Group 8 preserved PASS; retained 2.500 ns settling bound and transport request/ack barrier,EXACT_PRIOR_ROW
CDC-15,Warning,userclk1->nvp_vclk1,Max Delay Datapath Only,G2B_ONECH_C2H/transport_hard_hold_axi_reg/C,G2B_ONECH_C2H/records_dropped_source_reg[9]/R,STABLE_DATA_WITH_SYNCHRONIZED_QUALIFIER,TRANSPORT_RESET_MAILBOX,PASS,Group 8 preserved PASS; retained 2.500 ns settling bound and transport request/ack barrier,EXACT_PRIOR_ROW
CDC-15,Warning,userclk1->nvp_vclk1,Max Delay Datapath Only,G2B_ONECH_C2H/transport_hard_hold_axi_reg/C,G2B_ONECH_C2H/records_dropped_source_reg[10]/R,STABLE_DATA_WITH_SYNCHRONIZED_QUALIFIER,TRANSPORT_RESET_MAILBOX,PASS,Group 8 preserved PASS; retained 2.500 ns settling bound and transport request/ack barrier,EXACT_PRIOR_ROW
CDC-15,Warning,userclk1->nvp_vclk1,Max Delay Datapath Only,G2B_ONECH_C2H/transport_hard_hold_axi_reg/C,G2B_ONECH_C2H/records_dropped_source_reg[11]/R,STABLE_DATA_WITH_SYNCHRONIZED_QUALIFIER,TRANSPORT_RESET_MAILBOX,PASS,Group 8 preserved PASS; retained 2.500 ns settling bound and transport request/ack barrier,EXACT_PRIOR_ROW
CDC-15,Warning,userclk1->nvp_vclk1,Max Delay Datapath Only,G2B_ONECH_C2H/transport_hard_hold_axi_reg/C,G2B_ONECH_C2H/records_dropped_source_reg[12]/R,STABLE_DATA_WITH_SYNCHRONIZED_QUALIFIER,TRANSPORT_RESET_MAILBOX,PASS,Group 8 preserved PASS; retained 2.500 ns settling bound and transport request/ack barrier,EXACT_PRIOR_ROW
CDC-15,Warning,userclk1->nvp_vclk1,Max Delay Datapath Only,G2B_ONECH_C2H/transport_hard_hold_axi_reg/C,G2B_ONECH_C2H/records_dropped_source_reg[13]/R,STABLE_DATA_WITH_SYNCHRONIZED_QUALIFIER,TRANSPORT_RESET_MAILBOX,PASS,Group 8 preserved PASS; retained 2.500 ns settling bound and transport request/ack barrier,EXACT_PRIOR_ROW
CDC-15,Warning,userclk1->nvp_vclk1,Max Delay Datapath Only,G2B_ONECH_C2H/transport_hard_hold_axi_reg/C,G2B_ONECH_C2H/records_dropped_source_reg[14]/R,STABLE_DATA_WITH_SYNCHRONIZED_QUALIFIER,TRANSPORT_RESET_MAILBOX,PASS,Group 8 preserved PASS; retained 2.500 ns settling bound and transport request/ack barrier,EXACT_PRIOR_ROW
CDC-15,Warning,userclk1->nvp_vclk1,Max Delay Datapath Only,G2B_ONECH_C2H/transport_hard_hold_axi_reg/C,G2B_ONECH_C2H/records_dropped_source_reg[15]/R,STABLE_DATA_WITH_SYNCHRONIZED_QUALIFIER,TRANSPORT_RESET_MAILBOX,PASS,Group 8 preserved PASS; retained 2.500 ns settling bound and transport request/ack barrier,EXACT_PRIOR_ROW
CDC-15,Warning,userclk1->nvp_vclk1,Max Delay Datapath Only,G2B_ONECH_C2H/transport_hard_hold_axi_reg/C,G2B_ONECH_C2H/records_dropped_source_reg[16]/R,STABLE_DATA_WITH_SYNCHRONIZED_QUALIFIER,TRANSPORT_RESET_MAILBOX,PASS,Group 8 preserved PASS; retained 2.500 ns settling bound and transport request/ack barrier,EXACT_PRIOR_ROW
CDC-15,Warning,userclk1->nvp_vclk1,Max Delay Datapath Only,G2B_ONECH_C2H/transport_hard_hold_axi_reg/C,G2B_ONECH_C2H/records_dropped_source_reg[17]/R,STABLE_DATA_WITH_SYNCHRONIZED_QUALIFIER,TRANSPORT_RESET_MAILBOX,PASS,Group 8 preserved PASS; retained 2.500 ns settling bound and transport request/ack barrier,EXACT_PRIOR_ROW
CDC-15,Warning,userclk1->nvp_vclk1,Max Delay Datapath Only,G2B_ONECH_C2H/transport_hard_hold_axi_reg/C,G2B_ONECH_C2H/records_dropped_source_reg[18]/R,STABLE_DATA_WITH_SYNCHRONIZED_QUALIFIER,TRANSPORT_RESET_MAILBOX,PASS,Group 8 preserved PASS; retained 2.500 ns settling bound and transport request/ack barrier,EXACT_PRIOR_ROW
CDC-15,Warning,userclk1->nvp_vclk1,Max Delay Datapath Only,G2B_ONECH_C2H/transport_hard_hold_axi_reg/C,G2B_ONECH_C2H/records_dropped_source_reg[19]/R,STABLE_DATA_WITH_SYNCHRONIZED_QUALIFIER,TRANSPORT_RESET_MAILBOX,PASS,Group 8 preserved PASS; retained 2.500 ns settling bound and transport request/ack barrier,EXACT_PRIOR_ROW
CDC-15,Warning,userclk1->nvp_vclk1,Max Delay Datapath Only,G2B_ONECH_C2H/transport_hard_hold_axi_reg/C,G2B_ONECH_C2H/records_dropped_source_reg[20]/R,STABLE_DATA_WITH_SYNCHRONIZED_QUALIFIER,TRANSPORT_RESET_MAILBOX,PASS,Group 8 preserved PASS; retained 2.500 ns settling bound and transport request/ack barrier,EXACT_PRIOR_ROW
CDC-15,Warning,userclk1->nvp_vclk1,Max Delay Datapath Only,G2B_ONECH_C2H/transport_hard_hold_axi_reg/C,G2B_ONECH_C2H/records_dropped_source_reg[21]/R,STABLE_DATA_WITH_SYNCHRONIZED_QUALIFIER,TRANSPORT_RESET_MAILBOX,PASS,Group 8 preserved PASS; retained 2.500 ns settling bound and transport request/ack barrier,EXACT_PRIOR_ROW
CDC-15,Warning,userclk1->nvp_vclk1,Max Delay Datapath Only,G2B_ONECH_C2H/transport_hard_hold_axi_reg/C,G2B_ONECH_C2H/records_dropped_source_reg[22]/R,STABLE_DATA_WITH_SYNCHRONIZED_QUALIFIER,TRANSPORT_RESET_MAILBOX,PASS,Group 8 preserved PASS; retained 2.500 ns settling bound and transport request/ack barrier,EXACT_PRIOR_ROW
CDC-15,Warning,userclk1->nvp_vclk1,Max Delay Datapath Only,G2B_ONECH_C2H/transport_hard_hold_axi_reg/C,G2B_ONECH_C2H/records_dropped_source_reg[23]/R,STABLE_DATA_WITH_SYNCHRONIZED_QUALIFIER,TRANSPORT_RESET_MAILBOX,PASS,Group 8 preserved PASS; retained 2.500 ns settling bound and transport request/ack barrier,EXACT_PRIOR_ROW
CDC-15,Warning,userclk1->nvp_vclk1,Max Delay Datapath Only,G2B_ONECH_C2H/transport_hard_hold_axi_reg/C,G2B_ONECH_C2H/records_dropped_source_reg[24]/R,STABLE_DATA_WITH_SYNCHRONIZED_QUALIFIER,TRANSPORT_RESET_MAILBOX,PASS,Group 8 preserved PASS; retained 2.500 ns settling bound and transport request/ack barrier,EXACT_PRIOR_ROW
CDC-15,Warning,userclk1->nvp_vclk1,Max Delay Datapath Only,G2B_ONECH_C2H/transport_hard_hold_axi_reg/C,G2B_ONECH_C2H/records_dropped_source_reg[25]/R,STABLE_DATA_WITH_SYNCHRONIZED_QUALIFIER,TRANSPORT_RESET_MAILBOX,PASS,Group 8 preserved PASS; retained 2.500 ns settling bound and transport request/ack barrier,EXACT_PRIOR_ROW
CDC-15,Warning,userclk1->nvp_vclk1,Max Delay Datapath Only,G2B_ONECH_C2H/transport_hard_hold_axi_reg/C,G2B_ONECH_C2H/records_dropped_source_reg[26]/R,STABLE_DATA_WITH_SYNCHRONIZED_QUALIFIER,TRANSPORT_RESET_MAILBOX,PASS,Group 8 preserved PASS; retained 2.500 ns settling bound and transport request/ack barrier,EXACT_PRIOR_ROW
CDC-15,Warning,userclk1->nvp_vclk1,Max Delay Datapath Only,G2B_ONECH_C2H/transport_hard_hold_axi_reg/C,G2B_ONECH_C2H/records_dropped_source_reg[27]/R,STABLE_DATA_WITH_SYNCHRONIZED_QUALIFIER,TRANSPORT_RESET_MAILBOX,PASS,Group 8 preserved PASS; retained 2.500 ns settling bound and transport request/ack barrier,EXACT_PRIOR_ROW
CDC-15,Warning,userclk1->nvp_vclk1,Max Delay Datapath Only,G2B_ONECH_C2H/transport_hard_hold_axi_reg/C,G2B_ONECH_C2H/records_dropped_source_reg[28]/R,STABLE_DATA_WITH_SYNCHRONIZED_QUALIFIER,TRANSPORT_RESET_MAILBOX,PASS,Group 8 preserved PASS; retained 2.500 ns settling bound and transport request/ack barrier,EXACT_PRIOR_ROW
CDC-15,Warning,userclk1->nvp_vclk1,Max Delay Datapath Only,G2B_ONECH_C2H/transport_hard_hold_axi_reg/C,G2B_ONECH_C2H/records_dropped_source_reg[29]/R,STABLE_DATA_WITH_SYNCHRONIZED_QUALIFIER,TRANSPORT_RESET_MAILBOX,PASS,Group 8 preserved PASS; retained 2.500 ns settling bound and transport request/ack barrier,EXACT_PRIOR_ROW
CDC-15,Warning,userclk1->nvp_vclk1,Max Delay Datapath Only,G2B_ONECH_C2H/transport_hard_hold_axi_reg/C,G2B_ONECH_C2H/records_dropped_source_reg[30]/R,STABLE_DATA_WITH_SYNCHRONIZED_QUALIFIER,TRANSPORT_RESET_MAILBOX,PASS,Group 8 preserved PASS; retained 2.500 ns settling bound and transport request/ack barrier,EXACT_PRIOR_ROW
CDC-15,Warning,userclk1->nvp_vclk1,Max Delay Datapath Only,G2B_ONECH_C2H/transport_hard_hold_axi_reg/C,G2B_ONECH_C2H/records_dropped_source_reg[31]/R,STABLE_DATA_WITH_SYNCHRONIZED_QUALIFIER,TRANSPORT_RESET_MAILBOX,PASS,Group 8 preserved PASS; retained 2.500 ns settling bound and transport request/ack barrier,EXACT_PRIOR_ROW
CDC-1,Critical,userclk1->nvp_vclk1,Max Delay Datapath Only,G2B_ONECH_C2H/transport_own_phase_hold_axi_reg/C,G2B_ONECH_C2H/release_seen_source_reg[0]/D,STABLE_DATA_WITH_SYNCHRONIZED_QUALIFIER,TRANSPORT_RESET_MAILBOX,PASS,Group 8 preserved PASS; retained 2.500 ns settling bound and transport request/ack barrier,EXACT_PRIOR_ROW
CDC-1,Critical,userclk1->nvp_vclk1,Max Delay Datapath Only,G2B_ONECH_C2H/transport_own_phase_hold_axi_reg/C,G2B_ONECH_C2H/release_seen_source_reg[1]/D,STABLE_DATA_WITH_SYNCHRONIZED_QUALIFIER,TRANSPORT_RESET_MAILBOX,PASS,Group 8 preserved PASS; retained 2.500 ns settling bound and transport request/ack barrier,EXACT_PRIOR_ROW
CDC-1,Critical,userclk1->nvp_vclk1,Max Delay Datapath Only,G2B_ONECH_C2H/transport_own_phase_hold_axi_reg/C,G2B_ONECH_C2H/release_seen_source_reg[2]/D,STABLE_DATA_WITH_SYNCHRONIZED_QUALIFIER,TRANSPORT_RESET_MAILBOX,PASS,Group 8 preserved PASS; retained 2.500 ns settling bound and transport request/ack barrier,EXACT_PRIOR_ROW
CDC-1,Critical,userclk1->nvp_vclk1,Max Delay Datapath Only,G2B_ONECH_C2H/transport_own_phase_hold_axi_reg/C,G2B_ONECH_C2H/release_seen_source_reg[3]/D,STABLE_DATA_WITH_SYNCHRONIZED_QUALIFIER,TRANSPORT_RESET_MAILBOX,PASS,Group 8 preserved PASS; retained 2.500 ns settling bound and transport request/ack barrier,EXACT_PRIOR_ROW
CDC-6,Warning,userclk1->nvp_vclk1,False Path,G2B_ONECH_C2H/release_toggle_axi_reg[3:0]/C,G2B_ONECH_C2H/release_sync1_source_reg[3:0]/D,TOGGLE_HANDSHAKE,MULTIBIT_CDC,PASS,Unchanged exact CDC-6 row; independent per-slot toggle bits are synchronized independently and consumed by per-slot state,EXACT_PRIOR_ROW
CDC-15,Warning,userclk1->nvp_vclk1,Max Delay Datapath Only,G2B_ONECH_C2H/release_generation_axi_reg[2][15]/C,G2B_ONECH_C2H/reset_abandoned_hold_source_reg[0]/D,STABLE_DATA_WITH_SYNCHRONIZED_QUALIFIER,RELEASE_SLOT,PASS,Groups 14–17 56-cell slot payload sets and three semantic families; exact routed PASS; META-6/META-7R structural invariant authority,REVIEWED_REPRESENTATIVE_CHANGE
CDC-15,Warning,userclk1->nvp_vclk1,Max Delay Datapath Only,G2B_ONECH_C2H/release_generation_axi_reg[2][15]/C,G2B_ONECH_C2H/reset_abandoned_hold_source_reg[1]/D,STABLE_DATA_WITH_SYNCHRONIZED_QUALIFIER,RELEASE_SLOT,PASS,Groups 14–17 56-cell slot payload sets and three semantic families; exact routed PASS; META-6/META-7R structural invariant authority,REVIEWED_REPRESENTATIVE_CHANGE
CDC-15,Warning,userclk1->nvp_vclk1,Max Delay Datapath Only,G2B_ONECH_C2H/release_generation_axi_reg[2][15]/C,G2B_ONECH_C2H/reset_abandoned_hold_source_reg[2]/D,STABLE_DATA_WITH_SYNCHRONIZED_QUALIFIER,RELEASE_SLOT,PASS,Groups 14–17 56-cell slot payload sets and three semantic families; exact routed PASS; META-6/META-7R structural invariant authority,REVIEWED_REPRESENTATIVE_CHANGE
CDC-15,Warning,userclk1->nvp_vclk1,Max Delay Datapath Only,G2B_ONECH_C2H/transport_epoch_hold_axi_reg[0]/C,G2B_ONECH_C2H/reset_epoch_source_reg[0]/D,STABLE_DATA_WITH_SYNCHRONIZED_QUALIFIER,TRANSPORT_RESET_MAILBOX,PASS,Group 8 preserved PASS; retained 2.500 ns settling bound and transport request/ack barrier,EXACT_PRIOR_ROW
CDC-15,Warning,userclk1->nvp_vclk1,Max Delay Datapath Only,G2B_ONECH_C2H/transport_epoch_hold_axi_reg[1]/C,G2B_ONECH_C2H/reset_epoch_source_reg[1]/D,STABLE_DATA_WITH_SYNCHRONIZED_QUALIFIER,TRANSPORT_RESET_MAILBOX,PASS,Group 8 preserved PASS; retained 2.500 ns settling bound and transport request/ack barrier,EXACT_PRIOR_ROW
CDC-15,Warning,userclk1->nvp_vclk1,Max Delay Datapath Only,G2B_ONECH_C2H/transport_epoch_hold_axi_reg[2]/C,G2B_ONECH_C2H/reset_epoch_source_reg[2]/D,STABLE_DATA_WITH_SYNCHRONIZED_QUALIFIER,TRANSPORT_RESET_MAILBOX,PASS,Group 8 preserved PASS; retained 2.500 ns settling bound and transport request/ack barrier,EXACT_PRIOR_ROW
CDC-15,Warning,userclk1->nvp_vclk1,Max Delay Datapath Only,G2B_ONECH_C2H/transport_epoch_hold_axi_reg[3]/C,G2B_ONECH_C2H/reset_epoch_source_reg[3]/D,STABLE_DATA_WITH_SYNCHRONIZED_QUALIFIER,TRANSPORT_RESET_MAILBOX,PASS,Group 8 preserved PASS; retained 2.500 ns settling bound and transport request/ack barrier,EXACT_PRIOR_ROW
CDC-15,Warning,userclk1->nvp_vclk1,Max Delay Datapath Only,G2B_ONECH_C2H/transport_epoch_hold_axi_reg[4]/C,G2B_ONECH_C2H/reset_epoch_source_reg[4]/D,STABLE_DATA_WITH_SYNCHRONIZED_QUALIFIER,TRANSPORT_RESET_MAILBOX,PASS,Group 8 preserved PASS; retained 2.500 ns settling bound and transport request/ack barrier,EXACT_PRIOR_ROW
CDC-15,Warning,userclk1->nvp_vclk1,Max Delay Datapath Only,G2B_ONECH_C2H/transport_epoch_hold_axi_reg[5]/C,G2B_ONECH_C2H/reset_epoch_source_reg[5]/D,STABLE_DATA_WITH_SYNCHRONIZED_QUALIFIER,TRANSPORT_RESET_MAILBOX,PASS,Group 8 preserved PASS; retained 2.500 ns settling bound and transport request/ack barrier,EXACT_PRIOR_ROW
CDC-15,Warning,userclk1->nvp_vclk1,Max Delay Datapath Only,G2B_ONECH_C2H/transport_epoch_hold_axi_reg[6]/C,G2B_ONECH_C2H/reset_epoch_source_reg[6]/D,STABLE_DATA_WITH_SYNCHRONIZED_QUALIFIER,TRANSPORT_RESET_MAILBOX,PASS,Group 8 preserved PASS; retained 2.500 ns settling bound and transport request/ack barrier,EXACT_PRIOR_ROW
CDC-15,Warning,userclk1->nvp_vclk1,Max Delay Datapath Only,G2B_ONECH_C2H/transport_epoch_hold_axi_reg[7]/C,G2B_ONECH_C2H/reset_epoch_source_reg[7]/D,STABLE_DATA_WITH_SYNCHRONIZED_QUALIFIER,TRANSPORT_RESET_MAILBOX,PASS,Group 8 preserved PASS; retained 2.500 ns settling bound and transport request/ack barrier,EXACT_PRIOR_ROW
CDC-15,Warning,userclk1->nvp_vclk1,Max Delay Datapath Only,G2B_ONECH_C2H/transport_epoch_hold_axi_reg[8]/C,G2B_ONECH_C2H/reset_epoch_source_reg[8]/D,STABLE_DATA_WITH_SYNCHRONIZED_QUALIFIER,TRANSPORT_RESET_MAILBOX,PASS,Group 8 preserved PASS; retained 2.500 ns settling bound and transport request/ack barrier,EXACT_PRIOR_ROW
CDC-15,Warning,userclk1->nvp_vclk1,Max Delay Datapath Only,G2B_ONECH_C2H/transport_epoch_hold_axi_reg[9]/C,G2B_ONECH_C2H/reset_epoch_source_reg[9]/D,STABLE_DATA_WITH_SYNCHRONIZED_QUALIFIER,TRANSPORT_RESET_MAILBOX,PASS,Group 8 preserved PASS; retained 2.500 ns settling bound and transport request/ack barrier,EXACT_PRIOR_ROW
CDC-15,Warning,userclk1->nvp_vclk1,Max Delay Datapath Only,G2B_ONECH_C2H/transport_epoch_hold_axi_reg[10]/C,G2B_ONECH_C2H/reset_epoch_source_reg[10]/D,STABLE_DATA_WITH_SYNCHRONIZED_QUALIFIER,TRANSPORT_RESET_MAILBOX,PASS,Group 8 preserved PASS; retained 2.500 ns settling bound and transport request/ack barrier,EXACT_PRIOR_ROW
CDC-15,Warning,userclk1->nvp_vclk1,Max Delay Datapath Only,G2B_ONECH_C2H/transport_epoch_hold_axi_reg[11]/C,G2B_ONECH_C2H/reset_epoch_source_reg[11]/D,STABLE_DATA_WITH_SYNCHRONIZED_QUALIFIER,TRANSPORT_RESET_MAILBOX,PASS,Group 8 preserved PASS; retained 2.500 ns settling bound and transport request/ack barrier,EXACT_PRIOR_ROW
CDC-15,Warning,userclk1->nvp_vclk1,Max Delay Datapath Only,G2B_ONECH_C2H/transport_epoch_hold_axi_reg[12]/C,G2B_ONECH_C2H/reset_epoch_source_reg[12]/D,STABLE_DATA_WITH_SYNCHRONIZED_QUALIFIER,TRANSPORT_RESET_MAILBOX,PASS,Group 8 preserved PASS; retained 2.500 ns settling bound and transport request/ack barrier,EXACT_PRIOR_ROW
CDC-15,Warning,userclk1->nvp_vclk1,Max Delay Datapath Only,G2B_ONECH_C2H/transport_epoch_hold_axi_reg[13]/C,G2B_ONECH_C2H/reset_epoch_source_reg[13]/D,STABLE_DATA_WITH_SYNCHRONIZED_QUALIFIER,TRANSPORT_RESET_MAILBOX,PASS,Group 8 preserved PASS; retained 2.500 ns settling bound and transport request/ack barrier,EXACT_PRIOR_ROW
CDC-15,Warning,userclk1->nvp_vclk1,Max Delay Datapath Only,G2B_ONECH_C2H/transport_epoch_hold_axi_reg[14]/C,G2B_ONECH_C2H/reset_epoch_source_reg[14]/D,STABLE_DATA_WITH_SYNCHRONIZED_QUALIFIER,TRANSPORT_RESET_MAILBOX,PASS,Group 8 preserved PASS; retained 2.500 ns settling bound and transport request/ack barrier,EXACT_PRIOR_ROW
CDC-15,Warning,userclk1->nvp_vclk1,Max Delay Datapath Only,G2B_ONECH_C2H/transport_epoch_hold_axi_reg[15]/C,G2B_ONECH_C2H/reset_epoch_source_reg[15]/D,STABLE_DATA_WITH_SYNCHRONIZED_QUALIFIER,TRANSPORT_RESET_MAILBOX,PASS,Group 8 preserved PASS; retained 2.500 ns settling bound and transport request/ack barrier,EXACT_PRIOR_ROW
CDC-15,Warning,userclk1->nvp_vclk1,Max Delay Datapath Only,G2B_ONECH_C2H/transport_epoch_hold_axi_reg[16]/C,G2B_ONECH_C2H/reset_epoch_source_reg[16]/D,STABLE_DATA_WITH_SYNCHRONIZED_QUALIFIER,TRANSPORT_RESET_MAILBOX,PASS,Group 8 preserved PASS; retained 2.500 ns settling bound and transport request/ack barrier,EXACT_PRIOR_ROW
CDC-15,Warning,userclk1->nvp_vclk1,Max Delay Datapath Only,G2B_ONECH_C2H/transport_epoch_hold_axi_reg[17]/C,G2B_ONECH_C2H/reset_epoch_source_reg[17]/D,STABLE_DATA_WITH_SYNCHRONIZED_QUALIFIER,TRANSPORT_RESET_MAILBOX,PASS,Group 8 preserved PASS; retained 2.500 ns settling bound and transport request/ack barrier,EXACT_PRIOR_ROW
CDC-15,Warning,userclk1->nvp_vclk1,Max Delay Datapath Only,G2B_ONECH_C2H/transport_epoch_hold_axi_reg[18]/C,G2B_ONECH_C2H/reset_epoch_source_reg[18]/D,STABLE_DATA_WITH_SYNCHRONIZED_QUALIFIER,TRANSPORT_RESET_MAILBOX,PASS,Group 8 preserved PASS; retained 2.500 ns settling bound and transport request/ack barrier,EXACT_PRIOR_ROW
CDC-15,Warning,userclk1->nvp_vclk1,Max Delay Datapath Only,G2B_ONECH_C2H/transport_epoch_hold_axi_reg[19]/C,G2B_ONECH_C2H/reset_epoch_source_reg[19]/D,STABLE_DATA_WITH_SYNCHRONIZED_QUALIFIER,TRANSPORT_RESET_MAILBOX,PASS,Group 8 preserved PASS; retained 2.500 ns settling bound and transport request/ack barrier,EXACT_PRIOR_ROW
CDC-15,Warning,userclk1->nvp_vclk1,Max Delay Datapath Only,G2B_ONECH_C2H/transport_epoch_hold_axi_reg[20]/C,G2B_ONECH_C2H/reset_epoch_source_reg[20]/D,STABLE_DATA_WITH_SYNCHRONIZED_QUALIFIER,TRANSPORT_RESET_MAILBOX,PASS,Group 8 preserved PASS; retained 2.500 ns settling bound and transport request/ack barrier,EXACT_PRIOR_ROW
CDC-15,Warning,userclk1->nvp_vclk1,Max Delay Datapath Only,G2B_ONECH_C2H/transport_epoch_hold_axi_reg[21]/C,G2B_ONECH_C2H/reset_epoch_source_reg[21]/D,STABLE_DATA_WITH_SYNCHRONIZED_QUALIFIER,TRANSPORT_RESET_MAILBOX,PASS,Group 8 preserved PASS; retained 2.500 ns settling bound and transport request/ack barrier,EXACT_PRIOR_ROW
CDC-15,Warning,userclk1->nvp_vclk1,Max Delay Datapath Only,G2B_ONECH_C2H/transport_epoch_hold_axi_reg[22]/C,G2B_ONECH_C2H/reset_epoch_source_reg[22]/D,STABLE_DATA_WITH_SYNCHRONIZED_QUALIFIER,TRANSPORT_RESET_MAILBOX,PASS,Group 8 preserved PASS; retained 2.500 ns settling bound and transport request/ack barrier,EXACT_PRIOR_ROW
CDC-15,Warning,userclk1->nvp_vclk1,Max Delay Datapath Only,G2B_ONECH_C2H/transport_epoch_hold_axi_reg[23]/C,G2B_ONECH_C2H/reset_epoch_source_reg[23]/D,STABLE_DATA_WITH_SYNCHRONIZED_QUALIFIER,TRANSPORT_RESET_MAILBOX,PASS,Group 8 preserved PASS; retained 2.500 ns settling bound and transport request/ack barrier,EXACT_PRIOR_ROW
CDC-15,Warning,userclk1->nvp_vclk1,Max Delay Datapath Only,G2B_ONECH_C2H/transport_epoch_hold_axi_reg[24]/C,G2B_ONECH_C2H/reset_epoch_source_reg[24]/D,STABLE_DATA_WITH_SYNCHRONIZED_QUALIFIER,TRANSPORT_RESET_MAILBOX,PASS,Group 8 preserved PASS; retained 2.500 ns settling bound and transport request/ack barrier,EXACT_PRIOR_ROW
CDC-15,Warning,userclk1->nvp_vclk1,Max Delay Datapath Only,G2B_ONECH_C2H/transport_epoch_hold_axi_reg[25]/C,G2B_ONECH_C2H/reset_epoch_source_reg[25]/D,STABLE_DATA_WITH_SYNCHRONIZED_QUALIFIER,TRANSPORT_RESET_MAILBOX,PASS,Group 8 preserved PASS; retained 2.500 ns settling bound and transport request/ack barrier,EXACT_PRIOR_ROW
CDC-15,Warning,userclk1->nvp_vclk1,Max Delay Datapath Only,G2B_ONECH_C2H/transport_epoch_hold_axi_reg[26]/C,G2B_ONECH_C2H/reset_epoch_source_reg[26]/D,STABLE_DATA_WITH_SYNCHRONIZED_QUALIFIER,TRANSPORT_RESET_MAILBOX,PASS,Group 8 preserved PASS; retained 2.500 ns settling bound and transport request/ack barrier,EXACT_PRIOR_ROW
CDC-15,Warning,userclk1->nvp_vclk1,Max Delay Datapath Only,G2B_ONECH_C2H/transport_epoch_hold_axi_reg[27]/C,G2B_ONECH_C2H/reset_epoch_source_reg[27]/D,STABLE_DATA_WITH_SYNCHRONIZED_QUALIFIER,TRANSPORT_RESET_MAILBOX,PASS,Group 8 preserved PASS; retained 2.500 ns settling bound and transport request/ack barrier,EXACT_PRIOR_ROW
CDC-15,Warning,userclk1->nvp_vclk1,Max Delay Datapath Only,G2B_ONECH_C2H/transport_epoch_hold_axi_reg[28]/C,G2B_ONECH_C2H/reset_epoch_source_reg[28]/D,STABLE_DATA_WITH_SYNCHRONIZED_QUALIFIER,TRANSPORT_RESET_MAILBOX,PASS,Group 8 preserved PASS; retained 2.500 ns settling bound and transport request/ack barrier,EXACT_PRIOR_ROW
CDC-15,Warning,userclk1->nvp_vclk1,Max Delay Datapath Only,G2B_ONECH_C2H/transport_epoch_hold_axi_reg[29]/C,G2B_ONECH_C2H/reset_epoch_source_reg[29]/D,STABLE_DATA_WITH_SYNCHRONIZED_QUALIFIER,TRANSPORT_RESET_MAILBOX,PASS,Group 8 preserved PASS; retained 2.500 ns settling bound and transport request/ack barrier,EXACT_PRIOR_ROW
CDC-15,Warning,userclk1->nvp_vclk1,Max Delay Datapath Only,G2B_ONECH_C2H/transport_epoch_hold_axi_reg[30]/C,G2B_ONECH_C2H/reset_epoch_source_reg[30]/D,STABLE_DATA_WITH_SYNCHRONIZED_QUALIFIER,TRANSPORT_RESET_MAILBOX,PASS,Group 8 preserved PASS; retained 2.500 ns settling bound and transport request/ack barrier,EXACT_PRIOR_ROW
CDC-15,Warning,userclk1->nvp_vclk1,Max Delay Datapath Only,G2B_ONECH_C2H/transport_epoch_hold_axi_reg[31]/C,G2B_ONECH_C2H/reset_epoch_source_reg[31]/D,STABLE_DATA_WITH_SYNCHRONIZED_QUALIFIER,TRANSPORT_RESET_MAILBOX,PASS,Group 8 preserved PASS; retained 2.500 ns settling bound and transport request/ack barrier,EXACT_PRIOR_ROW
CDC-1,Critical,userclk1->nvp_vclk1,Max Delay Datapath Only,G2B_ONECH_C2H/release_generation_axi_reg[0][3]/C,G2B_ONECH_C2H/slot_state_source_reg[0][0]/D,STABLE_DATA_WITH_SYNCHRONIZED_QUALIFIER,RELEASE_SLOT,PASS,Groups 14–17 56-cell slot payload sets and three semantic families; exact routed PASS; META-6/META-7R structural invariant authority,REVIEWED_REPRESENTATIVE_CHANGE
CDC-1,Critical,userclk1->nvp_vclk1,Max Delay Datapath Only,G2B_ONECH_C2H/release_generation_axi_reg[0][3]/C,G2B_ONECH_C2H/slot_state_source_reg[0][1]/D,STABLE_DATA_WITH_SYNCHRONIZED_QUALIFIER,RELEASE_SLOT,PASS,Groups 14–17 56-cell slot payload sets and three semantic families; exact routed PASS; META-6/META-7R structural invariant authority,REVIEWED_REPRESENTATIVE_CHANGE
CDC-1,Critical,userclk1->nvp_vclk1,Max Delay Datapath Only,G2B_ONECH_C2H/release_generation_axi_reg[0][3]/C,G2B_ONECH_C2H/slot_state_source_reg[0][2]/D,STABLE_DATA_WITH_SYNCHRONIZED_QUALIFIER,RELEASE_SLOT,PASS,Groups 14–17 56-cell slot payload sets and three semantic families; exact routed PASS; META-6/META-7R structural invariant authority,REVIEWED_REPRESENTATIVE_CHANGE
CDC-1,Critical,userclk1->nvp_vclk1,Max Delay Datapath Only,G2B_ONECH_C2H/axis_slot_reg[1]/C,G2B_ONECH_C2H/slot_state_source_reg[1][0]/D,STABLE_DATA_WITH_SYNCHRONIZED_QUALIFIER,OWNERSHIP,PASS,Group 9 META-4 per-family settling plus BS3 structural request/ack proof; all slot state destinations retained,REVIEWED_REPRESENTATIVE_CHANGE
CDC-1,Critical,userclk1->nvp_vclk1,Max Delay Datapath Only,G2B_ONECH_C2H/axis_slot_reg[1]/C,G2B_ONECH_C2H/slot_state_source_reg[1][1]/D,STABLE_DATA_WITH_SYNCHRONIZED_QUALIFIER,OWNERSHIP,PASS,Group 9 META-4 per-family settling plus BS3 structural request/ack proof; all slot state destinations retained,REVIEWED_REPRESENTATIVE_CHANGE
CDC-1,Critical,userclk1->nvp_vclk1,Max Delay Datapath Only,G2B_ONECH_C2H/axis_slot_reg[1]/C,G2B_ONECH_C2H/slot_state_source_reg[1][2]/D,STABLE_DATA_WITH_SYNCHRONIZED_QUALIFIER,OWNERSHIP,PASS,Group 9 META-4 per-family settling plus BS3 structural request/ack proof; all slot state destinations retained,REVIEWED_REPRESENTATIVE_CHANGE
CDC-1,Critical,userclk1->nvp_vclk1,Max Delay Datapath Only,G2B_ONECH_C2H/release_epoch_axi_reg[2][15]/C,G2B_ONECH_C2H/slot_state_source_reg[2][0]/D,STABLE_DATA_WITH_SYNCHRONIZED_QUALIFIER,RELEASE_SLOT,PASS,Groups 14–17 56-cell slot payload sets and three semantic families; exact routed PASS; META-6/META-7R structural invariant authority,REVIEWED_REPRESENTATIVE_CHANGE
CDC-1,Critical,userclk1->nvp_vclk1,Max Delay Datapath Only,G2B_ONECH_C2H/release_epoch_axi_reg[2][15]/C,G2B_ONECH_C2H/slot_state_source_reg[2][1]/D,STABLE_DATA_WITH_SYNCHRONIZED_QUALIFIER,RELEASE_SLOT,PASS,Groups 14–17 56-cell slot payload sets and three semantic families; exact routed PASS; META-6/META-7R structural invariant authority,REVIEWED_REPRESENTATIVE_CHANGE
CDC-1,Critical,userclk1->nvp_vclk1,Max Delay Datapath Only,G2B_ONECH_C2H/release_epoch_axi_reg[2][15]/C,G2B_ONECH_C2H/slot_state_source_reg[2][2]/D,STABLE_DATA_WITH_SYNCHRONIZED_QUALIFIER,RELEASE_SLOT,PASS,Groups 14–17 56-cell slot payload sets and three semantic families; exact routed PASS; META-6/META-7R structural invariant authority,REVIEWED_REPRESENTATIVE_CHANGE
CDC-1,Critical,userclk1->nvp_vclk1,Max Delay Datapath Only,G2B_ONECH_C2H/axis_slot_reg[1]/C,G2B_ONECH_C2H/slot_state_source_reg[3][0]/D,STABLE_DATA_WITH_SYNCHRONIZED_QUALIFIER,OWNERSHIP,PASS,Group 9 META-4 per-family settling plus BS3 structural request/ack proof; all slot state destinations retained,REVIEWED_REPRESENTATIVE_CHANGE
CDC-1,Critical,userclk1->nvp_vclk1,Max Delay Datapath Only,G2B_ONECH_C2H/axis_slot_reg[1]/C,G2B_ONECH_C2H/slot_state_source_reg[3][1]/D,STABLE_DATA_WITH_SYNCHRONIZED_QUALIFIER,OWNERSHIP,PASS,Group 9 META-4 per-family settling plus BS3 structural request/ack proof; all slot state destinations retained,REVIEWED_REPRESENTATIVE_CHANGE
CDC-1,Critical,userclk1->nvp_vclk1,Max Delay Datapath Only,G2B_ONECH_C2H/axis_slot_reg[1]/C,G2B_ONECH_C2H/slot_state_source_reg[3][2]/D,STABLE_DATA_WITH_SYNCHRONIZED_QUALIFIER,OWNERSHIP,PASS,Group 9 META-4 per-family settling plus BS3 structural request/ack proof; all slot state destinations retained,REVIEWED_REPRESENTATIVE_CHANGE
CDC-15,Warning,userclk1->nvp_vclk1,Max Delay Datapath Only,G2B_ONECH_C2H/snapshot_epoch_hold_axi_reg[0]/C,G2B_ONECH_C2H/snapshot_epoch_echo_source_reg[0]/D,STABLE_DATA_WITH_SYNCHRONIZED_QUALIFIER,SNAPSHOT_EPOCH,PASS,Group 7 preserved PASS; synchronized snapshot request and coherent echo,EXACT_PRIOR_ROW
CDC-15,Warning,userclk1->nvp_vclk1,Max Delay Datapath Only,G2B_ONECH_C2H/snapshot_epoch_hold_axi_reg[1]/C,G2B_ONECH_C2H/snapshot_epoch_echo_source_reg[1]/D,STABLE_DATA_WITH_SYNCHRONIZED_QUALIFIER,SNAPSHOT_EPOCH,PASS,Group 7 preserved PASS; synchronized snapshot request and coherent echo,EXACT_PRIOR_ROW
CDC-15,Warning,userclk1->nvp_vclk1,Max Delay Datapath Only,G2B_ONECH_C2H/snapshot_epoch_hold_axi_reg[2]/C,G2B_ONECH_C2H/snapshot_epoch_echo_source_reg[2]/D,STABLE_DATA_WITH_SYNCHRONIZED_QUALIFIER,SNAPSHOT_EPOCH,PASS,Group 7 preserved PASS; synchronized snapshot request and coherent echo,EXACT_PRIOR_ROW
CDC-15,Warning,userclk1->nvp_vclk1,Max Delay Datapath Only,G2B_ONECH_C2H/snapshot_epoch_hold_axi_reg[3]/C,G2B_ONECH_C2H/snapshot_epoch_echo_source_reg[3]/D,STABLE_DATA_WITH_SYNCHRONIZED_QUALIFIER,SNAPSHOT_EPOCH,PASS,Group 7 preserved PASS; synchronized snapshot request and coherent echo,EXACT_PRIOR_ROW
CDC-15,Warning,userclk1->nvp_vclk1,Max Delay Datapath Only,G2B_ONECH_C2H/snapshot_epoch_hold_axi_reg[4]/C,G2B_ONECH_C2H/snapshot_epoch_echo_source_reg[4]/D,STABLE_DATA_WITH_SYNCHRONIZED_QUALIFIER,SNAPSHOT_EPOCH,PASS,Group 7 preserved PASS; synchronized snapshot request and coherent echo,EXACT_PRIOR_ROW
CDC-15,Warning,userclk1->nvp_vclk1,Max Delay Datapath Only,G2B_ONECH_C2H/snapshot_epoch_hold_axi_reg[5]/C,G2B_ONECH_C2H/snapshot_epoch_echo_source_reg[5]/D,STABLE_DATA_WITH_SYNCHRONIZED_QUALIFIER,SNAPSHOT_EPOCH,PASS,Group 7 preserved PASS; synchronized snapshot request and coherent echo,EXACT_PRIOR_ROW
CDC-15,Warning,userclk1->nvp_vclk1,Max Delay Datapath Only,G2B_ONECH_C2H/snapshot_epoch_hold_axi_reg[6]/C,G2B_ONECH_C2H/snapshot_epoch_echo_source_reg[6]/D,STABLE_DATA_WITH_SYNCHRONIZED_QUALIFIER,SNAPSHOT_EPOCH,PASS,Group 7 preserved PASS; synchronized snapshot request and coherent echo,EXACT_PRIOR_ROW
CDC-15,Warning,userclk1->nvp_vclk1,Max Delay Datapath Only,G2B_ONECH_C2H/snapshot_epoch_hold_axi_reg[7]/C,G2B_ONECH_C2H/snapshot_epoch_echo_source_reg[7]/D,STABLE_DATA_WITH_SYNCHRONIZED_QUALIFIER,SNAPSHOT_EPOCH,PASS,Group 7 preserved PASS; synchronized snapshot request and coherent echo,EXACT_PRIOR_ROW
CDC-15,Warning,userclk1->nvp_vclk1,Max Delay Datapath Only,G2B_ONECH_C2H/snapshot_epoch_hold_axi_reg[8]/C,G2B_ONECH_C2H/snapshot_epoch_echo_source_reg[8]/D,STABLE_DATA_WITH_SYNCHRONIZED_QUALIFIER,SNAPSHOT_EPOCH,PASS,Group 7 preserved PASS; synchronized snapshot request and coherent echo,EXACT_PRIOR_ROW
CDC-15,Warning,userclk1->nvp_vclk1,Max Delay Datapath Only,G2B_ONECH_C2H/snapshot_epoch_hold_axi_reg[9]/C,G2B_ONECH_C2H/snapshot_epoch_echo_source_reg[9]/D,STABLE_DATA_WITH_SYNCHRONIZED_QUALIFIER,SNAPSHOT_EPOCH,PASS,Group 7 preserved PASS; synchronized snapshot request and coherent echo,EXACT_PRIOR_ROW
CDC-15,Warning,userclk1->nvp_vclk1,Max Delay Datapath Only,G2B_ONECH_C2H/snapshot_epoch_hold_axi_reg[10]/C,G2B_ONECH_C2H/snapshot_epoch_echo_source_reg[10]/D,STABLE_DATA_WITH_SYNCHRONIZED_QUALIFIER,SNAPSHOT_EPOCH,PASS,Group 7 preserved PASS; synchronized snapshot request and coherent echo,EXACT_PRIOR_ROW
CDC-15,Warning,userclk1->nvp_vclk1,Max Delay Datapath Only,G2B_ONECH_C2H/snapshot_epoch_hold_axi_reg[11]/C,G2B_ONECH_C2H/snapshot_epoch_echo_source_reg[11]/D,STABLE_DATA_WITH_SYNCHRONIZED_QUALIFIER,SNAPSHOT_EPOCH,PASS,Group 7 preserved PASS; synchronized snapshot request and coherent echo,EXACT_PRIOR_ROW
CDC-15,Warning,userclk1->nvp_vclk1,Max Delay Datapath Only,G2B_ONECH_C2H/snapshot_epoch_hold_axi_reg[12]/C,G2B_ONECH_C2H/snapshot_epoch_echo_source_reg[12]/D,STABLE_DATA_WITH_SYNCHRONIZED_QUALIFIER,SNAPSHOT_EPOCH,PASS,Group 7 preserved PASS; synchronized snapshot request and coherent echo,EXACT_PRIOR_ROW
CDC-15,Warning,userclk1->nvp_vclk1,Max Delay Datapath Only,G2B_ONECH_C2H/snapshot_epoch_hold_axi_reg[13]/C,G2B_ONECH_C2H/snapshot_epoch_echo_source_reg[13]/D,STABLE_DATA_WITH_SYNCHRONIZED_QUALIFIER,SNAPSHOT_EPOCH,PASS,Group 7 preserved PASS; synchronized snapshot request and coherent echo,EXACT_PRIOR_ROW
CDC-15,Warning,userclk1->nvp_vclk1,Max Delay Datapath Only,G2B_ONECH_C2H/snapshot_epoch_hold_axi_reg[14]/C,G2B_ONECH_C2H/snapshot_epoch_echo_source_reg[14]/D,STABLE_DATA_WITH_SYNCHRONIZED_QUALIFIER,SNAPSHOT_EPOCH,PASS,Group 7 preserved PASS; synchronized snapshot request and coherent echo,EXACT_PRIOR_ROW
CDC-15,Warning,userclk1->nvp_vclk1,Max Delay Datapath Only,G2B_ONECH_C2H/snapshot_epoch_hold_axi_reg[15]/C,G2B_ONECH_C2H/snapshot_epoch_echo_source_reg[15]/D,STABLE_DATA_WITH_SYNCHRONIZED_QUALIFIER,SNAPSHOT_EPOCH,PASS,Group 7 preserved PASS; synchronized snapshot request and coherent echo,EXACT_PRIOR_ROW
CDC-15,Warning,userclk1->nvp_vclk1,Max Delay Datapath Only,G2B_ONECH_C2H/snapshot_epoch_hold_axi_reg[16]/C,G2B_ONECH_C2H/snapshot_epoch_echo_source_reg[16]/D,STABLE_DATA_WITH_SYNCHRONIZED_QUALIFIER,SNAPSHOT_EPOCH,PASS,Group 7 preserved PASS; synchronized snapshot request and coherent echo,EXACT_PRIOR_ROW
CDC-15,Warning,userclk1->nvp_vclk1,Max Delay Datapath Only,G2B_ONECH_C2H/snapshot_epoch_hold_axi_reg[17]/C,G2B_ONECH_C2H/snapshot_epoch_echo_source_reg[17]/D,STABLE_DATA_WITH_SYNCHRONIZED_QUALIFIER,SNAPSHOT_EPOCH,PASS,Group 7 preserved PASS; synchronized snapshot request and coherent echo,EXACT_PRIOR_ROW
CDC-15,Warning,userclk1->nvp_vclk1,Max Delay Datapath Only,G2B_ONECH_C2H/snapshot_epoch_hold_axi_reg[18]/C,G2B_ONECH_C2H/snapshot_epoch_echo_source_reg[18]/D,STABLE_DATA_WITH_SYNCHRONIZED_QUALIFIER,SNAPSHOT_EPOCH,PASS,Group 7 preserved PASS; synchronized snapshot request and coherent echo,EXACT_PRIOR_ROW
CDC-15,Warning,userclk1->nvp_vclk1,Max Delay Datapath Only,G2B_ONECH_C2H/snapshot_epoch_hold_axi_reg[19]/C,G2B_ONECH_C2H/snapshot_epoch_echo_source_reg[19]/D,STABLE_DATA_WITH_SYNCHRONIZED_QUALIFIER,SNAPSHOT_EPOCH,PASS,Group 7 preserved PASS; synchronized snapshot request and coherent echo,EXACT_PRIOR_ROW
CDC-15,Warning,userclk1->nvp_vclk1,Max Delay Datapath Only,G2B_ONECH_C2H/snapshot_epoch_hold_axi_reg[20]/C,G2B_ONECH_C2H/snapshot_epoch_echo_source_reg[20]/D,STABLE_DATA_WITH_SYNCHRONIZED_QUALIFIER,SNAPSHOT_EPOCH,PASS,Group 7 preserved PASS; synchronized snapshot request and coherent echo,EXACT_PRIOR_ROW
CDC-15,Warning,userclk1->nvp_vclk1,Max Delay Datapath Only,G2B_ONECH_C2H/snapshot_epoch_hold_axi_reg[21]/C,G2B_ONECH_C2H/snapshot_epoch_echo_source_reg[21]/D,STABLE_DATA_WITH_SYNCHRONIZED_QUALIFIER,SNAPSHOT_EPOCH,PASS,Group 7 preserved PASS; synchronized snapshot request and coherent echo,EXACT_PRIOR_ROW
CDC-15,Warning,userclk1->nvp_vclk1,Max Delay Datapath Only,G2B_ONECH_C2H/snapshot_epoch_hold_axi_reg[22]/C,G2B_ONECH_C2H/snapshot_epoch_echo_source_reg[22]/D,STABLE_DATA_WITH_SYNCHRONIZED_QUALIFIER,SNAPSHOT_EPOCH,PASS,Group 7 preserved PASS; synchronized snapshot request and coherent echo,EXACT_PRIOR_ROW
CDC-15,Warning,userclk1->nvp_vclk1,Max Delay Datapath Only,G2B_ONECH_C2H/snapshot_epoch_hold_axi_reg[23]/C,G2B_ONECH_C2H/snapshot_epoch_echo_source_reg[23]/D,STABLE_DATA_WITH_SYNCHRONIZED_QUALIFIER,SNAPSHOT_EPOCH,PASS,Group 7 preserved PASS; synchronized snapshot request and coherent echo,EXACT_PRIOR_ROW
CDC-15,Warning,userclk1->nvp_vclk1,Max Delay Datapath Only,G2B_ONECH_C2H/snapshot_epoch_hold_axi_reg[24]/C,G2B_ONECH_C2H/snapshot_epoch_echo_source_reg[24]/D,STABLE_DATA_WITH_SYNCHRONIZED_QUALIFIER,SNAPSHOT_EPOCH,PASS,Group 7 preserved PASS; synchronized snapshot request and coherent echo,EXACT_PRIOR_ROW
CDC-15,Warning,userclk1->nvp_vclk1,Max Delay Datapath Only,G2B_ONECH_C2H/snapshot_epoch_hold_axi_reg[25]/C,G2B_ONECH_C2H/snapshot_epoch_echo_source_reg[25]/D,STABLE_DATA_WITH_SYNCHRONIZED_QUALIFIER,SNAPSHOT_EPOCH,PASS,Group 7 preserved PASS; synchronized snapshot request and coherent echo,EXACT_PRIOR_ROW
CDC-15,Warning,userclk1->nvp_vclk1,Max Delay Datapath Only,G2B_ONECH_C2H/snapshot_epoch_hold_axi_reg[26]/C,G2B_ONECH_C2H/snapshot_epoch_echo_source_reg[26]/D,STABLE_DATA_WITH_SYNCHRONIZED_QUALIFIER,SNAPSHOT_EPOCH,PASS,Group 7 preserved PASS; synchronized snapshot request and coherent echo,EXACT_PRIOR_ROW
CDC-15,Warning,userclk1->nvp_vclk1,Max Delay Datapath Only,G2B_ONECH_C2H/snapshot_epoch_hold_axi_reg[27]/C,G2B_ONECH_C2H/snapshot_epoch_echo_source_reg[27]/D,STABLE_DATA_WITH_SYNCHRONIZED_QUALIFIER,SNAPSHOT_EPOCH,PASS,Group 7 preserved PASS; synchronized snapshot request and coherent echo,EXACT_PRIOR_ROW
CDC-15,Warning,userclk1->nvp_vclk1,Max Delay Datapath Only,G2B_ONECH_C2H/snapshot_epoch_hold_axi_reg[28]/C,G2B_ONECH_C2H/snapshot_epoch_echo_source_reg[28]/D,STABLE_DATA_WITH_SYNCHRONIZED_QUALIFIER,SNAPSHOT_EPOCH,PASS,Group 7 preserved PASS; synchronized snapshot request and coherent echo,EXACT_PRIOR_ROW
CDC-15,Warning,userclk1->nvp_vclk1,Max Delay Datapath Only,G2B_ONECH_C2H/snapshot_epoch_hold_axi_reg[29]/C,G2B_ONECH_C2H/snapshot_epoch_echo_source_reg[29]/D,STABLE_DATA_WITH_SYNCHRONIZED_QUALIFIER,SNAPSHOT_EPOCH,PASS,Group 7 preserved PASS; synchronized snapshot request and coherent echo,EXACT_PRIOR_ROW
CDC-15,Warning,userclk1->nvp_vclk1,Max Delay Datapath Only,G2B_ONECH_C2H/snapshot_epoch_hold_axi_reg[30]/C,G2B_ONECH_C2H/snapshot_epoch_echo_source_reg[30]/D,STABLE_DATA_WITH_SYNCHRONIZED_QUALIFIER,SNAPSHOT_EPOCH,PASS,Group 7 preserved PASS; synchronized snapshot request and coherent echo,EXACT_PRIOR_ROW
CDC-15,Warning,userclk1->nvp_vclk1,Max Delay Datapath Only,G2B_ONECH_C2H/snapshot_epoch_hold_axi_reg[31]/C,G2B_ONECH_C2H/snapshot_epoch_echo_source_reg[31]/D,STABLE_DATA_WITH_SYNCHRONIZED_QUALIFIER,SNAPSHOT_EPOCH,PASS,Group 7 preserved PASS; synchronized snapshot request and coherent echo,EXACT_PRIOR_ROW
CDC-3,Info,userclk1->nvp_vclk1,False Path,G2B_ONECH_C2H/snapshot_req_toggle_axi_reg/C,G2B_ONECH_C2H/snapshot_req_sync1_source_reg/D,INTENTIONAL_TWO_STAGE_SYNCHRONIZER,LEVEL_SYNCHRONIZER,PASS,Exact unchanged report row; ASYNC_REG depth 2. CDC-10 source_ready/fatal level is held through handshake; four exact chain-cell attributes verified in continuation.,EXACT_PRIOR_ROW
CDC-1,Critical,userclk1->nvp_vclk1,Max Delay Datapath Only,G2B_ONECH_C2H/transport_hard_hold_axi_reg/C,G2B_ONECH_C2H/source_drop_deferred_reg/D,STABLE_DATA_WITH_SYNCHRONIZED_QUALIFIER,TRANSPORT_RESET_MAILBOX,PASS,Group 8 preserved PASS; retained 2.500 ns settling bound and transport request/ack barrier,EXACT_PRIOR_ROW
CDC-1,Critical,userclk1->nvp_vclk1,Max Delay Datapath Only,G2B_ONECH_C2H/transport_hard_hold_axi_reg/C,G2B_ONECH_C2H/source_drop_deferred_reg/R,STABLE_DATA_WITH_SYNCHRONIZED_QUALIFIER,TRANSPORT_RESET_MAILBOX,PASS,Group 8 preserved PASS; retained 2.500 ns settling bound and transport request/ack barrier,EXACT_PRIOR_ROW
CDC-1,Critical,userclk1->nvp_vclk1,Max Delay Datapath Only,G2B_ONECH_C2H/transport_hard_hold_axi_reg/C,G2B_ONECH_C2H/source_drop_event_reg/D,STABLE_DATA_WITH_SYNCHRONIZED_QUALIFIER,TRANSPORT_RESET_MAILBOX,PASS,Group 8 preserved PASS; retained 2.500 ns settling bound and transport request/ack barrier,EXACT_PRIOR_ROW
CDC-1,Critical,userclk1->nvp_vclk1,Max Delay Datapath Only,G2B_ONECH_C2H/transport_hard_hold_axi_reg/C,G2B_ONECH_C2H/source_formatter_clear_pending_reg/D,STABLE_DATA_WITH_SYNCHRONIZED_QUALIFIER,TRANSPORT_RESET_MAILBOX,PASS,Group 8 preserved PASS; retained 2.500 ns settling bound and transport request/ack barrier,EXACT_PRIOR_ROW
CDC-1,Critical,userclk1->nvp_vclk1,Max Delay Datapath Only,G2B_ONECH_C2H/transport_hard_hold_axi_reg/C,G2B_ONECH_C2H/source_formatter_fatal_deferred_reg/R,STABLE_DATA_WITH_SYNCHRONIZED_QUALIFIER,TRANSPORT_RESET_MAILBOX,PASS,Group 8 preserved PASS; retained 2.500 ns settling bound and transport request/ack barrier,EXACT_PRIOR_ROW
CDC-1,Critical,userclk1->nvp_vclk1,Max Delay Datapath Only,G2B_ONECH_C2H/transport_hard_hold_axi_reg/C,G2B_ONECH_C2H/source_formatter_fatal_event_reg/D,STABLE_DATA_WITH_SYNCHRONIZED_QUALIFIER,TRANSPORT_RESET_MAILBOX,PASS,Group 8 preserved PASS; retained 2.500 ns settling bound and transport request/ack barrier,EXACT_PRIOR_ROW
CDC-1,Critical,userclk1->nvp_vclk1,Max Delay Datapath Only,G2B_ONECH_C2H/transport_hard_hold_axi_reg/C,G2B_ONECH_C2H/source_formatter_fatal_reg/D,STABLE_DATA_WITH_SYNCHRONIZED_QUALIFIER,TRANSPORT_RESET_MAILBOX,PASS,Group 8 preserved PASS; retained 2.500 ns settling bound and transport request/ack barrier,EXACT_PRIOR_ROW
CDC-1,Critical,userclk1->nvp_vclk1,Max Delay Datapath Only,G2B_ONECH_C2H/transport_hard_hold_axi_reg/C,G2B_ONECH_C2H/source_lifetime_dropped_reg[0]/CE,STABLE_DATA_WITH_SYNCHRONIZED_QUALIFIER,TRANSPORT_RESET_MAILBOX,PASS,Group 8 preserved PASS; retained 2.500 ns settling bound and transport request/ack barrier,EXACT_PRIOR_ROW
CDC-1,Critical,userclk1->nvp_vclk1,Max Delay Datapath Only,G2B_ONECH_C2H/transport_hard_hold_axi_reg/C,G2B_ONECH_C2H/source_lifetime_dropped_reg[1]/CE,STABLE_DATA_WITH_SYNCHRONIZED_QUALIFIER,TRANSPORT_RESET_MAILBOX,PASS,Group 8 preserved PASS; retained 2.500 ns settling bound and transport request/ack barrier,EXACT_PRIOR_ROW
CDC-1,Critical,userclk1->nvp_vclk1,Max Delay Datapath Only,G2B_ONECH_C2H/transport_hard_hold_axi_reg/C,G2B_ONECH_C2H/source_lifetime_dropped_reg[2]/CE,STABLE_DATA_WITH_SYNCHRONIZED_QUALIFIER,TRANSPORT_RESET_MAILBOX,PASS,Group 8 preserved PASS; retained 2.500 ns settling bound and transport request/ack barrier,EXACT_PRIOR_ROW
CDC-1,Critical,userclk1->nvp_vclk1,Max Delay Datapath Only,G2B_ONECH_C2H/transport_hard_hold_axi_reg/C,G2B_ONECH_C2H/source_lifetime_dropped_reg[3]/CE,STABLE_DATA_WITH_SYNCHRONIZED_QUALIFIER,TRANSPORT_RESET_MAILBOX,PASS,Group 8 preserved PASS; retained 2.500 ns settling bound and transport request/ack barrier,EXACT_PRIOR_ROW
CDC-1,Critical,userclk1->nvp_vclk1,Max Delay Datapath Only,G2B_ONECH_C2H/transport_hard_hold_axi_reg/C,G2B_ONECH_C2H/source_lifetime_dropped_reg[4]/CE,STABLE_DATA_WITH_SYNCHRONIZED_QUALIFIER,TRANSPORT_RESET_MAILBOX,PASS,Group 8 preserved PASS; retained 2.500 ns settling bound and transport request/ack barrier,EXACT_PRIOR_ROW
CDC-1,Critical,userclk1->nvp_vclk1,Max Delay Datapath Only,G2B_ONECH_C2H/transport_hard_hold_axi_reg/C,G2B_ONECH_C2H/source_lifetime_dropped_reg[5]/CE,STABLE_DATA_WITH_SYNCHRONIZED_QUALIFIER,TRANSPORT_RESET_MAILBOX,PASS,Group 8 preserved PASS; retained 2.500 ns settling bound and transport request/ack barrier,EXACT_PRIOR_ROW
CDC-1,Critical,userclk1->nvp_vclk1,Max Delay Datapath Only,G2B_ONECH_C2H/transport_hard_hold_axi_reg/C,G2B_ONECH_C2H/source_lifetime_dropped_reg[6]/CE,STABLE_DATA_WITH_SYNCHRONIZED_QUALIFIER,TRANSPORT_RESET_MAILBOX,PASS,Group 8 preserved PASS; retained 2.500 ns settling bound and transport request/ack barrier,EXACT_PRIOR_ROW
CDC-1,Critical,userclk1->nvp_vclk1,Max Delay Datapath Only,G2B_ONECH_C2H/transport_hard_hold_axi_reg/C,G2B_ONECH_C2H/source_lifetime_dropped_reg[7]/CE,STABLE_DATA_WITH_SYNCHRONIZED_QUALIFIER,TRANSPORT_RESET_MAILBOX,PASS,Group 8 preserved PASS; retained 2.500 ns settling bound and transport request/ack barrier,EXACT_PRIOR_ROW
CDC-1,Critical,userclk1->nvp_vclk1,Max Delay Datapath Only,G2B_ONECH_C2H/transport_hard_hold_axi_reg/C,G2B_ONECH_C2H/source_lifetime_dropped_reg[8]/CE,STABLE_DATA_WITH_SYNCHRONIZED_QUALIFIER,TRANSPORT_RESET_MAILBOX,PASS,Group 8 preserved PASS; retained 2.500 ns settling bound and transport request/ack barrier,EXACT_PRIOR_ROW
CDC-1,Critical,userclk1->nvp_vclk1,Max Delay Datapath Only,G2B_ONECH_C2H/transport_hard_hold_axi_reg/C,G2B_ONECH_C2H/source_lifetime_dropped_reg[9]/CE,STABLE_DATA_WITH_SYNCHRONIZED_QUALIFIER,TRANSPORT_RESET_MAILBOX,PASS,Group 8 preserved PASS; retained 2.500 ns settling bound and transport request/ack barrier,EXACT_PRIOR_ROW
CDC-1,Critical,userclk1->nvp_vclk1,Max Delay Datapath Only,G2B_ONECH_C2H/transport_hard_hold_axi_reg/C,G2B_ONECH_C2H/source_lifetime_dropped_reg[10]/CE,STABLE_DATA_WITH_SYNCHRONIZED_QUALIFIER,TRANSPORT_RESET_MAILBOX,PASS,Group 8 preserved PASS; retained 2.500 ns settling bound and transport request/ack barrier,EXACT_PRIOR_ROW
CDC-1,Critical,userclk1->nvp_vclk1,Max Delay Datapath Only,G2B_ONECH_C2H/transport_hard_hold_axi_reg/C,G2B_ONECH_C2H/source_lifetime_dropped_reg[11]/CE,STABLE_DATA_WITH_SYNCHRONIZED_QUALIFIER,TRANSPORT_RESET_MAILBOX,PASS,Group 8 preserved PASS; retained 2.500 ns settling bound and transport request/ack barrier,EXACT_PRIOR_ROW
CDC-1,Critical,userclk1->nvp_vclk1,Max Delay Datapath Only,G2B_ONECH_C2H/transport_hard_hold_axi_reg/C,G2B_ONECH_C2H/source_lifetime_dropped_reg[12]/CE,STABLE_DATA_WITH_SYNCHRONIZED_QUALIFIER,TRANSPORT_RESET_MAILBOX,PASS,Group 8 preserved PASS; retained 2.500 ns settling bound and transport request/ack barrier,EXACT_PRIOR_ROW
CDC-1,Critical,userclk1->nvp_vclk1,Max Delay Datapath Only,G2B_ONECH_C2H/transport_hard_hold_axi_reg/C,G2B_ONECH_C2H/source_lifetime_dropped_reg[13]/CE,STABLE_DATA_WITH_SYNCHRONIZED_QUALIFIER,TRANSPORT_RESET_MAILBOX,PASS,Group 8 preserved PASS; retained 2.500 ns settling bound and transport request/ack barrier,EXACT_PRIOR_ROW
CDC-1,Critical,userclk1->nvp_vclk1,Max Delay Datapath Only,G2B_ONECH_C2H/transport_hard_hold_axi_reg/C,G2B_ONECH_C2H/source_lifetime_dropped_reg[14]/CE,STABLE_DATA_WITH_SYNCHRONIZED_QUALIFIER,TRANSPORT_RESET_MAILBOX,PASS,Group 8 preserved PASS; retained 2.500 ns settling bound and transport request/ack barrier,EXACT_PRIOR_ROW
CDC-1,Critical,userclk1->nvp_vclk1,Max Delay Datapath Only,G2B_ONECH_C2H/transport_hard_hold_axi_reg/C,G2B_ONECH_C2H/source_lifetime_dropped_reg[15]/CE,STABLE_DATA_WITH_SYNCHRONIZED_QUALIFIER,TRANSPORT_RESET_MAILBOX,PASS,Group 8 preserved PASS; retained 2.500 ns settling bound and transport request/ack barrier,EXACT_PRIOR_ROW
CDC-1,Critical,userclk1->nvp_vclk1,Max Delay Datapath Only,G2B_ONECH_C2H/transport_hard_hold_axi_reg/C,G2B_ONECH_C2H/source_lifetime_dropped_reg[16]/CE,STABLE_DATA_WITH_SYNCHRONIZED_QUALIFIER,TRANSPORT_RESET_MAILBOX,PASS,Group 8 preserved PASS; retained 2.500 ns settling bound and transport request/ack barrier,EXACT_PRIOR_ROW
CDC-1,Critical,userclk1->nvp_vclk1,Max Delay Datapath Only,G2B_ONECH_C2H/transport_hard_hold_axi_reg/C,G2B_ONECH_C2H/source_lifetime_dropped_reg[17]/CE,STABLE_DATA_WITH_SYNCHRONIZED_QUALIFIER,TRANSPORT_RESET_MAILBOX,PASS,Group 8 preserved PASS; retained 2.500 ns settling bound and transport request/ack barrier,EXACT_PRIOR_ROW
CDC-1,Critical,userclk1->nvp_vclk1,Max Delay Datapath Only,G2B_ONECH_C2H/transport_hard_hold_axi_reg/C,G2B_ONECH_C2H/source_lifetime_dropped_reg[18]/CE,STABLE_DATA_WITH_SYNCHRONIZED_QUALIFIER,TRANSPORT_RESET_MAILBOX,PASS,Group 8 preserved PASS; retained 2.500 ns settling bound and transport request/ack barrier,EXACT_PRIOR_ROW
CDC-1,Critical,userclk1->nvp_vclk1,Max Delay Datapath Only,G2B_ONECH_C2H/transport_hard_hold_axi_reg/C,G2B_ONECH_C2H/source_lifetime_dropped_reg[19]/CE,STABLE_DATA_WITH_SYNCHRONIZED_QUALIFIER,TRANSPORT_RESET_MAILBOX,PASS,Group 8 preserved PASS; retained 2.500 ns settling bound and transport request/ack barrier,EXACT_PRIOR_ROW
CDC-1,Critical,userclk1->nvp_vclk1,Max Delay Datapath Only,G2B_ONECH_C2H/transport_hard_hold_axi_reg/C,G2B_ONECH_C2H/source_lifetime_dropped_reg[20]/CE,STABLE_DATA_WITH_SYNCHRONIZED_QUALIFIER,TRANSPORT_RESET_MAILBOX,PASS,Group 8 preserved PASS; retained 2.500 ns settling bound and transport request/ack barrier,EXACT_PRIOR_ROW
CDC-1,Critical,userclk1->nvp_vclk1,Max Delay Datapath Only,G2B_ONECH_C2H/transport_hard_hold_axi_reg/C,G2B_ONECH_C2H/source_lifetime_dropped_reg[21]/CE,STABLE_DATA_WITH_SYNCHRONIZED_QUALIFIER,TRANSPORT_RESET_MAILBOX,PASS,Group 8 preserved PASS; retained 2.500 ns settling bound and transport request/ack barrier,EXACT_PRIOR_ROW
CDC-1,Critical,userclk1->nvp_vclk1,Max Delay Datapath Only,G2B_ONECH_C2H/transport_hard_hold_axi_reg/C,G2B_ONECH_C2H/source_lifetime_dropped_reg[22]/CE,STABLE_DATA_WITH_SYNCHRONIZED_QUALIFIER,TRANSPORT_RESET_MAILBOX,PASS,Group 8 preserved PASS; retained 2.500 ns settling bound and transport request/ack barrier,EXACT_PRIOR_ROW
CDC-1,Critical,userclk1->nvp_vclk1,Max Delay Datapath Only,G2B_ONECH_C2H/transport_hard_hold_axi_reg/C,G2B_ONECH_C2H/source_lifetime_dropped_reg[23]/CE,STABLE_DATA_WITH_SYNCHRONIZED_QUALIFIER,TRANSPORT_RESET_MAILBOX,PASS,Group 8 preserved PASS; retained 2.500 ns settling bound and transport request/ack barrier,EXACT_PRIOR_ROW
CDC-1,Critical,userclk1->nvp_vclk1,Max Delay Datapath Only,G2B_ONECH_C2H/transport_hard_hold_axi_reg/C,G2B_ONECH_C2H/source_lifetime_dropped_reg[24]/CE,STABLE_DATA_WITH_SYNCHRONIZED_QUALIFIER,TRANSPORT_RESET_MAILBOX,PASS,Group 8 preserved PASS; retained 2.500 ns settling bound and transport request/ack barrier,EXACT_PRIOR_ROW
CDC-1,Critical,userclk1->nvp_vclk1,Max Delay Datapath Only,G2B_ONECH_C2H/transport_hard_hold_axi_reg/C,G2B_ONECH_C2H/source_lifetime_dropped_reg[25]/CE,STABLE_DATA_WITH_SYNCHRONIZED_QUALIFIER,TRANSPORT_RESET_MAILBOX,PASS,Group 8 preserved PASS; retained 2.500 ns settling bound and transport request/ack barrier,EXACT_PRIOR_ROW
CDC-1,Critical,userclk1->nvp_vclk1,Max Delay Datapath Only,G2B_ONECH_C2H/transport_hard_hold_axi_reg/C,G2B_ONECH_C2H/source_lifetime_dropped_reg[26]/CE,STABLE_DATA_WITH_SYNCHRONIZED_QUALIFIER,TRANSPORT_RESET_MAILBOX,PASS,Group 8 preserved PASS; retained 2.500 ns settling bound and transport request/ack barrier,EXACT_PRIOR_ROW
CDC-1,Critical,userclk1->nvp_vclk1,Max Delay Datapath Only,G2B_ONECH_C2H/transport_hard_hold_axi_reg/C,G2B_ONECH_C2H/source_lifetime_dropped_reg[27]/CE,STABLE_DATA_WITH_SYNCHRONIZED_QUALIFIER,TRANSPORT_RESET_MAILBOX,PASS,Group 8 preserved PASS; retained 2.500 ns settling bound and transport request/ack barrier,EXACT_PRIOR_ROW
CDC-1,Critical,userclk1->nvp_vclk1,Max Delay Datapath Only,G2B_ONECH_C2H/transport_hard_hold_axi_reg/C,G2B_ONECH_C2H/source_lifetime_dropped_reg[28]/CE,STABLE_DATA_WITH_SYNCHRONIZED_QUALIFIER,TRANSPORT_RESET_MAILBOX,PASS,Group 8 preserved PASS; retained 2.500 ns settling bound and transport request/ack barrier,EXACT_PRIOR_ROW
CDC-1,Critical,userclk1->nvp_vclk1,Max Delay Datapath Only,G2B_ONECH_C2H/transport_hard_hold_axi_reg/C,G2B_ONECH_C2H/source_lifetime_dropped_reg[29]/CE,STABLE_DATA_WITH_SYNCHRONIZED_QUALIFIER,TRANSPORT_RESET_MAILBOX,PASS,Group 8 preserved PASS; retained 2.500 ns settling bound and transport request/ack barrier,EXACT_PRIOR_ROW
CDC-1,Critical,userclk1->nvp_vclk1,Max Delay Datapath Only,G2B_ONECH_C2H/transport_hard_hold_axi_reg/C,G2B_ONECH_C2H/source_lifetime_dropped_reg[30]/CE,STABLE_DATA_WITH_SYNCHRONIZED_QUALIFIER,TRANSPORT_RESET_MAILBOX,PASS,Group 8 preserved PASS; retained 2.500 ns settling bound and transport request/ack barrier,EXACT_PRIOR_ROW
CDC-1,Critical,userclk1->nvp_vclk1,Max Delay Datapath Only,G2B_ONECH_C2H/transport_hard_hold_axi_reg/C,G2B_ONECH_C2H/source_lifetime_dropped_reg[31]/CE,STABLE_DATA_WITH_SYNCHRONIZED_QUALIFIER,TRANSPORT_RESET_MAILBOX,PASS,Group 8 preserved PASS; retained 2.500 ns settling bound and transport request/ack barrier,EXACT_PRIOR_ROW
CDC-1,Critical,userclk1->nvp_vclk1,Max Delay Datapath Only,G2B_ONECH_C2H/transport_hard_hold_axi_reg/C,G2B_ONECH_C2H/source_overflow_deferred_reg/R,STABLE_DATA_WITH_SYNCHRONIZED_QUALIFIER,TRANSPORT_RESET_MAILBOX,PASS,Group 8 preserved PASS; retained 2.500 ns settling bound and transport request/ack barrier,EXACT_PRIOR_ROW
CDC-1,Critical,userclk1->nvp_vclk1,Max Delay Datapath Only,G2B_ONECH_C2H/transport_hard_hold_axi_reg/C,G2B_ONECH_C2H/source_overflow_event_reg/D,STABLE_DATA_WITH_SYNCHRONIZED_QUALIFIER,TRANSPORT_RESET_MAILBOX,PASS,Group 8 preserved PASS; retained 2.500 ns settling bound and transport request/ack barrier,EXACT_PRIOR_ROW
CDC-1,Critical,userclk1->nvp_vclk1,Max Delay Datapath Only,G2B_ONECH_C2H/transport_hard_hold_axi_reg/C,G2B_ONECH_C2H/source_ownership_clear_pending_reg/D,STABLE_DATA_WITH_SYNCHRONIZED_QUALIFIER,TRANSPORT_RESET_MAILBOX,PASS,Group 8 preserved PASS; retained 2.500 ns settling bound and transport request/ack barrier,EXACT_PRIOR_ROW
CDC-1,Critical,userclk1->nvp_vclk1,Max Delay Datapath Only,G2B_ONECH_C2H/release_generation_axi_reg[0][3]/C,G2B_ONECH_C2H/source_ownership_fatal_deferred_reg/D,STABLE_DATA_WITH_SYNCHRONIZED_QUALIFIER,RELEASE_SLOT,PASS,Groups 14–17 56-cell slot payload sets and three semantic families; exact routed PASS; META-6/META-7R structural invariant authority,REVIEWED_REPRESENTATIVE_CHANGE
CDC-1,Critical,userclk1->nvp_vclk1,Max Delay Datapath Only,G2B_ONECH_C2H/transport_hard_hold_axi_reg/C,G2B_ONECH_C2H/source_ownership_fatal_deferred_reg/R,STABLE_DATA_WITH_SYNCHRONIZED_QUALIFIER,TRANSPORT_RESET_MAILBOX,PASS,Group 8 preserved PASS; retained 2.500 ns settling bound and transport request/ack barrier,EXACT_PRIOR_ROW
CDC-1,Critical,userclk1->nvp_vclk1,Max Delay Datapath Only,G2B_ONECH_C2H/release_generation_axi_reg[0][3]/C,G2B_ONECH_C2H/source_ownership_fatal_event_reg/D,STABLE_DATA_WITH_SYNCHRONIZED_QUALIFIER,RELEASE_SLOT,PASS,Groups 14–17 56-cell slot payload sets and three semantic families; exact routed PASS; META-6/META-7R structural invariant authority,REVIEWED_REPRESENTATIVE_CHANGE
CDC-1,Critical,userclk1->nvp_vclk1,Max Delay Datapath Only,G2B_ONECH_C2H/release_generation_axi_reg[0][3]/C,G2B_ONECH_C2H/source_ownership_fatal_reg/D,STABLE_DATA_WITH_SYNCHRONIZED_QUALIFIER,RELEASE_SLOT,PASS,Groups 14–17 56-cell slot payload sets and three semantic families; exact routed PASS; META-6/META-7R structural invariant authority,REVIEWED_REPRESENTATIVE_CHANGE
CDC-3,Info,userclk1->nvp_vclk1,False Path,G2B_ONECH_C2H/stats_req_toggle_axi_reg/C,G2B_ONECH_C2H/stats_req_sync1_source_reg/D,INTENTIONAL_TWO_STAGE_SYNCHRONIZER,LEVEL_SYNCHRONIZER,PASS,Exact unchanged report row; ASYNC_REG depth 2. CDC-10 source_ready/fatal level is held through handshake; four exact chain-cell attributes verified in continuation.,EXACT_PRIOR_ROW
CDC-1,Critical,userclk1->nvp_vclk1,Max Delay Datapath Only,G2B_ONECH_C2H/transport_own_phase_hold_axi_reg/C,G2B_ONECH_C2H/transport_ack_toggle_source_reg/D,STABLE_DATA_WITH_SYNCHRONIZED_QUALIFIER,TRANSPORT_RESET_MAILBOX,PASS,Group 8 preserved PASS; retained 2.500 ns settling bound and transport request/ack barrier,EXACT_PRIOR_ROW
CDC-3,Info,userclk1->nvp_vclk1,False Path,G2B_ONECH_C2H/transport_req_toggle_axi_reg/C,G2B_ONECH_C2H/transport_req_sync1_source_reg/D,INTENTIONAL_TWO_STAGE_SYNCHRONIZER,LEVEL_SYNCHRONIZER,PASS,Exact unchanged report row; ASYNC_REG depth 2. CDC-10 source_ready/fatal level is held through handshake; four exact chain-cell attributes verified in continuation.,EXACT_PRIOR_ROW
CDC-1,Critical,userclk1->nvp_vclk1,Max Delay Datapath Only,G2B_ONECH_C2H/transport_own_phase_hold_axi_reg/C,G2B_ONECH_C2H/transport_retire_pending_source_reg/D,STABLE_DATA_WITH_SYNCHRONIZED_QUALIFIER,TRANSPORT_RESET_MAILBOX,PASS,Group 8 preserved PASS; retained 2.500 ns settling bound and transport request/ack barrier,EXACT_PRIOR_ROW
CDC-9,Info,userclk1->nvp_vclk1,False Path,nvp_reset_frontend_autonomous_reg/C,NVP_PHYSICAL_FRONTEND/ingress_reset_sync_reg[0]/PRE,ASYNC_ASSERT_SYNC_RELEASE_RESET,RESET_SYNCHRONIZER,PASS,Exact unchanged reset row with depth 2 ASYNC_REG; vendor/reset synchronizer chain,EXACT_PRIOR_ROW
CDC-9,Info,userclk1->nvp_vclk1,False Path,nvp_reset_ready_autonomous_reg/C,nvp_ready_sync_reg[0]/CLR,ASYNC_ASSERT_SYNC_RELEASE_RESET,RESET_SYNCHRONIZER,PASS,Exact unchanged reset row with depth 2 ASYNC_REG; vendor/reset synchronizer chain,EXACT_PRIOR_ROW
CDC-3,Info,clk_125mhz_mux_x0y0->userclk1,False Path,XDMA/inst/xdma_v41_m1_pcie2_to_pcie3_wrapper_i/pcie2_ip_i/inst/inst/pcie_top_i/pcie_7x_i/pcie_block_i/PIPECLK,XDMA/inst/xdma_v41_m1_pcie2_to_pcie3_wrapper_i/pcie2_ip_i/inst/inst/phy_lnk_up_cdc/syncstages_ff_reg[0]/D,INTENTIONAL_TWO_STAGE_SYNCHRONIZER,LEVEL_SYNCHRONIZER,PASS,Exact unchanged report row; ASYNC_REG depth 2. CDC-10 source_ready/fatal level is held through handshake; four exact chain-cell attributes verified in continuation.,EXACT_PRIOR_ROW
CDC-3,Info,clk_125mhz_mux_x0y0->userclk1,False Path,XDMA/inst/xdma_v41_m1_pcie2_to_pcie3_wrapper_i/pcie2_ip_i/inst/inst/pcie_top_i/pcie_7x_i/pcie_block_i/PIPECLK,XDMA/inst/xdma_v41_m1_pcie2_to_pcie3_wrapper_i/pcie2_ip_i/inst/inst/pl_received_hot_rst_cdc/syncstages_ff_reg[0]/D,INTENTIONAL_TWO_STAGE_SYNCHRONIZER,LEVEL_SYNCHRONIZER,PASS,Exact unchanged report row; ASYNC_REG depth 2. CDC-10 source_ready/fatal level is held through handshake; four exact chain-cell attributes verified in continuation.,EXACT_PRIOR_ROW
CDC-3,Info,clk_250mhz_mux_x0y0->userclk1,False Path,XDMA/inst/xdma_v41_m1_pcie2_to_pcie3_wrapper_i/pcie2_ip_i/inst/inst/pcie_top_i/pcie_7x_i/pcie_block_i/PIPECLK,XDMA/inst/xdma_v41_m1_pcie2_to_pcie3_wrapper_i/pcie2_ip_i/inst/inst/phy_lnk_up_cdc/syncstages_ff_reg[0]/D,INTENTIONAL_TWO_STAGE_SYNCHRONIZER,LEVEL_SYNCHRONIZER,PASS,Exact unchanged report row; ASYNC_REG depth 2. CDC-10 source_ready/fatal level is held through handshake; four exact chain-cell attributes verified in continuation.,EXACT_PRIOR_ROW
CDC-3,Info,clk_250mhz_mux_x0y0->userclk1,False Path,XDMA/inst/xdma_v41_m1_pcie2_to_pcie3_wrapper_i/pcie2_ip_i/inst/inst/pcie_top_i/pcie_7x_i/pcie_block_i/PIPECLK,XDMA/inst/xdma_v41_m1_pcie2_to_pcie3_wrapper_i/pcie2_ip_i/inst/inst/pl_received_hot_rst_cdc/syncstages_ff_reg[0]/D,INTENTIONAL_TWO_STAGE_SYNCHRONIZER,LEVEL_SYNCHRONIZER,PASS,Exact unchanged report row; ASYNC_REG depth 2. CDC-10 source_ready/fatal level is held through handshake; four exact chain-cell attributes verified in continuation.,EXACT_PRIOR_ROW
CDC-6,Warning,nvp_vclk1->userclk1,False Path,CAPTURE_SUBSYSTEM/BAR_TARGET/commit_toggle_prod_reg[1:0]/C,CAPTURE_SUBSYSTEM/BAR_TARGET/commit_sync1_reg[1:0]/D,TOGGLE_HANDSHAKE,MULTIBIT_CDC,PASS,Unchanged exact CDC-6 row; independent per-slot toggle bits are synchronized independently and consumed by per-slot state,EXACT_PRIOR_ROW
CDC-3,Info,nvp_vclk1->userclk1,False Path,CAPTURE_SUBSYSTEM/MAILBOX/cfg_req_seen_nvp_reg/C,CAPTURE_SUBSYSTEM/MAILBOX/cfg_ack_sync1_pcie_reg/D,INTENTIONAL_TWO_STAGE_SYNCHRONIZER,LEVEL_SYNCHRONIZER,PASS,Exact unchanged report row; ASYNC_REG depth 2. CDC-10 source_ready/fatal level is held through handshake; four exact chain-cell attributes verified in continuation.,EXACT_PRIOR_ROW
CDC-15,Warning,nvp_vclk1->userclk1,Max Delay Datapath Only,CAPTURE_SUBSYSTEM/MAILBOX/status_hold_nvp_reg[0]/C,CAPTURE_SUBSYSTEM/MAILBOX/status_bus_pcie_reg[0]/D,STABLE_DATA_WITH_SYNCHRONIZED_QUALIFIER,STATUS_MAILBOX,PASS,Group 2 preserved routed skew; capture_mailbox acknowledged status snapshot,EXACT_PRIOR_ROW
CDC-15,Warning,nvp_vclk1->userclk1,Max Delay Datapath Only,CAPTURE_SUBSYSTEM/MAILBOX/status_hold_nvp_reg[2]/C,CAPTURE_SUBSYSTEM/MAILBOX/status_bus_pcie_reg[2]/D,STABLE_DATA_WITH_SYNCHRONIZED_QUALIFIER,STATUS_MAILBOX,PASS,Group 2 preserved routed skew; capture_mailbox acknowledged status snapshot,EXACT_PRIOR_ROW
CDC-15,Warning,nvp_vclk1->userclk1,Max Delay Datapath Only,CAPTURE_SUBSYSTEM/MAILBOX/status_hold_nvp_reg[3]/C,CAPTURE_SUBSYSTEM/MAILBOX/status_bus_pcie_reg[3]/D,STABLE_DATA_WITH_SYNCHRONIZED_QUALIFIER,STATUS_MAILBOX,PASS,Group 2 preserved routed skew; capture_mailbox acknowledged status snapshot,EXACT_PRIOR_ROW
CDC-15,Warning,nvp_vclk1->userclk1,Max Delay Datapath Only,CAPTURE_SUBSYSTEM/MAILBOX/status_hold_nvp_reg[4]/C,CAPTURE_SUBSYSTEM/MAILBOX/status_bus_pcie_reg[4]/D,STABLE_DATA_WITH_SYNCHRONIZED_QUALIFIER,STATUS_MAILBOX,PASS,Group 2 preserved routed skew; capture_mailbox acknowledged status snapshot,EXACT_PRIOR_ROW
CDC-15,Warning,nvp_vclk1->userclk1,Max Delay Datapath Only,CAPTURE_SUBSYSTEM/MAILBOX/status_hold_nvp_reg[5]/C,CAPTURE_SUBSYSTEM/MAILBOX/status_bus_pcie_reg[5]/D,STABLE_DATA_WITH_SYNCHRONIZED_QUALIFIER,STATUS_MAILBOX,PASS,Group 2 preserved routed skew; capture_mailbox acknowledged status snapshot,EXACT_PRIOR_ROW
CDC-15,Warning,nvp_vclk1->userclk1,Max Delay Datapath Only,CAPTURE_SUBSYSTEM/MAILBOX/status_hold_nvp_reg[6]/C,CAPTURE_SUBSYSTEM/MAILBOX/status_bus_pcie_reg[6]/D,STABLE_DATA_WITH_SYNCHRONIZED_QUALIFIER,STATUS_MAILBOX,PASS,Group 2 preserved routed skew; capture_mailbox acknowledged status snapshot,EXACT_PRIOR_ROW
CDC-15,Warning,nvp_vclk1->userclk1,Max Delay Datapath Only,CAPTURE_SUBSYSTEM/MAILBOX/status_hold_nvp_reg[7]/C,CAPTURE_SUBSYSTEM/MAILBOX/status_bus_pcie_reg[7]/D,STABLE_DATA_WITH_SYNCHRONIZED_QUALIFIER,STATUS_MAILBOX,PASS,Group 2 preserved routed skew; capture_mailbox acknowledged status snapshot,EXACT_PRIOR_ROW
CDC-15,Warning,nvp_vclk1->userclk1,Max Delay Datapath Only,CAPTURE_SUBSYSTEM/MAILBOX/status_hold_nvp_reg[8]/C,CAPTURE_SUBSYSTEM/MAILBOX/status_bus_pcie_reg[8]/D,STABLE_DATA_WITH_SYNCHRONIZED_QUALIFIER,STATUS_MAILBOX,PASS,Group 2 preserved routed skew; capture_mailbox acknowledged status snapshot,EXACT_PRIOR_ROW
CDC-15,Warning,nvp_vclk1->userclk1,Max Delay Datapath Only,CAPTURE_SUBSYSTEM/MAILBOX/status_hold_nvp_reg[9]/C,CAPTURE_SUBSYSTEM/MAILBOX/status_bus_pcie_reg[9]/D,STABLE_DATA_WITH_SYNCHRONIZED_QUALIFIER,STATUS_MAILBOX,PASS,Group 2 preserved routed skew; capture_mailbox acknowledged status snapshot,EXACT_PRIOR_ROW
CDC-15,Warning,nvp_vclk1->userclk1,Max Delay Datapath Only,CAPTURE_SUBSYSTEM/MAILBOX/status_hold_nvp_reg[10]/C,CAPTURE_SUBSYSTEM/MAILBOX/status_bus_pcie_reg[10]/D,STABLE_DATA_WITH_SYNCHRONIZED_QUALIFIER,STATUS_MAILBOX,PASS,Group 2 preserved routed skew; capture_mailbox acknowledged status snapshot,EXACT_PRIOR_ROW
CDC-15,Warning,nvp_vclk1->userclk1,Max Delay Datapath Only,CAPTURE_SUBSYSTEM/MAILBOX/status_hold_nvp_reg[11]/C,CAPTURE_SUBSYSTEM/MAILBOX/status_bus_pcie_reg[11]/D,STABLE_DATA_WITH_SYNCHRONIZED_QUALIFIER,STATUS_MAILBOX,PASS,Group 2 preserved routed skew; capture_mailbox acknowledged status snapshot,EXACT_PRIOR_ROW
CDC-15,Warning,nvp_vclk1->userclk1,Max Delay Datapath Only,CAPTURE_SUBSYSTEM/MAILBOX/status_hold_nvp_reg[12]/C,CAPTURE_SUBSYSTEM/MAILBOX/status_bus_pcie_reg[12]/D,STABLE_DATA_WITH_SYNCHRONIZED_QUALIFIER,STATUS_MAILBOX,PASS,Group 2 preserved routed skew; capture_mailbox acknowledged status snapshot,EXACT_PRIOR_ROW
CDC-15,Warning,nvp_vclk1->userclk1,Max Delay Datapath Only,CAPTURE_SUBSYSTEM/MAILBOX/status_hold_nvp_reg[13]/C,CAPTURE_SUBSYSTEM/MAILBOX/status_bus_pcie_reg[13]/D,STABLE_DATA_WITH_SYNCHRONIZED_QUALIFIER,STATUS_MAILBOX,PASS,Group 2 preserved routed skew; capture_mailbox acknowledged status snapshot,EXACT_PRIOR_ROW
CDC-15,Warning,nvp_vclk1->userclk1,Max Delay Datapath Only,CAPTURE_SUBSYSTEM/MAILBOX/status_hold_nvp_reg[14]/C,CAPTURE_SUBSYSTEM/MAILBOX/status_bus_pcie_reg[14]/D,STABLE_DATA_WITH_SYNCHRONIZED_QUALIFIER,STATUS_MAILBOX,PASS,Group 2 preserved routed skew; capture_mailbox acknowledged status snapshot,EXACT_PRIOR_ROW
CDC-15,Warning,nvp_vclk1->userclk1,Max Delay Datapath Only,CAPTURE_SUBSYSTEM/MAILBOX/status_hold_nvp_reg[15]/C,CAPTURE_SUBSYSTEM/MAILBOX/status_bus_pcie_reg[15]/D,STABLE_DATA_WITH_SYNCHRONIZED_QUALIFIER,STATUS_MAILBOX,PASS,Group 2 preserved routed skew; capture_mailbox acknowledged status snapshot,EXACT_PRIOR_ROW
CDC-15,Warning,nvp_vclk1->userclk1,Max Delay Datapath Only,CAPTURE_SUBSYSTEM/MAILBOX/status_hold_nvp_reg[16]/C,CAPTURE_SUBSYSTEM/MAILBOX/status_bus_pcie_reg[16]/D,STABLE_DATA_WITH_SYNCHRONIZED_QUALIFIER,STATUS_MAILBOX,PASS,Group 2 preserved routed skew; capture_mailbox acknowledged status snapshot,EXACT_PRIOR_ROW
CDC-15,Warning,nvp_vclk1->userclk1,Max Delay Datapath Only,CAPTURE_SUBSYSTEM/MAILBOX/status_hold_nvp_reg[17]/C,CAPTURE_SUBSYSTEM/MAILBOX/status_bus_pcie_reg[17]/D,STABLE_DATA_WITH_SYNCHRONIZED_QUALIFIER,STATUS_MAILBOX,PASS,Group 2 preserved routed skew; capture_mailbox acknowledged status snapshot,EXACT_PRIOR_ROW
CDC-15,Warning,nvp_vclk1->userclk1,Max Delay Datapath Only,CAPTURE_SUBSYSTEM/MAILBOX/status_hold_nvp_reg[18]/C,CAPTURE_SUBSYSTEM/MAILBOX/status_bus_pcie_reg[18]/D,STABLE_DATA_WITH_SYNCHRONIZED_QUALIFIER,STATUS_MAILBOX,PASS,Group 2 preserved routed skew; capture_mailbox acknowledged status snapshot,EXACT_PRIOR_ROW
CDC-15,Warning,nvp_vclk1->userclk1,Max Delay Datapath Only,CAPTURE_SUBSYSTEM/MAILBOX/status_hold_nvp_reg[19]/C,CAPTURE_SUBSYSTEM/MAILBOX/status_bus_pcie_reg[19]/D,STABLE_DATA_WITH_SYNCHRONIZED_QUALIFIER,STATUS_MAILBOX,PASS,Group 2 preserved routed skew; capture_mailbox acknowledged status snapshot,EXACT_PRIOR_ROW
CDC-15,Warning,nvp_vclk1->userclk1,Max Delay Datapath Only,CAPTURE_SUBSYSTEM/MAILBOX/status_hold_nvp_reg[20]/C,CAPTURE_SUBSYSTEM/MAILBOX/status_bus_pcie_reg[20]/D,STABLE_DATA_WITH_SYNCHRONIZED_QUALIFIER,STATUS_MAILBOX,PASS,Group 2 preserved routed skew; capture_mailbox acknowledged status snapshot,EXACT_PRIOR_ROW
CDC-15,Warning,nvp_vclk1->userclk1,Max Delay Datapath Only,CAPTURE_SUBSYSTEM/MAILBOX/status_hold_nvp_reg[21]/C,CAPTURE_SUBSYSTEM/MAILBOX/status_bus_pcie_reg[21]/D,STABLE_DATA_WITH_SYNCHRONIZED_QUALIFIER,STATUS_MAILBOX,PASS,Group 2 preserved routed skew; capture_mailbox acknowledged status snapshot,EXACT_PRIOR_ROW
CDC-15,Warning,nvp_vclk1->userclk1,Max Delay Datapath Only,CAPTURE_SUBSYSTEM/MAILBOX/status_hold_nvp_reg[22]/C,CAPTURE_SUBSYSTEM/MAILBOX/status_bus_pcie_reg[22]/D,STABLE_DATA_WITH_SYNCHRONIZED_QUALIFIER,STATUS_MAILBOX,PASS,Group 2 preserved routed skew; capture_mailbox acknowledged status snapshot,EXACT_PRIOR_ROW
CDC-15,Warning,nvp_vclk1->userclk1,Max Delay Datapath Only,CAPTURE_SUBSYSTEM/MAILBOX/status_hold_nvp_reg[23]/C,CAPTURE_SUBSYSTEM/MAILBOX/status_bus_pcie_reg[23]/D,STABLE_DATA_WITH_SYNCHRONIZED_QUALIFIER,STATUS_MAILBOX,PASS,Group 2 preserved routed skew; capture_mailbox acknowledged status snapshot,EXACT_PRIOR_ROW
CDC-15,Warning,nvp_vclk1->userclk1,Max Delay Datapath Only,CAPTURE_SUBSYSTEM/MAILBOX/status_hold_nvp_reg[24]/C,CAPTURE_SUBSYSTEM/MAILBOX/status_bus_pcie_reg[24]/D,STABLE_DATA_WITH_SYNCHRONIZED_QUALIFIER,STATUS_MAILBOX,PASS,Group 2 preserved routed skew; capture_mailbox acknowledged status snapshot,EXACT_PRIOR_ROW
CDC-15,Warning,nvp_vclk1->userclk1,Max Delay Datapath Only,CAPTURE_SUBSYSTEM/MAILBOX/status_hold_nvp_reg[25]/C,CAPTURE_SUBSYSTEM/MAILBOX/status_bus_pcie_reg[25]/D,STABLE_DATA_WITH_SYNCHRONIZED_QUALIFIER,STATUS_MAILBOX,PASS,Group 2 preserved routed skew; capture_mailbox acknowledged status snapshot,EXACT_PRIOR_ROW
CDC-15,Warning,nvp_vclk1->userclk1,Max Delay Datapath Only,CAPTURE_SUBSYSTEM/MAILBOX/status_hold_nvp_reg[26]/C,CAPTURE_SUBSYSTEM/MAILBOX/status_bus_pcie_reg[26]/D,STABLE_DATA_WITH_SYNCHRONIZED_QUALIFIER,STATUS_MAILBOX,PASS,Group 2 preserved routed skew; capture_mailbox acknowledged status snapshot,EXACT_PRIOR_ROW
CDC-15,Warning,nvp_vclk1->userclk1,Max Delay Datapath Only,CAPTURE_SUBSYSTEM/MAILBOX/status_hold_nvp_reg[27]/C,CAPTURE_SUBSYSTEM/MAILBOX/status_bus_pcie_reg[27]/D,STABLE_DATA_WITH_SYNCHRONIZED_QUALIFIER,STATUS_MAILBOX,PASS,Group 2 preserved routed skew; capture_mailbox acknowledged status snapshot,EXACT_PRIOR_ROW
CDC-15,Warning,nvp_vclk1->userclk1,Max Delay Datapath Only,CAPTURE_SUBSYSTEM/MAILBOX/status_hold_nvp_reg[28]/C,CAPTURE_SUBSYSTEM/MAILBOX/status_bus_pcie_reg[28]/D,STABLE_DATA_WITH_SYNCHRONIZED_QUALIFIER,STATUS_MAILBOX,PASS,Group 2 preserved routed skew; capture_mailbox acknowledged status snapshot,EXACT_PRIOR_ROW
CDC-15,Warning,nvp_vclk1->userclk1,Max Delay Datapath Only,CAPTURE_SUBSYSTEM/MAILBOX/status_hold_nvp_reg[29]/C,CAPTURE_SUBSYSTEM/MAILBOX/status_bus_pcie_reg[29]/D,STABLE_DATA_WITH_SYNCHRONIZED_QUALIFIER,STATUS_MAILBOX,PASS,Group 2 preserved routed skew; capture_mailbox acknowledged status snapshot,EXACT_PRIOR_ROW
CDC-15,Warning,nvp_vclk1->userclk1,Max Delay Datapath Only,CAPTURE_SUBSYSTEM/MAILBOX/status_hold_nvp_reg[30]/C,CAPTURE_SUBSYSTEM/MAILBOX/status_bus_pcie_reg[30]/D,STABLE_DATA_WITH_SYNCHRONIZED_QUALIFIER,STATUS_MAILBOX,PASS,Group 2 preserved routed skew; capture_mailbox acknowledged status snapshot,EXACT_PRIOR_ROW
CDC-15,Warning,nvp_vclk1->userclk1,Max Delay Datapath Only,CAPTURE_SUBSYSTEM/MAILBOX/status_hold_nvp_reg[31]/C,CAPTURE_SUBSYSTEM/MAILBOX/status_bus_pcie_reg[31]/D,STABLE_DATA_WITH_SYNCHRONIZED_QUALIFIER,STATUS_MAILBOX,PASS,Group 2 preserved routed skew; capture_mailbox acknowledged status snapshot,EXACT_PRIOR_ROW
CDC-15,Warning,nvp_vclk1->userclk1,Max Delay Datapath Only,CAPTURE_SUBSYSTEM/MAILBOX/status_hold_nvp_reg[32]/C,CAPTURE_SUBSYSTEM/MAILBOX/status_bus_pcie_reg[32]/D,STABLE_DATA_WITH_SYNCHRONIZED_QUALIFIER,STATUS_MAILBOX,PASS,Group 2 preserved routed skew; capture_mailbox acknowledged status snapshot,EXACT_PRIOR_ROW
CDC-15,Warning,nvp_vclk1->userclk1,Max Delay Datapath Only,CAPTURE_SUBSYSTEM/MAILBOX/status_hold_nvp_reg[33]/C,CAPTURE_SUBSYSTEM/MAILBOX/status_bus_pcie_reg[33]/D,STABLE_DATA_WITH_SYNCHRONIZED_QUALIFIER,STATUS_MAILBOX,PASS,Group 2 preserved routed skew; capture_mailbox acknowledged status snapshot,EXACT_PRIOR_ROW
CDC-15,Warning,nvp_vclk1->userclk1,Max Delay Datapath Only,CAPTURE_SUBSYSTEM/MAILBOX/status_hold_nvp_reg[34]/C,CAPTURE_SUBSYSTEM/MAILBOX/status_bus_pcie_reg[34]/D,STABLE_DATA_WITH_SYNCHRONIZED_QUALIFIER,STATUS_MAILBOX,PASS,Group 2 preserved routed skew; capture_mailbox acknowledged status snapshot,EXACT_PRIOR_ROW
CDC-15,Warning,nvp_vclk1->userclk1,Max Delay Datapath Only,CAPTURE_SUBSYSTEM/MAILBOX/status_hold_nvp_reg[35]/C,CAPTURE_SUBSYSTEM/MAILBOX/status_bus_pcie_reg[35]/D,STABLE_DATA_WITH_SYNCHRONIZED_QUALIFIER,STATUS_MAILBOX,PASS,Group 2 preserved routed skew; capture_mailbox acknowledged status snapshot,EXACT_PRIOR_ROW
CDC-15,Warning,nvp_vclk1->userclk1,Max Delay Datapath Only,CAPTURE_SUBSYSTEM/MAILBOX/status_hold_nvp_reg[36]/C,CAPTURE_SUBSYSTEM/MAILBOX/status_bus_pcie_reg[36]/D,STABLE_DATA_WITH_SYNCHRONIZED_QUALIFIER,STATUS_MAILBOX,PASS,Group 2 preserved routed skew; capture_mailbox acknowledged status snapshot,EXACT_PRIOR_ROW
CDC-15,Warning,nvp_vclk1->userclk1,Max Delay Datapath Only,CAPTURE_SUBSYSTEM/MAILBOX/status_hold_nvp_reg[37]/C,CAPTURE_SUBSYSTEM/MAILBOX/status_bus_pcie_reg[37]/D,STABLE_DATA_WITH_SYNCHRONIZED_QUALIFIER,STATUS_MAILBOX,PASS,Group 2 preserved routed skew; capture_mailbox acknowledged status snapshot,EXACT_PRIOR_ROW
CDC-15,Warning,nvp_vclk1->userclk1,Max Delay Datapath Only,CAPTURE_SUBSYSTEM/MAILBOX/status_hold_nvp_reg[38]/C,CAPTURE_SUBSYSTEM/MAILBOX/status_bus_pcie_reg[38]/D,STABLE_DATA_WITH_SYNCHRONIZED_QUALIFIER,STATUS_MAILBOX,PASS,Group 2 preserved routed skew; capture_mailbox acknowledged status snapshot,EXACT_PRIOR_ROW
CDC-15,Warning,nvp_vclk1->userclk1,Max Delay Datapath Only,CAPTURE_SUBSYSTEM/MAILBOX/status_hold_nvp_reg[39]/C,CAPTURE_SUBSYSTEM/MAILBOX/status_bus_pcie_reg[39]/D,STABLE_DATA_WITH_SYNCHRONIZED_QUALIFIER,STATUS_MAILBOX,PASS,Group 2 preserved routed skew; capture_mailbox acknowledged status snapshot,EXACT_PRIOR_ROW
CDC-15,Warning,nvp_vclk1->userclk1,Max Delay Datapath Only,CAPTURE_SUBSYSTEM/MAILBOX/status_hold_nvp_reg[40]/C,CAPTURE_SUBSYSTEM/MAILBOX/status_bus_pcie_reg[40]/D,STABLE_DATA_WITH_SYNCHRONIZED_QUALIFIER,STATUS_MAILBOX,PASS,Group 2 preserved routed skew; capture_mailbox acknowledged status snapshot,EXACT_PRIOR_ROW
CDC-15,Warning,nvp_vclk1->userclk1,Max Delay Datapath Only,CAPTURE_SUBSYSTEM/MAILBOX/status_hold_nvp_reg[41]/C,CAPTURE_SUBSYSTEM/MAILBOX/status_bus_pcie_reg[41]/D,STABLE_DATA_WITH_SYNCHRONIZED_QUALIFIER,STATUS_MAILBOX,PASS,Group 2 preserved routed skew; capture_mailbox acknowledged status snapshot,EXACT_PRIOR_ROW
CDC-15,Warning,nvp_vclk1->userclk1,Max Delay Datapath Only,CAPTURE_SUBSYSTEM/MAILBOX/status_hold_nvp_reg[42]/C,CAPTURE_SUBSYSTEM/MAILBOX/status_bus_pcie_reg[42]/D,STABLE_DATA_WITH_SYNCHRONIZED_QUALIFIER,STATUS_MAILBOX,PASS,Group 2 preserved routed skew; capture_mailbox acknowledged status snapshot,EXACT_PRIOR_ROW
CDC-15,Warning,nvp_vclk1->userclk1,Max Delay Datapath Only,CAPTURE_SUBSYSTEM/MAILBOX/status_hold_nvp_reg[43]/C,CAPTURE_SUBSYSTEM/MAILBOX/status_bus_pcie_reg[43]/D,STABLE_DATA_WITH_SYNCHRONIZED_QUALIFIER,STATUS_MAILBOX,PASS,Group 2 preserved routed skew; capture_mailbox acknowledged status snapshot,EXACT_PRIOR_ROW
CDC-15,Warning,nvp_vclk1->userclk1,Max Delay Datapath Only,CAPTURE_SUBSYSTEM/MAILBOX/status_hold_nvp_reg[44]/C,CAPTURE_SUBSYSTEM/MAILBOX/status_bus_pcie_reg[44]/D,STABLE_DATA_WITH_SYNCHRONIZED_QUALIFIER,STATUS_MAILBOX,PASS,Group 2 preserved routed skew; capture_mailbox acknowledged status snapshot,EXACT_PRIOR_ROW
CDC-15,Warning,nvp_vclk1->userclk1,Max Delay Datapath Only,CAPTURE_SUBSYSTEM/MAILBOX/status_hold_nvp_reg[45]/C,CAPTURE_SUBSYSTEM/MAILBOX/status_bus_pcie_reg[45]/D,STABLE_DATA_WITH_SYNCHRONIZED_QUALIFIER,STATUS_MAILBOX,PASS,Group 2 preserved routed skew; capture_mailbox acknowledged status snapshot,EXACT_PRIOR_ROW
CDC-15,Warning,nvp_vclk1->userclk1,Max Delay Datapath Only,CAPTURE_SUBSYSTEM/MAILBOX/status_hold_nvp_reg[46]/C,CAPTURE_SUBSYSTEM/MAILBOX/status_bus_pcie_reg[46]/D,STABLE_DATA_WITH_SYNCHRONIZED_QUALIFIER,STATUS_MAILBOX,PASS,Group 2 preserved routed skew; capture_mailbox acknowledged status snapshot,EXACT_PRIOR_ROW
CDC-15,Warning,nvp_vclk1->userclk1,Max Delay Datapath Only,CAPTURE_SUBSYSTEM/MAILBOX/status_hold_nvp_reg[47]/C,CAPTURE_SUBSYSTEM/MAILBOX/status_bus_pcie_reg[47]/D,STABLE_DATA_WITH_SYNCHRONIZED_QUALIFIER,STATUS_MAILBOX,PASS,Group 2 preserved routed skew; capture_mailbox acknowledged status snapshot,EXACT_PRIOR_ROW
CDC-15,Warning,nvp_vclk1->userclk1,Max Delay Datapath Only,CAPTURE_SUBSYSTEM/MAILBOX/status_hold_nvp_reg[48]/C,CAPTURE_SUBSYSTEM/MAILBOX/status_bus_pcie_reg[48]/D,STABLE_DATA_WITH_SYNCHRONIZED_QUALIFIER,STATUS_MAILBOX,PASS,Group 2 preserved routed skew; capture_mailbox acknowledged status snapshot,EXACT_PRIOR_ROW
CDC-15,Warning,nvp_vclk1->userclk1,Max Delay Datapath Only,CAPTURE_SUBSYSTEM/MAILBOX/status_hold_nvp_reg[49]/C,CAPTURE_SUBSYSTEM/MAILBOX/status_bus_pcie_reg[49]/D,STABLE_DATA_WITH_SYNCHRONIZED_QUALIFIER,STATUS_MAILBOX,PASS,Group 2 preserved routed skew; capture_mailbox acknowledged status snapshot,EXACT_PRIOR_ROW
CDC-15,Warning,nvp_vclk1->userclk1,Max Delay Datapath Only,CAPTURE_SUBSYSTEM/MAILBOX/status_hold_nvp_reg[50]/C,CAPTURE_SUBSYSTEM/MAILBOX/status_bus_pcie_reg[50]/D,STABLE_DATA_WITH_SYNCHRONIZED_QUALIFIER,STATUS_MAILBOX,PASS,Group 2 preserved routed skew; capture_mailbox acknowledged status snapshot,EXACT_PRIOR_ROW
CDC-15,Warning,nvp_vclk1->userclk1,Max Delay Datapath Only,CAPTURE_SUBSYSTEM/MAILBOX/status_hold_nvp_reg[51]/C,CAPTURE_SUBSYSTEM/MAILBOX/status_bus_pcie_reg[51]/D,STABLE_DATA_WITH_SYNCHRONIZED_QUALIFIER,STATUS_MAILBOX,PASS,Group 2 preserved routed skew; capture_mailbox acknowledged status snapshot,EXACT_PRIOR_ROW
CDC-15,Warning,nvp_vclk1->userclk1,Max Delay Datapath Only,CAPTURE_SUBSYSTEM/MAILBOX/status_hold_nvp_reg[52]/C,CAPTURE_SUBSYSTEM/MAILBOX/status_bus_pcie_reg[52]/D,STABLE_DATA_WITH_SYNCHRONIZED_QUALIFIER,STATUS_MAILBOX,PASS,Group 2 preserved routed skew; capture_mailbox acknowledged status snapshot,EXACT_PRIOR_ROW
CDC-15,Warning,nvp_vclk1->userclk1,Max Delay Datapath Only,CAPTURE_SUBSYSTEM/MAILBOX/status_hold_nvp_reg[53]/C,CAPTURE_SUBSYSTEM/MAILBOX/status_bus_pcie_reg[53]/D,STABLE_DATA_WITH_SYNCHRONIZED_QUALIFIER,STATUS_MAILBOX,PASS,Group 2 preserved routed skew; capture_mailbox acknowledged status snapshot,EXACT_PRIOR_ROW
CDC-15,Warning,nvp_vclk1->userclk1,Max Delay Datapath Only,CAPTURE_SUBSYSTEM/MAILBOX/status_hold_nvp_reg[54]/C,CAPTURE_SUBSYSTEM/MAILBOX/status_bus_pcie_reg[54]/D,STABLE_DATA_WITH_SYNCHRONIZED_QUALIFIER,STATUS_MAILBOX,PASS,Group 2 preserved routed skew; capture_mailbox acknowledged status snapshot,EXACT_PRIOR_ROW
CDC-15,Warning,nvp_vclk1->userclk1,Max Delay Datapath Only,CAPTURE_SUBSYSTEM/MAILBOX/status_hold_nvp_reg[55]/C,CAPTURE_SUBSYSTEM/MAILBOX/status_bus_pcie_reg[55]/D,STABLE_DATA_WITH_SYNCHRONIZED_QUALIFIER,STATUS_MAILBOX,PASS,Group 2 preserved routed skew; capture_mailbox acknowledged status snapshot,EXACT_PRIOR_ROW
CDC-15,Warning,nvp_vclk1->userclk1,Max Delay Datapath Only,CAPTURE_SUBSYSTEM/MAILBOX/status_hold_nvp_reg[56]/C,CAPTURE_SUBSYSTEM/MAILBOX/status_bus_pcie_reg[56]/D,STABLE_DATA_WITH_SYNCHRONIZED_QUALIFIER,STATUS_MAILBOX,PASS,Group 2 preserved routed skew; capture_mailbox acknowledged status snapshot,EXACT_PRIOR_ROW
CDC-15,Warning,nvp_vclk1->userclk1,Max Delay Datapath Only,CAPTURE_SUBSYSTEM/MAILBOX/status_hold_nvp_reg[57]/C,CAPTURE_SUBSYSTEM/MAILBOX/status_bus_pcie_reg[57]/D,STABLE_DATA_WITH_SYNCHRONIZED_QUALIFIER,STATUS_MAILBOX,PASS,Group 2 preserved routed skew; capture_mailbox acknowledged status snapshot,EXACT_PRIOR_ROW
CDC-15,Warning,nvp_vclk1->userclk1,Max Delay Datapath Only,CAPTURE_SUBSYSTEM/MAILBOX/status_hold_nvp_reg[58]/C,CAPTURE_SUBSYSTEM/MAILBOX/status_bus_pcie_reg[58]/D,STABLE_DATA_WITH_SYNCHRONIZED_QUALIFIER,STATUS_MAILBOX,PASS,Group 2 preserved routed skew; capture_mailbox acknowledged status snapshot,EXACT_PRIOR_ROW
CDC-15,Warning,nvp_vclk1->userclk1,Max Delay Datapath Only,CAPTURE_SUBSYSTEM/MAILBOX/status_hold_nvp_reg[59]/C,CAPTURE_SUBSYSTEM/MAILBOX/status_bus_pcie_reg[59]/D,STABLE_DATA_WITH_SYNCHRONIZED_QUALIFIER,STATUS_MAILBOX,PASS,Group 2 preserved routed skew; capture_mailbox acknowledged status snapshot,EXACT_PRIOR_ROW
CDC-15,Warning,nvp_vclk1->userclk1,Max Delay Datapath Only,CAPTURE_SUBSYSTEM/MAILBOX/status_hold_nvp_reg[60]/C,CAPTURE_SUBSYSTEM/MAILBOX/status_bus_pcie_reg[60]/D,STABLE_DATA_WITH_SYNCHRONIZED_QUALIFIER,STATUS_MAILBOX,PASS,Group 2 preserved routed skew; capture_mailbox acknowledged status snapshot,EXACT_PRIOR_ROW
CDC-15,Warning,nvp_vclk1->userclk1,Max Delay Datapath Only,CAPTURE_SUBSYSTEM/MAILBOX/status_hold_nvp_reg[61]/C,CAPTURE_SUBSYSTEM/MAILBOX/status_bus_pcie_reg[61]/D,STABLE_DATA_WITH_SYNCHRONIZED_QUALIFIER,STATUS_MAILBOX,PASS,Group 2 preserved routed skew; capture_mailbox acknowledged status snapshot,EXACT_PRIOR_ROW
CDC-15,Warning,nvp_vclk1->userclk1,Max Delay Datapath Only,CAPTURE_SUBSYSTEM/MAILBOX/status_hold_nvp_reg[62]/C,CAPTURE_SUBSYSTEM/MAILBOX/status_bus_pcie_reg[62]/D,STABLE_DATA_WITH_SYNCHRONIZED_QUALIFIER,STATUS_MAILBOX,PASS,Group 2 preserved routed skew; capture_mailbox acknowledged status snapshot,EXACT_PRIOR_ROW
CDC-15,Warning,nvp_vclk1->userclk1,Max Delay Datapath Only,CAPTURE_SUBSYSTEM/MAILBOX/status_hold_nvp_reg[63]/C,CAPTURE_SUBSYSTEM/MAILBOX/status_bus_pcie_reg[63]/D,STABLE_DATA_WITH_SYNCHRONIZED_QUALIFIER,STATUS_MAILBOX,PASS,Group 2 preserved routed skew; capture_mailbox acknowledged status snapshot,EXACT_PRIOR_ROW
CDC-15,Warning,nvp_vclk1->userclk1,Max Delay Datapath Only,CAPTURE_SUBSYSTEM/MAILBOX/status_hold_nvp_reg[64]/C,CAPTURE_SUBSYSTEM/MAILBOX/status_bus_pcie_reg[64]/D,STABLE_DATA_WITH_SYNCHRONIZED_QUALIFIER,STATUS_MAILBOX,PASS,Group 2 preserved routed skew; capture_mailbox acknowledged status snapshot,EXACT_PRIOR_ROW
CDC-15,Warning,nvp_vclk1->userclk1,Max Delay Datapath Only,CAPTURE_SUBSYSTEM/MAILBOX/status_hold_nvp_reg[65]/C,CAPTURE_SUBSYSTEM/MAILBOX/status_bus_pcie_reg[65]/D,STABLE_DATA_WITH_SYNCHRONIZED_QUALIFIER,STATUS_MAILBOX,PASS,Group 2 preserved routed skew; capture_mailbox acknowledged status snapshot,EXACT_PRIOR_ROW
CDC-15,Warning,nvp_vclk1->userclk1,Max Delay Datapath Only,CAPTURE_SUBSYSTEM/MAILBOX/status_hold_nvp_reg[66]/C,CAPTURE_SUBSYSTEM/MAILBOX/status_bus_pcie_reg[66]/D,STABLE_DATA_WITH_SYNCHRONIZED_QUALIFIER,STATUS_MAILBOX,PASS,Group 2 preserved routed skew; capture_mailbox acknowledged status snapshot,EXACT_PRIOR_ROW
CDC-15,Warning,nvp_vclk1->userclk1,Max Delay Datapath Only,CAPTURE_SUBSYSTEM/MAILBOX/status_hold_nvp_reg[67]/C,CAPTURE_SUBSYSTEM/MAILBOX/status_bus_pcie_reg[67]/D,STABLE_DATA_WITH_SYNCHRONIZED_QUALIFIER,STATUS_MAILBOX,PASS,Group 2 preserved routed skew; capture_mailbox acknowledged status snapshot,EXACT_PRIOR_ROW
CDC-15,Warning,nvp_vclk1->userclk1,Max Delay Datapath Only,CAPTURE_SUBSYSTEM/MAILBOX/status_hold_nvp_reg[68]/C,CAPTURE_SUBSYSTEM/MAILBOX/status_bus_pcie_reg[68]/D,STABLE_DATA_WITH_SYNCHRONIZED_QUALIFIER,STATUS_MAILBOX,PASS,Group 2 preserved routed skew; capture_mailbox acknowledged status snapshot,EXACT_PRIOR_ROW
CDC-15,Warning,nvp_vclk1->userclk1,Max Delay Datapath Only,CAPTURE_SUBSYSTEM/MAILBOX/status_hold_nvp_reg[69]/C,CAPTURE_SUBSYSTEM/MAILBOX/status_bus_pcie_reg[69]/D,STABLE_DATA_WITH_SYNCHRONIZED_QUALIFIER,STATUS_MAILBOX,PASS,Group 2 preserved routed skew; capture_mailbox acknowledged status snapshot,EXACT_PRIOR_ROW
CDC-15,Warning,nvp_vclk1->userclk1,Max Delay Datapath Only,CAPTURE_SUBSYSTEM/MAILBOX/status_hold_nvp_reg[70]/C,CAPTURE_SUBSYSTEM/MAILBOX/status_bus_pcie_reg[70]/D,STABLE_DATA_WITH_SYNCHRONIZED_QUALIFIER,STATUS_MAILBOX,PASS,Group 2 preserved routed skew; capture_mailbox acknowledged status snapshot,EXACT_PRIOR_ROW
CDC-15,Warning,nvp_vclk1->userclk1,Max Delay Datapath Only,CAPTURE_SUBSYSTEM/MAILBOX/status_hold_nvp_reg[71]/C,CAPTURE_SUBSYSTEM/MAILBOX/status_bus_pcie_reg[71]/D,STABLE_DATA_WITH_SYNCHRONIZED_QUALIFIER,STATUS_MAILBOX,PASS,Group 2 preserved routed skew; capture_mailbox acknowledged status snapshot,EXACT_PRIOR_ROW
CDC-15,Warning,nvp_vclk1->userclk1,Max Delay Datapath Only,CAPTURE_SUBSYSTEM/MAILBOX/status_hold_nvp_reg[72]/C,CAPTURE_SUBSYSTEM/MAILBOX/status_bus_pcie_reg[72]/D,STABLE_DATA_WITH_SYNCHRONIZED_QUALIFIER,STATUS_MAILBOX,PASS,Group 2 preserved routed skew; capture_mailbox acknowledged status snapshot,EXACT_PRIOR_ROW
CDC-15,Warning,nvp_vclk1->userclk1,Max Delay Datapath Only,CAPTURE_SUBSYSTEM/MAILBOX/status_hold_nvp_reg[73]/C,CAPTURE_SUBSYSTEM/MAILBOX/status_bus_pcie_reg[73]/D,STABLE_DATA_WITH_SYNCHRONIZED_QUALIFIER,STATUS_MAILBOX,PASS,Group 2 preserved routed skew; capture_mailbox acknowledged status snapshot,EXACT_PRIOR_ROW
CDC-15,Warning,nvp_vclk1->userclk1,Max Delay Datapath Only,CAPTURE_SUBSYSTEM/MAILBOX/status_hold_nvp_reg[74]/C,CAPTURE_SUBSYSTEM/MAILBOX/status_bus_pcie_reg[74]/D,STABLE_DATA_WITH_SYNCHRONIZED_QUALIFIER,STATUS_MAILBOX,PASS,Group 2 preserved routed skew; capture_mailbox acknowledged status snapshot,EXACT_PRIOR_ROW
CDC-15,Warning,nvp_vclk1->userclk1,Max Delay Datapath Only,CAPTURE_SUBSYSTEM/MAILBOX/status_hold_nvp_reg[75]/C,CAPTURE_SUBSYSTEM/MAILBOX/status_bus_pcie_reg[75]/D,STABLE_DATA_WITH_SYNCHRONIZED_QUALIFIER,STATUS_MAILBOX,PASS,Group 2 preserved routed skew; capture_mailbox acknowledged status snapshot,EXACT_PRIOR_ROW
CDC-15,Warning,nvp_vclk1->userclk1,Max Delay Datapath Only,CAPTURE_SUBSYSTEM/MAILBOX/status_hold_nvp_reg[76]/C,CAPTURE_SUBSYSTEM/MAILBOX/status_bus_pcie_reg[76]/D,STABLE_DATA_WITH_SYNCHRONIZED_QUALIFIER,STATUS_MAILBOX,PASS,Group 2 preserved routed skew; capture_mailbox acknowledged status snapshot,EXACT_PRIOR_ROW
CDC-15,Warning,nvp_vclk1->userclk1,Max Delay Datapath Only,CAPTURE_SUBSYSTEM/MAILBOX/status_hold_nvp_reg[77]/C,CAPTURE_SUBSYSTEM/MAILBOX/status_bus_pcie_reg[77]/D,STABLE_DATA_WITH_SYNCHRONIZED_QUALIFIER,STATUS_MAILBOX,PASS,Group 2 preserved routed skew; capture_mailbox acknowledged status snapshot,EXACT_PRIOR_ROW
CDC-15,Warning,nvp_vclk1->userclk1,Max Delay Datapath Only,CAPTURE_SUBSYSTEM/MAILBOX/status_hold_nvp_reg[78]/C,CAPTURE_SUBSYSTEM/MAILBOX/status_bus_pcie_reg[78]/D,STABLE_DATA_WITH_SYNCHRONIZED_QUALIFIER,STATUS_MAILBOX,PASS,Group 2 preserved routed skew; capture_mailbox acknowledged status snapshot,EXACT_PRIOR_ROW
CDC-15,Warning,nvp_vclk1->userclk1,Max Delay Datapath Only,CAPTURE_SUBSYSTEM/MAILBOX/status_hold_nvp_reg[79]/C,CAPTURE_SUBSYSTEM/MAILBOX/status_bus_pcie_reg[79]/D,STABLE_DATA_WITH_SYNCHRONIZED_QUALIFIER,STATUS_MAILBOX,PASS,Group 2 preserved routed skew; capture_mailbox acknowledged status snapshot,EXACT_PRIOR_ROW
CDC-15,Warning,nvp_vclk1->userclk1,Max Delay Datapath Only,CAPTURE_SUBSYSTEM/MAILBOX/status_hold_nvp_reg[80]/C,CAPTURE_SUBSYSTEM/MAILBOX/status_bus_pcie_reg[80]/D,STABLE_DATA_WITH_SYNCHRONIZED_QUALIFIER,STATUS_MAILBOX,PASS,Group 2 preserved routed skew; capture_mailbox acknowledged status snapshot,EXACT_PRIOR_ROW
CDC-15,Warning,nvp_vclk1->userclk1,Max Delay Datapath Only,CAPTURE_SUBSYSTEM/MAILBOX/status_hold_nvp_reg[81]/C,CAPTURE_SUBSYSTEM/MAILBOX/status_bus_pcie_reg[81]/D,STABLE_DATA_WITH_SYNCHRONIZED_QUALIFIER,STATUS_MAILBOX,PASS,Group 2 preserved routed skew; capture_mailbox acknowledged status snapshot,EXACT_PRIOR_ROW
CDC-15,Warning,nvp_vclk1->userclk1,Max Delay Datapath Only,CAPTURE_SUBSYSTEM/MAILBOX/status_hold_nvp_reg[82]/C,CAPTURE_SUBSYSTEM/MAILBOX/status_bus_pcie_reg[82]/D,STABLE_DATA_WITH_SYNCHRONIZED_QUALIFIER,STATUS_MAILBOX,PASS,Group 2 preserved routed skew; capture_mailbox acknowledged status snapshot,EXACT_PRIOR_ROW
CDC-15,Warning,nvp_vclk1->userclk1,Max Delay Datapath Only,CAPTURE_SUBSYSTEM/MAILBOX/status_hold_nvp_reg[83]/C,CAPTURE_SUBSYSTEM/MAILBOX/status_bus_pcie_reg[83]/D,STABLE_DATA_WITH_SYNCHRONIZED_QUALIFIER,STATUS_MAILBOX,PASS,Group 2 preserved routed skew; capture_mailbox acknowledged status snapshot,EXACT_PRIOR_ROW
CDC-15,Warning,nvp_vclk1->userclk1,Max Delay Datapath Only,CAPTURE_SUBSYSTEM/MAILBOX/status_hold_nvp_reg[84]/C,CAPTURE_SUBSYSTEM/MAILBOX/status_bus_pcie_reg[84]/D,STABLE_DATA_WITH_SYNCHRONIZED_QUALIFIER,STATUS_MAILBOX,PASS,Group 2 preserved routed skew; capture_mailbox acknowledged status snapshot,EXACT_PRIOR_ROW
CDC-15,Warning,nvp_vclk1->userclk1,Max Delay Datapath Only,CAPTURE_SUBSYSTEM/MAILBOX/status_hold_nvp_reg[85]/C,CAPTURE_SUBSYSTEM/MAILBOX/status_bus_pcie_reg[85]/D,STABLE_DATA_WITH_SYNCHRONIZED_QUALIFIER,STATUS_MAILBOX,PASS,Group 2 preserved routed skew; capture_mailbox acknowledged status snapshot,EXACT_PRIOR_ROW
CDC-15,Warning,nvp_vclk1->userclk1,Max Delay Datapath Only,CAPTURE_SUBSYSTEM/MAILBOX/status_hold_nvp_reg[86]/C,CAPTURE_SUBSYSTEM/MAILBOX/status_bus_pcie_reg[86]/D,STABLE_DATA_WITH_SYNCHRONIZED_QUALIFIER,STATUS_MAILBOX,PASS,Group 2 preserved routed skew; capture_mailbox acknowledged status snapshot,EXACT_PRIOR_ROW
CDC-15,Warning,nvp_vclk1->userclk1,Max Delay Datapath Only,CAPTURE_SUBSYSTEM/MAILBOX/status_hold_nvp_reg[87]/C,CAPTURE_SUBSYSTEM/MAILBOX/status_bus_pcie_reg[87]/D,STABLE_DATA_WITH_SYNCHRONIZED_QUALIFIER,STATUS_MAILBOX,PASS,Group 2 preserved routed skew; capture_mailbox acknowledged status snapshot,EXACT_PRIOR_ROW
CDC-15,Warning,nvp_vclk1->userclk1,Max Delay Datapath Only,CAPTURE_SUBSYSTEM/MAILBOX/status_hold_nvp_reg[88]/C,CAPTURE_SUBSYSTEM/MAILBOX/status_bus_pcie_reg[88]/D,STABLE_DATA_WITH_SYNCHRONIZED_QUALIFIER,STATUS_MAILBOX,PASS,Group 2 preserved routed skew; capture_mailbox acknowledged status snapshot,EXACT_PRIOR_ROW
CDC-15,Warning,nvp_vclk1->userclk1,Max Delay Datapath Only,CAPTURE_SUBSYSTEM/MAILBOX/status_hold_nvp_reg[89]/C,CAPTURE_SUBSYSTEM/MAILBOX/status_bus_pcie_reg[89]/D,STABLE_DATA_WITH_SYNCHRONIZED_QUALIFIER,STATUS_MAILBOX,PASS,Group 2 preserved routed skew; capture_mailbox acknowledged status snapshot,EXACT_PRIOR_ROW
CDC-15,Warning,nvp_vclk1->userclk1,Max Delay Datapath Only,CAPTURE_SUBSYSTEM/MAILBOX/status_hold_nvp_reg[90]/C,CAPTURE_SUBSYSTEM/MAILBOX/status_bus_pcie_reg[90]/D,STABLE_DATA_WITH_SYNCHRONIZED_QUALIFIER,STATUS_MAILBOX,PASS,Group 2 preserved routed skew; capture_mailbox acknowledged status snapshot,EXACT_PRIOR_ROW
CDC-15,Warning,nvp_vclk1->userclk1,Max Delay Datapath Only,CAPTURE_SUBSYSTEM/MAILBOX/status_hold_nvp_reg[91]/C,CAPTURE_SUBSYSTEM/MAILBOX/status_bus_pcie_reg[91]/D,STABLE_DATA_WITH_SYNCHRONIZED_QUALIFIER,STATUS_MAILBOX,PASS,Group 2 preserved routed skew; capture_mailbox acknowledged status snapshot,EXACT_PRIOR_ROW
CDC-15,Warning,nvp_vclk1->userclk1,Max Delay Datapath Only,CAPTURE_SUBSYSTEM/MAILBOX/status_hold_nvp_reg[92]/C,CAPTURE_SUBSYSTEM/MAILBOX/status_bus_pcie_reg[92]/D,STABLE_DATA_WITH_SYNCHRONIZED_QUALIFIER,STATUS_MAILBOX,PASS,Group 2 preserved routed skew; capture_mailbox acknowledged status snapshot,EXACT_PRIOR_ROW
CDC-15,Warning,nvp_vclk1->userclk1,Max Delay Datapath Only,CAPTURE_SUBSYSTEM/MAILBOX/status_hold_nvp_reg[93]/C,CAPTURE_SUBSYSTEM/MAILBOX/status_bus_pcie_reg[93]/D,STABLE_DATA_WITH_SYNCHRONIZED_QUALIFIER,STATUS_MAILBOX,PASS,Group 2 preserved routed skew; capture_mailbox acknowledged status snapshot,EXACT_PRIOR_ROW
CDC-15,Warning,nvp_vclk1->userclk1,Max Delay Datapath Only,CAPTURE_SUBSYSTEM/MAILBOX/status_hold_nvp_reg[94]/C,CAPTURE_SUBSYSTEM/MAILBOX/status_bus_pcie_reg[94]/D,STABLE_DATA_WITH_SYNCHRONIZED_QUALIFIER,STATUS_MAILBOX,PASS,Group 2 preserved routed skew; capture_mailbox acknowledged status snapshot,EXACT_PRIOR_ROW
CDC-15,Warning,nvp_vclk1->userclk1,Max Delay Datapath Only,CAPTURE_SUBSYSTEM/MAILBOX/status_hold_nvp_reg[95]/C,CAPTURE_SUBSYSTEM/MAILBOX/status_bus_pcie_reg[95]/D,STABLE_DATA_WITH_SYNCHRONIZED_QUALIFIER,STATUS_MAILBOX,PASS,Group 2 preserved routed skew; capture_mailbox acknowledged status snapshot,EXACT_PRIOR_ROW
CDC-15,Warning,nvp_vclk1->userclk1,Max Delay Datapath Only,CAPTURE_SUBSYSTEM/MAILBOX/status_hold_nvp_reg[96]/C,CAPTURE_SUBSYSTEM/MAILBOX/status_bus_pcie_reg[96]/D,STABLE_DATA_WITH_SYNCHRONIZED_QUALIFIER,STATUS_MAILBOX,PASS,Group 2 preserved routed skew; capture_mailbox acknowledged status snapshot,EXACT_PRIOR_ROW
CDC-15,Warning,nvp_vclk1->userclk1,Max Delay Datapath Only,CAPTURE_SUBSYSTEM/MAILBOX/status_hold_nvp_reg[97]/C,CAPTURE_SUBSYSTEM/MAILBOX/status_bus_pcie_reg[97]/D,STABLE_DATA_WITH_SYNCHRONIZED_QUALIFIER,STATUS_MAILBOX,PASS,Group 2 preserved routed skew; capture_mailbox acknowledged status snapshot,EXACT_PRIOR_ROW
CDC-15,Warning,nvp_vclk1->userclk1,Max Delay Datapath Only,CAPTURE_SUBSYSTEM/MAILBOX/status_hold_nvp_reg[98]/C,CAPTURE_SUBSYSTEM/MAILBOX/status_bus_pcie_reg[98]/D,STABLE_DATA_WITH_SYNCHRONIZED_QUALIFIER,STATUS_MAILBOX,PASS,Group 2 preserved routed skew; capture_mailbox acknowledged status snapshot,EXACT_PRIOR_ROW
CDC-15,Warning,nvp_vclk1->userclk1,Max Delay Datapath Only,CAPTURE_SUBSYSTEM/MAILBOX/status_hold_nvp_reg[99]/C,CAPTURE_SUBSYSTEM/MAILBOX/status_bus_pcie_reg[99]/D,STABLE_DATA_WITH_SYNCHRONIZED_QUALIFIER,STATUS_MAILBOX,PASS,Group 2 preserved routed skew; capture_mailbox acknowledged status snapshot,EXACT_PRIOR_ROW
CDC-15,Warning,nvp_vclk1->userclk1,Max Delay Datapath Only,CAPTURE_SUBSYSTEM/MAILBOX/status_hold_nvp_reg[100]/C,CAPTURE_SUBSYSTEM/MAILBOX/status_bus_pcie_reg[100]/D,STABLE_DATA_WITH_SYNCHRONIZED_QUALIFIER,STATUS_MAILBOX,PASS,Group 2 preserved routed skew; capture_mailbox acknowledged status snapshot,EXACT_PRIOR_ROW
CDC-15,Warning,nvp_vclk1->userclk1,Max Delay Datapath Only,CAPTURE_SUBSYSTEM/MAILBOX/status_hold_nvp_reg[101]/C,CAPTURE_SUBSYSTEM/MAILBOX/status_bus_pcie_reg[101]/D,STABLE_DATA_WITH_SYNCHRONIZED_QUALIFIER,STATUS_MAILBOX,PASS,Group 2 preserved routed skew; capture_mailbox acknowledged status snapshot,EXACT_PRIOR_ROW
CDC-15,Warning,nvp_vclk1->userclk1,Max Delay Datapath Only,CAPTURE_SUBSYSTEM/MAILBOX/status_hold_nvp_reg[102]/C,CAPTURE_SUBSYSTEM/MAILBOX/status_bus_pcie_reg[102]/D,STABLE_DATA_WITH_SYNCHRONIZED_QUALIFIER,STATUS_MAILBOX,PASS,Group 2 preserved routed skew; capture_mailbox acknowledged status snapshot,EXACT_PRIOR_ROW
CDC-15,Warning,nvp_vclk1->userclk1,Max Delay Datapath Only,CAPTURE_SUBSYSTEM/MAILBOX/status_hold_nvp_reg[103]/C,CAPTURE_SUBSYSTEM/MAILBOX/status_bus_pcie_reg[103]/D,STABLE_DATA_WITH_SYNCHRONIZED_QUALIFIER,STATUS_MAILBOX,PASS,Group 2 preserved routed skew; capture_mailbox acknowledged status snapshot,EXACT_PRIOR_ROW
CDC-15,Warning,nvp_vclk1->userclk1,Max Delay Datapath Only,CAPTURE_SUBSYSTEM/MAILBOX/status_hold_nvp_reg[104]/C,CAPTURE_SUBSYSTEM/MAILBOX/status_bus_pcie_reg[104]/D,STABLE_DATA_WITH_SYNCHRONIZED_QUALIFIER,STATUS_MAILBOX,PASS,Group 2 preserved routed skew; capture_mailbox acknowledged status snapshot,EXACT_PRIOR_ROW
CDC-15,Warning,nvp_vclk1->userclk1,Max Delay Datapath Only,CAPTURE_SUBSYSTEM/MAILBOX/status_hold_nvp_reg[105]/C,CAPTURE_SUBSYSTEM/MAILBOX/status_bus_pcie_reg[105]/D,STABLE_DATA_WITH_SYNCHRONIZED_QUALIFIER,STATUS_MAILBOX,PASS,Group 2 preserved routed skew; capture_mailbox acknowledged status snapshot,EXACT_PRIOR_ROW
CDC-15,Warning,nvp_vclk1->userclk1,Max Delay Datapath Only,CAPTURE_SUBSYSTEM/MAILBOX/status_hold_nvp_reg[106]/C,CAPTURE_SUBSYSTEM/MAILBOX/status_bus_pcie_reg[106]/D,STABLE_DATA_WITH_SYNCHRONIZED_QUALIFIER,STATUS_MAILBOX,PASS,Group 2 preserved routed skew; capture_mailbox acknowledged status snapshot,EXACT_PRIOR_ROW
CDC-15,Warning,nvp_vclk1->userclk1,Max Delay Datapath Only,CAPTURE_SUBSYSTEM/MAILBOX/status_hold_nvp_reg[107]/C,CAPTURE_SUBSYSTEM/MAILBOX/status_bus_pcie_reg[107]/D,STABLE_DATA_WITH_SYNCHRONIZED_QUALIFIER,STATUS_MAILBOX,PASS,Group 2 preserved routed skew; capture_mailbox acknowledged status snapshot,EXACT_PRIOR_ROW
CDC-15,Warning,nvp_vclk1->userclk1,Max Delay Datapath Only,CAPTURE_SUBSYSTEM/MAILBOX/status_hold_nvp_reg[108]/C,CAPTURE_SUBSYSTEM/MAILBOX/status_bus_pcie_reg[108]/D,STABLE_DATA_WITH_SYNCHRONIZED_QUALIFIER,STATUS_MAILBOX,PASS,Group 2 preserved routed skew; capture_mailbox acknowledged status snapshot,EXACT_PRIOR_ROW
CDC-15,Warning,nvp_vclk1->userclk1,Max Delay Datapath Only,CAPTURE_SUBSYSTEM/MAILBOX/status_hold_nvp_reg[109]/C,CAPTURE_SUBSYSTEM/MAILBOX/status_bus_pcie_reg[109]/D,STABLE_DATA_WITH_SYNCHRONIZED_QUALIFIER,STATUS_MAILBOX,PASS,Group 2 preserved routed skew; capture_mailbox acknowledged status snapshot,EXACT_PRIOR_ROW
CDC-15,Warning,nvp_vclk1->userclk1,Max Delay Datapath Only,CAPTURE_SUBSYSTEM/MAILBOX/status_hold_nvp_reg[110]/C,CAPTURE_SUBSYSTEM/MAILBOX/status_bus_pcie_reg[110]/D,STABLE_DATA_WITH_SYNCHRONIZED_QUALIFIER,STATUS_MAILBOX,PASS,Group 2 preserved routed skew; capture_mailbox acknowledged status snapshot,EXACT_PRIOR_ROW
CDC-15,Warning,nvp_vclk1->userclk1,Max Delay Datapath Only,CAPTURE_SUBSYSTEM/MAILBOX/status_hold_nvp_reg[111]/C,CAPTURE_SUBSYSTEM/MAILBOX/status_bus_pcie_reg[111]/D,STABLE_DATA_WITH_SYNCHRONIZED_QUALIFIER,STATUS_MAILBOX,PASS,Group 2 preserved routed skew; capture_mailbox acknowledged status snapshot,EXACT_PRIOR_ROW
CDC-15,Warning,nvp_vclk1->userclk1,Max Delay Datapath Only,CAPTURE_SUBSYSTEM/MAILBOX/status_hold_nvp_reg[112]/C,CAPTURE_SUBSYSTEM/MAILBOX/status_bus_pcie_reg[112]/D,STABLE_DATA_WITH_SYNCHRONIZED_QUALIFIER,STATUS_MAILBOX,PASS,Group 2 preserved routed skew; capture_mailbox acknowledged status snapshot,EXACT_PRIOR_ROW
CDC-15,Warning,nvp_vclk1->userclk1,Max Delay Datapath Only,CAPTURE_SUBSYSTEM/MAILBOX/status_hold_nvp_reg[113]/C,CAPTURE_SUBSYSTEM/MAILBOX/status_bus_pcie_reg[113]/D,STABLE_DATA_WITH_SYNCHRONIZED_QUALIFIER,STATUS_MAILBOX,PASS,Group 2 preserved routed skew; capture_mailbox acknowledged status snapshot,EXACT_PRIOR_ROW
CDC-15,Warning,nvp_vclk1->userclk1,Max Delay Datapath Only,CAPTURE_SUBSYSTEM/MAILBOX/status_hold_nvp_reg[114]/C,CAPTURE_SUBSYSTEM/MAILBOX/status_bus_pcie_reg[114]/D,STABLE_DATA_WITH_SYNCHRONIZED_QUALIFIER,STATUS_MAILBOX,PASS,Group 2 preserved routed skew; capture_mailbox acknowledged status snapshot,EXACT_PRIOR_ROW
CDC-15,Warning,nvp_vclk1->userclk1,Max Delay Datapath Only,CAPTURE_SUBSYSTEM/MAILBOX/status_hold_nvp_reg[115]/C,CAPTURE_SUBSYSTEM/MAILBOX/status_bus_pcie_reg[115]/D,STABLE_DATA_WITH_SYNCHRONIZED_QUALIFIER,STATUS_MAILBOX,PASS,Group 2 preserved routed skew; capture_mailbox acknowledged status snapshot,EXACT_PRIOR_ROW
CDC-15,Warning,nvp_vclk1->userclk1,Max Delay Datapath Only,CAPTURE_SUBSYSTEM/MAILBOX/status_hold_nvp_reg[116]/C,CAPTURE_SUBSYSTEM/MAILBOX/status_bus_pcie_reg[116]/D,STABLE_DATA_WITH_SYNCHRONIZED_QUALIFIER,STATUS_MAILBOX,PASS,Group 2 preserved routed skew; capture_mailbox acknowledged status snapshot,EXACT_PRIOR_ROW
CDC-15,Warning,nvp_vclk1->userclk1,Max Delay Datapath Only,CAPTURE_SUBSYSTEM/MAILBOX/status_hold_nvp_reg[117]/C,CAPTURE_SUBSYSTEM/MAILBOX/status_bus_pcie_reg[117]/D,STABLE_DATA_WITH_SYNCHRONIZED_QUALIFIER,STATUS_MAILBOX,PASS,Group 2 preserved routed skew; capture_mailbox acknowledged status snapshot,EXACT_PRIOR_ROW
CDC-15,Warning,nvp_vclk1->userclk1,Max Delay Datapath Only,CAPTURE_SUBSYSTEM/MAILBOX/status_hold_nvp_reg[118]/C,CAPTURE_SUBSYSTEM/MAILBOX/status_bus_pcie_reg[118]/D,STABLE_DATA_WITH_SYNCHRONIZED_QUALIFIER,STATUS_MAILBOX,PASS,Group 2 preserved routed skew; capture_mailbox acknowledged status snapshot,EXACT_PRIOR_ROW
CDC-15,Warning,nvp_vclk1->userclk1,Max Delay Datapath Only,CAPTURE_SUBSYSTEM/MAILBOX/status_hold_nvp_reg[119]/C,CAPTURE_SUBSYSTEM/MAILBOX/status_bus_pcie_reg[119]/D,STABLE_DATA_WITH_SYNCHRONIZED_QUALIFIER,STATUS_MAILBOX,PASS,Group 2 preserved routed skew; capture_mailbox acknowledged status snapshot,EXACT_PRIOR_ROW
CDC-15,Warning,nvp_vclk1->userclk1,Max Delay Datapath Only,CAPTURE_SUBSYSTEM/MAILBOX/status_hold_nvp_reg[120]/C,CAPTURE_SUBSYSTEM/MAILBOX/status_bus_pcie_reg[120]/D,STABLE_DATA_WITH_SYNCHRONIZED_QUALIFIER,STATUS_MAILBOX,PASS,Group 2 preserved routed skew; capture_mailbox acknowledged status snapshot,EXACT_PRIOR_ROW
CDC-15,Warning,nvp_vclk1->userclk1,Max Delay Datapath Only,CAPTURE_SUBSYSTEM/MAILBOX/status_hold_nvp_reg[121]/C,CAPTURE_SUBSYSTEM/MAILBOX/status_bus_pcie_reg[121]/D,STABLE_DATA_WITH_SYNCHRONIZED_QUALIFIER,STATUS_MAILBOX,PASS,Group 2 preserved routed skew; capture_mailbox acknowledged status snapshot,EXACT_PRIOR_ROW
CDC-15,Warning,nvp_vclk1->userclk1,Max Delay Datapath Only,CAPTURE_SUBSYSTEM/MAILBOX/status_hold_nvp_reg[122]/C,CAPTURE_SUBSYSTEM/MAILBOX/status_bus_pcie_reg[122]/D,STABLE_DATA_WITH_SYNCHRONIZED_QUALIFIER,STATUS_MAILBOX,PASS,Group 2 preserved routed skew; capture_mailbox acknowledged status snapshot,EXACT_PRIOR_ROW
CDC-15,Warning,nvp_vclk1->userclk1,Max Delay Datapath Only,CAPTURE_SUBSYSTEM/MAILBOX/status_hold_nvp_reg[123]/C,CAPTURE_SUBSYSTEM/MAILBOX/status_bus_pcie_reg[123]/D,STABLE_DATA_WITH_SYNCHRONIZED_QUALIFIER,STATUS_MAILBOX,PASS,Group 2 preserved routed skew; capture_mailbox acknowledged status snapshot,EXACT_PRIOR_ROW
CDC-15,Warning,nvp_vclk1->userclk1,Max Delay Datapath Only,CAPTURE_SUBSYSTEM/MAILBOX/status_hold_nvp_reg[124]/C,CAPTURE_SUBSYSTEM/MAILBOX/status_bus_pcie_reg[124]/D,STABLE_DATA_WITH_SYNCHRONIZED_QUALIFIER,STATUS_MAILBOX,PASS,Group 2 preserved routed skew; capture_mailbox acknowledged status snapshot,EXACT_PRIOR_ROW
CDC-15,Warning,nvp_vclk1->userclk1,Max Delay Datapath Only,CAPTURE_SUBSYSTEM/MAILBOX/status_hold_nvp_reg[125]/C,CAPTURE_SUBSYSTEM/MAILBOX/status_bus_pcie_reg[125]/D,STABLE_DATA_WITH_SYNCHRONIZED_QUALIFIER,STATUS_MAILBOX,PASS,Group 2 preserved routed skew; capture_mailbox acknowledged status snapshot,EXACT_PRIOR_ROW
CDC-15,Warning,nvp_vclk1->userclk1,Max Delay Datapath Only,CAPTURE_SUBSYSTEM/MAILBOX/status_hold_nvp_reg[126]/C,CAPTURE_SUBSYSTEM/MAILBOX/status_bus_pcie_reg[126]/D,STABLE_DATA_WITH_SYNCHRONIZED_QUALIFIER,STATUS_MAILBOX,PASS,Group 2 preserved routed skew; capture_mailbox acknowledged status snapshot,EXACT_PRIOR_ROW
CDC-15,Warning,nvp_vclk1->userclk1,Max Delay Datapath Only,CAPTURE_SUBSYSTEM/MAILBOX/status_hold_nvp_reg[127]/C,CAPTURE_SUBSYSTEM/MAILBOX/status_bus_pcie_reg[127]/D,STABLE_DATA_WITH_SYNCHRONIZED_QUALIFIER,STATUS_MAILBOX,PASS,Group 2 preserved routed skew; capture_mailbox acknowledged status snapshot,EXACT_PRIOR_ROW
CDC-15,Warning,nvp_vclk1->userclk1,Max Delay Datapath Only,CAPTURE_SUBSYSTEM/MAILBOX/status_hold_nvp_reg[128]/C,CAPTURE_SUBSYSTEM/MAILBOX/status_bus_pcie_reg[128]/D,STABLE_DATA_WITH_SYNCHRONIZED_QUALIFIER,STATUS_MAILBOX,PASS,Group 2 preserved routed skew; capture_mailbox acknowledged status snapshot,EXACT_PRIOR_ROW
CDC-15,Warning,nvp_vclk1->userclk1,Max Delay Datapath Only,CAPTURE_SUBSYSTEM/MAILBOX/status_hold_nvp_reg[129]/C,CAPTURE_SUBSYSTEM/MAILBOX/status_bus_pcie_reg[129]/D,STABLE_DATA_WITH_SYNCHRONIZED_QUALIFIER,STATUS_MAILBOX,PASS,Group 2 preserved routed skew; capture_mailbox acknowledged status snapshot,EXACT_PRIOR_ROW
CDC-15,Warning,nvp_vclk1->userclk1,Max Delay Datapath Only,CAPTURE_SUBSYSTEM/MAILBOX/status_hold_nvp_reg[130]/C,CAPTURE_SUBSYSTEM/MAILBOX/status_bus_pcie_reg[130]/D,STABLE_DATA_WITH_SYNCHRONIZED_QUALIFIER,STATUS_MAILBOX,PASS,Group 2 preserved routed skew; capture_mailbox acknowledged status snapshot,EXACT_PRIOR_ROW
CDC-15,Warning,nvp_vclk1->userclk1,Max Delay Datapath Only,CAPTURE_SUBSYSTEM/MAILBOX/status_hold_nvp_reg[131]/C,CAPTURE_SUBSYSTEM/MAILBOX/status_bus_pcie_reg[131]/D,STABLE_DATA_WITH_SYNCHRONIZED_QUALIFIER,STATUS_MAILBOX,PASS,Group 2 preserved routed skew; capture_mailbox acknowledged status snapshot,EXACT_PRIOR_ROW
CDC-15,Warning,nvp_vclk1->userclk1,Max Delay Datapath Only,CAPTURE_SUBSYSTEM/MAILBOX/status_hold_nvp_reg[132]/C,CAPTURE_SUBSYSTEM/MAILBOX/status_bus_pcie_reg[132]/D,STABLE_DATA_WITH_SYNCHRONIZED_QUALIFIER,STATUS_MAILBOX,PASS,Group 2 preserved routed skew; capture_mailbox acknowledged status snapshot,EXACT_PRIOR_ROW
CDC-15,Warning,nvp_vclk1->userclk1,Max Delay Datapath Only,CAPTURE_SUBSYSTEM/MAILBOX/status_hold_nvp_reg[133]/C,CAPTURE_SUBSYSTEM/MAILBOX/status_bus_pcie_reg[133]/D,STABLE_DATA_WITH_SYNCHRONIZED_QUALIFIER,STATUS_MAILBOX,PASS,Group 2 preserved routed skew; capture_mailbox acknowledged status snapshot,EXACT_PRIOR_ROW
CDC-15,Warning,nvp_vclk1->userclk1,Max Delay Datapath Only,CAPTURE_SUBSYSTEM/MAILBOX/status_hold_nvp_reg[134]/C,CAPTURE_SUBSYSTEM/MAILBOX/status_bus_pcie_reg[134]/D,STABLE_DATA_WITH_SYNCHRONIZED_QUALIFIER,STATUS_MAILBOX,PASS,Group 2 preserved routed skew; capture_mailbox acknowledged status snapshot,EXACT_PRIOR_ROW
CDC-15,Warning,nvp_vclk1->userclk1,Max Delay Datapath Only,CAPTURE_SUBSYSTEM/MAILBOX/status_hold_nvp_reg[135]/C,CAPTURE_SUBSYSTEM/MAILBOX/status_bus_pcie_reg[135]/D,STABLE_DATA_WITH_SYNCHRONIZED_QUALIFIER,STATUS_MAILBOX,PASS,Group 2 preserved routed skew; capture_mailbox acknowledged status snapshot,EXACT_PRIOR_ROW
CDC-15,Warning,nvp_vclk1->userclk1,Max Delay Datapath Only,CAPTURE_SUBSYSTEM/MAILBOX/status_hold_nvp_reg[136]/C,CAPTURE_SUBSYSTEM/MAILBOX/status_bus_pcie_reg[136]/D,STABLE_DATA_WITH_SYNCHRONIZED_QUALIFIER,STATUS_MAILBOX,PASS,Group 2 preserved routed skew; capture_mailbox acknowledged status snapshot,EXACT_PRIOR_ROW
CDC-15,Warning,nvp_vclk1->userclk1,Max Delay Datapath Only,CAPTURE_SUBSYSTEM/MAILBOX/status_hold_nvp_reg[137]/C,CAPTURE_SUBSYSTEM/MAILBOX/status_bus_pcie_reg[137]/D,STABLE_DATA_WITH_SYNCHRONIZED_QUALIFIER,STATUS_MAILBOX,PASS,Group 2 preserved routed skew; capture_mailbox acknowledged status snapshot,EXACT_PRIOR_ROW
CDC-15,Warning,nvp_vclk1->userclk1,Max Delay Datapath Only,CAPTURE_SUBSYSTEM/MAILBOX/status_hold_nvp_reg[138]/C,CAPTURE_SUBSYSTEM/MAILBOX/status_bus_pcie_reg[138]/D,STABLE_DATA_WITH_SYNCHRONIZED_QUALIFIER,STATUS_MAILBOX,PASS,Group 2 preserved routed skew; capture_mailbox acknowledged status snapshot,EXACT_PRIOR_ROW
CDC-15,Warning,nvp_vclk1->userclk1,Max Delay Datapath Only,CAPTURE_SUBSYSTEM/MAILBOX/status_hold_nvp_reg[139]/C,CAPTURE_SUBSYSTEM/MAILBOX/status_bus_pcie_reg[139]/D,STABLE_DATA_WITH_SYNCHRONIZED_QUALIFIER,STATUS_MAILBOX,PASS,Group 2 preserved routed skew; capture_mailbox acknowledged status snapshot,EXACT_PRIOR_ROW
CDC-15,Warning,nvp_vclk1->userclk1,Max Delay Datapath Only,CAPTURE_SUBSYSTEM/MAILBOX/status_hold_nvp_reg[140]/C,CAPTURE_SUBSYSTEM/MAILBOX/status_bus_pcie_reg[140]/D,STABLE_DATA_WITH_SYNCHRONIZED_QUALIFIER,STATUS_MAILBOX,PASS,Group 2 preserved routed skew; capture_mailbox acknowledged status snapshot,EXACT_PRIOR_ROW
CDC-15,Warning,nvp_vclk1->userclk1,Max Delay Datapath Only,CAPTURE_SUBSYSTEM/MAILBOX/status_hold_nvp_reg[141]/C,CAPTURE_SUBSYSTEM/MAILBOX/status_bus_pcie_reg[141]/D,STABLE_DATA_WITH_SYNCHRONIZED_QUALIFIER,STATUS_MAILBOX,PASS,Group 2 preserved routed skew; capture_mailbox acknowledged status snapshot,EXACT_PRIOR_ROW
CDC-15,Warning,nvp_vclk1->userclk1,Max Delay Datapath Only,CAPTURE_SUBSYSTEM/MAILBOX/status_hold_nvp_reg[142]/C,CAPTURE_SUBSYSTEM/MAILBOX/status_bus_pcie_reg[142]/D,STABLE_DATA_WITH_SYNCHRONIZED_QUALIFIER,STATUS_MAILBOX,PASS,Group 2 preserved routed skew; capture_mailbox acknowledged status snapshot,EXACT_PRIOR_ROW
CDC-15,Warning,nvp_vclk1->userclk1,Max Delay Datapath Only,CAPTURE_SUBSYSTEM/MAILBOX/status_hold_nvp_reg[143]/C,CAPTURE_SUBSYSTEM/MAILBOX/status_bus_pcie_reg[143]/D,STABLE_DATA_WITH_SYNCHRONIZED_QUALIFIER,STATUS_MAILBOX,PASS,Group 2 preserved routed skew; capture_mailbox acknowledged status snapshot,EXACT_PRIOR_ROW
CDC-15,Warning,nvp_vclk1->userclk1,Max Delay Datapath Only,CAPTURE_SUBSYSTEM/MAILBOX/status_hold_nvp_reg[144]/C,CAPTURE_SUBSYSTEM/MAILBOX/status_bus_pcie_reg[144]/D,STABLE_DATA_WITH_SYNCHRONIZED_QUALIFIER,STATUS_MAILBOX,PASS,Group 2 preserved routed skew; capture_mailbox acknowledged status snapshot,EXACT_PRIOR_ROW
CDC-15,Warning,nvp_vclk1->userclk1,Max Delay Datapath Only,CAPTURE_SUBSYSTEM/MAILBOX/status_hold_nvp_reg[145]/C,CAPTURE_SUBSYSTEM/MAILBOX/status_bus_pcie_reg[145]/D,STABLE_DATA_WITH_SYNCHRONIZED_QUALIFIER,STATUS_MAILBOX,PASS,Group 2 preserved routed skew; capture_mailbox acknowledged status snapshot,EXACT_PRIOR_ROW
CDC-15,Warning,nvp_vclk1->userclk1,Max Delay Datapath Only,CAPTURE_SUBSYSTEM/MAILBOX/status_hold_nvp_reg[146]/C,CAPTURE_SUBSYSTEM/MAILBOX/status_bus_pcie_reg[146]/D,STABLE_DATA_WITH_SYNCHRONIZED_QUALIFIER,STATUS_MAILBOX,PASS,Group 2 preserved routed skew; capture_mailbox acknowledged status snapshot,EXACT_PRIOR_ROW
CDC-15,Warning,nvp_vclk1->userclk1,Max Delay Datapath Only,CAPTURE_SUBSYSTEM/MAILBOX/status_hold_nvp_reg[147]/C,CAPTURE_SUBSYSTEM/MAILBOX/status_bus_pcie_reg[147]/D,STABLE_DATA_WITH_SYNCHRONIZED_QUALIFIER,STATUS_MAILBOX,PASS,Group 2 preserved routed skew; capture_mailbox acknowledged status snapshot,EXACT_PRIOR_ROW
CDC-15,Warning,nvp_vclk1->userclk1,Max Delay Datapath Only,CAPTURE_SUBSYSTEM/MAILBOX/status_hold_nvp_reg[148]/C,CAPTURE_SUBSYSTEM/MAILBOX/status_bus_pcie_reg[148]/D,STABLE_DATA_WITH_SYNCHRONIZED_QUALIFIER,STATUS_MAILBOX,PASS,Group 2 preserved routed skew; capture_mailbox acknowledged status snapshot,EXACT_PRIOR_ROW
CDC-15,Warning,nvp_vclk1->userclk1,Max Delay Datapath Only,CAPTURE_SUBSYSTEM/MAILBOX/status_hold_nvp_reg[149]/C,CAPTURE_SUBSYSTEM/MAILBOX/status_bus_pcie_reg[149]/D,STABLE_DATA_WITH_SYNCHRONIZED_QUALIFIER,STATUS_MAILBOX,PASS,Group 2 preserved routed skew; capture_mailbox acknowledged status snapshot,EXACT_PRIOR_ROW
CDC-15,Warning,nvp_vclk1->userclk1,Max Delay Datapath Only,CAPTURE_SUBSYSTEM/MAILBOX/status_hold_nvp_reg[150]/C,CAPTURE_SUBSYSTEM/MAILBOX/status_bus_pcie_reg[150]/D,STABLE_DATA_WITH_SYNCHRONIZED_QUALIFIER,STATUS_MAILBOX,PASS,Group 2 preserved routed skew; capture_mailbox acknowledged status snapshot,EXACT_PRIOR_ROW
CDC-15,Warning,nvp_vclk1->userclk1,Max Delay Datapath Only,CAPTURE_SUBSYSTEM/MAILBOX/status_hold_nvp_reg[151]/C,CAPTURE_SUBSYSTEM/MAILBOX/status_bus_pcie_reg[151]/D,STABLE_DATA_WITH_SYNCHRONIZED_QUALIFIER,STATUS_MAILBOX,PASS,Group 2 preserved routed skew; capture_mailbox acknowledged status snapshot,EXACT_PRIOR_ROW
CDC-15,Warning,nvp_vclk1->userclk1,Max Delay Datapath Only,CAPTURE_SUBSYSTEM/MAILBOX/status_hold_nvp_reg[152]/C,CAPTURE_SUBSYSTEM/MAILBOX/status_bus_pcie_reg[152]/D,STABLE_DATA_WITH_SYNCHRONIZED_QUALIFIER,STATUS_MAILBOX,PASS,Group 2 preserved routed skew; capture_mailbox acknowledged status snapshot,EXACT_PRIOR_ROW
CDC-15,Warning,nvp_vclk1->userclk1,Max Delay Datapath Only,CAPTURE_SUBSYSTEM/MAILBOX/status_hold_nvp_reg[153]/C,CAPTURE_SUBSYSTEM/MAILBOX/status_bus_pcie_reg[153]/D,STABLE_DATA_WITH_SYNCHRONIZED_QUALIFIER,STATUS_MAILBOX,PASS,Group 2 preserved routed skew; capture_mailbox acknowledged status snapshot,EXACT_PRIOR_ROW
CDC-15,Warning,nvp_vclk1->userclk1,Max Delay Datapath Only,CAPTURE_SUBSYSTEM/MAILBOX/status_hold_nvp_reg[154]/C,CAPTURE_SUBSYSTEM/MAILBOX/status_bus_pcie_reg[154]/D,STABLE_DATA_WITH_SYNCHRONIZED_QUALIFIER,STATUS_MAILBOX,PASS,Group 2 preserved routed skew; capture_mailbox acknowledged status snapshot,EXACT_PRIOR_ROW
CDC-15,Warning,nvp_vclk1->userclk1,Max Delay Datapath Only,CAPTURE_SUBSYSTEM/MAILBOX/status_hold_nvp_reg[155]/C,CAPTURE_SUBSYSTEM/MAILBOX/status_bus_pcie_reg[155]/D,STABLE_DATA_WITH_SYNCHRONIZED_QUALIFIER,STATUS_MAILBOX,PASS,Group 2 preserved routed skew; capture_mailbox acknowledged status snapshot,EXACT_PRIOR_ROW
CDC-15,Warning,nvp_vclk1->userclk1,Max Delay Datapath Only,CAPTURE_SUBSYSTEM/MAILBOX/status_hold_nvp_reg[156]/C,CAPTURE_SUBSYSTEM/MAILBOX/status_bus_pcie_reg[156]/D,STABLE_DATA_WITH_SYNCHRONIZED_QUALIFIER,STATUS_MAILBOX,PASS,Group 2 preserved routed skew; capture_mailbox acknowledged status snapshot,EXACT_PRIOR_ROW
CDC-15,Warning,nvp_vclk1->userclk1,Max Delay Datapath Only,CAPTURE_SUBSYSTEM/MAILBOX/status_hold_nvp_reg[157]/C,CAPTURE_SUBSYSTEM/MAILBOX/status_bus_pcie_reg[157]/D,STABLE_DATA_WITH_SYNCHRONIZED_QUALIFIER,STATUS_MAILBOX,PASS,Group 2 preserved routed skew; capture_mailbox acknowledged status snapshot,EXACT_PRIOR_ROW
CDC-15,Warning,nvp_vclk1->userclk1,Max Delay Datapath Only,CAPTURE_SUBSYSTEM/MAILBOX/status_hold_nvp_reg[158]/C,CAPTURE_SUBSYSTEM/MAILBOX/status_bus_pcie_reg[158]/D,STABLE_DATA_WITH_SYNCHRONIZED_QUALIFIER,STATUS_MAILBOX,PASS,Group 2 preserved routed skew; capture_mailbox acknowledged status snapshot,EXACT_PRIOR_ROW
CDC-15,Warning,nvp_vclk1->userclk1,Max Delay Datapath Only,CAPTURE_SUBSYSTEM/MAILBOX/status_hold_nvp_reg[159]/C,CAPTURE_SUBSYSTEM/MAILBOX/status_bus_pcie_reg[159]/D,STABLE_DATA_WITH_SYNCHRONIZED_QUALIFIER,STATUS_MAILBOX,PASS,Group 2 preserved routed skew; capture_mailbox acknowledged status snapshot,EXACT_PRIOR_ROW
CDC-15,Warning,nvp_vclk1->userclk1,Max Delay Datapath Only,CAPTURE_SUBSYSTEM/MAILBOX/status_hold_nvp_reg[160]/C,CAPTURE_SUBSYSTEM/MAILBOX/status_bus_pcie_reg[160]/D,STABLE_DATA_WITH_SYNCHRONIZED_QUALIFIER,STATUS_MAILBOX,PASS,Group 2 preserved routed skew; capture_mailbox acknowledged status snapshot,EXACT_PRIOR_ROW
CDC-15,Warning,nvp_vclk1->userclk1,Max Delay Datapath Only,CAPTURE_SUBSYSTEM/MAILBOX/status_hold_nvp_reg[161]/C,CAPTURE_SUBSYSTEM/MAILBOX/status_bus_pcie_reg[161]/D,STABLE_DATA_WITH_SYNCHRONIZED_QUALIFIER,STATUS_MAILBOX,PASS,Group 2 preserved routed skew; capture_mailbox acknowledged status snapshot,EXACT_PRIOR_ROW
CDC-15,Warning,nvp_vclk1->userclk1,Max Delay Datapath Only,CAPTURE_SUBSYSTEM/MAILBOX/status_hold_nvp_reg[162]/C,CAPTURE_SUBSYSTEM/MAILBOX/status_bus_pcie_reg[162]/D,STABLE_DATA_WITH_SYNCHRONIZED_QUALIFIER,STATUS_MAILBOX,PASS,Group 2 preserved routed skew; capture_mailbox acknowledged status snapshot,EXACT_PRIOR_ROW
CDC-15,Warning,nvp_vclk1->userclk1,Max Delay Datapath Only,CAPTURE_SUBSYSTEM/MAILBOX/status_hold_nvp_reg[163]/C,CAPTURE_SUBSYSTEM/MAILBOX/status_bus_pcie_reg[163]/D,STABLE_DATA_WITH_SYNCHRONIZED_QUALIFIER,STATUS_MAILBOX,PASS,Group 2 preserved routed skew; capture_mailbox acknowledged status snapshot,EXACT_PRIOR_ROW
CDC-15,Warning,nvp_vclk1->userclk1,Max Delay Datapath Only,CAPTURE_SUBSYSTEM/MAILBOX/status_hold_nvp_reg[164]/C,CAPTURE_SUBSYSTEM/MAILBOX/status_bus_pcie_reg[164]/D,STABLE_DATA_WITH_SYNCHRONIZED_QUALIFIER,STATUS_MAILBOX,PASS,Group 2 preserved routed skew; capture_mailbox acknowledged status snapshot,EXACT_PRIOR_ROW
CDC-15,Warning,nvp_vclk1->userclk1,Max Delay Datapath Only,CAPTURE_SUBSYSTEM/MAILBOX/status_hold_nvp_reg[165]/C,CAPTURE_SUBSYSTEM/MAILBOX/status_bus_pcie_reg[165]/D,STABLE_DATA_WITH_SYNCHRONIZED_QUALIFIER,STATUS_MAILBOX,PASS,Group 2 preserved routed skew; capture_mailbox acknowledged status snapshot,EXACT_PRIOR_ROW
CDC-15,Warning,nvp_vclk1->userclk1,Max Delay Datapath Only,CAPTURE_SUBSYSTEM/MAILBOX/status_hold_nvp_reg[166]/C,CAPTURE_SUBSYSTEM/MAILBOX/status_bus_pcie_reg[166]/D,STABLE_DATA_WITH_SYNCHRONIZED_QUALIFIER,STATUS_MAILBOX,PASS,Group 2 preserved routed skew; capture_mailbox acknowledged status snapshot,EXACT_PRIOR_ROW
CDC-15,Warning,nvp_vclk1->userclk1,Max Delay Datapath Only,CAPTURE_SUBSYSTEM/MAILBOX/status_hold_nvp_reg[167]/C,CAPTURE_SUBSYSTEM/MAILBOX/status_bus_pcie_reg[167]/D,STABLE_DATA_WITH_SYNCHRONIZED_QUALIFIER,STATUS_MAILBOX,PASS,Group 2 preserved routed skew; capture_mailbox acknowledged status snapshot,EXACT_PRIOR_ROW
CDC-15,Warning,nvp_vclk1->userclk1,Max Delay Datapath Only,CAPTURE_SUBSYSTEM/MAILBOX/status_hold_nvp_reg[168]/C,CAPTURE_SUBSYSTEM/MAILBOX/status_bus_pcie_reg[168]/D,STABLE_DATA_WITH_SYNCHRONIZED_QUALIFIER,STATUS_MAILBOX,PASS,Group 2 preserved routed skew; capture_mailbox acknowledged status snapshot,EXACT_PRIOR_ROW
CDC-15,Warning,nvp_vclk1->userclk1,Max Delay Datapath Only,CAPTURE_SUBSYSTEM/MAILBOX/status_hold_nvp_reg[169]/C,CAPTURE_SUBSYSTEM/MAILBOX/status_bus_pcie_reg[169]/D,STABLE_DATA_WITH_SYNCHRONIZED_QUALIFIER,STATUS_MAILBOX,PASS,Group 2 preserved routed skew; capture_mailbox acknowledged status snapshot,EXACT_PRIOR_ROW
CDC-15,Warning,nvp_vclk1->userclk1,Max Delay Datapath Only,CAPTURE_SUBSYSTEM/MAILBOX/status_hold_nvp_reg[170]/C,CAPTURE_SUBSYSTEM/MAILBOX/status_bus_pcie_reg[170]/D,STABLE_DATA_WITH_SYNCHRONIZED_QUALIFIER,STATUS_MAILBOX,PASS,Group 2 preserved routed skew; capture_mailbox acknowledged status snapshot,EXACT_PRIOR_ROW
CDC-15,Warning,nvp_vclk1->userclk1,Max Delay Datapath Only,CAPTURE_SUBSYSTEM/MAILBOX/status_hold_nvp_reg[171]/C,CAPTURE_SUBSYSTEM/MAILBOX/status_bus_pcie_reg[171]/D,STABLE_DATA_WITH_SYNCHRONIZED_QUALIFIER,STATUS_MAILBOX,PASS,Group 2 preserved routed skew; capture_mailbox acknowledged status snapshot,EXACT_PRIOR_ROW
CDC-15,Warning,nvp_vclk1->userclk1,Max Delay Datapath Only,CAPTURE_SUBSYSTEM/MAILBOX/status_hold_nvp_reg[172]/C,CAPTURE_SUBSYSTEM/MAILBOX/status_bus_pcie_reg[172]/D,STABLE_DATA_WITH_SYNCHRONIZED_QUALIFIER,STATUS_MAILBOX,PASS,Group 2 preserved routed skew; capture_mailbox acknowledged status snapshot,EXACT_PRIOR_ROW
CDC-15,Warning,nvp_vclk1->userclk1,Max Delay Datapath Only,CAPTURE_SUBSYSTEM/MAILBOX/status_hold_nvp_reg[173]/C,CAPTURE_SUBSYSTEM/MAILBOX/status_bus_pcie_reg[173]/D,STABLE_DATA_WITH_SYNCHRONIZED_QUALIFIER,STATUS_MAILBOX,PASS,Group 2 preserved routed skew; capture_mailbox acknowledged status snapshot,EXACT_PRIOR_ROW
CDC-15,Warning,nvp_vclk1->userclk1,Max Delay Datapath Only,CAPTURE_SUBSYSTEM/MAILBOX/status_hold_nvp_reg[174]/C,CAPTURE_SUBSYSTEM/MAILBOX/status_bus_pcie_reg[174]/D,STABLE_DATA_WITH_SYNCHRONIZED_QUALIFIER,STATUS_MAILBOX,PASS,Group 2 preserved routed skew; capture_mailbox acknowledged status snapshot,EXACT_PRIOR_ROW
CDC-15,Warning,nvp_vclk1->userclk1,Max Delay Datapath Only,CAPTURE_SUBSYSTEM/MAILBOX/status_hold_nvp_reg[175]/C,CAPTURE_SUBSYSTEM/MAILBOX/status_bus_pcie_reg[175]/D,STABLE_DATA_WITH_SYNCHRONIZED_QUALIFIER,STATUS_MAILBOX,PASS,Group 2 preserved routed skew; capture_mailbox acknowledged status snapshot,EXACT_PRIOR_ROW
CDC-15,Warning,nvp_vclk1->userclk1,Max Delay Datapath Only,CAPTURE_SUBSYSTEM/MAILBOX/status_hold_nvp_reg[176]/C,CAPTURE_SUBSYSTEM/MAILBOX/status_bus_pcie_reg[176]/D,STABLE_DATA_WITH_SYNCHRONIZED_QUALIFIER,STATUS_MAILBOX,PASS,Group 2 preserved routed skew; capture_mailbox acknowledged status snapshot,EXACT_PRIOR_ROW
CDC-15,Warning,nvp_vclk1->userclk1,Max Delay Datapath Only,CAPTURE_SUBSYSTEM/MAILBOX/status_hold_nvp_reg[177]/C,CAPTURE_SUBSYSTEM/MAILBOX/status_bus_pcie_reg[177]/D,STABLE_DATA_WITH_SYNCHRONIZED_QUALIFIER,STATUS_MAILBOX,PASS,Group 2 preserved routed skew; capture_mailbox acknowledged status snapshot,EXACT_PRIOR_ROW
CDC-15,Warning,nvp_vclk1->userclk1,Max Delay Datapath Only,CAPTURE_SUBSYSTEM/MAILBOX/status_hold_nvp_reg[178]/C,CAPTURE_SUBSYSTEM/MAILBOX/status_bus_pcie_reg[178]/D,STABLE_DATA_WITH_SYNCHRONIZED_QUALIFIER,STATUS_MAILBOX,PASS,Group 2 preserved routed skew; capture_mailbox acknowledged status snapshot,EXACT_PRIOR_ROW
CDC-15,Warning,nvp_vclk1->userclk1,Max Delay Datapath Only,CAPTURE_SUBSYSTEM/MAILBOX/status_hold_nvp_reg[179]/C,CAPTURE_SUBSYSTEM/MAILBOX/status_bus_pcie_reg[179]/D,STABLE_DATA_WITH_SYNCHRONIZED_QUALIFIER,STATUS_MAILBOX,PASS,Group 2 preserved routed skew; capture_mailbox acknowledged status snapshot,EXACT_PRIOR_ROW
CDC-15,Warning,nvp_vclk1->userclk1,Max Delay Datapath Only,CAPTURE_SUBSYSTEM/MAILBOX/status_hold_nvp_reg[180]/C,CAPTURE_SUBSYSTEM/MAILBOX/status_bus_pcie_reg[180]/D,STABLE_DATA_WITH_SYNCHRONIZED_QUALIFIER,STATUS_MAILBOX,PASS,Group 2 preserved routed skew; capture_mailbox acknowledged status snapshot,EXACT_PRIOR_ROW
CDC-15,Warning,nvp_vclk1->userclk1,Max Delay Datapath Only,CAPTURE_SUBSYSTEM/MAILBOX/status_hold_nvp_reg[181]/C,CAPTURE_SUBSYSTEM/MAILBOX/status_bus_pcie_reg[181]/D,STABLE_DATA_WITH_SYNCHRONIZED_QUALIFIER,STATUS_MAILBOX,PASS,Group 2 preserved routed skew; capture_mailbox acknowledged status snapshot,EXACT_PRIOR_ROW
CDC-15,Warning,nvp_vclk1->userclk1,Max Delay Datapath Only,CAPTURE_SUBSYSTEM/MAILBOX/status_hold_nvp_reg[182]/C,CAPTURE_SUBSYSTEM/MAILBOX/status_bus_pcie_reg[182]/D,STABLE_DATA_WITH_SYNCHRONIZED_QUALIFIER,STATUS_MAILBOX,PASS,Group 2 preserved routed skew; capture_mailbox acknowledged status snapshot,EXACT_PRIOR_ROW
CDC-15,Warning,nvp_vclk1->userclk1,Max Delay Datapath Only,CAPTURE_SUBSYSTEM/MAILBOX/status_hold_nvp_reg[183]/C,CAPTURE_SUBSYSTEM/MAILBOX/status_bus_pcie_reg[183]/D,STABLE_DATA_WITH_SYNCHRONIZED_QUALIFIER,STATUS_MAILBOX,PASS,Group 2 preserved routed skew; capture_mailbox acknowledged status snapshot,EXACT_PRIOR_ROW
CDC-15,Warning,nvp_vclk1->userclk1,Max Delay Datapath Only,CAPTURE_SUBSYSTEM/MAILBOX/status_hold_nvp_reg[184]/C,CAPTURE_SUBSYSTEM/MAILBOX/status_bus_pcie_reg[184]/D,STABLE_DATA_WITH_SYNCHRONIZED_QUALIFIER,STATUS_MAILBOX,PASS,Group 2 preserved routed skew; capture_mailbox acknowledged status snapshot,EXACT_PRIOR_ROW
CDC-15,Warning,nvp_vclk1->userclk1,Max Delay Datapath Only,CAPTURE_SUBSYSTEM/MAILBOX/status_hold_nvp_reg[185]/C,CAPTURE_SUBSYSTEM/MAILBOX/status_bus_pcie_reg[185]/D,STABLE_DATA_WITH_SYNCHRONIZED_QUALIFIER,STATUS_MAILBOX,PASS,Group 2 preserved routed skew; capture_mailbox acknowledged status snapshot,EXACT_PRIOR_ROW
CDC-15,Warning,nvp_vclk1->userclk1,Max Delay Datapath Only,CAPTURE_SUBSYSTEM/MAILBOX/status_hold_nvp_reg[186]/C,CAPTURE_SUBSYSTEM/MAILBOX/status_bus_pcie_reg[186]/D,STABLE_DATA_WITH_SYNCHRONIZED_QUALIFIER,STATUS_MAILBOX,PASS,Group 2 preserved routed skew; capture_mailbox acknowledged status snapshot,EXACT_PRIOR_ROW
CDC-15,Warning,nvp_vclk1->userclk1,Max Delay Datapath Only,CAPTURE_SUBSYSTEM/MAILBOX/status_hold_nvp_reg[187]/C,CAPTURE_SUBSYSTEM/MAILBOX/status_bus_pcie_reg[187]/D,STABLE_DATA_WITH_SYNCHRONIZED_QUALIFIER,STATUS_MAILBOX,PASS,Group 2 preserved routed skew; capture_mailbox acknowledged status snapshot,EXACT_PRIOR_ROW
CDC-15,Warning,nvp_vclk1->userclk1,Max Delay Datapath Only,CAPTURE_SUBSYSTEM/MAILBOX/status_hold_nvp_reg[188]/C,CAPTURE_SUBSYSTEM/MAILBOX/status_bus_pcie_reg[188]/D,STABLE_DATA_WITH_SYNCHRONIZED_QUALIFIER,STATUS_MAILBOX,PASS,Group 2 preserved routed skew; capture_mailbox acknowledged status snapshot,EXACT_PRIOR_ROW
CDC-15,Warning,nvp_vclk1->userclk1,Max Delay Datapath Only,CAPTURE_SUBSYSTEM/MAILBOX/status_hold_nvp_reg[189]/C,CAPTURE_SUBSYSTEM/MAILBOX/status_bus_pcie_reg[189]/D,STABLE_DATA_WITH_SYNCHRONIZED_QUALIFIER,STATUS_MAILBOX,PASS,Group 2 preserved routed skew; capture_mailbox acknowledged status snapshot,EXACT_PRIOR_ROW
CDC-15,Warning,nvp_vclk1->userclk1,Max Delay Datapath Only,CAPTURE_SUBSYSTEM/MAILBOX/status_hold_nvp_reg[190]/C,CAPTURE_SUBSYSTEM/MAILBOX/status_bus_pcie_reg[190]/D,STABLE_DATA_WITH_SYNCHRONIZED_QUALIFIER,STATUS_MAILBOX,PASS,Group 2 preserved routed skew; capture_mailbox acknowledged status snapshot,EXACT_PRIOR_ROW
CDC-15,Warning,nvp_vclk1->userclk1,Max Delay Datapath Only,CAPTURE_SUBSYSTEM/MAILBOX/status_hold_nvp_reg[191]/C,CAPTURE_SUBSYSTEM/MAILBOX/status_bus_pcie_reg[191]/D,STABLE_DATA_WITH_SYNCHRONIZED_QUALIFIER,STATUS_MAILBOX,PASS,Group 2 preserved routed skew; capture_mailbox acknowledged status snapshot,EXACT_PRIOR_ROW
CDC-15,Warning,nvp_vclk1->userclk1,Max Delay Datapath Only,CAPTURE_SUBSYSTEM/MAILBOX/status_hold_nvp_reg[192]/C,CAPTURE_SUBSYSTEM/MAILBOX/status_bus_pcie_reg[192]/D,STABLE_DATA_WITH_SYNCHRONIZED_QUALIFIER,STATUS_MAILBOX,PASS,Group 2 preserved routed skew; capture_mailbox acknowledged status snapshot,EXACT_PRIOR_ROW
CDC-15,Warning,nvp_vclk1->userclk1,Max Delay Datapath Only,CAPTURE_SUBSYSTEM/MAILBOX/status_hold_nvp_reg[193]/C,CAPTURE_SUBSYSTEM/MAILBOX/status_bus_pcie_reg[193]/D,STABLE_DATA_WITH_SYNCHRONIZED_QUALIFIER,STATUS_MAILBOX,PASS,Group 2 preserved routed skew; capture_mailbox acknowledged status snapshot,EXACT_PRIOR_ROW
CDC-15,Warning,nvp_vclk1->userclk1,Max Delay Datapath Only,CAPTURE_SUBSYSTEM/MAILBOX/status_hold_nvp_reg[194]/C,CAPTURE_SUBSYSTEM/MAILBOX/status_bus_pcie_reg[194]/D,STABLE_DATA_WITH_SYNCHRONIZED_QUALIFIER,STATUS_MAILBOX,PASS,Group 2 preserved routed skew; capture_mailbox acknowledged status snapshot,EXACT_PRIOR_ROW
CDC-15,Warning,nvp_vclk1->userclk1,Max Delay Datapath Only,CAPTURE_SUBSYSTEM/MAILBOX/status_hold_nvp_reg[195]/C,CAPTURE_SUBSYSTEM/MAILBOX/status_bus_pcie_reg[195]/D,STABLE_DATA_WITH_SYNCHRONIZED_QUALIFIER,STATUS_MAILBOX,PASS,Group 2 preserved routed skew; capture_mailbox acknowledged status snapshot,EXACT_PRIOR_ROW
CDC-15,Warning,nvp_vclk1->userclk1,Max Delay Datapath Only,CAPTURE_SUBSYSTEM/MAILBOX/status_hold_nvp_reg[196]/C,CAPTURE_SUBSYSTEM/MAILBOX/status_bus_pcie_reg[196]/D,STABLE_DATA_WITH_SYNCHRONIZED_QUALIFIER,STATUS_MAILBOX,PASS,Group 2 preserved routed skew; capture_mailbox acknowledged status snapshot,EXACT_PRIOR_ROW
CDC-15,Warning,nvp_vclk1->userclk1,Max Delay Datapath Only,CAPTURE_SUBSYSTEM/MAILBOX/status_hold_nvp_reg[197]/C,CAPTURE_SUBSYSTEM/MAILBOX/status_bus_pcie_reg[197]/D,STABLE_DATA_WITH_SYNCHRONIZED_QUALIFIER,STATUS_MAILBOX,PASS,Group 2 preserved routed skew; capture_mailbox acknowledged status snapshot,EXACT_PRIOR_ROW
CDC-15,Warning,nvp_vclk1->userclk1,Max Delay Datapath Only,CAPTURE_SUBSYSTEM/MAILBOX/status_hold_nvp_reg[198]/C,CAPTURE_SUBSYSTEM/MAILBOX/status_bus_pcie_reg[198]/D,STABLE_DATA_WITH_SYNCHRONIZED_QUALIFIER,STATUS_MAILBOX,PASS,Group 2 preserved routed skew; capture_mailbox acknowledged status snapshot,EXACT_PRIOR_ROW
CDC-15,Warning,nvp_vclk1->userclk1,Max Delay Datapath Only,CAPTURE_SUBSYSTEM/MAILBOX/status_hold_nvp_reg[199]/C,CAPTURE_SUBSYSTEM/MAILBOX/status_bus_pcie_reg[199]/D,STABLE_DATA_WITH_SYNCHRONIZED_QUALIFIER,STATUS_MAILBOX,PASS,Group 2 preserved routed skew; capture_mailbox acknowledged status snapshot,EXACT_PRIOR_ROW
CDC-15,Warning,nvp_vclk1->userclk1,Max Delay Datapath Only,CAPTURE_SUBSYSTEM/MAILBOX/status_hold_nvp_reg[200]/C,CAPTURE_SUBSYSTEM/MAILBOX/status_bus_pcie_reg[200]/D,STABLE_DATA_WITH_SYNCHRONIZED_QUALIFIER,STATUS_MAILBOX,PASS,Group 2 preserved routed skew; capture_mailbox acknowledged status snapshot,EXACT_PRIOR_ROW
CDC-15,Warning,nvp_vclk1->userclk1,Max Delay Datapath Only,CAPTURE_SUBSYSTEM/MAILBOX/status_hold_nvp_reg[201]/C,CAPTURE_SUBSYSTEM/MAILBOX/status_bus_pcie_reg[201]/D,STABLE_DATA_WITH_SYNCHRONIZED_QUALIFIER,STATUS_MAILBOX,PASS,Group 2 preserved routed skew; capture_mailbox acknowledged status snapshot,EXACT_PRIOR_ROW
CDC-15,Warning,nvp_vclk1->userclk1,Max Delay Datapath Only,CAPTURE_SUBSYSTEM/MAILBOX/status_hold_nvp_reg[202]/C,CAPTURE_SUBSYSTEM/MAILBOX/status_bus_pcie_reg[202]/D,STABLE_DATA_WITH_SYNCHRONIZED_QUALIFIER,STATUS_MAILBOX,PASS,Group 2 preserved routed skew; capture_mailbox acknowledged status snapshot,EXACT_PRIOR_ROW
CDC-15,Warning,nvp_vclk1->userclk1,Max Delay Datapath Only,CAPTURE_SUBSYSTEM/MAILBOX/status_hold_nvp_reg[203]/C,CAPTURE_SUBSYSTEM/MAILBOX/status_bus_pcie_reg[203]/D,STABLE_DATA_WITH_SYNCHRONIZED_QUALIFIER,STATUS_MAILBOX,PASS,Group 2 preserved routed skew; capture_mailbox acknowledged status snapshot,EXACT_PRIOR_ROW
CDC-15,Warning,nvp_vclk1->userclk1,Max Delay Datapath Only,CAPTURE_SUBSYSTEM/MAILBOX/status_hold_nvp_reg[204]/C,CAPTURE_SUBSYSTEM/MAILBOX/status_bus_pcie_reg[204]/D,STABLE_DATA_WITH_SYNCHRONIZED_QUALIFIER,STATUS_MAILBOX,PASS,Group 2 preserved routed skew; capture_mailbox acknowledged status snapshot,EXACT_PRIOR_ROW
CDC-15,Warning,nvp_vclk1->userclk1,Max Delay Datapath Only,CAPTURE_SUBSYSTEM/MAILBOX/status_hold_nvp_reg[205]/C,CAPTURE_SUBSYSTEM/MAILBOX/status_bus_pcie_reg[205]/D,STABLE_DATA_WITH_SYNCHRONIZED_QUALIFIER,STATUS_MAILBOX,PASS,Group 2 preserved routed skew; capture_mailbox acknowledged status snapshot,EXACT_PRIOR_ROW
CDC-15,Warning,nvp_vclk1->userclk1,Max Delay Datapath Only,CAPTURE_SUBSYSTEM/MAILBOX/status_hold_nvp_reg[206]/C,CAPTURE_SUBSYSTEM/MAILBOX/status_bus_pcie_reg[206]/D,STABLE_DATA_WITH_SYNCHRONIZED_QUALIFIER,STATUS_MAILBOX,PASS,Group 2 preserved routed skew; capture_mailbox acknowledged status snapshot,EXACT_PRIOR_ROW
CDC-15,Warning,nvp_vclk1->userclk1,Max Delay Datapath Only,CAPTURE_SUBSYSTEM/MAILBOX/status_hold_nvp_reg[207]/C,CAPTURE_SUBSYSTEM/MAILBOX/status_bus_pcie_reg[207]/D,STABLE_DATA_WITH_SYNCHRONIZED_QUALIFIER,STATUS_MAILBOX,PASS,Group 2 preserved routed skew; capture_mailbox acknowledged status snapshot,EXACT_PRIOR_ROW
CDC-15,Warning,nvp_vclk1->userclk1,Max Delay Datapath Only,CAPTURE_SUBSYSTEM/MAILBOX/status_hold_nvp_reg[208]/C,CAPTURE_SUBSYSTEM/MAILBOX/status_bus_pcie_reg[208]/D,STABLE_DATA_WITH_SYNCHRONIZED_QUALIFIER,STATUS_MAILBOX,PASS,Group 2 preserved routed skew; capture_mailbox acknowledged status snapshot,EXACT_PRIOR_ROW
CDC-15,Warning,nvp_vclk1->userclk1,Max Delay Datapath Only,CAPTURE_SUBSYSTEM/MAILBOX/status_hold_nvp_reg[209]/C,CAPTURE_SUBSYSTEM/MAILBOX/status_bus_pcie_reg[209]/D,STABLE_DATA_WITH_SYNCHRONIZED_QUALIFIER,STATUS_MAILBOX,PASS,Group 2 preserved routed skew; capture_mailbox acknowledged status snapshot,EXACT_PRIOR_ROW
CDC-15,Warning,nvp_vclk1->userclk1,Max Delay Datapath Only,CAPTURE_SUBSYSTEM/MAILBOX/status_hold_nvp_reg[210]/C,CAPTURE_SUBSYSTEM/MAILBOX/status_bus_pcie_reg[210]/D,STABLE_DATA_WITH_SYNCHRONIZED_QUALIFIER,STATUS_MAILBOX,PASS,Group 2 preserved routed skew; capture_mailbox acknowledged status snapshot,EXACT_PRIOR_ROW
CDC-15,Warning,nvp_vclk1->userclk1,Max Delay Datapath Only,CAPTURE_SUBSYSTEM/MAILBOX/status_hold_nvp_reg[211]/C,CAPTURE_SUBSYSTEM/MAILBOX/status_bus_pcie_reg[211]/D,STABLE_DATA_WITH_SYNCHRONIZED_QUALIFIER,STATUS_MAILBOX,PASS,Group 2 preserved routed skew; capture_mailbox acknowledged status snapshot,EXACT_PRIOR_ROW
CDC-15,Warning,nvp_vclk1->userclk1,Max Delay Datapath Only,CAPTURE_SUBSYSTEM/MAILBOX/status_hold_nvp_reg[212]/C,CAPTURE_SUBSYSTEM/MAILBOX/status_bus_pcie_reg[212]/D,STABLE_DATA_WITH_SYNCHRONIZED_QUALIFIER,STATUS_MAILBOX,PASS,Group 2 preserved routed skew; capture_mailbox acknowledged status snapshot,EXACT_PRIOR_ROW
CDC-15,Warning,nvp_vclk1->userclk1,Max Delay Datapath Only,CAPTURE_SUBSYSTEM/MAILBOX/status_hold_nvp_reg[213]/C,CAPTURE_SUBSYSTEM/MAILBOX/status_bus_pcie_reg[213]/D,STABLE_DATA_WITH_SYNCHRONIZED_QUALIFIER,STATUS_MAILBOX,PASS,Group 2 preserved routed skew; capture_mailbox acknowledged status snapshot,EXACT_PRIOR_ROW
CDC-15,Warning,nvp_vclk1->userclk1,Max Delay Datapath Only,CAPTURE_SUBSYSTEM/MAILBOX/status_hold_nvp_reg[214]/C,CAPTURE_SUBSYSTEM/MAILBOX/status_bus_pcie_reg[214]/D,STABLE_DATA_WITH_SYNCHRONIZED_QUALIFIER,STATUS_MAILBOX,PASS,Group 2 preserved routed skew; capture_mailbox acknowledged status snapshot,EXACT_PRIOR_ROW
CDC-15,Warning,nvp_vclk1->userclk1,Max Delay Datapath Only,CAPTURE_SUBSYSTEM/MAILBOX/status_hold_nvp_reg[215]/C,CAPTURE_SUBSYSTEM/MAILBOX/status_bus_pcie_reg[215]/D,STABLE_DATA_WITH_SYNCHRONIZED_QUALIFIER,STATUS_MAILBOX,PASS,Group 2 preserved routed skew; capture_mailbox acknowledged status snapshot,EXACT_PRIOR_ROW
CDC-15,Warning,nvp_vclk1->userclk1,Max Delay Datapath Only,CAPTURE_SUBSYSTEM/MAILBOX/status_hold_nvp_reg[216]/C,CAPTURE_SUBSYSTEM/MAILBOX/status_bus_pcie_reg[216]/D,STABLE_DATA_WITH_SYNCHRONIZED_QUALIFIER,STATUS_MAILBOX,PASS,Group 2 preserved routed skew; capture_mailbox acknowledged status snapshot,EXACT_PRIOR_ROW
CDC-15,Warning,nvp_vclk1->userclk1,Max Delay Datapath Only,CAPTURE_SUBSYSTEM/MAILBOX/status_hold_nvp_reg[217]/C,CAPTURE_SUBSYSTEM/MAILBOX/status_bus_pcie_reg[217]/D,STABLE_DATA_WITH_SYNCHRONIZED_QUALIFIER,STATUS_MAILBOX,PASS,Group 2 preserved routed skew; capture_mailbox acknowledged status snapshot,EXACT_PRIOR_ROW
CDC-15,Warning,nvp_vclk1->userclk1,Max Delay Datapath Only,CAPTURE_SUBSYSTEM/MAILBOX/status_hold_nvp_reg[218]/C,CAPTURE_SUBSYSTEM/MAILBOX/status_bus_pcie_reg[218]/D,STABLE_DATA_WITH_SYNCHRONIZED_QUALIFIER,STATUS_MAILBOX,PASS,Group 2 preserved routed skew; capture_mailbox acknowledged status snapshot,EXACT_PRIOR_ROW
CDC-15,Warning,nvp_vclk1->userclk1,Max Delay Datapath Only,CAPTURE_SUBSYSTEM/MAILBOX/status_hold_nvp_reg[219]/C,CAPTURE_SUBSYSTEM/MAILBOX/status_bus_pcie_reg[219]/D,STABLE_DATA_WITH_SYNCHRONIZED_QUALIFIER,STATUS_MAILBOX,PASS,Group 2 preserved routed skew; capture_mailbox acknowledged status snapshot,EXACT_PRIOR_ROW
CDC-15,Warning,nvp_vclk1->userclk1,Max Delay Datapath Only,CAPTURE_SUBSYSTEM/MAILBOX/status_hold_nvp_reg[220]/C,CAPTURE_SUBSYSTEM/MAILBOX/status_bus_pcie_reg[220]/D,STABLE_DATA_WITH_SYNCHRONIZED_QUALIFIER,STATUS_MAILBOX,PASS,Group 2 preserved routed skew; capture_mailbox acknowledged status snapshot,EXACT_PRIOR_ROW
CDC-15,Warning,nvp_vclk1->userclk1,Max Delay Datapath Only,CAPTURE_SUBSYSTEM/MAILBOX/status_hold_nvp_reg[221]/C,CAPTURE_SUBSYSTEM/MAILBOX/status_bus_pcie_reg[221]/D,STABLE_DATA_WITH_SYNCHRONIZED_QUALIFIER,STATUS_MAILBOX,PASS,Group 2 preserved routed skew; capture_mailbox acknowledged status snapshot,EXACT_PRIOR_ROW
CDC-15,Warning,nvp_vclk1->userclk1,Max Delay Datapath Only,CAPTURE_SUBSYSTEM/MAILBOX/status_hold_nvp_reg[222]/C,CAPTURE_SUBSYSTEM/MAILBOX/status_bus_pcie_reg[222]/D,STABLE_DATA_WITH_SYNCHRONIZED_QUALIFIER,STATUS_MAILBOX,PASS,Group 2 preserved routed skew; capture_mailbox acknowledged status snapshot,EXACT_PRIOR_ROW
CDC-15,Warning,nvp_vclk1->userclk1,Max Delay Datapath Only,CAPTURE_SUBSYSTEM/MAILBOX/status_hold_nvp_reg[223]/C,CAPTURE_SUBSYSTEM/MAILBOX/status_bus_pcie_reg[223]/D,STABLE_DATA_WITH_SYNCHRONIZED_QUALIFIER,STATUS_MAILBOX,PASS,Group 2 preserved routed skew; capture_mailbox acknowledged status snapshot,EXACT_PRIOR_ROW
CDC-15,Warning,nvp_vclk1->userclk1,Max Delay Datapath Only,CAPTURE_SUBSYSTEM/MAILBOX/status_hold_nvp_reg[224]/C,CAPTURE_SUBSYSTEM/MAILBOX/status_bus_pcie_reg[224]/D,STABLE_DATA_WITH_SYNCHRONIZED_QUALIFIER,STATUS_MAILBOX,PASS,Group 2 preserved routed skew; capture_mailbox acknowledged status snapshot,EXACT_PRIOR_ROW
CDC-15,Warning,nvp_vclk1->userclk1,Max Delay Datapath Only,CAPTURE_SUBSYSTEM/MAILBOX/status_hold_nvp_reg[225]/C,CAPTURE_SUBSYSTEM/MAILBOX/status_bus_pcie_reg[225]/D,STABLE_DATA_WITH_SYNCHRONIZED_QUALIFIER,STATUS_MAILBOX,PASS,Group 2 preserved routed skew; capture_mailbox acknowledged status snapshot,EXACT_PRIOR_ROW
CDC-15,Warning,nvp_vclk1->userclk1,Max Delay Datapath Only,CAPTURE_SUBSYSTEM/MAILBOX/status_hold_nvp_reg[226]/C,CAPTURE_SUBSYSTEM/MAILBOX/status_bus_pcie_reg[226]/D,STABLE_DATA_WITH_SYNCHRONIZED_QUALIFIER,STATUS_MAILBOX,PASS,Group 2 preserved routed skew; capture_mailbox acknowledged status snapshot,EXACT_PRIOR_ROW
CDC-15,Warning,nvp_vclk1->userclk1,Max Delay Datapath Only,CAPTURE_SUBSYSTEM/MAILBOX/status_hold_nvp_reg[227]/C,CAPTURE_SUBSYSTEM/MAILBOX/status_bus_pcie_reg[227]/D,STABLE_DATA_WITH_SYNCHRONIZED_QUALIFIER,STATUS_MAILBOX,PASS,Group 2 preserved routed skew; capture_mailbox acknowledged status snapshot,EXACT_PRIOR_ROW
CDC-15,Warning,nvp_vclk1->userclk1,Max Delay Datapath Only,CAPTURE_SUBSYSTEM/MAILBOX/status_hold_nvp_reg[228]/C,CAPTURE_SUBSYSTEM/MAILBOX/status_bus_pcie_reg[228]/D,STABLE_DATA_WITH_SYNCHRONIZED_QUALIFIER,STATUS_MAILBOX,PASS,Group 2 preserved routed skew; capture_mailbox acknowledged status snapshot,EXACT_PRIOR_ROW
CDC-15,Warning,nvp_vclk1->userclk1,Max Delay Datapath Only,CAPTURE_SUBSYSTEM/MAILBOX/status_hold_nvp_reg[229]/C,CAPTURE_SUBSYSTEM/MAILBOX/status_bus_pcie_reg[229]/D,STABLE_DATA_WITH_SYNCHRONIZED_QUALIFIER,STATUS_MAILBOX,PASS,Group 2 preserved routed skew; capture_mailbox acknowledged status snapshot,EXACT_PRIOR_ROW
CDC-15,Warning,nvp_vclk1->userclk1,Max Delay Datapath Only,CAPTURE_SUBSYSTEM/MAILBOX/status_hold_nvp_reg[230]/C,CAPTURE_SUBSYSTEM/MAILBOX/status_bus_pcie_reg[230]/D,STABLE_DATA_WITH_SYNCHRONIZED_QUALIFIER,STATUS_MAILBOX,PASS,Group 2 preserved routed skew; capture_mailbox acknowledged status snapshot,EXACT_PRIOR_ROW
CDC-15,Warning,nvp_vclk1->userclk1,Max Delay Datapath Only,CAPTURE_SUBSYSTEM/MAILBOX/status_hold_nvp_reg[231]/C,CAPTURE_SUBSYSTEM/MAILBOX/status_bus_pcie_reg[231]/D,STABLE_DATA_WITH_SYNCHRONIZED_QUALIFIER,STATUS_MAILBOX,PASS,Group 2 preserved routed skew; capture_mailbox acknowledged status snapshot,EXACT_PRIOR_ROW
CDC-15,Warning,nvp_vclk1->userclk1,Max Delay Datapath Only,CAPTURE_SUBSYSTEM/MAILBOX/status_hold_nvp_reg[232]/C,CAPTURE_SUBSYSTEM/MAILBOX/status_bus_pcie_reg[232]/D,STABLE_DATA_WITH_SYNCHRONIZED_QUALIFIER,STATUS_MAILBOX,PASS,Group 2 preserved routed skew; capture_mailbox acknowledged status snapshot,EXACT_PRIOR_ROW
CDC-15,Warning,nvp_vclk1->userclk1,Max Delay Datapath Only,CAPTURE_SUBSYSTEM/MAILBOX/status_hold_nvp_reg[233]/C,CAPTURE_SUBSYSTEM/MAILBOX/status_bus_pcie_reg[233]/D,STABLE_DATA_WITH_SYNCHRONIZED_QUALIFIER,STATUS_MAILBOX,PASS,Group 2 preserved routed skew; capture_mailbox acknowledged status snapshot,EXACT_PRIOR_ROW
CDC-15,Warning,nvp_vclk1->userclk1,Max Delay Datapath Only,CAPTURE_SUBSYSTEM/MAILBOX/status_hold_nvp_reg[234]/C,CAPTURE_SUBSYSTEM/MAILBOX/status_bus_pcie_reg[234]/D,STABLE_DATA_WITH_SYNCHRONIZED_QUALIFIER,STATUS_MAILBOX,PASS,Group 2 preserved routed skew; capture_mailbox acknowledged status snapshot,EXACT_PRIOR_ROW
CDC-15,Warning,nvp_vclk1->userclk1,Max Delay Datapath Only,CAPTURE_SUBSYSTEM/MAILBOX/status_hold_nvp_reg[235]/C,CAPTURE_SUBSYSTEM/MAILBOX/status_bus_pcie_reg[235]/D,STABLE_DATA_WITH_SYNCHRONIZED_QUALIFIER,STATUS_MAILBOX,PASS,Group 2 preserved routed skew; capture_mailbox acknowledged status snapshot,EXACT_PRIOR_ROW
CDC-15,Warning,nvp_vclk1->userclk1,Max Delay Datapath Only,CAPTURE_SUBSYSTEM/MAILBOX/status_hold_nvp_reg[236]/C,CAPTURE_SUBSYSTEM/MAILBOX/status_bus_pcie_reg[236]/D,STABLE_DATA_WITH_SYNCHRONIZED_QUALIFIER,STATUS_MAILBOX,PASS,Group 2 preserved routed skew; capture_mailbox acknowledged status snapshot,EXACT_PRIOR_ROW
CDC-15,Warning,nvp_vclk1->userclk1,Max Delay Datapath Only,CAPTURE_SUBSYSTEM/MAILBOX/status_hold_nvp_reg[237]/C,CAPTURE_SUBSYSTEM/MAILBOX/status_bus_pcie_reg[237]/D,STABLE_DATA_WITH_SYNCHRONIZED_QUALIFIER,STATUS_MAILBOX,PASS,Group 2 preserved routed skew; capture_mailbox acknowledged status snapshot,EXACT_PRIOR_ROW
CDC-15,Warning,nvp_vclk1->userclk1,Max Delay Datapath Only,CAPTURE_SUBSYSTEM/MAILBOX/status_hold_nvp_reg[238]/C,CAPTURE_SUBSYSTEM/MAILBOX/status_bus_pcie_reg[238]/D,STABLE_DATA_WITH_SYNCHRONIZED_QUALIFIER,STATUS_MAILBOX,PASS,Group 2 preserved routed skew; capture_mailbox acknowledged status snapshot,EXACT_PRIOR_ROW
CDC-15,Warning,nvp_vclk1->userclk1,Max Delay Datapath Only,CAPTURE_SUBSYSTEM/MAILBOX/status_hold_nvp_reg[239]/C,CAPTURE_SUBSYSTEM/MAILBOX/status_bus_pcie_reg[239]/D,STABLE_DATA_WITH_SYNCHRONIZED_QUALIFIER,STATUS_MAILBOX,PASS,Group 2 preserved routed skew; capture_mailbox acknowledged status snapshot,EXACT_PRIOR_ROW
CDC-15,Warning,nvp_vclk1->userclk1,Max Delay Datapath Only,CAPTURE_SUBSYSTEM/MAILBOX/status_hold_nvp_reg[240]/C,CAPTURE_SUBSYSTEM/MAILBOX/status_bus_pcie_reg[240]/D,STABLE_DATA_WITH_SYNCHRONIZED_QUALIFIER,STATUS_MAILBOX,PASS,Group 2 preserved routed skew; capture_mailbox acknowledged status snapshot,EXACT_PRIOR_ROW
CDC-15,Warning,nvp_vclk1->userclk1,Max Delay Datapath Only,CAPTURE_SUBSYSTEM/MAILBOX/status_hold_nvp_reg[241]/C,CAPTURE_SUBSYSTEM/MAILBOX/status_bus_pcie_reg[241]/D,STABLE_DATA_WITH_SYNCHRONIZED_QUALIFIER,STATUS_MAILBOX,PASS,Group 2 preserved routed skew; capture_mailbox acknowledged status snapshot,EXACT_PRIOR_ROW
CDC-15,Warning,nvp_vclk1->userclk1,Max Delay Datapath Only,CAPTURE_SUBSYSTEM/MAILBOX/status_hold_nvp_reg[242]/C,CAPTURE_SUBSYSTEM/MAILBOX/status_bus_pcie_reg[242]/D,STABLE_DATA_WITH_SYNCHRONIZED_QUALIFIER,STATUS_MAILBOX,PASS,Group 2 preserved routed skew; capture_mailbox acknowledged status snapshot,EXACT_PRIOR_ROW
CDC-15,Warning,nvp_vclk1->userclk1,Max Delay Datapath Only,CAPTURE_SUBSYSTEM/MAILBOX/status_hold_nvp_reg[243]/C,CAPTURE_SUBSYSTEM/MAILBOX/status_bus_pcie_reg[243]/D,STABLE_DATA_WITH_SYNCHRONIZED_QUALIFIER,STATUS_MAILBOX,PASS,Group 2 preserved routed skew; capture_mailbox acknowledged status snapshot,EXACT_PRIOR_ROW
CDC-15,Warning,nvp_vclk1->userclk1,Max Delay Datapath Only,CAPTURE_SUBSYSTEM/MAILBOX/status_hold_nvp_reg[244]/C,CAPTURE_SUBSYSTEM/MAILBOX/status_bus_pcie_reg[244]/D,STABLE_DATA_WITH_SYNCHRONIZED_QUALIFIER,STATUS_MAILBOX,PASS,Group 2 preserved routed skew; capture_mailbox acknowledged status snapshot,EXACT_PRIOR_ROW
CDC-15,Warning,nvp_vclk1->userclk1,Max Delay Datapath Only,CAPTURE_SUBSYSTEM/MAILBOX/status_hold_nvp_reg[245]/C,CAPTURE_SUBSYSTEM/MAILBOX/status_bus_pcie_reg[245]/D,STABLE_DATA_WITH_SYNCHRONIZED_QUALIFIER,STATUS_MAILBOX,PASS,Group 2 preserved routed skew; capture_mailbox acknowledged status snapshot,EXACT_PRIOR_ROW
CDC-15,Warning,nvp_vclk1->userclk1,Max Delay Datapath Only,CAPTURE_SUBSYSTEM/MAILBOX/status_hold_nvp_reg[246]/C,CAPTURE_SUBSYSTEM/MAILBOX/status_bus_pcie_reg[246]/D,STABLE_DATA_WITH_SYNCHRONIZED_QUALIFIER,STATUS_MAILBOX,PASS,Group 2 preserved routed skew; capture_mailbox acknowledged status snapshot,EXACT_PRIOR_ROW
CDC-15,Warning,nvp_vclk1->userclk1,Max Delay Datapath Only,CAPTURE_SUBSYSTEM/MAILBOX/status_hold_nvp_reg[247]/C,CAPTURE_SUBSYSTEM/MAILBOX/status_bus_pcie_reg[247]/D,STABLE_DATA_WITH_SYNCHRONIZED_QUALIFIER,STATUS_MAILBOX,PASS,Group 2 preserved routed skew; capture_mailbox acknowledged status snapshot,EXACT_PRIOR_ROW
CDC-15,Warning,nvp_vclk1->userclk1,Max Delay Datapath Only,CAPTURE_SUBSYSTEM/MAILBOX/status_hold_nvp_reg[248]/C,CAPTURE_SUBSYSTEM/MAILBOX/status_bus_pcie_reg[248]/D,STABLE_DATA_WITH_SYNCHRONIZED_QUALIFIER,STATUS_MAILBOX,PASS,Group 2 preserved routed skew; capture_mailbox acknowledged status snapshot,EXACT_PRIOR_ROW
CDC-15,Warning,nvp_vclk1->userclk1,Max Delay Datapath Only,CAPTURE_SUBSYSTEM/MAILBOX/status_hold_nvp_reg[249]/C,CAPTURE_SUBSYSTEM/MAILBOX/status_bus_pcie_reg[249]/D,STABLE_DATA_WITH_SYNCHRONIZED_QUALIFIER,STATUS_MAILBOX,PASS,Group 2 preserved routed skew; capture_mailbox acknowledged status snapshot,EXACT_PRIOR_ROW
CDC-15,Warning,nvp_vclk1->userclk1,Max Delay Datapath Only,CAPTURE_SUBSYSTEM/MAILBOX/status_hold_nvp_reg[250]/C,CAPTURE_SUBSYSTEM/MAILBOX/status_bus_pcie_reg[250]/D,STABLE_DATA_WITH_SYNCHRONIZED_QUALIFIER,STATUS_MAILBOX,PASS,Group 2 preserved routed skew; capture_mailbox acknowledged status snapshot,EXACT_PRIOR_ROW
CDC-15,Warning,nvp_vclk1->userclk1,Max Delay Datapath Only,CAPTURE_SUBSYSTEM/MAILBOX/status_hold_nvp_reg[251]/C,CAPTURE_SUBSYSTEM/MAILBOX/status_bus_pcie_reg[251]/D,STABLE_DATA_WITH_SYNCHRONIZED_QUALIFIER,STATUS_MAILBOX,PASS,Group 2 preserved routed skew; capture_mailbox acknowledged status snapshot,EXACT_PRIOR_ROW
CDC-15,Warning,nvp_vclk1->userclk1,Max Delay Datapath Only,CAPTURE_SUBSYSTEM/MAILBOX/status_hold_nvp_reg[252]/C,CAPTURE_SUBSYSTEM/MAILBOX/status_bus_pcie_reg[252]/D,STABLE_DATA_WITH_SYNCHRONIZED_QUALIFIER,STATUS_MAILBOX,PASS,Group 2 preserved routed skew; capture_mailbox acknowledged status snapshot,EXACT_PRIOR_ROW
CDC-15,Warning,nvp_vclk1->userclk1,Max Delay Datapath Only,CAPTURE_SUBSYSTEM/MAILBOX/status_hold_nvp_reg[253]/C,CAPTURE_SUBSYSTEM/MAILBOX/status_bus_pcie_reg[253]/D,STABLE_DATA_WITH_SYNCHRONIZED_QUALIFIER,STATUS_MAILBOX,PASS,Group 2 preserved routed skew; capture_mailbox acknowledged status snapshot,EXACT_PRIOR_ROW
CDC-15,Warning,nvp_vclk1->userclk1,Max Delay Datapath Only,CAPTURE_SUBSYSTEM/MAILBOX/status_hold_nvp_reg[254]/C,CAPTURE_SUBSYSTEM/MAILBOX/status_bus_pcie_reg[254]/D,STABLE_DATA_WITH_SYNCHRONIZED_QUALIFIER,STATUS_MAILBOX,PASS,Group 2 preserved routed skew; capture_mailbox acknowledged status snapshot,EXACT_PRIOR_ROW
CDC-15,Warning,nvp_vclk1->userclk1,Max Delay Datapath Only,CAPTURE_SUBSYSTEM/MAILBOX/status_hold_nvp_reg[255]/C,CAPTURE_SUBSYSTEM/MAILBOX/status_bus_pcie_reg[255]/D,STABLE_DATA_WITH_SYNCHRONIZED_QUALIFIER,STATUS_MAILBOX,PASS,Group 2 preserved routed skew; capture_mailbox acknowledged status snapshot,EXACT_PRIOR_ROW
CDC-15,Warning,nvp_vclk1->userclk1,Max Delay Datapath Only,CAPTURE_SUBSYSTEM/MAILBOX/status_hold_nvp_reg[256]/C,CAPTURE_SUBSYSTEM/MAILBOX/status_bus_pcie_reg[256]/D,STABLE_DATA_WITH_SYNCHRONIZED_QUALIFIER,STATUS_MAILBOX,PASS,Group 2 preserved routed skew; capture_mailbox acknowledged status snapshot,EXACT_PRIOR_ROW
CDC-15,Warning,nvp_vclk1->userclk1,Max Delay Datapath Only,CAPTURE_SUBSYSTEM/MAILBOX/status_hold_nvp_reg[257]/C,CAPTURE_SUBSYSTEM/MAILBOX/status_bus_pcie_reg[257]/D,STABLE_DATA_WITH_SYNCHRONIZED_QUALIFIER,STATUS_MAILBOX,PASS,Group 2 preserved routed skew; capture_mailbox acknowledged status snapshot,EXACT_PRIOR_ROW
CDC-15,Warning,nvp_vclk1->userclk1,Max Delay Datapath Only,CAPTURE_SUBSYSTEM/MAILBOX/status_hold_nvp_reg[258]/C,CAPTURE_SUBSYSTEM/MAILBOX/status_bus_pcie_reg[258]/D,STABLE_DATA_WITH_SYNCHRONIZED_QUALIFIER,STATUS_MAILBOX,PASS,Group 2 preserved routed skew; capture_mailbox acknowledged status snapshot,EXACT_PRIOR_ROW
CDC-15,Warning,nvp_vclk1->userclk1,Max Delay Datapath Only,CAPTURE_SUBSYSTEM/MAILBOX/status_hold_nvp_reg[259]/C,CAPTURE_SUBSYSTEM/MAILBOX/status_bus_pcie_reg[259]/D,STABLE_DATA_WITH_SYNCHRONIZED_QUALIFIER,STATUS_MAILBOX,PASS,Group 2 preserved routed skew; capture_mailbox acknowledged status snapshot,EXACT_PRIOR_ROW
CDC-15,Warning,nvp_vclk1->userclk1,Max Delay Datapath Only,CAPTURE_SUBSYSTEM/MAILBOX/status_hold_nvp_reg[292]/C,CAPTURE_SUBSYSTEM/MAILBOX/status_bus_pcie_reg[292]/D,STABLE_DATA_WITH_SYNCHRONIZED_QUALIFIER,STATUS_MAILBOX,PASS,Group 2 preserved routed skew; capture_mailbox acknowledged status snapshot,EXACT_PRIOR_ROW
CDC-15,Warning,nvp_vclk1->userclk1,Max Delay Datapath Only,CAPTURE_SUBSYSTEM/MAILBOX/status_hold_nvp_reg[293]/C,CAPTURE_SUBSYSTEM/MAILBOX/status_bus_pcie_reg[293]/D,STABLE_DATA_WITH_SYNCHRONIZED_QUALIFIER,STATUS_MAILBOX,PASS,Group 2 preserved routed skew; capture_mailbox acknowledged status snapshot,EXACT_PRIOR_ROW
CDC-15,Warning,nvp_vclk1->userclk1,Max Delay Datapath Only,CAPTURE_SUBSYSTEM/MAILBOX/status_hold_nvp_reg[294]/C,CAPTURE_SUBSYSTEM/MAILBOX/status_bus_pcie_reg[294]/D,STABLE_DATA_WITH_SYNCHRONIZED_QUALIFIER,STATUS_MAILBOX,PASS,Group 2 preserved routed skew; capture_mailbox acknowledged status snapshot,EXACT_PRIOR_ROW
CDC-15,Warning,nvp_vclk1->userclk1,Max Delay Datapath Only,CAPTURE_SUBSYSTEM/MAILBOX/status_hold_nvp_reg[295]/C,CAPTURE_SUBSYSTEM/MAILBOX/status_bus_pcie_reg[295]/D,STABLE_DATA_WITH_SYNCHRONIZED_QUALIFIER,STATUS_MAILBOX,PASS,Group 2 preserved routed skew; capture_mailbox acknowledged status snapshot,EXACT_PRIOR_ROW
CDC-15,Warning,nvp_vclk1->userclk1,Max Delay Datapath Only,CAPTURE_SUBSYSTEM/MAILBOX/status_hold_nvp_reg[296]/C,CAPTURE_SUBSYSTEM/MAILBOX/status_bus_pcie_reg[296]/D,STABLE_DATA_WITH_SYNCHRONIZED_QUALIFIER,STATUS_MAILBOX,PASS,Group 2 preserved routed skew; capture_mailbox acknowledged status snapshot,EXACT_PRIOR_ROW
CDC-15,Warning,nvp_vclk1->userclk1,Max Delay Datapath Only,CAPTURE_SUBSYSTEM/MAILBOX/status_hold_nvp_reg[297]/C,CAPTURE_SUBSYSTEM/MAILBOX/status_bus_pcie_reg[297]/D,STABLE_DATA_WITH_SYNCHRONIZED_QUALIFIER,STATUS_MAILBOX,PASS,Group 2 preserved routed skew; capture_mailbox acknowledged status snapshot,EXACT_PRIOR_ROW
CDC-15,Warning,nvp_vclk1->userclk1,Max Delay Datapath Only,CAPTURE_SUBSYSTEM/MAILBOX/status_hold_nvp_reg[298]/C,CAPTURE_SUBSYSTEM/MAILBOX/status_bus_pcie_reg[298]/D,STABLE_DATA_WITH_SYNCHRONIZED_QUALIFIER,STATUS_MAILBOX,PASS,Group 2 preserved routed skew; capture_mailbox acknowledged status snapshot,EXACT_PRIOR_ROW
CDC-15,Warning,nvp_vclk1->userclk1,Max Delay Datapath Only,CAPTURE_SUBSYSTEM/MAILBOX/status_hold_nvp_reg[299]/C,CAPTURE_SUBSYSTEM/MAILBOX/status_bus_pcie_reg[299]/D,STABLE_DATA_WITH_SYNCHRONIZED_QUALIFIER,STATUS_MAILBOX,PASS,Group 2 preserved routed skew; capture_mailbox acknowledged status snapshot,EXACT_PRIOR_ROW
CDC-15,Warning,nvp_vclk1->userclk1,Max Delay Datapath Only,CAPTURE_SUBSYSTEM/MAILBOX/status_hold_nvp_reg[300]/C,CAPTURE_SUBSYSTEM/MAILBOX/status_bus_pcie_reg[300]/D,STABLE_DATA_WITH_SYNCHRONIZED_QUALIFIER,STATUS_MAILBOX,PASS,Group 2 preserved routed skew; capture_mailbox acknowledged status snapshot,EXACT_PRIOR_ROW
CDC-15,Warning,nvp_vclk1->userclk1,Max Delay Datapath Only,CAPTURE_SUBSYSTEM/MAILBOX/status_hold_nvp_reg[301]/C,CAPTURE_SUBSYSTEM/MAILBOX/status_bus_pcie_reg[301]/D,STABLE_DATA_WITH_SYNCHRONIZED_QUALIFIER,STATUS_MAILBOX,PASS,Group 2 preserved routed skew; capture_mailbox acknowledged status snapshot,EXACT_PRIOR_ROW
CDC-15,Warning,nvp_vclk1->userclk1,Max Delay Datapath Only,CAPTURE_SUBSYSTEM/MAILBOX/status_hold_nvp_reg[302]/C,CAPTURE_SUBSYSTEM/MAILBOX/status_bus_pcie_reg[302]/D,STABLE_DATA_WITH_SYNCHRONIZED_QUALIFIER,STATUS_MAILBOX,PASS,Group 2 preserved routed skew; capture_mailbox acknowledged status snapshot,EXACT_PRIOR_ROW
CDC-15,Warning,nvp_vclk1->userclk1,Max Delay Datapath Only,CAPTURE_SUBSYSTEM/MAILBOX/status_hold_nvp_reg[303]/C,CAPTURE_SUBSYSTEM/MAILBOX/status_bus_pcie_reg[303]/D,STABLE_DATA_WITH_SYNCHRONIZED_QUALIFIER,STATUS_MAILBOX,PASS,Group 2 preserved routed skew; capture_mailbox acknowledged status snapshot,EXACT_PRIOR_ROW
CDC-15,Warning,nvp_vclk1->userclk1,Max Delay Datapath Only,CAPTURE_SUBSYSTEM/MAILBOX/status_hold_nvp_reg[304]/C,CAPTURE_SUBSYSTEM/MAILBOX/status_bus_pcie_reg[304]/D,STABLE_DATA_WITH_SYNCHRONIZED_QUALIFIER,STATUS_MAILBOX,PASS,Group 2 preserved routed skew; capture_mailbox acknowledged status snapshot,EXACT_PRIOR_ROW
CDC-15,Warning,nvp_vclk1->userclk1,Max Delay Datapath Only,CAPTURE_SUBSYSTEM/MAILBOX/status_hold_nvp_reg[305]/C,CAPTURE_SUBSYSTEM/MAILBOX/status_bus_pcie_reg[305]/D,STABLE_DATA_WITH_SYNCHRONIZED_QUALIFIER,STATUS_MAILBOX,PASS,Group 2 preserved routed skew; capture_mailbox acknowledged status snapshot,EXACT_PRIOR_ROW
CDC-15,Warning,nvp_vclk1->userclk1,Max Delay Datapath Only,CAPTURE_SUBSYSTEM/MAILBOX/status_hold_nvp_reg[306]/C,CAPTURE_SUBSYSTEM/MAILBOX/status_bus_pcie_reg[306]/D,STABLE_DATA_WITH_SYNCHRONIZED_QUALIFIER,STATUS_MAILBOX,PASS,Group 2 preserved routed skew; capture_mailbox acknowledged status snapshot,EXACT_PRIOR_ROW
CDC-15,Warning,nvp_vclk1->userclk1,Max Delay Datapath Only,CAPTURE_SUBSYSTEM/MAILBOX/status_hold_nvp_reg[307]/C,CAPTURE_SUBSYSTEM/MAILBOX/status_bus_pcie_reg[307]/D,STABLE_DATA_WITH_SYNCHRONIZED_QUALIFIER,STATUS_MAILBOX,PASS,Group 2 preserved routed skew; capture_mailbox acknowledged status snapshot,EXACT_PRIOR_ROW
CDC-15,Warning,nvp_vclk1->userclk1,Max Delay Datapath Only,CAPTURE_SUBSYSTEM/MAILBOX/status_hold_nvp_reg[308]/C,CAPTURE_SUBSYSTEM/MAILBOX/status_bus_pcie_reg[308]/D,STABLE_DATA_WITH_SYNCHRONIZED_QUALIFIER,STATUS_MAILBOX,PASS,Group 2 preserved routed skew; capture_mailbox acknowledged status snapshot,EXACT_PRIOR_ROW
CDC-15,Warning,nvp_vclk1->userclk1,Max Delay Datapath Only,CAPTURE_SUBSYSTEM/MAILBOX/status_hold_nvp_reg[309]/C,CAPTURE_SUBSYSTEM/MAILBOX/status_bus_pcie_reg[309]/D,STABLE_DATA_WITH_SYNCHRONIZED_QUALIFIER,STATUS_MAILBOX,PASS,Group 2 preserved routed skew; capture_mailbox acknowledged status snapshot,EXACT_PRIOR_ROW
CDC-15,Warning,nvp_vclk1->userclk1,Max Delay Datapath Only,CAPTURE_SUBSYSTEM/MAILBOX/status_hold_nvp_reg[310]/C,CAPTURE_SUBSYSTEM/MAILBOX/status_bus_pcie_reg[310]/D,STABLE_DATA_WITH_SYNCHRONIZED_QUALIFIER,STATUS_MAILBOX,PASS,Group 2 preserved routed skew; capture_mailbox acknowledged status snapshot,EXACT_PRIOR_ROW
CDC-15,Warning,nvp_vclk1->userclk1,Max Delay Datapath Only,CAPTURE_SUBSYSTEM/MAILBOX/status_hold_nvp_reg[311]/C,CAPTURE_SUBSYSTEM/MAILBOX/status_bus_pcie_reg[311]/D,STABLE_DATA_WITH_SYNCHRONIZED_QUALIFIER,STATUS_MAILBOX,PASS,Group 2 preserved routed skew; capture_mailbox acknowledged status snapshot,EXACT_PRIOR_ROW
CDC-15,Warning,nvp_vclk1->userclk1,Max Delay Datapath Only,CAPTURE_SUBSYSTEM/MAILBOX/status_hold_nvp_reg[312]/C,CAPTURE_SUBSYSTEM/MAILBOX/status_bus_pcie_reg[312]/D,STABLE_DATA_WITH_SYNCHRONIZED_QUALIFIER,STATUS_MAILBOX,PASS,Group 2 preserved routed skew; capture_mailbox acknowledged status snapshot,EXACT_PRIOR_ROW
CDC-15,Warning,nvp_vclk1->userclk1,Max Delay Datapath Only,CAPTURE_SUBSYSTEM/MAILBOX/status_hold_nvp_reg[313]/C,CAPTURE_SUBSYSTEM/MAILBOX/status_bus_pcie_reg[313]/D,STABLE_DATA_WITH_SYNCHRONIZED_QUALIFIER,STATUS_MAILBOX,PASS,Group 2 preserved routed skew; capture_mailbox acknowledged status snapshot,EXACT_PRIOR_ROW
CDC-15,Warning,nvp_vclk1->userclk1,Max Delay Datapath Only,CAPTURE_SUBSYSTEM/MAILBOX/status_hold_nvp_reg[314]/C,CAPTURE_SUBSYSTEM/MAILBOX/status_bus_pcie_reg[314]/D,STABLE_DATA_WITH_SYNCHRONIZED_QUALIFIER,STATUS_MAILBOX,PASS,Group 2 preserved routed skew; capture_mailbox acknowledged status snapshot,EXACT_PRIOR_ROW
CDC-15,Warning,nvp_vclk1->userclk1,Max Delay Datapath Only,CAPTURE_SUBSYSTEM/MAILBOX/status_hold_nvp_reg[315]/C,CAPTURE_SUBSYSTEM/MAILBOX/status_bus_pcie_reg[315]/D,STABLE_DATA_WITH_SYNCHRONIZED_QUALIFIER,STATUS_MAILBOX,PASS,Group 2 preserved routed skew; capture_mailbox acknowledged status snapshot,EXACT_PRIOR_ROW
CDC-15,Warning,nvp_vclk1->userclk1,Max Delay Datapath Only,CAPTURE_SUBSYSTEM/MAILBOX/status_hold_nvp_reg[316]/C,CAPTURE_SUBSYSTEM/MAILBOX/status_bus_pcie_reg[316]/D,STABLE_DATA_WITH_SYNCHRONIZED_QUALIFIER,STATUS_MAILBOX,PASS,Group 2 preserved routed skew; capture_mailbox acknowledged status snapshot,EXACT_PRIOR_ROW
CDC-15,Warning,nvp_vclk1->userclk1,Max Delay Datapath Only,CAPTURE_SUBSYSTEM/MAILBOX/status_hold_nvp_reg[317]/C,CAPTURE_SUBSYSTEM/MAILBOX/status_bus_pcie_reg[317]/D,STABLE_DATA_WITH_SYNCHRONIZED_QUALIFIER,STATUS_MAILBOX,PASS,Group 2 preserved routed skew; capture_mailbox acknowledged status snapshot,EXACT_PRIOR_ROW
CDC-15,Warning,nvp_vclk1->userclk1,Max Delay Datapath Only,CAPTURE_SUBSYSTEM/MAILBOX/status_hold_nvp_reg[318]/C,CAPTURE_SUBSYSTEM/MAILBOX/status_bus_pcie_reg[318]/D,STABLE_DATA_WITH_SYNCHRONIZED_QUALIFIER,STATUS_MAILBOX,PASS,Group 2 preserved routed skew; capture_mailbox acknowledged status snapshot,EXACT_PRIOR_ROW
CDC-15,Warning,nvp_vclk1->userclk1,Max Delay Datapath Only,CAPTURE_SUBSYSTEM/MAILBOX/status_hold_nvp_reg[319]/C,CAPTURE_SUBSYSTEM/MAILBOX/status_bus_pcie_reg[319]/D,STABLE_DATA_WITH_SYNCHRONIZED_QUALIFIER,STATUS_MAILBOX,PASS,Group 2 preserved routed skew; capture_mailbox acknowledged status snapshot,EXACT_PRIOR_ROW
CDC-15,Warning,nvp_vclk1->userclk1,Max Delay Datapath Only,CAPTURE_SUBSYSTEM/MAILBOX/status_hold_nvp_reg[320]/C,CAPTURE_SUBSYSTEM/MAILBOX/status_bus_pcie_reg[320]/D,STABLE_DATA_WITH_SYNCHRONIZED_QUALIFIER,STATUS_MAILBOX,PASS,Group 2 preserved routed skew; capture_mailbox acknowledged status snapshot,EXACT_PRIOR_ROW
CDC-15,Warning,nvp_vclk1->userclk1,Max Delay Datapath Only,CAPTURE_SUBSYSTEM/MAILBOX/status_hold_nvp_reg[321]/C,CAPTURE_SUBSYSTEM/MAILBOX/status_bus_pcie_reg[321]/D,STABLE_DATA_WITH_SYNCHRONIZED_QUALIFIER,STATUS_MAILBOX,PASS,Group 2 preserved routed skew; capture_mailbox acknowledged status snapshot,EXACT_PRIOR_ROW
CDC-15,Warning,nvp_vclk1->userclk1,Max Delay Datapath Only,CAPTURE_SUBSYSTEM/MAILBOX/status_hold_nvp_reg[322]/C,CAPTURE_SUBSYSTEM/MAILBOX/status_bus_pcie_reg[322]/D,STABLE_DATA_WITH_SYNCHRONIZED_QUALIFIER,STATUS_MAILBOX,PASS,Group 2 preserved routed skew; capture_mailbox acknowledged status snapshot,EXACT_PRIOR_ROW
CDC-15,Warning,nvp_vclk1->userclk1,Max Delay Datapath Only,CAPTURE_SUBSYSTEM/MAILBOX/status_hold_nvp_reg[323]/C,CAPTURE_SUBSYSTEM/MAILBOX/status_bus_pcie_reg[323]/D,STABLE_DATA_WITH_SYNCHRONIZED_QUALIFIER,STATUS_MAILBOX,PASS,Group 2 preserved routed skew; capture_mailbox acknowledged status snapshot,EXACT_PRIOR_ROW
CDC-3,Info,nvp_vclk1->userclk1,False Path,CAPTURE_SUBSYSTEM/MAILBOX/status_request_toggle_nvp_reg/C,CAPTURE_SUBSYSTEM/MAILBOX/status_req_sync1_pcie_reg/D,INTENTIONAL_TWO_STAGE_SYNCHRONIZER,LEVEL_SYNCHRONIZER,PASS,Exact unchanged report row; ASYNC_REG depth 2. CDC-10 source_ready/fatal level is held through handshake; four exact chain-cell attributes verified in continuation.,EXACT_PRIOR_ROW
CDC-6,Warning,nvp_vclk1->userclk1,Max Delay Datapath Only,CAPTURE_SUBSYSTEM/active_sav_gray_nvp_reg[31:0]/C,CAPTURE_SUBSYSTEM/active_sav_gray_sync1_pcie_reg[31:0]/D,GRAY_CODED_CDC,MULTIBIT_CDC,PASS,"Unchanged exact CDC-6 row; Gray source, ASYNC_REG first/second stage; Groups 3/4 preserved skew PASS",EXACT_PRIOR_ROW
CDC-6,Warning,nvp_vclk1->userclk1,Max Delay Datapath Only,CAPTURE_SUBSYSTEM/slot_commit_gray_nvp_reg[31:0]/C,CAPTURE_SUBSYSTEM/slot_commit_gray_sync1_pcie_reg[31:0]/D,GRAY_CODED_CDC,MULTIBIT_CDC,PASS,"Unchanged exact CDC-6 row; Gray source, ASYNC_REG first/second stage; Groups 3/4 preserved skew PASS",EXACT_PRIOR_ROW
CDC-1,Critical,nvp_vclk1->userclk1,Max Delay Datapath Only,G2B_ONECH_C2H/reset_commit_phase_hold_source_reg[1]/C,G2B_ONECH_C2H/axi_hard_episode_reg/D,STABLE_DATA_WITH_SYNCHRONIZED_QUALIFIER,RESET_RETURN,PASS,Group 13 promoted two-family settling and completion-barrier structural proof; retained aggregate destination coverage,EXACT_PRIOR_ROW
CDC-15,Warning,nvp_vclk1->userclk1,Max Delay Datapath Only,G2B_ONECH_C2H/desc_attempt_source_reg_0_3_0_5/RAMA/CLK,G2B_ONECH_C2H/axis_attempt_reg[0]/D,STABLE_DATA_WITH_SYNCHRONIZED_QUALIFIER,DESCRIPTOR_MAILBOX,PASS,Groups 10–12 preserved PASS; committed-slot stability until release; functional four-slot regression,EXACT_PRIOR_ROW
CDC-15,Warning,nvp_vclk1->userclk1,Max Delay Datapath Only,G2B_ONECH_C2H/desc_attempt_source_reg_0_3_0_5/RAMA_D1/CLK,G2B_ONECH_C2H/axis_attempt_reg[1]/D,STABLE_DATA_WITH_SYNCHRONIZED_QUALIFIER,DESCRIPTOR_MAILBOX,PASS,Groups 10–12 preserved PASS; committed-slot stability until release; functional four-slot regression,EXACT_PRIOR_ROW
CDC-15,Warning,nvp_vclk1->userclk1,Max Delay Datapath Only,G2B_ONECH_C2H/desc_attempt_source_reg_0_3_0_5/RAMB/CLK,G2B_ONECH_C2H/axis_attempt_reg[2]/D,STABLE_DATA_WITH_SYNCHRONIZED_QUALIFIER,DESCRIPTOR_MAILBOX,PASS,Groups 10–12 preserved PASS; committed-slot stability until release; functional four-slot regression,EXACT_PRIOR_ROW
CDC-15,Warning,nvp_vclk1->userclk1,Max Delay Datapath Only,G2B_ONECH_C2H/desc_attempt_source_reg_0_3_0_5/RAMB_D1/CLK,G2B_ONECH_C2H/axis_attempt_reg[3]/D,STABLE_DATA_WITH_SYNCHRONIZED_QUALIFIER,DESCRIPTOR_MAILBOX,PASS,Groups 10–12 preserved PASS; committed-slot stability until release; functional four-slot regression,EXACT_PRIOR_ROW
CDC-15,Warning,nvp_vclk1->userclk1,Max Delay Datapath Only,G2B_ONECH_C2H/desc_attempt_source_reg_0_3_0_5/RAMC/CLK,G2B_ONECH_C2H/axis_attempt_reg[4]/D,STABLE_DATA_WITH_SYNCHRONIZED_QUALIFIER,DESCRIPTOR_MAILBOX,PASS,Groups 10–12 preserved PASS; committed-slot stability until release; functional four-slot regression,EXACT_PRIOR_ROW
CDC-15,Warning,nvp_vclk1->userclk1,Max Delay Datapath Only,G2B_ONECH_C2H/desc_attempt_source_reg_0_3_0_5/RAMC_D1/CLK,G2B_ONECH_C2H/axis_attempt_reg[5]/D,STABLE_DATA_WITH_SYNCHRONIZED_QUALIFIER,DESCRIPTOR_MAILBOX,PASS,Groups 10–12 preserved PASS; committed-slot stability until release; functional four-slot regression,EXACT_PRIOR_ROW
CDC-15,Warning,nvp_vclk1->userclk1,Max Delay Datapath Only,G2B_ONECH_C2H/desc_attempt_source_reg_0_3_6_11/RAMA/CLK,G2B_ONECH_C2H/axis_attempt_reg[6]/D,STABLE_DATA_WITH_SYNCHRONIZED_QUALIFIER,DESCRIPTOR_MAILBOX,PASS,Groups 10–12 preserved PASS; committed-slot stability until release; functional four-slot regression,EXACT_PRIOR_ROW
CDC-15,Warning,nvp_vclk1->userclk1,Max Delay Datapath Only,G2B_ONECH_C2H/desc_attempt_source_reg_0_3_6_11/RAMA_D1/CLK,G2B_ONECH_C2H/axis_attempt_reg[7]/D,STABLE_DATA_WITH_SYNCHRONIZED_QUALIFIER,DESCRIPTOR_MAILBOX,PASS,Groups 10–12 preserved PASS; committed-slot stability until release; functional four-slot regression,EXACT_PRIOR_ROW
CDC-15,Warning,nvp_vclk1->userclk1,Max Delay Datapath Only,G2B_ONECH_C2H/desc_attempt_source_reg_0_3_6_11/RAMB/CLK,G2B_ONECH_C2H/axis_attempt_reg[8]/D,STABLE_DATA_WITH_SYNCHRONIZED_QUALIFIER,DESCRIPTOR_MAILBOX,PASS,Groups 10–12 preserved PASS; committed-slot stability until release; functional four-slot regression,EXACT_PRIOR_ROW
CDC-15,Warning,nvp_vclk1->userclk1,Max Delay Datapath Only,G2B_ONECH_C2H/desc_attempt_source_reg_0_3_6_11/RAMB_D1/CLK,G2B_ONECH_C2H/axis_attempt_reg[9]/D,STABLE_DATA_WITH_SYNCHRONIZED_QUALIFIER,DESCRIPTOR_MAILBOX,PASS,Groups 10–12 preserved PASS; committed-slot stability until release; functional four-slot regression,EXACT_PRIOR_ROW
CDC-15,Warning,nvp_vclk1->userclk1,Max Delay Datapath Only,G2B_ONECH_C2H/desc_attempt_source_reg_0_3_6_11/RAMC/CLK,G2B_ONECH_C2H/axis_attempt_reg[10]/D,STABLE_DATA_WITH_SYNCHRONIZED_QUALIFIER,DESCRIPTOR_MAILBOX,PASS,Groups 10–12 preserved PASS; committed-slot stability until release; functional four-slot regression,EXACT_PRIOR_ROW
CDC-15,Warning,nvp_vclk1->userclk1,Max Delay Datapath Only,G2B_ONECH_C2H/desc_attempt_source_reg_0_3_6_11/RAMC_D1/CLK,G2B_ONECH_C2H/axis_attempt_reg[11]/D,STABLE_DATA_WITH_SYNCHRONIZED_QUALIFIER,DESCRIPTOR_MAILBOX,PASS,Groups 10–12 preserved PASS; committed-slot stability until release; functional four-slot regression,EXACT_PRIOR_ROW
CDC-15,Warning,nvp_vclk1->userclk1,Max Delay Datapath Only,G2B_ONECH_C2H/desc_attempt_source_reg_0_3_12_17/RAMA/CLK,G2B_ONECH_C2H/axis_attempt_reg[12]/D,STABLE_DATA_WITH_SYNCHRONIZED_QUALIFIER,DESCRIPTOR_MAILBOX,PASS,Groups 10–12 preserved PASS; committed-slot stability until release; functional four-slot regression,EXACT_PRIOR_ROW
CDC-15,Warning,nvp_vclk1->userclk1,Max Delay Datapath Only,G2B_ONECH_C2H/desc_attempt_source_reg_0_3_12_17/RAMA_D1/CLK,G2B_ONECH_C2H/axis_attempt_reg[13]/D,STABLE_DATA_WITH_SYNCHRONIZED_QUALIFIER,DESCRIPTOR_MAILBOX,PASS,Groups 10–12 preserved PASS; committed-slot stability until release; functional four-slot regression,EXACT_PRIOR_ROW
CDC-15,Warning,nvp_vclk1->userclk1,Max Delay Datapath Only,G2B_ONECH_C2H/desc_attempt_source_reg_0_3_12_17/RAMB/CLK,G2B_ONECH_C2H/axis_attempt_reg[14]/D,STABLE_DATA_WITH_SYNCHRONIZED_QUALIFIER,DESCRIPTOR_MAILBOX,PASS,Groups 10–12 preserved PASS; committed-slot stability until release; functional four-slot regression,EXACT_PRIOR_ROW
CDC-15,Warning,nvp_vclk1->userclk1,Max Delay Datapath Only,G2B_ONECH_C2H/desc_attempt_source_reg_0_3_12_17/RAMB_D1/CLK,G2B_ONECH_C2H/axis_attempt_reg[15]/D,STABLE_DATA_WITH_SYNCHRONIZED_QUALIFIER,DESCRIPTOR_MAILBOX,PASS,Groups 10–12 preserved PASS; committed-slot stability until release; functional four-slot regression,EXACT_PRIOR_ROW
CDC-15,Warning,nvp_vclk1->userclk1,Max Delay Datapath Only,G2B_ONECH_C2H/desc_attempt_source_reg_0_3_12_17/RAMC/CLK,G2B_ONECH_C2H/axis_attempt_reg[16]/D,STABLE_DATA_WITH_SYNCHRONIZED_QUALIFIER,DESCRIPTOR_MAILBOX,PASS,Groups 10–12 preserved PASS; committed-slot stability until release; functional four-slot regression,EXACT_PRIOR_ROW
CDC-15,Warning,nvp_vclk1->userclk1,Max Delay Datapath Only,G2B_ONECH_C2H/desc_attempt_source_reg_0_3_12_17/RAMC_D1/CLK,G2B_ONECH_C2H/axis_attempt_reg[17]/D,STABLE_DATA_WITH_SYNCHRONIZED_QUALIFIER,DESCRIPTOR_MAILBOX,PASS,Groups 10–12 preserved PASS; committed-slot stability until release; functional four-slot regression,EXACT_PRIOR_ROW
CDC-15,Warning,nvp_vclk1->userclk1,Max Delay Datapath Only,G2B_ONECH_C2H/desc_attempt_source_reg_0_3_18_23/RAMA/CLK,G2B_ONECH_C2H/axis_attempt_reg[18]/D,STABLE_DATA_WITH_SYNCHRONIZED_QUALIFIER,DESCRIPTOR_MAILBOX,PASS,Groups 10–12 preserved PASS; committed-slot stability until release; functional four-slot regression,EXACT_PRIOR_ROW
CDC-15,Warning,nvp_vclk1->userclk1,Max Delay Datapath Only,G2B_ONECH_C2H/desc_attempt_source_reg_0_3_18_23/RAMA_D1/CLK,G2B_ONECH_C2H/axis_attempt_reg[19]/D,STABLE_DATA_WITH_SYNCHRONIZED_QUALIFIER,DESCRIPTOR_MAILBOX,PASS,Groups 10–12 preserved PASS; committed-slot stability until release; functional four-slot regression,EXACT_PRIOR_ROW
CDC-15,Warning,nvp_vclk1->userclk1,Max Delay Datapath Only,G2B_ONECH_C2H/desc_attempt_source_reg_0_3_18_23/RAMB/CLK,G2B_ONECH_C2H/axis_attempt_reg[20]/D,STABLE_DATA_WITH_SYNCHRONIZED_QUALIFIER,DESCRIPTOR_MAILBOX,PASS,Groups 10–12 preserved PASS; committed-slot stability until release; functional four-slot regression,EXACT_PRIOR_ROW
CDC-15,Warning,nvp_vclk1->userclk1,Max Delay Datapath Only,G2B_ONECH_C2H/desc_attempt_source_reg_0_3_18_23/RAMB_D1/CLK,G2B_ONECH_C2H/axis_attempt_reg[21]/D,STABLE_DATA_WITH_SYNCHRONIZED_QUALIFIER,DESCRIPTOR_MAILBOX,PASS,Groups 10–12 preserved PASS; committed-slot stability until release; functional four-slot regression,EXACT_PRIOR_ROW
CDC-15,Warning,nvp_vclk1->userclk1,Max Delay Datapath Only,G2B_ONECH_C2H/desc_attempt_source_reg_0_3_18_23/RAMC/CLK,G2B_ONECH_C2H/axis_attempt_reg[22]/D,STABLE_DATA_WITH_SYNCHRONIZED_QUALIFIER,DESCRIPTOR_MAILBOX,PASS,Groups 10–12 preserved PASS; committed-slot stability until release; functional four-slot regression,EXACT_PRIOR_ROW
CDC-15,Warning,nvp_vclk1->userclk1,Max Delay Datapath Only,G2B_ONECH_C2H/desc_attempt_source_reg_0_3_18_23/RAMC_D1/CLK,G2B_ONECH_C2H/axis_attempt_reg[23]/D,STABLE_DATA_WITH_SYNCHRONIZED_QUALIFIER,DESCRIPTOR_MAILBOX,PASS,Groups 10–12 preserved PASS; committed-slot stability until release; functional four-slot regression,EXACT_PRIOR_ROW
CDC-15,Warning,nvp_vclk1->userclk1,Max Delay Datapath Only,G2B_ONECH_C2H/desc_attempt_source_reg_0_3_24_29/RAMA/CLK,G2B_ONECH_C2H/axis_attempt_reg[24]/D,STABLE_DATA_WITH_SYNCHRONIZED_QUALIFIER,DESCRIPTOR_MAILBOX,PASS,Groups 10–12 preserved PASS; committed-slot stability until release; functional four-slot regression,EXACT_PRIOR_ROW
CDC-15,Warning,nvp_vclk1->userclk1,Max Delay Datapath Only,G2B_ONECH_C2H/desc_attempt_source_reg_0_3_24_29/RAMA_D1/CLK,G2B_ONECH_C2H/axis_attempt_reg[25]/D,STABLE_DATA_WITH_SYNCHRONIZED_QUALIFIER,DESCRIPTOR_MAILBOX,PASS,Groups 10–12 preserved PASS; committed-slot stability until release; functional four-slot regression,EXACT_PRIOR_ROW
CDC-15,Warning,nvp_vclk1->userclk1,Max Delay Datapath Only,G2B_ONECH_C2H/desc_attempt_source_reg_0_3_24_29/RAMB/CLK,G2B_ONECH_C2H/axis_attempt_reg[26]/D,STABLE_DATA_WITH_SYNCHRONIZED_QUALIFIER,DESCRIPTOR_MAILBOX,PASS,Groups 10–12 preserved PASS; committed-slot stability until release; functional four-slot regression,EXACT_PRIOR_ROW
CDC-15,Warning,nvp_vclk1->userclk1,Max Delay Datapath Only,G2B_ONECH_C2H/desc_attempt_source_reg_0_3_24_29/RAMB_D1/CLK,G2B_ONECH_C2H/axis_attempt_reg[27]/D,STABLE_DATA_WITH_SYNCHRONIZED_QUALIFIER,DESCRIPTOR_MAILBOX,PASS,Groups 10–12 preserved PASS; committed-slot stability until release; functional four-slot regression,EXACT_PRIOR_ROW
CDC-15,Warning,nvp_vclk1->userclk1,Max Delay Datapath Only,G2B_ONECH_C2H/desc_attempt_source_reg_0_3_24_29/RAMC/CLK,G2B_ONECH_C2H/axis_attempt_reg[28]/D,STABLE_DATA_WITH_SYNCHRONIZED_QUALIFIER,DESCRIPTOR_MAILBOX,PASS,Groups 10–12 preserved PASS; committed-slot stability until release; functional four-slot regression,EXACT_PRIOR_ROW
CDC-15,Warning,nvp_vclk1->userclk1,Max Delay Datapath Only,G2B_ONECH_C2H/desc_attempt_source_reg_0_3_24_29/RAMC_D1/CLK,G2B_ONECH_C2H/axis_attempt_reg[29]/D,STABLE_DATA_WITH_SYNCHRONIZED_QUALIFIER,DESCRIPTOR_MAILBOX,PASS,Groups 10–12 preserved PASS; committed-slot stability until release; functional four-slot regression,EXACT_PRIOR_ROW
CDC-15,Warning,nvp_vclk1->userclk1,Max Delay Datapath Only,G2B_ONECH_C2H/desc_attempt_source_reg_0_3_30_31/DP/CLK,G2B_ONECH_C2H/axis_attempt_reg[30]/D,STABLE_DATA_WITH_SYNCHRONIZED_QUALIFIER,DESCRIPTOR_MAILBOX,PASS,Groups 10–12 preserved PASS; committed-slot stability until release; functional four-slot regression,EXACT_PRIOR_ROW
CDC-15,Warning,nvp_vclk1->userclk1,Max Delay Datapath Only,G2B_ONECH_C2H/desc_attempt_source_reg_0_3_30_31__0/DP/CLK,G2B_ONECH_C2H/axis_attempt_reg[31]/D,STABLE_DATA_WITH_SYNCHRONIZED_QUALIFIER,DESCRIPTOR_MAILBOX,PASS,Groups 10–12 preserved PASS; committed-slot stability until release; functional four-slot regression,EXACT_PRIOR_ROW
CDC-15,Warning,nvp_vclk1->userclk1,Max Delay Datapath Only,G2B_ONECH_C2H/own_ok_hold_source_reg/C,G2B_ONECH_C2H/axis_beat_index_reg[0]/R,STABLE_DATA_WITH_SYNCHRONIZED_QUALIFIER,OWNERSHIP_RESULT,PASS,Retained source-to-AXI aggregate 6 ns bound; stable acknowledged ownership result; BS3 safety proof,EXACT_PRIOR_ROW
CDC-15,Warning,nvp_vclk1->userclk1,Max Delay Datapath Only,G2B_ONECH_C2H/own_ok_hold_source_reg/C,G2B_ONECH_C2H/axis_beat_index_reg[1]/R,STABLE_DATA_WITH_SYNCHRONIZED_QUALIFIER,OWNERSHIP_RESULT,PASS,Retained source-to-AXI aggregate 6 ns bound; stable acknowledged ownership result; BS3 safety proof,EXACT_PRIOR_ROW
CDC-15,Warning,nvp_vclk1->userclk1,Max Delay Datapath Only,G2B_ONECH_C2H/own_ok_hold_source_reg/C,G2B_ONECH_C2H/axis_beat_index_reg[2]/R,STABLE_DATA_WITH_SYNCHRONIZED_QUALIFIER,OWNERSHIP_RESULT,PASS,Retained source-to-AXI aggregate 6 ns bound; stable acknowledged ownership result; BS3 safety proof,EXACT_PRIOR_ROW
CDC-15,Warning,nvp_vclk1->userclk1,Max Delay Datapath Only,G2B_ONECH_C2H/own_ok_hold_source_reg/C,G2B_ONECH_C2H/axis_beat_index_reg[3]/R,STABLE_DATA_WITH_SYNCHRONIZED_QUALIFIER,OWNERSHIP_RESULT,PASS,Retained source-to-AXI aggregate 6 ns bound; stable acknowledged ownership result; BS3 safety proof,EXACT_PRIOR_ROW
CDC-15,Warning,nvp_vclk1->userclk1,Max Delay Datapath Only,G2B_ONECH_C2H/own_ok_hold_source_reg/C,G2B_ONECH_C2H/axis_beat_index_reg[4]/R,STABLE_DATA_WITH_SYNCHRONIZED_QUALIFIER,OWNERSHIP_RESULT,PASS,Retained source-to-AXI aggregate 6 ns bound; stable acknowledged ownership result; BS3 safety proof,EXACT_PRIOR_ROW
CDC-15,Warning,nvp_vclk1->userclk1,Max Delay Datapath Only,G2B_ONECH_C2H/own_ok_hold_source_reg/C,G2B_ONECH_C2H/axis_beat_index_reg[5]/R,STABLE_DATA_WITH_SYNCHRONIZED_QUALIFIER,OWNERSHIP_RESULT,PASS,Retained source-to-AXI aggregate 6 ns bound; stable acknowledged ownership result; BS3 safety proof,EXACT_PRIOR_ROW
CDC-15,Warning,nvp_vclk1->userclk1,Max Delay Datapath Only,G2B_ONECH_C2H/own_ok_hold_source_reg/C,G2B_ONECH_C2H/axis_beat_index_reg[6]/R,STABLE_DATA_WITH_SYNCHRONIZED_QUALIFIER,OWNERSHIP_RESULT,PASS,Retained source-to-AXI aggregate 6 ns bound; stable acknowledged ownership result; BS3 safety proof,EXACT_PRIOR_ROW
CDC-15,Warning,nvp_vclk1->userclk1,Max Delay Datapath Only,G2B_ONECH_C2H/own_ok_hold_source_reg/C,G2B_ONECH_C2H/axis_beat_index_reg[7]/R,STABLE_DATA_WITH_SYNCHRONIZED_QUALIFIER,OWNERSHIP_RESULT,PASS,Retained source-to-AXI aggregate 6 ns bound; stable acknowledged ownership result; BS3 safety proof,EXACT_PRIOR_ROW
CDC-15,Warning,nvp_vclk1->userclk1,Max Delay Datapath Only,G2B_ONECH_C2H/own_ok_hold_source_reg/C,G2B_ONECH_C2H/axis_beat_index_reg[8]/R,STABLE_DATA_WITH_SYNCHRONIZED_QUALIFIER,OWNERSHIP_RESULT,PASS,Retained source-to-AXI aggregate 6 ns bound; stable acknowledged ownership result; BS3 safety proof,EXACT_PRIOR_ROW
CDC-15,Warning,nvp_vclk1->userclk1,Max Delay Datapath Only,G2B_ONECH_C2H/desc_epoch_source_reg[3][0]/C,G2B_ONECH_C2H/axis_epoch_reg[0]/D,STABLE_DATA_WITH_SYNCHRONIZED_QUALIFIER,DESCRIPTOR_MAILBOX,PASS,Groups 10–12 preserved PASS; committed-slot stability until release; functional four-slot regression,EXACT_PRIOR_ROW
CDC-15,Warning,nvp_vclk1->userclk1,Max Delay Datapath Only,G2B_ONECH_C2H/desc_epoch_source_reg[2][1]/C,G2B_ONECH_C2H/axis_epoch_reg[1]/D,STABLE_DATA_WITH_SYNCHRONIZED_QUALIFIER,DESCRIPTOR_MAILBOX,PASS,Groups 10–12 preserved PASS; committed-slot stability until release; functional four-slot regression,REVIEWED_REPRESENTATIVE_CHANGE
CDC-15,Warning,nvp_vclk1->userclk1,Max Delay Datapath Only,G2B_ONECH_C2H/desc_epoch_source_reg[0][2]/C,G2B_ONECH_C2H/axis_epoch_reg[2]/D,STABLE_DATA_WITH_SYNCHRONIZED_QUALIFIER,DESCRIPTOR_MAILBOX,PASS,Groups 10–12 preserved PASS; committed-slot stability until release; functional four-slot regression,EXACT_PRIOR_ROW
CDC-15,Warning,nvp_vclk1->userclk1,Max Delay Datapath Only,G2B_ONECH_C2H/desc_epoch_source_reg[2][3]/C,G2B_ONECH_C2H/axis_epoch_reg[3]/D,STABLE_DATA_WITH_SYNCHRONIZED_QUALIFIER,DESCRIPTOR_MAILBOX,PASS,Groups 10–12 preserved PASS; committed-slot stability until release; functional four-slot regression,REVIEWED_REPRESENTATIVE_CHANGE
CDC-15,Warning,nvp_vclk1->userclk1,Max Delay Datapath Only,G2B_ONECH_C2H/desc_epoch_source_reg[0][4]/C,G2B_ONECH_C2H/axis_epoch_reg[4]/D,STABLE_DATA_WITH_SYNCHRONIZED_QUALIFIER,DESCRIPTOR_MAILBOX,PASS,Groups 10–12 preserved PASS; committed-slot stability until release; functional four-slot regression,EXACT_PRIOR_ROW
CDC-15,Warning,nvp_vclk1->userclk1,Max Delay Datapath Only,G2B_ONECH_C2H/desc_epoch_source_reg[2][5]/C,G2B_ONECH_C2H/axis_epoch_reg[5]/D,STABLE_DATA_WITH_SYNCHRONIZED_QUALIFIER,DESCRIPTOR_MAILBOX,PASS,Groups 10–12 preserved PASS; committed-slot stability until release; functional four-slot regression,EXACT_PRIOR_ROW
CDC-15,Warning,nvp_vclk1->userclk1,Max Delay Datapath Only,G2B_ONECH_C2H/desc_epoch_source_reg[1][6]/C,G2B_ONECH_C2H/axis_epoch_reg[6]/D,STABLE_DATA_WITH_SYNCHRONIZED_QUALIFIER,DESCRIPTOR_MAILBOX,PASS,Groups 10–12 preserved PASS; committed-slot stability until release; functional four-slot regression,EXACT_PRIOR_ROW
CDC-15,Warning,nvp_vclk1->userclk1,Max Delay Datapath Only,G2B_ONECH_C2H/desc_epoch_source_reg[3][7]/C,G2B_ONECH_C2H/axis_epoch_reg[7]/D,STABLE_DATA_WITH_SYNCHRONIZED_QUALIFIER,DESCRIPTOR_MAILBOX,PASS,Groups 10–12 preserved PASS; committed-slot stability until release; functional four-slot regression,EXACT_PRIOR_ROW
CDC-15,Warning,nvp_vclk1->userclk1,Max Delay Datapath Only,G2B_ONECH_C2H/desc_epoch_source_reg[0][8]/C,G2B_ONECH_C2H/axis_epoch_reg[8]/D,STABLE_DATA_WITH_SYNCHRONIZED_QUALIFIER,DESCRIPTOR_MAILBOX,PASS,Groups 10–12 preserved PASS; committed-slot stability until release; functional four-slot regression,EXACT_PRIOR_ROW
CDC-15,Warning,nvp_vclk1->userclk1,Max Delay Datapath Only,G2B_ONECH_C2H/desc_epoch_source_reg[1][9]/C,G2B_ONECH_C2H/axis_epoch_reg[9]/D,STABLE_DATA_WITH_SYNCHRONIZED_QUALIFIER,DESCRIPTOR_MAILBOX,PASS,Groups 10–12 preserved PASS; committed-slot stability until release; functional four-slot regression,EXACT_PRIOR_ROW
CDC-15,Warning,nvp_vclk1->userclk1,Max Delay Datapath Only,G2B_ONECH_C2H/desc_epoch_source_reg[0][10]/C,G2B_ONECH_C2H/axis_epoch_reg[10]/D,STABLE_DATA_WITH_SYNCHRONIZED_QUALIFIER,DESCRIPTOR_MAILBOX,PASS,Groups 10–12 preserved PASS; committed-slot stability until release; functional four-slot regression,EXACT_PRIOR_ROW
CDC-15,Warning,nvp_vclk1->userclk1,Max Delay Datapath Only,G2B_ONECH_C2H/desc_epoch_source_reg[1][11]/C,G2B_ONECH_C2H/axis_epoch_reg[11]/D,STABLE_DATA_WITH_SYNCHRONIZED_QUALIFIER,DESCRIPTOR_MAILBOX,PASS,Groups 10–12 preserved PASS; committed-slot stability until release; functional four-slot regression,EXACT_PRIOR_ROW
CDC-15,Warning,nvp_vclk1->userclk1,Max Delay Datapath Only,G2B_ONECH_C2H/desc_epoch_source_reg[3][12]/C,G2B_ONECH_C2H/axis_epoch_reg[12]/D,STABLE_DATA_WITH_SYNCHRONIZED_QUALIFIER,DESCRIPTOR_MAILBOX,PASS,Groups 10–12 preserved PASS; committed-slot stability until release; functional four-slot regression,EXACT_PRIOR_ROW
CDC-15,Warning,nvp_vclk1->userclk1,Max Delay Datapath Only,G2B_ONECH_C2H/desc_epoch_source_reg[1][13]/C,G2B_ONECH_C2H/axis_epoch_reg[13]/D,STABLE_DATA_WITH_SYNCHRONIZED_QUALIFIER,DESCRIPTOR_MAILBOX,PASS,Groups 10–12 preserved PASS; committed-slot stability until release; functional four-slot regression,EXACT_PRIOR_ROW
CDC-15,Warning,nvp_vclk1->userclk1,Max Delay Datapath Only,G2B_ONECH_C2H/desc_epoch_source_reg[1][14]/C,G2B_ONECH_C2H/axis_epoch_reg[14]/D,STABLE_DATA_WITH_SYNCHRONIZED_QUALIFIER,DESCRIPTOR_MAILBOX,PASS,Groups 10–12 preserved PASS; committed-slot stability until release; functional four-slot regression,EXACT_PRIOR_ROW
CDC-15,Warning,nvp_vclk1->userclk1,Max Delay Datapath Only,G2B_ONECH_C2H/desc_epoch_source_reg[0][15]/C,G2B_ONECH_C2H/axis_epoch_reg[15]/D,STABLE_DATA_WITH_SYNCHRONIZED_QUALIFIER,DESCRIPTOR_MAILBOX,PASS,Groups 10–12 preserved PASS; committed-slot stability until release; functional four-slot regression,EXACT_PRIOR_ROW
CDC-15,Warning,nvp_vclk1->userclk1,Max Delay Datapath Only,G2B_ONECH_C2H/desc_epoch_source_reg[0][16]/C,G2B_ONECH_C2H/axis_epoch_reg[16]/D,STABLE_DATA_WITH_SYNCHRONIZED_QUALIFIER,DESCRIPTOR_MAILBOX,PASS,Groups 10–12 preserved PASS; committed-slot stability until release; functional four-slot regression,REVIEWED_REPRESENTATIVE_CHANGE
CDC-15,Warning,nvp_vclk1->userclk1,Max Delay Datapath Only,G2B_ONECH_C2H/desc_epoch_source_reg[2][17]/C,G2B_ONECH_C2H/axis_epoch_reg[17]/D,STABLE_DATA_WITH_SYNCHRONIZED_QUALIFIER,DESCRIPTOR_MAILBOX,PASS,Groups 10–12 preserved PASS; committed-slot stability until release; functional four-slot regression,EXACT_PRIOR_ROW
CDC-15,Warning,nvp_vclk1->userclk1,Max Delay Datapath Only,G2B_ONECH_C2H/desc_epoch_source_reg[3][18]/C,G2B_ONECH_C2H/axis_epoch_reg[18]/D,STABLE_DATA_WITH_SYNCHRONIZED_QUALIFIER,DESCRIPTOR_MAILBOX,PASS,Groups 10–12 preserved PASS; committed-slot stability until release; functional four-slot regression,EXACT_PRIOR_ROW
CDC-15,Warning,nvp_vclk1->userclk1,Max Delay Datapath Only,G2B_ONECH_C2H/desc_epoch_source_reg[2][19]/C,G2B_ONECH_C2H/axis_epoch_reg[19]/D,STABLE_DATA_WITH_SYNCHRONIZED_QUALIFIER,DESCRIPTOR_MAILBOX,PASS,Groups 10–12 preserved PASS; committed-slot stability until release; functional four-slot regression,EXACT_PRIOR_ROW
CDC-15,Warning,nvp_vclk1->userclk1,Max Delay Datapath Only,G2B_ONECH_C2H/desc_epoch_source_reg[0][20]/C,G2B_ONECH_C2H/axis_epoch_reg[20]/D,STABLE_DATA_WITH_SYNCHRONIZED_QUALIFIER,DESCRIPTOR_MAILBOX,PASS,Groups 10–12 preserved PASS; committed-slot stability until release; functional four-slot regression,EXACT_PRIOR_ROW
CDC-15,Warning,nvp_vclk1->userclk1,Max Delay Datapath Only,G2B_ONECH_C2H/desc_epoch_source_reg[0][21]/C,G2B_ONECH_C2H/axis_epoch_reg[21]/D,STABLE_DATA_WITH_SYNCHRONIZED_QUALIFIER,DESCRIPTOR_MAILBOX,PASS,Groups 10–12 preserved PASS; committed-slot stability until release; functional four-slot regression,REVIEWED_REPRESENTATIVE_CHANGE
CDC-15,Warning,nvp_vclk1->userclk1,Max Delay Datapath Only,G2B_ONECH_C2H/desc_epoch_source_reg[0][22]/C,G2B_ONECH_C2H/axis_epoch_reg[22]/D,STABLE_DATA_WITH_SYNCHRONIZED_QUALIFIER,DESCRIPTOR_MAILBOX,PASS,Groups 10–12 preserved PASS; committed-slot stability until release; functional four-slot regression,EXACT_PRIOR_ROW
CDC-15,Warning,nvp_vclk1->userclk1,Max Delay Datapath Only,G2B_ONECH_C2H/desc_epoch_source_reg[0][23]/C,G2B_ONECH_C2H/axis_epoch_reg[23]/D,STABLE_DATA_WITH_SYNCHRONIZED_QUALIFIER,DESCRIPTOR_MAILBOX,PASS,Groups 10–12 preserved PASS; committed-slot stability until release; functional four-slot regression,EXACT_PRIOR_ROW
CDC-15,Warning,nvp_vclk1->userclk1,Max Delay Datapath Only,G2B_ONECH_C2H/desc_epoch_source_reg[0][24]/C,G2B_ONECH_C2H/axis_epoch_reg[24]/D,STABLE_DATA_WITH_SYNCHRONIZED_QUALIFIER,DESCRIPTOR_MAILBOX,PASS,Groups 10–12 preserved PASS; committed-slot stability until release; functional four-slot regression,EXACT_PRIOR_ROW
CDC-15,Warning,nvp_vclk1->userclk1,Max Delay Datapath Only,G2B_ONECH_C2H/desc_epoch_source_reg[0][25]/C,G2B_ONECH_C2H/axis_epoch_reg[25]/D,STABLE_DATA_WITH_SYNCHRONIZED_QUALIFIER,DESCRIPTOR_MAILBOX,PASS,Groups 10–12 preserved PASS; committed-slot stability until release; functional four-slot regression,EXACT_PRIOR_ROW
CDC-15,Warning,nvp_vclk1->userclk1,Max Delay Datapath Only,G2B_ONECH_C2H/desc_epoch_source_reg[2][26]/C,G2B_ONECH_C2H/axis_epoch_reg[26]/D,STABLE_DATA_WITH_SYNCHRONIZED_QUALIFIER,DESCRIPTOR_MAILBOX,PASS,Groups 10–12 preserved PASS; committed-slot stability until release; functional four-slot regression,EXACT_PRIOR_ROW
CDC-15,Warning,nvp_vclk1->userclk1,Max Delay Datapath Only,G2B_ONECH_C2H/desc_epoch_source_reg[0][27]/C,G2B_ONECH_C2H/axis_epoch_reg[27]/D,STABLE_DATA_WITH_SYNCHRONIZED_QUALIFIER,DESCRIPTOR_MAILBOX,PASS,Groups 10–12 preserved PASS; committed-slot stability until release; functional four-slot regression,EXACT_PRIOR_ROW
CDC-15,Warning,nvp_vclk1->userclk1,Max Delay Datapath Only,G2B_ONECH_C2H/desc_epoch_source_reg[1][28]/C,G2B_ONECH_C2H/axis_epoch_reg[28]/D,STABLE_DATA_WITH_SYNCHRONIZED_QUALIFIER,DESCRIPTOR_MAILBOX,PASS,Groups 10–12 preserved PASS; committed-slot stability until release; functional four-slot regression,EXACT_PRIOR_ROW
CDC-15,Warning,nvp_vclk1->userclk1,Max Delay Datapath Only,G2B_ONECH_C2H/desc_epoch_source_reg[0][29]/C,G2B_ONECH_C2H/axis_epoch_reg[29]/D,STABLE_DATA_WITH_SYNCHRONIZED_QUALIFIER,DESCRIPTOR_MAILBOX,PASS,Groups 10–12 preserved PASS; committed-slot stability until release; functional four-slot regression,EXACT_PRIOR_ROW
CDC-15,Warning,nvp_vclk1->userclk1,Max Delay Datapath Only,G2B_ONECH_C2H/desc_epoch_source_reg[1][30]/C,G2B_ONECH_C2H/axis_epoch_reg[30]/D,STABLE_DATA_WITH_SYNCHRONIZED_QUALIFIER,DESCRIPTOR_MAILBOX,PASS,Groups 10–12 preserved PASS; committed-slot stability until release; functional four-slot regression,REVIEWED_REPRESENTATIVE_CHANGE
CDC-15,Warning,nvp_vclk1->userclk1,Max Delay Datapath Only,G2B_ONECH_C2H/desc_epoch_source_reg[2][31]/C,G2B_ONECH_C2H/axis_epoch_reg[31]/D,STABLE_DATA_WITH_SYNCHRONIZED_QUALIFIER,DESCRIPTOR_MAILBOX,PASS,Groups 10–12 preserved PASS; committed-slot stability until release; functional four-slot regression,EXACT_PRIOR_ROW
CDC-15,Warning,nvp_vclk1->userclk1,Max Delay Datapath Only,G2B_ONECH_C2H/desc_generation_source_reg_0_3_0_5/RAMA/CLK,G2B_ONECH_C2H/axis_generation_reg[0]/D,STABLE_DATA_WITH_SYNCHRONIZED_QUALIFIER,DESCRIPTOR_MAILBOX,PASS,Groups 10–12 preserved PASS; committed-slot stability until release; functional four-slot regression,EXACT_PRIOR_ROW
CDC-15,Warning,nvp_vclk1->userclk1,Max Delay Datapath Only,G2B_ONECH_C2H/desc_generation_source_reg_0_3_0_5/RAMA_D1/CLK,G2B_ONECH_C2H/axis_generation_reg[1]/D,STABLE_DATA_WITH_SYNCHRONIZED_QUALIFIER,DESCRIPTOR_MAILBOX,PASS,Groups 10–12 preserved PASS; committed-slot stability until release; functional four-slot regression,EXACT_PRIOR_ROW
CDC-15,Warning,nvp_vclk1->userclk1,Max Delay Datapath Only,G2B_ONECH_C2H/desc_generation_source_reg_0_3_0_5/RAMB/CLK,G2B_ONECH_C2H/axis_generation_reg[2]/D,STABLE_DATA_WITH_SYNCHRONIZED_QUALIFIER,DESCRIPTOR_MAILBOX,PASS,Groups 10–12 preserved PASS; committed-slot stability until release; functional four-slot regression,EXACT_PRIOR_ROW
CDC-15,Warning,nvp_vclk1->userclk1,Max Delay Datapath Only,G2B_ONECH_C2H/desc_generation_source_reg_0_3_0_5/RAMB_D1/CLK,G2B_ONECH_C2H/axis_generation_reg[3]/D,STABLE_DATA_WITH_SYNCHRONIZED_QUALIFIER,DESCRIPTOR_MAILBOX,PASS,Groups 10–12 preserved PASS; committed-slot stability until release; functional four-slot regression,EXACT_PRIOR_ROW
CDC-15,Warning,nvp_vclk1->userclk1,Max Delay Datapath Only,G2B_ONECH_C2H/desc_generation_source_reg_0_3_0_5/RAMC/CLK,G2B_ONECH_C2H/axis_generation_reg[4]/D,STABLE_DATA_WITH_SYNCHRONIZED_QUALIFIER,DESCRIPTOR_MAILBOX,PASS,Groups 10–12 preserved PASS; committed-slot stability until release; functional four-slot regression,EXACT_PRIOR_ROW
CDC-15,Warning,nvp_vclk1->userclk1,Max Delay Datapath Only,G2B_ONECH_C2H/desc_generation_source_reg_0_3_0_5/RAMC_D1/CLK,G2B_ONECH_C2H/axis_generation_reg[5]/D,STABLE_DATA_WITH_SYNCHRONIZED_QUALIFIER,DESCRIPTOR_MAILBOX,PASS,Groups 10–12 preserved PASS; committed-slot stability until release; functional four-slot regression,EXACT_PRIOR_ROW
CDC-15,Warning,nvp_vclk1->userclk1,Max Delay Datapath Only,G2B_ONECH_C2H/desc_generation_source_reg_0_3_6_11/RAMA/CLK,G2B_ONECH_C2H/axis_generation_reg[6]/D,STABLE_DATA_WITH_SYNCHRONIZED_QUALIFIER,DESCRIPTOR_MAILBOX,PASS,Groups 10–12 preserved PASS; committed-slot stability until release; functional four-slot regression,EXACT_PRIOR_ROW
CDC-15,Warning,nvp_vclk1->userclk1,Max Delay Datapath Only,G2B_ONECH_C2H/desc_generation_source_reg_0_3_6_11/RAMA_D1/CLK,G2B_ONECH_C2H/axis_generation_reg[7]/D,STABLE_DATA_WITH_SYNCHRONIZED_QUALIFIER,DESCRIPTOR_MAILBOX,PASS,Groups 10–12 preserved PASS; committed-slot stability until release; functional four-slot regression,EXACT_PRIOR_ROW
CDC-15,Warning,nvp_vclk1->userclk1,Max Delay Datapath Only,G2B_ONECH_C2H/desc_generation_source_reg_0_3_6_11/RAMB/CLK,G2B_ONECH_C2H/axis_generation_reg[8]/D,STABLE_DATA_WITH_SYNCHRONIZED_QUALIFIER,DESCRIPTOR_MAILBOX,PASS,Groups 10–12 preserved PASS; committed-slot stability until release; functional four-slot regression,EXACT_PRIOR_ROW
CDC-15,Warning,nvp_vclk1->userclk1,Max Delay Datapath Only,G2B_ONECH_C2H/desc_generation_source_reg_0_3_6_11/RAMB_D1/CLK,G2B_ONECH_C2H/axis_generation_reg[9]/D,STABLE_DATA_WITH_SYNCHRONIZED_QUALIFIER,DESCRIPTOR_MAILBOX,PASS,Groups 10–12 preserved PASS; committed-slot stability until release; functional four-slot regression,EXACT_PRIOR_ROW
CDC-15,Warning,nvp_vclk1->userclk1,Max Delay Datapath Only,G2B_ONECH_C2H/desc_generation_source_reg_0_3_6_11/RAMC/CLK,G2B_ONECH_C2H/axis_generation_reg[10]/D,STABLE_DATA_WITH_SYNCHRONIZED_QUALIFIER,DESCRIPTOR_MAILBOX,PASS,Groups 10–12 preserved PASS; committed-slot stability until release; functional four-slot regression,EXACT_PRIOR_ROW
CDC-15,Warning,nvp_vclk1->userclk1,Max Delay Datapath Only,G2B_ONECH_C2H/desc_generation_source_reg_0_3_6_11/RAMC_D1/CLK,G2B_ONECH_C2H/axis_generation_reg[11]/D,STABLE_DATA_WITH_SYNCHRONIZED_QUALIFIER,DESCRIPTOR_MAILBOX,PASS,Groups 10–12 preserved PASS; committed-slot stability until release; functional four-slot regression,EXACT_PRIOR_ROW
CDC-15,Warning,nvp_vclk1->userclk1,Max Delay Datapath Only,G2B_ONECH_C2H/desc_generation_source_reg_0_3_12_17/RAMA/CLK,G2B_ONECH_C2H/axis_generation_reg[12]/D,STABLE_DATA_WITH_SYNCHRONIZED_QUALIFIER,DESCRIPTOR_MAILBOX,PASS,Groups 10–12 preserved PASS; committed-slot stability until release; functional four-slot regression,EXACT_PRIOR_ROW
CDC-15,Warning,nvp_vclk1->userclk1,Max Delay Datapath Only,G2B_ONECH_C2H/desc_generation_source_reg_0_3_12_17/RAMA_D1/CLK,G2B_ONECH_C2H/axis_generation_reg[13]/D,STABLE_DATA_WITH_SYNCHRONIZED_QUALIFIER,DESCRIPTOR_MAILBOX,PASS,Groups 10–12 preserved PASS; committed-slot stability until release; functional four-slot regression,EXACT_PRIOR_ROW
CDC-15,Warning,nvp_vclk1->userclk1,Max Delay Datapath Only,G2B_ONECH_C2H/desc_generation_source_reg_0_3_12_17/RAMB/CLK,G2B_ONECH_C2H/axis_generation_reg[14]/D,STABLE_DATA_WITH_SYNCHRONIZED_QUALIFIER,DESCRIPTOR_MAILBOX,PASS,Groups 10–12 preserved PASS; committed-slot stability until release; functional four-slot regression,EXACT_PRIOR_ROW
CDC-15,Warning,nvp_vclk1->userclk1,Max Delay Datapath Only,G2B_ONECH_C2H/desc_generation_source_reg_0_3_12_17/RAMB_D1/CLK,G2B_ONECH_C2H/axis_generation_reg[15]/D,STABLE_DATA_WITH_SYNCHRONIZED_QUALIFIER,DESCRIPTOR_MAILBOX,PASS,Groups 10–12 preserved PASS; committed-slot stability until release; functional four-slot regression,EXACT_PRIOR_ROW
CDC-15,Warning,nvp_vclk1->userclk1,Max Delay Datapath Only,G2B_ONECH_C2H/desc_generation_source_reg_0_3_12_17/RAMC/CLK,G2B_ONECH_C2H/axis_generation_reg[16]/D,STABLE_DATA_WITH_SYNCHRONIZED_QUALIFIER,DESCRIPTOR_MAILBOX,PASS,Groups 10–12 preserved PASS; committed-slot stability until release; functional four-slot regression,EXACT_PRIOR_ROW
CDC-15,Warning,nvp_vclk1->userclk1,Max Delay Datapath Only,G2B_ONECH_C2H/desc_generation_source_reg_0_3_12_17/RAMC_D1/CLK,G2B_ONECH_C2H/axis_generation_reg[17]/D,STABLE_DATA_WITH_SYNCHRONIZED_QUALIFIER,DESCRIPTOR_MAILBOX,PASS,Groups 10–12 preserved PASS; committed-slot stability until release; functional four-slot regression,EXACT_PRIOR_ROW
CDC-15,Warning,nvp_vclk1->userclk1,Max Delay Datapath Only,G2B_ONECH_C2H/desc_generation_source_reg_0_3_18_23/RAMA/CLK,G2B_ONECH_C2H/axis_generation_reg[18]/D,STABLE_DATA_WITH_SYNCHRONIZED_QUALIFIER,DESCRIPTOR_MAILBOX,PASS,Groups 10–12 preserved PASS; committed-slot stability until release; functional four-slot regression,EXACT_PRIOR_ROW
CDC-15,Warning,nvp_vclk1->userclk1,Max Delay Datapath Only,G2B_ONECH_C2H/desc_generation_source_reg_0_3_18_23/RAMA_D1/CLK,G2B_ONECH_C2H/axis_generation_reg[19]/D,STABLE_DATA_WITH_SYNCHRONIZED_QUALIFIER,DESCRIPTOR_MAILBOX,PASS,Groups 10–12 preserved PASS; committed-slot stability until release; functional four-slot regression,EXACT_PRIOR_ROW
CDC-15,Warning,nvp_vclk1->userclk1,Max Delay Datapath Only,G2B_ONECH_C2H/desc_generation_source_reg_0_3_18_23/RAMB/CLK,G2B_ONECH_C2H/axis_generation_reg[20]/D,STABLE_DATA_WITH_SYNCHRONIZED_QUALIFIER,DESCRIPTOR_MAILBOX,PASS,Groups 10–12 preserved PASS; committed-slot stability until release; functional four-slot regression,EXACT_PRIOR_ROW
CDC-15,Warning,nvp_vclk1->userclk1,Max Delay Datapath Only,G2B_ONECH_C2H/desc_generation_source_reg_0_3_18_23/RAMB_D1/CLK,G2B_ONECH_C2H/axis_generation_reg[21]/D,STABLE_DATA_WITH_SYNCHRONIZED_QUALIFIER,DESCRIPTOR_MAILBOX,PASS,Groups 10–12 preserved PASS; committed-slot stability until release; functional four-slot regression,EXACT_PRIOR_ROW
CDC-15,Warning,nvp_vclk1->userclk1,Max Delay Datapath Only,G2B_ONECH_C2H/desc_generation_source_reg_0_3_18_23/RAMC/CLK,G2B_ONECH_C2H/axis_generation_reg[22]/D,STABLE_DATA_WITH_SYNCHRONIZED_QUALIFIER,DESCRIPTOR_MAILBOX,PASS,Groups 10–12 preserved PASS; committed-slot stability until release; functional four-slot regression,EXACT_PRIOR_ROW
CDC-15,Warning,nvp_vclk1->userclk1,Max Delay Datapath Only,G2B_ONECH_C2H/desc_generation_source_reg_0_3_18_23/RAMC_D1/CLK,G2B_ONECH_C2H/axis_generation_reg[23]/D,STABLE_DATA_WITH_SYNCHRONIZED_QUALIFIER,DESCRIPTOR_MAILBOX,PASS,Groups 10–12 preserved PASS; committed-slot stability until release; functional four-slot regression,EXACT_PRIOR_ROW
CDC-1,Critical,nvp_vclk1->userclk1,Max Delay Datapath Only,G2B_ONECH_C2H/own_ok_hold_source_reg/C,G2B_ONECH_C2H/axis_global_reg[0]/CE,STABLE_DATA_WITH_SYNCHRONIZED_QUALIFIER,OWNERSHIP_RESULT,PASS,Retained source-to-AXI aggregate 6 ns bound; stable acknowledged ownership result; BS3 safety proof,EXACT_PRIOR_ROW
CDC-1,Critical,nvp_vclk1->userclk1,Max Delay Datapath Only,G2B_ONECH_C2H/own_ok_hold_source_reg/C,G2B_ONECH_C2H/axis_global_reg[1]/CE,STABLE_DATA_WITH_SYNCHRONIZED_QUALIFIER,OWNERSHIP_RESULT,PASS,Retained source-to-AXI aggregate 6 ns bound; stable acknowledged ownership result; BS3 safety proof,EXACT_PRIOR_ROW
CDC-1,Critical,nvp_vclk1->userclk1,Max Delay Datapath Only,G2B_ONECH_C2H/own_ok_hold_source_reg/C,G2B_ONECH_C2H/axis_global_reg[2]/CE,STABLE_DATA_WITH_SYNCHRONIZED_QUALIFIER,OWNERSHIP_RESULT,PASS,Retained source-to-AXI aggregate 6 ns bound; stable acknowledged ownership result; BS3 safety proof,EXACT_PRIOR_ROW
CDC-1,Critical,nvp_vclk1->userclk1,Max Delay Datapath Only,G2B_ONECH_C2H/own_ok_hold_source_reg/C,G2B_ONECH_C2H/axis_global_reg[3]/CE,STABLE_DATA_WITH_SYNCHRONIZED_QUALIFIER,OWNERSHIP_RESULT,PASS,Retained source-to-AXI aggregate 6 ns bound; stable acknowledged ownership result; BS3 safety proof,EXACT_PRIOR_ROW
CDC-1,Critical,nvp_vclk1->userclk1,Max Delay Datapath Only,G2B_ONECH_C2H/own_ok_hold_source_reg/C,G2B_ONECH_C2H/axis_global_reg[4]/CE,STABLE_DATA_WITH_SYNCHRONIZED_QUALIFIER,OWNERSHIP_RESULT,PASS,Retained source-to-AXI aggregate 6 ns bound; stable acknowledged ownership result; BS3 safety proof,EXACT_PRIOR_ROW
CDC-1,Critical,nvp_vclk1->userclk1,Max Delay Datapath Only,G2B_ONECH_C2H/own_ok_hold_source_reg/C,G2B_ONECH_C2H/axis_global_reg[5]/CE,STABLE_DATA_WITH_SYNCHRONIZED_QUALIFIER,OWNERSHIP_RESULT,PASS,Retained source-to-AXI aggregate 6 ns bound; stable acknowledged ownership result; BS3 safety proof,EXACT_PRIOR_ROW
CDC-1,Critical,nvp_vclk1->userclk1,Max Delay Datapath Only,G2B_ONECH_C2H/own_ok_hold_source_reg/C,G2B_ONECH_C2H/axis_global_reg[6]/CE,STABLE_DATA_WITH_SYNCHRONIZED_QUALIFIER,OWNERSHIP_RESULT,PASS,Retained source-to-AXI aggregate 6 ns bound; stable acknowledged ownership result; BS3 safety proof,EXACT_PRIOR_ROW
CDC-1,Critical,nvp_vclk1->userclk1,Max Delay Datapath Only,G2B_ONECH_C2H/own_ok_hold_source_reg/C,G2B_ONECH_C2H/axis_global_reg[7]/CE,STABLE_DATA_WITH_SYNCHRONIZED_QUALIFIER,OWNERSHIP_RESULT,PASS,Retained source-to-AXI aggregate 6 ns bound; stable acknowledged ownership result; BS3 safety proof,EXACT_PRIOR_ROW
CDC-1,Critical,nvp_vclk1->userclk1,Max Delay Datapath Only,G2B_ONECH_C2H/own_ok_hold_source_reg/C,G2B_ONECH_C2H/axis_global_reg[8]/CE,STABLE_DATA_WITH_SYNCHRONIZED_QUALIFIER,OWNERSHIP_RESULT,PASS,Retained source-to-AXI aggregate 6 ns bound; stable acknowledged ownership result; BS3 safety proof,EXACT_PRIOR_ROW
CDC-1,Critical,nvp_vclk1->userclk1,Max Delay Datapath Only,G2B_ONECH_C2H/own_ok_hold_source_reg/C,G2B_ONECH_C2H/axis_global_reg[9]/CE,STABLE_DATA_WITH_SYNCHRONIZED_QUALIFIER,OWNERSHIP_RESULT,PASS,Retained source-to-AXI aggregate 6 ns bound; stable acknowledged ownership result; BS3 safety proof,EXACT_PRIOR_ROW
CDC-1,Critical,nvp_vclk1->userclk1,Max Delay Datapath Only,G2B_ONECH_C2H/own_ok_hold_source_reg/C,G2B_ONECH_C2H/axis_global_reg[10]/CE,STABLE_DATA_WITH_SYNCHRONIZED_QUALIFIER,OWNERSHIP_RESULT,PASS,Retained source-to-AXI aggregate 6 ns bound; stable acknowledged ownership result; BS3 safety proof,EXACT_PRIOR_ROW
CDC-1,Critical,nvp_vclk1->userclk1,Max Delay Datapath Only,G2B_ONECH_C2H/own_ok_hold_source_reg/C,G2B_ONECH_C2H/axis_global_reg[11]/CE,STABLE_DATA_WITH_SYNCHRONIZED_QUALIFIER,OWNERSHIP_RESULT,PASS,Retained source-to-AXI aggregate 6 ns bound; stable acknowledged ownership result; BS3 safety proof,EXACT_PRIOR_ROW
CDC-1,Critical,nvp_vclk1->userclk1,Max Delay Datapath Only,G2B_ONECH_C2H/own_ok_hold_source_reg/C,G2B_ONECH_C2H/axis_global_reg[12]/CE,STABLE_DATA_WITH_SYNCHRONIZED_QUALIFIER,OWNERSHIP_RESULT,PASS,Retained source-to-AXI aggregate 6 ns bound; stable acknowledged ownership result; BS3 safety proof,EXACT_PRIOR_ROW
CDC-1,Critical,nvp_vclk1->userclk1,Max Delay Datapath Only,G2B_ONECH_C2H/own_ok_hold_source_reg/C,G2B_ONECH_C2H/axis_global_reg[13]/CE,STABLE_DATA_WITH_SYNCHRONIZED_QUALIFIER,OWNERSHIP_RESULT,PASS,Retained source-to-AXI aggregate 6 ns bound; stable acknowledged ownership result; BS3 safety proof,EXACT_PRIOR_ROW
CDC-1,Critical,nvp_vclk1->userclk1,Max Delay Datapath Only,G2B_ONECH_C2H/own_ok_hold_source_reg/C,G2B_ONECH_C2H/axis_global_reg[14]/CE,STABLE_DATA_WITH_SYNCHRONIZED_QUALIFIER,OWNERSHIP_RESULT,PASS,Retained source-to-AXI aggregate 6 ns bound; stable acknowledged ownership result; BS3 safety proof,EXACT_PRIOR_ROW
CDC-1,Critical,nvp_vclk1->userclk1,Max Delay Datapath Only,G2B_ONECH_C2H/own_ok_hold_source_reg/C,G2B_ONECH_C2H/axis_global_reg[15]/CE,STABLE_DATA_WITH_SYNCHRONIZED_QUALIFIER,OWNERSHIP_RESULT,PASS,Retained source-to-AXI aggregate 6 ns bound; stable acknowledged ownership result; BS3 safety proof,EXACT_PRIOR_ROW
CDC-1,Critical,nvp_vclk1->userclk1,Max Delay Datapath Only,G2B_ONECH_C2H/own_ok_hold_source_reg/C,G2B_ONECH_C2H/axis_global_reg[16]/CE,STABLE_DATA_WITH_SYNCHRONIZED_QUALIFIER,OWNERSHIP_RESULT,PASS,Retained source-to-AXI aggregate 6 ns bound; stable acknowledged ownership result; BS3 safety proof,EXACT_PRIOR_ROW
CDC-1,Critical,nvp_vclk1->userclk1,Max Delay Datapath Only,G2B_ONECH_C2H/own_ok_hold_source_reg/C,G2B_ONECH_C2H/axis_global_reg[17]/CE,STABLE_DATA_WITH_SYNCHRONIZED_QUALIFIER,OWNERSHIP_RESULT,PASS,Retained source-to-AXI aggregate 6 ns bound; stable acknowledged ownership result; BS3 safety proof,EXACT_PRIOR_ROW
CDC-1,Critical,nvp_vclk1->userclk1,Max Delay Datapath Only,G2B_ONECH_C2H/own_ok_hold_source_reg/C,G2B_ONECH_C2H/axis_global_reg[18]/CE,STABLE_DATA_WITH_SYNCHRONIZED_QUALIFIER,OWNERSHIP_RESULT,PASS,Retained source-to-AXI aggregate 6 ns bound; stable acknowledged ownership result; BS3 safety proof,EXACT_PRIOR_ROW
CDC-1,Critical,nvp_vclk1->userclk1,Max Delay Datapath Only,G2B_ONECH_C2H/own_ok_hold_source_reg/C,G2B_ONECH_C2H/axis_global_reg[19]/CE,STABLE_DATA_WITH_SYNCHRONIZED_QUALIFIER,OWNERSHIP_RESULT,PASS,Retained source-to-AXI aggregate 6 ns bound; stable acknowledged ownership result; BS3 safety proof,EXACT_PRIOR_ROW
CDC-1,Critical,nvp_vclk1->userclk1,Max Delay Datapath Only,G2B_ONECH_C2H/own_ok_hold_source_reg/C,G2B_ONECH_C2H/axis_global_reg[20]/CE,STABLE_DATA_WITH_SYNCHRONIZED_QUALIFIER,OWNERSHIP_RESULT,PASS,Retained source-to-AXI aggregate 6 ns bound; stable acknowledged ownership result; BS3 safety proof,EXACT_PRIOR_ROW
CDC-1,Critical,nvp_vclk1->userclk1,Max Delay Datapath Only,G2B_ONECH_C2H/own_ok_hold_source_reg/C,G2B_ONECH_C2H/axis_global_reg[21]/CE,STABLE_DATA_WITH_SYNCHRONIZED_QUALIFIER,OWNERSHIP_RESULT,PASS,Retained source-to-AXI aggregate 6 ns bound; stable acknowledged ownership result; BS3 safety proof,EXACT_PRIOR_ROW
CDC-1,Critical,nvp_vclk1->userclk1,Max Delay Datapath Only,G2B_ONECH_C2H/own_ok_hold_source_reg/C,G2B_ONECH_C2H/axis_global_reg[22]/CE,STABLE_DATA_WITH_SYNCHRONIZED_QUALIFIER,OWNERSHIP_RESULT,PASS,Retained source-to-AXI aggregate 6 ns bound; stable acknowledged ownership result; BS3 safety proof,EXACT_PRIOR_ROW
CDC-1,Critical,nvp_vclk1->userclk1,Max Delay Datapath Only,G2B_ONECH_C2H/own_ok_hold_source_reg/C,G2B_ONECH_C2H/axis_global_reg[23]/CE,STABLE_DATA_WITH_SYNCHRONIZED_QUALIFIER,OWNERSHIP_RESULT,PASS,Retained source-to-AXI aggregate 6 ns bound; stable acknowledged ownership result; BS3 safety proof,EXACT_PRIOR_ROW
CDC-1,Critical,nvp_vclk1->userclk1,Max Delay Datapath Only,G2B_ONECH_C2H/own_ok_hold_source_reg/C,G2B_ONECH_C2H/axis_global_reg[24]/CE,STABLE_DATA_WITH_SYNCHRONIZED_QUALIFIER,OWNERSHIP_RESULT,PASS,Retained source-to-AXI aggregate 6 ns bound; stable acknowledged ownership result; BS3 safety proof,EXACT_PRIOR_ROW
CDC-1,Critical,nvp_vclk1->userclk1,Max Delay Datapath Only,G2B_ONECH_C2H/own_ok_hold_source_reg/C,G2B_ONECH_C2H/axis_global_reg[25]/CE,STABLE_DATA_WITH_SYNCHRONIZED_QUALIFIER,OWNERSHIP_RESULT,PASS,Retained source-to-AXI aggregate 6 ns bound; stable acknowledged ownership result; BS3 safety proof,EXACT_PRIOR_ROW
CDC-1,Critical,nvp_vclk1->userclk1,Max Delay Datapath Only,G2B_ONECH_C2H/own_ok_hold_source_reg/C,G2B_ONECH_C2H/axis_global_reg[26]/CE,STABLE_DATA_WITH_SYNCHRONIZED_QUALIFIER,OWNERSHIP_RESULT,PASS,Retained source-to-AXI aggregate 6 ns bound; stable acknowledged ownership result; BS3 safety proof,EXACT_PRIOR_ROW
CDC-1,Critical,nvp_vclk1->userclk1,Max Delay Datapath Only,G2B_ONECH_C2H/own_ok_hold_source_reg/C,G2B_ONECH_C2H/axis_global_reg[27]/CE,STABLE_DATA_WITH_SYNCHRONIZED_QUALIFIER,OWNERSHIP_RESULT,PASS,Retained source-to-AXI aggregate 6 ns bound; stable acknowledged ownership result; BS3 safety proof,EXACT_PRIOR_ROW
CDC-1,Critical,nvp_vclk1->userclk1,Max Delay Datapath Only,G2B_ONECH_C2H/own_ok_hold_source_reg/C,G2B_ONECH_C2H/axis_global_reg[28]/CE,STABLE_DATA_WITH_SYNCHRONIZED_QUALIFIER,OWNERSHIP_RESULT,PASS,Retained source-to-AXI aggregate 6 ns bound; stable acknowledged ownership result; BS3 safety proof,EXACT_PRIOR_ROW
CDC-1,Critical,nvp_vclk1->userclk1,Max Delay Datapath Only,G2B_ONECH_C2H/own_ok_hold_source_reg/C,G2B_ONECH_C2H/axis_global_reg[29]/CE,STABLE_DATA_WITH_SYNCHRONIZED_QUALIFIER,OWNERSHIP_RESULT,PASS,Retained source-to-AXI aggregate 6 ns bound; stable acknowledged ownership result; BS3 safety proof,EXACT_PRIOR_ROW
CDC-1,Critical,nvp_vclk1->userclk1,Max Delay Datapath Only,G2B_ONECH_C2H/own_ok_hold_source_reg/C,G2B_ONECH_C2H/axis_global_reg[30]/CE,STABLE_DATA_WITH_SYNCHRONIZED_QUALIFIER,OWNERSHIP_RESULT,PASS,Retained source-to-AXI aggregate 6 ns bound; stable acknowledged ownership result; BS3 safety proof,EXACT_PRIOR_ROW
CDC-1,Critical,nvp_vclk1->userclk1,Max Delay Datapath Only,G2B_ONECH_C2H/own_ok_hold_source_reg/C,G2B_ONECH_C2H/axis_global_reg[31]/CE,STABLE_DATA_WITH_SYNCHRONIZED_QUALIFIER,OWNERSHIP_RESULT,PASS,Retained source-to-AXI aggregate 6 ns bound; stable acknowledged ownership result; BS3 safety proof,EXACT_PRIOR_ROW
CDC-1,Critical,nvp_vclk1->userclk1,Max Delay Datapath Only,G2B_ONECH_C2H/reset_commit_phase_hold_source_reg[1]/C,G2B_ONECH_C2H/axis_state_reg[0]/D,STABLE_DATA_WITH_SYNCHRONIZED_QUALIFIER,RESET_RETURN,PASS,Group 13 promoted two-family settling and completion-barrier structural proof; retained aggregate destination coverage,EXACT_PRIOR_ROW
CDC-1,Critical,nvp_vclk1->userclk1,Max Delay Datapath Only,G2B_ONECH_C2H/reset_commit_phase_hold_source_reg[1]/C,G2B_ONECH_C2H/axis_state_reg[1]/D,STABLE_DATA_WITH_SYNCHRONIZED_QUALIFIER,RESET_RETURN,PASS,Group 13 promoted two-family settling and completion-barrier structural proof; retained aggregate destination coverage,EXACT_PRIOR_ROW
CDC-1,Critical,nvp_vclk1->userclk1,Max Delay Datapath Only,G2B_ONECH_C2H/reset_commit_phase_hold_source_reg[1]/C,G2B_ONECH_C2H/axis_state_reg[2]/D,STABLE_DATA_WITH_SYNCHRONIZED_QUALIFIER,RESET_RETURN,PASS,Group 13 promoted two-family settling and completion-barrier structural proof; retained aggregate destination coverage,EXACT_PRIOR_ROW
CDC-1,Critical,nvp_vclk1->userclk1,Max Delay Datapath Only,G2B_ONECH_C2H/reset_commit_phase_hold_source_reg[1]/C,G2B_ONECH_C2H/commit_fifo_count_reg[0]/D,STABLE_DATA_WITH_SYNCHRONIZED_QUALIFIER,RESET_RETURN,PASS,Group 13 promoted two-family settling and completion-barrier structural proof; retained aggregate destination coverage,EXACT_PRIOR_ROW
CDC-1,Critical,nvp_vclk1->userclk1,Max Delay Datapath Only,G2B_ONECH_C2H/reset_commit_phase_hold_source_reg[1]/C,G2B_ONECH_C2H/commit_fifo_count_reg[1]/D,STABLE_DATA_WITH_SYNCHRONIZED_QUALIFIER,RESET_RETURN,PASS,Group 13 promoted two-family settling and completion-barrier structural proof; retained aggregate destination coverage,EXACT_PRIOR_ROW
CDC-1,Critical,nvp_vclk1->userclk1,Max Delay Datapath Only,G2B_ONECH_C2H/reset_commit_phase_hold_source_reg[1]/C,G2B_ONECH_C2H/commit_fifo_count_reg[2]/D,STABLE_DATA_WITH_SYNCHRONIZED_QUALIFIER,RESET_RETURN,PASS,Group 13 promoted two-family settling and completion-barrier structural proof; retained aggregate destination coverage,EXACT_PRIOR_ROW
CDC-1,Critical,nvp_vclk1->userclk1,Max Delay Datapath Only,G2B_ONECH_C2H/reset_commit_phase_hold_source_reg[1]/C,G2B_ONECH_C2H/commit_fifo_head_reg[0]/D,STABLE_DATA_WITH_SYNCHRONIZED_QUALIFIER,RESET_RETURN,PASS,Group 13 promoted two-family settling and completion-barrier structural proof; retained aggregate destination coverage,EXACT_PRIOR_ROW
CDC-1,Critical,nvp_vclk1->userclk1,Max Delay Datapath Only,G2B_ONECH_C2H/reset_commit_phase_hold_source_reg[1]/C,G2B_ONECH_C2H/commit_fifo_head_reg[1]/D,STABLE_DATA_WITH_SYNCHRONIZED_QUALIFIER,RESET_RETURN,PASS,Group 13 promoted two-family settling and completion-barrier structural proof; retained aggregate destination coverage,EXACT_PRIOR_ROW
CDC-1,Critical,nvp_vclk1->userclk1,Max Delay Datapath Only,G2B_ONECH_C2H/reset_commit_phase_hold_source_reg[1]/C,G2B_ONECH_C2H/commit_fifo_tail_reg[0]/D,STABLE_DATA_WITH_SYNCHRONIZED_QUALIFIER,RESET_RETURN,PASS,Group 13 promoted two-family settling and completion-barrier structural proof; retained aggregate destination coverage,EXACT_PRIOR_ROW
CDC-1,Critical,nvp_vclk1->userclk1,Max Delay Datapath Only,G2B_ONECH_C2H/reset_commit_phase_hold_source_reg[1]/C,G2B_ONECH_C2H/commit_fifo_tail_reg[1]/D,STABLE_DATA_WITH_SYNCHRONIZED_QUALIFIER,RESET_RETURN,PASS,Group 13 promoted two-family settling and completion-barrier structural proof; retained aggregate destination coverage,EXACT_PRIOR_ROW
CDC-1,Critical,nvp_vclk1->userclk1,Max Delay Datapath Only,G2B_ONECH_C2H/reset_commit_phase_hold_source_reg[1]/C,G2B_ONECH_C2H/commit_seen_axi_reg[0]/CE,STABLE_DATA_WITH_SYNCHRONIZED_QUALIFIER,RESET_RETURN,PASS,Group 13 promoted two-family settling and completion-barrier structural proof; retained aggregate destination coverage,EXACT_PRIOR_ROW
CDC-15,Warning,nvp_vclk1->userclk1,Max Delay Datapath Only,G2B_ONECH_C2H/reset_commit_phase_hold_source_reg[0]/C,G2B_ONECH_C2H/commit_seen_axi_reg[0]/D,STABLE_DATA_WITH_SYNCHRONIZED_QUALIFIER,RESET_RETURN,PASS,Group 13 promoted two-family settling and completion-barrier structural proof; retained aggregate destination coverage,EXACT_PRIOR_ROW
CDC-1,Critical,nvp_vclk1->userclk1,Max Delay Datapath Only,G2B_ONECH_C2H/reset_commit_phase_hold_source_reg[1]/C,G2B_ONECH_C2H/commit_seen_axi_reg[1]/CE,STABLE_DATA_WITH_SYNCHRONIZED_QUALIFIER,RESET_RETURN,PASS,Group 13 promoted two-family settling and completion-barrier structural proof; retained aggregate destination coverage,EXACT_PRIOR_ROW
CDC-15,Warning,nvp_vclk1->userclk1,Max Delay Datapath Only,G2B_ONECH_C2H/reset_commit_phase_hold_source_reg[1]/C,G2B_ONECH_C2H/commit_seen_axi_reg[1]/D,STABLE_DATA_WITH_SYNCHRONIZED_QUALIFIER,RESET_RETURN,PASS,Group 13 promoted two-family settling and completion-barrier structural proof; retained aggregate destination coverage,EXACT_PRIOR_ROW
CDC-1,Critical,nvp_vclk1->userclk1,Max Delay Datapath Only,G2B_ONECH_C2H/reset_commit_phase_hold_source_reg[1]/C,G2B_ONECH_C2H/commit_seen_axi_reg[2]/CE,STABLE_DATA_WITH_SYNCHRONIZED_QUALIFIER,RESET_RETURN,PASS,Group 13 promoted two-family settling and completion-barrier structural proof; retained aggregate destination coverage,EXACT_PRIOR_ROW
CDC-15,Warning,nvp_vclk1->userclk1,Max Delay Datapath Only,G2B_ONECH_C2H/reset_commit_phase_hold_source_reg[2]/C,G2B_ONECH_C2H/commit_seen_axi_reg[2]/D,STABLE_DATA_WITH_SYNCHRONIZED_QUALIFIER,RESET_RETURN,PASS,Group 13 promoted two-family settling and completion-barrier structural proof; retained aggregate destination coverage,EXACT_PRIOR_ROW
CDC-1,Critical,nvp_vclk1->userclk1,Max Delay Datapath Only,G2B_ONECH_C2H/reset_commit_phase_hold_source_reg[1]/C,G2B_ONECH_C2H/commit_seen_axi_reg[3]/CE,STABLE_DATA_WITH_SYNCHRONIZED_QUALIFIER,RESET_RETURN,PASS,Group 13 promoted two-family settling and completion-barrier structural proof; retained aggregate destination coverage,EXACT_PRIOR_ROW
CDC-15,Warning,nvp_vclk1->userclk1,Max Delay Datapath Only,G2B_ONECH_C2H/reset_commit_phase_hold_source_reg[3]/C,G2B_ONECH_C2H/commit_seen_axi_reg[3]/D,STABLE_DATA_WITH_SYNCHRONIZED_QUALIFIER,RESET_RETURN,PASS,Group 13 promoted two-family settling and completion-barrier structural proof; retained aggregate destination coverage,EXACT_PRIOR_ROW
CDC-6,Warning,nvp_vclk1->userclk1,False Path,G2B_ONECH_C2H/commit_toggle_source_reg[3:0]/C,G2B_ONECH_C2H/commit_sync1_axi_reg[3:0]/D,TOGGLE_HANDSHAKE,MULTIBIT_CDC,PASS,Unchanged exact CDC-6 row; independent per-slot toggle bits are synchronized independently and consumed by per-slot state,EXACT_PRIOR_ROW
CDC-3,Info,nvp_vclk1->userclk1,False Path,G2B_ONECH_C2H/source_drop_event_reg/C,G2B_ONECH_C2H/drop_sync1_axi_reg/D,INTENTIONAL_TWO_STAGE_SYNCHRONIZER,LEVEL_SYNCHRONIZER,PASS,Exact unchanged report row; ASYNC_REG depth 2. CDC-10 source_ready/fatal level is held through handshake; four exact chain-cell attributes verified in continuation.,EXACT_PRIOR_ROW
CDC-3,Info,nvp_vclk1->userclk1,False Path,G2B_ONECH_C2H/enable_ack_toggle_source_reg/C,G2B_ONECH_C2H/enable_ack_sync1_axi_reg/D,INTENTIONAL_TWO_STAGE_SYNCHRONIZER,LEVEL_SYNCHRONIZER,PASS,Exact unchanged report row; ASYNC_REG depth 2. CDC-10 source_ready/fatal level is held through handshake; four exact chain-cell attributes verified in continuation.,EXACT_PRIOR_ROW
CDC-1,Critical,nvp_vclk1->userclk1,Max Delay Datapath Only,G2B_ONECH_C2H/own_ok_hold_source_reg/C,G2B_ONECH_C2H/error_status_axi_reg[4]/D,STABLE_DATA_WITH_SYNCHRONIZED_QUALIFIER,OWNERSHIP_RESULT,PASS,Retained source-to-AXI aggregate 6 ns bound; stable acknowledged ownership result; BS3 safety proof,EXACT_PRIOR_ROW
CDC-1,Critical,nvp_vclk1->userclk1,Max Delay Datapath Only,G2B_ONECH_C2H/own_ok_hold_source_reg/C,G2B_ONECH_C2H/fatal_clear_qualified_axi_reg/D,STABLE_DATA_WITH_SYNCHRONIZED_QUALIFIER,OWNERSHIP_RESULT,PASS,Retained source-to-AXI aggregate 6 ns bound; stable acknowledged ownership result; BS3 safety proof,REVIEWED_REPRESENTATIVE_CHANGE
CDC-1,Critical,nvp_vclk1->userclk1,Max Delay Datapath Only,G2B_ONECH_C2H/own_ok_hold_source_reg/C,G2B_ONECH_C2H/fatal_generation_axi_reg[0]/CE,STABLE_DATA_WITH_SYNCHRONIZED_QUALIFIER,OWNERSHIP_RESULT,PASS,Retained source-to-AXI aggregate 6 ns bound; stable acknowledged ownership result; BS3 safety proof,EXACT_PRIOR_ROW
CDC-1,Critical,nvp_vclk1->userclk1,Max Delay Datapath Only,G2B_ONECH_C2H/own_ok_hold_source_reg/C,G2B_ONECH_C2H/fatal_generation_axi_reg[1]/CE,STABLE_DATA_WITH_SYNCHRONIZED_QUALIFIER,OWNERSHIP_RESULT,PASS,Retained source-to-AXI aggregate 6 ns bound; stable acknowledged ownership result; BS3 safety proof,EXACT_PRIOR_ROW
CDC-1,Critical,nvp_vclk1->userclk1,Max Delay Datapath Only,G2B_ONECH_C2H/own_ok_hold_source_reg/C,G2B_ONECH_C2H/fatal_generation_axi_reg[2]/CE,STABLE_DATA_WITH_SYNCHRONIZED_QUALIFIER,OWNERSHIP_RESULT,PASS,Retained source-to-AXI aggregate 6 ns bound; stable acknowledged ownership result; BS3 safety proof,EXACT_PRIOR_ROW
CDC-1,Critical,nvp_vclk1->userclk1,Max Delay Datapath Only,G2B_ONECH_C2H/own_ok_hold_source_reg/C,G2B_ONECH_C2H/fatal_generation_axi_reg[3]/CE,STABLE_DATA_WITH_SYNCHRONIZED_QUALIFIER,OWNERSHIP_RESULT,PASS,Retained source-to-AXI aggregate 6 ns bound; stable acknowledged ownership result; BS3 safety proof,EXACT_PRIOR_ROW
CDC-1,Critical,nvp_vclk1->userclk1,Max Delay Datapath Only,G2B_ONECH_C2H/own_ok_hold_source_reg/C,G2B_ONECH_C2H/fatal_generation_axi_reg[4]/CE,STABLE_DATA_WITH_SYNCHRONIZED_QUALIFIER,OWNERSHIP_RESULT,PASS,Retained source-to-AXI aggregate 6 ns bound; stable acknowledged ownership result; BS3 safety proof,EXACT_PRIOR_ROW
CDC-1,Critical,nvp_vclk1->userclk1,Max Delay Datapath Only,G2B_ONECH_C2H/own_ok_hold_source_reg/C,G2B_ONECH_C2H/fatal_generation_axi_reg[5]/CE,STABLE_DATA_WITH_SYNCHRONIZED_QUALIFIER,OWNERSHIP_RESULT,PASS,Retained source-to-AXI aggregate 6 ns bound; stable acknowledged ownership result; BS3 safety proof,EXACT_PRIOR_ROW
CDC-1,Critical,nvp_vclk1->userclk1,Max Delay Datapath Only,G2B_ONECH_C2H/own_ok_hold_source_reg/C,G2B_ONECH_C2H/fatal_generation_axi_reg[6]/CE,STABLE_DATA_WITH_SYNCHRONIZED_QUALIFIER,OWNERSHIP_RESULT,PASS,Retained source-to-AXI aggregate 6 ns bound; stable acknowledged ownership result; BS3 safety proof,EXACT_PRIOR_ROW
CDC-1,Critical,nvp_vclk1->userclk1,Max Delay Datapath Only,G2B_ONECH_C2H/own_ok_hold_source_reg/C,G2B_ONECH_C2H/fatal_generation_axi_reg[7]/CE,STABLE_DATA_WITH_SYNCHRONIZED_QUALIFIER,OWNERSHIP_RESULT,PASS,Retained source-to-AXI aggregate 6 ns bound; stable acknowledged ownership result; BS3 safety proof,EXACT_PRIOR_ROW
CDC-1,Critical,nvp_vclk1->userclk1,Max Delay Datapath Only,G2B_ONECH_C2H/own_ok_hold_source_reg/C,G2B_ONECH_C2H/fatal_generation_axi_reg[8]/CE,STABLE_DATA_WITH_SYNCHRONIZED_QUALIFIER,OWNERSHIP_RESULT,PASS,Retained source-to-AXI aggregate 6 ns bound; stable acknowledged ownership result; BS3 safety proof,EXACT_PRIOR_ROW
CDC-1,Critical,nvp_vclk1->userclk1,Max Delay Datapath Only,G2B_ONECH_C2H/own_ok_hold_source_reg/C,G2B_ONECH_C2H/fatal_generation_axi_reg[9]/CE,STABLE_DATA_WITH_SYNCHRONIZED_QUALIFIER,OWNERSHIP_RESULT,PASS,Retained source-to-AXI aggregate 6 ns bound; stable acknowledged ownership result; BS3 safety proof,EXACT_PRIOR_ROW
CDC-1,Critical,nvp_vclk1->userclk1,Max Delay Datapath Only,G2B_ONECH_C2H/own_ok_hold_source_reg/C,G2B_ONECH_C2H/fatal_generation_axi_reg[10]/CE,STABLE_DATA_WITH_SYNCHRONIZED_QUALIFIER,OWNERSHIP_RESULT,PASS,Retained source-to-AXI aggregate 6 ns bound; stable acknowledged ownership result; BS3 safety proof,EXACT_PRIOR_ROW
CDC-1,Critical,nvp_vclk1->userclk1,Max Delay Datapath Only,G2B_ONECH_C2H/own_ok_hold_source_reg/C,G2B_ONECH_C2H/fatal_generation_axi_reg[11]/CE,STABLE_DATA_WITH_SYNCHRONIZED_QUALIFIER,OWNERSHIP_RESULT,PASS,Retained source-to-AXI aggregate 6 ns bound; stable acknowledged ownership result; BS3 safety proof,EXACT_PRIOR_ROW
CDC-1,Critical,nvp_vclk1->userclk1,Max Delay Datapath Only,G2B_ONECH_C2H/own_ok_hold_source_reg/C,G2B_ONECH_C2H/fatal_generation_axi_reg[12]/CE,STABLE_DATA_WITH_SYNCHRONIZED_QUALIFIER,OWNERSHIP_RESULT,PASS,Retained source-to-AXI aggregate 6 ns bound; stable acknowledged ownership result; BS3 safety proof,EXACT_PRIOR_ROW
CDC-1,Critical,nvp_vclk1->userclk1,Max Delay Datapath Only,G2B_ONECH_C2H/own_ok_hold_source_reg/C,G2B_ONECH_C2H/fatal_generation_axi_reg[13]/CE,STABLE_DATA_WITH_SYNCHRONIZED_QUALIFIER,OWNERSHIP_RESULT,PASS,Retained source-to-AXI aggregate 6 ns bound; stable acknowledged ownership result; BS3 safety proof,EXACT_PRIOR_ROW
CDC-1,Critical,nvp_vclk1->userclk1,Max Delay Datapath Only,G2B_ONECH_C2H/own_ok_hold_source_reg/C,G2B_ONECH_C2H/fatal_generation_axi_reg[14]/CE,STABLE_DATA_WITH_SYNCHRONIZED_QUALIFIER,OWNERSHIP_RESULT,PASS,Retained source-to-AXI aggregate 6 ns bound; stable acknowledged ownership result; BS3 safety proof,EXACT_PRIOR_ROW
CDC-1,Critical,nvp_vclk1->userclk1,Max Delay Datapath Only,G2B_ONECH_C2H/own_ok_hold_source_reg/C,G2B_ONECH_C2H/fatal_generation_axi_reg[15]/CE,STABLE_DATA_WITH_SYNCHRONIZED_QUALIFIER,OWNERSHIP_RESULT,PASS,Retained source-to-AXI aggregate 6 ns bound; stable acknowledged ownership result; BS3 safety proof,EXACT_PRIOR_ROW
CDC-1,Critical,nvp_vclk1->userclk1,Max Delay Datapath Only,G2B_ONECH_C2H/own_ok_hold_source_reg/C,G2B_ONECH_C2H/fatal_generation_axi_reg[16]/CE,STABLE_DATA_WITH_SYNCHRONIZED_QUALIFIER,OWNERSHIP_RESULT,PASS,Retained source-to-AXI aggregate 6 ns bound; stable acknowledged ownership result; BS3 safety proof,EXACT_PRIOR_ROW
CDC-1,Critical,nvp_vclk1->userclk1,Max Delay Datapath Only,G2B_ONECH_C2H/own_ok_hold_source_reg/C,G2B_ONECH_C2H/fatal_generation_axi_reg[17]/CE,STABLE_DATA_WITH_SYNCHRONIZED_QUALIFIER,OWNERSHIP_RESULT,PASS,Retained source-to-AXI aggregate 6 ns bound; stable acknowledged ownership result; BS3 safety proof,EXACT_PRIOR_ROW
CDC-1,Critical,nvp_vclk1->userclk1,Max Delay Datapath Only,G2B_ONECH_C2H/own_ok_hold_source_reg/C,G2B_ONECH_C2H/fatal_generation_axi_reg[18]/CE,STABLE_DATA_WITH_SYNCHRONIZED_QUALIFIER,OWNERSHIP_RESULT,PASS,Retained source-to-AXI aggregate 6 ns bound; stable acknowledged ownership result; BS3 safety proof,EXACT_PRIOR_ROW
CDC-1,Critical,nvp_vclk1->userclk1,Max Delay Datapath Only,G2B_ONECH_C2H/own_ok_hold_source_reg/C,G2B_ONECH_C2H/fatal_generation_axi_reg[19]/CE,STABLE_DATA_WITH_SYNCHRONIZED_QUALIFIER,OWNERSHIP_RESULT,PASS,Retained source-to-AXI aggregate 6 ns bound; stable acknowledged ownership result; BS3 safety proof,EXACT_PRIOR_ROW
CDC-1,Critical,nvp_vclk1->userclk1,Max Delay Datapath Only,G2B_ONECH_C2H/own_ok_hold_source_reg/C,G2B_ONECH_C2H/fatal_generation_axi_reg[20]/CE,STABLE_DATA_WITH_SYNCHRONIZED_QUALIFIER,OWNERSHIP_RESULT,PASS,Retained source-to-AXI aggregate 6 ns bound; stable acknowledged ownership result; BS3 safety proof,EXACT_PRIOR_ROW
CDC-1,Critical,nvp_vclk1->userclk1,Max Delay Datapath Only,G2B_ONECH_C2H/own_ok_hold_source_reg/C,G2B_ONECH_C2H/fatal_generation_axi_reg[21]/CE,STABLE_DATA_WITH_SYNCHRONIZED_QUALIFIER,OWNERSHIP_RESULT,PASS,Retained source-to-AXI aggregate 6 ns bound; stable acknowledged ownership result; BS3 safety proof,EXACT_PRIOR_ROW
CDC-1,Critical,nvp_vclk1->userclk1,Max Delay Datapath Only,G2B_ONECH_C2H/own_ok_hold_source_reg/C,G2B_ONECH_C2H/fatal_generation_axi_reg[22]/CE,STABLE_DATA_WITH_SYNCHRONIZED_QUALIFIER,OWNERSHIP_RESULT,PASS,Retained source-to-AXI aggregate 6 ns bound; stable acknowledged ownership result; BS3 safety proof,EXACT_PRIOR_ROW
CDC-1,Critical,nvp_vclk1->userclk1,Max Delay Datapath Only,G2B_ONECH_C2H/own_ok_hold_source_reg/C,G2B_ONECH_C2H/fatal_generation_axi_reg[23]/CE,STABLE_DATA_WITH_SYNCHRONIZED_QUALIFIER,OWNERSHIP_RESULT,PASS,Retained source-to-AXI aggregate 6 ns bound; stable acknowledged ownership result; BS3 safety proof,EXACT_PRIOR_ROW
CDC-1,Critical,nvp_vclk1->userclk1,Max Delay Datapath Only,G2B_ONECH_C2H/own_ok_hold_source_reg/C,G2B_ONECH_C2H/fatal_generation_axi_reg[24]/CE,STABLE_DATA_WITH_SYNCHRONIZED_QUALIFIER,OWNERSHIP_RESULT,PASS,Retained source-to-AXI aggregate 6 ns bound; stable acknowledged ownership result; BS3 safety proof,EXACT_PRIOR_ROW
CDC-1,Critical,nvp_vclk1->userclk1,Max Delay Datapath Only,G2B_ONECH_C2H/own_ok_hold_source_reg/C,G2B_ONECH_C2H/fatal_generation_axi_reg[25]/CE,STABLE_DATA_WITH_SYNCHRONIZED_QUALIFIER,OWNERSHIP_RESULT,PASS,Retained source-to-AXI aggregate 6 ns bound; stable acknowledged ownership result; BS3 safety proof,EXACT_PRIOR_ROW
CDC-1,Critical,nvp_vclk1->userclk1,Max Delay Datapath Only,G2B_ONECH_C2H/own_ok_hold_source_reg/C,G2B_ONECH_C2H/fatal_generation_axi_reg[26]/CE,STABLE_DATA_WITH_SYNCHRONIZED_QUALIFIER,OWNERSHIP_RESULT,PASS,Retained source-to-AXI aggregate 6 ns bound; stable acknowledged ownership result; BS3 safety proof,EXACT_PRIOR_ROW
CDC-1,Critical,nvp_vclk1->userclk1,Max Delay Datapath Only,G2B_ONECH_C2H/own_ok_hold_source_reg/C,G2B_ONECH_C2H/fatal_generation_axi_reg[27]/CE,STABLE_DATA_WITH_SYNCHRONIZED_QUALIFIER,OWNERSHIP_RESULT,PASS,Retained source-to-AXI aggregate 6 ns bound; stable acknowledged ownership result; BS3 safety proof,EXACT_PRIOR_ROW
CDC-1,Critical,nvp_vclk1->userclk1,Max Delay Datapath Only,G2B_ONECH_C2H/own_ok_hold_source_reg/C,G2B_ONECH_C2H/fatal_generation_axi_reg[28]/CE,STABLE_DATA_WITH_SYNCHRONIZED_QUALIFIER,OWNERSHIP_RESULT,PASS,Retained source-to-AXI aggregate 6 ns bound; stable acknowledged ownership result; BS3 safety proof,EXACT_PRIOR_ROW
CDC-1,Critical,nvp_vclk1->userclk1,Max Delay Datapath Only,G2B_ONECH_C2H/own_ok_hold_source_reg/C,G2B_ONECH_C2H/fatal_generation_axi_reg[29]/CE,STABLE_DATA_WITH_SYNCHRONIZED_QUALIFIER,OWNERSHIP_RESULT,PASS,Retained source-to-AXI aggregate 6 ns bound; stable acknowledged ownership result; BS3 safety proof,EXACT_PRIOR_ROW
CDC-1,Critical,nvp_vclk1->userclk1,Max Delay Datapath Only,G2B_ONECH_C2H/own_ok_hold_source_reg/C,G2B_ONECH_C2H/fatal_generation_axi_reg[30]/CE,STABLE_DATA_WITH_SYNCHRONIZED_QUALIFIER,OWNERSHIP_RESULT,PASS,Retained source-to-AXI aggregate 6 ns bound; stable acknowledged ownership result; BS3 safety proof,EXACT_PRIOR_ROW
CDC-1,Critical,nvp_vclk1->userclk1,Max Delay Datapath Only,G2B_ONECH_C2H/own_ok_hold_source_reg/C,G2B_ONECH_C2H/fatal_generation_axi_reg[31]/CE,STABLE_DATA_WITH_SYNCHRONIZED_QUALIFIER,OWNERSHIP_RESULT,PASS,Retained source-to-AXI aggregate 6 ns bound; stable acknowledged ownership result; BS3 safety proof,EXACT_PRIOR_ROW
CDC-3,Info,nvp_vclk1->userclk1,False Path,G2B_ONECH_C2H/source_formatter_fatal_event_reg/C,G2B_ONECH_C2H/formatter_fatal_sync1_axi_reg/D,INTENTIONAL_TWO_STAGE_SYNCHRONIZER,LEVEL_SYNCHRONIZER,PASS,Exact unchanged report row; ASYNC_REG depth 2. CDC-10 source_ready/fatal level is held through handshake; four exact chain-cell attributes verified in continuation.,EXACT_PRIOR_ROW
CDC-1,Critical,nvp_vclk1->userclk1,Max Delay Datapath Only,G2B_ONECH_C2H/reset_commit_phase_hold_source_reg[1]/C,G2B_ONECH_C2H/global_stream_next_axi_reg[0]/CE,STABLE_DATA_WITH_SYNCHRONIZED_QUALIFIER,RESET_RETURN,PASS,Group 13 promoted two-family settling and completion-barrier structural proof; retained aggregate destination coverage,EXACT_PRIOR_ROW
CDC-1,Critical,nvp_vclk1->userclk1,Max Delay Datapath Only,G2B_ONECH_C2H/reset_commit_phase_hold_source_reg[1]/C,G2B_ONECH_C2H/global_stream_next_axi_reg[1]/CE,STABLE_DATA_WITH_SYNCHRONIZED_QUALIFIER,RESET_RETURN,PASS,Group 13 promoted two-family settling and completion-barrier structural proof; retained aggregate destination coverage,EXACT_PRIOR_ROW
CDC-1,Critical,nvp_vclk1->userclk1,Max Delay Datapath Only,G2B_ONECH_C2H/reset_commit_phase_hold_source_reg[1]/C,G2B_ONECH_C2H/global_stream_next_axi_reg[2]/CE,STABLE_DATA_WITH_SYNCHRONIZED_QUALIFIER,RESET_RETURN,PASS,Group 13 promoted two-family settling and completion-barrier structural proof; retained aggregate destination coverage,EXACT_PRIOR_ROW
CDC-1,Critical,nvp_vclk1->userclk1,Max Delay Datapath Only,G2B_ONECH_C2H/reset_commit_phase_hold_source_reg[1]/C,G2B_ONECH_C2H/global_stream_next_axi_reg[3]/CE,STABLE_DATA_WITH_SYNCHRONIZED_QUALIFIER,RESET_RETURN,PASS,Group 13 promoted two-family settling and completion-barrier structural proof; retained aggregate destination coverage,EXACT_PRIOR_ROW
CDC-1,Critical,nvp_vclk1->userclk1,Max Delay Datapath Only,G2B_ONECH_C2H/reset_commit_phase_hold_source_reg[1]/C,G2B_ONECH_C2H/global_stream_next_axi_reg[4]/CE,STABLE_DATA_WITH_SYNCHRONIZED_QUALIFIER,RESET_RETURN,PASS,Group 13 promoted two-family settling and completion-barrier structural proof; retained aggregate destination coverage,EXACT_PRIOR_ROW
CDC-1,Critical,nvp_vclk1->userclk1,Max Delay Datapath Only,G2B_ONECH_C2H/reset_commit_phase_hold_source_reg[1]/C,G2B_ONECH_C2H/global_stream_next_axi_reg[5]/CE,STABLE_DATA_WITH_SYNCHRONIZED_QUALIFIER,RESET_RETURN,PASS,Group 13 promoted two-family settling and completion-barrier structural proof; retained aggregate destination coverage,EXACT_PRIOR_ROW
CDC-1,Critical,nvp_vclk1->userclk1,Max Delay Datapath Only,G2B_ONECH_C2H/reset_commit_phase_hold_source_reg[1]/C,G2B_ONECH_C2H/global_stream_next_axi_reg[6]/CE,STABLE_DATA_WITH_SYNCHRONIZED_QUALIFIER,RESET_RETURN,PASS,Group 13 promoted two-family settling and completion-barrier structural proof; retained aggregate destination coverage,EXACT_PRIOR_ROW
CDC-1,Critical,nvp_vclk1->userclk1,Max Delay Datapath Only,G2B_ONECH_C2H/reset_commit_phase_hold_source_reg[1]/C,G2B_ONECH_C2H/global_stream_next_axi_reg[7]/CE,STABLE_DATA_WITH_SYNCHRONIZED_QUALIFIER,RESET_RETURN,PASS,Group 13 promoted two-family settling and completion-barrier structural proof; retained aggregate destination coverage,EXACT_PRIOR_ROW
CDC-1,Critical,nvp_vclk1->userclk1,Max Delay Datapath Only,G2B_ONECH_C2H/reset_commit_phase_hold_source_reg[1]/C,G2B_ONECH_C2H/global_stream_next_axi_reg[8]/CE,STABLE_DATA_WITH_SYNCHRONIZED_QUALIFIER,RESET_RETURN,PASS,Group 13 promoted two-family settling and completion-barrier structural proof; retained aggregate destination coverage,EXACT_PRIOR_ROW
CDC-1,Critical,nvp_vclk1->userclk1,Max Delay Datapath Only,G2B_ONECH_C2H/reset_commit_phase_hold_source_reg[1]/C,G2B_ONECH_C2H/global_stream_next_axi_reg[9]/CE,STABLE_DATA_WITH_SYNCHRONIZED_QUALIFIER,RESET_RETURN,PASS,Group 13 promoted two-family settling and completion-barrier structural proof; retained aggregate destination coverage,EXACT_PRIOR_ROW
CDC-1,Critical,nvp_vclk1->userclk1,Max Delay Datapath Only,G2B_ONECH_C2H/reset_commit_phase_hold_source_reg[1]/C,G2B_ONECH_C2H/global_stream_next_axi_reg[10]/CE,STABLE_DATA_WITH_SYNCHRONIZED_QUALIFIER,RESET_RETURN,PASS,Group 13 promoted two-family settling and completion-barrier structural proof; retained aggregate destination coverage,EXACT_PRIOR_ROW
CDC-1,Critical,nvp_vclk1->userclk1,Max Delay Datapath Only,G2B_ONECH_C2H/reset_commit_phase_hold_source_reg[1]/C,G2B_ONECH_C2H/global_stream_next_axi_reg[11]/CE,STABLE_DATA_WITH_SYNCHRONIZED_QUALIFIER,RESET_RETURN,PASS,Group 13 promoted two-family settling and completion-barrier structural proof; retained aggregate destination coverage,EXACT_PRIOR_ROW
CDC-1,Critical,nvp_vclk1->userclk1,Max Delay Datapath Only,G2B_ONECH_C2H/reset_commit_phase_hold_source_reg[1]/C,G2B_ONECH_C2H/global_stream_next_axi_reg[12]/CE,STABLE_DATA_WITH_SYNCHRONIZED_QUALIFIER,RESET_RETURN,PASS,Group 13 promoted two-family settling and completion-barrier structural proof; retained aggregate destination coverage,EXACT_PRIOR_ROW
CDC-1,Critical,nvp_vclk1->userclk1,Max Delay Datapath Only,G2B_ONECH_C2H/reset_commit_phase_hold_source_reg[1]/C,G2B_ONECH_C2H/global_stream_next_axi_reg[13]/CE,STABLE_DATA_WITH_SYNCHRONIZED_QUALIFIER,RESET_RETURN,PASS,Group 13 promoted two-family settling and completion-barrier structural proof; retained aggregate destination coverage,EXACT_PRIOR_ROW
CDC-1,Critical,nvp_vclk1->userclk1,Max Delay Datapath Only,G2B_ONECH_C2H/reset_commit_phase_hold_source_reg[1]/C,G2B_ONECH_C2H/global_stream_next_axi_reg[14]/CE,STABLE_DATA_WITH_SYNCHRONIZED_QUALIFIER,RESET_RETURN,PASS,Group 13 promoted two-family settling and completion-barrier structural proof; retained aggregate destination coverage,EXACT_PRIOR_ROW
CDC-1,Critical,nvp_vclk1->userclk1,Max Delay Datapath Only,G2B_ONECH_C2H/reset_commit_phase_hold_source_reg[1]/C,G2B_ONECH_C2H/global_stream_next_axi_reg[15]/CE,STABLE_DATA_WITH_SYNCHRONIZED_QUALIFIER,RESET_RETURN,PASS,Group 13 promoted two-family settling and completion-barrier structural proof; retained aggregate destination coverage,EXACT_PRIOR_ROW
CDC-1,Critical,nvp_vclk1->userclk1,Max Delay Datapath Only,G2B_ONECH_C2H/reset_commit_phase_hold_source_reg[1]/C,G2B_ONECH_C2H/global_stream_next_axi_reg[16]/CE,STABLE_DATA_WITH_SYNCHRONIZED_QUALIFIER,RESET_RETURN,PASS,Group 13 promoted two-family settling and completion-barrier structural proof; retained aggregate destination coverage,EXACT_PRIOR_ROW
CDC-1,Critical,nvp_vclk1->userclk1,Max Delay Datapath Only,G2B_ONECH_C2H/reset_commit_phase_hold_source_reg[1]/C,G2B_ONECH_C2H/global_stream_next_axi_reg[17]/CE,STABLE_DATA_WITH_SYNCHRONIZED_QUALIFIER,RESET_RETURN,PASS,Group 13 promoted two-family settling and completion-barrier structural proof; retained aggregate destination coverage,EXACT_PRIOR_ROW
CDC-1,Critical,nvp_vclk1->userclk1,Max Delay Datapath Only,G2B_ONECH_C2H/reset_commit_phase_hold_source_reg[1]/C,G2B_ONECH_C2H/global_stream_next_axi_reg[18]/CE,STABLE_DATA_WITH_SYNCHRONIZED_QUALIFIER,RESET_RETURN,PASS,Group 13 promoted two-family settling and completion-barrier structural proof; retained aggregate destination coverage,EXACT_PRIOR_ROW
CDC-1,Critical,nvp_vclk1->userclk1,Max Delay Datapath Only,G2B_ONECH_C2H/reset_commit_phase_hold_source_reg[1]/C,G2B_ONECH_C2H/global_stream_next_axi_reg[19]/CE,STABLE_DATA_WITH_SYNCHRONIZED_QUALIFIER,RESET_RETURN,PASS,Group 13 promoted two-family settling and completion-barrier structural proof; retained aggregate destination coverage,EXACT_PRIOR_ROW
CDC-1,Critical,nvp_vclk1->userclk1,Max Delay Datapath Only,G2B_ONECH_C2H/reset_commit_phase_hold_source_reg[1]/C,G2B_ONECH_C2H/global_stream_next_axi_reg[20]/CE,STABLE_DATA_WITH_SYNCHRONIZED_QUALIFIER,RESET_RETURN,PASS,Group 13 promoted two-family settling and completion-barrier structural proof; retained aggregate destination coverage,EXACT_PRIOR_ROW
CDC-1,Critical,nvp_vclk1->userclk1,Max Delay Datapath Only,G2B_ONECH_C2H/reset_commit_phase_hold_source_reg[1]/C,G2B_ONECH_C2H/global_stream_next_axi_reg[21]/CE,STABLE_DATA_WITH_SYNCHRONIZED_QUALIFIER,RESET_RETURN,PASS,Group 13 promoted two-family settling and completion-barrier structural proof; retained aggregate destination coverage,EXACT_PRIOR_ROW
CDC-1,Critical,nvp_vclk1->userclk1,Max Delay Datapath Only,G2B_ONECH_C2H/reset_commit_phase_hold_source_reg[1]/C,G2B_ONECH_C2H/global_stream_next_axi_reg[22]/CE,STABLE_DATA_WITH_SYNCHRONIZED_QUALIFIER,RESET_RETURN,PASS,Group 13 promoted two-family settling and completion-barrier structural proof; retained aggregate destination coverage,EXACT_PRIOR_ROW
CDC-1,Critical,nvp_vclk1->userclk1,Max Delay Datapath Only,G2B_ONECH_C2H/reset_commit_phase_hold_source_reg[1]/C,G2B_ONECH_C2H/global_stream_next_axi_reg[23]/CE,STABLE_DATA_WITH_SYNCHRONIZED_QUALIFIER,RESET_RETURN,PASS,Group 13 promoted two-family settling and completion-barrier structural proof; retained aggregate destination coverage,EXACT_PRIOR_ROW
CDC-1,Critical,nvp_vclk1->userclk1,Max Delay Datapath Only,G2B_ONECH_C2H/reset_commit_phase_hold_source_reg[1]/C,G2B_ONECH_C2H/global_stream_next_axi_reg[24]/CE,STABLE_DATA_WITH_SYNCHRONIZED_QUALIFIER,RESET_RETURN,PASS,Group 13 promoted two-family settling and completion-barrier structural proof; retained aggregate destination coverage,EXACT_PRIOR_ROW
CDC-1,Critical,nvp_vclk1->userclk1,Max Delay Datapath Only,G2B_ONECH_C2H/reset_commit_phase_hold_source_reg[1]/C,G2B_ONECH_C2H/global_stream_next_axi_reg[25]/CE,STABLE_DATA_WITH_SYNCHRONIZED_QUALIFIER,RESET_RETURN,PASS,Group 13 promoted two-family settling and completion-barrier structural proof; retained aggregate destination coverage,EXACT_PRIOR_ROW
CDC-1,Critical,nvp_vclk1->userclk1,Max Delay Datapath Only,G2B_ONECH_C2H/reset_commit_phase_hold_source_reg[1]/C,G2B_ONECH_C2H/global_stream_next_axi_reg[26]/CE,STABLE_DATA_WITH_SYNCHRONIZED_QUALIFIER,RESET_RETURN,PASS,Group 13 promoted two-family settling and completion-barrier structural proof; retained aggregate destination coverage,EXACT_PRIOR_ROW
CDC-1,Critical,nvp_vclk1->userclk1,Max Delay Datapath Only,G2B_ONECH_C2H/reset_commit_phase_hold_source_reg[1]/C,G2B_ONECH_C2H/global_stream_next_axi_reg[27]/CE,STABLE_DATA_WITH_SYNCHRONIZED_QUALIFIER,RESET_RETURN,PASS,Group 13 promoted two-family settling and completion-barrier structural proof; retained aggregate destination coverage,EXACT_PRIOR_ROW
CDC-1,Critical,nvp_vclk1->userclk1,Max Delay Datapath Only,G2B_ONECH_C2H/reset_commit_phase_hold_source_reg[1]/C,G2B_ONECH_C2H/global_stream_next_axi_reg[28]/CE,STABLE_DATA_WITH_SYNCHRONIZED_QUALIFIER,RESET_RETURN,PASS,Group 13 promoted two-family settling and completion-barrier structural proof; retained aggregate destination coverage,EXACT_PRIOR_ROW
CDC-1,Critical,nvp_vclk1->userclk1,Max Delay Datapath Only,G2B_ONECH_C2H/reset_commit_phase_hold_source_reg[1]/C,G2B_ONECH_C2H/global_stream_next_axi_reg[29]/CE,STABLE_DATA_WITH_SYNCHRONIZED_QUALIFIER,RESET_RETURN,PASS,Group 13 promoted two-family settling and completion-barrier structural proof; retained aggregate destination coverage,EXACT_PRIOR_ROW
CDC-1,Critical,nvp_vclk1->userclk1,Max Delay Datapath Only,G2B_ONECH_C2H/reset_commit_phase_hold_source_reg[1]/C,G2B_ONECH_C2H/global_stream_next_axi_reg[30]/CE,STABLE_DATA_WITH_SYNCHRONIZED_QUALIFIER,RESET_RETURN,PASS,Group 13 promoted two-family settling and completion-barrier structural proof; retained aggregate destination coverage,EXACT_PRIOR_ROW
CDC-1,Critical,nvp_vclk1->userclk1,Max Delay Datapath Only,G2B_ONECH_C2H/reset_commit_phase_hold_source_reg[1]/C,G2B_ONECH_C2H/global_stream_next_axi_reg[31]/CE,STABLE_DATA_WITH_SYNCHRONIZED_QUALIFIER,RESET_RETURN,PASS,Group 13 promoted two-family settling and completion-barrier structural proof; retained aggregate destination coverage,EXACT_PRIOR_ROW
CDC-6,Warning,nvp_vclk1->userclk1,Max Delay Datapath Only,G2B_ONECH_C2H/hard_event_baseline_hold_source_reg[3:0]/C,G2B_ONECH_C2H/hard_event_baseline_sync1_axi_reg[3:0]/D,STABLE_DATA_WITH_SYNCHRONIZED_QUALIFIER,MULTIBIT_CDC,PASS,Unchanged exact CDC-6 row; stable baseline/epoch qualified by synchronized boundary; Groups 5/6 preserved PASS,EXACT_PRIOR_ROW
CDC-3,Info,nvp_vclk1->userclk1,False Path,G2B_ONECH_C2H/hard_event_clear_toggle_source_reg/C,G2B_ONECH_C2H/hard_event_clear_sync1_axi_reg/D,INTENTIONAL_TWO_STAGE_SYNCHRONIZER,LEVEL_SYNCHRONIZER,PASS,Exact unchanged report row; ASYNC_REG depth 2. CDC-10 source_ready/fatal level is held through handshake; four exact chain-cell attributes verified in continuation.,EXACT_PRIOR_ROW
CDC-1,Critical,nvp_vclk1->userclk1,Max Delay Datapath Only,G2B_ONECH_C2H/reset_commit_phase_hold_source_reg[1]/C,G2B_ONECH_C2H/last_channel_axi_reg[0]/CE,STABLE_DATA_WITH_SYNCHRONIZED_QUALIFIER,RESET_RETURN,PASS,Group 13 promoted two-family settling and completion-barrier structural proof; retained aggregate destination coverage,EXACT_PRIOR_ROW
CDC-15,Warning,nvp_vclk1->userclk1,Max Delay Datapath Only,G2B_ONECH_C2H/reset_commit_phase_hold_source_reg[1]/C,G2B_ONECH_C2H/last_channel_axi_reg[0]/D,STABLE_DATA_WITH_SYNCHRONIZED_QUALIFIER,RESET_RETURN,PASS,Group 13 promoted two-family settling and completion-barrier structural proof; retained aggregate destination coverage,EXACT_PRIOR_ROW
CDC-1,Critical,nvp_vclk1->userclk1,Max Delay Datapath Only,G2B_ONECH_C2H/reset_commit_phase_hold_source_reg[1]/C,G2B_ONECH_C2H/last_channel_axi_reg[1]/CE,STABLE_DATA_WITH_SYNCHRONIZED_QUALIFIER,RESET_RETURN,PASS,Group 13 promoted two-family settling and completion-barrier structural proof; retained aggregate destination coverage,EXACT_PRIOR_ROW
CDC-15,Warning,nvp_vclk1->userclk1,Max Delay Datapath Only,G2B_ONECH_C2H/reset_commit_phase_hold_source_reg[1]/C,G2B_ONECH_C2H/last_channel_axi_reg[1]/D,STABLE_DATA_WITH_SYNCHRONIZED_QUALIFIER,RESET_RETURN,PASS,Group 13 promoted two-family settling and completion-barrier structural proof; retained aggregate destination coverage,EXACT_PRIOR_ROW
CDC-1,Critical,nvp_vclk1->userclk1,Max Delay Datapath Only,G2B_ONECH_C2H/reset_commit_phase_hold_source_reg[1]/C,G2B_ONECH_C2H/last_channel_axi_reg[2]/CE,STABLE_DATA_WITH_SYNCHRONIZED_QUALIFIER,RESET_RETURN,PASS,Group 13 promoted two-family settling and completion-barrier structural proof; retained aggregate destination coverage,EXACT_PRIOR_ROW
CDC-15,Warning,nvp_vclk1->userclk1,Max Delay Datapath Only,G2B_ONECH_C2H/reset_commit_phase_hold_source_reg[1]/C,G2B_ONECH_C2H/last_channel_axi_reg[2]/D,STABLE_DATA_WITH_SYNCHRONIZED_QUALIFIER,RESET_RETURN,PASS,Group 13 promoted two-family settling and completion-barrier structural proof; retained aggregate destination coverage,EXACT_PRIOR_ROW
CDC-1,Critical,nvp_vclk1->userclk1,Max Delay Datapath Only,G2B_ONECH_C2H/reset_commit_phase_hold_source_reg[1]/C,G2B_ONECH_C2H/last_channel_axi_reg[3]/CE,STABLE_DATA_WITH_SYNCHRONIZED_QUALIFIER,RESET_RETURN,PASS,Group 13 promoted two-family settling and completion-barrier structural proof; retained aggregate destination coverage,EXACT_PRIOR_ROW
CDC-15,Warning,nvp_vclk1->userclk1,Max Delay Datapath Only,G2B_ONECH_C2H/reset_commit_phase_hold_source_reg[1]/C,G2B_ONECH_C2H/last_channel_axi_reg[3]/D,STABLE_DATA_WITH_SYNCHRONIZED_QUALIFIER,RESET_RETURN,PASS,Group 13 promoted two-family settling and completion-barrier structural proof; retained aggregate destination coverage,EXACT_PRIOR_ROW
CDC-1,Critical,nvp_vclk1->userclk1,Max Delay Datapath Only,G2B_ONECH_C2H/reset_commit_phase_hold_source_reg[1]/C,G2B_ONECH_C2H/last_channel_axi_reg[4]/CE,STABLE_DATA_WITH_SYNCHRONIZED_QUALIFIER,RESET_RETURN,PASS,Group 13 promoted two-family settling and completion-barrier structural proof; retained aggregate destination coverage,EXACT_PRIOR_ROW
CDC-15,Warning,nvp_vclk1->userclk1,Max Delay Datapath Only,G2B_ONECH_C2H/reset_commit_phase_hold_source_reg[1]/C,G2B_ONECH_C2H/last_channel_axi_reg[4]/D,STABLE_DATA_WITH_SYNCHRONIZED_QUALIFIER,RESET_RETURN,PASS,Group 13 promoted two-family settling and completion-barrier structural proof; retained aggregate destination coverage,EXACT_PRIOR_ROW
CDC-1,Critical,nvp_vclk1->userclk1,Max Delay Datapath Only,G2B_ONECH_C2H/reset_commit_phase_hold_source_reg[1]/C,G2B_ONECH_C2H/last_channel_axi_reg[5]/CE,STABLE_DATA_WITH_SYNCHRONIZED_QUALIFIER,RESET_RETURN,PASS,Group 13 promoted two-family settling and completion-barrier structural proof; retained aggregate destination coverage,EXACT_PRIOR_ROW
CDC-15,Warning,nvp_vclk1->userclk1,Max Delay Datapath Only,G2B_ONECH_C2H/reset_commit_phase_hold_source_reg[1]/C,G2B_ONECH_C2H/last_channel_axi_reg[5]/D,STABLE_DATA_WITH_SYNCHRONIZED_QUALIFIER,RESET_RETURN,PASS,Group 13 promoted two-family settling and completion-barrier structural proof; retained aggregate destination coverage,EXACT_PRIOR_ROW
CDC-1,Critical,nvp_vclk1->userclk1,Max Delay Datapath Only,G2B_ONECH_C2H/reset_commit_phase_hold_source_reg[1]/C,G2B_ONECH_C2H/last_channel_axi_reg[6]/CE,STABLE_DATA_WITH_SYNCHRONIZED_QUALIFIER,RESET_RETURN,PASS,Group 13 promoted two-family settling and completion-barrier structural proof; retained aggregate destination coverage,EXACT_PRIOR_ROW
CDC-15,Warning,nvp_vclk1->userclk1,Max Delay Datapath Only,G2B_ONECH_C2H/reset_commit_phase_hold_source_reg[1]/C,G2B_ONECH_C2H/last_channel_axi_reg[6]/D,STABLE_DATA_WITH_SYNCHRONIZED_QUALIFIER,RESET_RETURN,PASS,Group 13 promoted two-family settling and completion-barrier structural proof; retained aggregate destination coverage,EXACT_PRIOR_ROW
CDC-1,Critical,nvp_vclk1->userclk1,Max Delay Datapath Only,G2B_ONECH_C2H/reset_commit_phase_hold_source_reg[1]/C,G2B_ONECH_C2H/last_channel_axi_reg[7]/CE,STABLE_DATA_WITH_SYNCHRONIZED_QUALIFIER,RESET_RETURN,PASS,Group 13 promoted two-family settling and completion-barrier structural proof; retained aggregate destination coverage,EXACT_PRIOR_ROW
CDC-15,Warning,nvp_vclk1->userclk1,Max Delay Datapath Only,G2B_ONECH_C2H/reset_commit_phase_hold_source_reg[1]/C,G2B_ONECH_C2H/last_channel_axi_reg[7]/D,STABLE_DATA_WITH_SYNCHRONIZED_QUALIFIER,RESET_RETURN,PASS,Group 13 promoted two-family settling and completion-barrier structural proof; retained aggregate destination coverage,EXACT_PRIOR_ROW
CDC-1,Critical,nvp_vclk1->userclk1,Max Delay Datapath Only,G2B_ONECH_C2H/reset_commit_phase_hold_source_reg[1]/C,G2B_ONECH_C2H/last_channel_axi_reg[8]/CE,STABLE_DATA_WITH_SYNCHRONIZED_QUALIFIER,RESET_RETURN,PASS,Group 13 promoted two-family settling and completion-barrier structural proof; retained aggregate destination coverage,EXACT_PRIOR_ROW
CDC-15,Warning,nvp_vclk1->userclk1,Max Delay Datapath Only,G2B_ONECH_C2H/reset_commit_phase_hold_source_reg[1]/C,G2B_ONECH_C2H/last_channel_axi_reg[8]/D,STABLE_DATA_WITH_SYNCHRONIZED_QUALIFIER,RESET_RETURN,PASS,Group 13 promoted two-family settling and completion-barrier structural proof; retained aggregate destination coverage,EXACT_PRIOR_ROW
CDC-1,Critical,nvp_vclk1->userclk1,Max Delay Datapath Only,G2B_ONECH_C2H/reset_commit_phase_hold_source_reg[1]/C,G2B_ONECH_C2H/last_channel_axi_reg[9]/CE,STABLE_DATA_WITH_SYNCHRONIZED_QUALIFIER,RESET_RETURN,PASS,Group 13 promoted two-family settling and completion-barrier structural proof; retained aggregate destination coverage,EXACT_PRIOR_ROW
CDC-15,Warning,nvp_vclk1->userclk1,Max Delay Datapath Only,G2B_ONECH_C2H/reset_commit_phase_hold_source_reg[1]/C,G2B_ONECH_C2H/last_channel_axi_reg[9]/D,STABLE_DATA_WITH_SYNCHRONIZED_QUALIFIER,RESET_RETURN,PASS,Group 13 promoted two-family settling and completion-barrier structural proof; retained aggregate destination coverage,EXACT_PRIOR_ROW
CDC-1,Critical,nvp_vclk1->userclk1,Max Delay Datapath Only,G2B_ONECH_C2H/reset_commit_phase_hold_source_reg[1]/C,G2B_ONECH_C2H/last_channel_axi_reg[10]/CE,STABLE_DATA_WITH_SYNCHRONIZED_QUALIFIER,RESET_RETURN,PASS,Group 13 promoted two-family settling and completion-barrier structural proof; retained aggregate destination coverage,EXACT_PRIOR_ROW
CDC-15,Warning,nvp_vclk1->userclk1,Max Delay Datapath Only,G2B_ONECH_C2H/reset_commit_phase_hold_source_reg[1]/C,G2B_ONECH_C2H/last_channel_axi_reg[10]/D,STABLE_DATA_WITH_SYNCHRONIZED_QUALIFIER,RESET_RETURN,PASS,Group 13 promoted two-family settling and completion-barrier structural proof; retained aggregate destination coverage,EXACT_PRIOR_ROW
CDC-1,Critical,nvp_vclk1->userclk1,Max Delay Datapath Only,G2B_ONECH_C2H/reset_commit_phase_hold_source_reg[1]/C,G2B_ONECH_C2H/last_channel_axi_reg[11]/CE,STABLE_DATA_WITH_SYNCHRONIZED_QUALIFIER,RESET_RETURN,PASS,Group 13 promoted two-family settling and completion-barrier structural proof; retained aggregate destination coverage,EXACT_PRIOR_ROW
CDC-15,Warning,nvp_vclk1->userclk1,Max Delay Datapath Only,G2B_ONECH_C2H/reset_commit_phase_hold_source_reg[1]/C,G2B_ONECH_C2H/last_channel_axi_reg[11]/D,STABLE_DATA_WITH_SYNCHRONIZED_QUALIFIER,RESET_RETURN,PASS,Group 13 promoted two-family settling and completion-barrier structural proof; retained aggregate destination coverage,EXACT_PRIOR_ROW
CDC-1,Critical,nvp_vclk1->userclk1,Max Delay Datapath Only,G2B_ONECH_C2H/reset_commit_phase_hold_source_reg[1]/C,G2B_ONECH_C2H/last_channel_axi_reg[12]/CE,STABLE_DATA_WITH_SYNCHRONIZED_QUALIFIER,RESET_RETURN,PASS,Group 13 promoted two-family settling and completion-barrier structural proof; retained aggregate destination coverage,EXACT_PRIOR_ROW
CDC-15,Warning,nvp_vclk1->userclk1,Max Delay Datapath Only,G2B_ONECH_C2H/reset_commit_phase_hold_source_reg[1]/C,G2B_ONECH_C2H/last_channel_axi_reg[12]/D,STABLE_DATA_WITH_SYNCHRONIZED_QUALIFIER,RESET_RETURN,PASS,Group 13 promoted two-family settling and completion-barrier structural proof; retained aggregate destination coverage,EXACT_PRIOR_ROW
CDC-1,Critical,nvp_vclk1->userclk1,Max Delay Datapath Only,G2B_ONECH_C2H/reset_commit_phase_hold_source_reg[1]/C,G2B_ONECH_C2H/last_channel_axi_reg[13]/CE,STABLE_DATA_WITH_SYNCHRONIZED_QUALIFIER,RESET_RETURN,PASS,Group 13 promoted two-family settling and completion-barrier structural proof; retained aggregate destination coverage,EXACT_PRIOR_ROW
CDC-15,Warning,nvp_vclk1->userclk1,Max Delay Datapath Only,G2B_ONECH_C2H/reset_commit_phase_hold_source_reg[1]/C,G2B_ONECH_C2H/last_channel_axi_reg[13]/D,STABLE_DATA_WITH_SYNCHRONIZED_QUALIFIER,RESET_RETURN,PASS,Group 13 promoted two-family settling and completion-barrier structural proof; retained aggregate destination coverage,EXACT_PRIOR_ROW
CDC-1,Critical,nvp_vclk1->userclk1,Max Delay Datapath Only,G2B_ONECH_C2H/reset_commit_phase_hold_source_reg[1]/C,G2B_ONECH_C2H/last_channel_axi_reg[14]/CE,STABLE_DATA_WITH_SYNCHRONIZED_QUALIFIER,RESET_RETURN,PASS,Group 13 promoted two-family settling and completion-barrier structural proof; retained aggregate destination coverage,EXACT_PRIOR_ROW
CDC-15,Warning,nvp_vclk1->userclk1,Max Delay Datapath Only,G2B_ONECH_C2H/reset_commit_phase_hold_source_reg[1]/C,G2B_ONECH_C2H/last_channel_axi_reg[14]/D,STABLE_DATA_WITH_SYNCHRONIZED_QUALIFIER,RESET_RETURN,PASS,Group 13 promoted two-family settling and completion-barrier structural proof; retained aggregate destination coverage,EXACT_PRIOR_ROW
CDC-1,Critical,nvp_vclk1->userclk1,Max Delay Datapath Only,G2B_ONECH_C2H/reset_commit_phase_hold_source_reg[1]/C,G2B_ONECH_C2H/last_channel_axi_reg[15]/CE,STABLE_DATA_WITH_SYNCHRONIZED_QUALIFIER,RESET_RETURN,PASS,Group 13 promoted two-family settling and completion-barrier structural proof; retained aggregate destination coverage,EXACT_PRIOR_ROW
CDC-15,Warning,nvp_vclk1->userclk1,Max Delay Datapath Only,G2B_ONECH_C2H/reset_commit_phase_hold_source_reg[1]/C,G2B_ONECH_C2H/last_channel_axi_reg[15]/D,STABLE_DATA_WITH_SYNCHRONIZED_QUALIFIER,RESET_RETURN,PASS,Group 13 promoted two-family settling and completion-barrier structural proof; retained aggregate destination coverage,EXACT_PRIOR_ROW
CDC-1,Critical,nvp_vclk1->userclk1,Max Delay Datapath Only,G2B_ONECH_C2H/reset_commit_phase_hold_source_reg[1]/C,G2B_ONECH_C2H/last_channel_axi_reg[16]/CE,STABLE_DATA_WITH_SYNCHRONIZED_QUALIFIER,RESET_RETURN,PASS,Group 13 promoted two-family settling and completion-barrier structural proof; retained aggregate destination coverage,EXACT_PRIOR_ROW
CDC-15,Warning,nvp_vclk1->userclk1,Max Delay Datapath Only,G2B_ONECH_C2H/reset_commit_phase_hold_source_reg[1]/C,G2B_ONECH_C2H/last_channel_axi_reg[16]/D,STABLE_DATA_WITH_SYNCHRONIZED_QUALIFIER,RESET_RETURN,PASS,Group 13 promoted two-family settling and completion-barrier structural proof; retained aggregate destination coverage,EXACT_PRIOR_ROW
CDC-1,Critical,nvp_vclk1->userclk1,Max Delay Datapath Only,G2B_ONECH_C2H/reset_commit_phase_hold_source_reg[1]/C,G2B_ONECH_C2H/last_channel_axi_reg[17]/CE,STABLE_DATA_WITH_SYNCHRONIZED_QUALIFIER,RESET_RETURN,PASS,Group 13 promoted two-family settling and completion-barrier structural proof; retained aggregate destination coverage,EXACT_PRIOR_ROW
CDC-15,Warning,nvp_vclk1->userclk1,Max Delay Datapath Only,G2B_ONECH_C2H/reset_commit_phase_hold_source_reg[1]/C,G2B_ONECH_C2H/last_channel_axi_reg[17]/D,STABLE_DATA_WITH_SYNCHRONIZED_QUALIFIER,RESET_RETURN,PASS,Group 13 promoted two-family settling and completion-barrier structural proof; retained aggregate destination coverage,EXACT_PRIOR_ROW
CDC-1,Critical,nvp_vclk1->userclk1,Max Delay Datapath Only,G2B_ONECH_C2H/reset_commit_phase_hold_source_reg[1]/C,G2B_ONECH_C2H/last_channel_axi_reg[18]/CE,STABLE_DATA_WITH_SYNCHRONIZED_QUALIFIER,RESET_RETURN,PASS,Group 13 promoted two-family settling and completion-barrier structural proof; retained aggregate destination coverage,EXACT_PRIOR_ROW
CDC-15,Warning,nvp_vclk1->userclk1,Max Delay Datapath Only,G2B_ONECH_C2H/reset_commit_phase_hold_source_reg[1]/C,G2B_ONECH_C2H/last_channel_axi_reg[18]/D,STABLE_DATA_WITH_SYNCHRONIZED_QUALIFIER,RESET_RETURN,PASS,Group 13 promoted two-family settling and completion-barrier structural proof; retained aggregate destination coverage,EXACT_PRIOR_ROW
CDC-1,Critical,nvp_vclk1->userclk1,Max Delay Datapath Only,G2B_ONECH_C2H/reset_commit_phase_hold_source_reg[1]/C,G2B_ONECH_C2H/last_channel_axi_reg[19]/CE,STABLE_DATA_WITH_SYNCHRONIZED_QUALIFIER,RESET_RETURN,PASS,Group 13 promoted two-family settling and completion-barrier structural proof; retained aggregate destination coverage,EXACT_PRIOR_ROW
CDC-15,Warning,nvp_vclk1->userclk1,Max Delay Datapath Only,G2B_ONECH_C2H/reset_commit_phase_hold_source_reg[1]/C,G2B_ONECH_C2H/last_channel_axi_reg[19]/D,STABLE_DATA_WITH_SYNCHRONIZED_QUALIFIER,RESET_RETURN,PASS,Group 13 promoted two-family settling and completion-barrier structural proof; retained aggregate destination coverage,EXACT_PRIOR_ROW
CDC-1,Critical,nvp_vclk1->userclk1,Max Delay Datapath Only,G2B_ONECH_C2H/reset_commit_phase_hold_source_reg[1]/C,G2B_ONECH_C2H/last_channel_axi_reg[20]/CE,STABLE_DATA_WITH_SYNCHRONIZED_QUALIFIER,RESET_RETURN,PASS,Group 13 promoted two-family settling and completion-barrier structural proof; retained aggregate destination coverage,EXACT_PRIOR_ROW
CDC-15,Warning,nvp_vclk1->userclk1,Max Delay Datapath Only,G2B_ONECH_C2H/reset_commit_phase_hold_source_reg[1]/C,G2B_ONECH_C2H/last_channel_axi_reg[20]/D,STABLE_DATA_WITH_SYNCHRONIZED_QUALIFIER,RESET_RETURN,PASS,Group 13 promoted two-family settling and completion-barrier structural proof; retained aggregate destination coverage,EXACT_PRIOR_ROW
CDC-1,Critical,nvp_vclk1->userclk1,Max Delay Datapath Only,G2B_ONECH_C2H/reset_commit_phase_hold_source_reg[1]/C,G2B_ONECH_C2H/last_channel_axi_reg[21]/CE,STABLE_DATA_WITH_SYNCHRONIZED_QUALIFIER,RESET_RETURN,PASS,Group 13 promoted two-family settling and completion-barrier structural proof; retained aggregate destination coverage,EXACT_PRIOR_ROW
CDC-15,Warning,nvp_vclk1->userclk1,Max Delay Datapath Only,G2B_ONECH_C2H/reset_commit_phase_hold_source_reg[1]/C,G2B_ONECH_C2H/last_channel_axi_reg[21]/D,STABLE_DATA_WITH_SYNCHRONIZED_QUALIFIER,RESET_RETURN,PASS,Group 13 promoted two-family settling and completion-barrier structural proof; retained aggregate destination coverage,EXACT_PRIOR_ROW
CDC-1,Critical,nvp_vclk1->userclk1,Max Delay Datapath Only,G2B_ONECH_C2H/reset_commit_phase_hold_source_reg[1]/C,G2B_ONECH_C2H/last_channel_axi_reg[22]/CE,STABLE_DATA_WITH_SYNCHRONIZED_QUALIFIER,RESET_RETURN,PASS,Group 13 promoted two-family settling and completion-barrier structural proof; retained aggregate destination coverage,EXACT_PRIOR_ROW
CDC-15,Warning,nvp_vclk1->userclk1,Max Delay Datapath Only,G2B_ONECH_C2H/reset_commit_phase_hold_source_reg[1]/C,G2B_ONECH_C2H/last_channel_axi_reg[22]/D,STABLE_DATA_WITH_SYNCHRONIZED_QUALIFIER,RESET_RETURN,PASS,Group 13 promoted two-family settling and completion-barrier structural proof; retained aggregate destination coverage,EXACT_PRIOR_ROW
CDC-1,Critical,nvp_vclk1->userclk1,Max Delay Datapath Only,G2B_ONECH_C2H/reset_commit_phase_hold_source_reg[1]/C,G2B_ONECH_C2H/last_channel_axi_reg[23]/CE,STABLE_DATA_WITH_SYNCHRONIZED_QUALIFIER,RESET_RETURN,PASS,Group 13 promoted two-family settling and completion-barrier structural proof; retained aggregate destination coverage,EXACT_PRIOR_ROW
CDC-15,Warning,nvp_vclk1->userclk1,Max Delay Datapath Only,G2B_ONECH_C2H/reset_commit_phase_hold_source_reg[1]/C,G2B_ONECH_C2H/last_channel_axi_reg[23]/D,STABLE_DATA_WITH_SYNCHRONIZED_QUALIFIER,RESET_RETURN,PASS,Group 13 promoted two-family settling and completion-barrier structural proof; retained aggregate destination coverage,EXACT_PRIOR_ROW
CDC-1,Critical,nvp_vclk1->userclk1,Max Delay Datapath Only,G2B_ONECH_C2H/reset_commit_phase_hold_source_reg[1]/C,G2B_ONECH_C2H/last_channel_axi_reg[24]/CE,STABLE_DATA_WITH_SYNCHRONIZED_QUALIFIER,RESET_RETURN,PASS,Group 13 promoted two-family settling and completion-barrier structural proof; retained aggregate destination coverage,EXACT_PRIOR_ROW
CDC-15,Warning,nvp_vclk1->userclk1,Max Delay Datapath Only,G2B_ONECH_C2H/reset_commit_phase_hold_source_reg[1]/C,G2B_ONECH_C2H/last_channel_axi_reg[24]/D,STABLE_DATA_WITH_SYNCHRONIZED_QUALIFIER,RESET_RETURN,PASS,Group 13 promoted two-family settling and completion-barrier structural proof; retained aggregate destination coverage,EXACT_PRIOR_ROW
CDC-1,Critical,nvp_vclk1->userclk1,Max Delay Datapath Only,G2B_ONECH_C2H/reset_commit_phase_hold_source_reg[1]/C,G2B_ONECH_C2H/last_channel_axi_reg[25]/CE,STABLE_DATA_WITH_SYNCHRONIZED_QUALIFIER,RESET_RETURN,PASS,Group 13 promoted two-family settling and completion-barrier structural proof; retained aggregate destination coverage,EXACT_PRIOR_ROW
CDC-15,Warning,nvp_vclk1->userclk1,Max Delay Datapath Only,G2B_ONECH_C2H/reset_commit_phase_hold_source_reg[1]/C,G2B_ONECH_C2H/last_channel_axi_reg[25]/D,STABLE_DATA_WITH_SYNCHRONIZED_QUALIFIER,RESET_RETURN,PASS,Group 13 promoted two-family settling and completion-barrier structural proof; retained aggregate destination coverage,EXACT_PRIOR_ROW
CDC-1,Critical,nvp_vclk1->userclk1,Max Delay Datapath Only,G2B_ONECH_C2H/reset_commit_phase_hold_source_reg[1]/C,G2B_ONECH_C2H/last_channel_axi_reg[26]/CE,STABLE_DATA_WITH_SYNCHRONIZED_QUALIFIER,RESET_RETURN,PASS,Group 13 promoted two-family settling and completion-barrier structural proof; retained aggregate destination coverage,EXACT_PRIOR_ROW
CDC-15,Warning,nvp_vclk1->userclk1,Max Delay Datapath Only,G2B_ONECH_C2H/reset_commit_phase_hold_source_reg[1]/C,G2B_ONECH_C2H/last_channel_axi_reg[26]/D,STABLE_DATA_WITH_SYNCHRONIZED_QUALIFIER,RESET_RETURN,PASS,Group 13 promoted two-family settling and completion-barrier structural proof; retained aggregate destination coverage,EXACT_PRIOR_ROW
CDC-1,Critical,nvp_vclk1->userclk1,Max Delay Datapath Only,G2B_ONECH_C2H/reset_commit_phase_hold_source_reg[1]/C,G2B_ONECH_C2H/last_channel_axi_reg[27]/CE,STABLE_DATA_WITH_SYNCHRONIZED_QUALIFIER,RESET_RETURN,PASS,Group 13 promoted two-family settling and completion-barrier structural proof; retained aggregate destination coverage,EXACT_PRIOR_ROW
CDC-15,Warning,nvp_vclk1->userclk1,Max Delay Datapath Only,G2B_ONECH_C2H/reset_commit_phase_hold_source_reg[1]/C,G2B_ONECH_C2H/last_channel_axi_reg[27]/D,STABLE_DATA_WITH_SYNCHRONIZED_QUALIFIER,RESET_RETURN,PASS,Group 13 promoted two-family settling and completion-barrier structural proof; retained aggregate destination coverage,EXACT_PRIOR_ROW
CDC-1,Critical,nvp_vclk1->userclk1,Max Delay Datapath Only,G2B_ONECH_C2H/reset_commit_phase_hold_source_reg[1]/C,G2B_ONECH_C2H/last_channel_axi_reg[28]/CE,STABLE_DATA_WITH_SYNCHRONIZED_QUALIFIER,RESET_RETURN,PASS,Group 13 promoted two-family settling and completion-barrier structural proof; retained aggregate destination coverage,EXACT_PRIOR_ROW
CDC-15,Warning,nvp_vclk1->userclk1,Max Delay Datapath Only,G2B_ONECH_C2H/reset_commit_phase_hold_source_reg[1]/C,G2B_ONECH_C2H/last_channel_axi_reg[28]/D,STABLE_DATA_WITH_SYNCHRONIZED_QUALIFIER,RESET_RETURN,PASS,Group 13 promoted two-family settling and completion-barrier structural proof; retained aggregate destination coverage,EXACT_PRIOR_ROW
CDC-1,Critical,nvp_vclk1->userclk1,Max Delay Datapath Only,G2B_ONECH_C2H/reset_commit_phase_hold_source_reg[1]/C,G2B_ONECH_C2H/last_channel_axi_reg[29]/CE,STABLE_DATA_WITH_SYNCHRONIZED_QUALIFIER,RESET_RETURN,PASS,Group 13 promoted two-family settling and completion-barrier structural proof; retained aggregate destination coverage,EXACT_PRIOR_ROW
CDC-15,Warning,nvp_vclk1->userclk1,Max Delay Datapath Only,G2B_ONECH_C2H/reset_commit_phase_hold_source_reg[1]/C,G2B_ONECH_C2H/last_channel_axi_reg[29]/D,STABLE_DATA_WITH_SYNCHRONIZED_QUALIFIER,RESET_RETURN,PASS,Group 13 promoted two-family settling and completion-barrier structural proof; retained aggregate destination coverage,EXACT_PRIOR_ROW
CDC-1,Critical,nvp_vclk1->userclk1,Max Delay Datapath Only,G2B_ONECH_C2H/reset_commit_phase_hold_source_reg[1]/C,G2B_ONECH_C2H/last_channel_axi_reg[30]/CE,STABLE_DATA_WITH_SYNCHRONIZED_QUALIFIER,RESET_RETURN,PASS,Group 13 promoted two-family settling and completion-barrier structural proof; retained aggregate destination coverage,EXACT_PRIOR_ROW
CDC-15,Warning,nvp_vclk1->userclk1,Max Delay Datapath Only,G2B_ONECH_C2H/reset_commit_phase_hold_source_reg[1]/C,G2B_ONECH_C2H/last_channel_axi_reg[30]/D,STABLE_DATA_WITH_SYNCHRONIZED_QUALIFIER,RESET_RETURN,PASS,Group 13 promoted two-family settling and completion-barrier structural proof; retained aggregate destination coverage,EXACT_PRIOR_ROW
CDC-1,Critical,nvp_vclk1->userclk1,Max Delay Datapath Only,G2B_ONECH_C2H/reset_commit_phase_hold_source_reg[1]/C,G2B_ONECH_C2H/last_channel_axi_reg[31]/CE,STABLE_DATA_WITH_SYNCHRONIZED_QUALIFIER,RESET_RETURN,PASS,Group 13 promoted two-family settling and completion-barrier structural proof; retained aggregate destination coverage,EXACT_PRIOR_ROW
CDC-15,Warning,nvp_vclk1->userclk1,Max Delay Datapath Only,G2B_ONECH_C2H/reset_commit_phase_hold_source_reg[1]/C,G2B_ONECH_C2H/last_channel_axi_reg[31]/D,STABLE_DATA_WITH_SYNCHRONIZED_QUALIFIER,RESET_RETURN,PASS,Group 13 promoted two-family settling and completion-barrier structural proof; retained aggregate destination coverage,EXACT_PRIOR_ROW
CDC-1,Critical,nvp_vclk1->userclk1,Max Delay Datapath Only,G2B_ONECH_C2H/own_ok_hold_source_reg/C,G2B_ONECH_C2H/last_error_cause_axi_reg[0]/D,STABLE_DATA_WITH_SYNCHRONIZED_QUALIFIER,OWNERSHIP_RESULT,PASS,Retained source-to-AXI aggregate 6 ns bound; stable acknowledged ownership result; BS3 safety proof,EXACT_PRIOR_ROW
CDC-1,Critical,nvp_vclk1->userclk1,Max Delay Datapath Only,G2B_ONECH_C2H/own_ok_hold_source_reg/C,G2B_ONECH_C2H/last_error_cause_axi_reg[1]/D,STABLE_DATA_WITH_SYNCHRONIZED_QUALIFIER,OWNERSHIP_RESULT,PASS,Retained source-to-AXI aggregate 6 ns bound; stable acknowledged ownership result; BS3 safety proof,EXACT_PRIOR_ROW
CDC-1,Critical,nvp_vclk1->userclk1,Max Delay Datapath Only,G2B_ONECH_C2H/own_ok_hold_source_reg/C,G2B_ONECH_C2H/last_error_cause_axi_reg[2]/D,STABLE_DATA_WITH_SYNCHRONIZED_QUALIFIER,OWNERSHIP_RESULT,PASS,Retained source-to-AXI aggregate 6 ns bound; stable acknowledged ownership result; BS3 safety proof,EXACT_PRIOR_ROW
CDC-1,Critical,nvp_vclk1->userclk1,Max Delay Datapath Only,G2B_ONECH_C2H/reset_commit_phase_hold_source_reg[1]/C,G2B_ONECH_C2H/last_global_axi_reg[0]/CE,STABLE_DATA_WITH_SYNCHRONIZED_QUALIFIER,RESET_RETURN,PASS,Group 13 promoted two-family settling and completion-barrier structural proof; retained aggregate destination coverage,EXACT_PRIOR_ROW
CDC-15,Warning,nvp_vclk1->userclk1,Max Delay Datapath Only,G2B_ONECH_C2H/reset_commit_phase_hold_source_reg[1]/C,G2B_ONECH_C2H/last_global_axi_reg[0]/D,STABLE_DATA_WITH_SYNCHRONIZED_QUALIFIER,RESET_RETURN,PASS,Group 13 promoted two-family settling and completion-barrier structural proof; retained aggregate destination coverage,EXACT_PRIOR_ROW
CDC-1,Critical,nvp_vclk1->userclk1,Max Delay Datapath Only,G2B_ONECH_C2H/reset_commit_phase_hold_source_reg[1]/C,G2B_ONECH_C2H/last_global_axi_reg[1]/CE,STABLE_DATA_WITH_SYNCHRONIZED_QUALIFIER,RESET_RETURN,PASS,Group 13 promoted two-family settling and completion-barrier structural proof; retained aggregate destination coverage,EXACT_PRIOR_ROW
CDC-15,Warning,nvp_vclk1->userclk1,Max Delay Datapath Only,G2B_ONECH_C2H/reset_commit_phase_hold_source_reg[1]/C,G2B_ONECH_C2H/last_global_axi_reg[1]/D,STABLE_DATA_WITH_SYNCHRONIZED_QUALIFIER,RESET_RETURN,PASS,Group 13 promoted two-family settling and completion-barrier structural proof; retained aggregate destination coverage,EXACT_PRIOR_ROW
CDC-1,Critical,nvp_vclk1->userclk1,Max Delay Datapath Only,G2B_ONECH_C2H/reset_commit_phase_hold_source_reg[1]/C,G2B_ONECH_C2H/last_global_axi_reg[2]/CE,STABLE_DATA_WITH_SYNCHRONIZED_QUALIFIER,RESET_RETURN,PASS,Group 13 promoted two-family settling and completion-barrier structural proof; retained aggregate destination coverage,EXACT_PRIOR_ROW
CDC-15,Warning,nvp_vclk1->userclk1,Max Delay Datapath Only,G2B_ONECH_C2H/reset_commit_phase_hold_source_reg[1]/C,G2B_ONECH_C2H/last_global_axi_reg[2]/D,STABLE_DATA_WITH_SYNCHRONIZED_QUALIFIER,RESET_RETURN,PASS,Group 13 promoted two-family settling and completion-barrier structural proof; retained aggregate destination coverage,EXACT_PRIOR_ROW
CDC-1,Critical,nvp_vclk1->userclk1,Max Delay Datapath Only,G2B_ONECH_C2H/reset_commit_phase_hold_source_reg[1]/C,G2B_ONECH_C2H/last_global_axi_reg[3]/CE,STABLE_DATA_WITH_SYNCHRONIZED_QUALIFIER,RESET_RETURN,PASS,Group 13 promoted two-family settling and completion-barrier structural proof; retained aggregate destination coverage,EXACT_PRIOR_ROW
CDC-15,Warning,nvp_vclk1->userclk1,Max Delay Datapath Only,G2B_ONECH_C2H/reset_commit_phase_hold_source_reg[1]/C,G2B_ONECH_C2H/last_global_axi_reg[3]/D,STABLE_DATA_WITH_SYNCHRONIZED_QUALIFIER,RESET_RETURN,PASS,Group 13 promoted two-family settling and completion-barrier structural proof; retained aggregate destination coverage,EXACT_PRIOR_ROW
CDC-1,Critical,nvp_vclk1->userclk1,Max Delay Datapath Only,G2B_ONECH_C2H/reset_commit_phase_hold_source_reg[1]/C,G2B_ONECH_C2H/last_global_axi_reg[4]/CE,STABLE_DATA_WITH_SYNCHRONIZED_QUALIFIER,RESET_RETURN,PASS,Group 13 promoted two-family settling and completion-barrier structural proof; retained aggregate destination coverage,EXACT_PRIOR_ROW
CDC-15,Warning,nvp_vclk1->userclk1,Max Delay Datapath Only,G2B_ONECH_C2H/reset_commit_phase_hold_source_reg[1]/C,G2B_ONECH_C2H/last_global_axi_reg[4]/D,STABLE_DATA_WITH_SYNCHRONIZED_QUALIFIER,RESET_RETURN,PASS,Group 13 promoted two-family settling and completion-barrier structural proof; retained aggregate destination coverage,EXACT_PRIOR_ROW
CDC-1,Critical,nvp_vclk1->userclk1,Max Delay Datapath Only,G2B_ONECH_C2H/reset_commit_phase_hold_source_reg[1]/C,G2B_ONECH_C2H/last_global_axi_reg[5]/CE,STABLE_DATA_WITH_SYNCHRONIZED_QUALIFIER,RESET_RETURN,PASS,Group 13 promoted two-family settling and completion-barrier structural proof; retained aggregate destination coverage,EXACT_PRIOR_ROW
CDC-15,Warning,nvp_vclk1->userclk1,Max Delay Datapath Only,G2B_ONECH_C2H/reset_commit_phase_hold_source_reg[1]/C,G2B_ONECH_C2H/last_global_axi_reg[5]/D,STABLE_DATA_WITH_SYNCHRONIZED_QUALIFIER,RESET_RETURN,PASS,Group 13 promoted two-family settling and completion-barrier structural proof; retained aggregate destination coverage,EXACT_PRIOR_ROW
CDC-1,Critical,nvp_vclk1->userclk1,Max Delay Datapath Only,G2B_ONECH_C2H/reset_commit_phase_hold_source_reg[1]/C,G2B_ONECH_C2H/last_global_axi_reg[6]/CE,STABLE_DATA_WITH_SYNCHRONIZED_QUALIFIER,RESET_RETURN,PASS,Group 13 promoted two-family settling and completion-barrier structural proof; retained aggregate destination coverage,EXACT_PRIOR_ROW
CDC-15,Warning,nvp_vclk1->userclk1,Max Delay Datapath Only,G2B_ONECH_C2H/reset_commit_phase_hold_source_reg[1]/C,G2B_ONECH_C2H/last_global_axi_reg[6]/D,STABLE_DATA_WITH_SYNCHRONIZED_QUALIFIER,RESET_RETURN,PASS,Group 13 promoted two-family settling and completion-barrier structural proof; retained aggregate destination coverage,EXACT_PRIOR_ROW
CDC-1,Critical,nvp_vclk1->userclk1,Max Delay Datapath Only,G2B_ONECH_C2H/reset_commit_phase_hold_source_reg[1]/C,G2B_ONECH_C2H/last_global_axi_reg[7]/CE,STABLE_DATA_WITH_SYNCHRONIZED_QUALIFIER,RESET_RETURN,PASS,Group 13 promoted two-family settling and completion-barrier structural proof; retained aggregate destination coverage,EXACT_PRIOR_ROW
CDC-15,Warning,nvp_vclk1->userclk1,Max Delay Datapath Only,G2B_ONECH_C2H/reset_commit_phase_hold_source_reg[1]/C,G2B_ONECH_C2H/last_global_axi_reg[7]/D,STABLE_DATA_WITH_SYNCHRONIZED_QUALIFIER,RESET_RETURN,PASS,Group 13 promoted two-family settling and completion-barrier structural proof; retained aggregate destination coverage,EXACT_PRIOR_ROW
CDC-1,Critical,nvp_vclk1->userclk1,Max Delay Datapath Only,G2B_ONECH_C2H/reset_commit_phase_hold_source_reg[1]/C,G2B_ONECH_C2H/last_global_axi_reg[8]/CE,STABLE_DATA_WITH_SYNCHRONIZED_QUALIFIER,RESET_RETURN,PASS,Group 13 promoted two-family settling and completion-barrier structural proof; retained aggregate destination coverage,EXACT_PRIOR_ROW
CDC-15,Warning,nvp_vclk1->userclk1,Max Delay Datapath Only,G2B_ONECH_C2H/reset_commit_phase_hold_source_reg[1]/C,G2B_ONECH_C2H/last_global_axi_reg[8]/D,STABLE_DATA_WITH_SYNCHRONIZED_QUALIFIER,RESET_RETURN,PASS,Group 13 promoted two-family settling and completion-barrier structural proof; retained aggregate destination coverage,EXACT_PRIOR_ROW
CDC-1,Critical,nvp_vclk1->userclk1,Max Delay Datapath Only,G2B_ONECH_C2H/reset_commit_phase_hold_source_reg[1]/C,G2B_ONECH_C2H/last_global_axi_reg[9]/CE,STABLE_DATA_WITH_SYNCHRONIZED_QUALIFIER,RESET_RETURN,PASS,Group 13 promoted two-family settling and completion-barrier structural proof; retained aggregate destination coverage,EXACT_PRIOR_ROW
CDC-15,Warning,nvp_vclk1->userclk1,Max Delay Datapath Only,G2B_ONECH_C2H/reset_commit_phase_hold_source_reg[1]/C,G2B_ONECH_C2H/last_global_axi_reg[9]/D,STABLE_DATA_WITH_SYNCHRONIZED_QUALIFIER,RESET_RETURN,PASS,Group 13 promoted two-family settling and completion-barrier structural proof; retained aggregate destination coverage,EXACT_PRIOR_ROW
CDC-1,Critical,nvp_vclk1->userclk1,Max Delay Datapath Only,G2B_ONECH_C2H/reset_commit_phase_hold_source_reg[1]/C,G2B_ONECH_C2H/last_global_axi_reg[10]/CE,STABLE_DATA_WITH_SYNCHRONIZED_QUALIFIER,RESET_RETURN,PASS,Group 13 promoted two-family settling and completion-barrier structural proof; retained aggregate destination coverage,EXACT_PRIOR_ROW
CDC-15,Warning,nvp_vclk1->userclk1,Max Delay Datapath Only,G2B_ONECH_C2H/reset_commit_phase_hold_source_reg[1]/C,G2B_ONECH_C2H/last_global_axi_reg[10]/D,STABLE_DATA_WITH_SYNCHRONIZED_QUALIFIER,RESET_RETURN,PASS,Group 13 promoted two-family settling and completion-barrier structural proof; retained aggregate destination coverage,EXACT_PRIOR_ROW
CDC-1,Critical,nvp_vclk1->userclk1,Max Delay Datapath Only,G2B_ONECH_C2H/reset_commit_phase_hold_source_reg[1]/C,G2B_ONECH_C2H/last_global_axi_reg[11]/CE,STABLE_DATA_WITH_SYNCHRONIZED_QUALIFIER,RESET_RETURN,PASS,Group 13 promoted two-family settling and completion-barrier structural proof; retained aggregate destination coverage,EXACT_PRIOR_ROW
CDC-15,Warning,nvp_vclk1->userclk1,Max Delay Datapath Only,G2B_ONECH_C2H/reset_commit_phase_hold_source_reg[1]/C,G2B_ONECH_C2H/last_global_axi_reg[11]/D,STABLE_DATA_WITH_SYNCHRONIZED_QUALIFIER,RESET_RETURN,PASS,Group 13 promoted two-family settling and completion-barrier structural proof; retained aggregate destination coverage,EXACT_PRIOR_ROW
CDC-1,Critical,nvp_vclk1->userclk1,Max Delay Datapath Only,G2B_ONECH_C2H/reset_commit_phase_hold_source_reg[1]/C,G2B_ONECH_C2H/last_global_axi_reg[12]/CE,STABLE_DATA_WITH_SYNCHRONIZED_QUALIFIER,RESET_RETURN,PASS,Group 13 promoted two-family settling and completion-barrier structural proof; retained aggregate destination coverage,EXACT_PRIOR_ROW
CDC-15,Warning,nvp_vclk1->userclk1,Max Delay Datapath Only,G2B_ONECH_C2H/reset_commit_phase_hold_source_reg[1]/C,G2B_ONECH_C2H/last_global_axi_reg[12]/D,STABLE_DATA_WITH_SYNCHRONIZED_QUALIFIER,RESET_RETURN,PASS,Group 13 promoted two-family settling and completion-barrier structural proof; retained aggregate destination coverage,EXACT_PRIOR_ROW
CDC-1,Critical,nvp_vclk1->userclk1,Max Delay Datapath Only,G2B_ONECH_C2H/reset_commit_phase_hold_source_reg[1]/C,G2B_ONECH_C2H/last_global_axi_reg[13]/CE,STABLE_DATA_WITH_SYNCHRONIZED_QUALIFIER,RESET_RETURN,PASS,Group 13 promoted two-family settling and completion-barrier structural proof; retained aggregate destination coverage,EXACT_PRIOR_ROW
CDC-15,Warning,nvp_vclk1->userclk1,Max Delay Datapath Only,G2B_ONECH_C2H/reset_commit_phase_hold_source_reg[1]/C,G2B_ONECH_C2H/last_global_axi_reg[13]/D,STABLE_DATA_WITH_SYNCHRONIZED_QUALIFIER,RESET_RETURN,PASS,Group 13 promoted two-family settling and completion-barrier structural proof; retained aggregate destination coverage,EXACT_PRIOR_ROW
CDC-1,Critical,nvp_vclk1->userclk1,Max Delay Datapath Only,G2B_ONECH_C2H/reset_commit_phase_hold_source_reg[1]/C,G2B_ONECH_C2H/last_global_axi_reg[14]/CE,STABLE_DATA_WITH_SYNCHRONIZED_QUALIFIER,RESET_RETURN,PASS,Group 13 promoted two-family settling and completion-barrier structural proof; retained aggregate destination coverage,EXACT_PRIOR_ROW
CDC-15,Warning,nvp_vclk1->userclk1,Max Delay Datapath Only,G2B_ONECH_C2H/reset_commit_phase_hold_source_reg[1]/C,G2B_ONECH_C2H/last_global_axi_reg[14]/D,STABLE_DATA_WITH_SYNCHRONIZED_QUALIFIER,RESET_RETURN,PASS,Group 13 promoted two-family settling and completion-barrier structural proof; retained aggregate destination coverage,EXACT_PRIOR_ROW
CDC-1,Critical,nvp_vclk1->userclk1,Max Delay Datapath Only,G2B_ONECH_C2H/reset_commit_phase_hold_source_reg[1]/C,G2B_ONECH_C2H/last_global_axi_reg[15]/CE,STABLE_DATA_WITH_SYNCHRONIZED_QUALIFIER,RESET_RETURN,PASS,Group 13 promoted two-family settling and completion-barrier structural proof; retained aggregate destination coverage,EXACT_PRIOR_ROW
CDC-15,Warning,nvp_vclk1->userclk1,Max Delay Datapath Only,G2B_ONECH_C2H/reset_commit_phase_hold_source_reg[1]/C,G2B_ONECH_C2H/last_global_axi_reg[15]/D,STABLE_DATA_WITH_SYNCHRONIZED_QUALIFIER,RESET_RETURN,PASS,Group 13 promoted two-family settling and completion-barrier structural proof; retained aggregate destination coverage,EXACT_PRIOR_ROW
CDC-1,Critical,nvp_vclk1->userclk1,Max Delay Datapath Only,G2B_ONECH_C2H/reset_commit_phase_hold_source_reg[1]/C,G2B_ONECH_C2H/last_global_axi_reg[16]/CE,STABLE_DATA_WITH_SYNCHRONIZED_QUALIFIER,RESET_RETURN,PASS,Group 13 promoted two-family settling and completion-barrier structural proof; retained aggregate destination coverage,EXACT_PRIOR_ROW
CDC-15,Warning,nvp_vclk1->userclk1,Max Delay Datapath Only,G2B_ONECH_C2H/reset_commit_phase_hold_source_reg[1]/C,G2B_ONECH_C2H/last_global_axi_reg[16]/D,STABLE_DATA_WITH_SYNCHRONIZED_QUALIFIER,RESET_RETURN,PASS,Group 13 promoted two-family settling and completion-barrier structural proof; retained aggregate destination coverage,EXACT_PRIOR_ROW
CDC-1,Critical,nvp_vclk1->userclk1,Max Delay Datapath Only,G2B_ONECH_C2H/reset_commit_phase_hold_source_reg[1]/C,G2B_ONECH_C2H/last_global_axi_reg[17]/CE,STABLE_DATA_WITH_SYNCHRONIZED_QUALIFIER,RESET_RETURN,PASS,Group 13 promoted two-family settling and completion-barrier structural proof; retained aggregate destination coverage,EXACT_PRIOR_ROW
CDC-15,Warning,nvp_vclk1->userclk1,Max Delay Datapath Only,G2B_ONECH_C2H/reset_commit_phase_hold_source_reg[1]/C,G2B_ONECH_C2H/last_global_axi_reg[17]/D,STABLE_DATA_WITH_SYNCHRONIZED_QUALIFIER,RESET_RETURN,PASS,Group 13 promoted two-family settling and completion-barrier structural proof; retained aggregate destination coverage,EXACT_PRIOR_ROW
CDC-1,Critical,nvp_vclk1->userclk1,Max Delay Datapath Only,G2B_ONECH_C2H/reset_commit_phase_hold_source_reg[1]/C,G2B_ONECH_C2H/last_global_axi_reg[18]/CE,STABLE_DATA_WITH_SYNCHRONIZED_QUALIFIER,RESET_RETURN,PASS,Group 13 promoted two-family settling and completion-barrier structural proof; retained aggregate destination coverage,EXACT_PRIOR_ROW
CDC-15,Warning,nvp_vclk1->userclk1,Max Delay Datapath Only,G2B_ONECH_C2H/reset_commit_phase_hold_source_reg[1]/C,G2B_ONECH_C2H/last_global_axi_reg[18]/D,STABLE_DATA_WITH_SYNCHRONIZED_QUALIFIER,RESET_RETURN,PASS,Group 13 promoted two-family settling and completion-barrier structural proof; retained aggregate destination coverage,EXACT_PRIOR_ROW
CDC-1,Critical,nvp_vclk1->userclk1,Max Delay Datapath Only,G2B_ONECH_C2H/reset_commit_phase_hold_source_reg[1]/C,G2B_ONECH_C2H/last_global_axi_reg[19]/CE,STABLE_DATA_WITH_SYNCHRONIZED_QUALIFIER,RESET_RETURN,PASS,Group 13 promoted two-family settling and completion-barrier structural proof; retained aggregate destination coverage,EXACT_PRIOR_ROW
CDC-15,Warning,nvp_vclk1->userclk1,Max Delay Datapath Only,G2B_ONECH_C2H/reset_commit_phase_hold_source_reg[1]/C,G2B_ONECH_C2H/last_global_axi_reg[19]/D,STABLE_DATA_WITH_SYNCHRONIZED_QUALIFIER,RESET_RETURN,PASS,Group 13 promoted two-family settling and completion-barrier structural proof; retained aggregate destination coverage,EXACT_PRIOR_ROW
CDC-1,Critical,nvp_vclk1->userclk1,Max Delay Datapath Only,G2B_ONECH_C2H/reset_commit_phase_hold_source_reg[1]/C,G2B_ONECH_C2H/last_global_axi_reg[20]/CE,STABLE_DATA_WITH_SYNCHRONIZED_QUALIFIER,RESET_RETURN,PASS,Group 13 promoted two-family settling and completion-barrier structural proof; retained aggregate destination coverage,EXACT_PRIOR_ROW
CDC-15,Warning,nvp_vclk1->userclk1,Max Delay Datapath Only,G2B_ONECH_C2H/reset_commit_phase_hold_source_reg[1]/C,G2B_ONECH_C2H/last_global_axi_reg[20]/D,STABLE_DATA_WITH_SYNCHRONIZED_QUALIFIER,RESET_RETURN,PASS,Group 13 promoted two-family settling and completion-barrier structural proof; retained aggregate destination coverage,EXACT_PRIOR_ROW
CDC-1,Critical,nvp_vclk1->userclk1,Max Delay Datapath Only,G2B_ONECH_C2H/reset_commit_phase_hold_source_reg[1]/C,G2B_ONECH_C2H/last_global_axi_reg[21]/CE,STABLE_DATA_WITH_SYNCHRONIZED_QUALIFIER,RESET_RETURN,PASS,Group 13 promoted two-family settling and completion-barrier structural proof; retained aggregate destination coverage,EXACT_PRIOR_ROW
CDC-15,Warning,nvp_vclk1->userclk1,Max Delay Datapath Only,G2B_ONECH_C2H/reset_commit_phase_hold_source_reg[1]/C,G2B_ONECH_C2H/last_global_axi_reg[21]/D,STABLE_DATA_WITH_SYNCHRONIZED_QUALIFIER,RESET_RETURN,PASS,Group 13 promoted two-family settling and completion-barrier structural proof; retained aggregate destination coverage,EXACT_PRIOR_ROW
CDC-1,Critical,nvp_vclk1->userclk1,Max Delay Datapath Only,G2B_ONECH_C2H/reset_commit_phase_hold_source_reg[1]/C,G2B_ONECH_C2H/last_global_axi_reg[22]/CE,STABLE_DATA_WITH_SYNCHRONIZED_QUALIFIER,RESET_RETURN,PASS,Group 13 promoted two-family settling and completion-barrier structural proof; retained aggregate destination coverage,EXACT_PRIOR_ROW
CDC-15,Warning,nvp_vclk1->userclk1,Max Delay Datapath Only,G2B_ONECH_C2H/reset_commit_phase_hold_source_reg[1]/C,G2B_ONECH_C2H/last_global_axi_reg[22]/D,STABLE_DATA_WITH_SYNCHRONIZED_QUALIFIER,RESET_RETURN,PASS,Group 13 promoted two-family settling and completion-barrier structural proof; retained aggregate destination coverage,EXACT_PRIOR_ROW
CDC-1,Critical,nvp_vclk1->userclk1,Max Delay Datapath Only,G2B_ONECH_C2H/reset_commit_phase_hold_source_reg[1]/C,G2B_ONECH_C2H/last_global_axi_reg[23]/CE,STABLE_DATA_WITH_SYNCHRONIZED_QUALIFIER,RESET_RETURN,PASS,Group 13 promoted two-family settling and completion-barrier structural proof; retained aggregate destination coverage,EXACT_PRIOR_ROW
CDC-15,Warning,nvp_vclk1->userclk1,Max Delay Datapath Only,G2B_ONECH_C2H/reset_commit_phase_hold_source_reg[1]/C,G2B_ONECH_C2H/last_global_axi_reg[23]/D,STABLE_DATA_WITH_SYNCHRONIZED_QUALIFIER,RESET_RETURN,PASS,Group 13 promoted two-family settling and completion-barrier structural proof; retained aggregate destination coverage,EXACT_PRIOR_ROW
CDC-1,Critical,nvp_vclk1->userclk1,Max Delay Datapath Only,G2B_ONECH_C2H/reset_commit_phase_hold_source_reg[1]/C,G2B_ONECH_C2H/last_global_axi_reg[24]/CE,STABLE_DATA_WITH_SYNCHRONIZED_QUALIFIER,RESET_RETURN,PASS,Group 13 promoted two-family settling and completion-barrier structural proof; retained aggregate destination coverage,EXACT_PRIOR_ROW
CDC-15,Warning,nvp_vclk1->userclk1,Max Delay Datapath Only,G2B_ONECH_C2H/reset_commit_phase_hold_source_reg[1]/C,G2B_ONECH_C2H/last_global_axi_reg[24]/D,STABLE_DATA_WITH_SYNCHRONIZED_QUALIFIER,RESET_RETURN,PASS,Group 13 promoted two-family settling and completion-barrier structural proof; retained aggregate destination coverage,EXACT_PRIOR_ROW
CDC-1,Critical,nvp_vclk1->userclk1,Max Delay Datapath Only,G2B_ONECH_C2H/reset_commit_phase_hold_source_reg[1]/C,G2B_ONECH_C2H/last_global_axi_reg[25]/CE,STABLE_DATA_WITH_SYNCHRONIZED_QUALIFIER,RESET_RETURN,PASS,Group 13 promoted two-family settling and completion-barrier structural proof; retained aggregate destination coverage,EXACT_PRIOR_ROW
CDC-15,Warning,nvp_vclk1->userclk1,Max Delay Datapath Only,G2B_ONECH_C2H/reset_commit_phase_hold_source_reg[1]/C,G2B_ONECH_C2H/last_global_axi_reg[25]/D,STABLE_DATA_WITH_SYNCHRONIZED_QUALIFIER,RESET_RETURN,PASS,Group 13 promoted two-family settling and completion-barrier structural proof; retained aggregate destination coverage,EXACT_PRIOR_ROW
CDC-1,Critical,nvp_vclk1->userclk1,Max Delay Datapath Only,G2B_ONECH_C2H/reset_commit_phase_hold_source_reg[1]/C,G2B_ONECH_C2H/last_global_axi_reg[26]/CE,STABLE_DATA_WITH_SYNCHRONIZED_QUALIFIER,RESET_RETURN,PASS,Group 13 promoted two-family settling and completion-barrier structural proof; retained aggregate destination coverage,EXACT_PRIOR_ROW
CDC-15,Warning,nvp_vclk1->userclk1,Max Delay Datapath Only,G2B_ONECH_C2H/reset_commit_phase_hold_source_reg[1]/C,G2B_ONECH_C2H/last_global_axi_reg[26]/D,STABLE_DATA_WITH_SYNCHRONIZED_QUALIFIER,RESET_RETURN,PASS,Group 13 promoted two-family settling and completion-barrier structural proof; retained aggregate destination coverage,EXACT_PRIOR_ROW
CDC-1,Critical,nvp_vclk1->userclk1,Max Delay Datapath Only,G2B_ONECH_C2H/reset_commit_phase_hold_source_reg[1]/C,G2B_ONECH_C2H/last_global_axi_reg[27]/CE,STABLE_DATA_WITH_SYNCHRONIZED_QUALIFIER,RESET_RETURN,PASS,Group 13 promoted two-family settling and completion-barrier structural proof; retained aggregate destination coverage,EXACT_PRIOR_ROW
CDC-15,Warning,nvp_vclk1->userclk1,Max Delay Datapath Only,G2B_ONECH_C2H/reset_commit_phase_hold_source_reg[1]/C,G2B_ONECH_C2H/last_global_axi_reg[27]/D,STABLE_DATA_WITH_SYNCHRONIZED_QUALIFIER,RESET_RETURN,PASS,Group 13 promoted two-family settling and completion-barrier structural proof; retained aggregate destination coverage,EXACT_PRIOR_ROW
CDC-1,Critical,nvp_vclk1->userclk1,Max Delay Datapath Only,G2B_ONECH_C2H/reset_commit_phase_hold_source_reg[1]/C,G2B_ONECH_C2H/last_global_axi_reg[28]/CE,STABLE_DATA_WITH_SYNCHRONIZED_QUALIFIER,RESET_RETURN,PASS,Group 13 promoted two-family settling and completion-barrier structural proof; retained aggregate destination coverage,EXACT_PRIOR_ROW
CDC-15,Warning,nvp_vclk1->userclk1,Max Delay Datapath Only,G2B_ONECH_C2H/reset_commit_phase_hold_source_reg[1]/C,G2B_ONECH_C2H/last_global_axi_reg[28]/D,STABLE_DATA_WITH_SYNCHRONIZED_QUALIFIER,RESET_RETURN,PASS,Group 13 promoted two-family settling and completion-barrier structural proof; retained aggregate destination coverage,EXACT_PRIOR_ROW
CDC-1,Critical,nvp_vclk1->userclk1,Max Delay Datapath Only,G2B_ONECH_C2H/reset_commit_phase_hold_source_reg[1]/C,G2B_ONECH_C2H/last_global_axi_reg[29]/CE,STABLE_DATA_WITH_SYNCHRONIZED_QUALIFIER,RESET_RETURN,PASS,Group 13 promoted two-family settling and completion-barrier structural proof; retained aggregate destination coverage,EXACT_PRIOR_ROW
CDC-15,Warning,nvp_vclk1->userclk1,Max Delay Datapath Only,G2B_ONECH_C2H/reset_commit_phase_hold_source_reg[1]/C,G2B_ONECH_C2H/last_global_axi_reg[29]/D,STABLE_DATA_WITH_SYNCHRONIZED_QUALIFIER,RESET_RETURN,PASS,Group 13 promoted two-family settling and completion-barrier structural proof; retained aggregate destination coverage,EXACT_PRIOR_ROW
CDC-1,Critical,nvp_vclk1->userclk1,Max Delay Datapath Only,G2B_ONECH_C2H/reset_commit_phase_hold_source_reg[1]/C,G2B_ONECH_C2H/last_global_axi_reg[30]/CE,STABLE_DATA_WITH_SYNCHRONIZED_QUALIFIER,RESET_RETURN,PASS,Group 13 promoted two-family settling and completion-barrier structural proof; retained aggregate destination coverage,EXACT_PRIOR_ROW
CDC-15,Warning,nvp_vclk1->userclk1,Max Delay Datapath Only,G2B_ONECH_C2H/reset_commit_phase_hold_source_reg[1]/C,G2B_ONECH_C2H/last_global_axi_reg[30]/D,STABLE_DATA_WITH_SYNCHRONIZED_QUALIFIER,RESET_RETURN,PASS,Group 13 promoted two-family settling and completion-barrier structural proof; retained aggregate destination coverage,EXACT_PRIOR_ROW
CDC-1,Critical,nvp_vclk1->userclk1,Max Delay Datapath Only,G2B_ONECH_C2H/reset_commit_phase_hold_source_reg[1]/C,G2B_ONECH_C2H/last_global_axi_reg[31]/CE,STABLE_DATA_WITH_SYNCHRONIZED_QUALIFIER,RESET_RETURN,PASS,Group 13 promoted two-family settling and completion-barrier structural proof; retained aggregate destination coverage,EXACT_PRIOR_ROW
CDC-15,Warning,nvp_vclk1->userclk1,Max Delay Datapath Only,G2B_ONECH_C2H/reset_commit_phase_hold_source_reg[1]/C,G2B_ONECH_C2H/last_global_axi_reg[31]/D,STABLE_DATA_WITH_SYNCHRONIZED_QUALIFIER,RESET_RETURN,PASS,Group 13 promoted two-family settling and completion-barrier structural proof; retained aggregate destination coverage,EXACT_PRIOR_ROW
CDC-1,Critical,nvp_vclk1->userclk1,Max Delay Datapath Only,G2B_ONECH_C2H/reset_commit_phase_hold_source_reg[1]/C,G2B_ONECH_C2H/last_global_valid_axi_reg/D,STABLE_DATA_WITH_SYNCHRONIZED_QUALIFIER,RESET_RETURN,PASS,Group 13 promoted two-family settling and completion-barrier structural proof; retained aggregate destination coverage,EXACT_PRIOR_ROW
CDC-3,Info,nvp_vclk1->userclk1,False Path,G2B_ONECH_C2H/source_overflow_event_reg/C,G2B_ONECH_C2H/overflow_sync1_axi_reg/D,INTENTIONAL_TWO_STAGE_SYNCHRONIZER,LEVEL_SYNCHRONIZER,PASS,Exact unchanged report row; ASYNC_REG depth 2. CDC-10 source_ready/fatal level is held through handshake; four exact chain-cell attributes verified in continuation.,EXACT_PRIOR_ROW
CDC-3,Info,nvp_vclk1->userclk1,False Path,G2B_ONECH_C2H/own_ack_toggle_source_reg/C,G2B_ONECH_C2H/own_ack_sync1_axi_reg/D,INTENTIONAL_TWO_STAGE_SYNCHRONIZER,LEVEL_SYNCHRONIZER,PASS,Exact unchanged report row; ASYNC_REG depth 2. CDC-10 source_ready/fatal level is held through handshake; four exact chain-cell attributes verified in continuation.,EXACT_PRIOR_ROW
CDC-3,Info,nvp_vclk1->userclk1,False Path,G2B_ONECH_C2H/source_ownership_fatal_event_reg/C,G2B_ONECH_C2H/ownership_fatal_sync1_axi_reg/D,INTENTIONAL_TWO_STAGE_SYNCHRONIZER,LEVEL_SYNCHRONIZER,PASS,Exact unchanged report row; ASYNC_REG depth 2. CDC-10 source_ready/fatal level is held through handshake; four exact chain-cell attributes verified in continuation.,EXACT_PRIOR_ROW
CDC-1,Critical,nvp_vclk1->userclk1,Max Delay Datapath Only,G2B_ONECH_C2H/reset_commit_phase_hold_source_reg[1]/C,G2B_ONECH_C2H/records_abandoned_axi_reg[0]/CE,STABLE_DATA_WITH_SYNCHRONIZED_QUALIFIER,RESET_RETURN,PASS,Group 13 promoted two-family settling and completion-barrier structural proof; retained aggregate destination coverage,EXACT_PRIOR_ROW
CDC-15,Warning,nvp_vclk1->userclk1,Max Delay Datapath Only,G2B_ONECH_C2H/reset_abandoned_hold_source_reg[0]/C,G2B_ONECH_C2H/records_abandoned_axi_reg[0]/D,STABLE_DATA_WITH_SYNCHRONIZED_QUALIFIER,RESET_RETURN,PASS,Group 13 promoted two-family settling and completion-barrier structural proof; retained aggregate destination coverage,EXACT_PRIOR_ROW
CDC-1,Critical,nvp_vclk1->userclk1,Max Delay Datapath Only,G2B_ONECH_C2H/reset_commit_phase_hold_source_reg[1]/C,G2B_ONECH_C2H/records_abandoned_axi_reg[1]/CE,STABLE_DATA_WITH_SYNCHRONIZED_QUALIFIER,RESET_RETURN,PASS,Group 13 promoted two-family settling and completion-barrier structural proof; retained aggregate destination coverage,EXACT_PRIOR_ROW
CDC-15,Warning,nvp_vclk1->userclk1,Max Delay Datapath Only,G2B_ONECH_C2H/reset_abandoned_hold_source_reg[1]/C,G2B_ONECH_C2H/records_abandoned_axi_reg[1]/D,STABLE_DATA_WITH_SYNCHRONIZED_QUALIFIER,RESET_RETURN,PASS,Group 13 promoted two-family settling and completion-barrier structural proof; retained aggregate destination coverage,REVIEWED_REPRESENTATIVE_CHANGE
CDC-1,Critical,nvp_vclk1->userclk1,Max Delay Datapath Only,G2B_ONECH_C2H/reset_commit_phase_hold_source_reg[1]/C,G2B_ONECH_C2H/records_abandoned_axi_reg[2]/CE,STABLE_DATA_WITH_SYNCHRONIZED_QUALIFIER,RESET_RETURN,PASS,Group 13 promoted two-family settling and completion-barrier structural proof; retained aggregate destination coverage,EXACT_PRIOR_ROW
CDC-15,Warning,nvp_vclk1->userclk1,Max Delay Datapath Only,G2B_ONECH_C2H/reset_abandoned_hold_source_reg[1]/C,G2B_ONECH_C2H/records_abandoned_axi_reg[2]/D,STABLE_DATA_WITH_SYNCHRONIZED_QUALIFIER,RESET_RETURN,PASS,Group 13 promoted two-family settling and completion-barrier structural proof; retained aggregate destination coverage,EXACT_PRIOR_ROW
CDC-1,Critical,nvp_vclk1->userclk1,Max Delay Datapath Only,G2B_ONECH_C2H/reset_commit_phase_hold_source_reg[1]/C,G2B_ONECH_C2H/records_abandoned_axi_reg[3]/CE,STABLE_DATA_WITH_SYNCHRONIZED_QUALIFIER,RESET_RETURN,PASS,Group 13 promoted two-family settling and completion-barrier structural proof; retained aggregate destination coverage,EXACT_PRIOR_ROW
CDC-15,Warning,nvp_vclk1->userclk1,Max Delay Datapath Only,G2B_ONECH_C2H/reset_abandoned_hold_source_reg[2]/C,G2B_ONECH_C2H/records_abandoned_axi_reg[3]/D,STABLE_DATA_WITH_SYNCHRONIZED_QUALIFIER,RESET_RETURN,PASS,Group 13 promoted two-family settling and completion-barrier structural proof; retained aggregate destination coverage,EXACT_PRIOR_ROW
CDC-1,Critical,nvp_vclk1->userclk1,Max Delay Datapath Only,G2B_ONECH_C2H/reset_commit_phase_hold_source_reg[1]/C,G2B_ONECH_C2H/records_abandoned_axi_reg[4]/CE,STABLE_DATA_WITH_SYNCHRONIZED_QUALIFIER,RESET_RETURN,PASS,Group 13 promoted two-family settling and completion-barrier structural proof; retained aggregate destination coverage,EXACT_PRIOR_ROW
CDC-15,Warning,nvp_vclk1->userclk1,Max Delay Datapath Only,G2B_ONECH_C2H/reset_abandoned_hold_source_reg[2]/C,G2B_ONECH_C2H/records_abandoned_axi_reg[4]/D,STABLE_DATA_WITH_SYNCHRONIZED_QUALIFIER,RESET_RETURN,PASS,Group 13 promoted two-family settling and completion-barrier structural proof; retained aggregate destination coverage,EXACT_PRIOR_ROW
CDC-1,Critical,nvp_vclk1->userclk1,Max Delay Datapath Only,G2B_ONECH_C2H/reset_commit_phase_hold_source_reg[1]/C,G2B_ONECH_C2H/records_abandoned_axi_reg[5]/CE,STABLE_DATA_WITH_SYNCHRONIZED_QUALIFIER,RESET_RETURN,PASS,Group 13 promoted two-family settling and completion-barrier structural proof; retained aggregate destination coverage,EXACT_PRIOR_ROW
CDC-15,Warning,nvp_vclk1->userclk1,Max Delay Datapath Only,G2B_ONECH_C2H/reset_abandoned_hold_source_reg[2]/C,G2B_ONECH_C2H/records_abandoned_axi_reg[5]/D,STABLE_DATA_WITH_SYNCHRONIZED_QUALIFIER,RESET_RETURN,PASS,Group 13 promoted two-family settling and completion-barrier structural proof; retained aggregate destination coverage,EXACT_PRIOR_ROW
CDC-1,Critical,nvp_vclk1->userclk1,Max Delay Datapath Only,G2B_ONECH_C2H/reset_commit_phase_hold_source_reg[1]/C,G2B_ONECH_C2H/records_abandoned_axi_reg[6]/CE,STABLE_DATA_WITH_SYNCHRONIZED_QUALIFIER,RESET_RETURN,PASS,Group 13 promoted two-family settling and completion-barrier structural proof; retained aggregate destination coverage,EXACT_PRIOR_ROW
CDC-15,Warning,nvp_vclk1->userclk1,Max Delay Datapath Only,G2B_ONECH_C2H/reset_abandoned_hold_source_reg[2]/C,G2B_ONECH_C2H/records_abandoned_axi_reg[6]/D,STABLE_DATA_WITH_SYNCHRONIZED_QUALIFIER,RESET_RETURN,PASS,Group 13 promoted two-family settling and completion-barrier structural proof; retained aggregate destination coverage,EXACT_PRIOR_ROW
CDC-1,Critical,nvp_vclk1->userclk1,Max Delay Datapath Only,G2B_ONECH_C2H/reset_commit_phase_hold_source_reg[1]/C,G2B_ONECH_C2H/records_abandoned_axi_reg[7]/CE,STABLE_DATA_WITH_SYNCHRONIZED_QUALIFIER,RESET_RETURN,PASS,Group 13 promoted two-family settling and completion-barrier structural proof; retained aggregate destination coverage,EXACT_PRIOR_ROW
CDC-15,Warning,nvp_vclk1->userclk1,Max Delay Datapath Only,G2B_ONECH_C2H/reset_abandoned_hold_source_reg[2]/C,G2B_ONECH_C2H/records_abandoned_axi_reg[7]/D,STABLE_DATA_WITH_SYNCHRONIZED_QUALIFIER,RESET_RETURN,PASS,Group 13 promoted two-family settling and completion-barrier structural proof; retained aggregate destination coverage,EXACT_PRIOR_ROW
CDC-1,Critical,nvp_vclk1->userclk1,Max Delay Datapath Only,G2B_ONECH_C2H/reset_commit_phase_hold_source_reg[1]/C,G2B_ONECH_C2H/records_abandoned_axi_reg[8]/CE,STABLE_DATA_WITH_SYNCHRONIZED_QUALIFIER,RESET_RETURN,PASS,Group 13 promoted two-family settling and completion-barrier structural proof; retained aggregate destination coverage,EXACT_PRIOR_ROW
CDC-15,Warning,nvp_vclk1->userclk1,Max Delay Datapath Only,G2B_ONECH_C2H/reset_abandoned_hold_source_reg[2]/C,G2B_ONECH_C2H/records_abandoned_axi_reg[8]/D,STABLE_DATA_WITH_SYNCHRONIZED_QUALIFIER,RESET_RETURN,PASS,Group 13 promoted two-family settling and completion-barrier structural proof; retained aggregate destination coverage,EXACT_PRIOR_ROW
CDC-1,Critical,nvp_vclk1->userclk1,Max Delay Datapath Only,G2B_ONECH_C2H/reset_commit_phase_hold_source_reg[1]/C,G2B_ONECH_C2H/records_abandoned_axi_reg[9]/CE,STABLE_DATA_WITH_SYNCHRONIZED_QUALIFIER,RESET_RETURN,PASS,Group 13 promoted two-family settling and completion-barrier structural proof; retained aggregate destination coverage,EXACT_PRIOR_ROW
CDC-15,Warning,nvp_vclk1->userclk1,Max Delay Datapath Only,G2B_ONECH_C2H/reset_abandoned_hold_source_reg[2]/C,G2B_ONECH_C2H/records_abandoned_axi_reg[9]/D,STABLE_DATA_WITH_SYNCHRONIZED_QUALIFIER,RESET_RETURN,PASS,Group 13 promoted two-family settling and completion-barrier structural proof; retained aggregate destination coverage,EXACT_PRIOR_ROW
CDC-1,Critical,nvp_vclk1->userclk1,Max Delay Datapath Only,G2B_ONECH_C2H/reset_commit_phase_hold_source_reg[1]/C,G2B_ONECH_C2H/records_abandoned_axi_reg[10]/CE,STABLE_DATA_WITH_SYNCHRONIZED_QUALIFIER,RESET_RETURN,PASS,Group 13 promoted two-family settling and completion-barrier structural proof; retained aggregate destination coverage,EXACT_PRIOR_ROW
CDC-15,Warning,nvp_vclk1->userclk1,Max Delay Datapath Only,G2B_ONECH_C2H/reset_abandoned_hold_source_reg[2]/C,G2B_ONECH_C2H/records_abandoned_axi_reg[10]/D,STABLE_DATA_WITH_SYNCHRONIZED_QUALIFIER,RESET_RETURN,PASS,Group 13 promoted two-family settling and completion-barrier structural proof; retained aggregate destination coverage,EXACT_PRIOR_ROW
CDC-1,Critical,nvp_vclk1->userclk1,Max Delay Datapath Only,G2B_ONECH_C2H/reset_commit_phase_hold_source_reg[1]/C,G2B_ONECH_C2H/records_abandoned_axi_reg[11]/CE,STABLE_DATA_WITH_SYNCHRONIZED_QUALIFIER,RESET_RETURN,PASS,Group 13 promoted two-family settling and completion-barrier structural proof; retained aggregate destination coverage,EXACT_PRIOR_ROW
CDC-15,Warning,nvp_vclk1->userclk1,Max Delay Datapath Only,G2B_ONECH_C2H/reset_abandoned_hold_source_reg[2]/C,G2B_ONECH_C2H/records_abandoned_axi_reg[11]/D,STABLE_DATA_WITH_SYNCHRONIZED_QUALIFIER,RESET_RETURN,PASS,Group 13 promoted two-family settling and completion-barrier structural proof; retained aggregate destination coverage,EXACT_PRIOR_ROW
CDC-1,Critical,nvp_vclk1->userclk1,Max Delay Datapath Only,G2B_ONECH_C2H/reset_commit_phase_hold_source_reg[1]/C,G2B_ONECH_C2H/records_abandoned_axi_reg[12]/CE,STABLE_DATA_WITH_SYNCHRONIZED_QUALIFIER,RESET_RETURN,PASS,Group 13 promoted two-family settling and completion-barrier structural proof; retained aggregate destination coverage,EXACT_PRIOR_ROW
CDC-15,Warning,nvp_vclk1->userclk1,Max Delay Datapath Only,G2B_ONECH_C2H/reset_abandoned_hold_source_reg[2]/C,G2B_ONECH_C2H/records_abandoned_axi_reg[12]/D,STABLE_DATA_WITH_SYNCHRONIZED_QUALIFIER,RESET_RETURN,PASS,Group 13 promoted two-family settling and completion-barrier structural proof; retained aggregate destination coverage,EXACT_PRIOR_ROW
CDC-1,Critical,nvp_vclk1->userclk1,Max Delay Datapath Only,G2B_ONECH_C2H/reset_commit_phase_hold_source_reg[1]/C,G2B_ONECH_C2H/records_abandoned_axi_reg[13]/CE,STABLE_DATA_WITH_SYNCHRONIZED_QUALIFIER,RESET_RETURN,PASS,Group 13 promoted two-family settling and completion-barrier structural proof; retained aggregate destination coverage,EXACT_PRIOR_ROW
CDC-15,Warning,nvp_vclk1->userclk1,Max Delay Datapath Only,G2B_ONECH_C2H/reset_abandoned_hold_source_reg[2]/C,G2B_ONECH_C2H/records_abandoned_axi_reg[13]/D,STABLE_DATA_WITH_SYNCHRONIZED_QUALIFIER,RESET_RETURN,PASS,Group 13 promoted two-family settling and completion-barrier structural proof; retained aggregate destination coverage,EXACT_PRIOR_ROW
CDC-1,Critical,nvp_vclk1->userclk1,Max Delay Datapath Only,G2B_ONECH_C2H/reset_commit_phase_hold_source_reg[1]/C,G2B_ONECH_C2H/records_abandoned_axi_reg[14]/CE,STABLE_DATA_WITH_SYNCHRONIZED_QUALIFIER,RESET_RETURN,PASS,Group 13 promoted two-family settling and completion-barrier structural proof; retained aggregate destination coverage,EXACT_PRIOR_ROW
CDC-15,Warning,nvp_vclk1->userclk1,Max Delay Datapath Only,G2B_ONECH_C2H/reset_abandoned_hold_source_reg[2]/C,G2B_ONECH_C2H/records_abandoned_axi_reg[14]/D,STABLE_DATA_WITH_SYNCHRONIZED_QUALIFIER,RESET_RETURN,PASS,Group 13 promoted two-family settling and completion-barrier structural proof; retained aggregate destination coverage,EXACT_PRIOR_ROW
CDC-1,Critical,nvp_vclk1->userclk1,Max Delay Datapath Only,G2B_ONECH_C2H/reset_commit_phase_hold_source_reg[1]/C,G2B_ONECH_C2H/records_abandoned_axi_reg[15]/CE,STABLE_DATA_WITH_SYNCHRONIZED_QUALIFIER,RESET_RETURN,PASS,Group 13 promoted two-family settling and completion-barrier structural proof; retained aggregate destination coverage,EXACT_PRIOR_ROW
CDC-15,Warning,nvp_vclk1->userclk1,Max Delay Datapath Only,G2B_ONECH_C2H/reset_abandoned_hold_source_reg[2]/C,G2B_ONECH_C2H/records_abandoned_axi_reg[15]/D,STABLE_DATA_WITH_SYNCHRONIZED_QUALIFIER,RESET_RETURN,PASS,Group 13 promoted two-family settling and completion-barrier structural proof; retained aggregate destination coverage,EXACT_PRIOR_ROW
CDC-1,Critical,nvp_vclk1->userclk1,Max Delay Datapath Only,G2B_ONECH_C2H/reset_commit_phase_hold_source_reg[1]/C,G2B_ONECH_C2H/records_abandoned_axi_reg[16]/CE,STABLE_DATA_WITH_SYNCHRONIZED_QUALIFIER,RESET_RETURN,PASS,Group 13 promoted two-family settling and completion-barrier structural proof; retained aggregate destination coverage,EXACT_PRIOR_ROW
CDC-15,Warning,nvp_vclk1->userclk1,Max Delay Datapath Only,G2B_ONECH_C2H/reset_abandoned_hold_source_reg[2]/C,G2B_ONECH_C2H/records_abandoned_axi_reg[16]/D,STABLE_DATA_WITH_SYNCHRONIZED_QUALIFIER,RESET_RETURN,PASS,Group 13 promoted two-family settling and completion-barrier structural proof; retained aggregate destination coverage,EXACT_PRIOR_ROW
CDC-1,Critical,nvp_vclk1->userclk1,Max Delay Datapath Only,G2B_ONECH_C2H/reset_commit_phase_hold_source_reg[1]/C,G2B_ONECH_C2H/records_abandoned_axi_reg[17]/CE,STABLE_DATA_WITH_SYNCHRONIZED_QUALIFIER,RESET_RETURN,PASS,Group 13 promoted two-family settling and completion-barrier structural proof; retained aggregate destination coverage,EXACT_PRIOR_ROW
CDC-15,Warning,nvp_vclk1->userclk1,Max Delay Datapath Only,G2B_ONECH_C2H/reset_abandoned_hold_source_reg[2]/C,G2B_ONECH_C2H/records_abandoned_axi_reg[17]/D,STABLE_DATA_WITH_SYNCHRONIZED_QUALIFIER,RESET_RETURN,PASS,Group 13 promoted two-family settling and completion-barrier structural proof; retained aggregate destination coverage,EXACT_PRIOR_ROW
CDC-1,Critical,nvp_vclk1->userclk1,Max Delay Datapath Only,G2B_ONECH_C2H/reset_commit_phase_hold_source_reg[1]/C,G2B_ONECH_C2H/records_abandoned_axi_reg[18]/CE,STABLE_DATA_WITH_SYNCHRONIZED_QUALIFIER,RESET_RETURN,PASS,Group 13 promoted two-family settling and completion-barrier structural proof; retained aggregate destination coverage,EXACT_PRIOR_ROW
CDC-15,Warning,nvp_vclk1->userclk1,Max Delay Datapath Only,G2B_ONECH_C2H/reset_abandoned_hold_source_reg[2]/C,G2B_ONECH_C2H/records_abandoned_axi_reg[18]/D,STABLE_DATA_WITH_SYNCHRONIZED_QUALIFIER,RESET_RETURN,PASS,Group 13 promoted two-family settling and completion-barrier structural proof; retained aggregate destination coverage,EXACT_PRIOR_ROW
CDC-1,Critical,nvp_vclk1->userclk1,Max Delay Datapath Only,G2B_ONECH_C2H/reset_commit_phase_hold_source_reg[1]/C,G2B_ONECH_C2H/records_abandoned_axi_reg[19]/CE,STABLE_DATA_WITH_SYNCHRONIZED_QUALIFIER,RESET_RETURN,PASS,Group 13 promoted two-family settling and completion-barrier structural proof; retained aggregate destination coverage,EXACT_PRIOR_ROW
CDC-15,Warning,nvp_vclk1->userclk1,Max Delay Datapath Only,G2B_ONECH_C2H/reset_abandoned_hold_source_reg[2]/C,G2B_ONECH_C2H/records_abandoned_axi_reg[19]/D,STABLE_DATA_WITH_SYNCHRONIZED_QUALIFIER,RESET_RETURN,PASS,Group 13 promoted two-family settling and completion-barrier structural proof; retained aggregate destination coverage,EXACT_PRIOR_ROW
CDC-1,Critical,nvp_vclk1->userclk1,Max Delay Datapath Only,G2B_ONECH_C2H/reset_commit_phase_hold_source_reg[1]/C,G2B_ONECH_C2H/records_abandoned_axi_reg[20]/CE,STABLE_DATA_WITH_SYNCHRONIZED_QUALIFIER,RESET_RETURN,PASS,Group 13 promoted two-family settling and completion-barrier structural proof; retained aggregate destination coverage,EXACT_PRIOR_ROW
CDC-15,Warning,nvp_vclk1->userclk1,Max Delay Datapath Only,G2B_ONECH_C2H/reset_abandoned_hold_source_reg[2]/C,G2B_ONECH_C2H/records_abandoned_axi_reg[20]/D,STABLE_DATA_WITH_SYNCHRONIZED_QUALIFIER,RESET_RETURN,PASS,Group 13 promoted two-family settling and completion-barrier structural proof; retained aggregate destination coverage,EXACT_PRIOR_ROW
CDC-1,Critical,nvp_vclk1->userclk1,Max Delay Datapath Only,G2B_ONECH_C2H/reset_commit_phase_hold_source_reg[1]/C,G2B_ONECH_C2H/records_abandoned_axi_reg[21]/CE,STABLE_DATA_WITH_SYNCHRONIZED_QUALIFIER,RESET_RETURN,PASS,Group 13 promoted two-family settling and completion-barrier structural proof; retained aggregate destination coverage,EXACT_PRIOR_ROW
CDC-15,Warning,nvp_vclk1->userclk1,Max Delay Datapath Only,G2B_ONECH_C2H/reset_abandoned_hold_source_reg[2]/C,G2B_ONECH_C2H/records_abandoned_axi_reg[21]/D,STABLE_DATA_WITH_SYNCHRONIZED_QUALIFIER,RESET_RETURN,PASS,Group 13 promoted two-family settling and completion-barrier structural proof; retained aggregate destination coverage,EXACT_PRIOR_ROW
CDC-1,Critical,nvp_vclk1->userclk1,Max Delay Datapath Only,G2B_ONECH_C2H/reset_commit_phase_hold_source_reg[1]/C,G2B_ONECH_C2H/records_abandoned_axi_reg[22]/CE,STABLE_DATA_WITH_SYNCHRONIZED_QUALIFIER,RESET_RETURN,PASS,Group 13 promoted two-family settling and completion-barrier structural proof; retained aggregate destination coverage,EXACT_PRIOR_ROW
CDC-15,Warning,nvp_vclk1->userclk1,Max Delay Datapath Only,G2B_ONECH_C2H/reset_abandoned_hold_source_reg[2]/C,G2B_ONECH_C2H/records_abandoned_axi_reg[22]/D,STABLE_DATA_WITH_SYNCHRONIZED_QUALIFIER,RESET_RETURN,PASS,Group 13 promoted two-family settling and completion-barrier structural proof; retained aggregate destination coverage,EXACT_PRIOR_ROW
CDC-1,Critical,nvp_vclk1->userclk1,Max Delay Datapath Only,G2B_ONECH_C2H/reset_commit_phase_hold_source_reg[1]/C,G2B_ONECH_C2H/records_abandoned_axi_reg[23]/CE,STABLE_DATA_WITH_SYNCHRONIZED_QUALIFIER,RESET_RETURN,PASS,Group 13 promoted two-family settling and completion-barrier structural proof; retained aggregate destination coverage,EXACT_PRIOR_ROW
CDC-15,Warning,nvp_vclk1->userclk1,Max Delay Datapath Only,G2B_ONECH_C2H/reset_abandoned_hold_source_reg[2]/C,G2B_ONECH_C2H/records_abandoned_axi_reg[23]/D,STABLE_DATA_WITH_SYNCHRONIZED_QUALIFIER,RESET_RETURN,PASS,Group 13 promoted two-family settling and completion-barrier structural proof; retained aggregate destination coverage,EXACT_PRIOR_ROW
CDC-1,Critical,nvp_vclk1->userclk1,Max Delay Datapath Only,G2B_ONECH_C2H/reset_commit_phase_hold_source_reg[1]/C,G2B_ONECH_C2H/records_abandoned_axi_reg[24]/CE,STABLE_DATA_WITH_SYNCHRONIZED_QUALIFIER,RESET_RETURN,PASS,Group 13 promoted two-family settling and completion-barrier structural proof; retained aggregate destination coverage,EXACT_PRIOR_ROW
CDC-15,Warning,nvp_vclk1->userclk1,Max Delay Datapath Only,G2B_ONECH_C2H/reset_abandoned_hold_source_reg[2]/C,G2B_ONECH_C2H/records_abandoned_axi_reg[24]/D,STABLE_DATA_WITH_SYNCHRONIZED_QUALIFIER,RESET_RETURN,PASS,Group 13 promoted two-family settling and completion-barrier structural proof; retained aggregate destination coverage,EXACT_PRIOR_ROW
CDC-1,Critical,nvp_vclk1->userclk1,Max Delay Datapath Only,G2B_ONECH_C2H/reset_commit_phase_hold_source_reg[1]/C,G2B_ONECH_C2H/records_abandoned_axi_reg[25]/CE,STABLE_DATA_WITH_SYNCHRONIZED_QUALIFIER,RESET_RETURN,PASS,Group 13 promoted two-family settling and completion-barrier structural proof; retained aggregate destination coverage,EXACT_PRIOR_ROW
CDC-15,Warning,nvp_vclk1->userclk1,Max Delay Datapath Only,G2B_ONECH_C2H/reset_abandoned_hold_source_reg[2]/C,G2B_ONECH_C2H/records_abandoned_axi_reg[25]/D,STABLE_DATA_WITH_SYNCHRONIZED_QUALIFIER,RESET_RETURN,PASS,Group 13 promoted two-family settling and completion-barrier structural proof; retained aggregate destination coverage,EXACT_PRIOR_ROW
CDC-1,Critical,nvp_vclk1->userclk1,Max Delay Datapath Only,G2B_ONECH_C2H/reset_commit_phase_hold_source_reg[1]/C,G2B_ONECH_C2H/records_abandoned_axi_reg[26]/CE,STABLE_DATA_WITH_SYNCHRONIZED_QUALIFIER,RESET_RETURN,PASS,Group 13 promoted two-family settling and completion-barrier structural proof; retained aggregate destination coverage,EXACT_PRIOR_ROW
CDC-15,Warning,nvp_vclk1->userclk1,Max Delay Datapath Only,G2B_ONECH_C2H/reset_abandoned_hold_source_reg[2]/C,G2B_ONECH_C2H/records_abandoned_axi_reg[26]/D,STABLE_DATA_WITH_SYNCHRONIZED_QUALIFIER,RESET_RETURN,PASS,Group 13 promoted two-family settling and completion-barrier structural proof; retained aggregate destination coverage,EXACT_PRIOR_ROW
CDC-1,Critical,nvp_vclk1->userclk1,Max Delay Datapath Only,G2B_ONECH_C2H/reset_commit_phase_hold_source_reg[1]/C,G2B_ONECH_C2H/records_abandoned_axi_reg[27]/CE,STABLE_DATA_WITH_SYNCHRONIZED_QUALIFIER,RESET_RETURN,PASS,Group 13 promoted two-family settling and completion-barrier structural proof; retained aggregate destination coverage,EXACT_PRIOR_ROW
CDC-15,Warning,nvp_vclk1->userclk1,Max Delay Datapath Only,G2B_ONECH_C2H/reset_abandoned_hold_source_reg[2]/C,G2B_ONECH_C2H/records_abandoned_axi_reg[27]/D,STABLE_DATA_WITH_SYNCHRONIZED_QUALIFIER,RESET_RETURN,PASS,Group 13 promoted two-family settling and completion-barrier structural proof; retained aggregate destination coverage,EXACT_PRIOR_ROW
CDC-1,Critical,nvp_vclk1->userclk1,Max Delay Datapath Only,G2B_ONECH_C2H/reset_commit_phase_hold_source_reg[1]/C,G2B_ONECH_C2H/records_abandoned_axi_reg[28]/CE,STABLE_DATA_WITH_SYNCHRONIZED_QUALIFIER,RESET_RETURN,PASS,Group 13 promoted two-family settling and completion-barrier structural proof; retained aggregate destination coverage,EXACT_PRIOR_ROW
CDC-15,Warning,nvp_vclk1->userclk1,Max Delay Datapath Only,G2B_ONECH_C2H/reset_abandoned_hold_source_reg[2]/C,G2B_ONECH_C2H/records_abandoned_axi_reg[28]/D,STABLE_DATA_WITH_SYNCHRONIZED_QUALIFIER,RESET_RETURN,PASS,Group 13 promoted two-family settling and completion-barrier structural proof; retained aggregate destination coverage,EXACT_PRIOR_ROW
CDC-1,Critical,nvp_vclk1->userclk1,Max Delay Datapath Only,G2B_ONECH_C2H/reset_commit_phase_hold_source_reg[1]/C,G2B_ONECH_C2H/records_abandoned_axi_reg[29]/CE,STABLE_DATA_WITH_SYNCHRONIZED_QUALIFIER,RESET_RETURN,PASS,Group 13 promoted two-family settling and completion-barrier structural proof; retained aggregate destination coverage,EXACT_PRIOR_ROW
CDC-15,Warning,nvp_vclk1->userclk1,Max Delay Datapath Only,G2B_ONECH_C2H/reset_abandoned_hold_source_reg[2]/C,G2B_ONECH_C2H/records_abandoned_axi_reg[29]/D,STABLE_DATA_WITH_SYNCHRONIZED_QUALIFIER,RESET_RETURN,PASS,Group 13 promoted two-family settling and completion-barrier structural proof; retained aggregate destination coverage,EXACT_PRIOR_ROW
CDC-1,Critical,nvp_vclk1->userclk1,Max Delay Datapath Only,G2B_ONECH_C2H/reset_commit_phase_hold_source_reg[1]/C,G2B_ONECH_C2H/records_abandoned_axi_reg[30]/CE,STABLE_DATA_WITH_SYNCHRONIZED_QUALIFIER,RESET_RETURN,PASS,Group 13 promoted two-family settling and completion-barrier structural proof; retained aggregate destination coverage,EXACT_PRIOR_ROW
CDC-15,Warning,nvp_vclk1->userclk1,Max Delay Datapath Only,G2B_ONECH_C2H/reset_abandoned_hold_source_reg[2]/C,G2B_ONECH_C2H/records_abandoned_axi_reg[30]/D,STABLE_DATA_WITH_SYNCHRONIZED_QUALIFIER,RESET_RETURN,PASS,Group 13 promoted two-family settling and completion-barrier structural proof; retained aggregate destination coverage,EXACT_PRIOR_ROW
CDC-1,Critical,nvp_vclk1->userclk1,Max Delay Datapath Only,G2B_ONECH_C2H/reset_commit_phase_hold_source_reg[1]/C,G2B_ONECH_C2H/records_abandoned_axi_reg[31]/CE,STABLE_DATA_WITH_SYNCHRONIZED_QUALIFIER,RESET_RETURN,PASS,Group 13 promoted two-family settling and completion-barrier structural proof; retained aggregate destination coverage,EXACT_PRIOR_ROW
CDC-15,Warning,nvp_vclk1->userclk1,Max Delay Datapath Only,G2B_ONECH_C2H/reset_abandoned_hold_source_reg[2]/C,G2B_ONECH_C2H/records_abandoned_axi_reg[31]/D,STABLE_DATA_WITH_SYNCHRONIZED_QUALIFIER,RESET_RETURN,PASS,Group 13 promoted two-family settling and completion-barrier structural proof; retained aggregate destination coverage,EXACT_PRIOR_ROW
CDC-1,Critical,nvp_vclk1->userclk1,Max Delay Datapath Only,G2B_ONECH_C2H/reset_commit_phase_hold_source_reg[1]/C,G2B_ONECH_C2H/reset_epoch_axi_reg[0]/CE,STABLE_DATA_WITH_SYNCHRONIZED_QUALIFIER,RESET_RETURN,PASS,Group 13 promoted two-family settling and completion-barrier structural proof; retained aggregate destination coverage,EXACT_PRIOR_ROW
CDC-1,Critical,nvp_vclk1->userclk1,Max Delay Datapath Only,G2B_ONECH_C2H/reset_commit_phase_hold_source_reg[1]/C,G2B_ONECH_C2H/reset_epoch_axi_reg[1]/CE,STABLE_DATA_WITH_SYNCHRONIZED_QUALIFIER,RESET_RETURN,PASS,Group 13 promoted two-family settling and completion-barrier structural proof; retained aggregate destination coverage,EXACT_PRIOR_ROW
CDC-1,Critical,nvp_vclk1->userclk1,Max Delay Datapath Only,G2B_ONECH_C2H/reset_commit_phase_hold_source_reg[1]/C,G2B_ONECH_C2H/reset_epoch_axi_reg[2]/CE,STABLE_DATA_WITH_SYNCHRONIZED_QUALIFIER,RESET_RETURN,PASS,Group 13 promoted two-family settling and completion-barrier structural proof; retained aggregate destination coverage,EXACT_PRIOR_ROW
CDC-1,Critical,nvp_vclk1->userclk1,Max Delay Datapath Only,G2B_ONECH_C2H/reset_commit_phase_hold_source_reg[1]/C,G2B_ONECH_C2H/reset_epoch_axi_reg[3]/CE,STABLE_DATA_WITH_SYNCHRONIZED_QUALIFIER,RESET_RETURN,PASS,Group 13 promoted two-family settling and completion-barrier structural proof; retained aggregate destination coverage,EXACT_PRIOR_ROW
CDC-1,Critical,nvp_vclk1->userclk1,Max Delay Datapath Only,G2B_ONECH_C2H/reset_commit_phase_hold_source_reg[1]/C,G2B_ONECH_C2H/reset_epoch_axi_reg[4]/CE,STABLE_DATA_WITH_SYNCHRONIZED_QUALIFIER,RESET_RETURN,PASS,Group 13 promoted two-family settling and completion-barrier structural proof; retained aggregate destination coverage,EXACT_PRIOR_ROW
CDC-1,Critical,nvp_vclk1->userclk1,Max Delay Datapath Only,G2B_ONECH_C2H/reset_commit_phase_hold_source_reg[1]/C,G2B_ONECH_C2H/reset_epoch_axi_reg[5]/CE,STABLE_DATA_WITH_SYNCHRONIZED_QUALIFIER,RESET_RETURN,PASS,Group 13 promoted two-family settling and completion-barrier structural proof; retained aggregate destination coverage,EXACT_PRIOR_ROW
CDC-1,Critical,nvp_vclk1->userclk1,Max Delay Datapath Only,G2B_ONECH_C2H/reset_commit_phase_hold_source_reg[1]/C,G2B_ONECH_C2H/reset_epoch_axi_reg[6]/CE,STABLE_DATA_WITH_SYNCHRONIZED_QUALIFIER,RESET_RETURN,PASS,Group 13 promoted two-family settling and completion-barrier structural proof; retained aggregate destination coverage,EXACT_PRIOR_ROW
CDC-1,Critical,nvp_vclk1->userclk1,Max Delay Datapath Only,G2B_ONECH_C2H/reset_commit_phase_hold_source_reg[1]/C,G2B_ONECH_C2H/reset_epoch_axi_reg[7]/CE,STABLE_DATA_WITH_SYNCHRONIZED_QUALIFIER,RESET_RETURN,PASS,Group 13 promoted two-family settling and completion-barrier structural proof; retained aggregate destination coverage,EXACT_PRIOR_ROW
CDC-1,Critical,nvp_vclk1->userclk1,Max Delay Datapath Only,G2B_ONECH_C2H/reset_commit_phase_hold_source_reg[1]/C,G2B_ONECH_C2H/reset_epoch_axi_reg[8]/CE,STABLE_DATA_WITH_SYNCHRONIZED_QUALIFIER,RESET_RETURN,PASS,Group 13 promoted two-family settling and completion-barrier structural proof; retained aggregate destination coverage,EXACT_PRIOR_ROW
CDC-1,Critical,nvp_vclk1->userclk1,Max Delay Datapath Only,G2B_ONECH_C2H/reset_commit_phase_hold_source_reg[1]/C,G2B_ONECH_C2H/reset_epoch_axi_reg[9]/CE,STABLE_DATA_WITH_SYNCHRONIZED_QUALIFIER,RESET_RETURN,PASS,Group 13 promoted two-family settling and completion-barrier structural proof; retained aggregate destination coverage,EXACT_PRIOR_ROW
CDC-1,Critical,nvp_vclk1->userclk1,Max Delay Datapath Only,G2B_ONECH_C2H/reset_commit_phase_hold_source_reg[1]/C,G2B_ONECH_C2H/reset_epoch_axi_reg[10]/CE,STABLE_DATA_WITH_SYNCHRONIZED_QUALIFIER,RESET_RETURN,PASS,Group 13 promoted two-family settling and completion-barrier structural proof; retained aggregate destination coverage,EXACT_PRIOR_ROW
CDC-1,Critical,nvp_vclk1->userclk1,Max Delay Datapath Only,G2B_ONECH_C2H/reset_commit_phase_hold_source_reg[1]/C,G2B_ONECH_C2H/reset_epoch_axi_reg[11]/CE,STABLE_DATA_WITH_SYNCHRONIZED_QUALIFIER,RESET_RETURN,PASS,Group 13 promoted two-family settling and completion-barrier structural proof; retained aggregate destination coverage,EXACT_PRIOR_ROW
CDC-1,Critical,nvp_vclk1->userclk1,Max Delay Datapath Only,G2B_ONECH_C2H/reset_commit_phase_hold_source_reg[1]/C,G2B_ONECH_C2H/reset_epoch_axi_reg[12]/CE,STABLE_DATA_WITH_SYNCHRONIZED_QUALIFIER,RESET_RETURN,PASS,Group 13 promoted two-family settling and completion-barrier structural proof; retained aggregate destination coverage,EXACT_PRIOR_ROW
CDC-1,Critical,nvp_vclk1->userclk1,Max Delay Datapath Only,G2B_ONECH_C2H/reset_commit_phase_hold_source_reg[1]/C,G2B_ONECH_C2H/reset_epoch_axi_reg[13]/CE,STABLE_DATA_WITH_SYNCHRONIZED_QUALIFIER,RESET_RETURN,PASS,Group 13 promoted two-family settling and completion-barrier structural proof; retained aggregate destination coverage,EXACT_PRIOR_ROW
CDC-1,Critical,nvp_vclk1->userclk1,Max Delay Datapath Only,G2B_ONECH_C2H/reset_commit_phase_hold_source_reg[1]/C,G2B_ONECH_C2H/reset_epoch_axi_reg[14]/CE,STABLE_DATA_WITH_SYNCHRONIZED_QUALIFIER,RESET_RETURN,PASS,Group 13 promoted two-family settling and completion-barrier structural proof; retained aggregate destination coverage,EXACT_PRIOR_ROW
CDC-1,Critical,nvp_vclk1->userclk1,Max Delay Datapath Only,G2B_ONECH_C2H/reset_commit_phase_hold_source_reg[1]/C,G2B_ONECH_C2H/reset_epoch_axi_reg[15]/CE,STABLE_DATA_WITH_SYNCHRONIZED_QUALIFIER,RESET_RETURN,PASS,Group 13 promoted two-family settling and completion-barrier structural proof; retained aggregate destination coverage,EXACT_PRIOR_ROW
CDC-1,Critical,nvp_vclk1->userclk1,Max Delay Datapath Only,G2B_ONECH_C2H/reset_commit_phase_hold_source_reg[1]/C,G2B_ONECH_C2H/reset_epoch_axi_reg[16]/CE,STABLE_DATA_WITH_SYNCHRONIZED_QUALIFIER,RESET_RETURN,PASS,Group 13 promoted two-family settling and completion-barrier structural proof; retained aggregate destination coverage,EXACT_PRIOR_ROW
CDC-1,Critical,nvp_vclk1->userclk1,Max Delay Datapath Only,G2B_ONECH_C2H/reset_commit_phase_hold_source_reg[1]/C,G2B_ONECH_C2H/reset_epoch_axi_reg[17]/CE,STABLE_DATA_WITH_SYNCHRONIZED_QUALIFIER,RESET_RETURN,PASS,Group 13 promoted two-family settling and completion-barrier structural proof; retained aggregate destination coverage,EXACT_PRIOR_ROW
CDC-1,Critical,nvp_vclk1->userclk1,Max Delay Datapath Only,G2B_ONECH_C2H/reset_commit_phase_hold_source_reg[1]/C,G2B_ONECH_C2H/reset_epoch_axi_reg[18]/CE,STABLE_DATA_WITH_SYNCHRONIZED_QUALIFIER,RESET_RETURN,PASS,Group 13 promoted two-family settling and completion-barrier structural proof; retained aggregate destination coverage,EXACT_PRIOR_ROW
CDC-1,Critical,nvp_vclk1->userclk1,Max Delay Datapath Only,G2B_ONECH_C2H/reset_commit_phase_hold_source_reg[1]/C,G2B_ONECH_C2H/reset_epoch_axi_reg[19]/CE,STABLE_DATA_WITH_SYNCHRONIZED_QUALIFIER,RESET_RETURN,PASS,Group 13 promoted two-family settling and completion-barrier structural proof; retained aggregate destination coverage,EXACT_PRIOR_ROW
CDC-1,Critical,nvp_vclk1->userclk1,Max Delay Datapath Only,G2B_ONECH_C2H/reset_commit_phase_hold_source_reg[1]/C,G2B_ONECH_C2H/reset_epoch_axi_reg[20]/CE,STABLE_DATA_WITH_SYNCHRONIZED_QUALIFIER,RESET_RETURN,PASS,Group 13 promoted two-family settling and completion-barrier structural proof; retained aggregate destination coverage,EXACT_PRIOR_ROW
CDC-1,Critical,nvp_vclk1->userclk1,Max Delay Datapath Only,G2B_ONECH_C2H/reset_commit_phase_hold_source_reg[1]/C,G2B_ONECH_C2H/reset_epoch_axi_reg[21]/CE,STABLE_DATA_WITH_SYNCHRONIZED_QUALIFIER,RESET_RETURN,PASS,Group 13 promoted two-family settling and completion-barrier structural proof; retained aggregate destination coverage,EXACT_PRIOR_ROW
CDC-1,Critical,nvp_vclk1->userclk1,Max Delay Datapath Only,G2B_ONECH_C2H/reset_commit_phase_hold_source_reg[1]/C,G2B_ONECH_C2H/reset_epoch_axi_reg[22]/CE,STABLE_DATA_WITH_SYNCHRONIZED_QUALIFIER,RESET_RETURN,PASS,Group 13 promoted two-family settling and completion-barrier structural proof; retained aggregate destination coverage,EXACT_PRIOR_ROW
CDC-1,Critical,nvp_vclk1->userclk1,Max Delay Datapath Only,G2B_ONECH_C2H/reset_commit_phase_hold_source_reg[1]/C,G2B_ONECH_C2H/reset_epoch_axi_reg[23]/CE,STABLE_DATA_WITH_SYNCHRONIZED_QUALIFIER,RESET_RETURN,PASS,Group 13 promoted two-family settling and completion-barrier structural proof; retained aggregate destination coverage,EXACT_PRIOR_ROW
CDC-1,Critical,nvp_vclk1->userclk1,Max Delay Datapath Only,G2B_ONECH_C2H/reset_commit_phase_hold_source_reg[1]/C,G2B_ONECH_C2H/reset_epoch_axi_reg[24]/CE,STABLE_DATA_WITH_SYNCHRONIZED_QUALIFIER,RESET_RETURN,PASS,Group 13 promoted two-family settling and completion-barrier structural proof; retained aggregate destination coverage,EXACT_PRIOR_ROW
CDC-1,Critical,nvp_vclk1->userclk1,Max Delay Datapath Only,G2B_ONECH_C2H/reset_commit_phase_hold_source_reg[1]/C,G2B_ONECH_C2H/reset_epoch_axi_reg[25]/CE,STABLE_DATA_WITH_SYNCHRONIZED_QUALIFIER,RESET_RETURN,PASS,Group 13 promoted two-family settling and completion-barrier structural proof; retained aggregate destination coverage,EXACT_PRIOR_ROW
CDC-1,Critical,nvp_vclk1->userclk1,Max Delay Datapath Only,G2B_ONECH_C2H/reset_commit_phase_hold_source_reg[1]/C,G2B_ONECH_C2H/reset_epoch_axi_reg[26]/CE,STABLE_DATA_WITH_SYNCHRONIZED_QUALIFIER,RESET_RETURN,PASS,Group 13 promoted two-family settling and completion-barrier structural proof; retained aggregate destination coverage,EXACT_PRIOR_ROW
CDC-1,Critical,nvp_vclk1->userclk1,Max Delay Datapath Only,G2B_ONECH_C2H/reset_commit_phase_hold_source_reg[1]/C,G2B_ONECH_C2H/reset_epoch_axi_reg[27]/CE,STABLE_DATA_WITH_SYNCHRONIZED_QUALIFIER,RESET_RETURN,PASS,Group 13 promoted two-family settling and completion-barrier structural proof; retained aggregate destination coverage,EXACT_PRIOR_ROW
CDC-1,Critical,nvp_vclk1->userclk1,Max Delay Datapath Only,G2B_ONECH_C2H/reset_commit_phase_hold_source_reg[1]/C,G2B_ONECH_C2H/reset_epoch_axi_reg[28]/CE,STABLE_DATA_WITH_SYNCHRONIZED_QUALIFIER,RESET_RETURN,PASS,Group 13 promoted two-family settling and completion-barrier structural proof; retained aggregate destination coverage,EXACT_PRIOR_ROW
CDC-1,Critical,nvp_vclk1->userclk1,Max Delay Datapath Only,G2B_ONECH_C2H/reset_commit_phase_hold_source_reg[1]/C,G2B_ONECH_C2H/reset_epoch_axi_reg[29]/CE,STABLE_DATA_WITH_SYNCHRONIZED_QUALIFIER,RESET_RETURN,PASS,Group 13 promoted two-family settling and completion-barrier structural proof; retained aggregate destination coverage,EXACT_PRIOR_ROW
CDC-1,Critical,nvp_vclk1->userclk1,Max Delay Datapath Only,G2B_ONECH_C2H/reset_commit_phase_hold_source_reg[1]/C,G2B_ONECH_C2H/reset_epoch_axi_reg[30]/CE,STABLE_DATA_WITH_SYNCHRONIZED_QUALIFIER,RESET_RETURN,PASS,Group 13 promoted two-family settling and completion-barrier structural proof; retained aggregate destination coverage,EXACT_PRIOR_ROW
CDC-1,Critical,nvp_vclk1->userclk1,Max Delay Datapath Only,G2B_ONECH_C2H/reset_commit_phase_hold_source_reg[1]/C,G2B_ONECH_C2H/reset_epoch_axi_reg[31]/CE,STABLE_DATA_WITH_SYNCHRONIZED_QUALIFIER,RESET_RETURN,PASS,Group 13 promoted two-family settling and completion-barrier structural proof; retained aggregate destination coverage,EXACT_PRIOR_ROW
CDC-1,Critical,nvp_vclk1->userclk1,Max Delay Datapath Only,G2B_ONECH_C2H/reset_commit_phase_hold_source_reg[1]/C,G2B_ONECH_C2H/reset_events_axi_reg[0]/D,STABLE_DATA_WITH_SYNCHRONIZED_QUALIFIER,RESET_RETURN,PASS,Group 13 promoted two-family settling and completion-barrier structural proof; retained aggregate destination coverage,EXACT_PRIOR_ROW
CDC-1,Critical,nvp_vclk1->userclk1,Max Delay Datapath Only,G2B_ONECH_C2H/reset_commit_phase_hold_source_reg[1]/C,G2B_ONECH_C2H/reset_events_axi_reg[1]/CE,STABLE_DATA_WITH_SYNCHRONIZED_QUALIFIER,RESET_RETURN,PASS,Group 13 promoted two-family settling and completion-barrier structural proof; retained aggregate destination coverage,EXACT_PRIOR_ROW
CDC-15,Warning,nvp_vclk1->userclk1,Max Delay Datapath Only,G2B_ONECH_C2H/reset_commit_phase_hold_source_reg[1]/C,G2B_ONECH_C2H/reset_events_axi_reg[1]/R,STABLE_DATA_WITH_SYNCHRONIZED_QUALIFIER,RESET_RETURN,PASS,Group 13 promoted two-family settling and completion-barrier structural proof; retained aggregate destination coverage,EXACT_PRIOR_ROW
CDC-1,Critical,nvp_vclk1->userclk1,Max Delay Datapath Only,G2B_ONECH_C2H/reset_commit_phase_hold_source_reg[1]/C,G2B_ONECH_C2H/reset_events_axi_reg[2]/CE,STABLE_DATA_WITH_SYNCHRONIZED_QUALIFIER,RESET_RETURN,PASS,Group 13 promoted two-family settling and completion-barrier structural proof; retained aggregate destination coverage,EXACT_PRIOR_ROW
CDC-15,Warning,nvp_vclk1->userclk1,Max Delay Datapath Only,G2B_ONECH_C2H/reset_commit_phase_hold_source_reg[1]/C,G2B_ONECH_C2H/reset_events_axi_reg[2]/R,STABLE_DATA_WITH_SYNCHRONIZED_QUALIFIER,RESET_RETURN,PASS,Group 13 promoted two-family settling and completion-barrier structural proof; retained aggregate destination coverage,EXACT_PRIOR_ROW
CDC-1,Critical,nvp_vclk1->userclk1,Max Delay Datapath Only,G2B_ONECH_C2H/reset_commit_phase_hold_source_reg[1]/C,G2B_ONECH_C2H/reset_events_axi_reg[3]/CE,STABLE_DATA_WITH_SYNCHRONIZED_QUALIFIER,RESET_RETURN,PASS,Group 13 promoted two-family settling and completion-barrier structural proof; retained aggregate destination coverage,EXACT_PRIOR_ROW
CDC-15,Warning,nvp_vclk1->userclk1,Max Delay Datapath Only,G2B_ONECH_C2H/reset_commit_phase_hold_source_reg[1]/C,G2B_ONECH_C2H/reset_events_axi_reg[3]/R,STABLE_DATA_WITH_SYNCHRONIZED_QUALIFIER,RESET_RETURN,PASS,Group 13 promoted two-family settling and completion-barrier structural proof; retained aggregate destination coverage,EXACT_PRIOR_ROW
CDC-1,Critical,nvp_vclk1->userclk1,Max Delay Datapath Only,G2B_ONECH_C2H/reset_commit_phase_hold_source_reg[1]/C,G2B_ONECH_C2H/reset_events_axi_reg[4]/CE,STABLE_DATA_WITH_SYNCHRONIZED_QUALIFIER,RESET_RETURN,PASS,Group 13 promoted two-family settling and completion-barrier structural proof; retained aggregate destination coverage,EXACT_PRIOR_ROW
CDC-15,Warning,nvp_vclk1->userclk1,Max Delay Datapath Only,G2B_ONECH_C2H/reset_commit_phase_hold_source_reg[1]/C,G2B_ONECH_C2H/reset_events_axi_reg[4]/R,STABLE_DATA_WITH_SYNCHRONIZED_QUALIFIER,RESET_RETURN,PASS,Group 13 promoted two-family settling and completion-barrier structural proof; retained aggregate destination coverage,EXACT_PRIOR_ROW
CDC-1,Critical,nvp_vclk1->userclk1,Max Delay Datapath Only,G2B_ONECH_C2H/reset_commit_phase_hold_source_reg[1]/C,G2B_ONECH_C2H/reset_events_axi_reg[5]/CE,STABLE_DATA_WITH_SYNCHRONIZED_QUALIFIER,RESET_RETURN,PASS,Group 13 promoted two-family settling and completion-barrier structural proof; retained aggregate destination coverage,EXACT_PRIOR_ROW
CDC-15,Warning,nvp_vclk1->userclk1,Max Delay Datapath Only,G2B_ONECH_C2H/reset_commit_phase_hold_source_reg[1]/C,G2B_ONECH_C2H/reset_events_axi_reg[5]/R,STABLE_DATA_WITH_SYNCHRONIZED_QUALIFIER,RESET_RETURN,PASS,Group 13 promoted two-family settling and completion-barrier structural proof; retained aggregate destination coverage,EXACT_PRIOR_ROW
CDC-1,Critical,nvp_vclk1->userclk1,Max Delay Datapath Only,G2B_ONECH_C2H/reset_commit_phase_hold_source_reg[1]/C,G2B_ONECH_C2H/reset_events_axi_reg[6]/CE,STABLE_DATA_WITH_SYNCHRONIZED_QUALIFIER,RESET_RETURN,PASS,Group 13 promoted two-family settling and completion-barrier structural proof; retained aggregate destination coverage,EXACT_PRIOR_ROW
CDC-15,Warning,nvp_vclk1->userclk1,Max Delay Datapath Only,G2B_ONECH_C2H/reset_commit_phase_hold_source_reg[1]/C,G2B_ONECH_C2H/reset_events_axi_reg[6]/R,STABLE_DATA_WITH_SYNCHRONIZED_QUALIFIER,RESET_RETURN,PASS,Group 13 promoted two-family settling and completion-barrier structural proof; retained aggregate destination coverage,EXACT_PRIOR_ROW
CDC-1,Critical,nvp_vclk1->userclk1,Max Delay Datapath Only,G2B_ONECH_C2H/reset_commit_phase_hold_source_reg[1]/C,G2B_ONECH_C2H/reset_events_axi_reg[7]/CE,STABLE_DATA_WITH_SYNCHRONIZED_QUALIFIER,RESET_RETURN,PASS,Group 13 promoted two-family settling and completion-barrier structural proof; retained aggregate destination coverage,EXACT_PRIOR_ROW
CDC-15,Warning,nvp_vclk1->userclk1,Max Delay Datapath Only,G2B_ONECH_C2H/reset_commit_phase_hold_source_reg[1]/C,G2B_ONECH_C2H/reset_events_axi_reg[7]/R,STABLE_DATA_WITH_SYNCHRONIZED_QUALIFIER,RESET_RETURN,PASS,Group 13 promoted two-family settling and completion-barrier structural proof; retained aggregate destination coverage,EXACT_PRIOR_ROW
CDC-1,Critical,nvp_vclk1->userclk1,Max Delay Datapath Only,G2B_ONECH_C2H/reset_commit_phase_hold_source_reg[1]/C,G2B_ONECH_C2H/reset_events_axi_reg[8]/CE,STABLE_DATA_WITH_SYNCHRONIZED_QUALIFIER,RESET_RETURN,PASS,Group 13 promoted two-family settling and completion-barrier structural proof; retained aggregate destination coverage,EXACT_PRIOR_ROW
CDC-15,Warning,nvp_vclk1->userclk1,Max Delay Datapath Only,G2B_ONECH_C2H/reset_commit_phase_hold_source_reg[1]/C,G2B_ONECH_C2H/reset_events_axi_reg[8]/R,STABLE_DATA_WITH_SYNCHRONIZED_QUALIFIER,RESET_RETURN,PASS,Group 13 promoted two-family settling and completion-barrier structural proof; retained aggregate destination coverage,EXACT_PRIOR_ROW
CDC-1,Critical,nvp_vclk1->userclk1,Max Delay Datapath Only,G2B_ONECH_C2H/reset_commit_phase_hold_source_reg[1]/C,G2B_ONECH_C2H/reset_events_axi_reg[9]/CE,STABLE_DATA_WITH_SYNCHRONIZED_QUALIFIER,RESET_RETURN,PASS,Group 13 promoted two-family settling and completion-barrier structural proof; retained aggregate destination coverage,EXACT_PRIOR_ROW
CDC-15,Warning,nvp_vclk1->userclk1,Max Delay Datapath Only,G2B_ONECH_C2H/reset_commit_phase_hold_source_reg[1]/C,G2B_ONECH_C2H/reset_events_axi_reg[9]/R,STABLE_DATA_WITH_SYNCHRONIZED_QUALIFIER,RESET_RETURN,PASS,Group 13 promoted two-family settling and completion-barrier structural proof; retained aggregate destination coverage,EXACT_PRIOR_ROW
CDC-1,Critical,nvp_vclk1->userclk1,Max Delay Datapath Only,G2B_ONECH_C2H/reset_commit_phase_hold_source_reg[1]/C,G2B_ONECH_C2H/reset_events_axi_reg[10]/CE,STABLE_DATA_WITH_SYNCHRONIZED_QUALIFIER,RESET_RETURN,PASS,Group 13 promoted two-family settling and completion-barrier structural proof; retained aggregate destination coverage,EXACT_PRIOR_ROW
CDC-15,Warning,nvp_vclk1->userclk1,Max Delay Datapath Only,G2B_ONECH_C2H/reset_commit_phase_hold_source_reg[1]/C,G2B_ONECH_C2H/reset_events_axi_reg[10]/R,STABLE_DATA_WITH_SYNCHRONIZED_QUALIFIER,RESET_RETURN,PASS,Group 13 promoted two-family settling and completion-barrier structural proof; retained aggregate destination coverage,EXACT_PRIOR_ROW
CDC-1,Critical,nvp_vclk1->userclk1,Max Delay Datapath Only,G2B_ONECH_C2H/reset_commit_phase_hold_source_reg[1]/C,G2B_ONECH_C2H/reset_events_axi_reg[11]/CE,STABLE_DATA_WITH_SYNCHRONIZED_QUALIFIER,RESET_RETURN,PASS,Group 13 promoted two-family settling and completion-barrier structural proof; retained aggregate destination coverage,EXACT_PRIOR_ROW
CDC-15,Warning,nvp_vclk1->userclk1,Max Delay Datapath Only,G2B_ONECH_C2H/reset_commit_phase_hold_source_reg[1]/C,G2B_ONECH_C2H/reset_events_axi_reg[11]/R,STABLE_DATA_WITH_SYNCHRONIZED_QUALIFIER,RESET_RETURN,PASS,Group 13 promoted two-family settling and completion-barrier structural proof; retained aggregate destination coverage,EXACT_PRIOR_ROW
CDC-1,Critical,nvp_vclk1->userclk1,Max Delay Datapath Only,G2B_ONECH_C2H/reset_commit_phase_hold_source_reg[1]/C,G2B_ONECH_C2H/reset_events_axi_reg[12]/CE,STABLE_DATA_WITH_SYNCHRONIZED_QUALIFIER,RESET_RETURN,PASS,Group 13 promoted two-family settling and completion-barrier structural proof; retained aggregate destination coverage,EXACT_PRIOR_ROW
CDC-15,Warning,nvp_vclk1->userclk1,Max Delay Datapath Only,G2B_ONECH_C2H/reset_commit_phase_hold_source_reg[1]/C,G2B_ONECH_C2H/reset_events_axi_reg[12]/R,STABLE_DATA_WITH_SYNCHRONIZED_QUALIFIER,RESET_RETURN,PASS,Group 13 promoted two-family settling and completion-barrier structural proof; retained aggregate destination coverage,EXACT_PRIOR_ROW
CDC-1,Critical,nvp_vclk1->userclk1,Max Delay Datapath Only,G2B_ONECH_C2H/reset_commit_phase_hold_source_reg[1]/C,G2B_ONECH_C2H/reset_events_axi_reg[13]/CE,STABLE_DATA_WITH_SYNCHRONIZED_QUALIFIER,RESET_RETURN,PASS,Group 13 promoted two-family settling and completion-barrier structural proof; retained aggregate destination coverage,EXACT_PRIOR_ROW
CDC-15,Warning,nvp_vclk1->userclk1,Max Delay Datapath Only,G2B_ONECH_C2H/reset_commit_phase_hold_source_reg[1]/C,G2B_ONECH_C2H/reset_events_axi_reg[13]/R,STABLE_DATA_WITH_SYNCHRONIZED_QUALIFIER,RESET_RETURN,PASS,Group 13 promoted two-family settling and completion-barrier structural proof; retained aggregate destination coverage,EXACT_PRIOR_ROW
CDC-1,Critical,nvp_vclk1->userclk1,Max Delay Datapath Only,G2B_ONECH_C2H/reset_commit_phase_hold_source_reg[1]/C,G2B_ONECH_C2H/reset_events_axi_reg[14]/CE,STABLE_DATA_WITH_SYNCHRONIZED_QUALIFIER,RESET_RETURN,PASS,Group 13 promoted two-family settling and completion-barrier structural proof; retained aggregate destination coverage,EXACT_PRIOR_ROW
CDC-15,Warning,nvp_vclk1->userclk1,Max Delay Datapath Only,G2B_ONECH_C2H/reset_commit_phase_hold_source_reg[1]/C,G2B_ONECH_C2H/reset_events_axi_reg[14]/R,STABLE_DATA_WITH_SYNCHRONIZED_QUALIFIER,RESET_RETURN,PASS,Group 13 promoted two-family settling and completion-barrier structural proof; retained aggregate destination coverage,EXACT_PRIOR_ROW
CDC-1,Critical,nvp_vclk1->userclk1,Max Delay Datapath Only,G2B_ONECH_C2H/reset_commit_phase_hold_source_reg[1]/C,G2B_ONECH_C2H/reset_events_axi_reg[15]/CE,STABLE_DATA_WITH_SYNCHRONIZED_QUALIFIER,RESET_RETURN,PASS,Group 13 promoted two-family settling and completion-barrier structural proof; retained aggregate destination coverage,EXACT_PRIOR_ROW
CDC-15,Warning,nvp_vclk1->userclk1,Max Delay Datapath Only,G2B_ONECH_C2H/reset_commit_phase_hold_source_reg[1]/C,G2B_ONECH_C2H/reset_events_axi_reg[15]/R,STABLE_DATA_WITH_SYNCHRONIZED_QUALIFIER,RESET_RETURN,PASS,Group 13 promoted two-family settling and completion-barrier structural proof; retained aggregate destination coverage,EXACT_PRIOR_ROW
CDC-1,Critical,nvp_vclk1->userclk1,Max Delay Datapath Only,G2B_ONECH_C2H/reset_commit_phase_hold_source_reg[1]/C,G2B_ONECH_C2H/reset_events_axi_reg[16]/CE,STABLE_DATA_WITH_SYNCHRONIZED_QUALIFIER,RESET_RETURN,PASS,Group 13 promoted two-family settling and completion-barrier structural proof; retained aggregate destination coverage,EXACT_PRIOR_ROW
CDC-15,Warning,nvp_vclk1->userclk1,Max Delay Datapath Only,G2B_ONECH_C2H/reset_commit_phase_hold_source_reg[1]/C,G2B_ONECH_C2H/reset_events_axi_reg[16]/R,STABLE_DATA_WITH_SYNCHRONIZED_QUALIFIER,RESET_RETURN,PASS,Group 13 promoted two-family settling and completion-barrier structural proof; retained aggregate destination coverage,EXACT_PRIOR_ROW
CDC-1,Critical,nvp_vclk1->userclk1,Max Delay Datapath Only,G2B_ONECH_C2H/reset_commit_phase_hold_source_reg[1]/C,G2B_ONECH_C2H/reset_events_axi_reg[17]/CE,STABLE_DATA_WITH_SYNCHRONIZED_QUALIFIER,RESET_RETURN,PASS,Group 13 promoted two-family settling and completion-barrier structural proof; retained aggregate destination coverage,EXACT_PRIOR_ROW
CDC-15,Warning,nvp_vclk1->userclk1,Max Delay Datapath Only,G2B_ONECH_C2H/reset_commit_phase_hold_source_reg[1]/C,G2B_ONECH_C2H/reset_events_axi_reg[17]/R,STABLE_DATA_WITH_SYNCHRONIZED_QUALIFIER,RESET_RETURN,PASS,Group 13 promoted two-family settling and completion-barrier structural proof; retained aggregate destination coverage,EXACT_PRIOR_ROW
CDC-1,Critical,nvp_vclk1->userclk1,Max Delay Datapath Only,G2B_ONECH_C2H/reset_commit_phase_hold_source_reg[1]/C,G2B_ONECH_C2H/reset_events_axi_reg[18]/CE,STABLE_DATA_WITH_SYNCHRONIZED_QUALIFIER,RESET_RETURN,PASS,Group 13 promoted two-family settling and completion-barrier structural proof; retained aggregate destination coverage,EXACT_PRIOR_ROW
CDC-15,Warning,nvp_vclk1->userclk1,Max Delay Datapath Only,G2B_ONECH_C2H/reset_commit_phase_hold_source_reg[1]/C,G2B_ONECH_C2H/reset_events_axi_reg[18]/R,STABLE_DATA_WITH_SYNCHRONIZED_QUALIFIER,RESET_RETURN,PASS,Group 13 promoted two-family settling and completion-barrier structural proof; retained aggregate destination coverage,EXACT_PRIOR_ROW
CDC-1,Critical,nvp_vclk1->userclk1,Max Delay Datapath Only,G2B_ONECH_C2H/reset_commit_phase_hold_source_reg[1]/C,G2B_ONECH_C2H/reset_events_axi_reg[19]/CE,STABLE_DATA_WITH_SYNCHRONIZED_QUALIFIER,RESET_RETURN,PASS,Group 13 promoted two-family settling and completion-barrier structural proof; retained aggregate destination coverage,EXACT_PRIOR_ROW
CDC-15,Warning,nvp_vclk1->userclk1,Max Delay Datapath Only,G2B_ONECH_C2H/reset_commit_phase_hold_source_reg[1]/C,G2B_ONECH_C2H/reset_events_axi_reg[19]/R,STABLE_DATA_WITH_SYNCHRONIZED_QUALIFIER,RESET_RETURN,PASS,Group 13 promoted two-family settling and completion-barrier structural proof; retained aggregate destination coverage,EXACT_PRIOR_ROW
CDC-1,Critical,nvp_vclk1->userclk1,Max Delay Datapath Only,G2B_ONECH_C2H/reset_commit_phase_hold_source_reg[1]/C,G2B_ONECH_C2H/reset_events_axi_reg[20]/CE,STABLE_DATA_WITH_SYNCHRONIZED_QUALIFIER,RESET_RETURN,PASS,Group 13 promoted two-family settling and completion-barrier structural proof; retained aggregate destination coverage,EXACT_PRIOR_ROW
CDC-15,Warning,nvp_vclk1->userclk1,Max Delay Datapath Only,G2B_ONECH_C2H/reset_commit_phase_hold_source_reg[1]/C,G2B_ONECH_C2H/reset_events_axi_reg[20]/R,STABLE_DATA_WITH_SYNCHRONIZED_QUALIFIER,RESET_RETURN,PASS,Group 13 promoted two-family settling and completion-barrier structural proof; retained aggregate destination coverage,EXACT_PRIOR_ROW
CDC-1,Critical,nvp_vclk1->userclk1,Max Delay Datapath Only,G2B_ONECH_C2H/reset_commit_phase_hold_source_reg[1]/C,G2B_ONECH_C2H/reset_events_axi_reg[21]/CE,STABLE_DATA_WITH_SYNCHRONIZED_QUALIFIER,RESET_RETURN,PASS,Group 13 promoted two-family settling and completion-barrier structural proof; retained aggregate destination coverage,EXACT_PRIOR_ROW
CDC-15,Warning,nvp_vclk1->userclk1,Max Delay Datapath Only,G2B_ONECH_C2H/reset_commit_phase_hold_source_reg[1]/C,G2B_ONECH_C2H/reset_events_axi_reg[21]/R,STABLE_DATA_WITH_SYNCHRONIZED_QUALIFIER,RESET_RETURN,PASS,Group 13 promoted two-family settling and completion-barrier structural proof; retained aggregate destination coverage,EXACT_PRIOR_ROW
CDC-1,Critical,nvp_vclk1->userclk1,Max Delay Datapath Only,G2B_ONECH_C2H/reset_commit_phase_hold_source_reg[1]/C,G2B_ONECH_C2H/reset_events_axi_reg[22]/CE,STABLE_DATA_WITH_SYNCHRONIZED_QUALIFIER,RESET_RETURN,PASS,Group 13 promoted two-family settling and completion-barrier structural proof; retained aggregate destination coverage,EXACT_PRIOR_ROW
CDC-15,Warning,nvp_vclk1->userclk1,Max Delay Datapath Only,G2B_ONECH_C2H/reset_commit_phase_hold_source_reg[1]/C,G2B_ONECH_C2H/reset_events_axi_reg[22]/R,STABLE_DATA_WITH_SYNCHRONIZED_QUALIFIER,RESET_RETURN,PASS,Group 13 promoted two-family settling and completion-barrier structural proof; retained aggregate destination coverage,EXACT_PRIOR_ROW
CDC-1,Critical,nvp_vclk1->userclk1,Max Delay Datapath Only,G2B_ONECH_C2H/reset_commit_phase_hold_source_reg[1]/C,G2B_ONECH_C2H/reset_events_axi_reg[23]/CE,STABLE_DATA_WITH_SYNCHRONIZED_QUALIFIER,RESET_RETURN,PASS,Group 13 promoted two-family settling and completion-barrier structural proof; retained aggregate destination coverage,EXACT_PRIOR_ROW
CDC-15,Warning,nvp_vclk1->userclk1,Max Delay Datapath Only,G2B_ONECH_C2H/reset_commit_phase_hold_source_reg[1]/C,G2B_ONECH_C2H/reset_events_axi_reg[23]/R,STABLE_DATA_WITH_SYNCHRONIZED_QUALIFIER,RESET_RETURN,PASS,Group 13 promoted two-family settling and completion-barrier structural proof; retained aggregate destination coverage,EXACT_PRIOR_ROW
CDC-1,Critical,nvp_vclk1->userclk1,Max Delay Datapath Only,G2B_ONECH_C2H/reset_commit_phase_hold_source_reg[1]/C,G2B_ONECH_C2H/reset_events_axi_reg[24]/CE,STABLE_DATA_WITH_SYNCHRONIZED_QUALIFIER,RESET_RETURN,PASS,Group 13 promoted two-family settling and completion-barrier structural proof; retained aggregate destination coverage,EXACT_PRIOR_ROW
CDC-15,Warning,nvp_vclk1->userclk1,Max Delay Datapath Only,G2B_ONECH_C2H/reset_commit_phase_hold_source_reg[1]/C,G2B_ONECH_C2H/reset_events_axi_reg[24]/R,STABLE_DATA_WITH_SYNCHRONIZED_QUALIFIER,RESET_RETURN,PASS,Group 13 promoted two-family settling and completion-barrier structural proof; retained aggregate destination coverage,EXACT_PRIOR_ROW
CDC-1,Critical,nvp_vclk1->userclk1,Max Delay Datapath Only,G2B_ONECH_C2H/reset_commit_phase_hold_source_reg[1]/C,G2B_ONECH_C2H/reset_events_axi_reg[25]/CE,STABLE_DATA_WITH_SYNCHRONIZED_QUALIFIER,RESET_RETURN,PASS,Group 13 promoted two-family settling and completion-barrier structural proof; retained aggregate destination coverage,EXACT_PRIOR_ROW
CDC-15,Warning,nvp_vclk1->userclk1,Max Delay Datapath Only,G2B_ONECH_C2H/reset_commit_phase_hold_source_reg[1]/C,G2B_ONECH_C2H/reset_events_axi_reg[25]/R,STABLE_DATA_WITH_SYNCHRONIZED_QUALIFIER,RESET_RETURN,PASS,Group 13 promoted two-family settling and completion-barrier structural proof; retained aggregate destination coverage,EXACT_PRIOR_ROW
CDC-1,Critical,nvp_vclk1->userclk1,Max Delay Datapath Only,G2B_ONECH_C2H/reset_commit_phase_hold_source_reg[1]/C,G2B_ONECH_C2H/reset_events_axi_reg[26]/CE,STABLE_DATA_WITH_SYNCHRONIZED_QUALIFIER,RESET_RETURN,PASS,Group 13 promoted two-family settling and completion-barrier structural proof; retained aggregate destination coverage,EXACT_PRIOR_ROW
CDC-15,Warning,nvp_vclk1->userclk1,Max Delay Datapath Only,G2B_ONECH_C2H/reset_commit_phase_hold_source_reg[1]/C,G2B_ONECH_C2H/reset_events_axi_reg[26]/R,STABLE_DATA_WITH_SYNCHRONIZED_QUALIFIER,RESET_RETURN,PASS,Group 13 promoted two-family settling and completion-barrier structural proof; retained aggregate destination coverage,EXACT_PRIOR_ROW
CDC-1,Critical,nvp_vclk1->userclk1,Max Delay Datapath Only,G2B_ONECH_C2H/reset_commit_phase_hold_source_reg[1]/C,G2B_ONECH_C2H/reset_events_axi_reg[27]/CE,STABLE_DATA_WITH_SYNCHRONIZED_QUALIFIER,RESET_RETURN,PASS,Group 13 promoted two-family settling and completion-barrier structural proof; retained aggregate destination coverage,EXACT_PRIOR_ROW
CDC-15,Warning,nvp_vclk1->userclk1,Max Delay Datapath Only,G2B_ONECH_C2H/reset_commit_phase_hold_source_reg[1]/C,G2B_ONECH_C2H/reset_events_axi_reg[27]/R,STABLE_DATA_WITH_SYNCHRONIZED_QUALIFIER,RESET_RETURN,PASS,Group 13 promoted two-family settling and completion-barrier structural proof; retained aggregate destination coverage,EXACT_PRIOR_ROW
CDC-1,Critical,nvp_vclk1->userclk1,Max Delay Datapath Only,G2B_ONECH_C2H/reset_commit_phase_hold_source_reg[1]/C,G2B_ONECH_C2H/reset_events_axi_reg[28]/CE,STABLE_DATA_WITH_SYNCHRONIZED_QUALIFIER,RESET_RETURN,PASS,Group 13 promoted two-family settling and completion-barrier structural proof; retained aggregate destination coverage,EXACT_PRIOR_ROW
CDC-15,Warning,nvp_vclk1->userclk1,Max Delay Datapath Only,G2B_ONECH_C2H/reset_commit_phase_hold_source_reg[1]/C,G2B_ONECH_C2H/reset_events_axi_reg[28]/R,STABLE_DATA_WITH_SYNCHRONIZED_QUALIFIER,RESET_RETURN,PASS,Group 13 promoted two-family settling and completion-barrier structural proof; retained aggregate destination coverage,EXACT_PRIOR_ROW
CDC-1,Critical,nvp_vclk1->userclk1,Max Delay Datapath Only,G2B_ONECH_C2H/reset_commit_phase_hold_source_reg[1]/C,G2B_ONECH_C2H/reset_events_axi_reg[29]/CE,STABLE_DATA_WITH_SYNCHRONIZED_QUALIFIER,RESET_RETURN,PASS,Group 13 promoted two-family settling and completion-barrier structural proof; retained aggregate destination coverage,EXACT_PRIOR_ROW
CDC-15,Warning,nvp_vclk1->userclk1,Max Delay Datapath Only,G2B_ONECH_C2H/reset_commit_phase_hold_source_reg[1]/C,G2B_ONECH_C2H/reset_events_axi_reg[29]/R,STABLE_DATA_WITH_SYNCHRONIZED_QUALIFIER,RESET_RETURN,PASS,Group 13 promoted two-family settling and completion-barrier structural proof; retained aggregate destination coverage,EXACT_PRIOR_ROW
CDC-1,Critical,nvp_vclk1->userclk1,Max Delay Datapath Only,G2B_ONECH_C2H/reset_commit_phase_hold_source_reg[1]/C,G2B_ONECH_C2H/reset_events_axi_reg[30]/CE,STABLE_DATA_WITH_SYNCHRONIZED_QUALIFIER,RESET_RETURN,PASS,Group 13 promoted two-family settling and completion-barrier structural proof; retained aggregate destination coverage,EXACT_PRIOR_ROW
CDC-15,Warning,nvp_vclk1->userclk1,Max Delay Datapath Only,G2B_ONECH_C2H/reset_commit_phase_hold_source_reg[1]/C,G2B_ONECH_C2H/reset_events_axi_reg[30]/R,STABLE_DATA_WITH_SYNCHRONIZED_QUALIFIER,RESET_RETURN,PASS,Group 13 promoted two-family settling and completion-barrier structural proof; retained aggregate destination coverage,EXACT_PRIOR_ROW
CDC-1,Critical,nvp_vclk1->userclk1,Max Delay Datapath Only,G2B_ONECH_C2H/reset_commit_phase_hold_source_reg[1]/C,G2B_ONECH_C2H/reset_events_axi_reg[31]/CE,STABLE_DATA_WITH_SYNCHRONIZED_QUALIFIER,RESET_RETURN,PASS,Group 13 promoted two-family settling and completion-barrier structural proof; retained aggregate destination coverage,EXACT_PRIOR_ROW
CDC-15,Warning,nvp_vclk1->userclk1,Max Delay Datapath Only,G2B_ONECH_C2H/reset_commit_phase_hold_source_reg[1]/C,G2B_ONECH_C2H/reset_events_axi_reg[31]/R,STABLE_DATA_WITH_SYNCHRONIZED_QUALIFIER,RESET_RETURN,PASS,Group 13 promoted two-family settling and completion-barrier structural proof; retained aggregate destination coverage,EXACT_PRIOR_ROW
CDC-3,Info,nvp_vclk1->userclk1,False Path,G2B_ONECH_C2H/ring_empty_source_reg/C,G2B_ONECH_C2H/ring_empty_sync1_axi_reg/D,INTENTIONAL_TWO_STAGE_SYNCHRONIZER,LEVEL_SYNCHRONIZER,PASS,Exact unchanged report row; ASYNC_REG depth 2. CDC-10 source_ready/fatal level is held through handshake; four exact chain-cell attributes verified in continuation.,EXACT_PRIOR_ROW
CDC-3,Info,nvp_vclk1->userclk1,False Path,G2B_ONECH_C2H/ring_full_source_reg/C,G2B_ONECH_C2H/ring_full_sync1_axi_reg/D,INTENTIONAL_TWO_STAGE_SYNCHRONIZER,LEVEL_SYNCHRONIZER,PASS,Exact unchanged report row; ASYNC_REG depth 2. CDC-10 source_ready/fatal level is held through handshake; four exact chain-cell attributes verified in continuation.,EXACT_PRIOR_ROW
CDC-1,Critical,nvp_vclk1->userclk1,Max Delay Datapath Only,G2B_ONECH_C2H/reset_commit_phase_hold_source_reg[1]/C,G2B_ONECH_C2H/shadow_last_channel_reg[0]/CE,STABLE_DATA_WITH_SYNCHRONIZED_QUALIFIER,RESET_RETURN,PASS,Group 13 promoted two-family settling and completion-barrier structural proof; retained aggregate destination coverage,EXACT_PRIOR_ROW
CDC-15,Warning,nvp_vclk1->userclk1,Max Delay Datapath Only,G2B_ONECH_C2H/reset_commit_phase_hold_source_reg[1]/C,G2B_ONECH_C2H/shadow_last_channel_reg[0]/D,STABLE_DATA_WITH_SYNCHRONIZED_QUALIFIER,RESET_RETURN,PASS,Group 13 promoted two-family settling and completion-barrier structural proof; retained aggregate destination coverage,EXACT_PRIOR_ROW
CDC-15,Warning,nvp_vclk1->userclk1,Max Delay Datapath Only,G2B_ONECH_C2H/reset_commit_phase_hold_source_reg[1]/C,G2B_ONECH_C2H/shadow_last_channel_reg[0]/S,STABLE_DATA_WITH_SYNCHRONIZED_QUALIFIER,RESET_RETURN,PASS,Group 13 promoted two-family settling and completion-barrier structural proof; retained aggregate destination coverage,EXACT_PRIOR_ROW
CDC-1,Critical,nvp_vclk1->userclk1,Max Delay Datapath Only,G2B_ONECH_C2H/reset_commit_phase_hold_source_reg[1]/C,G2B_ONECH_C2H/shadow_last_channel_reg[1]/CE,STABLE_DATA_WITH_SYNCHRONIZED_QUALIFIER,RESET_RETURN,PASS,Group 13 promoted two-family settling and completion-barrier structural proof; retained aggregate destination coverage,EXACT_PRIOR_ROW
CDC-15,Warning,nvp_vclk1->userclk1,Max Delay Datapath Only,G2B_ONECH_C2H/reset_commit_phase_hold_source_reg[1]/C,G2B_ONECH_C2H/shadow_last_channel_reg[1]/D,STABLE_DATA_WITH_SYNCHRONIZED_QUALIFIER,RESET_RETURN,PASS,Group 13 promoted two-family settling and completion-barrier structural proof; retained aggregate destination coverage,EXACT_PRIOR_ROW
CDC-15,Warning,nvp_vclk1->userclk1,Max Delay Datapath Only,G2B_ONECH_C2H/reset_commit_phase_hold_source_reg[1]/C,G2B_ONECH_C2H/shadow_last_channel_reg[1]/S,STABLE_DATA_WITH_SYNCHRONIZED_QUALIFIER,RESET_RETURN,PASS,Group 13 promoted two-family settling and completion-barrier structural proof; retained aggregate destination coverage,EXACT_PRIOR_ROW
CDC-1,Critical,nvp_vclk1->userclk1,Max Delay Datapath Only,G2B_ONECH_C2H/reset_commit_phase_hold_source_reg[1]/C,G2B_ONECH_C2H/shadow_last_channel_reg[2]/CE,STABLE_DATA_WITH_SYNCHRONIZED_QUALIFIER,RESET_RETURN,PASS,Group 13 promoted two-family settling and completion-barrier structural proof; retained aggregate destination coverage,EXACT_PRIOR_ROW
CDC-15,Warning,nvp_vclk1->userclk1,Max Delay Datapath Only,G2B_ONECH_C2H/reset_commit_phase_hold_source_reg[1]/C,G2B_ONECH_C2H/shadow_last_channel_reg[2]/D,STABLE_DATA_WITH_SYNCHRONIZED_QUALIFIER,RESET_RETURN,PASS,Group 13 promoted two-family settling and completion-barrier structural proof; retained aggregate destination coverage,EXACT_PRIOR_ROW
CDC-15,Warning,nvp_vclk1->userclk1,Max Delay Datapath Only,G2B_ONECH_C2H/reset_commit_phase_hold_source_reg[1]/C,G2B_ONECH_C2H/shadow_last_channel_reg[2]/S,STABLE_DATA_WITH_SYNCHRONIZED_QUALIFIER,RESET_RETURN,PASS,Group 13 promoted two-family settling and completion-barrier structural proof; retained aggregate destination coverage,EXACT_PRIOR_ROW
CDC-1,Critical,nvp_vclk1->userclk1,Max Delay Datapath Only,G2B_ONECH_C2H/reset_commit_phase_hold_source_reg[1]/C,G2B_ONECH_C2H/shadow_last_channel_reg[3]/CE,STABLE_DATA_WITH_SYNCHRONIZED_QUALIFIER,RESET_RETURN,PASS,Group 13 promoted two-family settling and completion-barrier structural proof; retained aggregate destination coverage,EXACT_PRIOR_ROW
CDC-15,Warning,nvp_vclk1->userclk1,Max Delay Datapath Only,G2B_ONECH_C2H/reset_commit_phase_hold_source_reg[1]/C,G2B_ONECH_C2H/shadow_last_channel_reg[3]/D,STABLE_DATA_WITH_SYNCHRONIZED_QUALIFIER,RESET_RETURN,PASS,Group 13 promoted two-family settling and completion-barrier structural proof; retained aggregate destination coverage,EXACT_PRIOR_ROW
CDC-15,Warning,nvp_vclk1->userclk1,Max Delay Datapath Only,G2B_ONECH_C2H/reset_commit_phase_hold_source_reg[1]/C,G2B_ONECH_C2H/shadow_last_channel_reg[3]/S,STABLE_DATA_WITH_SYNCHRONIZED_QUALIFIER,RESET_RETURN,PASS,Group 13 promoted two-family settling and completion-barrier structural proof; retained aggregate destination coverage,EXACT_PRIOR_ROW
CDC-1,Critical,nvp_vclk1->userclk1,Max Delay Datapath Only,G2B_ONECH_C2H/reset_commit_phase_hold_source_reg[1]/C,G2B_ONECH_C2H/shadow_last_channel_reg[4]/CE,STABLE_DATA_WITH_SYNCHRONIZED_QUALIFIER,RESET_RETURN,PASS,Group 13 promoted two-family settling and completion-barrier structural proof; retained aggregate destination coverage,EXACT_PRIOR_ROW
CDC-15,Warning,nvp_vclk1->userclk1,Max Delay Datapath Only,G2B_ONECH_C2H/reset_commit_phase_hold_source_reg[1]/C,G2B_ONECH_C2H/shadow_last_channel_reg[4]/D,STABLE_DATA_WITH_SYNCHRONIZED_QUALIFIER,RESET_RETURN,PASS,Group 13 promoted two-family settling and completion-barrier structural proof; retained aggregate destination coverage,EXACT_PRIOR_ROW
CDC-15,Warning,nvp_vclk1->userclk1,Max Delay Datapath Only,G2B_ONECH_C2H/reset_commit_phase_hold_source_reg[1]/C,G2B_ONECH_C2H/shadow_last_channel_reg[4]/S,STABLE_DATA_WITH_SYNCHRONIZED_QUALIFIER,RESET_RETURN,PASS,Group 13 promoted two-family settling and completion-barrier structural proof; retained aggregate destination coverage,EXACT_PRIOR_ROW
CDC-1,Critical,nvp_vclk1->userclk1,Max Delay Datapath Only,G2B_ONECH_C2H/reset_commit_phase_hold_source_reg[1]/C,G2B_ONECH_C2H/shadow_last_channel_reg[5]/CE,STABLE_DATA_WITH_SYNCHRONIZED_QUALIFIER,RESET_RETURN,PASS,Group 13 promoted two-family settling and completion-barrier structural proof; retained aggregate destination coverage,EXACT_PRIOR_ROW
CDC-15,Warning,nvp_vclk1->userclk1,Max Delay Datapath Only,G2B_ONECH_C2H/reset_commit_phase_hold_source_reg[1]/C,G2B_ONECH_C2H/shadow_last_channel_reg[5]/D,STABLE_DATA_WITH_SYNCHRONIZED_QUALIFIER,RESET_RETURN,PASS,Group 13 promoted two-family settling and completion-barrier structural proof; retained aggregate destination coverage,EXACT_PRIOR_ROW
CDC-15,Warning,nvp_vclk1->userclk1,Max Delay Datapath Only,G2B_ONECH_C2H/reset_commit_phase_hold_source_reg[1]/C,G2B_ONECH_C2H/shadow_last_channel_reg[5]/S,STABLE_DATA_WITH_SYNCHRONIZED_QUALIFIER,RESET_RETURN,PASS,Group 13 promoted two-family settling and completion-barrier structural proof; retained aggregate destination coverage,EXACT_PRIOR_ROW
CDC-1,Critical,nvp_vclk1->userclk1,Max Delay Datapath Only,G2B_ONECH_C2H/reset_commit_phase_hold_source_reg[1]/C,G2B_ONECH_C2H/shadow_last_channel_reg[6]/CE,STABLE_DATA_WITH_SYNCHRONIZED_QUALIFIER,RESET_RETURN,PASS,Group 13 promoted two-family settling and completion-barrier structural proof; retained aggregate destination coverage,EXACT_PRIOR_ROW
CDC-15,Warning,nvp_vclk1->userclk1,Max Delay Datapath Only,G2B_ONECH_C2H/reset_commit_phase_hold_source_reg[1]/C,G2B_ONECH_C2H/shadow_last_channel_reg[6]/D,STABLE_DATA_WITH_SYNCHRONIZED_QUALIFIER,RESET_RETURN,PASS,Group 13 promoted two-family settling and completion-barrier structural proof; retained aggregate destination coverage,EXACT_PRIOR_ROW
CDC-15,Warning,nvp_vclk1->userclk1,Max Delay Datapath Only,G2B_ONECH_C2H/reset_commit_phase_hold_source_reg[1]/C,G2B_ONECH_C2H/shadow_last_channel_reg[6]/S,STABLE_DATA_WITH_SYNCHRONIZED_QUALIFIER,RESET_RETURN,PASS,Group 13 promoted two-family settling and completion-barrier structural proof; retained aggregate destination coverage,EXACT_PRIOR_ROW
CDC-1,Critical,nvp_vclk1->userclk1,Max Delay Datapath Only,G2B_ONECH_C2H/reset_commit_phase_hold_source_reg[1]/C,G2B_ONECH_C2H/shadow_last_channel_reg[7]/CE,STABLE_DATA_WITH_SYNCHRONIZED_QUALIFIER,RESET_RETURN,PASS,Group 13 promoted two-family settling and completion-barrier structural proof; retained aggregate destination coverage,EXACT_PRIOR_ROW
CDC-15,Warning,nvp_vclk1->userclk1,Max Delay Datapath Only,G2B_ONECH_C2H/reset_commit_phase_hold_source_reg[1]/C,G2B_ONECH_C2H/shadow_last_channel_reg[7]/D,STABLE_DATA_WITH_SYNCHRONIZED_QUALIFIER,RESET_RETURN,PASS,Group 13 promoted two-family settling and completion-barrier structural proof; retained aggregate destination coverage,EXACT_PRIOR_ROW
CDC-15,Warning,nvp_vclk1->userclk1,Max Delay Datapath Only,G2B_ONECH_C2H/reset_commit_phase_hold_source_reg[1]/C,G2B_ONECH_C2H/shadow_last_channel_reg[7]/S,STABLE_DATA_WITH_SYNCHRONIZED_QUALIFIER,RESET_RETURN,PASS,Group 13 promoted two-family settling and completion-barrier structural proof; retained aggregate destination coverage,EXACT_PRIOR_ROW
CDC-1,Critical,nvp_vclk1->userclk1,Max Delay Datapath Only,G2B_ONECH_C2H/reset_commit_phase_hold_source_reg[1]/C,G2B_ONECH_C2H/shadow_last_channel_reg[8]/CE,STABLE_DATA_WITH_SYNCHRONIZED_QUALIFIER,RESET_RETURN,PASS,Group 13 promoted two-family settling and completion-barrier structural proof; retained aggregate destination coverage,EXACT_PRIOR_ROW
CDC-15,Warning,nvp_vclk1->userclk1,Max Delay Datapath Only,G2B_ONECH_C2H/reset_commit_phase_hold_source_reg[1]/C,G2B_ONECH_C2H/shadow_last_channel_reg[8]/D,STABLE_DATA_WITH_SYNCHRONIZED_QUALIFIER,RESET_RETURN,PASS,Group 13 promoted two-family settling and completion-barrier structural proof; retained aggregate destination coverage,EXACT_PRIOR_ROW
CDC-15,Warning,nvp_vclk1->userclk1,Max Delay Datapath Only,G2B_ONECH_C2H/reset_commit_phase_hold_source_reg[1]/C,G2B_ONECH_C2H/shadow_last_channel_reg[8]/S,STABLE_DATA_WITH_SYNCHRONIZED_QUALIFIER,RESET_RETURN,PASS,Group 13 promoted two-family settling and completion-barrier structural proof; retained aggregate destination coverage,EXACT_PRIOR_ROW
CDC-1,Critical,nvp_vclk1->userclk1,Max Delay Datapath Only,G2B_ONECH_C2H/reset_commit_phase_hold_source_reg[1]/C,G2B_ONECH_C2H/shadow_last_channel_reg[9]/CE,STABLE_DATA_WITH_SYNCHRONIZED_QUALIFIER,RESET_RETURN,PASS,Group 13 promoted two-family settling and completion-barrier structural proof; retained aggregate destination coverage,EXACT_PRIOR_ROW
CDC-15,Warning,nvp_vclk1->userclk1,Max Delay Datapath Only,G2B_ONECH_C2H/reset_commit_phase_hold_source_reg[1]/C,G2B_ONECH_C2H/shadow_last_channel_reg[9]/D,STABLE_DATA_WITH_SYNCHRONIZED_QUALIFIER,RESET_RETURN,PASS,Group 13 promoted two-family settling and completion-barrier structural proof; retained aggregate destination coverage,EXACT_PRIOR_ROW
CDC-15,Warning,nvp_vclk1->userclk1,Max Delay Datapath Only,G2B_ONECH_C2H/reset_commit_phase_hold_source_reg[1]/C,G2B_ONECH_C2H/shadow_last_channel_reg[9]/S,STABLE_DATA_WITH_SYNCHRONIZED_QUALIFIER,RESET_RETURN,PASS,Group 13 promoted two-family settling and completion-barrier structural proof; retained aggregate destination coverage,EXACT_PRIOR_ROW
CDC-1,Critical,nvp_vclk1->userclk1,Max Delay Datapath Only,G2B_ONECH_C2H/reset_commit_phase_hold_source_reg[1]/C,G2B_ONECH_C2H/shadow_last_channel_reg[10]/CE,STABLE_DATA_WITH_SYNCHRONIZED_QUALIFIER,RESET_RETURN,PASS,Group 13 promoted two-family settling and completion-barrier structural proof; retained aggregate destination coverage,EXACT_PRIOR_ROW
CDC-15,Warning,nvp_vclk1->userclk1,Max Delay Datapath Only,G2B_ONECH_C2H/reset_commit_phase_hold_source_reg[1]/C,G2B_ONECH_C2H/shadow_last_channel_reg[10]/D,STABLE_DATA_WITH_SYNCHRONIZED_QUALIFIER,RESET_RETURN,PASS,Group 13 promoted two-family settling and completion-barrier structural proof; retained aggregate destination coverage,EXACT_PRIOR_ROW
CDC-15,Warning,nvp_vclk1->userclk1,Max Delay Datapath Only,G2B_ONECH_C2H/reset_commit_phase_hold_source_reg[1]/C,G2B_ONECH_C2H/shadow_last_channel_reg[10]/S,STABLE_DATA_WITH_SYNCHRONIZED_QUALIFIER,RESET_RETURN,PASS,Group 13 promoted two-family settling and completion-barrier structural proof; retained aggregate destination coverage,EXACT_PRIOR_ROW
CDC-1,Critical,nvp_vclk1->userclk1,Max Delay Datapath Only,G2B_ONECH_C2H/reset_commit_phase_hold_source_reg[1]/C,G2B_ONECH_C2H/shadow_last_channel_reg[11]/CE,STABLE_DATA_WITH_SYNCHRONIZED_QUALIFIER,RESET_RETURN,PASS,Group 13 promoted two-family settling and completion-barrier structural proof; retained aggregate destination coverage,EXACT_PRIOR_ROW
CDC-15,Warning,nvp_vclk1->userclk1,Max Delay Datapath Only,G2B_ONECH_C2H/reset_commit_phase_hold_source_reg[1]/C,G2B_ONECH_C2H/shadow_last_channel_reg[11]/D,STABLE_DATA_WITH_SYNCHRONIZED_QUALIFIER,RESET_RETURN,PASS,Group 13 promoted two-family settling and completion-barrier structural proof; retained aggregate destination coverage,EXACT_PRIOR_ROW
CDC-15,Warning,nvp_vclk1->userclk1,Max Delay Datapath Only,G2B_ONECH_C2H/reset_commit_phase_hold_source_reg[1]/C,G2B_ONECH_C2H/shadow_last_channel_reg[11]/S,STABLE_DATA_WITH_SYNCHRONIZED_QUALIFIER,RESET_RETURN,PASS,Group 13 promoted two-family settling and completion-barrier structural proof; retained aggregate destination coverage,EXACT_PRIOR_ROW
CDC-1,Critical,nvp_vclk1->userclk1,Max Delay Datapath Only,G2B_ONECH_C2H/reset_commit_phase_hold_source_reg[1]/C,G2B_ONECH_C2H/shadow_last_channel_reg[12]/CE,STABLE_DATA_WITH_SYNCHRONIZED_QUALIFIER,RESET_RETURN,PASS,Group 13 promoted two-family settling and completion-barrier structural proof; retained aggregate destination coverage,EXACT_PRIOR_ROW
CDC-15,Warning,nvp_vclk1->userclk1,Max Delay Datapath Only,G2B_ONECH_C2H/reset_commit_phase_hold_source_reg[1]/C,G2B_ONECH_C2H/shadow_last_channel_reg[12]/D,STABLE_DATA_WITH_SYNCHRONIZED_QUALIFIER,RESET_RETURN,PASS,Group 13 promoted two-family settling and completion-barrier structural proof; retained aggregate destination coverage,EXACT_PRIOR_ROW
CDC-15,Warning,nvp_vclk1->userclk1,Max Delay Datapath Only,G2B_ONECH_C2H/reset_commit_phase_hold_source_reg[1]/C,G2B_ONECH_C2H/shadow_last_channel_reg[12]/S,STABLE_DATA_WITH_SYNCHRONIZED_QUALIFIER,RESET_RETURN,PASS,Group 13 promoted two-family settling and completion-barrier structural proof; retained aggregate destination coverage,EXACT_PRIOR_ROW
CDC-1,Critical,nvp_vclk1->userclk1,Max Delay Datapath Only,G2B_ONECH_C2H/reset_commit_phase_hold_source_reg[1]/C,G2B_ONECH_C2H/shadow_last_channel_reg[13]/CE,STABLE_DATA_WITH_SYNCHRONIZED_QUALIFIER,RESET_RETURN,PASS,Group 13 promoted two-family settling and completion-barrier structural proof; retained aggregate destination coverage,EXACT_PRIOR_ROW
CDC-15,Warning,nvp_vclk1->userclk1,Max Delay Datapath Only,G2B_ONECH_C2H/reset_commit_phase_hold_source_reg[1]/C,G2B_ONECH_C2H/shadow_last_channel_reg[13]/D,STABLE_DATA_WITH_SYNCHRONIZED_QUALIFIER,RESET_RETURN,PASS,Group 13 promoted two-family settling and completion-barrier structural proof; retained aggregate destination coverage,EXACT_PRIOR_ROW
CDC-15,Warning,nvp_vclk1->userclk1,Max Delay Datapath Only,G2B_ONECH_C2H/reset_commit_phase_hold_source_reg[1]/C,G2B_ONECH_C2H/shadow_last_channel_reg[13]/S,STABLE_DATA_WITH_SYNCHRONIZED_QUALIFIER,RESET_RETURN,PASS,Group 13 promoted two-family settling and completion-barrier structural proof; retained aggregate destination coverage,EXACT_PRIOR_ROW
CDC-1,Critical,nvp_vclk1->userclk1,Max Delay Datapath Only,G2B_ONECH_C2H/reset_commit_phase_hold_source_reg[1]/C,G2B_ONECH_C2H/shadow_last_channel_reg[14]/CE,STABLE_DATA_WITH_SYNCHRONIZED_QUALIFIER,RESET_RETURN,PASS,Group 13 promoted two-family settling and completion-barrier structural proof; retained aggregate destination coverage,EXACT_PRIOR_ROW
CDC-15,Warning,nvp_vclk1->userclk1,Max Delay Datapath Only,G2B_ONECH_C2H/reset_commit_phase_hold_source_reg[1]/C,G2B_ONECH_C2H/shadow_last_channel_reg[14]/D,STABLE_DATA_WITH_SYNCHRONIZED_QUALIFIER,RESET_RETURN,PASS,Group 13 promoted two-family settling and completion-barrier structural proof; retained aggregate destination coverage,EXACT_PRIOR_ROW
CDC-15,Warning,nvp_vclk1->userclk1,Max Delay Datapath Only,G2B_ONECH_C2H/reset_commit_phase_hold_source_reg[1]/C,G2B_ONECH_C2H/shadow_last_channel_reg[14]/S,STABLE_DATA_WITH_SYNCHRONIZED_QUALIFIER,RESET_RETURN,PASS,Group 13 promoted two-family settling and completion-barrier structural proof; retained aggregate destination coverage,EXACT_PRIOR_ROW
CDC-1,Critical,nvp_vclk1->userclk1,Max Delay Datapath Only,G2B_ONECH_C2H/reset_commit_phase_hold_source_reg[1]/C,G2B_ONECH_C2H/shadow_last_channel_reg[15]/CE,STABLE_DATA_WITH_SYNCHRONIZED_QUALIFIER,RESET_RETURN,PASS,Group 13 promoted two-family settling and completion-barrier structural proof; retained aggregate destination coverage,EXACT_PRIOR_ROW
CDC-15,Warning,nvp_vclk1->userclk1,Max Delay Datapath Only,G2B_ONECH_C2H/reset_commit_phase_hold_source_reg[1]/C,G2B_ONECH_C2H/shadow_last_channel_reg[15]/D,STABLE_DATA_WITH_SYNCHRONIZED_QUALIFIER,RESET_RETURN,PASS,Group 13 promoted two-family settling and completion-barrier structural proof; retained aggregate destination coverage,EXACT_PRIOR_ROW
CDC-15,Warning,nvp_vclk1->userclk1,Max Delay Datapath Only,G2B_ONECH_C2H/reset_commit_phase_hold_source_reg[1]/C,G2B_ONECH_C2H/shadow_last_channel_reg[15]/S,STABLE_DATA_WITH_SYNCHRONIZED_QUALIFIER,RESET_RETURN,PASS,Group 13 promoted two-family settling and completion-barrier structural proof; retained aggregate destination coverage,EXACT_PRIOR_ROW
CDC-1,Critical,nvp_vclk1->userclk1,Max Delay Datapath Only,G2B_ONECH_C2H/reset_commit_phase_hold_source_reg[1]/C,G2B_ONECH_C2H/shadow_last_channel_reg[16]/CE,STABLE_DATA_WITH_SYNCHRONIZED_QUALIFIER,RESET_RETURN,PASS,Group 13 promoted two-family settling and completion-barrier structural proof; retained aggregate destination coverage,EXACT_PRIOR_ROW
CDC-15,Warning,nvp_vclk1->userclk1,Max Delay Datapath Only,G2B_ONECH_C2H/reset_commit_phase_hold_source_reg[1]/C,G2B_ONECH_C2H/shadow_last_channel_reg[16]/D,STABLE_DATA_WITH_SYNCHRONIZED_QUALIFIER,RESET_RETURN,PASS,Group 13 promoted two-family settling and completion-barrier structural proof; retained aggregate destination coverage,EXACT_PRIOR_ROW
CDC-15,Warning,nvp_vclk1->userclk1,Max Delay Datapath Only,G2B_ONECH_C2H/reset_commit_phase_hold_source_reg[1]/C,G2B_ONECH_C2H/shadow_last_channel_reg[16]/S,STABLE_DATA_WITH_SYNCHRONIZED_QUALIFIER,RESET_RETURN,PASS,Group 13 promoted two-family settling and completion-barrier structural proof; retained aggregate destination coverage,EXACT_PRIOR_ROW
CDC-1,Critical,nvp_vclk1->userclk1,Max Delay Datapath Only,G2B_ONECH_C2H/reset_commit_phase_hold_source_reg[1]/C,G2B_ONECH_C2H/shadow_last_channel_reg[17]/CE,STABLE_DATA_WITH_SYNCHRONIZED_QUALIFIER,RESET_RETURN,PASS,Group 13 promoted two-family settling and completion-barrier structural proof; retained aggregate destination coverage,EXACT_PRIOR_ROW
CDC-15,Warning,nvp_vclk1->userclk1,Max Delay Datapath Only,G2B_ONECH_C2H/reset_commit_phase_hold_source_reg[1]/C,G2B_ONECH_C2H/shadow_last_channel_reg[17]/D,STABLE_DATA_WITH_SYNCHRONIZED_QUALIFIER,RESET_RETURN,PASS,Group 13 promoted two-family settling and completion-barrier structural proof; retained aggregate destination coverage,EXACT_PRIOR_ROW
CDC-15,Warning,nvp_vclk1->userclk1,Max Delay Datapath Only,G2B_ONECH_C2H/reset_commit_phase_hold_source_reg[1]/C,G2B_ONECH_C2H/shadow_last_channel_reg[17]/S,STABLE_DATA_WITH_SYNCHRONIZED_QUALIFIER,RESET_RETURN,PASS,Group 13 promoted two-family settling and completion-barrier structural proof; retained aggregate destination coverage,EXACT_PRIOR_ROW
CDC-1,Critical,nvp_vclk1->userclk1,Max Delay Datapath Only,G2B_ONECH_C2H/reset_commit_phase_hold_source_reg[1]/C,G2B_ONECH_C2H/shadow_last_channel_reg[18]/CE,STABLE_DATA_WITH_SYNCHRONIZED_QUALIFIER,RESET_RETURN,PASS,Group 13 promoted two-family settling and completion-barrier structural proof; retained aggregate destination coverage,EXACT_PRIOR_ROW
CDC-15,Warning,nvp_vclk1->userclk1,Max Delay Datapath Only,G2B_ONECH_C2H/reset_commit_phase_hold_source_reg[1]/C,G2B_ONECH_C2H/shadow_last_channel_reg[18]/D,STABLE_DATA_WITH_SYNCHRONIZED_QUALIFIER,RESET_RETURN,PASS,Group 13 promoted two-family settling and completion-barrier structural proof; retained aggregate destination coverage,EXACT_PRIOR_ROW
CDC-15,Warning,nvp_vclk1->userclk1,Max Delay Datapath Only,G2B_ONECH_C2H/reset_commit_phase_hold_source_reg[1]/C,G2B_ONECH_C2H/shadow_last_channel_reg[18]/S,STABLE_DATA_WITH_SYNCHRONIZED_QUALIFIER,RESET_RETURN,PASS,Group 13 promoted two-family settling and completion-barrier structural proof; retained aggregate destination coverage,EXACT_PRIOR_ROW
CDC-1,Critical,nvp_vclk1->userclk1,Max Delay Datapath Only,G2B_ONECH_C2H/reset_commit_phase_hold_source_reg[1]/C,G2B_ONECH_C2H/shadow_last_channel_reg[19]/CE,STABLE_DATA_WITH_SYNCHRONIZED_QUALIFIER,RESET_RETURN,PASS,Group 13 promoted two-family settling and completion-barrier structural proof; retained aggregate destination coverage,EXACT_PRIOR_ROW
CDC-15,Warning,nvp_vclk1->userclk1,Max Delay Datapath Only,G2B_ONECH_C2H/reset_commit_phase_hold_source_reg[1]/C,G2B_ONECH_C2H/shadow_last_channel_reg[19]/D,STABLE_DATA_WITH_SYNCHRONIZED_QUALIFIER,RESET_RETURN,PASS,Group 13 promoted two-family settling and completion-barrier structural proof; retained aggregate destination coverage,EXACT_PRIOR_ROW
CDC-15,Warning,nvp_vclk1->userclk1,Max Delay Datapath Only,G2B_ONECH_C2H/reset_commit_phase_hold_source_reg[1]/C,G2B_ONECH_C2H/shadow_last_channel_reg[19]/S,STABLE_DATA_WITH_SYNCHRONIZED_QUALIFIER,RESET_RETURN,PASS,Group 13 promoted two-family settling and completion-barrier structural proof; retained aggregate destination coverage,EXACT_PRIOR_ROW
CDC-1,Critical,nvp_vclk1->userclk1,Max Delay Datapath Only,G2B_ONECH_C2H/reset_commit_phase_hold_source_reg[1]/C,G2B_ONECH_C2H/shadow_last_channel_reg[20]/CE,STABLE_DATA_WITH_SYNCHRONIZED_QUALIFIER,RESET_RETURN,PASS,Group 13 promoted two-family settling and completion-barrier structural proof; retained aggregate destination coverage,EXACT_PRIOR_ROW
CDC-15,Warning,nvp_vclk1->userclk1,Max Delay Datapath Only,G2B_ONECH_C2H/reset_commit_phase_hold_source_reg[1]/C,G2B_ONECH_C2H/shadow_last_channel_reg[20]/D,STABLE_DATA_WITH_SYNCHRONIZED_QUALIFIER,RESET_RETURN,PASS,Group 13 promoted two-family settling and completion-barrier structural proof; retained aggregate destination coverage,EXACT_PRIOR_ROW
CDC-15,Warning,nvp_vclk1->userclk1,Max Delay Datapath Only,G2B_ONECH_C2H/reset_commit_phase_hold_source_reg[1]/C,G2B_ONECH_C2H/shadow_last_channel_reg[20]/S,STABLE_DATA_WITH_SYNCHRONIZED_QUALIFIER,RESET_RETURN,PASS,Group 13 promoted two-family settling and completion-barrier structural proof; retained aggregate destination coverage,EXACT_PRIOR_ROW
CDC-1,Critical,nvp_vclk1->userclk1,Max Delay Datapath Only,G2B_ONECH_C2H/reset_commit_phase_hold_source_reg[1]/C,G2B_ONECH_C2H/shadow_last_channel_reg[21]/CE,STABLE_DATA_WITH_SYNCHRONIZED_QUALIFIER,RESET_RETURN,PASS,Group 13 promoted two-family settling and completion-barrier structural proof; retained aggregate destination coverage,EXACT_PRIOR_ROW
CDC-15,Warning,nvp_vclk1->userclk1,Max Delay Datapath Only,G2B_ONECH_C2H/reset_commit_phase_hold_source_reg[1]/C,G2B_ONECH_C2H/shadow_last_channel_reg[21]/D,STABLE_DATA_WITH_SYNCHRONIZED_QUALIFIER,RESET_RETURN,PASS,Group 13 promoted two-family settling and completion-barrier structural proof; retained aggregate destination coverage,EXACT_PRIOR_ROW
CDC-15,Warning,nvp_vclk1->userclk1,Max Delay Datapath Only,G2B_ONECH_C2H/reset_commit_phase_hold_source_reg[1]/C,G2B_ONECH_C2H/shadow_last_channel_reg[21]/S,STABLE_DATA_WITH_SYNCHRONIZED_QUALIFIER,RESET_RETURN,PASS,Group 13 promoted two-family settling and completion-barrier structural proof; retained aggregate destination coverage,EXACT_PRIOR_ROW
CDC-1,Critical,nvp_vclk1->userclk1,Max Delay Datapath Only,G2B_ONECH_C2H/reset_commit_phase_hold_source_reg[1]/C,G2B_ONECH_C2H/shadow_last_channel_reg[22]/CE,STABLE_DATA_WITH_SYNCHRONIZED_QUALIFIER,RESET_RETURN,PASS,Group 13 promoted two-family settling and completion-barrier structural proof; retained aggregate destination coverage,EXACT_PRIOR_ROW
CDC-15,Warning,nvp_vclk1->userclk1,Max Delay Datapath Only,G2B_ONECH_C2H/reset_commit_phase_hold_source_reg[1]/C,G2B_ONECH_C2H/shadow_last_channel_reg[22]/D,STABLE_DATA_WITH_SYNCHRONIZED_QUALIFIER,RESET_RETURN,PASS,Group 13 promoted two-family settling and completion-barrier structural proof; retained aggregate destination coverage,EXACT_PRIOR_ROW
CDC-15,Warning,nvp_vclk1->userclk1,Max Delay Datapath Only,G2B_ONECH_C2H/reset_commit_phase_hold_source_reg[1]/C,G2B_ONECH_C2H/shadow_last_channel_reg[22]/S,STABLE_DATA_WITH_SYNCHRONIZED_QUALIFIER,RESET_RETURN,PASS,Group 13 promoted two-family settling and completion-barrier structural proof; retained aggregate destination coverage,EXACT_PRIOR_ROW
CDC-1,Critical,nvp_vclk1->userclk1,Max Delay Datapath Only,G2B_ONECH_C2H/reset_commit_phase_hold_source_reg[1]/C,G2B_ONECH_C2H/shadow_last_channel_reg[23]/CE,STABLE_DATA_WITH_SYNCHRONIZED_QUALIFIER,RESET_RETURN,PASS,Group 13 promoted two-family settling and completion-barrier structural proof; retained aggregate destination coverage,EXACT_PRIOR_ROW
CDC-15,Warning,nvp_vclk1->userclk1,Max Delay Datapath Only,G2B_ONECH_C2H/reset_commit_phase_hold_source_reg[1]/C,G2B_ONECH_C2H/shadow_last_channel_reg[23]/D,STABLE_DATA_WITH_SYNCHRONIZED_QUALIFIER,RESET_RETURN,PASS,Group 13 promoted two-family settling and completion-barrier structural proof; retained aggregate destination coverage,EXACT_PRIOR_ROW
CDC-15,Warning,nvp_vclk1->userclk1,Max Delay Datapath Only,G2B_ONECH_C2H/reset_commit_phase_hold_source_reg[1]/C,G2B_ONECH_C2H/shadow_last_channel_reg[23]/S,STABLE_DATA_WITH_SYNCHRONIZED_QUALIFIER,RESET_RETURN,PASS,Group 13 promoted two-family settling and completion-barrier structural proof; retained aggregate destination coverage,EXACT_PRIOR_ROW
CDC-1,Critical,nvp_vclk1->userclk1,Max Delay Datapath Only,G2B_ONECH_C2H/reset_commit_phase_hold_source_reg[1]/C,G2B_ONECH_C2H/shadow_last_channel_reg[24]/CE,STABLE_DATA_WITH_SYNCHRONIZED_QUALIFIER,RESET_RETURN,PASS,Group 13 promoted two-family settling and completion-barrier structural proof; retained aggregate destination coverage,EXACT_PRIOR_ROW
CDC-15,Warning,nvp_vclk1->userclk1,Max Delay Datapath Only,G2B_ONECH_C2H/reset_commit_phase_hold_source_reg[1]/C,G2B_ONECH_C2H/shadow_last_channel_reg[24]/D,STABLE_DATA_WITH_SYNCHRONIZED_QUALIFIER,RESET_RETURN,PASS,Group 13 promoted two-family settling and completion-barrier structural proof; retained aggregate destination coverage,EXACT_PRIOR_ROW
CDC-15,Warning,nvp_vclk1->userclk1,Max Delay Datapath Only,G2B_ONECH_C2H/reset_commit_phase_hold_source_reg[1]/C,G2B_ONECH_C2H/shadow_last_channel_reg[24]/S,STABLE_DATA_WITH_SYNCHRONIZED_QUALIFIER,RESET_RETURN,PASS,Group 13 promoted two-family settling and completion-barrier structural proof; retained aggregate destination coverage,EXACT_PRIOR_ROW
CDC-1,Critical,nvp_vclk1->userclk1,Max Delay Datapath Only,G2B_ONECH_C2H/reset_commit_phase_hold_source_reg[1]/C,G2B_ONECH_C2H/shadow_last_channel_reg[25]/CE,STABLE_DATA_WITH_SYNCHRONIZED_QUALIFIER,RESET_RETURN,PASS,Group 13 promoted two-family settling and completion-barrier structural proof; retained aggregate destination coverage,EXACT_PRIOR_ROW
CDC-15,Warning,nvp_vclk1->userclk1,Max Delay Datapath Only,G2B_ONECH_C2H/reset_commit_phase_hold_source_reg[1]/C,G2B_ONECH_C2H/shadow_last_channel_reg[25]/D,STABLE_DATA_WITH_SYNCHRONIZED_QUALIFIER,RESET_RETURN,PASS,Group 13 promoted two-family settling and completion-barrier structural proof; retained aggregate destination coverage,EXACT_PRIOR_ROW
CDC-15,Warning,nvp_vclk1->userclk1,Max Delay Datapath Only,G2B_ONECH_C2H/reset_commit_phase_hold_source_reg[1]/C,G2B_ONECH_C2H/shadow_last_channel_reg[25]/S,STABLE_DATA_WITH_SYNCHRONIZED_QUALIFIER,RESET_RETURN,PASS,Group 13 promoted two-family settling and completion-barrier structural proof; retained aggregate destination coverage,EXACT_PRIOR_ROW
CDC-1,Critical,nvp_vclk1->userclk1,Max Delay Datapath Only,G2B_ONECH_C2H/reset_commit_phase_hold_source_reg[1]/C,G2B_ONECH_C2H/shadow_last_channel_reg[26]/CE,STABLE_DATA_WITH_SYNCHRONIZED_QUALIFIER,RESET_RETURN,PASS,Group 13 promoted two-family settling and completion-barrier structural proof; retained aggregate destination coverage,EXACT_PRIOR_ROW
CDC-15,Warning,nvp_vclk1->userclk1,Max Delay Datapath Only,G2B_ONECH_C2H/reset_commit_phase_hold_source_reg[1]/C,G2B_ONECH_C2H/shadow_last_channel_reg[26]/D,STABLE_DATA_WITH_SYNCHRONIZED_QUALIFIER,RESET_RETURN,PASS,Group 13 promoted two-family settling and completion-barrier structural proof; retained aggregate destination coverage,EXACT_PRIOR_ROW
CDC-15,Warning,nvp_vclk1->userclk1,Max Delay Datapath Only,G2B_ONECH_C2H/reset_commit_phase_hold_source_reg[1]/C,G2B_ONECH_C2H/shadow_last_channel_reg[26]/S,STABLE_DATA_WITH_SYNCHRONIZED_QUALIFIER,RESET_RETURN,PASS,Group 13 promoted two-family settling and completion-barrier structural proof; retained aggregate destination coverage,EXACT_PRIOR_ROW
CDC-1,Critical,nvp_vclk1->userclk1,Max Delay Datapath Only,G2B_ONECH_C2H/reset_commit_phase_hold_source_reg[1]/C,G2B_ONECH_C2H/shadow_last_channel_reg[27]/CE,STABLE_DATA_WITH_SYNCHRONIZED_QUALIFIER,RESET_RETURN,PASS,Group 13 promoted two-family settling and completion-barrier structural proof; retained aggregate destination coverage,EXACT_PRIOR_ROW
CDC-15,Warning,nvp_vclk1->userclk1,Max Delay Datapath Only,G2B_ONECH_C2H/reset_commit_phase_hold_source_reg[1]/C,G2B_ONECH_C2H/shadow_last_channel_reg[27]/D,STABLE_DATA_WITH_SYNCHRONIZED_QUALIFIER,RESET_RETURN,PASS,Group 13 promoted two-family settling and completion-barrier structural proof; retained aggregate destination coverage,EXACT_PRIOR_ROW
CDC-15,Warning,nvp_vclk1->userclk1,Max Delay Datapath Only,G2B_ONECH_C2H/reset_commit_phase_hold_source_reg[1]/C,G2B_ONECH_C2H/shadow_last_channel_reg[27]/S,STABLE_DATA_WITH_SYNCHRONIZED_QUALIFIER,RESET_RETURN,PASS,Group 13 promoted two-family settling and completion-barrier structural proof; retained aggregate destination coverage,EXACT_PRIOR_ROW
CDC-1,Critical,nvp_vclk1->userclk1,Max Delay Datapath Only,G2B_ONECH_C2H/reset_commit_phase_hold_source_reg[1]/C,G2B_ONECH_C2H/shadow_last_channel_reg[28]/CE,STABLE_DATA_WITH_SYNCHRONIZED_QUALIFIER,RESET_RETURN,PASS,Group 13 promoted two-family settling and completion-barrier structural proof; retained aggregate destination coverage,EXACT_PRIOR_ROW
CDC-15,Warning,nvp_vclk1->userclk1,Max Delay Datapath Only,G2B_ONECH_C2H/reset_commit_phase_hold_source_reg[1]/C,G2B_ONECH_C2H/shadow_last_channel_reg[28]/D,STABLE_DATA_WITH_SYNCHRONIZED_QUALIFIER,RESET_RETURN,PASS,Group 13 promoted two-family settling and completion-barrier structural proof; retained aggregate destination coverage,EXACT_PRIOR_ROW
CDC-15,Warning,nvp_vclk1->userclk1,Max Delay Datapath Only,G2B_ONECH_C2H/reset_commit_phase_hold_source_reg[1]/C,G2B_ONECH_C2H/shadow_last_channel_reg[28]/S,STABLE_DATA_WITH_SYNCHRONIZED_QUALIFIER,RESET_RETURN,PASS,Group 13 promoted two-family settling and completion-barrier structural proof; retained aggregate destination coverage,EXACT_PRIOR_ROW
CDC-1,Critical,nvp_vclk1->userclk1,Max Delay Datapath Only,G2B_ONECH_C2H/reset_commit_phase_hold_source_reg[1]/C,G2B_ONECH_C2H/shadow_last_channel_reg[29]/CE,STABLE_DATA_WITH_SYNCHRONIZED_QUALIFIER,RESET_RETURN,PASS,Group 13 promoted two-family settling and completion-barrier structural proof; retained aggregate destination coverage,EXACT_PRIOR_ROW
CDC-15,Warning,nvp_vclk1->userclk1,Max Delay Datapath Only,G2B_ONECH_C2H/reset_commit_phase_hold_source_reg[1]/C,G2B_ONECH_C2H/shadow_last_channel_reg[29]/D,STABLE_DATA_WITH_SYNCHRONIZED_QUALIFIER,RESET_RETURN,PASS,Group 13 promoted two-family settling and completion-barrier structural proof; retained aggregate destination coverage,EXACT_PRIOR_ROW
CDC-15,Warning,nvp_vclk1->userclk1,Max Delay Datapath Only,G2B_ONECH_C2H/reset_commit_phase_hold_source_reg[1]/C,G2B_ONECH_C2H/shadow_last_channel_reg[29]/S,STABLE_DATA_WITH_SYNCHRONIZED_QUALIFIER,RESET_RETURN,PASS,Group 13 promoted two-family settling and completion-barrier structural proof; retained aggregate destination coverage,EXACT_PRIOR_ROW
CDC-1,Critical,nvp_vclk1->userclk1,Max Delay Datapath Only,G2B_ONECH_C2H/reset_commit_phase_hold_source_reg[1]/C,G2B_ONECH_C2H/shadow_last_channel_reg[30]/CE,STABLE_DATA_WITH_SYNCHRONIZED_QUALIFIER,RESET_RETURN,PASS,Group 13 promoted two-family settling and completion-barrier structural proof; retained aggregate destination coverage,EXACT_PRIOR_ROW
CDC-15,Warning,nvp_vclk1->userclk1,Max Delay Datapath Only,G2B_ONECH_C2H/reset_commit_phase_hold_source_reg[1]/C,G2B_ONECH_C2H/shadow_last_channel_reg[30]/D,STABLE_DATA_WITH_SYNCHRONIZED_QUALIFIER,RESET_RETURN,PASS,Group 13 promoted two-family settling and completion-barrier structural proof; retained aggregate destination coverage,EXACT_PRIOR_ROW
CDC-15,Warning,nvp_vclk1->userclk1,Max Delay Datapath Only,G2B_ONECH_C2H/reset_commit_phase_hold_source_reg[1]/C,G2B_ONECH_C2H/shadow_last_channel_reg[30]/S,STABLE_DATA_WITH_SYNCHRONIZED_QUALIFIER,RESET_RETURN,PASS,Group 13 promoted two-family settling and completion-barrier structural proof; retained aggregate destination coverage,EXACT_PRIOR_ROW
CDC-1,Critical,nvp_vclk1->userclk1,Max Delay Datapath Only,G2B_ONECH_C2H/reset_commit_phase_hold_source_reg[1]/C,G2B_ONECH_C2H/shadow_last_channel_reg[31]/CE,STABLE_DATA_WITH_SYNCHRONIZED_QUALIFIER,RESET_RETURN,PASS,Group 13 promoted two-family settling and completion-barrier structural proof; retained aggregate destination coverage,EXACT_PRIOR_ROW
CDC-15,Warning,nvp_vclk1->userclk1,Max Delay Datapath Only,G2B_ONECH_C2H/reset_commit_phase_hold_source_reg[1]/C,G2B_ONECH_C2H/shadow_last_channel_reg[31]/D,STABLE_DATA_WITH_SYNCHRONIZED_QUALIFIER,RESET_RETURN,PASS,Group 13 promoted two-family settling and completion-barrier structural proof; retained aggregate destination coverage,EXACT_PRIOR_ROW
CDC-15,Warning,nvp_vclk1->userclk1,Max Delay Datapath Only,G2B_ONECH_C2H/reset_commit_phase_hold_source_reg[1]/C,G2B_ONECH_C2H/shadow_last_channel_reg[31]/S,STABLE_DATA_WITH_SYNCHRONIZED_QUALIFIER,RESET_RETURN,PASS,Group 13 promoted two-family settling and completion-barrier structural proof; retained aggregate destination coverage,EXACT_PRIOR_ROW
CDC-1,Critical,nvp_vclk1->userclk1,Max Delay Datapath Only,G2B_ONECH_C2H/reset_commit_phase_hold_source_reg[1]/C,G2B_ONECH_C2H/shadow_last_global_reg[0]/CE,STABLE_DATA_WITH_SYNCHRONIZED_QUALIFIER,RESET_RETURN,PASS,Group 13 promoted two-family settling and completion-barrier structural proof; retained aggregate destination coverage,EXACT_PRIOR_ROW
CDC-15,Warning,nvp_vclk1->userclk1,Max Delay Datapath Only,G2B_ONECH_C2H/reset_commit_phase_hold_source_reg[1]/C,G2B_ONECH_C2H/shadow_last_global_reg[0]/D,STABLE_DATA_WITH_SYNCHRONIZED_QUALIFIER,RESET_RETURN,PASS,Group 13 promoted two-family settling and completion-barrier structural proof; retained aggregate destination coverage,EXACT_PRIOR_ROW
CDC-15,Warning,nvp_vclk1->userclk1,Max Delay Datapath Only,G2B_ONECH_C2H/reset_commit_phase_hold_source_reg[1]/C,G2B_ONECH_C2H/shadow_last_global_reg[0]/S,STABLE_DATA_WITH_SYNCHRONIZED_QUALIFIER,RESET_RETURN,PASS,Group 13 promoted two-family settling and completion-barrier structural proof; retained aggregate destination coverage,EXACT_PRIOR_ROW
CDC-1,Critical,nvp_vclk1->userclk1,Max Delay Datapath Only,G2B_ONECH_C2H/reset_commit_phase_hold_source_reg[1]/C,G2B_ONECH_C2H/shadow_last_global_reg[1]/CE,STABLE_DATA_WITH_SYNCHRONIZED_QUALIFIER,RESET_RETURN,PASS,Group 13 promoted two-family settling and completion-barrier structural proof; retained aggregate destination coverage,EXACT_PRIOR_ROW
CDC-15,Warning,nvp_vclk1->userclk1,Max Delay Datapath Only,G2B_ONECH_C2H/reset_commit_phase_hold_source_reg[1]/C,G2B_ONECH_C2H/shadow_last_global_reg[1]/D,STABLE_DATA_WITH_SYNCHRONIZED_QUALIFIER,RESET_RETURN,PASS,Group 13 promoted two-family settling and completion-barrier structural proof; retained aggregate destination coverage,EXACT_PRIOR_ROW
CDC-15,Warning,nvp_vclk1->userclk1,Max Delay Datapath Only,G2B_ONECH_C2H/reset_commit_phase_hold_source_reg[1]/C,G2B_ONECH_C2H/shadow_last_global_reg[1]/S,STABLE_DATA_WITH_SYNCHRONIZED_QUALIFIER,RESET_RETURN,PASS,Group 13 promoted two-family settling and completion-barrier structural proof; retained aggregate destination coverage,EXACT_PRIOR_ROW
CDC-1,Critical,nvp_vclk1->userclk1,Max Delay Datapath Only,G2B_ONECH_C2H/reset_commit_phase_hold_source_reg[1]/C,G2B_ONECH_C2H/shadow_last_global_reg[2]/CE,STABLE_DATA_WITH_SYNCHRONIZED_QUALIFIER,RESET_RETURN,PASS,Group 13 promoted two-family settling and completion-barrier structural proof; retained aggregate destination coverage,EXACT_PRIOR_ROW
CDC-15,Warning,nvp_vclk1->userclk1,Max Delay Datapath Only,G2B_ONECH_C2H/reset_commit_phase_hold_source_reg[1]/C,G2B_ONECH_C2H/shadow_last_global_reg[2]/D,STABLE_DATA_WITH_SYNCHRONIZED_QUALIFIER,RESET_RETURN,PASS,Group 13 promoted two-family settling and completion-barrier structural proof; retained aggregate destination coverage,EXACT_PRIOR_ROW
CDC-15,Warning,nvp_vclk1->userclk1,Max Delay Datapath Only,G2B_ONECH_C2H/reset_commit_phase_hold_source_reg[1]/C,G2B_ONECH_C2H/shadow_last_global_reg[2]/S,STABLE_DATA_WITH_SYNCHRONIZED_QUALIFIER,RESET_RETURN,PASS,Group 13 promoted two-family settling and completion-barrier structural proof; retained aggregate destination coverage,EXACT_PRIOR_ROW
CDC-1,Critical,nvp_vclk1->userclk1,Max Delay Datapath Only,G2B_ONECH_C2H/reset_commit_phase_hold_source_reg[1]/C,G2B_ONECH_C2H/shadow_last_global_reg[3]/CE,STABLE_DATA_WITH_SYNCHRONIZED_QUALIFIER,RESET_RETURN,PASS,Group 13 promoted two-family settling and completion-barrier structural proof; retained aggregate destination coverage,EXACT_PRIOR_ROW
CDC-15,Warning,nvp_vclk1->userclk1,Max Delay Datapath Only,G2B_ONECH_C2H/reset_commit_phase_hold_source_reg[1]/C,G2B_ONECH_C2H/shadow_last_global_reg[3]/D,STABLE_DATA_WITH_SYNCHRONIZED_QUALIFIER,RESET_RETURN,PASS,Group 13 promoted two-family settling and completion-barrier structural proof; retained aggregate destination coverage,EXACT_PRIOR_ROW
CDC-15,Warning,nvp_vclk1->userclk1,Max Delay Datapath Only,G2B_ONECH_C2H/reset_commit_phase_hold_source_reg[1]/C,G2B_ONECH_C2H/shadow_last_global_reg[3]/S,STABLE_DATA_WITH_SYNCHRONIZED_QUALIFIER,RESET_RETURN,PASS,Group 13 promoted two-family settling and completion-barrier structural proof; retained aggregate destination coverage,EXACT_PRIOR_ROW
CDC-1,Critical,nvp_vclk1->userclk1,Max Delay Datapath Only,G2B_ONECH_C2H/reset_commit_phase_hold_source_reg[1]/C,G2B_ONECH_C2H/shadow_last_global_reg[4]/CE,STABLE_DATA_WITH_SYNCHRONIZED_QUALIFIER,RESET_RETURN,PASS,Group 13 promoted two-family settling and completion-barrier structural proof; retained aggregate destination coverage,EXACT_PRIOR_ROW
CDC-15,Warning,nvp_vclk1->userclk1,Max Delay Datapath Only,G2B_ONECH_C2H/reset_commit_phase_hold_source_reg[1]/C,G2B_ONECH_C2H/shadow_last_global_reg[4]/D,STABLE_DATA_WITH_SYNCHRONIZED_QUALIFIER,RESET_RETURN,PASS,Group 13 promoted two-family settling and completion-barrier structural proof; retained aggregate destination coverage,EXACT_PRIOR_ROW
CDC-15,Warning,nvp_vclk1->userclk1,Max Delay Datapath Only,G2B_ONECH_C2H/reset_commit_phase_hold_source_reg[1]/C,G2B_ONECH_C2H/shadow_last_global_reg[4]/S,STABLE_DATA_WITH_SYNCHRONIZED_QUALIFIER,RESET_RETURN,PASS,Group 13 promoted two-family settling and completion-barrier structural proof; retained aggregate destination coverage,EXACT_PRIOR_ROW
CDC-1,Critical,nvp_vclk1->userclk1,Max Delay Datapath Only,G2B_ONECH_C2H/reset_commit_phase_hold_source_reg[1]/C,G2B_ONECH_C2H/shadow_last_global_reg[5]/CE,STABLE_DATA_WITH_SYNCHRONIZED_QUALIFIER,RESET_RETURN,PASS,Group 13 promoted two-family settling and completion-barrier structural proof; retained aggregate destination coverage,EXACT_PRIOR_ROW
CDC-15,Warning,nvp_vclk1->userclk1,Max Delay Datapath Only,G2B_ONECH_C2H/reset_commit_phase_hold_source_reg[1]/C,G2B_ONECH_C2H/shadow_last_global_reg[5]/D,STABLE_DATA_WITH_SYNCHRONIZED_QUALIFIER,RESET_RETURN,PASS,Group 13 promoted two-family settling and completion-barrier structural proof; retained aggregate destination coverage,EXACT_PRIOR_ROW
CDC-15,Warning,nvp_vclk1->userclk1,Max Delay Datapath Only,G2B_ONECH_C2H/reset_commit_phase_hold_source_reg[1]/C,G2B_ONECH_C2H/shadow_last_global_reg[5]/S,STABLE_DATA_WITH_SYNCHRONIZED_QUALIFIER,RESET_RETURN,PASS,Group 13 promoted two-family settling and completion-barrier structural proof; retained aggregate destination coverage,EXACT_PRIOR_ROW
CDC-1,Critical,nvp_vclk1->userclk1,Max Delay Datapath Only,G2B_ONECH_C2H/reset_commit_phase_hold_source_reg[1]/C,G2B_ONECH_C2H/shadow_last_global_reg[6]/CE,STABLE_DATA_WITH_SYNCHRONIZED_QUALIFIER,RESET_RETURN,PASS,Group 13 promoted two-family settling and completion-barrier structural proof; retained aggregate destination coverage,EXACT_PRIOR_ROW
CDC-15,Warning,nvp_vclk1->userclk1,Max Delay Datapath Only,G2B_ONECH_C2H/reset_commit_phase_hold_source_reg[1]/C,G2B_ONECH_C2H/shadow_last_global_reg[6]/D,STABLE_DATA_WITH_SYNCHRONIZED_QUALIFIER,RESET_RETURN,PASS,Group 13 promoted two-family settling and completion-barrier structural proof; retained aggregate destination coverage,EXACT_PRIOR_ROW
CDC-15,Warning,nvp_vclk1->userclk1,Max Delay Datapath Only,G2B_ONECH_C2H/reset_commit_phase_hold_source_reg[1]/C,G2B_ONECH_C2H/shadow_last_global_reg[6]/S,STABLE_DATA_WITH_SYNCHRONIZED_QUALIFIER,RESET_RETURN,PASS,Group 13 promoted two-family settling and completion-barrier structural proof; retained aggregate destination coverage,EXACT_PRIOR_ROW
CDC-1,Critical,nvp_vclk1->userclk1,Max Delay Datapath Only,G2B_ONECH_C2H/reset_commit_phase_hold_source_reg[1]/C,G2B_ONECH_C2H/shadow_last_global_reg[7]/CE,STABLE_DATA_WITH_SYNCHRONIZED_QUALIFIER,RESET_RETURN,PASS,Group 13 promoted two-family settling and completion-barrier structural proof; retained aggregate destination coverage,EXACT_PRIOR_ROW
CDC-15,Warning,nvp_vclk1->userclk1,Max Delay Datapath Only,G2B_ONECH_C2H/reset_commit_phase_hold_source_reg[1]/C,G2B_ONECH_C2H/shadow_last_global_reg[7]/D,STABLE_DATA_WITH_SYNCHRONIZED_QUALIFIER,RESET_RETURN,PASS,Group 13 promoted two-family settling and completion-barrier structural proof; retained aggregate destination coverage,EXACT_PRIOR_ROW
CDC-15,Warning,nvp_vclk1->userclk1,Max Delay Datapath Only,G2B_ONECH_C2H/reset_commit_phase_hold_source_reg[1]/C,G2B_ONECH_C2H/shadow_last_global_reg[7]/S,STABLE_DATA_WITH_SYNCHRONIZED_QUALIFIER,RESET_RETURN,PASS,Group 13 promoted two-family settling and completion-barrier structural proof; retained aggregate destination coverage,EXACT_PRIOR_ROW
CDC-1,Critical,nvp_vclk1->userclk1,Max Delay Datapath Only,G2B_ONECH_C2H/reset_commit_phase_hold_source_reg[1]/C,G2B_ONECH_C2H/shadow_last_global_reg[8]/CE,STABLE_DATA_WITH_SYNCHRONIZED_QUALIFIER,RESET_RETURN,PASS,Group 13 promoted two-family settling and completion-barrier structural proof; retained aggregate destination coverage,EXACT_PRIOR_ROW
CDC-15,Warning,nvp_vclk1->userclk1,Max Delay Datapath Only,G2B_ONECH_C2H/reset_commit_phase_hold_source_reg[1]/C,G2B_ONECH_C2H/shadow_last_global_reg[8]/D,STABLE_DATA_WITH_SYNCHRONIZED_QUALIFIER,RESET_RETURN,PASS,Group 13 promoted two-family settling and completion-barrier structural proof; retained aggregate destination coverage,EXACT_PRIOR_ROW
CDC-15,Warning,nvp_vclk1->userclk1,Max Delay Datapath Only,G2B_ONECH_C2H/reset_commit_phase_hold_source_reg[1]/C,G2B_ONECH_C2H/shadow_last_global_reg[8]/S,STABLE_DATA_WITH_SYNCHRONIZED_QUALIFIER,RESET_RETURN,PASS,Group 13 promoted two-family settling and completion-barrier structural proof; retained aggregate destination coverage,EXACT_PRIOR_ROW
CDC-1,Critical,nvp_vclk1->userclk1,Max Delay Datapath Only,G2B_ONECH_C2H/reset_commit_phase_hold_source_reg[1]/C,G2B_ONECH_C2H/shadow_last_global_reg[9]/CE,STABLE_DATA_WITH_SYNCHRONIZED_QUALIFIER,RESET_RETURN,PASS,Group 13 promoted two-family settling and completion-barrier structural proof; retained aggregate destination coverage,EXACT_PRIOR_ROW
CDC-15,Warning,nvp_vclk1->userclk1,Max Delay Datapath Only,G2B_ONECH_C2H/reset_commit_phase_hold_source_reg[1]/C,G2B_ONECH_C2H/shadow_last_global_reg[9]/D,STABLE_DATA_WITH_SYNCHRONIZED_QUALIFIER,RESET_RETURN,PASS,Group 13 promoted two-family settling and completion-barrier structural proof; retained aggregate destination coverage,EXACT_PRIOR_ROW
CDC-15,Warning,nvp_vclk1->userclk1,Max Delay Datapath Only,G2B_ONECH_C2H/reset_commit_phase_hold_source_reg[1]/C,G2B_ONECH_C2H/shadow_last_global_reg[9]/S,STABLE_DATA_WITH_SYNCHRONIZED_QUALIFIER,RESET_RETURN,PASS,Group 13 promoted two-family settling and completion-barrier structural proof; retained aggregate destination coverage,EXACT_PRIOR_ROW
CDC-1,Critical,nvp_vclk1->userclk1,Max Delay Datapath Only,G2B_ONECH_C2H/reset_commit_phase_hold_source_reg[1]/C,G2B_ONECH_C2H/shadow_last_global_reg[10]/CE,STABLE_DATA_WITH_SYNCHRONIZED_QUALIFIER,RESET_RETURN,PASS,Group 13 promoted two-family settling and completion-barrier structural proof; retained aggregate destination coverage,EXACT_PRIOR_ROW
CDC-15,Warning,nvp_vclk1->userclk1,Max Delay Datapath Only,G2B_ONECH_C2H/reset_commit_phase_hold_source_reg[1]/C,G2B_ONECH_C2H/shadow_last_global_reg[10]/D,STABLE_DATA_WITH_SYNCHRONIZED_QUALIFIER,RESET_RETURN,PASS,Group 13 promoted two-family settling and completion-barrier structural proof; retained aggregate destination coverage,EXACT_PRIOR_ROW
CDC-15,Warning,nvp_vclk1->userclk1,Max Delay Datapath Only,G2B_ONECH_C2H/reset_commit_phase_hold_source_reg[1]/C,G2B_ONECH_C2H/shadow_last_global_reg[10]/S,STABLE_DATA_WITH_SYNCHRONIZED_QUALIFIER,RESET_RETURN,PASS,Group 13 promoted two-family settling and completion-barrier structural proof; retained aggregate destination coverage,EXACT_PRIOR_ROW
CDC-1,Critical,nvp_vclk1->userclk1,Max Delay Datapath Only,G2B_ONECH_C2H/reset_commit_phase_hold_source_reg[1]/C,G2B_ONECH_C2H/shadow_last_global_reg[11]/CE,STABLE_DATA_WITH_SYNCHRONIZED_QUALIFIER,RESET_RETURN,PASS,Group 13 promoted two-family settling and completion-barrier structural proof; retained aggregate destination coverage,EXACT_PRIOR_ROW
CDC-15,Warning,nvp_vclk1->userclk1,Max Delay Datapath Only,G2B_ONECH_C2H/reset_commit_phase_hold_source_reg[1]/C,G2B_ONECH_C2H/shadow_last_global_reg[11]/D,STABLE_DATA_WITH_SYNCHRONIZED_QUALIFIER,RESET_RETURN,PASS,Group 13 promoted two-family settling and completion-barrier structural proof; retained aggregate destination coverage,EXACT_PRIOR_ROW
CDC-15,Warning,nvp_vclk1->userclk1,Max Delay Datapath Only,G2B_ONECH_C2H/reset_commit_phase_hold_source_reg[1]/C,G2B_ONECH_C2H/shadow_last_global_reg[11]/S,STABLE_DATA_WITH_SYNCHRONIZED_QUALIFIER,RESET_RETURN,PASS,Group 13 promoted two-family settling and completion-barrier structural proof; retained aggregate destination coverage,EXACT_PRIOR_ROW
CDC-1,Critical,nvp_vclk1->userclk1,Max Delay Datapath Only,G2B_ONECH_C2H/reset_commit_phase_hold_source_reg[1]/C,G2B_ONECH_C2H/shadow_last_global_reg[12]/CE,STABLE_DATA_WITH_SYNCHRONIZED_QUALIFIER,RESET_RETURN,PASS,Group 13 promoted two-family settling and completion-barrier structural proof; retained aggregate destination coverage,EXACT_PRIOR_ROW
CDC-15,Warning,nvp_vclk1->userclk1,Max Delay Datapath Only,G2B_ONECH_C2H/reset_commit_phase_hold_source_reg[1]/C,G2B_ONECH_C2H/shadow_last_global_reg[12]/D,STABLE_DATA_WITH_SYNCHRONIZED_QUALIFIER,RESET_RETURN,PASS,Group 13 promoted two-family settling and completion-barrier structural proof; retained aggregate destination coverage,EXACT_PRIOR_ROW
CDC-15,Warning,nvp_vclk1->userclk1,Max Delay Datapath Only,G2B_ONECH_C2H/reset_commit_phase_hold_source_reg[1]/C,G2B_ONECH_C2H/shadow_last_global_reg[12]/S,STABLE_DATA_WITH_SYNCHRONIZED_QUALIFIER,RESET_RETURN,PASS,Group 13 promoted two-family settling and completion-barrier structural proof; retained aggregate destination coverage,EXACT_PRIOR_ROW
CDC-1,Critical,nvp_vclk1->userclk1,Max Delay Datapath Only,G2B_ONECH_C2H/reset_commit_phase_hold_source_reg[1]/C,G2B_ONECH_C2H/shadow_last_global_reg[13]/CE,STABLE_DATA_WITH_SYNCHRONIZED_QUALIFIER,RESET_RETURN,PASS,Group 13 promoted two-family settling and completion-barrier structural proof; retained aggregate destination coverage,EXACT_PRIOR_ROW
CDC-15,Warning,nvp_vclk1->userclk1,Max Delay Datapath Only,G2B_ONECH_C2H/reset_commit_phase_hold_source_reg[1]/C,G2B_ONECH_C2H/shadow_last_global_reg[13]/D,STABLE_DATA_WITH_SYNCHRONIZED_QUALIFIER,RESET_RETURN,PASS,Group 13 promoted two-family settling and completion-barrier structural proof; retained aggregate destination coverage,EXACT_PRIOR_ROW
CDC-15,Warning,nvp_vclk1->userclk1,Max Delay Datapath Only,G2B_ONECH_C2H/reset_commit_phase_hold_source_reg[1]/C,G2B_ONECH_C2H/shadow_last_global_reg[13]/S,STABLE_DATA_WITH_SYNCHRONIZED_QUALIFIER,RESET_RETURN,PASS,Group 13 promoted two-family settling and completion-barrier structural proof; retained aggregate destination coverage,EXACT_PRIOR_ROW
CDC-1,Critical,nvp_vclk1->userclk1,Max Delay Datapath Only,G2B_ONECH_C2H/reset_commit_phase_hold_source_reg[1]/C,G2B_ONECH_C2H/shadow_last_global_reg[14]/CE,STABLE_DATA_WITH_SYNCHRONIZED_QUALIFIER,RESET_RETURN,PASS,Group 13 promoted two-family settling and completion-barrier structural proof; retained aggregate destination coverage,EXACT_PRIOR_ROW
CDC-15,Warning,nvp_vclk1->userclk1,Max Delay Datapath Only,G2B_ONECH_C2H/reset_commit_phase_hold_source_reg[1]/C,G2B_ONECH_C2H/shadow_last_global_reg[14]/D,STABLE_DATA_WITH_SYNCHRONIZED_QUALIFIER,RESET_RETURN,PASS,Group 13 promoted two-family settling and completion-barrier structural proof; retained aggregate destination coverage,EXACT_PRIOR_ROW
CDC-15,Warning,nvp_vclk1->userclk1,Max Delay Datapath Only,G2B_ONECH_C2H/reset_commit_phase_hold_source_reg[1]/C,G2B_ONECH_C2H/shadow_last_global_reg[14]/S,STABLE_DATA_WITH_SYNCHRONIZED_QUALIFIER,RESET_RETURN,PASS,Group 13 promoted two-family settling and completion-barrier structural proof; retained aggregate destination coverage,EXACT_PRIOR_ROW
CDC-1,Critical,nvp_vclk1->userclk1,Max Delay Datapath Only,G2B_ONECH_C2H/reset_commit_phase_hold_source_reg[1]/C,G2B_ONECH_C2H/shadow_last_global_reg[15]/CE,STABLE_DATA_WITH_SYNCHRONIZED_QUALIFIER,RESET_RETURN,PASS,Group 13 promoted two-family settling and completion-barrier structural proof; retained aggregate destination coverage,EXACT_PRIOR_ROW
CDC-15,Warning,nvp_vclk1->userclk1,Max Delay Datapath Only,G2B_ONECH_C2H/reset_commit_phase_hold_source_reg[1]/C,G2B_ONECH_C2H/shadow_last_global_reg[15]/D,STABLE_DATA_WITH_SYNCHRONIZED_QUALIFIER,RESET_RETURN,PASS,Group 13 promoted two-family settling and completion-barrier structural proof; retained aggregate destination coverage,EXACT_PRIOR_ROW
CDC-15,Warning,nvp_vclk1->userclk1,Max Delay Datapath Only,G2B_ONECH_C2H/reset_commit_phase_hold_source_reg[1]/C,G2B_ONECH_C2H/shadow_last_global_reg[15]/S,STABLE_DATA_WITH_SYNCHRONIZED_QUALIFIER,RESET_RETURN,PASS,Group 13 promoted two-family settling and completion-barrier structural proof; retained aggregate destination coverage,EXACT_PRIOR_ROW
CDC-1,Critical,nvp_vclk1->userclk1,Max Delay Datapath Only,G2B_ONECH_C2H/reset_commit_phase_hold_source_reg[1]/C,G2B_ONECH_C2H/shadow_last_global_reg[16]/CE,STABLE_DATA_WITH_SYNCHRONIZED_QUALIFIER,RESET_RETURN,PASS,Group 13 promoted two-family settling and completion-barrier structural proof; retained aggregate destination coverage,EXACT_PRIOR_ROW
CDC-15,Warning,nvp_vclk1->userclk1,Max Delay Datapath Only,G2B_ONECH_C2H/reset_commit_phase_hold_source_reg[1]/C,G2B_ONECH_C2H/shadow_last_global_reg[16]/D,STABLE_DATA_WITH_SYNCHRONIZED_QUALIFIER,RESET_RETURN,PASS,Group 13 promoted two-family settling and completion-barrier structural proof; retained aggregate destination coverage,EXACT_PRIOR_ROW
CDC-15,Warning,nvp_vclk1->userclk1,Max Delay Datapath Only,G2B_ONECH_C2H/reset_commit_phase_hold_source_reg[1]/C,G2B_ONECH_C2H/shadow_last_global_reg[16]/S,STABLE_DATA_WITH_SYNCHRONIZED_QUALIFIER,RESET_RETURN,PASS,Group 13 promoted two-family settling and completion-barrier structural proof; retained aggregate destination coverage,EXACT_PRIOR_ROW
CDC-1,Critical,nvp_vclk1->userclk1,Max Delay Datapath Only,G2B_ONECH_C2H/reset_commit_phase_hold_source_reg[1]/C,G2B_ONECH_C2H/shadow_last_global_reg[17]/CE,STABLE_DATA_WITH_SYNCHRONIZED_QUALIFIER,RESET_RETURN,PASS,Group 13 promoted two-family settling and completion-barrier structural proof; retained aggregate destination coverage,EXACT_PRIOR_ROW
CDC-15,Warning,nvp_vclk1->userclk1,Max Delay Datapath Only,G2B_ONECH_C2H/reset_commit_phase_hold_source_reg[1]/C,G2B_ONECH_C2H/shadow_last_global_reg[17]/D,STABLE_DATA_WITH_SYNCHRONIZED_QUALIFIER,RESET_RETURN,PASS,Group 13 promoted two-family settling and completion-barrier structural proof; retained aggregate destination coverage,EXACT_PRIOR_ROW
CDC-15,Warning,nvp_vclk1->userclk1,Max Delay Datapath Only,G2B_ONECH_C2H/reset_commit_phase_hold_source_reg[1]/C,G2B_ONECH_C2H/shadow_last_global_reg[17]/S,STABLE_DATA_WITH_SYNCHRONIZED_QUALIFIER,RESET_RETURN,PASS,Group 13 promoted two-family settling and completion-barrier structural proof; retained aggregate destination coverage,EXACT_PRIOR_ROW
CDC-1,Critical,nvp_vclk1->userclk1,Max Delay Datapath Only,G2B_ONECH_C2H/reset_commit_phase_hold_source_reg[1]/C,G2B_ONECH_C2H/shadow_last_global_reg[18]/CE,STABLE_DATA_WITH_SYNCHRONIZED_QUALIFIER,RESET_RETURN,PASS,Group 13 promoted two-family settling and completion-barrier structural proof; retained aggregate destination coverage,EXACT_PRIOR_ROW
CDC-15,Warning,nvp_vclk1->userclk1,Max Delay Datapath Only,G2B_ONECH_C2H/reset_commit_phase_hold_source_reg[1]/C,G2B_ONECH_C2H/shadow_last_global_reg[18]/D,STABLE_DATA_WITH_SYNCHRONIZED_QUALIFIER,RESET_RETURN,PASS,Group 13 promoted two-family settling and completion-barrier structural proof; retained aggregate destination coverage,EXACT_PRIOR_ROW
CDC-15,Warning,nvp_vclk1->userclk1,Max Delay Datapath Only,G2B_ONECH_C2H/reset_commit_phase_hold_source_reg[1]/C,G2B_ONECH_C2H/shadow_last_global_reg[18]/S,STABLE_DATA_WITH_SYNCHRONIZED_QUALIFIER,RESET_RETURN,PASS,Group 13 promoted two-family settling and completion-barrier structural proof; retained aggregate destination coverage,EXACT_PRIOR_ROW
CDC-1,Critical,nvp_vclk1->userclk1,Max Delay Datapath Only,G2B_ONECH_C2H/reset_commit_phase_hold_source_reg[1]/C,G2B_ONECH_C2H/shadow_last_global_reg[19]/CE,STABLE_DATA_WITH_SYNCHRONIZED_QUALIFIER,RESET_RETURN,PASS,Group 13 promoted two-family settling and completion-barrier structural proof; retained aggregate destination coverage,EXACT_PRIOR_ROW
CDC-15,Warning,nvp_vclk1->userclk1,Max Delay Datapath Only,G2B_ONECH_C2H/reset_commit_phase_hold_source_reg[1]/C,G2B_ONECH_C2H/shadow_last_global_reg[19]/D,STABLE_DATA_WITH_SYNCHRONIZED_QUALIFIER,RESET_RETURN,PASS,Group 13 promoted two-family settling and completion-barrier structural proof; retained aggregate destination coverage,EXACT_PRIOR_ROW
CDC-15,Warning,nvp_vclk1->userclk1,Max Delay Datapath Only,G2B_ONECH_C2H/reset_commit_phase_hold_source_reg[1]/C,G2B_ONECH_C2H/shadow_last_global_reg[19]/S,STABLE_DATA_WITH_SYNCHRONIZED_QUALIFIER,RESET_RETURN,PASS,Group 13 promoted two-family settling and completion-barrier structural proof; retained aggregate destination coverage,EXACT_PRIOR_ROW
CDC-1,Critical,nvp_vclk1->userclk1,Max Delay Datapath Only,G2B_ONECH_C2H/reset_commit_phase_hold_source_reg[1]/C,G2B_ONECH_C2H/shadow_last_global_reg[20]/CE,STABLE_DATA_WITH_SYNCHRONIZED_QUALIFIER,RESET_RETURN,PASS,Group 13 promoted two-family settling and completion-barrier structural proof; retained aggregate destination coverage,EXACT_PRIOR_ROW
CDC-15,Warning,nvp_vclk1->userclk1,Max Delay Datapath Only,G2B_ONECH_C2H/reset_commit_phase_hold_source_reg[1]/C,G2B_ONECH_C2H/shadow_last_global_reg[20]/D,STABLE_DATA_WITH_SYNCHRONIZED_QUALIFIER,RESET_RETURN,PASS,Group 13 promoted two-family settling and completion-barrier structural proof; retained aggregate destination coverage,EXACT_PRIOR_ROW
CDC-15,Warning,nvp_vclk1->userclk1,Max Delay Datapath Only,G2B_ONECH_C2H/reset_commit_phase_hold_source_reg[1]/C,G2B_ONECH_C2H/shadow_last_global_reg[20]/S,STABLE_DATA_WITH_SYNCHRONIZED_QUALIFIER,RESET_RETURN,PASS,Group 13 promoted two-family settling and completion-barrier structural proof; retained aggregate destination coverage,EXACT_PRIOR_ROW
CDC-1,Critical,nvp_vclk1->userclk1,Max Delay Datapath Only,G2B_ONECH_C2H/reset_commit_phase_hold_source_reg[1]/C,G2B_ONECH_C2H/shadow_last_global_reg[21]/CE,STABLE_DATA_WITH_SYNCHRONIZED_QUALIFIER,RESET_RETURN,PASS,Group 13 promoted two-family settling and completion-barrier structural proof; retained aggregate destination coverage,EXACT_PRIOR_ROW
CDC-15,Warning,nvp_vclk1->userclk1,Max Delay Datapath Only,G2B_ONECH_C2H/reset_commit_phase_hold_source_reg[1]/C,G2B_ONECH_C2H/shadow_last_global_reg[21]/D,STABLE_DATA_WITH_SYNCHRONIZED_QUALIFIER,RESET_RETURN,PASS,Group 13 promoted two-family settling and completion-barrier structural proof; retained aggregate destination coverage,EXACT_PRIOR_ROW
CDC-15,Warning,nvp_vclk1->userclk1,Max Delay Datapath Only,G2B_ONECH_C2H/reset_commit_phase_hold_source_reg[1]/C,G2B_ONECH_C2H/shadow_last_global_reg[21]/S,STABLE_DATA_WITH_SYNCHRONIZED_QUALIFIER,RESET_RETURN,PASS,Group 13 promoted two-family settling and completion-barrier structural proof; retained aggregate destination coverage,EXACT_PRIOR_ROW
CDC-1,Critical,nvp_vclk1->userclk1,Max Delay Datapath Only,G2B_ONECH_C2H/reset_commit_phase_hold_source_reg[1]/C,G2B_ONECH_C2H/shadow_last_global_reg[22]/CE,STABLE_DATA_WITH_SYNCHRONIZED_QUALIFIER,RESET_RETURN,PASS,Group 13 promoted two-family settling and completion-barrier structural proof; retained aggregate destination coverage,EXACT_PRIOR_ROW
CDC-15,Warning,nvp_vclk1->userclk1,Max Delay Datapath Only,G2B_ONECH_C2H/reset_commit_phase_hold_source_reg[1]/C,G2B_ONECH_C2H/shadow_last_global_reg[22]/D,STABLE_DATA_WITH_SYNCHRONIZED_QUALIFIER,RESET_RETURN,PASS,Group 13 promoted two-family settling and completion-barrier structural proof; retained aggregate destination coverage,EXACT_PRIOR_ROW
CDC-15,Warning,nvp_vclk1->userclk1,Max Delay Datapath Only,G2B_ONECH_C2H/reset_commit_phase_hold_source_reg[1]/C,G2B_ONECH_C2H/shadow_last_global_reg[22]/S,STABLE_DATA_WITH_SYNCHRONIZED_QUALIFIER,RESET_RETURN,PASS,Group 13 promoted two-family settling and completion-barrier structural proof; retained aggregate destination coverage,EXACT_PRIOR_ROW
CDC-1,Critical,nvp_vclk1->userclk1,Max Delay Datapath Only,G2B_ONECH_C2H/reset_commit_phase_hold_source_reg[1]/C,G2B_ONECH_C2H/shadow_last_global_reg[23]/CE,STABLE_DATA_WITH_SYNCHRONIZED_QUALIFIER,RESET_RETURN,PASS,Group 13 promoted two-family settling and completion-barrier structural proof; retained aggregate destination coverage,EXACT_PRIOR_ROW
CDC-15,Warning,nvp_vclk1->userclk1,Max Delay Datapath Only,G2B_ONECH_C2H/reset_commit_phase_hold_source_reg[1]/C,G2B_ONECH_C2H/shadow_last_global_reg[23]/D,STABLE_DATA_WITH_SYNCHRONIZED_QUALIFIER,RESET_RETURN,PASS,Group 13 promoted two-family settling and completion-barrier structural proof; retained aggregate destination coverage,EXACT_PRIOR_ROW
CDC-15,Warning,nvp_vclk1->userclk1,Max Delay Datapath Only,G2B_ONECH_C2H/reset_commit_phase_hold_source_reg[1]/C,G2B_ONECH_C2H/shadow_last_global_reg[23]/S,STABLE_DATA_WITH_SYNCHRONIZED_QUALIFIER,RESET_RETURN,PASS,Group 13 promoted two-family settling and completion-barrier structural proof; retained aggregate destination coverage,EXACT_PRIOR_ROW
CDC-1,Critical,nvp_vclk1->userclk1,Max Delay Datapath Only,G2B_ONECH_C2H/reset_commit_phase_hold_source_reg[1]/C,G2B_ONECH_C2H/shadow_last_global_reg[24]/CE,STABLE_DATA_WITH_SYNCHRONIZED_QUALIFIER,RESET_RETURN,PASS,Group 13 promoted two-family settling and completion-barrier structural proof; retained aggregate destination coverage,EXACT_PRIOR_ROW
CDC-15,Warning,nvp_vclk1->userclk1,Max Delay Datapath Only,G2B_ONECH_C2H/reset_commit_phase_hold_source_reg[1]/C,G2B_ONECH_C2H/shadow_last_global_reg[24]/D,STABLE_DATA_WITH_SYNCHRONIZED_QUALIFIER,RESET_RETURN,PASS,Group 13 promoted two-family settling and completion-barrier structural proof; retained aggregate destination coverage,EXACT_PRIOR_ROW
CDC-15,Warning,nvp_vclk1->userclk1,Max Delay Datapath Only,G2B_ONECH_C2H/reset_commit_phase_hold_source_reg[1]/C,G2B_ONECH_C2H/shadow_last_global_reg[24]/S,STABLE_DATA_WITH_SYNCHRONIZED_QUALIFIER,RESET_RETURN,PASS,Group 13 promoted two-family settling and completion-barrier structural proof; retained aggregate destination coverage,EXACT_PRIOR_ROW
CDC-1,Critical,nvp_vclk1->userclk1,Max Delay Datapath Only,G2B_ONECH_C2H/reset_commit_phase_hold_source_reg[1]/C,G2B_ONECH_C2H/shadow_last_global_reg[25]/CE,STABLE_DATA_WITH_SYNCHRONIZED_QUALIFIER,RESET_RETURN,PASS,Group 13 promoted two-family settling and completion-barrier structural proof; retained aggregate destination coverage,EXACT_PRIOR_ROW
CDC-15,Warning,nvp_vclk1->userclk1,Max Delay Datapath Only,G2B_ONECH_C2H/reset_commit_phase_hold_source_reg[1]/C,G2B_ONECH_C2H/shadow_last_global_reg[25]/D,STABLE_DATA_WITH_SYNCHRONIZED_QUALIFIER,RESET_RETURN,PASS,Group 13 promoted two-family settling and completion-barrier structural proof; retained aggregate destination coverage,EXACT_PRIOR_ROW
CDC-15,Warning,nvp_vclk1->userclk1,Max Delay Datapath Only,G2B_ONECH_C2H/reset_commit_phase_hold_source_reg[1]/C,G2B_ONECH_C2H/shadow_last_global_reg[25]/S,STABLE_DATA_WITH_SYNCHRONIZED_QUALIFIER,RESET_RETURN,PASS,Group 13 promoted two-family settling and completion-barrier structural proof; retained aggregate destination coverage,EXACT_PRIOR_ROW
CDC-1,Critical,nvp_vclk1->userclk1,Max Delay Datapath Only,G2B_ONECH_C2H/reset_commit_phase_hold_source_reg[1]/C,G2B_ONECH_C2H/shadow_last_global_reg[26]/CE,STABLE_DATA_WITH_SYNCHRONIZED_QUALIFIER,RESET_RETURN,PASS,Group 13 promoted two-family settling and completion-barrier structural proof; retained aggregate destination coverage,EXACT_PRIOR_ROW
CDC-15,Warning,nvp_vclk1->userclk1,Max Delay Datapath Only,G2B_ONECH_C2H/reset_commit_phase_hold_source_reg[1]/C,G2B_ONECH_C2H/shadow_last_global_reg[26]/D,STABLE_DATA_WITH_SYNCHRONIZED_QUALIFIER,RESET_RETURN,PASS,Group 13 promoted two-family settling and completion-barrier structural proof; retained aggregate destination coverage,EXACT_PRIOR_ROW
CDC-15,Warning,nvp_vclk1->userclk1,Max Delay Datapath Only,G2B_ONECH_C2H/reset_commit_phase_hold_source_reg[1]/C,G2B_ONECH_C2H/shadow_last_global_reg[26]/S,STABLE_DATA_WITH_SYNCHRONIZED_QUALIFIER,RESET_RETURN,PASS,Group 13 promoted two-family settling and completion-barrier structural proof; retained aggregate destination coverage,EXACT_PRIOR_ROW
CDC-1,Critical,nvp_vclk1->userclk1,Max Delay Datapath Only,G2B_ONECH_C2H/reset_commit_phase_hold_source_reg[1]/C,G2B_ONECH_C2H/shadow_last_global_reg[27]/CE,STABLE_DATA_WITH_SYNCHRONIZED_QUALIFIER,RESET_RETURN,PASS,Group 13 promoted two-family settling and completion-barrier structural proof; retained aggregate destination coverage,EXACT_PRIOR_ROW
CDC-15,Warning,nvp_vclk1->userclk1,Max Delay Datapath Only,G2B_ONECH_C2H/reset_commit_phase_hold_source_reg[1]/C,G2B_ONECH_C2H/shadow_last_global_reg[27]/D,STABLE_DATA_WITH_SYNCHRONIZED_QUALIFIER,RESET_RETURN,PASS,Group 13 promoted two-family settling and completion-barrier structural proof; retained aggregate destination coverage,EXACT_PRIOR_ROW
CDC-15,Warning,nvp_vclk1->userclk1,Max Delay Datapath Only,G2B_ONECH_C2H/reset_commit_phase_hold_source_reg[1]/C,G2B_ONECH_C2H/shadow_last_global_reg[27]/S,STABLE_DATA_WITH_SYNCHRONIZED_QUALIFIER,RESET_RETURN,PASS,Group 13 promoted two-family settling and completion-barrier structural proof; retained aggregate destination coverage,EXACT_PRIOR_ROW
CDC-1,Critical,nvp_vclk1->userclk1,Max Delay Datapath Only,G2B_ONECH_C2H/reset_commit_phase_hold_source_reg[1]/C,G2B_ONECH_C2H/shadow_last_global_reg[28]/CE,STABLE_DATA_WITH_SYNCHRONIZED_QUALIFIER,RESET_RETURN,PASS,Group 13 promoted two-family settling and completion-barrier structural proof; retained aggregate destination coverage,EXACT_PRIOR_ROW
CDC-15,Warning,nvp_vclk1->userclk1,Max Delay Datapath Only,G2B_ONECH_C2H/reset_commit_phase_hold_source_reg[1]/C,G2B_ONECH_C2H/shadow_last_global_reg[28]/D,STABLE_DATA_WITH_SYNCHRONIZED_QUALIFIER,RESET_RETURN,PASS,Group 13 promoted two-family settling and completion-barrier structural proof; retained aggregate destination coverage,EXACT_PRIOR_ROW
CDC-15,Warning,nvp_vclk1->userclk1,Max Delay Datapath Only,G2B_ONECH_C2H/reset_commit_phase_hold_source_reg[1]/C,G2B_ONECH_C2H/shadow_last_global_reg[28]/S,STABLE_DATA_WITH_SYNCHRONIZED_QUALIFIER,RESET_RETURN,PASS,Group 13 promoted two-family settling and completion-barrier structural proof; retained aggregate destination coverage,EXACT_PRIOR_ROW
CDC-1,Critical,nvp_vclk1->userclk1,Max Delay Datapath Only,G2B_ONECH_C2H/reset_commit_phase_hold_source_reg[1]/C,G2B_ONECH_C2H/shadow_last_global_reg[29]/CE,STABLE_DATA_WITH_SYNCHRONIZED_QUALIFIER,RESET_RETURN,PASS,Group 13 promoted two-family settling and completion-barrier structural proof; retained aggregate destination coverage,EXACT_PRIOR_ROW
CDC-15,Warning,nvp_vclk1->userclk1,Max Delay Datapath Only,G2B_ONECH_C2H/reset_commit_phase_hold_source_reg[1]/C,G2B_ONECH_C2H/shadow_last_global_reg[29]/D,STABLE_DATA_WITH_SYNCHRONIZED_QUALIFIER,RESET_RETURN,PASS,Group 13 promoted two-family settling and completion-barrier structural proof; retained aggregate destination coverage,EXACT_PRIOR_ROW
CDC-15,Warning,nvp_vclk1->userclk1,Max Delay Datapath Only,G2B_ONECH_C2H/reset_commit_phase_hold_source_reg[1]/C,G2B_ONECH_C2H/shadow_last_global_reg[29]/S,STABLE_DATA_WITH_SYNCHRONIZED_QUALIFIER,RESET_RETURN,PASS,Group 13 promoted two-family settling and completion-barrier structural proof; retained aggregate destination coverage,EXACT_PRIOR_ROW
CDC-1,Critical,nvp_vclk1->userclk1,Max Delay Datapath Only,G2B_ONECH_C2H/reset_commit_phase_hold_source_reg[1]/C,G2B_ONECH_C2H/shadow_last_global_reg[30]/CE,STABLE_DATA_WITH_SYNCHRONIZED_QUALIFIER,RESET_RETURN,PASS,Group 13 promoted two-family settling and completion-barrier structural proof; retained aggregate destination coverage,EXACT_PRIOR_ROW
CDC-15,Warning,nvp_vclk1->userclk1,Max Delay Datapath Only,G2B_ONECH_C2H/reset_commit_phase_hold_source_reg[1]/C,G2B_ONECH_C2H/shadow_last_global_reg[30]/D,STABLE_DATA_WITH_SYNCHRONIZED_QUALIFIER,RESET_RETURN,PASS,Group 13 promoted two-family settling and completion-barrier structural proof; retained aggregate destination coverage,EXACT_PRIOR_ROW
CDC-15,Warning,nvp_vclk1->userclk1,Max Delay Datapath Only,G2B_ONECH_C2H/reset_commit_phase_hold_source_reg[1]/C,G2B_ONECH_C2H/shadow_last_global_reg[30]/S,STABLE_DATA_WITH_SYNCHRONIZED_QUALIFIER,RESET_RETURN,PASS,Group 13 promoted two-family settling and completion-barrier structural proof; retained aggregate destination coverage,EXACT_PRIOR_ROW
CDC-1,Critical,nvp_vclk1->userclk1,Max Delay Datapath Only,G2B_ONECH_C2H/reset_commit_phase_hold_source_reg[1]/C,G2B_ONECH_C2H/shadow_last_global_reg[31]/CE,STABLE_DATA_WITH_SYNCHRONIZED_QUALIFIER,RESET_RETURN,PASS,Group 13 promoted two-family settling and completion-barrier structural proof; retained aggregate destination coverage,EXACT_PRIOR_ROW
CDC-15,Warning,nvp_vclk1->userclk1,Max Delay Datapath Only,G2B_ONECH_C2H/reset_commit_phase_hold_source_reg[1]/C,G2B_ONECH_C2H/shadow_last_global_reg[31]/D,STABLE_DATA_WITH_SYNCHRONIZED_QUALIFIER,RESET_RETURN,PASS,Group 13 promoted two-family settling and completion-barrier structural proof; retained aggregate destination coverage,EXACT_PRIOR_ROW
CDC-15,Warning,nvp_vclk1->userclk1,Max Delay Datapath Only,G2B_ONECH_C2H/reset_commit_phase_hold_source_reg[1]/C,G2B_ONECH_C2H/shadow_last_global_reg[31]/S,STABLE_DATA_WITH_SYNCHRONIZED_QUALIFIER,RESET_RETURN,PASS,Group 13 promoted two-family settling and completion-barrier structural proof; retained aggregate destination coverage,EXACT_PRIOR_ROW
CDC-1,Critical,nvp_vclk1->userclk1,Max Delay Datapath Only,G2B_ONECH_C2H/reset_commit_phase_hold_source_reg[1]/C,G2B_ONECH_C2H/shadow_last_global_valid_reg/D,STABLE_DATA_WITH_SYNCHRONIZED_QUALIFIER,RESET_RETURN,PASS,Group 13 promoted two-family settling and completion-barrier structural proof; retained aggregate destination coverage,EXACT_PRIOR_ROW
CDC-3,Info,nvp_vclk1->userclk1,False Path,G2B_ONECH_C2H/snapshot_ack_toggle_source_reg/C,G2B_ONECH_C2H/snapshot_ack_sync1_axi_reg/D,INTENTIONAL_TWO_STAGE_SYNCHRONIZER,LEVEL_SYNCHRONIZER,PASS,Exact unchanged report row; ASYNC_REG depth 2. CDC-10 source_ready/fatal level is held through handshake; four exact chain-cell attributes verified in continuation.,EXACT_PRIOR_ROW
CDC-6,Warning,nvp_vclk1->userclk1,Max Delay Datapath Only,G2B_ONECH_C2H/snapshot_attempted_gray_hold_source_reg[31:0]/C,G2B_ONECH_C2H/snapshot_attempted_sync1_axi_reg[31:0]/D,GRAY_CODED_CDC,MULTIBIT_CDC,PASS,"Unchanged exact CDC-6 row; Gray source, ASYNC_REG first/second stage; Groups 3/4 preserved skew PASS",EXACT_PRIOR_ROW
CDC-1,Critical,nvp_vclk1->userclk1,Max Delay Datapath Only,G2B_ONECH_C2H/reset_commit_phase_hold_source_reg[1]/C,G2B_ONECH_C2H/snapshot_busy_axi_reg/D,STABLE_DATA_WITH_SYNCHRONIZED_QUALIFIER,RESET_RETURN,PASS,Group 13 promoted two-family settling and completion-barrier structural proof; retained aggregate destination coverage,EXACT_PRIOR_ROW
CDC-6,Warning,nvp_vclk1->userclk1,Max Delay Datapath Only,G2B_ONECH_C2H/snapshot_committed_gray_hold_source_reg[31:0]/C,G2B_ONECH_C2H/snapshot_committed_sync1_axi_reg[31:0]/D,GRAY_CODED_CDC,MULTIBIT_CDC,PASS,"Unchanged exact CDC-6 row; Gray source, ASYNC_REG first/second stage; Groups 3/4 preserved skew PASS",EXACT_PRIOR_ROW
CDC-6,Warning,nvp_vclk1->userclk1,Max Delay Datapath Only,G2B_ONECH_C2H/snapshot_dropped_gray_hold_source_reg[31:0]/C,G2B_ONECH_C2H/snapshot_dropped_sync1_axi_reg[31:0]/D,GRAY_CODED_CDC,MULTIBIT_CDC,PASS,"Unchanged exact CDC-6 row; Gray source, ASYNC_REG first/second stage; Groups 3/4 preserved skew PASS",EXACT_PRIOR_ROW
CDC-6,Warning,nvp_vclk1->userclk1,Max Delay Datapath Only,G2B_ONECH_C2H/snapshot_epoch_echo_source_reg[31:0]/C,G2B_ONECH_C2H/snapshot_epoch_sync1_axi_reg[31:0]/D,STABLE_DATA_WITH_SYNCHRONIZED_QUALIFIER,MULTIBIT_CDC,PASS,Unchanged exact CDC-6 row; stable baseline/epoch qualified by synchronized boundary; Groups 5/6 preserved PASS,EXACT_PRIOR_ROW
CDC-6,Warning,nvp_vclk1->userclk1,Max Delay Datapath Only,G2B_ONECH_C2H/snapshot_overflow_gray_hold_source_reg[31:0]/C,G2B_ONECH_C2H/snapshot_overflow_sync1_axi_reg[31:0]/D,GRAY_CODED_CDC,MULTIBIT_CDC,PASS,"Unchanged exact CDC-6 row; Gray source, ASYNC_REG first/second stage; Groups 3/4 preserved skew PASS",EXACT_PRIOR_ROW
CDC-1,Critical,nvp_vclk1->userclk1,Max Delay Datapath Only,G2B_ONECH_C2H/reset_commit_phase_hold_source_reg[1]/C,G2B_ONECH_C2H/snapshot_valid_axi_reg/D,STABLE_DATA_WITH_SYNCHRONIZED_QUALIFIER,RESET_RETURN,PASS,Group 13 promoted two-family settling and completion-barrier structural proof; retained aggregate destination coverage,EXACT_PRIOR_ROW
CDC-3,Info,nvp_vclk1->userclk1,False Path,G2B_ONECH_C2H/source_locked_source_reg/C,G2B_ONECH_C2H/source_locked_sync1_axi_reg/D,INTENTIONAL_TWO_STAGE_SYNCHRONIZER,LEVEL_SYNCHRONIZER,PASS,Exact unchanged report row; ASYNC_REG depth 2. CDC-10 source_ready/fatal level is held through handshake; four exact chain-cell attributes verified in continuation.,EXACT_PRIOR_ROW
CDC-10,Critical,nvp_vclk1->userclk1,False Path,nvp_ready_sync_reg[1]/C,G2B_ONECH_C2H/source_ready_sync1_axi_reg/D,INTENTIONAL_TWO_STAGE_SYNCHRONIZER,LEVEL_SYNCHRONIZER,PASS,Exact unchanged report row; ASYNC_REG depth 2. CDC-10 source_ready/fatal level is held through handshake; four exact chain-cell attributes verified in continuation.,EXACT_PRIOR_ROW
CDC-3,Info,nvp_vclk1->userclk1,False Path,G2B_ONECH_C2H/stats_ack_toggle_source_reg/C,G2B_ONECH_C2H/stats_ack_sync1_axi_reg/D,INTENTIONAL_TWO_STAGE_SYNCHRONIZER,LEVEL_SYNCHRONIZER,PASS,Exact unchanged report row; ASYNC_REG depth 2. CDC-10 source_ready/fatal level is held through handshake; four exact chain-cell attributes verified in continuation.,EXACT_PRIOR_ROW
CDC-1,Critical,nvp_vclk1->userclk1,Max Delay Datapath Only,G2B_ONECH_C2H/own_ok_hold_source_reg/C,G2B_ONECH_C2H/stored_enable_axi_reg/D,STABLE_DATA_WITH_SYNCHRONIZED_QUALIFIER,OWNERSHIP_RESULT,PASS,Retained source-to-AXI aggregate 6 ns bound; stable acknowledged ownership result; BS3 safety proof,EXACT_PRIOR_ROW
CDC-1,Critical,nvp_vclk1->userclk1,Max Delay Datapath Only,G2B_ONECH_C2H/reset_commit_phase_hold_source_reg[1]/C,G2B_ONECH_C2H/stream_reset_busy_axi_reg/D,STABLE_DATA_WITH_SYNCHRONIZED_QUALIFIER,RESET_RETURN,PASS,Group 13 promoted two-family settling and completion-barrier structural proof; retained aggregate destination coverage,EXACT_PRIOR_ROW
CDC-1,Critical,nvp_vclk1->userclk1,Max Delay Datapath Only,G2B_ONECH_C2H/reset_commit_phase_hold_source_reg[1]/C,G2B_ONECH_C2H/stream_reset_is_hard_axi_reg/D,STABLE_DATA_WITH_SYNCHRONIZED_QUALIFIER,RESET_RETURN,PASS,Group 13 promoted two-family settling and completion-barrier structural proof; retained aggregate destination coverage,EXACT_PRIOR_ROW
CDC-3,Info,nvp_vclk1->userclk1,False Path,G2B_ONECH_C2H/transport_ack_toggle_source_reg/C,G2B_ONECH_C2H/transport_ack_sync1_axi_reg/D,INTENTIONAL_TWO_STAGE_SYNCHRONIZER,LEVEL_SYNCHRONIZER,PASS,Exact unchanged report row; ASYNC_REG depth 2. CDC-10 source_ready/fatal level is held through handshake; four exact chain-cell attributes verified in continuation.,EXACT_PRIOR_ROW
CDC-1,Critical,nvp_vclk1->userclk1,Max Delay Datapath Only,G2B_ONECH_C2H/reset_commit_phase_hold_source_reg[1]/C,G2B_ONECH_C2H/transport_followup_hard_axi_reg/D,STABLE_DATA_WITH_SYNCHRONIZED_QUALIFIER,RESET_RETURN,PASS,Group 13 promoted two-family settling and completion-barrier structural proof; retained aggregate destination coverage,EXACT_PRIOR_ROW
CDC-1,Critical,nvp_vclk1->userclk1,Max Delay Datapath Only,G2B_ONECH_C2H/reset_commit_phase_hold_source_reg[1]/C,G2B_ONECH_C2H/transport_hard_hold_axi_reg/D,STABLE_DATA_WITH_SYNCHRONIZED_QUALIFIER,RESET_RETURN,PASS,Group 13 promoted two-family settling and completion-barrier structural proof; retained aggregate destination coverage,EXACT_PRIOR_ROW
CDC-1,Critical,nvp_vclk1->userclk1,Max Delay Datapath Only,G2B_ONECH_C2H/reset_commit_phase_hold_source_reg[1]/C,G2B_ONECH_C2H/transport_own_phase_hold_axi_reg/D,STABLE_DATA_WITH_SYNCHRONIZED_QUALIFIER,RESET_RETURN,PASS,Group 13 promoted two-family settling and completion-barrier structural proof; retained aggregate destination coverage,EXACT_PRIOR_ROW
CDC-1,Critical,nvp_vclk1->userclk1,Max Delay Datapath Only,G2B_ONECH_C2H/reset_commit_phase_hold_source_reg[1]/C,G2B_ONECH_C2H/transport_release_phase_hold_axi_reg[0]/CE,STABLE_DATA_WITH_SYNCHRONIZED_QUALIFIER,RESET_RETURN,PASS,Group 13 promoted two-family settling and completion-barrier structural proof; retained aggregate destination coverage,EXACT_PRIOR_ROW
CDC-15,Warning,nvp_vclk1->userclk1,Max Delay Datapath Only,G2B_ONECH_C2H/reset_commit_phase_hold_source_reg[1]/C,G2B_ONECH_C2H/transport_release_phase_hold_axi_reg[0]/D,STABLE_DATA_WITH_SYNCHRONIZED_QUALIFIER,RESET_RETURN,PASS,Group 13 promoted two-family settling and completion-barrier structural proof; retained aggregate destination coverage,EXACT_PRIOR_ROW
CDC-1,Critical,nvp_vclk1->userclk1,Max Delay Datapath Only,G2B_ONECH_C2H/reset_commit_phase_hold_source_reg[1]/C,G2B_ONECH_C2H/transport_release_phase_hold_axi_reg[1]/CE,STABLE_DATA_WITH_SYNCHRONIZED_QUALIFIER,RESET_RETURN,PASS,Group 13 promoted two-family settling and completion-barrier structural proof; retained aggregate destination coverage,EXACT_PRIOR_ROW
CDC-15,Warning,nvp_vclk1->userclk1,Max Delay Datapath Only,G2B_ONECH_C2H/reset_commit_phase_hold_source_reg[1]/C,G2B_ONECH_C2H/transport_release_phase_hold_axi_reg[1]/D,STABLE_DATA_WITH_SYNCHRONIZED_QUALIFIER,RESET_RETURN,PASS,Group 13 promoted two-family settling and completion-barrier structural proof; retained aggregate destination coverage,EXACT_PRIOR_ROW
CDC-1,Critical,nvp_vclk1->userclk1,Max Delay Datapath Only,G2B_ONECH_C2H/reset_commit_phase_hold_source_reg[1]/C,G2B_ONECH_C2H/transport_release_phase_hold_axi_reg[2]/CE,STABLE_DATA_WITH_SYNCHRONIZED_QUALIFIER,RESET_RETURN,PASS,Group 13 promoted two-family settling and completion-barrier structural proof; retained aggregate destination coverage,EXACT_PRIOR_ROW
CDC-15,Warning,nvp_vclk1->userclk1,Max Delay Datapath Only,G2B_ONECH_C2H/reset_commit_phase_hold_source_reg[1]/C,G2B_ONECH_C2H/transport_release_phase_hold_axi_reg[2]/D,STABLE_DATA_WITH_SYNCHRONIZED_QUALIFIER,RESET_RETURN,PASS,Group 13 promoted two-family settling and completion-barrier structural proof; retained aggregate destination coverage,EXACT_PRIOR_ROW
CDC-1,Critical,nvp_vclk1->userclk1,Max Delay Datapath Only,G2B_ONECH_C2H/reset_commit_phase_hold_source_reg[1]/C,G2B_ONECH_C2H/transport_release_phase_hold_axi_reg[3]/CE,STABLE_DATA_WITH_SYNCHRONIZED_QUALIFIER,RESET_RETURN,PASS,Group 13 promoted two-family settling and completion-barrier structural proof; retained aggregate destination coverage,EXACT_PRIOR_ROW
CDC-15,Warning,nvp_vclk1->userclk1,Max Delay Datapath Only,G2B_ONECH_C2H/reset_commit_phase_hold_source_reg[1]/C,G2B_ONECH_C2H/transport_release_phase_hold_axi_reg[3]/D,STABLE_DATA_WITH_SYNCHRONIZED_QUALIFIER,RESET_RETURN,PASS,Group 13 promoted two-family settling and completion-barrier structural proof; retained aggregate destination coverage,EXACT_PRIOR_ROW
CDC-1,Critical,nvp_vclk1->userclk1,Max Delay Datapath Only,G2B_ONECH_C2H/reset_commit_phase_hold_source_reg[1]/C,G2B_ONECH_C2H/transport_req_toggle_axi_reg/D,STABLE_DATA_WITH_SYNCHRONIZED_QUALIFIER,RESET_RETURN,PASS,Group 13 promoted two-family settling and completion-barrier structural proof; retained aggregate destination coverage,EXACT_PRIOR_ROW
CDC-6,Warning,nvp_vclk1->userclk1,Max Delay Datapath Only,vclk_edge_gray_nvp_reg[31:0]/C,vclk_edge_gray_sync1_user_reg[31:0]/D,GRAY_CODED_CDC,MULTIBIT_CDC,PASS,"Unchanged exact CDC-6 row; Gray source, ASYNC_REG first/second stage; Groups 3/4 preserved skew PASS",EXACT_PRIOR_ROW
