LogicalIndex,Window,RequestedBytes,AioData,AioOffset,BufferOffset,SubmissionCall,Accepted,SubmittedMonotonicNs
0,PRIMARY,4096,0,0,0,1,1,207482305157
1,PRIMARY,4096,1,0,4096,1,1,207482305157
2,PRIMARY,4096,2,0,8192,1,1,207482305157
3,PRIMARY,4096,3,0,12288,1,1,207482305157
4,PRIMARY,4096,4,0,16384,1,1,207482305157
5,PRIMARY,4096,5,0,20480,1,1,207482305157
6,PRIMARY,4096,6,0,24576,1,1,207482305157
7,PRIMARY,4096,7,0,28672,1,1,207482305157
8,PRIMARY,4096,8,0,32768,1,1,207482305157
9,PRIMARY,4096,9,0,36864,1,1,207482305157
10,PRIMARY,4096,10,0,40960,1,1,207482305157
11,PRIMARY,4096,11,0,45056,1,1,207482305157
12,PRIMARY,4096,12,0,49152,1,1,207482305157
13,PRIMARY,4096,13,0,53248,1,1,207482305157
14,PRIMARY,4096,14,0,57344,1,1,207482305157
15,PRIMARY,4096,15,0,61440,1,1,207482305157
16,PRIMARY,4096,16,0,65536,1,1,207482305157
17,PRIMARY,4096,17,0,69632,1,1,207482305157
18,PRIMARY,4096,18,0,73728,1,1,207482305157
19,PRIMARY,4096,19,0,77824,1,1,207482305157
20,PRIMARY,4096,20,0,81920,1,1,207482305157
21,PRIMARY,4096,21,0,86016,1,1,207482305157
22,PRIMARY,4096,22,0,90112,1,1,207482305157
23,PRIMARY,4096,23,0,94208,1,1,207482305157
24,PRIMARY,4096,24,0,98304,1,1,207482305157
25,PRIMARY,4096,25,0,102400,1,1,207482305157
26,PRIMARY,4096,26,0,106496,1,1,207482305157
27,PRIMARY,4096,27,0,110592,1,1,207482305157
28,PRIMARY,4096,28,0,114688,1,1,207482305157
29,PRIMARY,4096,29,0,118784,1,1,207482305157
30,PRIMARY,4096,30,0,122880,1,1,207482305157
31,PRIMARY,4096,31,0,126976,1,1,207482305157
32,PRIMARY,4096,32,0,131072,1,1,207482305157
33,PRIMARY,4096,33,0,135168,1,1,207482305157
34,PRIMARY,4096,34,0,139264,1,1,207482305157
35,PRIMARY,4096,35,0,143360,1,1,207482305157
36,PRIMARY,4096,36,0,147456,1,1,207482305157
37,PRIMARY,4096,37,0,151552,1,1,207482305157
38,PRIMARY,4096,38,0,155648,1,1,207482305157
39,PRIMARY,4096,39,0,159744,1,1,207482305157
40,PRIMARY,4096,40,0,163840,1,1,207482305157
41,PRIMARY,4096,41,0,167936,1,1,207482305157
42,PRIMARY,4096,42,0,172032,1,1,207482305157
43,PRIMARY,4096,43,0,176128,1,1,207482305157
44,PRIMARY,4096,44,0,180224,1,1,207482305157
45,PRIMARY,4096,45,0,184320,1,1,207482305157
46,PRIMARY,4096,46,0,188416,1,1,207482305157
47,PRIMARY,4096,47,0,192512,1,1,207482305157
48,PRIMARY,4096,48,0,196608,1,1,207482305157
49,PRIMARY,4096,49,0,200704,1,1,207482305157
50,PRIMARY,4096,50,0,204800,1,1,207482305157
51,PRIMARY,4096,51,0,208896,1,1,207482305157
52,PRIMARY,4096,52,0,212992,1,1,207482305157
53,PRIMARY,4096,53,0,217088,1,1,207482305157
54,PRIMARY,4096,54,0,221184,1,1,207482305157
55,PRIMARY,4096,55,0,225280,1,1,207482305157
56,PRIMARY,4096,56,0,229376,1,1,207482305157
57,PRIMARY,4096,57,0,233472,1,1,207482305157
58,PRIMARY,4096,58,0,237568,1,1,207482305157
59,PRIMARY,4096,59,0,241664,1,1,207482305157
60,PRIMARY,4096,60,0,245760,1,1,207482305157
61,PRIMARY,4096,61,0,249856,1,1,207482305157
62,PRIMARY,4096,62,0,253952,1,1,207482305157
63,PRIMARY,4096,63,0,258048,1,1,207482305157
64,PRIMARY,4096,64,0,262144,1,1,207482305157
65,PRIMARY,4096,65,0,266240,1,1,207482305157
66,PRIMARY,4096,66,0,270336,1,1,207482305157
67,PRIMARY,4096,67,0,274432,1,1,207482305157
68,PRIMARY,4096,68,0,278528,1,1,207482305157
69,PRIMARY,4096,69,0,282624,1,1,207482305157
70,PRIMARY,4096,70,0,286720,1,1,207482305157
71,PRIMARY,4096,71,0,290816,1,1,207482305157
72,PRIMARY,4096,72,0,294912,1,1,207482305157
73,PRIMARY,4096,73,0,299008,1,1,207482305157
74,PRIMARY,4096,74,0,303104,1,1,207482305157
75,PRIMARY,4096,75,0,307200,1,1,207482305157
76,PRIMARY,4096,76,0,311296,1,1,207482305157
77,PRIMARY,4096,77,0,315392,1,1,207482305157
78,PRIMARY,4096,78,0,319488,1,1,207482305157
79,PRIMARY,4096,79,0,323584,1,1,207482305157
80,PRIMARY,4096,80,0,327680,1,1,207482305157
81,PRIMARY,4096,81,0,331776,1,1,207482305157
82,PRIMARY,4096,82,0,335872,1,1,207482305157
83,PRIMARY,4096,83,0,339968,1,1,207482305157
84,PRIMARY,4096,84,0,344064,1,1,207482305157
85,PRIMARY,4096,85,0,348160,1,1,207482305157
86,PRIMARY,4096,86,0,352256,1,1,207482305157
87,PRIMARY,4096,87,0,356352,1,1,207482305157
88,PRIMARY,4096,88,0,360448,1,1,207482305157
89,PRIMARY,4096,89,0,364544,1,1,207482305157
90,PRIMARY,4096,90,0,368640,1,1,207482305157
91,PRIMARY,4096,91,0,372736,1,1,207482305157
92,PRIMARY,4096,92,0,376832,1,1,207482305157
93,PRIMARY,4096,93,0,380928,1,1,207482305157
94,PRIMARY,4096,94,0,385024,1,1,207482305157
95,PRIMARY,4096,95,0,389120,1,1,207482305157
96,PRIMARY,4096,96,0,393216,1,1,207482305157
97,PRIMARY,4096,97,0,397312,1,1,207482305157
98,PRIMARY,4096,98,0,401408,1,1,207482305157
99,PRIMARY,4096,99,0,405504,1,1,207482305157
100,PRIMARY,4096,100,0,409600,1,1,207482305157
101,PRIMARY,4096,101,0,413696,1,1,207482305157
102,PRIMARY,4096,102,0,417792,1,1,207482305157
103,PRIMARY,4096,103,0,421888,1,1,207482305157
104,PRIMARY,4096,104,0,425984,1,1,207482305157
105,PRIMARY,4096,105,0,430080,1,1,207482305157
106,PRIMARY,4096,106,0,434176,1,1,207482305157
107,PRIMARY,4096,107,0,438272,1,1,207482305157
108,PRIMARY,4096,108,0,442368,1,1,207482305157
109,PRIMARY,4096,109,0,446464,1,1,207482305157
110,PRIMARY,4096,110,0,450560,1,1,207482305157
111,PRIMARY,4096,111,0,454656,1,1,207482305157
112,PRIMARY,4096,112,0,458752,1,1,207482305157
113,PRIMARY,4096,113,0,462848,1,1,207482305157
114,PRIMARY,4096,114,0,466944,1,1,207482305157
115,PRIMARY,4096,115,0,471040,1,1,207482305157
116,PRIMARY,4096,116,0,475136,1,1,207482305157
117,PRIMARY,4096,117,0,479232,1,1,207482305157
118,PRIMARY,4096,118,0,483328,1,1,207482305157
119,PRIMARY,4096,119,0,487424,1,1,207482305157
120,PRIMARY,4096,120,0,491520,1,1,207482305157
121,PRIMARY,4096,121,0,495616,1,1,207482305157
122,PRIMARY,4096,122,0,499712,1,1,207482305157
123,PRIMARY,4096,123,0,503808,1,1,207482305157
124,PRIMARY,4096,124,0,507904,1,1,207482305157
125,PRIMARY,4096,125,0,512000,1,1,207482305157
126,PRIMARY,4096,126,0,516096,1,1,207482305157
127,PRIMARY,4096,127,0,520192,1,1,207482305157
128,PRIMARY,4096,128,0,524288,1,1,207482305157
129,PRIMARY,4096,129,0,528384,1,1,207482305157
130,PRIMARY,4096,130,0,532480,1,1,207482305157
131,PRIMARY,4096,131,0,536576,1,1,207482305157
132,PRIMARY,4096,132,0,540672,1,1,207482305157
133,PRIMARY,4096,133,0,544768,1,1,207482305157
134,PRIMARY,4096,134,0,548864,1,1,207482305157
135,PRIMARY,4096,135,0,552960,1,1,207482305157
136,PRIMARY,4096,136,0,557056,1,1,207482305157
137,PRIMARY,4096,137,0,561152,1,1,207482305157
138,PRIMARY,4096,138,0,565248,1,1,207482305157
139,PRIMARY,4096,139,0,569344,1,1,207482305157
140,PRIMARY,4096,140,0,573440,1,1,207482305157
141,PRIMARY,4096,141,0,577536,1,1,207482305157
142,PRIMARY,4096,142,0,581632,1,1,207482305157
143,PRIMARY,4096,143,0,585728,1,1,207482305157
144,PRIMARY,4096,144,0,589824,1,1,207482305157
145,PRIMARY,4096,145,0,593920,1,1,207482305157
146,PRIMARY,4096,146,0,598016,1,1,207482305157
147,PRIMARY,4096,147,0,602112,1,1,207482305157
148,PRIMARY,4096,148,0,606208,1,1,207482305157
149,PRIMARY,4096,149,0,610304,1,1,207482305157
150,PRIMARY,4096,150,0,614400,1,1,207482305157
151,PRIMARY,4096,151,0,618496,1,1,207482305157
152,PRIMARY,4096,152,0,622592,1,1,207482305157
153,PRIMARY,4096,153,0,626688,1,1,207482305157
154,PRIMARY,4096,154,0,630784,1,1,207482305157
155,PRIMARY,4096,155,0,634880,1,1,207482305157
156,PRIMARY,4096,156,0,638976,1,1,207482305157
157,PRIMARY,4096,157,0,643072,1,1,207482305157
158,PRIMARY,4096,158,0,647168,1,1,207482305157
159,PRIMARY,4096,159,0,651264,1,1,207482305157
160,PRIMARY,4096,160,0,655360,1,1,207482305157
161,PRIMARY,4096,161,0,659456,1,1,207482305157
162,PRIMARY,4096,162,0,663552,1,1,207482305157
163,PRIMARY,4096,163,0,667648,1,1,207482305157
164,PRIMARY,4096,164,0,671744,1,1,207482305157
165,PRIMARY,4096,165,0,675840,1,1,207482305157
166,PRIMARY,4096,166,0,679936,1,1,207482305157
167,PRIMARY,4096,167,0,684032,1,1,207482305157
168,PRIMARY,4096,168,0,688128,1,1,207482305157
169,PRIMARY,4096,169,0,692224,1,1,207482305157
170,PRIMARY,4096,170,0,696320,1,1,207482305157
171,PRIMARY,4096,171,0,700416,1,1,207482305157
172,PRIMARY,4096,172,0,704512,1,1,207482305157
173,PRIMARY,4096,173,0,708608,1,1,207482305157
174,PRIMARY,4096,174,0,712704,1,1,207482305157
175,PRIMARY,4096,175,0,716800,1,1,207482305157
176,PRIMARY,4096,176,0,720896,1,1,207482305157
177,PRIMARY,4096,177,0,724992,1,1,207482305157
178,PRIMARY,4096,178,0,729088,1,1,207482305157
179,PRIMARY,4096,179,0,733184,1,1,207482305157
180,PRIMARY,4096,180,0,737280,1,1,207482305157
181,PRIMARY,4096,181,0,741376,1,1,207482305157
182,PRIMARY,4096,182,0,745472,1,1,207482305157
183,PRIMARY,4096,183,0,749568,1,1,207482305157
184,PRIMARY,4096,184,0,753664,1,1,207482305157
185,PRIMARY,4096,185,0,757760,1,1,207482305157
186,PRIMARY,4096,186,0,761856,1,1,207482305157
187,PRIMARY,4096,187,0,765952,1,1,207482305157
188,PRIMARY,4096,188,0,770048,1,1,207482305157
189,PRIMARY,4096,189,0,774144,1,1,207482305157
190,PRIMARY,4096,190,0,778240,1,1,207482305157
191,PRIMARY,4096,191,0,782336,1,1,207482305157
192,PRIMARY,4096,192,0,786432,1,1,207482305157
193,PRIMARY,4096,193,0,790528,1,1,207482305157
194,PRIMARY,4096,194,0,794624,1,1,207482305157
195,PRIMARY,4096,195,0,798720,1,1,207482305157
196,PRIMARY,4096,196,0,802816,1,1,207482305157
197,PRIMARY,4096,197,0,806912,1,1,207482305157
198,PRIMARY,4096,198,0,811008,1,1,207482305157
199,PRIMARY,4096,199,0,815104,1,1,207482305157
200,PRIMARY,4096,200,0,819200,1,1,207482305157
201,PRIMARY,4096,201,0,823296,1,1,207482305157
202,PRIMARY,4096,202,0,827392,1,1,207482305157
203,PRIMARY,4096,203,0,831488,1,1,207482305157
204,PRIMARY,4096,204,0,835584,1,1,207482305157
205,PRIMARY,4096,205,0,839680,1,1,207482305157
206,PRIMARY,4096,206,0,843776,1,1,207482305157
207,PRIMARY,4096,207,0,847872,1,1,207482305157
208,PRIMARY,4096,208,0,851968,1,1,207482305157
209,PRIMARY,4096,209,0,856064,1,1,207482305157
210,PRIMARY,4096,210,0,860160,1,1,207482305157
211,PRIMARY,4096,211,0,864256,1,1,207482305157
212,PRIMARY,4096,212,0,868352,1,1,207482305157
213,PRIMARY,4096,213,0,872448,1,1,207482305157
214,PRIMARY,4096,214,0,876544,1,1,207482305157
215,PRIMARY,4096,215,0,880640,1,1,207482305157
216,PRIMARY,4096,216,0,884736,1,1,207482305157
217,PRIMARY,4096,217,0,888832,1,1,207482305157
218,PRIMARY,4096,218,0,892928,1,1,207482305157
219,PRIMARY,4096,219,0,897024,1,1,207482305157
220,PRIMARY,4096,220,0,901120,1,1,207482305157
221,PRIMARY,4096,221,0,905216,1,1,207482305157
222,PRIMARY,4096,222,0,909312,1,1,207482305157
223,PRIMARY,4096,223,0,913408,1,1,207482305157
224,PRIMARY,4096,224,0,917504,1,1,207482305157
225,PRIMARY,4096,225,0,921600,1,1,207482305157
226,PRIMARY,4096,226,0,925696,1,1,207482305157
227,PRIMARY,4096,227,0,929792,1,1,207482305157
228,PRIMARY,4096,228,0,933888,1,1,207482305157
229,PRIMARY,4096,229,0,937984,1,1,207482305157
230,PRIMARY,4096,230,0,942080,1,1,207482305157
231,PRIMARY,4096,231,0,946176,1,1,207482305157
232,PRIMARY,4096,232,0,950272,1,1,207482305157
233,PRIMARY,4096,233,0,954368,1,1,207482305157
234,PRIMARY,4096,234,0,958464,1,1,207482305157
235,PRIMARY,4096,235,0,962560,1,1,207482305157
236,PRIMARY,4096,236,0,966656,1,1,207482305157
237,PRIMARY,4096,237,0,970752,1,1,207482305157
238,PRIMARY,4096,238,0,974848,1,1,207482305157
239,PRIMARY,4096,239,0,978944,1,1,207482305157
240,PRIMARY,4096,240,0,983040,1,1,207482305157
241,PRIMARY,4096,241,0,987136,1,1,207482305157
242,PRIMARY,4096,242,0,991232,1,1,207482305157
243,PRIMARY,4096,243,0,995328,1,1,207482305157
244,PRIMARY,4096,244,0,999424,1,1,207482305157
245,PRIMARY,4096,245,0,1003520,1,1,207482305157
246,PRIMARY,4096,246,0,1007616,1,1,207482305157
247,PRIMARY,4096,247,0,1011712,1,1,207482305157
248,PRIMARY,4096,248,0,1015808,1,1,207482305157
249,PRIMARY,4096,249,0,1019904,1,1,207482305157
250,PRIMARY,4096,250,0,1024000,1,1,207482305157
251,PRIMARY,4096,251,0,1028096,1,1,207482305157
252,PRIMARY,4096,252,0,1032192,1,1,207482305157
253,PRIMARY,4096,253,0,1036288,1,1,207482305157
254,PRIMARY,4096,254,0,1040384,1,1,207482305157
255,PRIMARY,4096,255,0,1044480,1,1,207482305157
256,PRIMARY,4096,256,0,1048576,1,1,207482305157
257,PRIMARY,4096,257,0,1052672,1,1,207482305157
258,PRIMARY,4096,258,0,1056768,1,1,207482305157
259,PRIMARY,4096,259,0,1060864,1,1,207482305157
260,PRIMARY,4096,260,0,1064960,1,1,207482305157
261,PRIMARY,4096,261,0,1069056,1,1,207482305157
262,PRIMARY,4096,262,0,1073152,1,1,207482305157
263,PRIMARY,4096,263,0,1077248,1,1,207482305157
264,PRIMARY,4096,264,0,1081344,1,1,207482305157
265,PRIMARY,4096,265,0,1085440,1,1,207482305157
266,PRIMARY,4096,266,0,1089536,1,1,207482305157
267,PRIMARY,4096,267,0,1093632,1,1,207482305157
268,PRIMARY,4096,268,0,1097728,1,1,207482305157
269,PRIMARY,4096,269,0,1101824,1,1,207482305157
270,PRIMARY,4096,270,0,1105920,1,1,207482305157
271,PRIMARY,4096,271,0,1110016,1,1,207482305157
272,PRIMARY,4096,272,0,1114112,1,1,207482305157
273,PRIMARY,4096,273,0,1118208,1,1,207482305157
274,PRIMARY,4096,274,0,1122304,1,1,207482305157
275,PRIMARY,4096,275,0,1126400,1,1,207482305157
276,PRIMARY,4096,276,0,1130496,1,1,207482305157
277,PRIMARY,4096,277,0,1134592,1,1,207482305157
278,PRIMARY,4096,278,0,1138688,1,1,207482305157
279,PRIMARY,4096,279,0,1142784,1,1,207482305157
280,PRIMARY,4096,280,0,1146880,1,1,207482305157
281,PRIMARY,4096,281,0,1150976,1,1,207482305157
282,PRIMARY,4096,282,0,1155072,1,1,207482305157
283,PRIMARY,4096,283,0,1159168,1,1,207482305157
284,PRIMARY,4096,284,0,1163264,1,1,207482305157
285,PRIMARY,4096,285,0,1167360,1,1,207482305157
286,PRIMARY,4096,286,0,1171456,1,1,207482305157
287,PRIMARY,4096,287,0,1175552,1,1,207482305157
288,PRIMARY,4096,288,0,1179648,1,1,207482305157
289,PRIMARY,4096,289,0,1183744,1,1,207482305157
290,PRIMARY,4096,290,0,1187840,1,1,207482305157
291,PRIMARY,4096,291,0,1191936,1,1,207482305157
292,PRIMARY,4096,292,0,1196032,1,1,207482305157
293,PRIMARY,4096,293,0,1200128,1,1,207482305157
294,PRIMARY,4096,294,0,1204224,1,1,207482305157
295,PRIMARY,4096,295,0,1208320,1,1,207482305157
296,PRIMARY,4096,296,0,1212416,1,1,207482305157
297,PRIMARY,4096,297,0,1216512,1,1,207482305157
298,PRIMARY,4096,298,0,1220608,1,1,207482305157
299,PRIMARY,4096,299,0,1224704,1,1,207482305157
300,PRIMARY,4096,300,0,1228800,1,1,207482305157
301,PRIMARY,4096,301,0,1232896,1,1,207482305157
302,PRIMARY,4096,302,0,1236992,1,1,207482305157
303,PRIMARY,4096,303,0,1241088,1,1,207482305157
304,PRIMARY,4096,304,0,1245184,1,1,207482305157
305,PRIMARY,4096,305,0,1249280,1,1,207482305157
306,PRIMARY,4096,306,0,1253376,1,1,207482305157
307,PRIMARY,4096,307,0,1257472,1,1,207482305157
308,PRIMARY,4096,308,0,1261568,1,1,207482305157
309,PRIMARY,4096,309,0,1265664,1,1,207482305157
310,PRIMARY,4096,310,0,1269760,1,1,207482305157
311,PRIMARY,4096,311,0,1273856,1,1,207482305157
312,PRIMARY,4096,312,0,1277952,1,1,207482305157
313,PRIMARY,4096,313,0,1282048,1,1,207482305157
314,PRIMARY,4096,314,0,1286144,1,1,207482305157
315,PRIMARY,4096,315,0,1290240,1,1,207482305157
316,PRIMARY,4096,316,0,1294336,1,1,207482305157
317,PRIMARY,4096,317,0,1298432,1,1,207482305157
318,PRIMARY,4096,318,0,1302528,1,1,207482305157
319,PRIMARY,4096,319,0,1306624,1,1,207482305157
320,PRIMARY,4096,320,0,1310720,1,1,207482305157
321,PRIMARY,4096,321,0,1314816,1,1,207482305157
322,PRIMARY,4096,322,0,1318912,1,1,207482305157
323,PRIMARY,4096,323,0,1323008,1,1,207482305157
324,PRIMARY,4096,324,0,1327104,1,1,207482305157
325,PRIMARY,4096,325,0,1331200,1,1,207482305157
326,PRIMARY,4096,326,0,1335296,1,1,207482305157
327,PRIMARY,4096,327,0,1339392,1,1,207482305157
328,PRIMARY,4096,328,0,1343488,1,1,207482305157
329,PRIMARY,4096,329,0,1347584,1,1,207482305157
330,PRIMARY,4096,330,0,1351680,1,1,207482305157
331,PRIMARY,4096,331,0,1355776,1,1,207482305157
332,PRIMARY,4096,332,0,1359872,1,1,207482305157
333,PRIMARY,4096,333,0,1363968,1,1,207482305157
334,PRIMARY,4096,334,0,1368064,1,1,207482305157
335,PRIMARY,4096,335,0,1372160,1,1,207482305157
336,PRIMARY,4096,336,0,1376256,1,1,207482305157
337,PRIMARY,4096,337,0,1380352,1,1,207482305157
338,PRIMARY,4096,338,0,1384448,1,1,207482305157
339,PRIMARY,4096,339,0,1388544,1,1,207482305157
340,PRIMARY,4096,340,0,1392640,1,1,207482305157
341,PRIMARY,4096,341,0,1396736,1,1,207482305157
342,PRIMARY,4096,342,0,1400832,1,1,207482305157
343,PRIMARY,4096,343,0,1404928,1,1,207482305157
344,PRIMARY,4096,344,0,1409024,1,1,207482305157
345,PRIMARY,4096,345,0,1413120,1,1,207482305157
346,PRIMARY,4096,346,0,1417216,1,1,207482305157
347,PRIMARY,4096,347,0,1421312,1,1,207482305157
348,PRIMARY,4096,348,0,1425408,1,1,207482305157
349,PRIMARY,4096,349,0,1429504,1,1,207482305157
350,PRIMARY,4096,350,0,1433600,1,1,207482305157
351,PRIMARY,4096,351,0,1437696,1,1,207482305157
352,PRIMARY,4096,352,0,1441792,1,1,207482305157
353,PRIMARY,4096,353,0,1445888,1,1,207482305157
354,PRIMARY,4096,354,0,1449984,1,1,207482305157
355,PRIMARY,4096,355,0,1454080,1,1,207482305157
356,PRIMARY,4096,356,0,1458176,1,1,207482305157
357,PRIMARY,4096,357,0,1462272,1,1,207482305157
358,PRIMARY,4096,358,0,1466368,1,1,207482305157
359,PRIMARY,4096,359,0,1470464,1,1,207482305157
360,PRIMARY,4096,360,0,1474560,1,1,207482305157
361,PRIMARY,4096,361,0,1478656,1,1,207482305157
362,PRIMARY,4096,362,0,1482752,1,1,207482305157
363,PRIMARY,4096,363,0,1486848,1,1,207482305157
364,PRIMARY,4096,364,0,1490944,1,1,207482305157
365,PRIMARY,4096,365,0,1495040,1,1,207482305157
366,PRIMARY,4096,366,0,1499136,1,1,207482305157
367,PRIMARY,4096,367,0,1503232,1,1,207482305157
368,PRIMARY,4096,368,0,1507328,1,1,207482305157
369,PRIMARY,4096,369,0,1511424,1,1,207482305157
370,PRIMARY,4096,370,0,1515520,1,1,207482305157
371,PRIMARY,4096,371,0,1519616,1,1,207482305157
372,PRIMARY,4096,372,0,1523712,1,1,207482305157
373,PRIMARY,4096,373,0,1527808,1,1,207482305157
374,PRIMARY,4096,374,0,1531904,1,1,207482305157
375,PRIMARY,4096,375,0,1536000,1,1,207482305157
376,PRIMARY,4096,376,0,1540096,1,1,207482305157
377,PRIMARY,4096,377,0,1544192,1,1,207482305157
378,PRIMARY,4096,378,0,1548288,1,1,207482305157
379,PRIMARY,4096,379,0,1552384,1,1,207482305157
380,PRIMARY,4096,380,0,1556480,1,1,207482305157
381,PRIMARY,4096,381,0,1560576,1,1,207482305157
382,PRIMARY,4096,382,0,1564672,1,1,207482305157
383,PRIMARY,4096,383,0,1568768,1,1,207482305157
384,PRIMARY,4096,384,0,1572864,1,1,207482305157
385,PRIMARY,4096,385,0,1576960,1,1,207482305157
386,PRIMARY,4096,386,0,1581056,1,1,207482305157
387,PRIMARY,4096,387,0,1585152,1,1,207482305157
388,PRIMARY,4096,388,0,1589248,1,1,207482305157
389,PRIMARY,4096,389,0,1593344,1,1,207482305157
390,PRIMARY,4096,390,0,1597440,1,1,207482305157
391,PRIMARY,4096,391,0,1601536,1,1,207482305157
392,PRIMARY,4096,392,0,1605632,1,1,207482305157
393,PRIMARY,4096,393,0,1609728,1,1,207482305157
394,PRIMARY,4096,394,0,1613824,1,1,207482305157
395,PRIMARY,4096,395,0,1617920,1,1,207482305157
396,PRIMARY,4096,396,0,1622016,1,1,207482305157
397,PRIMARY,4096,397,0,1626112,1,1,207482305157
398,PRIMARY,4096,398,0,1630208,1,1,207482305157
399,PRIMARY,4096,399,0,1634304,1,1,207482305157
400,PRIMARY,4096,400,0,1638400,1,1,207482305157
401,PRIMARY,4096,401,0,1642496,1,1,207482305157
402,PRIMARY,4096,402,0,1646592,1,1,207482305157
403,PRIMARY,4096,403,0,1650688,1,1,207482305157
404,PRIMARY,4096,404,0,1654784,1,1,207482305157
405,PRIMARY,4096,405,0,1658880,1,1,207482305157
406,PRIMARY,4096,406,0,1662976,1,1,207482305157
407,PRIMARY,4096,407,0,1667072,1,1,207482305157
408,PRIMARY,4096,408,0,1671168,1,1,207482305157
409,PRIMARY,4096,409,0,1675264,1,1,207482305157
410,PRIMARY,4096,410,0,1679360,1,1,207482305157
411,PRIMARY,4096,411,0,1683456,1,1,207482305157
412,PRIMARY,4096,412,0,1687552,1,1,207482305157
413,PRIMARY,4096,413,0,1691648,1,1,207482305157
414,PRIMARY,4096,414,0,1695744,1,1,207482305157
415,PRIMARY,4096,415,0,1699840,1,1,207482305157
416,PRIMARY,4096,416,0,1703936,1,1,207482305157
417,PRIMARY,4096,417,0,1708032,1,1,207482305157
418,PRIMARY,4096,418,0,1712128,1,1,207482305157
419,PRIMARY,4096,419,0,1716224,1,1,207482305157
420,PRIMARY,4096,420,0,1720320,1,1,207482305157
421,PRIMARY,4096,421,0,1724416,1,1,207482305157
422,PRIMARY,4096,422,0,1728512,1,1,207482305157
423,PRIMARY,4096,423,0,1732608,1,1,207482305157
424,PRIMARY,4096,424,0,1736704,1,1,207482305157
425,PRIMARY,4096,425,0,1740800,1,1,207482305157
426,PRIMARY,4096,426,0,1744896,1,1,207482305157
427,PRIMARY,4096,427,0,1748992,1,1,207482305157
428,PRIMARY,4096,428,0,1753088,1,1,207482305157
429,PRIMARY,4096,429,0,1757184,1,1,207482305157
430,PRIMARY,4096,430,0,1761280,1,1,207482305157
431,PRIMARY,4096,431,0,1765376,1,1,207482305157
432,PRIMARY,4096,432,0,1769472,1,1,207482305157
433,PRIMARY,4096,433,0,1773568,1,1,207482305157
434,PRIMARY,4096,434,0,1777664,1,1,207482305157
435,PRIMARY,4096,435,0,1781760,1,1,207482305157
436,PRIMARY,4096,436,0,1785856,1,1,207482305157
437,PRIMARY,4096,437,0,1789952,1,1,207482305157
438,PRIMARY,4096,438,0,1794048,1,1,207482305157
439,PRIMARY,4096,439,0,1798144,1,1,207482305157
440,PRIMARY,4096,440,0,1802240,1,1,207482305157
441,PRIMARY,4096,441,0,1806336,1,1,207482305157
442,PRIMARY,4096,442,0,1810432,1,1,207482305157
443,PRIMARY,4096,443,0,1814528,1,1,207482305157
444,PRIMARY,4096,444,0,1818624,1,1,207482305157
445,PRIMARY,4096,445,0,1822720,1,1,207482305157
446,PRIMARY,4096,446,0,1826816,1,1,207482305157
447,PRIMARY,4096,447,0,1830912,1,1,207482305157
448,PRIMARY,4096,448,0,1835008,1,1,207482305157
449,PRIMARY,4096,449,0,1839104,1,1,207482305157
450,PRIMARY,4096,450,0,1843200,1,1,207482305157
451,PRIMARY,4096,451,0,1847296,1,1,207482305157
452,PRIMARY,4096,452,0,1851392,1,1,207482305157
453,PRIMARY,4096,453,0,1855488,1,1,207482305157
454,PRIMARY,4096,454,0,1859584,1,1,207482305157
455,PRIMARY,4096,455,0,1863680,1,1,207482305157
456,PRIMARY,4096,456,0,1867776,1,1,207482305157
457,PRIMARY,4096,457,0,1871872,1,1,207482305157
458,PRIMARY,4096,458,0,1875968,1,1,207482305157
459,PRIMARY,4096,459,0,1880064,1,1,207482305157
460,PRIMARY,4096,460,0,1884160,1,1,207482305157
461,PRIMARY,4096,461,0,1888256,1,1,207482305157
462,PRIMARY,4096,462,0,1892352,1,1,207482305157
463,PRIMARY,4096,463,0,1896448,1,1,207482305157
464,PRIMARY,4096,464,0,1900544,1,1,207482305157
465,PRIMARY,4096,465,0,1904640,1,1,207482305157
466,PRIMARY,4096,466,0,1908736,1,1,207482305157
467,PRIMARY,4096,467,0,1912832,1,1,207482305157
468,PRIMARY,4096,468,0,1916928,1,1,207482305157
469,PRIMARY,4096,469,0,1921024,1,1,207482305157
470,PRIMARY,4096,470,0,1925120,1,1,207482305157
471,PRIMARY,4096,471,0,1929216,1,1,207482305157
472,PRIMARY,4096,472,0,1933312,1,1,207482305157
473,PRIMARY,4096,473,0,1937408,1,1,207482305157
474,PRIMARY,4096,474,0,1941504,1,1,207482305157
475,PRIMARY,4096,475,0,1945600,1,1,207482305157
476,PRIMARY,4096,476,0,1949696,1,1,207482305157
477,PRIMARY,4096,477,0,1953792,1,1,207482305157
478,PRIMARY,4096,478,0,1957888,1,1,207482305157
479,PRIMARY,4096,479,0,1961984,1,1,207482305157
480,PRIMARY,4096,480,0,1966080,1,1,207482305157
481,PRIMARY,4096,481,0,1970176,1,1,207482305157
482,PRIMARY,4096,482,0,1974272,1,1,207482305157
483,PRIMARY,4096,483,0,1978368,1,1,207482305157
484,PRIMARY,4096,484,0,1982464,1,1,207482305157
485,PRIMARY,4096,485,0,1986560,1,1,207482305157
486,PRIMARY,4096,486,0,1990656,1,1,207482305157
487,PRIMARY,4096,487,0,1994752,1,1,207482305157
488,PRIMARY,4096,488,0,1998848,1,1,207482305157
489,PRIMARY,4096,489,0,2002944,1,1,207482305157
490,PRIMARY,4096,490,0,2007040,1,1,207482305157
491,PRIMARY,4096,491,0,2011136,1,1,207482305157
492,PRIMARY,4096,492,0,2015232,1,1,207482305157
493,PRIMARY,4096,493,0,2019328,1,1,207482305157
494,PRIMARY,4096,494,0,2023424,1,1,207482305157
495,PRIMARY,4096,495,0,2027520,1,1,207482305157
496,PRIMARY,4096,496,0,2031616,1,1,207482305157
497,PRIMARY,4096,497,0,2035712,1,1,207482305157
498,PRIMARY,4096,498,0,2039808,1,1,207482305157
499,PRIMARY,4096,499,0,2043904,1,1,207482305157
500,PRIMARY,4096,500,0,2048000,1,1,207482305157
501,PRIMARY,4096,501,0,2052096,1,1,207482305157
502,PRIMARY,4096,502,0,2056192,1,1,207482305157
503,PRIMARY,4096,503,0,2060288,1,1,207482305157
504,PRIMARY,4096,504,0,2064384,1,1,207482305157
505,PRIMARY,4096,505,0,2068480,1,1,207482305157
506,PRIMARY,4096,506,0,2072576,1,1,207482305157
507,PRIMARY,4096,507,0,2076672,1,1,207482305157
508,PRIMARY,4096,508,0,2080768,1,1,207482305157
509,PRIMARY,4096,509,0,2084864,1,1,207482305157
510,PRIMARY,4096,510,0,2088960,1,1,207482305157
511,PRIMARY,4096,511,0,2093056,1,1,207482305157
512,PRIMARY,4096,512,0,2097152,1,1,207482305157
513,PRIMARY,4096,513,0,2101248,1,1,207482305157
514,PRIMARY,4096,514,0,2105344,1,1,207482305157
515,PRIMARY,4096,515,0,2109440,1,1,207482305157
516,PRIMARY,4096,516,0,2113536,1,1,207482305157
517,PRIMARY,4096,517,0,2117632,1,1,207482305157
518,PRIMARY,4096,518,0,2121728,1,1,207482305157
519,PRIMARY,4096,519,0,2125824,1,1,207482305157
520,PRIMARY,4096,520,0,2129920,1,1,207482305157
521,PRIMARY,4096,521,0,2134016,1,1,207482305157
522,PRIMARY,4096,522,0,2138112,1,1,207482305157
523,PRIMARY,4096,523,0,2142208,1,1,207482305157
524,PRIMARY,4096,524,0,2146304,1,1,207482305157
525,PRIMARY,4096,525,0,2150400,1,1,207482305157
526,PRIMARY,4096,526,0,2154496,1,1,207482305157
527,PRIMARY,4096,527,0,2158592,1,1,207482305157
528,PRIMARY,4096,528,0,2162688,1,1,207482305157
529,PRIMARY,4096,529,0,2166784,1,1,207482305157
530,PRIMARY,4096,530,0,2170880,1,1,207482305157
531,PRIMARY,4096,531,0,2174976,1,1,207482305157
532,PRIMARY,4096,532,0,2179072,1,1,207482305157
533,PRIMARY,4096,533,0,2183168,1,1,207482305157
534,PRIMARY,4096,534,0,2187264,1,1,207482305157
535,PRIMARY,4096,535,0,2191360,1,1,207482305157
536,PRIMARY,4096,536,0,2195456,1,1,207482305157
537,PRIMARY,4096,537,0,2199552,1,1,207482305157
538,PRIMARY,4096,538,0,2203648,1,1,207482305157
539,PRIMARY,4096,539,0,2207744,1,1,207482305157
540,PRIMARY,4096,540,0,2211840,1,1,207482305157
541,PRIMARY,4096,541,0,2215936,1,1,207482305157
542,PRIMARY,4096,542,0,2220032,1,1,207482305157
543,PRIMARY,4096,543,0,2224128,1,1,207482305157
544,PRIMARY,4096,544,0,2228224,1,1,207482305157
545,PRIMARY,4096,545,0,2232320,1,1,207482305157
546,PRIMARY,4096,546,0,2236416,1,1,207482305157
547,PRIMARY,4096,547,0,2240512,1,1,207482305157
548,PRIMARY,4096,548,0,2244608,1,1,207482305157
549,PRIMARY,4096,549,0,2248704,1,1,207482305157
550,PRIMARY,4096,550,0,2252800,1,1,207482305157
551,PRIMARY,4096,551,0,2256896,1,1,207482305157
552,PRIMARY,4096,552,0,2260992,1,1,207482305157
553,PRIMARY,4096,553,0,2265088,1,1,207482305157
554,PRIMARY,4096,554,0,2269184,1,1,207482305157
555,PRIMARY,4096,555,0,2273280,1,1,207482305157
556,PRIMARY,4096,556,0,2277376,1,1,207482305157
557,PRIMARY,4096,557,0,2281472,1,1,207482305157
558,PRIMARY,4096,558,0,2285568,1,1,207482305157
559,PRIMARY,4096,559,0,2289664,1,1,207482305157
560,PRIMARY,4096,560,0,2293760,1,1,207482305157
561,PRIMARY,4096,561,0,2297856,1,1,207482305157
562,PRIMARY,4096,562,0,2301952,1,1,207482305157
563,PRIMARY,4096,563,0,2306048,1,1,207482305157
564,PRIMARY,4096,564,0,2310144,1,1,207482305157
565,PRIMARY,4096,565,0,2314240,1,1,207482305157
566,PRIMARY,4096,566,0,2318336,1,1,207482305157
567,PRIMARY,4096,567,0,2322432,1,1,207482305157
568,PRIMARY,4096,568,0,2326528,1,1,207482305157
569,PRIMARY,4096,569,0,2330624,1,1,207482305157
570,PRIMARY,4096,570,0,2334720,1,1,207482305157
571,PRIMARY,4096,571,0,2338816,1,1,207482305157
572,PRIMARY,4096,572,0,2342912,1,1,207482305157
573,PRIMARY,4096,573,0,2347008,1,1,207482305157
574,PRIMARY,4096,574,0,2351104,1,1,207482305157
575,PRIMARY,4096,575,0,2355200,1,1,207482305157
576,PRIMARY,4096,576,0,2359296,1,1,207482305157
577,PRIMARY,4096,577,0,2363392,1,1,207482305157
578,PRIMARY,4096,578,0,2367488,1,1,207482305157
579,PRIMARY,4096,579,0,2371584,1,1,207482305157
580,PRIMARY,4096,580,0,2375680,1,1,207482305157
581,PRIMARY,4096,581,0,2379776,1,1,207482305157
582,PRIMARY,4096,582,0,2383872,1,1,207482305157
583,PRIMARY,4096,583,0,2387968,1,1,207482305157
584,PRIMARY,4096,584,0,2392064,1,1,207482305157
585,PRIMARY,4096,585,0,2396160,1,1,207482305157
586,PRIMARY,4096,586,0,2400256,1,1,207482305157
587,PRIMARY,4096,587,0,2404352,1,1,207482305157
588,PRIMARY,4096,588,0,2408448,1,1,207482305157
589,PRIMARY,4096,589,0,2412544,1,1,207482305157
590,PRIMARY,4096,590,0,2416640,1,1,207482305157
591,PRIMARY,4096,591,0,2420736,1,1,207482305157
592,PRIMARY,4096,592,0,2424832,1,1,207482305157
593,PRIMARY,4096,593,0,2428928,1,1,207482305157
594,PRIMARY,4096,594,0,2433024,1,1,207482305157
595,PRIMARY,4096,595,0,2437120,1,1,207482305157
596,PRIMARY,4096,596,0,2441216,1,1,207482305157
597,PRIMARY,4096,597,0,2445312,1,1,207482305157
598,PRIMARY,4096,598,0,2449408,1,1,207482305157
599,PRIMARY,4096,599,0,2453504,1,1,207482305157
600,PRIMARY,4096,600,0,2457600,1,1,207482305157
601,PRIMARY,4096,601,0,2461696,1,1,207482305157
602,PRIMARY,4096,602,0,2465792,1,1,207482305157
603,PRIMARY,4096,603,0,2469888,1,1,207482305157
604,PRIMARY,4096,604,0,2473984,1,1,207482305157
605,PRIMARY,4096,605,0,2478080,1,1,207482305157
606,PRIMARY,4096,606,0,2482176,1,1,207482305157
607,PRIMARY,4096,607,0,2486272,1,1,207482305157
608,PRIMARY,4096,608,0,2490368,1,1,207482305157
609,PRIMARY,4096,609,0,2494464,1,1,207482305157
610,PRIMARY,4096,610,0,2498560,1,1,207482305157
611,PRIMARY,4096,611,0,2502656,1,1,207482305157
612,PRIMARY,4096,612,0,2506752,1,1,207482305157
613,PRIMARY,4096,613,0,2510848,1,1,207482305157
614,PRIMARY,4096,614,0,2514944,1,1,207482305157
615,PRIMARY,4096,615,0,2519040,1,1,207482305157
616,PRIMARY,4096,616,0,2523136,1,1,207482305157
617,PRIMARY,4096,617,0,2527232,1,1,207482305157
618,PRIMARY,4096,618,0,2531328,1,1,207482305157
619,PRIMARY,4096,619,0,2535424,1,1,207482305157
620,PRIMARY,4096,620,0,2539520,1,1,207482305157
621,PRIMARY,4096,621,0,2543616,1,1,207482305157
622,PRIMARY,4096,622,0,2547712,1,1,207482305157
623,PRIMARY,4096,623,0,2551808,1,1,207482305157
624,PRIMARY,4096,624,0,2555904,1,1,207482305157
625,PRIMARY,4096,625,0,2560000,1,1,207482305157
626,PRIMARY,4096,626,0,2564096,1,1,207482305157
627,PRIMARY,4096,627,0,2568192,1,1,207482305157
628,PRIMARY,4096,628,0,2572288,1,1,207482305157
629,PRIMARY,4096,629,0,2576384,1,1,207482305157
630,PRIMARY,4096,630,0,2580480,1,1,207482305157
631,PRIMARY,4096,631,0,2584576,1,1,207482305157
632,PRIMARY,4096,632,0,2588672,1,1,207482305157
633,PRIMARY,4096,633,0,2592768,1,1,207482305157
634,PRIMARY,4096,634,0,2596864,1,1,207482305157
635,PRIMARY,4096,635,0,2600960,1,1,207482305157
636,PRIMARY,4096,636,0,2605056,1,1,207482305157
637,PRIMARY,4096,637,0,2609152,1,1,207482305157
638,PRIMARY,4096,638,0,2613248,1,1,207482305157
639,PRIMARY,4096,639,0,2617344,1,1,207482305157
640,PRIMARY,4096,640,0,2621440,1,1,207482305157
641,PRIMARY,4096,641,0,2625536,1,1,207482305157
642,PRIMARY,4096,642,0,2629632,1,1,207482305157
643,PRIMARY,4096,643,0,2633728,1,1,207482305157
644,PRIMARY,4096,644,0,2637824,1,1,207482305157
645,PRIMARY,4096,645,0,2641920,1,1,207482305157
646,PRIMARY,4096,646,0,2646016,1,1,207482305157
647,PRIMARY,4096,647,0,2650112,1,1,207482305157
648,PRIMARY,4096,648,0,2654208,1,1,207482305157
649,PRIMARY,4096,649,0,2658304,1,1,207482305157
650,PRIMARY,4096,650,0,2662400,1,1,207482305157
651,PRIMARY,4096,651,0,2666496,1,1,207482305157
652,PRIMARY,4096,652,0,2670592,1,1,207482305157
653,PRIMARY,4096,653,0,2674688,1,1,207482305157
654,PRIMARY,4096,654,0,2678784,1,1,207482305157
655,PRIMARY,4096,655,0,2682880,1,1,207482305157
656,PRIMARY,4096,656,0,2686976,1,1,207482305157
657,PRIMARY,4096,657,0,2691072,1,1,207482305157
658,PRIMARY,4096,658,0,2695168,1,1,207482305157
659,PRIMARY,4096,659,0,2699264,1,1,207482305157
660,PRIMARY,4096,660,0,2703360,1,1,207482305157
661,PRIMARY,4096,661,0,2707456,1,1,207482305157
662,PRIMARY,4096,662,0,2711552,1,1,207482305157
663,PRIMARY,4096,663,0,2715648,1,1,207482305157
664,PRIMARY,4096,664,0,2719744,1,1,207482305157
665,PRIMARY,4096,665,0,2723840,1,1,207482305157
666,PRIMARY,4096,666,0,2727936,1,1,207482305157
667,PRIMARY,4096,667,0,2732032,1,1,207482305157
668,PRIMARY,4096,668,0,2736128,1,1,207482305157
669,PRIMARY,4096,669,0,2740224,1,1,207482305157
670,PRIMARY,4096,670,0,2744320,1,1,207482305157
671,PRIMARY,4096,671,0,2748416,1,1,207482305157
672,PRIMARY,4096,672,0,2752512,1,1,207482305157
673,PRIMARY,4096,673,0,2756608,1,1,207482305157
674,PRIMARY,4096,674,0,2760704,1,1,207482305157
675,PRIMARY,4096,675,0,2764800,1,1,207482305157
676,PRIMARY,4096,676,0,2768896,1,1,207482305157
677,PRIMARY,4096,677,0,2772992,1,1,207482305157
678,PRIMARY,4096,678,0,2777088,1,1,207482305157
679,PRIMARY,4096,679,0,2781184,1,1,207482305157
680,PRIMARY,4096,680,0,2785280,1,1,207482305157
681,PRIMARY,4096,681,0,2789376,1,1,207482305157
682,PRIMARY,4096,682,0,2793472,1,1,207482305157
683,PRIMARY,4096,683,0,2797568,1,1,207482305157
684,PRIMARY,4096,684,0,2801664,1,1,207482305157
685,PRIMARY,4096,685,0,2805760,1,1,207482305157
686,PRIMARY,4096,686,0,2809856,1,1,207482305157
687,PRIMARY,4096,687,0,2813952,1,1,207482305157
688,PRIMARY,4096,688,0,2818048,1,1,207482305157
689,PRIMARY,4096,689,0,2822144,1,1,207482305157
690,PRIMARY,4096,690,0,2826240,1,1,207482305157
691,PRIMARY,4096,691,0,2830336,1,1,207482305157
692,PRIMARY,4096,692,0,2834432,1,1,207482305157
693,PRIMARY,4096,693,0,2838528,1,1,207482305157
694,PRIMARY,4096,694,0,2842624,1,1,207482305157
695,PRIMARY,4096,695,0,2846720,1,1,207482305157
696,PRIMARY,4096,696,0,2850816,1,1,207482305157
697,PRIMARY,4096,697,0,2854912,1,1,207482305157
698,PRIMARY,4096,698,0,2859008,1,1,207482305157
699,PRIMARY,4096,699,0,2863104,1,1,207482305157
700,PRIMARY,4096,700,0,2867200,1,1,207482305157
701,PRIMARY,4096,701,0,2871296,1,1,207482305157
702,PRIMARY,4096,702,0,2875392,1,1,207482305157
703,PRIMARY,4096,703,0,2879488,1,1,207482305157
704,PRIMARY,4096,704,0,2883584,1,1,207482305157
705,PRIMARY,4096,705,0,2887680,1,1,207482305157
706,PRIMARY,4096,706,0,2891776,1,1,207482305157
707,PRIMARY,4096,707,0,2895872,1,1,207482305157
708,PRIMARY,4096,708,0,2899968,1,1,207482305157
709,PRIMARY,4096,709,0,2904064,1,1,207482305157
710,PRIMARY,4096,710,0,2908160,1,1,207482305157
711,PRIMARY,4096,711,0,2912256,1,1,207482305157
712,PRIMARY,4096,712,0,2916352,1,1,207482305157
713,PRIMARY,4096,713,0,2920448,1,1,207482305157
714,PRIMARY,4096,714,0,2924544,1,1,207482305157
715,PRIMARY,4096,715,0,2928640,1,1,207482305157
716,PRIMARY,4096,716,0,2932736,1,1,207482305157
717,PRIMARY,4096,717,0,2936832,1,1,207482305157
718,PRIMARY,4096,718,0,2940928,1,1,207482305157
719,PRIMARY,4096,719,0,2945024,1,1,207482305157
720,PRIMARY,4096,720,0,2949120,1,1,207482305157
721,PRIMARY,4096,721,0,2953216,1,1,207482305157
722,PRIMARY,4096,722,0,2957312,1,1,207482305157
723,PRIMARY,4096,723,0,2961408,1,1,207482305157
724,PRIMARY,4096,724,0,2965504,1,1,207482305157
725,PRIMARY,4096,725,0,2969600,1,1,207482305157
726,PRIMARY,4096,726,0,2973696,1,1,207482305157
727,PRIMARY,4096,727,0,2977792,1,1,207482305157
728,PRIMARY,4096,728,0,2981888,1,1,207482305157
729,PRIMARY,4096,729,0,2985984,1,1,207482305157
730,PRIMARY,4096,730,0,2990080,1,1,207482305157
731,PRIMARY,4096,731,0,2994176,1,1,207482305157
732,PRIMARY,4096,732,0,2998272,1,1,207482305157
733,PRIMARY,4096,733,0,3002368,1,1,207482305157
734,PRIMARY,4096,734,0,3006464,1,1,207482305157
735,PRIMARY,4096,735,0,3010560,1,1,207482305157
736,PRIMARY,4096,736,0,3014656,1,1,207482305157
737,PRIMARY,4096,737,0,3018752,1,1,207482305157
738,PRIMARY,4096,738,0,3022848,1,1,207482305157
739,PRIMARY,4096,739,0,3026944,1,1,207482305157
740,PRIMARY,4096,740,0,3031040,1,1,207482305157
741,PRIMARY,4096,741,0,3035136,1,1,207482305157
742,PRIMARY,4096,742,0,3039232,1,1,207482305157
743,PRIMARY,4096,743,0,3043328,1,1,207482305157
744,PRIMARY,4096,744,0,3047424,1,1,207482305157
745,PRIMARY,4096,745,0,3051520,1,1,207482305157
746,PRIMARY,4096,746,0,3055616,1,1,207482305157
747,PRIMARY,4096,747,0,3059712,1,1,207482305157
748,PRIMARY,4096,748,0,3063808,1,1,207482305157
749,PRIMARY,4096,749,0,3067904,1,1,207482305157
750,PRIMARY,4096,750,0,3072000,1,1,207482305157
751,PRIMARY,4096,751,0,3076096,1,1,207482305157
752,PRIMARY,4096,752,0,3080192,1,1,207482305157
753,PRIMARY,4096,753,0,3084288,1,1,207482305157
754,PRIMARY,4096,754,0,3088384,1,1,207482305157
755,PRIMARY,4096,755,0,3092480,1,1,207482305157
756,PRIMARY,4096,756,0,3096576,1,1,207482305157
757,PRIMARY,4096,757,0,3100672,1,1,207482305157
758,PRIMARY,4096,758,0,3104768,1,1,207482305157
759,PRIMARY,4096,759,0,3108864,1,1,207482305157
760,PRIMARY,4096,760,0,3112960,1,1,207482305157
761,PRIMARY,4096,761,0,3117056,1,1,207482305157
762,PRIMARY,4096,762,0,3121152,1,1,207482305157
763,PRIMARY,4096,763,0,3125248,1,1,207482305157
764,PRIMARY,4096,764,0,3129344,1,1,207482305157
765,PRIMARY,4096,765,0,3133440,1,1,207482305157
766,PRIMARY,4096,766,0,3137536,1,1,207482305157
767,PRIMARY,4096,767,0,3141632,1,1,207482305157
768,PRIMARY,4096,768,0,3145728,1,1,207482305157
769,PRIMARY,4096,769,0,3149824,1,1,207482305157
770,PRIMARY,4096,770,0,3153920,1,1,207482305157
771,PRIMARY,4096,771,0,3158016,1,1,207482305157
772,PRIMARY,4096,772,0,3162112,1,1,207482305157
773,PRIMARY,4096,773,0,3166208,1,1,207482305157
774,PRIMARY,4096,774,0,3170304,1,1,207482305157
775,PRIMARY,4096,775,0,3174400,1,1,207482305157
776,PRIMARY,4096,776,0,3178496,1,1,207482305157
777,PRIMARY,4096,777,0,3182592,1,1,207482305157
778,PRIMARY,4096,778,0,3186688,1,1,207482305157
779,PRIMARY,4096,779,0,3190784,1,1,207482305157
780,PRIMARY,4096,780,0,3194880,1,1,207482305157
781,PRIMARY,4096,781,0,3198976,1,1,207482305157
782,PRIMARY,4096,782,0,3203072,1,1,207482305157
783,PRIMARY,4096,783,0,3207168,1,1,207482305157
784,PRIMARY,4096,784,0,3211264,1,1,207482305157
785,PRIMARY,4096,785,0,3215360,1,1,207482305157
786,PRIMARY,4096,786,0,3219456,1,1,207482305157
787,PRIMARY,4096,787,0,3223552,1,1,207482305157
788,PRIMARY,4096,788,0,3227648,1,1,207482305157
789,PRIMARY,4096,789,0,3231744,1,1,207482305157
790,PRIMARY,4096,790,0,3235840,1,1,207482305157
791,PRIMARY,4096,791,0,3239936,1,1,207482305157
792,PRIMARY,4096,792,0,3244032,1,1,207482305157
793,PRIMARY,4096,793,0,3248128,1,1,207482305157
794,PRIMARY,4096,794,0,3252224,1,1,207482305157
795,PRIMARY,4096,795,0,3256320,1,1,207482305157
796,PRIMARY,4096,796,0,3260416,1,1,207482305157
797,PRIMARY,4096,797,0,3264512,1,1,207482305157
798,PRIMARY,4096,798,0,3268608,1,1,207482305157
799,PRIMARY,4096,799,0,3272704,1,1,207482305157
800,PRIMARY,4096,800,0,3276800,1,1,207482305157
801,PRIMARY,4096,801,0,3280896,1,1,207482305157
802,PRIMARY,4096,802,0,3284992,1,1,207482305157
803,PRIMARY,4096,803,0,3289088,1,1,207482305157
804,PRIMARY,4096,804,0,3293184,1,1,207482305157
805,PRIMARY,4096,805,0,3297280,1,1,207482305157
806,PRIMARY,4096,806,0,3301376,1,1,207482305157
807,PRIMARY,4096,807,0,3305472,1,1,207482305157
808,PRIMARY,4096,808,0,3309568,1,1,207482305157
809,PRIMARY,4096,809,0,3313664,1,1,207482305157
810,PRIMARY,4096,810,0,3317760,1,1,207482305157
811,PRIMARY,4096,811,0,3321856,1,1,207482305157
812,PRIMARY,4096,812,0,3325952,1,1,207482305157
813,PRIMARY,4096,813,0,3330048,1,1,207482305157
814,PRIMARY,4096,814,0,3334144,1,1,207482305157
815,PRIMARY,4096,815,0,3338240,1,1,207482305157
816,PRIMARY,4096,816,0,3342336,1,1,207482305157
817,PRIMARY,4096,817,0,3346432,1,1,207482305157
818,PRIMARY,4096,818,0,3350528,1,1,207482305157
819,PRIMARY,4096,819,0,3354624,1,1,207482305157
820,PRIMARY,4096,820,0,3358720,1,1,207482305157
821,PRIMARY,4096,821,0,3362816,1,1,207482305157
822,PRIMARY,4096,822,0,3366912,1,1,207482305157
823,PRIMARY,4096,823,0,3371008,1,1,207482305157
824,PRIMARY,4096,824,0,3375104,1,1,207482305157
825,PRIMARY,4096,825,0,3379200,1,1,207482305157
826,PRIMARY,4096,826,0,3383296,1,1,207482305157
827,PRIMARY,4096,827,0,3387392,1,1,207482305157
828,PRIMARY,4096,828,0,3391488,1,1,207482305157
829,PRIMARY,4096,829,0,3395584,1,1,207482305157
830,PRIMARY,4096,830,0,3399680,1,1,207482305157
831,PRIMARY,4096,831,0,3403776,1,1,207482305157
832,PRIMARY,4096,832,0,3407872,1,1,207482305157
833,PRIMARY,4096,833,0,3411968,1,1,207482305157
834,PRIMARY,4096,834,0,3416064,1,1,207482305157
835,PRIMARY,4096,835,0,3420160,1,1,207482305157
836,PRIMARY,4096,836,0,3424256,1,1,207482305157
837,PRIMARY,4096,837,0,3428352,1,1,207482305157
838,PRIMARY,4096,838,0,3432448,1,1,207482305157
839,PRIMARY,4096,839,0,3436544,1,1,207482305157
840,PRIMARY,4096,840,0,3440640,1,1,207482305157
841,PRIMARY,4096,841,0,3444736,1,1,207482305157
842,PRIMARY,4096,842,0,3448832,1,1,207482305157
843,PRIMARY,4096,843,0,3452928,1,1,207482305157
844,PRIMARY,4096,844,0,3457024,1,1,207482305157
845,PRIMARY,4096,845,0,3461120,1,1,207482305157
846,PRIMARY,4096,846,0,3465216,1,1,207482305157
847,PRIMARY,4096,847,0,3469312,1,1,207482305157
848,PRIMARY,4096,848,0,3473408,1,1,207482305157
849,PRIMARY,4096,849,0,3477504,1,1,207482305157
850,PRIMARY,4096,850,0,3481600,1,1,207482305157
851,PRIMARY,4096,851,0,3485696,1,1,207482305157
852,PRIMARY,4096,852,0,3489792,1,1,207482305157
853,PRIMARY,4096,853,0,3493888,1,1,207482305157
854,PRIMARY,4096,854,0,3497984,1,1,207482305157
855,PRIMARY,4096,855,0,3502080,1,1,207482305157
856,PRIMARY,4096,856,0,3506176,1,1,207482305157
857,PRIMARY,4096,857,0,3510272,1,1,207482305157
858,PRIMARY,4096,858,0,3514368,1,1,207482305157
859,PRIMARY,4096,859,0,3518464,1,1,207482305157
860,PRIMARY,4096,860,0,3522560,1,1,207482305157
861,PRIMARY,4096,861,0,3526656,1,1,207482305157
862,PRIMARY,4096,862,0,3530752,1,1,207482305157
863,PRIMARY,4096,863,0,3534848,1,1,207482305157
864,PRIMARY,4096,864,0,3538944,1,1,207482305157
865,PRIMARY,4096,865,0,3543040,1,1,207482305157
866,PRIMARY,4096,866,0,3547136,1,1,207482305157
867,PRIMARY,4096,867,0,3551232,1,1,207482305157
868,PRIMARY,4096,868,0,3555328,1,1,207482305157
869,PRIMARY,4096,869,0,3559424,1,1,207482305157
870,PRIMARY,4096,870,0,3563520,1,1,207482305157
871,PRIMARY,4096,871,0,3567616,1,1,207482305157
872,PRIMARY,4096,872,0,3571712,1,1,207482305157
873,PRIMARY,4096,873,0,3575808,1,1,207482305157
874,PRIMARY,4096,874,0,3579904,1,1,207482305157
875,PRIMARY,4096,875,0,3584000,1,1,207482305157
876,PRIMARY,4096,876,0,3588096,1,1,207482305157
877,PRIMARY,4096,877,0,3592192,1,1,207482305157
878,PRIMARY,4096,878,0,3596288,1,1,207482305157
879,PRIMARY,4096,879,0,3600384,1,1,207482305157
880,PRIMARY,4096,880,0,3604480,1,1,207482305157
881,PRIMARY,4096,881,0,3608576,1,1,207482305157
882,PRIMARY,4096,882,0,3612672,1,1,207482305157
883,PRIMARY,4096,883,0,3616768,1,1,207482305157
884,PRIMARY,4096,884,0,3620864,1,1,207482305157
885,PRIMARY,4096,885,0,3624960,1,1,207482305157
886,PRIMARY,4096,886,0,3629056,1,1,207482305157
887,PRIMARY,4096,887,0,3633152,1,1,207482305157
888,PRIMARY,4096,888,0,3637248,1,1,207482305157
889,PRIMARY,4096,889,0,3641344,1,1,207482305157
890,PRIMARY,4096,890,0,3645440,1,1,207482305157
891,PRIMARY,4096,891,0,3649536,1,1,207482305157
892,PRIMARY,4096,892,0,3653632,1,1,207482305157
893,PRIMARY,4096,893,0,3657728,1,1,207482305157
894,PRIMARY,4096,894,0,3661824,1,1,207482305157
895,PRIMARY,4096,895,0,3665920,1,1,207482305157
896,PRIMARY,4096,896,0,3670016,1,1,207482305157
897,PRIMARY,4096,897,0,3674112,1,1,207482305157
898,PRIMARY,4096,898,0,3678208,1,1,207482305157
899,PRIMARY,4096,899,0,3682304,1,1,207482305157
900,PRIMARY,4096,900,0,3686400,1,1,207482305157
901,PRIMARY,4096,901,0,3690496,1,1,207482305157
902,PRIMARY,4096,902,0,3694592,1,1,207482305157
903,PRIMARY,4096,903,0,3698688,1,1,207482305157
904,PRIMARY,4096,904,0,3702784,1,1,207482305157
905,PRIMARY,4096,905,0,3706880,1,1,207482305157
906,PRIMARY,4096,906,0,3710976,1,1,207482305157
907,PRIMARY,4096,907,0,3715072,1,1,207482305157
908,PRIMARY,4096,908,0,3719168,1,1,207482305157
909,PRIMARY,4096,909,0,3723264,1,1,207482305157
910,PRIMARY,4096,910,0,3727360,1,1,207482305157
911,PRIMARY,4096,911,0,3731456,1,1,207482305157
912,PRIMARY,4096,912,0,3735552,1,1,207482305157
913,PRIMARY,4096,913,0,3739648,1,1,207482305157
914,PRIMARY,4096,914,0,3743744,1,1,207482305157
915,PRIMARY,4096,915,0,3747840,1,1,207482305157
916,PRIMARY,4096,916,0,3751936,1,1,207482305157
917,PRIMARY,4096,917,0,3756032,1,1,207482305157
918,PRIMARY,4096,918,0,3760128,1,1,207482305157
919,PRIMARY,4096,919,0,3764224,1,1,207482305157
920,PRIMARY,4096,920,0,3768320,1,1,207482305157
921,PRIMARY,4096,921,0,3772416,1,1,207482305157
922,PRIMARY,4096,922,0,3776512,1,1,207482305157
923,PRIMARY,4096,923,0,3780608,1,1,207482305157
924,PRIMARY,4096,924,0,3784704,1,1,207482305157
925,PRIMARY,4096,925,0,3788800,1,1,207482305157
926,PRIMARY,4096,926,0,3792896,1,1,207482305157
927,PRIMARY,4096,927,0,3796992,1,1,207482305157
928,PRIMARY,4096,928,0,3801088,1,1,207482305157
929,PRIMARY,4096,929,0,3805184,1,1,207482305157
930,PRIMARY,4096,930,0,3809280,1,1,207482305157
931,PRIMARY,4096,931,0,3813376,1,1,207482305157
932,PRIMARY,4096,932,0,3817472,1,1,207482305157
933,PRIMARY,4096,933,0,3821568,1,1,207482305157
934,PRIMARY,4096,934,0,3825664,1,1,207482305157
935,PRIMARY,4096,935,0,3829760,1,1,207482305157
936,PRIMARY,4096,936,0,3833856,1,1,207482305157
937,PRIMARY,4096,937,0,3837952,1,1,207482305157
938,PRIMARY,4096,938,0,3842048,1,1,207482305157
939,PRIMARY,4096,939,0,3846144,1,1,207482305157
940,PRIMARY,4096,940,0,3850240,1,1,207482305157
941,PRIMARY,4096,941,0,3854336,1,1,207482305157
942,PRIMARY,4096,942,0,3858432,1,1,207482305157
943,PRIMARY,4096,943,0,3862528,1,1,207482305157
944,PRIMARY,4096,944,0,3866624,1,1,207482305157
945,PRIMARY,4096,945,0,3870720,1,1,207482305157
946,PRIMARY,4096,946,0,3874816,1,1,207482305157
947,PRIMARY,4096,947,0,3878912,1,1,207482305157
948,PRIMARY,4096,948,0,3883008,1,1,207482305157
949,PRIMARY,4096,949,0,3887104,1,1,207482305157
950,PRIMARY,4096,950,0,3891200,1,1,207482305157
951,PRIMARY,4096,951,0,3895296,1,1,207482305157
952,PRIMARY,4096,952,0,3899392,1,1,207482305157
953,PRIMARY,4096,953,0,3903488,1,1,207482305157
954,PRIMARY,4096,954,0,3907584,1,1,207482305157
955,PRIMARY,4096,955,0,3911680,1,1,207482305157
956,PRIMARY,4096,956,0,3915776,1,1,207482305157
957,PRIMARY,4096,957,0,3919872,1,1,207482305157
958,PRIMARY,4096,958,0,3923968,1,1,207482305157
959,PRIMARY,4096,959,0,3928064,1,1,207482305157
960,PRIMARY,4096,960,0,3932160,1,1,207482305157
961,PRIMARY,4096,961,0,3936256,1,1,207482305157
962,PRIMARY,4096,962,0,3940352,1,1,207482305157
963,PRIMARY,4096,963,0,3944448,1,1,207482305157
964,PRIMARY,4096,964,0,3948544,1,1,207482305157
965,PRIMARY,4096,965,0,3952640,1,1,207482305157
966,PRIMARY,4096,966,0,3956736,1,1,207482305157
967,PRIMARY,4096,967,0,3960832,1,1,207482305157
968,PRIMARY,4096,968,0,3964928,1,1,207482305157
969,PRIMARY,4096,969,0,3969024,1,1,207482305157
970,PRIMARY,4096,970,0,3973120,1,1,207482305157
971,PRIMARY,4096,971,0,3977216,1,1,207482305157
972,PRIMARY,4096,972,0,3981312,1,1,207482305157
973,PRIMARY,4096,973,0,3985408,1,1,207482305157
974,PRIMARY,4096,974,0,3989504,1,1,207482305157
975,PRIMARY,4096,975,0,3993600,1,1,207482305157
976,PRIMARY,4096,976,0,3997696,1,1,207482305157
977,PRIMARY,4096,977,0,4001792,1,1,207482305157
978,PRIMARY,4096,978,0,4005888,1,1,207482305157
979,PRIMARY,4096,979,0,4009984,1,1,207482305157
980,PRIMARY,4096,980,0,4014080,1,1,207482305157
981,PRIMARY,4096,981,0,4018176,1,1,207482305157
982,PRIMARY,4096,982,0,4022272,1,1,207482305157
983,PRIMARY,4096,983,0,4026368,1,1,207482305157
984,PRIMARY,4096,984,0,4030464,1,1,207482305157
985,PRIMARY,4096,985,0,4034560,1,1,207482305157
986,PRIMARY,4096,986,0,4038656,1,1,207482305157
987,PRIMARY,4096,987,0,4042752,1,1,207482305157
988,PRIMARY,4096,988,0,4046848,1,1,207482305157
989,PRIMARY,4096,989,0,4050944,1,1,207482305157
990,PRIMARY,4096,990,0,4055040,1,1,207482305157
991,PRIMARY,4096,991,0,4059136,1,1,207482305157
992,PRIMARY,4096,992,0,4063232,1,1,207482305157
993,PRIMARY,4096,993,0,4067328,1,1,207482305157
994,PRIMARY,4096,994,0,4071424,1,1,207482305157
995,PRIMARY,4096,995,0,4075520,1,1,207482305157
996,PRIMARY,4096,996,0,4079616,1,1,207482305157
997,PRIMARY,4096,997,0,4083712,1,1,207482305157
998,PRIMARY,4096,998,0,4087808,1,1,207482305157
999,PRIMARY,4096,999,0,4091904,1,1,207482305157
1000,PRIMARY,4096,1000,0,4096000,1,1,207482305157
1001,PRIMARY,4096,1001,0,4100096,1,1,207482305157
1002,PRIMARY,4096,1002,0,4104192,1,1,207482305157
1003,PRIMARY,4096,1003,0,4108288,1,1,207482305157
1004,PRIMARY,4096,1004,0,4112384,1,1,207482305157
1005,PRIMARY,4096,1005,0,4116480,1,1,207482305157
1006,PRIMARY,4096,1006,0,4120576,1,1,207482305157
1007,PRIMARY,4096,1007,0,4124672,1,1,207482305157
1008,PRIMARY,4096,1008,0,4128768,1,1,207482305157
1009,PRIMARY,4096,1009,0,4132864,1,1,207482305157
1010,PRIMARY,4096,1010,0,4136960,1,1,207482305157
1011,PRIMARY,4096,1011,0,4141056,1,1,207482305157
1012,PRIMARY,4096,1012,0,4145152,1,1,207482305157
1013,PRIMARY,4096,1013,0,4149248,1,1,207482305157
1014,PRIMARY,4096,1014,0,4153344,1,1,207482305157
1015,PRIMARY,4096,1015,0,4157440,1,1,207482305157
1016,PRIMARY,4096,1016,0,4161536,1,1,207482305157
1017,PRIMARY,4096,1017,0,4165632,1,1,207482305157
1018,PRIMARY,4096,1018,0,4169728,1,1,207482305157
1019,PRIMARY,4096,1019,0,4173824,1,1,207482305157
1020,PRIMARY,4096,1020,0,4177920,1,1,207482305157
1021,PRIMARY,4096,1021,0,4182016,1,1,207482305157
1022,PRIMARY,4096,1022,0,4186112,1,1,207482305157
1023,PRIMARY,4096,1023,0,4190208,1,1,207482305157
1024,PRIMARY,4096,1024,0,4194304,2,1,207482627846
1025,PRIMARY,4096,1025,0,4198400,3,1,207482631142
1026,PRIMARY,4096,1026,0,4202496,4,1,207482661338
1027,PRIMARY,4096,1027,0,4206592,5,1,207482712172
1028,PRIMARY,4096,1028,0,4210688,6,1,207482715488
1029,PRIMARY,4096,1029,0,4214784,7,1,207482763397
1030,PRIMARY,4096,1030,0,4218880,8,1,207482778235
1031,PRIMARY,4096,1031,0,4222976,9,1,207482834659
1032,PRIMARY,4096,1032,0,4227072,10,1,207482849136
1033,PRIMARY,4096,1033,0,4231168,11,1,207482883209
1034,PRIMARY,4096,1034,0,4235264,12,1,207482918795
1035,PRIMARY,4096,1035,0,4239360,13,1,207482954401
1036,PRIMARY,4096,1036,0,4243456,14,1,207482990138
1037,PRIMARY,4096,1037,0,4247552,15,1,207483025724
1038,PRIMARY,4096,1038,0,4251648,16,1,207483060969
1039,PRIMARY,4096,1039,0,4255744,17,1,207483096555
1040,PRIMARY,4096,1040,0,4259840,18,1,207483132341
1041,PRIMARY,4096,1041,0,4263936,19,1,207483167647
1042,PRIMARY,4096,1042,0,4268032,20,1,207483203383
1043,PRIMARY,4096,1043,0,4272128,21,1,207483238949
1044,PRIMARY,4096,1044,0,4276224,22,1,207483274365
1045,PRIMARY,4096,1045,0,4280320,23,1,207483310021
1046,PRIMARY,4096,1046,0,4284416,24,1,207483345537
1047,PRIMARY,4096,1047,0,4288512,25,1,207483381183
1048,PRIMARY,4096,1048,0,4292608,26,1,207483426186
1049,PRIMARY,4096,1049,0,4296704,27,1,207483452064
1050,PRIMARY,4096,1050,0,4300800,28,1,207483487730
1051,PRIMARY,4096,1051,0,4304896,29,1,207483523146
1052,PRIMARY,4096,1052,0,4308992,30,1,207483558992
1053,PRIMARY,4096,1053,0,4313088,31,1,207483594268
1054,PRIMARY,4096,1054,0,4317184,32,1,207483630074
1055,PRIMARY,4096,1055,0,4321280,33,1,207483665410
1056,PRIMARY,4096,1056,0,4325376,34,1,207483701216
1057,PRIMARY,4096,1057,0,4329472,35,1,207483736421
1058,PRIMARY,4096,1058,0,4333568,36,1,207483772128
1059,PRIMARY,4096,1059,0,4337664,37,1,207483807553
1060,PRIMARY,4096,1060,0,4341760,38,1,207483843280
1061,PRIMARY,4096,1061,0,4345856,39,1,207483879016
1062,PRIMARY,4096,1062,0,4349952,40,1,207483914562
1063,PRIMARY,4096,1063,0,4354048,41,1,207483949827
1064,PRIMARY,4096,1064,0,4358144,42,1,207483986154
1065,PRIMARY,4096,1065,0,4362240,43,1,207484022963
1066,PRIMARY,4096,1066,0,4366336,44,1,207484058969
1067,PRIMARY,4096,1067,0,4370432,45,1,207484092171
1068,PRIMARY,4096,1068,0,4374528,46,1,207484127657
1069,PRIMARY,4096,1069,0,4378624,47,1,207484164375
1070,PRIMARY,4096,1070,0,4382720,48,1,207484198679
1071,PRIMARY,4096,1071,0,4386816,49,1,207484233042
1072,PRIMARY,4096,1072,0,4390912,50,1,207484268298
1073,PRIMARY,4096,1073,0,4395008,51,1,207484309504
1074,PRIMARY,4096,1074,0,4399104,52,1,207484339750
1075,PRIMARY,4096,1075,0,4403200,53,1,207484375116
1076,PRIMARY,4096,1076,0,4407296,54,1,207484410581
1077,PRIMARY,4096,1077,0,4411392,55,1,207484446097
1078,PRIMARY,4096,1078,0,4415488,56,1,207484481784
1079,PRIMARY,4096,1079,0,4419584,57,1,207484517199
1080,PRIMARY,4096,1080,0,4423680,58,1,207484554488
1081,PRIMARY,4096,1081,0,4427776,59,1,207484588171
1082,PRIMARY,4096,1082,0,4431872,60,1,207484624729
1083,PRIMARY,4096,1083,0,4435968,61,1,207484659293
1084,PRIMARY,4096,1084,0,4440064,62,1,207484695139
1085,PRIMARY,4096,1085,0,4444160,63,1,207484730926
1086,PRIMARY,4096,1086,0,4448256,64,1,207484766291
1087,PRIMARY,4096,1087,0,4452352,65,1,207484801647
1088,PRIMARY,4096,1088,0,4456448,66,1,207484837183
1089,PRIMARY,4096,1089,0,4460544,67,1,207484872678
1090,PRIMARY,4096,1090,0,4464640,68,1,207484908304
1091,PRIMARY,4096,1091,0,4468736,69,1,207484943750
1092,PRIMARY,4096,1092,0,4472832,70,1,207484979536
1093,PRIMARY,4096,1093,0,4476928,71,1,207485017427
1094,PRIMARY,4096,1094,0,4481024,72,1,207485056559
1095,PRIMARY,4096,1095,0,4485120,73,1,207485086104
1096,PRIMARY,4096,1096,0,4489216,74,1,207485121610
1097,PRIMARY,4096,1097,0,4493312,75,1,207485157076
1098,PRIMARY,4096,1098,0,4497408,76,1,207485192722
1099,PRIMARY,4096,1099,0,4501504,77,1,207485228448
1100,PRIMARY,4096,1100,0,4505600,78,1,207485264054
1101,PRIMARY,4096,1101,0,4509696,79,1,207485299470
1102,PRIMARY,4096,1102,0,4513792,80,1,207485334925
1103,PRIMARY,4096,1103,0,4517888,81,1,207485370511
1104,PRIMARY,4096,1104,0,4521984,82,1,207485406037
1105,PRIMARY,4096,1105,0,4526080,83,1,207485441453
1106,PRIMARY,4096,1106,0,4530176,84,1,207485477129
1107,PRIMARY,4096,1107,0,4534272,85,1,207485512635
1108,PRIMARY,4096,1108,0,4538368,86,1,207485548191
1109,PRIMARY,4096,1109,0,4542464,87,1,207485583707
1110,PRIMARY,4096,1110,0,4546560,88,1,207485619253
1111,PRIMARY,4096,1111,0,4550656,89,1,207485654889
1112,PRIMARY,4096,1112,0,4554752,90,1,207485690465
1113,PRIMARY,4096,1113,0,4558848,91,1,207485725991
1114,PRIMARY,4096,1114,0,4562944,92,1,207485761617
1115,PRIMARY,4096,1115,0,4567040,93,1,207485797042
1116,PRIMARY,4096,1116,0,4571136,94,1,207485832618
1117,PRIMARY,4096,1117,0,4575232,95,1,207485868244
1118,PRIMARY,4096,1118,0,4579328,96,1,207485903991
1119,PRIMARY,4096,1119,0,4583424,97,1,207485939336
1120,PRIMARY,4096,1120,0,4587520,98,1,207485975022
1121,PRIMARY,4096,1121,0,4591616,99,1,207486019926
1122,PRIMARY,4096,1122,0,4595712,100,1,207486047186
1123,PRIMARY,4096,1123,0,4599808,101,1,207486081550
1124,PRIMARY,4096,1124,0,4603904,102,1,207486117256
1125,PRIMARY,4096,1125,0,4608000,103,1,207486152662
1126,PRIMARY,4096,1126,0,4612096,104,1,207486188268
1127,PRIMARY,4096,1127,0,4616192,105,1,207486223743
1128,PRIMARY,4096,1128,0,4620288,106,1,207486259340
1129,PRIMARY,4096,1129,0,4624384,107,1,207486296388
1130,PRIMARY,4096,1130,0,4628480,108,1,207486330421
1131,PRIMARY,4096,1131,0,4632576,109,1,207486366037
1132,PRIMARY,4096,1132,0,4636672,110,1,207486401563
1133,PRIMARY,4096,1133,0,4640768,111,1,207486437089
1134,PRIMARY,4096,1134,0,4644864,112,1,207486472725
1135,PRIMARY,4096,1135,0,4648960,113,1,207486508251
1136,PRIMARY,4096,1136,0,4653056,114,1,207486543737
1137,PRIMARY,4096,1137,0,4657152,115,1,207486579313
1138,PRIMARY,4096,1138,0,4661248,116,1,207486615159
1139,PRIMARY,4096,1139,0,4665344,117,1,207486650445
1140,PRIMARY,4096,1140,0,4669440,118,1,207486686011
1141,PRIMARY,4096,1141,0,4673536,119,1,207486721456
1142,PRIMARY,4096,1142,0,4677632,120,1,207486757283
1143,PRIMARY,4096,1143,0,4681728,121,1,207486792709
1144,PRIMARY,4096,1144,0,4685824,122,1,207486828284
1145,PRIMARY,4096,1145,0,4689920,123,1,207486863991
1146,PRIMARY,4096,1146,0,4694016,124,1,207486899547
1147,PRIMARY,4096,1147,0,4698112,125,1,207486934912
1148,PRIMARY,4096,1148,0,4702208,126,1,207486970548
1149,PRIMARY,4096,1149,0,4706304,127,1,207487008098
1150,PRIMARY,4096,1150,0,4710400,128,1,207487041600
1151,PRIMARY,4096,1151,0,4714496,129,1,207487091633
1152,PRIMARY,4096,1152,0,4718592,130,1,207487112722
1153,PRIMARY,4096,1153,0,4722688,131,1,207487148148
1154,PRIMARY,4096,1154,0,4726784,132,1,207487183844
1155,PRIMARY,4096,1155,0,4730880,133,1,207487219450
1156,PRIMARY,4096,1156,0,4734976,134,1,207487254915
1157,PRIMARY,4096,1157,0,4739072,135,1,207487290501
1158,PRIMARY,4096,1158,0,4743168,136,1,207487325947
1159,PRIMARY,4096,1159,0,4747264,137,1,207487361513
1160,PRIMARY,4096,1160,0,4751360,138,1,207487397270
1161,PRIMARY,4096,1161,0,4755456,139,1,207487432665
1162,PRIMARY,4096,1162,0,4759552,140,1,207487470515
1163,PRIMARY,4096,1163,0,4763648,141,1,207487503727
1164,PRIMARY,4096,1164,0,4767744,142,1,207487539413
1165,PRIMARY,4096,1165,0,4771840,143,1,207487574879
1166,PRIMARY,4096,1166,0,4775936,144,1,207487610465
1167,PRIMARY,4096,1167,0,4780032,145,1,207487646001
1168,PRIMARY,4096,1168,0,4784128,146,1,207487681537
1169,PRIMARY,4096,1169,0,4788224,147,1,207487717233
1170,PRIMARY,4096,1170,0,4792320,148,1,207487752719
1171,PRIMARY,4096,1171,0,4796416,149,1,207487788214
1172,PRIMARY,4096,1172,0,4800512,150,1,207487823760
1173,PRIMARY,4096,1173,0,4804608,151,1,207487859306
1174,PRIMARY,4096,1174,0,4808704,152,1,207487895053
1175,PRIMARY,4096,1175,0,4812800,153,1,207487930418
1176,PRIMARY,4096,1176,0,4816896,154,1,207487966184
1177,PRIMARY,4096,1177,0,4820992,155,1,207488004355
1178,PRIMARY,4096,1178,0,4825088,156,1,207488037186
1179,PRIMARY,4096,1179,0,4829184,157,1,207488072662
1180,PRIMARY,4096,1180,0,4833280,158,1,207488108298
1181,PRIMARY,4096,1181,0,4837376,159,1,207488143764
1182,PRIMARY,4096,1182,0,4841472,160,1,207488179330
1183,PRIMARY,4096,1183,0,4845568,161,1,207488214936
1184,PRIMARY,4096,1184,0,4849664,162,1,207488250502
1185,PRIMARY,4096,1185,0,4853760,163,1,207488286017
1186,PRIMARY,4096,1186,0,4857856,164,1,207488321543
1187,PRIMARY,4096,1187,0,4861952,165,1,207488357079
1188,PRIMARY,4096,1188,0,4866048,166,1,207488392725
1189,PRIMARY,4096,1189,0,4870144,167,1,207488429413
1190,PRIMARY,4096,1190,0,4874240,168,1,207488463767
1191,PRIMARY,4096,1191,0,4878336,169,1,207488499303
1192,PRIMARY,4096,1192,0,4882432,170,1,207488535009
1193,PRIMARY,4096,1193,0,4886528,171,1,207488570475
1194,PRIMARY,4096,1194,0,4890624,172,1,207488606001
1195,PRIMARY,4096,1195,0,4894720,173,1,207488641497
1196,PRIMARY,4096,1196,0,4898816,174,1,207488677243
1197,PRIMARY,4096,1197,0,4902912,175,1,207488712669
1198,PRIMARY,4096,1198,0,4907008,176,1,207488748445
1199,PRIMARY,4096,1199,0,4911104,177,1,207488783770
1200,PRIMARY,4096,1200,0,4915200,178,1,207488819376
1201,PRIMARY,4096,1201,0,4919296,179,1,207488854892
1202,PRIMARY,4096,1202,0,4923392,180,1,207488890438
1203,PRIMARY,4096,1203,0,4927488,181,1,207488925984
1204,PRIMARY,4096,1204,0,4931584,182,1,207488961590
1205,PRIMARY,4096,1205,0,4935680,183,1,207488997226
1206,PRIMARY,4096,1206,0,4939776,184,1,207489032842
1207,PRIMARY,4096,1207,0,4943872,185,1,207489068278
1208,PRIMARY,4096,1208,0,4947968,186,1,207489103784
1209,PRIMARY,4096,1209,0,4952064,187,1,207489139410
1210,PRIMARY,4096,1210,0,4956160,188,1,207489174966
1211,PRIMARY,4096,1211,0,4960256,189,1,207489210512
1212,PRIMARY,4096,1212,0,4964352,190,1,207489246058
1213,PRIMARY,4096,1213,0,4968448,191,1,207489281583
1214,PRIMARY,4096,1214,0,4972544,192,1,207489317219
1215,PRIMARY,4096,1215,0,4976640,193,1,207489352695
1216,PRIMARY,4096,1216,0,4980736,194,1,207489388331
1217,PRIMARY,4096,1217,0,4984832,195,1,207489423777
1218,PRIMARY,4096,1218,0,4988928,196,1,207489459433
1219,PRIMARY,4096,1219,0,4993024,197,1,207489494999
1220,PRIMARY,4096,1220,0,4997120,198,1,207489530635
1221,PRIMARY,4096,1221,0,5001216,199,1,207489566011
1222,PRIMARY,4096,1222,0,5005312,200,1,207489601537
1223,PRIMARY,4096,1223,0,5009408,201,1,207489637263
1224,PRIMARY,4096,1224,0,5013504,202,1,207489672729
1225,PRIMARY,4096,1225,0,5017600,203,1,207489708244
1226,PRIMARY,4096,1226,0,5021696,204,1,207489743801
1227,PRIMARY,4096,1227,0,5025792,205,1,207489779346
1228,PRIMARY,4096,1228,0,5029888,206,1,207489815073
1229,PRIMARY,4096,1229,0,5033984,207,1,207489850488
1230,PRIMARY,4096,1230,0,5038080,208,1,207489886084
1231,PRIMARY,4096,1231,0,5042176,209,1,207489921540
1232,PRIMARY,4096,1232,0,5046272,210,1,207489957246
1233,PRIMARY,4096,1233,0,5050368,211,1,207489992662
1234,PRIMARY,4096,1234,0,5054464,212,1,207490028258
1235,PRIMARY,4096,1235,0,5058560,213,1,207490063764
1236,PRIMARY,4096,1236,0,5062656,214,1,207490099380
1237,PRIMARY,4096,1237,0,5066752,215,1,207490134916
1238,PRIMARY,4096,1238,0,5070848,216,1,207490170492
1239,PRIMARY,4096,1239,0,5074944,217,1,207490205978
1240,PRIMARY,4096,1240,0,5079040,218,1,207490241533
1241,PRIMARY,4096,1241,0,5083136,219,1,207490277129
1242,PRIMARY,4096,1242,0,5087232,220,1,207490312756
1243,PRIMARY,4096,1243,0,5091328,221,1,207490348321
1244,PRIMARY,4096,1244,0,5095424,222,1,207490383807
1245,PRIMARY,4096,1245,0,5099520,223,1,207490419273
1246,PRIMARY,4096,1246,0,5103616,224,1,207490454949
1247,PRIMARY,4096,1247,0,5107712,225,1,207490490385
1248,PRIMARY,4096,1248,0,5111808,226,1,207490526011
1249,PRIMARY,4096,1249,0,5115904,227,1,207490562859
1250,PRIMARY,4096,1250,0,5120000,228,1,207490597153
1251,PRIMARY,4096,1251,0,5124096,229,1,207490632659
1252,PRIMARY,4096,1252,0,5128192,230,1,207490668375
1253,PRIMARY,4096,1253,0,5132288,231,1,207490703821
1254,PRIMARY,4096,1254,0,5136384,232,1,207490739387
1255,PRIMARY,4096,1255,0,5140480,233,1,207490774902
1256,PRIMARY,4096,1256,0,5144576,234,1,207490810528
1257,PRIMARY,4096,1257,0,5148672,235,1,207490845954
1258,PRIMARY,4096,1258,0,5152768,236,1,207490881650
1259,PRIMARY,4096,1259,0,5156864,237,1,207490917126
1260,PRIMARY,4096,1260,0,5160960,238,1,207490952742
1261,PRIMARY,4096,1261,0,5165056,239,1,207490988228
1262,PRIMARY,4096,1262,0,5169152,240,1,207491023844
1263,PRIMARY,4096,1263,0,5173248,241,1,207491059350
1264,PRIMARY,4096,1264,0,5177344,242,1,207491095026
1265,PRIMARY,4096,1265,0,5181440,243,1,207491130532
1266,PRIMARY,4096,1266,0,5185536,244,1,207491166118
1267,PRIMARY,4096,1267,0,5189632,245,1,207491201483
1268,PRIMARY,4096,1268,0,5193728,246,1,207491237190
1269,PRIMARY,4096,1269,0,5197824,247,1,207491272786
1270,PRIMARY,4096,1270,0,5201920,248,1,207491308271
1271,PRIMARY,4096,1271,0,5206016,249,1,207491343817
1272,PRIMARY,4096,1272,0,5210112,250,1,207491379413
1273,PRIMARY,4096,1273,0,5214208,251,1,207491414879
1274,PRIMARY,4096,1274,0,5218304,252,1,207491450655
1275,PRIMARY,4096,1275,0,5222400,253,1,207491486041
1276,PRIMARY,4096,1276,0,5226496,254,1,207491521627
1277,PRIMARY,4096,1277,0,5230592,255,1,207491557183
1278,PRIMARY,4096,1278,0,5234688,256,1,207491592699
1279,PRIMARY,4096,1279,0,5238784,257,1,207491651498
1280,PRIMARY,4096,1280,0,5242880,258,1,207491679109
1281,PRIMARY,4096,1281,0,5246976,259,1,207491704977
1282,PRIMARY,4096,1282,0,5251072,260,1,207491734892
1283,PRIMARY,4096,1283,0,5255168,261,1,207491770428
1284,PRIMARY,4096,1284,0,5259264,262,1,207491805854
1285,PRIMARY,4096,1285,0,5263360,263,1,207491841470
1286,PRIMARY,4096,1286,0,5267456,264,1,207491877076
1287,PRIMARY,4096,1287,0,5271552,265,1,207491912702
1288,PRIMARY,4096,1288,0,5275648,266,1,207491948418
1289,PRIMARY,4096,1289,0,5279744,267,1,207491983814
1290,PRIMARY,4096,1290,0,5283840,268,1,207492021604
1291,PRIMARY,4096,1291,0,5287936,269,1,207492054886
1292,PRIMARY,4096,1292,0,5292032,270,1,207492090452
1293,PRIMARY,4096,1293,0,5296128,271,1,207492125958
1294,PRIMARY,4096,1294,0,5300224,272,1,207492161504
1295,PRIMARY,4096,1295,0,5304320,273,1,207492197090
1296,PRIMARY,4096,1296,0,5308416,274,1,207492232685
1297,PRIMARY,4096,1297,0,5312512,275,1,207492268161
1298,PRIMARY,4096,1298,0,5316608,276,1,207492303777
1299,PRIMARY,4096,1299,0,5320704,277,1,207492339333
1300,PRIMARY,4096,1300,0,5324800,278,1,207492375019
1301,PRIMARY,4096,1301,0,5328896,279,1,207492410455
1302,PRIMARY,4096,1302,0,5332992,280,1,207492445991
1303,PRIMARY,4096,1303,0,5337088,281,1,207492481687
1304,PRIMARY,4096,1304,0,5341184,282,1,207492517243
1305,PRIMARY,4096,1305,0,5345280,283,1,207492552679
1306,PRIMARY,4096,1306,0,5349376,284,1,207492588255
1307,PRIMARY,4096,1307,0,5353472,285,1,207492623771
1308,PRIMARY,4096,1308,0,5357568,286,1,207492659407
1309,PRIMARY,4096,1309,0,5361664,287,1,207492694953
1310,PRIMARY,4096,1310,0,5365760,288,1,207492730539
1311,PRIMARY,4096,1311,0,5369856,289,1,207492766014
1312,PRIMARY,4096,1312,0,5373952,290,1,207492801580
1313,PRIMARY,4096,1313,0,5378048,291,1,207492837116
1314,PRIMARY,4096,1314,0,5382144,292,1,207492872732
1315,PRIMARY,4096,1315,0,5386240,293,1,207492908208
1316,PRIMARY,4096,1316,0,5390336,294,1,207492943864
1317,PRIMARY,4096,1317,0,5394432,295,1,207492979370
1318,PRIMARY,4096,1318,0,5398528,296,1,207493029082
1319,PRIMARY,4096,1319,0,5402624,297,1,207493056723
1320,PRIMARY,4096,1320,0,5406720,298,1,207493086068
1321,PRIMARY,4096,1321,0,5410816,299,1,207493121554
1322,PRIMARY,4096,1322,0,5414912,300,1,207493157110
1323,PRIMARY,4096,1323,0,5419008,301,1,207493192685
1324,PRIMARY,4096,1324,0,5423104,302,1,207493228332
1325,PRIMARY,4096,1325,0,5427200,303,1,207493263968
1326,PRIMARY,4096,1326,0,5431296,304,1,207493299544
1327,PRIMARY,4096,1327,0,5435392,305,1,207493334959
1328,PRIMARY,4096,1328,0,5439488,306,1,207493370585
1329,PRIMARY,4096,1329,0,5443584,307,1,207493405981
1330,PRIMARY,4096,1330,0,5447680,308,1,207493441637
1331,PRIMARY,4096,1331,0,5451776,309,1,207493477173
1332,PRIMARY,4096,1332,0,5455872,310,1,207493512739
1333,PRIMARY,4096,1333,0,5459968,311,1,207493548315
1334,PRIMARY,4096,1334,0,5464064,312,1,207493583851
1335,PRIMARY,4096,1335,0,5468160,313,1,207493619387
1336,PRIMARY,4096,1336,0,5472256,314,1,207493655043
1337,PRIMARY,4096,1337,0,5476352,315,1,207493690499
1338,PRIMARY,4096,1338,0,5480448,316,1,207493726004
1339,PRIMARY,4096,1339,0,5484544,317,1,207493761570
1340,PRIMARY,4096,1340,0,5488640,318,1,207493797237
1341,PRIMARY,4096,1341,0,5492736,319,1,207493832712
1342,PRIMARY,4096,1342,0,5496832,320,1,207493868238
1343,PRIMARY,4096,1343,0,5500928,321,1,207493903774
1344,PRIMARY,4096,1344,0,5505024,322,1,207493939570
1345,PRIMARY,4096,1345,0,5509120,323,1,207493974876
1346,PRIMARY,4096,1346,0,5513216,324,1,207494012395
1347,PRIMARY,4096,1347,0,5517312,325,1,207494046088
1348,PRIMARY,4096,1348,0,5521408,326,1,207494081604
1349,PRIMARY,4096,1349,0,5525504,327,1,207494117160
1350,PRIMARY,4096,1350,0,5529600,328,1,207494152706
1351,PRIMARY,4096,1351,0,5533696,329,1,207494188211
1352,PRIMARY,4096,1352,0,5537792,330,1,207494223908
1353,PRIMARY,4096,1353,0,5541888,331,1,207494259373
1354,PRIMARY,4096,1354,0,5545984,332,1,207494294949
1355,PRIMARY,4096,1355,0,5550080,333,1,207494330475
1356,PRIMARY,4096,1356,0,5554176,334,1,207494366011
1357,PRIMARY,4096,1357,0,5558272,335,1,207494401587
1358,PRIMARY,4096,1358,0,5562368,336,1,207494437093
1359,PRIMARY,4096,1359,0,5566464,337,1,207494472689
1360,PRIMARY,4096,1360,0,5570560,338,1,207494508275
1361,PRIMARY,4096,1361,0,5574656,339,1,207494543781
1362,PRIMARY,4096,1362,0,5578752,340,1,207494579447
1363,PRIMARY,4096,1363,0,5582848,341,1,207494614953
1364,PRIMARY,4096,1364,0,5586944,342,1,207494650549
1365,PRIMARY,4096,1365,0,5591040,343,1,207494685954
1366,PRIMARY,4096,1366,0,5595136,344,1,207494721530
1367,PRIMARY,4096,1367,0,5599232,345,1,207494757106
1368,PRIMARY,4096,1368,0,5603328,346,1,207494792752
1369,PRIMARY,4096,1369,0,5607424,347,1,207494828208
1370,PRIMARY,4096,1370,0,5611520,348,1,207494863764
1371,PRIMARY,4096,1371,0,5615616,349,1,207494899380
1372,PRIMARY,4096,1372,0,5619712,350,1,207494935026
1373,PRIMARY,4096,1373,0,5623808,351,1,207494970472
1374,PRIMARY,4096,1374,0,5627904,352,1,207495006599
1375,PRIMARY,4096,1375,0,5632000,353,1,207495041594
1376,PRIMARY,4096,1376,0,5636096,354,1,207495077200
1377,PRIMARY,4096,1377,0,5640192,355,1,207495112666
1378,PRIMARY,4096,1378,0,5644288,356,1,207495148382
1379,PRIMARY,4096,1379,0,5648384,357,1,207495183797
1380,PRIMARY,4096,1380,0,5652480,358,1,207495219273
1381,PRIMARY,4096,1381,0,5656576,359,1,207495254839
1382,PRIMARY,4096,1382,0,5660672,360,1,207495290495
1383,PRIMARY,4096,1383,0,5664768,361,1,207495325991
1384,PRIMARY,4096,1384,0,5668864,362,1,207495361697
1385,PRIMARY,4096,1385,0,5672960,363,1,207495397253
1386,PRIMARY,4096,1386,0,5677056,364,1,207495432749
1387,PRIMARY,4096,1387,0,5681152,365,1,207495468195
1388,PRIMARY,4096,1388,0,5685248,366,1,207495503791
1389,PRIMARY,4096,1389,0,5689344,367,1,207495539327
1390,PRIMARY,4096,1390,0,5693440,368,1,207495574923
1391,PRIMARY,4096,1391,0,5697536,369,1,207495610449
1392,PRIMARY,4096,1392,0,5701632,370,1,207495646055
1393,PRIMARY,4096,1393,0,5705728,371,1,207495681580
1394,PRIMARY,4096,1394,0,5709824,372,1,207495717186
1395,PRIMARY,4096,1395,0,5713920,373,1,207495752672
1396,PRIMARY,4096,1396,0,5718016,374,1,207495788308
1397,PRIMARY,4096,1397,0,5722112,375,1,207495823744
1398,PRIMARY,4096,1398,0,5726208,376,1,207495859330
1399,PRIMARY,4096,1399,0,5730304,377,1,207495894936
1400,PRIMARY,4096,1400,0,5734400,378,1,207495930652
1401,PRIMARY,4096,1401,0,5738496,379,1,207495965968
1402,PRIMARY,4096,1402,0,5742592,380,1,207496001925
1403,PRIMARY,4096,1403,0,5746688,381,1,207496037190
1404,PRIMARY,4096,1404,0,5750784,382,1,207496072796
1405,PRIMARY,4096,1405,0,5754880,383,1,207496108191
1406,PRIMARY,4096,1406,0,5758976,384,1,207496143777
1407,PRIMARY,4096,1407,0,5763072,385,1,207496182099
1408,PRIMARY,4096,1408,0,5767168,386,1,207496214929
1409,PRIMARY,4096,1409,0,5771264,387,1,207496250515
1410,PRIMARY,4096,1410,0,5775360,388,1,207496285941
1411,PRIMARY,4096,1411,0,5779456,389,1,207496321557
1412,PRIMARY,4096,1412,0,5783552,390,1,207496357123
1413,PRIMARY,4096,1413,0,5787648,391,1,207496392599
1414,PRIMARY,4096,1414,0,5791744,392,1,207496428215
1415,PRIMARY,4096,1415,0,5795840,393,1,207496463731
1416,PRIMARY,4096,1416,0,5799936,394,1,207496499367
1417,PRIMARY,4096,1417,0,5804032,395,1,207496534893
1418,PRIMARY,4096,1418,0,5808128,396,1,207496570368
1419,PRIMARY,4096,1419,0,5812224,397,1,207496607688
1420,PRIMARY,4096,1420,0,5816320,398,1,207496641741
1421,PRIMARY,4096,1421,0,5820416,399,1,207496677066
1422,PRIMARY,4096,1422,0,5824512,400,1,207496712652
1423,PRIMARY,4096,1423,0,5828608,401,1,207496748208
1424,PRIMARY,4096,1424,0,5832704,402,1,207496783935
1425,PRIMARY,4096,1425,0,5836800,403,1,207496819290
1426,PRIMARY,4096,1426,0,5840896,404,1,207496854846
1427,PRIMARY,4096,1427,0,5844992,405,1,207496890472
1428,PRIMARY,4096,1428,0,5849088,406,1,207496926078
1429,PRIMARY,4096,1429,0,5853184,407,1,207496961594
1430,PRIMARY,4096,1430,0,5857280,408,1,207496997130
1431,PRIMARY,4096,1431,0,5861376,409,1,207497032756
1432,PRIMARY,4096,1432,0,5865472,410,1,207497068222
1433,PRIMARY,4096,1433,0,5869568,411,1,207497103798
1434,PRIMARY,4096,1434,0,5873664,412,1,207497139394
1435,PRIMARY,4096,1435,0,5877760,413,1,207497174909
1436,PRIMARY,4096,1436,0,5881856,414,1,207497211828
1437,PRIMARY,4096,1437,0,5885952,415,1,207497245981
1438,PRIMARY,4096,1438,0,5890048,416,1,207497281687
1439,PRIMARY,4096,1439,0,5894144,417,1,207497317123
1440,PRIMARY,4096,1440,0,5898240,418,1,207497352950
1441,PRIMARY,4096,1441,0,5902336,419,1,207497388185
1442,PRIMARY,4096,1442,0,5906432,420,1,207497423791
1443,PRIMARY,4096,1443,0,5910528,421,1,207497459347
1444,PRIMARY,4096,1444,0,5914624,422,1,207497494963
1445,PRIMARY,4096,1445,0,5918720,423,1,207497530549
1446,PRIMARY,4096,1446,0,5922816,424,1,207497566095
1447,PRIMARY,4096,1447,0,5926912,425,1,207497601531
1448,PRIMARY,4096,1448,0,5931008,426,1,207497637217
1449,PRIMARY,4096,1449,0,5935104,427,1,207497672712
1450,PRIMARY,4096,1450,0,5939200,428,1,207497708238
1451,PRIMARY,4096,1451,0,5943296,429,1,207497743824
1452,PRIMARY,4096,1452,0,5947392,430,1,207497779430
1453,PRIMARY,4096,1453,0,5951488,431,1,207497814936
1454,PRIMARY,4096,1454,0,5955584,432,1,207497850542
1455,PRIMARY,4096,1455,0,5959680,433,1,207497886058
1456,PRIMARY,4096,1456,0,5963776,434,1,207497921764
1457,PRIMARY,4096,1457,0,5967872,435,1,207497957200
1458,PRIMARY,4096,1458,0,5971968,436,1,207497992726
1459,PRIMARY,4096,1459,0,5976064,437,1,207498028202
1460,PRIMARY,4096,1460,0,5980160,438,1,207498063958
1461,PRIMARY,4096,1461,0,5984256,439,1,207498099374
1462,PRIMARY,4096,1462,0,5988352,440,1,207498134920
1463,PRIMARY,4096,1463,0,5992448,441,1,207498170475
1464,PRIMARY,4096,1464,0,5996544,442,1,207498206051
1465,PRIMARY,4096,1465,0,6000640,443,1,207498241567
1466,PRIMARY,4096,1466,0,6004736,444,1,207498277113
1467,PRIMARY,4096,1467,0,6008832,445,1,207498312709
1468,PRIMARY,4096,1468,0,6012928,446,1,207498348205
1469,PRIMARY,4096,1469,0,6017024,447,1,207498383791
1470,PRIMARY,4096,1470,0,6021120,448,1,207498419357
1471,PRIMARY,4096,1471,0,6025216,449,1,207498454903
1472,PRIMARY,4096,1472,0,6029312,450,1,207498490449
1473,PRIMARY,4096,1473,0,6033408,451,1,207498525985
1474,PRIMARY,4096,1474,0,6037504,452,1,207498561601
1475,PRIMARY,4096,1475,0,6041600,453,1,207498597086
1476,PRIMARY,4096,1476,0,6045696,454,1,207498632733
1477,PRIMARY,4096,1477,0,6049792,455,1,207498668168
1478,PRIMARY,4096,1478,0,6053888,456,1,207498703824
1479,PRIMARY,4096,1479,0,6057984,457,1,207498739470
1480,PRIMARY,4096,1480,0,6062080,458,1,207498774986
1481,PRIMARY,4096,1481,0,6066176,459,1,207498810522
1482,PRIMARY,4096,1482,0,6070272,460,1,207498846038
1483,PRIMARY,4096,1483,0,6074368,461,1,207498881554
1484,PRIMARY,4096,1484,0,6078464,462,1,207498917320
1485,PRIMARY,4096,1485,0,6082560,463,1,207498952686
1486,PRIMARY,4096,1486,0,6086656,464,1,207498988232
1487,PRIMARY,4096,1487,0,6090752,465,1,207499023958
1488,PRIMARY,4096,1488,0,6094848,466,1,207499059664
1489,PRIMARY,4096,1489,0,6098944,467,1,207499095040
1490,PRIMARY,4096,1490,0,6103040,468,1,207499130616
1491,PRIMARY,4096,1491,0,6107136,469,1,207499166182
1492,PRIMARY,4096,1492,0,6111232,470,1,207499201798
1493,PRIMARY,4096,1493,0,6115328,471,1,207499237244
1494,PRIMARY,4096,1494,0,6119424,472,1,207499272880
1495,PRIMARY,4096,1495,0,6123520,473,1,207499308436
1496,PRIMARY,4096,1496,0,6127616,474,1,207499345414
1497,PRIMARY,4096,1497,0,6131712,475,1,207499379567
1498,PRIMARY,4096,1498,0,6135808,476,1,207499415203
1499,PRIMARY,4096,1499,0,6139904,477,1,207499450599
1500,PRIMARY,4096,1500,0,6144000,478,1,207499486275
1501,PRIMARY,4096,1501,0,6148096,479,1,207499521691
1502,PRIMARY,4096,1502,0,6152192,480,1,207499557327
1503,PRIMARY,4096,1503,0,6156288,481,1,207499592783
1504,PRIMARY,4096,1504,0,6160384,482,1,207499628409
1505,PRIMARY,4096,1505,0,6164480,483,1,207499664065
1506,PRIMARY,4096,1506,0,6168576,484,1,207499699711
1507,PRIMARY,4096,1507,0,6172672,485,1,207499735157
1508,PRIMARY,4096,1508,0,6176768,486,1,207499770753
1509,PRIMARY,4096,1509,0,6180864,487,1,207499806269
1510,PRIMARY,4096,1510,0,6184960,488,1,207499841825
1511,PRIMARY,4096,1511,0,6189056,489,1,207499877340
1512,PRIMARY,4096,1512,0,6193152,490,1,207499912997
1513,PRIMARY,4096,1513,0,6197248,491,1,207499948362
1514,PRIMARY,4096,1514,0,6201344,492,1,207499984038
1515,PRIMARY,4096,1515,0,6205440,493,1,207500019584
1516,PRIMARY,4096,1516,0,6209536,494,1,207500055150
1517,PRIMARY,4096,1517,0,6213632,495,1,207500090666
1518,PRIMARY,4096,1518,0,6217728,496,1,207500126272
1519,PRIMARY,4096,1519,0,6221824,497,1,207500161758
1520,PRIMARY,4096,1520,0,6225920,498,1,207500197414
1521,PRIMARY,4096,1521,0,6230016,499,1,207500232810
1522,PRIMARY,4096,1522,0,6234112,500,1,207500268416
1523,PRIMARY,4096,1523,0,6238208,501,1,207500304002
1524,PRIMARY,4096,1524,0,6242304,502,1,207500339678
1525,PRIMARY,4096,1525,0,6246400,503,1,207500375113
1526,PRIMARY,4096,1526,0,6250496,504,1,207500410619
1527,PRIMARY,4096,1527,0,6254592,505,1,207500446245
1528,PRIMARY,4096,1528,0,6258688,506,1,207500481821
1529,PRIMARY,4096,1529,0,6262784,507,1,207500517377
1530,PRIMARY,4096,1530,0,6266880,508,1,207500552873
1531,PRIMARY,4096,1531,0,6270976,509,1,207500588479
1532,PRIMARY,4096,1532,0,6275072,510,1,207500624055
1533,PRIMARY,4096,1533,0,6279168,511,1,207500659581
1534,PRIMARY,4096,1534,0,6283264,512,1,207500695157
1535,PRIMARY,4096,1535,0,6287360,513,1,207500732797
1536,PRIMARY,4096,1536,0,6291456,514,1,207500766239
1537,PRIMARY,4096,1537,0,6295552,515,1,207500801794
1538,PRIMARY,4096,1538,0,6299648,516,1,207500837411
1539,PRIMARY,4096,1539,0,6303744,517,1,207500872886
1540,PRIMARY,4096,1540,0,6307840,518,1,207500908593
1541,PRIMARY,4096,1541,0,6311936,519,1,207500944028
1542,PRIMARY,4096,1542,0,6316032,520,1,207500979664
1543,PRIMARY,4096,1543,0,6320128,521,1,207501015902
1544,PRIMARY,4096,1544,0,6324224,522,1,207501050706
1545,PRIMARY,4096,1545,0,6328320,523,1,207501086182
1546,PRIMARY,4096,1546,0,6332416,524,1,207501124232
1547,PRIMARY,4096,1547,0,6336512,525,1,207501157254
1548,PRIMARY,4096,1548,0,6340608,526,1,207501192890
1549,PRIMARY,4096,1549,0,6344704,527,1,207501228416
1550,PRIMARY,4096,1550,0,6348800,528,1,207501264012
1551,PRIMARY,4096,1551,0,6352896,529,1,207501299548
1552,PRIMARY,4096,1552,0,6356992,530,1,207501335154
1553,PRIMARY,4096,1553,0,6361088,531,1,207501370599
1554,PRIMARY,4096,1554,0,6365184,532,1,207501406175
1555,PRIMARY,4096,1555,0,6369280,533,1,207501441791
1556,PRIMARY,4096,1556,0,6373376,534,1,207501478549
1557,PRIMARY,4096,1557,0,6377472,535,1,207501512813
1558,PRIMARY,4096,1558,0,6381568,536,1,207501548509
1559,PRIMARY,4096,1559,0,6385664,537,1,207501584015
1560,PRIMARY,4096,1560,0,6389760,538,1,207501619691
1561,PRIMARY,4096,1561,0,6393856,539,1,207501655087
1562,PRIMARY,4096,1562,0,6397952,540,1,207501690623
1563,PRIMARY,4096,1563,0,6402048,541,1,207501726349
1564,PRIMARY,4096,1564,0,6406144,542,1,207501761835
1565,PRIMARY,4096,1565,0,6410240,543,1,207501797360
1566,PRIMARY,4096,1566,0,6414336,544,1,207501832917
1567,PRIMARY,4096,1567,0,6418432,545,1,207501868613
1568,PRIMARY,4096,1568,0,6422528,546,1,207501904138
1569,PRIMARY,4096,1569,0,6426624,547,1,207501939554
1570,PRIMARY,4096,1570,0,6430720,548,1,207501975110
1571,PRIMARY,4096,1571,0,6434816,549,1,207502012399
1572,PRIMARY,4096,1572,0,6438912,550,1,207502046172
1573,PRIMARY,4096,1573,0,6443008,551,1,207502100473
1574,PRIMARY,4096,1574,0,6447104,552,1,207502132232
1575,PRIMARY,4096,1575,0,6451200,553,1,207502158129
1576,PRIMARY,4096,1576,0,6455296,554,1,207502188386
1577,PRIMARY,4096,1577,0,6459392,555,1,207502224002
1578,PRIMARY,4096,1578,0,6463488,556,1,207502259518
1579,PRIMARY,4096,1579,0,6467584,557,1,207502295104
1580,PRIMARY,4096,1580,0,6471680,558,1,207502330710
1581,PRIMARY,4096,1581,0,6475776,559,1,207502366185
1582,PRIMARY,4096,1582,0,6479872,560,1,207502401731
1583,PRIMARY,4096,1583,0,6483968,561,1,207502437267
1584,PRIMARY,4096,1584,0,6488064,562,1,207502472853
1585,PRIMARY,4096,1585,0,6492160,563,1,207502508429
1586,PRIMARY,4096,1586,0,6496256,564,1,207502544055
1587,PRIMARY,4096,1587,0,6500352,565,1,207502579511
1588,PRIMARY,4096,1588,0,6504448,566,1,207502615147
1589,PRIMARY,4096,1589,0,6508544,567,1,207502650603
1590,PRIMARY,4096,1590,0,6512640,568,1,207502686189
1591,PRIMARY,4096,1591,0,6516736,569,1,207502721735
1592,PRIMARY,4096,1592,0,6520832,570,1,207502757291
1593,PRIMARY,4096,1593,0,6524928,571,1,207502792806
1594,PRIMARY,4096,1594,0,6529024,572,1,207502828423
1595,PRIMARY,4096,1595,0,6533120,573,1,207502863989
1596,PRIMARY,4096,1596,0,6537216,574,1,207502899665
1597,PRIMARY,4096,1597,0,6541312,575,1,207502935050
1598,PRIMARY,4096,1598,0,6545408,576,1,207502970636
1599,PRIMARY,4096,1599,0,6549504,577,1,207503006914
1600,PRIMARY,4096,1600,0,6553600,578,1,207503041818
1601,PRIMARY,4096,1601,0,6557696,579,1,207503077344
1602,PRIMARY,4096,1602,0,6561792,580,1,207503112880
1603,PRIMARY,4096,1603,0,6565888,581,1,207503148426
1604,PRIMARY,4096,1604,0,6569984,582,1,207503183982
1605,PRIMARY,4096,1605,0,6574080,583,1,207503219538
1606,PRIMARY,4096,1606,0,6578176,584,1,207503255144
1607,PRIMARY,4096,1607,0,6582272,585,1,207503290640
1608,PRIMARY,4096,1608,0,6586368,586,1,207503326226
1609,PRIMARY,4096,1609,0,6590464,587,1,207503361732
1610,PRIMARY,4096,1610,0,6594560,588,1,207503397358
1611,PRIMARY,4096,1611,0,6598656,589,1,207503432873
1612,PRIMARY,4096,1612,0,6602752,590,1,207503468449
1613,PRIMARY,4096,1613,0,6606848,591,1,207503503945
1614,PRIMARY,4096,1614,0,6610944,592,1,207503539611
1615,PRIMARY,4096,1615,0,6615040,593,1,207503575117
1616,PRIMARY,4096,1616,0,6619136,594,1,207503610643
1617,PRIMARY,4096,1617,0,6623232,595,1,207503646129
1618,PRIMARY,4096,1618,0,6627328,596,1,207503681875
1619,PRIMARY,4096,1619,0,6631424,597,1,207503717321
1620,PRIMARY,4096,1620,0,6635520,598,1,207503752777
1621,PRIMARY,4096,1621,0,6639616,599,1,207503788393
1622,PRIMARY,4096,1622,0,6643712,600,1,207503823969
1623,PRIMARY,4096,1623,0,6647808,601,1,207503859565
1624,PRIMARY,4096,1624,0,6651904,602,1,207503895321
1625,PRIMARY,4096,1625,0,6656000,603,1,207503930696
1626,PRIMARY,4096,1626,0,6660096,604,1,207503966313
1627,PRIMARY,4096,1627,0,6664192,605,1,207504003662
1628,PRIMARY,4096,1628,0,6668288,606,1,207504037635
1629,PRIMARY,4096,1629,0,6672384,607,1,207504072850
1630,PRIMARY,4096,1630,0,6676480,608,1,207504108426
1631,PRIMARY,4096,1631,0,6680576,609,1,207504143962
1632,PRIMARY,4096,1632,0,6684672,610,1,207504179598
1633,PRIMARY,4096,1633,0,6688768,611,1,207504215084
1634,PRIMARY,4096,1634,0,6692864,612,1,207504250700
1635,PRIMARY,4096,1635,0,6696960,613,1,207504286206
1636,PRIMARY,4096,1636,0,6701056,614,1,207504321792
1637,PRIMARY,4096,1637,0,6705152,615,1,207504357307
1638,PRIMARY,4096,1638,0,6709248,616,1,207504392893
1639,PRIMARY,4096,1639,0,6713344,617,1,207504428470
1640,PRIMARY,4096,1640,0,6717440,618,1,207504464146
1641,PRIMARY,4096,1641,0,6721536,619,1,207504499611
1642,PRIMARY,4096,1642,0,6725632,620,1,207504535107
1643,PRIMARY,4096,1643,0,6729728,621,1,207504570643
1644,PRIMARY,4096,1644,0,6733824,622,1,207504606289
1645,PRIMARY,4096,1645,0,6737920,623,1,207504641735
1646,PRIMARY,4096,1646,0,6742016,624,1,207504677251
1647,PRIMARY,4096,1647,0,6746112,625,1,207504712847
1648,PRIMARY,4096,1648,0,6750208,626,1,207504748503
1649,PRIMARY,4096,1649,0,6754304,627,1,207504784029
1650,PRIMARY,4096,1650,0,6758400,628,1,207504819535
1651,PRIMARY,4096,1651,0,6762496,629,1,207504855151
1652,PRIMARY,4096,1652,0,6766592,630,1,207504890817
1653,PRIMARY,4096,1653,0,6770688,631,1,207504926212
1654,PRIMARY,4096,1654,0,6774784,632,1,207504961738
1655,PRIMARY,4096,1655,0,6778880,633,1,207504997374
1656,PRIMARY,4096,1656,0,6782976,634,1,207505032930
1657,PRIMARY,4096,1657,0,6787072,635,1,207505068436
1658,PRIMARY,4096,1658,0,6791168,636,1,207505104052
1659,PRIMARY,4096,1659,0,6795264,637,1,207505139578
1660,PRIMARY,4096,1660,0,6799360,638,1,207505175124
1661,PRIMARY,4096,1661,0,6803456,639,1,207505210750
1662,PRIMARY,4096,1662,0,6807552,640,1,207505246296
1663,PRIMARY,4096,1663,0,6811648,641,1,207505283836
1664,PRIMARY,4096,1664,0,6815744,642,1,207505317348
1665,PRIMARY,4096,1665,0,6819840,643,1,207505352813
1666,PRIMARY,4096,1666,0,6823936,644,1,207505388450
1667,PRIMARY,4096,1667,0,6828032,645,1,207505424016
1668,PRIMARY,4096,1668,0,6832128,646,1,207505459622
1669,PRIMARY,4096,1669,0,6836224,647,1,207505495017
1670,PRIMARY,4096,1670,0,6840320,648,1,207505530653
1671,PRIMARY,4096,1671,0,6844416,649,1,207505566239
1672,PRIMARY,4096,1672,0,6848512,650,1,207505601885
1673,PRIMARY,4096,1673,0,6852608,651,1,207505641248
1674,PRIMARY,4096,1674,0,6856704,652,1,207505673127
1675,PRIMARY,4096,1675,0,6860800,653,1,207505708523
1676,PRIMARY,4096,1676,0,6864896,654,1,207505744099
1677,PRIMARY,4096,1677,0,6868992,655,1,207505779615
1678,PRIMARY,4096,1678,0,6873088,656,1,207505815191
1679,PRIMARY,4096,1679,0,6877184,657,1,207505850627
1680,PRIMARY,4096,1680,0,6881280,658,1,207505886403
1681,PRIMARY,4096,1681,0,6885376,659,1,207505921749
1682,PRIMARY,4096,1682,0,6889472,660,1,207505957315
1683,PRIMARY,4096,1683,0,6893568,661,1,207505992911
1684,PRIMARY,4096,1684,0,6897664,662,1,207506028547
1685,PRIMARY,4096,1685,0,6901760,663,1,207506064113
1686,PRIMARY,4096,1686,0,6905856,664,1,207506099649
1687,PRIMARY,4096,1687,0,6909952,665,1,207506135174
1688,PRIMARY,4096,1688,0,6914048,666,1,207506170790
1689,PRIMARY,4096,1689,0,6918144,667,1,207506206266
1690,PRIMARY,4096,1690,0,6922240,668,1,207506241812
1691,PRIMARY,4096,1691,0,6926336,669,1,207506277348
1692,PRIMARY,4096,1692,0,6930432,670,1,207506312834
1693,PRIMARY,4096,1693,0,6934528,671,1,207506348470
1694,PRIMARY,4096,1694,0,6938624,672,1,207506384056
1695,PRIMARY,4096,1695,0,6942720,673,1,207506419592
1696,PRIMARY,4096,1696,0,6946816,674,1,207506455148
1697,PRIMARY,4096,1697,0,6950912,675,1,207506490714
1698,PRIMARY,4096,1698,0,6955008,676,1,207506526260
1699,PRIMARY,4096,1699,0,6959104,677,1,207506561835
1700,PRIMARY,4096,1700,0,6963200,678,1,207506597381
1701,PRIMARY,4096,1701,0,6967296,679,1,207506632837
1702,PRIMARY,4096,1702,0,6971392,680,1,207506668413
1703,PRIMARY,4096,1703,0,6975488,681,1,207506704009
1704,PRIMARY,4096,1704,0,6979584,682,1,207506739625
1705,PRIMARY,4096,1705,0,6983680,683,1,207506775081
1706,PRIMARY,4096,1706,0,6987776,684,1,207506810667
1707,PRIMARY,4096,1707,0,6991872,685,1,207506846223
1708,PRIMARY,4096,1708,0,6995968,686,1,207506881949
1709,PRIMARY,4096,1709,0,7000064,687,1,207506917325
1710,PRIMARY,4096,1710,0,7004160,688,1,207506952831
1711,PRIMARY,4096,1711,0,7008256,689,1,207506988406
1712,PRIMARY,4096,1712,0,7012352,690,1,207507024103
1713,PRIMARY,4096,1713,0,7016448,691,1,207507059598
1714,PRIMARY,4096,1714,0,7020544,692,1,207507095164
1715,PRIMARY,4096,1715,0,7024640,693,1,207507130650
1716,PRIMARY,4096,1716,0,7028736,694,1,207507166276
1717,PRIMARY,4096,1717,0,7032832,695,1,207507201732
1718,PRIMARY,4096,1718,0,7036928,696,1,207507237318
1719,PRIMARY,4096,1719,0,7041024,697,1,207507272834
1720,PRIMARY,4096,1720,0,7045120,698,1,207507308560
1721,PRIMARY,4096,1721,0,7049216,699,1,207507344026
1722,PRIMARY,4096,1722,0,7053312,700,1,207507379592
1723,PRIMARY,4096,1723,0,7057408,701,1,207507415118
1724,PRIMARY,4096,1724,0,7061504,702,1,207507450784
1725,PRIMARY,4096,1725,0,7065600,703,1,207507486240
1726,PRIMARY,4096,1726,0,7069696,704,1,207507521766
1727,PRIMARY,4096,1727,0,7073792,705,1,207507557321
1728,PRIMARY,4096,1728,0,7077888,706,1,207507592918
1729,PRIMARY,4096,1729,0,7081984,707,1,207507628423
1730,PRIMARY,4096,1730,0,7086080,708,1,207507664039
1731,PRIMARY,4096,1731,0,7090176,709,1,207507699545
1732,PRIMARY,4096,1732,0,7094272,710,1,207507735141
1733,PRIMARY,4096,1733,0,7098368,711,1,207507770747
1734,PRIMARY,4096,1734,0,7102464,712,1,207507806203
1735,PRIMARY,4096,1735,0,7106560,713,1,207507841789
1736,PRIMARY,4096,1736,0,7110656,714,1,207507877385
1737,PRIMARY,4096,1737,0,7114752,715,1,207507912871
1738,PRIMARY,4096,1738,0,7118848,716,1,207507948537
1739,PRIMARY,4096,1739,0,7122944,717,1,207507984023
1740,PRIMARY,4096,1740,0,7127040,718,1,207508019619
1741,PRIMARY,4096,1741,0,7131136,719,1,207508055145
1742,PRIMARY,4096,1742,0,7135232,720,1,207508090630
1743,PRIMARY,4096,1743,0,7139328,721,1,207508126176
1744,PRIMARY,4096,1744,0,7143424,722,1,207508161793
1745,PRIMARY,4096,1745,0,7147520,723,1,207508197348
1746,PRIMARY,4096,1746,0,7151616,724,1,207508233005
1747,PRIMARY,4096,1747,0,7155712,725,1,207508268500
1748,PRIMARY,4096,1748,0,7159808,726,1,207508304026
1749,PRIMARY,4096,1749,0,7163904,727,1,207508339542
1750,PRIMARY,4096,1750,0,7168000,728,1,207508375098
1751,PRIMARY,4096,1751,0,7172096,729,1,207508410744
1752,PRIMARY,4096,1752,0,7176192,730,1,207508446280
1753,PRIMARY,4096,1753,0,7180288,731,1,207508481766
1754,PRIMARY,4096,1754,0,7184384,732,1,207508517392
1755,PRIMARY,4096,1755,0,7188480,733,1,207508552868
1756,PRIMARY,4096,1756,0,7192576,734,1,207508588424
1757,PRIMARY,4096,1757,0,7196672,735,1,207508624010
1758,PRIMARY,4096,1758,0,7200768,736,1,207508659656
1759,PRIMARY,4096,1759,0,7204864,737,1,207508695151
1760,PRIMARY,4096,1760,0,7208960,738,1,207508730858
1761,PRIMARY,4096,1761,0,7213056,739,1,207508766203
1762,PRIMARY,4096,1762,0,7217152,740,1,207508801749
1763,PRIMARY,4096,1763,0,7221248,741,1,207508837275
1764,PRIMARY,4096,1764,0,7225344,742,1,207508872951
1765,PRIMARY,4096,1765,0,7229440,743,1,207508908427
1766,PRIMARY,4096,1766,0,7233536,744,1,207508943993
1767,PRIMARY,4096,1767,0,7237632,745,1,207508979589
1768,PRIMARY,4096,1768,0,7241728,746,1,207509017188
1769,PRIMARY,4096,1769,0,7245824,747,1,207509050731
1770,PRIMARY,4096,1770,0,7249920,748,1,207509086207
1771,PRIMARY,4096,1771,0,7254016,749,1,207509121773
1772,PRIMARY,4096,1772,0,7258112,750,1,207509157318
1773,PRIMARY,4096,1773,0,7262208,751,1,207509192844
1774,PRIMARY,4096,1774,0,7266304,752,1,207509228450
1775,PRIMARY,4096,1775,0,7270400,753,1,207509263946
1776,PRIMARY,4096,1776,0,7274496,754,1,207509299572
1777,PRIMARY,4096,1777,0,7278592,755,1,207509335459
1778,PRIMARY,4096,1778,0,7282688,756,1,207509370624
1779,PRIMARY,4096,1779,0,7286784,757,1,207509406220
1780,PRIMARY,4096,1780,0,7290880,758,1,207509441796
1781,PRIMARY,4096,1781,0,7294976,759,1,207509477332
1782,PRIMARY,4096,1782,0,7299072,760,1,207509512828
1783,PRIMARY,4096,1783,0,7303168,761,1,207509548424
1784,PRIMARY,4096,1784,0,7307264,762,1,207509584060
1785,PRIMARY,4096,1785,0,7311360,763,1,207511222538
1786,PRIMARY,4096,1786,0,7315456,764,1,207511264546
1787,PRIMARY,4096,1787,0,7319552,765,1,207511372676
1788,PRIMARY,4096,1788,0,7323648,765,1,207511372676
1789,PRIMARY,4096,1789,0,7327744,765,1,207511372676
1790,PRIMARY,4096,1790,0,7331840,766,1,207511407321
1791,PRIMARY,4096,1791,0,7335936,767,1,207511446373
1792,PRIMARY,4096,1792,0,7340032,768,1,207511481608
1793,PRIMARY,4096,1793,0,7344128,769,1,207511805409
1794,PRIMARY,4096,1794,0,7348224,769,1,207511805409
1795,PRIMARY,4096,1795,0,7352320,769,1,207511805409
1796,PRIMARY,4096,1796,0,7356416,769,1,207511805409
1797,PRIMARY,4096,1797,0,7360512,769,1,207511805409
1798,PRIMARY,4096,1798,0,7364608,769,1,207511805409
1799,PRIMARY,4096,1799,0,7368704,769,1,207511805409
1800,PRIMARY,4096,1800,0,7372800,769,1,207511805409
1801,PRIMARY,4096,1801,0,7376896,769,1,207511805409
1802,PRIMARY,4096,1802,0,7380992,770,1,207511834663
1803,PRIMARY,4096,1803,0,7385088,771,1,207511863577
1804,PRIMARY,4096,1804,0,7389184,772,1,207511897520
1805,PRIMARY,4096,1805,0,7393280,773,1,207511932795
1806,PRIMARY,4096,1806,0,7397376,774,1,207511968281
1807,PRIMARY,4096,1807,0,7401472,775,1,207512008886
1808,PRIMARY,4096,1808,0,7405568,776,1,207512044392
1809,PRIMARY,4096,1809,0,7409664,777,1,207512074848
1810,PRIMARY,4096,1810,0,7413760,778,1,207512110555
1811,PRIMARY,4096,1811,0,7417856,779,1,207512146141
1812,PRIMARY,4096,1812,0,7421952,780,1,207512181667
1813,PRIMARY,4096,1813,0,7426048,781,1,207512217172
1814,PRIMARY,4096,1814,0,7430144,782,1,207512252728
1815,PRIMARY,4096,1815,0,7434240,783,1,207512288264
1816,PRIMARY,4096,1816,0,7438336,784,1,207512324020
1817,PRIMARY,4096,1817,0,7442432,785,1,207512360097
1818,PRIMARY,4096,1818,0,7446528,786,1,207512395423
1819,PRIMARY,4096,1819,0,7450624,787,1,207512430758
1820,PRIMARY,4096,1820,0,7454720,788,1,207512466535
1821,PRIMARY,4096,1821,0,7458816,789,1,207512501800
1822,PRIMARY,4096,1822,0,7462912,790,1,207512537436
1823,PRIMARY,4096,1823,0,7467008,791,1,207512573032
1824,PRIMARY,4096,1824,0,7471104,792,1,207512608518
1825,PRIMARY,4096,1825,0,7475200,793,1,207512644264
1826,PRIMARY,4096,1826,0,7479296,794,1,207512679690
1827,PRIMARY,4096,1827,0,7483392,795,1,207512715807
1828,PRIMARY,4096,1828,0,7487488,796,1,207512751323
1829,PRIMARY,4096,1829,0,7491584,797,1,207512786568
1830,PRIMARY,4096,1830,0,7495680,798,1,207512822255
1831,PRIMARY,4096,1831,0,7499776,799,1,207512857670
1832,PRIMARY,4096,1832,0,7503872,800,1,207512893416
1833,PRIMARY,4096,1833,0,7507968,801,1,207512928742
1834,PRIMARY,4096,1834,0,7512064,802,1,207512964378
1835,PRIMARY,4096,1835,0,7516160,803,1,207513005725
1836,PRIMARY,4096,1836,0,7520256,804,1,207513035440
1837,PRIMARY,4096,1837,0,7524352,805,1,207513071046
1838,PRIMARY,4096,1838,0,7528448,806,1,207513106031
1839,PRIMARY,4096,1839,0,7532544,807,1,207513139593
1840,PRIMARY,4096,1840,0,7536640,808,1,207513175209
1841,PRIMARY,4096,1841,0,7540736,809,1,207513210595
1842,PRIMARY,4096,1842,0,7544832,810,1,207513246261
1843,PRIMARY,4096,1843,0,7548928,811,1,207513281696
1844,PRIMARY,4096,1844,0,7553024,812,1,207513317232
1845,PRIMARY,4096,1845,0,7557120,813,1,207513352899
1846,PRIMARY,4096,1846,0,7561216,814,1,207513388675
1847,PRIMARY,4096,1847,0,7565312,815,1,207513424321
1848,PRIMARY,4096,1848,0,7569408,816,1,207513459717
1849,PRIMARY,4096,1849,0,7573504,817,1,207513495162
1850,PRIMARY,4096,1850,0,7577600,818,1,207513530758
1851,PRIMARY,4096,1851,0,7581696,819,1,207513566254
1852,PRIMARY,4096,1852,0,7585792,820,1,207513601830
1853,PRIMARY,4096,1853,0,7589888,821,1,207513637206
1854,PRIMARY,4096,1854,0,7593984,822,1,207513672942
1855,PRIMARY,4096,1855,0,7598080,823,1,207513708428
1856,PRIMARY,4096,1856,0,7602176,824,1,207513743954
1857,PRIMARY,4096,1857,0,7606272,825,1,207513779560
1858,PRIMARY,4096,1858,0,7610368,826,1,207513815296
1859,PRIMARY,4096,1859,0,7614464,827,1,207513850702
1860,PRIMARY,4096,1860,0,7618560,828,1,207513886378
1861,PRIMARY,4096,1861,0,7622656,829,1,207513921703
1862,PRIMARY,4096,1862,0,7626752,830,1,207513957359
1863,PRIMARY,4096,1863,0,7630848,831,1,207513992955
1864,PRIMARY,4096,1864,0,7634944,832,1,207514028531
1865,PRIMARY,4096,1865,0,7639040,833,1,207514064037
1866,PRIMARY,4096,1866,0,7643136,834,1,207514099603
1867,PRIMARY,4096,1867,0,7647232,835,1,207514135179
1868,PRIMARY,4096,1868,0,7651328,836,1,207514170705
1869,PRIMARY,4096,1869,0,7655424,837,1,207514207283
1870,PRIMARY,4096,1870,0,7659520,838,1,207514244311
1871,PRIMARY,4096,1871,0,7663616,839,1,207514277303
1872,PRIMARY,4096,1872,0,7667712,840,1,207514312939
1873,PRIMARY,4096,1873,0,7671808,841,1,207514348414
1874,PRIMARY,4096,1874,0,7675904,842,1,207514384111
1875,PRIMARY,4096,1875,0,7680000,843,1,207514419526
1876,PRIMARY,4096,1876,0,7684096,844,1,207514455343
1877,PRIMARY,4096,1877,0,7688192,845,1,207514490748
1878,PRIMARY,4096,1878,0,7692288,846,1,207514526314
1879,PRIMARY,4096,1879,0,7696384,847,1,207514561790
1880,PRIMARY,4096,1880,0,7700480,848,1,207514597316
1881,PRIMARY,4096,1881,0,7704576,849,1,207514632872
1882,PRIMARY,4096,1882,0,7708672,850,1,207514668528
1883,PRIMARY,4096,1883,0,7712768,851,1,207514723891
1884,PRIMARY,4096,1884,0,7716864,852,1,207514754447
1885,PRIMARY,4096,1885,0,7720960,853,1,207514780375
1886,PRIMARY,4096,1886,0,7725056,854,1,207514810732
1887,PRIMARY,4096,1887,0,7729152,855,1,207514846157
1888,PRIMARY,4096,1888,0,7733248,856,1,207514881734
1889,PRIMARY,4096,1889,0,7737344,857,1,207514917199
1890,PRIMARY,4096,1890,0,7741440,858,1,207514952915
1891,PRIMARY,4096,1891,0,7745536,859,1,207514988401
1892,PRIMARY,4096,1892,0,7749632,860,1,207515023987
1893,PRIMARY,4096,1893,0,7753728,861,1,207515059543
1894,PRIMARY,4096,1894,0,7757824,862,1,207515095219
1895,PRIMARY,4096,1895,0,7761920,863,1,207515130735
1896,PRIMARY,4096,1896,0,7766016,864,1,207515166191
1897,PRIMARY,4096,1897,0,7770112,865,1,207515201767
1898,PRIMARY,4096,1898,0,7774208,866,1,207515237303
1899,PRIMARY,4096,1899,0,7778304,867,1,207515272879
1900,PRIMARY,4096,1900,0,7782400,868,1,207515308415
1901,PRIMARY,4096,1901,0,7786496,869,1,207515344001
1902,PRIMARY,4096,1902,0,7790592,870,1,207515379577
1903,PRIMARY,4096,1903,0,7794688,871,1,207515415143
1904,PRIMARY,4096,1904,0,7798784,872,1,207515450799
1905,PRIMARY,4096,1905,0,7802880,873,1,207515486275
1906,PRIMARY,4096,1906,0,7806976,874,1,207515521881
1907,PRIMARY,4096,1907,0,7811072,875,1,207515557296
1908,PRIMARY,4096,1908,0,7815168,876,1,207515592862
1909,PRIMARY,4096,1909,0,7819264,877,1,207515628388
1910,PRIMARY,4096,1910,0,7823360,878,1,207515663994
1911,PRIMARY,4096,1911,0,7827456,879,1,207515699510
1912,PRIMARY,4096,1912,0,7831552,880,1,207515735106
1913,PRIMARY,4096,1913,0,7835648,881,1,207515770642
1914,PRIMARY,4096,1914,0,7839744,882,1,207515806328
1915,PRIMARY,4096,1915,0,7843840,883,1,207515841724
1916,PRIMARY,4096,1916,0,7847936,884,1,207515877260
1917,PRIMARY,4096,1917,0,7852032,885,1,207515912895
1918,PRIMARY,4096,1918,0,7856128,886,1,207515948642
1919,PRIMARY,4096,1919,0,7860224,887,1,207515989868
1920,PRIMARY,4096,1920,0,7864320,888,1,207516029351
1921,PRIMARY,4096,1921,0,7868416,889,1,207516056692
1922,PRIMARY,4096,1922,0,7872512,890,1,207516090625
1923,PRIMARY,4096,1923,0,7876608,891,1,207516126241
1924,PRIMARY,4096,1924,0,7880704,892,1,207516161777
1925,PRIMARY,4096,1925,0,7884800,893,1,207516197383
1926,PRIMARY,4096,1926,0,7888896,894,1,207516232919
1927,PRIMARY,4096,1927,0,7892992,895,1,207516268405
1928,PRIMARY,4096,1928,0,7897088,896,1,207516303961
1929,PRIMARY,4096,1929,0,7901184,897,1,207516344245
1930,PRIMARY,4096,1930,0,7905280,898,1,207516375724
1931,PRIMARY,4096,1931,0,7909376,899,1,207516410719
1932,PRIMARY,4096,1932,0,7913472,900,1,207516446315
1933,PRIMARY,4096,1933,0,7917568,901,1,207516481720
1934,PRIMARY,4096,1934,0,7921664,902,1,207516517296
1935,PRIMARY,4096,1935,0,7925760,903,1,207516553013
1936,PRIMARY,4096,1936,0,7929856,904,1,207516588538
1937,PRIMARY,4096,1937,0,7933952,905,1,207516623954
1938,PRIMARY,4096,1938,0,7938048,906,1,207516659550
1939,PRIMARY,4096,1939,0,7942144,907,1,207516695086
1940,PRIMARY,4096,1940,0,7946240,908,1,207516730772
1941,PRIMARY,4096,1941,0,7950336,909,1,207516766228
1942,PRIMARY,4096,1942,0,7954432,910,1,207516801754
1943,PRIMARY,4096,1943,0,7958528,911,1,207516837290
1944,PRIMARY,4096,1944,0,7962624,912,1,207516872946
1945,PRIMARY,4096,1945,0,7966720,913,1,207516908421
1946,PRIMARY,4096,1946,0,7970816,914,1,207516944018
1947,PRIMARY,4096,1947,0,7974912,915,1,207516979493
1948,PRIMARY,4096,1948,0,7979008,916,1,207517016953
1949,PRIMARY,4096,1949,0,7983104,917,1,207517054683
1950,PRIMARY,4096,1950,0,7987200,918,1,207517086552
1951,PRIMARY,4096,1951,0,7991296,919,1,207517121707
1952,PRIMARY,4096,1952,0,7995392,920,1,207517157343
1953,PRIMARY,4096,1953,0,7999488,921,1,207517192879
1954,PRIMARY,4096,1954,0,8003584,922,1,207517228515
1955,PRIMARY,4096,1955,0,8007680,923,1,207517264051
1956,PRIMARY,4096,1956,0,8011776,924,1,207517299557
1957,PRIMARY,4096,1957,0,8015872,925,1,207517335133
1958,PRIMARY,4096,1958,0,8019968,926,1,207517370639
1959,PRIMARY,4096,1959,0,8024064,927,1,207517406235
1960,PRIMARY,4096,1960,0,8028160,928,1,207517441851
1961,PRIMARY,4096,1961,0,8032256,929,1,207517477256
1962,PRIMARY,4096,1962,0,8036352,930,1,207517512933
1963,PRIMARY,4096,1963,0,8040448,931,1,207517548388
1964,PRIMARY,4096,1964,0,8044544,932,1,207517584014
1965,PRIMARY,4096,1965,0,8048640,933,1,207517619650
1966,PRIMARY,4096,1966,0,8052736,934,1,207517655096
1967,PRIMARY,4096,1967,0,8056832,935,1,207517690692
1968,PRIMARY,4096,1968,0,8060928,936,1,207517726218
1969,PRIMARY,4096,1969,0,8065024,937,1,207517761714
1970,PRIMARY,4096,1970,0,8069120,938,1,207517797290
1971,PRIMARY,4096,1971,0,8073216,939,1,207517832856
1972,PRIMARY,4096,1972,0,8077312,940,1,207517868422
1973,PRIMARY,4096,1973,0,8081408,941,1,207517904018
1974,PRIMARY,4096,1974,0,8085504,942,1,207517939524
1975,PRIMARY,4096,1975,0,8089600,943,1,207517975100
1976,PRIMARY,4096,1976,0,8093696,944,1,207518012379
1977,PRIMARY,4096,1977,0,8097792,945,1,207518046211
1978,PRIMARY,4096,1978,0,8101888,946,1,207518081767
1979,PRIMARY,4096,1979,0,8105984,947,1,207518117343
1980,PRIMARY,4096,1980,0,8110080,948,1,207518152849
1981,PRIMARY,4096,1981,0,8114176,949,1,207518188475
1982,PRIMARY,4096,1982,0,8118272,950,1,207518224011
1983,PRIMARY,4096,1983,0,8122368,951,1,207518259487
1984,PRIMARY,4096,1984,0,8126464,952,1,207518295203
1985,PRIMARY,4096,1985,0,8130560,953,1,207518330699
1986,PRIMARY,4096,1986,0,8134656,954,1,207518366355
1987,PRIMARY,4096,1987,0,8138752,955,1,207518401671
1988,PRIMARY,4096,1988,0,8142848,956,1,207518437527
1989,PRIMARY,4096,1989,0,8146944,957,1,207518472893
1990,PRIMARY,4096,1990,0,8151040,958,1,207518508469
1991,PRIMARY,4096,1991,0,8155136,959,1,207518543994
1992,PRIMARY,4096,1992,0,8159232,960,1,207518579591
1993,PRIMARY,4096,1993,0,8163328,961,1,207518615156
1994,PRIMARY,4096,1994,0,8167424,962,1,207518650762
1995,PRIMARY,4096,1995,0,8171520,963,1,207518686228
1996,PRIMARY,4096,1996,0,8175616,964,1,207518721784
1997,PRIMARY,4096,1997,0,8179712,965,1,207518757400
1998,PRIMARY,4096,1998,0,8183808,966,1,207518792876
1999,PRIMARY,4096,1999,0,8187904,967,1,207518828502
2000,PRIMARY,4096,2000,0,8192000,968,1,207518864098
2001,PRIMARY,4096,2001,0,8196096,969,1,207518899544
2002,PRIMARY,4096,2002,0,8200192,970,1,207518935120
2003,PRIMARY,4096,2003,0,8204288,971,1,207518970706
2004,PRIMARY,4096,2004,0,8208384,972,1,207519007013
2005,PRIMARY,4096,2005,0,8212480,973,1,207519041808
2006,PRIMARY,4096,2006,0,8216576,974,1,207519077293
2007,PRIMARY,4096,2007,0,8220672,975,1,207519112949
2008,PRIMARY,4096,2008,0,8224768,976,1,207519148465
2009,PRIMARY,4096,2009,0,8228864,977,1,207519183971
2010,PRIMARY,4096,2010,0,8232960,978,1,207519219537
2011,PRIMARY,4096,2011,0,8237056,979,1,207519255133
2012,PRIMARY,4096,2012,0,8241152,980,1,207519290729
2013,PRIMARY,4096,2013,0,8245248,981,1,207519326255
2014,PRIMARY,4096,2014,0,8249344,982,1,207519361831
2015,PRIMARY,4096,2015,0,8253440,983,1,207519397387
2016,PRIMARY,4096,2016,0,8257536,984,1,207519433003
2017,PRIMARY,4096,2017,0,8261632,985,1,207519468489
2018,PRIMARY,4096,2018,0,8265728,986,1,207519504015
2019,PRIMARY,4096,2019,0,8269824,987,1,207519539601
2020,PRIMARY,4096,2020,0,8273920,988,1,207519575157
2021,PRIMARY,4096,2021,0,8278016,989,1,207519610652
2022,PRIMARY,4096,2022,0,8282112,990,1,207519646269
2023,PRIMARY,4096,2023,0,8286208,991,1,207519681814
2024,PRIMARY,4096,2024,0,8290304,992,1,207519717470
2025,PRIMARY,4096,2025,0,8294400,993,1,207519752966
2026,PRIMARY,4096,2026,0,8298496,994,1,207519788412
2027,PRIMARY,4096,2027,0,8302592,995,1,207519824048
2028,PRIMARY,4096,2028,0,8306688,996,1,207519859524
2029,PRIMARY,4096,2029,0,8310784,997,1,207519895110
2030,PRIMARY,4096,2030,0,8314880,998,1,207519930736
2031,PRIMARY,4096,2031,0,8318976,999,1,207519966232
2032,PRIMARY,4096,2032,0,8323072,1000,1,207520003551
2033,PRIMARY,4096,2033,0,8327168,1001,1,207520037374
2034,PRIMARY,4096,2034,0,8331264,1002,1,207520072960
2035,PRIMARY,4096,2035,0,8335360,1003,1,207520108496
2036,PRIMARY,4096,2036,0,8339456,1004,1,207520144042
2037,PRIMARY,4096,2037,0,8343552,1005,1,207520179598
2038,PRIMARY,4096,2038,0,8347648,1006,1,207520215264
2039,PRIMARY,4096,2039,0,8351744,1007,1,207520250739
2040,PRIMARY,4096,2040,0,8355840,1008,1,207520286255
2041,PRIMARY,4096,2041,0,8359936,1009,1,207520321791
2042,PRIMARY,4096,2042,0,8364032,1010,1,207520357327
2043,PRIMARY,4096,2043,0,8368128,1011,1,207520392903
2044,PRIMARY,4096,2044,0,8372224,1012,1,207520428830
2045,PRIMARY,4096,2045,0,8376320,1013,1,207520464135
2046,PRIMARY,4096,2046,0,8380416,1014,1,207520499601
2047,PRIMARY,4096,2047,0,8384512,1015,1,207520538002
2048,PRIMARY,4096,2048,0,8388608,1016,1,207520570743
2049,PRIMARY,4096,2049,0,8392704,1017,1,207520606249
2050,PRIMARY,4096,2050,0,8396800,1018,1,207520641835
2051,PRIMARY,4096,2051,0,8400896,1019,1,207520677381
2052,PRIMARY,4096,2052,0,8404992,1020,1,207520712947
2053,PRIMARY,4096,2053,0,8409088,1021,1,207520748462
2054,PRIMARY,4096,2054,0,8413184,1022,1,207520784048
2055,PRIMARY,4096,2055,0,8417280,1023,1,207520819584
2056,PRIMARY,4096,2056,0,8421376,1024,1,207520855070
2057,PRIMARY,4096,2057,0,8425472,1025,1,207520898621
2058,PRIMARY,4096,2058,0,8429568,1026,1,207520926122
2059,PRIMARY,4096,2059,0,8433664,1027,1,207520961858
2060,PRIMARY,4096,2060,0,8437760,1028,1,207520997624
2061,PRIMARY,4096,2061,0,8441856,1029,1,207521032619
2062,PRIMARY,4096,2062,0,8445952,1030,1,207521068496
2063,PRIMARY,4096,2063,0,8450048,1031,1,207521104052
2064,PRIMARY,4096,2064,0,8454144,1032,1,207521139638
2065,PRIMARY,4096,2065,0,8458240,1033,1,207521175133
2066,PRIMARY,4096,2066,0,8462336,1034,1,207521210689
2067,PRIMARY,4096,2067,0,8466432,1035,1,207521246215
2068,PRIMARY,4096,2068,0,8470528,1036,1,207521281761
2069,PRIMARY,4096,2069,0,8474624,1037,1,207521317287
2070,PRIMARY,4096,2070,0,8478720,1038,1,207521352943
2071,PRIMARY,4096,2071,0,8482816,1039,1,207521388479
2072,PRIMARY,4096,2072,0,8486912,1040,1,207521424075
2073,PRIMARY,4096,2073,0,8491008,1041,1,207521459621
2074,PRIMARY,4096,2074,0,8495104,1042,1,207521495247
2075,PRIMARY,4096,2075,0,8499200,1043,1,207521530743
2076,PRIMARY,4096,2076,0,8503296,1044,1,207521566329
2077,PRIMARY,4096,2077,0,8507392,1045,1,207521601745
2078,PRIMARY,4096,2078,0,8511488,1046,1,207521637341
2079,PRIMARY,4096,2079,0,8515584,1047,1,207521672957
2080,PRIMARY,4096,2080,0,8519680,1048,1,207521708462
2081,PRIMARY,4096,2081,0,8523776,1049,1,207521744039
2082,PRIMARY,4096,2082,0,8527872,1050,1,207521779564
2083,PRIMARY,4096,2083,0,8531968,1051,1,207521815171
2084,PRIMARY,4096,2084,0,8536064,1052,1,207521850636
2085,PRIMARY,4096,2085,0,8540160,1053,1,207521886322
2086,PRIMARY,4096,2086,0,8544256,1054,1,207521921778
2087,PRIMARY,4096,2087,0,8548352,1055,1,207521957384
2088,PRIMARY,4096,2088,0,8552448,1056,1,207521993000
2089,PRIMARY,4096,2089,0,8556544,1057,1,207522028536
2090,PRIMARY,4096,2090,0,8560640,1058,1,207522064112
2091,PRIMARY,4096,2091,0,8564736,1059,1,207522099598
2092,PRIMARY,4096,2092,0,8568832,1060,1,207522135144
2093,PRIMARY,4096,2093,0,8572928,1061,1,207522170670
2094,PRIMARY,4096,2094,0,8577024,1062,1,207522206216
2095,PRIMARY,4096,2095,0,8581120,1063,1,207522241802
2096,PRIMARY,4096,2096,0,8585216,1064,1,207522277327
2097,PRIMARY,4096,2097,0,8589312,1065,1,207522312963
2098,PRIMARY,4096,2098,0,8593408,1066,1,207522348630
2099,PRIMARY,4096,2099,0,8597504,1067,1,207522384045
2100,PRIMARY,4096,2100,0,8601600,1068,1,207522419621
2101,PRIMARY,4096,2101,0,8605696,1069,1,207522455207
2102,PRIMARY,4096,2102,0,8609792,1070,1,207522490683
2103,PRIMARY,4096,2103,0,8613888,1071,1,207522526229
2104,PRIMARY,4096,2104,0,8617984,1072,1,207522561815
2105,PRIMARY,4096,2105,0,8622080,1073,1,207522597381
2106,PRIMARY,4096,2106,0,8626176,1074,1,207522633027
2107,PRIMARY,4096,2107,0,8630272,1075,1,207522668443
2108,PRIMARY,4096,2108,0,8634368,1076,1,207522704029
2109,PRIMARY,4096,2109,0,8638464,1077,1,207522739595
2110,PRIMARY,4096,2110,0,8642560,1078,1,207522775341
2111,PRIMARY,4096,2111,0,8646656,1079,1,207522810746
2112,PRIMARY,4096,2112,0,8650752,1080,1,207522846332
2113,PRIMARY,4096,2113,0,8654848,1081,1,207522881728
2114,PRIMARY,4096,2114,0,8658944,1082,1,207522917414
2115,PRIMARY,4096,2115,0,8663040,1083,1,207522952930
2116,PRIMARY,4096,2116,0,8667136,1084,1,207522988396
2117,PRIMARY,4096,2117,0,8671232,1085,1,207523024082
2118,PRIMARY,4096,2118,0,8675328,1086,1,207523059648
2119,PRIMARY,4096,2119,0,8679424,1087,1,207523095144
2120,PRIMARY,4096,2120,0,8683520,1088,1,207523130810
2121,PRIMARY,4096,2121,0,8687616,1089,1,207523166256
2122,PRIMARY,4096,2122,0,8691712,1090,1,207523201812
2123,PRIMARY,4096,2123,0,8695808,1091,1,207523237378
2124,PRIMARY,4096,2124,0,8699904,1092,1,207523272934
2125,PRIMARY,4096,2125,0,8704000,1093,1,207523308509
2126,PRIMARY,4096,2126,0,8708096,1094,1,207523344065
2127,PRIMARY,4096,2127,0,8712192,1095,1,207523379641
2128,PRIMARY,4096,2128,0,8716288,1096,1,207523415227
2129,PRIMARY,4096,2129,0,8720384,1097,1,207523450733
2130,PRIMARY,4096,2130,0,8724480,1098,1,207523486259
2131,PRIMARY,4096,2131,0,8728576,1099,1,207523521855
2132,PRIMARY,4096,2132,0,8732672,1100,1,207523557361
2133,PRIMARY,4096,2133,0,8736768,1101,1,207523592967
2134,PRIMARY,4096,2134,0,8740864,1102,1,207523628583
2135,PRIMARY,4096,2135,0,8744960,1103,1,207523664149
2136,PRIMARY,4096,2136,0,8749056,1104,1,207523699715
2137,PRIMARY,4096,2137,0,8753152,1105,1,207523735241
2138,PRIMARY,4096,2138,0,8757248,1106,1,207523770666
2139,PRIMARY,4096,2139,0,8761344,1107,1,207523806262
2140,PRIMARY,4096,2140,0,8765440,1108,1,207523841808
2141,PRIMARY,4096,2141,0,8769536,1109,1,207523877464
2142,PRIMARY,4096,2142,0,8773632,1110,1,207523912940
2143,PRIMARY,4096,2143,0,8777728,1111,1,207523948516
2144,PRIMARY,4096,2144,0,8781824,1112,1,207523984052
2145,PRIMARY,4096,2145,0,8785920,1113,1,207524019698
2146,PRIMARY,4096,2146,0,8790016,1114,1,207524055164
2147,PRIMARY,4096,2147,0,8794112,1115,1,207524090730
2148,PRIMARY,4096,2148,0,8798208,1116,1,207524126226
2149,PRIMARY,4096,2149,0,8802304,1117,1,207524161792
2150,PRIMARY,4096,2150,0,8806400,1118,1,207524197297
2151,PRIMARY,4096,2151,0,8810496,1119,1,207524232894
2152,PRIMARY,4096,2152,0,8814592,1120,1,207524268469
2153,PRIMARY,4096,2153,0,8818688,1121,1,207524303945
2154,PRIMARY,4096,2154,0,8822784,1122,1,207524339571
2155,PRIMARY,4096,2155,0,8826880,1123,1,207524375198
2156,PRIMARY,4096,2156,0,8830976,1124,1,207524410793
2157,PRIMARY,4096,2157,0,8835072,1125,1,207524446249
2158,PRIMARY,4096,2158,0,8839168,1126,1,207524481915
2159,PRIMARY,4096,2159,0,8843264,1127,1,207524517381
2160,PRIMARY,4096,2160,0,8847360,1128,1,207524552897
2161,PRIMARY,4096,2161,0,8851456,1129,1,207524588403
2162,PRIMARY,4096,2162,0,8855552,1130,1,207524624069
2163,PRIMARY,4096,2163,0,8859648,1131,1,207524659605
2164,PRIMARY,4096,2164,0,8863744,1132,1,207524695221
2165,PRIMARY,4096,2165,0,8867840,1133,1,207524730777
2166,PRIMARY,4096,2166,0,8871936,1134,1,207524766323
2167,PRIMARY,4096,2167,0,8876032,1135,1,207524801809
2168,PRIMARY,4096,2168,0,8880128,1136,1,207524837364
2169,PRIMARY,4096,2169,0,8884224,1137,1,207524872830
2170,PRIMARY,4096,2170,0,8888320,1138,1,207524908507
2171,PRIMARY,4096,2171,0,8892416,1139,1,207524944002
2172,PRIMARY,4096,2172,0,8896512,1140,1,207524979588
2173,PRIMARY,4096,2173,0,8900608,1141,1,207525017248
2174,PRIMARY,4096,2174,0,8904704,1142,1,207525050820
2175,PRIMARY,4096,2175,0,8908800,1143,1,207525107455
2176,PRIMARY,4096,2176,0,8912896,1144,1,207525136379
2177,PRIMARY,4096,2177,0,8916992,1145,1,207525162237
2178,PRIMARY,4096,2178,0,8921088,1146,1,207525192884
2179,PRIMARY,4096,2179,0,8925184,1147,1,207525228470
2180,PRIMARY,4096,2180,0,8929280,1148,1,207525264066
2181,PRIMARY,4096,2181,0,8933376,1149,1,207525299582
2182,PRIMARY,4096,2182,0,8937472,1150,1,207525340297
2183,PRIMARY,4096,2183,0,8941568,1151,1,207525370653
2184,PRIMARY,4096,2184,0,8945664,1152,1,207525407732
2185,PRIMARY,4096,2185,0,8949760,1153,1,207525441835
2186,PRIMARY,4096,2186,0,8953856,1154,1,207525477331
2187,PRIMARY,4096,2187,0,8957952,1155,1,207525512867
2188,PRIMARY,4096,2188,0,8962048,1156,1,207525548463
2189,PRIMARY,4096,2189,0,8966144,1157,1,207525584069
2190,PRIMARY,4096,2190,0,8970240,1158,1,207525619615
2191,PRIMARY,4096,2191,0,8974336,1159,1,207525655191
2192,PRIMARY,4096,2192,0,8978432,1160,1,207525690767
2193,PRIMARY,4096,2193,0,8982528,1161,1,207525726303
2194,PRIMARY,4096,2194,0,8986624,1162,1,207525761839
2195,PRIMARY,4096,2195,0,8990720,1163,1,207525797405
2196,PRIMARY,4096,2196,0,8994816,1164,1,207525832870
2197,PRIMARY,4096,2197,0,8998912,1165,1,207525868496
2198,PRIMARY,4096,2198,0,9003008,1166,1,207525904042
2199,PRIMARY,4096,2199,0,9007104,1167,1,207525939608
2200,PRIMARY,4096,2200,0,9011200,1168,1,207525975184
2201,PRIMARY,4096,2201,0,9015296,1169,1,207526012343
2202,PRIMARY,4096,2202,0,9019392,1170,1,207526046286
2203,PRIMARY,4096,2203,0,9023488,1171,1,207526081812
2204,PRIMARY,4096,2204,0,9027584,1172,1,207526117358
2205,PRIMARY,4096,2205,0,9031680,1173,1,207526152924
2206,PRIMARY,4096,2206,0,9035776,1174,1,207526188450
2207,PRIMARY,4096,2207,0,9039872,1175,1,207526224046
2208,PRIMARY,4096,2208,0,9043968,1176,1,207526259672
2209,PRIMARY,4096,2209,0,9048064,1177,1,207526295158
2210,PRIMARY,4096,2210,0,9052160,1178,1,207526330664
2211,PRIMARY,4096,2211,0,9056256,1179,1,207526366260
2212,PRIMARY,4096,2212,0,9060352,1180,1,207526401866
2213,PRIMARY,4096,2213,0,9064448,1181,1,207526437391
2214,PRIMARY,4096,2214,0,9068544,1182,1,207526472957
2215,PRIMARY,4096,2215,0,9072640,1183,1,207526508523
2216,PRIMARY,4096,2216,0,9076736,1184,1,207526544099
2217,PRIMARY,4096,2217,0,9080832,1185,1,207526579605
2218,PRIMARY,4096,2218,0,9084928,1186,1,207526615281
2219,PRIMARY,4096,2219,0,9089024,1187,1,207526650737
2220,PRIMARY,4096,2220,0,9093120,1188,1,207526686233
2221,PRIMARY,4096,2221,0,9097216,1189,1,207526721779
2222,PRIMARY,4096,2222,0,9101312,1190,1,207526757445
2223,PRIMARY,4096,2223,0,9105408,1191,1,207526792931
2224,PRIMARY,4096,2224,0,9109504,1192,1,207526828477
2225,PRIMARY,4096,2225,0,9113600,1193,1,207526864133
2226,PRIMARY,4096,2226,0,9117696,1194,1,207526899669
2227,PRIMARY,4096,2227,0,9121792,1195,1,207526935195
2228,PRIMARY,4096,2228,0,9125888,1196,1,207526970640
2229,PRIMARY,4096,2229,0,9129984,1197,1,207527006807
2230,PRIMARY,4096,2230,0,9134080,1198,1,207527042193
2231,PRIMARY,4096,2231,0,9138176,1199,1,207527077529
2232,PRIMARY,4096,2232,0,9142272,1200,1,207527113024
2233,PRIMARY,4096,2233,0,9146368,1201,1,207527148520
2234,PRIMARY,4096,2234,0,9150464,1202,1,207527184126
2235,PRIMARY,4096,2235,0,9154560,1203,1,207527219582
2236,PRIMARY,4096,2236,0,9158656,1204,1,207527255198
2237,PRIMARY,4096,2237,0,9162752,1205,1,207527290764
2238,PRIMARY,4096,2238,0,9166848,1206,1,207527326240
2239,PRIMARY,4096,2239,0,9170944,1207,1,207527361756
2240,PRIMARY,4096,2240,0,9175040,1208,1,207527397562
2241,PRIMARY,4096,2241,0,9179136,1209,1,207527432958
2242,PRIMARY,4096,2242,0,9183232,1210,1,207527468524
2243,PRIMARY,4096,2243,0,9187328,1211,1,207527504069
2244,PRIMARY,4096,2244,0,9191424,1212,1,207527539655
2245,PRIMARY,4096,2245,0,9195520,1213,1,207527575181
2246,PRIMARY,4096,2246,0,9199616,1214,1,207527610727
2247,PRIMARY,4096,2247,0,9203712,1215,1,207527646303
2248,PRIMARY,4096,2248,0,9207808,1216,1,207527681809
2249,PRIMARY,4096,2249,0,9211904,1217,1,207527717405
2250,PRIMARY,4096,2250,0,9216000,1218,1,207527752961
2251,PRIMARY,4096,2251,0,9220096,1219,1,207527788527
2252,PRIMARY,4096,2252,0,9224192,1220,1,207527823993
2253,PRIMARY,4096,2253,0,9228288,1221,1,207527859649
2254,PRIMARY,4096,2254,0,9232384,1222,1,207527895235
2255,PRIMARY,4096,2255,0,9236480,1223,1,207527930781
2256,PRIMARY,4096,2256,0,9240576,1224,1,207527966297
2257,PRIMARY,4096,2257,0,9244672,1225,1,207528003886
2258,PRIMARY,4096,2258,0,9248768,1226,1,207528037409
2259,PRIMARY,4096,2259,0,9252864,1227,1,207528072934
2260,PRIMARY,4096,2260,0,9256960,1228,1,207528108510
2261,PRIMARY,4096,2261,0,9261056,1229,1,207528144066
2262,PRIMARY,4096,2262,0,9265152,1230,1,207528179692
2263,PRIMARY,4096,2263,0,9269248,1231,1,207528215148
2264,PRIMARY,4096,2264,0,9273344,1232,1,207528250714
2265,PRIMARY,4096,2265,0,9277440,1233,1,207528286270
2266,PRIMARY,4096,2266,0,9281536,1234,1,207528321886
2267,PRIMARY,4096,2267,0,9285632,1235,1,207528357492
2268,PRIMARY,4096,2268,0,9289728,1236,1,207528393028
2269,PRIMARY,4096,2269,0,9293824,1237,1,207528428534
2270,PRIMARY,4096,2270,0,9297920,1238,1,207528464060
2271,PRIMARY,4096,2271,0,9302016,1239,1,207528499595
2272,PRIMARY,4096,2272,0,9306112,1240,1,207528535212
2273,PRIMARY,4096,2273,0,9310208,1241,1,207528570687
2274,PRIMARY,4096,2274,0,9314304,1242,1,207528606303
2275,PRIMARY,4096,2275,0,9318400,1243,1,207528641849
2276,PRIMARY,4096,2276,0,9322496,1244,1,207528677365
2277,PRIMARY,4096,2277,0,9326592,1245,1,207528712881
2278,PRIMARY,4096,2278,0,9330688,1246,1,207528748567
2279,PRIMARY,4096,2279,0,9334784,1247,1,207528784113
2280,PRIMARY,4096,2280,0,9338880,1248,1,207528819619
2281,PRIMARY,4096,2281,0,9342976,1249,1,207528855195
2282,PRIMARY,4096,2282,0,9347072,1250,1,207528890761
2283,PRIMARY,4096,2283,0,9351168,1251,1,207528926267
2284,PRIMARY,4096,2284,0,9355264,1252,1,207528961843
2285,PRIMARY,4096,2285,0,9359360,1253,1,207528997509
2286,PRIMARY,4096,2286,0,9363456,1254,1,207529032964
2287,PRIMARY,4096,2287,0,9367552,1255,1,207529068530
2288,PRIMARY,4096,2288,0,9371648,1256,1,207529104046
2289,PRIMARY,4096,2289,0,9375744,1257,1,207529139572
2290,PRIMARY,4096,2290,0,9379840,1258,1,207529175208
2291,PRIMARY,4096,2291,0,9383936,1259,1,207529210794
2292,PRIMARY,4096,2292,0,9388032,1260,1,207529246330
2293,PRIMARY,4096,2293,0,9392128,1261,1,207529281886
2294,PRIMARY,4096,2294,0,9396224,1262,1,207529317472
2295,PRIMARY,4096,2295,0,9400320,1263,1,207529352928
2296,PRIMARY,4096,2296,0,9404416,1264,1,207529388604
2297,PRIMARY,4096,2297,0,9408512,1265,1,207529424020
2298,PRIMARY,4096,2298,0,9412608,1266,1,207529459596
2299,PRIMARY,4096,2299,0,9416704,1267,1,207529495112
2300,PRIMARY,4096,2300,0,9420800,1268,1,207529530768
2301,PRIMARY,4096,2301,0,9424896,1269,1,207529566233
2302,PRIMARY,4096,2302,0,9428992,1270,1,207529601799
2303,PRIMARY,4096,2303,0,9433088,1271,1,207529639439
2304,PRIMARY,4096,2304,0,9437184,1272,1,207529672711
2305,PRIMARY,4096,2305,0,9441280,1273,1,207529708227
2306,PRIMARY,4096,2306,0,9445376,1274,1,207529743833
2307,PRIMARY,4096,2307,0,9449472,1275,1,207529779419
2308,PRIMARY,4096,2308,0,9453568,1276,1,207529814955
2309,PRIMARY,4096,2309,0,9457664,1277,1,207529850491
2310,PRIMARY,4096,2310,0,9461760,1278,1,207529886006
2311,PRIMARY,4096,2311,0,9465856,1279,1,207529921602
2312,PRIMARY,4096,2312,0,9469952,1280,1,207529957138
2313,PRIMARY,4096,2313,0,9474048,1281,1,207529992694
2314,PRIMARY,4096,2314,0,9478144,1282,1,207530028320
2315,PRIMARY,4096,2315,0,9482240,1283,1,207530063916
2316,PRIMARY,4096,2316,0,9486336,1284,1,207530099332
2317,PRIMARY,4096,2317,0,9490432,1285,1,207530135048
2318,PRIMARY,4096,2318,0,9494528,1286,1,207530170574
2319,PRIMARY,4096,2319,0,9498624,1287,1,207530212261
2320,PRIMARY,4096,2320,0,9502720,1288,1,207530241566
2321,PRIMARY,4096,2321,0,9506816,1289,1,207530277142
2322,PRIMARY,4096,2322,0,9510912,1290,1,207530312637
2323,PRIMARY,4096,2323,0,9515008,1291,1,207530348294
2324,PRIMARY,4096,2324,0,9519104,1292,1,207530383910
2325,PRIMARY,4096,2325,0,9523200,1293,1,207530419375
2326,PRIMARY,4096,2326,0,9527296,1294,1,207530454901
2327,PRIMARY,4096,2327,0,9531392,1295,1,207530490517
2328,PRIMARY,4096,2328,0,9535488,1296,1,207530526113
2329,PRIMARY,4096,2329,0,9539584,1297,1,207530561609
2330,PRIMARY,4096,2330,0,9543680,1298,1,207530597165
2331,PRIMARY,4096,2331,0,9547776,1299,1,207530632731
2332,PRIMARY,4096,2332,0,9551872,1300,1,207530668267
2333,PRIMARY,4096,2333,0,9555968,1301,1,207530703773
2334,PRIMARY,4096,2334,0,9560064,1302,1,207530739389
2335,PRIMARY,4096,2335,0,9564160,1303,1,207530774955
2336,PRIMARY,4096,2336,0,9568256,1304,1,207530810431
2337,PRIMARY,4096,2337,0,9572352,1305,1,207530846067
2338,PRIMARY,4096,2338,0,9576448,1306,1,207530881743
2339,PRIMARY,4096,2339,0,9580544,1307,1,207530917189
2340,PRIMARY,4096,2340,0,9584640,1308,1,207530952644
2341,PRIMARY,4096,2341,0,9588736,1309,1,207530988210
2342,PRIMARY,4096,2342,0,9592832,1310,1,207531042882
2343,PRIMARY,4096,2343,0,9596928,1311,1,207531070523
2344,PRIMARY,4096,2344,0,9601024,1312,1,207531096411
2345,PRIMARY,4096,2345,0,9605120,1313,1,207531130604
2346,PRIMARY,4096,2346,0,9609216,1314,1,207531166200
2347,PRIMARY,4096,2347,0,9613312,1315,1,207531201686
2348,PRIMARY,4096,2348,0,9617408,1316,1,207531237232
2349,PRIMARY,4096,2349,0,9621504,1317,1,207531272788
2350,PRIMARY,4096,2350,0,9625600,1318,1,207531308254
2351,PRIMARY,4096,2351,0,9629696,1319,1,207531343870
2352,PRIMARY,4096,2352,0,9633792,1320,1,207531379556
2353,PRIMARY,4096,2353,0,9637888,1321,1,207531415082
2354,PRIMARY,4096,2354,0,9641984,1322,1,207531450548
2355,PRIMARY,4096,2355,0,9646080,1323,1,207531486093
2356,PRIMARY,4096,2356,0,9650176,1324,1,207531521599
2357,PRIMARY,4096,2357,0,9654272,1325,1,207531557346
2358,PRIMARY,4096,2358,0,9658368,1326,1,207531592701
2359,PRIMARY,4096,2359,0,9662464,1327,1,207531628307
2360,PRIMARY,4096,2360,0,9666560,1328,1,207531663893
2361,PRIMARY,4096,2361,0,9670656,1329,1,207531699469
2362,PRIMARY,4096,2362,0,9674752,1330,1,207531734985
2363,PRIMARY,4096,2363,0,9678848,1331,1,207531770501
2364,PRIMARY,4096,2364,0,9682944,1332,1,207531806027
2365,PRIMARY,4096,2365,0,9687040,1333,1,207531841653
2366,PRIMARY,4096,2366,0,9691136,1334,1,207531877359
2367,PRIMARY,4096,2367,0,9695232,1335,1,207531912715
2368,PRIMARY,4096,2368,0,9699328,1336,1,207531948230
2369,PRIMARY,4096,2369,0,9703424,1337,1,207531983847
2370,PRIMARY,4096,2370,0,9707520,1338,1,207532019623
2371,PRIMARY,4096,2371,0,9711616,1339,1,207532055008
2372,PRIMARY,4096,2372,0,9715712,1340,1,207532090524
2373,PRIMARY,4096,2373,0,9719808,1341,1,207532125980
2374,PRIMARY,4096,2374,0,9723904,1342,1,207532161716
2375,PRIMARY,4096,2375,0,9728000,1343,1,207532197292
2376,PRIMARY,4096,2376,0,9732096,1344,1,207532232768
2377,PRIMARY,4096,2377,0,9736192,1345,1,207532268394
2378,PRIMARY,4096,2378,0,9740288,1346,1,207532303840
2379,PRIMARY,4096,2379,0,9744384,1347,1,207532339386
2380,PRIMARY,4096,2380,0,9748480,1348,1,207532375042
2381,PRIMARY,4096,2381,0,9752576,1349,1,207532410558
2382,PRIMARY,4096,2382,0,9756672,1350,1,207532446084
2383,PRIMARY,4096,2383,0,9760768,1351,1,207532481640
2384,PRIMARY,4096,2384,0,9764864,1352,1,207532517286
2385,PRIMARY,4096,2385,0,9768960,1353,1,207532552731
2386,PRIMARY,4096,2386,0,9773056,1354,1,207532588718
2387,PRIMARY,4096,2387,0,9777152,1355,1,207532623883
2388,PRIMARY,4096,2388,0,9781248,1356,1,207532659439
2389,PRIMARY,4096,2389,0,9785344,1357,1,207532694935
2390,PRIMARY,4096,2390,0,9789440,1358,1,207532730541
2391,PRIMARY,4096,2391,0,9793536,1359,1,207532766037
2392,PRIMARY,4096,2392,0,9797632,1360,1,207532801583
2393,PRIMARY,4096,2393,0,9801728,1361,1,207532837229
2394,PRIMARY,4096,2394,0,9805824,1362,1,207532872765
2395,PRIMARY,4096,2395,0,9809920,1363,1,207532908281
2396,PRIMARY,4096,2396,0,9814016,1364,1,207532943897
2397,PRIMARY,4096,2397,0,9818112,1365,1,207532979503
2398,PRIMARY,4096,2398,0,9822208,1366,1,207533017183
2399,PRIMARY,4096,2399,0,9826304,1367,1,207533054722
2400,PRIMARY,4096,2400,0,9830400,1368,1,207533086802
2401,PRIMARY,4096,2401,0,9834496,1369,1,207533121646
2402,PRIMARY,4096,2402,0,9838592,1370,1,207533157242
2403,PRIMARY,4096,2403,0,9842688,1371,1,207533192698
2404,PRIMARY,4096,2404,0,9846784,1372,1,207533228214
2405,PRIMARY,4096,2405,0,9850880,1373,1,207533263900
2406,PRIMARY,4096,2406,0,9854976,1374,1,207533299506
2407,PRIMARY,4096,2407,0,9859072,1375,1,207533334992
2408,PRIMARY,4096,2408,0,9863168,1376,1,207533370588
2409,PRIMARY,4096,2409,0,9867264,1377,1,207533406004
2410,PRIMARY,4096,2410,0,9871360,1378,1,207533441620
2411,PRIMARY,4096,2411,0,9875456,1379,1,207533477246
2412,PRIMARY,4096,2412,0,9879552,1380,1,207533512742
2413,PRIMARY,4096,2413,0,9883648,1381,1,207533548328
2414,PRIMARY,4096,2414,0,9887744,1382,1,207533583863
2415,PRIMARY,4096,2415,0,9891840,1383,1,207533619420
2416,PRIMARY,4096,2416,0,9895936,1384,1,207533654995
2417,PRIMARY,4096,2417,0,9900032,1385,1,207533690531
2418,PRIMARY,4096,2418,0,9904128,1386,1,207533726087
2419,PRIMARY,4096,2419,0,9908224,1387,1,207533761603
2420,PRIMARY,4096,2420,0,9912320,1388,1,207533797209
2421,PRIMARY,4096,2421,0,9916416,1389,1,207533832695
2422,PRIMARY,4096,2422,0,9920512,1390,1,207533868401
2423,PRIMARY,4096,2423,0,9924608,1391,1,207533903927
2424,PRIMARY,4096,2424,0,9928704,1392,1,207533939483
2425,PRIMARY,4096,2425,0,9932800,1393,1,207533974979
2426,PRIMARY,4096,2426,0,9936896,1394,1,207534012318
2427,PRIMARY,4096,2427,0,9940992,1395,1,207534046071
2428,PRIMARY,4096,2428,0,9945088,1396,1,207534081627
2429,PRIMARY,4096,2429,0,9949184,1397,1,207534117233
2430,PRIMARY,4096,2430,0,9953280,1398,1,207534152889
2431,PRIMARY,4096,2431,0,9957376,1399,1,207534190569
2432,PRIMARY,4096,2432,0,9961472,1400,1,207534224101
2433,PRIMARY,4096,2433,0,9965568,1401,1,207534259597
2434,PRIMARY,4096,2434,0,9969664,1402,1,207534299521
2435,PRIMARY,4096,2435,0,9973760,1403,1,207534331400
2436,PRIMARY,4096,2436,0,9977856,1404,1,207534366355
2437,PRIMARY,4096,2437,0,9981952,1405,1,207534401800
2438,PRIMARY,4096,2438,0,9986048,1406,1,207534437316
2439,PRIMARY,4096,2439,0,9990144,1407,1,207534472922
2440,PRIMARY,4096,2440,0,9994240,1408,1,207534508428
2441,PRIMARY,4096,2441,0,9998336,1409,1,207534544014
2442,PRIMARY,4096,2442,0,10002432,1410,1,207534579640
2443,PRIMARY,4096,2443,0,10006528,1411,1,207534615146
2444,PRIMARY,4096,2444,0,10010624,1412,1,207534650632
2445,PRIMARY,4096,2445,0,10014720,1413,1,207534686238
2446,PRIMARY,4096,2446,0,10018816,1414,1,207534721744
2447,PRIMARY,4096,2447,0,10022912,1415,1,207534757390
2448,PRIMARY,4096,2448,0,10027008,1416,1,207534792946
2449,PRIMARY,4096,2449,0,10031104,1417,1,207534828531
2450,PRIMARY,4096,2450,0,10035200,1418,1,207534864117
2451,PRIMARY,4096,2451,0,10039296,1419,1,207534899623
2452,PRIMARY,4096,2452,0,10043392,1420,1,207534935129
2453,PRIMARY,4096,2453,0,10047488,1421,1,207534970685
2454,PRIMARY,4096,2454,0,10051584,1422,1,207535007163
2455,PRIMARY,4096,2455,0,10055680,1423,1,207535045284
2456,PRIMARY,4096,2456,0,10059776,1424,1,207535077553
2457,PRIMARY,4096,2457,0,10063872,1425,1,207535112919
2458,PRIMARY,4096,2458,0,10067968,1426,1,207535148545
2459,PRIMARY,4096,2459,0,10072064,1427,1,207535184091
2460,PRIMARY,4096,2460,0,10076160,1428,1,207535219547
2461,PRIMARY,4096,2461,0,10080256,1429,1,207535255163
2462,PRIMARY,4096,2462,0,10084352,1430,1,207535290679
2463,PRIMARY,4096,2463,0,10088448,1431,1,207535326265
2464,PRIMARY,4096,2464,0,10092544,1432,1,207535361880
2465,PRIMARY,4096,2465,0,10096640,1433,1,207535397396
2466,PRIMARY,4096,2466,0,10100736,1434,1,207535432952
2467,PRIMARY,4096,2467,0,10104832,1435,1,207535468588
2468,PRIMARY,4096,2468,0,10108928,1436,1,207535504004
2469,PRIMARY,4096,2469,0,10113024,1437,1,207535539610
2470,PRIMARY,4096,2470,0,10117120,1438,1,207535575106
2471,PRIMARY,4096,2471,0,10121216,1439,1,207535610752
2472,PRIMARY,4096,2472,0,10125312,1440,1,207535646218
2473,PRIMARY,4096,2473,0,10129408,1441,1,207535681864
2474,PRIMARY,4096,2474,0,10133504,1442,1,207535717470
2475,PRIMARY,4096,2475,0,10137600,1443,1,207535753016
2476,PRIMARY,4096,2476,0,10141696,1444,1,207535788471
2477,PRIMARY,4096,2477,0,10145792,1445,1,207535824007
2478,PRIMARY,4096,2478,0,10149888,1446,1,207535859603
2479,PRIMARY,4096,2479,0,10153984,1447,1,207535895169
2480,PRIMARY,4096,2480,0,10158080,1448,1,207535930775
2481,PRIMARY,4096,2481,0,10162176,1449,1,207535966161
2482,PRIMARY,4096,2482,0,10166272,1450,1,207536003641
2483,PRIMARY,4096,2483,0,10170368,1451,1,207536037373
2484,PRIMARY,4096,2484,0,10174464,1452,1,207536072939
2485,PRIMARY,4096,2485,0,10178560,1453,1,207536127310
2486,PRIMARY,4096,2486,0,10182656,1454,1,207536159069
2487,PRIMARY,4096,2487,0,10186752,1455,1,207536185007
2488,PRIMARY,4096,2488,0,10190848,1456,1,207536215123
2489,PRIMARY,4096,2489,0,10194944,1457,1,207536250709
2490,PRIMARY,4096,2490,0,10199040,1458,1,207536286225
2491,PRIMARY,4096,2491,0,10203136,1459,1,207536321831
2492,PRIMARY,4096,2492,0,10207232,1460,1,207536357366
2493,PRIMARY,4096,2493,0,10211328,1461,1,207536392892
2494,PRIMARY,4096,2494,0,10215424,1462,1,207536428418
2495,PRIMARY,4096,2495,0,10219520,1463,1,207536464195
2496,PRIMARY,4096,2496,0,10223616,1464,1,207536499570
2497,PRIMARY,4096,2497,0,10227712,1465,1,207536535236
2498,PRIMARY,4096,2498,0,10231808,1466,1,207536570712
2499,PRIMARY,4096,2499,0,10235904,1467,1,207536606218
