"file","change","old_line","new_line","line_sha256","synthesis_scope","construct_family","production_standard_class","disposition","source_text"
"rtl/nvp/nvp6134c_autoinit.vhd","DELETED","29","","FC3C76CD79C33A083BA387394FE4F25A664825DBA489302DE0B1DE1B733822B9","PRODUCTION_SYNTHESIS_SOURCE","REMOVED_R1E_LINE","NOT_APPLICABLE_REMOVED_LINE","PRESERVE_DIFF_HISTORY","    diag_detail  : out std_logic_vector(735 downto 0)"
"rtl/nvp/nvp6134c_autoinit.vhd","ADDED","","29","81BAB7347E5FA23F554F73720887B975301B0D370D385B8D460EF509219C1192","PRODUCTION_SYNTHESIS_SOURCE","VIVADO_DEFAULT_NON_2008_COMPATIBLE_OR_STRUCTURAL_LINE","VIVADO_DEFAULT_NON_2008_COMPATIBLE_BY_EXACT_CONTEXT_AUDIT","NO_REWRITE","    diag_detail  : out std_logic_vector(735 downto 0);"
"rtl/nvp/nvp6134c_autoinit.vhd","ADDED","","30","B5F68FF787C4B285292F9CD854F745BC9D5BCE13A01C478EBD818625BA27EF0E","PRODUCTION_SYNTHESIS_SOURCE","VIVADO_DEFAULT_NON_2008_COMPATIBLE_OR_STRUCTURAL_LINE","VIVADO_DEFAULT_NON_2008_COMPATIBLE_BY_EXACT_CONTEXT_AUDIT","NO_REWRITE","    r1f_phase_counters : out std_logic_vector(255 downto 0);"
"rtl/nvp/nvp6134c_autoinit.vhd","ADDED","","31","A02532EA5B3E5FCDDEAE431E3EE81808334032E7982B11826D0E4BDC0F11538E","PRODUCTION_SYNTHESIS_SOURCE","VIVADO_DEFAULT_NON_2008_COMPATIBLE_OR_STRUCTURAL_LINE","VIVADO_DEFAULT_NON_2008_COMPATIBLE_BY_EXACT_CONTEXT_AUDIT","NO_REWRITE","    r1f_transaction_counters : out std_logic_vector(127 downto 0);"
"rtl/nvp/nvp6134c_autoinit.vhd","ADDED","","32","543035EB76E5DC3542EA67BFDB12BB1CA9C4C40BE85CEF5D01332AAAF52A5379","PRODUCTION_SYNTHESIS_SOURCE","VIVADO_DEFAULT_NON_2008_COMPATIBLE_OR_STRUCTURAL_LINE","VIVADO_DEFAULT_NON_2008_COMPATIBLE_BY_EXACT_CONTEXT_AUDIT","NO_REWRITE","    r1f_transaction_serial_next : out std_logic_vector(15 downto 0);"
"rtl/nvp/nvp6134c_autoinit.vhd","ADDED","","33","9D47687D2F7683B2DBBB3A692AC200932F93FFCEF0C58293121967E1C8C5355D","PRODUCTION_SYNTHESIS_SOURCE","VIVADO_DEFAULT_NON_2008_COMPATIBLE_OR_STRUCTURAL_LINE","VIVADO_DEFAULT_NON_2008_COMPATIBLE_BY_EXACT_CONTEXT_AUDIT","NO_REWRITE","    r1f_transaction_serial_overflow : out std_logic;"
"rtl/nvp/nvp6134c_autoinit.vhd","ADDED","","34","5B803E80422978CB6680B400F6ACE375B8E47BDB15DFFD5931275902DF2648E6","PRODUCTION_SYNTHESIS_SOURCE","VIVADO_DEFAULT_NON_2008_COMPATIBLE_OR_STRUCTURAL_LINE","VIVADO_DEFAULT_NON_2008_COMPATIBLE_BY_EXACT_CONTEXT_AUDIT","NO_REWRITE","    r1f_failed_txn_record_valid : out std_logic;"
"rtl/nvp/nvp6134c_autoinit.vhd","ADDED","","35","A7033458EAF8776CB58CBCDD0B343C3287CB2E80C55FC747B247A11C049B8673","PRODUCTION_SYNTHESIS_SOURCE","VIVADO_DEFAULT_NON_2008_COMPATIBLE_OR_STRUCTURAL_LINE","VIVADO_DEFAULT_NON_2008_COMPATIBLE_BY_EXACT_CONTEXT_AUDIT","NO_REWRITE","    r1f_failed_txn_record : out std_logic_vector(191 downto 0);"
"rtl/nvp/nvp6134c_autoinit.vhd","ADDED","","36","44A8E491862C8D4EEF93078DC61E3304AAB3528A458118885660D15C7CA891D5","PRODUCTION_SYNTHESIS_SOURCE","VIVADO_DEFAULT_NON_2008_COMPATIBLE_OR_STRUCTURAL_LINE","VIVADO_DEFAULT_NON_2008_COMPATIBLE_BY_EXACT_CONTEXT_AUDIT","NO_REWRITE","    r1f_bank_invariant_check_count : out std_logic_vector(31 downto 0);"
"rtl/nvp/nvp6134c_autoinit.vhd","ADDED","","37","2D0157AF1E07C3152532165AB5B92FE593A9784E7DE3572EC7012618987DF465","PRODUCTION_SYNTHESIS_SOURCE","VIVADO_DEFAULT_NON_2008_COMPATIBLE_OR_STRUCTURAL_LINE","VIVADO_DEFAULT_NON_2008_COMPATIBLE_BY_EXACT_CONTEXT_AUDIT","NO_REWRITE","    r1f_bank_invariant_error_count : out std_logic_vector(31 downto 0);"
"rtl/nvp/nvp6134c_autoinit.vhd","ADDED","","38","C322917F7249723923B6C3E3BC281384E2136AB4AB896386D1761B87D28606DE","PRODUCTION_SYNTHESIS_SOURCE","VIVADO_DEFAULT_NON_2008_COMPATIBLE_OR_STRUCTURAL_LINE","VIVADO_DEFAULT_NON_2008_COMPATIBLE_BY_EXACT_CONTEXT_AUDIT","NO_REWRITE","    r1f_first_bank_invariant_error : out std_logic_vector(31 downto 0)"
"rtl/nvp/nvp6134c_autoinit.vhd","DELETED","236","","8AC8360C753467B887AD8C7558A805C21CE38867FB7DD164CBFFB62A9EF59D53","PRODUCTION_SYNTHESIS_SOURCE","REMOVED_R1E_LINE","NOT_APPLICABLE_REMOVED_LINE","PRESERVE_DIFF_HISTORY","      i2c_fsm_dbg           => diag_i2c_state"
"rtl/nvp/nvp6134c_autoinit.vhd","ADDED","","245","4E70F691A18FAA7B769F8B0F388E0569996D9E445B941F6BBE0BDA427444FDB9","PRODUCTION_SYNTHESIS_SOURCE","VIVADO_DEFAULT_NON_2008_COMPATIBLE_OR_STRUCTURAL_LINE","VIVADO_DEFAULT_NON_2008_COMPATIBLE_BY_EXACT_CONTEXT_AUDIT","NO_REWRITE","      i2c_fsm_dbg           => diag_i2c_state,"
"rtl/nvp/nvp6134c_autoinit.vhd","ADDED","","246","8A344622CB06938FCA8C42D7A47534842610C072812CF8C6E6AB5B36EC08030B","PRODUCTION_SYNTHESIS_SOURCE","VIVADO_DEFAULT_NON_2008_COMPATIBLE_OR_STRUCTURAL_LINE","VIVADO_DEFAULT_NON_2008_COMPATIBLE_BY_EXACT_CONTEXT_AUDIT","NO_REWRITE","      r1f_phase_counters_dbg => r1f_phase_counters,"
"rtl/nvp/nvp6134c_autoinit.vhd","ADDED","","247","32F793243FED2F7F1311FEDA6A71F671DF1FCF1ECA8195E47FE064630A497D25","PRODUCTION_SYNTHESIS_SOURCE","VIVADO_DEFAULT_NON_2008_COMPATIBLE_OR_STRUCTURAL_LINE","VIVADO_DEFAULT_NON_2008_COMPATIBLE_BY_EXACT_CONTEXT_AUDIT","NO_REWRITE","      r1f_transaction_counters_dbg => r1f_transaction_counters,"
"rtl/nvp/nvp6134c_autoinit.vhd","ADDED","","248","C2C64C32318CC2BC7E010AD02C6024764CF8D3B6B138C8311E1AD3F54BBCBA42","PRODUCTION_SYNTHESIS_SOURCE","VIVADO_DEFAULT_NON_2008_COMPATIBLE_OR_STRUCTURAL_LINE","VIVADO_DEFAULT_NON_2008_COMPATIBLE_BY_EXACT_CONTEXT_AUDIT","NO_REWRITE","      r1f_transaction_serial_next_dbg => r1f_transaction_serial_next,"
"rtl/nvp/nvp6134c_autoinit.vhd","ADDED","","249","27606BA1883215ECB71D0B0971EB63C8CF0FCE4B00C915A3A33D8A0806B975B3","PRODUCTION_SYNTHESIS_SOURCE","VIVADO_DEFAULT_NON_2008_COMPATIBLE_OR_STRUCTURAL_LINE","VIVADO_DEFAULT_NON_2008_COMPATIBLE_BY_EXACT_CONTEXT_AUDIT","NO_REWRITE","      r1f_transaction_serial_overflow_dbg => r1f_transaction_serial_overflow,"
"rtl/nvp/nvp6134c_autoinit.vhd","ADDED","","250","8E99BC84CD4E7ECE9BC89662FDC71A2F583CFC6F071DC4E02D1CFD08A5473BB8","PRODUCTION_SYNTHESIS_SOURCE","VIVADO_DEFAULT_NON_2008_COMPATIBLE_OR_STRUCTURAL_LINE","VIVADO_DEFAULT_NON_2008_COMPATIBLE_BY_EXACT_CONTEXT_AUDIT","NO_REWRITE","      r1f_failed_txn_record_valid_dbg => r1f_failed_txn_record_valid,"
"rtl/nvp/nvp6134c_autoinit.vhd","ADDED","","251","E34E7FB489337E0403CE1D07FB72D52AB697BE12E89E63ACFC27F08D2F3A1096","PRODUCTION_SYNTHESIS_SOURCE","VIVADO_DEFAULT_NON_2008_COMPATIBLE_OR_STRUCTURAL_LINE","VIVADO_DEFAULT_NON_2008_COMPATIBLE_BY_EXACT_CONTEXT_AUDIT","NO_REWRITE","      r1f_failed_txn_record_dbg => r1f_failed_txn_record,"
"rtl/nvp/nvp6134c_autoinit.vhd","ADDED","","252","9B9F858F69A9F3EC1DA1CC641E16E6BD5AE097B6C393CF3F9C2977410C828C62","PRODUCTION_SYNTHESIS_SOURCE","VIVADO_DEFAULT_NON_2008_COMPATIBLE_OR_STRUCTURAL_LINE","VIVADO_DEFAULT_NON_2008_COMPATIBLE_BY_EXACT_CONTEXT_AUDIT","NO_REWRITE","      r1f_bank_invariant_check_count_dbg => r1f_bank_invariant_check_count,"
"rtl/nvp/nvp6134c_autoinit.vhd","ADDED","","253","FC36B8171FC6F6ED344D3A9406A1CCBEA285DF3ED82B09B960D9920FFE993D22","PRODUCTION_SYNTHESIS_SOURCE","VIVADO_DEFAULT_NON_2008_COMPATIBLE_OR_STRUCTURAL_LINE","VIVADO_DEFAULT_NON_2008_COMPATIBLE_BY_EXACT_CONTEXT_AUDIT","NO_REWRITE","      r1f_bank_invariant_error_count_dbg => r1f_bank_invariant_error_count,"
"rtl/nvp/nvp6134c_autoinit.vhd","ADDED","","254","A9E0F583C695113FB80F2978EB136465C890E555F7EDCB7099DF18D9AE7D148F","PRODUCTION_SYNTHESIS_SOURCE","VIVADO_DEFAULT_NON_2008_COMPATIBLE_OR_STRUCTURAL_LINE","VIVADO_DEFAULT_NON_2008_COMPATIBLE_BY_EXACT_CONTEXT_AUDIT","NO_REWRITE","      r1f_first_bank_invariant_error_dbg => r1f_first_bank_invariant_error"
"rtl/nvp/nvp6134c_i2c_bringup.vhd","DELETED","74","","B7C5C6E1AD776DA4AB44388547FA5E2085DA240CAEE29A39481176C58511A06B","PRODUCTION_SYNTHESIS_SOURCE","REMOVED_R1E_LINE","NOT_APPLICABLE_REMOVED_LINE","PRESERVE_DIFF_HISTORY","    i2c_fsm_dbg           : out std_logic_vector(7 downto 0)"
"rtl/nvp/nvp6134c_i2c_bringup.vhd","ADDED","","74","15D413F4599BCD95A90AFA3BE14C00E62CF912AC27A7927426C23059353F298E","PRODUCTION_SYNTHESIS_SOURCE","VIVADO_DEFAULT_NON_2008_COMPATIBLE_OR_STRUCTURAL_LINE","VIVADO_DEFAULT_NON_2008_COMPATIBLE_BY_EXACT_CONTEXT_AUDIT","NO_REWRITE","    i2c_fsm_dbg           : out std_logic_vector(7 downto 0);"
"rtl/nvp/nvp6134c_i2c_bringup.vhd","ADDED","","75","E3B0C44298FC1C149AFBF4C8996FB92427AE41E4649B934CA495991B7852B855","PRODUCTION_SYNTHESIS_SOURCE","COMMENT_OR_BLANK","NOT_EXECUTABLE_LANGUAGE_CONSTRUCT","NO_REWRITE",""
"rtl/nvp/nvp6134c_i2c_bringup.vhd","ADDED","","76","54A7A05503B1D35D1B9518518FB72F798826F19B6834309C847D6699674267C9","PRODUCTION_SYNTHESIS_SOURCE","COMMENT_OR_BLANK","NOT_EXECUTABLE_LANGUAGE_CONSTRUCT","NO_REWRITE","    -- R1f passive phase accounting and transaction-event interface.  These"
"rtl/nvp/nvp6134c_i2c_bringup.vhd","ADDED","","77","E2516865EB30123D6D95C9FD429D7C5C4FC6A64DBD828E7352DEDA1295214CA7","PRODUCTION_SYNTHESIS_SOURCE","COMMENT_OR_BLANK","NOT_EXECUTABLE_LANGUAGE_CONSTRUCT","NO_REWRITE","    -- outputs have no fanout into the inherited functional state machine."
"rtl/nvp/nvp6134c_i2c_bringup.vhd","ADDED","","78","02B83D80DCECEF2C0697D9D069C5AF7E12F165E16AB03894E9030222AA357778","PRODUCTION_SYNTHESIS_SOURCE","COMMENT_OR_BLANK","NOT_EXECUTABLE_LANGUAGE_CONSTRUCT","NO_REWRITE","    -- phase counters pack {RADDR nack,opp, DATA nack,opp,"
"rtl/nvp/nvp6134c_i2c_bringup.vhd","ADDED","","79","A3313021462697CDF861225D3D83D15893E9D0BB87617B33F4D71254E0617A20","PRODUCTION_SYNTHESIS_SOURCE","COMMENT_OR_BLANK","NOT_EXECUTABLE_LANGUAGE_CONSTRUCT","NO_REWRITE","    --                      REGADDR nack,opp, WADDR nack,opp} in 32-bit lanes."
"rtl/nvp/nvp6134c_i2c_bringup.vhd","ADDED","","80","AB67B70E9015E1DA7D1624D6C93B6DFBC794F72F81D78467F9076C3E98006DC4","PRODUCTION_SYNTHESIS_SOURCE","VIVADO_DEFAULT_NON_2008_COMPATIBLE_OR_STRUCTURAL_LINE","VIVADO_DEFAULT_NON_2008_COMPATIBLE_BY_EXACT_CONTEXT_AUDIT","NO_REWRITE","    r1f_phase_counters_dbg       : out std_logic_vector(255 downto 0);"
"rtl/nvp/nvp6134c_i2c_bringup.vhd","ADDED","","81","21CA22586811C625F823C0E84C15505F495D390E7AB4ACCBF2F1EBD1FC640454","PRODUCTION_SYNTHESIS_SOURCE","COMMENT_OR_BLANK","NOT_EXECUTABLE_LANGUAGE_CONSTRUCT","NO_REWRITE","    -- transaction counters pack {timeouts, failed, completions, starts}."
"rtl/nvp/nvp6134c_i2c_bringup.vhd","ADDED","","82","0019A4A91B7DA05969C361F406771ED83A857EBC4398B5C16D1899C1F187B49A","PRODUCTION_SYNTHESIS_SOURCE","VIVADO_DEFAULT_NON_2008_COMPATIBLE_OR_STRUCTURAL_LINE","VIVADO_DEFAULT_NON_2008_COMPATIBLE_BY_EXACT_CONTEXT_AUDIT","NO_REWRITE","    r1f_transaction_counters_dbg : out std_logic_vector(127 downto 0);"
"rtl/nvp/nvp6134c_i2c_bringup.vhd","ADDED","","83","797D4D29F0ACCCCFDEA9D134355CE4C6F2FF837860D5FADED242245EFE2F1651","PRODUCTION_SYNTHESIS_SOURCE","VIVADO_DEFAULT_NON_2008_COMPATIBLE_OR_STRUCTURAL_LINE","VIVADO_DEFAULT_NON_2008_COMPATIBLE_BY_EXACT_CONTEXT_AUDIT","NO_REWRITE","    r1f_transaction_serial_next_dbg : out std_logic_vector(15 downto 0);"
"rtl/nvp/nvp6134c_i2c_bringup.vhd","ADDED","","84","B3A1744F436600DA935A60622FEFF64F3C8B17185592099D5F1B652E71775F16","PRODUCTION_SYNTHESIS_SOURCE","VIVADO_DEFAULT_NON_2008_COMPATIBLE_OR_STRUCTURAL_LINE","VIVADO_DEFAULT_NON_2008_COMPATIBLE_BY_EXACT_CONTEXT_AUDIT","NO_REWRITE","    r1f_transaction_serial_overflow_dbg : out std_logic;"
"rtl/nvp/nvp6134c_i2c_bringup.vhd","ADDED","","85","1112BCB10291BD8F9544473B180C52FBEFA97755267EC0553DDEE73B95ACB81B","PRODUCTION_SYNTHESIS_SOURCE","VIVADO_DEFAULT_NON_2008_COMPATIBLE_OR_STRUCTURAL_LINE","VIVADO_DEFAULT_NON_2008_COMPATIBLE_BY_EXACT_CONTEXT_AUDIT","NO_REWRITE","    r1f_failed_txn_record_valid_dbg : out std_logic;"
"rtl/nvp/nvp6134c_i2c_bringup.vhd","ADDED","","86","981945EE92BD6EC49D83BAD4DA1E5C7C9A8DFE8EB5AD9862761EF4514960F2E5","PRODUCTION_SYNTHESIS_SOURCE","VIVADO_DEFAULT_NON_2008_COMPATIBLE_OR_STRUCTURAL_LINE","VIVADO_DEFAULT_NON_2008_COMPATIBLE_BY_EXACT_CONTEXT_AUDIT","NO_REWRITE","    r1f_failed_txn_record_dbg       : out std_logic_vector(191 downto 0);"
"rtl/nvp/nvp6134c_i2c_bringup.vhd","ADDED","","87","DEC3D5F83465636EEBF3CC261E4F8375E74C7DA7976CA8DB4AD2FAFC4C16F0C0","PRODUCTION_SYNTHESIS_SOURCE","VIVADO_DEFAULT_NON_2008_COMPATIBLE_OR_STRUCTURAL_LINE","VIVADO_DEFAULT_NON_2008_COMPATIBLE_BY_EXACT_CONTEXT_AUDIT","NO_REWRITE","    r1f_bank_invariant_check_count_dbg : out std_logic_vector(31 downto 0);"
"rtl/nvp/nvp6134c_i2c_bringup.vhd","ADDED","","88","A031C3CCC5C50D6724EFEF45376995E0F606B966C341332BED88FD2EBE212E9A","PRODUCTION_SYNTHESIS_SOURCE","VIVADO_DEFAULT_NON_2008_COMPATIBLE_OR_STRUCTURAL_LINE","VIVADO_DEFAULT_NON_2008_COMPATIBLE_BY_EXACT_CONTEXT_AUDIT","NO_REWRITE","    r1f_bank_invariant_error_count_dbg : out std_logic_vector(31 downto 0);"
"rtl/nvp/nvp6134c_i2c_bringup.vhd","ADDED","","89","7B14E923C1C4FA9DF4501D77DF743B1F87ED45A979231A518733C91FF02E86F4","PRODUCTION_SYNTHESIS_SOURCE","VIVADO_DEFAULT_NON_2008_COMPATIBLE_OR_STRUCTURAL_LINE","VIVADO_DEFAULT_NON_2008_COMPATIBLE_BY_EXACT_CONTEXT_AUDIT","NO_REWRITE","    r1f_first_bank_invariant_error_dbg : out std_logic_vector(31 downto 0)"
"rtl/nvp/nvp6134c_i2c_bringup.vhd","ADDED","","117","E74E179B7C1A007754684055F87FDE1AA0AD7E4C392B710874E0AF8C8F752B82","PRODUCTION_SYNTHESIS_SOURCE","VIVADO_DEFAULT_NON_2008_COMPATIBLE_OR_STRUCTURAL_LINE","VIVADO_DEFAULT_NON_2008_COMPATIBLE_BY_EXACT_CONTEXT_AUDIT","NO_REWRITE","  function sat_inc32(value : unsigned(31 downto 0)) return unsigned is"
"rtl/nvp/nvp6134c_i2c_bringup.vhd","ADDED","","118","8EDD123376F4332998295C75BF6C00885F2B58AF5BFD8B857D6E142895E27EDA","PRODUCTION_SYNTHESIS_SOURCE","VIVADO_DEFAULT_NON_2008_COMPATIBLE_OR_STRUCTURAL_LINE","VIVADO_DEFAULT_NON_2008_COMPATIBLE_BY_EXACT_CONTEXT_AUDIT","NO_REWRITE","  begin"
"rtl/nvp/nvp6134c_i2c_bringup.vhd","ADDED","","119","41C31C0208F6E6F7AAB596EF3CCA099A0206FFCAF1EBF271D485F93B3D605BBD","PRODUCTION_SYNTHESIS_SOURCE","VIVADO_DEFAULT_NON_2008_COMPATIBLE_OR_STRUCTURAL_LINE","VIVADO_DEFAULT_NON_2008_COMPATIBLE_BY_EXACT_CONTEXT_AUDIT","NO_REWRITE","    if value = x""FFFFFFFF"" then return value; end if;"
"rtl/nvp/nvp6134c_i2c_bringup.vhd","ADDED","","120","8102EEC082EE8D55261EAE5EDDDE37E872910E35EF07BFCBA666A01FDA5D0BB7","PRODUCTION_SYNTHESIS_SOURCE","VIVADO_DEFAULT_NON_2008_COMPATIBLE_OR_STRUCTURAL_LINE","VIVADO_DEFAULT_NON_2008_COMPATIBLE_BY_EXACT_CONTEXT_AUDIT","NO_REWRITE","    return value + 1;"
"rtl/nvp/nvp6134c_i2c_bringup.vhd","ADDED","","121","3BD34FDBFE615808625F71EA8D964085F56F1618E20BE0D0D60205515ED37046","PRODUCTION_SYNTHESIS_SOURCE","VIVADO_DEFAULT_NON_2008_COMPATIBLE_OR_STRUCTURAL_LINE","VIVADO_DEFAULT_NON_2008_COMPATIBLE_BY_EXACT_CONTEXT_AUDIT","NO_REWRITE","  end function;"
"rtl/nvp/nvp6134c_i2c_bringup.vhd","ADDED","","122","E3B0C44298FC1C149AFBF4C8996FB92427AE41E4649B934CA495991B7852B855","PRODUCTION_SYNTHESIS_SOURCE","COMMENT_OR_BLANK","NOT_EXECUTABLE_LANGUAGE_CONSTRUCT","NO_REWRITE",""
"rtl/nvp/nvp6134c_i2c_bringup.vhd","ADDED","","123","2F3232CC64913DCF53BB5B775366894879C289B9A5DEA7EFF662E3014B3ED2A3","PRODUCTION_SYNTHESIS_SOURCE","VIVADO_DEFAULT_NON_2008_COMPATIBLE_OR_STRUCTURAL_LINE","VIVADO_DEFAULT_NON_2008_COMPATIBLE_BY_EXACT_CONTEXT_AUDIT","NO_REWRITE","  function sat_add32(value : unsigned(31 downto 0); amount : natural)"
"rtl/nvp/nvp6134c_i2c_bringup.vhd","ADDED","","124","DBEC867D924BB6416EAF2894F59CBABA06FFC580E01FCB1A1C544453836EBC4B","PRODUCTION_SYNTHESIS_SOURCE","VIVADO_DEFAULT_NON_2008_COMPATIBLE_OR_STRUCTURAL_LINE","VIVADO_DEFAULT_NON_2008_COMPATIBLE_BY_EXACT_CONTEXT_AUDIT","NO_REWRITE","    return unsigned is"
"rtl/nvp/nvp6134c_i2c_bringup.vhd","ADDED","","125","A36B91318B24A3B39068B0404B9CB3DF9F14A4103F9B1BF8323C4EACCEBB9D84","PRODUCTION_SYNTHESIS_SOURCE","VIVADO_DEFAULT_NON_2008_COMPATIBLE_OR_STRUCTURAL_LINE","VIVADO_DEFAULT_NON_2008_COMPATIBLE_BY_EXACT_CONTEXT_AUDIT","NO_REWRITE","    variable wide : unsigned(32 downto 0);"
"rtl/nvp/nvp6134c_i2c_bringup.vhd","ADDED","","126","8EDD123376F4332998295C75BF6C00885F2B58AF5BFD8B857D6E142895E27EDA","PRODUCTION_SYNTHESIS_SOURCE","VIVADO_DEFAULT_NON_2008_COMPATIBLE_OR_STRUCTURAL_LINE","VIVADO_DEFAULT_NON_2008_COMPATIBLE_BY_EXACT_CONTEXT_AUDIT","NO_REWRITE","  begin"
"rtl/nvp/nvp6134c_i2c_bringup.vhd","ADDED","","127","B38EC8A586B8D169FC49256C6D6CD92F1FD2CA7D57F3259A3969B822ABD326C8","PRODUCTION_SYNTHESIS_SOURCE","VIVADO_DEFAULT_NON_2008_COMPATIBLE_OR_STRUCTURAL_LINE","VIVADO_DEFAULT_NON_2008_COMPATIBLE_BY_EXACT_CONTEXT_AUDIT","NO_REWRITE","    wide := ('0' & value) + to_unsigned(amount, 33);"
"rtl/nvp/nvp6134c_i2c_bringup.vhd","ADDED","","128","7411B86FCB2758B50777997335160B04E0C792B8506AE7D9F0F42EB3747F3068","PRODUCTION_SYNTHESIS_SOURCE","VIVADO_DEFAULT_NON_2008_COMPATIBLE_OR_STRUCTURAL_LINE","VIVADO_DEFAULT_NON_2008_COMPATIBLE_BY_EXACT_CONTEXT_AUDIT","NO_REWRITE","    if wide(32) = '1' then return unsigned'(x""FFFFFFFF""); end if;"
"rtl/nvp/nvp6134c_i2c_bringup.vhd","ADDED","","129","B2A907EA51A7D113CFE1795E36E619CAFF898C0D44E9D462B86E86C0C1DD422F","PRODUCTION_SYNTHESIS_SOURCE","VIVADO_DEFAULT_NON_2008_COMPATIBLE_OR_STRUCTURAL_LINE","VIVADO_DEFAULT_NON_2008_COMPATIBLE_BY_EXACT_CONTEXT_AUDIT","NO_REWRITE","    return wide(31 downto 0);"
"rtl/nvp/nvp6134c_i2c_bringup.vhd","ADDED","","130","3BD34FDBFE615808625F71EA8D964085F56F1618E20BE0D0D60205515ED37046","PRODUCTION_SYNTHESIS_SOURCE","VIVADO_DEFAULT_NON_2008_COMPATIBLE_OR_STRUCTURAL_LINE","VIVADO_DEFAULT_NON_2008_COMPATIBLE_BY_EXACT_CONTEXT_AUDIT","NO_REWRITE","  end function;"
"rtl/nvp/nvp6134c_i2c_bringup.vhd","ADDED","","131","E3B0C44298FC1C149AFBF4C8996FB92427AE41E4649B934CA495991B7852B855","PRODUCTION_SYNTHESIS_SOURCE","COMMENT_OR_BLANK","NOT_EXECUTABLE_LANGUAGE_CONSTRUCT","NO_REWRITE",""
"rtl/nvp/nvp6134c_i2c_bringup.vhd","ADDED","","132","DC2A7E4A4026AD1ACA01E7A7FED073E31E75808CACDDBF9B76B3F4932AA3E63B","PRODUCTION_SYNTHESIS_SOURCE","VIVADO_DEFAULT_NON_2008_COMPATIBLE_OR_STRUCTURAL_LINE","VIVADO_DEFAULT_NON_2008_COMPATIBLE_BY_EXACT_CONTEXT_AUDIT","NO_REWRITE","  function popcount4(value : std_logic_vector(3 downto 0)) return natural is"
"rtl/nvp/nvp6134c_i2c_bringup.vhd","ADDED","","133","A0B4A572288CA89BFF155643DACE8916E585B012FDF834D986443F0B63D26504","PRODUCTION_SYNTHESIS_SOURCE","VIVADO_DEFAULT_NON_2008_COMPATIBLE_OR_STRUCTURAL_LINE","VIVADO_DEFAULT_NON_2008_COMPATIBLE_BY_EXACT_CONTEXT_AUDIT","NO_REWRITE","    variable result : natural range 0 to 4 := 0;"
"rtl/nvp/nvp6134c_i2c_bringup.vhd","ADDED","","134","8EDD123376F4332998295C75BF6C00885F2B58AF5BFD8B857D6E142895E27EDA","PRODUCTION_SYNTHESIS_SOURCE","VIVADO_DEFAULT_NON_2008_COMPATIBLE_OR_STRUCTURAL_LINE","VIVADO_DEFAULT_NON_2008_COMPATIBLE_BY_EXACT_CONTEXT_AUDIT","NO_REWRITE","  begin"
"rtl/nvp/nvp6134c_i2c_bringup.vhd","ADDED","","135","F50BC15009BBB772A5961C4F9B63CA9119297D2CD9D867004239D212C84CCBC7","PRODUCTION_SYNTHESIS_SOURCE","VIVADO_DEFAULT_NON_2008_COMPATIBLE_OR_STRUCTURAL_LINE","VIVADO_DEFAULT_NON_2008_COMPATIBLE_BY_EXACT_CONTEXT_AUDIT","NO_REWRITE","    for i in value'range loop"
"rtl/nvp/nvp6134c_i2c_bringup.vhd","ADDED","","136","0E8B760A8CD78271B171AE1BE6E341E23B0EEEDBEE9EC0C96BBE186909631F5B","PRODUCTION_SYNTHESIS_SOURCE","VIVADO_DEFAULT_NON_2008_COMPATIBLE_OR_STRUCTURAL_LINE","VIVADO_DEFAULT_NON_2008_COMPATIBLE_BY_EXACT_CONTEXT_AUDIT","NO_REWRITE","      if value(i) = '1' then result := result + 1; end if;"
"rtl/nvp/nvp6134c_i2c_bringup.vhd","ADDED","","137","6C8E983ECBDB1F1D68C9FCC7D5C3E824C2BAE8BDF99C43521D1F65F15EADEB1B","PRODUCTION_SYNTHESIS_SOURCE","VIVADO_DEFAULT_NON_2008_COMPATIBLE_OR_STRUCTURAL_LINE","VIVADO_DEFAULT_NON_2008_COMPATIBLE_BY_EXACT_CONTEXT_AUDIT","NO_REWRITE","    end loop;"
"rtl/nvp/nvp6134c_i2c_bringup.vhd","ADDED","","138","B2EAF62621C4B4A6B3468F4CCED847362DE214088B923A7BE5A8DF6F37623227","PRODUCTION_SYNTHESIS_SOURCE","VIVADO_DEFAULT_NON_2008_COMPATIBLE_OR_STRUCTURAL_LINE","VIVADO_DEFAULT_NON_2008_COMPATIBLE_BY_EXACT_CONTEXT_AUDIT","NO_REWRITE","    return result;"
"rtl/nvp/nvp6134c_i2c_bringup.vhd","ADDED","","139","3BD34FDBFE615808625F71EA8D964085F56F1618E20BE0D0D60205515ED37046","PRODUCTION_SYNTHESIS_SOURCE","VIVADO_DEFAULT_NON_2008_COMPATIBLE_OR_STRUCTURAL_LINE","VIVADO_DEFAULT_NON_2008_COMPATIBLE_BY_EXACT_CONTEXT_AUDIT","NO_REWRITE","  end function;"
"rtl/nvp/nvp6134c_i2c_bringup.vhd","ADDED","","140","E3B0C44298FC1C149AFBF4C8996FB92427AE41E4649B934CA495991B7852B855","PRODUCTION_SYNTHESIS_SOURCE","COMMENT_OR_BLANK","NOT_EXECUTABLE_LANGUAGE_CONSTRUCT","NO_REWRITE",""
"rtl/nvp/nvp6134c_i2c_bringup.vhd","ADDED","","220","E3B0C44298FC1C149AFBF4C8996FB92427AE41E4649B934CA495991B7852B855","PRODUCTION_SYNTHESIS_SOURCE","COMMENT_OR_BLANK","NOT_EXECUTABLE_LANGUAGE_CONSTRUCT","NO_REWRITE",""
"rtl/nvp/nvp6134c_i2c_bringup.vhd","ADDED","","221","20F4038ED8FC5C783F4620024243C4DFF263E9B54E879C723D0D1062143DB318","PRODUCTION_SYNTHESIS_SOURCE","COMMENT_OR_BLANK","NOT_EXECUTABLE_LANGUAGE_CONSTRUCT","NO_REWRITE","  -- R1f passive phase counters.  Opportunity increments occur in the exact"
"rtl/nvp/nvp6134c_i2c_bringup.vhd","ADDED","","222","8786286BC1743814C8EED0B63E3D22BD97DD64C63823C1C872C13099F84D0B99","PRODUCTION_SYNTHESIS_SOURCE","COMMENT_OR_BLANK","NOT_EXECUTABLE_LANGUAGE_CONSTRUCT","NO_REWRITE","  -- inherited ACK-sampling states before the corresponding ACK decision."
"rtl/nvp/nvp6134c_i2c_bringup.vhd","ADDED","","223","8189DBC07E1385124D0DCA82F2CD81710226DA39AC9D27A221C40686C1C3993B","PRODUCTION_SYNTHESIS_SOURCE","VIVADO_DEFAULT_NON_2008_COMPATIBLE_OR_STRUCTURAL_LINE","VIVADO_DEFAULT_NON_2008_COMPATIBLE_BY_EXACT_CONTEXT_AUDIT","NO_REWRITE","  signal r1f_waddr_opp_r   : unsigned(31 downto 0) := (others => '0');"
"rtl/nvp/nvp6134c_i2c_bringup.vhd","ADDED","","224","A0F8BFDC86C8F94015F74E38ADF5BF9F8E95AE8F5A5B5F331D4C35CB013FEF3C","PRODUCTION_SYNTHESIS_SOURCE","VIVADO_DEFAULT_NON_2008_COMPATIBLE_OR_STRUCTURAL_LINE","VIVADO_DEFAULT_NON_2008_COMPATIBLE_BY_EXACT_CONTEXT_AUDIT","NO_REWRITE","  signal r1f_waddr_nack_r  : unsigned(31 downto 0) := (others => '0');"
"rtl/nvp/nvp6134c_i2c_bringup.vhd","ADDED","","225","8C34032F8F3493081D7A83C52137BA717D99106C5C114D22FD25DBA091606E14","PRODUCTION_SYNTHESIS_SOURCE","VIVADO_DEFAULT_NON_2008_COMPATIBLE_OR_STRUCTURAL_LINE","VIVADO_DEFAULT_NON_2008_COMPATIBLE_BY_EXACT_CONTEXT_AUDIT","NO_REWRITE","  signal r1f_regaddr_opp_r : unsigned(31 downto 0) := (others => '0');"
"rtl/nvp/nvp6134c_i2c_bringup.vhd","ADDED","","226","53B5F72BAD42F05C1408FDAFA8860A3C106A8DB477B285E81104AD36EEF86173","PRODUCTION_SYNTHESIS_SOURCE","VIVADO_DEFAULT_NON_2008_COMPATIBLE_OR_STRUCTURAL_LINE","VIVADO_DEFAULT_NON_2008_COMPATIBLE_BY_EXACT_CONTEXT_AUDIT","NO_REWRITE","  signal r1f_regaddr_nack_r: unsigned(31 downto 0) := (others => '0');"
"rtl/nvp/nvp6134c_i2c_bringup.vhd","ADDED","","227","0CC32DC31406BC893813145CBC501B5C59143D626A1D7DC28236DA26A267CD61","PRODUCTION_SYNTHESIS_SOURCE","VIVADO_DEFAULT_NON_2008_COMPATIBLE_OR_STRUCTURAL_LINE","VIVADO_DEFAULT_NON_2008_COMPATIBLE_BY_EXACT_CONTEXT_AUDIT","NO_REWRITE","  signal r1f_data_opp_r    : unsigned(31 downto 0) := (others => '0');"
"rtl/nvp/nvp6134c_i2c_bringup.vhd","ADDED","","228","4862A88532BA4C0AC98AE1CFB1ED4D4F913ED238D3CEA1F2566F1EEEFCBFE43C","PRODUCTION_SYNTHESIS_SOURCE","VIVADO_DEFAULT_NON_2008_COMPATIBLE_OR_STRUCTURAL_LINE","VIVADO_DEFAULT_NON_2008_COMPATIBLE_BY_EXACT_CONTEXT_AUDIT","NO_REWRITE","  signal r1f_data_nack_r   : unsigned(31 downto 0) := (others => '0');"
"rtl/nvp/nvp6134c_i2c_bringup.vhd","ADDED","","229","6D93F1B58BF3AE15D2A6B362FBB1E9C72963BF72516FE5962FD279865F35D992","PRODUCTION_SYNTHESIS_SOURCE","VIVADO_DEFAULT_NON_2008_COMPATIBLE_OR_STRUCTURAL_LINE","VIVADO_DEFAULT_NON_2008_COMPATIBLE_BY_EXACT_CONTEXT_AUDIT","NO_REWRITE","  signal r1f_raddr_opp_r   : unsigned(31 downto 0) := (others => '0');"
"rtl/nvp/nvp6134c_i2c_bringup.vhd","ADDED","","230","943010640BDF065151D1BFD316C7B90EC6D699088D922AAA120B6D95542DE948","PRODUCTION_SYNTHESIS_SOURCE","VIVADO_DEFAULT_NON_2008_COMPATIBLE_OR_STRUCTURAL_LINE","VIVADO_DEFAULT_NON_2008_COMPATIBLE_BY_EXACT_CONTEXT_AUDIT","NO_REWRITE","  signal r1f_raddr_nack_r  : unsigned(31 downto 0) := (others => '0');"
"rtl/nvp/nvp6134c_i2c_bringup.vhd","ADDED","","231","DD041038133519D6A5331853E454BC2EC3BDD0A3469012D17E053333988C21E7","PRODUCTION_SYNTHESIS_SOURCE","VIVADO_DEFAULT_NON_2008_COMPATIBLE_OR_STRUCTURAL_LINE","VIVADO_DEFAULT_NON_2008_COMPATIBLE_BY_EXACT_CONTEXT_AUDIT","NO_REWRITE","  signal r1f_txn_starts_r      : unsigned(31 downto 0) := (others => '0');"
"rtl/nvp/nvp6134c_i2c_bringup.vhd","ADDED","","232","D1B3502E9E9E8EF76E0C816967DE5F6D5C873D4FF8A9EC5D8F0EF07AC509D2FA","PRODUCTION_SYNTHESIS_SOURCE","VIVADO_DEFAULT_NON_2008_COMPATIBLE_OR_STRUCTURAL_LINE","VIVADO_DEFAULT_NON_2008_COMPATIBLE_BY_EXACT_CONTEXT_AUDIT","NO_REWRITE","  signal r1f_txn_completions_r : unsigned(31 downto 0) := (others => '0');"
"rtl/nvp/nvp6134c_i2c_bringup.vhd","ADDED","","233","0ED6F329672CF4E31A685FCF0CA927DE582EFD45AE00A648A0F6380F17C847A5","PRODUCTION_SYNTHESIS_SOURCE","VIVADO_DEFAULT_NON_2008_COMPATIBLE_OR_STRUCTURAL_LINE","VIVADO_DEFAULT_NON_2008_COMPATIBLE_BY_EXACT_CONTEXT_AUDIT","NO_REWRITE","  signal r1f_failed_txns_r     : unsigned(31 downto 0) := (others => '0');"
"rtl/nvp/nvp6134c_i2c_bringup.vhd","ADDED","","234","7CCAF88416DDAE0E47EC8F3C6F781AB3D1C63E588F169B26B9DC5410B0CC7908","PRODUCTION_SYNTHESIS_SOURCE","VIVADO_DEFAULT_NON_2008_COMPATIBLE_OR_STRUCTURAL_LINE","VIVADO_DEFAULT_NON_2008_COMPATIBLE_BY_EXACT_CONTEXT_AUDIT","NO_REWRITE","  signal r1f_timeout_txns_r    : unsigned(31 downto 0) := (others => '0');"
"rtl/nvp/nvp6134c_i2c_bringup.vhd","ADDED","","235","E3B0C44298FC1C149AFBF4C8996FB92427AE41E4649B934CA495991B7852B855","PRODUCTION_SYNTHESIS_SOURCE","COMMENT_OR_BLANK","NOT_EXECUTABLE_LANGUAGE_CONSTRUCT","NO_REWRITE",""
"rtl/nvp/nvp6134c_i2c_bringup.vhd","ADDED","","236","7FCE5A106C1B6F63B597A6A1437F1F08F1DEC2FBA02C785F9B7F7CEC136972A2","PRODUCTION_SYNTHESIS_SOURCE","COMMENT_OR_BLANK","NOT_EXECUTABLE_LANGUAGE_CONSTRUCT","NO_REWRITE","  -- Independent transaction accumulator.  Nothing below drives an inherited"
"rtl/nvp/nvp6134c_i2c_bringup.vhd","ADDED","","237","2B2F143BADD6E5654A670129D2D0343E531B3A023B19871305C22BF4ADBAA0EE","PRODUCTION_SYNTHESIS_SOURCE","COMMENT_OR_BLANK","NOT_EXECUTABLE_LANGUAGE_CONSTRUCT","NO_REWRITE","  -- state, branch, byte, timing value, or bank-cache update."
"rtl/nvp/nvp6134c_i2c_bringup.vhd","ADDED","","238","CDEF36C114799AFE828D67AE46DDE790408D0BAB8342DDE4B700F228B40684AD","PRODUCTION_SYNTHESIS_SOURCE","VIVADO_DEFAULT_NON_2008_COMPATIBLE_OR_STRUCTURAL_LINE","VIVADO_DEFAULT_NON_2008_COMPATIBLE_BY_EXACT_CONTEXT_AUDIT","NO_REWRITE","  signal r1f_tx_serial_next_r : std_logic_vector(15 downto 0) := (others => '0');"
"rtl/nvp/nvp6134c_i2c_bringup.vhd","ADDED","","239","154A15D396EA042716812F86068DEFDB852C182FEBA75A9D32C2C532DA1AB993","PRODUCTION_SYNTHESIS_SOURCE","VIVADO_DEFAULT_NON_2008_COMPATIBLE_OR_STRUCTURAL_LINE","VIVADO_DEFAULT_NON_2008_COMPATIBLE_BY_EXACT_CONTEXT_AUDIT","NO_REWRITE","  signal r1f_tx_serial_overflow_r : std_logic := '0';"
"rtl/nvp/nvp6134c_i2c_bringup.vhd","ADDED","","240","DA1BB08B47791F197E238519939C57CD4736954C7B7FFA38A8B5E40B67F0A9E7","PRODUCTION_SYNTHESIS_SOURCE","VIVADO_DEFAULT_NON_2008_COMPATIBLE_OR_STRUCTURAL_LINE","VIVADO_DEFAULT_NON_2008_COMPATIBLE_BY_EXACT_CONTEXT_AUDIT","NO_REWRITE","  signal r1f_tx_index_r       : std_logic_vector(15 downto 0) := (others => '0');"
"rtl/nvp/nvp6134c_i2c_bringup.vhd","ADDED","","241","81ADF521305274F2149C16D41D45D47DBA8273CBB32A1778570C5AED430EAA33","PRODUCTION_SYNTHESIS_SOURCE","VIVADO_DEFAULT_NON_2008_COMPATIBLE_OR_STRUCTURAL_LINE","VIVADO_DEFAULT_NON_2008_COMPATIBLE_BY_EXACT_CONTEXT_AUDIT","NO_REWRITE","  signal r1f_diag_run_clear_r : std_logic := '0';"
"rtl/nvp/nvp6134c_i2c_bringup.vhd","ADDED","","242","C7FEC2B2FF2B9B6CE10FBEE465F3F356ED74C3F9649C7A5DACF17196E162A3E3","PRODUCTION_SYNTHESIS_SOURCE","VIVADO_DEFAULT_NON_2008_COMPATIBLE_OR_STRUCTURAL_LINE","VIVADO_DEFAULT_NON_2008_COMPATIBLE_BY_EXACT_CONTEXT_AUDIT","NO_REWRITE","  signal r1f_transaction_start_r : std_logic := '0';"
"rtl/nvp/nvp6134c_i2c_bringup.vhd","ADDED","","243","5EE1CD89B05E6CBAA0EDFC440F62CB30072D0C49DCF30CBCBC04626FF99F7737","PRODUCTION_SYNTHESIS_SOURCE","VIVADO_DEFAULT_NON_2008_COMPATIBLE_OR_STRUCTURAL_LINE","VIVADO_DEFAULT_NON_2008_COMPATIBLE_BY_EXACT_CONTEXT_AUDIT","NO_REWRITE","  signal r1f_tx_slot_r        : std_logic_vector(15 downto 0) := (others => '1');"
"rtl/nvp/nvp6134c_i2c_bringup.vhd","ADDED","","244","97F68DD2FB50618A00CCE9E4E31E54505D6BF5401607AD5DE0E7F4F84AEDAD01","PRODUCTION_SYNTHESIS_SOURCE","VIVADO_DEFAULT_NON_2008_COMPATIBLE_OR_STRUCTURAL_LINE","VIVADO_DEFAULT_NON_2008_COMPATIBLE_BY_EXACT_CONTEXT_AUDIT","NO_REWRITE","  signal r1f_tx_legacy_op_r   : std_logic_vector(7 downto 0) := (others => '0');"
"rtl/nvp/nvp6134c_i2c_bringup.vhd","ADDED","","245","CC095A54DBF776ECC8C0E23A931471EA03E63E01534CF65F49F76540BA17112D","PRODUCTION_SYNTHESIS_SOURCE","VIVADO_DEFAULT_NON_2008_COMPATIBLE_OR_STRUCTURAL_LINE","VIVADO_DEFAULT_NON_2008_COMPATIBLE_BY_EXACT_CONTEXT_AUDIT","NO_REWRITE","  signal r1f_tx_phase_r       : std_logic_vector(3 downto 0) := (others => '0');"
"rtl/nvp/nvp6134c_i2c_bringup.vhd","ADDED","","246","A7470EE8934E054222EC16DCF5D79823E11A631E74B25BD4F91D9DCCBE78F42C","PRODUCTION_SYNTHESIS_SOURCE","VIVADO_DEFAULT_NON_2008_COMPATIBLE_OR_STRUCTURAL_LINE","VIVADO_DEFAULT_NON_2008_COMPATIBLE_BY_EXACT_CONTEXT_AUDIT","NO_REWRITE","  signal r1f_tx_kind_r        : std_logic_vector(3 downto 0) := (others => '0');"
"rtl/nvp/nvp6134c_i2c_bringup.vhd","ADDED","","247","FF7FC6B5DCC2B1E25DA44A32BE52DDB9FBCE0776F075CC6BD91018A213FB73EA","PRODUCTION_SYNTHESIS_SOURCE","VIVADO_DEFAULT_NON_2008_COMPATIBLE_OR_STRUCTURAL_LINE","VIVADO_DEFAULT_NON_2008_COMPATIBLE_BY_EXACT_CONTEXT_AUDIT","NO_REWRITE","  signal r1f_tx_opp_bitmap_r  : std_logic_vector(3 downto 0) := (others => '0');"
"rtl/nvp/nvp6134c_i2c_bringup.vhd","ADDED","","248","BA74C4A125877D135C8A0E7476D3531B80F67A79D4FD054F5A37BE45554DBF55","PRODUCTION_SYNTHESIS_SOURCE","VIVADO_DEFAULT_NON_2008_COMPATIBLE_OR_STRUCTURAL_LINE","VIVADO_DEFAULT_NON_2008_COMPATIBLE_BY_EXACT_CONTEXT_AUDIT","NO_REWRITE","  signal r1f_tx_nack_bitmap_r : std_logic_vector(3 downto 0) := (others => '0');"
"rtl/nvp/nvp6134c_i2c_bringup.vhd","ADDED","","249","3B2F74E022402EB8E5EB21D49689357DFED24E2CFA69E3D5979FA10724360ECF","PRODUCTION_SYNTHESIS_SOURCE","VIVADO_DEFAULT_NON_2008_COMPATIBLE_OR_STRUCTURAL_LINE","VIVADO_DEFAULT_NON_2008_COMPATIBLE_BY_EXACT_CONTEXT_AUDIT","NO_REWRITE","  signal r1f_tx_nack_count_r  : unsigned(2 downto 0) := (others => '0');"
"rtl/nvp/nvp6134c_i2c_bringup.vhd","ADDED","","250","4B123F1C4D2F97843D83F2CCC5ACCD4FF5DB28956F30630BB1A9B92F43155E47","PRODUCTION_SYNTHESIS_SOURCE","VIVADO_DEFAULT_NON_2008_COMPATIBLE_OR_STRUCTURAL_LINE","VIVADO_DEFAULT_NON_2008_COMPATIBLE_BY_EXACT_CONTEXT_AUDIT","NO_REWRITE","  signal r1f_tx_reg_r         : std_logic_vector(7 downto 0) := (others => '0');"
"rtl/nvp/nvp6134c_i2c_bringup.vhd","ADDED","","251","ED3E561A2F2CB4FF6C40ECADA5EAD8F8A147617477A963E1B1D5F03DA539E1F6","PRODUCTION_SYNTHESIS_SOURCE","VIVADO_DEFAULT_NON_2008_COMPATIBLE_OR_STRUCTURAL_LINE","VIVADO_DEFAULT_NON_2008_COMPATIBLE_BY_EXACT_CONTEXT_AUDIT","NO_REWRITE","  signal r1f_tx_wdata_r       : std_logic_vector(7 downto 0) := (others => '0');"
"rtl/nvp/nvp6134c_i2c_bringup.vhd","ADDED","","252","CA919F258F7D56D5F93D3FF1C60222DA31273375AC20C2A63683CC0FAA326648","PRODUCTION_SYNTHESIS_SOURCE","VIVADO_DEFAULT_NON_2008_COMPATIBLE_OR_STRUCTURAL_LINE","VIVADO_DEFAULT_NON_2008_COMPATIBLE_BY_EXACT_CONTEXT_AUDIT","NO_REWRITE","  signal r1f_tx_wdata_valid_r : std_logic := '0';"
"rtl/nvp/nvp6134c_i2c_bringup.vhd","ADDED","","253","2D8EAA2782FBAB1DA60FEFF0C7754484335F0DAE9B0E692A47B56F0EC6791B77","PRODUCTION_SYNTHESIS_SOURCE","VIVADO_DEFAULT_NON_2008_COMPATIBLE_OR_STRUCTURAL_LINE","VIVADO_DEFAULT_NON_2008_COMPATIBLE_BY_EXACT_CONTEXT_AUDIT","NO_REWRITE","  signal r1f_tx_requested_bank_r : std_logic_vector(7 downto 0) := (others => '0');"
"rtl/nvp/nvp6134c_i2c_bringup.vhd","ADDED","","254","6BD6F882BCA277EE0377A6C0FBF3815F2340706CA109CF899335F7479432C69E","PRODUCTION_SYNTHESIS_SOURCE","VIVADO_DEFAULT_NON_2008_COMPATIBLE_OR_STRUCTURAL_LINE","VIVADO_DEFAULT_NON_2008_COMPATIBLE_BY_EXACT_CONTEXT_AUDIT","NO_REWRITE","  signal r1f_tx_requested_bank_valid_r : std_logic := '0';"
"rtl/nvp/nvp6134c_i2c_bringup.vhd","ADDED","","255","6D5F6A9498C6D204CCBFDC3E3F8FB31ACC7D0467DCFC6E4031D754CD35655424","PRODUCTION_SYNTHESIS_SOURCE","VIVADO_DEFAULT_NON_2008_COMPATIBLE_OR_STRUCTURAL_LINE","VIVADO_DEFAULT_NON_2008_COMPATIBLE_BY_EXACT_CONTEXT_AUDIT","NO_REWRITE","  signal r1f_tx_phys_before_r : std_logic_vector(7 downto 0) := (others => '0');"
"rtl/nvp/nvp6134c_i2c_bringup.vhd","ADDED","","256","D89F4215584F750FA1758936FBE2C598BA49164DD4891087B11EBA64E18E6268","PRODUCTION_SYNTHESIS_SOURCE","VIVADO_DEFAULT_NON_2008_COMPATIBLE_OR_STRUCTURAL_LINE","VIVADO_DEFAULT_NON_2008_COMPATIBLE_BY_EXACT_CONTEXT_AUDIT","NO_REWRITE","  signal r1f_tx_phys_before_valid_r : std_logic := '0';"
"rtl/nvp/nvp6134c_i2c_bringup.vhd","ADDED","","257","6DFF8C4DF35F260119B187AFE21E7621B84AB575F640E1BC877C690276155D02","PRODUCTION_SYNTHESIS_SOURCE","VIVADO_DEFAULT_NON_2008_COMPATIBLE_OR_STRUCTURAL_LINE","VIVADO_DEFAULT_NON_2008_COMPATIBLE_BY_EXACT_CONTEXT_AUDIT","NO_REWRITE","  signal r1f_tx_selector_r : std_logic_vector(7 downto 0) := (others => '0');"
"rtl/nvp/nvp6134c_i2c_bringup.vhd","ADDED","","258","AAC10225316A5B17561DCC398D8C0F039F3DF8EE86BEC81667D25E44E1341F12","PRODUCTION_SYNTHESIS_SOURCE","VIVADO_DEFAULT_NON_2008_COMPATIBLE_OR_STRUCTURAL_LINE","VIVADO_DEFAULT_NON_2008_COMPATIBLE_BY_EXACT_CONTEXT_AUDIT","NO_REWRITE","  signal r1f_tx_selector_valid_r : std_logic := '0';"
"rtl/nvp/nvp6134c_i2c_bringup.vhd","ADDED","","259","DCA8A8DAF2DE8E0A454C2060FCCE8C4C2ABABDCB6B2EE00FFBE31269C95FE56F","PRODUCTION_SYNTHESIS_SOURCE","VIVADO_DEFAULT_NON_2008_COMPATIBLE_OR_STRUCTURAL_LINE","VIVADO_DEFAULT_NON_2008_COMPATIBLE_BY_EXACT_CONTEXT_AUDIT","NO_REWRITE","  signal r1f_tx_verify_expected_r : std_logic_vector(7 downto 0) := (others => '0');"
"rtl/nvp/nvp6134c_i2c_bringup.vhd","ADDED","","260","C50FC8FC1EBCB10F3629FD2174F1E8D795368F3A8CA7E010F81D0BD997879BAE","PRODUCTION_SYNTHESIS_SOURCE","VIVADO_DEFAULT_NON_2008_COMPATIBLE_OR_STRUCTURAL_LINE","VIVADO_DEFAULT_NON_2008_COMPATIBLE_BY_EXACT_CONTEXT_AUDIT","NO_REWRITE","  signal r1f_tx_verify_expected_valid_r : std_logic := '0';"
"rtl/nvp/nvp6134c_i2c_bringup.vhd","ADDED","","261","9021244DA95DDDE330A6F274F1B643AAE173991AC399CBC5073A2855B15D0541","PRODUCTION_SYNTHESIS_SOURCE","VIVADO_DEFAULT_NON_2008_COMPATIBLE_OR_STRUCTURAL_LINE","VIVADO_DEFAULT_NON_2008_COMPATIBLE_BY_EXACT_CONTEXT_AUDIT","NO_REWRITE","  signal r1f_tx_fsm_context_r : std_logic_vector(7 downto 0) := (others => '0');"
"rtl/nvp/nvp6134c_i2c_bringup.vhd","ADDED","","262","8597CB8C66EA84091071C60458744A6BE981ED740FBA2E961473041CF0E4693B","PRODUCTION_SYNTHESIS_SOURCE","VIVADO_DEFAULT_NON_2008_COMPATIBLE_OR_STRUCTURAL_LINE","VIVADO_DEFAULT_NON_2008_COMPATIBLE_BY_EXACT_CONTEXT_AUDIT","NO_REWRITE","  signal r1f_tx_start_sda_stuck_r : std_logic := '0';"
"rtl/nvp/nvp6134c_i2c_bringup.vhd","ADDED","","263","E3B0C44298FC1C149AFBF4C8996FB92427AE41E4649B934CA495991B7852B855","PRODUCTION_SYNTHESIS_SOURCE","COMMENT_OR_BLANK","NOT_EXECUTABLE_LANGUAGE_CONSTRUCT","NO_REWRITE",""
"rtl/nvp/nvp6134c_i2c_bringup.vhd","ADDED","","264","1D7F6084F34098BBBB129EF020A558E1B708406B91AED4B84DBD4B5B5BBDF1D9","PRODUCTION_SYNTHESIS_SOURCE","VIVADO_DEFAULT_NON_2008_COMPATIBLE_OR_STRUCTURAL_LINE","VIVADO_DEFAULT_NON_2008_COMPATIBLE_BY_EXACT_CONTEXT_AUDIT","NO_REWRITE","  signal r1f_failed_record_valid_r : std_logic := '0';"
"rtl/nvp/nvp6134c_i2c_bringup.vhd","ADDED","","265","426E3D73341587FF7153B0A3C7A2401030309B34D329A401A6D833DBB530E7FF","PRODUCTION_SYNTHESIS_SOURCE","VIVADO_DEFAULT_NON_2008_COMPATIBLE_OR_STRUCTURAL_LINE","VIVADO_DEFAULT_NON_2008_COMPATIBLE_BY_EXACT_CONTEXT_AUDIT","NO_REWRITE","  signal r1f_failed_record_r : std_logic_vector(191 downto 0) := (others => '0');"
"rtl/nvp/nvp6134c_i2c_bringup.vhd","ADDED","","266","4ACDB925574485DD6B0311A24C355C6BDB5EA44FF59A9C8581740FD763787DD9","PRODUCTION_SYNTHESIS_SOURCE","VIVADO_DEFAULT_NON_2008_COMPATIBLE_OR_STRUCTURAL_LINE","VIVADO_DEFAULT_NON_2008_COMPATIBLE_BY_EXACT_CONTEXT_AUDIT","NO_REWRITE","  signal r1f_bank_inv_check_count_r : unsigned(31 downto 0) := (others => '0');"
"rtl/nvp/nvp6134c_i2c_bringup.vhd","ADDED","","267","48AA9110928622812245C38D69190B04836C9B6BA55F0AF5D9CEB5AA83A655B7","PRODUCTION_SYNTHESIS_SOURCE","VIVADO_DEFAULT_NON_2008_COMPATIBLE_OR_STRUCTURAL_LINE","VIVADO_DEFAULT_NON_2008_COMPATIBLE_BY_EXACT_CONTEXT_AUDIT","NO_REWRITE","  signal r1f_bank_inv_error_count_r : unsigned(31 downto 0) := (others => '0');"
"rtl/nvp/nvp6134c_i2c_bringup.vhd","ADDED","","268","F7D3CB60BDF88CEF0424B45113243EF600E9EECDF9A41E6CCA0421444F6954BB","PRODUCTION_SYNTHESIS_SOURCE","VIVADO_DEFAULT_NON_2008_COMPATIBLE_OR_STRUCTURAL_LINE","VIVADO_DEFAULT_NON_2008_COMPATIBLE_BY_EXACT_CONTEXT_AUDIT","NO_REWRITE","  signal r1f_first_bank_inv_error_r : std_logic_vector(31 downto 0) := (others => '0');"
"rtl/nvp/nvp6134c_i2c_bringup.vhd","ADDED","","269","438F17805EF75D53132A6926E07090912FEFD040F274FE927C8B890E0A24145D","PRODUCTION_SYNTHESIS_SOURCE","VIVADO_DEFAULT_NON_2008_COMPATIBLE_OR_STRUCTURAL_LINE","VIVADO_DEFAULT_NON_2008_COMPATIBLE_BY_EXACT_CONTEXT_AUDIT","NO_REWRITE","  signal r1f_after_check_pending_r : std_logic := '0';"
"rtl/nvp/nvp6134c_i2c_bringup.vhd","ADDED","","270","E93AD17964E48D9B2CEAABE35FFCAF535094CB3357C870022B6B3A012B4C5B99","PRODUCTION_SYNTHESIS_SOURCE","VIVADO_DEFAULT_NON_2008_COMPATIBLE_OR_STRUCTURAL_LINE","VIVADO_DEFAULT_NON_2008_COMPATIBLE_BY_EXACT_CONTEXT_AUDIT","NO_REWRITE","  signal r1f_after_expected_bank_r : std_logic_vector(7 downto 0) := (others => '0');"
"rtl/nvp/nvp6134c_i2c_bringup.vhd","ADDED","","271","6C91F9A16DAB14CA1545D22AC8B3092FB78583EC91AA4571E08706E9EEECFEB5","PRODUCTION_SYNTHESIS_SOURCE","VIVADO_DEFAULT_NON_2008_COMPATIBLE_OR_STRUCTURAL_LINE","VIVADO_DEFAULT_NON_2008_COMPATIBLE_BY_EXACT_CONTEXT_AUDIT","NO_REWRITE","  signal r1f_after_expected_valid_r : std_logic := '0';"
"rtl/nvp/nvp6134c_i2c_bringup.vhd","ADDED","","272","1CF4C054D192EF736C1C06BCEA2E65A80FEFE5ACA15CE26D84D915A87DC04084","PRODUCTION_SYNTHESIS_SOURCE","VIVADO_DEFAULT_NON_2008_COMPATIBLE_OR_STRUCTURAL_LINE","VIVADO_DEFAULT_NON_2008_COMPATIBLE_BY_EXACT_CONTEXT_AUDIT","NO_REWRITE","  signal r1f_after_check_index_r : std_logic_vector(15 downto 0) := (others => '0');"
"rtl/nvp/nvp6134c_i2c_bringup.vhd","ADDED","","273","155ECA0DC029358F3D7E4743FF38CBB843E77834E9A81197B9881CAC22C98791","PRODUCTION_SYNTHESIS_SOURCE","VIVADO_DEFAULT_NON_2008_COMPATIBLE_OR_STRUCTURAL_LINE","VIVADO_DEFAULT_NON_2008_COMPATIBLE_BY_EXACT_CONTEXT_AUDIT","NO_REWRITE","  signal r1f_after_check_kind_r : std_logic_vector(3 downto 0) := (others => '0');"
"rtl/nvp/nvp6134c_i2c_bringup.vhd","ADDED","","274","57F0038BA74F4C91BA53281EB81CABE66AE6672FB55FBC595C59579686EEF33F","PRODUCTION_SYNTHESIS_SOURCE","VIVADO_DEFAULT_NON_2008_COMPATIBLE_OR_STRUCTURAL_LINE","VIVADO_DEFAULT_NON_2008_COMPATIBLE_BY_EXACT_CONTEXT_AUDIT","NO_REWRITE","  signal r1f_after_check_phase_r : std_logic_vector(3 downto 0) := (others => '0');"
"rtl/nvp/nvp6134c_i2c_bringup.vhd","ADDED","","299","28D9F25DB94E67F546257EAF95F12814ED319BFB1B1889B353AD38314686CDE1","PRODUCTION_SYNTHESIS_SOURCE","VIVADO_DEFAULT_NON_2008_COMPATIBLE_OR_STRUCTURAL_LINE","VIVADO_DEFAULT_NON_2008_COMPATIBLE_BY_EXACT_CONTEXT_AUDIT","NO_REWRITE","  R1F_TRANSACTION_SERIAL : entity work.r1f_transaction_serial_counter"
"rtl/nvp/nvp6134c_i2c_bringup.vhd","ADDED","","300","E2FEEBBCF272417F110C4746756FA0A195B3494F7CB22CCFB203815C71D78981","PRODUCTION_SYNTHESIS_SOURCE","VIVADO_DEFAULT_NON_2008_COMPATIBLE_OR_STRUCTURAL_LINE","VIVADO_DEFAULT_NON_2008_COMPATIBLE_BY_EXACT_CONTEXT_AUDIT","NO_REWRITE","    port map("
"rtl/nvp/nvp6134c_i2c_bringup.vhd","ADDED","","301","AF6BE7E81057D715A2D37EFC584B381D41B012BDF46AFC279E67C88E23DED5D9","PRODUCTION_SYNTHESIS_SOURCE","VIVADO_DEFAULT_NON_2008_COMPATIBLE_OR_STRUCTURAL_LINE","VIVADO_DEFAULT_NON_2008_COMPATIBLE_BY_EXACT_CONTEXT_AUDIT","NO_REWRITE","      clk => clk,"
"rtl/nvp/nvp6134c_i2c_bringup.vhd","ADDED","","302","EA93E091984480BA1C5C6757AECEBBFBB5ACB26FF4A3A714D4575E5FC7110D89","PRODUCTION_SYNTHESIS_SOURCE","VIVADO_DEFAULT_NON_2008_COMPATIBLE_OR_STRUCTURAL_LINE","VIVADO_DEFAULT_NON_2008_COMPATIBLE_BY_EXACT_CONTEXT_AUDIT","NO_REWRITE","      rst => rst,"
"rtl/nvp/nvp6134c_i2c_bringup.vhd","ADDED","","303","D64CFB635C5349140BBD2943853B28388FFE10933A55AB732569D8D1A239746D","PRODUCTION_SYNTHESIS_SOURCE","VIVADO_DEFAULT_NON_2008_COMPATIBLE_OR_STRUCTURAL_LINE","VIVADO_DEFAULT_NON_2008_COMPATIBLE_BY_EXACT_CONTEXT_AUDIT","NO_REWRITE","      clear_run => r1f_diag_run_clear_r,"
"rtl/nvp/nvp6134c_i2c_bringup.vhd","ADDED","","304","0661BAA129F546289D0EC21812F2F18BFA7AF39F79A490AA63CDA83ACE65B120","PRODUCTION_SYNTHESIS_SOURCE","VIVADO_DEFAULT_NON_2008_COMPATIBLE_OR_STRUCTURAL_LINE","VIVADO_DEFAULT_NON_2008_COMPATIBLE_BY_EXACT_CONTEXT_AUDIT","NO_REWRITE","      transaction_start => r1f_transaction_start_r,"
"rtl/nvp/nvp6134c_i2c_bringup.vhd","ADDED","","305","594F91823491ADB05F7A925936AFBEC8F988772FB448C9A581044BB19F82B3D9","PRODUCTION_SYNTHESIS_SOURCE","VIVADO_DEFAULT_NON_2008_COMPATIBLE_OR_STRUCTURAL_LINE","VIVADO_DEFAULT_NON_2008_COMPATIBLE_BY_EXACT_CONTEXT_AUDIT","NO_REWRITE","      current_index => r1f_tx_index_r,"
"rtl/nvp/nvp6134c_i2c_bringup.vhd","ADDED","","306","03D907B9CB7679FA6DB856DF14F0DD10253397481D10083A01442D52375D1819","PRODUCTION_SYNTHESIS_SOURCE","VIVADO_DEFAULT_NON_2008_COMPATIBLE_OR_STRUCTURAL_LINE","VIVADO_DEFAULT_NON_2008_COMPATIBLE_BY_EXACT_CONTEXT_AUDIT","NO_REWRITE","      next_index => r1f_tx_serial_next_r,"
"rtl/nvp/nvp6134c_i2c_bringup.vhd","ADDED","","307","E6D08142603C7DB53B649BDCAC2B962A8736EAFD94A76A38FFC869E9A37F822E","PRODUCTION_SYNTHESIS_SOURCE","VIVADO_DEFAULT_NON_2008_COMPATIBLE_OR_STRUCTURAL_LINE","VIVADO_DEFAULT_NON_2008_COMPATIBLE_BY_EXACT_CONTEXT_AUDIT","NO_REWRITE","      overflow => r1f_tx_serial_overflow_r"
"rtl/nvp/nvp6134c_i2c_bringup.vhd","ADDED","","308","67694C125CCA8CA0A62725DFEF58E8526EAB4D227697D733F055295D901FC772","PRODUCTION_SYNTHESIS_SOURCE","VIVADO_DEFAULT_NON_2008_COMPATIBLE_OR_STRUCTURAL_LINE","VIVADO_DEFAULT_NON_2008_COMPATIBLE_BY_EXACT_CONTEXT_AUDIT","NO_REWRITE","    );"
"rtl/nvp/nvp6134c_i2c_bringup.vhd","ADDED","","309","E3B0C44298FC1C149AFBF4C8996FB92427AE41E4649B934CA495991B7852B855","PRODUCTION_SYNTHESIS_SOURCE","COMMENT_OR_BLANK","NOT_EXECUTABLE_LANGUAGE_CONSTRUCT","NO_REWRITE",""
"rtl/nvp/nvp6134c_i2c_bringup.vhd","ADDED","","354","198F3CD1A3AC5C838F5E47EDC7426C35C87AE18482924646A4FA7C3AE17B2005","PRODUCTION_SYNTHESIS_SOURCE","VIVADO_DEFAULT_NON_2008_COMPATIBLE_OR_STRUCTURAL_LINE","VIVADO_DEFAULT_NON_2008_COMPATIBLE_BY_EXACT_CONTEXT_AUDIT","NO_REWRITE","  r1f_phase_counters_dbg <="
"rtl/nvp/nvp6134c_i2c_bringup.vhd","ADDED","","355","DD56137DEB9C9A13DABD29BCD0D34ABEA49A07D6A571BE040D1465D8D79FF524","PRODUCTION_SYNTHESIS_SOURCE","VIVADO_DEFAULT_NON_2008_COMPATIBLE_OR_STRUCTURAL_LINE","VIVADO_DEFAULT_NON_2008_COMPATIBLE_BY_EXACT_CONTEXT_AUDIT","NO_REWRITE","    std_logic_vector(r1f_raddr_nack_r) & std_logic_vector(r1f_raddr_opp_r) &"
"rtl/nvp/nvp6134c_i2c_bringup.vhd","ADDED","","356","446E087B00C94E9F47654A94CF633085446575CF46F9E954DC92559C1EA3D249","PRODUCTION_SYNTHESIS_SOURCE","VIVADO_DEFAULT_NON_2008_COMPATIBLE_OR_STRUCTURAL_LINE","VIVADO_DEFAULT_NON_2008_COMPATIBLE_BY_EXACT_CONTEXT_AUDIT","NO_REWRITE","    std_logic_vector(r1f_data_nack_r) & std_logic_vector(r1f_data_opp_r) &"
"rtl/nvp/nvp6134c_i2c_bringup.vhd","ADDED","","357","A58B35807E80F4B0E70C6AF978DD36AA61DA398769777418518D6A1786DACD68","PRODUCTION_SYNTHESIS_SOURCE","VIVADO_DEFAULT_NON_2008_COMPATIBLE_OR_STRUCTURAL_LINE","VIVADO_DEFAULT_NON_2008_COMPATIBLE_BY_EXACT_CONTEXT_AUDIT","NO_REWRITE","    std_logic_vector(r1f_regaddr_nack_r) & std_logic_vector(r1f_regaddr_opp_r) &"
"rtl/nvp/nvp6134c_i2c_bringup.vhd","ADDED","","358","6B1C0A061FD01A8A46EC6F4E67D4539EA3FFB9C810273EEDC762A802F4E8E4AC","PRODUCTION_SYNTHESIS_SOURCE","VIVADO_DEFAULT_NON_2008_COMPATIBLE_OR_STRUCTURAL_LINE","VIVADO_DEFAULT_NON_2008_COMPATIBLE_BY_EXACT_CONTEXT_AUDIT","NO_REWRITE","    std_logic_vector(r1f_waddr_nack_r) & std_logic_vector(r1f_waddr_opp_r);"
"rtl/nvp/nvp6134c_i2c_bringup.vhd","ADDED","","359","B340BBD2A7DE19CA2CC7C26B2DAD75B2CC70A5D3403B368254D74403F018F6FF","PRODUCTION_SYNTHESIS_SOURCE","VIVADO_DEFAULT_NON_2008_COMPATIBLE_OR_STRUCTURAL_LINE","VIVADO_DEFAULT_NON_2008_COMPATIBLE_BY_EXACT_CONTEXT_AUDIT","NO_REWRITE","  r1f_transaction_counters_dbg <="
"rtl/nvp/nvp6134c_i2c_bringup.vhd","ADDED","","360","89375238EB0D5030018299A5024399EDAF6C0226DE974EF2C1E7879C9C7691C2","PRODUCTION_SYNTHESIS_SOURCE","VIVADO_DEFAULT_NON_2008_COMPATIBLE_OR_STRUCTURAL_LINE","VIVADO_DEFAULT_NON_2008_COMPATIBLE_BY_EXACT_CONTEXT_AUDIT","NO_REWRITE","    std_logic_vector(r1f_timeout_txns_r) & std_logic_vector(r1f_failed_txns_r) &"
"rtl/nvp/nvp6134c_i2c_bringup.vhd","ADDED","","361","3DB0D3377EBC5A99A5D735ACC1E5BE0EB66D75C31C5989AA9FC5402DFBCA1D3F","PRODUCTION_SYNTHESIS_SOURCE","VIVADO_DEFAULT_NON_2008_COMPATIBLE_OR_STRUCTURAL_LINE","VIVADO_DEFAULT_NON_2008_COMPATIBLE_BY_EXACT_CONTEXT_AUDIT","NO_REWRITE","    std_logic_vector(r1f_txn_completions_r) & std_logic_vector(r1f_txn_starts_r);"
"rtl/nvp/nvp6134c_i2c_bringup.vhd","ADDED","","362","0ACE8D843CE4D1E9767E54B61997BBC676134668856A9F990FF1EA338C226A12","PRODUCTION_SYNTHESIS_SOURCE","VIVADO_DEFAULT_NON_2008_COMPATIBLE_OR_STRUCTURAL_LINE","VIVADO_DEFAULT_NON_2008_COMPATIBLE_BY_EXACT_CONTEXT_AUDIT","NO_REWRITE","  r1f_transaction_serial_next_dbg <= r1f_tx_serial_next_r;"
"rtl/nvp/nvp6134c_i2c_bringup.vhd","ADDED","","363","3376A27363DB4CC30E74FDE318616F6CAD00752646DD827CF8FCB9563048AB7C","PRODUCTION_SYNTHESIS_SOURCE","VIVADO_DEFAULT_NON_2008_COMPATIBLE_OR_STRUCTURAL_LINE","VIVADO_DEFAULT_NON_2008_COMPATIBLE_BY_EXACT_CONTEXT_AUDIT","NO_REWRITE","  r1f_transaction_serial_overflow_dbg <= r1f_tx_serial_overflow_r;"
"rtl/nvp/nvp6134c_i2c_bringup.vhd","ADDED","","364","63EFEAEC45D79442EC4BC8EB0DC8115344416CDC579A76972E1B6E74AD060C6C","PRODUCTION_SYNTHESIS_SOURCE","VIVADO_DEFAULT_NON_2008_COMPATIBLE_OR_STRUCTURAL_LINE","VIVADO_DEFAULT_NON_2008_COMPATIBLE_BY_EXACT_CONTEXT_AUDIT","NO_REWRITE","  r1f_failed_txn_record_valid_dbg <= r1f_failed_record_valid_r;"
"rtl/nvp/nvp6134c_i2c_bringup.vhd","ADDED","","365","464FEB3F1333E000B2ADB3DC096E4780DDDFBF36B4AE52788E8FE13BBD4C7341","PRODUCTION_SYNTHESIS_SOURCE","VIVADO_DEFAULT_NON_2008_COMPATIBLE_OR_STRUCTURAL_LINE","VIVADO_DEFAULT_NON_2008_COMPATIBLE_BY_EXACT_CONTEXT_AUDIT","NO_REWRITE","  r1f_failed_txn_record_dbg <= r1f_failed_record_r;"
"rtl/nvp/nvp6134c_i2c_bringup.vhd","ADDED","","366","06312B023C26117923DFA1478E474FB6BD9A01919D46584FE17F9C86EE204FFC","PRODUCTION_SYNTHESIS_SOURCE","VIVADO_DEFAULT_NON_2008_COMPATIBLE_OR_STRUCTURAL_LINE","VIVADO_DEFAULT_NON_2008_COMPATIBLE_BY_EXACT_CONTEXT_AUDIT","NO_REWRITE","  r1f_bank_invariant_check_count_dbg <= std_logic_vector(r1f_bank_inv_check_count_r);"
"rtl/nvp/nvp6134c_i2c_bringup.vhd","ADDED","","367","21183F06BF3DD6A179F862E0DCE821BEA5726456CD55DCE9BFDA96EFE6D60475","PRODUCTION_SYNTHESIS_SOURCE","VIVADO_DEFAULT_NON_2008_COMPATIBLE_OR_STRUCTURAL_LINE","VIVADO_DEFAULT_NON_2008_COMPATIBLE_BY_EXACT_CONTEXT_AUDIT","NO_REWRITE","  r1f_bank_invariant_error_count_dbg <= std_logic_vector(r1f_bank_inv_error_count_r);"
"rtl/nvp/nvp6134c_i2c_bringup.vhd","ADDED","","368","AAFEBB1FD7E8A6B630733520C51C878A2BD242B9B574C8564E4EC7DA61265BD3","PRODUCTION_SYNTHESIS_SOURCE","VIVADO_DEFAULT_NON_2008_COMPATIBLE_OR_STRUCTURAL_LINE","VIVADO_DEFAULT_NON_2008_COMPATIBLE_BY_EXACT_CONTEXT_AUDIT","NO_REWRITE","  r1f_first_bank_invariant_error_dbg <= r1f_first_bank_inv_error_r;"
"rtl/nvp/nvp6134c_i2c_bringup.vhd","ADDED","","462","20F7726092A372A312FCF42932BBCCBE6E9FF0D82E0C9614953C2B3AB514392F","PRODUCTION_SYNTHESIS_SOURCE","VIVADO_DEFAULT_NON_2008_COMPATIBLE_OR_STRUCTURAL_LINE","VIVADO_DEFAULT_NON_2008_COMPATIBLE_BY_EXACT_CONTEXT_AUDIT","NO_REWRITE","    variable record_v : std_logic_vector(191 downto 0);"
"rtl/nvp/nvp6134c_i2c_bringup.vhd","ADDED","","463","14E3BBD92F35EDE00BBBA808496F2A7AE903FDC68C6FBFD98FE4552319D759CB","PRODUCTION_SYNTHESIS_SOURCE","VIVADO_DEFAULT_NON_2008_COMPATIBLE_OR_STRUCTURAL_LINE","VIVADO_DEFAULT_NON_2008_COMPATIBLE_BY_EXACT_CONTEXT_AUDIT","NO_REWRITE","    variable phys_after_v : std_logic_vector(7 downto 0);"
"rtl/nvp/nvp6134c_i2c_bringup.vhd","ADDED","","464","C5BF8C80557DE4E6F70420550D3EA0260260CB6CE3F079BE0092D0BE4A3BFCE9","PRODUCTION_SYNTHESIS_SOURCE","VIVADO_DEFAULT_NON_2008_COMPATIBLE_OR_STRUCTURAL_LINE","VIVADO_DEFAULT_NON_2008_COMPATIBLE_BY_EXACT_CONTEXT_AUDIT","NO_REWRITE","    variable phys_after_valid_v : std_logic;"
"rtl/nvp/nvp6134c_i2c_bringup.vhd","ADDED","","465","69B2FE3E8B69AEA8BE8830EB69B9B37F16BBBF34CEE567E5E1A45ADACBA5C75E","PRODUCTION_SYNTHESIS_SOURCE","VIVADO_DEFAULT_NON_2008_COMPATIBLE_OR_STRUCTURAL_LINE","VIVADO_DEFAULT_NON_2008_COMPATIBLE_BY_EXACT_CONTEXT_AUDIT","NO_REWRITE","    variable verify_observed_valid_v : std_logic;"
"rtl/nvp/nvp6134c_i2c_bringup.vhd","ADDED","","466","D4871B0A9EDE2167991562192E9A365CB8F377C64192AEC82A435A3DA30ABD7A","PRODUCTION_SYNTHESIS_SOURCE","VIVADO_DEFAULT_NON_2008_COMPATIBLE_OR_STRUCTURAL_LINE","VIVADO_DEFAULT_NON_2008_COMPATIBLE_BY_EXACT_CONTEXT_AUDIT","NO_REWRITE","    variable read_data_valid_v : std_logic;"
"rtl/nvp/nvp6134c_i2c_bringup.vhd","ADDED","","467","A3A57782D14B6F2589E81293BC3A76AAD29B48E85EC63BB0A0D376BA7D7F78FA","PRODUCTION_SYNTHESIS_SOURCE","VIVADO_DEFAULT_NON_2008_COMPATIBLE_OR_STRUCTURAL_LINE","VIVADO_DEFAULT_NON_2008_COMPATIBLE_BY_EXACT_CONTEXT_AUDIT","NO_REWRITE","    variable verify_result_v : std_logic_vector(2 downto 0);"
"rtl/nvp/nvp6134c_i2c_bringup.vhd","ADDED","","468","EE6988C9DC0A630A053A491B4FC0CFD1D770EF1FE1142340A24EF2790BD5EEC5","PRODUCTION_SYNTHESIS_SOURCE","VIVADO_DEFAULT_NON_2008_COMPATIBLE_OR_STRUCTURAL_LINE","VIVADO_DEFAULT_NON_2008_COMPATIBLE_BY_EXACT_CONTEXT_AUDIT","NO_REWRITE","    variable bank_update_reason_v : std_logic_vector(3 downto 0);"
"rtl/nvp/nvp6134c_i2c_bringup.vhd","ADDED","","469","82E64F78F48EC88834AA3351B787AEA4C657D0447BC3228C09B0389F99BCBB59","PRODUCTION_SYNTHESIS_SOURCE","VIVADO_DEFAULT_NON_2008_COMPATIBLE_OR_STRUCTURAL_LINE","VIVADO_DEFAULT_NON_2008_COMPATIBLE_BY_EXACT_CONTEXT_AUDIT","NO_REWRITE","    variable terminal_error_v : std_logic_vector(7 downto 0);"
"rtl/nvp/nvp6134c_i2c_bringup.vhd","ADDED","","470","03399EBD20ED6DE45B547062C157B488E28432CCB626127C245474DE4688E87A","PRODUCTION_SYNTHESIS_SOURCE","VIVADO_DEFAULT_NON_2008_COMPATIBLE_OR_STRUCTURAL_LINE","VIVADO_DEFAULT_NON_2008_COMPATIBLE_BY_EXACT_CONTEXT_AUDIT","NO_REWRITE","    variable transaction_failed_v : boolean;"
"rtl/nvp/nvp6134c_i2c_bringup.vhd","ADDED","","471","FF3EBC90ECB2C3A24A5468C26ED5EC8D72CF35D219A3928661C3C60B34E52BAA","PRODUCTION_SYNTHESIS_SOURCE","VIVADO_DEFAULT_NON_2008_COMPATIBLE_OR_STRUCTURAL_LINE","VIVADO_DEFAULT_NON_2008_COMPATIBLE_BY_EXACT_CONTEXT_AUDIT","NO_REWRITE","    variable inv_checks_v : natural range 0 to 16;"
"rtl/nvp/nvp6134c_i2c_bringup.vhd","ADDED","","472","1B9E366F3EF3EFB16EAB3E4B30C4040D2EDDB510A923EC1400D7350D0CF2DE61","PRODUCTION_SYNTHESIS_SOURCE","VIVADO_DEFAULT_NON_2008_COMPATIBLE_OR_STRUCTURAL_LINE","VIVADO_DEFAULT_NON_2008_COMPATIBLE_BY_EXACT_CONTEXT_AUDIT","NO_REWRITE","    variable inv_errors_v : natural range 0 to 16;"
"rtl/nvp/nvp6134c_i2c_bringup.vhd","ADDED","","473","F25B07A6B499B098218B41DFF35BD180D0D6A51DE89F582D7444CBC2E97C5AB9","PRODUCTION_SYNTHESIS_SOURCE","VIVADO_DEFAULT_NON_2008_COMPATIBLE_OR_STRUCTURAL_LINE","VIVADO_DEFAULT_NON_2008_COMPATIBLE_BY_EXACT_CONTEXT_AUDIT","NO_REWRITE","    variable inv_first_code_v : std_logic_vector(7 downto 0);"
"rtl/nvp/nvp6134c_i2c_bringup.vhd","ADDED","","474","BECDE476D4743E2B7C9229B2A333186126EC7B8DC812A51EC3360003774E27A5","PRODUCTION_SYNTHESIS_SOURCE","VIVADO_DEFAULT_NON_2008_COMPATIBLE_OR_STRUCTURAL_LINE","VIVADO_DEFAULT_NON_2008_COMPATIBLE_BY_EXACT_CONTEXT_AUDIT","NO_REWRITE","    variable tx_kind_v : std_logic_vector(3 downto 0);"
"rtl/nvp/nvp6134c_i2c_bringup.vhd","ADDED","","475","555EB035F47CE0C546930D4AB5821C3146EC7942B1B8CF1C076BEEF6BF235D2C","PRODUCTION_SYNTHESIS_SOURCE","VIVADO_DEFAULT_NON_2008_COMPATIBLE_OR_STRUCTURAL_LINE","VIVADO_DEFAULT_NON_2008_COMPATIBLE_BY_EXACT_CONTEXT_AUDIT","NO_REWRITE","    variable tx_context_v : std_logic_vector(7 downto 0);"
"rtl/nvp/nvp6134c_i2c_bringup.vhd","ADDED","","497","56B0A70B1411DFDDA6C918EF372E8C17C2FF6E1947EE176E32628F4E41834C7B","PRODUCTION_SYNTHESIS_SOURCE","VIVADO_DEFAULT_NON_2008_COMPATIBLE_OR_STRUCTURAL_LINE","VIVADO_DEFAULT_NON_2008_COMPATIBLE_BY_EXACT_CONTEXT_AUDIT","NO_REWRITE","    procedure flag_invariant_error("
"rtl/nvp/nvp6134c_i2c_bringup.vhd","ADDED","","498","9F52297DCE524AC1338C5F7F4B23D4E23575C46526B3E007F7AB982ECBCC294A","PRODUCTION_SYNTHESIS_SOURCE","VIVADO_DEFAULT_NON_2008_COMPATIBLE_OR_STRUCTURAL_LINE","VIVADO_DEFAULT_NON_2008_COMPATIBLE_BY_EXACT_CONTEXT_AUDIT","NO_REWRITE","      constant error_code : in std_logic_vector(7 downto 0)) is"
"rtl/nvp/nvp6134c_i2c_bringup.vhd","ADDED","","499","342828C93197099832380ED3E149A4716600D238E67CF40E2936249A0F14F34C","PRODUCTION_SYNTHESIS_SOURCE","VIVADO_DEFAULT_NON_2008_COMPATIBLE_OR_STRUCTURAL_LINE","VIVADO_DEFAULT_NON_2008_COMPATIBLE_BY_EXACT_CONTEXT_AUDIT","NO_REWRITE","    begin"
"rtl/nvp/nvp6134c_i2c_bringup.vhd","ADDED","","500","EF38154158790453E77F56BD9F929F2A4606DBB1F882AD796818410FDDE7D60D","PRODUCTION_SYNTHESIS_SOURCE","VIVADO_DEFAULT_NON_2008_COMPATIBLE_OR_STRUCTURAL_LINE","VIVADO_DEFAULT_NON_2008_COMPATIBLE_BY_EXACT_CONTEXT_AUDIT","NO_REWRITE","      if inv_errors_v = 0 then"
"rtl/nvp/nvp6134c_i2c_bringup.vhd","ADDED","","501","363B4BE5E4F3D360951217B1E9C7609ABF29816AF3111B615026D2DFA0822A5C","PRODUCTION_SYNTHESIS_SOURCE","VIVADO_DEFAULT_NON_2008_COMPATIBLE_OR_STRUCTURAL_LINE","VIVADO_DEFAULT_NON_2008_COMPATIBLE_BY_EXACT_CONTEXT_AUDIT","NO_REWRITE","        inv_first_code_v := error_code;"
"rtl/nvp/nvp6134c_i2c_bringup.vhd","ADDED","","502","82665B83E7F46B52C5EBA97812E4A0A99CB979AF5A33EBD3DB623FE4BEAE4FBB","PRODUCTION_SYNTHESIS_SOURCE","VIVADO_DEFAULT_NON_2008_COMPATIBLE_OR_STRUCTURAL_LINE","VIVADO_DEFAULT_NON_2008_COMPATIBLE_BY_EXACT_CONTEXT_AUDIT","NO_REWRITE","      end if;"
"rtl/nvp/nvp6134c_i2c_bringup.vhd","ADDED","","503","CC70FF8A62A42F23214A6892E62BD6840C7C8F77AE57DB509EEF9B0D6A1C6E6A","PRODUCTION_SYNTHESIS_SOURCE","VIVADO_DEFAULT_NON_2008_COMPATIBLE_OR_STRUCTURAL_LINE","VIVADO_DEFAULT_NON_2008_COMPATIBLE_BY_EXACT_CONTEXT_AUDIT","NO_REWRITE","      inv_errors_v := inv_errors_v + 1;"
"rtl/nvp/nvp6134c_i2c_bringup.vhd","ADDED","","504","86BADEB9AFA7A0CEDB9DC58CF5BA8799E20BC4EFD83F83C9A9504A6812E3494C","PRODUCTION_SYNTHESIS_SOURCE","VIVADO_DEFAULT_NON_2008_COMPATIBLE_OR_STRUCTURAL_LINE","VIVADO_DEFAULT_NON_2008_COMPATIBLE_BY_EXACT_CONTEXT_AUDIT","NO_REWRITE","    end procedure;"
"rtl/nvp/nvp6134c_i2c_bringup.vhd","ADDED","","563","64AE59CC1021AC2BAEB1FB07A0CEF58A70D7ED8113C6510D03B45A964D35D3F3","PRODUCTION_SYNTHESIS_SOURCE","VIVADO_DEFAULT_NON_2008_COMPATIBLE_OR_STRUCTURAL_LINE","VIVADO_DEFAULT_NON_2008_COMPATIBLE_BY_EXACT_CONTEXT_AUDIT","NO_REWRITE","        r1f_waddr_opp_r <= (others => '0');"
"rtl/nvp/nvp6134c_i2c_bringup.vhd","ADDED","","564","A33C1136F284D18B7464859508B1C5E8AC91A0C8548007C0E232AD05E6A070A8","PRODUCTION_SYNTHESIS_SOURCE","VIVADO_DEFAULT_NON_2008_COMPATIBLE_OR_STRUCTURAL_LINE","VIVADO_DEFAULT_NON_2008_COMPATIBLE_BY_EXACT_CONTEXT_AUDIT","NO_REWRITE","        r1f_waddr_nack_r <= (others => '0');"
"rtl/nvp/nvp6134c_i2c_bringup.vhd","ADDED","","565","777465EFF6320C05D326EFEB8C99BC0E580523B06DF1FAA774F6CFCAA9842E70","PRODUCTION_SYNTHESIS_SOURCE","VIVADO_DEFAULT_NON_2008_COMPATIBLE_OR_STRUCTURAL_LINE","VIVADO_DEFAULT_NON_2008_COMPATIBLE_BY_EXACT_CONTEXT_AUDIT","NO_REWRITE","        r1f_regaddr_opp_r <= (others => '0');"
"rtl/nvp/nvp6134c_i2c_bringup.vhd","ADDED","","566","783B461770D889E5A193EB6347F442ADEC4E36DB2227D7C8AE6E07CABCFC30B4","PRODUCTION_SYNTHESIS_SOURCE","VIVADO_DEFAULT_NON_2008_COMPATIBLE_OR_STRUCTURAL_LINE","VIVADO_DEFAULT_NON_2008_COMPATIBLE_BY_EXACT_CONTEXT_AUDIT","NO_REWRITE","        r1f_regaddr_nack_r <= (others => '0');"
"rtl/nvp/nvp6134c_i2c_bringup.vhd","ADDED","","567","3FC58EDFD3610BB1132DF594D890A2C55456F58E22885D3EAB629FF0424B5853","PRODUCTION_SYNTHESIS_SOURCE","VIVADO_DEFAULT_NON_2008_COMPATIBLE_OR_STRUCTURAL_LINE","VIVADO_DEFAULT_NON_2008_COMPATIBLE_BY_EXACT_CONTEXT_AUDIT","NO_REWRITE","        r1f_data_opp_r <= (others => '0');"
"rtl/nvp/nvp6134c_i2c_bringup.vhd","ADDED","","568","9C32FD24BB610C9D86FFD15A14746AE193E3EA0AC42806BA97AFC8235D0CC10E","PRODUCTION_SYNTHESIS_SOURCE","VIVADO_DEFAULT_NON_2008_COMPATIBLE_OR_STRUCTURAL_LINE","VIVADO_DEFAULT_NON_2008_COMPATIBLE_BY_EXACT_CONTEXT_AUDIT","NO_REWRITE","        r1f_data_nack_r <= (others => '0');"
"rtl/nvp/nvp6134c_i2c_bringup.vhd","ADDED","","569","FEDC69135437C27493A58DC7A6DA6B5FBF409D505B397908A7B3420542C29849","PRODUCTION_SYNTHESIS_SOURCE","VIVADO_DEFAULT_NON_2008_COMPATIBLE_OR_STRUCTURAL_LINE","VIVADO_DEFAULT_NON_2008_COMPATIBLE_BY_EXACT_CONTEXT_AUDIT","NO_REWRITE","        r1f_raddr_opp_r <= (others => '0');"
"rtl/nvp/nvp6134c_i2c_bringup.vhd","ADDED","","570","F6EDDFD049136AF0D948EB3FDAF30DAD2BBEDB80FEF53AEE41900F764B90DE44","PRODUCTION_SYNTHESIS_SOURCE","VIVADO_DEFAULT_NON_2008_COMPATIBLE_OR_STRUCTURAL_LINE","VIVADO_DEFAULT_NON_2008_COMPATIBLE_BY_EXACT_CONTEXT_AUDIT","NO_REWRITE","        r1f_raddr_nack_r <= (others => '0');"
"rtl/nvp/nvp6134c_i2c_bringup.vhd","ADDED","","571","CF915A983B663EEDA5FB17FAB02E5B368083BD17DDB11C0ED812089111EC22A4","PRODUCTION_SYNTHESIS_SOURCE","VIVADO_DEFAULT_NON_2008_COMPATIBLE_OR_STRUCTURAL_LINE","VIVADO_DEFAULT_NON_2008_COMPATIBLE_BY_EXACT_CONTEXT_AUDIT","NO_REWRITE","        r1f_txn_starts_r <= (others => '0');"
"rtl/nvp/nvp6134c_i2c_bringup.vhd","ADDED","","572","2BEC6B26B32AE732255078E0F7C03904F1D8AA81E10E74FDC04CC05AEE7C65DB","PRODUCTION_SYNTHESIS_SOURCE","VIVADO_DEFAULT_NON_2008_COMPATIBLE_OR_STRUCTURAL_LINE","VIVADO_DEFAULT_NON_2008_COMPATIBLE_BY_EXACT_CONTEXT_AUDIT","NO_REWRITE","        r1f_txn_completions_r <= (others => '0');"
"rtl/nvp/nvp6134c_i2c_bringup.vhd","ADDED","","573","89AD60F5A1D7F95A954582CC4E0A255020527E93077F9EA06CDB5D33DE6D3859","PRODUCTION_SYNTHESIS_SOURCE","VIVADO_DEFAULT_NON_2008_COMPATIBLE_OR_STRUCTURAL_LINE","VIVADO_DEFAULT_NON_2008_COMPATIBLE_BY_EXACT_CONTEXT_AUDIT","NO_REWRITE","        r1f_failed_txns_r <= (others => '0');"
"rtl/nvp/nvp6134c_i2c_bringup.vhd","ADDED","","574","7ABE3337C1A51E6001ADD0B4BB4265C4FC23937F53329320A825487690BD21BC","PRODUCTION_SYNTHESIS_SOURCE","VIVADO_DEFAULT_NON_2008_COMPATIBLE_OR_STRUCTURAL_LINE","VIVADO_DEFAULT_NON_2008_COMPATIBLE_BY_EXACT_CONTEXT_AUDIT","NO_REWRITE","        r1f_timeout_txns_r <= (others => '0');"
"rtl/nvp/nvp6134c_i2c_bringup.vhd","ADDED","","575","B23AFBA922DE4605401E60FE26B5FB857881D55E3F6B72B39BBA11219CD2E85F","PRODUCTION_SYNTHESIS_SOURCE","VIVADO_DEFAULT_NON_2008_COMPATIBLE_OR_STRUCTURAL_LINE","VIVADO_DEFAULT_NON_2008_COMPATIBLE_BY_EXACT_CONTEXT_AUDIT","NO_REWRITE","        r1f_diag_run_clear_r <= '0';"
"rtl/nvp/nvp6134c_i2c_bringup.vhd","ADDED","","576","257545084C56B07A77BDCF2F91B0CA9C0560DB6FE4CE25FAB53BFB4E6F1E1F7C","PRODUCTION_SYNTHESIS_SOURCE","VIVADO_DEFAULT_NON_2008_COMPATIBLE_OR_STRUCTURAL_LINE","VIVADO_DEFAULT_NON_2008_COMPATIBLE_BY_EXACT_CONTEXT_AUDIT","NO_REWRITE","        r1f_transaction_start_r <= '0';"
"rtl/nvp/nvp6134c_i2c_bringup.vhd","ADDED","","577","DFBAB02C4B2D73AB9AF956C3F3C154E1D90F19932E55179592E88B1A3C3D540A","PRODUCTION_SYNTHESIS_SOURCE","VIVADO_DEFAULT_NON_2008_COMPATIBLE_OR_STRUCTURAL_LINE","VIVADO_DEFAULT_NON_2008_COMPATIBLE_BY_EXACT_CONTEXT_AUDIT","NO_REWRITE","        r1f_tx_slot_r <= (others => '1');"
"rtl/nvp/nvp6134c_i2c_bringup.vhd","ADDED","","578","250E2D7ABF9EB5B96AB848DE7F9CE32ABB8B6FBF3DDE3130201CA615A9112B89","PRODUCTION_SYNTHESIS_SOURCE","VIVADO_DEFAULT_NON_2008_COMPATIBLE_OR_STRUCTURAL_LINE","VIVADO_DEFAULT_NON_2008_COMPATIBLE_BY_EXACT_CONTEXT_AUDIT","NO_REWRITE","        r1f_tx_legacy_op_r <= (others => '0');"
"rtl/nvp/nvp6134c_i2c_bringup.vhd","ADDED","","579","171830F330ED95AD4BAAC47B5CCFB04C8194AA50E4E9785FD24340987A01194E","PRODUCTION_SYNTHESIS_SOURCE","VIVADO_DEFAULT_NON_2008_COMPATIBLE_OR_STRUCTURAL_LINE","VIVADO_DEFAULT_NON_2008_COMPATIBLE_BY_EXACT_CONTEXT_AUDIT","NO_REWRITE","        r1f_tx_phase_r <= (others => '0');"
"rtl/nvp/nvp6134c_i2c_bringup.vhd","ADDED","","580","7B7A887C068E8CC4F4F79432CEBF8B623F22637798EAD35EFB0767480979BFEF","PRODUCTION_SYNTHESIS_SOURCE","VIVADO_DEFAULT_NON_2008_COMPATIBLE_OR_STRUCTURAL_LINE","VIVADO_DEFAULT_NON_2008_COMPATIBLE_BY_EXACT_CONTEXT_AUDIT","NO_REWRITE","        r1f_tx_kind_r <= (others => '0');"
"rtl/nvp/nvp6134c_i2c_bringup.vhd","ADDED","","581","B4EDC1AAA89EEC7FDF45B409C518D3DC163149569F2D0A9A7008DAE524D4A0CB","PRODUCTION_SYNTHESIS_SOURCE","VIVADO_DEFAULT_NON_2008_COMPATIBLE_OR_STRUCTURAL_LINE","VIVADO_DEFAULT_NON_2008_COMPATIBLE_BY_EXACT_CONTEXT_AUDIT","NO_REWRITE","        r1f_tx_opp_bitmap_r <= (others => '0');"
"rtl/nvp/nvp6134c_i2c_bringup.vhd","ADDED","","582","506BBE5632ED023EC898A5FD996EC09AAE5EDE21F277C0D09A9A87324D09C5EE","PRODUCTION_SYNTHESIS_SOURCE","VIVADO_DEFAULT_NON_2008_COMPATIBLE_OR_STRUCTURAL_LINE","VIVADO_DEFAULT_NON_2008_COMPATIBLE_BY_EXACT_CONTEXT_AUDIT","NO_REWRITE","        r1f_tx_nack_bitmap_r <= (others => '0');"
"rtl/nvp/nvp6134c_i2c_bringup.vhd","ADDED","","583","61A90FD5B9D62FFE5320C3BE38914551B57A99F68A22769137030C87D4854761","PRODUCTION_SYNTHESIS_SOURCE","VIVADO_DEFAULT_NON_2008_COMPATIBLE_OR_STRUCTURAL_LINE","VIVADO_DEFAULT_NON_2008_COMPATIBLE_BY_EXACT_CONTEXT_AUDIT","NO_REWRITE","        r1f_tx_nack_count_r <= (others => '0');"
"rtl/nvp/nvp6134c_i2c_bringup.vhd","ADDED","","584","034D0D7ACA186A4B0B31B27F0F31936D75E84954E2A7038E8E72FDF5B8276563","PRODUCTION_SYNTHESIS_SOURCE","VIVADO_DEFAULT_NON_2008_COMPATIBLE_OR_STRUCTURAL_LINE","VIVADO_DEFAULT_NON_2008_COMPATIBLE_BY_EXACT_CONTEXT_AUDIT","NO_REWRITE","        r1f_tx_reg_r <= (others => '0');"
"rtl/nvp/nvp6134c_i2c_bringup.vhd","ADDED","","585","D57F879669406447AEB53BF0593159F52D596820691DC45BAE1D70E526EFC902","PRODUCTION_SYNTHESIS_SOURCE","VIVADO_DEFAULT_NON_2008_COMPATIBLE_OR_STRUCTURAL_LINE","VIVADO_DEFAULT_NON_2008_COMPATIBLE_BY_EXACT_CONTEXT_AUDIT","NO_REWRITE","        r1f_tx_wdata_r <= (others => '0');"
"rtl/nvp/nvp6134c_i2c_bringup.vhd","ADDED","","586","9F84FF7BB09B3867AFFC9910BB225D86D76798868C2CB2C3153BD5DF666BB7DD","PRODUCTION_SYNTHESIS_SOURCE","VIVADO_DEFAULT_NON_2008_COMPATIBLE_OR_STRUCTURAL_LINE","VIVADO_DEFAULT_NON_2008_COMPATIBLE_BY_EXACT_CONTEXT_AUDIT","NO_REWRITE","        r1f_tx_wdata_valid_r <= '0';"
"rtl/nvp/nvp6134c_i2c_bringup.vhd","ADDED","","587","7FC1C36810F04FFCE51055E5AA59F8ACD20B5881B4C7AA180AC8A7E27FDEA31C","PRODUCTION_SYNTHESIS_SOURCE","VIVADO_DEFAULT_NON_2008_COMPATIBLE_OR_STRUCTURAL_LINE","VIVADO_DEFAULT_NON_2008_COMPATIBLE_BY_EXACT_CONTEXT_AUDIT","NO_REWRITE","        r1f_tx_requested_bank_r <= (others => '0');"
"rtl/nvp/nvp6134c_i2c_bringup.vhd","ADDED","","588","699DD5B7DCF0F3DFD6B1D34C81CF7151494EF70A08C7D4137FE01A420289C77C","PRODUCTION_SYNTHESIS_SOURCE","VIVADO_DEFAULT_NON_2008_COMPATIBLE_OR_STRUCTURAL_LINE","VIVADO_DEFAULT_NON_2008_COMPATIBLE_BY_EXACT_CONTEXT_AUDIT","NO_REWRITE","        r1f_tx_requested_bank_valid_r <= '0';"
"rtl/nvp/nvp6134c_i2c_bringup.vhd","ADDED","","589","59AE60C644A10DA8AFCA93F83B7CFA487FCC00423E6DCFBA25F1206FDB721909","PRODUCTION_SYNTHESIS_SOURCE","VIVADO_DEFAULT_NON_2008_COMPATIBLE_OR_STRUCTURAL_LINE","VIVADO_DEFAULT_NON_2008_COMPATIBLE_BY_EXACT_CONTEXT_AUDIT","NO_REWRITE","        r1f_tx_phys_before_r <= (others => '0');"
"rtl/nvp/nvp6134c_i2c_bringup.vhd","ADDED","","590","8379EE2AC905BAEC59C58A0B5A8DD0EF3596E7A6B4178946DF0ECAEFBE4CD868","PRODUCTION_SYNTHESIS_SOURCE","VIVADO_DEFAULT_NON_2008_COMPATIBLE_OR_STRUCTURAL_LINE","VIVADO_DEFAULT_NON_2008_COMPATIBLE_BY_EXACT_CONTEXT_AUDIT","NO_REWRITE","        r1f_tx_phys_before_valid_r <= '0';"
"rtl/nvp/nvp6134c_i2c_bringup.vhd","ADDED","","591","8ED113C7668FD8D3B8DCB7E2EEAFEE12CD85A4BD92CE468704AB259D40AD6D8C","PRODUCTION_SYNTHESIS_SOURCE","VIVADO_DEFAULT_NON_2008_COMPATIBLE_OR_STRUCTURAL_LINE","VIVADO_DEFAULT_NON_2008_COMPATIBLE_BY_EXACT_CONTEXT_AUDIT","NO_REWRITE","        r1f_tx_selector_r <= (others => '0');"
"rtl/nvp/nvp6134c_i2c_bringup.vhd","ADDED","","592","AF6392E1064ACB0E897010B1CB44F3063D3945C7F241D2DFC45B58DBA9E2E82B","PRODUCTION_SYNTHESIS_SOURCE","VIVADO_DEFAULT_NON_2008_COMPATIBLE_OR_STRUCTURAL_LINE","VIVADO_DEFAULT_NON_2008_COMPATIBLE_BY_EXACT_CONTEXT_AUDIT","NO_REWRITE","        r1f_tx_selector_valid_r <= '0';"
"rtl/nvp/nvp6134c_i2c_bringup.vhd","ADDED","","593","5CD4B8EF23140AE265A1CA03A22B9276EFA9484C5437D4D43A940C0186DA8ABA","PRODUCTION_SYNTHESIS_SOURCE","VIVADO_DEFAULT_NON_2008_COMPATIBLE_OR_STRUCTURAL_LINE","VIVADO_DEFAULT_NON_2008_COMPATIBLE_BY_EXACT_CONTEXT_AUDIT","NO_REWRITE","        r1f_tx_verify_expected_r <= (others => '0');"
"rtl/nvp/nvp6134c_i2c_bringup.vhd","ADDED","","594","4BB00A34F2A2E6594A8C9FF4989E468E79C5E697765DF7F3D021384D0A8EC1D9","PRODUCTION_SYNTHESIS_SOURCE","VIVADO_DEFAULT_NON_2008_COMPATIBLE_OR_STRUCTURAL_LINE","VIVADO_DEFAULT_NON_2008_COMPATIBLE_BY_EXACT_CONTEXT_AUDIT","NO_REWRITE","        r1f_tx_verify_expected_valid_r <= '0';"
"rtl/nvp/nvp6134c_i2c_bringup.vhd","ADDED","","595","6B9DF818A0111F1223FF20C4A9CDB1A0647A0282621F96070C4368975E0C23C6","PRODUCTION_SYNTHESIS_SOURCE","VIVADO_DEFAULT_NON_2008_COMPATIBLE_OR_STRUCTURAL_LINE","VIVADO_DEFAULT_NON_2008_COMPATIBLE_BY_EXACT_CONTEXT_AUDIT","NO_REWRITE","        r1f_tx_fsm_context_r <= (others => '0');"
"rtl/nvp/nvp6134c_i2c_bringup.vhd","ADDED","","596","77AAB115404CB6F89C9D6590713CC07F92D09186F26B9A242AA41DC6CAE9B778","PRODUCTION_SYNTHESIS_SOURCE","VIVADO_DEFAULT_NON_2008_COMPATIBLE_OR_STRUCTURAL_LINE","VIVADO_DEFAULT_NON_2008_COMPATIBLE_BY_EXACT_CONTEXT_AUDIT","NO_REWRITE","        r1f_tx_start_sda_stuck_r <= '0';"
"rtl/nvp/nvp6134c_i2c_bringup.vhd","ADDED","","597","525AB8509B39B6FEC07CDB5542D73577BE9241041020617C48C50A40B28B0DBD","PRODUCTION_SYNTHESIS_SOURCE","VIVADO_DEFAULT_NON_2008_COMPATIBLE_OR_STRUCTURAL_LINE","VIVADO_DEFAULT_NON_2008_COMPATIBLE_BY_EXACT_CONTEXT_AUDIT","NO_REWRITE","        r1f_failed_record_valid_r <= '0';"
"rtl/nvp/nvp6134c_i2c_bringup.vhd","ADDED","","598","0D655F39A76639FC33C497180494E2B2D75971D20A51E46549E53F23E0E323D1","PRODUCTION_SYNTHESIS_SOURCE","VIVADO_DEFAULT_NON_2008_COMPATIBLE_OR_STRUCTURAL_LINE","VIVADO_DEFAULT_NON_2008_COMPATIBLE_BY_EXACT_CONTEXT_AUDIT","NO_REWRITE","        r1f_failed_record_r <= (others => '0');"
"rtl/nvp/nvp6134c_i2c_bringup.vhd","ADDED","","599","673F2D5F1E343338145D234E08504E0EE495F98D1FD5CEB7126FB04E9BD2C4FA","PRODUCTION_SYNTHESIS_SOURCE","VIVADO_DEFAULT_NON_2008_COMPATIBLE_OR_STRUCTURAL_LINE","VIVADO_DEFAULT_NON_2008_COMPATIBLE_BY_EXACT_CONTEXT_AUDIT","NO_REWRITE","        r1f_bank_inv_check_count_r <= (others => '0');"
"rtl/nvp/nvp6134c_i2c_bringup.vhd","ADDED","","600","9ECB2C6E6569AEE234E9544AF362A5BE6E76B5E5D0487D47094764EB4B09733E","PRODUCTION_SYNTHESIS_SOURCE","VIVADO_DEFAULT_NON_2008_COMPATIBLE_OR_STRUCTURAL_LINE","VIVADO_DEFAULT_NON_2008_COMPATIBLE_BY_EXACT_CONTEXT_AUDIT","NO_REWRITE","        r1f_bank_inv_error_count_r <= (others => '0');"
"rtl/nvp/nvp6134c_i2c_bringup.vhd","ADDED","","601","402572A858CC08F891B088ACA6B1997523DD4B7CF5342A891198F9029991E205","PRODUCTION_SYNTHESIS_SOURCE","VIVADO_DEFAULT_NON_2008_COMPATIBLE_OR_STRUCTURAL_LINE","VIVADO_DEFAULT_NON_2008_COMPATIBLE_BY_EXACT_CONTEXT_AUDIT","NO_REWRITE","        r1f_first_bank_inv_error_r <= (others => '0');"
"rtl/nvp/nvp6134c_i2c_bringup.vhd","ADDED","","602","F83A0F296621E304FB4D1857E50E2A4D1F9C6D4F71420205349A0BCD5E6FDF55","PRODUCTION_SYNTHESIS_SOURCE","VIVADO_DEFAULT_NON_2008_COMPATIBLE_OR_STRUCTURAL_LINE","VIVADO_DEFAULT_NON_2008_COMPATIBLE_BY_EXACT_CONTEXT_AUDIT","NO_REWRITE","        r1f_after_check_pending_r <= '0';"
"rtl/nvp/nvp6134c_i2c_bringup.vhd","ADDED","","603","0522B02581F69AE44D086A7B833EAB47E3E4E465B52C89B49E83B81A31C91DB6","PRODUCTION_SYNTHESIS_SOURCE","VIVADO_DEFAULT_NON_2008_COMPATIBLE_OR_STRUCTURAL_LINE","VIVADO_DEFAULT_NON_2008_COMPATIBLE_BY_EXACT_CONTEXT_AUDIT","NO_REWRITE","        r1f_after_expected_bank_r <= (others => '0');"
"rtl/nvp/nvp6134c_i2c_bringup.vhd","ADDED","","604","699C4F008ABCDAC43500DE07F0EC27E4665B0B414955D7D70B93796A406BC1D8","PRODUCTION_SYNTHESIS_SOURCE","VIVADO_DEFAULT_NON_2008_COMPATIBLE_OR_STRUCTURAL_LINE","VIVADO_DEFAULT_NON_2008_COMPATIBLE_BY_EXACT_CONTEXT_AUDIT","NO_REWRITE","        r1f_after_expected_valid_r <= '0';"
"rtl/nvp/nvp6134c_i2c_bringup.vhd","ADDED","","605","1BB56E0C4E8E8BD476E50EC0B28184F01D956FE90D454AFAEB4E90C0AA9A512A","PRODUCTION_SYNTHESIS_SOURCE","VIVADO_DEFAULT_NON_2008_COMPATIBLE_OR_STRUCTURAL_LINE","VIVADO_DEFAULT_NON_2008_COMPATIBLE_BY_EXACT_CONTEXT_AUDIT","NO_REWRITE","        r1f_after_check_index_r <= (others => '0');"
"rtl/nvp/nvp6134c_i2c_bringup.vhd","ADDED","","606","5630247607CB23FD319347EAC039DB3BDF7CCDF775A9DDD6827B4727C712518A","PRODUCTION_SYNTHESIS_SOURCE","VIVADO_DEFAULT_NON_2008_COMPATIBLE_OR_STRUCTURAL_LINE","VIVADO_DEFAULT_NON_2008_COMPATIBLE_BY_EXACT_CONTEXT_AUDIT","NO_REWRITE","        r1f_after_check_kind_r <= (others => '0');"
"rtl/nvp/nvp6134c_i2c_bringup.vhd","ADDED","","607","66C978989C631098D92845875D8F799144DDFF8BD54B28E65DFAC86F44902428","PRODUCTION_SYNTHESIS_SOURCE","VIVADO_DEFAULT_NON_2008_COMPATIBLE_OR_STRUCTURAL_LINE","VIVADO_DEFAULT_NON_2008_COMPATIBLE_BY_EXACT_CONTEXT_AUDIT","NO_REWRITE","        r1f_after_check_phase_r <= (others => '0');"
"rtl/nvp/nvp6134c_i2c_bringup.vhd","ADDED","","622","DCB6479AAD5872641044715890388CB0FAA3C40E28B0B460027CAF154BF3A06C","PRODUCTION_SYNTHESIS_SOURCE","COMMENT_OR_BLANK","NOT_EXECUTABLE_LANGUAGE_CONSTRUCT","NO_REWRITE","        -- One-cycle event pulse; the storage logger samples it synchronously."
"rtl/nvp/nvp6134c_i2c_bringup.vhd","ADDED","","623","525AB8509B39B6FEC07CDB5542D73577BE9241041020617C48C50A40B28B0DBD","PRODUCTION_SYNTHESIS_SOURCE","VIVADO_DEFAULT_NON_2008_COMPATIBLE_OR_STRUCTURAL_LINE","VIVADO_DEFAULT_NON_2008_COMPATIBLE_BY_EXACT_CONTEXT_AUDIT","NO_REWRITE","        r1f_failed_record_valid_r <= '0';"
"rtl/nvp/nvp6134c_i2c_bringup.vhd","ADDED","","624","B23AFBA922DE4605401E60FE26B5FB857881D55E3F6B72B39BBA11219CD2E85F","PRODUCTION_SYNTHESIS_SOURCE","VIVADO_DEFAULT_NON_2008_COMPATIBLE_OR_STRUCTURAL_LINE","VIVADO_DEFAULT_NON_2008_COMPATIBLE_BY_EXACT_CONTEXT_AUDIT","NO_REWRITE","        r1f_diag_run_clear_r <= '0';"
"rtl/nvp/nvp6134c_i2c_bringup.vhd","ADDED","","625","257545084C56B07A77BDCF2F91B0CA9C0560DB6FE4CE25FAB53BFB4E6F1E1F7C","PRODUCTION_SYNTHESIS_SOURCE","VIVADO_DEFAULT_NON_2008_COMPATIBLE_OR_STRUCTURAL_LINE","VIVADO_DEFAULT_NON_2008_COMPATIBLE_BY_EXACT_CONTEXT_AUDIT","NO_REWRITE","        r1f_transaction_start_r <= '0';"
"rtl/nvp/nvp6134c_i2c_bringup.vhd","ADDED","","626","E3B0C44298FC1C149AFBF4C8996FB92427AE41E4649B934CA495991B7852B855","PRODUCTION_SYNTHESIS_SOURCE","COMMENT_OR_BLANK","NOT_EXECUTABLE_LANGUAGE_CONSTRUCT","NO_REWRITE",""
"rtl/nvp/nvp6134c_i2c_bringup.vhd","ADDED","","627","74CA30E5ADCEFAA2A4935BEA22F4CB61400F014AA2CACA7A7077389BD32BC168","PRODUCTION_SYNTHESIS_SOURCE","COMMENT_OR_BLANK","NOT_EXECUTABLE_LANGUAGE_CONSTRUCT","NO_REWRITE","        -- Predicate 9 is deliberately checked one clock after STORE_RESULT."
"rtl/nvp/nvp6134c_i2c_bringup.vhd","ADDED","","628","EB76972598B90D5F35ABA4967B3BFE6AEB4F61423B257D6596B8293F563C76F3","PRODUCTION_SYNTHESIS_SOURCE","COMMENT_OR_BLANK","NOT_EXECUTABLE_LANGUAGE_CONSTRUCT","NO_REWRITE","        -- At that point the inherited functional cache has taken its exact"
"rtl/nvp/nvp6134c_i2c_bringup.vhd","ADDED","","629","20A335D228151E98205F0BEFB20EB5B0D9E3EC125ADF13560E276F42561A074E","PRODUCTION_SYNTHESIS_SOURCE","COMMENT_OR_BLANK","NOT_EXECUTABLE_LANGUAGE_CONSTRUCT","NO_REWRITE","        -- scheduled next value, so this is an independent comparison rather"
"rtl/nvp/nvp6134c_i2c_bringup.vhd","ADDED","","630","23808A46566F111BA4243FAB929FDE9D1BF2BF653A3CC50BC3CE8A83F7D1D421","PRODUCTION_SYNTHESIS_SOURCE","COMMENT_OR_BLANK","NOT_EXECUTABLE_LANGUAGE_CONSTRUCT","NO_REWRITE","        -- than a comparison against the observer's own local calculation."
"rtl/nvp/nvp6134c_i2c_bringup.vhd","ADDED","","631","8EE8FED131659EF628EABABCF245333CF6090E73117CA8EF7ADFC2402A0C5BD4","PRODUCTION_SYNTHESIS_SOURCE","VIVADO_DEFAULT_NON_2008_COMPATIBLE_OR_STRUCTURAL_LINE","VIVADO_DEFAULT_NON_2008_COMPATIBLE_BY_EXACT_CONTEXT_AUDIT","NO_REWRITE","        if r1f_after_check_pending_r = '1' then"
"rtl/nvp/nvp6134c_i2c_bringup.vhd","ADDED","","632","FB71EBF2A62F79CA651CDE2B7CABCD7E0282B92392D38B54C8317D78A67466DB","PRODUCTION_SYNTHESIS_SOURCE","VIVADO_DEFAULT_NON_2008_COMPATIBLE_OR_STRUCTURAL_LINE","VIVADO_DEFAULT_NON_2008_COMPATIBLE_BY_EXACT_CONTEXT_AUDIT","NO_REWRITE","          r1f_bank_inv_check_count_r <="
"rtl/nvp/nvp6134c_i2c_bringup.vhd","ADDED","","633","D99E098B3DEF066B9B8AB5CACF9D72D500432C24A5D837EF134D626F943411A4","PRODUCTION_SYNTHESIS_SOURCE","VIVADO_DEFAULT_NON_2008_COMPATIBLE_OR_STRUCTURAL_LINE","VIVADO_DEFAULT_NON_2008_COMPATIBLE_BY_EXACT_CONTEXT_AUDIT","NO_REWRITE","            sat_add32(r1f_bank_inv_check_count_r, 1);"
"rtl/nvp/nvp6134c_i2c_bringup.vhd","ADDED","","634","BD64571DEBC079F97D9FE4F740B69729DD89FA4D5F86932F5FF14F5568C4595C","PRODUCTION_SYNTHESIS_SOURCE","VIVADO_DEFAULT_NON_2008_COMPATIBLE_OR_STRUCTURAL_LINE","VIVADO_DEFAULT_NON_2008_COMPATIBLE_BY_EXACT_CONTEXT_AUDIT","NO_REWRITE","          if phys_bank_valid_r /= r1f_after_expected_valid_r or"
"rtl/nvp/nvp6134c_i2c_bringup.vhd","ADDED","","635","CB79540E06BD64E4BBEF2752C830128264544C2C39CD7F0D1ED36DE3285EFF7F","PRODUCTION_SYNTHESIS_SOURCE","VIVADO_DEFAULT_NON_2008_COMPATIBLE_OR_STRUCTURAL_LINE","VIVADO_DEFAULT_NON_2008_COMPATIBLE_BY_EXACT_CONTEXT_AUDIT","NO_REWRITE","             (r1f_after_expected_valid_r = '1' and"
"rtl/nvp/nvp6134c_i2c_bringup.vhd","ADDED","","636","346777679F4D349F4EA171BB6E2AC3AEA79468F5ACF098A474FB9C01E61AEA4B","PRODUCTION_SYNTHESIS_SOURCE","VIVADO_DEFAULT_NON_2008_COMPATIBLE_OR_STRUCTURAL_LINE","VIVADO_DEFAULT_NON_2008_COMPATIBLE_BY_EXACT_CONTEXT_AUDIT","NO_REWRITE","              phys_bank_r /= r1f_after_expected_bank_r) then"
"rtl/nvp/nvp6134c_i2c_bringup.vhd","ADDED","","637","3995DDBDC665DCE56E7005CEC24E050FD077B745F4FF6956D05920493CF389C7","PRODUCTION_SYNTHESIS_SOURCE","VIVADO_DEFAULT_NON_2008_COMPATIBLE_OR_STRUCTURAL_LINE","VIVADO_DEFAULT_NON_2008_COMPATIBLE_BY_EXACT_CONTEXT_AUDIT","NO_REWRITE","            r1f_bank_inv_error_count_r <="
"rtl/nvp/nvp6134c_i2c_bringup.vhd","ADDED","","638","4E338808197789DCB42C7F3FD2514E5FC901B0AABD676185200694D8AA30DF68","PRODUCTION_SYNTHESIS_SOURCE","VIVADO_DEFAULT_NON_2008_COMPATIBLE_OR_STRUCTURAL_LINE","VIVADO_DEFAULT_NON_2008_COMPATIBLE_BY_EXACT_CONTEXT_AUDIT","NO_REWRITE","              sat_add32(r1f_bank_inv_error_count_r, 1);"
"rtl/nvp/nvp6134c_i2c_bringup.vhd","ADDED","","639","79729D3FBDB420F2DA1551EDDACF3321154E0D04A45FA79F52DCBC7DE8B4DA8D","PRODUCTION_SYNTHESIS_SOURCE","VIVADO_DEFAULT_NON_2008_COMPATIBLE_OR_STRUCTURAL_LINE","VIVADO_DEFAULT_NON_2008_COMPATIBLE_BY_EXACT_CONTEXT_AUDIT","NO_REWRITE","            if r1f_bank_inv_error_count_r = 0 then"
"rtl/nvp/nvp6134c_i2c_bringup.vhd","ADDED","","640","57F7979FCC837072D6BF14DB07D3A5779B986EE17751FBFFF062D84ECDB01F16","PRODUCTION_SYNTHESIS_SOURCE","VIVADO_DEFAULT_NON_2008_COMPATIBLE_OR_STRUCTURAL_LINE","VIVADO_DEFAULT_NON_2008_COMPATIBLE_BY_EXACT_CONTEXT_AUDIT","NO_REWRITE","              r1f_first_bank_inv_error_r <="
"rtl/nvp/nvp6134c_i2c_bringup.vhd","ADDED","","641","C48173039E4299AA220717458E67143101ECF3F5BB6BC95825669369A751E0D2","PRODUCTION_SYNTHESIS_SOURCE","VIVADO_DEFAULT_NON_2008_COMPATIBLE_OR_STRUCTURAL_LINE","VIVADO_DEFAULT_NON_2008_COMPATIBLE_BY_EXACT_CONTEXT_AUDIT","NO_REWRITE","                '1' & ""0001001"" & r1f_after_check_index_r &"
"rtl/nvp/nvp6134c_i2c_bringup.vhd","ADDED","","642","1C53B27A461F9BDC2FE7E98DEAAD65D34E177E0266419BBF1177C3F2ECE70751","PRODUCTION_SYNTHESIS_SOURCE","VIVADO_DEFAULT_NON_2008_COMPATIBLE_OR_STRUCTURAL_LINE","VIVADO_DEFAULT_NON_2008_COMPATIBLE_BY_EXACT_CONTEXT_AUDIT","NO_REWRITE","                r1f_after_check_kind_r & r1f_after_check_phase_r;"
"rtl/nvp/nvp6134c_i2c_bringup.vhd","ADDED","","643","16B00EA1ED1DA9FFFB20897A2F00C2F7AD632CCDF624614B1C144518822F3519","PRODUCTION_SYNTHESIS_SOURCE","VIVADO_DEFAULT_NON_2008_COMPATIBLE_OR_STRUCTURAL_LINE","VIVADO_DEFAULT_NON_2008_COMPATIBLE_BY_EXACT_CONTEXT_AUDIT","NO_REWRITE","            end if;"
"rtl/nvp/nvp6134c_i2c_bringup.vhd","ADDED","","644","F8BE44E942C81D829FBEE3C839CBD32FC08669DC09ECA2992EFB9A66CF39B8DC","PRODUCTION_SYNTHESIS_SOURCE","VIVADO_DEFAULT_NON_2008_COMPATIBLE_OR_STRUCTURAL_LINE","VIVADO_DEFAULT_NON_2008_COMPATIBLE_BY_EXACT_CONTEXT_AUDIT","NO_REWRITE","          end if;"
"rtl/nvp/nvp6134c_i2c_bringup.vhd","ADDED","","645","B652DD9B72203F9D57E38C5E74E5AB8902F5358F7DBFBA9AA8A2C4BEA756751E","PRODUCTION_SYNTHESIS_SOURCE","VIVADO_DEFAULT_NON_2008_COMPATIBLE_OR_STRUCTURAL_LINE","VIVADO_DEFAULT_NON_2008_COMPATIBLE_BY_EXACT_CONTEXT_AUDIT","NO_REWRITE","          r1f_after_check_pending_r <= '0';"
"rtl/nvp/nvp6134c_i2c_bringup.vhd","ADDED","","646","D40ED8AB252A9AFB82DE92A1491CBA818C79C2F9408B03AF30C10BF3C0572C18","PRODUCTION_SYNTHESIS_SOURCE","VIVADO_DEFAULT_NON_2008_COMPATIBLE_OR_STRUCTURAL_LINE","VIVADO_DEFAULT_NON_2008_COMPATIBLE_BY_EXACT_CONTEXT_AUDIT","NO_REWRITE","        end if;"
"rtl/nvp/nvp6134c_i2c_bringup.vhd","ADDED","","695","171CDF1DD5F232804AA7C24F6EE5988F9E4FF720DD7F70127DDB382E2D7F055F","PRODUCTION_SYNTHESIS_SOURCE","VIVADO_DEFAULT_NON_2008_COMPATIBLE_OR_STRUCTURAL_LINE","VIVADO_DEFAULT_NON_2008_COMPATIBLE_BY_EXACT_CONTEXT_AUDIT","NO_REWRITE","                r1f_waddr_opp_r <= (others => '0');"
"rtl/nvp/nvp6134c_i2c_bringup.vhd","ADDED","","696","32C4FEF41A4346D97013B2F3B4E721B8310651B41BC984204C780984DBF0A7CD","PRODUCTION_SYNTHESIS_SOURCE","VIVADO_DEFAULT_NON_2008_COMPATIBLE_OR_STRUCTURAL_LINE","VIVADO_DEFAULT_NON_2008_COMPATIBLE_BY_EXACT_CONTEXT_AUDIT","NO_REWRITE","                r1f_waddr_nack_r <= (others => '0');"
"rtl/nvp/nvp6134c_i2c_bringup.vhd","ADDED","","697","42AB90D216259F4E512EC42BD1E879C2CAD940DA0AFE371897F4AA0854348648","PRODUCTION_SYNTHESIS_SOURCE","VIVADO_DEFAULT_NON_2008_COMPATIBLE_OR_STRUCTURAL_LINE","VIVADO_DEFAULT_NON_2008_COMPATIBLE_BY_EXACT_CONTEXT_AUDIT","NO_REWRITE","                r1f_regaddr_opp_r <= (others => '0');"
"rtl/nvp/nvp6134c_i2c_bringup.vhd","ADDED","","698","84FD6ACBCB524CB879AC914ADA84584910FB5E15CBF5A7643A2DC58C5CE39090","PRODUCTION_SYNTHESIS_SOURCE","VIVADO_DEFAULT_NON_2008_COMPATIBLE_OR_STRUCTURAL_LINE","VIVADO_DEFAULT_NON_2008_COMPATIBLE_BY_EXACT_CONTEXT_AUDIT","NO_REWRITE","                r1f_regaddr_nack_r <= (others => '0');"
"rtl/nvp/nvp6134c_i2c_bringup.vhd","ADDED","","699","F39B22D73A5C10829668C81944750FB4DAEF1EFB7FFF60904E1FE7F9006812ED","PRODUCTION_SYNTHESIS_SOURCE","VIVADO_DEFAULT_NON_2008_COMPATIBLE_OR_STRUCTURAL_LINE","VIVADO_DEFAULT_NON_2008_COMPATIBLE_BY_EXACT_CONTEXT_AUDIT","NO_REWRITE","                r1f_data_opp_r <= (others => '0');"
"rtl/nvp/nvp6134c_i2c_bringup.vhd","ADDED","","700","FD64DC5FF65BF2442A1805A679BB7B6041ADFAAB995B19230C7E90D868163BAA","PRODUCTION_SYNTHESIS_SOURCE","VIVADO_DEFAULT_NON_2008_COMPATIBLE_OR_STRUCTURAL_LINE","VIVADO_DEFAULT_NON_2008_COMPATIBLE_BY_EXACT_CONTEXT_AUDIT","NO_REWRITE","                r1f_data_nack_r <= (others => '0');"
"rtl/nvp/nvp6134c_i2c_bringup.vhd","ADDED","","701","30F02CCE41C11406069B11D8879D25887FB5875001F490134B4A14531BFED0C4","PRODUCTION_SYNTHESIS_SOURCE","VIVADO_DEFAULT_NON_2008_COMPATIBLE_OR_STRUCTURAL_LINE","VIVADO_DEFAULT_NON_2008_COMPATIBLE_BY_EXACT_CONTEXT_AUDIT","NO_REWRITE","                r1f_raddr_opp_r <= (others => '0');"
"rtl/nvp/nvp6134c_i2c_bringup.vhd","ADDED","","702","E5357BC666641C8C9743139BC8F266C36CF25180C846DB1DDB81B31E93CD9D75","PRODUCTION_SYNTHESIS_SOURCE","VIVADO_DEFAULT_NON_2008_COMPATIBLE_OR_STRUCTURAL_LINE","VIVADO_DEFAULT_NON_2008_COMPATIBLE_BY_EXACT_CONTEXT_AUDIT","NO_REWRITE","                r1f_raddr_nack_r <= (others => '0');"
"rtl/nvp/nvp6134c_i2c_bringup.vhd","ADDED","","703","6D59CE09A4D1E55BD09F0716613113075C2CFF158A95A76ADBCF72A5E455CFF1","PRODUCTION_SYNTHESIS_SOURCE","VIVADO_DEFAULT_NON_2008_COMPATIBLE_OR_STRUCTURAL_LINE","VIVADO_DEFAULT_NON_2008_COMPATIBLE_BY_EXACT_CONTEXT_AUDIT","NO_REWRITE","                r1f_txn_starts_r <= (others => '0');"
"rtl/nvp/nvp6134c_i2c_bringup.vhd","ADDED","","704","4770D13D851F7A51DAF573B5EED4D612F4A342F7BC7DE2D4218A736A9635B6E8","PRODUCTION_SYNTHESIS_SOURCE","VIVADO_DEFAULT_NON_2008_COMPATIBLE_OR_STRUCTURAL_LINE","VIVADO_DEFAULT_NON_2008_COMPATIBLE_BY_EXACT_CONTEXT_AUDIT","NO_REWRITE","                r1f_txn_completions_r <= (others => '0');"
"rtl/nvp/nvp6134c_i2c_bringup.vhd","ADDED","","705","F5AE37C742C7622F7C3E31095EEF6461AA07BC288781280F77DC426A7EDA5B2F","PRODUCTION_SYNTHESIS_SOURCE","VIVADO_DEFAULT_NON_2008_COMPATIBLE_OR_STRUCTURAL_LINE","VIVADO_DEFAULT_NON_2008_COMPATIBLE_BY_EXACT_CONTEXT_AUDIT","NO_REWRITE","                r1f_failed_txns_r <= (others => '0');"
"rtl/nvp/nvp6134c_i2c_bringup.vhd","ADDED","","706","BE33C84DF8B4DFAC620A3373F5AA3F984CF4407AEF52B6E342CF2C282585E3E0","PRODUCTION_SYNTHESIS_SOURCE","VIVADO_DEFAULT_NON_2008_COMPATIBLE_OR_STRUCTURAL_LINE","VIVADO_DEFAULT_NON_2008_COMPATIBLE_BY_EXACT_CONTEXT_AUDIT","NO_REWRITE","                r1f_timeout_txns_r <= (others => '0');"
"rtl/nvp/nvp6134c_i2c_bringup.vhd","ADDED","","707","30DBA655384B36E05634030BA9D98A63B7283D444E34C021074A565FD3D60440","PRODUCTION_SYNTHESIS_SOURCE","VIVADO_DEFAULT_NON_2008_COMPATIBLE_OR_STRUCTURAL_LINE","VIVADO_DEFAULT_NON_2008_COMPATIBLE_BY_EXACT_CONTEXT_AUDIT","NO_REWRITE","                r1f_diag_run_clear_r <= '1';"
"rtl/nvp/nvp6134c_i2c_bringup.vhd","ADDED","","708","DB1B5FCC47E464A97616AD635BB6AA521821203EC4486117A5868EF7C4BC75C5","PRODUCTION_SYNTHESIS_SOURCE","VIVADO_DEFAULT_NON_2008_COMPATIBLE_OR_STRUCTURAL_LINE","VIVADO_DEFAULT_NON_2008_COMPATIBLE_BY_EXACT_CONTEXT_AUDIT","NO_REWRITE","                r1f_tx_opp_bitmap_r <= (others => '0');"
"rtl/nvp/nvp6134c_i2c_bringup.vhd","ADDED","","709","E7337723CAF09B034D10CF563C3F3F7DD653F9A1A24FD246BE512CF20D93C049","PRODUCTION_SYNTHESIS_SOURCE","VIVADO_DEFAULT_NON_2008_COMPATIBLE_OR_STRUCTURAL_LINE","VIVADO_DEFAULT_NON_2008_COMPATIBLE_BY_EXACT_CONTEXT_AUDIT","NO_REWRITE","                r1f_tx_nack_bitmap_r <= (others => '0');"
"rtl/nvp/nvp6134c_i2c_bringup.vhd","ADDED","","710","4797D7B80924B28F0D69F9B963C68A0B419F4C14996F8FF6E9704A1CEBCD28A5","PRODUCTION_SYNTHESIS_SOURCE","VIVADO_DEFAULT_NON_2008_COMPATIBLE_OR_STRUCTURAL_LINE","VIVADO_DEFAULT_NON_2008_COMPATIBLE_BY_EXACT_CONTEXT_AUDIT","NO_REWRITE","                r1f_tx_nack_count_r <= (others => '0');"
"rtl/nvp/nvp6134c_i2c_bringup.vhd","ADDED","","711","DD0253C527054B268E667DB1E9F2AA8CD331138386131FA3E62A3A0230B89076","PRODUCTION_SYNTHESIS_SOURCE","VIVADO_DEFAULT_NON_2008_COMPATIBLE_OR_STRUCTURAL_LINE","VIVADO_DEFAULT_NON_2008_COMPATIBLE_BY_EXACT_CONTEXT_AUDIT","NO_REWRITE","                r1f_failed_record_r <= (others => '0');"
"rtl/nvp/nvp6134c_i2c_bringup.vhd","ADDED","","712","DF7D642F74E2A134B7D44A8B6DB5BF5A3926EF865E9B5F59EF375F88BCCFEE27","PRODUCTION_SYNTHESIS_SOURCE","VIVADO_DEFAULT_NON_2008_COMPATIBLE_OR_STRUCTURAL_LINE","VIVADO_DEFAULT_NON_2008_COMPATIBLE_BY_EXACT_CONTEXT_AUDIT","NO_REWRITE","                r1f_bank_inv_check_count_r <= (others => '0');"
"rtl/nvp/nvp6134c_i2c_bringup.vhd","ADDED","","713","E32BED97D8B5452EE136879D72AC9CD1B6673E3325E6528C05441FDED13F627A","PRODUCTION_SYNTHESIS_SOURCE","VIVADO_DEFAULT_NON_2008_COMPATIBLE_OR_STRUCTURAL_LINE","VIVADO_DEFAULT_NON_2008_COMPATIBLE_BY_EXACT_CONTEXT_AUDIT","NO_REWRITE","                r1f_bank_inv_error_count_r <= (others => '0');"
"rtl/nvp/nvp6134c_i2c_bringup.vhd","ADDED","","714","AA64A6ACEF626D606B5F870E50D27240380D62297928D3CD6AB34787823B7F10","PRODUCTION_SYNTHESIS_SOURCE","VIVADO_DEFAULT_NON_2008_COMPATIBLE_OR_STRUCTURAL_LINE","VIVADO_DEFAULT_NON_2008_COMPATIBLE_BY_EXACT_CONTEXT_AUDIT","NO_REWRITE","                r1f_first_bank_inv_error_r <= (others => '0');"
"rtl/nvp/nvp6134c_i2c_bringup.vhd","ADDED","","715","0D43839ACC3CB7D2DF1BD046C2C4BC1D85A1764A375F2D648453F986D71991F0","PRODUCTION_SYNTHESIS_SOURCE","VIVADO_DEFAULT_NON_2008_COMPATIBLE_OR_STRUCTURAL_LINE","VIVADO_DEFAULT_NON_2008_COMPATIBLE_BY_EXACT_CONTEXT_AUDIT","NO_REWRITE","                r1f_after_check_pending_r <= '0';"
"rtl/nvp/nvp6134c_i2c_bringup.vhd","ADDED","","716","BD807801815F6B783444E80DA28E97CE32394C621728CAFA60BF6E2714766FE5","PRODUCTION_SYNTHESIS_SOURCE","VIVADO_DEFAULT_NON_2008_COMPATIBLE_OR_STRUCTURAL_LINE","VIVADO_DEFAULT_NON_2008_COMPATIBLE_BY_EXACT_CONTEXT_AUDIT","NO_REWRITE","                r1f_after_expected_bank_r <= (others => '0');"
"rtl/nvp/nvp6134c_i2c_bringup.vhd","ADDED","","717","E1754CF3376DC83B6C317EE5475F3F6127E6EB45B1FA675377770EB29A7FF364","PRODUCTION_SYNTHESIS_SOURCE","VIVADO_DEFAULT_NON_2008_COMPATIBLE_OR_STRUCTURAL_LINE","VIVADO_DEFAULT_NON_2008_COMPATIBLE_BY_EXACT_CONTEXT_AUDIT","NO_REWRITE","                r1f_after_expected_valid_r <= '0';"
"rtl/nvp/nvp6134c_i2c_bringup.vhd","ADDED","","718","8C36B2A71A17113237C3BF626AA73E86F6D45BC6AF1DA9EB498E956C43A08BC0","PRODUCTION_SYNTHESIS_SOURCE","VIVADO_DEFAULT_NON_2008_COMPATIBLE_OR_STRUCTURAL_LINE","VIVADO_DEFAULT_NON_2008_COMPATIBLE_BY_EXACT_CONTEXT_AUDIT","NO_REWRITE","                r1f_after_check_index_r <= (others => '0');"
"rtl/nvp/nvp6134c_i2c_bringup.vhd","ADDED","","719","6FB28E41E8AF22D16927ECFCEAC15219B9D7E0642C3DCE68CEF9CB22487BA2E1","PRODUCTION_SYNTHESIS_SOURCE","VIVADO_DEFAULT_NON_2008_COMPATIBLE_OR_STRUCTURAL_LINE","VIVADO_DEFAULT_NON_2008_COMPATIBLE_BY_EXACT_CONTEXT_AUDIT","NO_REWRITE","                r1f_after_check_kind_r <= (others => '0');"
"rtl/nvp/nvp6134c_i2c_bringup.vhd","ADDED","","720","97AA59539617959EAF754DAB7EDE43C2DCA90BBE611E1A9D561E1CBB68D6F9AD","PRODUCTION_SYNTHESIS_SOURCE","VIVADO_DEFAULT_NON_2008_COMPATIBLE_OR_STRUCTURAL_LINE","VIVADO_DEFAULT_NON_2008_COMPATIBLE_BY_EXACT_CONTEXT_AUDIT","NO_REWRITE","                r1f_after_check_phase_r <= (others => '0');"
"rtl/nvp/nvp6134c_i2c_bringup.vhd","ADDED","","936","3A2E7CE46DA10EE572DF6868C047BFFC2BE7A6B0C01E4CBDF54ADF9AAFFAD6F7","PRODUCTION_SYNTHESIS_SOURCE","COMMENT_OR_BLANK","NOT_EXECUTABLE_LANGUAGE_CONSTRUCT","NO_REWRITE","              -- This is the inherited controller's actual START-command"
"rtl/nvp/nvp6134c_i2c_bringup.vhd","ADDED","","937","09E86332B3060054C158DDC9648B03EE6644350E40E2367D8DAF3C4C8DBB9AE4","PRODUCTION_SYNTHESIS_SOURCE","COMMENT_OR_BLANK","NOT_EXECUTABLE_LANGUAGE_CONSTRUCT","NO_REWRITE","              -- attempt.  In the normal case it performs the physical SDA"
"rtl/nvp/nvp6134c_i2c_bringup.vhd","ADDED","","938","BBA8A2A13292728896DDE08A4A89716346AD46602203826AEE5863E9BCAE55A4","PRODUCTION_SYNTHESIS_SOURCE","COMMENT_OR_BLANK","NOT_EXECUTABLE_LANGUAGE_CONSTRUCT","NO_REWRITE","              -- high-to-low edge while SCL is released.  A pre-existing"
"rtl/nvp/nvp6134c_i2c_bringup.vhd","ADDED","","939","B7A01010B3DF7A12236B4484A6DCDEFFA7276B3FF2BA453D42F3E82C54ADDE49","PRODUCTION_SYNTHESIS_SOURCE","COMMENT_OR_BLANK","NOT_EXECUTABLE_LANGUAGE_CONSTRUCT","NO_REWRITE","              -- stuck-low SDA cannot create that edge, but still consumes one"
"rtl/nvp/nvp6134c_i2c_bringup.vhd","ADDED","","940","0F3B9F9EF6F1CD7499B359A892C5157EAA15F8FA304515C8E4ACDBFD1A722B69","PRODUCTION_SYNTHESIS_SOURCE","COMMENT_OR_BLANK","NOT_EXECUTABLE_LANGUAGE_CONSTRUCT","NO_REWRITE","              -- unique attempted-transaction serial and is recorded as the"
"rtl/nvp/nvp6134c_i2c_bringup.vhd","ADDED","","941","02B6FE14DF8D7D920B413883E312BED43D8339EC464969006A1515C532E1E459","PRODUCTION_SYNTHESIS_SOURCE","COMMENT_OR_BLANK","NOT_EXECUTABLE_LANGUAGE_CONSTRUCT","NO_REWRITE","              -- distinct terminal error class 0x06.  This diagnostic wording"
"rtl/nvp/nvp6134c_i2c_bringup.vhd","ADDED","","942","715EBB334B8B67AEC4DD7CB0D42CA9A60EA427234AD94354C9E83C8DA717D5FA","PRODUCTION_SYNTHESIS_SOURCE","COMMENT_OR_BLANK","NOT_EXECUTABLE_LANGUAGE_CONSTRUCT","NO_REWRITE","              -- avoids aliasing failed START attempts without changing flow."
"rtl/nvp/nvp6134c_i2c_bringup.vhd","ADDED","","943","E04CD1EF1164EB43625F07B5EA4764B55057E428114F9A60A48477781913C0DE","PRODUCTION_SYNTHESIS_SOURCE","VIVADO_DEFAULT_NON_2008_COMPATIBLE_OR_STRUCTURAL_LINE","VIVADO_DEFAULT_NON_2008_COMPATIBLE_BY_EXACT_CONTEXT_AUDIT","NO_REWRITE","              r1f_transaction_start_r <= '1';"
"rtl/nvp/nvp6134c_i2c_bringup.vhd","ADDED","","944","29E2B3F6E753A34823658597791271D4091DCF3981BB4E47F4DE3C84C1B52C45","PRODUCTION_SYNTHESIS_SOURCE","VIVADO_DEFAULT_NON_2008_COMPATIBLE_OR_STRUCTURAL_LINE","VIVADO_DEFAULT_NON_2008_COMPATIBLE_BY_EXACT_CONTEXT_AUDIT","NO_REWRITE","              r1f_txn_starts_r <= sat_inc32(r1f_txn_starts_r);"
"rtl/nvp/nvp6134c_i2c_bringup.vhd","ADDED","","945","60970EF5AD3ACBF9CD056B1BE213AE00BA56931D9DF90E5F6D5226332458A44C","PRODUCTION_SYNTHESIS_SOURCE","VIVADO_DEFAULT_NON_2008_COMPATIBLE_OR_STRUCTURAL_LINE","VIVADO_DEFAULT_NON_2008_COMPATIBLE_BY_EXACT_CONTEXT_AUDIT","NO_REWRITE","              r1f_tx_legacy_op_r <= std_logic_vector(to_unsigned(op_idx, 8));"
"rtl/nvp/nvp6134c_i2c_bringup.vhd","ADDED","","946","F86305C27789E188BD443DAF2BB91858B1369F77DBC166AD613D57DF1D3B6631","PRODUCTION_SYNTHESIS_SOURCE","VIVADO_DEFAULT_NON_2008_COMPATIBLE_OR_STRUCTURAL_LINE","VIVADO_DEFAULT_NON_2008_COMPATIBLE_BY_EXACT_CONTEXT_AUDIT","NO_REWRITE","              r1f_tx_phase_r <= std_logic_vector(to_unsigned(t_phase'pos(phase), 4));"
"rtl/nvp/nvp6134c_i2c_bringup.vhd","ADDED","","947","583F3D5F38EEA22DD52F99F192B801111CDB43CCAD5B1422020A631253837991","PRODUCTION_SYNTHESIS_SOURCE","VIVADO_DEFAULT_NON_2008_COMPATIBLE_OR_STRUCTURAL_LINE","VIVADO_DEFAULT_NON_2008_COMPATIBLE_BY_EXACT_CONTEXT_AUDIT","NO_REWRITE","              if phase = PH_INIT then"
"rtl/nvp/nvp6134c_i2c_bringup.vhd","ADDED","","948","6F1CD8D92328C7CCDF3B7652C601ED8C1988A6E718004A10AC7859EC0D50CD2F","PRODUCTION_SYNTHESIS_SOURCE","VIVADO_DEFAULT_NON_2008_COMPATIBLE_OR_STRUCTURAL_LINE","VIVADO_DEFAULT_NON_2008_COMPATIBLE_BY_EXACT_CONTEXT_AUDIT","NO_REWRITE","                r1f_tx_slot_r <= std_logic_vector(to_unsigned(slot_idx, 16));"
"rtl/nvp/nvp6134c_i2c_bringup.vhd","ADDED","","949","0AB1776A49D0ECC85C8F7045C885062DAFF8C4E485E7FB7B67A2F8D731B5EB7C","PRODUCTION_SYNTHESIS_SOURCE","VIVADO_DEFAULT_NON_2008_COMPATIBLE_OR_STRUCTURAL_LINE","VIVADO_DEFAULT_NON_2008_COMPATIBLE_BY_EXACT_CONTEXT_AUDIT","NO_REWRITE","              else"
"rtl/nvp/nvp6134c_i2c_bringup.vhd","ADDED","","950","8DC21A3ACB1CA1C54E53040B861233483B8C73B0D0BC7FADB855219624C290D0","PRODUCTION_SYNTHESIS_SOURCE","VIVADO_DEFAULT_NON_2008_COMPATIBLE_OR_STRUCTURAL_LINE","VIVADO_DEFAULT_NON_2008_COMPATIBLE_BY_EXACT_CONTEXT_AUDIT","NO_REWRITE","                r1f_tx_slot_r <= x""FFFF"";"
"rtl/nvp/nvp6134c_i2c_bringup.vhd","ADDED","","951","8A062EA799D5B7A2938C50D924799D94BB1557C13E7179E7F092B5912F180D73","PRODUCTION_SYNTHESIS_SOURCE","VIVADO_DEFAULT_NON_2008_COMPATIBLE_OR_STRUCTURAL_LINE","VIVADO_DEFAULT_NON_2008_COMPATIBLE_BY_EXACT_CONTEXT_AUDIT","NO_REWRITE","              end if;"
"rtl/nvp/nvp6134c_i2c_bringup.vhd","ADDED","","952","E3B0C44298FC1C149AFBF4C8996FB92427AE41E4649B934CA495991B7852B855","PRODUCTION_SYNTHESIS_SOURCE","COMMENT_OR_BLANK","NOT_EXECUTABLE_LANGUAGE_CONSTRUCT","NO_REWRITE",""
"rtl/nvp/nvp6134c_i2c_bringup.vhd","ADDED","","953","5A66D34670DC2F2407A5381D1C0C32F7C5827D8AFBA87010D769570B5BBD7C13","PRODUCTION_SYNTHESIS_SOURCE","VIVADO_DEFAULT_NON_2008_COMPATIBLE_OR_STRUCTURAL_LINE","VIVADO_DEFAULT_NON_2008_COMPATIBLE_BY_EXACT_CONTEXT_AUDIT","NO_REWRITE","              tx_kind_v := x""0"";"
"rtl/nvp/nvp6134c_i2c_bringup.vhd","ADDED","","954","C5A2169BF6E35766A53D701F2470FE367E0C3242179B518313A3E33719BCAFA6","PRODUCTION_SYNTHESIS_SOURCE","VIVADO_DEFAULT_NON_2008_COMPATIBLE_OR_STRUCTURAL_LINE","VIVADO_DEFAULT_NON_2008_COMPATIBLE_BY_EXACT_CONTEXT_AUDIT","NO_REWRITE","              tx_context_v := x""00"";"
"rtl/nvp/nvp6134c_i2c_bringup.vhd","ADDED","","955","55A648A8F75B3ED3F2FF71FCA9B2586DB7A8082531A527FDA8ED2DB65AFB1CE5","PRODUCTION_SYNTHESIS_SOURCE","VIVADO_DEFAULT_NON_2008_COMPATIBLE_OR_STRUCTURAL_LINE","VIVADO_DEFAULT_NON_2008_COMPATIBLE_BY_EXACT_CONTEXT_AUDIT","NO_REWRITE","              case phase is"
"rtl/nvp/nvp6134c_i2c_bringup.vhd","ADDED","","956","7B4342D0057F1036DD32A7C9FFF76FDF4D1E987CD273C1036ACA05AF690EBCEA","PRODUCTION_SYNTHESIS_SOURCE","VIVADO_DEFAULT_NON_2008_COMPATIBLE_OR_STRUCTURAL_LINE","VIVADO_DEFAULT_NON_2008_COMPATIBLE_BY_EXACT_CONTEXT_AUDIT","NO_REWRITE","                when PH_ORIGINAL =>"
"rtl/nvp/nvp6134c_i2c_bringup.vhd","ADDED","","957","9B140E4F6894C296746BD81B507C0F8E489217C700F1B22875F42E865371E025","PRODUCTION_SYNTHESIS_SOURCE","VIVADO_DEFAULT_NON_2008_COMPATIBLE_OR_STRUCTURAL_LINE","VIVADO_DEFAULT_NON_2008_COMPATIBLE_BY_EXACT_CONTEXT_AUDIT","NO_REWRITE","                  tx_context_v := std_logic_vector(to_unsigned(t_preinit_action'pos(preinit_action), 8));"
"rtl/nvp/nvp6134c_i2c_bringup.vhd","ADDED","","958","D26AB51B240EB854D8B5134005AF48714556EAC06541670B543808A83B52C677","PRODUCTION_SYNTHESIS_SOURCE","VIVADO_DEFAULT_NON_2008_COMPATIBLE_OR_STRUCTURAL_LINE","VIVADO_DEFAULT_NON_2008_COMPATIBLE_BY_EXACT_CONTEXT_AUDIT","NO_REWRITE","                  case preinit_action is"
"rtl/nvp/nvp6134c_i2c_bringup.vhd","ADDED","","959","EC20F6DFE9D9E8EC2E09C8C449026EF8B3A6F1F3F28B9B3E59C8F28C89270738","PRODUCTION_SYNTHESIS_SOURCE","VIVADO_DEFAULT_NON_2008_COMPATIBLE_OR_STRUCTURAL_LINE","VIVADO_DEFAULT_NON_2008_COMPATIBLE_BY_EXACT_CONTEXT_AUDIT","NO_REWRITE","                    when PREINIT_READ_ORIGINAL => tx_kind_v := x""1"";"
"rtl/nvp/nvp6134c_i2c_bringup.vhd","ADDED","","960","13DB89E6D0A640F5EE4CE5CBB0524E4FC65B4E5390AE6EDDE16D21D92AAB3ABA","PRODUCTION_SYNTHESIS_SOURCE","VIVADO_DEFAULT_NON_2008_COMPATIBLE_OR_STRUCTURAL_LINE","VIVADO_DEFAULT_NON_2008_COMPATIBLE_BY_EXACT_CONTEXT_AUDIT","NO_REWRITE","                    when PREINIT_FORCE_BANK0_WRITE => tx_kind_v := x""2"";"
"rtl/nvp/nvp6134c_i2c_bringup.vhd","ADDED","","961","DFA4A424533A43FF6DBB48454023E29F523813051F6A3336C7FA2D09532B2FB8","PRODUCTION_SYNTHESIS_SOURCE","VIVADO_DEFAULT_NON_2008_COMPATIBLE_OR_STRUCTURAL_LINE","VIVADO_DEFAULT_NON_2008_COMPATIBLE_BY_EXACT_CONTEXT_AUDIT","NO_REWRITE","                    when PREINIT_FORCE_BANK0_VERIFY => tx_kind_v := x""3"";"
"rtl/nvp/nvp6134c_i2c_bringup.vhd","ADDED","","962","515AE9368A5B2AB1761CFD9D08B13CD4C6EE9ECE72458B5E332662C203FB298E","PRODUCTION_SYNTHESIS_SOURCE","VIVADO_DEFAULT_NON_2008_COMPATIBLE_OR_STRUCTURAL_LINE","VIVADO_DEFAULT_NON_2008_COMPATIBLE_BY_EXACT_CONTEXT_AUDIT","NO_REWRITE","                  end case;"
"rtl/nvp/nvp6134c_i2c_bringup.vhd","ADDED","","963","140F43A5BC2DF9EEEA745E583F8879F57E332056E535F2625E07771E45847EB7","PRODUCTION_SYNTHESIS_SOURCE","VIVADO_DEFAULT_NON_2008_COMPATIBLE_OR_STRUCTURAL_LINE","VIVADO_DEFAULT_NON_2008_COMPATIBLE_BY_EXACT_CONTEXT_AUDIT","NO_REWRITE","                when PH_INIT =>"
"rtl/nvp/nvp6134c_i2c_bringup.vhd","ADDED","","964","7A8951E6EB0E578FB78A88E68BEB97B564D46C3D8962C0D7103C19536968C74A","PRODUCTION_SYNTHESIS_SOURCE","VIVADO_DEFAULT_NON_2008_COMPATIBLE_OR_STRUCTURAL_LINE","VIVADO_DEFAULT_NON_2008_COMPATIBLE_BY_EXACT_CONTEXT_AUDIT","NO_REWRITE","                  tx_context_v := std_logic_vector(to_unsigned(slot_idx mod 256, 8));"
"rtl/nvp/nvp6134c_i2c_bringup.vhd","ADDED","","965","BEF346E172B470379833A5F17726DACBCAC69C979B982C05CDB9E21F497C6952","PRODUCTION_SYNTHESIS_SOURCE","VIVADO_DEFAULT_NON_2008_COMPATIBLE_OR_STRUCTURAL_LINE","VIVADO_DEFAULT_NON_2008_COMPATIBLE_BY_EXACT_CONTEXT_AUDIT","NO_REWRITE","                  case init_action is"
"rtl/nvp/nvp6134c_i2c_bringup.vhd","ADDED","","966","E1BB94878D4B6799868E67539A2FF59CFAD1FF1BB4BDD93EC0466687EC63C526","PRODUCTION_SYNTHESIS_SOURCE","VIVADO_DEFAULT_NON_2008_COMPATIBLE_OR_STRUCTURAL_LINE","VIVADO_DEFAULT_NON_2008_COMPATIBLE_BY_EXACT_CONTEXT_AUDIT","NO_REWRITE","                    when INIT_BANK_WRITE => tx_kind_v := x""4"";"
"rtl/nvp/nvp6134c_i2c_bringup.vhd","ADDED","","967","40F9D2681C8BFA3D5BDB6BDA5E5747606CD374D218F1FBBB651FAC6A83306843","PRODUCTION_SYNTHESIS_SOURCE","VIVADO_DEFAULT_NON_2008_COMPATIBLE_OR_STRUCTURAL_LINE","VIVADO_DEFAULT_NON_2008_COMPATIBLE_BY_EXACT_CONTEXT_AUDIT","NO_REWRITE","                    when INIT_BANK_VERIFY => tx_kind_v := x""5"";"
"rtl/nvp/nvp6134c_i2c_bringup.vhd","ADDED","","968","DEE4047F5AE8FD8F59C46D31FA1B1AD1E20FC4C0318590F3CD37E6DAA493A0CE","PRODUCTION_SYNTHESIS_SOURCE","VIVADO_DEFAULT_NON_2008_COMPATIBLE_OR_STRUCTURAL_LINE","VIVADO_DEFAULT_NON_2008_COMPATIBLE_BY_EXACT_CONTEXT_AUDIT","NO_REWRITE","                    when INIT_TARGET_WRITE => tx_kind_v := x""6"";"
"rtl/nvp/nvp6134c_i2c_bringup.vhd","ADDED","","969","6F04B07111AD8F43B230BB1E1398C6F53AD5162F163F01E1E211F03B6FD7D196","PRODUCTION_SYNTHESIS_SOURCE","VIVADO_DEFAULT_NON_2008_COMPATIBLE_OR_STRUCTURAL_LINE","VIVADO_DEFAULT_NON_2008_COMPATIBLE_BY_EXACT_CONTEXT_AUDIT","NO_REWRITE","                    when others => tx_kind_v := x""0""; -- cannot start I2C"
"rtl/nvp/nvp6134c_i2c_bringup.vhd","ADDED","","970","515AE9368A5B2AB1761CFD9D08B13CD4C6EE9ECE72458B5E332662C203FB298E","PRODUCTION_SYNTHESIS_SOURCE","VIVADO_DEFAULT_NON_2008_COMPATIBLE_OR_STRUCTURAL_LINE","VIVADO_DEFAULT_NON_2008_COMPATIBLE_BY_EXACT_CONTEXT_AUDIT","NO_REWRITE","                  end case;"
"rtl/nvp/nvp6134c_i2c_bringup.vhd","ADDED","","971","E4ED371941B918E4EC143DEAA7F11531CF6168D7DA0273211B89A60A1175A03A","PRODUCTION_SYNTHESIS_SOURCE","VIVADO_DEFAULT_NON_2008_COMPATIBLE_OR_STRUCTURAL_LINE","VIVADO_DEFAULT_NON_2008_COMPATIBLE_BY_EXACT_CONTEXT_AUDIT","NO_REWRITE","                when PH_WIN_BANK => tx_kind_v := x""7"";"
"rtl/nvp/nvp6134c_i2c_bringup.vhd","ADDED","","972","9B94FA47BAB0CFD3487F936D3C12027C9DB9335F760DB242693EE5D5E5CABAFE","PRODUCTION_SYNTHESIS_SOURCE","VIVADO_DEFAULT_NON_2008_COMPATIBLE_OR_STRUCTURAL_LINE","VIVADO_DEFAULT_NON_2008_COMPATIBLE_BY_EXACT_CONTEXT_AUDIT","NO_REWRITE","                when PH_WIN_READ =>"
"rtl/nvp/nvp6134c_i2c_bringup.vhd","ADDED","","973","BE9269E2A195D286BDA2CD3EAA6E33993B129833693E8B6EEAC9CD3AC3D41541","PRODUCTION_SYNTHESIS_SOURCE","VIVADO_DEFAULT_NON_2008_COMPATIBLE_OR_STRUCTURAL_LINE","VIVADO_DEFAULT_NON_2008_COMPATIBLE_BY_EXACT_CONTEXT_AUDIT","NO_REWRITE","                  tx_kind_v := x""8"";"
"rtl/nvp/nvp6134c_i2c_bringup.vhd","ADDED","","974","ED9A59E2EA2F786F532570ADD1FD08749E29817AE6B1A5B20FFB528927209CA8","PRODUCTION_SYNTHESIS_SOURCE","VIVADO_DEFAULT_NON_2008_COMPATIBLE_OR_STRUCTURAL_LINE","VIVADO_DEFAULT_NON_2008_COMPATIBLE_BY_EXACT_CONTEXT_AUDIT","NO_REWRITE","                  tx_context_v := std_logic_vector(to_unsigned(result_idx, 8));"
"rtl/nvp/nvp6134c_i2c_bringup.vhd","ADDED","","975","8FCFF3A5A50AD0AC5100C53ABF60261BCF88B4A3647420796B4F9D9A9D202E4F","PRODUCTION_SYNTHESIS_SOURCE","VIVADO_DEFAULT_NON_2008_COMPATIBLE_OR_STRUCTURAL_LINE","VIVADO_DEFAULT_NON_2008_COMPATIBLE_BY_EXACT_CONTEXT_AUDIT","NO_REWRITE","                when PH_OUT_BANK => tx_kind_v := x""9"";"
"rtl/nvp/nvp6134c_i2c_bringup.vhd","ADDED","","976","2486A5083874BE18BA0382426BEDB530305DB54705A06D3F424EAC3A2AF5EAD8","PRODUCTION_SYNTHESIS_SOURCE","VIVADO_DEFAULT_NON_2008_COMPATIBLE_OR_STRUCTURAL_LINE","VIVADO_DEFAULT_NON_2008_COMPATIBLE_BY_EXACT_CONTEXT_AUDIT","NO_REWRITE","                when PH_OUT_READ =>"
"rtl/nvp/nvp6134c_i2c_bringup.vhd","ADDED","","977","3B3EDEE2E750841969EC2C26F73A427BB898719E63C8A6DF29438443070C74F7","PRODUCTION_SYNTHESIS_SOURCE","VIVADO_DEFAULT_NON_2008_COMPATIBLE_OR_STRUCTURAL_LINE","VIVADO_DEFAULT_NON_2008_COMPATIBLE_BY_EXACT_CONTEXT_AUDIT","NO_REWRITE","                  tx_kind_v := x""A"";"
"rtl/nvp/nvp6134c_i2c_bringup.vhd","ADDED","","978","E56B03AE5AE416D4E8C05A79BF2FF0B967C1FF6CB0744A6EBB9D813C56E12D3C","PRODUCTION_SYNTHESIS_SOURCE","VIVADO_DEFAULT_NON_2008_COMPATIBLE_OR_STRUCTURAL_LINE","VIVADO_DEFAULT_NON_2008_COMPATIBLE_BY_EXACT_CONTEXT_AUDIT","NO_REWRITE","                  tx_context_v := std_logic_vector(to_unsigned(out_idx, 8));"
"rtl/nvp/nvp6134c_i2c_bringup.vhd","ADDED","","979","6D470FC7C48F11417C78A020A7EBA31E66B06289C9C521B3CD0BE050DBCEA681","PRODUCTION_SYNTHESIS_SOURCE","VIVADO_DEFAULT_NON_2008_COMPATIBLE_OR_STRUCTURAL_LINE","VIVADO_DEFAULT_NON_2008_COMPATIBLE_BY_EXACT_CONTEXT_AUDIT","NO_REWRITE","                when PH_AFE_BANK =>"
"rtl/nvp/nvp6134c_i2c_bringup.vhd","ADDED","","980","AC1FBBC8D8571A75E139F082290D38A5CB25F655E3EB532E69845CDE6D5AEE9C","PRODUCTION_SYNTHESIS_SOURCE","VIVADO_DEFAULT_NON_2008_COMPATIBLE_OR_STRUCTURAL_LINE","VIVADO_DEFAULT_NON_2008_COMPATIBLE_BY_EXACT_CONTEXT_AUDIT","NO_REWRITE","                  tx_kind_v := x""B"";"
"rtl/nvp/nvp6134c_i2c_bringup.vhd","ADDED","","981","65E5AA45BDEC5B8B4F286B25E03872009A7244E661F830223451EAF8F60AB4F7","PRODUCTION_SYNTHESIS_SOURCE","VIVADO_DEFAULT_NON_2008_COMPATIBLE_OR_STRUCTURAL_LINE","VIVADO_DEFAULT_NON_2008_COMPATIBLE_BY_EXACT_CONTEXT_AUDIT","NO_REWRITE","                  tx_context_v := std_logic_vector(to_unsigned(afe_idx, 8));"
"rtl/nvp/nvp6134c_i2c_bringup.vhd","ADDED","","982","9D9E376536C5EDD07CC6DF9D903B41E4E3E2A6A2830DF36832B6994415995ADB","PRODUCTION_SYNTHESIS_SOURCE","VIVADO_DEFAULT_NON_2008_COMPATIBLE_OR_STRUCTURAL_LINE","VIVADO_DEFAULT_NON_2008_COMPATIBLE_BY_EXACT_CONTEXT_AUDIT","NO_REWRITE","                when PH_AFE_READ =>"
"rtl/nvp/nvp6134c_i2c_bringup.vhd","ADDED","","983","759AEB4133F8D90100B7DA7CAAEB5198CE944ED94EACE926929233EF621D9468","PRODUCTION_SYNTHESIS_SOURCE","VIVADO_DEFAULT_NON_2008_COMPATIBLE_OR_STRUCTURAL_LINE","VIVADO_DEFAULT_NON_2008_COMPATIBLE_BY_EXACT_CONTEXT_AUDIT","NO_REWRITE","                  tx_kind_v := x""C"";"
"rtl/nvp/nvp6134c_i2c_bringup.vhd","ADDED","","984","65E5AA45BDEC5B8B4F286B25E03872009A7244E661F830223451EAF8F60AB4F7","PRODUCTION_SYNTHESIS_SOURCE","VIVADO_DEFAULT_NON_2008_COMPATIBLE_OR_STRUCTURAL_LINE","VIVADO_DEFAULT_NON_2008_COMPATIBLE_BY_EXACT_CONTEXT_AUDIT","NO_REWRITE","                  tx_context_v := std_logic_vector(to_unsigned(afe_idx, 8));"
"rtl/nvp/nvp6134c_i2c_bringup.vhd","ADDED","","985","D61F02E8C31AA29B85991AD19B9CD365D8CE7A458810F35D77CB969A3634A6D8","PRODUCTION_SYNTHESIS_SOURCE","VIVADO_DEFAULT_NON_2008_COMPATIBLE_OR_STRUCTURAL_LINE","VIVADO_DEFAULT_NON_2008_COMPATIBLE_BY_EXACT_CONTEXT_AUDIT","NO_REWRITE","                when PH_RESTORE => tx_kind_v := x""D"";"
"rtl/nvp/nvp6134c_i2c_bringup.vhd","ADDED","","986","8B264E248C39B35084B5C869AFE12C411F7FC2FC686D33C8F10806B29AA69EB6","PRODUCTION_SYNTHESIS_SOURCE","VIVADO_DEFAULT_NON_2008_COMPATIBLE_OR_STRUCTURAL_LINE","VIVADO_DEFAULT_NON_2008_COMPATIBLE_BY_EXACT_CONTEXT_AUDIT","NO_REWRITE","              end case;"
"rtl/nvp/nvp6134c_i2c_bringup.vhd","ADDED","","987","0218B36C7463638866E57EEC34C716AF4F82DD3FA79731B3D813BCE1224EBA6C","PRODUCTION_SYNTHESIS_SOURCE","VIVADO_DEFAULT_NON_2008_COMPATIBLE_OR_STRUCTURAL_LINE","VIVADO_DEFAULT_NON_2008_COMPATIBLE_BY_EXACT_CONTEXT_AUDIT","NO_REWRITE","              r1f_tx_kind_r <= tx_kind_v;"
"rtl/nvp/nvp6134c_i2c_bringup.vhd","ADDED","","988","5FB48AFD0137DCC7FFABF5D72DFEE25FBA1C9FACAB5E1DBA73585887FDDEF595","PRODUCTION_SYNTHESIS_SOURCE","VIVADO_DEFAULT_NON_2008_COMPATIBLE_OR_STRUCTURAL_LINE","VIVADO_DEFAULT_NON_2008_COMPATIBLE_BY_EXACT_CONTEXT_AUDIT","NO_REWRITE","              r1f_tx_fsm_context_r <= tx_context_v;"
"rtl/nvp/nvp6134c_i2c_bringup.vhd","ADDED","","989","547A16B4BD111D1A95F87ED7615BFFFB7BA51ED843FF75E3C94BCFBE7B2878A2","PRODUCTION_SYNTHESIS_SOURCE","VIVADO_DEFAULT_NON_2008_COMPATIBLE_OR_STRUCTURAL_LINE","VIVADO_DEFAULT_NON_2008_COMPATIBLE_BY_EXACT_CONTEXT_AUDIT","NO_REWRITE","              r1f_tx_start_sda_stuck_r <= not sda_filtered_r;"
"rtl/nvp/nvp6134c_i2c_bringup.vhd","ADDED","","990","3DE4FA916B8889EDDB9663821E48C522ED7F9848713F2C07D82851D35803AEAE","PRODUCTION_SYNTHESIS_SOURCE","VIVADO_DEFAULT_NON_2008_COMPATIBLE_OR_STRUCTURAL_LINE","VIVADO_DEFAULT_NON_2008_COMPATIBLE_BY_EXACT_CONTEXT_AUDIT","NO_REWRITE","              r1f_tx_opp_bitmap_r <= (others => '0');"
"rtl/nvp/nvp6134c_i2c_bringup.vhd","ADDED","","991","7D4516C0A69458C0311ECAA6EA0F28520C532CA970E621E07AA3C50AB041DF17","PRODUCTION_SYNTHESIS_SOURCE","VIVADO_DEFAULT_NON_2008_COMPATIBLE_OR_STRUCTURAL_LINE","VIVADO_DEFAULT_NON_2008_COMPATIBLE_BY_EXACT_CONTEXT_AUDIT","NO_REWRITE","              r1f_tx_nack_bitmap_r <= (others => '0');"
"rtl/nvp/nvp6134c_i2c_bringup.vhd","ADDED","","992","BE2EA9B3392E1613BEA76CB97A5915A9669C0A12947C522EF05270234208D75A","PRODUCTION_SYNTHESIS_SOURCE","VIVADO_DEFAULT_NON_2008_COMPATIBLE_OR_STRUCTURAL_LINE","VIVADO_DEFAULT_NON_2008_COMPATIBLE_BY_EXACT_CONTEXT_AUDIT","NO_REWRITE","              r1f_tx_nack_count_r <= (others => '0');"
"rtl/nvp/nvp6134c_i2c_bringup.vhd","ADDED","","993","A77D1E4FB35DA6A7C6118EA82264F7D233B8C3D5180D883294A22F635CE6B9DE","PRODUCTION_SYNTHESIS_SOURCE","VIVADO_DEFAULT_NON_2008_COMPATIBLE_OR_STRUCTURAL_LINE","VIVADO_DEFAULT_NON_2008_COMPATIBLE_BY_EXACT_CONTEXT_AUDIT","NO_REWRITE","              r1f_tx_reg_r <= reg_addr;"
"rtl/nvp/nvp6134c_i2c_bringup.vhd","ADDED","","994","D2D25735E4B01F38CE838F1A3FB2E230DE7DCF207E29F0FB44816143829D15C3","PRODUCTION_SYNTHESIS_SOURCE","SEQUENTIAL_CONDITIONAL_SIGNAL_ASSIGNMENT","VHDL2008_ONLY_PRODUCTION_BLOCKER","REWRITE_REQUIRED_EXACT_IF_ELSE","              r1f_tx_wdata_r <= write_data when is_read_op = '0' else x""00"";"
"rtl/nvp/nvp6134c_i2c_bringup.vhd","ADDED","","995","053EF839F8666C6BCE66BC8122443D6380DDDA97D7AB479C83AB5FB28B629BBC","PRODUCTION_SYNTHESIS_SOURCE","VIVADO_DEFAULT_NON_2008_COMPATIBLE_OR_STRUCTURAL_LINE","VIVADO_DEFAULT_NON_2008_COMPATIBLE_BY_EXACT_CONTEXT_AUDIT","NO_REWRITE","              r1f_tx_wdata_valid_r <= not is_read_op;"
"rtl/nvp/nvp6134c_i2c_bringup.vhd","ADDED","","996","DBF4943A13F6CF5E3DB03EFBAD28FD691425399420F65F235D604A155BC3AC71","PRODUCTION_SYNTHESIS_SOURCE","VIVADO_DEFAULT_NON_2008_COMPATIBLE_OR_STRUCTURAL_LINE","VIVADO_DEFAULT_NON_2008_COMPATIBLE_BY_EXACT_CONTEXT_AUDIT","NO_REWRITE","              if tx_kind_v = x""0"" or tx_kind_v = x""1"" then"
"rtl/nvp/nvp6134c_i2c_bringup.vhd","ADDED","","997","C42BC9172A6D203484857A059EC22755467EB99CE09A112998E53694BC247945","PRODUCTION_SYNTHESIS_SOURCE","COMMENT_OR_BLANK","NOT_EXECUTABLE_LANGUAGE_CONSTRUCT","NO_REWRITE","                -- ORIGINAL_BANK_READ discovers rather than requests a bank."
"rtl/nvp/nvp6134c_i2c_bringup.vhd","ADDED","","998","98227E60649532914BBC39F89F5EFEE6A1F0162EBCAC416E0150B08AE78FEC13","PRODUCTION_SYNTHESIS_SOURCE","VIVADO_DEFAULT_NON_2008_COMPATIBLE_OR_STRUCTURAL_LINE","VIVADO_DEFAULT_NON_2008_COMPATIBLE_BY_EXACT_CONTEXT_AUDIT","NO_REWRITE","                r1f_tx_requested_bank_r <= (others => '0');"
"rtl/nvp/nvp6134c_i2c_bringup.vhd","ADDED","","999","5A8B922C6834A6731E8214F0AA4F8C650D8B1B4B76739EE63BB1B1FDC73E1BFF","PRODUCTION_SYNTHESIS_SOURCE","VIVADO_DEFAULT_NON_2008_COMPATIBLE_OR_STRUCTURAL_LINE","VIVADO_DEFAULT_NON_2008_COMPATIBLE_BY_EXACT_CONTEXT_AUDIT","NO_REWRITE","                r1f_tx_requested_bank_valid_r <= '0';"
"rtl/nvp/nvp6134c_i2c_bringup.vhd","ADDED","","1000","0AB1776A49D0ECC85C8F7045C885062DAFF8C4E485E7FB7B67A2F8D731B5EB7C","PRODUCTION_SYNTHESIS_SOURCE","VIVADO_DEFAULT_NON_2008_COMPATIBLE_OR_STRUCTURAL_LINE","VIVADO_DEFAULT_NON_2008_COMPATIBLE_BY_EXACT_CONTEXT_AUDIT","NO_REWRITE","              else"
"rtl/nvp/nvp6134c_i2c_bringup.vhd","ADDED","","1001","FF8039D1A61E5D02AE1BB33E0827E8C80BA2F33BD7FE78EA3FE9D44B5145E0E2","PRODUCTION_SYNTHESIS_SOURCE","VIVADO_DEFAULT_NON_2008_COMPATIBLE_OR_STRUCTURAL_LINE","VIVADO_DEFAULT_NON_2008_COMPATIBLE_BY_EXACT_CONTEXT_AUDIT","NO_REWRITE","                r1f_tx_requested_bank_r <= meta_bank_r;"
"rtl/nvp/nvp6134c_i2c_bringup.vhd","ADDED","","1002","B7BF20BBB101631826CD61CE7E0AC4BA0892379FAFB641811447ABF1FABE9592","PRODUCTION_SYNTHESIS_SOURCE","VIVADO_DEFAULT_NON_2008_COMPATIBLE_OR_STRUCTURAL_LINE","VIVADO_DEFAULT_NON_2008_COMPATIBLE_BY_EXACT_CONTEXT_AUDIT","NO_REWRITE","                r1f_tx_requested_bank_valid_r <= '1';"
"rtl/nvp/nvp6134c_i2c_bringup.vhd","ADDED","","1003","8A062EA799D5B7A2938C50D924799D94BB1557C13E7179E7F092B5912F180D73","PRODUCTION_SYNTHESIS_SOURCE","VIVADO_DEFAULT_NON_2008_COMPATIBLE_OR_STRUCTURAL_LINE","VIVADO_DEFAULT_NON_2008_COMPATIBLE_BY_EXACT_CONTEXT_AUDIT","NO_REWRITE","              end if;"
"rtl/nvp/nvp6134c_i2c_bringup.vhd","ADDED","","1004","8B88611B3E81CB255120DDF8EB1112D04AC5A91D60D4390B3C2C68B566422EBF","PRODUCTION_SYNTHESIS_SOURCE","VIVADO_DEFAULT_NON_2008_COMPATIBLE_OR_STRUCTURAL_LINE","VIVADO_DEFAULT_NON_2008_COMPATIBLE_BY_EXACT_CONTEXT_AUDIT","NO_REWRITE","              if phys_bank_valid_r = '1' then"
"rtl/nvp/nvp6134c_i2c_bringup.vhd","ADDED","","1005","9AB6DA37465602943A04EC3441193E09CAC9E85609BD2B7C80FEEBD146E86C3B","PRODUCTION_SYNTHESIS_SOURCE","VIVADO_DEFAULT_NON_2008_COMPATIBLE_OR_STRUCTURAL_LINE","VIVADO_DEFAULT_NON_2008_COMPATIBLE_BY_EXACT_CONTEXT_AUDIT","NO_REWRITE","                r1f_tx_phys_before_r <= phys_bank_r;"
"rtl/nvp/nvp6134c_i2c_bringup.vhd","ADDED","","1006","0AB1776A49D0ECC85C8F7045C885062DAFF8C4E485E7FB7B67A2F8D731B5EB7C","PRODUCTION_SYNTHESIS_SOURCE","VIVADO_DEFAULT_NON_2008_COMPATIBLE_OR_STRUCTURAL_LINE","VIVADO_DEFAULT_NON_2008_COMPATIBLE_BY_EXACT_CONTEXT_AUDIT","NO_REWRITE","              else"
"rtl/nvp/nvp6134c_i2c_bringup.vhd","ADDED","","1007","ED4123FA0955AC7C40F682788B1CBCC5D71B165565BDA5EE3B3B338030A8FFDF","PRODUCTION_SYNTHESIS_SOURCE","VIVADO_DEFAULT_NON_2008_COMPATIBLE_OR_STRUCTURAL_LINE","VIVADO_DEFAULT_NON_2008_COMPATIBLE_BY_EXACT_CONTEXT_AUDIT","NO_REWRITE","                r1f_tx_phys_before_r <= (others => '0');"
"rtl/nvp/nvp6134c_i2c_bringup.vhd","ADDED","","1008","8A062EA799D5B7A2938C50D924799D94BB1557C13E7179E7F092B5912F180D73","PRODUCTION_SYNTHESIS_SOURCE","VIVADO_DEFAULT_NON_2008_COMPATIBLE_OR_STRUCTURAL_LINE","VIVADO_DEFAULT_NON_2008_COMPATIBLE_BY_EXACT_CONTEXT_AUDIT","NO_REWRITE","              end if;"
"rtl/nvp/nvp6134c_i2c_bringup.vhd","ADDED","","1009","429B749A3241D03F8FD75C7F7EA8EAC930614C47FFE530F0FB352FAEB3A3F294","PRODUCTION_SYNTHESIS_SOURCE","VIVADO_DEFAULT_NON_2008_COMPATIBLE_OR_STRUCTURAL_LINE","VIVADO_DEFAULT_NON_2008_COMPATIBLE_BY_EXACT_CONTEXT_AUDIT","NO_REWRITE","              r1f_tx_phys_before_valid_r <= phys_bank_valid_r;"
"rtl/nvp/nvp6134c_i2c_bringup.vhd","ADDED","","1010","A5F24F9D96B8677895E73BE605994BE0B95E9AF408D16E1ED034D4E69B914836","PRODUCTION_SYNTHESIS_SOURCE","VIVADO_DEFAULT_NON_2008_COMPATIBLE_OR_STRUCTURAL_LINE","VIVADO_DEFAULT_NON_2008_COMPATIBLE_BY_EXACT_CONTEXT_AUDIT","NO_REWRITE","              if is_read_op = '0' and reg_addr = C_V38EK_BANK_SELECT_REG then"
"rtl/nvp/nvp6134c_i2c_bringup.vhd","ADDED","","1011","E8313FA7527EB530748FB67808C5136BBAA901FFE2A5295830E36F2BE658702B","PRODUCTION_SYNTHESIS_SOURCE","VIVADO_DEFAULT_NON_2008_COMPATIBLE_OR_STRUCTURAL_LINE","VIVADO_DEFAULT_NON_2008_COMPATIBLE_BY_EXACT_CONTEXT_AUDIT","NO_REWRITE","                r1f_tx_selector_r <= write_data;"
"rtl/nvp/nvp6134c_i2c_bringup.vhd","ADDED","","1012","2708B0EB43CB113336021B6A4A1D7E2DA9CDC427B4F6D7F34D2131F94539867B","PRODUCTION_SYNTHESIS_SOURCE","VIVADO_DEFAULT_NON_2008_COMPATIBLE_OR_STRUCTURAL_LINE","VIVADO_DEFAULT_NON_2008_COMPATIBLE_BY_EXACT_CONTEXT_AUDIT","NO_REWRITE","                r1f_tx_selector_valid_r <= '1';"
"rtl/nvp/nvp6134c_i2c_bringup.vhd","ADDED","","1013","0AB1776A49D0ECC85C8F7045C885062DAFF8C4E485E7FB7B67A2F8D731B5EB7C","PRODUCTION_SYNTHESIS_SOURCE","VIVADO_DEFAULT_NON_2008_COMPATIBLE_OR_STRUCTURAL_LINE","VIVADO_DEFAULT_NON_2008_COMPATIBLE_BY_EXACT_CONTEXT_AUDIT","NO_REWRITE","              else"
"rtl/nvp/nvp6134c_i2c_bringup.vhd","ADDED","","1014","60189EEDE2A10C6763ABC8B93557B56D782D940420133FCE59AF3A2C4FC286E1","PRODUCTION_SYNTHESIS_SOURCE","VIVADO_DEFAULT_NON_2008_COMPATIBLE_OR_STRUCTURAL_LINE","VIVADO_DEFAULT_NON_2008_COMPATIBLE_BY_EXACT_CONTEXT_AUDIT","NO_REWRITE","                r1f_tx_selector_r <= (others => '0');"
"rtl/nvp/nvp6134c_i2c_bringup.vhd","ADDED","","1015","88A5EC26912AF95BD40D985C9B89CF018F750023EE0905F25F6D17BDCAC10AE6","PRODUCTION_SYNTHESIS_SOURCE","VIVADO_DEFAULT_NON_2008_COMPATIBLE_OR_STRUCTURAL_LINE","VIVADO_DEFAULT_NON_2008_COMPATIBLE_BY_EXACT_CONTEXT_AUDIT","NO_REWRITE","                r1f_tx_selector_valid_r <= '0';"
"rtl/nvp/nvp6134c_i2c_bringup.vhd","ADDED","","1016","8A062EA799D5B7A2938C50D924799D94BB1557C13E7179E7F092B5912F180D73","PRODUCTION_SYNTHESIS_SOURCE","VIVADO_DEFAULT_NON_2008_COMPATIBLE_OR_STRUCTURAL_LINE","VIVADO_DEFAULT_NON_2008_COMPATIBLE_BY_EXACT_CONTEXT_AUDIT","NO_REWRITE","              end if;"
"rtl/nvp/nvp6134c_i2c_bringup.vhd","ADDED","","1017","9A72F3AE87FE4DF2E3B7827231BADA73FE92339770046B0A0BAEC6DB25B84FEE","PRODUCTION_SYNTHESIS_SOURCE","VIVADO_DEFAULT_NON_2008_COMPATIBLE_OR_STRUCTURAL_LINE","VIVADO_DEFAULT_NON_2008_COMPATIBLE_BY_EXACT_CONTEXT_AUDIT","NO_REWRITE","              if is_bank_verify_rd = '1' then"
"rtl/nvp/nvp6134c_i2c_bringup.vhd","ADDED","","1018","0D584EB16FB8717E4594C430C1273D95B30C621FC10530139346D3D8AD7AA03A","PRODUCTION_SYNTHESIS_SOURCE","VIVADO_DEFAULT_NON_2008_COMPATIBLE_OR_STRUCTURAL_LINE","VIVADO_DEFAULT_NON_2008_COMPATIBLE_BY_EXACT_CONTEXT_AUDIT","NO_REWRITE","                r1f_tx_verify_expected_r <= bank_verify_expected_r;"
"rtl/nvp/nvp6134c_i2c_bringup.vhd","ADDED","","1019","9D16599C17C437D548A1F125C516BD19BE5D942F2E1A879E82A24127795C7E24","PRODUCTION_SYNTHESIS_SOURCE","VIVADO_DEFAULT_NON_2008_COMPATIBLE_OR_STRUCTURAL_LINE","VIVADO_DEFAULT_NON_2008_COMPATIBLE_BY_EXACT_CONTEXT_AUDIT","NO_REWRITE","                r1f_tx_verify_expected_valid_r <= '1';"
"rtl/nvp/nvp6134c_i2c_bringup.vhd","ADDED","","1020","0AB1776A49D0ECC85C8F7045C885062DAFF8C4E485E7FB7B67A2F8D731B5EB7C","PRODUCTION_SYNTHESIS_SOURCE","VIVADO_DEFAULT_NON_2008_COMPATIBLE_OR_STRUCTURAL_LINE","VIVADO_DEFAULT_NON_2008_COMPATIBLE_BY_EXACT_CONTEXT_AUDIT","NO_REWRITE","              else"
"rtl/nvp/nvp6134c_i2c_bringup.vhd","ADDED","","1021","CC26FCF2B31585FA095A9C99F8F7A065AECDAD7AAE1D6E0837A4E6E58B7C3555","PRODUCTION_SYNTHESIS_SOURCE","VIVADO_DEFAULT_NON_2008_COMPATIBLE_OR_STRUCTURAL_LINE","VIVADO_DEFAULT_NON_2008_COMPATIBLE_BY_EXACT_CONTEXT_AUDIT","NO_REWRITE","                r1f_tx_verify_expected_r <= (others => '0');"
"rtl/nvp/nvp6134c_i2c_bringup.vhd","ADDED","","1022","1C65EA31E848799B46610F0EA0B7C35DB87B429D3A1E127E7111ECFB8748D90F","PRODUCTION_SYNTHESIS_SOURCE","VIVADO_DEFAULT_NON_2008_COMPATIBLE_OR_STRUCTURAL_LINE","VIVADO_DEFAULT_NON_2008_COMPATIBLE_BY_EXACT_CONTEXT_AUDIT","NO_REWRITE","                r1f_tx_verify_expected_valid_r <= '0';"
"rtl/nvp/nvp6134c_i2c_bringup.vhd","ADDED","","1023","8A062EA799D5B7A2938C50D924799D94BB1557C13E7179E7F092B5912F180D73","PRODUCTION_SYNTHESIS_SOURCE","VIVADO_DEFAULT_NON_2008_COMPATIBLE_OR_STRUCTURAL_LINE","VIVADO_DEFAULT_NON_2008_COMPATIBLE_BY_EXACT_CONTEXT_AUDIT","NO_REWRITE","              end if;"
"rtl/nvp/nvp6134c_i2c_bringup.vhd","ADDED","","1054","721C854822D8366A6D55E25E6E0E5F1C6229025A1F1AC804AFEC6998BE2BB867","PRODUCTION_SYNTHESIS_SOURCE","VIVADO_DEFAULT_NON_2008_COMPATIBLE_OR_STRUCTURAL_LINE","VIVADO_DEFAULT_NON_2008_COMPATIBLE_BY_EXACT_CONTEXT_AUDIT","NO_REWRITE","              r1f_waddr_opp_r <= sat_inc32(r1f_waddr_opp_r);"
"rtl/nvp/nvp6134c_i2c_bringup.vhd","ADDED","","1055","AC5D1A8056300E28A5D02EB49AAAE3434D494536A81CFA28009CA8EAFDA913EE","PRODUCTION_SYNTHESIS_SOURCE","VIVADO_DEFAULT_NON_2008_COMPATIBLE_OR_STRUCTURAL_LINE","VIVADO_DEFAULT_NON_2008_COMPATIBLE_BY_EXACT_CONTEXT_AUDIT","NO_REWRITE","              r1f_tx_opp_bitmap_r(0) <= '1';"
"rtl/nvp/nvp6134c_i2c_bringup.vhd","ADDED","","1057","8E063A26118B3E0E6305E2B6293BF4B01165495837EF8C59540B7431DFEF7541","PRODUCTION_SYNTHESIS_SOURCE","VIVADO_DEFAULT_NON_2008_COMPATIBLE_OR_STRUCTURAL_LINE","VIVADO_DEFAULT_NON_2008_COMPATIBLE_BY_EXACT_CONTEXT_AUDIT","NO_REWRITE","                r1f_waddr_nack_r <= sat_inc32(r1f_waddr_nack_r);"
"rtl/nvp/nvp6134c_i2c_bringup.vhd","ADDED","","1058","246439C35BAF4F80D0692DCDB426A4C086DB81C67D9D5D3A2E3DB22559DF72AA","PRODUCTION_SYNTHESIS_SOURCE","VIVADO_DEFAULT_NON_2008_COMPATIBLE_OR_STRUCTURAL_LINE","VIVADO_DEFAULT_NON_2008_COMPATIBLE_BY_EXACT_CONTEXT_AUDIT","NO_REWRITE","                r1f_tx_nack_bitmap_r(0) <= '1';"
"rtl/nvp/nvp6134c_i2c_bringup.vhd","ADDED","","1059","7F50E899605B5BB8FA5A909EE91173F2EFD34916D942737435DE141F699C1B07","PRODUCTION_SYNTHESIS_SOURCE","VIVADO_DEFAULT_NON_2008_COMPATIBLE_OR_STRUCTURAL_LINE","VIVADO_DEFAULT_NON_2008_COMPATIBLE_BY_EXACT_CONTEXT_AUDIT","NO_REWRITE","                r1f_tx_nack_count_r <= r1f_tx_nack_count_r + 1;"
"rtl/nvp/nvp6134c_i2c_bringup.vhd","ADDED","","1097","3082C2BBD4E3AAC228370C1C9F9751C070E08588ABCF7BC1334BEEA2A55473EC","PRODUCTION_SYNTHESIS_SOURCE","VIVADO_DEFAULT_NON_2008_COMPATIBLE_OR_STRUCTURAL_LINE","VIVADO_DEFAULT_NON_2008_COMPATIBLE_BY_EXACT_CONTEXT_AUDIT","NO_REWRITE","              r1f_regaddr_opp_r <= sat_inc32(r1f_regaddr_opp_r);"
"rtl/nvp/nvp6134c_i2c_bringup.vhd","ADDED","","1098","ECEF0AED7A4F14C675D369F7CF62D624BF2E0E2121A5BBFA461DCE80AA377E3B","PRODUCTION_SYNTHESIS_SOURCE","VIVADO_DEFAULT_NON_2008_COMPATIBLE_OR_STRUCTURAL_LINE","VIVADO_DEFAULT_NON_2008_COMPATIBLE_BY_EXACT_CONTEXT_AUDIT","NO_REWRITE","              r1f_tx_opp_bitmap_r(1) <= '1';"
"rtl/nvp/nvp6134c_i2c_bringup.vhd","ADDED","","1100","EE754C61E15535A00C523C90F91E18D2B3747B60811478D938DAD143398356E2","PRODUCTION_SYNTHESIS_SOURCE","VIVADO_DEFAULT_NON_2008_COMPATIBLE_OR_STRUCTURAL_LINE","VIVADO_DEFAULT_NON_2008_COMPATIBLE_BY_EXACT_CONTEXT_AUDIT","NO_REWRITE","                r1f_regaddr_nack_r <= sat_inc32(r1f_regaddr_nack_r);"
"rtl/nvp/nvp6134c_i2c_bringup.vhd","ADDED","","1101","B06D4ADC2364E886C35F22F1FFAE19567B6C20820B360A660178E7B5D2979984","PRODUCTION_SYNTHESIS_SOURCE","VIVADO_DEFAULT_NON_2008_COMPATIBLE_OR_STRUCTURAL_LINE","VIVADO_DEFAULT_NON_2008_COMPATIBLE_BY_EXACT_CONTEXT_AUDIT","NO_REWRITE","                r1f_tx_nack_bitmap_r(1) <= '1';"
"rtl/nvp/nvp6134c_i2c_bringup.vhd","ADDED","","1102","7F50E899605B5BB8FA5A909EE91173F2EFD34916D942737435DE141F699C1B07","PRODUCTION_SYNTHESIS_SOURCE","VIVADO_DEFAULT_NON_2008_COMPATIBLE_OR_STRUCTURAL_LINE","VIVADO_DEFAULT_NON_2008_COMPATIBLE_BY_EXACT_CONTEXT_AUDIT","NO_REWRITE","                r1f_tx_nack_count_r <= r1f_tx_nack_count_r + 1;"
"rtl/nvp/nvp6134c_i2c_bringup.vhd","ADDED","","1144","D23F9BBC73545854B984389621FE3A22383CEAB3D2AD3661D1C6DEF44C6BA86D","PRODUCTION_SYNTHESIS_SOURCE","VIVADO_DEFAULT_NON_2008_COMPATIBLE_OR_STRUCTURAL_LINE","VIVADO_DEFAULT_NON_2008_COMPATIBLE_BY_EXACT_CONTEXT_AUDIT","NO_REWRITE","              r1f_data_opp_r <= sat_inc32(r1f_data_opp_r);"
"rtl/nvp/nvp6134c_i2c_bringup.vhd","ADDED","","1145","F43417AB1A2CC2DAD237F67AEB45CD95F6C9D12A93BD56BD00726D5CA2B720B3","PRODUCTION_SYNTHESIS_SOURCE","VIVADO_DEFAULT_NON_2008_COMPATIBLE_OR_STRUCTURAL_LINE","VIVADO_DEFAULT_NON_2008_COMPATIBLE_BY_EXACT_CONTEXT_AUDIT","NO_REWRITE","              r1f_tx_opp_bitmap_r(2) <= '1';"
"rtl/nvp/nvp6134c_i2c_bringup.vhd","ADDED","","1147","E6F9DB8D2F9B5D3278BA8334C8738E794FEF0EA0216928C5D0180C11CB9FFAB7","PRODUCTION_SYNTHESIS_SOURCE","VIVADO_DEFAULT_NON_2008_COMPATIBLE_OR_STRUCTURAL_LINE","VIVADO_DEFAULT_NON_2008_COMPATIBLE_BY_EXACT_CONTEXT_AUDIT","NO_REWRITE","                r1f_data_nack_r <= sat_inc32(r1f_data_nack_r);"
"rtl/nvp/nvp6134c_i2c_bringup.vhd","ADDED","","1148","1835448CADD4B05E61C9B900875F2D9314247B04912E7F1E7D3EC420978D720D","PRODUCTION_SYNTHESIS_SOURCE","VIVADO_DEFAULT_NON_2008_COMPATIBLE_OR_STRUCTURAL_LINE","VIVADO_DEFAULT_NON_2008_COMPATIBLE_BY_EXACT_CONTEXT_AUDIT","NO_REWRITE","                r1f_tx_nack_bitmap_r(2) <= '1';"
"rtl/nvp/nvp6134c_i2c_bringup.vhd","ADDED","","1149","7F50E899605B5BB8FA5A909EE91173F2EFD34916D942737435DE141F699C1B07","PRODUCTION_SYNTHESIS_SOURCE","VIVADO_DEFAULT_NON_2008_COMPATIBLE_OR_STRUCTURAL_LINE","VIVADO_DEFAULT_NON_2008_COMPATIBLE_BY_EXACT_CONTEXT_AUDIT","NO_REWRITE","                r1f_tx_nack_count_r <= r1f_tx_nack_count_r + 1;"
"rtl/nvp/nvp6134c_i2c_bringup.vhd","ADDED","","1207","858EC3E561270E2C14A5F5EE631B4A608BA8402ED99B1D78444EA266D345851F","PRODUCTION_SYNTHESIS_SOURCE","VIVADO_DEFAULT_NON_2008_COMPATIBLE_OR_STRUCTURAL_LINE","VIVADO_DEFAULT_NON_2008_COMPATIBLE_BY_EXACT_CONTEXT_AUDIT","NO_REWRITE","              r1f_raddr_opp_r <= sat_inc32(r1f_raddr_opp_r);"
"rtl/nvp/nvp6134c_i2c_bringup.vhd","ADDED","","1208","483EA27E85B2BC95F75C3E232C52420279628C549935B3EE56272F08149F3433","PRODUCTION_SYNTHESIS_SOURCE","VIVADO_DEFAULT_NON_2008_COMPATIBLE_OR_STRUCTURAL_LINE","VIVADO_DEFAULT_NON_2008_COMPATIBLE_BY_EXACT_CONTEXT_AUDIT","NO_REWRITE","              r1f_tx_opp_bitmap_r(3) <= '1';"
"rtl/nvp/nvp6134c_i2c_bringup.vhd","ADDED","","1210","95953074362B0B969DD4927B14495301BE3EFE3153D9A669090A391F89A1E175","PRODUCTION_SYNTHESIS_SOURCE","VIVADO_DEFAULT_NON_2008_COMPATIBLE_OR_STRUCTURAL_LINE","VIVADO_DEFAULT_NON_2008_COMPATIBLE_BY_EXACT_CONTEXT_AUDIT","NO_REWRITE","                r1f_raddr_nack_r <= sat_inc32(r1f_raddr_nack_r);"
"rtl/nvp/nvp6134c_i2c_bringup.vhd","ADDED","","1211","340B5315F778725F8902C471E06DAC98103FA63D1F30996A1BA38964E908860B","PRODUCTION_SYNTHESIS_SOURCE","VIVADO_DEFAULT_NON_2008_COMPATIBLE_OR_STRUCTURAL_LINE","VIVADO_DEFAULT_NON_2008_COMPATIBLE_BY_EXACT_CONTEXT_AUDIT","NO_REWRITE","                r1f_tx_nack_bitmap_r(3) <= '1';"
"rtl/nvp/nvp6134c_i2c_bringup.vhd","ADDED","","1212","7F50E899605B5BB8FA5A909EE91173F2EFD34916D942737435DE141F699C1B07","PRODUCTION_SYNTHESIS_SOURCE","VIVADO_DEFAULT_NON_2008_COMPATIBLE_OR_STRUCTURAL_LINE","VIVADO_DEFAULT_NON_2008_COMPATIBLE_BY_EXACT_CONTEXT_AUDIT","NO_REWRITE","                r1f_tx_nack_count_r <= r1f_tx_nack_count_r + 1;"
"rtl/nvp/nvp6134c_i2c_bringup.vhd","ADDED","","1264","D25A5934283A27A2CAE77FCC4C43CAA6A29BAE44F72E4DC870DF73307177877C","PRODUCTION_SYNTHESIS_SOURCE","COMMENT_OR_BLANK","NOT_EXECUTABLE_LANGUAGE_CONSTRUCT","NO_REWRITE","              -- R1f transaction finalization is diagnostic-only.  Compute the"
"rtl/nvp/nvp6134c_i2c_bringup.vhd","ADDED","","1265","EAEFCB2B5862877B9E0C90D575BC8A3A015F773EA69D2DCB5DA9E2EA5D8DFEED","PRODUCTION_SYNTHESIS_SOURCE","COMMENT_OR_BLANK","NOT_EXECUTABLE_LANGUAGE_CONSTRUCT","NO_REWRITE","              -- effective next bank state explicitly so the new record never"
"rtl/nvp/nvp6134c_i2c_bringup.vhd","ADDED","","1266","85A5825AF8A17E2DF87715F2B5CEF1F6BEAD2C5860F49A9022E7599AB0AA0992","PRODUCTION_SYNTHESIS_SOURCE","COMMENT_OR_BLANK","NOT_EXECUTABLE_LANGUAGE_CONSTRUCT","NO_REWRITE","              -- exposes the old VHDL signal value from this same clock edge."
"rtl/nvp/nvp6134c_i2c_bringup.vhd","ADDED","","1267","F3A9902203E85A4CCE7EC999785B8B1C7B8A9CE31075C44E6CAB5A92A2E31CB4","PRODUCTION_SYNTHESIS_SOURCE","VIVADO_DEFAULT_NON_2008_COMPATIBLE_OR_STRUCTURAL_LINE","VIVADO_DEFAULT_NON_2008_COMPATIBLE_BY_EXACT_CONTEXT_AUDIT","NO_REWRITE","              phys_after_v := r1f_tx_phys_before_r;"
"rtl/nvp/nvp6134c_i2c_bringup.vhd","ADDED","","1268","C915CDCA1C79BE2BC58202B7384281537F71CF2E9B004E503C6337052A10F263","PRODUCTION_SYNTHESIS_SOURCE","VIVADO_DEFAULT_NON_2008_COMPATIBLE_OR_STRUCTURAL_LINE","VIVADO_DEFAULT_NON_2008_COMPATIBLE_BY_EXACT_CONTEXT_AUDIT","NO_REWRITE","              phys_after_valid_v := r1f_tx_phys_before_valid_r;"
"rtl/nvp/nvp6134c_i2c_bringup.vhd","ADDED","","1269","2E7567C40094F719AEBD7132D0C51185A28F2ED4CE181BA26122D2FB87B80DFF","PRODUCTION_SYNTHESIS_SOURCE","VIVADO_DEFAULT_NON_2008_COMPATIBLE_OR_STRUCTURAL_LINE","VIVADO_DEFAULT_NON_2008_COMPATIBLE_BY_EXACT_CONTEXT_AUDIT","NO_REWRITE","              verify_observed_valid_v := '0';"
"rtl/nvp/nvp6134c_i2c_bringup.vhd","ADDED","","1270","E420C06FF91124D48ADD436EBF167D4BF2019EA5CBB90729EF79364713326C6B","PRODUCTION_SYNTHESIS_SOURCE","VIVADO_DEFAULT_NON_2008_COMPATIBLE_OR_STRUCTURAL_LINE","VIVADO_DEFAULT_NON_2008_COMPATIBLE_BY_EXACT_CONTEXT_AUDIT","NO_REWRITE","              read_data_valid_v := '0';"
"rtl/nvp/nvp6134c_i2c_bringup.vhd","ADDED","","1271","77C80E28C1000661507EF70E64E919C248D8E2C565D2862E6E87B39DA0A71A3B","PRODUCTION_SYNTHESIS_SOURCE","VIVADO_DEFAULT_NON_2008_COMPATIBLE_OR_STRUCTURAL_LINE","VIVADO_DEFAULT_NON_2008_COMPATIBLE_BY_EXACT_CONTEXT_AUDIT","NO_REWRITE","              verify_result_v := ""000"";"
"rtl/nvp/nvp6134c_i2c_bringup.vhd","ADDED","","1272","987AB006926C2B839177E897AB66DE414AB22F88921B698B32B29DD49DBDA8FD","PRODUCTION_SYNTHESIS_SOURCE","VIVADO_DEFAULT_NON_2008_COMPATIBLE_OR_STRUCTURAL_LINE","VIVADO_DEFAULT_NON_2008_COMPATIBLE_BY_EXACT_CONTEXT_AUDIT","NO_REWRITE","              bank_update_reason_v := ""0000"";"
"rtl/nvp/nvp6134c_i2c_bringup.vhd","ADDED","","1273","7A3118BB048F44B38A25468C3328050BD16E71A0D136F5213658650C6E66C11C","PRODUCTION_SYNTHESIS_SOURCE","VIVADO_DEFAULT_NON_2008_COMPATIBLE_OR_STRUCTURAL_LINE","VIVADO_DEFAULT_NON_2008_COMPATIBLE_BY_EXACT_CONTEXT_AUDIT","NO_REWRITE","              terminal_error_v := x""00"";"
"rtl/nvp/nvp6134c_i2c_bringup.vhd","ADDED","","1274","E3B0C44298FC1C149AFBF4C8996FB92427AE41E4649B934CA495991B7852B855","PRODUCTION_SYNTHESIS_SOURCE","COMMENT_OR_BLANK","NOT_EXECUTABLE_LANGUAGE_CONSTRUCT","NO_REWRITE",""
"rtl/nvp/nvp6134c_i2c_bringup.vhd","ADDED","","1275","5F26FBB12E234102CADB7B56729A011942E8AAFC26219791653B67815C99D613","PRODUCTION_SYNTHESIS_SOURCE","VIVADO_DEFAULT_NON_2008_COMPATIBLE_OR_STRUCTURAL_LINE","VIVADO_DEFAULT_NON_2008_COMPATIBLE_BY_EXACT_CONTEXT_AUDIT","NO_REWRITE","              if r1f_tx_start_sda_stuck_r = '1' then"
"rtl/nvp/nvp6134c_i2c_bringup.vhd","ADDED","","1276","2A7A5EB023F0AF5DAF5F9AC888C5C05478136941E58427C60F4C73886B1AA23D","PRODUCTION_SYNTHESIS_SOURCE","VIVADO_DEFAULT_NON_2008_COMPATIBLE_OR_STRUCTURAL_LINE","VIVADO_DEFAULT_NON_2008_COMPATIBLE_BY_EXACT_CONTEXT_AUDIT","NO_REWRITE","                terminal_error_v := x""06"";"
"rtl/nvp/nvp6134c_i2c_bringup.vhd","ADDED","","1277","8A062EA799D5B7A2938C50D924799D94BB1557C13E7179E7F092B5912F180D73","PRODUCTION_SYNTHESIS_SOURCE","VIVADO_DEFAULT_NON_2008_COMPATIBLE_OR_STRUCTURAL_LINE","VIVADO_DEFAULT_NON_2008_COMPATIBLE_BY_EXACT_CONTEXT_AUDIT","NO_REWRITE","              end if;"
"rtl/nvp/nvp6134c_i2c_bringup.vhd","ADDED","","1278","C1835266CE1422E165B20E62421500763E47543CF7B9FB3EE3E1D031DF49CB91","PRODUCTION_SYNTHESIS_SOURCE","VIVADO_DEFAULT_NON_2008_COMPATIBLE_OR_STRUCTURAL_LINE","VIVADO_DEFAULT_NON_2008_COMPATIBLE_BY_EXACT_CONTEXT_AUDIT","NO_REWRITE","              if scl_timeout_seen_r = '1' then"
"rtl/nvp/nvp6134c_i2c_bringup.vhd","ADDED","","1279","8E0E3288798BC8D057E28AF83F9469555C5B091EE968745AB8B7D5EC1AA5113D","PRODUCTION_SYNTHESIS_SOURCE","VIVADO_DEFAULT_NON_2008_COMPATIBLE_OR_STRUCTURAL_LINE","VIVADO_DEFAULT_NON_2008_COMPATIBLE_BY_EXACT_CONTEXT_AUDIT","NO_REWRITE","                terminal_error_v := x""07"";"
"rtl/nvp/nvp6134c_i2c_bringup.vhd","ADDED","","1280","8A062EA799D5B7A2938C50D924799D94BB1557C13E7179E7F092B5912F180D73","PRODUCTION_SYNTHESIS_SOURCE","VIVADO_DEFAULT_NON_2008_COMPATIBLE_OR_STRUCTURAL_LINE","VIVADO_DEFAULT_NON_2008_COMPATIBLE_BY_EXACT_CONTEXT_AUDIT","NO_REWRITE","              end if;"
"rtl/nvp/nvp6134c_i2c_bringup.vhd","ADDED","","1281","E3B0C44298FC1C149AFBF4C8996FB92427AE41E4649B934CA495991B7852B855","PRODUCTION_SYNTHESIS_SOURCE","COMMENT_OR_BLANK","NOT_EXECUTABLE_LANGUAGE_CONSTRUCT","NO_REWRITE",""
"rtl/nvp/nvp6134c_i2c_bringup.vhd","ADDED","","1282","445B02367FAC8833557EA99C2F42FD82680B70EE5E6025FFF7FBFF8E3EA5FBA2","PRODUCTION_SYNTHESIS_SOURCE","VIVADO_DEFAULT_NON_2008_COMPATIBLE_OR_STRUCTURAL_LINE","VIVADO_DEFAULT_NON_2008_COMPATIBLE_BY_EXACT_CONTEXT_AUDIT","NO_REWRITE","              if is_read_op = '1' then"
"rtl/nvp/nvp6134c_i2c_bringup.vhd","ADDED","","1283","C46D09BC6F4685502881FD1894AFF0D7D066D0D6A8DD6D29F94B5CEA83455FD5","PRODUCTION_SYNTHESIS_SOURCE","VIVADO_DEFAULT_NON_2008_COMPATIBLE_OR_STRUCTURAL_LINE","VIVADO_DEFAULT_NON_2008_COMPATIBLE_BY_EXACT_CONTEXT_AUDIT","NO_REWRITE","                if cur_error = '0' and scl_timeout_seen_r = '0' then"
"rtl/nvp/nvp6134c_i2c_bringup.vhd","ADDED","","1284","C3AC40069BF310094D1851D6F08424F9646BAA2967C70719CF909AB6A65CDB86","PRODUCTION_SYNTHESIS_SOURCE","VIVADO_DEFAULT_NON_2008_COMPATIBLE_OR_STRUCTURAL_LINE","VIVADO_DEFAULT_NON_2008_COMPATIBLE_BY_EXACT_CONTEXT_AUDIT","NO_REWRITE","                  read_data_valid_v := '1';"
"rtl/nvp/nvp6134c_i2c_bringup.vhd","ADDED","","1285","A0DAE1AC041A6BF00C78FAEE15E00B31C2556A557826E7E57279E71FF4D8A37E","PRODUCTION_SYNTHESIS_SOURCE","VIVADO_DEFAULT_NON_2008_COMPATIBLE_OR_STRUCTURAL_LINE","VIVADO_DEFAULT_NON_2008_COMPATIBLE_BY_EXACT_CONTEXT_AUDIT","NO_REWRITE","                end if;"
"rtl/nvp/nvp6134c_i2c_bringup.vhd","ADDED","","1286","129FE5F234DF121141565683695B3AC574A0AA40A52645EA9F354ECC844FC029","PRODUCTION_SYNTHESIS_SOURCE","VIVADO_DEFAULT_NON_2008_COMPATIBLE_OR_STRUCTURAL_LINE","VIVADO_DEFAULT_NON_2008_COMPATIBLE_BY_EXACT_CONTEXT_AUDIT","NO_REWRITE","                if is_bank_verify_rd = '1' then"
"rtl/nvp/nvp6134c_i2c_bringup.vhd","ADDED","","1287","E6D051C900BC263C3A7F047C9B64376BC673FEAF613922D5086CD76F447EFC3A","PRODUCTION_SYNTHESIS_SOURCE","VIVADO_DEFAULT_NON_2008_COMPATIBLE_OR_STRUCTURAL_LINE","VIVADO_DEFAULT_NON_2008_COMPATIBLE_BY_EXACT_CONTEXT_AUDIT","NO_REWRITE","                  if cur_error = '0' and scl_timeout_seen_r = '0' then"
"rtl/nvp/nvp6134c_i2c_bringup.vhd","ADDED","","1288","9FE714BCB08B587915C68BD90BEF26E5CAB60AF3B814DCC36AD0C66E6676D339","PRODUCTION_SYNTHESIS_SOURCE","VIVADO_DEFAULT_NON_2008_COMPATIBLE_OR_STRUCTURAL_LINE","VIVADO_DEFAULT_NON_2008_COMPATIBLE_BY_EXACT_CONTEXT_AUDIT","NO_REWRITE","                    verify_observed_valid_v := '1';"
"rtl/nvp/nvp6134c_i2c_bringup.vhd","ADDED","","1289","18CCEDA6EFA984C7378A5464F7E1BD5F9B1B6917B0A35CC394B5928D63E6970F","PRODUCTION_SYNTHESIS_SOURCE","VIVADO_DEFAULT_NON_2008_COMPATIBLE_OR_STRUCTURAL_LINE","VIVADO_DEFAULT_NON_2008_COMPATIBLE_BY_EXACT_CONTEXT_AUDIT","NO_REWRITE","                    if data_rx = r1f_tx_verify_expected_r then"
"rtl/nvp/nvp6134c_i2c_bringup.vhd","ADDED","","1290","9BB0D45E1447A72A9650E51FA00CA6CF5494FEB0FFA4D86257355002BA94FA74","PRODUCTION_SYNTHESIS_SOURCE","VIVADO_DEFAULT_NON_2008_COMPATIBLE_OR_STRUCTURAL_LINE","VIVADO_DEFAULT_NON_2008_COMPATIBLE_BY_EXACT_CONTEXT_AUDIT","NO_REWRITE","                      phys_after_v := r1f_tx_verify_expected_r;"
"rtl/nvp/nvp6134c_i2c_bringup.vhd","ADDED","","1291","D20733FAEE6532F2603A2C64B4DC4857AC1E83F6675BFCEACCB5C0A319915D0C","PRODUCTION_SYNTHESIS_SOURCE","VIVADO_DEFAULT_NON_2008_COMPATIBLE_OR_STRUCTURAL_LINE","VIVADO_DEFAULT_NON_2008_COMPATIBLE_BY_EXACT_CONTEXT_AUDIT","NO_REWRITE","                      phys_after_valid_v := '1';"
"rtl/nvp/nvp6134c_i2c_bringup.vhd","ADDED","","1292","FE018D908650702E7754ED3242887AED46CACDAC00715BC8D7F1A18BCBE8B659","PRODUCTION_SYNTHESIS_SOURCE","VIVADO_DEFAULT_NON_2008_COMPATIBLE_OR_STRUCTURAL_LINE","VIVADO_DEFAULT_NON_2008_COMPATIBLE_BY_EXACT_CONTEXT_AUDIT","NO_REWRITE","                      verify_result_v := ""001""; -- PASS_MATCHED"
"rtl/nvp/nvp6134c_i2c_bringup.vhd","ADDED","","1293","95452163B928C35DF3E9AFD4D223D8A61E00DAB344138E0AC3E5655BA34A9906","PRODUCTION_SYNTHESIS_SOURCE","VIVADO_DEFAULT_NON_2008_COMPATIBLE_OR_STRUCTURAL_LINE","VIVADO_DEFAULT_NON_2008_COMPATIBLE_BY_EXACT_CONTEXT_AUDIT","NO_REWRITE","                      bank_update_reason_v := ""0011""; -- verified readback"
"rtl/nvp/nvp6134c_i2c_bringup.vhd","ADDED","","1294","CA95E5D0F931B9AFBFFF25666F9AA55E324E0FDE98EF4C1802C1C16518C7F767","PRODUCTION_SYNTHESIS_SOURCE","VIVADO_DEFAULT_NON_2008_COMPATIBLE_OR_STRUCTURAL_LINE","VIVADO_DEFAULT_NON_2008_COMPATIBLE_BY_EXACT_CONTEXT_AUDIT","NO_REWRITE","                    else"
"rtl/nvp/nvp6134c_i2c_bringup.vhd","ADDED","","1295","810493C66CF32C7CA814CBAFEE04A3AEB8B78EF2C56959FF7494A45D6F3B8319","PRODUCTION_SYNTHESIS_SOURCE","VIVADO_DEFAULT_NON_2008_COMPATIBLE_OR_STRUCTURAL_LINE","VIVADO_DEFAULT_NON_2008_COMPATIBLE_BY_EXACT_CONTEXT_AUDIT","NO_REWRITE","                      phys_after_v := (others => '0');"
"rtl/nvp/nvp6134c_i2c_bringup.vhd","ADDED","","1296","4F62582C64C3A7A76B32D91C48AB652604A1750E9EB017404C6BF2C2866EE484","PRODUCTION_SYNTHESIS_SOURCE","VIVADO_DEFAULT_NON_2008_COMPATIBLE_OR_STRUCTURAL_LINE","VIVADO_DEFAULT_NON_2008_COMPATIBLE_BY_EXACT_CONTEXT_AUDIT","NO_REWRITE","                      phys_after_valid_v := '0';"
"rtl/nvp/nvp6134c_i2c_bringup.vhd","ADDED","","1297","D1AD77EAFC6AE848A6BCD6B639F0627C867AF021B9A191B330413CB9CC962F5D","PRODUCTION_SYNTHESIS_SOURCE","VIVADO_DEFAULT_NON_2008_COMPATIBLE_OR_STRUCTURAL_LINE","VIVADO_DEFAULT_NON_2008_COMPATIBLE_BY_EXACT_CONTEXT_AUDIT","NO_REWRITE","                      verify_result_v := ""101""; -- value mismatch"
"rtl/nvp/nvp6134c_i2c_bringup.vhd","ADDED","","1298","8F1D612CFAC938DE3C84854EBF034F0FE5EC94005A814701C662F12F6C8C9D2C","PRODUCTION_SYNTHESIS_SOURCE","VIVADO_DEFAULT_NON_2008_COMPATIBLE_OR_STRUCTURAL_LINE","VIVADO_DEFAULT_NON_2008_COMPATIBLE_BY_EXACT_CONTEXT_AUDIT","NO_REWRITE","                      bank_update_reason_v := ""0111"";"
"rtl/nvp/nvp6134c_i2c_bringup.vhd","ADDED","","1299","A590A1959458479011AE926C3C904028845BBEA205F8A52E06F64E431E711E4C","PRODUCTION_SYNTHESIS_SOURCE","VIVADO_DEFAULT_NON_2008_COMPATIBLE_OR_STRUCTURAL_LINE","VIVADO_DEFAULT_NON_2008_COMPATIBLE_BY_EXACT_CONTEXT_AUDIT","NO_REWRITE","                      terminal_error_v := x""08"";"
"rtl/nvp/nvp6134c_i2c_bringup.vhd","ADDED","","1300","5C44588BC691353633425080796A84C63F3B3EB5E444B3CB074CF1C6ADCA7AE1","PRODUCTION_SYNTHESIS_SOURCE","VIVADO_DEFAULT_NON_2008_COMPATIBLE_OR_STRUCTURAL_LINE","VIVADO_DEFAULT_NON_2008_COMPATIBLE_BY_EXACT_CONTEXT_AUDIT","NO_REWRITE","                    end if;"
"rtl/nvp/nvp6134c_i2c_bringup.vhd","ADDED","","1301","F011388902EEC186F9DBCE9D9FC6509BA9F78887B47402E3BDA3A689B7814685","PRODUCTION_SYNTHESIS_SOURCE","VIVADO_DEFAULT_NON_2008_COMPATIBLE_OR_STRUCTURAL_LINE","VIVADO_DEFAULT_NON_2008_COMPATIBLE_BY_EXACT_CONTEXT_AUDIT","NO_REWRITE","                  elsif scl_timeout_seen_r = '1' then"
"rtl/nvp/nvp6134c_i2c_bringup.vhd","ADDED","","1302","DA6D40D493FDB9F453F02128A2D7EFC94C3C4DB5DD8EF388448822DA9CD46C9A","PRODUCTION_SYNTHESIS_SOURCE","VIVADO_DEFAULT_NON_2008_COMPATIBLE_OR_STRUCTURAL_LINE","VIVADO_DEFAULT_NON_2008_COMPATIBLE_BY_EXACT_CONTEXT_AUDIT","NO_REWRITE","                    phys_after_v := (others => '0');"
"rtl/nvp/nvp6134c_i2c_bringup.vhd","ADDED","","1303","9179C613E391827A4930C33CCAC670D030AF5217B98F5E22C9743CDF50C2A4EC","PRODUCTION_SYNTHESIS_SOURCE","VIVADO_DEFAULT_NON_2008_COMPATIBLE_OR_STRUCTURAL_LINE","VIVADO_DEFAULT_NON_2008_COMPATIBLE_BY_EXACT_CONTEXT_AUDIT","NO_REWRITE","                    phys_after_valid_v := '0';"
"rtl/nvp/nvp6134c_i2c_bringup.vhd","ADDED","","1304","7A1DC13D5BA4F87777C81271EF4265150C46CBF1A9FEDD33533B298489E68F65","PRODUCTION_SYNTHESIS_SOURCE","VIVADO_DEFAULT_NON_2008_COMPATIBLE_OR_STRUCTURAL_LINE","VIVADO_DEFAULT_NON_2008_COMPATIBLE_BY_EXACT_CONTEXT_AUDIT","NO_REWRITE","                    verify_result_v := ""100""; -- timeout"
"rtl/nvp/nvp6134c_i2c_bringup.vhd","ADDED","","1305","756DA221817BF83F4E7769AE8DD90AC15DB023D7E3608E0753BAF9CD05E07D6D","PRODUCTION_SYNTHESIS_SOURCE","VIVADO_DEFAULT_NON_2008_COMPATIBLE_OR_STRUCTURAL_LINE","VIVADO_DEFAULT_NON_2008_COMPATIBLE_BY_EXACT_CONTEXT_AUDIT","NO_REWRITE","                    bank_update_reason_v := ""0110"";"
"rtl/nvp/nvp6134c_i2c_bringup.vhd","ADDED","","1306","9421A9DDD84667B48688D4C9B404585DF6BDA3D197D3C92E6B70C65EFED24F5A","PRODUCTION_SYNTHESIS_SOURCE","VIVADO_DEFAULT_NON_2008_COMPATIBLE_OR_STRUCTURAL_LINE","VIVADO_DEFAULT_NON_2008_COMPATIBLE_BY_EXACT_CONTEXT_AUDIT","NO_REWRITE","                  else"
"rtl/nvp/nvp6134c_i2c_bringup.vhd","ADDED","","1307","DA6D40D493FDB9F453F02128A2D7EFC94C3C4DB5DD8EF388448822DA9CD46C9A","PRODUCTION_SYNTHESIS_SOURCE","VIVADO_DEFAULT_NON_2008_COMPATIBLE_OR_STRUCTURAL_LINE","VIVADO_DEFAULT_NON_2008_COMPATIBLE_BY_EXACT_CONTEXT_AUDIT","NO_REWRITE","                    phys_after_v := (others => '0');"
"rtl/nvp/nvp6134c_i2c_bringup.vhd","ADDED","","1308","9179C613E391827A4930C33CCAC670D030AF5217B98F5E22C9743CDF50C2A4EC","PRODUCTION_SYNTHESIS_SOURCE","VIVADO_DEFAULT_NON_2008_COMPATIBLE_OR_STRUCTURAL_LINE","VIVADO_DEFAULT_NON_2008_COMPATIBLE_BY_EXACT_CONTEXT_AUDIT","NO_REWRITE","                    phys_after_valid_v := '0';"
"rtl/nvp/nvp6134c_i2c_bringup.vhd","ADDED","","1309","0CBFCAD6A6C36C121B4A1C22D1862AD8B8555C8E480D7267AB67D442138EB7BF","PRODUCTION_SYNTHESIS_SOURCE","VIVADO_DEFAULT_NON_2008_COMPATIBLE_OR_STRUCTURAL_LINE","VIVADO_DEFAULT_NON_2008_COMPATIBLE_BY_EXACT_CONTEXT_AUDIT","NO_REWRITE","                    verify_result_v := ""011""; -- transport NACK"
"rtl/nvp/nvp6134c_i2c_bringup.vhd","ADDED","","1310","756DA221817BF83F4E7769AE8DD90AC15DB023D7E3608E0753BAF9CD05E07D6D","PRODUCTION_SYNTHESIS_SOURCE","VIVADO_DEFAULT_NON_2008_COMPATIBLE_OR_STRUCTURAL_LINE","VIVADO_DEFAULT_NON_2008_COMPATIBLE_BY_EXACT_CONTEXT_AUDIT","NO_REWRITE","                    bank_update_reason_v := ""0110"";"
"rtl/nvp/nvp6134c_i2c_bringup.vhd","ADDED","","1311","007ABCDAC9AE893A6B93AC3425816E070524419B40DE0B0F2B6F545DD9437611","PRODUCTION_SYNTHESIS_SOURCE","VIVADO_DEFAULT_NON_2008_COMPATIBLE_OR_STRUCTURAL_LINE","VIVADO_DEFAULT_NON_2008_COMPATIBLE_BY_EXACT_CONTEXT_AUDIT","NO_REWRITE","                  end if;"
"rtl/nvp/nvp6134c_i2c_bringup.vhd","ADDED","","1312","960AE6201A7109FADACCD8BCB862CD02E85F6181B8446C416285EA07FA0BFE1A","PRODUCTION_SYNTHESIS_SOURCE","VIVADO_DEFAULT_NON_2008_COMPATIBLE_OR_STRUCTURAL_LINE","VIVADO_DEFAULT_NON_2008_COMPATIBLE_BY_EXACT_CONTEXT_AUDIT","NO_REWRITE","                elsif is_original_rd = '1' and"
"rtl/nvp/nvp6134c_i2c_bringup.vhd","ADDED","","1313","00AC219B449A47B36082E32A8B5ECC00BED7B1512CDF419BF0D72EEE6D1CD129","PRODUCTION_SYNTHESIS_SOURCE","VIVADO_DEFAULT_NON_2008_COMPATIBLE_OR_STRUCTURAL_LINE","VIVADO_DEFAULT_NON_2008_COMPATIBLE_BY_EXACT_CONTEXT_AUDIT","NO_REWRITE","                      cur_error = '0' and scl_timeout_seen_r = '0' then"
"rtl/nvp/nvp6134c_i2c_bringup.vhd","ADDED","","1314","656CEAFF5EC17CFB0A028E57796EA8B2046E44472F1CB9978B1885ECB0D39843","PRODUCTION_SYNTHESIS_SOURCE","VIVADO_DEFAULT_NON_2008_COMPATIBLE_OR_STRUCTURAL_LINE","VIVADO_DEFAULT_NON_2008_COMPATIBLE_BY_EXACT_CONTEXT_AUDIT","NO_REWRITE","                  phys_after_v := data_rx;"
"rtl/nvp/nvp6134c_i2c_bringup.vhd","ADDED","","1315","13BB3163E382975E0B31695D17C217AE83D7322FFA6F01D07E663ABC0A853471","PRODUCTION_SYNTHESIS_SOURCE","VIVADO_DEFAULT_NON_2008_COMPATIBLE_OR_STRUCTURAL_LINE","VIVADO_DEFAULT_NON_2008_COMPATIBLE_BY_EXACT_CONTEXT_AUDIT","NO_REWRITE","                  phys_after_valid_v := '1';"
"rtl/nvp/nvp6134c_i2c_bringup.vhd","ADDED","","1316","537BFF3B6579B3C30F0BD55A6E2BFFE29EE69941A46790FE3FD776CD67B2BE85","PRODUCTION_SYNTHESIS_SOURCE","VIVADO_DEFAULT_NON_2008_COMPATIBLE_OR_STRUCTURAL_LINE","VIVADO_DEFAULT_NON_2008_COMPATIBLE_BY_EXACT_CONTEXT_AUDIT","NO_REWRITE","                  bank_update_reason_v := ""0001"";"
"rtl/nvp/nvp6134c_i2c_bringup.vhd","ADDED","","1317","A0DAE1AC041A6BF00C78FAEE15E00B31C2556A557826E7E57279E71FF4D8A37E","PRODUCTION_SYNTHESIS_SOURCE","VIVADO_DEFAULT_NON_2008_COMPATIBLE_OR_STRUCTURAL_LINE","VIVADO_DEFAULT_NON_2008_COMPATIBLE_BY_EXACT_CONTEXT_AUDIT","NO_REWRITE","                end if;"
"rtl/nvp/nvp6134c_i2c_bringup.vhd","ADDED","","1318","0819D9D6C3BCE4AF79E1BC916BB0C68B848CBA7A85420B582BB603A515678875","PRODUCTION_SYNTHESIS_SOURCE","VIVADO_DEFAULT_NON_2008_COMPATIBLE_OR_STRUCTURAL_LINE","VIVADO_DEFAULT_NON_2008_COMPATIBLE_BY_EXACT_CONTEXT_AUDIT","NO_REWRITE","              elsif r1f_tx_reg_r = C_V38EK_BANK_SELECT_REG then"
"rtl/nvp/nvp6134c_i2c_bringup.vhd","ADDED","","1319","C46D09BC6F4685502881FD1894AFF0D7D066D0D6A8DD6D29F94B5CEA83455FD5","PRODUCTION_SYNTHESIS_SOURCE","VIVADO_DEFAULT_NON_2008_COMPATIBLE_OR_STRUCTURAL_LINE","VIVADO_DEFAULT_NON_2008_COMPATIBLE_BY_EXACT_CONTEXT_AUDIT","NO_REWRITE","                if cur_error = '0' and scl_timeout_seen_r = '0' then"
"rtl/nvp/nvp6134c_i2c_bringup.vhd","ADDED","","1320","CD4376BF37D3329E3600C3440681418AC250F30992643EC850043221D11405E2","PRODUCTION_SYNTHESIS_SOURCE","VIVADO_DEFAULT_NON_2008_COMPATIBLE_OR_STRUCTURAL_LINE","VIVADO_DEFAULT_NON_2008_COMPATIBLE_BY_EXACT_CONTEXT_AUDIT","NO_REWRITE","                  if defer_phys_bank_update = '1' then"
"rtl/nvp/nvp6134c_i2c_bringup.vhd","ADDED","","1321","95439BFCD0F7EC184613DD5F623EA69DD05B612A1E23AC87A8D411651AE2951E","PRODUCTION_SYNTHESIS_SOURCE","COMMENT_OR_BLANK","NOT_EXECUTABLE_LANGUAGE_CONSTRUCT","NO_REWRITE","                    -- The cache remains the last proven bank until readback."
"rtl/nvp/nvp6134c_i2c_bringup.vhd","ADDED","","1322","FE1E3CBFBB6A7EE2A59C2DF14D2C72C5D95F37F5D94B624CAF9312140BAD4F07","PRODUCTION_SYNTHESIS_SOURCE","VIVADO_DEFAULT_NON_2008_COMPATIBLE_OR_STRUCTURAL_LINE","VIVADO_DEFAULT_NON_2008_COMPATIBLE_BY_EXACT_CONTEXT_AUDIT","NO_REWRITE","                    bank_update_reason_v := ""1001"";"
"rtl/nvp/nvp6134c_i2c_bringup.vhd","ADDED","","1323","9421A9DDD84667B48688D4C9B404585DF6BDA3D197D3C92E6B70C65EFED24F5A","PRODUCTION_SYNTHESIS_SOURCE","VIVADO_DEFAULT_NON_2008_COMPATIBLE_OR_STRUCTURAL_LINE","VIVADO_DEFAULT_NON_2008_COMPATIBLE_BY_EXACT_CONTEXT_AUDIT","NO_REWRITE","                  else"
"rtl/nvp/nvp6134c_i2c_bringup.vhd","ADDED","","1324","6A58C17B0F7CBE541A24D65D002B6CD778C46D1B3AD03E7E7244C4AE7D329EA8","PRODUCTION_SYNTHESIS_SOURCE","VIVADO_DEFAULT_NON_2008_COMPATIBLE_OR_STRUCTURAL_LINE","VIVADO_DEFAULT_NON_2008_COMPATIBLE_BY_EXACT_CONTEXT_AUDIT","NO_REWRITE","                    phys_after_v := r1f_tx_wdata_r;"
"rtl/nvp/nvp6134c_i2c_bringup.vhd","ADDED","","1325","1BB35CB1D1F5EE0287754F79194538D7A6BEB0E714E9A4941C87C6B8F277A49F","PRODUCTION_SYNTHESIS_SOURCE","VIVADO_DEFAULT_NON_2008_COMPATIBLE_OR_STRUCTURAL_LINE","VIVADO_DEFAULT_NON_2008_COMPATIBLE_BY_EXACT_CONTEXT_AUDIT","NO_REWRITE","                    phys_after_valid_v := '1';"
"rtl/nvp/nvp6134c_i2c_bringup.vhd","ADDED","","1326","6740B3496A8F4371C95558DFFE705CB64ED2800309605C81580807921A01BB80","PRODUCTION_SYNTHESIS_SOURCE","VIVADO_DEFAULT_NON_2008_COMPATIBLE_OR_STRUCTURAL_LINE","VIVADO_DEFAULT_NON_2008_COMPATIBLE_BY_EXACT_CONTEXT_AUDIT","NO_REWRITE","                    if is_restore_wr = '1' then"
"rtl/nvp/nvp6134c_i2c_bringup.vhd","ADDED","","1327","502900D55BA539EC3F4A75DDC38E8F2DB78F2844C9BE614C03726984D642BB6D","PRODUCTION_SYNTHESIS_SOURCE","VIVADO_DEFAULT_NON_2008_COMPATIBLE_OR_STRUCTURAL_LINE","VIVADO_DEFAULT_NON_2008_COMPATIBLE_BY_EXACT_CONTEXT_AUDIT","NO_REWRITE","                      bank_update_reason_v := ""0100"";"
"rtl/nvp/nvp6134c_i2c_bringup.vhd","ADDED","","1328","CA95E5D0F931B9AFBFFF25666F9AA55E324E0FDE98EF4C1802C1C16518C7F767","PRODUCTION_SYNTHESIS_SOURCE","VIVADO_DEFAULT_NON_2008_COMPATIBLE_OR_STRUCTURAL_LINE","VIVADO_DEFAULT_NON_2008_COMPATIBLE_BY_EXACT_CONTEXT_AUDIT","NO_REWRITE","                    else"
"rtl/nvp/nvp6134c_i2c_bringup.vhd","ADDED","","1329","D513B5C9B35BE5701DFAA90C58902D5D8D7D7D637B3051CD1A87A2F4252012B9","PRODUCTION_SYNTHESIS_SOURCE","VIVADO_DEFAULT_NON_2008_COMPATIBLE_OR_STRUCTURAL_LINE","VIVADO_DEFAULT_NON_2008_COMPATIBLE_BY_EXACT_CONTEXT_AUDIT","NO_REWRITE","                      bank_update_reason_v := ""0010"";"
"rtl/nvp/nvp6134c_i2c_bringup.vhd","ADDED","","1330","5C44588BC691353633425080796A84C63F3B3EB5E444B3CB074CF1C6ADCA7AE1","PRODUCTION_SYNTHESIS_SOURCE","VIVADO_DEFAULT_NON_2008_COMPATIBLE_OR_STRUCTURAL_LINE","VIVADO_DEFAULT_NON_2008_COMPATIBLE_BY_EXACT_CONTEXT_AUDIT","NO_REWRITE","                    end if;"
"rtl/nvp/nvp6134c_i2c_bringup.vhd","ADDED","","1331","007ABCDAC9AE893A6B93AC3425816E070524419B40DE0B0F2B6F545DD9437611","PRODUCTION_SYNTHESIS_SOURCE","VIVADO_DEFAULT_NON_2008_COMPATIBLE_OR_STRUCTURAL_LINE","VIVADO_DEFAULT_NON_2008_COMPATIBLE_BY_EXACT_CONTEXT_AUDIT","NO_REWRITE","                  end if;"
"rtl/nvp/nvp6134c_i2c_bringup.vhd","ADDED","","1332","D731282873277237A9475C74400ECC38A7511A32CB28B931C0349EF4966C140E","PRODUCTION_SYNTHESIS_SOURCE","VIVADO_DEFAULT_NON_2008_COMPATIBLE_OR_STRUCTURAL_LINE","VIVADO_DEFAULT_NON_2008_COMPATIBLE_BY_EXACT_CONTEXT_AUDIT","NO_REWRITE","                elsif defer_phys_bank_update = '1' then"
"rtl/nvp/nvp6134c_i2c_bringup.vhd","ADDED","","1333","7C6E0C5214D3C9877A424B3166825584485BA5990C1E4842948E73BF85B827EB","PRODUCTION_SYNTHESIS_SOURCE","VIVADO_DEFAULT_NON_2008_COMPATIBLE_OR_STRUCTURAL_LINE","VIVADO_DEFAULT_NON_2008_COMPATIBLE_BY_EXACT_CONTEXT_AUDIT","NO_REWRITE","                  phys_after_v := (others => '0');"
"rtl/nvp/nvp6134c_i2c_bringup.vhd","ADDED","","1334","7FC73C838E4093484F8F32CB00E1D85CC6C4376F80F34112D6F8EAC4F6B575E7","PRODUCTION_SYNTHESIS_SOURCE","VIVADO_DEFAULT_NON_2008_COMPATIBLE_OR_STRUCTURAL_LINE","VIVADO_DEFAULT_NON_2008_COMPATIBLE_BY_EXACT_CONTEXT_AUDIT","NO_REWRITE","                  phys_after_valid_v := '0';"
"rtl/nvp/nvp6134c_i2c_bringup.vhd","ADDED","","1335","E8558DE3148E4266386C6443307B9054D5B113DB069EC0FB3B710D6DB6C93E88","PRODUCTION_SYNTHESIS_SOURCE","VIVADO_DEFAULT_NON_2008_COMPATIBLE_OR_STRUCTURAL_LINE","VIVADO_DEFAULT_NON_2008_COMPATIBLE_BY_EXACT_CONTEXT_AUDIT","NO_REWRITE","                  bank_update_reason_v := ""0101"";"
"rtl/nvp/nvp6134c_i2c_bringup.vhd","ADDED","","1336","517B6F8EF1A6D899EA5B3C267A1996F9C79EA39ECE568BC6B6CC5EAEAD8406D6","PRODUCTION_SYNTHESIS_SOURCE","VIVADO_DEFAULT_NON_2008_COMPATIBLE_OR_STRUCTURAL_LINE","VIVADO_DEFAULT_NON_2008_COMPATIBLE_BY_EXACT_CONTEXT_AUDIT","NO_REWRITE","                  verify_result_v := ""010"";"
"rtl/nvp/nvp6134c_i2c_bringup.vhd","ADDED","","1337","A0DAE1AC041A6BF00C78FAEE15E00B31C2556A557826E7E57279E71FF4D8A37E","PRODUCTION_SYNTHESIS_SOURCE","VIVADO_DEFAULT_NON_2008_COMPATIBLE_OR_STRUCTURAL_LINE","VIVADO_DEFAULT_NON_2008_COMPATIBLE_BY_EXACT_CONTEXT_AUDIT","NO_REWRITE","                end if;"
"rtl/nvp/nvp6134c_i2c_bringup.vhd","ADDED","","1338","8A062EA799D5B7A2938C50D924799D94BB1557C13E7179E7F092B5912F180D73","PRODUCTION_SYNTHESIS_SOURCE","VIVADO_DEFAULT_NON_2008_COMPATIBLE_OR_STRUCTURAL_LINE","VIVADO_DEFAULT_NON_2008_COMPATIBLE_BY_EXACT_CONTEXT_AUDIT","NO_REWRITE","              end if;"
"rtl/nvp/nvp6134c_i2c_bringup.vhd","ADDED","","1339","E3B0C44298FC1C149AFBF4C8996FB92427AE41E4649B934CA495991B7852B855","PRODUCTION_SYNTHESIS_SOURCE","COMMENT_OR_BLANK","NOT_EXECUTABLE_LANGUAGE_CONSTRUCT","NO_REWRITE",""
"rtl/nvp/nvp6134c_i2c_bringup.vhd","ADDED","","1340","AADCBDEDD40EB53FA0461B200C16A4EC3B45B9F4B6A230D8EC4C0E5AC8FBAAC9","PRODUCTION_SYNTHESIS_SOURCE","VIVADO_DEFAULT_NON_2008_COMPATIBLE_OR_STRUCTURAL_LINE","VIVADO_DEFAULT_NON_2008_COMPATIBLE_BY_EXACT_CONTEXT_AUDIT","NO_REWRITE","              transaction_failed_v :="
"rtl/nvp/nvp6134c_i2c_bringup.vhd","ADDED","","1341","2FD423D328AC80F210BD20BDFE541196EC672BA1261A0DF464B8FE3EAD9C0BF9","PRODUCTION_SYNTHESIS_SOURCE","VIVADO_DEFAULT_NON_2008_COMPATIBLE_OR_STRUCTURAL_LINE","VIVADO_DEFAULT_NON_2008_COMPATIBLE_BY_EXACT_CONTEXT_AUDIT","NO_REWRITE","                r1f_tx_nack_bitmap_r /= ""0000"" or"
"rtl/nvp/nvp6134c_i2c_bringup.vhd","ADDED","","1342","5BCD9AC1E05D085F962528D9F3E59F7039E2B83AA2E3E82BE7A16033174774C9","PRODUCTION_SYNTHESIS_SOURCE","VIVADO_DEFAULT_NON_2008_COMPATIBLE_OR_STRUCTURAL_LINE","VIVADO_DEFAULT_NON_2008_COMPATIBLE_BY_EXACT_CONTEXT_AUDIT","NO_REWRITE","                scl_timeout_seen_r = '1' or terminal_error_v /= x""00"";"
"rtl/nvp/nvp6134c_i2c_bringup.vhd","ADDED","","1343","9FCCF67328B655248226CE8BBB28CAE54BB312106E64AAD1C154D5560DEDA3A3","PRODUCTION_SYNTHESIS_SOURCE","VIVADO_DEFAULT_NON_2008_COMPATIBLE_OR_STRUCTURAL_LINE","VIVADO_DEFAULT_NON_2008_COMPATIBLE_BY_EXACT_CONTEXT_AUDIT","NO_REWRITE","              r1f_txn_completions_r <= sat_inc32(r1f_txn_completions_r);"
"rtl/nvp/nvp6134c_i2c_bringup.vhd","ADDED","","1344","C1835266CE1422E165B20E62421500763E47543CF7B9FB3EE3E1D031DF49CB91","PRODUCTION_SYNTHESIS_SOURCE","VIVADO_DEFAULT_NON_2008_COMPATIBLE_OR_STRUCTURAL_LINE","VIVADO_DEFAULT_NON_2008_COMPATIBLE_BY_EXACT_CONTEXT_AUDIT","NO_REWRITE","              if scl_timeout_seen_r = '1' then"
"rtl/nvp/nvp6134c_i2c_bringup.vhd","ADDED","","1345","3E410E54AB1F25E4DFED6775CDD9F569692BB33087441D5E34D425B5F4171810","PRODUCTION_SYNTHESIS_SOURCE","VIVADO_DEFAULT_NON_2008_COMPATIBLE_OR_STRUCTURAL_LINE","VIVADO_DEFAULT_NON_2008_COMPATIBLE_BY_EXACT_CONTEXT_AUDIT","NO_REWRITE","                r1f_timeout_txns_r <= sat_inc32(r1f_timeout_txns_r);"
"rtl/nvp/nvp6134c_i2c_bringup.vhd","ADDED","","1346","8A062EA799D5B7A2938C50D924799D94BB1557C13E7179E7F092B5912F180D73","PRODUCTION_SYNTHESIS_SOURCE","VIVADO_DEFAULT_NON_2008_COMPATIBLE_OR_STRUCTURAL_LINE","VIVADO_DEFAULT_NON_2008_COMPATIBLE_BY_EXACT_CONTEXT_AUDIT","NO_REWRITE","              end if;"
"rtl/nvp/nvp6134c_i2c_bringup.vhd","ADDED","","1347","09584435FC669339E460079E65E71DB716235F8E8F1CA0E57FB876008B64FC9A","PRODUCTION_SYNTHESIS_SOURCE","VIVADO_DEFAULT_NON_2008_COMPATIBLE_OR_STRUCTURAL_LINE","VIVADO_DEFAULT_NON_2008_COMPATIBLE_BY_EXACT_CONTEXT_AUDIT","NO_REWRITE","              if transaction_failed_v then"
"rtl/nvp/nvp6134c_i2c_bringup.vhd","ADDED","","1348","27D8ADCC8E12A638D08EAAF49C30AE5AA3255418178BA4C0D57B0F039B78CE1F","PRODUCTION_SYNTHESIS_SOURCE","VIVADO_DEFAULT_NON_2008_COMPATIBLE_OR_STRUCTURAL_LINE","VIVADO_DEFAULT_NON_2008_COMPATIBLE_BY_EXACT_CONTEXT_AUDIT","NO_REWRITE","                r1f_failed_txns_r <= sat_inc32(r1f_failed_txns_r);"
"rtl/nvp/nvp6134c_i2c_bringup.vhd","ADDED","","1349","C3A9BF581EAEB87CDA1FED336854B19BB43147F51A1443E103206319D62710D5","PRODUCTION_SYNTHESIS_SOURCE","VIVADO_DEFAULT_NON_2008_COMPATIBLE_OR_STRUCTURAL_LINE","VIVADO_DEFAULT_NON_2008_COMPATIBLE_BY_EXACT_CONTEXT_AUDIT","NO_REWRITE","                record_v := (others => '0');"
"rtl/nvp/nvp6134c_i2c_bringup.vhd","ADDED","","1350","568DE43D38A6DE9E894A913F3FDCB95EC77D2322AF396664F9DF6B760587AED0","PRODUCTION_SYNTHESIS_SOURCE","VIVADO_DEFAULT_NON_2008_COMPATIBLE_OR_STRUCTURAL_LINE","VIVADO_DEFAULT_NON_2008_COMPATIBLE_BY_EXACT_CONTEXT_AUDIT","NO_REWRITE","                record_v(15 downto 0) := r1f_tx_index_r;"
"rtl/nvp/nvp6134c_i2c_bringup.vhd","ADDED","","1351","003FBEE3DC82493810372D27C4C694D5017379B78F5F3C1DA072973030A4AAC9","PRODUCTION_SYNTHESIS_SOURCE","VIVADO_DEFAULT_NON_2008_COMPATIBLE_OR_STRUCTURAL_LINE","VIVADO_DEFAULT_NON_2008_COMPATIBLE_BY_EXACT_CONTEXT_AUDIT","NO_REWRITE","                record_v(31 downto 16) := r1f_tx_slot_r;"
"rtl/nvp/nvp6134c_i2c_bringup.vhd","ADDED","","1352","B8B5C6FEB82DE2668B5837B99E377943D5A8C36CB558CCC3190E508F532AAE28","PRODUCTION_SYNTHESIS_SOURCE","VIVADO_DEFAULT_NON_2008_COMPATIBLE_OR_STRUCTURAL_LINE","VIVADO_DEFAULT_NON_2008_COMPATIBLE_BY_EXACT_CONTEXT_AUDIT","NO_REWRITE","                record_v(39 downto 32) := r1f_tx_legacy_op_r;"
"rtl/nvp/nvp6134c_i2c_bringup.vhd","ADDED","","1353","9016E92C3947B7A3987AF145C32E71B79773F4D910ED3F6FB41C49A92953F636","PRODUCTION_SYNTHESIS_SOURCE","VIVADO_DEFAULT_NON_2008_COMPATIBLE_OR_STRUCTURAL_LINE","VIVADO_DEFAULT_NON_2008_COMPATIBLE_BY_EXACT_CONTEXT_AUDIT","NO_REWRITE","                record_v(43 downto 40) := r1f_tx_phase_r;"
"rtl/nvp/nvp6134c_i2c_bringup.vhd","ADDED","","1354","CB11940957A934C440B36AD83E0FD0436F35107B9D1769FCE9646C705208C680","PRODUCTION_SYNTHESIS_SOURCE","VIVADO_DEFAULT_NON_2008_COMPATIBLE_OR_STRUCTURAL_LINE","VIVADO_DEFAULT_NON_2008_COMPATIBLE_BY_EXACT_CONTEXT_AUDIT","NO_REWRITE","                record_v(47 downto 44) := r1f_tx_kind_r;"
"rtl/nvp/nvp6134c_i2c_bringup.vhd","ADDED","","1355","5F1B87CE14DF837B2460CFFC2FED97468E46392B8C5EF135D20745B0A37523DF","PRODUCTION_SYNTHESIS_SOURCE","VIVADO_DEFAULT_NON_2008_COMPATIBLE_OR_STRUCTURAL_LINE","VIVADO_DEFAULT_NON_2008_COMPATIBLE_BY_EXACT_CONTEXT_AUDIT","NO_REWRITE","                record_v(51 downto 48) := r1f_tx_opp_bitmap_r;"
"rtl/nvp/nvp6134c_i2c_bringup.vhd","ADDED","","1356","CD724021A09B208B5A810724AEE7899E61C6E5B1446EEA9578C59D9253ED6ABB","PRODUCTION_SYNTHESIS_SOURCE","VIVADO_DEFAULT_NON_2008_COMPATIBLE_OR_STRUCTURAL_LINE","VIVADO_DEFAULT_NON_2008_COMPATIBLE_BY_EXACT_CONTEXT_AUDIT","NO_REWRITE","                record_v(55 downto 52) := r1f_tx_nack_bitmap_r;"
"rtl/nvp/nvp6134c_i2c_bringup.vhd","ADDED","","1357","8AF530C361420143E175AF5746886C684BA5C32967D4C9B5CF7AAE9741515194","PRODUCTION_SYNTHESIS_SOURCE","VIVADO_DEFAULT_NON_2008_COMPATIBLE_OR_STRUCTURAL_LINE","VIVADO_DEFAULT_NON_2008_COMPATIBLE_BY_EXACT_CONTEXT_AUDIT","NO_REWRITE","                record_v(58 downto 56) := std_logic_vector(r1f_tx_nack_count_r);"
"rtl/nvp/nvp6134c_i2c_bringup.vhd","ADDED","","1358","24A542B3973408C4FDE48875FF8669F8B6E381D74F3AE59ABCB6408D8EC2807C","PRODUCTION_SYNTHESIS_SOURCE","VIVADO_DEFAULT_NON_2008_COMPATIBLE_OR_STRUCTURAL_LINE","VIVADO_DEFAULT_NON_2008_COMPATIBLE_BY_EXACT_CONTEXT_AUDIT","NO_REWRITE","                record_v(59) := scl_timeout_seen_r;"
"rtl/nvp/nvp6134c_i2c_bringup.vhd","ADDED","","1359","923639938AECC94F9CC02F405020664E82560C60740C582872DFEBEA862EE9B3","PRODUCTION_SYNTHESIS_SOURCE","VIVADO_DEFAULT_NON_2008_COMPATIBLE_OR_STRUCTURAL_LINE","VIVADO_DEFAULT_NON_2008_COMPATIBLE_BY_EXACT_CONTEXT_AUDIT","NO_REWRITE","                record_v(60) := '1'; -- transaction completed at STORE_RESULT"
"rtl/nvp/nvp6134c_i2c_bringup.vhd","ADDED","","1360","5EC27C5E8A9693E56B9EA69C793BDC788512E7CE05F48C61482A54FF8BFD1182","PRODUCTION_SYNTHESIS_SOURCE","VIVADO_DEFAULT_NON_2008_COMPATIBLE_OR_STRUCTURAL_LINE","VIVADO_DEFAULT_NON_2008_COMPATIBLE_BY_EXACT_CONTEXT_AUDIT","NO_REWRITE","                record_v(61) := '1'; -- atomic record-valid bit"
"rtl/nvp/nvp6134c_i2c_bringup.vhd","ADDED","","1361","02590EC82CF028DBDE8C71E978575B1698E210CCD1EA4B58B408330E082871BA","PRODUCTION_SYNTHESIS_SOURCE","VIVADO_DEFAULT_NON_2008_COMPATIBLE_OR_STRUCTURAL_LINE","VIVADO_DEFAULT_NON_2008_COMPATIBLE_BY_EXACT_CONTEXT_AUDIT","NO_REWRITE","                record_v(71 downto 64) := r1f_tx_reg_r;"
"rtl/nvp/nvp6134c_i2c_bringup.vhd","ADDED","","1362","83D9B3DB60782009233E57C50D05FB41F41183BF1326F8E11C51ADA45D2DDEF3","PRODUCTION_SYNTHESIS_SOURCE","VIVADO_DEFAULT_NON_2008_COMPATIBLE_OR_STRUCTURAL_LINE","VIVADO_DEFAULT_NON_2008_COMPATIBLE_BY_EXACT_CONTEXT_AUDIT","NO_REWRITE","                record_v(79 downto 72) := r1f_tx_wdata_r;"
"rtl/nvp/nvp6134c_i2c_bringup.vhd","ADDED","","1363","16F7C4FE22B6446A37874E6D5CE9A76F6037F2B0F4622851F7ABA2CC0F516620","PRODUCTION_SYNTHESIS_SOURCE","VIVADO_DEFAULT_NON_2008_COMPATIBLE_OR_STRUCTURAL_LINE","VIVADO_DEFAULT_NON_2008_COMPATIBLE_BY_EXACT_CONTEXT_AUDIT","NO_REWRITE","                if read_data_valid_v = '1' then"
"rtl/nvp/nvp6134c_i2c_bringup.vhd","ADDED","","1364","2E65DCE7188BA27D141E2EBC86D206147BCB5EF74CF7847230748BDD0C42639A","PRODUCTION_SYNTHESIS_SOURCE","VIVADO_DEFAULT_NON_2008_COMPATIBLE_OR_STRUCTURAL_LINE","VIVADO_DEFAULT_NON_2008_COMPATIBLE_BY_EXACT_CONTEXT_AUDIT","NO_REWRITE","                  record_v(87 downto 80) := data_rx;"
"rtl/nvp/nvp6134c_i2c_bringup.vhd","ADDED","","1365","A0DAE1AC041A6BF00C78FAEE15E00B31C2556A557826E7E57279E71FF4D8A37E","PRODUCTION_SYNTHESIS_SOURCE","VIVADO_DEFAULT_NON_2008_COMPATIBLE_OR_STRUCTURAL_LINE","VIVADO_DEFAULT_NON_2008_COMPATIBLE_BY_EXACT_CONTEXT_AUDIT","NO_REWRITE","                end if;"
"rtl/nvp/nvp6134c_i2c_bringup.vhd","ADDED","","1366","5D9A8748DD2D1043DDD4D6492214524C20F762DB17CDD3FD730BD6B1E9CEF47C","PRODUCTION_SYNTHESIS_SOURCE","VIVADO_DEFAULT_NON_2008_COMPATIBLE_OR_STRUCTURAL_LINE","VIVADO_DEFAULT_NON_2008_COMPATIBLE_BY_EXACT_CONTEXT_AUDIT","NO_REWRITE","                record_v(88) := '1'; -- every inherited transaction has REG"
"rtl/nvp/nvp6134c_i2c_bringup.vhd","ADDED","","1367","2FA60EC87B7C9B97FBF2063B81FEF90CEB4F4B31B30BD9B192CD5D783A3020AA","PRODUCTION_SYNTHESIS_SOURCE","VIVADO_DEFAULT_NON_2008_COMPATIBLE_OR_STRUCTURAL_LINE","VIVADO_DEFAULT_NON_2008_COMPATIBLE_BY_EXACT_CONTEXT_AUDIT","NO_REWRITE","                record_v(89) := r1f_tx_wdata_valid_r;"
"rtl/nvp/nvp6134c_i2c_bringup.vhd","ADDED","","1368","6F811C65F052FFD562B73289267281E1CCDC63660A99D93C7A207C9DB7759813","PRODUCTION_SYNTHESIS_SOURCE","VIVADO_DEFAULT_NON_2008_COMPATIBLE_OR_STRUCTURAL_LINE","VIVADO_DEFAULT_NON_2008_COMPATIBLE_BY_EXACT_CONTEXT_AUDIT","NO_REWRITE","                record_v(90) := read_data_valid_v;"
"rtl/nvp/nvp6134c_i2c_bringup.vhd","ADDED","","1369","211596FC43064FC7B0F1A23CB3DE8A862216BBFB4786103855DC944EB0F8453E","PRODUCTION_SYNTHESIS_SOURCE","VIVADO_DEFAULT_NON_2008_COMPATIBLE_OR_STRUCTURAL_LINE","VIVADO_DEFAULT_NON_2008_COMPATIBLE_BY_EXACT_CONTEXT_AUDIT","NO_REWRITE","                record_v(91) := r1f_tx_requested_bank_valid_r;"
"rtl/nvp/nvp6134c_i2c_bringup.vhd","ADDED","","1370","177895B06173C8E4D410655C69B2740687FEFD860BF9484842BB2839BFBA45B8","PRODUCTION_SYNTHESIS_SOURCE","VIVADO_DEFAULT_NON_2008_COMPATIBLE_OR_STRUCTURAL_LINE","VIVADO_DEFAULT_NON_2008_COMPATIBLE_BY_EXACT_CONTEXT_AUDIT","NO_REWRITE","                record_v(92) := r1f_tx_phys_before_valid_r;"
"rtl/nvp/nvp6134c_i2c_bringup.vhd","ADDED","","1371","3B925F8A640036BC79AA241A3B117E7845E7EE06B049460B7E21FA1E192B050B","PRODUCTION_SYNTHESIS_SOURCE","VIVADO_DEFAULT_NON_2008_COMPATIBLE_OR_STRUCTURAL_LINE","VIVADO_DEFAULT_NON_2008_COMPATIBLE_BY_EXACT_CONTEXT_AUDIT","NO_REWRITE","                record_v(93) := r1f_tx_selector_valid_r;"
"rtl/nvp/nvp6134c_i2c_bringup.vhd","ADDED","","1372","B819AA31F74EC05ED49F7E21635A43FFC898FB2A73B5DB87739EA9A8690524A5","PRODUCTION_SYNTHESIS_SOURCE","VIVADO_DEFAULT_NON_2008_COMPATIBLE_OR_STRUCTURAL_LINE","VIVADO_DEFAULT_NON_2008_COMPATIBLE_BY_EXACT_CONTEXT_AUDIT","NO_REWRITE","                record_v(94) := r1f_tx_verify_expected_valid_r;"
"rtl/nvp/nvp6134c_i2c_bringup.vhd","ADDED","","1373","F9823FBA00ABB272076CE95602A2754E013B1BAD30E1BEC6F251143C100955B3","PRODUCTION_SYNTHESIS_SOURCE","VIVADO_DEFAULT_NON_2008_COMPATIBLE_OR_STRUCTURAL_LINE","VIVADO_DEFAULT_NON_2008_COMPATIBLE_BY_EXACT_CONTEXT_AUDIT","NO_REWRITE","                record_v(95) := verify_observed_valid_v;"
"rtl/nvp/nvp6134c_i2c_bringup.vhd","ADDED","","1374","A21415DDCFD2436D590B8C0C1CF6AB459E23BD1159C56273FFE61CDCAACE3A1F","PRODUCTION_SYNTHESIS_SOURCE","VIVADO_DEFAULT_NON_2008_COMPATIBLE_OR_STRUCTURAL_LINE","VIVADO_DEFAULT_NON_2008_COMPATIBLE_BY_EXACT_CONTEXT_AUDIT","NO_REWRITE","                record_v(103 downto 96) := r1f_tx_requested_bank_r;"
"rtl/nvp/nvp6134c_i2c_bringup.vhd","ADDED","","1375","EE67C88FDCE7707DAB431F6C0FA2DC656B0F3EE018CAE0A5DE98316A87AE98FD","PRODUCTION_SYNTHESIS_SOURCE","VIVADO_DEFAULT_NON_2008_COMPATIBLE_OR_STRUCTURAL_LINE","VIVADO_DEFAULT_NON_2008_COMPATIBLE_BY_EXACT_CONTEXT_AUDIT","NO_REWRITE","                if r1f_tx_phys_before_valid_r = '1' then"
"rtl/nvp/nvp6134c_i2c_bringup.vhd","ADDED","","1376","BD42D5B6B1F27079FC0F768560C05922CB14DBE9712F799B897B23EB38C10B62","PRODUCTION_SYNTHESIS_SOURCE","VIVADO_DEFAULT_NON_2008_COMPATIBLE_OR_STRUCTURAL_LINE","VIVADO_DEFAULT_NON_2008_COMPATIBLE_BY_EXACT_CONTEXT_AUDIT","NO_REWRITE","                  record_v(111 downto 104) := r1f_tx_phys_before_r;"
"rtl/nvp/nvp6134c_i2c_bringup.vhd","ADDED","","1377","A0DAE1AC041A6BF00C78FAEE15E00B31C2556A557826E7E57279E71FF4D8A37E","PRODUCTION_SYNTHESIS_SOURCE","VIVADO_DEFAULT_NON_2008_COMPATIBLE_OR_STRUCTURAL_LINE","VIVADO_DEFAULT_NON_2008_COMPATIBLE_BY_EXACT_CONTEXT_AUDIT","NO_REWRITE","                end if;"
"rtl/nvp/nvp6134c_i2c_bringup.vhd","ADDED","","1378","B1B1CFBF4E964E32501C8F9F145C614600DD9D4BF2A4057B7999A3F4B938D46E","PRODUCTION_SYNTHESIS_SOURCE","VIVADO_DEFAULT_NON_2008_COMPATIBLE_OR_STRUCTURAL_LINE","VIVADO_DEFAULT_NON_2008_COMPATIBLE_BY_EXACT_CONTEXT_AUDIT","NO_REWRITE","                if r1f_tx_selector_valid_r = '1' then"
"rtl/nvp/nvp6134c_i2c_bringup.vhd","ADDED","","1379","37A6D970D08F047D06B3C8EE2CB22F3AAB172E9DF5E68878BBA20FE3E1DB87C6","PRODUCTION_SYNTHESIS_SOURCE","VIVADO_DEFAULT_NON_2008_COMPATIBLE_OR_STRUCTURAL_LINE","VIVADO_DEFAULT_NON_2008_COMPATIBLE_BY_EXACT_CONTEXT_AUDIT","NO_REWRITE","                  record_v(119 downto 112) := r1f_tx_selector_r;"
"rtl/nvp/nvp6134c_i2c_bringup.vhd","ADDED","","1380","A0DAE1AC041A6BF00C78FAEE15E00B31C2556A557826E7E57279E71FF4D8A37E","PRODUCTION_SYNTHESIS_SOURCE","VIVADO_DEFAULT_NON_2008_COMPATIBLE_OR_STRUCTURAL_LINE","VIVADO_DEFAULT_NON_2008_COMPATIBLE_BY_EXACT_CONTEXT_AUDIT","NO_REWRITE","                end if;"
"rtl/nvp/nvp6134c_i2c_bringup.vhd","ADDED","","1381","C31ADF397B0E1190869C3EBB8DC27F92A3BA79838BCAA33E5EAA8605F8EEE359","PRODUCTION_SYNTHESIS_SOURCE","VIVADO_DEFAULT_NON_2008_COMPATIBLE_OR_STRUCTURAL_LINE","VIVADO_DEFAULT_NON_2008_COMPATIBLE_BY_EXACT_CONTEXT_AUDIT","NO_REWRITE","                if r1f_tx_verify_expected_valid_r = '1' then"
"rtl/nvp/nvp6134c_i2c_bringup.vhd","ADDED","","1382","2001365CCCF509A05EAAD3594C1D40A3190B58C2C2E0E99AD510780634C25CA4","PRODUCTION_SYNTHESIS_SOURCE","VIVADO_DEFAULT_NON_2008_COMPATIBLE_OR_STRUCTURAL_LINE","VIVADO_DEFAULT_NON_2008_COMPATIBLE_BY_EXACT_CONTEXT_AUDIT","NO_REWRITE","                  record_v(127 downto 120) := r1f_tx_verify_expected_r;"
"rtl/nvp/nvp6134c_i2c_bringup.vhd","ADDED","","1383","A0DAE1AC041A6BF00C78FAEE15E00B31C2556A557826E7E57279E71FF4D8A37E","PRODUCTION_SYNTHESIS_SOURCE","VIVADO_DEFAULT_NON_2008_COMPATIBLE_OR_STRUCTURAL_LINE","VIVADO_DEFAULT_NON_2008_COMPATIBLE_BY_EXACT_CONTEXT_AUDIT","NO_REWRITE","                end if;"
"rtl/nvp/nvp6134c_i2c_bringup.vhd","ADDED","","1384","535396CCD5859812585CA6EC0E32425072BA623C4BBF476AB6FB6165E4D083C5","PRODUCTION_SYNTHESIS_SOURCE","VIVADO_DEFAULT_NON_2008_COMPATIBLE_OR_STRUCTURAL_LINE","VIVADO_DEFAULT_NON_2008_COMPATIBLE_BY_EXACT_CONTEXT_AUDIT","NO_REWRITE","                if verify_observed_valid_v = '1' then"
"rtl/nvp/nvp6134c_i2c_bringup.vhd","ADDED","","1385","166F7684D300251E0B8C2A79ED800468070DF43E1CA5CA91B922F53BE571AEF8","PRODUCTION_SYNTHESIS_SOURCE","VIVADO_DEFAULT_NON_2008_COMPATIBLE_OR_STRUCTURAL_LINE","VIVADO_DEFAULT_NON_2008_COMPATIBLE_BY_EXACT_CONTEXT_AUDIT","NO_REWRITE","                  record_v(135 downto 128) := data_rx;"
"rtl/nvp/nvp6134c_i2c_bringup.vhd","ADDED","","1386","A0DAE1AC041A6BF00C78FAEE15E00B31C2556A557826E7E57279E71FF4D8A37E","PRODUCTION_SYNTHESIS_SOURCE","VIVADO_DEFAULT_NON_2008_COMPATIBLE_OR_STRUCTURAL_LINE","VIVADO_DEFAULT_NON_2008_COMPATIBLE_BY_EXACT_CONTEXT_AUDIT","NO_REWRITE","                end if;"
"rtl/nvp/nvp6134c_i2c_bringup.vhd","ADDED","","1387","F2FF6B3DB9F796254096DB0B3A793AE9A0CF84898E674373726B025A5BEDA364","PRODUCTION_SYNTHESIS_SOURCE","VIVADO_DEFAULT_NON_2008_COMPATIBLE_OR_STRUCTURAL_LINE","VIVADO_DEFAULT_NON_2008_COMPATIBLE_BY_EXACT_CONTEXT_AUDIT","NO_REWRITE","                if phys_after_valid_v = '1' then"
"rtl/nvp/nvp6134c_i2c_bringup.vhd","ADDED","","1388","4247695FE9A9CE3EF707F04852AFCD7D13BEC0D878CA3ABAA09F4F51B51A14EC","PRODUCTION_SYNTHESIS_SOURCE","VIVADO_DEFAULT_NON_2008_COMPATIBLE_OR_STRUCTURAL_LINE","VIVADO_DEFAULT_NON_2008_COMPATIBLE_BY_EXACT_CONTEXT_AUDIT","NO_REWRITE","                  record_v(143 downto 136) := phys_after_v;"
"rtl/nvp/nvp6134c_i2c_bringup.vhd","ADDED","","1389","A0DAE1AC041A6BF00C78FAEE15E00B31C2556A557826E7E57279E71FF4D8A37E","PRODUCTION_SYNTHESIS_SOURCE","VIVADO_DEFAULT_NON_2008_COMPATIBLE_OR_STRUCTURAL_LINE","VIVADO_DEFAULT_NON_2008_COMPATIBLE_BY_EXACT_CONTEXT_AUDIT","NO_REWRITE","                end if;"
"rtl/nvp/nvp6134c_i2c_bringup.vhd","ADDED","","1390","79601ABC0485D3C16AE5B09FB7DBD912AA183CA96F8ED1F15EB00DC41309220E","PRODUCTION_SYNTHESIS_SOURCE","VIVADO_DEFAULT_NON_2008_COMPATIBLE_OR_STRUCTURAL_LINE","VIVADO_DEFAULT_NON_2008_COMPATIBLE_BY_EXACT_CONTEXT_AUDIT","NO_REWRITE","                record_v(144) := phys_after_valid_v;"
"rtl/nvp/nvp6134c_i2c_bringup.vhd","ADDED","","1391","49B1294E76E9E228850134646DB18A54304996B786233A0CA85462C3C360F1B8","PRODUCTION_SYNTHESIS_SOURCE","VIVADO_DEFAULT_NON_2008_COMPATIBLE_OR_STRUCTURAL_LINE","VIVADO_DEFAULT_NON_2008_COMPATIBLE_BY_EXACT_CONTEXT_AUDIT","NO_REWRITE","                record_v(147 downto 145) := verify_result_v;"
"rtl/nvp/nvp6134c_i2c_bringup.vhd","ADDED","","1392","6D37ED35976EB842D43043FB56984771B0D64FB205A7EDA2AAAEC321F2D25F47","PRODUCTION_SYNTHESIS_SOURCE","VIVADO_DEFAULT_NON_2008_COMPATIBLE_OR_STRUCTURAL_LINE","VIVADO_DEFAULT_NON_2008_COMPATIBLE_BY_EXACT_CONTEXT_AUDIT","NO_REWRITE","                record_v(151 downto 148) := bank_update_reason_v;"
"rtl/nvp/nvp6134c_i2c_bringup.vhd","ADDED","","1393","E4D54823427C0AF166A8B7455A0994CA03AD0984CDEA77F7854C4748F26E9A30","PRODUCTION_SYNTHESIS_SOURCE","VIVADO_DEFAULT_NON_2008_COMPATIBLE_OR_STRUCTURAL_LINE","VIVADO_DEFAULT_NON_2008_COMPATIBLE_BY_EXACT_CONTEXT_AUDIT","NO_REWRITE","                record_v(159 downto 152) :="
"rtl/nvp/nvp6134c_i2c_bringup.vhd","ADDED","","1394","A93308EFA7B5E8FC4C00AE424AA9C858ED002A650B33AEE66284AADFB97575FD","PRODUCTION_SYNTHESIS_SOURCE","VIVADO_DEFAULT_NON_2008_COMPATIBLE_OR_STRUCTURAL_LINE","VIVADO_DEFAULT_NON_2008_COMPATIBLE_BY_EXACT_CONTEXT_AUDIT","NO_REWRITE","                  std_logic_vector(to_unsigned(t_state'pos(state), 8));"
"rtl/nvp/nvp6134c_i2c_bringup.vhd","ADDED","","1395","EF5035E0F017852F347DAD3D2534447A5D177DF8782A90E81A23149696BC86FB","PRODUCTION_SYNTHESIS_SOURCE","VIVADO_DEFAULT_NON_2008_COMPATIBLE_OR_STRUCTURAL_LINE","VIVADO_DEFAULT_NON_2008_COMPATIBLE_BY_EXACT_CONTEXT_AUDIT","NO_REWRITE","                record_v(167 downto 160) := r1f_tx_fsm_context_r;"
"rtl/nvp/nvp6134c_i2c_bringup.vhd","ADDED","","1396","6F2B55B14D6408A450A06CFE069B964D817A1DFF2F5628280E210A321831E479","PRODUCTION_SYNTHESIS_SOURCE","VIVADO_DEFAULT_NON_2008_COMPATIBLE_OR_STRUCTURAL_LINE","VIVADO_DEFAULT_NON_2008_COMPATIBLE_BY_EXACT_CONTEXT_AUDIT","NO_REWRITE","                record_v(175 downto 168) := terminal_error_v;"
"rtl/nvp/nvp6134c_i2c_bringup.vhd","ADDED","","1397","90E26E1D8DC70058CD854B79EE6C4C032DA01C327D30C17CDDFD15891A4A6BC8","PRODUCTION_SYNTHESIS_SOURCE","VIVADO_DEFAULT_NON_2008_COMPATIBLE_OR_STRUCTURAL_LINE","VIVADO_DEFAULT_NON_2008_COMPATIBLE_BY_EXACT_CONTEXT_AUDIT","NO_REWRITE","                r1f_failed_record_r <= record_v;"
"rtl/nvp/nvp6134c_i2c_bringup.vhd","ADDED","","1398","3BBAB0BF319AFCA069AB9442BB336645BE58F57C960651C111AD4C96F2DA03E9","PRODUCTION_SYNTHESIS_SOURCE","VIVADO_DEFAULT_NON_2008_COMPATIBLE_OR_STRUCTURAL_LINE","VIVADO_DEFAULT_NON_2008_COMPATIBLE_BY_EXACT_CONTEXT_AUDIT","NO_REWRITE","                r1f_failed_record_valid_r <= '1';"
"rtl/nvp/nvp6134c_i2c_bringup.vhd","ADDED","","1399","8A062EA799D5B7A2938C50D924799D94BB1557C13E7179E7F092B5912F180D73","PRODUCTION_SYNTHESIS_SOURCE","VIVADO_DEFAULT_NON_2008_COMPATIBLE_OR_STRUCTURAL_LINE","VIVADO_DEFAULT_NON_2008_COMPATIBLE_BY_EXACT_CONTEXT_AUDIT","NO_REWRITE","              end if;"
"rtl/nvp/nvp6134c_i2c_bringup.vhd","ADDED","","1400","E3B0C44298FC1C149AFBF4C8996FB92427AE41E4649B934CA495991B7852B855","PRODUCTION_SYNTHESIS_SOURCE","COMMENT_OR_BLANK","NOT_EXECUTABLE_LANGUAGE_CONSTRUCT","NO_REWRITE",""
"rtl/nvp/nvp6134c_i2c_bringup.vhd","ADDED","","1401","03C0951AA7E67001D0B968911FB0E67B66824264B1CC156E42BD7C94CB7DE12A","PRODUCTION_SYNTHESIS_SOURCE","COMMENT_OR_BLANK","NOT_EXECUTABLE_LANGUAGE_CONSTRUCT","NO_REWRITE","              -- Passive bank-invariant scoreboard.  Predicates 1..8 and"
"rtl/nvp/nvp6134c_i2c_bringup.vhd","ADDED","","1402","4DAB2BEA4300F04EB68CFDF2C063B967BA4F195FDB0C3D6050E0705CADF8DB3F","PRODUCTION_SYNTHESIS_SOURCE","COMMENT_OR_BLANK","NOT_EXECUTABLE_LANGUAGE_CONSTRUCT","NO_REWRITE","              -- 10..12 are evaluated here.  Predicate 9 compares the actual"
"rtl/nvp/nvp6134c_i2c_bringup.vhd","ADDED","","1403","B8D6FF2B5BE1E100FF627EE73D2342B58D9EBC842DB0F79B24299D09D21642E0","PRODUCTION_SYNTHESIS_SOURCE","COMMENT_OR_BLANK","NOT_EXECUTABLE_LANGUAGE_CONSTRUCT","NO_REWRITE","              -- inherited cache one clock later against phys_after_v."
"rtl/nvp/nvp6134c_i2c_bringup.vhd","ADDED","","1404","04CC89803CB7A03C99186C221ADB50584609CD54FA6420312925964EAA768A68","PRODUCTION_SYNTHESIS_SOURCE","VIVADO_DEFAULT_NON_2008_COMPATIBLE_OR_STRUCTURAL_LINE","VIVADO_DEFAULT_NON_2008_COMPATIBLE_BY_EXACT_CONTEXT_AUDIT","NO_REWRITE","              inv_checks_v := 11;"
"rtl/nvp/nvp6134c_i2c_bringup.vhd","ADDED","","1405","E632B30C771BA4A5B40DB62CCC46FFD7C3DD3622A652B41153A59D35A685188F","PRODUCTION_SYNTHESIS_SOURCE","VIVADO_DEFAULT_NON_2008_COMPATIBLE_OR_STRUCTURAL_LINE","VIVADO_DEFAULT_NON_2008_COMPATIBLE_BY_EXACT_CONTEXT_AUDIT","NO_REWRITE","              inv_errors_v := 0;"
"rtl/nvp/nvp6134c_i2c_bringup.vhd","ADDED","","1406","00CD93A9146E6EC3FE986668BA8AC15DB1FE4001698B250602EB4410B9BB64BE","PRODUCTION_SYNTHESIS_SOURCE","VIVADO_DEFAULT_NON_2008_COMPATIBLE_OR_STRUCTURAL_LINE","VIVADO_DEFAULT_NON_2008_COMPATIBLE_BY_EXACT_CONTEXT_AUDIT","NO_REWRITE","              inv_first_code_v := x""00"";"
"rtl/nvp/nvp6134c_i2c_bringup.vhd","ADDED","","1407","E3B0C44298FC1C149AFBF4C8996FB92427AE41E4649B934CA495991B7852B855","PRODUCTION_SYNTHESIS_SOURCE","COMMENT_OR_BLANK","NOT_EXECUTABLE_LANGUAGE_CONSTRUCT","NO_REWRITE",""
"rtl/nvp/nvp6134c_i2c_bringup.vhd","ADDED","","1408","EFE59D23EDB7764FEFC3BF528E3A05052922B081C60831C5723503A9CE429110","PRODUCTION_SYNTHESIS_SOURCE","COMMENT_OR_BLANK","NOT_EXECUTABLE_LANGUAGE_CONSTRUCT","NO_REWRITE","              -- 1 TARGET_WRITE_REQUIRES_PROVEN_BANK.  The only exact direct"
"rtl/nvp/nvp6134c_i2c_bringup.vhd","ADDED","","1409","3EFCF4697340F226CE34D2547BF8943A461F442773D72CCCAACC7F8A774B9740","PRODUCTION_SYNTHESIS_SOURCE","COMMENT_OR_BLANK","NOT_EXECUTABLE_LANGUAGE_CONSTRUCT","NO_REWRITE","              -- exception is the inherited table-disabled D1 path."
"rtl/nvp/nvp6134c_i2c_bringup.vhd","ADDED","","1410","3D6DE9C4D8615B497EB129A587E3E098A40150098A6D061E2D43491A64CECA11","PRODUCTION_SYNTHESIS_SOURCE","VIVADO_DEFAULT_NON_2008_COMPATIBLE_OR_STRUCTURAL_LINE","VIVADO_DEFAULT_NON_2008_COMPATIBLE_BY_EXACT_CONTEXT_AUDIT","NO_REWRITE","              if r1f_tx_kind_r = x""6"" and"
"rtl/nvp/nvp6134c_i2c_bringup.vhd","ADDED","","1411","3B52D40F1D2802CC8A5E96BA7F91AF7804DECC555038561F898CE38B00936155","PRODUCTION_SYNTHESIS_SOURCE","VIVADO_DEFAULT_NON_2008_COMPATIBLE_OR_STRUCTURAL_LINE","VIVADO_DEFAULT_NON_2008_COMPATIBLE_BY_EXACT_CONTEXT_AUDIT","NO_REWRITE","                 not ((r1f_tx_phys_before_valid_r = '1' and"
"rtl/nvp/nvp6134c_i2c_bringup.vhd","ADDED","","1412","F2413CACE9F7EE6623D1618650FD39EE4251CC1E3DEFFE9CEC848A852AE35636","PRODUCTION_SYNTHESIS_SOURCE","VIVADO_DEFAULT_NON_2008_COMPATIBLE_OR_STRUCTURAL_LINE","VIVADO_DEFAULT_NON_2008_COMPATIBLE_BY_EXACT_CONTEXT_AUDIT","NO_REWRITE","                       r1f_tx_requested_bank_valid_r = '1' and"
"rtl/nvp/nvp6134c_i2c_bringup.vhd","ADDED","","1413","BB71362992F2458D85B6AC0A7AB1737A67D57EF9620E476946C2D325BE069364","PRODUCTION_SYNTHESIS_SOURCE","VIVADO_DEFAULT_NON_2008_COMPATIBLE_OR_STRUCTURAL_LINE","VIVADO_DEFAULT_NON_2008_COMPATIBLE_BY_EXACT_CONTEXT_AUDIT","NO_REWRITE","                       r1f_tx_phys_before_r = r1f_tx_requested_bank_r) or"
"rtl/nvp/nvp6134c_i2c_bringup.vhd","ADDED","","1414","48A5D62CD14EAA937EAE54DE2202EEB5E8BCB4862E6CDF964CD70FDF0B593FCD","PRODUCTION_SYNTHESIS_SOURCE","VIVADO_DEFAULT_NON_2008_COMPATIBLE_OR_STRUCTURAL_LINE","VIVADO_DEFAULT_NON_2008_COMPATIBLE_BY_EXACT_CONTEXT_AUDIT","NO_REWRITE","                      ENABLE_MAREK_INIT_TABLE = 0) then"
"rtl/nvp/nvp6134c_i2c_bringup.vhd","ADDED","","1415","B1E1E663DED4D1C53F057BC71B3334C35B77324DF8C937C2712C26A81D2EDD12","PRODUCTION_SYNTHESIS_SOURCE","VIVADO_DEFAULT_NON_2008_COMPATIBLE_OR_STRUCTURAL_LINE","VIVADO_DEFAULT_NON_2008_COMPATIBLE_BY_EXACT_CONTEXT_AUDIT","NO_REWRITE","                flag_invariant_error(x""01"");"
"rtl/nvp/nvp6134c_i2c_bringup.vhd","ADDED","","1416","8A062EA799D5B7A2938C50D924799D94BB1557C13E7179E7F092B5912F180D73","PRODUCTION_SYNTHESIS_SOURCE","VIVADO_DEFAULT_NON_2008_COMPATIBLE_OR_STRUCTURAL_LINE","VIVADO_DEFAULT_NON_2008_COMPATIBLE_BY_EXACT_CONTEXT_AUDIT","NO_REWRITE","              end if;"
"rtl/nvp/nvp6134c_i2c_bringup.vhd","ADDED","","1417","E3B0C44298FC1C149AFBF4C8996FB92427AE41E4649B934CA495991B7852B855","PRODUCTION_SYNTHESIS_SOURCE","COMMENT_OR_BLANK","NOT_EXECUTABLE_LANGUAGE_CONSTRUCT","NO_REWRITE",""
"rtl/nvp/nvp6134c_i2c_bringup.vhd","ADDED","","1418","E7874A63EF9BFD52B472C980273BCDC76CC06E8F02989584877F569D793723F7","PRODUCTION_SYNTHESIS_SOURCE","COMMENT_OR_BLANK","NOT_EXECUTABLE_LANGUAGE_CONSTRUCT","NO_REWRITE","              -- 2 VERIFIED_SELECT_SUCCESS_AFTER_STATE."
"rtl/nvp/nvp6134c_i2c_bringup.vhd","ADDED","","1419","7110FFED07C6589A179D778276CF013CE12DD9FFF4C0626E11DBE82931882167","PRODUCTION_SYNTHESIS_SOURCE","VIVADO_DEFAULT_NON_2008_COMPATIBLE_OR_STRUCTURAL_LINE","VIVADO_DEFAULT_NON_2008_COMPATIBLE_BY_EXACT_CONTEXT_AUDIT","NO_REWRITE","              if verify_result_v = ""001"" and"
"rtl/nvp/nvp6134c_i2c_bringup.vhd","ADDED","","1420","9FF1880F70608406FFA3527FAF65EAA7195FDF11E15D4B2860B7BA2051B15EF4","PRODUCTION_SYNTHESIS_SOURCE","VIVADO_DEFAULT_NON_2008_COMPATIBLE_OR_STRUCTURAL_LINE","VIVADO_DEFAULT_NON_2008_COMPATIBLE_BY_EXACT_CONTEXT_AUDIT","NO_REWRITE","                 (r1f_tx_requested_bank_valid_r = '0' or"
"rtl/nvp/nvp6134c_i2c_bringup.vhd","ADDED","","1421","CB3FE7C4F0FE98F60D59B736382AF13279F9E40B4B3193CBF01905BEF48B707E","PRODUCTION_SYNTHESIS_SOURCE","VIVADO_DEFAULT_NON_2008_COMPATIBLE_OR_STRUCTURAL_LINE","VIVADO_DEFAULT_NON_2008_COMPATIBLE_BY_EXACT_CONTEXT_AUDIT","NO_REWRITE","                  r1f_tx_verify_expected_valid_r = '0' or"
"rtl/nvp/nvp6134c_i2c_bringup.vhd","ADDED","","1422","54A972A0F4121DD7EBFE1A5A800793B1E8F28632B681B3CF21753DD8AB9F5015","PRODUCTION_SYNTHESIS_SOURCE","VIVADO_DEFAULT_NON_2008_COMPATIBLE_OR_STRUCTURAL_LINE","VIVADO_DEFAULT_NON_2008_COMPATIBLE_BY_EXACT_CONTEXT_AUDIT","NO_REWRITE","                  verify_observed_valid_v = '0' or"
"rtl/nvp/nvp6134c_i2c_bringup.vhd","ADDED","","1423","14727B7A1BF83BACB8856BADA82B5596152B89B75E19D8CF1014BDB687F1BCB3","PRODUCTION_SYNTHESIS_SOURCE","VIVADO_DEFAULT_NON_2008_COMPATIBLE_OR_STRUCTURAL_LINE","VIVADO_DEFAULT_NON_2008_COMPATIBLE_BY_EXACT_CONTEXT_AUDIT","NO_REWRITE","                  r1f_tx_requested_bank_r /= r1f_tx_verify_expected_r or"
"rtl/nvp/nvp6134c_i2c_bringup.vhd","ADDED","","1424","8E8156B7D1B5F6222EBA442DC8C3AD9AC9346B86F84A1D0B0F8ACD12CEC3490C","PRODUCTION_SYNTHESIS_SOURCE","VIVADO_DEFAULT_NON_2008_COMPATIBLE_OR_STRUCTURAL_LINE","VIVADO_DEFAULT_NON_2008_COMPATIBLE_BY_EXACT_CONTEXT_AUDIT","NO_REWRITE","                  r1f_tx_verify_expected_r /= data_rx or"
"rtl/nvp/nvp6134c_i2c_bringup.vhd","ADDED","","1425","0A13A9A42DECD13F95F4D19F71E08C224EC49C579FFF34BE1AC5018E2035B718","PRODUCTION_SYNTHESIS_SOURCE","VIVADO_DEFAULT_NON_2008_COMPATIBLE_OR_STRUCTURAL_LINE","VIVADO_DEFAULT_NON_2008_COMPATIBLE_BY_EXACT_CONTEXT_AUDIT","NO_REWRITE","                  phys_after_valid_v = '0' or"
"rtl/nvp/nvp6134c_i2c_bringup.vhd","ADDED","","1426","0D305CEC2F50F96025EE18AC0B62BA82A56F825405CAF52F742A43BAEA4EF613","PRODUCTION_SYNTHESIS_SOURCE","VIVADO_DEFAULT_NON_2008_COMPATIBLE_OR_STRUCTURAL_LINE","VIVADO_DEFAULT_NON_2008_COMPATIBLE_BY_EXACT_CONTEXT_AUDIT","NO_REWRITE","                  phys_after_v /= r1f_tx_requested_bank_r) then"
"rtl/nvp/nvp6134c_i2c_bringup.vhd","ADDED","","1427","74312C61C346AF0A38B2576C72CC301D510657D55FC4ECB0C5BE3E6F01C23EB5","PRODUCTION_SYNTHESIS_SOURCE","VIVADO_DEFAULT_NON_2008_COMPATIBLE_OR_STRUCTURAL_LINE","VIVADO_DEFAULT_NON_2008_COMPATIBLE_BY_EXACT_CONTEXT_AUDIT","NO_REWRITE","                flag_invariant_error(x""02"");"
"rtl/nvp/nvp6134c_i2c_bringup.vhd","ADDED","","1428","8A062EA799D5B7A2938C50D924799D94BB1557C13E7179E7F092B5912F180D73","PRODUCTION_SYNTHESIS_SOURCE","VIVADO_DEFAULT_NON_2008_COMPATIBLE_OR_STRUCTURAL_LINE","VIVADO_DEFAULT_NON_2008_COMPATIBLE_BY_EXACT_CONTEXT_AUDIT","NO_REWRITE","              end if;"
"rtl/nvp/nvp6134c_i2c_bringup.vhd","ADDED","","1429","E3B0C44298FC1C149AFBF4C8996FB92427AE41E4649B934CA495991B7852B855","PRODUCTION_SYNTHESIS_SOURCE","COMMENT_OR_BLANK","NOT_EXECUTABLE_LANGUAGE_CONSTRUCT","NO_REWRITE",""
"rtl/nvp/nvp6134c_i2c_bringup.vhd","ADDED","","1430","CBC5F69AD5721DC6180E45AFF04A7D0450823DBD376CD60B0236F82178CB8860","PRODUCTION_SYNTHESIS_SOURCE","COMMENT_OR_BLANK","NOT_EXECUTABLE_LANGUAGE_CONSTRUCT","NO_REWRITE","              -- 3 SELECTOR_WRITE_FAILURE_INVALIDATES."
"rtl/nvp/nvp6134c_i2c_bringup.vhd","ADDED","","1431","7A8E29451FC94BEF29C0F3471BB1CD007FDEAD4E6E9BCB4A1F55F7B3D40C3FBB","PRODUCTION_SYNTHESIS_SOURCE","VIVADO_DEFAULT_NON_2008_COMPATIBLE_OR_STRUCTURAL_LINE","VIVADO_DEFAULT_NON_2008_COMPATIBLE_BY_EXACT_CONTEXT_AUDIT","NO_REWRITE","              if r1f_tx_selector_valid_r = '1' and"
"rtl/nvp/nvp6134c_i2c_bringup.vhd","ADDED","","1432","18644C2413C93C1A7AEA16D50FD4318BAEE574E0B4288E5EB00EA94A15A3CBA6","PRODUCTION_SYNTHESIS_SOURCE","VIVADO_DEFAULT_NON_2008_COMPATIBLE_OR_STRUCTURAL_LINE","VIVADO_DEFAULT_NON_2008_COMPATIBLE_BY_EXACT_CONTEXT_AUDIT","NO_REWRITE","                 defer_phys_bank_update = '1' and transaction_failed_v and"
"rtl/nvp/nvp6134c_i2c_bringup.vhd","ADDED","","1433","9AFB68CDA3823C614139F81E2AC8506A6A3E7D6BF5401C87C5AC811A1A1A9045","PRODUCTION_SYNTHESIS_SOURCE","VIVADO_DEFAULT_NON_2008_COMPATIBLE_OR_STRUCTURAL_LINE","VIVADO_DEFAULT_NON_2008_COMPATIBLE_BY_EXACT_CONTEXT_AUDIT","NO_REWRITE","                 phys_after_valid_v = '1' then"
"rtl/nvp/nvp6134c_i2c_bringup.vhd","ADDED","","1434","03B13B97F9CC554CDF0F9A933925F5F3C874524906A5E882D046D23D45A85051","PRODUCTION_SYNTHESIS_SOURCE","VIVADO_DEFAULT_NON_2008_COMPATIBLE_OR_STRUCTURAL_LINE","VIVADO_DEFAULT_NON_2008_COMPATIBLE_BY_EXACT_CONTEXT_AUDIT","NO_REWRITE","                flag_invariant_error(x""03"");"
"rtl/nvp/nvp6134c_i2c_bringup.vhd","ADDED","","1435","8A062EA799D5B7A2938C50D924799D94BB1557C13E7179E7F092B5912F180D73","PRODUCTION_SYNTHESIS_SOURCE","VIVADO_DEFAULT_NON_2008_COMPATIBLE_OR_STRUCTURAL_LINE","VIVADO_DEFAULT_NON_2008_COMPATIBLE_BY_EXACT_CONTEXT_AUDIT","NO_REWRITE","              end if;"
"rtl/nvp/nvp6134c_i2c_bringup.vhd","ADDED","","1436","E3B0C44298FC1C149AFBF4C8996FB92427AE41E4649B934CA495991B7852B855","PRODUCTION_SYNTHESIS_SOURCE","COMMENT_OR_BLANK","NOT_EXECUTABLE_LANGUAGE_CONSTRUCT","NO_REWRITE",""
"rtl/nvp/nvp6134c_i2c_bringup.vhd","ADDED","","1437","F58F64C7DA862FB880F5A5B6F5ED42272F3CC5D60B3CEF6EB5DD83EB86BAE58B","PRODUCTION_SYNTHESIS_SOURCE","COMMENT_OR_BLANK","NOT_EXECUTABLE_LANGUAGE_CONSTRUCT","NO_REWRITE","              -- 4 VERIFY_TRANSPORT_FAILURE_INVALIDATES."
"rtl/nvp/nvp6134c_i2c_bringup.vhd","ADDED","","1438","97DC696D51C36299AB8ADE536CAF278411C342A070DF837128CF20FC2C46C67F","PRODUCTION_SYNTHESIS_SOURCE","VIVADO_DEFAULT_NON_2008_COMPATIBLE_OR_STRUCTURAL_LINE","VIVADO_DEFAULT_NON_2008_COMPATIBLE_BY_EXACT_CONTEXT_AUDIT","NO_REWRITE","              if is_bank_verify_rd = '1' and"
"rtl/nvp/nvp6134c_i2c_bringup.vhd","ADDED","","1439","88EB35858E3791D6EBB7DF1BDEC22FCE838BACF949CE47F30A00863C4ABD3591","PRODUCTION_SYNTHESIS_SOURCE","VIVADO_DEFAULT_NON_2008_COMPATIBLE_OR_STRUCTURAL_LINE","VIVADO_DEFAULT_NON_2008_COMPATIBLE_BY_EXACT_CONTEXT_AUDIT","NO_REWRITE","                 (cur_error = '1' or scl_timeout_seen_r = '1') and"
"rtl/nvp/nvp6134c_i2c_bringup.vhd","ADDED","","1440","9AFB68CDA3823C614139F81E2AC8506A6A3E7D6BF5401C87C5AC811A1A1A9045","PRODUCTION_SYNTHESIS_SOURCE","VIVADO_DEFAULT_NON_2008_COMPATIBLE_OR_STRUCTURAL_LINE","VIVADO_DEFAULT_NON_2008_COMPATIBLE_BY_EXACT_CONTEXT_AUDIT","NO_REWRITE","                 phys_after_valid_v = '1' then"
"rtl/nvp/nvp6134c_i2c_bringup.vhd","ADDED","","1441","149681DDFB22FCEBC1A7FB20F76242F81D615E106D7758BAA8C8A4F318F5136C","PRODUCTION_SYNTHESIS_SOURCE","VIVADO_DEFAULT_NON_2008_COMPATIBLE_OR_STRUCTURAL_LINE","VIVADO_DEFAULT_NON_2008_COMPATIBLE_BY_EXACT_CONTEXT_AUDIT","NO_REWRITE","                flag_invariant_error(x""04"");"
"rtl/nvp/nvp6134c_i2c_bringup.vhd","ADDED","","1442","8A062EA799D5B7A2938C50D924799D94BB1557C13E7179E7F092B5912F180D73","PRODUCTION_SYNTHESIS_SOURCE","VIVADO_DEFAULT_NON_2008_COMPATIBLE_OR_STRUCTURAL_LINE","VIVADO_DEFAULT_NON_2008_COMPATIBLE_BY_EXACT_CONTEXT_AUDIT","NO_REWRITE","              end if;"
"rtl/nvp/nvp6134c_i2c_bringup.vhd","ADDED","","1443","E3B0C44298FC1C149AFBF4C8996FB92427AE41E4649B934CA495991B7852B855","PRODUCTION_SYNTHESIS_SOURCE","COMMENT_OR_BLANK","NOT_EXECUTABLE_LANGUAGE_CONSTRUCT","NO_REWRITE",""
"rtl/nvp/nvp6134c_i2c_bringup.vhd","ADDED","","1444","DE5555510280F6944EFDB25EDF7F2984051FD49D0EBC804F34B693AECB31A654","PRODUCTION_SYNTHESIS_SOURCE","COMMENT_OR_BLANK","NOT_EXECUTABLE_LANGUAGE_CONSTRUCT","NO_REWRITE","              -- 5 VERIFY_MISMATCH_INVALIDATES."
"rtl/nvp/nvp6134c_i2c_bringup.vhd","ADDED","","1445","D4DFEDF96F4BBCF6D26B203CDF0116838EFD3EEE6903294A6C4367503772DF21","PRODUCTION_SYNTHESIS_SOURCE","VIVADO_DEFAULT_NON_2008_COMPATIBLE_OR_STRUCTURAL_LINE","VIVADO_DEFAULT_NON_2008_COMPATIBLE_BY_EXACT_CONTEXT_AUDIT","NO_REWRITE","              if verify_result_v = ""101"" and phys_after_valid_v = '1' then"
"rtl/nvp/nvp6134c_i2c_bringup.vhd","ADDED","","1446","9F49302FBDFE06941519AE5E52831A05D814B30849242C57BD3E2B6F12D8E3AF","PRODUCTION_SYNTHESIS_SOURCE","VIVADO_DEFAULT_NON_2008_COMPATIBLE_OR_STRUCTURAL_LINE","VIVADO_DEFAULT_NON_2008_COMPATIBLE_BY_EXACT_CONTEXT_AUDIT","NO_REWRITE","                flag_invariant_error(x""05"");"
"rtl/nvp/nvp6134c_i2c_bringup.vhd","ADDED","","1447","8A062EA799D5B7A2938C50D924799D94BB1557C13E7179E7F092B5912F180D73","PRODUCTION_SYNTHESIS_SOURCE","VIVADO_DEFAULT_NON_2008_COMPATIBLE_OR_STRUCTURAL_LINE","VIVADO_DEFAULT_NON_2008_COMPATIBLE_BY_EXACT_CONTEXT_AUDIT","NO_REWRITE","              end if;"
"rtl/nvp/nvp6134c_i2c_bringup.vhd","ADDED","","1448","E3B0C44298FC1C149AFBF4C8996FB92427AE41E4649B934CA495991B7852B855","PRODUCTION_SYNTHESIS_SOURCE","COMMENT_OR_BLANK","NOT_EXECUTABLE_LANGUAGE_CONSTRUCT","NO_REWRITE",""
"rtl/nvp/nvp6134c_i2c_bringup.vhd","ADDED","","1449","2FE4CF51D43D300DA9E906EFEE43C3F66DD34E37DCE27631846CC02303B7C8C5","PRODUCTION_SYNTHESIS_SOURCE","COMMENT_OR_BLANK","NOT_EXECUTABLE_LANGUAGE_CONSTRUCT","NO_REWRITE","              -- 6 READ_WRITE_DATA_VALIDITY."
"rtl/nvp/nvp6134c_i2c_bringup.vhd","ADDED","","1450","B0BE6D81376F212C1C4044B4747AC77702B580773A2BB24FBD83CE543F1F7E2B","PRODUCTION_SYNTHESIS_SOURCE","VIVADO_DEFAULT_NON_2008_COMPATIBLE_OR_STRUCTURAL_LINE","VIVADO_DEFAULT_NON_2008_COMPATIBLE_BY_EXACT_CONTEXT_AUDIT","NO_REWRITE","              if (is_read_op = '1' and r1f_tx_wdata_valid_r = '1') or"
"rtl/nvp/nvp6134c_i2c_bringup.vhd","ADDED","","1451","36F16E51636B5A4A928C0E40CDA970C6286BA1D8C0E8E63A50C7B6D0C8B602AB","PRODUCTION_SYNTHESIS_SOURCE","VIVADO_DEFAULT_NON_2008_COMPATIBLE_OR_STRUCTURAL_LINE","VIVADO_DEFAULT_NON_2008_COMPATIBLE_BY_EXACT_CONTEXT_AUDIT","NO_REWRITE","                 (is_read_op = '0' and read_data_valid_v = '1') then"
"rtl/nvp/nvp6134c_i2c_bringup.vhd","ADDED","","1452","F8094BCE60E75E2CFF444AC17D6F3A7408F3CA4CD6AA3B2E8A01AF133FF19DD6","PRODUCTION_SYNTHESIS_SOURCE","VIVADO_DEFAULT_NON_2008_COMPATIBLE_OR_STRUCTURAL_LINE","VIVADO_DEFAULT_NON_2008_COMPATIBLE_BY_EXACT_CONTEXT_AUDIT","NO_REWRITE","                flag_invariant_error(x""06"");"
"rtl/nvp/nvp6134c_i2c_bringup.vhd","ADDED","","1453","8A062EA799D5B7A2938C50D924799D94BB1557C13E7179E7F092B5912F180D73","PRODUCTION_SYNTHESIS_SOURCE","VIVADO_DEFAULT_NON_2008_COMPATIBLE_OR_STRUCTURAL_LINE","VIVADO_DEFAULT_NON_2008_COMPATIBLE_BY_EXACT_CONTEXT_AUDIT","NO_REWRITE","              end if;"
"rtl/nvp/nvp6134c_i2c_bringup.vhd","ADDED","","1454","E3B0C44298FC1C149AFBF4C8996FB92427AE41E4649B934CA495991B7852B855","PRODUCTION_SYNTHESIS_SOURCE","COMMENT_OR_BLANK","NOT_EXECUTABLE_LANGUAGE_CONSTRUCT","NO_REWRITE",""
"rtl/nvp/nvp6134c_i2c_bringup.vhd","ADDED","","1455","3ADF7FBD2BB9E8668805D5E40692A47BEF420C60F749860E274EAAB73E3CF6AD","PRODUCTION_SYNTHESIS_SOURCE","COMMENT_OR_BLANK","NOT_EXECUTABLE_LANGUAGE_CONSTRUCT","NO_REWRITE","              -- 7 SELECTOR_REQUEST_EXPECTED_AGREE."
"rtl/nvp/nvp6134c_i2c_bringup.vhd","ADDED","","1456","513D21C0BFDB85DFEC5602CFAE0A6FC8AA60E7A7689A6D6298271BA5172A7D9D","PRODUCTION_SYNTHESIS_SOURCE","VIVADO_DEFAULT_NON_2008_COMPATIBLE_OR_STRUCTURAL_LINE","VIVADO_DEFAULT_NON_2008_COMPATIBLE_BY_EXACT_CONTEXT_AUDIT","NO_REWRITE","              if (r1f_tx_selector_valid_r = '1' and"
"rtl/nvp/nvp6134c_i2c_bringup.vhd","ADDED","","1457","670F34D97B63A032B6C9831702413922D986EA94B769AD90DF55DCAE5C00F88E","PRODUCTION_SYNTHESIS_SOURCE","VIVADO_DEFAULT_NON_2008_COMPATIBLE_OR_STRUCTURAL_LINE","VIVADO_DEFAULT_NON_2008_COMPATIBLE_BY_EXACT_CONTEXT_AUDIT","NO_REWRITE","                  (r1f_tx_requested_bank_valid_r = '0' or"
"rtl/nvp/nvp6134c_i2c_bringup.vhd","ADDED","","1458","57FF5A440854D3A1C67BA601749950A268CD961EE551B7F29BBA1E37125DFD58","PRODUCTION_SYNTHESIS_SOURCE","VIVADO_DEFAULT_NON_2008_COMPATIBLE_OR_STRUCTURAL_LINE","VIVADO_DEFAULT_NON_2008_COMPATIBLE_BY_EXACT_CONTEXT_AUDIT","NO_REWRITE","                   r1f_tx_reg_r /= C_V38EK_BANK_SELECT_REG or"
"rtl/nvp/nvp6134c_i2c_bringup.vhd","ADDED","","1459","9EC379B43F5197B29022BC88CD614F6C9E9EBFA1F7F97919E8E9CFF96021813B","PRODUCTION_SYNTHESIS_SOURCE","VIVADO_DEFAULT_NON_2008_COMPATIBLE_OR_STRUCTURAL_LINE","VIVADO_DEFAULT_NON_2008_COMPATIBLE_BY_EXACT_CONTEXT_AUDIT","NO_REWRITE","                   r1f_tx_selector_r /= r1f_tx_requested_bank_r)) or"
"rtl/nvp/nvp6134c_i2c_bringup.vhd","ADDED","","1460","D7359BE25241C3C1888FDF73BB24739417997C6EF2015C56CA62B183C560940B","PRODUCTION_SYNTHESIS_SOURCE","VIVADO_DEFAULT_NON_2008_COMPATIBLE_OR_STRUCTURAL_LINE","VIVADO_DEFAULT_NON_2008_COMPATIBLE_BY_EXACT_CONTEXT_AUDIT","NO_REWRITE","                 (r1f_tx_verify_expected_valid_r = '1' and"
"rtl/nvp/nvp6134c_i2c_bringup.vhd","ADDED","","1461","670F34D97B63A032B6C9831702413922D986EA94B769AD90DF55DCAE5C00F88E","PRODUCTION_SYNTHESIS_SOURCE","VIVADO_DEFAULT_NON_2008_COMPATIBLE_OR_STRUCTURAL_LINE","VIVADO_DEFAULT_NON_2008_COMPATIBLE_BY_EXACT_CONTEXT_AUDIT","NO_REWRITE","                  (r1f_tx_requested_bank_valid_r = '0' or"
"rtl/nvp/nvp6134c_i2c_bringup.vhd","ADDED","","1462","0E60843104E65860B372F70027C719E7DEDA6F3032C55E6934D830A5EB5BF489","PRODUCTION_SYNTHESIS_SOURCE","VIVADO_DEFAULT_NON_2008_COMPATIBLE_OR_STRUCTURAL_LINE","VIVADO_DEFAULT_NON_2008_COMPATIBLE_BY_EXACT_CONTEXT_AUDIT","NO_REWRITE","                   r1f_tx_verify_expected_r /= r1f_tx_requested_bank_r)) then"
"rtl/nvp/nvp6134c_i2c_bringup.vhd","ADDED","","1463","143C3AD4398592E18058CC0BF8FA814A9232904179638A608E9A9932D266C704","PRODUCTION_SYNTHESIS_SOURCE","VIVADO_DEFAULT_NON_2008_COMPATIBLE_OR_STRUCTURAL_LINE","VIVADO_DEFAULT_NON_2008_COMPATIBLE_BY_EXACT_CONTEXT_AUDIT","NO_REWRITE","                flag_invariant_error(x""07"");"
"rtl/nvp/nvp6134c_i2c_bringup.vhd","ADDED","","1464","8A062EA799D5B7A2938C50D924799D94BB1557C13E7179E7F092B5912F180D73","PRODUCTION_SYNTHESIS_SOURCE","VIVADO_DEFAULT_NON_2008_COMPATIBLE_OR_STRUCTURAL_LINE","VIVADO_DEFAULT_NON_2008_COMPATIBLE_BY_EXACT_CONTEXT_AUDIT","NO_REWRITE","              end if;"
"rtl/nvp/nvp6134c_i2c_bringup.vhd","ADDED","","1465","E3B0C44298FC1C149AFBF4C8996FB92427AE41E4649B934CA495991B7852B855","PRODUCTION_SYNTHESIS_SOURCE","COMMENT_OR_BLANK","NOT_EXECUTABLE_LANGUAGE_CONSTRUCT","NO_REWRITE",""
"rtl/nvp/nvp6134c_i2c_bringup.vhd","ADDED","","1466","E1692C828BDDC67C41832EA2D4EA667CE9E39A2007CA1DF4F094E7C40E76A4F8","PRODUCTION_SYNTHESIS_SOURCE","COMMENT_OR_BLANK","NOT_EXECUTABLE_LANGUAGE_CONSTRUCT","NO_REWRITE","              -- 8 BANK_BEFORE_SNAPSHOT_MATCHES_FUNCTIONAL_CACHE."
"rtl/nvp/nvp6134c_i2c_bringup.vhd","ADDED","","1467","3D7BB3F8DD22A5EDF0676FBDE82414C6B718BFA7051736B8FBFD19B43C549FF9","PRODUCTION_SYNTHESIS_SOURCE","VIVADO_DEFAULT_NON_2008_COMPATIBLE_OR_STRUCTURAL_LINE","VIVADO_DEFAULT_NON_2008_COMPATIBLE_BY_EXACT_CONTEXT_AUDIT","NO_REWRITE","              if r1f_tx_phys_before_valid_r /= phys_bank_valid_r or"
"rtl/nvp/nvp6134c_i2c_bringup.vhd","ADDED","","1468","9C11738F87C269A08E1DD42F685068C82BD38658A66830736D6380B935B44D57","PRODUCTION_SYNTHESIS_SOURCE","VIVADO_DEFAULT_NON_2008_COMPATIBLE_OR_STRUCTURAL_LINE","VIVADO_DEFAULT_NON_2008_COMPATIBLE_BY_EXACT_CONTEXT_AUDIT","NO_REWRITE","                 (phys_bank_valid_r = '1' and"
"rtl/nvp/nvp6134c_i2c_bringup.vhd","ADDED","","1469","82E114F6851B609A2AFBA853300E1D8CBF755B103651706DE4FD92654F57B2F6","PRODUCTION_SYNTHESIS_SOURCE","VIVADO_DEFAULT_NON_2008_COMPATIBLE_OR_STRUCTURAL_LINE","VIVADO_DEFAULT_NON_2008_COMPATIBLE_BY_EXACT_CONTEXT_AUDIT","NO_REWRITE","                  r1f_tx_phys_before_r /= phys_bank_r) then"
"rtl/nvp/nvp6134c_i2c_bringup.vhd","ADDED","","1470","3A74586BB66EB592FC4D0A1861D7003AB2D0F2C6FF6A079B8870C40AC8F8E398","PRODUCTION_SYNTHESIS_SOURCE","VIVADO_DEFAULT_NON_2008_COMPATIBLE_OR_STRUCTURAL_LINE","VIVADO_DEFAULT_NON_2008_COMPATIBLE_BY_EXACT_CONTEXT_AUDIT","NO_REWRITE","                flag_invariant_error(x""08"");"
"rtl/nvp/nvp6134c_i2c_bringup.vhd","ADDED","","1471","8A062EA799D5B7A2938C50D924799D94BB1557C13E7179E7F092B5912F180D73","PRODUCTION_SYNTHESIS_SOURCE","VIVADO_DEFAULT_NON_2008_COMPATIBLE_OR_STRUCTURAL_LINE","VIVADO_DEFAULT_NON_2008_COMPATIBLE_BY_EXACT_CONTEXT_AUDIT","NO_REWRITE","              end if;"
"rtl/nvp/nvp6134c_i2c_bringup.vhd","ADDED","","1472","E3B0C44298FC1C149AFBF4C8996FB92427AE41E4649B934CA495991B7852B855","PRODUCTION_SYNTHESIS_SOURCE","COMMENT_OR_BLANK","NOT_EXECUTABLE_LANGUAGE_CONSTRUCT","NO_REWRITE",""
"rtl/nvp/nvp6134c_i2c_bringup.vhd","ADDED","","1473","2AD9DFA931510567D93D23275E6DEF391C3649A3CE3CE73D0C2E9012CF0A29C5","PRODUCTION_SYNTHESIS_SOURCE","COMMENT_OR_BLANK","NOT_EXECUTABLE_LANGUAGE_CONSTRUCT","NO_REWRITE","              -- 10 DIRECT_WRITE_EXCEPTION_EXACT."
"rtl/nvp/nvp6134c_i2c_bringup.vhd","ADDED","","1474","3D6DE9C4D8615B497EB129A587E3E098A40150098A6D061E2D43491A64CECA11","PRODUCTION_SYNTHESIS_SOURCE","VIVADO_DEFAULT_NON_2008_COMPATIBLE_OR_STRUCTURAL_LINE","VIVADO_DEFAULT_NON_2008_COMPATIBLE_BY_EXACT_CONTEXT_AUDIT","NO_REWRITE","              if r1f_tx_kind_r = x""6"" and"
"rtl/nvp/nvp6134c_i2c_bringup.vhd","ADDED","","1475","AB71CD3326F9F40193D8EC1AC0102B467A5B0714796CBF5158744CA6DE347585","PRODUCTION_SYNTHESIS_SOURCE","VIVADO_DEFAULT_NON_2008_COMPATIBLE_OR_STRUCTURAL_LINE","VIVADO_DEFAULT_NON_2008_COMPATIBLE_BY_EXACT_CONTEXT_AUDIT","NO_REWRITE","                 (r1f_tx_phys_before_valid_r = '0' or"
"rtl/nvp/nvp6134c_i2c_bringup.vhd","ADDED","","1476","B97307000381E3D30E53820CF040D045E2EBB4430E716FC19C67925E08175A3A","PRODUCTION_SYNTHESIS_SOURCE","VIVADO_DEFAULT_NON_2008_COMPATIBLE_OR_STRUCTURAL_LINE","VIVADO_DEFAULT_NON_2008_COMPATIBLE_BY_EXACT_CONTEXT_AUDIT","NO_REWRITE","                  r1f_tx_requested_bank_valid_r = '0' or"
"rtl/nvp/nvp6134c_i2c_bringup.vhd","ADDED","","1477","202F7AA5E8A79C643EF111E1E0CEB192BEFDAA4EF208E5369CC289F58A0EBE85","PRODUCTION_SYNTHESIS_SOURCE","VIVADO_DEFAULT_NON_2008_COMPATIBLE_OR_STRUCTURAL_LINE","VIVADO_DEFAULT_NON_2008_COMPATIBLE_BY_EXACT_CONTEXT_AUDIT","NO_REWRITE","                  r1f_tx_phys_before_r /= r1f_tx_requested_bank_r) and"
"rtl/nvp/nvp6134c_i2c_bringup.vhd","ADDED","","1478","6F0118DA8E1469BCFA86603F28A9CC2C759B97D23FE2C70B070E20213227F598","PRODUCTION_SYNTHESIS_SOURCE","VIVADO_DEFAULT_NON_2008_COMPATIBLE_OR_STRUCTURAL_LINE","VIVADO_DEFAULT_NON_2008_COMPATIBLE_BY_EXACT_CONTEXT_AUDIT","NO_REWRITE","                 (ENABLE_MAREK_INIT_TABLE /= 0 or"
"rtl/nvp/nvp6134c_i2c_bringup.vhd","ADDED","","1479","AEBDA9FF32BBCF970035098831BF2AAAF6BF3552589CA8BBB23490F394752535","PRODUCTION_SYNTHESIS_SOURCE","VIVADO_DEFAULT_NON_2008_COMPATIBLE_OR_STRUCTURAL_LINE","VIVADO_DEFAULT_NON_2008_COMPATIBLE_BY_EXACT_CONTEXT_AUDIT","NO_REWRITE","                  r1f_tx_phase_r /="
"rtl/nvp/nvp6134c_i2c_bringup.vhd","ADDED","","1480","C32F2E568F2082B0626D366904C33A80FC6FC9F99953F7CFC6148CD370F537D4","PRODUCTION_SYNTHESIS_SOURCE","VIVADO_DEFAULT_NON_2008_COMPATIBLE_OR_STRUCTURAL_LINE","VIVADO_DEFAULT_NON_2008_COMPATIBLE_BY_EXACT_CONTEXT_AUDIT","NO_REWRITE","                    std_logic_vector(to_unsigned(t_phase'pos(PH_INIT), 4))) then"
"rtl/nvp/nvp6134c_i2c_bringup.vhd","ADDED","","1481","92CA195A0175250AB088AFDC709C241A4D36DAB62DB6F4FABC91C8451FE71EDB","PRODUCTION_SYNTHESIS_SOURCE","VIVADO_DEFAULT_NON_2008_COMPATIBLE_OR_STRUCTURAL_LINE","VIVADO_DEFAULT_NON_2008_COMPATIBLE_BY_EXACT_CONTEXT_AUDIT","NO_REWRITE","                flag_invariant_error(x""0A"");"
"rtl/nvp/nvp6134c_i2c_bringup.vhd","ADDED","","1482","8A062EA799D5B7A2938C50D924799D94BB1557C13E7179E7F092B5912F180D73","PRODUCTION_SYNTHESIS_SOURCE","VIVADO_DEFAULT_NON_2008_COMPATIBLE_OR_STRUCTURAL_LINE","VIVADO_DEFAULT_NON_2008_COMPATIBLE_BY_EXACT_CONTEXT_AUDIT","NO_REWRITE","              end if;"
"rtl/nvp/nvp6134c_i2c_bringup.vhd","ADDED","","1483","E3B0C44298FC1C149AFBF4C8996FB92427AE41E4649B934CA495991B7852B855","PRODUCTION_SYNTHESIS_SOURCE","COMMENT_OR_BLANK","NOT_EXECUTABLE_LANGUAGE_CONSTRUCT","NO_REWRITE",""
"rtl/nvp/nvp6134c_i2c_bringup.vhd","ADDED","","1484","147326530785DD3CEC77B485B5C132D25EF5F7D8E8DF536D1FF7CAE4CF9BD1DD","PRODUCTION_SYNTHESIS_SOURCE","COMMENT_OR_BLANK","NOT_EXECUTABLE_LANGUAGE_CONSTRUCT","NO_REWRITE","              -- 11 VALID_BITS_CONTROL_INTERPRETATION.  Invalid diagnostic"
"rtl/nvp/nvp6134c_i2c_bringup.vhd","ADDED","","1485","C637043E3701A076BE2FDA594B829B02D89CE8D1C8BB955BE1FFBAF43E3CA954","PRODUCTION_SYNTHESIS_SOURCE","COMMENT_OR_BLANK","NOT_EXECUTABLE_LANGUAGE_CONSTRUCT","NO_REWRITE","              -- bytes are explicitly zeroed and never consumed by the rules."
"rtl/nvp/nvp6134c_i2c_bringup.vhd","ADDED","","1486","0C7053A4F4540A1DDAD38C1C480619D1C09B423C641F7AAB5131C3347F3FD14D","PRODUCTION_SYNTHESIS_SOURCE","VIVADO_DEFAULT_NON_2008_COMPATIBLE_OR_STRUCTURAL_LINE","VIVADO_DEFAULT_NON_2008_COMPATIBLE_BY_EXACT_CONTEXT_AUDIT","NO_REWRITE","              if (r1f_tx_requested_bank_valid_r = '0' and"
"rtl/nvp/nvp6134c_i2c_bringup.vhd","ADDED","","1487","D46CD4CE4765CA5CD05D1C9D33FCFD8EF686895DC3CF4FA61595C3AAEF3719CD","PRODUCTION_SYNTHESIS_SOURCE","VIVADO_DEFAULT_NON_2008_COMPATIBLE_OR_STRUCTURAL_LINE","VIVADO_DEFAULT_NON_2008_COMPATIBLE_BY_EXACT_CONTEXT_AUDIT","NO_REWRITE","                  r1f_tx_requested_bank_r /= x""00"") or"
"rtl/nvp/nvp6134c_i2c_bringup.vhd","ADDED","","1488","E619F100CFECE13A67F2CA94C4891543436568E8D6643C06C86514D0100BC64A","PRODUCTION_SYNTHESIS_SOURCE","VIVADO_DEFAULT_NON_2008_COMPATIBLE_OR_STRUCTURAL_LINE","VIVADO_DEFAULT_NON_2008_COMPATIBLE_BY_EXACT_CONTEXT_AUDIT","NO_REWRITE","                 (r1f_tx_phys_before_valid_r = '0' and"
"rtl/nvp/nvp6134c_i2c_bringup.vhd","ADDED","","1489","E06636CF9FC41670CAC3DC1A597934C253CF251DB9A0F5337318C458C4BAF6ED","PRODUCTION_SYNTHESIS_SOURCE","VIVADO_DEFAULT_NON_2008_COMPATIBLE_OR_STRUCTURAL_LINE","VIVADO_DEFAULT_NON_2008_COMPATIBLE_BY_EXACT_CONTEXT_AUDIT","NO_REWRITE","                  r1f_tx_phys_before_r /= x""00"") or"
"rtl/nvp/nvp6134c_i2c_bringup.vhd","ADDED","","1490","6230F2C0ED53837681F04120AAA80E4F7E469692A36EC37BD2E47B7B4A57B642","PRODUCTION_SYNTHESIS_SOURCE","VIVADO_DEFAULT_NON_2008_COMPATIBLE_OR_STRUCTURAL_LINE","VIVADO_DEFAULT_NON_2008_COMPATIBLE_BY_EXACT_CONTEXT_AUDIT","NO_REWRITE","                 (r1f_tx_selector_valid_r = '0' and"
"rtl/nvp/nvp6134c_i2c_bringup.vhd","ADDED","","1491","FA0AA96982C03BD6DFDFBE49556D51DF482950888C6F19ADF35CE1AAC7AEB645","PRODUCTION_SYNTHESIS_SOURCE","VIVADO_DEFAULT_NON_2008_COMPATIBLE_OR_STRUCTURAL_LINE","VIVADO_DEFAULT_NON_2008_COMPATIBLE_BY_EXACT_CONTEXT_AUDIT","NO_REWRITE","                  r1f_tx_selector_r /= x""00"") or"
"rtl/nvp/nvp6134c_i2c_bringup.vhd","ADDED","","1492","8635F47743F68AA5781E45C150D6AEF6ACBC5F9D6726A71A75FDB5AB1C651AA3","PRODUCTION_SYNTHESIS_SOURCE","VIVADO_DEFAULT_NON_2008_COMPATIBLE_OR_STRUCTURAL_LINE","VIVADO_DEFAULT_NON_2008_COMPATIBLE_BY_EXACT_CONTEXT_AUDIT","NO_REWRITE","                 (r1f_tx_verify_expected_valid_r = '0' and"
"rtl/nvp/nvp6134c_i2c_bringup.vhd","ADDED","","1493","C33CB81EF8C78CA6A3D823F2C68782CB4AB730F151C40F7610C1D493229F52EF","PRODUCTION_SYNTHESIS_SOURCE","VIVADO_DEFAULT_NON_2008_COMPATIBLE_OR_STRUCTURAL_LINE","VIVADO_DEFAULT_NON_2008_COMPATIBLE_BY_EXACT_CONTEXT_AUDIT","NO_REWRITE","                  r1f_tx_verify_expected_r /= x""00"") or"
"rtl/nvp/nvp6134c_i2c_bringup.vhd","ADDED","","1494","07DD8DFEF65AA15869E9AAAC3B6D9AF21473235469F27A928E49B89592BB389A","PRODUCTION_SYNTHESIS_SOURCE","VIVADO_DEFAULT_NON_2008_COMPATIBLE_OR_STRUCTURAL_LINE","VIVADO_DEFAULT_NON_2008_COMPATIBLE_BY_EXACT_CONTEXT_AUDIT","NO_REWRITE","                 (r1f_tx_wdata_valid_r = '0' and r1f_tx_wdata_r /= x""00"") or"
"rtl/nvp/nvp6134c_i2c_bringup.vhd","ADDED","","1495","69BFBE6D9BA7AF8317F92268229C43ECFF4ABB27BB63DB5D523E2A47DC690708","PRODUCTION_SYNTHESIS_SOURCE","VIVADO_DEFAULT_NON_2008_COMPATIBLE_OR_STRUCTURAL_LINE","VIVADO_DEFAULT_NON_2008_COMPATIBLE_BY_EXACT_CONTEXT_AUDIT","NO_REWRITE","                 (phys_after_valid_v = '0' and phys_after_v /= x""00"") then"
"rtl/nvp/nvp6134c_i2c_bringup.vhd","ADDED","","1496","B01EC6DB0AE437531304AF398B687385252E04BE72501A8FB945D22F26C46936","PRODUCTION_SYNTHESIS_SOURCE","VIVADO_DEFAULT_NON_2008_COMPATIBLE_OR_STRUCTURAL_LINE","VIVADO_DEFAULT_NON_2008_COMPATIBLE_BY_EXACT_CONTEXT_AUDIT","NO_REWRITE","                flag_invariant_error(x""0B"");"
"rtl/nvp/nvp6134c_i2c_bringup.vhd","ADDED","","1497","8A062EA799D5B7A2938C50D924799D94BB1557C13E7179E7F092B5912F180D73","PRODUCTION_SYNTHESIS_SOURCE","VIVADO_DEFAULT_NON_2008_COMPATIBLE_OR_STRUCTURAL_LINE","VIVADO_DEFAULT_NON_2008_COMPATIBLE_BY_EXACT_CONTEXT_AUDIT","NO_REWRITE","              end if;"
"rtl/nvp/nvp6134c_i2c_bringup.vhd","ADDED","","1498","E3B0C44298FC1C149AFBF4C8996FB92427AE41E4649B934CA495991B7852B855","PRODUCTION_SYNTHESIS_SOURCE","COMMENT_OR_BLANK","NOT_EXECUTABLE_LANGUAGE_CONSTRUCT","NO_REWRITE",""
"rtl/nvp/nvp6134c_i2c_bringup.vhd","ADDED","","1499","6CC4ECF0D5A77030C8A1D2F245C102371549462F181CA0AC1E90DED505FBD069","PRODUCTION_SYNTHESIS_SOURCE","COMMENT_OR_BLANK","NOT_EXECUTABLE_LANGUAGE_CONSTRUCT","NO_REWRITE","              -- 12 TABLE_SLOT_CONTEXT_COHERENT."
"rtl/nvp/nvp6134c_i2c_bringup.vhd","ADDED","","1500","BDCCEF269E6F821EE99A189B52D80DBE3535FA88A71684469F55CB663C425D66","PRODUCTION_SYNTHESIS_SOURCE","VIVADO_DEFAULT_NON_2008_COMPATIBLE_OR_STRUCTURAL_LINE","VIVADO_DEFAULT_NON_2008_COMPATIBLE_BY_EXACT_CONTEXT_AUDIT","NO_REWRITE","              if (r1f_tx_kind_r = x""4"" or r1f_tx_kind_r = x""5"" or"
"rtl/nvp/nvp6134c_i2c_bringup.vhd","ADDED","","1501","C4042B747C41963B7DA83CE705B37D2581C0176A7F135D2BFDB3D8AECDF8B275","PRODUCTION_SYNTHESIS_SOURCE","VIVADO_DEFAULT_NON_2008_COMPATIBLE_OR_STRUCTURAL_LINE","VIVADO_DEFAULT_NON_2008_COMPATIBLE_BY_EXACT_CONTEXT_AUDIT","NO_REWRITE","                  r1f_tx_kind_r = x""6"") then"
"rtl/nvp/nvp6134c_i2c_bringup.vhd","ADDED","","1502","EBE98885845C45AAFC01E814FC51CD4C5EA0FDC93880CDFEBE5EA3CEAC17CF9D","PRODUCTION_SYNTHESIS_SOURCE","VIVADO_DEFAULT_NON_2008_COMPATIBLE_OR_STRUCTURAL_LINE","VIVADO_DEFAULT_NON_2008_COMPATIBLE_BY_EXACT_CONTEXT_AUDIT","NO_REWRITE","                if r1f_tx_phase_r /="
"rtl/nvp/nvp6134c_i2c_bringup.vhd","ADDED","","1503","7BF375F80EFA21F3D9411162A58D75FD5C34D4E12C45E0AB9EEDE64BABA99C04","PRODUCTION_SYNTHESIS_SOURCE","VIVADO_DEFAULT_NON_2008_COMPATIBLE_OR_STRUCTURAL_LINE","VIVADO_DEFAULT_NON_2008_COMPATIBLE_BY_EXACT_CONTEXT_AUDIT","NO_REWRITE","                     std_logic_vector(to_unsigned(t_phase'pos(PH_INIT), 4)) or"
"rtl/nvp/nvp6134c_i2c_bringup.vhd","ADDED","","1504","B522B76FFECC3218B19CBC647139731A827E25508B0C7988623BD29D84AAF959","PRODUCTION_SYNTHESIS_SOURCE","VIVADO_DEFAULT_NON_2008_COMPATIBLE_OR_STRUCTURAL_LINE","VIVADO_DEFAULT_NON_2008_COMPATIBLE_BY_EXACT_CONTEXT_AUDIT","NO_REWRITE","                   r1f_tx_slot_r /= std_logic_vector(to_unsigned(slot_idx, 16)) then"
"rtl/nvp/nvp6134c_i2c_bringup.vhd","ADDED","","1505","A6D9900CFF64710F59FFAA10F8E744C8E59141D7891CB9F4EB53AFD2BA5F0E47","PRODUCTION_SYNTHESIS_SOURCE","VIVADO_DEFAULT_NON_2008_COMPATIBLE_OR_STRUCTURAL_LINE","VIVADO_DEFAULT_NON_2008_COMPATIBLE_BY_EXACT_CONTEXT_AUDIT","NO_REWRITE","                  flag_invariant_error(x""0C"");"
"rtl/nvp/nvp6134c_i2c_bringup.vhd","ADDED","","1506","A0DAE1AC041A6BF00C78FAEE15E00B31C2556A557826E7E57279E71FF4D8A37E","PRODUCTION_SYNTHESIS_SOURCE","VIVADO_DEFAULT_NON_2008_COMPATIBLE_OR_STRUCTURAL_LINE","VIVADO_DEFAULT_NON_2008_COMPATIBLE_BY_EXACT_CONTEXT_AUDIT","NO_REWRITE","                end if;"
"rtl/nvp/nvp6134c_i2c_bringup.vhd","ADDED","","1507","9862EA3184435F446D60F7DAE5475CA17E45D45FC3EFA6D45008896066AD1626","PRODUCTION_SYNTHESIS_SOURCE","VIVADO_DEFAULT_NON_2008_COMPATIBLE_OR_STRUCTURAL_LINE","VIVADO_DEFAULT_NON_2008_COMPATIBLE_BY_EXACT_CONTEXT_AUDIT","NO_REWRITE","              elsif r1f_tx_slot_r /= x""FFFF"" then"
"rtl/nvp/nvp6134c_i2c_bringup.vhd","ADDED","","1508","45EC7BEC805D3C904D954BFB394F380037F3B51101F6A3A542EB9128EBC38C68","PRODUCTION_SYNTHESIS_SOURCE","VIVADO_DEFAULT_NON_2008_COMPATIBLE_OR_STRUCTURAL_LINE","VIVADO_DEFAULT_NON_2008_COMPATIBLE_BY_EXACT_CONTEXT_AUDIT","NO_REWRITE","                flag_invariant_error(x""0C"");"
"rtl/nvp/nvp6134c_i2c_bringup.vhd","ADDED","","1509","8A062EA799D5B7A2938C50D924799D94BB1557C13E7179E7F092B5912F180D73","PRODUCTION_SYNTHESIS_SOURCE","VIVADO_DEFAULT_NON_2008_COMPATIBLE_OR_STRUCTURAL_LINE","VIVADO_DEFAULT_NON_2008_COMPATIBLE_BY_EXACT_CONTEXT_AUDIT","NO_REWRITE","              end if;"
"rtl/nvp/nvp6134c_i2c_bringup.vhd","ADDED","","1510","E3B0C44298FC1C149AFBF4C8996FB92427AE41E4649B934CA495991B7852B855","PRODUCTION_SYNTHESIS_SOURCE","COMMENT_OR_BLANK","NOT_EXECUTABLE_LANGUAGE_CONSTRUCT","NO_REWRITE",""
"rtl/nvp/nvp6134c_i2c_bringup.vhd","ADDED","","1511","E649DA800B4527B971649A0E9698BBA4726C0500D74396BC90989074341CB890","PRODUCTION_SYNTHESIS_SOURCE","VIVADO_DEFAULT_NON_2008_COMPATIBLE_OR_STRUCTURAL_LINE","VIVADO_DEFAULT_NON_2008_COMPATIBLE_BY_EXACT_CONTEXT_AUDIT","NO_REWRITE","              r1f_bank_inv_check_count_r <="
"rtl/nvp/nvp6134c_i2c_bringup.vhd","ADDED","","1512","9F10C748C386B840B3EC3746BEEA3D72DDE0CB38DA35C37E56F7272E40C9FD96","PRODUCTION_SYNTHESIS_SOURCE","VIVADO_DEFAULT_NON_2008_COMPATIBLE_OR_STRUCTURAL_LINE","VIVADO_DEFAULT_NON_2008_COMPATIBLE_BY_EXACT_CONTEXT_AUDIT","NO_REWRITE","                sat_add32(r1f_bank_inv_check_count_r, inv_checks_v);"
"rtl/nvp/nvp6134c_i2c_bringup.vhd","ADDED","","1513","63B9F1A74AF9E4EFD301E619CEC490952FA9DA1C36770EBE2D11D86DC7C32C5D","PRODUCTION_SYNTHESIS_SOURCE","VIVADO_DEFAULT_NON_2008_COMPATIBLE_OR_STRUCTURAL_LINE","VIVADO_DEFAULT_NON_2008_COMPATIBLE_BY_EXACT_CONTEXT_AUDIT","NO_REWRITE","              if inv_errors_v /= 0 then"
"rtl/nvp/nvp6134c_i2c_bringup.vhd","ADDED","","1514","D117A9A0E94A5F149B7433C1080E8B8361840540C960B9E84A79D493093A5DBD","PRODUCTION_SYNTHESIS_SOURCE","VIVADO_DEFAULT_NON_2008_COMPATIBLE_OR_STRUCTURAL_LINE","VIVADO_DEFAULT_NON_2008_COMPATIBLE_BY_EXACT_CONTEXT_AUDIT","NO_REWRITE","                r1f_bank_inv_error_count_r <="
"rtl/nvp/nvp6134c_i2c_bringup.vhd","ADDED","","1515","6957D8055967037348CB0B43C8CBED3B470D99178F0F48D6139C79F3B0A3F9B0","PRODUCTION_SYNTHESIS_SOURCE","VIVADO_DEFAULT_NON_2008_COMPATIBLE_OR_STRUCTURAL_LINE","VIVADO_DEFAULT_NON_2008_COMPATIBLE_BY_EXACT_CONTEXT_AUDIT","NO_REWRITE","                  sat_add32(r1f_bank_inv_error_count_r, inv_errors_v);"
"rtl/nvp/nvp6134c_i2c_bringup.vhd","ADDED","","1516","18583F1BADCDF8CC74DA88875AD156EC796C8D9013A6EF6842E5D02A5B6C3F17","PRODUCTION_SYNTHESIS_SOURCE","VIVADO_DEFAULT_NON_2008_COMPATIBLE_OR_STRUCTURAL_LINE","VIVADO_DEFAULT_NON_2008_COMPATIBLE_BY_EXACT_CONTEXT_AUDIT","NO_REWRITE","                if r1f_bank_inv_error_count_r = 0 then"
"rtl/nvp/nvp6134c_i2c_bringup.vhd","ADDED","","1517","5E14E8B84DFB9910E50CE2A81609642F905FE3C653D922155D3FA3AF7D571187","PRODUCTION_SYNTHESIS_SOURCE","VIVADO_DEFAULT_NON_2008_COMPATIBLE_OR_STRUCTURAL_LINE","VIVADO_DEFAULT_NON_2008_COMPATIBLE_BY_EXACT_CONTEXT_AUDIT","NO_REWRITE","                  r1f_first_bank_inv_error_r <="
"rtl/nvp/nvp6134c_i2c_bringup.vhd","ADDED","","1518","F384F6F6478026EF64118AEE8B76E7CCCBF9EC6932918088B98E5243454D7087","PRODUCTION_SYNTHESIS_SOURCE","VIVADO_DEFAULT_NON_2008_COMPATIBLE_OR_STRUCTURAL_LINE","VIVADO_DEFAULT_NON_2008_COMPATIBLE_BY_EXACT_CONTEXT_AUDIT","NO_REWRITE","                    '1' & inv_first_code_v(6 downto 0) & r1f_tx_index_r &"
"rtl/nvp/nvp6134c_i2c_bringup.vhd","ADDED","","1519","13E3FEA03C11D359BFD83894C6A04B0DCB168B8DD08D722A780A9C345BE57758","PRODUCTION_SYNTHESIS_SOURCE","VIVADO_DEFAULT_NON_2008_COMPATIBLE_OR_STRUCTURAL_LINE","VIVADO_DEFAULT_NON_2008_COMPATIBLE_BY_EXACT_CONTEXT_AUDIT","NO_REWRITE","                    r1f_tx_kind_r & r1f_tx_phase_r;"
"rtl/nvp/nvp6134c_i2c_bringup.vhd","ADDED","","1520","A0DAE1AC041A6BF00C78FAEE15E00B31C2556A557826E7E57279E71FF4D8A37E","PRODUCTION_SYNTHESIS_SOURCE","VIVADO_DEFAULT_NON_2008_COMPATIBLE_OR_STRUCTURAL_LINE","VIVADO_DEFAULT_NON_2008_COMPATIBLE_BY_EXACT_CONTEXT_AUDIT","NO_REWRITE","                end if;"
"rtl/nvp/nvp6134c_i2c_bringup.vhd","ADDED","","1521","8A062EA799D5B7A2938C50D924799D94BB1557C13E7179E7F092B5912F180D73","PRODUCTION_SYNTHESIS_SOURCE","VIVADO_DEFAULT_NON_2008_COMPATIBLE_OR_STRUCTURAL_LINE","VIVADO_DEFAULT_NON_2008_COMPATIBLE_BY_EXACT_CONTEXT_AUDIT","NO_REWRITE","              end if;"
"rtl/nvp/nvp6134c_i2c_bringup.vhd","ADDED","","1522","E3B0C44298FC1C149AFBF4C8996FB92427AE41E4649B934CA495991B7852B855","PRODUCTION_SYNTHESIS_SOURCE","COMMENT_OR_BLANK","NOT_EXECUTABLE_LANGUAGE_CONSTRUCT","NO_REWRITE",""
"rtl/nvp/nvp6134c_i2c_bringup.vhd","ADDED","","1523","71C8BF78F14E9493DA7525BC72C0413D801BB17F5A8B391B0222663F442F30A0","PRODUCTION_SYNTHESIS_SOURCE","VIVADO_DEFAULT_NON_2008_COMPATIBLE_OR_STRUCTURAL_LINE","VIVADO_DEFAULT_NON_2008_COMPATIBLE_BY_EXACT_CONTEXT_AUDIT","NO_REWRITE","              r1f_after_expected_bank_r <= phys_after_v;"
"rtl/nvp/nvp6134c_i2c_bringup.vhd","ADDED","","1524","356018BCF2E018DE36EFD681A8D5056C9A790E43E4AD8C95E3BCA7FC3456F912","PRODUCTION_SYNTHESIS_SOURCE","VIVADO_DEFAULT_NON_2008_COMPATIBLE_OR_STRUCTURAL_LINE","VIVADO_DEFAULT_NON_2008_COMPATIBLE_BY_EXACT_CONTEXT_AUDIT","NO_REWRITE","              r1f_after_expected_valid_r <= phys_after_valid_v;"
"rtl/nvp/nvp6134c_i2c_bringup.vhd","ADDED","","1525","27157C6B71C66D37F8A696F499EC568F3B3368856AE7B9156F2FD229E535A665","PRODUCTION_SYNTHESIS_SOURCE","VIVADO_DEFAULT_NON_2008_COMPATIBLE_OR_STRUCTURAL_LINE","VIVADO_DEFAULT_NON_2008_COMPATIBLE_BY_EXACT_CONTEXT_AUDIT","NO_REWRITE","              r1f_after_check_index_r <= r1f_tx_index_r;"
"rtl/nvp/nvp6134c_i2c_bringup.vhd","ADDED","","1526","79EB4BB3CCF1AB72827F642C1ADCF5D0453919F804A22CE02E508A5BCBCFECA2","PRODUCTION_SYNTHESIS_SOURCE","VIVADO_DEFAULT_NON_2008_COMPATIBLE_OR_STRUCTURAL_LINE","VIVADO_DEFAULT_NON_2008_COMPATIBLE_BY_EXACT_CONTEXT_AUDIT","NO_REWRITE","              r1f_after_check_kind_r <= r1f_tx_kind_r;"
"rtl/nvp/nvp6134c_i2c_bringup.vhd","ADDED","","1527","D33F999C7174C0B249067CA616F30B3D685C72B2850CA13D4C98120BB0766963","PRODUCTION_SYNTHESIS_SOURCE","VIVADO_DEFAULT_NON_2008_COMPATIBLE_OR_STRUCTURAL_LINE","VIVADO_DEFAULT_NON_2008_COMPATIBLE_BY_EXACT_CONTEXT_AUDIT","NO_REWRITE","              r1f_after_check_phase_r <= r1f_tx_phase_r;"
"rtl/nvp/nvp6134c_i2c_bringup.vhd","ADDED","","1528","0F7530F38E25AEE4D0D5BE76EC39BF0A18FAF80ACEDE987249C37094806549B7","PRODUCTION_SYNTHESIS_SOURCE","VIVADO_DEFAULT_NON_2008_COMPATIBLE_OR_STRUCTURAL_LINE","VIVADO_DEFAULT_NON_2008_COMPATIBLE_BY_EXACT_CONTEXT_AUDIT","NO_REWRITE","              r1f_after_check_pending_r <= '1';"
"rtl/nvp/nvp6134c_i2c_bringup.vhd","ADDED","","1529","E3B0C44298FC1C149AFBF4C8996FB92427AE41E4649B934CA495991B7852B855","PRODUCTION_SYNTHESIS_SOURCE","COMMENT_OR_BLANK","NOT_EXECUTABLE_LANGUAGE_CONSTRUCT","NO_REWRITE",""
"rtl/nvp/r1f_transaction_serial_counter.vhd","ADDED","","1","9DF6130334A02061EE987944BA80207AC0DDA075CDDD836BCB732A3C92D05EA0","PRODUCTION_SYNTHESIS_SOURCE","VIVADO_DEFAULT_NON_2008_COMPATIBLE_OR_STRUCTURAL_LINE","VIVADO_DEFAULT_NON_2008_COMPATIBLE_BY_EXACT_CONTEXT_AUDIT","NO_REWRITE","library ieee;"
"rtl/nvp/r1f_transaction_serial_counter.vhd","ADDED","","2","8EEF43A910ABB01BBA3DCEA720CDB84E3A1517E6DF2CF697940FC5741AEFD409","PRODUCTION_SYNTHESIS_SOURCE","VIVADO_DEFAULT_NON_2008_COMPATIBLE_OR_STRUCTURAL_LINE","VIVADO_DEFAULT_NON_2008_COMPATIBLE_BY_EXACT_CONTEXT_AUDIT","NO_REWRITE","use ieee.std_logic_1164.all;"
"rtl/nvp/r1f_transaction_serial_counter.vhd","ADDED","","3","6FD8DB575B560F8F696DE1D9DC8BFEC2F4EBDF971089859BA2C39369035D841A","PRODUCTION_SYNTHESIS_SOURCE","VIVADO_DEFAULT_NON_2008_COMPATIBLE_OR_STRUCTURAL_LINE","VIVADO_DEFAULT_NON_2008_COMPATIBLE_BY_EXACT_CONTEXT_AUDIT","NO_REWRITE","use ieee.numeric_std.all;"
"rtl/nvp/r1f_transaction_serial_counter.vhd","ADDED","","4","E3B0C44298FC1C149AFBF4C8996FB92427AE41E4649B934CA495991B7852B855","PRODUCTION_SYNTHESIS_SOURCE","COMMENT_OR_BLANK","NOT_EXECUTABLE_LANGUAGE_CONSTRUCT","NO_REWRITE",""
"rtl/nvp/r1f_transaction_serial_counter.vhd","ADDED","","5","7CED46928353B05AEB2A22FB2541780A2DD38EC06B5BB1866FD92CD1D25B5B79","PRODUCTION_SYNTHESIS_SOURCE","COMMENT_OR_BLANK","NOT_EXECUTABLE_LANGUAGE_CONSTRUCT","NO_REWRITE","-- Diagnostic-only independent transaction serial. No output from this entity"
"rtl/nvp/r1f_transaction_serial_counter.vhd","ADDED","","6","645EE0E9902992EA50686425176B2886F6A238905BD7A79D6045A9FDB1137252","PRODUCTION_SYNTHESIS_SOURCE","COMMENT_OR_BLANK","NOT_EXECUTABLE_LANGUAGE_CONSTRUCT","NO_REWRITE","-- is permitted to drive functional I2C control."
"rtl/nvp/r1f_transaction_serial_counter.vhd","ADDED","","7","C172E2D3CE72C0B8FC515E62A6C575BF3BC5C78BD029D243ED5EF12DD15E67A0","PRODUCTION_SYNTHESIS_SOURCE","VIVADO_DEFAULT_NON_2008_COMPATIBLE_OR_STRUCTURAL_LINE","VIVADO_DEFAULT_NON_2008_COMPATIBLE_BY_EXACT_CONTEXT_AUDIT","NO_REWRITE","entity r1f_transaction_serial_counter is"
"rtl/nvp/r1f_transaction_serial_counter.vhd","ADDED","","8","5704BB6954EA66319AD64BB38F7E31E128187310F744944F8E4119F4DC77B895","PRODUCTION_SYNTHESIS_SOURCE","VIVADO_DEFAULT_NON_2008_COMPATIBLE_OR_STRUCTURAL_LINE","VIVADO_DEFAULT_NON_2008_COMPATIBLE_BY_EXACT_CONTEXT_AUDIT","NO_REWRITE","  port("
"rtl/nvp/r1f_transaction_serial_counter.vhd","ADDED","","9","DA7A29C94B33A799803D98BEF152D2C99DC62EE0A74BCB77ACC4F90659FC61EA","PRODUCTION_SYNTHESIS_SOURCE","VIVADO_DEFAULT_NON_2008_COMPATIBLE_OR_STRUCTURAL_LINE","VIVADO_DEFAULT_NON_2008_COMPATIBLE_BY_EXACT_CONTEXT_AUDIT","NO_REWRITE","    clk               : in  std_logic;"
"rtl/nvp/r1f_transaction_serial_counter.vhd","ADDED","","10","FCA18216CF8BD442C95A3D2CB7A41B4BB1E7C79DDE9B8B2B3C79F0A255072904","PRODUCTION_SYNTHESIS_SOURCE","VIVADO_DEFAULT_NON_2008_COMPATIBLE_OR_STRUCTURAL_LINE","VIVADO_DEFAULT_NON_2008_COMPATIBLE_BY_EXACT_CONTEXT_AUDIT","NO_REWRITE","    rst               : in  std_logic;"
"rtl/nvp/r1f_transaction_serial_counter.vhd","ADDED","","11","0FD3D57879ABA8455FA086FDE4A589734D3396CA6A1D87E57067E61171A900A4","PRODUCTION_SYNTHESIS_SOURCE","VIVADO_DEFAULT_NON_2008_COMPATIBLE_OR_STRUCTURAL_LINE","VIVADO_DEFAULT_NON_2008_COMPATIBLE_BY_EXACT_CONTEXT_AUDIT","NO_REWRITE","    clear_run         : in  std_logic;"
"rtl/nvp/r1f_transaction_serial_counter.vhd","ADDED","","12","BB1FB79EAD316D692C1070B32AA6D068217558B91C8B522CFA9AB9B4A91B586F","PRODUCTION_SYNTHESIS_SOURCE","VIVADO_DEFAULT_NON_2008_COMPATIBLE_OR_STRUCTURAL_LINE","VIVADO_DEFAULT_NON_2008_COMPATIBLE_BY_EXACT_CONTEXT_AUDIT","NO_REWRITE","    transaction_start : in  std_logic;"
"rtl/nvp/r1f_transaction_serial_counter.vhd","ADDED","","13","C06ADBDBB74D9E8B9D8934B3CF6D724538FECD1B1DD7CB4FD3E9FAAD772E44F2","PRODUCTION_SYNTHESIS_SOURCE","VIVADO_DEFAULT_NON_2008_COMPATIBLE_OR_STRUCTURAL_LINE","VIVADO_DEFAULT_NON_2008_COMPATIBLE_BY_EXACT_CONTEXT_AUDIT","NO_REWRITE","    current_index     : out std_logic_vector(15 downto 0);"
"rtl/nvp/r1f_transaction_serial_counter.vhd","ADDED","","14","C051E466AB194A14FA31AA3E87EF63E2A7D1771C15DA016BD85F74F699EA139B","PRODUCTION_SYNTHESIS_SOURCE","VIVADO_DEFAULT_NON_2008_COMPATIBLE_OR_STRUCTURAL_LINE","VIVADO_DEFAULT_NON_2008_COMPATIBLE_BY_EXACT_CONTEXT_AUDIT","NO_REWRITE","    next_index        : out std_logic_vector(15 downto 0);"
"rtl/nvp/r1f_transaction_serial_counter.vhd","ADDED","","15","BE74A090A701BF409673C0379E65DA3CABE38717662E8017AB1880E119F5740F","PRODUCTION_SYNTHESIS_SOURCE","VIVADO_DEFAULT_NON_2008_COMPATIBLE_OR_STRUCTURAL_LINE","VIVADO_DEFAULT_NON_2008_COMPATIBLE_BY_EXACT_CONTEXT_AUDIT","NO_REWRITE","    overflow          : out std_logic"
"rtl/nvp/r1f_transaction_serial_counter.vhd","ADDED","","16","3A5D0B9C2FD82493B66BBA108059E333B190A7C3F488EAB80FBAB6A853F4473A","PRODUCTION_SYNTHESIS_SOURCE","VIVADO_DEFAULT_NON_2008_COMPATIBLE_OR_STRUCTURAL_LINE","VIVADO_DEFAULT_NON_2008_COMPATIBLE_BY_EXACT_CONTEXT_AUDIT","NO_REWRITE","  );"
"rtl/nvp/r1f_transaction_serial_counter.vhd","ADDED","","17","3B1D9C6C51F368D7D8A2953680D6E6D141DFCEAAF1AABE39CDB6A5A811DEC6A6","PRODUCTION_SYNTHESIS_SOURCE","VIVADO_DEFAULT_NON_2008_COMPATIBLE_OR_STRUCTURAL_LINE","VIVADO_DEFAULT_NON_2008_COMPATIBLE_BY_EXACT_CONTEXT_AUDIT","NO_REWRITE","end entity;"
"rtl/nvp/r1f_transaction_serial_counter.vhd","ADDED","","18","E3B0C44298FC1C149AFBF4C8996FB92427AE41E4649B934CA495991B7852B855","PRODUCTION_SYNTHESIS_SOURCE","COMMENT_OR_BLANK","NOT_EXECUTABLE_LANGUAGE_CONSTRUCT","NO_REWRITE",""
"rtl/nvp/r1f_transaction_serial_counter.vhd","ADDED","","19","6D7C3E236058A982946EE5A14A2BC170745EBE5D6AC1DCEC8A79686D5893E6E4","PRODUCTION_SYNTHESIS_SOURCE","VIVADO_DEFAULT_NON_2008_COMPATIBLE_OR_STRUCTURAL_LINE","VIVADO_DEFAULT_NON_2008_COMPATIBLE_BY_EXACT_CONTEXT_AUDIT","NO_REWRITE","architecture rtl of r1f_transaction_serial_counter is"
"rtl/nvp/r1f_transaction_serial_counter.vhd","ADDED","","20","4BAFDEB24B4D9EBE2CBEB70FA0B861BA7FF6905CD33CD3A07DC1B97EC30D2225","PRODUCTION_SYNTHESIS_SOURCE","VIVADO_DEFAULT_NON_2008_COMPATIBLE_OR_STRUCTURAL_LINE","VIVADO_DEFAULT_NON_2008_COMPATIBLE_BY_EXACT_CONTEXT_AUDIT","NO_REWRITE","  signal current_r : unsigned(15 downto 0) := (others => '0');"
"rtl/nvp/r1f_transaction_serial_counter.vhd","ADDED","","21","9F8A58924E051CAD7351ABA5989442D84CFE0C9ACF2C12AE337AF2C56A3AC697","PRODUCTION_SYNTHESIS_SOURCE","VIVADO_DEFAULT_NON_2008_COMPATIBLE_OR_STRUCTURAL_LINE","VIVADO_DEFAULT_NON_2008_COMPATIBLE_BY_EXACT_CONTEXT_AUDIT","NO_REWRITE","  signal next_r : unsigned(15 downto 0) := (others => '0');"
"rtl/nvp/r1f_transaction_serial_counter.vhd","ADDED","","22","4BE9E6D80CC5D66CC9DC85446004730C13C734D01AE103288028A2D6DE21A811","PRODUCTION_SYNTHESIS_SOURCE","VIVADO_DEFAULT_NON_2008_COMPATIBLE_OR_STRUCTURAL_LINE","VIVADO_DEFAULT_NON_2008_COMPATIBLE_BY_EXACT_CONTEXT_AUDIT","NO_REWRITE","  signal overflow_r : std_logic := '0';"
"rtl/nvp/r1f_transaction_serial_counter.vhd","ADDED","","23","E6F07D43B5C21DB0FBB9A31FEAC2DC599787763393DD5ACBFAD80E247EB02AD5","PRODUCTION_SYNTHESIS_SOURCE","VIVADO_DEFAULT_NON_2008_COMPATIBLE_OR_STRUCTURAL_LINE","VIVADO_DEFAULT_NON_2008_COMPATIBLE_BY_EXACT_CONTEXT_AUDIT","NO_REWRITE","begin"
"rtl/nvp/r1f_transaction_serial_counter.vhd","ADDED","","24","20519AFED2D93B8AFECA48C90A949F6457BADCA11B09D34B9C3F91533E9992EE","PRODUCTION_SYNTHESIS_SOURCE","VIVADO_DEFAULT_NON_2008_COMPATIBLE_OR_STRUCTURAL_LINE","VIVADO_DEFAULT_NON_2008_COMPATIBLE_BY_EXACT_CONTEXT_AUDIT","NO_REWRITE","  current_index <= std_logic_vector(current_r);"
"rtl/nvp/r1f_transaction_serial_counter.vhd","ADDED","","25","676D9122473E2ED43A65F2B3FCF478922F920D85A284C141D552275B31548D8C","PRODUCTION_SYNTHESIS_SOURCE","VIVADO_DEFAULT_NON_2008_COMPATIBLE_OR_STRUCTURAL_LINE","VIVADO_DEFAULT_NON_2008_COMPATIBLE_BY_EXACT_CONTEXT_AUDIT","NO_REWRITE","  next_index <= std_logic_vector(next_r);"
"rtl/nvp/r1f_transaction_serial_counter.vhd","ADDED","","26","3443447DCFB8D0F8777479E1AD68AFAF8875C87D283F7B9A966E8BC21E16F6D2","PRODUCTION_SYNTHESIS_SOURCE","VIVADO_DEFAULT_NON_2008_COMPATIBLE_OR_STRUCTURAL_LINE","VIVADO_DEFAULT_NON_2008_COMPATIBLE_BY_EXACT_CONTEXT_AUDIT","NO_REWRITE","  overflow <= overflow_r;"
"rtl/nvp/r1f_transaction_serial_counter.vhd","ADDED","","27","E3B0C44298FC1C149AFBF4C8996FB92427AE41E4649B934CA495991B7852B855","PRODUCTION_SYNTHESIS_SOURCE","COMMENT_OR_BLANK","NOT_EXECUTABLE_LANGUAGE_CONSTRUCT","NO_REWRITE",""
"rtl/nvp/r1f_transaction_serial_counter.vhd","ADDED","","28","184B20B82F4B0A17C528E3A807E2D379B97265F1FC1D92A5F018D47F5FC30406","PRODUCTION_SYNTHESIS_SOURCE","VIVADO_DEFAULT_NON_2008_COMPATIBLE_OR_STRUCTURAL_LINE","VIVADO_DEFAULT_NON_2008_COMPATIBLE_BY_EXACT_CONTEXT_AUDIT","NO_REWRITE","  process(clk)"
"rtl/nvp/r1f_transaction_serial_counter.vhd","ADDED","","29","8EDD123376F4332998295C75BF6C00885F2B58AF5BFD8B857D6E142895E27EDA","PRODUCTION_SYNTHESIS_SOURCE","VIVADO_DEFAULT_NON_2008_COMPATIBLE_OR_STRUCTURAL_LINE","VIVADO_DEFAULT_NON_2008_COMPATIBLE_BY_EXACT_CONTEXT_AUDIT","NO_REWRITE","  begin"
"rtl/nvp/r1f_transaction_serial_counter.vhd","ADDED","","30","5C28779FFEB3DBEBB8A1D427C291F7414EF6EB44A421D788E2B73E0054AA8A6A","PRODUCTION_SYNTHESIS_SOURCE","VIVADO_DEFAULT_NON_2008_COMPATIBLE_OR_STRUCTURAL_LINE","VIVADO_DEFAULT_NON_2008_COMPATIBLE_BY_EXACT_CONTEXT_AUDIT","NO_REWRITE","    if rising_edge(clk) then"
"rtl/nvp/r1f_transaction_serial_counter.vhd","ADDED","","31","8EC1AD4D8FE36B7B27129D00C8A7F87DF5129D9435A90A26DAFC7D2E78762B35","PRODUCTION_SYNTHESIS_SOURCE","VIVADO_DEFAULT_NON_2008_COMPATIBLE_OR_STRUCTURAL_LINE","VIVADO_DEFAULT_NON_2008_COMPATIBLE_BY_EXACT_CONTEXT_AUDIT","NO_REWRITE","      if rst = '1' or clear_run = '1' then"
"rtl/nvp/r1f_transaction_serial_counter.vhd","ADDED","","32","A6DD6BE05B1254979921BF259A53C56E99DDD87C541A3C383A0B1870C3A9E17F","PRODUCTION_SYNTHESIS_SOURCE","VIVADO_DEFAULT_NON_2008_COMPATIBLE_OR_STRUCTURAL_LINE","VIVADO_DEFAULT_NON_2008_COMPATIBLE_BY_EXACT_CONTEXT_AUDIT","NO_REWRITE","        current_r <= (others => '0');"
"rtl/nvp/r1f_transaction_serial_counter.vhd","ADDED","","33","CB9C82CB901024741A96474CD4D8FC149528741BDDA0BB24F7CE659DEB7E1DF9","PRODUCTION_SYNTHESIS_SOURCE","VIVADO_DEFAULT_NON_2008_COMPATIBLE_OR_STRUCTURAL_LINE","VIVADO_DEFAULT_NON_2008_COMPATIBLE_BY_EXACT_CONTEXT_AUDIT","NO_REWRITE","        next_r <= (others => '0');"
"rtl/nvp/r1f_transaction_serial_counter.vhd","ADDED","","34","A5BED996FCE4EB8F43637856D1B74D2EE44BD0142DCCF6BFCCF5C588D00621EE","PRODUCTION_SYNTHESIS_SOURCE","VIVADO_DEFAULT_NON_2008_COMPATIBLE_OR_STRUCTURAL_LINE","VIVADO_DEFAULT_NON_2008_COMPATIBLE_BY_EXACT_CONTEXT_AUDIT","NO_REWRITE","        overflow_r <= '0';"
"rtl/nvp/r1f_transaction_serial_counter.vhd","ADDED","","35","F29DB16763075698407656F9B8C61751A6AE9329D2B804A77A895B3489917221","PRODUCTION_SYNTHESIS_SOURCE","VIVADO_DEFAULT_NON_2008_COMPATIBLE_OR_STRUCTURAL_LINE","VIVADO_DEFAULT_NON_2008_COMPATIBLE_BY_EXACT_CONTEXT_AUDIT","NO_REWRITE","      elsif transaction_start = '1' then"
"rtl/nvp/r1f_transaction_serial_counter.vhd","ADDED","","36","53A3E365B4376C388FDC4B586D7EF8621D713117463B51A92A5C38B1BE0E7487","PRODUCTION_SYNTHESIS_SOURCE","VIVADO_DEFAULT_NON_2008_COMPATIBLE_OR_STRUCTURAL_LINE","VIVADO_DEFAULT_NON_2008_COMPATIBLE_BY_EXACT_CONTEXT_AUDIT","NO_REWRITE","        current_r <= next_r;"
"rtl/nvp/r1f_transaction_serial_counter.vhd","ADDED","","37","E4A8AD1EBC6FFB32F87A5A9778E43274531170B3B8BA0C51CA9C0AB6B76926FE","PRODUCTION_SYNTHESIS_SOURCE","VIVADO_DEFAULT_NON_2008_COMPATIBLE_OR_STRUCTURAL_LINE","VIVADO_DEFAULT_NON_2008_COMPATIBLE_BY_EXACT_CONTEXT_AUDIT","NO_REWRITE","        if next_r = x""FFFF"" then"
"rtl/nvp/r1f_transaction_serial_counter.vhd","ADDED","","38","32A2C4D623B90E44AA20FFC4CB2C7B585F1CC42638CD4EF7297CC8B91CEA5D27","PRODUCTION_SYNTHESIS_SOURCE","VIVADO_DEFAULT_NON_2008_COMPATIBLE_OR_STRUCTURAL_LINE","VIVADO_DEFAULT_NON_2008_COMPATIBLE_BY_EXACT_CONTEXT_AUDIT","NO_REWRITE","          overflow_r <= '1';"
"rtl/nvp/r1f_transaction_serial_counter.vhd","ADDED","","39","D40ED8AB252A9AFB82DE92A1491CBA818C79C2F9408B03AF30C10BF3C0572C18","PRODUCTION_SYNTHESIS_SOURCE","VIVADO_DEFAULT_NON_2008_COMPATIBLE_OR_STRUCTURAL_LINE","VIVADO_DEFAULT_NON_2008_COMPATIBLE_BY_EXACT_CONTEXT_AUDIT","NO_REWRITE","        end if;"
"rtl/nvp/r1f_transaction_serial_counter.vhd","ADDED","","40","37BF9D456CC2BA12C074B0A15A8360B8B422B7B8C736BCA8F694CAD40C485980","PRODUCTION_SYNTHESIS_SOURCE","VIVADO_DEFAULT_NON_2008_COMPATIBLE_OR_STRUCTURAL_LINE","VIVADO_DEFAULT_NON_2008_COMPATIBLE_BY_EXACT_CONTEXT_AUDIT","NO_REWRITE","        next_r <= next_r + 1;"
"rtl/nvp/r1f_transaction_serial_counter.vhd","ADDED","","41","82665B83E7F46B52C5EBA97812E4A0A99CB979AF5A33EBD3DB623FE4BEAE4FBB","PRODUCTION_SYNTHESIS_SOURCE","VIVADO_DEFAULT_NON_2008_COMPATIBLE_OR_STRUCTURAL_LINE","VIVADO_DEFAULT_NON_2008_COMPATIBLE_BY_EXACT_CONTEXT_AUDIT","NO_REWRITE","      end if;"
"rtl/nvp/r1f_transaction_serial_counter.vhd","ADDED","","42","91B5EE088CF70811415676A461E6BE19391E0354BB8D7E6CF2C5A4AC8C4F326E","PRODUCTION_SYNTHESIS_SOURCE","VIVADO_DEFAULT_NON_2008_COMPATIBLE_OR_STRUCTURAL_LINE","VIVADO_DEFAULT_NON_2008_COMPATIBLE_BY_EXACT_CONTEXT_AUDIT","NO_REWRITE","    end if;"
"rtl/nvp/r1f_transaction_serial_counter.vhd","ADDED","","43","72AF5DA594AC28A2C68ED05DF3ED2BAE2B3B206000F5AD9F02378338C5947828","PRODUCTION_SYNTHESIS_SOURCE","VIVADO_DEFAULT_NON_2008_COMPATIBLE_OR_STRUCTURAL_LINE","VIVADO_DEFAULT_NON_2008_COMPATIBLE_BY_EXACT_CONTEXT_AUDIT","NO_REWRITE","  end process;"
"rtl/nvp/r1f_transaction_serial_counter.vhd","ADDED","","44","8233FCEB87C49C25FA36CCD708EC8608E2200D3AF54336096EA92E37414CE4DA","PRODUCTION_SYNTHESIS_SOURCE","VIVADO_DEFAULT_NON_2008_COMPATIBLE_OR_STRUCTURAL_LINE","VIVADO_DEFAULT_NON_2008_COMPATIBLE_BY_EXACT_CONTEXT_AUDIT","NO_REWRITE","end architecture;"
"tests/nvp/tb_nvp_autoinit.vhd","ADDED","","37","C6EE0242362C0999453B5DB62BD2F4F7B81C27A1EC2DF637F88F0777C7EA191C","TESTBENCH_NOT_IN_PRODUCTION_SYNTHESIS_FILESET","VIVADO_DEFAULT_NON_2008_COMPATIBLE_OR_STRUCTURAL_LINE","VIVADO_DEFAULT_NON_2008_COMPATIBLE_BY_EXACT_CONTEXT_AUDIT","NO_REWRITE","  signal r1f_phase_counters : std_logic_vector(255 downto 0);"
"tests/nvp/tb_nvp_autoinit.vhd","ADDED","","38","D98F954C956656ED77A4D87FCF22845B52359B2DC97A6E97FB86A1F37A272192","TESTBENCH_NOT_IN_PRODUCTION_SYNTHESIS_FILESET","VIVADO_DEFAULT_NON_2008_COMPATIBLE_OR_STRUCTURAL_LINE","VIVADO_DEFAULT_NON_2008_COMPATIBLE_BY_EXACT_CONTEXT_AUDIT","NO_REWRITE","  signal r1f_transaction_counters : std_logic_vector(127 downto 0);"
"tests/nvp/tb_nvp_autoinit.vhd","ADDED","","39","155F5AEAB0BE25D11591F76BD6A66CD3A470D186C0E107FE8BE140CFC3A8FBF6","TESTBENCH_NOT_IN_PRODUCTION_SYNTHESIS_FILESET","VIVADO_DEFAULT_NON_2008_COMPATIBLE_OR_STRUCTURAL_LINE","VIVADO_DEFAULT_NON_2008_COMPATIBLE_BY_EXACT_CONTEXT_AUDIT","NO_REWRITE","  signal r1f_transaction_serial_next : std_logic_vector(15 downto 0);"
"tests/nvp/tb_nvp_autoinit.vhd","ADDED","","40","9BC7B244B8456D4F6E1F7AEE215F666BDF9525A48BEC02BA61D78E2739E40BA9","TESTBENCH_NOT_IN_PRODUCTION_SYNTHESIS_FILESET","VIVADO_DEFAULT_NON_2008_COMPATIBLE_OR_STRUCTURAL_LINE","VIVADO_DEFAULT_NON_2008_COMPATIBLE_BY_EXACT_CONTEXT_AUDIT","NO_REWRITE","  signal r1f_transaction_serial_overflow : std_logic;"
"tests/nvp/tb_nvp_autoinit.vhd","ADDED","","41","F645946CC8626EE1687216944CC1447AA4DBCFC4F78CFDDDFD88F3538EB278C5","TESTBENCH_NOT_IN_PRODUCTION_SYNTHESIS_FILESET","VIVADO_DEFAULT_NON_2008_COMPATIBLE_OR_STRUCTURAL_LINE","VIVADO_DEFAULT_NON_2008_COMPATIBLE_BY_EXACT_CONTEXT_AUDIT","NO_REWRITE","  signal r1f_failed_txn_record_valid : std_logic;"
"tests/nvp/tb_nvp_autoinit.vhd","ADDED","","42","9960A888B64185FB8DA1673331BE7476D9BFEC43799438A054BFC4A82F6738D6","TESTBENCH_NOT_IN_PRODUCTION_SYNTHESIS_FILESET","VIVADO_DEFAULT_NON_2008_COMPATIBLE_OR_STRUCTURAL_LINE","VIVADO_DEFAULT_NON_2008_COMPATIBLE_BY_EXACT_CONTEXT_AUDIT","NO_REWRITE","  signal r1f_failed_txn_record : std_logic_vector(191 downto 0);"
"tests/nvp/tb_nvp_autoinit.vhd","ADDED","","43","335885AF001CF4B44CCAA6C1146F7DD463B8D844271107C5E45F318A09B81B60","TESTBENCH_NOT_IN_PRODUCTION_SYNTHESIS_FILESET","VIVADO_DEFAULT_NON_2008_COMPATIBLE_OR_STRUCTURAL_LINE","VIVADO_DEFAULT_NON_2008_COMPATIBLE_BY_EXACT_CONTEXT_AUDIT","NO_REWRITE","  signal r1f_bank_invariant_check_count : std_logic_vector(31 downto 0);"
"tests/nvp/tb_nvp_autoinit.vhd","ADDED","","44","373491D6BCEC03CE378DA7416CDBC32D13177606E027DE5BB4467A107D9D853E","TESTBENCH_NOT_IN_PRODUCTION_SYNTHESIS_FILESET","VIVADO_DEFAULT_NON_2008_COMPATIBLE_OR_STRUCTURAL_LINE","VIVADO_DEFAULT_NON_2008_COMPATIBLE_BY_EXACT_CONTEXT_AUDIT","NO_REWRITE","  signal r1f_bank_invariant_error_count : std_logic_vector(31 downto 0);"
"tests/nvp/tb_nvp_autoinit.vhd","ADDED","","45","83B5162832332CD6AECC0E690841E40458A6B221B419BD5468A4A7C4193F7844","TESTBENCH_NOT_IN_PRODUCTION_SYNTHESIS_FILESET","VIVADO_DEFAULT_NON_2008_COMPATIBLE_OR_STRUCTURAL_LINE","VIVADO_DEFAULT_NON_2008_COMPATIBLE_BY_EXACT_CONTEXT_AUDIT","NO_REWRITE","  signal r1f_first_bank_invariant_error : std_logic_vector(31 downto 0);"
"tests/nvp/tb_nvp_autoinit.vhd","ADDED","","46","D5FB0664826DB75DFE4E350042F6B586BCFA6286B93336B3C9E58829E086F8D8","TESTBENCH_NOT_IN_PRODUCTION_SYNTHESIS_FILESET","VIVADO_DEFAULT_NON_2008_COMPATIBLE_OR_STRUCTURAL_LINE","VIVADO_DEFAULT_NON_2008_COMPATIBLE_BY_EXACT_CONTEXT_AUDIT","NO_REWRITE","  signal r1f_record_pulse_count : natural range 0 to 1023 := 0;"
"tests/nvp/tb_nvp_autoinit.vhd","ADDED","","47","3CE84B96515D1B1EFCF8A43F4BB1F35B6A59FF37B02A926BAC349422979E65A4","TESTBENCH_NOT_IN_PRODUCTION_SYNTHESIS_FILESET","VIVADO_DEFAULT_NON_2008_COMPATIBLE_OR_STRUCTURAL_LINE","VIVADO_DEFAULT_NON_2008_COMPATIBLE_BY_EXACT_CONTEXT_AUDIT","NO_REWRITE","  signal r1f_last_record : std_logic_vector(191 downto 0) := (others => '0');"
"tests/nvp/tb_nvp_autoinit.vhd","ADDED","","48","3B4715814BF0390E1A2B75F48C6BB158BE946E9D47D1D862B1DC7DC469B4C23D","TESTBENCH_NOT_IN_PRODUCTION_SYNTHESIS_FILESET","VIVADO_DEFAULT_NON_2008_COMPATIBLE_OR_STRUCTURAL_LINE","VIVADO_DEFAULT_NON_2008_COMPATIBLE_BY_EXACT_CONTEXT_AUDIT","NO_REWRITE","  type t_r1f_record_array is array(0 to 63) of"
"tests/nvp/tb_nvp_autoinit.vhd","ADDED","","49","DA2D9A6025BBE9056E18A537CD15526A4B2A3695D6368C919E1499C04BAEAD5E","TESTBENCH_NOT_IN_PRODUCTION_SYNTHESIS_FILESET","VIVADO_DEFAULT_NON_2008_COMPATIBLE_OR_STRUCTURAL_LINE","VIVADO_DEFAULT_NON_2008_COMPATIBLE_BY_EXACT_CONTEXT_AUDIT","NO_REWRITE","    std_logic_vector(191 downto 0);"
"tests/nvp/tb_nvp_autoinit.vhd","ADDED","","50","5D6EB1E7687E27152D0E75A3A42C1A28454874A07B1F57B4B6F803E822CDA9BC","TESTBENCH_NOT_IN_PRODUCTION_SYNTHESIS_FILESET","VIVADO_DEFAULT_NON_2008_COMPATIBLE_OR_STRUCTURAL_LINE","VIVADO_DEFAULT_NON_2008_COMPATIBLE_BY_EXACT_CONTEXT_AUDIT","NO_REWRITE","  signal r1f_records : t_r1f_record_array := (others => (others => '0'));"
"tests/nvp/tb_nvp_autoinit.vhd","ADDED","","51","64D49C72CA90FF43470BB4A23FA11544D910B4DD680E8198F1C0F7ACC986D117","TESTBENCH_NOT_IN_PRODUCTION_SYNTHESIS_FILESET","VIVADO_DEFAULT_NON_2008_COMPATIBLE_OR_STRUCTURAL_LINE","VIVADO_DEFAULT_NON_2008_COMPATIBLE_BY_EXACT_CONTEXT_AUDIT","NO_REWRITE","  signal r1f_kind_seen : std_logic_vector(13 downto 1) := (others => '0');"
"tests/nvp/tb_nvp_autoinit.vhd","DELETED","38","","5182482E49134B51780F99CCBB2D648F99CE4086AF83A57A393B25B97B8A0119","TESTBENCH_NOT_IN_PRODUCTION_SYNTHESIS_FILESET","REMOVED_R1E_LINE","NOT_APPLICABLE_REMOVED_LINE","PRESERVE_DIFF_HISTORY","  signal fault_mode : natural range 0 to 8 := 0;"
"tests/nvp/tb_nvp_autoinit.vhd","ADDED","","53","163E0BB8A3E3B14C9E543334F13F9146BE1623DCCBBBC02E5A7475B23840ECEE","TESTBENCH_NOT_IN_PRODUCTION_SYNTHESIS_FILESET","VIVADO_DEFAULT_NON_2008_COMPATIBLE_OR_STRUCTURAL_LINE","VIVADO_DEFAULT_NON_2008_COMPATIBLE_BY_EXACT_CONTEXT_AUDIT","NO_REWRITE","  signal fault_mode : natural range 0 to 15 := 0;"
"tests/nvp/tb_nvp_autoinit.vhd","ADDED","","54","CC106AB5C5CD06EB8D2F850BD26D52261C4CABDC6B87C20A50DDB2079C61F068","TESTBENCH_NOT_IN_PRODUCTION_SYNTHESIS_FILESET","VIVADO_DEFAULT_NON_2008_COMPATIBLE_OR_STRUCTURAL_LINE","VIVADO_DEFAULT_NON_2008_COMPATIBLE_BY_EXACT_CONTEXT_AUDIT","NO_REWRITE","  signal pattern_nacks_injected : natural range 0 to 64 := 0;"
"tests/nvp/tb_nvp_autoinit.vhd","DELETED","99","","F3C9289AAEC75F1C7046A96723FB609E3487A4BF52009632D26E5BC9F44EC2A7","TESTBENCH_NOT_IN_PRODUCTION_SYNTHESIS_FILESET","REMOVED_R1E_LINE","NOT_APPLICABLE_REMOVED_LINE","PRESERVE_DIFF_HISTORY","                   (fault_mode = 6 and ph = 1 and last_op = ""101"");"
"tests/nvp/tb_nvp_autoinit.vhd","ADDED","","115","11C09098FB386B606938DA4DD119D10861AB111FDB71C1DE0BB148DCEE58A81F","TESTBENCH_NOT_IN_PRODUCTION_SYNTHESIS_FILESET","VIVADO_DEFAULT_NON_2008_COMPATIBLE_OR_STRUCTURAL_LINE","VIVADO_DEFAULT_NON_2008_COMPATIBLE_BY_EXACT_CONTEXT_AUDIT","NO_REWRITE","                   (fault_mode = 6 and ph = 1 and last_op = ""101"") or"
"tests/nvp/tb_nvp_autoinit.vhd","ADDED","","116","63987C8B3F9109A5195AA49014F50DB2A2FE1748F388CC9DB70151AF3DFE2E66","TESTBENCH_NOT_IN_PRODUCTION_SYNTHESIS_FILESET","VIVADO_DEFAULT_NON_2008_COMPATIBLE_OR_STRUCTURAL_LINE","VIVADO_DEFAULT_NON_2008_COMPATIBLE_BY_EXACT_CONTEXT_AUDIT","NO_REWRITE","                   (fault_mode = 9 and ph = 1 and step = 101 and"
"tests/nvp/tb_nvp_autoinit.vhd","ADDED","","117","F2F24857D07DD1AC5CA61D123D3125EAE67A720CF54F194164709D01979AB7B3","TESTBENCH_NOT_IN_PRODUCTION_SYNTHESIS_FILESET","VIVADO_DEFAULT_NON_2008_COMPATIBLE_OR_STRUCTURAL_LINE","VIVADO_DEFAULT_NON_2008_COMPATIBLE_BY_EXACT_CONTEXT_AUDIT","NO_REWRITE","                    last_op = ""010"" and st = 7) or"
"tests/nvp/tb_nvp_autoinit.vhd","ADDED","","118","50ABAE43820D5E157F945628A9A8191F7E3E301E20EFB0BB7B9719D2FF7C1138","TESTBENCH_NOT_IN_PRODUCTION_SYNTHESIS_FILESET","VIVADO_DEFAULT_NON_2008_COMPATIBLE_OR_STRUCTURAL_LINE","VIVADO_DEFAULT_NON_2008_COMPATIBLE_BY_EXACT_CONTEXT_AUDIT","NO_REWRITE","                   (fault_mode = 10 and ph = 1 and step = 101 and"
"tests/nvp/tb_nvp_autoinit.vhd","ADDED","","119","19C0369B57AF1A43825973B55BD7DFF9FC1B153EAAFDA97019ACFA7AA64C32E1","TESTBENCH_NOT_IN_PRODUCTION_SYNTHESIS_FILESET","VIVADO_DEFAULT_NON_2008_COMPATIBLE_OR_STRUCTURAL_LINE","VIVADO_DEFAULT_NON_2008_COMPATIBLE_BY_EXACT_CONTEXT_AUDIT","NO_REWRITE","                    last_op = ""010"" and st = 11) or"
"tests/nvp/tb_nvp_autoinit.vhd","ADDED","","120","B357438C06BD4FCD4C3649516A57BDBC053C8392E0977B44F2A4F130F46ABBB7","TESTBENCH_NOT_IN_PRODUCTION_SYNTHESIS_FILESET","VIVADO_DEFAULT_NON_2008_COMPATIBLE_OR_STRUCTURAL_LINE","VIVADO_DEFAULT_NON_2008_COMPATIBLE_BY_EXACT_CONTEXT_AUDIT","NO_REWRITE","                   (fault_mode = 11 and ph = 1 and step = 101 and"
"tests/nvp/tb_nvp_autoinit.vhd","ADDED","","121","31459048F2DAF61EF423CF7F13C4709E5204568894D791064C64C26316E060D0","TESTBENCH_NOT_IN_PRODUCTION_SYNTHESIS_FILESET","VIVADO_DEFAULT_NON_2008_COMPATIBLE_OR_STRUCTURAL_LINE","VIVADO_DEFAULT_NON_2008_COMPATIBLE_BY_EXACT_CONTEXT_AUDIT","NO_REWRITE","                    last_op = ""010"" and st = 15) or"
"tests/nvp/tb_nvp_autoinit.vhd","ADDED","","122","49C4A34AE4DD76FA0BCE4960692F6BF323B9BD16A20A18599DD33E3218C788AB","TESTBENCH_NOT_IN_PRODUCTION_SYNTHESIS_FILESET","VIVADO_DEFAULT_NON_2008_COMPATIBLE_OR_STRUCTURAL_LINE","VIVADO_DEFAULT_NON_2008_COMPATIBLE_BY_EXACT_CONTEXT_AUDIT","NO_REWRITE","                   (fault_mode = 12 and ph = 1 and step = 86 and"
"tests/nvp/tb_nvp_autoinit.vhd","ADDED","","123","C98AF0FB5EEF99B4E8C67A7C83794153659FD09D2DE8F9EAD8E82962B67770DE","TESTBENCH_NOT_IN_PRODUCTION_SYNTHESIS_FILESET","VIVADO_DEFAULT_NON_2008_COMPATIBLE_OR_STRUCTURAL_LINE","VIVADO_DEFAULT_NON_2008_COMPATIBLE_BY_EXACT_CONTEXT_AUDIT","NO_REWRITE","                    last_op = ""110"" and st = 23) or"
"tests/nvp/tb_nvp_autoinit.vhd","ADDED","","124","F90E5C34FC51B8E9C29B7E916909027286BE1ADA3838C7D05EDA4FE409A01B13","TESTBENCH_NOT_IN_PRODUCTION_SYNTHESIS_FILESET","VIVADO_DEFAULT_NON_2008_COMPATIBLE_OR_STRUCTURAL_LINE","VIVADO_DEFAULT_NON_2008_COMPATIBLE_BY_EXACT_CONTEXT_AUDIT","NO_REWRITE","                   (fault_mode = 13 and st = 7 and"
"tests/nvp/tb_nvp_autoinit.vhd","ADDED","","125","CBDFE85E3F482C328BB2230848EBBB739378096595B1C1ACFBE03DAF086817F1","TESTBENCH_NOT_IN_PRODUCTION_SYNTHESIS_FILESET","VIVADO_DEFAULT_NON_2008_COMPATIBLE_OR_STRUCTURAL_LINE","VIVADO_DEFAULT_NON_2008_COMPATIBLE_BY_EXACT_CONTEXT_AUDIT","NO_REWRITE","                    transaction_count >= 1 and transaction_count <= 13) or"
"tests/nvp/tb_nvp_autoinit.vhd","ADDED","","126","0D90968A5046CFE8C2A58C2F29D96C79E22F6E2C59EB1ACDF3845FFE9C494B30","TESTBENCH_NOT_IN_PRODUCTION_SYNTHESIS_FILESET","VIVADO_DEFAULT_NON_2008_COMPATIBLE_OR_STRUCTURAL_LINE","VIVADO_DEFAULT_NON_2008_COMPATIBLE_BY_EXACT_CONTEXT_AUDIT","NO_REWRITE","                   (fault_mode = 14 and st = 7 and"
"tests/nvp/tb_nvp_autoinit.vhd","ADDED","","127","1B47F195D86561D5199A7BAA73DFA0729D195E26339ABC11F55330140621D061","TESTBENCH_NOT_IN_PRODUCTION_SYNTHESIS_FILESET","VIVADO_DEFAULT_NON_2008_COMPATIBLE_OR_STRUCTURAL_LINE","VIVADO_DEFAULT_NON_2008_COMPATIBLE_BY_EXACT_CONTEXT_AUDIT","NO_REWRITE","                    transaction_count >= 1 and transaction_count <= 15) or"
"tests/nvp/tb_nvp_autoinit.vhd","ADDED","","128","5ECD8259A47B29E4A71375A2F5ED1DDEFC345F453BDFA7040C0B9F48952B4A4E","TESTBENCH_NOT_IN_PRODUCTION_SYNTHESIS_FILESET","VIVADO_DEFAULT_NON_2008_COMPATIBLE_OR_STRUCTURAL_LINE","VIVADO_DEFAULT_NON_2008_COMPATIBLE_BY_EXACT_CONTEXT_AUDIT","NO_REWRITE","                   (fault_mode = 15 and st = 7 and"
"tests/nvp/tb_nvp_autoinit.vhd","ADDED","","129","80997E129B41264B7CB8687EABE92B74AC2D013054D7473F1A6EFA0DCCF5E250","TESTBENCH_NOT_IN_PRODUCTION_SYNTHESIS_FILESET","VIVADO_DEFAULT_NON_2008_COMPATIBLE_OR_STRUCTURAL_LINE","VIVADO_DEFAULT_NON_2008_COMPATIBLE_BY_EXACT_CONTEXT_AUDIT","NO_REWRITE","                    transaction_count >= 1 and transaction_count <= 36);"
"tests/nvp/tb_nvp_autoinit.vhd","DELETED","164","","D2420699AD0F482B4B9E7F774D2BE8F36152F144E6855D1F86B1A097FC16BAF1","TESTBENCH_NOT_IN_PRODUCTION_SYNTHESIS_FILESET","REMOVED_R1E_LINE","NOT_APPLICABLE_REMOVED_LINE","PRESERVE_DIFF_HISTORY","      timeout_count_dbg=>timeout_count, i2c_fsm_dbg=>i2c_state);"
"tests/nvp/tb_nvp_autoinit.vhd","ADDED","","194","76F547B9A1CAD342B9F275B5B321EE6459E04E8F2D13CA344A9DD2A866AB46A2","TESTBENCH_NOT_IN_PRODUCTION_SYNTHESIS_FILESET","VIVADO_DEFAULT_NON_2008_COMPATIBLE_OR_STRUCTURAL_LINE","VIVADO_DEFAULT_NON_2008_COMPATIBLE_BY_EXACT_CONTEXT_AUDIT","NO_REWRITE","      timeout_count_dbg=>timeout_count, i2c_fsm_dbg=>i2c_state,"
"tests/nvp/tb_nvp_autoinit.vhd","ADDED","","195","0DC6F54522F8D93E13CB6B08AE16AC6678287047512CA4EE4E04E66D9A22473A","TESTBENCH_NOT_IN_PRODUCTION_SYNTHESIS_FILESET","VIVADO_DEFAULT_NON_2008_COMPATIBLE_OR_STRUCTURAL_LINE","VIVADO_DEFAULT_NON_2008_COMPATIBLE_BY_EXACT_CONTEXT_AUDIT","NO_REWRITE","      r1f_phase_counters_dbg=>r1f_phase_counters,"
"tests/nvp/tb_nvp_autoinit.vhd","ADDED","","196","81DE95C11B9B0F114F01106621C4C782479838A32C4CA806A131DEEE030AACC9","TESTBENCH_NOT_IN_PRODUCTION_SYNTHESIS_FILESET","VIVADO_DEFAULT_NON_2008_COMPATIBLE_OR_STRUCTURAL_LINE","VIVADO_DEFAULT_NON_2008_COMPATIBLE_BY_EXACT_CONTEXT_AUDIT","NO_REWRITE","      r1f_transaction_counters_dbg=>r1f_transaction_counters,"
"tests/nvp/tb_nvp_autoinit.vhd","ADDED","","197","2F28E5C5C3500AFDF5BAE9487034AC315479F3032CEED2D7C7D8F59B3F21842B","TESTBENCH_NOT_IN_PRODUCTION_SYNTHESIS_FILESET","VIVADO_DEFAULT_NON_2008_COMPATIBLE_OR_STRUCTURAL_LINE","VIVADO_DEFAULT_NON_2008_COMPATIBLE_BY_EXACT_CONTEXT_AUDIT","NO_REWRITE","      r1f_transaction_serial_next_dbg=>r1f_transaction_serial_next,"
"tests/nvp/tb_nvp_autoinit.vhd","ADDED","","198","A19209B3961F0A48CF48F8A66C880B648EC706B04429610D04DFF1D3A8C63E15","TESTBENCH_NOT_IN_PRODUCTION_SYNTHESIS_FILESET","VIVADO_DEFAULT_NON_2008_COMPATIBLE_OR_STRUCTURAL_LINE","VIVADO_DEFAULT_NON_2008_COMPATIBLE_BY_EXACT_CONTEXT_AUDIT","NO_REWRITE","      r1f_transaction_serial_overflow_dbg=>r1f_transaction_serial_overflow,"
"tests/nvp/tb_nvp_autoinit.vhd","ADDED","","199","32214DBC430C284567E1AEE119FA89D8E27FD7A4AFA960471BAEFB2FBC3A6F6C","TESTBENCH_NOT_IN_PRODUCTION_SYNTHESIS_FILESET","VIVADO_DEFAULT_NON_2008_COMPATIBLE_OR_STRUCTURAL_LINE","VIVADO_DEFAULT_NON_2008_COMPATIBLE_BY_EXACT_CONTEXT_AUDIT","NO_REWRITE","      r1f_failed_txn_record_valid_dbg=>r1f_failed_txn_record_valid,"
"tests/nvp/tb_nvp_autoinit.vhd","ADDED","","200","296B9E13C98DA79B4D0CE5FDF1D503B23386FB705B778700E1823B0893A8D19B","TESTBENCH_NOT_IN_PRODUCTION_SYNTHESIS_FILESET","VIVADO_DEFAULT_NON_2008_COMPATIBLE_OR_STRUCTURAL_LINE","VIVADO_DEFAULT_NON_2008_COMPATIBLE_BY_EXACT_CONTEXT_AUDIT","NO_REWRITE","      r1f_failed_txn_record_dbg=>r1f_failed_txn_record,"
"tests/nvp/tb_nvp_autoinit.vhd","ADDED","","201","57156ED68EAE7A3C87CBF39219CA478BD8BE336741909EF1889514052865DFCE","TESTBENCH_NOT_IN_PRODUCTION_SYNTHESIS_FILESET","VIVADO_DEFAULT_NON_2008_COMPATIBLE_OR_STRUCTURAL_LINE","VIVADO_DEFAULT_NON_2008_COMPATIBLE_BY_EXACT_CONTEXT_AUDIT","NO_REWRITE","      r1f_bank_invariant_check_count_dbg=>r1f_bank_invariant_check_count,"
"tests/nvp/tb_nvp_autoinit.vhd","ADDED","","202","3E9A6EBE94BD375C89B0587FEC85B30D21BC41E1B1606F703A4021CD6224156B","TESTBENCH_NOT_IN_PRODUCTION_SYNTHESIS_FILESET","VIVADO_DEFAULT_NON_2008_COMPATIBLE_OR_STRUCTURAL_LINE","VIVADO_DEFAULT_NON_2008_COMPATIBLE_BY_EXACT_CONTEXT_AUDIT","NO_REWRITE","      r1f_bank_invariant_error_count_dbg=>r1f_bank_invariant_error_count,"
"tests/nvp/tb_nvp_autoinit.vhd","ADDED","","203","16C4B7D1536196A339A02619AEB1302185E9951E206A4F3E0BA616F002F53638","TESTBENCH_NOT_IN_PRODUCTION_SYNTHESIS_FILESET","VIVADO_DEFAULT_NON_2008_COMPATIBLE_OR_STRUCTURAL_LINE","VIVADO_DEFAULT_NON_2008_COMPATIBLE_BY_EXACT_CONTEXT_AUDIT","NO_REWRITE","      r1f_first_bank_invariant_error_dbg=>r1f_first_bank_invariant_error);"
"tests/nvp/tb_nvp_autoinit.vhd","ADDED","","224","39762A9C85923D36D2F4A6C13889706EC5C64D66EC505EBFFC45F24AA164905A","TESTBENCH_NOT_IN_PRODUCTION_SYNTHESIS_FILESET","VIVADO_DEFAULT_NON_2008_COMPATIBLE_OR_STRUCTURAL_LINE","VIVADO_DEFAULT_NON_2008_COMPATIBLE_BY_EXACT_CONTEXT_AUDIT","NO_REWRITE","        r1f_record_pulse_count <= 0;"
"tests/nvp/tb_nvp_autoinit.vhd","ADDED","","225","1AA7B6E45F8EEB6B2B76C04B13A489C8D170A6A2E85EE31FEA053F1AA89F1369","TESTBENCH_NOT_IN_PRODUCTION_SYNTHESIS_FILESET","VIVADO_DEFAULT_NON_2008_COMPATIBLE_OR_STRUCTURAL_LINE","VIVADO_DEFAULT_NON_2008_COMPATIBLE_BY_EXACT_CONTEXT_AUDIT","NO_REWRITE","        r1f_last_record <= (others => '0');"
"tests/nvp/tb_nvp_autoinit.vhd","ADDED","","226","CFCAFBA7DE815098922A914E11F60D35EB5C08969385B612556BB0CDF9E7CF76","TESTBENCH_NOT_IN_PRODUCTION_SYNTHESIS_FILESET","VIVADO_DEFAULT_NON_2008_COMPATIBLE_OR_STRUCTURAL_LINE","VIVADO_DEFAULT_NON_2008_COMPATIBLE_BY_EXACT_CONTEXT_AUDIT","NO_REWRITE","        r1f_records <= (others => (others => '0'));"
"tests/nvp/tb_nvp_autoinit.vhd","ADDED","","227","BD06ABCF98BE05C1BDCD0E818B78AC335DB53434B8A6222453BF941F6F2FB94A","TESTBENCH_NOT_IN_PRODUCTION_SYNTHESIS_FILESET","VIVADO_DEFAULT_NON_2008_COMPATIBLE_OR_STRUCTURAL_LINE","VIVADO_DEFAULT_NON_2008_COMPATIBLE_BY_EXACT_CONTEXT_AUDIT","NO_REWRITE","        r1f_kind_seen <= (others => '0');"
"tests/nvp/tb_nvp_autoinit.vhd","ADDED","","228","60374361ECFB7415237F5E76BE47F6FDA783884CFDF0124492965234D12366C4","TESTBENCH_NOT_IN_PRODUCTION_SYNTHESIS_FILESET","VIVADO_DEFAULT_NON_2008_COMPATIBLE_OR_STRUCTURAL_LINE","VIVADO_DEFAULT_NON_2008_COMPATIBLE_BY_EXACT_CONTEXT_AUDIT","NO_REWRITE","        pattern_nacks_injected <= 0;"
"tests/nvp/tb_nvp_autoinit.vhd","ADDED","","233","5E2991ED92D28E8178ED18C1B58A1D29011BEC18D62DEBFB572170EAD15E0F48","TESTBENCH_NOT_IN_PRODUCTION_SYNTHESIS_FILESET","VIVADO_DEFAULT_NON_2008_COMPATIBLE_OR_STRUCTURAL_LINE","VIVADO_DEFAULT_NON_2008_COMPATIBLE_BY_EXACT_CONTEXT_AUDIT","NO_REWRITE","        case phase8 is"
"tests/nvp/tb_nvp_autoinit.vhd","ADDED","","234","0B5A60CCCCD247E6ADD5D27D0A091E2D40D7B184513126EF9AA7CC4A3E00AE20","TESTBENCH_NOT_IN_PRODUCTION_SYNTHESIS_FILESET","VIVADO_DEFAULT_NON_2008_COMPATIBLE_OR_STRUCTURAL_LINE","VIVADO_DEFAULT_NON_2008_COMPATIBLE_BY_EXACT_CONTEXT_AUDIT","NO_REWRITE","          when x""00"" =>"
"tests/nvp/tb_nvp_autoinit.vhd","ADDED","","235","3C21DC6F185C09B061898CDCB95D90847942A587B04FBA20DF1AC4DE20F74D44","TESTBENCH_NOT_IN_PRODUCTION_SYNTHESIS_FILESET","VIVADO_DEFAULT_NON_2008_COMPATIBLE_OR_STRUCTURAL_LINE","VIVADO_DEFAULT_NON_2008_COMPATIBLE_BY_EXACT_CONTEXT_AUDIT","NO_REWRITE","            if last_op = ""001"" then r1f_kind_seen(1) <= '1';"
"tests/nvp/tb_nvp_autoinit.vhd","ADDED","","236","743AA6B8F103D460F12BCAD5174101F471C737875F2B0018EDECFCD093180E2B","TESTBENCH_NOT_IN_PRODUCTION_SYNTHESIS_FILESET","VIVADO_DEFAULT_NON_2008_COMPATIBLE_OR_STRUCTURAL_LINE","VIVADO_DEFAULT_NON_2008_COMPATIBLE_BY_EXACT_CONTEXT_AUDIT","NO_REWRITE","            elsif last_op = ""101"" then r1f_kind_seen(2) <= '1';"
"tests/nvp/tb_nvp_autoinit.vhd","ADDED","","237","38275A756748BF09BD868C4064E28C26C9AB75472D123BFD5648BD0D64926FBB","TESTBENCH_NOT_IN_PRODUCTION_SYNTHESIS_FILESET","VIVADO_DEFAULT_NON_2008_COMPATIBLE_OR_STRUCTURAL_LINE","VIVADO_DEFAULT_NON_2008_COMPATIBLE_BY_EXACT_CONTEXT_AUDIT","NO_REWRITE","            elsif last_op = ""110"" then r1f_kind_seen(3) <= '1';"
"tests/nvp/tb_nvp_autoinit.vhd","ADDED","","238","16B00EA1ED1DA9FFFB20897A2F00C2F7AD632CCDF624614B1C144518822F3519","TESTBENCH_NOT_IN_PRODUCTION_SYNTHESIS_FILESET","VIVADO_DEFAULT_NON_2008_COMPATIBLE_OR_STRUCTURAL_LINE","VIVADO_DEFAULT_NON_2008_COMPATIBLE_BY_EXACT_CONTEXT_AUDIT","NO_REWRITE","            end if;"
"tests/nvp/tb_nvp_autoinit.vhd","ADDED","","239","8F0646DCC663CCDAA59FE2727B3BCD8D43AC26C9DB85763F6605722D19545E8F","TESTBENCH_NOT_IN_PRODUCTION_SYNTHESIS_FILESET","VIVADO_DEFAULT_NON_2008_COMPATIBLE_OR_STRUCTURAL_LINE","VIVADO_DEFAULT_NON_2008_COMPATIBLE_BY_EXACT_CONTEXT_AUDIT","NO_REWRITE","          when x""01"" =>"
"tests/nvp/tb_nvp_autoinit.vhd","ADDED","","240","9664DF94645B8810EA8FEAD5C670258E8B478719D48AD6160600A555DFD74F10","TESTBENCH_NOT_IN_PRODUCTION_SYNTHESIS_FILESET","VIVADO_DEFAULT_NON_2008_COMPATIBLE_OR_STRUCTURAL_LINE","VIVADO_DEFAULT_NON_2008_COMPATIBLE_BY_EXACT_CONTEXT_AUDIT","NO_REWRITE","            if last_op = ""101"" then r1f_kind_seen(4) <= '1';"
"tests/nvp/tb_nvp_autoinit.vhd","ADDED","","241","42E46F22F079F78F1A846FD9C0D7F269C6E7FA8246FA743DC96EC10DB4730EF7","TESTBENCH_NOT_IN_PRODUCTION_SYNTHESIS_FILESET","VIVADO_DEFAULT_NON_2008_COMPATIBLE_OR_STRUCTURAL_LINE","VIVADO_DEFAULT_NON_2008_COMPATIBLE_BY_EXACT_CONTEXT_AUDIT","NO_REWRITE","            elsif last_op = ""110"" then r1f_kind_seen(5) <= '1';"
"tests/nvp/tb_nvp_autoinit.vhd","ADDED","","242","8292D2F002E693D6AF8B04F57248490A8977488544AD6636FB866130BBDEF9F3","TESTBENCH_NOT_IN_PRODUCTION_SYNTHESIS_FILESET","VIVADO_DEFAULT_NON_2008_COMPATIBLE_OR_STRUCTURAL_LINE","VIVADO_DEFAULT_NON_2008_COMPATIBLE_BY_EXACT_CONTEXT_AUDIT","NO_REWRITE","            elsif last_op = ""010"" then r1f_kind_seen(6) <= '1';"
"tests/nvp/tb_nvp_autoinit.vhd","ADDED","","243","16B00EA1ED1DA9FFFB20897A2F00C2F7AD632CCDF624614B1C144518822F3519","TESTBENCH_NOT_IN_PRODUCTION_SYNTHESIS_FILESET","VIVADO_DEFAULT_NON_2008_COMPATIBLE_OR_STRUCTURAL_LINE","VIVADO_DEFAULT_NON_2008_COMPATIBLE_BY_EXACT_CONTEXT_AUDIT","NO_REWRITE","            end if;"
"tests/nvp/tb_nvp_autoinit.vhd","ADDED","","244","7A31253BAB632C8E770AA24B2A77E387B991116CEEF8666C04112027075B72BC","TESTBENCH_NOT_IN_PRODUCTION_SYNTHESIS_FILESET","VIVADO_DEFAULT_NON_2008_COMPATIBLE_OR_STRUCTURAL_LINE","VIVADO_DEFAULT_NON_2008_COMPATIBLE_BY_EXACT_CONTEXT_AUDIT","NO_REWRITE","          when x""02"" => r1f_kind_seen(7) <= '1';"
"tests/nvp/tb_nvp_autoinit.vhd","ADDED","","245","FB27A312DE45F84CAC061BAFB9DDBD4940C124832889A1713C5C6A5EE8C49DD6","TESTBENCH_NOT_IN_PRODUCTION_SYNTHESIS_FILESET","VIVADO_DEFAULT_NON_2008_COMPATIBLE_OR_STRUCTURAL_LINE","VIVADO_DEFAULT_NON_2008_COMPATIBLE_BY_EXACT_CONTEXT_AUDIT","NO_REWRITE","          when x""03"" => r1f_kind_seen(8) <= '1';"
"tests/nvp/tb_nvp_autoinit.vhd","ADDED","","246","80E7536D7B6C616051CE84A335D97D8164A873BE86BB1E9021B74E14CD682495","TESTBENCH_NOT_IN_PRODUCTION_SYNTHESIS_FILESET","VIVADO_DEFAULT_NON_2008_COMPATIBLE_OR_STRUCTURAL_LINE","VIVADO_DEFAULT_NON_2008_COMPATIBLE_BY_EXACT_CONTEXT_AUDIT","NO_REWRITE","          when x""04"" => r1f_kind_seen(9) <= '1';"
"tests/nvp/tb_nvp_autoinit.vhd","ADDED","","247","516A464C9DFF6727E4098BD258EB1B0590E879F96C64A9A2ED928221E12FB62D","TESTBENCH_NOT_IN_PRODUCTION_SYNTHESIS_FILESET","VIVADO_DEFAULT_NON_2008_COMPATIBLE_OR_STRUCTURAL_LINE","VIVADO_DEFAULT_NON_2008_COMPATIBLE_BY_EXACT_CONTEXT_AUDIT","NO_REWRITE","          when x""05"" => r1f_kind_seen(10) <= '1';"
"tests/nvp/tb_nvp_autoinit.vhd","ADDED","","248","74E58228BB0149FD933F6762874A2EABC12925B00ABBD9E5678275A4A6DCF537","TESTBENCH_NOT_IN_PRODUCTION_SYNTHESIS_FILESET","VIVADO_DEFAULT_NON_2008_COMPATIBLE_OR_STRUCTURAL_LINE","VIVADO_DEFAULT_NON_2008_COMPATIBLE_BY_EXACT_CONTEXT_AUDIT","NO_REWRITE","          when x""06"" => r1f_kind_seen(11) <= '1';"
"tests/nvp/tb_nvp_autoinit.vhd","ADDED","","249","B83BFC7539BACA0A40D0BEB831D868E82789A4862C77FE0396443A363A8BE916","TESTBENCH_NOT_IN_PRODUCTION_SYNTHESIS_FILESET","VIVADO_DEFAULT_NON_2008_COMPATIBLE_OR_STRUCTURAL_LINE","VIVADO_DEFAULT_NON_2008_COMPATIBLE_BY_EXACT_CONTEXT_AUDIT","NO_REWRITE","          when x""07"" => r1f_kind_seen(12) <= '1';"
"tests/nvp/tb_nvp_autoinit.vhd","ADDED","","250","36299632293D63C598E772EF14C403811C2EAB1B620B36969B34280A7CFC8028","TESTBENCH_NOT_IN_PRODUCTION_SYNTHESIS_FILESET","VIVADO_DEFAULT_NON_2008_COMPATIBLE_OR_STRUCTURAL_LINE","VIVADO_DEFAULT_NON_2008_COMPATIBLE_BY_EXACT_CONTEXT_AUDIT","NO_REWRITE","          when x""08"" => r1f_kind_seen(13) <= '1';"
"tests/nvp/tb_nvp_autoinit.vhd","ADDED","","251","8C8F8ECB1B2A7A50F4873ED332F83A497205C7643EB71BB1BBCD9AB0A89979A6","TESTBENCH_NOT_IN_PRODUCTION_SYNTHESIS_FILESET","VIVADO_DEFAULT_NON_2008_COMPATIBLE_OR_STRUCTURAL_LINE","VIVADO_DEFAULT_NON_2008_COMPATIBLE_BY_EXACT_CONTEXT_AUDIT","NO_REWRITE","          when others => null;"
"tests/nvp/tb_nvp_autoinit.vhd","ADDED","","252","E5E8CB10C02FA0AB72EEAF3777920C26E3DF1CA5612C04C11F4E2C3E5BE98846","TESTBENCH_NOT_IN_PRODUCTION_SYNTHESIS_FILESET","VIVADO_DEFAULT_NON_2008_COMPATIBLE_OR_STRUCTURAL_LINE","VIVADO_DEFAULT_NON_2008_COMPATIBLE_BY_EXACT_CONTEXT_AUDIT","NO_REWRITE","        end case;"
"tests/nvp/tb_nvp_autoinit.vhd","ADDED","","253","E3B0C44298FC1C149AFBF4C8996FB92427AE41E4649B934CA495991B7852B855","TESTBENCH_NOT_IN_PRODUCTION_SYNTHESIS_FILESET","COMMENT_OR_BLANK","NOT_EXECUTABLE_LANGUAGE_CONSTRUCT","NO_REWRITE",""
"tests/nvp/tb_nvp_autoinit.vhd","ADDED","","286","85321B11587810E15174F087F50957F551B9D6061ED4EC2F10B042969E1E1834","TESTBENCH_NOT_IN_PRODUCTION_SYNTHESIS_FILESET","VIVADO_DEFAULT_NON_2008_COMPATIBLE_OR_STRUCTURAL_LINE","VIVADO_DEFAULT_NON_2008_COMPATIBLE_BY_EXACT_CONTEXT_AUDIT","NO_REWRITE","        if i2c_state = x""07"" and previous_i2c_state /= x""07"" and"
"tests/nvp/tb_nvp_autoinit.vhd","ADDED","","287","D5353A744229A35E606202D5A8723B32B4EF86B72E6FEFC30AAF9ABB69695CC1","TESTBENCH_NOT_IN_PRODUCTION_SYNTHESIS_FILESET","VIVADO_DEFAULT_NON_2008_COMPATIBLE_OR_STRUCTURAL_LINE","VIVADO_DEFAULT_NON_2008_COMPATIBLE_BY_EXACT_CONTEXT_AUDIT","NO_REWRITE","           ((fault_mode = 13 and transaction_count >= 1 and transaction_count <= 13) or"
"tests/nvp/tb_nvp_autoinit.vhd","ADDED","","288","A13B5F4654717802A55532CF3AAE58A1D9CF26A5C9870B3CA246DC4C51A5B002","TESTBENCH_NOT_IN_PRODUCTION_SYNTHESIS_FILESET","VIVADO_DEFAULT_NON_2008_COMPATIBLE_OR_STRUCTURAL_LINE","VIVADO_DEFAULT_NON_2008_COMPATIBLE_BY_EXACT_CONTEXT_AUDIT","NO_REWRITE","            (fault_mode = 14 and transaction_count >= 1 and transaction_count <= 15) or"
"tests/nvp/tb_nvp_autoinit.vhd","ADDED","","289","E26DACEFAD22DE7879C124F4F04C521D5AF45C666ED43BE94AB957856093ED8E","TESTBENCH_NOT_IN_PRODUCTION_SYNTHESIS_FILESET","VIVADO_DEFAULT_NON_2008_COMPATIBLE_OR_STRUCTURAL_LINE","VIVADO_DEFAULT_NON_2008_COMPATIBLE_BY_EXACT_CONTEXT_AUDIT","NO_REWRITE","            (fault_mode = 15 and transaction_count >= 1 and transaction_count <= 36)) then"
"tests/nvp/tb_nvp_autoinit.vhd","ADDED","","290","72DEA84D29426EE081CDA77135EA48DA21575AEE36A0CC7DE27913CCBB289ECE","TESTBENCH_NOT_IN_PRODUCTION_SYNTHESIS_FILESET","VIVADO_DEFAULT_NON_2008_COMPATIBLE_OR_STRUCTURAL_LINE","VIVADO_DEFAULT_NON_2008_COMPATIBLE_BY_EXACT_CONTEXT_AUDIT","NO_REWRITE","          pattern_nacks_injected <= pattern_nacks_injected + 1;"
"tests/nvp/tb_nvp_autoinit.vhd","ADDED","","291","D40ED8AB252A9AFB82DE92A1491CBA818C79C2F9408B03AF30C10BF3C0572C18","TESTBENCH_NOT_IN_PRODUCTION_SYNTHESIS_FILESET","VIVADO_DEFAULT_NON_2008_COMPATIBLE_OR_STRUCTURAL_LINE","VIVADO_DEFAULT_NON_2008_COMPATIBLE_BY_EXACT_CONTEXT_AUDIT","NO_REWRITE","        end if;"
"tests/nvp/tb_nvp_autoinit.vhd","ADDED","","292","E48CA30548997EE3EA27D8C82623EEAD465E800086D4D41D757AB3B362A694AD","TESTBENCH_NOT_IN_PRODUCTION_SYNTHESIS_FILESET","VIVADO_DEFAULT_NON_2008_COMPATIBLE_OR_STRUCTURAL_LINE","VIVADO_DEFAULT_NON_2008_COMPATIBLE_BY_EXACT_CONTEXT_AUDIT","NO_REWRITE","        if r1f_failed_txn_record_valid = '1' then"
"tests/nvp/tb_nvp_autoinit.vhd","ADDED","","293","E14733284A3C9838FCEA676707DC326B9D1A856094A5FA2706C1B681435A573A","TESTBENCH_NOT_IN_PRODUCTION_SYNTHESIS_FILESET","VIVADO_DEFAULT_NON_2008_COMPATIBLE_OR_STRUCTURAL_LINE","VIVADO_DEFAULT_NON_2008_COMPATIBLE_BY_EXACT_CONTEXT_AUDIT","NO_REWRITE","          if r1f_record_pulse_count < 64 then"
"tests/nvp/tb_nvp_autoinit.vhd","ADDED","","294","7389C9700B0F1E3786B9A5DD6CAB1D9D62BADA2A11A59903B668C773EE9DF1E5","TESTBENCH_NOT_IN_PRODUCTION_SYNTHESIS_FILESET","VIVADO_DEFAULT_NON_2008_COMPATIBLE_OR_STRUCTURAL_LINE","VIVADO_DEFAULT_NON_2008_COMPATIBLE_BY_EXACT_CONTEXT_AUDIT","NO_REWRITE","            r1f_records(r1f_record_pulse_count) <= r1f_failed_txn_record;"
"tests/nvp/tb_nvp_autoinit.vhd","ADDED","","295","F8BE44E942C81D829FBEE3C839CBD32FC08669DC09ECA2992EFB9A66CF39B8DC","TESTBENCH_NOT_IN_PRODUCTION_SYNTHESIS_FILESET","VIVADO_DEFAULT_NON_2008_COMPATIBLE_OR_STRUCTURAL_LINE","VIVADO_DEFAULT_NON_2008_COMPATIBLE_BY_EXACT_CONTEXT_AUDIT","NO_REWRITE","          end if;"
"tests/nvp/tb_nvp_autoinit.vhd","ADDED","","296","BD8078FCB48A82AE1CD76477DA3AFF85088C3B51DC5F396631255858B64912C3","TESTBENCH_NOT_IN_PRODUCTION_SYNTHESIS_FILESET","VIVADO_DEFAULT_NON_2008_COMPATIBLE_OR_STRUCTURAL_LINE","VIVADO_DEFAULT_NON_2008_COMPATIBLE_BY_EXACT_CONTEXT_AUDIT","NO_REWRITE","          r1f_record_pulse_count <= r1f_record_pulse_count + 1;"
"tests/nvp/tb_nvp_autoinit.vhd","ADDED","","297","055C7F9C3E7A960C51A36EEF874C9C2DCCDD52B83A17A4CECD0E09EAD1996C08","TESTBENCH_NOT_IN_PRODUCTION_SYNTHESIS_FILESET","VIVADO_DEFAULT_NON_2008_COMPATIBLE_OR_STRUCTURAL_LINE","VIVADO_DEFAULT_NON_2008_COMPATIBLE_BY_EXACT_CONTEXT_AUDIT","NO_REWRITE","          r1f_last_record <= r1f_failed_txn_record;"
"tests/nvp/tb_nvp_autoinit.vhd","ADDED","","298","D40ED8AB252A9AFB82DE92A1491CBA818C79C2F9408B03AF30C10BF3C0572C18","TESTBENCH_NOT_IN_PRODUCTION_SYNTHESIS_FILESET","VIVADO_DEFAULT_NON_2008_COMPATIBLE_OR_STRUCTURAL_LINE","VIVADO_DEFAULT_NON_2008_COMPATIBLE_BY_EXACT_CONTEXT_AUDIT","NO_REWRITE","        end if;"
"tests/nvp/tb_nvp_autoinit.vhd","ADDED","","329","2987ABF42CC767C4181F546B44C859CF0A3A7B5075B37AF7D2095197AB483346","TESTBENCH_NOT_IN_PRODUCTION_SYNTHESIS_FILESET","VIVADO_DEFAULT_NON_2008_COMPATIBLE_OR_STRUCTURAL_LINE","VIVADO_DEFAULT_NON_2008_COMPATIBLE_BY_EXACT_CONTEXT_AUDIT","NO_REWRITE","    procedure assert_r1f_common("
"tests/nvp/tb_nvp_autoinit.vhd","ADDED","","330","631055A201C1F1DECE5956BDB4AF4125EF7742F3DFFB4002D850048ACBDF5121","TESTBENCH_NOT_IN_PRODUCTION_SYNTHESIS_FILESET","VIVADO_DEFAULT_NON_2008_COMPATIBLE_OR_STRUCTURAL_LINE","VIVADO_DEFAULT_NON_2008_COMPATIBLE_BY_EXACT_CONTEXT_AUDIT","NO_REWRITE","      constant expect_zero_bank_invariants : boolean := true) is"
"tests/nvp/tb_nvp_autoinit.vhd","ADDED","","331","22359E5575A114ECA3A6FE84B831684FD82AC4F864A79D6A950FA0E4AAAF5D5F","TESTBENCH_NOT_IN_PRODUCTION_SYNTHESIS_FILESET","VIVADO_DEFAULT_NON_2008_COMPATIBLE_OR_STRUCTURAL_LINE","VIVADO_DEFAULT_NON_2008_COMPATIBLE_BY_EXACT_CONTEXT_AUDIT","NO_REWRITE","      variable waddr_opp, waddr_nack : natural;"
"tests/nvp/tb_nvp_autoinit.vhd","ADDED","","332","8C77A32E5A22BE236287542A5EB582EE025691CC18BE47D1FE666BCBC465EFA0","TESTBENCH_NOT_IN_PRODUCTION_SYNTHESIS_FILESET","VIVADO_DEFAULT_NON_2008_COMPATIBLE_OR_STRUCTURAL_LINE","VIVADO_DEFAULT_NON_2008_COMPATIBLE_BY_EXACT_CONTEXT_AUDIT","NO_REWRITE","      variable regaddr_opp, regaddr_nack : natural;"
"tests/nvp/tb_nvp_autoinit.vhd","ADDED","","333","729458F5C1C6EE5403F3C7B6F6739AB1E5044311CF485A66EC2ABAF741217229","TESTBENCH_NOT_IN_PRODUCTION_SYNTHESIS_FILESET","VIVADO_DEFAULT_NON_2008_COMPATIBLE_OR_STRUCTURAL_LINE","VIVADO_DEFAULT_NON_2008_COMPATIBLE_BY_EXACT_CONTEXT_AUDIT","NO_REWRITE","      variable data_opp, data_nack : natural;"
"tests/nvp/tb_nvp_autoinit.vhd","ADDED","","334","E25435D280131CDBC3BAAAD656DADCC80609CE16203893B3539DB1B6AD9BE115","TESTBENCH_NOT_IN_PRODUCTION_SYNTHESIS_FILESET","VIVADO_DEFAULT_NON_2008_COMPATIBLE_OR_STRUCTURAL_LINE","VIVADO_DEFAULT_NON_2008_COMPATIBLE_BY_EXACT_CONTEXT_AUDIT","NO_REWRITE","      variable raddr_opp, raddr_nack : natural;"
"tests/nvp/tb_nvp_autoinit.vhd","ADDED","","335","E9ACDE9BE5C22A3327D73AE00EAC6FEAEBFCE89EEAB06F3F2BE3115DD17ABA6B","TESTBENCH_NOT_IN_PRODUCTION_SYNTHESIS_FILESET","VIVADO_DEFAULT_NON_2008_COMPATIBLE_OR_STRUCTURAL_LINE","VIVADO_DEFAULT_NON_2008_COMPATIBLE_BY_EXACT_CONTEXT_AUDIT","NO_REWRITE","      variable starts, completions, failed_txns, timeout_txns : natural;"
"tests/nvp/tb_nvp_autoinit.vhd","ADDED","","336","342828C93197099832380ED3E149A4716600D238E67CF40E2936249A0F14F34C","TESTBENCH_NOT_IN_PRODUCTION_SYNTHESIS_FILESET","VIVADO_DEFAULT_NON_2008_COMPATIBLE_OR_STRUCTURAL_LINE","VIVADO_DEFAULT_NON_2008_COMPATIBLE_BY_EXACT_CONTEXT_AUDIT","NO_REWRITE","    begin"
"tests/nvp/tb_nvp_autoinit.vhd","ADDED","","337","23986249C1EFEF248CDED43777EE53CEDAD70C4FEFBDBC0AF0611815DD5895E4","TESTBENCH_NOT_IN_PRODUCTION_SYNTHESIS_FILESET","VIVADO_DEFAULT_NON_2008_COMPATIBLE_OR_STRUCTURAL_LINE","VIVADO_DEFAULT_NON_2008_COMPATIBLE_BY_EXACT_CONTEXT_AUDIT","NO_REWRITE","      waddr_opp := to_integer(unsigned(r1f_phase_counters(31 downto 0)));"
"tests/nvp/tb_nvp_autoinit.vhd","ADDED","","338","E185ECF1C6DB3B2F1DC46321E7A5D4BD71D75EFA1F309489888A47E0AC8EB452","TESTBENCH_NOT_IN_PRODUCTION_SYNTHESIS_FILESET","VIVADO_DEFAULT_NON_2008_COMPATIBLE_OR_STRUCTURAL_LINE","VIVADO_DEFAULT_NON_2008_COMPATIBLE_BY_EXACT_CONTEXT_AUDIT","NO_REWRITE","      waddr_nack := to_integer(unsigned(r1f_phase_counters(63 downto 32)));"
"tests/nvp/tb_nvp_autoinit.vhd","ADDED","","339","742DBAB620375BDD87298FE7F50D925280FF1183C1C03C954DFE4483817B546A","TESTBENCH_NOT_IN_PRODUCTION_SYNTHESIS_FILESET","VIVADO_DEFAULT_NON_2008_COMPATIBLE_OR_STRUCTURAL_LINE","VIVADO_DEFAULT_NON_2008_COMPATIBLE_BY_EXACT_CONTEXT_AUDIT","NO_REWRITE","      regaddr_opp := to_integer(unsigned(r1f_phase_counters(95 downto 64)));"
"tests/nvp/tb_nvp_autoinit.vhd","ADDED","","340","E5168ACB23C2181430A968CD2E377A7BD4198DCEEF47F70E2E9A9DA81B6E7CE3","TESTBENCH_NOT_IN_PRODUCTION_SYNTHESIS_FILESET","VIVADO_DEFAULT_NON_2008_COMPATIBLE_OR_STRUCTURAL_LINE","VIVADO_DEFAULT_NON_2008_COMPATIBLE_BY_EXACT_CONTEXT_AUDIT","NO_REWRITE","      regaddr_nack := to_integer(unsigned(r1f_phase_counters(127 downto 96)));"
"tests/nvp/tb_nvp_autoinit.vhd","ADDED","","341","17B673D7D95D15E7C5692189DC5DA60748EB14E49D27CD53067EF6C1C62B8B20","TESTBENCH_NOT_IN_PRODUCTION_SYNTHESIS_FILESET","VIVADO_DEFAULT_NON_2008_COMPATIBLE_OR_STRUCTURAL_LINE","VIVADO_DEFAULT_NON_2008_COMPATIBLE_BY_EXACT_CONTEXT_AUDIT","NO_REWRITE","      data_opp := to_integer(unsigned(r1f_phase_counters(159 downto 128)));"
"tests/nvp/tb_nvp_autoinit.vhd","ADDED","","342","E91ED598CBF59FCA912398A366046596B60FFB4ACFE50DBFE768D4E2A0E3E4F3","TESTBENCH_NOT_IN_PRODUCTION_SYNTHESIS_FILESET","VIVADO_DEFAULT_NON_2008_COMPATIBLE_OR_STRUCTURAL_LINE","VIVADO_DEFAULT_NON_2008_COMPATIBLE_BY_EXACT_CONTEXT_AUDIT","NO_REWRITE","      data_nack := to_integer(unsigned(r1f_phase_counters(191 downto 160)));"
"tests/nvp/tb_nvp_autoinit.vhd","ADDED","","343","40C20BFBA644F8119260213A5D19C4CFB31C3B327C0309738A625DE78986652B","TESTBENCH_NOT_IN_PRODUCTION_SYNTHESIS_FILESET","VIVADO_DEFAULT_NON_2008_COMPATIBLE_OR_STRUCTURAL_LINE","VIVADO_DEFAULT_NON_2008_COMPATIBLE_BY_EXACT_CONTEXT_AUDIT","NO_REWRITE","      raddr_opp := to_integer(unsigned(r1f_phase_counters(223 downto 192)));"
"tests/nvp/tb_nvp_autoinit.vhd","ADDED","","344","28697DA4E1462ADD11EE49DC5135C293D0CB26E20292D576ECF26C3AE3819B0D","TESTBENCH_NOT_IN_PRODUCTION_SYNTHESIS_FILESET","VIVADO_DEFAULT_NON_2008_COMPATIBLE_OR_STRUCTURAL_LINE","VIVADO_DEFAULT_NON_2008_COMPATIBLE_BY_EXACT_CONTEXT_AUDIT","NO_REWRITE","      raddr_nack := to_integer(unsigned(r1f_phase_counters(255 downto 224)));"
"tests/nvp/tb_nvp_autoinit.vhd","ADDED","","345","6D089BC81B9797505A3D1739691C85783D068EA7CD6FA8761C0772415D9F6CA2","TESTBENCH_NOT_IN_PRODUCTION_SYNTHESIS_FILESET","VIVADO_DEFAULT_NON_2008_COMPATIBLE_OR_STRUCTURAL_LINE","VIVADO_DEFAULT_NON_2008_COMPATIBLE_BY_EXACT_CONTEXT_AUDIT","NO_REWRITE","      starts := to_integer(unsigned(r1f_transaction_counters(31 downto 0)));"
"tests/nvp/tb_nvp_autoinit.vhd","ADDED","","346","542E2647B00AE55590260B9DFE638C7E505B4CCAFBBEEF9FB3FAEEF4433DDC43","TESTBENCH_NOT_IN_PRODUCTION_SYNTHESIS_FILESET","VIVADO_DEFAULT_NON_2008_COMPATIBLE_OR_STRUCTURAL_LINE","VIVADO_DEFAULT_NON_2008_COMPATIBLE_BY_EXACT_CONTEXT_AUDIT","NO_REWRITE","      completions := to_integer(unsigned(r1f_transaction_counters(63 downto 32)));"
"tests/nvp/tb_nvp_autoinit.vhd","ADDED","","347","E05095B77FE5372F61DD7C0D1B5C1C11A2861A0592C4626E411E95A82B1C2BF9","TESTBENCH_NOT_IN_PRODUCTION_SYNTHESIS_FILESET","VIVADO_DEFAULT_NON_2008_COMPATIBLE_OR_STRUCTURAL_LINE","VIVADO_DEFAULT_NON_2008_COMPATIBLE_BY_EXACT_CONTEXT_AUDIT","NO_REWRITE","      failed_txns := to_integer(unsigned(r1f_transaction_counters(95 downto 64)));"
"tests/nvp/tb_nvp_autoinit.vhd","ADDED","","348","1C0314E5536C518DDF639D9616485695713B37E8291AAAA690A78B29E6A2A6EA","TESTBENCH_NOT_IN_PRODUCTION_SYNTHESIS_FILESET","VIVADO_DEFAULT_NON_2008_COMPATIBLE_OR_STRUCTURAL_LINE","VIVADO_DEFAULT_NON_2008_COMPATIBLE_BY_EXACT_CONTEXT_AUDIT","NO_REWRITE","      timeout_txns := to_integer(unsigned(r1f_transaction_counters(127 downto 96)));"
"tests/nvp/tb_nvp_autoinit.vhd","ADDED","","349","2E15BA8C36839F18075DCAA1306218FC5A2F7A72731D3D719DA2764EDC1FDA15","TESTBENCH_NOT_IN_PRODUCTION_SYNTHESIS_FILESET","VIVADO_DEFAULT_NON_2008_COMPATIBLE_OR_STRUCTURAL_LINE","VIVADO_DEFAULT_NON_2008_COMPATIBLE_BY_EXACT_CONTEXT_AUDIT","NO_REWRITE","      assert waddr_nack <= waddr_opp and regaddr_nack <= regaddr_opp and"
"tests/nvp/tb_nvp_autoinit.vhd","ADDED","","350","3301427440AD3513AE1AC86437BA1242790E7A5A24A53D9615EDB0D090C58250","TESTBENCH_NOT_IN_PRODUCTION_SYNTHESIS_FILESET","VIVADO_DEFAULT_NON_2008_COMPATIBLE_OR_STRUCTURAL_LINE","VIVADO_DEFAULT_NON_2008_COMPATIBLE_BY_EXACT_CONTEXT_AUDIT","NO_REWRITE","             data_nack <= data_opp and raddr_nack <= raddr_opp"
"tests/nvp/tb_nvp_autoinit.vhd","ADDED","","351","60A7CDF0D1A760A77032CB832DBE163AD2E7762D50DA967DE6C4882D4A407F8D","TESTBENCH_NOT_IN_PRODUCTION_SYNTHESIS_FILESET","VIVADO_DEFAULT_NON_2008_COMPATIBLE_OR_STRUCTURAL_LINE","VIVADO_DEFAULT_NON_2008_COMPATIBLE_BY_EXACT_CONTEXT_AUDIT","NO_REWRITE","        report ""R1f phase NACK counter exceeds opportunity counter"" severity failure;"
"tests/nvp/tb_nvp_autoinit.vhd","ADDED","","352","FDB525CA15C23FF7490AC33850253EEE4A15B3E83A056487E91E60E5E31C193C","TESTBENCH_NOT_IN_PRODUCTION_SYNTHESIS_FILESET","VIVADO_DEFAULT_NON_2008_COMPATIBLE_OR_STRUCTURAL_LINE","VIVADO_DEFAULT_NON_2008_COMPATIBLE_BY_EXACT_CONTEXT_AUDIT","NO_REWRITE","      assert waddr_nack + regaddr_nack + data_nack + raddr_nack ="
"tests/nvp/tb_nvp_autoinit.vhd","ADDED","","353","0866393CB49A4985643259429787AF108C67650051B214DB98465DDE76FC3697","TESTBENCH_NOT_IN_PRODUCTION_SYNTHESIS_FILESET","VIVADO_DEFAULT_NON_2008_COMPATIBLE_OR_STRUCTURAL_LINE","VIVADO_DEFAULT_NON_2008_COMPATIBLE_BY_EXACT_CONTEXT_AUDIT","NO_REWRITE","             to_integer(unsigned(nack_count))"
"tests/nvp/tb_nvp_autoinit.vhd","ADDED","","354","07F5DF4D09CA3ECDC7E325EB65119450C7ED8C636DAE28674972A993C57BE594","TESTBENCH_NOT_IN_PRODUCTION_SYNTHESIS_FILESET","VIVADO_DEFAULT_NON_2008_COMPATIBLE_OR_STRUCTURAL_LINE","VIVADO_DEFAULT_NON_2008_COMPATIBLE_BY_EXACT_CONTEXT_AUDIT","NO_REWRITE","        report ""R1f phase NACK sum differs from legacy aggregate"" severity failure;"
"tests/nvp/tb_nvp_autoinit.vhd","ADDED","","355","D75DA2FBFAA6012260250B5D47D0D974A38FC46B376E3B196E97A9216B60A542","TESTBENCH_NOT_IN_PRODUCTION_SYNTHESIS_FILESET","VIVADO_DEFAULT_NON_2008_COMPATIBLE_OR_STRUCTURAL_LINE","VIVADO_DEFAULT_NON_2008_COMPATIBLE_BY_EXACT_CONTEXT_AUDIT","NO_REWRITE","      assert starts = transaction_count and completions = starts"
"tests/nvp/tb_nvp_autoinit.vhd","ADDED","","356","F559FBD98F75E253C6CAE0DAB7F7CD6C0AA0BB6CB8D6DC98439DDEA2B4697733","TESTBENCH_NOT_IN_PRODUCTION_SYNTHESIS_FILESET","VIVADO_DEFAULT_NON_2008_COMPATIBLE_OR_STRUCTURAL_LINE","VIVADO_DEFAULT_NON_2008_COMPATIBLE_BY_EXACT_CONTEXT_AUDIT","NO_REWRITE","        report ""R1f transaction start/completion scoreboard mismatch"" severity failure;"
"tests/nvp/tb_nvp_autoinit.vhd","ADDED","","357","BD1B838F1B9DE2A878493219B0731DEFBF86B8932F4A204B0D5CE29A1C822DBA","TESTBENCH_NOT_IN_PRODUCTION_SYNTHESIS_FILESET","VIVADO_DEFAULT_NON_2008_COMPATIBLE_OR_STRUCTURAL_LINE","VIVADO_DEFAULT_NON_2008_COMPATIBLE_BY_EXACT_CONTEXT_AUDIT","NO_REWRITE","      assert failed_txns = r1f_record_pulse_count and timeout_txns <= failed_txns"
"tests/nvp/tb_nvp_autoinit.vhd","ADDED","","358","7F49C5CD4902A2689A917E664BCA97746D3CC93911E1FCB594A5C41421758CEF","TESTBENCH_NOT_IN_PRODUCTION_SYNTHESIS_FILESET","VIVADO_DEFAULT_NON_2008_COMPATIBLE_OR_STRUCTURAL_LINE","VIVADO_DEFAULT_NON_2008_COMPATIBLE_BY_EXACT_CONTEXT_AUDIT","NO_REWRITE","        report ""R1f failed-transaction record/count mismatch"" severity failure;"
"tests/nvp/tb_nvp_autoinit.vhd","ADDED","","359","5033BB08BBE9F1090A684E7D004D51A96740B54A86C34A4670FFBAD5D812A1D4","TESTBENCH_NOT_IN_PRODUCTION_SYNTHESIS_FILESET","VIVADO_DEFAULT_NON_2008_COMPATIBLE_OR_STRUCTURAL_LINE","VIVADO_DEFAULT_NON_2008_COMPATIBLE_BY_EXACT_CONTEXT_AUDIT","NO_REWRITE","      assert to_integer(unsigned(r1f_transaction_serial_next)) = starts and"
"tests/nvp/tb_nvp_autoinit.vhd","ADDED","","360","0FEFF578437ED578D98EB4EBA9908D79FAC5787F136F3B84B35EAFA1771ADA8B","TESTBENCH_NOT_IN_PRODUCTION_SYNTHESIS_FILESET","VIVADO_DEFAULT_NON_2008_COMPATIBLE_OR_STRUCTURAL_LINE","VIVADO_DEFAULT_NON_2008_COMPATIBLE_BY_EXACT_CONTEXT_AUDIT","NO_REWRITE","             r1f_transaction_serial_overflow = '0'"
"tests/nvp/tb_nvp_autoinit.vhd","ADDED","","361","6D9F7A8BBF0B363EF3934F90697D2BE950F192262498524F6B46F6165C359552","TESTBENCH_NOT_IN_PRODUCTION_SYNTHESIS_FILESET","VIVADO_DEFAULT_NON_2008_COMPATIBLE_OR_STRUCTURAL_LINE","VIVADO_DEFAULT_NON_2008_COMPATIBLE_BY_EXACT_CONTEXT_AUDIT","NO_REWRITE","        report ""R1f transaction serial mismatch/overflow"" severity failure;"
"tests/nvp/tb_nvp_autoinit.vhd","ADDED","","362","538AB74B954777E9EA9EAADC73D841EDE00A33099983B59856EC47E14A3820D2","TESTBENCH_NOT_IN_PRODUCTION_SYNTHESIS_FILESET","VIVADO_DEFAULT_NON_2008_COMPATIBLE_OR_STRUCTURAL_LINE","VIVADO_DEFAULT_NON_2008_COMPATIBLE_BY_EXACT_CONTEXT_AUDIT","NO_REWRITE","      assert to_integer(unsigned(r1f_bank_invariant_check_count)) = 12 * starts"
"tests/nvp/tb_nvp_autoinit.vhd","ADDED","","363","A1B59CE07908FB78C705CDBED3AEF738BEBB23C49145D72F8FD0086CDB8F43D4","TESTBENCH_NOT_IN_PRODUCTION_SYNTHESIS_FILESET","VIVADO_DEFAULT_NON_2008_COMPATIBLE_OR_STRUCTURAL_LINE","VIVADO_DEFAULT_NON_2008_COMPATIBLE_BY_EXACT_CONTEXT_AUDIT","NO_REWRITE","        report ""R1f bank invariant count is not 12 per transaction"" severity failure;"
"tests/nvp/tb_nvp_autoinit.vhd","ADDED","","364","A5DFC6358BF0CA0CC39E625F0E5FF82421EDC34096CBCB2248ABFA649CEACDCD","TESTBENCH_NOT_IN_PRODUCTION_SYNTHESIS_FILESET","VIVADO_DEFAULT_NON_2008_COMPATIBLE_OR_STRUCTURAL_LINE","VIVADO_DEFAULT_NON_2008_COMPATIBLE_BY_EXACT_CONTEXT_AUDIT","NO_REWRITE","      if r1f_bank_invariant_error_count /= x""00000000"" then"
"tests/nvp/tb_nvp_autoinit.vhd","ADDED","","365","4FBCA39EB171997191F0AC5012A40E262C524BAC603F200672A9A7CEEC8790ED","TESTBENCH_NOT_IN_PRODUCTION_SYNTHESIS_FILESET","VIVADO_DEFAULT_NON_2008_COMPATIBLE_OR_STRUCTURAL_LINE","VIVADO_DEFAULT_NON_2008_COMPATIBLE_BY_EXACT_CONTEXT_AUDIT","NO_REWRITE","        report ""R1f invariant error mode="" & integer'image(fault_mode) &"
"tests/nvp/tb_nvp_autoinit.vhd","ADDED","","366","2C5DE9865214455234AEC3D693131DAD70476AB429C33B7232E89C3DB12E154C","TESTBENCH_NOT_IN_PRODUCTION_SYNTHESIS_FILESET","VIVADO_DEFAULT_NON_2008_COMPATIBLE_OR_STRUCTURAL_LINE","VIVADO_DEFAULT_NON_2008_COMPATIBLE_BY_EXACT_CONTEXT_AUDIT","NO_REWRITE","               "" count="" & integer'image(to_integer(unsigned("
"tests/nvp/tb_nvp_autoinit.vhd","ADDED","","367","9D05C6AA3BA4191E2D3C5FE5C08CD310F4E2B6098556546E0E6D5A3C473C9D9C","TESTBENCH_NOT_IN_PRODUCTION_SYNTHESIS_FILESET","VIVADO_DEFAULT_NON_2008_COMPATIBLE_OR_STRUCTURAL_LINE","VIVADO_DEFAULT_NON_2008_COMPATIBLE_BY_EXACT_CONTEXT_AUDIT","NO_REWRITE","                 r1f_bank_invariant_error_count))) &"
"tests/nvp/tb_nvp_autoinit.vhd","ADDED","","368","8C6CCFE38044C61230DA2E839F3C530B09BA69D6013CFCB2BA87ACDDDFE849A1","TESTBENCH_NOT_IN_PRODUCTION_SYNTHESIS_FILESET","VIVADO_DEFAULT_NON_2008_COMPATIBLE_OR_STRUCTURAL_LINE","VIVADO_DEFAULT_NON_2008_COMPATIBLE_BY_EXACT_CONTEXT_AUDIT","NO_REWRITE","               "" first="" & to_hstring(r1f_first_bank_invariant_error)"
"tests/nvp/tb_nvp_autoinit.vhd","ADDED","","369","B858ECCB35A74B78DF70824260273D97E2AC7657AE58009A010228FD9ADC3BC4","TESTBENCH_NOT_IN_PRODUCTION_SYNTHESIS_FILESET","VIVADO_DEFAULT_NON_2008_COMPATIBLE_OR_STRUCTURAL_LINE","VIVADO_DEFAULT_NON_2008_COMPATIBLE_BY_EXACT_CONTEXT_AUDIT","NO_REWRITE","          severity note;"
"tests/nvp/tb_nvp_autoinit.vhd","ADDED","","370","82665B83E7F46B52C5EBA97812E4A0A99CB979AF5A33EBD3DB623FE4BEAE4FBB","TESTBENCH_NOT_IN_PRODUCTION_SYNTHESIS_FILESET","VIVADO_DEFAULT_NON_2008_COMPATIBLE_OR_STRUCTURAL_LINE","VIVADO_DEFAULT_NON_2008_COMPATIBLE_BY_EXACT_CONTEXT_AUDIT","NO_REWRITE","      end if;"
"tests/nvp/tb_nvp_autoinit.vhd","ADDED","","371","8709DC020BD915ECBB935449A8C9097C3801E69A3A9CD8976BF55696773FEE2B","TESTBENCH_NOT_IN_PRODUCTION_SYNTHESIS_FILESET","VIVADO_DEFAULT_NON_2008_COMPATIBLE_OR_STRUCTURAL_LINE","VIVADO_DEFAULT_NON_2008_COMPATIBLE_BY_EXACT_CONTEXT_AUDIT","NO_REWRITE","      if expect_zero_bank_invariants then"
"tests/nvp/tb_nvp_autoinit.vhd","ADDED","","372","B80A15B997866C8CD5E24E719057BDD9DB5998BB9B569A0F5703ACB305E52CD1","TESTBENCH_NOT_IN_PRODUCTION_SYNTHESIS_FILESET","VIVADO_DEFAULT_NON_2008_COMPATIBLE_OR_STRUCTURAL_LINE","VIVADO_DEFAULT_NON_2008_COMPATIBLE_BY_EXACT_CONTEXT_AUDIT","NO_REWRITE","        assert r1f_bank_invariant_error_count = x""00000000"" and"
"tests/nvp/tb_nvp_autoinit.vhd","ADDED","","373","5FEE932C89AC9C619B5CED6BDB36075F96AC569CE5799B5CAFCFBD49C36ABFB7","TESTBENCH_NOT_IN_PRODUCTION_SYNTHESIS_FILESET","VIVADO_DEFAULT_NON_2008_COMPATIBLE_OR_STRUCTURAL_LINE","VIVADO_DEFAULT_NON_2008_COMPATIBLE_BY_EXACT_CONTEXT_AUDIT","NO_REWRITE","               r1f_first_bank_invariant_error = x""00000000"""
"tests/nvp/tb_nvp_autoinit.vhd","ADDED","","374","B4FBBEC8AB654339B1E5825D364B962ABA2DE2A9B9609743913B8A23C62630C7","TESTBENCH_NOT_IN_PRODUCTION_SYNTHESIS_FILESET","VIVADO_DEFAULT_NON_2008_COMPATIBLE_OR_STRUCTURAL_LINE","VIVADO_DEFAULT_NON_2008_COMPATIBLE_BY_EXACT_CONTEXT_AUDIT","NO_REWRITE","          report ""R1f bank tracker invariant contradiction"" severity failure;"
"tests/nvp/tb_nvp_autoinit.vhd","ADDED","","375","82665B83E7F46B52C5EBA97812E4A0A99CB979AF5A33EBD3DB623FE4BEAE4FBB","TESTBENCH_NOT_IN_PRODUCTION_SYNTHESIS_FILESET","VIVADO_DEFAULT_NON_2008_COMPATIBLE_OR_STRUCTURAL_LINE","VIVADO_DEFAULT_NON_2008_COMPATIBLE_BY_EXACT_CONTEXT_AUDIT","NO_REWRITE","      end if;"
"tests/nvp/tb_nvp_autoinit.vhd","ADDED","","376","86BADEB9AFA7A0CEDB9DC58CF5BA8799E20BC4EFD83F83C9A9504A6812E3494C","TESTBENCH_NOT_IN_PRODUCTION_SYNTHESIS_FILESET","VIVADO_DEFAULT_NON_2008_COMPATIBLE_OR_STRUCTURAL_LINE","VIVADO_DEFAULT_NON_2008_COMPATIBLE_BY_EXACT_CONTEXT_AUDIT","NO_REWRITE","    end procedure;"
"tests/nvp/tb_nvp_autoinit.vhd","ADDED","","377","B8C92B71BF98E7548608114F96F30D107745A71E2F67AFFD296843E7C5D0491D","TESTBENCH_NOT_IN_PRODUCTION_SYNTHESIS_FILESET","VIVADO_DEFAULT_NON_2008_COMPATIBLE_OR_STRUCTURAL_LINE","VIVADO_DEFAULT_NON_2008_COMPATIBLE_BY_EXACT_CONTEXT_AUDIT","NO_REWRITE","    procedure assert_first8_single_waddr_reconciliation is"
"tests/nvp/tb_nvp_autoinit.vhd","ADDED","","378","171135B1D7C9A71B5115D7212CE163FE2FF6AC64FB247A1DBD21CA9C88C68955","TESTBENCH_NOT_IN_PRODUCTION_SYNTHESIS_FILESET","VIVADO_DEFAULT_NON_2008_COMPATIBLE_OR_STRUCTURAL_LINE","VIVADO_DEFAULT_NON_2008_COMPATIBLE_BY_EXACT_CONTEXT_AUDIT","NO_REWRITE","      variable legacy_record : std_logic_vector(63 downto 0);"
"tests/nvp/tb_nvp_autoinit.vhd","ADDED","","379","2AD1EC04915D5FA5384E05FB79F7C50734E7CD56FB4B96EC401C3588A906BF55","TESTBENCH_NOT_IN_PRODUCTION_SYNTHESIS_FILESET","VIVADO_DEFAULT_NON_2008_COMPATIBLE_OR_STRUCTURAL_LINE","VIVADO_DEFAULT_NON_2008_COMPATIBLE_BY_EXACT_CONTEXT_AUDIT","NO_REWRITE","      variable new_record : std_logic_vector(191 downto 0);"
"tests/nvp/tb_nvp_autoinit.vhd","ADDED","","380","6A962A442959BCA07D4E77A9B7ED10345C221D959F7458A4296A35BEA5B64F3F","TESTBENCH_NOT_IN_PRODUCTION_SYNTHESIS_FILESET","VIVADO_DEFAULT_NON_2008_COMPATIBLE_OR_STRUCTURAL_LINE","VIVADO_DEFAULT_NON_2008_COMPATIBLE_BY_EXACT_CONTEXT_AUDIT","NO_REWRITE","      variable expected_opportunities : std_logic_vector(3 downto 0);"
"tests/nvp/tb_nvp_autoinit.vhd","ADDED","","381","342828C93197099832380ED3E149A4716600D238E67CF40E2936249A0F14F34C","TESTBENCH_NOT_IN_PRODUCTION_SYNTHESIS_FILESET","VIVADO_DEFAULT_NON_2008_COMPATIBLE_OR_STRUCTURAL_LINE","VIVADO_DEFAULT_NON_2008_COMPATIBLE_BY_EXACT_CONTEXT_AUDIT","NO_REWRITE","    begin"
"tests/nvp/tb_nvp_autoinit.vhd","ADDED","","382","D63FEB0D7D71B13B87A29E3ECD4D94044B338F9590F9F5A3B9891087F1B81386","TESTBENCH_NOT_IN_PRODUCTION_SYNTHESIS_FILESET","VIVADO_DEFAULT_NON_2008_COMPATIBLE_OR_STRUCTURAL_LINE","VIVADO_DEFAULT_NON_2008_COMPATIBLE_BY_EXACT_CONTEXT_AUDIT","NO_REWRITE","      assert nack_log_count = x""8"" and nack_log_overflow = '1'"
"tests/nvp/tb_nvp_autoinit.vhd","ADDED","","383","20AAFC826518E546EA8082684744603B83557165F5D16B35059B4D0ED80FA1AE","TESTBENCH_NOT_IN_PRODUCTION_SYNTHESIS_FILESET","VIVADO_DEFAULT_NON_2008_COMPATIBLE_OR_STRUCTURAL_LINE","VIVADO_DEFAULT_NON_2008_COMPATIBLE_BY_EXACT_CONTEXT_AUDIT","NO_REWRITE","        report ""legacy historical-pattern capacity/overflow mismatch"""
"tests/nvp/tb_nvp_autoinit.vhd","ADDED","","384","22646A0C8AD1DFF55E16F41DBFA485BAFF292DAC3F0E43E59FC52351ECFAD659","TESTBENCH_NOT_IN_PRODUCTION_SYNTHESIS_FILESET","VIVADO_DEFAULT_NON_2008_COMPATIBLE_OR_STRUCTURAL_LINE","VIVADO_DEFAULT_NON_2008_COMPATIBLE_BY_EXACT_CONTEXT_AUDIT","NO_REWRITE","        severity failure;"
"tests/nvp/tb_nvp_autoinit.vhd","ADDED","","385","663D83D970E9C0AFFD19B651BCFBF3CF0529EC3F00F376A7C1DACDE99E08694D","TESTBENCH_NOT_IN_PRODUCTION_SYNTHESIS_FILESET","VIVADO_DEFAULT_NON_2008_COMPATIBLE_OR_STRUCTURAL_LINE","VIVADO_DEFAULT_NON_2008_COMPATIBLE_BY_EXACT_CONTEXT_AUDIT","NO_REWRITE","      for record_index in 0 to 7 loop"
"tests/nvp/tb_nvp_autoinit.vhd","ADDED","","386","7D9DFA79C281D359FFE2EBE2ED3258DA9D85E0D4C459864988BF06BFF3FBEA29","TESTBENCH_NOT_IN_PRODUCTION_SYNTHESIS_FILESET","VIVADO_DEFAULT_NON_2008_COMPATIBLE_OR_STRUCTURAL_LINE","VIVADO_DEFAULT_NON_2008_COMPATIBLE_BY_EXACT_CONTEXT_AUDIT","NO_REWRITE","        legacy_record := nack_log((record_index + 1) * 64 - 1 downto"
"tests/nvp/tb_nvp_autoinit.vhd","ADDED","","387","9592D6B07ED0E48E61ACF5E9256FA384B6A9C1AD3429898152E5479A794A54C3","TESTBENCH_NOT_IN_PRODUCTION_SYNTHESIS_FILESET","VIVADO_DEFAULT_NON_2008_COMPATIBLE_OR_STRUCTURAL_LINE","VIVADO_DEFAULT_NON_2008_COMPATIBLE_BY_EXACT_CONTEXT_AUDIT","NO_REWRITE","                                  record_index * 64);"
"tests/nvp/tb_nvp_autoinit.vhd","ADDED","","388","F963B7E011F5CA0AE36DD408C8FF048965C28369FDDDE90DCCAC14F14948BD79","TESTBENCH_NOT_IN_PRODUCTION_SYNTHESIS_FILESET","VIVADO_DEFAULT_NON_2008_COMPATIBLE_OR_STRUCTURAL_LINE","VIVADO_DEFAULT_NON_2008_COMPATIBLE_BY_EXACT_CONTEXT_AUDIT","NO_REWRITE","        new_record := r1f_records(record_index);"
"tests/nvp/tb_nvp_autoinit.vhd","ADDED","","389","3E33A79A71C0C8001674C7F336A9D13F3DF3D01AAC3C2DEC409577CAFDF4FE1B","TESTBENCH_NOT_IN_PRODUCTION_SYNTHESIS_FILESET","VIVADO_DEFAULT_NON_2008_COMPATIBLE_OR_STRUCTURAL_LINE","VIVADO_DEFAULT_NON_2008_COMPATIBLE_BY_EXACT_CONTEXT_AUDIT","NO_REWRITE","        report ""R1f reconcile index="" & integer'image(record_index) &"
"tests/nvp/tb_nvp_autoinit.vhd","ADDED","","390","8BB992C04286B9D85408039A5B71E727E34C1228959979AE406F8C1CA95FD570","TESTBENCH_NOT_IN_PRODUCTION_SYNTHESIS_FILESET","VIVADO_DEFAULT_NON_2008_COMPATIBLE_OR_STRUCTURAL_LINE","VIVADO_DEFAULT_NON_2008_COMPATIBLE_BY_EXACT_CONTEXT_AUDIT","NO_REWRITE","               "" legacy="" & to_hstring(legacy_record) &"
"tests/nvp/tb_nvp_autoinit.vhd","ADDED","","391","5DEB3908844AC123878074980F0C799A243B189A560AFB986BA905A11E8599DE","TESTBENCH_NOT_IN_PRODUCTION_SYNTHESIS_FILESET","VIVADO_DEFAULT_NON_2008_COMPATIBLE_OR_STRUCTURAL_LINE","VIVADO_DEFAULT_NON_2008_COMPATIBLE_BY_EXACT_CONTEXT_AUDIT","NO_REWRITE","               "" r1f="" & to_hstring(new_record) severity note;"
"tests/nvp/tb_nvp_autoinit.vhd","ADDED","","392","8175549EBA19F263BEE5853E7E4F6214D5C56F01F8D46DEAB3761B825B60CA6C","TESTBENCH_NOT_IN_PRODUCTION_SYNTHESIS_FILESET","VIVADO_DEFAULT_NON_2008_COMPATIBLE_OR_STRUCTURAL_LINE","VIVADO_DEFAULT_NON_2008_COMPATIBLE_BY_EXACT_CONTEXT_AUDIT","NO_REWRITE","        case new_record(47 downto 44) is"
"tests/nvp/tb_nvp_autoinit.vhd","ADDED","","393","668A44BD109B221486D9695E94192E133C8F02CD441A9082EBACFF5A27F573E2","TESTBENCH_NOT_IN_PRODUCTION_SYNTHESIS_FILESET","VIVADO_DEFAULT_NON_2008_COMPATIBLE_OR_STRUCTURAL_LINE","VIVADO_DEFAULT_NON_2008_COMPATIBLE_BY_EXACT_CONTEXT_AUDIT","NO_REWRITE","          when x""1"" | x""3"" | x""5"" | x""8"" | x""A"" | x""C"" =>"
"tests/nvp/tb_nvp_autoinit.vhd","ADDED","","394","386B1C629193C9887BC2C311231A2E6086046AC32287A68F9F92EAF76E599FC2","TESTBENCH_NOT_IN_PRODUCTION_SYNTHESIS_FILESET","VIVADO_DEFAULT_NON_2008_COMPATIBLE_OR_STRUCTURAL_LINE","VIVADO_DEFAULT_NON_2008_COMPATIBLE_BY_EXACT_CONTEXT_AUDIT","NO_REWRITE","            expected_opportunities := x""B""; -- WADDR, REGADDR, RADDR"
"tests/nvp/tb_nvp_autoinit.vhd","ADDED","","395","9D497EDD748C0C3629805E31EDE6251C808532D47247AAE51A32DA9BC25552B2","TESTBENCH_NOT_IN_PRODUCTION_SYNTHESIS_FILESET","VIVADO_DEFAULT_NON_2008_COMPATIBLE_OR_STRUCTURAL_LINE","VIVADO_DEFAULT_NON_2008_COMPATIBLE_BY_EXACT_CONTEXT_AUDIT","NO_REWRITE","          when x""2"" | x""4"" | x""6"" | x""7"" | x""9"" | x""B"" | x""D"" =>"
"tests/nvp/tb_nvp_autoinit.vhd","ADDED","","396","994282549B8A4C502AA9CFF4A46C538CCBEB44C1F2D2B08B95D76B5F37A66DBA","TESTBENCH_NOT_IN_PRODUCTION_SYNTHESIS_FILESET","VIVADO_DEFAULT_NON_2008_COMPATIBLE_OR_STRUCTURAL_LINE","VIVADO_DEFAULT_NON_2008_COMPATIBLE_BY_EXACT_CONTEXT_AUDIT","NO_REWRITE","            expected_opportunities := x""7""; -- WADDR, REGADDR, DATA"
"tests/nvp/tb_nvp_autoinit.vhd","ADDED","","397","B8360FAA8469E9B59726413951A68B417CFB455E9F937C53CDEAE1CFBB375A6F","TESTBENCH_NOT_IN_PRODUCTION_SYNTHESIS_FILESET","VIVADO_DEFAULT_NON_2008_COMPATIBLE_OR_STRUCTURAL_LINE","VIVADO_DEFAULT_NON_2008_COMPATIBLE_BY_EXACT_CONTEXT_AUDIT","NO_REWRITE","          when others =>"
"tests/nvp/tb_nvp_autoinit.vhd","ADDED","","398","71EA37980F288ADF04F7B42B83BDA36A2108EC8EF08ECD9C407463BDFEA9236E","TESTBENCH_NOT_IN_PRODUCTION_SYNTHESIS_FILESET","VIVADO_DEFAULT_NON_2008_COMPATIBLE_OR_STRUCTURAL_LINE","VIVADO_DEFAULT_NON_2008_COMPATIBLE_BY_EXACT_CONTEXT_AUDIT","NO_REWRITE","            expected_opportunities := x""0"";"
"tests/nvp/tb_nvp_autoinit.vhd","ADDED","","399","2CA84085F3968812149DE2479EC6070401BDB042E60AB809BDB2FFE170D34241","TESTBENCH_NOT_IN_PRODUCTION_SYNTHESIS_FILESET","VIVADO_DEFAULT_NON_2008_COMPATIBLE_OR_STRUCTURAL_LINE","VIVADO_DEFAULT_NON_2008_COMPATIBLE_BY_EXACT_CONTEXT_AUDIT","NO_REWRITE","            assert false report ""unknown R1f transaction kind in reconciliation"""
"tests/nvp/tb_nvp_autoinit.vhd","ADDED","","400","054CF060C0BD2F59451536907F545567A4589BC5D98445A879FFDF98F29921D5","TESTBENCH_NOT_IN_PRODUCTION_SYNTHESIS_FILESET","VIVADO_DEFAULT_NON_2008_COMPATIBLE_OR_STRUCTURAL_LINE","VIVADO_DEFAULT_NON_2008_COMPATIBLE_BY_EXACT_CONTEXT_AUDIT","NO_REWRITE","              severity failure;"
"tests/nvp/tb_nvp_autoinit.vhd","ADDED","","401","E5E8CB10C02FA0AB72EEAF3777920C26E3DF1CA5612C04C11F4E2C3E5BE98846","TESTBENCH_NOT_IN_PRODUCTION_SYNTHESIS_FILESET","VIVADO_DEFAULT_NON_2008_COMPATIBLE_OR_STRUCTURAL_LINE","VIVADO_DEFAULT_NON_2008_COMPATIBLE_BY_EXACT_CONTEXT_AUDIT","NO_REWRITE","        end case;"
"tests/nvp/tb_nvp_autoinit.vhd","ADDED","","402","0E302E237A7D926B8477FFC6FA5929042983F8AC769911B2E33894AD71888DAB","TESTBENCH_NOT_IN_PRODUCTION_SYNTHESIS_FILESET","VIVADO_DEFAULT_NON_2008_COMPATIBLE_OR_STRUCTURAL_LINE","VIVADO_DEFAULT_NON_2008_COMPATIBLE_BY_EXACT_CONTEXT_AUDIT","NO_REWRITE","        assert legacy_record(48) = '1' and"
"tests/nvp/tb_nvp_autoinit.vhd","ADDED","","403","71AC203B816FA82FC3782E2BC595ED78CA92B69C6E7CD1CDE054D89AEB3194B0","TESTBENCH_NOT_IN_PRODUCTION_SYNTHESIS_FILESET","VIVADO_DEFAULT_NON_2008_COMPATIBLE_OR_STRUCTURAL_LINE","VIVADO_DEFAULT_NON_2008_COMPATIBLE_BY_EXACT_CONTEXT_AUDIT","NO_REWRITE","               legacy_record(15 downto 8) = x""01"" and"
"tests/nvp/tb_nvp_autoinit.vhd","ADDED","","404","30696D29F8F98540C84392E8B4DB9A0E05B6820324094FBD52A577A79A74DE8B","TESTBENCH_NOT_IN_PRODUCTION_SYNTHESIS_FILESET","VIVADO_DEFAULT_NON_2008_COMPATIBLE_OR_STRUCTURAL_LINE","VIVADO_DEFAULT_NON_2008_COMPATIBLE_BY_EXACT_CONTEXT_AUDIT","NO_REWRITE","               new_record(61) = '1' and"
"tests/nvp/tb_nvp_autoinit.vhd","ADDED","","405","54DFA634B903051A1F090026C925291C314872E19DCCC5EDB7F9CDFBC795B7EF","TESTBENCH_NOT_IN_PRODUCTION_SYNTHESIS_FILESET","VIVADO_DEFAULT_NON_2008_COMPATIBLE_OR_STRUCTURAL_LINE","VIVADO_DEFAULT_NON_2008_COMPATIBLE_BY_EXACT_CONTEXT_AUDIT","NO_REWRITE","               new_record(51 downto 48) = expected_opportunities and"
"tests/nvp/tb_nvp_autoinit.vhd","ADDED","","406","7477D9531E303796810CE2C508DC2BE133C56B1F02DB7F204AE65047F189A619","TESTBENCH_NOT_IN_PRODUCTION_SYNTHESIS_FILESET","VIVADO_DEFAULT_NON_2008_COMPATIBLE_OR_STRUCTURAL_LINE","VIVADO_DEFAULT_NON_2008_COMPATIBLE_BY_EXACT_CONTEXT_AUDIT","NO_REWRITE","               new_record(55 downto 52) = x""1"" and"
"tests/nvp/tb_nvp_autoinit.vhd","ADDED","","407","756B44D8ECAE7A82DA1152E78A456ABEB69F2965A1FA18919CF90366EE50A203","TESTBENCH_NOT_IN_PRODUCTION_SYNTHESIS_FILESET","VIVADO_DEFAULT_NON_2008_COMPATIBLE_OR_STRUCTURAL_LINE","VIVADO_DEFAULT_NON_2008_COMPATIBLE_BY_EXACT_CONTEXT_AUDIT","NO_REWRITE","               new_record(58 downto 56) = ""001"""
"tests/nvp/tb_nvp_autoinit.vhd","ADDED","","408","3CC75520B6E6D5B84AF98ABD2E284CECDC00D4F49F6D19233E542BA039E9F707","TESTBENCH_NOT_IN_PRODUCTION_SYNTHESIS_FILESET","VIVADO_DEFAULT_NON_2008_COMPATIBLE_OR_STRUCTURAL_LINE","VIVADO_DEFAULT_NON_2008_COMPATIBLE_BY_EXACT_CONTEXT_AUDIT","NO_REWRITE","          report ""legacy/R1f first-eight event shape mismatch"" severity failure;"
"tests/nvp/tb_nvp_autoinit.vhd","ADDED","","409","705EB89E0FEAA1D8DBF0932287F7BCA804CDA90E6F3860D787DA101ED69F413C","TESTBENCH_NOT_IN_PRODUCTION_SYNTHESIS_FILESET","VIVADO_DEFAULT_NON_2008_COMPATIBLE_OR_STRUCTURAL_LINE","VIVADO_DEFAULT_NON_2008_COMPATIBLE_BY_EXACT_CONTEXT_AUDIT","NO_REWRITE","        assert new_record(39 downto 32) = legacy_record(7 downto 0) and"
"tests/nvp/tb_nvp_autoinit.vhd","ADDED","","410","557CA92DFB5F14519B405BF628EEC2792BD0C916FB285BCB05E4503D708636DB","TESTBENCH_NOT_IN_PRODUCTION_SYNTHESIS_FILESET","VIVADO_DEFAULT_NON_2008_COMPATIBLE_OR_STRUCTURAL_LINE","VIVADO_DEFAULT_NON_2008_COMPATIBLE_BY_EXACT_CONTEXT_AUDIT","NO_REWRITE","               new_record(92) = legacy_record(49)"
"tests/nvp/tb_nvp_autoinit.vhd","ADDED","","411","2602C7284A1F446FFE1AB3A81CFDD39ED9B89D6867A63D0897F3A112B6AE994B","TESTBENCH_NOT_IN_PRODUCTION_SYNTHESIS_FILESET","VIVADO_DEFAULT_NON_2008_COMPATIBLE_OR_STRUCTURAL_LINE","VIVADO_DEFAULT_NON_2008_COMPATIBLE_BY_EXACT_CONTEXT_AUDIT","NO_REWRITE","          report ""legacy/R1f first-eight context mismatch"" severity failure;"
"tests/nvp/tb_nvp_autoinit.vhd","ADDED","","412","CFB5A26A6EB8DE4EFE36C98B857603DA8FEC7F2B28363D54CDC758929BB0BE5E","TESTBENCH_NOT_IN_PRODUCTION_SYNTHESIS_FILESET","VIVADO_DEFAULT_NON_2008_COMPATIBLE_OR_STRUCTURAL_LINE","VIVADO_DEFAULT_NON_2008_COMPATIBLE_BY_EXACT_CONTEXT_AUDIT","NO_REWRITE","        if new_record(88) = '1' then"
"tests/nvp/tb_nvp_autoinit.vhd","ADDED","","413","A58EFBB2C18F1B800EA8453487E8B36B3AC850A0678D70C5E1B167811B416D5C","TESTBENCH_NOT_IN_PRODUCTION_SYNTHESIS_FILESET","VIVADO_DEFAULT_NON_2008_COMPATIBLE_OR_STRUCTURAL_LINE","VIVADO_DEFAULT_NON_2008_COMPATIBLE_BY_EXACT_CONTEXT_AUDIT","NO_REWRITE","          assert new_record(71 downto 64) = legacy_record(23 downto 16)"
"tests/nvp/tb_nvp_autoinit.vhd","ADDED","","414","E378F048817B1AF59EC8B09C9CE6F66BDC932E9CAA5F07412F4703B3EB860EC3","TESTBENCH_NOT_IN_PRODUCTION_SYNTHESIS_FILESET","VIVADO_DEFAULT_NON_2008_COMPATIBLE_OR_STRUCTURAL_LINE","VIVADO_DEFAULT_NON_2008_COMPATIBLE_BY_EXACT_CONTEXT_AUDIT","NO_REWRITE","            report ""legacy/R1f register context mismatch"" severity failure;"
"tests/nvp/tb_nvp_autoinit.vhd","ADDED","","415","D40ED8AB252A9AFB82DE92A1491CBA818C79C2F9408B03AF30C10BF3C0572C18","TESTBENCH_NOT_IN_PRODUCTION_SYNTHESIS_FILESET","VIVADO_DEFAULT_NON_2008_COMPATIBLE_OR_STRUCTURAL_LINE","VIVADO_DEFAULT_NON_2008_COMPATIBLE_BY_EXACT_CONTEXT_AUDIT","NO_REWRITE","        end if;"
"tests/nvp/tb_nvp_autoinit.vhd","ADDED","","416","24BF959F3237A435CB5640FBD93918BB78C16E5401E3F478ED2A2163566526B3","TESTBENCH_NOT_IN_PRODUCTION_SYNTHESIS_FILESET","VIVADO_DEFAULT_NON_2008_COMPATIBLE_OR_STRUCTURAL_LINE","VIVADO_DEFAULT_NON_2008_COMPATIBLE_BY_EXACT_CONTEXT_AUDIT","NO_REWRITE","        if new_record(89) = '1' then"
"tests/nvp/tb_nvp_autoinit.vhd","ADDED","","417","4996BE5AEC5181BC0800D6B501E5B9B41A26D82B3E2ED351986FE197A22CB5D1","TESTBENCH_NOT_IN_PRODUCTION_SYNTHESIS_FILESET","VIVADO_DEFAULT_NON_2008_COMPATIBLE_OR_STRUCTURAL_LINE","VIVADO_DEFAULT_NON_2008_COMPATIBLE_BY_EXACT_CONTEXT_AUDIT","NO_REWRITE","          assert new_record(79 downto 72) = legacy_record(31 downto 24)"
"tests/nvp/tb_nvp_autoinit.vhd","ADDED","","418","7700C2726DDB7A4104A69E813D3B7C4C1FB08087BD0025AF5C7948D9EA5EB006","TESTBENCH_NOT_IN_PRODUCTION_SYNTHESIS_FILESET","VIVADO_DEFAULT_NON_2008_COMPATIBLE_OR_STRUCTURAL_LINE","VIVADO_DEFAULT_NON_2008_COMPATIBLE_BY_EXACT_CONTEXT_AUDIT","NO_REWRITE","            report ""legacy/R1f write-data context mismatch"" severity failure;"
"tests/nvp/tb_nvp_autoinit.vhd","ADDED","","419","D40ED8AB252A9AFB82DE92A1491CBA818C79C2F9408B03AF30C10BF3C0572C18","TESTBENCH_NOT_IN_PRODUCTION_SYNTHESIS_FILESET","VIVADO_DEFAULT_NON_2008_COMPATIBLE_OR_STRUCTURAL_LINE","VIVADO_DEFAULT_NON_2008_COMPATIBLE_BY_EXACT_CONTEXT_AUDIT","NO_REWRITE","        end if;"
"tests/nvp/tb_nvp_autoinit.vhd","ADDED","","420","716B2C20638536F0C032EE876AE45668D2044435E0B8EE0333AD955126F677B7","TESTBENCH_NOT_IN_PRODUCTION_SYNTHESIS_FILESET","VIVADO_DEFAULT_NON_2008_COMPATIBLE_OR_STRUCTURAL_LINE","VIVADO_DEFAULT_NON_2008_COMPATIBLE_BY_EXACT_CONTEXT_AUDIT","NO_REWRITE","        if legacy_record(49) = '1' then"
"tests/nvp/tb_nvp_autoinit.vhd","ADDED","","421","A7B0344E1BAAE0E56BABC24D003B297152104029702B16DE6B1E93B83F5E14BF","TESTBENCH_NOT_IN_PRODUCTION_SYNTHESIS_FILESET","VIVADO_DEFAULT_NON_2008_COMPATIBLE_OR_STRUCTURAL_LINE","VIVADO_DEFAULT_NON_2008_COMPATIBLE_BY_EXACT_CONTEXT_AUDIT","NO_REWRITE","          assert new_record(111 downto 104) = legacy_record(39 downto 32)"
"tests/nvp/tb_nvp_autoinit.vhd","ADDED","","422","C6E0B380324AE3257474B56FFC6ABEC34C552C661B6E7D1E5F264166E2C74A57","TESTBENCH_NOT_IN_PRODUCTION_SYNTHESIS_FILESET","VIVADO_DEFAULT_NON_2008_COMPATIBLE_OR_STRUCTURAL_LINE","VIVADO_DEFAULT_NON_2008_COMPATIBLE_BY_EXACT_CONTEXT_AUDIT","NO_REWRITE","            report ""legacy/R1f physical-bank context mismatch"" severity failure;"
"tests/nvp/tb_nvp_autoinit.vhd","ADDED","","423","D40ED8AB252A9AFB82DE92A1491CBA818C79C2F9408B03AF30C10BF3C0572C18","TESTBENCH_NOT_IN_PRODUCTION_SYNTHESIS_FILESET","VIVADO_DEFAULT_NON_2008_COMPATIBLE_OR_STRUCTURAL_LINE","VIVADO_DEFAULT_NON_2008_COMPATIBLE_BY_EXACT_CONTEXT_AUDIT","NO_REWRITE","        end if;"
"tests/nvp/tb_nvp_autoinit.vhd","ADDED","","424","07BB198FA97087778AD08DE31C9BB0EB4F6D96B3D6B79AD1E47654F7FBCEEE2E","TESTBENCH_NOT_IN_PRODUCTION_SYNTHESIS_FILESET","VIVADO_DEFAULT_NON_2008_COMPATIBLE_OR_STRUCTURAL_LINE","VIVADO_DEFAULT_NON_2008_COMPATIBLE_BY_EXACT_CONTEXT_AUDIT","NO_REWRITE","        if new_record(91) = '1' then"
"tests/nvp/tb_nvp_autoinit.vhd","ADDED","","425","1CBC3C2CB7CBFBC55053C1F57E7623BA4F6BEBB8A3173F7660D01F96BD714CD2","TESTBENCH_NOT_IN_PRODUCTION_SYNTHESIS_FILESET","VIVADO_DEFAULT_NON_2008_COMPATIBLE_OR_STRUCTURAL_LINE","VIVADO_DEFAULT_NON_2008_COMPATIBLE_BY_EXACT_CONTEXT_AUDIT","NO_REWRITE","          assert new_record(103 downto 96) = legacy_record(47 downto 40)"
"tests/nvp/tb_nvp_autoinit.vhd","ADDED","","426","84BD3F46A0520C9C15390F3DAAF26D631C1BE5A158C31ECEE7F0A62F0AAB3E2C","TESTBENCH_NOT_IN_PRODUCTION_SYNTHESIS_FILESET","VIVADO_DEFAULT_NON_2008_COMPATIBLE_OR_STRUCTURAL_LINE","VIVADO_DEFAULT_NON_2008_COMPATIBLE_BY_EXACT_CONTEXT_AUDIT","NO_REWRITE","            report ""legacy/R1f requested-bank context mismatch"" severity failure;"
"tests/nvp/tb_nvp_autoinit.vhd","ADDED","","427","D40ED8AB252A9AFB82DE92A1491CBA818C79C2F9408B03AF30C10BF3C0572C18","TESTBENCH_NOT_IN_PRODUCTION_SYNTHESIS_FILESET","VIVADO_DEFAULT_NON_2008_COMPATIBLE_OR_STRUCTURAL_LINE","VIVADO_DEFAULT_NON_2008_COMPATIBLE_BY_EXACT_CONTEXT_AUDIT","NO_REWRITE","        end if;"
"tests/nvp/tb_nvp_autoinit.vhd","ADDED","","428","779EBA146760905F1B1BA88EEB9DFEE7BDD7115DC3966D7827DCB2199C13FB6E","TESTBENCH_NOT_IN_PRODUCTION_SYNTHESIS_FILESET","VIVADO_DEFAULT_NON_2008_COMPATIBLE_OR_STRUCTURAL_LINE","VIVADO_DEFAULT_NON_2008_COMPATIBLE_BY_EXACT_CONTEXT_AUDIT","NO_REWRITE","        assert to_integer(unsigned(new_record(15 downto 0))) = record_index"
"tests/nvp/tb_nvp_autoinit.vhd","ADDED","","429","40CC4256A14965B14A82C630FBCBA2A933CAE85F9CE7E0CCEE3E25B86D5906B0","TESTBENCH_NOT_IN_PRODUCTION_SYNTHESIS_FILESET","VIVADO_DEFAULT_NON_2008_COMPATIBLE_OR_STRUCTURAL_LINE","VIVADO_DEFAULT_NON_2008_COMPATIBLE_BY_EXACT_CONTEXT_AUDIT","NO_REWRITE","          report ""historical-pattern transaction serial is not chronological"""
"tests/nvp/tb_nvp_autoinit.vhd","ADDED","","430","2F54EE09F7225DB056F1D842DD84A92A2D559D123D9E8EA59186FFCF737B4A40","TESTBENCH_NOT_IN_PRODUCTION_SYNTHESIS_FILESET","VIVADO_DEFAULT_NON_2008_COMPATIBLE_OR_STRUCTURAL_LINE","VIVADO_DEFAULT_NON_2008_COMPATIBLE_BY_EXACT_CONTEXT_AUDIT","NO_REWRITE","          severity failure;"
"tests/nvp/tb_nvp_autoinit.vhd","ADDED","","431","F98B0460EA149C4F39565D25FD6C5A59118891329934CAD5FF0B56EE243C202C","TESTBENCH_NOT_IN_PRODUCTION_SYNTHESIS_FILESET","VIVADO_DEFAULT_NON_2008_COMPATIBLE_OR_STRUCTURAL_LINE","VIVADO_DEFAULT_NON_2008_COMPATIBLE_BY_EXACT_CONTEXT_AUDIT","NO_REWRITE","      end loop;"
"tests/nvp/tb_nvp_autoinit.vhd","ADDED","","432","8573949153249F16D610E1555448AC8A182FBC4AB644FCD9D5387CF2A18EF3D5","TESTBENCH_NOT_IN_PRODUCTION_SYNTHESIS_FILESET","VIVADO_DEFAULT_NON_2008_COMPATIBLE_OR_STRUCTURAL_LINE","VIVADO_DEFAULT_NON_2008_COMPATIBLE_BY_EXACT_CONTEXT_AUDIT","NO_REWRITE","      report ""PASS LEGACY_FIRST8_RECONCILIATION"" severity note;"
"tests/nvp/tb_nvp_autoinit.vhd","ADDED","","433","86BADEB9AFA7A0CEDB9DC58CF5BA8799E20BC4EFD83F83C9A9504A6812E3494C","TESTBENCH_NOT_IN_PRODUCTION_SYNTHESIS_FILESET","VIVADO_DEFAULT_NON_2008_COMPATIBLE_OR_STRUCTURAL_LINE","VIVADO_DEFAULT_NON_2008_COMPATIBLE_BY_EXACT_CONTEXT_AUDIT","NO_REWRITE","    end procedure;"
"tests/nvp/tb_nvp_autoinit.vhd","ADDED","","436","69C550B391A8CFD5A2CDB2E401062699E380ECC555AF420CD597BD544B1AC3ED","TESTBENCH_NOT_IN_PRODUCTION_SYNTHESIS_FILESET","VIVADO_DEFAULT_NON_2008_COMPATIBLE_OR_STRUCTURAL_LINE","VIVADO_DEFAULT_NON_2008_COMPATIBLE_BY_EXACT_CONTEXT_AUDIT","NO_REWRITE","    assert_r1f_common;"
"tests/nvp/tb_nvp_autoinit.vhd","ADDED","","452","7575AEBDD0C582AF02B37CDA910B1FCAFD1DBBE5A68B440C71EC7BCC3A24FCC0","TESTBENCH_NOT_IN_PRODUCTION_SYNTHESIS_FILESET","VIVADO_DEFAULT_NON_2008_COMPATIBLE_OR_STRUCTURAL_LINE","VIVADO_DEFAULT_NON_2008_COMPATIBLE_BY_EXACT_CONTEXT_AUDIT","NO_REWRITE","    assert r1f_kind_seen = (r1f_kind_seen'range => '1')"
"tests/nvp/tb_nvp_autoinit.vhd","ADDED","","453","54B6B2190E2F1B84BADA619518464D472FBC3A796AB067D407562F54CDBB0CFA","TESTBENCH_NOT_IN_PRODUCTION_SYNTHESIS_FILESET","VIVADO_DEFAULT_NON_2008_COMPATIBLE_OR_STRUCTURAL_LINE","VIVADO_DEFAULT_NON_2008_COMPATIBLE_BY_EXACT_CONTEXT_AUDIT","NO_REWRITE","      report ""not every R1f transaction kind was exercised"" severity failure;"
"tests/nvp/tb_nvp_autoinit.vhd","ADDED","","454","789A0AFAA71139D9D3CA0E003E8B5DC5CE036B7E5A145DBBB8DA414D9AA22619","TESTBENCH_NOT_IN_PRODUCTION_SYNTHESIS_FILESET","VIVADO_DEFAULT_NON_2008_COMPATIBLE_OR_STRUCTURAL_LINE","VIVADO_DEFAULT_NON_2008_COMPATIBLE_BY_EXACT_CONTEXT_AUDIT","NO_REWRITE","    report ""PASS EVERY_R1F_TRANSACTION_KIND_EXERCISED"" severity note;"
"tests/nvp/tb_nvp_autoinit.vhd","ADDED","","458","69C550B391A8CFD5A2CDB2E401062699E380ECC555AF420CD597BD544B1AC3ED","TESTBENCH_NOT_IN_PRODUCTION_SYNTHESIS_FILESET","VIVADO_DEFAULT_NON_2008_COMPATIBLE_OR_STRUCTURAL_LINE","VIVADO_DEFAULT_NON_2008_COMPATIBLE_BY_EXACT_CONTEXT_AUDIT","NO_REWRITE","    assert_r1f_common;"
"tests/nvp/tb_nvp_autoinit.vhd","ADDED","","468","227B5DD88A83F91F83A61FB32DC9F7111B53999EF5E5C7C01DD8CEC6FF5BBA75","TESTBENCH_NOT_IN_PRODUCTION_SYNTHESIS_FILESET","VIVADO_DEFAULT_NON_2008_COMPATIBLE_OR_STRUCTURAL_LINE","VIVADO_DEFAULT_NON_2008_COMPATIBLE_BY_EXACT_CONTEXT_AUDIT","NO_REWRITE","    assert r1f_record_pulse_count = 1 and"
"tests/nvp/tb_nvp_autoinit.vhd","ADDED","","469","1D29741E095463A4D24B27A315524A75592EF351007FE96C1E852AFC1A90F074","TESTBENCH_NOT_IN_PRODUCTION_SYNTHESIS_FILESET","VIVADO_DEFAULT_NON_2008_COMPATIBLE_OR_STRUCTURAL_LINE","VIVADO_DEFAULT_NON_2008_COMPATIBLE_BY_EXACT_CONTEXT_AUDIT","NO_REWRITE","           r1f_last_record(31 downto 16) = x""FFFF"" and"
"tests/nvp/tb_nvp_autoinit.vhd","ADDED","","470","C358B88749C7C91ECBCF457F25683367090A4590D0108C9DC09FAAA3CF5CF8ED","TESTBENCH_NOT_IN_PRODUCTION_SYNTHESIS_FILESET","VIVADO_DEFAULT_NON_2008_COMPATIBLE_OR_STRUCTURAL_LINE","VIVADO_DEFAULT_NON_2008_COMPATIBLE_BY_EXACT_CONTEXT_AUDIT","NO_REWRITE","           r1f_last_record(43 downto 40) = x""0"" and"
"tests/nvp/tb_nvp_autoinit.vhd","ADDED","","471","74A2E79A6200E5A083C4F0A81B02592E84657F5F30EE0C99186C58F50FC6EB54","TESTBENCH_NOT_IN_PRODUCTION_SYNTHESIS_FILESET","VIVADO_DEFAULT_NON_2008_COMPATIBLE_OR_STRUCTURAL_LINE","VIVADO_DEFAULT_NON_2008_COMPATIBLE_BY_EXACT_CONTEXT_AUDIT","NO_REWRITE","           r1f_last_record(47 downto 44) = x""1"" and"
"tests/nvp/tb_nvp_autoinit.vhd","ADDED","","472","660718537853E6F617729963AE288AD6DF9ECBC2EEF32F2071F35D4D5F47BFB7","TESTBENCH_NOT_IN_PRODUCTION_SYNTHESIS_FILESET","VIVADO_DEFAULT_NON_2008_COMPATIBLE_OR_STRUCTURAL_LINE","VIVADO_DEFAULT_NON_2008_COMPATIBLE_BY_EXACT_CONTEXT_AUDIT","NO_REWRITE","           r1f_last_record(51 downto 48) = x""B"" and"
"tests/nvp/tb_nvp_autoinit.vhd","ADDED","","473","766F9DCBF6ECC4713FEC98B78C4EC0DA07EAE506B327554074484BB8EE36AFC7","TESTBENCH_NOT_IN_PRODUCTION_SYNTHESIS_FILESET","VIVADO_DEFAULT_NON_2008_COMPATIBLE_OR_STRUCTURAL_LINE","VIVADO_DEFAULT_NON_2008_COMPATIBLE_BY_EXACT_CONTEXT_AUDIT","NO_REWRITE","           r1f_last_record(55 downto 52) = x""B"" and"
"tests/nvp/tb_nvp_autoinit.vhd","ADDED","","474","019A63DBD1A78A0729ED4950435B2FC928385BB85F438611AD2D0CCD917199F9","TESTBENCH_NOT_IN_PRODUCTION_SYNTHESIS_FILESET","VIVADO_DEFAULT_NON_2008_COMPATIBLE_OR_STRUCTURAL_LINE","VIVADO_DEFAULT_NON_2008_COMPATIBLE_BY_EXACT_CONTEXT_AUDIT","NO_REWRITE","           r1f_last_record(58 downto 56) = ""011"" and"
"tests/nvp/tb_nvp_autoinit.vhd","ADDED","","475","A03A29C1E0B1F4AB8D50D00F79AE766C2239C062C01C1A62F303A3407CD655F8","TESTBENCH_NOT_IN_PRODUCTION_SYNTHESIS_FILESET","VIVADO_DEFAULT_NON_2008_COMPATIBLE_OR_STRUCTURAL_LINE","VIVADO_DEFAULT_NON_2008_COMPATIBLE_BY_EXACT_CONTEXT_AUDIT","NO_REWRITE","           r1f_last_record(61 downto 60) = ""11"" and"
"tests/nvp/tb_nvp_autoinit.vhd","ADDED","","476","A80C49FB85141C0F777827AD8A3078A5B4FFCAE94465D446703665610E758235","TESTBENCH_NOT_IN_PRODUCTION_SYNTHESIS_FILESET","VIVADO_DEFAULT_NON_2008_COMPATIBLE_OR_STRUCTURAL_LINE","VIVADO_DEFAULT_NON_2008_COMPATIBLE_BY_EXACT_CONTEXT_AUDIT","NO_REWRITE","           r1f_last_record(63 downto 62) = ""00"" and"
"tests/nvp/tb_nvp_autoinit.vhd","ADDED","","477","76E67C2CC0BC953F0942883C7CA4C22632BDE073EC7BC1511ABBDCA5ABE7DF9E","TESTBENCH_NOT_IN_PRODUCTION_SYNTHESIS_FILESET","VIVADO_DEFAULT_NON_2008_COMPATIBLE_OR_STRUCTURAL_LINE","VIVADO_DEFAULT_NON_2008_COMPATIBLE_BY_EXACT_CONTEXT_AUDIT","NO_REWRITE","           r1f_last_record(89) = '0' and r1f_last_record(91) = '0'"
"tests/nvp/tb_nvp_autoinit.vhd","ADDED","","478","CBBA5AEFDA732D65196F923E970525044DE1DCA0819EC43EF6F40D48406FC285","TESTBENCH_NOT_IN_PRODUCTION_SYNTHESIS_FILESET","VIVADO_DEFAULT_NON_2008_COMPATIBLE_OR_STRUCTURAL_LINE","VIVADO_DEFAULT_NON_2008_COMPATIBLE_BY_EXACT_CONTEXT_AUDIT","NO_REWRITE","      report ""R1f original-read failed-transaction record mismatch"" severity failure;"
"tests/nvp/tb_nvp_autoinit.vhd","ADDED","","482","69C550B391A8CFD5A2CDB2E401062699E380ECC555AF420CD597BD544B1AC3ED","TESTBENCH_NOT_IN_PRODUCTION_SYNTHESIS_FILESET","VIVADO_DEFAULT_NON_2008_COMPATIBLE_OR_STRUCTURAL_LINE","VIVADO_DEFAULT_NON_2008_COMPATIBLE_BY_EXACT_CONTEXT_AUDIT","NO_REWRITE","    assert_r1f_common;"
"tests/nvp/tb_nvp_autoinit.vhd","ADDED","","487","597A965FCC7258DD0ED51C8842BE340266F0940C020ECC23CD1729C436320137","TESTBENCH_NOT_IN_PRODUCTION_SYNTHESIS_FILESET","VIVADO_DEFAULT_NON_2008_COMPATIBLE_OR_STRUCTURAL_LINE","VIVADO_DEFAULT_NON_2008_COMPATIBLE_BY_EXACT_CONTEXT_AUDIT","NO_REWRITE","    report ""R1f mode2 record="" & to_hstring(r1f_last_record) severity note;"
"tests/nvp/tb_nvp_autoinit.vhd","ADDED","","488","227B5DD88A83F91F83A61FB32DC9F7111B53999EF5E5C7C01DD8CEC6FF5BBA75","TESTBENCH_NOT_IN_PRODUCTION_SYNTHESIS_FILESET","VIVADO_DEFAULT_NON_2008_COMPATIBLE_OR_STRUCTURAL_LINE","VIVADO_DEFAULT_NON_2008_COMPATIBLE_BY_EXACT_CONTEXT_AUDIT","NO_REWRITE","    assert r1f_record_pulse_count = 1 and"
"tests/nvp/tb_nvp_autoinit.vhd","ADDED","","489","02EBF00960379DA5D81914D8F9AB6E4DE9207ED1295C975642EC5F0DDEBE89AF","TESTBENCH_NOT_IN_PRODUCTION_SYNTHESIS_FILESET","VIVADO_DEFAULT_NON_2008_COMPATIBLE_OR_STRUCTURAL_LINE","VIVADO_DEFAULT_NON_2008_COMPATIBLE_BY_EXACT_CONTEXT_AUDIT","NO_REWRITE","           r1f_last_record(31 downto 16) = x""0064"" and"
"tests/nvp/tb_nvp_autoinit.vhd","ADDED","","490","711C14FB5B582650349036D85B0E4A4D390797C59938F1ABC1807981F4D2773E","TESTBENCH_NOT_IN_PRODUCTION_SYNTHESIS_FILESET","VIVADO_DEFAULT_NON_2008_COMPATIBLE_OR_STRUCTURAL_LINE","VIVADO_DEFAULT_NON_2008_COMPATIBLE_BY_EXACT_CONTEXT_AUDIT","NO_REWRITE","           r1f_last_record(43 downto 40) = x""1"" and"
"tests/nvp/tb_nvp_autoinit.vhd","ADDED","","491","7AC85F7A11BD74DF5175621007937A687446AE93C72DE93A8C042BAA3CD13A3A","TESTBENCH_NOT_IN_PRODUCTION_SYNTHESIS_FILESET","VIVADO_DEFAULT_NON_2008_COMPATIBLE_OR_STRUCTURAL_LINE","VIVADO_DEFAULT_NON_2008_COMPATIBLE_BY_EXACT_CONTEXT_AUDIT","NO_REWRITE","           r1f_last_record(47 downto 44) = x""6"" and"
"tests/nvp/tb_nvp_autoinit.vhd","ADDED","","492","94D4EA1BB59B4F84B4C4D9098A6B90B4872EA309E116EE4BEF952DDA03C92D58","TESTBENCH_NOT_IN_PRODUCTION_SYNTHESIS_FILESET","VIVADO_DEFAULT_NON_2008_COMPATIBLE_OR_STRUCTURAL_LINE","VIVADO_DEFAULT_NON_2008_COMPATIBLE_BY_EXACT_CONTEXT_AUDIT","NO_REWRITE","           r1f_last_record(51 downto 48) = x""7"" and"
"tests/nvp/tb_nvp_autoinit.vhd","ADDED","","493","13155DB6917A04BC6528F94FF24D6ED9A4FE798E7570C929B9BA0E4A25D6AD33","TESTBENCH_NOT_IN_PRODUCTION_SYNTHESIS_FILESET","VIVADO_DEFAULT_NON_2008_COMPATIBLE_OR_STRUCTURAL_LINE","VIVADO_DEFAULT_NON_2008_COMPATIBLE_BY_EXACT_CONTEXT_AUDIT","NO_REWRITE","           r1f_last_record(55 downto 52) = x""7"" and"
"tests/nvp/tb_nvp_autoinit.vhd","ADDED","","494","8458B767D6A09B191C0C23F882964B7D00D895D12FD7351BFCF01F378D2F1856","TESTBENCH_NOT_IN_PRODUCTION_SYNTHESIS_FILESET","VIVADO_DEFAULT_NON_2008_COMPATIBLE_OR_STRUCTURAL_LINE","VIVADO_DEFAULT_NON_2008_COMPATIBLE_BY_EXACT_CONTEXT_AUDIT","NO_REWRITE","           r1f_last_record(58 downto 56) = ""011"""
"tests/nvp/tb_nvp_autoinit.vhd","ADDED","","495","D6D47F424012847670411C34DC9120474C45268854E3BA355890EF85F5451DEC","TESTBENCH_NOT_IN_PRODUCTION_SYNTHESIS_FILESET","VIVADO_DEFAULT_NON_2008_COMPATIBLE_OR_STRUCTURAL_LINE","VIVADO_DEFAULT_NON_2008_COMPATIBLE_BY_EXACT_CONTEXT_AUDIT","NO_REWRITE","      report ""R1f init-target failed-transaction record mismatch"" severity failure;"
"tests/nvp/tb_nvp_autoinit.vhd","ADDED","","499","69C550B391A8CFD5A2CDB2E401062699E380ECC555AF420CD597BD544B1AC3ED","TESTBENCH_NOT_IN_PRODUCTION_SYNTHESIS_FILESET","VIVADO_DEFAULT_NON_2008_COMPATIBLE_OR_STRUCTURAL_LINE","VIVADO_DEFAULT_NON_2008_COMPATIBLE_BY_EXACT_CONTEXT_AUDIT","NO_REWRITE","    assert_r1f_common;"
"tests/nvp/tb_nvp_autoinit.vhd","ADDED","","501","227B5DD88A83F91F83A61FB32DC9F7111B53999EF5E5C7C01DD8CEC6FF5BBA75","TESTBENCH_NOT_IN_PRODUCTION_SYNTHESIS_FILESET","VIVADO_DEFAULT_NON_2008_COMPATIBLE_OR_STRUCTURAL_LINE","VIVADO_DEFAULT_NON_2008_COMPATIBLE_BY_EXACT_CONTEXT_AUDIT","NO_REWRITE","    assert r1f_record_pulse_count = 1 and"
"tests/nvp/tb_nvp_autoinit.vhd","ADDED","","502","4462187B1B0DFBACE0BBBC79F59E564D9248A4D01640EE924E59C89522DE69C6","TESTBENCH_NOT_IN_PRODUCTION_SYNTHESIS_FILESET","VIVADO_DEFAULT_NON_2008_COMPATIBLE_OR_STRUCTURAL_LINE","VIVADO_DEFAULT_NON_2008_COMPATIBLE_BY_EXACT_CONTEXT_AUDIT","NO_REWRITE","           r1f_last_record(43 downto 40) = x""8"" and"
"tests/nvp/tb_nvp_autoinit.vhd","ADDED","","503","D499F40E0737B870BE18C2632DF89D8AE2B9A34B320E20587DE5BF13A6AC7839","TESTBENCH_NOT_IN_PRODUCTION_SYNTHESIS_FILESET","VIVADO_DEFAULT_NON_2008_COMPATIBLE_OR_STRUCTURAL_LINE","VIVADO_DEFAULT_NON_2008_COMPATIBLE_BY_EXACT_CONTEXT_AUDIT","NO_REWRITE","           r1f_last_record(47 downto 44) = x""D"" and"
"tests/nvp/tb_nvp_autoinit.vhd","ADDED","","504","94D4EA1BB59B4F84B4C4D9098A6B90B4872EA309E116EE4BEF952DDA03C92D58","TESTBENCH_NOT_IN_PRODUCTION_SYNTHESIS_FILESET","VIVADO_DEFAULT_NON_2008_COMPATIBLE_OR_STRUCTURAL_LINE","VIVADO_DEFAULT_NON_2008_COMPATIBLE_BY_EXACT_CONTEXT_AUDIT","NO_REWRITE","           r1f_last_record(51 downto 48) = x""7"" and"
"tests/nvp/tb_nvp_autoinit.vhd","ADDED","","505","1BC8E3BD3698990D1E27CF3F9DA8B2DF6C16864176345141537FF588D9E6CBB9","TESTBENCH_NOT_IN_PRODUCTION_SYNTHESIS_FILESET","VIVADO_DEFAULT_NON_2008_COMPATIBLE_OR_STRUCTURAL_LINE","VIVADO_DEFAULT_NON_2008_COMPATIBLE_BY_EXACT_CONTEXT_AUDIT","NO_REWRITE","           r1f_last_record(55 downto 52) = x""7"""
"tests/nvp/tb_nvp_autoinit.vhd","ADDED","","506","5E421CF1C1ACA51ECFEC3AB7E1834D6AE6E0ED221BD4B91495DDEA966C41993F","TESTBENCH_NOT_IN_PRODUCTION_SYNTHESIS_FILESET","VIVADO_DEFAULT_NON_2008_COMPATIBLE_OR_STRUCTURAL_LINE","VIVADO_DEFAULT_NON_2008_COMPATIBLE_BY_EXACT_CONTEXT_AUDIT","NO_REWRITE","      report ""R1f restore failed-transaction record mismatch"" severity failure;"
"tests/nvp/tb_nvp_autoinit.vhd","ADDED","","510","302567FA64B469EB9BEB386C8A2910DC7EAF70FEE0043844431620F3C3BB45A4","TESTBENCH_NOT_IN_PRODUCTION_SYNTHESIS_FILESET","VIVADO_DEFAULT_NON_2008_COMPATIBLE_OR_STRUCTURAL_LINE","VIVADO_DEFAULT_NON_2008_COMPATIBLE_BY_EXACT_CONTEXT_AUDIT","NO_REWRITE","    assert_r1f_common(false);"
"tests/nvp/tb_nvp_autoinit.vhd","ADDED","","512","471783FE846431935E2296F8A4BFE8C2B1F027D8CD4B370F8655E20B2AA421D1","TESTBENCH_NOT_IN_PRODUCTION_SYNTHESIS_FILESET","VIVADO_DEFAULT_NON_2008_COMPATIBLE_OR_STRUCTURAL_LINE","VIVADO_DEFAULT_NON_2008_COMPATIBLE_BY_EXACT_CONTEXT_AUDIT","NO_REWRITE","    assert r1f_record_pulse_count > 0 and"
"tests/nvp/tb_nvp_autoinit.vhd","ADDED","","513","90FB8FFE31AACF250401ACF5C2FB71470FDE2357075A2908E02B629070D950ED","TESTBENCH_NOT_IN_PRODUCTION_SYNTHESIS_FILESET","VIVADO_DEFAULT_NON_2008_COMPATIBLE_OR_STRUCTURAL_LINE","VIVADO_DEFAULT_NON_2008_COMPATIBLE_BY_EXACT_CONTEXT_AUDIT","NO_REWRITE","           r1f_last_record(175 downto 168) = x""06"""
"tests/nvp/tb_nvp_autoinit.vhd","ADDED","","514","BDFE0F7B0CB61FE0FCF51E5F79123C26F29744CD74ABF0249D334870DFA4545E","TESTBENCH_NOT_IN_PRODUCTION_SYNTHESIS_FILESET","VIVADO_DEFAULT_NON_2008_COMPATIBLE_OR_STRUCTURAL_LINE","VIVADO_DEFAULT_NON_2008_COMPATIBLE_BY_EXACT_CONTEXT_AUDIT","NO_REWRITE","      report ""R1f stuck-SDA terminal record missing"" severity failure;"
"tests/nvp/tb_nvp_autoinit.vhd","ADDED","","515","10AE98CBDC7D97978125A6DA33B7A81B730475BDFA65ADE277060C2D566E413F","TESTBENCH_NOT_IN_PRODUCTION_SYNTHESIS_FILESET","VIVADO_DEFAULT_NON_2008_COMPATIBLE_OR_STRUCTURAL_LINE","VIVADO_DEFAULT_NON_2008_COMPATIBLE_BY_EXACT_CONTEXT_AUDIT","NO_REWRITE","    assert r1f_bank_invariant_error_count /= x""00000000"" and"
"tests/nvp/tb_nvp_autoinit.vhd","ADDED","","516","2AE4929D19FD85663D1DD5916B9E4AA711D29A5E448ED0422DE128D2DDAEC6A8","TESTBENCH_NOT_IN_PRODUCTION_SYNTHESIS_FILESET","VIVADO_DEFAULT_NON_2008_COMPATIBLE_OR_STRUCTURAL_LINE","VIVADO_DEFAULT_NON_2008_COMPATIBLE_BY_EXACT_CONTEXT_AUDIT","NO_REWRITE","           r1f_first_bank_invariant_error(30 downto 24) = ""0000011"""
"tests/nvp/tb_nvp_autoinit.vhd","ADDED","","517","7FA1A7C001AAF6CDE26E27BE53B16F72D48253533865D3E1BA6D48DD12487E0A","TESTBENCH_NOT_IN_PRODUCTION_SYNTHESIS_FILESET","VIVADO_DEFAULT_NON_2008_COMPATIBLE_OR_STRUCTURAL_LINE","VIVADO_DEFAULT_NON_2008_COMPATIBLE_BY_EXACT_CONTEXT_AUDIT","NO_REWRITE","      report ""R1f invariant monitor did not flag stuck-SDA selector ambiguity"""
"tests/nvp/tb_nvp_autoinit.vhd","ADDED","","518","897DAAD97C152100747EEE6D78C60CA7DD904EA656CB48170C4054D908727382","TESTBENCH_NOT_IN_PRODUCTION_SYNTHESIS_FILESET","VIVADO_DEFAULT_NON_2008_COMPATIBLE_OR_STRUCTURAL_LINE","VIVADO_DEFAULT_NON_2008_COMPATIBLE_BY_EXACT_CONTEXT_AUDIT","NO_REWRITE","      severity failure;"
"tests/nvp/tb_nvp_autoinit.vhd","ADDED","","519","5941E68DAF5747A3C6FB502C0DB420362D999ECE7224055C3617F851530E8CB3","TESTBENCH_NOT_IN_PRODUCTION_SYNTHESIS_FILESET","VIVADO_DEFAULT_NON_2008_COMPATIBLE_OR_STRUCTURAL_LINE","VIVADO_DEFAULT_NON_2008_COMPATIBLE_BY_EXACT_CONTEXT_AUDIT","NO_REWRITE","    report ""PASS bank invariant monitor flags pathological stuck-SDA context"""
"tests/nvp/tb_nvp_autoinit.vhd","ADDED","","520","0AB864BDAC531E6948856501455A875477550AA00730AB782FF4598D14F012E9","TESTBENCH_NOT_IN_PRODUCTION_SYNTHESIS_FILESET","VIVADO_DEFAULT_NON_2008_COMPATIBLE_OR_STRUCTURAL_LINE","VIVADO_DEFAULT_NON_2008_COMPATIBLE_BY_EXACT_CONTEXT_AUDIT","NO_REWRITE","      severity note;"
"tests/nvp/tb_nvp_autoinit.vhd","ADDED","","524","69C550B391A8CFD5A2CDB2E401062699E380ECC555AF420CD597BD544B1AC3ED","TESTBENCH_NOT_IN_PRODUCTION_SYNTHESIS_FILESET","VIVADO_DEFAULT_NON_2008_COMPATIBLE_OR_STRUCTURAL_LINE","VIVADO_DEFAULT_NON_2008_COMPATIBLE_BY_EXACT_CONTEXT_AUDIT","NO_REWRITE","    assert_r1f_common;"
"tests/nvp/tb_nvp_autoinit.vhd","ADDED","","529","07A246555E530CF19BAACA9D9C82AF38266DE0CB8979966C860817EF28B104A5","TESTBENCH_NOT_IN_PRODUCTION_SYNTHESIS_FILESET","VIVADO_DEFAULT_NON_2008_COMPATIBLE_OR_STRUCTURAL_LINE","VIVADO_DEFAULT_NON_2008_COMPATIBLE_BY_EXACT_CONTEXT_AUDIT","NO_REWRITE","    assert r1f_record_pulse_count > 0 and r1f_last_record(59) = '1' and"
"tests/nvp/tb_nvp_autoinit.vhd","ADDED","","530","B257772949F7F1803E6F12002DC43B7F58D541DABF0F2AD5BED588B083ACC3DE","TESTBENCH_NOT_IN_PRODUCTION_SYNTHESIS_FILESET","VIVADO_DEFAULT_NON_2008_COMPATIBLE_OR_STRUCTURAL_LINE","VIVADO_DEFAULT_NON_2008_COMPATIBLE_BY_EXACT_CONTEXT_AUDIT","NO_REWRITE","           r1f_last_record(175 downto 168) = x""07"""
"tests/nvp/tb_nvp_autoinit.vhd","ADDED","","531","F6D407ABBEFA80B0BD0DDE2CCE72FD9E450B0D1970DC8ED36E27B2E6D4E65391","TESTBENCH_NOT_IN_PRODUCTION_SYNTHESIS_FILESET","VIVADO_DEFAULT_NON_2008_COMPATIBLE_OR_STRUCTURAL_LINE","VIVADO_DEFAULT_NON_2008_COMPATIBLE_BY_EXACT_CONTEXT_AUDIT","NO_REWRITE","      report ""R1f timeout transaction record missing"" severity failure;"
"tests/nvp/tb_nvp_autoinit.vhd","ADDED","","535","69C550B391A8CFD5A2CDB2E401062699E380ECC555AF420CD597BD544B1AC3ED","TESTBENCH_NOT_IN_PRODUCTION_SYNTHESIS_FILESET","VIVADO_DEFAULT_NON_2008_COMPATIBLE_OR_STRUCTURAL_LINE","VIVADO_DEFAULT_NON_2008_COMPATIBLE_BY_EXACT_CONTEXT_AUDIT","NO_REWRITE","    assert_r1f_common;"
"tests/nvp/tb_nvp_autoinit.vhd","ADDED","","539","452CE3DCE7F856A43D2F8242D3F9AA7F48D67D27F1E6F7F2C62DEA43726E7714","TESTBENCH_NOT_IN_PRODUCTION_SYNTHESIS_FILESET","VIVADO_DEFAULT_NON_2008_COMPATIBLE_OR_STRUCTURAL_LINE","VIVADO_DEFAULT_NON_2008_COMPATIBLE_BY_EXACT_CONTEXT_AUDIT","NO_REWRITE","    report ""R1f mode6 record="" & to_hstring(r1f_last_record) severity note;"
"tests/nvp/tb_nvp_autoinit.vhd","ADDED","","540","471783FE846431935E2296F8A4BFE8C2B1F027D8CD4B370F8655E20B2AA421D1","TESTBENCH_NOT_IN_PRODUCTION_SYNTHESIS_FILESET","VIVADO_DEFAULT_NON_2008_COMPATIBLE_OR_STRUCTURAL_LINE","VIVADO_DEFAULT_NON_2008_COMPATIBLE_BY_EXACT_CONTEXT_AUDIT","NO_REWRITE","    assert r1f_record_pulse_count > 0 and"
"tests/nvp/tb_nvp_autoinit.vhd","ADDED","","541","3C9C06DC9D29CEBC10842C5AFF91ABC43ABDAF82D253282A5535E92A363093A1","TESTBENCH_NOT_IN_PRODUCTION_SYNTHESIS_FILESET","VIVADO_DEFAULT_NON_2008_COMPATIBLE_OR_STRUCTURAL_LINE","VIVADO_DEFAULT_NON_2008_COMPATIBLE_BY_EXACT_CONTEXT_AUDIT","NO_REWRITE","           r1f_last_record(47 downto 44) = x""4"" and"
"tests/nvp/tb_nvp_autoinit.vhd","ADDED","","542","16A9F240F190E3ADB031F56929450B6E9D015B76D602D8007D50CA0700E505F8","TESTBENCH_NOT_IN_PRODUCTION_SYNTHESIS_FILESET","VIVADO_DEFAULT_NON_2008_COMPATIBLE_OR_STRUCTURAL_LINE","VIVADO_DEFAULT_NON_2008_COMPATIBLE_BY_EXACT_CONTEXT_AUDIT","NO_REWRITE","           r1f_last_record(151 downto 148) = x""5"""
"tests/nvp/tb_nvp_autoinit.vhd","ADDED","","543","E53F1BDEE434A232759EA0B9DB3D13CBC77A30D86BD0AB026F8B545B83C7B4EB","TESTBENCH_NOT_IN_PRODUCTION_SYNTHESIS_FILESET","VIVADO_DEFAULT_NON_2008_COMPATIBLE_OR_STRUCTURAL_LINE","VIVADO_DEFAULT_NON_2008_COMPATIBLE_BY_EXACT_CONTEXT_AUDIT","NO_REWRITE","      report ""R1f selector-failure bank semantics mismatch"" severity failure;"
"tests/nvp/tb_nvp_autoinit.vhd","ADDED","","547","69C550B391A8CFD5A2CDB2E401062699E380ECC555AF420CD597BD544B1AC3ED","TESTBENCH_NOT_IN_PRODUCTION_SYNTHESIS_FILESET","VIVADO_DEFAULT_NON_2008_COMPATIBLE_OR_STRUCTURAL_LINE","VIVADO_DEFAULT_NON_2008_COMPATIBLE_BY_EXACT_CONTEXT_AUDIT","NO_REWRITE","    assert_r1f_common;"
"tests/nvp/tb_nvp_autoinit.vhd","ADDED","","552","D7C93E07F84BC4801F20F297EF5C45C464B6D41807AA5A1D1C39BEDA5C3DBD42","TESTBENCH_NOT_IN_PRODUCTION_SYNTHESIS_FILESET","VIVADO_DEFAULT_NON_2008_COMPATIBLE_OR_STRUCTURAL_LINE","VIVADO_DEFAULT_NON_2008_COMPATIBLE_BY_EXACT_CONTEXT_AUDIT","NO_REWRITE","    report ""R1f mode7 record="" & to_hstring(r1f_last_record) severity note;"
"tests/nvp/tb_nvp_autoinit.vhd","ADDED","","553","471783FE846431935E2296F8A4BFE8C2B1F027D8CD4B370F8655E20B2AA421D1","TESTBENCH_NOT_IN_PRODUCTION_SYNTHESIS_FILESET","VIVADO_DEFAULT_NON_2008_COMPATIBLE_OR_STRUCTURAL_LINE","VIVADO_DEFAULT_NON_2008_COMPATIBLE_BY_EXACT_CONTEXT_AUDIT","NO_REWRITE","    assert r1f_record_pulse_count > 0 and"
"tests/nvp/tb_nvp_autoinit.vhd","ADDED","","554","C9F831A9C54DCB7D5D96EEE19700D46C2933CAB5278249B82AC3ADF94CE50BDD","TESTBENCH_NOT_IN_PRODUCTION_SYNTHESIS_FILESET","VIVADO_DEFAULT_NON_2008_COMPATIBLE_OR_STRUCTURAL_LINE","VIVADO_DEFAULT_NON_2008_COMPATIBLE_BY_EXACT_CONTEXT_AUDIT","NO_REWRITE","           r1f_last_record(47 downto 44) = x""5"" and"
"tests/nvp/tb_nvp_autoinit.vhd","ADDED","","555","01913BA2DA5E2A3F4F6C63AF8BEAEB2609DABF492C68D708FC10A6DEC9EE8E05","TESTBENCH_NOT_IN_PRODUCTION_SYNTHESIS_FILESET","VIVADO_DEFAULT_NON_2008_COMPATIBLE_OR_STRUCTURAL_LINE","VIVADO_DEFAULT_NON_2008_COMPATIBLE_BY_EXACT_CONTEXT_AUDIT","NO_REWRITE","           r1f_last_record(55 downto 52) = x""0"" and"
"tests/nvp/tb_nvp_autoinit.vhd","ADDED","","556","21DA4825426EA718B029DD50734ECF2CA12BA555BC204A0A46A6BF8041DF83AF","TESTBENCH_NOT_IN_PRODUCTION_SYNTHESIS_FILESET","VIVADO_DEFAULT_NON_2008_COMPATIBLE_OR_STRUCTURAL_LINE","VIVADO_DEFAULT_NON_2008_COMPATIBLE_BY_EXACT_CONTEXT_AUDIT","NO_REWRITE","           r1f_last_record(147 downto 145) = ""101"" and"
"tests/nvp/tb_nvp_autoinit.vhd","ADDED","","557","B30EC14E26EECB6F04E6A6CBEB03FF7972B716858D1D92AC0FDB8346EF28F082","TESTBENCH_NOT_IN_PRODUCTION_SYNTHESIS_FILESET","VIVADO_DEFAULT_NON_2008_COMPATIBLE_OR_STRUCTURAL_LINE","VIVADO_DEFAULT_NON_2008_COMPATIBLE_BY_EXACT_CONTEXT_AUDIT","NO_REWRITE","           r1f_last_record(175 downto 168) = x""08"""
"tests/nvp/tb_nvp_autoinit.vhd","ADDED","","558","CCD986E25E03D78A0801B9C4CDCF52ACEEEBA7D59AB1B6496B8141BC7A95AA0C","TESTBENCH_NOT_IN_PRODUCTION_SYNTHESIS_FILESET","VIVADO_DEFAULT_NON_2008_COMPATIBLE_OR_STRUCTURAL_LINE","VIVADO_DEFAULT_NON_2008_COMPATIBLE_BY_EXACT_CONTEXT_AUDIT","NO_REWRITE","      report ""R1f verify-mismatch record semantics mismatch"" severity failure;"
"tests/nvp/tb_nvp_autoinit.vhd","ADDED","","562","69C550B391A8CFD5A2CDB2E401062699E380ECC555AF420CD597BD544B1AC3ED","TESTBENCH_NOT_IN_PRODUCTION_SYNTHESIS_FILESET","VIVADO_DEFAULT_NON_2008_COMPATIBLE_OR_STRUCTURAL_LINE","VIVADO_DEFAULT_NON_2008_COMPATIBLE_BY_EXACT_CONTEXT_AUDIT","NO_REWRITE","    assert_r1f_common;"
"tests/nvp/tb_nvp_autoinit.vhd","ADDED","","568","5EDB0D654842E961C4E0125B367980FA45F28A97EBD15F2C5AB61E5C1F28F8E6","TESTBENCH_NOT_IN_PRODUCTION_SYNTHESIS_FILESET","COMMENT_OR_BLANK","NOT_EXECUTABLE_LANGUAGE_CONSTRUCT","NO_REWRITE","    -- Isolated one-NACK-per-phase producer cases."
"tests/nvp/tb_nvp_autoinit.vhd","ADDED","","569","68930C6C704F1E33B5CEC708E5EE36A840B23CABE50C791F842934DD7B4755D6","TESTBENCH_NOT_IN_PRODUCTION_SYNTHESIS_FILESET","VIVADO_DEFAULT_NON_2008_COMPATIBLE_OR_STRUCTURAL_LINE","VIVADO_DEFAULT_NON_2008_COMPATIBLE_BY_EXACT_CONTEXT_AUDIT","NO_REWRITE","    begin_run(9); await_done;"
"tests/nvp/tb_nvp_autoinit.vhd","ADDED","","570","69C550B391A8CFD5A2CDB2E401062699E380ECC555AF420CD597BD544B1AC3ED","TESTBENCH_NOT_IN_PRODUCTION_SYNTHESIS_FILESET","VIVADO_DEFAULT_NON_2008_COMPATIBLE_OR_STRUCTURAL_LINE","VIVADO_DEFAULT_NON_2008_COMPATIBLE_BY_EXACT_CONTEXT_AUDIT","NO_REWRITE","    assert_r1f_common;"
"tests/nvp/tb_nvp_autoinit.vhd","ADDED","","571","5EC84845B3EA890706A847ADFDDF0E5F3D0C98A6D74A577F6675A16841FE5491","TESTBENCH_NOT_IN_PRODUCTION_SYNTHESIS_FILESET","VIVADO_DEFAULT_NON_2008_COMPATIBLE_OR_STRUCTURAL_LINE","VIVADO_DEFAULT_NON_2008_COMPATIBLE_BY_EXACT_CONTEXT_AUDIT","NO_REWRITE","    report ""R1f mode9 record="" & to_hstring(r1f_last_record) &"
"tests/nvp/tb_nvp_autoinit.vhd","ADDED","","572","5642A74EA6261B9571486A8698BDBA0DBB0E143EA4D5CAE27EFB1093ABC7627A","TESTBENCH_NOT_IN_PRODUCTION_SYNTHESIS_FILESET","VIVADO_DEFAULT_NON_2008_COMPATIBLE_OR_STRUCTURAL_LINE","VIVADO_DEFAULT_NON_2008_COMPATIBLE_BY_EXACT_CONTEXT_AUDIT","NO_REWRITE","           "" pulses="" & integer'image(r1f_record_pulse_count) severity note;"
"tests/nvp/tb_nvp_autoinit.vhd","ADDED","","573","227B5DD88A83F91F83A61FB32DC9F7111B53999EF5E5C7C01DD8CEC6FF5BBA75","TESTBENCH_NOT_IN_PRODUCTION_SYNTHESIS_FILESET","VIVADO_DEFAULT_NON_2008_COMPATIBLE_OR_STRUCTURAL_LINE","VIVADO_DEFAULT_NON_2008_COMPATIBLE_BY_EXACT_CONTEXT_AUDIT","NO_REWRITE","    assert r1f_record_pulse_count = 1 and"
"tests/nvp/tb_nvp_autoinit.vhd","ADDED","","574","BAF123069753E9FE66F10AFC6AF15A5D9CD81E4DF9AA2256459CC37B58196B4D","TESTBENCH_NOT_IN_PRODUCTION_SYNTHESIS_FILESET","COMMENT_OR_BLANK","NOT_EXECUTABLE_LANGUAGE_CONSTRUCT","NO_REWRITE","           -- The inherited write transaction does not branch on a NACK; all"
"tests/nvp/tb_nvp_autoinit.vhd","ADDED","","575","D7404B05FF11C59EF8BC16000967DE0709A736B8CE1F97A91F60099BC36921FE","TESTBENCH_NOT_IN_PRODUCTION_SYNTHESIS_FILESET","COMMENT_OR_BLANK","NOT_EXECUTABLE_LANGUAGE_CONSTRUCT","NO_REWRITE","           -- three ACK sample states are still physically reached."
"tests/nvp/tb_nvp_autoinit.vhd","ADDED","","576","94D4EA1BB59B4F84B4C4D9098A6B90B4872EA309E116EE4BEF952DDA03C92D58","TESTBENCH_NOT_IN_PRODUCTION_SYNTHESIS_FILESET","VIVADO_DEFAULT_NON_2008_COMPATIBLE_OR_STRUCTURAL_LINE","VIVADO_DEFAULT_NON_2008_COMPATIBLE_BY_EXACT_CONTEXT_AUDIT","NO_REWRITE","           r1f_last_record(51 downto 48) = x""7"" and"
"tests/nvp/tb_nvp_autoinit.vhd","ADDED","","577","0BC68122B004EE77E726312EF5E5B0A17DE238CD10C2266C2D417977EC979C52","TESTBENCH_NOT_IN_PRODUCTION_SYNTHESIS_FILESET","VIVADO_DEFAULT_NON_2008_COMPATIBLE_OR_STRUCTURAL_LINE","VIVADO_DEFAULT_NON_2008_COMPATIBLE_BY_EXACT_CONTEXT_AUDIT","NO_REWRITE","           r1f_last_record(55 downto 52) = x""1"""
"tests/nvp/tb_nvp_autoinit.vhd","ADDED","","578","FEE03B96996915C173CA63684E3FD3DAED8CC95F1CA4BC898F9EE0AB19D267B0","TESTBENCH_NOT_IN_PRODUCTION_SYNTHESIS_FILESET","VIVADO_DEFAULT_NON_2008_COMPATIBLE_OR_STRUCTURAL_LINE","VIVADO_DEFAULT_NON_2008_COMPATIBLE_BY_EXACT_CONTEXT_AUDIT","NO_REWRITE","      report ""isolated WADDR NACK record mismatch"" severity failure;"
"tests/nvp/tb_nvp_autoinit.vhd","ADDED","","579","7C1E882D13154052B785472DD6FC59BE3112C5B2D59151CD4C098407E82D9216","TESTBENCH_NOT_IN_PRODUCTION_SYNTHESIS_FILESET","VIVADO_DEFAULT_NON_2008_COMPATIBLE_OR_STRUCTURAL_LINE","VIVADO_DEFAULT_NON_2008_COMPATIBLE_BY_EXACT_CONTEXT_AUDIT","NO_REWRITE","    report ""PASS one isolated WADDR NACK"" severity note;"
"tests/nvp/tb_nvp_autoinit.vhd","ADDED","","580","E3B0C44298FC1C149AFBF4C8996FB92427AE41E4649B934CA495991B7852B855","TESTBENCH_NOT_IN_PRODUCTION_SYNTHESIS_FILESET","COMMENT_OR_BLANK","NOT_EXECUTABLE_LANGUAGE_CONSTRUCT","NO_REWRITE",""
"tests/nvp/tb_nvp_autoinit.vhd","ADDED","","581","830992DF6E1DB0D3E5FA98CB021A35F11281A56FA6963A120DBA590DFBFBA4CE","TESTBENCH_NOT_IN_PRODUCTION_SYNTHESIS_FILESET","VIVADO_DEFAULT_NON_2008_COMPATIBLE_OR_STRUCTURAL_LINE","VIVADO_DEFAULT_NON_2008_COMPATIBLE_BY_EXACT_CONTEXT_AUDIT","NO_REWRITE","    begin_run(10); await_done;"
"tests/nvp/tb_nvp_autoinit.vhd","ADDED","","582","69C550B391A8CFD5A2CDB2E401062699E380ECC555AF420CD597BD544B1AC3ED","TESTBENCH_NOT_IN_PRODUCTION_SYNTHESIS_FILESET","VIVADO_DEFAULT_NON_2008_COMPATIBLE_OR_STRUCTURAL_LINE","VIVADO_DEFAULT_NON_2008_COMPATIBLE_BY_EXACT_CONTEXT_AUDIT","NO_REWRITE","    assert_r1f_common;"
"tests/nvp/tb_nvp_autoinit.vhd","ADDED","","583","C8984D755EEE0BE8860F23946415D4CFFD2CD5B76577FE4A519ADDEB760460A3","TESTBENCH_NOT_IN_PRODUCTION_SYNTHESIS_FILESET","VIVADO_DEFAULT_NON_2008_COMPATIBLE_OR_STRUCTURAL_LINE","VIVADO_DEFAULT_NON_2008_COMPATIBLE_BY_EXACT_CONTEXT_AUDIT","NO_REWRITE","    report ""R1f mode10 record="" & to_hstring(r1f_last_record) &"
"tests/nvp/tb_nvp_autoinit.vhd","ADDED","","584","5642A74EA6261B9571486A8698BDBA0DBB0E143EA4D5CAE27EFB1093ABC7627A","TESTBENCH_NOT_IN_PRODUCTION_SYNTHESIS_FILESET","VIVADO_DEFAULT_NON_2008_COMPATIBLE_OR_STRUCTURAL_LINE","VIVADO_DEFAULT_NON_2008_COMPATIBLE_BY_EXACT_CONTEXT_AUDIT","NO_REWRITE","           "" pulses="" & integer'image(r1f_record_pulse_count) severity note;"
"tests/nvp/tb_nvp_autoinit.vhd","ADDED","","585","227B5DD88A83F91F83A61FB32DC9F7111B53999EF5E5C7C01DD8CEC6FF5BBA75","TESTBENCH_NOT_IN_PRODUCTION_SYNTHESIS_FILESET","VIVADO_DEFAULT_NON_2008_COMPATIBLE_OR_STRUCTURAL_LINE","VIVADO_DEFAULT_NON_2008_COMPATIBLE_BY_EXACT_CONTEXT_AUDIT","NO_REWRITE","    assert r1f_record_pulse_count = 1 and"
"tests/nvp/tb_nvp_autoinit.vhd","ADDED","","586","94D4EA1BB59B4F84B4C4D9098A6B90B4872EA309E116EE4BEF952DDA03C92D58","TESTBENCH_NOT_IN_PRODUCTION_SYNTHESIS_FILESET","VIVADO_DEFAULT_NON_2008_COMPATIBLE_OR_STRUCTURAL_LINE","VIVADO_DEFAULT_NON_2008_COMPATIBLE_BY_EXACT_CONTEXT_AUDIT","NO_REWRITE","           r1f_last_record(51 downto 48) = x""7"" and"
"tests/nvp/tb_nvp_autoinit.vhd","ADDED","","587","CC7A2A5C51BEF3D662D3DAB34FA38AB85DEE7B3BDB83DD29BB051EA3A230B10A","TESTBENCH_NOT_IN_PRODUCTION_SYNTHESIS_FILESET","VIVADO_DEFAULT_NON_2008_COMPATIBLE_OR_STRUCTURAL_LINE","VIVADO_DEFAULT_NON_2008_COMPATIBLE_BY_EXACT_CONTEXT_AUDIT","NO_REWRITE","           r1f_last_record(55 downto 52) = x""2"""
"tests/nvp/tb_nvp_autoinit.vhd","ADDED","","588","B6D45558C833A5395ECC74BD7D469A223DFB0A3AFF19844FA1BA6253FB234D69","TESTBENCH_NOT_IN_PRODUCTION_SYNTHESIS_FILESET","VIVADO_DEFAULT_NON_2008_COMPATIBLE_OR_STRUCTURAL_LINE","VIVADO_DEFAULT_NON_2008_COMPATIBLE_BY_EXACT_CONTEXT_AUDIT","NO_REWRITE","      report ""isolated REGADDR NACK record mismatch"" severity failure;"
"tests/nvp/tb_nvp_autoinit.vhd","ADDED","","589","7E53D54C44F19DAC4D41F4AEB31F74073397716B6B3E08E33E7FB0EE4424ACFF","TESTBENCH_NOT_IN_PRODUCTION_SYNTHESIS_FILESET","VIVADO_DEFAULT_NON_2008_COMPATIBLE_OR_STRUCTURAL_LINE","VIVADO_DEFAULT_NON_2008_COMPATIBLE_BY_EXACT_CONTEXT_AUDIT","NO_REWRITE","    report ""PASS one isolated REGADDR NACK"" severity note;"
"tests/nvp/tb_nvp_autoinit.vhd","ADDED","","590","E3B0C44298FC1C149AFBF4C8996FB92427AE41E4649B934CA495991B7852B855","TESTBENCH_NOT_IN_PRODUCTION_SYNTHESIS_FILESET","COMMENT_OR_BLANK","NOT_EXECUTABLE_LANGUAGE_CONSTRUCT","NO_REWRITE",""
"tests/nvp/tb_nvp_autoinit.vhd","ADDED","","591","FAEA06E38EF04C9641E7C999BA6E6B64FE5624DDF9C53BC26AD68215E1D77446","TESTBENCH_NOT_IN_PRODUCTION_SYNTHESIS_FILESET","VIVADO_DEFAULT_NON_2008_COMPATIBLE_OR_STRUCTURAL_LINE","VIVADO_DEFAULT_NON_2008_COMPATIBLE_BY_EXACT_CONTEXT_AUDIT","NO_REWRITE","    begin_run(11); await_done;"
"tests/nvp/tb_nvp_autoinit.vhd","ADDED","","592","69C550B391A8CFD5A2CDB2E401062699E380ECC555AF420CD597BD544B1AC3ED","TESTBENCH_NOT_IN_PRODUCTION_SYNTHESIS_FILESET","VIVADO_DEFAULT_NON_2008_COMPATIBLE_OR_STRUCTURAL_LINE","VIVADO_DEFAULT_NON_2008_COMPATIBLE_BY_EXACT_CONTEXT_AUDIT","NO_REWRITE","    assert_r1f_common;"
"tests/nvp/tb_nvp_autoinit.vhd","ADDED","","593","45CE03407C62C5D2CEA5A13DE10E9D4ED38E0C2CFF772832A37D12B86D112B7F","TESTBENCH_NOT_IN_PRODUCTION_SYNTHESIS_FILESET","VIVADO_DEFAULT_NON_2008_COMPATIBLE_OR_STRUCTURAL_LINE","VIVADO_DEFAULT_NON_2008_COMPATIBLE_BY_EXACT_CONTEXT_AUDIT","NO_REWRITE","    report ""R1f mode11 record="" & to_hstring(r1f_last_record) &"
"tests/nvp/tb_nvp_autoinit.vhd","ADDED","","594","5642A74EA6261B9571486A8698BDBA0DBB0E143EA4D5CAE27EFB1093ABC7627A","TESTBENCH_NOT_IN_PRODUCTION_SYNTHESIS_FILESET","VIVADO_DEFAULT_NON_2008_COMPATIBLE_OR_STRUCTURAL_LINE","VIVADO_DEFAULT_NON_2008_COMPATIBLE_BY_EXACT_CONTEXT_AUDIT","NO_REWRITE","           "" pulses="" & integer'image(r1f_record_pulse_count) severity note;"
"tests/nvp/tb_nvp_autoinit.vhd","ADDED","","595","227B5DD88A83F91F83A61FB32DC9F7111B53999EF5E5C7C01DD8CEC6FF5BBA75","TESTBENCH_NOT_IN_PRODUCTION_SYNTHESIS_FILESET","VIVADO_DEFAULT_NON_2008_COMPATIBLE_OR_STRUCTURAL_LINE","VIVADO_DEFAULT_NON_2008_COMPATIBLE_BY_EXACT_CONTEXT_AUDIT","NO_REWRITE","    assert r1f_record_pulse_count = 1 and"
"tests/nvp/tb_nvp_autoinit.vhd","ADDED","","596","94D4EA1BB59B4F84B4C4D9098A6B90B4872EA309E116EE4BEF952DDA03C92D58","TESTBENCH_NOT_IN_PRODUCTION_SYNTHESIS_FILESET","VIVADO_DEFAULT_NON_2008_COMPATIBLE_OR_STRUCTURAL_LINE","VIVADO_DEFAULT_NON_2008_COMPATIBLE_BY_EXACT_CONTEXT_AUDIT","NO_REWRITE","           r1f_last_record(51 downto 48) = x""7"" and"
"tests/nvp/tb_nvp_autoinit.vhd","ADDED","","597","1DEAAA003CE165CE261AD71C23A585E1779C3192D832FC4B476954F4DF55ED3D","TESTBENCH_NOT_IN_PRODUCTION_SYNTHESIS_FILESET","VIVADO_DEFAULT_NON_2008_COMPATIBLE_OR_STRUCTURAL_LINE","VIVADO_DEFAULT_NON_2008_COMPATIBLE_BY_EXACT_CONTEXT_AUDIT","NO_REWRITE","           r1f_last_record(55 downto 52) = x""4"""
"tests/nvp/tb_nvp_autoinit.vhd","ADDED","","598","BB83E8AD8ABFA1D44BFD0A8D4D3A0C3A785776D9291B293B97D12BA1B97BF037","TESTBENCH_NOT_IN_PRODUCTION_SYNTHESIS_FILESET","VIVADO_DEFAULT_NON_2008_COMPATIBLE_OR_STRUCTURAL_LINE","VIVADO_DEFAULT_NON_2008_COMPATIBLE_BY_EXACT_CONTEXT_AUDIT","NO_REWRITE","      report ""isolated DATA NACK record mismatch"" severity failure;"
"tests/nvp/tb_nvp_autoinit.vhd","ADDED","","599","726F4EC15311406129A8387896B878906A6C5D1AFAE2F2ED92A03B9AAC70E16B","TESTBENCH_NOT_IN_PRODUCTION_SYNTHESIS_FILESET","VIVADO_DEFAULT_NON_2008_COMPATIBLE_OR_STRUCTURAL_LINE","VIVADO_DEFAULT_NON_2008_COMPATIBLE_BY_EXACT_CONTEXT_AUDIT","NO_REWRITE","    report ""PASS one isolated DATA NACK"" severity note;"
"tests/nvp/tb_nvp_autoinit.vhd","ADDED","","600","E3B0C44298FC1C149AFBF4C8996FB92427AE41E4649B934CA495991B7852B855","TESTBENCH_NOT_IN_PRODUCTION_SYNTHESIS_FILESET","COMMENT_OR_BLANK","NOT_EXECUTABLE_LANGUAGE_CONSTRUCT","NO_REWRITE",""
"tests/nvp/tb_nvp_autoinit.vhd","ADDED","","601","3EB140349C2715AF66197266B7D5EDED28FFBCED983FF4DC1D1FAAC5DD1A3286","TESTBENCH_NOT_IN_PRODUCTION_SYNTHESIS_FILESET","COMMENT_OR_BLANK","NOT_EXECUTABLE_LANGUAGE_CONSTRUCT","NO_REWRITE","    -- Operation-86-like verified-bank transitional context: the selector"
"tests/nvp/tb_nvp_autoinit.vhd","ADDED","","602","42D494D010FC62204A0167B70B97C113FC9EC942758DDE7BBD7721E06B9388BA","TESTBENCH_NOT_IN_PRODUCTION_SYNTHESIS_FILESET","COMMENT_OR_BLANK","NOT_EXECUTABLE_LANGUAGE_CONSTRUCT","NO_REWRITE","    -- write has completed, physical-before can still describe the last proven"
"tests/nvp/tb_nvp_autoinit.vhd","ADDED","","603","9AB36075298449E834D2B34381FA6A869782159F7D62296344FB683C86987D13","TESTBENCH_NOT_IN_PRODUCTION_SYNTHESIS_FILESET","COMMENT_OR_BLANK","NOT_EXECUTABLE_LANGUAGE_CONSTRUCT","NO_REWRITE","    -- bank, and the verify read receives a transport NACK."
"tests/nvp/tb_nvp_autoinit.vhd","ADDED","","604","9F376E94C9B52C49842C3CE6A11DA71E1D072D89DB2BD0A612F9D501D2CBA8E8","TESTBENCH_NOT_IN_PRODUCTION_SYNTHESIS_FILESET","VIVADO_DEFAULT_NON_2008_COMPATIBLE_OR_STRUCTURAL_LINE","VIVADO_DEFAULT_NON_2008_COMPATIBLE_BY_EXACT_CONTEXT_AUDIT","NO_REWRITE","    begin_run(12); await_done;"
"tests/nvp/tb_nvp_autoinit.vhd","ADDED","","605","69C550B391A8CFD5A2CDB2E401062699E380ECC555AF420CD597BD544B1AC3ED","TESTBENCH_NOT_IN_PRODUCTION_SYNTHESIS_FILESET","VIVADO_DEFAULT_NON_2008_COMPATIBLE_OR_STRUCTURAL_LINE","VIVADO_DEFAULT_NON_2008_COMPATIBLE_BY_EXACT_CONTEXT_AUDIT","NO_REWRITE","    assert_r1f_common;"
"tests/nvp/tb_nvp_autoinit.vhd","ADDED","","606","227B5DD88A83F91F83A61FB32DC9F7111B53999EF5E5C7C01DD8CEC6FF5BBA75","TESTBENCH_NOT_IN_PRODUCTION_SYNTHESIS_FILESET","VIVADO_DEFAULT_NON_2008_COMPATIBLE_OR_STRUCTURAL_LINE","VIVADO_DEFAULT_NON_2008_COMPATIBLE_BY_EXACT_CONTEXT_AUDIT","NO_REWRITE","    assert r1f_record_pulse_count = 1 and"
"tests/nvp/tb_nvp_autoinit.vhd","ADDED","","607","DDB759BBCABBDEEB5E308F95BF25323216E7BDCD5B85907F917C77D6DABEF9AC","TESTBENCH_NOT_IN_PRODUCTION_SYNTHESIS_FILESET","VIVADO_DEFAULT_NON_2008_COMPATIBLE_OR_STRUCTURAL_LINE","VIVADO_DEFAULT_NON_2008_COMPATIBLE_BY_EXACT_CONTEXT_AUDIT","NO_REWRITE","           r1f_last_record(39 downto 32) = x""56"" and"
"tests/nvp/tb_nvp_autoinit.vhd","ADDED","","608","6C30F783A9517C58B61DA247F377B1158D9C038FAC551A012B5F0E87D38059E2","TESTBENCH_NOT_IN_PRODUCTION_SYNTHESIS_FILESET","VIVADO_DEFAULT_NON_2008_COMPATIBLE_OR_STRUCTURAL_LINE","VIVADO_DEFAULT_NON_2008_COMPATIBLE_BY_EXACT_CONTEXT_AUDIT","NO_REWRITE","           r1f_last_record(31 downto 16) = x""0055"" and"
"tests/nvp/tb_nvp_autoinit.vhd","ADDED","","609","C9F831A9C54DCB7D5D96EEE19700D46C2933CAB5278249B82AC3ADF94CE50BDD","TESTBENCH_NOT_IN_PRODUCTION_SYNTHESIS_FILESET","VIVADO_DEFAULT_NON_2008_COMPATIBLE_OR_STRUCTURAL_LINE","VIVADO_DEFAULT_NON_2008_COMPATIBLE_BY_EXACT_CONTEXT_AUDIT","NO_REWRITE","           r1f_last_record(47 downto 44) = x""5"" and"
"tests/nvp/tb_nvp_autoinit.vhd","ADDED","","610","B22DA8DE6DE13FA3BF711A49AEF0F4A20AF7328E551BA683A028E1DBB26B648F","TESTBENCH_NOT_IN_PRODUCTION_SYNTHESIS_FILESET","VIVADO_DEFAULT_NON_2008_COMPATIBLE_OR_STRUCTURAL_LINE","VIVADO_DEFAULT_NON_2008_COMPATIBLE_BY_EXACT_CONTEXT_AUDIT","NO_REWRITE","           r1f_last_record(55 downto 52) = x""8"" and"
"tests/nvp/tb_nvp_autoinit.vhd","ADDED","","611","C888438828A5DDACDD2E98ACDB722647B965F38370FEBDC287632E196194D39E","TESTBENCH_NOT_IN_PRODUCTION_SYNTHESIS_FILESET","VIVADO_DEFAULT_NON_2008_COMPATIBLE_OR_STRUCTURAL_LINE","VIVADO_DEFAULT_NON_2008_COMPATIBLE_BY_EXACT_CONTEXT_AUDIT","NO_REWRITE","           r1f_last_record(147 downto 145) = ""011"" and"
"tests/nvp/tb_nvp_autoinit.vhd","ADDED","","612","4D5701BD3BC5492B45FB57405A07EDFAA4D3C45408258C62C0FBDC68C8347BBC","TESTBENCH_NOT_IN_PRODUCTION_SYNTHESIS_FILESET","VIVADO_DEFAULT_NON_2008_COMPATIBLE_OR_STRUCTURAL_LINE","VIVADO_DEFAULT_NON_2008_COMPATIBLE_BY_EXACT_CONTEXT_AUDIT","NO_REWRITE","           r1f_last_record(144) = '0' and"
"tests/nvp/tb_nvp_autoinit.vhd","ADDED","","613","7B201E30460FABC51ED67F69F6BFF62053E62A4E047BEEF1A9E46589D4799D4B","TESTBENCH_NOT_IN_PRODUCTION_SYNTHESIS_FILESET","VIVADO_DEFAULT_NON_2008_COMPATIBLE_OR_STRUCTURAL_LINE","VIVADO_DEFAULT_NON_2008_COMPATIBLE_BY_EXACT_CONTEXT_AUDIT","NO_REWRITE","           r1f_last_record(151 downto 148) = x""6"""
"tests/nvp/tb_nvp_autoinit.vhd","ADDED","","614","04CEBDA1D9B3179E3DBB8A1D99A5430075FCFA296C7428F0E89E576E07BA0D46","TESTBENCH_NOT_IN_PRODUCTION_SYNTHESIS_FILESET","VIVADO_DEFAULT_NON_2008_COMPATIBLE_OR_STRUCTURAL_LINE","VIVADO_DEFAULT_NON_2008_COMPATIBLE_BY_EXACT_CONTEXT_AUDIT","NO_REWRITE","      report ""operation-86-like bank-verify transport record mismatch"""
"tests/nvp/tb_nvp_autoinit.vhd","ADDED","","615","897DAAD97C152100747EEE6D78C60CA7DD904EA656CB48170C4054D908727382","TESTBENCH_NOT_IN_PRODUCTION_SYNTHESIS_FILESET","VIVADO_DEFAULT_NON_2008_COMPATIBLE_OR_STRUCTURAL_LINE","VIVADO_DEFAULT_NON_2008_COMPATIBLE_BY_EXACT_CONTEXT_AUDIT","NO_REWRITE","      severity failure;"
"tests/nvp/tb_nvp_autoinit.vhd","ADDED","","616","4321783A5CDD67F8484E7E030609C8D736BA7CBF2A113970F565DC9E9EC55409","TESTBENCH_NOT_IN_PRODUCTION_SYNTHESIS_FILESET","VIVADO_DEFAULT_NON_2008_COMPATIBLE_OR_STRUCTURAL_LINE","VIVADO_DEFAULT_NON_2008_COMPATIBLE_BY_EXACT_CONTEXT_AUDIT","NO_REWRITE","    report ""PASS one isolated RADDR NACK"" severity note;"
"tests/nvp/tb_nvp_autoinit.vhd","ADDED","","617","E07952160000ECD816DDE88EC8C7E62ECC12046F66037A5C3CF5FAA5859E8E8D","TESTBENCH_NOT_IN_PRODUCTION_SYNTHESIS_FILESET","VIVADO_DEFAULT_NON_2008_COMPATIBLE_OR_STRUCTURAL_LINE","VIVADO_DEFAULT_NON_2008_COMPATIBLE_BY_EXACT_CONTEXT_AUDIT","NO_REWRITE","    report ""PASS operation-86-like transitional bank context"" severity note;"
"tests/nvp/tb_nvp_autoinit.vhd","ADDED","","618","E3B0C44298FC1C149AFBF4C8996FB92427AE41E4649B934CA495991B7852B855","TESTBENCH_NOT_IN_PRODUCTION_SYNTHESIS_FILESET","COMMENT_OR_BLANK","NOT_EXECUTABLE_LANGUAGE_CONSTRUCT","NO_REWRITE",""
"tests/nvp/tb_nvp_autoinit.vhd","ADDED","","619","90DE57A8B98FF4D78D9C479E2E1D14D637DF2C8351D0932F20CCFD17B17397AF","TESTBENCH_NOT_IN_PRODUCTION_SYNTHESIS_FILESET","COMMENT_OR_BLANK","NOT_EXECUTABLE_LANGUAGE_CONSTRUCT","NO_REWRITE","    -- Exact historical event-count patterns remain below the 64-entry R1f"
"tests/nvp/tb_nvp_autoinit.vhd","ADDED","","620","541AA1353CFDDB9E83319E838A65A0E305E7CCA8998C1A2F1B424D889B33D97B","TESTBENCH_NOT_IN_PRODUCTION_SYNTHESIS_FILESET","COMMENT_OR_BLANK","NOT_EXECUTABLE_LANGUAGE_CONSTRUCT","NO_REWRITE","    -- capacity while forcing the preserved legacy first-eight log to overflow."
"tests/nvp/tb_nvp_autoinit.vhd","ADDED","","621","4ED9FCF1CC2FB9CBC46F388CA32BAFE04A647ECF48C316C8058BC55484F2DA9E","TESTBENCH_NOT_IN_PRODUCTION_SYNTHESIS_FILESET","VIVADO_DEFAULT_NON_2008_COMPATIBLE_OR_STRUCTURAL_LINE","VIVADO_DEFAULT_NON_2008_COMPATIBLE_BY_EXACT_CONTEXT_AUDIT","NO_REWRITE","    begin_run(13); await_done;"
"tests/nvp/tb_nvp_autoinit.vhd","ADDED","","622","69C550B391A8CFD5A2CDB2E401062699E380ECC555AF420CD597BD544B1AC3ED","TESTBENCH_NOT_IN_PRODUCTION_SYNTHESIS_FILESET","VIVADO_DEFAULT_NON_2008_COMPATIBLE_OR_STRUCTURAL_LINE","VIVADO_DEFAULT_NON_2008_COMPATIBLE_BY_EXACT_CONTEXT_AUDIT","NO_REWRITE","    assert_r1f_common;"
"tests/nvp/tb_nvp_autoinit.vhd","ADDED","","623","56BD065E6C67FF26870ABB7C7B99F31992D04C6354CA67920CA04F64EE1A6AF5","TESTBENCH_NOT_IN_PRODUCTION_SYNTHESIS_FILESET","VIVADO_DEFAULT_NON_2008_COMPATIBLE_OR_STRUCTURAL_LINE","VIVADO_DEFAULT_NON_2008_COMPATIBLE_BY_EXACT_CONTEXT_AUDIT","NO_REWRITE","    report ""R1f mode13 injected="" & integer'image(pattern_nacks_injected) &"
"tests/nvp/tb_nvp_autoinit.vhd","ADDED","","624","640C4B2712FC9872CFE105794AD08BEC0E62B5F59F25BFB7CF7E70FE750C77B5","TESTBENCH_NOT_IN_PRODUCTION_SYNTHESIS_FILESET","VIVADO_DEFAULT_NON_2008_COMPATIBLE_OR_STRUCTURAL_LINE","VIVADO_DEFAULT_NON_2008_COMPATIBLE_BY_EXACT_CONTEXT_AUDIT","NO_REWRITE","           "" nack_count="" & integer'image(to_integer(unsigned(nack_count))) &"
"tests/nvp/tb_nvp_autoinit.vhd","ADDED","","625","7386B57726F138B5C3712F7F81C8937A5CAB0507B585DAC8034D4278518B4520","TESTBENCH_NOT_IN_PRODUCTION_SYNTHESIS_FILESET","VIVADO_DEFAULT_NON_2008_COMPATIBLE_OR_STRUCTURAL_LINE","VIVADO_DEFAULT_NON_2008_COMPATIBLE_BY_EXACT_CONTEXT_AUDIT","NO_REWRITE","           "" records="" & integer'image(r1f_record_pulse_count) severity note;"
"tests/nvp/tb_nvp_autoinit.vhd","ADDED","","626","9B59244A0EA69E547B58752A9D54A9183B3EA2E22725112321E8AF0828824747","TESTBENCH_NOT_IN_PRODUCTION_SYNTHESIS_FILESET","VIVADO_DEFAULT_NON_2008_COMPATIBLE_OR_STRUCTURAL_LINE","VIVADO_DEFAULT_NON_2008_COMPATIBLE_BY_EXACT_CONTEXT_AUDIT","NO_REWRITE","    assert pattern_nacks_injected = 13 and unsigned(nack_count) = 13 and"
"tests/nvp/tb_nvp_autoinit.vhd","ADDED","","627","E56D691A5050BCC35C5A0BD768671AC5C3442969AEFC6CEDEDCE8DD9D4952F3A","TESTBENCH_NOT_IN_PRODUCTION_SYNTHESIS_FILESET","VIVADO_DEFAULT_NON_2008_COMPATIBLE_OR_STRUCTURAL_LINE","VIVADO_DEFAULT_NON_2008_COMPATIBLE_BY_EXACT_CONTEXT_AUDIT","NO_REWRITE","           r1f_record_pulse_count = 13"
"tests/nvp/tb_nvp_autoinit.vhd","ADDED","","628","AEFDC004F1DB7C302840857CC293D467411894C461FAF785E0762E0E24F7C777","TESTBENCH_NOT_IN_PRODUCTION_SYNTHESIS_FILESET","VIVADO_DEFAULT_NON_2008_COMPATIBLE_OR_STRUCTURAL_LINE","VIVADO_DEFAULT_NON_2008_COMPATIBLE_BY_EXACT_CONTEXT_AUDIT","NO_REWRITE","      report ""13-event historical pattern mismatch"" severity failure;"
"tests/nvp/tb_nvp_autoinit.vhd","ADDED","","629","34146987210E68E5BDFB96AD89C2C3A266154ECD17922198237B5A480C74751C","TESTBENCH_NOT_IN_PRODUCTION_SYNTHESIS_FILESET","VIVADO_DEFAULT_NON_2008_COMPATIBLE_OR_STRUCTURAL_LINE","VIVADO_DEFAULT_NON_2008_COMPATIBLE_BY_EXACT_CONTEXT_AUDIT","NO_REWRITE","    assert_first8_single_waddr_reconciliation;"
"tests/nvp/tb_nvp_autoinit.vhd","ADDED","","630","7470EFC4F358800AB146AE72DB5D8C66C6D35127A70FF1FD6B820A98AD5AA0B4","TESTBENCH_NOT_IN_PRODUCTION_SYNTHESIS_FILESET","VIVADO_DEFAULT_NON_2008_COMPATIBLE_OR_STRUCTURAL_LINE","VIVADO_DEFAULT_NON_2008_COMPATIBLE_BY_EXACT_CONTEXT_AUDIT","NO_REWRITE","    report ""PASS exact 13-event historical pattern"" severity note;"
"tests/nvp/tb_nvp_autoinit.vhd","ADDED","","631","E3B0C44298FC1C149AFBF4C8996FB92427AE41E4649B934CA495991B7852B855","TESTBENCH_NOT_IN_PRODUCTION_SYNTHESIS_FILESET","COMMENT_OR_BLANK","NOT_EXECUTABLE_LANGUAGE_CONSTRUCT","NO_REWRITE",""
"tests/nvp/tb_nvp_autoinit.vhd","ADDED","","632","58F541A0D399459A67C9993A416C47269112543124FC785482AF0DDF94B84590","TESTBENCH_NOT_IN_PRODUCTION_SYNTHESIS_FILESET","VIVADO_DEFAULT_NON_2008_COMPATIBLE_OR_STRUCTURAL_LINE","VIVADO_DEFAULT_NON_2008_COMPATIBLE_BY_EXACT_CONTEXT_AUDIT","NO_REWRITE","    begin_run(14); await_done;"
"tests/nvp/tb_nvp_autoinit.vhd","ADDED","","633","69C550B391A8CFD5A2CDB2E401062699E380ECC555AF420CD597BD544B1AC3ED","TESTBENCH_NOT_IN_PRODUCTION_SYNTHESIS_FILESET","VIVADO_DEFAULT_NON_2008_COMPATIBLE_OR_STRUCTURAL_LINE","VIVADO_DEFAULT_NON_2008_COMPATIBLE_BY_EXACT_CONTEXT_AUDIT","NO_REWRITE","    assert_r1f_common;"
"tests/nvp/tb_nvp_autoinit.vhd","ADDED","","634","AE0667F203BFD41418ACBC373C3E3503467B0A5ADA5B4DE67AF8564F7BB42A0A","TESTBENCH_NOT_IN_PRODUCTION_SYNTHESIS_FILESET","VIVADO_DEFAULT_NON_2008_COMPATIBLE_OR_STRUCTURAL_LINE","VIVADO_DEFAULT_NON_2008_COMPATIBLE_BY_EXACT_CONTEXT_AUDIT","NO_REWRITE","    report ""R1f mode14 injected="" & integer'image(pattern_nacks_injected) &"
"tests/nvp/tb_nvp_autoinit.vhd","ADDED","","635","640C4B2712FC9872CFE105794AD08BEC0E62B5F59F25BFB7CF7E70FE750C77B5","TESTBENCH_NOT_IN_PRODUCTION_SYNTHESIS_FILESET","VIVADO_DEFAULT_NON_2008_COMPATIBLE_OR_STRUCTURAL_LINE","VIVADO_DEFAULT_NON_2008_COMPATIBLE_BY_EXACT_CONTEXT_AUDIT","NO_REWRITE","           "" nack_count="" & integer'image(to_integer(unsigned(nack_count))) &"
"tests/nvp/tb_nvp_autoinit.vhd","ADDED","","636","7386B57726F138B5C3712F7F81C8937A5CAB0507B585DAC8034D4278518B4520","TESTBENCH_NOT_IN_PRODUCTION_SYNTHESIS_FILESET","VIVADO_DEFAULT_NON_2008_COMPATIBLE_OR_STRUCTURAL_LINE","VIVADO_DEFAULT_NON_2008_COMPATIBLE_BY_EXACT_CONTEXT_AUDIT","NO_REWRITE","           "" records="" & integer'image(r1f_record_pulse_count) severity note;"
"tests/nvp/tb_nvp_autoinit.vhd","ADDED","","637","FFF8DCFD0831E56E253A2AAFBF6B293837AC4B35C43BBB2D73BD0D3A425C0499","TESTBENCH_NOT_IN_PRODUCTION_SYNTHESIS_FILESET","VIVADO_DEFAULT_NON_2008_COMPATIBLE_OR_STRUCTURAL_LINE","VIVADO_DEFAULT_NON_2008_COMPATIBLE_BY_EXACT_CONTEXT_AUDIT","NO_REWRITE","    assert pattern_nacks_injected = 15 and unsigned(nack_count) = 15 and"
"tests/nvp/tb_nvp_autoinit.vhd","ADDED","","638","319BE2E1DB756C72AE066344FBC98BE9785F7084E80EEFE4B5893B511B303DB6","TESTBENCH_NOT_IN_PRODUCTION_SYNTHESIS_FILESET","VIVADO_DEFAULT_NON_2008_COMPATIBLE_OR_STRUCTURAL_LINE","VIVADO_DEFAULT_NON_2008_COMPATIBLE_BY_EXACT_CONTEXT_AUDIT","NO_REWRITE","           r1f_record_pulse_count = 15"
"tests/nvp/tb_nvp_autoinit.vhd","ADDED","","639","953CAB4C3DC94C34A897A7A116775319EDA462B1DF46B25D8A7122BB6A662AF6","TESTBENCH_NOT_IN_PRODUCTION_SYNTHESIS_FILESET","VIVADO_DEFAULT_NON_2008_COMPATIBLE_OR_STRUCTURAL_LINE","VIVADO_DEFAULT_NON_2008_COMPATIBLE_BY_EXACT_CONTEXT_AUDIT","NO_REWRITE","      report ""15-event historical pattern mismatch"" severity failure;"
"tests/nvp/tb_nvp_autoinit.vhd","ADDED","","640","34146987210E68E5BDFB96AD89C2C3A266154ECD17922198237B5A480C74751C","TESTBENCH_NOT_IN_PRODUCTION_SYNTHESIS_FILESET","VIVADO_DEFAULT_NON_2008_COMPATIBLE_OR_STRUCTURAL_LINE","VIVADO_DEFAULT_NON_2008_COMPATIBLE_BY_EXACT_CONTEXT_AUDIT","NO_REWRITE","    assert_first8_single_waddr_reconciliation;"
"tests/nvp/tb_nvp_autoinit.vhd","ADDED","","641","2D01DA06E4E8A7C40849F67616121BE3B516512F6621733BEFD26C0960CD9B69","TESTBENCH_NOT_IN_PRODUCTION_SYNTHESIS_FILESET","VIVADO_DEFAULT_NON_2008_COMPATIBLE_OR_STRUCTURAL_LINE","VIVADO_DEFAULT_NON_2008_COMPATIBLE_BY_EXACT_CONTEXT_AUDIT","NO_REWRITE","    report ""PASS exact 15-event historical pattern"" severity note;"
"tests/nvp/tb_nvp_autoinit.vhd","ADDED","","642","E3B0C44298FC1C149AFBF4C8996FB92427AE41E4649B934CA495991B7852B855","TESTBENCH_NOT_IN_PRODUCTION_SYNTHESIS_FILESET","COMMENT_OR_BLANK","NOT_EXECUTABLE_LANGUAGE_CONSTRUCT","NO_REWRITE",""
"tests/nvp/tb_nvp_autoinit.vhd","ADDED","","643","5D9F9F1E4B3EF89931C3A6AB7342E5F25E9D968BD27CA997471842547C13CFE9","TESTBENCH_NOT_IN_PRODUCTION_SYNTHESIS_FILESET","VIVADO_DEFAULT_NON_2008_COMPATIBLE_OR_STRUCTURAL_LINE","VIVADO_DEFAULT_NON_2008_COMPATIBLE_BY_EXACT_CONTEXT_AUDIT","NO_REWRITE","    begin_run(15); await_done;"
"tests/nvp/tb_nvp_autoinit.vhd","ADDED","","644","69C550B391A8CFD5A2CDB2E401062699E380ECC555AF420CD597BD544B1AC3ED","TESTBENCH_NOT_IN_PRODUCTION_SYNTHESIS_FILESET","VIVADO_DEFAULT_NON_2008_COMPATIBLE_OR_STRUCTURAL_LINE","VIVADO_DEFAULT_NON_2008_COMPATIBLE_BY_EXACT_CONTEXT_AUDIT","NO_REWRITE","    assert_r1f_common;"
"tests/nvp/tb_nvp_autoinit.vhd","ADDED","","645","78B1E8551DBC49400A126429815CEBEA9DF056B64989BC9C4A21795ACDDDE05C","TESTBENCH_NOT_IN_PRODUCTION_SYNTHESIS_FILESET","VIVADO_DEFAULT_NON_2008_COMPATIBLE_OR_STRUCTURAL_LINE","VIVADO_DEFAULT_NON_2008_COMPATIBLE_BY_EXACT_CONTEXT_AUDIT","NO_REWRITE","    report ""R1f mode15 injected="" & integer'image(pattern_nacks_injected) &"
"tests/nvp/tb_nvp_autoinit.vhd","ADDED","","646","640C4B2712FC9872CFE105794AD08BEC0E62B5F59F25BFB7CF7E70FE750C77B5","TESTBENCH_NOT_IN_PRODUCTION_SYNTHESIS_FILESET","VIVADO_DEFAULT_NON_2008_COMPATIBLE_OR_STRUCTURAL_LINE","VIVADO_DEFAULT_NON_2008_COMPATIBLE_BY_EXACT_CONTEXT_AUDIT","NO_REWRITE","           "" nack_count="" & integer'image(to_integer(unsigned(nack_count))) &"
"tests/nvp/tb_nvp_autoinit.vhd","ADDED","","647","7386B57726F138B5C3712F7F81C8937A5CAB0507B585DAC8034D4278518B4520","TESTBENCH_NOT_IN_PRODUCTION_SYNTHESIS_FILESET","VIVADO_DEFAULT_NON_2008_COMPATIBLE_OR_STRUCTURAL_LINE","VIVADO_DEFAULT_NON_2008_COMPATIBLE_BY_EXACT_CONTEXT_AUDIT","NO_REWRITE","           "" records="" & integer'image(r1f_record_pulse_count) severity note;"
"tests/nvp/tb_nvp_autoinit.vhd","ADDED","","648","006F17470B953B76CC957A3A366B40703E364961B7C4B84D7D22ACDC1E681879","TESTBENCH_NOT_IN_PRODUCTION_SYNTHESIS_FILESET","VIVADO_DEFAULT_NON_2008_COMPATIBLE_OR_STRUCTURAL_LINE","VIVADO_DEFAULT_NON_2008_COMPATIBLE_BY_EXACT_CONTEXT_AUDIT","NO_REWRITE","    assert pattern_nacks_injected = 36 and unsigned(nack_count) = 36 and"
"tests/nvp/tb_nvp_autoinit.vhd","ADDED","","649","3B02315C20D4C72329D15F117E52E543F223F7BA2CE5E702EC2E6A4DC6FEED4C","TESTBENCH_NOT_IN_PRODUCTION_SYNTHESIS_FILESET","VIVADO_DEFAULT_NON_2008_COMPATIBLE_OR_STRUCTURAL_LINE","VIVADO_DEFAULT_NON_2008_COMPATIBLE_BY_EXACT_CONTEXT_AUDIT","NO_REWRITE","           r1f_record_pulse_count = 36"
"tests/nvp/tb_nvp_autoinit.vhd","ADDED","","650","BF159CAF7AE3065D1DF8FD53F075D146BC47A170266F436060F2104049FB405B","TESTBENCH_NOT_IN_PRODUCTION_SYNTHESIS_FILESET","VIVADO_DEFAULT_NON_2008_COMPATIBLE_OR_STRUCTURAL_LINE","VIVADO_DEFAULT_NON_2008_COMPATIBLE_BY_EXACT_CONTEXT_AUDIT","NO_REWRITE","      report ""36-event historical pattern mismatch"" severity failure;"
"tests/nvp/tb_nvp_autoinit.vhd","ADDED","","651","34146987210E68E5BDFB96AD89C2C3A266154ECD17922198237B5A480C74751C","TESTBENCH_NOT_IN_PRODUCTION_SYNTHESIS_FILESET","VIVADO_DEFAULT_NON_2008_COMPATIBLE_OR_STRUCTURAL_LINE","VIVADO_DEFAULT_NON_2008_COMPATIBLE_BY_EXACT_CONTEXT_AUDIT","NO_REWRITE","    assert_first8_single_waddr_reconciliation;"
"tests/nvp/tb_nvp_autoinit.vhd","ADDED","","652","43334BFCC681F59A942B4064828195E4F260089A2D4C5D85331CB55802B3196C","TESTBENCH_NOT_IN_PRODUCTION_SYNTHESIS_FILESET","VIVADO_DEFAULT_NON_2008_COMPATIBLE_OR_STRUCTURAL_LINE","VIVADO_DEFAULT_NON_2008_COMPATIBLE_BY_EXACT_CONTEXT_AUDIT","NO_REWRITE","    report ""PASS exact 36-event historical pattern"" severity note;"
"tests/nvp/tb_nvp_autoinit.vhd","ADDED","","653","E3B0C44298FC1C149AFBF4C8996FB92427AE41E4649B934CA495991B7852B855","TESTBENCH_NOT_IN_PRODUCTION_SYNTHESIS_FILESET","COMMENT_OR_BLANK","NOT_EXECUTABLE_LANGUAGE_CONSTRUCT","NO_REWRITE",""
"tests/nvp/tb_nvp_autoinit.vhd","ADDED","","660","69C550B391A8CFD5A2CDB2E401062699E380ECC555AF420CD597BD544B1AC3ED","TESTBENCH_NOT_IN_PRODUCTION_SYNTHESIS_FILESET","VIVADO_DEFAULT_NON_2008_COMPATIBLE_OR_STRUCTURAL_LINE","VIVADO_DEFAULT_NON_2008_COMPATIBLE_BY_EXACT_CONTEXT_AUDIT","NO_REWRITE","    assert_r1f_common;"
"tests/nvp/tb_nvp_d2b_sequence.vhd","DELETED","113","","8C487B5DF67A3CC0F5442ABFA22ED9A31BFC0CEA742B40DF69DD5C6C9E149D1A","TESTBENCH_NOT_IN_PRODUCTION_SYNTHESIS_FILESET","REMOVED_R1E_LINE","NOT_APPLICABLE_REMOVED_LINE","PRESERVE_DIFF_HISTORY","      timeout_count_dbg=>timeout_count, i2c_fsm_dbg=>i2c_state"
"tests/nvp/tb_nvp_d2b_sequence.vhd","ADDED","","113","76F547B9A1CAD342B9F275B5B321EE6459E04E8F2D13CA344A9DD2A866AB46A2","TESTBENCH_NOT_IN_PRODUCTION_SYNTHESIS_FILESET","VIVADO_DEFAULT_NON_2008_COMPATIBLE_OR_STRUCTURAL_LINE","VIVADO_DEFAULT_NON_2008_COMPATIBLE_BY_EXACT_CONTEXT_AUDIT","NO_REWRITE","      timeout_count_dbg=>timeout_count, i2c_fsm_dbg=>i2c_state,"
"tests/nvp/tb_nvp_d2b_sequence.vhd","ADDED","","114","A048958C08C759E9E2E974E262B51DA9CB8EAECF81ADB20F697791FCC53CF791","TESTBENCH_NOT_IN_PRODUCTION_SYNTHESIS_FILESET","VIVADO_DEFAULT_NON_2008_COMPATIBLE_OR_STRUCTURAL_LINE","VIVADO_DEFAULT_NON_2008_COMPATIBLE_BY_EXACT_CONTEXT_AUDIT","NO_REWRITE","      r1f_phase_counters_dbg=>open,r1f_transaction_counters_dbg=>open,"
"tests/nvp/tb_nvp_d2b_sequence.vhd","ADDED","","115","827AB9B708D323C81F6DE5FF17310F953BA07C33A26D7456599A376B39E4A3A6","TESTBENCH_NOT_IN_PRODUCTION_SYNTHESIS_FILESET","VIVADO_DEFAULT_NON_2008_COMPATIBLE_OR_STRUCTURAL_LINE","VIVADO_DEFAULT_NON_2008_COMPATIBLE_BY_EXACT_CONTEXT_AUDIT","NO_REWRITE","      r1f_transaction_serial_next_dbg=>open,"
"tests/nvp/tb_nvp_d2b_sequence.vhd","ADDED","","116","C9BAB6A7D9EB8D28352A7AC27AE73C9D2B91AC863AE3502E3AB9AB3AAF27F2B8","TESTBENCH_NOT_IN_PRODUCTION_SYNTHESIS_FILESET","VIVADO_DEFAULT_NON_2008_COMPATIBLE_OR_STRUCTURAL_LINE","VIVADO_DEFAULT_NON_2008_COMPATIBLE_BY_EXACT_CONTEXT_AUDIT","NO_REWRITE","      r1f_transaction_serial_overflow_dbg=>open,"
"tests/nvp/tb_nvp_d2b_sequence.vhd","ADDED","","117","2888496EDE41070F635F41DED719FADBCA383E33B144234D87368C03AB1B974B","TESTBENCH_NOT_IN_PRODUCTION_SYNTHESIS_FILESET","VIVADO_DEFAULT_NON_2008_COMPATIBLE_OR_STRUCTURAL_LINE","VIVADO_DEFAULT_NON_2008_COMPATIBLE_BY_EXACT_CONTEXT_AUDIT","NO_REWRITE","      r1f_failed_txn_record_valid_dbg=>open,r1f_failed_txn_record_dbg=>open,"
"tests/nvp/tb_nvp_d2b_sequence.vhd","ADDED","","118","F37BCD8EA8E2DA66A82A2F596DA0F6BA8E6E326391908FBC469DC04C39E4BFBB","TESTBENCH_NOT_IN_PRODUCTION_SYNTHESIS_FILESET","VIVADO_DEFAULT_NON_2008_COMPATIBLE_OR_STRUCTURAL_LINE","VIVADO_DEFAULT_NON_2008_COMPATIBLE_BY_EXACT_CONTEXT_AUDIT","NO_REWRITE","      r1f_bank_invariant_check_count_dbg=>open,"
"tests/nvp/tb_nvp_d2b_sequence.vhd","ADDED","","119","E4C22EFC3BE2E1FCC41D58258766F686718F1A0F04B393183D1123B23BD52E1C","TESTBENCH_NOT_IN_PRODUCTION_SYNTHESIS_FILESET","VIVADO_DEFAULT_NON_2008_COMPATIBLE_OR_STRUCTURAL_LINE","VIVADO_DEFAULT_NON_2008_COMPATIBLE_BY_EXACT_CONTEXT_AUDIT","NO_REWRITE","      r1f_bank_invariant_error_count_dbg=>open,"
"tests/nvp/tb_nvp_d2b_sequence.vhd","ADDED","","120","C102E966A0526F7486566256E6BDE596DEC3DC5ED4DD5F1F15A4AD87951D8B39","TESTBENCH_NOT_IN_PRODUCTION_SYNTHESIS_FILESET","VIVADO_DEFAULT_NON_2008_COMPATIBLE_OR_STRUCTURAL_LINE","VIVADO_DEFAULT_NON_2008_COMPATIBLE_BY_EXACT_CONTEXT_AUDIT","NO_REWRITE","      r1f_first_bank_invariant_error_dbg=>open"
"tests/nvp/tb_power_timing.vhd","DELETED","19","","C5DACA68535C8A09A740FB77A9EE58A1CA3E1D88C6AFE9218F2977D680AF5F6C","TESTBENCH_NOT_IN_PRODUCTION_SYNTHESIS_FILESET","REMOVED_R1E_LINE","NOT_APPLICABLE_REMOVED_LINE","PRESERVE_DIFF_HISTORY","      init_error=>err,diag_detail=>detail);"
"tests/nvp/tb_power_timing.vhd","ADDED","","19","AD4327955C2816ED677D31730EF4A3686118D2869BC181E94D9C68C0D3B4D5FE","TESTBENCH_NOT_IN_PRODUCTION_SYNTHESIS_FILESET","VIVADO_DEFAULT_NON_2008_COMPATIBLE_OR_STRUCTURAL_LINE","VIVADO_DEFAULT_NON_2008_COMPATIBLE_BY_EXACT_CONTEXT_AUDIT","NO_REWRITE","      init_error=>err,diag_detail=>detail,"
"tests/nvp/tb_power_timing.vhd","ADDED","","20","A5B6FCD7A5DC0F2C986C36C9D04314D49F90F6490BC7D33834D16ACA92615BD0","TESTBENCH_NOT_IN_PRODUCTION_SYNTHESIS_FILESET","VIVADO_DEFAULT_NON_2008_COMPATIBLE_OR_STRUCTURAL_LINE","VIVADO_DEFAULT_NON_2008_COMPATIBLE_BY_EXACT_CONTEXT_AUDIT","NO_REWRITE","      r1f_phase_counters=>open,r1f_transaction_counters=>open,"
"tests/nvp/tb_power_timing.vhd","ADDED","","21","83AFFA7C012441129CEBA8CCDA379212A4443843D724DB9A436B8391CE703A27","TESTBENCH_NOT_IN_PRODUCTION_SYNTHESIS_FILESET","VIVADO_DEFAULT_NON_2008_COMPATIBLE_OR_STRUCTURAL_LINE","VIVADO_DEFAULT_NON_2008_COMPATIBLE_BY_EXACT_CONTEXT_AUDIT","NO_REWRITE","      r1f_transaction_serial_next=>open,"
"tests/nvp/tb_power_timing.vhd","ADDED","","22","5BEC0037BFFCD9EB54B0DBB02B96D4737CABE2AD3EA56C3B29C56A07B39E9567","TESTBENCH_NOT_IN_PRODUCTION_SYNTHESIS_FILESET","VIVADO_DEFAULT_NON_2008_COMPATIBLE_OR_STRUCTURAL_LINE","VIVADO_DEFAULT_NON_2008_COMPATIBLE_BY_EXACT_CONTEXT_AUDIT","NO_REWRITE","      r1f_transaction_serial_overflow=>open,"
"tests/nvp/tb_power_timing.vhd","ADDED","","23","A11034229C89DFB74E00D247DA6560073B5F54AD68655A6EECE752577FE66FD1","TESTBENCH_NOT_IN_PRODUCTION_SYNTHESIS_FILESET","VIVADO_DEFAULT_NON_2008_COMPATIBLE_OR_STRUCTURAL_LINE","VIVADO_DEFAULT_NON_2008_COMPATIBLE_BY_EXACT_CONTEXT_AUDIT","NO_REWRITE","      r1f_failed_txn_record_valid=>open,r1f_failed_txn_record=>open,"
"tests/nvp/tb_power_timing.vhd","ADDED","","24","0DE197F6BC938EB78EEF6793B2E6BE535C0E72ABFE81A8D5C139158A4F7FD4F2","TESTBENCH_NOT_IN_PRODUCTION_SYNTHESIS_FILESET","VIVADO_DEFAULT_NON_2008_COMPATIBLE_OR_STRUCTURAL_LINE","VIVADO_DEFAULT_NON_2008_COMPATIBLE_BY_EXACT_CONTEXT_AUDIT","NO_REWRITE","      r1f_bank_invariant_check_count=>open,"
"tests/nvp/tb_power_timing.vhd","ADDED","","25","68C977452CEB102BFF7C188E536AC557F49351FD1CA0A297856178380872A8E1","TESTBENCH_NOT_IN_PRODUCTION_SYNTHESIS_FILESET","VIVADO_DEFAULT_NON_2008_COMPATIBLE_OR_STRUCTURAL_LINE","VIVADO_DEFAULT_NON_2008_COMPATIBLE_BY_EXACT_CONTEXT_AUDIT","NO_REWRITE","      r1f_bank_invariant_error_count=>open,"
"tests/nvp/tb_power_timing.vhd","ADDED","","26","D22D1CA5A6886982651981FEF2E3906497D7EFAD326657836B11F36DC52674E1","TESTBENCH_NOT_IN_PRODUCTION_SYNTHESIS_FILESET","VIVADO_DEFAULT_NON_2008_COMPATIBLE_OR_STRUCTURAL_LINE","VIVADO_DEFAULT_NON_2008_COMPATIBLE_BY_EXACT_CONTEXT_AUDIT","NO_REWRITE","      r1f_first_bank_invariant_error=>open);"
"tests/v41/tb_r1f_preinit_equivalence.vhd","ADDED","","1","9DF6130334A02061EE987944BA80207AC0DDA075CDDD836BCB732A3C92D05EA0","TESTBENCH_NOT_IN_PRODUCTION_SYNTHESIS_FILESET","VIVADO_DEFAULT_NON_2008_COMPATIBLE_OR_STRUCTURAL_LINE","VIVADO_DEFAULT_NON_2008_COMPATIBLE_BY_EXACT_CONTEXT_AUDIT","NO_REWRITE","library ieee;"
"tests/v41/tb_r1f_preinit_equivalence.vhd","ADDED","","2","8EEF43A910ABB01BBA3DCEA720CDB84E3A1517E6DF2CF697940FC5741AEFD409","TESTBENCH_NOT_IN_PRODUCTION_SYNTHESIS_FILESET","VIVADO_DEFAULT_NON_2008_COMPATIBLE_OR_STRUCTURAL_LINE","VIVADO_DEFAULT_NON_2008_COMPATIBLE_BY_EXACT_CONTEXT_AUDIT","NO_REWRITE","use ieee.std_logic_1164.all;"
"tests/v41/tb_r1f_preinit_equivalence.vhd","ADDED","","3","6FD8DB575B560F8F696DE1D9DC8BFEC2F4EBDF971089859BA2C39369035D841A","TESTBENCH_NOT_IN_PRODUCTION_SYNTHESIS_FILESET","VIVADO_DEFAULT_NON_2008_COMPATIBLE_OR_STRUCTURAL_LINE","VIVADO_DEFAULT_NON_2008_COMPATIBLE_BY_EXACT_CONTEXT_AUDIT","NO_REWRITE","use ieee.numeric_std.all;"
"tests/v41/tb_r1f_preinit_equivalence.vhd","ADDED","","4","3CB8B4CAAF046993A495FBB52943CC5DA87B081B61856E8407CE82590211CD0C","TESTBENCH_NOT_IN_PRODUCTION_SYNTHESIS_FILESET","STD_ENV_CONTEXT_CLAUSE","VHDL2008_ONLY_TESTBENCH_HARNESS","NOT_PRODUCTION_REWRITE_REFERENCE_SIMULATION_MODE","use std.env.all;"
"tests/v41/tb_r1f_preinit_equivalence.vhd","ADDED","","5","E3B0C44298FC1C149AFBF4C8996FB92427AE41E4649B934CA495991B7852B855","TESTBENCH_NOT_IN_PRODUCTION_SYNTHESIS_FILESET","COMMENT_OR_BLANK","NOT_EXECUTABLE_LANGUAGE_CONSTRUCT","NO_REWRITE",""
"tests/v41/tb_r1f_preinit_equivalence.vhd","ADDED","","6","C0C6A743D32399610750CB57ACE7631FC97AE884DFBFA581966153A0881171B3","TESTBENCH_NOT_IN_PRODUCTION_SYNTHESIS_FILESET","VIVADO_DEFAULT_NON_2008_COMPATIBLE_OR_STRUCTURAL_LINE","VIVADO_DEFAULT_NON_2008_COMPATIBLE_BY_EXACT_CONTEXT_AUDIT","NO_REWRITE","library r1e_ref;"
"tests/v41/tb_r1f_preinit_equivalence.vhd","ADDED","","7","E3B0C44298FC1C149AFBF4C8996FB92427AE41E4649B934CA495991B7852B855","TESTBENCH_NOT_IN_PRODUCTION_SYNTHESIS_FILESET","COMMENT_OR_BLANK","NOT_EXECUTABLE_LANGUAGE_CONSTRUCT","NO_REWRITE",""
"tests/v41/tb_r1f_preinit_equivalence.vhd","ADDED","","8","BA54F7A3F891991FBBBF6C29E82690653220102F4BAB89C2A167EBCD7D0BF80D","TESTBENCH_NOT_IN_PRODUCTION_SYNTHESIS_FILESET","VIVADO_DEFAULT_NON_2008_COMPATIBLE_OR_STRUCTURAL_LINE","VIVADO_DEFAULT_NON_2008_COMPATIBLE_BY_EXACT_CONTEXT_AUDIT","NO_REWRITE","entity tb_r1f_preinit_equivalence is"
"tests/v41/tb_r1f_preinit_equivalence.vhd","ADDED","","9","3B1D9C6C51F368D7D8A2953680D6E6D141DFCEAAF1AABE39CDB6A5A811DEC6A6","TESTBENCH_NOT_IN_PRODUCTION_SYNTHESIS_FILESET","VIVADO_DEFAULT_NON_2008_COMPATIBLE_OR_STRUCTURAL_LINE","VIVADO_DEFAULT_NON_2008_COMPATIBLE_BY_EXACT_CONTEXT_AUDIT","NO_REWRITE","end entity;"
"tests/v41/tb_r1f_preinit_equivalence.vhd","ADDED","","10","E3B0C44298FC1C149AFBF4C8996FB92427AE41E4649B934CA495991B7852B855","TESTBENCH_NOT_IN_PRODUCTION_SYNTHESIS_FILESET","COMMENT_OR_BLANK","NOT_EXECUTABLE_LANGUAGE_CONSTRUCT","NO_REWRITE",""
"tests/v41/tb_r1f_preinit_equivalence.vhd","ADDED","","11","A06B14501823F745F119DAB7779358209E3D84006EBEC5A99A15A26E4800B495","TESTBENCH_NOT_IN_PRODUCTION_SYNTHESIS_FILESET","VIVADO_DEFAULT_NON_2008_COMPATIBLE_OR_STRUCTURAL_LINE","VIVADO_DEFAULT_NON_2008_COMPATIBLE_BY_EXACT_CONTEXT_AUDIT","NO_REWRITE","architecture sim of tb_r1f_preinit_equivalence is"
"tests/v41/tb_r1f_preinit_equivalence.vhd","ADDED","","12","A6FC5FD657FB106684E1E7C3CBC14E0F8E55CFD078374C2BBD904515112AD7A6","TESTBENCH_NOT_IN_PRODUCTION_SYNTHESIS_FILESET","VIVADO_DEFAULT_NON_2008_COMPATIBLE_OR_STRUCTURAL_LINE","VIVADO_DEFAULT_NON_2008_COMPATIBLE_BY_EXACT_CONTEXT_AUDIT","NO_REWRITE","  constant C_CLK_HZ : positive := 62_500_000;"
"tests/v41/tb_r1f_preinit_equivalence.vhd","ADDED","","13","B27BA3591D3C13EBA97FCF0E9692631026C3B75565B229BF5957362095F3773D","TESTBENCH_NOT_IN_PRODUCTION_SYNTHESIS_FILESET","VIVADO_DEFAULT_NON_2008_COMPATIBLE_OR_STRUCTURAL_LINE","VIVADO_DEFAULT_NON_2008_COMPATIBLE_BY_EXACT_CONTEXT_AUDIT","NO_REWRITE","  constant C_I2C_HZ : positive := 25_000;"
"tests/v41/tb_r1f_preinit_equivalence.vhd","ADDED","","14","E3B0C44298FC1C149AFBF4C8996FB92427AE41E4649B934CA495991B7852B855","TESTBENCH_NOT_IN_PRODUCTION_SYNTHESIS_FILESET","COMMENT_OR_BLANK","NOT_EXECUTABLE_LANGUAGE_CONSTRUCT","NO_REWRITE",""
"tests/v41/tb_r1f_preinit_equivalence.vhd","ADDED","","15","655F8BAA79EEA613EFB0FC67A9891ADB14633A2B78DDDEB63AC5A8E7E5089A74","TESTBENCH_NOT_IN_PRODUCTION_SYNTHESIS_FILESET","VIVADO_DEFAULT_NON_2008_COMPATIBLE_OR_STRUCTURAL_LINE","VIVADO_DEFAULT_NON_2008_COMPATIBLE_BY_EXACT_CONTEXT_AUDIT","NO_REWRITE","  signal clk : std_logic := '0';"
"tests/v41/tb_r1f_preinit_equivalence.vhd","ADDED","","16","B5B2617D0DFD1C3C9DA0525624721B9423F2A113991C776EF93E7DA70CC3EB56","TESTBENCH_NOT_IN_PRODUCTION_SYNTHESIS_FILESET","VIVADO_DEFAULT_NON_2008_COMPATIBLE_OR_STRUCTURAL_LINE","VIVADO_DEFAULT_NON_2008_COMPATIBLE_BY_EXACT_CONTEXT_AUDIT","NO_REWRITE","  signal rst : std_logic := '1';"
"tests/v41/tb_r1f_preinit_equivalence.vhd","ADDED","","17","7617B8C8B6A22482B8444252A8730AB17057F877A7429C584191839DE8898DE5","TESTBENCH_NOT_IN_PRODUCTION_SYNTHESIS_FILESET","VIVADO_DEFAULT_NON_2008_COMPATIBLE_OR_STRUCTURAL_LINE","VIVADO_DEFAULT_NON_2008_COMPATIBLE_BY_EXACT_CONTEXT_AUDIT","NO_REWRITE","  signal common_scl_i : std_logic;"
"tests/v41/tb_r1f_preinit_equivalence.vhd","ADDED","","18","26485C350185B1D7B18DF57A4820C424C3B32712E1AA62825F3367B0C924E178","TESTBENCH_NOT_IN_PRODUCTION_SYNTHESIS_FILESET","VIVADO_DEFAULT_NON_2008_COMPATIBLE_OR_STRUCTURAL_LINE","VIVADO_DEFAULT_NON_2008_COMPATIBLE_BY_EXACT_CONTEXT_AUDIT","NO_REWRITE","  signal common_sda_i : std_logic;"
"tests/v41/tb_r1f_preinit_equivalence.vhd","ADDED","","19","E3B0C44298FC1C149AFBF4C8996FB92427AE41E4649B934CA495991B7852B855","TESTBENCH_NOT_IN_PRODUCTION_SYNTHESIS_FILESET","COMMENT_OR_BLANK","NOT_EXECUTABLE_LANGUAGE_CONSTRUCT","NO_REWRITE",""
"tests/v41/tb_r1f_preinit_equivalence.vhd","ADDED","","20","0CBD57FAE0F52661AD5A1F881CB7F50D0564B30F7805A5BA82E7D849C8CC8F06","TESTBENCH_NOT_IN_PRODUCTION_SYNTHESIS_FILESET","VIVADO_DEFAULT_NON_2008_COMPATIBLE_OR_STRUCTURAL_LINE","VIVADO_DEFAULT_NON_2008_COMPATIBLE_BY_EXACT_CONTEXT_AUDIT","NO_REWRITE","  signal ref_scl_oen, ref_sda_oen : std_logic;"
"tests/v41/tb_r1f_preinit_equivalence.vhd","ADDED","","21","6B2AFDC547BB560C4A2F9D1F5CFC23C09984E21F3588435A530F823A506F03CD","TESTBENCH_NOT_IN_PRODUCTION_SYNTHESIS_FILESET","VIVADO_DEFAULT_NON_2008_COMPATIBLE_OR_STRUCTURAL_LINE","VIVADO_DEFAULT_NON_2008_COMPATIBLE_BY_EXACT_CONTEXT_AUDIT","NO_REWRITE","  signal ref_nvp_rst, ref_en1x, ref_en3x : std_logic;"
"tests/v41/tb_r1f_preinit_equivalence.vhd","ADDED","","22","AAE9D6B5CC0C24DBA762D0B1657641E6B3689545AA1160A5FABCF23A71D3A65D","TESTBENCH_NOT_IN_PRODUCTION_SYNTHESIS_FILESET","VIVADO_DEFAULT_NON_2008_COMPATIBLE_OR_STRUCTURAL_LINE","VIVADO_DEFAULT_NON_2008_COMPATIBLE_BY_EXACT_CONTEXT_AUDIT","NO_REWRITE","  signal ref_busy, ref_done, ref_error : std_logic;"
"tests/v41/tb_r1f_preinit_equivalence.vhd","ADDED","","23","6ADF5D441A034BA28E8C987EDAB8059D41DBEFBF312FFAE37BBF054A0D0EF711","TESTBENCH_NOT_IN_PRODUCTION_SYNTHESIS_FILESET","VIVADO_DEFAULT_NON_2008_COMPATIBLE_OR_STRUCTURAL_LINE","VIVADO_DEFAULT_NON_2008_COMPATIBLE_BY_EXACT_CONTEXT_AUDIT","NO_REWRITE","  signal ref_diag : std_logic_vector(735 downto 0);"
"tests/v41/tb_r1f_preinit_equivalence.vhd","ADDED","","24","E3B0C44298FC1C149AFBF4C8996FB92427AE41E4649B934CA495991B7852B855","TESTBENCH_NOT_IN_PRODUCTION_SYNTHESIS_FILESET","COMMENT_OR_BLANK","NOT_EXECUTABLE_LANGUAGE_CONSTRUCT","NO_REWRITE",""
"tests/v41/tb_r1f_preinit_equivalence.vhd","ADDED","","25","13CE5F9EE0C4DA8E7D86369B0130C7972C69CD570124A035F60CE6CFF14881EB","TESTBENCH_NOT_IN_PRODUCTION_SYNTHESIS_FILESET","VIVADO_DEFAULT_NON_2008_COMPATIBLE_OR_STRUCTURAL_LINE","VIVADO_DEFAULT_NON_2008_COMPATIBLE_BY_EXACT_CONTEXT_AUDIT","NO_REWRITE","  signal cand_scl_oen, cand_sda_oen : std_logic;"
"tests/v41/tb_r1f_preinit_equivalence.vhd","ADDED","","26","5D0E3A846463B041A85F02345E15E80DE5177111FC27FDC74F79F50C173139E7","TESTBENCH_NOT_IN_PRODUCTION_SYNTHESIS_FILESET","VIVADO_DEFAULT_NON_2008_COMPATIBLE_OR_STRUCTURAL_LINE","VIVADO_DEFAULT_NON_2008_COMPATIBLE_BY_EXACT_CONTEXT_AUDIT","NO_REWRITE","  signal cand_nvp_rst, cand_en1x, cand_en3x : std_logic;"
"tests/v41/tb_r1f_preinit_equivalence.vhd","ADDED","","27","04AD87BED2BF7F2D4B2E4578D3B826FB4412FCFCC77C5EA774ECB9467615AC23","TESTBENCH_NOT_IN_PRODUCTION_SYNTHESIS_FILESET","VIVADO_DEFAULT_NON_2008_COMPATIBLE_OR_STRUCTURAL_LINE","VIVADO_DEFAULT_NON_2008_COMPATIBLE_BY_EXACT_CONTEXT_AUDIT","NO_REWRITE","  signal cand_busy, cand_done, cand_error : std_logic;"
"tests/v41/tb_r1f_preinit_equivalence.vhd","ADDED","","28","7510A590D872EF68B08D01F9130232772E8C58D3BD45BD2110344754685153A5","TESTBENCH_NOT_IN_PRODUCTION_SYNTHESIS_FILESET","VIVADO_DEFAULT_NON_2008_COMPATIBLE_OR_STRUCTURAL_LINE","VIVADO_DEFAULT_NON_2008_COMPATIBLE_BY_EXACT_CONTEXT_AUDIT","NO_REWRITE","  signal cand_diag : std_logic_vector(735 downto 0);"
"tests/v41/tb_r1f_preinit_equivalence.vhd","ADDED","","29","AA6B4F0FB84A7DDC9B01678ABFE4F4AA1D203A719A5A34B5566423E99686141F","TESTBENCH_NOT_IN_PRODUCTION_SYNTHESIS_FILESET","VIVADO_DEFAULT_NON_2008_COMPATIBLE_OR_STRUCTURAL_LINE","VIVADO_DEFAULT_NON_2008_COMPATIBLE_BY_EXACT_CONTEXT_AUDIT","NO_REWRITE","  signal cand_phase_counters : std_logic_vector(255 downto 0);"
"tests/v41/tb_r1f_preinit_equivalence.vhd","ADDED","","30","89D3DE6A711A81F6E93C2301B925549A6098D94A2C7AF600AA94C558E829C52E","TESTBENCH_NOT_IN_PRODUCTION_SYNTHESIS_FILESET","VIVADO_DEFAULT_NON_2008_COMPATIBLE_OR_STRUCTURAL_LINE","VIVADO_DEFAULT_NON_2008_COMPATIBLE_BY_EXACT_CONTEXT_AUDIT","NO_REWRITE","  signal cand_txn_counters : std_logic_vector(127 downto 0);"
"tests/v41/tb_r1f_preinit_equivalence.vhd","ADDED","","31","C2B9186EC7B721698F80AE011EBAD099FF5B0768C56EF403CD4EF8AB6ECF3B6B","TESTBENCH_NOT_IN_PRODUCTION_SYNTHESIS_FILESET","VIVADO_DEFAULT_NON_2008_COMPATIBLE_OR_STRUCTURAL_LINE","VIVADO_DEFAULT_NON_2008_COMPATIBLE_BY_EXACT_CONTEXT_AUDIT","NO_REWRITE","  signal cand_txn_serial : std_logic_vector(15 downto 0);"
"tests/v41/tb_r1f_preinit_equivalence.vhd","ADDED","","32","D6F3FC89A166355BAF1A5A2E26072CF6001ED5FF8AB700E66283CD7E827CF167","TESTBENCH_NOT_IN_PRODUCTION_SYNTHESIS_FILESET","VIVADO_DEFAULT_NON_2008_COMPATIBLE_OR_STRUCTURAL_LINE","VIVADO_DEFAULT_NON_2008_COMPATIBLE_BY_EXACT_CONTEXT_AUDIT","NO_REWRITE","  signal cand_txn_serial_overflow : std_logic;"
"tests/v41/tb_r1f_preinit_equivalence.vhd","ADDED","","33","CCF2EC259A31EBB83457C86EBE05BB1E628FDE91FF6819213D283869CDAF9BAC","TESTBENCH_NOT_IN_PRODUCTION_SYNTHESIS_FILESET","VIVADO_DEFAULT_NON_2008_COMPATIBLE_OR_STRUCTURAL_LINE","VIVADO_DEFAULT_NON_2008_COMPATIBLE_BY_EXACT_CONTEXT_AUDIT","NO_REWRITE","  signal cand_record_valid : std_logic;"
"tests/v41/tb_r1f_preinit_equivalence.vhd","ADDED","","34","A612140867DFE86D06A2EDB25609DAECAE91371C8A7915FA33AE017C326094DD","TESTBENCH_NOT_IN_PRODUCTION_SYNTHESIS_FILESET","VIVADO_DEFAULT_NON_2008_COMPATIBLE_OR_STRUCTURAL_LINE","VIVADO_DEFAULT_NON_2008_COMPATIBLE_BY_EXACT_CONTEXT_AUDIT","NO_REWRITE","  signal cand_record : std_logic_vector(191 downto 0);"
"tests/v41/tb_r1f_preinit_equivalence.vhd","ADDED","","35","45719D5CCF9FDC780F00DFFB539EE69275F1FA58B22BDCE815B3D40BD7A911B2","TESTBENCH_NOT_IN_PRODUCTION_SYNTHESIS_FILESET","VIVADO_DEFAULT_NON_2008_COMPATIBLE_OR_STRUCTURAL_LINE","VIVADO_DEFAULT_NON_2008_COMPATIBLE_BY_EXACT_CONTEXT_AUDIT","NO_REWRITE","  signal cand_inv_checks, cand_inv_errors : std_logic_vector(31 downto 0);"
"tests/v41/tb_r1f_preinit_equivalence.vhd","ADDED","","36","8C92A9FFF49BAC3DBAF66888C791A81E0775DA54F606516E9A83DE40B235CD9A","TESTBENCH_NOT_IN_PRODUCTION_SYNTHESIS_FILESET","VIVADO_DEFAULT_NON_2008_COMPATIBLE_OR_STRUCTURAL_LINE","VIVADO_DEFAULT_NON_2008_COMPATIBLE_BY_EXACT_CONTEXT_AUDIT","NO_REWRITE","  signal cand_first_inv_error : std_logic_vector(31 downto 0);"
"tests/v41/tb_r1f_preinit_equivalence.vhd","ADDED","","37","E3B0C44298FC1C149AFBF4C8996FB92427AE41E4649B934CA495991B7852B855","TESTBENCH_NOT_IN_PRODUCTION_SYNTHESIS_FILESET","COMMENT_OR_BLANK","NOT_EXECUTABLE_LANGUAGE_CONSTRUCT","NO_REWRITE",""
"tests/v41/tb_r1f_preinit_equivalence.vhd","ADDED","","38","A224F2D3DE9662E2B210084BC743CF6A81DBA183C12BEEE1B06790F5D614DA86","TESTBENCH_NOT_IN_PRODUCTION_SYNTHESIS_FILESET","VIVADO_DEFAULT_NON_2008_COMPATIBLE_OR_STRUCTURAL_LINE","VIVADO_DEFAULT_NON_2008_COMPATIBLE_BY_EXACT_CONTEXT_AUDIT","NO_REWRITE","  signal model_bank : std_logic_vector(7 downto 0) := x""07"";"
"tests/v41/tb_r1f_preinit_equivalence.vhd","ADDED","","39","2527FA3AA6120C68818A077064AE48DF8A5637476041F600E971066953482CBB","TESTBENCH_NOT_IN_PRODUCTION_SYNTHESIS_FILESET","VIVADO_DEFAULT_NON_2008_COMPATIBLE_OR_STRUCTURAL_LINE","VIVADO_DEFAULT_NON_2008_COMPATIBLE_BY_EXACT_CONTEXT_AUDIT","NO_REWRITE","  signal previous_i2c_state : std_logic_vector(7 downto 0) := (others => '0');"
"tests/v41/tb_r1f_preinit_equivalence.vhd","ADDED","","40","E4D37B1849C956483982E9834F5BB5FA3E293DF65072AA377D726D4196B4AB8A","TESTBENCH_NOT_IN_PRODUCTION_SYNTHESIS_FILESET","VIVADO_DEFAULT_NON_2008_COMPATIBLE_OR_STRUCTURAL_LINE","VIVADO_DEFAULT_NON_2008_COMPATIBLE_BY_EXACT_CONTEXT_AUDIT","NO_REWRITE","  signal read_bit_idx : integer range 0 to 7 := 7;"
"tests/v41/tb_r1f_preinit_equivalence.vhd","ADDED","","41","7FFBECFC44E7D38129193221D27697915E3F893AB78675495B933B162569A14B","TESTBENCH_NOT_IN_PRODUCTION_SYNTHESIS_FILESET","VIVADO_DEFAULT_NON_2008_COMPATIBLE_OR_STRUCTURAL_LINE","VIVADO_DEFAULT_NON_2008_COMPATIBLE_BY_EXACT_CONTEXT_AUDIT","NO_REWRITE","  signal post_done_cycles : natural := 0;"
"tests/v41/tb_r1f_preinit_equivalence.vhd","ADDED","","42","E6F07D43B5C21DB0FBB9A31FEAC2DC599787763393DD5ACBFAD80E247EB02AD5","TESTBENCH_NOT_IN_PRODUCTION_SYNTHESIS_FILESET","VIVADO_DEFAULT_NON_2008_COMPATIBLE_OR_STRUCTURAL_LINE","VIVADO_DEFAULT_NON_2008_COMPATIBLE_BY_EXACT_CONTEXT_AUDIT","NO_REWRITE","begin"
"tests/v41/tb_r1f_preinit_equivalence.vhd","ADDED","","43","ECAC150ED8CFCA584522F2F66AB4F612BFE6F312DC821C46BBE9C43F5F6FE41D","TESTBENCH_NOT_IN_PRODUCTION_SYNTHESIS_FILESET","VIVADO_DEFAULT_NON_2008_COMPATIBLE_OR_STRUCTURAL_LINE","VIVADO_DEFAULT_NON_2008_COMPATIBLE_BY_EXACT_CONTEXT_AUDIT","NO_REWRITE","  clk <= not clk after 8 ns;"
"tests/v41/tb_r1f_preinit_equivalence.vhd","ADDED","","44","E3B0C44298FC1C149AFBF4C8996FB92427AE41E4649B934CA495991B7852B855","TESTBENCH_NOT_IN_PRODUCTION_SYNTHESIS_FILESET","COMMENT_OR_BLANK","NOT_EXECUTABLE_LANGUAGE_CONSTRUCT","NO_REWRITE",""
"tests/v41/tb_r1f_preinit_equivalence.vhd","ADDED","","45","3513D0CD2886E19766ECEE4921F513DDFB75C13F76A48AACB4B41FB7B980D661","TESTBENCH_NOT_IN_PRODUCTION_SYNTHESIS_FILESET","COMMENT_OR_BLANK","NOT_EXECUTABLE_LANGUAGE_CONSTRUCT","NO_REWRITE","  -- Both implementations receive the same resolved-bus inputs. The model is"
"tests/v41/tb_r1f_preinit_equivalence.vhd","ADDED","","46","60885FF16EC46D5D7AE84E5EA599195C1730E81B40275F7C0629F45DDD6F9F82","TESTBENCH_NOT_IN_PRODUCTION_SYNTHESIS_FILESET","COMMENT_OR_BLANK","NOT_EXECUTABLE_LANGUAGE_CONSTRUCT","NO_REWRITE","  -- driven from the immutable R1e reference; any candidate divergence is"
"tests/v41/tb_r1f_preinit_equivalence.vhd","ADDED","","47","EFD6FCFF0B828915AB45D5EE66E47C9F2AFBC6B90609163DAEB1B8565EB574F1","TESTBENCH_NOT_IN_PRODUCTION_SYNTHESIS_FILESET","COMMENT_OR_BLANK","NOT_EXECUTABLE_LANGUAGE_CONSTRUCT","NO_REWRITE","  -- detected cycle-by-cycle rather than allowed to perturb the stimulus."
"tests/v41/tb_r1f_preinit_equivalence.vhd","ADDED","","48","C72C61CB97F22DB97CC4A79EE7960B76E3D07446C8A48548AA51F96B044A3620","TESTBENCH_NOT_IN_PRODUCTION_SYNTHESIS_FILESET","VIVADO_DEFAULT_NON_2008_COMPATIBLE_OR_STRUCTURAL_LINE","VIVADO_DEFAULT_NON_2008_COMPATIBLE_BY_EXACT_CONTEXT_AUDIT","NO_REWRITE","  common_scl_i <= ref_scl_oen;"
"tests/v41/tb_r1f_preinit_equivalence.vhd","ADDED","","49","6221193C9C10A18CD569599512364AD9895A7FF9893FB4E822E641C13A52018A","TESTBENCH_NOT_IN_PRODUCTION_SYNTHESIS_FILESET","ALL_KEYWORD_SENSITIVITY_LIST","VHDL2008_ONLY_TESTBENCH_HARNESS","NOT_PRODUCTION_REWRITE_REFERENCE_SIMULATION_MODE","  bus_model : process(all)"
"tests/v41/tb_r1f_preinit_equivalence.vhd","ADDED","","50","CF4E225EDB182030C066C3BE421AD332EFB91D7C6C49DB741A0B1AB2243E8715","TESTBENCH_NOT_IN_PRODUCTION_SYNTHESIS_FILESET","VIVADO_DEFAULT_NON_2008_COMPATIBLE_OR_STRUCTURAL_LINE","VIVADO_DEFAULT_NON_2008_COMPATIBLE_BY_EXACT_CONTEXT_AUDIT","NO_REWRITE","    variable state_number : natural;"
"tests/v41/tb_r1f_preinit_equivalence.vhd","ADDED","","51","5B3D61013162DA861EDACA77C637CBB5E485FA68A94A393CD352383EE1D32391","TESTBENCH_NOT_IN_PRODUCTION_SYNTHESIS_FILESET","VIVADO_DEFAULT_NON_2008_COMPATIBLE_OR_STRUCTURAL_LINE","VIVADO_DEFAULT_NON_2008_COMPATIBLE_BY_EXACT_CONTEXT_AUDIT","NO_REWRITE","    variable read_byte : std_logic_vector(7 downto 0);"
"tests/v41/tb_r1f_preinit_equivalence.vhd","ADDED","","52","8EDD123376F4332998295C75BF6C00885F2B58AF5BFD8B857D6E142895E27EDA","TESTBENCH_NOT_IN_PRODUCTION_SYNTHESIS_FILESET","VIVADO_DEFAULT_NON_2008_COMPATIBLE_OR_STRUCTURAL_LINE","VIVADO_DEFAULT_NON_2008_COMPATIBLE_BY_EXACT_CONTEXT_AUDIT","NO_REWRITE","  begin"
"tests/v41/tb_r1f_preinit_equivalence.vhd","ADDED","","53","8DA4C64B3009ECA662A9C54206614E639F8390E93A68E004C9C55289716D3454","TESTBENCH_NOT_IN_PRODUCTION_SYNTHESIS_FILESET","VIVADO_DEFAULT_NON_2008_COMPATIBLE_OR_STRUCTURAL_LINE","VIVADO_DEFAULT_NON_2008_COMPATIBLE_BY_EXACT_CONTEXT_AUDIT","NO_REWRITE","    state_number := to_integer(unsigned(ref_diag(167 downto 160)));"
"tests/v41/tb_r1f_preinit_equivalence.vhd","ADDED","","54","1A7B4C5A4F2C5537B12424FA0D2F5C6BF9D67FD19B39CB35796DF0F5BF10A7E5","TESTBENCH_NOT_IN_PRODUCTION_SYNTHESIS_FILESET","VIVADO_DEFAULT_NON_2008_COMPATIBLE_OR_STRUCTURAL_LINE","VIVADO_DEFAULT_NON_2008_COMPATIBLE_BY_EXACT_CONTEXT_AUDIT","NO_REWRITE","    read_byte := (others => '0');"
"tests/v41/tb_r1f_preinit_equivalence.vhd","ADDED","","55","2C95BCBE0E1ACC1CF5FF4CCC3498E49B819C0657CAB81568FEB93D3D9849567D","TESTBENCH_NOT_IN_PRODUCTION_SYNTHESIS_FILESET","VIVADO_DEFAULT_NON_2008_COMPATIBLE_OR_STRUCTURAL_LINE","VIVADO_DEFAULT_NON_2008_COMPATIBLE_BY_EXACT_CONTEXT_AUDIT","NO_REWRITE","    if ref_diag(63 downto 56) = x""FF"" then"
"tests/v41/tb_r1f_preinit_equivalence.vhd","ADDED","","56","CB7DE47CAE8B6CF5D6C0BD87777D08467038E38AB225D49E50B6765C3AC67E92","TESTBENCH_NOT_IN_PRODUCTION_SYNTHESIS_FILESET","VIVADO_DEFAULT_NON_2008_COMPATIBLE_OR_STRUCTURAL_LINE","VIVADO_DEFAULT_NON_2008_COMPATIBLE_BY_EXACT_CONTEXT_AUDIT","NO_REWRITE","      read_byte := model_bank;"
"tests/v41/tb_r1f_preinit_equivalence.vhd","ADDED","","57","91B5EE088CF70811415676A461E6BE19391E0354BB8D7E6CF2C5A4AC8C4F326E","TESTBENCH_NOT_IN_PRODUCTION_SYNTHESIS_FILESET","VIVADO_DEFAULT_NON_2008_COMPATIBLE_OR_STRUCTURAL_LINE","VIVADO_DEFAULT_NON_2008_COMPATIBLE_BY_EXACT_CONTEXT_AUDIT","NO_REWRITE","    end if;"
"tests/v41/tb_r1f_preinit_equivalence.vhd","ADDED","","58","D8A57D7BE8D2A2326F8D7BDF7186AD91938B02E4F75903F6FA6C55D1EDF6CF0F","TESTBENCH_NOT_IN_PRODUCTION_SYNTHESIS_FILESET","VIVADO_DEFAULT_NON_2008_COMPATIBLE_OR_STRUCTURAL_LINE","VIVADO_DEFAULT_NON_2008_COMPATIBLE_BY_EXACT_CONTEXT_AUDIT","NO_REWRITE","    if state_number = 7 or state_number = 11 or"
"tests/v41/tb_r1f_preinit_equivalence.vhd","ADDED","","59","E8AB513F47BD1E46081FFB47FF9B3D5ED6D78EB4DECC1C5FDE2E1441714E834F","TESTBENCH_NOT_IN_PRODUCTION_SYNTHESIS_FILESET","VIVADO_DEFAULT_NON_2008_COMPATIBLE_OR_STRUCTURAL_LINE","VIVADO_DEFAULT_NON_2008_COMPATIBLE_BY_EXACT_CONTEXT_AUDIT","NO_REWRITE","       state_number = 15 or state_number = 23 then"
"tests/v41/tb_r1f_preinit_equivalence.vhd","ADDED","","60","B6FCD8227E4DB1D335195E8353083231014F727684D53CF6D8A019B20E9670A1","TESTBENCH_NOT_IN_PRODUCTION_SYNTHESIS_FILESET","VIVADO_DEFAULT_NON_2008_COMPATIBLE_OR_STRUCTURAL_LINE","VIVADO_DEFAULT_NON_2008_COMPATIBLE_BY_EXACT_CONTEXT_AUDIT","NO_REWRITE","      common_sda_i <= '0';"
"tests/v41/tb_r1f_preinit_equivalence.vhd","ADDED","","61","C98624F206DD298E7035F9B8BEA26AA455A5D9C3E8A0548523338A5F6FBE321F","TESTBENCH_NOT_IN_PRODUCTION_SYNTHESIS_FILESET","VIVADO_DEFAULT_NON_2008_COMPATIBLE_OR_STRUCTURAL_LINE","VIVADO_DEFAULT_NON_2008_COMPATIBLE_BY_EXACT_CONTEXT_AUDIT","NO_REWRITE","    elsif state_number = 25 then"
"tests/v41/tb_r1f_preinit_equivalence.vhd","ADDED","","62","7031501909D4D651674B0CA62C6E0E463AC456186BAFC8D03008A6E2AB43B9F4","TESTBENCH_NOT_IN_PRODUCTION_SYNTHESIS_FILESET","VIVADO_DEFAULT_NON_2008_COMPATIBLE_OR_STRUCTURAL_LINE","VIVADO_DEFAULT_NON_2008_COMPATIBLE_BY_EXACT_CONTEXT_AUDIT","NO_REWRITE","      common_sda_i <= read_byte(read_bit_idx);"
"tests/v41/tb_r1f_preinit_equivalence.vhd","ADDED","","63","88F33C8EFFC8A0A04465DE594C8711BE2EFB05040D5846C471DA05BC3C62BD02","TESTBENCH_NOT_IN_PRODUCTION_SYNTHESIS_FILESET","VIVADO_DEFAULT_NON_2008_COMPATIBLE_OR_STRUCTURAL_LINE","VIVADO_DEFAULT_NON_2008_COMPATIBLE_BY_EXACT_CONTEXT_AUDIT","NO_REWRITE","    else"
"tests/v41/tb_r1f_preinit_equivalence.vhd","ADDED","","64","2CCAEC74DE2F725E4A2A3236D8595E085EE70A1EE32D95C25990805630FEE7C7","TESTBENCH_NOT_IN_PRODUCTION_SYNTHESIS_FILESET","VIVADO_DEFAULT_NON_2008_COMPATIBLE_OR_STRUCTURAL_LINE","VIVADO_DEFAULT_NON_2008_COMPATIBLE_BY_EXACT_CONTEXT_AUDIT","NO_REWRITE","      common_sda_i <= '1';"
"tests/v41/tb_r1f_preinit_equivalence.vhd","ADDED","","65","91B5EE088CF70811415676A461E6BE19391E0354BB8D7E6CF2C5A4AC8C4F326E","TESTBENCH_NOT_IN_PRODUCTION_SYNTHESIS_FILESET","VIVADO_DEFAULT_NON_2008_COMPATIBLE_OR_STRUCTURAL_LINE","VIVADO_DEFAULT_NON_2008_COMPATIBLE_BY_EXACT_CONTEXT_AUDIT","NO_REWRITE","    end if;"
"tests/v41/tb_r1f_preinit_equivalence.vhd","ADDED","","66","72AF5DA594AC28A2C68ED05DF3ED2BAE2B3B206000F5AD9F02378338C5947828","TESTBENCH_NOT_IN_PRODUCTION_SYNTHESIS_FILESET","VIVADO_DEFAULT_NON_2008_COMPATIBLE_OR_STRUCTURAL_LINE","VIVADO_DEFAULT_NON_2008_COMPATIBLE_BY_EXACT_CONTEXT_AUDIT","NO_REWRITE","  end process;"
"tests/v41/tb_r1f_preinit_equivalence.vhd","ADDED","","67","E3B0C44298FC1C149AFBF4C8996FB92427AE41E4649B934CA495991B7852B855","TESTBENCH_NOT_IN_PRODUCTION_SYNTHESIS_FILESET","COMMENT_OR_BLANK","NOT_EXECUTABLE_LANGUAGE_CONSTRUCT","NO_REWRITE",""
"tests/v41/tb_r1f_preinit_equivalence.vhd","ADDED","","68","E19007C3063199A93E6342F683D5E71725CE134E5C9D0EC236658D04D4CE579E","TESTBENCH_NOT_IN_PRODUCTION_SYNTHESIS_FILESET","VIVADO_DEFAULT_NON_2008_COMPATIBLE_OR_STRUCTURAL_LINE","VIVADO_DEFAULT_NON_2008_COMPATIBLE_BY_EXACT_CONTEXT_AUDIT","NO_REWRITE","  reference : entity r1e_ref.v40a_nvp_autoinit"
"tests/v41/tb_r1f_preinit_equivalence.vhd","ADDED","","69","9F3CF5019A09666C6847DA3C014598F29A7E5583CD98875E48CB8B03BB6872DF","TESTBENCH_NOT_IN_PRODUCTION_SYNTHESIS_FILESET","VIVADO_DEFAULT_NON_2008_COMPATIBLE_OR_STRUCTURAL_LINE","VIVADO_DEFAULT_NON_2008_COMPATIBLE_BY_EXACT_CONTEXT_AUDIT","NO_REWRITE","    generic map("
"tests/v41/tb_r1f_preinit_equivalence.vhd","ADDED","","70","0DE3742A9477E0299D8B7F02558141527192CF190560C8BC3052968D45F4B720","TESTBENCH_NOT_IN_PRODUCTION_SYNTHESIS_FILESET","VIVADO_DEFAULT_NON_2008_COMPATIBLE_OR_STRUCTURAL_LINE","VIVADO_DEFAULT_NON_2008_COMPATIBLE_BY_EXACT_CONTEXT_AUDIT","NO_REWRITE","      CLK_HZ => C_CLK_HZ,"
"tests/v41/tb_r1f_preinit_equivalence.vhd","ADDED","","71","7075A7162E46A3A2453D85F62908E704CBE62DAB2A43AD9895228B9A76771B8C","TESTBENCH_NOT_IN_PRODUCTION_SYNTHESIS_FILESET","VIVADO_DEFAULT_NON_2008_COMPATIBLE_OR_STRUCTURAL_LINE","VIVADO_DEFAULT_NON_2008_COMPATIBLE_BY_EXACT_CONTEXT_AUDIT","NO_REWRITE","      I2C_HZ => C_I2C_HZ,"
"tests/v41/tb_r1f_preinit_equivalence.vhd","ADDED","","72","6B8884493E44A81C23D6A7AE48F8F1AFE6920F9121133E970BADB9A27D3AF172","TESTBENCH_NOT_IN_PRODUCTION_SYNTHESIS_FILESET","VIVADO_DEFAULT_NON_2008_COMPATIBLE_OR_STRUCTURAL_LINE","VIVADO_DEFAULT_NON_2008_COMPATIBLE_BY_EXACT_CONTEXT_AUDIT","NO_REWRITE","      ENABLE_MAREK_INIT_TABLE => 1"
"tests/v41/tb_r1f_preinit_equivalence.vhd","ADDED","","73","FF19446752C33C181EA9232A795BEFF15BC3FEEDD2A58087B3F5C33EEB62E992","TESTBENCH_NOT_IN_PRODUCTION_SYNTHESIS_FILESET","VIVADO_DEFAULT_NON_2008_COMPATIBLE_OR_STRUCTURAL_LINE","VIVADO_DEFAULT_NON_2008_COMPATIBLE_BY_EXACT_CONTEXT_AUDIT","NO_REWRITE","    )"
"tests/v41/tb_r1f_preinit_equivalence.vhd","ADDED","","74","E2FEEBBCF272417F110C4746756FA0A195B3494F7CB22CCFB203815C71D78981","TESTBENCH_NOT_IN_PRODUCTION_SYNTHESIS_FILESET","VIVADO_DEFAULT_NON_2008_COMPATIBLE_OR_STRUCTURAL_LINE","VIVADO_DEFAULT_NON_2008_COMPATIBLE_BY_EXACT_CONTEXT_AUDIT","NO_REWRITE","    port map("
"tests/v41/tb_r1f_preinit_equivalence.vhd","ADDED","","75","447D3FD1FB3198E619FD2121DCC48A654FA47652A5A95516596A2713E4DD7CBE","TESTBENCH_NOT_IN_PRODUCTION_SYNTHESIS_FILESET","VIVADO_DEFAULT_NON_2008_COMPATIBLE_OR_STRUCTURAL_LINE","VIVADO_DEFAULT_NON_2008_COMPATIBLE_BY_EXACT_CONTEXT_AUDIT","NO_REWRITE","      clk => clk, rst => rst,"
"tests/v41/tb_r1f_preinit_equivalence.vhd","ADDED","","76","3A5F2D27A105A04CFFE67D541C8E2F9012541CF673111FA22E6F7372C2E629AF","TESTBENCH_NOT_IN_PRODUCTION_SYNTHESIS_FILESET","VIVADO_DEFAULT_NON_2008_COMPATIBLE_OR_STRUCTURAL_LINE","VIVADO_DEFAULT_NON_2008_COMPATIBLE_BY_EXACT_CONTEXT_AUDIT","NO_REWRITE","      scl_i => common_scl_i, sda_i => common_sda_i,"
"tests/v41/tb_r1f_preinit_equivalence.vhd","ADDED","","77","83BBF9456A3C46FAAF414FC494700F1AB59B8E3DCF501E293763E938EC047C18","TESTBENCH_NOT_IN_PRODUCTION_SYNTHESIS_FILESET","VIVADO_DEFAULT_NON_2008_COMPATIBLE_OR_STRUCTURAL_LINE","VIVADO_DEFAULT_NON_2008_COMPATIBLE_BY_EXACT_CONTEXT_AUDIT","NO_REWRITE","      scl_oen => ref_scl_oen, sda_oen => ref_sda_oen,"
"tests/v41/tb_r1f_preinit_equivalence.vhd","ADDED","","78","5E891334430B7F071F08659FBBB04582009B822885D952E9714282C10587BE41","TESTBENCH_NOT_IN_PRODUCTION_SYNTHESIS_FILESET","VIVADO_DEFAULT_NON_2008_COMPATIBLE_OR_STRUCTURAL_LINE","VIVADO_DEFAULT_NON_2008_COMPATIBLE_BY_EXACT_CONTEXT_AUDIT","NO_REWRITE","      nvp_rst => ref_nvp_rst,"
"tests/v41/tb_r1f_preinit_equivalence.vhd","ADDED","","79","9E2F990B943EAB79A1E5ECE4EC0DAA2A6036AA1C69781BBB8FE09F1EF8F066F5","TESTBENCH_NOT_IN_PRODUCTION_SYNTHESIS_FILESET","VIVADO_DEFAULT_NON_2008_COMPATIBLE_OR_STRUCTURAL_LINE","VIVADO_DEFAULT_NON_2008_COMPATIBLE_BY_EXACT_CONTEXT_AUDIT","NO_REWRITE","      nvp_en_vdd1x => ref_en1x, nvp_en_vdd3x => ref_en3x,"
"tests/v41/tb_r1f_preinit_equivalence.vhd","ADDED","","80","F00FF26329BB19187A723F5672304CFF1094E1F2D5769548993477278627BB4E","TESTBENCH_NOT_IN_PRODUCTION_SYNTHESIS_FILESET","VIVADO_DEFAULT_NON_2008_COMPATIBLE_OR_STRUCTURAL_LINE","VIVADO_DEFAULT_NON_2008_COMPATIBLE_BY_EXACT_CONTEXT_AUDIT","NO_REWRITE","      init_busy => ref_busy, init_done => ref_done,"
"tests/v41/tb_r1f_preinit_equivalence.vhd","ADDED","","81","A469DEE0D19FC846AA249E77C57072B5431919A1163CDD712FD914CAAA1107FC","TESTBENCH_NOT_IN_PRODUCTION_SYNTHESIS_FILESET","VIVADO_DEFAULT_NON_2008_COMPATIBLE_OR_STRUCTURAL_LINE","VIVADO_DEFAULT_NON_2008_COMPATIBLE_BY_EXACT_CONTEXT_AUDIT","NO_REWRITE","      init_error => ref_error, diag_detail => ref_diag"
"tests/v41/tb_r1f_preinit_equivalence.vhd","ADDED","","82","67694C125CCA8CA0A62725DFEF58E8526EAB4D227697D733F055295D901FC772","TESTBENCH_NOT_IN_PRODUCTION_SYNTHESIS_FILESET","VIVADO_DEFAULT_NON_2008_COMPATIBLE_OR_STRUCTURAL_LINE","VIVADO_DEFAULT_NON_2008_COMPATIBLE_BY_EXACT_CONTEXT_AUDIT","NO_REWRITE","    );"
"tests/v41/tb_r1f_preinit_equivalence.vhd","ADDED","","83","E3B0C44298FC1C149AFBF4C8996FB92427AE41E4649B934CA495991B7852B855","TESTBENCH_NOT_IN_PRODUCTION_SYNTHESIS_FILESET","COMMENT_OR_BLANK","NOT_EXECUTABLE_LANGUAGE_CONSTRUCT","NO_REWRITE",""
"tests/v41/tb_r1f_preinit_equivalence.vhd","ADDED","","84","D49EFCF78B2796203A266AEB11F1C6AD1A39CF82BEF479FAC37C5AF402BB47DE","TESTBENCH_NOT_IN_PRODUCTION_SYNTHESIS_FILESET","VIVADO_DEFAULT_NON_2008_COMPATIBLE_OR_STRUCTURAL_LINE","VIVADO_DEFAULT_NON_2008_COMPATIBLE_BY_EXACT_CONTEXT_AUDIT","NO_REWRITE","  candidate : entity work.v40a_nvp_autoinit"
"tests/v41/tb_r1f_preinit_equivalence.vhd","ADDED","","85","9F3CF5019A09666C6847DA3C014598F29A7E5583CD98875E48CB8B03BB6872DF","TESTBENCH_NOT_IN_PRODUCTION_SYNTHESIS_FILESET","VIVADO_DEFAULT_NON_2008_COMPATIBLE_OR_STRUCTURAL_LINE","VIVADO_DEFAULT_NON_2008_COMPATIBLE_BY_EXACT_CONTEXT_AUDIT","NO_REWRITE","    generic map("
"tests/v41/tb_r1f_preinit_equivalence.vhd","ADDED","","86","0DE3742A9477E0299D8B7F02558141527192CF190560C8BC3052968D45F4B720","TESTBENCH_NOT_IN_PRODUCTION_SYNTHESIS_FILESET","VIVADO_DEFAULT_NON_2008_COMPATIBLE_OR_STRUCTURAL_LINE","VIVADO_DEFAULT_NON_2008_COMPATIBLE_BY_EXACT_CONTEXT_AUDIT","NO_REWRITE","      CLK_HZ => C_CLK_HZ,"
"tests/v41/tb_r1f_preinit_equivalence.vhd","ADDED","","87","7075A7162E46A3A2453D85F62908E704CBE62DAB2A43AD9895228B9A76771B8C","TESTBENCH_NOT_IN_PRODUCTION_SYNTHESIS_FILESET","VIVADO_DEFAULT_NON_2008_COMPATIBLE_OR_STRUCTURAL_LINE","VIVADO_DEFAULT_NON_2008_COMPATIBLE_BY_EXACT_CONTEXT_AUDIT","NO_REWRITE","      I2C_HZ => C_I2C_HZ,"
"tests/v41/tb_r1f_preinit_equivalence.vhd","ADDED","","88","6B8884493E44A81C23D6A7AE48F8F1AFE6920F9121133E970BADB9A27D3AF172","TESTBENCH_NOT_IN_PRODUCTION_SYNTHESIS_FILESET","VIVADO_DEFAULT_NON_2008_COMPATIBLE_OR_STRUCTURAL_LINE","VIVADO_DEFAULT_NON_2008_COMPATIBLE_BY_EXACT_CONTEXT_AUDIT","NO_REWRITE","      ENABLE_MAREK_INIT_TABLE => 1"
"tests/v41/tb_r1f_preinit_equivalence.vhd","ADDED","","89","FF19446752C33C181EA9232A795BEFF15BC3FEEDD2A58087B3F5C33EEB62E992","TESTBENCH_NOT_IN_PRODUCTION_SYNTHESIS_FILESET","VIVADO_DEFAULT_NON_2008_COMPATIBLE_OR_STRUCTURAL_LINE","VIVADO_DEFAULT_NON_2008_COMPATIBLE_BY_EXACT_CONTEXT_AUDIT","NO_REWRITE","    )"
"tests/v41/tb_r1f_preinit_equivalence.vhd","ADDED","","90","E2FEEBBCF272417F110C4746756FA0A195B3494F7CB22CCFB203815C71D78981","TESTBENCH_NOT_IN_PRODUCTION_SYNTHESIS_FILESET","VIVADO_DEFAULT_NON_2008_COMPATIBLE_OR_STRUCTURAL_LINE","VIVADO_DEFAULT_NON_2008_COMPATIBLE_BY_EXACT_CONTEXT_AUDIT","NO_REWRITE","    port map("
"tests/v41/tb_r1f_preinit_equivalence.vhd","ADDED","","91","447D3FD1FB3198E619FD2121DCC48A654FA47652A5A95516596A2713E4DD7CBE","TESTBENCH_NOT_IN_PRODUCTION_SYNTHESIS_FILESET","VIVADO_DEFAULT_NON_2008_COMPATIBLE_OR_STRUCTURAL_LINE","VIVADO_DEFAULT_NON_2008_COMPATIBLE_BY_EXACT_CONTEXT_AUDIT","NO_REWRITE","      clk => clk, rst => rst,"
"tests/v41/tb_r1f_preinit_equivalence.vhd","ADDED","","92","3A5F2D27A105A04CFFE67D541C8E2F9012541CF673111FA22E6F7372C2E629AF","TESTBENCH_NOT_IN_PRODUCTION_SYNTHESIS_FILESET","VIVADO_DEFAULT_NON_2008_COMPATIBLE_OR_STRUCTURAL_LINE","VIVADO_DEFAULT_NON_2008_COMPATIBLE_BY_EXACT_CONTEXT_AUDIT","NO_REWRITE","      scl_i => common_scl_i, sda_i => common_sda_i,"
"tests/v41/tb_r1f_preinit_equivalence.vhd","ADDED","","93","D68166B37134F27BDED4FD7F98AAB2676E99E2E6C81CDAFC1DDB14ACA1EB25D4","TESTBENCH_NOT_IN_PRODUCTION_SYNTHESIS_FILESET","VIVADO_DEFAULT_NON_2008_COMPATIBLE_OR_STRUCTURAL_LINE","VIVADO_DEFAULT_NON_2008_COMPATIBLE_BY_EXACT_CONTEXT_AUDIT","NO_REWRITE","      scl_oen => cand_scl_oen, sda_oen => cand_sda_oen,"
"tests/v41/tb_r1f_preinit_equivalence.vhd","ADDED","","94","E75790D15B4729D91355DE3D1CC56DBCA96D781F18C0A0C7337465D0DAF20928","TESTBENCH_NOT_IN_PRODUCTION_SYNTHESIS_FILESET","VIVADO_DEFAULT_NON_2008_COMPATIBLE_OR_STRUCTURAL_LINE","VIVADO_DEFAULT_NON_2008_COMPATIBLE_BY_EXACT_CONTEXT_AUDIT","NO_REWRITE","      nvp_rst => cand_nvp_rst,"
"tests/v41/tb_r1f_preinit_equivalence.vhd","ADDED","","95","23A6550A7A2E6174066D7953D6E88B46684C3EE2C121ABF7B69E63B7A6B7368D","TESTBENCH_NOT_IN_PRODUCTION_SYNTHESIS_FILESET","VIVADO_DEFAULT_NON_2008_COMPATIBLE_OR_STRUCTURAL_LINE","VIVADO_DEFAULT_NON_2008_COMPATIBLE_BY_EXACT_CONTEXT_AUDIT","NO_REWRITE","      nvp_en_vdd1x => cand_en1x, nvp_en_vdd3x => cand_en3x,"
"tests/v41/tb_r1f_preinit_equivalence.vhd","ADDED","","96","7943FD32F9D1B8C2AB0A305A0336083B345A2552F5E7C5CA7B754C96D753B829","TESTBENCH_NOT_IN_PRODUCTION_SYNTHESIS_FILESET","VIVADO_DEFAULT_NON_2008_COMPATIBLE_OR_STRUCTURAL_LINE","VIVADO_DEFAULT_NON_2008_COMPATIBLE_BY_EXACT_CONTEXT_AUDIT","NO_REWRITE","      init_busy => cand_busy, init_done => cand_done,"
"tests/v41/tb_r1f_preinit_equivalence.vhd","ADDED","","97","F9040685E58A8D8296970D9AF0C1F4415CDDCBFE2E38918F3B98007BD9732C78","TESTBENCH_NOT_IN_PRODUCTION_SYNTHESIS_FILESET","VIVADO_DEFAULT_NON_2008_COMPATIBLE_OR_STRUCTURAL_LINE","VIVADO_DEFAULT_NON_2008_COMPATIBLE_BY_EXACT_CONTEXT_AUDIT","NO_REWRITE","      init_error => cand_error, diag_detail => cand_diag,"
"tests/v41/tb_r1f_preinit_equivalence.vhd","ADDED","","98","C083C4829F6363ECEED691D34718F7A58CEC00867654E737F0B3EF334A3C8B1B","TESTBENCH_NOT_IN_PRODUCTION_SYNTHESIS_FILESET","VIVADO_DEFAULT_NON_2008_COMPATIBLE_OR_STRUCTURAL_LINE","VIVADO_DEFAULT_NON_2008_COMPATIBLE_BY_EXACT_CONTEXT_AUDIT","NO_REWRITE","      r1f_phase_counters => cand_phase_counters,"
"tests/v41/tb_r1f_preinit_equivalence.vhd","ADDED","","99","5EDF8087EAF159354720516E0948E0D94C2866717C8685555A0F12C98E72A7BB","TESTBENCH_NOT_IN_PRODUCTION_SYNTHESIS_FILESET","VIVADO_DEFAULT_NON_2008_COMPATIBLE_OR_STRUCTURAL_LINE","VIVADO_DEFAULT_NON_2008_COMPATIBLE_BY_EXACT_CONTEXT_AUDIT","NO_REWRITE","      r1f_transaction_counters => cand_txn_counters,"
"tests/v41/tb_r1f_preinit_equivalence.vhd","ADDED","","100","6B0A92D66714DBA92309BC93CB7E715F45C1445BC573D0D782DF7F3CE472F55A","TESTBENCH_NOT_IN_PRODUCTION_SYNTHESIS_FILESET","VIVADO_DEFAULT_NON_2008_COMPATIBLE_OR_STRUCTURAL_LINE","VIVADO_DEFAULT_NON_2008_COMPATIBLE_BY_EXACT_CONTEXT_AUDIT","NO_REWRITE","      r1f_transaction_serial_next => cand_txn_serial,"
"tests/v41/tb_r1f_preinit_equivalence.vhd","ADDED","","101","ED30958EE7143ABA6F30D5085BCFE6979ED90153682594A216A3B3D2DCA4E5C3","TESTBENCH_NOT_IN_PRODUCTION_SYNTHESIS_FILESET","VIVADO_DEFAULT_NON_2008_COMPATIBLE_OR_STRUCTURAL_LINE","VIVADO_DEFAULT_NON_2008_COMPATIBLE_BY_EXACT_CONTEXT_AUDIT","NO_REWRITE","      r1f_transaction_serial_overflow => cand_txn_serial_overflow,"
"tests/v41/tb_r1f_preinit_equivalence.vhd","ADDED","","102","2444624514AFF16D739A467C9AE94DE7D01043FC43CF30F740E3F17EA58677EC","TESTBENCH_NOT_IN_PRODUCTION_SYNTHESIS_FILESET","VIVADO_DEFAULT_NON_2008_COMPATIBLE_OR_STRUCTURAL_LINE","VIVADO_DEFAULT_NON_2008_COMPATIBLE_BY_EXACT_CONTEXT_AUDIT","NO_REWRITE","      r1f_failed_txn_record_valid => cand_record_valid,"
"tests/v41/tb_r1f_preinit_equivalence.vhd","ADDED","","103","58AC8CE57B40F7E31EBD4AC2CA9AD729F85F57B55D0B9CA35ECF457ED8EEFC20","TESTBENCH_NOT_IN_PRODUCTION_SYNTHESIS_FILESET","VIVADO_DEFAULT_NON_2008_COMPATIBLE_OR_STRUCTURAL_LINE","VIVADO_DEFAULT_NON_2008_COMPATIBLE_BY_EXACT_CONTEXT_AUDIT","NO_REWRITE","      r1f_failed_txn_record => cand_record,"
"tests/v41/tb_r1f_preinit_equivalence.vhd","ADDED","","104","CFB0A1EBCE8DC23E8A6988F0EEC01B28D668C60C76F155B984C8824D44D98567","TESTBENCH_NOT_IN_PRODUCTION_SYNTHESIS_FILESET","VIVADO_DEFAULT_NON_2008_COMPATIBLE_OR_STRUCTURAL_LINE","VIVADO_DEFAULT_NON_2008_COMPATIBLE_BY_EXACT_CONTEXT_AUDIT","NO_REWRITE","      r1f_bank_invariant_check_count => cand_inv_checks,"
"tests/v41/tb_r1f_preinit_equivalence.vhd","ADDED","","105","A9955A0842DD066E744422AD7F211A61881A29408E99AB5A4BA0F0425B0F8E01","TESTBENCH_NOT_IN_PRODUCTION_SYNTHESIS_FILESET","VIVADO_DEFAULT_NON_2008_COMPATIBLE_OR_STRUCTURAL_LINE","VIVADO_DEFAULT_NON_2008_COMPATIBLE_BY_EXACT_CONTEXT_AUDIT","NO_REWRITE","      r1f_bank_invariant_error_count => cand_inv_errors,"
"tests/v41/tb_r1f_preinit_equivalence.vhd","ADDED","","106","00737085C9AEA9DEEEA594DB9439F1AF167B14BAF1F2E96149BDE14C4709F6DC","TESTBENCH_NOT_IN_PRODUCTION_SYNTHESIS_FILESET","VIVADO_DEFAULT_NON_2008_COMPATIBLE_OR_STRUCTURAL_LINE","VIVADO_DEFAULT_NON_2008_COMPATIBLE_BY_EXACT_CONTEXT_AUDIT","NO_REWRITE","      r1f_first_bank_invariant_error => cand_first_inv_error"
"tests/v41/tb_r1f_preinit_equivalence.vhd","ADDED","","107","67694C125CCA8CA0A62725DFEF58E8526EAB4D227697D733F055295D901FC772","TESTBENCH_NOT_IN_PRODUCTION_SYNTHESIS_FILESET","VIVADO_DEFAULT_NON_2008_COMPATIBLE_OR_STRUCTURAL_LINE","VIVADO_DEFAULT_NON_2008_COMPATIBLE_BY_EXACT_CONTEXT_AUDIT","NO_REWRITE","    );"
"tests/v41/tb_r1f_preinit_equivalence.vhd","ADDED","","108","E3B0C44298FC1C149AFBF4C8996FB92427AE41E4649B934CA495991B7852B855","TESTBENCH_NOT_IN_PRODUCTION_SYNTHESIS_FILESET","COMMENT_OR_BLANK","NOT_EXECUTABLE_LANGUAGE_CONSTRUCT","NO_REWRITE",""
"tests/v41/tb_r1f_preinit_equivalence.vhd","ADDED","","109","D17487F11FF3B738E86A8B978399B092486E46C2ED802BADD24C123AB05AE5D3","TESTBENCH_NOT_IN_PRODUCTION_SYNTHESIS_FILESET","VIVADO_DEFAULT_NON_2008_COMPATIBLE_OR_STRUCTURAL_LINE","VIVADO_DEFAULT_NON_2008_COMPATIBLE_BY_EXACT_CONTEXT_AUDIT","NO_REWRITE","  model_state : process(clk)"
"tests/v41/tb_r1f_preinit_equivalence.vhd","ADDED","","110","CF4E225EDB182030C066C3BE421AD332EFB91D7C6C49DB741A0B1AB2243E8715","TESTBENCH_NOT_IN_PRODUCTION_SYNTHESIS_FILESET","VIVADO_DEFAULT_NON_2008_COMPATIBLE_OR_STRUCTURAL_LINE","VIVADO_DEFAULT_NON_2008_COMPATIBLE_BY_EXACT_CONTEXT_AUDIT","NO_REWRITE","    variable state_number : natural;"
"tests/v41/tb_r1f_preinit_equivalence.vhd","ADDED","","111","8EDD123376F4332998295C75BF6C00885F2B58AF5BFD8B857D6E142895E27EDA","TESTBENCH_NOT_IN_PRODUCTION_SYNTHESIS_FILESET","VIVADO_DEFAULT_NON_2008_COMPATIBLE_OR_STRUCTURAL_LINE","VIVADO_DEFAULT_NON_2008_COMPATIBLE_BY_EXACT_CONTEXT_AUDIT","NO_REWRITE","  begin"
"tests/v41/tb_r1f_preinit_equivalence.vhd","ADDED","","112","5C28779FFEB3DBEBB8A1D427C291F7414EF6EB44A421D788E2B73E0054AA8A6A","TESTBENCH_NOT_IN_PRODUCTION_SYNTHESIS_FILESET","VIVADO_DEFAULT_NON_2008_COMPATIBLE_OR_STRUCTURAL_LINE","VIVADO_DEFAULT_NON_2008_COMPATIBLE_BY_EXACT_CONTEXT_AUDIT","NO_REWRITE","    if rising_edge(clk) then"
"tests/v41/tb_r1f_preinit_equivalence.vhd","ADDED","","113","AA3B614AD3C4CEF196EEF509C67E0E352443D1FF06F269CE74025403F4537865","TESTBENCH_NOT_IN_PRODUCTION_SYNTHESIS_FILESET","VIVADO_DEFAULT_NON_2008_COMPATIBLE_OR_STRUCTURAL_LINE","VIVADO_DEFAULT_NON_2008_COMPATIBLE_BY_EXACT_CONTEXT_AUDIT","NO_REWRITE","      state_number := to_integer(unsigned(ref_diag(167 downto 160)));"
"tests/v41/tb_r1f_preinit_equivalence.vhd","ADDED","","114","AE84C7F5D76EF413C7D81785B0A663DD40A688207DB36C2C1A6A0E7893980144","TESTBENCH_NOT_IN_PRODUCTION_SYNTHESIS_FILESET","VIVADO_DEFAULT_NON_2008_COMPATIBLE_OR_STRUCTURAL_LINE","VIVADO_DEFAULT_NON_2008_COMPATIBLE_BY_EXACT_CONTEXT_AUDIT","NO_REWRITE","      previous_i2c_state <= ref_diag(167 downto 160);"
"tests/v41/tb_r1f_preinit_equivalence.vhd","ADDED","","115","7BCFED57D085B7FBE67F8D99DEE65F73F31ACD6AA84957BF782386EC51053B37","TESTBENCH_NOT_IN_PRODUCTION_SYNTHESIS_FILESET","VIVADO_DEFAULT_NON_2008_COMPATIBLE_OR_STRUCTURAL_LINE","VIVADO_DEFAULT_NON_2008_COMPATIBLE_BY_EXACT_CONTEXT_AUDIT","NO_REWRITE","      if rst = '1' then"
"tests/v41/tb_r1f_preinit_equivalence.vhd","ADDED","","116","F3910E6E78A396D22BE9A8C9EE701C93133B1180BCC545FE35BE15BAB41C9202","TESTBENCH_NOT_IN_PRODUCTION_SYNTHESIS_FILESET","VIVADO_DEFAULT_NON_2008_COMPATIBLE_OR_STRUCTURAL_LINE","VIVADO_DEFAULT_NON_2008_COMPATIBLE_BY_EXACT_CONTEXT_AUDIT","NO_REWRITE","        model_bank <= x""07"";"
"tests/v41/tb_r1f_preinit_equivalence.vhd","ADDED","","117","6AC2171F66E767329B62CB75C106E3AC6D6F67BBCCB37AE8343D14DA2C011A8A","TESTBENCH_NOT_IN_PRODUCTION_SYNTHESIS_FILESET","VIVADO_DEFAULT_NON_2008_COMPATIBLE_OR_STRUCTURAL_LINE","VIVADO_DEFAULT_NON_2008_COMPATIBLE_BY_EXACT_CONTEXT_AUDIT","NO_REWRITE","        read_bit_idx <= 7;"
"tests/v41/tb_r1f_preinit_equivalence.vhd","ADDED","","118","FF6F623CD010DFE2ADBD28FD591CDF950B001E428CC77A4CE23CD5D1F0218310","TESTBENCH_NOT_IN_PRODUCTION_SYNTHESIS_FILESET","VIVADO_DEFAULT_NON_2008_COMPATIBLE_OR_STRUCTURAL_LINE","VIVADO_DEFAULT_NON_2008_COMPATIBLE_BY_EXACT_CONTEXT_AUDIT","NO_REWRITE","      else"
"tests/v41/tb_r1f_preinit_equivalence.vhd","ADDED","","119","95AB4DDA735878A54DFF0396234360EDAD0B08CC8941DB3514B052991552523C","TESTBENCH_NOT_IN_PRODUCTION_SYNTHESIS_FILESET","VIVADO_DEFAULT_NON_2008_COMPATIBLE_OR_STRUCTURAL_LINE","VIVADO_DEFAULT_NON_2008_COMPATIBLE_BY_EXACT_CONTEXT_AUDIT","NO_REWRITE","        if state_number = 24 and previous_i2c_state = x""17"" then"
"tests/v41/tb_r1f_preinit_equivalence.vhd","ADDED","","120","DB0753EA4EE7DC0DDA02113E76B03C8A298081229F507F9B1AC3F4886922D0EA","TESTBENCH_NOT_IN_PRODUCTION_SYNTHESIS_FILESET","VIVADO_DEFAULT_NON_2008_COMPATIBLE_OR_STRUCTURAL_LINE","VIVADO_DEFAULT_NON_2008_COMPATIBLE_BY_EXACT_CONTEXT_AUDIT","NO_REWRITE","          read_bit_idx <= 7;"
"tests/v41/tb_r1f_preinit_equivalence.vhd","ADDED","","121","00935800748E1AD87F2958A8E9328164BF249E2B2F4E6F108D3FA389034DFD14","TESTBENCH_NOT_IN_PRODUCTION_SYNTHESIS_FILESET","VIVADO_DEFAULT_NON_2008_COMPATIBLE_OR_STRUCTURAL_LINE","VIVADO_DEFAULT_NON_2008_COMPATIBLE_BY_EXACT_CONTEXT_AUDIT","NO_REWRITE","        elsif state_number = 24 and previous_i2c_state = x""19"" and"
"tests/v41/tb_r1f_preinit_equivalence.vhd","ADDED","","122","4216FCC4CE8A33529BC866067532C1BB513FC15D63DCF9608A484BDD7D3550F0","TESTBENCH_NOT_IN_PRODUCTION_SYNTHESIS_FILESET","VIVADO_DEFAULT_NON_2008_COMPATIBLE_OR_STRUCTURAL_LINE","VIVADO_DEFAULT_NON_2008_COMPATIBLE_BY_EXACT_CONTEXT_AUDIT","NO_REWRITE","              read_bit_idx > 0 then"
"tests/v41/tb_r1f_preinit_equivalence.vhd","ADDED","","123","413385B14A6E15AFE75008C4495A62A731C76DBFADC24A18351122C92980EDF6","TESTBENCH_NOT_IN_PRODUCTION_SYNTHESIS_FILESET","VIVADO_DEFAULT_NON_2008_COMPATIBLE_OR_STRUCTURAL_LINE","VIVADO_DEFAULT_NON_2008_COMPATIBLE_BY_EXACT_CONTEXT_AUDIT","NO_REWRITE","          read_bit_idx <= read_bit_idx - 1;"
"tests/v41/tb_r1f_preinit_equivalence.vhd","ADDED","","124","D40ED8AB252A9AFB82DE92A1491CBA818C79C2F9408B03AF30C10BF3C0572C18","TESTBENCH_NOT_IN_PRODUCTION_SYNTHESIS_FILESET","VIVADO_DEFAULT_NON_2008_COMPATIBLE_OR_STRUCTURAL_LINE","VIVADO_DEFAULT_NON_2008_COMPATIBLE_BY_EXACT_CONTEXT_AUDIT","NO_REWRITE","        end if;"
"tests/v41/tb_r1f_preinit_equivalence.vhd","ADDED","","125","059E272DDC2EDFB7B6FC3E6BDD13E4BA0DD2DEE2F7E8D25B8750EE5BB249D522","TESTBENCH_NOT_IN_PRODUCTION_SYNTHESIS_FILESET","VIVADO_DEFAULT_NON_2008_COMPATIBLE_OR_STRUCTURAL_LINE","VIVADO_DEFAULT_NON_2008_COMPATIBLE_BY_EXACT_CONTEXT_AUDIT","NO_REWRITE","        if state_number = 28 and previous_i2c_state = x""0F"" and"
"tests/v41/tb_r1f_preinit_equivalence.vhd","ADDED","","126","4A06BC9C4AF8BA101901EDF318EFC0F94FD784E3B77D926DFEDB34D53C419D45","TESTBENCH_NOT_IN_PRODUCTION_SYNTHESIS_FILESET","VIVADO_DEFAULT_NON_2008_COMPATIBLE_OR_STRUCTURAL_LINE","VIVADO_DEFAULT_NON_2008_COMPATIBLE_BY_EXACT_CONTEXT_AUDIT","NO_REWRITE","           ref_diag(63 downto 56) = x""FF"" then"
"tests/v41/tb_r1f_preinit_equivalence.vhd","ADDED","","127","DDE6705D7A7EDAC7517A8DE05A3A8E2864B1E8BEB52DC458E832BA2ECCF7C40C","TESTBENCH_NOT_IN_PRODUCTION_SYNTHESIS_FILESET","VIVADO_DEFAULT_NON_2008_COMPATIBLE_OR_STRUCTURAL_LINE","VIVADO_DEFAULT_NON_2008_COMPATIBLE_BY_EXACT_CONTEXT_AUDIT","NO_REWRITE","          model_bank <= ref_diag(71 downto 64);"
"tests/v41/tb_r1f_preinit_equivalence.vhd","ADDED","","128","D40ED8AB252A9AFB82DE92A1491CBA818C79C2F9408B03AF30C10BF3C0572C18","TESTBENCH_NOT_IN_PRODUCTION_SYNTHESIS_FILESET","VIVADO_DEFAULT_NON_2008_COMPATIBLE_OR_STRUCTURAL_LINE","VIVADO_DEFAULT_NON_2008_COMPATIBLE_BY_EXACT_CONTEXT_AUDIT","NO_REWRITE","        end if;"
"tests/v41/tb_r1f_preinit_equivalence.vhd","ADDED","","129","82665B83E7F46B52C5EBA97812E4A0A99CB979AF5A33EBD3DB623FE4BEAE4FBB","TESTBENCH_NOT_IN_PRODUCTION_SYNTHESIS_FILESET","VIVADO_DEFAULT_NON_2008_COMPATIBLE_OR_STRUCTURAL_LINE","VIVADO_DEFAULT_NON_2008_COMPATIBLE_BY_EXACT_CONTEXT_AUDIT","NO_REWRITE","      end if;"
"tests/v41/tb_r1f_preinit_equivalence.vhd","ADDED","","130","91B5EE088CF70811415676A461E6BE19391E0354BB8D7E6CF2C5A4AC8C4F326E","TESTBENCH_NOT_IN_PRODUCTION_SYNTHESIS_FILESET","VIVADO_DEFAULT_NON_2008_COMPATIBLE_OR_STRUCTURAL_LINE","VIVADO_DEFAULT_NON_2008_COMPATIBLE_BY_EXACT_CONTEXT_AUDIT","NO_REWRITE","    end if;"
"tests/v41/tb_r1f_preinit_equivalence.vhd","ADDED","","131","72AF5DA594AC28A2C68ED05DF3ED2BAE2B3B206000F5AD9F02378338C5947828","TESTBENCH_NOT_IN_PRODUCTION_SYNTHESIS_FILESET","VIVADO_DEFAULT_NON_2008_COMPATIBLE_OR_STRUCTURAL_LINE","VIVADO_DEFAULT_NON_2008_COMPATIBLE_BY_EXACT_CONTEXT_AUDIT","NO_REWRITE","  end process;"
"tests/v41/tb_r1f_preinit_equivalence.vhd","ADDED","","132","E3B0C44298FC1C149AFBF4C8996FB92427AE41E4649B934CA495991B7852B855","TESTBENCH_NOT_IN_PRODUCTION_SYNTHESIS_FILESET","COMMENT_OR_BLANK","NOT_EXECUTABLE_LANGUAGE_CONSTRUCT","NO_REWRITE",""
"tests/v41/tb_r1f_preinit_equivalence.vhd","ADDED","","133","3BE4B086EBB67B953E08704A5F948E8F14369F01E3A8D55A04C0E4DC46C150D1","TESTBENCH_NOT_IN_PRODUCTION_SYNTHESIS_FILESET","VIVADO_DEFAULT_NON_2008_COMPATIBLE_OR_STRUCTURAL_LINE","VIVADO_DEFAULT_NON_2008_COMPATIBLE_BY_EXACT_CONTEXT_AUDIT","NO_REWRITE","  cycle_equivalence : process(clk)"
"tests/v41/tb_r1f_preinit_equivalence.vhd","ADDED","","134","8EDD123376F4332998295C75BF6C00885F2B58AF5BFD8B857D6E142895E27EDA","TESTBENCH_NOT_IN_PRODUCTION_SYNTHESIS_FILESET","VIVADO_DEFAULT_NON_2008_COMPATIBLE_OR_STRUCTURAL_LINE","VIVADO_DEFAULT_NON_2008_COMPATIBLE_BY_EXACT_CONTEXT_AUDIT","NO_REWRITE","  begin"
"tests/v41/tb_r1f_preinit_equivalence.vhd","ADDED","","135","5C28779FFEB3DBEBB8A1D427C291F7414EF6EB44A421D788E2B73E0054AA8A6A","TESTBENCH_NOT_IN_PRODUCTION_SYNTHESIS_FILESET","VIVADO_DEFAULT_NON_2008_COMPATIBLE_OR_STRUCTURAL_LINE","VIVADO_DEFAULT_NON_2008_COMPATIBLE_BY_EXACT_CONTEXT_AUDIT","NO_REWRITE","    if rising_edge(clk) then"
"tests/v41/tb_r1f_preinit_equivalence.vhd","ADDED","","136","4B955200D03F2FB494E953F11F02BB48797F1242EDDC2E8B7AC60EC85A3461C9","TESTBENCH_NOT_IN_PRODUCTION_SYNTHESIS_FILESET","VIVADO_DEFAULT_NON_2008_COMPATIBLE_OR_STRUCTURAL_LINE","VIVADO_DEFAULT_NON_2008_COMPATIBLE_BY_EXACT_CONTEXT_AUDIT","NO_REWRITE","      if rst = '0' then"
"tests/v41/tb_r1f_preinit_equivalence.vhd","ADDED","","137","894B4A8A57F2532B761E66B4DC2C0EEF5C2C88EDFA0135996D0B16E8683CFC13","TESTBENCH_NOT_IN_PRODUCTION_SYNTHESIS_FILESET","VIVADO_DEFAULT_NON_2008_COMPATIBLE_OR_STRUCTURAL_LINE","VIVADO_DEFAULT_NON_2008_COMPATIBLE_BY_EXACT_CONTEXT_AUDIT","NO_REWRITE","        assert cand_nvp_rst = ref_nvp_rst"
"tests/v41/tb_r1f_preinit_equivalence.vhd","ADDED","","138","8100A689EBCF6394C400108BFC37CB6D155A4A499DB40D53F31D4FFE2790AF74","TESTBENCH_NOT_IN_PRODUCTION_SYNTHESIS_FILESET","VIVADO_DEFAULT_NON_2008_COMPATIBLE_OR_STRUCTURAL_LINE","VIVADO_DEFAULT_NON_2008_COMPATIBLE_BY_EXACT_CONTEXT_AUDIT","NO_REWRITE","          report ""nvp_rst changed before reference init_done"" severity failure;"
"tests/v41/tb_r1f_preinit_equivalence.vhd","ADDED","","139","43332F83479ED2A7806486257A9573136AFECD0695A60F93FADF8CE9B1CA8239","TESTBENCH_NOT_IN_PRODUCTION_SYNTHESIS_FILESET","VIVADO_DEFAULT_NON_2008_COMPATIBLE_OR_STRUCTURAL_LINE","VIVADO_DEFAULT_NON_2008_COMPATIBLE_BY_EXACT_CONTEXT_AUDIT","NO_REWRITE","        assert cand_en1x = ref_en1x and cand_en3x = ref_en3x"
"tests/v41/tb_r1f_preinit_equivalence.vhd","ADDED","","140","4807997B2A49A60919C5113942F038D74932404AB2EBE9396E90DE6E2A781D0E","TESTBENCH_NOT_IN_PRODUCTION_SYNTHESIS_FILESET","VIVADO_DEFAULT_NON_2008_COMPATIBLE_OR_STRUCTURAL_LINE","VIVADO_DEFAULT_NON_2008_COMPATIBLE_BY_EXACT_CONTEXT_AUDIT","NO_REWRITE","          report ""power-enable behavior changed before reference init_done"" severity failure;"
"tests/v41/tb_r1f_preinit_equivalence.vhd","ADDED","","141","C941B01F2A49E96CCA690E73CA8CC4BCBC0FB88B81F00A294A1D20CFADF42090","TESTBENCH_NOT_IN_PRODUCTION_SYNTHESIS_FILESET","VIVADO_DEFAULT_NON_2008_COMPATIBLE_OR_STRUCTURAL_LINE","VIVADO_DEFAULT_NON_2008_COMPATIBLE_BY_EXACT_CONTEXT_AUDIT","NO_REWRITE","        assert cand_scl_oen = ref_scl_oen and cand_sda_oen = ref_sda_oen"
"tests/v41/tb_r1f_preinit_equivalence.vhd","ADDED","","142","3E65BFAAE2D3E6679F078C43EFA83D90A533C422A03FA5406BFB400171273885","TESTBENCH_NOT_IN_PRODUCTION_SYNTHESIS_FILESET","VIVADO_DEFAULT_NON_2008_COMPATIBLE_OR_STRUCTURAL_LINE","VIVADO_DEFAULT_NON_2008_COMPATIBLE_BY_EXACT_CONTEXT_AUDIT","NO_REWRITE","          report ""autoinit open-drain release request changed"" severity failure;"
"tests/v41/tb_r1f_preinit_equivalence.vhd","ADDED","","143","DCAF5A91998C45BD986788F44B9E59936758FA7F1A6D732C6C7C1B5668C104DE","TESTBENCH_NOT_IN_PRODUCTION_SYNTHESIS_FILESET","VIVADO_DEFAULT_NON_2008_COMPATIBLE_OR_STRUCTURAL_LINE","VIVADO_DEFAULT_NON_2008_COMPATIBLE_BY_EXACT_CONTEXT_AUDIT","NO_REWRITE","        assert cand_busy = ref_busy and cand_done = ref_done and"
"tests/v41/tb_r1f_preinit_equivalence.vhd","ADDED","","144","349B0577744473F483ECB0087164C6D85785574C27B8E022B85502D02E3ED986","TESTBENCH_NOT_IN_PRODUCTION_SYNTHESIS_FILESET","VIVADO_DEFAULT_NON_2008_COMPATIBLE_OR_STRUCTURAL_LINE","VIVADO_DEFAULT_NON_2008_COMPATIBLE_BY_EXACT_CONTEXT_AUDIT","NO_REWRITE","               cand_error = ref_error"
"tests/v41/tb_r1f_preinit_equivalence.vhd","ADDED","","145","90D4D6E30CEE2A7868FA00426FE053B0344FCECE46DDEBB7694AAD0FC3CD5AD8","TESTBENCH_NOT_IN_PRODUCTION_SYNTHESIS_FILESET","VIVADO_DEFAULT_NON_2008_COMPATIBLE_OR_STRUCTURAL_LINE","VIVADO_DEFAULT_NON_2008_COMPATIBLE_BY_EXACT_CONTEXT_AUDIT","NO_REWRITE","          report ""autoinit terminal/control output changed"" severity failure;"
"tests/v41/tb_r1f_preinit_equivalence.vhd","ADDED","","146","A13F8459B6ACB63E07B1DF7C56BD784316E19CB19A9B812E48BE6EFF4D184C9B","TESTBENCH_NOT_IN_PRODUCTION_SYNTHESIS_FILESET","VIVADO_DEFAULT_NON_2008_COMPATIBLE_OR_STRUCTURAL_LINE","VIVADO_DEFAULT_NON_2008_COMPATIBLE_BY_EXACT_CONTEXT_AUDIT","NO_REWRITE","        assert cand_diag = ref_diag"
"tests/v41/tb_r1f_preinit_equivalence.vhd","ADDED","","147","9859CC9F03E1FEAB8E7660326381B2FCEEA944C34BB95787D0D7BF5B684C58EC","TESTBENCH_NOT_IN_PRODUCTION_SYNTHESIS_FILESET","VIVADO_DEFAULT_NON_2008_COMPATIBLE_OR_STRUCTURAL_LINE","VIVADO_DEFAULT_NON_2008_COMPATIBLE_BY_EXACT_CONTEXT_AUDIT","NO_REWRITE","          report ""legacy diag_detail or transaction/state stream changed"" severity failure;"
"tests/v41/tb_r1f_preinit_equivalence.vhd","ADDED","","148","82665B83E7F46B52C5EBA97812E4A0A99CB979AF5A33EBD3DB623FE4BEAE4FBB","TESTBENCH_NOT_IN_PRODUCTION_SYNTHESIS_FILESET","VIVADO_DEFAULT_NON_2008_COMPATIBLE_OR_STRUCTURAL_LINE","VIVADO_DEFAULT_NON_2008_COMPATIBLE_BY_EXACT_CONTEXT_AUDIT","NO_REWRITE","      end if;"
"tests/v41/tb_r1f_preinit_equivalence.vhd","ADDED","","149","E3B0C44298FC1C149AFBF4C8996FB92427AE41E4649B934CA495991B7852B855","TESTBENCH_NOT_IN_PRODUCTION_SYNTHESIS_FILESET","COMMENT_OR_BLANK","NOT_EXECUTABLE_LANGUAGE_CONSTRUCT","NO_REWRITE",""
"tests/v41/tb_r1f_preinit_equivalence.vhd","ADDED","","150","DACB791E925E6ED9B894AB9CBBC4B1FAF03474C6B257EAF58DB6D21E6144293C","TESTBENCH_NOT_IN_PRODUCTION_SYNTHESIS_FILESET","VIVADO_DEFAULT_NON_2008_COMPATIBLE_OR_STRUCTURAL_LINE","VIVADO_DEFAULT_NON_2008_COMPATIBLE_BY_EXACT_CONTEXT_AUDIT","NO_REWRITE","      if ref_done = '1' and cand_done = '1' then"
"tests/v41/tb_r1f_preinit_equivalence.vhd","ADDED","","151","19284DAA193B3E55A178B870E41A60E984E87873017D6AE26449A841165F9455","TESTBENCH_NOT_IN_PRODUCTION_SYNTHESIS_FILESET","VIVADO_DEFAULT_NON_2008_COMPATIBLE_OR_STRUCTURAL_LINE","VIVADO_DEFAULT_NON_2008_COMPATIBLE_BY_EXACT_CONTEXT_AUDIT","NO_REWRITE","        post_done_cycles <= post_done_cycles + 1;"
"tests/v41/tb_r1f_preinit_equivalence.vhd","ADDED","","152","A813F0DA11F003CB0D0F03D65D83C00AF711210CDF6BCC1BF6B6AEE946FF74D7","TESTBENCH_NOT_IN_PRODUCTION_SYNTHESIS_FILESET","VIVADO_DEFAULT_NON_2008_COMPATIBLE_OR_STRUCTURAL_LINE","VIVADO_DEFAULT_NON_2008_COMPATIBLE_BY_EXACT_CONTEXT_AUDIT","NO_REWRITE","        if post_done_cycles = 3 then"
"tests/v41/tb_r1f_preinit_equivalence.vhd","ADDED","","153","B29BE028ADA3B004600CD7F5DB6D617933B1597CD3A80E13D7CAEB2798A5F6E8","TESTBENCH_NOT_IN_PRODUCTION_SYNTHESIS_FILESET","VIVADO_DEFAULT_NON_2008_COMPATIBLE_OR_STRUCTURAL_LINE","VIVADO_DEFAULT_NON_2008_COMPATIBLE_BY_EXACT_CONTEXT_AUDIT","NO_REWRITE","          assert cand_inv_errors = x""00000000"""
"tests/v41/tb_r1f_preinit_equivalence.vhd","ADDED","","154","A9152E601A1C20349AEE14B35CE226B592C1DD720E34B7B119A7777AA6B8C23B","TESTBENCH_NOT_IN_PRODUCTION_SYNTHESIS_FILESET","VIVADO_DEFAULT_NON_2008_COMPATIBLE_OR_STRUCTURAL_LINE","VIVADO_DEFAULT_NON_2008_COMPATIBLE_BY_EXACT_CONTEXT_AUDIT","NO_REWRITE","            report ""candidate bank invariant error in all-ACK equivalence run"" severity failure;"
"tests/v41/tb_r1f_preinit_equivalence.vhd","ADDED","","155","F2047DE4376826D03BF6E360938020D3860BC926DC873DD180CAC61F747CCA8E","TESTBENCH_NOT_IN_PRODUCTION_SYNTHESIS_FILESET","VIVADO_DEFAULT_NON_2008_COMPATIBLE_OR_STRUCTURAL_LINE","VIVADO_DEFAULT_NON_2008_COMPATIBLE_BY_EXACT_CONTEXT_AUDIT","NO_REWRITE","          assert cand_first_inv_error = x""00000000"""
"tests/v41/tb_r1f_preinit_equivalence.vhd","ADDED","","156","1C589565466232F18BB0DDA05D8B760C2094EE4D8AB289F1D510A93634082BDB","TESTBENCH_NOT_IN_PRODUCTION_SYNTHESIS_FILESET","VIVADO_DEFAULT_NON_2008_COMPATIBLE_OR_STRUCTURAL_LINE","VIVADO_DEFAULT_NON_2008_COMPATIBLE_BY_EXACT_CONTEXT_AUDIT","NO_REWRITE","            report ""unexpected first bank invariant error record"" severity failure;"
"tests/v41/tb_r1f_preinit_equivalence.vhd","ADDED","","157","34FD245673BCF05D35A193B5A40FA0DE4272A33856F450ABA49272A8ACCDFAE8","TESTBENCH_NOT_IN_PRODUCTION_SYNTHESIS_FILESET","VIVADO_DEFAULT_NON_2008_COMPATIBLE_OR_STRUCTURAL_LINE","VIVADO_DEFAULT_NON_2008_COMPATIBLE_BY_EXACT_CONTEXT_AUDIT","NO_REWRITE","          assert to_integer(unsigned(cand_inv_checks)) ="
"tests/v41/tb_r1f_preinit_equivalence.vhd","ADDED","","158","FFCFE4A3E1DA0EBE464DE9DE80E4ACA816D63117645A7160F2C5E09C63665564","TESTBENCH_NOT_IN_PRODUCTION_SYNTHESIS_FILESET","VIVADO_DEFAULT_NON_2008_COMPATIBLE_OR_STRUCTURAL_LINE","VIVADO_DEFAULT_NON_2008_COMPATIBLE_BY_EXACT_CONTEXT_AUDIT","NO_REWRITE","                 12 * to_integer(unsigned(cand_txn_counters(31 downto 0)))"
"tests/v41/tb_r1f_preinit_equivalence.vhd","ADDED","","159","93AE0AA2E601FAFEB5BD81493587BCE51FE4A61F1F0A202C5A6BBEA2E096E663","TESTBENCH_NOT_IN_PRODUCTION_SYNTHESIS_FILESET","VIVADO_DEFAULT_NON_2008_COMPATIBLE_OR_STRUCTURAL_LINE","VIVADO_DEFAULT_NON_2008_COMPATIBLE_BY_EXACT_CONTEXT_AUDIT","NO_REWRITE","            report ""bank invariant check count is not 12 per transaction"""
"tests/v41/tb_r1f_preinit_equivalence.vhd","ADDED","","160","9EC4590A1FCDB8FC3C11F699B8597E049F6DAD7241D0A61400E9046EC40DAC90","TESTBENCH_NOT_IN_PRODUCTION_SYNTHESIS_FILESET","VIVADO_DEFAULT_NON_2008_COMPATIBLE_OR_STRUCTURAL_LINE","VIVADO_DEFAULT_NON_2008_COMPATIBLE_BY_EXACT_CONTEXT_AUDIT","NO_REWRITE","            severity failure;"
"tests/v41/tb_r1f_preinit_equivalence.vhd","ADDED","","161","6AFAE6338F55C018C1F17E342D8073DEFC5644640026BD0EE6A165F3D37FBED5","TESTBENCH_NOT_IN_PRODUCTION_SYNTHESIS_FILESET","VIVADO_DEFAULT_NON_2008_COMPATIBLE_OR_STRUCTURAL_LINE","VIVADO_DEFAULT_NON_2008_COMPATIBLE_BY_EXACT_CONTEXT_AUDIT","NO_REWRITE","          assert cand_txn_serial_overflow = '0'"
"tests/v41/tb_r1f_preinit_equivalence.vhd","ADDED","","162","19F2CBE2928BA6D81BE5D9401A3D388C3314A4014A829435EF08460BA1CB0467","TESTBENCH_NOT_IN_PRODUCTION_SYNTHESIS_FILESET","VIVADO_DEFAULT_NON_2008_COMPATIBLE_OR_STRUCTURAL_LINE","VIVADO_DEFAULT_NON_2008_COMPATIBLE_BY_EXACT_CONTEXT_AUDIT","NO_REWRITE","            report ""unexpected transaction serial overflow"" severity failure;"
"tests/v41/tb_r1f_preinit_equivalence.vhd","ADDED","","163","8E07F7CC3C96213D658D8ACC3FF2CF9E3C380271FCC9264D85482AF0C72DB201","TESTBENCH_NOT_IN_PRODUCTION_SYNTHESIS_FILESET","VIVADO_DEFAULT_NON_2008_COMPATIBLE_OR_STRUCTURAL_LINE","VIVADO_DEFAULT_NON_2008_COMPATIBLE_BY_EXACT_CONTEXT_AUDIT","NO_REWRITE","          report ""PASS PRE_INIT_DONE_CYCLE_EQUIVALENCE"" severity note;"
"tests/v41/tb_r1f_preinit_equivalence.vhd","ADDED","","164","279B7E75548B018BD8609C605D3B1865365769C900B761CDB2D60DCC1A6AD359","TESTBENCH_NOT_IN_PRODUCTION_SYNTHESIS_FILESET","VIVADO_DEFAULT_NON_2008_COMPATIBLE_OR_STRUCTURAL_LINE","VIVADO_DEFAULT_NON_2008_COMPATIBLE_BY_EXACT_CONTEXT_AUDIT","NO_REWRITE","          report ""PASS AUTOINIT_TRANSACTION_STREAM_BYTE_IDENTICAL"" severity note;"
"tests/v41/tb_r1f_preinit_equivalence.vhd","ADDED","","165","442054CF75957D1CBB762C4FD4C8CE4386F53131FE4F0E487F65164B07DAE665","TESTBENCH_NOT_IN_PRODUCTION_SYNTHESIS_FILESET","VIVADO_DEFAULT_NON_2008_COMPATIBLE_OR_STRUCTURAL_LINE","VIVADO_DEFAULT_NON_2008_COMPATIBLE_BY_EXACT_CONTEXT_AUDIT","NO_REWRITE","          report ""PASS AUTOINIT_FUNCTIONAL_STATE_SEQUENCE_IDENTICAL"" severity note;"
"tests/v41/tb_r1f_preinit_equivalence.vhd","ADDED","","166","8E4A308F636B8CC17AF8EBF76BC5C859927E0038BACA50D5C256BE09791090B5","TESTBENCH_NOT_IN_PRODUCTION_SYNTHESIS_FILESET","STD_ENV_CONTROL_STATEMENT","VHDL2008_ONLY_TESTBENCH_HARNESS","NOT_PRODUCTION_REWRITE_REFERENCE_SIMULATION_MODE","          stop;"
"tests/v41/tb_r1f_preinit_equivalence.vhd","ADDED","","167","D40ED8AB252A9AFB82DE92A1491CBA818C79C2F9408B03AF30C10BF3C0572C18","TESTBENCH_NOT_IN_PRODUCTION_SYNTHESIS_FILESET","VIVADO_DEFAULT_NON_2008_COMPATIBLE_OR_STRUCTURAL_LINE","VIVADO_DEFAULT_NON_2008_COMPATIBLE_BY_EXACT_CONTEXT_AUDIT","NO_REWRITE","        end if;"
"tests/v41/tb_r1f_preinit_equivalence.vhd","ADDED","","168","82665B83E7F46B52C5EBA97812E4A0A99CB979AF5A33EBD3DB623FE4BEAE4FBB","TESTBENCH_NOT_IN_PRODUCTION_SYNTHESIS_FILESET","VIVADO_DEFAULT_NON_2008_COMPATIBLE_OR_STRUCTURAL_LINE","VIVADO_DEFAULT_NON_2008_COMPATIBLE_BY_EXACT_CONTEXT_AUDIT","NO_REWRITE","      end if;"
"tests/v41/tb_r1f_preinit_equivalence.vhd","ADDED","","169","91B5EE088CF70811415676A461E6BE19391E0354BB8D7E6CF2C5A4AC8C4F326E","TESTBENCH_NOT_IN_PRODUCTION_SYNTHESIS_FILESET","VIVADO_DEFAULT_NON_2008_COMPATIBLE_OR_STRUCTURAL_LINE","VIVADO_DEFAULT_NON_2008_COMPATIBLE_BY_EXACT_CONTEXT_AUDIT","NO_REWRITE","    end if;"
"tests/v41/tb_r1f_preinit_equivalence.vhd","ADDED","","170","72AF5DA594AC28A2C68ED05DF3ED2BAE2B3B206000F5AD9F02378338C5947828","TESTBENCH_NOT_IN_PRODUCTION_SYNTHESIS_FILESET","VIVADO_DEFAULT_NON_2008_COMPATIBLE_OR_STRUCTURAL_LINE","VIVADO_DEFAULT_NON_2008_COMPATIBLE_BY_EXACT_CONTEXT_AUDIT","NO_REWRITE","  end process;"
"tests/v41/tb_r1f_preinit_equivalence.vhd","ADDED","","171","E3B0C44298FC1C149AFBF4C8996FB92427AE41E4649B934CA495991B7852B855","TESTBENCH_NOT_IN_PRODUCTION_SYNTHESIS_FILESET","COMMENT_OR_BLANK","NOT_EXECUTABLE_LANGUAGE_CONSTRUCT","NO_REWRITE",""
"tests/v41/tb_r1f_preinit_equivalence.vhd","ADDED","","172","EE1A8DEDDA4B36F179CE6B6CF58A832670CB544518AB150CFFEC78331BB29A24","TESTBENCH_NOT_IN_PRODUCTION_SYNTHESIS_FILESET","VIVADO_DEFAULT_NON_2008_COMPATIBLE_OR_STRUCTURAL_LINE","VIVADO_DEFAULT_NON_2008_COMPATIBLE_BY_EXACT_CONTEXT_AUDIT","NO_REWRITE","  stimulus : process"
"tests/v41/tb_r1f_preinit_equivalence.vhd","ADDED","","173","8EDD123376F4332998295C75BF6C00885F2B58AF5BFD8B857D6E142895E27EDA","TESTBENCH_NOT_IN_PRODUCTION_SYNTHESIS_FILESET","VIVADO_DEFAULT_NON_2008_COMPATIBLE_OR_STRUCTURAL_LINE","VIVADO_DEFAULT_NON_2008_COMPATIBLE_BY_EXACT_CONTEXT_AUDIT","NO_REWRITE","  begin"
"tests/v41/tb_r1f_preinit_equivalence.vhd","ADDED","","174","F72E68EB1541B891358E4EFA9BB02021F52047A75EAA7AF069C103E473419127","TESTBENCH_NOT_IN_PRODUCTION_SYNTHESIS_FILESET","VIVADO_DEFAULT_NON_2008_COMPATIBLE_OR_STRUCTURAL_LINE","VIVADO_DEFAULT_NON_2008_COMPATIBLE_BY_EXACT_CONTEXT_AUDIT","NO_REWRITE","    wait for 10 us;"
"tests/v41/tb_r1f_preinit_equivalence.vhd","ADDED","","175","76A14D5B2316299D4EC58BA1CB02D1996872B3F6F425175396E9B777A76AB19B","TESTBENCH_NOT_IN_PRODUCTION_SYNTHESIS_FILESET","VIVADO_DEFAULT_NON_2008_COMPATIBLE_OR_STRUCTURAL_LINE","VIVADO_DEFAULT_NON_2008_COMPATIBLE_BY_EXACT_CONTEXT_AUDIT","NO_REWRITE","    wait until falling_edge(clk);"
"tests/v41/tb_r1f_preinit_equivalence.vhd","ADDED","","176","DA5F2CECEDF7733AE59271FE21A0C5294FFCE30FF8D59D5F6A639F9CBB7D1AAE","TESTBENCH_NOT_IN_PRODUCTION_SYNTHESIS_FILESET","VIVADO_DEFAULT_NON_2008_COMPATIBLE_OR_STRUCTURAL_LINE","VIVADO_DEFAULT_NON_2008_COMPATIBLE_BY_EXACT_CONTEXT_AUDIT","NO_REWRITE","    rst <= '0';"
"tests/v41/tb_r1f_preinit_equivalence.vhd","ADDED","","177","B14AD24C6CF609AD036F952388BFDCB2173A6A412DF27BA93A83B87AA636BED5","TESTBENCH_NOT_IN_PRODUCTION_SYNTHESIS_FILESET","VIVADO_DEFAULT_NON_2008_COMPATIBLE_OR_STRUCTURAL_LINE","VIVADO_DEFAULT_NON_2008_COMPATIBLE_BY_EXACT_CONTEXT_AUDIT","NO_REWRITE","    wait for 3 sec;"
"tests/v41/tb_r1f_preinit_equivalence.vhd","ADDED","","178","69AC1BFDF7F4712E4C385C755F2DE4DA2069A1EF126D3F093F57EF6F6431B627","TESTBENCH_NOT_IN_PRODUCTION_SYNTHESIS_FILESET","VIVADO_DEFAULT_NON_2008_COMPATIBLE_OR_STRUCTURAL_LINE","VIVADO_DEFAULT_NON_2008_COMPATIBLE_BY_EXACT_CONTEXT_AUDIT","NO_REWRITE","    assert false report ""pre-init equivalence timeout"" severity failure;"
"tests/v41/tb_r1f_preinit_equivalence.vhd","ADDED","","179","72AF5DA594AC28A2C68ED05DF3ED2BAE2B3B206000F5AD9F02378338C5947828","TESTBENCH_NOT_IN_PRODUCTION_SYNTHESIS_FILESET","VIVADO_DEFAULT_NON_2008_COMPATIBLE_OR_STRUCTURAL_LINE","VIVADO_DEFAULT_NON_2008_COMPATIBLE_BY_EXACT_CONTEXT_AUDIT","NO_REWRITE","  end process;"
"tests/v41/tb_r1f_preinit_equivalence.vhd","ADDED","","180","8233FCEB87C49C25FA36CCD708EC8608E2200D3AF54336096EA92E37414CE4DA","TESTBENCH_NOT_IN_PRODUCTION_SYNTHESIS_FILESET","VIVADO_DEFAULT_NON_2008_COMPATIBLE_OR_STRUCTURAL_LINE","VIVADO_DEFAULT_NON_2008_COMPATIBLE_BY_EXACT_CONTEXT_AUDIT","NO_REWRITE","end architecture;"
"tests/v41/tb_r1f_transaction_serial_counter.vhd","ADDED","","1","9DF6130334A02061EE987944BA80207AC0DDA075CDDD836BCB732A3C92D05EA0","TESTBENCH_NOT_IN_PRODUCTION_SYNTHESIS_FILESET","VIVADO_DEFAULT_NON_2008_COMPATIBLE_OR_STRUCTURAL_LINE","VIVADO_DEFAULT_NON_2008_COMPATIBLE_BY_EXACT_CONTEXT_AUDIT","NO_REWRITE","library ieee;"
"tests/v41/tb_r1f_transaction_serial_counter.vhd","ADDED","","2","8EEF43A910ABB01BBA3DCEA720CDB84E3A1517E6DF2CF697940FC5741AEFD409","TESTBENCH_NOT_IN_PRODUCTION_SYNTHESIS_FILESET","VIVADO_DEFAULT_NON_2008_COMPATIBLE_OR_STRUCTURAL_LINE","VIVADO_DEFAULT_NON_2008_COMPATIBLE_BY_EXACT_CONTEXT_AUDIT","NO_REWRITE","use ieee.std_logic_1164.all;"
"tests/v41/tb_r1f_transaction_serial_counter.vhd","ADDED","","3","6FD8DB575B560F8F696DE1D9DC8BFEC2F4EBDF971089859BA2C39369035D841A","TESTBENCH_NOT_IN_PRODUCTION_SYNTHESIS_FILESET","VIVADO_DEFAULT_NON_2008_COMPATIBLE_OR_STRUCTURAL_LINE","VIVADO_DEFAULT_NON_2008_COMPATIBLE_BY_EXACT_CONTEXT_AUDIT","NO_REWRITE","use ieee.numeric_std.all;"
"tests/v41/tb_r1f_transaction_serial_counter.vhd","ADDED","","4","3CB8B4CAAF046993A495FBB52943CC5DA87B081B61856E8407CE82590211CD0C","TESTBENCH_NOT_IN_PRODUCTION_SYNTHESIS_FILESET","STD_ENV_CONTEXT_CLAUSE","VHDL2008_ONLY_TESTBENCH_HARNESS","NOT_PRODUCTION_REWRITE_REFERENCE_SIMULATION_MODE","use std.env.all;"
"tests/v41/tb_r1f_transaction_serial_counter.vhd","ADDED","","5","E3B0C44298FC1C149AFBF4C8996FB92427AE41E4649B934CA495991B7852B855","TESTBENCH_NOT_IN_PRODUCTION_SYNTHESIS_FILESET","COMMENT_OR_BLANK","NOT_EXECUTABLE_LANGUAGE_CONSTRUCT","NO_REWRITE",""
"tests/v41/tb_r1f_transaction_serial_counter.vhd","ADDED","","6","999266736C813B11A73600736E8D19146D0B67D8CC350F667668D65A21A112E0","TESTBENCH_NOT_IN_PRODUCTION_SYNTHESIS_FILESET","VIVADO_DEFAULT_NON_2008_COMPATIBLE_OR_STRUCTURAL_LINE","VIVADO_DEFAULT_NON_2008_COMPATIBLE_BY_EXACT_CONTEXT_AUDIT","NO_REWRITE","entity tb_r1f_transaction_serial_counter is"
"tests/v41/tb_r1f_transaction_serial_counter.vhd","ADDED","","7","3B1D9C6C51F368D7D8A2953680D6E6D141DFCEAAF1AABE39CDB6A5A811DEC6A6","TESTBENCH_NOT_IN_PRODUCTION_SYNTHESIS_FILESET","VIVADO_DEFAULT_NON_2008_COMPATIBLE_OR_STRUCTURAL_LINE","VIVADO_DEFAULT_NON_2008_COMPATIBLE_BY_EXACT_CONTEXT_AUDIT","NO_REWRITE","end entity;"
"tests/v41/tb_r1f_transaction_serial_counter.vhd","ADDED","","8","E3B0C44298FC1C149AFBF4C8996FB92427AE41E4649B934CA495991B7852B855","TESTBENCH_NOT_IN_PRODUCTION_SYNTHESIS_FILESET","COMMENT_OR_BLANK","NOT_EXECUTABLE_LANGUAGE_CONSTRUCT","NO_REWRITE",""
"tests/v41/tb_r1f_transaction_serial_counter.vhd","ADDED","","9","2DADFBD74F8AAC3B2A19A4EA268E5956FEAE61DE00D5196412AD78D819607BAF","TESTBENCH_NOT_IN_PRODUCTION_SYNTHESIS_FILESET","VIVADO_DEFAULT_NON_2008_COMPATIBLE_OR_STRUCTURAL_LINE","VIVADO_DEFAULT_NON_2008_COMPATIBLE_BY_EXACT_CONTEXT_AUDIT","NO_REWRITE","architecture sim of tb_r1f_transaction_serial_counter is"
"tests/v41/tb_r1f_transaction_serial_counter.vhd","ADDED","","10","655F8BAA79EEA613EFB0FC67A9891ADB14633A2B78DDDEB63AC5A8E7E5089A74","TESTBENCH_NOT_IN_PRODUCTION_SYNTHESIS_FILESET","VIVADO_DEFAULT_NON_2008_COMPATIBLE_OR_STRUCTURAL_LINE","VIVADO_DEFAULT_NON_2008_COMPATIBLE_BY_EXACT_CONTEXT_AUDIT","NO_REWRITE","  signal clk : std_logic := '0';"
"tests/v41/tb_r1f_transaction_serial_counter.vhd","ADDED","","11","B5B2617D0DFD1C3C9DA0525624721B9423F2A113991C776EF93E7DA70CC3EB56","TESTBENCH_NOT_IN_PRODUCTION_SYNTHESIS_FILESET","VIVADO_DEFAULT_NON_2008_COMPATIBLE_OR_STRUCTURAL_LINE","VIVADO_DEFAULT_NON_2008_COMPATIBLE_BY_EXACT_CONTEXT_AUDIT","NO_REWRITE","  signal rst : std_logic := '1';"
"tests/v41/tb_r1f_transaction_serial_counter.vhd","ADDED","","12","873D5CBAD350610D90C3C68D0B2567F54679E6C7DE120AF8859B9419C2FE435B","TESTBENCH_NOT_IN_PRODUCTION_SYNTHESIS_FILESET","VIVADO_DEFAULT_NON_2008_COMPATIBLE_OR_STRUCTURAL_LINE","VIVADO_DEFAULT_NON_2008_COMPATIBLE_BY_EXACT_CONTEXT_AUDIT","NO_REWRITE","  signal clear_run : std_logic := '0';"
"tests/v41/tb_r1f_transaction_serial_counter.vhd","ADDED","","13","C1CCB38CEB5604C070D5A899607804EFE3E65F4FD748D8766E1FCB8B4EDE5783","TESTBENCH_NOT_IN_PRODUCTION_SYNTHESIS_FILESET","VIVADO_DEFAULT_NON_2008_COMPATIBLE_OR_STRUCTURAL_LINE","VIVADO_DEFAULT_NON_2008_COMPATIBLE_BY_EXACT_CONTEXT_AUDIT","NO_REWRITE","  signal transaction_start : std_logic := '0';"
"tests/v41/tb_r1f_transaction_serial_counter.vhd","ADDED","","14","1A45021EA2AEB5CF53307A075ACDDC41EAA17BF3F2729FAD9CBFADE92EE56358","TESTBENCH_NOT_IN_PRODUCTION_SYNTHESIS_FILESET","VIVADO_DEFAULT_NON_2008_COMPATIBLE_OR_STRUCTURAL_LINE","VIVADO_DEFAULT_NON_2008_COMPATIBLE_BY_EXACT_CONTEXT_AUDIT","NO_REWRITE","  signal current_index, next_index : std_logic_vector(15 downto 0);"
"tests/v41/tb_r1f_transaction_serial_counter.vhd","ADDED","","15","4BDC8A679429AED88E96E4D6E3FF4782F975D877B928507942EF652ED8C4BFB9","TESTBENCH_NOT_IN_PRODUCTION_SYNTHESIS_FILESET","VIVADO_DEFAULT_NON_2008_COMPATIBLE_OR_STRUCTURAL_LINE","VIVADO_DEFAULT_NON_2008_COMPATIBLE_BY_EXACT_CONTEXT_AUDIT","NO_REWRITE","  signal overflow : std_logic;"
"tests/v41/tb_r1f_transaction_serial_counter.vhd","ADDED","","16","E6F07D43B5C21DB0FBB9A31FEAC2DC599787763393DD5ACBFAD80E247EB02AD5","TESTBENCH_NOT_IN_PRODUCTION_SYNTHESIS_FILESET","VIVADO_DEFAULT_NON_2008_COMPATIBLE_OR_STRUCTURAL_LINE","VIVADO_DEFAULT_NON_2008_COMPATIBLE_BY_EXACT_CONTEXT_AUDIT","NO_REWRITE","begin"
"tests/v41/tb_r1f_transaction_serial_counter.vhd","ADDED","","17","DC5D1F6B36030D6910499632ADB89728A351E9C02453617403E2D0C75239C553","TESTBENCH_NOT_IN_PRODUCTION_SYNTHESIS_FILESET","VIVADO_DEFAULT_NON_2008_COMPATIBLE_OR_STRUCTURAL_LINE","VIVADO_DEFAULT_NON_2008_COMPATIBLE_BY_EXACT_CONTEXT_AUDIT","NO_REWRITE","  clk <= not clk after 5 ns;"
"tests/v41/tb_r1f_transaction_serial_counter.vhd","ADDED","","18","E3B0C44298FC1C149AFBF4C8996FB92427AE41E4649B934CA495991B7852B855","TESTBENCH_NOT_IN_PRODUCTION_SYNTHESIS_FILESET","COMMENT_OR_BLANK","NOT_EXECUTABLE_LANGUAGE_CONSTRUCT","NO_REWRITE",""
"tests/v41/tb_r1f_transaction_serial_counter.vhd","ADDED","","19","293C310E289EB5DAA1568AF261DC2B319596E827F014C4DF5F2760275D238DAB","TESTBENCH_NOT_IN_PRODUCTION_SYNTHESIS_FILESET","VIVADO_DEFAULT_NON_2008_COMPATIBLE_OR_STRUCTURAL_LINE","VIVADO_DEFAULT_NON_2008_COMPATIBLE_BY_EXACT_CONTEXT_AUDIT","NO_REWRITE","  dut : entity work.r1f_transaction_serial_counter"
"tests/v41/tb_r1f_transaction_serial_counter.vhd","ADDED","","20","E2FEEBBCF272417F110C4746756FA0A195B3494F7CB22CCFB203815C71D78981","TESTBENCH_NOT_IN_PRODUCTION_SYNTHESIS_FILESET","VIVADO_DEFAULT_NON_2008_COMPATIBLE_OR_STRUCTURAL_LINE","VIVADO_DEFAULT_NON_2008_COMPATIBLE_BY_EXACT_CONTEXT_AUDIT","NO_REWRITE","    port map("
"tests/v41/tb_r1f_transaction_serial_counter.vhd","ADDED","","21","045C0D05E10FA74CEE1F35E71A080E7181BAAF1DA85B0FA6EC86D7E3FBFD51C3","TESTBENCH_NOT_IN_PRODUCTION_SYNTHESIS_FILESET","VIVADO_DEFAULT_NON_2008_COMPATIBLE_OR_STRUCTURAL_LINE","VIVADO_DEFAULT_NON_2008_COMPATIBLE_BY_EXACT_CONTEXT_AUDIT","NO_REWRITE","      clk => clk, rst => rst, clear_run => clear_run,"
"tests/v41/tb_r1f_transaction_serial_counter.vhd","ADDED","","22","7A60A96E7C21F8D25E1AF84D203CFB00E415294BF9FDCC8595B520A4498B2960","TESTBENCH_NOT_IN_PRODUCTION_SYNTHESIS_FILESET","VIVADO_DEFAULT_NON_2008_COMPATIBLE_OR_STRUCTURAL_LINE","VIVADO_DEFAULT_NON_2008_COMPATIBLE_BY_EXACT_CONTEXT_AUDIT","NO_REWRITE","      transaction_start => transaction_start,"
"tests/v41/tb_r1f_transaction_serial_counter.vhd","ADDED","","23","880C536E92499F758ABB50FAEBC9EC5A9B1DCC0F85B4573939A837BB6C5B1BFA","TESTBENCH_NOT_IN_PRODUCTION_SYNTHESIS_FILESET","VIVADO_DEFAULT_NON_2008_COMPATIBLE_OR_STRUCTURAL_LINE","VIVADO_DEFAULT_NON_2008_COMPATIBLE_BY_EXACT_CONTEXT_AUDIT","NO_REWRITE","      current_index => current_index, next_index => next_index,"
"tests/v41/tb_r1f_transaction_serial_counter.vhd","ADDED","","24","FE980966FD32277D38A995BF9EA0BF400D448732F3211557064E08842E3720C8","TESTBENCH_NOT_IN_PRODUCTION_SYNTHESIS_FILESET","VIVADO_DEFAULT_NON_2008_COMPATIBLE_OR_STRUCTURAL_LINE","VIVADO_DEFAULT_NON_2008_COMPATIBLE_BY_EXACT_CONTEXT_AUDIT","NO_REWRITE","      overflow => overflow"
"tests/v41/tb_r1f_transaction_serial_counter.vhd","ADDED","","25","67694C125CCA8CA0A62725DFEF58E8526EAB4D227697D733F055295D901FC772","TESTBENCH_NOT_IN_PRODUCTION_SYNTHESIS_FILESET","VIVADO_DEFAULT_NON_2008_COMPATIBLE_OR_STRUCTURAL_LINE","VIVADO_DEFAULT_NON_2008_COMPATIBLE_BY_EXACT_CONTEXT_AUDIT","NO_REWRITE","    );"
"tests/v41/tb_r1f_transaction_serial_counter.vhd","ADDED","","26","E3B0C44298FC1C149AFBF4C8996FB92427AE41E4649B934CA495991B7852B855","TESTBENCH_NOT_IN_PRODUCTION_SYNTHESIS_FILESET","COMMENT_OR_BLANK","NOT_EXECUTABLE_LANGUAGE_CONSTRUCT","NO_REWRITE",""
"tests/v41/tb_r1f_transaction_serial_counter.vhd","ADDED","","27","EE1A8DEDDA4B36F179CE6B6CF58A832670CB544518AB150CFFEC78331BB29A24","TESTBENCH_NOT_IN_PRODUCTION_SYNTHESIS_FILESET","VIVADO_DEFAULT_NON_2008_COMPATIBLE_OR_STRUCTURAL_LINE","VIVADO_DEFAULT_NON_2008_COMPATIBLE_BY_EXACT_CONTEXT_AUDIT","NO_REWRITE","  stimulus : process"
"tests/v41/tb_r1f_transaction_serial_counter.vhd","ADDED","","28","8EDD123376F4332998295C75BF6C00885F2B58AF5BFD8B857D6E142895E27EDA","TESTBENCH_NOT_IN_PRODUCTION_SYNTHESIS_FILESET","VIVADO_DEFAULT_NON_2008_COMPATIBLE_OR_STRUCTURAL_LINE","VIVADO_DEFAULT_NON_2008_COMPATIBLE_BY_EXACT_CONTEXT_AUDIT","NO_REWRITE","  begin"
"tests/v41/tb_r1f_transaction_serial_counter.vhd","ADDED","","29","31A6F163F4F37F606ED42D0BABFF2AD41842AC3F5945113D48B4CE6F06070B6E","TESTBENCH_NOT_IN_PRODUCTION_SYNTHESIS_FILESET","VIVADO_DEFAULT_NON_2008_COMPATIBLE_OR_STRUCTURAL_LINE","VIVADO_DEFAULT_NON_2008_COMPATIBLE_BY_EXACT_CONTEXT_AUDIT","NO_REWRITE","    wait for 20 ns;"
"tests/v41/tb_r1f_transaction_serial_counter.vhd","ADDED","","30","76A14D5B2316299D4EC58BA1CB02D1996872B3F6F425175396E9B777A76AB19B","TESTBENCH_NOT_IN_PRODUCTION_SYNTHESIS_FILESET","VIVADO_DEFAULT_NON_2008_COMPATIBLE_OR_STRUCTURAL_LINE","VIVADO_DEFAULT_NON_2008_COMPATIBLE_BY_EXACT_CONTEXT_AUDIT","NO_REWRITE","    wait until falling_edge(clk);"
"tests/v41/tb_r1f_transaction_serial_counter.vhd","ADDED","","31","DA5F2CECEDF7733AE59271FE21A0C5294FFCE30FF8D59D5F6A639F9CBB7D1AAE","TESTBENCH_NOT_IN_PRODUCTION_SYNTHESIS_FILESET","VIVADO_DEFAULT_NON_2008_COMPATIBLE_OR_STRUCTURAL_LINE","VIVADO_DEFAULT_NON_2008_COMPATIBLE_BY_EXACT_CONTEXT_AUDIT","NO_REWRITE","    rst <= '0';"
"tests/v41/tb_r1f_transaction_serial_counter.vhd","ADDED","","32","C73A996FE231AF738AC4735736981281A2D1CDD956788843548C57E8D06E584A","TESTBENCH_NOT_IN_PRODUCTION_SYNTHESIS_FILESET","VIVADO_DEFAULT_NON_2008_COMPATIBLE_OR_STRUCTURAL_LINE","VIVADO_DEFAULT_NON_2008_COMPATIBLE_BY_EXACT_CONTEXT_AUDIT","NO_REWRITE","    for expected_index in 0 to 300 loop"
"tests/v41/tb_r1f_transaction_serial_counter.vhd","ADDED","","33","C578EDCCA1EA8BDB32AD889240A634746598210804FFECA68E7A90128D065408","TESTBENCH_NOT_IN_PRODUCTION_SYNTHESIS_FILESET","VIVADO_DEFAULT_NON_2008_COMPATIBLE_OR_STRUCTURAL_LINE","VIVADO_DEFAULT_NON_2008_COMPATIBLE_BY_EXACT_CONTEXT_AUDIT","NO_REWRITE","      transaction_start <= '1';"
"tests/v41/tb_r1f_transaction_serial_counter.vhd","ADDED","","34","FB6017A1FADC0B75CDC231E8BBB11455BB85513955C783EEDAAC6618AC73C9BC","TESTBENCH_NOT_IN_PRODUCTION_SYNTHESIS_FILESET","VIVADO_DEFAULT_NON_2008_COMPATIBLE_OR_STRUCTURAL_LINE","VIVADO_DEFAULT_NON_2008_COMPATIBLE_BY_EXACT_CONTEXT_AUDIT","NO_REWRITE","      wait until rising_edge(clk);"
"tests/v41/tb_r1f_transaction_serial_counter.vhd","ADDED","","35","CD29AE0C5060DC3BA7122B257FDFB37122D598EB4391CDA6BE812F91FCCCC4FD","TESTBENCH_NOT_IN_PRODUCTION_SYNTHESIS_FILESET","VIVADO_DEFAULT_NON_2008_COMPATIBLE_OR_STRUCTURAL_LINE","VIVADO_DEFAULT_NON_2008_COMPATIBLE_BY_EXACT_CONTEXT_AUDIT","NO_REWRITE","      wait for 1 ns;"
"tests/v41/tb_r1f_transaction_serial_counter.vhd","ADDED","","36","8B1DF7E2B361DB6920F200A8639912A391B3B7C67564F8F8BD63A4C90054B6A3","TESTBENCH_NOT_IN_PRODUCTION_SYNTHESIS_FILESET","VIVADO_DEFAULT_NON_2008_COMPATIBLE_OR_STRUCTURAL_LINE","VIVADO_DEFAULT_NON_2008_COMPATIBLE_BY_EXACT_CONTEXT_AUDIT","NO_REWRITE","      assert to_integer(unsigned(current_index)) = expected_index"
"tests/v41/tb_r1f_transaction_serial_counter.vhd","ADDED","","37","82D0879FD4F59DF9973B8EC3225A7D4A8388BFA88FF7B86DB58C1D8DDE7ECD83","TESTBENCH_NOT_IN_PRODUCTION_SYNTHESIS_FILESET","VIVADO_DEFAULT_NON_2008_COMPATIBLE_OR_STRUCTURAL_LINE","VIVADO_DEFAULT_NON_2008_COMPATIBLE_BY_EXACT_CONTEXT_AUDIT","NO_REWRITE","        report ""16-bit transaction serial mismatch"" severity failure;"
"tests/v41/tb_r1f_transaction_serial_counter.vhd","ADDED","","38","10FB5690811CA60CDDE714E78945E1DC6937A9EB7B583A6180D2EA58F23DC502","TESTBENCH_NOT_IN_PRODUCTION_SYNTHESIS_FILESET","VIVADO_DEFAULT_NON_2008_COMPATIBLE_OR_STRUCTURAL_LINE","VIVADO_DEFAULT_NON_2008_COMPATIBLE_BY_EXACT_CONTEXT_AUDIT","NO_REWRITE","      assert to_integer(unsigned(next_index)) = expected_index + 1"
"tests/v41/tb_r1f_transaction_serial_counter.vhd","ADDED","","39","5D4C8AC401ABABC5DCB069F86D8D4DC4052D3996ED7DF4BF829F61DB700E34F8","TESTBENCH_NOT_IN_PRODUCTION_SYNTHESIS_FILESET","VIVADO_DEFAULT_NON_2008_COMPATIBLE_OR_STRUCTURAL_LINE","VIVADO_DEFAULT_NON_2008_COMPATIBLE_BY_EXACT_CONTEXT_AUDIT","NO_REWRITE","        report ""16-bit next-serial mismatch"" severity failure;"
"tests/v41/tb_r1f_transaction_serial_counter.vhd","ADDED","","40","5F88AD40B223E7CA51B2461B79B36DEA542474BAF89510E08F57931AF1CE8C60","TESTBENCH_NOT_IN_PRODUCTION_SYNTHESIS_FILESET","VIVADO_DEFAULT_NON_2008_COMPATIBLE_OR_STRUCTURAL_LINE","VIVADO_DEFAULT_NON_2008_COMPATIBLE_BY_EXACT_CONTEXT_AUDIT","NO_REWRITE","      assert overflow = '0'"
"tests/v41/tb_r1f_transaction_serial_counter.vhd","ADDED","","41","ABD9E101BDD0C0093864330462EE62C6FA04B3365484AA573F192CDDC9571FB8","TESTBENCH_NOT_IN_PRODUCTION_SYNTHESIS_FILESET","VIVADO_DEFAULT_NON_2008_COMPATIBLE_OR_STRUCTURAL_LINE","VIVADO_DEFAULT_NON_2008_COMPATIBLE_BY_EXACT_CONTEXT_AUDIT","NO_REWRITE","        report ""serial overflow before index 300"" severity failure;"
"tests/v41/tb_r1f_transaction_serial_counter.vhd","ADDED","","42","221EB404204034E3F53B609B773C949FE7E03BD689A61417992361E47128428C","TESTBENCH_NOT_IN_PRODUCTION_SYNTHESIS_FILESET","VIVADO_DEFAULT_NON_2008_COMPATIBLE_OR_STRUCTURAL_LINE","VIVADO_DEFAULT_NON_2008_COMPATIBLE_BY_EXACT_CONTEXT_AUDIT","NO_REWRITE","      wait until falling_edge(clk);"
"tests/v41/tb_r1f_transaction_serial_counter.vhd","ADDED","","43","FE010403F6EBB2B91ED25ACC48E61485B136313841AB6CB870B153FBC51A8899","TESTBENCH_NOT_IN_PRODUCTION_SYNTHESIS_FILESET","VIVADO_DEFAULT_NON_2008_COMPATIBLE_OR_STRUCTURAL_LINE","VIVADO_DEFAULT_NON_2008_COMPATIBLE_BY_EXACT_CONTEXT_AUDIT","NO_REWRITE","      transaction_start <= '0';"
"tests/v41/tb_r1f_transaction_serial_counter.vhd","ADDED","","44","FB6017A1FADC0B75CDC231E8BBB11455BB85513955C783EEDAAC6618AC73C9BC","TESTBENCH_NOT_IN_PRODUCTION_SYNTHESIS_FILESET","VIVADO_DEFAULT_NON_2008_COMPATIBLE_OR_STRUCTURAL_LINE","VIVADO_DEFAULT_NON_2008_COMPATIBLE_BY_EXACT_CONTEXT_AUDIT","NO_REWRITE","      wait until rising_edge(clk);"
"tests/v41/tb_r1f_transaction_serial_counter.vhd","ADDED","","45","221EB404204034E3F53B609B773C949FE7E03BD689A61417992361E47128428C","TESTBENCH_NOT_IN_PRODUCTION_SYNTHESIS_FILESET","VIVADO_DEFAULT_NON_2008_COMPATIBLE_OR_STRUCTURAL_LINE","VIVADO_DEFAULT_NON_2008_COMPATIBLE_BY_EXACT_CONTEXT_AUDIT","NO_REWRITE","      wait until falling_edge(clk);"
"tests/v41/tb_r1f_transaction_serial_counter.vhd","ADDED","","46","6C8E983ECBDB1F1D68C9FCC7D5C3E824C2BAE8BDF99C43521D1F65F15EADEB1B","TESTBENCH_NOT_IN_PRODUCTION_SYNTHESIS_FILESET","VIVADO_DEFAULT_NON_2008_COMPATIBLE_OR_STRUCTURAL_LINE","VIVADO_DEFAULT_NON_2008_COMPATIBLE_BY_EXACT_CONTEXT_AUDIT","NO_REWRITE","    end loop;"
"tests/v41/tb_r1f_transaction_serial_counter.vhd","ADDED","","47","F54EE32B13CB09817E10AE9E1FC210C1F51BE40363447D03501411412559023C","TESTBENCH_NOT_IN_PRODUCTION_SYNTHESIS_FILESET","VIVADO_DEFAULT_NON_2008_COMPATIBLE_OR_STRUCTURAL_LINE","VIVADO_DEFAULT_NON_2008_COMPATIBLE_BY_EXACT_CONTEXT_AUDIT","NO_REWRITE","    assert current_index = x""012C"" and next_index = x""012D"""
"tests/v41/tb_r1f_transaction_serial_counter.vhd","ADDED","","48","6C0E64830B40A11970EF595F0456ABEB130EFBFEF70924060E3B4FCFD7B727C7","TESTBENCH_NOT_IN_PRODUCTION_SYNTHESIS_FILESET","VIVADO_DEFAULT_NON_2008_COMPATIBLE_OR_STRUCTURAL_LINE","VIVADO_DEFAULT_NON_2008_COMPATIBLE_BY_EXACT_CONTEXT_AUDIT","NO_REWRITE","      report ""authoritative index 300 was not represented uniquely"""
"tests/v41/tb_r1f_transaction_serial_counter.vhd","ADDED","","49","897DAAD97C152100747EEE6D78C60CA7DD904EA656CB48170C4054D908727382","TESTBENCH_NOT_IN_PRODUCTION_SYNTHESIS_FILESET","VIVADO_DEFAULT_NON_2008_COMPATIBLE_OR_STRUCTURAL_LINE","VIVADO_DEFAULT_NON_2008_COMPATIBLE_BY_EXACT_CONTEXT_AUDIT","NO_REWRITE","      severity failure;"
"tests/v41/tb_r1f_transaction_serial_counter.vhd","ADDED","","50","4F2C9A0720B3FFC8BA6872AA64A741957F140640797DC808BA6F68CFC7A1256B","TESTBENCH_NOT_IN_PRODUCTION_SYNTHESIS_FILESET","VIVADO_DEFAULT_NON_2008_COMPATIBLE_OR_STRUCTURAL_LINE","VIVADO_DEFAULT_NON_2008_COMPATIBLE_BY_EXACT_CONTEXT_AUDIT","NO_REWRITE","    report ""PASS TRANSACTION_INDEX_16_UNIQUE_AT_300"" severity note;"
"tests/v41/tb_r1f_transaction_serial_counter.vhd","ADDED","","51","E3B0C44298FC1C149AFBF4C8996FB92427AE41E4649B934CA495991B7852B855","TESTBENCH_NOT_IN_PRODUCTION_SYNTHESIS_FILESET","COMMENT_OR_BLANK","NOT_EXECUTABLE_LANGUAGE_CONSTRUCT","NO_REWRITE",""
"tests/v41/tb_r1f_transaction_serial_counter.vhd","ADDED","","52","5C419D5B5E384C11D54C4F2E2B30A7B90EB67C591147E6FED6996C5BDBFCF3E7","TESTBENCH_NOT_IN_PRODUCTION_SYNTHESIS_FILESET","VIVADO_DEFAULT_NON_2008_COMPATIBLE_OR_STRUCTURAL_LINE","VIVADO_DEFAULT_NON_2008_COMPATIBLE_BY_EXACT_CONTEXT_AUDIT","NO_REWRITE","    clear_run <= '1';"
"tests/v41/tb_r1f_transaction_serial_counter.vhd","ADDED","","53","D17629FE3F348BB8F943B626D77C22EFC694724D883655A2AB8FCE85FA6D188F","TESTBENCH_NOT_IN_PRODUCTION_SYNTHESIS_FILESET","VIVADO_DEFAULT_NON_2008_COMPATIBLE_OR_STRUCTURAL_LINE","VIVADO_DEFAULT_NON_2008_COMPATIBLE_BY_EXACT_CONTEXT_AUDIT","NO_REWRITE","    wait until rising_edge(clk);"
"tests/v41/tb_r1f_transaction_serial_counter.vhd","ADDED","","54","D63263E80C7789853D452688A1A0CB6E4F9A7D34BB8DED88DB6771C5060605A0","TESTBENCH_NOT_IN_PRODUCTION_SYNTHESIS_FILESET","VIVADO_DEFAULT_NON_2008_COMPATIBLE_OR_STRUCTURAL_LINE","VIVADO_DEFAULT_NON_2008_COMPATIBLE_BY_EXACT_CONTEXT_AUDIT","NO_REWRITE","    wait for 1 ns;"
"tests/v41/tb_r1f_transaction_serial_counter.vhd","ADDED","","55","F16DC65A5DF643C9D7D03AEEB2D6D50B820FC21DD871A508F0BC72D745672E08","TESTBENCH_NOT_IN_PRODUCTION_SYNTHESIS_FILESET","VIVADO_DEFAULT_NON_2008_COMPATIBLE_OR_STRUCTURAL_LINE","VIVADO_DEFAULT_NON_2008_COMPATIBLE_BY_EXACT_CONTEXT_AUDIT","NO_REWRITE","    assert current_index = x""0000"" and next_index = x""0000"" and"
"tests/v41/tb_r1f_transaction_serial_counter.vhd","ADDED","","56","874A69CBA980EB2DF59BEAC992056FD3F8D25BCC7624290E408E3E91947F1FCD","TESTBENCH_NOT_IN_PRODUCTION_SYNTHESIS_FILESET","VIVADO_DEFAULT_NON_2008_COMPATIBLE_OR_STRUCTURAL_LINE","VIVADO_DEFAULT_NON_2008_COMPATIBLE_BY_EXACT_CONTEXT_AUDIT","NO_REWRITE","           overflow = '0'"
"tests/v41/tb_r1f_transaction_serial_counter.vhd","ADDED","","57","667BF0BF040C6123EFE4C260043EDB7456B752BB5627E598AD1AA65C9C821D86","TESTBENCH_NOT_IN_PRODUCTION_SYNTHESIS_FILESET","VIVADO_DEFAULT_NON_2008_COMPATIBLE_OR_STRUCTURAL_LINE","VIVADO_DEFAULT_NON_2008_COMPATIBLE_BY_EXACT_CONTEXT_AUDIT","NO_REWRITE","      report ""per-run serial clear contract failed"" severity failure;"
"tests/v41/tb_r1f_transaction_serial_counter.vhd","ADDED","","58","F7AECF3EEEE43C68A837C9225A48950F4B91FD409B38147F60F714BB4F7B7CB3","TESTBENCH_NOT_IN_PRODUCTION_SYNTHESIS_FILESET","VIVADO_DEFAULT_NON_2008_COMPATIBLE_OR_STRUCTURAL_LINE","VIVADO_DEFAULT_NON_2008_COMPATIBLE_BY_EXACT_CONTEXT_AUDIT","NO_REWRITE","    report ""PASS R1F_TRANSACTION_SERIAL_CLEAR"" severity note;"
"tests/v41/tb_r1f_transaction_serial_counter.vhd","ADDED","","59","998A557284E93B8B1A040E63F0ABEBEFA2EFC305F03F56D0A6E2B1B1B0ACE0C6","TESTBENCH_NOT_IN_PRODUCTION_SYNTHESIS_FILESET","STD_ENV_CONTROL_STATEMENT","VHDL2008_ONLY_TESTBENCH_HARNESS","NOT_PRODUCTION_REWRITE_REFERENCE_SIMULATION_MODE","    stop;"
"tests/v41/tb_r1f_transaction_serial_counter.vhd","ADDED","","60","4A60F4639823A8B961377A921BA31BD065126663375F866A227A3FE1DACBBB9B","TESTBENCH_NOT_IN_PRODUCTION_SYNTHESIS_FILESET","VIVADO_DEFAULT_NON_2008_COMPATIBLE_OR_STRUCTURAL_LINE","VIVADO_DEFAULT_NON_2008_COMPATIBLE_BY_EXACT_CONTEXT_AUDIT","NO_REWRITE","    wait;"
"tests/v41/tb_r1f_transaction_serial_counter.vhd","ADDED","","61","72AF5DA594AC28A2C68ED05DF3ED2BAE2B3B206000F5AD9F02378338C5947828","TESTBENCH_NOT_IN_PRODUCTION_SYNTHESIS_FILESET","VIVADO_DEFAULT_NON_2008_COMPATIBLE_OR_STRUCTURAL_LINE","VIVADO_DEFAULT_NON_2008_COMPATIBLE_BY_EXACT_CONTEXT_AUDIT","NO_REWRITE","  end process;"
"tests/v41/tb_r1f_transaction_serial_counter.vhd","ADDED","","62","8233FCEB87C49C25FA36CCD708EC8608E2200D3AF54336096EA92E37414CE4DA","TESTBENCH_NOT_IN_PRODUCTION_SYNTHESIS_FILESET","VIVADO_DEFAULT_NON_2008_COMPATIBLE_OR_STRUCTURAL_LINE","VIVADO_DEFAULT_NON_2008_COMPATIBLE_BY_EXACT_CONTEXT_AUDIT","NO_REWRITE","end architecture;"
