sample_index,relative_cycles_from_trigger,relative_time_ns,sda_stage1,sda_stage2,sda_filtered,scl_stage1,scl_stage2,scl_filtered,sda_drive_low,scl_drive_low,ack_decision_strobe,ack_value_used,first_nack_event,first_nack_latched,nvp_reset,vdd1_enable,vdd3_enable,init_active,bit_index,byte_phase,fsm_state,operation_index,current_tx_byte,init_done,init_error,first_error_code,first_error_valid,raw_hex
2048,-1024,-16384,1,1,1,0,0,0,0,1,0,0,0,0,1,1,1,1,0,1,7,2,96,0,0,0,0,0x000600207010F087
2049,-1023,-16368,1,1,1,0,0,0,0,1,0,0,0,0,1,1,1,1,0,1,7,2,96,0,0,0,0,0x000600207010F087
2050,-1022,-16352,1,1,1,0,0,0,0,1,0,0,0,0,1,1,1,1,0,1,7,2,96,0,0,0,0,0x000600207010F087
2051,-1021,-16336,1,1,1,0,0,0,0,1,0,0,0,0,1,1,1,1,0,1,7,2,96,0,0,0,0,0x000600207010F087
2052,-1020,-16320,1,1,1,0,0,0,0,1,0,0,0,0,1,1,1,1,0,1,7,2,96,0,0,0,0,0x000600207010F087
2053,-1019,-16304,1,1,1,0,0,0,0,1,0,0,0,0,1,1,1,1,0,1,7,2,96,0,0,0,0,0x000600207010F087
2054,-1018,-16288,1,1,1,0,0,0,0,1,0,0,0,0,1,1,1,1,0,1,7,2,96,0,0,0,0,0x000600207010F087
2055,-1017,-16272,1,1,1,0,0,0,0,1,0,0,0,0,1,1,1,1,0,1,7,2,96,0,0,0,0,0x000600207010F087
2056,-1016,-16256,1,1,1,0,0,0,0,1,0,0,0,0,1,1,1,1,0,1,7,2,96,0,0,0,0,0x000600207010F087
2057,-1015,-16240,1,1,1,0,0,0,0,1,0,0,0,0,1,1,1,1,0,1,7,2,96,0,0,0,0,0x000600207010F087
2058,-1014,-16224,1,1,1,0,0,0,0,1,0,0,0,0,1,1,1,1,0,1,7,2,96,0,0,0,0,0x000600207010F087
2059,-1013,-16208,1,1,1,0,0,0,0,1,0,0,0,0,1,1,1,1,0,1,7,2,96,0,0,0,0,0x000600207010F087
2060,-1012,-16192,1,1,1,0,0,0,0,1,0,0,0,0,1,1,1,1,0,1,7,2,96,0,0,0,0,0x000600207010F087
2061,-1011,-16176,1,1,1,0,0,0,0,1,0,0,0,0,1,1,1,1,0,1,7,2,96,0,0,0,0,0x000600207010F087
2062,-1010,-16160,1,1,1,0,0,0,0,1,0,0,0,0,1,1,1,1,0,1,7,2,96,0,0,0,0,0x000600207010F087
2063,-1009,-16144,1,1,1,0,0,0,0,1,0,0,0,0,1,1,1,1,0,1,7,2,96,0,0,0,0,0x000600207010F087
2064,-1008,-16128,1,1,1,0,0,0,0,1,0,0,0,0,1,1,1,1,0,1,7,2,96,0,0,0,0,0x000600207010F087
2065,-1007,-16112,1,1,1,0,0,0,0,1,0,0,0,0,1,1,1,1,0,1,7,2,96,0,0,0,0,0x000600207010F087
2066,-1006,-16096,1,1,1,0,0,0,0,1,0,0,0,0,1,1,1,1,0,1,7,2,96,0,0,0,0,0x000600207010F087
2067,-1005,-16080,1,1,1,0,0,0,0,1,0,0,0,0,1,1,1,1,0,1,7,2,96,0,0,0,0,0x000600207010F087
2068,-1004,-16064,1,1,1,0,0,0,0,1,0,0,0,0,1,1,1,1,0,1,7,2,96,0,0,0,0,0x000600207010F087
2069,-1003,-16048,1,1,1,0,0,0,0,1,0,0,0,0,1,1,1,1,0,1,7,2,96,0,0,0,0,0x000600207010F087
2070,-1002,-16032,1,1,1,0,0,0,0,1,0,0,0,0,1,1,1,1,0,1,7,2,96,0,0,0,0,0x000600207010F087
2071,-1001,-16016,1,1,1,0,0,0,0,1,0,0,0,0,1,1,1,1,0,1,7,2,96,0,0,0,0,0x000600207010F087
2072,-1000,-16000,1,1,1,0,0,0,0,1,0,0,0,0,1,1,1,1,0,1,7,2,96,0,0,0,0,0x000600207010F087
2073,-999,-15984,1,1,1,0,0,0,0,1,0,0,0,0,1,1,1,1,0,1,7,2,96,0,0,0,0,0x000600207010F087
2074,-998,-15968,1,1,1,0,0,0,0,1,0,0,0,0,1,1,1,1,0,1,7,2,96,0,0,0,0,0x000600207010F087
2075,-997,-15952,1,1,1,0,0,0,0,1,0,0,0,0,1,1,1,1,0,1,7,2,96,0,0,0,0,0x000600207010F087
2076,-996,-15936,1,1,1,0,0,0,0,1,0,0,0,0,1,1,1,1,0,1,7,2,96,0,0,0,0,0x000600207010F087
2077,-995,-15920,1,1,1,0,0,0,0,1,0,0,0,0,1,1,1,1,0,1,7,2,96,0,0,0,0,0x000600207010F087
2078,-994,-15904,1,1,1,0,0,0,0,1,0,0,0,0,1,1,1,1,0,1,7,2,96,0,0,0,0,0x000600207010F087
2079,-993,-15888,1,1,1,0,0,0,0,1,0,0,0,0,1,1,1,1,0,1,7,2,96,0,0,0,0,0x000600207010F087
2080,-992,-15872,1,1,1,0,0,0,0,1,0,0,0,0,1,1,1,1,0,1,7,2,96,0,0,0,0,0x000600207010F087
2081,-991,-15856,1,1,1,0,0,0,0,1,0,0,0,0,1,1,1,1,0,1,7,2,96,0,0,0,0,0x000600207010F087
2082,-990,-15840,1,1,1,0,0,0,0,1,0,0,0,0,1,1,1,1,0,1,7,2,96,0,0,0,0,0x000600207010F087
2083,-989,-15824,1,1,1,0,0,0,0,1,0,0,0,0,1,1,1,1,0,1,7,2,96,0,0,0,0,0x000600207010F087
2084,-988,-15808,1,1,1,0,0,0,0,1,0,0,0,0,1,1,1,1,0,1,7,2,96,0,0,0,0,0x000600207010F087
2085,-987,-15792,1,1,1,0,0,0,0,1,0,0,0,0,1,1,1,1,0,1,7,2,96,0,0,0,0,0x000600207010F087
2086,-986,-15776,1,1,1,0,0,0,0,1,0,0,0,0,1,1,1,1,0,1,7,2,96,0,0,0,0,0x000600207010F087
2087,-985,-15760,1,1,1,0,0,0,0,1,0,0,0,0,1,1,1,1,0,1,7,2,96,0,0,0,0,0x000600207010F087
2088,-984,-15744,1,1,1,0,0,0,0,1,0,0,0,0,1,1,1,1,0,1,7,2,96,0,0,0,0,0x000600207010F087
2089,-983,-15728,1,1,1,0,0,0,0,1,0,0,0,0,1,1,1,1,0,1,7,2,96,0,0,0,0,0x000600207010F087
2090,-982,-15712,1,1,1,0,0,0,0,1,0,0,0,0,1,1,1,1,0,1,7,2,96,0,0,0,0,0x000600207010F087
2091,-981,-15696,1,1,1,0,0,0,0,1,0,0,0,0,1,1,1,1,0,1,7,2,96,0,0,0,0,0x000600207010F087
2092,-980,-15680,1,1,1,0,0,0,0,1,0,0,0,0,1,1,1,1,0,1,7,2,96,0,0,0,0,0x000600207010F087
2093,-979,-15664,1,1,1,0,0,0,0,1,0,0,0,0,1,1,1,1,0,1,7,2,96,0,0,0,0,0x000600207010F087
2094,-978,-15648,1,1,1,0,0,0,0,1,0,0,0,0,1,1,1,1,0,1,7,2,96,0,0,0,0,0x000600207010F087
2095,-977,-15632,1,1,1,0,0,0,0,1,0,0,0,0,1,1,1,1,0,1,7,2,96,0,0,0,0,0x000600207010F087
2096,-976,-15616,1,1,1,0,0,0,0,1,0,0,0,0,1,1,1,1,0,1,7,2,96,0,0,0,0,0x000600207010F087
2097,-975,-15600,1,1,1,0,0,0,0,1,0,0,0,0,1,1,1,1,0,1,7,2,96,0,0,0,0,0x000600207010F087
2098,-974,-15584,1,1,1,0,0,0,0,1,0,0,0,0,1,1,1,1,0,1,7,2,96,0,0,0,0,0x000600207010F087
2099,-973,-15568,1,1,1,0,0,0,0,1,0,0,0,0,1,1,1,1,0,1,7,2,96,0,0,0,0,0x000600207010F087
2100,-972,-15552,1,1,1,0,0,0,0,1,0,0,0,0,1,1,1,1,0,1,7,2,96,0,0,0,0,0x000600207010F087
2101,-971,-15536,1,1,1,0,0,0,0,1,0,0,0,0,1,1,1,1,0,1,7,2,96,0,0,0,0,0x000600207010F087
2102,-970,-15520,1,1,1,0,0,0,0,1,0,0,0,0,1,1,1,1,0,1,7,2,96,0,0,0,0,0x000600207010F087
2103,-969,-15504,1,1,1,0,0,0,0,1,0,0,0,0,1,1,1,1,0,1,7,2,96,0,0,0,0,0x000600207010F087
2104,-968,-15488,1,1,1,0,0,0,0,1,0,0,0,0,1,1,1,1,0,1,7,2,96,0,0,0,0,0x000600207010F087
2105,-967,-15472,1,1,1,0,0,0,0,1,0,0,0,0,1,1,1,1,0,1,7,2,96,0,0,0,0,0x000600207010F087
2106,-966,-15456,1,1,1,0,0,0,0,1,0,0,0,0,1,1,1,1,0,1,7,2,96,0,0,0,0,0x000600207010F087
2107,-965,-15440,1,1,1,0,0,0,0,1,0,0,0,0,1,1,1,1,0,1,7,2,96,0,0,0,0,0x000600207010F087
2108,-964,-15424,1,1,1,0,0,0,0,1,0,0,0,0,1,1,1,1,0,1,7,2,96,0,0,0,0,0x000600207010F087
2109,-963,-15408,1,1,1,0,0,0,0,1,0,0,0,0,1,1,1,1,0,1,7,2,96,0,0,0,0,0x000600207010F087
2110,-962,-15392,1,1,1,0,0,0,0,1,0,0,0,0,1,1,1,1,0,1,7,2,96,0,0,0,0,0x000600207010F087
2111,-961,-15376,1,1,1,0,0,0,0,1,0,0,0,0,1,1,1,1,0,1,7,2,96,0,0,0,0,0x000600207010F087
2112,-960,-15360,1,1,1,0,0,0,0,1,0,0,0,0,1,1,1,1,0,1,7,2,96,0,0,0,0,0x000600207010F087
2113,-959,-15344,1,1,1,0,0,0,0,1,0,0,0,0,1,1,1,1,0,1,7,2,96,0,0,0,0,0x000600207010F087
2114,-958,-15328,1,1,1,0,0,0,0,1,0,0,0,0,1,1,1,1,0,1,7,2,96,0,0,0,0,0x000600207010F087
2115,-957,-15312,1,1,1,0,0,0,0,1,0,0,0,0,1,1,1,1,0,1,7,2,96,0,0,0,0,0x000600207010F087
2116,-956,-15296,1,1,1,0,0,0,0,1,0,0,0,0,1,1,1,1,0,1,7,2,96,0,0,0,0,0x000600207010F087
2117,-955,-15280,1,1,1,0,0,0,0,1,0,0,0,0,1,1,1,1,0,1,7,2,96,0,0,0,0,0x000600207010F087
2118,-954,-15264,1,1,1,0,0,0,0,1,0,0,0,0,1,1,1,1,0,1,7,2,96,0,0,0,0,0x000600207010F087
2119,-953,-15248,1,1,1,0,0,0,0,1,0,0,0,0,1,1,1,1,0,1,7,2,96,0,0,0,0,0x000600207010F087
2120,-952,-15232,1,1,1,0,0,0,0,1,0,0,0,0,1,1,1,1,0,1,7,2,96,0,0,0,0,0x000600207010F087
2121,-951,-15216,1,1,1,0,0,0,0,1,0,0,0,0,1,1,1,1,0,1,7,2,96,0,0,0,0,0x000600207010F087
2122,-950,-15200,1,1,1,0,0,0,0,1,0,0,0,0,1,1,1,1,0,1,7,2,96,0,0,0,0,0x000600207010F087
2123,-949,-15184,1,1,1,0,0,0,0,1,0,0,0,0,1,1,1,1,0,1,7,2,96,0,0,0,0,0x000600207010F087
2124,-948,-15168,1,1,1,0,0,0,0,1,0,0,0,0,1,1,1,1,0,1,7,2,96,0,0,0,0,0x000600207010F087
2125,-947,-15152,1,1,1,0,0,0,0,1,0,0,0,0,1,1,1,1,0,1,7,2,96,0,0,0,0,0x000600207010F087
2126,-946,-15136,1,1,1,0,0,0,0,1,0,0,0,0,1,1,1,1,0,1,7,2,96,0,0,0,0,0x000600207010F087
2127,-945,-15120,1,1,1,0,0,0,0,1,0,0,0,0,1,1,1,1,0,1,7,2,96,0,0,0,0,0x000600207010F087
2128,-944,-15104,1,1,1,0,0,0,0,1,0,0,0,0,1,1,1,1,0,1,7,2,96,0,0,0,0,0x000600207010F087
2129,-943,-15088,1,1,1,0,0,0,0,1,0,0,0,0,1,1,1,1,0,1,7,2,96,0,0,0,0,0x000600207010F087
2130,-942,-15072,1,1,1,0,0,0,0,1,0,0,0,0,1,1,1,1,0,1,7,2,96,0,0,0,0,0x000600207010F087
2131,-941,-15056,1,1,1,0,0,0,0,1,0,0,0,0,1,1,1,1,0,1,7,2,96,0,0,0,0,0x000600207010F087
2132,-940,-15040,1,1,1,0,0,0,0,1,0,0,0,0,1,1,1,1,0,1,7,2,96,0,0,0,0,0x000600207010F087
2133,-939,-15024,1,1,1,0,0,0,0,1,0,0,0,0,1,1,1,1,0,1,7,2,96,0,0,0,0,0x000600207010F087
2134,-938,-15008,1,1,1,0,0,0,0,1,0,0,0,0,1,1,1,1,0,1,7,2,96,0,0,0,0,0x000600207010F087
2135,-937,-14992,1,1,1,0,0,0,0,1,0,0,0,0,1,1,1,1,0,1,7,2,96,0,0,0,0,0x000600207010F087
2136,-936,-14976,1,1,1,0,0,0,0,1,0,0,0,0,1,1,1,1,0,1,7,2,96,0,0,0,0,0x000600207010F087
2137,-935,-14960,1,1,1,0,0,0,0,1,0,0,0,0,1,1,1,1,0,1,7,2,96,0,0,0,0,0x000600207010F087
2138,-934,-14944,1,1,1,0,0,0,0,1,0,0,0,0,1,1,1,1,0,1,7,2,96,0,0,0,0,0x000600207010F087
2139,-933,-14928,1,1,1,0,0,0,0,1,0,0,0,0,1,1,1,1,0,1,7,2,96,0,0,0,0,0x000600207010F087
2140,-932,-14912,1,1,1,0,0,0,0,1,0,0,0,0,1,1,1,1,0,1,7,2,96,0,0,0,0,0x000600207010F087
2141,-931,-14896,1,1,1,0,0,0,0,1,0,0,0,0,1,1,1,1,0,1,7,2,96,0,0,0,0,0x000600207010F087
2142,-930,-14880,1,1,1,0,0,0,0,1,0,0,0,0,1,1,1,1,0,1,7,2,96,0,0,0,0,0x000600207010F087
2143,-929,-14864,1,1,1,0,0,0,0,1,0,0,0,0,1,1,1,1,0,1,7,2,96,0,0,0,0,0x000600207010F087
2144,-928,-14848,1,1,1,0,0,0,0,1,0,0,0,0,1,1,1,1,0,1,7,2,96,0,0,0,0,0x000600207010F087
2145,-927,-14832,1,1,1,0,0,0,0,1,0,0,0,0,1,1,1,1,0,1,7,2,96,0,0,0,0,0x000600207010F087
2146,-926,-14816,1,1,1,0,0,0,0,1,0,0,0,0,1,1,1,1,0,1,7,2,96,0,0,0,0,0x000600207010F087
2147,-925,-14800,1,1,1,0,0,0,0,1,0,0,0,0,1,1,1,1,0,1,7,2,96,0,0,0,0,0x000600207010F087
2148,-924,-14784,1,1,1,0,0,0,0,1,0,0,0,0,1,1,1,1,0,1,7,2,96,0,0,0,0,0x000600207010F087
2149,-923,-14768,1,1,1,0,0,0,0,1,0,0,0,0,1,1,1,1,0,1,7,2,96,0,0,0,0,0x000600207010F087
2150,-922,-14752,1,1,1,0,0,0,0,1,0,0,0,0,1,1,1,1,0,1,7,2,96,0,0,0,0,0x000600207010F087
2151,-921,-14736,1,1,1,0,0,0,0,1,0,0,0,0,1,1,1,1,0,1,7,2,96,0,0,0,0,0x000600207010F087
2152,-920,-14720,1,1,1,0,0,0,0,1,0,0,0,0,1,1,1,1,0,1,7,2,96,0,0,0,0,0x000600207010F087
2153,-919,-14704,1,1,1,0,0,0,0,1,0,0,0,0,1,1,1,1,0,1,7,2,96,0,0,0,0,0x000600207010F087
2154,-918,-14688,1,1,1,0,0,0,0,1,0,0,0,0,1,1,1,1,0,1,7,2,96,0,0,0,0,0x000600207010F087
2155,-917,-14672,1,1,1,0,0,0,0,1,0,0,0,0,1,1,1,1,0,1,7,2,96,0,0,0,0,0x000600207010F087
2156,-916,-14656,1,1,1,0,0,0,0,1,0,0,0,0,1,1,1,1,0,1,7,2,96,0,0,0,0,0x000600207010F087
2157,-915,-14640,1,1,1,0,0,0,0,1,0,0,0,0,1,1,1,1,0,1,7,2,96,0,0,0,0,0x000600207010F087
2158,-914,-14624,1,1,1,0,0,0,0,1,0,0,0,0,1,1,1,1,0,1,7,2,96,0,0,0,0,0x000600207010F087
2159,-913,-14608,1,1,1,0,0,0,0,1,0,0,0,0,1,1,1,1,0,1,7,2,96,0,0,0,0,0x000600207010F087
2160,-912,-14592,1,1,1,0,0,0,0,1,0,0,0,0,1,1,1,1,0,1,7,2,96,0,0,0,0,0x000600207010F087
2161,-911,-14576,1,1,1,0,0,0,0,1,0,0,0,0,1,1,1,1,0,1,7,2,96,0,0,0,0,0x000600207010F087
2162,-910,-14560,1,1,1,0,0,0,0,1,0,0,0,0,1,1,1,1,0,1,7,2,96,0,0,0,0,0x000600207010F087
2163,-909,-14544,1,1,1,0,0,0,0,1,0,0,0,0,1,1,1,1,0,1,7,2,96,0,0,0,0,0x000600207010F087
2164,-908,-14528,1,1,1,0,0,0,0,1,0,0,0,0,1,1,1,1,0,1,7,2,96,0,0,0,0,0x000600207010F087
2165,-907,-14512,1,1,1,0,0,0,0,1,0,0,0,0,1,1,1,1,0,1,7,2,96,0,0,0,0,0x000600207010F087
2166,-906,-14496,1,1,1,0,0,0,0,1,0,0,0,0,1,1,1,1,0,1,7,2,96,0,0,0,0,0x000600207010F087
2167,-905,-14480,1,1,1,0,0,0,0,1,0,0,0,0,1,1,1,1,0,1,7,2,96,0,0,0,0,0x000600207010F087
2168,-904,-14464,1,1,1,0,0,0,0,1,0,0,0,0,1,1,1,1,0,1,7,2,96,0,0,0,0,0x000600207010F087
2169,-903,-14448,1,1,1,0,0,0,0,1,0,0,0,0,1,1,1,1,0,1,7,2,96,0,0,0,0,0x000600207010F087
2170,-902,-14432,1,1,1,0,0,0,0,1,0,0,0,0,1,1,1,1,0,1,7,2,96,0,0,0,0,0x000600207010F087
2171,-901,-14416,1,1,1,0,0,0,0,1,0,0,0,0,1,1,1,1,0,1,7,2,96,0,0,0,0,0x000600207010F087
2172,-900,-14400,1,1,1,0,0,0,0,1,0,0,0,0,1,1,1,1,0,1,7,2,96,0,0,0,0,0x000600207010F087
2173,-899,-14384,1,1,1,0,0,0,0,1,0,0,0,0,1,1,1,1,0,1,7,2,96,0,0,0,0,0x000600207010F087
2174,-898,-14368,1,1,1,0,0,0,0,1,0,0,0,0,1,1,1,1,0,1,7,2,96,0,0,0,0,0x000600207010F087
2175,-897,-14352,1,1,1,0,0,0,0,1,0,0,0,0,1,1,1,1,0,1,7,2,96,0,0,0,0,0x000600207010F087
2176,-896,-14336,1,1,1,0,0,0,0,1,0,0,0,0,1,1,1,1,0,1,7,2,96,0,0,0,0,0x000600207010F087
2177,-895,-14320,1,1,1,0,0,0,0,1,0,0,0,0,1,1,1,1,0,1,7,2,96,0,0,0,0,0x000600207010F087
2178,-894,-14304,1,1,1,0,0,0,0,1,0,0,0,0,1,1,1,1,0,1,7,2,96,0,0,0,0,0x000600207010F087
2179,-893,-14288,1,1,1,0,0,0,0,1,0,0,0,0,1,1,1,1,0,1,7,2,96,0,0,0,0,0x000600207010F087
2180,-892,-14272,1,1,1,0,0,0,0,1,0,0,0,0,1,1,1,1,0,1,7,2,96,0,0,0,0,0x000600207010F087
2181,-891,-14256,1,1,1,0,0,0,0,1,0,0,0,0,1,1,1,1,0,1,7,2,96,0,0,0,0,0x000600207010F087
2182,-890,-14240,1,1,1,0,0,0,0,1,0,0,0,0,1,1,1,1,0,1,7,2,96,0,0,0,0,0x000600207010F087
2183,-889,-14224,1,1,1,0,0,0,0,1,0,0,0,0,1,1,1,1,0,1,7,2,96,0,0,0,0,0x000600207010F087
2184,-888,-14208,1,1,1,0,0,0,0,1,0,0,0,0,1,1,1,1,0,1,7,2,96,0,0,0,0,0x000600207010F087
2185,-887,-14192,1,1,1,0,0,0,0,1,0,0,0,0,1,1,1,1,0,1,7,2,96,0,0,0,0,0x000600207010F087
2186,-886,-14176,1,1,1,0,0,0,0,1,0,0,0,0,1,1,1,1,0,1,7,2,96,0,0,0,0,0x000600207010F087
2187,-885,-14160,1,1,1,0,0,0,0,1,0,0,0,0,1,1,1,1,0,1,7,2,96,0,0,0,0,0x000600207010F087
2188,-884,-14144,1,1,1,0,0,0,0,1,0,0,0,0,1,1,1,1,0,1,7,2,96,0,0,0,0,0x000600207010F087
2189,-883,-14128,1,1,1,0,0,0,0,1,0,0,0,0,1,1,1,1,0,1,7,2,96,0,0,0,0,0x000600207010F087
2190,-882,-14112,1,1,1,0,0,0,0,1,0,0,0,0,1,1,1,1,0,1,7,2,96,0,0,0,0,0x000600207010F087
2191,-881,-14096,1,1,1,0,0,0,0,1,0,0,0,0,1,1,1,1,0,1,7,2,96,0,0,0,0,0x000600207010F087
2192,-880,-14080,1,1,1,0,0,0,0,1,0,0,0,0,1,1,1,1,0,1,7,2,96,0,0,0,0,0x000600207010F087
2193,-879,-14064,1,1,1,0,0,0,0,1,0,0,0,0,1,1,1,1,0,1,7,2,96,0,0,0,0,0x000600207010F087
2194,-878,-14048,1,1,1,0,0,0,0,1,0,0,0,0,1,1,1,1,0,1,7,2,96,0,0,0,0,0x000600207010F087
2195,-877,-14032,1,1,1,0,0,0,0,1,0,0,0,0,1,1,1,1,0,1,7,2,96,0,0,0,0,0x000600207010F087
2196,-876,-14016,1,1,1,0,0,0,0,1,0,0,0,0,1,1,1,1,0,1,7,2,96,0,0,0,0,0x000600207010F087
2197,-875,-14000,1,1,1,0,0,0,0,1,0,0,0,0,1,1,1,1,0,1,7,2,96,0,0,0,0,0x000600207010F087
2198,-874,-13984,1,1,1,0,0,0,0,1,0,0,0,0,1,1,1,1,0,1,7,2,96,0,0,0,0,0x000600207010F087
2199,-873,-13968,1,1,1,0,0,0,0,1,0,0,0,0,1,1,1,1,0,1,7,2,96,0,0,0,0,0x000600207010F087
2200,-872,-13952,1,1,1,0,0,0,0,1,0,0,0,0,1,1,1,1,0,1,7,2,96,0,0,0,0,0x000600207010F087
2201,-871,-13936,1,1,1,0,0,0,0,1,0,0,0,0,1,1,1,1,0,1,7,2,96,0,0,0,0,0x000600207010F087
2202,-870,-13920,1,1,1,0,0,0,0,1,0,0,0,0,1,1,1,1,0,1,7,2,96,0,0,0,0,0x000600207010F087
2203,-869,-13904,1,1,1,0,0,0,0,1,0,0,0,0,1,1,1,1,0,1,7,2,96,0,0,0,0,0x000600207010F087
2204,-868,-13888,1,1,1,0,0,0,0,1,0,0,0,0,1,1,1,1,0,1,7,2,96,0,0,0,0,0x000600207010F087
2205,-867,-13872,1,1,1,0,0,0,0,1,0,0,0,0,1,1,1,1,0,1,7,2,96,0,0,0,0,0x000600207010F087
2206,-866,-13856,1,1,1,0,0,0,0,1,0,0,0,0,1,1,1,1,0,1,7,2,96,0,0,0,0,0x000600207010F087
2207,-865,-13840,1,1,1,0,0,0,0,1,0,0,0,0,1,1,1,1,0,1,7,2,96,0,0,0,0,0x000600207010F087
2208,-864,-13824,1,1,1,0,0,0,0,1,0,0,0,0,1,1,1,1,0,1,7,2,96,0,0,0,0,0x000600207010F087
2209,-863,-13808,1,1,1,0,0,0,0,1,0,0,0,0,1,1,1,1,0,1,7,2,96,0,0,0,0,0x000600207010F087
2210,-862,-13792,1,1,1,0,0,0,0,1,0,0,0,0,1,1,1,1,0,1,7,2,96,0,0,0,0,0x000600207010F087
2211,-861,-13776,1,1,1,0,0,0,0,1,0,0,0,0,1,1,1,1,0,1,7,2,96,0,0,0,0,0x000600207010F087
2212,-860,-13760,1,1,1,0,0,0,0,1,0,0,0,0,1,1,1,1,0,1,7,2,96,0,0,0,0,0x000600207010F087
2213,-859,-13744,1,1,1,0,0,0,0,1,0,0,0,0,1,1,1,1,0,1,7,2,96,0,0,0,0,0x000600207010F087
2214,-858,-13728,1,1,1,0,0,0,0,1,0,0,0,0,1,1,1,1,0,1,7,2,96,0,0,0,0,0x000600207010F087
2215,-857,-13712,1,1,1,0,0,0,0,1,0,0,0,0,1,1,1,1,0,1,7,2,96,0,0,0,0,0x000600207010F087
2216,-856,-13696,1,1,1,0,0,0,0,1,0,0,0,0,1,1,1,1,0,1,7,2,96,0,0,0,0,0x000600207010F087
2217,-855,-13680,1,1,1,0,0,0,0,1,0,0,0,0,1,1,1,1,0,1,7,2,96,0,0,0,0,0x000600207010F087
2218,-854,-13664,1,1,1,0,0,0,0,1,0,0,0,0,1,1,1,1,0,1,7,2,96,0,0,0,0,0x000600207010F087
2219,-853,-13648,1,1,1,0,0,0,0,1,0,0,0,0,1,1,1,1,0,1,7,2,96,0,0,0,0,0x000600207010F087
2220,-852,-13632,1,1,1,0,0,0,0,1,0,0,0,0,1,1,1,1,0,1,7,2,96,0,0,0,0,0x000600207010F087
2221,-851,-13616,1,1,1,0,0,0,0,1,0,0,0,0,1,1,1,1,0,1,7,2,96,0,0,0,0,0x000600207010F087
2222,-850,-13600,1,1,1,0,0,0,0,1,0,0,0,0,1,1,1,1,0,1,7,2,96,0,0,0,0,0x000600207010F087
2223,-849,-13584,1,1,1,0,0,0,0,1,0,0,0,0,1,1,1,1,0,1,7,2,96,0,0,0,0,0x000600207010F087
2224,-848,-13568,1,1,1,0,0,0,0,1,0,0,0,0,1,1,1,1,0,1,7,2,96,0,0,0,0,0x000600207010F087
2225,-847,-13552,1,1,1,0,0,0,0,1,0,0,0,0,1,1,1,1,0,1,7,2,96,0,0,0,0,0x000600207010F087
2226,-846,-13536,1,1,1,0,0,0,0,1,0,0,0,0,1,1,1,1,0,1,7,2,96,0,0,0,0,0x000600207010F087
2227,-845,-13520,1,1,1,0,0,0,0,1,0,0,0,0,1,1,1,1,0,1,7,2,96,0,0,0,0,0x000600207010F087
2228,-844,-13504,1,1,1,0,0,0,0,1,0,0,0,0,1,1,1,1,0,1,7,2,96,0,0,0,0,0x000600207010F087
2229,-843,-13488,1,1,1,0,0,0,0,1,0,0,0,0,1,1,1,1,0,1,7,2,96,0,0,0,0,0x000600207010F087
2230,-842,-13472,1,1,1,0,0,0,0,1,0,0,0,0,1,1,1,1,0,1,7,2,96,0,0,0,0,0x000600207010F087
2231,-841,-13456,1,1,1,0,0,0,0,1,0,0,0,0,1,1,1,1,0,1,7,2,96,0,0,0,0,0x000600207010F087
2232,-840,-13440,1,1,1,0,0,0,0,1,0,0,0,0,1,1,1,1,0,1,7,2,96,0,0,0,0,0x000600207010F087
2233,-839,-13424,1,1,1,0,0,0,0,1,0,0,0,0,1,1,1,1,0,1,7,2,96,0,0,0,0,0x000600207010F087
2234,-838,-13408,1,1,1,0,0,0,0,1,0,0,0,0,1,1,1,1,0,1,7,2,96,0,0,0,0,0x000600207010F087
2235,-837,-13392,1,1,1,0,0,0,0,1,0,0,0,0,1,1,1,1,0,1,7,2,96,0,0,0,0,0x000600207010F087
2236,-836,-13376,1,1,1,0,0,0,0,1,0,0,0,0,1,1,1,1,0,1,7,2,96,0,0,0,0,0x000600207010F087
2237,-835,-13360,1,1,1,0,0,0,0,1,0,0,0,0,1,1,1,1,0,1,7,2,96,0,0,0,0,0x000600207010F087
2238,-834,-13344,1,1,1,0,0,0,0,1,0,0,0,0,1,1,1,1,0,1,7,2,96,0,0,0,0,0x000600207010F087
2239,-833,-13328,1,1,1,0,0,0,0,1,0,0,0,0,1,1,1,1,0,1,7,2,96,0,0,0,0,0x000600207010F087
2240,-832,-13312,1,1,1,0,0,0,0,1,0,0,0,0,1,1,1,1,0,1,7,2,96,0,0,0,0,0x000600207010F087
2241,-831,-13296,1,1,1,0,0,0,0,1,0,0,0,0,1,1,1,1,0,1,7,2,96,0,0,0,0,0x000600207010F087
2242,-830,-13280,1,1,1,0,0,0,0,1,0,0,0,0,1,1,1,1,0,1,7,2,96,0,0,0,0,0x000600207010F087
2243,-829,-13264,1,1,1,0,0,0,0,1,0,0,0,0,1,1,1,1,0,1,7,2,96,0,0,0,0,0x000600207010F087
2244,-828,-13248,1,1,1,0,0,0,0,1,0,0,0,0,1,1,1,1,0,1,7,2,96,0,0,0,0,0x000600207010F087
2245,-827,-13232,1,1,1,0,0,0,0,1,0,0,0,0,1,1,1,1,0,1,7,2,96,0,0,0,0,0x000600207010F087
2246,-826,-13216,1,1,1,0,0,0,0,1,0,0,0,0,1,1,1,1,0,1,7,2,96,0,0,0,0,0x000600207010F087
2247,-825,-13200,1,1,1,0,0,0,0,1,0,0,0,0,1,1,1,1,0,1,7,2,96,0,0,0,0,0x000600207010F087
2248,-824,-13184,1,1,1,0,0,0,0,1,0,0,0,0,1,1,1,1,0,1,7,2,96,0,0,0,0,0x000600207010F087
2249,-823,-13168,1,1,1,0,0,0,0,1,0,0,0,0,1,1,1,1,0,1,7,2,96,0,0,0,0,0x000600207010F087
2250,-822,-13152,1,1,1,0,0,0,0,1,0,0,0,0,1,1,1,1,0,1,7,2,96,0,0,0,0,0x000600207010F087
2251,-821,-13136,1,1,1,0,0,0,0,1,0,0,0,0,1,1,1,1,0,1,7,2,96,0,0,0,0,0x000600207010F087
2252,-820,-13120,1,1,1,0,0,0,0,1,0,0,0,0,1,1,1,1,0,1,7,2,96,0,0,0,0,0x000600207010F087
2253,-819,-13104,1,1,1,0,0,0,0,1,0,0,0,0,1,1,1,1,0,1,7,2,96,0,0,0,0,0x000600207010F087
2254,-818,-13088,1,1,1,0,0,0,0,1,0,0,0,0,1,1,1,1,0,1,7,2,96,0,0,0,0,0x000600207010F087
2255,-817,-13072,1,1,1,0,0,0,0,1,0,0,0,0,1,1,1,1,0,1,7,2,96,0,0,0,0,0x000600207010F087
2256,-816,-13056,1,1,1,0,0,0,0,1,0,0,0,0,1,1,1,1,0,1,7,2,96,0,0,0,0,0x000600207010F087
2257,-815,-13040,1,1,1,0,0,0,0,1,0,0,0,0,1,1,1,1,0,1,7,2,96,0,0,0,0,0x000600207010F087
2258,-814,-13024,1,1,1,0,0,0,0,1,0,0,0,0,1,1,1,1,0,1,7,2,96,0,0,0,0,0x000600207010F087
2259,-813,-13008,1,1,1,0,0,0,0,1,0,0,0,0,1,1,1,1,0,1,7,2,96,0,0,0,0,0x000600207010F087
2260,-812,-12992,1,1,1,0,0,0,0,1,0,0,0,0,1,1,1,1,0,1,7,2,96,0,0,0,0,0x000600207010F087
2261,-811,-12976,1,1,1,0,0,0,0,1,0,0,0,0,1,1,1,1,0,1,7,2,96,0,0,0,0,0x000600207010F087
2262,-810,-12960,1,1,1,0,0,0,0,1,0,0,0,0,1,1,1,1,0,1,7,2,96,0,0,0,0,0x000600207010F087
2263,-809,-12944,1,1,1,0,0,0,0,1,0,0,0,0,1,1,1,1,0,1,7,2,96,0,0,0,0,0x000600207010F087
2264,-808,-12928,1,1,1,0,0,0,0,1,0,0,0,0,1,1,1,1,0,1,7,2,96,0,0,0,0,0x000600207010F087
2265,-807,-12912,1,1,1,0,0,0,0,1,0,0,0,0,1,1,1,1,0,1,7,2,96,0,0,0,0,0x000600207010F087
2266,-806,-12896,1,1,1,0,0,0,0,1,0,0,0,0,1,1,1,1,0,1,7,2,96,0,0,0,0,0x000600207010F087
2267,-805,-12880,1,1,1,0,0,0,0,1,0,0,0,0,1,1,1,1,0,1,7,2,96,0,0,0,0,0x000600207010F087
2268,-804,-12864,1,1,1,0,0,0,0,1,0,0,0,0,1,1,1,1,0,1,7,2,96,0,0,0,0,0x000600207010F087
2269,-803,-12848,1,1,1,0,0,0,0,1,0,0,0,0,1,1,1,1,0,1,7,2,96,0,0,0,0,0x000600207010F087
2270,-802,-12832,1,1,1,0,0,0,0,1,0,0,0,0,1,1,1,1,0,1,7,2,96,0,0,0,0,0x000600207010F087
2271,-801,-12816,1,1,1,0,0,0,0,1,0,0,0,0,1,1,1,1,0,1,7,2,96,0,0,0,0,0x000600207010F087
2272,-800,-12800,1,1,1,0,0,0,0,1,0,0,0,0,1,1,1,1,0,1,7,2,96,0,0,0,0,0x000600207010F087
2273,-799,-12784,1,1,1,0,0,0,0,1,0,0,0,0,1,1,1,1,0,1,7,2,96,0,0,0,0,0x000600207010F087
2274,-798,-12768,1,1,1,0,0,0,0,1,0,0,0,0,1,1,1,1,0,1,7,2,96,0,0,0,0,0x000600207010F087
2275,-797,-12752,1,1,1,0,0,0,0,1,0,0,0,0,1,1,1,1,0,1,7,2,96,0,0,0,0,0x000600207010F087
2276,-796,-12736,1,1,1,0,0,0,0,1,0,0,0,0,1,1,1,1,0,1,7,2,96,0,0,0,0,0x000600207010F087
2277,-795,-12720,1,1,1,0,0,0,0,1,0,0,0,0,1,1,1,1,0,1,7,2,96,0,0,0,0,0x000600207010F087
2278,-794,-12704,1,1,1,0,0,0,0,1,0,0,0,0,1,1,1,1,0,1,7,2,96,0,0,0,0,0x000600207010F087
2279,-793,-12688,1,1,1,0,0,0,0,1,0,0,0,0,1,1,1,1,0,1,7,2,96,0,0,0,0,0x000600207010F087
2280,-792,-12672,1,1,1,0,0,0,0,1,0,0,0,0,1,1,1,1,0,1,7,2,96,0,0,0,0,0x000600207010F087
2281,-791,-12656,1,1,1,0,0,0,0,1,0,0,0,0,1,1,1,1,0,1,7,2,96,0,0,0,0,0x000600207010F087
2282,-790,-12640,1,1,1,0,0,0,0,1,0,0,0,0,1,1,1,1,0,1,7,2,96,0,0,0,0,0x000600207010F087
2283,-789,-12624,1,1,1,0,0,0,0,1,0,0,0,0,1,1,1,1,0,1,7,2,96,0,0,0,0,0x000600207010F087
2284,-788,-12608,1,1,1,0,0,0,0,1,0,0,0,0,1,1,1,1,0,1,7,2,96,0,0,0,0,0x000600207010F087
2285,-787,-12592,1,1,1,0,0,0,0,1,0,0,0,0,1,1,1,1,0,1,7,2,96,0,0,0,0,0x000600207010F087
2286,-786,-12576,1,1,1,0,0,0,0,1,0,0,0,0,1,1,1,1,0,1,7,2,96,0,0,0,0,0x000600207010F087
2287,-785,-12560,1,1,1,0,0,0,0,1,0,0,0,0,1,1,1,1,0,1,7,2,96,0,0,0,0,0x000600207010F087
2288,-784,-12544,1,1,1,0,0,0,0,1,0,0,0,0,1,1,1,1,0,1,7,2,96,0,0,0,0,0x000600207010F087
2289,-783,-12528,1,1,1,0,0,0,0,1,0,0,0,0,1,1,1,1,0,1,7,2,96,0,0,0,0,0x000600207010F087
2290,-782,-12512,1,1,1,0,0,0,0,1,0,0,0,0,1,1,1,1,0,1,7,2,96,0,0,0,0,0x000600207010F087
2291,-781,-12496,1,1,1,0,0,0,0,1,0,0,0,0,1,1,1,1,0,1,7,2,96,0,0,0,0,0x000600207010F087
2292,-780,-12480,1,1,1,0,0,0,0,1,0,0,0,0,1,1,1,1,0,1,7,2,96,0,0,0,0,0x000600207010F087
2293,-779,-12464,1,1,1,0,0,0,0,1,0,0,0,0,1,1,1,1,0,1,7,2,96,0,0,0,0,0x000600207010F087
2294,-778,-12448,1,1,1,0,0,0,0,1,0,0,0,0,1,1,1,1,0,1,7,2,96,0,0,0,0,0x000600207010F087
2295,-777,-12432,1,1,1,0,0,0,0,1,0,0,0,0,1,1,1,1,0,1,7,2,96,0,0,0,0,0x000600207010F087
2296,-776,-12416,1,1,1,0,0,0,0,1,0,0,0,0,1,1,1,1,0,1,7,2,96,0,0,0,0,0x000600207010F087
2297,-775,-12400,1,1,1,0,0,0,0,1,0,0,0,0,1,1,1,1,0,1,7,2,96,0,0,0,0,0x000600207010F087
2298,-774,-12384,1,1,1,0,0,0,0,1,0,0,0,0,1,1,1,1,0,1,7,2,96,0,0,0,0,0x000600207010F087
2299,-773,-12368,1,1,1,0,0,0,0,1,0,0,0,0,1,1,1,1,0,1,7,2,96,0,0,0,0,0x000600207010F087
2300,-772,-12352,1,1,1,0,0,0,0,1,0,0,0,0,1,1,1,1,0,1,7,2,96,0,0,0,0,0x000600207010F087
2301,-771,-12336,1,1,1,0,0,0,0,1,0,0,0,0,1,1,1,1,0,1,7,2,96,0,0,0,0,0x000600207010F087
2302,-770,-12320,1,1,1,0,0,0,0,1,0,0,0,0,1,1,1,1,0,1,7,2,96,0,0,0,0,0x000600207010F087
2303,-769,-12304,1,1,1,0,0,0,0,1,0,0,0,0,1,1,1,1,0,1,7,2,96,0,0,0,0,0x000600207010F087
2304,-768,-12288,1,1,1,0,0,0,0,1,0,0,0,0,1,1,1,1,0,1,7,2,96,0,0,0,0,0x000600207010F087
2305,-767,-12272,1,1,1,0,0,0,0,1,0,0,0,0,1,1,1,1,0,1,7,2,96,0,0,0,0,0x000600207010F087
2306,-766,-12256,1,1,1,0,0,0,0,1,0,0,0,0,1,1,1,1,0,1,7,2,96,0,0,0,0,0x000600207010F087
2307,-765,-12240,1,1,1,0,0,0,0,1,0,0,0,0,1,1,1,1,0,1,7,2,96,0,0,0,0,0x000600207010F087
2308,-764,-12224,1,1,1,0,0,0,0,1,0,0,0,0,1,1,1,1,0,1,7,2,96,0,0,0,0,0x000600207010F087
2309,-763,-12208,1,1,1,0,0,0,0,1,0,0,0,0,1,1,1,1,0,1,7,2,96,0,0,0,0,0x000600207010F087
2310,-762,-12192,1,1,1,0,0,0,0,1,0,0,0,0,1,1,1,1,0,1,7,2,96,0,0,0,0,0x000600207010F087
2311,-761,-12176,1,1,1,0,0,0,0,1,0,0,0,0,1,1,1,1,0,1,7,2,96,0,0,0,0,0x000600207010F087
2312,-760,-12160,1,1,1,0,0,0,0,1,0,0,0,0,1,1,1,1,0,1,7,2,96,0,0,0,0,0x000600207010F087
2313,-759,-12144,1,1,1,0,0,0,0,1,0,0,0,0,1,1,1,1,0,1,7,2,96,0,0,0,0,0x000600207010F087
2314,-758,-12128,1,1,1,0,0,0,0,1,0,0,0,0,1,1,1,1,0,1,7,2,96,0,0,0,0,0x000600207010F087
2315,-757,-12112,1,1,1,0,0,0,0,1,0,0,0,0,1,1,1,1,0,1,7,2,96,0,0,0,0,0x000600207010F087
2316,-756,-12096,1,1,1,0,0,0,0,1,0,0,0,0,1,1,1,1,0,1,7,2,96,0,0,0,0,0x000600207010F087
2317,-755,-12080,1,1,1,0,0,0,0,1,0,0,0,0,1,1,1,1,0,1,7,2,96,0,0,0,0,0x000600207010F087
2318,-754,-12064,1,1,1,0,0,0,0,1,0,0,0,0,1,1,1,1,0,1,7,2,96,0,0,0,0,0x000600207010F087
2319,-753,-12048,1,1,1,0,0,0,0,1,0,0,0,0,1,1,1,1,0,1,7,2,96,0,0,0,0,0x000600207010F087
2320,-752,-12032,1,1,1,0,0,0,0,1,0,0,0,0,1,1,1,1,0,1,7,2,96,0,0,0,0,0x000600207010F087
2321,-751,-12016,1,1,1,0,0,0,0,1,0,0,0,0,1,1,1,1,0,1,7,2,96,0,0,0,0,0x000600207010F087
2322,-750,-12000,1,1,1,0,0,0,0,1,0,0,0,0,1,1,1,1,0,1,7,2,96,0,0,0,0,0x000600207010F087
2323,-749,-11984,1,1,1,0,0,0,0,1,0,0,0,0,1,1,1,1,0,1,7,2,96,0,0,0,0,0x000600207010F087
2324,-748,-11968,1,1,1,0,0,0,0,1,0,0,0,0,1,1,1,1,0,1,7,2,96,0,0,0,0,0x000600207010F087
2325,-747,-11952,1,1,1,0,0,0,0,1,0,0,0,0,1,1,1,1,0,1,7,2,96,0,0,0,0,0x000600207010F087
2326,-746,-11936,1,1,1,0,0,0,0,1,0,0,0,0,1,1,1,1,0,1,7,2,96,0,0,0,0,0x000600207010F087
2327,-745,-11920,1,1,1,0,0,0,0,1,0,0,0,0,1,1,1,1,0,1,7,2,96,0,0,0,0,0x000600207010F087
2328,-744,-11904,1,1,1,0,0,0,0,1,0,0,0,0,1,1,1,1,0,1,7,2,96,0,0,0,0,0x000600207010F087
2329,-743,-11888,1,1,1,0,0,0,0,1,0,0,0,0,1,1,1,1,0,1,7,2,96,0,0,0,0,0x000600207010F087
2330,-742,-11872,1,1,1,0,0,0,0,1,0,0,0,0,1,1,1,1,0,1,7,2,96,0,0,0,0,0x000600207010F087
2331,-741,-11856,1,1,1,0,0,0,0,1,0,0,0,0,1,1,1,1,0,1,7,2,96,0,0,0,0,0x000600207010F087
2332,-740,-11840,1,1,1,0,0,0,0,1,0,0,0,0,1,1,1,1,0,1,7,2,96,0,0,0,0,0x000600207010F087
2333,-739,-11824,1,1,1,0,0,0,0,1,0,0,0,0,1,1,1,1,0,1,7,2,96,0,0,0,0,0x000600207010F087
2334,-738,-11808,1,1,1,0,0,0,0,1,0,0,0,0,1,1,1,1,0,1,7,2,96,0,0,0,0,0x000600207010F087
2335,-737,-11792,1,1,1,0,0,0,0,1,0,0,0,0,1,1,1,1,0,1,7,2,96,0,0,0,0,0x000600207010F087
2336,-736,-11776,1,1,1,0,0,0,0,1,0,0,0,0,1,1,1,1,0,1,7,2,96,0,0,0,0,0x000600207010F087
2337,-735,-11760,1,1,1,0,0,0,0,1,0,0,0,0,1,1,1,1,0,1,7,2,96,0,0,0,0,0x000600207010F087
2338,-734,-11744,1,1,1,0,0,0,0,1,0,0,0,0,1,1,1,1,0,1,7,2,96,0,0,0,0,0x000600207010F087
2339,-733,-11728,1,1,1,0,0,0,0,1,0,0,0,0,1,1,1,1,0,1,7,2,96,0,0,0,0,0x000600207010F087
2340,-732,-11712,1,1,1,0,0,0,0,1,0,0,0,0,1,1,1,1,0,1,7,2,96,0,0,0,0,0x000600207010F087
2341,-731,-11696,1,1,1,0,0,0,0,1,0,0,0,0,1,1,1,1,0,1,7,2,96,0,0,0,0,0x000600207010F087
2342,-730,-11680,1,1,1,0,0,0,0,1,0,0,0,0,1,1,1,1,0,1,7,2,96,0,0,0,0,0x000600207010F087
2343,-729,-11664,1,1,1,0,0,0,0,1,0,0,0,0,1,1,1,1,0,1,7,2,96,0,0,0,0,0x000600207010F087
2344,-728,-11648,1,1,1,0,0,0,0,1,0,0,0,0,1,1,1,1,0,1,7,2,96,0,0,0,0,0x000600207010F087
2345,-727,-11632,1,1,1,0,0,0,0,1,0,0,0,0,1,1,1,1,0,1,7,2,96,0,0,0,0,0x000600207010F087
2346,-726,-11616,1,1,1,0,0,0,0,1,0,0,0,0,1,1,1,1,0,1,7,2,96,0,0,0,0,0x000600207010F087
2347,-725,-11600,1,1,1,0,0,0,0,1,0,0,0,0,1,1,1,1,0,1,7,2,96,0,0,0,0,0x000600207010F087
2348,-724,-11584,1,1,1,0,0,0,0,1,0,0,0,0,1,1,1,1,0,1,7,2,96,0,0,0,0,0x000600207010F087
2349,-723,-11568,1,1,1,0,0,0,0,1,0,0,0,0,1,1,1,1,0,1,7,2,96,0,0,0,0,0x000600207010F087
2350,-722,-11552,1,1,1,0,0,0,0,1,0,0,0,0,1,1,1,1,0,1,7,2,96,0,0,0,0,0x000600207010F087
2351,-721,-11536,1,1,1,0,0,0,0,1,0,0,0,0,1,1,1,1,0,1,7,2,96,0,0,0,0,0x000600207010F087
2352,-720,-11520,1,1,1,0,0,0,0,1,0,0,0,0,1,1,1,1,0,1,7,2,96,0,0,0,0,0x000600207010F087
2353,-719,-11504,1,1,1,0,0,0,0,1,0,0,0,0,1,1,1,1,0,1,7,2,96,0,0,0,0,0x000600207010F087
2354,-718,-11488,1,1,1,0,0,0,0,1,0,0,0,0,1,1,1,1,0,1,7,2,96,0,0,0,0,0x000600207010F087
2355,-717,-11472,1,1,1,0,0,0,0,1,0,0,0,0,1,1,1,1,0,1,7,2,96,0,0,0,0,0x000600207010F087
2356,-716,-11456,1,1,1,0,0,0,0,1,0,0,0,0,1,1,1,1,0,1,7,2,96,0,0,0,0,0x000600207010F087
2357,-715,-11440,1,1,1,0,0,0,0,1,0,0,0,0,1,1,1,1,0,1,7,2,96,0,0,0,0,0x000600207010F087
2358,-714,-11424,1,1,1,0,0,0,0,1,0,0,0,0,1,1,1,1,0,1,7,2,96,0,0,0,0,0x000600207010F087
2359,-713,-11408,1,1,1,0,0,0,0,1,0,0,0,0,1,1,1,1,0,1,7,2,96,0,0,0,0,0x000600207010F087
2360,-712,-11392,1,1,1,0,0,0,0,1,0,0,0,0,1,1,1,1,0,1,7,2,96,0,0,0,0,0x000600207010F087
2361,-711,-11376,1,1,1,0,0,0,0,1,0,0,0,0,1,1,1,1,0,1,7,2,96,0,0,0,0,0x000600207010F087
2362,-710,-11360,1,1,1,0,0,0,0,1,0,0,0,0,1,1,1,1,0,1,7,2,96,0,0,0,0,0x000600207010F087
2363,-709,-11344,1,1,1,0,0,0,0,1,0,0,0,0,1,1,1,1,0,1,7,2,96,0,0,0,0,0x000600207010F087
2364,-708,-11328,1,1,1,0,0,0,0,1,0,0,0,0,1,1,1,1,0,1,7,2,96,0,0,0,0,0x000600207010F087
2365,-707,-11312,1,1,1,0,0,0,0,1,0,0,0,0,1,1,1,1,0,1,7,2,96,0,0,0,0,0x000600207010F087
2366,-706,-11296,1,1,1,0,0,0,0,1,0,0,0,0,1,1,1,1,0,1,7,2,96,0,0,0,0,0x000600207010F087
2367,-705,-11280,1,1,1,0,0,0,0,1,0,0,0,0,1,1,1,1,0,1,7,2,96,0,0,0,0,0x000600207010F087
2368,-704,-11264,1,1,1,0,0,0,0,1,0,0,0,0,1,1,1,1,0,1,7,2,96,0,0,0,0,0x000600207010F087
2369,-703,-11248,1,1,1,0,0,0,0,1,0,0,0,0,1,1,1,1,0,1,7,2,96,0,0,0,0,0x000600207010F087
2370,-702,-11232,1,1,1,0,0,0,0,1,0,0,0,0,1,1,1,1,0,1,7,2,96,0,0,0,0,0x000600207010F087
2371,-701,-11216,1,1,1,0,0,0,0,1,0,0,0,0,1,1,1,1,0,1,7,2,96,0,0,0,0,0x000600207010F087
2372,-700,-11200,1,1,1,0,0,0,0,1,0,0,0,0,1,1,1,1,0,1,7,2,96,0,0,0,0,0x000600207010F087
2373,-699,-11184,1,1,1,0,0,0,0,1,0,0,0,0,1,1,1,1,0,1,7,2,96,0,0,0,0,0x000600207010F087
2374,-698,-11168,1,1,1,0,0,0,0,1,0,0,0,0,1,1,1,1,0,1,7,2,96,0,0,0,0,0x000600207010F087
2375,-697,-11152,1,1,1,0,0,0,0,1,0,0,0,0,1,1,1,1,0,1,7,2,96,0,0,0,0,0x000600207010F087
2376,-696,-11136,1,1,1,0,0,0,0,1,0,0,0,0,1,1,1,1,0,1,7,2,96,0,0,0,0,0x000600207010F087
2377,-695,-11120,1,1,1,0,0,0,0,1,0,0,0,0,1,1,1,1,0,1,7,2,96,0,0,0,0,0x000600207010F087
2378,-694,-11104,1,1,1,0,0,0,0,1,0,0,0,0,1,1,1,1,0,1,7,2,96,0,0,0,0,0x000600207010F087
2379,-693,-11088,1,1,1,0,0,0,0,1,0,0,0,0,1,1,1,1,0,1,7,2,96,0,0,0,0,0x000600207010F087
2380,-692,-11072,1,1,1,0,0,0,0,1,0,0,0,0,1,1,1,1,0,1,7,2,96,0,0,0,0,0x000600207010F087
2381,-691,-11056,1,1,1,0,0,0,0,1,0,0,0,0,1,1,1,1,0,1,7,2,96,0,0,0,0,0x000600207010F087
2382,-690,-11040,1,1,1,0,0,0,0,1,0,0,0,0,1,1,1,1,0,1,7,2,96,0,0,0,0,0x000600207010F087
2383,-689,-11024,1,1,1,0,0,0,0,1,0,0,0,0,1,1,1,1,0,1,7,2,96,0,0,0,0,0x000600207010F087
2384,-688,-11008,1,1,1,0,0,0,0,1,0,0,0,0,1,1,1,1,0,1,7,2,96,0,0,0,0,0x000600207010F087
2385,-687,-10992,1,1,1,0,0,0,0,1,0,0,0,0,1,1,1,1,0,1,7,2,96,0,0,0,0,0x000600207010F087
2386,-686,-10976,1,1,1,0,0,0,0,1,0,0,0,0,1,1,1,1,0,1,7,2,96,0,0,0,0,0x000600207010F087
2387,-685,-10960,1,1,1,0,0,0,0,1,0,0,0,0,1,1,1,1,0,1,7,2,96,0,0,0,0,0x000600207010F087
2388,-684,-10944,1,1,1,0,0,0,0,1,0,0,0,0,1,1,1,1,0,1,7,2,96,0,0,0,0,0x000600207010F087
2389,-683,-10928,1,1,1,0,0,0,0,1,0,0,0,0,1,1,1,1,0,1,7,2,96,0,0,0,0,0x000600207010F087
2390,-682,-10912,1,1,1,0,0,0,0,1,0,0,0,0,1,1,1,1,0,1,7,2,96,0,0,0,0,0x000600207010F087
2391,-681,-10896,1,1,1,0,0,0,0,1,0,0,0,0,1,1,1,1,0,1,7,2,96,0,0,0,0,0x000600207010F087
2392,-680,-10880,1,1,1,0,0,0,0,1,0,0,0,0,1,1,1,1,0,1,7,2,96,0,0,0,0,0x000600207010F087
2393,-679,-10864,1,1,1,0,0,0,0,1,0,0,0,0,1,1,1,1,0,1,7,2,96,0,0,0,0,0x000600207010F087
2394,-678,-10848,1,1,1,0,0,0,0,1,0,0,0,0,1,1,1,1,0,1,7,2,96,0,0,0,0,0x000600207010F087
2395,-677,-10832,1,1,1,0,0,0,0,1,0,0,0,0,1,1,1,1,0,1,7,2,96,0,0,0,0,0x000600207010F087
2396,-676,-10816,1,1,1,0,0,0,0,1,0,0,0,0,1,1,1,1,0,1,7,2,96,0,0,0,0,0x000600207010F087
2397,-675,-10800,1,1,1,0,0,0,0,1,0,0,0,0,1,1,1,1,0,1,7,2,96,0,0,0,0,0x000600207010F087
2398,-674,-10784,1,1,1,0,0,0,0,1,0,0,0,0,1,1,1,1,0,1,7,2,96,0,0,0,0,0x000600207010F087
2399,-673,-10768,1,1,1,0,0,0,0,1,0,0,0,0,1,1,1,1,0,1,7,2,96,0,0,0,0,0x000600207010F087
2400,-672,-10752,1,1,1,0,0,0,0,1,0,0,0,0,1,1,1,1,0,1,7,2,96,0,0,0,0,0x000600207010F087
2401,-671,-10736,1,1,1,0,0,0,0,1,0,0,0,0,1,1,1,1,0,1,7,2,96,0,0,0,0,0x000600207010F087
2402,-670,-10720,1,1,1,0,0,0,0,1,0,0,0,0,1,1,1,1,0,1,7,2,96,0,0,0,0,0x000600207010F087
2403,-669,-10704,1,1,1,0,0,0,0,1,0,0,0,0,1,1,1,1,0,1,7,2,96,0,0,0,0,0x000600207010F087
2404,-668,-10688,1,1,1,0,0,0,0,1,0,0,0,0,1,1,1,1,0,1,7,2,96,0,0,0,0,0x000600207010F087
2405,-667,-10672,1,1,1,0,0,0,0,1,0,0,0,0,1,1,1,1,0,1,7,2,96,0,0,0,0,0x000600207010F087
2406,-666,-10656,1,1,1,0,0,0,0,1,0,0,0,0,1,1,1,1,0,1,7,2,96,0,0,0,0,0x000600207010F087
2407,-665,-10640,1,1,1,0,0,0,0,1,0,0,0,0,1,1,1,1,0,1,7,2,96,0,0,0,0,0x000600207010F087
2408,-664,-10624,1,1,1,0,0,0,0,1,0,0,0,0,1,1,1,1,0,1,7,2,96,0,0,0,0,0x000600207010F087
2409,-663,-10608,1,1,1,0,0,0,0,1,0,0,0,0,1,1,1,1,0,1,7,2,96,0,0,0,0,0x000600207010F087
2410,-662,-10592,1,1,1,0,0,0,0,1,0,0,0,0,1,1,1,1,0,1,7,2,96,0,0,0,0,0x000600207010F087
2411,-661,-10576,1,1,1,0,0,0,0,1,0,0,0,0,1,1,1,1,0,1,7,2,96,0,0,0,0,0x000600207010F087
2412,-660,-10560,1,1,1,0,0,0,0,1,0,0,0,0,1,1,1,1,0,1,7,2,96,0,0,0,0,0x000600207010F087
2413,-659,-10544,1,1,1,0,0,0,0,1,0,0,0,0,1,1,1,1,0,1,7,2,96,0,0,0,0,0x000600207010F087
2414,-658,-10528,1,1,1,0,0,0,0,1,0,0,0,0,1,1,1,1,0,1,7,2,96,0,0,0,0,0x000600207010F087
2415,-657,-10512,1,1,1,0,0,0,0,1,0,0,0,0,1,1,1,1,0,1,7,2,96,0,0,0,0,0x000600207010F087
2416,-656,-10496,1,1,1,0,0,0,0,1,0,0,0,0,1,1,1,1,0,1,7,2,96,0,0,0,0,0x000600207010F087
2417,-655,-10480,1,1,1,0,0,0,0,1,0,0,0,0,1,1,1,1,0,1,7,2,96,0,0,0,0,0x000600207010F087
2418,-654,-10464,1,1,1,0,0,0,0,1,0,0,0,0,1,1,1,1,0,1,7,2,96,0,0,0,0,0x000600207010F087
2419,-653,-10448,1,1,1,0,0,0,0,1,0,0,0,0,1,1,1,1,0,1,7,2,96,0,0,0,0,0x000600207010F087
2420,-652,-10432,1,1,1,0,0,0,0,1,0,0,0,0,1,1,1,1,0,1,7,2,96,0,0,0,0,0x000600207010F087
2421,-651,-10416,1,1,1,0,0,0,0,1,0,0,0,0,1,1,1,1,0,1,7,2,96,0,0,0,0,0x000600207010F087
2422,-650,-10400,1,1,1,0,0,0,0,1,0,0,0,0,1,1,1,1,0,1,7,2,96,0,0,0,0,0x000600207010F087
2423,-649,-10384,1,1,1,0,0,0,0,1,0,0,0,0,1,1,1,1,0,1,7,2,96,0,0,0,0,0x000600207010F087
2424,-648,-10368,1,1,1,0,0,0,0,1,0,0,0,0,1,1,1,1,0,1,7,2,96,0,0,0,0,0x000600207010F087
2425,-647,-10352,1,1,1,0,0,0,0,1,0,0,0,0,1,1,1,1,0,1,7,2,96,0,0,0,0,0x000600207010F087
2426,-646,-10336,1,1,1,0,0,0,0,1,0,0,0,0,1,1,1,1,0,1,7,2,96,0,0,0,0,0x000600207010F087
2427,-645,-10320,1,1,1,0,0,0,0,1,0,0,0,0,1,1,1,1,0,1,7,2,96,0,0,0,0,0x000600207010F087
2428,-644,-10304,1,1,1,0,0,0,0,1,0,0,0,0,1,1,1,1,0,1,7,2,96,0,0,0,0,0x000600207010F087
2429,-643,-10288,1,1,1,0,0,0,0,1,0,0,0,0,1,1,1,1,0,1,7,2,96,0,0,0,0,0x000600207010F087
2430,-642,-10272,1,1,1,0,0,0,0,1,0,0,0,0,1,1,1,1,0,1,7,2,96,0,0,0,0,0x000600207010F087
2431,-641,-10256,1,1,1,0,0,0,0,1,0,0,0,0,1,1,1,1,0,1,7,2,96,0,0,0,0,0x000600207010F087
2432,-640,-10240,1,1,1,0,0,0,0,1,0,0,0,0,1,1,1,1,0,1,7,2,96,0,0,0,0,0x000600207010F087
2433,-639,-10224,1,1,1,0,0,0,0,1,0,0,0,0,1,1,1,1,0,1,7,2,96,0,0,0,0,0x000600207010F087
2434,-638,-10208,1,1,1,0,0,0,0,1,0,0,0,0,1,1,1,1,0,1,7,2,96,0,0,0,0,0x000600207010F087
2435,-637,-10192,1,1,1,0,0,0,0,1,0,0,0,0,1,1,1,1,0,1,7,2,96,0,0,0,0,0x000600207010F087
2436,-636,-10176,1,1,1,0,0,0,0,1,0,0,0,0,1,1,1,1,0,1,7,2,96,0,0,0,0,0x000600207010F087
2437,-635,-10160,1,1,1,0,0,0,0,1,0,0,0,0,1,1,1,1,0,1,7,2,96,0,0,0,0,0x000600207010F087
2438,-634,-10144,1,1,1,0,0,0,0,1,0,0,0,0,1,1,1,1,0,1,7,2,96,0,0,0,0,0x000600207010F087
2439,-633,-10128,1,1,1,0,0,0,0,1,0,0,0,0,1,1,1,1,0,1,7,2,96,0,0,0,0,0x000600207010F087
2440,-632,-10112,1,1,1,0,0,0,0,1,0,0,0,0,1,1,1,1,0,1,7,2,96,0,0,0,0,0x000600207010F087
2441,-631,-10096,1,1,1,0,0,0,0,1,0,0,0,0,1,1,1,1,0,1,7,2,96,0,0,0,0,0x000600207010F087
2442,-630,-10080,1,1,1,0,0,0,0,1,0,0,0,0,1,1,1,1,0,1,7,2,96,0,0,0,0,0x000600207010F087
2443,-629,-10064,1,1,1,0,0,0,0,1,0,0,0,0,1,1,1,1,0,1,7,2,96,0,0,0,0,0x000600207010F087
2444,-628,-10048,1,1,1,0,0,0,0,1,0,0,0,0,1,1,1,1,0,1,7,2,96,0,0,0,0,0x000600207010F087
2445,-627,-10032,1,1,1,0,0,0,0,1,0,0,0,0,1,1,1,1,0,1,7,2,96,0,0,0,0,0x000600207010F087
2446,-626,-10016,1,1,1,0,0,0,0,1,1,0,0,0,1,1,1,1,0,1,7,2,96,0,0,0,0,0x000600207010F187
2447,-625,-10000,1,1,1,0,0,0,0,0,0,0,0,0,1,1,1,1,7,2,8,2,255,0,0,0,0,0x000FF0208027F007
2448,-624,-9984,1,1,1,0,0,0,0,0,0,0,0,0,1,1,1,1,7,2,8,2,255,0,0,0,0,0x000FF0208027F007
2449,-623,-9968,1,1,1,0,0,0,0,0,0,0,0,0,1,1,1,1,7,2,8,2,255,0,0,0,0,0x000FF0208027F007
2450,-622,-9952,1,1,1,0,0,0,0,0,0,0,0,0,1,1,1,1,7,2,8,2,255,0,0,0,0,0x000FF0208027F007
2451,-621,-9936,1,1,1,1,0,0,0,0,0,0,0,0,1,1,1,1,7,2,8,2,255,0,0,0,0,0x000FF0208027F00F
2452,-620,-9920,1,1,1,1,1,0,0,0,0,0,0,0,1,1,1,1,7,2,8,2,255,0,0,0,0,0x000FF0208027F01F
2453,-619,-9904,1,1,1,1,1,0,0,0,0,0,0,0,1,1,1,1,7,2,8,2,255,0,0,0,0,0x000FF0208027F01F
2454,-618,-9888,1,1,1,1,1,0,0,0,0,0,0,0,1,1,1,1,7,2,8,2,255,0,0,0,0,0x000FF0208027F01F
2455,-617,-9872,1,1,1,1,1,1,0,0,0,0,0,0,1,1,1,1,7,2,8,2,255,0,0,0,0,0x000FF0208027F03F
2456,-616,-9856,1,1,1,1,1,1,0,0,0,0,0,0,1,1,1,1,7,2,8,2,255,0,0,0,0,0x000FF0208027F03F
2457,-615,-9840,1,1,1,1,1,1,0,0,0,0,0,0,1,1,1,1,7,2,8,2,255,0,0,0,0,0x000FF0208027F03F
2458,-614,-9824,1,1,1,1,1,1,0,0,0,0,0,0,1,1,1,1,7,2,8,2,255,0,0,0,0,0x000FF0208027F03F
2459,-613,-9808,1,1,1,1,1,1,0,0,0,0,0,0,1,1,1,1,7,2,8,2,255,0,0,0,0,0x000FF0208027F03F
2460,-612,-9792,1,1,1,1,1,1,0,0,0,0,0,0,1,1,1,1,7,2,8,2,255,0,0,0,0,0x000FF0208027F03F
2461,-611,-9776,1,1,1,1,1,1,0,0,0,0,0,0,1,1,1,1,7,2,8,2,255,0,0,0,0,0x000FF0208027F03F
2462,-610,-9760,1,1,1,1,1,1,0,0,0,0,0,0,1,1,1,1,7,2,8,2,255,0,0,0,0,0x000FF0208027F03F
2463,-609,-9744,1,1,1,1,1,1,0,0,0,0,0,0,1,1,1,1,7,2,8,2,255,0,0,0,0,0x000FF0208027F03F
2464,-608,-9728,1,1,1,1,1,1,0,0,0,0,0,0,1,1,1,1,7,2,8,2,255,0,0,0,0,0x000FF0208027F03F
2465,-607,-9712,1,1,1,1,1,1,0,0,0,0,0,0,1,1,1,1,7,2,8,2,255,0,0,0,0,0x000FF0208027F03F
2466,-606,-9696,1,1,1,1,1,1,0,0,0,0,0,0,1,1,1,1,7,2,8,2,255,0,0,0,0,0x000FF0208027F03F
2467,-605,-9680,1,1,1,1,1,1,0,0,0,0,0,0,1,1,1,1,7,2,8,2,255,0,0,0,0,0x000FF0208027F03F
2468,-604,-9664,1,1,1,1,1,1,0,0,0,0,0,0,1,1,1,1,7,2,8,2,255,0,0,0,0,0x000FF0208027F03F
2469,-603,-9648,1,1,1,1,1,1,0,0,0,0,0,0,1,1,1,1,7,2,8,2,255,0,0,0,0,0x000FF0208027F03F
2470,-602,-9632,1,1,1,1,1,1,0,0,0,0,0,0,1,1,1,1,7,2,8,2,255,0,0,0,0,0x000FF0208027F03F
2471,-601,-9616,1,1,1,1,1,1,0,0,0,0,0,0,1,1,1,1,7,2,8,2,255,0,0,0,0,0x000FF0208027F03F
2472,-600,-9600,1,1,1,1,1,1,0,0,0,0,0,0,1,1,1,1,7,2,8,2,255,0,0,0,0,0x000FF0208027F03F
2473,-599,-9584,1,1,1,1,1,1,0,0,0,0,0,0,1,1,1,1,7,2,8,2,255,0,0,0,0,0x000FF0208027F03F
2474,-598,-9568,1,1,1,1,1,1,0,0,0,0,0,0,1,1,1,1,7,2,8,2,255,0,0,0,0,0x000FF0208027F03F
2475,-597,-9552,1,1,1,1,1,1,0,0,0,0,0,0,1,1,1,1,7,2,8,2,255,0,0,0,0,0x000FF0208027F03F
2476,-596,-9536,1,1,1,1,1,1,0,0,0,0,0,0,1,1,1,1,7,2,8,2,255,0,0,0,0,0x000FF0208027F03F
2477,-595,-9520,1,1,1,1,1,1,0,0,0,0,0,0,1,1,1,1,7,2,8,2,255,0,0,0,0,0x000FF0208027F03F
2478,-594,-9504,1,1,1,1,1,1,0,0,0,0,0,0,1,1,1,1,7,2,8,2,255,0,0,0,0,0x000FF0208027F03F
2479,-593,-9488,1,1,1,1,1,1,0,0,0,0,0,0,1,1,1,1,7,2,8,2,255,0,0,0,0,0x000FF0208027F03F
2480,-592,-9472,1,1,1,1,1,1,0,0,0,0,0,0,1,1,1,1,7,2,8,2,255,0,0,0,0,0x000FF0208027F03F
2481,-591,-9456,1,1,1,1,1,1,0,0,0,0,0,0,1,1,1,1,7,2,8,2,255,0,0,0,0,0x000FF0208027F03F
2482,-590,-9440,1,1,1,1,1,1,0,0,0,0,0,0,1,1,1,1,7,2,8,2,255,0,0,0,0,0x000FF0208027F03F
2483,-589,-9424,1,1,1,1,1,1,0,0,0,0,0,0,1,1,1,1,7,2,8,2,255,0,0,0,0,0x000FF0208027F03F
2484,-588,-9408,1,1,1,1,1,1,0,0,0,0,0,0,1,1,1,1,7,2,8,2,255,0,0,0,0,0x000FF0208027F03F
2485,-587,-9392,1,1,1,1,1,1,0,0,0,0,0,0,1,1,1,1,7,2,8,2,255,0,0,0,0,0x000FF0208027F03F
2486,-586,-9376,1,1,1,1,1,1,0,0,0,0,0,0,1,1,1,1,7,2,8,2,255,0,0,0,0,0x000FF0208027F03F
2487,-585,-9360,1,1,1,1,1,1,0,0,0,0,0,0,1,1,1,1,7,2,8,2,255,0,0,0,0,0x000FF0208027F03F
2488,-584,-9344,1,1,1,1,1,1,0,0,0,0,0,0,1,1,1,1,7,2,8,2,255,0,0,0,0,0x000FF0208027F03F
2489,-583,-9328,1,1,1,1,1,1,0,0,0,0,0,0,1,1,1,1,7,2,8,2,255,0,0,0,0,0x000FF0208027F03F
2490,-582,-9312,1,1,1,1,1,1,0,0,0,0,0,0,1,1,1,1,7,2,8,2,255,0,0,0,0,0x000FF0208027F03F
2491,-581,-9296,1,1,1,1,1,1,0,0,0,0,0,0,1,1,1,1,7,2,8,2,255,0,0,0,0,0x000FF0208027F03F
2492,-580,-9280,1,1,1,1,1,1,0,0,0,0,0,0,1,1,1,1,7,2,8,2,255,0,0,0,0,0x000FF0208027F03F
2493,-579,-9264,1,1,1,1,1,1,0,0,0,0,0,0,1,1,1,1,7,2,8,2,255,0,0,0,0,0x000FF0208027F03F
2494,-578,-9248,1,1,1,1,1,1,0,0,0,0,0,0,1,1,1,1,7,2,8,2,255,0,0,0,0,0x000FF0208027F03F
2495,-577,-9232,1,1,1,1,1,1,0,0,0,0,0,0,1,1,1,1,7,2,8,2,255,0,0,0,0,0x000FF0208027F03F
2496,-576,-9216,1,1,1,1,1,1,0,0,0,0,0,0,1,1,1,1,7,2,8,2,255,0,0,0,0,0x000FF0208027F03F
2497,-575,-9200,1,1,1,1,1,1,0,0,0,0,0,0,1,1,1,1,7,2,8,2,255,0,0,0,0,0x000FF0208027F03F
2498,-574,-9184,1,1,1,1,1,1,0,0,0,0,0,0,1,1,1,1,7,2,8,2,255,0,0,0,0,0x000FF0208027F03F
2499,-573,-9168,1,1,1,1,1,1,0,0,0,0,0,0,1,1,1,1,7,2,8,2,255,0,0,0,0,0x000FF0208027F03F
2500,-572,-9152,1,1,1,1,1,1,0,0,0,0,0,0,1,1,1,1,7,2,8,2,255,0,0,0,0,0x000FF0208027F03F
2501,-571,-9136,1,1,1,1,1,1,0,0,0,0,0,0,1,1,1,1,7,2,8,2,255,0,0,0,0,0x000FF0208027F03F
2502,-570,-9120,1,1,1,1,1,1,0,0,0,0,0,0,1,1,1,1,7,2,8,2,255,0,0,0,0,0x000FF0208027F03F
2503,-569,-9104,1,1,1,1,1,1,0,0,0,0,0,0,1,1,1,1,7,2,8,2,255,0,0,0,0,0x000FF0208027F03F
2504,-568,-9088,1,1,1,1,1,1,0,0,0,0,0,0,1,1,1,1,7,2,8,2,255,0,0,0,0,0x000FF0208027F03F
2505,-567,-9072,1,1,1,1,1,1,0,0,0,0,0,0,1,1,1,1,7,2,8,2,255,0,0,0,0,0x000FF0208027F03F
2506,-566,-9056,1,1,1,1,1,1,0,0,0,0,0,0,1,1,1,1,7,2,8,2,255,0,0,0,0,0x000FF0208027F03F
2507,-565,-9040,1,1,1,1,1,1,0,0,0,0,0,0,1,1,1,1,7,2,8,2,255,0,0,0,0,0x000FF0208027F03F
2508,-564,-9024,1,1,1,1,1,1,0,0,0,0,0,0,1,1,1,1,7,2,8,2,255,0,0,0,0,0x000FF0208027F03F
2509,-563,-9008,1,1,1,1,1,1,0,0,0,0,0,0,1,1,1,1,7,2,8,2,255,0,0,0,0,0x000FF0208027F03F
2510,-562,-8992,1,1,1,1,1,1,0,0,0,0,0,0,1,1,1,1,7,2,8,2,255,0,0,0,0,0x000FF0208027F03F
2511,-561,-8976,1,1,1,1,1,1,0,0,0,0,0,0,1,1,1,1,7,2,8,2,255,0,0,0,0,0x000FF0208027F03F
2512,-560,-8960,1,1,1,1,1,1,0,0,0,0,0,0,1,1,1,1,7,2,8,2,255,0,0,0,0,0x000FF0208027F03F
2513,-559,-8944,1,1,1,1,1,1,0,0,0,0,0,0,1,1,1,1,7,2,8,2,255,0,0,0,0,0x000FF0208027F03F
2514,-558,-8928,1,1,1,1,1,1,0,0,0,0,0,0,1,1,1,1,7,2,8,2,255,0,0,0,0,0x000FF0208027F03F
2515,-557,-8912,1,1,1,1,1,1,0,0,0,0,0,0,1,1,1,1,7,2,8,2,255,0,0,0,0,0x000FF0208027F03F
2516,-556,-8896,1,1,1,1,1,1,0,0,0,0,0,0,1,1,1,1,7,2,8,2,255,0,0,0,0,0x000FF0208027F03F
2517,-555,-8880,1,1,1,1,1,1,0,0,0,0,0,0,1,1,1,1,7,2,8,2,255,0,0,0,0,0x000FF0208027F03F
2518,-554,-8864,1,1,1,1,1,1,0,0,0,0,0,0,1,1,1,1,7,2,8,2,255,0,0,0,0,0x000FF0208027F03F
2519,-553,-8848,1,1,1,1,1,1,0,0,0,0,0,0,1,1,1,1,7,2,8,2,255,0,0,0,0,0x000FF0208027F03F
2520,-552,-8832,1,1,1,1,1,1,0,0,0,0,0,0,1,1,1,1,7,2,8,2,255,0,0,0,0,0x000FF0208027F03F
2521,-551,-8816,1,1,1,1,1,1,0,0,0,0,0,0,1,1,1,1,7,2,8,2,255,0,0,0,0,0x000FF0208027F03F
2522,-550,-8800,1,1,1,1,1,1,0,0,0,0,0,0,1,1,1,1,7,2,8,2,255,0,0,0,0,0x000FF0208027F03F
2523,-549,-8784,1,1,1,1,1,1,0,0,0,0,0,0,1,1,1,1,7,2,8,2,255,0,0,0,0,0x000FF0208027F03F
2524,-548,-8768,1,1,1,1,1,1,0,0,0,0,0,0,1,1,1,1,7,2,8,2,255,0,0,0,0,0x000FF0208027F03F
2525,-547,-8752,1,1,1,1,1,1,0,0,0,0,0,0,1,1,1,1,7,2,8,2,255,0,0,0,0,0x000FF0208027F03F
2526,-546,-8736,1,1,1,1,1,1,0,0,0,0,0,0,1,1,1,1,7,2,8,2,255,0,0,0,0,0x000FF0208027F03F
2527,-545,-8720,1,1,1,1,1,1,0,0,0,0,0,0,1,1,1,1,7,2,8,2,255,0,0,0,0,0x000FF0208027F03F
2528,-544,-8704,1,1,1,1,1,1,0,0,0,0,0,0,1,1,1,1,7,2,8,2,255,0,0,0,0,0x000FF0208027F03F
2529,-543,-8688,1,1,1,1,1,1,0,0,0,0,0,0,1,1,1,1,7,2,8,2,255,0,0,0,0,0x000FF0208027F03F
2530,-542,-8672,1,1,1,1,1,1,0,0,0,0,0,0,1,1,1,1,7,2,8,2,255,0,0,0,0,0x000FF0208027F03F
2531,-541,-8656,1,1,1,1,1,1,0,0,0,0,0,0,1,1,1,1,7,2,8,2,255,0,0,0,0,0x000FF0208027F03F
2532,-540,-8640,1,1,1,1,1,1,0,0,0,0,0,0,1,1,1,1,7,2,8,2,255,0,0,0,0,0x000FF0208027F03F
2533,-539,-8624,1,1,1,1,1,1,0,0,0,0,0,0,1,1,1,1,7,2,8,2,255,0,0,0,0,0x000FF0208027F03F
2534,-538,-8608,1,1,1,1,1,1,0,0,0,0,0,0,1,1,1,1,7,2,8,2,255,0,0,0,0,0x000FF0208027F03F
2535,-537,-8592,1,1,1,1,1,1,0,0,0,0,0,0,1,1,1,1,7,2,8,2,255,0,0,0,0,0x000FF0208027F03F
2536,-536,-8576,1,1,1,1,1,1,0,0,0,0,0,0,1,1,1,1,7,2,8,2,255,0,0,0,0,0x000FF0208027F03F
2537,-535,-8560,1,1,1,1,1,1,0,0,0,0,0,0,1,1,1,1,7,2,8,2,255,0,0,0,0,0x000FF0208027F03F
2538,-534,-8544,1,1,1,1,1,1,0,0,0,0,0,0,1,1,1,1,7,2,8,2,255,0,0,0,0,0x000FF0208027F03F
2539,-533,-8528,1,1,1,1,1,1,0,0,0,0,0,0,1,1,1,1,7,2,8,2,255,0,0,0,0,0x000FF0208027F03F
2540,-532,-8512,1,1,1,1,1,1,0,0,0,0,0,0,1,1,1,1,7,2,8,2,255,0,0,0,0,0x000FF0208027F03F
2541,-531,-8496,1,1,1,1,1,1,0,0,0,0,0,0,1,1,1,1,7,2,8,2,255,0,0,0,0,0x000FF0208027F03F
2542,-530,-8480,1,1,1,1,1,1,0,0,0,0,0,0,1,1,1,1,7,2,8,2,255,0,0,0,0,0x000FF0208027F03F
2543,-529,-8464,1,1,1,1,1,1,0,0,0,0,0,0,1,1,1,1,7,2,8,2,255,0,0,0,0,0x000FF0208027F03F
2544,-528,-8448,1,1,1,1,1,1,0,0,0,0,0,0,1,1,1,1,7,2,8,2,255,0,0,0,0,0x000FF0208027F03F
2545,-527,-8432,1,1,1,1,1,1,0,0,0,0,0,0,1,1,1,1,7,2,8,2,255,0,0,0,0,0x000FF0208027F03F
2546,-526,-8416,1,1,1,1,1,1,0,0,0,0,0,0,1,1,1,1,7,2,8,2,255,0,0,0,0,0x000FF0208027F03F
2547,-525,-8400,1,1,1,1,1,1,0,0,0,0,0,0,1,1,1,1,7,2,8,2,255,0,0,0,0,0x000FF0208027F03F
2548,-524,-8384,1,1,1,1,1,1,0,0,0,0,0,0,1,1,1,1,7,2,8,2,255,0,0,0,0,0x000FF0208027F03F
2549,-523,-8368,1,1,1,1,1,1,0,0,0,0,0,0,1,1,1,1,7,2,8,2,255,0,0,0,0,0x000FF0208027F03F
2550,-522,-8352,1,1,1,1,1,1,0,0,0,0,0,0,1,1,1,1,7,2,8,2,255,0,0,0,0,0x000FF0208027F03F
2551,-521,-8336,1,1,1,1,1,1,0,0,0,0,0,0,1,1,1,1,7,2,8,2,255,0,0,0,0,0x000FF0208027F03F
2552,-520,-8320,1,1,1,1,1,1,0,0,0,0,0,0,1,1,1,1,7,2,8,2,255,0,0,0,0,0x000FF0208027F03F
2553,-519,-8304,1,1,1,1,1,1,0,0,0,0,0,0,1,1,1,1,7,2,8,2,255,0,0,0,0,0x000FF0208027F03F
2554,-518,-8288,1,1,1,1,1,1,0,0,0,0,0,0,1,1,1,1,7,2,8,2,255,0,0,0,0,0x000FF0208027F03F
2555,-517,-8272,1,1,1,1,1,1,0,0,0,0,0,0,1,1,1,1,7,2,8,2,255,0,0,0,0,0x000FF0208027F03F
2556,-516,-8256,1,1,1,1,1,1,0,0,0,0,0,0,1,1,1,1,7,2,8,2,255,0,0,0,0,0x000FF0208027F03F
2557,-515,-8240,1,1,1,1,1,1,0,0,0,0,0,0,1,1,1,1,7,2,8,2,255,0,0,0,0,0x000FF0208027F03F
2558,-514,-8224,1,1,1,1,1,1,0,0,0,0,0,0,1,1,1,1,7,2,8,2,255,0,0,0,0,0x000FF0208027F03F
2559,-513,-8208,1,1,1,1,1,1,0,0,0,0,0,0,1,1,1,1,7,2,8,2,255,0,0,0,0,0x000FF0208027F03F
2560,-512,-8192,1,1,1,1,1,1,0,0,0,0,0,0,1,1,1,1,7,2,8,2,255,0,0,0,0,0x000FF0208027F03F
2561,-511,-8176,1,1,1,1,1,1,0,0,0,0,0,0,1,1,1,1,7,2,8,2,255,0,0,0,0,0x000FF0208027F03F
2562,-510,-8160,1,1,1,1,1,1,0,0,0,0,0,0,1,1,1,1,7,2,8,2,255,0,0,0,0,0x000FF0208027F03F
2563,-509,-8144,1,1,1,1,1,1,0,0,0,0,0,0,1,1,1,1,7,2,8,2,255,0,0,0,0,0x000FF0208027F03F
2564,-508,-8128,1,1,1,1,1,1,0,0,0,0,0,0,1,1,1,1,7,2,8,2,255,0,0,0,0,0x000FF0208027F03F
2565,-507,-8112,1,1,1,1,1,1,0,0,0,0,0,0,1,1,1,1,7,2,8,2,255,0,0,0,0,0x000FF0208027F03F
2566,-506,-8096,1,1,1,1,1,1,0,0,0,0,0,0,1,1,1,1,7,2,8,2,255,0,0,0,0,0x000FF0208027F03F
2567,-505,-8080,1,1,1,1,1,1,0,0,0,0,0,0,1,1,1,1,7,2,8,2,255,0,0,0,0,0x000FF0208027F03F
2568,-504,-8064,1,1,1,1,1,1,0,0,0,0,0,0,1,1,1,1,7,2,8,2,255,0,0,0,0,0x000FF0208027F03F
2569,-503,-8048,1,1,1,1,1,1,0,0,0,0,0,0,1,1,1,1,7,2,8,2,255,0,0,0,0,0x000FF0208027F03F
2570,-502,-8032,1,1,1,1,1,1,0,0,0,0,0,0,1,1,1,1,7,2,8,2,255,0,0,0,0,0x000FF0208027F03F
2571,-501,-8016,1,1,1,1,1,1,0,0,0,0,0,0,1,1,1,1,7,2,8,2,255,0,0,0,0,0x000FF0208027F03F
2572,-500,-8000,1,1,1,1,1,1,0,0,0,0,0,0,1,1,1,1,7,2,8,2,255,0,0,0,0,0x000FF0208027F03F
2573,-499,-7984,1,1,1,1,1,1,0,0,0,0,0,0,1,1,1,1,7,2,8,2,255,0,0,0,0,0x000FF0208027F03F
2574,-498,-7968,1,1,1,1,1,1,0,0,0,0,0,0,1,1,1,1,7,2,8,2,255,0,0,0,0,0x000FF0208027F03F
2575,-497,-7952,1,1,1,1,1,1,0,0,0,0,0,0,1,1,1,1,7,2,8,2,255,0,0,0,0,0x000FF0208027F03F
2576,-496,-7936,1,1,1,1,1,1,0,0,0,0,0,0,1,1,1,1,7,2,8,2,255,0,0,0,0,0x000FF0208027F03F
2577,-495,-7920,1,1,1,1,1,1,0,0,0,0,0,0,1,1,1,1,7,2,8,2,255,0,0,0,0,0x000FF0208027F03F
2578,-494,-7904,1,1,1,1,1,1,0,0,0,0,0,0,1,1,1,1,7,2,8,2,255,0,0,0,0,0x000FF0208027F03F
2579,-493,-7888,1,1,1,1,1,1,0,0,0,0,0,0,1,1,1,1,7,2,8,2,255,0,0,0,0,0x000FF0208027F03F
2580,-492,-7872,1,1,1,1,1,1,0,0,0,0,0,0,1,1,1,1,7,2,8,2,255,0,0,0,0,0x000FF0208027F03F
2581,-491,-7856,1,1,1,1,1,1,0,0,0,0,0,0,1,1,1,1,7,2,8,2,255,0,0,0,0,0x000FF0208027F03F
2582,-490,-7840,1,1,1,1,1,1,0,0,0,0,0,0,1,1,1,1,7,2,8,2,255,0,0,0,0,0x000FF0208027F03F
2583,-489,-7824,1,1,1,1,1,1,0,0,0,0,0,0,1,1,1,1,7,2,8,2,255,0,0,0,0,0x000FF0208027F03F
2584,-488,-7808,1,1,1,1,1,1,0,0,0,0,0,0,1,1,1,1,7,2,8,2,255,0,0,0,0,0x000FF0208027F03F
2585,-487,-7792,1,1,1,1,1,1,0,0,0,0,0,0,1,1,1,1,7,2,8,2,255,0,0,0,0,0x000FF0208027F03F
2586,-486,-7776,1,1,1,1,1,1,0,0,0,0,0,0,1,1,1,1,7,2,8,2,255,0,0,0,0,0x000FF0208027F03F
2587,-485,-7760,1,1,1,1,1,1,0,0,0,0,0,0,1,1,1,1,7,2,8,2,255,0,0,0,0,0x000FF0208027F03F
2588,-484,-7744,1,1,1,1,1,1,0,0,0,0,0,0,1,1,1,1,7,2,8,2,255,0,0,0,0,0x000FF0208027F03F
2589,-483,-7728,1,1,1,1,1,1,0,0,0,0,0,0,1,1,1,1,7,2,8,2,255,0,0,0,0,0x000FF0208027F03F
2590,-482,-7712,1,1,1,1,1,1,0,0,0,0,0,0,1,1,1,1,7,2,8,2,255,0,0,0,0,0x000FF0208027F03F
2591,-481,-7696,1,1,1,1,1,1,0,0,0,0,0,0,1,1,1,1,7,2,8,2,255,0,0,0,0,0x000FF0208027F03F
2592,-480,-7680,1,1,1,1,1,1,0,0,0,0,0,0,1,1,1,1,7,2,8,2,255,0,0,0,0,0x000FF0208027F03F
2593,-479,-7664,1,1,1,1,1,1,0,0,0,0,0,0,1,1,1,1,7,2,8,2,255,0,0,0,0,0x000FF0208027F03F
2594,-478,-7648,1,1,1,1,1,1,0,0,0,0,0,0,1,1,1,1,7,2,8,2,255,0,0,0,0,0x000FF0208027F03F
2595,-477,-7632,1,1,1,1,1,1,0,0,0,0,0,0,1,1,1,1,7,2,8,2,255,0,0,0,0,0x000FF0208027F03F
2596,-476,-7616,1,1,1,1,1,1,0,0,0,0,0,0,1,1,1,1,7,2,8,2,255,0,0,0,0,0x000FF0208027F03F
2597,-475,-7600,1,1,1,1,1,1,0,0,0,0,0,0,1,1,1,1,7,2,8,2,255,0,0,0,0,0x000FF0208027F03F
2598,-474,-7584,1,1,1,1,1,1,0,0,0,0,0,0,1,1,1,1,7,2,8,2,255,0,0,0,0,0x000FF0208027F03F
2599,-473,-7568,1,1,1,1,1,1,0,0,0,0,0,0,1,1,1,1,7,2,8,2,255,0,0,0,0,0x000FF0208027F03F
2600,-472,-7552,1,1,1,1,1,1,0,0,0,0,0,0,1,1,1,1,7,2,8,2,255,0,0,0,0,0x000FF0208027F03F
2601,-471,-7536,1,1,1,1,1,1,0,0,0,0,0,0,1,1,1,1,7,2,8,2,255,0,0,0,0,0x000FF0208027F03F
2602,-470,-7520,1,1,1,1,1,1,0,0,0,0,0,0,1,1,1,1,7,2,8,2,255,0,0,0,0,0x000FF0208027F03F
2603,-469,-7504,1,1,1,1,1,1,0,0,0,0,0,0,1,1,1,1,7,2,8,2,255,0,0,0,0,0x000FF0208027F03F
2604,-468,-7488,1,1,1,1,1,1,0,0,0,0,0,0,1,1,1,1,7,2,8,2,255,0,0,0,0,0x000FF0208027F03F
2605,-467,-7472,1,1,1,1,1,1,0,0,0,0,0,0,1,1,1,1,7,2,8,2,255,0,0,0,0,0x000FF0208027F03F
2606,-466,-7456,1,1,1,1,1,1,0,0,0,0,0,0,1,1,1,1,7,2,8,2,255,0,0,0,0,0x000FF0208027F03F
2607,-465,-7440,1,1,1,1,1,1,0,0,0,0,0,0,1,1,1,1,7,2,8,2,255,0,0,0,0,0x000FF0208027F03F
2608,-464,-7424,1,1,1,1,1,1,0,0,0,0,0,0,1,1,1,1,7,2,8,2,255,0,0,0,0,0x000FF0208027F03F
2609,-463,-7408,1,1,1,1,1,1,0,0,0,0,0,0,1,1,1,1,7,2,8,2,255,0,0,0,0,0x000FF0208027F03F
2610,-462,-7392,1,1,1,1,1,1,0,0,0,0,0,0,1,1,1,1,7,2,8,2,255,0,0,0,0,0x000FF0208027F03F
2611,-461,-7376,1,1,1,1,1,1,0,0,0,0,0,0,1,1,1,1,7,2,8,2,255,0,0,0,0,0x000FF0208027F03F
2612,-460,-7360,1,1,1,1,1,1,0,0,0,0,0,0,1,1,1,1,7,2,8,2,255,0,0,0,0,0x000FF0208027F03F
2613,-459,-7344,1,1,1,1,1,1,0,0,0,0,0,0,1,1,1,1,7,2,8,2,255,0,0,0,0,0x000FF0208027F03F
2614,-458,-7328,1,1,1,1,1,1,0,0,0,0,0,0,1,1,1,1,7,2,8,2,255,0,0,0,0,0x000FF0208027F03F
2615,-457,-7312,1,1,1,1,1,1,0,0,0,0,0,0,1,1,1,1,7,2,8,2,255,0,0,0,0,0x000FF0208027F03F
2616,-456,-7296,1,1,1,1,1,1,0,0,0,0,0,0,1,1,1,1,7,2,8,2,255,0,0,0,0,0x000FF0208027F03F
2617,-455,-7280,1,1,1,1,1,1,0,0,0,0,0,0,1,1,1,1,7,2,8,2,255,0,0,0,0,0x000FF0208027F03F
2618,-454,-7264,1,1,1,1,1,1,0,0,0,0,0,0,1,1,1,1,7,2,8,2,255,0,0,0,0,0x000FF0208027F03F
2619,-453,-7248,1,1,1,1,1,1,0,0,0,0,0,0,1,1,1,1,7,2,8,2,255,0,0,0,0,0x000FF0208027F03F
2620,-452,-7232,1,1,1,1,1,1,0,0,0,0,0,0,1,1,1,1,7,2,8,2,255,0,0,0,0,0x000FF0208027F03F
2621,-451,-7216,1,1,1,1,1,1,0,0,0,0,0,0,1,1,1,1,7,2,8,2,255,0,0,0,0,0x000FF0208027F03F
2622,-450,-7200,1,1,1,1,1,1,0,0,0,0,0,0,1,1,1,1,7,2,8,2,255,0,0,0,0,0x000FF0208027F03F
2623,-449,-7184,1,1,1,1,1,1,0,0,0,0,0,0,1,1,1,1,7,2,8,2,255,0,0,0,0,0x000FF0208027F03F
2624,-448,-7168,1,1,1,1,1,1,0,0,0,0,0,0,1,1,1,1,7,2,8,2,255,0,0,0,0,0x000FF0208027F03F
2625,-447,-7152,1,1,1,1,1,1,0,0,0,0,0,0,1,1,1,1,7,2,8,2,255,0,0,0,0,0x000FF0208027F03F
2626,-446,-7136,1,1,1,1,1,1,0,0,0,0,0,0,1,1,1,1,7,2,8,2,255,0,0,0,0,0x000FF0208027F03F
2627,-445,-7120,1,1,1,1,1,1,0,0,0,0,0,0,1,1,1,1,7,2,8,2,255,0,0,0,0,0x000FF0208027F03F
2628,-444,-7104,1,1,1,1,1,1,0,0,0,0,0,0,1,1,1,1,7,2,8,2,255,0,0,0,0,0x000FF0208027F03F
2629,-443,-7088,1,1,1,1,1,1,0,0,0,0,0,0,1,1,1,1,7,2,8,2,255,0,0,0,0,0x000FF0208027F03F
2630,-442,-7072,1,1,1,1,1,1,0,0,0,0,0,0,1,1,1,1,7,2,8,2,255,0,0,0,0,0x000FF0208027F03F
2631,-441,-7056,1,1,1,1,1,1,0,0,0,0,0,0,1,1,1,1,7,2,8,2,255,0,0,0,0,0x000FF0208027F03F
2632,-440,-7040,1,1,1,1,1,1,0,0,0,0,0,0,1,1,1,1,7,2,8,2,255,0,0,0,0,0x000FF0208027F03F
2633,-439,-7024,1,1,1,1,1,1,0,0,0,0,0,0,1,1,1,1,7,2,8,2,255,0,0,0,0,0x000FF0208027F03F
2634,-438,-7008,1,1,1,1,1,1,0,0,0,0,0,0,1,1,1,1,7,2,8,2,255,0,0,0,0,0x000FF0208027F03F
2635,-437,-6992,1,1,1,1,1,1,0,0,0,0,0,0,1,1,1,1,7,2,8,2,255,0,0,0,0,0x000FF0208027F03F
2636,-436,-6976,1,1,1,1,1,1,0,0,0,0,0,0,1,1,1,1,7,2,8,2,255,0,0,0,0,0x000FF0208027F03F
2637,-435,-6960,1,1,1,1,1,1,0,0,0,0,0,0,1,1,1,1,7,2,8,2,255,0,0,0,0,0x000FF0208027F03F
2638,-434,-6944,1,1,1,1,1,1,0,0,0,0,0,0,1,1,1,1,7,2,8,2,255,0,0,0,0,0x000FF0208027F03F
2639,-433,-6928,1,1,1,1,1,1,0,0,0,0,0,0,1,1,1,1,7,2,8,2,255,0,0,0,0,0x000FF0208027F03F
2640,-432,-6912,1,1,1,1,1,1,0,0,0,0,0,0,1,1,1,1,7,2,8,2,255,0,0,0,0,0x000FF0208027F03F
2641,-431,-6896,1,1,1,1,1,1,0,0,0,0,0,0,1,1,1,1,7,2,8,2,255,0,0,0,0,0x000FF0208027F03F
2642,-430,-6880,1,1,1,1,1,1,0,0,0,0,0,0,1,1,1,1,7,2,8,2,255,0,0,0,0,0x000FF0208027F03F
2643,-429,-6864,1,1,1,1,1,1,0,0,0,0,0,0,1,1,1,1,7,2,8,2,255,0,0,0,0,0x000FF0208027F03F
2644,-428,-6848,1,1,1,1,1,1,0,0,0,0,0,0,1,1,1,1,7,2,8,2,255,0,0,0,0,0x000FF0208027F03F
2645,-427,-6832,1,1,1,1,1,1,0,0,0,0,0,0,1,1,1,1,7,2,8,2,255,0,0,0,0,0x000FF0208027F03F
2646,-426,-6816,1,1,1,1,1,1,0,0,0,0,0,0,1,1,1,1,7,2,8,2,255,0,0,0,0,0x000FF0208027F03F
2647,-425,-6800,1,1,1,1,1,1,0,0,0,0,0,0,1,1,1,1,7,2,8,2,255,0,0,0,0,0x000FF0208027F03F
2648,-424,-6784,1,1,1,1,1,1,0,0,0,0,0,0,1,1,1,1,7,2,8,2,255,0,0,0,0,0x000FF0208027F03F
2649,-423,-6768,1,1,1,1,1,1,0,0,0,0,0,0,1,1,1,1,7,2,8,2,255,0,0,0,0,0x000FF0208027F03F
2650,-422,-6752,1,1,1,1,1,1,0,0,0,0,0,0,1,1,1,1,7,2,8,2,255,0,0,0,0,0x000FF0208027F03F
2651,-421,-6736,1,1,1,1,1,1,0,0,0,0,0,0,1,1,1,1,7,2,8,2,255,0,0,0,0,0x000FF0208027F03F
2652,-420,-6720,1,1,1,1,1,1,0,0,0,0,0,0,1,1,1,1,7,2,8,2,255,0,0,0,0,0x000FF0208027F03F
2653,-419,-6704,1,1,1,1,1,1,0,0,0,0,0,0,1,1,1,1,7,2,8,2,255,0,0,0,0,0x000FF0208027F03F
2654,-418,-6688,1,1,1,1,1,1,0,0,0,0,0,0,1,1,1,1,7,2,8,2,255,0,0,0,0,0x000FF0208027F03F
2655,-417,-6672,1,1,1,1,1,1,0,0,0,0,0,0,1,1,1,1,7,2,8,2,255,0,0,0,0,0x000FF0208027F03F
2656,-416,-6656,1,1,1,1,1,1,0,0,0,0,0,0,1,1,1,1,7,2,8,2,255,0,0,0,0,0x000FF0208027F03F
2657,-415,-6640,1,1,1,1,1,1,0,0,0,0,0,0,1,1,1,1,7,2,8,2,255,0,0,0,0,0x000FF0208027F03F
2658,-414,-6624,1,1,1,1,1,1,0,0,0,0,0,0,1,1,1,1,7,2,8,2,255,0,0,0,0,0x000FF0208027F03F
2659,-413,-6608,1,1,1,1,1,1,0,0,0,0,0,0,1,1,1,1,7,2,8,2,255,0,0,0,0,0x000FF0208027F03F
2660,-412,-6592,1,1,1,1,1,1,0,0,0,0,0,0,1,1,1,1,7,2,8,2,255,0,0,0,0,0x000FF0208027F03F
2661,-411,-6576,1,1,1,1,1,1,0,0,0,0,0,0,1,1,1,1,7,2,8,2,255,0,0,0,0,0x000FF0208027F03F
2662,-410,-6560,1,1,1,1,1,1,0,0,0,0,0,0,1,1,1,1,7,2,8,2,255,0,0,0,0,0x000FF0208027F03F
2663,-409,-6544,1,1,1,1,1,1,0,0,0,0,0,0,1,1,1,1,7,2,8,2,255,0,0,0,0,0x000FF0208027F03F
2664,-408,-6528,1,1,1,1,1,1,0,0,0,0,0,0,1,1,1,1,7,2,8,2,255,0,0,0,0,0x000FF0208027F03F
2665,-407,-6512,1,1,1,1,1,1,0,0,0,0,0,0,1,1,1,1,7,2,8,2,255,0,0,0,0,0x000FF0208027F03F
2666,-406,-6496,1,1,1,1,1,1,0,0,0,0,0,0,1,1,1,1,7,2,8,2,255,0,0,0,0,0x000FF0208027F03F
2667,-405,-6480,1,1,1,1,1,1,0,0,0,0,0,0,1,1,1,1,7,2,8,2,255,0,0,0,0,0x000FF0208027F03F
2668,-404,-6464,1,1,1,1,1,1,0,0,0,0,0,0,1,1,1,1,7,2,8,2,255,0,0,0,0,0x000FF0208027F03F
2669,-403,-6448,1,1,1,1,1,1,0,0,0,0,0,0,1,1,1,1,7,2,8,2,255,0,0,0,0,0x000FF0208027F03F
2670,-402,-6432,1,1,1,1,1,1,0,0,0,0,0,0,1,1,1,1,7,2,8,2,255,0,0,0,0,0x000FF0208027F03F
2671,-401,-6416,1,1,1,1,1,1,0,0,0,0,0,0,1,1,1,1,7,2,8,2,255,0,0,0,0,0x000FF0208027F03F
2672,-400,-6400,1,1,1,1,1,1,0,0,0,0,0,0,1,1,1,1,7,2,8,2,255,0,0,0,0,0x000FF0208027F03F
2673,-399,-6384,1,1,1,1,1,1,0,0,0,0,0,0,1,1,1,1,7,2,8,2,255,0,0,0,0,0x000FF0208027F03F
2674,-398,-6368,1,1,1,1,1,1,0,0,0,0,0,0,1,1,1,1,7,2,8,2,255,0,0,0,0,0x000FF0208027F03F
2675,-397,-6352,1,1,1,1,1,1,0,0,0,0,0,0,1,1,1,1,7,2,8,2,255,0,0,0,0,0x000FF0208027F03F
2676,-396,-6336,1,1,1,1,1,1,0,0,0,0,0,0,1,1,1,1,7,2,8,2,255,0,0,0,0,0x000FF0208027F03F
2677,-395,-6320,1,1,1,1,1,1,0,0,0,0,0,0,1,1,1,1,7,2,8,2,255,0,0,0,0,0x000FF0208027F03F
2678,-394,-6304,1,1,1,1,1,1,0,0,0,0,0,0,1,1,1,1,7,2,8,2,255,0,0,0,0,0x000FF0208027F03F
2679,-393,-6288,1,1,1,1,1,1,0,0,0,0,0,0,1,1,1,1,7,2,8,2,255,0,0,0,0,0x000FF0208027F03F
2680,-392,-6272,1,1,1,1,1,1,0,0,0,0,0,0,1,1,1,1,7,2,8,2,255,0,0,0,0,0x000FF0208027F03F
2681,-391,-6256,1,1,1,1,1,1,0,0,0,0,0,0,1,1,1,1,7,2,8,2,255,0,0,0,0,0x000FF0208027F03F
2682,-390,-6240,1,1,1,1,1,1,0,0,0,0,0,0,1,1,1,1,7,2,8,2,255,0,0,0,0,0x000FF0208027F03F
2683,-389,-6224,1,1,1,1,1,1,0,0,0,0,0,0,1,1,1,1,7,2,8,2,255,0,0,0,0,0x000FF0208027F03F
2684,-388,-6208,1,1,1,1,1,1,0,0,0,0,0,0,1,1,1,1,7,2,8,2,255,0,0,0,0,0x000FF0208027F03F
2685,-387,-6192,1,1,1,1,1,1,0,0,0,0,0,0,1,1,1,1,7,2,8,2,255,0,0,0,0,0x000FF0208027F03F
2686,-386,-6176,1,1,1,1,1,1,0,0,0,0,0,0,1,1,1,1,7,2,8,2,255,0,0,0,0,0x000FF0208027F03F
2687,-385,-6160,1,1,1,1,1,1,0,0,0,0,0,0,1,1,1,1,7,2,8,2,255,0,0,0,0,0x000FF0208027F03F
2688,-384,-6144,1,1,1,1,1,1,0,0,0,0,0,0,1,1,1,1,7,2,8,2,255,0,0,0,0,0x000FF0208027F03F
2689,-383,-6128,1,1,1,1,1,1,0,0,0,0,0,0,1,1,1,1,7,2,8,2,255,0,0,0,0,0x000FF0208027F03F
2690,-382,-6112,1,1,1,1,1,1,0,0,0,0,0,0,1,1,1,1,7,2,8,2,255,0,0,0,0,0x000FF0208027F03F
2691,-381,-6096,1,1,1,1,1,1,0,0,0,0,0,0,1,1,1,1,7,2,8,2,255,0,0,0,0,0x000FF0208027F03F
2692,-380,-6080,1,1,1,1,1,1,0,0,0,0,0,0,1,1,1,1,7,2,8,2,255,0,0,0,0,0x000FF0208027F03F
2693,-379,-6064,1,1,1,1,1,1,0,0,0,0,0,0,1,1,1,1,7,2,8,2,255,0,0,0,0,0x000FF0208027F03F
2694,-378,-6048,1,1,1,1,1,1,0,0,0,0,0,0,1,1,1,1,7,2,8,2,255,0,0,0,0,0x000FF0208027F03F
2695,-377,-6032,1,1,1,1,1,1,0,0,0,0,0,0,1,1,1,1,7,2,8,2,255,0,0,0,0,0x000FF0208027F03F
2696,-376,-6016,1,1,1,1,1,1,0,0,0,0,0,0,1,1,1,1,7,2,8,2,255,0,0,0,0,0x000FF0208027F03F
2697,-375,-6000,1,1,1,1,1,1,0,0,0,0,0,0,1,1,1,1,7,2,8,2,255,0,0,0,0,0x000FF0208027F03F
2698,-374,-5984,1,1,1,1,1,1,0,0,0,0,0,0,1,1,1,1,7,2,8,2,255,0,0,0,0,0x000FF0208027F03F
2699,-373,-5968,1,1,1,1,1,1,0,0,0,0,0,0,1,1,1,1,7,2,8,2,255,0,0,0,0,0x000FF0208027F03F
2700,-372,-5952,1,1,1,1,1,1,0,0,0,0,0,0,1,1,1,1,7,2,8,2,255,0,0,0,0,0x000FF0208027F03F
2701,-371,-5936,1,1,1,1,1,1,0,0,0,0,0,0,1,1,1,1,7,2,8,2,255,0,0,0,0,0x000FF0208027F03F
2702,-370,-5920,1,1,1,1,1,1,0,0,0,0,0,0,1,1,1,1,7,2,8,2,255,0,0,0,0,0x000FF0208027F03F
2703,-369,-5904,1,1,1,1,1,1,0,0,0,0,0,0,1,1,1,1,7,2,8,2,255,0,0,0,0,0x000FF0208027F03F
2704,-368,-5888,1,1,1,1,1,1,0,0,0,0,0,0,1,1,1,1,7,2,8,2,255,0,0,0,0,0x000FF0208027F03F
2705,-367,-5872,1,1,1,1,1,1,0,0,0,0,0,0,1,1,1,1,7,2,8,2,255,0,0,0,0,0x000FF0208027F03F
2706,-366,-5856,1,1,1,1,1,1,0,0,0,0,0,0,1,1,1,1,7,2,8,2,255,0,0,0,0,0x000FF0208027F03F
2707,-365,-5840,1,1,1,1,1,1,0,0,0,0,0,0,1,1,1,1,7,2,8,2,255,0,0,0,0,0x000FF0208027F03F
2708,-364,-5824,1,1,1,1,1,1,0,0,0,0,0,0,1,1,1,1,7,2,8,2,255,0,0,0,0,0x000FF0208027F03F
2709,-363,-5808,1,1,1,1,1,1,0,0,0,0,0,0,1,1,1,1,7,2,8,2,255,0,0,0,0,0x000FF0208027F03F
2710,-362,-5792,1,1,1,1,1,1,0,0,0,0,0,0,1,1,1,1,7,2,8,2,255,0,0,0,0,0x000FF0208027F03F
2711,-361,-5776,1,1,1,1,1,1,0,0,0,0,0,0,1,1,1,1,7,2,8,2,255,0,0,0,0,0x000FF0208027F03F
2712,-360,-5760,1,1,1,1,1,1,0,0,0,0,0,0,1,1,1,1,7,2,8,2,255,0,0,0,0,0x000FF0208027F03F
2713,-359,-5744,1,1,1,1,1,1,0,0,0,0,0,0,1,1,1,1,7,2,8,2,255,0,0,0,0,0x000FF0208027F03F
2714,-358,-5728,1,1,1,1,1,1,0,0,0,0,0,0,1,1,1,1,7,2,8,2,255,0,0,0,0,0x000FF0208027F03F
2715,-357,-5712,1,1,1,1,1,1,0,0,0,0,0,0,1,1,1,1,7,2,8,2,255,0,0,0,0,0x000FF0208027F03F
2716,-356,-5696,1,1,1,1,1,1,0,0,0,0,0,0,1,1,1,1,7,2,8,2,255,0,0,0,0,0x000FF0208027F03F
2717,-355,-5680,1,1,1,1,1,1,0,0,0,0,0,0,1,1,1,1,7,2,8,2,255,0,0,0,0,0x000FF0208027F03F
2718,-354,-5664,1,1,1,1,1,1,0,0,0,0,0,0,1,1,1,1,7,2,8,2,255,0,0,0,0,0x000FF0208027F03F
2719,-353,-5648,1,1,1,1,1,1,0,0,0,0,0,0,1,1,1,1,7,2,8,2,255,0,0,0,0,0x000FF0208027F03F
2720,-352,-5632,1,1,1,1,1,1,0,0,0,0,0,0,1,1,1,1,7,2,8,2,255,0,0,0,0,0x000FF0208027F03F
2721,-351,-5616,1,1,1,1,1,1,0,0,0,0,0,0,1,1,1,1,7,2,8,2,255,0,0,0,0,0x000FF0208027F03F
2722,-350,-5600,1,1,1,1,1,1,0,0,0,0,0,0,1,1,1,1,7,2,8,2,255,0,0,0,0,0x000FF0208027F03F
2723,-349,-5584,1,1,1,1,1,1,0,0,0,0,0,0,1,1,1,1,7,2,8,2,255,0,0,0,0,0x000FF0208027F03F
2724,-348,-5568,1,1,1,1,1,1,0,0,0,0,0,0,1,1,1,1,7,2,8,2,255,0,0,0,0,0x000FF0208027F03F
2725,-347,-5552,1,1,1,1,1,1,0,0,0,0,0,0,1,1,1,1,7,2,8,2,255,0,0,0,0,0x000FF0208027F03F
2726,-346,-5536,1,1,1,1,1,1,0,0,0,0,0,0,1,1,1,1,7,2,8,2,255,0,0,0,0,0x000FF0208027F03F
2727,-345,-5520,1,1,1,1,1,1,0,0,0,0,0,0,1,1,1,1,7,2,8,2,255,0,0,0,0,0x000FF0208027F03F
2728,-344,-5504,1,1,1,1,1,1,0,0,0,0,0,0,1,1,1,1,7,2,8,2,255,0,0,0,0,0x000FF0208027F03F
2729,-343,-5488,1,1,1,1,1,1,0,0,0,0,0,0,1,1,1,1,7,2,8,2,255,0,0,0,0,0x000FF0208027F03F
2730,-342,-5472,1,1,1,1,1,1,0,0,0,0,0,0,1,1,1,1,7,2,8,2,255,0,0,0,0,0x000FF0208027F03F
2731,-341,-5456,1,1,1,1,1,1,0,0,0,0,0,0,1,1,1,1,7,2,8,2,255,0,0,0,0,0x000FF0208027F03F
2732,-340,-5440,1,1,1,1,1,1,0,0,0,0,0,0,1,1,1,1,7,2,8,2,255,0,0,0,0,0x000FF0208027F03F
2733,-339,-5424,1,1,1,1,1,1,0,0,0,0,0,0,1,1,1,1,7,2,8,2,255,0,0,0,0,0x000FF0208027F03F
2734,-338,-5408,1,1,1,1,1,1,0,0,0,0,0,0,1,1,1,1,7,2,8,2,255,0,0,0,0,0x000FF0208027F03F
2735,-337,-5392,1,1,1,1,1,1,0,0,0,0,0,0,1,1,1,1,7,2,8,2,255,0,0,0,0,0x000FF0208027F03F
2736,-336,-5376,1,1,1,1,1,1,0,0,0,0,0,0,1,1,1,1,7,2,8,2,255,0,0,0,0,0x000FF0208027F03F
2737,-335,-5360,1,1,1,1,1,1,0,0,0,0,0,0,1,1,1,1,7,2,8,2,255,0,0,0,0,0x000FF0208027F03F
2738,-334,-5344,1,1,1,1,1,1,0,0,0,0,0,0,1,1,1,1,7,2,8,2,255,0,0,0,0,0x000FF0208027F03F
2739,-333,-5328,1,1,1,1,1,1,0,0,0,0,0,0,1,1,1,1,7,2,8,2,255,0,0,0,0,0x000FF0208027F03F
2740,-332,-5312,1,1,1,1,1,1,0,0,0,0,0,0,1,1,1,1,7,2,8,2,255,0,0,0,0,0x000FF0208027F03F
2741,-331,-5296,1,1,1,1,1,1,0,0,0,0,0,0,1,1,1,1,7,2,8,2,255,0,0,0,0,0x000FF0208027F03F
2742,-330,-5280,1,1,1,1,1,1,0,0,0,0,0,0,1,1,1,1,7,2,8,2,255,0,0,0,0,0x000FF0208027F03F
2743,-329,-5264,1,1,1,1,1,1,0,0,0,0,0,0,1,1,1,1,7,2,8,2,255,0,0,0,0,0x000FF0208027F03F
2744,-328,-5248,1,1,1,1,1,1,0,0,0,0,0,0,1,1,1,1,7,2,8,2,255,0,0,0,0,0x000FF0208027F03F
2745,-327,-5232,1,1,1,1,1,1,0,0,0,0,0,0,1,1,1,1,7,2,8,2,255,0,0,0,0,0x000FF0208027F03F
2746,-326,-5216,1,1,1,1,1,1,0,0,0,0,0,0,1,1,1,1,7,2,8,2,255,0,0,0,0,0x000FF0208027F03F
2747,-325,-5200,1,1,1,1,1,1,0,0,0,0,0,0,1,1,1,1,7,2,8,2,255,0,0,0,0,0x000FF0208027F03F
2748,-324,-5184,1,1,1,1,1,1,0,0,0,0,0,0,1,1,1,1,7,2,8,2,255,0,0,0,0,0x000FF0208027F03F
2749,-323,-5168,1,1,1,1,1,1,0,0,0,0,0,0,1,1,1,1,7,2,8,2,255,0,0,0,0,0x000FF0208027F03F
2750,-322,-5152,1,1,1,1,1,1,0,0,0,0,0,0,1,1,1,1,7,2,8,2,255,0,0,0,0,0x000FF0208027F03F
2751,-321,-5136,1,1,1,1,1,1,0,0,0,0,0,0,1,1,1,1,7,2,8,2,255,0,0,0,0,0x000FF0208027F03F
2752,-320,-5120,1,1,1,1,1,1,0,0,0,0,0,0,1,1,1,1,7,2,8,2,255,0,0,0,0,0x000FF0208027F03F
2753,-319,-5104,1,1,1,1,1,1,0,0,0,0,0,0,1,1,1,1,7,2,8,2,255,0,0,0,0,0x000FF0208027F03F
2754,-318,-5088,1,1,1,1,1,1,0,0,0,0,0,0,1,1,1,1,7,2,8,2,255,0,0,0,0,0x000FF0208027F03F
2755,-317,-5072,1,1,1,1,1,1,0,0,0,0,0,0,1,1,1,1,7,2,8,2,255,0,0,0,0,0x000FF0208027F03F
2756,-316,-5056,1,1,1,1,1,1,0,0,0,0,0,0,1,1,1,1,7,2,8,2,255,0,0,0,0,0x000FF0208027F03F
2757,-315,-5040,1,1,1,1,1,1,0,0,0,0,0,0,1,1,1,1,7,2,8,2,255,0,0,0,0,0x000FF0208027F03F
2758,-314,-5024,1,1,1,1,1,1,0,0,0,0,0,0,1,1,1,1,7,2,8,2,255,0,0,0,0,0x000FF0208027F03F
2759,-313,-5008,1,1,1,1,1,1,0,0,0,0,0,0,1,1,1,1,7,2,8,2,255,0,0,0,0,0x000FF0208027F03F
2760,-312,-4992,1,1,1,1,1,1,0,0,0,0,0,0,1,1,1,1,7,2,8,2,255,0,0,0,0,0x000FF0208027F03F
2761,-311,-4976,1,1,1,1,1,1,0,0,0,0,0,0,1,1,1,1,7,2,8,2,255,0,0,0,0,0x000FF0208027F03F
2762,-310,-4960,1,1,1,1,1,1,0,0,0,0,0,0,1,1,1,1,7,2,8,2,255,0,0,0,0,0x000FF0208027F03F
2763,-309,-4944,1,1,1,1,1,1,0,0,0,0,0,0,1,1,1,1,7,2,8,2,255,0,0,0,0,0x000FF0208027F03F
2764,-308,-4928,1,1,1,1,1,1,0,0,0,0,0,0,1,1,1,1,7,2,8,2,255,0,0,0,0,0x000FF0208027F03F
2765,-307,-4912,1,1,1,1,1,1,0,0,0,0,0,0,1,1,1,1,7,2,8,2,255,0,0,0,0,0x000FF0208027F03F
2766,-306,-4896,1,1,1,1,1,1,0,0,0,0,0,0,1,1,1,1,7,2,8,2,255,0,0,0,0,0x000FF0208027F03F
2767,-305,-4880,1,1,1,1,1,1,0,0,0,0,0,0,1,1,1,1,7,2,8,2,255,0,0,0,0,0x000FF0208027F03F
2768,-304,-4864,1,1,1,1,1,1,0,0,0,0,0,0,1,1,1,1,7,2,8,2,255,0,0,0,0,0x000FF0208027F03F
2769,-303,-4848,1,1,1,1,1,1,0,0,0,0,0,0,1,1,1,1,7,2,8,2,255,0,0,0,0,0x000FF0208027F03F
2770,-302,-4832,1,1,1,1,1,1,0,0,0,0,0,0,1,1,1,1,7,2,8,2,255,0,0,0,0,0x000FF0208027F03F
2771,-301,-4816,1,1,1,1,1,1,0,0,0,0,0,0,1,1,1,1,7,2,8,2,255,0,0,0,0,0x000FF0208027F03F
2772,-300,-4800,1,1,1,1,1,1,0,0,0,0,0,0,1,1,1,1,7,2,8,2,255,0,0,0,0,0x000FF0208027F03F
2773,-299,-4784,1,1,1,1,1,1,0,0,0,0,0,0,1,1,1,1,7,2,8,2,255,0,0,0,0,0x000FF0208027F03F
2774,-298,-4768,1,1,1,1,1,1,0,0,0,0,0,0,1,1,1,1,7,2,8,2,255,0,0,0,0,0x000FF0208027F03F
2775,-297,-4752,1,1,1,1,1,1,0,0,0,0,0,0,1,1,1,1,7,2,8,2,255,0,0,0,0,0x000FF0208027F03F
2776,-296,-4736,1,1,1,1,1,1,0,0,0,0,0,0,1,1,1,1,7,2,8,2,255,0,0,0,0,0x000FF0208027F03F
2777,-295,-4720,1,1,1,1,1,1,0,0,0,0,0,0,1,1,1,1,7,2,8,2,255,0,0,0,0,0x000FF0208027F03F
2778,-294,-4704,1,1,1,1,1,1,0,0,0,0,0,0,1,1,1,1,7,2,8,2,255,0,0,0,0,0x000FF0208027F03F
2779,-293,-4688,1,1,1,1,1,1,0,0,0,0,0,0,1,1,1,1,7,2,8,2,255,0,0,0,0,0x000FF0208027F03F
2780,-292,-4672,1,1,1,1,1,1,0,0,0,0,0,0,1,1,1,1,7,2,8,2,255,0,0,0,0,0x000FF0208027F03F
2781,-291,-4656,1,1,1,1,1,1,0,0,0,0,0,0,1,1,1,1,7,2,8,2,255,0,0,0,0,0x000FF0208027F03F
2782,-290,-4640,1,1,1,1,1,1,0,0,0,0,0,0,1,1,1,1,7,2,8,2,255,0,0,0,0,0x000FF0208027F03F
2783,-289,-4624,1,1,1,1,1,1,0,0,0,0,0,0,1,1,1,1,7,2,8,2,255,0,0,0,0,0x000FF0208027F03F
2784,-288,-4608,1,1,1,1,1,1,0,0,0,0,0,0,1,1,1,1,7,2,8,2,255,0,0,0,0,0x000FF0208027F03F
2785,-287,-4592,1,1,1,1,1,1,0,0,0,0,0,0,1,1,1,1,7,2,8,2,255,0,0,0,0,0x000FF0208027F03F
2786,-286,-4576,1,1,1,1,1,1,0,0,0,0,0,0,1,1,1,1,7,2,8,2,255,0,0,0,0,0x000FF0208027F03F
2787,-285,-4560,1,1,1,1,1,1,0,0,0,0,0,0,1,1,1,1,7,2,8,2,255,0,0,0,0,0x000FF0208027F03F
2788,-284,-4544,1,1,1,1,1,1,0,0,0,0,0,0,1,1,1,1,7,2,8,2,255,0,0,0,0,0x000FF0208027F03F
2789,-283,-4528,1,1,1,1,1,1,0,0,0,0,0,0,1,1,1,1,7,2,8,2,255,0,0,0,0,0x000FF0208027F03F
2790,-282,-4512,1,1,1,1,1,1,0,0,0,0,0,0,1,1,1,1,7,2,8,2,255,0,0,0,0,0x000FF0208027F03F
2791,-281,-4496,1,1,1,1,1,1,0,0,0,0,0,0,1,1,1,1,7,2,8,2,255,0,0,0,0,0x000FF0208027F03F
2792,-280,-4480,1,1,1,1,1,1,0,0,0,0,0,0,1,1,1,1,7,2,8,2,255,0,0,0,0,0x000FF0208027F03F
2793,-279,-4464,1,1,1,1,1,1,0,0,0,0,0,0,1,1,1,1,7,2,8,2,255,0,0,0,0,0x000FF0208027F03F
2794,-278,-4448,1,1,1,1,1,1,0,0,0,0,0,0,1,1,1,1,7,2,8,2,255,0,0,0,0,0x000FF0208027F03F
2795,-277,-4432,1,1,1,1,1,1,0,0,0,0,0,0,1,1,1,1,7,2,8,2,255,0,0,0,0,0x000FF0208027F03F
2796,-276,-4416,1,1,1,1,1,1,0,0,0,0,0,0,1,1,1,1,7,2,8,2,255,0,0,0,0,0x000FF0208027F03F
2797,-275,-4400,1,1,1,1,1,1,0,0,0,0,0,0,1,1,1,1,7,2,8,2,255,0,0,0,0,0x000FF0208027F03F
2798,-274,-4384,1,1,1,1,1,1,0,0,0,0,0,0,1,1,1,1,7,2,8,2,255,0,0,0,0,0x000FF0208027F03F
2799,-273,-4368,1,1,1,1,1,1,0,0,0,0,0,0,1,1,1,1,7,2,8,2,255,0,0,0,0,0x000FF0208027F03F
2800,-272,-4352,1,1,1,1,1,1,0,0,0,0,0,0,1,1,1,1,7,2,8,2,255,0,0,0,0,0x000FF0208027F03F
2801,-271,-4336,1,1,1,1,1,1,0,0,0,0,0,0,1,1,1,1,7,2,8,2,255,0,0,0,0,0x000FF0208027F03F
2802,-270,-4320,1,1,1,1,1,1,0,0,0,0,0,0,1,1,1,1,7,2,8,2,255,0,0,0,0,0x000FF0208027F03F
2803,-269,-4304,1,1,1,1,1,1,0,0,0,0,0,0,1,1,1,1,7,2,8,2,255,0,0,0,0,0x000FF0208027F03F
2804,-268,-4288,1,1,1,1,1,1,0,0,0,0,0,0,1,1,1,1,7,2,8,2,255,0,0,0,0,0x000FF0208027F03F
2805,-267,-4272,1,1,1,1,1,1,0,0,0,0,0,0,1,1,1,1,7,2,8,2,255,0,0,0,0,0x000FF0208027F03F
2806,-266,-4256,1,1,1,1,1,1,0,0,0,0,0,0,1,1,1,1,7,2,8,2,255,0,0,0,0,0x000FF0208027F03F
2807,-265,-4240,1,1,1,1,1,1,0,0,0,0,0,0,1,1,1,1,7,2,8,2,255,0,0,0,0,0x000FF0208027F03F
2808,-264,-4224,1,1,1,1,1,1,0,0,0,0,0,0,1,1,1,1,7,2,8,2,255,0,0,0,0,0x000FF0208027F03F
2809,-263,-4208,1,1,1,1,1,1,0,0,0,0,0,0,1,1,1,1,7,2,8,2,255,0,0,0,0,0x000FF0208027F03F
2810,-262,-4192,1,1,1,1,1,1,0,0,0,0,0,0,1,1,1,1,7,2,8,2,255,0,0,0,0,0x000FF0208027F03F
2811,-261,-4176,1,1,1,1,1,1,0,0,0,0,0,0,1,1,1,1,7,2,8,2,255,0,0,0,0,0x000FF0208027F03F
2812,-260,-4160,1,1,1,1,1,1,0,0,0,0,0,0,1,1,1,1,7,2,8,2,255,0,0,0,0,0x000FF0208027F03F
2813,-259,-4144,1,1,1,1,1,1,0,0,0,0,0,0,1,1,1,1,7,2,8,2,255,0,0,0,0,0x000FF0208027F03F
2814,-258,-4128,1,1,1,1,1,1,0,0,0,0,0,0,1,1,1,1,7,2,8,2,255,0,0,0,0,0x000FF0208027F03F
2815,-257,-4112,1,1,1,1,1,1,0,0,0,0,0,0,1,1,1,1,7,2,8,2,255,0,0,0,0,0x000FF0208027F03F
2816,-256,-4096,1,1,1,1,1,1,0,0,0,0,0,0,1,1,1,1,7,2,8,2,255,0,0,0,0,0x000FF0208027F03F
2817,-255,-4080,1,1,1,1,1,1,0,0,0,0,0,0,1,1,1,1,7,2,8,2,255,0,0,0,0,0x000FF0208027F03F
2818,-254,-4064,1,1,1,1,1,1,0,0,0,0,0,0,1,1,1,1,7,2,8,2,255,0,0,0,0,0x000FF0208027F03F
2819,-253,-4048,1,1,1,1,1,1,0,0,0,0,0,0,1,1,1,1,7,2,8,2,255,0,0,0,0,0x000FF0208027F03F
2820,-252,-4032,1,1,1,1,1,1,0,0,0,0,0,0,1,1,1,1,7,2,8,2,255,0,0,0,0,0x000FF0208027F03F
2821,-251,-4016,1,1,1,1,1,1,0,0,0,0,0,0,1,1,1,1,7,2,8,2,255,0,0,0,0,0x000FF0208027F03F
2822,-250,-4000,1,1,1,1,1,1,0,0,0,0,0,0,1,1,1,1,7,2,8,2,255,0,0,0,0,0x000FF0208027F03F
2823,-249,-3984,1,1,1,1,1,1,0,0,0,0,0,0,1,1,1,1,7,2,8,2,255,0,0,0,0,0x000FF0208027F03F
2824,-248,-3968,1,1,1,1,1,1,0,0,0,0,0,0,1,1,1,1,7,2,8,2,255,0,0,0,0,0x000FF0208027F03F
2825,-247,-3952,1,1,1,1,1,1,0,0,0,0,0,0,1,1,1,1,7,2,8,2,255,0,0,0,0,0x000FF0208027F03F
2826,-246,-3936,1,1,1,1,1,1,0,0,0,0,0,0,1,1,1,1,7,2,8,2,255,0,0,0,0,0x000FF0208027F03F
2827,-245,-3920,1,1,1,1,1,1,0,0,0,0,0,0,1,1,1,1,7,2,8,2,255,0,0,0,0,0x000FF0208027F03F
2828,-244,-3904,1,1,1,1,1,1,0,0,0,0,0,0,1,1,1,1,7,2,8,2,255,0,0,0,0,0x000FF0208027F03F
2829,-243,-3888,1,1,1,1,1,1,0,0,0,0,0,0,1,1,1,1,7,2,8,2,255,0,0,0,0,0x000FF0208027F03F
2830,-242,-3872,1,1,1,1,1,1,0,0,0,0,0,0,1,1,1,1,7,2,8,2,255,0,0,0,0,0x000FF0208027F03F
2831,-241,-3856,1,1,1,1,1,1,0,0,0,0,0,0,1,1,1,1,7,2,8,2,255,0,0,0,0,0x000FF0208027F03F
2832,-240,-3840,1,1,1,1,1,1,0,0,0,0,0,0,1,1,1,1,7,2,8,2,255,0,0,0,0,0x000FF0208027F03F
2833,-239,-3824,1,1,1,1,1,1,0,0,0,0,0,0,1,1,1,1,7,2,8,2,255,0,0,0,0,0x000FF0208027F03F
2834,-238,-3808,1,1,1,1,1,1,0,0,0,0,0,0,1,1,1,1,7,2,8,2,255,0,0,0,0,0x000FF0208027F03F
2835,-237,-3792,1,1,1,1,1,1,0,0,0,0,0,0,1,1,1,1,7,2,8,2,255,0,0,0,0,0x000FF0208027F03F
2836,-236,-3776,1,1,1,1,1,1,0,0,0,0,0,0,1,1,1,1,7,2,8,2,255,0,0,0,0,0x000FF0208027F03F
2837,-235,-3760,1,1,1,1,1,1,0,0,0,0,0,0,1,1,1,1,7,2,8,2,255,0,0,0,0,0x000FF0208027F03F
2838,-234,-3744,1,1,1,1,1,1,0,0,0,0,0,0,1,1,1,1,7,2,8,2,255,0,0,0,0,0x000FF0208027F03F
2839,-233,-3728,1,1,1,1,1,1,0,0,0,0,0,0,1,1,1,1,7,2,8,2,255,0,0,0,0,0x000FF0208027F03F
2840,-232,-3712,1,1,1,1,1,1,0,0,0,0,0,0,1,1,1,1,7,2,8,2,255,0,0,0,0,0x000FF0208027F03F
2841,-231,-3696,1,1,1,1,1,1,0,0,0,0,0,0,1,1,1,1,7,2,8,2,255,0,0,0,0,0x000FF0208027F03F
2842,-230,-3680,1,1,1,1,1,1,0,0,0,0,0,0,1,1,1,1,7,2,8,2,255,0,0,0,0,0x000FF0208027F03F
2843,-229,-3664,1,1,1,1,1,1,0,0,0,0,0,0,1,1,1,1,7,2,8,2,255,0,0,0,0,0x000FF0208027F03F
2844,-228,-3648,1,1,1,1,1,1,0,0,0,0,0,0,1,1,1,1,7,2,8,2,255,0,0,0,0,0x000FF0208027F03F
2845,-227,-3632,1,1,1,1,1,1,0,0,0,0,0,0,1,1,1,1,7,2,8,2,255,0,0,0,0,0x000FF0208027F03F
2846,-226,-3616,1,1,1,1,1,1,0,0,0,0,0,0,1,1,1,1,7,2,8,2,255,0,0,0,0,0x000FF0208027F03F
2847,-225,-3600,1,1,1,1,1,1,0,0,0,0,0,0,1,1,1,1,7,2,8,2,255,0,0,0,0,0x000FF0208027F03F
2848,-224,-3584,1,1,1,1,1,1,0,0,0,0,0,0,1,1,1,1,7,2,8,2,255,0,0,0,0,0x000FF0208027F03F
2849,-223,-3568,1,1,1,1,1,1,0,0,0,0,0,0,1,1,1,1,7,2,8,2,255,0,0,0,0,0x000FF0208027F03F
2850,-222,-3552,1,1,1,1,1,1,0,0,0,0,0,0,1,1,1,1,7,2,8,2,255,0,0,0,0,0x000FF0208027F03F
2851,-221,-3536,1,1,1,1,1,1,0,0,0,0,0,0,1,1,1,1,7,2,8,2,255,0,0,0,0,0x000FF0208027F03F
2852,-220,-3520,1,1,1,1,1,1,0,0,0,0,0,0,1,1,1,1,7,2,8,2,255,0,0,0,0,0x000FF0208027F03F
2853,-219,-3504,1,1,1,1,1,1,0,0,0,0,0,0,1,1,1,1,7,2,8,2,255,0,0,0,0,0x000FF0208027F03F
2854,-218,-3488,1,1,1,1,1,1,0,0,0,0,0,0,1,1,1,1,7,2,8,2,255,0,0,0,0,0x000FF0208027F03F
2855,-217,-3472,1,1,1,1,1,1,0,0,0,0,0,0,1,1,1,1,7,2,8,2,255,0,0,0,0,0x000FF0208027F03F
2856,-216,-3456,1,1,1,1,1,1,0,0,0,0,0,0,1,1,1,1,7,2,8,2,255,0,0,0,0,0x000FF0208027F03F
2857,-215,-3440,1,1,1,1,1,1,0,0,0,0,0,0,1,1,1,1,7,2,8,2,255,0,0,0,0,0x000FF0208027F03F
2858,-214,-3424,1,1,1,1,1,1,0,0,0,0,0,0,1,1,1,1,7,2,8,2,255,0,0,0,0,0x000FF0208027F03F
2859,-213,-3408,1,1,1,1,1,1,0,0,0,0,0,0,1,1,1,1,7,2,8,2,255,0,0,0,0,0x000FF0208027F03F
2860,-212,-3392,1,1,1,1,1,1,0,0,0,0,0,0,1,1,1,1,7,2,8,2,255,0,0,0,0,0x000FF0208027F03F
2861,-211,-3376,1,1,1,1,1,1,0,0,0,0,0,0,1,1,1,1,7,2,8,2,255,0,0,0,0,0x000FF0208027F03F
2862,-210,-3360,1,1,1,1,1,1,0,0,0,0,0,0,1,1,1,1,7,2,8,2,255,0,0,0,0,0x000FF0208027F03F
2863,-209,-3344,1,1,1,1,1,1,0,0,0,0,0,0,1,1,1,1,7,2,8,2,255,0,0,0,0,0x000FF0208027F03F
2864,-208,-3328,1,1,1,1,1,1,0,0,0,0,0,0,1,1,1,1,7,2,8,2,255,0,0,0,0,0x000FF0208027F03F
2865,-207,-3312,1,1,1,1,1,1,0,0,0,0,0,0,1,1,1,1,7,2,8,2,255,0,0,0,0,0x000FF0208027F03F
2866,-206,-3296,1,1,1,1,1,1,0,0,0,0,0,0,1,1,1,1,7,2,8,2,255,0,0,0,0,0x000FF0208027F03F
2867,-205,-3280,1,1,1,1,1,1,0,0,0,0,0,0,1,1,1,1,7,2,8,2,255,0,0,0,0,0x000FF0208027F03F
2868,-204,-3264,1,1,1,1,1,1,0,0,0,0,0,0,1,1,1,1,7,2,8,2,255,0,0,0,0,0x000FF0208027F03F
2869,-203,-3248,1,1,1,1,1,1,0,0,0,0,0,0,1,1,1,1,7,2,8,2,255,0,0,0,0,0x000FF0208027F03F
2870,-202,-3232,1,1,1,1,1,1,0,0,0,0,0,0,1,1,1,1,7,2,8,2,255,0,0,0,0,0x000FF0208027F03F
2871,-201,-3216,1,1,1,1,1,1,0,0,0,0,0,0,1,1,1,1,7,2,8,2,255,0,0,0,0,0x000FF0208027F03F
2872,-200,-3200,1,1,1,1,1,1,0,0,0,0,0,0,1,1,1,1,7,2,8,2,255,0,0,0,0,0x000FF0208027F03F
2873,-199,-3184,1,1,1,1,1,1,0,0,0,0,0,0,1,1,1,1,7,2,8,2,255,0,0,0,0,0x000FF0208027F03F
2874,-198,-3168,1,1,1,1,1,1,0,0,0,0,0,0,1,1,1,1,7,2,8,2,255,0,0,0,0,0x000FF0208027F03F
2875,-197,-3152,1,1,1,1,1,1,0,0,0,0,0,0,1,1,1,1,7,2,8,2,255,0,0,0,0,0x000FF0208027F03F
2876,-196,-3136,1,1,1,1,1,1,0,0,0,0,0,0,1,1,1,1,7,2,8,2,255,0,0,0,0,0x000FF0208027F03F
2877,-195,-3120,1,1,1,1,1,1,0,0,0,0,0,0,1,1,1,1,7,2,8,2,255,0,0,0,0,0x000FF0208027F03F
2878,-194,-3104,1,1,1,1,1,1,0,0,0,0,0,0,1,1,1,1,7,2,8,2,255,0,0,0,0,0x000FF0208027F03F
2879,-193,-3088,1,1,1,1,1,1,0,0,0,0,0,0,1,1,1,1,7,2,8,2,255,0,0,0,0,0x000FF0208027F03F
2880,-192,-3072,1,1,1,1,1,1,0,0,0,0,0,0,1,1,1,1,7,2,8,2,255,0,0,0,0,0x000FF0208027F03F
2881,-191,-3056,1,1,1,1,1,1,0,0,0,0,0,0,1,1,1,1,7,2,8,2,255,0,0,0,0,0x000FF0208027F03F
2882,-190,-3040,1,1,1,1,1,1,0,0,0,0,0,0,1,1,1,1,7,2,8,2,255,0,0,0,0,0x000FF0208027F03F
2883,-189,-3024,1,1,1,1,1,1,0,0,0,0,0,0,1,1,1,1,7,2,8,2,255,0,0,0,0,0x000FF0208027F03F
2884,-188,-3008,1,1,1,1,1,1,0,0,0,0,0,0,1,1,1,1,7,2,8,2,255,0,0,0,0,0x000FF0208027F03F
2885,-187,-2992,1,1,1,1,1,1,0,0,0,0,0,0,1,1,1,1,7,2,8,2,255,0,0,0,0,0x000FF0208027F03F
2886,-186,-2976,1,1,1,1,1,1,0,0,0,0,0,0,1,1,1,1,7,2,8,2,255,0,0,0,0,0x000FF0208027F03F
2887,-185,-2960,1,1,1,1,1,1,0,0,0,0,0,0,1,1,1,1,7,2,8,2,255,0,0,0,0,0x000FF0208027F03F
2888,-184,-2944,1,1,1,1,1,1,0,0,0,0,0,0,1,1,1,1,7,2,8,2,255,0,0,0,0,0x000FF0208027F03F
2889,-183,-2928,1,1,1,1,1,1,0,0,0,0,0,0,1,1,1,1,7,2,8,2,255,0,0,0,0,0x000FF0208027F03F
2890,-182,-2912,1,1,1,1,1,1,0,0,0,0,0,0,1,1,1,1,7,2,8,2,255,0,0,0,0,0x000FF0208027F03F
2891,-181,-2896,1,1,1,1,1,1,0,0,0,0,0,0,1,1,1,1,7,2,8,2,255,0,0,0,0,0x000FF0208027F03F
2892,-180,-2880,1,1,1,1,1,1,0,0,0,0,0,0,1,1,1,1,7,2,8,2,255,0,0,0,0,0x000FF0208027F03F
2893,-179,-2864,1,1,1,1,1,1,0,0,0,0,0,0,1,1,1,1,7,2,8,2,255,0,0,0,0,0x000FF0208027F03F
2894,-178,-2848,1,1,1,1,1,1,0,0,0,0,0,0,1,1,1,1,7,2,8,2,255,0,0,0,0,0x000FF0208027F03F
2895,-177,-2832,1,1,1,1,1,1,0,0,0,0,0,0,1,1,1,1,7,2,8,2,255,0,0,0,0,0x000FF0208027F03F
2896,-176,-2816,1,1,1,1,1,1,0,0,0,0,0,0,1,1,1,1,7,2,8,2,255,0,0,0,0,0x000FF0208027F03F
2897,-175,-2800,1,1,1,1,1,1,0,0,0,0,0,0,1,1,1,1,7,2,8,2,255,0,0,0,0,0x000FF0208027F03F
2898,-174,-2784,1,1,1,1,1,1,0,0,0,0,0,0,1,1,1,1,7,2,8,2,255,0,0,0,0,0x000FF0208027F03F
2899,-173,-2768,1,1,1,1,1,1,0,0,0,0,0,0,1,1,1,1,7,2,8,2,255,0,0,0,0,0x000FF0208027F03F
2900,-172,-2752,1,1,1,1,1,1,0,0,0,0,0,0,1,1,1,1,7,2,8,2,255,0,0,0,0,0x000FF0208027F03F
2901,-171,-2736,1,1,1,1,1,1,0,0,0,0,0,0,1,1,1,1,7,2,8,2,255,0,0,0,0,0x000FF0208027F03F
2902,-170,-2720,1,1,1,1,1,1,0,0,0,0,0,0,1,1,1,1,7,2,8,2,255,0,0,0,0,0x000FF0208027F03F
2903,-169,-2704,1,1,1,1,1,1,0,0,0,0,0,0,1,1,1,1,7,2,8,2,255,0,0,0,0,0x000FF0208027F03F
2904,-168,-2688,1,1,1,1,1,1,0,0,0,0,0,0,1,1,1,1,7,2,8,2,255,0,0,0,0,0x000FF0208027F03F
2905,-167,-2672,1,1,1,1,1,1,0,0,0,0,0,0,1,1,1,1,7,2,8,2,255,0,0,0,0,0x000FF0208027F03F
2906,-166,-2656,1,1,1,1,1,1,0,0,0,0,0,0,1,1,1,1,7,2,8,2,255,0,0,0,0,0x000FF0208027F03F
2907,-165,-2640,1,1,1,1,1,1,0,0,0,0,0,0,1,1,1,1,7,2,8,2,255,0,0,0,0,0x000FF0208027F03F
2908,-164,-2624,1,1,1,1,1,1,0,0,0,0,0,0,1,1,1,1,7,2,8,2,255,0,0,0,0,0x000FF0208027F03F
2909,-163,-2608,1,1,1,1,1,1,0,0,0,0,0,0,1,1,1,1,7,2,8,2,255,0,0,0,0,0x000FF0208027F03F
2910,-162,-2592,1,1,1,1,1,1,0,0,0,0,0,0,1,1,1,1,7,2,8,2,255,0,0,0,0,0x000FF0208027F03F
2911,-161,-2576,1,1,1,1,1,1,0,0,0,0,0,0,1,1,1,1,7,2,8,2,255,0,0,0,0,0x000FF0208027F03F
2912,-160,-2560,1,1,1,1,1,1,0,0,0,0,0,0,1,1,1,1,7,2,8,2,255,0,0,0,0,0x000FF0208027F03F
2913,-159,-2544,1,1,1,1,1,1,0,0,0,0,0,0,1,1,1,1,7,2,8,2,255,0,0,0,0,0x000FF0208027F03F
2914,-158,-2528,1,1,1,1,1,1,0,0,0,0,0,0,1,1,1,1,7,2,8,2,255,0,0,0,0,0x000FF0208027F03F
2915,-157,-2512,1,1,1,1,1,1,0,0,0,0,0,0,1,1,1,1,7,2,8,2,255,0,0,0,0,0x000FF0208027F03F
2916,-156,-2496,1,1,1,1,1,1,0,0,0,0,0,0,1,1,1,1,7,2,8,2,255,0,0,0,0,0x000FF0208027F03F
2917,-155,-2480,1,1,1,1,1,1,0,0,0,0,0,0,1,1,1,1,7,2,8,2,255,0,0,0,0,0x000FF0208027F03F
2918,-154,-2464,1,1,1,1,1,1,0,0,0,0,0,0,1,1,1,1,7,2,8,2,255,0,0,0,0,0x000FF0208027F03F
2919,-153,-2448,1,1,1,1,1,1,0,0,0,0,0,0,1,1,1,1,7,2,8,2,255,0,0,0,0,0x000FF0208027F03F
2920,-152,-2432,1,1,1,1,1,1,0,0,0,0,0,0,1,1,1,1,7,2,8,2,255,0,0,0,0,0x000FF0208027F03F
2921,-151,-2416,1,1,1,1,1,1,0,0,0,0,0,0,1,1,1,1,7,2,8,2,255,0,0,0,0,0x000FF0208027F03F
2922,-150,-2400,1,1,1,1,1,1,0,0,0,0,0,0,1,1,1,1,7,2,8,2,255,0,0,0,0,0x000FF0208027F03F
2923,-149,-2384,1,1,1,1,1,1,0,0,0,0,0,0,1,1,1,1,7,2,8,2,255,0,0,0,0,0x000FF0208027F03F
2924,-148,-2368,1,1,1,1,1,1,0,0,0,0,0,0,1,1,1,1,7,2,8,2,255,0,0,0,0,0x000FF0208027F03F
2925,-147,-2352,1,1,1,1,1,1,0,0,0,0,0,0,1,1,1,1,7,2,8,2,255,0,0,0,0,0x000FF0208027F03F
2926,-146,-2336,1,1,1,1,1,1,0,0,0,0,0,0,1,1,1,1,7,2,8,2,255,0,0,0,0,0x000FF0208027F03F
2927,-145,-2320,1,1,1,1,1,1,0,0,0,0,0,0,1,1,1,1,7,2,8,2,255,0,0,0,0,0x000FF0208027F03F
2928,-144,-2304,1,1,1,1,1,1,0,0,0,0,0,0,1,1,1,1,7,2,8,2,255,0,0,0,0,0x000FF0208027F03F
2929,-143,-2288,1,1,1,1,1,1,0,0,0,0,0,0,1,1,1,1,7,2,8,2,255,0,0,0,0,0x000FF0208027F03F
2930,-142,-2272,1,1,1,1,1,1,0,0,0,0,0,0,1,1,1,1,7,2,8,2,255,0,0,0,0,0x000FF0208027F03F
2931,-141,-2256,1,1,1,1,1,1,0,0,0,0,0,0,1,1,1,1,7,2,8,2,255,0,0,0,0,0x000FF0208027F03F
2932,-140,-2240,1,1,1,1,1,1,0,0,0,0,0,0,1,1,1,1,7,2,8,2,255,0,0,0,0,0x000FF0208027F03F
2933,-139,-2224,1,1,1,1,1,1,0,0,0,0,0,0,1,1,1,1,7,2,8,2,255,0,0,0,0,0x000FF0208027F03F
2934,-138,-2208,1,1,1,1,1,1,0,0,0,0,0,0,1,1,1,1,7,2,8,2,255,0,0,0,0,0x000FF0208027F03F
2935,-137,-2192,1,1,1,1,1,1,0,0,0,0,0,0,1,1,1,1,7,2,8,2,255,0,0,0,0,0x000FF0208027F03F
2936,-136,-2176,1,1,1,1,1,1,0,0,0,0,0,0,1,1,1,1,7,2,8,2,255,0,0,0,0,0x000FF0208027F03F
2937,-135,-2160,1,1,1,1,1,1,0,0,0,0,0,0,1,1,1,1,7,2,8,2,255,0,0,0,0,0x000FF0208027F03F
2938,-134,-2144,1,1,1,1,1,1,0,0,0,0,0,0,1,1,1,1,7,2,8,2,255,0,0,0,0,0x000FF0208027F03F
2939,-133,-2128,1,1,1,1,1,1,0,0,0,0,0,0,1,1,1,1,7,2,8,2,255,0,0,0,0,0x000FF0208027F03F
2940,-132,-2112,1,1,1,1,1,1,0,0,0,0,0,0,1,1,1,1,7,2,8,2,255,0,0,0,0,0x000FF0208027F03F
2941,-131,-2096,1,1,1,1,1,1,0,0,0,0,0,0,1,1,1,1,7,2,8,2,255,0,0,0,0,0x000FF0208027F03F
2942,-130,-2080,1,1,1,1,1,1,0,0,0,0,0,0,1,1,1,1,7,2,8,2,255,0,0,0,0,0x000FF0208027F03F
2943,-129,-2064,1,1,1,1,1,1,0,0,0,0,0,0,1,1,1,1,7,2,8,2,255,0,0,0,0,0x000FF0208027F03F
2944,-128,-2048,1,1,1,1,1,1,0,0,0,0,0,0,1,1,1,1,7,2,8,2,255,0,0,0,0,0x000FF0208027F03F
2945,-127,-2032,1,1,1,1,1,1,0,0,0,0,0,0,1,1,1,1,7,2,8,2,255,0,0,0,0,0x000FF0208027F03F
2946,-126,-2016,1,1,1,1,1,1,0,0,0,0,0,0,1,1,1,1,7,2,8,2,255,0,0,0,0,0x000FF0208027F03F
2947,-125,-2000,1,1,1,1,1,1,0,0,0,0,0,0,1,1,1,1,7,2,8,2,255,0,0,0,0,0x000FF0208027F03F
2948,-124,-1984,1,1,1,1,1,1,0,0,0,0,0,0,1,1,1,1,7,2,8,2,255,0,0,0,0,0x000FF0208027F03F
2949,-123,-1968,1,1,1,1,1,1,0,0,0,0,0,0,1,1,1,1,7,2,8,2,255,0,0,0,0,0x000FF0208027F03F
2950,-122,-1952,1,1,1,1,1,1,0,0,0,0,0,0,1,1,1,1,7,2,8,2,255,0,0,0,0,0x000FF0208027F03F
2951,-121,-1936,1,1,1,1,1,1,0,0,0,0,0,0,1,1,1,1,7,2,8,2,255,0,0,0,0,0x000FF0208027F03F
2952,-120,-1920,1,1,1,1,1,1,0,0,0,0,0,0,1,1,1,1,7,2,8,2,255,0,0,0,0,0x000FF0208027F03F
2953,-119,-1904,1,1,1,1,1,1,0,0,0,0,0,0,1,1,1,1,7,2,8,2,255,0,0,0,0,0x000FF0208027F03F
2954,-118,-1888,1,1,1,1,1,1,0,0,0,0,0,0,1,1,1,1,7,2,8,2,255,0,0,0,0,0x000FF0208027F03F
2955,-117,-1872,1,1,1,1,1,1,0,0,0,0,0,0,1,1,1,1,7,2,8,2,255,0,0,0,0,0x000FF0208027F03F
2956,-116,-1856,1,1,1,1,1,1,0,0,0,0,0,0,1,1,1,1,7,2,8,2,255,0,0,0,0,0x000FF0208027F03F
2957,-115,-1840,1,1,1,1,1,1,0,0,0,0,0,0,1,1,1,1,7,2,8,2,255,0,0,0,0,0x000FF0208027F03F
2958,-114,-1824,1,1,1,1,1,1,0,0,0,0,0,0,1,1,1,1,7,2,8,2,255,0,0,0,0,0x000FF0208027F03F
2959,-113,-1808,1,1,1,1,1,1,0,0,0,0,0,0,1,1,1,1,7,2,8,2,255,0,0,0,0,0x000FF0208027F03F
2960,-112,-1792,1,1,1,1,1,1,0,0,0,0,0,0,1,1,1,1,7,2,8,2,255,0,0,0,0,0x000FF0208027F03F
2961,-111,-1776,1,1,1,1,1,1,0,0,0,0,0,0,1,1,1,1,7,2,8,2,255,0,0,0,0,0x000FF0208027F03F
2962,-110,-1760,1,1,1,1,1,1,0,0,0,0,0,0,1,1,1,1,7,2,8,2,255,0,0,0,0,0x000FF0208027F03F
2963,-109,-1744,1,1,1,1,1,1,0,0,0,0,0,0,1,1,1,1,7,2,8,2,255,0,0,0,0,0x000FF0208027F03F
2964,-108,-1728,1,1,1,1,1,1,0,0,0,0,0,0,1,1,1,1,7,2,8,2,255,0,0,0,0,0x000FF0208027F03F
2965,-107,-1712,1,1,1,1,1,1,0,0,0,0,0,0,1,1,1,1,7,2,8,2,255,0,0,0,0,0x000FF0208027F03F
2966,-106,-1696,1,1,1,1,1,1,0,0,0,0,0,0,1,1,1,1,7,2,8,2,255,0,0,0,0,0x000FF0208027F03F
2967,-105,-1680,1,1,1,1,1,1,0,0,0,0,0,0,1,1,1,1,7,2,8,2,255,0,0,0,0,0x000FF0208027F03F
2968,-104,-1664,1,1,1,1,1,1,0,0,0,0,0,0,1,1,1,1,7,2,8,2,255,0,0,0,0,0x000FF0208027F03F
2969,-103,-1648,1,1,1,1,1,1,0,0,0,0,0,0,1,1,1,1,7,2,8,2,255,0,0,0,0,0x000FF0208027F03F
2970,-102,-1632,1,1,1,1,1,1,0,0,0,0,0,0,1,1,1,1,7,2,8,2,255,0,0,0,0,0x000FF0208027F03F
2971,-101,-1616,1,1,1,1,1,1,0,0,0,0,0,0,1,1,1,1,7,2,8,2,255,0,0,0,0,0x000FF0208027F03F
2972,-100,-1600,1,1,1,1,1,1,0,0,0,0,0,0,1,1,1,1,7,2,8,2,255,0,0,0,0,0x000FF0208027F03F
2973,-99,-1584,1,1,1,1,1,1,0,0,0,0,0,0,1,1,1,1,7,2,8,2,255,0,0,0,0,0x000FF0208027F03F
2974,-98,-1568,1,1,1,1,1,1,0,0,0,0,0,0,1,1,1,1,7,2,8,2,255,0,0,0,0,0x000FF0208027F03F
2975,-97,-1552,1,1,1,1,1,1,0,0,0,0,0,0,1,1,1,1,7,2,8,2,255,0,0,0,0,0x000FF0208027F03F
2976,-96,-1536,1,1,1,1,1,1,0,0,0,0,0,0,1,1,1,1,7,2,8,2,255,0,0,0,0,0x000FF0208027F03F
2977,-95,-1520,1,1,1,1,1,1,0,0,0,0,0,0,1,1,1,1,7,2,8,2,255,0,0,0,0,0x000FF0208027F03F
2978,-94,-1504,1,1,1,1,1,1,0,0,0,0,0,0,1,1,1,1,7,2,8,2,255,0,0,0,0,0x000FF0208027F03F
2979,-93,-1488,1,1,1,1,1,1,0,0,0,0,0,0,1,1,1,1,7,2,8,2,255,0,0,0,0,0x000FF0208027F03F
2980,-92,-1472,1,1,1,1,1,1,0,0,0,0,0,0,1,1,1,1,7,2,8,2,255,0,0,0,0,0x000FF0208027F03F
2981,-91,-1456,1,1,1,1,1,1,0,0,0,0,0,0,1,1,1,1,7,2,8,2,255,0,0,0,0,0x000FF0208027F03F
2982,-90,-1440,1,1,1,1,1,1,0,0,0,0,0,0,1,1,1,1,7,2,8,2,255,0,0,0,0,0x000FF0208027F03F
2983,-89,-1424,1,1,1,1,1,1,0,0,0,0,0,0,1,1,1,1,7,2,8,2,255,0,0,0,0,0x000FF0208027F03F
2984,-88,-1408,1,1,1,1,1,1,0,0,0,0,0,0,1,1,1,1,7,2,8,2,255,0,0,0,0,0x000FF0208027F03F
2985,-87,-1392,1,1,1,1,1,1,0,0,0,0,0,0,1,1,1,1,7,2,8,2,255,0,0,0,0,0x000FF0208027F03F
2986,-86,-1376,1,1,1,1,1,1,0,0,0,0,0,0,1,1,1,1,7,2,8,2,255,0,0,0,0,0x000FF0208027F03F
2987,-85,-1360,1,1,1,1,1,1,0,0,0,0,0,0,1,1,1,1,7,2,8,2,255,0,0,0,0,0x000FF0208027F03F
2988,-84,-1344,1,1,1,1,1,1,0,0,0,0,0,0,1,1,1,1,7,2,8,2,255,0,0,0,0,0x000FF0208027F03F
2989,-83,-1328,1,1,1,1,1,1,0,0,0,0,0,0,1,1,1,1,7,2,8,2,255,0,0,0,0,0x000FF0208027F03F
2990,-82,-1312,1,1,1,1,1,1,0,0,0,0,0,0,1,1,1,1,7,2,8,2,255,0,0,0,0,0x000FF0208027F03F
2991,-81,-1296,1,1,1,1,1,1,0,0,0,0,0,0,1,1,1,1,7,2,8,2,255,0,0,0,0,0x000FF0208027F03F
2992,-80,-1280,1,1,1,1,1,1,0,0,0,0,0,0,1,1,1,1,7,2,8,2,255,0,0,0,0,0x000FF0208027F03F
2993,-79,-1264,1,1,1,1,1,1,0,0,0,0,0,0,1,1,1,1,7,2,8,2,255,0,0,0,0,0x000FF0208027F03F
2994,-78,-1248,1,1,1,1,1,1,0,0,0,0,0,0,1,1,1,1,7,2,8,2,255,0,0,0,0,0x000FF0208027F03F
2995,-77,-1232,1,1,1,1,1,1,0,0,0,0,0,0,1,1,1,1,7,2,8,2,255,0,0,0,0,0x000FF0208027F03F
2996,-76,-1216,1,1,1,1,1,1,0,0,0,0,0,0,1,1,1,1,7,2,8,2,255,0,0,0,0,0x000FF0208027F03F
2997,-75,-1200,1,1,1,1,1,1,0,0,0,0,0,0,1,1,1,1,7,2,8,2,255,0,0,0,0,0x000FF0208027F03F
2998,-74,-1184,1,1,1,1,1,1,0,0,0,0,0,0,1,1,1,1,7,2,8,2,255,0,0,0,0,0x000FF0208027F03F
2999,-73,-1168,1,1,1,1,1,1,0,0,0,0,0,0,1,1,1,1,7,2,8,2,255,0,0,0,0,0x000FF0208027F03F
3000,-72,-1152,1,1,1,1,1,1,0,0,0,0,0,0,1,1,1,1,7,2,8,2,255,0,0,0,0,0x000FF0208027F03F
3001,-71,-1136,1,1,1,1,1,1,0,0,0,0,0,0,1,1,1,1,7,2,8,2,255,0,0,0,0,0x000FF0208027F03F
3002,-70,-1120,1,1,1,1,1,1,0,0,0,0,0,0,1,1,1,1,7,2,8,2,255,0,0,0,0,0x000FF0208027F03F
3003,-69,-1104,1,1,1,1,1,1,0,0,0,0,0,0,1,1,1,1,7,2,8,2,255,0,0,0,0,0x000FF0208027F03F
3004,-68,-1088,1,1,1,1,1,1,0,0,0,0,0,0,1,1,1,1,7,2,8,2,255,0,0,0,0,0x000FF0208027F03F
3005,-67,-1072,1,1,1,1,1,1,0,0,0,0,0,0,1,1,1,1,7,2,8,2,255,0,0,0,0,0x000FF0208027F03F
3006,-66,-1056,1,1,1,1,1,1,0,0,0,0,0,0,1,1,1,1,7,2,8,2,255,0,0,0,0,0x000FF0208027F03F
3007,-65,-1040,1,1,1,1,1,1,0,0,0,0,0,0,1,1,1,1,7,2,8,2,255,0,0,0,0,0x000FF0208027F03F
3008,-64,-1024,1,1,1,1,1,1,0,0,0,0,0,0,1,1,1,1,7,2,8,2,255,0,0,0,0,0x000FF0208027F03F
3009,-63,-1008,1,1,1,1,1,1,0,0,0,0,0,0,1,1,1,1,7,2,8,2,255,0,0,0,0,0x000FF0208027F03F
3010,-62,-992,1,1,1,1,1,1,0,0,0,0,0,0,1,1,1,1,7,2,8,2,255,0,0,0,0,0x000FF0208027F03F
3011,-61,-976,1,1,1,1,1,1,0,0,0,0,0,0,1,1,1,1,7,2,8,2,255,0,0,0,0,0x000FF0208027F03F
3012,-60,-960,1,1,1,1,1,1,0,0,0,0,0,0,1,1,1,1,7,2,8,2,255,0,0,0,0,0x000FF0208027F03F
3013,-59,-944,1,1,1,1,1,1,0,0,0,0,0,0,1,1,1,1,7,2,8,2,255,0,0,0,0,0x000FF0208027F03F
3014,-58,-928,1,1,1,1,1,1,0,0,0,0,0,0,1,1,1,1,7,2,8,2,255,0,0,0,0,0x000FF0208027F03F
3015,-57,-912,1,1,1,1,1,1,0,0,0,0,0,0,1,1,1,1,7,2,8,2,255,0,0,0,0,0x000FF0208027F03F
3016,-56,-896,1,1,1,1,1,1,0,0,0,0,0,0,1,1,1,1,7,2,8,2,255,0,0,0,0,0x000FF0208027F03F
3017,-55,-880,1,1,1,1,1,1,0,0,0,0,0,0,1,1,1,1,7,2,8,2,255,0,0,0,0,0x000FF0208027F03F
3018,-54,-864,1,1,1,1,1,1,0,0,0,0,0,0,1,1,1,1,7,2,8,2,255,0,0,0,0,0x000FF0208027F03F
3019,-53,-848,1,1,1,1,1,1,0,0,0,0,0,0,1,1,1,1,7,2,8,2,255,0,0,0,0,0x000FF0208027F03F
3020,-52,-832,1,1,1,1,1,1,0,0,0,0,0,0,1,1,1,1,7,2,8,2,255,0,0,0,0,0x000FF0208027F03F
3021,-51,-816,1,1,1,1,1,1,0,0,0,0,0,0,1,1,1,1,7,2,8,2,255,0,0,0,0,0x000FF0208027F03F
3022,-50,-800,1,1,1,1,1,1,0,0,0,0,0,0,1,1,1,1,7,2,8,2,255,0,0,0,0,0x000FF0208027F03F
3023,-49,-784,1,1,1,1,1,1,0,0,0,0,0,0,1,1,1,1,7,2,8,2,255,0,0,0,0,0x000FF0208027F03F
3024,-48,-768,1,1,1,1,1,1,0,0,0,0,0,0,1,1,1,1,7,2,8,2,255,0,0,0,0,0x000FF0208027F03F
3025,-47,-752,1,1,1,1,1,1,0,0,0,0,0,0,1,1,1,1,7,2,8,2,255,0,0,0,0,0x000FF0208027F03F
3026,-46,-736,1,1,1,1,1,1,0,0,0,0,0,0,1,1,1,1,7,2,8,2,255,0,0,0,0,0x000FF0208027F03F
3027,-45,-720,1,1,1,1,1,1,0,0,0,0,0,0,1,1,1,1,7,2,8,2,255,0,0,0,0,0x000FF0208027F03F
3028,-44,-704,1,1,1,1,1,1,0,0,0,0,0,0,1,1,1,1,7,2,8,2,255,0,0,0,0,0x000FF0208027F03F
3029,-43,-688,1,1,1,1,1,1,0,0,0,0,0,0,1,1,1,1,7,2,8,2,255,0,0,0,0,0x000FF0208027F03F
3030,-42,-672,1,1,1,1,1,1,0,0,0,0,0,0,1,1,1,1,7,2,8,2,255,0,0,0,0,0x000FF0208027F03F
3031,-41,-656,1,1,1,1,1,1,0,0,0,0,0,0,1,1,1,1,7,2,8,2,255,0,0,0,0,0x000FF0208027F03F
3032,-40,-640,1,1,1,1,1,1,0,0,0,0,0,0,1,1,1,1,7,2,8,2,255,0,0,0,0,0x000FF0208027F03F
3033,-39,-624,1,1,1,1,1,1,0,0,0,0,0,0,1,1,1,1,7,2,8,2,255,0,0,0,0,0x000FF0208027F03F
3034,-38,-608,1,1,1,1,1,1,0,0,0,0,0,0,1,1,1,1,7,2,8,2,255,0,0,0,0,0x000FF0208027F03F
3035,-37,-592,1,1,1,1,1,1,0,0,0,0,0,0,1,1,1,1,7,2,8,2,255,0,0,0,0,0x000FF0208027F03F
3036,-36,-576,1,1,1,1,1,1,0,0,0,0,0,0,1,1,1,1,7,2,8,2,255,0,0,0,0,0x000FF0208027F03F
3037,-35,-560,1,1,1,1,1,1,0,0,0,0,0,0,1,1,1,1,7,2,8,2,255,0,0,0,0,0x000FF0208027F03F
3038,-34,-544,1,1,1,1,1,1,0,0,0,0,0,0,1,1,1,1,7,2,8,2,255,0,0,0,0,0x000FF0208027F03F
3039,-33,-528,1,1,1,1,1,1,0,0,0,0,0,0,1,1,1,1,7,2,8,2,255,0,0,0,0,0x000FF0208027F03F
3040,-32,-512,1,1,1,1,1,1,0,0,0,0,0,0,1,1,1,1,7,2,8,2,255,0,0,0,0,0x000FF0208027F03F
3041,-31,-496,1,1,1,1,1,1,0,0,0,0,0,0,1,1,1,1,7,2,8,2,255,0,0,0,0,0x000FF0208027F03F
3042,-30,-480,1,1,1,1,1,1,0,0,0,0,0,0,1,1,1,1,7,2,8,2,255,0,0,0,0,0x000FF0208027F03F
3043,-29,-464,1,1,1,1,1,1,0,0,0,0,0,0,1,1,1,1,7,2,8,2,255,0,0,0,0,0x000FF0208027F03F
3044,-28,-448,1,1,1,1,1,1,0,0,0,0,0,0,1,1,1,1,7,2,8,2,255,0,0,0,0,0x000FF0208027F03F
3045,-27,-432,1,1,1,1,1,1,0,0,0,0,0,0,1,1,1,1,7,2,8,2,255,0,0,0,0,0x000FF0208027F03F
3046,-26,-416,1,1,1,1,1,1,0,0,0,0,0,0,1,1,1,1,7,2,8,2,255,0,0,0,0,0x000FF0208027F03F
3047,-25,-400,1,1,1,1,1,1,0,0,0,0,0,0,1,1,1,1,7,2,8,2,255,0,0,0,0,0x000FF0208027F03F
3048,-24,-384,1,1,1,1,1,1,0,0,0,0,0,0,1,1,1,1,7,2,8,2,255,0,0,0,0,0x000FF0208027F03F
3049,-23,-368,1,1,1,1,1,1,0,0,0,0,0,0,1,1,1,1,7,2,8,2,255,0,0,0,0,0x000FF0208027F03F
3050,-22,-352,1,1,1,1,1,1,0,0,0,0,0,0,1,1,1,1,7,2,8,2,255,0,0,0,0,0x000FF0208027F03F
3051,-21,-336,1,1,1,1,1,1,0,0,0,0,0,0,1,1,1,1,7,2,8,2,255,0,0,0,0,0x000FF0208027F03F
3052,-20,-320,1,1,1,1,1,1,0,0,0,0,0,0,1,1,1,1,7,2,8,2,255,0,0,0,0,0x000FF0208027F03F
3053,-19,-304,1,1,1,1,1,1,0,0,0,0,0,0,1,1,1,1,7,2,8,2,255,0,0,0,0,0x000FF0208027F03F
3054,-18,-288,1,1,1,1,1,1,0,0,0,0,0,0,1,1,1,1,7,2,8,2,255,0,0,0,0,0x000FF0208027F03F
3055,-17,-272,1,1,1,1,1,1,0,0,0,0,0,0,1,1,1,1,7,2,8,2,255,0,0,0,0,0x000FF0208027F03F
3056,-16,-256,1,1,1,1,1,1,0,0,0,0,0,0,1,1,1,1,7,2,8,2,255,0,0,0,0,0x000FF0208027F03F
3057,-15,-240,1,1,1,1,1,1,0,0,0,0,0,0,1,1,1,1,7,2,8,2,255,0,0,0,0,0x000FF0208027F03F
3058,-14,-224,1,1,1,1,1,1,0,0,0,0,0,0,1,1,1,1,7,2,8,2,255,0,0,0,0,0x000FF0208027F03F
3059,-13,-208,1,1,1,1,1,1,0,0,0,0,0,0,1,1,1,1,7,2,8,2,255,0,0,0,0,0x000FF0208027F03F
3060,-12,-192,1,1,1,1,1,1,0,0,0,0,0,0,1,1,1,1,7,2,8,2,255,0,0,0,0,0x000FF0208027F03F
3061,-11,-176,1,1,1,1,1,1,0,0,0,0,0,0,1,1,1,1,7,2,8,2,255,0,0,0,0,0x000FF0208027F03F
3062,-10,-160,1,1,1,1,1,1,0,0,0,0,0,0,1,1,1,1,7,2,8,2,255,0,0,0,0,0x000FF0208027F03F
3063,-9,-144,1,1,1,1,1,1,0,0,0,0,0,0,1,1,1,1,7,2,8,2,255,0,0,0,0,0x000FF0208027F03F
3064,-8,-128,1,1,1,1,1,1,0,0,0,0,0,0,1,1,1,1,7,2,8,2,255,0,0,0,0,0x000FF0208027F03F
3065,-7,-112,1,1,1,1,1,1,0,0,0,0,0,0,1,1,1,1,7,2,8,2,255,0,0,0,0,0x000FF0208027F03F
3066,-6,-96,1,1,1,1,1,1,0,0,0,0,0,0,1,1,1,1,7,2,8,2,255,0,0,0,0,0x000FF0208027F03F
3067,-5,-80,1,1,1,1,1,1,0,0,0,0,0,0,1,1,1,1,7,2,8,2,255,0,0,0,0,0x000FF0208027F03F
3068,-4,-64,1,1,1,1,1,1,0,0,0,0,0,0,1,1,1,1,7,2,8,2,255,0,0,0,0,0x000FF0208027F03F
3069,-3,-48,1,1,1,1,1,1,0,0,0,0,0,0,1,1,1,1,7,2,8,2,255,0,0,0,0,0x000FF0208027F03F
3070,-2,-32,1,1,1,1,1,1,0,0,0,0,0,0,1,1,1,1,7,2,8,2,255,0,0,0,0,0x000FF0208027F03F
3071,-1,-16,1,1,1,1,1,1,0,0,0,0,0,0,1,1,1,1,7,2,8,2,255,0,0,0,0,0x000FF0208027F03F
3072,0,0,1,1,1,1,1,1,0,0,0,0,1,0,1,1,1,1,7,2,8,2,255,0,0,0,0,0x000FF0208027F43F
3073,1,16,1,1,1,1,1,1,0,1,0,0,0,1,1,1,1,1,7,2,9,2,255,0,0,1,1,0x404FF0209027F8BF
3074,2,32,1,1,1,0,1,1,0,1,0,0,0,1,1,1,1,1,7,2,9,2,255,0,0,1,1,0x404FF0209027F8B7
3075,3,48,1,1,1,0,0,1,0,1,0,0,0,1,1,1,1,1,7,2,9,2,255,0,0,1,1,0x404FF0209027F8A7
3076,4,64,1,1,1,0,0,1,0,1,0,0,0,1,1,1,1,1,7,2,9,2,255,0,0,1,1,0x404FF0209027F8A7
3077,5,80,1,1,1,0,0,1,0,1,0,0,0,1,1,1,1,1,7,2,9,2,255,0,0,1,1,0x404FF0209027F8A7
3078,6,96,1,1,1,0,0,0,0,1,0,0,0,1,1,1,1,1,7,2,9,2,255,0,0,1,1,0x404FF0209027F887
3079,7,112,1,1,1,0,0,0,0,1,0,0,0,1,1,1,1,1,7,2,9,2,255,0,0,1,1,0x404FF0209027F887
3080,8,128,1,1,1,0,0,0,0,1,0,0,0,1,1,1,1,1,7,2,9,2,255,0,0,1,1,0x404FF0209027F887
3081,9,144,1,1,1,0,0,0,0,1,0,0,0,1,1,1,1,1,7,2,9,2,255,0,0,1,1,0x404FF0209027F887
3082,10,160,1,1,1,0,0,0,0,1,0,0,0,1,1,1,1,1,7,2,9,2,255,0,0,1,1,0x404FF0209027F887
3083,11,176,1,1,1,0,0,0,0,1,0,0,0,1,1,1,1,1,7,2,9,2,255,0,0,1,1,0x404FF0209027F887
3084,12,192,1,1,1,0,0,0,0,1,0,0,0,1,1,1,1,1,7,2,9,2,255,0,0,1,1,0x404FF0209027F887
3085,13,208,1,1,1,0,0,0,0,1,0,0,0,1,1,1,1,1,7,2,9,2,255,0,0,1,1,0x404FF0209027F887
3086,14,224,1,1,1,0,0,0,0,1,0,0,0,1,1,1,1,1,7,2,9,2,255,0,0,1,1,0x404FF0209027F887
3087,15,240,1,1,1,0,0,0,0,1,0,0,0,1,1,1,1,1,7,2,9,2,255,0,0,1,1,0x404FF0209027F887
3088,16,256,1,1,1,0,0,0,0,1,0,0,0,1,1,1,1,1,7,2,9,2,255,0,0,1,1,0x404FF0209027F887
3089,17,272,1,1,1,0,0,0,0,1,0,0,0,1,1,1,1,1,7,2,9,2,255,0,0,1,1,0x404FF0209027F887
3090,18,288,1,1,1,0,0,0,0,1,0,0,0,1,1,1,1,1,7,2,9,2,255,0,0,1,1,0x404FF0209027F887
3091,19,304,1,1,1,0,0,0,0,1,0,0,0,1,1,1,1,1,7,2,9,2,255,0,0,1,1,0x404FF0209027F887
3092,20,320,1,1,1,0,0,0,0,1,0,0,0,1,1,1,1,1,7,2,9,2,255,0,0,1,1,0x404FF0209027F887
3093,21,336,1,1,1,0,0,0,0,1,0,0,0,1,1,1,1,1,7,2,9,2,255,0,0,1,1,0x404FF0209027F887
3094,22,352,1,1,1,0,0,0,0,1,0,0,0,1,1,1,1,1,7,2,9,2,255,0,0,1,1,0x404FF0209027F887
3095,23,368,1,1,1,0,0,0,0,1,0,0,0,1,1,1,1,1,7,2,9,2,255,0,0,1,1,0x404FF0209027F887
3096,24,384,1,1,1,0,0,0,0,1,0,0,0,1,1,1,1,1,7,2,9,2,255,0,0,1,1,0x404FF0209027F887
3097,25,400,1,1,1,0,0,0,0,1,0,0,0,1,1,1,1,1,7,2,9,2,255,0,0,1,1,0x404FF0209027F887
3098,26,416,1,1,1,0,0,0,0,1,0,0,0,1,1,1,1,1,7,2,9,2,255,0,0,1,1,0x404FF0209027F887
3099,27,432,1,1,1,0,0,0,0,1,0,0,0,1,1,1,1,1,7,2,9,2,255,0,0,1,1,0x404FF0209027F887
3100,28,448,1,1,1,0,0,0,0,1,0,0,0,1,1,1,1,1,7,2,9,2,255,0,0,1,1,0x404FF0209027F887
3101,29,464,1,1,1,0,0,0,0,1,0,0,0,1,1,1,1,1,7,2,9,2,255,0,0,1,1,0x404FF0209027F887
3102,30,480,1,1,1,0,0,0,0,1,0,0,0,1,1,1,1,1,7,2,9,2,255,0,0,1,1,0x404FF0209027F887
3103,31,496,1,1,1,0,0,0,0,1,0,0,0,1,1,1,1,1,7,2,9,2,255,0,0,1,1,0x404FF0209027F887
3104,32,512,1,1,1,0,0,0,0,1,0,0,0,1,1,1,1,1,7,2,9,2,255,0,0,1,1,0x404FF0209027F887
3105,33,528,1,1,1,0,0,0,0,1,0,0,0,1,1,1,1,1,7,2,9,2,255,0,0,1,1,0x404FF0209027F887
3106,34,544,1,1,1,0,0,0,0,1,0,0,0,1,1,1,1,1,7,2,9,2,255,0,0,1,1,0x404FF0209027F887
3107,35,560,1,1,1,0,0,0,0,1,0,0,0,1,1,1,1,1,7,2,9,2,255,0,0,1,1,0x404FF0209027F887
3108,36,576,1,1,1,0,0,0,0,1,0,0,0,1,1,1,1,1,7,2,9,2,255,0,0,1,1,0x404FF0209027F887
3109,37,592,1,1,1,0,0,0,0,1,0,0,0,1,1,1,1,1,7,2,9,2,255,0,0,1,1,0x404FF0209027F887
3110,38,608,1,1,1,0,0,0,0,1,0,0,0,1,1,1,1,1,7,2,9,2,255,0,0,1,1,0x404FF0209027F887
3111,39,624,1,1,1,0,0,0,0,1,0,0,0,1,1,1,1,1,7,2,9,2,255,0,0,1,1,0x404FF0209027F887
3112,40,640,1,1,1,0,0,0,0,1,0,0,0,1,1,1,1,1,7,2,9,2,255,0,0,1,1,0x404FF0209027F887
3113,41,656,1,1,1,0,0,0,0,1,0,0,0,1,1,1,1,1,7,2,9,2,255,0,0,1,1,0x404FF0209027F887
3114,42,672,1,1,1,0,0,0,0,1,0,0,0,1,1,1,1,1,7,2,9,2,255,0,0,1,1,0x404FF0209027F887
3115,43,688,1,1,1,0,0,0,0,1,0,0,0,1,1,1,1,1,7,2,9,2,255,0,0,1,1,0x404FF0209027F887
3116,44,704,1,1,1,0,0,0,0,1,0,0,0,1,1,1,1,1,7,2,9,2,255,0,0,1,1,0x404FF0209027F887
3117,45,720,1,1,1,0,0,0,0,1,0,0,0,1,1,1,1,1,7,2,9,2,255,0,0,1,1,0x404FF0209027F887
3118,46,736,1,1,1,0,0,0,0,1,0,0,0,1,1,1,1,1,7,2,9,2,255,0,0,1,1,0x404FF0209027F887
3119,47,752,1,1,1,0,0,0,0,1,0,0,0,1,1,1,1,1,7,2,9,2,255,0,0,1,1,0x404FF0209027F887
3120,48,768,1,1,1,0,0,0,0,1,0,0,0,1,1,1,1,1,7,2,9,2,255,0,0,1,1,0x404FF0209027F887
3121,49,784,1,1,1,0,0,0,0,1,0,0,0,1,1,1,1,1,7,2,9,2,255,0,0,1,1,0x404FF0209027F887
3122,50,800,1,1,1,0,0,0,0,1,0,0,0,1,1,1,1,1,7,2,9,2,255,0,0,1,1,0x404FF0209027F887
3123,51,816,1,1,1,0,0,0,0,1,0,0,0,1,1,1,1,1,7,2,9,2,255,0,0,1,1,0x404FF0209027F887
3124,52,832,1,1,1,0,0,0,0,1,0,0,0,1,1,1,1,1,7,2,9,2,255,0,0,1,1,0x404FF0209027F887
3125,53,848,1,1,1,0,0,0,0,1,0,0,0,1,1,1,1,1,7,2,9,2,255,0,0,1,1,0x404FF0209027F887
3126,54,864,1,1,1,0,0,0,0,1,0,0,0,1,1,1,1,1,7,2,9,2,255,0,0,1,1,0x404FF0209027F887
3127,55,880,1,1,1,0,0,0,0,1,0,0,0,1,1,1,1,1,7,2,9,2,255,0,0,1,1,0x404FF0209027F887
3128,56,896,1,1,1,0,0,0,0,1,0,0,0,1,1,1,1,1,7,2,9,2,255,0,0,1,1,0x404FF0209027F887
3129,57,912,1,1,1,0,0,0,0,1,0,0,0,1,1,1,1,1,7,2,9,2,255,0,0,1,1,0x404FF0209027F887
3130,58,928,1,1,1,0,0,0,0,1,0,0,0,1,1,1,1,1,7,2,9,2,255,0,0,1,1,0x404FF0209027F887
3131,59,944,1,1,1,0,0,0,0,1,0,0,0,1,1,1,1,1,7,2,9,2,255,0,0,1,1,0x404FF0209027F887
3132,60,960,1,1,1,0,0,0,0,1,0,0,0,1,1,1,1,1,7,2,9,2,255,0,0,1,1,0x404FF0209027F887
3133,61,976,1,1,1,0,0,0,0,1,0,0,0,1,1,1,1,1,7,2,9,2,255,0,0,1,1,0x404FF0209027F887
3134,62,992,1,1,1,0,0,0,0,1,0,0,0,1,1,1,1,1,7,2,9,2,255,0,0,1,1,0x404FF0209027F887
3135,63,1008,1,1,1,0,0,0,0,1,0,0,0,1,1,1,1,1,7,2,9,2,255,0,0,1,1,0x404FF0209027F887
3136,64,1024,1,1,1,0,0,0,0,1,0,0,0,1,1,1,1,1,7,2,9,2,255,0,0,1,1,0x404FF0209027F887
3137,65,1040,1,1,1,0,0,0,0,1,0,0,0,1,1,1,1,1,7,2,9,2,255,0,0,1,1,0x404FF0209027F887
3138,66,1056,1,1,1,0,0,0,0,1,0,0,0,1,1,1,1,1,7,2,9,2,255,0,0,1,1,0x404FF0209027F887
3139,67,1072,1,1,1,0,0,0,0,1,0,0,0,1,1,1,1,1,7,2,9,2,255,0,0,1,1,0x404FF0209027F887
3140,68,1088,1,1,1,0,0,0,0,1,0,0,0,1,1,1,1,1,7,2,9,2,255,0,0,1,1,0x404FF0209027F887
3141,69,1104,1,1,1,0,0,0,0,1,0,0,0,1,1,1,1,1,7,2,9,2,255,0,0,1,1,0x404FF0209027F887
3142,70,1120,1,1,1,0,0,0,0,1,0,0,0,1,1,1,1,1,7,2,9,2,255,0,0,1,1,0x404FF0209027F887
3143,71,1136,1,1,1,0,0,0,0,1,0,0,0,1,1,1,1,1,7,2,9,2,255,0,0,1,1,0x404FF0209027F887
3144,72,1152,1,1,1,0,0,0,0,1,0,0,0,1,1,1,1,1,7,2,9,2,255,0,0,1,1,0x404FF0209027F887
3145,73,1168,1,1,1,0,0,0,0,1,0,0,0,1,1,1,1,1,7,2,9,2,255,0,0,1,1,0x404FF0209027F887
3146,74,1184,1,1,1,0,0,0,0,1,0,0,0,1,1,1,1,1,7,2,9,2,255,0,0,1,1,0x404FF0209027F887
3147,75,1200,1,1,1,0,0,0,0,1,0,0,0,1,1,1,1,1,7,2,9,2,255,0,0,1,1,0x404FF0209027F887
3148,76,1216,1,1,1,0,0,0,0,1,0,0,0,1,1,1,1,1,7,2,9,2,255,0,0,1,1,0x404FF0209027F887
3149,77,1232,1,1,1,0,0,0,0,1,0,0,0,1,1,1,1,1,7,2,9,2,255,0,0,1,1,0x404FF0209027F887
3150,78,1248,1,1,1,0,0,0,0,1,0,0,0,1,1,1,1,1,7,2,9,2,255,0,0,1,1,0x404FF0209027F887
3151,79,1264,1,1,1,0,0,0,0,1,0,0,0,1,1,1,1,1,7,2,9,2,255,0,0,1,1,0x404FF0209027F887
3152,80,1280,1,1,1,0,0,0,0,1,0,0,0,1,1,1,1,1,7,2,9,2,255,0,0,1,1,0x404FF0209027F887
3153,81,1296,1,1,1,0,0,0,0,1,0,0,0,1,1,1,1,1,7,2,9,2,255,0,0,1,1,0x404FF0209027F887
3154,82,1312,1,1,1,0,0,0,0,1,0,0,0,1,1,1,1,1,7,2,9,2,255,0,0,1,1,0x404FF0209027F887
3155,83,1328,1,1,1,0,0,0,0,1,0,0,0,1,1,1,1,1,7,2,9,2,255,0,0,1,1,0x404FF0209027F887
3156,84,1344,1,1,1,0,0,0,0,1,0,0,0,1,1,1,1,1,7,2,9,2,255,0,0,1,1,0x404FF0209027F887
3157,85,1360,1,1,1,0,0,0,0,1,0,0,0,1,1,1,1,1,7,2,9,2,255,0,0,1,1,0x404FF0209027F887
3158,86,1376,1,1,1,0,0,0,0,1,0,0,0,1,1,1,1,1,7,2,9,2,255,0,0,1,1,0x404FF0209027F887
3159,87,1392,1,1,1,0,0,0,0,1,0,0,0,1,1,1,1,1,7,2,9,2,255,0,0,1,1,0x404FF0209027F887
3160,88,1408,1,1,1,0,0,0,0,1,0,0,0,1,1,1,1,1,7,2,9,2,255,0,0,1,1,0x404FF0209027F887
3161,89,1424,1,1,1,0,0,0,0,1,0,0,0,1,1,1,1,1,7,2,9,2,255,0,0,1,1,0x404FF0209027F887
3162,90,1440,1,1,1,0,0,0,0,1,0,0,0,1,1,1,1,1,7,2,9,2,255,0,0,1,1,0x404FF0209027F887
3163,91,1456,1,1,1,0,0,0,0,1,0,0,0,1,1,1,1,1,7,2,9,2,255,0,0,1,1,0x404FF0209027F887
3164,92,1472,1,1,1,0,0,0,0,1,0,0,0,1,1,1,1,1,7,2,9,2,255,0,0,1,1,0x404FF0209027F887
3165,93,1488,1,1,1,0,0,0,0,1,0,0,0,1,1,1,1,1,7,2,9,2,255,0,0,1,1,0x404FF0209027F887
3166,94,1504,1,1,1,0,0,0,0,1,0,0,0,1,1,1,1,1,7,2,9,2,255,0,0,1,1,0x404FF0209027F887
3167,95,1520,1,1,1,0,0,0,0,1,0,0,0,1,1,1,1,1,7,2,9,2,255,0,0,1,1,0x404FF0209027F887
3168,96,1536,1,1,1,0,0,0,0,1,0,0,0,1,1,1,1,1,7,2,9,2,255,0,0,1,1,0x404FF0209027F887
3169,97,1552,1,1,1,0,0,0,0,1,0,0,0,1,1,1,1,1,7,2,9,2,255,0,0,1,1,0x404FF0209027F887
3170,98,1568,1,1,1,0,0,0,0,1,0,0,0,1,1,1,1,1,7,2,9,2,255,0,0,1,1,0x404FF0209027F887
3171,99,1584,1,1,1,0,0,0,0,1,0,0,0,1,1,1,1,1,7,2,9,2,255,0,0,1,1,0x404FF0209027F887
3172,100,1600,1,1,1,0,0,0,0,1,0,0,0,1,1,1,1,1,7,2,9,2,255,0,0,1,1,0x404FF0209027F887
3173,101,1616,1,1,1,0,0,0,0,1,0,0,0,1,1,1,1,1,7,2,9,2,255,0,0,1,1,0x404FF0209027F887
3174,102,1632,1,1,1,0,0,0,0,1,0,0,0,1,1,1,1,1,7,2,9,2,255,0,0,1,1,0x404FF0209027F887
3175,103,1648,1,1,1,0,0,0,0,1,0,0,0,1,1,1,1,1,7,2,9,2,255,0,0,1,1,0x404FF0209027F887
3176,104,1664,1,1,1,0,0,0,0,1,0,0,0,1,1,1,1,1,7,2,9,2,255,0,0,1,1,0x404FF0209027F887
3177,105,1680,1,1,1,0,0,0,0,1,0,0,0,1,1,1,1,1,7,2,9,2,255,0,0,1,1,0x404FF0209027F887
3178,106,1696,1,1,1,0,0,0,0,1,0,0,0,1,1,1,1,1,7,2,9,2,255,0,0,1,1,0x404FF0209027F887
3179,107,1712,1,1,1,0,0,0,0,1,0,0,0,1,1,1,1,1,7,2,9,2,255,0,0,1,1,0x404FF0209027F887
3180,108,1728,1,1,1,0,0,0,0,1,0,0,0,1,1,1,1,1,7,2,9,2,255,0,0,1,1,0x404FF0209027F887
3181,109,1744,1,1,1,0,0,0,0,1,0,0,0,1,1,1,1,1,7,2,9,2,255,0,0,1,1,0x404FF0209027F887
3182,110,1760,1,1,1,0,0,0,0,1,0,0,0,1,1,1,1,1,7,2,9,2,255,0,0,1,1,0x404FF0209027F887
3183,111,1776,1,1,1,0,0,0,0,1,0,0,0,1,1,1,1,1,7,2,9,2,255,0,0,1,1,0x404FF0209027F887
3184,112,1792,1,1,1,0,0,0,0,1,0,0,0,1,1,1,1,1,7,2,9,2,255,0,0,1,1,0x404FF0209027F887
3185,113,1808,1,1,1,0,0,0,0,1,0,0,0,1,1,1,1,1,7,2,9,2,255,0,0,1,1,0x404FF0209027F887
3186,114,1824,1,1,1,0,0,0,0,1,0,0,0,1,1,1,1,1,7,2,9,2,255,0,0,1,1,0x404FF0209027F887
3187,115,1840,1,1,1,0,0,0,0,1,0,0,0,1,1,1,1,1,7,2,9,2,255,0,0,1,1,0x404FF0209027F887
3188,116,1856,1,1,1,0,0,0,0,1,0,0,0,1,1,1,1,1,7,2,9,2,255,0,0,1,1,0x404FF0209027F887
3189,117,1872,1,1,1,0,0,0,0,1,0,0,0,1,1,1,1,1,7,2,9,2,255,0,0,1,1,0x404FF0209027F887
3190,118,1888,1,1,1,0,0,0,0,1,0,0,0,1,1,1,1,1,7,2,9,2,255,0,0,1,1,0x404FF0209027F887
3191,119,1904,1,1,1,0,0,0,0,1,0,0,0,1,1,1,1,1,7,2,9,2,255,0,0,1,1,0x404FF0209027F887
3192,120,1920,1,1,1,0,0,0,0,1,0,0,0,1,1,1,1,1,7,2,9,2,255,0,0,1,1,0x404FF0209027F887
3193,121,1936,1,1,1,0,0,0,0,1,0,0,0,1,1,1,1,1,7,2,9,2,255,0,0,1,1,0x404FF0209027F887
3194,122,1952,1,1,1,0,0,0,0,1,0,0,0,1,1,1,1,1,7,2,9,2,255,0,0,1,1,0x404FF0209027F887
3195,123,1968,1,1,1,0,0,0,0,1,0,0,0,1,1,1,1,1,7,2,9,2,255,0,0,1,1,0x404FF0209027F887
3196,124,1984,1,1,1,0,0,0,0,1,0,0,0,1,1,1,1,1,7,2,9,2,255,0,0,1,1,0x404FF0209027F887
3197,125,2000,1,1,1,0,0,0,0,1,0,0,0,1,1,1,1,1,7,2,9,2,255,0,0,1,1,0x404FF0209027F887
3198,126,2016,1,1,1,0,0,0,0,1,0,0,0,1,1,1,1,1,7,2,9,2,255,0,0,1,1,0x404FF0209027F887
3199,127,2032,1,1,1,0,0,0,0,1,0,0,0,1,1,1,1,1,7,2,9,2,255,0,0,1,1,0x404FF0209027F887
3200,128,2048,1,1,1,0,0,0,0,1,0,0,0,1,1,1,1,1,7,2,9,2,255,0,0,1,1,0x404FF0209027F887
3201,129,2064,1,1,1,0,0,0,0,1,0,0,0,1,1,1,1,1,7,2,9,2,255,0,0,1,1,0x404FF0209027F887
3202,130,2080,1,1,1,0,0,0,0,1,0,0,0,1,1,1,1,1,7,2,9,2,255,0,0,1,1,0x404FF0209027F887
3203,131,2096,1,1,1,0,0,0,0,1,0,0,0,1,1,1,1,1,7,2,9,2,255,0,0,1,1,0x404FF0209027F887
3204,132,2112,1,1,1,0,0,0,0,1,0,0,0,1,1,1,1,1,7,2,9,2,255,0,0,1,1,0x404FF0209027F887
3205,133,2128,1,1,1,0,0,0,0,1,0,0,0,1,1,1,1,1,7,2,9,2,255,0,0,1,1,0x404FF0209027F887
3206,134,2144,1,1,1,0,0,0,0,1,0,0,0,1,1,1,1,1,7,2,9,2,255,0,0,1,1,0x404FF0209027F887
3207,135,2160,1,1,1,0,0,0,0,1,0,0,0,1,1,1,1,1,7,2,9,2,255,0,0,1,1,0x404FF0209027F887
3208,136,2176,1,1,1,0,0,0,0,1,0,0,0,1,1,1,1,1,7,2,9,2,255,0,0,1,1,0x404FF0209027F887
3209,137,2192,1,1,1,0,0,0,0,1,0,0,0,1,1,1,1,1,7,2,9,2,255,0,0,1,1,0x404FF0209027F887
3210,138,2208,1,1,1,0,0,0,0,1,0,0,0,1,1,1,1,1,7,2,9,2,255,0,0,1,1,0x404FF0209027F887
3211,139,2224,1,1,1,0,0,0,0,1,0,0,0,1,1,1,1,1,7,2,9,2,255,0,0,1,1,0x404FF0209027F887
3212,140,2240,1,1,1,0,0,0,0,1,0,0,0,1,1,1,1,1,7,2,9,2,255,0,0,1,1,0x404FF0209027F887
3213,141,2256,1,1,1,0,0,0,0,1,0,0,0,1,1,1,1,1,7,2,9,2,255,0,0,1,1,0x404FF0209027F887
3214,142,2272,1,1,1,0,0,0,0,1,0,0,0,1,1,1,1,1,7,2,9,2,255,0,0,1,1,0x404FF0209027F887
3215,143,2288,1,1,1,0,0,0,0,1,0,0,0,1,1,1,1,1,7,2,9,2,255,0,0,1,1,0x404FF0209027F887
3216,144,2304,1,1,1,0,0,0,0,1,0,0,0,1,1,1,1,1,7,2,9,2,255,0,0,1,1,0x404FF0209027F887
3217,145,2320,1,1,1,0,0,0,0,1,0,0,0,1,1,1,1,1,7,2,9,2,255,0,0,1,1,0x404FF0209027F887
3218,146,2336,1,1,1,0,0,0,0,1,0,0,0,1,1,1,1,1,7,2,9,2,255,0,0,1,1,0x404FF0209027F887
3219,147,2352,1,1,1,0,0,0,0,1,0,0,0,1,1,1,1,1,7,2,9,2,255,0,0,1,1,0x404FF0209027F887
3220,148,2368,1,1,1,0,0,0,0,1,0,0,0,1,1,1,1,1,7,2,9,2,255,0,0,1,1,0x404FF0209027F887
3221,149,2384,1,1,1,0,0,0,0,1,0,0,0,1,1,1,1,1,7,2,9,2,255,0,0,1,1,0x404FF0209027F887
3222,150,2400,1,1,1,0,0,0,0,1,0,0,0,1,1,1,1,1,7,2,9,2,255,0,0,1,1,0x404FF0209027F887
3223,151,2416,1,1,1,0,0,0,0,1,0,0,0,1,1,1,1,1,7,2,9,2,255,0,0,1,1,0x404FF0209027F887
3224,152,2432,1,1,1,0,0,0,0,1,0,0,0,1,1,1,1,1,7,2,9,2,255,0,0,1,1,0x404FF0209027F887
3225,153,2448,1,1,1,0,0,0,0,1,0,0,0,1,1,1,1,1,7,2,9,2,255,0,0,1,1,0x404FF0209027F887
3226,154,2464,1,1,1,0,0,0,0,1,0,0,0,1,1,1,1,1,7,2,9,2,255,0,0,1,1,0x404FF0209027F887
3227,155,2480,1,1,1,0,0,0,0,1,0,0,0,1,1,1,1,1,7,2,9,2,255,0,0,1,1,0x404FF0209027F887
3228,156,2496,1,1,1,0,0,0,0,1,0,0,0,1,1,1,1,1,7,2,9,2,255,0,0,1,1,0x404FF0209027F887
3229,157,2512,1,1,1,0,0,0,0,1,0,0,0,1,1,1,1,1,7,2,9,2,255,0,0,1,1,0x404FF0209027F887
3230,158,2528,1,1,1,0,0,0,0,1,0,0,0,1,1,1,1,1,7,2,9,2,255,0,0,1,1,0x404FF0209027F887
3231,159,2544,1,1,1,0,0,0,0,1,0,0,0,1,1,1,1,1,7,2,9,2,255,0,0,1,1,0x404FF0209027F887
3232,160,2560,1,1,1,0,0,0,0,1,0,0,0,1,1,1,1,1,7,2,9,2,255,0,0,1,1,0x404FF0209027F887
3233,161,2576,1,1,1,0,0,0,0,1,0,0,0,1,1,1,1,1,7,2,9,2,255,0,0,1,1,0x404FF0209027F887
3234,162,2592,1,1,1,0,0,0,0,1,0,0,0,1,1,1,1,1,7,2,9,2,255,0,0,1,1,0x404FF0209027F887
3235,163,2608,1,1,1,0,0,0,0,1,0,0,0,1,1,1,1,1,7,2,9,2,255,0,0,1,1,0x404FF0209027F887
3236,164,2624,1,1,1,0,0,0,0,1,0,0,0,1,1,1,1,1,7,2,9,2,255,0,0,1,1,0x404FF0209027F887
3237,165,2640,1,1,1,0,0,0,0,1,0,0,0,1,1,1,1,1,7,2,9,2,255,0,0,1,1,0x404FF0209027F887
3238,166,2656,1,1,1,0,0,0,0,1,0,0,0,1,1,1,1,1,7,2,9,2,255,0,0,1,1,0x404FF0209027F887
3239,167,2672,1,1,1,0,0,0,0,1,0,0,0,1,1,1,1,1,7,2,9,2,255,0,0,1,1,0x404FF0209027F887
3240,168,2688,1,1,1,0,0,0,0,1,0,0,0,1,1,1,1,1,7,2,9,2,255,0,0,1,1,0x404FF0209027F887
3241,169,2704,1,1,1,0,0,0,0,1,0,0,0,1,1,1,1,1,7,2,9,2,255,0,0,1,1,0x404FF0209027F887
3242,170,2720,1,1,1,0,0,0,0,1,0,0,0,1,1,1,1,1,7,2,9,2,255,0,0,1,1,0x404FF0209027F887
3243,171,2736,1,1,1,0,0,0,0,1,0,0,0,1,1,1,1,1,7,2,9,2,255,0,0,1,1,0x404FF0209027F887
3244,172,2752,1,1,1,0,0,0,0,1,0,0,0,1,1,1,1,1,7,2,9,2,255,0,0,1,1,0x404FF0209027F887
3245,173,2768,1,1,1,0,0,0,0,1,0,0,0,1,1,1,1,1,7,2,9,2,255,0,0,1,1,0x404FF0209027F887
3246,174,2784,1,1,1,0,0,0,0,1,0,0,0,1,1,1,1,1,7,2,9,2,255,0,0,1,1,0x404FF0209027F887
3247,175,2800,1,1,1,0,0,0,0,1,0,0,0,1,1,1,1,1,7,2,9,2,255,0,0,1,1,0x404FF0209027F887
3248,176,2816,1,1,1,0,0,0,0,1,0,0,0,1,1,1,1,1,7,2,9,2,255,0,0,1,1,0x404FF0209027F887
3249,177,2832,1,1,1,0,0,0,0,1,0,0,0,1,1,1,1,1,7,2,9,2,255,0,0,1,1,0x404FF0209027F887
3250,178,2848,1,1,1,0,0,0,0,1,0,0,0,1,1,1,1,1,7,2,9,2,255,0,0,1,1,0x404FF0209027F887
3251,179,2864,1,1,1,0,0,0,0,1,0,0,0,1,1,1,1,1,7,2,9,2,255,0,0,1,1,0x404FF0209027F887
3252,180,2880,1,1,1,0,0,0,0,1,0,0,0,1,1,1,1,1,7,2,9,2,255,0,0,1,1,0x404FF0209027F887
3253,181,2896,1,1,1,0,0,0,0,1,0,0,0,1,1,1,1,1,7,2,9,2,255,0,0,1,1,0x404FF0209027F887
3254,182,2912,1,1,1,0,0,0,0,1,0,0,0,1,1,1,1,1,7,2,9,2,255,0,0,1,1,0x404FF0209027F887
3255,183,2928,1,1,1,0,0,0,0,1,0,0,0,1,1,1,1,1,7,2,9,2,255,0,0,1,1,0x404FF0209027F887
3256,184,2944,1,1,1,0,0,0,0,1,0,0,0,1,1,1,1,1,7,2,9,2,255,0,0,1,1,0x404FF0209027F887
3257,185,2960,1,1,1,0,0,0,0,1,0,0,0,1,1,1,1,1,7,2,9,2,255,0,0,1,1,0x404FF0209027F887
3258,186,2976,1,1,1,0,0,0,0,1,0,0,0,1,1,1,1,1,7,2,9,2,255,0,0,1,1,0x404FF0209027F887
3259,187,2992,1,1,1,0,0,0,0,1,0,0,0,1,1,1,1,1,7,2,9,2,255,0,0,1,1,0x404FF0209027F887
3260,188,3008,1,1,1,0,0,0,0,1,0,0,0,1,1,1,1,1,7,2,9,2,255,0,0,1,1,0x404FF0209027F887
3261,189,3024,1,1,1,0,0,0,0,1,0,0,0,1,1,1,1,1,7,2,9,2,255,0,0,1,1,0x404FF0209027F887
3262,190,3040,1,1,1,0,0,0,0,1,0,0,0,1,1,1,1,1,7,2,9,2,255,0,0,1,1,0x404FF0209027F887
3263,191,3056,1,1,1,0,0,0,0,1,0,0,0,1,1,1,1,1,7,2,9,2,255,0,0,1,1,0x404FF0209027F887
3264,192,3072,1,1,1,0,0,0,0,1,0,0,0,1,1,1,1,1,7,2,9,2,255,0,0,1,1,0x404FF0209027F887
3265,193,3088,1,1,1,0,0,0,0,1,0,0,0,1,1,1,1,1,7,2,9,2,255,0,0,1,1,0x404FF0209027F887
3266,194,3104,1,1,1,0,0,0,0,1,0,0,0,1,1,1,1,1,7,2,9,2,255,0,0,1,1,0x404FF0209027F887
3267,195,3120,1,1,1,0,0,0,0,1,0,0,0,1,1,1,1,1,7,2,9,2,255,0,0,1,1,0x404FF0209027F887
3268,196,3136,1,1,1,0,0,0,0,1,0,0,0,1,1,1,1,1,7,2,9,2,255,0,0,1,1,0x404FF0209027F887
3269,197,3152,1,1,1,0,0,0,0,1,0,0,0,1,1,1,1,1,7,2,9,2,255,0,0,1,1,0x404FF0209027F887
3270,198,3168,1,1,1,0,0,0,0,1,0,0,0,1,1,1,1,1,7,2,9,2,255,0,0,1,1,0x404FF0209027F887
3271,199,3184,1,1,1,0,0,0,0,1,0,0,0,1,1,1,1,1,7,2,9,2,255,0,0,1,1,0x404FF0209027F887
3272,200,3200,1,1,1,0,0,0,0,1,0,0,0,1,1,1,1,1,7,2,9,2,255,0,0,1,1,0x404FF0209027F887
3273,201,3216,1,1,1,0,0,0,0,1,0,0,0,1,1,1,1,1,7,2,9,2,255,0,0,1,1,0x404FF0209027F887
3274,202,3232,1,1,1,0,0,0,0,1,0,0,0,1,1,1,1,1,7,2,9,2,255,0,0,1,1,0x404FF0209027F887
3275,203,3248,1,1,1,0,0,0,0,1,0,0,0,1,1,1,1,1,7,2,9,2,255,0,0,1,1,0x404FF0209027F887
3276,204,3264,1,1,1,0,0,0,0,1,0,0,0,1,1,1,1,1,7,2,9,2,255,0,0,1,1,0x404FF0209027F887
3277,205,3280,1,1,1,0,0,0,0,1,0,0,0,1,1,1,1,1,7,2,9,2,255,0,0,1,1,0x404FF0209027F887
3278,206,3296,1,1,1,0,0,0,0,1,0,0,0,1,1,1,1,1,7,2,9,2,255,0,0,1,1,0x404FF0209027F887
3279,207,3312,1,1,1,0,0,0,0,1,0,0,0,1,1,1,1,1,7,2,9,2,255,0,0,1,1,0x404FF0209027F887
3280,208,3328,1,1,1,0,0,0,0,1,0,0,0,1,1,1,1,1,7,2,9,2,255,0,0,1,1,0x404FF0209027F887
3281,209,3344,1,1,1,0,0,0,0,1,0,0,0,1,1,1,1,1,7,2,9,2,255,0,0,1,1,0x404FF0209027F887
3282,210,3360,1,1,1,0,0,0,0,1,0,0,0,1,1,1,1,1,7,2,9,2,255,0,0,1,1,0x404FF0209027F887
3283,211,3376,1,1,1,0,0,0,0,1,0,0,0,1,1,1,1,1,7,2,9,2,255,0,0,1,1,0x404FF0209027F887
3284,212,3392,1,1,1,0,0,0,0,1,0,0,0,1,1,1,1,1,7,2,9,2,255,0,0,1,1,0x404FF0209027F887
3285,213,3408,1,1,1,0,0,0,0,1,0,0,0,1,1,1,1,1,7,2,9,2,255,0,0,1,1,0x404FF0209027F887
3286,214,3424,1,1,1,0,0,0,0,1,0,0,0,1,1,1,1,1,7,2,9,2,255,0,0,1,1,0x404FF0209027F887
3287,215,3440,1,1,1,0,0,0,0,1,0,0,0,1,1,1,1,1,7,2,9,2,255,0,0,1,1,0x404FF0209027F887
3288,216,3456,1,1,1,0,0,0,0,1,0,0,0,1,1,1,1,1,7,2,9,2,255,0,0,1,1,0x404FF0209027F887
3289,217,3472,1,1,1,0,0,0,0,1,0,0,0,1,1,1,1,1,7,2,9,2,255,0,0,1,1,0x404FF0209027F887
3290,218,3488,1,1,1,0,0,0,0,1,0,0,0,1,1,1,1,1,7,2,9,2,255,0,0,1,1,0x404FF0209027F887
3291,219,3504,1,1,1,0,0,0,0,1,0,0,0,1,1,1,1,1,7,2,9,2,255,0,0,1,1,0x404FF0209027F887
3292,220,3520,1,1,1,0,0,0,0,1,0,0,0,1,1,1,1,1,7,2,9,2,255,0,0,1,1,0x404FF0209027F887
3293,221,3536,1,1,1,0,0,0,0,1,0,0,0,1,1,1,1,1,7,2,9,2,255,0,0,1,1,0x404FF0209027F887
3294,222,3552,1,1,1,0,0,0,0,1,0,0,0,1,1,1,1,1,7,2,9,2,255,0,0,1,1,0x404FF0209027F887
3295,223,3568,1,1,1,0,0,0,0,1,0,0,0,1,1,1,1,1,7,2,9,2,255,0,0,1,1,0x404FF0209027F887
3296,224,3584,1,1,1,0,0,0,0,1,0,0,0,1,1,1,1,1,7,2,9,2,255,0,0,1,1,0x404FF0209027F887
3297,225,3600,1,1,1,0,0,0,0,1,0,0,0,1,1,1,1,1,7,2,9,2,255,0,0,1,1,0x404FF0209027F887
3298,226,3616,1,1,1,0,0,0,0,1,0,0,0,1,1,1,1,1,7,2,9,2,255,0,0,1,1,0x404FF0209027F887
3299,227,3632,1,1,1,0,0,0,0,1,0,0,0,1,1,1,1,1,7,2,9,2,255,0,0,1,1,0x404FF0209027F887
3300,228,3648,1,1,1,0,0,0,0,1,0,0,0,1,1,1,1,1,7,2,9,2,255,0,0,1,1,0x404FF0209027F887
3301,229,3664,1,1,1,0,0,0,0,1,0,0,0,1,1,1,1,1,7,2,9,2,255,0,0,1,1,0x404FF0209027F887
3302,230,3680,1,1,1,0,0,0,0,1,0,0,0,1,1,1,1,1,7,2,9,2,255,0,0,1,1,0x404FF0209027F887
3303,231,3696,1,1,1,0,0,0,0,1,0,0,0,1,1,1,1,1,7,2,9,2,255,0,0,1,1,0x404FF0209027F887
3304,232,3712,1,1,1,0,0,0,0,1,0,0,0,1,1,1,1,1,7,2,9,2,255,0,0,1,1,0x404FF0209027F887
3305,233,3728,1,1,1,0,0,0,0,1,0,0,0,1,1,1,1,1,7,2,9,2,255,0,0,1,1,0x404FF0209027F887
3306,234,3744,1,1,1,0,0,0,0,1,0,0,0,1,1,1,1,1,7,2,9,2,255,0,0,1,1,0x404FF0209027F887
3307,235,3760,1,1,1,0,0,0,0,1,0,0,0,1,1,1,1,1,7,2,9,2,255,0,0,1,1,0x404FF0209027F887
3308,236,3776,1,1,1,0,0,0,0,1,0,0,0,1,1,1,1,1,7,2,9,2,255,0,0,1,1,0x404FF0209027F887
3309,237,3792,1,1,1,0,0,0,0,1,0,0,0,1,1,1,1,1,7,2,9,2,255,0,0,1,1,0x404FF0209027F887
3310,238,3808,1,1,1,0,0,0,0,1,0,0,0,1,1,1,1,1,7,2,9,2,255,0,0,1,1,0x404FF0209027F887
3311,239,3824,1,1,1,0,0,0,0,1,0,0,0,1,1,1,1,1,7,2,9,2,255,0,0,1,1,0x404FF0209027F887
3312,240,3840,1,1,1,0,0,0,0,1,0,0,0,1,1,1,1,1,7,2,9,2,255,0,0,1,1,0x404FF0209027F887
3313,241,3856,1,1,1,0,0,0,0,1,0,0,0,1,1,1,1,1,7,2,9,2,255,0,0,1,1,0x404FF0209027F887
3314,242,3872,1,1,1,0,0,0,0,1,0,0,0,1,1,1,1,1,7,2,9,2,255,0,0,1,1,0x404FF0209027F887
3315,243,3888,1,1,1,0,0,0,0,1,0,0,0,1,1,1,1,1,7,2,9,2,255,0,0,1,1,0x404FF0209027F887
3316,244,3904,1,1,1,0,0,0,0,1,0,0,0,1,1,1,1,1,7,2,9,2,255,0,0,1,1,0x404FF0209027F887
3317,245,3920,1,1,1,0,0,0,0,1,0,0,0,1,1,1,1,1,7,2,9,2,255,0,0,1,1,0x404FF0209027F887
3318,246,3936,1,1,1,0,0,0,0,1,0,0,0,1,1,1,1,1,7,2,9,2,255,0,0,1,1,0x404FF0209027F887
3319,247,3952,1,1,1,0,0,0,0,1,0,0,0,1,1,1,1,1,7,2,9,2,255,0,0,1,1,0x404FF0209027F887
3320,248,3968,1,1,1,0,0,0,0,1,0,0,0,1,1,1,1,1,7,2,9,2,255,0,0,1,1,0x404FF0209027F887
3321,249,3984,1,1,1,0,0,0,0,1,0,0,0,1,1,1,1,1,7,2,9,2,255,0,0,1,1,0x404FF0209027F887
3322,250,4000,1,1,1,0,0,0,0,1,0,0,0,1,1,1,1,1,7,2,9,2,255,0,0,1,1,0x404FF0209027F887
3323,251,4016,1,1,1,0,0,0,0,1,0,0,0,1,1,1,1,1,7,2,9,2,255,0,0,1,1,0x404FF0209027F887
3324,252,4032,1,1,1,0,0,0,0,1,0,0,0,1,1,1,1,1,7,2,9,2,255,0,0,1,1,0x404FF0209027F887
3325,253,4048,1,1,1,0,0,0,0,1,0,0,0,1,1,1,1,1,7,2,9,2,255,0,0,1,1,0x404FF0209027F887
3326,254,4064,1,1,1,0,0,0,0,1,0,0,0,1,1,1,1,1,7,2,9,2,255,0,0,1,1,0x404FF0209027F887
3327,255,4080,1,1,1,0,0,0,0,1,0,0,0,1,1,1,1,1,7,2,9,2,255,0,0,1,1,0x404FF0209027F887
3328,256,4096,1,1,1,0,0,0,0,1,0,0,0,1,1,1,1,1,7,2,9,2,255,0,0,1,1,0x404FF0209027F887
3329,257,4112,1,1,1,0,0,0,0,1,0,0,0,1,1,1,1,1,7,2,9,2,255,0,0,1,1,0x404FF0209027F887
3330,258,4128,1,1,1,0,0,0,0,1,0,0,0,1,1,1,1,1,7,2,9,2,255,0,0,1,1,0x404FF0209027F887
3331,259,4144,1,1,1,0,0,0,0,1,0,0,0,1,1,1,1,1,7,2,9,2,255,0,0,1,1,0x404FF0209027F887
3332,260,4160,1,1,1,0,0,0,0,1,0,0,0,1,1,1,1,1,7,2,9,2,255,0,0,1,1,0x404FF0209027F887
3333,261,4176,1,1,1,0,0,0,0,1,0,0,0,1,1,1,1,1,7,2,9,2,255,0,0,1,1,0x404FF0209027F887
3334,262,4192,1,1,1,0,0,0,0,1,0,0,0,1,1,1,1,1,7,2,9,2,255,0,0,1,1,0x404FF0209027F887
3335,263,4208,1,1,1,0,0,0,0,1,0,0,0,1,1,1,1,1,7,2,9,2,255,0,0,1,1,0x404FF0209027F887
3336,264,4224,1,1,1,0,0,0,0,1,0,0,0,1,1,1,1,1,7,2,9,2,255,0,0,1,1,0x404FF0209027F887
3337,265,4240,1,1,1,0,0,0,0,1,0,0,0,1,1,1,1,1,7,2,9,2,255,0,0,1,1,0x404FF0209027F887
3338,266,4256,1,1,1,0,0,0,0,1,0,0,0,1,1,1,1,1,7,2,9,2,255,0,0,1,1,0x404FF0209027F887
3339,267,4272,1,1,1,0,0,0,0,1,0,0,0,1,1,1,1,1,7,2,9,2,255,0,0,1,1,0x404FF0209027F887
3340,268,4288,1,1,1,0,0,0,0,1,0,0,0,1,1,1,1,1,7,2,9,2,255,0,0,1,1,0x404FF0209027F887
3341,269,4304,1,1,1,0,0,0,0,1,0,0,0,1,1,1,1,1,7,2,9,2,255,0,0,1,1,0x404FF0209027F887
3342,270,4320,1,1,1,0,0,0,0,1,0,0,0,1,1,1,1,1,7,2,9,2,255,0,0,1,1,0x404FF0209027F887
3343,271,4336,1,1,1,0,0,0,0,1,0,0,0,1,1,1,1,1,7,2,9,2,255,0,0,1,1,0x404FF0209027F887
3344,272,4352,1,1,1,0,0,0,0,1,0,0,0,1,1,1,1,1,7,2,9,2,255,0,0,1,1,0x404FF0209027F887
3345,273,4368,1,1,1,0,0,0,0,1,0,0,0,1,1,1,1,1,7,2,9,2,255,0,0,1,1,0x404FF0209027F887
3346,274,4384,1,1,1,0,0,0,0,1,0,0,0,1,1,1,1,1,7,2,9,2,255,0,0,1,1,0x404FF0209027F887
3347,275,4400,1,1,1,0,0,0,0,1,0,0,0,1,1,1,1,1,7,2,9,2,255,0,0,1,1,0x404FF0209027F887
3348,276,4416,1,1,1,0,0,0,0,1,0,0,0,1,1,1,1,1,7,2,9,2,255,0,0,1,1,0x404FF0209027F887
3349,277,4432,1,1,1,0,0,0,0,1,0,0,0,1,1,1,1,1,7,2,9,2,255,0,0,1,1,0x404FF0209027F887
3350,278,4448,1,1,1,0,0,0,0,1,0,0,0,1,1,1,1,1,7,2,9,2,255,0,0,1,1,0x404FF0209027F887
3351,279,4464,1,1,1,0,0,0,0,1,0,0,0,1,1,1,1,1,7,2,9,2,255,0,0,1,1,0x404FF0209027F887
3352,280,4480,1,1,1,0,0,0,0,1,0,0,0,1,1,1,1,1,7,2,9,2,255,0,0,1,1,0x404FF0209027F887
3353,281,4496,1,1,1,0,0,0,0,1,0,0,0,1,1,1,1,1,7,2,9,2,255,0,0,1,1,0x404FF0209027F887
3354,282,4512,1,1,1,0,0,0,0,1,0,0,0,1,1,1,1,1,7,2,9,2,255,0,0,1,1,0x404FF0209027F887
3355,283,4528,1,1,1,0,0,0,0,1,0,0,0,1,1,1,1,1,7,2,9,2,255,0,0,1,1,0x404FF0209027F887
3356,284,4544,1,1,1,0,0,0,0,1,0,0,0,1,1,1,1,1,7,2,9,2,255,0,0,1,1,0x404FF0209027F887
3357,285,4560,1,1,1,0,0,0,0,1,0,0,0,1,1,1,1,1,7,2,9,2,255,0,0,1,1,0x404FF0209027F887
3358,286,4576,1,1,1,0,0,0,0,1,0,0,0,1,1,1,1,1,7,2,9,2,255,0,0,1,1,0x404FF0209027F887
3359,287,4592,1,1,1,0,0,0,0,1,0,0,0,1,1,1,1,1,7,2,9,2,255,0,0,1,1,0x404FF0209027F887
3360,288,4608,1,1,1,0,0,0,0,1,0,0,0,1,1,1,1,1,7,2,9,2,255,0,0,1,1,0x404FF0209027F887
3361,289,4624,1,1,1,0,0,0,0,1,0,0,0,1,1,1,1,1,7,2,9,2,255,0,0,1,1,0x404FF0209027F887
3362,290,4640,1,1,1,0,0,0,0,1,0,0,0,1,1,1,1,1,7,2,9,2,255,0,0,1,1,0x404FF0209027F887
3363,291,4656,1,1,1,0,0,0,0,1,0,0,0,1,1,1,1,1,7,2,9,2,255,0,0,1,1,0x404FF0209027F887
3364,292,4672,1,1,1,0,0,0,0,1,0,0,0,1,1,1,1,1,7,2,9,2,255,0,0,1,1,0x404FF0209027F887
3365,293,4688,1,1,1,0,0,0,0,1,0,0,0,1,1,1,1,1,7,2,9,2,255,0,0,1,1,0x404FF0209027F887
3366,294,4704,1,1,1,0,0,0,0,1,0,0,0,1,1,1,1,1,7,2,9,2,255,0,0,1,1,0x404FF0209027F887
3367,295,4720,1,1,1,0,0,0,0,1,0,0,0,1,1,1,1,1,7,2,9,2,255,0,0,1,1,0x404FF0209027F887
3368,296,4736,1,1,1,0,0,0,0,1,0,0,0,1,1,1,1,1,7,2,9,2,255,0,0,1,1,0x404FF0209027F887
3369,297,4752,1,1,1,0,0,0,0,1,0,0,0,1,1,1,1,1,7,2,9,2,255,0,0,1,1,0x404FF0209027F887
3370,298,4768,1,1,1,0,0,0,0,1,0,0,0,1,1,1,1,1,7,2,9,2,255,0,0,1,1,0x404FF0209027F887
3371,299,4784,1,1,1,0,0,0,0,1,0,0,0,1,1,1,1,1,7,2,9,2,255,0,0,1,1,0x404FF0209027F887
3372,300,4800,1,1,1,0,0,0,0,1,0,0,0,1,1,1,1,1,7,2,9,2,255,0,0,1,1,0x404FF0209027F887
3373,301,4816,1,1,1,0,0,0,0,1,0,0,0,1,1,1,1,1,7,2,9,2,255,0,0,1,1,0x404FF0209027F887
3374,302,4832,1,1,1,0,0,0,0,1,0,0,0,1,1,1,1,1,7,2,9,2,255,0,0,1,1,0x404FF0209027F887
3375,303,4848,1,1,1,0,0,0,0,1,0,0,0,1,1,1,1,1,7,2,9,2,255,0,0,1,1,0x404FF0209027F887
3376,304,4864,1,1,1,0,0,0,0,1,0,0,0,1,1,1,1,1,7,2,9,2,255,0,0,1,1,0x404FF0209027F887
3377,305,4880,1,1,1,0,0,0,0,1,0,0,0,1,1,1,1,1,7,2,9,2,255,0,0,1,1,0x404FF0209027F887
3378,306,4896,1,1,1,0,0,0,0,1,0,0,0,1,1,1,1,1,7,2,9,2,255,0,0,1,1,0x404FF0209027F887
3379,307,4912,1,1,1,0,0,0,0,1,0,0,0,1,1,1,1,1,7,2,9,2,255,0,0,1,1,0x404FF0209027F887
3380,308,4928,1,1,1,0,0,0,0,1,0,0,0,1,1,1,1,1,7,2,9,2,255,0,0,1,1,0x404FF0209027F887
3381,309,4944,1,1,1,0,0,0,0,1,0,0,0,1,1,1,1,1,7,2,9,2,255,0,0,1,1,0x404FF0209027F887
3382,310,4960,1,1,1,0,0,0,0,1,0,0,0,1,1,1,1,1,7,2,9,2,255,0,0,1,1,0x404FF0209027F887
3383,311,4976,1,1,1,0,0,0,0,1,0,0,0,1,1,1,1,1,7,2,9,2,255,0,0,1,1,0x404FF0209027F887
3384,312,4992,1,1,1,0,0,0,0,1,0,0,0,1,1,1,1,1,7,2,9,2,255,0,0,1,1,0x404FF0209027F887
3385,313,5008,1,1,1,0,0,0,0,1,0,0,0,1,1,1,1,1,7,2,9,2,255,0,0,1,1,0x404FF0209027F887
3386,314,5024,1,1,1,0,0,0,0,1,0,0,0,1,1,1,1,1,7,2,9,2,255,0,0,1,1,0x404FF0209027F887
3387,315,5040,1,1,1,0,0,0,0,1,0,0,0,1,1,1,1,1,7,2,9,2,255,0,0,1,1,0x404FF0209027F887
3388,316,5056,1,1,1,0,0,0,0,1,0,0,0,1,1,1,1,1,7,2,9,2,255,0,0,1,1,0x404FF0209027F887
3389,317,5072,1,1,1,0,0,0,0,1,0,0,0,1,1,1,1,1,7,2,9,2,255,0,0,1,1,0x404FF0209027F887
3390,318,5088,1,1,1,0,0,0,0,1,0,0,0,1,1,1,1,1,7,2,9,2,255,0,0,1,1,0x404FF0209027F887
3391,319,5104,1,1,1,0,0,0,0,1,0,0,0,1,1,1,1,1,7,2,9,2,255,0,0,1,1,0x404FF0209027F887
3392,320,5120,1,1,1,0,0,0,0,1,0,0,0,1,1,1,1,1,7,2,9,2,255,0,0,1,1,0x404FF0209027F887
3393,321,5136,1,1,1,0,0,0,0,1,0,0,0,1,1,1,1,1,7,2,9,2,255,0,0,1,1,0x404FF0209027F887
3394,322,5152,1,1,1,0,0,0,0,1,0,0,0,1,1,1,1,1,7,2,9,2,255,0,0,1,1,0x404FF0209027F887
3395,323,5168,1,1,1,0,0,0,0,1,0,0,0,1,1,1,1,1,7,2,9,2,255,0,0,1,1,0x404FF0209027F887
3396,324,5184,1,1,1,0,0,0,0,1,0,0,0,1,1,1,1,1,7,2,9,2,255,0,0,1,1,0x404FF0209027F887
3397,325,5200,1,1,1,0,0,0,0,1,0,0,0,1,1,1,1,1,7,2,9,2,255,0,0,1,1,0x404FF0209027F887
3398,326,5216,1,1,1,0,0,0,0,1,0,0,0,1,1,1,1,1,7,2,9,2,255,0,0,1,1,0x404FF0209027F887
3399,327,5232,1,1,1,0,0,0,0,1,0,0,0,1,1,1,1,1,7,2,9,2,255,0,0,1,1,0x404FF0209027F887
3400,328,5248,1,1,1,0,0,0,0,1,0,0,0,1,1,1,1,1,7,2,9,2,255,0,0,1,1,0x404FF0209027F887
3401,329,5264,1,1,1,0,0,0,0,1,0,0,0,1,1,1,1,1,7,2,9,2,255,0,0,1,1,0x404FF0209027F887
3402,330,5280,1,1,1,0,0,0,0,1,0,0,0,1,1,1,1,1,7,2,9,2,255,0,0,1,1,0x404FF0209027F887
3403,331,5296,1,1,1,0,0,0,0,1,0,0,0,1,1,1,1,1,7,2,9,2,255,0,0,1,1,0x404FF0209027F887
3404,332,5312,1,1,1,0,0,0,0,1,0,0,0,1,1,1,1,1,7,2,9,2,255,0,0,1,1,0x404FF0209027F887
3405,333,5328,1,1,1,0,0,0,0,1,0,0,0,1,1,1,1,1,7,2,9,2,255,0,0,1,1,0x404FF0209027F887
3406,334,5344,1,1,1,0,0,0,0,1,0,0,0,1,1,1,1,1,7,2,9,2,255,0,0,1,1,0x404FF0209027F887
3407,335,5360,1,1,1,0,0,0,0,1,0,0,0,1,1,1,1,1,7,2,9,2,255,0,0,1,1,0x404FF0209027F887
3408,336,5376,1,1,1,0,0,0,0,1,0,0,0,1,1,1,1,1,7,2,9,2,255,0,0,1,1,0x404FF0209027F887
3409,337,5392,1,1,1,0,0,0,0,1,0,0,0,1,1,1,1,1,7,2,9,2,255,0,0,1,1,0x404FF0209027F887
3410,338,5408,1,1,1,0,0,0,0,1,0,0,0,1,1,1,1,1,7,2,9,2,255,0,0,1,1,0x404FF0209027F887
3411,339,5424,1,1,1,0,0,0,0,1,0,0,0,1,1,1,1,1,7,2,9,2,255,0,0,1,1,0x404FF0209027F887
3412,340,5440,1,1,1,0,0,0,0,1,0,0,0,1,1,1,1,1,7,2,9,2,255,0,0,1,1,0x404FF0209027F887
3413,341,5456,1,1,1,0,0,0,0,1,0,0,0,1,1,1,1,1,7,2,9,2,255,0,0,1,1,0x404FF0209027F887
3414,342,5472,1,1,1,0,0,0,0,1,0,0,0,1,1,1,1,1,7,2,9,2,255,0,0,1,1,0x404FF0209027F887
3415,343,5488,1,1,1,0,0,0,0,1,0,0,0,1,1,1,1,1,7,2,9,2,255,0,0,1,1,0x404FF0209027F887
3416,344,5504,1,1,1,0,0,0,0,1,0,0,0,1,1,1,1,1,7,2,9,2,255,0,0,1,1,0x404FF0209027F887
3417,345,5520,1,1,1,0,0,0,0,1,0,0,0,1,1,1,1,1,7,2,9,2,255,0,0,1,1,0x404FF0209027F887
3418,346,5536,1,1,1,0,0,0,0,1,0,0,0,1,1,1,1,1,7,2,9,2,255,0,0,1,1,0x404FF0209027F887
3419,347,5552,1,1,1,0,0,0,0,1,0,0,0,1,1,1,1,1,7,2,9,2,255,0,0,1,1,0x404FF0209027F887
3420,348,5568,1,1,1,0,0,0,0,1,0,0,0,1,1,1,1,1,7,2,9,2,255,0,0,1,1,0x404FF0209027F887
3421,349,5584,1,1,1,0,0,0,0,1,0,0,0,1,1,1,1,1,7,2,9,2,255,0,0,1,1,0x404FF0209027F887
3422,350,5600,1,1,1,0,0,0,0,1,0,0,0,1,1,1,1,1,7,2,9,2,255,0,0,1,1,0x404FF0209027F887
3423,351,5616,1,1,1,0,0,0,0,1,0,0,0,1,1,1,1,1,7,2,9,2,255,0,0,1,1,0x404FF0209027F887
3424,352,5632,1,1,1,0,0,0,0,1,0,0,0,1,1,1,1,1,7,2,9,2,255,0,0,1,1,0x404FF0209027F887
3425,353,5648,1,1,1,0,0,0,0,1,0,0,0,1,1,1,1,1,7,2,9,2,255,0,0,1,1,0x404FF0209027F887
3426,354,5664,1,1,1,0,0,0,0,1,0,0,0,1,1,1,1,1,7,2,9,2,255,0,0,1,1,0x404FF0209027F887
3427,355,5680,1,1,1,0,0,0,0,1,0,0,0,1,1,1,1,1,7,2,9,2,255,0,0,1,1,0x404FF0209027F887
3428,356,5696,1,1,1,0,0,0,0,1,0,0,0,1,1,1,1,1,7,2,9,2,255,0,0,1,1,0x404FF0209027F887
3429,357,5712,1,1,1,0,0,0,0,1,0,0,0,1,1,1,1,1,7,2,9,2,255,0,0,1,1,0x404FF0209027F887
3430,358,5728,1,1,1,0,0,0,0,1,0,0,0,1,1,1,1,1,7,2,9,2,255,0,0,1,1,0x404FF0209027F887
3431,359,5744,1,1,1,0,0,0,0,1,0,0,0,1,1,1,1,1,7,2,9,2,255,0,0,1,1,0x404FF0209027F887
3432,360,5760,1,1,1,0,0,0,0,1,0,0,0,1,1,1,1,1,7,2,9,2,255,0,0,1,1,0x404FF0209027F887
3433,361,5776,1,1,1,0,0,0,0,1,0,0,0,1,1,1,1,1,7,2,9,2,255,0,0,1,1,0x404FF0209027F887
3434,362,5792,1,1,1,0,0,0,0,1,0,0,0,1,1,1,1,1,7,2,9,2,255,0,0,1,1,0x404FF0209027F887
3435,363,5808,1,1,1,0,0,0,0,1,0,0,0,1,1,1,1,1,7,2,9,2,255,0,0,1,1,0x404FF0209027F887
3436,364,5824,1,1,1,0,0,0,0,1,0,0,0,1,1,1,1,1,7,2,9,2,255,0,0,1,1,0x404FF0209027F887
3437,365,5840,1,1,1,0,0,0,0,1,0,0,0,1,1,1,1,1,7,2,9,2,255,0,0,1,1,0x404FF0209027F887
3438,366,5856,1,1,1,0,0,0,0,1,0,0,0,1,1,1,1,1,7,2,9,2,255,0,0,1,1,0x404FF0209027F887
3439,367,5872,1,1,1,0,0,0,0,1,0,0,0,1,1,1,1,1,7,2,9,2,255,0,0,1,1,0x404FF0209027F887
3440,368,5888,1,1,1,0,0,0,0,1,0,0,0,1,1,1,1,1,7,2,9,2,255,0,0,1,1,0x404FF0209027F887
3441,369,5904,1,1,1,0,0,0,0,1,0,0,0,1,1,1,1,1,7,2,9,2,255,0,0,1,1,0x404FF0209027F887
3442,370,5920,1,1,1,0,0,0,0,1,0,0,0,1,1,1,1,1,7,2,9,2,255,0,0,1,1,0x404FF0209027F887
3443,371,5936,1,1,1,0,0,0,0,1,0,0,0,1,1,1,1,1,7,2,9,2,255,0,0,1,1,0x404FF0209027F887
3444,372,5952,1,1,1,0,0,0,0,1,0,0,0,1,1,1,1,1,7,2,9,2,255,0,0,1,1,0x404FF0209027F887
3445,373,5968,1,1,1,0,0,0,0,1,0,0,0,1,1,1,1,1,7,2,9,2,255,0,0,1,1,0x404FF0209027F887
3446,374,5984,1,1,1,0,0,0,0,1,0,0,0,1,1,1,1,1,7,2,9,2,255,0,0,1,1,0x404FF0209027F887
3447,375,6000,1,1,1,0,0,0,0,1,0,0,0,1,1,1,1,1,7,2,9,2,255,0,0,1,1,0x404FF0209027F887
3448,376,6016,1,1,1,0,0,0,0,1,0,0,0,1,1,1,1,1,7,2,9,2,255,0,0,1,1,0x404FF0209027F887
3449,377,6032,1,1,1,0,0,0,0,1,0,0,0,1,1,1,1,1,7,2,9,2,255,0,0,1,1,0x404FF0209027F887
3450,378,6048,1,1,1,0,0,0,0,1,0,0,0,1,1,1,1,1,7,2,9,2,255,0,0,1,1,0x404FF0209027F887
3451,379,6064,1,1,1,0,0,0,0,1,0,0,0,1,1,1,1,1,7,2,9,2,255,0,0,1,1,0x404FF0209027F887
3452,380,6080,1,1,1,0,0,0,0,1,0,0,0,1,1,1,1,1,7,2,9,2,255,0,0,1,1,0x404FF0209027F887
3453,381,6096,1,1,1,0,0,0,0,1,0,0,0,1,1,1,1,1,7,2,9,2,255,0,0,1,1,0x404FF0209027F887
3454,382,6112,1,1,1,0,0,0,0,1,0,0,0,1,1,1,1,1,7,2,9,2,255,0,0,1,1,0x404FF0209027F887
3455,383,6128,1,1,1,0,0,0,0,1,0,0,0,1,1,1,1,1,7,2,9,2,255,0,0,1,1,0x404FF0209027F887
3456,384,6144,1,1,1,0,0,0,0,1,0,0,0,1,1,1,1,1,7,2,9,2,255,0,0,1,1,0x404FF0209027F887
3457,385,6160,1,1,1,0,0,0,0,1,0,0,0,1,1,1,1,1,7,2,9,2,255,0,0,1,1,0x404FF0209027F887
3458,386,6176,1,1,1,0,0,0,0,1,0,0,0,1,1,1,1,1,7,2,9,2,255,0,0,1,1,0x404FF0209027F887
3459,387,6192,1,1,1,0,0,0,0,1,0,0,0,1,1,1,1,1,7,2,9,2,255,0,0,1,1,0x404FF0209027F887
3460,388,6208,1,1,1,0,0,0,0,1,0,0,0,1,1,1,1,1,7,2,9,2,255,0,0,1,1,0x404FF0209027F887
3461,389,6224,1,1,1,0,0,0,0,1,0,0,0,1,1,1,1,1,7,2,9,2,255,0,0,1,1,0x404FF0209027F887
3462,390,6240,1,1,1,0,0,0,0,1,0,0,0,1,1,1,1,1,7,2,9,2,255,0,0,1,1,0x404FF0209027F887
3463,391,6256,1,1,1,0,0,0,0,1,0,0,0,1,1,1,1,1,7,2,9,2,255,0,0,1,1,0x404FF0209027F887
3464,392,6272,1,1,1,0,0,0,0,1,0,0,0,1,1,1,1,1,7,2,9,2,255,0,0,1,1,0x404FF0209027F887
3465,393,6288,1,1,1,0,0,0,0,1,0,0,0,1,1,1,1,1,7,2,9,2,255,0,0,1,1,0x404FF0209027F887
3466,394,6304,1,1,1,0,0,0,0,1,0,0,0,1,1,1,1,1,7,2,9,2,255,0,0,1,1,0x404FF0209027F887
3467,395,6320,1,1,1,0,0,0,0,1,0,0,0,1,1,1,1,1,7,2,9,2,255,0,0,1,1,0x404FF0209027F887
3468,396,6336,1,1,1,0,0,0,0,1,0,0,0,1,1,1,1,1,7,2,9,2,255,0,0,1,1,0x404FF0209027F887
3469,397,6352,1,1,1,0,0,0,0,1,0,0,0,1,1,1,1,1,7,2,9,2,255,0,0,1,1,0x404FF0209027F887
3470,398,6368,1,1,1,0,0,0,0,1,0,0,0,1,1,1,1,1,7,2,9,2,255,0,0,1,1,0x404FF0209027F887
3471,399,6384,1,1,1,0,0,0,0,1,0,0,0,1,1,1,1,1,7,2,9,2,255,0,0,1,1,0x404FF0209027F887
3472,400,6400,1,1,1,0,0,0,0,1,0,0,0,1,1,1,1,1,7,2,9,2,255,0,0,1,1,0x404FF0209027F887
3473,401,6416,1,1,1,0,0,0,0,1,0,0,0,1,1,1,1,1,7,2,9,2,255,0,0,1,1,0x404FF0209027F887
3474,402,6432,1,1,1,0,0,0,0,1,0,0,0,1,1,1,1,1,7,2,9,2,255,0,0,1,1,0x404FF0209027F887
3475,403,6448,1,1,1,0,0,0,0,1,0,0,0,1,1,1,1,1,7,2,9,2,255,0,0,1,1,0x404FF0209027F887
3476,404,6464,1,1,1,0,0,0,0,1,0,0,0,1,1,1,1,1,7,2,9,2,255,0,0,1,1,0x404FF0209027F887
3477,405,6480,1,1,1,0,0,0,0,1,0,0,0,1,1,1,1,1,7,2,9,2,255,0,0,1,1,0x404FF0209027F887
3478,406,6496,1,1,1,0,0,0,0,1,0,0,0,1,1,1,1,1,7,2,9,2,255,0,0,1,1,0x404FF0209027F887
3479,407,6512,1,1,1,0,0,0,0,1,0,0,0,1,1,1,1,1,7,2,9,2,255,0,0,1,1,0x404FF0209027F887
3480,408,6528,1,1,1,0,0,0,0,1,0,0,0,1,1,1,1,1,7,2,9,2,255,0,0,1,1,0x404FF0209027F887
3481,409,6544,1,1,1,0,0,0,0,1,0,0,0,1,1,1,1,1,7,2,9,2,255,0,0,1,1,0x404FF0209027F887
3482,410,6560,1,1,1,0,0,0,0,1,0,0,0,1,1,1,1,1,7,2,9,2,255,0,0,1,1,0x404FF0209027F887
3483,411,6576,1,1,1,0,0,0,0,1,0,0,0,1,1,1,1,1,7,2,9,2,255,0,0,1,1,0x404FF0209027F887
3484,412,6592,1,1,1,0,0,0,0,1,0,0,0,1,1,1,1,1,7,2,9,2,255,0,0,1,1,0x404FF0209027F887
3485,413,6608,1,1,1,0,0,0,0,1,0,0,0,1,1,1,1,1,7,2,9,2,255,0,0,1,1,0x404FF0209027F887
3486,414,6624,1,1,1,0,0,0,0,1,0,0,0,1,1,1,1,1,7,2,9,2,255,0,0,1,1,0x404FF0209027F887
3487,415,6640,1,1,1,0,0,0,0,1,0,0,0,1,1,1,1,1,7,2,9,2,255,0,0,1,1,0x404FF0209027F887
3488,416,6656,1,1,1,0,0,0,0,1,0,0,0,1,1,1,1,1,7,2,9,2,255,0,0,1,1,0x404FF0209027F887
3489,417,6672,1,1,1,0,0,0,0,1,0,0,0,1,1,1,1,1,7,2,9,2,255,0,0,1,1,0x404FF0209027F887
3490,418,6688,1,1,1,0,0,0,0,1,0,0,0,1,1,1,1,1,7,2,9,2,255,0,0,1,1,0x404FF0209027F887
3491,419,6704,1,1,1,0,0,0,0,1,0,0,0,1,1,1,1,1,7,2,9,2,255,0,0,1,1,0x404FF0209027F887
3492,420,6720,1,1,1,0,0,0,0,1,0,0,0,1,1,1,1,1,7,2,9,2,255,0,0,1,1,0x404FF0209027F887
3493,421,6736,1,1,1,0,0,0,0,1,0,0,0,1,1,1,1,1,7,2,9,2,255,0,0,1,1,0x404FF0209027F887
3494,422,6752,1,1,1,0,0,0,0,1,0,0,0,1,1,1,1,1,7,2,9,2,255,0,0,1,1,0x404FF0209027F887
3495,423,6768,1,1,1,0,0,0,0,1,0,0,0,1,1,1,1,1,7,2,9,2,255,0,0,1,1,0x404FF0209027F887
3496,424,6784,1,1,1,0,0,0,0,1,0,0,0,1,1,1,1,1,7,2,9,2,255,0,0,1,1,0x404FF0209027F887
3497,425,6800,1,1,1,0,0,0,0,1,0,0,0,1,1,1,1,1,7,2,9,2,255,0,0,1,1,0x404FF0209027F887
3498,426,6816,1,1,1,0,0,0,0,1,0,0,0,1,1,1,1,1,7,2,9,2,255,0,0,1,1,0x404FF0209027F887
3499,427,6832,1,1,1,0,0,0,0,1,0,0,0,1,1,1,1,1,7,2,9,2,255,0,0,1,1,0x404FF0209027F887
3500,428,6848,1,1,1,0,0,0,0,1,0,0,0,1,1,1,1,1,7,2,9,2,255,0,0,1,1,0x404FF0209027F887
3501,429,6864,1,1,1,0,0,0,0,1,0,0,0,1,1,1,1,1,7,2,9,2,255,0,0,1,1,0x404FF0209027F887
3502,430,6880,1,1,1,0,0,0,0,1,0,0,0,1,1,1,1,1,7,2,9,2,255,0,0,1,1,0x404FF0209027F887
3503,431,6896,1,1,1,0,0,0,0,1,0,0,0,1,1,1,1,1,7,2,9,2,255,0,0,1,1,0x404FF0209027F887
3504,432,6912,1,1,1,0,0,0,0,1,0,0,0,1,1,1,1,1,7,2,9,2,255,0,0,1,1,0x404FF0209027F887
3505,433,6928,1,1,1,0,0,0,0,1,0,0,0,1,1,1,1,1,7,2,9,2,255,0,0,1,1,0x404FF0209027F887
3506,434,6944,1,1,1,0,0,0,0,1,0,0,0,1,1,1,1,1,7,2,9,2,255,0,0,1,1,0x404FF0209027F887
3507,435,6960,1,1,1,0,0,0,0,1,0,0,0,1,1,1,1,1,7,2,9,2,255,0,0,1,1,0x404FF0209027F887
3508,436,6976,1,1,1,0,0,0,0,1,0,0,0,1,1,1,1,1,7,2,9,2,255,0,0,1,1,0x404FF0209027F887
3509,437,6992,1,1,1,0,0,0,0,1,0,0,0,1,1,1,1,1,7,2,9,2,255,0,0,1,1,0x404FF0209027F887
3510,438,7008,1,1,1,0,0,0,0,1,0,0,0,1,1,1,1,1,7,2,9,2,255,0,0,1,1,0x404FF0209027F887
3511,439,7024,1,1,1,0,0,0,0,1,0,0,0,1,1,1,1,1,7,2,9,2,255,0,0,1,1,0x404FF0209027F887
3512,440,7040,1,1,1,0,0,0,0,1,0,0,0,1,1,1,1,1,7,2,9,2,255,0,0,1,1,0x404FF0209027F887
3513,441,7056,1,1,1,0,0,0,0,1,0,0,0,1,1,1,1,1,7,2,9,2,255,0,0,1,1,0x404FF0209027F887
3514,442,7072,1,1,1,0,0,0,0,1,0,0,0,1,1,1,1,1,7,2,9,2,255,0,0,1,1,0x404FF0209027F887
3515,443,7088,1,1,1,0,0,0,0,1,0,0,0,1,1,1,1,1,7,2,9,2,255,0,0,1,1,0x404FF0209027F887
3516,444,7104,1,1,1,0,0,0,0,1,0,0,0,1,1,1,1,1,7,2,9,2,255,0,0,1,1,0x404FF0209027F887
3517,445,7120,1,1,1,0,0,0,0,1,0,0,0,1,1,1,1,1,7,2,9,2,255,0,0,1,1,0x404FF0209027F887
3518,446,7136,1,1,1,0,0,0,0,1,0,0,0,1,1,1,1,1,7,2,9,2,255,0,0,1,1,0x404FF0209027F887
3519,447,7152,1,1,1,0,0,0,0,1,0,0,0,1,1,1,1,1,7,2,9,2,255,0,0,1,1,0x404FF0209027F887
3520,448,7168,1,1,1,0,0,0,0,1,0,0,0,1,1,1,1,1,7,2,9,2,255,0,0,1,1,0x404FF0209027F887
3521,449,7184,1,1,1,0,0,0,0,1,0,0,0,1,1,1,1,1,7,2,9,2,255,0,0,1,1,0x404FF0209027F887
3522,450,7200,1,1,1,0,0,0,0,1,0,0,0,1,1,1,1,1,7,2,9,2,255,0,0,1,1,0x404FF0209027F887
3523,451,7216,1,1,1,0,0,0,0,1,0,0,0,1,1,1,1,1,7,2,9,2,255,0,0,1,1,0x404FF0209027F887
3524,452,7232,1,1,1,0,0,0,0,1,0,0,0,1,1,1,1,1,7,2,9,2,255,0,0,1,1,0x404FF0209027F887
3525,453,7248,1,1,1,0,0,0,0,1,0,0,0,1,1,1,1,1,7,2,9,2,255,0,0,1,1,0x404FF0209027F887
3526,454,7264,1,1,1,0,0,0,0,1,0,0,0,1,1,1,1,1,7,2,9,2,255,0,0,1,1,0x404FF0209027F887
3527,455,7280,1,1,1,0,0,0,0,1,0,0,0,1,1,1,1,1,7,2,9,2,255,0,0,1,1,0x404FF0209027F887
3528,456,7296,1,1,1,0,0,0,0,1,0,0,0,1,1,1,1,1,7,2,9,2,255,0,0,1,1,0x404FF0209027F887
3529,457,7312,1,1,1,0,0,0,0,1,0,0,0,1,1,1,1,1,7,2,9,2,255,0,0,1,1,0x404FF0209027F887
3530,458,7328,1,1,1,0,0,0,0,1,0,0,0,1,1,1,1,1,7,2,9,2,255,0,0,1,1,0x404FF0209027F887
3531,459,7344,1,1,1,0,0,0,0,1,0,0,0,1,1,1,1,1,7,2,9,2,255,0,0,1,1,0x404FF0209027F887
3532,460,7360,1,1,1,0,0,0,0,1,0,0,0,1,1,1,1,1,7,2,9,2,255,0,0,1,1,0x404FF0209027F887
3533,461,7376,1,1,1,0,0,0,0,1,0,0,0,1,1,1,1,1,7,2,9,2,255,0,0,1,1,0x404FF0209027F887
3534,462,7392,1,1,1,0,0,0,0,1,0,0,0,1,1,1,1,1,7,2,9,2,255,0,0,1,1,0x404FF0209027F887
3535,463,7408,1,1,1,0,0,0,0,1,0,0,0,1,1,1,1,1,7,2,9,2,255,0,0,1,1,0x404FF0209027F887
3536,464,7424,1,1,1,0,0,0,0,1,0,0,0,1,1,1,1,1,7,2,9,2,255,0,0,1,1,0x404FF0209027F887
3537,465,7440,1,1,1,0,0,0,0,1,0,0,0,1,1,1,1,1,7,2,9,2,255,0,0,1,1,0x404FF0209027F887
3538,466,7456,1,1,1,0,0,0,0,1,0,0,0,1,1,1,1,1,7,2,9,2,255,0,0,1,1,0x404FF0209027F887
3539,467,7472,1,1,1,0,0,0,0,1,0,0,0,1,1,1,1,1,7,2,9,2,255,0,0,1,1,0x404FF0209027F887
3540,468,7488,1,1,1,0,0,0,0,1,0,0,0,1,1,1,1,1,7,2,9,2,255,0,0,1,1,0x404FF0209027F887
3541,469,7504,1,1,1,0,0,0,0,1,0,0,0,1,1,1,1,1,7,2,9,2,255,0,0,1,1,0x404FF0209027F887
3542,470,7520,1,1,1,0,0,0,0,1,0,0,0,1,1,1,1,1,7,2,9,2,255,0,0,1,1,0x404FF0209027F887
3543,471,7536,1,1,1,0,0,0,0,1,0,0,0,1,1,1,1,1,7,2,9,2,255,0,0,1,1,0x404FF0209027F887
3544,472,7552,1,1,1,0,0,0,0,1,0,0,0,1,1,1,1,1,7,2,9,2,255,0,0,1,1,0x404FF0209027F887
3545,473,7568,1,1,1,0,0,0,0,1,0,0,0,1,1,1,1,1,7,2,9,2,255,0,0,1,1,0x404FF0209027F887
3546,474,7584,1,1,1,0,0,0,0,1,0,0,0,1,1,1,1,1,7,2,9,2,255,0,0,1,1,0x404FF0209027F887
3547,475,7600,1,1,1,0,0,0,0,1,0,0,0,1,1,1,1,1,7,2,9,2,255,0,0,1,1,0x404FF0209027F887
3548,476,7616,1,1,1,0,0,0,0,1,0,0,0,1,1,1,1,1,7,2,9,2,255,0,0,1,1,0x404FF0209027F887
3549,477,7632,1,1,1,0,0,0,0,1,0,0,0,1,1,1,1,1,7,2,9,2,255,0,0,1,1,0x404FF0209027F887
3550,478,7648,1,1,1,0,0,0,0,1,0,0,0,1,1,1,1,1,7,2,9,2,255,0,0,1,1,0x404FF0209027F887
3551,479,7664,1,1,1,0,0,0,0,1,0,0,0,1,1,1,1,1,7,2,9,2,255,0,0,1,1,0x404FF0209027F887
3552,480,7680,1,1,1,0,0,0,0,1,0,0,0,1,1,1,1,1,7,2,9,2,255,0,0,1,1,0x404FF0209027F887
3553,481,7696,1,1,1,0,0,0,0,1,0,0,0,1,1,1,1,1,7,2,9,2,255,0,0,1,1,0x404FF0209027F887
3554,482,7712,1,1,1,0,0,0,0,1,0,0,0,1,1,1,1,1,7,2,9,2,255,0,0,1,1,0x404FF0209027F887
3555,483,7728,1,1,1,0,0,0,0,1,0,0,0,1,1,1,1,1,7,2,9,2,255,0,0,1,1,0x404FF0209027F887
3556,484,7744,1,1,1,0,0,0,0,1,0,0,0,1,1,1,1,1,7,2,9,2,255,0,0,1,1,0x404FF0209027F887
3557,485,7760,1,1,1,0,0,0,0,1,0,0,0,1,1,1,1,1,7,2,9,2,255,0,0,1,1,0x404FF0209027F887
3558,486,7776,1,1,1,0,0,0,0,1,0,0,0,1,1,1,1,1,7,2,9,2,255,0,0,1,1,0x404FF0209027F887
3559,487,7792,1,1,1,0,0,0,0,1,0,0,0,1,1,1,1,1,7,2,9,2,255,0,0,1,1,0x404FF0209027F887
3560,488,7808,1,1,1,0,0,0,0,1,0,0,0,1,1,1,1,1,7,2,9,2,255,0,0,1,1,0x404FF0209027F887
3561,489,7824,1,1,1,0,0,0,0,1,0,0,0,1,1,1,1,1,7,2,9,2,255,0,0,1,1,0x404FF0209027F887
3562,490,7840,1,1,1,0,0,0,0,1,0,0,0,1,1,1,1,1,7,2,9,2,255,0,0,1,1,0x404FF0209027F887
3563,491,7856,1,1,1,0,0,0,0,1,0,0,0,1,1,1,1,1,7,2,9,2,255,0,0,1,1,0x404FF0209027F887
3564,492,7872,1,1,1,0,0,0,0,1,0,0,0,1,1,1,1,1,7,2,9,2,255,0,0,1,1,0x404FF0209027F887
3565,493,7888,1,1,1,0,0,0,0,1,0,0,0,1,1,1,1,1,7,2,9,2,255,0,0,1,1,0x404FF0209027F887
3566,494,7904,1,1,1,0,0,0,0,1,0,0,0,1,1,1,1,1,7,2,9,2,255,0,0,1,1,0x404FF0209027F887
3567,495,7920,1,1,1,0,0,0,0,1,0,0,0,1,1,1,1,1,7,2,9,2,255,0,0,1,1,0x404FF0209027F887
3568,496,7936,1,1,1,0,0,0,0,1,0,0,0,1,1,1,1,1,7,2,9,2,255,0,0,1,1,0x404FF0209027F887
3569,497,7952,1,1,1,0,0,0,0,1,0,0,0,1,1,1,1,1,7,2,9,2,255,0,0,1,1,0x404FF0209027F887
3570,498,7968,1,1,1,0,0,0,0,1,0,0,0,1,1,1,1,1,7,2,9,2,255,0,0,1,1,0x404FF0209027F887
3571,499,7984,1,1,1,0,0,0,0,1,0,0,0,1,1,1,1,1,7,2,9,2,255,0,0,1,1,0x404FF0209027F887
3572,500,8000,1,1,1,0,0,0,0,1,0,0,0,1,1,1,1,1,7,2,9,2,255,0,0,1,1,0x404FF0209027F887
3573,501,8016,1,1,1,0,0,0,0,1,0,0,0,1,1,1,1,1,7,2,9,2,255,0,0,1,1,0x404FF0209027F887
3574,502,8032,1,1,1,0,0,0,0,1,0,0,0,1,1,1,1,1,7,2,9,2,255,0,0,1,1,0x404FF0209027F887
3575,503,8048,1,1,1,0,0,0,0,1,0,0,0,1,1,1,1,1,7,2,9,2,255,0,0,1,1,0x404FF0209027F887
3576,504,8064,1,1,1,0,0,0,0,1,0,0,0,1,1,1,1,1,7,2,9,2,255,0,0,1,1,0x404FF0209027F887
3577,505,8080,1,1,1,0,0,0,0,1,0,0,0,1,1,1,1,1,7,2,9,2,255,0,0,1,1,0x404FF0209027F887
3578,506,8096,1,1,1,0,0,0,0,1,0,0,0,1,1,1,1,1,7,2,9,2,255,0,0,1,1,0x404FF0209027F887
3579,507,8112,1,1,1,0,0,0,0,1,0,0,0,1,1,1,1,1,7,2,9,2,255,0,0,1,1,0x404FF0209027F887
3580,508,8128,1,1,1,0,0,0,0,1,0,0,0,1,1,1,1,1,7,2,9,2,255,0,0,1,1,0x404FF0209027F887
3581,509,8144,1,1,1,0,0,0,0,1,0,0,0,1,1,1,1,1,7,2,9,2,255,0,0,1,1,0x404FF0209027F887
3582,510,8160,1,1,1,0,0,0,0,1,0,0,0,1,1,1,1,1,7,2,9,2,255,0,0,1,1,0x404FF0209027F887
3583,511,8176,1,1,1,0,0,0,0,1,0,0,0,1,1,1,1,1,7,2,9,2,255,0,0,1,1,0x404FF0209027F887
3584,512,8192,1,1,1,0,0,0,0,1,0,0,0,1,1,1,1,1,7,2,9,2,255,0,0,1,1,0x404FF0209027F887
3585,513,8208,1,1,1,0,0,0,0,1,0,0,0,1,1,1,1,1,7,2,9,2,255,0,0,1,1,0x404FF0209027F887
3586,514,8224,1,1,1,0,0,0,0,1,0,0,0,1,1,1,1,1,7,2,9,2,255,0,0,1,1,0x404FF0209027F887
3587,515,8240,1,1,1,0,0,0,0,1,0,0,0,1,1,1,1,1,7,2,9,2,255,0,0,1,1,0x404FF0209027F887
3588,516,8256,1,1,1,0,0,0,0,1,0,0,0,1,1,1,1,1,7,2,9,2,255,0,0,1,1,0x404FF0209027F887
3589,517,8272,1,1,1,0,0,0,0,1,0,0,0,1,1,1,1,1,7,2,9,2,255,0,0,1,1,0x404FF0209027F887
3590,518,8288,1,1,1,0,0,0,0,1,0,0,0,1,1,1,1,1,7,2,9,2,255,0,0,1,1,0x404FF0209027F887
3591,519,8304,1,1,1,0,0,0,0,1,0,0,0,1,1,1,1,1,7,2,9,2,255,0,0,1,1,0x404FF0209027F887
3592,520,8320,1,1,1,0,0,0,0,1,0,0,0,1,1,1,1,1,7,2,9,2,255,0,0,1,1,0x404FF0209027F887
3593,521,8336,1,1,1,0,0,0,0,1,0,0,0,1,1,1,1,1,7,2,9,2,255,0,0,1,1,0x404FF0209027F887
3594,522,8352,1,1,1,0,0,0,0,1,0,0,0,1,1,1,1,1,7,2,9,2,255,0,0,1,1,0x404FF0209027F887
3595,523,8368,1,1,1,0,0,0,0,1,0,0,0,1,1,1,1,1,7,2,9,2,255,0,0,1,1,0x404FF0209027F887
3596,524,8384,1,1,1,0,0,0,0,1,0,0,0,1,1,1,1,1,7,2,9,2,255,0,0,1,1,0x404FF0209027F887
3597,525,8400,1,1,1,0,0,0,0,1,0,0,0,1,1,1,1,1,7,2,9,2,255,0,0,1,1,0x404FF0209027F887
3598,526,8416,1,1,1,0,0,0,0,1,0,0,0,1,1,1,1,1,7,2,9,2,255,0,0,1,1,0x404FF0209027F887
3599,527,8432,1,1,1,0,0,0,0,1,0,0,0,1,1,1,1,1,7,2,9,2,255,0,0,1,1,0x404FF0209027F887
3600,528,8448,1,1,1,0,0,0,0,1,0,0,0,1,1,1,1,1,7,2,9,2,255,0,0,1,1,0x404FF0209027F887
3601,529,8464,1,1,1,0,0,0,0,1,0,0,0,1,1,1,1,1,7,2,9,2,255,0,0,1,1,0x404FF0209027F887
3602,530,8480,1,1,1,0,0,0,0,1,0,0,0,1,1,1,1,1,7,2,9,2,255,0,0,1,1,0x404FF0209027F887
3603,531,8496,1,1,1,0,0,0,0,1,0,0,0,1,1,1,1,1,7,2,9,2,255,0,0,1,1,0x404FF0209027F887
3604,532,8512,1,1,1,0,0,0,0,1,0,0,0,1,1,1,1,1,7,2,9,2,255,0,0,1,1,0x404FF0209027F887
3605,533,8528,1,1,1,0,0,0,0,1,0,0,0,1,1,1,1,1,7,2,9,2,255,0,0,1,1,0x404FF0209027F887
3606,534,8544,1,1,1,0,0,0,0,1,0,0,0,1,1,1,1,1,7,2,9,2,255,0,0,1,1,0x404FF0209027F887
3607,535,8560,1,1,1,0,0,0,0,1,0,0,0,1,1,1,1,1,7,2,9,2,255,0,0,1,1,0x404FF0209027F887
3608,536,8576,1,1,1,0,0,0,0,1,0,0,0,1,1,1,1,1,7,2,9,2,255,0,0,1,1,0x404FF0209027F887
3609,537,8592,1,1,1,0,0,0,0,1,0,0,0,1,1,1,1,1,7,2,9,2,255,0,0,1,1,0x404FF0209027F887
3610,538,8608,1,1,1,0,0,0,0,1,0,0,0,1,1,1,1,1,7,2,9,2,255,0,0,1,1,0x404FF0209027F887
3611,539,8624,1,1,1,0,0,0,0,1,0,0,0,1,1,1,1,1,7,2,9,2,255,0,0,1,1,0x404FF0209027F887
3612,540,8640,1,1,1,0,0,0,0,1,0,0,0,1,1,1,1,1,7,2,9,2,255,0,0,1,1,0x404FF0209027F887
3613,541,8656,1,1,1,0,0,0,0,1,0,0,0,1,1,1,1,1,7,2,9,2,255,0,0,1,1,0x404FF0209027F887
3614,542,8672,1,1,1,0,0,0,0,1,0,0,0,1,1,1,1,1,7,2,9,2,255,0,0,1,1,0x404FF0209027F887
3615,543,8688,1,1,1,0,0,0,0,1,0,0,0,1,1,1,1,1,7,2,9,2,255,0,0,1,1,0x404FF0209027F887
3616,544,8704,1,1,1,0,0,0,0,1,0,0,0,1,1,1,1,1,7,2,9,2,255,0,0,1,1,0x404FF0209027F887
3617,545,8720,1,1,1,0,0,0,0,1,0,0,0,1,1,1,1,1,7,2,9,2,255,0,0,1,1,0x404FF0209027F887
3618,546,8736,1,1,1,0,0,0,0,1,0,0,0,1,1,1,1,1,7,2,9,2,255,0,0,1,1,0x404FF0209027F887
3619,547,8752,1,1,1,0,0,0,0,1,0,0,0,1,1,1,1,1,7,2,9,2,255,0,0,1,1,0x404FF0209027F887
3620,548,8768,1,1,1,0,0,0,0,1,0,0,0,1,1,1,1,1,7,2,9,2,255,0,0,1,1,0x404FF0209027F887
3621,549,8784,1,1,1,0,0,0,0,1,0,0,0,1,1,1,1,1,7,2,9,2,255,0,0,1,1,0x404FF0209027F887
3622,550,8800,1,1,1,0,0,0,0,1,0,0,0,1,1,1,1,1,7,2,9,2,255,0,0,1,1,0x404FF0209027F887
3623,551,8816,1,1,1,0,0,0,0,1,0,0,0,1,1,1,1,1,7,2,9,2,255,0,0,1,1,0x404FF0209027F887
3624,552,8832,1,1,1,0,0,0,0,1,0,0,0,1,1,1,1,1,7,2,9,2,255,0,0,1,1,0x404FF0209027F887
3625,553,8848,1,1,1,0,0,0,0,1,0,0,0,1,1,1,1,1,7,2,9,2,255,0,0,1,1,0x404FF0209027F887
3626,554,8864,1,1,1,0,0,0,0,1,0,0,0,1,1,1,1,1,7,2,9,2,255,0,0,1,1,0x404FF0209027F887
3627,555,8880,1,1,1,0,0,0,0,1,0,0,0,1,1,1,1,1,7,2,9,2,255,0,0,1,1,0x404FF0209027F887
3628,556,8896,1,1,1,0,0,0,0,1,0,0,0,1,1,1,1,1,7,2,9,2,255,0,0,1,1,0x404FF0209027F887
3629,557,8912,1,1,1,0,0,0,0,1,0,0,0,1,1,1,1,1,7,2,9,2,255,0,0,1,1,0x404FF0209027F887
3630,558,8928,1,1,1,0,0,0,0,1,0,0,0,1,1,1,1,1,7,2,9,2,255,0,0,1,1,0x404FF0209027F887
3631,559,8944,1,1,1,0,0,0,0,1,0,0,0,1,1,1,1,1,7,2,9,2,255,0,0,1,1,0x404FF0209027F887
3632,560,8960,1,1,1,0,0,0,0,1,0,0,0,1,1,1,1,1,7,2,9,2,255,0,0,1,1,0x404FF0209027F887
3633,561,8976,1,1,1,0,0,0,0,1,0,0,0,1,1,1,1,1,7,2,9,2,255,0,0,1,1,0x404FF0209027F887
3634,562,8992,1,1,1,0,0,0,0,1,0,0,0,1,1,1,1,1,7,2,9,2,255,0,0,1,1,0x404FF0209027F887
3635,563,9008,1,1,1,0,0,0,0,1,0,0,0,1,1,1,1,1,7,2,9,2,255,0,0,1,1,0x404FF0209027F887
3636,564,9024,1,1,1,0,0,0,0,1,0,0,0,1,1,1,1,1,7,2,9,2,255,0,0,1,1,0x404FF0209027F887
3637,565,9040,1,1,1,0,0,0,0,1,0,0,0,1,1,1,1,1,7,2,9,2,255,0,0,1,1,0x404FF0209027F887
3638,566,9056,1,1,1,0,0,0,0,1,0,0,0,1,1,1,1,1,7,2,9,2,255,0,0,1,1,0x404FF0209027F887
3639,567,9072,1,1,1,0,0,0,0,1,0,0,0,1,1,1,1,1,7,2,9,2,255,0,0,1,1,0x404FF0209027F887
3640,568,9088,1,1,1,0,0,0,0,1,0,0,0,1,1,1,1,1,7,2,9,2,255,0,0,1,1,0x404FF0209027F887
3641,569,9104,1,1,1,0,0,0,0,1,0,0,0,1,1,1,1,1,7,2,9,2,255,0,0,1,1,0x404FF0209027F887
3642,570,9120,1,1,1,0,0,0,0,1,0,0,0,1,1,1,1,1,7,2,9,2,255,0,0,1,1,0x404FF0209027F887
3643,571,9136,1,1,1,0,0,0,0,1,0,0,0,1,1,1,1,1,7,2,9,2,255,0,0,1,1,0x404FF0209027F887
3644,572,9152,1,1,1,0,0,0,0,1,0,0,0,1,1,1,1,1,7,2,9,2,255,0,0,1,1,0x404FF0209027F887
3645,573,9168,1,1,1,0,0,0,0,1,0,0,0,1,1,1,1,1,7,2,9,2,255,0,0,1,1,0x404FF0209027F887
3646,574,9184,1,1,1,0,0,0,0,1,0,0,0,1,1,1,1,1,7,2,9,2,255,0,0,1,1,0x404FF0209027F887
3647,575,9200,1,1,1,0,0,0,0,1,0,0,0,1,1,1,1,1,7,2,9,2,255,0,0,1,1,0x404FF0209027F887
3648,576,9216,1,1,1,0,0,0,0,1,0,0,0,1,1,1,1,1,7,2,9,2,255,0,0,1,1,0x404FF0209027F887
3649,577,9232,1,1,1,0,0,0,0,1,0,0,0,1,1,1,1,1,7,2,9,2,255,0,0,1,1,0x404FF0209027F887
3650,578,9248,1,1,1,0,0,0,0,1,0,0,0,1,1,1,1,1,7,2,9,2,255,0,0,1,1,0x404FF0209027F887
3651,579,9264,1,1,1,0,0,0,0,1,0,0,0,1,1,1,1,1,7,2,9,2,255,0,0,1,1,0x404FF0209027F887
3652,580,9280,1,1,1,0,0,0,0,1,0,0,0,1,1,1,1,1,7,2,9,2,255,0,0,1,1,0x404FF0209027F887
3653,581,9296,1,1,1,0,0,0,0,1,0,0,0,1,1,1,1,1,7,2,9,2,255,0,0,1,1,0x404FF0209027F887
3654,582,9312,1,1,1,0,0,0,0,1,0,0,0,1,1,1,1,1,7,2,9,2,255,0,0,1,1,0x404FF0209027F887
3655,583,9328,1,1,1,0,0,0,0,1,0,0,0,1,1,1,1,1,7,2,9,2,255,0,0,1,1,0x404FF0209027F887
3656,584,9344,1,1,1,0,0,0,0,1,0,0,0,1,1,1,1,1,7,2,9,2,255,0,0,1,1,0x404FF0209027F887
3657,585,9360,1,1,1,0,0,0,0,1,0,0,0,1,1,1,1,1,7,2,9,2,255,0,0,1,1,0x404FF0209027F887
3658,586,9376,1,1,1,0,0,0,0,1,0,0,0,1,1,1,1,1,7,2,9,2,255,0,0,1,1,0x404FF0209027F887
3659,587,9392,1,1,1,0,0,0,0,1,0,0,0,1,1,1,1,1,7,2,9,2,255,0,0,1,1,0x404FF0209027F887
3660,588,9408,1,1,1,0,0,0,0,1,0,0,0,1,1,1,1,1,7,2,9,2,255,0,0,1,1,0x404FF0209027F887
3661,589,9424,1,1,1,0,0,0,0,1,0,0,0,1,1,1,1,1,7,2,9,2,255,0,0,1,1,0x404FF0209027F887
3662,590,9440,1,1,1,0,0,0,0,1,0,0,0,1,1,1,1,1,7,2,9,2,255,0,0,1,1,0x404FF0209027F887
3663,591,9456,1,1,1,0,0,0,0,1,0,0,0,1,1,1,1,1,7,2,9,2,255,0,0,1,1,0x404FF0209027F887
3664,592,9472,1,1,1,0,0,0,0,1,0,0,0,1,1,1,1,1,7,2,9,2,255,0,0,1,1,0x404FF0209027F887
3665,593,9488,1,1,1,0,0,0,0,1,0,0,0,1,1,1,1,1,7,2,9,2,255,0,0,1,1,0x404FF0209027F887
3666,594,9504,1,1,1,0,0,0,0,1,0,0,0,1,1,1,1,1,7,2,9,2,255,0,0,1,1,0x404FF0209027F887
3667,595,9520,1,1,1,0,0,0,0,1,0,0,0,1,1,1,1,1,7,2,9,2,255,0,0,1,1,0x404FF0209027F887
3668,596,9536,1,1,1,0,0,0,0,1,0,0,0,1,1,1,1,1,7,2,9,2,255,0,0,1,1,0x404FF0209027F887
3669,597,9552,1,1,1,0,0,0,0,1,0,0,0,1,1,1,1,1,7,2,9,2,255,0,0,1,1,0x404FF0209027F887
3670,598,9568,1,1,1,0,0,0,0,1,0,0,0,1,1,1,1,1,7,2,9,2,255,0,0,1,1,0x404FF0209027F887
3671,599,9584,1,1,1,0,0,0,0,1,0,0,0,1,1,1,1,1,7,2,9,2,255,0,0,1,1,0x404FF0209027F887
3672,600,9600,1,1,1,0,0,0,0,1,0,0,0,1,1,1,1,1,7,2,9,2,255,0,0,1,1,0x404FF0209027F887
3673,601,9616,1,1,1,0,0,0,0,1,0,0,0,1,1,1,1,1,7,2,9,2,255,0,0,1,1,0x404FF0209027F887
3674,602,9632,1,1,1,0,0,0,0,1,0,0,0,1,1,1,1,1,7,2,9,2,255,0,0,1,1,0x404FF0209027F887
3675,603,9648,1,1,1,0,0,0,0,1,0,0,0,1,1,1,1,1,7,2,9,2,255,0,0,1,1,0x404FF0209027F887
3676,604,9664,1,1,1,0,0,0,0,1,0,0,0,1,1,1,1,1,7,2,9,2,255,0,0,1,1,0x404FF0209027F887
3677,605,9680,1,1,1,0,0,0,0,1,0,0,0,1,1,1,1,1,7,2,9,2,255,0,0,1,1,0x404FF0209027F887
3678,606,9696,1,1,1,0,0,0,0,1,0,0,0,1,1,1,1,1,7,2,9,2,255,0,0,1,1,0x404FF0209027F887
3679,607,9712,1,1,1,0,0,0,0,1,0,0,0,1,1,1,1,1,7,2,9,2,255,0,0,1,1,0x404FF0209027F887
3680,608,9728,1,1,1,0,0,0,0,1,0,0,0,1,1,1,1,1,7,2,9,2,255,0,0,1,1,0x404FF0209027F887
3681,609,9744,1,1,1,0,0,0,0,1,0,0,0,1,1,1,1,1,7,2,9,2,255,0,0,1,1,0x404FF0209027F887
3682,610,9760,1,1,1,0,0,0,0,1,0,0,0,1,1,1,1,1,7,2,9,2,255,0,0,1,1,0x404FF0209027F887
3683,611,9776,1,1,1,0,0,0,0,1,0,0,0,1,1,1,1,1,7,2,9,2,255,0,0,1,1,0x404FF0209027F887
3684,612,9792,1,1,1,0,0,0,0,1,0,0,0,1,1,1,1,1,7,2,9,2,255,0,0,1,1,0x404FF0209027F887
3685,613,9808,1,1,1,0,0,0,0,1,0,0,0,1,1,1,1,1,7,2,9,2,255,0,0,1,1,0x404FF0209027F887
3686,614,9824,1,1,1,0,0,0,0,1,0,0,0,1,1,1,1,1,7,2,9,2,255,0,0,1,1,0x404FF0209027F887
3687,615,9840,1,1,1,0,0,0,0,1,0,0,0,1,1,1,1,1,7,2,9,2,255,0,0,1,1,0x404FF0209027F887
3688,616,9856,1,1,1,0,0,0,0,1,0,0,0,1,1,1,1,1,7,2,9,2,255,0,0,1,1,0x404FF0209027F887
3689,617,9872,1,1,1,0,0,0,0,1,0,0,0,1,1,1,1,1,7,2,9,2,255,0,0,1,1,0x404FF0209027F887
3690,618,9888,1,1,1,0,0,0,0,1,0,0,0,1,1,1,1,1,7,2,9,2,255,0,0,1,1,0x404FF0209027F887
3691,619,9904,1,1,1,0,0,0,0,1,0,0,0,1,1,1,1,1,7,2,9,2,255,0,0,1,1,0x404FF0209027F887
3692,620,9920,1,1,1,0,0,0,0,1,0,0,0,1,1,1,1,1,7,2,9,2,255,0,0,1,1,0x404FF0209027F887
3693,621,9936,1,1,1,0,0,0,0,1,0,0,0,1,1,1,1,1,7,2,9,2,255,0,0,1,1,0x404FF0209027F887
3694,622,9952,1,1,1,0,0,0,0,1,0,0,0,1,1,1,1,1,7,2,9,2,255,0,0,1,1,0x404FF0209027F887
3695,623,9968,1,1,1,0,0,0,0,1,0,0,0,1,1,1,1,1,7,2,9,2,255,0,0,1,1,0x404FF0209027F887
3696,624,9984,1,1,1,0,0,0,0,1,0,0,0,1,1,1,1,1,7,2,9,2,255,0,0,1,1,0x404FF0209027F887
3697,625,10000,1,1,1,0,0,0,0,1,0,0,0,1,1,1,1,1,7,2,9,2,255,0,0,1,1,0x404FF0209027F887
3698,626,10016,1,1,1,0,0,0,0,1,0,0,0,1,1,1,1,1,7,2,9,2,255,0,0,1,1,0x404FF0209027F887
3699,627,10032,1,1,1,0,0,0,0,0,0,0,0,1,1,1,1,1,6,2,8,2,255,0,0,1,1,0x404FF0208026F807
3700,628,10048,1,1,1,0,0,0,0,0,0,0,0,1,1,1,1,1,6,2,8,2,255,0,0,1,1,0x404FF0208026F807
3701,629,10064,1,1,1,0,0,0,0,0,0,0,0,1,1,1,1,1,6,2,8,2,255,0,0,1,1,0x404FF0208026F807
3702,630,10080,1,1,1,0,0,0,0,0,0,0,0,1,1,1,1,1,6,2,8,2,255,0,0,1,1,0x404FF0208026F807
3703,631,10096,1,1,1,1,0,0,0,0,0,0,0,1,1,1,1,1,6,2,8,2,255,0,0,1,1,0x404FF0208026F80F
3704,632,10112,1,1,1,1,1,0,0,0,0,0,0,1,1,1,1,1,6,2,8,2,255,0,0,1,1,0x404FF0208026F81F
3705,633,10128,1,1,1,1,1,0,0,0,0,0,0,1,1,1,1,1,6,2,8,2,255,0,0,1,1,0x404FF0208026F81F
3706,634,10144,1,1,1,1,1,0,0,0,0,0,0,1,1,1,1,1,6,2,8,2,255,0,0,1,1,0x404FF0208026F81F
3707,635,10160,1,1,1,1,1,1,0,0,0,0,0,1,1,1,1,1,6,2,8,2,255,0,0,1,1,0x404FF0208026F83F
3708,636,10176,1,1,1,1,1,1,0,0,0,0,0,1,1,1,1,1,6,2,8,2,255,0,0,1,1,0x404FF0208026F83F
3709,637,10192,1,1,1,1,1,1,0,0,0,0,0,1,1,1,1,1,6,2,8,2,255,0,0,1,1,0x404FF0208026F83F
3710,638,10208,1,1,1,1,1,1,0,0,0,0,0,1,1,1,1,1,6,2,8,2,255,0,0,1,1,0x404FF0208026F83F
3711,639,10224,1,1,1,1,1,1,0,0,0,0,0,1,1,1,1,1,6,2,8,2,255,0,0,1,1,0x404FF0208026F83F
3712,640,10240,1,1,1,1,1,1,0,0,0,0,0,1,1,1,1,1,6,2,8,2,255,0,0,1,1,0x404FF0208026F83F
3713,641,10256,1,1,1,1,1,1,0,0,0,0,0,1,1,1,1,1,6,2,8,2,255,0,0,1,1,0x404FF0208026F83F
3714,642,10272,1,1,1,1,1,1,0,0,0,0,0,1,1,1,1,1,6,2,8,2,255,0,0,1,1,0x404FF0208026F83F
3715,643,10288,1,1,1,1,1,1,0,0,0,0,0,1,1,1,1,1,6,2,8,2,255,0,0,1,1,0x404FF0208026F83F
3716,644,10304,1,1,1,1,1,1,0,0,0,0,0,1,1,1,1,1,6,2,8,2,255,0,0,1,1,0x404FF0208026F83F
3717,645,10320,1,1,1,1,1,1,0,0,0,0,0,1,1,1,1,1,6,2,8,2,255,0,0,1,1,0x404FF0208026F83F
3718,646,10336,1,1,1,1,1,1,0,0,0,0,0,1,1,1,1,1,6,2,8,2,255,0,0,1,1,0x404FF0208026F83F
3719,647,10352,1,1,1,1,1,1,0,0,0,0,0,1,1,1,1,1,6,2,8,2,255,0,0,1,1,0x404FF0208026F83F
3720,648,10368,1,1,1,1,1,1,0,0,0,0,0,1,1,1,1,1,6,2,8,2,255,0,0,1,1,0x404FF0208026F83F
3721,649,10384,1,1,1,1,1,1,0,0,0,0,0,1,1,1,1,1,6,2,8,2,255,0,0,1,1,0x404FF0208026F83F
3722,650,10400,1,1,1,1,1,1,0,0,0,0,0,1,1,1,1,1,6,2,8,2,255,0,0,1,1,0x404FF0208026F83F
3723,651,10416,1,1,1,1,1,1,0,0,0,0,0,1,1,1,1,1,6,2,8,2,255,0,0,1,1,0x404FF0208026F83F
3724,652,10432,1,1,1,1,1,1,0,0,0,0,0,1,1,1,1,1,6,2,8,2,255,0,0,1,1,0x404FF0208026F83F
3725,653,10448,1,1,1,1,1,1,0,0,0,0,0,1,1,1,1,1,6,2,8,2,255,0,0,1,1,0x404FF0208026F83F
3726,654,10464,1,1,1,1,1,1,0,0,0,0,0,1,1,1,1,1,6,2,8,2,255,0,0,1,1,0x404FF0208026F83F
3727,655,10480,1,1,1,1,1,1,0,0,0,0,0,1,1,1,1,1,6,2,8,2,255,0,0,1,1,0x404FF0208026F83F
3728,656,10496,1,1,1,1,1,1,0,0,0,0,0,1,1,1,1,1,6,2,8,2,255,0,0,1,1,0x404FF0208026F83F
3729,657,10512,1,1,1,1,1,1,0,0,0,0,0,1,1,1,1,1,6,2,8,2,255,0,0,1,1,0x404FF0208026F83F
3730,658,10528,1,1,1,1,1,1,0,0,0,0,0,1,1,1,1,1,6,2,8,2,255,0,0,1,1,0x404FF0208026F83F
3731,659,10544,1,1,1,1,1,1,0,0,0,0,0,1,1,1,1,1,6,2,8,2,255,0,0,1,1,0x404FF0208026F83F
3732,660,10560,1,1,1,1,1,1,0,0,0,0,0,1,1,1,1,1,6,2,8,2,255,0,0,1,1,0x404FF0208026F83F
3733,661,10576,1,1,1,1,1,1,0,0,0,0,0,1,1,1,1,1,6,2,8,2,255,0,0,1,1,0x404FF0208026F83F
3734,662,10592,1,1,1,1,1,1,0,0,0,0,0,1,1,1,1,1,6,2,8,2,255,0,0,1,1,0x404FF0208026F83F
3735,663,10608,1,1,1,1,1,1,0,0,0,0,0,1,1,1,1,1,6,2,8,2,255,0,0,1,1,0x404FF0208026F83F
3736,664,10624,1,1,1,1,1,1,0,0,0,0,0,1,1,1,1,1,6,2,8,2,255,0,0,1,1,0x404FF0208026F83F
3737,665,10640,1,1,1,1,1,1,0,0,0,0,0,1,1,1,1,1,6,2,8,2,255,0,0,1,1,0x404FF0208026F83F
3738,666,10656,1,1,1,1,1,1,0,0,0,0,0,1,1,1,1,1,6,2,8,2,255,0,0,1,1,0x404FF0208026F83F
3739,667,10672,1,1,1,1,1,1,0,0,0,0,0,1,1,1,1,1,6,2,8,2,255,0,0,1,1,0x404FF0208026F83F
3740,668,10688,1,1,1,1,1,1,0,0,0,0,0,1,1,1,1,1,6,2,8,2,255,0,0,1,1,0x404FF0208026F83F
3741,669,10704,1,1,1,1,1,1,0,0,0,0,0,1,1,1,1,1,6,2,8,2,255,0,0,1,1,0x404FF0208026F83F
3742,670,10720,1,1,1,1,1,1,0,0,0,0,0,1,1,1,1,1,6,2,8,2,255,0,0,1,1,0x404FF0208026F83F
3743,671,10736,1,1,1,1,1,1,0,0,0,0,0,1,1,1,1,1,6,2,8,2,255,0,0,1,1,0x404FF0208026F83F
3744,672,10752,1,1,1,1,1,1,0,0,0,0,0,1,1,1,1,1,6,2,8,2,255,0,0,1,1,0x404FF0208026F83F
3745,673,10768,1,1,1,1,1,1,0,0,0,0,0,1,1,1,1,1,6,2,8,2,255,0,0,1,1,0x404FF0208026F83F
3746,674,10784,1,1,1,1,1,1,0,0,0,0,0,1,1,1,1,1,6,2,8,2,255,0,0,1,1,0x404FF0208026F83F
3747,675,10800,1,1,1,1,1,1,0,0,0,0,0,1,1,1,1,1,6,2,8,2,255,0,0,1,1,0x404FF0208026F83F
3748,676,10816,1,1,1,1,1,1,0,0,0,0,0,1,1,1,1,1,6,2,8,2,255,0,0,1,1,0x404FF0208026F83F
3749,677,10832,1,1,1,1,1,1,0,0,0,0,0,1,1,1,1,1,6,2,8,2,255,0,0,1,1,0x404FF0208026F83F
3750,678,10848,1,1,1,1,1,1,0,0,0,0,0,1,1,1,1,1,6,2,8,2,255,0,0,1,1,0x404FF0208026F83F
3751,679,10864,1,1,1,1,1,1,0,0,0,0,0,1,1,1,1,1,6,2,8,2,255,0,0,1,1,0x404FF0208026F83F
3752,680,10880,1,1,1,1,1,1,0,0,0,0,0,1,1,1,1,1,6,2,8,2,255,0,0,1,1,0x404FF0208026F83F
3753,681,10896,1,1,1,1,1,1,0,0,0,0,0,1,1,1,1,1,6,2,8,2,255,0,0,1,1,0x404FF0208026F83F
3754,682,10912,1,1,1,1,1,1,0,0,0,0,0,1,1,1,1,1,6,2,8,2,255,0,0,1,1,0x404FF0208026F83F
3755,683,10928,1,1,1,1,1,1,0,0,0,0,0,1,1,1,1,1,6,2,8,2,255,0,0,1,1,0x404FF0208026F83F
3756,684,10944,1,1,1,1,1,1,0,0,0,0,0,1,1,1,1,1,6,2,8,2,255,0,0,1,1,0x404FF0208026F83F
3757,685,10960,1,1,1,1,1,1,0,0,0,0,0,1,1,1,1,1,6,2,8,2,255,0,0,1,1,0x404FF0208026F83F
3758,686,10976,1,1,1,1,1,1,0,0,0,0,0,1,1,1,1,1,6,2,8,2,255,0,0,1,1,0x404FF0208026F83F
3759,687,10992,1,1,1,1,1,1,0,0,0,0,0,1,1,1,1,1,6,2,8,2,255,0,0,1,1,0x404FF0208026F83F
3760,688,11008,1,1,1,1,1,1,0,0,0,0,0,1,1,1,1,1,6,2,8,2,255,0,0,1,1,0x404FF0208026F83F
3761,689,11024,1,1,1,1,1,1,0,0,0,0,0,1,1,1,1,1,6,2,8,2,255,0,0,1,1,0x404FF0208026F83F
3762,690,11040,1,1,1,1,1,1,0,0,0,0,0,1,1,1,1,1,6,2,8,2,255,0,0,1,1,0x404FF0208026F83F
3763,691,11056,1,1,1,1,1,1,0,0,0,0,0,1,1,1,1,1,6,2,8,2,255,0,0,1,1,0x404FF0208026F83F
3764,692,11072,1,1,1,1,1,1,0,0,0,0,0,1,1,1,1,1,6,2,8,2,255,0,0,1,1,0x404FF0208026F83F
3765,693,11088,1,1,1,1,1,1,0,0,0,0,0,1,1,1,1,1,6,2,8,2,255,0,0,1,1,0x404FF0208026F83F
3766,694,11104,1,1,1,1,1,1,0,0,0,0,0,1,1,1,1,1,6,2,8,2,255,0,0,1,1,0x404FF0208026F83F
3767,695,11120,1,1,1,1,1,1,0,0,0,0,0,1,1,1,1,1,6,2,8,2,255,0,0,1,1,0x404FF0208026F83F
3768,696,11136,1,1,1,1,1,1,0,0,0,0,0,1,1,1,1,1,6,2,8,2,255,0,0,1,1,0x404FF0208026F83F
3769,697,11152,1,1,1,1,1,1,0,0,0,0,0,1,1,1,1,1,6,2,8,2,255,0,0,1,1,0x404FF0208026F83F
3770,698,11168,1,1,1,1,1,1,0,0,0,0,0,1,1,1,1,1,6,2,8,2,255,0,0,1,1,0x404FF0208026F83F
3771,699,11184,1,1,1,1,1,1,0,0,0,0,0,1,1,1,1,1,6,2,8,2,255,0,0,1,1,0x404FF0208026F83F
3772,700,11200,1,1,1,1,1,1,0,0,0,0,0,1,1,1,1,1,6,2,8,2,255,0,0,1,1,0x404FF0208026F83F
3773,701,11216,1,1,1,1,1,1,0,0,0,0,0,1,1,1,1,1,6,2,8,2,255,0,0,1,1,0x404FF0208026F83F
3774,702,11232,1,1,1,1,1,1,0,0,0,0,0,1,1,1,1,1,6,2,8,2,255,0,0,1,1,0x404FF0208026F83F
3775,703,11248,1,1,1,1,1,1,0,0,0,0,0,1,1,1,1,1,6,2,8,2,255,0,0,1,1,0x404FF0208026F83F
3776,704,11264,1,1,1,1,1,1,0,0,0,0,0,1,1,1,1,1,6,2,8,2,255,0,0,1,1,0x404FF0208026F83F
3777,705,11280,1,1,1,1,1,1,0,0,0,0,0,1,1,1,1,1,6,2,8,2,255,0,0,1,1,0x404FF0208026F83F
3778,706,11296,1,1,1,1,1,1,0,0,0,0,0,1,1,1,1,1,6,2,8,2,255,0,0,1,1,0x404FF0208026F83F
3779,707,11312,1,1,1,1,1,1,0,0,0,0,0,1,1,1,1,1,6,2,8,2,255,0,0,1,1,0x404FF0208026F83F
3780,708,11328,1,1,1,1,1,1,0,0,0,0,0,1,1,1,1,1,6,2,8,2,255,0,0,1,1,0x404FF0208026F83F
3781,709,11344,1,1,1,1,1,1,0,0,0,0,0,1,1,1,1,1,6,2,8,2,255,0,0,1,1,0x404FF0208026F83F
3782,710,11360,1,1,1,1,1,1,0,0,0,0,0,1,1,1,1,1,6,2,8,2,255,0,0,1,1,0x404FF0208026F83F
3783,711,11376,1,1,1,1,1,1,0,0,0,0,0,1,1,1,1,1,6,2,8,2,255,0,0,1,1,0x404FF0208026F83F
3784,712,11392,1,1,1,1,1,1,0,0,0,0,0,1,1,1,1,1,6,2,8,2,255,0,0,1,1,0x404FF0208026F83F
3785,713,11408,1,1,1,1,1,1,0,0,0,0,0,1,1,1,1,1,6,2,8,2,255,0,0,1,1,0x404FF0208026F83F
3786,714,11424,1,1,1,1,1,1,0,0,0,0,0,1,1,1,1,1,6,2,8,2,255,0,0,1,1,0x404FF0208026F83F
3787,715,11440,1,1,1,1,1,1,0,0,0,0,0,1,1,1,1,1,6,2,8,2,255,0,0,1,1,0x404FF0208026F83F
3788,716,11456,1,1,1,1,1,1,0,0,0,0,0,1,1,1,1,1,6,2,8,2,255,0,0,1,1,0x404FF0208026F83F
3789,717,11472,1,1,1,1,1,1,0,0,0,0,0,1,1,1,1,1,6,2,8,2,255,0,0,1,1,0x404FF0208026F83F
3790,718,11488,1,1,1,1,1,1,0,0,0,0,0,1,1,1,1,1,6,2,8,2,255,0,0,1,1,0x404FF0208026F83F
3791,719,11504,1,1,1,1,1,1,0,0,0,0,0,1,1,1,1,1,6,2,8,2,255,0,0,1,1,0x404FF0208026F83F
3792,720,11520,1,1,1,1,1,1,0,0,0,0,0,1,1,1,1,1,6,2,8,2,255,0,0,1,1,0x404FF0208026F83F
3793,721,11536,1,1,1,1,1,1,0,0,0,0,0,1,1,1,1,1,6,2,8,2,255,0,0,1,1,0x404FF0208026F83F
3794,722,11552,1,1,1,1,1,1,0,0,0,0,0,1,1,1,1,1,6,2,8,2,255,0,0,1,1,0x404FF0208026F83F
3795,723,11568,1,1,1,1,1,1,0,0,0,0,0,1,1,1,1,1,6,2,8,2,255,0,0,1,1,0x404FF0208026F83F
3796,724,11584,1,1,1,1,1,1,0,0,0,0,0,1,1,1,1,1,6,2,8,2,255,0,0,1,1,0x404FF0208026F83F
3797,725,11600,1,1,1,1,1,1,0,0,0,0,0,1,1,1,1,1,6,2,8,2,255,0,0,1,1,0x404FF0208026F83F
3798,726,11616,1,1,1,1,1,1,0,0,0,0,0,1,1,1,1,1,6,2,8,2,255,0,0,1,1,0x404FF0208026F83F
3799,727,11632,1,1,1,1,1,1,0,0,0,0,0,1,1,1,1,1,6,2,8,2,255,0,0,1,1,0x404FF0208026F83F
3800,728,11648,1,1,1,1,1,1,0,0,0,0,0,1,1,1,1,1,6,2,8,2,255,0,0,1,1,0x404FF0208026F83F
3801,729,11664,1,1,1,1,1,1,0,0,0,0,0,1,1,1,1,1,6,2,8,2,255,0,0,1,1,0x404FF0208026F83F
3802,730,11680,1,1,1,1,1,1,0,0,0,0,0,1,1,1,1,1,6,2,8,2,255,0,0,1,1,0x404FF0208026F83F
3803,731,11696,1,1,1,1,1,1,0,0,0,0,0,1,1,1,1,1,6,2,8,2,255,0,0,1,1,0x404FF0208026F83F
3804,732,11712,1,1,1,1,1,1,0,0,0,0,0,1,1,1,1,1,6,2,8,2,255,0,0,1,1,0x404FF0208026F83F
3805,733,11728,1,1,1,1,1,1,0,0,0,0,0,1,1,1,1,1,6,2,8,2,255,0,0,1,1,0x404FF0208026F83F
3806,734,11744,1,1,1,1,1,1,0,0,0,0,0,1,1,1,1,1,6,2,8,2,255,0,0,1,1,0x404FF0208026F83F
3807,735,11760,1,1,1,1,1,1,0,0,0,0,0,1,1,1,1,1,6,2,8,2,255,0,0,1,1,0x404FF0208026F83F
3808,736,11776,1,1,1,1,1,1,0,0,0,0,0,1,1,1,1,1,6,2,8,2,255,0,0,1,1,0x404FF0208026F83F
3809,737,11792,1,1,1,1,1,1,0,0,0,0,0,1,1,1,1,1,6,2,8,2,255,0,0,1,1,0x404FF0208026F83F
3810,738,11808,1,1,1,1,1,1,0,0,0,0,0,1,1,1,1,1,6,2,8,2,255,0,0,1,1,0x404FF0208026F83F
3811,739,11824,1,1,1,1,1,1,0,0,0,0,0,1,1,1,1,1,6,2,8,2,255,0,0,1,1,0x404FF0208026F83F
3812,740,11840,1,1,1,1,1,1,0,0,0,0,0,1,1,1,1,1,6,2,8,2,255,0,0,1,1,0x404FF0208026F83F
3813,741,11856,1,1,1,1,1,1,0,0,0,0,0,1,1,1,1,1,6,2,8,2,255,0,0,1,1,0x404FF0208026F83F
3814,742,11872,1,1,1,1,1,1,0,0,0,0,0,1,1,1,1,1,6,2,8,2,255,0,0,1,1,0x404FF0208026F83F
3815,743,11888,1,1,1,1,1,1,0,0,0,0,0,1,1,1,1,1,6,2,8,2,255,0,0,1,1,0x404FF0208026F83F
3816,744,11904,1,1,1,1,1,1,0,0,0,0,0,1,1,1,1,1,6,2,8,2,255,0,0,1,1,0x404FF0208026F83F
3817,745,11920,1,1,1,1,1,1,0,0,0,0,0,1,1,1,1,1,6,2,8,2,255,0,0,1,1,0x404FF0208026F83F
3818,746,11936,1,1,1,1,1,1,0,0,0,0,0,1,1,1,1,1,6,2,8,2,255,0,0,1,1,0x404FF0208026F83F
3819,747,11952,1,1,1,1,1,1,0,0,0,0,0,1,1,1,1,1,6,2,8,2,255,0,0,1,1,0x404FF0208026F83F
3820,748,11968,1,1,1,1,1,1,0,0,0,0,0,1,1,1,1,1,6,2,8,2,255,0,0,1,1,0x404FF0208026F83F
3821,749,11984,1,1,1,1,1,1,0,0,0,0,0,1,1,1,1,1,6,2,8,2,255,0,0,1,1,0x404FF0208026F83F
3822,750,12000,1,1,1,1,1,1,0,0,0,0,0,1,1,1,1,1,6,2,8,2,255,0,0,1,1,0x404FF0208026F83F
3823,751,12016,1,1,1,1,1,1,0,0,0,0,0,1,1,1,1,1,6,2,8,2,255,0,0,1,1,0x404FF0208026F83F
3824,752,12032,1,1,1,1,1,1,0,0,0,0,0,1,1,1,1,1,6,2,8,2,255,0,0,1,1,0x404FF0208026F83F
3825,753,12048,1,1,1,1,1,1,0,0,0,0,0,1,1,1,1,1,6,2,8,2,255,0,0,1,1,0x404FF0208026F83F
3826,754,12064,1,1,1,1,1,1,0,0,0,0,0,1,1,1,1,1,6,2,8,2,255,0,0,1,1,0x404FF0208026F83F
3827,755,12080,1,1,1,1,1,1,0,0,0,0,0,1,1,1,1,1,6,2,8,2,255,0,0,1,1,0x404FF0208026F83F
3828,756,12096,1,1,1,1,1,1,0,0,0,0,0,1,1,1,1,1,6,2,8,2,255,0,0,1,1,0x404FF0208026F83F
3829,757,12112,1,1,1,1,1,1,0,0,0,0,0,1,1,1,1,1,6,2,8,2,255,0,0,1,1,0x404FF0208026F83F
3830,758,12128,1,1,1,1,1,1,0,0,0,0,0,1,1,1,1,1,6,2,8,2,255,0,0,1,1,0x404FF0208026F83F
3831,759,12144,1,1,1,1,1,1,0,0,0,0,0,1,1,1,1,1,6,2,8,2,255,0,0,1,1,0x404FF0208026F83F
3832,760,12160,1,1,1,1,1,1,0,0,0,0,0,1,1,1,1,1,6,2,8,2,255,0,0,1,1,0x404FF0208026F83F
3833,761,12176,1,1,1,1,1,1,0,0,0,0,0,1,1,1,1,1,6,2,8,2,255,0,0,1,1,0x404FF0208026F83F
3834,762,12192,1,1,1,1,1,1,0,0,0,0,0,1,1,1,1,1,6,2,8,2,255,0,0,1,1,0x404FF0208026F83F
3835,763,12208,1,1,1,1,1,1,0,0,0,0,0,1,1,1,1,1,6,2,8,2,255,0,0,1,1,0x404FF0208026F83F
3836,764,12224,1,1,1,1,1,1,0,0,0,0,0,1,1,1,1,1,6,2,8,2,255,0,0,1,1,0x404FF0208026F83F
3837,765,12240,1,1,1,1,1,1,0,0,0,0,0,1,1,1,1,1,6,2,8,2,255,0,0,1,1,0x404FF0208026F83F
3838,766,12256,1,1,1,1,1,1,0,0,0,0,0,1,1,1,1,1,6,2,8,2,255,0,0,1,1,0x404FF0208026F83F
3839,767,12272,1,1,1,1,1,1,0,0,0,0,0,1,1,1,1,1,6,2,8,2,255,0,0,1,1,0x404FF0208026F83F
3840,768,12288,1,1,1,1,1,1,0,0,0,0,0,1,1,1,1,1,6,2,8,2,255,0,0,1,1,0x404FF0208026F83F
3841,769,12304,1,1,1,1,1,1,0,0,0,0,0,1,1,1,1,1,6,2,8,2,255,0,0,1,1,0x404FF0208026F83F
3842,770,12320,1,1,1,1,1,1,0,0,0,0,0,1,1,1,1,1,6,2,8,2,255,0,0,1,1,0x404FF0208026F83F
3843,771,12336,1,1,1,1,1,1,0,0,0,0,0,1,1,1,1,1,6,2,8,2,255,0,0,1,1,0x404FF0208026F83F
3844,772,12352,1,1,1,1,1,1,0,0,0,0,0,1,1,1,1,1,6,2,8,2,255,0,0,1,1,0x404FF0208026F83F
3845,773,12368,1,1,1,1,1,1,0,0,0,0,0,1,1,1,1,1,6,2,8,2,255,0,0,1,1,0x404FF0208026F83F
3846,774,12384,1,1,1,1,1,1,0,0,0,0,0,1,1,1,1,1,6,2,8,2,255,0,0,1,1,0x404FF0208026F83F
3847,775,12400,1,1,1,1,1,1,0,0,0,0,0,1,1,1,1,1,6,2,8,2,255,0,0,1,1,0x404FF0208026F83F
3848,776,12416,1,1,1,1,1,1,0,0,0,0,0,1,1,1,1,1,6,2,8,2,255,0,0,1,1,0x404FF0208026F83F
3849,777,12432,1,1,1,1,1,1,0,0,0,0,0,1,1,1,1,1,6,2,8,2,255,0,0,1,1,0x404FF0208026F83F
3850,778,12448,1,1,1,1,1,1,0,0,0,0,0,1,1,1,1,1,6,2,8,2,255,0,0,1,1,0x404FF0208026F83F
3851,779,12464,1,1,1,1,1,1,0,0,0,0,0,1,1,1,1,1,6,2,8,2,255,0,0,1,1,0x404FF0208026F83F
3852,780,12480,1,1,1,1,1,1,0,0,0,0,0,1,1,1,1,1,6,2,8,2,255,0,0,1,1,0x404FF0208026F83F
3853,781,12496,1,1,1,1,1,1,0,0,0,0,0,1,1,1,1,1,6,2,8,2,255,0,0,1,1,0x404FF0208026F83F
3854,782,12512,1,1,1,1,1,1,0,0,0,0,0,1,1,1,1,1,6,2,8,2,255,0,0,1,1,0x404FF0208026F83F
3855,783,12528,1,1,1,1,1,1,0,0,0,0,0,1,1,1,1,1,6,2,8,2,255,0,0,1,1,0x404FF0208026F83F
3856,784,12544,1,1,1,1,1,1,0,0,0,0,0,1,1,1,1,1,6,2,8,2,255,0,0,1,1,0x404FF0208026F83F
3857,785,12560,1,1,1,1,1,1,0,0,0,0,0,1,1,1,1,1,6,2,8,2,255,0,0,1,1,0x404FF0208026F83F
3858,786,12576,1,1,1,1,1,1,0,0,0,0,0,1,1,1,1,1,6,2,8,2,255,0,0,1,1,0x404FF0208026F83F
3859,787,12592,1,1,1,1,1,1,0,0,0,0,0,1,1,1,1,1,6,2,8,2,255,0,0,1,1,0x404FF0208026F83F
3860,788,12608,1,1,1,1,1,1,0,0,0,0,0,1,1,1,1,1,6,2,8,2,255,0,0,1,1,0x404FF0208026F83F
3861,789,12624,1,1,1,1,1,1,0,0,0,0,0,1,1,1,1,1,6,2,8,2,255,0,0,1,1,0x404FF0208026F83F
3862,790,12640,1,1,1,1,1,1,0,0,0,0,0,1,1,1,1,1,6,2,8,2,255,0,0,1,1,0x404FF0208026F83F
3863,791,12656,1,1,1,1,1,1,0,0,0,0,0,1,1,1,1,1,6,2,8,2,255,0,0,1,1,0x404FF0208026F83F
3864,792,12672,1,1,1,1,1,1,0,0,0,0,0,1,1,1,1,1,6,2,8,2,255,0,0,1,1,0x404FF0208026F83F
3865,793,12688,1,1,1,1,1,1,0,0,0,0,0,1,1,1,1,1,6,2,8,2,255,0,0,1,1,0x404FF0208026F83F
3866,794,12704,1,1,1,1,1,1,0,0,0,0,0,1,1,1,1,1,6,2,8,2,255,0,0,1,1,0x404FF0208026F83F
3867,795,12720,1,1,1,1,1,1,0,0,0,0,0,1,1,1,1,1,6,2,8,2,255,0,0,1,1,0x404FF0208026F83F
3868,796,12736,1,1,1,1,1,1,0,0,0,0,0,1,1,1,1,1,6,2,8,2,255,0,0,1,1,0x404FF0208026F83F
3869,797,12752,1,1,1,1,1,1,0,0,0,0,0,1,1,1,1,1,6,2,8,2,255,0,0,1,1,0x404FF0208026F83F
3870,798,12768,1,1,1,1,1,1,0,0,0,0,0,1,1,1,1,1,6,2,8,2,255,0,0,1,1,0x404FF0208026F83F
3871,799,12784,1,1,1,1,1,1,0,0,0,0,0,1,1,1,1,1,6,2,8,2,255,0,0,1,1,0x404FF0208026F83F
3872,800,12800,1,1,1,1,1,1,0,0,0,0,0,1,1,1,1,1,6,2,8,2,255,0,0,1,1,0x404FF0208026F83F
3873,801,12816,1,1,1,1,1,1,0,0,0,0,0,1,1,1,1,1,6,2,8,2,255,0,0,1,1,0x404FF0208026F83F
3874,802,12832,1,1,1,1,1,1,0,0,0,0,0,1,1,1,1,1,6,2,8,2,255,0,0,1,1,0x404FF0208026F83F
3875,803,12848,1,1,1,1,1,1,0,0,0,0,0,1,1,1,1,1,6,2,8,2,255,0,0,1,1,0x404FF0208026F83F
3876,804,12864,1,1,1,1,1,1,0,0,0,0,0,1,1,1,1,1,6,2,8,2,255,0,0,1,1,0x404FF0208026F83F
3877,805,12880,1,1,1,1,1,1,0,0,0,0,0,1,1,1,1,1,6,2,8,2,255,0,0,1,1,0x404FF0208026F83F
3878,806,12896,1,1,1,1,1,1,0,0,0,0,0,1,1,1,1,1,6,2,8,2,255,0,0,1,1,0x404FF0208026F83F
3879,807,12912,1,1,1,1,1,1,0,0,0,0,0,1,1,1,1,1,6,2,8,2,255,0,0,1,1,0x404FF0208026F83F
3880,808,12928,1,1,1,1,1,1,0,0,0,0,0,1,1,1,1,1,6,2,8,2,255,0,0,1,1,0x404FF0208026F83F
3881,809,12944,1,1,1,1,1,1,0,0,0,0,0,1,1,1,1,1,6,2,8,2,255,0,0,1,1,0x404FF0208026F83F
3882,810,12960,1,1,1,1,1,1,0,0,0,0,0,1,1,1,1,1,6,2,8,2,255,0,0,1,1,0x404FF0208026F83F
3883,811,12976,1,1,1,1,1,1,0,0,0,0,0,1,1,1,1,1,6,2,8,2,255,0,0,1,1,0x404FF0208026F83F
3884,812,12992,1,1,1,1,1,1,0,0,0,0,0,1,1,1,1,1,6,2,8,2,255,0,0,1,1,0x404FF0208026F83F
3885,813,13008,1,1,1,1,1,1,0,0,0,0,0,1,1,1,1,1,6,2,8,2,255,0,0,1,1,0x404FF0208026F83F
3886,814,13024,1,1,1,1,1,1,0,0,0,0,0,1,1,1,1,1,6,2,8,2,255,0,0,1,1,0x404FF0208026F83F
3887,815,13040,1,1,1,1,1,1,0,0,0,0,0,1,1,1,1,1,6,2,8,2,255,0,0,1,1,0x404FF0208026F83F
3888,816,13056,1,1,1,1,1,1,0,0,0,0,0,1,1,1,1,1,6,2,8,2,255,0,0,1,1,0x404FF0208026F83F
3889,817,13072,1,1,1,1,1,1,0,0,0,0,0,1,1,1,1,1,6,2,8,2,255,0,0,1,1,0x404FF0208026F83F
3890,818,13088,1,1,1,1,1,1,0,0,0,0,0,1,1,1,1,1,6,2,8,2,255,0,0,1,1,0x404FF0208026F83F
3891,819,13104,1,1,1,1,1,1,0,0,0,0,0,1,1,1,1,1,6,2,8,2,255,0,0,1,1,0x404FF0208026F83F
3892,820,13120,1,1,1,1,1,1,0,0,0,0,0,1,1,1,1,1,6,2,8,2,255,0,0,1,1,0x404FF0208026F83F
3893,821,13136,1,1,1,1,1,1,0,0,0,0,0,1,1,1,1,1,6,2,8,2,255,0,0,1,1,0x404FF0208026F83F
3894,822,13152,1,1,1,1,1,1,0,0,0,0,0,1,1,1,1,1,6,2,8,2,255,0,0,1,1,0x404FF0208026F83F
3895,823,13168,1,1,1,1,1,1,0,0,0,0,0,1,1,1,1,1,6,2,8,2,255,0,0,1,1,0x404FF0208026F83F
3896,824,13184,1,1,1,1,1,1,0,0,0,0,0,1,1,1,1,1,6,2,8,2,255,0,0,1,1,0x404FF0208026F83F
3897,825,13200,1,1,1,1,1,1,0,0,0,0,0,1,1,1,1,1,6,2,8,2,255,0,0,1,1,0x404FF0208026F83F
3898,826,13216,1,1,1,1,1,1,0,0,0,0,0,1,1,1,1,1,6,2,8,2,255,0,0,1,1,0x404FF0208026F83F
3899,827,13232,1,1,1,1,1,1,0,0,0,0,0,1,1,1,1,1,6,2,8,2,255,0,0,1,1,0x404FF0208026F83F
3900,828,13248,1,1,1,1,1,1,0,0,0,0,0,1,1,1,1,1,6,2,8,2,255,0,0,1,1,0x404FF0208026F83F
3901,829,13264,1,1,1,1,1,1,0,0,0,0,0,1,1,1,1,1,6,2,8,2,255,0,0,1,1,0x404FF0208026F83F
3902,830,13280,1,1,1,1,1,1,0,0,0,0,0,1,1,1,1,1,6,2,8,2,255,0,0,1,1,0x404FF0208026F83F
3903,831,13296,1,1,1,1,1,1,0,0,0,0,0,1,1,1,1,1,6,2,8,2,255,0,0,1,1,0x404FF0208026F83F
3904,832,13312,1,1,1,1,1,1,0,0,0,0,0,1,1,1,1,1,6,2,8,2,255,0,0,1,1,0x404FF0208026F83F
3905,833,13328,1,1,1,1,1,1,0,0,0,0,0,1,1,1,1,1,6,2,8,2,255,0,0,1,1,0x404FF0208026F83F
3906,834,13344,1,1,1,1,1,1,0,0,0,0,0,1,1,1,1,1,6,2,8,2,255,0,0,1,1,0x404FF0208026F83F
3907,835,13360,1,1,1,1,1,1,0,0,0,0,0,1,1,1,1,1,6,2,8,2,255,0,0,1,1,0x404FF0208026F83F
3908,836,13376,1,1,1,1,1,1,0,0,0,0,0,1,1,1,1,1,6,2,8,2,255,0,0,1,1,0x404FF0208026F83F
3909,837,13392,1,1,1,1,1,1,0,0,0,0,0,1,1,1,1,1,6,2,8,2,255,0,0,1,1,0x404FF0208026F83F
3910,838,13408,1,1,1,1,1,1,0,0,0,0,0,1,1,1,1,1,6,2,8,2,255,0,0,1,1,0x404FF0208026F83F
3911,839,13424,1,1,1,1,1,1,0,0,0,0,0,1,1,1,1,1,6,2,8,2,255,0,0,1,1,0x404FF0208026F83F
3912,840,13440,1,1,1,1,1,1,0,0,0,0,0,1,1,1,1,1,6,2,8,2,255,0,0,1,1,0x404FF0208026F83F
3913,841,13456,1,1,1,1,1,1,0,0,0,0,0,1,1,1,1,1,6,2,8,2,255,0,0,1,1,0x404FF0208026F83F
3914,842,13472,1,1,1,1,1,1,0,0,0,0,0,1,1,1,1,1,6,2,8,2,255,0,0,1,1,0x404FF0208026F83F
3915,843,13488,1,1,1,1,1,1,0,0,0,0,0,1,1,1,1,1,6,2,8,2,255,0,0,1,1,0x404FF0208026F83F
3916,844,13504,1,1,1,1,1,1,0,0,0,0,0,1,1,1,1,1,6,2,8,2,255,0,0,1,1,0x404FF0208026F83F
3917,845,13520,1,1,1,1,1,1,0,0,0,0,0,1,1,1,1,1,6,2,8,2,255,0,0,1,1,0x404FF0208026F83F
3918,846,13536,1,1,1,1,1,1,0,0,0,0,0,1,1,1,1,1,6,2,8,2,255,0,0,1,1,0x404FF0208026F83F
3919,847,13552,1,1,1,1,1,1,0,0,0,0,0,1,1,1,1,1,6,2,8,2,255,0,0,1,1,0x404FF0208026F83F
3920,848,13568,1,1,1,1,1,1,0,0,0,0,0,1,1,1,1,1,6,2,8,2,255,0,0,1,1,0x404FF0208026F83F
3921,849,13584,1,1,1,1,1,1,0,0,0,0,0,1,1,1,1,1,6,2,8,2,255,0,0,1,1,0x404FF0208026F83F
3922,850,13600,1,1,1,1,1,1,0,0,0,0,0,1,1,1,1,1,6,2,8,2,255,0,0,1,1,0x404FF0208026F83F
3923,851,13616,1,1,1,1,1,1,0,0,0,0,0,1,1,1,1,1,6,2,8,2,255,0,0,1,1,0x404FF0208026F83F
3924,852,13632,1,1,1,1,1,1,0,0,0,0,0,1,1,1,1,1,6,2,8,2,255,0,0,1,1,0x404FF0208026F83F
3925,853,13648,1,1,1,1,1,1,0,0,0,0,0,1,1,1,1,1,6,2,8,2,255,0,0,1,1,0x404FF0208026F83F
3926,854,13664,1,1,1,1,1,1,0,0,0,0,0,1,1,1,1,1,6,2,8,2,255,0,0,1,1,0x404FF0208026F83F
3927,855,13680,1,1,1,1,1,1,0,0,0,0,0,1,1,1,1,1,6,2,8,2,255,0,0,1,1,0x404FF0208026F83F
3928,856,13696,1,1,1,1,1,1,0,0,0,0,0,1,1,1,1,1,6,2,8,2,255,0,0,1,1,0x404FF0208026F83F
3929,857,13712,1,1,1,1,1,1,0,0,0,0,0,1,1,1,1,1,6,2,8,2,255,0,0,1,1,0x404FF0208026F83F
3930,858,13728,1,1,1,1,1,1,0,0,0,0,0,1,1,1,1,1,6,2,8,2,255,0,0,1,1,0x404FF0208026F83F
3931,859,13744,1,1,1,1,1,1,0,0,0,0,0,1,1,1,1,1,6,2,8,2,255,0,0,1,1,0x404FF0208026F83F
3932,860,13760,1,1,1,1,1,1,0,0,0,0,0,1,1,1,1,1,6,2,8,2,255,0,0,1,1,0x404FF0208026F83F
3933,861,13776,1,1,1,1,1,1,0,0,0,0,0,1,1,1,1,1,6,2,8,2,255,0,0,1,1,0x404FF0208026F83F
3934,862,13792,1,1,1,1,1,1,0,0,0,0,0,1,1,1,1,1,6,2,8,2,255,0,0,1,1,0x404FF0208026F83F
3935,863,13808,1,1,1,1,1,1,0,0,0,0,0,1,1,1,1,1,6,2,8,2,255,0,0,1,1,0x404FF0208026F83F
3936,864,13824,1,1,1,1,1,1,0,0,0,0,0,1,1,1,1,1,6,2,8,2,255,0,0,1,1,0x404FF0208026F83F
3937,865,13840,1,1,1,1,1,1,0,0,0,0,0,1,1,1,1,1,6,2,8,2,255,0,0,1,1,0x404FF0208026F83F
3938,866,13856,1,1,1,1,1,1,0,0,0,0,0,1,1,1,1,1,6,2,8,2,255,0,0,1,1,0x404FF0208026F83F
3939,867,13872,1,1,1,1,1,1,0,0,0,0,0,1,1,1,1,1,6,2,8,2,255,0,0,1,1,0x404FF0208026F83F
3940,868,13888,1,1,1,1,1,1,0,0,0,0,0,1,1,1,1,1,6,2,8,2,255,0,0,1,1,0x404FF0208026F83F
3941,869,13904,1,1,1,1,1,1,0,0,0,0,0,1,1,1,1,1,6,2,8,2,255,0,0,1,1,0x404FF0208026F83F
3942,870,13920,1,1,1,1,1,1,0,0,0,0,0,1,1,1,1,1,6,2,8,2,255,0,0,1,1,0x404FF0208026F83F
3943,871,13936,1,1,1,1,1,1,0,0,0,0,0,1,1,1,1,1,6,2,8,2,255,0,0,1,1,0x404FF0208026F83F
3944,872,13952,1,1,1,1,1,1,0,0,0,0,0,1,1,1,1,1,6,2,8,2,255,0,0,1,1,0x404FF0208026F83F
3945,873,13968,1,1,1,1,1,1,0,0,0,0,0,1,1,1,1,1,6,2,8,2,255,0,0,1,1,0x404FF0208026F83F
3946,874,13984,1,1,1,1,1,1,0,0,0,0,0,1,1,1,1,1,6,2,8,2,255,0,0,1,1,0x404FF0208026F83F
3947,875,14000,1,1,1,1,1,1,0,0,0,0,0,1,1,1,1,1,6,2,8,2,255,0,0,1,1,0x404FF0208026F83F
3948,876,14016,1,1,1,1,1,1,0,0,0,0,0,1,1,1,1,1,6,2,8,2,255,0,0,1,1,0x404FF0208026F83F
3949,877,14032,1,1,1,1,1,1,0,0,0,0,0,1,1,1,1,1,6,2,8,2,255,0,0,1,1,0x404FF0208026F83F
3950,878,14048,1,1,1,1,1,1,0,0,0,0,0,1,1,1,1,1,6,2,8,2,255,0,0,1,1,0x404FF0208026F83F
3951,879,14064,1,1,1,1,1,1,0,0,0,0,0,1,1,1,1,1,6,2,8,2,255,0,0,1,1,0x404FF0208026F83F
3952,880,14080,1,1,1,1,1,1,0,0,0,0,0,1,1,1,1,1,6,2,8,2,255,0,0,1,1,0x404FF0208026F83F
3953,881,14096,1,1,1,1,1,1,0,0,0,0,0,1,1,1,1,1,6,2,8,2,255,0,0,1,1,0x404FF0208026F83F
3954,882,14112,1,1,1,1,1,1,0,0,0,0,0,1,1,1,1,1,6,2,8,2,255,0,0,1,1,0x404FF0208026F83F
3955,883,14128,1,1,1,1,1,1,0,0,0,0,0,1,1,1,1,1,6,2,8,2,255,0,0,1,1,0x404FF0208026F83F
3956,884,14144,1,1,1,1,1,1,0,0,0,0,0,1,1,1,1,1,6,2,8,2,255,0,0,1,1,0x404FF0208026F83F
3957,885,14160,1,1,1,1,1,1,0,0,0,0,0,1,1,1,1,1,6,2,8,2,255,0,0,1,1,0x404FF0208026F83F
3958,886,14176,1,1,1,1,1,1,0,0,0,0,0,1,1,1,1,1,6,2,8,2,255,0,0,1,1,0x404FF0208026F83F
3959,887,14192,1,1,1,1,1,1,0,0,0,0,0,1,1,1,1,1,6,2,8,2,255,0,0,1,1,0x404FF0208026F83F
3960,888,14208,1,1,1,1,1,1,0,0,0,0,0,1,1,1,1,1,6,2,8,2,255,0,0,1,1,0x404FF0208026F83F
3961,889,14224,1,1,1,1,1,1,0,0,0,0,0,1,1,1,1,1,6,2,8,2,255,0,0,1,1,0x404FF0208026F83F
3962,890,14240,1,1,1,1,1,1,0,0,0,0,0,1,1,1,1,1,6,2,8,2,255,0,0,1,1,0x404FF0208026F83F
3963,891,14256,1,1,1,1,1,1,0,0,0,0,0,1,1,1,1,1,6,2,8,2,255,0,0,1,1,0x404FF0208026F83F
3964,892,14272,1,1,1,1,1,1,0,0,0,0,0,1,1,1,1,1,6,2,8,2,255,0,0,1,1,0x404FF0208026F83F
3965,893,14288,1,1,1,1,1,1,0,0,0,0,0,1,1,1,1,1,6,2,8,2,255,0,0,1,1,0x404FF0208026F83F
3966,894,14304,1,1,1,1,1,1,0,0,0,0,0,1,1,1,1,1,6,2,8,2,255,0,0,1,1,0x404FF0208026F83F
3967,895,14320,1,1,1,1,1,1,0,0,0,0,0,1,1,1,1,1,6,2,8,2,255,0,0,1,1,0x404FF0208026F83F
3968,896,14336,1,1,1,1,1,1,0,0,0,0,0,1,1,1,1,1,6,2,8,2,255,0,0,1,1,0x404FF0208026F83F
3969,897,14352,1,1,1,1,1,1,0,0,0,0,0,1,1,1,1,1,6,2,8,2,255,0,0,1,1,0x404FF0208026F83F
3970,898,14368,1,1,1,1,1,1,0,0,0,0,0,1,1,1,1,1,6,2,8,2,255,0,0,1,1,0x404FF0208026F83F
3971,899,14384,1,1,1,1,1,1,0,0,0,0,0,1,1,1,1,1,6,2,8,2,255,0,0,1,1,0x404FF0208026F83F
3972,900,14400,1,1,1,1,1,1,0,0,0,0,0,1,1,1,1,1,6,2,8,2,255,0,0,1,1,0x404FF0208026F83F
3973,901,14416,1,1,1,1,1,1,0,0,0,0,0,1,1,1,1,1,6,2,8,2,255,0,0,1,1,0x404FF0208026F83F
3974,902,14432,1,1,1,1,1,1,0,0,0,0,0,1,1,1,1,1,6,2,8,2,255,0,0,1,1,0x404FF0208026F83F
3975,903,14448,1,1,1,1,1,1,0,0,0,0,0,1,1,1,1,1,6,2,8,2,255,0,0,1,1,0x404FF0208026F83F
3976,904,14464,1,1,1,1,1,1,0,0,0,0,0,1,1,1,1,1,6,2,8,2,255,0,0,1,1,0x404FF0208026F83F
3977,905,14480,1,1,1,1,1,1,0,0,0,0,0,1,1,1,1,1,6,2,8,2,255,0,0,1,1,0x404FF0208026F83F
3978,906,14496,1,1,1,1,1,1,0,0,0,0,0,1,1,1,1,1,6,2,8,2,255,0,0,1,1,0x404FF0208026F83F
3979,907,14512,1,1,1,1,1,1,0,0,0,0,0,1,1,1,1,1,6,2,8,2,255,0,0,1,1,0x404FF0208026F83F
3980,908,14528,1,1,1,1,1,1,0,0,0,0,0,1,1,1,1,1,6,2,8,2,255,0,0,1,1,0x404FF0208026F83F
3981,909,14544,1,1,1,1,1,1,0,0,0,0,0,1,1,1,1,1,6,2,8,2,255,0,0,1,1,0x404FF0208026F83F
3982,910,14560,1,1,1,1,1,1,0,0,0,0,0,1,1,1,1,1,6,2,8,2,255,0,0,1,1,0x404FF0208026F83F
3983,911,14576,1,1,1,1,1,1,0,0,0,0,0,1,1,1,1,1,6,2,8,2,255,0,0,1,1,0x404FF0208026F83F
3984,912,14592,1,1,1,1,1,1,0,0,0,0,0,1,1,1,1,1,6,2,8,2,255,0,0,1,1,0x404FF0208026F83F
3985,913,14608,1,1,1,1,1,1,0,0,0,0,0,1,1,1,1,1,6,2,8,2,255,0,0,1,1,0x404FF0208026F83F
3986,914,14624,1,1,1,1,1,1,0,0,0,0,0,1,1,1,1,1,6,2,8,2,255,0,0,1,1,0x404FF0208026F83F
3987,915,14640,1,1,1,1,1,1,0,0,0,0,0,1,1,1,1,1,6,2,8,2,255,0,0,1,1,0x404FF0208026F83F
3988,916,14656,1,1,1,1,1,1,0,0,0,0,0,1,1,1,1,1,6,2,8,2,255,0,0,1,1,0x404FF0208026F83F
3989,917,14672,1,1,1,1,1,1,0,0,0,0,0,1,1,1,1,1,6,2,8,2,255,0,0,1,1,0x404FF0208026F83F
3990,918,14688,1,1,1,1,1,1,0,0,0,0,0,1,1,1,1,1,6,2,8,2,255,0,0,1,1,0x404FF0208026F83F
3991,919,14704,1,1,1,1,1,1,0,0,0,0,0,1,1,1,1,1,6,2,8,2,255,0,0,1,1,0x404FF0208026F83F
3992,920,14720,1,1,1,1,1,1,0,0,0,0,0,1,1,1,1,1,6,2,8,2,255,0,0,1,1,0x404FF0208026F83F
3993,921,14736,1,1,1,1,1,1,0,0,0,0,0,1,1,1,1,1,6,2,8,2,255,0,0,1,1,0x404FF0208026F83F
3994,922,14752,1,1,1,1,1,1,0,0,0,0,0,1,1,1,1,1,6,2,8,2,255,0,0,1,1,0x404FF0208026F83F
3995,923,14768,1,1,1,1,1,1,0,0,0,0,0,1,1,1,1,1,6,2,8,2,255,0,0,1,1,0x404FF0208026F83F
3996,924,14784,1,1,1,1,1,1,0,0,0,0,0,1,1,1,1,1,6,2,8,2,255,0,0,1,1,0x404FF0208026F83F
3997,925,14800,1,1,1,1,1,1,0,0,0,0,0,1,1,1,1,1,6,2,8,2,255,0,0,1,1,0x404FF0208026F83F
3998,926,14816,1,1,1,1,1,1,0,0,0,0,0,1,1,1,1,1,6,2,8,2,255,0,0,1,1,0x404FF0208026F83F
3999,927,14832,1,1,1,1,1,1,0,0,0,0,0,1,1,1,1,1,6,2,8,2,255,0,0,1,1,0x404FF0208026F83F
4000,928,14848,1,1,1,1,1,1,0,0,0,0,0,1,1,1,1,1,6,2,8,2,255,0,0,1,1,0x404FF0208026F83F
4001,929,14864,1,1,1,1,1,1,0,0,0,0,0,1,1,1,1,1,6,2,8,2,255,0,0,1,1,0x404FF0208026F83F
4002,930,14880,1,1,1,1,1,1,0,0,0,0,0,1,1,1,1,1,6,2,8,2,255,0,0,1,1,0x404FF0208026F83F
4003,931,14896,1,1,1,1,1,1,0,0,0,0,0,1,1,1,1,1,6,2,8,2,255,0,0,1,1,0x404FF0208026F83F
4004,932,14912,1,1,1,1,1,1,0,0,0,0,0,1,1,1,1,1,6,2,8,2,255,0,0,1,1,0x404FF0208026F83F
4005,933,14928,1,1,1,1,1,1,0,0,0,0,0,1,1,1,1,1,6,2,8,2,255,0,0,1,1,0x404FF0208026F83F
4006,934,14944,1,1,1,1,1,1,0,0,0,0,0,1,1,1,1,1,6,2,8,2,255,0,0,1,1,0x404FF0208026F83F
4007,935,14960,1,1,1,1,1,1,0,0,0,0,0,1,1,1,1,1,6,2,8,2,255,0,0,1,1,0x404FF0208026F83F
4008,936,14976,1,1,1,1,1,1,0,0,0,0,0,1,1,1,1,1,6,2,8,2,255,0,0,1,1,0x404FF0208026F83F
4009,937,14992,1,1,1,1,1,1,0,0,0,0,0,1,1,1,1,1,6,2,8,2,255,0,0,1,1,0x404FF0208026F83F
4010,938,15008,1,1,1,1,1,1,0,0,0,0,0,1,1,1,1,1,6,2,8,2,255,0,0,1,1,0x404FF0208026F83F
4011,939,15024,1,1,1,1,1,1,0,0,0,0,0,1,1,1,1,1,6,2,8,2,255,0,0,1,1,0x404FF0208026F83F
4012,940,15040,1,1,1,1,1,1,0,0,0,0,0,1,1,1,1,1,6,2,8,2,255,0,0,1,1,0x404FF0208026F83F
4013,941,15056,1,1,1,1,1,1,0,0,0,0,0,1,1,1,1,1,6,2,8,2,255,0,0,1,1,0x404FF0208026F83F
4014,942,15072,1,1,1,1,1,1,0,0,0,0,0,1,1,1,1,1,6,2,8,2,255,0,0,1,1,0x404FF0208026F83F
4015,943,15088,1,1,1,1,1,1,0,0,0,0,0,1,1,1,1,1,6,2,8,2,255,0,0,1,1,0x404FF0208026F83F
4016,944,15104,1,1,1,1,1,1,0,0,0,0,0,1,1,1,1,1,6,2,8,2,255,0,0,1,1,0x404FF0208026F83F
4017,945,15120,1,1,1,1,1,1,0,0,0,0,0,1,1,1,1,1,6,2,8,2,255,0,0,1,1,0x404FF0208026F83F
4018,946,15136,1,1,1,1,1,1,0,0,0,0,0,1,1,1,1,1,6,2,8,2,255,0,0,1,1,0x404FF0208026F83F
4019,947,15152,1,1,1,1,1,1,0,0,0,0,0,1,1,1,1,1,6,2,8,2,255,0,0,1,1,0x404FF0208026F83F
4020,948,15168,1,1,1,1,1,1,0,0,0,0,0,1,1,1,1,1,6,2,8,2,255,0,0,1,1,0x404FF0208026F83F
4021,949,15184,1,1,1,1,1,1,0,0,0,0,0,1,1,1,1,1,6,2,8,2,255,0,0,1,1,0x404FF0208026F83F
4022,950,15200,1,1,1,1,1,1,0,0,0,0,0,1,1,1,1,1,6,2,8,2,255,0,0,1,1,0x404FF0208026F83F
4023,951,15216,1,1,1,1,1,1,0,0,0,0,0,1,1,1,1,1,6,2,8,2,255,0,0,1,1,0x404FF0208026F83F
4024,952,15232,1,1,1,1,1,1,0,0,0,0,0,1,1,1,1,1,6,2,8,2,255,0,0,1,1,0x404FF0208026F83F
4025,953,15248,1,1,1,1,1,1,0,0,0,0,0,1,1,1,1,1,6,2,8,2,255,0,0,1,1,0x404FF0208026F83F
4026,954,15264,1,1,1,1,1,1,0,0,0,0,0,1,1,1,1,1,6,2,8,2,255,0,0,1,1,0x404FF0208026F83F
4027,955,15280,1,1,1,1,1,1,0,0,0,0,0,1,1,1,1,1,6,2,8,2,255,0,0,1,1,0x404FF0208026F83F
4028,956,15296,1,1,1,1,1,1,0,0,0,0,0,1,1,1,1,1,6,2,8,2,255,0,0,1,1,0x404FF0208026F83F
4029,957,15312,1,1,1,1,1,1,0,0,0,0,0,1,1,1,1,1,6,2,8,2,255,0,0,1,1,0x404FF0208026F83F
4030,958,15328,1,1,1,1,1,1,0,0,0,0,0,1,1,1,1,1,6,2,8,2,255,0,0,1,1,0x404FF0208026F83F
4031,959,15344,1,1,1,1,1,1,0,0,0,0,0,1,1,1,1,1,6,2,8,2,255,0,0,1,1,0x404FF0208026F83F
4032,960,15360,1,1,1,1,1,1,0,0,0,0,0,1,1,1,1,1,6,2,8,2,255,0,0,1,1,0x404FF0208026F83F
4033,961,15376,1,1,1,1,1,1,0,0,0,0,0,1,1,1,1,1,6,2,8,2,255,0,0,1,1,0x404FF0208026F83F
4034,962,15392,1,1,1,1,1,1,0,0,0,0,0,1,1,1,1,1,6,2,8,2,255,0,0,1,1,0x404FF0208026F83F
4035,963,15408,1,1,1,1,1,1,0,0,0,0,0,1,1,1,1,1,6,2,8,2,255,0,0,1,1,0x404FF0208026F83F
4036,964,15424,1,1,1,1,1,1,0,0,0,0,0,1,1,1,1,1,6,2,8,2,255,0,0,1,1,0x404FF0208026F83F
4037,965,15440,1,1,1,1,1,1,0,0,0,0,0,1,1,1,1,1,6,2,8,2,255,0,0,1,1,0x404FF0208026F83F
4038,966,15456,1,1,1,1,1,1,0,0,0,0,0,1,1,1,1,1,6,2,8,2,255,0,0,1,1,0x404FF0208026F83F
4039,967,15472,1,1,1,1,1,1,0,0,0,0,0,1,1,1,1,1,6,2,8,2,255,0,0,1,1,0x404FF0208026F83F
4040,968,15488,1,1,1,1,1,1,0,0,0,0,0,1,1,1,1,1,6,2,8,2,255,0,0,1,1,0x404FF0208026F83F
4041,969,15504,1,1,1,1,1,1,0,0,0,0,0,1,1,1,1,1,6,2,8,2,255,0,0,1,1,0x404FF0208026F83F
4042,970,15520,1,1,1,1,1,1,0,0,0,0,0,1,1,1,1,1,6,2,8,2,255,0,0,1,1,0x404FF0208026F83F
4043,971,15536,1,1,1,1,1,1,0,0,0,0,0,1,1,1,1,1,6,2,8,2,255,0,0,1,1,0x404FF0208026F83F
4044,972,15552,1,1,1,1,1,1,0,0,0,0,0,1,1,1,1,1,6,2,8,2,255,0,0,1,1,0x404FF0208026F83F
4045,973,15568,1,1,1,1,1,1,0,0,0,0,0,1,1,1,1,1,6,2,8,2,255,0,0,1,1,0x404FF0208026F83F
4046,974,15584,1,1,1,1,1,1,0,0,0,0,0,1,1,1,1,1,6,2,8,2,255,0,0,1,1,0x404FF0208026F83F
4047,975,15600,1,1,1,1,1,1,0,0,0,0,0,1,1,1,1,1,6,2,8,2,255,0,0,1,1,0x404FF0208026F83F
4048,976,15616,1,1,1,1,1,1,0,0,0,0,0,1,1,1,1,1,6,2,8,2,255,0,0,1,1,0x404FF0208026F83F
4049,977,15632,1,1,1,1,1,1,0,0,0,0,0,1,1,1,1,1,6,2,8,2,255,0,0,1,1,0x404FF0208026F83F
4050,978,15648,1,1,1,1,1,1,0,0,0,0,0,1,1,1,1,1,6,2,8,2,255,0,0,1,1,0x404FF0208026F83F
4051,979,15664,1,1,1,1,1,1,0,0,0,0,0,1,1,1,1,1,6,2,8,2,255,0,0,1,1,0x404FF0208026F83F
4052,980,15680,1,1,1,1,1,1,0,0,0,0,0,1,1,1,1,1,6,2,8,2,255,0,0,1,1,0x404FF0208026F83F
4053,981,15696,1,1,1,1,1,1,0,0,0,0,0,1,1,1,1,1,6,2,8,2,255,0,0,1,1,0x404FF0208026F83F
4054,982,15712,1,1,1,1,1,1,0,0,0,0,0,1,1,1,1,1,6,2,8,2,255,0,0,1,1,0x404FF0208026F83F
4055,983,15728,1,1,1,1,1,1,0,0,0,0,0,1,1,1,1,1,6,2,8,2,255,0,0,1,1,0x404FF0208026F83F
4056,984,15744,1,1,1,1,1,1,0,0,0,0,0,1,1,1,1,1,6,2,8,2,255,0,0,1,1,0x404FF0208026F83F
4057,985,15760,1,1,1,1,1,1,0,0,0,0,0,1,1,1,1,1,6,2,8,2,255,0,0,1,1,0x404FF0208026F83F
4058,986,15776,1,1,1,1,1,1,0,0,0,0,0,1,1,1,1,1,6,2,8,2,255,0,0,1,1,0x404FF0208026F83F
4059,987,15792,1,1,1,1,1,1,0,0,0,0,0,1,1,1,1,1,6,2,8,2,255,0,0,1,1,0x404FF0208026F83F
4060,988,15808,1,1,1,1,1,1,0,0,0,0,0,1,1,1,1,1,6,2,8,2,255,0,0,1,1,0x404FF0208026F83F
4061,989,15824,1,1,1,1,1,1,0,0,0,0,0,1,1,1,1,1,6,2,8,2,255,0,0,1,1,0x404FF0208026F83F
4062,990,15840,1,1,1,1,1,1,0,0,0,0,0,1,1,1,1,1,6,2,8,2,255,0,0,1,1,0x404FF0208026F83F
4063,991,15856,1,1,1,1,1,1,0,0,0,0,0,1,1,1,1,1,6,2,8,2,255,0,0,1,1,0x404FF0208026F83F
4064,992,15872,1,1,1,1,1,1,0,0,0,0,0,1,1,1,1,1,6,2,8,2,255,0,0,1,1,0x404FF0208026F83F
4065,993,15888,1,1,1,1,1,1,0,0,0,0,0,1,1,1,1,1,6,2,8,2,255,0,0,1,1,0x404FF0208026F83F
4066,994,15904,1,1,1,1,1,1,0,0,0,0,0,1,1,1,1,1,6,2,8,2,255,0,0,1,1,0x404FF0208026F83F
4067,995,15920,1,1,1,1,1,1,0,0,0,0,0,1,1,1,1,1,6,2,8,2,255,0,0,1,1,0x404FF0208026F83F
4068,996,15936,1,1,1,1,1,1,0,0,0,0,0,1,1,1,1,1,6,2,8,2,255,0,0,1,1,0x404FF0208026F83F
4069,997,15952,1,1,1,1,1,1,0,0,0,0,0,1,1,1,1,1,6,2,8,2,255,0,0,1,1,0x404FF0208026F83F
4070,998,15968,1,1,1,1,1,1,0,0,0,0,0,1,1,1,1,1,6,2,8,2,255,0,0,1,1,0x404FF0208026F83F
4071,999,15984,1,1,1,1,1,1,0,0,0,0,0,1,1,1,1,1,6,2,8,2,255,0,0,1,1,0x404FF0208026F83F
4072,1000,16000,1,1,1,1,1,1,0,0,0,0,0,1,1,1,1,1,6,2,8,2,255,0,0,1,1,0x404FF0208026F83F
4073,1001,16016,1,1,1,1,1,1,0,0,0,0,0,1,1,1,1,1,6,2,8,2,255,0,0,1,1,0x404FF0208026F83F
4074,1002,16032,1,1,1,1,1,1,0,0,0,0,0,1,1,1,1,1,6,2,8,2,255,0,0,1,1,0x404FF0208026F83F
4075,1003,16048,1,1,1,1,1,1,0,0,0,0,0,1,1,1,1,1,6,2,8,2,255,0,0,1,1,0x404FF0208026F83F
4076,1004,16064,1,1,1,1,1,1,0,0,0,0,0,1,1,1,1,1,6,2,8,2,255,0,0,1,1,0x404FF0208026F83F
4077,1005,16080,1,1,1,1,1,1,0,0,0,0,0,1,1,1,1,1,6,2,8,2,255,0,0,1,1,0x404FF0208026F83F
4078,1006,16096,1,1,1,1,1,1,0,0,0,0,0,1,1,1,1,1,6,2,8,2,255,0,0,1,1,0x404FF0208026F83F
4079,1007,16112,1,1,1,1,1,1,0,0,0,0,0,1,1,1,1,1,6,2,8,2,255,0,0,1,1,0x404FF0208026F83F
4080,1008,16128,1,1,1,1,1,1,0,0,0,0,0,1,1,1,1,1,6,2,8,2,255,0,0,1,1,0x404FF0208026F83F
4081,1009,16144,1,1,1,1,1,1,0,0,0,0,0,1,1,1,1,1,6,2,8,2,255,0,0,1,1,0x404FF0208026F83F
4082,1010,16160,1,1,1,1,1,1,0,0,0,0,0,1,1,1,1,1,6,2,8,2,255,0,0,1,1,0x404FF0208026F83F
4083,1011,16176,1,1,1,1,1,1,0,0,0,0,0,1,1,1,1,1,6,2,8,2,255,0,0,1,1,0x404FF0208026F83F
4084,1012,16192,1,1,1,1,1,1,0,0,0,0,0,1,1,1,1,1,6,2,8,2,255,0,0,1,1,0x404FF0208026F83F
4085,1013,16208,1,1,1,1,1,1,0,0,0,0,0,1,1,1,1,1,6,2,8,2,255,0,0,1,1,0x404FF0208026F83F
4086,1014,16224,1,1,1,1,1,1,0,0,0,0,0,1,1,1,1,1,6,2,8,2,255,0,0,1,1,0x404FF0208026F83F
4087,1015,16240,1,1,1,1,1,1,0,0,0,0,0,1,1,1,1,1,6,2,8,2,255,0,0,1,1,0x404FF0208026F83F
4088,1016,16256,1,1,1,1,1,1,0,0,0,0,0,1,1,1,1,1,6,2,8,2,255,0,0,1,1,0x404FF0208026F83F
4089,1017,16272,1,1,1,1,1,1,0,0,0,0,0,1,1,1,1,1,6,2,8,2,255,0,0,1,1,0x404FF0208026F83F
4090,1018,16288,1,1,1,1,1,1,0,0,0,0,0,1,1,1,1,1,6,2,8,2,255,0,0,1,1,0x404FF0208026F83F
4091,1019,16304,1,1,1,1,1,1,0,0,0,0,0,1,1,1,1,1,6,2,8,2,255,0,0,1,1,0x404FF0208026F83F
4092,1020,16320,1,1,1,1,1,1,0,0,0,0,0,1,1,1,1,1,6,2,8,2,255,0,0,1,1,0x404FF0208026F83F
4093,1021,16336,1,1,1,1,1,1,0,0,0,0,0,1,1,1,1,1,6,2,8,2,255,0,0,1,1,0x404FF0208026F83F
4094,1022,16352,1,1,1,1,1,1,0,0,0,0,0,1,1,1,1,1,6,2,8,2,255,0,0,1,1,0x404FF0208026F83F
4095,1023,16368,1,1,1,1,1,1,0,0,0,0,0,1,1,1,1,1,6,2,8,2,255,0,0,1,1,0x404FF0208026F83F
