RowID	Rule	Severity	DestinationEndpoint	ProductPhysicalSource	DiagnosticPhysicalSource	SourceClock	DestinationClock	Exception	SemanticFamily	GoverningToken	ProtocolProof	EarliestUseBarrier	ReplacementGroup
CDC1-CHG-0001	CDC-1	Critical	G2B_ONECH_C2H/axi_hard_episode_reg/D	G2B_ONECH_C2H/reset_commit_phase_hold_source_reg[1]/C	G2B_ONECH_C2H/reset_commit_phase_hold_source_reg[0]/C	nvp_vclk1	userclk1	Max Delay Datapath Only	RESET_COMMIT_STABLE_PAYLOAD	commit_sync2_axi[3:0]_completion_barrier	transport request/ack plus synchronized four-slot commit equality	GROUP_13_EARLIEST_USE_GE_32NS_AND_6NS_SETTLING_CAP	GROUP_13_CHECK_5_RESET_COMMIT_PHASE_COMPLETION_BARRIER
CDC1-CHG-0002	CDC-1	Critical	G2B_ONECH_C2H/axis_state_reg[0]/D	G2B_ONECH_C2H/reset_commit_phase_hold_source_reg[1]/C	G2B_ONECH_C2H/reset_commit_phase_hold_source_reg[0]/C	nvp_vclk1	userclk1	Max Delay Datapath Only	RESET_COMMIT_STABLE_PAYLOAD	commit_sync2_axi[3:0]_completion_barrier	transport request/ack plus synchronized four-slot commit equality	GROUP_13_EARLIEST_USE_GE_32NS_AND_6NS_SETTLING_CAP	GROUP_13_CHECK_5_RESET_COMMIT_PHASE_COMPLETION_BARRIER
CDC1-CHG-0003	CDC-1	Critical	G2B_ONECH_C2H/axis_state_reg[1]/D	G2B_ONECH_C2H/reset_commit_phase_hold_source_reg[1]/C	G2B_ONECH_C2H/reset_commit_phase_hold_source_reg[0]/C	nvp_vclk1	userclk1	Max Delay Datapath Only	RESET_COMMIT_STABLE_PAYLOAD	commit_sync2_axi[3:0]_completion_barrier	transport request/ack plus synchronized four-slot commit equality	GROUP_13_EARLIEST_USE_GE_32NS_AND_6NS_SETTLING_CAP	GROUP_13_CHECK_5_RESET_COMMIT_PHASE_COMPLETION_BARRIER
CDC1-CHG-0004	CDC-1	Critical	G2B_ONECH_C2H/axis_state_reg[2]/D	G2B_ONECH_C2H/reset_commit_phase_hold_source_reg[1]/C	G2B_ONECH_C2H/reset_commit_phase_hold_source_reg[0]/C	nvp_vclk1	userclk1	Max Delay Datapath Only	RESET_COMMIT_STABLE_PAYLOAD	commit_sync2_axi[3:0]_completion_barrier	transport request/ack plus synchronized four-slot commit equality	GROUP_13_EARLIEST_USE_GE_32NS_AND_6NS_SETTLING_CAP	GROUP_13_CHECK_5_RESET_COMMIT_PHASE_COMPLETION_BARRIER
CDC1-CHG-0005	CDC-1	Critical	G2B_ONECH_C2H/commit_fifo_count_reg[0]/D	G2B_ONECH_C2H/reset_commit_phase_hold_source_reg[1]/C	G2B_ONECH_C2H/reset_commit_phase_hold_source_reg[0]/C	nvp_vclk1	userclk1	Max Delay Datapath Only	RESET_COMMIT_STABLE_PAYLOAD	commit_sync2_axi[3:0]_completion_barrier	transport request/ack plus synchronized four-slot commit equality	GROUP_13_EARLIEST_USE_GE_32NS_AND_6NS_SETTLING_CAP	GROUP_13_CHECK_5_RESET_COMMIT_PHASE_COMPLETION_BARRIER
CDC1-CHG-0006	CDC-1	Critical	G2B_ONECH_C2H/commit_fifo_count_reg[1]/D	G2B_ONECH_C2H/reset_commit_phase_hold_source_reg[1]/C	G2B_ONECH_C2H/reset_commit_phase_hold_source_reg[0]/C	nvp_vclk1	userclk1	Max Delay Datapath Only	RESET_COMMIT_STABLE_PAYLOAD	commit_sync2_axi[3:0]_completion_barrier	transport request/ack plus synchronized four-slot commit equality	GROUP_13_EARLIEST_USE_GE_32NS_AND_6NS_SETTLING_CAP	GROUP_13_CHECK_5_RESET_COMMIT_PHASE_COMPLETION_BARRIER
CDC1-CHG-0007	CDC-1	Critical	G2B_ONECH_C2H/commit_fifo_count_reg[2]/D	G2B_ONECH_C2H/reset_commit_phase_hold_source_reg[1]/C	G2B_ONECH_C2H/reset_commit_phase_hold_source_reg[0]/C	nvp_vclk1	userclk1	Max Delay Datapath Only	RESET_COMMIT_STABLE_PAYLOAD	commit_sync2_axi[3:0]_completion_barrier	transport request/ack plus synchronized four-slot commit equality	GROUP_13_EARLIEST_USE_GE_32NS_AND_6NS_SETTLING_CAP	GROUP_13_CHECK_5_RESET_COMMIT_PHASE_COMPLETION_BARRIER
CDC1-CHG-0008	CDC-1	Critical	G2B_ONECH_C2H/commit_fifo_head_reg[0]/D	G2B_ONECH_C2H/reset_commit_phase_hold_source_reg[1]/C	G2B_ONECH_C2H/reset_commit_phase_hold_source_reg[0]/C	nvp_vclk1	userclk1	Max Delay Datapath Only	RESET_COMMIT_STABLE_PAYLOAD	commit_sync2_axi[3:0]_completion_barrier	transport request/ack plus synchronized four-slot commit equality	GROUP_13_EARLIEST_USE_GE_32NS_AND_6NS_SETTLING_CAP	GROUP_13_CHECK_5_RESET_COMMIT_PHASE_COMPLETION_BARRIER
CDC1-CHG-0009	CDC-1	Critical	G2B_ONECH_C2H/commit_fifo_head_reg[1]/D	G2B_ONECH_C2H/reset_commit_phase_hold_source_reg[1]/C	G2B_ONECH_C2H/reset_commit_phase_hold_source_reg[0]/C	nvp_vclk1	userclk1	Max Delay Datapath Only	RESET_COMMIT_STABLE_PAYLOAD	commit_sync2_axi[3:0]_completion_barrier	transport request/ack plus synchronized four-slot commit equality	GROUP_13_EARLIEST_USE_GE_32NS_AND_6NS_SETTLING_CAP	GROUP_13_CHECK_5_RESET_COMMIT_PHASE_COMPLETION_BARRIER
CDC1-CHG-0010	CDC-1	Critical	G2B_ONECH_C2H/commit_fifo_tail_reg[0]/D	G2B_ONECH_C2H/reset_commit_phase_hold_source_reg[1]/C	G2B_ONECH_C2H/reset_commit_phase_hold_source_reg[0]/C	nvp_vclk1	userclk1	Max Delay Datapath Only	RESET_COMMIT_STABLE_PAYLOAD	commit_sync2_axi[3:0]_completion_barrier	transport request/ack plus synchronized four-slot commit equality	GROUP_13_EARLIEST_USE_GE_32NS_AND_6NS_SETTLING_CAP	GROUP_13_CHECK_5_RESET_COMMIT_PHASE_COMPLETION_BARRIER
CDC1-CHG-0011	CDC-1	Critical	G2B_ONECH_C2H/commit_fifo_tail_reg[1]/D	G2B_ONECH_C2H/reset_commit_phase_hold_source_reg[1]/C	G2B_ONECH_C2H/reset_commit_phase_hold_source_reg[0]/C	nvp_vclk1	userclk1	Max Delay Datapath Only	RESET_COMMIT_STABLE_PAYLOAD	commit_sync2_axi[3:0]_completion_barrier	transport request/ack plus synchronized four-slot commit equality	GROUP_13_EARLIEST_USE_GE_32NS_AND_6NS_SETTLING_CAP	GROUP_13_CHECK_5_RESET_COMMIT_PHASE_COMPLETION_BARRIER
CDC1-CHG-0012	CDC-1	Critical	G2B_ONECH_C2H/commit_seen_axi_reg[0]/CE	G2B_ONECH_C2H/reset_commit_phase_hold_source_reg[1]/C	G2B_ONECH_C2H/reset_commit_phase_hold_source_reg[0]/C	nvp_vclk1	userclk1	Max Delay Datapath Only	RESET_COMMIT_STABLE_PAYLOAD	commit_sync2_axi[3:0]_completion_barrier	transport request/ack plus synchronized four-slot commit equality	GROUP_13_EARLIEST_USE_GE_32NS_AND_6NS_SETTLING_CAP	GROUP_13_CHECK_5_RESET_COMMIT_PHASE_COMPLETION_BARRIER
CDC1-CHG-0013	CDC-1	Critical	G2B_ONECH_C2H/commit_seen_axi_reg[1]/CE	G2B_ONECH_C2H/reset_commit_phase_hold_source_reg[1]/C	G2B_ONECH_C2H/reset_commit_phase_hold_source_reg[0]/C	nvp_vclk1	userclk1	Max Delay Datapath Only	RESET_COMMIT_STABLE_PAYLOAD	commit_sync2_axi[3:0]_completion_barrier	transport request/ack plus synchronized four-slot commit equality	GROUP_13_EARLIEST_USE_GE_32NS_AND_6NS_SETTLING_CAP	GROUP_13_CHECK_5_RESET_COMMIT_PHASE_COMPLETION_BARRIER
CDC1-CHG-0014	CDC-1	Critical	G2B_ONECH_C2H/commit_seen_axi_reg[2]/CE	G2B_ONECH_C2H/reset_commit_phase_hold_source_reg[1]/C	G2B_ONECH_C2H/reset_commit_phase_hold_source_reg[0]/C	nvp_vclk1	userclk1	Max Delay Datapath Only	RESET_COMMIT_STABLE_PAYLOAD	commit_sync2_axi[3:0]_completion_barrier	transport request/ack plus synchronized four-slot commit equality	GROUP_13_EARLIEST_USE_GE_32NS_AND_6NS_SETTLING_CAP	GROUP_13_CHECK_5_RESET_COMMIT_PHASE_COMPLETION_BARRIER
CDC1-CHG-0015	CDC-1	Critical	G2B_ONECH_C2H/commit_seen_axi_reg[3]/CE	G2B_ONECH_C2H/reset_commit_phase_hold_source_reg[1]/C	G2B_ONECH_C2H/reset_commit_phase_hold_source_reg[0]/C	nvp_vclk1	userclk1	Max Delay Datapath Only	RESET_COMMIT_STABLE_PAYLOAD	commit_sync2_axi[3:0]_completion_barrier	transport request/ack plus synchronized four-slot commit equality	GROUP_13_EARLIEST_USE_GE_32NS_AND_6NS_SETTLING_CAP	GROUP_13_CHECK_5_RESET_COMMIT_PHASE_COMPLETION_BARRIER
CDC1-CHG-0016	CDC-1	Critical	G2B_ONECH_C2H/global_stream_next_axi_reg[0]/CE	G2B_ONECH_C2H/reset_commit_phase_hold_source_reg[1]/C	G2B_ONECH_C2H/reset_commit_phase_hold_source_reg[0]/C	nvp_vclk1	userclk1	Max Delay Datapath Only	RESET_COMMIT_STABLE_PAYLOAD	commit_sync2_axi[3:0]_completion_barrier	transport request/ack plus synchronized four-slot commit equality	GROUP_13_EARLIEST_USE_GE_32NS_AND_6NS_SETTLING_CAP	GROUP_13_CHECK_5_RESET_COMMIT_PHASE_COMPLETION_BARRIER
CDC1-CHG-0017	CDC-1	Critical	G2B_ONECH_C2H/global_stream_next_axi_reg[10]/CE	G2B_ONECH_C2H/reset_commit_phase_hold_source_reg[1]/C	G2B_ONECH_C2H/reset_commit_phase_hold_source_reg[0]/C	nvp_vclk1	userclk1	Max Delay Datapath Only	RESET_COMMIT_STABLE_PAYLOAD	commit_sync2_axi[3:0]_completion_barrier	transport request/ack plus synchronized four-slot commit equality	GROUP_13_EARLIEST_USE_GE_32NS_AND_6NS_SETTLING_CAP	GROUP_13_CHECK_5_RESET_COMMIT_PHASE_COMPLETION_BARRIER
CDC1-CHG-0018	CDC-1	Critical	G2B_ONECH_C2H/global_stream_next_axi_reg[11]/CE	G2B_ONECH_C2H/reset_commit_phase_hold_source_reg[1]/C	G2B_ONECH_C2H/reset_commit_phase_hold_source_reg[0]/C	nvp_vclk1	userclk1	Max Delay Datapath Only	RESET_COMMIT_STABLE_PAYLOAD	commit_sync2_axi[3:0]_completion_barrier	transport request/ack plus synchronized four-slot commit equality	GROUP_13_EARLIEST_USE_GE_32NS_AND_6NS_SETTLING_CAP	GROUP_13_CHECK_5_RESET_COMMIT_PHASE_COMPLETION_BARRIER
CDC1-CHG-0019	CDC-1	Critical	G2B_ONECH_C2H/global_stream_next_axi_reg[12]/CE	G2B_ONECH_C2H/reset_commit_phase_hold_source_reg[1]/C	G2B_ONECH_C2H/reset_commit_phase_hold_source_reg[0]/C	nvp_vclk1	userclk1	Max Delay Datapath Only	RESET_COMMIT_STABLE_PAYLOAD	commit_sync2_axi[3:0]_completion_barrier	transport request/ack plus synchronized four-slot commit equality	GROUP_13_EARLIEST_USE_GE_32NS_AND_6NS_SETTLING_CAP	GROUP_13_CHECK_5_RESET_COMMIT_PHASE_COMPLETION_BARRIER
CDC1-CHG-0020	CDC-1	Critical	G2B_ONECH_C2H/global_stream_next_axi_reg[13]/CE	G2B_ONECH_C2H/reset_commit_phase_hold_source_reg[1]/C	G2B_ONECH_C2H/reset_commit_phase_hold_source_reg[0]/C	nvp_vclk1	userclk1	Max Delay Datapath Only	RESET_COMMIT_STABLE_PAYLOAD	commit_sync2_axi[3:0]_completion_barrier	transport request/ack plus synchronized four-slot commit equality	GROUP_13_EARLIEST_USE_GE_32NS_AND_6NS_SETTLING_CAP	GROUP_13_CHECK_5_RESET_COMMIT_PHASE_COMPLETION_BARRIER
CDC1-CHG-0021	CDC-1	Critical	G2B_ONECH_C2H/global_stream_next_axi_reg[14]/CE	G2B_ONECH_C2H/reset_commit_phase_hold_source_reg[1]/C	G2B_ONECH_C2H/reset_commit_phase_hold_source_reg[0]/C	nvp_vclk1	userclk1	Max Delay Datapath Only	RESET_COMMIT_STABLE_PAYLOAD	commit_sync2_axi[3:0]_completion_barrier	transport request/ack plus synchronized four-slot commit equality	GROUP_13_EARLIEST_USE_GE_32NS_AND_6NS_SETTLING_CAP	GROUP_13_CHECK_5_RESET_COMMIT_PHASE_COMPLETION_BARRIER
CDC1-CHG-0022	CDC-1	Critical	G2B_ONECH_C2H/global_stream_next_axi_reg[15]/CE	G2B_ONECH_C2H/reset_commit_phase_hold_source_reg[1]/C	G2B_ONECH_C2H/reset_commit_phase_hold_source_reg[0]/C	nvp_vclk1	userclk1	Max Delay Datapath Only	RESET_COMMIT_STABLE_PAYLOAD	commit_sync2_axi[3:0]_completion_barrier	transport request/ack plus synchronized four-slot commit equality	GROUP_13_EARLIEST_USE_GE_32NS_AND_6NS_SETTLING_CAP	GROUP_13_CHECK_5_RESET_COMMIT_PHASE_COMPLETION_BARRIER
CDC1-CHG-0023	CDC-1	Critical	G2B_ONECH_C2H/global_stream_next_axi_reg[16]/CE	G2B_ONECH_C2H/reset_commit_phase_hold_source_reg[1]/C	G2B_ONECH_C2H/reset_commit_phase_hold_source_reg[0]/C	nvp_vclk1	userclk1	Max Delay Datapath Only	RESET_COMMIT_STABLE_PAYLOAD	commit_sync2_axi[3:0]_completion_barrier	transport request/ack plus synchronized four-slot commit equality	GROUP_13_EARLIEST_USE_GE_32NS_AND_6NS_SETTLING_CAP	GROUP_13_CHECK_5_RESET_COMMIT_PHASE_COMPLETION_BARRIER
CDC1-CHG-0024	CDC-1	Critical	G2B_ONECH_C2H/global_stream_next_axi_reg[17]/CE	G2B_ONECH_C2H/reset_commit_phase_hold_source_reg[1]/C	G2B_ONECH_C2H/reset_commit_phase_hold_source_reg[0]/C	nvp_vclk1	userclk1	Max Delay Datapath Only	RESET_COMMIT_STABLE_PAYLOAD	commit_sync2_axi[3:0]_completion_barrier	transport request/ack plus synchronized four-slot commit equality	GROUP_13_EARLIEST_USE_GE_32NS_AND_6NS_SETTLING_CAP	GROUP_13_CHECK_5_RESET_COMMIT_PHASE_COMPLETION_BARRIER
CDC1-CHG-0025	CDC-1	Critical	G2B_ONECH_C2H/global_stream_next_axi_reg[18]/CE	G2B_ONECH_C2H/reset_commit_phase_hold_source_reg[1]/C	G2B_ONECH_C2H/reset_commit_phase_hold_source_reg[0]/C	nvp_vclk1	userclk1	Max Delay Datapath Only	RESET_COMMIT_STABLE_PAYLOAD	commit_sync2_axi[3:0]_completion_barrier	transport request/ack plus synchronized four-slot commit equality	GROUP_13_EARLIEST_USE_GE_32NS_AND_6NS_SETTLING_CAP	GROUP_13_CHECK_5_RESET_COMMIT_PHASE_COMPLETION_BARRIER
CDC1-CHG-0026	CDC-1	Critical	G2B_ONECH_C2H/global_stream_next_axi_reg[19]/CE	G2B_ONECH_C2H/reset_commit_phase_hold_source_reg[1]/C	G2B_ONECH_C2H/reset_commit_phase_hold_source_reg[0]/C	nvp_vclk1	userclk1	Max Delay Datapath Only	RESET_COMMIT_STABLE_PAYLOAD	commit_sync2_axi[3:0]_completion_barrier	transport request/ack plus synchronized four-slot commit equality	GROUP_13_EARLIEST_USE_GE_32NS_AND_6NS_SETTLING_CAP	GROUP_13_CHECK_5_RESET_COMMIT_PHASE_COMPLETION_BARRIER
CDC1-CHG-0027	CDC-1	Critical	G2B_ONECH_C2H/global_stream_next_axi_reg[1]/CE	G2B_ONECH_C2H/reset_commit_phase_hold_source_reg[1]/C	G2B_ONECH_C2H/reset_commit_phase_hold_source_reg[0]/C	nvp_vclk1	userclk1	Max Delay Datapath Only	RESET_COMMIT_STABLE_PAYLOAD	commit_sync2_axi[3:0]_completion_barrier	transport request/ack plus synchronized four-slot commit equality	GROUP_13_EARLIEST_USE_GE_32NS_AND_6NS_SETTLING_CAP	GROUP_13_CHECK_5_RESET_COMMIT_PHASE_COMPLETION_BARRIER
CDC1-CHG-0028	CDC-1	Critical	G2B_ONECH_C2H/global_stream_next_axi_reg[20]/CE	G2B_ONECH_C2H/reset_commit_phase_hold_source_reg[1]/C	G2B_ONECH_C2H/reset_commit_phase_hold_source_reg[0]/C	nvp_vclk1	userclk1	Max Delay Datapath Only	RESET_COMMIT_STABLE_PAYLOAD	commit_sync2_axi[3:0]_completion_barrier	transport request/ack plus synchronized four-slot commit equality	GROUP_13_EARLIEST_USE_GE_32NS_AND_6NS_SETTLING_CAP	GROUP_13_CHECK_5_RESET_COMMIT_PHASE_COMPLETION_BARRIER
CDC1-CHG-0029	CDC-1	Critical	G2B_ONECH_C2H/global_stream_next_axi_reg[21]/CE	G2B_ONECH_C2H/reset_commit_phase_hold_source_reg[1]/C	G2B_ONECH_C2H/reset_commit_phase_hold_source_reg[0]/C	nvp_vclk1	userclk1	Max Delay Datapath Only	RESET_COMMIT_STABLE_PAYLOAD	commit_sync2_axi[3:0]_completion_barrier	transport request/ack plus synchronized four-slot commit equality	GROUP_13_EARLIEST_USE_GE_32NS_AND_6NS_SETTLING_CAP	GROUP_13_CHECK_5_RESET_COMMIT_PHASE_COMPLETION_BARRIER
CDC1-CHG-0030	CDC-1	Critical	G2B_ONECH_C2H/global_stream_next_axi_reg[22]/CE	G2B_ONECH_C2H/reset_commit_phase_hold_source_reg[1]/C	G2B_ONECH_C2H/reset_commit_phase_hold_source_reg[0]/C	nvp_vclk1	userclk1	Max Delay Datapath Only	RESET_COMMIT_STABLE_PAYLOAD	commit_sync2_axi[3:0]_completion_barrier	transport request/ack plus synchronized four-slot commit equality	GROUP_13_EARLIEST_USE_GE_32NS_AND_6NS_SETTLING_CAP	GROUP_13_CHECK_5_RESET_COMMIT_PHASE_COMPLETION_BARRIER
CDC1-CHG-0031	CDC-1	Critical	G2B_ONECH_C2H/global_stream_next_axi_reg[23]/CE	G2B_ONECH_C2H/reset_commit_phase_hold_source_reg[1]/C	G2B_ONECH_C2H/reset_commit_phase_hold_source_reg[0]/C	nvp_vclk1	userclk1	Max Delay Datapath Only	RESET_COMMIT_STABLE_PAYLOAD	commit_sync2_axi[3:0]_completion_barrier	transport request/ack plus synchronized four-slot commit equality	GROUP_13_EARLIEST_USE_GE_32NS_AND_6NS_SETTLING_CAP	GROUP_13_CHECK_5_RESET_COMMIT_PHASE_COMPLETION_BARRIER
CDC1-CHG-0032	CDC-1	Critical	G2B_ONECH_C2H/global_stream_next_axi_reg[24]/CE	G2B_ONECH_C2H/reset_commit_phase_hold_source_reg[1]/C	G2B_ONECH_C2H/reset_commit_phase_hold_source_reg[0]/C	nvp_vclk1	userclk1	Max Delay Datapath Only	RESET_COMMIT_STABLE_PAYLOAD	commit_sync2_axi[3:0]_completion_barrier	transport request/ack plus synchronized four-slot commit equality	GROUP_13_EARLIEST_USE_GE_32NS_AND_6NS_SETTLING_CAP	GROUP_13_CHECK_5_RESET_COMMIT_PHASE_COMPLETION_BARRIER
CDC1-CHG-0033	CDC-1	Critical	G2B_ONECH_C2H/global_stream_next_axi_reg[25]/CE	G2B_ONECH_C2H/reset_commit_phase_hold_source_reg[1]/C	G2B_ONECH_C2H/reset_commit_phase_hold_source_reg[0]/C	nvp_vclk1	userclk1	Max Delay Datapath Only	RESET_COMMIT_STABLE_PAYLOAD	commit_sync2_axi[3:0]_completion_barrier	transport request/ack plus synchronized four-slot commit equality	GROUP_13_EARLIEST_USE_GE_32NS_AND_6NS_SETTLING_CAP	GROUP_13_CHECK_5_RESET_COMMIT_PHASE_COMPLETION_BARRIER
CDC1-CHG-0034	CDC-1	Critical	G2B_ONECH_C2H/global_stream_next_axi_reg[26]/CE	G2B_ONECH_C2H/reset_commit_phase_hold_source_reg[1]/C	G2B_ONECH_C2H/reset_commit_phase_hold_source_reg[0]/C	nvp_vclk1	userclk1	Max Delay Datapath Only	RESET_COMMIT_STABLE_PAYLOAD	commit_sync2_axi[3:0]_completion_barrier	transport request/ack plus synchronized four-slot commit equality	GROUP_13_EARLIEST_USE_GE_32NS_AND_6NS_SETTLING_CAP	GROUP_13_CHECK_5_RESET_COMMIT_PHASE_COMPLETION_BARRIER
CDC1-CHG-0035	CDC-1	Critical	G2B_ONECH_C2H/global_stream_next_axi_reg[27]/CE	G2B_ONECH_C2H/reset_commit_phase_hold_source_reg[1]/C	G2B_ONECH_C2H/reset_commit_phase_hold_source_reg[0]/C	nvp_vclk1	userclk1	Max Delay Datapath Only	RESET_COMMIT_STABLE_PAYLOAD	commit_sync2_axi[3:0]_completion_barrier	transport request/ack plus synchronized four-slot commit equality	GROUP_13_EARLIEST_USE_GE_32NS_AND_6NS_SETTLING_CAP	GROUP_13_CHECK_5_RESET_COMMIT_PHASE_COMPLETION_BARRIER
CDC1-CHG-0036	CDC-1	Critical	G2B_ONECH_C2H/global_stream_next_axi_reg[28]/CE	G2B_ONECH_C2H/reset_commit_phase_hold_source_reg[1]/C	G2B_ONECH_C2H/reset_commit_phase_hold_source_reg[0]/C	nvp_vclk1	userclk1	Max Delay Datapath Only	RESET_COMMIT_STABLE_PAYLOAD	commit_sync2_axi[3:0]_completion_barrier	transport request/ack plus synchronized four-slot commit equality	GROUP_13_EARLIEST_USE_GE_32NS_AND_6NS_SETTLING_CAP	GROUP_13_CHECK_5_RESET_COMMIT_PHASE_COMPLETION_BARRIER
CDC1-CHG-0037	CDC-1	Critical	G2B_ONECH_C2H/global_stream_next_axi_reg[29]/CE	G2B_ONECH_C2H/reset_commit_phase_hold_source_reg[1]/C	G2B_ONECH_C2H/reset_commit_phase_hold_source_reg[0]/C	nvp_vclk1	userclk1	Max Delay Datapath Only	RESET_COMMIT_STABLE_PAYLOAD	commit_sync2_axi[3:0]_completion_barrier	transport request/ack plus synchronized four-slot commit equality	GROUP_13_EARLIEST_USE_GE_32NS_AND_6NS_SETTLING_CAP	GROUP_13_CHECK_5_RESET_COMMIT_PHASE_COMPLETION_BARRIER
CDC1-CHG-0038	CDC-1	Critical	G2B_ONECH_C2H/global_stream_next_axi_reg[2]/CE	G2B_ONECH_C2H/reset_commit_phase_hold_source_reg[1]/C	G2B_ONECH_C2H/reset_commit_phase_hold_source_reg[0]/C	nvp_vclk1	userclk1	Max Delay Datapath Only	RESET_COMMIT_STABLE_PAYLOAD	commit_sync2_axi[3:0]_completion_barrier	transport request/ack plus synchronized four-slot commit equality	GROUP_13_EARLIEST_USE_GE_32NS_AND_6NS_SETTLING_CAP	GROUP_13_CHECK_5_RESET_COMMIT_PHASE_COMPLETION_BARRIER
CDC1-CHG-0039	CDC-1	Critical	G2B_ONECH_C2H/global_stream_next_axi_reg[30]/CE	G2B_ONECH_C2H/reset_commit_phase_hold_source_reg[1]/C	G2B_ONECH_C2H/reset_commit_phase_hold_source_reg[0]/C	nvp_vclk1	userclk1	Max Delay Datapath Only	RESET_COMMIT_STABLE_PAYLOAD	commit_sync2_axi[3:0]_completion_barrier	transport request/ack plus synchronized four-slot commit equality	GROUP_13_EARLIEST_USE_GE_32NS_AND_6NS_SETTLING_CAP	GROUP_13_CHECK_5_RESET_COMMIT_PHASE_COMPLETION_BARRIER
CDC1-CHG-0040	CDC-1	Critical	G2B_ONECH_C2H/global_stream_next_axi_reg[31]/CE	G2B_ONECH_C2H/reset_commit_phase_hold_source_reg[1]/C	G2B_ONECH_C2H/reset_commit_phase_hold_source_reg[0]/C	nvp_vclk1	userclk1	Max Delay Datapath Only	RESET_COMMIT_STABLE_PAYLOAD	commit_sync2_axi[3:0]_completion_barrier	transport request/ack plus synchronized four-slot commit equality	GROUP_13_EARLIEST_USE_GE_32NS_AND_6NS_SETTLING_CAP	GROUP_13_CHECK_5_RESET_COMMIT_PHASE_COMPLETION_BARRIER
CDC1-CHG-0041	CDC-1	Critical	G2B_ONECH_C2H/global_stream_next_axi_reg[3]/CE	G2B_ONECH_C2H/reset_commit_phase_hold_source_reg[1]/C	G2B_ONECH_C2H/reset_commit_phase_hold_source_reg[0]/C	nvp_vclk1	userclk1	Max Delay Datapath Only	RESET_COMMIT_STABLE_PAYLOAD	commit_sync2_axi[3:0]_completion_barrier	transport request/ack plus synchronized four-slot commit equality	GROUP_13_EARLIEST_USE_GE_32NS_AND_6NS_SETTLING_CAP	GROUP_13_CHECK_5_RESET_COMMIT_PHASE_COMPLETION_BARRIER
CDC1-CHG-0042	CDC-1	Critical	G2B_ONECH_C2H/global_stream_next_axi_reg[4]/CE	G2B_ONECH_C2H/reset_commit_phase_hold_source_reg[1]/C	G2B_ONECH_C2H/reset_commit_phase_hold_source_reg[0]/C	nvp_vclk1	userclk1	Max Delay Datapath Only	RESET_COMMIT_STABLE_PAYLOAD	commit_sync2_axi[3:0]_completion_barrier	transport request/ack plus synchronized four-slot commit equality	GROUP_13_EARLIEST_USE_GE_32NS_AND_6NS_SETTLING_CAP	GROUP_13_CHECK_5_RESET_COMMIT_PHASE_COMPLETION_BARRIER
CDC1-CHG-0043	CDC-1	Critical	G2B_ONECH_C2H/global_stream_next_axi_reg[5]/CE	G2B_ONECH_C2H/reset_commit_phase_hold_source_reg[1]/C	G2B_ONECH_C2H/reset_commit_phase_hold_source_reg[0]/C	nvp_vclk1	userclk1	Max Delay Datapath Only	RESET_COMMIT_STABLE_PAYLOAD	commit_sync2_axi[3:0]_completion_barrier	transport request/ack plus synchronized four-slot commit equality	GROUP_13_EARLIEST_USE_GE_32NS_AND_6NS_SETTLING_CAP	GROUP_13_CHECK_5_RESET_COMMIT_PHASE_COMPLETION_BARRIER
CDC1-CHG-0044	CDC-1	Critical	G2B_ONECH_C2H/global_stream_next_axi_reg[6]/CE	G2B_ONECH_C2H/reset_commit_phase_hold_source_reg[1]/C	G2B_ONECH_C2H/reset_commit_phase_hold_source_reg[0]/C	nvp_vclk1	userclk1	Max Delay Datapath Only	RESET_COMMIT_STABLE_PAYLOAD	commit_sync2_axi[3:0]_completion_barrier	transport request/ack plus synchronized four-slot commit equality	GROUP_13_EARLIEST_USE_GE_32NS_AND_6NS_SETTLING_CAP	GROUP_13_CHECK_5_RESET_COMMIT_PHASE_COMPLETION_BARRIER
CDC1-CHG-0045	CDC-1	Critical	G2B_ONECH_C2H/global_stream_next_axi_reg[7]/CE	G2B_ONECH_C2H/reset_commit_phase_hold_source_reg[1]/C	G2B_ONECH_C2H/reset_commit_phase_hold_source_reg[0]/C	nvp_vclk1	userclk1	Max Delay Datapath Only	RESET_COMMIT_STABLE_PAYLOAD	commit_sync2_axi[3:0]_completion_barrier	transport request/ack plus synchronized four-slot commit equality	GROUP_13_EARLIEST_USE_GE_32NS_AND_6NS_SETTLING_CAP	GROUP_13_CHECK_5_RESET_COMMIT_PHASE_COMPLETION_BARRIER
CDC1-CHG-0046	CDC-1	Critical	G2B_ONECH_C2H/global_stream_next_axi_reg[8]/CE	G2B_ONECH_C2H/reset_commit_phase_hold_source_reg[1]/C	G2B_ONECH_C2H/reset_commit_phase_hold_source_reg[0]/C	nvp_vclk1	userclk1	Max Delay Datapath Only	RESET_COMMIT_STABLE_PAYLOAD	commit_sync2_axi[3:0]_completion_barrier	transport request/ack plus synchronized four-slot commit equality	GROUP_13_EARLIEST_USE_GE_32NS_AND_6NS_SETTLING_CAP	GROUP_13_CHECK_5_RESET_COMMIT_PHASE_COMPLETION_BARRIER
CDC1-CHG-0047	CDC-1	Critical	G2B_ONECH_C2H/global_stream_next_axi_reg[9]/CE	G2B_ONECH_C2H/reset_commit_phase_hold_source_reg[1]/C	G2B_ONECH_C2H/reset_commit_phase_hold_source_reg[0]/C	nvp_vclk1	userclk1	Max Delay Datapath Only	RESET_COMMIT_STABLE_PAYLOAD	commit_sync2_axi[3:0]_completion_barrier	transport request/ack plus synchronized four-slot commit equality	GROUP_13_EARLIEST_USE_GE_32NS_AND_6NS_SETTLING_CAP	GROUP_13_CHECK_5_RESET_COMMIT_PHASE_COMPLETION_BARRIER
CDC1-CHG-0048	CDC-1	Critical	G2B_ONECH_C2H/last_channel_axi_reg[0]/CE	G2B_ONECH_C2H/reset_commit_phase_hold_source_reg[1]/C	G2B_ONECH_C2H/reset_commit_phase_hold_source_reg[0]/C	nvp_vclk1	userclk1	Max Delay Datapath Only	RESET_COMMIT_STABLE_PAYLOAD	commit_sync2_axi[3:0]_completion_barrier	transport request/ack plus synchronized four-slot commit equality	GROUP_13_EARLIEST_USE_GE_32NS_AND_6NS_SETTLING_CAP	GROUP_13_CHECK_5_RESET_COMMIT_PHASE_COMPLETION_BARRIER
CDC1-CHG-0049	CDC-1	Critical	G2B_ONECH_C2H/last_channel_axi_reg[10]/CE	G2B_ONECH_C2H/reset_commit_phase_hold_source_reg[1]/C	G2B_ONECH_C2H/reset_commit_phase_hold_source_reg[0]/C	nvp_vclk1	userclk1	Max Delay Datapath Only	RESET_COMMIT_STABLE_PAYLOAD	commit_sync2_axi[3:0]_completion_barrier	transport request/ack plus synchronized four-slot commit equality	GROUP_13_EARLIEST_USE_GE_32NS_AND_6NS_SETTLING_CAP	GROUP_13_CHECK_5_RESET_COMMIT_PHASE_COMPLETION_BARRIER
CDC1-CHG-0050	CDC-1	Critical	G2B_ONECH_C2H/last_channel_axi_reg[11]/CE	G2B_ONECH_C2H/reset_commit_phase_hold_source_reg[1]/C	G2B_ONECH_C2H/reset_commit_phase_hold_source_reg[0]/C	nvp_vclk1	userclk1	Max Delay Datapath Only	RESET_COMMIT_STABLE_PAYLOAD	commit_sync2_axi[3:0]_completion_barrier	transport request/ack plus synchronized four-slot commit equality	GROUP_13_EARLIEST_USE_GE_32NS_AND_6NS_SETTLING_CAP	GROUP_13_CHECK_5_RESET_COMMIT_PHASE_COMPLETION_BARRIER
CDC1-CHG-0051	CDC-1	Critical	G2B_ONECH_C2H/last_channel_axi_reg[12]/CE	G2B_ONECH_C2H/reset_commit_phase_hold_source_reg[1]/C	G2B_ONECH_C2H/reset_commit_phase_hold_source_reg[0]/C	nvp_vclk1	userclk1	Max Delay Datapath Only	RESET_COMMIT_STABLE_PAYLOAD	commit_sync2_axi[3:0]_completion_barrier	transport request/ack plus synchronized four-slot commit equality	GROUP_13_EARLIEST_USE_GE_32NS_AND_6NS_SETTLING_CAP	GROUP_13_CHECK_5_RESET_COMMIT_PHASE_COMPLETION_BARRIER
CDC1-CHG-0052	CDC-1	Critical	G2B_ONECH_C2H/last_channel_axi_reg[13]/CE	G2B_ONECH_C2H/reset_commit_phase_hold_source_reg[1]/C	G2B_ONECH_C2H/reset_commit_phase_hold_source_reg[0]/C	nvp_vclk1	userclk1	Max Delay Datapath Only	RESET_COMMIT_STABLE_PAYLOAD	commit_sync2_axi[3:0]_completion_barrier	transport request/ack plus synchronized four-slot commit equality	GROUP_13_EARLIEST_USE_GE_32NS_AND_6NS_SETTLING_CAP	GROUP_13_CHECK_5_RESET_COMMIT_PHASE_COMPLETION_BARRIER
CDC1-CHG-0053	CDC-1	Critical	G2B_ONECH_C2H/last_channel_axi_reg[14]/CE	G2B_ONECH_C2H/reset_commit_phase_hold_source_reg[1]/C	G2B_ONECH_C2H/reset_commit_phase_hold_source_reg[0]/C	nvp_vclk1	userclk1	Max Delay Datapath Only	RESET_COMMIT_STABLE_PAYLOAD	commit_sync2_axi[3:0]_completion_barrier	transport request/ack plus synchronized four-slot commit equality	GROUP_13_EARLIEST_USE_GE_32NS_AND_6NS_SETTLING_CAP	GROUP_13_CHECK_5_RESET_COMMIT_PHASE_COMPLETION_BARRIER
CDC1-CHG-0054	CDC-1	Critical	G2B_ONECH_C2H/last_channel_axi_reg[15]/CE	G2B_ONECH_C2H/reset_commit_phase_hold_source_reg[1]/C	G2B_ONECH_C2H/reset_commit_phase_hold_source_reg[0]/C	nvp_vclk1	userclk1	Max Delay Datapath Only	RESET_COMMIT_STABLE_PAYLOAD	commit_sync2_axi[3:0]_completion_barrier	transport request/ack plus synchronized four-slot commit equality	GROUP_13_EARLIEST_USE_GE_32NS_AND_6NS_SETTLING_CAP	GROUP_13_CHECK_5_RESET_COMMIT_PHASE_COMPLETION_BARRIER
CDC1-CHG-0055	CDC-1	Critical	G2B_ONECH_C2H/last_channel_axi_reg[16]/CE	G2B_ONECH_C2H/reset_commit_phase_hold_source_reg[1]/C	G2B_ONECH_C2H/reset_commit_phase_hold_source_reg[0]/C	nvp_vclk1	userclk1	Max Delay Datapath Only	RESET_COMMIT_STABLE_PAYLOAD	commit_sync2_axi[3:0]_completion_barrier	transport request/ack plus synchronized four-slot commit equality	GROUP_13_EARLIEST_USE_GE_32NS_AND_6NS_SETTLING_CAP	GROUP_13_CHECK_5_RESET_COMMIT_PHASE_COMPLETION_BARRIER
CDC1-CHG-0056	CDC-1	Critical	G2B_ONECH_C2H/last_channel_axi_reg[17]/CE	G2B_ONECH_C2H/reset_commit_phase_hold_source_reg[1]/C	G2B_ONECH_C2H/reset_commit_phase_hold_source_reg[0]/C	nvp_vclk1	userclk1	Max Delay Datapath Only	RESET_COMMIT_STABLE_PAYLOAD	commit_sync2_axi[3:0]_completion_barrier	transport request/ack plus synchronized four-slot commit equality	GROUP_13_EARLIEST_USE_GE_32NS_AND_6NS_SETTLING_CAP	GROUP_13_CHECK_5_RESET_COMMIT_PHASE_COMPLETION_BARRIER
CDC1-CHG-0057	CDC-1	Critical	G2B_ONECH_C2H/last_channel_axi_reg[18]/CE	G2B_ONECH_C2H/reset_commit_phase_hold_source_reg[1]/C	G2B_ONECH_C2H/reset_commit_phase_hold_source_reg[0]/C	nvp_vclk1	userclk1	Max Delay Datapath Only	RESET_COMMIT_STABLE_PAYLOAD	commit_sync2_axi[3:0]_completion_barrier	transport request/ack plus synchronized four-slot commit equality	GROUP_13_EARLIEST_USE_GE_32NS_AND_6NS_SETTLING_CAP	GROUP_13_CHECK_5_RESET_COMMIT_PHASE_COMPLETION_BARRIER
CDC1-CHG-0058	CDC-1	Critical	G2B_ONECH_C2H/last_channel_axi_reg[19]/CE	G2B_ONECH_C2H/reset_commit_phase_hold_source_reg[1]/C	G2B_ONECH_C2H/reset_commit_phase_hold_source_reg[0]/C	nvp_vclk1	userclk1	Max Delay Datapath Only	RESET_COMMIT_STABLE_PAYLOAD	commit_sync2_axi[3:0]_completion_barrier	transport request/ack plus synchronized four-slot commit equality	GROUP_13_EARLIEST_USE_GE_32NS_AND_6NS_SETTLING_CAP	GROUP_13_CHECK_5_RESET_COMMIT_PHASE_COMPLETION_BARRIER
CDC1-CHG-0059	CDC-1	Critical	G2B_ONECH_C2H/last_channel_axi_reg[1]/CE	G2B_ONECH_C2H/reset_commit_phase_hold_source_reg[1]/C	G2B_ONECH_C2H/reset_commit_phase_hold_source_reg[0]/C	nvp_vclk1	userclk1	Max Delay Datapath Only	RESET_COMMIT_STABLE_PAYLOAD	commit_sync2_axi[3:0]_completion_barrier	transport request/ack plus synchronized four-slot commit equality	GROUP_13_EARLIEST_USE_GE_32NS_AND_6NS_SETTLING_CAP	GROUP_13_CHECK_5_RESET_COMMIT_PHASE_COMPLETION_BARRIER
CDC1-CHG-0060	CDC-1	Critical	G2B_ONECH_C2H/last_channel_axi_reg[20]/CE	G2B_ONECH_C2H/reset_commit_phase_hold_source_reg[1]/C	G2B_ONECH_C2H/reset_commit_phase_hold_source_reg[0]/C	nvp_vclk1	userclk1	Max Delay Datapath Only	RESET_COMMIT_STABLE_PAYLOAD	commit_sync2_axi[3:0]_completion_barrier	transport request/ack plus synchronized four-slot commit equality	GROUP_13_EARLIEST_USE_GE_32NS_AND_6NS_SETTLING_CAP	GROUP_13_CHECK_5_RESET_COMMIT_PHASE_COMPLETION_BARRIER
CDC1-CHG-0061	CDC-1	Critical	G2B_ONECH_C2H/last_channel_axi_reg[21]/CE	G2B_ONECH_C2H/reset_commit_phase_hold_source_reg[1]/C	G2B_ONECH_C2H/reset_commit_phase_hold_source_reg[0]/C	nvp_vclk1	userclk1	Max Delay Datapath Only	RESET_COMMIT_STABLE_PAYLOAD	commit_sync2_axi[3:0]_completion_barrier	transport request/ack plus synchronized four-slot commit equality	GROUP_13_EARLIEST_USE_GE_32NS_AND_6NS_SETTLING_CAP	GROUP_13_CHECK_5_RESET_COMMIT_PHASE_COMPLETION_BARRIER
CDC1-CHG-0062	CDC-1	Critical	G2B_ONECH_C2H/last_channel_axi_reg[22]/CE	G2B_ONECH_C2H/reset_commit_phase_hold_source_reg[1]/C	G2B_ONECH_C2H/reset_commit_phase_hold_source_reg[0]/C	nvp_vclk1	userclk1	Max Delay Datapath Only	RESET_COMMIT_STABLE_PAYLOAD	commit_sync2_axi[3:0]_completion_barrier	transport request/ack plus synchronized four-slot commit equality	GROUP_13_EARLIEST_USE_GE_32NS_AND_6NS_SETTLING_CAP	GROUP_13_CHECK_5_RESET_COMMIT_PHASE_COMPLETION_BARRIER
CDC1-CHG-0063	CDC-1	Critical	G2B_ONECH_C2H/last_channel_axi_reg[23]/CE	G2B_ONECH_C2H/reset_commit_phase_hold_source_reg[1]/C	G2B_ONECH_C2H/reset_commit_phase_hold_source_reg[0]/C	nvp_vclk1	userclk1	Max Delay Datapath Only	RESET_COMMIT_STABLE_PAYLOAD	commit_sync2_axi[3:0]_completion_barrier	transport request/ack plus synchronized four-slot commit equality	GROUP_13_EARLIEST_USE_GE_32NS_AND_6NS_SETTLING_CAP	GROUP_13_CHECK_5_RESET_COMMIT_PHASE_COMPLETION_BARRIER
CDC1-CHG-0064	CDC-1	Critical	G2B_ONECH_C2H/last_channel_axi_reg[24]/CE	G2B_ONECH_C2H/reset_commit_phase_hold_source_reg[1]/C	G2B_ONECH_C2H/reset_commit_phase_hold_source_reg[0]/C	nvp_vclk1	userclk1	Max Delay Datapath Only	RESET_COMMIT_STABLE_PAYLOAD	commit_sync2_axi[3:0]_completion_barrier	transport request/ack plus synchronized four-slot commit equality	GROUP_13_EARLIEST_USE_GE_32NS_AND_6NS_SETTLING_CAP	GROUP_13_CHECK_5_RESET_COMMIT_PHASE_COMPLETION_BARRIER
CDC1-CHG-0065	CDC-1	Critical	G2B_ONECH_C2H/last_channel_axi_reg[25]/CE	G2B_ONECH_C2H/reset_commit_phase_hold_source_reg[1]/C	G2B_ONECH_C2H/reset_commit_phase_hold_source_reg[0]/C	nvp_vclk1	userclk1	Max Delay Datapath Only	RESET_COMMIT_STABLE_PAYLOAD	commit_sync2_axi[3:0]_completion_barrier	transport request/ack plus synchronized four-slot commit equality	GROUP_13_EARLIEST_USE_GE_32NS_AND_6NS_SETTLING_CAP	GROUP_13_CHECK_5_RESET_COMMIT_PHASE_COMPLETION_BARRIER
CDC1-CHG-0066	CDC-1	Critical	G2B_ONECH_C2H/last_channel_axi_reg[26]/CE	G2B_ONECH_C2H/reset_commit_phase_hold_source_reg[1]/C	G2B_ONECH_C2H/reset_commit_phase_hold_source_reg[0]/C	nvp_vclk1	userclk1	Max Delay Datapath Only	RESET_COMMIT_STABLE_PAYLOAD	commit_sync2_axi[3:0]_completion_barrier	transport request/ack plus synchronized four-slot commit equality	GROUP_13_EARLIEST_USE_GE_32NS_AND_6NS_SETTLING_CAP	GROUP_13_CHECK_5_RESET_COMMIT_PHASE_COMPLETION_BARRIER
CDC1-CHG-0067	CDC-1	Critical	G2B_ONECH_C2H/last_channel_axi_reg[27]/CE	G2B_ONECH_C2H/reset_commit_phase_hold_source_reg[1]/C	G2B_ONECH_C2H/reset_commit_phase_hold_source_reg[0]/C	nvp_vclk1	userclk1	Max Delay Datapath Only	RESET_COMMIT_STABLE_PAYLOAD	commit_sync2_axi[3:0]_completion_barrier	transport request/ack plus synchronized four-slot commit equality	GROUP_13_EARLIEST_USE_GE_32NS_AND_6NS_SETTLING_CAP	GROUP_13_CHECK_5_RESET_COMMIT_PHASE_COMPLETION_BARRIER
CDC1-CHG-0068	CDC-1	Critical	G2B_ONECH_C2H/last_channel_axi_reg[28]/CE	G2B_ONECH_C2H/reset_commit_phase_hold_source_reg[1]/C	G2B_ONECH_C2H/reset_commit_phase_hold_source_reg[0]/C	nvp_vclk1	userclk1	Max Delay Datapath Only	RESET_COMMIT_STABLE_PAYLOAD	commit_sync2_axi[3:0]_completion_barrier	transport request/ack plus synchronized four-slot commit equality	GROUP_13_EARLIEST_USE_GE_32NS_AND_6NS_SETTLING_CAP	GROUP_13_CHECK_5_RESET_COMMIT_PHASE_COMPLETION_BARRIER
CDC1-CHG-0069	CDC-1	Critical	G2B_ONECH_C2H/last_channel_axi_reg[29]/CE	G2B_ONECH_C2H/reset_commit_phase_hold_source_reg[1]/C	G2B_ONECH_C2H/reset_commit_phase_hold_source_reg[0]/C	nvp_vclk1	userclk1	Max Delay Datapath Only	RESET_COMMIT_STABLE_PAYLOAD	commit_sync2_axi[3:0]_completion_barrier	transport request/ack plus synchronized four-slot commit equality	GROUP_13_EARLIEST_USE_GE_32NS_AND_6NS_SETTLING_CAP	GROUP_13_CHECK_5_RESET_COMMIT_PHASE_COMPLETION_BARRIER
CDC1-CHG-0070	CDC-1	Critical	G2B_ONECH_C2H/last_channel_axi_reg[2]/CE	G2B_ONECH_C2H/reset_commit_phase_hold_source_reg[1]/C	G2B_ONECH_C2H/reset_commit_phase_hold_source_reg[0]/C	nvp_vclk1	userclk1	Max Delay Datapath Only	RESET_COMMIT_STABLE_PAYLOAD	commit_sync2_axi[3:0]_completion_barrier	transport request/ack plus synchronized four-slot commit equality	GROUP_13_EARLIEST_USE_GE_32NS_AND_6NS_SETTLING_CAP	GROUP_13_CHECK_5_RESET_COMMIT_PHASE_COMPLETION_BARRIER
CDC1-CHG-0071	CDC-1	Critical	G2B_ONECH_C2H/last_channel_axi_reg[30]/CE	G2B_ONECH_C2H/reset_commit_phase_hold_source_reg[1]/C	G2B_ONECH_C2H/reset_commit_phase_hold_source_reg[0]/C	nvp_vclk1	userclk1	Max Delay Datapath Only	RESET_COMMIT_STABLE_PAYLOAD	commit_sync2_axi[3:0]_completion_barrier	transport request/ack plus synchronized four-slot commit equality	GROUP_13_EARLIEST_USE_GE_32NS_AND_6NS_SETTLING_CAP	GROUP_13_CHECK_5_RESET_COMMIT_PHASE_COMPLETION_BARRIER
CDC1-CHG-0072	CDC-1	Critical	G2B_ONECH_C2H/last_channel_axi_reg[31]/CE	G2B_ONECH_C2H/reset_commit_phase_hold_source_reg[1]/C	G2B_ONECH_C2H/reset_commit_phase_hold_source_reg[0]/C	nvp_vclk1	userclk1	Max Delay Datapath Only	RESET_COMMIT_STABLE_PAYLOAD	commit_sync2_axi[3:0]_completion_barrier	transport request/ack plus synchronized four-slot commit equality	GROUP_13_EARLIEST_USE_GE_32NS_AND_6NS_SETTLING_CAP	GROUP_13_CHECK_5_RESET_COMMIT_PHASE_COMPLETION_BARRIER
CDC1-CHG-0073	CDC-1	Critical	G2B_ONECH_C2H/last_channel_axi_reg[3]/CE	G2B_ONECH_C2H/reset_commit_phase_hold_source_reg[1]/C	G2B_ONECH_C2H/reset_commit_phase_hold_source_reg[0]/C	nvp_vclk1	userclk1	Max Delay Datapath Only	RESET_COMMIT_STABLE_PAYLOAD	commit_sync2_axi[3:0]_completion_barrier	transport request/ack plus synchronized four-slot commit equality	GROUP_13_EARLIEST_USE_GE_32NS_AND_6NS_SETTLING_CAP	GROUP_13_CHECK_5_RESET_COMMIT_PHASE_COMPLETION_BARRIER
CDC1-CHG-0074	CDC-1	Critical	G2B_ONECH_C2H/last_channel_axi_reg[4]/CE	G2B_ONECH_C2H/reset_commit_phase_hold_source_reg[1]/C	G2B_ONECH_C2H/reset_commit_phase_hold_source_reg[0]/C	nvp_vclk1	userclk1	Max Delay Datapath Only	RESET_COMMIT_STABLE_PAYLOAD	commit_sync2_axi[3:0]_completion_barrier	transport request/ack plus synchronized four-slot commit equality	GROUP_13_EARLIEST_USE_GE_32NS_AND_6NS_SETTLING_CAP	GROUP_13_CHECK_5_RESET_COMMIT_PHASE_COMPLETION_BARRIER
CDC1-CHG-0075	CDC-1	Critical	G2B_ONECH_C2H/last_channel_axi_reg[5]/CE	G2B_ONECH_C2H/reset_commit_phase_hold_source_reg[1]/C	G2B_ONECH_C2H/reset_commit_phase_hold_source_reg[0]/C	nvp_vclk1	userclk1	Max Delay Datapath Only	RESET_COMMIT_STABLE_PAYLOAD	commit_sync2_axi[3:0]_completion_barrier	transport request/ack plus synchronized four-slot commit equality	GROUP_13_EARLIEST_USE_GE_32NS_AND_6NS_SETTLING_CAP	GROUP_13_CHECK_5_RESET_COMMIT_PHASE_COMPLETION_BARRIER
CDC1-CHG-0076	CDC-1	Critical	G2B_ONECH_C2H/last_channel_axi_reg[6]/CE	G2B_ONECH_C2H/reset_commit_phase_hold_source_reg[1]/C	G2B_ONECH_C2H/reset_commit_phase_hold_source_reg[0]/C	nvp_vclk1	userclk1	Max Delay Datapath Only	RESET_COMMIT_STABLE_PAYLOAD	commit_sync2_axi[3:0]_completion_barrier	transport request/ack plus synchronized four-slot commit equality	GROUP_13_EARLIEST_USE_GE_32NS_AND_6NS_SETTLING_CAP	GROUP_13_CHECK_5_RESET_COMMIT_PHASE_COMPLETION_BARRIER
CDC1-CHG-0077	CDC-1	Critical	G2B_ONECH_C2H/last_channel_axi_reg[7]/CE	G2B_ONECH_C2H/reset_commit_phase_hold_source_reg[1]/C	G2B_ONECH_C2H/reset_commit_phase_hold_source_reg[0]/C	nvp_vclk1	userclk1	Max Delay Datapath Only	RESET_COMMIT_STABLE_PAYLOAD	commit_sync2_axi[3:0]_completion_barrier	transport request/ack plus synchronized four-slot commit equality	GROUP_13_EARLIEST_USE_GE_32NS_AND_6NS_SETTLING_CAP	GROUP_13_CHECK_5_RESET_COMMIT_PHASE_COMPLETION_BARRIER
CDC1-CHG-0078	CDC-1	Critical	G2B_ONECH_C2H/last_channel_axi_reg[8]/CE	G2B_ONECH_C2H/reset_commit_phase_hold_source_reg[1]/C	G2B_ONECH_C2H/reset_commit_phase_hold_source_reg[0]/C	nvp_vclk1	userclk1	Max Delay Datapath Only	RESET_COMMIT_STABLE_PAYLOAD	commit_sync2_axi[3:0]_completion_barrier	transport request/ack plus synchronized four-slot commit equality	GROUP_13_EARLIEST_USE_GE_32NS_AND_6NS_SETTLING_CAP	GROUP_13_CHECK_5_RESET_COMMIT_PHASE_COMPLETION_BARRIER
CDC1-CHG-0079	CDC-1	Critical	G2B_ONECH_C2H/last_channel_axi_reg[9]/CE	G2B_ONECH_C2H/reset_commit_phase_hold_source_reg[1]/C	G2B_ONECH_C2H/reset_commit_phase_hold_source_reg[0]/C	nvp_vclk1	userclk1	Max Delay Datapath Only	RESET_COMMIT_STABLE_PAYLOAD	commit_sync2_axi[3:0]_completion_barrier	transport request/ack plus synchronized four-slot commit equality	GROUP_13_EARLIEST_USE_GE_32NS_AND_6NS_SETTLING_CAP	GROUP_13_CHECK_5_RESET_COMMIT_PHASE_COMPLETION_BARRIER
CDC1-CHG-0080	CDC-1	Critical	G2B_ONECH_C2H/last_global_axi_reg[0]/CE	G2B_ONECH_C2H/reset_commit_phase_hold_source_reg[1]/C	G2B_ONECH_C2H/reset_commit_phase_hold_source_reg[0]/C	nvp_vclk1	userclk1	Max Delay Datapath Only	RESET_COMMIT_STABLE_PAYLOAD	commit_sync2_axi[3:0]_completion_barrier	transport request/ack plus synchronized four-slot commit equality	GROUP_13_EARLIEST_USE_GE_32NS_AND_6NS_SETTLING_CAP	GROUP_13_CHECK_5_RESET_COMMIT_PHASE_COMPLETION_BARRIER
CDC1-CHG-0081	CDC-1	Critical	G2B_ONECH_C2H/last_global_axi_reg[10]/CE	G2B_ONECH_C2H/reset_commit_phase_hold_source_reg[1]/C	G2B_ONECH_C2H/reset_commit_phase_hold_source_reg[0]/C	nvp_vclk1	userclk1	Max Delay Datapath Only	RESET_COMMIT_STABLE_PAYLOAD	commit_sync2_axi[3:0]_completion_barrier	transport request/ack plus synchronized four-slot commit equality	GROUP_13_EARLIEST_USE_GE_32NS_AND_6NS_SETTLING_CAP	GROUP_13_CHECK_5_RESET_COMMIT_PHASE_COMPLETION_BARRIER
CDC1-CHG-0082	CDC-1	Critical	G2B_ONECH_C2H/last_global_axi_reg[11]/CE	G2B_ONECH_C2H/reset_commit_phase_hold_source_reg[1]/C	G2B_ONECH_C2H/reset_commit_phase_hold_source_reg[0]/C	nvp_vclk1	userclk1	Max Delay Datapath Only	RESET_COMMIT_STABLE_PAYLOAD	commit_sync2_axi[3:0]_completion_barrier	transport request/ack plus synchronized four-slot commit equality	GROUP_13_EARLIEST_USE_GE_32NS_AND_6NS_SETTLING_CAP	GROUP_13_CHECK_5_RESET_COMMIT_PHASE_COMPLETION_BARRIER
CDC1-CHG-0083	CDC-1	Critical	G2B_ONECH_C2H/last_global_axi_reg[12]/CE	G2B_ONECH_C2H/reset_commit_phase_hold_source_reg[1]/C	G2B_ONECH_C2H/reset_commit_phase_hold_source_reg[0]/C	nvp_vclk1	userclk1	Max Delay Datapath Only	RESET_COMMIT_STABLE_PAYLOAD	commit_sync2_axi[3:0]_completion_barrier	transport request/ack plus synchronized four-slot commit equality	GROUP_13_EARLIEST_USE_GE_32NS_AND_6NS_SETTLING_CAP	GROUP_13_CHECK_5_RESET_COMMIT_PHASE_COMPLETION_BARRIER
CDC1-CHG-0084	CDC-1	Critical	G2B_ONECH_C2H/last_global_axi_reg[13]/CE	G2B_ONECH_C2H/reset_commit_phase_hold_source_reg[1]/C	G2B_ONECH_C2H/reset_commit_phase_hold_source_reg[0]/C	nvp_vclk1	userclk1	Max Delay Datapath Only	RESET_COMMIT_STABLE_PAYLOAD	commit_sync2_axi[3:0]_completion_barrier	transport request/ack plus synchronized four-slot commit equality	GROUP_13_EARLIEST_USE_GE_32NS_AND_6NS_SETTLING_CAP	GROUP_13_CHECK_5_RESET_COMMIT_PHASE_COMPLETION_BARRIER
CDC1-CHG-0085	CDC-1	Critical	G2B_ONECH_C2H/last_global_axi_reg[14]/CE	G2B_ONECH_C2H/reset_commit_phase_hold_source_reg[1]/C	G2B_ONECH_C2H/reset_commit_phase_hold_source_reg[0]/C	nvp_vclk1	userclk1	Max Delay Datapath Only	RESET_COMMIT_STABLE_PAYLOAD	commit_sync2_axi[3:0]_completion_barrier	transport request/ack plus synchronized four-slot commit equality	GROUP_13_EARLIEST_USE_GE_32NS_AND_6NS_SETTLING_CAP	GROUP_13_CHECK_5_RESET_COMMIT_PHASE_COMPLETION_BARRIER
CDC1-CHG-0086	CDC-1	Critical	G2B_ONECH_C2H/last_global_axi_reg[15]/CE	G2B_ONECH_C2H/reset_commit_phase_hold_source_reg[1]/C	G2B_ONECH_C2H/reset_commit_phase_hold_source_reg[0]/C	nvp_vclk1	userclk1	Max Delay Datapath Only	RESET_COMMIT_STABLE_PAYLOAD	commit_sync2_axi[3:0]_completion_barrier	transport request/ack plus synchronized four-slot commit equality	GROUP_13_EARLIEST_USE_GE_32NS_AND_6NS_SETTLING_CAP	GROUP_13_CHECK_5_RESET_COMMIT_PHASE_COMPLETION_BARRIER
CDC1-CHG-0087	CDC-1	Critical	G2B_ONECH_C2H/last_global_axi_reg[16]/CE	G2B_ONECH_C2H/reset_commit_phase_hold_source_reg[1]/C	G2B_ONECH_C2H/reset_commit_phase_hold_source_reg[0]/C	nvp_vclk1	userclk1	Max Delay Datapath Only	RESET_COMMIT_STABLE_PAYLOAD	commit_sync2_axi[3:0]_completion_barrier	transport request/ack plus synchronized four-slot commit equality	GROUP_13_EARLIEST_USE_GE_32NS_AND_6NS_SETTLING_CAP	GROUP_13_CHECK_5_RESET_COMMIT_PHASE_COMPLETION_BARRIER
CDC1-CHG-0088	CDC-1	Critical	G2B_ONECH_C2H/last_global_axi_reg[17]/CE	G2B_ONECH_C2H/reset_commit_phase_hold_source_reg[1]/C	G2B_ONECH_C2H/reset_commit_phase_hold_source_reg[0]/C	nvp_vclk1	userclk1	Max Delay Datapath Only	RESET_COMMIT_STABLE_PAYLOAD	commit_sync2_axi[3:0]_completion_barrier	transport request/ack plus synchronized four-slot commit equality	GROUP_13_EARLIEST_USE_GE_32NS_AND_6NS_SETTLING_CAP	GROUP_13_CHECK_5_RESET_COMMIT_PHASE_COMPLETION_BARRIER
CDC1-CHG-0089	CDC-1	Critical	G2B_ONECH_C2H/last_global_axi_reg[18]/CE	G2B_ONECH_C2H/reset_commit_phase_hold_source_reg[1]/C	G2B_ONECH_C2H/reset_commit_phase_hold_source_reg[0]/C	nvp_vclk1	userclk1	Max Delay Datapath Only	RESET_COMMIT_STABLE_PAYLOAD	commit_sync2_axi[3:0]_completion_barrier	transport request/ack plus synchronized four-slot commit equality	GROUP_13_EARLIEST_USE_GE_32NS_AND_6NS_SETTLING_CAP	GROUP_13_CHECK_5_RESET_COMMIT_PHASE_COMPLETION_BARRIER
CDC1-CHG-0090	CDC-1	Critical	G2B_ONECH_C2H/last_global_axi_reg[19]/CE	G2B_ONECH_C2H/reset_commit_phase_hold_source_reg[1]/C	G2B_ONECH_C2H/reset_commit_phase_hold_source_reg[0]/C	nvp_vclk1	userclk1	Max Delay Datapath Only	RESET_COMMIT_STABLE_PAYLOAD	commit_sync2_axi[3:0]_completion_barrier	transport request/ack plus synchronized four-slot commit equality	GROUP_13_EARLIEST_USE_GE_32NS_AND_6NS_SETTLING_CAP	GROUP_13_CHECK_5_RESET_COMMIT_PHASE_COMPLETION_BARRIER
CDC1-CHG-0091	CDC-1	Critical	G2B_ONECH_C2H/last_global_axi_reg[1]/CE	G2B_ONECH_C2H/reset_commit_phase_hold_source_reg[1]/C	G2B_ONECH_C2H/reset_commit_phase_hold_source_reg[0]/C	nvp_vclk1	userclk1	Max Delay Datapath Only	RESET_COMMIT_STABLE_PAYLOAD	commit_sync2_axi[3:0]_completion_barrier	transport request/ack plus synchronized four-slot commit equality	GROUP_13_EARLIEST_USE_GE_32NS_AND_6NS_SETTLING_CAP	GROUP_13_CHECK_5_RESET_COMMIT_PHASE_COMPLETION_BARRIER
CDC1-CHG-0092	CDC-1	Critical	G2B_ONECH_C2H/last_global_axi_reg[20]/CE	G2B_ONECH_C2H/reset_commit_phase_hold_source_reg[1]/C	G2B_ONECH_C2H/reset_commit_phase_hold_source_reg[0]/C	nvp_vclk1	userclk1	Max Delay Datapath Only	RESET_COMMIT_STABLE_PAYLOAD	commit_sync2_axi[3:0]_completion_barrier	transport request/ack plus synchronized four-slot commit equality	GROUP_13_EARLIEST_USE_GE_32NS_AND_6NS_SETTLING_CAP	GROUP_13_CHECK_5_RESET_COMMIT_PHASE_COMPLETION_BARRIER
CDC1-CHG-0093	CDC-1	Critical	G2B_ONECH_C2H/last_global_axi_reg[21]/CE	G2B_ONECH_C2H/reset_commit_phase_hold_source_reg[1]/C	G2B_ONECH_C2H/reset_commit_phase_hold_source_reg[0]/C	nvp_vclk1	userclk1	Max Delay Datapath Only	RESET_COMMIT_STABLE_PAYLOAD	commit_sync2_axi[3:0]_completion_barrier	transport request/ack plus synchronized four-slot commit equality	GROUP_13_EARLIEST_USE_GE_32NS_AND_6NS_SETTLING_CAP	GROUP_13_CHECK_5_RESET_COMMIT_PHASE_COMPLETION_BARRIER
CDC1-CHG-0094	CDC-1	Critical	G2B_ONECH_C2H/last_global_axi_reg[22]/CE	G2B_ONECH_C2H/reset_commit_phase_hold_source_reg[1]/C	G2B_ONECH_C2H/reset_commit_phase_hold_source_reg[0]/C	nvp_vclk1	userclk1	Max Delay Datapath Only	RESET_COMMIT_STABLE_PAYLOAD	commit_sync2_axi[3:0]_completion_barrier	transport request/ack plus synchronized four-slot commit equality	GROUP_13_EARLIEST_USE_GE_32NS_AND_6NS_SETTLING_CAP	GROUP_13_CHECK_5_RESET_COMMIT_PHASE_COMPLETION_BARRIER
CDC1-CHG-0095	CDC-1	Critical	G2B_ONECH_C2H/last_global_axi_reg[23]/CE	G2B_ONECH_C2H/reset_commit_phase_hold_source_reg[1]/C	G2B_ONECH_C2H/reset_commit_phase_hold_source_reg[0]/C	nvp_vclk1	userclk1	Max Delay Datapath Only	RESET_COMMIT_STABLE_PAYLOAD	commit_sync2_axi[3:0]_completion_barrier	transport request/ack plus synchronized four-slot commit equality	GROUP_13_EARLIEST_USE_GE_32NS_AND_6NS_SETTLING_CAP	GROUP_13_CHECK_5_RESET_COMMIT_PHASE_COMPLETION_BARRIER
CDC1-CHG-0096	CDC-1	Critical	G2B_ONECH_C2H/last_global_axi_reg[24]/CE	G2B_ONECH_C2H/reset_commit_phase_hold_source_reg[1]/C	G2B_ONECH_C2H/reset_commit_phase_hold_source_reg[0]/C	nvp_vclk1	userclk1	Max Delay Datapath Only	RESET_COMMIT_STABLE_PAYLOAD	commit_sync2_axi[3:0]_completion_barrier	transport request/ack plus synchronized four-slot commit equality	GROUP_13_EARLIEST_USE_GE_32NS_AND_6NS_SETTLING_CAP	GROUP_13_CHECK_5_RESET_COMMIT_PHASE_COMPLETION_BARRIER
CDC1-CHG-0097	CDC-1	Critical	G2B_ONECH_C2H/last_global_axi_reg[25]/CE	G2B_ONECH_C2H/reset_commit_phase_hold_source_reg[1]/C	G2B_ONECH_C2H/reset_commit_phase_hold_source_reg[0]/C	nvp_vclk1	userclk1	Max Delay Datapath Only	RESET_COMMIT_STABLE_PAYLOAD	commit_sync2_axi[3:0]_completion_barrier	transport request/ack plus synchronized four-slot commit equality	GROUP_13_EARLIEST_USE_GE_32NS_AND_6NS_SETTLING_CAP	GROUP_13_CHECK_5_RESET_COMMIT_PHASE_COMPLETION_BARRIER
CDC1-CHG-0098	CDC-1	Critical	G2B_ONECH_C2H/last_global_axi_reg[26]/CE	G2B_ONECH_C2H/reset_commit_phase_hold_source_reg[1]/C	G2B_ONECH_C2H/reset_commit_phase_hold_source_reg[0]/C	nvp_vclk1	userclk1	Max Delay Datapath Only	RESET_COMMIT_STABLE_PAYLOAD	commit_sync2_axi[3:0]_completion_barrier	transport request/ack plus synchronized four-slot commit equality	GROUP_13_EARLIEST_USE_GE_32NS_AND_6NS_SETTLING_CAP	GROUP_13_CHECK_5_RESET_COMMIT_PHASE_COMPLETION_BARRIER
CDC1-CHG-0099	CDC-1	Critical	G2B_ONECH_C2H/last_global_axi_reg[27]/CE	G2B_ONECH_C2H/reset_commit_phase_hold_source_reg[1]/C	G2B_ONECH_C2H/reset_commit_phase_hold_source_reg[0]/C	nvp_vclk1	userclk1	Max Delay Datapath Only	RESET_COMMIT_STABLE_PAYLOAD	commit_sync2_axi[3:0]_completion_barrier	transport request/ack plus synchronized four-slot commit equality	GROUP_13_EARLIEST_USE_GE_32NS_AND_6NS_SETTLING_CAP	GROUP_13_CHECK_5_RESET_COMMIT_PHASE_COMPLETION_BARRIER
CDC1-CHG-0100	CDC-1	Critical	G2B_ONECH_C2H/last_global_axi_reg[28]/CE	G2B_ONECH_C2H/reset_commit_phase_hold_source_reg[1]/C	G2B_ONECH_C2H/reset_commit_phase_hold_source_reg[0]/C	nvp_vclk1	userclk1	Max Delay Datapath Only	RESET_COMMIT_STABLE_PAYLOAD	commit_sync2_axi[3:0]_completion_barrier	transport request/ack plus synchronized four-slot commit equality	GROUP_13_EARLIEST_USE_GE_32NS_AND_6NS_SETTLING_CAP	GROUP_13_CHECK_5_RESET_COMMIT_PHASE_COMPLETION_BARRIER
CDC1-CHG-0101	CDC-1	Critical	G2B_ONECH_C2H/last_global_axi_reg[29]/CE	G2B_ONECH_C2H/reset_commit_phase_hold_source_reg[1]/C	G2B_ONECH_C2H/reset_commit_phase_hold_source_reg[0]/C	nvp_vclk1	userclk1	Max Delay Datapath Only	RESET_COMMIT_STABLE_PAYLOAD	commit_sync2_axi[3:0]_completion_barrier	transport request/ack plus synchronized four-slot commit equality	GROUP_13_EARLIEST_USE_GE_32NS_AND_6NS_SETTLING_CAP	GROUP_13_CHECK_5_RESET_COMMIT_PHASE_COMPLETION_BARRIER
CDC1-CHG-0102	CDC-1	Critical	G2B_ONECH_C2H/last_global_axi_reg[2]/CE	G2B_ONECH_C2H/reset_commit_phase_hold_source_reg[1]/C	G2B_ONECH_C2H/reset_commit_phase_hold_source_reg[0]/C	nvp_vclk1	userclk1	Max Delay Datapath Only	RESET_COMMIT_STABLE_PAYLOAD	commit_sync2_axi[3:0]_completion_barrier	transport request/ack plus synchronized four-slot commit equality	GROUP_13_EARLIEST_USE_GE_32NS_AND_6NS_SETTLING_CAP	GROUP_13_CHECK_5_RESET_COMMIT_PHASE_COMPLETION_BARRIER
CDC1-CHG-0103	CDC-1	Critical	G2B_ONECH_C2H/last_global_axi_reg[30]/CE	G2B_ONECH_C2H/reset_commit_phase_hold_source_reg[1]/C	G2B_ONECH_C2H/reset_commit_phase_hold_source_reg[0]/C	nvp_vclk1	userclk1	Max Delay Datapath Only	RESET_COMMIT_STABLE_PAYLOAD	commit_sync2_axi[3:0]_completion_barrier	transport request/ack plus synchronized four-slot commit equality	GROUP_13_EARLIEST_USE_GE_32NS_AND_6NS_SETTLING_CAP	GROUP_13_CHECK_5_RESET_COMMIT_PHASE_COMPLETION_BARRIER
CDC1-CHG-0104	CDC-1	Critical	G2B_ONECH_C2H/last_global_axi_reg[31]/CE	G2B_ONECH_C2H/reset_commit_phase_hold_source_reg[1]/C	G2B_ONECH_C2H/reset_commit_phase_hold_source_reg[0]/C	nvp_vclk1	userclk1	Max Delay Datapath Only	RESET_COMMIT_STABLE_PAYLOAD	commit_sync2_axi[3:0]_completion_barrier	transport request/ack plus synchronized four-slot commit equality	GROUP_13_EARLIEST_USE_GE_32NS_AND_6NS_SETTLING_CAP	GROUP_13_CHECK_5_RESET_COMMIT_PHASE_COMPLETION_BARRIER
CDC1-CHG-0105	CDC-1	Critical	G2B_ONECH_C2H/last_global_axi_reg[3]/CE	G2B_ONECH_C2H/reset_commit_phase_hold_source_reg[1]/C	G2B_ONECH_C2H/reset_commit_phase_hold_source_reg[0]/C	nvp_vclk1	userclk1	Max Delay Datapath Only	RESET_COMMIT_STABLE_PAYLOAD	commit_sync2_axi[3:0]_completion_barrier	transport request/ack plus synchronized four-slot commit equality	GROUP_13_EARLIEST_USE_GE_32NS_AND_6NS_SETTLING_CAP	GROUP_13_CHECK_5_RESET_COMMIT_PHASE_COMPLETION_BARRIER
CDC1-CHG-0106	CDC-1	Critical	G2B_ONECH_C2H/last_global_axi_reg[4]/CE	G2B_ONECH_C2H/reset_commit_phase_hold_source_reg[1]/C	G2B_ONECH_C2H/reset_commit_phase_hold_source_reg[0]/C	nvp_vclk1	userclk1	Max Delay Datapath Only	RESET_COMMIT_STABLE_PAYLOAD	commit_sync2_axi[3:0]_completion_barrier	transport request/ack plus synchronized four-slot commit equality	GROUP_13_EARLIEST_USE_GE_32NS_AND_6NS_SETTLING_CAP	GROUP_13_CHECK_5_RESET_COMMIT_PHASE_COMPLETION_BARRIER
CDC1-CHG-0107	CDC-1	Critical	G2B_ONECH_C2H/last_global_axi_reg[5]/CE	G2B_ONECH_C2H/reset_commit_phase_hold_source_reg[1]/C	G2B_ONECH_C2H/reset_commit_phase_hold_source_reg[0]/C	nvp_vclk1	userclk1	Max Delay Datapath Only	RESET_COMMIT_STABLE_PAYLOAD	commit_sync2_axi[3:0]_completion_barrier	transport request/ack plus synchronized four-slot commit equality	GROUP_13_EARLIEST_USE_GE_32NS_AND_6NS_SETTLING_CAP	GROUP_13_CHECK_5_RESET_COMMIT_PHASE_COMPLETION_BARRIER
CDC1-CHG-0108	CDC-1	Critical	G2B_ONECH_C2H/last_global_axi_reg[6]/CE	G2B_ONECH_C2H/reset_commit_phase_hold_source_reg[1]/C	G2B_ONECH_C2H/reset_commit_phase_hold_source_reg[0]/C	nvp_vclk1	userclk1	Max Delay Datapath Only	RESET_COMMIT_STABLE_PAYLOAD	commit_sync2_axi[3:0]_completion_barrier	transport request/ack plus synchronized four-slot commit equality	GROUP_13_EARLIEST_USE_GE_32NS_AND_6NS_SETTLING_CAP	GROUP_13_CHECK_5_RESET_COMMIT_PHASE_COMPLETION_BARRIER
CDC1-CHG-0109	CDC-1	Critical	G2B_ONECH_C2H/last_global_axi_reg[7]/CE	G2B_ONECH_C2H/reset_commit_phase_hold_source_reg[1]/C	G2B_ONECH_C2H/reset_commit_phase_hold_source_reg[0]/C	nvp_vclk1	userclk1	Max Delay Datapath Only	RESET_COMMIT_STABLE_PAYLOAD	commit_sync2_axi[3:0]_completion_barrier	transport request/ack plus synchronized four-slot commit equality	GROUP_13_EARLIEST_USE_GE_32NS_AND_6NS_SETTLING_CAP	GROUP_13_CHECK_5_RESET_COMMIT_PHASE_COMPLETION_BARRIER
CDC1-CHG-0110	CDC-1	Critical	G2B_ONECH_C2H/last_global_axi_reg[8]/CE	G2B_ONECH_C2H/reset_commit_phase_hold_source_reg[1]/C	G2B_ONECH_C2H/reset_commit_phase_hold_source_reg[0]/C	nvp_vclk1	userclk1	Max Delay Datapath Only	RESET_COMMIT_STABLE_PAYLOAD	commit_sync2_axi[3:0]_completion_barrier	transport request/ack plus synchronized four-slot commit equality	GROUP_13_EARLIEST_USE_GE_32NS_AND_6NS_SETTLING_CAP	GROUP_13_CHECK_5_RESET_COMMIT_PHASE_COMPLETION_BARRIER
CDC1-CHG-0111	CDC-1	Critical	G2B_ONECH_C2H/last_global_axi_reg[9]/CE	G2B_ONECH_C2H/reset_commit_phase_hold_source_reg[1]/C	G2B_ONECH_C2H/reset_commit_phase_hold_source_reg[0]/C	nvp_vclk1	userclk1	Max Delay Datapath Only	RESET_COMMIT_STABLE_PAYLOAD	commit_sync2_axi[3:0]_completion_barrier	transport request/ack plus synchronized four-slot commit equality	GROUP_13_EARLIEST_USE_GE_32NS_AND_6NS_SETTLING_CAP	GROUP_13_CHECK_5_RESET_COMMIT_PHASE_COMPLETION_BARRIER
CDC1-CHG-0112	CDC-1	Critical	G2B_ONECH_C2H/last_global_valid_axi_reg/D	G2B_ONECH_C2H/reset_commit_phase_hold_source_reg[1]/C	G2B_ONECH_C2H/reset_commit_phase_hold_source_reg[0]/C	nvp_vclk1	userclk1	Max Delay Datapath Only	RESET_COMMIT_STABLE_PAYLOAD	commit_sync2_axi[3:0]_completion_barrier	transport request/ack plus synchronized four-slot commit equality	GROUP_13_EARLIEST_USE_GE_32NS_AND_6NS_SETTLING_CAP	GROUP_13_CHECK_5_RESET_COMMIT_PHASE_COMPLETION_BARRIER
CDC1-CHG-0113	CDC-1	Critical	G2B_ONECH_C2H/records_abandoned_axi_reg[0]/CE	G2B_ONECH_C2H/reset_commit_phase_hold_source_reg[1]/C	G2B_ONECH_C2H/reset_commit_phase_hold_source_reg[0]/C	nvp_vclk1	userclk1	Max Delay Datapath Only	RESET_COMMIT_STABLE_PAYLOAD	commit_sync2_axi[3:0]_completion_barrier	transport request/ack plus synchronized four-slot commit equality	GROUP_13_EARLIEST_USE_GE_32NS_AND_6NS_SETTLING_CAP	GROUP_13_CHECK_5_RESET_COMMIT_PHASE_COMPLETION_BARRIER
CDC1-CHG-0114	CDC-1	Critical	G2B_ONECH_C2H/records_abandoned_axi_reg[10]/CE	G2B_ONECH_C2H/reset_commit_phase_hold_source_reg[1]/C	G2B_ONECH_C2H/reset_commit_phase_hold_source_reg[0]/C	nvp_vclk1	userclk1	Max Delay Datapath Only	RESET_COMMIT_STABLE_PAYLOAD	commit_sync2_axi[3:0]_completion_barrier	transport request/ack plus synchronized four-slot commit equality	GROUP_13_EARLIEST_USE_GE_32NS_AND_6NS_SETTLING_CAP	GROUP_13_CHECK_5_RESET_COMMIT_PHASE_COMPLETION_BARRIER
CDC1-CHG-0115	CDC-1	Critical	G2B_ONECH_C2H/records_abandoned_axi_reg[11]/CE	G2B_ONECH_C2H/reset_commit_phase_hold_source_reg[1]/C	G2B_ONECH_C2H/reset_commit_phase_hold_source_reg[0]/C	nvp_vclk1	userclk1	Max Delay Datapath Only	RESET_COMMIT_STABLE_PAYLOAD	commit_sync2_axi[3:0]_completion_barrier	transport request/ack plus synchronized four-slot commit equality	GROUP_13_EARLIEST_USE_GE_32NS_AND_6NS_SETTLING_CAP	GROUP_13_CHECK_5_RESET_COMMIT_PHASE_COMPLETION_BARRIER
CDC1-CHG-0116	CDC-1	Critical	G2B_ONECH_C2H/records_abandoned_axi_reg[12]/CE	G2B_ONECH_C2H/reset_commit_phase_hold_source_reg[1]/C	G2B_ONECH_C2H/reset_commit_phase_hold_source_reg[0]/C	nvp_vclk1	userclk1	Max Delay Datapath Only	RESET_COMMIT_STABLE_PAYLOAD	commit_sync2_axi[3:0]_completion_barrier	transport request/ack plus synchronized four-slot commit equality	GROUP_13_EARLIEST_USE_GE_32NS_AND_6NS_SETTLING_CAP	GROUP_13_CHECK_5_RESET_COMMIT_PHASE_COMPLETION_BARRIER
CDC1-CHG-0117	CDC-1	Critical	G2B_ONECH_C2H/records_abandoned_axi_reg[13]/CE	G2B_ONECH_C2H/reset_commit_phase_hold_source_reg[1]/C	G2B_ONECH_C2H/reset_commit_phase_hold_source_reg[0]/C	nvp_vclk1	userclk1	Max Delay Datapath Only	RESET_COMMIT_STABLE_PAYLOAD	commit_sync2_axi[3:0]_completion_barrier	transport request/ack plus synchronized four-slot commit equality	GROUP_13_EARLIEST_USE_GE_32NS_AND_6NS_SETTLING_CAP	GROUP_13_CHECK_5_RESET_COMMIT_PHASE_COMPLETION_BARRIER
CDC1-CHG-0118	CDC-1	Critical	G2B_ONECH_C2H/records_abandoned_axi_reg[14]/CE	G2B_ONECH_C2H/reset_commit_phase_hold_source_reg[1]/C	G2B_ONECH_C2H/reset_commit_phase_hold_source_reg[0]/C	nvp_vclk1	userclk1	Max Delay Datapath Only	RESET_COMMIT_STABLE_PAYLOAD	commit_sync2_axi[3:0]_completion_barrier	transport request/ack plus synchronized four-slot commit equality	GROUP_13_EARLIEST_USE_GE_32NS_AND_6NS_SETTLING_CAP	GROUP_13_CHECK_5_RESET_COMMIT_PHASE_COMPLETION_BARRIER
CDC1-CHG-0119	CDC-1	Critical	G2B_ONECH_C2H/records_abandoned_axi_reg[15]/CE	G2B_ONECH_C2H/reset_commit_phase_hold_source_reg[1]/C	G2B_ONECH_C2H/reset_commit_phase_hold_source_reg[0]/C	nvp_vclk1	userclk1	Max Delay Datapath Only	RESET_COMMIT_STABLE_PAYLOAD	commit_sync2_axi[3:0]_completion_barrier	transport request/ack plus synchronized four-slot commit equality	GROUP_13_EARLIEST_USE_GE_32NS_AND_6NS_SETTLING_CAP	GROUP_13_CHECK_5_RESET_COMMIT_PHASE_COMPLETION_BARRIER
CDC1-CHG-0120	CDC-1	Critical	G2B_ONECH_C2H/records_abandoned_axi_reg[16]/CE	G2B_ONECH_C2H/reset_commit_phase_hold_source_reg[1]/C	G2B_ONECH_C2H/reset_commit_phase_hold_source_reg[0]/C	nvp_vclk1	userclk1	Max Delay Datapath Only	RESET_COMMIT_STABLE_PAYLOAD	commit_sync2_axi[3:0]_completion_barrier	transport request/ack plus synchronized four-slot commit equality	GROUP_13_EARLIEST_USE_GE_32NS_AND_6NS_SETTLING_CAP	GROUP_13_CHECK_5_RESET_COMMIT_PHASE_COMPLETION_BARRIER
CDC1-CHG-0121	CDC-1	Critical	G2B_ONECH_C2H/records_abandoned_axi_reg[17]/CE	G2B_ONECH_C2H/reset_commit_phase_hold_source_reg[1]/C	G2B_ONECH_C2H/reset_commit_phase_hold_source_reg[0]/C	nvp_vclk1	userclk1	Max Delay Datapath Only	RESET_COMMIT_STABLE_PAYLOAD	commit_sync2_axi[3:0]_completion_barrier	transport request/ack plus synchronized four-slot commit equality	GROUP_13_EARLIEST_USE_GE_32NS_AND_6NS_SETTLING_CAP	GROUP_13_CHECK_5_RESET_COMMIT_PHASE_COMPLETION_BARRIER
CDC1-CHG-0122	CDC-1	Critical	G2B_ONECH_C2H/records_abandoned_axi_reg[18]/CE	G2B_ONECH_C2H/reset_commit_phase_hold_source_reg[1]/C	G2B_ONECH_C2H/reset_commit_phase_hold_source_reg[0]/C	nvp_vclk1	userclk1	Max Delay Datapath Only	RESET_COMMIT_STABLE_PAYLOAD	commit_sync2_axi[3:0]_completion_barrier	transport request/ack plus synchronized four-slot commit equality	GROUP_13_EARLIEST_USE_GE_32NS_AND_6NS_SETTLING_CAP	GROUP_13_CHECK_5_RESET_COMMIT_PHASE_COMPLETION_BARRIER
CDC1-CHG-0123	CDC-1	Critical	G2B_ONECH_C2H/records_abandoned_axi_reg[19]/CE	G2B_ONECH_C2H/reset_commit_phase_hold_source_reg[1]/C	G2B_ONECH_C2H/reset_commit_phase_hold_source_reg[0]/C	nvp_vclk1	userclk1	Max Delay Datapath Only	RESET_COMMIT_STABLE_PAYLOAD	commit_sync2_axi[3:0]_completion_barrier	transport request/ack plus synchronized four-slot commit equality	GROUP_13_EARLIEST_USE_GE_32NS_AND_6NS_SETTLING_CAP	GROUP_13_CHECK_5_RESET_COMMIT_PHASE_COMPLETION_BARRIER
CDC1-CHG-0124	CDC-1	Critical	G2B_ONECH_C2H/records_abandoned_axi_reg[1]/CE	G2B_ONECH_C2H/reset_commit_phase_hold_source_reg[1]/C	G2B_ONECH_C2H/reset_commit_phase_hold_source_reg[0]/C	nvp_vclk1	userclk1	Max Delay Datapath Only	RESET_COMMIT_STABLE_PAYLOAD	commit_sync2_axi[3:0]_completion_barrier	transport request/ack plus synchronized four-slot commit equality	GROUP_13_EARLIEST_USE_GE_32NS_AND_6NS_SETTLING_CAP	GROUP_13_CHECK_5_RESET_COMMIT_PHASE_COMPLETION_BARRIER
CDC1-CHG-0125	CDC-1	Critical	G2B_ONECH_C2H/records_abandoned_axi_reg[20]/CE	G2B_ONECH_C2H/reset_commit_phase_hold_source_reg[1]/C	G2B_ONECH_C2H/reset_commit_phase_hold_source_reg[0]/C	nvp_vclk1	userclk1	Max Delay Datapath Only	RESET_COMMIT_STABLE_PAYLOAD	commit_sync2_axi[3:0]_completion_barrier	transport request/ack plus synchronized four-slot commit equality	GROUP_13_EARLIEST_USE_GE_32NS_AND_6NS_SETTLING_CAP	GROUP_13_CHECK_5_RESET_COMMIT_PHASE_COMPLETION_BARRIER
CDC1-CHG-0126	CDC-1	Critical	G2B_ONECH_C2H/records_abandoned_axi_reg[21]/CE	G2B_ONECH_C2H/reset_commit_phase_hold_source_reg[1]/C	G2B_ONECH_C2H/reset_commit_phase_hold_source_reg[0]/C	nvp_vclk1	userclk1	Max Delay Datapath Only	RESET_COMMIT_STABLE_PAYLOAD	commit_sync2_axi[3:0]_completion_barrier	transport request/ack plus synchronized four-slot commit equality	GROUP_13_EARLIEST_USE_GE_32NS_AND_6NS_SETTLING_CAP	GROUP_13_CHECK_5_RESET_COMMIT_PHASE_COMPLETION_BARRIER
CDC1-CHG-0127	CDC-1	Critical	G2B_ONECH_C2H/records_abandoned_axi_reg[22]/CE	G2B_ONECH_C2H/reset_commit_phase_hold_source_reg[1]/C	G2B_ONECH_C2H/reset_commit_phase_hold_source_reg[0]/C	nvp_vclk1	userclk1	Max Delay Datapath Only	RESET_COMMIT_STABLE_PAYLOAD	commit_sync2_axi[3:0]_completion_barrier	transport request/ack plus synchronized four-slot commit equality	GROUP_13_EARLIEST_USE_GE_32NS_AND_6NS_SETTLING_CAP	GROUP_13_CHECK_5_RESET_COMMIT_PHASE_COMPLETION_BARRIER
CDC1-CHG-0128	CDC-1	Critical	G2B_ONECH_C2H/records_abandoned_axi_reg[23]/CE	G2B_ONECH_C2H/reset_commit_phase_hold_source_reg[1]/C	G2B_ONECH_C2H/reset_commit_phase_hold_source_reg[0]/C	nvp_vclk1	userclk1	Max Delay Datapath Only	RESET_COMMIT_STABLE_PAYLOAD	commit_sync2_axi[3:0]_completion_barrier	transport request/ack plus synchronized four-slot commit equality	GROUP_13_EARLIEST_USE_GE_32NS_AND_6NS_SETTLING_CAP	GROUP_13_CHECK_5_RESET_COMMIT_PHASE_COMPLETION_BARRIER
CDC1-CHG-0129	CDC-1	Critical	G2B_ONECH_C2H/records_abandoned_axi_reg[24]/CE	G2B_ONECH_C2H/reset_commit_phase_hold_source_reg[1]/C	G2B_ONECH_C2H/reset_commit_phase_hold_source_reg[0]/C	nvp_vclk1	userclk1	Max Delay Datapath Only	RESET_COMMIT_STABLE_PAYLOAD	commit_sync2_axi[3:0]_completion_barrier	transport request/ack plus synchronized four-slot commit equality	GROUP_13_EARLIEST_USE_GE_32NS_AND_6NS_SETTLING_CAP	GROUP_13_CHECK_5_RESET_COMMIT_PHASE_COMPLETION_BARRIER
CDC1-CHG-0130	CDC-1	Critical	G2B_ONECH_C2H/records_abandoned_axi_reg[25]/CE	G2B_ONECH_C2H/reset_commit_phase_hold_source_reg[1]/C	G2B_ONECH_C2H/reset_commit_phase_hold_source_reg[0]/C	nvp_vclk1	userclk1	Max Delay Datapath Only	RESET_COMMIT_STABLE_PAYLOAD	commit_sync2_axi[3:0]_completion_barrier	transport request/ack plus synchronized four-slot commit equality	GROUP_13_EARLIEST_USE_GE_32NS_AND_6NS_SETTLING_CAP	GROUP_13_CHECK_5_RESET_COMMIT_PHASE_COMPLETION_BARRIER
CDC1-CHG-0131	CDC-1	Critical	G2B_ONECH_C2H/records_abandoned_axi_reg[26]/CE	G2B_ONECH_C2H/reset_commit_phase_hold_source_reg[1]/C	G2B_ONECH_C2H/reset_commit_phase_hold_source_reg[0]/C	nvp_vclk1	userclk1	Max Delay Datapath Only	RESET_COMMIT_STABLE_PAYLOAD	commit_sync2_axi[3:0]_completion_barrier	transport request/ack plus synchronized four-slot commit equality	GROUP_13_EARLIEST_USE_GE_32NS_AND_6NS_SETTLING_CAP	GROUP_13_CHECK_5_RESET_COMMIT_PHASE_COMPLETION_BARRIER
CDC1-CHG-0132	CDC-1	Critical	G2B_ONECH_C2H/records_abandoned_axi_reg[27]/CE	G2B_ONECH_C2H/reset_commit_phase_hold_source_reg[1]/C	G2B_ONECH_C2H/reset_commit_phase_hold_source_reg[0]/C	nvp_vclk1	userclk1	Max Delay Datapath Only	RESET_COMMIT_STABLE_PAYLOAD	commit_sync2_axi[3:0]_completion_barrier	transport request/ack plus synchronized four-slot commit equality	GROUP_13_EARLIEST_USE_GE_32NS_AND_6NS_SETTLING_CAP	GROUP_13_CHECK_5_RESET_COMMIT_PHASE_COMPLETION_BARRIER
CDC1-CHG-0133	CDC-1	Critical	G2B_ONECH_C2H/records_abandoned_axi_reg[28]/CE	G2B_ONECH_C2H/reset_commit_phase_hold_source_reg[1]/C	G2B_ONECH_C2H/reset_commit_phase_hold_source_reg[0]/C	nvp_vclk1	userclk1	Max Delay Datapath Only	RESET_COMMIT_STABLE_PAYLOAD	commit_sync2_axi[3:0]_completion_barrier	transport request/ack plus synchronized four-slot commit equality	GROUP_13_EARLIEST_USE_GE_32NS_AND_6NS_SETTLING_CAP	GROUP_13_CHECK_5_RESET_COMMIT_PHASE_COMPLETION_BARRIER
CDC1-CHG-0134	CDC-1	Critical	G2B_ONECH_C2H/records_abandoned_axi_reg[29]/CE	G2B_ONECH_C2H/reset_commit_phase_hold_source_reg[1]/C	G2B_ONECH_C2H/reset_commit_phase_hold_source_reg[0]/C	nvp_vclk1	userclk1	Max Delay Datapath Only	RESET_COMMIT_STABLE_PAYLOAD	commit_sync2_axi[3:0]_completion_barrier	transport request/ack plus synchronized four-slot commit equality	GROUP_13_EARLIEST_USE_GE_32NS_AND_6NS_SETTLING_CAP	GROUP_13_CHECK_5_RESET_COMMIT_PHASE_COMPLETION_BARRIER
CDC1-CHG-0135	CDC-1	Critical	G2B_ONECH_C2H/records_abandoned_axi_reg[2]/CE	G2B_ONECH_C2H/reset_commit_phase_hold_source_reg[1]/C	G2B_ONECH_C2H/reset_commit_phase_hold_source_reg[0]/C	nvp_vclk1	userclk1	Max Delay Datapath Only	RESET_COMMIT_STABLE_PAYLOAD	commit_sync2_axi[3:0]_completion_barrier	transport request/ack plus synchronized four-slot commit equality	GROUP_13_EARLIEST_USE_GE_32NS_AND_6NS_SETTLING_CAP	GROUP_13_CHECK_5_RESET_COMMIT_PHASE_COMPLETION_BARRIER
CDC1-CHG-0136	CDC-1	Critical	G2B_ONECH_C2H/records_abandoned_axi_reg[30]/CE	G2B_ONECH_C2H/reset_commit_phase_hold_source_reg[1]/C	G2B_ONECH_C2H/reset_commit_phase_hold_source_reg[0]/C	nvp_vclk1	userclk1	Max Delay Datapath Only	RESET_COMMIT_STABLE_PAYLOAD	commit_sync2_axi[3:0]_completion_barrier	transport request/ack plus synchronized four-slot commit equality	GROUP_13_EARLIEST_USE_GE_32NS_AND_6NS_SETTLING_CAP	GROUP_13_CHECK_5_RESET_COMMIT_PHASE_COMPLETION_BARRIER
CDC1-CHG-0137	CDC-1	Critical	G2B_ONECH_C2H/records_abandoned_axi_reg[31]/CE	G2B_ONECH_C2H/reset_commit_phase_hold_source_reg[1]/C	G2B_ONECH_C2H/reset_commit_phase_hold_source_reg[0]/C	nvp_vclk1	userclk1	Max Delay Datapath Only	RESET_COMMIT_STABLE_PAYLOAD	commit_sync2_axi[3:0]_completion_barrier	transport request/ack plus synchronized four-slot commit equality	GROUP_13_EARLIEST_USE_GE_32NS_AND_6NS_SETTLING_CAP	GROUP_13_CHECK_5_RESET_COMMIT_PHASE_COMPLETION_BARRIER
CDC1-CHG-0138	CDC-1	Critical	G2B_ONECH_C2H/records_abandoned_axi_reg[3]/CE	G2B_ONECH_C2H/reset_commit_phase_hold_source_reg[1]/C	G2B_ONECH_C2H/reset_commit_phase_hold_source_reg[0]/C	nvp_vclk1	userclk1	Max Delay Datapath Only	RESET_COMMIT_STABLE_PAYLOAD	commit_sync2_axi[3:0]_completion_barrier	transport request/ack plus synchronized four-slot commit equality	GROUP_13_EARLIEST_USE_GE_32NS_AND_6NS_SETTLING_CAP	GROUP_13_CHECK_5_RESET_COMMIT_PHASE_COMPLETION_BARRIER
CDC1-CHG-0139	CDC-1	Critical	G2B_ONECH_C2H/records_abandoned_axi_reg[4]/CE	G2B_ONECH_C2H/reset_commit_phase_hold_source_reg[1]/C	G2B_ONECH_C2H/reset_commit_phase_hold_source_reg[0]/C	nvp_vclk1	userclk1	Max Delay Datapath Only	RESET_COMMIT_STABLE_PAYLOAD	commit_sync2_axi[3:0]_completion_barrier	transport request/ack plus synchronized four-slot commit equality	GROUP_13_EARLIEST_USE_GE_32NS_AND_6NS_SETTLING_CAP	GROUP_13_CHECK_5_RESET_COMMIT_PHASE_COMPLETION_BARRIER
CDC1-CHG-0140	CDC-1	Critical	G2B_ONECH_C2H/records_abandoned_axi_reg[5]/CE	G2B_ONECH_C2H/reset_commit_phase_hold_source_reg[1]/C	G2B_ONECH_C2H/reset_commit_phase_hold_source_reg[0]/C	nvp_vclk1	userclk1	Max Delay Datapath Only	RESET_COMMIT_STABLE_PAYLOAD	commit_sync2_axi[3:0]_completion_barrier	transport request/ack plus synchronized four-slot commit equality	GROUP_13_EARLIEST_USE_GE_32NS_AND_6NS_SETTLING_CAP	GROUP_13_CHECK_5_RESET_COMMIT_PHASE_COMPLETION_BARRIER
CDC1-CHG-0141	CDC-1	Critical	G2B_ONECH_C2H/records_abandoned_axi_reg[6]/CE	G2B_ONECH_C2H/reset_commit_phase_hold_source_reg[1]/C	G2B_ONECH_C2H/reset_commit_phase_hold_source_reg[0]/C	nvp_vclk1	userclk1	Max Delay Datapath Only	RESET_COMMIT_STABLE_PAYLOAD	commit_sync2_axi[3:0]_completion_barrier	transport request/ack plus synchronized four-slot commit equality	GROUP_13_EARLIEST_USE_GE_32NS_AND_6NS_SETTLING_CAP	GROUP_13_CHECK_5_RESET_COMMIT_PHASE_COMPLETION_BARRIER
CDC1-CHG-0142	CDC-1	Critical	G2B_ONECH_C2H/records_abandoned_axi_reg[7]/CE	G2B_ONECH_C2H/reset_commit_phase_hold_source_reg[1]/C	G2B_ONECH_C2H/reset_commit_phase_hold_source_reg[0]/C	nvp_vclk1	userclk1	Max Delay Datapath Only	RESET_COMMIT_STABLE_PAYLOAD	commit_sync2_axi[3:0]_completion_barrier	transport request/ack plus synchronized four-slot commit equality	GROUP_13_EARLIEST_USE_GE_32NS_AND_6NS_SETTLING_CAP	GROUP_13_CHECK_5_RESET_COMMIT_PHASE_COMPLETION_BARRIER
CDC1-CHG-0143	CDC-1	Critical	G2B_ONECH_C2H/records_abandoned_axi_reg[8]/CE	G2B_ONECH_C2H/reset_commit_phase_hold_source_reg[1]/C	G2B_ONECH_C2H/reset_commit_phase_hold_source_reg[0]/C	nvp_vclk1	userclk1	Max Delay Datapath Only	RESET_COMMIT_STABLE_PAYLOAD	commit_sync2_axi[3:0]_completion_barrier	transport request/ack plus synchronized four-slot commit equality	GROUP_13_EARLIEST_USE_GE_32NS_AND_6NS_SETTLING_CAP	GROUP_13_CHECK_5_RESET_COMMIT_PHASE_COMPLETION_BARRIER
CDC1-CHG-0144	CDC-1	Critical	G2B_ONECH_C2H/records_abandoned_axi_reg[9]/CE	G2B_ONECH_C2H/reset_commit_phase_hold_source_reg[1]/C	G2B_ONECH_C2H/reset_commit_phase_hold_source_reg[0]/C	nvp_vclk1	userclk1	Max Delay Datapath Only	RESET_COMMIT_STABLE_PAYLOAD	commit_sync2_axi[3:0]_completion_barrier	transport request/ack plus synchronized four-slot commit equality	GROUP_13_EARLIEST_USE_GE_32NS_AND_6NS_SETTLING_CAP	GROUP_13_CHECK_5_RESET_COMMIT_PHASE_COMPLETION_BARRIER
CDC1-CHG-0145	CDC-1	Critical	G2B_ONECH_C2H/reset_epoch_axi_reg[0]/CE	G2B_ONECH_C2H/reset_commit_phase_hold_source_reg[1]/C	G2B_ONECH_C2H/reset_commit_phase_hold_source_reg[0]/C	nvp_vclk1	userclk1	Max Delay Datapath Only	RESET_COMMIT_STABLE_PAYLOAD	commit_sync2_axi[3:0]_completion_barrier	transport request/ack plus synchronized four-slot commit equality	GROUP_13_EARLIEST_USE_GE_32NS_AND_6NS_SETTLING_CAP	GROUP_13_CHECK_5_RESET_COMMIT_PHASE_COMPLETION_BARRIER
CDC1-CHG-0146	CDC-1	Critical	G2B_ONECH_C2H/reset_epoch_axi_reg[10]/CE	G2B_ONECH_C2H/reset_commit_phase_hold_source_reg[1]/C	G2B_ONECH_C2H/reset_commit_phase_hold_source_reg[0]/C	nvp_vclk1	userclk1	Max Delay Datapath Only	RESET_COMMIT_STABLE_PAYLOAD	commit_sync2_axi[3:0]_completion_barrier	transport request/ack plus synchronized four-slot commit equality	GROUP_13_EARLIEST_USE_GE_32NS_AND_6NS_SETTLING_CAP	GROUP_13_CHECK_5_RESET_COMMIT_PHASE_COMPLETION_BARRIER
CDC1-CHG-0147	CDC-1	Critical	G2B_ONECH_C2H/reset_epoch_axi_reg[11]/CE	G2B_ONECH_C2H/reset_commit_phase_hold_source_reg[1]/C	G2B_ONECH_C2H/reset_commit_phase_hold_source_reg[0]/C	nvp_vclk1	userclk1	Max Delay Datapath Only	RESET_COMMIT_STABLE_PAYLOAD	commit_sync2_axi[3:0]_completion_barrier	transport request/ack plus synchronized four-slot commit equality	GROUP_13_EARLIEST_USE_GE_32NS_AND_6NS_SETTLING_CAP	GROUP_13_CHECK_5_RESET_COMMIT_PHASE_COMPLETION_BARRIER
CDC1-CHG-0148	CDC-1	Critical	G2B_ONECH_C2H/reset_epoch_axi_reg[12]/CE	G2B_ONECH_C2H/reset_commit_phase_hold_source_reg[1]/C	G2B_ONECH_C2H/reset_commit_phase_hold_source_reg[0]/C	nvp_vclk1	userclk1	Max Delay Datapath Only	RESET_COMMIT_STABLE_PAYLOAD	commit_sync2_axi[3:0]_completion_barrier	transport request/ack plus synchronized four-slot commit equality	GROUP_13_EARLIEST_USE_GE_32NS_AND_6NS_SETTLING_CAP	GROUP_13_CHECK_5_RESET_COMMIT_PHASE_COMPLETION_BARRIER
CDC1-CHG-0149	CDC-1	Critical	G2B_ONECH_C2H/reset_epoch_axi_reg[13]/CE	G2B_ONECH_C2H/reset_commit_phase_hold_source_reg[1]/C	G2B_ONECH_C2H/reset_commit_phase_hold_source_reg[0]/C	nvp_vclk1	userclk1	Max Delay Datapath Only	RESET_COMMIT_STABLE_PAYLOAD	commit_sync2_axi[3:0]_completion_barrier	transport request/ack plus synchronized four-slot commit equality	GROUP_13_EARLIEST_USE_GE_32NS_AND_6NS_SETTLING_CAP	GROUP_13_CHECK_5_RESET_COMMIT_PHASE_COMPLETION_BARRIER
CDC1-CHG-0150	CDC-1	Critical	G2B_ONECH_C2H/reset_epoch_axi_reg[14]/CE	G2B_ONECH_C2H/reset_commit_phase_hold_source_reg[1]/C	G2B_ONECH_C2H/reset_commit_phase_hold_source_reg[0]/C	nvp_vclk1	userclk1	Max Delay Datapath Only	RESET_COMMIT_STABLE_PAYLOAD	commit_sync2_axi[3:0]_completion_barrier	transport request/ack plus synchronized four-slot commit equality	GROUP_13_EARLIEST_USE_GE_32NS_AND_6NS_SETTLING_CAP	GROUP_13_CHECK_5_RESET_COMMIT_PHASE_COMPLETION_BARRIER
CDC1-CHG-0151	CDC-1	Critical	G2B_ONECH_C2H/reset_epoch_axi_reg[15]/CE	G2B_ONECH_C2H/reset_commit_phase_hold_source_reg[1]/C	G2B_ONECH_C2H/reset_commit_phase_hold_source_reg[0]/C	nvp_vclk1	userclk1	Max Delay Datapath Only	RESET_COMMIT_STABLE_PAYLOAD	commit_sync2_axi[3:0]_completion_barrier	transport request/ack plus synchronized four-slot commit equality	GROUP_13_EARLIEST_USE_GE_32NS_AND_6NS_SETTLING_CAP	GROUP_13_CHECK_5_RESET_COMMIT_PHASE_COMPLETION_BARRIER
CDC1-CHG-0152	CDC-1	Critical	G2B_ONECH_C2H/reset_epoch_axi_reg[16]/CE	G2B_ONECH_C2H/reset_commit_phase_hold_source_reg[1]/C	G2B_ONECH_C2H/reset_commit_phase_hold_source_reg[0]/C	nvp_vclk1	userclk1	Max Delay Datapath Only	RESET_COMMIT_STABLE_PAYLOAD	commit_sync2_axi[3:0]_completion_barrier	transport request/ack plus synchronized four-slot commit equality	GROUP_13_EARLIEST_USE_GE_32NS_AND_6NS_SETTLING_CAP	GROUP_13_CHECK_5_RESET_COMMIT_PHASE_COMPLETION_BARRIER
CDC1-CHG-0153	CDC-1	Critical	G2B_ONECH_C2H/reset_epoch_axi_reg[17]/CE	G2B_ONECH_C2H/reset_commit_phase_hold_source_reg[1]/C	G2B_ONECH_C2H/reset_commit_phase_hold_source_reg[0]/C	nvp_vclk1	userclk1	Max Delay Datapath Only	RESET_COMMIT_STABLE_PAYLOAD	commit_sync2_axi[3:0]_completion_barrier	transport request/ack plus synchronized four-slot commit equality	GROUP_13_EARLIEST_USE_GE_32NS_AND_6NS_SETTLING_CAP	GROUP_13_CHECK_5_RESET_COMMIT_PHASE_COMPLETION_BARRIER
CDC1-CHG-0154	CDC-1	Critical	G2B_ONECH_C2H/reset_epoch_axi_reg[18]/CE	G2B_ONECH_C2H/reset_commit_phase_hold_source_reg[1]/C	G2B_ONECH_C2H/reset_commit_phase_hold_source_reg[0]/C	nvp_vclk1	userclk1	Max Delay Datapath Only	RESET_COMMIT_STABLE_PAYLOAD	commit_sync2_axi[3:0]_completion_barrier	transport request/ack plus synchronized four-slot commit equality	GROUP_13_EARLIEST_USE_GE_32NS_AND_6NS_SETTLING_CAP	GROUP_13_CHECK_5_RESET_COMMIT_PHASE_COMPLETION_BARRIER
CDC1-CHG-0155	CDC-1	Critical	G2B_ONECH_C2H/reset_epoch_axi_reg[19]/CE	G2B_ONECH_C2H/reset_commit_phase_hold_source_reg[1]/C	G2B_ONECH_C2H/reset_commit_phase_hold_source_reg[0]/C	nvp_vclk1	userclk1	Max Delay Datapath Only	RESET_COMMIT_STABLE_PAYLOAD	commit_sync2_axi[3:0]_completion_barrier	transport request/ack plus synchronized four-slot commit equality	GROUP_13_EARLIEST_USE_GE_32NS_AND_6NS_SETTLING_CAP	GROUP_13_CHECK_5_RESET_COMMIT_PHASE_COMPLETION_BARRIER
CDC1-CHG-0156	CDC-1	Critical	G2B_ONECH_C2H/reset_epoch_axi_reg[1]/CE	G2B_ONECH_C2H/reset_commit_phase_hold_source_reg[1]/C	G2B_ONECH_C2H/reset_commit_phase_hold_source_reg[0]/C	nvp_vclk1	userclk1	Max Delay Datapath Only	RESET_COMMIT_STABLE_PAYLOAD	commit_sync2_axi[3:0]_completion_barrier	transport request/ack plus synchronized four-slot commit equality	GROUP_13_EARLIEST_USE_GE_32NS_AND_6NS_SETTLING_CAP	GROUP_13_CHECK_5_RESET_COMMIT_PHASE_COMPLETION_BARRIER
CDC1-CHG-0157	CDC-1	Critical	G2B_ONECH_C2H/reset_epoch_axi_reg[20]/CE	G2B_ONECH_C2H/reset_commit_phase_hold_source_reg[1]/C	G2B_ONECH_C2H/reset_commit_phase_hold_source_reg[0]/C	nvp_vclk1	userclk1	Max Delay Datapath Only	RESET_COMMIT_STABLE_PAYLOAD	commit_sync2_axi[3:0]_completion_barrier	transport request/ack plus synchronized four-slot commit equality	GROUP_13_EARLIEST_USE_GE_32NS_AND_6NS_SETTLING_CAP	GROUP_13_CHECK_5_RESET_COMMIT_PHASE_COMPLETION_BARRIER
CDC1-CHG-0158	CDC-1	Critical	G2B_ONECH_C2H/reset_epoch_axi_reg[21]/CE	G2B_ONECH_C2H/reset_commit_phase_hold_source_reg[1]/C	G2B_ONECH_C2H/reset_commit_phase_hold_source_reg[0]/C	nvp_vclk1	userclk1	Max Delay Datapath Only	RESET_COMMIT_STABLE_PAYLOAD	commit_sync2_axi[3:0]_completion_barrier	transport request/ack plus synchronized four-slot commit equality	GROUP_13_EARLIEST_USE_GE_32NS_AND_6NS_SETTLING_CAP	GROUP_13_CHECK_5_RESET_COMMIT_PHASE_COMPLETION_BARRIER
CDC1-CHG-0159	CDC-1	Critical	G2B_ONECH_C2H/reset_epoch_axi_reg[22]/CE	G2B_ONECH_C2H/reset_commit_phase_hold_source_reg[1]/C	G2B_ONECH_C2H/reset_commit_phase_hold_source_reg[0]/C	nvp_vclk1	userclk1	Max Delay Datapath Only	RESET_COMMIT_STABLE_PAYLOAD	commit_sync2_axi[3:0]_completion_barrier	transport request/ack plus synchronized four-slot commit equality	GROUP_13_EARLIEST_USE_GE_32NS_AND_6NS_SETTLING_CAP	GROUP_13_CHECK_5_RESET_COMMIT_PHASE_COMPLETION_BARRIER
CDC1-CHG-0160	CDC-1	Critical	G2B_ONECH_C2H/reset_epoch_axi_reg[23]/CE	G2B_ONECH_C2H/reset_commit_phase_hold_source_reg[1]/C	G2B_ONECH_C2H/reset_commit_phase_hold_source_reg[0]/C	nvp_vclk1	userclk1	Max Delay Datapath Only	RESET_COMMIT_STABLE_PAYLOAD	commit_sync2_axi[3:0]_completion_barrier	transport request/ack plus synchronized four-slot commit equality	GROUP_13_EARLIEST_USE_GE_32NS_AND_6NS_SETTLING_CAP	GROUP_13_CHECK_5_RESET_COMMIT_PHASE_COMPLETION_BARRIER
CDC1-CHG-0161	CDC-1	Critical	G2B_ONECH_C2H/reset_epoch_axi_reg[24]/CE	G2B_ONECH_C2H/reset_commit_phase_hold_source_reg[1]/C	G2B_ONECH_C2H/reset_commit_phase_hold_source_reg[0]/C	nvp_vclk1	userclk1	Max Delay Datapath Only	RESET_COMMIT_STABLE_PAYLOAD	commit_sync2_axi[3:0]_completion_barrier	transport request/ack plus synchronized four-slot commit equality	GROUP_13_EARLIEST_USE_GE_32NS_AND_6NS_SETTLING_CAP	GROUP_13_CHECK_5_RESET_COMMIT_PHASE_COMPLETION_BARRIER
CDC1-CHG-0162	CDC-1	Critical	G2B_ONECH_C2H/reset_epoch_axi_reg[25]/CE	G2B_ONECH_C2H/reset_commit_phase_hold_source_reg[1]/C	G2B_ONECH_C2H/reset_commit_phase_hold_source_reg[0]/C	nvp_vclk1	userclk1	Max Delay Datapath Only	RESET_COMMIT_STABLE_PAYLOAD	commit_sync2_axi[3:0]_completion_barrier	transport request/ack plus synchronized four-slot commit equality	GROUP_13_EARLIEST_USE_GE_32NS_AND_6NS_SETTLING_CAP	GROUP_13_CHECK_5_RESET_COMMIT_PHASE_COMPLETION_BARRIER
CDC1-CHG-0163	CDC-1	Critical	G2B_ONECH_C2H/reset_epoch_axi_reg[26]/CE	G2B_ONECH_C2H/reset_commit_phase_hold_source_reg[1]/C	G2B_ONECH_C2H/reset_commit_phase_hold_source_reg[0]/C	nvp_vclk1	userclk1	Max Delay Datapath Only	RESET_COMMIT_STABLE_PAYLOAD	commit_sync2_axi[3:0]_completion_barrier	transport request/ack plus synchronized four-slot commit equality	GROUP_13_EARLIEST_USE_GE_32NS_AND_6NS_SETTLING_CAP	GROUP_13_CHECK_5_RESET_COMMIT_PHASE_COMPLETION_BARRIER
CDC1-CHG-0164	CDC-1	Critical	G2B_ONECH_C2H/reset_epoch_axi_reg[27]/CE	G2B_ONECH_C2H/reset_commit_phase_hold_source_reg[1]/C	G2B_ONECH_C2H/reset_commit_phase_hold_source_reg[0]/C	nvp_vclk1	userclk1	Max Delay Datapath Only	RESET_COMMIT_STABLE_PAYLOAD	commit_sync2_axi[3:0]_completion_barrier	transport request/ack plus synchronized four-slot commit equality	GROUP_13_EARLIEST_USE_GE_32NS_AND_6NS_SETTLING_CAP	GROUP_13_CHECK_5_RESET_COMMIT_PHASE_COMPLETION_BARRIER
CDC1-CHG-0165	CDC-1	Critical	G2B_ONECH_C2H/reset_epoch_axi_reg[28]/CE	G2B_ONECH_C2H/reset_commit_phase_hold_source_reg[1]/C	G2B_ONECH_C2H/reset_commit_phase_hold_source_reg[0]/C	nvp_vclk1	userclk1	Max Delay Datapath Only	RESET_COMMIT_STABLE_PAYLOAD	commit_sync2_axi[3:0]_completion_barrier	transport request/ack plus synchronized four-slot commit equality	GROUP_13_EARLIEST_USE_GE_32NS_AND_6NS_SETTLING_CAP	GROUP_13_CHECK_5_RESET_COMMIT_PHASE_COMPLETION_BARRIER
CDC1-CHG-0166	CDC-1	Critical	G2B_ONECH_C2H/reset_epoch_axi_reg[29]/CE	G2B_ONECH_C2H/reset_commit_phase_hold_source_reg[1]/C	G2B_ONECH_C2H/reset_commit_phase_hold_source_reg[0]/C	nvp_vclk1	userclk1	Max Delay Datapath Only	RESET_COMMIT_STABLE_PAYLOAD	commit_sync2_axi[3:0]_completion_barrier	transport request/ack plus synchronized four-slot commit equality	GROUP_13_EARLIEST_USE_GE_32NS_AND_6NS_SETTLING_CAP	GROUP_13_CHECK_5_RESET_COMMIT_PHASE_COMPLETION_BARRIER
CDC1-CHG-0167	CDC-1	Critical	G2B_ONECH_C2H/reset_epoch_axi_reg[2]/CE	G2B_ONECH_C2H/reset_commit_phase_hold_source_reg[1]/C	G2B_ONECH_C2H/reset_commit_phase_hold_source_reg[0]/C	nvp_vclk1	userclk1	Max Delay Datapath Only	RESET_COMMIT_STABLE_PAYLOAD	commit_sync2_axi[3:0]_completion_barrier	transport request/ack plus synchronized four-slot commit equality	GROUP_13_EARLIEST_USE_GE_32NS_AND_6NS_SETTLING_CAP	GROUP_13_CHECK_5_RESET_COMMIT_PHASE_COMPLETION_BARRIER
CDC1-CHG-0168	CDC-1	Critical	G2B_ONECH_C2H/reset_epoch_axi_reg[30]/CE	G2B_ONECH_C2H/reset_commit_phase_hold_source_reg[1]/C	G2B_ONECH_C2H/reset_commit_phase_hold_source_reg[0]/C	nvp_vclk1	userclk1	Max Delay Datapath Only	RESET_COMMIT_STABLE_PAYLOAD	commit_sync2_axi[3:0]_completion_barrier	transport request/ack plus synchronized four-slot commit equality	GROUP_13_EARLIEST_USE_GE_32NS_AND_6NS_SETTLING_CAP	GROUP_13_CHECK_5_RESET_COMMIT_PHASE_COMPLETION_BARRIER
CDC1-CHG-0169	CDC-1	Critical	G2B_ONECH_C2H/reset_epoch_axi_reg[31]/CE	G2B_ONECH_C2H/reset_commit_phase_hold_source_reg[1]/C	G2B_ONECH_C2H/reset_commit_phase_hold_source_reg[0]/C	nvp_vclk1	userclk1	Max Delay Datapath Only	RESET_COMMIT_STABLE_PAYLOAD	commit_sync2_axi[3:0]_completion_barrier	transport request/ack plus synchronized four-slot commit equality	GROUP_13_EARLIEST_USE_GE_32NS_AND_6NS_SETTLING_CAP	GROUP_13_CHECK_5_RESET_COMMIT_PHASE_COMPLETION_BARRIER
CDC1-CHG-0170	CDC-1	Critical	G2B_ONECH_C2H/reset_epoch_axi_reg[3]/CE	G2B_ONECH_C2H/reset_commit_phase_hold_source_reg[1]/C	G2B_ONECH_C2H/reset_commit_phase_hold_source_reg[0]/C	nvp_vclk1	userclk1	Max Delay Datapath Only	RESET_COMMIT_STABLE_PAYLOAD	commit_sync2_axi[3:0]_completion_barrier	transport request/ack plus synchronized four-slot commit equality	GROUP_13_EARLIEST_USE_GE_32NS_AND_6NS_SETTLING_CAP	GROUP_13_CHECK_5_RESET_COMMIT_PHASE_COMPLETION_BARRIER
CDC1-CHG-0171	CDC-1	Critical	G2B_ONECH_C2H/reset_epoch_axi_reg[4]/CE	G2B_ONECH_C2H/reset_commit_phase_hold_source_reg[1]/C	G2B_ONECH_C2H/reset_commit_phase_hold_source_reg[0]/C	nvp_vclk1	userclk1	Max Delay Datapath Only	RESET_COMMIT_STABLE_PAYLOAD	commit_sync2_axi[3:0]_completion_barrier	transport request/ack plus synchronized four-slot commit equality	GROUP_13_EARLIEST_USE_GE_32NS_AND_6NS_SETTLING_CAP	GROUP_13_CHECK_5_RESET_COMMIT_PHASE_COMPLETION_BARRIER
CDC1-CHG-0172	CDC-1	Critical	G2B_ONECH_C2H/reset_epoch_axi_reg[5]/CE	G2B_ONECH_C2H/reset_commit_phase_hold_source_reg[1]/C	G2B_ONECH_C2H/reset_commit_phase_hold_source_reg[0]/C	nvp_vclk1	userclk1	Max Delay Datapath Only	RESET_COMMIT_STABLE_PAYLOAD	commit_sync2_axi[3:0]_completion_barrier	transport request/ack plus synchronized four-slot commit equality	GROUP_13_EARLIEST_USE_GE_32NS_AND_6NS_SETTLING_CAP	GROUP_13_CHECK_5_RESET_COMMIT_PHASE_COMPLETION_BARRIER
CDC1-CHG-0173	CDC-1	Critical	G2B_ONECH_C2H/reset_epoch_axi_reg[6]/CE	G2B_ONECH_C2H/reset_commit_phase_hold_source_reg[1]/C	G2B_ONECH_C2H/reset_commit_phase_hold_source_reg[0]/C	nvp_vclk1	userclk1	Max Delay Datapath Only	RESET_COMMIT_STABLE_PAYLOAD	commit_sync2_axi[3:0]_completion_barrier	transport request/ack plus synchronized four-slot commit equality	GROUP_13_EARLIEST_USE_GE_32NS_AND_6NS_SETTLING_CAP	GROUP_13_CHECK_5_RESET_COMMIT_PHASE_COMPLETION_BARRIER
CDC1-CHG-0174	CDC-1	Critical	G2B_ONECH_C2H/reset_epoch_axi_reg[7]/CE	G2B_ONECH_C2H/reset_commit_phase_hold_source_reg[1]/C	G2B_ONECH_C2H/reset_commit_phase_hold_source_reg[0]/C	nvp_vclk1	userclk1	Max Delay Datapath Only	RESET_COMMIT_STABLE_PAYLOAD	commit_sync2_axi[3:0]_completion_barrier	transport request/ack plus synchronized four-slot commit equality	GROUP_13_EARLIEST_USE_GE_32NS_AND_6NS_SETTLING_CAP	GROUP_13_CHECK_5_RESET_COMMIT_PHASE_COMPLETION_BARRIER
CDC1-CHG-0175	CDC-1	Critical	G2B_ONECH_C2H/reset_epoch_axi_reg[8]/CE	G2B_ONECH_C2H/reset_commit_phase_hold_source_reg[1]/C	G2B_ONECH_C2H/reset_commit_phase_hold_source_reg[0]/C	nvp_vclk1	userclk1	Max Delay Datapath Only	RESET_COMMIT_STABLE_PAYLOAD	commit_sync2_axi[3:0]_completion_barrier	transport request/ack plus synchronized four-slot commit equality	GROUP_13_EARLIEST_USE_GE_32NS_AND_6NS_SETTLING_CAP	GROUP_13_CHECK_5_RESET_COMMIT_PHASE_COMPLETION_BARRIER
CDC1-CHG-0176	CDC-1	Critical	G2B_ONECH_C2H/reset_epoch_axi_reg[9]/CE	G2B_ONECH_C2H/reset_commit_phase_hold_source_reg[1]/C	G2B_ONECH_C2H/reset_commit_phase_hold_source_reg[0]/C	nvp_vclk1	userclk1	Max Delay Datapath Only	RESET_COMMIT_STABLE_PAYLOAD	commit_sync2_axi[3:0]_completion_barrier	transport request/ack plus synchronized four-slot commit equality	GROUP_13_EARLIEST_USE_GE_32NS_AND_6NS_SETTLING_CAP	GROUP_13_CHECK_5_RESET_COMMIT_PHASE_COMPLETION_BARRIER
CDC1-CHG-0177	CDC-1	Critical	G2B_ONECH_C2H/reset_events_axi_reg[0]/D	G2B_ONECH_C2H/reset_commit_phase_hold_source_reg[1]/C	G2B_ONECH_C2H/reset_commit_phase_hold_source_reg[0]/C	nvp_vclk1	userclk1	Max Delay Datapath Only	RESET_COMMIT_STABLE_PAYLOAD	commit_sync2_axi[3:0]_completion_barrier	transport request/ack plus synchronized four-slot commit equality	GROUP_13_EARLIEST_USE_GE_32NS_AND_6NS_SETTLING_CAP	GROUP_13_CHECK_5_RESET_COMMIT_PHASE_COMPLETION_BARRIER
CDC1-CHG-0178	CDC-1	Critical	G2B_ONECH_C2H/reset_events_axi_reg[10]/CE	G2B_ONECH_C2H/reset_commit_phase_hold_source_reg[1]/C	G2B_ONECH_C2H/reset_commit_phase_hold_source_reg[0]/C	nvp_vclk1	userclk1	Max Delay Datapath Only	RESET_COMMIT_STABLE_PAYLOAD	commit_sync2_axi[3:0]_completion_barrier	transport request/ack plus synchronized four-slot commit equality	GROUP_13_EARLIEST_USE_GE_32NS_AND_6NS_SETTLING_CAP	GROUP_13_CHECK_5_RESET_COMMIT_PHASE_COMPLETION_BARRIER
CDC1-CHG-0179	CDC-1	Critical	G2B_ONECH_C2H/reset_events_axi_reg[11]/CE	G2B_ONECH_C2H/reset_commit_phase_hold_source_reg[1]/C	G2B_ONECH_C2H/reset_commit_phase_hold_source_reg[0]/C	nvp_vclk1	userclk1	Max Delay Datapath Only	RESET_COMMIT_STABLE_PAYLOAD	commit_sync2_axi[3:0]_completion_barrier	transport request/ack plus synchronized four-slot commit equality	GROUP_13_EARLIEST_USE_GE_32NS_AND_6NS_SETTLING_CAP	GROUP_13_CHECK_5_RESET_COMMIT_PHASE_COMPLETION_BARRIER
CDC1-CHG-0180	CDC-1	Critical	G2B_ONECH_C2H/reset_events_axi_reg[12]/CE	G2B_ONECH_C2H/reset_commit_phase_hold_source_reg[1]/C	G2B_ONECH_C2H/reset_commit_phase_hold_source_reg[0]/C	nvp_vclk1	userclk1	Max Delay Datapath Only	RESET_COMMIT_STABLE_PAYLOAD	commit_sync2_axi[3:0]_completion_barrier	transport request/ack plus synchronized four-slot commit equality	GROUP_13_EARLIEST_USE_GE_32NS_AND_6NS_SETTLING_CAP	GROUP_13_CHECK_5_RESET_COMMIT_PHASE_COMPLETION_BARRIER
CDC1-CHG-0181	CDC-1	Critical	G2B_ONECH_C2H/reset_events_axi_reg[13]/CE	G2B_ONECH_C2H/reset_commit_phase_hold_source_reg[1]/C	G2B_ONECH_C2H/reset_commit_phase_hold_source_reg[0]/C	nvp_vclk1	userclk1	Max Delay Datapath Only	RESET_COMMIT_STABLE_PAYLOAD	commit_sync2_axi[3:0]_completion_barrier	transport request/ack plus synchronized four-slot commit equality	GROUP_13_EARLIEST_USE_GE_32NS_AND_6NS_SETTLING_CAP	GROUP_13_CHECK_5_RESET_COMMIT_PHASE_COMPLETION_BARRIER
CDC1-CHG-0182	CDC-1	Critical	G2B_ONECH_C2H/reset_events_axi_reg[14]/CE	G2B_ONECH_C2H/reset_commit_phase_hold_source_reg[1]/C	G2B_ONECH_C2H/reset_commit_phase_hold_source_reg[0]/C	nvp_vclk1	userclk1	Max Delay Datapath Only	RESET_COMMIT_STABLE_PAYLOAD	commit_sync2_axi[3:0]_completion_barrier	transport request/ack plus synchronized four-slot commit equality	GROUP_13_EARLIEST_USE_GE_32NS_AND_6NS_SETTLING_CAP	GROUP_13_CHECK_5_RESET_COMMIT_PHASE_COMPLETION_BARRIER
CDC1-CHG-0183	CDC-1	Critical	G2B_ONECH_C2H/reset_events_axi_reg[15]/CE	G2B_ONECH_C2H/reset_commit_phase_hold_source_reg[1]/C	G2B_ONECH_C2H/reset_commit_phase_hold_source_reg[0]/C	nvp_vclk1	userclk1	Max Delay Datapath Only	RESET_COMMIT_STABLE_PAYLOAD	commit_sync2_axi[3:0]_completion_barrier	transport request/ack plus synchronized four-slot commit equality	GROUP_13_EARLIEST_USE_GE_32NS_AND_6NS_SETTLING_CAP	GROUP_13_CHECK_5_RESET_COMMIT_PHASE_COMPLETION_BARRIER
CDC1-CHG-0184	CDC-1	Critical	G2B_ONECH_C2H/reset_events_axi_reg[16]/CE	G2B_ONECH_C2H/reset_commit_phase_hold_source_reg[1]/C	G2B_ONECH_C2H/reset_commit_phase_hold_source_reg[0]/C	nvp_vclk1	userclk1	Max Delay Datapath Only	RESET_COMMIT_STABLE_PAYLOAD	commit_sync2_axi[3:0]_completion_barrier	transport request/ack plus synchronized four-slot commit equality	GROUP_13_EARLIEST_USE_GE_32NS_AND_6NS_SETTLING_CAP	GROUP_13_CHECK_5_RESET_COMMIT_PHASE_COMPLETION_BARRIER
CDC1-CHG-0185	CDC-1	Critical	G2B_ONECH_C2H/reset_events_axi_reg[17]/CE	G2B_ONECH_C2H/reset_commit_phase_hold_source_reg[1]/C	G2B_ONECH_C2H/reset_commit_phase_hold_source_reg[0]/C	nvp_vclk1	userclk1	Max Delay Datapath Only	RESET_COMMIT_STABLE_PAYLOAD	commit_sync2_axi[3:0]_completion_barrier	transport request/ack plus synchronized four-slot commit equality	GROUP_13_EARLIEST_USE_GE_32NS_AND_6NS_SETTLING_CAP	GROUP_13_CHECK_5_RESET_COMMIT_PHASE_COMPLETION_BARRIER
CDC1-CHG-0186	CDC-1	Critical	G2B_ONECH_C2H/reset_events_axi_reg[18]/CE	G2B_ONECH_C2H/reset_commit_phase_hold_source_reg[1]/C	G2B_ONECH_C2H/reset_commit_phase_hold_source_reg[0]/C	nvp_vclk1	userclk1	Max Delay Datapath Only	RESET_COMMIT_STABLE_PAYLOAD	commit_sync2_axi[3:0]_completion_barrier	transport request/ack plus synchronized four-slot commit equality	GROUP_13_EARLIEST_USE_GE_32NS_AND_6NS_SETTLING_CAP	GROUP_13_CHECK_5_RESET_COMMIT_PHASE_COMPLETION_BARRIER
CDC1-CHG-0187	CDC-1	Critical	G2B_ONECH_C2H/reset_events_axi_reg[19]/CE	G2B_ONECH_C2H/reset_commit_phase_hold_source_reg[1]/C	G2B_ONECH_C2H/reset_commit_phase_hold_source_reg[0]/C	nvp_vclk1	userclk1	Max Delay Datapath Only	RESET_COMMIT_STABLE_PAYLOAD	commit_sync2_axi[3:0]_completion_barrier	transport request/ack plus synchronized four-slot commit equality	GROUP_13_EARLIEST_USE_GE_32NS_AND_6NS_SETTLING_CAP	GROUP_13_CHECK_5_RESET_COMMIT_PHASE_COMPLETION_BARRIER
CDC1-CHG-0188	CDC-1	Critical	G2B_ONECH_C2H/reset_events_axi_reg[1]/CE	G2B_ONECH_C2H/reset_commit_phase_hold_source_reg[1]/C	G2B_ONECH_C2H/reset_commit_phase_hold_source_reg[0]/C	nvp_vclk1	userclk1	Max Delay Datapath Only	RESET_COMMIT_STABLE_PAYLOAD	commit_sync2_axi[3:0]_completion_barrier	transport request/ack plus synchronized four-slot commit equality	GROUP_13_EARLIEST_USE_GE_32NS_AND_6NS_SETTLING_CAP	GROUP_13_CHECK_5_RESET_COMMIT_PHASE_COMPLETION_BARRIER
CDC1-CHG-0189	CDC-1	Critical	G2B_ONECH_C2H/reset_events_axi_reg[20]/CE	G2B_ONECH_C2H/reset_commit_phase_hold_source_reg[1]/C	G2B_ONECH_C2H/reset_commit_phase_hold_source_reg[0]/C	nvp_vclk1	userclk1	Max Delay Datapath Only	RESET_COMMIT_STABLE_PAYLOAD	commit_sync2_axi[3:0]_completion_barrier	transport request/ack plus synchronized four-slot commit equality	GROUP_13_EARLIEST_USE_GE_32NS_AND_6NS_SETTLING_CAP	GROUP_13_CHECK_5_RESET_COMMIT_PHASE_COMPLETION_BARRIER
CDC1-CHG-0190	CDC-1	Critical	G2B_ONECH_C2H/reset_events_axi_reg[21]/CE	G2B_ONECH_C2H/reset_commit_phase_hold_source_reg[1]/C	G2B_ONECH_C2H/reset_commit_phase_hold_source_reg[0]/C	nvp_vclk1	userclk1	Max Delay Datapath Only	RESET_COMMIT_STABLE_PAYLOAD	commit_sync2_axi[3:0]_completion_barrier	transport request/ack plus synchronized four-slot commit equality	GROUP_13_EARLIEST_USE_GE_32NS_AND_6NS_SETTLING_CAP	GROUP_13_CHECK_5_RESET_COMMIT_PHASE_COMPLETION_BARRIER
CDC1-CHG-0191	CDC-1	Critical	G2B_ONECH_C2H/reset_events_axi_reg[22]/CE	G2B_ONECH_C2H/reset_commit_phase_hold_source_reg[1]/C	G2B_ONECH_C2H/reset_commit_phase_hold_source_reg[0]/C	nvp_vclk1	userclk1	Max Delay Datapath Only	RESET_COMMIT_STABLE_PAYLOAD	commit_sync2_axi[3:0]_completion_barrier	transport request/ack plus synchronized four-slot commit equality	GROUP_13_EARLIEST_USE_GE_32NS_AND_6NS_SETTLING_CAP	GROUP_13_CHECK_5_RESET_COMMIT_PHASE_COMPLETION_BARRIER
CDC1-CHG-0192	CDC-1	Critical	G2B_ONECH_C2H/reset_events_axi_reg[23]/CE	G2B_ONECH_C2H/reset_commit_phase_hold_source_reg[1]/C	G2B_ONECH_C2H/reset_commit_phase_hold_source_reg[0]/C	nvp_vclk1	userclk1	Max Delay Datapath Only	RESET_COMMIT_STABLE_PAYLOAD	commit_sync2_axi[3:0]_completion_barrier	transport request/ack plus synchronized four-slot commit equality	GROUP_13_EARLIEST_USE_GE_32NS_AND_6NS_SETTLING_CAP	GROUP_13_CHECK_5_RESET_COMMIT_PHASE_COMPLETION_BARRIER
CDC1-CHG-0193	CDC-1	Critical	G2B_ONECH_C2H/reset_events_axi_reg[24]/CE	G2B_ONECH_C2H/reset_commit_phase_hold_source_reg[1]/C	G2B_ONECH_C2H/reset_commit_phase_hold_source_reg[0]/C	nvp_vclk1	userclk1	Max Delay Datapath Only	RESET_COMMIT_STABLE_PAYLOAD	commit_sync2_axi[3:0]_completion_barrier	transport request/ack plus synchronized four-slot commit equality	GROUP_13_EARLIEST_USE_GE_32NS_AND_6NS_SETTLING_CAP	GROUP_13_CHECK_5_RESET_COMMIT_PHASE_COMPLETION_BARRIER
CDC1-CHG-0194	CDC-1	Critical	G2B_ONECH_C2H/reset_events_axi_reg[25]/CE	G2B_ONECH_C2H/reset_commit_phase_hold_source_reg[1]/C	G2B_ONECH_C2H/reset_commit_phase_hold_source_reg[0]/C	nvp_vclk1	userclk1	Max Delay Datapath Only	RESET_COMMIT_STABLE_PAYLOAD	commit_sync2_axi[3:0]_completion_barrier	transport request/ack plus synchronized four-slot commit equality	GROUP_13_EARLIEST_USE_GE_32NS_AND_6NS_SETTLING_CAP	GROUP_13_CHECK_5_RESET_COMMIT_PHASE_COMPLETION_BARRIER
CDC1-CHG-0195	CDC-1	Critical	G2B_ONECH_C2H/reset_events_axi_reg[26]/CE	G2B_ONECH_C2H/reset_commit_phase_hold_source_reg[1]/C	G2B_ONECH_C2H/reset_commit_phase_hold_source_reg[0]/C	nvp_vclk1	userclk1	Max Delay Datapath Only	RESET_COMMIT_STABLE_PAYLOAD	commit_sync2_axi[3:0]_completion_barrier	transport request/ack plus synchronized four-slot commit equality	GROUP_13_EARLIEST_USE_GE_32NS_AND_6NS_SETTLING_CAP	GROUP_13_CHECK_5_RESET_COMMIT_PHASE_COMPLETION_BARRIER
CDC1-CHG-0196	CDC-1	Critical	G2B_ONECH_C2H/reset_events_axi_reg[27]/CE	G2B_ONECH_C2H/reset_commit_phase_hold_source_reg[1]/C	G2B_ONECH_C2H/reset_commit_phase_hold_source_reg[0]/C	nvp_vclk1	userclk1	Max Delay Datapath Only	RESET_COMMIT_STABLE_PAYLOAD	commit_sync2_axi[3:0]_completion_barrier	transport request/ack plus synchronized four-slot commit equality	GROUP_13_EARLIEST_USE_GE_32NS_AND_6NS_SETTLING_CAP	GROUP_13_CHECK_5_RESET_COMMIT_PHASE_COMPLETION_BARRIER
CDC1-CHG-0197	CDC-1	Critical	G2B_ONECH_C2H/reset_events_axi_reg[28]/CE	G2B_ONECH_C2H/reset_commit_phase_hold_source_reg[1]/C	G2B_ONECH_C2H/reset_commit_phase_hold_source_reg[0]/C	nvp_vclk1	userclk1	Max Delay Datapath Only	RESET_COMMIT_STABLE_PAYLOAD	commit_sync2_axi[3:0]_completion_barrier	transport request/ack plus synchronized four-slot commit equality	GROUP_13_EARLIEST_USE_GE_32NS_AND_6NS_SETTLING_CAP	GROUP_13_CHECK_5_RESET_COMMIT_PHASE_COMPLETION_BARRIER
CDC1-CHG-0198	CDC-1	Critical	G2B_ONECH_C2H/reset_events_axi_reg[29]/CE	G2B_ONECH_C2H/reset_commit_phase_hold_source_reg[1]/C	G2B_ONECH_C2H/reset_commit_phase_hold_source_reg[0]/C	nvp_vclk1	userclk1	Max Delay Datapath Only	RESET_COMMIT_STABLE_PAYLOAD	commit_sync2_axi[3:0]_completion_barrier	transport request/ack plus synchronized four-slot commit equality	GROUP_13_EARLIEST_USE_GE_32NS_AND_6NS_SETTLING_CAP	GROUP_13_CHECK_5_RESET_COMMIT_PHASE_COMPLETION_BARRIER
CDC1-CHG-0199	CDC-1	Critical	G2B_ONECH_C2H/reset_events_axi_reg[2]/CE	G2B_ONECH_C2H/reset_commit_phase_hold_source_reg[1]/C	G2B_ONECH_C2H/reset_commit_phase_hold_source_reg[0]/C	nvp_vclk1	userclk1	Max Delay Datapath Only	RESET_COMMIT_STABLE_PAYLOAD	commit_sync2_axi[3:0]_completion_barrier	transport request/ack plus synchronized four-slot commit equality	GROUP_13_EARLIEST_USE_GE_32NS_AND_6NS_SETTLING_CAP	GROUP_13_CHECK_5_RESET_COMMIT_PHASE_COMPLETION_BARRIER
CDC1-CHG-0200	CDC-1	Critical	G2B_ONECH_C2H/reset_events_axi_reg[30]/CE	G2B_ONECH_C2H/reset_commit_phase_hold_source_reg[1]/C	G2B_ONECH_C2H/reset_commit_phase_hold_source_reg[0]/C	nvp_vclk1	userclk1	Max Delay Datapath Only	RESET_COMMIT_STABLE_PAYLOAD	commit_sync2_axi[3:0]_completion_barrier	transport request/ack plus synchronized four-slot commit equality	GROUP_13_EARLIEST_USE_GE_32NS_AND_6NS_SETTLING_CAP	GROUP_13_CHECK_5_RESET_COMMIT_PHASE_COMPLETION_BARRIER
CDC1-CHG-0201	CDC-1	Critical	G2B_ONECH_C2H/reset_events_axi_reg[31]/CE	G2B_ONECH_C2H/reset_commit_phase_hold_source_reg[1]/C	G2B_ONECH_C2H/reset_commit_phase_hold_source_reg[0]/C	nvp_vclk1	userclk1	Max Delay Datapath Only	RESET_COMMIT_STABLE_PAYLOAD	commit_sync2_axi[3:0]_completion_barrier	transport request/ack plus synchronized four-slot commit equality	GROUP_13_EARLIEST_USE_GE_32NS_AND_6NS_SETTLING_CAP	GROUP_13_CHECK_5_RESET_COMMIT_PHASE_COMPLETION_BARRIER
CDC1-CHG-0202	CDC-1	Critical	G2B_ONECH_C2H/reset_events_axi_reg[3]/CE	G2B_ONECH_C2H/reset_commit_phase_hold_source_reg[1]/C	G2B_ONECH_C2H/reset_commit_phase_hold_source_reg[0]/C	nvp_vclk1	userclk1	Max Delay Datapath Only	RESET_COMMIT_STABLE_PAYLOAD	commit_sync2_axi[3:0]_completion_barrier	transport request/ack plus synchronized four-slot commit equality	GROUP_13_EARLIEST_USE_GE_32NS_AND_6NS_SETTLING_CAP	GROUP_13_CHECK_5_RESET_COMMIT_PHASE_COMPLETION_BARRIER
CDC1-CHG-0203	CDC-1	Critical	G2B_ONECH_C2H/reset_events_axi_reg[4]/CE	G2B_ONECH_C2H/reset_commit_phase_hold_source_reg[1]/C	G2B_ONECH_C2H/reset_commit_phase_hold_source_reg[0]/C	nvp_vclk1	userclk1	Max Delay Datapath Only	RESET_COMMIT_STABLE_PAYLOAD	commit_sync2_axi[3:0]_completion_barrier	transport request/ack plus synchronized four-slot commit equality	GROUP_13_EARLIEST_USE_GE_32NS_AND_6NS_SETTLING_CAP	GROUP_13_CHECK_5_RESET_COMMIT_PHASE_COMPLETION_BARRIER
CDC1-CHG-0204	CDC-1	Critical	G2B_ONECH_C2H/reset_events_axi_reg[5]/CE	G2B_ONECH_C2H/reset_commit_phase_hold_source_reg[1]/C	G2B_ONECH_C2H/reset_commit_phase_hold_source_reg[0]/C	nvp_vclk1	userclk1	Max Delay Datapath Only	RESET_COMMIT_STABLE_PAYLOAD	commit_sync2_axi[3:0]_completion_barrier	transport request/ack plus synchronized four-slot commit equality	GROUP_13_EARLIEST_USE_GE_32NS_AND_6NS_SETTLING_CAP	GROUP_13_CHECK_5_RESET_COMMIT_PHASE_COMPLETION_BARRIER
CDC1-CHG-0205	CDC-1	Critical	G2B_ONECH_C2H/reset_events_axi_reg[6]/CE	G2B_ONECH_C2H/reset_commit_phase_hold_source_reg[1]/C	G2B_ONECH_C2H/reset_commit_phase_hold_source_reg[0]/C	nvp_vclk1	userclk1	Max Delay Datapath Only	RESET_COMMIT_STABLE_PAYLOAD	commit_sync2_axi[3:0]_completion_barrier	transport request/ack plus synchronized four-slot commit equality	GROUP_13_EARLIEST_USE_GE_32NS_AND_6NS_SETTLING_CAP	GROUP_13_CHECK_5_RESET_COMMIT_PHASE_COMPLETION_BARRIER
CDC1-CHG-0206	CDC-1	Critical	G2B_ONECH_C2H/reset_events_axi_reg[7]/CE	G2B_ONECH_C2H/reset_commit_phase_hold_source_reg[1]/C	G2B_ONECH_C2H/reset_commit_phase_hold_source_reg[0]/C	nvp_vclk1	userclk1	Max Delay Datapath Only	RESET_COMMIT_STABLE_PAYLOAD	commit_sync2_axi[3:0]_completion_barrier	transport request/ack plus synchronized four-slot commit equality	GROUP_13_EARLIEST_USE_GE_32NS_AND_6NS_SETTLING_CAP	GROUP_13_CHECK_5_RESET_COMMIT_PHASE_COMPLETION_BARRIER
CDC1-CHG-0207	CDC-1	Critical	G2B_ONECH_C2H/reset_events_axi_reg[8]/CE	G2B_ONECH_C2H/reset_commit_phase_hold_source_reg[1]/C	G2B_ONECH_C2H/reset_commit_phase_hold_source_reg[0]/C	nvp_vclk1	userclk1	Max Delay Datapath Only	RESET_COMMIT_STABLE_PAYLOAD	commit_sync2_axi[3:0]_completion_barrier	transport request/ack plus synchronized four-slot commit equality	GROUP_13_EARLIEST_USE_GE_32NS_AND_6NS_SETTLING_CAP	GROUP_13_CHECK_5_RESET_COMMIT_PHASE_COMPLETION_BARRIER
CDC1-CHG-0208	CDC-1	Critical	G2B_ONECH_C2H/reset_events_axi_reg[9]/CE	G2B_ONECH_C2H/reset_commit_phase_hold_source_reg[1]/C	G2B_ONECH_C2H/reset_commit_phase_hold_source_reg[0]/C	nvp_vclk1	userclk1	Max Delay Datapath Only	RESET_COMMIT_STABLE_PAYLOAD	commit_sync2_axi[3:0]_completion_barrier	transport request/ack plus synchronized four-slot commit equality	GROUP_13_EARLIEST_USE_GE_32NS_AND_6NS_SETTLING_CAP	GROUP_13_CHECK_5_RESET_COMMIT_PHASE_COMPLETION_BARRIER
CDC1-CHG-0209	CDC-1	Critical	G2B_ONECH_C2H/shadow_last_channel_reg[0]/CE	G2B_ONECH_C2H/reset_commit_phase_hold_source_reg[1]/C	G2B_ONECH_C2H/reset_commit_phase_hold_source_reg[0]/C	nvp_vclk1	userclk1	Max Delay Datapath Only	RESET_COMMIT_STABLE_PAYLOAD	commit_sync2_axi[3:0]_completion_barrier	transport request/ack plus synchronized four-slot commit equality	GROUP_13_EARLIEST_USE_GE_32NS_AND_6NS_SETTLING_CAP	GROUP_13_CHECK_5_RESET_COMMIT_PHASE_COMPLETION_BARRIER
CDC1-CHG-0210	CDC-1	Critical	G2B_ONECH_C2H/shadow_last_channel_reg[10]/CE	G2B_ONECH_C2H/reset_commit_phase_hold_source_reg[1]/C	G2B_ONECH_C2H/reset_commit_phase_hold_source_reg[0]/C	nvp_vclk1	userclk1	Max Delay Datapath Only	RESET_COMMIT_STABLE_PAYLOAD	commit_sync2_axi[3:0]_completion_barrier	transport request/ack plus synchronized four-slot commit equality	GROUP_13_EARLIEST_USE_GE_32NS_AND_6NS_SETTLING_CAP	GROUP_13_CHECK_5_RESET_COMMIT_PHASE_COMPLETION_BARRIER
CDC1-CHG-0211	CDC-1	Critical	G2B_ONECH_C2H/shadow_last_channel_reg[11]/CE	G2B_ONECH_C2H/reset_commit_phase_hold_source_reg[1]/C	G2B_ONECH_C2H/reset_commit_phase_hold_source_reg[0]/C	nvp_vclk1	userclk1	Max Delay Datapath Only	RESET_COMMIT_STABLE_PAYLOAD	commit_sync2_axi[3:0]_completion_barrier	transport request/ack plus synchronized four-slot commit equality	GROUP_13_EARLIEST_USE_GE_32NS_AND_6NS_SETTLING_CAP	GROUP_13_CHECK_5_RESET_COMMIT_PHASE_COMPLETION_BARRIER
CDC1-CHG-0212	CDC-1	Critical	G2B_ONECH_C2H/shadow_last_channel_reg[12]/CE	G2B_ONECH_C2H/reset_commit_phase_hold_source_reg[1]/C	G2B_ONECH_C2H/reset_commit_phase_hold_source_reg[0]/C	nvp_vclk1	userclk1	Max Delay Datapath Only	RESET_COMMIT_STABLE_PAYLOAD	commit_sync2_axi[3:0]_completion_barrier	transport request/ack plus synchronized four-slot commit equality	GROUP_13_EARLIEST_USE_GE_32NS_AND_6NS_SETTLING_CAP	GROUP_13_CHECK_5_RESET_COMMIT_PHASE_COMPLETION_BARRIER
CDC1-CHG-0213	CDC-1	Critical	G2B_ONECH_C2H/shadow_last_channel_reg[13]/CE	G2B_ONECH_C2H/reset_commit_phase_hold_source_reg[1]/C	G2B_ONECH_C2H/reset_commit_phase_hold_source_reg[0]/C	nvp_vclk1	userclk1	Max Delay Datapath Only	RESET_COMMIT_STABLE_PAYLOAD	commit_sync2_axi[3:0]_completion_barrier	transport request/ack plus synchronized four-slot commit equality	GROUP_13_EARLIEST_USE_GE_32NS_AND_6NS_SETTLING_CAP	GROUP_13_CHECK_5_RESET_COMMIT_PHASE_COMPLETION_BARRIER
CDC1-CHG-0214	CDC-1	Critical	G2B_ONECH_C2H/shadow_last_channel_reg[14]/CE	G2B_ONECH_C2H/reset_commit_phase_hold_source_reg[1]/C	G2B_ONECH_C2H/reset_commit_phase_hold_source_reg[0]/C	nvp_vclk1	userclk1	Max Delay Datapath Only	RESET_COMMIT_STABLE_PAYLOAD	commit_sync2_axi[3:0]_completion_barrier	transport request/ack plus synchronized four-slot commit equality	GROUP_13_EARLIEST_USE_GE_32NS_AND_6NS_SETTLING_CAP	GROUP_13_CHECK_5_RESET_COMMIT_PHASE_COMPLETION_BARRIER
CDC1-CHG-0215	CDC-1	Critical	G2B_ONECH_C2H/shadow_last_channel_reg[15]/CE	G2B_ONECH_C2H/reset_commit_phase_hold_source_reg[1]/C	G2B_ONECH_C2H/reset_commit_phase_hold_source_reg[0]/C	nvp_vclk1	userclk1	Max Delay Datapath Only	RESET_COMMIT_STABLE_PAYLOAD	commit_sync2_axi[3:0]_completion_barrier	transport request/ack plus synchronized four-slot commit equality	GROUP_13_EARLIEST_USE_GE_32NS_AND_6NS_SETTLING_CAP	GROUP_13_CHECK_5_RESET_COMMIT_PHASE_COMPLETION_BARRIER
CDC1-CHG-0216	CDC-1	Critical	G2B_ONECH_C2H/shadow_last_channel_reg[16]/CE	G2B_ONECH_C2H/reset_commit_phase_hold_source_reg[1]/C	G2B_ONECH_C2H/reset_commit_phase_hold_source_reg[0]/C	nvp_vclk1	userclk1	Max Delay Datapath Only	RESET_COMMIT_STABLE_PAYLOAD	commit_sync2_axi[3:0]_completion_barrier	transport request/ack plus synchronized four-slot commit equality	GROUP_13_EARLIEST_USE_GE_32NS_AND_6NS_SETTLING_CAP	GROUP_13_CHECK_5_RESET_COMMIT_PHASE_COMPLETION_BARRIER
CDC1-CHG-0217	CDC-1	Critical	G2B_ONECH_C2H/shadow_last_channel_reg[17]/CE	G2B_ONECH_C2H/reset_commit_phase_hold_source_reg[1]/C	G2B_ONECH_C2H/reset_commit_phase_hold_source_reg[0]/C	nvp_vclk1	userclk1	Max Delay Datapath Only	RESET_COMMIT_STABLE_PAYLOAD	commit_sync2_axi[3:0]_completion_barrier	transport request/ack plus synchronized four-slot commit equality	GROUP_13_EARLIEST_USE_GE_32NS_AND_6NS_SETTLING_CAP	GROUP_13_CHECK_5_RESET_COMMIT_PHASE_COMPLETION_BARRIER
CDC1-CHG-0218	CDC-1	Critical	G2B_ONECH_C2H/shadow_last_channel_reg[18]/CE	G2B_ONECH_C2H/reset_commit_phase_hold_source_reg[1]/C	G2B_ONECH_C2H/reset_commit_phase_hold_source_reg[0]/C	nvp_vclk1	userclk1	Max Delay Datapath Only	RESET_COMMIT_STABLE_PAYLOAD	commit_sync2_axi[3:0]_completion_barrier	transport request/ack plus synchronized four-slot commit equality	GROUP_13_EARLIEST_USE_GE_32NS_AND_6NS_SETTLING_CAP	GROUP_13_CHECK_5_RESET_COMMIT_PHASE_COMPLETION_BARRIER
CDC1-CHG-0219	CDC-1	Critical	G2B_ONECH_C2H/shadow_last_channel_reg[19]/CE	G2B_ONECH_C2H/reset_commit_phase_hold_source_reg[1]/C	G2B_ONECH_C2H/reset_commit_phase_hold_source_reg[0]/C	nvp_vclk1	userclk1	Max Delay Datapath Only	RESET_COMMIT_STABLE_PAYLOAD	commit_sync2_axi[3:0]_completion_barrier	transport request/ack plus synchronized four-slot commit equality	GROUP_13_EARLIEST_USE_GE_32NS_AND_6NS_SETTLING_CAP	GROUP_13_CHECK_5_RESET_COMMIT_PHASE_COMPLETION_BARRIER
CDC1-CHG-0220	CDC-1	Critical	G2B_ONECH_C2H/shadow_last_channel_reg[1]/CE	G2B_ONECH_C2H/reset_commit_phase_hold_source_reg[1]/C	G2B_ONECH_C2H/reset_commit_phase_hold_source_reg[0]/C	nvp_vclk1	userclk1	Max Delay Datapath Only	RESET_COMMIT_STABLE_PAYLOAD	commit_sync2_axi[3:0]_completion_barrier	transport request/ack plus synchronized four-slot commit equality	GROUP_13_EARLIEST_USE_GE_32NS_AND_6NS_SETTLING_CAP	GROUP_13_CHECK_5_RESET_COMMIT_PHASE_COMPLETION_BARRIER
CDC1-CHG-0221	CDC-1	Critical	G2B_ONECH_C2H/shadow_last_channel_reg[20]/CE	G2B_ONECH_C2H/reset_commit_phase_hold_source_reg[1]/C	G2B_ONECH_C2H/reset_commit_phase_hold_source_reg[0]/C	nvp_vclk1	userclk1	Max Delay Datapath Only	RESET_COMMIT_STABLE_PAYLOAD	commit_sync2_axi[3:0]_completion_barrier	transport request/ack plus synchronized four-slot commit equality	GROUP_13_EARLIEST_USE_GE_32NS_AND_6NS_SETTLING_CAP	GROUP_13_CHECK_5_RESET_COMMIT_PHASE_COMPLETION_BARRIER
CDC1-CHG-0222	CDC-1	Critical	G2B_ONECH_C2H/shadow_last_channel_reg[21]/CE	G2B_ONECH_C2H/reset_commit_phase_hold_source_reg[1]/C	G2B_ONECH_C2H/reset_commit_phase_hold_source_reg[0]/C	nvp_vclk1	userclk1	Max Delay Datapath Only	RESET_COMMIT_STABLE_PAYLOAD	commit_sync2_axi[3:0]_completion_barrier	transport request/ack plus synchronized four-slot commit equality	GROUP_13_EARLIEST_USE_GE_32NS_AND_6NS_SETTLING_CAP	GROUP_13_CHECK_5_RESET_COMMIT_PHASE_COMPLETION_BARRIER
CDC1-CHG-0223	CDC-1	Critical	G2B_ONECH_C2H/shadow_last_channel_reg[22]/CE	G2B_ONECH_C2H/reset_commit_phase_hold_source_reg[1]/C	G2B_ONECH_C2H/reset_commit_phase_hold_source_reg[0]/C	nvp_vclk1	userclk1	Max Delay Datapath Only	RESET_COMMIT_STABLE_PAYLOAD	commit_sync2_axi[3:0]_completion_barrier	transport request/ack plus synchronized four-slot commit equality	GROUP_13_EARLIEST_USE_GE_32NS_AND_6NS_SETTLING_CAP	GROUP_13_CHECK_5_RESET_COMMIT_PHASE_COMPLETION_BARRIER
CDC1-CHG-0224	CDC-1	Critical	G2B_ONECH_C2H/shadow_last_channel_reg[23]/CE	G2B_ONECH_C2H/reset_commit_phase_hold_source_reg[1]/C	G2B_ONECH_C2H/reset_commit_phase_hold_source_reg[0]/C	nvp_vclk1	userclk1	Max Delay Datapath Only	RESET_COMMIT_STABLE_PAYLOAD	commit_sync2_axi[3:0]_completion_barrier	transport request/ack plus synchronized four-slot commit equality	GROUP_13_EARLIEST_USE_GE_32NS_AND_6NS_SETTLING_CAP	GROUP_13_CHECK_5_RESET_COMMIT_PHASE_COMPLETION_BARRIER
CDC1-CHG-0225	CDC-1	Critical	G2B_ONECH_C2H/shadow_last_channel_reg[24]/CE	G2B_ONECH_C2H/reset_commit_phase_hold_source_reg[1]/C	G2B_ONECH_C2H/reset_commit_phase_hold_source_reg[0]/C	nvp_vclk1	userclk1	Max Delay Datapath Only	RESET_COMMIT_STABLE_PAYLOAD	commit_sync2_axi[3:0]_completion_barrier	transport request/ack plus synchronized four-slot commit equality	GROUP_13_EARLIEST_USE_GE_32NS_AND_6NS_SETTLING_CAP	GROUP_13_CHECK_5_RESET_COMMIT_PHASE_COMPLETION_BARRIER
CDC1-CHG-0226	CDC-1	Critical	G2B_ONECH_C2H/shadow_last_channel_reg[25]/CE	G2B_ONECH_C2H/reset_commit_phase_hold_source_reg[1]/C	G2B_ONECH_C2H/reset_commit_phase_hold_source_reg[0]/C	nvp_vclk1	userclk1	Max Delay Datapath Only	RESET_COMMIT_STABLE_PAYLOAD	commit_sync2_axi[3:0]_completion_barrier	transport request/ack plus synchronized four-slot commit equality	GROUP_13_EARLIEST_USE_GE_32NS_AND_6NS_SETTLING_CAP	GROUP_13_CHECK_5_RESET_COMMIT_PHASE_COMPLETION_BARRIER
CDC1-CHG-0227	CDC-1	Critical	G2B_ONECH_C2H/shadow_last_channel_reg[26]/CE	G2B_ONECH_C2H/reset_commit_phase_hold_source_reg[1]/C	G2B_ONECH_C2H/reset_commit_phase_hold_source_reg[0]/C	nvp_vclk1	userclk1	Max Delay Datapath Only	RESET_COMMIT_STABLE_PAYLOAD	commit_sync2_axi[3:0]_completion_barrier	transport request/ack plus synchronized four-slot commit equality	GROUP_13_EARLIEST_USE_GE_32NS_AND_6NS_SETTLING_CAP	GROUP_13_CHECK_5_RESET_COMMIT_PHASE_COMPLETION_BARRIER
CDC1-CHG-0228	CDC-1	Critical	G2B_ONECH_C2H/shadow_last_channel_reg[27]/CE	G2B_ONECH_C2H/reset_commit_phase_hold_source_reg[1]/C	G2B_ONECH_C2H/reset_commit_phase_hold_source_reg[0]/C	nvp_vclk1	userclk1	Max Delay Datapath Only	RESET_COMMIT_STABLE_PAYLOAD	commit_sync2_axi[3:0]_completion_barrier	transport request/ack plus synchronized four-slot commit equality	GROUP_13_EARLIEST_USE_GE_32NS_AND_6NS_SETTLING_CAP	GROUP_13_CHECK_5_RESET_COMMIT_PHASE_COMPLETION_BARRIER
CDC1-CHG-0229	CDC-1	Critical	G2B_ONECH_C2H/shadow_last_channel_reg[28]/CE	G2B_ONECH_C2H/reset_commit_phase_hold_source_reg[1]/C	G2B_ONECH_C2H/reset_commit_phase_hold_source_reg[0]/C	nvp_vclk1	userclk1	Max Delay Datapath Only	RESET_COMMIT_STABLE_PAYLOAD	commit_sync2_axi[3:0]_completion_barrier	transport request/ack plus synchronized four-slot commit equality	GROUP_13_EARLIEST_USE_GE_32NS_AND_6NS_SETTLING_CAP	GROUP_13_CHECK_5_RESET_COMMIT_PHASE_COMPLETION_BARRIER
CDC1-CHG-0230	CDC-1	Critical	G2B_ONECH_C2H/shadow_last_channel_reg[29]/CE	G2B_ONECH_C2H/reset_commit_phase_hold_source_reg[1]/C	G2B_ONECH_C2H/reset_commit_phase_hold_source_reg[0]/C	nvp_vclk1	userclk1	Max Delay Datapath Only	RESET_COMMIT_STABLE_PAYLOAD	commit_sync2_axi[3:0]_completion_barrier	transport request/ack plus synchronized four-slot commit equality	GROUP_13_EARLIEST_USE_GE_32NS_AND_6NS_SETTLING_CAP	GROUP_13_CHECK_5_RESET_COMMIT_PHASE_COMPLETION_BARRIER
CDC1-CHG-0231	CDC-1	Critical	G2B_ONECH_C2H/shadow_last_channel_reg[2]/CE	G2B_ONECH_C2H/reset_commit_phase_hold_source_reg[1]/C	G2B_ONECH_C2H/reset_commit_phase_hold_source_reg[0]/C	nvp_vclk1	userclk1	Max Delay Datapath Only	RESET_COMMIT_STABLE_PAYLOAD	commit_sync2_axi[3:0]_completion_barrier	transport request/ack plus synchronized four-slot commit equality	GROUP_13_EARLIEST_USE_GE_32NS_AND_6NS_SETTLING_CAP	GROUP_13_CHECK_5_RESET_COMMIT_PHASE_COMPLETION_BARRIER
CDC1-CHG-0232	CDC-1	Critical	G2B_ONECH_C2H/shadow_last_channel_reg[30]/CE	G2B_ONECH_C2H/reset_commit_phase_hold_source_reg[1]/C	G2B_ONECH_C2H/reset_commit_phase_hold_source_reg[0]/C	nvp_vclk1	userclk1	Max Delay Datapath Only	RESET_COMMIT_STABLE_PAYLOAD	commit_sync2_axi[3:0]_completion_barrier	transport request/ack plus synchronized four-slot commit equality	GROUP_13_EARLIEST_USE_GE_32NS_AND_6NS_SETTLING_CAP	GROUP_13_CHECK_5_RESET_COMMIT_PHASE_COMPLETION_BARRIER
CDC1-CHG-0233	CDC-1	Critical	G2B_ONECH_C2H/shadow_last_channel_reg[31]/CE	G2B_ONECH_C2H/reset_commit_phase_hold_source_reg[1]/C	G2B_ONECH_C2H/reset_commit_phase_hold_source_reg[0]/C	nvp_vclk1	userclk1	Max Delay Datapath Only	RESET_COMMIT_STABLE_PAYLOAD	commit_sync2_axi[3:0]_completion_barrier	transport request/ack plus synchronized four-slot commit equality	GROUP_13_EARLIEST_USE_GE_32NS_AND_6NS_SETTLING_CAP	GROUP_13_CHECK_5_RESET_COMMIT_PHASE_COMPLETION_BARRIER
CDC1-CHG-0234	CDC-1	Critical	G2B_ONECH_C2H/shadow_last_channel_reg[3]/CE	G2B_ONECH_C2H/reset_commit_phase_hold_source_reg[1]/C	G2B_ONECH_C2H/reset_commit_phase_hold_source_reg[0]/C	nvp_vclk1	userclk1	Max Delay Datapath Only	RESET_COMMIT_STABLE_PAYLOAD	commit_sync2_axi[3:0]_completion_barrier	transport request/ack plus synchronized four-slot commit equality	GROUP_13_EARLIEST_USE_GE_32NS_AND_6NS_SETTLING_CAP	GROUP_13_CHECK_5_RESET_COMMIT_PHASE_COMPLETION_BARRIER
CDC1-CHG-0235	CDC-1	Critical	G2B_ONECH_C2H/shadow_last_channel_reg[4]/CE	G2B_ONECH_C2H/reset_commit_phase_hold_source_reg[1]/C	G2B_ONECH_C2H/reset_commit_phase_hold_source_reg[0]/C	nvp_vclk1	userclk1	Max Delay Datapath Only	RESET_COMMIT_STABLE_PAYLOAD	commit_sync2_axi[3:0]_completion_barrier	transport request/ack plus synchronized four-slot commit equality	GROUP_13_EARLIEST_USE_GE_32NS_AND_6NS_SETTLING_CAP	GROUP_13_CHECK_5_RESET_COMMIT_PHASE_COMPLETION_BARRIER
CDC1-CHG-0236	CDC-1	Critical	G2B_ONECH_C2H/shadow_last_channel_reg[5]/CE	G2B_ONECH_C2H/reset_commit_phase_hold_source_reg[1]/C	G2B_ONECH_C2H/reset_commit_phase_hold_source_reg[0]/C	nvp_vclk1	userclk1	Max Delay Datapath Only	RESET_COMMIT_STABLE_PAYLOAD	commit_sync2_axi[3:0]_completion_barrier	transport request/ack plus synchronized four-slot commit equality	GROUP_13_EARLIEST_USE_GE_32NS_AND_6NS_SETTLING_CAP	GROUP_13_CHECK_5_RESET_COMMIT_PHASE_COMPLETION_BARRIER
CDC1-CHG-0237	CDC-1	Critical	G2B_ONECH_C2H/shadow_last_channel_reg[6]/CE	G2B_ONECH_C2H/reset_commit_phase_hold_source_reg[1]/C	G2B_ONECH_C2H/reset_commit_phase_hold_source_reg[0]/C	nvp_vclk1	userclk1	Max Delay Datapath Only	RESET_COMMIT_STABLE_PAYLOAD	commit_sync2_axi[3:0]_completion_barrier	transport request/ack plus synchronized four-slot commit equality	GROUP_13_EARLIEST_USE_GE_32NS_AND_6NS_SETTLING_CAP	GROUP_13_CHECK_5_RESET_COMMIT_PHASE_COMPLETION_BARRIER
CDC1-CHG-0238	CDC-1	Critical	G2B_ONECH_C2H/shadow_last_channel_reg[7]/CE	G2B_ONECH_C2H/reset_commit_phase_hold_source_reg[1]/C	G2B_ONECH_C2H/reset_commit_phase_hold_source_reg[0]/C	nvp_vclk1	userclk1	Max Delay Datapath Only	RESET_COMMIT_STABLE_PAYLOAD	commit_sync2_axi[3:0]_completion_barrier	transport request/ack plus synchronized four-slot commit equality	GROUP_13_EARLIEST_USE_GE_32NS_AND_6NS_SETTLING_CAP	GROUP_13_CHECK_5_RESET_COMMIT_PHASE_COMPLETION_BARRIER
CDC1-CHG-0239	CDC-1	Critical	G2B_ONECH_C2H/shadow_last_channel_reg[8]/CE	G2B_ONECH_C2H/reset_commit_phase_hold_source_reg[1]/C	G2B_ONECH_C2H/reset_commit_phase_hold_source_reg[0]/C	nvp_vclk1	userclk1	Max Delay Datapath Only	RESET_COMMIT_STABLE_PAYLOAD	commit_sync2_axi[3:0]_completion_barrier	transport request/ack plus synchronized four-slot commit equality	GROUP_13_EARLIEST_USE_GE_32NS_AND_6NS_SETTLING_CAP	GROUP_13_CHECK_5_RESET_COMMIT_PHASE_COMPLETION_BARRIER
CDC1-CHG-0240	CDC-1	Critical	G2B_ONECH_C2H/shadow_last_channel_reg[9]/CE	G2B_ONECH_C2H/reset_commit_phase_hold_source_reg[1]/C	G2B_ONECH_C2H/reset_commit_phase_hold_source_reg[0]/C	nvp_vclk1	userclk1	Max Delay Datapath Only	RESET_COMMIT_STABLE_PAYLOAD	commit_sync2_axi[3:0]_completion_barrier	transport request/ack plus synchronized four-slot commit equality	GROUP_13_EARLIEST_USE_GE_32NS_AND_6NS_SETTLING_CAP	GROUP_13_CHECK_5_RESET_COMMIT_PHASE_COMPLETION_BARRIER
CDC1-CHG-0241	CDC-1	Critical	G2B_ONECH_C2H/shadow_last_global_reg[0]/CE	G2B_ONECH_C2H/reset_commit_phase_hold_source_reg[1]/C	G2B_ONECH_C2H/reset_commit_phase_hold_source_reg[0]/C	nvp_vclk1	userclk1	Max Delay Datapath Only	RESET_COMMIT_STABLE_PAYLOAD	commit_sync2_axi[3:0]_completion_barrier	transport request/ack plus synchronized four-slot commit equality	GROUP_13_EARLIEST_USE_GE_32NS_AND_6NS_SETTLING_CAP	GROUP_13_CHECK_5_RESET_COMMIT_PHASE_COMPLETION_BARRIER
CDC1-CHG-0242	CDC-1	Critical	G2B_ONECH_C2H/shadow_last_global_reg[10]/CE	G2B_ONECH_C2H/reset_commit_phase_hold_source_reg[1]/C	G2B_ONECH_C2H/reset_commit_phase_hold_source_reg[0]/C	nvp_vclk1	userclk1	Max Delay Datapath Only	RESET_COMMIT_STABLE_PAYLOAD	commit_sync2_axi[3:0]_completion_barrier	transport request/ack plus synchronized four-slot commit equality	GROUP_13_EARLIEST_USE_GE_32NS_AND_6NS_SETTLING_CAP	GROUP_13_CHECK_5_RESET_COMMIT_PHASE_COMPLETION_BARRIER
CDC1-CHG-0243	CDC-1	Critical	G2B_ONECH_C2H/shadow_last_global_reg[11]/CE	G2B_ONECH_C2H/reset_commit_phase_hold_source_reg[1]/C	G2B_ONECH_C2H/reset_commit_phase_hold_source_reg[0]/C	nvp_vclk1	userclk1	Max Delay Datapath Only	RESET_COMMIT_STABLE_PAYLOAD	commit_sync2_axi[3:0]_completion_barrier	transport request/ack plus synchronized four-slot commit equality	GROUP_13_EARLIEST_USE_GE_32NS_AND_6NS_SETTLING_CAP	GROUP_13_CHECK_5_RESET_COMMIT_PHASE_COMPLETION_BARRIER
CDC1-CHG-0244	CDC-1	Critical	G2B_ONECH_C2H/shadow_last_global_reg[12]/CE	G2B_ONECH_C2H/reset_commit_phase_hold_source_reg[1]/C	G2B_ONECH_C2H/reset_commit_phase_hold_source_reg[0]/C	nvp_vclk1	userclk1	Max Delay Datapath Only	RESET_COMMIT_STABLE_PAYLOAD	commit_sync2_axi[3:0]_completion_barrier	transport request/ack plus synchronized four-slot commit equality	GROUP_13_EARLIEST_USE_GE_32NS_AND_6NS_SETTLING_CAP	GROUP_13_CHECK_5_RESET_COMMIT_PHASE_COMPLETION_BARRIER
CDC1-CHG-0245	CDC-1	Critical	G2B_ONECH_C2H/shadow_last_global_reg[13]/CE	G2B_ONECH_C2H/reset_commit_phase_hold_source_reg[1]/C	G2B_ONECH_C2H/reset_commit_phase_hold_source_reg[0]/C	nvp_vclk1	userclk1	Max Delay Datapath Only	RESET_COMMIT_STABLE_PAYLOAD	commit_sync2_axi[3:0]_completion_barrier	transport request/ack plus synchronized four-slot commit equality	GROUP_13_EARLIEST_USE_GE_32NS_AND_6NS_SETTLING_CAP	GROUP_13_CHECK_5_RESET_COMMIT_PHASE_COMPLETION_BARRIER
CDC1-CHG-0246	CDC-1	Critical	G2B_ONECH_C2H/shadow_last_global_reg[14]/CE	G2B_ONECH_C2H/reset_commit_phase_hold_source_reg[1]/C	G2B_ONECH_C2H/reset_commit_phase_hold_source_reg[0]/C	nvp_vclk1	userclk1	Max Delay Datapath Only	RESET_COMMIT_STABLE_PAYLOAD	commit_sync2_axi[3:0]_completion_barrier	transport request/ack plus synchronized four-slot commit equality	GROUP_13_EARLIEST_USE_GE_32NS_AND_6NS_SETTLING_CAP	GROUP_13_CHECK_5_RESET_COMMIT_PHASE_COMPLETION_BARRIER
CDC1-CHG-0247	CDC-1	Critical	G2B_ONECH_C2H/shadow_last_global_reg[15]/CE	G2B_ONECH_C2H/reset_commit_phase_hold_source_reg[1]/C	G2B_ONECH_C2H/reset_commit_phase_hold_source_reg[0]/C	nvp_vclk1	userclk1	Max Delay Datapath Only	RESET_COMMIT_STABLE_PAYLOAD	commit_sync2_axi[3:0]_completion_barrier	transport request/ack plus synchronized four-slot commit equality	GROUP_13_EARLIEST_USE_GE_32NS_AND_6NS_SETTLING_CAP	GROUP_13_CHECK_5_RESET_COMMIT_PHASE_COMPLETION_BARRIER
CDC1-CHG-0248	CDC-1	Critical	G2B_ONECH_C2H/shadow_last_global_reg[16]/CE	G2B_ONECH_C2H/reset_commit_phase_hold_source_reg[1]/C	G2B_ONECH_C2H/reset_commit_phase_hold_source_reg[0]/C	nvp_vclk1	userclk1	Max Delay Datapath Only	RESET_COMMIT_STABLE_PAYLOAD	commit_sync2_axi[3:0]_completion_barrier	transport request/ack plus synchronized four-slot commit equality	GROUP_13_EARLIEST_USE_GE_32NS_AND_6NS_SETTLING_CAP	GROUP_13_CHECK_5_RESET_COMMIT_PHASE_COMPLETION_BARRIER
CDC1-CHG-0249	CDC-1	Critical	G2B_ONECH_C2H/shadow_last_global_reg[17]/CE	G2B_ONECH_C2H/reset_commit_phase_hold_source_reg[1]/C	G2B_ONECH_C2H/reset_commit_phase_hold_source_reg[0]/C	nvp_vclk1	userclk1	Max Delay Datapath Only	RESET_COMMIT_STABLE_PAYLOAD	commit_sync2_axi[3:0]_completion_barrier	transport request/ack plus synchronized four-slot commit equality	GROUP_13_EARLIEST_USE_GE_32NS_AND_6NS_SETTLING_CAP	GROUP_13_CHECK_5_RESET_COMMIT_PHASE_COMPLETION_BARRIER
CDC1-CHG-0250	CDC-1	Critical	G2B_ONECH_C2H/shadow_last_global_reg[18]/CE	G2B_ONECH_C2H/reset_commit_phase_hold_source_reg[1]/C	G2B_ONECH_C2H/reset_commit_phase_hold_source_reg[0]/C	nvp_vclk1	userclk1	Max Delay Datapath Only	RESET_COMMIT_STABLE_PAYLOAD	commit_sync2_axi[3:0]_completion_barrier	transport request/ack plus synchronized four-slot commit equality	GROUP_13_EARLIEST_USE_GE_32NS_AND_6NS_SETTLING_CAP	GROUP_13_CHECK_5_RESET_COMMIT_PHASE_COMPLETION_BARRIER
CDC1-CHG-0251	CDC-1	Critical	G2B_ONECH_C2H/shadow_last_global_reg[19]/CE	G2B_ONECH_C2H/reset_commit_phase_hold_source_reg[1]/C	G2B_ONECH_C2H/reset_commit_phase_hold_source_reg[0]/C	nvp_vclk1	userclk1	Max Delay Datapath Only	RESET_COMMIT_STABLE_PAYLOAD	commit_sync2_axi[3:0]_completion_barrier	transport request/ack plus synchronized four-slot commit equality	GROUP_13_EARLIEST_USE_GE_32NS_AND_6NS_SETTLING_CAP	GROUP_13_CHECK_5_RESET_COMMIT_PHASE_COMPLETION_BARRIER
CDC1-CHG-0252	CDC-1	Critical	G2B_ONECH_C2H/shadow_last_global_reg[1]/CE	G2B_ONECH_C2H/reset_commit_phase_hold_source_reg[1]/C	G2B_ONECH_C2H/reset_commit_phase_hold_source_reg[0]/C	nvp_vclk1	userclk1	Max Delay Datapath Only	RESET_COMMIT_STABLE_PAYLOAD	commit_sync2_axi[3:0]_completion_barrier	transport request/ack plus synchronized four-slot commit equality	GROUP_13_EARLIEST_USE_GE_32NS_AND_6NS_SETTLING_CAP	GROUP_13_CHECK_5_RESET_COMMIT_PHASE_COMPLETION_BARRIER
CDC1-CHG-0253	CDC-1	Critical	G2B_ONECH_C2H/shadow_last_global_reg[20]/CE	G2B_ONECH_C2H/reset_commit_phase_hold_source_reg[1]/C	G2B_ONECH_C2H/reset_commit_phase_hold_source_reg[0]/C	nvp_vclk1	userclk1	Max Delay Datapath Only	RESET_COMMIT_STABLE_PAYLOAD	commit_sync2_axi[3:0]_completion_barrier	transport request/ack plus synchronized four-slot commit equality	GROUP_13_EARLIEST_USE_GE_32NS_AND_6NS_SETTLING_CAP	GROUP_13_CHECK_5_RESET_COMMIT_PHASE_COMPLETION_BARRIER
CDC1-CHG-0254	CDC-1	Critical	G2B_ONECH_C2H/shadow_last_global_reg[21]/CE	G2B_ONECH_C2H/reset_commit_phase_hold_source_reg[1]/C	G2B_ONECH_C2H/reset_commit_phase_hold_source_reg[0]/C	nvp_vclk1	userclk1	Max Delay Datapath Only	RESET_COMMIT_STABLE_PAYLOAD	commit_sync2_axi[3:0]_completion_barrier	transport request/ack plus synchronized four-slot commit equality	GROUP_13_EARLIEST_USE_GE_32NS_AND_6NS_SETTLING_CAP	GROUP_13_CHECK_5_RESET_COMMIT_PHASE_COMPLETION_BARRIER
CDC1-CHG-0255	CDC-1	Critical	G2B_ONECH_C2H/shadow_last_global_reg[22]/CE	G2B_ONECH_C2H/reset_commit_phase_hold_source_reg[1]/C	G2B_ONECH_C2H/reset_commit_phase_hold_source_reg[0]/C	nvp_vclk1	userclk1	Max Delay Datapath Only	RESET_COMMIT_STABLE_PAYLOAD	commit_sync2_axi[3:0]_completion_barrier	transport request/ack plus synchronized four-slot commit equality	GROUP_13_EARLIEST_USE_GE_32NS_AND_6NS_SETTLING_CAP	GROUP_13_CHECK_5_RESET_COMMIT_PHASE_COMPLETION_BARRIER
CDC1-CHG-0256	CDC-1	Critical	G2B_ONECH_C2H/shadow_last_global_reg[23]/CE	G2B_ONECH_C2H/reset_commit_phase_hold_source_reg[1]/C	G2B_ONECH_C2H/reset_commit_phase_hold_source_reg[0]/C	nvp_vclk1	userclk1	Max Delay Datapath Only	RESET_COMMIT_STABLE_PAYLOAD	commit_sync2_axi[3:0]_completion_barrier	transport request/ack plus synchronized four-slot commit equality	GROUP_13_EARLIEST_USE_GE_32NS_AND_6NS_SETTLING_CAP	GROUP_13_CHECK_5_RESET_COMMIT_PHASE_COMPLETION_BARRIER
CDC1-CHG-0257	CDC-1	Critical	G2B_ONECH_C2H/shadow_last_global_reg[24]/CE	G2B_ONECH_C2H/reset_commit_phase_hold_source_reg[1]/C	G2B_ONECH_C2H/reset_commit_phase_hold_source_reg[0]/C	nvp_vclk1	userclk1	Max Delay Datapath Only	RESET_COMMIT_STABLE_PAYLOAD	commit_sync2_axi[3:0]_completion_barrier	transport request/ack plus synchronized four-slot commit equality	GROUP_13_EARLIEST_USE_GE_32NS_AND_6NS_SETTLING_CAP	GROUP_13_CHECK_5_RESET_COMMIT_PHASE_COMPLETION_BARRIER
CDC1-CHG-0258	CDC-1	Critical	G2B_ONECH_C2H/shadow_last_global_reg[25]/CE	G2B_ONECH_C2H/reset_commit_phase_hold_source_reg[1]/C	G2B_ONECH_C2H/reset_commit_phase_hold_source_reg[0]/C	nvp_vclk1	userclk1	Max Delay Datapath Only	RESET_COMMIT_STABLE_PAYLOAD	commit_sync2_axi[3:0]_completion_barrier	transport request/ack plus synchronized four-slot commit equality	GROUP_13_EARLIEST_USE_GE_32NS_AND_6NS_SETTLING_CAP	GROUP_13_CHECK_5_RESET_COMMIT_PHASE_COMPLETION_BARRIER
CDC1-CHG-0259	CDC-1	Critical	G2B_ONECH_C2H/shadow_last_global_reg[26]/CE	G2B_ONECH_C2H/reset_commit_phase_hold_source_reg[1]/C	G2B_ONECH_C2H/reset_commit_phase_hold_source_reg[0]/C	nvp_vclk1	userclk1	Max Delay Datapath Only	RESET_COMMIT_STABLE_PAYLOAD	commit_sync2_axi[3:0]_completion_barrier	transport request/ack plus synchronized four-slot commit equality	GROUP_13_EARLIEST_USE_GE_32NS_AND_6NS_SETTLING_CAP	GROUP_13_CHECK_5_RESET_COMMIT_PHASE_COMPLETION_BARRIER
CDC1-CHG-0260	CDC-1	Critical	G2B_ONECH_C2H/shadow_last_global_reg[27]/CE	G2B_ONECH_C2H/reset_commit_phase_hold_source_reg[1]/C	G2B_ONECH_C2H/reset_commit_phase_hold_source_reg[0]/C	nvp_vclk1	userclk1	Max Delay Datapath Only	RESET_COMMIT_STABLE_PAYLOAD	commit_sync2_axi[3:0]_completion_barrier	transport request/ack plus synchronized four-slot commit equality	GROUP_13_EARLIEST_USE_GE_32NS_AND_6NS_SETTLING_CAP	GROUP_13_CHECK_5_RESET_COMMIT_PHASE_COMPLETION_BARRIER
CDC1-CHG-0261	CDC-1	Critical	G2B_ONECH_C2H/shadow_last_global_reg[28]/CE	G2B_ONECH_C2H/reset_commit_phase_hold_source_reg[1]/C	G2B_ONECH_C2H/reset_commit_phase_hold_source_reg[0]/C	nvp_vclk1	userclk1	Max Delay Datapath Only	RESET_COMMIT_STABLE_PAYLOAD	commit_sync2_axi[3:0]_completion_barrier	transport request/ack plus synchronized four-slot commit equality	GROUP_13_EARLIEST_USE_GE_32NS_AND_6NS_SETTLING_CAP	GROUP_13_CHECK_5_RESET_COMMIT_PHASE_COMPLETION_BARRIER
CDC1-CHG-0262	CDC-1	Critical	G2B_ONECH_C2H/shadow_last_global_reg[29]/CE	G2B_ONECH_C2H/reset_commit_phase_hold_source_reg[1]/C	G2B_ONECH_C2H/reset_commit_phase_hold_source_reg[0]/C	nvp_vclk1	userclk1	Max Delay Datapath Only	RESET_COMMIT_STABLE_PAYLOAD	commit_sync2_axi[3:0]_completion_barrier	transport request/ack plus synchronized four-slot commit equality	GROUP_13_EARLIEST_USE_GE_32NS_AND_6NS_SETTLING_CAP	GROUP_13_CHECK_5_RESET_COMMIT_PHASE_COMPLETION_BARRIER
CDC1-CHG-0263	CDC-1	Critical	G2B_ONECH_C2H/shadow_last_global_reg[2]/CE	G2B_ONECH_C2H/reset_commit_phase_hold_source_reg[1]/C	G2B_ONECH_C2H/reset_commit_phase_hold_source_reg[0]/C	nvp_vclk1	userclk1	Max Delay Datapath Only	RESET_COMMIT_STABLE_PAYLOAD	commit_sync2_axi[3:0]_completion_barrier	transport request/ack plus synchronized four-slot commit equality	GROUP_13_EARLIEST_USE_GE_32NS_AND_6NS_SETTLING_CAP	GROUP_13_CHECK_5_RESET_COMMIT_PHASE_COMPLETION_BARRIER
CDC1-CHG-0264	CDC-1	Critical	G2B_ONECH_C2H/shadow_last_global_reg[30]/CE	G2B_ONECH_C2H/reset_commit_phase_hold_source_reg[1]/C	G2B_ONECH_C2H/reset_commit_phase_hold_source_reg[0]/C	nvp_vclk1	userclk1	Max Delay Datapath Only	RESET_COMMIT_STABLE_PAYLOAD	commit_sync2_axi[3:0]_completion_barrier	transport request/ack plus synchronized four-slot commit equality	GROUP_13_EARLIEST_USE_GE_32NS_AND_6NS_SETTLING_CAP	GROUP_13_CHECK_5_RESET_COMMIT_PHASE_COMPLETION_BARRIER
CDC1-CHG-0265	CDC-1	Critical	G2B_ONECH_C2H/shadow_last_global_reg[31]/CE	G2B_ONECH_C2H/reset_commit_phase_hold_source_reg[1]/C	G2B_ONECH_C2H/reset_commit_phase_hold_source_reg[0]/C	nvp_vclk1	userclk1	Max Delay Datapath Only	RESET_COMMIT_STABLE_PAYLOAD	commit_sync2_axi[3:0]_completion_barrier	transport request/ack plus synchronized four-slot commit equality	GROUP_13_EARLIEST_USE_GE_32NS_AND_6NS_SETTLING_CAP	GROUP_13_CHECK_5_RESET_COMMIT_PHASE_COMPLETION_BARRIER
CDC1-CHG-0266	CDC-1	Critical	G2B_ONECH_C2H/shadow_last_global_reg[3]/CE	G2B_ONECH_C2H/reset_commit_phase_hold_source_reg[1]/C	G2B_ONECH_C2H/reset_commit_phase_hold_source_reg[0]/C	nvp_vclk1	userclk1	Max Delay Datapath Only	RESET_COMMIT_STABLE_PAYLOAD	commit_sync2_axi[3:0]_completion_barrier	transport request/ack plus synchronized four-slot commit equality	GROUP_13_EARLIEST_USE_GE_32NS_AND_6NS_SETTLING_CAP	GROUP_13_CHECK_5_RESET_COMMIT_PHASE_COMPLETION_BARRIER
CDC1-CHG-0267	CDC-1	Critical	G2B_ONECH_C2H/shadow_last_global_reg[4]/CE	G2B_ONECH_C2H/reset_commit_phase_hold_source_reg[1]/C	G2B_ONECH_C2H/reset_commit_phase_hold_source_reg[0]/C	nvp_vclk1	userclk1	Max Delay Datapath Only	RESET_COMMIT_STABLE_PAYLOAD	commit_sync2_axi[3:0]_completion_barrier	transport request/ack plus synchronized four-slot commit equality	GROUP_13_EARLIEST_USE_GE_32NS_AND_6NS_SETTLING_CAP	GROUP_13_CHECK_5_RESET_COMMIT_PHASE_COMPLETION_BARRIER
CDC1-CHG-0268	CDC-1	Critical	G2B_ONECH_C2H/shadow_last_global_reg[5]/CE	G2B_ONECH_C2H/reset_commit_phase_hold_source_reg[1]/C	G2B_ONECH_C2H/reset_commit_phase_hold_source_reg[0]/C	nvp_vclk1	userclk1	Max Delay Datapath Only	RESET_COMMIT_STABLE_PAYLOAD	commit_sync2_axi[3:0]_completion_barrier	transport request/ack plus synchronized four-slot commit equality	GROUP_13_EARLIEST_USE_GE_32NS_AND_6NS_SETTLING_CAP	GROUP_13_CHECK_5_RESET_COMMIT_PHASE_COMPLETION_BARRIER
CDC1-CHG-0269	CDC-1	Critical	G2B_ONECH_C2H/shadow_last_global_reg[6]/CE	G2B_ONECH_C2H/reset_commit_phase_hold_source_reg[1]/C	G2B_ONECH_C2H/reset_commit_phase_hold_source_reg[0]/C	nvp_vclk1	userclk1	Max Delay Datapath Only	RESET_COMMIT_STABLE_PAYLOAD	commit_sync2_axi[3:0]_completion_barrier	transport request/ack plus synchronized four-slot commit equality	GROUP_13_EARLIEST_USE_GE_32NS_AND_6NS_SETTLING_CAP	GROUP_13_CHECK_5_RESET_COMMIT_PHASE_COMPLETION_BARRIER
CDC1-CHG-0270	CDC-1	Critical	G2B_ONECH_C2H/shadow_last_global_reg[7]/CE	G2B_ONECH_C2H/reset_commit_phase_hold_source_reg[1]/C	G2B_ONECH_C2H/reset_commit_phase_hold_source_reg[0]/C	nvp_vclk1	userclk1	Max Delay Datapath Only	RESET_COMMIT_STABLE_PAYLOAD	commit_sync2_axi[3:0]_completion_barrier	transport request/ack plus synchronized four-slot commit equality	GROUP_13_EARLIEST_USE_GE_32NS_AND_6NS_SETTLING_CAP	GROUP_13_CHECK_5_RESET_COMMIT_PHASE_COMPLETION_BARRIER
CDC1-CHG-0271	CDC-1	Critical	G2B_ONECH_C2H/shadow_last_global_reg[8]/CE	G2B_ONECH_C2H/reset_commit_phase_hold_source_reg[1]/C	G2B_ONECH_C2H/reset_commit_phase_hold_source_reg[0]/C	nvp_vclk1	userclk1	Max Delay Datapath Only	RESET_COMMIT_STABLE_PAYLOAD	commit_sync2_axi[3:0]_completion_barrier	transport request/ack plus synchronized four-slot commit equality	GROUP_13_EARLIEST_USE_GE_32NS_AND_6NS_SETTLING_CAP	GROUP_13_CHECK_5_RESET_COMMIT_PHASE_COMPLETION_BARRIER
CDC1-CHG-0272	CDC-1	Critical	G2B_ONECH_C2H/shadow_last_global_reg[9]/CE	G2B_ONECH_C2H/reset_commit_phase_hold_source_reg[1]/C	G2B_ONECH_C2H/reset_commit_phase_hold_source_reg[0]/C	nvp_vclk1	userclk1	Max Delay Datapath Only	RESET_COMMIT_STABLE_PAYLOAD	commit_sync2_axi[3:0]_completion_barrier	transport request/ack plus synchronized four-slot commit equality	GROUP_13_EARLIEST_USE_GE_32NS_AND_6NS_SETTLING_CAP	GROUP_13_CHECK_5_RESET_COMMIT_PHASE_COMPLETION_BARRIER
CDC1-CHG-0273	CDC-1	Critical	G2B_ONECH_C2H/shadow_last_global_valid_reg/D	G2B_ONECH_C2H/reset_commit_phase_hold_source_reg[1]/C	G2B_ONECH_C2H/reset_commit_phase_hold_source_reg[0]/C	nvp_vclk1	userclk1	Max Delay Datapath Only	RESET_COMMIT_STABLE_PAYLOAD	commit_sync2_axi[3:0]_completion_barrier	transport request/ack plus synchronized four-slot commit equality	GROUP_13_EARLIEST_USE_GE_32NS_AND_6NS_SETTLING_CAP	GROUP_13_CHECK_5_RESET_COMMIT_PHASE_COMPLETION_BARRIER
CDC1-CHG-0274	CDC-1	Critical	G2B_ONECH_C2H/snapshot_busy_axi_reg/D	G2B_ONECH_C2H/reset_commit_phase_hold_source_reg[1]/C	G2B_ONECH_C2H/reset_commit_phase_hold_source_reg[0]/C	nvp_vclk1	userclk1	Max Delay Datapath Only	RESET_COMMIT_STABLE_PAYLOAD	commit_sync2_axi[3:0]_completion_barrier	transport request/ack plus synchronized four-slot commit equality	GROUP_13_EARLIEST_USE_GE_32NS_AND_6NS_SETTLING_CAP	GROUP_13_CHECK_5_RESET_COMMIT_PHASE_COMPLETION_BARRIER
CDC1-CHG-0275	CDC-1	Critical	G2B_ONECH_C2H/snapshot_valid_axi_reg/D	G2B_ONECH_C2H/reset_commit_phase_hold_source_reg[1]/C	G2B_ONECH_C2H/reset_commit_phase_hold_source_reg[0]/C	nvp_vclk1	userclk1	Max Delay Datapath Only	RESET_COMMIT_STABLE_PAYLOAD	commit_sync2_axi[3:0]_completion_barrier	transport request/ack plus synchronized four-slot commit equality	GROUP_13_EARLIEST_USE_GE_32NS_AND_6NS_SETTLING_CAP	GROUP_13_CHECK_5_RESET_COMMIT_PHASE_COMPLETION_BARRIER
CDC1-CHG-0276	CDC-1	Critical	G2B_ONECH_C2H/stream_reset_busy_axi_reg/D	G2B_ONECH_C2H/reset_commit_phase_hold_source_reg[1]/C	G2B_ONECH_C2H/reset_commit_phase_hold_source_reg[0]/C	nvp_vclk1	userclk1	Max Delay Datapath Only	RESET_COMMIT_STABLE_PAYLOAD	commit_sync2_axi[3:0]_completion_barrier	transport request/ack plus synchronized four-slot commit equality	GROUP_13_EARLIEST_USE_GE_32NS_AND_6NS_SETTLING_CAP	GROUP_13_CHECK_5_RESET_COMMIT_PHASE_COMPLETION_BARRIER
CDC1-CHG-0277	CDC-1	Critical	G2B_ONECH_C2H/stream_reset_is_hard_axi_reg/D	G2B_ONECH_C2H/reset_commit_phase_hold_source_reg[1]/C	G2B_ONECH_C2H/reset_commit_phase_hold_source_reg[0]/C	nvp_vclk1	userclk1	Max Delay Datapath Only	RESET_COMMIT_STABLE_PAYLOAD	commit_sync2_axi[3:0]_completion_barrier	transport request/ack plus synchronized four-slot commit equality	GROUP_13_EARLIEST_USE_GE_32NS_AND_6NS_SETTLING_CAP	GROUP_13_CHECK_5_RESET_COMMIT_PHASE_COMPLETION_BARRIER
CDC1-CHG-0278	CDC-1	Critical	G2B_ONECH_C2H/transport_followup_hard_axi_reg/D	G2B_ONECH_C2H/reset_commit_phase_hold_source_reg[1]/C	G2B_ONECH_C2H/reset_commit_phase_hold_source_reg[0]/C	nvp_vclk1	userclk1	Max Delay Datapath Only	RESET_COMMIT_STABLE_PAYLOAD	commit_sync2_axi[3:0]_completion_barrier	transport request/ack plus synchronized four-slot commit equality	GROUP_13_EARLIEST_USE_GE_32NS_AND_6NS_SETTLING_CAP	GROUP_13_CHECK_5_RESET_COMMIT_PHASE_COMPLETION_BARRIER
CDC1-CHG-0279	CDC-1	Critical	G2B_ONECH_C2H/transport_hard_hold_axi_reg/CE	G2B_ONECH_C2H/reset_commit_phase_hold_source_reg[1]/C	G2B_ONECH_C2H/reset_commit_phase_hold_source_reg[0]/C	nvp_vclk1	userclk1	Max Delay Datapath Only	RESET_COMMIT_STABLE_PAYLOAD	commit_sync2_axi[3:0]_completion_barrier	transport request/ack plus synchronized four-slot commit equality	GROUP_13_EARLIEST_USE_GE_32NS_AND_6NS_SETTLING_CAP	GROUP_13_CHECK_5_RESET_COMMIT_PHASE_COMPLETION_BARRIER
CDC1-CHG-0280	CDC-1	Critical	G2B_ONECH_C2H/transport_own_phase_hold_axi_reg/CE	G2B_ONECH_C2H/reset_commit_phase_hold_source_reg[1]/C	G2B_ONECH_C2H/reset_commit_phase_hold_source_reg[0]/C	nvp_vclk1	userclk1	Max Delay Datapath Only	RESET_COMMIT_STABLE_PAYLOAD	commit_sync2_axi[3:0]_completion_barrier	transport request/ack plus synchronized four-slot commit equality	GROUP_13_EARLIEST_USE_GE_32NS_AND_6NS_SETTLING_CAP	GROUP_13_CHECK_5_RESET_COMMIT_PHASE_COMPLETION_BARRIER
CDC1-CHG-0281	CDC-1	Critical	G2B_ONECH_C2H/transport_release_phase_hold_axi_reg[0]/CE	G2B_ONECH_C2H/reset_commit_phase_hold_source_reg[1]/C	G2B_ONECH_C2H/reset_commit_phase_hold_source_reg[0]/C	nvp_vclk1	userclk1	Max Delay Datapath Only	RESET_COMMIT_STABLE_PAYLOAD	commit_sync2_axi[3:0]_completion_barrier	transport request/ack plus synchronized four-slot commit equality	GROUP_13_EARLIEST_USE_GE_32NS_AND_6NS_SETTLING_CAP	GROUP_13_CHECK_5_RESET_COMMIT_PHASE_COMPLETION_BARRIER
CDC1-CHG-0282	CDC-1	Critical	G2B_ONECH_C2H/transport_release_phase_hold_axi_reg[1]/CE	G2B_ONECH_C2H/reset_commit_phase_hold_source_reg[1]/C	G2B_ONECH_C2H/reset_commit_phase_hold_source_reg[0]/C	nvp_vclk1	userclk1	Max Delay Datapath Only	RESET_COMMIT_STABLE_PAYLOAD	commit_sync2_axi[3:0]_completion_barrier	transport request/ack plus synchronized four-slot commit equality	GROUP_13_EARLIEST_USE_GE_32NS_AND_6NS_SETTLING_CAP	GROUP_13_CHECK_5_RESET_COMMIT_PHASE_COMPLETION_BARRIER
CDC1-CHG-0283	CDC-1	Critical	G2B_ONECH_C2H/transport_release_phase_hold_axi_reg[2]/CE	G2B_ONECH_C2H/reset_commit_phase_hold_source_reg[1]/C	G2B_ONECH_C2H/reset_commit_phase_hold_source_reg[0]/C	nvp_vclk1	userclk1	Max Delay Datapath Only	RESET_COMMIT_STABLE_PAYLOAD	commit_sync2_axi[3:0]_completion_barrier	transport request/ack plus synchronized four-slot commit equality	GROUP_13_EARLIEST_USE_GE_32NS_AND_6NS_SETTLING_CAP	GROUP_13_CHECK_5_RESET_COMMIT_PHASE_COMPLETION_BARRIER
CDC1-CHG-0284	CDC-1	Critical	G2B_ONECH_C2H/transport_release_phase_hold_axi_reg[3]/CE	G2B_ONECH_C2H/reset_commit_phase_hold_source_reg[1]/C	G2B_ONECH_C2H/reset_commit_phase_hold_source_reg[0]/C	nvp_vclk1	userclk1	Max Delay Datapath Only	RESET_COMMIT_STABLE_PAYLOAD	commit_sync2_axi[3:0]_completion_barrier	transport request/ack plus synchronized four-slot commit equality	GROUP_13_EARLIEST_USE_GE_32NS_AND_6NS_SETTLING_CAP	GROUP_13_CHECK_5_RESET_COMMIT_PHASE_COMPLETION_BARRIER
CDC1-CHG-0285	CDC-1	Critical	G2B_ONECH_C2H/transport_req_toggle_axi_reg/D	G2B_ONECH_C2H/reset_commit_phase_hold_source_reg[1]/C	G2B_ONECH_C2H/reset_commit_phase_hold_source_reg[0]/C	nvp_vclk1	userclk1	Max Delay Datapath Only	RESET_COMMIT_STABLE_PAYLOAD	commit_sync2_axi[3:0]_completion_barrier	transport request/ack plus synchronized four-slot commit equality	GROUP_13_EARLIEST_USE_GE_32NS_AND_6NS_SETTLING_CAP	GROUP_13_CHECK_5_RESET_COMMIT_PHASE_COMPLETION_BARRIER
CDC1-CHG-0286	CDC-1	Critical	G2B_ONECH_C2H/enable_applied_source_reg/D	G2B_ONECH_C2H/release_epoch_axi_reg[0][9]/C	G2B_ONECH_C2H/axis_slot_reg[1]/C	userclk1	nvp_vclk1	Max Delay Datapath Only	UNRECONCILED_SOURCE_BASE_DRIFT:RELEASE_EPOCH_STABLE_PAYLOAD->OWNERSHIP_STABLE_PAYLOAD				
CDC1-CHG-0287	CDC-1	Critical	G2B_ONECH_C2H/own_ok_hold_source_reg/D	G2B_ONECH_C2H/axis_slot_reg[0]/C	G2B_ONECH_C2H/axis_slot_reg[1]/C	userclk1	nvp_vclk1	Max Delay Datapath Only	OWNERSHIP_STABLE_PAYLOAD	own_req_toggle_axi_to_own_req_sync2_source	own_ack_toggle_source_to_own_ack_sync2_axi	GROUP_9_EARLIEST_USE_13.468NS_AND_6NS_SETTLING_CAP	GROUP_9_CHECKS_1_TO_3_OWNERSHIP_MAILBOX
CDC1-CHG-0288	CDC-1	Critical	G2B_ONECH_C2H/slot_state_source_reg[0][0]/D	G2B_ONECH_C2H/release_epoch_axi_reg[0][9]/C	G2B_ONECH_C2H/axis_slot_reg[1]/C	userclk1	nvp_vclk1	Max Delay Datapath Only	UNRECONCILED_SOURCE_BASE_DRIFT:RELEASE_EPOCH_STABLE_PAYLOAD->OWNERSHIP_STABLE_PAYLOAD				
CDC1-CHG-0289	CDC-1	Critical	G2B_ONECH_C2H/slot_state_source_reg[0][1]/D	G2B_ONECH_C2H/release_epoch_axi_reg[0][9]/C	G2B_ONECH_C2H/axis_slot_reg[1]/C	userclk1	nvp_vclk1	Max Delay Datapath Only	UNRECONCILED_SOURCE_BASE_DRIFT:RELEASE_EPOCH_STABLE_PAYLOAD->OWNERSHIP_STABLE_PAYLOAD				
CDC1-CHG-0290	CDC-1	Critical	G2B_ONECH_C2H/slot_state_source_reg[0][2]/D	G2B_ONECH_C2H/release_epoch_axi_reg[0][9]/C	G2B_ONECH_C2H/axis_slot_reg[1]/C	userclk1	nvp_vclk1	Max Delay Datapath Only	UNRECONCILED_SOURCE_BASE_DRIFT:RELEASE_EPOCH_STABLE_PAYLOAD->OWNERSHIP_STABLE_PAYLOAD				
CDC1-CHG-0291	CDC-1	Critical	G2B_ONECH_C2H/slot_state_source_reg[1][0]/D	G2B_ONECH_C2H/axis_slot_reg[0]/C	G2B_ONECH_C2H/axis_slot_reg[1]/C	userclk1	nvp_vclk1	Max Delay Datapath Only	OWNERSHIP_STABLE_PAYLOAD	own_req_toggle_axi_to_own_req_sync2_source	own_ack_toggle_source_to_own_ack_sync2_axi	GROUP_9_EARLIEST_USE_13.468NS_AND_6NS_SETTLING_CAP	GROUP_9_CHECKS_1_TO_3_OWNERSHIP_MAILBOX
CDC1-CHG-0292	CDC-1	Critical	G2B_ONECH_C2H/slot_state_source_reg[1][1]/D	G2B_ONECH_C2H/axis_slot_reg[0]/C	G2B_ONECH_C2H/axis_slot_reg[1]/C	userclk1	nvp_vclk1	Max Delay Datapath Only	OWNERSHIP_STABLE_PAYLOAD	own_req_toggle_axi_to_own_req_sync2_source	own_ack_toggle_source_to_own_ack_sync2_axi	GROUP_9_EARLIEST_USE_13.468NS_AND_6NS_SETTLING_CAP	GROUP_9_CHECKS_1_TO_3_OWNERSHIP_MAILBOX
CDC1-CHG-0293	CDC-1	Critical	G2B_ONECH_C2H/slot_state_source_reg[1][2]/D	G2B_ONECH_C2H/axis_slot_reg[0]/C	G2B_ONECH_C2H/axis_slot_reg[1]/C	userclk1	nvp_vclk1	Max Delay Datapath Only	OWNERSHIP_STABLE_PAYLOAD	own_req_toggle_axi_to_own_req_sync2_source	own_ack_toggle_source_to_own_ack_sync2_axi	GROUP_9_EARLIEST_USE_13.468NS_AND_6NS_SETTLING_CAP	GROUP_9_CHECKS_1_TO_3_OWNERSHIP_MAILBOX
CDC1-CHG-0294	CDC-1	Critical	G2B_ONECH_C2H/slot_state_source_reg[2][0]/D	G2B_ONECH_C2H/axis_slot_reg[0]/C	G2B_ONECH_C2H/axis_slot_reg[1]/C	userclk1	nvp_vclk1	Max Delay Datapath Only	OWNERSHIP_STABLE_PAYLOAD	own_req_toggle_axi_to_own_req_sync2_source	own_ack_toggle_source_to_own_ack_sync2_axi	GROUP_9_EARLIEST_USE_13.468NS_AND_6NS_SETTLING_CAP	GROUP_9_CHECKS_1_TO_3_OWNERSHIP_MAILBOX
CDC1-CHG-0295	CDC-1	Critical	G2B_ONECH_C2H/slot_state_source_reg[2][1]/D	G2B_ONECH_C2H/axis_slot_reg[0]/C	G2B_ONECH_C2H/axis_slot_reg[1]/C	userclk1	nvp_vclk1	Max Delay Datapath Only	OWNERSHIP_STABLE_PAYLOAD	own_req_toggle_axi_to_own_req_sync2_source	own_ack_toggle_source_to_own_ack_sync2_axi	GROUP_9_EARLIEST_USE_13.468NS_AND_6NS_SETTLING_CAP	GROUP_9_CHECKS_1_TO_3_OWNERSHIP_MAILBOX
CDC1-CHG-0296	CDC-1	Critical	G2B_ONECH_C2H/slot_state_source_reg[2][2]/D	G2B_ONECH_C2H/axis_slot_reg[0]/C	G2B_ONECH_C2H/axis_slot_reg[1]/C	userclk1	nvp_vclk1	Max Delay Datapath Only	OWNERSHIP_STABLE_PAYLOAD	own_req_toggle_axi_to_own_req_sync2_source	own_ack_toggle_source_to_own_ack_sync2_axi	GROUP_9_EARLIEST_USE_13.468NS_AND_6NS_SETTLING_CAP	GROUP_9_CHECKS_1_TO_3_OWNERSHIP_MAILBOX
CDC1-CHG-0297	CDC-1	Critical	G2B_ONECH_C2H/slot_state_source_reg[3][0]/D	G2B_ONECH_C2H/axis_slot_reg[0]/C	G2B_ONECH_C2H/axis_slot_reg[1]/C	userclk1	nvp_vclk1	Max Delay Datapath Only	OWNERSHIP_STABLE_PAYLOAD	own_req_toggle_axi_to_own_req_sync2_source	own_ack_toggle_source_to_own_ack_sync2_axi	GROUP_9_EARLIEST_USE_13.468NS_AND_6NS_SETTLING_CAP	GROUP_9_CHECKS_1_TO_3_OWNERSHIP_MAILBOX
CDC1-CHG-0298	CDC-1	Critical	G2B_ONECH_C2H/slot_state_source_reg[3][1]/D	G2B_ONECH_C2H/axis_slot_reg[0]/C	G2B_ONECH_C2H/axis_slot_reg[1]/C	userclk1	nvp_vclk1	Max Delay Datapath Only	OWNERSHIP_STABLE_PAYLOAD	own_req_toggle_axi_to_own_req_sync2_source	own_ack_toggle_source_to_own_ack_sync2_axi	GROUP_9_EARLIEST_USE_13.468NS_AND_6NS_SETTLING_CAP	GROUP_9_CHECKS_1_TO_3_OWNERSHIP_MAILBOX
CDC1-CHG-0299	CDC-1	Critical	G2B_ONECH_C2H/slot_state_source_reg[3][2]/D	G2B_ONECH_C2H/axis_slot_reg[0]/C	G2B_ONECH_C2H/axis_slot_reg[1]/C	userclk1	nvp_vclk1	Max Delay Datapath Only	OWNERSHIP_STABLE_PAYLOAD	own_req_toggle_axi_to_own_req_sync2_source	own_ack_toggle_source_to_own_ack_sync2_axi	GROUP_9_EARLIEST_USE_13.468NS_AND_6NS_SETTLING_CAP	GROUP_9_CHECKS_1_TO_3_OWNERSHIP_MAILBOX
CDC1-CHG-0300	CDC-1	Critical	G2B_ONECH_C2H/source_ownership_fatal_deferred_reg/D	G2B_ONECH_C2H/release_epoch_axi_reg[0][9]/C	G2B_ONECH_C2H/axis_slot_reg[1]/C	userclk1	nvp_vclk1	Max Delay Datapath Only	UNRECONCILED_SOURCE_BASE_DRIFT:RELEASE_EPOCH_STABLE_PAYLOAD->OWNERSHIP_STABLE_PAYLOAD				
CDC1-CHG-0301	CDC-1	Critical	G2B_ONECH_C2H/source_ownership_fatal_event_reg/D	G2B_ONECH_C2H/release_epoch_axi_reg[0][9]/C	G2B_ONECH_C2H/axis_slot_reg[1]/C	userclk1	nvp_vclk1	Max Delay Datapath Only	UNRECONCILED_SOURCE_BASE_DRIFT:RELEASE_EPOCH_STABLE_PAYLOAD->OWNERSHIP_STABLE_PAYLOAD				
CDC1-CHG-0302	CDC-1	Critical	G2B_ONECH_C2H/source_ownership_fatal_reg/D	G2B_ONECH_C2H/release_epoch_axi_reg[0][9]/C	G2B_ONECH_C2H/axis_slot_reg[1]/C	userclk1	nvp_vclk1	Max Delay Datapath Only	UNRECONCILED_SOURCE_BASE_DRIFT:RELEASE_EPOCH_STABLE_PAYLOAD->OWNERSHIP_STABLE_PAYLOAD				
WARN-CHG-0001	CDC-15	Warning	G2B_ONECH_C2H/axis_epoch_reg[0]/D	G2B_ONECH_C2H/desc_epoch_source_reg[2][0]/C	G2B_ONECH_C2H/desc_epoch_source_reg[3][0]/C	nvp_vclk1	userclk1	Max Delay Datapath Only	DESCRIPTOR_EPOCH_STABLE_PAYLOAD	descriptor_commit_completion_token	source descriptor completion followed by AXI-domain capture	ACTIVE_GROUP_12_3NS_BUS_SKEW_AND_EXISTING_PROTOCOL_BARRIER	ACTIVE_GROUP_12_DESCRIPTOR_EPOCH_SOURCE_TO_AXI
WARN-CHG-0002	CDC-15	Warning	G2B_ONECH_C2H/axis_epoch_reg[11]/D	G2B_ONECH_C2H/desc_epoch_source_reg[2][11]/C	G2B_ONECH_C2H/desc_epoch_source_reg[1][11]/C	nvp_vclk1	userclk1	Max Delay Datapath Only	DESCRIPTOR_EPOCH_STABLE_PAYLOAD	descriptor_commit_completion_token	source descriptor completion followed by AXI-domain capture	ACTIVE_GROUP_12_3NS_BUS_SKEW_AND_EXISTING_PROTOCOL_BARRIER	ACTIVE_GROUP_12_DESCRIPTOR_EPOCH_SOURCE_TO_AXI
WARN-CHG-0003	CDC-15	Warning	G2B_ONECH_C2H/axis_epoch_reg[13]/D	G2B_ONECH_C2H/desc_epoch_source_reg[1][13]/C	G2B_ONECH_C2H/desc_epoch_source_reg[0][13]/C	nvp_vclk1	userclk1	Max Delay Datapath Only	DESCRIPTOR_EPOCH_STABLE_PAYLOAD	descriptor_commit_completion_token	source descriptor completion followed by AXI-domain capture	ACTIVE_GROUP_12_3NS_BUS_SKEW_AND_EXISTING_PROTOCOL_BARRIER	ACTIVE_GROUP_12_DESCRIPTOR_EPOCH_SOURCE_TO_AXI
WARN-CHG-0004	CDC-15	Warning	G2B_ONECH_C2H/axis_epoch_reg[14]/D	G2B_ONECH_C2H/desc_epoch_source_reg[2][14]/C	G2B_ONECH_C2H/desc_epoch_source_reg[3][14]/C	nvp_vclk1	userclk1	Max Delay Datapath Only	DESCRIPTOR_EPOCH_STABLE_PAYLOAD	descriptor_commit_completion_token	source descriptor completion followed by AXI-domain capture	ACTIVE_GROUP_12_3NS_BUS_SKEW_AND_EXISTING_PROTOCOL_BARRIER	ACTIVE_GROUP_12_DESCRIPTOR_EPOCH_SOURCE_TO_AXI
WARN-CHG-0005	CDC-15	Warning	G2B_ONECH_C2H/axis_epoch_reg[16]/D	G2B_ONECH_C2H/desc_epoch_source_reg[1][16]/C	G2B_ONECH_C2H/desc_epoch_source_reg[0][16]/C	nvp_vclk1	userclk1	Max Delay Datapath Only	DESCRIPTOR_EPOCH_STABLE_PAYLOAD	descriptor_commit_completion_token	source descriptor completion followed by AXI-domain capture	ACTIVE_GROUP_12_3NS_BUS_SKEW_AND_EXISTING_PROTOCOL_BARRIER	ACTIVE_GROUP_12_DESCRIPTOR_EPOCH_SOURCE_TO_AXI
WARN-CHG-0006	CDC-15	Warning	G2B_ONECH_C2H/axis_epoch_reg[17]/D	G2B_ONECH_C2H/desc_epoch_source_reg[0][17]/C	G2B_ONECH_C2H/desc_epoch_source_reg[1][17]/C	nvp_vclk1	userclk1	Max Delay Datapath Only	DESCRIPTOR_EPOCH_STABLE_PAYLOAD	descriptor_commit_completion_token	source descriptor completion followed by AXI-domain capture	ACTIVE_GROUP_12_3NS_BUS_SKEW_AND_EXISTING_PROTOCOL_BARRIER	ACTIVE_GROUP_12_DESCRIPTOR_EPOCH_SOURCE_TO_AXI
WARN-CHG-0007	CDC-15	Warning	G2B_ONECH_C2H/axis_epoch_reg[19]/D	G2B_ONECH_C2H/desc_epoch_source_reg[1][19]/C	G2B_ONECH_C2H/desc_epoch_source_reg[3][19]/C	nvp_vclk1	userclk1	Max Delay Datapath Only	DESCRIPTOR_EPOCH_STABLE_PAYLOAD	descriptor_commit_completion_token	source descriptor completion followed by AXI-domain capture	ACTIVE_GROUP_12_3NS_BUS_SKEW_AND_EXISTING_PROTOCOL_BARRIER	ACTIVE_GROUP_12_DESCRIPTOR_EPOCH_SOURCE_TO_AXI
WARN-CHG-0008	CDC-15	Warning	G2B_ONECH_C2H/axis_epoch_reg[1]/D	G2B_ONECH_C2H/desc_epoch_source_reg[2][1]/C	G2B_ONECH_C2H/desc_epoch_source_reg[0][1]/C	nvp_vclk1	userclk1	Max Delay Datapath Only	DESCRIPTOR_EPOCH_STABLE_PAYLOAD	descriptor_commit_completion_token	source descriptor completion followed by AXI-domain capture	ACTIVE_GROUP_12_3NS_BUS_SKEW_AND_EXISTING_PROTOCOL_BARRIER	ACTIVE_GROUP_12_DESCRIPTOR_EPOCH_SOURCE_TO_AXI
WARN-CHG-0009	CDC-15	Warning	G2B_ONECH_C2H/axis_epoch_reg[20]/D	G2B_ONECH_C2H/desc_epoch_source_reg[1][20]/C	G2B_ONECH_C2H/desc_epoch_source_reg[3][20]/C	nvp_vclk1	userclk1	Max Delay Datapath Only	DESCRIPTOR_EPOCH_STABLE_PAYLOAD	descriptor_commit_completion_token	source descriptor completion followed by AXI-domain capture	ACTIVE_GROUP_12_3NS_BUS_SKEW_AND_EXISTING_PROTOCOL_BARRIER	ACTIVE_GROUP_12_DESCRIPTOR_EPOCH_SOURCE_TO_AXI
WARN-CHG-0010	CDC-15	Warning	G2B_ONECH_C2H/axis_epoch_reg[21]/D	G2B_ONECH_C2H/desc_epoch_source_reg[2][21]/C	G2B_ONECH_C2H/desc_epoch_source_reg[0][21]/C	nvp_vclk1	userclk1	Max Delay Datapath Only	DESCRIPTOR_EPOCH_STABLE_PAYLOAD	descriptor_commit_completion_token	source descriptor completion followed by AXI-domain capture	ACTIVE_GROUP_12_3NS_BUS_SKEW_AND_EXISTING_PROTOCOL_BARRIER	ACTIVE_GROUP_12_DESCRIPTOR_EPOCH_SOURCE_TO_AXI
WARN-CHG-0011	CDC-15	Warning	G2B_ONECH_C2H/axis_epoch_reg[24]/D	G2B_ONECH_C2H/desc_epoch_source_reg[1][24]/C	G2B_ONECH_C2H/desc_epoch_source_reg[0][24]/C	nvp_vclk1	userclk1	Max Delay Datapath Only	DESCRIPTOR_EPOCH_STABLE_PAYLOAD	descriptor_commit_completion_token	source descriptor completion followed by AXI-domain capture	ACTIVE_GROUP_12_3NS_BUS_SKEW_AND_EXISTING_PROTOCOL_BARRIER	ACTIVE_GROUP_12_DESCRIPTOR_EPOCH_SOURCE_TO_AXI
WARN-CHG-0012	CDC-15	Warning	G2B_ONECH_C2H/axis_epoch_reg[25]/D	G2B_ONECH_C2H/desc_epoch_source_reg[2][25]/C	G2B_ONECH_C2H/desc_epoch_source_reg[0][25]/C	nvp_vclk1	userclk1	Max Delay Datapath Only	DESCRIPTOR_EPOCH_STABLE_PAYLOAD	descriptor_commit_completion_token	source descriptor completion followed by AXI-domain capture	ACTIVE_GROUP_12_3NS_BUS_SKEW_AND_EXISTING_PROTOCOL_BARRIER	ACTIVE_GROUP_12_DESCRIPTOR_EPOCH_SOURCE_TO_AXI
WARN-CHG-0013	CDC-15	Warning	G2B_ONECH_C2H/axis_epoch_reg[26]/D	G2B_ONECH_C2H/desc_epoch_source_reg[2][26]/C	G2B_ONECH_C2H/desc_epoch_source_reg[1][26]/C	nvp_vclk1	userclk1	Max Delay Datapath Only	DESCRIPTOR_EPOCH_STABLE_PAYLOAD	descriptor_commit_completion_token	source descriptor completion followed by AXI-domain capture	ACTIVE_GROUP_12_3NS_BUS_SKEW_AND_EXISTING_PROTOCOL_BARRIER	ACTIVE_GROUP_12_DESCRIPTOR_EPOCH_SOURCE_TO_AXI
WARN-CHG-0014	CDC-15	Warning	G2B_ONECH_C2H/axis_epoch_reg[27]/D	G2B_ONECH_C2H/desc_epoch_source_reg[1][27]/C	G2B_ONECH_C2H/desc_epoch_source_reg[3][27]/C	nvp_vclk1	userclk1	Max Delay Datapath Only	DESCRIPTOR_EPOCH_STABLE_PAYLOAD	descriptor_commit_completion_token	source descriptor completion followed by AXI-domain capture	ACTIVE_GROUP_12_3NS_BUS_SKEW_AND_EXISTING_PROTOCOL_BARRIER	ACTIVE_GROUP_12_DESCRIPTOR_EPOCH_SOURCE_TO_AXI
WARN-CHG-0015	CDC-15	Warning	G2B_ONECH_C2H/axis_epoch_reg[28]/D	G2B_ONECH_C2H/desc_epoch_source_reg[3][28]/C	G2B_ONECH_C2H/desc_epoch_source_reg[0][28]/C	nvp_vclk1	userclk1	Max Delay Datapath Only	DESCRIPTOR_EPOCH_STABLE_PAYLOAD	descriptor_commit_completion_token	source descriptor completion followed by AXI-domain capture	ACTIVE_GROUP_12_3NS_BUS_SKEW_AND_EXISTING_PROTOCOL_BARRIER	ACTIVE_GROUP_12_DESCRIPTOR_EPOCH_SOURCE_TO_AXI
WARN-CHG-0016	CDC-15	Warning	G2B_ONECH_C2H/axis_epoch_reg[29]/D	G2B_ONECH_C2H/desc_epoch_source_reg[1][29]/C	G2B_ONECH_C2H/desc_epoch_source_reg[2][29]/C	nvp_vclk1	userclk1	Max Delay Datapath Only	DESCRIPTOR_EPOCH_STABLE_PAYLOAD	descriptor_commit_completion_token	source descriptor completion followed by AXI-domain capture	ACTIVE_GROUP_12_3NS_BUS_SKEW_AND_EXISTING_PROTOCOL_BARRIER	ACTIVE_GROUP_12_DESCRIPTOR_EPOCH_SOURCE_TO_AXI
WARN-CHG-0017	CDC-15	Warning	G2B_ONECH_C2H/axis_epoch_reg[30]/D	G2B_ONECH_C2H/desc_epoch_source_reg[2][30]/C	G2B_ONECH_C2H/desc_epoch_source_reg[0][30]/C	nvp_vclk1	userclk1	Max Delay Datapath Only	DESCRIPTOR_EPOCH_STABLE_PAYLOAD	descriptor_commit_completion_token	source descriptor completion followed by AXI-domain capture	ACTIVE_GROUP_12_3NS_BUS_SKEW_AND_EXISTING_PROTOCOL_BARRIER	ACTIVE_GROUP_12_DESCRIPTOR_EPOCH_SOURCE_TO_AXI
WARN-CHG-0018	CDC-15	Warning	G2B_ONECH_C2H/axis_epoch_reg[31]/D	G2B_ONECH_C2H/desc_epoch_source_reg[1][31]/C	G2B_ONECH_C2H/desc_epoch_source_reg[0][31]/C	nvp_vclk1	userclk1	Max Delay Datapath Only	DESCRIPTOR_EPOCH_STABLE_PAYLOAD	descriptor_commit_completion_token	source descriptor completion followed by AXI-domain capture	ACTIVE_GROUP_12_3NS_BUS_SKEW_AND_EXISTING_PROTOCOL_BARRIER	ACTIVE_GROUP_12_DESCRIPTOR_EPOCH_SOURCE_TO_AXI
WARN-CHG-0019	CDC-15	Warning	G2B_ONECH_C2H/axis_epoch_reg[3]/D	G2B_ONECH_C2H/desc_epoch_source_reg[2][3]/C	G2B_ONECH_C2H/desc_epoch_source_reg[1][3]/C	nvp_vclk1	userclk1	Max Delay Datapath Only	DESCRIPTOR_EPOCH_STABLE_PAYLOAD	descriptor_commit_completion_token	source descriptor completion followed by AXI-domain capture	ACTIVE_GROUP_12_3NS_BUS_SKEW_AND_EXISTING_PROTOCOL_BARRIER	ACTIVE_GROUP_12_DESCRIPTOR_EPOCH_SOURCE_TO_AXI
WARN-CHG-0020	CDC-15	Warning	G2B_ONECH_C2H/axis_epoch_reg[4]/D	G2B_ONECH_C2H/desc_epoch_source_reg[3][4]/C	G2B_ONECH_C2H/desc_epoch_source_reg[1][4]/C	nvp_vclk1	userclk1	Max Delay Datapath Only	DESCRIPTOR_EPOCH_STABLE_PAYLOAD	descriptor_commit_completion_token	source descriptor completion followed by AXI-domain capture	ACTIVE_GROUP_12_3NS_BUS_SKEW_AND_EXISTING_PROTOCOL_BARRIER	ACTIVE_GROUP_12_DESCRIPTOR_EPOCH_SOURCE_TO_AXI
WARN-CHG-0021	CDC-15	Warning	G2B_ONECH_C2H/axis_epoch_reg[5]/D	G2B_ONECH_C2H/desc_epoch_source_reg[0][5]/C	G2B_ONECH_C2H/desc_epoch_source_reg[1][5]/C	nvp_vclk1	userclk1	Max Delay Datapath Only	DESCRIPTOR_EPOCH_STABLE_PAYLOAD	descriptor_commit_completion_token	source descriptor completion followed by AXI-domain capture	ACTIVE_GROUP_12_3NS_BUS_SKEW_AND_EXISTING_PROTOCOL_BARRIER	ACTIVE_GROUP_12_DESCRIPTOR_EPOCH_SOURCE_TO_AXI
WARN-CHG-0022	CDC-15	Warning	G2B_ONECH_C2H/axis_epoch_reg[6]/D	G2B_ONECH_C2H/desc_epoch_source_reg[2][6]/C	G2B_ONECH_C2H/desc_epoch_source_reg[3][6]/C	nvp_vclk1	userclk1	Max Delay Datapath Only	DESCRIPTOR_EPOCH_STABLE_PAYLOAD	descriptor_commit_completion_token	source descriptor completion followed by AXI-domain capture	ACTIVE_GROUP_12_3NS_BUS_SKEW_AND_EXISTING_PROTOCOL_BARRIER	ACTIVE_GROUP_12_DESCRIPTOR_EPOCH_SOURCE_TO_AXI
WARN-CHG-0023	CDC-15	Warning	G2B_ONECH_C2H/axis_epoch_reg[8]/D	G2B_ONECH_C2H/desc_epoch_source_reg[2][8]/C	G2B_ONECH_C2H/desc_epoch_source_reg[3][8]/C	nvp_vclk1	userclk1	Max Delay Datapath Only	DESCRIPTOR_EPOCH_STABLE_PAYLOAD	descriptor_commit_completion_token	source descriptor completion followed by AXI-domain capture	ACTIVE_GROUP_12_3NS_BUS_SKEW_AND_EXISTING_PROTOCOL_BARRIER	ACTIVE_GROUP_12_DESCRIPTOR_EPOCH_SOURCE_TO_AXI
WARN-CHG-0024	CDC-15	Warning	G2B_ONECH_C2H/axis_epoch_reg[9]/D	G2B_ONECH_C2H/desc_epoch_source_reg[3][9]/C	G2B_ONECH_C2H/desc_epoch_source_reg[0][9]/C	nvp_vclk1	userclk1	Max Delay Datapath Only	DESCRIPTOR_EPOCH_STABLE_PAYLOAD	descriptor_commit_completion_token	source descriptor completion followed by AXI-domain capture	ACTIVE_GROUP_12_3NS_BUS_SKEW_AND_EXISTING_PROTOCOL_BARRIER	ACTIVE_GROUP_12_DESCRIPTOR_EPOCH_SOURCE_TO_AXI
WARN-CHG-0025	CDC-15	Warning	G2B_ONECH_C2H/last_channel_axi_reg[0]/D	G2B_ONECH_C2H/reset_commit_phase_hold_source_reg[1]/C	G2B_ONECH_C2H/reset_commit_phase_hold_source_reg[0]/C	nvp_vclk1	userclk1	Max Delay Datapath Only	RESET_COMMIT_STABLE_PAYLOAD	commit_sync2_axi[3:0]_completion_barrier	transport request/ack plus synchronized four-slot commit equality	GROUP_13_EARLIEST_USE_GE_32NS_AND_6NS_SETTLING_CAP	GROUP_13_CHECK_5_RESET_COMMIT_PHASE_COMPLETION_BARRIER
WARN-CHG-0026	CDC-15	Warning	G2B_ONECH_C2H/last_channel_axi_reg[10]/D	G2B_ONECH_C2H/reset_commit_phase_hold_source_reg[1]/C	G2B_ONECH_C2H/reset_commit_phase_hold_source_reg[0]/C	nvp_vclk1	userclk1	Max Delay Datapath Only	RESET_COMMIT_STABLE_PAYLOAD	commit_sync2_axi[3:0]_completion_barrier	transport request/ack plus synchronized four-slot commit equality	GROUP_13_EARLIEST_USE_GE_32NS_AND_6NS_SETTLING_CAP	GROUP_13_CHECK_5_RESET_COMMIT_PHASE_COMPLETION_BARRIER
WARN-CHG-0027	CDC-15	Warning	G2B_ONECH_C2H/last_channel_axi_reg[11]/D	G2B_ONECH_C2H/reset_commit_phase_hold_source_reg[1]/C	G2B_ONECH_C2H/reset_commit_phase_hold_source_reg[0]/C	nvp_vclk1	userclk1	Max Delay Datapath Only	RESET_COMMIT_STABLE_PAYLOAD	commit_sync2_axi[3:0]_completion_barrier	transport request/ack plus synchronized four-slot commit equality	GROUP_13_EARLIEST_USE_GE_32NS_AND_6NS_SETTLING_CAP	GROUP_13_CHECK_5_RESET_COMMIT_PHASE_COMPLETION_BARRIER
WARN-CHG-0028	CDC-15	Warning	G2B_ONECH_C2H/last_channel_axi_reg[12]/D	G2B_ONECH_C2H/reset_commit_phase_hold_source_reg[1]/C	G2B_ONECH_C2H/reset_commit_phase_hold_source_reg[0]/C	nvp_vclk1	userclk1	Max Delay Datapath Only	RESET_COMMIT_STABLE_PAYLOAD	commit_sync2_axi[3:0]_completion_barrier	transport request/ack plus synchronized four-slot commit equality	GROUP_13_EARLIEST_USE_GE_32NS_AND_6NS_SETTLING_CAP	GROUP_13_CHECK_5_RESET_COMMIT_PHASE_COMPLETION_BARRIER
WARN-CHG-0029	CDC-15	Warning	G2B_ONECH_C2H/last_channel_axi_reg[13]/D	G2B_ONECH_C2H/reset_commit_phase_hold_source_reg[1]/C	G2B_ONECH_C2H/reset_commit_phase_hold_source_reg[0]/C	nvp_vclk1	userclk1	Max Delay Datapath Only	RESET_COMMIT_STABLE_PAYLOAD	commit_sync2_axi[3:0]_completion_barrier	transport request/ack plus synchronized four-slot commit equality	GROUP_13_EARLIEST_USE_GE_32NS_AND_6NS_SETTLING_CAP	GROUP_13_CHECK_5_RESET_COMMIT_PHASE_COMPLETION_BARRIER
WARN-CHG-0030	CDC-15	Warning	G2B_ONECH_C2H/last_channel_axi_reg[14]/D	G2B_ONECH_C2H/reset_commit_phase_hold_source_reg[1]/C	G2B_ONECH_C2H/reset_commit_phase_hold_source_reg[0]/C	nvp_vclk1	userclk1	Max Delay Datapath Only	RESET_COMMIT_STABLE_PAYLOAD	commit_sync2_axi[3:0]_completion_barrier	transport request/ack plus synchronized four-slot commit equality	GROUP_13_EARLIEST_USE_GE_32NS_AND_6NS_SETTLING_CAP	GROUP_13_CHECK_5_RESET_COMMIT_PHASE_COMPLETION_BARRIER
WARN-CHG-0031	CDC-15	Warning	G2B_ONECH_C2H/last_channel_axi_reg[15]/D	G2B_ONECH_C2H/reset_commit_phase_hold_source_reg[1]/C	G2B_ONECH_C2H/reset_commit_phase_hold_source_reg[0]/C	nvp_vclk1	userclk1	Max Delay Datapath Only	RESET_COMMIT_STABLE_PAYLOAD	commit_sync2_axi[3:0]_completion_barrier	transport request/ack plus synchronized four-slot commit equality	GROUP_13_EARLIEST_USE_GE_32NS_AND_6NS_SETTLING_CAP	GROUP_13_CHECK_5_RESET_COMMIT_PHASE_COMPLETION_BARRIER
WARN-CHG-0032	CDC-15	Warning	G2B_ONECH_C2H/last_channel_axi_reg[16]/D	G2B_ONECH_C2H/reset_commit_phase_hold_source_reg[1]/C	G2B_ONECH_C2H/reset_commit_phase_hold_source_reg[0]/C	nvp_vclk1	userclk1	Max Delay Datapath Only	RESET_COMMIT_STABLE_PAYLOAD	commit_sync2_axi[3:0]_completion_barrier	transport request/ack plus synchronized four-slot commit equality	GROUP_13_EARLIEST_USE_GE_32NS_AND_6NS_SETTLING_CAP	GROUP_13_CHECK_5_RESET_COMMIT_PHASE_COMPLETION_BARRIER
WARN-CHG-0033	CDC-15	Warning	G2B_ONECH_C2H/last_channel_axi_reg[17]/D	G2B_ONECH_C2H/reset_commit_phase_hold_source_reg[1]/C	G2B_ONECH_C2H/reset_commit_phase_hold_source_reg[0]/C	nvp_vclk1	userclk1	Max Delay Datapath Only	RESET_COMMIT_STABLE_PAYLOAD	commit_sync2_axi[3:0]_completion_barrier	transport request/ack plus synchronized four-slot commit equality	GROUP_13_EARLIEST_USE_GE_32NS_AND_6NS_SETTLING_CAP	GROUP_13_CHECK_5_RESET_COMMIT_PHASE_COMPLETION_BARRIER
WARN-CHG-0034	CDC-15	Warning	G2B_ONECH_C2H/last_channel_axi_reg[18]/D	G2B_ONECH_C2H/reset_commit_phase_hold_source_reg[1]/C	G2B_ONECH_C2H/reset_commit_phase_hold_source_reg[0]/C	nvp_vclk1	userclk1	Max Delay Datapath Only	RESET_COMMIT_STABLE_PAYLOAD	commit_sync2_axi[3:0]_completion_barrier	transport request/ack plus synchronized four-slot commit equality	GROUP_13_EARLIEST_USE_GE_32NS_AND_6NS_SETTLING_CAP	GROUP_13_CHECK_5_RESET_COMMIT_PHASE_COMPLETION_BARRIER
WARN-CHG-0035	CDC-15	Warning	G2B_ONECH_C2H/last_channel_axi_reg[19]/D	G2B_ONECH_C2H/reset_commit_phase_hold_source_reg[1]/C	G2B_ONECH_C2H/reset_commit_phase_hold_source_reg[0]/C	nvp_vclk1	userclk1	Max Delay Datapath Only	RESET_COMMIT_STABLE_PAYLOAD	commit_sync2_axi[3:0]_completion_barrier	transport request/ack plus synchronized four-slot commit equality	GROUP_13_EARLIEST_USE_GE_32NS_AND_6NS_SETTLING_CAP	GROUP_13_CHECK_5_RESET_COMMIT_PHASE_COMPLETION_BARRIER
WARN-CHG-0036	CDC-15	Warning	G2B_ONECH_C2H/last_channel_axi_reg[1]/D	G2B_ONECH_C2H/reset_commit_phase_hold_source_reg[1]/C	G2B_ONECH_C2H/reset_commit_phase_hold_source_reg[0]/C	nvp_vclk1	userclk1	Max Delay Datapath Only	RESET_COMMIT_STABLE_PAYLOAD	commit_sync2_axi[3:0]_completion_barrier	transport request/ack plus synchronized four-slot commit equality	GROUP_13_EARLIEST_USE_GE_32NS_AND_6NS_SETTLING_CAP	GROUP_13_CHECK_5_RESET_COMMIT_PHASE_COMPLETION_BARRIER
WARN-CHG-0037	CDC-15	Warning	G2B_ONECH_C2H/last_channel_axi_reg[20]/D	G2B_ONECH_C2H/reset_commit_phase_hold_source_reg[1]/C	G2B_ONECH_C2H/reset_commit_phase_hold_source_reg[0]/C	nvp_vclk1	userclk1	Max Delay Datapath Only	RESET_COMMIT_STABLE_PAYLOAD	commit_sync2_axi[3:0]_completion_barrier	transport request/ack plus synchronized four-slot commit equality	GROUP_13_EARLIEST_USE_GE_32NS_AND_6NS_SETTLING_CAP	GROUP_13_CHECK_5_RESET_COMMIT_PHASE_COMPLETION_BARRIER
WARN-CHG-0038	CDC-15	Warning	G2B_ONECH_C2H/last_channel_axi_reg[21]/D	G2B_ONECH_C2H/reset_commit_phase_hold_source_reg[1]/C	G2B_ONECH_C2H/reset_commit_phase_hold_source_reg[0]/C	nvp_vclk1	userclk1	Max Delay Datapath Only	RESET_COMMIT_STABLE_PAYLOAD	commit_sync2_axi[3:0]_completion_barrier	transport request/ack plus synchronized four-slot commit equality	GROUP_13_EARLIEST_USE_GE_32NS_AND_6NS_SETTLING_CAP	GROUP_13_CHECK_5_RESET_COMMIT_PHASE_COMPLETION_BARRIER
WARN-CHG-0039	CDC-15	Warning	G2B_ONECH_C2H/last_channel_axi_reg[22]/D	G2B_ONECH_C2H/reset_commit_phase_hold_source_reg[1]/C	G2B_ONECH_C2H/reset_commit_phase_hold_source_reg[0]/C	nvp_vclk1	userclk1	Max Delay Datapath Only	RESET_COMMIT_STABLE_PAYLOAD	commit_sync2_axi[3:0]_completion_barrier	transport request/ack plus synchronized four-slot commit equality	GROUP_13_EARLIEST_USE_GE_32NS_AND_6NS_SETTLING_CAP	GROUP_13_CHECK_5_RESET_COMMIT_PHASE_COMPLETION_BARRIER
WARN-CHG-0040	CDC-15	Warning	G2B_ONECH_C2H/last_channel_axi_reg[23]/D	G2B_ONECH_C2H/reset_commit_phase_hold_source_reg[1]/C	G2B_ONECH_C2H/reset_commit_phase_hold_source_reg[0]/C	nvp_vclk1	userclk1	Max Delay Datapath Only	RESET_COMMIT_STABLE_PAYLOAD	commit_sync2_axi[3:0]_completion_barrier	transport request/ack plus synchronized four-slot commit equality	GROUP_13_EARLIEST_USE_GE_32NS_AND_6NS_SETTLING_CAP	GROUP_13_CHECK_5_RESET_COMMIT_PHASE_COMPLETION_BARRIER
WARN-CHG-0041	CDC-15	Warning	G2B_ONECH_C2H/last_channel_axi_reg[24]/D	G2B_ONECH_C2H/reset_commit_phase_hold_source_reg[1]/C	G2B_ONECH_C2H/reset_commit_phase_hold_source_reg[0]/C	nvp_vclk1	userclk1	Max Delay Datapath Only	RESET_COMMIT_STABLE_PAYLOAD	commit_sync2_axi[3:0]_completion_barrier	transport request/ack plus synchronized four-slot commit equality	GROUP_13_EARLIEST_USE_GE_32NS_AND_6NS_SETTLING_CAP	GROUP_13_CHECK_5_RESET_COMMIT_PHASE_COMPLETION_BARRIER
WARN-CHG-0042	CDC-15	Warning	G2B_ONECH_C2H/last_channel_axi_reg[25]/D	G2B_ONECH_C2H/reset_commit_phase_hold_source_reg[1]/C	G2B_ONECH_C2H/reset_commit_phase_hold_source_reg[0]/C	nvp_vclk1	userclk1	Max Delay Datapath Only	RESET_COMMIT_STABLE_PAYLOAD	commit_sync2_axi[3:0]_completion_barrier	transport request/ack plus synchronized four-slot commit equality	GROUP_13_EARLIEST_USE_GE_32NS_AND_6NS_SETTLING_CAP	GROUP_13_CHECK_5_RESET_COMMIT_PHASE_COMPLETION_BARRIER
WARN-CHG-0043	CDC-15	Warning	G2B_ONECH_C2H/last_channel_axi_reg[26]/D	G2B_ONECH_C2H/reset_commit_phase_hold_source_reg[1]/C	G2B_ONECH_C2H/reset_commit_phase_hold_source_reg[0]/C	nvp_vclk1	userclk1	Max Delay Datapath Only	RESET_COMMIT_STABLE_PAYLOAD	commit_sync2_axi[3:0]_completion_barrier	transport request/ack plus synchronized four-slot commit equality	GROUP_13_EARLIEST_USE_GE_32NS_AND_6NS_SETTLING_CAP	GROUP_13_CHECK_5_RESET_COMMIT_PHASE_COMPLETION_BARRIER
WARN-CHG-0044	CDC-15	Warning	G2B_ONECH_C2H/last_channel_axi_reg[27]/D	G2B_ONECH_C2H/reset_commit_phase_hold_source_reg[1]/C	G2B_ONECH_C2H/reset_commit_phase_hold_source_reg[0]/C	nvp_vclk1	userclk1	Max Delay Datapath Only	RESET_COMMIT_STABLE_PAYLOAD	commit_sync2_axi[3:0]_completion_barrier	transport request/ack plus synchronized four-slot commit equality	GROUP_13_EARLIEST_USE_GE_32NS_AND_6NS_SETTLING_CAP	GROUP_13_CHECK_5_RESET_COMMIT_PHASE_COMPLETION_BARRIER
WARN-CHG-0045	CDC-15	Warning	G2B_ONECH_C2H/last_channel_axi_reg[28]/D	G2B_ONECH_C2H/reset_commit_phase_hold_source_reg[1]/C	G2B_ONECH_C2H/reset_commit_phase_hold_source_reg[0]/C	nvp_vclk1	userclk1	Max Delay Datapath Only	RESET_COMMIT_STABLE_PAYLOAD	commit_sync2_axi[3:0]_completion_barrier	transport request/ack plus synchronized four-slot commit equality	GROUP_13_EARLIEST_USE_GE_32NS_AND_6NS_SETTLING_CAP	GROUP_13_CHECK_5_RESET_COMMIT_PHASE_COMPLETION_BARRIER
WARN-CHG-0046	CDC-15	Warning	G2B_ONECH_C2H/last_channel_axi_reg[29]/D	G2B_ONECH_C2H/reset_commit_phase_hold_source_reg[1]/C	G2B_ONECH_C2H/reset_commit_phase_hold_source_reg[0]/C	nvp_vclk1	userclk1	Max Delay Datapath Only	RESET_COMMIT_STABLE_PAYLOAD	commit_sync2_axi[3:0]_completion_barrier	transport request/ack plus synchronized four-slot commit equality	GROUP_13_EARLIEST_USE_GE_32NS_AND_6NS_SETTLING_CAP	GROUP_13_CHECK_5_RESET_COMMIT_PHASE_COMPLETION_BARRIER
WARN-CHG-0047	CDC-15	Warning	G2B_ONECH_C2H/last_channel_axi_reg[2]/D	G2B_ONECH_C2H/reset_commit_phase_hold_source_reg[1]/C	G2B_ONECH_C2H/reset_commit_phase_hold_source_reg[0]/C	nvp_vclk1	userclk1	Max Delay Datapath Only	RESET_COMMIT_STABLE_PAYLOAD	commit_sync2_axi[3:0]_completion_barrier	transport request/ack plus synchronized four-slot commit equality	GROUP_13_EARLIEST_USE_GE_32NS_AND_6NS_SETTLING_CAP	GROUP_13_CHECK_5_RESET_COMMIT_PHASE_COMPLETION_BARRIER
WARN-CHG-0048	CDC-15	Warning	G2B_ONECH_C2H/last_channel_axi_reg[30]/D	G2B_ONECH_C2H/reset_commit_phase_hold_source_reg[1]/C	G2B_ONECH_C2H/reset_commit_phase_hold_source_reg[0]/C	nvp_vclk1	userclk1	Max Delay Datapath Only	RESET_COMMIT_STABLE_PAYLOAD	commit_sync2_axi[3:0]_completion_barrier	transport request/ack plus synchronized four-slot commit equality	GROUP_13_EARLIEST_USE_GE_32NS_AND_6NS_SETTLING_CAP	GROUP_13_CHECK_5_RESET_COMMIT_PHASE_COMPLETION_BARRIER
WARN-CHG-0049	CDC-15	Warning	G2B_ONECH_C2H/last_channel_axi_reg[31]/D	G2B_ONECH_C2H/reset_commit_phase_hold_source_reg[1]/C	G2B_ONECH_C2H/reset_commit_phase_hold_source_reg[0]/C	nvp_vclk1	userclk1	Max Delay Datapath Only	RESET_COMMIT_STABLE_PAYLOAD	commit_sync2_axi[3:0]_completion_barrier	transport request/ack plus synchronized four-slot commit equality	GROUP_13_EARLIEST_USE_GE_32NS_AND_6NS_SETTLING_CAP	GROUP_13_CHECK_5_RESET_COMMIT_PHASE_COMPLETION_BARRIER
WARN-CHG-0050	CDC-15	Warning	G2B_ONECH_C2H/last_channel_axi_reg[3]/D	G2B_ONECH_C2H/reset_commit_phase_hold_source_reg[1]/C	G2B_ONECH_C2H/reset_commit_phase_hold_source_reg[0]/C	nvp_vclk1	userclk1	Max Delay Datapath Only	RESET_COMMIT_STABLE_PAYLOAD	commit_sync2_axi[3:0]_completion_barrier	transport request/ack plus synchronized four-slot commit equality	GROUP_13_EARLIEST_USE_GE_32NS_AND_6NS_SETTLING_CAP	GROUP_13_CHECK_5_RESET_COMMIT_PHASE_COMPLETION_BARRIER
WARN-CHG-0051	CDC-15	Warning	G2B_ONECH_C2H/last_channel_axi_reg[4]/D	G2B_ONECH_C2H/reset_commit_phase_hold_source_reg[1]/C	G2B_ONECH_C2H/reset_commit_phase_hold_source_reg[0]/C	nvp_vclk1	userclk1	Max Delay Datapath Only	RESET_COMMIT_STABLE_PAYLOAD	commit_sync2_axi[3:0]_completion_barrier	transport request/ack plus synchronized four-slot commit equality	GROUP_13_EARLIEST_USE_GE_32NS_AND_6NS_SETTLING_CAP	GROUP_13_CHECK_5_RESET_COMMIT_PHASE_COMPLETION_BARRIER
WARN-CHG-0052	CDC-15	Warning	G2B_ONECH_C2H/last_channel_axi_reg[5]/D	G2B_ONECH_C2H/reset_commit_phase_hold_source_reg[1]/C	G2B_ONECH_C2H/reset_commit_phase_hold_source_reg[0]/C	nvp_vclk1	userclk1	Max Delay Datapath Only	RESET_COMMIT_STABLE_PAYLOAD	commit_sync2_axi[3:0]_completion_barrier	transport request/ack plus synchronized four-slot commit equality	GROUP_13_EARLIEST_USE_GE_32NS_AND_6NS_SETTLING_CAP	GROUP_13_CHECK_5_RESET_COMMIT_PHASE_COMPLETION_BARRIER
WARN-CHG-0053	CDC-15	Warning	G2B_ONECH_C2H/last_channel_axi_reg[6]/D	G2B_ONECH_C2H/reset_commit_phase_hold_source_reg[1]/C	G2B_ONECH_C2H/reset_commit_phase_hold_source_reg[0]/C	nvp_vclk1	userclk1	Max Delay Datapath Only	RESET_COMMIT_STABLE_PAYLOAD	commit_sync2_axi[3:0]_completion_barrier	transport request/ack plus synchronized four-slot commit equality	GROUP_13_EARLIEST_USE_GE_32NS_AND_6NS_SETTLING_CAP	GROUP_13_CHECK_5_RESET_COMMIT_PHASE_COMPLETION_BARRIER
WARN-CHG-0054	CDC-15	Warning	G2B_ONECH_C2H/last_channel_axi_reg[7]/D	G2B_ONECH_C2H/reset_commit_phase_hold_source_reg[1]/C	G2B_ONECH_C2H/reset_commit_phase_hold_source_reg[0]/C	nvp_vclk1	userclk1	Max Delay Datapath Only	RESET_COMMIT_STABLE_PAYLOAD	commit_sync2_axi[3:0]_completion_barrier	transport request/ack plus synchronized four-slot commit equality	GROUP_13_EARLIEST_USE_GE_32NS_AND_6NS_SETTLING_CAP	GROUP_13_CHECK_5_RESET_COMMIT_PHASE_COMPLETION_BARRIER
WARN-CHG-0055	CDC-15	Warning	G2B_ONECH_C2H/last_channel_axi_reg[8]/D	G2B_ONECH_C2H/reset_commit_phase_hold_source_reg[1]/C	G2B_ONECH_C2H/reset_commit_phase_hold_source_reg[0]/C	nvp_vclk1	userclk1	Max Delay Datapath Only	RESET_COMMIT_STABLE_PAYLOAD	commit_sync2_axi[3:0]_completion_barrier	transport request/ack plus synchronized four-slot commit equality	GROUP_13_EARLIEST_USE_GE_32NS_AND_6NS_SETTLING_CAP	GROUP_13_CHECK_5_RESET_COMMIT_PHASE_COMPLETION_BARRIER
WARN-CHG-0056	CDC-15	Warning	G2B_ONECH_C2H/last_channel_axi_reg[9]/D	G2B_ONECH_C2H/reset_commit_phase_hold_source_reg[1]/C	G2B_ONECH_C2H/reset_commit_phase_hold_source_reg[0]/C	nvp_vclk1	userclk1	Max Delay Datapath Only	RESET_COMMIT_STABLE_PAYLOAD	commit_sync2_axi[3:0]_completion_barrier	transport request/ack plus synchronized four-slot commit equality	GROUP_13_EARLIEST_USE_GE_32NS_AND_6NS_SETTLING_CAP	GROUP_13_CHECK_5_RESET_COMMIT_PHASE_COMPLETION_BARRIER
WARN-CHG-0057	CDC-15	Warning	G2B_ONECH_C2H/last_global_axi_reg[0]/D	G2B_ONECH_C2H/reset_commit_phase_hold_source_reg[1]/C	G2B_ONECH_C2H/reset_commit_phase_hold_source_reg[0]/C	nvp_vclk1	userclk1	Max Delay Datapath Only	RESET_COMMIT_STABLE_PAYLOAD	commit_sync2_axi[3:0]_completion_barrier	transport request/ack plus synchronized four-slot commit equality	GROUP_13_EARLIEST_USE_GE_32NS_AND_6NS_SETTLING_CAP	GROUP_13_CHECK_5_RESET_COMMIT_PHASE_COMPLETION_BARRIER
WARN-CHG-0058	CDC-15	Warning	G2B_ONECH_C2H/last_global_axi_reg[10]/D	G2B_ONECH_C2H/reset_commit_phase_hold_source_reg[1]/C	G2B_ONECH_C2H/reset_commit_phase_hold_source_reg[0]/C	nvp_vclk1	userclk1	Max Delay Datapath Only	RESET_COMMIT_STABLE_PAYLOAD	commit_sync2_axi[3:0]_completion_barrier	transport request/ack plus synchronized four-slot commit equality	GROUP_13_EARLIEST_USE_GE_32NS_AND_6NS_SETTLING_CAP	GROUP_13_CHECK_5_RESET_COMMIT_PHASE_COMPLETION_BARRIER
WARN-CHG-0059	CDC-15	Warning	G2B_ONECH_C2H/last_global_axi_reg[11]/D	G2B_ONECH_C2H/reset_commit_phase_hold_source_reg[1]/C	G2B_ONECH_C2H/reset_commit_phase_hold_source_reg[0]/C	nvp_vclk1	userclk1	Max Delay Datapath Only	RESET_COMMIT_STABLE_PAYLOAD	commit_sync2_axi[3:0]_completion_barrier	transport request/ack plus synchronized four-slot commit equality	GROUP_13_EARLIEST_USE_GE_32NS_AND_6NS_SETTLING_CAP	GROUP_13_CHECK_5_RESET_COMMIT_PHASE_COMPLETION_BARRIER
WARN-CHG-0060	CDC-15	Warning	G2B_ONECH_C2H/last_global_axi_reg[12]/D	G2B_ONECH_C2H/reset_commit_phase_hold_source_reg[1]/C	G2B_ONECH_C2H/reset_commit_phase_hold_source_reg[0]/C	nvp_vclk1	userclk1	Max Delay Datapath Only	RESET_COMMIT_STABLE_PAYLOAD	commit_sync2_axi[3:0]_completion_barrier	transport request/ack plus synchronized four-slot commit equality	GROUP_13_EARLIEST_USE_GE_32NS_AND_6NS_SETTLING_CAP	GROUP_13_CHECK_5_RESET_COMMIT_PHASE_COMPLETION_BARRIER
WARN-CHG-0061	CDC-15	Warning	G2B_ONECH_C2H/last_global_axi_reg[13]/D	G2B_ONECH_C2H/reset_commit_phase_hold_source_reg[1]/C	G2B_ONECH_C2H/reset_commit_phase_hold_source_reg[0]/C	nvp_vclk1	userclk1	Max Delay Datapath Only	RESET_COMMIT_STABLE_PAYLOAD	commit_sync2_axi[3:0]_completion_barrier	transport request/ack plus synchronized four-slot commit equality	GROUP_13_EARLIEST_USE_GE_32NS_AND_6NS_SETTLING_CAP	GROUP_13_CHECK_5_RESET_COMMIT_PHASE_COMPLETION_BARRIER
WARN-CHG-0062	CDC-15	Warning	G2B_ONECH_C2H/last_global_axi_reg[14]/D	G2B_ONECH_C2H/reset_commit_phase_hold_source_reg[1]/C	G2B_ONECH_C2H/reset_commit_phase_hold_source_reg[0]/C	nvp_vclk1	userclk1	Max Delay Datapath Only	RESET_COMMIT_STABLE_PAYLOAD	commit_sync2_axi[3:0]_completion_barrier	transport request/ack plus synchronized four-slot commit equality	GROUP_13_EARLIEST_USE_GE_32NS_AND_6NS_SETTLING_CAP	GROUP_13_CHECK_5_RESET_COMMIT_PHASE_COMPLETION_BARRIER
WARN-CHG-0063	CDC-15	Warning	G2B_ONECH_C2H/last_global_axi_reg[15]/D	G2B_ONECH_C2H/reset_commit_phase_hold_source_reg[1]/C	G2B_ONECH_C2H/reset_commit_phase_hold_source_reg[0]/C	nvp_vclk1	userclk1	Max Delay Datapath Only	RESET_COMMIT_STABLE_PAYLOAD	commit_sync2_axi[3:0]_completion_barrier	transport request/ack plus synchronized four-slot commit equality	GROUP_13_EARLIEST_USE_GE_32NS_AND_6NS_SETTLING_CAP	GROUP_13_CHECK_5_RESET_COMMIT_PHASE_COMPLETION_BARRIER
WARN-CHG-0064	CDC-15	Warning	G2B_ONECH_C2H/last_global_axi_reg[16]/D	G2B_ONECH_C2H/reset_commit_phase_hold_source_reg[1]/C	G2B_ONECH_C2H/reset_commit_phase_hold_source_reg[0]/C	nvp_vclk1	userclk1	Max Delay Datapath Only	RESET_COMMIT_STABLE_PAYLOAD	commit_sync2_axi[3:0]_completion_barrier	transport request/ack plus synchronized four-slot commit equality	GROUP_13_EARLIEST_USE_GE_32NS_AND_6NS_SETTLING_CAP	GROUP_13_CHECK_5_RESET_COMMIT_PHASE_COMPLETION_BARRIER
WARN-CHG-0065	CDC-15	Warning	G2B_ONECH_C2H/last_global_axi_reg[17]/D	G2B_ONECH_C2H/reset_commit_phase_hold_source_reg[1]/C	G2B_ONECH_C2H/reset_commit_phase_hold_source_reg[0]/C	nvp_vclk1	userclk1	Max Delay Datapath Only	RESET_COMMIT_STABLE_PAYLOAD	commit_sync2_axi[3:0]_completion_barrier	transport request/ack plus synchronized four-slot commit equality	GROUP_13_EARLIEST_USE_GE_32NS_AND_6NS_SETTLING_CAP	GROUP_13_CHECK_5_RESET_COMMIT_PHASE_COMPLETION_BARRIER
WARN-CHG-0066	CDC-15	Warning	G2B_ONECH_C2H/last_global_axi_reg[18]/D	G2B_ONECH_C2H/reset_commit_phase_hold_source_reg[1]/C	G2B_ONECH_C2H/reset_commit_phase_hold_source_reg[0]/C	nvp_vclk1	userclk1	Max Delay Datapath Only	RESET_COMMIT_STABLE_PAYLOAD	commit_sync2_axi[3:0]_completion_barrier	transport request/ack plus synchronized four-slot commit equality	GROUP_13_EARLIEST_USE_GE_32NS_AND_6NS_SETTLING_CAP	GROUP_13_CHECK_5_RESET_COMMIT_PHASE_COMPLETION_BARRIER
WARN-CHG-0067	CDC-15	Warning	G2B_ONECH_C2H/last_global_axi_reg[19]/D	G2B_ONECH_C2H/reset_commit_phase_hold_source_reg[1]/C	G2B_ONECH_C2H/reset_commit_phase_hold_source_reg[0]/C	nvp_vclk1	userclk1	Max Delay Datapath Only	RESET_COMMIT_STABLE_PAYLOAD	commit_sync2_axi[3:0]_completion_barrier	transport request/ack plus synchronized four-slot commit equality	GROUP_13_EARLIEST_USE_GE_32NS_AND_6NS_SETTLING_CAP	GROUP_13_CHECK_5_RESET_COMMIT_PHASE_COMPLETION_BARRIER
WARN-CHG-0068	CDC-15	Warning	G2B_ONECH_C2H/last_global_axi_reg[1]/D	G2B_ONECH_C2H/reset_commit_phase_hold_source_reg[1]/C	G2B_ONECH_C2H/reset_commit_phase_hold_source_reg[0]/C	nvp_vclk1	userclk1	Max Delay Datapath Only	RESET_COMMIT_STABLE_PAYLOAD	commit_sync2_axi[3:0]_completion_barrier	transport request/ack plus synchronized four-slot commit equality	GROUP_13_EARLIEST_USE_GE_32NS_AND_6NS_SETTLING_CAP	GROUP_13_CHECK_5_RESET_COMMIT_PHASE_COMPLETION_BARRIER
WARN-CHG-0069	CDC-15	Warning	G2B_ONECH_C2H/last_global_axi_reg[20]/D	G2B_ONECH_C2H/reset_commit_phase_hold_source_reg[1]/C	G2B_ONECH_C2H/reset_commit_phase_hold_source_reg[0]/C	nvp_vclk1	userclk1	Max Delay Datapath Only	RESET_COMMIT_STABLE_PAYLOAD	commit_sync2_axi[3:0]_completion_barrier	transport request/ack plus synchronized four-slot commit equality	GROUP_13_EARLIEST_USE_GE_32NS_AND_6NS_SETTLING_CAP	GROUP_13_CHECK_5_RESET_COMMIT_PHASE_COMPLETION_BARRIER
WARN-CHG-0070	CDC-15	Warning	G2B_ONECH_C2H/last_global_axi_reg[21]/D	G2B_ONECH_C2H/reset_commit_phase_hold_source_reg[1]/C	G2B_ONECH_C2H/reset_commit_phase_hold_source_reg[0]/C	nvp_vclk1	userclk1	Max Delay Datapath Only	RESET_COMMIT_STABLE_PAYLOAD	commit_sync2_axi[3:0]_completion_barrier	transport request/ack plus synchronized four-slot commit equality	GROUP_13_EARLIEST_USE_GE_32NS_AND_6NS_SETTLING_CAP	GROUP_13_CHECK_5_RESET_COMMIT_PHASE_COMPLETION_BARRIER
WARN-CHG-0071	CDC-15	Warning	G2B_ONECH_C2H/last_global_axi_reg[22]/D	G2B_ONECH_C2H/reset_commit_phase_hold_source_reg[1]/C	G2B_ONECH_C2H/reset_commit_phase_hold_source_reg[0]/C	nvp_vclk1	userclk1	Max Delay Datapath Only	RESET_COMMIT_STABLE_PAYLOAD	commit_sync2_axi[3:0]_completion_barrier	transport request/ack plus synchronized four-slot commit equality	GROUP_13_EARLIEST_USE_GE_32NS_AND_6NS_SETTLING_CAP	GROUP_13_CHECK_5_RESET_COMMIT_PHASE_COMPLETION_BARRIER
WARN-CHG-0072	CDC-15	Warning	G2B_ONECH_C2H/last_global_axi_reg[23]/D	G2B_ONECH_C2H/reset_commit_phase_hold_source_reg[1]/C	G2B_ONECH_C2H/reset_commit_phase_hold_source_reg[0]/C	nvp_vclk1	userclk1	Max Delay Datapath Only	RESET_COMMIT_STABLE_PAYLOAD	commit_sync2_axi[3:0]_completion_barrier	transport request/ack plus synchronized four-slot commit equality	GROUP_13_EARLIEST_USE_GE_32NS_AND_6NS_SETTLING_CAP	GROUP_13_CHECK_5_RESET_COMMIT_PHASE_COMPLETION_BARRIER
WARN-CHG-0073	CDC-15	Warning	G2B_ONECH_C2H/last_global_axi_reg[24]/D	G2B_ONECH_C2H/reset_commit_phase_hold_source_reg[1]/C	G2B_ONECH_C2H/reset_commit_phase_hold_source_reg[0]/C	nvp_vclk1	userclk1	Max Delay Datapath Only	RESET_COMMIT_STABLE_PAYLOAD	commit_sync2_axi[3:0]_completion_barrier	transport request/ack plus synchronized four-slot commit equality	GROUP_13_EARLIEST_USE_GE_32NS_AND_6NS_SETTLING_CAP	GROUP_13_CHECK_5_RESET_COMMIT_PHASE_COMPLETION_BARRIER
WARN-CHG-0074	CDC-15	Warning	G2B_ONECH_C2H/last_global_axi_reg[25]/D	G2B_ONECH_C2H/reset_commit_phase_hold_source_reg[1]/C	G2B_ONECH_C2H/reset_commit_phase_hold_source_reg[0]/C	nvp_vclk1	userclk1	Max Delay Datapath Only	RESET_COMMIT_STABLE_PAYLOAD	commit_sync2_axi[3:0]_completion_barrier	transport request/ack plus synchronized four-slot commit equality	GROUP_13_EARLIEST_USE_GE_32NS_AND_6NS_SETTLING_CAP	GROUP_13_CHECK_5_RESET_COMMIT_PHASE_COMPLETION_BARRIER
WARN-CHG-0075	CDC-15	Warning	G2B_ONECH_C2H/last_global_axi_reg[26]/D	G2B_ONECH_C2H/reset_commit_phase_hold_source_reg[1]/C	G2B_ONECH_C2H/reset_commit_phase_hold_source_reg[0]/C	nvp_vclk1	userclk1	Max Delay Datapath Only	RESET_COMMIT_STABLE_PAYLOAD	commit_sync2_axi[3:0]_completion_barrier	transport request/ack plus synchronized four-slot commit equality	GROUP_13_EARLIEST_USE_GE_32NS_AND_6NS_SETTLING_CAP	GROUP_13_CHECK_5_RESET_COMMIT_PHASE_COMPLETION_BARRIER
WARN-CHG-0076	CDC-15	Warning	G2B_ONECH_C2H/last_global_axi_reg[27]/D	G2B_ONECH_C2H/reset_commit_phase_hold_source_reg[1]/C	G2B_ONECH_C2H/reset_commit_phase_hold_source_reg[0]/C	nvp_vclk1	userclk1	Max Delay Datapath Only	RESET_COMMIT_STABLE_PAYLOAD	commit_sync2_axi[3:0]_completion_barrier	transport request/ack plus synchronized four-slot commit equality	GROUP_13_EARLIEST_USE_GE_32NS_AND_6NS_SETTLING_CAP	GROUP_13_CHECK_5_RESET_COMMIT_PHASE_COMPLETION_BARRIER
WARN-CHG-0077	CDC-15	Warning	G2B_ONECH_C2H/last_global_axi_reg[28]/D	G2B_ONECH_C2H/reset_commit_phase_hold_source_reg[1]/C	G2B_ONECH_C2H/reset_commit_phase_hold_source_reg[0]/C	nvp_vclk1	userclk1	Max Delay Datapath Only	RESET_COMMIT_STABLE_PAYLOAD	commit_sync2_axi[3:0]_completion_barrier	transport request/ack plus synchronized four-slot commit equality	GROUP_13_EARLIEST_USE_GE_32NS_AND_6NS_SETTLING_CAP	GROUP_13_CHECK_5_RESET_COMMIT_PHASE_COMPLETION_BARRIER
WARN-CHG-0078	CDC-15	Warning	G2B_ONECH_C2H/last_global_axi_reg[29]/D	G2B_ONECH_C2H/reset_commit_phase_hold_source_reg[1]/C	G2B_ONECH_C2H/reset_commit_phase_hold_source_reg[0]/C	nvp_vclk1	userclk1	Max Delay Datapath Only	RESET_COMMIT_STABLE_PAYLOAD	commit_sync2_axi[3:0]_completion_barrier	transport request/ack plus synchronized four-slot commit equality	GROUP_13_EARLIEST_USE_GE_32NS_AND_6NS_SETTLING_CAP	GROUP_13_CHECK_5_RESET_COMMIT_PHASE_COMPLETION_BARRIER
WARN-CHG-0079	CDC-15	Warning	G2B_ONECH_C2H/last_global_axi_reg[2]/D	G2B_ONECH_C2H/reset_commit_phase_hold_source_reg[1]/C	G2B_ONECH_C2H/reset_commit_phase_hold_source_reg[0]/C	nvp_vclk1	userclk1	Max Delay Datapath Only	RESET_COMMIT_STABLE_PAYLOAD	commit_sync2_axi[3:0]_completion_barrier	transport request/ack plus synchronized four-slot commit equality	GROUP_13_EARLIEST_USE_GE_32NS_AND_6NS_SETTLING_CAP	GROUP_13_CHECK_5_RESET_COMMIT_PHASE_COMPLETION_BARRIER
WARN-CHG-0080	CDC-15	Warning	G2B_ONECH_C2H/last_global_axi_reg[30]/D	G2B_ONECH_C2H/reset_commit_phase_hold_source_reg[1]/C	G2B_ONECH_C2H/reset_commit_phase_hold_source_reg[0]/C	nvp_vclk1	userclk1	Max Delay Datapath Only	RESET_COMMIT_STABLE_PAYLOAD	commit_sync2_axi[3:0]_completion_barrier	transport request/ack plus synchronized four-slot commit equality	GROUP_13_EARLIEST_USE_GE_32NS_AND_6NS_SETTLING_CAP	GROUP_13_CHECK_5_RESET_COMMIT_PHASE_COMPLETION_BARRIER
WARN-CHG-0081	CDC-15	Warning	G2B_ONECH_C2H/last_global_axi_reg[31]/D	G2B_ONECH_C2H/reset_commit_phase_hold_source_reg[1]/C	G2B_ONECH_C2H/reset_commit_phase_hold_source_reg[0]/C	nvp_vclk1	userclk1	Max Delay Datapath Only	RESET_COMMIT_STABLE_PAYLOAD	commit_sync2_axi[3:0]_completion_barrier	transport request/ack plus synchronized four-slot commit equality	GROUP_13_EARLIEST_USE_GE_32NS_AND_6NS_SETTLING_CAP	GROUP_13_CHECK_5_RESET_COMMIT_PHASE_COMPLETION_BARRIER
WARN-CHG-0082	CDC-15	Warning	G2B_ONECH_C2H/last_global_axi_reg[3]/D	G2B_ONECH_C2H/reset_commit_phase_hold_source_reg[1]/C	G2B_ONECH_C2H/reset_commit_phase_hold_source_reg[0]/C	nvp_vclk1	userclk1	Max Delay Datapath Only	RESET_COMMIT_STABLE_PAYLOAD	commit_sync2_axi[3:0]_completion_barrier	transport request/ack plus synchronized four-slot commit equality	GROUP_13_EARLIEST_USE_GE_32NS_AND_6NS_SETTLING_CAP	GROUP_13_CHECK_5_RESET_COMMIT_PHASE_COMPLETION_BARRIER
WARN-CHG-0083	CDC-15	Warning	G2B_ONECH_C2H/last_global_axi_reg[4]/D	G2B_ONECH_C2H/reset_commit_phase_hold_source_reg[1]/C	G2B_ONECH_C2H/reset_commit_phase_hold_source_reg[0]/C	nvp_vclk1	userclk1	Max Delay Datapath Only	RESET_COMMIT_STABLE_PAYLOAD	commit_sync2_axi[3:0]_completion_barrier	transport request/ack plus synchronized four-slot commit equality	GROUP_13_EARLIEST_USE_GE_32NS_AND_6NS_SETTLING_CAP	GROUP_13_CHECK_5_RESET_COMMIT_PHASE_COMPLETION_BARRIER
WARN-CHG-0084	CDC-15	Warning	G2B_ONECH_C2H/last_global_axi_reg[5]/D	G2B_ONECH_C2H/reset_commit_phase_hold_source_reg[1]/C	G2B_ONECH_C2H/reset_commit_phase_hold_source_reg[0]/C	nvp_vclk1	userclk1	Max Delay Datapath Only	RESET_COMMIT_STABLE_PAYLOAD	commit_sync2_axi[3:0]_completion_barrier	transport request/ack plus synchronized four-slot commit equality	GROUP_13_EARLIEST_USE_GE_32NS_AND_6NS_SETTLING_CAP	GROUP_13_CHECK_5_RESET_COMMIT_PHASE_COMPLETION_BARRIER
WARN-CHG-0085	CDC-15	Warning	G2B_ONECH_C2H/last_global_axi_reg[6]/D	G2B_ONECH_C2H/reset_commit_phase_hold_source_reg[1]/C	G2B_ONECH_C2H/reset_commit_phase_hold_source_reg[0]/C	nvp_vclk1	userclk1	Max Delay Datapath Only	RESET_COMMIT_STABLE_PAYLOAD	commit_sync2_axi[3:0]_completion_barrier	transport request/ack plus synchronized four-slot commit equality	GROUP_13_EARLIEST_USE_GE_32NS_AND_6NS_SETTLING_CAP	GROUP_13_CHECK_5_RESET_COMMIT_PHASE_COMPLETION_BARRIER
WARN-CHG-0086	CDC-15	Warning	G2B_ONECH_C2H/last_global_axi_reg[7]/D	G2B_ONECH_C2H/reset_commit_phase_hold_source_reg[1]/C	G2B_ONECH_C2H/reset_commit_phase_hold_source_reg[0]/C	nvp_vclk1	userclk1	Max Delay Datapath Only	RESET_COMMIT_STABLE_PAYLOAD	commit_sync2_axi[3:0]_completion_barrier	transport request/ack plus synchronized four-slot commit equality	GROUP_13_EARLIEST_USE_GE_32NS_AND_6NS_SETTLING_CAP	GROUP_13_CHECK_5_RESET_COMMIT_PHASE_COMPLETION_BARRIER
WARN-CHG-0087	CDC-15	Warning	G2B_ONECH_C2H/last_global_axi_reg[8]/D	G2B_ONECH_C2H/reset_commit_phase_hold_source_reg[1]/C	G2B_ONECH_C2H/reset_commit_phase_hold_source_reg[0]/C	nvp_vclk1	userclk1	Max Delay Datapath Only	RESET_COMMIT_STABLE_PAYLOAD	commit_sync2_axi[3:0]_completion_barrier	transport request/ack plus synchronized four-slot commit equality	GROUP_13_EARLIEST_USE_GE_32NS_AND_6NS_SETTLING_CAP	GROUP_13_CHECK_5_RESET_COMMIT_PHASE_COMPLETION_BARRIER
WARN-CHG-0088	CDC-15	Warning	G2B_ONECH_C2H/last_global_axi_reg[9]/D	G2B_ONECH_C2H/reset_commit_phase_hold_source_reg[1]/C	G2B_ONECH_C2H/reset_commit_phase_hold_source_reg[0]/C	nvp_vclk1	userclk1	Max Delay Datapath Only	RESET_COMMIT_STABLE_PAYLOAD	commit_sync2_axi[3:0]_completion_barrier	transport request/ack plus synchronized four-slot commit equality	GROUP_13_EARLIEST_USE_GE_32NS_AND_6NS_SETTLING_CAP	GROUP_13_CHECK_5_RESET_COMMIT_PHASE_COMPLETION_BARRIER
WARN-CHG-0089	CDC-15	Warning	G2B_ONECH_C2H/records_abandoned_axi_reg[10]/D	G2B_ONECH_C2H/reset_abandoned_hold_source_reg[0]/C	G2B_ONECH_C2H/reset_abandoned_hold_source_reg[2]/C	nvp_vclk1	userclk1	Max Delay Datapath Only	RESET_ABANDONED_COUNT_STABLE_PAYLOAD	transport_ack_sync2_axi_and_commit_sync2_axi_completion	transport request/ack plus synchronized commit completion	GROUP_13_EARLIEST_USE_GE_32NS_AND_6NS_SETTLING_CAP	GROUP_13_CHECK_4_RESET_ABANDONED_COUNT_STABLE_PAYLOAD
WARN-CHG-0090	CDC-15	Warning	G2B_ONECH_C2H/records_abandoned_axi_reg[11]/D	G2B_ONECH_C2H/reset_abandoned_hold_source_reg[0]/C	G2B_ONECH_C2H/reset_abandoned_hold_source_reg[2]/C	nvp_vclk1	userclk1	Max Delay Datapath Only	RESET_ABANDONED_COUNT_STABLE_PAYLOAD	transport_ack_sync2_axi_and_commit_sync2_axi_completion	transport request/ack plus synchronized commit completion	GROUP_13_EARLIEST_USE_GE_32NS_AND_6NS_SETTLING_CAP	GROUP_13_CHECK_4_RESET_ABANDONED_COUNT_STABLE_PAYLOAD
WARN-CHG-0091	CDC-15	Warning	G2B_ONECH_C2H/records_abandoned_axi_reg[12]/D	G2B_ONECH_C2H/reset_abandoned_hold_source_reg[0]/C	G2B_ONECH_C2H/reset_abandoned_hold_source_reg[2]/C	nvp_vclk1	userclk1	Max Delay Datapath Only	RESET_ABANDONED_COUNT_STABLE_PAYLOAD	transport_ack_sync2_axi_and_commit_sync2_axi_completion	transport request/ack plus synchronized commit completion	GROUP_13_EARLIEST_USE_GE_32NS_AND_6NS_SETTLING_CAP	GROUP_13_CHECK_4_RESET_ABANDONED_COUNT_STABLE_PAYLOAD
WARN-CHG-0092	CDC-15	Warning	G2B_ONECH_C2H/records_abandoned_axi_reg[13]/D	G2B_ONECH_C2H/reset_abandoned_hold_source_reg[0]/C	G2B_ONECH_C2H/reset_abandoned_hold_source_reg[2]/C	nvp_vclk1	userclk1	Max Delay Datapath Only	RESET_ABANDONED_COUNT_STABLE_PAYLOAD	transport_ack_sync2_axi_and_commit_sync2_axi_completion	transport request/ack plus synchronized commit completion	GROUP_13_EARLIEST_USE_GE_32NS_AND_6NS_SETTLING_CAP	GROUP_13_CHECK_4_RESET_ABANDONED_COUNT_STABLE_PAYLOAD
WARN-CHG-0093	CDC-15	Warning	G2B_ONECH_C2H/records_abandoned_axi_reg[14]/D	G2B_ONECH_C2H/reset_abandoned_hold_source_reg[0]/C	G2B_ONECH_C2H/reset_abandoned_hold_source_reg[2]/C	nvp_vclk1	userclk1	Max Delay Datapath Only	RESET_ABANDONED_COUNT_STABLE_PAYLOAD	transport_ack_sync2_axi_and_commit_sync2_axi_completion	transport request/ack plus synchronized commit completion	GROUP_13_EARLIEST_USE_GE_32NS_AND_6NS_SETTLING_CAP	GROUP_13_CHECK_4_RESET_ABANDONED_COUNT_STABLE_PAYLOAD
WARN-CHG-0094	CDC-15	Warning	G2B_ONECH_C2H/records_abandoned_axi_reg[15]/D	G2B_ONECH_C2H/reset_abandoned_hold_source_reg[0]/C	G2B_ONECH_C2H/reset_abandoned_hold_source_reg[2]/C	nvp_vclk1	userclk1	Max Delay Datapath Only	RESET_ABANDONED_COUNT_STABLE_PAYLOAD	transport_ack_sync2_axi_and_commit_sync2_axi_completion	transport request/ack plus synchronized commit completion	GROUP_13_EARLIEST_USE_GE_32NS_AND_6NS_SETTLING_CAP	GROUP_13_CHECK_4_RESET_ABANDONED_COUNT_STABLE_PAYLOAD
WARN-CHG-0095	CDC-15	Warning	G2B_ONECH_C2H/records_abandoned_axi_reg[16]/D	G2B_ONECH_C2H/reset_abandoned_hold_source_reg[0]/C	G2B_ONECH_C2H/reset_abandoned_hold_source_reg[2]/C	nvp_vclk1	userclk1	Max Delay Datapath Only	RESET_ABANDONED_COUNT_STABLE_PAYLOAD	transport_ack_sync2_axi_and_commit_sync2_axi_completion	transport request/ack plus synchronized commit completion	GROUP_13_EARLIEST_USE_GE_32NS_AND_6NS_SETTLING_CAP	GROUP_13_CHECK_4_RESET_ABANDONED_COUNT_STABLE_PAYLOAD
WARN-CHG-0096	CDC-15	Warning	G2B_ONECH_C2H/records_abandoned_axi_reg[17]/D	G2B_ONECH_C2H/reset_abandoned_hold_source_reg[0]/C	G2B_ONECH_C2H/reset_abandoned_hold_source_reg[2]/C	nvp_vclk1	userclk1	Max Delay Datapath Only	RESET_ABANDONED_COUNT_STABLE_PAYLOAD	transport_ack_sync2_axi_and_commit_sync2_axi_completion	transport request/ack plus synchronized commit completion	GROUP_13_EARLIEST_USE_GE_32NS_AND_6NS_SETTLING_CAP	GROUP_13_CHECK_4_RESET_ABANDONED_COUNT_STABLE_PAYLOAD
WARN-CHG-0097	CDC-15	Warning	G2B_ONECH_C2H/records_abandoned_axi_reg[18]/D	G2B_ONECH_C2H/reset_abandoned_hold_source_reg[0]/C	G2B_ONECH_C2H/reset_abandoned_hold_source_reg[2]/C	nvp_vclk1	userclk1	Max Delay Datapath Only	RESET_ABANDONED_COUNT_STABLE_PAYLOAD	transport_ack_sync2_axi_and_commit_sync2_axi_completion	transport request/ack plus synchronized commit completion	GROUP_13_EARLIEST_USE_GE_32NS_AND_6NS_SETTLING_CAP	GROUP_13_CHECK_4_RESET_ABANDONED_COUNT_STABLE_PAYLOAD
WARN-CHG-0098	CDC-15	Warning	G2B_ONECH_C2H/records_abandoned_axi_reg[19]/D	G2B_ONECH_C2H/reset_abandoned_hold_source_reg[0]/C	G2B_ONECH_C2H/reset_abandoned_hold_source_reg[2]/C	nvp_vclk1	userclk1	Max Delay Datapath Only	RESET_ABANDONED_COUNT_STABLE_PAYLOAD	transport_ack_sync2_axi_and_commit_sync2_axi_completion	transport request/ack plus synchronized commit completion	GROUP_13_EARLIEST_USE_GE_32NS_AND_6NS_SETTLING_CAP	GROUP_13_CHECK_4_RESET_ABANDONED_COUNT_STABLE_PAYLOAD
WARN-CHG-0099	CDC-15	Warning	G2B_ONECH_C2H/records_abandoned_axi_reg[20]/D	G2B_ONECH_C2H/reset_abandoned_hold_source_reg[0]/C	G2B_ONECH_C2H/reset_abandoned_hold_source_reg[2]/C	nvp_vclk1	userclk1	Max Delay Datapath Only	RESET_ABANDONED_COUNT_STABLE_PAYLOAD	transport_ack_sync2_axi_and_commit_sync2_axi_completion	transport request/ack plus synchronized commit completion	GROUP_13_EARLIEST_USE_GE_32NS_AND_6NS_SETTLING_CAP	GROUP_13_CHECK_4_RESET_ABANDONED_COUNT_STABLE_PAYLOAD
WARN-CHG-0100	CDC-15	Warning	G2B_ONECH_C2H/records_abandoned_axi_reg[21]/D	G2B_ONECH_C2H/reset_abandoned_hold_source_reg[0]/C	G2B_ONECH_C2H/reset_abandoned_hold_source_reg[2]/C	nvp_vclk1	userclk1	Max Delay Datapath Only	RESET_ABANDONED_COUNT_STABLE_PAYLOAD	transport_ack_sync2_axi_and_commit_sync2_axi_completion	transport request/ack plus synchronized commit completion	GROUP_13_EARLIEST_USE_GE_32NS_AND_6NS_SETTLING_CAP	GROUP_13_CHECK_4_RESET_ABANDONED_COUNT_STABLE_PAYLOAD
WARN-CHG-0101	CDC-15	Warning	G2B_ONECH_C2H/records_abandoned_axi_reg[22]/D	G2B_ONECH_C2H/reset_abandoned_hold_source_reg[0]/C	G2B_ONECH_C2H/reset_abandoned_hold_source_reg[2]/C	nvp_vclk1	userclk1	Max Delay Datapath Only	RESET_ABANDONED_COUNT_STABLE_PAYLOAD	transport_ack_sync2_axi_and_commit_sync2_axi_completion	transport request/ack plus synchronized commit completion	GROUP_13_EARLIEST_USE_GE_32NS_AND_6NS_SETTLING_CAP	GROUP_13_CHECK_4_RESET_ABANDONED_COUNT_STABLE_PAYLOAD
WARN-CHG-0102	CDC-15	Warning	G2B_ONECH_C2H/records_abandoned_axi_reg[23]/D	G2B_ONECH_C2H/reset_abandoned_hold_source_reg[0]/C	G2B_ONECH_C2H/reset_abandoned_hold_source_reg[2]/C	nvp_vclk1	userclk1	Max Delay Datapath Only	RESET_ABANDONED_COUNT_STABLE_PAYLOAD	transport_ack_sync2_axi_and_commit_sync2_axi_completion	transport request/ack plus synchronized commit completion	GROUP_13_EARLIEST_USE_GE_32NS_AND_6NS_SETTLING_CAP	GROUP_13_CHECK_4_RESET_ABANDONED_COUNT_STABLE_PAYLOAD
WARN-CHG-0103	CDC-15	Warning	G2B_ONECH_C2H/records_abandoned_axi_reg[24]/D	G2B_ONECH_C2H/reset_abandoned_hold_source_reg[0]/C	G2B_ONECH_C2H/reset_abandoned_hold_source_reg[2]/C	nvp_vclk1	userclk1	Max Delay Datapath Only	RESET_ABANDONED_COUNT_STABLE_PAYLOAD	transport_ack_sync2_axi_and_commit_sync2_axi_completion	transport request/ack plus synchronized commit completion	GROUP_13_EARLIEST_USE_GE_32NS_AND_6NS_SETTLING_CAP	GROUP_13_CHECK_4_RESET_ABANDONED_COUNT_STABLE_PAYLOAD
WARN-CHG-0104	CDC-15	Warning	G2B_ONECH_C2H/records_abandoned_axi_reg[25]/D	G2B_ONECH_C2H/reset_abandoned_hold_source_reg[0]/C	G2B_ONECH_C2H/reset_abandoned_hold_source_reg[2]/C	nvp_vclk1	userclk1	Max Delay Datapath Only	RESET_ABANDONED_COUNT_STABLE_PAYLOAD	transport_ack_sync2_axi_and_commit_sync2_axi_completion	transport request/ack plus synchronized commit completion	GROUP_13_EARLIEST_USE_GE_32NS_AND_6NS_SETTLING_CAP	GROUP_13_CHECK_4_RESET_ABANDONED_COUNT_STABLE_PAYLOAD
WARN-CHG-0105	CDC-15	Warning	G2B_ONECH_C2H/records_abandoned_axi_reg[26]/D	G2B_ONECH_C2H/reset_abandoned_hold_source_reg[0]/C	G2B_ONECH_C2H/reset_abandoned_hold_source_reg[2]/C	nvp_vclk1	userclk1	Max Delay Datapath Only	RESET_ABANDONED_COUNT_STABLE_PAYLOAD	transport_ack_sync2_axi_and_commit_sync2_axi_completion	transport request/ack plus synchronized commit completion	GROUP_13_EARLIEST_USE_GE_32NS_AND_6NS_SETTLING_CAP	GROUP_13_CHECK_4_RESET_ABANDONED_COUNT_STABLE_PAYLOAD
WARN-CHG-0106	CDC-15	Warning	G2B_ONECH_C2H/records_abandoned_axi_reg[27]/D	G2B_ONECH_C2H/reset_abandoned_hold_source_reg[0]/C	G2B_ONECH_C2H/reset_abandoned_hold_source_reg[2]/C	nvp_vclk1	userclk1	Max Delay Datapath Only	RESET_ABANDONED_COUNT_STABLE_PAYLOAD	transport_ack_sync2_axi_and_commit_sync2_axi_completion	transport request/ack plus synchronized commit completion	GROUP_13_EARLIEST_USE_GE_32NS_AND_6NS_SETTLING_CAP	GROUP_13_CHECK_4_RESET_ABANDONED_COUNT_STABLE_PAYLOAD
WARN-CHG-0107	CDC-15	Warning	G2B_ONECH_C2H/records_abandoned_axi_reg[28]/D	G2B_ONECH_C2H/reset_abandoned_hold_source_reg[0]/C	G2B_ONECH_C2H/reset_abandoned_hold_source_reg[2]/C	nvp_vclk1	userclk1	Max Delay Datapath Only	RESET_ABANDONED_COUNT_STABLE_PAYLOAD	transport_ack_sync2_axi_and_commit_sync2_axi_completion	transport request/ack plus synchronized commit completion	GROUP_13_EARLIEST_USE_GE_32NS_AND_6NS_SETTLING_CAP	GROUP_13_CHECK_4_RESET_ABANDONED_COUNT_STABLE_PAYLOAD
WARN-CHG-0108	CDC-15	Warning	G2B_ONECH_C2H/records_abandoned_axi_reg[29]/D	G2B_ONECH_C2H/reset_abandoned_hold_source_reg[0]/C	G2B_ONECH_C2H/reset_abandoned_hold_source_reg[2]/C	nvp_vclk1	userclk1	Max Delay Datapath Only	RESET_ABANDONED_COUNT_STABLE_PAYLOAD	transport_ack_sync2_axi_and_commit_sync2_axi_completion	transport request/ack plus synchronized commit completion	GROUP_13_EARLIEST_USE_GE_32NS_AND_6NS_SETTLING_CAP	GROUP_13_CHECK_4_RESET_ABANDONED_COUNT_STABLE_PAYLOAD
WARN-CHG-0109	CDC-15	Warning	G2B_ONECH_C2H/records_abandoned_axi_reg[2]/D	G2B_ONECH_C2H/reset_abandoned_hold_source_reg[0]/C	G2B_ONECH_C2H/reset_abandoned_hold_source_reg[1]/C	nvp_vclk1	userclk1	Max Delay Datapath Only	RESET_ABANDONED_COUNT_STABLE_PAYLOAD	transport_ack_sync2_axi_and_commit_sync2_axi_completion	transport request/ack plus synchronized commit completion	GROUP_13_EARLIEST_USE_GE_32NS_AND_6NS_SETTLING_CAP	GROUP_13_CHECK_4_RESET_ABANDONED_COUNT_STABLE_PAYLOAD
WARN-CHG-0110	CDC-15	Warning	G2B_ONECH_C2H/records_abandoned_axi_reg[30]/D	G2B_ONECH_C2H/reset_abandoned_hold_source_reg[0]/C	G2B_ONECH_C2H/reset_abandoned_hold_source_reg[2]/C	nvp_vclk1	userclk1	Max Delay Datapath Only	RESET_ABANDONED_COUNT_STABLE_PAYLOAD	transport_ack_sync2_axi_and_commit_sync2_axi_completion	transport request/ack plus synchronized commit completion	GROUP_13_EARLIEST_USE_GE_32NS_AND_6NS_SETTLING_CAP	GROUP_13_CHECK_4_RESET_ABANDONED_COUNT_STABLE_PAYLOAD
WARN-CHG-0111	CDC-15	Warning	G2B_ONECH_C2H/records_abandoned_axi_reg[31]/D	G2B_ONECH_C2H/reset_abandoned_hold_source_reg[0]/C	G2B_ONECH_C2H/reset_abandoned_hold_source_reg[2]/C	nvp_vclk1	userclk1	Max Delay Datapath Only	RESET_ABANDONED_COUNT_STABLE_PAYLOAD	transport_ack_sync2_axi_and_commit_sync2_axi_completion	transport request/ack plus synchronized commit completion	GROUP_13_EARLIEST_USE_GE_32NS_AND_6NS_SETTLING_CAP	GROUP_13_CHECK_4_RESET_ABANDONED_COUNT_STABLE_PAYLOAD
WARN-CHG-0112	CDC-15	Warning	G2B_ONECH_C2H/records_abandoned_axi_reg[3]/D	G2B_ONECH_C2H/reset_abandoned_hold_source_reg[0]/C	G2B_ONECH_C2H/reset_abandoned_hold_source_reg[1]/C	nvp_vclk1	userclk1	Max Delay Datapath Only	RESET_ABANDONED_COUNT_STABLE_PAYLOAD	transport_ack_sync2_axi_and_commit_sync2_axi_completion	transport request/ack plus synchronized commit completion	GROUP_13_EARLIEST_USE_GE_32NS_AND_6NS_SETTLING_CAP	GROUP_13_CHECK_4_RESET_ABANDONED_COUNT_STABLE_PAYLOAD
WARN-CHG-0113	CDC-15	Warning	G2B_ONECH_C2H/records_abandoned_axi_reg[4]/D	G2B_ONECH_C2H/reset_abandoned_hold_source_reg[0]/C	G2B_ONECH_C2H/reset_abandoned_hold_source_reg[2]/C	nvp_vclk1	userclk1	Max Delay Datapath Only	RESET_ABANDONED_COUNT_STABLE_PAYLOAD	transport_ack_sync2_axi_and_commit_sync2_axi_completion	transport request/ack plus synchronized commit completion	GROUP_13_EARLIEST_USE_GE_32NS_AND_6NS_SETTLING_CAP	GROUP_13_CHECK_4_RESET_ABANDONED_COUNT_STABLE_PAYLOAD
WARN-CHG-0114	CDC-15	Warning	G2B_ONECH_C2H/records_abandoned_axi_reg[5]/D	G2B_ONECH_C2H/reset_abandoned_hold_source_reg[0]/C	G2B_ONECH_C2H/reset_abandoned_hold_source_reg[2]/C	nvp_vclk1	userclk1	Max Delay Datapath Only	RESET_ABANDONED_COUNT_STABLE_PAYLOAD	transport_ack_sync2_axi_and_commit_sync2_axi_completion	transport request/ack plus synchronized commit completion	GROUP_13_EARLIEST_USE_GE_32NS_AND_6NS_SETTLING_CAP	GROUP_13_CHECK_4_RESET_ABANDONED_COUNT_STABLE_PAYLOAD
WARN-CHG-0115	CDC-15	Warning	G2B_ONECH_C2H/records_abandoned_axi_reg[6]/D	G2B_ONECH_C2H/reset_abandoned_hold_source_reg[0]/C	G2B_ONECH_C2H/reset_abandoned_hold_source_reg[2]/C	nvp_vclk1	userclk1	Max Delay Datapath Only	RESET_ABANDONED_COUNT_STABLE_PAYLOAD	transport_ack_sync2_axi_and_commit_sync2_axi_completion	transport request/ack plus synchronized commit completion	GROUP_13_EARLIEST_USE_GE_32NS_AND_6NS_SETTLING_CAP	GROUP_13_CHECK_4_RESET_ABANDONED_COUNT_STABLE_PAYLOAD
WARN-CHG-0116	CDC-15	Warning	G2B_ONECH_C2H/records_abandoned_axi_reg[7]/D	G2B_ONECH_C2H/reset_abandoned_hold_source_reg[0]/C	G2B_ONECH_C2H/reset_abandoned_hold_source_reg[2]/C	nvp_vclk1	userclk1	Max Delay Datapath Only	RESET_ABANDONED_COUNT_STABLE_PAYLOAD	transport_ack_sync2_axi_and_commit_sync2_axi_completion	transport request/ack plus synchronized commit completion	GROUP_13_EARLIEST_USE_GE_32NS_AND_6NS_SETTLING_CAP	GROUP_13_CHECK_4_RESET_ABANDONED_COUNT_STABLE_PAYLOAD
WARN-CHG-0117	CDC-15	Warning	G2B_ONECH_C2H/records_abandoned_axi_reg[8]/D	G2B_ONECH_C2H/reset_abandoned_hold_source_reg[0]/C	G2B_ONECH_C2H/reset_abandoned_hold_source_reg[2]/C	nvp_vclk1	userclk1	Max Delay Datapath Only	RESET_ABANDONED_COUNT_STABLE_PAYLOAD	transport_ack_sync2_axi_and_commit_sync2_axi_completion	transport request/ack plus synchronized commit completion	GROUP_13_EARLIEST_USE_GE_32NS_AND_6NS_SETTLING_CAP	GROUP_13_CHECK_4_RESET_ABANDONED_COUNT_STABLE_PAYLOAD
WARN-CHG-0118	CDC-15	Warning	G2B_ONECH_C2H/records_abandoned_axi_reg[9]/D	G2B_ONECH_C2H/reset_abandoned_hold_source_reg[0]/C	G2B_ONECH_C2H/reset_abandoned_hold_source_reg[2]/C	nvp_vclk1	userclk1	Max Delay Datapath Only	RESET_ABANDONED_COUNT_STABLE_PAYLOAD	transport_ack_sync2_axi_and_commit_sync2_axi_completion	transport request/ack plus synchronized commit completion	GROUP_13_EARLIEST_USE_GE_32NS_AND_6NS_SETTLING_CAP	GROUP_13_CHECK_4_RESET_ABANDONED_COUNT_STABLE_PAYLOAD
WARN-CHG-0119	CDC-15	Warning	G2B_ONECH_C2H/reset_events_axi_reg[10]/R	G2B_ONECH_C2H/reset_commit_phase_hold_source_reg[1]/C	G2B_ONECH_C2H/reset_commit_phase_hold_source_reg[0]/C	nvp_vclk1	userclk1	Max Delay Datapath Only	RESET_COMMIT_STABLE_PAYLOAD	commit_sync2_axi[3:0]_completion_barrier	transport request/ack plus synchronized four-slot commit equality	GROUP_13_EARLIEST_USE_GE_32NS_AND_6NS_SETTLING_CAP	GROUP_13_CHECK_5_RESET_COMMIT_PHASE_COMPLETION_BARRIER
WARN-CHG-0120	CDC-15	Warning	G2B_ONECH_C2H/reset_events_axi_reg[11]/R	G2B_ONECH_C2H/reset_commit_phase_hold_source_reg[1]/C	G2B_ONECH_C2H/reset_commit_phase_hold_source_reg[0]/C	nvp_vclk1	userclk1	Max Delay Datapath Only	RESET_COMMIT_STABLE_PAYLOAD	commit_sync2_axi[3:0]_completion_barrier	transport request/ack plus synchronized four-slot commit equality	GROUP_13_EARLIEST_USE_GE_32NS_AND_6NS_SETTLING_CAP	GROUP_13_CHECK_5_RESET_COMMIT_PHASE_COMPLETION_BARRIER
WARN-CHG-0121	CDC-15	Warning	G2B_ONECH_C2H/reset_events_axi_reg[12]/R	G2B_ONECH_C2H/reset_commit_phase_hold_source_reg[1]/C	G2B_ONECH_C2H/reset_commit_phase_hold_source_reg[0]/C	nvp_vclk1	userclk1	Max Delay Datapath Only	RESET_COMMIT_STABLE_PAYLOAD	commit_sync2_axi[3:0]_completion_barrier	transport request/ack plus synchronized four-slot commit equality	GROUP_13_EARLIEST_USE_GE_32NS_AND_6NS_SETTLING_CAP	GROUP_13_CHECK_5_RESET_COMMIT_PHASE_COMPLETION_BARRIER
WARN-CHG-0122	CDC-15	Warning	G2B_ONECH_C2H/reset_events_axi_reg[13]/R	G2B_ONECH_C2H/reset_commit_phase_hold_source_reg[1]/C	G2B_ONECH_C2H/reset_commit_phase_hold_source_reg[0]/C	nvp_vclk1	userclk1	Max Delay Datapath Only	RESET_COMMIT_STABLE_PAYLOAD	commit_sync2_axi[3:0]_completion_barrier	transport request/ack plus synchronized four-slot commit equality	GROUP_13_EARLIEST_USE_GE_32NS_AND_6NS_SETTLING_CAP	GROUP_13_CHECK_5_RESET_COMMIT_PHASE_COMPLETION_BARRIER
WARN-CHG-0123	CDC-15	Warning	G2B_ONECH_C2H/reset_events_axi_reg[14]/R	G2B_ONECH_C2H/reset_commit_phase_hold_source_reg[1]/C	G2B_ONECH_C2H/reset_commit_phase_hold_source_reg[0]/C	nvp_vclk1	userclk1	Max Delay Datapath Only	RESET_COMMIT_STABLE_PAYLOAD	commit_sync2_axi[3:0]_completion_barrier	transport request/ack plus synchronized four-slot commit equality	GROUP_13_EARLIEST_USE_GE_32NS_AND_6NS_SETTLING_CAP	GROUP_13_CHECK_5_RESET_COMMIT_PHASE_COMPLETION_BARRIER
WARN-CHG-0124	CDC-15	Warning	G2B_ONECH_C2H/reset_events_axi_reg[15]/R	G2B_ONECH_C2H/reset_commit_phase_hold_source_reg[1]/C	G2B_ONECH_C2H/reset_commit_phase_hold_source_reg[0]/C	nvp_vclk1	userclk1	Max Delay Datapath Only	RESET_COMMIT_STABLE_PAYLOAD	commit_sync2_axi[3:0]_completion_barrier	transport request/ack plus synchronized four-slot commit equality	GROUP_13_EARLIEST_USE_GE_32NS_AND_6NS_SETTLING_CAP	GROUP_13_CHECK_5_RESET_COMMIT_PHASE_COMPLETION_BARRIER
WARN-CHG-0125	CDC-15	Warning	G2B_ONECH_C2H/reset_events_axi_reg[16]/R	G2B_ONECH_C2H/reset_commit_phase_hold_source_reg[1]/C	G2B_ONECH_C2H/reset_commit_phase_hold_source_reg[0]/C	nvp_vclk1	userclk1	Max Delay Datapath Only	RESET_COMMIT_STABLE_PAYLOAD	commit_sync2_axi[3:0]_completion_barrier	transport request/ack plus synchronized four-slot commit equality	GROUP_13_EARLIEST_USE_GE_32NS_AND_6NS_SETTLING_CAP	GROUP_13_CHECK_5_RESET_COMMIT_PHASE_COMPLETION_BARRIER
WARN-CHG-0126	CDC-15	Warning	G2B_ONECH_C2H/reset_events_axi_reg[17]/R	G2B_ONECH_C2H/reset_commit_phase_hold_source_reg[1]/C	G2B_ONECH_C2H/reset_commit_phase_hold_source_reg[0]/C	nvp_vclk1	userclk1	Max Delay Datapath Only	RESET_COMMIT_STABLE_PAYLOAD	commit_sync2_axi[3:0]_completion_barrier	transport request/ack plus synchronized four-slot commit equality	GROUP_13_EARLIEST_USE_GE_32NS_AND_6NS_SETTLING_CAP	GROUP_13_CHECK_5_RESET_COMMIT_PHASE_COMPLETION_BARRIER
WARN-CHG-0127	CDC-15	Warning	G2B_ONECH_C2H/reset_events_axi_reg[18]/R	G2B_ONECH_C2H/reset_commit_phase_hold_source_reg[1]/C	G2B_ONECH_C2H/reset_commit_phase_hold_source_reg[0]/C	nvp_vclk1	userclk1	Max Delay Datapath Only	RESET_COMMIT_STABLE_PAYLOAD	commit_sync2_axi[3:0]_completion_barrier	transport request/ack plus synchronized four-slot commit equality	GROUP_13_EARLIEST_USE_GE_32NS_AND_6NS_SETTLING_CAP	GROUP_13_CHECK_5_RESET_COMMIT_PHASE_COMPLETION_BARRIER
WARN-CHG-0128	CDC-15	Warning	G2B_ONECH_C2H/reset_events_axi_reg[19]/R	G2B_ONECH_C2H/reset_commit_phase_hold_source_reg[1]/C	G2B_ONECH_C2H/reset_commit_phase_hold_source_reg[0]/C	nvp_vclk1	userclk1	Max Delay Datapath Only	RESET_COMMIT_STABLE_PAYLOAD	commit_sync2_axi[3:0]_completion_barrier	transport request/ack plus synchronized four-slot commit equality	GROUP_13_EARLIEST_USE_GE_32NS_AND_6NS_SETTLING_CAP	GROUP_13_CHECK_5_RESET_COMMIT_PHASE_COMPLETION_BARRIER
WARN-CHG-0129	CDC-15	Warning	G2B_ONECH_C2H/reset_events_axi_reg[1]/R	G2B_ONECH_C2H/reset_commit_phase_hold_source_reg[1]/C	G2B_ONECH_C2H/reset_commit_phase_hold_source_reg[0]/C	nvp_vclk1	userclk1	Max Delay Datapath Only	RESET_COMMIT_STABLE_PAYLOAD	commit_sync2_axi[3:0]_completion_barrier	transport request/ack plus synchronized four-slot commit equality	GROUP_13_EARLIEST_USE_GE_32NS_AND_6NS_SETTLING_CAP	GROUP_13_CHECK_5_RESET_COMMIT_PHASE_COMPLETION_BARRIER
WARN-CHG-0130	CDC-15	Warning	G2B_ONECH_C2H/reset_events_axi_reg[20]/R	G2B_ONECH_C2H/reset_commit_phase_hold_source_reg[1]/C	G2B_ONECH_C2H/reset_commit_phase_hold_source_reg[0]/C	nvp_vclk1	userclk1	Max Delay Datapath Only	RESET_COMMIT_STABLE_PAYLOAD	commit_sync2_axi[3:0]_completion_barrier	transport request/ack plus synchronized four-slot commit equality	GROUP_13_EARLIEST_USE_GE_32NS_AND_6NS_SETTLING_CAP	GROUP_13_CHECK_5_RESET_COMMIT_PHASE_COMPLETION_BARRIER
WARN-CHG-0131	CDC-15	Warning	G2B_ONECH_C2H/reset_events_axi_reg[21]/R	G2B_ONECH_C2H/reset_commit_phase_hold_source_reg[1]/C	G2B_ONECH_C2H/reset_commit_phase_hold_source_reg[0]/C	nvp_vclk1	userclk1	Max Delay Datapath Only	RESET_COMMIT_STABLE_PAYLOAD	commit_sync2_axi[3:0]_completion_barrier	transport request/ack plus synchronized four-slot commit equality	GROUP_13_EARLIEST_USE_GE_32NS_AND_6NS_SETTLING_CAP	GROUP_13_CHECK_5_RESET_COMMIT_PHASE_COMPLETION_BARRIER
WARN-CHG-0132	CDC-15	Warning	G2B_ONECH_C2H/reset_events_axi_reg[22]/R	G2B_ONECH_C2H/reset_commit_phase_hold_source_reg[1]/C	G2B_ONECH_C2H/reset_commit_phase_hold_source_reg[0]/C	nvp_vclk1	userclk1	Max Delay Datapath Only	RESET_COMMIT_STABLE_PAYLOAD	commit_sync2_axi[3:0]_completion_barrier	transport request/ack plus synchronized four-slot commit equality	GROUP_13_EARLIEST_USE_GE_32NS_AND_6NS_SETTLING_CAP	GROUP_13_CHECK_5_RESET_COMMIT_PHASE_COMPLETION_BARRIER
WARN-CHG-0133	CDC-15	Warning	G2B_ONECH_C2H/reset_events_axi_reg[23]/R	G2B_ONECH_C2H/reset_commit_phase_hold_source_reg[1]/C	G2B_ONECH_C2H/reset_commit_phase_hold_source_reg[0]/C	nvp_vclk1	userclk1	Max Delay Datapath Only	RESET_COMMIT_STABLE_PAYLOAD	commit_sync2_axi[3:0]_completion_barrier	transport request/ack plus synchronized four-slot commit equality	GROUP_13_EARLIEST_USE_GE_32NS_AND_6NS_SETTLING_CAP	GROUP_13_CHECK_5_RESET_COMMIT_PHASE_COMPLETION_BARRIER
WARN-CHG-0134	CDC-15	Warning	G2B_ONECH_C2H/reset_events_axi_reg[24]/R	G2B_ONECH_C2H/reset_commit_phase_hold_source_reg[1]/C	G2B_ONECH_C2H/reset_commit_phase_hold_source_reg[0]/C	nvp_vclk1	userclk1	Max Delay Datapath Only	RESET_COMMIT_STABLE_PAYLOAD	commit_sync2_axi[3:0]_completion_barrier	transport request/ack plus synchronized four-slot commit equality	GROUP_13_EARLIEST_USE_GE_32NS_AND_6NS_SETTLING_CAP	GROUP_13_CHECK_5_RESET_COMMIT_PHASE_COMPLETION_BARRIER
WARN-CHG-0135	CDC-15	Warning	G2B_ONECH_C2H/reset_events_axi_reg[25]/R	G2B_ONECH_C2H/reset_commit_phase_hold_source_reg[1]/C	G2B_ONECH_C2H/reset_commit_phase_hold_source_reg[0]/C	nvp_vclk1	userclk1	Max Delay Datapath Only	RESET_COMMIT_STABLE_PAYLOAD	commit_sync2_axi[3:0]_completion_barrier	transport request/ack plus synchronized four-slot commit equality	GROUP_13_EARLIEST_USE_GE_32NS_AND_6NS_SETTLING_CAP	GROUP_13_CHECK_5_RESET_COMMIT_PHASE_COMPLETION_BARRIER
WARN-CHG-0136	CDC-15	Warning	G2B_ONECH_C2H/reset_events_axi_reg[26]/R	G2B_ONECH_C2H/reset_commit_phase_hold_source_reg[1]/C	G2B_ONECH_C2H/reset_commit_phase_hold_source_reg[0]/C	nvp_vclk1	userclk1	Max Delay Datapath Only	RESET_COMMIT_STABLE_PAYLOAD	commit_sync2_axi[3:0]_completion_barrier	transport request/ack plus synchronized four-slot commit equality	GROUP_13_EARLIEST_USE_GE_32NS_AND_6NS_SETTLING_CAP	GROUP_13_CHECK_5_RESET_COMMIT_PHASE_COMPLETION_BARRIER
WARN-CHG-0137	CDC-15	Warning	G2B_ONECH_C2H/reset_events_axi_reg[27]/R	G2B_ONECH_C2H/reset_commit_phase_hold_source_reg[1]/C	G2B_ONECH_C2H/reset_commit_phase_hold_source_reg[0]/C	nvp_vclk1	userclk1	Max Delay Datapath Only	RESET_COMMIT_STABLE_PAYLOAD	commit_sync2_axi[3:0]_completion_barrier	transport request/ack plus synchronized four-slot commit equality	GROUP_13_EARLIEST_USE_GE_32NS_AND_6NS_SETTLING_CAP	GROUP_13_CHECK_5_RESET_COMMIT_PHASE_COMPLETION_BARRIER
WARN-CHG-0138	CDC-15	Warning	G2B_ONECH_C2H/reset_events_axi_reg[28]/R	G2B_ONECH_C2H/reset_commit_phase_hold_source_reg[1]/C	G2B_ONECH_C2H/reset_commit_phase_hold_source_reg[0]/C	nvp_vclk1	userclk1	Max Delay Datapath Only	RESET_COMMIT_STABLE_PAYLOAD	commit_sync2_axi[3:0]_completion_barrier	transport request/ack plus synchronized four-slot commit equality	GROUP_13_EARLIEST_USE_GE_32NS_AND_6NS_SETTLING_CAP	GROUP_13_CHECK_5_RESET_COMMIT_PHASE_COMPLETION_BARRIER
WARN-CHG-0139	CDC-15	Warning	G2B_ONECH_C2H/reset_events_axi_reg[29]/R	G2B_ONECH_C2H/reset_commit_phase_hold_source_reg[1]/C	G2B_ONECH_C2H/reset_commit_phase_hold_source_reg[0]/C	nvp_vclk1	userclk1	Max Delay Datapath Only	RESET_COMMIT_STABLE_PAYLOAD	commit_sync2_axi[3:0]_completion_barrier	transport request/ack plus synchronized four-slot commit equality	GROUP_13_EARLIEST_USE_GE_32NS_AND_6NS_SETTLING_CAP	GROUP_13_CHECK_5_RESET_COMMIT_PHASE_COMPLETION_BARRIER
WARN-CHG-0140	CDC-15	Warning	G2B_ONECH_C2H/reset_events_axi_reg[2]/R	G2B_ONECH_C2H/reset_commit_phase_hold_source_reg[1]/C	G2B_ONECH_C2H/reset_commit_phase_hold_source_reg[0]/C	nvp_vclk1	userclk1	Max Delay Datapath Only	RESET_COMMIT_STABLE_PAYLOAD	commit_sync2_axi[3:0]_completion_barrier	transport request/ack plus synchronized four-slot commit equality	GROUP_13_EARLIEST_USE_GE_32NS_AND_6NS_SETTLING_CAP	GROUP_13_CHECK_5_RESET_COMMIT_PHASE_COMPLETION_BARRIER
WARN-CHG-0141	CDC-15	Warning	G2B_ONECH_C2H/reset_events_axi_reg[30]/R	G2B_ONECH_C2H/reset_commit_phase_hold_source_reg[1]/C	G2B_ONECH_C2H/reset_commit_phase_hold_source_reg[0]/C	nvp_vclk1	userclk1	Max Delay Datapath Only	RESET_COMMIT_STABLE_PAYLOAD	commit_sync2_axi[3:0]_completion_barrier	transport request/ack plus synchronized four-slot commit equality	GROUP_13_EARLIEST_USE_GE_32NS_AND_6NS_SETTLING_CAP	GROUP_13_CHECK_5_RESET_COMMIT_PHASE_COMPLETION_BARRIER
WARN-CHG-0142	CDC-15	Warning	G2B_ONECH_C2H/reset_events_axi_reg[31]/R	G2B_ONECH_C2H/reset_commit_phase_hold_source_reg[1]/C	G2B_ONECH_C2H/reset_commit_phase_hold_source_reg[0]/C	nvp_vclk1	userclk1	Max Delay Datapath Only	RESET_COMMIT_STABLE_PAYLOAD	commit_sync2_axi[3:0]_completion_barrier	transport request/ack plus synchronized four-slot commit equality	GROUP_13_EARLIEST_USE_GE_32NS_AND_6NS_SETTLING_CAP	GROUP_13_CHECK_5_RESET_COMMIT_PHASE_COMPLETION_BARRIER
WARN-CHG-0143	CDC-15	Warning	G2B_ONECH_C2H/reset_events_axi_reg[3]/R	G2B_ONECH_C2H/reset_commit_phase_hold_source_reg[1]/C	G2B_ONECH_C2H/reset_commit_phase_hold_source_reg[0]/C	nvp_vclk1	userclk1	Max Delay Datapath Only	RESET_COMMIT_STABLE_PAYLOAD	commit_sync2_axi[3:0]_completion_barrier	transport request/ack plus synchronized four-slot commit equality	GROUP_13_EARLIEST_USE_GE_32NS_AND_6NS_SETTLING_CAP	GROUP_13_CHECK_5_RESET_COMMIT_PHASE_COMPLETION_BARRIER
WARN-CHG-0144	CDC-15	Warning	G2B_ONECH_C2H/reset_events_axi_reg[4]/R	G2B_ONECH_C2H/reset_commit_phase_hold_source_reg[1]/C	G2B_ONECH_C2H/reset_commit_phase_hold_source_reg[0]/C	nvp_vclk1	userclk1	Max Delay Datapath Only	RESET_COMMIT_STABLE_PAYLOAD	commit_sync2_axi[3:0]_completion_barrier	transport request/ack plus synchronized four-slot commit equality	GROUP_13_EARLIEST_USE_GE_32NS_AND_6NS_SETTLING_CAP	GROUP_13_CHECK_5_RESET_COMMIT_PHASE_COMPLETION_BARRIER
WARN-CHG-0145	CDC-15	Warning	G2B_ONECH_C2H/reset_events_axi_reg[5]/R	G2B_ONECH_C2H/reset_commit_phase_hold_source_reg[1]/C	G2B_ONECH_C2H/reset_commit_phase_hold_source_reg[0]/C	nvp_vclk1	userclk1	Max Delay Datapath Only	RESET_COMMIT_STABLE_PAYLOAD	commit_sync2_axi[3:0]_completion_barrier	transport request/ack plus synchronized four-slot commit equality	GROUP_13_EARLIEST_USE_GE_32NS_AND_6NS_SETTLING_CAP	GROUP_13_CHECK_5_RESET_COMMIT_PHASE_COMPLETION_BARRIER
WARN-CHG-0146	CDC-15	Warning	G2B_ONECH_C2H/reset_events_axi_reg[6]/R	G2B_ONECH_C2H/reset_commit_phase_hold_source_reg[1]/C	G2B_ONECH_C2H/reset_commit_phase_hold_source_reg[0]/C	nvp_vclk1	userclk1	Max Delay Datapath Only	RESET_COMMIT_STABLE_PAYLOAD	commit_sync2_axi[3:0]_completion_barrier	transport request/ack plus synchronized four-slot commit equality	GROUP_13_EARLIEST_USE_GE_32NS_AND_6NS_SETTLING_CAP	GROUP_13_CHECK_5_RESET_COMMIT_PHASE_COMPLETION_BARRIER
WARN-CHG-0147	CDC-15	Warning	G2B_ONECH_C2H/reset_events_axi_reg[7]/R	G2B_ONECH_C2H/reset_commit_phase_hold_source_reg[1]/C	G2B_ONECH_C2H/reset_commit_phase_hold_source_reg[0]/C	nvp_vclk1	userclk1	Max Delay Datapath Only	RESET_COMMIT_STABLE_PAYLOAD	commit_sync2_axi[3:0]_completion_barrier	transport request/ack plus synchronized four-slot commit equality	GROUP_13_EARLIEST_USE_GE_32NS_AND_6NS_SETTLING_CAP	GROUP_13_CHECK_5_RESET_COMMIT_PHASE_COMPLETION_BARRIER
WARN-CHG-0148	CDC-15	Warning	G2B_ONECH_C2H/reset_events_axi_reg[8]/R	G2B_ONECH_C2H/reset_commit_phase_hold_source_reg[1]/C	G2B_ONECH_C2H/reset_commit_phase_hold_source_reg[0]/C	nvp_vclk1	userclk1	Max Delay Datapath Only	RESET_COMMIT_STABLE_PAYLOAD	commit_sync2_axi[3:0]_completion_barrier	transport request/ack plus synchronized four-slot commit equality	GROUP_13_EARLIEST_USE_GE_32NS_AND_6NS_SETTLING_CAP	GROUP_13_CHECK_5_RESET_COMMIT_PHASE_COMPLETION_BARRIER
WARN-CHG-0149	CDC-15	Warning	G2B_ONECH_C2H/reset_events_axi_reg[9]/R	G2B_ONECH_C2H/reset_commit_phase_hold_source_reg[1]/C	G2B_ONECH_C2H/reset_commit_phase_hold_source_reg[0]/C	nvp_vclk1	userclk1	Max Delay Datapath Only	RESET_COMMIT_STABLE_PAYLOAD	commit_sync2_axi[3:0]_completion_barrier	transport request/ack plus synchronized four-slot commit equality	GROUP_13_EARLIEST_USE_GE_32NS_AND_6NS_SETTLING_CAP	GROUP_13_CHECK_5_RESET_COMMIT_PHASE_COMPLETION_BARRIER
WARN-CHG-0150	CDC-15	Warning	G2B_ONECH_C2H/shadow_last_channel_reg[0]/D	G2B_ONECH_C2H/reset_commit_phase_hold_source_reg[1]/C	G2B_ONECH_C2H/reset_commit_phase_hold_source_reg[0]/C	nvp_vclk1	userclk1	Max Delay Datapath Only	RESET_COMMIT_STABLE_PAYLOAD	commit_sync2_axi[3:0]_completion_barrier	transport request/ack plus synchronized four-slot commit equality	GROUP_13_EARLIEST_USE_GE_32NS_AND_6NS_SETTLING_CAP	GROUP_13_CHECK_5_RESET_COMMIT_PHASE_COMPLETION_BARRIER
WARN-CHG-0151	CDC-15	Warning	G2B_ONECH_C2H/shadow_last_channel_reg[10]/D	G2B_ONECH_C2H/reset_commit_phase_hold_source_reg[1]/C	G2B_ONECH_C2H/reset_commit_phase_hold_source_reg[0]/C	nvp_vclk1	userclk1	Max Delay Datapath Only	RESET_COMMIT_STABLE_PAYLOAD	commit_sync2_axi[3:0]_completion_barrier	transport request/ack plus synchronized four-slot commit equality	GROUP_13_EARLIEST_USE_GE_32NS_AND_6NS_SETTLING_CAP	GROUP_13_CHECK_5_RESET_COMMIT_PHASE_COMPLETION_BARRIER
WARN-CHG-0152	CDC-15	Warning	G2B_ONECH_C2H/shadow_last_channel_reg[11]/D	G2B_ONECH_C2H/reset_commit_phase_hold_source_reg[1]/C	G2B_ONECH_C2H/reset_commit_phase_hold_source_reg[0]/C	nvp_vclk1	userclk1	Max Delay Datapath Only	RESET_COMMIT_STABLE_PAYLOAD	commit_sync2_axi[3:0]_completion_barrier	transport request/ack plus synchronized four-slot commit equality	GROUP_13_EARLIEST_USE_GE_32NS_AND_6NS_SETTLING_CAP	GROUP_13_CHECK_5_RESET_COMMIT_PHASE_COMPLETION_BARRIER
WARN-CHG-0153	CDC-15	Warning	G2B_ONECH_C2H/shadow_last_channel_reg[12]/D	G2B_ONECH_C2H/reset_commit_phase_hold_source_reg[1]/C	G2B_ONECH_C2H/reset_commit_phase_hold_source_reg[0]/C	nvp_vclk1	userclk1	Max Delay Datapath Only	RESET_COMMIT_STABLE_PAYLOAD	commit_sync2_axi[3:0]_completion_barrier	transport request/ack plus synchronized four-slot commit equality	GROUP_13_EARLIEST_USE_GE_32NS_AND_6NS_SETTLING_CAP	GROUP_13_CHECK_5_RESET_COMMIT_PHASE_COMPLETION_BARRIER
WARN-CHG-0154	CDC-15	Warning	G2B_ONECH_C2H/shadow_last_channel_reg[13]/D	G2B_ONECH_C2H/reset_commit_phase_hold_source_reg[1]/C	G2B_ONECH_C2H/reset_commit_phase_hold_source_reg[0]/C	nvp_vclk1	userclk1	Max Delay Datapath Only	RESET_COMMIT_STABLE_PAYLOAD	commit_sync2_axi[3:0]_completion_barrier	transport request/ack plus synchronized four-slot commit equality	GROUP_13_EARLIEST_USE_GE_32NS_AND_6NS_SETTLING_CAP	GROUP_13_CHECK_5_RESET_COMMIT_PHASE_COMPLETION_BARRIER
WARN-CHG-0155	CDC-15	Warning	G2B_ONECH_C2H/shadow_last_channel_reg[14]/D	G2B_ONECH_C2H/reset_commit_phase_hold_source_reg[1]/C	G2B_ONECH_C2H/reset_commit_phase_hold_source_reg[0]/C	nvp_vclk1	userclk1	Max Delay Datapath Only	RESET_COMMIT_STABLE_PAYLOAD	commit_sync2_axi[3:0]_completion_barrier	transport request/ack plus synchronized four-slot commit equality	GROUP_13_EARLIEST_USE_GE_32NS_AND_6NS_SETTLING_CAP	GROUP_13_CHECK_5_RESET_COMMIT_PHASE_COMPLETION_BARRIER
WARN-CHG-0156	CDC-15	Warning	G2B_ONECH_C2H/shadow_last_channel_reg[15]/D	G2B_ONECH_C2H/reset_commit_phase_hold_source_reg[1]/C	G2B_ONECH_C2H/reset_commit_phase_hold_source_reg[0]/C	nvp_vclk1	userclk1	Max Delay Datapath Only	RESET_COMMIT_STABLE_PAYLOAD	commit_sync2_axi[3:0]_completion_barrier	transport request/ack plus synchronized four-slot commit equality	GROUP_13_EARLIEST_USE_GE_32NS_AND_6NS_SETTLING_CAP	GROUP_13_CHECK_5_RESET_COMMIT_PHASE_COMPLETION_BARRIER
WARN-CHG-0157	CDC-15	Warning	G2B_ONECH_C2H/shadow_last_channel_reg[16]/D	G2B_ONECH_C2H/reset_commit_phase_hold_source_reg[1]/C	G2B_ONECH_C2H/reset_commit_phase_hold_source_reg[0]/C	nvp_vclk1	userclk1	Max Delay Datapath Only	RESET_COMMIT_STABLE_PAYLOAD	commit_sync2_axi[3:0]_completion_barrier	transport request/ack plus synchronized four-slot commit equality	GROUP_13_EARLIEST_USE_GE_32NS_AND_6NS_SETTLING_CAP	GROUP_13_CHECK_5_RESET_COMMIT_PHASE_COMPLETION_BARRIER
WARN-CHG-0158	CDC-15	Warning	G2B_ONECH_C2H/shadow_last_channel_reg[17]/D	G2B_ONECH_C2H/reset_commit_phase_hold_source_reg[1]/C	G2B_ONECH_C2H/reset_commit_phase_hold_source_reg[0]/C	nvp_vclk1	userclk1	Max Delay Datapath Only	RESET_COMMIT_STABLE_PAYLOAD	commit_sync2_axi[3:0]_completion_barrier	transport request/ack plus synchronized four-slot commit equality	GROUP_13_EARLIEST_USE_GE_32NS_AND_6NS_SETTLING_CAP	GROUP_13_CHECK_5_RESET_COMMIT_PHASE_COMPLETION_BARRIER
WARN-CHG-0159	CDC-15	Warning	G2B_ONECH_C2H/shadow_last_channel_reg[18]/D	G2B_ONECH_C2H/reset_commit_phase_hold_source_reg[1]/C	G2B_ONECH_C2H/reset_commit_phase_hold_source_reg[0]/C	nvp_vclk1	userclk1	Max Delay Datapath Only	RESET_COMMIT_STABLE_PAYLOAD	commit_sync2_axi[3:0]_completion_barrier	transport request/ack plus synchronized four-slot commit equality	GROUP_13_EARLIEST_USE_GE_32NS_AND_6NS_SETTLING_CAP	GROUP_13_CHECK_5_RESET_COMMIT_PHASE_COMPLETION_BARRIER
WARN-CHG-0160	CDC-15	Warning	G2B_ONECH_C2H/shadow_last_channel_reg[19]/D	G2B_ONECH_C2H/reset_commit_phase_hold_source_reg[1]/C	G2B_ONECH_C2H/reset_commit_phase_hold_source_reg[0]/C	nvp_vclk1	userclk1	Max Delay Datapath Only	RESET_COMMIT_STABLE_PAYLOAD	commit_sync2_axi[3:0]_completion_barrier	transport request/ack plus synchronized four-slot commit equality	GROUP_13_EARLIEST_USE_GE_32NS_AND_6NS_SETTLING_CAP	GROUP_13_CHECK_5_RESET_COMMIT_PHASE_COMPLETION_BARRIER
WARN-CHG-0161	CDC-15	Warning	G2B_ONECH_C2H/shadow_last_channel_reg[1]/D	G2B_ONECH_C2H/reset_commit_phase_hold_source_reg[1]/C	G2B_ONECH_C2H/reset_commit_phase_hold_source_reg[0]/C	nvp_vclk1	userclk1	Max Delay Datapath Only	RESET_COMMIT_STABLE_PAYLOAD	commit_sync2_axi[3:0]_completion_barrier	transport request/ack plus synchronized four-slot commit equality	GROUP_13_EARLIEST_USE_GE_32NS_AND_6NS_SETTLING_CAP	GROUP_13_CHECK_5_RESET_COMMIT_PHASE_COMPLETION_BARRIER
WARN-CHG-0162	CDC-15	Warning	G2B_ONECH_C2H/shadow_last_channel_reg[20]/D	G2B_ONECH_C2H/reset_commit_phase_hold_source_reg[1]/C	G2B_ONECH_C2H/reset_commit_phase_hold_source_reg[0]/C	nvp_vclk1	userclk1	Max Delay Datapath Only	RESET_COMMIT_STABLE_PAYLOAD	commit_sync2_axi[3:0]_completion_barrier	transport request/ack plus synchronized four-slot commit equality	GROUP_13_EARLIEST_USE_GE_32NS_AND_6NS_SETTLING_CAP	GROUP_13_CHECK_5_RESET_COMMIT_PHASE_COMPLETION_BARRIER
WARN-CHG-0163	CDC-15	Warning	G2B_ONECH_C2H/shadow_last_channel_reg[21]/D	G2B_ONECH_C2H/reset_commit_phase_hold_source_reg[1]/C	G2B_ONECH_C2H/reset_commit_phase_hold_source_reg[0]/C	nvp_vclk1	userclk1	Max Delay Datapath Only	RESET_COMMIT_STABLE_PAYLOAD	commit_sync2_axi[3:0]_completion_barrier	transport request/ack plus synchronized four-slot commit equality	GROUP_13_EARLIEST_USE_GE_32NS_AND_6NS_SETTLING_CAP	GROUP_13_CHECK_5_RESET_COMMIT_PHASE_COMPLETION_BARRIER
WARN-CHG-0164	CDC-15	Warning	G2B_ONECH_C2H/shadow_last_channel_reg[22]/D	G2B_ONECH_C2H/reset_commit_phase_hold_source_reg[1]/C	G2B_ONECH_C2H/reset_commit_phase_hold_source_reg[0]/C	nvp_vclk1	userclk1	Max Delay Datapath Only	RESET_COMMIT_STABLE_PAYLOAD	commit_sync2_axi[3:0]_completion_barrier	transport request/ack plus synchronized four-slot commit equality	GROUP_13_EARLIEST_USE_GE_32NS_AND_6NS_SETTLING_CAP	GROUP_13_CHECK_5_RESET_COMMIT_PHASE_COMPLETION_BARRIER
WARN-CHG-0165	CDC-15	Warning	G2B_ONECH_C2H/shadow_last_channel_reg[23]/D	G2B_ONECH_C2H/reset_commit_phase_hold_source_reg[1]/C	G2B_ONECH_C2H/reset_commit_phase_hold_source_reg[0]/C	nvp_vclk1	userclk1	Max Delay Datapath Only	RESET_COMMIT_STABLE_PAYLOAD	commit_sync2_axi[3:0]_completion_barrier	transport request/ack plus synchronized four-slot commit equality	GROUP_13_EARLIEST_USE_GE_32NS_AND_6NS_SETTLING_CAP	GROUP_13_CHECK_5_RESET_COMMIT_PHASE_COMPLETION_BARRIER
WARN-CHG-0166	CDC-15	Warning	G2B_ONECH_C2H/shadow_last_channel_reg[24]/D	G2B_ONECH_C2H/reset_commit_phase_hold_source_reg[1]/C	G2B_ONECH_C2H/reset_commit_phase_hold_source_reg[0]/C	nvp_vclk1	userclk1	Max Delay Datapath Only	RESET_COMMIT_STABLE_PAYLOAD	commit_sync2_axi[3:0]_completion_barrier	transport request/ack plus synchronized four-slot commit equality	GROUP_13_EARLIEST_USE_GE_32NS_AND_6NS_SETTLING_CAP	GROUP_13_CHECK_5_RESET_COMMIT_PHASE_COMPLETION_BARRIER
WARN-CHG-0167	CDC-15	Warning	G2B_ONECH_C2H/shadow_last_channel_reg[25]/D	G2B_ONECH_C2H/reset_commit_phase_hold_source_reg[1]/C	G2B_ONECH_C2H/reset_commit_phase_hold_source_reg[0]/C	nvp_vclk1	userclk1	Max Delay Datapath Only	RESET_COMMIT_STABLE_PAYLOAD	commit_sync2_axi[3:0]_completion_barrier	transport request/ack plus synchronized four-slot commit equality	GROUP_13_EARLIEST_USE_GE_32NS_AND_6NS_SETTLING_CAP	GROUP_13_CHECK_5_RESET_COMMIT_PHASE_COMPLETION_BARRIER
WARN-CHG-0168	CDC-15	Warning	G2B_ONECH_C2H/shadow_last_channel_reg[26]/D	G2B_ONECH_C2H/reset_commit_phase_hold_source_reg[1]/C	G2B_ONECH_C2H/reset_commit_phase_hold_source_reg[0]/C	nvp_vclk1	userclk1	Max Delay Datapath Only	RESET_COMMIT_STABLE_PAYLOAD	commit_sync2_axi[3:0]_completion_barrier	transport request/ack plus synchronized four-slot commit equality	GROUP_13_EARLIEST_USE_GE_32NS_AND_6NS_SETTLING_CAP	GROUP_13_CHECK_5_RESET_COMMIT_PHASE_COMPLETION_BARRIER
WARN-CHG-0169	CDC-15	Warning	G2B_ONECH_C2H/shadow_last_channel_reg[27]/D	G2B_ONECH_C2H/reset_commit_phase_hold_source_reg[1]/C	G2B_ONECH_C2H/reset_commit_phase_hold_source_reg[0]/C	nvp_vclk1	userclk1	Max Delay Datapath Only	RESET_COMMIT_STABLE_PAYLOAD	commit_sync2_axi[3:0]_completion_barrier	transport request/ack plus synchronized four-slot commit equality	GROUP_13_EARLIEST_USE_GE_32NS_AND_6NS_SETTLING_CAP	GROUP_13_CHECK_5_RESET_COMMIT_PHASE_COMPLETION_BARRIER
WARN-CHG-0170	CDC-15	Warning	G2B_ONECH_C2H/shadow_last_channel_reg[28]/D	G2B_ONECH_C2H/reset_commit_phase_hold_source_reg[1]/C	G2B_ONECH_C2H/reset_commit_phase_hold_source_reg[0]/C	nvp_vclk1	userclk1	Max Delay Datapath Only	RESET_COMMIT_STABLE_PAYLOAD	commit_sync2_axi[3:0]_completion_barrier	transport request/ack plus synchronized four-slot commit equality	GROUP_13_EARLIEST_USE_GE_32NS_AND_6NS_SETTLING_CAP	GROUP_13_CHECK_5_RESET_COMMIT_PHASE_COMPLETION_BARRIER
WARN-CHG-0171	CDC-15	Warning	G2B_ONECH_C2H/shadow_last_channel_reg[29]/D	G2B_ONECH_C2H/reset_commit_phase_hold_source_reg[1]/C	G2B_ONECH_C2H/reset_commit_phase_hold_source_reg[0]/C	nvp_vclk1	userclk1	Max Delay Datapath Only	RESET_COMMIT_STABLE_PAYLOAD	commit_sync2_axi[3:0]_completion_barrier	transport request/ack plus synchronized four-slot commit equality	GROUP_13_EARLIEST_USE_GE_32NS_AND_6NS_SETTLING_CAP	GROUP_13_CHECK_5_RESET_COMMIT_PHASE_COMPLETION_BARRIER
WARN-CHG-0172	CDC-15	Warning	G2B_ONECH_C2H/shadow_last_channel_reg[2]/D	G2B_ONECH_C2H/reset_commit_phase_hold_source_reg[1]/C	G2B_ONECH_C2H/reset_commit_phase_hold_source_reg[0]/C	nvp_vclk1	userclk1	Max Delay Datapath Only	RESET_COMMIT_STABLE_PAYLOAD	commit_sync2_axi[3:0]_completion_barrier	transport request/ack plus synchronized four-slot commit equality	GROUP_13_EARLIEST_USE_GE_32NS_AND_6NS_SETTLING_CAP	GROUP_13_CHECK_5_RESET_COMMIT_PHASE_COMPLETION_BARRIER
WARN-CHG-0173	CDC-15	Warning	G2B_ONECH_C2H/shadow_last_channel_reg[30]/D	G2B_ONECH_C2H/reset_commit_phase_hold_source_reg[1]/C	G2B_ONECH_C2H/reset_commit_phase_hold_source_reg[0]/C	nvp_vclk1	userclk1	Max Delay Datapath Only	RESET_COMMIT_STABLE_PAYLOAD	commit_sync2_axi[3:0]_completion_barrier	transport request/ack plus synchronized four-slot commit equality	GROUP_13_EARLIEST_USE_GE_32NS_AND_6NS_SETTLING_CAP	GROUP_13_CHECK_5_RESET_COMMIT_PHASE_COMPLETION_BARRIER
WARN-CHG-0174	CDC-15	Warning	G2B_ONECH_C2H/shadow_last_channel_reg[31]/D	G2B_ONECH_C2H/reset_commit_phase_hold_source_reg[1]/C	G2B_ONECH_C2H/reset_commit_phase_hold_source_reg[0]/C	nvp_vclk1	userclk1	Max Delay Datapath Only	RESET_COMMIT_STABLE_PAYLOAD	commit_sync2_axi[3:0]_completion_barrier	transport request/ack plus synchronized four-slot commit equality	GROUP_13_EARLIEST_USE_GE_32NS_AND_6NS_SETTLING_CAP	GROUP_13_CHECK_5_RESET_COMMIT_PHASE_COMPLETION_BARRIER
WARN-CHG-0175	CDC-15	Warning	G2B_ONECH_C2H/shadow_last_channel_reg[3]/D	G2B_ONECH_C2H/reset_commit_phase_hold_source_reg[1]/C	G2B_ONECH_C2H/reset_commit_phase_hold_source_reg[0]/C	nvp_vclk1	userclk1	Max Delay Datapath Only	RESET_COMMIT_STABLE_PAYLOAD	commit_sync2_axi[3:0]_completion_barrier	transport request/ack plus synchronized four-slot commit equality	GROUP_13_EARLIEST_USE_GE_32NS_AND_6NS_SETTLING_CAP	GROUP_13_CHECK_5_RESET_COMMIT_PHASE_COMPLETION_BARRIER
WARN-CHG-0176	CDC-15	Warning	G2B_ONECH_C2H/shadow_last_channel_reg[4]/D	G2B_ONECH_C2H/reset_commit_phase_hold_source_reg[1]/C	G2B_ONECH_C2H/reset_commit_phase_hold_source_reg[0]/C	nvp_vclk1	userclk1	Max Delay Datapath Only	RESET_COMMIT_STABLE_PAYLOAD	commit_sync2_axi[3:0]_completion_barrier	transport request/ack plus synchronized four-slot commit equality	GROUP_13_EARLIEST_USE_GE_32NS_AND_6NS_SETTLING_CAP	GROUP_13_CHECK_5_RESET_COMMIT_PHASE_COMPLETION_BARRIER
WARN-CHG-0177	CDC-15	Warning	G2B_ONECH_C2H/shadow_last_channel_reg[5]/D	G2B_ONECH_C2H/reset_commit_phase_hold_source_reg[1]/C	G2B_ONECH_C2H/reset_commit_phase_hold_source_reg[0]/C	nvp_vclk1	userclk1	Max Delay Datapath Only	RESET_COMMIT_STABLE_PAYLOAD	commit_sync2_axi[3:0]_completion_barrier	transport request/ack plus synchronized four-slot commit equality	GROUP_13_EARLIEST_USE_GE_32NS_AND_6NS_SETTLING_CAP	GROUP_13_CHECK_5_RESET_COMMIT_PHASE_COMPLETION_BARRIER
WARN-CHG-0178	CDC-15	Warning	G2B_ONECH_C2H/shadow_last_channel_reg[6]/D	G2B_ONECH_C2H/reset_commit_phase_hold_source_reg[1]/C	G2B_ONECH_C2H/reset_commit_phase_hold_source_reg[0]/C	nvp_vclk1	userclk1	Max Delay Datapath Only	RESET_COMMIT_STABLE_PAYLOAD	commit_sync2_axi[3:0]_completion_barrier	transport request/ack plus synchronized four-slot commit equality	GROUP_13_EARLIEST_USE_GE_32NS_AND_6NS_SETTLING_CAP	GROUP_13_CHECK_5_RESET_COMMIT_PHASE_COMPLETION_BARRIER
WARN-CHG-0179	CDC-15	Warning	G2B_ONECH_C2H/shadow_last_channel_reg[7]/D	G2B_ONECH_C2H/reset_commit_phase_hold_source_reg[1]/C	G2B_ONECH_C2H/reset_commit_phase_hold_source_reg[0]/C	nvp_vclk1	userclk1	Max Delay Datapath Only	RESET_COMMIT_STABLE_PAYLOAD	commit_sync2_axi[3:0]_completion_barrier	transport request/ack plus synchronized four-slot commit equality	GROUP_13_EARLIEST_USE_GE_32NS_AND_6NS_SETTLING_CAP	GROUP_13_CHECK_5_RESET_COMMIT_PHASE_COMPLETION_BARRIER
WARN-CHG-0180	CDC-15	Warning	G2B_ONECH_C2H/shadow_last_channel_reg[8]/D	G2B_ONECH_C2H/reset_commit_phase_hold_source_reg[1]/C	G2B_ONECH_C2H/reset_commit_phase_hold_source_reg[0]/C	nvp_vclk1	userclk1	Max Delay Datapath Only	RESET_COMMIT_STABLE_PAYLOAD	commit_sync2_axi[3:0]_completion_barrier	transport request/ack plus synchronized four-slot commit equality	GROUP_13_EARLIEST_USE_GE_32NS_AND_6NS_SETTLING_CAP	GROUP_13_CHECK_5_RESET_COMMIT_PHASE_COMPLETION_BARRIER
WARN-CHG-0181	CDC-15	Warning	G2B_ONECH_C2H/shadow_last_channel_reg[9]/D	G2B_ONECH_C2H/reset_commit_phase_hold_source_reg[1]/C	G2B_ONECH_C2H/reset_commit_phase_hold_source_reg[0]/C	nvp_vclk1	userclk1	Max Delay Datapath Only	RESET_COMMIT_STABLE_PAYLOAD	commit_sync2_axi[3:0]_completion_barrier	transport request/ack plus synchronized four-slot commit equality	GROUP_13_EARLIEST_USE_GE_32NS_AND_6NS_SETTLING_CAP	GROUP_13_CHECK_5_RESET_COMMIT_PHASE_COMPLETION_BARRIER
WARN-CHG-0182	CDC-15	Warning	G2B_ONECH_C2H/shadow_last_global_reg[0]/D	G2B_ONECH_C2H/reset_commit_phase_hold_source_reg[1]/C	G2B_ONECH_C2H/reset_commit_phase_hold_source_reg[0]/C	nvp_vclk1	userclk1	Max Delay Datapath Only	RESET_COMMIT_STABLE_PAYLOAD	commit_sync2_axi[3:0]_completion_barrier	transport request/ack plus synchronized four-slot commit equality	GROUP_13_EARLIEST_USE_GE_32NS_AND_6NS_SETTLING_CAP	GROUP_13_CHECK_5_RESET_COMMIT_PHASE_COMPLETION_BARRIER
WARN-CHG-0183	CDC-15	Warning	G2B_ONECH_C2H/shadow_last_global_reg[10]/D	G2B_ONECH_C2H/reset_commit_phase_hold_source_reg[1]/C	G2B_ONECH_C2H/reset_commit_phase_hold_source_reg[0]/C	nvp_vclk1	userclk1	Max Delay Datapath Only	RESET_COMMIT_STABLE_PAYLOAD	commit_sync2_axi[3:0]_completion_barrier	transport request/ack plus synchronized four-slot commit equality	GROUP_13_EARLIEST_USE_GE_32NS_AND_6NS_SETTLING_CAP	GROUP_13_CHECK_5_RESET_COMMIT_PHASE_COMPLETION_BARRIER
WARN-CHG-0184	CDC-15	Warning	G2B_ONECH_C2H/shadow_last_global_reg[11]/D	G2B_ONECH_C2H/reset_commit_phase_hold_source_reg[1]/C	G2B_ONECH_C2H/reset_commit_phase_hold_source_reg[0]/C	nvp_vclk1	userclk1	Max Delay Datapath Only	RESET_COMMIT_STABLE_PAYLOAD	commit_sync2_axi[3:0]_completion_barrier	transport request/ack plus synchronized four-slot commit equality	GROUP_13_EARLIEST_USE_GE_32NS_AND_6NS_SETTLING_CAP	GROUP_13_CHECK_5_RESET_COMMIT_PHASE_COMPLETION_BARRIER
WARN-CHG-0185	CDC-15	Warning	G2B_ONECH_C2H/shadow_last_global_reg[12]/D	G2B_ONECH_C2H/reset_commit_phase_hold_source_reg[1]/C	G2B_ONECH_C2H/reset_commit_phase_hold_source_reg[0]/C	nvp_vclk1	userclk1	Max Delay Datapath Only	RESET_COMMIT_STABLE_PAYLOAD	commit_sync2_axi[3:0]_completion_barrier	transport request/ack plus synchronized four-slot commit equality	GROUP_13_EARLIEST_USE_GE_32NS_AND_6NS_SETTLING_CAP	GROUP_13_CHECK_5_RESET_COMMIT_PHASE_COMPLETION_BARRIER
WARN-CHG-0186	CDC-15	Warning	G2B_ONECH_C2H/shadow_last_global_reg[13]/D	G2B_ONECH_C2H/reset_commit_phase_hold_source_reg[1]/C	G2B_ONECH_C2H/reset_commit_phase_hold_source_reg[0]/C	nvp_vclk1	userclk1	Max Delay Datapath Only	RESET_COMMIT_STABLE_PAYLOAD	commit_sync2_axi[3:0]_completion_barrier	transport request/ack plus synchronized four-slot commit equality	GROUP_13_EARLIEST_USE_GE_32NS_AND_6NS_SETTLING_CAP	GROUP_13_CHECK_5_RESET_COMMIT_PHASE_COMPLETION_BARRIER
WARN-CHG-0187	CDC-15	Warning	G2B_ONECH_C2H/shadow_last_global_reg[14]/D	G2B_ONECH_C2H/reset_commit_phase_hold_source_reg[1]/C	G2B_ONECH_C2H/reset_commit_phase_hold_source_reg[0]/C	nvp_vclk1	userclk1	Max Delay Datapath Only	RESET_COMMIT_STABLE_PAYLOAD	commit_sync2_axi[3:0]_completion_barrier	transport request/ack plus synchronized four-slot commit equality	GROUP_13_EARLIEST_USE_GE_32NS_AND_6NS_SETTLING_CAP	GROUP_13_CHECK_5_RESET_COMMIT_PHASE_COMPLETION_BARRIER
WARN-CHG-0188	CDC-15	Warning	G2B_ONECH_C2H/shadow_last_global_reg[15]/D	G2B_ONECH_C2H/reset_commit_phase_hold_source_reg[1]/C	G2B_ONECH_C2H/reset_commit_phase_hold_source_reg[0]/C	nvp_vclk1	userclk1	Max Delay Datapath Only	RESET_COMMIT_STABLE_PAYLOAD	commit_sync2_axi[3:0]_completion_barrier	transport request/ack plus synchronized four-slot commit equality	GROUP_13_EARLIEST_USE_GE_32NS_AND_6NS_SETTLING_CAP	GROUP_13_CHECK_5_RESET_COMMIT_PHASE_COMPLETION_BARRIER
WARN-CHG-0189	CDC-15	Warning	G2B_ONECH_C2H/shadow_last_global_reg[16]/D	G2B_ONECH_C2H/reset_commit_phase_hold_source_reg[1]/C	G2B_ONECH_C2H/reset_commit_phase_hold_source_reg[0]/C	nvp_vclk1	userclk1	Max Delay Datapath Only	RESET_COMMIT_STABLE_PAYLOAD	commit_sync2_axi[3:0]_completion_barrier	transport request/ack plus synchronized four-slot commit equality	GROUP_13_EARLIEST_USE_GE_32NS_AND_6NS_SETTLING_CAP	GROUP_13_CHECK_5_RESET_COMMIT_PHASE_COMPLETION_BARRIER
WARN-CHG-0190	CDC-15	Warning	G2B_ONECH_C2H/shadow_last_global_reg[17]/D	G2B_ONECH_C2H/reset_commit_phase_hold_source_reg[1]/C	G2B_ONECH_C2H/reset_commit_phase_hold_source_reg[0]/C	nvp_vclk1	userclk1	Max Delay Datapath Only	RESET_COMMIT_STABLE_PAYLOAD	commit_sync2_axi[3:0]_completion_barrier	transport request/ack plus synchronized four-slot commit equality	GROUP_13_EARLIEST_USE_GE_32NS_AND_6NS_SETTLING_CAP	GROUP_13_CHECK_5_RESET_COMMIT_PHASE_COMPLETION_BARRIER
WARN-CHG-0191	CDC-15	Warning	G2B_ONECH_C2H/shadow_last_global_reg[18]/D	G2B_ONECH_C2H/reset_commit_phase_hold_source_reg[1]/C	G2B_ONECH_C2H/reset_commit_phase_hold_source_reg[0]/C	nvp_vclk1	userclk1	Max Delay Datapath Only	RESET_COMMIT_STABLE_PAYLOAD	commit_sync2_axi[3:0]_completion_barrier	transport request/ack plus synchronized four-slot commit equality	GROUP_13_EARLIEST_USE_GE_32NS_AND_6NS_SETTLING_CAP	GROUP_13_CHECK_5_RESET_COMMIT_PHASE_COMPLETION_BARRIER
WARN-CHG-0192	CDC-15	Warning	G2B_ONECH_C2H/shadow_last_global_reg[19]/D	G2B_ONECH_C2H/reset_commit_phase_hold_source_reg[1]/C	G2B_ONECH_C2H/reset_commit_phase_hold_source_reg[0]/C	nvp_vclk1	userclk1	Max Delay Datapath Only	RESET_COMMIT_STABLE_PAYLOAD	commit_sync2_axi[3:0]_completion_barrier	transport request/ack plus synchronized four-slot commit equality	GROUP_13_EARLIEST_USE_GE_32NS_AND_6NS_SETTLING_CAP	GROUP_13_CHECK_5_RESET_COMMIT_PHASE_COMPLETION_BARRIER
WARN-CHG-0193	CDC-15	Warning	G2B_ONECH_C2H/shadow_last_global_reg[1]/D	G2B_ONECH_C2H/reset_commit_phase_hold_source_reg[1]/C	G2B_ONECH_C2H/reset_commit_phase_hold_source_reg[0]/C	nvp_vclk1	userclk1	Max Delay Datapath Only	RESET_COMMIT_STABLE_PAYLOAD	commit_sync2_axi[3:0]_completion_barrier	transport request/ack plus synchronized four-slot commit equality	GROUP_13_EARLIEST_USE_GE_32NS_AND_6NS_SETTLING_CAP	GROUP_13_CHECK_5_RESET_COMMIT_PHASE_COMPLETION_BARRIER
WARN-CHG-0194	CDC-15	Warning	G2B_ONECH_C2H/shadow_last_global_reg[20]/D	G2B_ONECH_C2H/reset_commit_phase_hold_source_reg[1]/C	G2B_ONECH_C2H/reset_commit_phase_hold_source_reg[0]/C	nvp_vclk1	userclk1	Max Delay Datapath Only	RESET_COMMIT_STABLE_PAYLOAD	commit_sync2_axi[3:0]_completion_barrier	transport request/ack plus synchronized four-slot commit equality	GROUP_13_EARLIEST_USE_GE_32NS_AND_6NS_SETTLING_CAP	GROUP_13_CHECK_5_RESET_COMMIT_PHASE_COMPLETION_BARRIER
WARN-CHG-0195	CDC-15	Warning	G2B_ONECH_C2H/shadow_last_global_reg[21]/D	G2B_ONECH_C2H/reset_commit_phase_hold_source_reg[1]/C	G2B_ONECH_C2H/reset_commit_phase_hold_source_reg[0]/C	nvp_vclk1	userclk1	Max Delay Datapath Only	RESET_COMMIT_STABLE_PAYLOAD	commit_sync2_axi[3:0]_completion_barrier	transport request/ack plus synchronized four-slot commit equality	GROUP_13_EARLIEST_USE_GE_32NS_AND_6NS_SETTLING_CAP	GROUP_13_CHECK_5_RESET_COMMIT_PHASE_COMPLETION_BARRIER
WARN-CHG-0196	CDC-15	Warning	G2B_ONECH_C2H/shadow_last_global_reg[22]/D	G2B_ONECH_C2H/reset_commit_phase_hold_source_reg[1]/C	G2B_ONECH_C2H/reset_commit_phase_hold_source_reg[0]/C	nvp_vclk1	userclk1	Max Delay Datapath Only	RESET_COMMIT_STABLE_PAYLOAD	commit_sync2_axi[3:0]_completion_barrier	transport request/ack plus synchronized four-slot commit equality	GROUP_13_EARLIEST_USE_GE_32NS_AND_6NS_SETTLING_CAP	GROUP_13_CHECK_5_RESET_COMMIT_PHASE_COMPLETION_BARRIER
WARN-CHG-0197	CDC-15	Warning	G2B_ONECH_C2H/shadow_last_global_reg[23]/D	G2B_ONECH_C2H/reset_commit_phase_hold_source_reg[1]/C	G2B_ONECH_C2H/reset_commit_phase_hold_source_reg[0]/C	nvp_vclk1	userclk1	Max Delay Datapath Only	RESET_COMMIT_STABLE_PAYLOAD	commit_sync2_axi[3:0]_completion_barrier	transport request/ack plus synchronized four-slot commit equality	GROUP_13_EARLIEST_USE_GE_32NS_AND_6NS_SETTLING_CAP	GROUP_13_CHECK_5_RESET_COMMIT_PHASE_COMPLETION_BARRIER
WARN-CHG-0198	CDC-15	Warning	G2B_ONECH_C2H/shadow_last_global_reg[24]/D	G2B_ONECH_C2H/reset_commit_phase_hold_source_reg[1]/C	G2B_ONECH_C2H/reset_commit_phase_hold_source_reg[0]/C	nvp_vclk1	userclk1	Max Delay Datapath Only	RESET_COMMIT_STABLE_PAYLOAD	commit_sync2_axi[3:0]_completion_barrier	transport request/ack plus synchronized four-slot commit equality	GROUP_13_EARLIEST_USE_GE_32NS_AND_6NS_SETTLING_CAP	GROUP_13_CHECK_5_RESET_COMMIT_PHASE_COMPLETION_BARRIER
WARN-CHG-0199	CDC-15	Warning	G2B_ONECH_C2H/shadow_last_global_reg[25]/D	G2B_ONECH_C2H/reset_commit_phase_hold_source_reg[1]/C	G2B_ONECH_C2H/reset_commit_phase_hold_source_reg[0]/C	nvp_vclk1	userclk1	Max Delay Datapath Only	RESET_COMMIT_STABLE_PAYLOAD	commit_sync2_axi[3:0]_completion_barrier	transport request/ack plus synchronized four-slot commit equality	GROUP_13_EARLIEST_USE_GE_32NS_AND_6NS_SETTLING_CAP	GROUP_13_CHECK_5_RESET_COMMIT_PHASE_COMPLETION_BARRIER
WARN-CHG-0200	CDC-15	Warning	G2B_ONECH_C2H/shadow_last_global_reg[26]/D	G2B_ONECH_C2H/reset_commit_phase_hold_source_reg[1]/C	G2B_ONECH_C2H/reset_commit_phase_hold_source_reg[0]/C	nvp_vclk1	userclk1	Max Delay Datapath Only	RESET_COMMIT_STABLE_PAYLOAD	commit_sync2_axi[3:0]_completion_barrier	transport request/ack plus synchronized four-slot commit equality	GROUP_13_EARLIEST_USE_GE_32NS_AND_6NS_SETTLING_CAP	GROUP_13_CHECK_5_RESET_COMMIT_PHASE_COMPLETION_BARRIER
WARN-CHG-0201	CDC-15	Warning	G2B_ONECH_C2H/shadow_last_global_reg[27]/D	G2B_ONECH_C2H/reset_commit_phase_hold_source_reg[1]/C	G2B_ONECH_C2H/reset_commit_phase_hold_source_reg[0]/C	nvp_vclk1	userclk1	Max Delay Datapath Only	RESET_COMMIT_STABLE_PAYLOAD	commit_sync2_axi[3:0]_completion_barrier	transport request/ack plus synchronized four-slot commit equality	GROUP_13_EARLIEST_USE_GE_32NS_AND_6NS_SETTLING_CAP	GROUP_13_CHECK_5_RESET_COMMIT_PHASE_COMPLETION_BARRIER
WARN-CHG-0202	CDC-15	Warning	G2B_ONECH_C2H/shadow_last_global_reg[28]/D	G2B_ONECH_C2H/reset_commit_phase_hold_source_reg[1]/C	G2B_ONECH_C2H/reset_commit_phase_hold_source_reg[0]/C	nvp_vclk1	userclk1	Max Delay Datapath Only	RESET_COMMIT_STABLE_PAYLOAD	commit_sync2_axi[3:0]_completion_barrier	transport request/ack plus synchronized four-slot commit equality	GROUP_13_EARLIEST_USE_GE_32NS_AND_6NS_SETTLING_CAP	GROUP_13_CHECK_5_RESET_COMMIT_PHASE_COMPLETION_BARRIER
WARN-CHG-0203	CDC-15	Warning	G2B_ONECH_C2H/shadow_last_global_reg[29]/D	G2B_ONECH_C2H/reset_commit_phase_hold_source_reg[1]/C	G2B_ONECH_C2H/reset_commit_phase_hold_source_reg[0]/C	nvp_vclk1	userclk1	Max Delay Datapath Only	RESET_COMMIT_STABLE_PAYLOAD	commit_sync2_axi[3:0]_completion_barrier	transport request/ack plus synchronized four-slot commit equality	GROUP_13_EARLIEST_USE_GE_32NS_AND_6NS_SETTLING_CAP	GROUP_13_CHECK_5_RESET_COMMIT_PHASE_COMPLETION_BARRIER
WARN-CHG-0204	CDC-15	Warning	G2B_ONECH_C2H/shadow_last_global_reg[2]/D	G2B_ONECH_C2H/reset_commit_phase_hold_source_reg[1]/C	G2B_ONECH_C2H/reset_commit_phase_hold_source_reg[0]/C	nvp_vclk1	userclk1	Max Delay Datapath Only	RESET_COMMIT_STABLE_PAYLOAD	commit_sync2_axi[3:0]_completion_barrier	transport request/ack plus synchronized four-slot commit equality	GROUP_13_EARLIEST_USE_GE_32NS_AND_6NS_SETTLING_CAP	GROUP_13_CHECK_5_RESET_COMMIT_PHASE_COMPLETION_BARRIER
WARN-CHG-0205	CDC-15	Warning	G2B_ONECH_C2H/shadow_last_global_reg[30]/D	G2B_ONECH_C2H/reset_commit_phase_hold_source_reg[1]/C	G2B_ONECH_C2H/reset_commit_phase_hold_source_reg[0]/C	nvp_vclk1	userclk1	Max Delay Datapath Only	RESET_COMMIT_STABLE_PAYLOAD	commit_sync2_axi[3:0]_completion_barrier	transport request/ack plus synchronized four-slot commit equality	GROUP_13_EARLIEST_USE_GE_32NS_AND_6NS_SETTLING_CAP	GROUP_13_CHECK_5_RESET_COMMIT_PHASE_COMPLETION_BARRIER
WARN-CHG-0206	CDC-15	Warning	G2B_ONECH_C2H/shadow_last_global_reg[31]/D	G2B_ONECH_C2H/reset_commit_phase_hold_source_reg[1]/C	G2B_ONECH_C2H/reset_commit_phase_hold_source_reg[0]/C	nvp_vclk1	userclk1	Max Delay Datapath Only	RESET_COMMIT_STABLE_PAYLOAD	commit_sync2_axi[3:0]_completion_barrier	transport request/ack plus synchronized four-slot commit equality	GROUP_13_EARLIEST_USE_GE_32NS_AND_6NS_SETTLING_CAP	GROUP_13_CHECK_5_RESET_COMMIT_PHASE_COMPLETION_BARRIER
WARN-CHG-0207	CDC-15	Warning	G2B_ONECH_C2H/shadow_last_global_reg[3]/D	G2B_ONECH_C2H/reset_commit_phase_hold_source_reg[1]/C	G2B_ONECH_C2H/reset_commit_phase_hold_source_reg[0]/C	nvp_vclk1	userclk1	Max Delay Datapath Only	RESET_COMMIT_STABLE_PAYLOAD	commit_sync2_axi[3:0]_completion_barrier	transport request/ack plus synchronized four-slot commit equality	GROUP_13_EARLIEST_USE_GE_32NS_AND_6NS_SETTLING_CAP	GROUP_13_CHECK_5_RESET_COMMIT_PHASE_COMPLETION_BARRIER
WARN-CHG-0208	CDC-15	Warning	G2B_ONECH_C2H/shadow_last_global_reg[4]/D	G2B_ONECH_C2H/reset_commit_phase_hold_source_reg[1]/C	G2B_ONECH_C2H/reset_commit_phase_hold_source_reg[0]/C	nvp_vclk1	userclk1	Max Delay Datapath Only	RESET_COMMIT_STABLE_PAYLOAD	commit_sync2_axi[3:0]_completion_barrier	transport request/ack plus synchronized four-slot commit equality	GROUP_13_EARLIEST_USE_GE_32NS_AND_6NS_SETTLING_CAP	GROUP_13_CHECK_5_RESET_COMMIT_PHASE_COMPLETION_BARRIER
WARN-CHG-0209	CDC-15	Warning	G2B_ONECH_C2H/shadow_last_global_reg[5]/D	G2B_ONECH_C2H/reset_commit_phase_hold_source_reg[1]/C	G2B_ONECH_C2H/reset_commit_phase_hold_source_reg[0]/C	nvp_vclk1	userclk1	Max Delay Datapath Only	RESET_COMMIT_STABLE_PAYLOAD	commit_sync2_axi[3:0]_completion_barrier	transport request/ack plus synchronized four-slot commit equality	GROUP_13_EARLIEST_USE_GE_32NS_AND_6NS_SETTLING_CAP	GROUP_13_CHECK_5_RESET_COMMIT_PHASE_COMPLETION_BARRIER
WARN-CHG-0210	CDC-15	Warning	G2B_ONECH_C2H/shadow_last_global_reg[6]/D	G2B_ONECH_C2H/reset_commit_phase_hold_source_reg[1]/C	G2B_ONECH_C2H/reset_commit_phase_hold_source_reg[0]/C	nvp_vclk1	userclk1	Max Delay Datapath Only	RESET_COMMIT_STABLE_PAYLOAD	commit_sync2_axi[3:0]_completion_barrier	transport request/ack plus synchronized four-slot commit equality	GROUP_13_EARLIEST_USE_GE_32NS_AND_6NS_SETTLING_CAP	GROUP_13_CHECK_5_RESET_COMMIT_PHASE_COMPLETION_BARRIER
WARN-CHG-0211	CDC-15	Warning	G2B_ONECH_C2H/shadow_last_global_reg[7]/D	G2B_ONECH_C2H/reset_commit_phase_hold_source_reg[1]/C	G2B_ONECH_C2H/reset_commit_phase_hold_source_reg[0]/C	nvp_vclk1	userclk1	Max Delay Datapath Only	RESET_COMMIT_STABLE_PAYLOAD	commit_sync2_axi[3:0]_completion_barrier	transport request/ack plus synchronized four-slot commit equality	GROUP_13_EARLIEST_USE_GE_32NS_AND_6NS_SETTLING_CAP	GROUP_13_CHECK_5_RESET_COMMIT_PHASE_COMPLETION_BARRIER
WARN-CHG-0212	CDC-15	Warning	G2B_ONECH_C2H/shadow_last_global_reg[8]/D	G2B_ONECH_C2H/reset_commit_phase_hold_source_reg[1]/C	G2B_ONECH_C2H/reset_commit_phase_hold_source_reg[0]/C	nvp_vclk1	userclk1	Max Delay Datapath Only	RESET_COMMIT_STABLE_PAYLOAD	commit_sync2_axi[3:0]_completion_barrier	transport request/ack plus synchronized four-slot commit equality	GROUP_13_EARLIEST_USE_GE_32NS_AND_6NS_SETTLING_CAP	GROUP_13_CHECK_5_RESET_COMMIT_PHASE_COMPLETION_BARRIER
WARN-CHG-0213	CDC-15	Warning	G2B_ONECH_C2H/shadow_last_global_reg[9]/D	G2B_ONECH_C2H/reset_commit_phase_hold_source_reg[1]/C	G2B_ONECH_C2H/reset_commit_phase_hold_source_reg[0]/C	nvp_vclk1	userclk1	Max Delay Datapath Only	RESET_COMMIT_STABLE_PAYLOAD	commit_sync2_axi[3:0]_completion_barrier	transport request/ack plus synchronized four-slot commit equality	GROUP_13_EARLIEST_USE_GE_32NS_AND_6NS_SETTLING_CAP	GROUP_13_CHECK_5_RESET_COMMIT_PHASE_COMPLETION_BARRIER
WARN-CHG-0214	CDC-15	Warning	G2B_ONECH_C2H/transport_release_phase_hold_axi_reg[0]/D	G2B_ONECH_C2H/reset_commit_phase_hold_source_reg[1]/C	G2B_ONECH_C2H/reset_commit_phase_hold_source_reg[0]/C	nvp_vclk1	userclk1	Max Delay Datapath Only	RESET_COMMIT_STABLE_PAYLOAD	commit_sync2_axi[3:0]_completion_barrier	transport request/ack plus synchronized four-slot commit equality	GROUP_13_EARLIEST_USE_GE_32NS_AND_6NS_SETTLING_CAP	GROUP_13_CHECK_5_RESET_COMMIT_PHASE_COMPLETION_BARRIER
WARN-CHG-0215	CDC-15	Warning	G2B_ONECH_C2H/transport_release_phase_hold_axi_reg[1]/D	G2B_ONECH_C2H/reset_commit_phase_hold_source_reg[1]/C	G2B_ONECH_C2H/reset_commit_phase_hold_source_reg[0]/C	nvp_vclk1	userclk1	Max Delay Datapath Only	RESET_COMMIT_STABLE_PAYLOAD	commit_sync2_axi[3:0]_completion_barrier	transport request/ack plus synchronized four-slot commit equality	GROUP_13_EARLIEST_USE_GE_32NS_AND_6NS_SETTLING_CAP	GROUP_13_CHECK_5_RESET_COMMIT_PHASE_COMPLETION_BARRIER
WARN-CHG-0216	CDC-15	Warning	G2B_ONECH_C2H/transport_release_phase_hold_axi_reg[2]/D	G2B_ONECH_C2H/reset_commit_phase_hold_source_reg[1]/C	G2B_ONECH_C2H/reset_commit_phase_hold_source_reg[0]/C	nvp_vclk1	userclk1	Max Delay Datapath Only	RESET_COMMIT_STABLE_PAYLOAD	commit_sync2_axi[3:0]_completion_barrier	transport request/ack plus synchronized four-slot commit equality	GROUP_13_EARLIEST_USE_GE_32NS_AND_6NS_SETTLING_CAP	GROUP_13_CHECK_5_RESET_COMMIT_PHASE_COMPLETION_BARRIER
WARN-CHG-0217	CDC-15	Warning	G2B_ONECH_C2H/transport_release_phase_hold_axi_reg[3]/D	G2B_ONECH_C2H/reset_commit_phase_hold_source_reg[1]/C	G2B_ONECH_C2H/reset_commit_phase_hold_source_reg[0]/C	nvp_vclk1	userclk1	Max Delay Datapath Only	RESET_COMMIT_STABLE_PAYLOAD	commit_sync2_axi[3:0]_completion_barrier	transport request/ack plus synchronized four-slot commit equality	GROUP_13_EARLIEST_USE_GE_32NS_AND_6NS_SETTLING_CAP	GROUP_13_CHECK_5_RESET_COMMIT_PHASE_COMPLETION_BARRIER
WARN-CHG-0218	CDC-15	Warning	G2B_ONECH_C2H/reset_abandoned_hold_source_reg[0]/D	G2B_ONECH_C2H/release_generation_axi_reg[3][2]/C	G2B_ONECH_C2H/release_epoch_axi_reg[2][8]/C	userclk1	nvp_vclk1	Max Delay Datapath Only	UNRECONCILED_SOURCE_BASE_DRIFT:RELEASE_SLOT_STABLE_PAYLOAD->RELEASE_EPOCH_STABLE_PAYLOAD				
WARN-CHG-0219	CDC-15	Warning	G2B_ONECH_C2H/reset_abandoned_hold_source_reg[1]/D	G2B_ONECH_C2H/release_generation_axi_reg[0][0]/C	G2B_ONECH_C2H/release_epoch_axi_reg[2][8]/C	userclk1	nvp_vclk1	Max Delay Datapath Only	UNRECONCILED_SOURCE_BASE_DRIFT:RELEASE_SLOT_STABLE_PAYLOAD->RELEASE_EPOCH_STABLE_PAYLOAD				
WARN-CHG-0220	CDC-15	Warning	G2B_ONECH_C2H/reset_abandoned_hold_source_reg[2]/D	G2B_ONECH_C2H/release_generation_axi_reg[0][0]/C	G2B_ONECH_C2H/release_epoch_axi_reg[2][8]/C	userclk1	nvp_vclk1	Max Delay Datapath Only	UNRECONCILED_SOURCE_BASE_DRIFT:RELEASE_SLOT_STABLE_PAYLOAD->RELEASE_EPOCH_STABLE_PAYLOAD				
