GlobalSequenceNumber,ConfigurationLayer,SourceExpected,HardwareLedgerObserved,Comparison,Evidence
1,L1_PRODUCT_AUTOINIT_FIXED,READ bank=UNSELECTED addr=0xFF data=N/A,NO_PER_TRANSACTION_LEDGER,LEDGER_NOT_AVAILABLE,R3R2R1 did not publish physical per-register autoinit/scan transaction rows
2,L1_PRODUCT_AUTOINIT_FIXED,WRITE bank=UNSELECTED addr=0xFF data=0x00,NO_PER_TRANSACTION_LEDGER,LEDGER_NOT_AVAILABLE,R3R2R1 did not publish physical per-register autoinit/scan transaction rows
3,L1_PRODUCT_AUTOINIT_FIXED,READ bank=0x00 addr=0xFF data=N/A,NO_PER_TRANSACTION_LEDGER,LEDGER_NOT_AVAILABLE,R3R2R1 did not publish physical per-register autoinit/scan transaction rows
4,L1_PRODUCT_AUTOINIT_FIXED,WRITE bank=0x00 addr=0x80 data=0x0F,NO_PER_TRANSACTION_LEDGER,LEDGER_NOT_AVAILABLE,R3R2R1 did not publish physical per-register autoinit/scan transaction rows
5,L1_PRODUCT_AUTOINIT_FIXED,WRITE bank=0x00 addr=0xFF data=0x01,NO_PER_TRANSACTION_LEDGER,LEDGER_NOT_AVAILABLE,R3R2R1 did not publish physical per-register autoinit/scan transaction rows
6,L1_PRODUCT_AUTOINIT_FIXED,READ bank=0x01 addr=0xFF data=N/A,NO_PER_TRANSACTION_LEDGER,LEDGER_NOT_AVAILABLE,R3R2R1 did not publish physical per-register autoinit/scan transaction rows
7,L1_PRODUCT_AUTOINIT_FIXED,WRITE bank=0x01 addr=0xCA data=0x66,NO_PER_TRANSACTION_LEDGER,LEDGER_NOT_AVAILABLE,R3R2R1 did not publish physical per-register autoinit/scan transaction rows
8,L1_PRODUCT_AUTOINIT_FIXED,WRITE bank=0x01 addr=0xFF data=0x03,NO_PER_TRANSACTION_LEDGER,LEDGER_NOT_AVAILABLE,R3R2R1 did not publish physical per-register autoinit/scan transaction rows
9,L1_PRODUCT_AUTOINIT_FIXED,READ bank=0x03 addr=0xFF data=N/A,NO_PER_TRANSACTION_LEDGER,LEDGER_NOT_AVAILABLE,R3R2R1 did not publish physical per-register autoinit/scan transaction rows
10,L1_PRODUCT_AUTOINIT_FIXED,WRITE bank=0x03 addr=0x6B data=0x00,NO_PER_TRANSACTION_LEDGER,LEDGER_NOT_AVAILABLE,R3R2R1 did not publish physical per-register autoinit/scan transaction rows
11,L1_PRODUCT_AUTOINIT_FIXED,WRITE bank=0x03 addr=0x3A data=0x01,NO_PER_TRANSACTION_LEDGER,LEDGER_NOT_AVAILABLE,R3R2R1 did not publish physical per-register autoinit/scan transaction rows
12,L1_PRODUCT_AUTOINIT_FIXED,WRITE bank=0x03 addr=0x3A data=0x00,NO_PER_TRANSACTION_LEDGER,LEDGER_NOT_AVAILABLE,R3R2R1 did not publish physical per-register autoinit/scan transaction rows
13,L1_PRODUCT_AUTOINIT_FIXED,WRITE bank=0x03 addr=0xFF data=0x00,NO_PER_TRANSACTION_LEDGER,LEDGER_NOT_AVAILABLE,R3R2R1 did not publish physical per-register autoinit/scan transaction rows
14,L1_PRODUCT_AUTOINIT_FIXED,READ bank=0x00 addr=0xFF data=N/A,NO_PER_TRANSACTION_LEDGER,LEDGER_NOT_AVAILABLE,R3R2R1 did not publish physical per-register autoinit/scan transaction rows
15,L1_PRODUCT_AUTOINIT_FIXED,WRITE bank=0x00 addr=0x00 data=0x10,NO_PER_TRANSACTION_LEDGER,LEDGER_NOT_AVAILABLE,R3R2R1 did not publish physical per-register autoinit/scan transaction rows
16,L1_PRODUCT_AUTOINIT_FIXED,WRITE bank=0x00 addr=0x23 data=0x43,NO_PER_TRANSACTION_LEDGER,LEDGER_NOT_AVAILABLE,R3R2R1 did not publish physical per-register autoinit/scan transaction rows
17,L1_PRODUCT_AUTOINIT_FIXED,WRITE bank=0x00 addr=0x30 data=0x10,NO_PER_TRANSACTION_LEDGER,LEDGER_NOT_AVAILABLE,R3R2R1 did not publish physical per-register autoinit/scan transaction rows
18,L1_PRODUCT_AUTOINIT_FIXED,WRITE bank=0x00 addr=0x34 data=0x02,NO_PER_TRANSACTION_LEDGER,LEDGER_NOT_AVAILABLE,R3R2R1 did not publish physical per-register autoinit/scan transaction rows
19,L1_PRODUCT_AUTOINIT_FIXED,WRITE bank=0x00 addr=0x93 data=0x00,NO_PER_TRANSACTION_LEDGER,LEDGER_NOT_AVAILABLE,R3R2R1 did not publish physical per-register autoinit/scan transaction rows
20,L1_PRODUCT_AUTOINIT_FIXED,WRITE bank=0x00 addr=0xFF data=0x05,NO_PER_TRANSACTION_LEDGER,LEDGER_NOT_AVAILABLE,R3R2R1 did not publish physical per-register autoinit/scan transaction rows
21,L1_PRODUCT_AUTOINIT_FIXED,READ bank=0x05 addr=0xFF data=N/A,NO_PER_TRANSACTION_LEDGER,LEDGER_NOT_AVAILABLE,R3R2R1 did not publish physical per-register autoinit/scan transaction rows
22,L1_PRODUCT_AUTOINIT_FIXED,WRITE bank=0x05 addr=0x00 data=0xC0,NO_PER_TRANSACTION_LEDGER,LEDGER_NOT_AVAILABLE,R3R2R1 did not publish physical per-register autoinit/scan transaction rows
23,L1_PRODUCT_AUTOINIT_FIXED,WRITE bank=0x05 addr=0x01 data=0x02,NO_PER_TRANSACTION_LEDGER,LEDGER_NOT_AVAILABLE,R3R2R1 did not publish physical per-register autoinit/scan transaction rows
24,L1_PRODUCT_AUTOINIT_FIXED,WRITE bank=0x05 addr=0x08 data=0x50,NO_PER_TRANSACTION_LEDGER,LEDGER_NOT_AVAILABLE,R3R2R1 did not publish physical per-register autoinit/scan transaction rows
25,L1_PRODUCT_AUTOINIT_FIXED,WRITE bank=0x05 addr=0x11 data=0x06,NO_PER_TRANSACTION_LEDGER,LEDGER_NOT_AVAILABLE,R3R2R1 did not publish physical per-register autoinit/scan transaction rows
26,L1_PRODUCT_AUTOINIT_FIXED,WRITE bank=0x05 addr=0x23 data=0x00,NO_PER_TRANSACTION_LEDGER,LEDGER_NOT_AVAILABLE,R3R2R1 did not publish physical per-register autoinit/scan transaction rows
27,L1_PRODUCT_AUTOINIT_FIXED,WRITE bank=0x05 addr=0x2A data=0x52,NO_PER_TRANSACTION_LEDGER,LEDGER_NOT_AVAILABLE,R3R2R1 did not publish physical per-register autoinit/scan transaction rows
28,L1_PRODUCT_AUTOINIT_FIXED,WRITE bank=0x05 addr=0x58 data=0x02,NO_PER_TRANSACTION_LEDGER,LEDGER_NOT_AVAILABLE,R3R2R1 did not publish physical per-register autoinit/scan transaction rows
29,L1_PRODUCT_AUTOINIT_FIXED,WRITE bank=0x05 addr=0x59 data=0x11,NO_PER_TRANSACTION_LEDGER,LEDGER_NOT_AVAILABLE,R3R2R1 did not publish physical per-register autoinit/scan transaction rows
30,L1_PRODUCT_AUTOINIT_FIXED,WRITE bank=0x05 addr=0xB8 data=0xB9,NO_PER_TRANSACTION_LEDGER,LEDGER_NOT_AVAILABLE,R3R2R1 did not publish physical per-register autoinit/scan transaction rows
31,L1_PRODUCT_AUTOINIT_FIXED,WRITE bank=0x05 addr=0xC8 data=0x04,NO_PER_TRANSACTION_LEDGER,LEDGER_NOT_AVAILABLE,R3R2R1 did not publish physical per-register autoinit/scan transaction rows
32,L1_PRODUCT_AUTOINIT_FIXED,WRITE bank=0x05 addr=0xFF data=0x0A,NO_PER_TRANSACTION_LEDGER,LEDGER_NOT_AVAILABLE,R3R2R1 did not publish physical per-register autoinit/scan transaction rows
33,L1_PRODUCT_AUTOINIT_FIXED,READ bank=0x0A addr=0xFF data=N/A,NO_PER_TRANSACTION_LEDGER,LEDGER_NOT_AVAILABLE,R3R2R1 did not publish physical per-register autoinit/scan transaction rows
34,L1_PRODUCT_AUTOINIT_FIXED,WRITE bank=0x0A addr=0x74 data=0x02,NO_PER_TRANSACTION_LEDGER,LEDGER_NOT_AVAILABLE,R3R2R1 did not publish physical per-register autoinit/scan transaction rows
35,L1_PRODUCT_AUTOINIT_FIXED,WRITE bank=0x0A addr=0xFF data=0x09,NO_PER_TRANSACTION_LEDGER,LEDGER_NOT_AVAILABLE,R3R2R1 did not publish physical per-register autoinit/scan transaction rows
36,L1_PRODUCT_AUTOINIT_FIXED,READ bank=0x09 addr=0xFF data=N/A,NO_PER_TRANSACTION_LEDGER,LEDGER_NOT_AVAILABLE,R3R2R1 did not publish physical per-register autoinit/scan transaction rows
37,L1_PRODUCT_AUTOINIT_FIXED,WRITE bank=0x09 addr=0x64 data=0x98,NO_PER_TRANSACTION_LEDGER,LEDGER_NOT_AVAILABLE,R3R2R1 did not publish physical per-register autoinit/scan transaction rows
38,L1_PRODUCT_AUTOINIT_FIXED,WRITE bank=0x09 addr=0x6A data=0x18,NO_PER_TRANSACTION_LEDGER,LEDGER_NOT_AVAILABLE,R3R2R1 did not publish physical per-register autoinit/scan transaction rows
39,L1_PRODUCT_AUTOINIT_FIXED,WRITE bank=0x09 addr=0x6B data=0xFF,NO_PER_TRANSACTION_LEDGER,LEDGER_NOT_AVAILABLE,R3R2R1 did not publish physical per-register autoinit/scan transaction rows
40,L1_PRODUCT_AUTOINIT_FIXED,WRITE bank=0x09 addr=0x80 data=0x00,NO_PER_TRANSACTION_LEDGER,LEDGER_NOT_AVAILABLE,R3R2R1 did not publish physical per-register autoinit/scan transaction rows
41,L1_PRODUCT_AUTOINIT_FIXED,WRITE bank=0x09 addr=0x81 data=0x00,NO_PER_TRANSACTION_LEDGER,LEDGER_NOT_AVAILABLE,R3R2R1 did not publish physical per-register autoinit/scan transaction rows
42,L2_V38_R1I_STAGE2_OVERLAY,WRITE bank=0x09 addr=0xFF data=0x00,NO_PER_TRANSACTION_LEDGER,LEDGER_NOT_AVAILABLE,R3R2R1 did not publish physical per-register autoinit/scan transaction rows
43,L2_V38_R1I_STAGE2_OVERLAY,READ bank=0x00 addr=0xFF data=N/A,NO_PER_TRANSACTION_LEDGER,LEDGER_NOT_AVAILABLE,R3R2R1 did not publish physical per-register autoinit/scan transaction rows
44,L2_V38_R1I_STAGE2_OVERLAY,WRITE bank=0x00 addr=0x00 data=0x00,NO_PER_TRANSACTION_LEDGER,LEDGER_NOT_AVAILABLE,R3R2R1 did not publish physical per-register autoinit/scan transaction rows
45,L2_V38_R1I_STAGE2_OVERLAY,WRITE bank=0x00 addr=0xFF data=0x05,NO_PER_TRANSACTION_LEDGER,LEDGER_NOT_AVAILABLE,R3R2R1 did not publish physical per-register autoinit/scan transaction rows
46,L2_V38_R1I_STAGE2_OVERLAY,READ bank=0x05 addr=0xFF data=N/A,NO_PER_TRANSACTION_LEDGER,LEDGER_NOT_AVAILABLE,R3R2R1 did not publish physical per-register autoinit/scan transaction rows
47,L2_V38_R1I_STAGE2_OVERLAY,WRITE bank=0x05 addr=0x00 data=0xC0,NO_PER_TRANSACTION_LEDGER,LEDGER_NOT_AVAILABLE,R3R2R1 did not publish physical per-register autoinit/scan transaction rows
48,L2_V38_R1I_STAGE2_OVERLAY,WRITE bank=0x05 addr=0x01 data=0x00,NO_PER_TRANSACTION_LEDGER,LEDGER_NOT_AVAILABLE,R3R2R1 did not publish physical per-register autoinit/scan transaction rows
49,L2_V38_R1I_STAGE2_OVERLAY,WRITE bank=0x05 addr=0x58 data=0x00,NO_PER_TRANSACTION_LEDGER,LEDGER_NOT_AVAILABLE,R3R2R1 did not publish physical per-register autoinit/scan transaction rows
50,L2_V38_R1I_STAGE2_OVERLAY,WRITE bank=0x05 addr=0x59 data=0x00,NO_PER_TRANSACTION_LEDGER,LEDGER_NOT_AVAILABLE,R3R2R1 did not publish physical per-register autoinit/scan transaction rows
51,L2_V38_R1I_STAGE2_OVERLAY,WRITE bank=0x05 addr=0x5B data=0x03,NO_PER_TRANSACTION_LEDGER,LEDGER_NOT_AVAILABLE,R3R2R1 did not publish physical per-register autoinit/scan transaction rows
52,L2_V38_R1I_STAGE2_OVERLAY,WRITE bank=0x05 addr=0xFF data=0x00,NO_PER_TRANSACTION_LEDGER,LEDGER_NOT_AVAILABLE,R3R2R1 did not publish physical per-register autoinit/scan transaction rows
53,L2_V38_R1I_STAGE2_OVERLAY,READ bank=0x00 addr=0xFF data=N/A,NO_PER_TRANSACTION_LEDGER,LEDGER_NOT_AVAILABLE,R3R2R1 did not publish physical per-register autoinit/scan transaction rows
54,L2_V38_R1I_STAGE2_OVERLAY,WRITE bank=0x00 addr=0x08 data=0xDD,NO_PER_TRANSACTION_LEDGER,LEDGER_NOT_AVAILABLE,R3R2R1 did not publish physical per-register autoinit/scan transaction rows
55,L2_V38_R1I_STAGE2_OVERLAY,WRITE bank=0x00 addr=0x0C data=0x08,NO_PER_TRANSACTION_LEDGER,LEDGER_NOT_AVAILABLE,R3R2R1 did not publish physical per-register autoinit/scan transaction rows
56,L2_V38_R1I_STAGE2_OVERLAY,WRITE bank=0x00 addr=0x10 data=0x88,NO_PER_TRANSACTION_LEDGER,LEDGER_NOT_AVAILABLE,R3R2R1 did not publish physical per-register autoinit/scan transaction rows
57,L2_V38_R1I_STAGE2_OVERLAY,WRITE bank=0x00 addr=0x14 data=0x90,NO_PER_TRANSACTION_LEDGER,LEDGER_NOT_AVAILABLE,R3R2R1 did not publish physical per-register autoinit/scan transaction rows
58,L2_V38_R1I_STAGE2_OVERLAY,WRITE bank=0x00 addr=0x18 data=0x08,NO_PER_TRANSACTION_LEDGER,LEDGER_NOT_AVAILABLE,R3R2R1 did not publish physical per-register autoinit/scan transaction rows
59,L2_V38_R1I_STAGE2_OVERLAY,WRITE bank=0x00 addr=0x21 data=0x02,NO_PER_TRANSACTION_LEDGER,LEDGER_NOT_AVAILABLE,R3R2R1 did not publish physical per-register autoinit/scan transaction rows
60,L2_V38_R1I_STAGE2_OVERLAY,WRITE bank=0x00 addr=0x3C data=0x84,NO_PER_TRANSACTION_LEDGER,LEDGER_NOT_AVAILABLE,R3R2R1 did not publish physical per-register autoinit/scan transaction rows
61,L2_V38_R1I_STAGE2_OVERLAY,WRITE bank=0x00 addr=0x44 data=0x00,NO_PER_TRANSACTION_LEDGER,LEDGER_NOT_AVAILABLE,R3R2R1 did not publish physical per-register autoinit/scan transaction rows
62,L2_V38_R1I_STAGE2_OVERLAY,WRITE bank=0x00 addr=0x48 data=0x00,NO_PER_TRANSACTION_LEDGER,LEDGER_NOT_AVAILABLE,R3R2R1 did not publish physical per-register autoinit/scan transaction rows
63,L2_V38_R1I_STAGE2_OVERLAY,WRITE bank=0x00 addr=0x4C data=0x00,NO_PER_TRANSACTION_LEDGER,LEDGER_NOT_AVAILABLE,R3R2R1 did not publish physical per-register autoinit/scan transaction rows
64,L2_V38_R1I_STAGE2_OVERLAY,WRITE bank=0x00 addr=0x50 data=0x00,NO_PER_TRANSACTION_LEDGER,LEDGER_NOT_AVAILABLE,R3R2R1 did not publish physical per-register autoinit/scan transaction rows
65,L2_V38_R1I_STAGE2_OVERLAY,WRITE bank=0x00 addr=0xFF data=0x01,NO_PER_TRANSACTION_LEDGER,LEDGER_NOT_AVAILABLE,R3R2R1 did not publish physical per-register autoinit/scan transaction rows
66,L2_V38_R1I_STAGE2_OVERLAY,READ bank=0x01 addr=0xFF data=N/A,NO_PER_TRANSACTION_LEDGER,LEDGER_NOT_AVAILABLE,R3R2R1 did not publish physical per-register autoinit/scan transaction rows
67,L2_V38_R1I_STAGE2_OVERLAY,WRITE bank=0x01 addr=0xED data=0x00,NO_PER_TRANSACTION_LEDGER,LEDGER_NOT_AVAILABLE,R3R2R1 did not publish physical per-register autoinit/scan transaction rows
68,L2_V38_R1I_STAGE2_OVERLAY,WRITE bank=0x01 addr=0xFF data=0x05,NO_PER_TRANSACTION_LEDGER,LEDGER_NOT_AVAILABLE,R3R2R1 did not publish physical per-register autoinit/scan transaction rows
69,L2_V38_R1I_STAGE2_OVERLAY,READ bank=0x05 addr=0xFF data=N/A,NO_PER_TRANSACTION_LEDGER,LEDGER_NOT_AVAILABLE,R3R2R1 did not publish physical per-register autoinit/scan transaction rows
70,L2_V38_R1I_STAGE2_OVERLAY,WRITE bank=0x05 addr=0x69 data=0x00,NO_PER_TRANSACTION_LEDGER,LEDGER_NOT_AVAILABLE,R3R2R1 did not publish physical per-register autoinit/scan transaction rows
71,L2_V38_R1I_STAGE2_OVERLAY,WRITE bank=0x05 addr=0x47 data=0x04,NO_PER_TRANSACTION_LEDGER,LEDGER_NOT_AVAILABLE,R3R2R1 did not publish physical per-register autoinit/scan transaction rows
72,L2_V38_R1I_STAGE2_OVERLAY,WRITE bank=0x05 addr=0x50 data=0x84,NO_PER_TRANSACTION_LEDGER,LEDGER_NOT_AVAILABLE,R3R2R1 did not publish physical per-register autoinit/scan transaction rows
73,L2_V38_R1I_STAGE2_OVERLAY,WRITE bank=0x05 addr=0x84 data=0x00,NO_PER_TRANSACTION_LEDGER,LEDGER_NOT_AVAILABLE,R3R2R1 did not publish physical per-register autoinit/scan transaction rows
74,L2_V38_R1I_STAGE2_OVERLAY,WRITE bank=0x05 addr=0x86 data=0x00,NO_PER_TRANSACTION_LEDGER,LEDGER_NOT_AVAILABLE,R3R2R1 did not publish physical per-register autoinit/scan transaction rows
75,L2_V38_R1I_STAGE2_OVERLAY,WRITE bank=0x05 addr=0xD1 data=0x10,NO_PER_TRANSACTION_LEDGER,LEDGER_NOT_AVAILABLE,R3R2R1 did not publish physical per-register autoinit/scan transaction rows
76,L2_V38_R1I_STAGE2_OVERLAY,WRITE bank=0x05 addr=0x57 data=0x00,NO_PER_TRANSACTION_LEDGER,LEDGER_NOT_AVAILABLE,R3R2R1 did not publish physical per-register autoinit/scan transaction rows
77,L2_V38_R1I_STAGE2_OVERLAY,WRITE bank=0x05 addr=0x90 data=0x01,NO_PER_TRANSACTION_LEDGER,LEDGER_NOT_AVAILABLE,R3R2R1 did not publish physical per-register autoinit/scan transaction rows
78,L2_V38_R1I_STAGE2_OVERLAY,WRITE bank=0x05 addr=0x08 data=0x70,NO_PER_TRANSACTION_LEDGER,LEDGER_NOT_AVAILABLE,R3R2R1 did not publish physical per-register autoinit/scan transaction rows
79,L2_V38_R1I_STAGE2_OVERLAY,WRITE bank=0x05 addr=0x11 data=0x04,NO_PER_TRANSACTION_LEDGER,LEDGER_NOT_AVAILABLE,R3R2R1 did not publish physical per-register autoinit/scan transaction rows
80,L2_V38_R1I_STAGE2_OVERLAY,WRITE bank=0x05 addr=0x1B data=0x20,NO_PER_TRANSACTION_LEDGER,LEDGER_NOT_AVAILABLE,R3R2R1 did not publish physical per-register autoinit/scan transaction rows
81,L2_V38_R1I_STAGE2_OVERLAY,WRITE bank=0x05 addr=0x24 data=0x10,NO_PER_TRANSACTION_LEDGER,LEDGER_NOT_AVAILABLE,R3R2R1 did not publish physical per-register autoinit/scan transaction rows
82,L2_V38_R1I_STAGE2_OVERLAY,WRITE bank=0x05 addr=0x25 data=0xCA,NO_PER_TRANSACTION_LEDGER,LEDGER_NOT_AVAILABLE,R3R2R1 did not publish physical per-register autoinit/scan transaction rows
83,L2_V38_R1I_STAGE2_OVERLAY,WRITE bank=0x05 addr=0x26 data=0x30,NO_PER_TRANSACTION_LEDGER,LEDGER_NOT_AVAILABLE,R3R2R1 did not publish physical per-register autoinit/scan transaction rows
84,L2_V38_R1I_STAGE2_OVERLAY,WRITE bank=0x05 addr=0x29 data=0x30,NO_PER_TRANSACTION_LEDGER,LEDGER_NOT_AVAILABLE,R3R2R1 did not publish physical per-register autoinit/scan transaction rows
85,L2_V38_R1I_STAGE2_OVERLAY,WRITE bank=0x05 addr=0x2A data=0x30,NO_PER_TRANSACTION_LEDGER,LEDGER_NOT_AVAILABLE,R3R2R1 did not publish physical per-register autoinit/scan transaction rows
86,L2_V38_R1I_STAGE2_OVERLAY,WRITE bank=0x05 addr=0x2B data=0xA8,NO_PER_TRANSACTION_LEDGER,LEDGER_NOT_AVAILABLE,R3R2R1 did not publish physical per-register autoinit/scan transaction rows
87,L2_V38_R1I_STAGE2_OVERLAY,WRITE bank=0x05 addr=0x5F data=0x70,NO_PER_TRANSACTION_LEDGER,LEDGER_NOT_AVAILABLE,R3R2R1 did not publish physical per-register autoinit/scan transaction rows
88,L2_V38_R1I_STAGE2_OVERLAY,WRITE bank=0x05 addr=0x56 data=0x00,NO_PER_TRANSACTION_LEDGER,LEDGER_NOT_AVAILABLE,R3R2R1 did not publish physical per-register autoinit/scan transaction rows
89,L2_V38_R1I_STAGE2_OVERLAY,WRITE bank=0x05 addr=0x90 data=0x0D,NO_PER_TRANSACTION_LEDGER,LEDGER_NOT_AVAILABLE,R3R2R1 did not publish physical per-register autoinit/scan transaction rows
90,L2_V38_R1I_STAGE2_OVERLAY,WRITE bank=0x05 addr=0x9B data=0x80,NO_PER_TRANSACTION_LEDGER,LEDGER_NOT_AVAILABLE,R3R2R1 did not publish physical per-register autoinit/scan transaction rows
91,L2_V38_R1I_STAGE2_OVERLAY,WRITE bank=0x05 addr=0xB5 data=0x00,NO_PER_TRANSACTION_LEDGER,LEDGER_NOT_AVAILABLE,R3R2R1 did not publish physical per-register autoinit/scan transaction rows
92,L2_V38_R1I_STAGE2_OVERLAY,WRITE bank=0x05 addr=0xB7 data=0xFF,NO_PER_TRANSACTION_LEDGER,LEDGER_NOT_AVAILABLE,R3R2R1 did not publish physical per-register autoinit/scan transaction rows
93,L2_V38_R1I_STAGE2_OVERLAY,WRITE bank=0x05 addr=0xB8 data=0xB8,NO_PER_TRANSACTION_LEDGER,LEDGER_NOT_AVAILABLE,R3R2R1 did not publish physical per-register autoinit/scan transaction rows
94,L2_V38_R1I_STAGE2_OVERLAY,WRITE bank=0x05 addr=0xBB data=0xB8,NO_PER_TRANSACTION_LEDGER,LEDGER_NOT_AVAILABLE,R3R2R1 did not publish physical per-register autoinit/scan transaction rows
95,L2_V38_R1I_STAGE2_OVERLAY,WRITE bank=0x05 addr=0xD1 data=0x20,NO_PER_TRANSACTION_LEDGER,LEDGER_NOT_AVAILABLE,R3R2R1 did not publish physical per-register autoinit/scan transaction rows
96,L2_V38_R1I_STAGE2_OVERLAY,WRITE bank=0x05 addr=0x20 data=0x84,NO_PER_TRANSACTION_LEDGER,LEDGER_NOT_AVAILABLE,R3R2R1 did not publish physical per-register autoinit/scan transaction rows
97,L2_V38_R1I_STAGE2_OVERLAY,WRITE bank=0x05 addr=0x27 data=0x57,NO_PER_TRANSACTION_LEDGER,LEDGER_NOT_AVAILABLE,R3R2R1 did not publish physical per-register autoinit/scan transaction rows
98,L2_V38_R1I_STAGE2_OVERLAY,WRITE bank=0x05 addr=0x76 data=0x01,NO_PER_TRANSACTION_LEDGER,LEDGER_NOT_AVAILABLE,R3R2R1 did not publish physical per-register autoinit/scan transaction rows
99,L2_V38_R1I_STAGE2_OVERLAY,WRITE bank=0x05 addr=0x6E data=0x00,NO_PER_TRANSACTION_LEDGER,LEDGER_NOT_AVAILABLE,R3R2R1 did not publish physical per-register autoinit/scan transaction rows
100,L2_V38_R1I_STAGE2_OVERLAY,WRITE bank=0x05 addr=0x6F data=0x00,NO_PER_TRANSACTION_LEDGER,LEDGER_NOT_AVAILABLE,R3R2R1 did not publish physical per-register autoinit/scan transaction rows
101,L2_V38_R1I_STAGE2_OVERLAY,WRITE bank=0x05 addr=0xFF data=0x09,NO_PER_TRANSACTION_LEDGER,LEDGER_NOT_AVAILABLE,R3R2R1 did not publish physical per-register autoinit/scan transaction rows
102,L2_V38_R1I_STAGE2_OVERLAY,READ bank=0x09 addr=0xFF data=N/A,NO_PER_TRANSACTION_LEDGER,LEDGER_NOT_AVAILABLE,R3R2R1 did not publish physical per-register autoinit/scan transaction rows
103,L2_V38_R1I_STAGE2_OVERLAY,WRITE bank=0x09 addr=0x40 data=0x00,NO_PER_TRANSACTION_LEDGER,LEDGER_NOT_AVAILABLE,R3R2R1 did not publish physical per-register autoinit/scan transaction rows
104,L2_V38_R1I_STAGE2_OVERLAY,WRITE bank=0x09 addr=0x44 data=0x00,NO_PER_TRANSACTION_LEDGER,LEDGER_NOT_AVAILABLE,R3R2R1 did not publish physical per-register autoinit/scan transaction rows
105,L2_V38_R1I_STAGE2_OVERLAY,WRITE bank=0x09 addr=0x50 data=0xCB,NO_PER_TRANSACTION_LEDGER,LEDGER_NOT_AVAILABLE,R3R2R1 did not publish physical per-register autoinit/scan transaction rows
106,L2_V38_R1I_STAGE2_OVERLAY,WRITE bank=0x09 addr=0x51 data=0x8A,NO_PER_TRANSACTION_LEDGER,LEDGER_NOT_AVAILABLE,R3R2R1 did not publish physical per-register autoinit/scan transaction rows
107,L2_V38_R1I_STAGE2_OVERLAY,WRITE bank=0x09 addr=0x52 data=0x09,NO_PER_TRANSACTION_LEDGER,LEDGER_NOT_AVAILABLE,R3R2R1 did not publish physical per-register autoinit/scan transaction rows
108,L2_V38_R1I_STAGE2_OVERLAY,WRITE bank=0x09 addr=0x53 data=0x2A,NO_PER_TRANSACTION_LEDGER,LEDGER_NOT_AVAILABLE,R3R2R1 did not publish physical per-register autoinit/scan transaction rows
109,L2_V38_R1I_STAGE2_OVERLAY,WRITE bank=0x09 addr=0x97 data=0x00,NO_PER_TRANSACTION_LEDGER,LEDGER_NOT_AVAILABLE,R3R2R1 did not publish physical per-register autoinit/scan transaction rows
110,L2_V38_R1I_STAGE2_OVERLAY,WRITE bank=0x09 addr=0x98 data=0x00,NO_PER_TRANSACTION_LEDGER,LEDGER_NOT_AVAILABLE,R3R2R1 did not publish physical per-register autoinit/scan transaction rows
111,L2_V38_R1I_STAGE2_OVERLAY,WRITE bank=0x09 addr=0x99 data=0x00,NO_PER_TRANSACTION_LEDGER,LEDGER_NOT_AVAILABLE,R3R2R1 did not publish physical per-register autoinit/scan transaction rows
112,L2_V38_R1I_STAGE2_OVERLAY,WRITE bank=0x09 addr=0xFF data=0x02,NO_PER_TRANSACTION_LEDGER,LEDGER_NOT_AVAILABLE,R3R2R1 did not publish physical per-register autoinit/scan transaction rows
113,L2_V38_R1I_STAGE2_OVERLAY,READ bank=0x02 addr=0xFF data=N/A,NO_PER_TRANSACTION_LEDGER,LEDGER_NOT_AVAILABLE,R3R2R1 did not publish physical per-register autoinit/scan transaction rows
114,L2_V38_R1I_STAGE2_OVERLAY,WRITE bank=0x02 addr=0x02 data=0x03,NO_PER_TRANSACTION_LEDGER,LEDGER_NOT_AVAILABLE,R3R2R1 did not publish physical per-register autoinit/scan transaction rows
115,L2_V38_R1I_STAGE2_OVERLAY,WRITE bank=0x02 addr=0x28 data=0x01,NO_PER_TRANSACTION_LEDGER,LEDGER_NOT_AVAILABLE,R3R2R1 did not publish physical per-register autoinit/scan transaction rows
116,L2_V38_R1I_STAGE2_OVERLAY,WRITE bank=0x02 addr=0x29 data=0x3C,NO_PER_TRANSACTION_LEDGER,LEDGER_NOT_AVAILABLE,R3R2R1 did not publish physical per-register autoinit/scan transaction rows
117,L2_V38_R1I_STAGE2_OVERLAY,WRITE bank=0x02 addr=0x2A data=0x0C,NO_PER_TRANSACTION_LEDGER,LEDGER_NOT_AVAILABLE,R3R2R1 did not publish physical per-register autoinit/scan transaction rows
118,L2_V38_R1I_STAGE2_OVERLAY,WRITE bank=0x02 addr=0x2B data=0x06,NO_PER_TRANSACTION_LEDGER,LEDGER_NOT_AVAILABLE,R3R2R1 did not publish physical per-register autoinit/scan transaction rows
119,L2_V38_R1I_STAGE2_OVERLAY,WRITE bank=0x02 addr=0x2C data=0x36,NO_PER_TRANSACTION_LEDGER,LEDGER_NOT_AVAILABLE,R3R2R1 did not publish physical per-register autoinit/scan transaction rows
120,L2_V38_R1I_STAGE2_OVERLAY,WRITE bank=0x02 addr=0xFF data=0x11,NO_PER_TRANSACTION_LEDGER,LEDGER_NOT_AVAILABLE,R3R2R1 did not publish physical per-register autoinit/scan transaction rows
121,L2_V38_R1I_STAGE2_OVERLAY,READ bank=0x11 addr=0xFF data=N/A,NO_PER_TRANSACTION_LEDGER,LEDGER_NOT_AVAILABLE,R3R2R1 did not publish physical per-register autoinit/scan transaction rows
122,L2_V38_R1I_STAGE2_OVERLAY,WRITE bank=0x11 addr=0x00 data=0x00,NO_PER_TRANSACTION_LEDGER,LEDGER_NOT_AVAILABLE,R3R2R1 did not publish physical per-register autoinit/scan transaction rows
123,L2_V38_R1I_STAGE2_OVERLAY,WRITE bank=0x11 addr=0xFF data=0x01,NO_PER_TRANSACTION_LEDGER,LEDGER_NOT_AVAILABLE,R3R2R1 did not publish physical per-register autoinit/scan transaction rows
124,L2_V38_R1I_STAGE2_OVERLAY,READ bank=0x01 addr=0xFF data=N/A,NO_PER_TRANSACTION_LEDGER,LEDGER_NOT_AVAILABLE,R3R2R1 did not publish physical per-register autoinit/scan transaction rows
125,L2_V38_R1I_STAGE2_OVERLAY,WRITE bank=0x01 addr=0x84 data=0x47,NO_PER_TRANSACTION_LEDGER,LEDGER_NOT_AVAILABLE,R3R2R1 did not publish physical per-register autoinit/scan transaction rows
126,L2_V38_R1I_STAGE2_OVERLAY,WRITE bank=0x01 addr=0x8C data=0xA7,NO_PER_TRANSACTION_LEDGER,LEDGER_NOT_AVAILABLE,R3R2R1 did not publish physical per-register autoinit/scan transaction rows
127,L2_V38_R1I_STAGE2_OVERLAY,WRITE bank=0x01 addr=0xFF data=0x00,NO_PER_TRANSACTION_LEDGER,LEDGER_NOT_AVAILABLE,R3R2R1 did not publish physical per-register autoinit/scan transaction rows
128,L2_V38_R1I_STAGE2_OVERLAY,READ bank=0x00 addr=0xFF data=N/A,NO_PER_TRANSACTION_LEDGER,LEDGER_NOT_AVAILABLE,R3R2R1 did not publish physical per-register autoinit/scan transaction rows
129,L2_V38_R1I_STAGE2_OVERLAY,WRITE bank=0x00 addr=0x40 data=0x00,NO_PER_TRANSACTION_LEDGER,LEDGER_NOT_AVAILABLE,R3R2R1 did not publish physical per-register autoinit/scan transaction rows
130,L2_V38_R1I_STAGE2_OVERLAY,WRITE bank=0x00 addr=0x81 data=0x70,NO_PER_TRANSACTION_LEDGER,LEDGER_NOT_AVAILABLE,R3R2R1 did not publish physical per-register autoinit/scan transaction rows
131,L2_V38_R1I_STAGE2_OVERLAY,WRITE bank=0x00 addr=0x85 data=0x00,NO_PER_TRANSACTION_LEDGER,LEDGER_NOT_AVAILABLE,R3R2R1 did not publish physical per-register autoinit/scan transaction rows
132,L2_V38_R1I_STAGE2_OVERLAY,WRITE bank=0x00 addr=0x18 data=0x14,NO_PER_TRANSACTION_LEDGER,LEDGER_NOT_AVAILABLE,R3R2R1 did not publish physical per-register autoinit/scan transaction rows
133,L2_V38_R1I_STAGE2_OVERLAY,WRITE bank=0x00 addr=0x30 data=0x10,NO_PER_TRANSACTION_LEDGER,LEDGER_NOT_AVAILABLE,R3R2R1 did not publish physical per-register autoinit/scan transaction rows
134,L2_V38_R1I_STAGE2_OVERLAY,WRITE bank=0x00 addr=0x58 data=0x30,NO_PER_TRANSACTION_LEDGER,LEDGER_NOT_AVAILABLE,R3R2R1 did not publish physical per-register autoinit/scan transaction rows
135,L2_V38_R1I_STAGE2_OVERLAY,WRITE bank=0x00 addr=0x5C data=0x1E,NO_PER_TRANSACTION_LEDGER,LEDGER_NOT_AVAILABLE,R3R2R1 did not publish physical per-register autoinit/scan transaction rows
136,L2_V38_R1I_STAGE2_OVERLAY,WRITE bank=0x00 addr=0x64 data=0x2D,NO_PER_TRANSACTION_LEDGER,LEDGER_NOT_AVAILABLE,R3R2R1 did not publish physical per-register autoinit/scan transaction rows
137,L2_V38_R1I_STAGE2_OVERLAY,WRITE bank=0x00 addr=0x89 data=0x10,NO_PER_TRANSACTION_LEDGER,LEDGER_NOT_AVAILABLE,R3R2R1 did not publish physical per-register autoinit/scan transaction rows
138,L2_V38_R1I_STAGE2_OVERLAY,WRITE bank=0x00 addr=0x8E data=0x30,NO_PER_TRANSACTION_LEDGER,LEDGER_NOT_AVAILABLE,R3R2R1 did not publish physical per-register autoinit/scan transaction rows
139,L2_V38_R1I_STAGE2_OVERLAY,WRITE bank=0x00 addr=0xA0 data=0x18,NO_PER_TRANSACTION_LEDGER,LEDGER_NOT_AVAILABLE,R3R2R1 did not publish physical per-register autoinit/scan transaction rows
140,L2_V38_R1I_STAGE2_OVERLAY,WRITE bank=0x00 addr=0xA4 data=0x00,NO_PER_TRANSACTION_LEDGER,LEDGER_NOT_AVAILABLE,R3R2R1 did not publish physical per-register autoinit/scan transaction rows
141,L2_V38_R1I_STAGE2_OVERLAY,WRITE bank=0x00 addr=0xFF data=0x05,NO_PER_TRANSACTION_LEDGER,LEDGER_NOT_AVAILABLE,R3R2R1 did not publish physical per-register autoinit/scan transaction rows
142,L2_V38_R1I_STAGE2_OVERLAY,READ bank=0x05 addr=0xFF data=N/A,NO_PER_TRANSACTION_LEDGER,LEDGER_NOT_AVAILABLE,R3R2R1 did not publish physical per-register autoinit/scan transaction rows
143,L2_V38_R1I_STAGE2_OVERLAY,WRITE bank=0x05 addr=0x64 data=0x00,NO_PER_TRANSACTION_LEDGER,LEDGER_NOT_AVAILABLE,R3R2R1 did not publish physical per-register autoinit/scan transaction rows
144,L2_V38_R1I_STAGE2_OVERLAY,WRITE bank=0x05 addr=0xFF data=0x02,NO_PER_TRANSACTION_LEDGER,LEDGER_NOT_AVAILABLE,R3R2R1 did not publish physical per-register autoinit/scan transaction rows
145,L2_V38_R1I_STAGE2_OVERLAY,READ bank=0x02 addr=0xFF data=N/A,NO_PER_TRANSACTION_LEDGER,LEDGER_NOT_AVAILABLE,R3R2R1 did not publish physical per-register autoinit/scan transaction rows
146,L2_V38_R1I_STAGE2_OVERLAY,WRITE bank=0x02 addr=0x28 data=0x00,NO_PER_TRANSACTION_LEDGER,LEDGER_NOT_AVAILABLE,R3R2R1 did not publish physical per-register autoinit/scan transaction rows
147,L2_V38_R1I_STAGE2_OVERLAY,WRITE bank=0x02 addr=0x29 data=0x2D,NO_PER_TRANSACTION_LEDGER,LEDGER_NOT_AVAILABLE,R3R2R1 did not publish physical per-register autoinit/scan transaction rows
148,L2_V38_R1I_STAGE2_OVERLAY,WRITE bank=0x02 addr=0x2A data=0x0C,NO_PER_TRANSACTION_LEDGER,LEDGER_NOT_AVAILABLE,R3R2R1 did not publish physical per-register autoinit/scan transaction rows
149,L2_V38_R1I_STAGE2_OVERLAY,WRITE bank=0x02 addr=0x2C data=0x27,NO_PER_TRANSACTION_LEDGER,LEDGER_NOT_AVAILABLE,R3R2R1 did not publish physical per-register autoinit/scan transaction rows
150,L2_V38_R1I_STAGE2_OVERLAY,WRITE bank=0x02 addr=0xFF data=0x05,NO_PER_TRANSACTION_LEDGER,LEDGER_NOT_AVAILABLE,R3R2R1 did not publish physical per-register autoinit/scan transaction rows
151,L2_V38_R1I_STAGE2_OVERLAY,READ bank=0x05 addr=0xFF data=N/A,NO_PER_TRANSACTION_LEDGER,LEDGER_NOT_AVAILABLE,R3R2R1 did not publish physical per-register autoinit/scan transaction rows
152,L2_V38_R1I_STAGE2_OVERLAY,WRITE bank=0x05 addr=0x59 data=0x11,NO_PER_TRANSACTION_LEDGER,LEDGER_NOT_AVAILABLE,R3R2R1 did not publish physical per-register autoinit/scan transaction rows
153,L2_V38_R1I_STAGE2_OVERLAY,WRITE bank=0x05 addr=0x01 data=0x00,NO_PER_TRANSACTION_LEDGER,LEDGER_NOT_AVAILABLE,R3R2R1 did not publish physical per-register autoinit/scan transaction rows
154,L2_V38_R1I_STAGE2_OVERLAY,WRITE bank=0x05 addr=0x58 data=0x00,NO_PER_TRANSACTION_LEDGER,LEDGER_NOT_AVAILABLE,R3R2R1 did not publish physical per-register autoinit/scan transaction rows
155,L2_V38_R1I_STAGE2_OVERLAY,WRITE bank=0x05 addr=0x59 data=0x00,NO_PER_TRANSACTION_LEDGER,LEDGER_NOT_AVAILABLE,R3R2R1 did not publish physical per-register autoinit/scan transaction rows
156,L2_V38_R1I_STAGE2_OVERLAY,WRITE bank=0x05 addr=0xFF data=0x00,NO_PER_TRANSACTION_LEDGER,LEDGER_NOT_AVAILABLE,R3R2R1 did not publish physical per-register autoinit/scan transaction rows
157,L2_V38_R1I_STAGE2_OVERLAY,READ bank=0x00 addr=0xFF data=N/A,NO_PER_TRANSACTION_LEDGER,LEDGER_NOT_AVAILABLE,R3R2R1 did not publish physical per-register autoinit/scan transaction rows
158,L2_V38_R1I_STAGE2_OVERLAY,WRITE bank=0x00 addr=0x00 data=0x00,NO_PER_TRANSACTION_LEDGER,LEDGER_NOT_AVAILABLE,R3R2R1 did not publish physical per-register autoinit/scan transaction rows
159,L2_V38_R1I_STAGE2_OVERLAY,WRITE bank=0x00 addr=0x56 data=0x10,NO_PER_TRANSACTION_LEDGER,LEDGER_NOT_AVAILABLE,R3R2R1 did not publish physical per-register autoinit/scan transaction rows
160,L2_V38_R1I_STAGE2_OVERLAY,WRITE bank=0x00 addr=0xFF data=0x01,NO_PER_TRANSACTION_LEDGER,LEDGER_NOT_AVAILABLE,R3R2R1 did not publish physical per-register autoinit/scan transaction rows
161,L2_V38_R1I_STAGE2_OVERLAY,READ bank=0x01 addr=0xFF data=N/A,NO_PER_TRANSACTION_LEDGER,LEDGER_NOT_AVAILABLE,R3R2R1 did not publish physical per-register autoinit/scan transaction rows
162,L2_V38_R1I_STAGE2_OVERLAY,WRITE bank=0x01 addr=0xC2 data=0x00,NO_PER_TRANSACTION_LEDGER,LEDGER_NOT_AVAILABLE,R3R2R1 did not publish physical per-register autoinit/scan transaction rows
163,L2_V38_R1I_STAGE2_OVERLAY,WRITE bank=0x01 addr=0xC3 data=0x00,NO_PER_TRANSACTION_LEDGER,LEDGER_NOT_AVAILABLE,R3R2R1 did not publish physical per-register autoinit/scan transaction rows
164,L2_V38_R1I_STAGE2_OVERLAY,WRITE bank=0x01 addr=0xC8 data=0x00,NO_PER_TRANSACTION_LEDGER,LEDGER_NOT_AVAILABLE,R3R2R1 did not publish physical per-register autoinit/scan transaction rows
165,L2_V38_R1I_STAGE2_OVERLAY,WRITE bank=0x01 addr=0xCD data=0x86,NO_PER_TRANSACTION_LEDGER,LEDGER_NOT_AVAILABLE,R3R2R1 did not publish physical per-register autoinit/scan transaction rows
166,L2_V38_R1I_STAGE2_OVERLAY,WRITE bank=0x01 addr=0xFF data=0x00,NO_PER_TRANSACTION_LEDGER,LEDGER_NOT_AVAILABLE,R3R2R1 did not publish physical per-register autoinit/scan transaction rows
167,L2_V38_R1I_STAGE2_OVERLAY,READ bank=0x00 addr=0xFF data=N/A,NO_PER_TRANSACTION_LEDGER,LEDGER_NOT_AVAILABLE,R3R2R1 did not publish physical per-register autoinit/scan transaction rows
168,L2_V38_R1I_STAGE2_OVERLAY,WRITE bank=0x00 addr=0x00 data=0x00,NO_PER_TRANSACTION_LEDGER,LEDGER_NOT_AVAILABLE,R3R2R1 did not publish physical per-register autoinit/scan transaction rows
169,L3_ALL_CHANNEL_PUBLIC_OVERLAY,WRITE bank=0x00 addr=0xFF data=0x00,NO_PER_TRANSACTION_LEDGER,LEDGER_NOT_AVAILABLE,R3R2R1 did not publish physical per-register autoinit/scan transaction rows
170,L3_ALL_CHANNEL_PUBLIC_OVERLAY,WRITE bank=0x00 addr=0x80 data=0x0F,NO_PER_TRANSACTION_LEDGER,LEDGER_NOT_AVAILABLE,R3R2R1 did not publish physical per-register autoinit/scan transaction rows
171,L3_ALL_CHANNEL_PUBLIC_OVERLAY,WRITE bank=0x00 addr=0xB8 data=0x00,NO_PER_TRANSACTION_LEDGER,LEDGER_NOT_AVAILABLE,R3R2R1 did not publish physical per-register autoinit/scan transaction rows
172,L3_ALL_CHANNEL_PUBLIC_OVERLAY,WRITE bank=0x00 addr=0x00 data=0x00,NO_PER_TRANSACTION_LEDGER,LEDGER_NOT_AVAILABLE,R3R2R1 did not publish physical per-register autoinit/scan transaction rows
173,L3_ALL_CHANNEL_PUBLIC_OVERLAY,WRITE bank=0x00 addr=0x01 data=0x00,NO_PER_TRANSACTION_LEDGER,LEDGER_NOT_AVAILABLE,R3R2R1 did not publish physical per-register autoinit/scan transaction rows
174,L3_ALL_CHANNEL_PUBLIC_OVERLAY,WRITE bank=0x00 addr=0x02 data=0x00,NO_PER_TRANSACTION_LEDGER,LEDGER_NOT_AVAILABLE,R3R2R1 did not publish physical per-register autoinit/scan transaction rows
175,L3_ALL_CHANNEL_PUBLIC_OVERLAY,WRITE bank=0x00 addr=0x03 data=0x00,NO_PER_TRANSACTION_LEDGER,LEDGER_NOT_AVAILABLE,R3R2R1 did not publish physical per-register autoinit/scan transaction rows
176,L3_ALL_CHANNEL_PUBLIC_OVERLAY,WRITE bank=0x00 addr=0x08 data=0x00,NO_PER_TRANSACTION_LEDGER,LEDGER_NOT_AVAILABLE,R3R2R1 did not publish physical per-register autoinit/scan transaction rows
177,L3_ALL_CHANNEL_PUBLIC_OVERLAY,WRITE bank=0x00 addr=0x09 data=0x00,NO_PER_TRANSACTION_LEDGER,LEDGER_NOT_AVAILABLE,R3R2R1 did not publish physical per-register autoinit/scan transaction rows
178,L3_ALL_CHANNEL_PUBLIC_OVERLAY,WRITE bank=0x00 addr=0x0A data=0x00,NO_PER_TRANSACTION_LEDGER,LEDGER_NOT_AVAILABLE,R3R2R1 did not publish physical per-register autoinit/scan transaction rows
179,L3_ALL_CHANNEL_PUBLIC_OVERLAY,WRITE bank=0x00 addr=0x0B data=0x00,NO_PER_TRANSACTION_LEDGER,LEDGER_NOT_AVAILABLE,R3R2R1 did not publish physical per-register autoinit/scan transaction rows
180,L3_ALL_CHANNEL_PUBLIC_OVERLAY,WRITE bank=0x00 addr=0x81 data=0x03,NO_PER_TRANSACTION_LEDGER,LEDGER_NOT_AVAILABLE,R3R2R1 did not publish physical per-register autoinit/scan transaction rows
181,L3_ALL_CHANNEL_PUBLIC_OVERLAY,WRITE bank=0x00 addr=0x82 data=0x03,NO_PER_TRANSACTION_LEDGER,LEDGER_NOT_AVAILABLE,R3R2R1 did not publish physical per-register autoinit/scan transaction rows
182,L3_ALL_CHANNEL_PUBLIC_OVERLAY,WRITE bank=0x00 addr=0x83 data=0x03,NO_PER_TRANSACTION_LEDGER,LEDGER_NOT_AVAILABLE,R3R2R1 did not publish physical per-register autoinit/scan transaction rows
183,L3_ALL_CHANNEL_PUBLIC_OVERLAY,WRITE bank=0x00 addr=0x84 data=0x03,NO_PER_TRANSACTION_LEDGER,LEDGER_NOT_AVAILABLE,R3R2R1 did not publish physical per-register autoinit/scan transaction rows
184,L3_ALL_CHANNEL_PUBLIC_OVERLAY,WRITE bank=0x00 addr=0x85 data=0x00,NO_PER_TRANSACTION_LEDGER,LEDGER_NOT_AVAILABLE,R3R2R1 did not publish physical per-register autoinit/scan transaction rows
185,L3_ALL_CHANNEL_PUBLIC_OVERLAY,WRITE bank=0x00 addr=0x86 data=0x00,NO_PER_TRANSACTION_LEDGER,LEDGER_NOT_AVAILABLE,R3R2R1 did not publish physical per-register autoinit/scan transaction rows
186,L3_ALL_CHANNEL_PUBLIC_OVERLAY,WRITE bank=0x00 addr=0x87 data=0x00,NO_PER_TRANSACTION_LEDGER,LEDGER_NOT_AVAILABLE,R3R2R1 did not publish physical per-register autoinit/scan transaction rows
187,L3_ALL_CHANNEL_PUBLIC_OVERLAY,WRITE bank=0x00 addr=0x88 data=0x00,NO_PER_TRANSACTION_LEDGER,LEDGER_NOT_AVAILABLE,R3R2R1 did not publish physical per-register autoinit/scan transaction rows
188,L3_ALL_CHANNEL_PUBLIC_OVERLAY,WRITE bank=0x00 addr=0x78 data=0x88,NO_PER_TRANSACTION_LEDGER,LEDGER_NOT_AVAILABLE,R3R2R1 did not publish physical per-register autoinit/scan transaction rows
189,L3_ALL_CHANNEL_PUBLIC_OVERLAY,WRITE bank=0x00 addr=0x79 data=0x88,NO_PER_TRANSACTION_LEDGER,LEDGER_NOT_AVAILABLE,R3R2R1 did not publish physical per-register autoinit/scan transaction rows
190,L3_ALL_CHANNEL_PUBLIC_OVERLAY,WRITE bank=0x00 addr=0x7A data=0x11,NO_PER_TRANSACTION_LEDGER,LEDGER_NOT_AVAILABLE,R3R2R1 did not publish physical per-register autoinit/scan transaction rows
191,L3_ALL_CHANNEL_PUBLIC_OVERLAY,WRITE bank=0x00 addr=0x7B data=0x11,NO_PER_TRANSACTION_LEDGER,LEDGER_NOT_AVAILABLE,R3R2R1 did not publish physical per-register autoinit/scan transaction rows
192,L3_ALL_CHANNEL_PUBLIC_OVERLAY,WRITE bank=0x00 addr=0xFF data=0x01,NO_PER_TRANSACTION_LEDGER,LEDGER_NOT_AVAILABLE,R3R2R1 did not publish physical per-register autoinit/scan transaction rows
193,L3_ALL_CHANNEL_PUBLIC_OVERLAY,READ bank=0x01 addr=0xFF data=N/A,NO_PER_TRANSACTION_LEDGER,LEDGER_NOT_AVAILABLE,R3R2R1 did not publish physical per-register autoinit/scan transaction rows
194,L3_ALL_CHANNEL_PUBLIC_OVERLAY,WRITE bank=0x01 addr=0xFF data=0x01,NO_PER_TRANSACTION_LEDGER,LEDGER_NOT_AVAILABLE,R3R2R1 did not publish physical per-register autoinit/scan transaction rows
195,L3_ALL_CHANNEL_PUBLIC_OVERLAY,WRITE bank=0x01 addr=0x84 data=0x00,NO_PER_TRANSACTION_LEDGER,LEDGER_NOT_AVAILABLE,R3R2R1 did not publish physical per-register autoinit/scan transaction rows
196,L3_ALL_CHANNEL_PUBLIC_OVERLAY,WRITE bank=0x01 addr=0x85 data=0x01,NO_PER_TRANSACTION_LEDGER,LEDGER_NOT_AVAILABLE,R3R2R1 did not publish physical per-register autoinit/scan transaction rows
197,L3_ALL_CHANNEL_PUBLIC_OVERLAY,WRITE bank=0x01 addr=0x86 data=0x02,NO_PER_TRANSACTION_LEDGER,LEDGER_NOT_AVAILABLE,R3R2R1 did not publish physical per-register autoinit/scan transaction rows
198,L3_ALL_CHANNEL_PUBLIC_OVERLAY,WRITE bank=0x01 addr=0x87 data=0x03,NO_PER_TRANSACTION_LEDGER,LEDGER_NOT_AVAILABLE,R3R2R1 did not publish physical per-register autoinit/scan transaction rows
199,L3_ALL_CHANNEL_PUBLIC_OVERLAY,WRITE bank=0x01 addr=0x8C data=0x40,NO_PER_TRANSACTION_LEDGER,LEDGER_NOT_AVAILABLE,R3R2R1 did not publish physical per-register autoinit/scan transaction rows
200,L3_ALL_CHANNEL_PUBLIC_OVERLAY,WRITE bank=0x01 addr=0x8D data=0x41,NO_PER_TRANSACTION_LEDGER,LEDGER_NOT_AVAILABLE,R3R2R1 did not publish physical per-register autoinit/scan transaction rows
201,L3_ALL_CHANNEL_PUBLIC_OVERLAY,WRITE bank=0x01 addr=0x8E data=0x42,NO_PER_TRANSACTION_LEDGER,LEDGER_NOT_AVAILABLE,R3R2R1 did not publish physical per-register autoinit/scan transaction rows
202,L3_ALL_CHANNEL_PUBLIC_OVERLAY,WRITE bank=0x01 addr=0x8F data=0x43,NO_PER_TRANSACTION_LEDGER,LEDGER_NOT_AVAILABLE,R3R2R1 did not publish physical per-register autoinit/scan transaction rows
203,L3_ALL_CHANNEL_PUBLIC_OVERLAY,WRITE bank=0x01 addr=0x97 data=0x0F,NO_PER_TRANSACTION_LEDGER,LEDGER_NOT_AVAILABLE,R3R2R1 did not publish physical per-register autoinit/scan transaction rows
204,L3_ALL_CHANNEL_PUBLIC_OVERLAY,WRITE bank=0x01 addr=0x98 data=0x00,NO_PER_TRANSACTION_LEDGER,LEDGER_NOT_AVAILABLE,R3R2R1 did not publish physical per-register autoinit/scan transaction rows
205,L3_ALL_CHANNEL_PUBLIC_OVERLAY,WRITE bank=0x01 addr=0xC2 data=0x00,NO_PER_TRANSACTION_LEDGER,LEDGER_NOT_AVAILABLE,R3R2R1 did not publish physical per-register autoinit/scan transaction rows
206,L3_ALL_CHANNEL_PUBLIC_OVERLAY,WRITE bank=0x01 addr=0xC3 data=0x00,NO_PER_TRANSACTION_LEDGER,LEDGER_NOT_AVAILABLE,R3R2R1 did not publish physical per-register autoinit/scan transaction rows
207,L3_ALL_CHANNEL_PUBLIC_OVERLAY,WRITE bank=0x01 addr=0xC4 data=0x00,NO_PER_TRANSACTION_LEDGER,LEDGER_NOT_AVAILABLE,R3R2R1 did not publish physical per-register autoinit/scan transaction rows
208,L3_ALL_CHANNEL_PUBLIC_OVERLAY,WRITE bank=0x01 addr=0xC5 data=0x00,NO_PER_TRANSACTION_LEDGER,LEDGER_NOT_AVAILABLE,R3R2R1 did not publish physical per-register autoinit/scan transaction rows
209,L3_ALL_CHANNEL_PUBLIC_OVERLAY,WRITE bank=0x01 addr=0xC8 data=0x00,NO_PER_TRANSACTION_LEDGER,LEDGER_NOT_AVAILABLE,R3R2R1 did not publish physical per-register autoinit/scan transaction rows
210,L3_ALL_CHANNEL_PUBLIC_OVERLAY,WRITE bank=0x01 addr=0xC9 data=0x00,NO_PER_TRANSACTION_LEDGER,LEDGER_NOT_AVAILABLE,R3R2R1 did not publish physical per-register autoinit/scan transaction rows
211,L3_ALL_CHANNEL_PUBLIC_OVERLAY,WRITE bank=0x01 addr=0xCA data=0x22,NO_PER_TRANSACTION_LEDGER,LEDGER_NOT_AVAILABLE,R3R2R1 did not publish physical per-register autoinit/scan transaction rows
212,L3_ALL_CHANNEL_PUBLIC_OVERLAY,WRITE bank=0x01 addr=0xCB data=0x00,NO_PER_TRANSACTION_LEDGER,LEDGER_NOT_AVAILABLE,R3R2R1 did not publish physical per-register autoinit/scan transaction rows
213,L3_ALL_CHANNEL_PUBLIC_OVERLAY,WRITE bank=0x01 addr=0xCD data=0x4A,NO_PER_TRANSACTION_LEDGER,LEDGER_NOT_AVAILABLE,R3R2R1 did not publish physical per-register autoinit/scan transaction rows
214,L3_ALL_CHANNEL_PUBLIC_OVERLAY,WRITE bank=0x01 addr=0xCE data=0x46,NO_PER_TRANSACTION_LEDGER,LEDGER_NOT_AVAILABLE,R3R2R1 did not publish physical per-register autoinit/scan transaction rows
215,L3_ALL_CHANNEL_PUBLIC_OVERLAY,WRITE bank=0x01 addr=0xFF data=0x09,NO_PER_TRANSACTION_LEDGER,LEDGER_NOT_AVAILABLE,R3R2R1 did not publish physical per-register autoinit/scan transaction rows
216,L3_ALL_CHANNEL_PUBLIC_OVERLAY,READ bank=0x09 addr=0xFF data=N/A,NO_PER_TRANSACTION_LEDGER,LEDGER_NOT_AVAILABLE,R3R2R1 did not publish physical per-register autoinit/scan transaction rows
217,L3_ALL_CHANNEL_PUBLIC_OVERLAY,WRITE bank=0x09 addr=0xFF data=0x09,NO_PER_TRANSACTION_LEDGER,LEDGER_NOT_AVAILABLE,R3R2R1 did not publish physical per-register autoinit/scan transaction rows
218,L3_ALL_CHANNEL_PUBLIC_OVERLAY,WRITE bank=0x09 addr=0x40 data=0x00,NO_PER_TRANSACTION_LEDGER,LEDGER_NOT_AVAILABLE,R3R2R1 did not publish physical per-register autoinit/scan transaction rows
219,L3_ALL_CHANNEL_PUBLIC_OVERLAY,WRITE bank=0x09 addr=0x44 data=0x00,NO_PER_TRANSACTION_LEDGER,LEDGER_NOT_AVAILABLE,R3R2R1 did not publish physical per-register autoinit/scan transaction rows
220,L3_ALL_CHANNEL_PUBLIC_OVERLAY,WRITE bank=0x09 addr=0x50 data=0xAB,NO_PER_TRANSACTION_LEDGER,LEDGER_NOT_AVAILABLE,R3R2R1 did not publish physical per-register autoinit/scan transaction rows
221,L3_ALL_CHANNEL_PUBLIC_OVERLAY,WRITE bank=0x09 addr=0x51 data=0x7D,NO_PER_TRANSACTION_LEDGER,LEDGER_NOT_AVAILABLE,R3R2R1 did not publish physical per-register autoinit/scan transaction rows
222,L3_ALL_CHANNEL_PUBLIC_OVERLAY,WRITE bank=0x09 addr=0x52 data=0xC3,NO_PER_TRANSACTION_LEDGER,LEDGER_NOT_AVAILABLE,R3R2R1 did not publish physical per-register autoinit/scan transaction rows
223,L3_ALL_CHANNEL_PUBLIC_OVERLAY,WRITE bank=0x09 addr=0x53 data=0x52,NO_PER_TRANSACTION_LEDGER,LEDGER_NOT_AVAILABLE,R3R2R1 did not publish physical per-register autoinit/scan transaction rows
224,L3_ALL_CHANNEL_PUBLIC_OVERLAY,WRITE bank=0x09 addr=0x54 data=0xAB,NO_PER_TRANSACTION_LEDGER,LEDGER_NOT_AVAILABLE,R3R2R1 did not publish physical per-register autoinit/scan transaction rows
225,L3_ALL_CHANNEL_PUBLIC_OVERLAY,WRITE bank=0x09 addr=0x55 data=0x7D,NO_PER_TRANSACTION_LEDGER,LEDGER_NOT_AVAILABLE,R3R2R1 did not publish physical per-register autoinit/scan transaction rows
226,L3_ALL_CHANNEL_PUBLIC_OVERLAY,WRITE bank=0x09 addr=0x56 data=0xC3,NO_PER_TRANSACTION_LEDGER,LEDGER_NOT_AVAILABLE,R3R2R1 did not publish physical per-register autoinit/scan transaction rows
227,L3_ALL_CHANNEL_PUBLIC_OVERLAY,WRITE bank=0x09 addr=0x57 data=0x52,NO_PER_TRANSACTION_LEDGER,LEDGER_NOT_AVAILABLE,R3R2R1 did not publish physical per-register autoinit/scan transaction rows
228,L3_ALL_CHANNEL_PUBLIC_OVERLAY,WRITE bank=0x09 addr=0x58 data=0xAB,NO_PER_TRANSACTION_LEDGER,LEDGER_NOT_AVAILABLE,R3R2R1 did not publish physical per-register autoinit/scan transaction rows
229,L3_ALL_CHANNEL_PUBLIC_OVERLAY,WRITE bank=0x09 addr=0x59 data=0x7D,NO_PER_TRANSACTION_LEDGER,LEDGER_NOT_AVAILABLE,R3R2R1 did not publish physical per-register autoinit/scan transaction rows
230,L3_ALL_CHANNEL_PUBLIC_OVERLAY,WRITE bank=0x09 addr=0x5A data=0xC3,NO_PER_TRANSACTION_LEDGER,LEDGER_NOT_AVAILABLE,R3R2R1 did not publish physical per-register autoinit/scan transaction rows
231,L3_ALL_CHANNEL_PUBLIC_OVERLAY,WRITE bank=0x09 addr=0x5B data=0x52,NO_PER_TRANSACTION_LEDGER,LEDGER_NOT_AVAILABLE,R3R2R1 did not publish physical per-register autoinit/scan transaction rows
232,L3_ALL_CHANNEL_PUBLIC_OVERLAY,WRITE bank=0x09 addr=0x5C data=0xAB,NO_PER_TRANSACTION_LEDGER,LEDGER_NOT_AVAILABLE,R3R2R1 did not publish physical per-register autoinit/scan transaction rows
233,L3_ALL_CHANNEL_PUBLIC_OVERLAY,WRITE bank=0x09 addr=0x5D data=0x7D,NO_PER_TRANSACTION_LEDGER,LEDGER_NOT_AVAILABLE,R3R2R1 did not publish physical per-register autoinit/scan transaction rows
234,L3_ALL_CHANNEL_PUBLIC_OVERLAY,WRITE bank=0x09 addr=0x5E data=0xC3,NO_PER_TRANSACTION_LEDGER,LEDGER_NOT_AVAILABLE,R3R2R1 did not publish physical per-register autoinit/scan transaction rows
235,L3_ALL_CHANNEL_PUBLIC_OVERLAY,WRITE bank=0x09 addr=0x5F data=0x52,NO_PER_TRANSACTION_LEDGER,LEDGER_NOT_AVAILABLE,R3R2R1 did not publish physical per-register autoinit/scan transaction rows
236,L3_ALL_CHANNEL_PUBLIC_OVERLAY,WRITE bank=0x09 addr=0xFF data=0x00,NO_PER_TRANSACTION_LEDGER,LEDGER_NOT_AVAILABLE,R3R2R1 did not publish physical per-register autoinit/scan transaction rows
237,L3_ALL_CHANNEL_PUBLIC_OVERLAY,READ bank=0x00 addr=0xFF data=N/A,NO_PER_TRANSACTION_LEDGER,LEDGER_NOT_AVAILABLE,R3R2R1 did not publish physical per-register autoinit/scan transaction rows
238,L3_ALL_CHANNEL_PUBLIC_OVERLAY,WRITE bank=0x00 addr=0xFF data=0x00,NO_PER_TRANSACTION_LEDGER,LEDGER_NOT_AVAILABLE,R3R2R1 did not publish physical per-register autoinit/scan transaction rows
239,L3_ALL_CHANNEL_PUBLIC_OVERLAY,WRITE bank=0x00 addr=0xB8 data=0x00,NO_PER_TRANSACTION_LEDGER,LEDGER_NOT_AVAILABLE,R3R2R1 did not publish physical per-register autoinit/scan transaction rows
240,L3_ALL_CHANNEL_PUBLIC_OVERLAY,WRITE bank=0x00 addr=0xFF data=0x00,NO_PER_TRANSACTION_LEDGER,LEDGER_NOT_AVAILABLE,R3R2R1 did not publish physical per-register autoinit/scan transaction rows
241,L3_ALL_CHANNEL_PUBLIC_OVERLAY,WRITE bank=0x00 addr=0xFF data=0x00,NO_PER_TRANSACTION_LEDGER,LEDGER_NOT_AVAILABLE,R3R2R1 did not publish physical per-register autoinit/scan transaction rows
242,L3_ALL_CHANNEL_PUBLIC_OVERLAY,READ bank=0x00 addr=0x08 data=N/A,NO_PER_TRANSACTION_LEDGER,LEDGER_NOT_AVAILABLE,R3R2R1 did not publish physical per-register autoinit/scan transaction rows
243,L3_ALL_CHANNEL_PUBLIC_OVERLAY,READ bank=0x00 addr=0x09 data=N/A,NO_PER_TRANSACTION_LEDGER,LEDGER_NOT_AVAILABLE,R3R2R1 did not publish physical per-register autoinit/scan transaction rows
244,L3_ALL_CHANNEL_PUBLIC_OVERLAY,READ bank=0x00 addr=0x0A data=N/A,NO_PER_TRANSACTION_LEDGER,LEDGER_NOT_AVAILABLE,R3R2R1 did not publish physical per-register autoinit/scan transaction rows
245,L3_ALL_CHANNEL_PUBLIC_OVERLAY,READ bank=0x00 addr=0x0B data=N/A,NO_PER_TRANSACTION_LEDGER,LEDGER_NOT_AVAILABLE,R3R2R1 did not publish physical per-register autoinit/scan transaction rows
246,L3_ALL_CHANNEL_PUBLIC_OVERLAY,READ bank=0x00 addr=0x81 data=N/A,NO_PER_TRANSACTION_LEDGER,LEDGER_NOT_AVAILABLE,R3R2R1 did not publish physical per-register autoinit/scan transaction rows
247,L3_ALL_CHANNEL_PUBLIC_OVERLAY,READ bank=0x00 addr=0x82 data=N/A,NO_PER_TRANSACTION_LEDGER,LEDGER_NOT_AVAILABLE,R3R2R1 did not publish physical per-register autoinit/scan transaction rows
248,L3_ALL_CHANNEL_PUBLIC_OVERLAY,READ bank=0x00 addr=0x83 data=N/A,NO_PER_TRANSACTION_LEDGER,LEDGER_NOT_AVAILABLE,R3R2R1 did not publish physical per-register autoinit/scan transaction rows
249,L3_ALL_CHANNEL_PUBLIC_OVERLAY,READ bank=0x00 addr=0x84 data=N/A,NO_PER_TRANSACTION_LEDGER,LEDGER_NOT_AVAILABLE,R3R2R1 did not publish physical per-register autoinit/scan transaction rows
250,L3_ALL_CHANNEL_PUBLIC_OVERLAY,READ bank=0x00 addr=0xA8 data=N/A,NO_PER_TRANSACTION_LEDGER,LEDGER_NOT_AVAILABLE,R3R2R1 did not publish physical per-register autoinit/scan transaction rows
251,L3_ALL_CHANNEL_PUBLIC_OVERLAY,READ bank=0x00 addr=0xE0 data=N/A,NO_PER_TRANSACTION_LEDGER,LEDGER_NOT_AVAILABLE,R3R2R1 did not publish physical per-register autoinit/scan transaction rows
252,L3_ALL_CHANNEL_PUBLIC_OVERLAY,READ bank=0x00 addr=0xE8 data=N/A,NO_PER_TRANSACTION_LEDGER,LEDGER_NOT_AVAILABLE,R3R2R1 did not publish physical per-register autoinit/scan transaction rows
253,L3_ALL_CHANNEL_PUBLIC_OVERLAY,READ bank=0x00 addr=0xE9 data=N/A,NO_PER_TRANSACTION_LEDGER,LEDGER_NOT_AVAILABLE,R3R2R1 did not publish physical per-register autoinit/scan transaction rows
254,L3_ALL_CHANNEL_PUBLIC_OVERLAY,READ bank=0x00 addr=0xEA data=N/A,NO_PER_TRANSACTION_LEDGER,LEDGER_NOT_AVAILABLE,R3R2R1 did not publish physical per-register autoinit/scan transaction rows
255,L3_ALL_CHANNEL_PUBLIC_OVERLAY,READ bank=0x00 addr=0xEB data=N/A,NO_PER_TRANSACTION_LEDGER,LEDGER_NOT_AVAILABLE,R3R2R1 did not publish physical per-register autoinit/scan transaction rows
256,L3_ALL_CHANNEL_PUBLIC_OVERLAY,READ bank=0x00 addr=0x54 data=N/A,NO_PER_TRANSACTION_LEDGER,LEDGER_NOT_AVAILABLE,R3R2R1 did not publish physical per-register autoinit/scan transaction rows
257,L3_ALL_CHANNEL_PUBLIC_OVERLAY,READ bank=0x00 addr=0x55 data=N/A,NO_PER_TRANSACTION_LEDGER,LEDGER_NOT_AVAILABLE,R3R2R1 did not publish physical per-register autoinit/scan transaction rows
258,L3_ALL_CHANNEL_PUBLIC_OVERLAY,WRITE bank=0x00 addr=0xFF data=0x01,NO_PER_TRANSACTION_LEDGER,LEDGER_NOT_AVAILABLE,R3R2R1 did not publish physical per-register autoinit/scan transaction rows
259,L3_ALL_CHANNEL_PUBLIC_OVERLAY,READ bank=0x01 addr=0xC2 data=N/A,NO_PER_TRANSACTION_LEDGER,LEDGER_NOT_AVAILABLE,R3R2R1 did not publish physical per-register autoinit/scan transaction rows
260,L3_ALL_CHANNEL_PUBLIC_OVERLAY,READ bank=0x01 addr=0xC3 data=N/A,NO_PER_TRANSACTION_LEDGER,LEDGER_NOT_AVAILABLE,R3R2R1 did not publish physical per-register autoinit/scan transaction rows
261,L3_ALL_CHANNEL_PUBLIC_OVERLAY,READ bank=0x01 addr=0xC4 data=N/A,NO_PER_TRANSACTION_LEDGER,LEDGER_NOT_AVAILABLE,R3R2R1 did not publish physical per-register autoinit/scan transaction rows
262,L3_ALL_CHANNEL_PUBLIC_OVERLAY,READ bank=0x01 addr=0xC5 data=N/A,NO_PER_TRANSACTION_LEDGER,LEDGER_NOT_AVAILABLE,R3R2R1 did not publish physical per-register autoinit/scan transaction rows
263,L3_ALL_CHANNEL_PUBLIC_OVERLAY,READ bank=0x01 addr=0xC8 data=N/A,NO_PER_TRANSACTION_LEDGER,LEDGER_NOT_AVAILABLE,R3R2R1 did not publish physical per-register autoinit/scan transaction rows
264,L3_ALL_CHANNEL_PUBLIC_OVERLAY,READ bank=0x01 addr=0xC9 data=N/A,NO_PER_TRANSACTION_LEDGER,LEDGER_NOT_AVAILABLE,R3R2R1 did not publish physical per-register autoinit/scan transaction rows
265,L3_ALL_CHANNEL_PUBLIC_OVERLAY,READ bank=0x01 addr=0xCA data=N/A,NO_PER_TRANSACTION_LEDGER,LEDGER_NOT_AVAILABLE,R3R2R1 did not publish physical per-register autoinit/scan transaction rows
266,L3_ALL_CHANNEL_PUBLIC_OVERLAY,READ bank=0x01 addr=0xCD data=N/A,NO_PER_TRANSACTION_LEDGER,LEDGER_NOT_AVAILABLE,R3R2R1 did not publish physical per-register autoinit/scan transaction rows
267,L3_ALL_CHANNEL_PUBLIC_OVERLAY,WRITE bank=0x01 addr=0xFF data=0x05,NO_PER_TRANSACTION_LEDGER,LEDGER_NOT_AVAILABLE,R3R2R1 did not publish physical per-register autoinit/scan transaction rows
268,L3_ALL_CHANNEL_PUBLIC_OVERLAY,READ bank=0x05 addr=0xF0 data=N/A,NO_PER_TRANSACTION_LEDGER,LEDGER_NOT_AVAILABLE,R3R2R1 did not publish physical per-register autoinit/scan transaction rows
269,L3_ALL_CHANNEL_PUBLIC_OVERLAY,WRITE bank=0x05 addr=0xFF data=0x06,NO_PER_TRANSACTION_LEDGER,LEDGER_NOT_AVAILABLE,R3R2R1 did not publish physical per-register autoinit/scan transaction rows
270,L3_ALL_CHANNEL_PUBLIC_OVERLAY,READ bank=0x06 addr=0xF0 data=N/A,NO_PER_TRANSACTION_LEDGER,LEDGER_NOT_AVAILABLE,R3R2R1 did not publish physical per-register autoinit/scan transaction rows
271,L3_ALL_CHANNEL_PUBLIC_OVERLAY,WRITE bank=0x06 addr=0xFF data=0x07,NO_PER_TRANSACTION_LEDGER,LEDGER_NOT_AVAILABLE,R3R2R1 did not publish physical per-register autoinit/scan transaction rows
272,L3_ALL_CHANNEL_PUBLIC_OVERLAY,READ bank=0x07 addr=0xF0 data=N/A,NO_PER_TRANSACTION_LEDGER,LEDGER_NOT_AVAILABLE,R3R2R1 did not publish physical per-register autoinit/scan transaction rows
273,L3_ALL_CHANNEL_PUBLIC_OVERLAY,WRITE bank=0x07 addr=0xFF data=0x08,NO_PER_TRANSACTION_LEDGER,LEDGER_NOT_AVAILABLE,R3R2R1 did not publish physical per-register autoinit/scan transaction rows
274,L3_ALL_CHANNEL_PUBLIC_OVERLAY,READ bank=0x08 addr=0xF0 data=N/A,NO_PER_TRANSACTION_LEDGER,LEDGER_NOT_AVAILABLE,R3R2R1 did not publish physical per-register autoinit/scan transaction rows
275,L3_ALL_CHANNEL_PUBLIC_OVERLAY,WRITE bank=0x08 addr=0xFF data=AUTOINIT_ENTRY_BANK,NO_PER_TRANSACTION_LEDGER,LEDGER_NOT_AVAILABLE,R3R2R1 did not publish physical per-register autoinit/scan transaction rows
276,L4_DIAGNOSTIC_PREPARE,READ bank=AUTOINIT_ENTRY_BANK addr=0xFF data=N/A,BASELINE_COUNTERS_C1_26_C2_52,MATCH_AGGREGATE,baseline A/B each advance exactly 26 transactions
277,L4_DIAGNOSTIC_PREPARE,WRITE bank=AUTOINIT_ENTRY_BANK addr=0xFF data=0x00,BASELINE_COUNTERS_C1_26_C2_52,MATCH_AGGREGATE,baseline A/B each advance exactly 26 transactions
278,L4_DIAGNOSTIC_PREPARE,READ bank=0x00 addr=0x78 data=N/A,BASELINE_COUNTERS_C1_26_C2_52,MATCH_AGGREGATE,baseline A/B each advance exactly 26 transactions
279,L4_DIAGNOSTIC_PREPARE,READ bank=0x00 addr=0x79 data=N/A,BASELINE_COUNTERS_C1_26_C2_52,MATCH_AGGREGATE,baseline A/B each advance exactly 26 transactions
280,L4_DIAGNOSTIC_PREPARE,WRITE bank=0x00 addr=0xFF data=0x01,BASELINE_COUNTERS_C1_26_C2_52,MATCH_AGGREGATE,baseline A/B each advance exactly 26 transactions
281,L4_DIAGNOSTIC_PREPARE,READ bank=0x01 addr=0xC2 data=N/A,BASELINE_COUNTERS_C1_26_C2_52,MATCH_AGGREGATE,baseline A/B each advance exactly 26 transactions
282,L4_DIAGNOSTIC_PREPARE,WRITE bank=0x01 addr=0xFF data=ORIGINAL_ENTRY_BANK,BASELINE_COUNTERS_C1_26_C2_52,MATCH_AGGREGATE,baseline A/B each advance exactly 26 transactions
283,L4_DIAGNOSTIC_PREPARE,WRITE bank=ORIGINAL_ENTRY_BANK addr=0xFF data=0x00,BASELINE_COUNTERS_C1_26_C2_52,MATCH_AGGREGATE,baseline A/B each advance exactly 26 transactions
284,L4_DIAGNOSTIC_PREPARE,READ bank=0x00 addr=0x80 data=N/A,BASELINE_COUNTERS_C1_26_C2_52,MATCH_AGGREGATE,baseline A/B each advance exactly 26 transactions
285,L4_DIAGNOSTIC_PREPARE,READ bank=0x00 addr=0x00 data=N/A,BASELINE_COUNTERS_C1_26_C2_52,MATCH_AGGREGATE,baseline A/B each advance exactly 26 transactions
286,L4_DIAGNOSTIC_PREPARE,READ bank=0x00 addr=0x01 data=N/A,BASELINE_COUNTERS_C1_26_C2_52,MATCH_AGGREGATE,baseline A/B each advance exactly 26 transactions
287,L4_DIAGNOSTIC_PREPARE,READ bank=0x00 addr=0x02 data=N/A,BASELINE_COUNTERS_C1_26_C2_52,MATCH_AGGREGATE,baseline A/B each advance exactly 26 transactions
288,L4_DIAGNOSTIC_PREPARE,READ bank=0x00 addr=0x03 data=N/A,BASELINE_COUNTERS_C1_26_C2_52,MATCH_AGGREGATE,baseline A/B each advance exactly 26 transactions
289,L4_DIAGNOSTIC_PREPARE,READ bank=0x00 addr=0x08 data=N/A,BASELINE_COUNTERS_C1_26_C2_52,MATCH_AGGREGATE,baseline A/B each advance exactly 26 transactions
290,L4_DIAGNOSTIC_PREPARE,READ bank=0x00 addr=0x09 data=N/A,BASELINE_COUNTERS_C1_26_C2_52,MATCH_AGGREGATE,baseline A/B each advance exactly 26 transactions
291,L4_DIAGNOSTIC_PREPARE,READ bank=0x00 addr=0x0A data=N/A,BASELINE_COUNTERS_C1_26_C2_52,MATCH_AGGREGATE,baseline A/B each advance exactly 26 transactions
292,L4_DIAGNOSTIC_PREPARE,READ bank=0x00 addr=0x0B data=N/A,BASELINE_COUNTERS_C1_26_C2_52,MATCH_AGGREGATE,baseline A/B each advance exactly 26 transactions
293,L4_DIAGNOSTIC_PREPARE,READ bank=0x00 addr=0x81 data=N/A,BASELINE_COUNTERS_C1_26_C2_52,MATCH_AGGREGATE,baseline A/B each advance exactly 26 transactions
294,L4_DIAGNOSTIC_PREPARE,READ bank=0x00 addr=0x82 data=N/A,BASELINE_COUNTERS_C1_26_C2_52,MATCH_AGGREGATE,baseline A/B each advance exactly 26 transactions
295,L4_DIAGNOSTIC_PREPARE,READ bank=0x00 addr=0x83 data=N/A,BASELINE_COUNTERS_C1_26_C2_52,MATCH_AGGREGATE,baseline A/B each advance exactly 26 transactions
296,L4_DIAGNOSTIC_PREPARE,READ bank=0x00 addr=0x84 data=N/A,BASELINE_COUNTERS_C1_26_C2_52,MATCH_AGGREGATE,baseline A/B each advance exactly 26 transactions
297,L4_DIAGNOSTIC_PREPARE,READ bank=0x00 addr=0x85 data=N/A,BASELINE_COUNTERS_C1_26_C2_52,MATCH_AGGREGATE,baseline A/B each advance exactly 26 transactions
298,L4_DIAGNOSTIC_PREPARE,READ bank=0x00 addr=0x86 data=N/A,BASELINE_COUNTERS_C1_26_C2_52,MATCH_AGGREGATE,baseline A/B each advance exactly 26 transactions
299,L4_DIAGNOSTIC_PREPARE,READ bank=0x00 addr=0x87 data=N/A,BASELINE_COUNTERS_C1_26_C2_52,MATCH_AGGREGATE,baseline A/B each advance exactly 26 transactions
300,L4_DIAGNOSTIC_PREPARE,READ bank=0x00 addr=0x88 data=N/A,BASELINE_COUNTERS_C1_26_C2_52,MATCH_AGGREGATE,baseline A/B each advance exactly 26 transactions
301,L4_DIAGNOSTIC_PREPARE,WRITE bank=0x00 addr=0xFF data=ORIGINAL_ENTRY_BANK,BASELINE_COUNTERS_C1_26_C2_52,MATCH_AGGREGATE,baseline A/B each advance exactly 26 transactions
302,L4_DIAGNOSTIC_PREPARE,READ bank=ORIGINAL_ENTRY_BANK addr=0xFF data=N/A,BASELINE_COUNTERS_C1_26_C2_52,MATCH_AGGREGATE,baseline A/B each advance exactly 26 transactions
303,L4_DIAGNOSTIC_PREPARE,WRITE bank=ORIGINAL_ENTRY_BANK addr=0xFF data=0x00,BASELINE_COUNTERS_C1_26_C2_52,MATCH_AGGREGATE,baseline A/B each advance exactly 26 transactions
304,L4_DIAGNOSTIC_PREPARE,READ bank=0x00 addr=0x78 data=N/A,BASELINE_COUNTERS_C1_26_C2_52,MATCH_AGGREGATE,baseline A/B each advance exactly 26 transactions
305,L4_DIAGNOSTIC_PREPARE,READ bank=0x00 addr=0x79 data=N/A,BASELINE_COUNTERS_C1_26_C2_52,MATCH_AGGREGATE,baseline A/B each advance exactly 26 transactions
306,L4_DIAGNOSTIC_PREPARE,WRITE bank=0x00 addr=0xFF data=0x01,BASELINE_COUNTERS_C1_26_C2_52,MATCH_AGGREGATE,baseline A/B each advance exactly 26 transactions
307,L4_DIAGNOSTIC_PREPARE,READ bank=0x01 addr=0xC2 data=N/A,BASELINE_COUNTERS_C1_26_C2_52,MATCH_AGGREGATE,baseline A/B each advance exactly 26 transactions
308,L4_DIAGNOSTIC_PREPARE,WRITE bank=0x01 addr=0xFF data=ORIGINAL_ENTRY_BANK,BASELINE_COUNTERS_C1_26_C2_52,MATCH_AGGREGATE,baseline A/B each advance exactly 26 transactions
309,L4_DIAGNOSTIC_PREPARE,WRITE bank=ORIGINAL_ENTRY_BANK addr=0xFF data=0x00,BASELINE_COUNTERS_C1_26_C2_52,MATCH_AGGREGATE,baseline A/B each advance exactly 26 transactions
310,L4_DIAGNOSTIC_PREPARE,READ bank=0x00 addr=0x80 data=N/A,BASELINE_COUNTERS_C1_26_C2_52,MATCH_AGGREGATE,baseline A/B each advance exactly 26 transactions
311,L4_DIAGNOSTIC_PREPARE,READ bank=0x00 addr=0x00 data=N/A,BASELINE_COUNTERS_C1_26_C2_52,MATCH_AGGREGATE,baseline A/B each advance exactly 26 transactions
312,L4_DIAGNOSTIC_PREPARE,READ bank=0x00 addr=0x01 data=N/A,BASELINE_COUNTERS_C1_26_C2_52,MATCH_AGGREGATE,baseline A/B each advance exactly 26 transactions
313,L4_DIAGNOSTIC_PREPARE,READ bank=0x00 addr=0x02 data=N/A,BASELINE_COUNTERS_C1_26_C2_52,MATCH_AGGREGATE,baseline A/B each advance exactly 26 transactions
314,L4_DIAGNOSTIC_PREPARE,READ bank=0x00 addr=0x03 data=N/A,BASELINE_COUNTERS_C1_26_C2_52,MATCH_AGGREGATE,baseline A/B each advance exactly 26 transactions
315,L4_DIAGNOSTIC_PREPARE,READ bank=0x00 addr=0x08 data=N/A,BASELINE_COUNTERS_C1_26_C2_52,MATCH_AGGREGATE,baseline A/B each advance exactly 26 transactions
316,L4_DIAGNOSTIC_PREPARE,READ bank=0x00 addr=0x09 data=N/A,BASELINE_COUNTERS_C1_26_C2_52,MATCH_AGGREGATE,baseline A/B each advance exactly 26 transactions
317,L4_DIAGNOSTIC_PREPARE,READ bank=0x00 addr=0x0A data=N/A,BASELINE_COUNTERS_C1_26_C2_52,MATCH_AGGREGATE,baseline A/B each advance exactly 26 transactions
318,L4_DIAGNOSTIC_PREPARE,READ bank=0x00 addr=0x0B data=N/A,BASELINE_COUNTERS_C1_26_C2_52,MATCH_AGGREGATE,baseline A/B each advance exactly 26 transactions
319,L4_DIAGNOSTIC_PREPARE,READ bank=0x00 addr=0x81 data=N/A,BASELINE_COUNTERS_C1_26_C2_52,MATCH_AGGREGATE,baseline A/B each advance exactly 26 transactions
320,L4_DIAGNOSTIC_PREPARE,READ bank=0x00 addr=0x82 data=N/A,BASELINE_COUNTERS_C1_26_C2_52,MATCH_AGGREGATE,baseline A/B each advance exactly 26 transactions
321,L4_DIAGNOSTIC_PREPARE,READ bank=0x00 addr=0x83 data=N/A,BASELINE_COUNTERS_C1_26_C2_52,MATCH_AGGREGATE,baseline A/B each advance exactly 26 transactions
322,L4_DIAGNOSTIC_PREPARE,READ bank=0x00 addr=0x84 data=N/A,BASELINE_COUNTERS_C1_26_C2_52,MATCH_AGGREGATE,baseline A/B each advance exactly 26 transactions
323,L4_DIAGNOSTIC_PREPARE,READ bank=0x00 addr=0x85 data=N/A,BASELINE_COUNTERS_C1_26_C2_52,MATCH_AGGREGATE,baseline A/B each advance exactly 26 transactions
324,L4_DIAGNOSTIC_PREPARE,READ bank=0x00 addr=0x86 data=N/A,BASELINE_COUNTERS_C1_26_C2_52,MATCH_AGGREGATE,baseline A/B each advance exactly 26 transactions
325,L4_DIAGNOSTIC_PREPARE,READ bank=0x00 addr=0x87 data=N/A,BASELINE_COUNTERS_C1_26_C2_52,MATCH_AGGREGATE,baseline A/B each advance exactly 26 transactions
326,L4_DIAGNOSTIC_PREPARE,READ bank=0x00 addr=0x88 data=N/A,BASELINE_COUNTERS_C1_26_C2_52,MATCH_AGGREGATE,baseline A/B each advance exactly 26 transactions
327,L4_DIAGNOSTIC_PREPARE,WRITE bank=0x00 addr=0xFF data=ORIGINAL_ENTRY_BANK,BASELINE_COUNTERS_C1_26_C2_52,MATCH_AGGREGATE,baseline A/B each advance exactly 26 transactions
328,L5_ROUND_BGDCOL,WRITE bank=ORIGINAL_ENTRY_BANK addr=0xFF data=0x00,ROUND_READBACK_AND_COUNTER_SEGMENT,MATCH_AGGREGATE,4/4 BGDCOL readbacks; five transactions precede each new round
329,L5_ROUND_BGDCOL,WRITE bank=0x00 addr=0x78 data=0x46,ROUND_READBACK_AND_COUNTER_SEGMENT,MATCH_AGGREGATE,4/4 BGDCOL readbacks; five transactions precede each new round
330,L5_ROUND_BGDCOL,WRITE bank=0x00 addr=0x79 data=0x13,ROUND_READBACK_AND_COUNTER_SEGMENT,MATCH_AGGREGATE,4/4 BGDCOL readbacks; five transactions precede each new round
331,L5_ROUND_BGDCOL,READ bank=0x00 addr=0x78 data=N/A,ROUND_READBACK_AND_COUNTER_SEGMENT,MATCH_AGGREGATE,4/4 BGDCOL readbacks; five transactions precede each new round
332,L5_ROUND_BGDCOL,READ bank=0x00 addr=0x79 data=N/A,ROUND_READBACK_AND_COUNTER_SEGMENT,MATCH_AGGREGATE,4/4 BGDCOL readbacks; five transactions precede each new round
333,L6_SESSION_ROUTE_STATUS,WRITE bank=0x00 addr=0xFF data=0x01,SESSION_1_COUNTER=87,MATCH_AGGREGATE,snapshot counter increments 30 per session; route/status readbacks passed
334,L6_SESSION_ROUTE_STATUS,READ bank=0x01 addr=0xC2 data=N/A,SESSION_1_COUNTER=87,MATCH_AGGREGATE,snapshot counter increments 30 per session; route/status readbacks passed
335,L6_SESSION_ROUTE_STATUS,WRITE bank=0x01 addr=0xC2 data=0x00,SESSION_1_COUNTER=87,MATCH_AGGREGATE,snapshot counter increments 30 per session; route/status readbacks passed
336,L6_SESSION_ROUTE_STATUS,READ bank=0x01 addr=0xC2 data=N/A,SESSION_1_COUNTER=87,MATCH_AGGREGATE,snapshot counter increments 30 per session; route/status readbacks passed
337,L6_SESSION_ROUTE_STATUS,WRITE bank=0x01 addr=0xFF data=0x00,SESSION_1_COUNTER=87,MATCH_AGGREGATE,snapshot counter increments 30 per session; route/status readbacks passed
338,L6_SESSION_ROUTE_STATUS,READ bank=0x00 addr=0xA8 data=N/A,SESSION_1_COUNTER=87,MATCH_AGGREGATE,snapshot counter increments 30 per session; route/status readbacks passed
339,L6_SESSION_ROUTE_STATUS,READ bank=0x00 addr=0xE0 data=N/A,SESSION_1_COUNTER=87,MATCH_AGGREGATE,snapshot counter increments 30 per session; route/status readbacks passed
340,L6_SESSION_ROUTE_STATUS,READ bank=0x00 addr=0xE1 data=N/A,SESSION_1_COUNTER=87,MATCH_AGGREGATE,snapshot counter increments 30 per session; route/status readbacks passed
341,L6_SESSION_ROUTE_STATUS,READ bank=0x00 addr=0xE2 data=N/A,SESSION_1_COUNTER=87,MATCH_AGGREGATE,snapshot counter increments 30 per session; route/status readbacks passed
342,L6_SESSION_ROUTE_STATUS,READ bank=0x00 addr=0xE8 data=N/A,SESSION_1_COUNTER=87,MATCH_AGGREGATE,snapshot counter increments 30 per session; route/status readbacks passed
343,L6_SESSION_ROUTE_STATUS,READ bank=0x00 addr=0xA8 data=N/A,SESSION_1_COUNTER=87,MATCH_AGGREGATE,snapshot counter increments 30 per session; route/status readbacks passed
344,L6_SESSION_ROUTE_STATUS,READ bank=0x00 addr=0xE0 data=N/A,SESSION_1_COUNTER=87,MATCH_AGGREGATE,snapshot counter increments 30 per session; route/status readbacks passed
345,L6_SESSION_ROUTE_STATUS,READ bank=0x00 addr=0xE1 data=N/A,SESSION_1_COUNTER=87,MATCH_AGGREGATE,snapshot counter increments 30 per session; route/status readbacks passed
346,L6_SESSION_ROUTE_STATUS,READ bank=0x00 addr=0xE2 data=N/A,SESSION_1_COUNTER=87,MATCH_AGGREGATE,snapshot counter increments 30 per session; route/status readbacks passed
347,L6_SESSION_ROUTE_STATUS,READ bank=0x00 addr=0xE8 data=N/A,SESSION_1_COUNTER=87,MATCH_AGGREGATE,snapshot counter increments 30 per session; route/status readbacks passed
348,L6_SESSION_ROUTE_STATUS,READ bank=0x00 addr=0xA8 data=N/A,SESSION_1_COUNTER=87,MATCH_AGGREGATE,snapshot counter increments 30 per session; route/status readbacks passed
349,L6_SESSION_ROUTE_STATUS,READ bank=0x00 addr=0xE0 data=N/A,SESSION_1_COUNTER=87,MATCH_AGGREGATE,snapshot counter increments 30 per session; route/status readbacks passed
350,L6_SESSION_ROUTE_STATUS,READ bank=0x00 addr=0xE1 data=N/A,SESSION_1_COUNTER=87,MATCH_AGGREGATE,snapshot counter increments 30 per session; route/status readbacks passed
351,L6_SESSION_ROUTE_STATUS,READ bank=0x00 addr=0xE2 data=N/A,SESSION_1_COUNTER=87,MATCH_AGGREGATE,snapshot counter increments 30 per session; route/status readbacks passed
352,L6_SESSION_ROUTE_STATUS,READ bank=0x00 addr=0xE8 data=N/A,SESSION_1_COUNTER=87,MATCH_AGGREGATE,snapshot counter increments 30 per session; route/status readbacks passed
353,L6_SESSION_ROUTE_STATUS,READ bank=0x00 addr=0xA8 data=N/A,SESSION_1_COUNTER=87,MATCH_AGGREGATE,snapshot counter increments 30 per session; route/status readbacks passed
354,L6_SESSION_ROUTE_STATUS,READ bank=0x00 addr=0xE0 data=N/A,SESSION_1_COUNTER=87,MATCH_AGGREGATE,snapshot counter increments 30 per session; route/status readbacks passed
355,L6_SESSION_ROUTE_STATUS,READ bank=0x00 addr=0xE1 data=N/A,SESSION_1_COUNTER=87,MATCH_AGGREGATE,snapshot counter increments 30 per session; route/status readbacks passed
356,L6_SESSION_ROUTE_STATUS,READ bank=0x00 addr=0xE2 data=N/A,SESSION_1_COUNTER=87,MATCH_AGGREGATE,snapshot counter increments 30 per session; route/status readbacks passed
357,L6_SESSION_ROUTE_STATUS,READ bank=0x00 addr=0xE8 data=N/A,SESSION_1_COUNTER=87,MATCH_AGGREGATE,snapshot counter increments 30 per session; route/status readbacks passed
358,L6_SESSION_ROUTE_STATUS,READ bank=0x00 addr=0xA8 data=N/A,SESSION_1_COUNTER=87,MATCH_AGGREGATE,snapshot counter increments 30 per session; route/status readbacks passed
359,L6_SESSION_ROUTE_STATUS,READ bank=0x00 addr=0xE0 data=N/A,SESSION_1_COUNTER=87,MATCH_AGGREGATE,snapshot counter increments 30 per session; route/status readbacks passed
360,L6_SESSION_ROUTE_STATUS,READ bank=0x00 addr=0xE1 data=N/A,SESSION_1_COUNTER=87,MATCH_AGGREGATE,snapshot counter increments 30 per session; route/status readbacks passed
361,L6_SESSION_ROUTE_STATUS,READ bank=0x00 addr=0xE2 data=N/A,SESSION_1_COUNTER=87,MATCH_AGGREGATE,snapshot counter increments 30 per session; route/status readbacks passed
362,L6_SESSION_ROUTE_STATUS,READ bank=0x00 addr=0xE8 data=N/A,SESSION_1_COUNTER=87,MATCH_AGGREGATE,snapshot counter increments 30 per session; route/status readbacks passed
363,L6_SESSION_ROUTE_STATUS,WRITE bank=0x00 addr=0xFF data=0x01,SESSION_2_COUNTER=117,MATCH_AGGREGATE,snapshot counter increments 30 per session; route/status readbacks passed
364,L6_SESSION_ROUTE_STATUS,READ bank=0x01 addr=0xC2 data=N/A,SESSION_2_COUNTER=117,MATCH_AGGREGATE,snapshot counter increments 30 per session; route/status readbacks passed
365,L6_SESSION_ROUTE_STATUS,WRITE bank=0x01 addr=0xC2 data=0x01,SESSION_2_COUNTER=117,MATCH_AGGREGATE,snapshot counter increments 30 per session; route/status readbacks passed
366,L6_SESSION_ROUTE_STATUS,READ bank=0x01 addr=0xC2 data=N/A,SESSION_2_COUNTER=117,MATCH_AGGREGATE,snapshot counter increments 30 per session; route/status readbacks passed
367,L6_SESSION_ROUTE_STATUS,WRITE bank=0x01 addr=0xFF data=0x00,SESSION_2_COUNTER=117,MATCH_AGGREGATE,snapshot counter increments 30 per session; route/status readbacks passed
368,L6_SESSION_ROUTE_STATUS,READ bank=0x00 addr=0xA8 data=N/A,SESSION_2_COUNTER=117,MATCH_AGGREGATE,snapshot counter increments 30 per session; route/status readbacks passed
369,L6_SESSION_ROUTE_STATUS,READ bank=0x00 addr=0xE0 data=N/A,SESSION_2_COUNTER=117,MATCH_AGGREGATE,snapshot counter increments 30 per session; route/status readbacks passed
370,L6_SESSION_ROUTE_STATUS,READ bank=0x00 addr=0xE1 data=N/A,SESSION_2_COUNTER=117,MATCH_AGGREGATE,snapshot counter increments 30 per session; route/status readbacks passed
371,L6_SESSION_ROUTE_STATUS,READ bank=0x00 addr=0xE2 data=N/A,SESSION_2_COUNTER=117,MATCH_AGGREGATE,snapshot counter increments 30 per session; route/status readbacks passed
372,L6_SESSION_ROUTE_STATUS,READ bank=0x00 addr=0xE9 data=N/A,SESSION_2_COUNTER=117,MATCH_AGGREGATE,snapshot counter increments 30 per session; route/status readbacks passed
373,L6_SESSION_ROUTE_STATUS,READ bank=0x00 addr=0xA8 data=N/A,SESSION_2_COUNTER=117,MATCH_AGGREGATE,snapshot counter increments 30 per session; route/status readbacks passed
374,L6_SESSION_ROUTE_STATUS,READ bank=0x00 addr=0xE0 data=N/A,SESSION_2_COUNTER=117,MATCH_AGGREGATE,snapshot counter increments 30 per session; route/status readbacks passed
375,L6_SESSION_ROUTE_STATUS,READ bank=0x00 addr=0xE1 data=N/A,SESSION_2_COUNTER=117,MATCH_AGGREGATE,snapshot counter increments 30 per session; route/status readbacks passed
376,L6_SESSION_ROUTE_STATUS,READ bank=0x00 addr=0xE2 data=N/A,SESSION_2_COUNTER=117,MATCH_AGGREGATE,snapshot counter increments 30 per session; route/status readbacks passed
377,L6_SESSION_ROUTE_STATUS,READ bank=0x00 addr=0xE9 data=N/A,SESSION_2_COUNTER=117,MATCH_AGGREGATE,snapshot counter increments 30 per session; route/status readbacks passed
378,L6_SESSION_ROUTE_STATUS,READ bank=0x00 addr=0xA8 data=N/A,SESSION_2_COUNTER=117,MATCH_AGGREGATE,snapshot counter increments 30 per session; route/status readbacks passed
379,L6_SESSION_ROUTE_STATUS,READ bank=0x00 addr=0xE0 data=N/A,SESSION_2_COUNTER=117,MATCH_AGGREGATE,snapshot counter increments 30 per session; route/status readbacks passed
380,L6_SESSION_ROUTE_STATUS,READ bank=0x00 addr=0xE1 data=N/A,SESSION_2_COUNTER=117,MATCH_AGGREGATE,snapshot counter increments 30 per session; route/status readbacks passed
381,L6_SESSION_ROUTE_STATUS,READ bank=0x00 addr=0xE2 data=N/A,SESSION_2_COUNTER=117,MATCH_AGGREGATE,snapshot counter increments 30 per session; route/status readbacks passed
382,L6_SESSION_ROUTE_STATUS,READ bank=0x00 addr=0xE9 data=N/A,SESSION_2_COUNTER=117,MATCH_AGGREGATE,snapshot counter increments 30 per session; route/status readbacks passed
383,L6_SESSION_ROUTE_STATUS,READ bank=0x00 addr=0xA8 data=N/A,SESSION_2_COUNTER=117,MATCH_AGGREGATE,snapshot counter increments 30 per session; route/status readbacks passed
384,L6_SESSION_ROUTE_STATUS,READ bank=0x00 addr=0xE0 data=N/A,SESSION_2_COUNTER=117,MATCH_AGGREGATE,snapshot counter increments 30 per session; route/status readbacks passed
385,L6_SESSION_ROUTE_STATUS,READ bank=0x00 addr=0xE1 data=N/A,SESSION_2_COUNTER=117,MATCH_AGGREGATE,snapshot counter increments 30 per session; route/status readbacks passed
386,L6_SESSION_ROUTE_STATUS,READ bank=0x00 addr=0xE2 data=N/A,SESSION_2_COUNTER=117,MATCH_AGGREGATE,snapshot counter increments 30 per session; route/status readbacks passed
387,L6_SESSION_ROUTE_STATUS,READ bank=0x00 addr=0xE9 data=N/A,SESSION_2_COUNTER=117,MATCH_AGGREGATE,snapshot counter increments 30 per session; route/status readbacks passed
388,L6_SESSION_ROUTE_STATUS,READ bank=0x00 addr=0xA8 data=N/A,SESSION_2_COUNTER=117,MATCH_AGGREGATE,snapshot counter increments 30 per session; route/status readbacks passed
389,L6_SESSION_ROUTE_STATUS,READ bank=0x00 addr=0xE0 data=N/A,SESSION_2_COUNTER=117,MATCH_AGGREGATE,snapshot counter increments 30 per session; route/status readbacks passed
390,L6_SESSION_ROUTE_STATUS,READ bank=0x00 addr=0xE1 data=N/A,SESSION_2_COUNTER=117,MATCH_AGGREGATE,snapshot counter increments 30 per session; route/status readbacks passed
391,L6_SESSION_ROUTE_STATUS,READ bank=0x00 addr=0xE2 data=N/A,SESSION_2_COUNTER=117,MATCH_AGGREGATE,snapshot counter increments 30 per session; route/status readbacks passed
392,L6_SESSION_ROUTE_STATUS,READ bank=0x00 addr=0xE9 data=N/A,SESSION_2_COUNTER=117,MATCH_AGGREGATE,snapshot counter increments 30 per session; route/status readbacks passed
393,L6_SESSION_ROUTE_STATUS,WRITE bank=0x00 addr=0xFF data=0x01,SESSION_3_COUNTER=147,MATCH_AGGREGATE,snapshot counter increments 30 per session; route/status readbacks passed
394,L6_SESSION_ROUTE_STATUS,READ bank=0x01 addr=0xC2 data=N/A,SESSION_3_COUNTER=147,MATCH_AGGREGATE,snapshot counter increments 30 per session; route/status readbacks passed
395,L6_SESSION_ROUTE_STATUS,WRITE bank=0x01 addr=0xC2 data=0x02,SESSION_3_COUNTER=147,MATCH_AGGREGATE,snapshot counter increments 30 per session; route/status readbacks passed
396,L6_SESSION_ROUTE_STATUS,READ bank=0x01 addr=0xC2 data=N/A,SESSION_3_COUNTER=147,MATCH_AGGREGATE,snapshot counter increments 30 per session; route/status readbacks passed
397,L6_SESSION_ROUTE_STATUS,WRITE bank=0x01 addr=0xFF data=0x00,SESSION_3_COUNTER=147,MATCH_AGGREGATE,snapshot counter increments 30 per session; route/status readbacks passed
398,L6_SESSION_ROUTE_STATUS,READ bank=0x00 addr=0xA8 data=N/A,SESSION_3_COUNTER=147,MATCH_AGGREGATE,snapshot counter increments 30 per session; route/status readbacks passed
399,L6_SESSION_ROUTE_STATUS,READ bank=0x00 addr=0xE0 data=N/A,SESSION_3_COUNTER=147,MATCH_AGGREGATE,snapshot counter increments 30 per session; route/status readbacks passed
400,L6_SESSION_ROUTE_STATUS,READ bank=0x00 addr=0xE1 data=N/A,SESSION_3_COUNTER=147,MATCH_AGGREGATE,snapshot counter increments 30 per session; route/status readbacks passed
401,L6_SESSION_ROUTE_STATUS,READ bank=0x00 addr=0xE2 data=N/A,SESSION_3_COUNTER=147,MATCH_AGGREGATE,snapshot counter increments 30 per session; route/status readbacks passed
402,L6_SESSION_ROUTE_STATUS,READ bank=0x00 addr=0xEA data=N/A,SESSION_3_COUNTER=147,MATCH_AGGREGATE,snapshot counter increments 30 per session; route/status readbacks passed
403,L6_SESSION_ROUTE_STATUS,READ bank=0x00 addr=0xA8 data=N/A,SESSION_3_COUNTER=147,MATCH_AGGREGATE,snapshot counter increments 30 per session; route/status readbacks passed
404,L6_SESSION_ROUTE_STATUS,READ bank=0x00 addr=0xE0 data=N/A,SESSION_3_COUNTER=147,MATCH_AGGREGATE,snapshot counter increments 30 per session; route/status readbacks passed
405,L6_SESSION_ROUTE_STATUS,READ bank=0x00 addr=0xE1 data=N/A,SESSION_3_COUNTER=147,MATCH_AGGREGATE,snapshot counter increments 30 per session; route/status readbacks passed
406,L6_SESSION_ROUTE_STATUS,READ bank=0x00 addr=0xE2 data=N/A,SESSION_3_COUNTER=147,MATCH_AGGREGATE,snapshot counter increments 30 per session; route/status readbacks passed
407,L6_SESSION_ROUTE_STATUS,READ bank=0x00 addr=0xEA data=N/A,SESSION_3_COUNTER=147,MATCH_AGGREGATE,snapshot counter increments 30 per session; route/status readbacks passed
408,L6_SESSION_ROUTE_STATUS,READ bank=0x00 addr=0xA8 data=N/A,SESSION_3_COUNTER=147,MATCH_AGGREGATE,snapshot counter increments 30 per session; route/status readbacks passed
409,L6_SESSION_ROUTE_STATUS,READ bank=0x00 addr=0xE0 data=N/A,SESSION_3_COUNTER=147,MATCH_AGGREGATE,snapshot counter increments 30 per session; route/status readbacks passed
410,L6_SESSION_ROUTE_STATUS,READ bank=0x00 addr=0xE1 data=N/A,SESSION_3_COUNTER=147,MATCH_AGGREGATE,snapshot counter increments 30 per session; route/status readbacks passed
411,L6_SESSION_ROUTE_STATUS,READ bank=0x00 addr=0xE2 data=N/A,SESSION_3_COUNTER=147,MATCH_AGGREGATE,snapshot counter increments 30 per session; route/status readbacks passed
412,L6_SESSION_ROUTE_STATUS,READ bank=0x00 addr=0xEA data=N/A,SESSION_3_COUNTER=147,MATCH_AGGREGATE,snapshot counter increments 30 per session; route/status readbacks passed
413,L6_SESSION_ROUTE_STATUS,READ bank=0x00 addr=0xA8 data=N/A,SESSION_3_COUNTER=147,MATCH_AGGREGATE,snapshot counter increments 30 per session; route/status readbacks passed
414,L6_SESSION_ROUTE_STATUS,READ bank=0x00 addr=0xE0 data=N/A,SESSION_3_COUNTER=147,MATCH_AGGREGATE,snapshot counter increments 30 per session; route/status readbacks passed
415,L6_SESSION_ROUTE_STATUS,READ bank=0x00 addr=0xE1 data=N/A,SESSION_3_COUNTER=147,MATCH_AGGREGATE,snapshot counter increments 30 per session; route/status readbacks passed
416,L6_SESSION_ROUTE_STATUS,READ bank=0x00 addr=0xE2 data=N/A,SESSION_3_COUNTER=147,MATCH_AGGREGATE,snapshot counter increments 30 per session; route/status readbacks passed
417,L6_SESSION_ROUTE_STATUS,READ bank=0x00 addr=0xEA data=N/A,SESSION_3_COUNTER=147,MATCH_AGGREGATE,snapshot counter increments 30 per session; route/status readbacks passed
418,L6_SESSION_ROUTE_STATUS,READ bank=0x00 addr=0xA8 data=N/A,SESSION_3_COUNTER=147,MATCH_AGGREGATE,snapshot counter increments 30 per session; route/status readbacks passed
419,L6_SESSION_ROUTE_STATUS,READ bank=0x00 addr=0xE0 data=N/A,SESSION_3_COUNTER=147,MATCH_AGGREGATE,snapshot counter increments 30 per session; route/status readbacks passed
420,L6_SESSION_ROUTE_STATUS,READ bank=0x00 addr=0xE1 data=N/A,SESSION_3_COUNTER=147,MATCH_AGGREGATE,snapshot counter increments 30 per session; route/status readbacks passed
421,L6_SESSION_ROUTE_STATUS,READ bank=0x00 addr=0xE2 data=N/A,SESSION_3_COUNTER=147,MATCH_AGGREGATE,snapshot counter increments 30 per session; route/status readbacks passed
422,L6_SESSION_ROUTE_STATUS,READ bank=0x00 addr=0xEA data=N/A,SESSION_3_COUNTER=147,MATCH_AGGREGATE,snapshot counter increments 30 per session; route/status readbacks passed
423,L6_SESSION_ROUTE_STATUS,WRITE bank=0x00 addr=0xFF data=0x01,SESSION_4_COUNTER=177,MATCH_AGGREGATE,snapshot counter increments 30 per session; route/status readbacks passed
424,L6_SESSION_ROUTE_STATUS,READ bank=0x01 addr=0xC2 data=N/A,SESSION_4_COUNTER=177,MATCH_AGGREGATE,snapshot counter increments 30 per session; route/status readbacks passed
425,L6_SESSION_ROUTE_STATUS,WRITE bank=0x01 addr=0xC2 data=0x03,SESSION_4_COUNTER=177,MATCH_AGGREGATE,snapshot counter increments 30 per session; route/status readbacks passed
426,L6_SESSION_ROUTE_STATUS,READ bank=0x01 addr=0xC2 data=N/A,SESSION_4_COUNTER=177,MATCH_AGGREGATE,snapshot counter increments 30 per session; route/status readbacks passed
427,L6_SESSION_ROUTE_STATUS,WRITE bank=0x01 addr=0xFF data=0x00,SESSION_4_COUNTER=177,MATCH_AGGREGATE,snapshot counter increments 30 per session; route/status readbacks passed
428,L6_SESSION_ROUTE_STATUS,READ bank=0x00 addr=0xA8 data=N/A,SESSION_4_COUNTER=177,MATCH_AGGREGATE,snapshot counter increments 30 per session; route/status readbacks passed
429,L6_SESSION_ROUTE_STATUS,READ bank=0x00 addr=0xE0 data=N/A,SESSION_4_COUNTER=177,MATCH_AGGREGATE,snapshot counter increments 30 per session; route/status readbacks passed
430,L6_SESSION_ROUTE_STATUS,READ bank=0x00 addr=0xE1 data=N/A,SESSION_4_COUNTER=177,MATCH_AGGREGATE,snapshot counter increments 30 per session; route/status readbacks passed
431,L6_SESSION_ROUTE_STATUS,READ bank=0x00 addr=0xE2 data=N/A,SESSION_4_COUNTER=177,MATCH_AGGREGATE,snapshot counter increments 30 per session; route/status readbacks passed
432,L6_SESSION_ROUTE_STATUS,READ bank=0x00 addr=0xEB data=N/A,SESSION_4_COUNTER=177,MATCH_AGGREGATE,snapshot counter increments 30 per session; route/status readbacks passed
433,L6_SESSION_ROUTE_STATUS,READ bank=0x00 addr=0xA8 data=N/A,SESSION_4_COUNTER=177,MATCH_AGGREGATE,snapshot counter increments 30 per session; route/status readbacks passed
434,L6_SESSION_ROUTE_STATUS,READ bank=0x00 addr=0xE0 data=N/A,SESSION_4_COUNTER=177,MATCH_AGGREGATE,snapshot counter increments 30 per session; route/status readbacks passed
435,L6_SESSION_ROUTE_STATUS,READ bank=0x00 addr=0xE1 data=N/A,SESSION_4_COUNTER=177,MATCH_AGGREGATE,snapshot counter increments 30 per session; route/status readbacks passed
436,L6_SESSION_ROUTE_STATUS,READ bank=0x00 addr=0xE2 data=N/A,SESSION_4_COUNTER=177,MATCH_AGGREGATE,snapshot counter increments 30 per session; route/status readbacks passed
437,L6_SESSION_ROUTE_STATUS,READ bank=0x00 addr=0xEB data=N/A,SESSION_4_COUNTER=177,MATCH_AGGREGATE,snapshot counter increments 30 per session; route/status readbacks passed
438,L6_SESSION_ROUTE_STATUS,READ bank=0x00 addr=0xA8 data=N/A,SESSION_4_COUNTER=177,MATCH_AGGREGATE,snapshot counter increments 30 per session; route/status readbacks passed
439,L6_SESSION_ROUTE_STATUS,READ bank=0x00 addr=0xE0 data=N/A,SESSION_4_COUNTER=177,MATCH_AGGREGATE,snapshot counter increments 30 per session; route/status readbacks passed
440,L6_SESSION_ROUTE_STATUS,READ bank=0x00 addr=0xE1 data=N/A,SESSION_4_COUNTER=177,MATCH_AGGREGATE,snapshot counter increments 30 per session; route/status readbacks passed
441,L6_SESSION_ROUTE_STATUS,READ bank=0x00 addr=0xE2 data=N/A,SESSION_4_COUNTER=177,MATCH_AGGREGATE,snapshot counter increments 30 per session; route/status readbacks passed
442,L6_SESSION_ROUTE_STATUS,READ bank=0x00 addr=0xEB data=N/A,SESSION_4_COUNTER=177,MATCH_AGGREGATE,snapshot counter increments 30 per session; route/status readbacks passed
443,L6_SESSION_ROUTE_STATUS,READ bank=0x00 addr=0xA8 data=N/A,SESSION_4_COUNTER=177,MATCH_AGGREGATE,snapshot counter increments 30 per session; route/status readbacks passed
444,L6_SESSION_ROUTE_STATUS,READ bank=0x00 addr=0xE0 data=N/A,SESSION_4_COUNTER=177,MATCH_AGGREGATE,snapshot counter increments 30 per session; route/status readbacks passed
445,L6_SESSION_ROUTE_STATUS,READ bank=0x00 addr=0xE1 data=N/A,SESSION_4_COUNTER=177,MATCH_AGGREGATE,snapshot counter increments 30 per session; route/status readbacks passed
446,L6_SESSION_ROUTE_STATUS,READ bank=0x00 addr=0xE2 data=N/A,SESSION_4_COUNTER=177,MATCH_AGGREGATE,snapshot counter increments 30 per session; route/status readbacks passed
447,L6_SESSION_ROUTE_STATUS,READ bank=0x00 addr=0xEB data=N/A,SESSION_4_COUNTER=177,MATCH_AGGREGATE,snapshot counter increments 30 per session; route/status readbacks passed
448,L6_SESSION_ROUTE_STATUS,READ bank=0x00 addr=0xA8 data=N/A,SESSION_4_COUNTER=177,MATCH_AGGREGATE,snapshot counter increments 30 per session; route/status readbacks passed
449,L6_SESSION_ROUTE_STATUS,READ bank=0x00 addr=0xE0 data=N/A,SESSION_4_COUNTER=177,MATCH_AGGREGATE,snapshot counter increments 30 per session; route/status readbacks passed
450,L6_SESSION_ROUTE_STATUS,READ bank=0x00 addr=0xE1 data=N/A,SESSION_4_COUNTER=177,MATCH_AGGREGATE,snapshot counter increments 30 per session; route/status readbacks passed
451,L6_SESSION_ROUTE_STATUS,READ bank=0x00 addr=0xE2 data=N/A,SESSION_4_COUNTER=177,MATCH_AGGREGATE,snapshot counter increments 30 per session; route/status readbacks passed
452,L6_SESSION_ROUTE_STATUS,READ bank=0x00 addr=0xEB data=N/A,SESSION_4_COUNTER=177,MATCH_AGGREGATE,snapshot counter increments 30 per session; route/status readbacks passed
453,L5_ROUND_BGDCOL,WRITE bank=0x00 addr=0xFF data=0x00,ROUND_READBACK_AND_COUNTER_SEGMENT,MATCH_AGGREGATE,4/4 BGDCOL readbacks; five transactions precede each new round
454,L5_ROUND_BGDCOL,WRITE bank=0x00 addr=0x78 data=0x61,ROUND_READBACK_AND_COUNTER_SEGMENT,MATCH_AGGREGATE,4/4 BGDCOL readbacks; five transactions precede each new round
455,L5_ROUND_BGDCOL,WRITE bank=0x00 addr=0x79 data=0x34,ROUND_READBACK_AND_COUNTER_SEGMENT,MATCH_AGGREGATE,4/4 BGDCOL readbacks; five transactions precede each new round
456,L5_ROUND_BGDCOL,READ bank=0x00 addr=0x78 data=N/A,ROUND_READBACK_AND_COUNTER_SEGMENT,MATCH_AGGREGATE,4/4 BGDCOL readbacks; five transactions precede each new round
457,L5_ROUND_BGDCOL,READ bank=0x00 addr=0x79 data=N/A,ROUND_READBACK_AND_COUNTER_SEGMENT,MATCH_AGGREGATE,4/4 BGDCOL readbacks; five transactions precede each new round
458,L6_SESSION_ROUTE_STATUS,WRITE bank=0x00 addr=0xFF data=0x01,SESSION_5_COUNTER=212,MATCH_AGGREGATE,snapshot counter increments 30 per session; route/status readbacks passed
459,L6_SESSION_ROUTE_STATUS,READ bank=0x01 addr=0xC2 data=N/A,SESSION_5_COUNTER=212,MATCH_AGGREGATE,snapshot counter increments 30 per session; route/status readbacks passed
460,L6_SESSION_ROUTE_STATUS,WRITE bank=0x01 addr=0xC2 data=0x03,SESSION_5_COUNTER=212,MATCH_AGGREGATE,snapshot counter increments 30 per session; route/status readbacks passed
461,L6_SESSION_ROUTE_STATUS,READ bank=0x01 addr=0xC2 data=N/A,SESSION_5_COUNTER=212,MATCH_AGGREGATE,snapshot counter increments 30 per session; route/status readbacks passed
462,L6_SESSION_ROUTE_STATUS,WRITE bank=0x01 addr=0xFF data=0x00,SESSION_5_COUNTER=212,MATCH_AGGREGATE,snapshot counter increments 30 per session; route/status readbacks passed
463,L6_SESSION_ROUTE_STATUS,READ bank=0x00 addr=0xA8 data=N/A,SESSION_5_COUNTER=212,MATCH_AGGREGATE,snapshot counter increments 30 per session; route/status readbacks passed
464,L6_SESSION_ROUTE_STATUS,READ bank=0x00 addr=0xE0 data=N/A,SESSION_5_COUNTER=212,MATCH_AGGREGATE,snapshot counter increments 30 per session; route/status readbacks passed
465,L6_SESSION_ROUTE_STATUS,READ bank=0x00 addr=0xE1 data=N/A,SESSION_5_COUNTER=212,MATCH_AGGREGATE,snapshot counter increments 30 per session; route/status readbacks passed
466,L6_SESSION_ROUTE_STATUS,READ bank=0x00 addr=0xE2 data=N/A,SESSION_5_COUNTER=212,MATCH_AGGREGATE,snapshot counter increments 30 per session; route/status readbacks passed
467,L6_SESSION_ROUTE_STATUS,READ bank=0x00 addr=0xEB data=N/A,SESSION_5_COUNTER=212,MATCH_AGGREGATE,snapshot counter increments 30 per session; route/status readbacks passed
468,L6_SESSION_ROUTE_STATUS,READ bank=0x00 addr=0xA8 data=N/A,SESSION_5_COUNTER=212,MATCH_AGGREGATE,snapshot counter increments 30 per session; route/status readbacks passed
469,L6_SESSION_ROUTE_STATUS,READ bank=0x00 addr=0xE0 data=N/A,SESSION_5_COUNTER=212,MATCH_AGGREGATE,snapshot counter increments 30 per session; route/status readbacks passed
470,L6_SESSION_ROUTE_STATUS,READ bank=0x00 addr=0xE1 data=N/A,SESSION_5_COUNTER=212,MATCH_AGGREGATE,snapshot counter increments 30 per session; route/status readbacks passed
471,L6_SESSION_ROUTE_STATUS,READ bank=0x00 addr=0xE2 data=N/A,SESSION_5_COUNTER=212,MATCH_AGGREGATE,snapshot counter increments 30 per session; route/status readbacks passed
472,L6_SESSION_ROUTE_STATUS,READ bank=0x00 addr=0xEB data=N/A,SESSION_5_COUNTER=212,MATCH_AGGREGATE,snapshot counter increments 30 per session; route/status readbacks passed
473,L6_SESSION_ROUTE_STATUS,READ bank=0x00 addr=0xA8 data=N/A,SESSION_5_COUNTER=212,MATCH_AGGREGATE,snapshot counter increments 30 per session; route/status readbacks passed
474,L6_SESSION_ROUTE_STATUS,READ bank=0x00 addr=0xE0 data=N/A,SESSION_5_COUNTER=212,MATCH_AGGREGATE,snapshot counter increments 30 per session; route/status readbacks passed
475,L6_SESSION_ROUTE_STATUS,READ bank=0x00 addr=0xE1 data=N/A,SESSION_5_COUNTER=212,MATCH_AGGREGATE,snapshot counter increments 30 per session; route/status readbacks passed
476,L6_SESSION_ROUTE_STATUS,READ bank=0x00 addr=0xE2 data=N/A,SESSION_5_COUNTER=212,MATCH_AGGREGATE,snapshot counter increments 30 per session; route/status readbacks passed
477,L6_SESSION_ROUTE_STATUS,READ bank=0x00 addr=0xEB data=N/A,SESSION_5_COUNTER=212,MATCH_AGGREGATE,snapshot counter increments 30 per session; route/status readbacks passed
478,L6_SESSION_ROUTE_STATUS,READ bank=0x00 addr=0xA8 data=N/A,SESSION_5_COUNTER=212,MATCH_AGGREGATE,snapshot counter increments 30 per session; route/status readbacks passed
479,L6_SESSION_ROUTE_STATUS,READ bank=0x00 addr=0xE0 data=N/A,SESSION_5_COUNTER=212,MATCH_AGGREGATE,snapshot counter increments 30 per session; route/status readbacks passed
480,L6_SESSION_ROUTE_STATUS,READ bank=0x00 addr=0xE1 data=N/A,SESSION_5_COUNTER=212,MATCH_AGGREGATE,snapshot counter increments 30 per session; route/status readbacks passed
481,L6_SESSION_ROUTE_STATUS,READ bank=0x00 addr=0xE2 data=N/A,SESSION_5_COUNTER=212,MATCH_AGGREGATE,snapshot counter increments 30 per session; route/status readbacks passed
482,L6_SESSION_ROUTE_STATUS,READ bank=0x00 addr=0xEB data=N/A,SESSION_5_COUNTER=212,MATCH_AGGREGATE,snapshot counter increments 30 per session; route/status readbacks passed
483,L6_SESSION_ROUTE_STATUS,READ bank=0x00 addr=0xA8 data=N/A,SESSION_5_COUNTER=212,MATCH_AGGREGATE,snapshot counter increments 30 per session; route/status readbacks passed
484,L6_SESSION_ROUTE_STATUS,READ bank=0x00 addr=0xE0 data=N/A,SESSION_5_COUNTER=212,MATCH_AGGREGATE,snapshot counter increments 30 per session; route/status readbacks passed
485,L6_SESSION_ROUTE_STATUS,READ bank=0x00 addr=0xE1 data=N/A,SESSION_5_COUNTER=212,MATCH_AGGREGATE,snapshot counter increments 30 per session; route/status readbacks passed
486,L6_SESSION_ROUTE_STATUS,READ bank=0x00 addr=0xE2 data=N/A,SESSION_5_COUNTER=212,MATCH_AGGREGATE,snapshot counter increments 30 per session; route/status readbacks passed
487,L6_SESSION_ROUTE_STATUS,READ bank=0x00 addr=0xEB data=N/A,SESSION_5_COUNTER=212,MATCH_AGGREGATE,snapshot counter increments 30 per session; route/status readbacks passed
488,L6_SESSION_ROUTE_STATUS,WRITE bank=0x00 addr=0xFF data=0x01,SESSION_6_COUNTER=242,MATCH_AGGREGATE,snapshot counter increments 30 per session; route/status readbacks passed
489,L6_SESSION_ROUTE_STATUS,READ bank=0x01 addr=0xC2 data=N/A,SESSION_6_COUNTER=242,MATCH_AGGREGATE,snapshot counter increments 30 per session; route/status readbacks passed
490,L6_SESSION_ROUTE_STATUS,WRITE bank=0x01 addr=0xC2 data=0x02,SESSION_6_COUNTER=242,MATCH_AGGREGATE,snapshot counter increments 30 per session; route/status readbacks passed
491,L6_SESSION_ROUTE_STATUS,READ bank=0x01 addr=0xC2 data=N/A,SESSION_6_COUNTER=242,MATCH_AGGREGATE,snapshot counter increments 30 per session; route/status readbacks passed
492,L6_SESSION_ROUTE_STATUS,WRITE bank=0x01 addr=0xFF data=0x00,SESSION_6_COUNTER=242,MATCH_AGGREGATE,snapshot counter increments 30 per session; route/status readbacks passed
493,L6_SESSION_ROUTE_STATUS,READ bank=0x00 addr=0xA8 data=N/A,SESSION_6_COUNTER=242,MATCH_AGGREGATE,snapshot counter increments 30 per session; route/status readbacks passed
494,L6_SESSION_ROUTE_STATUS,READ bank=0x00 addr=0xE0 data=N/A,SESSION_6_COUNTER=242,MATCH_AGGREGATE,snapshot counter increments 30 per session; route/status readbacks passed
495,L6_SESSION_ROUTE_STATUS,READ bank=0x00 addr=0xE1 data=N/A,SESSION_6_COUNTER=242,MATCH_AGGREGATE,snapshot counter increments 30 per session; route/status readbacks passed
496,L6_SESSION_ROUTE_STATUS,READ bank=0x00 addr=0xE2 data=N/A,SESSION_6_COUNTER=242,MATCH_AGGREGATE,snapshot counter increments 30 per session; route/status readbacks passed
497,L6_SESSION_ROUTE_STATUS,READ bank=0x00 addr=0xEA data=N/A,SESSION_6_COUNTER=242,MATCH_AGGREGATE,snapshot counter increments 30 per session; route/status readbacks passed
498,L6_SESSION_ROUTE_STATUS,READ bank=0x00 addr=0xA8 data=N/A,SESSION_6_COUNTER=242,MATCH_AGGREGATE,snapshot counter increments 30 per session; route/status readbacks passed
499,L6_SESSION_ROUTE_STATUS,READ bank=0x00 addr=0xE0 data=N/A,SESSION_6_COUNTER=242,MATCH_AGGREGATE,snapshot counter increments 30 per session; route/status readbacks passed
500,L6_SESSION_ROUTE_STATUS,READ bank=0x00 addr=0xE1 data=N/A,SESSION_6_COUNTER=242,MATCH_AGGREGATE,snapshot counter increments 30 per session; route/status readbacks passed
501,L6_SESSION_ROUTE_STATUS,READ bank=0x00 addr=0xE2 data=N/A,SESSION_6_COUNTER=242,MATCH_AGGREGATE,snapshot counter increments 30 per session; route/status readbacks passed
502,L6_SESSION_ROUTE_STATUS,READ bank=0x00 addr=0xEA data=N/A,SESSION_6_COUNTER=242,MATCH_AGGREGATE,snapshot counter increments 30 per session; route/status readbacks passed
503,L6_SESSION_ROUTE_STATUS,READ bank=0x00 addr=0xA8 data=N/A,SESSION_6_COUNTER=242,MATCH_AGGREGATE,snapshot counter increments 30 per session; route/status readbacks passed
504,L6_SESSION_ROUTE_STATUS,READ bank=0x00 addr=0xE0 data=N/A,SESSION_6_COUNTER=242,MATCH_AGGREGATE,snapshot counter increments 30 per session; route/status readbacks passed
505,L6_SESSION_ROUTE_STATUS,READ bank=0x00 addr=0xE1 data=N/A,SESSION_6_COUNTER=242,MATCH_AGGREGATE,snapshot counter increments 30 per session; route/status readbacks passed
506,L6_SESSION_ROUTE_STATUS,READ bank=0x00 addr=0xE2 data=N/A,SESSION_6_COUNTER=242,MATCH_AGGREGATE,snapshot counter increments 30 per session; route/status readbacks passed
507,L6_SESSION_ROUTE_STATUS,READ bank=0x00 addr=0xEA data=N/A,SESSION_6_COUNTER=242,MATCH_AGGREGATE,snapshot counter increments 30 per session; route/status readbacks passed
508,L6_SESSION_ROUTE_STATUS,READ bank=0x00 addr=0xA8 data=N/A,SESSION_6_COUNTER=242,MATCH_AGGREGATE,snapshot counter increments 30 per session; route/status readbacks passed
509,L6_SESSION_ROUTE_STATUS,READ bank=0x00 addr=0xE0 data=N/A,SESSION_6_COUNTER=242,MATCH_AGGREGATE,snapshot counter increments 30 per session; route/status readbacks passed
510,L6_SESSION_ROUTE_STATUS,READ bank=0x00 addr=0xE1 data=N/A,SESSION_6_COUNTER=242,MATCH_AGGREGATE,snapshot counter increments 30 per session; route/status readbacks passed
511,L6_SESSION_ROUTE_STATUS,READ bank=0x00 addr=0xE2 data=N/A,SESSION_6_COUNTER=242,MATCH_AGGREGATE,snapshot counter increments 30 per session; route/status readbacks passed
512,L6_SESSION_ROUTE_STATUS,READ bank=0x00 addr=0xEA data=N/A,SESSION_6_COUNTER=242,MATCH_AGGREGATE,snapshot counter increments 30 per session; route/status readbacks passed
513,L6_SESSION_ROUTE_STATUS,READ bank=0x00 addr=0xA8 data=N/A,SESSION_6_COUNTER=242,MATCH_AGGREGATE,snapshot counter increments 30 per session; route/status readbacks passed
514,L6_SESSION_ROUTE_STATUS,READ bank=0x00 addr=0xE0 data=N/A,SESSION_6_COUNTER=242,MATCH_AGGREGATE,snapshot counter increments 30 per session; route/status readbacks passed
515,L6_SESSION_ROUTE_STATUS,READ bank=0x00 addr=0xE1 data=N/A,SESSION_6_COUNTER=242,MATCH_AGGREGATE,snapshot counter increments 30 per session; route/status readbacks passed
516,L6_SESSION_ROUTE_STATUS,READ bank=0x00 addr=0xE2 data=N/A,SESSION_6_COUNTER=242,MATCH_AGGREGATE,snapshot counter increments 30 per session; route/status readbacks passed
517,L6_SESSION_ROUTE_STATUS,READ bank=0x00 addr=0xEA data=N/A,SESSION_6_COUNTER=242,MATCH_AGGREGATE,snapshot counter increments 30 per session; route/status readbacks passed
518,L6_SESSION_ROUTE_STATUS,WRITE bank=0x00 addr=0xFF data=0x01,SESSION_7_COUNTER=272,MATCH_AGGREGATE,snapshot counter increments 30 per session; route/status readbacks passed
519,L6_SESSION_ROUTE_STATUS,READ bank=0x01 addr=0xC2 data=N/A,SESSION_7_COUNTER=272,MATCH_AGGREGATE,snapshot counter increments 30 per session; route/status readbacks passed
520,L6_SESSION_ROUTE_STATUS,WRITE bank=0x01 addr=0xC2 data=0x01,SESSION_7_COUNTER=272,MATCH_AGGREGATE,snapshot counter increments 30 per session; route/status readbacks passed
521,L6_SESSION_ROUTE_STATUS,READ bank=0x01 addr=0xC2 data=N/A,SESSION_7_COUNTER=272,MATCH_AGGREGATE,snapshot counter increments 30 per session; route/status readbacks passed
522,L6_SESSION_ROUTE_STATUS,WRITE bank=0x01 addr=0xFF data=0x00,SESSION_7_COUNTER=272,MATCH_AGGREGATE,snapshot counter increments 30 per session; route/status readbacks passed
523,L6_SESSION_ROUTE_STATUS,READ bank=0x00 addr=0xA8 data=N/A,SESSION_7_COUNTER=272,MATCH_AGGREGATE,snapshot counter increments 30 per session; route/status readbacks passed
524,L6_SESSION_ROUTE_STATUS,READ bank=0x00 addr=0xE0 data=N/A,SESSION_7_COUNTER=272,MATCH_AGGREGATE,snapshot counter increments 30 per session; route/status readbacks passed
525,L6_SESSION_ROUTE_STATUS,READ bank=0x00 addr=0xE1 data=N/A,SESSION_7_COUNTER=272,MATCH_AGGREGATE,snapshot counter increments 30 per session; route/status readbacks passed
526,L6_SESSION_ROUTE_STATUS,READ bank=0x00 addr=0xE2 data=N/A,SESSION_7_COUNTER=272,MATCH_AGGREGATE,snapshot counter increments 30 per session; route/status readbacks passed
527,L6_SESSION_ROUTE_STATUS,READ bank=0x00 addr=0xE9 data=N/A,SESSION_7_COUNTER=272,MATCH_AGGREGATE,snapshot counter increments 30 per session; route/status readbacks passed
528,L6_SESSION_ROUTE_STATUS,READ bank=0x00 addr=0xA8 data=N/A,SESSION_7_COUNTER=272,MATCH_AGGREGATE,snapshot counter increments 30 per session; route/status readbacks passed
529,L6_SESSION_ROUTE_STATUS,READ bank=0x00 addr=0xE0 data=N/A,SESSION_7_COUNTER=272,MATCH_AGGREGATE,snapshot counter increments 30 per session; route/status readbacks passed
530,L6_SESSION_ROUTE_STATUS,READ bank=0x00 addr=0xE1 data=N/A,SESSION_7_COUNTER=272,MATCH_AGGREGATE,snapshot counter increments 30 per session; route/status readbacks passed
531,L6_SESSION_ROUTE_STATUS,READ bank=0x00 addr=0xE2 data=N/A,SESSION_7_COUNTER=272,MATCH_AGGREGATE,snapshot counter increments 30 per session; route/status readbacks passed
532,L6_SESSION_ROUTE_STATUS,READ bank=0x00 addr=0xE9 data=N/A,SESSION_7_COUNTER=272,MATCH_AGGREGATE,snapshot counter increments 30 per session; route/status readbacks passed
533,L6_SESSION_ROUTE_STATUS,READ bank=0x00 addr=0xA8 data=N/A,SESSION_7_COUNTER=272,MATCH_AGGREGATE,snapshot counter increments 30 per session; route/status readbacks passed
534,L6_SESSION_ROUTE_STATUS,READ bank=0x00 addr=0xE0 data=N/A,SESSION_7_COUNTER=272,MATCH_AGGREGATE,snapshot counter increments 30 per session; route/status readbacks passed
535,L6_SESSION_ROUTE_STATUS,READ bank=0x00 addr=0xE1 data=N/A,SESSION_7_COUNTER=272,MATCH_AGGREGATE,snapshot counter increments 30 per session; route/status readbacks passed
536,L6_SESSION_ROUTE_STATUS,READ bank=0x00 addr=0xE2 data=N/A,SESSION_7_COUNTER=272,MATCH_AGGREGATE,snapshot counter increments 30 per session; route/status readbacks passed
537,L6_SESSION_ROUTE_STATUS,READ bank=0x00 addr=0xE9 data=N/A,SESSION_7_COUNTER=272,MATCH_AGGREGATE,snapshot counter increments 30 per session; route/status readbacks passed
538,L6_SESSION_ROUTE_STATUS,READ bank=0x00 addr=0xA8 data=N/A,SESSION_7_COUNTER=272,MATCH_AGGREGATE,snapshot counter increments 30 per session; route/status readbacks passed
539,L6_SESSION_ROUTE_STATUS,READ bank=0x00 addr=0xE0 data=N/A,SESSION_7_COUNTER=272,MATCH_AGGREGATE,snapshot counter increments 30 per session; route/status readbacks passed
540,L6_SESSION_ROUTE_STATUS,READ bank=0x00 addr=0xE1 data=N/A,SESSION_7_COUNTER=272,MATCH_AGGREGATE,snapshot counter increments 30 per session; route/status readbacks passed
541,L6_SESSION_ROUTE_STATUS,READ bank=0x00 addr=0xE2 data=N/A,SESSION_7_COUNTER=272,MATCH_AGGREGATE,snapshot counter increments 30 per session; route/status readbacks passed
542,L6_SESSION_ROUTE_STATUS,READ bank=0x00 addr=0xE9 data=N/A,SESSION_7_COUNTER=272,MATCH_AGGREGATE,snapshot counter increments 30 per session; route/status readbacks passed
543,L6_SESSION_ROUTE_STATUS,READ bank=0x00 addr=0xA8 data=N/A,SESSION_7_COUNTER=272,MATCH_AGGREGATE,snapshot counter increments 30 per session; route/status readbacks passed
544,L6_SESSION_ROUTE_STATUS,READ bank=0x00 addr=0xE0 data=N/A,SESSION_7_COUNTER=272,MATCH_AGGREGATE,snapshot counter increments 30 per session; route/status readbacks passed
545,L6_SESSION_ROUTE_STATUS,READ bank=0x00 addr=0xE1 data=N/A,SESSION_7_COUNTER=272,MATCH_AGGREGATE,snapshot counter increments 30 per session; route/status readbacks passed
546,L6_SESSION_ROUTE_STATUS,READ bank=0x00 addr=0xE2 data=N/A,SESSION_7_COUNTER=272,MATCH_AGGREGATE,snapshot counter increments 30 per session; route/status readbacks passed
547,L6_SESSION_ROUTE_STATUS,READ bank=0x00 addr=0xE9 data=N/A,SESSION_7_COUNTER=272,MATCH_AGGREGATE,snapshot counter increments 30 per session; route/status readbacks passed
548,L6_SESSION_ROUTE_STATUS,WRITE bank=0x00 addr=0xFF data=0x01,SESSION_8_COUNTER=302,MATCH_AGGREGATE,snapshot counter increments 30 per session; route/status readbacks passed
549,L6_SESSION_ROUTE_STATUS,READ bank=0x01 addr=0xC2 data=N/A,SESSION_8_COUNTER=302,MATCH_AGGREGATE,snapshot counter increments 30 per session; route/status readbacks passed
550,L6_SESSION_ROUTE_STATUS,WRITE bank=0x01 addr=0xC2 data=0x00,SESSION_8_COUNTER=302,MATCH_AGGREGATE,snapshot counter increments 30 per session; route/status readbacks passed
551,L6_SESSION_ROUTE_STATUS,READ bank=0x01 addr=0xC2 data=N/A,SESSION_8_COUNTER=302,MATCH_AGGREGATE,snapshot counter increments 30 per session; route/status readbacks passed
552,L6_SESSION_ROUTE_STATUS,WRITE bank=0x01 addr=0xFF data=0x00,SESSION_8_COUNTER=302,MATCH_AGGREGATE,snapshot counter increments 30 per session; route/status readbacks passed
553,L6_SESSION_ROUTE_STATUS,READ bank=0x00 addr=0xA8 data=N/A,SESSION_8_COUNTER=302,MATCH_AGGREGATE,snapshot counter increments 30 per session; route/status readbacks passed
554,L6_SESSION_ROUTE_STATUS,READ bank=0x00 addr=0xE0 data=N/A,SESSION_8_COUNTER=302,MATCH_AGGREGATE,snapshot counter increments 30 per session; route/status readbacks passed
555,L6_SESSION_ROUTE_STATUS,READ bank=0x00 addr=0xE1 data=N/A,SESSION_8_COUNTER=302,MATCH_AGGREGATE,snapshot counter increments 30 per session; route/status readbacks passed
556,L6_SESSION_ROUTE_STATUS,READ bank=0x00 addr=0xE2 data=N/A,SESSION_8_COUNTER=302,MATCH_AGGREGATE,snapshot counter increments 30 per session; route/status readbacks passed
557,L6_SESSION_ROUTE_STATUS,READ bank=0x00 addr=0xE8 data=N/A,SESSION_8_COUNTER=302,MATCH_AGGREGATE,snapshot counter increments 30 per session; route/status readbacks passed
558,L6_SESSION_ROUTE_STATUS,READ bank=0x00 addr=0xA8 data=N/A,SESSION_8_COUNTER=302,MATCH_AGGREGATE,snapshot counter increments 30 per session; route/status readbacks passed
559,L6_SESSION_ROUTE_STATUS,READ bank=0x00 addr=0xE0 data=N/A,SESSION_8_COUNTER=302,MATCH_AGGREGATE,snapshot counter increments 30 per session; route/status readbacks passed
560,L6_SESSION_ROUTE_STATUS,READ bank=0x00 addr=0xE1 data=N/A,SESSION_8_COUNTER=302,MATCH_AGGREGATE,snapshot counter increments 30 per session; route/status readbacks passed
561,L6_SESSION_ROUTE_STATUS,READ bank=0x00 addr=0xE2 data=N/A,SESSION_8_COUNTER=302,MATCH_AGGREGATE,snapshot counter increments 30 per session; route/status readbacks passed
562,L6_SESSION_ROUTE_STATUS,READ bank=0x00 addr=0xE8 data=N/A,SESSION_8_COUNTER=302,MATCH_AGGREGATE,snapshot counter increments 30 per session; route/status readbacks passed
563,L6_SESSION_ROUTE_STATUS,READ bank=0x00 addr=0xA8 data=N/A,SESSION_8_COUNTER=302,MATCH_AGGREGATE,snapshot counter increments 30 per session; route/status readbacks passed
564,L6_SESSION_ROUTE_STATUS,READ bank=0x00 addr=0xE0 data=N/A,SESSION_8_COUNTER=302,MATCH_AGGREGATE,snapshot counter increments 30 per session; route/status readbacks passed
565,L6_SESSION_ROUTE_STATUS,READ bank=0x00 addr=0xE1 data=N/A,SESSION_8_COUNTER=302,MATCH_AGGREGATE,snapshot counter increments 30 per session; route/status readbacks passed
566,L6_SESSION_ROUTE_STATUS,READ bank=0x00 addr=0xE2 data=N/A,SESSION_8_COUNTER=302,MATCH_AGGREGATE,snapshot counter increments 30 per session; route/status readbacks passed
567,L6_SESSION_ROUTE_STATUS,READ bank=0x00 addr=0xE8 data=N/A,SESSION_8_COUNTER=302,MATCH_AGGREGATE,snapshot counter increments 30 per session; route/status readbacks passed
568,L6_SESSION_ROUTE_STATUS,READ bank=0x00 addr=0xA8 data=N/A,SESSION_8_COUNTER=302,MATCH_AGGREGATE,snapshot counter increments 30 per session; route/status readbacks passed
569,L6_SESSION_ROUTE_STATUS,READ bank=0x00 addr=0xE0 data=N/A,SESSION_8_COUNTER=302,MATCH_AGGREGATE,snapshot counter increments 30 per session; route/status readbacks passed
570,L6_SESSION_ROUTE_STATUS,READ bank=0x00 addr=0xE1 data=N/A,SESSION_8_COUNTER=302,MATCH_AGGREGATE,snapshot counter increments 30 per session; route/status readbacks passed
571,L6_SESSION_ROUTE_STATUS,READ bank=0x00 addr=0xE2 data=N/A,SESSION_8_COUNTER=302,MATCH_AGGREGATE,snapshot counter increments 30 per session; route/status readbacks passed
572,L6_SESSION_ROUTE_STATUS,READ bank=0x00 addr=0xE8 data=N/A,SESSION_8_COUNTER=302,MATCH_AGGREGATE,snapshot counter increments 30 per session; route/status readbacks passed
573,L6_SESSION_ROUTE_STATUS,READ bank=0x00 addr=0xA8 data=N/A,SESSION_8_COUNTER=302,MATCH_AGGREGATE,snapshot counter increments 30 per session; route/status readbacks passed
574,L6_SESSION_ROUTE_STATUS,READ bank=0x00 addr=0xE0 data=N/A,SESSION_8_COUNTER=302,MATCH_AGGREGATE,snapshot counter increments 30 per session; route/status readbacks passed
575,L6_SESSION_ROUTE_STATUS,READ bank=0x00 addr=0xE1 data=N/A,SESSION_8_COUNTER=302,MATCH_AGGREGATE,snapshot counter increments 30 per session; route/status readbacks passed
576,L6_SESSION_ROUTE_STATUS,READ bank=0x00 addr=0xE2 data=N/A,SESSION_8_COUNTER=302,MATCH_AGGREGATE,snapshot counter increments 30 per session; route/status readbacks passed
577,L6_SESSION_ROUTE_STATUS,READ bank=0x00 addr=0xE8 data=N/A,SESSION_8_COUNTER=302,MATCH_AGGREGATE,snapshot counter increments 30 per session; route/status readbacks passed
578,L5_ROUND_BGDCOL,WRITE bank=0x00 addr=0xFF data=0x00,ROUND_READBACK_AND_COUNTER_SEGMENT,MATCH_AGGREGATE,4/4 BGDCOL readbacks; five transactions precede each new round
579,L5_ROUND_BGDCOL,WRITE bank=0x00 addr=0x78 data=0x13,ROUND_READBACK_AND_COUNTER_SEGMENT,MATCH_AGGREGATE,4/4 BGDCOL readbacks; five transactions precede each new round
580,L5_ROUND_BGDCOL,WRITE bank=0x00 addr=0x79 data=0x46,ROUND_READBACK_AND_COUNTER_SEGMENT,MATCH_AGGREGATE,4/4 BGDCOL readbacks; five transactions precede each new round
581,L5_ROUND_BGDCOL,READ bank=0x00 addr=0x78 data=N/A,ROUND_READBACK_AND_COUNTER_SEGMENT,MATCH_AGGREGATE,4/4 BGDCOL readbacks; five transactions precede each new round
582,L5_ROUND_BGDCOL,READ bank=0x00 addr=0x79 data=N/A,ROUND_READBACK_AND_COUNTER_SEGMENT,MATCH_AGGREGATE,4/4 BGDCOL readbacks; five transactions precede each new round
583,L6_SESSION_ROUTE_STATUS,WRITE bank=0x00 addr=0xFF data=0x01,SESSION_9_COUNTER=337,MATCH_AGGREGATE,snapshot counter increments 30 per session; route/status readbacks passed
584,L6_SESSION_ROUTE_STATUS,READ bank=0x01 addr=0xC2 data=N/A,SESSION_9_COUNTER=337,MATCH_AGGREGATE,snapshot counter increments 30 per session; route/status readbacks passed
585,L6_SESSION_ROUTE_STATUS,WRITE bank=0x01 addr=0xC2 data=0x01,SESSION_9_COUNTER=337,MATCH_AGGREGATE,snapshot counter increments 30 per session; route/status readbacks passed
586,L6_SESSION_ROUTE_STATUS,READ bank=0x01 addr=0xC2 data=N/A,SESSION_9_COUNTER=337,MATCH_AGGREGATE,snapshot counter increments 30 per session; route/status readbacks passed
587,L6_SESSION_ROUTE_STATUS,WRITE bank=0x01 addr=0xFF data=0x00,SESSION_9_COUNTER=337,MATCH_AGGREGATE,snapshot counter increments 30 per session; route/status readbacks passed
588,L6_SESSION_ROUTE_STATUS,READ bank=0x00 addr=0xA8 data=N/A,SESSION_9_COUNTER=337,MATCH_AGGREGATE,snapshot counter increments 30 per session; route/status readbacks passed
589,L6_SESSION_ROUTE_STATUS,READ bank=0x00 addr=0xE0 data=N/A,SESSION_9_COUNTER=337,MATCH_AGGREGATE,snapshot counter increments 30 per session; route/status readbacks passed
590,L6_SESSION_ROUTE_STATUS,READ bank=0x00 addr=0xE1 data=N/A,SESSION_9_COUNTER=337,MATCH_AGGREGATE,snapshot counter increments 30 per session; route/status readbacks passed
591,L6_SESSION_ROUTE_STATUS,READ bank=0x00 addr=0xE2 data=N/A,SESSION_9_COUNTER=337,MATCH_AGGREGATE,snapshot counter increments 30 per session; route/status readbacks passed
592,L6_SESSION_ROUTE_STATUS,READ bank=0x00 addr=0xE9 data=N/A,SESSION_9_COUNTER=337,MATCH_AGGREGATE,snapshot counter increments 30 per session; route/status readbacks passed
593,L6_SESSION_ROUTE_STATUS,READ bank=0x00 addr=0xA8 data=N/A,SESSION_9_COUNTER=337,MATCH_AGGREGATE,snapshot counter increments 30 per session; route/status readbacks passed
594,L6_SESSION_ROUTE_STATUS,READ bank=0x00 addr=0xE0 data=N/A,SESSION_9_COUNTER=337,MATCH_AGGREGATE,snapshot counter increments 30 per session; route/status readbacks passed
595,L6_SESSION_ROUTE_STATUS,READ bank=0x00 addr=0xE1 data=N/A,SESSION_9_COUNTER=337,MATCH_AGGREGATE,snapshot counter increments 30 per session; route/status readbacks passed
596,L6_SESSION_ROUTE_STATUS,READ bank=0x00 addr=0xE2 data=N/A,SESSION_9_COUNTER=337,MATCH_AGGREGATE,snapshot counter increments 30 per session; route/status readbacks passed
597,L6_SESSION_ROUTE_STATUS,READ bank=0x00 addr=0xE9 data=N/A,SESSION_9_COUNTER=337,MATCH_AGGREGATE,snapshot counter increments 30 per session; route/status readbacks passed
598,L6_SESSION_ROUTE_STATUS,READ bank=0x00 addr=0xA8 data=N/A,SESSION_9_COUNTER=337,MATCH_AGGREGATE,snapshot counter increments 30 per session; route/status readbacks passed
599,L6_SESSION_ROUTE_STATUS,READ bank=0x00 addr=0xE0 data=N/A,SESSION_9_COUNTER=337,MATCH_AGGREGATE,snapshot counter increments 30 per session; route/status readbacks passed
600,L6_SESSION_ROUTE_STATUS,READ bank=0x00 addr=0xE1 data=N/A,SESSION_9_COUNTER=337,MATCH_AGGREGATE,snapshot counter increments 30 per session; route/status readbacks passed
601,L6_SESSION_ROUTE_STATUS,READ bank=0x00 addr=0xE2 data=N/A,SESSION_9_COUNTER=337,MATCH_AGGREGATE,snapshot counter increments 30 per session; route/status readbacks passed
602,L6_SESSION_ROUTE_STATUS,READ bank=0x00 addr=0xE9 data=N/A,SESSION_9_COUNTER=337,MATCH_AGGREGATE,snapshot counter increments 30 per session; route/status readbacks passed
603,L6_SESSION_ROUTE_STATUS,READ bank=0x00 addr=0xA8 data=N/A,SESSION_9_COUNTER=337,MATCH_AGGREGATE,snapshot counter increments 30 per session; route/status readbacks passed
604,L6_SESSION_ROUTE_STATUS,READ bank=0x00 addr=0xE0 data=N/A,SESSION_9_COUNTER=337,MATCH_AGGREGATE,snapshot counter increments 30 per session; route/status readbacks passed
605,L6_SESSION_ROUTE_STATUS,READ bank=0x00 addr=0xE1 data=N/A,SESSION_9_COUNTER=337,MATCH_AGGREGATE,snapshot counter increments 30 per session; route/status readbacks passed
606,L6_SESSION_ROUTE_STATUS,READ bank=0x00 addr=0xE2 data=N/A,SESSION_9_COUNTER=337,MATCH_AGGREGATE,snapshot counter increments 30 per session; route/status readbacks passed
607,L6_SESSION_ROUTE_STATUS,READ bank=0x00 addr=0xE9 data=N/A,SESSION_9_COUNTER=337,MATCH_AGGREGATE,snapshot counter increments 30 per session; route/status readbacks passed
608,L6_SESSION_ROUTE_STATUS,READ bank=0x00 addr=0xA8 data=N/A,SESSION_9_COUNTER=337,MATCH_AGGREGATE,snapshot counter increments 30 per session; route/status readbacks passed
609,L6_SESSION_ROUTE_STATUS,READ bank=0x00 addr=0xE0 data=N/A,SESSION_9_COUNTER=337,MATCH_AGGREGATE,snapshot counter increments 30 per session; route/status readbacks passed
610,L6_SESSION_ROUTE_STATUS,READ bank=0x00 addr=0xE1 data=N/A,SESSION_9_COUNTER=337,MATCH_AGGREGATE,snapshot counter increments 30 per session; route/status readbacks passed
611,L6_SESSION_ROUTE_STATUS,READ bank=0x00 addr=0xE2 data=N/A,SESSION_9_COUNTER=337,MATCH_AGGREGATE,snapshot counter increments 30 per session; route/status readbacks passed
612,L6_SESSION_ROUTE_STATUS,READ bank=0x00 addr=0xE9 data=N/A,SESSION_9_COUNTER=337,MATCH_AGGREGATE,snapshot counter increments 30 per session; route/status readbacks passed
613,L6_SESSION_ROUTE_STATUS,WRITE bank=0x00 addr=0xFF data=0x01,SESSION_10_COUNTER=367,MATCH_AGGREGATE,snapshot counter increments 30 per session; route/status readbacks passed
614,L6_SESSION_ROUTE_STATUS,READ bank=0x01 addr=0xC2 data=N/A,SESSION_10_COUNTER=367,MATCH_AGGREGATE,snapshot counter increments 30 per session; route/status readbacks passed
615,L6_SESSION_ROUTE_STATUS,WRITE bank=0x01 addr=0xC2 data=0x02,SESSION_10_COUNTER=367,MATCH_AGGREGATE,snapshot counter increments 30 per session; route/status readbacks passed
616,L6_SESSION_ROUTE_STATUS,READ bank=0x01 addr=0xC2 data=N/A,SESSION_10_COUNTER=367,MATCH_AGGREGATE,snapshot counter increments 30 per session; route/status readbacks passed
617,L6_SESSION_ROUTE_STATUS,WRITE bank=0x01 addr=0xFF data=0x00,SESSION_10_COUNTER=367,MATCH_AGGREGATE,snapshot counter increments 30 per session; route/status readbacks passed
618,L6_SESSION_ROUTE_STATUS,READ bank=0x00 addr=0xA8 data=N/A,SESSION_10_COUNTER=367,MATCH_AGGREGATE,snapshot counter increments 30 per session; route/status readbacks passed
619,L6_SESSION_ROUTE_STATUS,READ bank=0x00 addr=0xE0 data=N/A,SESSION_10_COUNTER=367,MATCH_AGGREGATE,snapshot counter increments 30 per session; route/status readbacks passed
620,L6_SESSION_ROUTE_STATUS,READ bank=0x00 addr=0xE1 data=N/A,SESSION_10_COUNTER=367,MATCH_AGGREGATE,snapshot counter increments 30 per session; route/status readbacks passed
621,L6_SESSION_ROUTE_STATUS,READ bank=0x00 addr=0xE2 data=N/A,SESSION_10_COUNTER=367,MATCH_AGGREGATE,snapshot counter increments 30 per session; route/status readbacks passed
622,L6_SESSION_ROUTE_STATUS,READ bank=0x00 addr=0xEA data=N/A,SESSION_10_COUNTER=367,MATCH_AGGREGATE,snapshot counter increments 30 per session; route/status readbacks passed
623,L6_SESSION_ROUTE_STATUS,READ bank=0x00 addr=0xA8 data=N/A,SESSION_10_COUNTER=367,MATCH_AGGREGATE,snapshot counter increments 30 per session; route/status readbacks passed
624,L6_SESSION_ROUTE_STATUS,READ bank=0x00 addr=0xE0 data=N/A,SESSION_10_COUNTER=367,MATCH_AGGREGATE,snapshot counter increments 30 per session; route/status readbacks passed
625,L6_SESSION_ROUTE_STATUS,READ bank=0x00 addr=0xE1 data=N/A,SESSION_10_COUNTER=367,MATCH_AGGREGATE,snapshot counter increments 30 per session; route/status readbacks passed
626,L6_SESSION_ROUTE_STATUS,READ bank=0x00 addr=0xE2 data=N/A,SESSION_10_COUNTER=367,MATCH_AGGREGATE,snapshot counter increments 30 per session; route/status readbacks passed
627,L6_SESSION_ROUTE_STATUS,READ bank=0x00 addr=0xEA data=N/A,SESSION_10_COUNTER=367,MATCH_AGGREGATE,snapshot counter increments 30 per session; route/status readbacks passed
628,L6_SESSION_ROUTE_STATUS,READ bank=0x00 addr=0xA8 data=N/A,SESSION_10_COUNTER=367,MATCH_AGGREGATE,snapshot counter increments 30 per session; route/status readbacks passed
629,L6_SESSION_ROUTE_STATUS,READ bank=0x00 addr=0xE0 data=N/A,SESSION_10_COUNTER=367,MATCH_AGGREGATE,snapshot counter increments 30 per session; route/status readbacks passed
630,L6_SESSION_ROUTE_STATUS,READ bank=0x00 addr=0xE1 data=N/A,SESSION_10_COUNTER=367,MATCH_AGGREGATE,snapshot counter increments 30 per session; route/status readbacks passed
631,L6_SESSION_ROUTE_STATUS,READ bank=0x00 addr=0xE2 data=N/A,SESSION_10_COUNTER=367,MATCH_AGGREGATE,snapshot counter increments 30 per session; route/status readbacks passed
632,L6_SESSION_ROUTE_STATUS,READ bank=0x00 addr=0xEA data=N/A,SESSION_10_COUNTER=367,MATCH_AGGREGATE,snapshot counter increments 30 per session; route/status readbacks passed
633,L6_SESSION_ROUTE_STATUS,READ bank=0x00 addr=0xA8 data=N/A,SESSION_10_COUNTER=367,MATCH_AGGREGATE,snapshot counter increments 30 per session; route/status readbacks passed
634,L6_SESSION_ROUTE_STATUS,READ bank=0x00 addr=0xE0 data=N/A,SESSION_10_COUNTER=367,MATCH_AGGREGATE,snapshot counter increments 30 per session; route/status readbacks passed
635,L6_SESSION_ROUTE_STATUS,READ bank=0x00 addr=0xE1 data=N/A,SESSION_10_COUNTER=367,MATCH_AGGREGATE,snapshot counter increments 30 per session; route/status readbacks passed
636,L6_SESSION_ROUTE_STATUS,READ bank=0x00 addr=0xE2 data=N/A,SESSION_10_COUNTER=367,MATCH_AGGREGATE,snapshot counter increments 30 per session; route/status readbacks passed
637,L6_SESSION_ROUTE_STATUS,READ bank=0x00 addr=0xEA data=N/A,SESSION_10_COUNTER=367,MATCH_AGGREGATE,snapshot counter increments 30 per session; route/status readbacks passed
638,L6_SESSION_ROUTE_STATUS,READ bank=0x00 addr=0xA8 data=N/A,SESSION_10_COUNTER=367,MATCH_AGGREGATE,snapshot counter increments 30 per session; route/status readbacks passed
639,L6_SESSION_ROUTE_STATUS,READ bank=0x00 addr=0xE0 data=N/A,SESSION_10_COUNTER=367,MATCH_AGGREGATE,snapshot counter increments 30 per session; route/status readbacks passed
640,L6_SESSION_ROUTE_STATUS,READ bank=0x00 addr=0xE1 data=N/A,SESSION_10_COUNTER=367,MATCH_AGGREGATE,snapshot counter increments 30 per session; route/status readbacks passed
641,L6_SESSION_ROUTE_STATUS,READ bank=0x00 addr=0xE2 data=N/A,SESSION_10_COUNTER=367,MATCH_AGGREGATE,snapshot counter increments 30 per session; route/status readbacks passed
642,L6_SESSION_ROUTE_STATUS,READ bank=0x00 addr=0xEA data=N/A,SESSION_10_COUNTER=367,MATCH_AGGREGATE,snapshot counter increments 30 per session; route/status readbacks passed
643,L6_SESSION_ROUTE_STATUS,WRITE bank=0x00 addr=0xFF data=0x01,SESSION_11_COUNTER=397,MATCH_AGGREGATE,snapshot counter increments 30 per session; route/status readbacks passed
644,L6_SESSION_ROUTE_STATUS,READ bank=0x01 addr=0xC2 data=N/A,SESSION_11_COUNTER=397,MATCH_AGGREGATE,snapshot counter increments 30 per session; route/status readbacks passed
645,L6_SESSION_ROUTE_STATUS,WRITE bank=0x01 addr=0xC2 data=0x03,SESSION_11_COUNTER=397,MATCH_AGGREGATE,snapshot counter increments 30 per session; route/status readbacks passed
646,L6_SESSION_ROUTE_STATUS,READ bank=0x01 addr=0xC2 data=N/A,SESSION_11_COUNTER=397,MATCH_AGGREGATE,snapshot counter increments 30 per session; route/status readbacks passed
647,L6_SESSION_ROUTE_STATUS,WRITE bank=0x01 addr=0xFF data=0x00,SESSION_11_COUNTER=397,MATCH_AGGREGATE,snapshot counter increments 30 per session; route/status readbacks passed
648,L6_SESSION_ROUTE_STATUS,READ bank=0x00 addr=0xA8 data=N/A,SESSION_11_COUNTER=397,MATCH_AGGREGATE,snapshot counter increments 30 per session; route/status readbacks passed
649,L6_SESSION_ROUTE_STATUS,READ bank=0x00 addr=0xE0 data=N/A,SESSION_11_COUNTER=397,MATCH_AGGREGATE,snapshot counter increments 30 per session; route/status readbacks passed
650,L6_SESSION_ROUTE_STATUS,READ bank=0x00 addr=0xE1 data=N/A,SESSION_11_COUNTER=397,MATCH_AGGREGATE,snapshot counter increments 30 per session; route/status readbacks passed
651,L6_SESSION_ROUTE_STATUS,READ bank=0x00 addr=0xE2 data=N/A,SESSION_11_COUNTER=397,MATCH_AGGREGATE,snapshot counter increments 30 per session; route/status readbacks passed
652,L6_SESSION_ROUTE_STATUS,READ bank=0x00 addr=0xEB data=N/A,SESSION_11_COUNTER=397,MATCH_AGGREGATE,snapshot counter increments 30 per session; route/status readbacks passed
653,L6_SESSION_ROUTE_STATUS,READ bank=0x00 addr=0xA8 data=N/A,SESSION_11_COUNTER=397,MATCH_AGGREGATE,snapshot counter increments 30 per session; route/status readbacks passed
654,L6_SESSION_ROUTE_STATUS,READ bank=0x00 addr=0xE0 data=N/A,SESSION_11_COUNTER=397,MATCH_AGGREGATE,snapshot counter increments 30 per session; route/status readbacks passed
655,L6_SESSION_ROUTE_STATUS,READ bank=0x00 addr=0xE1 data=N/A,SESSION_11_COUNTER=397,MATCH_AGGREGATE,snapshot counter increments 30 per session; route/status readbacks passed
656,L6_SESSION_ROUTE_STATUS,READ bank=0x00 addr=0xE2 data=N/A,SESSION_11_COUNTER=397,MATCH_AGGREGATE,snapshot counter increments 30 per session; route/status readbacks passed
657,L6_SESSION_ROUTE_STATUS,READ bank=0x00 addr=0xEB data=N/A,SESSION_11_COUNTER=397,MATCH_AGGREGATE,snapshot counter increments 30 per session; route/status readbacks passed
658,L6_SESSION_ROUTE_STATUS,READ bank=0x00 addr=0xA8 data=N/A,SESSION_11_COUNTER=397,MATCH_AGGREGATE,snapshot counter increments 30 per session; route/status readbacks passed
659,L6_SESSION_ROUTE_STATUS,READ bank=0x00 addr=0xE0 data=N/A,SESSION_11_COUNTER=397,MATCH_AGGREGATE,snapshot counter increments 30 per session; route/status readbacks passed
660,L6_SESSION_ROUTE_STATUS,READ bank=0x00 addr=0xE1 data=N/A,SESSION_11_COUNTER=397,MATCH_AGGREGATE,snapshot counter increments 30 per session; route/status readbacks passed
661,L6_SESSION_ROUTE_STATUS,READ bank=0x00 addr=0xE2 data=N/A,SESSION_11_COUNTER=397,MATCH_AGGREGATE,snapshot counter increments 30 per session; route/status readbacks passed
662,L6_SESSION_ROUTE_STATUS,READ bank=0x00 addr=0xEB data=N/A,SESSION_11_COUNTER=397,MATCH_AGGREGATE,snapshot counter increments 30 per session; route/status readbacks passed
663,L6_SESSION_ROUTE_STATUS,READ bank=0x00 addr=0xA8 data=N/A,SESSION_11_COUNTER=397,MATCH_AGGREGATE,snapshot counter increments 30 per session; route/status readbacks passed
664,L6_SESSION_ROUTE_STATUS,READ bank=0x00 addr=0xE0 data=N/A,SESSION_11_COUNTER=397,MATCH_AGGREGATE,snapshot counter increments 30 per session; route/status readbacks passed
665,L6_SESSION_ROUTE_STATUS,READ bank=0x00 addr=0xE1 data=N/A,SESSION_11_COUNTER=397,MATCH_AGGREGATE,snapshot counter increments 30 per session; route/status readbacks passed
666,L6_SESSION_ROUTE_STATUS,READ bank=0x00 addr=0xE2 data=N/A,SESSION_11_COUNTER=397,MATCH_AGGREGATE,snapshot counter increments 30 per session; route/status readbacks passed
667,L6_SESSION_ROUTE_STATUS,READ bank=0x00 addr=0xEB data=N/A,SESSION_11_COUNTER=397,MATCH_AGGREGATE,snapshot counter increments 30 per session; route/status readbacks passed
668,L6_SESSION_ROUTE_STATUS,READ bank=0x00 addr=0xA8 data=N/A,SESSION_11_COUNTER=397,MATCH_AGGREGATE,snapshot counter increments 30 per session; route/status readbacks passed
669,L6_SESSION_ROUTE_STATUS,READ bank=0x00 addr=0xE0 data=N/A,SESSION_11_COUNTER=397,MATCH_AGGREGATE,snapshot counter increments 30 per session; route/status readbacks passed
670,L6_SESSION_ROUTE_STATUS,READ bank=0x00 addr=0xE1 data=N/A,SESSION_11_COUNTER=397,MATCH_AGGREGATE,snapshot counter increments 30 per session; route/status readbacks passed
671,L6_SESSION_ROUTE_STATUS,READ bank=0x00 addr=0xE2 data=N/A,SESSION_11_COUNTER=397,MATCH_AGGREGATE,snapshot counter increments 30 per session; route/status readbacks passed
672,L6_SESSION_ROUTE_STATUS,READ bank=0x00 addr=0xEB data=N/A,SESSION_11_COUNTER=397,MATCH_AGGREGATE,snapshot counter increments 30 per session; route/status readbacks passed
673,L6_SESSION_ROUTE_STATUS,WRITE bank=0x00 addr=0xFF data=0x01,SESSION_12_COUNTER=427,MATCH_AGGREGATE,snapshot counter increments 30 per session; route/status readbacks passed
674,L6_SESSION_ROUTE_STATUS,READ bank=0x01 addr=0xC2 data=N/A,SESSION_12_COUNTER=427,MATCH_AGGREGATE,snapshot counter increments 30 per session; route/status readbacks passed
675,L6_SESSION_ROUTE_STATUS,WRITE bank=0x01 addr=0xC2 data=0x00,SESSION_12_COUNTER=427,MATCH_AGGREGATE,snapshot counter increments 30 per session; route/status readbacks passed
676,L6_SESSION_ROUTE_STATUS,READ bank=0x01 addr=0xC2 data=N/A,SESSION_12_COUNTER=427,MATCH_AGGREGATE,snapshot counter increments 30 per session; route/status readbacks passed
677,L6_SESSION_ROUTE_STATUS,WRITE bank=0x01 addr=0xFF data=0x00,SESSION_12_COUNTER=427,MATCH_AGGREGATE,snapshot counter increments 30 per session; route/status readbacks passed
678,L6_SESSION_ROUTE_STATUS,READ bank=0x00 addr=0xA8 data=N/A,SESSION_12_COUNTER=427,MATCH_AGGREGATE,snapshot counter increments 30 per session; route/status readbacks passed
679,L6_SESSION_ROUTE_STATUS,READ bank=0x00 addr=0xE0 data=N/A,SESSION_12_COUNTER=427,MATCH_AGGREGATE,snapshot counter increments 30 per session; route/status readbacks passed
680,L6_SESSION_ROUTE_STATUS,READ bank=0x00 addr=0xE1 data=N/A,SESSION_12_COUNTER=427,MATCH_AGGREGATE,snapshot counter increments 30 per session; route/status readbacks passed
681,L6_SESSION_ROUTE_STATUS,READ bank=0x00 addr=0xE2 data=N/A,SESSION_12_COUNTER=427,MATCH_AGGREGATE,snapshot counter increments 30 per session; route/status readbacks passed
682,L6_SESSION_ROUTE_STATUS,READ bank=0x00 addr=0xE8 data=N/A,SESSION_12_COUNTER=427,MATCH_AGGREGATE,snapshot counter increments 30 per session; route/status readbacks passed
683,L6_SESSION_ROUTE_STATUS,READ bank=0x00 addr=0xA8 data=N/A,SESSION_12_COUNTER=427,MATCH_AGGREGATE,snapshot counter increments 30 per session; route/status readbacks passed
684,L6_SESSION_ROUTE_STATUS,READ bank=0x00 addr=0xE0 data=N/A,SESSION_12_COUNTER=427,MATCH_AGGREGATE,snapshot counter increments 30 per session; route/status readbacks passed
685,L6_SESSION_ROUTE_STATUS,READ bank=0x00 addr=0xE1 data=N/A,SESSION_12_COUNTER=427,MATCH_AGGREGATE,snapshot counter increments 30 per session; route/status readbacks passed
686,L6_SESSION_ROUTE_STATUS,READ bank=0x00 addr=0xE2 data=N/A,SESSION_12_COUNTER=427,MATCH_AGGREGATE,snapshot counter increments 30 per session; route/status readbacks passed
687,L6_SESSION_ROUTE_STATUS,READ bank=0x00 addr=0xE8 data=N/A,SESSION_12_COUNTER=427,MATCH_AGGREGATE,snapshot counter increments 30 per session; route/status readbacks passed
688,L6_SESSION_ROUTE_STATUS,READ bank=0x00 addr=0xA8 data=N/A,SESSION_12_COUNTER=427,MATCH_AGGREGATE,snapshot counter increments 30 per session; route/status readbacks passed
689,L6_SESSION_ROUTE_STATUS,READ bank=0x00 addr=0xE0 data=N/A,SESSION_12_COUNTER=427,MATCH_AGGREGATE,snapshot counter increments 30 per session; route/status readbacks passed
690,L6_SESSION_ROUTE_STATUS,READ bank=0x00 addr=0xE1 data=N/A,SESSION_12_COUNTER=427,MATCH_AGGREGATE,snapshot counter increments 30 per session; route/status readbacks passed
691,L6_SESSION_ROUTE_STATUS,READ bank=0x00 addr=0xE2 data=N/A,SESSION_12_COUNTER=427,MATCH_AGGREGATE,snapshot counter increments 30 per session; route/status readbacks passed
692,L6_SESSION_ROUTE_STATUS,READ bank=0x00 addr=0xE8 data=N/A,SESSION_12_COUNTER=427,MATCH_AGGREGATE,snapshot counter increments 30 per session; route/status readbacks passed
693,L6_SESSION_ROUTE_STATUS,READ bank=0x00 addr=0xA8 data=N/A,SESSION_12_COUNTER=427,MATCH_AGGREGATE,snapshot counter increments 30 per session; route/status readbacks passed
694,L6_SESSION_ROUTE_STATUS,READ bank=0x00 addr=0xE0 data=N/A,SESSION_12_COUNTER=427,MATCH_AGGREGATE,snapshot counter increments 30 per session; route/status readbacks passed
695,L6_SESSION_ROUTE_STATUS,READ bank=0x00 addr=0xE1 data=N/A,SESSION_12_COUNTER=427,MATCH_AGGREGATE,snapshot counter increments 30 per session; route/status readbacks passed
696,L6_SESSION_ROUTE_STATUS,READ bank=0x00 addr=0xE2 data=N/A,SESSION_12_COUNTER=427,MATCH_AGGREGATE,snapshot counter increments 30 per session; route/status readbacks passed
697,L6_SESSION_ROUTE_STATUS,READ bank=0x00 addr=0xE8 data=N/A,SESSION_12_COUNTER=427,MATCH_AGGREGATE,snapshot counter increments 30 per session; route/status readbacks passed
698,L6_SESSION_ROUTE_STATUS,READ bank=0x00 addr=0xA8 data=N/A,SESSION_12_COUNTER=427,MATCH_AGGREGATE,snapshot counter increments 30 per session; route/status readbacks passed
699,L6_SESSION_ROUTE_STATUS,READ bank=0x00 addr=0xE0 data=N/A,SESSION_12_COUNTER=427,MATCH_AGGREGATE,snapshot counter increments 30 per session; route/status readbacks passed
700,L6_SESSION_ROUTE_STATUS,READ bank=0x00 addr=0xE1 data=N/A,SESSION_12_COUNTER=427,MATCH_AGGREGATE,snapshot counter increments 30 per session; route/status readbacks passed
701,L6_SESSION_ROUTE_STATUS,READ bank=0x00 addr=0xE2 data=N/A,SESSION_12_COUNTER=427,MATCH_AGGREGATE,snapshot counter increments 30 per session; route/status readbacks passed
702,L6_SESSION_ROUTE_STATUS,READ bank=0x00 addr=0xE8 data=N/A,SESSION_12_COUNTER=427,MATCH_AGGREGATE,snapshot counter increments 30 per session; route/status readbacks passed
703,L5_ROUND_BGDCOL,WRITE bank=0x00 addr=0xFF data=0x00,ROUND_READBACK_AND_COUNTER_SEGMENT,MATCH_AGGREGATE,4/4 BGDCOL readbacks; five transactions precede each new round
704,L5_ROUND_BGDCOL,WRITE bank=0x00 addr=0x78 data=0x34,ROUND_READBACK_AND_COUNTER_SEGMENT,MATCH_AGGREGATE,4/4 BGDCOL readbacks; five transactions precede each new round
705,L5_ROUND_BGDCOL,WRITE bank=0x00 addr=0x79 data=0x61,ROUND_READBACK_AND_COUNTER_SEGMENT,MATCH_AGGREGATE,4/4 BGDCOL readbacks; five transactions precede each new round
706,L5_ROUND_BGDCOL,READ bank=0x00 addr=0x78 data=N/A,ROUND_READBACK_AND_COUNTER_SEGMENT,MATCH_AGGREGATE,4/4 BGDCOL readbacks; five transactions precede each new round
707,L5_ROUND_BGDCOL,READ bank=0x00 addr=0x79 data=N/A,ROUND_READBACK_AND_COUNTER_SEGMENT,MATCH_AGGREGATE,4/4 BGDCOL readbacks; five transactions precede each new round
708,L6_SESSION_ROUTE_STATUS,WRITE bank=0x00 addr=0xFF data=0x01,SESSION_13_COUNTER=462,MATCH_AGGREGATE,snapshot counter increments 30 per session; route/status readbacks passed
709,L6_SESSION_ROUTE_STATUS,READ bank=0x01 addr=0xC2 data=N/A,SESSION_13_COUNTER=462,MATCH_AGGREGATE,snapshot counter increments 30 per session; route/status readbacks passed
710,L6_SESSION_ROUTE_STATUS,WRITE bank=0x01 addr=0xC2 data=0x02,SESSION_13_COUNTER=462,MATCH_AGGREGATE,snapshot counter increments 30 per session; route/status readbacks passed
711,L6_SESSION_ROUTE_STATUS,READ bank=0x01 addr=0xC2 data=N/A,SESSION_13_COUNTER=462,MATCH_AGGREGATE,snapshot counter increments 30 per session; route/status readbacks passed
712,L6_SESSION_ROUTE_STATUS,WRITE bank=0x01 addr=0xFF data=0x00,SESSION_13_COUNTER=462,MATCH_AGGREGATE,snapshot counter increments 30 per session; route/status readbacks passed
713,L6_SESSION_ROUTE_STATUS,READ bank=0x00 addr=0xA8 data=N/A,SESSION_13_COUNTER=462,MATCH_AGGREGATE,snapshot counter increments 30 per session; route/status readbacks passed
714,L6_SESSION_ROUTE_STATUS,READ bank=0x00 addr=0xE0 data=N/A,SESSION_13_COUNTER=462,MATCH_AGGREGATE,snapshot counter increments 30 per session; route/status readbacks passed
715,L6_SESSION_ROUTE_STATUS,READ bank=0x00 addr=0xE1 data=N/A,SESSION_13_COUNTER=462,MATCH_AGGREGATE,snapshot counter increments 30 per session; route/status readbacks passed
716,L6_SESSION_ROUTE_STATUS,READ bank=0x00 addr=0xE2 data=N/A,SESSION_13_COUNTER=462,MATCH_AGGREGATE,snapshot counter increments 30 per session; route/status readbacks passed
717,L6_SESSION_ROUTE_STATUS,READ bank=0x00 addr=0xEA data=N/A,SESSION_13_COUNTER=462,MATCH_AGGREGATE,snapshot counter increments 30 per session; route/status readbacks passed
718,L6_SESSION_ROUTE_STATUS,READ bank=0x00 addr=0xA8 data=N/A,SESSION_13_COUNTER=462,MATCH_AGGREGATE,snapshot counter increments 30 per session; route/status readbacks passed
719,L6_SESSION_ROUTE_STATUS,READ bank=0x00 addr=0xE0 data=N/A,SESSION_13_COUNTER=462,MATCH_AGGREGATE,snapshot counter increments 30 per session; route/status readbacks passed
720,L6_SESSION_ROUTE_STATUS,READ bank=0x00 addr=0xE1 data=N/A,SESSION_13_COUNTER=462,MATCH_AGGREGATE,snapshot counter increments 30 per session; route/status readbacks passed
721,L6_SESSION_ROUTE_STATUS,READ bank=0x00 addr=0xE2 data=N/A,SESSION_13_COUNTER=462,MATCH_AGGREGATE,snapshot counter increments 30 per session; route/status readbacks passed
722,L6_SESSION_ROUTE_STATUS,READ bank=0x00 addr=0xEA data=N/A,SESSION_13_COUNTER=462,MATCH_AGGREGATE,snapshot counter increments 30 per session; route/status readbacks passed
723,L6_SESSION_ROUTE_STATUS,READ bank=0x00 addr=0xA8 data=N/A,SESSION_13_COUNTER=462,MATCH_AGGREGATE,snapshot counter increments 30 per session; route/status readbacks passed
724,L6_SESSION_ROUTE_STATUS,READ bank=0x00 addr=0xE0 data=N/A,SESSION_13_COUNTER=462,MATCH_AGGREGATE,snapshot counter increments 30 per session; route/status readbacks passed
725,L6_SESSION_ROUTE_STATUS,READ bank=0x00 addr=0xE1 data=N/A,SESSION_13_COUNTER=462,MATCH_AGGREGATE,snapshot counter increments 30 per session; route/status readbacks passed
726,L6_SESSION_ROUTE_STATUS,READ bank=0x00 addr=0xE2 data=N/A,SESSION_13_COUNTER=462,MATCH_AGGREGATE,snapshot counter increments 30 per session; route/status readbacks passed
727,L6_SESSION_ROUTE_STATUS,READ bank=0x00 addr=0xEA data=N/A,SESSION_13_COUNTER=462,MATCH_AGGREGATE,snapshot counter increments 30 per session; route/status readbacks passed
728,L6_SESSION_ROUTE_STATUS,READ bank=0x00 addr=0xA8 data=N/A,SESSION_13_COUNTER=462,MATCH_AGGREGATE,snapshot counter increments 30 per session; route/status readbacks passed
729,L6_SESSION_ROUTE_STATUS,READ bank=0x00 addr=0xE0 data=N/A,SESSION_13_COUNTER=462,MATCH_AGGREGATE,snapshot counter increments 30 per session; route/status readbacks passed
730,L6_SESSION_ROUTE_STATUS,READ bank=0x00 addr=0xE1 data=N/A,SESSION_13_COUNTER=462,MATCH_AGGREGATE,snapshot counter increments 30 per session; route/status readbacks passed
731,L6_SESSION_ROUTE_STATUS,READ bank=0x00 addr=0xE2 data=N/A,SESSION_13_COUNTER=462,MATCH_AGGREGATE,snapshot counter increments 30 per session; route/status readbacks passed
732,L6_SESSION_ROUTE_STATUS,READ bank=0x00 addr=0xEA data=N/A,SESSION_13_COUNTER=462,MATCH_AGGREGATE,snapshot counter increments 30 per session; route/status readbacks passed
733,L6_SESSION_ROUTE_STATUS,READ bank=0x00 addr=0xA8 data=N/A,SESSION_13_COUNTER=462,MATCH_AGGREGATE,snapshot counter increments 30 per session; route/status readbacks passed
734,L6_SESSION_ROUTE_STATUS,READ bank=0x00 addr=0xE0 data=N/A,SESSION_13_COUNTER=462,MATCH_AGGREGATE,snapshot counter increments 30 per session; route/status readbacks passed
735,L6_SESSION_ROUTE_STATUS,READ bank=0x00 addr=0xE1 data=N/A,SESSION_13_COUNTER=462,MATCH_AGGREGATE,snapshot counter increments 30 per session; route/status readbacks passed
736,L6_SESSION_ROUTE_STATUS,READ bank=0x00 addr=0xE2 data=N/A,SESSION_13_COUNTER=462,MATCH_AGGREGATE,snapshot counter increments 30 per session; route/status readbacks passed
737,L6_SESSION_ROUTE_STATUS,READ bank=0x00 addr=0xEA data=N/A,SESSION_13_COUNTER=462,MATCH_AGGREGATE,snapshot counter increments 30 per session; route/status readbacks passed
738,L6_SESSION_ROUTE_STATUS,WRITE bank=0x00 addr=0xFF data=0x01,SESSION_14_COUNTER=492,MATCH_AGGREGATE,snapshot counter increments 30 per session; route/status readbacks passed
739,L6_SESSION_ROUTE_STATUS,READ bank=0x01 addr=0xC2 data=N/A,SESSION_14_COUNTER=492,MATCH_AGGREGATE,snapshot counter increments 30 per session; route/status readbacks passed
740,L6_SESSION_ROUTE_STATUS,WRITE bank=0x01 addr=0xC2 data=0x03,SESSION_14_COUNTER=492,MATCH_AGGREGATE,snapshot counter increments 30 per session; route/status readbacks passed
741,L6_SESSION_ROUTE_STATUS,READ bank=0x01 addr=0xC2 data=N/A,SESSION_14_COUNTER=492,MATCH_AGGREGATE,snapshot counter increments 30 per session; route/status readbacks passed
742,L6_SESSION_ROUTE_STATUS,WRITE bank=0x01 addr=0xFF data=0x00,SESSION_14_COUNTER=492,MATCH_AGGREGATE,snapshot counter increments 30 per session; route/status readbacks passed
743,L6_SESSION_ROUTE_STATUS,READ bank=0x00 addr=0xA8 data=N/A,SESSION_14_COUNTER=492,MATCH_AGGREGATE,snapshot counter increments 30 per session; route/status readbacks passed
744,L6_SESSION_ROUTE_STATUS,READ bank=0x00 addr=0xE0 data=N/A,SESSION_14_COUNTER=492,MATCH_AGGREGATE,snapshot counter increments 30 per session; route/status readbacks passed
745,L6_SESSION_ROUTE_STATUS,READ bank=0x00 addr=0xE1 data=N/A,SESSION_14_COUNTER=492,MATCH_AGGREGATE,snapshot counter increments 30 per session; route/status readbacks passed
746,L6_SESSION_ROUTE_STATUS,READ bank=0x00 addr=0xE2 data=N/A,SESSION_14_COUNTER=492,MATCH_AGGREGATE,snapshot counter increments 30 per session; route/status readbacks passed
747,L6_SESSION_ROUTE_STATUS,READ bank=0x00 addr=0xEB data=N/A,SESSION_14_COUNTER=492,MATCH_AGGREGATE,snapshot counter increments 30 per session; route/status readbacks passed
748,L6_SESSION_ROUTE_STATUS,READ bank=0x00 addr=0xA8 data=N/A,SESSION_14_COUNTER=492,MATCH_AGGREGATE,snapshot counter increments 30 per session; route/status readbacks passed
749,L6_SESSION_ROUTE_STATUS,READ bank=0x00 addr=0xE0 data=N/A,SESSION_14_COUNTER=492,MATCH_AGGREGATE,snapshot counter increments 30 per session; route/status readbacks passed
750,L6_SESSION_ROUTE_STATUS,READ bank=0x00 addr=0xE1 data=N/A,SESSION_14_COUNTER=492,MATCH_AGGREGATE,snapshot counter increments 30 per session; route/status readbacks passed
751,L6_SESSION_ROUTE_STATUS,READ bank=0x00 addr=0xE2 data=N/A,SESSION_14_COUNTER=492,MATCH_AGGREGATE,snapshot counter increments 30 per session; route/status readbacks passed
752,L6_SESSION_ROUTE_STATUS,READ bank=0x00 addr=0xEB data=N/A,SESSION_14_COUNTER=492,MATCH_AGGREGATE,snapshot counter increments 30 per session; route/status readbacks passed
753,L6_SESSION_ROUTE_STATUS,READ bank=0x00 addr=0xA8 data=N/A,SESSION_14_COUNTER=492,MATCH_AGGREGATE,snapshot counter increments 30 per session; route/status readbacks passed
754,L6_SESSION_ROUTE_STATUS,READ bank=0x00 addr=0xE0 data=N/A,SESSION_14_COUNTER=492,MATCH_AGGREGATE,snapshot counter increments 30 per session; route/status readbacks passed
755,L6_SESSION_ROUTE_STATUS,READ bank=0x00 addr=0xE1 data=N/A,SESSION_14_COUNTER=492,MATCH_AGGREGATE,snapshot counter increments 30 per session; route/status readbacks passed
756,L6_SESSION_ROUTE_STATUS,READ bank=0x00 addr=0xE2 data=N/A,SESSION_14_COUNTER=492,MATCH_AGGREGATE,snapshot counter increments 30 per session; route/status readbacks passed
757,L6_SESSION_ROUTE_STATUS,READ bank=0x00 addr=0xEB data=N/A,SESSION_14_COUNTER=492,MATCH_AGGREGATE,snapshot counter increments 30 per session; route/status readbacks passed
758,L6_SESSION_ROUTE_STATUS,READ bank=0x00 addr=0xA8 data=N/A,SESSION_14_COUNTER=492,MATCH_AGGREGATE,snapshot counter increments 30 per session; route/status readbacks passed
759,L6_SESSION_ROUTE_STATUS,READ bank=0x00 addr=0xE0 data=N/A,SESSION_14_COUNTER=492,MATCH_AGGREGATE,snapshot counter increments 30 per session; route/status readbacks passed
760,L6_SESSION_ROUTE_STATUS,READ bank=0x00 addr=0xE1 data=N/A,SESSION_14_COUNTER=492,MATCH_AGGREGATE,snapshot counter increments 30 per session; route/status readbacks passed
761,L6_SESSION_ROUTE_STATUS,READ bank=0x00 addr=0xE2 data=N/A,SESSION_14_COUNTER=492,MATCH_AGGREGATE,snapshot counter increments 30 per session; route/status readbacks passed
762,L6_SESSION_ROUTE_STATUS,READ bank=0x00 addr=0xEB data=N/A,SESSION_14_COUNTER=492,MATCH_AGGREGATE,snapshot counter increments 30 per session; route/status readbacks passed
763,L6_SESSION_ROUTE_STATUS,READ bank=0x00 addr=0xA8 data=N/A,SESSION_14_COUNTER=492,MATCH_AGGREGATE,snapshot counter increments 30 per session; route/status readbacks passed
764,L6_SESSION_ROUTE_STATUS,READ bank=0x00 addr=0xE0 data=N/A,SESSION_14_COUNTER=492,MATCH_AGGREGATE,snapshot counter increments 30 per session; route/status readbacks passed
765,L6_SESSION_ROUTE_STATUS,READ bank=0x00 addr=0xE1 data=N/A,SESSION_14_COUNTER=492,MATCH_AGGREGATE,snapshot counter increments 30 per session; route/status readbacks passed
766,L6_SESSION_ROUTE_STATUS,READ bank=0x00 addr=0xE2 data=N/A,SESSION_14_COUNTER=492,MATCH_AGGREGATE,snapshot counter increments 30 per session; route/status readbacks passed
767,L6_SESSION_ROUTE_STATUS,READ bank=0x00 addr=0xEB data=N/A,SESSION_14_COUNTER=492,MATCH_AGGREGATE,snapshot counter increments 30 per session; route/status readbacks passed
768,L6_SESSION_ROUTE_STATUS,WRITE bank=0x00 addr=0xFF data=0x01,SESSION_15_COUNTER=522,MATCH_AGGREGATE,snapshot counter increments 30 per session; route/status readbacks passed
769,L6_SESSION_ROUTE_STATUS,READ bank=0x01 addr=0xC2 data=N/A,SESSION_15_COUNTER=522,MATCH_AGGREGATE,snapshot counter increments 30 per session; route/status readbacks passed
770,L6_SESSION_ROUTE_STATUS,WRITE bank=0x01 addr=0xC2 data=0x00,SESSION_15_COUNTER=522,MATCH_AGGREGATE,snapshot counter increments 30 per session; route/status readbacks passed
771,L6_SESSION_ROUTE_STATUS,READ bank=0x01 addr=0xC2 data=N/A,SESSION_15_COUNTER=522,MATCH_AGGREGATE,snapshot counter increments 30 per session; route/status readbacks passed
772,L6_SESSION_ROUTE_STATUS,WRITE bank=0x01 addr=0xFF data=0x00,SESSION_15_COUNTER=522,MATCH_AGGREGATE,snapshot counter increments 30 per session; route/status readbacks passed
773,L6_SESSION_ROUTE_STATUS,READ bank=0x00 addr=0xA8 data=N/A,SESSION_15_COUNTER=522,MATCH_AGGREGATE,snapshot counter increments 30 per session; route/status readbacks passed
774,L6_SESSION_ROUTE_STATUS,READ bank=0x00 addr=0xE0 data=N/A,SESSION_15_COUNTER=522,MATCH_AGGREGATE,snapshot counter increments 30 per session; route/status readbacks passed
775,L6_SESSION_ROUTE_STATUS,READ bank=0x00 addr=0xE1 data=N/A,SESSION_15_COUNTER=522,MATCH_AGGREGATE,snapshot counter increments 30 per session; route/status readbacks passed
776,L6_SESSION_ROUTE_STATUS,READ bank=0x00 addr=0xE2 data=N/A,SESSION_15_COUNTER=522,MATCH_AGGREGATE,snapshot counter increments 30 per session; route/status readbacks passed
777,L6_SESSION_ROUTE_STATUS,READ bank=0x00 addr=0xE8 data=N/A,SESSION_15_COUNTER=522,MATCH_AGGREGATE,snapshot counter increments 30 per session; route/status readbacks passed
778,L6_SESSION_ROUTE_STATUS,READ bank=0x00 addr=0xA8 data=N/A,SESSION_15_COUNTER=522,MATCH_AGGREGATE,snapshot counter increments 30 per session; route/status readbacks passed
779,L6_SESSION_ROUTE_STATUS,READ bank=0x00 addr=0xE0 data=N/A,SESSION_15_COUNTER=522,MATCH_AGGREGATE,snapshot counter increments 30 per session; route/status readbacks passed
780,L6_SESSION_ROUTE_STATUS,READ bank=0x00 addr=0xE1 data=N/A,SESSION_15_COUNTER=522,MATCH_AGGREGATE,snapshot counter increments 30 per session; route/status readbacks passed
781,L6_SESSION_ROUTE_STATUS,READ bank=0x00 addr=0xE2 data=N/A,SESSION_15_COUNTER=522,MATCH_AGGREGATE,snapshot counter increments 30 per session; route/status readbacks passed
782,L6_SESSION_ROUTE_STATUS,READ bank=0x00 addr=0xE8 data=N/A,SESSION_15_COUNTER=522,MATCH_AGGREGATE,snapshot counter increments 30 per session; route/status readbacks passed
783,L6_SESSION_ROUTE_STATUS,READ bank=0x00 addr=0xA8 data=N/A,SESSION_15_COUNTER=522,MATCH_AGGREGATE,snapshot counter increments 30 per session; route/status readbacks passed
784,L6_SESSION_ROUTE_STATUS,READ bank=0x00 addr=0xE0 data=N/A,SESSION_15_COUNTER=522,MATCH_AGGREGATE,snapshot counter increments 30 per session; route/status readbacks passed
785,L6_SESSION_ROUTE_STATUS,READ bank=0x00 addr=0xE1 data=N/A,SESSION_15_COUNTER=522,MATCH_AGGREGATE,snapshot counter increments 30 per session; route/status readbacks passed
786,L6_SESSION_ROUTE_STATUS,READ bank=0x00 addr=0xE2 data=N/A,SESSION_15_COUNTER=522,MATCH_AGGREGATE,snapshot counter increments 30 per session; route/status readbacks passed
787,L6_SESSION_ROUTE_STATUS,READ bank=0x00 addr=0xE8 data=N/A,SESSION_15_COUNTER=522,MATCH_AGGREGATE,snapshot counter increments 30 per session; route/status readbacks passed
788,L6_SESSION_ROUTE_STATUS,READ bank=0x00 addr=0xA8 data=N/A,SESSION_15_COUNTER=522,MATCH_AGGREGATE,snapshot counter increments 30 per session; route/status readbacks passed
789,L6_SESSION_ROUTE_STATUS,READ bank=0x00 addr=0xE0 data=N/A,SESSION_15_COUNTER=522,MATCH_AGGREGATE,snapshot counter increments 30 per session; route/status readbacks passed
790,L6_SESSION_ROUTE_STATUS,READ bank=0x00 addr=0xE1 data=N/A,SESSION_15_COUNTER=522,MATCH_AGGREGATE,snapshot counter increments 30 per session; route/status readbacks passed
791,L6_SESSION_ROUTE_STATUS,READ bank=0x00 addr=0xE2 data=N/A,SESSION_15_COUNTER=522,MATCH_AGGREGATE,snapshot counter increments 30 per session; route/status readbacks passed
792,L6_SESSION_ROUTE_STATUS,READ bank=0x00 addr=0xE8 data=N/A,SESSION_15_COUNTER=522,MATCH_AGGREGATE,snapshot counter increments 30 per session; route/status readbacks passed
793,L6_SESSION_ROUTE_STATUS,READ bank=0x00 addr=0xA8 data=N/A,SESSION_15_COUNTER=522,MATCH_AGGREGATE,snapshot counter increments 30 per session; route/status readbacks passed
794,L6_SESSION_ROUTE_STATUS,READ bank=0x00 addr=0xE0 data=N/A,SESSION_15_COUNTER=522,MATCH_AGGREGATE,snapshot counter increments 30 per session; route/status readbacks passed
795,L6_SESSION_ROUTE_STATUS,READ bank=0x00 addr=0xE1 data=N/A,SESSION_15_COUNTER=522,MATCH_AGGREGATE,snapshot counter increments 30 per session; route/status readbacks passed
796,L6_SESSION_ROUTE_STATUS,READ bank=0x00 addr=0xE2 data=N/A,SESSION_15_COUNTER=522,MATCH_AGGREGATE,snapshot counter increments 30 per session; route/status readbacks passed
797,L6_SESSION_ROUTE_STATUS,READ bank=0x00 addr=0xE8 data=N/A,SESSION_15_COUNTER=522,MATCH_AGGREGATE,snapshot counter increments 30 per session; route/status readbacks passed
798,L6_SESSION_ROUTE_STATUS,WRITE bank=0x00 addr=0xFF data=0x01,SESSION_16_COUNTER=552,MATCH_AGGREGATE,snapshot counter increments 30 per session; route/status readbacks passed
799,L6_SESSION_ROUTE_STATUS,READ bank=0x01 addr=0xC2 data=N/A,SESSION_16_COUNTER=552,MATCH_AGGREGATE,snapshot counter increments 30 per session; route/status readbacks passed
800,L6_SESSION_ROUTE_STATUS,WRITE bank=0x01 addr=0xC2 data=0x01,SESSION_16_COUNTER=552,MATCH_AGGREGATE,snapshot counter increments 30 per session; route/status readbacks passed
801,L6_SESSION_ROUTE_STATUS,READ bank=0x01 addr=0xC2 data=N/A,SESSION_16_COUNTER=552,MATCH_AGGREGATE,snapshot counter increments 30 per session; route/status readbacks passed
802,L6_SESSION_ROUTE_STATUS,WRITE bank=0x01 addr=0xFF data=0x00,SESSION_16_COUNTER=552,MATCH_AGGREGATE,snapshot counter increments 30 per session; route/status readbacks passed
803,L6_SESSION_ROUTE_STATUS,READ bank=0x00 addr=0xA8 data=N/A,SESSION_16_COUNTER=552,MATCH_AGGREGATE,snapshot counter increments 30 per session; route/status readbacks passed
804,L6_SESSION_ROUTE_STATUS,READ bank=0x00 addr=0xE0 data=N/A,SESSION_16_COUNTER=552,MATCH_AGGREGATE,snapshot counter increments 30 per session; route/status readbacks passed
805,L6_SESSION_ROUTE_STATUS,READ bank=0x00 addr=0xE1 data=N/A,SESSION_16_COUNTER=552,MATCH_AGGREGATE,snapshot counter increments 30 per session; route/status readbacks passed
806,L6_SESSION_ROUTE_STATUS,READ bank=0x00 addr=0xE2 data=N/A,SESSION_16_COUNTER=552,MATCH_AGGREGATE,snapshot counter increments 30 per session; route/status readbacks passed
807,L6_SESSION_ROUTE_STATUS,READ bank=0x00 addr=0xE9 data=N/A,SESSION_16_COUNTER=552,MATCH_AGGREGATE,snapshot counter increments 30 per session; route/status readbacks passed
808,L6_SESSION_ROUTE_STATUS,READ bank=0x00 addr=0xA8 data=N/A,SESSION_16_COUNTER=552,MATCH_AGGREGATE,snapshot counter increments 30 per session; route/status readbacks passed
809,L6_SESSION_ROUTE_STATUS,READ bank=0x00 addr=0xE0 data=N/A,SESSION_16_COUNTER=552,MATCH_AGGREGATE,snapshot counter increments 30 per session; route/status readbacks passed
810,L6_SESSION_ROUTE_STATUS,READ bank=0x00 addr=0xE1 data=N/A,SESSION_16_COUNTER=552,MATCH_AGGREGATE,snapshot counter increments 30 per session; route/status readbacks passed
811,L6_SESSION_ROUTE_STATUS,READ bank=0x00 addr=0xE2 data=N/A,SESSION_16_COUNTER=552,MATCH_AGGREGATE,snapshot counter increments 30 per session; route/status readbacks passed
812,L6_SESSION_ROUTE_STATUS,READ bank=0x00 addr=0xE9 data=N/A,SESSION_16_COUNTER=552,MATCH_AGGREGATE,snapshot counter increments 30 per session; route/status readbacks passed
813,L6_SESSION_ROUTE_STATUS,READ bank=0x00 addr=0xA8 data=N/A,SESSION_16_COUNTER=552,MATCH_AGGREGATE,snapshot counter increments 30 per session; route/status readbacks passed
814,L6_SESSION_ROUTE_STATUS,READ bank=0x00 addr=0xE0 data=N/A,SESSION_16_COUNTER=552,MATCH_AGGREGATE,snapshot counter increments 30 per session; route/status readbacks passed
815,L6_SESSION_ROUTE_STATUS,READ bank=0x00 addr=0xE1 data=N/A,SESSION_16_COUNTER=552,MATCH_AGGREGATE,snapshot counter increments 30 per session; route/status readbacks passed
816,L6_SESSION_ROUTE_STATUS,READ bank=0x00 addr=0xE2 data=N/A,SESSION_16_COUNTER=552,MATCH_AGGREGATE,snapshot counter increments 30 per session; route/status readbacks passed
817,L6_SESSION_ROUTE_STATUS,READ bank=0x00 addr=0xE9 data=N/A,SESSION_16_COUNTER=552,MATCH_AGGREGATE,snapshot counter increments 30 per session; route/status readbacks passed
818,L6_SESSION_ROUTE_STATUS,READ bank=0x00 addr=0xA8 data=N/A,SESSION_16_COUNTER=552,MATCH_AGGREGATE,snapshot counter increments 30 per session; route/status readbacks passed
819,L6_SESSION_ROUTE_STATUS,READ bank=0x00 addr=0xE0 data=N/A,SESSION_16_COUNTER=552,MATCH_AGGREGATE,snapshot counter increments 30 per session; route/status readbacks passed
820,L6_SESSION_ROUTE_STATUS,READ bank=0x00 addr=0xE1 data=N/A,SESSION_16_COUNTER=552,MATCH_AGGREGATE,snapshot counter increments 30 per session; route/status readbacks passed
821,L6_SESSION_ROUTE_STATUS,READ bank=0x00 addr=0xE2 data=N/A,SESSION_16_COUNTER=552,MATCH_AGGREGATE,snapshot counter increments 30 per session; route/status readbacks passed
822,L6_SESSION_ROUTE_STATUS,READ bank=0x00 addr=0xE9 data=N/A,SESSION_16_COUNTER=552,MATCH_AGGREGATE,snapshot counter increments 30 per session; route/status readbacks passed
823,L6_SESSION_ROUTE_STATUS,READ bank=0x00 addr=0xA8 data=N/A,SESSION_16_COUNTER=552,MATCH_AGGREGATE,snapshot counter increments 30 per session; route/status readbacks passed
824,L6_SESSION_ROUTE_STATUS,READ bank=0x00 addr=0xE0 data=N/A,SESSION_16_COUNTER=552,MATCH_AGGREGATE,snapshot counter increments 30 per session; route/status readbacks passed
825,L6_SESSION_ROUTE_STATUS,READ bank=0x00 addr=0xE1 data=N/A,SESSION_16_COUNTER=552,MATCH_AGGREGATE,snapshot counter increments 30 per session; route/status readbacks passed
826,L6_SESSION_ROUTE_STATUS,READ bank=0x00 addr=0xE2 data=N/A,SESSION_16_COUNTER=552,MATCH_AGGREGATE,snapshot counter increments 30 per session; route/status readbacks passed
827,L6_SESSION_ROUTE_STATUS,READ bank=0x00 addr=0xE9 data=N/A,SESSION_16_COUNTER=552,MATCH_AGGREGATE,snapshot counter increments 30 per session; route/status readbacks passed
828,L7_PRODUCT_BASELINE_RESTORE,WRITE bank=0x00 addr=0xFF data=0x00,FINAL_I2C_TRANSACTION_COUNT=565,MATCH_AGGREGATE,final state counter and physical restore receipt
829,L7_PRODUCT_BASELINE_RESTORE,WRITE bank=0x00 addr=0x78 data=0x88,FINAL_I2C_TRANSACTION_COUNT=565,MATCH_AGGREGATE,final state counter and physical restore receipt
830,L7_PRODUCT_BASELINE_RESTORE,WRITE bank=0x00 addr=0x79 data=0x88,FINAL_I2C_TRANSACTION_COUNT=565,MATCH_AGGREGATE,final state counter and physical restore receipt
831,L7_PRODUCT_BASELINE_RESTORE,WRITE bank=0x00 addr=0xFF data=0x01,FINAL_I2C_TRANSACTION_COUNT=565,MATCH_AGGREGATE,final state counter and physical restore receipt
832,L7_PRODUCT_BASELINE_RESTORE,WRITE bank=0x01 addr=0xC2 data=0x00,FINAL_I2C_TRANSACTION_COUNT=565,MATCH_AGGREGATE,final state counter and physical restore receipt
833,L7_PRODUCT_BASELINE_RESTORE,WRITE bank=0x01 addr=0xFF data=ORIGINAL_ENTRY_BANK,FINAL_I2C_TRANSACTION_COUNT=565,MATCH_AGGREGATE,final state counter and physical restore receipt
834,L7_PRODUCT_BASELINE_RESTORE,WRITE bank=ORIGINAL_ENTRY_BANK addr=0xFF data=0x00,FINAL_I2C_TRANSACTION_COUNT=565,MATCH_AGGREGATE,final state counter and physical restore receipt
835,L7_PRODUCT_BASELINE_RESTORE,READ bank=0x00 addr=0x78 data=N/A,FINAL_I2C_TRANSACTION_COUNT=565,MATCH_AGGREGATE,final state counter and physical restore receipt
836,L7_PRODUCT_BASELINE_RESTORE,READ bank=0x00 addr=0x79 data=N/A,FINAL_I2C_TRANSACTION_COUNT=565,MATCH_AGGREGATE,final state counter and physical restore receipt
837,L7_PRODUCT_BASELINE_RESTORE,WRITE bank=0x00 addr=0xFF data=0x01,FINAL_I2C_TRANSACTION_COUNT=565,MATCH_AGGREGATE,final state counter and physical restore receipt
838,L7_PRODUCT_BASELINE_RESTORE,READ bank=0x01 addr=0xC2 data=N/A,FINAL_I2C_TRANSACTION_COUNT=565,MATCH_AGGREGATE,final state counter and physical restore receipt
839,L7_PRODUCT_BASELINE_RESTORE,WRITE bank=0x01 addr=0xFF data=ORIGINAL_ENTRY_BANK,FINAL_I2C_TRANSACTION_COUNT=565,MATCH_AGGREGATE,final state counter and physical restore receipt
840,L7_PRODUCT_BASELINE_RESTORE,READ bank=ORIGINAL_ENTRY_BANK addr=0xFF data=N/A,FINAL_I2C_TRANSACTION_COUNT=565,MATCH_AGGREGATE,final state counter and physical restore receipt
