#-----------------------------------------------------------
# Vivado v2025.2 (64-bit)
# SW Build 6299465 on Fri Nov 14 19:35:11 GMT 2025
# IP Build 6300035 on Fri Nov 14 10:48:45 MST 2025
# SharedData Build 6298862 on Thu Nov 13 04:50:51 MST 2025
# Start of session at: Fri Aug 28 06:02:37 2026
# Process ID         : 2972
# Current directory  : <SOURCE_ROOT>
# Command line       : vivado.exe -mode batch -log <LAUNCH_ROOT>\vivado.log -journal <LAUNCH_ROOT>\vivado.jou -source <SOURCE_ROOT>\scripts\v41\g2a_build.tcl -tclargs <SOURCE_ROOT> <BUILD_ROOT> <BUILD_EVIDENCE_ROOT> 224d194e5f82c85bcb29297561c5d5e76d28063b 283f98c02e6f9c61716875415cf000682f8ab856 AHD_V41_G2A_R1I_GEN2_OFFLINE.bit
# Log file           : <LAUNCH_ROOT>/vivado.log
# Journal file       : <LAUNCH_ROOT>\vivado.jou
# Running On         : <BUILD_HOST>
# Platform           : Windows Server 2016 or Windows 10
# Operating System   : 19045
# Processor Detail   : Intel(R) Core(TM) i7-7500U CPU @ 2.70GHz
# CPU Frequency      : 2904 MHz
# CPU Physical cores : 2
# CPU Logical cores  : 4
# Host memory        : 17028 MB
# Swap memory        : 4525 MB
# Total Virtual      : 21553 MB
# Available Virtual  : 3647 MB
#-----------------------------------------------------------
WARNING: [Runs 36-547] User Strategy 'Vivado Implementation Defaults' from file '<USER_PROFILE>\AppData\Roaming/Xilinx/Vivado/2025.2/strategies/Vivado Implementation Defaults.Vivado Implementation 2025.psg' discarded because strategy with same name already parsed from 'C:/AMDDesignTools/2025.2/Vivado/strategies/VDI2025.psg'
INFO: [Common 17-1239] XILINX_LOCAL_USER_DATA is set to 'NO'.
INFO: [Common 17-748] XILINX_TCLAPP_REPO is set to 'C:/AMDDesignTools/2025.2/Vivado/data/XilinxTclStore'. Refresh XilinxTclStore catalog is disabled when XILINX_TCLAPP_REPO is set.
source {<SOURCE_ROOT>\scripts\v41\g2a_build.tcl}
# if {$argc != 6 && $argc != 7} {
#   puts stderr "usage: g2a_build.tcl REPO_ROOT BUILD_ROOT EVIDENCE_ROOT SOURCE_COMMIT SOURCE_TREE BIT_FILENAME ?PROVENANCE_ONLY?"
#   exit 2
# }
# lassign [lrange $argv 0 5] repo_root build_root evidence_root source_commit source_tree bit_filename
# set execution_mode FULL_BUILD
# if {$argc == 7} {
#   set execution_mode [lindex $argv 6]
#   if {$execution_mode ne "PROVENANCE_ONLY"} {
#     error "optional execution mode must be exactly PROVENANCE_ONLY"
#   }
# }
# set repo_root [file normalize $repo_root]
# set build_root [file normalize $build_root]
# set evidence_root [file normalize $evidence_root]
# set qualified_base_commit 20c3323d79d3896edc586d6db1df7deee60f9e41
# set qualified_base_tree 70d801fd7a879080da399bfa9ee95fd6eb008e16
# set qualified_base_tag v41-r1i-qualified-poc-20260827
# set expected_branch integration/v41-r1i-gen2-g2a
# set expected_part xc7a35tcsg325-2
# set expected_top ahd_capture_top_xdma
# set expected_vivado_version 2025.2
# set expected_vivado_sw_build 6299465
# set expected_user_clock_mhz 62.5
# set clock_tolerance_mhz 0.1
# proc write_lines {path lines} {
#   file mkdir [file dirname $path]
#   set fh [open $path w]
#   fconfigure $fh -encoding utf-8 -translation lf
#   foreach line $lines { puts $fh $line }
#   close $fh
# }
# proc write_text {path value} {
#   file mkdir [file dirname $path]
#   set fh [open $path w]
#   fconfigure $fh -encoding utf-8 -translation lf
#   puts -nonewline $fh $value
#   close $fh
# }
# proc read_text {path} {
#   set fh [open $path r]
#   fconfigure $fh -encoding utf-8
#   set value [read $fh]
#   close $fh
#   return $value
# }
# proc single_line {value} {
#   return [string map [list "\r" {\r} "\n" {\n}] $value]
# }
# proc path_key {path} {
#   return [string tolower [string trimright [file normalize $path] "/\\"]]
# }
# proc path_is_within {child parent} {
#   set child_key [path_key $child]
#   set parent_key [path_key $parent]
#   if {$child_key eq $parent_key} { return 1 }
#   return [expr {[string first "${parent_key}/" $child_key] == 0}]
# }
# proc git_value {args} {
#   global repo_root
#   return [string trim [exec git --no-optional-locks -C $repo_root {*}$args]]
# }
# proc sha256_file {path} {
#   set output [exec certutil.exe -hashfile [file nativename $path] SHA256]
#   foreach line [split $output "\n"] {
#     set candidate [string toupper [string map [list " " "" "\t" "" "\r" ""] [string trim $line]]]
#     if {[regexp {^[0-9A-F]{64}$} $candidate]} { return $candidate }
#   }
#   error "SHA-256 unavailable for $path"
# }
# proc require_files {paths} {
#   foreach path $paths {
#     if {![file isfile $path]} { error "required input missing: $path" }
#   }
# }
# proc effective_config_dict {ip} {
#   set result [dict create]
#   foreach property [lsort [list_property $ip]] {
#     if {[string match {CONFIG.*} $property]} {
#       dict set result $property [get_property $property $ip]
#     }
#   }
#   return $result
# }
# proc assert_config_dict_equal {expected actual label} {
#   set expected_keys [lsort [dict keys $expected]]
#   set actual_keys [lsort [dict keys $actual]]
#   if {$expected_keys ne $actual_keys} {
#     error "$label CONFIG property-name drift"
#   }
#   foreach property $expected_keys {
#     set expected_value [dict get $expected $property]
#     set actual_value [dict get $actual $property]
#     if {$actual_value ne $expected_value} {
#       error "$label CONFIG drift for $property: expected '$expected_value', got '$actual_value'"
#     }
#   }
# }
# proc utilization_row {text wanted} {
#   set normalized_wanted [string trimright $wanted "*"]
#   foreach line [split $text "\n"] {
#     set columns [split $line "|"]
#     if {[llength $columns] < 7} { continue }
#     set actual [string trimright [string trim [lindex $columns 1]] "*"]
#     if {$actual ne $normalized_wanted} { continue }
#     set used [string map [list "," "" " " ""] [string trim [lindex $columns 2]]]
#     set available [string map [list "," "" " " ""] [string trim [lindex $columns 5]]]
#     if {![string is double -strict $used] || ![string is double -strict $available] || $available <= 0.0} {
#       error "non-numeric utilization row '$wanted': used='$used' available='$available'"
#     }
#     return [list $used $available]
#   }
#   error "utilization row '$wanted' not found"
# }
# proc resource_metrics {stage} {
#   global evidence_root
#   set text [report_utilization -return_string]
#   write_text [file join $evidence_root "${stage}_UTILIZATION_FLAT.rpt"] $text
#   lassign [utilization_row $text "Slice LUTs"] lut_used lut_available
#   lassign [utilization_row $text "Slice Registers"] ff_used ff_available
#   lassign [utilization_row $text "Block RAM Tile"] bram_used bram_available
#   lassign [utilization_row $text "DSPs"] dsp_used dsp_available
#   return [dict create \
#     LUT_USED $lut_used LUT_AVAILABLE $lut_available \
#     LUT_PERCENT [expr {100.0 * $lut_used / $lut_available}] \
#     FF_USED $ff_used FF_AVAILABLE $ff_available \
#     FF_PERCENT [expr {100.0 * $ff_used / $ff_available}] \
#     BRAM_USED $bram_used BRAM_AVAILABLE $bram_available \
#     BRAM_PERCENT [expr {100.0 * $bram_used / $bram_available}] \
#     DSP_USED $dsp_used DSP_AVAILABLE $dsp_available \
#     DSP_PERCENT [expr {100.0 * $dsp_used / $dsp_available}]]
# }
# proc enforce_resource_gate {stage metrics} {
#   global evidence_root
#   set lut_percent [dict get $metrics LUT_PERCENT]
#   set ff_percent [dict get $metrics FF_PERCENT]
#   set bram_percent [dict get $metrics BRAM_PERCENT]
#   set dsp_percent [dict get $metrics DSP_PERCENT]
#   set gate PASS
#   set reason NONE
#   if {$lut_percent > 90.0} {
#     set gate FAIL
#     set reason LUT_GT_90_PERCENT
#   } elseif {$ff_percent > 80.0} {
#     set gate FAIL
#     set reason FF_GT_80_PERCENT
#   } elseif {$bram_percent > 80.0} {
#     set gate FAIL
#     set reason BRAM_GT_80_PERCENT
#   } elseif {$dsp_percent > 85.0} {
#     set gate FAIL
#     set reason DSP_GT_85_PERCENT
#   }
#   write_lines [file join $evidence_root "${stage}_RESOURCE_GATE.txt"] [list \
#     "STAGE=$stage" \
#     "LUT_USED=[dict get $metrics LUT_USED]" \
#     "LUT_AVAILABLE=[dict get $metrics LUT_AVAILABLE]" \
#     "LUT_PERCENT=[format %.3f $lut_percent]" \
#     "LUT_LIMIT_PERCENT=90.000" \
#     "FF_USED=[dict get $metrics FF_USED]" \
#     "FF_AVAILABLE=[dict get $metrics FF_AVAILABLE]" \
#     "FF_PERCENT=[format %.3f $ff_percent]" \
#     "FF_LIMIT_PERCENT=80.000" \
#     "BRAM_USED=[dict get $metrics BRAM_USED]" \
#     "BRAM_AVAILABLE=[dict get $metrics BRAM_AVAILABLE]" \
#     "BRAM_PERCENT=[format %.3f $bram_percent]" \
#     "BRAM_LIMIT_PERCENT=80.000" \
#     "DSP_USED=[dict get $metrics DSP_USED]" \
#     "DSP_AVAILABLE=[dict get $metrics DSP_AVAILABLE]" \
#     "DSP_PERCENT=[format %.3f $dsp_percent]" \
#     "DSP_LIMIT_PERCENT=85.000" \
#     "RESOURCE_GATE=$gate" "RESOURCE_GATE_REASON=$reason"]
#   if {$gate ne "PASS"} { error "$stage resource gate failed: $reason" }
# }
# proc record_action {action} {
#   global action_counts evidence_root stage
#   dict incr action_counts $action
#   set lines [list "STAGE=$stage"]
#   dict for {key value} $action_counts { lappend lines "$key=$value" }
#   write_lines [file join $evidence_root G2A_OPERATION_COUNTS.txt] $lines
# }
# proc unique_objects_by_name {objects} {
#   set by_name [dict create]
#   foreach object $objects {
#     set name [get_property NAME $object]
#     dict set by_name $name $object
#   }
#   set result [list]
#   foreach name [lsort [dict keys $by_name]] { lappend result [dict get $by_name $name] }
#   return $result
# }
# proc clocks_for_pattern {pattern} {
#   set result [list]
#   foreach clock [get_clocks -quiet] {
#     if {[string match $pattern [get_property NAME $clock]]} { lappend result $clock }
#   }
#   foreach net [get_nets -quiet -hier $pattern] {
#     if {![catch {get_clocks -quiet -of_objects $net} clocks]} {
#       foreach clock $clocks { lappend result $clock }
#     }
#     foreach pin [get_pins -quiet -of_objects $net] {
#       if {![catch {get_clocks -quiet -of_objects $pin} clocks]} {
#         foreach clock $clocks { lappend result $clock }
#       }
#     }
#   }
#   foreach pin [get_pins -quiet -hier $pattern] {
#     if {![catch {get_clocks -quiet -of_objects $pin} clocks]} {
#       foreach clock $clocks { lappend result $clock }
#     }
#   }
#   return [unique_objects_by_name $result]
# }
# proc property_or_unknown {property object} {
#   if {[catch {get_property $property $object} value] || $value eq ""} { return UNKNOWN }
#   return $value
# }
# proc check_timing_table_count {text wanted} {
#   foreach line [split $text "\n"] {
#     set columns [split $line "|"]
#     for {set index 0} {$index + 1 < [llength $columns]} {incr index} {
#       if {[string trim [lindex $columns $index]] ne $wanted} { continue }
#       set count [string trim [lindex $columns [expr {$index + 1}]]]
#       if {[string is integer -strict $count]} { return $count }
#     }
#     if {[regexp [format {^[ \t]*%s[ \t]+([0-9]+)} $wanted] $line -> count]} {
#       return $count
#     }
#     if {[regexp [format {checking[ \t]+%s[ \t]*\(([0-9]+)\)} $wanted] $line -> count]} {
#       return $count
#     }
#   }
#   return UNKNOWN
# }
# proc cdc_severity_counts {text} {
#   set critical 0
#   set unknown 0
#   foreach line [split $text "\n"] {
#     if {![regexp -nocase {CDC-[0-9]+} $line]} { continue }
#     if {[regexp -nocase {Critical} $line]} { incr critical }
#     if {[regexp -nocase {Unknown} $line]} { incr unknown }
#   }
#   return [list $critical $unknown]
# }
# proc enforce_gen2_xdma_pipe_cdc_disposition {cdc_path cdc_violations} {
#   global build_root evidence_root
# 
#   set critical_names [list]
#   foreach violation $cdc_violations {
#     set severity [string toupper [property_or_unknown SEVERITY $violation]]
#     if {$severity eq "CRITICAL" || $severity eq "CRITICAL WARNING"} {
#       lappend critical_names [get_property NAME $violation]
#     }
#   }
#   set critical_names [lsort $critical_names]
#   set expected_names [list CDC-13#1 CDC-13#2]
#   if {$critical_names ne $expected_names} {
#     error "unexpected critical CDC object set: expected '$expected_names', got '$critical_names'"
#   }
# 
#   set cdc_text [read_text $cdc_path]
#   set source_endpoint {XDMA/inst/xdma_v41_m1_pcie2_to_pcie3_wrapper_i/pcie2_ip_i/inst/inst/gt_top_i/pipe_wrapper_i/pipe_clock_int.pipe_clock_i/pclk_sel_reg/C}
#   set destination_endpoint {XDMA/inst/xdma_v41_m1_pcie2_to_pcie3_wrapper_i/pcie2_ip_i/inst/inst/gt_top_i/pipe_wrapper_i/pipe_clock_int.pipe_clock_i/pclk_i1_bufgctrl.pclk_i1/S1}
#   set expected_row "1 CDC-13 Critical 1-bit CDC path on a non-FD primitive 0 False Path $source_endpoint $destination_endpoint"
#   set exact_row_count 0
#   set summary_count 0
#   foreach line [split $cdc_text "\n"] {
#     set normalized [join [regexp -all -inline {\S+} $line] " "]
#     if {$normalized eq $expected_row} { incr exact_row_count }
#     if {$normalized eq {CDC-13 Critical 2 1-bit CDC path on a non-FD primitive}} {
#       incr summary_count
#     }
#   }
#   if {$exact_row_count != 2 || $summary_count != 1} {
#     error "Gen2 XDMA CDC-13 report signature mismatch: rows=$exact_row_count summary=$summary_count"
#   }
# 
#   set normalized_report [join [regexp -all -inline {\S+} $cdc_text] " "]
#   foreach context [list \
#       {Source Clock: clk_125mhz_mux_x0y0 Destination Clock: clk_250mhz_x0y0 CDC Type: User Ignored} \
#       {Source Clock: clk_250mhz_mux_x0y0 Destination Clock: clk_250mhz_x0y0 CDC Type: User Ignored}] {
#     if {[string first $context $normalized_report] < 0} {
#       error "Gen2 XDMA CDC-13 clock/type context missing: $context"
#     }
#   }
# 
#   set generated_xdc_pattern [file join $build_root vivado_project *.gen sources_1 ip \
#     xdma_v41_m1 ip_0 source xdma_v41_m1_pcie2_ip-PCIE_X0Y0.xdc]
#   set generated_xdc_files [glob -nocomplain -types f -- $generated_xdc_pattern]
#   if {[llength $generated_xdc_files] != 1} {
#     error "expected one generated XDMA PCIe XDC, found [llength $generated_xdc_files]"
#   }
#   set generated_xdc [lindex $generated_xdc_files 0]
#   set generated_xdc_text [read_text $generated_xdc]
#   foreach required_clause [list \
#       {set_false_path -to [get_pins {inst/gt_top_i/pipe_wrapper_i/pipe_clock_int.pipe_clock_i/pclk_i1_bufgctrl.pclk_i1/S0}]} \
#       {set_false_path -to [get_pins {inst/gt_top_i/pipe_wrapper_i/pipe_clock_int.pipe_clock_i/pclk_i1_bufgctrl.pclk_i1/S1}]} \
#       {set_clock_groups -name pcieclkmux -physically_exclusive -group clk_125mhz_mux_x0y0 -group clk_250mhz_mux_x0y0}] {
#     if {[string first $required_clause $generated_xdc_text] < 0} {
#       error "required generated-XDC CDC clause missing: $required_clause"
#     }
#   }
# 
#   write_lines [file join $evidence_root G2A_CDC_EXACT_DISPOSITION.txt] [list \
#     {DISPOSITION=PASS_EXACT_GEN2_XDMA_PIPE_CLOCK_MUX} \
#     {CDC_CRITICAL_TOTAL=2} \
#     {CDC_CRITICAL_DISPOSITIONED=2} \
#     {CDC_UNKNOWN=0} \
#     {CDC_IDS=CDC-13#1,CDC-13#2} \
#     {CDC_TYPE=User Ignored} \
#     {EXCEPTION=False Path} \
#     "SOURCE_ENDPOINT=$source_endpoint" \
#     "DESTINATION_ENDPOINT=$destination_endpoint" \
#     {CLOCK_PAIR_0=clk_125mhz_mux_x0y0->clk_250mhz_x0y0} \
#     {CLOCK_PAIR_1=clk_250mhz_mux_x0y0->clk_250mhz_x0y0} \
#     "GENERATED_XDC=$generated_xdc" \
#     {GENERATED_XDC_S0_FALSE_PATH=PASS} \
#     {GENERATED_XDC_S1_FALSE_PATH=PASS} \
#     {GENERATED_XDC_CLOCKS_PHYSICALLY_EXCLUSIVE=PASS} \
#     {APPLICATION_CDC_DISPOSITIONED=0} \
#     {BROAD_CDC_WAIVER_APPLIED=NO}]
#   return 2
# }
# proc enforce_named_bus_skew_constraint {text label source_token destination_token} {
#   set matches 0
#   set lines [split $text "\n"]
#   for {set index 0} {$index < [llength $lines]} {incr index} {
#     set line [lindex $lines $index]
#     if {![string match {set_bus_skew *} [string trimleft $line]] ||
#         [string first $source_token $line] < 0 ||
#         [string first $destination_token $line] < 0} {
#       continue
#     }
#     incr matches
#     set met_count 0
#     set violated_count 0
#     for {set scan [expr {$index + 1}]} {$scan < [llength $lines]} {incr scan} {
#       set scan_line [lindex $lines $scan]
#       if {[regexp {^[ \t]*Id:[ \t]*[0-9]+} $scan_line]} { break }
#       if {[regexp -nocase {Slack[ \t]*\([ \t]*MET[ \t]*\)} $scan_line]} { incr met_count }
#       if {[regexp -nocase {Slack[ \t]*\([ \t]*VIOLATED[ \t]*\)} $scan_line]} { incr violated_count }
#     }
#     if {$met_count != 1 || $violated_count != 0} {
#       error "$label bus-skew constraint failed: met=$met_count violated=$violated_count"
#     }
#   }
#   if {$matches != 1} {
#     error "$label bus-skew constraint resolution failed: command_matches=$matches"
#   }
# }
# if {![file isdirectory $repo_root]} { error "REPO_ROOT is not a directory: $repo_root" }
# if {[path_is_within $build_root $repo_root] || [path_is_within $evidence_root $repo_root]} {
#   error "BUILD_ROOT and EVIDENCE_ROOT must both be outside REPO_ROOT"
# }
# if {[path_is_within $evidence_root $build_root] || [path_is_within $build_root $evidence_root]} {
#   error "BUILD_ROOT and EVIDENCE_ROOT must be disjoint"
# }
# if {$bit_filename eq "" || [file tail $bit_filename] ne $bit_filename ||
#     ![string equal -nocase [file extension $bit_filename] ".bit"]} {
#   error "BIT_FILENAME must be a leaf filename ending in .bit"
# }
# if {![regexp {^[0-9a-f]{40}$} $source_commit]} {
#   error "SOURCE_COMMIT must be exactly 40 lowercase hex digits"
# }
# if {![regexp {^[0-9a-f]{40}$} $source_tree]} {
#   error "SOURCE_TREE must be exactly 40 lowercase hex digits"
# }
# set actual_commit [git_value rev-parse HEAD]
# set actual_tree [git_value rev-parse {HEAD^{tree}}]
# set actual_branch [git_value symbolic-ref --short HEAD]
# set actual_status [git_value status --porcelain --untracked-files=all]
# set actual_base_tree [git_value rev-parse "${qualified_base_commit}^{tree}"]
# set actual_tag_commit [git_value rev-list -n 1 $qualified_base_tag]
# set actual_merge_base [git_value merge-base $qualified_base_commit $source_commit]
# set direct_parent [git_value rev-parse "${source_commit}^"]
# set integration_commit_count [git_value rev-list --count "${qualified_base_commit}..${source_commit}"]
# if {$actual_commit ne $source_commit} { error "repository HEAD does not match requested SOURCE_COMMIT" }
# if {$actual_tree ne $source_tree} { error "repository HEAD tree does not match requested SOURCE_TREE" }
# if {$actual_branch ne $expected_branch} { error "source branch mismatch: expected $expected_branch, got $actual_branch" }
# if {$actual_status ne ""} { error "G2A full source tree is not clean: $actual_status" }
# if {$actual_base_tree ne $qualified_base_tree} { error "BLOCKED - G2A_BASE_TREE_MISMATCH" }
# if {$actual_tag_commit ne $qualified_base_commit} { error "qualified immutable tag does not resolve to frozen base commit" }
# if {$actual_merge_base ne $qualified_base_commit || $direct_parent ne $qualified_base_commit ||
#     $integration_commit_count ne "1"} {
#   error "integration commit is not a single direct child of frozen qualified R1i"
# }
# set git_words [list]
# for {set word_index 0} {$word_index < 5} {incr word_index} {
#   set first [expr {$word_index * 8}]
#   set word [string range $source_commit $first [expr {$first + 7}]]
#   if {![regexp {^[0-9a-f]{8}$} $word]} { error "invalid 8-hex provenance word $word_index" }
#   lappend git_words $word
# }
# set reconstructed_commit [join $git_words ""]
# if {$reconstructed_commit ne $source_commit} {
#   error "provenance round-trip mismatch: $reconstructed_commit != $source_commit"
# }
# set build_flags 32'h00000002
# set generics "SLOT_COUNT=2"
# for {set word_index 0} {$word_index < 5} {incr word_index} {
#   append generics " GIT_SHA_W$word_index=32'h[lindex $git_words $word_index]"
# }
# append generics " BUILD_FLAGS=$build_flags ENABLE_MAREK_INIT_TABLE=1"
# file mkdir $evidence_root
# set provenance_lines [list \
#   "TASK=AHD_V41_G2A_R1I_GEN2_OFFLINE_INTEGRATION" \
#   "EXECUTION_MODE=$execution_mode" \
#   "SOURCE_COMMIT_REQUESTED=$source_commit" \
#   "SOURCE_COMMIT_ACTUAL=$actual_commit" \
#   "SOURCE_TREE_REQUESTED=$source_tree" \
#   "SOURCE_TREE_ACTUAL=$actual_tree" \
#   "SOURCE_BRANCH_EXPECTED=$expected_branch" \
#   "SOURCE_BRANCH_ACTUAL=$actual_branch" \
#   "QUALIFIED_BASE_COMMIT=$qualified_base_commit" \
#   "QUALIFIED_BASE_TREE=$qualified_base_tree" \
#   "QUALIFIED_BASE_TAG=$qualified_base_tag" \
#   "QUALIFIED_TAG_RESOLUTION=PASS" \
#   "DIRECT_PARENT=$direct_parent" \
#   "DIRECT_BASE_RELATION=PASS" \
#   "INTEGRATION_COMMIT_COUNT=$integration_commit_count" \
#   "SOURCE_HEAD_MATCH=PASS" \
#   "SOURCE_TREE_MATCH=PASS" \
#   "SOURCE_BRANCH_MATCH=PASS" \
#   "SOURCE_CLEAN=PASS" \
#   "GIT_SHA_W0=[lindex $git_words 0]" \
#   "GIT_SHA_W1=[lindex $git_words 1]" \
#   "GIT_SHA_W2=[lindex $git_words 2]" \
#   "GIT_SHA_W3=[lindex $git_words 3]" \
#   "GIT_SHA_W4=[lindex $git_words 4]" \
#   "RECONSTRUCTED_SOURCE_COMMIT=$reconstructed_commit" \
#   "PROVENANCE_ROUND_TRIP=PASS" \
#   "VIVADO_GENERIC_STRING=$generics" \
#   "PROVENANCE_PREFLIGHT=PASS"]
# if {$execution_mode eq "PROVENANCE_ONLY"} {
#   lappend provenance_lines "PROVENANCE_ONLY_EXIT_BEFORE_BUILD=PASS"
# } else {
#   lappend provenance_lines "PROVENANCE_ONLY_EXIT_BEFORE_BUILD=NOT_APPLICABLE"
# }
# write_lines [file join $evidence_root G2A_EXPECTED_RUNTIME_PROVENANCE.txt] $provenance_lines
# puts "G2A_PROVENANCE_ROUND_TRIP=PASS SOURCE_COMMIT=$source_commit SOURCE_TREE=$source_tree"
G2A_PROVENANCE_ROUND_TRIP=PASS SOURCE_COMMIT=224d194e5f82c85bcb29297561c5d5e76d28063b SOURCE_TREE=283f98c02e6f9c61716875415cf000682f8ab856
# if {$execution_mode eq "PROVENANCE_ONLY"} {
#   puts "G2A_PROVENANCE_ONLY_PREFLIGHT=PASS"
#   exit 0
# }
# set stage FULL_BUILD_PREFLIGHT
# set action_counts [dict create \
#   SYNTH_DESIGN 0 OPT_DESIGN 0 PLACE_DESIGN 0 PHYS_OPT_DESIGN 0 \
#   ROUTE_DESIGN 0 WRITE_BITSTREAM 0 WRITE_DEBUG_PROBES 0]
# set project_creation NOT_RUN
# set ip_generation NOT_RUN
# set synthesis NOT_RUN
# set optimization NOT_RUN
# set placement NOT_RUN
# set physical_optimization NOT_RUN
# set routing NOT_RUN
# set timing_gate NOT_RUN
# set drc_gate NOT_RUN
# set cdc_gate NOT_RUN
# set bus_skew_gate NOT_RUN
# set black_box_gate NOT_RUN
# set clock_gate NOT_RUN
# set resource_gate NOT_RUN
# set congestion_gate NOT_RUN
# set source_post_build NOT_RUN
# set fully_routed UNKNOWN
# set errors_in_routes UNKNOWN
# set unrouted_nets UNKNOWN
# set partial_nets UNKNOWN
# set wns UNKNOWN
# set tns UNKNOWN
# set whs UNKNOWN
# set ths UNKNOWN
# set failing_setup UNKNOWN
# set failing_hold UNKNOWN
# set no_clock_count UNKNOWN
# set unconstrained_internal_count UNKNOWN
# set drc_errors UNKNOWN
# set drc_critical_warnings UNKNOWN
# set drc_warnings UNKNOWN
# set cdc_critical UNKNOWN
# set cdc_unknown UNKNOWN
# set cdc_critical_dispositioned 0
# set cdc_disposition NOT_RUN
# set bus_skew_violations UNKNOWN
# set bus_skew_met_constraints UNKNOWN
# set black_box_count UNKNOWN
# set post_opt_metrics [dict create]
# set final_metrics [dict create]
# set effective_axi_clock_mhz UNKNOWN
# set effective_user_clock_mhz UNKNOWN
# set bit_generated NO
# set bit_sha NONE
# set ltx_generated NO
# set ltx_sha NONE
# set ltx_error NONE
# set routed_clock_object_count UNKNOWN
# set nvp_clock_pin_count UNKNOWN
# set axi_bridge_clock_pin_count UNKNOWN
# set xdc_collection_gate NOT_RUN
# set cfg_src_count UNKNOWN
# set cfg_dst_count UNKNOWN
# set status_src_count UNKNOWN
# set status_dst_count UNKNOWN
# set toggle_first_stage_count UNKNOWN
# set toggle_first_d_count UNKNOWN
# set diag_gray_source_count UNKNOWN
# set diag_gray_first_d_count UNKNOWN
# set nvp_init_async_reset_pin_count UNKNOWN
# set pcie_refclk_ibuf_count UNKNOWN
# set gt_channel_count UNKNOWN
# set gt_common_count UNKNOWN
# set pcie_hard_block_count UNKNOWN
# set vivado_version UNKNOWN
# set vivado_sw_build UNKNOWN
# set ip_config_property_count UNKNOWN
# set bufg_used UNKNOWN
# set mmcm_used UNKNOWN
# set pll_used UNKNOWN
# set synth_dcp_sha NONE
# set post_opt_dcp_sha NONE
# set routed_dcp_sha NONE
# set bit_path [file join $evidence_root artifacts $bit_filename]
# set ltx_filename "[file rootname $bit_filename].ltx"
# set ltx_path [file join $evidence_root artifacts $ltx_filename]
create_project: Time (s): cpu = 00:00:54 ; elapsed = 00:08:59 . Memory (MB): peak = 540.648 ; gain = 222.746
INFO: [IP_Flow 19-234] Refreshing IP repositories
INFO: [IP_Flow 19-1704] No user IP repositories specified
INFO: [IP_Flow 19-2313] Loaded Vivado IP repository 'C:/AMDDesignTools/2025.2/Vivado/data/ip'.
WARNING: [IP_Flow 19-12246] XCI file '<BUILD_ROOT>/input_xci/xdma_v41_m1.xci' contents have changed since it was last written.
WARNING: [IP_Flow 19-11772] Failed to register IP shared directory path '<BUILD_ROOT>/v41_m1_xdma_resource_spike.gen/sources_1/ip/xdma_v41_m1/' for IP 'xdma_v41_m1'.
WARNING: [IP_Flow 19-11772] Failed to register IP shared directory path '<BUILD_ROOT>/v41_m1_xdma_resource_spike.gen/sources_1/ip/xdma_v41_m1/' for IP 'xdma_v41_m1'.
import_ip: Time (s): cpu = 00:01:04 ; elapsed = 00:02:34 . Memory (MB): peak = 620.629 ; gain = 79.980
xit::create_sub_core: Time (s): cpu = 00:00:04 ; elapsed = 00:00:11 . Memory (MB): peak = 640.934 ; gain = 1.941
xit::create_sub_core: Time (s): cpu = 00:00:02 ; elapsed = 00:00:10 . Memory (MB): peak = 665.738 ; gain = 20.801
xit::create_sub_core: Time (s): cpu = 00:00:01 ; elapsed = 00:00:06 . Memory (MB): peak = 666.219 ; gain = 0.047
INFO: [IP_Flow 19-1686] Generating 'Instantiation Template' target for IP 'xdma_v41_m1'...
INFO: [IP_Flow 19-1686] Generating 'Synthesis' target for IP 'xdma_v41_m1'...
INFO: [IP_Flow 19-1686] Generating 'Simulation' target for IP 'xdma_v41_m1'...
INFO: [IP_Flow 19-1686] Generating 'Implementation' target for IP 'xdma_v41_m1'...
INFO: [IP_Flow 19-1686] Generating 'Change Log' target for IP 'xdma_v41_m1'...
generate_target: Time (s): cpu = 00:00:19 ; elapsed = 00:02:12 . Memory (MB): peak = 680.262 ; gain = 9.094
update_compile_order: Time (s): cpu = 00:00:00 ; elapsed = 00:00:36 . Memory (MB): peak = 680.262 ; gain = 0.000
WARNING: [Vivado 12-3460] The report_compile_order switch '-fileset <fileset>' has been deprecated in favor of '-of_objects <fileset>' and this switch will be removed in a future release
INFO: [Vivado 12-3442] The output from report_compile_order is primarily targeted for human readability and ease of use. The 'get_files' command, with the -compile_order and -used_in options, produces this same information in a format that is better suited for automated scripts.
report_compile_order: Time (s): cpu = 00:00:05 ; elapsed = 00:00:10 . Memory (MB): peak = 685.578 ; gain = 5.316
Command: synth_design -top ahd_capture_top_xdma -part xc7a35tcsg325-2 -flatten_hierarchy rebuilt
Starting synth_design
Attempting to get a license for feature 'Synthesis' and/or device 'xc7a35t'
INFO: [Common 17-349] Got license for feature 'Synthesis' and/or device 'xc7a35t'
INFO: [Device 21-403] Loading part xc7a35tcsg325-2
INFO: [Synth 8-7079] Multithreading enabled for synth_design using a maximum of 2 processes.
INFO: [Synth 8-7078] Launching helper process for spawning children vivado processes
INFO: [Synth 8-7075] Helper process launched with PID 19660
---------------------------------------------------------------------------------
Starting RTL Elaboration : Time (s): cpu = 00:01:06 ; elapsed = 00:02:36 . Memory (MB): peak = 1413.504 ; gain = 540.797
---------------------------------------------------------------------------------
INFO: [Synth 8-11241] undeclared symbol 'RdDeQ', assumed default net type 'wire' [<BUILD_ROOT>/v41_m1_xdma_resource_spike.gen/sources_1/ip/xdma_v41_m1/d6c9/hdl/verilog/axidma_fifo.vh:179]
INFO: [Synth 8-11241] undeclared symbol 'cfg_config_space_enable', assumed default net type 'wire' [<BUILD_ROOT>/vivado_project/v41_g2a_r1i_gen2_offline.gen/sources_1/ip/xdma_v41_m1/xdma_v4_2/hdl/verilog/xdma_v41_m1_core_top.sv:4347]
INFO: [Synth 8-11241] undeclared symbol 'cfg_hot_reset_in', assumed default net type 'wire' [<BUILD_ROOT>/vivado_project/v41_g2a_r1i_gen2_offline.gen/sources_1/ip/xdma_v41_m1/xdma_v4_2/hdl/verilog/xdma_v41_m1_core_top.sv:4348]
INFO: [Synth 8-11241] undeclared symbol 'usr_irq_fail', assumed default net type 'wire' [<BUILD_ROOT>/vivado_project/v41_g2a_r1i_gen2_offline.gen/sources_1/ip/xdma_v41_m1/xdma_v4_2/hdl/verilog/xdma_v41_m1_core_top.sv:4838]
INFO: [Synth 8-6157] synthesizing module 'ahd_capture_top_xdma' [<SOURCE_ROOT>/rtl/top/ahd_capture_top_xdma.sv:7]
	Parameter SLOT_COUNT bound to: 2 - type: integer 
	Parameter GIT_SHA_W0 bound to: 32'b00100010010011010001100101001110 
	Parameter GIT_SHA_W1 bound to: 32'b01011111100000101100100001011011 
	Parameter GIT_SHA_W2 bound to: 32'b11001011001010010010100101110101 
	Parameter GIT_SHA_W3 bound to: 32'b01100001110001011101010111100111 
	Parameter GIT_SHA_W4 bound to: 32'b01101101001010000000011000111011 
	Parameter BUILD_FLAGS bound to: 32'b00000000000000000000000000000010 
	Parameter ENABLE_MAREK_INIT_TABLE bound to: 1 - type: integer 
INFO: [Synth 8-6157] synthesizing module 'IBUF' [C:/AMDDesignTools/2025.2/Vivado/scripts/rt/data/unisim_comp.v:82804]
INFO: [Synth 8-6155] done synthesizing module 'IBUF' (0#1) [C:/AMDDesignTools/2025.2/Vivado/scripts/rt/data/unisim_comp.v:82804]
INFO: [Synth 8-6157] synthesizing module 'IBUFDS_GTE2' [C:/AMDDesignTools/2025.2/Vivado/scripts/rt/data/unisim_comp.v:83044]
INFO: [Synth 8-6155] done synthesizing module 'IBUFDS_GTE2' (0#1) [C:/AMDDesignTools/2025.2/Vivado/scripts/rt/data/unisim_comp.v:83044]
INFO: [Synth 8-6157] synthesizing module 'IOBUF' [C:/AMDDesignTools/2025.2/Vivado/scripts/rt/data/unisim_comp.v:87566]
INFO: [Synth 8-6155] done synthesizing module 'IOBUF' (0#1) [C:/AMDDesignTools/2025.2/Vivado/scripts/rt/data/unisim_comp.v:87566]
INFO: [Synth 8-638] synthesizing module 'v40a_nvp_autoinit' [<SOURCE_ROOT>/rtl/nvp/nvp6134c_autoinit.vhd:43]
	Parameter CLK_HZ bound to: 62500000 - type: integer 
	Parameter I2C_HZ bound to: 25000 - type: integer 
	Parameter ENABLE_MAREK_INIT_TABLE bound to: 1 - type: integer 
INFO: [Synth 8-638] synthesizing module 'nvp_i2c_bringup_seq_v38ek' [<SOURCE_ROOT>/rtl/nvp/nvp6134c_i2c_bringup.vhd:97]
	Parameter CLK_HZ bound to: 62500000 - type: integer 
	Parameter I2C_HZ bound to: 25000 - type: integer 
	Parameter ENABLE_MAREK_INIT_TABLE bound to: 1 - type: integer 
INFO: [Synth 8-638] synthesizing module 'r1f_transaction_serial_counter' [<SOURCE_ROOT>/rtl/nvp/r1f_transaction_serial_counter.vhd:19]
INFO: [Synth 8-256] done synthesizing module 'r1f_transaction_serial_counter' (0#1) [<SOURCE_ROOT>/rtl/nvp/r1f_transaction_serial_counter.vhd:19]
INFO: [Synth 8-256] done synthesizing module 'nvp_i2c_bringup_seq_v38ek' (0#1) [<SOURCE_ROOT>/rtl/nvp/nvp6134c_i2c_bringup.vhd:97]
INFO: [Synth 8-256] done synthesizing module 'v40a_nvp_autoinit' (0#1) [<SOURCE_ROOT>/rtl/nvp/nvp6134c_autoinit.vhd:43]
INFO: [Synth 8-6157] synthesizing module 'v41_axi_clock_lifecycle_monitor' [<SOURCE_ROOT>/rtl/v41/axi_clock_lifecycle_monitor.sv:6]
INFO: [Synth 8-6155] done synthesizing module 'v41_axi_clock_lifecycle_monitor' (0#1) [<SOURCE_ROOT>/rtl/v41/axi_clock_lifecycle_monitor.sv:6]
INFO: [Synth 8-6157] synthesizing module 'nvp_i2c_tri_phase_probe' [<SOURCE_ROOT>/rtl/v41/nvp_i2c_tri_phase_probe.sv:16]
	Parameter CLK_HZ bound to: 62500000 - type: integer 
	Parameter PROBE_I2C_HZ bound to: 25000 - type: integer 
	Parameter TARGET_OPPORTUNITIES_PER_PHASE bound to: 10000 - type: integer 
	Parameter BLOCK_COUNT_PER_PHASE bound to: 10 - type: integer 
	Parameter NACK_INDEX_CAPACITY_PER_PHASE bound to: 512 - type: integer 
	Parameter MAX_TRANSACTION_ATTEMPTS_PER_PHASE bound to: 12000 - type: integer 
	Parameter POST_INIT_GUARD_CYCLES bound to: 62500 - type: integer 
WARNING: [Synth 8-7186] Applying attribute ram_style = "distributed" is ignored, object 'block_nack_count[0][0]' is not inferred as ram due to incorrect usage [<SOURCE_ROOT>/rtl/v41/nvp_i2c_tri_phase_probe.sv:658]
WARNING: [Synth 8-7186] Applying attribute ram_style = "distributed" is ignored, object 'block_nack_count[0][1]' is not inferred as ram due to incorrect usage [<SOURCE_ROOT>/rtl/v41/nvp_i2c_tri_phase_probe.sv:658]
WARNING: [Synth 8-7186] Applying attribute ram_style = "distributed" is ignored, object 'block_nack_count[0][2]' is not inferred as ram due to incorrect usage [<SOURCE_ROOT>/rtl/v41/nvp_i2c_tri_phase_probe.sv:658]
WARNING: [Synth 8-7186] Applying attribute ram_style = "distributed" is ignored, object 'block_nack_count[0][3]' is not inferred as ram due to incorrect usage [<SOURCE_ROOT>/rtl/v41/nvp_i2c_tri_phase_probe.sv:658]
WARNING: [Synth 8-7186] Applying attribute ram_style = "distributed" is ignored, object 'block_nack_count[0][4]' is not inferred as ram due to incorrect usage [<SOURCE_ROOT>/rtl/v41/nvp_i2c_tri_phase_probe.sv:658]
WARNING: [Synth 8-7186] Applying attribute ram_style = "distributed" is ignored, object 'block_nack_count[0][5]' is not inferred as ram due to incorrect usage [<SOURCE_ROOT>/rtl/v41/nvp_i2c_tri_phase_probe.sv:658]
WARNING: [Synth 8-7186] Applying attribute ram_style = "distributed" is ignored, object 'block_nack_count[0][6]' is not inferred as ram due to incorrect usage [<SOURCE_ROOT>/rtl/v41/nvp_i2c_tri_phase_probe.sv:658]
WARNING: [Synth 8-7186] Applying attribute ram_style = "distributed" is ignored, object 'block_nack_count[0][7]' is not inferred as ram due to incorrect usage [<SOURCE_ROOT>/rtl/v41/nvp_i2c_tri_phase_probe.sv:658]
WARNING: [Synth 8-7186] Applying attribute ram_style = "distributed" is ignored, object 'block_nack_count[0][8]' is not inferred as ram due to incorrect usage [<SOURCE_ROOT>/rtl/v41/nvp_i2c_tri_phase_probe.sv:658]
WARNING: [Synth 8-7186] Applying attribute ram_style = "distributed" is ignored, object 'block_nack_count[0][9]' is not inferred as ram due to incorrect usage [<SOURCE_ROOT>/rtl/v41/nvp_i2c_tri_phase_probe.sv:658]
WARNING: [Synth 8-7186] Applying attribute ram_style = "distributed" is ignored, object 'block_nack_count[1][0]' is not inferred as ram due to incorrect usage [<SOURCE_ROOT>/rtl/v41/nvp_i2c_tri_phase_probe.sv:658]
WARNING: [Synth 8-7186] Applying attribute ram_style = "distributed" is ignored, object 'block_nack_count[1][1]' is not inferred as ram due to incorrect usage [<SOURCE_ROOT>/rtl/v41/nvp_i2c_tri_phase_probe.sv:658]
WARNING: [Synth 8-7186] Applying attribute ram_style = "distributed" is ignored, object 'block_nack_count[1][2]' is not inferred as ram due to incorrect usage [<SOURCE_ROOT>/rtl/v41/nvp_i2c_tri_phase_probe.sv:658]
WARNING: [Synth 8-7186] Applying attribute ram_style = "distributed" is ignored, object 'block_nack_count[1][3]' is not inferred as ram due to incorrect usage [<SOURCE_ROOT>/rtl/v41/nvp_i2c_tri_phase_probe.sv:658]
WARNING: [Synth 8-7186] Applying attribute ram_style = "distributed" is ignored, object 'block_nack_count[1][4]' is not inferred as ram due to incorrect usage [<SOURCE_ROOT>/rtl/v41/nvp_i2c_tri_phase_probe.sv:658]
WARNING: [Synth 8-7186] Applying attribute ram_style = "distributed" is ignored, object 'block_nack_count[1][5]' is not inferred as ram due to incorrect usage [<SOURCE_ROOT>/rtl/v41/nvp_i2c_tri_phase_probe.sv:658]
WARNING: [Synth 8-7186] Applying attribute ram_style = "distributed" is ignored, object 'block_nack_count[1][6]' is not inferred as ram due to incorrect usage [<SOURCE_ROOT>/rtl/v41/nvp_i2c_tri_phase_probe.sv:658]
WARNING: [Synth 8-7186] Applying attribute ram_style = "distributed" is ignored, object 'block_nack_count[1][7]' is not inferred as ram due to incorrect usage [<SOURCE_ROOT>/rtl/v41/nvp_i2c_tri_phase_probe.sv:658]
WARNING: [Synth 8-7186] Applying attribute ram_style = "distributed" is ignored, object 'block_nack_count[1][8]' is not inferred as ram due to incorrect usage [<SOURCE_ROOT>/rtl/v41/nvp_i2c_tri_phase_probe.sv:658]
WARNING: [Synth 8-7186] Applying attribute ram_style = "distributed" is ignored, object 'block_nack_count[1][9]' is not inferred as ram due to incorrect usage [<SOURCE_ROOT>/rtl/v41/nvp_i2c_tri_phase_probe.sv:658]
WARNING: [Synth 8-7186] Applying attribute ram_style = "distributed" is ignored, object 'block_nack_count[2][0]' is not inferred as ram due to incorrect usage [<SOURCE_ROOT>/rtl/v41/nvp_i2c_tri_phase_probe.sv:658]
WARNING: [Synth 8-7186] Applying attribute ram_style = "distributed" is ignored, object 'block_nack_count[2][1]' is not inferred as ram due to incorrect usage [<SOURCE_ROOT>/rtl/v41/nvp_i2c_tri_phase_probe.sv:658]
WARNING: [Synth 8-7186] Applying attribute ram_style = "distributed" is ignored, object 'block_nack_count[2][2]' is not inferred as ram due to incorrect usage [<SOURCE_ROOT>/rtl/v41/nvp_i2c_tri_phase_probe.sv:658]
WARNING: [Synth 8-7186] Applying attribute ram_style = "distributed" is ignored, object 'block_nack_count[2][3]' is not inferred as ram due to incorrect usage [<SOURCE_ROOT>/rtl/v41/nvp_i2c_tri_phase_probe.sv:658]
WARNING: [Synth 8-7186] Applying attribute ram_style = "distributed" is ignored, object 'block_nack_count[2][4]' is not inferred as ram due to incorrect usage [<SOURCE_ROOT>/rtl/v41/nvp_i2c_tri_phase_probe.sv:658]
WARNING: [Synth 8-7186] Applying attribute ram_style = "distributed" is ignored, object 'block_nack_count[2][5]' is not inferred as ram due to incorrect usage [<SOURCE_ROOT>/rtl/v41/nvp_i2c_tri_phase_probe.sv:658]
WARNING: [Synth 8-7186] Applying attribute ram_style = "distributed" is ignored, object 'block_nack_count[2][6]' is not inferred as ram due to incorrect usage [<SOURCE_ROOT>/rtl/v41/nvp_i2c_tri_phase_probe.sv:658]
WARNING: [Synth 8-7186] Applying attribute ram_style = "distributed" is ignored, object 'block_nack_count[2][7]' is not inferred as ram due to incorrect usage [<SOURCE_ROOT>/rtl/v41/nvp_i2c_tri_phase_probe.sv:658]
WARNING: [Synth 8-7186] Applying attribute ram_style = "distributed" is ignored, object 'block_nack_count[2][8]' is not inferred as ram due to incorrect usage [<SOURCE_ROOT>/rtl/v41/nvp_i2c_tri_phase_probe.sv:658]
WARNING: [Synth 8-7186] Applying attribute ram_style = "distributed" is ignored, object 'block_nack_count[2][9]' is not inferred as ram due to incorrect usage [<SOURCE_ROOT>/rtl/v41/nvp_i2c_tri_phase_probe.sv:658]
INFO: [Synth 8-6157] synthesizing module 'r1h_probe_index_bram_store' [<SOURCE_ROOT>/rtl/v41/r1h_probe_index_bram_store.sv:9]
INFO: [Synth 8-6157] synthesizing module 'xpm_memory_sdpram' [C:/AMDDesignTools/2025.2/Vivado/data/ip/xpm/xpm_memory/hdl/xpm_memory.sv:8996]
	Parameter MEMORY_SIZE bound to: 8192 - type: integer 
	Parameter MEMORY_PRIMITIVE bound to: block - type: string 
	Parameter CLOCKING_MODE bound to: common_clock - type: string 
	Parameter ECC_MODE bound to: no_ecc - type: string 
	Parameter MEMORY_INIT_FILE bound to: none - type: string 
	Parameter MEMORY_INIT_PARAM bound to: 0 - type: string 
	Parameter USE_MEM_INIT bound to: 0 - type: integer 
	Parameter WAKEUP_TIME bound to: disable_sleep - type: string 
	Parameter AUTO_SLEEP_TIME bound to: 0 - type: integer 
	Parameter MESSAGE_CONTROL bound to: 0 - type: integer 
	Parameter USE_EMBEDDED_CONSTRAINT bound to: 0 - type: integer 
	Parameter MEMORY_OPTIMIZATION bound to: true - type: string 
	Parameter SIM_ASSERT_CHK bound to: 1 - type: integer 
	Parameter WRITE_DATA_WIDTH_A bound to: 16 - type: integer 
	Parameter BYTE_WRITE_WIDTH_A bound to: 16 - type: integer 
	Parameter ADDR_WIDTH_A bound to: 9 - type: integer 
	Parameter READ_DATA_WIDTH_B bound to: 16 - type: integer 
	Parameter ADDR_WIDTH_B bound to: 9 - type: integer 
	Parameter READ_RESET_VALUE_B bound to: 0 - type: string 
	Parameter READ_LATENCY_B bound to: 1 - type: integer 
	Parameter WRITE_MODE_B bound to: read_first - type: string 
	Parameter RST_MODE_B bound to: SYNC - type: string 
INFO: [Synth 8-6157] synthesizing module 'xpm_memory_base' [C:/AMDDesignTools/2025.2/Vivado/data/ip/xpm/xpm_memory/hdl/xpm_memory.sv:54]
INFO: [Synth 8-6155] done synthesizing module 'xpm_memory_base' (0#1) [C:/AMDDesignTools/2025.2/Vivado/data/ip/xpm/xpm_memory/hdl/xpm_memory.sv:54]
INFO: [Synth 8-6155] done synthesizing module 'xpm_memory_sdpram' (0#1) [C:/AMDDesignTools/2025.2/Vivado/data/ip/xpm/xpm_memory/hdl/xpm_memory.sv:8996]
INFO: [Synth 8-6155] done synthesizing module 'r1h_probe_index_bram_store' (0#1) [<SOURCE_ROOT>/rtl/v41/r1h_probe_index_bram_store.sv:9]
INFO: [Synth 8-6155] done synthesizing module 'nvp_i2c_tri_phase_probe' (0#1) [<SOURCE_ROOT>/rtl/v41/nvp_i2c_tri_phase_probe.sv:16]
INFO: [Synth 8-6157] synthesizing module 'v41_r1f_failed_txn_logger' [<SOURCE_ROOT>/rtl/v41/r1f_failed_txn_logger.sv:7]
INFO: [Synth 8-6157] synthesizing module 'xpm_memory_sdpram__parameterized0' [C:/AMDDesignTools/2025.2/Vivado/data/ip/xpm/xpm_memory/hdl/xpm_memory.sv:8996]
	Parameter MEMORY_SIZE bound to: 2048 - type: integer 
	Parameter MEMORY_PRIMITIVE bound to: block - type: string 
	Parameter CLOCKING_MODE bound to: common_clock - type: string 
	Parameter ECC_MODE bound to: no_ecc - type: string 
	Parameter MEMORY_INIT_FILE bound to: none - type: string 
	Parameter MEMORY_INIT_PARAM bound to: 0 - type: string 
	Parameter USE_MEM_INIT bound to: 0 - type: integer 
	Parameter WAKEUP_TIME bound to: disable_sleep - type: string 
	Parameter AUTO_SLEEP_TIME bound to: 0 - type: integer 
	Parameter MESSAGE_CONTROL bound to: 0 - type: integer 
	Parameter USE_EMBEDDED_CONSTRAINT bound to: 0 - type: integer 
	Parameter MEMORY_OPTIMIZATION bound to: true - type: string 
	Parameter SIM_ASSERT_CHK bound to: 1 - type: integer 
	Parameter WRITE_DATA_WIDTH_A bound to: 32 - type: integer 
	Parameter BYTE_WRITE_WIDTH_A bound to: 32 - type: integer 
	Parameter ADDR_WIDTH_A bound to: 6 - type: integer 
	Parameter READ_DATA_WIDTH_B bound to: 32 - type: integer 
	Parameter ADDR_WIDTH_B bound to: 6 - type: integer 
	Parameter READ_RESET_VALUE_B bound to: 0 - type: string 
	Parameter READ_LATENCY_B bound to: 1 - type: integer 
	Parameter WRITE_MODE_B bound to: read_first - type: string 
	Parameter RST_MODE_B bound to: SYNC - type: string 
INFO: [Synth 8-6157] synthesizing module 'xpm_memory_base__parameterized0' [C:/AMDDesignTools/2025.2/Vivado/data/ip/xpm/xpm_memory/hdl/xpm_memory.sv:54]
INFO: [Synth 8-6155] done synthesizing module 'xpm_memory_base__parameterized0' (0#1) [C:/AMDDesignTools/2025.2/Vivado/data/ip/xpm/xpm_memory/hdl/xpm_memory.sv:54]
INFO: [Synth 8-6155] done synthesizing module 'xpm_memory_sdpram__parameterized0' (0#1) [C:/AMDDesignTools/2025.2/Vivado/data/ip/xpm/xpm_memory/hdl/xpm_memory.sv:8996]
INFO: [Synth 8-6155] done synthesizing module 'v41_r1f_failed_txn_logger' (0#1) [<SOURCE_ROOT>/rtl/v41/r1f_failed_txn_logger.sv:7]
INFO: [Synth 8-6157] synthesizing module 'g0p8c3r1_physical_frontend' [<SOURCE_ROOT>/rtl/video/physical_frontend.sv:11]
INFO: [Synth 8-6157] synthesizing module 'IBUF__parameterized0' [C:/AMDDesignTools/2025.2/Vivado/scripts/rt/data/unisim_comp.v:82804]
	Parameter IBUF_LOW_PWR bound to: FALSE - type: string 
INFO: [Synth 8-6155] done synthesizing module 'IBUF__parameterized0' (0#1) [C:/AMDDesignTools/2025.2/Vivado/scripts/rt/data/unisim_comp.v:82804]
INFO: [Synth 8-6157] synthesizing module 'IDELAYE2' [C:/AMDDesignTools/2025.2/Vivado/scripts/rt/data/unisim_comp.v:85109]
	Parameter CINVCTRL_SEL bound to: FALSE - type: string 
	Parameter DELAY_SRC bound to: IDATAIN - type: string 
	Parameter HIGH_PERFORMANCE_MODE bound to: TRUE - type: string 
	Parameter IDELAY_TYPE bound to: FIXED - type: string 
	Parameter IDELAY_VALUE bound to: 0 - type: integer 
	Parameter PIPE_SEL bound to: FALSE - type: string 
	Parameter REFCLK_FREQUENCY bound to: 1.980000e+02 - type: double 
	Parameter SIGNAL_PATTERN bound to: DATA - type: string 
INFO: [Synth 8-6155] done synthesizing module 'IDELAYE2' (0#1) [C:/AMDDesignTools/2025.2/Vivado/scripts/rt/data/unisim_comp.v:85109]
INFO: [Synth 8-6157] synthesizing module 'IDDR' [C:/AMDDesignTools/2025.2/Vivado/scripts/rt/data/unisim_comp.v:84974]
	Parameter DDR_CLK_EDGE bound to: SAME_EDGE_PIPELINED - type: string 
	Parameter INIT_Q1 bound to: 1'b0 
	Parameter INIT_Q2 bound to: 1'b0 
	Parameter SRTYPE bound to: SYNC - type: string 
INFO: [Synth 8-6155] done synthesizing module 'IDDR' (0#1) [C:/AMDDesignTools/2025.2/Vivado/scripts/rt/data/unisim_comp.v:84974]
INFO: [Synth 8-6157] synthesizing module 'BUFIO' [C:/AMDDesignTools/2025.2/Vivado/scripts/rt/data/unisim_comp.v:2951]
INFO: [Synth 8-6155] done synthesizing module 'BUFIO' (0#1) [C:/AMDDesignTools/2025.2/Vivado/scripts/rt/data/unisim_comp.v:2951]
INFO: [Synth 8-6157] synthesizing module 'BUFG' [C:/AMDDesignTools/2025.2/Vivado/scripts/rt/data/unisim_comp.v:2678]
INFO: [Synth 8-6155] done synthesizing module 'BUFG' (0#1) [C:/AMDDesignTools/2025.2/Vivado/scripts/rt/data/unisim_comp.v:2678]
INFO: [Synth 8-6157] synthesizing module 'MMCME2_BASE' [C:/AMDDesignTools/2025.2/Vivado/scripts/rt/data/unisim_comp.v:95964]
	Parameter BANDWIDTH bound to: OPTIMIZED - type: string 
	Parameter CLKFBOUT_MULT_F bound to: 8.000000e+00 - type: double 
	Parameter CLKFBOUT_PHASE bound to: 0.000000e+00 - type: double 
	Parameter CLKIN1_PERIOD bound to: 6.734000e+00 - type: double 
	Parameter CLKOUT0_DIVIDE_F bound to: 6.000000e+00 - type: double 
	Parameter CLKOUT0_DUTY_CYCLE bound to: 5.000000e-01 - type: double 
	Parameter CLKOUT0_PHASE bound to: 0.000000e+00 - type: double 
	Parameter DIVCLK_DIVIDE bound to: 1 - type: integer 
	Parameter REF_JITTER1 bound to: 1.000000e-02 - type: double 
	Parameter STARTUP_WAIT bound to: FALSE - type: string 
INFO: [Synth 8-6155] done synthesizing module 'MMCME2_BASE' (0#1) [C:/AMDDesignTools/2025.2/Vivado/scripts/rt/data/unisim_comp.v:95964]
INFO: [Synth 8-6157] synthesizing module 'IDELAYCTRL' [C:/AMDDesignTools/2025.2/Vivado/scripts/rt/data/unisim_comp.v:85096]
INFO: [Synth 8-6155] done synthesizing module 'IDELAYCTRL' (0#1) [C:/AMDDesignTools/2025.2/Vivado/scripts/rt/data/unisim_comp.v:85096]
INFO: [Synth 8-6155] done synthesizing module 'g0p8c3r1_physical_frontend' (0#1) [<SOURCE_ROOT>/rtl/video/physical_frontend.sv:11]
INFO: [Synth 8-6157] synthesizing module 'v41_r1f_measurement_regs' [<SOURCE_ROOT>/rtl/v41/r1f_measurement_regs.sv:7]
	Parameter SAFE_PROBE_BANK bound to: 8'b00000000 
	Parameter SAFE_PROBE_REGISTER bound to: 8'b10000101 
	Parameter SAFE_PROBE_DATA bound to: 8'b00000000 
	Parameter SAFE_PROBE_TARGET_PROVEN bound to: 1'b1 
INFO: [Synth 8-6155] done synthesizing module 'v41_r1f_measurement_regs' (0#1) [<SOURCE_ROOT>/rtl/v41/r1f_measurement_regs.sv:7]
INFO: [Synth 8-6157] synthesizing module 'v41_r1i_poc_scalar_mux' [<SOURCE_ROOT>/rtl/v41/control_status_regs.sv:234]
INFO: [Synth 8-6155] done synthesizing module 'v41_r1i_poc_scalar_mux' (0#1) [<SOURCE_ROOT>/rtl/v41/control_status_regs.sv:234]
INFO: [Synth 8-6157] synthesizing module 'v41_r1h_mmio_read_service' [<SOURCE_ROOT>/rtl/v41/r1h_mmio_read_service.sv:9]
INFO: [Synth 8-6155] done synthesizing module 'v41_r1h_mmio_read_service' (0#1) [<SOURCE_ROOT>/rtl/v41/r1h_mmio_read_service.sv:9]
INFO: [Synth 8-6157] synthesizing module 'v41_r1e_measurement_regs' [<SOURCE_ROOT>/rtl/v41/r1e_measurement_regs.sv:4]
INFO: [Synth 8-6157] synthesizing module 'v41_axi_clock_measurement_regs' [<SOURCE_ROOT>/rtl/v41/axi_clock_measurement_regs.sv:2]
INFO: [Synth 8-6155] done synthesizing module 'v41_axi_clock_measurement_regs' (0#1) [<SOURCE_ROOT>/rtl/v41/axi_clock_measurement_regs.sv:2]
INFO: [Synth 8-6155] done synthesizing module 'v41_r1e_measurement_regs' (0#1) [<SOURCE_ROOT>/rtl/v41/r1e_measurement_regs.sv:4]
INFO: [Synth 8-6157] synthesizing module 'v41_axi_lite_host_bridge' [<SOURCE_ROOT>/rtl/v41/axi_lite_host_bridge.sv:7]
INFO: [Synth 8-6155] done synthesizing module 'v41_axi_lite_host_bridge' (0#1) [<SOURCE_ROOT>/rtl/v41/axi_lite_host_bridge.sv:7]
INFO: [Synth 8-6157] synthesizing module 'v41_control_status_regs' [<SOURCE_ROOT>/rtl/v41/control_status_regs.sv:6]
	Parameter BLOCK_ID bound to: -1542845433 - type: integer 
	Parameter GIT_SHA_W0 bound to: 32'b00100010010011010001100101001110 
	Parameter GIT_SHA_W1 bound to: 32'b01011111100000101100100001011011 
	Parameter GIT_SHA_W2 bound to: 32'b11001011001010010010100101110101 
	Parameter GIT_SHA_W3 bound to: 32'b01100001110001011101010111100111 
	Parameter GIT_SHA_W4 bound to: 32'b01101101001010000000011000111011 
	Parameter BUILD_FLAGS bound to: 32'b00000000000000000000000000000010 
INFO: [Synth 8-6155] done synthesizing module 'v41_control_status_regs' (0#1) [<SOURCE_ROOT>/rtl/v41/control_status_regs.sv:6]
INFO: [Synth 8-6157] synthesizing module 'g0p8c2_capture_subsystem' [<SOURCE_ROOT>/rtl/video/video_capture.sv:3]
	Parameter SLOT_COUNT bound to: 2 - type: integer 
	Parameter BLOCK_OR_FW_ID bound to: -1542845433 - type: integer 
INFO: [Synth 8-6157] synthesizing module 'xpm_cdc_async_rst' [C:/AMDDesignTools/2025.2/Vivado/data/ip/xpm/xpm_cdc/hdl/xpm_cdc.sv:1175]
	Parameter DEST_SYNC_FF bound to: 4 - type: integer 
	Parameter INIT_SYNC_FF bound to: 1 - type: integer 
	Parameter RST_ACTIVE_HIGH bound to: 1 - type: integer 
INFO: [Synth 8-6155] done synthesizing module 'xpm_cdc_async_rst' (0#1) [C:/AMDDesignTools/2025.2/Vivado/data/ip/xpm/xpm_cdc/hdl/xpm_cdc.sv:1175]
INFO: [Synth 8-6157] synthesizing module 'g0p8c2_capture_mailbox' [<SOURCE_ROOT>/rtl/record/capture_mailbox.sv:5]
INFO: [Synth 8-6155] done synthesizing module 'g0p8c2_capture_mailbox' (0#1) [<SOURCE_ROOT>/rtl/record/capture_mailbox.sv:5]
INFO: [Synth 8-6157] synthesizing module 'g0p8c2_bt656_slot_producer' [<SOURCE_ROOT>/rtl/record/bt656_record_producer.sv:3]
	Parameter BLOCK_OR_FW_ID bound to: -1542845433 - type: integer 
INFO: [Synth 8-6155] done synthesizing module 'g0p8c2_bt656_slot_producer' (0#1) [<SOURCE_ROOT>/rtl/record/bt656_record_producer.sv:3]
INFO: [Synth 8-6157] synthesizing module 'g0p8c5a_pio_slot_adapter' [<SOURCE_ROOT>/rtl/pio/pio_slot_adapter.sv:6]
INFO: [Synth 8-6155] done synthesizing module 'g0p8c5a_pio_slot_adapter' (0#1) [<SOURCE_ROOT>/rtl/pio/pio_slot_adapter.sv:6]
INFO: [Synth 8-6157] synthesizing module 'g0p8c2_bar_target' [<SOURCE_ROOT>/rtl/pio/pio_bar_target.sv:3]
	Parameter SLOT_COUNT bound to: 2 - type: integer 
	Parameter BLOCK_OR_FW_ID bound to: -1542845433 - type: integer 
INFO: [Synth 8-6157] synthesizing module 'xpm_memory_sdpram__parameterized1' [C:/AMDDesignTools/2025.2/Vivado/data/ip/xpm/xpm_memory/hdl/xpm_memory.sv:8996]
	Parameter MEMORY_SIZE bound to: 32768 - type: integer 
	Parameter MEMORY_PRIMITIVE bound to: block - type: string 
	Parameter CLOCKING_MODE bound to: independent_clock - type: string 
	Parameter ECC_MODE bound to: no_ecc - type: string 
	Parameter MEMORY_INIT_FILE bound to: none - type: string 
	Parameter MEMORY_INIT_PARAM bound to: 0 - type: string 
	Parameter USE_MEM_INIT bound to: 0 - type: integer 
	Parameter WAKEUP_TIME bound to: disable_sleep - type: string 
	Parameter AUTO_SLEEP_TIME bound to: 0 - type: integer 
	Parameter MESSAGE_CONTROL bound to: 0 - type: integer 
	Parameter USE_EMBEDDED_CONSTRAINT bound to: 0 - type: integer 
	Parameter MEMORY_OPTIMIZATION bound to: true - type: string 
	Parameter SIM_ASSERT_CHK bound to: 1 - type: integer 
	Parameter WRITE_DATA_WIDTH_A bound to: 64 - type: integer 
	Parameter BYTE_WRITE_WIDTH_A bound to: 64 - type: integer 
	Parameter ADDR_WIDTH_A bound to: 9 - type: integer 
	Parameter READ_DATA_WIDTH_B bound to: 64 - type: integer 
	Parameter ADDR_WIDTH_B bound to: 9 - type: integer 
	Parameter READ_RESET_VALUE_B bound to: 0 - type: string 
	Parameter READ_LATENCY_B bound to: 1 - type: integer 
	Parameter WRITE_MODE_B bound to: read_first - type: string 
	Parameter RST_MODE_B bound to: SYNC - type: string 
INFO: [Synth 8-6157] synthesizing module 'xpm_memory_base__parameterized1' [C:/AMDDesignTools/2025.2/Vivado/data/ip/xpm/xpm_memory/hdl/xpm_memory.sv:54]
INFO: [Synth 8-6155] done synthesizing module 'xpm_memory_base__parameterized1' (0#1) [C:/AMDDesignTools/2025.2/Vivado/data/ip/xpm/xpm_memory/hdl/xpm_memory.sv:54]
INFO: [Synth 8-6155] done synthesizing module 'xpm_memory_sdpram__parameterized1' (0#1) [C:/AMDDesignTools/2025.2/Vivado/data/ip/xpm/xpm_memory/hdl/xpm_memory.sv:8996]
INFO: [Synth 8-6155] done synthesizing module 'g0p8c2_bar_target' (0#1) [<SOURCE_ROOT>/rtl/pio/pio_bar_target.sv:3]
INFO: [Synth 8-6155] done synthesizing module 'g0p8c2_capture_subsystem' (0#1) [<SOURCE_ROOT>/rtl/video/video_capture.sv:3]
INFO: [Synth 8-6157] synthesizing module 'xdma_v41_m1' [<BUILD_ROOT>/vivado_project/v41_g2a_r1i_gen2_offline.gen/sources_1/ip/xdma_v41_m1/synth/xdma_v41_m1.sv:53]
INFO: [Synth 8-6157] synthesizing module 'xdma_v41_m1_core_top' [<BUILD_ROOT>/vivado_project/v41_g2a_r1i_gen2_offline.gen/sources_1/ip/xdma_v41_m1/xdma_v4_2/hdl/verilog/xdma_v41_m1_core_top.sv:60]
INFO: [Synth 8-6157] synthesizing module 'dma_pcie_axis_rq_if' [<BUILD_ROOT>/v41_m1_xdma_resource_spike.gen/sources_1/ip/xdma_v41_m1/d6c9/hdl/verilog/dma_pcie_axis_rq_if.svh:3]
	Parameter DATA_WIDTH bound to: 64 - type: integer 
	Parameter USER_WIDTH bound to: 60 - type: integer 
INFO: [Synth 8-6155] done synthesizing module 'dma_pcie_axis_rq_if' (0#1) [<BUILD_ROOT>/v41_m1_xdma_resource_spike.gen/sources_1/ip/xdma_v41_m1/d6c9/hdl/verilog/dma_pcie_axis_rq_if.svh:3]
INFO: [Synth 8-6157] synthesizing module 'dma_pcie_axis_cc_if' [<BUILD_ROOT>/v41_m1_xdma_resource_spike.gen/sources_1/ip/xdma_v41_m1/d6c9/hdl/verilog/dma_pcie_axis_cc_if.svh:3]
	Parameter DATA_WIDTH bound to: 64 - type: integer 
	Parameter USER_WIDTH bound to: 33 - type: integer 
INFO: [Synth 8-6155] done synthesizing module 'dma_pcie_axis_cc_if' (0#1) [<BUILD_ROOT>/v41_m1_xdma_resource_spike.gen/sources_1/ip/xdma_v41_m1/d6c9/hdl/verilog/dma_pcie_axis_cc_if.svh:3]
INFO: [Synth 8-6157] synthesizing module 'dma_pcie_axis_rc_if' [<BUILD_ROOT>/v41_m1_xdma_resource_spike.gen/sources_1/ip/xdma_v41_m1/d6c9/hdl/verilog/dma_pcie_axis_rc_if.svh:3]
	Parameter DATA_WIDTH bound to: 64 - type: integer 
	Parameter USER_WIDTH bound to: 75 - type: integer 
INFO: [Synth 8-6155] done synthesizing module 'dma_pcie_axis_rc_if' (0#1) [<BUILD_ROOT>/v41_m1_xdma_resource_spike.gen/sources_1/ip/xdma_v41_m1/d6c9/hdl/verilog/dma_pcie_axis_rc_if.svh:3]
INFO: [Synth 8-6157] synthesizing module 'dma_pcie_axis_cq_if' [<BUILD_ROOT>/v41_m1_xdma_resource_spike.gen/sources_1/ip/xdma_v41_m1/d6c9/hdl/verilog/dma_pcie_axis_cq_if.svh:3]
	Parameter DATA_WIDTH bound to: 64 - type: integer 
	Parameter USER_WIDTH bound to: 85 - type: integer 
INFO: [Synth 8-6155] done synthesizing module 'dma_pcie_axis_cq_if' (0#1) [<BUILD_ROOT>/v41_m1_xdma_resource_spike.gen/sources_1/ip/xdma_v41_m1/d6c9/hdl/verilog/dma_pcie_axis_cq_if.svh:3]
INFO: [Synth 8-6157] synthesizing module 'dma_pcie_misc_output_if' [<BUILD_ROOT>/v41_m1_xdma_resource_spike.gen/sources_1/ip/xdma_v41_m1/d6c9/hdl/verilog/dma_pcie_misc_output_if.svh:4]
INFO: [Synth 8-6155] done synthesizing module 'dma_pcie_misc_output_if' (0#1) [<BUILD_ROOT>/v41_m1_xdma_resource_spike.gen/sources_1/ip/xdma_v41_m1/d6c9/hdl/verilog/dma_pcie_misc_output_if.svh:4]
INFO: [Synth 8-6157] synthesizing module 'dma_pcie_misc_input_if' [<BUILD_ROOT>/v41_m1_xdma_resource_spike.gen/sources_1/ip/xdma_v41_m1/d6c9/hdl/verilog/dma_pcie_misc_input_if.svh:4]
INFO: [Synth 8-6155] done synthesizing module 'dma_pcie_misc_input_if' (0#1) [<BUILD_ROOT>/v41_m1_xdma_resource_spike.gen/sources_1/ip/xdma_v41_m1/d6c9/hdl/verilog/dma_pcie_misc_input_if.svh:4]
INFO: [Synth 8-6157] synthesizing module 'dma_pcie_gic_if' [<BUILD_ROOT>/v41_m1_xdma_resource_spike.gen/sources_1/ip/xdma_v41_m1/d6c9/hdl/verilog/dma_pcie_gic_if.svh:3]
INFO: [Synth 8-6155] done synthesizing module 'dma_pcie_gic_if' (0#1) [<BUILD_ROOT>/v41_m1_xdma_resource_spike.gen/sources_1/ip/xdma_v41_m1/d6c9/hdl/verilog/dma_pcie_gic_if.svh:3]
INFO: [Synth 8-6157] synthesizing module 'dma_pcie_fabric_output_if' [<BUILD_ROOT>/v41_m1_xdma_resource_spike.gen/sources_1/ip/xdma_v41_m1/d6c9/hdl/verilog/dma_pcie_fabric_output_if.svh:3]
INFO: [Synth 8-6155] done synthesizing module 'dma_pcie_fabric_output_if' (0#1) [<BUILD_ROOT>/v41_m1_xdma_resource_spike.gen/sources_1/ip/xdma_v41_m1/d6c9/hdl/verilog/dma_pcie_fabric_output_if.svh:3]
INFO: [Synth 8-6157] synthesizing module 'dma_pcie_fabric_input_if' [<BUILD_ROOT>/v41_m1_xdma_resource_spike.gen/sources_1/ip/xdma_v41_m1/d6c9/hdl/verilog/dma_pcie_fabric_input_if.svh:3]
INFO: [Synth 8-6155] done synthesizing module 'dma_pcie_fabric_input_if' (0#1) [<BUILD_ROOT>/v41_m1_xdma_resource_spike.gen/sources_1/ip/xdma_v41_m1/d6c9/hdl/verilog/dma_pcie_fabric_input_if.svh:3]
INFO: [Synth 8-6157] synthesizing module 'dma_pcie_mi_4Bx2048_4Bwe_ram_if' [<BUILD_ROOT>/v41_m1_xdma_resource_spike.gen/sources_1/ip/xdma_v41_m1/d6c9/hdl/verilog/dma_pcie_mi_4Bx2048_4Bwe_ram_if.svh:4]
INFO: [Synth 8-6155] done synthesizing module 'dma_pcie_mi_4Bx2048_4Bwe_ram_if' (0#1) [<BUILD_ROOT>/v41_m1_xdma_resource_spike.gen/sources_1/ip/xdma_v41_m1/d6c9/hdl/verilog/dma_pcie_mi_4Bx2048_4Bwe_ram_if.svh:4]
INFO: [Synth 8-6157] synthesizing module 'dma_pcie_mi_16Bx2048_4Bwe_ram_if' [<BUILD_ROOT>/v41_m1_xdma_resource_spike.gen/sources_1/ip/xdma_v41_m1/d6c9/hdl/verilog/dma_pcie_mi_16Bx2048_4Bwe_ram_if.svh:5]
INFO: [Synth 8-6155] done synthesizing module 'dma_pcie_mi_16Bx2048_4Bwe_ram_if' (0#1) [<BUILD_ROOT>/v41_m1_xdma_resource_spike.gen/sources_1/ip/xdma_v41_m1/d6c9/hdl/verilog/dma_pcie_mi_16Bx2048_4Bwe_ram_if.svh:5]
INFO: [Synth 8-6157] synthesizing module 'dma_pcie_mi_2Bx2048_ram_if' [<BUILD_ROOT>/v41_m1_xdma_resource_spike.gen/sources_1/ip/xdma_v41_m1/d6c9/hdl/verilog/dma_pcie_mi_2Bx2048_ram_if.svh:3]
INFO: [Synth 8-6155] done synthesizing module 'dma_pcie_mi_2Bx2048_ram_if' (0#1) [<BUILD_ROOT>/v41_m1_xdma_resource_spike.gen/sources_1/ip/xdma_v41_m1/d6c9/hdl/verilog/dma_pcie_mi_2Bx2048_ram_if.svh:3]
INFO: [Synth 8-6157] synthesizing module 'dma_pcie_mi_8Bx2048_4Bwe_ram_if' [<BUILD_ROOT>/v41_m1_xdma_resource_spike.gen/sources_1/ip/xdma_v41_m1/d6c9/hdl/verilog/dma_pcie_mi_8Bx2048_4Bwe_ram_if.svh:4]
INFO: [Synth 8-6155] done synthesizing module 'dma_pcie_mi_8Bx2048_4Bwe_ram_if' (0#1) [<BUILD_ROOT>/v41_m1_xdma_resource_spike.gen/sources_1/ip/xdma_v41_m1/d6c9/hdl/verilog/dma_pcie_mi_8Bx2048_4Bwe_ram_if.svh:4]
INFO: [Synth 8-6157] synthesizing module 'dma_pcie_mi_dsc_cpli_if' [<BUILD_ROOT>/v41_m1_xdma_resource_spike.gen/sources_1/ip/xdma_v41_m1/d6c9/hdl/verilog/dma_pcie_mi_dsc_cpli_if.svh:4]
INFO: [Synth 8-6155] done synthesizing module 'dma_pcie_mi_dsc_cpli_if' (0#1) [<BUILD_ROOT>/v41_m1_xdma_resource_spike.gen/sources_1/ip/xdma_v41_m1/d6c9/hdl/verilog/dma_pcie_mi_dsc_cpli_if.svh:4]
INFO: [Synth 8-6157] synthesizing module 'dma_pcie_mi_dsc_cpld_if' [<BUILD_ROOT>/v41_m1_xdma_resource_spike.gen/sources_1/ip/xdma_v41_m1/d6c9/hdl/verilog/dma_pcie_mi_dsc_cpld_if.svh:3]
INFO: [Synth 8-6155] done synthesizing module 'dma_pcie_mi_dsc_cpld_if' (0#1) [<BUILD_ROOT>/v41_m1_xdma_resource_spike.gen/sources_1/ip/xdma_v41_m1/d6c9/hdl/verilog/dma_pcie_mi_dsc_cpld_if.svh:3]
INFO: [Synth 8-6157] synthesizing module 'dma_pcie_mi_dsc_cpli_if' [<BUILD_ROOT>/v41_m1_xdma_resource_spike.gen/sources_1/ip/xdma_v41_m1/d6c9/hdl/verilog/dma_pcie_mi_dsc_cpli_if.svh:4]
INFO: [Synth 8-6155] done synthesizing module 'dma_pcie_mi_dsc_cpli_if' (0#1) [<BUILD_ROOT>/v41_m1_xdma_resource_spike.gen/sources_1/ip/xdma_v41_m1/d6c9/hdl/verilog/dma_pcie_mi_dsc_cpli_if.svh:4]
INFO: [Synth 8-6157] synthesizing module 'dma_pcie_mi_dsc_cpld_if' [<BUILD_ROOT>/v41_m1_xdma_resource_spike.gen/sources_1/ip/xdma_v41_m1/d6c9/hdl/verilog/dma_pcie_mi_dsc_cpld_if.svh:3]
INFO: [Synth 8-6155] done synthesizing module 'dma_pcie_mi_dsc_cpld_if' (0#1) [<BUILD_ROOT>/v41_m1_xdma_resource_spike.gen/sources_1/ip/xdma_v41_m1/d6c9/hdl/verilog/dma_pcie_mi_dsc_cpld_if.svh:3]
INFO: [Synth 8-6157] synthesizing module 'dma_pcie_mi_dsc_cpli_if' [<BUILD_ROOT>/v41_m1_xdma_resource_spike.gen/sources_1/ip/xdma_v41_m1/d6c9/hdl/verilog/dma_pcie_mi_dsc_cpli_if.svh:4]
INFO: [Synth 8-6155] done synthesizing module 'dma_pcie_mi_dsc_cpli_if' (0#1) [<BUILD_ROOT>/v41_m1_xdma_resource_spike.gen/sources_1/ip/xdma_v41_m1/d6c9/hdl/verilog/dma_pcie_mi_dsc_cpli_if.svh:4]
INFO: [Synth 8-6157] synthesizing module 'dma_pcie_mi_dsc_cpld_if' [<BUILD_ROOT>/v41_m1_xdma_resource_spike.gen/sources_1/ip/xdma_v41_m1/d6c9/hdl/verilog/dma_pcie_mi_dsc_cpld_if.svh:3]
INFO: [Synth 8-6155] done synthesizing module 'dma_pcie_mi_dsc_cpld_if' (0#1) [<BUILD_ROOT>/v41_m1_xdma_resource_spike.gen/sources_1/ip/xdma_v41_m1/d6c9/hdl/verilog/dma_pcie_mi_dsc_cpld_if.svh:3]
INFO: [Synth 8-6157] synthesizing module 'dma_pcie_mi_dsc_cpli_if' [<BUILD_ROOT>/v41_m1_xdma_resource_spike.gen/sources_1/ip/xdma_v41_m1/d6c9/hdl/verilog/dma_pcie_mi_dsc_cpli_if.svh:4]
INFO: [Synth 8-6155] done synthesizing module 'dma_pcie_mi_dsc_cpli_if' (0#1) [<BUILD_ROOT>/v41_m1_xdma_resource_spike.gen/sources_1/ip/xdma_v41_m1/d6c9/hdl/verilog/dma_pcie_mi_dsc_cpli_if.svh:4]
INFO: [Synth 8-6157] synthesizing module 'dma_pcie_mi_dsc_cpld_if' [<BUILD_ROOT>/v41_m1_xdma_resource_spike.gen/sources_1/ip/xdma_v41_m1/d6c9/hdl/verilog/dma_pcie_mi_dsc_cpld_if.svh:3]
INFO: [Synth 8-6155] done synthesizing module 'dma_pcie_mi_dsc_cpld_if' (0#1) [<BUILD_ROOT>/v41_m1_xdma_resource_spike.gen/sources_1/ip/xdma_v41_m1/d6c9/hdl/verilog/dma_pcie_mi_dsc_cpld_if.svh:3]
INFO: [Synth 8-6157] synthesizing module 'dma_pcie_dsc_in_if' [<BUILD_ROOT>/v41_m1_xdma_resource_spike.gen/sources_1/ip/xdma_v41_m1/d6c9/hdl/verilog/dma_pcie_dsc_in_if.svh:5]
INFO: [Synth 8-6155] done synthesizing module 'dma_pcie_dsc_in_if' (0#1) [<BUILD_ROOT>/v41_m1_xdma_resource_spike.gen/sources_1/ip/xdma_v41_m1/d6c9/hdl/verilog/dma_pcie_dsc_in_if.svh:5]
INFO: [Synth 8-6157] synthesizing module 'dma_pcie_dsc_out_if' [<BUILD_ROOT>/v41_m1_xdma_resource_spike.gen/sources_1/ip/xdma_v41_m1/d6c9/hdl/verilog/dma_pcie_dsc_out_if.svh:5]
INFO: [Synth 8-6155] done synthesizing module 'dma_pcie_dsc_out_if' (0#1) [<BUILD_ROOT>/v41_m1_xdma_resource_spike.gen/sources_1/ip/xdma_v41_m1/d6c9/hdl/verilog/dma_pcie_dsc_out_if.svh:5]
INFO: [Synth 8-6157] synthesizing module 'dma_pcie_mi_64Bx256_32Bwe_ram_if' [<BUILD_ROOT>/v41_m1_xdma_resource_spike.gen/sources_1/ip/xdma_v41_m1/d6c9/hdl/verilog/dma_pcie_mi_64Bx256_32Bwe_ram_if.svh:3]
INFO: [Synth 8-6155] done synthesizing module 'dma_pcie_mi_64Bx256_32Bwe_ram_if' (0#1) [<BUILD_ROOT>/v41_m1_xdma_resource_spike.gen/sources_1/ip/xdma_v41_m1/d6c9/hdl/verilog/dma_pcie_mi_64Bx256_32Bwe_ram_if.svh:3]
INFO: [Synth 8-6157] synthesizing module 'dma_pcie_mi_64Bx256_32Bwe_ram_if' [<BUILD_ROOT>/v41_m1_xdma_resource_spike.gen/sources_1/ip/xdma_v41_m1/d6c9/hdl/verilog/dma_pcie_mi_64Bx256_32Bwe_ram_if.svh:3]
INFO: [Synth 8-6155] done synthesizing module 'dma_pcie_mi_64Bx256_32Bwe_ram_if' (0#1) [<BUILD_ROOT>/v41_m1_xdma_resource_spike.gen/sources_1/ip/xdma_v41_m1/d6c9/hdl/verilog/dma_pcie_mi_64Bx256_32Bwe_ram_if.svh:3]
INFO: [Synth 8-6157] synthesizing module 'dma_pcie_mi_64Bx256_32Bwe_ram_if' [<BUILD_ROOT>/v41_m1_xdma_resource_spike.gen/sources_1/ip/xdma_v41_m1/d6c9/hdl/verilog/dma_pcie_mi_64Bx256_32Bwe_ram_if.svh:3]
INFO: [Synth 8-6155] done synthesizing module 'dma_pcie_mi_64Bx256_32Bwe_ram_if' (0#1) [<BUILD_ROOT>/v41_m1_xdma_resource_spike.gen/sources_1/ip/xdma_v41_m1/d6c9/hdl/verilog/dma_pcie_mi_64Bx256_32Bwe_ram_if.svh:3]
INFO: [Synth 8-6157] synthesizing module 'dma_pcie_mi_64Bx256_32Bwe_ram_if' [<BUILD_ROOT>/v41_m1_xdma_resource_spike.gen/sources_1/ip/xdma_v41_m1/d6c9/hdl/verilog/dma_pcie_mi_64Bx256_32Bwe_ram_if.svh:3]
INFO: [Synth 8-6155] done synthesizing module 'dma_pcie_mi_64Bx256_32Bwe_ram_if' (0#1) [<BUILD_ROOT>/v41_m1_xdma_resource_spike.gen/sources_1/ip/xdma_v41_m1/d6c9/hdl/verilog/dma_pcie_mi_64Bx256_32Bwe_ram_if.svh:3]
INFO: [Synth 8-6157] synthesizing module 'dma_pcie_mi_64Bx256_32Bwe_ram_if' [<BUILD_ROOT>/v41_m1_xdma_resource_spike.gen/sources_1/ip/xdma_v41_m1/d6c9/hdl/verilog/dma_pcie_mi_64Bx256_32Bwe_ram_if.svh:3]
INFO: [Synth 8-6155] done synthesizing module 'dma_pcie_mi_64Bx256_32Bwe_ram_if' (0#1) [<BUILD_ROOT>/v41_m1_xdma_resource_spike.gen/sources_1/ip/xdma_v41_m1/d6c9/hdl/verilog/dma_pcie_mi_64Bx256_32Bwe_ram_if.svh:3]
INFO: [Synth 8-6157] synthesizing module 'dma_pcie_mi_64Bx256_32Bwe_ram_if' [<BUILD_ROOT>/v41_m1_xdma_resource_spike.gen/sources_1/ip/xdma_v41_m1/d6c9/hdl/verilog/dma_pcie_mi_64Bx256_32Bwe_ram_if.svh:3]
INFO: [Synth 8-6155] done synthesizing module 'dma_pcie_mi_64Bx256_32Bwe_ram_if' (0#1) [<BUILD_ROOT>/v41_m1_xdma_resource_spike.gen/sources_1/ip/xdma_v41_m1/d6c9/hdl/verilog/dma_pcie_mi_64Bx256_32Bwe_ram_if.svh:3]
INFO: [Synth 8-6157] synthesizing module 'dma_pcie_mi_64Bx256_32Bwe_ram_if' [<BUILD_ROOT>/v41_m1_xdma_resource_spike.gen/sources_1/ip/xdma_v41_m1/d6c9/hdl/verilog/dma_pcie_mi_64Bx256_32Bwe_ram_if.svh:3]
INFO: [Synth 8-6155] done synthesizing module 'dma_pcie_mi_64Bx256_32Bwe_ram_if' (0#1) [<BUILD_ROOT>/v41_m1_xdma_resource_spike.gen/sources_1/ip/xdma_v41_m1/d6c9/hdl/verilog/dma_pcie_mi_64Bx256_32Bwe_ram_if.svh:3]
INFO: [Synth 8-6157] synthesizing module 'dma_pcie_mi_64Bx256_32Bwe_ram_if' [<BUILD_ROOT>/v41_m1_xdma_resource_spike.gen/sources_1/ip/xdma_v41_m1/d6c9/hdl/verilog/dma_pcie_mi_64Bx256_32Bwe_ram_if.svh:3]
INFO: [Synth 8-6155] done synthesizing module 'dma_pcie_mi_64Bx256_32Bwe_ram_if' (0#1) [<BUILD_ROOT>/v41_m1_xdma_resource_spike.gen/sources_1/ip/xdma_v41_m1/d6c9/hdl/verilog/dma_pcie_mi_64Bx256_32Bwe_ram_if.svh:3]
INFO: [Synth 8-6157] synthesizing module 'dma_pcie_mi_64Bx512_32Bwe_ram_if' [<BUILD_ROOT>/v41_m1_xdma_resource_spike.gen/sources_1/ip/xdma_v41_m1/d6c9/hdl/verilog/dma_pcie_mi_64Bx512_32Bwe_ram_if.svh:3]
INFO: [Synth 8-6155] done synthesizing module 'dma_pcie_mi_64Bx512_32Bwe_ram_if' (0#1) [<BUILD_ROOT>/v41_m1_xdma_resource_spike.gen/sources_1/ip/xdma_v41_m1/d6c9/hdl/verilog/dma_pcie_mi_64Bx512_32Bwe_ram_if.svh:3]
INFO: [Synth 8-6157] synthesizing module 'dma_pcie_mi_64Bx2048_32Bwe_ram_if' [<BUILD_ROOT>/v41_m1_xdma_resource_spike.gen/sources_1/ip/xdma_v41_m1/d6c9/hdl/verilog/dma_pcie_mi_64Bx2048_32Bwe_ram_if.svh:3]
INFO: [Synth 8-6155] done synthesizing module 'dma_pcie_mi_64Bx2048_32Bwe_ram_if' (0#1) [<BUILD_ROOT>/v41_m1_xdma_resource_spike.gen/sources_1/ip/xdma_v41_m1/d6c9/hdl/verilog/dma_pcie_mi_64Bx2048_32Bwe_ram_if.svh:3]
INFO: [Synth 8-6157] synthesizing module 'dma_pcie_mi_64Bx1024_32Bwe_ram_if' [<BUILD_ROOT>/v41_m1_xdma_resource_spike.gen/sources_1/ip/xdma_v41_m1/d6c9/hdl/verilog/dma_pcie_mi_64Bx1024_32Bwe_ram_if.svh:3]
INFO: [Synth 8-6155] done synthesizing module 'dma_pcie_mi_64Bx1024_32Bwe_ram_if' (0#1) [<BUILD_ROOT>/v41_m1_xdma_resource_spike.gen/sources_1/ip/xdma_v41_m1/d6c9/hdl/verilog/dma_pcie_mi_64Bx1024_32Bwe_ram_if.svh:3]
INFO: [Synth 8-6157] synthesizing module 'dma_pcie_mi_64Bx256_32Bwe_ram_if' [<BUILD_ROOT>/v41_m1_xdma_resource_spike.gen/sources_1/ip/xdma_v41_m1/d6c9/hdl/verilog/dma_pcie_mi_64Bx256_32Bwe_ram_if.svh:3]
INFO: [Synth 8-6155] done synthesizing module 'dma_pcie_mi_64Bx256_32Bwe_ram_if' (0#1) [<BUILD_ROOT>/v41_m1_xdma_resource_spike.gen/sources_1/ip/xdma_v41_m1/d6c9/hdl/verilog/dma_pcie_mi_64Bx256_32Bwe_ram_if.svh:3]
INFO: [Synth 8-6157] synthesizing module 'dma_pcie_mi_dsc_cpld_if' [<BUILD_ROOT>/v41_m1_xdma_resource_spike.gen/sources_1/ip/xdma_v41_m1/d6c9/hdl/verilog/dma_pcie_mi_dsc_cpld_if.svh:3]
INFO: [Synth 8-6155] done synthesizing module 'dma_pcie_mi_dsc_cpld_if' (0#1) [<BUILD_ROOT>/v41_m1_xdma_resource_spike.gen/sources_1/ip/xdma_v41_m1/d6c9/hdl/verilog/dma_pcie_mi_dsc_cpld_if.svh:3]
INFO: [Synth 8-6157] synthesizing module 'dma_pcie_mi_dsc_cpld_if' [<BUILD_ROOT>/v41_m1_xdma_resource_spike.gen/sources_1/ip/xdma_v41_m1/d6c9/hdl/verilog/dma_pcie_mi_dsc_cpld_if.svh:3]
INFO: [Synth 8-6155] done synthesizing module 'dma_pcie_mi_dsc_cpld_if' (0#1) [<BUILD_ROOT>/v41_m1_xdma_resource_spike.gen/sources_1/ip/xdma_v41_m1/d6c9/hdl/verilog/dma_pcie_mi_dsc_cpld_if.svh:3]
INFO: [Synth 8-6157] synthesizing module 'xdma_v4_2_2_GenericFIFO' [<BUILD_ROOT>/v41_m1_xdma_resource_spike.gen/sources_1/ip/xdma_v41_m1/d6c9/hdl/verilog/axidma_fifo.vh:279]
INFO: [Synth 8-6155] done synthesizing module 'xdma_v4_2_2_GenericFIFO' (0#1) [<BUILD_ROOT>/v41_m1_xdma_resource_spike.gen/sources_1/ip/xdma_v41_m1/d6c9/hdl/verilog/axidma_fifo.vh:279]
INFO: [Synth 8-6157] synthesizing module 'xdma_v4_2_2_GenericFIFO__parameterized0' [<BUILD_ROOT>/v41_m1_xdma_resource_spike.gen/sources_1/ip/xdma_v41_m1/d6c9/hdl/verilog/axidma_fifo.vh:279]
INFO: [Synth 8-6155] done synthesizing module 'xdma_v4_2_2_GenericFIFO__parameterized0' (0#1) [<BUILD_ROOT>/v41_m1_xdma_resource_spike.gen/sources_1/ip/xdma_v41_m1/d6c9/hdl/verilog/axidma_fifo.vh:279]
INFO: [Synth 8-6157] synthesizing module 'xdma_v4_2_2_GenericFIFOAsync' [<BUILD_ROOT>/v41_m1_xdma_resource_spike.gen/sources_1/ip/xdma_v41_m1/d6c9/hdl/verilog/axidma_fifo.vh:571]
INFO: [Synth 8-6155] done synthesizing module 'xdma_v4_2_2_GenericFIFOAsync' (0#1) [<BUILD_ROOT>/v41_m1_xdma_resource_spike.gen/sources_1/ip/xdma_v41_m1/d6c9/hdl/verilog/axidma_fifo.vh:571]
INFO: [Synth 8-6157] synthesizing module 'xdma_v4_2_2_GenericFIFOHead' [<BUILD_ROOT>/v41_m1_xdma_resource_spike.gen/sources_1/ip/xdma_v41_m1/d6c9/hdl/verilog/axidma_fifo.vh:739]
INFO: [Synth 8-6155] done synthesizing module 'xdma_v4_2_2_GenericFIFOHead' (0#1) [<BUILD_ROOT>/v41_m1_xdma_resource_spike.gen/sources_1/ip/xdma_v41_m1/d6c9/hdl/verilog/axidma_fifo.vh:739]
INFO: [Synth 8-6157] synthesizing module 'xdma_v4_2_2_GenericFIFO__parameterized1' [<BUILD_ROOT>/v41_m1_xdma_resource_spike.gen/sources_1/ip/xdma_v41_m1/d6c9/hdl/verilog/axidma_fifo.vh:279]
INFO: [Synth 8-6155] done synthesizing module 'xdma_v4_2_2_GenericFIFO__parameterized1' (0#1) [<BUILD_ROOT>/v41_m1_xdma_resource_spike.gen/sources_1/ip/xdma_v41_m1/d6c9/hdl/verilog/axidma_fifo.vh:279]
INFO: [Synth 8-6157] synthesizing module 'xdma_v4_2_2_GenericFIFOHead__parameterized0' [<BUILD_ROOT>/v41_m1_xdma_resource_spike.gen/sources_1/ip/xdma_v41_m1/d6c9/hdl/verilog/axidma_fifo.vh:739]
INFO: [Synth 8-6155] done synthesizing module 'xdma_v4_2_2_GenericFIFOHead__parameterized0' (0#1) [<BUILD_ROOT>/v41_m1_xdma_resource_spike.gen/sources_1/ip/xdma_v41_m1/d6c9/hdl/verilog/axidma_fifo.vh:739]
INFO: [Synth 8-6157] synthesizing module 'xdma_v4_2_2_GenericFIFOHead__parameterized1' [<BUILD_ROOT>/v41_m1_xdma_resource_spike.gen/sources_1/ip/xdma_v41_m1/d6c9/hdl/verilog/axidma_fifo.vh:739]
INFO: [Synth 8-6155] done synthesizing module 'xdma_v4_2_2_GenericFIFOHead__parameterized1' (0#1) [<BUILD_ROOT>/v41_m1_xdma_resource_spike.gen/sources_1/ip/xdma_v41_m1/d6c9/hdl/verilog/axidma_fifo.vh:739]
INFO: [Synth 8-6157] synthesizing module 'xdma_v4_2_2_GenericFIFOHead__parameterized2' [<BUILD_ROOT>/v41_m1_xdma_resource_spike.gen/sources_1/ip/xdma_v41_m1/d6c9/hdl/verilog/axidma_fifo.vh:739]
INFO: [Synth 8-6155] done synthesizing module 'xdma_v4_2_2_GenericFIFOHead__parameterized2' (0#1) [<BUILD_ROOT>/v41_m1_xdma_resource_spike.gen/sources_1/ip/xdma_v41_m1/d6c9/hdl/verilog/axidma_fifo.vh:739]
INFO: [Synth 8-6157] synthesizing module 'xdma_v4_2_2_GenericFIFO__parameterized2' [<BUILD_ROOT>/v41_m1_xdma_resource_spike.gen/sources_1/ip/xdma_v41_m1/d6c9/hdl/verilog/axidma_fifo.vh:279]
INFO: [Synth 8-6155] done synthesizing module 'xdma_v4_2_2_GenericFIFO__parameterized2' (0#1) [<BUILD_ROOT>/v41_m1_xdma_resource_spike.gen/sources_1/ip/xdma_v41_m1/d6c9/hdl/verilog/axidma_fifo.vh:279]
INFO: [Synth 8-6157] synthesizing module 'xdma_v4_2_2_GenericFIFOAsync__parameterized0' [<BUILD_ROOT>/v41_m1_xdma_resource_spike.gen/sources_1/ip/xdma_v41_m1/d6c9/hdl/verilog/axidma_fifo.vh:571]
INFO: [Synth 8-6155] done synthesizing module 'xdma_v4_2_2_GenericFIFOAsync__parameterized0' (0#1) [<BUILD_ROOT>/v41_m1_xdma_resource_spike.gen/sources_1/ip/xdma_v41_m1/d6c9/hdl/verilog/axidma_fifo.vh:571]
INFO: [Synth 8-6157] synthesizing module 'xdma_v4_2_2_GenericFIFOAsync__parameterized1' [<BUILD_ROOT>/v41_m1_xdma_resource_spike.gen/sources_1/ip/xdma_v41_m1/d6c9/hdl/verilog/axidma_fifo.vh:571]
INFO: [Synth 8-6155] done synthesizing module 'xdma_v4_2_2_GenericFIFOAsync__parameterized1' (0#1) [<BUILD_ROOT>/v41_m1_xdma_resource_spike.gen/sources_1/ip/xdma_v41_m1/d6c9/hdl/verilog/axidma_fifo.vh:571]
INFO: [Synth 8-6157] synthesizing module 'xdma_v4_2_2_GenericFIFO__parameterized3' [<BUILD_ROOT>/v41_m1_xdma_resource_spike.gen/sources_1/ip/xdma_v41_m1/d6c9/hdl/verilog/axidma_fifo.vh:279]
INFO: [Synth 8-6155] done synthesizing module 'xdma_v4_2_2_GenericFIFO__parameterized3' (0#1) [<BUILD_ROOT>/v41_m1_xdma_resource_spike.gen/sources_1/ip/xdma_v41_m1/d6c9/hdl/verilog/axidma_fifo.vh:279]
INFO: [Synth 8-6157] synthesizing module 'xdma_v4_2_2_GenericFIFO__parameterized4' [<BUILD_ROOT>/v41_m1_xdma_resource_spike.gen/sources_1/ip/xdma_v41_m1/d6c9/hdl/verilog/axidma_fifo.vh:279]
INFO: [Synth 8-6155] done synthesizing module 'xdma_v4_2_2_GenericFIFO__parameterized4' (0#1) [<BUILD_ROOT>/v41_m1_xdma_resource_spike.gen/sources_1/ip/xdma_v41_m1/d6c9/hdl/verilog/axidma_fifo.vh:279]
INFO: [Synth 8-6157] synthesizing module 'xdma_v4_2_2_GenericFIFOHead2' [<BUILD_ROOT>/v41_m1_xdma_resource_spike.gen/sources_1/ip/xdma_v41_m1/d6c9/hdl/verilog/axidma_fifo.vh:927]
INFO: [Synth 8-6155] done synthesizing module 'xdma_v4_2_2_GenericFIFOHead2' (0#1) [<BUILD_ROOT>/v41_m1_xdma_resource_spike.gen/sources_1/ip/xdma_v41_m1/d6c9/hdl/verilog/axidma_fifo.vh:927]
INFO: [Synth 8-6157] synthesizing module 'xdma_v4_2_2_GenericFIFO__parameterized5' [<BUILD_ROOT>/v41_m1_xdma_resource_spike.gen/sources_1/ip/xdma_v41_m1/d6c9/hdl/verilog/axidma_fifo.vh:279]
INFO: [Synth 8-6155] done synthesizing module 'xdma_v4_2_2_GenericFIFO__parameterized5' (0#1) [<BUILD_ROOT>/v41_m1_xdma_resource_spike.gen/sources_1/ip/xdma_v41_m1/d6c9/hdl/verilog/axidma_fifo.vh:279]
INFO: [Synth 8-6157] synthesizing module 'xdma_v4_2_2_GenericFIFO__parameterized6' [<BUILD_ROOT>/v41_m1_xdma_resource_spike.gen/sources_1/ip/xdma_v41_m1/d6c9/hdl/verilog/axidma_fifo.vh:279]
INFO: [Synth 8-6155] done synthesizing module 'xdma_v4_2_2_GenericFIFO__parameterized6' (0#1) [<BUILD_ROOT>/v41_m1_xdma_resource_spike.gen/sources_1/ip/xdma_v41_m1/d6c9/hdl/verilog/axidma_fifo.vh:279]
INFO: [Synth 8-6157] synthesizing module 'xpm_cdc_single' [C:/AMDDesignTools/2025.2/Vivado/data/ip/xpm/xpm_cdc/hdl/xpm_cdc.sv:152]
INFO: [Synth 8-6155] done synthesizing module 'xpm_cdc_single' (0#1) [C:/AMDDesignTools/2025.2/Vivado/data/ip/xpm/xpm_cdc/hdl/xpm_cdc.sv:152]
INFO: [Synth 8-6157] synthesizing module 'xpm_memory_sdpram__parameterized2' [C:/AMDDesignTools/2025.2/Vivado/data/ip/xpm/xpm_memory/hdl/xpm_memory.sv:8996]
INFO: [Synth 8-6157] synthesizing module 'xpm_memory_base__parameterized2' [C:/AMDDesignTools/2025.2/Vivado/data/ip/xpm/xpm_memory/hdl/xpm_memory.sv:54]
INFO: [Synth 8-6059] Synth Info: [XPM_MEMORY 20-2] MEMORY_INIT_FILE (none), MEMORY_INIT_PARAM together specify no memory initialization. Initial memory contents will be all 0's.   [C:/AMDDesignTools/2025.2/Vivado/data/ip/xpm/xpm_memory/hdl/xpm_memory.sv:524]
INFO: [Synth 8-6155] done synthesizing module 'xpm_memory_base__parameterized2' (0#1) [C:/AMDDesignTools/2025.2/Vivado/data/ip/xpm/xpm_memory/hdl/xpm_memory.sv:54]
INFO: [Synth 8-6155] done synthesizing module 'xpm_memory_sdpram__parameterized2' (0#1) [C:/AMDDesignTools/2025.2/Vivado/data/ip/xpm/xpm_memory/hdl/xpm_memory.sv:8996]
INFO: [Synth 8-6157] synthesizing module 'xpm_memory_sdpram__parameterized3' [C:/AMDDesignTools/2025.2/Vivado/data/ip/xpm/xpm_memory/hdl/xpm_memory.sv:8996]
INFO: [Synth 8-6157] synthesizing module 'xpm_memory_base__parameterized3' [C:/AMDDesignTools/2025.2/Vivado/data/ip/xpm/xpm_memory/hdl/xpm_memory.sv:54]
INFO: [Synth 8-6059] Synth Info: [XPM_MEMORY 20-2] MEMORY_INIT_FILE (none), MEMORY_INIT_PARAM together specify no memory initialization. Initial memory contents will be all 0's.   [C:/AMDDesignTools/2025.2/Vivado/data/ip/xpm/xpm_memory/hdl/xpm_memory.sv:524]
INFO: [Synth 8-6155] done synthesizing module 'xpm_memory_base__parameterized3' (0#1) [C:/AMDDesignTools/2025.2/Vivado/data/ip/xpm/xpm_memory/hdl/xpm_memory.sv:54]
INFO: [Synth 8-6155] done synthesizing module 'xpm_memory_sdpram__parameterized3' (0#1) [C:/AMDDesignTools/2025.2/Vivado/data/ip/xpm/xpm_memory/hdl/xpm_memory.sv:8996]
INFO: [Synth 8-6157] synthesizing module 'xdma_v41_m1_pcie2_to_pcie3_wrapper' [<BUILD_ROOT>/vivado_project/v41_g2a_r1i_gen2_offline.gen/sources_1/ip/xdma_v41_m1/xdma_v4_2/hdl/verilog/xdma_v41_m1_pcie2_to_pcie3_wrapper.sv:58]
INFO: [Synth 8-6157] synthesizing module 'xdma_v41_m1_axi_stream_intf' [<BUILD_ROOT>/vivado_project/v41_g2a_r1i_gen2_offline.gen/sources_1/ip/xdma_v41_m1/xdma_v4_2/hdl/verilog/xdma_v41_m1_axi_stream_intf.sv:58]
INFO: [Synth 8-6157] synthesizing module 'xdma_v41_m1_rx_demux' [<BUILD_ROOT>/vivado_project/v41_g2a_r1i_gen2_offline.gen/sources_1/ip/xdma_v41_m1/xdma_v4_2/hdl/verilog/xdma_v41_m1_rx_demux.sv:78]
INFO: [Synth 8-638] synthesizing module 'pcie2_fifo_generator_dma_cpl' [<BUILD_ROOT>/vivado_project/v41_g2a_r1i_gen2_offline.gen/sources_1/ip/xdma_v41_m1/ip_3/synth/pcie2_fifo_generator_dma_cpl.vhd:81]
	Parameter C_COMMON_CLOCK bound to: 1 - type: integer 
	Parameter C_SELECT_XPM bound to: 0 - type: integer 
	Parameter C_COUNT_TYPE bound to: 0 - type: integer 
	Parameter C_DATA_COUNT_WIDTH bound to: 10 - type: integer 
	Parameter C_DEFAULT_VALUE bound to: BlankString - type: string 
	Parameter C_DIN_WIDTH bound to: 18 - type: integer 
	Parameter C_DOUT_RST_VAL bound to: 0 - type: string 
	Parameter C_DOUT_WIDTH bound to: 18 - type: integer 
	Parameter C_ENABLE_RLOCS bound to: 0 - type: integer 
	Parameter C_FAMILY bound to: artix7 - type: string 
	Parameter C_FULL_FLAGS_RST_VAL bound to: 1 - type: integer 
	Parameter C_HAS_ALMOST_EMPTY bound to: 0 - type: integer 
	Parameter C_HAS_ALMOST_FULL bound to: 0 - type: integer 
	Parameter C_HAS_BACKUP bound to: 0 - type: integer 
	Parameter C_HAS_DATA_COUNT bound to: 0 - type: integer 
	Parameter C_HAS_INT_CLK bound to: 0 - type: integer 
	Parameter C_HAS_MEMINIT_FILE bound to: 0 - type: integer 
	Parameter C_HAS_OVERFLOW bound to: 0 - type: integer 
	Parameter C_HAS_RD_DATA_COUNT bound to: 0 - type: integer 
	Parameter C_HAS_RD_RST bound to: 0 - type: integer 
	Parameter C_HAS_RST bound to: 1 - type: integer 
	Parameter C_HAS_SRST bound to: 0 - type: integer 
	Parameter C_HAS_UNDERFLOW bound to: 0 - type: integer 
	Parameter C_HAS_VALID bound to: 0 - type: integer 
	Parameter C_HAS_WR_ACK bound to: 0 - type: integer 
	Parameter C_HAS_WR_DATA_COUNT bound to: 0 - type: integer 
	Parameter C_HAS_WR_RST bound to: 0 - type: integer 
	Parameter C_IMPLEMENTATION_TYPE bound to: 0 - type: integer 
	Parameter C_INIT_WR_PNTR_VAL bound to: 0 - type: integer 
	Parameter C_MEMORY_TYPE bound to: 1 - type: integer 
	Parameter C_MIF_FILE_NAME bound to: BlankString - type: string 
	Parameter C_OPTIMIZATION_MODE bound to: 0 - type: integer 
	Parameter C_OVERFLOW_LOW bound to: 0 - type: integer 
	Parameter C_PRELOAD_LATENCY bound to: 1 - type: integer 
	Parameter C_PRELOAD_REGS bound to: 0 - type: integer 
	Parameter C_PRIM_FIFO_TYPE bound to: 4kx4 - type: string 
	Parameter C_PROG_EMPTY_THRESH_ASSERT_VAL bound to: 2 - type: integer 
	Parameter C_PROG_EMPTY_THRESH_NEGATE_VAL bound to: 3 - type: integer 
	Parameter C_PROG_EMPTY_TYPE bound to: 0 - type: integer 
	Parameter C_PROG_FULL_THRESH_ASSERT_VAL bound to: 1022 - type: integer 
	Parameter C_PROG_FULL_THRESH_NEGATE_VAL bound to: 1021 - type: integer 
	Parameter C_PROG_FULL_TYPE bound to: 0 - type: integer 
	Parameter C_RD_DATA_COUNT_WIDTH bound to: 10 - type: integer 
	Parameter C_RD_DEPTH bound to: 1024 - type: integer 
	Parameter C_RD_FREQ bound to: 1 - type: integer 
	Parameter C_RD_PNTR_WIDTH bound to: 10 - type: integer 
	Parameter C_UNDERFLOW_LOW bound to: 0 - type: integer 
	Parameter C_USE_DOUT_RST bound to: 1 - type: integer 
	Parameter C_USE_ECC bound to: 0 - type: integer 
	Parameter C_USE_EMBEDDED_REG bound to: 0 - type: integer 
	Parameter C_USE_PIPELINE_REG bound to: 0 - type: integer 
	Parameter C_POWER_SAVING_MODE bound to: 0 - type: integer 
	Parameter C_USE_FIFO16_FLAGS bound to: 0 - type: integer 
	Parameter C_USE_FWFT_DATA_COUNT bound to: 0 - type: integer 
	Parameter C_VALID_LOW bound to: 0 - type: integer 
	Parameter C_WR_ACK_LOW bound to: 0 - type: integer 
	Parameter C_WR_DATA_COUNT_WIDTH bound to: 10 - type: integer 
	Parameter C_WR_DEPTH bound to: 1024 - type: integer 
	Parameter C_WR_FREQ bound to: 1 - type: integer 
	Parameter C_WR_PNTR_WIDTH bound to: 10 - type: integer 
	Parameter C_WR_RESPONSE_LATENCY bound to: 1 - type: integer 
	Parameter C_MSGON_VAL bound to: 1 - type: integer 
	Parameter C_ENABLE_RST_SYNC bound to: 1 - type: integer 
	Parameter C_EN_SAFETY_CKT bound to: 1 - type: integer 
	Parameter C_ERROR_INJECTION_TYPE bound to: 0 - type: integer 
	Parameter C_SYNCHRONIZER_STAGE bound to: 2 - type: integer 
	Parameter C_INTERFACE_TYPE bound to: 1 - type: integer 
	Parameter C_AXI_TYPE bound to: 1 - type: integer 
	Parameter C_HAS_AXI_WR_CHANNEL bound to: 1 - type: integer 
	Parameter C_HAS_AXI_RD_CHANNEL bound to: 1 - type: integer 
	Parameter C_HAS_SLAVE_CE bound to: 0 - type: integer 
	Parameter C_HAS_MASTER_CE bound to: 0 - type: integer 
	Parameter C_ADD_NGC_CONSTRAINT bound to: 0 - type: integer 
	Parameter C_USE_COMMON_OVERFLOW bound to: 0 - type: integer 
	Parameter C_USE_COMMON_UNDERFLOW bound to: 0 - type: integer 
	Parameter C_USE_DEFAULT_SETTINGS bound to: 0 - type: integer 
	Parameter C_AXI_ID_WIDTH bound to: 1 - type: integer 
	Parameter C_AXI_ADDR_WIDTH bound to: 32 - type: integer 
	Parameter C_AXI_DATA_WIDTH bound to: 64 - type: integer 
	Parameter C_AXI_LEN_WIDTH bound to: 8 - type: integer 
	Parameter C_AXI_LOCK_WIDTH bound to: 1 - type: integer 
	Parameter C_HAS_AXI_ID bound to: 0 - type: integer 
	Parameter C_HAS_AXI_AWUSER bound to: 0 - type: integer 
	Parameter C_HAS_AXI_WUSER bound to: 0 - type: integer 
	Parameter C_HAS_AXI_BUSER bound to: 0 - type: integer 
	Parameter C_HAS_AXI_ARUSER bound to: 0 - type: integer 
	Parameter C_HAS_AXI_RUSER bound to: 0 - type: integer 
	Parameter C_AXI_ARUSER_WIDTH bound to: 1 - type: integer 
	Parameter C_AXI_AWUSER_WIDTH bound to: 1 - type: integer 
	Parameter C_AXI_WUSER_WIDTH bound to: 1 - type: integer 
	Parameter C_AXI_BUSER_WIDTH bound to: 1 - type: integer 
	Parameter C_AXI_RUSER_WIDTH bound to: 1 - type: integer 
	Parameter C_HAS_AXIS_TDATA bound to: 1 - type: integer 
	Parameter C_HAS_AXIS_TID bound to: 0 - type: integer 
	Parameter C_HAS_AXIS_TDEST bound to: 0 - type: integer 
	Parameter C_HAS_AXIS_TUSER bound to: 1 - type: integer 
	Parameter C_HAS_AXIS_TREADY bound to: 1 - type: integer 
	Parameter C_HAS_AXIS_TLAST bound to: 1 - type: integer 
	Parameter C_HAS_AXIS_TSTRB bound to: 0 - type: integer 
	Parameter C_HAS_AXIS_TKEEP bound to: 1 - type: integer 
	Parameter C_AXIS_TDATA_WIDTH bound to: 64 - type: integer 
	Parameter C_AXIS_TID_WIDTH bound to: 1 - type: integer 
	Parameter C_AXIS_TDEST_WIDTH bound to: 1 - type: integer 
	Parameter C_AXIS_TUSER_WIDTH bound to: 22 - type: integer 
	Parameter C_AXIS_TSTRB_WIDTH bound to: 8 - type: integer 
	Parameter C_AXIS_TKEEP_WIDTH bound to: 8 - type: integer 
	Parameter C_WACH_TYPE bound to: 0 - type: integer 
	Parameter C_WDCH_TYPE bound to: 0 - type: integer 
	Parameter C_WRCH_TYPE bound to: 0 - type: integer 
	Parameter C_RACH_TYPE bound to: 0 - type: integer 
	Parameter C_RDCH_TYPE bound to: 0 - type: integer 
	Parameter C_AXIS_TYPE bound to: 0 - type: integer 
	Parameter C_IMPLEMENTATION_TYPE_WACH bound to: 2 - type: integer 
	Parameter C_IMPLEMENTATION_TYPE_WDCH bound to: 1 - type: integer 
	Parameter C_IMPLEMENTATION_TYPE_WRCH bound to: 2 - type: integer 
	Parameter C_IMPLEMENTATION_TYPE_RACH bound to: 2 - type: integer 
	Parameter C_IMPLEMENTATION_TYPE_RDCH bound to: 1 - type: integer 
	Parameter C_IMPLEMENTATION_TYPE_AXIS bound to: 1 - type: integer 
	Parameter C_APPLICATION_TYPE_WACH bound to: 0 - type: integer 
	Parameter C_APPLICATION_TYPE_WDCH bound to: 0 - type: integer 
	Parameter C_APPLICATION_TYPE_WRCH bound to: 0 - type: integer 
	Parameter C_APPLICATION_TYPE_RACH bound to: 0 - type: integer 
	Parameter C_APPLICATION_TYPE_RDCH bound to: 0 - type: integer 
	Parameter C_APPLICATION_TYPE_AXIS bound to: 0 - type: integer 
	Parameter C_PRIM_FIFO_TYPE_WACH bound to: 512x36 - type: string 
	Parameter C_PRIM_FIFO_TYPE_WDCH bound to: 1kx36 - type: string 
	Parameter C_PRIM_FIFO_TYPE_WRCH bound to: 512x36 - type: string 
	Parameter C_PRIM_FIFO_TYPE_RACH bound to: 512x36 - type: string 
	Parameter C_PRIM_FIFO_TYPE_RDCH bound to: 1kx36 - type: string 
	Parameter C_PRIM_FIFO_TYPE_AXIS bound to: 512x72 - type: string 
	Parameter C_USE_ECC_WACH bound to: 0 - type: integer 
	Parameter C_USE_ECC_WDCH bound to: 0 - type: integer 
	Parameter C_USE_ECC_WRCH bound to: 0 - type: integer 
	Parameter C_USE_ECC_RACH bound to: 0 - type: integer 
	Parameter C_USE_ECC_RDCH bound to: 0 - type: integer 
	Parameter C_USE_ECC_AXIS bound to: 0 - type: integer 
	Parameter C_ERROR_INJECTION_TYPE_WACH bound to: 0 - type: integer 
	Parameter C_ERROR_INJECTION_TYPE_WDCH bound to: 0 - type: integer 
	Parameter C_ERROR_INJECTION_TYPE_WRCH bound to: 0 - type: integer 
	Parameter C_ERROR_INJECTION_TYPE_RACH bound to: 0 - type: integer 
	Parameter C_ERROR_INJECTION_TYPE_RDCH bound to: 0 - type: integer 
	Parameter C_ERROR_INJECTION_TYPE_AXIS bound to: 0 - type: integer 
	Parameter C_DIN_WIDTH_WACH bound to: 32 - type: integer 
	Parameter C_DIN_WIDTH_WDCH bound to: 64 - type: integer 
	Parameter C_DIN_WIDTH_WRCH bound to: 2 - type: integer 
	Parameter C_DIN_WIDTH_RACH bound to: 32 - type: integer 
	Parameter C_DIN_WIDTH_RDCH bound to: 64 - type: integer 
	Parameter C_DIN_WIDTH_AXIS bound to: 95 - type: integer 
	Parameter C_WR_DEPTH_WACH bound to: 16 - type: integer 
	Parameter C_WR_DEPTH_WDCH bound to: 1024 - type: integer 
	Parameter C_WR_DEPTH_WRCH bound to: 16 - type: integer 
	Parameter C_WR_DEPTH_RACH bound to: 16 - type: integer 
	Parameter C_WR_DEPTH_RDCH bound to: 1024 - type: integer 
	Parameter C_WR_DEPTH_AXIS bound to: 64 - type: integer 
	Parameter C_WR_PNTR_WIDTH_WACH bound to: 4 - type: integer 
	Parameter C_WR_PNTR_WIDTH_WDCH bound to: 10 - type: integer 
	Parameter C_WR_PNTR_WIDTH_WRCH bound to: 4 - type: integer 
	Parameter C_WR_PNTR_WIDTH_RACH bound to: 4 - type: integer 
	Parameter C_WR_PNTR_WIDTH_RDCH bound to: 10 - type: integer 
	Parameter C_WR_PNTR_WIDTH_AXIS bound to: 6 - type: integer 
	Parameter C_HAS_DATA_COUNTS_WACH bound to: 0 - type: integer 
	Parameter C_HAS_DATA_COUNTS_WDCH bound to: 0 - type: integer 
	Parameter C_HAS_DATA_COUNTS_WRCH bound to: 0 - type: integer 
	Parameter C_HAS_DATA_COUNTS_RACH bound to: 0 - type: integer 
	Parameter C_HAS_DATA_COUNTS_RDCH bound to: 0 - type: integer 
	Parameter C_HAS_DATA_COUNTS_AXIS bound to: 0 - type: integer 
	Parameter C_HAS_PROG_FLAGS_WACH bound to: 0 - type: integer 
	Parameter C_HAS_PROG_FLAGS_WDCH bound to: 0 - type: integer 
	Parameter C_HAS_PROG_FLAGS_WRCH bound to: 0 - type: integer 
	Parameter C_HAS_PROG_FLAGS_RACH bound to: 0 - type: integer 
	Parameter C_HAS_PROG_FLAGS_RDCH bound to: 0 - type: integer 
	Parameter C_HAS_PROG_FLAGS_AXIS bound to: 0 - type: integer 
	Parameter C_PROG_FULL_TYPE_WACH bound to: 0 - type: integer 
	Parameter C_PROG_FULL_TYPE_WDCH bound to: 0 - type: integer 
	Parameter C_PROG_FULL_TYPE_WRCH bound to: 0 - type: integer 
	Parameter C_PROG_FULL_TYPE_RACH bound to: 0 - type: integer 
	Parameter C_PROG_FULL_TYPE_RDCH bound to: 0 - type: integer 
	Parameter C_PROG_FULL_TYPE_AXIS bound to: 1 - type: integer 
	Parameter C_PROG_FULL_THRESH_ASSERT_VAL_WACH bound to: 15 - type: integer 
	Parameter C_PROG_FULL_THRESH_ASSERT_VAL_WDCH bound to: 1023 - type: integer 
	Parameter C_PROG_FULL_THRESH_ASSERT_VAL_WRCH bound to: 15 - type: integer 
	Parameter C_PROG_FULL_THRESH_ASSERT_VAL_RACH bound to: 15 - type: integer 
	Parameter C_PROG_FULL_THRESH_ASSERT_VAL_RDCH bound to: 1023 - type: integer 
	Parameter C_PROG_FULL_THRESH_ASSERT_VAL_AXIS bound to: 45 - type: integer 
	Parameter C_PROG_EMPTY_TYPE_WACH bound to: 0 - type: integer 
	Parameter C_PROG_EMPTY_TYPE_WDCH bound to: 0 - type: integer 
	Parameter C_PROG_EMPTY_TYPE_WRCH bound to: 0 - type: integer 
	Parameter C_PROG_EMPTY_TYPE_RACH bound to: 0 - type: integer 
	Parameter C_PROG_EMPTY_TYPE_RDCH bound to: 0 - type: integer 
	Parameter C_PROG_EMPTY_TYPE_AXIS bound to: 0 - type: integer 
	Parameter C_PROG_EMPTY_THRESH_ASSERT_VAL_WACH bound to: 14 - type: integer 
	Parameter C_PROG_EMPTY_THRESH_ASSERT_VAL_WDCH bound to: 1022 - type: integer 
	Parameter C_PROG_EMPTY_THRESH_ASSERT_VAL_WRCH bound to: 14 - type: integer 
	Parameter C_PROG_EMPTY_THRESH_ASSERT_VAL_RACH bound to: 14 - type: integer 
	Parameter C_PROG_EMPTY_THRESH_ASSERT_VAL_RDCH bound to: 1022 - type: integer 
	Parameter C_PROG_EMPTY_THRESH_ASSERT_VAL_AXIS bound to: 62 - type: integer 
	Parameter C_REG_SLICE_MODE_WACH bound to: 0 - type: integer 
	Parameter C_REG_SLICE_MODE_WDCH bound to: 0 - type: integer 
	Parameter C_REG_SLICE_MODE_WRCH bound to: 0 - type: integer 
	Parameter C_REG_SLICE_MODE_RACH bound to: 0 - type: integer 
	Parameter C_REG_SLICE_MODE_RDCH bound to: 0 - type: integer 
	Parameter C_REG_SLICE_MODE_AXIS bound to: 0 - type: integer 
INFO: [Synth 8-3491] module 'fifo_generator_v13_2_14' declared at '<BUILD_ROOT>/vivado_project/v41_g2a_r1i_gen2_offline.gen/sources_1/ip/xdma_v41_m1/ip_3/hdl/fifo_generator_v13_2_vhsyn_rfs.vhd:38308' bound to instance 'U0' of component 'fifo_generator_v13_2_14' [<BUILD_ROOT>/vivado_project/v41_g2a_r1i_gen2_offline.gen/sources_1/ip/xdma_v41_m1/ip_3/synth/pcie2_fifo_generator_dma_cpl.vhd:564]
INFO: [Synth 8-6157] synthesizing module 'xpm_cdc_sync_rst' [C:/AMDDesignTools/2025.2/Vivado/data/ip/xpm/xpm_cdc/hdl/xpm_cdc.sv:1059]
INFO: [Synth 8-6155] done synthesizing module 'xpm_cdc_sync_rst' (0#1) [C:/AMDDesignTools/2025.2/Vivado/data/ip/xpm/xpm_cdc/hdl/xpm_cdc.sv:1059]
INFO: [Synth 8-256] done synthesizing module 'pcie2_fifo_generator_dma_cpl' (0#1) [<BUILD_ROOT>/vivado_project/v41_g2a_r1i_gen2_offline.gen/sources_1/ip/xdma_v41_m1/ip_3/synth/pcie2_fifo_generator_dma_cpl.vhd:81]
WARNING: [Synth 8-7071] port 'wr_rst_busy' of module 'pcie2_fifo_generator_dma_cpl' is unconnected for instance 'dma_cpl_fifo_inst' [<BUILD_ROOT>/vivado_project/v41_g2a_r1i_gen2_offline.gen/sources_1/ip/xdma_v41_m1/xdma_v4_2/hdl/verilog/xdma_v41_m1_rx_demux.sv:286]
WARNING: [Synth 8-7071] port 'rd_rst_busy' of module 'pcie2_fifo_generator_dma_cpl' is unconnected for instance 'dma_cpl_fifo_inst' [<BUILD_ROOT>/vivado_project/v41_g2a_r1i_gen2_offline.gen/sources_1/ip/xdma_v41_m1/xdma_v4_2/hdl/verilog/xdma_v41_m1_rx_demux.sv:286]
WARNING: [Synth 8-7023] instance 'dma_cpl_fifo_inst' of module 'pcie2_fifo_generator_dma_cpl' has 17 connections declared, but only 15 given [<BUILD_ROOT>/vivado_project/v41_g2a_r1i_gen2_offline.gen/sources_1/ip/xdma_v41_m1/xdma_v4_2/hdl/verilog/xdma_v41_m1_rx_demux.sv:286]
INFO: [Synth 8-638] synthesizing module 'pcie2_fifo_generator_tgt_brdg' [<BUILD_ROOT>/vivado_project/v41_g2a_r1i_gen2_offline.gen/sources_1/ip/xdma_v41_m1/ip_4/synth/pcie2_fifo_generator_tgt_brdg.vhd:81]
	Parameter C_COMMON_CLOCK bound to: 1 - type: integer 
	Parameter C_SELECT_XPM bound to: 0 - type: integer 
	Parameter C_COUNT_TYPE bound to: 0 - type: integer 
	Parameter C_DATA_COUNT_WIDTH bound to: 10 - type: integer 
	Parameter C_DEFAULT_VALUE bound to: BlankString - type: string 
	Parameter C_DIN_WIDTH bound to: 18 - type: integer 
	Parameter C_DOUT_RST_VAL bound to: 0 - type: string 
	Parameter C_DOUT_WIDTH bound to: 18 - type: integer 
	Parameter C_ENABLE_RLOCS bound to: 0 - type: integer 
	Parameter C_FAMILY bound to: artix7 - type: string 
	Parameter C_FULL_FLAGS_RST_VAL bound to: 1 - type: integer 
	Parameter C_HAS_ALMOST_EMPTY bound to: 0 - type: integer 
	Parameter C_HAS_ALMOST_FULL bound to: 0 - type: integer 
	Parameter C_HAS_BACKUP bound to: 0 - type: integer 
	Parameter C_HAS_DATA_COUNT bound to: 0 - type: integer 
	Parameter C_HAS_INT_CLK bound to: 0 - type: integer 
	Parameter C_HAS_MEMINIT_FILE bound to: 0 - type: integer 
	Parameter C_HAS_OVERFLOW bound to: 0 - type: integer 
	Parameter C_HAS_RD_DATA_COUNT bound to: 0 - type: integer 
	Parameter C_HAS_RD_RST bound to: 0 - type: integer 
	Parameter C_HAS_RST bound to: 1 - type: integer 
	Parameter C_HAS_SRST bound to: 0 - type: integer 
	Parameter C_HAS_UNDERFLOW bound to: 0 - type: integer 
	Parameter C_HAS_VALID bound to: 0 - type: integer 
	Parameter C_HAS_WR_ACK bound to: 0 - type: integer 
	Parameter C_HAS_WR_DATA_COUNT bound to: 0 - type: integer 
	Parameter C_HAS_WR_RST bound to: 0 - type: integer 
	Parameter C_IMPLEMENTATION_TYPE bound to: 0 - type: integer 
	Parameter C_INIT_WR_PNTR_VAL bound to: 0 - type: integer 
	Parameter C_MEMORY_TYPE bound to: 1 - type: integer 
	Parameter C_MIF_FILE_NAME bound to: BlankString - type: string 
	Parameter C_OPTIMIZATION_MODE bound to: 0 - type: integer 
	Parameter C_OVERFLOW_LOW bound to: 0 - type: integer 
	Parameter C_PRELOAD_LATENCY bound to: 1 - type: integer 
	Parameter C_PRELOAD_REGS bound to: 0 - type: integer 
	Parameter C_PRIM_FIFO_TYPE bound to: 4kx4 - type: string 
	Parameter C_PROG_EMPTY_THRESH_ASSERT_VAL bound to: 2 - type: integer 
	Parameter C_PROG_EMPTY_THRESH_NEGATE_VAL bound to: 3 - type: integer 
	Parameter C_PROG_EMPTY_TYPE bound to: 0 - type: integer 
	Parameter C_PROG_FULL_THRESH_ASSERT_VAL bound to: 1022 - type: integer 
	Parameter C_PROG_FULL_THRESH_NEGATE_VAL bound to: 1021 - type: integer 
	Parameter C_PROG_FULL_TYPE bound to: 0 - type: integer 
	Parameter C_RD_DATA_COUNT_WIDTH bound to: 10 - type: integer 
	Parameter C_RD_DEPTH bound to: 1024 - type: integer 
	Parameter C_RD_FREQ bound to: 1 - type: integer 
	Parameter C_RD_PNTR_WIDTH bound to: 10 - type: integer 
	Parameter C_UNDERFLOW_LOW bound to: 0 - type: integer 
	Parameter C_USE_DOUT_RST bound to: 1 - type: integer 
	Parameter C_USE_ECC bound to: 0 - type: integer 
	Parameter C_USE_EMBEDDED_REG bound to: 0 - type: integer 
	Parameter C_USE_PIPELINE_REG bound to: 0 - type: integer 
	Parameter C_POWER_SAVING_MODE bound to: 0 - type: integer 
	Parameter C_USE_FIFO16_FLAGS bound to: 0 - type: integer 
	Parameter C_USE_FWFT_DATA_COUNT bound to: 0 - type: integer 
	Parameter C_VALID_LOW bound to: 0 - type: integer 
	Parameter C_WR_ACK_LOW bound to: 0 - type: integer 
	Parameter C_WR_DATA_COUNT_WIDTH bound to: 10 - type: integer 
	Parameter C_WR_DEPTH bound to: 1024 - type: integer 
	Parameter C_WR_FREQ bound to: 1 - type: integer 
	Parameter C_WR_PNTR_WIDTH bound to: 10 - type: integer 
	Parameter C_WR_RESPONSE_LATENCY bound to: 1 - type: integer 
	Parameter C_MSGON_VAL bound to: 1 - type: integer 
	Parameter C_ENABLE_RST_SYNC bound to: 1 - type: integer 
	Parameter C_EN_SAFETY_CKT bound to: 1 - type: integer 
	Parameter C_ERROR_INJECTION_TYPE bound to: 0 - type: integer 
	Parameter C_SYNCHRONIZER_STAGE bound to: 2 - type: integer 
	Parameter C_INTERFACE_TYPE bound to: 1 - type: integer 
	Parameter C_AXI_TYPE bound to: 1 - type: integer 
	Parameter C_HAS_AXI_WR_CHANNEL bound to: 1 - type: integer 
	Parameter C_HAS_AXI_RD_CHANNEL bound to: 1 - type: integer 
	Parameter C_HAS_SLAVE_CE bound to: 0 - type: integer 
	Parameter C_HAS_MASTER_CE bound to: 0 - type: integer 
	Parameter C_ADD_NGC_CONSTRAINT bound to: 0 - type: integer 
	Parameter C_USE_COMMON_OVERFLOW bound to: 0 - type: integer 
	Parameter C_USE_COMMON_UNDERFLOW bound to: 0 - type: integer 
	Parameter C_USE_DEFAULT_SETTINGS bound to: 0 - type: integer 
	Parameter C_AXI_ID_WIDTH bound to: 1 - type: integer 
	Parameter C_AXI_ADDR_WIDTH bound to: 32 - type: integer 
	Parameter C_AXI_DATA_WIDTH bound to: 64 - type: integer 
	Parameter C_AXI_LEN_WIDTH bound to: 8 - type: integer 
	Parameter C_AXI_LOCK_WIDTH bound to: 1 - type: integer 
	Parameter C_HAS_AXI_ID bound to: 0 - type: integer 
	Parameter C_HAS_AXI_AWUSER bound to: 0 - type: integer 
	Parameter C_HAS_AXI_WUSER bound to: 0 - type: integer 
	Parameter C_HAS_AXI_BUSER bound to: 0 - type: integer 
	Parameter C_HAS_AXI_ARUSER bound to: 0 - type: integer 
	Parameter C_HAS_AXI_RUSER bound to: 0 - type: integer 
	Parameter C_AXI_ARUSER_WIDTH bound to: 1 - type: integer 
	Parameter C_AXI_AWUSER_WIDTH bound to: 1 - type: integer 
	Parameter C_AXI_WUSER_WIDTH bound to: 1 - type: integer 
	Parameter C_AXI_BUSER_WIDTH bound to: 1 - type: integer 
	Parameter C_AXI_RUSER_WIDTH bound to: 1 - type: integer 
	Parameter C_HAS_AXIS_TDATA bound to: 1 - type: integer 
	Parameter C_HAS_AXIS_TID bound to: 0 - type: integer 
	Parameter C_HAS_AXIS_TDEST bound to: 0 - type: integer 
	Parameter C_HAS_AXIS_TUSER bound to: 1 - type: integer 
	Parameter C_HAS_AXIS_TREADY bound to: 1 - type: integer 
	Parameter C_HAS_AXIS_TLAST bound to: 1 - type: integer 
	Parameter C_HAS_AXIS_TSTRB bound to: 0 - type: integer 
	Parameter C_HAS_AXIS_TKEEP bound to: 1 - type: integer 
	Parameter C_AXIS_TDATA_WIDTH bound to: 64 - type: integer 
	Parameter C_AXIS_TID_WIDTH bound to: 1 - type: integer 
	Parameter C_AXIS_TDEST_WIDTH bound to: 1 - type: integer 
	Parameter C_AXIS_TUSER_WIDTH bound to: 22 - type: integer 
	Parameter C_AXIS_TSTRB_WIDTH bound to: 8 - type: integer 
	Parameter C_AXIS_TKEEP_WIDTH bound to: 8 - type: integer 
	Parameter C_WACH_TYPE bound to: 0 - type: integer 
	Parameter C_WDCH_TYPE bound to: 0 - type: integer 
	Parameter C_WRCH_TYPE bound to: 0 - type: integer 
	Parameter C_RACH_TYPE bound to: 0 - type: integer 
	Parameter C_RDCH_TYPE bound to: 0 - type: integer 
	Parameter C_AXIS_TYPE bound to: 0 - type: integer 
	Parameter C_IMPLEMENTATION_TYPE_WACH bound to: 2 - type: integer 
	Parameter C_IMPLEMENTATION_TYPE_WDCH bound to: 1 - type: integer 
	Parameter C_IMPLEMENTATION_TYPE_WRCH bound to: 2 - type: integer 
	Parameter C_IMPLEMENTATION_TYPE_RACH bound to: 2 - type: integer 
	Parameter C_IMPLEMENTATION_TYPE_RDCH bound to: 1 - type: integer 
	Parameter C_IMPLEMENTATION_TYPE_AXIS bound to: 2 - type: integer 
	Parameter C_APPLICATION_TYPE_WACH bound to: 0 - type: integer 
	Parameter C_APPLICATION_TYPE_WDCH bound to: 0 - type: integer 
	Parameter C_APPLICATION_TYPE_WRCH bound to: 0 - type: integer 
	Parameter C_APPLICATION_TYPE_RACH bound to: 0 - type: integer 
	Parameter C_APPLICATION_TYPE_RDCH bound to: 0 - type: integer 
	Parameter C_APPLICATION_TYPE_AXIS bound to: 0 - type: integer 
	Parameter C_PRIM_FIFO_TYPE_WACH bound to: 512x36 - type: string 
	Parameter C_PRIM_FIFO_TYPE_WDCH bound to: 1kx36 - type: string 
	Parameter C_PRIM_FIFO_TYPE_WRCH bound to: 512x36 - type: string 
	Parameter C_PRIM_FIFO_TYPE_RACH bound to: 512x36 - type: string 
	Parameter C_PRIM_FIFO_TYPE_RDCH bound to: 1kx36 - type: string 
	Parameter C_PRIM_FIFO_TYPE_AXIS bound to: 512x72 - type: string 
	Parameter C_USE_ECC_WACH bound to: 0 - type: integer 
	Parameter C_USE_ECC_WDCH bound to: 0 - type: integer 
	Parameter C_USE_ECC_WRCH bound to: 0 - type: integer 
	Parameter C_USE_ECC_RACH bound to: 0 - type: integer 
	Parameter C_USE_ECC_RDCH bound to: 0 - type: integer 
	Parameter C_USE_ECC_AXIS bound to: 0 - type: integer 
	Parameter C_ERROR_INJECTION_TYPE_WACH bound to: 0 - type: integer 
	Parameter C_ERROR_INJECTION_TYPE_WDCH bound to: 0 - type: integer 
	Parameter C_ERROR_INJECTION_TYPE_WRCH bound to: 0 - type: integer 
	Parameter C_ERROR_INJECTION_TYPE_RACH bound to: 0 - type: integer 
	Parameter C_ERROR_INJECTION_TYPE_RDCH bound to: 0 - type: integer 
	Parameter C_ERROR_INJECTION_TYPE_AXIS bound to: 0 - type: integer 
	Parameter C_DIN_WIDTH_WACH bound to: 32 - type: integer 
	Parameter C_DIN_WIDTH_WDCH bound to: 64 - type: integer 
	Parameter C_DIN_WIDTH_WRCH bound to: 2 - type: integer 
	Parameter C_DIN_WIDTH_RACH bound to: 32 - type: integer 
	Parameter C_DIN_WIDTH_RDCH bound to: 64 - type: integer 
	Parameter C_DIN_WIDTH_AXIS bound to: 95 - type: integer 
	Parameter C_WR_DEPTH_WACH bound to: 16 - type: integer 
	Parameter C_WR_DEPTH_WDCH bound to: 1024 - type: integer 
	Parameter C_WR_DEPTH_WRCH bound to: 16 - type: integer 
	Parameter C_WR_DEPTH_RACH bound to: 16 - type: integer 
	Parameter C_WR_DEPTH_RDCH bound to: 1024 - type: integer 
	Parameter C_WR_DEPTH_AXIS bound to: 16 - type: integer 
	Parameter C_WR_PNTR_WIDTH_WACH bound to: 4 - type: integer 
	Parameter C_WR_PNTR_WIDTH_WDCH bound to: 10 - type: integer 
	Parameter C_WR_PNTR_WIDTH_WRCH bound to: 4 - type: integer 
	Parameter C_WR_PNTR_WIDTH_RACH bound to: 4 - type: integer 
	Parameter C_WR_PNTR_WIDTH_RDCH bound to: 10 - type: integer 
	Parameter C_WR_PNTR_WIDTH_AXIS bound to: 4 - type: integer 
	Parameter C_HAS_DATA_COUNTS_WACH bound to: 0 - type: integer 
	Parameter C_HAS_DATA_COUNTS_WDCH bound to: 0 - type: integer 
	Parameter C_HAS_DATA_COUNTS_WRCH bound to: 0 - type: integer 
	Parameter C_HAS_DATA_COUNTS_RACH bound to: 0 - type: integer 
	Parameter C_HAS_DATA_COUNTS_RDCH bound to: 0 - type: integer 
	Parameter C_HAS_DATA_COUNTS_AXIS bound to: 0 - type: integer 
	Parameter C_HAS_PROG_FLAGS_WACH bound to: 0 - type: integer 
	Parameter C_HAS_PROG_FLAGS_WDCH bound to: 0 - type: integer 
	Parameter C_HAS_PROG_FLAGS_WRCH bound to: 0 - type: integer 
	Parameter C_HAS_PROG_FLAGS_RACH bound to: 0 - type: integer 
	Parameter C_HAS_PROG_FLAGS_RDCH bound to: 0 - type: integer 
	Parameter C_HAS_PROG_FLAGS_AXIS bound to: 0 - type: integer 
	Parameter C_PROG_FULL_TYPE_WACH bound to: 0 - type: integer 
	Parameter C_PROG_FULL_TYPE_WDCH bound to: 0 - type: integer 
	Parameter C_PROG_FULL_TYPE_WRCH bound to: 0 - type: integer 
	Parameter C_PROG_FULL_TYPE_RACH bound to: 0 - type: integer 
	Parameter C_PROG_FULL_TYPE_RDCH bound to: 0 - type: integer 
	Parameter C_PROG_FULL_TYPE_AXIS bound to: 1 - type: integer 
	Parameter C_PROG_FULL_THRESH_ASSERT_VAL_WACH bound to: 15 - type: integer 
	Parameter C_PROG_FULL_THRESH_ASSERT_VAL_WDCH bound to: 1023 - type: integer 
	Parameter C_PROG_FULL_THRESH_ASSERT_VAL_WRCH bound to: 15 - type: integer 
	Parameter C_PROG_FULL_THRESH_ASSERT_VAL_RACH bound to: 15 - type: integer 
	Parameter C_PROG_FULL_THRESH_ASSERT_VAL_RDCH bound to: 1023 - type: integer 
	Parameter C_PROG_FULL_THRESH_ASSERT_VAL_AXIS bound to: 9 - type: integer 
	Parameter C_PROG_EMPTY_TYPE_WACH bound to: 0 - type: integer 
	Parameter C_PROG_EMPTY_TYPE_WDCH bound to: 0 - type: integer 
	Parameter C_PROG_EMPTY_TYPE_WRCH bound to: 0 - type: integer 
	Parameter C_PROG_EMPTY_TYPE_RACH bound to: 0 - type: integer 
	Parameter C_PROG_EMPTY_TYPE_RDCH bound to: 0 - type: integer 
	Parameter C_PROG_EMPTY_TYPE_AXIS bound to: 0 - type: integer 
	Parameter C_PROG_EMPTY_THRESH_ASSERT_VAL_WACH bound to: 14 - type: integer 
	Parameter C_PROG_EMPTY_THRESH_ASSERT_VAL_WDCH bound to: 1022 - type: integer 
	Parameter C_PROG_EMPTY_THRESH_ASSERT_VAL_WRCH bound to: 14 - type: integer 
	Parameter C_PROG_EMPTY_THRESH_ASSERT_VAL_RACH bound to: 14 - type: integer 
	Parameter C_PROG_EMPTY_THRESH_ASSERT_VAL_RDCH bound to: 1022 - type: integer 
	Parameter C_PROG_EMPTY_THRESH_ASSERT_VAL_AXIS bound to: 14 - type: integer 
	Parameter C_REG_SLICE_MODE_WACH bound to: 0 - type: integer 
	Parameter C_REG_SLICE_MODE_WDCH bound to: 0 - type: integer 
	Parameter C_REG_SLICE_MODE_WRCH bound to: 0 - type: integer 
	Parameter C_REG_SLICE_MODE_RACH bound to: 0 - type: integer 
	Parameter C_REG_SLICE_MODE_RDCH bound to: 0 - type: integer 
	Parameter C_REG_SLICE_MODE_AXIS bound to: 0 - type: integer 
INFO: [Synth 8-3491] module 'fifo_generator_v13_2_14' declared at '<BUILD_ROOT>/vivado_project/v41_g2a_r1i_gen2_offline.gen/sources_1/ip/xdma_v41_m1/ip_3/hdl/fifo_generator_v13_2_vhsyn_rfs.vhd:38308' bound to instance 'U0' of component 'fifo_generator_v13_2_14' [<BUILD_ROOT>/vivado_project/v41_g2a_r1i_gen2_offline.gen/sources_1/ip/xdma_v41_m1/ip_4/synth/pcie2_fifo_generator_tgt_brdg.vhd:564]
INFO: [Synth 8-6157] synthesizing module 'xpm_cdc_async_rst__parameterized1' [C:/AMDDesignTools/2025.2/Vivado/data/ip/xpm/xpm_cdc/hdl/xpm_cdc.sv:1175]
INFO: [Common 17-14] Message 'Synth 8-6157' appears 100 times and further instances of the messages will be disabled. Use the Tcl command set_msg_config to change the current settings.
INFO: [Synth 8-6155] done synthesizing module 'xpm_cdc_async_rst__parameterized1' (0#1) [C:/AMDDesignTools/2025.2/Vivado/data/ip/xpm/xpm_cdc/hdl/xpm_cdc.sv:1175]
INFO: [Synth 8-256] done synthesizing module 'pcie2_fifo_generator_tgt_brdg' (0#1) [<BUILD_ROOT>/vivado_project/v41_g2a_r1i_gen2_offline.gen/sources_1/ip/xdma_v41_m1/ip_4/synth/pcie2_fifo_generator_tgt_brdg.vhd:81]
WARNING: [Synth 8-7071] port 'wr_rst_busy' of module 'pcie2_fifo_generator_tgt_brdg' is unconnected for instance 'tgt_brdg_fifo_inst' [<BUILD_ROOT>/vivado_project/v41_g2a_r1i_gen2_offline.gen/sources_1/ip/xdma_v41_m1/xdma_v4_2/hdl/verilog/xdma_v41_m1_rx_demux.sv:311]
WARNING: [Synth 8-7071] port 'rd_rst_busy' of module 'pcie2_fifo_generator_tgt_brdg' is unconnected for instance 'tgt_brdg_fifo_inst' [<BUILD_ROOT>/vivado_project/v41_g2a_r1i_gen2_offline.gen/sources_1/ip/xdma_v41_m1/xdma_v4_2/hdl/verilog/xdma_v41_m1_rx_demux.sv:311]
WARNING: [Synth 8-7023] instance 'tgt_brdg_fifo_inst' of module 'pcie2_fifo_generator_tgt_brdg' has 17 connections declared, but only 15 given [<BUILD_ROOT>/vivado_project/v41_g2a_r1i_gen2_offline.gen/sources_1/ip/xdma_v41_m1/xdma_v4_2/hdl/verilog/xdma_v41_m1_rx_demux.sv:311]
INFO: [Synth 8-6155] done synthesizing module 'xdma_v41_m1_rx_destraddler' (0#1) [<BUILD_ROOT>/vivado_project/v41_g2a_r1i_gen2_offline.gen/sources_1/ip/xdma_v41_m1/xdma_v4_2/hdl/verilog/xdma_v41_m1_rx_destraddler.sv:79]
INFO: [Synth 8-6155] done synthesizing module 'xdma_v41_m1_rx_demux' (0#1) [<BUILD_ROOT>/vivado_project/v41_g2a_r1i_gen2_offline.gen/sources_1/ip/xdma_v41_m1/xdma_v4_2/hdl/verilog/xdma_v41_m1_rx_demux.sv:78]
INFO: [Synth 8-226] default block is never used [<BUILD_ROOT>/vivado_project/v41_g2a_r1i_gen2_offline.gen/sources_1/ip/xdma_v41_m1/xdma_v4_2/hdl/verilog/xdma_v41_m1_tx_mux.sv:164]
INFO: [Synth 8-6155] done synthesizing module 'xdma_v41_m1_tx_mux' (0#1) [<BUILD_ROOT>/vivado_project/v41_g2a_r1i_gen2_offline.gen/sources_1/ip/xdma_v41_m1/xdma_v4_2/hdl/verilog/xdma_v41_m1_tx_mux.sv:77]
INFO: [Synth 8-155] case statement is not full and has no default [<BUILD_ROOT>/vivado_project/v41_g2a_r1i_gen2_offline.gen/sources_1/ip/xdma_v41_m1/xdma_v4_2/hdl/verilog/xdma_v41_m1_dma_req.sv:215]
INFO: [Synth 8-6155] done synthesizing module 'xdma_v41_m1_dma_req' (0#1) [<BUILD_ROOT>/vivado_project/v41_g2a_r1i_gen2_offline.gen/sources_1/ip/xdma_v41_m1/xdma_v4_2/hdl/verilog/xdma_v41_m1_dma_req.sv:76]
INFO: [Synth 8-155] case statement is not full and has no default [<BUILD_ROOT>/vivado_project/v41_g2a_r1i_gen2_offline.gen/sources_1/ip/xdma_v41_m1/xdma_v4_2/hdl/verilog/xdma_v41_m1_dma_cpl.sv:199]
INFO: [Synth 8-6155] done synthesizing module 'xdma_v41_m1_dma_cpl' (0#1) [<BUILD_ROOT>/vivado_project/v41_g2a_r1i_gen2_offline.gen/sources_1/ip/xdma_v41_m1/xdma_v4_2/hdl/verilog/xdma_v41_m1_dma_cpl.sv:76]
INFO: [Synth 8-155] case statement is not full and has no default [<BUILD_ROOT>/vivado_project/v41_g2a_r1i_gen2_offline.gen/sources_1/ip/xdma_v41_m1/xdma_v4_2/hdl/verilog/xdma_v41_m1_tgt_req.sv:196]
INFO: [Synth 8-6155] done synthesizing module 'xdma_v41_m1_tgt_req' (0#1) [<BUILD_ROOT>/vivado_project/v41_g2a_r1i_gen2_offline.gen/sources_1/ip/xdma_v41_m1/xdma_v4_2/hdl/verilog/xdma_v41_m1_tgt_req.sv:76]
INFO: [Common 17-14] Message 'Synth 8-6155' appears 100 times and further instances of the messages will be disabled. Use the Tcl command set_msg_config to change the current settings.
INFO: [Synth 8-155] case statement is not full and has no default [<BUILD_ROOT>/vivado_project/v41_g2a_r1i_gen2_offline.gen/sources_1/ip/xdma_v41_m1/xdma_v4_2/hdl/verilog/xdma_v41_m1_tgt_cpl.sv:174]
INFO: [Synth 8-226] default block is never used [<BUILD_ROOT>/vivado_project/v41_g2a_r1i_gen2_offline.gen/sources_1/ip/xdma_v41_m1/ip_0/source/xdma_v41_m1_pcie2_ip_axi_basic_rx_null_gen.v:253]
INFO: [Synth 8-226] default block is never used [<BUILD_ROOT>/vivado_project/v41_g2a_r1i_gen2_offline.gen/sources_1/ip/xdma_v41_m1/ip_0/source/xdma_v41_m1_pcie2_ip_axi_basic_tx_thrtl_ctl.v:573]
WARNING: [Synth 8-11581] system function call 'time' not supported [<BUILD_ROOT>/vivado_project/v41_g2a_r1i_gen2_offline.gen/sources_1/ip/xdma_v41_m1/ip_0/source/xdma_v41_m1_pcie2_ip_pcie_bram_top_7x.v:139]
INFO: [Synth 8-251] [1'b0]  ROWS_TX 1 COLS_TX 4 [<BUILD_ROOT>/vivado_project/v41_g2a_r1i_gen2_offline.gen/sources_1/ip/xdma_v41_m1/ip_0/source/xdma_v41_m1_pcie2_ip_pcie_bram_top_7x.v:139]
WARNING: [Synth 8-11581] system function call 'time' not supported [<BUILD_ROOT>/vivado_project/v41_g2a_r1i_gen2_offline.gen/sources_1/ip/xdma_v41_m1/ip_0/source/xdma_v41_m1_pcie2_ip_pcie_bram_top_7x.v:140]
INFO: [Synth 8-251] [1'b0]  ROWS_RX 1 COLS_RX 4 [<BUILD_ROOT>/vivado_project/v41_g2a_r1i_gen2_offline.gen/sources_1/ip/xdma_v41_m1/ip_0/source/xdma_v41_m1_pcie2_ip_pcie_bram_top_7x.v:140]
INFO: [Synth 8-155] case statement is not full and has no default [<BUILD_ROOT>/vivado_project/v41_g2a_r1i_gen2_offline.gen/sources_1/ip/xdma_v41_m1/ip_0/source/xdma_v41_m1_pcie2_ip_gt_rx_valid_filter_7x.v:191]
INFO: [Synth 8-226] default block is never used [<BUILD_ROOT>/vivado_project/v41_g2a_r1i_gen2_offline.gen/sources_1/ip/xdma_v41_m1/ip_0/source/xdma_v41_m1_pcie2_ip_pipe_eq.v:402]
INFO: [Synth 8-226] default block is never used [<BUILD_ROOT>/vivado_project/v41_g2a_r1i_gen2_offline.gen/sources_1/ip/xdma_v41_m1/ip_0/source/xdma_v41_m1_pcie2_ip_pipe_user.v:354]
INFO: [Synth 8-7071] port 'cfg_fc_vc_sel' of module 'xdma_v41_m1_core_top' is unconnected for instance 'inst' [<BUILD_ROOT>/vivado_project/v41_g2a_r1i_gen2_offline.gen/sources_1/ip/xdma_v41_m1/synth/xdma_v41_m1.sv:558]
INFO: [Synth 8-7023] instance 'inst' of module 'xdma_v41_m1_core_top' has 1313 connections declared, but only 1312 given [<BUILD_ROOT>/vivado_project/v41_g2a_r1i_gen2_offline.gen/sources_1/ip/xdma_v41_m1/synth/xdma_v41_m1.sv:558]
WARNING: [Synth 8-6014] Unused sequential element ll_raddr_reached_reg was removed.  [<SOURCE_ROOT>/rtl/v41/nvp_i2c_tri_phase_probe.sv:374]
WARNING: [Synth 8-6014] Unused sequential element ll_raddr_ack_reg was removed.  [<SOURCE_ROOT>/rtl/v41/nvp_i2c_tri_phase_probe.sv:375]
WARNING: [Synth 8-6014] Unused sequential element capture_single_v_reg was removed.  [<SOURCE_ROOT>/rtl/record/bt656_record_producer.sv:166]
WARNING: [Synth 8-6014] Unused sequential element capture_window_v_reg was removed.  [<SOURCE_ROOT>/rtl/record/bt656_record_producer.sv:166]
WARNING: [Synth 8-6014] Unused sequential element line_seq_v_reg was removed.  [<SOURCE_ROOT>/rtl/record/bt656_record_producer.sv:169]
WARNING: [Synth 8-6014] Unused sequential element round_robin_v_reg was removed.  [<SOURCE_ROOT>/rtl/record/bt656_record_producer.sv:173]
WARNING: [Synth 8-6014] Unused sequential element producer_process.requested_value_reg was removed.  [<SOURCE_ROOT>/rtl/record/bt656_record_producer.sv:259]
WARNING: [Synth 8-6014] Unused sequential element producer_process.frame_value_reg was removed.  [<SOURCE_ROOT>/rtl/record/bt656_record_producer.sv:280]
WARNING: [Synth 8-6014] Unused sequential element producer_process.line_value_reg was removed.  [<SOURCE_ROOT>/rtl/record/bt656_record_producer.sv:281]
WARNING: [Synth 8-6014] Unused sequential element producer_process.flags_value_reg was removed.  [<SOURCE_ROOT>/rtl/record/bt656_record_producer.sv:282]
WARNING: [Synth 8-6014] Unused sequential element producer_process.packed_word_reg was removed.  [<SOURCE_ROOT>/rtl/record/bt656_record_producer.sv:336]
WARNING: [Synth 8-6014] Unused sequential element generation_prod_reg[0] was removed.  [<SOURCE_ROOT>/rtl/pio/pio_bar_target.sv:142]
WARNING: [Synth 8-6014] Unused sequential element generation_prod_reg[1] was removed.  [<SOURCE_ROOT>/rtl/pio/pio_bar_target.sv:142]
WARNING: [Synth 8-6014] Unused sequential element generation_prod_reg[2] was removed.  [<SOURCE_ROOT>/rtl/pio/pio_bar_target.sv:142]
WARNING: [Synth 8-6014] Unused sequential element generation_prod_reg[3] was removed.  [<SOURCE_ROOT>/rtl/pio/pio_bar_target.sv:142]
WARNING: [Synth 8-6014] Unused sequential element generation_prod_reg[4] was removed.  [<SOURCE_ROOT>/rtl/pio/pio_bar_target.sv:142]
WARNING: [Synth 8-6014] Unused sequential element generation_prod_reg[5] was removed.  [<SOURCE_ROOT>/rtl/pio/pio_bar_target.sv:142]
WARNING: [Synth 8-6014] Unused sequential element generation_prod_reg[6] was removed.  [<SOURCE_ROOT>/rtl/pio/pio_bar_target.sv:142]
WARNING: [Synth 8-6014] Unused sequential element generation_prod_reg[7] was removed.  [<SOURCE_ROOT>/rtl/pio/pio_bar_target.sv:142]
WARNING: [Synth 8-6014] Unused sequential element generation_prod_reg[8] was removed.  [<SOURCE_ROOT>/rtl/pio/pio_bar_target.sv:142]
WARNING: [Synth 8-6014] Unused sequential element generation_prod_reg[9] was removed.  [<SOURCE_ROOT>/rtl/pio/pio_bar_target.sv:142]
WARNING: [Synth 8-6014] Unused sequential element generation_prod_reg[10] was removed.  [<SOURCE_ROOT>/rtl/pio/pio_bar_target.sv:142]
WARNING: [Synth 8-6014] Unused sequential element generation_prod_reg[11] was removed.  [<SOURCE_ROOT>/rtl/pio/pio_bar_target.sv:142]
WARNING: [Synth 8-6014] Unused sequential element generation_prod_reg[12] was removed.  [<SOURCE_ROOT>/rtl/pio/pio_bar_target.sv:142]
WARNING: [Synth 8-6014] Unused sequential element generation_prod_reg[13] was removed.  [<SOURCE_ROOT>/rtl/pio/pio_bar_target.sv:142]
WARNING: [Synth 8-6014] Unused sequential element generation_prod_reg[14] was removed.  [<SOURCE_ROOT>/rtl/pio/pio_bar_target.sv:142]
WARNING: [Synth 8-6014] Unused sequential element generation_prod_reg[15] was removed.  [<SOURCE_ROOT>/rtl/pio/pio_bar_target.sv:142]
WARNING: [Synth 8-6014] Unused sequential element generation_pcie_reg[0] was removed.  [<SOURCE_ROOT>/rtl/pio/pio_bar_target.sv:258]
WARNING: [Synth 8-6014] Unused sequential element generation_pcie_reg[1] was removed.  [<SOURCE_ROOT>/rtl/pio/pio_bar_target.sv:258]
WARNING: [Synth 8-6014] Unused sequential element generation_pcie_reg[2] was removed.  [<SOURCE_ROOT>/rtl/pio/pio_bar_target.sv:258]
WARNING: [Synth 8-6014] Unused sequential element generation_pcie_reg[3] was removed.  [<SOURCE_ROOT>/rtl/pio/pio_bar_target.sv:258]
WARNING: [Synth 8-6014] Unused sequential element generation_pcie_reg[4] was removed.  [<SOURCE_ROOT>/rtl/pio/pio_bar_target.sv:258]
WARNING: [Synth 8-6014] Unused sequential element generation_pcie_reg[5] was removed.  [<SOURCE_ROOT>/rtl/pio/pio_bar_target.sv:258]
WARNING: [Synth 8-6014] Unused sequential element generation_pcie_reg[6] was removed.  [<SOURCE_ROOT>/rtl/pio/pio_bar_target.sv:258]
WARNING: [Synth 8-6014] Unused sequential element generation_pcie_reg[7] was removed.  [<SOURCE_ROOT>/rtl/pio/pio_bar_target.sv:258]
WARNING: [Synth 8-6014] Unused sequential element generation_pcie_reg[8] was removed.  [<SOURCE_ROOT>/rtl/pio/pio_bar_target.sv:258]
WARNING: [Synth 8-6014] Unused sequential element generation_pcie_reg[9] was removed.  [<SOURCE_ROOT>/rtl/pio/pio_bar_target.sv:258]
WARNING: [Synth 8-6014] Unused sequential element generation_pcie_reg[10] was removed.  [<SOURCE_ROOT>/rtl/pio/pio_bar_target.sv:258]
WARNING: [Synth 8-6014] Unused sequential element generation_pcie_reg[11] was removed.  [<SOURCE_ROOT>/rtl/pio/pio_bar_target.sv:258]
WARNING: [Synth 8-6014] Unused sequential element generation_pcie_reg[12] was removed.  [<SOURCE_ROOT>/rtl/pio/pio_bar_target.sv:258]
WARNING: [Synth 8-6014] Unused sequential element generation_pcie_reg[13] was removed.  [<SOURCE_ROOT>/rtl/pio/pio_bar_target.sv:258]
WARNING: [Synth 8-6014] Unused sequential element generation_pcie_reg[14] was removed.  [<SOURCE_ROOT>/rtl/pio/pio_bar_target.sv:258]
WARNING: [Synth 8-6014] Unused sequential element generation_pcie_reg[15] was removed.  [<SOURCE_ROOT>/rtl/pio/pio_bar_target.sv:258]
WARNING: [Synth 8-6014] Unused sequential element host_release_mask_pulse_reg was removed.  [<SOURCE_ROOT>/rtl/pio/pio_bar_target.sv:263]
WARNING: [Synth 8-6014] Unused sequential element rrq_did_nn1_reg was removed. 
WARNING: [Synth 8-6014] Unused sequential element rrq_dadr_nn1_reg was removed. 
WARNING: [Synth 8-6014] Unused sequential element rrq_did_nn1_reg was removed. 
WARNING: [Synth 8-6014] Unused sequential element m_axi_awcacheq_reg was removed. 
WARNING: [Synth 8-6014] Unused sequential element m_axi_reqidq_reg was removed. 
WARNING: [Synth 8-6014] Unused sequential element m_axi_barq_reg was removed. 
WARNING: [Synth 8-6014] Unused sequential element m_axi_arcacheissueq_reg was removed. 
WARNING: [Synth 8-6014] Unused sequential element m_axi_reqidq_reg was removed. 
WARNING: [Synth 8-6014] Unused sequential element m_axi_arlenpendq_reg was removed. 
WARNING: [Synth 8-6014] Unused sequential element m_axi_barq_reg was removed. 
WARNING: [Synth 8-4767] Trying to implement RAM 'MemArray_reg' in registers. Block RAM or DRAM implementation is not possible; see log for reasons. [<BUILD_ROOT>/v41_m1_xdma_resource_spike.gen/sources_1/ip/xdma_v41_m1/d6c9/hdl/verilog/axidma_fifo.vh:1118]
Reason is one or more of the following :
	1: Only 1 word in RAM 
WARNING: [Synth 8-6014] Unused sequential element tag_rrq_usr_ofst_mem_even_reg was removed. 
WARNING: [Synth 8-6014] Unused sequential element tag_rrq_usr_ofst_mem_odd_reg was removed. 
WARNING: [Synth 8-6014] Unused sequential element gen_rd_b.gen_doutb_pipe.enb_pipe_reg[0] was removed.  [C:/AMDDesignTools/2025.2/Vivado/data/ip/xpm/xpm_memory/hdl/xpm_memory.sv:3087]
WARNING: [Synth 8-6014] Unused sequential element tx_64.req_ep_reg was removed.  [<BUILD_ROOT>/vivado_project/v41_g2a_r1i_gen2_offline.gen/sources_1/ip/xdma_v41_m1/xdma_v4_2/hdl/verilog/xdma_v41_m1_dma_req.sv:201]
WARNING: [Synth 8-6014] Unused sequential element tx_64.req_rid_reg was removed.  [<BUILD_ROOT>/vivado_project/v41_g2a_r1i_gen2_offline.gen/sources_1/ip/xdma_v41_m1/xdma_v4_2/hdl/verilog/xdma_v41_m1_dma_req.sv:202]
WARNING: [Synth 8-6014] Unused sequential element tx_64.req_tag_reg was removed.  [<BUILD_ROOT>/vivado_project/v41_g2a_r1i_gen2_offline.gen/sources_1/ip/xdma_v41_m1/xdma_v4_2/hdl/verilog/xdma_v41_m1_dma_req.sv:203]
WARNING: [Synth 8-6014] Unused sequential element tx_64.req_cid_reg was removed.  [<BUILD_ROOT>/vivado_project/v41_g2a_r1i_gen2_offline.gen/sources_1/ip/xdma_v41_m1/xdma_v4_2/hdl/verilog/xdma_v41_m1_dma_req.sv:204]
WARNING: [Synth 8-6014] Unused sequential element tx_64.req_tc_reg was removed.  [<BUILD_ROOT>/vivado_project/v41_g2a_r1i_gen2_offline.gen/sources_1/ip/xdma_v41_m1/xdma_v4_2/hdl/verilog/xdma_v41_m1_dma_req.sv:205]
WARNING: [Synth 8-6014] Unused sequential element tx_64.req_attr_reg was removed.  [<BUILD_ROOT>/vivado_project/v41_g2a_r1i_gen2_offline.gen/sources_1/ip/xdma_v41_m1/xdma_v4_2/hdl/verilog/xdma_v41_m1_dma_req.sv:206]
WARNING: [Synth 8-6014] Unused sequential element rc_64.wr_td_reg was removed.  [<BUILD_ROOT>/vivado_project/v41_g2a_r1i_gen2_offline.gen/sources_1/ip/xdma_v41_m1/xdma_v4_2/hdl/verilog/xdma_v41_m1_dma_cpl.sv:183]
WARNING: [Synth 8-6014] Unused sequential element rc_64.wr_rid_reg was removed.  [<BUILD_ROOT>/vivado_project/v41_g2a_r1i_gen2_offline.gen/sources_1/ip/xdma_v41_m1/xdma_v4_2/hdl/verilog/xdma_v41_m1_dma_cpl.sv:187]
WARNING: [Synth 8-6014] Unused sequential element rc_64.wr_be_reg was removed.  [<BUILD_ROOT>/vivado_project/v41_g2a_r1i_gen2_offline.gen/sources_1/ip/xdma_v41_m1/xdma_v4_2/hdl/verilog/xdma_v41_m1_dma_cpl.sv:190]
WARNING: [Synth 8-6014] Unused sequential element rc_64.wr_addr_reg was removed.  [<BUILD_ROOT>/vivado_project/v41_g2a_r1i_gen2_offline.gen/sources_1/ip/xdma_v41_m1/xdma_v4_2/hdl/verilog/xdma_v41_m1_dma_cpl.sv:191]
WARNING: [Synth 8-6014] Unused sequential element wr_data_reg_reg was removed.  [<BUILD_ROOT>/vivado_project/v41_g2a_r1i_gen2_offline.gen/sources_1/ip/xdma_v41_m1/xdma_v4_2/hdl/verilog/xdma_v41_m1_dma_cpl.sv:161]
WARNING: [Synth 8-6014] Unused sequential element tx_64.req_id_en_reg was removed.  [<BUILD_ROOT>/vivado_project/v41_g2a_r1i_gen2_offline.gen/sources_1/ip/xdma_v41_m1/xdma_v4_2/hdl/verilog/xdma_v41_m1_tgt_req.sv:173]
WARNING: [Synth 8-6014] Unused sequential element tx_64.req_ep_reg was removed.  [<BUILD_ROOT>/vivado_project/v41_g2a_r1i_gen2_offline.gen/sources_1/ip/xdma_v41_m1/xdma_v4_2/hdl/verilog/xdma_v41_m1_tgt_req.sv:180]
WARNING: [Synth 8-6014] Unused sequential element tx_64.req_lbe_reg was removed.  [<BUILD_ROOT>/vivado_project/v41_g2a_r1i_gen2_offline.gen/sources_1/ip/xdma_v41_m1/xdma_v4_2/hdl/verilog/xdma_v41_m1_tgt_req.sv:187]
WARNING: [Synth 8-6014] Unused sequential element tx_64.compl_cid_reg was removed.  [<BUILD_ROOT>/vivado_project/v41_g2a_r1i_gen2_offline.gen/sources_1/ip/xdma_v41_m1/xdma_v4_2/hdl/verilog/xdma_v41_m1_tgt_cpl.sv:166]
WARNING: [Synth 8-6014] Unused sequential element tx_64.compl_tc_reg was removed.  [<BUILD_ROOT>/vivado_project/v41_g2a_r1i_gen2_offline.gen/sources_1/ip/xdma_v41_m1/xdma_v4_2/hdl/verilog/xdma_v41_m1_tgt_cpl.sv:167]
WARNING: [Synth 8-6014] Unused sequential element tx_64.compl_attr_reg was removed.  [<BUILD_ROOT>/vivado_project/v41_g2a_r1i_gen2_offline.gen/sources_1/ip/xdma_v41_m1/xdma_v4_2/hdl/verilog/xdma_v41_m1_tgt_cpl.sv:168]
WARNING: [Synth 8-6014] Unused sequential element tx_64.compl_ecrc_reg was removed.  [<BUILD_ROOT>/vivado_project/v41_g2a_r1i_gen2_offline.gen/sources_1/ip/xdma_v41_m1/xdma_v4_2/hdl/verilog/xdma_v41_m1_tgt_cpl.sv:169]
WARNING: [Synth 8-3848] Net pcie_rq_tag in module/entity xdma_v41_m1_axi_stream_intf does not have driver. [<BUILD_ROOT>/vivado_project/v41_g2a_r1i_gen2_offline.gen/sources_1/ip/xdma_v41_m1/xdma_v4_2/hdl/verilog/xdma_v41_m1_axi_stream_intf.sv:145]
WARNING: [Synth 8-3848] Net pcie_rq_tag_vld in module/entity xdma_v41_m1_axi_stream_intf does not have driver. [<BUILD_ROOT>/vivado_project/v41_g2a_r1i_gen2_offline.gen/sources_1/ip/xdma_v41_m1/xdma_v4_2/hdl/verilog/xdma_v41_m1_axi_stream_intf.sv:146]
WARNING: [Synth 8-6014] Unused sequential element s_axis_tx_tlast_reg was removed.  [<BUILD_ROOT>/vivado_project/v41_g2a_r1i_gen2_offline.gen/sources_1/ip/xdma_v41_m1/xdma_v4_2/hdl/verilog/xdma_v41_m1_cfg_sideband.sv:787]
WARNING: [Synth 8-3848] Net g2ip_pl_transmit_hot_rst in module/entity xdma_v41_m1_cfg_sideband does not have driver. [<BUILD_ROOT>/vivado_project/v41_g2a_r1i_gen2_offline.gen/sources_1/ip/xdma_v41_m1/xdma_v4_2/hdl/verilog/xdma_v41_m1_cfg_sideband.sv:265]
WARNING: [Synth 8-3848] Net g2ip_pl_downstream_deemph_source in module/entity xdma_v41_m1_cfg_sideband does not have driver. [<BUILD_ROOT>/vivado_project/v41_g2a_r1i_gen2_offline.gen/sources_1/ip/xdma_v41_m1/xdma_v4_2/hdl/verilog/xdma_v41_m1_cfg_sideband.sv:266]
WARNING: [Synth 8-3848] Net cfg_function_power_state in module/entity xdma_v41_m1_cfg_sideband does not have driver. [<BUILD_ROOT>/vivado_project/v41_g2a_r1i_gen2_offline.gen/sources_1/ip/xdma_v41_m1/xdma_v4_2/hdl/verilog/xdma_v41_m1_cfg_sideband.sv:286]
WARNING: [Synth 8-3848] Net cfg_link_power_state in module/entity xdma_v41_m1_cfg_sideband does not have driver. [<BUILD_ROOT>/vivado_project/v41_g2a_r1i_gen2_offline.gen/sources_1/ip/xdma_v41_m1/xdma_v4_2/hdl/verilog/xdma_v41_m1_cfg_sideband.sv:287]
WARNING: [Synth 8-3848] Net cfg_ltssm_state in module/entity xdma_v41_m1_cfg_sideband does not have driver. [<BUILD_ROOT>/vivado_project/v41_g2a_r1i_gen2_offline.gen/sources_1/ip/xdma_v41_m1/xdma_v4_2/hdl/verilog/xdma_v41_m1_cfg_sideband.sv:305]
WARNING: [Synth 8-3848] Net cfg_dpa_substate_change in module/entity xdma_v41_m1_cfg_sideband does not have driver. [<BUILD_ROOT>/vivado_project/v41_g2a_r1i_gen2_offline.gen/sources_1/ip/xdma_v41_m1/xdma_v4_2/hdl/verilog/xdma_v41_m1_cfg_sideband.sv:307]
WARNING: [Synth 8-3848] Net cfg_obff_enable in module/entity xdma_v41_m1_cfg_sideband does not have driver. [<BUILD_ROOT>/vivado_project/v41_g2a_r1i_gen2_offline.gen/sources_1/ip/xdma_v41_m1/xdma_v4_2/hdl/verilog/xdma_v41_m1_cfg_sideband.sv:308]
WARNING: [Synth 8-3848] Net cfg_pl_status_change in module/entity xdma_v41_m1_cfg_sideband does not have driver. [<BUILD_ROOT>/vivado_project/v41_g2a_r1i_gen2_offline.gen/sources_1/ip/xdma_v41_m1/xdma_v4_2/hdl/verilog/xdma_v41_m1_cfg_sideband.sv:309]
WARNING: [Synth 8-3848] Net cfg_msg_received in module/entity xdma_v41_m1_cfg_sideband does not have driver. [<BUILD_ROOT>/vivado_project/v41_g2a_r1i_gen2_offline.gen/sources_1/ip/xdma_v41_m1/xdma_v4_2/hdl/verilog/xdma_v41_m1_cfg_sideband.sv:311]
WARNING: [Synth 8-3848] Net cfg_msg_received_data in module/entity xdma_v41_m1_cfg_sideband does not have driver. [<BUILD_ROOT>/vivado_project/v41_g2a_r1i_gen2_offline.gen/sources_1/ip/xdma_v41_m1/xdma_v4_2/hdl/verilog/xdma_v41_m1_cfg_sideband.sv:312]
WARNING: [Synth 8-3848] Net cfg_msg_received_type in module/entity xdma_v41_m1_cfg_sideband does not have driver. [<BUILD_ROOT>/vivado_project/v41_g2a_r1i_gen2_offline.gen/sources_1/ip/xdma_v41_m1/xdma_v4_2/hdl/verilog/xdma_v41_m1_cfg_sideband.sv:313]
WARNING: [Synth 8-3848] Net cfg_msg_transmit_done in module/entity xdma_v41_m1_cfg_sideband does not have driver. [<BUILD_ROOT>/vivado_project/v41_g2a_r1i_gen2_offline.gen/sources_1/ip/xdma_v41_m1/xdma_v4_2/hdl/verilog/xdma_v41_m1_cfg_sideband.sv:318]
WARNING: [Synth 8-3848] Net cfg_per_func_status_data in module/entity xdma_v41_m1_cfg_sideband does not have driver. [<BUILD_ROOT>/vivado_project/v41_g2a_r1i_gen2_offline.gen/sources_1/ip/xdma_v41_m1/xdma_v4_2/hdl/verilog/xdma_v41_m1_cfg_sideband.sv:329]
WARNING: [Synth 8-3848] Net cfg_per_function_update_done in module/entity xdma_v41_m1_cfg_sideband does not have driver. [<BUILD_ROOT>/vivado_project/v41_g2a_r1i_gen2_offline.gen/sources_1/ip/xdma_v41_m1/xdma_v4_2/hdl/verilog/xdma_v41_m1_cfg_sideband.sv:332]
WARNING: [Synth 8-3848] Net cfg_power_state_change_interrupt in module/entity xdma_v41_m1_cfg_sideband does not have driver. [<BUILD_ROOT>/vivado_project/v41_g2a_r1i_gen2_offline.gen/sources_1/ip/xdma_v41_m1/xdma_v4_2/hdl/verilog/xdma_v41_m1_cfg_sideband.sv:336]
WARNING: [Synth 8-3848] Net cfg_ext_read_received in module/entity xdma_v41_m1_cfg_sideband does not have driver. [<BUILD_ROOT>/vivado_project/v41_g2a_r1i_gen2_offline.gen/sources_1/ip/xdma_v41_m1/xdma_v4_2/hdl/verilog/xdma_v41_m1_cfg_sideband.sv:342]
WARNING: [Synth 8-3848] Net cfg_ext_write_received in module/entity xdma_v41_m1_cfg_sideband does not have driver. [<BUILD_ROOT>/vivado_project/v41_g2a_r1i_gen2_offline.gen/sources_1/ip/xdma_v41_m1/xdma_v4_2/hdl/verilog/xdma_v41_m1_cfg_sideband.sv:343]
WARNING: [Synth 8-3848] Net cfg_ext_register_number in module/entity xdma_v41_m1_cfg_sideband does not have driver. [<BUILD_ROOT>/vivado_project/v41_g2a_r1i_gen2_offline.gen/sources_1/ip/xdma_v41_m1/xdma_v4_2/hdl/verilog/xdma_v41_m1_cfg_sideband.sv:344]
WARNING: [Synth 8-3848] Net cfg_ext_function_number in module/entity xdma_v41_m1_cfg_sideband does not have driver. [<BUILD_ROOT>/vivado_project/v41_g2a_r1i_gen2_offline.gen/sources_1/ip/xdma_v41_m1/xdma_v4_2/hdl/verilog/xdma_v41_m1_cfg_sideband.sv:345]
WARNING: [Synth 8-3848] Net cfg_ext_write_data in module/entity xdma_v41_m1_cfg_sideband does not have driver. [<BUILD_ROOT>/vivado_project/v41_g2a_r1i_gen2_offline.gen/sources_1/ip/xdma_v41_m1/xdma_v4_2/hdl/verilog/xdma_v41_m1_cfg_sideband.sv:346]
WARNING: [Synth 8-3848] Net cfg_ext_write_byte_enable in module/entity xdma_v41_m1_cfg_sideband does not have driver. [<BUILD_ROOT>/vivado_project/v41_g2a_r1i_gen2_offline.gen/sources_1/ip/xdma_v41_m1/xdma_v4_2/hdl/verilog/xdma_v41_m1_cfg_sideband.sv:347]
WARNING: [Synth 8-3848] Net cfg_interrupt_msi_mask_update in module/entity xdma_v41_m1_cfg_sideband does not have driver. [<BUILD_ROOT>/vivado_project/v41_g2a_r1i_gen2_offline.gen/sources_1/ip/xdma_v41_m1/xdma_v4_2/hdl/verilog/xdma_v41_m1_cfg_sideband.sv:362]
WARNING: [Synth 8-3848] Net cfg_interrupt_msi_data in module/entity xdma_v41_m1_cfg_sideband does not have driver. [<BUILD_ROOT>/vivado_project/v41_g2a_r1i_gen2_offline.gen/sources_1/ip/xdma_v41_m1/xdma_v4_2/hdl/verilog/xdma_v41_m1_cfg_sideband.sv:363]
WARNING: [Synth 8-3848] Net cfg_interrupt_msi_vf_enable in module/entity xdma_v41_m1_cfg_sideband does not have driver. [<BUILD_ROOT>/vivado_project/v41_g2a_r1i_gen2_offline.gen/sources_1/ip/xdma_v41_m1/xdma_v4_2/hdl/verilog/xdma_v41_m1_cfg_sideband.sv:375]
WARNING: [Synth 8-3848] Net cfg_vf_status in module/entity xdma_v41_m1_cfg_sideband does not have driver. [<BUILD_ROOT>/vivado_project/v41_g2a_r1i_gen2_offline.gen/sources_1/ip/xdma_v41_m1/xdma_v4_2/hdl/verilog/xdma_v41_m1_cfg_sideband.sv:376]
WARNING: [Synth 8-3848] Net cfg_vf_power_state in module/entity xdma_v41_m1_cfg_sideband does not have driver. [<BUILD_ROOT>/vivado_project/v41_g2a_r1i_gen2_offline.gen/sources_1/ip/xdma_v41_m1/xdma_v4_2/hdl/verilog/xdma_v41_m1_cfg_sideband.sv:377]
WARNING: [Synth 8-3848] Net cfg_tph_requester_enable in module/entity xdma_v41_m1_cfg_sideband does not have driver. [<BUILD_ROOT>/vivado_project/v41_g2a_r1i_gen2_offline.gen/sources_1/ip/xdma_v41_m1/xdma_v4_2/hdl/verilog/xdma_v41_m1_cfg_sideband.sv:378]
WARNING: [Synth 8-3848] Net cfg_tph_st_mode in module/entity xdma_v41_m1_cfg_sideband does not have driver. [<BUILD_ROOT>/vivado_project/v41_g2a_r1i_gen2_offline.gen/sources_1/ip/xdma_v41_m1/xdma_v4_2/hdl/verilog/xdma_v41_m1_cfg_sideband.sv:379]
WARNING: [Synth 8-3848] Net cfg_vf_tph_requester_enable in module/entity xdma_v41_m1_cfg_sideband does not have driver. [<BUILD_ROOT>/vivado_project/v41_g2a_r1i_gen2_offline.gen/sources_1/ip/xdma_v41_m1/xdma_v4_2/hdl/verilog/xdma_v41_m1_cfg_sideband.sv:380]
WARNING: [Synth 8-3848] Net cfg_vf_tph_st_mode in module/entity xdma_v41_m1_cfg_sideband does not have driver. [<BUILD_ROOT>/vivado_project/v41_g2a_r1i_gen2_offline.gen/sources_1/ip/xdma_v41_m1/xdma_v4_2/hdl/verilog/xdma_v41_m1_cfg_sideband.sv:381]
WARNING: [Synth 8-3848] Net cfg_flr_in_process in module/entity xdma_v41_m1_cfg_sideband does not have driver. [<BUILD_ROOT>/vivado_project/v41_g2a_r1i_gen2_offline.gen/sources_1/ip/xdma_v41_m1/xdma_v4_2/hdl/verilog/xdma_v41_m1_cfg_sideband.sv:382]
WARNING: [Synth 8-3848] Net cfg_vf_flr_in_process in module/entity xdma_v41_m1_cfg_sideband does not have driver. [<BUILD_ROOT>/vivado_project/v41_g2a_r1i_gen2_offline.gen/sources_1/ip/xdma_v41_m1/xdma_v4_2/hdl/verilog/xdma_v41_m1_cfg_sideband.sv:383]
WARNING: [Synth 8-3848] Net cfg_hot_reset_out in module/entity xdma_v41_m1_cfg_sideband does not have driver. [<BUILD_ROOT>/vivado_project/v41_g2a_r1i_gen2_offline.gen/sources_1/ip/xdma_v41_m1/xdma_v4_2/hdl/verilog/xdma_v41_m1_cfg_sideband.sv:388]
INFO: [Synth 8-6014] Unused sequential element trn_rdllp_src_rdy_d_reg was removed.  [<BUILD_ROOT>/vivado_project/v41_g2a_r1i_gen2_offline.gen/sources_1/ip/xdma_v41_m1/ip_0/source/xdma_v41_m1_pcie2_ip_axi_basic_tx_thrtl_ctl.v:421]
INFO: [Synth 8-6014] Unused sequential element reg_tlast_reg was removed.  [<BUILD_ROOT>/vivado_project/v41_g2a_r1i_gen2_offline.gen/sources_1/ip/xdma_v41_m1/ip_0/source/xdma_v41_m1_pcie2_ip_axi_basic_tx_thrtl_ctl.v:655]
INFO: [Synth 8-6014] Unused sequential element flush_axi_reg was removed.  [<BUILD_ROOT>/vivado_project/v41_g2a_r1i_gen2_offline.gen/sources_1/ip/xdma_v41_m1/ip_0/source/xdma_v41_m1_pcie2_ip_axi_basic_tx_pipeline.v:528]
INFO: [Synth 8-6014] Unused sequential element reg_eios_detected_reg was removed.  [<BUILD_ROOT>/vivado_project/v41_g2a_r1i_gen2_offline.gen/sources_1/ip/xdma_v41_m1/ip_0/source/xdma_v41_m1_pcie2_ip_gt_rx_valid_filter_7x.v:135]
INFO: [Synth 8-6014] Unused sequential element gt_rx_is_skp0_q_reg was removed.  [<BUILD_ROOT>/vivado_project/v41_g2a_r1i_gen2_offline.gen/sources_1/ip/xdma_v41_m1/ip_0/source/xdma_v41_m1_pcie2_ip_gt_rx_valid_filter_7x.v:144]
INFO: [Synth 8-6014] Unused sequential element gt_rx_is_skp1_q_reg was removed.  [<BUILD_ROOT>/vivado_project/v41_g2a_r1i_gen2_offline.gen/sources_1/ip/xdma_v41_m1/ip_0/source/xdma_v41_m1_pcie2_ip_gt_rx_valid_filter_7x.v:145]
INFO: [Synth 8-6014] Unused sequential element pclk_sel_slave_reg was removed.  [<BUILD_ROOT>/vivado_project/v41_g2a_r1i_gen2_offline.gen/sources_1/ip/xdma_v41_m1/ip_0/source/xdma_v41_m1_pcie2_ip_pipe_clock.v:590]
INFO: [Synth 8-6014] Unused sequential element gen3_rdy_reg was removed.  [<BUILD_ROOT>/vivado_project/v41_g2a_r1i_gen2_offline.gen/sources_1/ip/xdma_v41_m1/ip_0/source/xdma_v41_m1_pcie2_ip_pipe_user.v:562]
WARNING: [Synth 8-6014] Unused sequential element rxsync_fsm_disable.rxsync_done_reg was removed.  [<BUILD_ROOT>/vivado_project/v41_g2a_r1i_gen2_offline.gen/sources_1/ip/xdma_v41_m1/ip_0/source/xdma_v41_m1_pcie2_ip_pipe_sync.v:613]
INFO: [Synth 8-6014] Unused sequential element pipe_lane[0].gt_rxrcvrdet_c_reg was removed.  [<BUILD_ROOT>/vivado_project/v41_g2a_r1i_gen2_offline.gen/sources_1/ip/xdma_v41_m1/ip_0/source/xdma_v41_m1_pcie2_ip_pipe_wrapper.v:1660]
WARNING: [Synth 8-6014] Unused sequential element sys_rst_lock_reg_reg was removed.  [<BUILD_ROOT>/vivado_project/v41_g2a_r1i_gen2_offline.gen/sources_1/ip/xdma_v41_m1/xdma_v4_2/hdl/verilog/xdma_v41_m1_core_top.sv:4090]
WARNING: [Synth 8-3848] Net gt_drp_clk in module/entity xdma_v41_m1_core_top does not have driver. [<BUILD_ROOT>/vivado_project/v41_g2a_r1i_gen2_offline.gen/sources_1/ip/xdma_v41_m1/xdma_v4_2/hdl/verilog/xdma_v41_m1_core_top.sv:2429]
WARNING: [Synth 8-3848] Net cfg_interrupt_msix_enable_int in module/entity xdma_v41_m1_core_top does not have driver. [<BUILD_ROOT>/vivado_project/v41_g2a_r1i_gen2_offline.gen/sources_1/ip/xdma_v41_m1/xdma_v4_2/hdl/verilog/xdma_v41_m1_core_top.sv:3844]
WARNING: [Synth 8-3848] Net m_axis_h2c_tuser_1 in module/entity xdma_v41_m1_core_top does not have driver. [<BUILD_ROOT>/vivado_project/v41_g2a_r1i_gen2_offline.gen/sources_1/ip/xdma_v41_m1/xdma_v4_2/hdl/verilog/xdma_v41_m1_core_top.sv:2562]
WARNING: [Synth 8-3848] Net m_axis_h2c_tkeep_1 in module/entity xdma_v41_m1_core_top does not have driver. [<BUILD_ROOT>/vivado_project/v41_g2a_r1i_gen2_offline.gen/sources_1/ip/xdma_v41_m1/xdma_v4_2/hdl/verilog/xdma_v41_m1_core_top.sv:2563]
WARNING: [Synth 8-3848] Net m_axis_h2c_tuser_2 in module/entity xdma_v41_m1_core_top does not have driver. [<BUILD_ROOT>/vivado_project/v41_g2a_r1i_gen2_offline.gen/sources_1/ip/xdma_v41_m1/xdma_v4_2/hdl/verilog/xdma_v41_m1_core_top.sv:2569]
WARNING: [Synth 8-3848] Net m_axis_h2c_tkeep_2 in module/entity xdma_v41_m1_core_top does not have driver. [<BUILD_ROOT>/vivado_project/v41_g2a_r1i_gen2_offline.gen/sources_1/ip/xdma_v41_m1/xdma_v4_2/hdl/verilog/xdma_v41_m1_core_top.sv:2570]
WARNING: [Synth 8-3848] Net m_axis_h2c_tuser_3 in module/entity xdma_v41_m1_core_top does not have driver. [<BUILD_ROOT>/vivado_project/v41_g2a_r1i_gen2_offline.gen/sources_1/ip/xdma_v41_m1/xdma_v4_2/hdl/verilog/xdma_v41_m1_core_top.sv:2576]
WARNING: [Synth 8-3848] Net m_axis_h2c_tkeep_3 in module/entity xdma_v41_m1_core_top does not have driver. [<BUILD_ROOT>/vivado_project/v41_g2a_r1i_gen2_offline.gen/sources_1/ip/xdma_v41_m1/xdma_v4_2/hdl/verilog/xdma_v41_m1_core_top.sv:2577]
WARNING: [Synth 8-3848] Net c2h_sts_0 in module/entity xdma_v41_m1_core_top does not have driver. [<BUILD_ROOT>/vivado_project/v41_g2a_r1i_gen2_offline.gen/sources_1/ip/xdma_v41_m1/xdma_v4_2/hdl/verilog/xdma_v41_m1_core_top.sv:2720]
WARNING: [Synth 8-3848] Net h2c_sts_0 in module/entity xdma_v41_m1_core_top does not have driver. [<BUILD_ROOT>/vivado_project/v41_g2a_r1i_gen2_offline.gen/sources_1/ip/xdma_v41_m1/xdma_v4_2/hdl/verilog/xdma_v41_m1_core_top.sv:2721]
WARNING: [Synth 8-3848] Net c2h_sts_1 in module/entity xdma_v41_m1_core_top does not have driver. [<BUILD_ROOT>/vivado_project/v41_g2a_r1i_gen2_offline.gen/sources_1/ip/xdma_v41_m1/xdma_v4_2/hdl/verilog/xdma_v41_m1_core_top.sv:2724]
WARNING: [Synth 8-3848] Net h2c_sts_1 in module/entity xdma_v41_m1_core_top does not have driver. [<BUILD_ROOT>/vivado_project/v41_g2a_r1i_gen2_offline.gen/sources_1/ip/xdma_v41_m1/xdma_v4_2/hdl/verilog/xdma_v41_m1_core_top.sv:2725]
WARNING: [Synth 8-3848] Net c2h_sts_2 in module/entity xdma_v41_m1_core_top does not have driver. [<BUILD_ROOT>/vivado_project/v41_g2a_r1i_gen2_offline.gen/sources_1/ip/xdma_v41_m1/xdma_v4_2/hdl/verilog/xdma_v41_m1_core_top.sv:2728]
WARNING: [Synth 8-3848] Net h2c_sts_2 in module/entity xdma_v41_m1_core_top does not have driver. [<BUILD_ROOT>/vivado_project/v41_g2a_r1i_gen2_offline.gen/sources_1/ip/xdma_v41_m1/xdma_v4_2/hdl/verilog/xdma_v41_m1_core_top.sv:2729]
WARNING: [Synth 8-3848] Net c2h_sts_3 in module/entity xdma_v41_m1_core_top does not have driver. [<BUILD_ROOT>/vivado_project/v41_g2a_r1i_gen2_offline.gen/sources_1/ip/xdma_v41_m1/xdma_v4_2/hdl/verilog/xdma_v41_m1_core_top.sv:2732]
WARNING: [Synth 8-3848] Net h2c_sts_3 in module/entity xdma_v41_m1_core_top does not have driver. [<BUILD_ROOT>/vivado_project/v41_g2a_r1i_gen2_offline.gen/sources_1/ip/xdma_v41_m1/xdma_v4_2/hdl/verilog/xdma_v41_m1_core_top.sv:2733]
WARNING: [Synth 8-3848] Net pipe_debug_debug_out_128_0 in module/entity xdma_v41_m1_core_top does not have driver. [<BUILD_ROOT>/vivado_project/v41_g2a_r1i_gen2_offline.gen/sources_1/ip/xdma_v41_m1/xdma_v4_2/hdl/verilog/xdma_v41_m1_core_top.sv:2358]
WARNING: [Synth 8-3848] Net pipe_debug_debug_out_ext_16_0 in module/entity xdma_v41_m1_core_top does not have driver. [<BUILD_ROOT>/vivado_project/v41_g2a_r1i_gen2_offline.gen/sources_1/ip/xdma_v41_m1/xdma_v4_2/hdl/verilog/xdma_v41_m1_core_top.sv:2359]
WARNING: [Synth 8-3848] Net pipe_debug_debug_out_128_1 in module/entity xdma_v41_m1_core_top does not have driver. [<BUILD_ROOT>/vivado_project/v41_g2a_r1i_gen2_offline.gen/sources_1/ip/xdma_v41_m1/xdma_v4_2/hdl/verilog/xdma_v41_m1_core_top.sv:2360]
WARNING: [Synth 8-3848] Net pipe_debug_debug_out_ext_16_1 in module/entity xdma_v41_m1_core_top does not have driver. [<BUILD_ROOT>/vivado_project/v41_g2a_r1i_gen2_offline.gen/sources_1/ip/xdma_v41_m1/xdma_v4_2/hdl/verilog/xdma_v41_m1_core_top.sv:2361]
WARNING: [Synth 8-3848] Net pipe_debug_debug_out_128_2 in module/entity xdma_v41_m1_core_top does not have driver. [<BUILD_ROOT>/vivado_project/v41_g2a_r1i_gen2_offline.gen/sources_1/ip/xdma_v41_m1/xdma_v4_2/hdl/verilog/xdma_v41_m1_core_top.sv:2362]
WARNING: [Synth 8-3848] Net pipe_debug_debug_out_ext_16_2 in module/entity xdma_v41_m1_core_top does not have driver. [<BUILD_ROOT>/vivado_project/v41_g2a_r1i_gen2_offline.gen/sources_1/ip/xdma_v41_m1/xdma_v4_2/hdl/verilog/xdma_v41_m1_core_top.sv:2363]
WARNING: [Synth 8-3848] Net pipe_debug_debug_out_128_3 in module/entity xdma_v41_m1_core_top does not have driver. [<BUILD_ROOT>/vivado_project/v41_g2a_r1i_gen2_offline.gen/sources_1/ip/xdma_v41_m1/xdma_v4_2/hdl/verilog/xdma_v41_m1_core_top.sv:2364]
WARNING: [Synth 8-3848] Net pipe_debug_debug_out_ext_16_3 in module/entity xdma_v41_m1_core_top does not have driver. [<BUILD_ROOT>/vivado_project/v41_g2a_r1i_gen2_offline.gen/sources_1/ip/xdma_v41_m1/xdma_v4_2/hdl/verilog/xdma_v41_m1_core_top.sv:2365]
WARNING: [Synth 8-3848] Net pipe_debug_inject_tx_status in module/entity xdma_v41_m1_core_top does not have driver. [<BUILD_ROOT>/vivado_project/v41_g2a_r1i_gen2_offline.gen/sources_1/ip/xdma_v41_m1/xdma_v4_2/hdl/verilog/xdma_v41_m1_core_top.sv:2366]
WARNING: [Synth 8-3848] Net pipe_debug_inject_rx_status in module/entity xdma_v41_m1_core_top does not have driver. [<BUILD_ROOT>/vivado_project/v41_g2a_r1i_gen2_offline.gen/sources_1/ip/xdma_v41_m1/xdma_v4_2/hdl/verilog/xdma_v41_m1_core_top.sv:2367]
WARNING: [Synth 8-3848] Net pipe_rxprbserr in module/entity xdma_v41_m1_core_top does not have driver. [<BUILD_ROOT>/vivado_project/v41_g2a_r1i_gen2_offline.gen/sources_1/ip/xdma_v41_m1/xdma_v4_2/hdl/verilog/xdma_v41_m1_core_top.sv:2968]
WARNING: [Synth 8-3848] Net pipe_rst_fsm in module/entity xdma_v41_m1_core_top does not have driver. [<BUILD_ROOT>/vivado_project/v41_g2a_r1i_gen2_offline.gen/sources_1/ip/xdma_v41_m1/xdma_v4_2/hdl/verilog/xdma_v41_m1_core_top.sv:2970]
WARNING: [Synth 8-3848] Net pipe_qrst_fsm in module/entity xdma_v41_m1_core_top does not have driver. [<BUILD_ROOT>/vivado_project/v41_g2a_r1i_gen2_offline.gen/sources_1/ip/xdma_v41_m1/xdma_v4_2/hdl/verilog/xdma_v41_m1_core_top.sv:2971]
WARNING: [Synth 8-3848] Net pipe_rate_fsm in module/entity xdma_v41_m1_core_top does not have driver. [<BUILD_ROOT>/vivado_project/v41_g2a_r1i_gen2_offline.gen/sources_1/ip/xdma_v41_m1/xdma_v4_2/hdl/verilog/xdma_v41_m1_core_top.sv:2972]
WARNING: [Synth 8-3848] Net pipe_sync_fsm_tx in module/entity xdma_v41_m1_core_top does not have driver. [<BUILD_ROOT>/vivado_project/v41_g2a_r1i_gen2_offline.gen/sources_1/ip/xdma_v41_m1/xdma_v4_2/hdl/verilog/xdma_v41_m1_core_top.sv:2973]
WARNING: [Synth 8-3848] Net pipe_sync_fsm_rx in module/entity xdma_v41_m1_core_top does not have driver. [<BUILD_ROOT>/vivado_project/v41_g2a_r1i_gen2_offline.gen/sources_1/ip/xdma_v41_m1/xdma_v4_2/hdl/verilog/xdma_v41_m1_core_top.sv:2974]
WARNING: [Synth 8-3848] Net pipe_drp_fsm in module/entity xdma_v41_m1_core_top does not have driver. [<BUILD_ROOT>/vivado_project/v41_g2a_r1i_gen2_offline.gen/sources_1/ip/xdma_v41_m1/xdma_v4_2/hdl/verilog/xdma_v41_m1_core_top.sv:2975]
WARNING: [Synth 8-3848] Net pipe_rst_idle in module/entity xdma_v41_m1_core_top does not have driver. [<BUILD_ROOT>/vivado_project/v41_g2a_r1i_gen2_offline.gen/sources_1/ip/xdma_v41_m1/xdma_v4_2/hdl/verilog/xdma_v41_m1_core_top.sv:2976]
WARNING: [Synth 8-3848] Net pipe_qrst_idle in module/entity xdma_v41_m1_core_top does not have driver. [<BUILD_ROOT>/vivado_project/v41_g2a_r1i_gen2_offline.gen/sources_1/ip/xdma_v41_m1/xdma_v4_2/hdl/verilog/xdma_v41_m1_core_top.sv:2977]
WARNING: [Synth 8-3848] Net pipe_rate_idle in module/entity xdma_v41_m1_core_top does not have driver. [<BUILD_ROOT>/vivado_project/v41_g2a_r1i_gen2_offline.gen/sources_1/ip/xdma_v41_m1/xdma_v4_2/hdl/verilog/xdma_v41_m1_core_top.sv:2978]
WARNING: [Synth 8-3848] Net pipe_eyescandataerror in module/entity xdma_v41_m1_core_top does not have driver. [<BUILD_ROOT>/vivado_project/v41_g2a_r1i_gen2_offline.gen/sources_1/ip/xdma_v41_m1/xdma_v4_2/hdl/verilog/xdma_v41_m1_core_top.sv:2979]
WARNING: [Synth 8-3848] Net pipe_rxstatus in module/entity xdma_v41_m1_core_top does not have driver. [<BUILD_ROOT>/vivado_project/v41_g2a_r1i_gen2_offline.gen/sources_1/ip/xdma_v41_m1/xdma_v4_2/hdl/verilog/xdma_v41_m1_core_top.sv:2980]
WARNING: [Synth 8-3848] Net pipe_dmonitorout in module/entity xdma_v41_m1_core_top does not have driver. [<BUILD_ROOT>/vivado_project/v41_g2a_r1i_gen2_offline.gen/sources_1/ip/xdma_v41_m1/xdma_v4_2/hdl/verilog/xdma_v41_m1_core_top.sv:2981]
WARNING: [Synth 8-3848] Net pipe_cpll_lock in module/entity xdma_v41_m1_core_top does not have driver. [<BUILD_ROOT>/vivado_project/v41_g2a_r1i_gen2_offline.gen/sources_1/ip/xdma_v41_m1/xdma_v4_2/hdl/verilog/xdma_v41_m1_core_top.sv:2982]
WARNING: [Synth 8-3848] Net pipe_qpll_lock in module/entity xdma_v41_m1_core_top does not have driver. [<BUILD_ROOT>/vivado_project/v41_g2a_r1i_gen2_offline.gen/sources_1/ip/xdma_v41_m1/xdma_v4_2/hdl/verilog/xdma_v41_m1_core_top.sv:2983]
WARNING: [Synth 8-3848] Net pipe_rxpmaresetdone in module/entity xdma_v41_m1_core_top does not have driver. [<BUILD_ROOT>/vivado_project/v41_g2a_r1i_gen2_offline.gen/sources_1/ip/xdma_v41_m1/xdma_v4_2/hdl/verilog/xdma_v41_m1_core_top.sv:2984]
WARNING: [Synth 8-3848] Net pipe_rxbufstatus in module/entity xdma_v41_m1_core_top does not have driver. [<BUILD_ROOT>/vivado_project/v41_g2a_r1i_gen2_offline.gen/sources_1/ip/xdma_v41_m1/xdma_v4_2/hdl/verilog/xdma_v41_m1_core_top.sv:2985]
WARNING: [Synth 8-3848] Net pipe_txphaligndone in module/entity xdma_v41_m1_core_top does not have driver. [<BUILD_ROOT>/vivado_project/v41_g2a_r1i_gen2_offline.gen/sources_1/ip/xdma_v41_m1/xdma_v4_2/hdl/verilog/xdma_v41_m1_core_top.sv:2986]
WARNING: [Synth 8-3848] Net pipe_txphinitdone in module/entity xdma_v41_m1_core_top does not have driver. [<BUILD_ROOT>/vivado_project/v41_g2a_r1i_gen2_offline.gen/sources_1/ip/xdma_v41_m1/xdma_v4_2/hdl/verilog/xdma_v41_m1_core_top.sv:2987]
WARNING: [Synth 8-3848] Net pipe_txdlysresetdone in module/entity xdma_v41_m1_core_top does not have driver. [<BUILD_ROOT>/vivado_project/v41_g2a_r1i_gen2_offline.gen/sources_1/ip/xdma_v41_m1/xdma_v4_2/hdl/verilog/xdma_v41_m1_core_top.sv:2988]
WARNING: [Synth 8-3848] Net pipe_rxphaligndone in module/entity xdma_v41_m1_core_top does not have driver. [<BUILD_ROOT>/vivado_project/v41_g2a_r1i_gen2_offline.gen/sources_1/ip/xdma_v41_m1/xdma_v4_2/hdl/verilog/xdma_v41_m1_core_top.sv:2989]
WARNING: [Synth 8-3848] Net pipe_rxdlysresetdone in module/entity xdma_v41_m1_core_top does not have driver. [<BUILD_ROOT>/vivado_project/v41_g2a_r1i_gen2_offline.gen/sources_1/ip/xdma_v41_m1/xdma_v4_2/hdl/verilog/xdma_v41_m1_core_top.sv:2990]
WARNING: [Synth 8-3848] Net pipe_rxsyncdone in module/entity xdma_v41_m1_core_top does not have driver. [<BUILD_ROOT>/vivado_project/v41_g2a_r1i_gen2_offline.gen/sources_1/ip/xdma_v41_m1/xdma_v4_2/hdl/verilog/xdma_v41_m1_core_top.sv:2991]
WARNING: [Synth 8-3848] Net pipe_rxdisperr in module/entity xdma_v41_m1_core_top does not have driver. [<BUILD_ROOT>/vivado_project/v41_g2a_r1i_gen2_offline.gen/sources_1/ip/xdma_v41_m1/xdma_v4_2/hdl/verilog/xdma_v41_m1_core_top.sv:2992]
WARNING: [Synth 8-3848] Net pipe_rxnotintable in module/entity xdma_v41_m1_core_top does not have driver. [<BUILD_ROOT>/vivado_project/v41_g2a_r1i_gen2_offline.gen/sources_1/ip/xdma_v41_m1/xdma_v4_2/hdl/verilog/xdma_v41_m1_core_top.sv:2993]
WARNING: [Synth 8-3848] Net pipe_rxcommadet in module/entity xdma_v41_m1_core_top does not have driver. [<BUILD_ROOT>/vivado_project/v41_g2a_r1i_gen2_offline.gen/sources_1/ip/xdma_v41_m1/xdma_v4_2/hdl/verilog/xdma_v41_m1_core_top.sv:2994]
WARNING: [Synth 8-3848] Net gt_ch_drp_rdy in module/entity xdma_v41_m1_core_top does not have driver. [<BUILD_ROOT>/vivado_project/v41_g2a_r1i_gen2_offline.gen/sources_1/ip/xdma_v41_m1/xdma_v4_2/hdl/verilog/xdma_v41_m1_core_top.sv:2995]
WARNING: [Synth 8-3848] Net pipe_debug_0 in module/entity xdma_v41_m1_core_top does not have driver. [<BUILD_ROOT>/vivado_project/v41_g2a_r1i_gen2_offline.gen/sources_1/ip/xdma_v41_m1/xdma_v4_2/hdl/verilog/xdma_v41_m1_core_top.sv:2996]
WARNING: [Synth 8-3848] Net pipe_debug_1 in module/entity xdma_v41_m1_core_top does not have driver. [<BUILD_ROOT>/vivado_project/v41_g2a_r1i_gen2_offline.gen/sources_1/ip/xdma_v41_m1/xdma_v4_2/hdl/verilog/xdma_v41_m1_core_top.sv:2997]
WARNING: [Synth 8-3848] Net pipe_debug_2 in module/entity xdma_v41_m1_core_top does not have driver. [<BUILD_ROOT>/vivado_project/v41_g2a_r1i_gen2_offline.gen/sources_1/ip/xdma_v41_m1/xdma_v4_2/hdl/verilog/xdma_v41_m1_core_top.sv:2998]
WARNING: [Synth 8-3848] Net pipe_debug_3 in module/entity xdma_v41_m1_core_top does not have driver. [<BUILD_ROOT>/vivado_project/v41_g2a_r1i_gen2_offline.gen/sources_1/ip/xdma_v41_m1/xdma_v4_2/hdl/verilog/xdma_v41_m1_core_top.sv:2999]
WARNING: [Synth 8-3848] Net pipe_debug_4 in module/entity xdma_v41_m1_core_top does not have driver. [<BUILD_ROOT>/vivado_project/v41_g2a_r1i_gen2_offline.gen/sources_1/ip/xdma_v41_m1/xdma_v4_2/hdl/verilog/xdma_v41_m1_core_top.sv:3000]
WARNING: [Synth 8-3848] Net pipe_debug_5 in module/entity xdma_v41_m1_core_top does not have driver. [<BUILD_ROOT>/vivado_project/v41_g2a_r1i_gen2_offline.gen/sources_1/ip/xdma_v41_m1/xdma_v4_2/hdl/verilog/xdma_v41_m1_core_top.sv:3001]
WARNING: [Synth 8-3848] Net pipe_debug_6 in module/entity xdma_v41_m1_core_top does not have driver. [<BUILD_ROOT>/vivado_project/v41_g2a_r1i_gen2_offline.gen/sources_1/ip/xdma_v41_m1/xdma_v4_2/hdl/verilog/xdma_v41_m1_core_top.sv:3002]
WARNING: [Synth 8-3848] Net pipe_debug_7 in module/entity xdma_v41_m1_core_top does not have driver. [<BUILD_ROOT>/vivado_project/v41_g2a_r1i_gen2_offline.gen/sources_1/ip/xdma_v41_m1/xdma_v4_2/hdl/verilog/xdma_v41_m1_core_top.sv:3003]
WARNING: [Synth 8-3848] Net pipe_debug_8 in module/entity xdma_v41_m1_core_top does not have driver. [<BUILD_ROOT>/vivado_project/v41_g2a_r1i_gen2_offline.gen/sources_1/ip/xdma_v41_m1/xdma_v4_2/hdl/verilog/xdma_v41_m1_core_top.sv:3004]
WARNING: [Synth 8-3848] Net pipe_debug_9 in module/entity xdma_v41_m1_core_top does not have driver. [<BUILD_ROOT>/vivado_project/v41_g2a_r1i_gen2_offline.gen/sources_1/ip/xdma_v41_m1/xdma_v4_2/hdl/verilog/xdma_v41_m1_core_top.sv:3005]
WARNING: [Synth 8-3848] Net pipe_debug in module/entity xdma_v41_m1_core_top does not have driver. [<BUILD_ROOT>/vivado_project/v41_g2a_r1i_gen2_offline.gen/sources_1/ip/xdma_v41_m1/xdma_v4_2/hdl/verilog/xdma_v41_m1_core_top.sv:3006]
WARNING: [Synth 8-3848] Net gt_txelecidle in module/entity xdma_v41_m1_core_top does not have driver. [<BUILD_ROOT>/vivado_project/v41_g2a_r1i_gen2_offline.gen/sources_1/ip/xdma_v41_m1/xdma_v4_2/hdl/verilog/xdma_v41_m1_core_top.sv:3021]
INFO: [Common 17-14] Message 'Synth 8-3848' appears 100 times and further instances of the messages will be disabled. Use the Tcl command set_msg_config to change the current settings.
WARNING: [Synth 8-7129] Port GT_RXDISPERR[7] in module xdma_v41_m1_pcie2_ip_gt_wrapper is either unconnected or has no load
WARNING: [Synth 8-7129] Port GT_RXDISPERR[6] in module xdma_v41_m1_pcie2_ip_gt_wrapper is either unconnected or has no load
WARNING: [Synth 8-7129] Port GT_RXDISPERR[5] in module xdma_v41_m1_pcie2_ip_gt_wrapper is either unconnected or has no load
WARNING: [Synth 8-7129] Port GT_RXDISPERR[4] in module xdma_v41_m1_pcie2_ip_gt_wrapper is either unconnected or has no load
WARNING: [Synth 8-7129] Port GT_RXNOTINTABLE[7] in module xdma_v41_m1_pcie2_ip_gt_wrapper is either unconnected or has no load
WARNING: [Synth 8-7129] Port GT_RXNOTINTABLE[6] in module xdma_v41_m1_pcie2_ip_gt_wrapper is either unconnected or has no load
WARNING: [Synth 8-7129] Port GT_RXNOTINTABLE[5] in module xdma_v41_m1_pcie2_ip_gt_wrapper is either unconnected or has no load
WARNING: [Synth 8-7129] Port GT_RXNOTINTABLE[4] in module xdma_v41_m1_pcie2_ip_gt_wrapper is either unconnected or has no load
WARNING: [Synth 8-7129] Port GT_RXCHBONDO[4] in module xdma_v41_m1_pcie2_ip_gt_wrapper is either unconnected or has no load
WARNING: [Synth 8-7129] Port GT_GEN3 in module xdma_v41_m1_pcie2_ip_gt_wrapper is either unconnected or has no load
WARNING: [Synth 8-7129] Port GT_RX_CONVERGE in module xdma_v41_m1_pcie2_ip_gt_wrapper is either unconnected or has no load
WARNING: [Synth 8-7129] Port GT_GTREFCLK0 in module xdma_v41_m1_pcie2_ip_gt_wrapper is either unconnected or has no load
WARNING: [Synth 8-7129] Port GT_CPLLPD in module xdma_v41_m1_pcie2_ip_gt_wrapper is either unconnected or has no load
WARNING: [Synth 8-7129] Port GT_CPLLRESET in module xdma_v41_m1_pcie2_ip_gt_wrapper is either unconnected or has no load
WARNING: [Synth 8-7129] Port GT_RXDFELPMRESET in module xdma_v41_m1_pcie2_ip_gt_wrapper is either unconnected or has no load
WARNING: [Synth 8-7129] Port GT_RXCHBONDI[4] in module xdma_v41_m1_pcie2_ip_gt_wrapper is either unconnected or has no load
WARNING: [Synth 8-7129] Port CLK_CLK in module xdma_v41_m1_pcie2_ip_pipe_clock is either unconnected or has no load
WARNING: [Synth 8-7129] Port CLK_RXOUTCLK_IN[0] in module xdma_v41_m1_pcie2_ip_pipe_clock is either unconnected or has no load
WARNING: [Synth 8-7129] Port INT_QPLLLOCK_OUT[1] in module xdma_v41_m1_pcie2_ip_pipe_wrapper is either unconnected or has no load
WARNING: [Synth 8-7129] Port INT_QPLLOUTCLK_OUT[1] in module xdma_v41_m1_pcie2_ip_pipe_wrapper is either unconnected or has no load
WARNING: [Synth 8-7129] Port INT_QPLLOUTREFCLK_OUT[1] in module xdma_v41_m1_pcie2_ip_pipe_wrapper is either unconnected or has no load
WARNING: [Synth 8-7129] Port QPLL_QPLLRESET[1] in module xdma_v41_m1_pcie2_ip_pipe_wrapper is either unconnected or has no load
WARNING: [Synth 8-7129] Port PIPE_PCLK_IN in module xdma_v41_m1_pcie2_ip_pipe_wrapper is either unconnected or has no load
WARNING: [Synth 8-7129] Port PIPE_RXUSRCLK_IN in module xdma_v41_m1_pcie2_ip_pipe_wrapper is either unconnected or has no load
WARNING: [Synth 8-7129] Port PIPE_RXOUTCLK_IN[0] in module xdma_v41_m1_pcie2_ip_pipe_wrapper is either unconnected or has no load
WARNING: [Synth 8-7129] Port PIPE_DCLK_IN in module xdma_v41_m1_pcie2_ip_pipe_wrapper is either unconnected or has no load
WARNING: [Synth 8-7129] Port PIPE_USERCLK1_IN in module xdma_v41_m1_pcie2_ip_pipe_wrapper is either unconnected or has no load
WARNING: [Synth 8-7129] Port PIPE_USERCLK2_IN in module xdma_v41_m1_pcie2_ip_pipe_wrapper is either unconnected or has no load
WARNING: [Synth 8-7129] Port PIPE_OOBCLK_IN in module xdma_v41_m1_pcie2_ip_pipe_wrapper is either unconnected or has no load
WARNING: [Synth 8-7129] Port PIPE_MMCM_LOCK_IN in module xdma_v41_m1_pcie2_ip_pipe_wrapper is either unconnected or has no load
WARNING: [Synth 8-7129] Port QPLL_DRP_CRSCODE[11] in module xdma_v41_m1_pcie2_ip_pipe_wrapper is either unconnected or has no load
WARNING: [Synth 8-7129] Port QPLL_DRP_CRSCODE[10] in module xdma_v41_m1_pcie2_ip_pipe_wrapper is either unconnected or has no load
WARNING: [Synth 8-7129] Port QPLL_DRP_CRSCODE[9] in module xdma_v41_m1_pcie2_ip_pipe_wrapper is either unconnected or has no load
WARNING: [Synth 8-7129] Port QPLL_DRP_CRSCODE[8] in module xdma_v41_m1_pcie2_ip_pipe_wrapper is either unconnected or has no load
WARNING: [Synth 8-7129] Port QPLL_DRP_CRSCODE[7] in module xdma_v41_m1_pcie2_ip_pipe_wrapper is either unconnected or has no load
WARNING: [Synth 8-7129] Port QPLL_DRP_CRSCODE[6] in module xdma_v41_m1_pcie2_ip_pipe_wrapper is either unconnected or has no load
WARNING: [Synth 8-7129] Port QPLL_DRP_CRSCODE[5] in module xdma_v41_m1_pcie2_ip_pipe_wrapper is either unconnected or has no load
WARNING: [Synth 8-7129] Port QPLL_DRP_CRSCODE[4] in module xdma_v41_m1_pcie2_ip_pipe_wrapper is either unconnected or has no load
WARNING: [Synth 8-7129] Port QPLL_DRP_CRSCODE[3] in module xdma_v41_m1_pcie2_ip_pipe_wrapper is either unconnected or has no load
WARNING: [Synth 8-7129] Port QPLL_DRP_CRSCODE[2] in module xdma_v41_m1_pcie2_ip_pipe_wrapper is either unconnected or has no load
WARNING: [Synth 8-7129] Port QPLL_DRP_CRSCODE[1] in module xdma_v41_m1_pcie2_ip_pipe_wrapper is either unconnected or has no load
WARNING: [Synth 8-7129] Port QPLL_DRP_CRSCODE[0] in module xdma_v41_m1_pcie2_ip_pipe_wrapper is either unconnected or has no load
WARNING: [Synth 8-7129] Port QPLL_DRP_FSM[17] in module xdma_v41_m1_pcie2_ip_pipe_wrapper is either unconnected or has no load
WARNING: [Synth 8-7129] Port QPLL_DRP_FSM[16] in module xdma_v41_m1_pcie2_ip_pipe_wrapper is either unconnected or has no load
WARNING: [Synth 8-7129] Port QPLL_DRP_FSM[15] in module xdma_v41_m1_pcie2_ip_pipe_wrapper is either unconnected or has no load
WARNING: [Synth 8-7129] Port QPLL_DRP_FSM[14] in module xdma_v41_m1_pcie2_ip_pipe_wrapper is either unconnected or has no load
WARNING: [Synth 8-7129] Port QPLL_DRP_FSM[13] in module xdma_v41_m1_pcie2_ip_pipe_wrapper is either unconnected or has no load
WARNING: [Synth 8-7129] Port QPLL_DRP_FSM[12] in module xdma_v41_m1_pcie2_ip_pipe_wrapper is either unconnected or has no load
WARNING: [Synth 8-7129] Port QPLL_DRP_FSM[11] in module xdma_v41_m1_pcie2_ip_pipe_wrapper is either unconnected or has no load
WARNING: [Synth 8-7129] Port QPLL_DRP_FSM[10] in module xdma_v41_m1_pcie2_ip_pipe_wrapper is either unconnected or has no load
WARNING: [Synth 8-7129] Port QPLL_DRP_FSM[9] in module xdma_v41_m1_pcie2_ip_pipe_wrapper is either unconnected or has no load
WARNING: [Synth 8-7129] Port QPLL_DRP_FSM[8] in module xdma_v41_m1_pcie2_ip_pipe_wrapper is either unconnected or has no load
WARNING: [Synth 8-7129] Port QPLL_DRP_FSM[7] in module xdma_v41_m1_pcie2_ip_pipe_wrapper is either unconnected or has no load
WARNING: [Synth 8-7129] Port QPLL_DRP_FSM[6] in module xdma_v41_m1_pcie2_ip_pipe_wrapper is either unconnected or has no load
WARNING: [Synth 8-7129] Port QPLL_DRP_FSM[5] in module xdma_v41_m1_pcie2_ip_pipe_wrapper is either unconnected or has no load
WARNING: [Synth 8-7129] Port QPLL_DRP_FSM[4] in module xdma_v41_m1_pcie2_ip_pipe_wrapper is either unconnected or has no load
WARNING: [Synth 8-7129] Port QPLL_DRP_FSM[3] in module xdma_v41_m1_pcie2_ip_pipe_wrapper is either unconnected or has no load
WARNING: [Synth 8-7129] Port QPLL_DRP_FSM[2] in module xdma_v41_m1_pcie2_ip_pipe_wrapper is either unconnected or has no load
WARNING: [Synth 8-7129] Port QPLL_DRP_FSM[1] in module xdma_v41_m1_pcie2_ip_pipe_wrapper is either unconnected or has no load
WARNING: [Synth 8-7129] Port QPLL_DRP_FSM[0] in module xdma_v41_m1_pcie2_ip_pipe_wrapper is either unconnected or has no load
WARNING: [Synth 8-7129] Port QPLL_DRP_DONE[1] in module xdma_v41_m1_pcie2_ip_pipe_wrapper is either unconnected or has no load
WARNING: [Synth 8-7129] Port QPLL_DRP_DONE[0] in module xdma_v41_m1_pcie2_ip_pipe_wrapper is either unconnected or has no load
WARNING: [Synth 8-7129] Port QPLL_DRP_RESET[1] in module xdma_v41_m1_pcie2_ip_pipe_wrapper is either unconnected or has no load
WARNING: [Synth 8-7129] Port QPLL_DRP_RESET[0] in module xdma_v41_m1_pcie2_ip_pipe_wrapper is either unconnected or has no load
WARNING: [Synth 8-7129] Port QPLL_QPLLLOCK[1] in module xdma_v41_m1_pcie2_ip_pipe_wrapper is either unconnected or has no load
WARNING: [Synth 8-7129] Port QPLL_QPLLLOCK[0] in module xdma_v41_m1_pcie2_ip_pipe_wrapper is either unconnected or has no load
WARNING: [Synth 8-7129] Port QPLL_QPLLOUTCLK[1] in module xdma_v41_m1_pcie2_ip_pipe_wrapper is either unconnected or has no load
WARNING: [Synth 8-7129] Port QPLL_QPLLOUTCLK[0] in module xdma_v41_m1_pcie2_ip_pipe_wrapper is either unconnected or has no load
WARNING: [Synth 8-7129] Port QPLL_QPLLOUTREFCLK[1] in module xdma_v41_m1_pcie2_ip_pipe_wrapper is either unconnected or has no load
WARNING: [Synth 8-7129] Port QPLL_QPLLOUTREFCLK[0] in module xdma_v41_m1_pcie2_ip_pipe_wrapper is either unconnected or has no load
WARNING: [Synth 8-7129] Port PIPE_JTAG_EN in module xdma_v41_m1_pcie2_ip_pipe_wrapper is either unconnected or has no load
WARNING: [Synth 8-7129] Port PLM_IN_RS in module xdma_v41_m1_pcie2_ip_gt_rx_valid_filter_7x is either unconnected or has no load
WARNING: [Synth 8-7129] Port pipe_tx_reset in module xdma_v41_m1_pcie2_ip_gt_top is either unconnected or has no load
WARNING: [Synth 8-7129] Port pipe_rx1_polarity in module xdma_v41_m1_pcie2_ip_gt_top is either unconnected or has no load
WARNING: [Synth 8-7129] Port pipe_tx1_compliance in module xdma_v41_m1_pcie2_ip_gt_top is either unconnected or has no load
WARNING: [Synth 8-7129] Port pipe_tx1_char_is_k[1] in module xdma_v41_m1_pcie2_ip_gt_top is either unconnected or has no load
WARNING: [Synth 8-7129] Port pipe_tx1_char_is_k[0] in module xdma_v41_m1_pcie2_ip_gt_top is either unconnected or has no load
WARNING: [Synth 8-7129] Port pipe_tx1_data[15] in module xdma_v41_m1_pcie2_ip_gt_top is either unconnected or has no load
WARNING: [Synth 8-7129] Port pipe_tx1_data[14] in module xdma_v41_m1_pcie2_ip_gt_top is either unconnected or has no load
WARNING: [Synth 8-7129] Port pipe_tx1_data[13] in module xdma_v41_m1_pcie2_ip_gt_top is either unconnected or has no load
WARNING: [Synth 8-7129] Port pipe_tx1_data[12] in module xdma_v41_m1_pcie2_ip_gt_top is either unconnected or has no load
WARNING: [Synth 8-7129] Port pipe_tx1_data[11] in module xdma_v41_m1_pcie2_ip_gt_top is either unconnected or has no load
WARNING: [Synth 8-7129] Port pipe_tx1_data[10] in module xdma_v41_m1_pcie2_ip_gt_top is either unconnected or has no load
WARNING: [Synth 8-7129] Port pipe_tx1_data[9] in module xdma_v41_m1_pcie2_ip_gt_top is either unconnected or has no load
WARNING: [Synth 8-7129] Port pipe_tx1_data[8] in module xdma_v41_m1_pcie2_ip_gt_top is either unconnected or has no load
WARNING: [Synth 8-7129] Port pipe_tx1_data[7] in module xdma_v41_m1_pcie2_ip_gt_top is either unconnected or has no load
WARNING: [Synth 8-7129] Port pipe_tx1_data[6] in module xdma_v41_m1_pcie2_ip_gt_top is either unconnected or has no load
WARNING: [Synth 8-7129] Port pipe_tx1_data[5] in module xdma_v41_m1_pcie2_ip_gt_top is either unconnected or has no load
WARNING: [Synth 8-7129] Port pipe_tx1_data[4] in module xdma_v41_m1_pcie2_ip_gt_top is either unconnected or has no load
WARNING: [Synth 8-7129] Port pipe_tx1_data[3] in module xdma_v41_m1_pcie2_ip_gt_top is either unconnected or has no load
WARNING: [Synth 8-7129] Port pipe_tx1_data[2] in module xdma_v41_m1_pcie2_ip_gt_top is either unconnected or has no load
WARNING: [Synth 8-7129] Port pipe_tx1_data[1] in module xdma_v41_m1_pcie2_ip_gt_top is either unconnected or has no load
WARNING: [Synth 8-7129] Port pipe_tx1_data[0] in module xdma_v41_m1_pcie2_ip_gt_top is either unconnected or has no load
WARNING: [Synth 8-7129] Port pipe_tx1_elec_idle in module xdma_v41_m1_pcie2_ip_gt_top is either unconnected or has no load
WARNING: [Synth 8-7129] Port pipe_tx1_powerdown[1] in module xdma_v41_m1_pcie2_ip_gt_top is either unconnected or has no load
WARNING: [Synth 8-7129] Port pipe_tx1_powerdown[0] in module xdma_v41_m1_pcie2_ip_gt_top is either unconnected or has no load
WARNING: [Synth 8-7129] Port pipe_rx2_polarity in module xdma_v41_m1_pcie2_ip_gt_top is either unconnected or has no load
WARNING: [Synth 8-7129] Port pipe_tx2_compliance in module xdma_v41_m1_pcie2_ip_gt_top is either unconnected or has no load
WARNING: [Synth 8-7129] Port pipe_tx2_char_is_k[1] in module xdma_v41_m1_pcie2_ip_gt_top is either unconnected or has no load
WARNING: [Synth 8-7129] Port pipe_tx2_char_is_k[0] in module xdma_v41_m1_pcie2_ip_gt_top is either unconnected or has no load
INFO: [Common 17-14] Message 'Synth 8-7129' appears 100 times and further instances of the messages will be disabled. Use the Tcl command set_msg_config to change the current settings.
---------------------------------------------------------------------------------
Finished RTL Elaboration : Time (s): cpu = 00:04:58 ; elapsed = 00:10:18 . Memory (MB): peak = 2271.336 ; gain = 1398.629
---------------------------------------------------------------------------------
---------------------------------------------------------------------------------
Start Handling Custom Attributes
---------------------------------------------------------------------------------
---------------------------------------------------------------------------------
Finished Handling Custom Attributes : Time (s): cpu = 00:05:07 ; elapsed = 00:10:34 . Memory (MB): peak = 2271.336 ; gain = 1398.629
---------------------------------------------------------------------------------
---------------------------------------------------------------------------------
Finished RTL Optimization Phase 1 : Time (s): cpu = 00:05:07 ; elapsed = 00:10:34 . Memory (MB): peak = 2271.336 ; gain = 1398.629
---------------------------------------------------------------------------------
Netlist sorting complete. Time (s): cpu = 00:00:19 ; elapsed = 00:00:28 . Memory (MB): peak = 2271.336 ; gain = 0.000
WARNING: [Netlist 29-345] The value of SIM_DEVICE on instance 'XDMA/inst/xdma_v41_m1_pcie2_to_pcie3_wrapper_i/pcie2_ip_i/inst/inst/gt_top_i/pipe_wrapper_i/pipe_clock_int.pipe_clock_i/pclk_i1_bufgctrl.pclk_i1' of type 'BUFGCTRL' is 'ULTRASCALE'; it is being changed to match the current FPGA architecture, '7SERIES'. For functional simulation to match hardware behavior, the value of SIM_DEVICE should be changed in the source netlist. 
INFO: [Netlist 29-17] Analyzing 30 Unisim elements for replacement
INFO: [Netlist 29-28] Unisim Transformation completed in 0 CPU seconds
INFO: [Project 1-570] Preparing netlist for logic optimization

Processing XDC Constraints
Initializing timing engine
Parsing XDC File [<SOURCE_ROOT>/xdc/boards/current/xdma_pcie.xdc]
Finished Parsing XDC File [<SOURCE_ROOT>/xdc/boards/current/xdma_pcie.xdc]
INFO: [Project 1-236] Implementation specific constraints were found while reading constraint file [<SOURCE_ROOT>/xdc/boards/current/xdma_pcie.xdc]. These constraints will be ignored for synthesis but will be used in implementation. Impacted constraints are listed in the file [.Xil/ahd_capture_top_xdma_propImpl.xdc].
Resolution: To avoid this warning, move constraints listed in [.Xil/ahd_capture_top_xdma_propImpl.xdc] to another XDC file and exclude this new file from synthesis with the used_in_synthesis property (File Properties dialog in GUI) and re-run elaboration/synthesis.
Parsing XDC File [<BUILD_ROOT>/vivado_project/v41_g2a_r1i_gen2_offline.gen/sources_1/ip/xdma_v41_m1/ip_0/source/xdma_v41_m1_pcie2_ip-PCIE_X0Y0.xdc] for cell 'XDMA/inst/xdma_v41_m1_pcie2_to_pcie3_wrapper_i/pcie2_ip_i/inst'
INFO: [Timing 38-2] Deriving generated clocks [<BUILD_ROOT>/vivado_project/v41_g2a_r1i_gen2_offline.gen/sources_1/ip/xdma_v41_m1/ip_0/source/xdma_v41_m1_pcie2_ip-PCIE_X0Y0.xdc:133]
Finished Parsing XDC File [<BUILD_ROOT>/vivado_project/v41_g2a_r1i_gen2_offline.gen/sources_1/ip/xdma_v41_m1/ip_0/source/xdma_v41_m1_pcie2_ip-PCIE_X0Y0.xdc] for cell 'XDMA/inst/xdma_v41_m1_pcie2_to_pcie3_wrapper_i/pcie2_ip_i/inst'
INFO: [Project 1-236] Implementation specific constraints were found while reading constraint file [<BUILD_ROOT>/vivado_project/v41_g2a_r1i_gen2_offline.gen/sources_1/ip/xdma_v41_m1/ip_0/source/xdma_v41_m1_pcie2_ip-PCIE_X0Y0.xdc]. These constraints will be ignored for synthesis but will be used in implementation. Impacted constraints are listed in the file [.Xil/ahd_capture_top_xdma_propImpl.xdc].
Resolution: To avoid this warning, move constraints listed in [.Xil/ahd_capture_top_xdma_propImpl.xdc] to another XDC file and exclude this new file from synthesis with the used_in_synthesis property (File Properties dialog in GUI) and re-run elaboration/synthesis.
Parsing XDC File [<BUILD_ROOT>/vivado_project/v41_g2a_r1i_gen2_offline.gen/sources_1/ip/xdma_v41_m1/ip_3/pcie2_fifo_generator_dma_cpl.xdc] for cell 'XDMA/inst/xdma_v41_m1_pcie2_to_pcie3_wrapper_i/xdma_v41_m1_axi_stream_intf_i/xdma_v41_m1_rx_demux_i/dma_cpl_fifo_inst/U0'
Finished Parsing XDC File [<BUILD_ROOT>/vivado_project/v41_g2a_r1i_gen2_offline.gen/sources_1/ip/xdma_v41_m1/ip_3/pcie2_fifo_generator_dma_cpl.xdc] for cell 'XDMA/inst/xdma_v41_m1_pcie2_to_pcie3_wrapper_i/xdma_v41_m1_axi_stream_intf_i/xdma_v41_m1_rx_demux_i/dma_cpl_fifo_inst/U0'
Parsing XDC File [<BUILD_ROOT>/vivado_project/v41_g2a_r1i_gen2_offline.gen/sources_1/ip/xdma_v41_m1/ip_4/pcie2_fifo_generator_tgt_brdg.xdc] for cell 'XDMA/inst/xdma_v41_m1_pcie2_to_pcie3_wrapper_i/xdma_v41_m1_axi_stream_intf_i/xdma_v41_m1_rx_demux_i/tgt_brdg_fifo_inst/U0'
Finished Parsing XDC File [<BUILD_ROOT>/vivado_project/v41_g2a_r1i_gen2_offline.gen/sources_1/ip/xdma_v41_m1/ip_4/pcie2_fifo_generator_tgt_brdg.xdc] for cell 'XDMA/inst/xdma_v41_m1_pcie2_to_pcie3_wrapper_i/xdma_v41_m1_axi_stream_intf_i/xdma_v41_m1_rx_demux_i/tgt_brdg_fifo_inst/U0'
Parsing XDC File [<BUILD_ROOT>/vivado_project/v41_g2a_r1i_gen2_offline.gen/sources_1/ip/xdma_v41_m1/xdma_v41_m1_board.xdc] for cell 'XDMA/inst'
Finished Parsing XDC File [<BUILD_ROOT>/vivado_project/v41_g2a_r1i_gen2_offline.gen/sources_1/ip/xdma_v41_m1/xdma_v41_m1_board.xdc] for cell 'XDMA/inst'
Parsing XDC File [<BUILD_ROOT>/vivado_project/v41_g2a_r1i_gen2_offline.gen/sources_1/ip/xdma_v41_m1/source/xdma_v41_m1_pcie3_7vx_ip.xdc] for cell 'XDMA/inst'
Finished Parsing XDC File [<BUILD_ROOT>/vivado_project/v41_g2a_r1i_gen2_offline.gen/sources_1/ip/xdma_v41_m1/source/xdma_v41_m1_pcie3_7vx_ip.xdc] for cell 'XDMA/inst'
INFO: [Project 1-236] Implementation specific constraints were found while reading constraint file [<BUILD_ROOT>/vivado_project/v41_g2a_r1i_gen2_offline.gen/sources_1/ip/xdma_v41_m1/source/xdma_v41_m1_pcie3_7vx_ip.xdc]. These constraints will be ignored for synthesis but will be used in implementation. Impacted constraints are listed in the file [.Xil/ahd_capture_top_xdma_propImpl.xdc].
Resolution: To avoid this warning, move constraints listed in [.Xil/ahd_capture_top_xdma_propImpl.xdc] to another XDC file and exclude this new file from synthesis with the used_in_synthesis property (File Properties dialog in GUI) and re-run elaboration/synthesis.
write_xdc: Time (s): cpu = 00:00:05 ; elapsed = 00:00:06 . Memory (MB): peak = 2413.031 ; gain = 0.000
Parsing XDC File [<BUILD_ROOT>/vivado_project/v41_g2a_r1i_gen2_offline.gen/sources_1/ip/xdma_v41_m1/ip_0/source/ip_xilinx_pcie_2_1_7x_late.xdc] for cell 'XDMA/inst/xdma_v41_m1_pcie2_to_pcie3_wrapper_i/pcie2_ip_i/inst'
Finished Parsing XDC File [<BUILD_ROOT>/vivado_project/v41_g2a_r1i_gen2_offline.gen/sources_1/ip/xdma_v41_m1/ip_0/source/ip_xilinx_pcie_2_1_7x_late.xdc] for cell 'XDMA/inst/xdma_v41_m1_pcie2_to_pcie3_wrapper_i/pcie2_ip_i/inst'
INFO: [Project 1-236] Implementation specific constraints were found while reading constraint file [<BUILD_ROOT>/vivado_project/v41_g2a_r1i_gen2_offline.gen/sources_1/ip/xdma_v41_m1/ip_0/source/ip_xilinx_pcie_2_1_7x_late.xdc]. These constraints will be ignored for synthesis but will be used in implementation. Impacted constraints are listed in the file [.Xil/ahd_capture_top_xdma_propImpl.xdc].
Resolution: To avoid this warning, move constraints listed in [.Xil/ahd_capture_top_xdma_propImpl.xdc] to another XDC file and exclude this new file from synthesis with the used_in_synthesis property (File Properties dialog in GUI) and re-run elaboration/synthesis.
Parsing XDC File [<SOURCE_ROOT>/xdc/boards/current/pins.xdc]
Finished Parsing XDC File [<SOURCE_ROOT>/xdc/boards/current/pins.xdc]
INFO: [Project 1-236] Implementation specific constraints were found while reading constraint file [<SOURCE_ROOT>/xdc/boards/current/pins.xdc]. These constraints will be ignored for synthesis but will be used in implementation. Impacted constraints are listed in the file [.Xil/ahd_capture_top_xdma_propImpl.xdc].
Resolution: To avoid this warning, move constraints listed in [.Xil/ahd_capture_top_xdma_propImpl.xdc] to another XDC file and exclude this new file from synthesis with the used_in_synthesis property (File Properties dialog in GUI) and re-run elaboration/synthesis.
Parsing XDC File [<SOURCE_ROOT>/xdc/boards/current/vdo_input_timing.xdc]
Finished Parsing XDC File [<SOURCE_ROOT>/xdc/boards/current/vdo_input_timing.xdc]
INFO: [Project 1-236] Implementation specific constraints were found while reading constraint file [<SOURCE_ROOT>/xdc/boards/current/vdo_input_timing.xdc]. These constraints will be ignored for synthesis but will be used in implementation. Impacted constraints are listed in the file [.Xil/ahd_capture_top_xdma_propImpl.xdc].
Resolution: To avoid this warning, move constraints listed in [.Xil/ahd_capture_top_xdma_propImpl.xdc] to another XDC file and exclude this new file from synthesis with the used_in_synthesis property (File Properties dialog in GUI) and re-run elaboration/synthesis.
Parsing XDC File [<SOURCE_ROOT>/xdc/boards/current/pcie_pio.xdc]
Finished Parsing XDC File [<SOURCE_ROOT>/xdc/boards/current/pcie_pio.xdc]
INFO: [Project 1-236] Implementation specific constraints were found while reading constraint file [<SOURCE_ROOT>/xdc/boards/current/pcie_pio.xdc]. These constraints will be ignored for synthesis but will be used in implementation. Impacted constraints are listed in the file [.Xil/ahd_capture_top_xdma_propImpl.xdc].
Resolution: To avoid this warning, move constraints listed in [.Xil/ahd_capture_top_xdma_propImpl.xdc] to another XDC file and exclude this new file from synthesis with the used_in_synthesis property (File Properties dialog in GUI) and re-run elaboration/synthesis.
Parsing XDC File [<SOURCE_ROOT>/xdc/boards/current/nvp_control.xdc]
Finished Parsing XDC File [<SOURCE_ROOT>/xdc/boards/current/nvp_control.xdc]
INFO: [Project 1-236] Implementation specific constraints were found while reading constraint file [<SOURCE_ROOT>/xdc/boards/current/nvp_control.xdc]. These constraints will be ignored for synthesis but will be used in implementation. Impacted constraints are listed in the file [.Xil/ahd_capture_top_xdma_propImpl.xdc].
Resolution: To avoid this warning, move constraints listed in [.Xil/ahd_capture_top_xdma_propImpl.xdc] to another XDC file and exclude this new file from synthesis with the used_in_synthesis property (File Properties dialog in GUI) and re-run elaboration/synthesis.
Parsing XDC File [<SOURCE_ROOT>/xdc/common/cdc.xdc]
Finished Parsing XDC File [<SOURCE_ROOT>/xdc/common/cdc.xdc]
INFO: [Project 1-236] Implementation specific constraints were found while reading constraint file [<SOURCE_ROOT>/xdc/common/cdc.xdc]. These constraints will be ignored for synthesis but will be used in implementation. Impacted constraints are listed in the file [.Xil/ahd_capture_top_xdma_propImpl.xdc].
Resolution: To avoid this warning, move constraints listed in [.Xil/ahd_capture_top_xdma_propImpl.xdc] to another XDC file and exclude this new file from synthesis with the used_in_synthesis property (File Properties dialog in GUI) and re-run elaboration/synthesis.
Parsing XDC File [<SOURCE_ROOT>/xdc/common/configuration_bank.xdc]
Finished Parsing XDC File [<SOURCE_ROOT>/xdc/common/configuration_bank.xdc]
INFO: [Project 1-236] Implementation specific constraints were found while reading constraint file [C:/AMDDesignTools/2025.2/Vivado/data/ip/xpm/xpm_cdc/tcl/xpm_cdc_single.tcl]. These constraints will be ignored for synthesis but will be used in implementation. Impacted constraints are listed in the file [.Xil/ahd_capture_top_xdma_propImpl.xdc].
Resolution: To avoid this warning, move constraints listed in [.Xil/ahd_capture_top_xdma_propImpl.xdc] to another XDC file and exclude this new file from synthesis with the used_in_synthesis property (File Properties dialog in GUI) and re-run elaboration/synthesis.
INFO: [Project 1-236] Implementation specific constraints were found while reading constraint file [C:/AMDDesignTools/2025.2/Vivado/data/ip/xpm/xpm_memory/tcl/xpm_memory_xdc.tcl]. These constraints will be ignored for synthesis but will be used in implementation. Impacted constraints are listed in the file [.Xil/ahd_capture_top_xdma_propImpl.xdc].
Resolution: To avoid this warning, move constraints listed in [.Xil/ahd_capture_top_xdma_propImpl.xdc] to another XDC file and exclude this new file from synthesis with the used_in_synthesis property (File Properties dialog in GUI) and re-run elaboration/synthesis.
INFO: [Project 1-1714] 37 XPM XDC files have been applied to the design.
write_xdc: Time (s): cpu = 00:00:04 ; elapsed = 00:00:05 . Memory (MB): peak = 2413.031 ; gain = 0.000
Completed Processing XDC Constraints

Netlist sorting complete. Time (s): cpu = 00:00:00 ; elapsed = 00:00:00.313 . Memory (MB): peak = 2413.031 ; gain = 0.000
INFO: [Project 1-111] Unisim Transformation Summary:
  A total of 3 instances were transformed.
  IOBUF => IOBUF (IBUF, OBUFT): 2 instances
  MMCME2_BASE => MMCME2_ADV: 1 instance 

write_xdc: Time (s): cpu = 00:00:05 ; elapsed = 00:00:06 . Memory (MB): peak = 2413.031 ; gain = 0.000
Constraint Validation Runtime : Time (s): cpu = 00:00:05 ; elapsed = 00:00:07 . Memory (MB): peak = 2413.031 ; gain = 0.000
---------------------------------------------------------------------------------
Finished Constraint Validation : Time (s): cpu = 00:12:39 ; elapsed = 00:21:35 . Memory (MB): peak = 2413.031 ; gain = 1540.324
---------------------------------------------------------------------------------
---------------------------------------------------------------------------------
Start Loading Part and Timing Information
---------------------------------------------------------------------------------
Loading part: xc7a35tcsg325-2
---------------------------------------------------------------------------------
Finished Loading Part and Timing Information : Time (s): cpu = 00:12:40 ; elapsed = 00:21:35 . Memory (MB): peak = 2413.031 ; gain = 1540.324
---------------------------------------------------------------------------------
---------------------------------------------------------------------------------
Start Applying 'set_property' XDC Constraints
---------------------------------------------------------------------------------
---------------------------------------------------------------------------------
Finished applying 'set_property' XDC Constraints : Time (s): cpu = 00:12:42 ; elapsed = 00:21:40 . Memory (MB): peak = 2413.031 ; gain = 1540.324
---------------------------------------------------------------------------------
INFO: [Synth 8-802] inferred FSM for state register 'phase_reg' in module 'nvp_i2c_bringup_seq_v38ek'
INFO: [Synth 8-802] inferred FSM for state register 'preinit_action_reg' in module 'nvp_i2c_bringup_seq_v38ek'
INFO: [Synth 8-802] inferred FSM for state register 'high_state_reg' in module 'nvp_i2c_tri_phase_probe'
INFO: [Synth 8-802] inferred FSM for state register 'state_reg' in module 'v41_r1h_mmio_read_service'
INFO: [Synth 8-802] inferred FSM for state register 'state_reg' in module 'v41_axi_lite_host_bridge'
INFO: [Synth 8-802] inferred FSM for state register 'state_v_reg' in module 'g0p8c2_bt656_slot_producer'
INFO: [Synth 8-802] inferred FSM for state register 'host_state_reg' in module 'g0p8c2_bar_target'
INFO: [Synth 8-802] inferred FSM for state register 'mst_sm_cur_100_reg' in module 'xdma_v4_2_2_dma_axist_mst'
INFO: [Synth 8-802] inferred FSM for state register 'memreqsm_cs_reg' in module 'xdma_v4_2_2_axi_str_masterbr_wrrd_br_v'
INFO: [Synth 8-802] inferred FSM for state register 'cpldtlpSm_cs_reg' in module 'xdma_v4_2_2_axi_str_masterbr_rdtlp_br_v'
INFO: [Synth 8-802] inferred FSM for state register 'wrlitesm_cs_reg' in module 'xdma_v4_2_2_axi_mm_master_wr_br_v'
INFO: [Synth 8-802] inferred FSM for state register 'wrdatasm_cs_reg' in module 'xdma_v4_2_2_axi_mm_master_wr_br_v'
INFO: [Synth 8-802] inferred FSM for state register 'rdliteSM_cs_reg' in module 'xdma_v4_2_2_axi_mm_master_rd_br_v'
INFO: [Synth 8-802] inferred FSM for state register 'tar_sm_mr_cur_reg' in module 'xdma_v4_2_2_vul_tar'
INFO: [Synth 8-802] inferred FSM for state register 'msix_init_state_reg' in module 'xdma_v4_2_2_udma_msix'
INFO: [Synth 8-802] inferred FSM for state register 'intr_issue_state_reg' in module 'xdma_v4_2_2_pcie_userapp_tgt_intr_ctrl'
INFO: [Synth 8-802] inferred FSM for state register 'clk_sm_cur_reg' in module 'xdma_v4_2_2_vul_irq'
INFO: [Synth 8-802] inferred FSM for state register 'gpregsm1.curr_fwft_state_reg' in module 'rd_fwft'
INFO: [Synth 8-802] inferred FSM for state register 'gpregsm1.curr_fwft_state_reg' in module 'rd_fwft__parameterized0'
INFO: [Synth 8-802] inferred FSM for state register 'transfer_SM_reg' in module 'xdma_v41_m1_tx_mux'
INFO: [Synth 8-802] inferred FSM for state register 'tx_64.state_reg' in module 'xdma_v41_m1_dma_req'
INFO: [Synth 8-802] inferred FSM for state register 'rc_64.state_reg' in module 'xdma_v41_m1_dma_cpl'
INFO: [Synth 8-802] inferred FSM for state register 'tx_64.state_reg' in module 'xdma_v41_m1_tgt_req'
INFO: [Synth 8-802] inferred FSM for state register 'tx_64.state_reg' in module 'xdma_v41_m1_tgt_cpl'
INFO: [Synth 8-802] inferred FSM for state register 'reg_state_eios_det_reg' in module 'xdma_v41_m1_pcie2_ip_gt_rx_valid_filter_7x'
INFO: [Synth 8-802] inferred FSM for state register 'fsm_reg' in module 'xdma_v41_m1_pcie2_ip_gtp_pipe_reset'
INFO: [Synth 8-802] inferred FSM for state register 'fsm_reg' in module 'xdma_v41_m1_pcie2_ip_qpll_reset'
INFO: [Synth 8-802] inferred FSM for state register 'fsm_reg' in module 'xdma_v41_m1_pcie2_ip_gtp_pipe_rate'
INFO: [Synth 8-802] inferred FSM for state register 'fsm_reg' in module 'xdma_v41_m1_pcie2_ip_rxeq_scan'
INFO: [Synth 8-802] inferred FSM for state register 'fsm_tx_reg' in module 'xdma_v41_m1_pcie2_ip_pipe_eq'
INFO: [Synth 8-802] inferred FSM for state register 'fsm_rx_reg' in module 'xdma_v41_m1_pcie2_ip_pipe_eq'
INFO: [Synth 8-802] inferred FSM for state register 'fsm_reg' in module 'xdma_v41_m1_pcie2_ip_qpll_drp'
INFO: [Synth 8-802] inferred FSM for state register 'resetovrd.fsm_reg' in module 'xdma_v41_m1_pcie2_ip_pipe_user'
INFO: [Synth 8-802] inferred FSM for state register 'txsync_fsm.fsm_tx_reg' in module 'xdma_v41_m1_pcie2_ip_pipe_sync'
---------------------------------------------------------------------------------------------------
                   State |                     New Encoding |                Previous Encoding 
---------------------------------------------------------------------------------------------------
   preinit_read_original |                              001 |                               00
preinit_force_bank0_write |                              010 |                               01
preinit_force_bank0_verify |                              100 |                               10
---------------------------------------------------------------------------------------------------
INFO: [Synth 8-3354] encoded FSM with state register 'preinit_action_reg' using encoding 'one-hot' in module 'nvp_i2c_bringup_seq_v38ek'
---------------------------------------------------------------------------------------------------
                   State |                     New Encoding |                Previous Encoding 
---------------------------------------------------------------------------------------------------
             ph_original |                             0000 |                             0000
                 ph_init |                             0001 |                             0001
             ph_win_bank |                             0010 |                             0010
             ph_win_read |                             0011 |                             0011
             ph_out_bank |                             0100 |                             0100
             ph_out_read |                             0101 |                             0101
             ph_afe_bank |                             0110 |                             0110
             ph_afe_read |                             0111 |                             0111
              ph_restore |                             1000 |                             1000
---------------------------------------------------------------------------------------------------
INFO: [Synth 8-3354] encoded FSM with state register 'phase_reg' using encoding 'sequential' in module 'nvp_i2c_bringup_seq_v38ek'
---------------------------------------------------------------------------------------------------
                   State |                     New Encoding |                Previous Encoding 
---------------------------------------------------------------------------------------------------
             H_WAIT_INIT |                            00000 |                           000000
      H_READ_ENTRY_START |                            00001 |                           000001
       H_READ_ENTRY_WAIT |                            00010 |                           000010
 H_WRITE_SAFE_BANK_START |                            00011 |                           000011
  H_WRITE_SAFE_BANK_WAIT |                            00100 |                           000100
H_VERIFY_SAFE_BANK_START |                            00101 |                           000101
 H_VERIFY_SAFE_BANK_WAIT |                            00110 |                           000110
 H_READ_TARGET_PRE_START |                            00111 |                           000111
  H_READ_TARGET_PRE_WAIT |                            01000 |                           001000
          H_PROBE_SELECT |                            01001 |                           001001
H_VERIFY_POST_BANK_START |                            01010 |                           001011
 H_VERIFY_POST_BANK_WAIT |                            01011 |                           001100
H_READ_TARGET_POST_START |                            01100 |                           001101
 H_READ_TARGET_POST_WAIT |                            01101 |                           001110
         H_RESTORE_START |                            01110 |                           001111
          H_RESTORE_WAIT |                            01111 |                           010000
  H_VERIFY_RESTORE_START |                            10000 |                           010001
   H_VERIFY_RESTORE_WAIT |                            10001 |                           010010
            H_FINAL_IDLE |                            10010 |                           010011
            H_PROBE_WAIT |                            10011 |                           001010
            H_ABORT_IDLE |                            10100 |                           010100
   H_ABORT_RESTORE_START |                            10101 |                           010101
    H_ABORT_RESTORE_WAIT |                            10110 |                           010110
    H_ABORT_VERIFY_START |                            10111 |                           010111
     H_ABORT_VERIFY_WAIT |                            11000 |                           011000
           H_ABORT_FINAL |                            11001 |                           011001
                  H_DONE |                            11010 |                           011010
---------------------------------------------------------------------------------------------------
INFO: [Synth 8-3354] encoded FSM with state register 'high_state_reg' using encoding 'sequential' in module 'nvp_i2c_tri_phase_probe'
---------------------------------------------------------------------------------------------------
                   State |                     New Encoding |                Previous Encoding 
---------------------------------------------------------------------------------------------------
                    IDLE |                              000 |                              000
             RECORD_WAIT |                              100 |                              001
          INDEX_LOW_WAIT |                              011 |                              010
         INDEX_HIGH_WAIT |                              010 |                              011
                RESPONSE |                              001 |                              100
---------------------------------------------------------------------------------------------------
INFO: [Synth 8-3354] encoded FSM with state register 'state_reg' using encoding 'sequential' in module 'v41_r1h_mmio_read_service'
---------------------------------------------------------------------------------------------------
                   State |                     New Encoding |                Previous Encoding 
---------------------------------------------------------------------------------------------------
                    IDLE |                           000001 |                              000
            READ_REQUEST |                           001000 |                              011
               READ_WAIT |                           000100 |                              100
           READ_RESPONSE |                           000010 |                              101
           WRITE_REQUEST |                           100000 |                              001
          WRITE_RESPONSE |                           010000 |                              010
---------------------------------------------------------------------------------------------------
INFO: [Synth 8-3354] encoded FSM with state register 'state_reg' using encoding 'one-hot' in module 'v41_axi_lite_host_bridge'
---------------------------------------------------------------------------------------------------
                   State |                     New Encoding |                Previous Encoding 
---------------------------------------------------------------------------------------------------
                  P_IDLE |                              000 |                              000
               P_CAPTURE |                              001 |                              001
              P_WAIT_EAV |                              010 |                              010
                P_HEADER |                              011 |                              011
                P_COMMIT |                              100 |                              100
---------------------------------------------------------------------------------------------------
INFO: [Synth 8-3354] encoded FSM with state register 'state_v_reg' using encoding 'sequential' in module 'g0p8c2_bt656_slot_producer'
---------------------------------------------------------------------------------------------------
                   State |                     New Encoding |                Previous Encoding 
---------------------------------------------------------------------------------------------------
                  H_IDLE |                               00 |                               00
             H_BRAM_WAIT |                               01 |                               01
          H_BRAM_CAPTURE |                               10 |                               10
                  iSTATE |                               11 |                               11
*
---------------------------------------------------------------------------------------------------
INFO: [Synth 8-3354] encoded FSM with state register 'host_state_reg' using encoding 'sequential' in module 'g0p8c2_bar_target'
---------------------------------------------------------------------------------------------------
                   State |                     New Encoding |                Previous Encoding 
---------------------------------------------------------------------------------------------------
             mst_sm_idle |                               00 |                               00
             mst_sm_wait |                               01 |                               01
              mst_sm_run |                               10 |                               10
---------------------------------------------------------------------------------------------------
INFO: [Synth 8-3354] encoded FSM with state register 'mst_sm_cur_100_reg' using encoding 'sequential' in module 'xdma_v4_2_2_dma_axist_mst'
---------------------------------------------------------------------------------------------------
                   State |                     New Encoding |                Previous Encoding 
---------------------------------------------------------------------------------------------------
               WRRD_IDLE |                              000 |                              000
             WRRD_MEMREQ |                              001 |                              001
          WRRD_MEMREQ2ND |                              010 |                              010
          WRRD_MEMWRDATA |                              011 |                              100
           WRRD_MEMRDREQ |                              100 |                              011
---------------------------------------------------------------------------------------------------
INFO: [Synth 8-3354] encoded FSM with state register 'memreqsm_cs_reg' using encoding 'sequential' in module 'xdma_v4_2_2_axi_str_masterbr_wrrd_br_v'
---------------------------------------------------------------------------------------------------
                   State |                     New Encoding |                Previous Encoding 
---------------------------------------------------------------------------------------------------
              MCPL_START |                               00 |                               00
          MCPL_CRTDATBT1 |                               01 |                               01
          MCPL_CRTDATBT2 |                               10 |                               10
           MCPL_DATAXFER |                               11 |                               11
---------------------------------------------------------------------------------------------------
INFO: [Synth 8-3354] encoded FSM with state register 'cpldtlpSm_cs_reg' using encoding 'sequential' in module 'xdma_v4_2_2_axi_str_masterbr_rdtlp_br_v'
---------------------------------------------------------------------------------------------------
                   State |                     New Encoding |                Previous Encoding 
---------------------------------------------------------------------------------------------------
           WRLITESM_IDLE |                               00 |                               00
    WRLITESM_PCIETLPINFO |                               01 |                               01
         WRLITESM_WRDATA |                               10 |                               10
         WRLITESM_WAITWR |                               11 |                               11
---------------------------------------------------------------------------------------------------
INFO: [Synth 8-3354] encoded FSM with state register 'wrlitesm_cs_reg' using encoding 'sequential' in module 'xdma_v4_2_2_axi_mm_master_wr_br_v'
---------------------------------------------------------------------------------------------------
                   State |                     New Encoding |                Previous Encoding 
---------------------------------------------------------------------------------------------------
           WDATASM_START |                               00 |                               00
            WDATASM_IDLE |                               01 |                               01
        WDATASM_DATAXFER |                               10 |                               10
---------------------------------------------------------------------------------------------------
INFO: [Synth 8-3354] encoded FSM with state register 'wrdatasm_cs_reg' using encoding 'sequential' in module 'xdma_v4_2_2_axi_mm_master_wr_br_v'
---------------------------------------------------------------------------------------------------
                   State |                     New Encoding |                Previous Encoding 
---------------------------------------------------------------------------------------------------
             RDLITE_IDLE |                               00 |                               00
      RDLITE_PCIETLPINFO |                               01 |                               01
        RDLITE_WAITRDCPL |                               10 |                               10
---------------------------------------------------------------------------------------------------
INFO: [Synth 8-3354] encoded FSM with state register 'rdliteSM_cs_reg' using encoding 'sequential' in module 'xdma_v4_2_2_axi_mm_master_rd_br_v'
---------------------------------------------------------------------------------------------------
                   State |                     New Encoding |                Previous Encoding 
---------------------------------------------------------------------------------------------------
              sm_mr_idle |                             0001 |                             0001
                sm_mr_ld |                             0010 |                             0010
              sm_mr_wait |                             0100 |                             0100
               sm_mr_cpl |                             1000 |                             1000
---------------------------------------------------------------------------------------------------
INFO: [Synth 8-3354] encoded FSM with state register 'tar_sm_mr_cur_reg' using encoding 'one-hot' in module 'xdma_v4_2_2_vul_tar'
---------------------------------------------------------------------------------------------------
                   State |                     New Encoding |                Previous Encoding 
---------------------------------------------------------------------------------------------------
        S_INTR_ISSUE_RST |                        000000001 |                             0000
       S_INTR_ISSUE_IDLE |                        000000010 |                             0001
      S_INTR_ISSUE_ADDRL |                        000000100 |                             0010
      S_INTR_ISSUE_ADDRH |                        000001000 |                             0011
       S_INTR_ISSUE_DATA |                        000010000 |                             0100
     S_INTR_ISSUE_VECCON |                        000100000 |                             0101
        S_INTR_ISSUE_VLD |                        001000000 |                             0110
       S_INTR_ISSUE_SEND |                        010000000 |                             0111
       S_INTR_ISSUE_WAIT |                        100000000 |                             1001
---------------------------------------------------------------------------------------------------
INFO: [Synth 8-3354] encoded FSM with state register 'intr_issue_state_reg' using encoding 'one-hot' in module 'xdma_v4_2_2_pcie_userapp_tgt_intr_ctrl'
---------------------------------------------------------------------------------------------------
                   State |                     New Encoding |                Previous Encoding 
---------------------------------------------------------------------------------------------------
                 sm_idle |                              000 | 00000000000000000000000000000000
                  sm_arb |                              001 | 00000000000000000000000000000001
                  sm_vec |                              010 | 00000000000000000000000000000010
              sm_irq_set |                              011 | 00000000000000000000000000000011
                  sm_irq |                              100 | 00000000000000000000000000000100
              sm_irq_clr |                              101 | 00000000000000000000000000000101
---------------------------------------------------------------------------------------------------
INFO: [Synth 8-3354] encoded FSM with state register 'clk_sm_cur_reg' using encoding 'sequential' in module 'xdma_v4_2_2_vul_irq'
INFO: [Synth 8-6159] Found Keep on FSM register 'gpregsm1.curr_fwft_state_reg' in module 'rd_fwft', re-encoding will not be performed
---------------------------------------------------------------------------------------------------
                   State |                     New Encoding |                Previous Encoding 
---------------------------------------------------------------------------------------------------
                 invalid |                               00 |                               00
            stage1_valid |                               10 |                               10
       both_stages_valid |                               11 |                               11
            stage2_valid |                               01 |                               01
---------------------------------------------------------------------------------------------------
INFO: [Synth 8-6159] Found Keep on FSM register 'gpregsm1.curr_fwft_state_reg' in module 'rd_fwft__parameterized0', re-encoding will not be performed
---------------------------------------------------------------------------------------------------
                   State |                     New Encoding |                Previous Encoding 
---------------------------------------------------------------------------------------------------
                 invalid |                               00 |                               00
            stage1_valid |                               10 |                               10
       both_stages_valid |                               11 |                               11
            stage2_valid |                               01 |                               01
---------------------------------------------------------------------------------------------------
---------------------------------------------------------------------------------------------------
                   State |                     New Encoding |                Previous Encoding 
---------------------------------------------------------------------------------------------------
                 SM_IDLE |                               00 |                               00
                  SM_TGT |                               01 |                               10
                 SM_MSIX |                               10 |                               11
                  SM_REQ |                               11 |                               01
---------------------------------------------------------------------------------------------------
INFO: [Synth 8-3354] encoded FSM with state register 'transfer_SM_reg' using encoding 'sequential' in module 'xdma_v41_m1_tx_mux'
---------------------------------------------------------------------------------------------------
                   State |                     New Encoding |                Previous Encoding 
---------------------------------------------------------------------------------------------------
                 TX_IDLE |                              000 |                              000
              TX_DW0_DW1 |                              001 |                              001
                 TX_DATA |                              010 |                              010
               TX_DATA_N |                              011 |                              011
                  TX_NEW |                              100 |                              101
                 TX_WAIT |                              101 |                              100
---------------------------------------------------------------------------------------------------
INFO: [Synth 8-3354] encoded FSM with state register 'tx_64.state_reg' using encoding 'sequential' in module 'xdma_v41_m1_dma_req'
---------------------------------------------------------------------------------------------------
                   State |                     New Encoding |                Previous Encoding 
---------------------------------------------------------------------------------------------------
                 RX_IDLE |                            00001 |                              000
              RX_DW0_DW1 |                            00010 |                              001
                 RX_DATA |                            00100 |                              010
               RX_DATA_N |                            01000 |                              011
                  RX_NEW |                            10000 |                              100
---------------------------------------------------------------------------------------------------
INFO: [Synth 8-3354] encoded FSM with state register 'rc_64.state_reg' using encoding 'one-hot' in module 'xdma_v41_m1_dma_cpl'
---------------------------------------------------------------------------------------------------
                   State |                     New Encoding |                Previous Encoding 
---------------------------------------------------------------------------------------------------
                 RX_IDLE |                               00 |                              000
              RX_DW0_DW1 |                               01 |                              001
                  RX_DW2 |                               10 |                              010
                 RX_WAIT |                               11 |                              011
---------------------------------------------------------------------------------------------------
INFO: [Synth 8-3354] encoded FSM with state register 'tx_64.state_reg' using encoding 'sequential' in module 'xdma_v41_m1_tgt_req'
---------------------------------------------------------------------------------------------------
                   State |                     New Encoding |                Previous Encoding 
---------------------------------------------------------------------------------------------------
                 TX_IDLE |                               00 |                              000
              TX_DW0_DW1 |                               01 |                              001
                  TX_DW2 |                               10 |                              010
                 TX_WAIT |                               11 |                              011
---------------------------------------------------------------------------------------------------
INFO: [Synth 8-3354] encoded FSM with state register 'tx_64.state_reg' using encoding 'sequential' in module 'xdma_v41_m1_tgt_cpl'
---------------------------------------------------------------------------------------------------
                   State |                     New Encoding |                Previous Encoding 
---------------------------------------------------------------------------------------------------
            EIOS_DET_IDL |                            00001 |                            00001
        EIOS_DET_NO_STR0 |                            00010 |                            00010
           EIOS_DET_STR0 |                            00100 |                            00100
           EIOS_DET_STR1 |                            01000 |                            01000
           EIOS_DET_DONE |                            10000 |                            10000
---------------------------------------------------------------------------------------------------
INFO: [Synth 8-3354] encoded FSM with state register 'reg_state_eios_det_reg' using encoding 'one-hot' in module 'xdma_v41_m1_pcie2_ip_gt_rx_valid_filter_7x'
---------------------------------------------------------------------------------------------------
                   State |                     New Encoding |                Previous Encoding 
---------------------------------------------------------------------------------------------------
            FSM_CFG_WAIT |                  000000000000001 |                            00001
            FSM_PLLRESET |                  001000000000000 |                            00010
       FSM_DRP_X16_START |                  000001000000000 |                            00011
        FSM_DRP_X16_DONE |                  000010000000000 |                            00100
             FSM_PLLLOCK |                  000000100000000 |                            00101
             FSM_GTRESET |                  000000001000000 |                            00110
    FSM_RXPMARESETDONE_1 |                  000000000000100 |                            00111
    FSM_RXPMARESETDONE_2 |                  000000000001000 |                            01000
       FSM_DRP_X20_START |                  000000000010000 |                            01001
        FSM_DRP_X20_DONE |                  000000000100000 |                            01010
           FSM_MMCM_LOCK |                  100000000000000 |                            01011
           FSM_RESETDONE |                  010000000000000 |                            01100
        FSM_TXSYNC_START |                  000100000000000 |                            01101
         FSM_TXSYNC_DONE |                  000000010000000 |                            01110
                FSM_IDLE |                  000000000000010 |                            00000
---------------------------------------------------------------------------------------------------
INFO: [Synth 8-3354] encoded FSM with state register 'fsm_reg' using encoding 'one-hot' in module 'xdma_v41_m1_pcie2_ip_gtp_pipe_reset'
---------------------------------------------------------------------------------------------------
                   State |                     New Encoding |                Previous Encoding 
---------------------------------------------------------------------------------------------------
           FSM_WAIT_LOCK |                         00000001 |                             0010
           FSM_MMCM_LOCK |                         00000010 |                             0011
       FSM_DRP_START_NOM |                         00000100 |                             0100
        FSM_DRP_DONE_NOM |                         00001000 |                             0101
            FSM_QPLLLOCK |                         00010000 |                             0110
        FSM_QPLL_PDRESET |                         00100000 |                             1011
             FSM_QPLL_PD |                         01000000 |                             1100
                FSM_IDLE |                         10000000 |                             0001
---------------------------------------------------------------------------------------------------
INFO: [Synth 8-3354] encoded FSM with state register 'fsm_reg' using encoding 'one-hot' in module 'xdma_v41_m1_pcie2_ip_qpll_reset'
---------------------------------------------------------------------------------------------------
                   State |                     New Encoding |                Previous Encoding 
---------------------------------------------------------------------------------------------------
                FSM_IDLE |                    0000000010000 |                             0000
         FSM_TXDATA_WAIT |                    0000100000000 |                             0001
            FSM_PCLK_SEL |                    0000000001000 |                             0010
       FSM_DRP_X16_START |                    0000000000001 |                             0011
        FSM_DRP_X16_DONE |                    0000000000010 |                             0100
            FSM_RATE_SEL |                    0000000000100 |                             0101
      FSM_RXPMARESETDONE |                    1000000000000 |                             0110
       FSM_DRP_X20_START |                    0001000000000 |                             0111
        FSM_DRP_X20_DONE |                    0010000000000 |                             1000
           FSM_RATE_DONE |                    0100000000000 |                             1001
        FSM_TXSYNC_START |                    0000010000000 |                             1010
         FSM_TXSYNC_DONE |                    0000001000000 |                             1011
                FSM_DONE |                    0000000100000 |                             1100
---------------------------------------------------------------------------------------------------
INFO: [Synth 8-3354] encoded FSM with state register 'fsm_reg' using encoding 'one-hot' in module 'xdma_v41_m1_pcie2_ip_gtp_pipe_rate'
---------------------------------------------------------------------------------------------------
                   State |                     New Encoding |                Previous Encoding 
---------------------------------------------------------------------------------------------------
                  iSTATE |                            00001 |                             0000
*
                FSM_IDLE |                            00010 |                             0001
              FSM_PRESET |                            00100 |                             0010
            FSM_CONVERGE |                            01000 |                             0100
     FSM_NEW_TXCOEFF_REQ |                            10000 |                             1000
---------------------------------------------------------------------------------------------------
INFO: [Synth 8-3354] encoded FSM with state register 'fsm_reg' using encoding 'one-hot' in module 'xdma_v41_m1_pcie2_ip_rxeq_scan'
---------------------------------------------------------------------------------------------------
                   State |                     New Encoding |                Previous Encoding 
---------------------------------------------------------------------------------------------------
                  iSTATE |                              000 |                           000000
*
           FSM_TXEQ_IDLE |                              001 |                           000001
         FSM_TXEQ_PRESET |                              010 |                           000010
        FSM_TXEQ_TXCOEFF |                              011 |                           000100
          FSM_TXEQ_REMAP |                              100 |                           001000
          FSM_TXEQ_QUERY |                              101 |                           010000
           FSM_TXEQ_DONE |                              110 |                           100000
---------------------------------------------------------------------------------------------------
INFO: [Synth 8-3354] encoded FSM with state register 'fsm_tx_reg' using encoding 'sequential' in module 'xdma_v41_m1_pcie2_ip_pipe_eq'
---------------------------------------------------------------------------------------------------
                   State |                     New Encoding |                Previous Encoding 
---------------------------------------------------------------------------------------------------
                  iSTATE |                          0000001 |                           000000
*
           FSM_RXEQ_IDLE |                          0000010 |                           000001
         FSM_RXEQ_PRESET |                          0000100 |                           000010
        FSM_RXEQ_TXCOEFF |                          0001000 |                           000100
             FSM_RXEQ_LF |                          0010000 |                           001000
FSM_RXEQ_NEW_TXCOEFF_REQ |                          0100000 |                           010000
           FSM_RXEQ_DONE |                          1000000 |                           100000
---------------------------------------------------------------------------------------------------
INFO: [Synth 8-3354] encoded FSM with state register 'fsm_rx_reg' using encoding 'one-hot' in module 'xdma_v41_m1_pcie2_ip_pipe_eq'
---------------------------------------------------------------------------------------------------
                   State |                     New Encoding |                Previous Encoding 
---------------------------------------------------------------------------------------------------
                FSM_IDLE |                        000000001 |                        000000001
                FSM_LOAD |                        000000010 |                        000000010
                FSM_READ |                        000000100 |                        000000100
                FSM_RRDY |                        000001000 |                        000001000
               FSM_WRITE |                        000010000 |                        000010000
                FSM_WRDY |                        000100000 |                        000100000
                FSM_DONE |                        001000000 |                        001000000
           FSM_QPLLRESET |                        010000000 |                        010000000
            FSM_QPLLLOCK |                        100000000 |                        100000000
---------------------------------------------------------------------------------------------------
INFO: [Synth 8-3354] encoded FSM with state register 'fsm_reg' using encoding 'one-hot' in module 'xdma_v41_m1_pcie2_ip_qpll_drp'
---------------------------------------------------------------------------------------------------
                   State |                     New Encoding |                Previous Encoding 
---------------------------------------------------------------------------------------------------
                FSM_IDLE |                             0010 |                               00
           FSM_RESETOVRD |                             1000 |                               01
          FSM_RESET_INIT |                             0100 |                               10
               FSM_RESET |                             0001 |                               11
---------------------------------------------------------------------------------------------------
INFO: [Synth 8-3354] encoded FSM with state register 'resetovrd.fsm_reg' using encoding 'one-hot' in module 'xdma_v41_m1_pcie2_ip_pipe_user'
---------------------------------------------------------------------------------------------------
                   State |                     New Encoding |                Previous Encoding 
---------------------------------------------------------------------------------------------------
                  iSTATE |                          0000001 |                           000000
*
         FSM_TXSYNC_IDLE |                          0000010 |                           000001
           FSM_MMCM_LOCK |                          0000100 |                           000010
        FSM_TXSYNC_START |                          0001000 |                           000100
        FSM_TXPHINITDONE |                          0010000 |                           001000
        FSM_TXSYNC_DONE1 |                          0100000 |                           010000
        FSM_TXSYNC_DONE2 |                          1000000 |                           100000
---------------------------------------------------------------------------------------------------
INFO: [Synth 8-3354] encoded FSM with state register 'txsync_fsm.fsm_tx_reg' using encoding 'one-hot' in module 'xdma_v41_m1_pcie2_ip_pipe_sync'
---------------------------------------------------------------------------------
Finished RTL Optimization Phase 2 : Time (s): cpu = 00:15:35 ; elapsed = 00:26:13 . Memory (MB): peak = 2413.031 ; gain = 1540.324
---------------------------------------------------------------------------------
---------------------------------------------------------------------------------
Start RTL Component Statistics 
---------------------------------------------------------------------------------
---------------------------------------------------------------------------------
Finished RTL Component Statistics 
---------------------------------------------------------------------------------
---------------------------------------------------------------------------------
Start Part Resource Summary
---------------------------------------------------------------------------------
Part Resources:
DSPs: 90 (col length:60)
BRAMs: 100 (col length: RAMB18 60 RAMB36 30)
---------------------------------------------------------------------------------
Finished Part Resource Summary
---------------------------------------------------------------------------------
---------------------------------------------------------------------------------
Start Cross Boundary and Area Optimization
---------------------------------------------------------------------------------
INFO: [Synth 8-4471] merging register 'ch_arb_ch_nn1_reg[0:0]' into 'ch_arb_ch_nn1_reg[0:0]' [<BUILD_ROOT>/v41_m1_xdma_resource_spike.gen/sources_1/ip/xdma_v41_m1/d6c9/hdl/xdma_v4_2_vl_rfs.sv:16448]
INFO: [Synth 8-3333] propagating constant 0 across sequential element (\dsc_eng.DSC /\cfg_mrs_nn1_reg[6] )
INFO: [Synth 8-3333] propagating constant 0 across sequential element (\dsc_eng.DSC /\rrq_head_adr_nn1_reg[4] )
INFO: [Synth 8-3333] propagating constant 0 across sequential element (\dsc_eng.DSC /\rrq_arb_pri_nn1_reg[0] )
INFO: [Synth 8-3333] propagating constant 1 across sequential element (\WR/gen_rdwr_loop[0].gen_rdwr_eng.RDWR_INST /\cfg_mpl_msk_nn1_reg[6] )
INFO: [Synth 8-3333] propagating constant 0 across sequential element (\WR/gen_rdwr_loop[0].gen_rdwr_eng.RDWR_INST /evt_mrs_mm_nn1_reg)
INFO: [Synth 8-3333] propagating constant 0 across sequential element (\WR/gen_rdwr_loop[0].gen_rdwr_eng.RDWR_INST /\reg_umsk_nn1_reg[31] )
INFO: [Synth 8-3333] propagating constant 0 across sequential element (\WR/gen_rdwr_loop[0].gen_rdwr_eng.RDWR_INST /dat_fifo_dbe_nn1_reg)
INFO: [Synth 8-3333] propagating constant 0 across sequential element (\dsc_eng.DSC /\ch_arb_pri_nn1_reg[0] )
INFO: [Synth 8-3333] propagating constant 0 across sequential element (\dsc_eng.DSC /\dsc_fifo_entry_size_reg[511] )
INFO: [Synth 8-3333] propagating constant 0 across sequential element (\dsc_eng.DSC /\dsc_fifo_entry_size_reg[510] )
INFO: [Synth 8-3333] propagating constant 0 across sequential element (\dsc_eng.DSC /\dsc_fifo_entry_size_reg[509] )
INFO: [Synth 8-3333] propagating constant 0 across sequential element (\dsc_eng.DSC /\dsc_fifo_entry_size_reg[508] )
INFO: [Synth 8-3333] propagating constant 0 across sequential element (\dsc_eng.DSC /\dsc_fifo_entry_size_reg[507] )
INFO: [Synth 8-3333] propagating constant 0 across sequential element (\dsc_eng.DSC /\dsc_fifo_entry_size_reg[506] )
INFO: [Synth 8-3333] propagating constant 0 across sequential element (\dsc_eng.DSC /\dsc_fifo_entry_size_reg[505] )
INFO: [Synth 8-3333] propagating constant 0 across sequential element (\dsc_eng.DSC /\dsc_fifo_entry_size_reg[504] )
INFO: [Synth 8-3333] propagating constant 0 across sequential element (\dsc_eng.DSC /\dsc_fifo_entry_size_reg[503] )
INFO: [Synth 8-3333] propagating constant 0 across sequential element (\dsc_eng.DSC /\dsc_fifo_entry_size_reg[502] )
INFO: [Synth 8-3333] propagating constant 0 across sequential element (\dsc_eng.DSC /\dsc_fifo_entry_size_reg[501] )
INFO: [Synth 8-3333] propagating constant 0 across sequential element (\dsc_eng.DSC /\dsc_fifo_entry_size_reg[500] )
INFO: [Synth 8-3333] propagating constant 0 across sequential element (\dsc_eng.DSC /\dsc_fifo_entry_size_reg[499] )
INFO: [Synth 8-3333] propagating constant 0 across sequential element (\dsc_eng.DSC /\dsc_fifo_entry_size_reg[498] )
INFO: [Synth 8-3333] propagating constant 0 across sequential element (\dsc_eng.DSC /\dsc_fifo_entry_size_reg[497] )
INFO: [Synth 8-3333] propagating constant 0 across sequential element (\dsc_eng.DSC /\dsc_fifo_entry_size_reg[496] )
INFO: [Synth 8-3333] propagating constant 0 across sequential element (\dsc_eng.DSC /\dsc_fifo_entry_size_reg[495] )
INFO: [Synth 8-3333] propagating constant 0 across sequential element (\dsc_eng.DSC /\dsc_fifo_entry_size_reg[494] )
INFO: [Synth 8-3333] propagating constant 0 across sequential element (\dsc_eng.DSC /\dsc_fifo_entry_size_reg[493] )
INFO: [Synth 8-3333] propagating constant 0 across sequential element (\dsc_eng.DSC /\dsc_fifo_entry_size_reg[492] )
INFO: [Synth 8-3333] propagating constant 0 across sequential element (\dsc_eng.DSC /\dsc_fifo_entry_size_reg[491] )
INFO: [Synth 8-3333] propagating constant 0 across sequential element (\dsc_eng.DSC /\dsc_fifo_entry_size_reg[490] )
INFO: [Synth 8-3333] propagating constant 0 across sequential element (\dsc_eng.DSC /\dsc_fifo_entry_size_reg[489] )
INFO: [Synth 8-3333] propagating constant 0 across sequential element (\dsc_eng.DSC /\dsc_fifo_entry_size_reg[488] )
INFO: [Synth 8-3333] propagating constant 0 across sequential element (\dsc_eng.DSC /\dsc_fifo_entry_size_reg[487] )
INFO: [Synth 8-3333] propagating constant 0 across sequential element (\dsc_eng.DSC /\dsc_fifo_entry_size_reg[486] )
INFO: [Synth 8-3333] propagating constant 0 across sequential element (\dsc_eng.DSC /\dsc_fifo_entry_size_reg[485] )
INFO: [Synth 8-3333] propagating constant 0 across sequential element (\dsc_eng.DSC /\dsc_fifo_entry_size_reg[484] )
INFO: [Synth 8-3333] propagating constant 0 across sequential element (\dsc_eng.DSC /\dsc_fifo_entry_size_reg[483] )
INFO: [Synth 8-3333] propagating constant 0 across sequential element (\dsc_eng.DSC /\dsc_fifo_entry_size_reg[482] )
INFO: [Synth 8-3333] propagating constant 0 across sequential element (\dsc_eng.DSC /\dsc_fifo_entry_size_reg[481] )
INFO: [Synth 8-3333] propagating constant 0 across sequential element (\dsc_eng.DSC /\dsc_fifo_entry_size_reg[480] )
INFO: [Synth 8-3333] propagating constant 0 across sequential element (\dsc_eng.DSC /\dsc_fifo_entry_size_reg[479] )
INFO: [Synth 8-3333] propagating constant 0 across sequential element (\dsc_eng.DSC /\dsc_fifo_entry_size_reg[478] )
INFO: [Synth 8-3333] propagating constant 0 across sequential element (\dsc_eng.DSC /\dsc_fifo_entry_size_reg[477] )
INFO: [Synth 8-3333] propagating constant 0 across sequential element (\dsc_eng.DSC /\dsc_fifo_entry_size_reg[476] )
INFO: [Synth 8-3333] propagating constant 0 across sequential element (\dsc_eng.DSC /\dsc_fifo_entry_size_reg[475] )
INFO: [Synth 8-3333] propagating constant 0 across sequential element (\dsc_eng.DSC /\dsc_fifo_entry_size_reg[474] )
INFO: [Synth 8-3333] propagating constant 0 across sequential element (\dsc_eng.DSC /\dsc_fifo_entry_size_reg[473] )
INFO: [Synth 8-3333] propagating constant 0 across sequential element (\dsc_eng.DSC /\dsc_fifo_entry_size_reg[472] )
INFO: [Synth 8-3333] propagating constant 0 across sequential element (\dsc_eng.DSC /\dsc_fifo_entry_size_reg[471] )
INFO: [Synth 8-3333] propagating constant 0 across sequential element (\dsc_eng.DSC /\dsc_fifo_entry_size_reg[470] )
INFO: [Synth 8-3333] propagating constant 0 across sequential element (\dsc_eng.DSC /\dsc_fifo_entry_size_reg[469] )
INFO: [Synth 8-3333] propagating constant 0 across sequential element (\dsc_eng.DSC /\dsc_fifo_entry_size_reg[468] )
INFO: [Synth 8-3333] propagating constant 0 across sequential element (\dsc_eng.DSC /\dsc_fifo_entry_size_reg[467] )
INFO: [Synth 8-3333] propagating constant 0 across sequential element (\dsc_eng.DSC /\dsc_fifo_entry_size_reg[466] )
INFO: [Synth 8-3333] propagating constant 0 across sequential element (\dsc_eng.DSC /\dsc_fifo_entry_size_reg[465] )
INFO: [Synth 8-3333] propagating constant 0 across sequential element (\dsc_eng.DSC /\dsc_fifo_entry_size_reg[464] )
INFO: [Synth 8-3333] propagating constant 0 across sequential element (\dsc_eng.DSC /\dsc_fifo_entry_size_reg[463] )
INFO: [Synth 8-3333] propagating constant 0 across sequential element (\dsc_eng.DSC /\dsc_fifo_entry_size_reg[462] )
INFO: [Synth 8-3333] propagating constant 0 across sequential element (\dsc_eng.DSC /\dsc_fifo_entry_size_reg[461] )
INFO: [Synth 8-3333] propagating constant 0 across sequential element (\dsc_eng.DSC /\dsc_fifo_entry_size_reg[460] )
INFO: [Synth 8-3333] propagating constant 0 across sequential element (\dsc_eng.DSC /\dsc_fifo_entry_size_reg[459] )
INFO: [Synth 8-3333] propagating constant 0 across sequential element (\dsc_eng.DSC /\dsc_fifo_entry_size_reg[458] )
INFO: [Synth 8-3333] propagating constant 0 across sequential element (\dsc_eng.DSC /\dsc_fifo_entry_size_reg[457] )
INFO: [Synth 8-3333] propagating constant 0 across sequential element (\dsc_eng.DSC /\dsc_fifo_entry_size_reg[456] )
INFO: [Synth 8-3333] propagating constant 0 across sequential element (\dsc_eng.DSC /\dsc_fifo_entry_size_reg[455] )
INFO: [Synth 8-3333] propagating constant 0 across sequential element (\dsc_eng.DSC /\dsc_fifo_entry_size_reg[454] )
INFO: [Common 17-14] Message 'Synth 8-3333' appears 100 times and further instances of the messages will be disabled. Use the Tcl command set_msg_config to change the current settings.
INFO: [Synth 8-7067] Removed DRAM instance dsc_eng.DSC/RRQ_FIFO/i_0/MemArray_reg_0_3_120_120 from module xdma_v4_2_2_GenericFIFOHead__parameterized0__2 due to constant propagation
INFO: [Synth 8-7067] Removed DRAM instance dsc_eng.DSC/RRQ_FIFO/i_0/MemArray_reg_0_3_54_59 from module xdma_v4_2_2_GenericFIFOHead__parameterized0__2 due to constant propagation
INFO: [Synth 8-7067] Removed DRAM instance dsc_eng.DSC/RRQ_FIFO/i_0/MemArray_reg_0_3_48_53 from module xdma_v4_2_2_GenericFIFOHead__parameterized0__2 due to constant propagation
INFO: [Synth 8-7067] Removed DRAM instance dsc_eng.DSC/RRQ_FIFO/i_0/MemArray_reg_0_3_36_41 from module xdma_v4_2_2_GenericFIFOHead__parameterized0__2 due to constant propagation
INFO: [Synth 8-7067] Removed DRAM instance dsc_eng.DSC/RRQ_FIFO/i_0/MemArray_reg_0_3_0_5 from module xdma_v4_2_2_GenericFIFOHead__parameterized0__2 due to constant propagation
INFO: [Synth 8-7067] Removed DRAM instance WR/gen_rdwr_loop[0].gen_rdwr_eng.RDWR_INST/RRQ_FIFO/i_0/MemArray_reg_0_3_120_120 from module xdma_v4_2_2_GenericFIFOHead__parameterized0__1 due to constant propagation
INFO: [Synth 8-7067] Removed DRAM instance WR/gen_rdwr_loop[0].gen_rdwr_eng.RDWR_INST/RRQ_FIFO/i_0/MemArray_reg_0_3_0_5 from module xdma_v4_2_2_GenericFIFOHead__parameterized0__1 due to constant propagation
INFO: [Synth 8-7067] Removed DRAM instance dsc_eng.DSC/RRQ_FIFO/i_0/MemArray_reg_0_3_54_59 from module xdma_v4_2_2_GenericFIFOHead__parameterized0__2 due to constant propagation
INFO: [Synth 8-3333] propagating constant 0 across sequential element (\RD/gen_rdwr_loop[0].gen_rdwr_eng.RDWR_INST /\rrq_dsc_bt_adj_902_reg[1] )
INFO: [Synth 8-3333] propagating constant 1 across sequential element (\RD/gen_rdwr_loop[0].gen_rdwr_eng.RDWR_INST /\cfg_mpl_msk_nn1_reg[6] )
INFO: [Synth 8-3333] propagating constant 0 across sequential element (\RD/gen_rdwr_loop[0].gen_rdwr_eng.RDWR_INST /wrq_unx_dat_303_reg)
INFO: [Synth 8-3333] propagating constant 0 across sequential element (\RD/gen_rdwr_loop[0].gen_rdwr_eng.RDWR_INST /dat_fifo_dbe_nn1_reg)
INFO: [Synth 8-3333] propagating constant 0 across sequential element (\RD/gen_rdwr_loop[0].gen_rdwr_eng.RDWR_INST /\reg_umsk_nn1_reg[31] )
INFO: [Synth 8-7067] Removed DRAM instance RD/gen_rdwr_loop[0].gen_rdwr_eng.RDWR_INST/RRQ_FIFO/i_0/MemArray_reg_0_3_120_120 from module xdma_v4_2_2_GenericFIFOHead__parameterized0 due to constant propagation
INFO: [Synth 8-7067] Removed DRAM instance RD/gen_rdwr_loop[0].gen_rdwr_eng.RDWR_INST/RRQ_FIFO/i_0/MemArray_reg_0_3_36_41 from module xdma_v4_2_2_GenericFIFOHead__parameterized0 due to constant propagation
INFO: [Synth 8-7067] Removed DRAM instance RD/gen_rdwr_loop[0].gen_rdwr_eng.RDWR_INST/RRQ_FIFO/i_0/MemArray_reg_0_3_0_5 from module xdma_v4_2_2_GenericFIFOHead__parameterized0 due to constant propagation
INFO: [Synth 8-7067] Removed DRAM instance RD/gen_rdwr_loop[0].gen_rdwr_eng.RDWR_INST/WRQ_FIFO/i_0/MemArray_reg_0_3_30_35 from module xdma_v4_2_2_GenericFIFOHead__parameterized2 due to constant propagation
INFO: [Synth 8-7067] Removed DRAM instance RD/gen_rdwr_loop[0].gen_rdwr_eng.RDWR_INST/WRQ_FIFO/i_0/MemArray_reg_0_3_24_29 from module xdma_v4_2_2_GenericFIFOHead__parameterized2 due to constant propagation
INFO: [Synth 8-3333] propagating constant 0 across sequential element (\RD/gen_rdwr_loop[0].gen_rdwr_eng.RDWR_INST /wrq_unx_dat_304_reg)
INFO: [Synth 8-3333] propagating constant 0 across sequential element (\RD/cfg_dbe_all_reg )
INFO: [Synth 8-3333] propagating constant 0 across sequential element (\RD/gen_rdwr_loop[0].gen_rdwr_eng.RDWR_INST /WRQ_FIFO/\Head_reg[45] )
INFO: [Synth 8-3333] propagating constant 0 across sequential element (\RD/gen_rdwr_loop[0].gen_rdwr_eng.RDWR_INST /RRQ_FIFO/\Head_reg[120] )
INFO: [Synth 8-7067] Removed DRAM instance RD/gen_rdwr_loop[0].gen_rdwr_eng.RDWR_INST/RRQ_FIFO/i_0/MemArray_reg_0_3_36_41 from module xdma_v4_2_2_GenericFIFOHead__parameterized0 due to constant propagation
INFO: [Common 17-14] Message 'Synth 8-7129' appears 100 times and further instances of the messages will be disabled. Use the Tcl command set_msg_config to change the current settings.
INFO: [Synth 8-3886] merging instance 'dma_pcie_req/dma_pcie_rc/dw_tlp_1_sop_ch_reg[0]' (FDR) to 'dma_pcie_req/dma_pcie_rc/dw_tlp_1_sop_reg'
INFO: [Synth 8-3886] merging instance 'dma_pcie_req/dma_pcie_rc/dw_tlp_2_sop_ch_reg[1]' (FDR) to 'dma_pcie_req/dma_pcie_rc/rcb64_stg1_bc_mot_reg[1]'
INFO: [Synth 8-3886] merging instance 'dma_pcie_req/dma_pcie_rc/dw_tlp_1_sop_ch_reg[1]' (FDR) to 'dma_pcie_req/dma_pcie_rc/dw_tlp_1_sop_ch_reg[2]'
INFO: [Synth 8-3886] merging instance 'dma_pcie_req/dma_pcie_rc/dw_tlp_1_sop_ch_reg[2]' (FDR) to 'dma_pcie_req/dma_pcie_rc/dw_tlp_1_sop_ch_reg[3]'
INFO: [Synth 8-3886] merging instance 'dma_pcie_req/dma_pcie_rc/dw_tlp_2_sop_ch_reg[2]' (FDR) to 'dma_pcie_req/dma_pcie_rc/rcb64_stg1_bc_mot_reg[1]'
INFO: [Synth 8-3333] propagating constant 0 across sequential element (dma_pcie_req/dma_pcie_rc/\dw_tlp_1_sop_ch_reg[3] )
INFO: [Synth 8-3886] merging instance 'dma_pcie_req/dma_pcie_rc/dw_tlp_2_sop_ch_reg[3]' (FDR) to 'dma_pcie_req/dma_pcie_rc/rcb64_stg1_bc_mot_reg[1]'
INFO: [Synth 8-3886] merging instance 'dma_pcie_req/dma_pcie_rc/tlp_adr_offset_reg[1]' (FDRE) to 'dma_pcie_req/dma_pcie_rc/tlp_adr_offset_reg[2]'
INFO: [Synth 8-3886] merging instance 'dma_pcie_req/dma_pcie_rc/tlp_adr_offset_reg[2]' (FDRE) to 'dma_pcie_req/dma_pcie_rc/tlp_adr_offset_reg[3]'
INFO: [Synth 8-3333] propagating constant 0 across sequential element (dma_pcie_req/dma_pcie_rc/\tlp_adr_offset_reg[3] )
INFO: [Synth 8-3886] merging instance 'dma_pcie_req/dma_pcie_rq/wtlp_shift_502_reg[0]' (FD) to 'dma_pcie_req/dma_pcie_rq/wtlp_hdr_500_reg[71]'
INFO: [Synth 8-3886] merging instance 'dma_pcie_req/dma_pcie_rc/rcb64_stg1_bc_mot_reg[0]' (FDR) to 'dma_pcie_req/dma_pcie_rc/rcb64_stg1_bc_mot_reg[1]'
INFO: [Synth 8-3886] merging instance 'dma_pcie_req/dma_pcie_rc/rcb64_stg1_bc_mot_reg[1]' (FDR) to 'dma_pcie_req/dma_pcie_rc/dw_tlp_2_sop_reg'
INFO: [Synth 8-3886] merging instance 'dma_enable.wb_eng.dma_pcie_wb_eng/i_9/WB_DAT_FIFO/DataOut_reg[35]' (FD) to 'dma_enable.wb_eng.dma_pcie_wb_eng/i_9/WB_DAT_FIFO/DataOut_reg[32]'
INFO: [Synth 8-3886] merging instance 'dma_enable.wb_eng.dma_pcie_wb_eng/i_9/WB_DAT_FIFO/DataOut_reg[34]' (FD) to 'dma_enable.wb_eng.dma_pcie_wb_eng/i_9/WB_DAT_FIFO/DataOut_reg[32]'
INFO: [Synth 8-3886] merging instance 'dma_enable.wb_eng.dma_pcie_wb_eng/i_9/WB_DAT_FIFO/DataOut_reg[32]' (FD) to 'dma_enable.wb_eng.dma_pcie_wb_eng/i_9/WB_DAT_FIFO/DataOut_reg[33]'
INFO: [Synth 8-3333] propagating constant 0 across sequential element (\dma_enable.wb_eng.dma_pcie_wb_eng /i_9/\WB_DAT_FIFO/DataOut_reg[33] )
INFO: [Synth 8-3886] merging instance 'dma_pcie_req/dma_pcie_rq/resource_reduction_disable_1.wpl_dwa_dat_503_reg[120]' (FDR) to 'dma_pcie_req/dma_pcie_rq/resource_reduction_disable_1.wpl_dwa_dat_503_reg[121]'
INFO: [Synth 8-3886] merging instance 'dma_pcie_req/dma_pcie_rq/resource_reduction_disable_1.wpl_dwa_dat_503_reg[121]' (FDR) to 'dma_pcie_req/dma_pcie_rq/resource_reduction_disable_1.wpl_dwa_dat_503_reg[122]'
INFO: [Synth 8-3886] merging instance 'dma_pcie_req/dma_pcie_rq/resource_reduction_disable_1.wpl_dwa_dat_503_reg[122]' (FDR) to 'dma_pcie_req/dma_pcie_rq/resource_reduction_disable_1.wpl_dwa_dat_503_reg[123]'
INFO: [Synth 8-3886] merging instance 'dma_pcie_req/dma_pcie_rq/resource_reduction_disable_1.wpl_dwa_dat_503_reg[123]' (FDR) to 'dma_pcie_req/dma_pcie_rq/resource_reduction_disable_1.wpl_dwa_dat_503_reg[124]'
INFO: [Synth 8-3886] merging instance 'dma_pcie_req/dma_pcie_rq/resource_reduction_disable_1.wpl_dwa_dat_503_reg[124]' (FDR) to 'dma_pcie_req/dma_pcie_rq/resource_reduction_disable_1.wpl_dwa_dat_503_reg[125]'
INFO: [Synth 8-3886] merging instance 'dma_pcie_req/dma_pcie_rq/resource_reduction_disable_1.wpl_dwa_dat_503_reg[125]' (FDR) to 'dma_pcie_req/dma_pcie_rq/resource_reduction_disable_1.wpl_dwa_dat_503_reg[126]'
INFO: [Synth 8-3886] merging instance 'dma_pcie_req/dma_pcie_rq/resource_reduction_disable_1.wpl_dwa_dat_503_reg[126]' (FDR) to 'dma_pcie_req/dma_pcie_rq/resource_reduction_disable_1.wpl_dwa_dat_503_reg[127]'
INFO: [Synth 8-3886] merging instance 'dma_pcie_req/dma_pcie_rq/resource_reduction_disable_1.wpl_dwa_dat_503_reg[127]' (FDR) to 'dma_pcie_req/dma_pcie_rq/pcie_rq_seq_ret_wr_ff_reg[0]'
INFO: [Synth 8-3886] merging instance 'dma_pcie_req/dma_pcie_rc/pfch_rc_parityerr_reg[63]' (FDRE) to 'dma_pcie_req/dma_pcie_rc/pfch_rc_parityerr_reg[0]'
INFO: [Synth 8-3886] merging instance 'dma_pcie_req/dma_pcie_rc/pfch_rc_parityerr_reg[62]' (FDRE) to 'dma_pcie_req/dma_pcie_rc/pfch_rc_parityerr_reg[0]'
INFO: [Synth 8-3886] merging instance 'dma_pcie_req/dma_pcie_rc/pfch_rc_parityerr_reg[61]' (FDRE) to 'dma_pcie_req/dma_pcie_rc/pfch_rc_parityerr_reg[0]'
INFO: [Synth 8-3886] merging instance 'dma_pcie_req/dma_pcie_rc/pfch_rc_parityerr_reg[60]' (FDRE) to 'dma_pcie_req/dma_pcie_rc/pfch_rc_parityerr_reg[0]'
INFO: [Synth 8-3886] merging instance 'dma_pcie_req/dma_pcie_rc/pfch_rc_parityerr_reg[59]' (FDRE) to 'dma_pcie_req/dma_pcie_rc/pfch_rc_parityerr_reg[0]'
INFO: [Synth 8-3886] merging instance 'dma_pcie_req/dma_pcie_rc/pfch_rc_parityerr_reg[58]' (FDRE) to 'dma_pcie_req/dma_pcie_rc/pfch_rc_parityerr_reg[0]'
INFO: [Synth 8-3886] merging instance 'dma_pcie_req/dma_pcie_rc/pfch_rc_parityerr_reg[57]' (FDRE) to 'dma_pcie_req/dma_pcie_rc/pfch_rc_parityerr_reg[0]'
INFO: [Synth 8-3886] merging instance 'dma_pcie_req/dma_pcie_rc/pfch_rc_parityerr_reg[56]' (FDRE) to 'dma_pcie_req/dma_pcie_rc/pfch_rc_parityerr_reg[0]'
INFO: [Synth 8-3886] merging instance 'dma_pcie_req/dma_pcie_rc/pfch_rc_parityerr_reg[55]' (FDRE) to 'dma_pcie_req/dma_pcie_rc/pfch_rc_parityerr_reg[0]'
INFO: [Synth 8-3886] merging instance 'dma_pcie_req/dma_pcie_rc/pfch_rc_parityerr_reg[54]' (FDRE) to 'dma_pcie_req/dma_pcie_rc/pfch_rc_parityerr_reg[0]'
INFO: [Synth 8-3886] merging instance 'dma_pcie_req/dma_pcie_rc/pfch_rc_parityerr_reg[53]' (FDRE) to 'dma_pcie_req/dma_pcie_rc/pfch_rc_parityerr_reg[0]'
INFO: [Synth 8-3886] merging instance 'dma_pcie_req/dma_pcie_rc/pfch_rc_parityerr_reg[52]' (FDRE) to 'dma_pcie_req/dma_pcie_rc/pfch_rc_parityerr_reg[0]'
INFO: [Synth 8-3886] merging instance 'dma_pcie_req/dma_pcie_rc/pfch_rc_parityerr_reg[51]' (FDRE) to 'dma_pcie_req/dma_pcie_rc/pfch_rc_parityerr_reg[0]'
INFO: [Synth 8-3886] merging instance 'dma_pcie_req/dma_pcie_rc/pfch_rc_parityerr_reg[50]' (FDRE) to 'dma_pcie_req/dma_pcie_rc/pfch_rc_parityerr_reg[0]'
INFO: [Synth 8-3886] merging instance 'dma_pcie_req/dma_pcie_rc/pfch_rc_parityerr_reg[49]' (FDRE) to 'dma_pcie_req/dma_pcie_rc/pfch_rc_parityerr_reg[0]'
INFO: [Synth 8-3886] merging instance 'dma_pcie_req/dma_pcie_rc/pfch_rc_parityerr_reg[48]' (FDRE) to 'dma_pcie_req/dma_pcie_rc/pfch_rc_parityerr_reg[0]'
INFO: [Synth 8-3886] merging instance 'dma_pcie_req/dma_pcie_rc/pfch_rc_parityerr_reg[47]' (FDRE) to 'dma_pcie_req/dma_pcie_rc/pfch_rc_parityerr_reg[0]'
INFO: [Synth 8-3886] merging instance 'dma_pcie_req/dma_pcie_rc/pfch_rc_parityerr_reg[46]' (FDRE) to 'dma_pcie_req/dma_pcie_rc/pfch_rc_parityerr_reg[0]'
INFO: [Synth 8-3886] merging instance 'dma_pcie_req/dma_pcie_rc/pfch_rc_parityerr_reg[45]' (FDRE) to 'dma_pcie_req/dma_pcie_rc/pfch_rc_parityerr_reg[0]'
INFO: [Synth 8-3886] merging instance 'dma_pcie_req/dma_pcie_rc/pfch_rc_parityerr_reg[44]' (FDRE) to 'dma_pcie_req/dma_pcie_rc/pfch_rc_parityerr_reg[0]'
INFO: [Synth 8-3886] merging instance 'dma_pcie_req/dma_pcie_rc/pfch_rc_parityerr_reg[43]' (FDRE) to 'dma_pcie_req/dma_pcie_rc/pfch_rc_parityerr_reg[0]'
INFO: [Synth 8-3886] merging instance 'dma_pcie_req/dma_pcie_rc/pfch_rc_parityerr_reg[42]' (FDRE) to 'dma_pcie_req/dma_pcie_rc/pfch_rc_parityerr_reg[0]'
INFO: [Synth 8-3886] merging instance 'dma_pcie_req/dma_pcie_rc/pfch_rc_parityerr_reg[41]' (FDRE) to 'dma_pcie_req/dma_pcie_rc/pfch_rc_parityerr_reg[0]'
INFO: [Synth 8-3886] merging instance 'dma_pcie_req/dma_pcie_rc/pfch_rc_parityerr_reg[40]' (FDRE) to 'dma_pcie_req/dma_pcie_rc/pfch_rc_parityerr_reg[0]'
INFO: [Synth 8-3886] merging instance 'dma_pcie_req/dma_pcie_rc/pfch_rc_parityerr_reg[39]' (FDRE) to 'dma_pcie_req/dma_pcie_rc/pfch_rc_parityerr_reg[0]'
INFO: [Synth 8-3886] merging instance 'dma_pcie_req/dma_pcie_rc/pfch_rc_parityerr_reg[38]' (FDRE) to 'dma_pcie_req/dma_pcie_rc/pfch_rc_parityerr_reg[0]'
INFO: [Synth 8-3886] merging instance 'dma_pcie_req/dma_pcie_rc/pfch_rc_parityerr_reg[37]' (FDRE) to 'dma_pcie_req/dma_pcie_rc/pfch_rc_parityerr_reg[0]'
INFO: [Synth 8-3886] merging instance 'dma_pcie_req/dma_pcie_rc/pfch_rc_parityerr_reg[36]' (FDRE) to 'dma_pcie_req/dma_pcie_rc/pfch_rc_parityerr_reg[0]'
INFO: [Synth 8-3886] merging instance 'dma_pcie_req/dma_pcie_rc/pfch_rc_parityerr_reg[35]' (FDRE) to 'dma_pcie_req/dma_pcie_rc/pfch_rc_parityerr_reg[0]'
INFO: [Synth 8-3886] merging instance 'dma_pcie_req/dma_pcie_rc/pfch_rc_parityerr_reg[34]' (FDRE) to 'dma_pcie_req/dma_pcie_rc/pfch_rc_parityerr_reg[0]'
INFO: [Synth 8-3886] merging instance 'dma_pcie_req/dma_pcie_rc/pfch_rc_parityerr_reg[33]' (FDRE) to 'dma_pcie_req/dma_pcie_rc/pfch_rc_parityerr_reg[0]'
INFO: [Synth 8-3886] merging instance 'dma_pcie_req/dma_pcie_rc/pfch_rc_parityerr_reg[32]' (FDRE) to 'dma_pcie_req/dma_pcie_rc/pfch_rc_parityerr_reg[0]'
INFO: [Synth 8-3886] merging instance 'dma_pcie_req/dma_pcie_rc/pfch_rc_parityerr_reg[31]' (FDRE) to 'dma_pcie_req/dma_pcie_rc/pfch_rc_parityerr_reg[0]'
INFO: [Synth 8-3886] merging instance 'dma_pcie_req/dma_pcie_rc/pfch_rc_parityerr_reg[30]' (FDRE) to 'dma_pcie_req/dma_pcie_rc/pfch_rc_parityerr_reg[0]'
INFO: [Synth 8-3886] merging instance 'dma_pcie_req/dma_pcie_rc/pfch_rc_parityerr_reg[29]' (FDRE) to 'dma_pcie_req/dma_pcie_rc/pfch_rc_parityerr_reg[0]'
INFO: [Synth 8-3886] merging instance 'dma_pcie_req/dma_pcie_rc/pfch_rc_parityerr_reg[28]' (FDRE) to 'dma_pcie_req/dma_pcie_rc/pfch_rc_parityerr_reg[0]'
INFO: [Synth 8-3886] merging instance 'dma_pcie_req/dma_pcie_rc/pfch_rc_parityerr_reg[27]' (FDRE) to 'dma_pcie_req/dma_pcie_rc/pfch_rc_parityerr_reg[0]'
INFO: [Synth 8-3886] merging instance 'dma_pcie_req/dma_pcie_rc/pfch_rc_parityerr_reg[26]' (FDRE) to 'dma_pcie_req/dma_pcie_rc/pfch_rc_parityerr_reg[0]'
INFO: [Synth 8-3886] merging instance 'dma_pcie_req/dma_pcie_rc/pfch_rc_parityerr_reg[25]' (FDRE) to 'dma_pcie_req/dma_pcie_rc/pfch_rc_parityerr_reg[0]'
INFO: [Synth 8-3886] merging instance 'dma_pcie_req/dma_pcie_rc/pfch_rc_parityerr_reg[24]' (FDRE) to 'dma_pcie_req/dma_pcie_rc/pfch_rc_parityerr_reg[0]'
INFO: [Synth 8-3886] merging instance 'dma_pcie_req/dma_pcie_rc/pfch_rc_parityerr_reg[23]' (FDRE) to 'dma_pcie_req/dma_pcie_rc/pfch_rc_parityerr_reg[0]'
INFO: [Synth 8-3886] merging instance 'dma_pcie_req/dma_pcie_rc/pfch_rc_parityerr_reg[22]' (FDRE) to 'dma_pcie_req/dma_pcie_rc/pfch_rc_parityerr_reg[0]'
INFO: [Synth 8-3886] merging instance 'dma_pcie_req/dma_pcie_rc/pfch_rc_parityerr_reg[21]' (FDRE) to 'dma_pcie_req/dma_pcie_rc/pfch_rc_parityerr_reg[0]'
INFO: [Synth 8-3886] merging instance 'dma_pcie_req/dma_pcie_rc/pfch_rc_parityerr_reg[20]' (FDRE) to 'dma_pcie_req/dma_pcie_rc/pfch_rc_parityerr_reg[0]'
INFO: [Synth 8-3886] merging instance 'dma_pcie_req/dma_pcie_rc/pfch_rc_parityerr_reg[19]' (FDRE) to 'dma_pcie_req/dma_pcie_rc/pfch_rc_parityerr_reg[0]'
INFO: [Synth 8-3886] merging instance 'dma_pcie_req/dma_pcie_rc/pfch_rc_parityerr_reg[18]' (FDRE) to 'dma_pcie_req/dma_pcie_rc/pfch_rc_parityerr_reg[0]'
INFO: [Synth 8-3886] merging instance 'dma_pcie_req/dma_pcie_rc/pfch_rc_parityerr_reg[17]' (FDRE) to 'dma_pcie_req/dma_pcie_rc/pfch_rc_parityerr_reg[0]'
INFO: [Synth 8-3886] merging instance 'dma_pcie_req/dma_pcie_rc/pfch_rc_parityerr_reg[16]' (FDRE) to 'dma_pcie_req/dma_pcie_rc/pfch_rc_parityerr_reg[0]'
INFO: [Synth 8-3886] merging instance 'dma_pcie_req/dma_pcie_rc/pfch_rc_parityerr_reg[15]' (FDRE) to 'dma_pcie_req/dma_pcie_rc/pfch_rc_parityerr_reg[0]'
INFO: [Synth 8-3886] merging instance 'dma_pcie_req/dma_pcie_rc/pfch_rc_parityerr_reg[14]' (FDRE) to 'dma_pcie_req/dma_pcie_rc/pfch_rc_parityerr_reg[0]'
INFO: [Synth 8-3886] merging instance 'dma_pcie_req/dma_pcie_rc/pfch_rc_parityerr_reg[13]' (FDRE) to 'dma_pcie_req/dma_pcie_rc/pfch_rc_parityerr_reg[0]'
INFO: [Synth 8-3886] merging instance 'dma_pcie_req/dma_pcie_rc/pfch_rc_parityerr_reg[12]' (FDRE) to 'dma_pcie_req/dma_pcie_rc/pfch_rc_parityerr_reg[0]'
INFO: [Synth 8-3886] merging instance 'dma_pcie_req/dma_pcie_rc/pfch_rc_parityerr_reg[11]' (FDRE) to 'dma_pcie_req/dma_pcie_rc/pfch_rc_parityerr_reg[0]'
INFO: [Synth 8-3886] merging instance 'dma_pcie_req/dma_pcie_rc/pfch_rc_parityerr_reg[10]' (FDRE) to 'dma_pcie_req/dma_pcie_rc/pfch_rc_parityerr_reg[0]'
INFO: [Synth 8-3886] merging instance 'dma_pcie_req/dma_pcie_rc/pfch_rc_parityerr_reg[9]' (FDRE) to 'dma_pcie_req/dma_pcie_rc/pfch_rc_parityerr_reg[0]'
INFO: [Synth 8-3886] merging instance 'dma_pcie_req/dma_pcie_rc/pfch_rc_parityerr_reg[8]' (FDRE) to 'dma_pcie_req/dma_pcie_rc/pfch_rc_parityerr_reg[0]'
INFO: [Synth 8-3886] merging instance 'dma_pcie_req/dma_pcie_rc/pfch_rc_parityerr_reg[0]' (FDRE) to 'dma_pcie_req/dma_pcie_rc/pfch_rc_parityerr_reg[7]'
INFO: [Synth 8-3886] merging instance 'dma_pcie_req/dma_pcie_rc/pfch_rc_parityerr_reg[1]' (FDRE) to 'dma_pcie_req/dma_pcie_rc/pfch_rc_parityerr_reg[7]'
INFO: [Synth 8-3886] merging instance 'dma_pcie_req/dma_pcie_rc/pfch_rc_parityerr_reg[2]' (FDRE) to 'dma_pcie_req/dma_pcie_rc/pfch_rc_parityerr_reg[7]'
INFO: [Synth 8-3886] merging instance 'dma_pcie_req/dma_pcie_rc/pfch_rc_parityerr_reg[3]' (FDRE) to 'dma_pcie_req/dma_pcie_rc/pfch_rc_parityerr_reg[7]'
INFO: [Synth 8-3886] merging instance 'dma_pcie_req/dma_pcie_rc/pfch_rc_parityerr_reg[4]' (FDRE) to 'dma_pcie_req/dma_pcie_rc/pfch_rc_parityerr_reg[7]'
INFO: [Synth 8-3886] merging instance 'dma_pcie_req/dma_pcie_rc/pfch_rc_parityerr_reg[5]' (FDRE) to 'dma_pcie_req/dma_pcie_rc/pfch_rc_parityerr_reg[7]'
INFO: [Synth 8-3886] merging instance 'dma_pcie_req/dma_pcie_rc/pfch_rc_parityerr_reg[6]' (FDRE) to 'dma_pcie_req/dma_pcie_rc/pfch_rc_parityerr_reg[7]'
INFO: [Synth 8-3333] propagating constant 0 across sequential element (dma_pcie_req/dma_pcie_rc/\pfch_rc_parityerr_reg[7] )
INFO: [Synth 8-3886] merging instance 'dma_pcie_req/dma_pcie_rc/dw_tlp_2_sop_ch_reg[0]' (FDR) to 'dma_pcie_req/dma_pcie_rc/dw_tlp_2_sop_reg'
INFO: [Synth 8-3333] propagating constant 0 across sequential element (dma_pcie_req/dma_pcie_rq/\wtlp_hdr_500_reg[71] )
INFO: [Synth 8-3333] propagating constant 0 across sequential element (dma_pcie_req/dma_pcie_rq/RQ_FIFO/\WrPtr_reg[0] )
INFO: [Synth 8-3886] merging instance 'dma_pcie_req/dma_pcie_rc/mem_chn_info_rdt0__3' (FDRE) to 'dma_pcie_req/dma_pcie_rc/tlp_stg2_rc_tag_reg[1]'
INFO: [Synth 8-3886] merging instance 'dma_pcie_req/dma_pcie_rc/mem_chn_info_rdt0__2' (FDRE) to 'dma_pcie_req/dma_pcie_rc/tlp_stg2_rc_tag_reg[2]'
INFO: [Synth 8-3886] merging instance 'dma_pcie_req/dma_pcie_rc/mem_chn_info_rdt0__1' (FDRE) to 'dma_pcie_req/dma_pcie_rc/tlp_stg2_rc_tag_reg[3]'
INFO: [Synth 8-3886] merging instance 'dma_pcie_req/dma_pcie_rc/mem_chn_info_rdt0__0' (FDRE) to 'dma_pcie_req/dma_pcie_rc/tlp_stg2_rc_tag_reg[4]'
INFO: [Synth 8-3886] merging instance 'dma_pcie_req/dma_pcie_rc/mem_chn_info_rdt0' (FDRE) to 'dma_pcie_req/dma_pcie_rc/tlp_stg2_rc_tag_reg[5]'
INFO: [Synth 8-3333] propagating constant 0 across sequential element (dma_pcie_req/dma_pcie_rc/dw_tlp_2_sop_reg)
INFO: [Synth 8-3886] merging instance 'dma_pcie_req/dma_pcie_rq/rreq_head_info_ff_reg[1][tag][6]' (FDRE) to 'dma_pcie_req/dma_pcie_rq/rreq_head_info_ff_reg[1][tag][7]'
INFO: [Synth 8-3333] propagating constant 0 across sequential element (dma_pcie_req/dma_pcie_rq/\rreq_head_info_ff_reg[1][tag][7] )
INFO: [Synth 8-3886] merging instance 'reset_cntrlr/clr_tlpsm_linkdown_ff_reg[0]' (FDC) to 'reset_cntrlr/flush_txn_linkdown_ff_reg[0]'
INFO: [Synth 8-3886] merging instance 'reset_cntrlr/clr_tlpsm_linkdown_ff_reg[1]' (FDC) to 'reset_cntrlr/flush_txn_linkdown_ff_reg[1]'
INFO: [Synth 8-3886] merging instance 'reset_cntrlr/clr_tlpsm_linkdown_ff_reg[2]' (FDC) to 'reset_cntrlr/flush_txn_linkdown_ff_reg[2]'
INFO: [Synth 8-3886] merging instance 'reset_cntrlr/clr_tlpsm_linkdown_ff_reg[3]' (FDC) to 'reset_cntrlr/flush_txn_linkdown_ff_reg[3]'
INFO: [Synth 8-3333] propagating constant 0 across sequential element (dma_pcie_req/dma_pcie_rq/\pcie_rq_seq_ret_wr_ff_reg[0] )
INFO: [Synth 8-3886] merging instance 'dma_pcie_req/dma_pcie_rq/RcbAvail_new_ff_reg[0]' (FDR) to 'dma_pcie_req/dma_pcie_rq/RcbAvail_new_ff_reg[4]'
INFO: [Synth 8-3886] merging instance 'dma_pcie_req/dma_pcie_rq/RcbAvail_new_ff_reg[1]' (FDR) to 'dma_pcie_req/dma_pcie_rq/RcbAvail_new_ff_reg[4]'
INFO: [Synth 8-3886] merging instance 'dma_pcie_req/dma_pcie_rq/RcbAvail_new_ff_reg[2]' (FDR) to 'dma_pcie_req/dma_pcie_rq/RcbAvail_new_ff_reg[4]'
INFO: [Synth 8-3886] merging instance 'dma_pcie_req/dma_pcie_rq/RcbAvail_new_ff_reg[3]' (FDR) to 'dma_pcie_req/dma_pcie_rq/RcbAvail_new_ff_reg[4]'
INFO: [Common 17-14] Message 'Synth 8-3886' appears 100 times and further instances of the messages will be disabled. Use the Tcl command set_msg_config to change the current settings.
INFO: [Common 17-14] Message 'Synth 8-3886' appears 100 times and further instances of the messages will be disabled. Use the Tcl command set_msg_config to change the current settings.
INFO: [Synth 8-3333] propagating constant 0 across sequential element (dma_pcie_req/dma_pcie_rq/\RcbAvail_new_ff_reg[4] )
INFO: [Synth 8-3333] propagating constant 0 across sequential element (dma_pcie_req/dma_pcie_rq/\rreq_head_info_ff_reg[1][slv] )
INFO: [Synth 8-3333] propagating constant 1 across sequential element (dma_pcie_req/dma_pcie_rq/\wpl_hdr_lstrb_ff_reg[0] )
INFO: [Synth 8-3333] propagating constant 0 across sequential element (dma_pcie_req/dma_pcie_rq/\wpl_hdr_adr_ff_reg[1] )
INFO: [Synth 8-3333] propagating constant 0 across sequential element (dma_pcie_req/dma_pcie_rq/cancel_txn_ff_reg)
INFO: [Synth 8-3333] propagating constant 0 across sequential element (dma_pcie_req/dma_pcie_rq/\wtlp_sm_500_reg[3] )
INFO: [Synth 8-3333] propagating constant 0 across sequential element (dma_pcie_req/dma_pcie_rc/rclp_err_unexp_reg)
INFO: [Synth 8-3333] propagating constant 1 across sequential element (dma_pcie_req/dma_pcie_rq/\nph_sel_ff_reg[2] )
INFO: [Synth 8-3333] propagating constant 0 across sequential element (xdma_v4_2_2_pcie_cap_structure_inst/\ats_control_n_cap_reg[20] )
INFO: [Synth 8-3333] propagating constant 0 across sequential element (xdma_v4_2_2_pcie_cap_structure_inst/\pr_status_n_control_reg[0] )
INFO: [Synth 8-3333] propagating constant 0 across sequential element (dma_pcie_req/dma_pcie_rc/\tlp_stg1_sop_loc_reg[3] )
INFO: [Synth 8-3333] propagating constant 0 across sequential element (dma_pcie_req/dma_pcie_rq/\wtlp_shift_503_reg[0] )
INFO: [Synth 8-3333] propagating constant 0 across sequential element (dma_pcie_req/dma_pcie_rc/dw_tlp_hdr_parityerr_reg)
INFO: [Synth 8-3333] propagating constant 1 across sequential element (dma_pcie_req/dma_pcie_rq/\lstrb_ff_reg[0] )
INFO: [Synth 8-3333] propagating constant 0 across sequential element (dma_pcie_req/dma_pcie_rq/\rreq_head_info_ff_reg[0][tag][7] )
INFO: [Synth 8-3333] propagating constant 0 across sequential element (dma_pcie_req/dma_pcie_rq/\rreq_head_info_ff_reg[0][slv] )
INFO: [Common 17-14] Message 'Synth 8-3333' appears 100 times and further instances of the messages will be disabled. Use the Tcl command set_msg_config to change the current settings.
WARNING: [Synth 8-3332] Sequential element (WB_DAT_FIFO/DataOut_reg[33]) is unused and will be removed from module xdma_v4_2_2_dma_wb_eng.
INFO: [Synth 8-5544] ROM "cplLenMid" won't be mapped to Block RAM because address size (3) smaller than threshold (5)
INFO: [Synth 8-5544] ROM "addrmask" won't be mapped to Block RAM because address size (3) smaller than threshold (5)
INFO: [Synth 8-5544] ROM "p_0_in" won't be mapped to Block RAM because address size (2) smaller than threshold (5)
INFO: [Synth 8-5544] ROM "p_0_in" won't be mapped to Block RAM because address size (2) smaller than threshold (5)
INFO: [Common 17-14] Message 'Synth 8-7129' appears 100 times and further instances of the messages will be disabled. Use the Tcl command set_msg_config to change the current settings.
INFO: [Synth 8-12589] Found 58 bits of RAM  (axi4mm_bridge_top_inst/\axi4mm_axi_mm_master_top_inst/axi4mm_axi_mm_master_wr_inst /i_11) with no load. RAM width may be reduced from 64 to 6 
INFO: [Synth 8-7067] Removed DRAM instance axi4mm_bridge_top_inst/axi4mm_axi_mm_master_top_inst/axi4mm_axi_mm_master_wr_inst/i_7/i_0/m_axi_funcq_reg_0_3_6_7 from module extram__18 due to constant propagation
INFO: [Synth 8-7067] Removed DRAM instance axi4mm_bridge_top_inst/axi4mm_axi_mm_master_top_inst/axi4mm_axi_mm_master_wr_inst/i_7/i_0/m_axi_funcq_reg_0_3_0_5 from module extram__18 due to constant propagation
INFO: [Synth 8-7067] Removed DRAM instance axi4mm_bridge_top_inst/axi4mm_axi_mm_master_top_inst/axi4mm_axi_mm_master_rd/i_3/m_axi_funcq_reg_0_1_6_7 from module xdma_v4_2_2_axi_mm_master_rd_br_v due to constant propagation
INFO: [Synth 8-7067] Removed DRAM instance axi4mm_bridge_top_inst/axi4mm_axi_mm_master_top_inst/axi4mm_axi_mm_master_rd/i_3/m_axi_funcq_reg_0_1_0_5 from module xdma_v4_2_2_axi_mm_master_rd_br_v due to constant propagation
INFO: [Synth 8-7067] Removed DRAM instance axi4mm_bridge_top_inst/axi4mm_axi_mm_master_top_inst/axi4mm_axi_str_masterbr_rdtlp_inst/__21/i_/axi4mm_axi_mm_master_top_inst/axi4mm_axi_str_masterbr_rdtlp_inst/rdtlpfuncq_reg_0_7_6_7 from module xdma_v4_2_2_axi4mm_bridge_top due to constant propagation
INFO: [Synth 8-7067] Removed DRAM instance axi4mm_bridge_top_inst/axi4mm_axi_mm_master_top_inst/axi4mm_axi_str_masterbr_rdtlp_inst/__21/i_/axi4mm_axi_mm_master_top_inst/axi4mm_axi_str_masterbr_rdtlp_inst/rdtlpfuncq_reg_0_7_0_5 from module xdma_v4_2_2_axi4mm_bridge_top due to constant propagation
INFO: [Synth 8-7067] Removed DRAM instance axi4mm_bridge_top_inst/axi4mm_axi_mm_master_top_inst/axi4mm_axi_mm_master_wr_inst/i_7/i_0/m_axi_funcq_reg_0_3_0_5 from module extram__18 due to constant propagation
INFO: [Synth 8-4471] merging register 'rc_64.wr_len_reg[9:0]' into 'rc_64.wr_len_reg[9:0]' [<BUILD_ROOT>/vivado_project/v41_g2a_r1i_gen2_offline.gen/sources_1/ip/xdma_v41_m1/xdma_v4_2/hdl/verilog/xdma_v41_m1_dma_cpl.sv:186]
INFO: [Synth 8-4471] merging register 'pipe_wrapper_i/qpll_reset.qpll_reset_i/ovrd_reg' into 'pipe_wrapper_i/gtp_pipe_reset.gtp_pipe_reset_i/pllpd_reg' [<BUILD_ROOT>/vivado_project/v41_g2a_r1i_gen2_offline.gen/sources_1/ip/xdma_v41_m1/ip_0/source/xdma_v41_m1_pcie2_ip_qpll_reset.v:194]
INFO: [Synth 8-5544] ROM "pipe_wrapper_i/pipe_lane[0].pipe_quad.gt_common_enabled.gt_common_int.gt_common_i/qpll_drp_i/addr" won't be mapped to Block RAM because address size (3) smaller than threshold (5)
WARNING: [Synth 8-3917] design xdma_v41_m1_core_top__GC0 has port cfg_current_speed_o[2] driven by constant 0
WARNING: [Synth 8-3917] design xdma_v41_m1_core_top__GC0 has port cfg_function_status[7] driven by constant 0
WARNING: [Synth 8-3917] design xdma_v41_m1_core_top__GC0 has port cfg_function_status[6] driven by constant 0
WARNING: [Synth 8-3917] design xdma_v41_m1_core_top__GC0 has port cfg_function_status[5] driven by constant 0
WARNING: [Synth 8-3917] design xdma_v41_m1_core_top__GC0 has port cfg_function_status[4] driven by constant 0
WARNING: [Synth 8-3917] design xdma_v41_m1_core_top__GC0 has port cfg_interrupt_msi_enable[1] driven by constant 0
INFO: [Synth 8-4652] Swapped enable and write-enable on 1 RAM instances of RAM DSC_CRD_RCV_RAM/the_bram_reg to conserve power
INFO: [Synth 8-4652] Swapped enable and write-enable on 3 RAM instances of RAM C2H_PCIE_DSC_CPLI_RAM/the_bram_reg to conserve power
INFO: [Synth 8-4652] Swapped enable and write-enable on 2 RAM instances of RAM C2H_PCIE_DSC_CPLD_RAM/the_bram_reg to conserve power
INFO: [Synth 8-3332] Sequential element (inst/gt_top_i/pipe_wrapper_i/qpll_reset.qpll_reset_i/FSM_onehot_fsm_reg[7]) is unused and will be removed from module xdma_v41_m1_pcie2_ip_pcie2_top.
INFO: [Synth 8-3332] Sequential element (inst/gt_top_i/pipe_wrapper_i/qpll_reset.qpll_reset_i/FSM_onehot_fsm_reg[6]) is unused and will be removed from module xdma_v41_m1_pcie2_ip_pcie2_top.
INFO: [Synth 8-3332] Sequential element (inst/gt_top_i/pipe_wrapper_i/qpll_reset.qpll_reset_i/FSM_onehot_fsm_reg[5]) is unused and will be removed from module xdma_v41_m1_pcie2_ip_pcie2_top.
INFO: [Synth 8-3332] Sequential element (inst/gt_top_i/pipe_wrapper_i/qpll_reset.qpll_reset_i/FSM_onehot_fsm_reg[4]) is unused and will be removed from module xdma_v41_m1_pcie2_ip_pcie2_top.
INFO: [Synth 8-3332] Sequential element (inst/gt_top_i/pipe_wrapper_i/qpll_reset.qpll_reset_i/FSM_onehot_fsm_reg[3]) is unused and will be removed from module xdma_v41_m1_pcie2_ip_pcie2_top.
INFO: [Synth 8-3332] Sequential element (inst/gt_top_i/pipe_wrapper_i/pipe_lane[0].pipe_eq.pipe_eq_i/rxeq_scan_i/FSM_onehot_fsm_reg[0]) is unused and will be removed from module xdma_v41_m1_pcie2_ip_pcie2_top.
INFO: [Synth 8-3332] Sequential element (inst/gt_top_i/pipe_wrapper_i/pipe_lane[0].pipe_eq.pipe_eq_i/FSM_onehot_fsm_rx_reg[0]) is unused and will be removed from module xdma_v41_m1_pcie2_ip_pcie2_top.
INFO: [Synth 8-3332] Sequential element (inst/gt_top_i/pipe_wrapper_i/pipe_lane[0].pipe_quad.gt_common_enabled.gt_common_int.gt_common_i/qpll_drp_i/FSM_onehot_fsm_reg[8]) is unused and will be removed from module xdma_v41_m1_pcie2_ip_pcie2_top.
INFO: [Synth 8-3332] Sequential element (inst/gt_top_i/pipe_wrapper_i/pipe_lane[0].pipe_quad.gt_common_enabled.gt_common_int.gt_common_i/qpll_drp_i/FSM_onehot_fsm_reg[7]) is unused and will be removed from module xdma_v41_m1_pcie2_ip_pcie2_top.
INFO: [Synth 8-3332] Sequential element (inst/gt_top_i/pipe_wrapper_i/pipe_lane[0].pipe_sync_i/FSM_onehot_txsync_fsm.fsm_tx_reg[0]) is unused and will be removed from module xdma_v41_m1_pcie2_ip_pcie2_top.
INFO: [Synth 8-5544] ROM "output_values_r" won't be mapped to Block RAM because address size (3) smaller than threshold (5)
INFO: [Synth 8-5544] ROM "aux_err_r" won't be mapped to Block RAM because address size (3) smaller than threshold (5)
INFO: [Synth 8-5544] ROM "fsc_byte" won't be mapped to Block RAM because address size (2) smaller than threshold (5)
INFO: [Synth 8-5544] ROM "fsc_byte" won't be mapped to Block RAM because address size (2) smaller than threshold (5)
INFO: [Synth 8-5544] ROM "fsc_byte" won't be mapped to Block RAM because address size (2) smaller than threshold (5)
INFO: [Synth 8-5544] ROM "c_v38ek_format_bank" won't be mapped to Block RAM because address size (2) smaller than threshold (5)
INFO: [Synth 8-5544] ROM "c_v38ek_bank1_output_reg" won't be mapped to Block RAM because address size (3) smaller than threshold (5)
INFO: [Synth 8-5544] ROM "afe_values_r" won't be mapped to Block RAM because address size (4) smaller than threshold (5)
INFO: [Synth 8-5544] ROM "afe_err_r" won't be mapped to Block RAM because address size (4) smaller than threshold (5)
INFO: [Synth 8-5544] ROM "c_v38ek_bank0_window_reg" won't be mapped to Block RAM because address size (4) smaller than threshold (5)
INFO: [Synth 8-5544] ROM "values_r" won't be mapped to Block RAM because address size (4) smaller than threshold (5)
INFO: [Synth 8-5544] ROM "read_err_r" won't be mapped to Block RAM because address size (4) smaller than threshold (5)
WARNING: [Synth 8-3917] design v40a_nvp_autoinit has port nvp_en_vdd1x driven by constant 1
WARNING: [Synth 8-3917] design v40a_nvp_autoinit has port nvp_en_vdd3x driven by constant 1
WARNING: [Synth 8-3917] design v40a_nvp_autoinit has port diag_detail[223] driven by constant 0
WARNING: [Synth 8-3917] design v40a_nvp_autoinit has port diag_detail[222] driven by constant 0
WARNING: [Synth 8-3917] design v40a_nvp_autoinit has port diag_detail[221] driven by constant 0
WARNING: [Synth 8-3917] design v40a_nvp_autoinit has port diag_detail[220] driven by constant 0
WARNING: [Synth 8-3917] design v40a_nvp_autoinit has port diag_detail[219] driven by constant 1
WARNING: [Synth 8-3917] design v40a_nvp_autoinit has port diag_detail[218] driven by constant 0
WARNING: [Synth 8-3917] design v40a_nvp_autoinit has port diag_detail[217] driven by constant 0
WARNING: [Synth 8-3917] design v40a_nvp_autoinit has port diag_detail[216] driven by constant 0
WARNING: [Synth 8-3917] design v40a_nvp_autoinit has port diag_detail[199] driven by constant 0
WARNING: [Synth 8-3917] design v40a_nvp_autoinit has port diag_detail[198] driven by constant 0
WARNING: [Synth 8-3917] design v40a_nvp_autoinit has port diag_detail[87] driven by constant 0
WARNING: [Synth 8-3917] design v40a_nvp_autoinit has port diag_detail[86] driven by constant 0
WARNING: [Synth 8-3917] design v40a_nvp_autoinit has port diag_detail[85] driven by constant 0
WARNING: [Synth 8-3917] design v40a_nvp_autoinit has port diag_detail[84] driven by constant 0
WARNING: [Synth 8-3917] design v40a_nvp_autoinit has port diag_detail[83] driven by constant 0
WARNING: [Synth 8-3917] design v40a_nvp_autoinit has port diag_detail[82] driven by constant 0
WARNING: [Synth 8-3917] design v40a_nvp_autoinit has port diag_detail[81] driven by constant 0
WARNING: [Synth 8-3917] design v40a_nvp_autoinit has port diag_detail[47] driven by constant 0
WARNING: [Synth 8-3917] design v40a_nvp_autoinit has port diag_detail[46] driven by constant 0
WARNING: [Synth 8-3917] design v40a_nvp_autoinit has port diag_detail[45] driven by constant 0
WARNING: [Synth 8-3917] design v40a_nvp_autoinit has port diag_detail[44] driven by constant 0
WARNING: [Synth 8-3917] design v40a_nvp_autoinit has port diag_detail[43] driven by constant 0
WARNING: [Synth 8-3917] design v40a_nvp_autoinit has port diag_detail[42] driven by constant 0
WARNING: [Synth 8-3917] design v40a_nvp_autoinit has port diag_detail[41] driven by constant 0
WARNING: [Synth 8-3917] design v40a_nvp_autoinit has port diag_detail[40] driven by constant 1
WARNING: [Synth 8-3917] design v40a_nvp_autoinit has port diag_detail[39] driven by constant 1
INFO: [Common 17-14] Message 'Synth 8-3886' appears 100 times and further instances of the messages will be disabled. Use the Tcl command set_msg_config to change the current settings.
INFO: [Synth 8-4652] Swapped enable and write-enable on 1 RAM instances of RAM gen_wr_a.gen_word_narrow.mem_reg to conserve power
INFO: [Synth 8-4652] Swapped enable and write-enable on 1 RAM instances of RAM gen_wr_a.gen_word_narrow.mem_reg to conserve power
INFO: [Synth 8-4652] Swapped enable and write-enable on 1 RAM instances of RAM gen_wr_a.gen_word_narrow.mem_reg to conserve power
---------------------------------------------------------------------------------
Finished Cross Boundary and Area Optimization : Time (s): cpu = 00:23:50 ; elapsed = 00:37:20 . Memory (MB): peak = 2424.469 ; gain = 1551.762
---------------------------------------------------------------------------------
---------------------------------------------------------------------------------
Start Applying XDC Timing Constraints
---------------------------------------------------------------------------------
INFO: [Synth 8-5578] Moved timing constraint from pin 'CAPTURE_SUBSYSTEM/NVP_RESET_TO_NVP_SYNC/src_arst' to pin 'nvp_reset_app_autonomous_reg/Q'
INFO: [Synth 8-5578] Moved timing constraint from pin 'xdma_v41_m1_pcie2_to_pcie3_wrapper_i/xdma_v41_m1_axi_stream_intf_i/xdma_v41_m1_rx_demux_i/tgt_brdg_fifo_inst/U0/inst_fifo_gen/gaxis_fifo.gaxisf.axisf/grf.rf/rstblk/ngwrdrst.grst.g7serrst.gnsckt_wrst.rst_wr_reg2_inst/src_arst' to pin 'xdma_v41_m1_pcie2_to_pcie3_wrapper_i/xdma_v41_m1_axi_stream_intf_i/xdma_v41_m1_rx_demux_i/tgt_brdg_fifo_inst/U0/inst_fifo_gen/inverted_reset_inferred/i_0/O'
INFO: [Synth 8-5819] Moved 2 constraints on hierarchical pins to their respective driving/loading pins
---------------------------------------------------------------------------------
Finished Applying XDC Timing Constraints : Time (s): cpu = 00:24:54 ; elapsed = 00:39:08 . Memory (MB): peak = 2559.672 ; gain = 1686.965
---------------------------------------------------------------------------------
---------------------------------------------------------------------------------
Start Timing Optimization
---------------------------------------------------------------------------------
WARNING: [Synth 8-3332] Sequential element (msix_internal_xdma.msix_ctl/FSM_onehot_intr_issue_state_reg[8]) is unused and will be removed from module xdma_v4_2_2_vul_irq.
WARNING: [Synth 8-3332] Sequential element (msix_internal_xdma.msix_ctl/FSM_onehot_intr_issue_state_reg[0]) is unused and will be removed from module xdma_v4_2_2_vul_irq.
WARNING: [Synth 8-3332] Sequential element (msix_internal_xdma.msix_ctl/FSM_onehot_intr_issue_state_reg[3]) is unused and will be removed from module xdma_v4_2_2_vul_irq.
---------------------------------------------------------------------------------
Finished Timing Optimization : Time (s): cpu = 00:27:35 ; elapsed = 00:42:41 . Memory (MB): peak = 2648.934 ; gain = 1776.227
---------------------------------------------------------------------------------
---------------------------------------------------------------------------------
Start Technology Mapping
---------------------------------------------------------------------------------
INFO: [Synth 8-7052] The timing for the instance XDMA/inst/udma_wrapper/dma_enable.vul_dmai_2/RD/gen_rdwr_loop[0].gen_rdwr_eng.RDWR_INST/rrq_wadr_nn1_reg (implemented as a Block RAM) might be sub-optimal as no optional output register could be merged into the ram block. Providing additional output register may help in improving timing.
INFO: [Synth 8-7052] The timing for the instance XDMA/inst/udma_wrapper/dma_topi_5/base/IRQ_INST/msix_internal_xdma.pf0_msix_table/msix_ram_gen[1].msix_ram_reg (implemented as a Block RAM) might be sub-optimal as no optional output register could be merged into the ram block. Providing additional output register may help in improving timing.
INFO: [Synth 8-7052] The timing for the instance XDMA/inst/i_0/ram_top/mas_bridge_ram_write_512.MASTER_WRITE_FIFO/xpm_memory_sdpram_inst_loop[0].xpm_memory_sdpram_inst/xpm_memory_base_inst/gen_wr_a.gen_word_narrow.mem_reg (implemented as a Block RAM) might be sub-optimal as no optional output register could be merged into the ram block. Providing additional output register may help in improving timing.
INFO: [Synth 8-7052] The timing for the instance XDMA/inst/i_0/ram_top/MASTER_READ_BRAM/xpm_memory_sdpram_inst_loop[0].xpm_memory_sdpram_inst/xpm_memory_base_inst/gen_wr_a.gen_word_narrow.mem_reg (implemented as a Block RAM) might be sub-optimal as no optional output register could be merged into the ram block. Providing additional output register may help in improving timing.
INFO: [Synth 8-7052] The timing for the instance i_0/R1F_FAILED_TXN_LOGGER/GEN_R1H_RECORD_BANK[0].R1H_RECORD_PAYLOAD_RAM/xpm_memory_base_inst/gen_wr_a.gen_word_narrow.mem_reg (implemented as a Block RAM) might be sub-optimal as no optional output register could be merged into the ram block. Providing additional output register may help in improving timing.
INFO: [Synth 8-7052] The timing for the instance i_0/R1F_FAILED_TXN_LOGGER/GEN_R1H_RECORD_BANK[1].R1H_RECORD_PAYLOAD_RAM/xpm_memory_base_inst/gen_wr_a.gen_word_narrow.mem_reg (implemented as a Block RAM) might be sub-optimal as no optional output register could be merged into the ram block. Providing additional output register may help in improving timing.
INFO: [Synth 8-7052] The timing for the instance i_0/R1F_FAILED_TXN_LOGGER/GEN_R1H_RECORD_BANK[2].R1H_RECORD_PAYLOAD_RAM/xpm_memory_base_inst/gen_wr_a.gen_word_narrow.mem_reg (implemented as a Block RAM) might be sub-optimal as no optional output register could be merged into the ram block. Providing additional output register may help in improving timing.
INFO: [Synth 8-7052] The timing for the instance i_0/R1F_FAILED_TXN_LOGGER/GEN_R1H_RECORD_BANK[3].R1H_RECORD_PAYLOAD_RAM/xpm_memory_base_inst/gen_wr_a.gen_word_narrow.mem_reg (implemented as a Block RAM) might be sub-optimal as no optional output register could be merged into the ram block. Providing additional output register may help in improving timing.
INFO: [Synth 8-7052] The timing for the instance i_0/R1F_FAILED_TXN_LOGGER/GEN_R1H_RECORD_BANK[4].R1H_RECORD_PAYLOAD_RAM/xpm_memory_base_inst/gen_wr_a.gen_word_narrow.mem_reg (implemented as a Block RAM) might be sub-optimal as no optional output register could be merged into the ram block. Providing additional output register may help in improving timing.
INFO: [Synth 8-7052] The timing for the instance i_0/R1F_FAILED_TXN_LOGGER/GEN_R1H_RECORD_BANK[5].R1H_RECORD_PAYLOAD_RAM/xpm_memory_base_inst/gen_wr_a.gen_word_narrow.mem_reg (implemented as a Block RAM) might be sub-optimal as no optional output register could be merged into the ram block. Providing additional output register may help in improving timing.
INFO: [Synth 8-7067] Removed DRAM instance XDMA/inst/udma_wrapper/dma_enable.vul_dmai_1/dma_top/dma_enable.vul_dma/WR/gen_rdwr_loop[0].gen_rdwr_eng.RDWR_INST/rrq_wfba_nn1_reg_0_15_0_2 from module xdma_v4_2_2_vul_top__GB0_tempName due to constant propagation
INFO: [Synth 8-7067] Removed DRAM instance XDMA/inst/udma_wrapper/dma_enable.vul_dmai_1/dma_top/dma_enable.vul_dma/WR/gen_rdwr_loop[0].gen_rdwr_eng.RDWR_INST/rrq_wfba_nn1_reg_0_15_0_2 from module xdma_v4_2_2_vul_top__GB0_tempName due to constant propagation
INFO: [Synth 8-7052] The timing for the instance XDMA/inst/udma_wrapper/dma_enable.vul_dmai_1/dma_top/dma_enable.vul_dma/WR/gen_rdwr_loop[0].gen_rdwr_eng.RDWR_INST/rrq_wadr_nn1_reg (implemented as a Block RAM) might be sub-optimal as no optional output register could be merged into the ram block. Providing additional output register may help in improving timing.
INFO: [Synth 8-7052] The timing for the instance XDMA/inst/udma_wrapper/dma_enable.vul_dmai_1/dma_top/dma_enable.vul_dma/WR/gen_rdwr_loop[0].gen_rdwr_eng.RDWR_INST/rrq_dadr_nn1_reg (implemented as a Block RAM) might be sub-optimal as no optional output register could be merged into the ram block. Providing additional output register may help in improving timing.
INFO: [Synth 8-7067] Removed DRAM instance XDMA/inst/udma_wrapper/dma_topi_3/dma_top/dma_enable.wb_eng.dma_pcie_wb_eng/axidma_wb_arb/Fifowhead.fifoInfo/MemArray_reg_0_3_24_29 from module xdma_v4_2_2_udma_top__GCB0_tempName due to constant propagation
INFO: [Synth 8-7067] Removed DRAM instance XDMA/inst/udma_wrapper/dma_topi_3/dma_top/dma_enable.wb_eng.dma_pcie_wb_eng/WB_DAT_FIFO/MemArray_reg_0_3_24_29 from module xdma_v4_2_2_udma_top__GCB0_tempName due to constant propagation
INFO: [Common 17-14] Message 'Synth 8-3333' appears 100 times and further instances of the messages will be disabled. Use the Tcl command set_msg_config to change the current settings.
INFO: [Synth 8-7052] The timing for the instance i_1/CAPTURE_SUBSYSTEM/BAR_TARGET/GEN_V40B_SLOT[0].GEN_AVAILABLE.SLOT_RAM/xpm_memory_base_inst/gen_wr_a.gen_word_narrow.mem_reg (implemented as a Block RAM) might be sub-optimal as no optional output register could be merged into the ram block. Providing additional output register may help in improving timing.
INFO: [Synth 8-7052] The timing for the instance i_1/CAPTURE_SUBSYSTEM/BAR_TARGET/GEN_V40B_SLOT[1].GEN_AVAILABLE.SLOT_RAM/xpm_memory_base_inst/gen_wr_a.gen_word_narrow.mem_reg (implemented as a Block RAM) might be sub-optimal as no optional output register could be merged into the ram block. Providing additional output register may help in improving timing.
INFO: [Synth 8-7052] The timing for the instance i_2/POST_INIT_TRI_PHASE_PROBE/INDEX_PAYLOAD_STORE/GEN_INDEX_BRAM[0].INDEX_PAYLOAD_RAM/xpm_memory_base_inst/gen_wr_a.gen_word_narrow.mem_reg (implemented as a Block RAM) might be sub-optimal as no optional output register could be merged into the ram block. Providing additional output register may help in improving timing.
INFO: [Synth 8-7052] The timing for the instance i_2/POST_INIT_TRI_PHASE_PROBE/INDEX_PAYLOAD_STORE/GEN_INDEX_BRAM[1].INDEX_PAYLOAD_RAM/xpm_memory_base_inst/gen_wr_a.gen_word_narrow.mem_reg (implemented as a Block RAM) might be sub-optimal as no optional output register could be merged into the ram block. Providing additional output register may help in improving timing.
INFO: [Synth 8-7052] The timing for the instance i_2/POST_INIT_TRI_PHASE_PROBE/INDEX_PAYLOAD_STORE/GEN_INDEX_BRAM[2].INDEX_PAYLOAD_RAM/xpm_memory_base_inst/gen_wr_a.gen_word_narrow.mem_reg (implemented as a Block RAM) might be sub-optimal as no optional output register could be merged into the ram block. Providing additional output register may help in improving timing.
---------------------------------------------------------------------------------
Finished Technology Mapping : Time (s): cpu = 00:29:08 ; elapsed = 00:45:34 . Memory (MB): peak = 2678.859 ; gain = 1806.152
---------------------------------------------------------------------------------
---------------------------------------------------------------------------------
Start IO Insertion
---------------------------------------------------------------------------------
---------------------------------------------------------------------------------
Start Flattening Before IO Insertion
---------------------------------------------------------------------------------
---------------------------------------------------------------------------------
Finished Flattening Before IO Insertion
---------------------------------------------------------------------------------
---------------------------------------------------------------------------------
Start Final Netlist Cleanup
---------------------------------------------------------------------------------
INFO: [Synth 8-7052] The timing for the instance XDMA/inst/udma_wrapper/dma_top/dma_enable.vul_dma/WR/gen_rdwr_loop[0].gen_rdwr_eng.RDWR_INST/rrq_wadr_nn1_reg (implemented as a Block RAM) might be sub-optimal as no optional output register could be merged into the ram block. Providing additional output register may help in improving timing.
INFO: [Synth 8-7052] The timing for the instance XDMA/inst/udma_wrapper/dma_top/dma_enable.vul_dma/WR/gen_rdwr_loop[0].gen_rdwr_eng.RDWR_INST/rrq_dadr_nn1_reg (implemented as a Block RAM) might be sub-optimal as no optional output register could be merged into the ram block. Providing additional output register may help in improving timing.
INFO: [Synth 8-7052] The timing for the instance XDMA/inst/udma_wrapper/dma_top/dma_enable.vul_dma/RD/gen_rdwr_loop[0].gen_rdwr_eng.RDWR_INST/rrq_wadr_nn1_reg (implemented as a Block RAM) might be sub-optimal as no optional output register could be merged into the ram block. Providing additional output register may help in improving timing.
INFO: [Synth 8-7052] The timing for the instance XDMA/inst/udma_wrapper/dma_top/base/IRQ_INST/msix_internal_xdma.pf0_msix_table/msix_ram_gen[1].msix_ram_reg (implemented as a Block RAM) might be sub-optimal as no optional output register could be merged into the ram block. Providing additional output register may help in improving timing.
INFO: [Synth 8-7052] The timing for the instance XDMA/inst/ram_top/mas_bridge_ram_write_512.MASTER_WRITE_FIFO/xpm_memory_sdpram_inst_loop[0].xpm_memory_sdpram_inst/xpm_memory_base_inst/gen_wr_a.gen_word_narrow.mem_reg (implemented as a Block RAM) might be sub-optimal as no optional output register could be merged into the ram block. Providing additional output register may help in improving timing.
INFO: [Synth 8-7052] The timing for the instance XDMA/inst/ram_top/MASTER_READ_BRAM/xpm_memory_sdpram_inst_loop[0].xpm_memory_sdpram_inst/xpm_memory_base_inst/gen_wr_a.gen_word_narrow.mem_reg (implemented as a Block RAM) might be sub-optimal as no optional output register could be merged into the ram block. Providing additional output register may help in improving timing.
INFO: [Synth 8-7052] The timing for the instance R1F_FAILED_TXN_LOGGER/GEN_R1H_RECORD_BANK[0].R1H_RECORD_PAYLOAD_RAM/xpm_memory_base_inst/gen_wr_a.gen_word_narrow.mem_reg (implemented as a Block RAM) might be sub-optimal as no optional output register could be merged into the ram block. Providing additional output register may help in improving timing.
INFO: [Synth 8-7052] The timing for the instance R1F_FAILED_TXN_LOGGER/GEN_R1H_RECORD_BANK[1].R1H_RECORD_PAYLOAD_RAM/xpm_memory_base_inst/gen_wr_a.gen_word_narrow.mem_reg (implemented as a Block RAM) might be sub-optimal as no optional output register could be merged into the ram block. Providing additional output register may help in improving timing.
INFO: [Synth 8-7052] The timing for the instance R1F_FAILED_TXN_LOGGER/GEN_R1H_RECORD_BANK[2].R1H_RECORD_PAYLOAD_RAM/xpm_memory_base_inst/gen_wr_a.gen_word_narrow.mem_reg (implemented as a Block RAM) might be sub-optimal as no optional output register could be merged into the ram block. Providing additional output register may help in improving timing.
INFO: [Synth 8-7052] The timing for the instance R1F_FAILED_TXN_LOGGER/GEN_R1H_RECORD_BANK[3].R1H_RECORD_PAYLOAD_RAM/xpm_memory_base_inst/gen_wr_a.gen_word_narrow.mem_reg (implemented as a Block RAM) might be sub-optimal as no optional output register could be merged into the ram block. Providing additional output register may help in improving timing.
INFO: [Synth 8-7052] The timing for the instance R1F_FAILED_TXN_LOGGER/GEN_R1H_RECORD_BANK[4].R1H_RECORD_PAYLOAD_RAM/xpm_memory_base_inst/gen_wr_a.gen_word_narrow.mem_reg (implemented as a Block RAM) might be sub-optimal as no optional output register could be merged into the ram block. Providing additional output register may help in improving timing.
INFO: [Synth 8-7052] The timing for the instance R1F_FAILED_TXN_LOGGER/GEN_R1H_RECORD_BANK[5].R1H_RECORD_PAYLOAD_RAM/xpm_memory_base_inst/gen_wr_a.gen_word_narrow.mem_reg (implemented as a Block RAM) might be sub-optimal as no optional output register could be merged into the ram block. Providing additional output register may help in improving timing.
INFO: [Synth 8-7052] The timing for the instance CAPTURE_SUBSYSTEM/BAR_TARGET/GEN_V40B_SLOT[0].GEN_AVAILABLE.SLOT_RAM/xpm_memory_base_inst/gen_wr_a.gen_word_narrow.mem_reg (implemented as a Block RAM) might be sub-optimal as no optional output register could be merged into the ram block. Providing additional output register may help in improving timing.
INFO: [Synth 8-7052] The timing for the instance CAPTURE_SUBSYSTEM/BAR_TARGET/GEN_V40B_SLOT[1].GEN_AVAILABLE.SLOT_RAM/xpm_memory_base_inst/gen_wr_a.gen_word_narrow.mem_reg (implemented as a Block RAM) might be sub-optimal as no optional output register could be merged into the ram block. Providing additional output register may help in improving timing.
INFO: [Synth 8-7052] The timing for the instance POST_INIT_TRI_PHASE_PROBE/INDEX_PAYLOAD_STORE/GEN_INDEX_BRAM[0].INDEX_PAYLOAD_RAM/xpm_memory_base_inst/gen_wr_a.gen_word_narrow.mem_reg (implemented as a Block RAM) might be sub-optimal as no optional output register could be merged into the ram block. Providing additional output register may help in improving timing.
INFO: [Synth 8-7052] The timing for the instance POST_INIT_TRI_PHASE_PROBE/INDEX_PAYLOAD_STORE/GEN_INDEX_BRAM[1].INDEX_PAYLOAD_RAM/xpm_memory_base_inst/gen_wr_a.gen_word_narrow.mem_reg (implemented as a Block RAM) might be sub-optimal as no optional output register could be merged into the ram block. Providing additional output register may help in improving timing.
INFO: [Synth 8-7052] The timing for the instance POST_INIT_TRI_PHASE_PROBE/INDEX_PAYLOAD_STORE/GEN_INDEX_BRAM[2].INDEX_PAYLOAD_RAM/xpm_memory_base_inst/gen_wr_a.gen_word_narrow.mem_reg (implemented as a Block RAM) might be sub-optimal as no optional output register could be merged into the ram block. Providing additional output register may help in improving timing.
---------------------------------------------------------------------------------
Finished Final Netlist Cleanup
---------------------------------------------------------------------------------
WARNING: [Synth 8-5396] Clock pin C has keep related attribute (keep/mark_debug/dont_touch) which could create extra logic on its net [<SOURCE_ROOT>/rtl/nvp/nvp6134c_i2c_bringup.vhd:528]
WARNING: [Synth 8-5396] Clock pin C has keep related attribute (keep/mark_debug/dont_touch) which could create extra logic on its net [<SOURCE_ROOT>/rtl/nvp/nvp6134c_i2c_bringup.vhd:528]
WARNING: [Synth 8-5396] Clock pin C has keep related attribute (keep/mark_debug/dont_touch) which could create extra logic on its net [<SOURCE_ROOT>/rtl/nvp/nvp6134c_i2c_bringup.vhd:528]
WARNING: [Synth 8-5396] Clock pin C has keep related attribute (keep/mark_debug/dont_touch) which could create extra logic on its net [<SOURCE_ROOT>/rtl/nvp/nvp6134c_i2c_bringup.vhd:528]
WARNING: [Synth 8-5396] Clock pin C has keep related attribute (keep/mark_debug/dont_touch) which could create extra logic on its net [<SOURCE_ROOT>/rtl/nvp/nvp6134c_i2c_bringup.vhd:528]
WARNING: [Synth 8-5396] Clock pin C has keep related attribute (keep/mark_debug/dont_touch) which could create extra logic on its net [<SOURCE_ROOT>/rtl/nvp/nvp6134c_i2c_bringup.vhd:528]
WARNING: [Synth 8-5396] Clock pin C has keep related attribute (keep/mark_debug/dont_touch) which could create extra logic on its net [<SOURCE_ROOT>/rtl/nvp/nvp6134c_i2c_bringup.vhd:528]
WARNING: [Synth 8-5396] Clock pin C has keep related attribute (keep/mark_debug/dont_touch) which could create extra logic on its net [<SOURCE_ROOT>/rtl/nvp/nvp6134c_i2c_bringup.vhd:528]
WARNING: [Synth 8-5396] Clock pin C has keep related attribute (keep/mark_debug/dont_touch) which could create extra logic on its net [<SOURCE_ROOT>/rtl/nvp/nvp6134c_i2c_bringup.vhd:528]
WARNING: [Synth 8-5396] Clock pin C has keep related attribute (keep/mark_debug/dont_touch) which could create extra logic on its net [<SOURCE_ROOT>/rtl/nvp/nvp6134c_i2c_bringup.vhd:528]
WARNING: [Synth 8-5396] Clock pin C has keep related attribute (keep/mark_debug/dont_touch) which could create extra logic on its net [<SOURCE_ROOT>/rtl/nvp/nvp6134c_i2c_bringup.vhd:528]
WARNING: [Synth 8-5396] Clock pin C has keep related attribute (keep/mark_debug/dont_touch) which could create extra logic on its net [<SOURCE_ROOT>/rtl/nvp/nvp6134c_i2c_bringup.vhd:528]
WARNING: [Synth 8-5396] Clock pin C has keep related attribute (keep/mark_debug/dont_touch) which could create extra logic on its net [<SOURCE_ROOT>/rtl/nvp/nvp6134c_i2c_bringup.vhd:528]
WARNING: [Synth 8-5396] Clock pin C has keep related attribute (keep/mark_debug/dont_touch) which could create extra logic on its net [<SOURCE_ROOT>/rtl/nvp/nvp6134c_i2c_bringup.vhd:528]
WARNING: [Synth 8-5396] Clock pin C has keep related attribute (keep/mark_debug/dont_touch) which could create extra logic on its net [<SOURCE_ROOT>/rtl/nvp/nvp6134c_i2c_bringup.vhd:528]
WARNING: [Synth 8-5396] Clock pin C has keep related attribute (keep/mark_debug/dont_touch) which could create extra logic on its net [<SOURCE_ROOT>/rtl/nvp/nvp6134c_i2c_bringup.vhd:528]
WARNING: [Synth 8-5396] Clock pin C has keep related attribute (keep/mark_debug/dont_touch) which could create extra logic on its net [<SOURCE_ROOT>/rtl/nvp/nvp6134c_i2c_bringup.vhd:528]
WARNING: [Synth 8-5396] Clock pin C has keep related attribute (keep/mark_debug/dont_touch) which could create extra logic on its net [<SOURCE_ROOT>/rtl/nvp/nvp6134c_i2c_bringup.vhd:528]
WARNING: [Synth 8-5396] Clock pin C has keep related attribute (keep/mark_debug/dont_touch) which could create extra logic on its net [<SOURCE_ROOT>/rtl/top/ahd_capture_top_xdma.sv:82]
WARNING: [Synth 8-5396] Clock pin C has keep related attribute (keep/mark_debug/dont_touch) which could create extra logic on its net [<SOURCE_ROOT>/rtl/top/ahd_capture_top_xdma.sv:82]
WARNING: [Synth 8-5396] Clock pin C has keep related attribute (keep/mark_debug/dont_touch) which could create extra logic on its net [<SOURCE_ROOT>/rtl/top/ahd_capture_top_xdma.sv:82]
WARNING: [Synth 8-5396] Clock pin C has keep related attribute (keep/mark_debug/dont_touch) which could create extra logic on its net [<SOURCE_ROOT>/rtl/top/ahd_capture_top_xdma.sv:82]
WARNING: [Synth 8-5396] Clock pin C has keep related attribute (keep/mark_debug/dont_touch) which could create extra logic on its net [<SOURCE_ROOT>/rtl/top/ahd_capture_top_xdma.sv:82]
WARNING: [Synth 8-5396] Clock pin C has keep related attribute (keep/mark_debug/dont_touch) which could create extra logic on its net [<SOURCE_ROOT>/rtl/top/ahd_capture_top_xdma.sv:82]
WARNING: [Synth 8-5396] Clock pin C has keep related attribute (keep/mark_debug/dont_touch) which could create extra logic on its net [<SOURCE_ROOT>/rtl/top/ahd_capture_top_xdma.sv:82]
WARNING: [Synth 8-5396] Clock pin C has keep related attribute (keep/mark_debug/dont_touch) which could create extra logic on its net [<SOURCE_ROOT>/rtl/top/ahd_capture_top_xdma.sv:82]
WARNING: [Synth 8-5396] Clock pin C has keep related attribute (keep/mark_debug/dont_touch) which could create extra logic on its net [<SOURCE_ROOT>/rtl/top/ahd_capture_top_xdma.sv:82]
WARNING: [Synth 8-5396] Clock pin C has keep related attribute (keep/mark_debug/dont_touch) which could create extra logic on its net [<SOURCE_ROOT>/rtl/top/ahd_capture_top_xdma.sv:82]
WARNING: [Synth 8-5396] Clock pin C has keep related attribute (keep/mark_debug/dont_touch) which could create extra logic on its net [<SOURCE_ROOT>/rtl/v41/nvp_i2c_tri_phase_probe.sv:741]
WARNING: [Synth 8-5396] Clock pin C has keep related attribute (keep/mark_debug/dont_touch) which could create extra logic on its net [<SOURCE_ROOT>/rtl/v41/nvp_i2c_tri_phase_probe.sv:741]
WARNING: [Synth 8-5396] Clock pin C has keep related attribute (keep/mark_debug/dont_touch) which could create extra logic on its net [<SOURCE_ROOT>/rtl/v41/nvp_i2c_tri_phase_probe.sv:741]
WARNING: [Synth 8-5396] Clock pin C has keep related attribute (keep/mark_debug/dont_touch) which could create extra logic on its net [<SOURCE_ROOT>/rtl/v41/nvp_i2c_tri_phase_probe.sv:741]
WARNING: [Synth 8-5396] Clock pin C has keep related attribute (keep/mark_debug/dont_touch) which could create extra logic on its net [<SOURCE_ROOT>/rtl/v41/nvp_i2c_tri_phase_probe.sv:741]
WARNING: [Synth 8-5396] Clock pin C has keep related attribute (keep/mark_debug/dont_touch) which could create extra logic on its net [<SOURCE_ROOT>/rtl/v41/nvp_i2c_tri_phase_probe.sv:741]
WARNING: [Synth 8-5396] Clock pin C has keep related attribute (keep/mark_debug/dont_touch) which could create extra logic on its net [<SOURCE_ROOT>/rtl/v41/nvp_i2c_tri_phase_probe.sv:741]
WARNING: [Synth 8-5396] Clock pin C has keep related attribute (keep/mark_debug/dont_touch) which could create extra logic on its net [<SOURCE_ROOT>/rtl/v41/nvp_i2c_tri_phase_probe.sv:741]
WARNING: [Synth 8-5396] Clock pin C has keep related attribute (keep/mark_debug/dont_touch) which could create extra logic on its net [<SOURCE_ROOT>/rtl/v41/nvp_i2c_tri_phase_probe.sv:741]
WARNING: [Synth 8-5396] Clock pin C has keep related attribute (keep/mark_debug/dont_touch) which could create extra logic on its net [<SOURCE_ROOT>/rtl/v41/nvp_i2c_tri_phase_probe.sv:741]
WARNING: [Synth 8-5396] Clock pin C has keep related attribute (keep/mark_debug/dont_touch) which could create extra logic on its net [<SOURCE_ROOT>/rtl/v41/nvp_i2c_tri_phase_probe.sv:741]
WARNING: [Synth 8-5396] Clock pin C has keep related attribute (keep/mark_debug/dont_touch) which could create extra logic on its net [<SOURCE_ROOT>/rtl/v41/nvp_i2c_tri_phase_probe.sv:741]
WARNING: [Synth 8-5396] Clock pin C has keep related attribute (keep/mark_debug/dont_touch) which could create extra logic on its net [<SOURCE_ROOT>/rtl/v41/nvp_i2c_tri_phase_probe.sv:741]
WARNING: [Synth 8-5396] Clock pin C has keep related attribute (keep/mark_debug/dont_touch) which could create extra logic on its net [<SOURCE_ROOT>/rtl/v41/nvp_i2c_tri_phase_probe.sv:741]
WARNING: [Synth 8-5396] Clock pin C has keep related attribute (keep/mark_debug/dont_touch) which could create extra logic on its net [<SOURCE_ROOT>/rtl/v41/nvp_i2c_tri_phase_probe.sv:741]
WARNING: [Synth 8-5396] Clock pin C has keep related attribute (keep/mark_debug/dont_touch) which could create extra logic on its net [<SOURCE_ROOT>/rtl/v41/nvp_i2c_tri_phase_probe.sv:741]
WARNING: [Synth 8-5396] Clock pin C has keep related attribute (keep/mark_debug/dont_touch) which could create extra logic on its net [<SOURCE_ROOT>/rtl/v41/nvp_i2c_tri_phase_probe.sv:741]
WARNING: [Synth 8-5396] Clock pin C has keep related attribute (keep/mark_debug/dont_touch) which could create extra logic on its net [<SOURCE_ROOT>/rtl/v41/nvp_i2c_tri_phase_probe.sv:741]
WARNING: [Synth 8-5396] Clock pin C has keep related attribute (keep/mark_debug/dont_touch) which could create extra logic on its net [<SOURCE_ROOT>/rtl/v41/nvp_i2c_tri_phase_probe.sv:741]
WARNING: [Synth 8-5396] Clock pin C has keep related attribute (keep/mark_debug/dont_touch) which could create extra logic on its net [<SOURCE_ROOT>/rtl/v41/nvp_i2c_tri_phase_probe.sv:741]
WARNING: [Synth 8-5396] Clock pin C has keep related attribute (keep/mark_debug/dont_touch) which could create extra logic on its net [<SOURCE_ROOT>/rtl/v41/nvp_i2c_tri_phase_probe.sv:741]
WARNING: [Synth 8-5396] Clock pin C has keep related attribute (keep/mark_debug/dont_touch) which could create extra logic on its net [<SOURCE_ROOT>/rtl/v41/nvp_i2c_tri_phase_probe.sv:741]
WARNING: [Synth 8-5396] Clock pin C has keep related attribute (keep/mark_debug/dont_touch) which could create extra logic on its net [<SOURCE_ROOT>/rtl/v41/nvp_i2c_tri_phase_probe.sv:741]
WARNING: [Synth 8-5396] Clock pin C has keep related attribute (keep/mark_debug/dont_touch) which could create extra logic on its net [<SOURCE_ROOT>/rtl/v41/nvp_i2c_tri_phase_probe.sv:741]
WARNING: [Synth 8-5396] Clock pin C has keep related attribute (keep/mark_debug/dont_touch) which could create extra logic on its net [<SOURCE_ROOT>/rtl/v41/nvp_i2c_tri_phase_probe.sv:741]
WARNING: [Synth 8-5396] Clock pin C has keep related attribute (keep/mark_debug/dont_touch) which could create extra logic on its net [<SOURCE_ROOT>/rtl/v41/nvp_i2c_tri_phase_probe.sv:741]
WARNING: [Synth 8-5396] Clock pin C has keep related attribute (keep/mark_debug/dont_touch) which could create extra logic on its net [<SOURCE_ROOT>/rtl/v41/nvp_i2c_tri_phase_probe.sv:741]
WARNING: [Synth 8-5396] Clock pin C has keep related attribute (keep/mark_debug/dont_touch) which could create extra logic on its net [<SOURCE_ROOT>/rtl/v41/nvp_i2c_tri_phase_probe.sv:741]
WARNING: [Synth 8-5396] Clock pin C has keep related attribute (keep/mark_debug/dont_touch) which could create extra logic on its net [<SOURCE_ROOT>/rtl/v41/nvp_i2c_tri_phase_probe.sv:741]
WARNING: [Synth 8-5396] Clock pin C has keep related attribute (keep/mark_debug/dont_touch) which could create extra logic on its net [<SOURCE_ROOT>/rtl/v41/nvp_i2c_tri_phase_probe.sv:741]
WARNING: [Synth 8-5396] Clock pin C has keep related attribute (keep/mark_debug/dont_touch) which could create extra logic on its net [<SOURCE_ROOT>/rtl/v41/nvp_i2c_tri_phase_probe.sv:741]
WARNING: [Synth 8-5396] Clock pin C has keep related attribute (keep/mark_debug/dont_touch) which could create extra logic on its net [<SOURCE_ROOT>/rtl/v41/nvp_i2c_tri_phase_probe.sv:741]
WARNING: [Synth 8-5396] Clock pin C has keep related attribute (keep/mark_debug/dont_touch) which could create extra logic on its net [<SOURCE_ROOT>/rtl/v41/nvp_i2c_tri_phase_probe.sv:741]
WARNING: [Synth 8-5396] Clock pin C has keep related attribute (keep/mark_debug/dont_touch) which could create extra logic on its net [<SOURCE_ROOT>/rtl/v41/nvp_i2c_tri_phase_probe.sv:741]
WARNING: [Synth 8-5396] Clock pin C has keep related attribute (keep/mark_debug/dont_touch) which could create extra logic on its net [<SOURCE_ROOT>/rtl/v41/nvp_i2c_tri_phase_probe.sv:741]
WARNING: [Synth 8-5396] Clock pin C has keep related attribute (keep/mark_debug/dont_touch) which could create extra logic on its net [<SOURCE_ROOT>/rtl/v41/nvp_i2c_tri_phase_probe.sv:741]
WARNING: [Synth 8-5396] Clock pin C has keep related attribute (keep/mark_debug/dont_touch) which could create extra logic on its net [<SOURCE_ROOT>/rtl/v41/nvp_i2c_tri_phase_probe.sv:741]
WARNING: [Synth 8-5396] Clock pin C has keep related attribute (keep/mark_debug/dont_touch) which could create extra logic on its net [<SOURCE_ROOT>/rtl/v41/nvp_i2c_tri_phase_probe.sv:741]
WARNING: [Synth 8-5396] Clock pin C has keep related attribute (keep/mark_debug/dont_touch) which could create extra logic on its net [<SOURCE_ROOT>/rtl/v41/nvp_i2c_tri_phase_probe.sv:741]
WARNING: [Synth 8-5396] Clock pin C has keep related attribute (keep/mark_debug/dont_touch) which could create extra logic on its net [<SOURCE_ROOT>/rtl/v41/nvp_i2c_tri_phase_probe.sv:741]
WARNING: [Synth 8-5396] Clock pin C has keep related attribute (keep/mark_debug/dont_touch) which could create extra logic on its net [<SOURCE_ROOT>/rtl/v41/nvp_i2c_tri_phase_probe.sv:741]
WARNING: [Synth 8-5396] Clock pin C has keep related attribute (keep/mark_debug/dont_touch) which could create extra logic on its net [<SOURCE_ROOT>/rtl/v41/nvp_i2c_tri_phase_probe.sv:741]
WARNING: [Synth 8-5396] Clock pin C has keep related attribute (keep/mark_debug/dont_touch) which could create extra logic on its net [<SOURCE_ROOT>/rtl/v41/nvp_i2c_tri_phase_probe.sv:741]
WARNING: [Synth 8-5396] Clock pin C has keep related attribute (keep/mark_debug/dont_touch) which could create extra logic on its net [<SOURCE_ROOT>/rtl/v41/nvp_i2c_tri_phase_probe.sv:741]
WARNING: [Synth 8-5396] Clock pin C has keep related attribute (keep/mark_debug/dont_touch) which could create extra logic on its net [<SOURCE_ROOT>/rtl/v41/nvp_i2c_tri_phase_probe.sv:741]
WARNING: [Synth 8-5396] Clock pin C has keep related attribute (keep/mark_debug/dont_touch) which could create extra logic on its net [<SOURCE_ROOT>/rtl/v41/nvp_i2c_tri_phase_probe.sv:741]
WARNING: [Synth 8-5396] Clock pin C has keep related attribute (keep/mark_debug/dont_touch) which could create extra logic on its net [<SOURCE_ROOT>/rtl/v41/nvp_i2c_tri_phase_probe.sv:741]
WARNING: [Synth 8-5396] Clock pin C has keep related attribute (keep/mark_debug/dont_touch) which could create extra logic on its net [<SOURCE_ROOT>/rtl/v41/nvp_i2c_tri_phase_probe.sv:741]
WARNING: [Synth 8-5396] Clock pin C has keep related attribute (keep/mark_debug/dont_touch) which could create extra logic on its net [<SOURCE_ROOT>/rtl/v41/nvp_i2c_tri_phase_probe.sv:741]
WARNING: [Synth 8-5396] Clock pin C has keep related attribute (keep/mark_debug/dont_touch) which could create extra logic on its net [<SOURCE_ROOT>/rtl/v41/nvp_i2c_tri_phase_probe.sv:741]
WARNING: [Synth 8-5396] Clock pin C has keep related attribute (keep/mark_debug/dont_touch) which could create extra logic on its net [<SOURCE_ROOT>/rtl/v41/nvp_i2c_tri_phase_probe.sv:741]
WARNING: [Synth 8-5396] Clock pin C has keep related attribute (keep/mark_debug/dont_touch) which could create extra logic on its net [<SOURCE_ROOT>/rtl/v41/nvp_i2c_tri_phase_probe.sv:741]
WARNING: [Synth 8-5396] Clock pin C has keep related attribute (keep/mark_debug/dont_touch) which could create extra logic on its net [<SOURCE_ROOT>/rtl/v41/nvp_i2c_tri_phase_probe.sv:741]
WARNING: [Synth 8-5396] Clock pin C has keep related attribute (keep/mark_debug/dont_touch) which could create extra logic on its net [<SOURCE_ROOT>/rtl/v41/nvp_i2c_tri_phase_probe.sv:741]
WARNING: [Synth 8-5396] Clock pin C has keep related attribute (keep/mark_debug/dont_touch) which could create extra logic on its net [<SOURCE_ROOT>/rtl/v41/nvp_i2c_tri_phase_probe.sv:741]
WARNING: [Synth 8-5396] Clock pin C has keep related attribute (keep/mark_debug/dont_touch) which could create extra logic on its net [<SOURCE_ROOT>/rtl/v41/nvp_i2c_tri_phase_probe.sv:741]
WARNING: [Synth 8-5396] Clock pin C has keep related attribute (keep/mark_debug/dont_touch) which could create extra logic on its net [<SOURCE_ROOT>/rtl/v41/nvp_i2c_tri_phase_probe.sv:741]
WARNING: [Synth 8-5396] Clock pin C has keep related attribute (keep/mark_debug/dont_touch) which could create extra logic on its net [<SOURCE_ROOT>/rtl/v41/nvp_i2c_tri_phase_probe.sv:741]
WARNING: [Synth 8-5396] Clock pin C has keep related attribute (keep/mark_debug/dont_touch) which could create extra logic on its net [<SOURCE_ROOT>/rtl/v41/nvp_i2c_tri_phase_probe.sv:741]
WARNING: [Synth 8-5396] Clock pin C has keep related attribute (keep/mark_debug/dont_touch) which could create extra logic on its net [<SOURCE_ROOT>/rtl/v41/nvp_i2c_tri_phase_probe.sv:741]
WARNING: [Synth 8-5396] Clock pin C has keep related attribute (keep/mark_debug/dont_touch) which could create extra logic on its net [<SOURCE_ROOT>/rtl/v41/nvp_i2c_tri_phase_probe.sv:741]
WARNING: [Synth 8-5396] Clock pin C has keep related attribute (keep/mark_debug/dont_touch) which could create extra logic on its net [<SOURCE_ROOT>/rtl/v41/nvp_i2c_tri_phase_probe.sv:741]
WARNING: [Synth 8-5396] Clock pin C has keep related attribute (keep/mark_debug/dont_touch) which could create extra logic on its net [<SOURCE_ROOT>/rtl/v41/nvp_i2c_tri_phase_probe.sv:741]
WARNING: [Synth 8-5396] Clock pin C has keep related attribute (keep/mark_debug/dont_touch) which could create extra logic on its net [<SOURCE_ROOT>/rtl/v41/nvp_i2c_tri_phase_probe.sv:741]
WARNING: [Synth 8-5396] Clock pin C has keep related attribute (keep/mark_debug/dont_touch) which could create extra logic on its net [<SOURCE_ROOT>/rtl/v41/nvp_i2c_tri_phase_probe.sv:388]
WARNING: [Synth 8-5396] Clock pin C has keep related attribute (keep/mark_debug/dont_touch) which could create extra logic on its net [<SOURCE_ROOT>/rtl/v41/nvp_i2c_tri_phase_probe.sv:388]
WARNING: [Synth 8-5396] Clock pin C has keep related attribute (keep/mark_debug/dont_touch) which could create extra logic on its net [<SOURCE_ROOT>/rtl/v41/nvp_i2c_tri_phase_probe.sv:388]
WARNING: [Synth 8-5396] Clock pin C has keep related attribute (keep/mark_debug/dont_touch) which could create extra logic on its net [<SOURCE_ROOT>/rtl/v41/nvp_i2c_tri_phase_probe.sv:388]
WARNING: [Synth 8-5396] Clock pin C has keep related attribute (keep/mark_debug/dont_touch) which could create extra logic on its net [<SOURCE_ROOT>/rtl/v41/nvp_i2c_tri_phase_probe.sv:388]
WARNING: [Synth 8-5396] Clock pin C has keep related attribute (keep/mark_debug/dont_touch) which could create extra logic on its net [<SOURCE_ROOT>/rtl/v41/nvp_i2c_tri_phase_probe.sv:388]
WARNING: [Synth 8-5396] Clock pin C has keep related attribute (keep/mark_debug/dont_touch) which could create extra logic on its net [<SOURCE_ROOT>/rtl/v41/nvp_i2c_tri_phase_probe.sv:388]
WARNING: [Synth 8-5396] Clock pin C has keep related attribute (keep/mark_debug/dont_touch) which could create extra logic on its net [<SOURCE_ROOT>/rtl/v41/nvp_i2c_tri_phase_probe.sv:388]
INFO: [Common 17-14] Message 'Synth 8-5396' appears 100 times and further instances of the messages will be disabled. Use the Tcl command set_msg_config to change the current settings.
---------------------------------------------------------------------------------
Finished IO Insertion : Time (s): cpu = 00:30:22 ; elapsed = 00:47:33 . Memory (MB): peak = 2825.352 ; gain = 1952.645
---------------------------------------------------------------------------------
---------------------------------------------------------------------------------
Start Renaming Generated Instances
---------------------------------------------------------------------------------
---------------------------------------------------------------------------------
Finished Renaming Generated Instances : Time (s): cpu = 00:30:23 ; elapsed = 00:47:35 . Memory (MB): peak = 2825.352 ; gain = 1952.645
---------------------------------------------------------------------------------
---------------------------------------------------------------------------------
Start Rebuilding User Hierarchy
---------------------------------------------------------------------------------
---------------------------------------------------------------------------------
Finished Rebuilding User Hierarchy : Time (s): cpu = 00:31:09 ; elapsed = 00:48:39 . Memory (MB): peak = 2854.301 ; gain = 1981.594
---------------------------------------------------------------------------------
---------------------------------------------------------------------------------
Start Renaming Generated Ports
---------------------------------------------------------------------------------
---------------------------------------------------------------------------------
Finished Renaming Generated Ports : Time (s): cpu = 00:31:10 ; elapsed = 00:48:41 . Memory (MB): peak = 2854.301 ; gain = 1981.594
---------------------------------------------------------------------------------
---------------------------------------------------------------------------------
Start Handling Custom Attributes
---------------------------------------------------------------------------------
---------------------------------------------------------------------------------
Finished Handling Custom Attributes : Time (s): cpu = 00:31:20 ; elapsed = 00:48:54 . Memory (MB): peak = 2854.301 ; gain = 1981.594
---------------------------------------------------------------------------------
---------------------------------------------------------------------------------
Start Renaming Generated Nets
---------------------------------------------------------------------------------
---------------------------------------------------------------------------------
Finished Renaming Generated Nets : Time (s): cpu = 00:31:21 ; elapsed = 00:48:55 . Memory (MB): peak = 2854.301 ; gain = 1981.594
---------------------------------------------------------------------------------
---------------------------------------------------------------------------------
Start Writing Synthesis Report
---------------------------------------------------------------------------------

Report BlackBoxes: 
+-+--------------+----------+
| |BlackBox name |Instances |
+-+--------------+----------+
+-+--------------+----------+

Report Cell Usage: 
+------+--------------+------+
|      |Cell          |Count |
+------+--------------+------+
|1     |BUFG          |     7|
|2     |BUFGCTRL      |     1|
|3     |BUFIO         |     1|
|4     |CARRY4        |  1463|
|5     |GTPE2_CHANNEL |     1|
|6     |GTPE2_COMMON  |     1|
|7     |IBUFDS_GTE2   |     1|
|8     |IDDR          |     8|
|9     |IDELAYCTRL    |     1|
|10    |IDELAYE2      |     8|
|11    |LUT1          |  1452|
|12    |LUT2          |  2471|
|13    |LUT3          |  3341|
|14    |LUT4          |  2972|
|15    |LUT5          |  3266|
|16    |LUT6          |  8955|
|17    |MMCME2_ADV    |     1|
|18    |MMCME2_BASE   |     1|
|19    |MUXF7         |   606|
|20    |MUXF8         |   118|
|21    |PCIE_2        |     1|
|22    |RAM16X1D      |    10|
|23    |RAM32M        |   267|
|24    |RAM32X1D      |    18|
|25    |RAM64X1S      |     9|
|26    |RAMB18E1      |    12|
|30    |RAMB36E1      |    21|
|38    |SRL16E        |     7|
|39    |SRLC32E       |     7|
|40    |FDCE          |    64|
|41    |FDPE          |    59|
|42    |FDRE          | 20733|
|43    |FDSE          |   295|
|44    |IBUF          |    12|
|45    |IOBUF         |     2|
|46    |OBUF          |     3|
+------+--------------+------+
---------------------------------------------------------------------------------
Finished Writing Synthesis Report : Time (s): cpu = 00:31:22 ; elapsed = 00:48:57 . Memory (MB): peak = 2854.301 ; gain = 1981.594
---------------------------------------------------------------------------------
Synthesis finished with 0 errors, 0 critical warnings and 33841 warnings.
Synthesis Optimization Runtime : Time (s): cpu = 00:19:41 ; elapsed = 00:39:37 . Memory (MB): peak = 2854.359 ; gain = 1839.957
Synthesis Optimization Complete : Time (s): cpu = 00:31:23 ; elapsed = 00:49:04 . Memory (MB): peak = 2854.359 ; gain = 1981.652
INFO: [Project 1-571] Translating synthesized netlist
Netlist sorting complete. Time (s): cpu = 00:00:08 ; elapsed = 00:00:11 . Memory (MB): peak = 2877.367 ; gain = 0.000
WARNING: [Netlist 29-345] The value of SIM_DEVICE on instance 'XDMA/inst/xdma_v41_m1_pcie2_to_pcie3_wrapper_i/pcie2_ip_i/inst/inst/gt_top_i/pipe_wrapper_i/pipe_clock_int.pipe_clock_i/pclk_i1_bufgctrl.pclk_i1' of type 'BUFGCTRL' is 'ULTRASCALE'; it is being changed to match the current FPGA architecture, '7SERIES'. For functional simulation to match hardware behavior, the value of SIM_DEVICE should be changed in the source netlist. 
INFO: [Netlist 29-17] Analyzing 2544 Unisim elements for replacement
INFO: [Netlist 29-28] Unisim Transformation completed in 7 CPU seconds
INFO: [Project 1-570] Preparing netlist for logic optimization
INFO: [Opt 31-140] Inserted 2 IBUFs to IO ports without IO buffers.
INFO: [Opt 31-141] Inserted 2 OBUFs to IO ports without IO buffers.
Parsing XDC File [<SOURCE_ROOT>/xdc/boards/current/xdma_pcie.xdc]
Finished Parsing XDC File [<SOURCE_ROOT>/xdc/boards/current/xdma_pcie.xdc]
Parsing XDC File [<BUILD_ROOT>/vivado_project/v41_g2a_r1i_gen2_offline.gen/sources_1/ip/xdma_v41_m1/ip_0/source/xdma_v41_m1_pcie2_ip-PCIE_X0Y0.xdc] for cell 'XDMA/inst/xdma_v41_m1_pcie2_to_pcie3_wrapper_i/pcie2_ip_i/inst'
INFO: [Timing 38-35] Done setting XDC timing constraints. [<BUILD_ROOT>/vivado_project/v41_g2a_r1i_gen2_offline.gen/sources_1/ip/xdma_v41_m1/ip_0/source/xdma_v41_m1_pcie2_ip-PCIE_X0Y0.xdc:133]
INFO: [Timing 38-2] Deriving generated clocks [<BUILD_ROOT>/vivado_project/v41_g2a_r1i_gen2_offline.gen/sources_1/ip/xdma_v41_m1/ip_0/source/xdma_v41_m1_pcie2_ip-PCIE_X0Y0.xdc:133]
create_generated_clock: Time (s): cpu = 00:01:03 ; elapsed = 00:01:14 . Memory (MB): peak = 3461.000 ; gain = 561.188
Finished Parsing XDC File [<BUILD_ROOT>/vivado_project/v41_g2a_r1i_gen2_offline.gen/sources_1/ip/xdma_v41_m1/ip_0/source/xdma_v41_m1_pcie2_ip-PCIE_X0Y0.xdc] for cell 'XDMA/inst/xdma_v41_m1_pcie2_to_pcie3_wrapper_i/pcie2_ip_i/inst'
Parsing XDC File [<BUILD_ROOT>/vivado_project/v41_g2a_r1i_gen2_offline.gen/sources_1/ip/xdma_v41_m1/ip_3/pcie2_fifo_generator_dma_cpl.xdc] for cell 'XDMA/inst/xdma_v41_m1_pcie2_to_pcie3_wrapper_i/xdma_v41_m1_axi_stream_intf_i/xdma_v41_m1_rx_demux_i/dma_cpl_fifo_inst/U0'
Finished Parsing XDC File [<BUILD_ROOT>/vivado_project/v41_g2a_r1i_gen2_offline.gen/sources_1/ip/xdma_v41_m1/ip_3/pcie2_fifo_generator_dma_cpl.xdc] for cell 'XDMA/inst/xdma_v41_m1_pcie2_to_pcie3_wrapper_i/xdma_v41_m1_axi_stream_intf_i/xdma_v41_m1_rx_demux_i/dma_cpl_fifo_inst/U0'
Parsing XDC File [<BUILD_ROOT>/vivado_project/v41_g2a_r1i_gen2_offline.gen/sources_1/ip/xdma_v41_m1/ip_4/pcie2_fifo_generator_tgt_brdg.xdc] for cell 'XDMA/inst/xdma_v41_m1_pcie2_to_pcie3_wrapper_i/xdma_v41_m1_axi_stream_intf_i/xdma_v41_m1_rx_demux_i/tgt_brdg_fifo_inst/U0'
Finished Parsing XDC File [<BUILD_ROOT>/vivado_project/v41_g2a_r1i_gen2_offline.gen/sources_1/ip/xdma_v41_m1/ip_4/pcie2_fifo_generator_tgt_brdg.xdc] for cell 'XDMA/inst/xdma_v41_m1_pcie2_to_pcie3_wrapper_i/xdma_v41_m1_axi_stream_intf_i/xdma_v41_m1_rx_demux_i/tgt_brdg_fifo_inst/U0'
Parsing XDC File [<BUILD_ROOT>/vivado_project/v41_g2a_r1i_gen2_offline.gen/sources_1/ip/xdma_v41_m1/xdma_v41_m1_board.xdc] for cell 'XDMA/inst'
Finished Parsing XDC File [<BUILD_ROOT>/vivado_project/v41_g2a_r1i_gen2_offline.gen/sources_1/ip/xdma_v41_m1/xdma_v41_m1_board.xdc] for cell 'XDMA/inst'
Parsing XDC File [<BUILD_ROOT>/vivado_project/v41_g2a_r1i_gen2_offline.gen/sources_1/ip/xdma_v41_m1/source/xdma_v41_m1_pcie3_7vx_ip.xdc] for cell 'XDMA/inst'
get_cells: Time (s): cpu = 00:00:08 ; elapsed = 00:00:09 . Memory (MB): peak = 3461.000 ; gain = 0.000
get_cells: Time (s): cpu = 00:00:08 ; elapsed = 00:00:10 . Memory (MB): peak = 3461.000 ; gain = 0.000
get_cells: Time (s): cpu = 00:00:04 ; elapsed = 00:00:06 . Memory (MB): peak = 3461.000 ; gain = 0.000
get_cells: Time (s): cpu = 00:00:05 ; elapsed = 00:00:06 . Memory (MB): peak = 3461.000 ; gain = 0.000
get_cells: Time (s): cpu = 00:00:04 ; elapsed = 00:00:06 . Memory (MB): peak = 3461.000 ; gain = 0.000
get_cells: Time (s): cpu = 00:00:05 ; elapsed = 00:00:06 . Memory (MB): peak = 3461.000 ; gain = 0.000
get_cells: Time (s): cpu = 00:00:04 ; elapsed = 00:00:06 . Memory (MB): peak = 3461.000 ; gain = 0.000
get_cells: Time (s): cpu = 00:00:05 ; elapsed = 00:00:06 . Memory (MB): peak = 3461.000 ; gain = 0.000
Finished Parsing XDC File [<BUILD_ROOT>/vivado_project/v41_g2a_r1i_gen2_offline.gen/sources_1/ip/xdma_v41_m1/source/xdma_v41_m1_pcie3_7vx_ip.xdc] for cell 'XDMA/inst'
Parsing XDC File [<BUILD_ROOT>/vivado_project/v41_g2a_r1i_gen2_offline.gen/sources_1/ip/xdma_v41_m1/ip_0/source/ip_xilinx_pcie_2_1_7x_late.xdc] for cell 'XDMA/inst/xdma_v41_m1_pcie2_to_pcie3_wrapper_i/pcie2_ip_i/inst'
Finished Parsing XDC File [<BUILD_ROOT>/vivado_project/v41_g2a_r1i_gen2_offline.gen/sources_1/ip/xdma_v41_m1/ip_0/source/ip_xilinx_pcie_2_1_7x_late.xdc] for cell 'XDMA/inst/xdma_v41_m1_pcie2_to_pcie3_wrapper_i/pcie2_ip_i/inst'
Parsing XDC File [<SOURCE_ROOT>/xdc/boards/current/pins.xdc]
Finished Parsing XDC File [<SOURCE_ROOT>/xdc/boards/current/pins.xdc]
Parsing XDC File [<SOURCE_ROOT>/xdc/boards/current/vdo_input_timing.xdc]
Finished Parsing XDC File [<SOURCE_ROOT>/xdc/boards/current/vdo_input_timing.xdc]
Parsing XDC File [<SOURCE_ROOT>/xdc/boards/current/pcie_pio.xdc]
Finished Parsing XDC File [<SOURCE_ROOT>/xdc/boards/current/pcie_pio.xdc]
Parsing XDC File [<SOURCE_ROOT>/xdc/boards/current/nvp_control.xdc]
Finished Parsing XDC File [<SOURCE_ROOT>/xdc/boards/current/nvp_control.xdc]
Parsing XDC File [<SOURCE_ROOT>/xdc/common/cdc.xdc]
Finished Parsing XDC File [<SOURCE_ROOT>/xdc/common/cdc.xdc]
Parsing XDC File [<SOURCE_ROOT>/xdc/common/configuration_bank.xdc]
Finished Parsing XDC File [<SOURCE_ROOT>/xdc/common/configuration_bank.xdc]
INFO: [Project 1-1714] 25 XPM XDC files have been applied to the design.
INFO: [Opt 31-138] Pushed 0 inverter(s) to 0 load pin(s).
Netlist sorting complete. Time (s): cpu = 00:00:00 ; elapsed = 00:00:00.212 . Memory (MB): peak = 3461.000 ; gain = 0.000
INFO: [Project 1-111] Unisim Transformation Summary:
  A total of 307 instances were transformed.
  IOBUF => IOBUF (IBUF, OBUFT): 2 instances
  MMCME2_BASE => MMCME2_ADV: 1 instance 
  RAM16X1D => RAM32X1D (RAMD32(x2)): 10 instances
  RAM32M => RAM32M (RAMD32(x6), RAMS32(x2)): 267 instances
  RAM32X1D => RAM32X1D (RAMD32(x2)): 18 instances
  RAM64X1S => RAM64X1S (RAMS64E): 9 instances

Synth Design complete | Checksum: 5b533fc5
INFO: [Common 17-83] Releasing license: Synthesis
663 Infos, 461 Warnings, 0 Critical Warnings and 0 Errors encountered.
synth_design completed successfully
synth_design: Time (s): cpu = 00:37:25 ; elapsed = 01:00:20 . Memory (MB): peak = 3461.000 ; gain = 2775.422
INFO: [Timing 38-480] Writing timing data to binary archive.
Wrote PlaceDB: Time (s): cpu = 00:00:00 ; elapsed = 00:00:00.002 . Memory (MB): peak = 3461.000 ; gain = 0.000
Wrote PulsedLatchDB: Time (s): cpu = 00:00:00 ; elapsed = 00:00:00 . Memory (MB): peak = 3461.000 ; gain = 0.000
Writing XDEF routing.
Writing XDEF routing logical nets.
Writing XDEF routing special nets.
Wrote RouteStorage: Time (s): cpu = 00:00:01 ; elapsed = 00:00:00.223 . Memory (MB): peak = 3461.000 ; gain = 0.000
Write ShapeDB Complete: Time (s): cpu = 00:00:02 ; elapsed = 00:00:00.861 . Memory (MB): peak = 3461.000 ; gain = 0.000
Wrote PlaceStorage: Time (s): cpu = 00:00:00 ; elapsed = 00:00:00.156 . Memory (MB): peak = 3461.000 ; gain = 0.000
Wrote Netlist Cache: Time (s): cpu = 00:00:00 ; elapsed = 00:00:00.010 . Memory (MB): peak = 3461.000 ; gain = 0.000
Wrote Device Cache: Time (s): cpu = 00:00:00 ; elapsed = 00:00:00.073 . Memory (MB): peak = 3461.000 ; gain = 0.000
Write Physdb Complete: Time (s): cpu = 00:00:03 ; elapsed = 00:00:01 . Memory (MB): peak = 3461.000 ; gain = 0.000
INFO: [Common 17-1381] The checkpoint '<BUILD_EVIDENCE_ROOT>/G2A_SYNTH.dcp' has been generated.
write_checkpoint: Time (s): cpu = 00:00:56 ; elapsed = 00:01:08 . Memory (MB): peak = 3461.000 ; gain = 0.000
report_utilization: Time (s): cpu = 00:00:06 ; elapsed = 00:00:09 . Memory (MB): peak = 3461.000 ; gain = 0.000
INFO: [Timing 38-35] Done setting XDC timing constraints.
INFO: [Timing 38-91] UpdateTimingParams: Speed grade: -2, Delay Type: min_max.
INFO: [Timing 38-191] Multithreading enabled for timing update using a maximum of 2 CPUs
WARNING: [Timing 38-436] There are set_bus_skew constraint(s) in this design. Please run report_bus_skew to ensure that bus skew requirements are met.
report_timing_summary: Time (s): cpu = 00:02:22 ; elapsed = 00:02:06 . Memory (MB): peak = 3461.000 ; gain = 0.000
Command: opt_design
Attempting to get a license for feature 'Implementation' and/or device 'xc7a35t'
INFO: [Common 17-349] Got license for feature 'Implementation' and/or device 'xc7a35t'
Running DRC as a precondition to command opt_design

Starting DRC Task
INFO: [DRC 23-27] Running DRC with 2 threads
INFO: [Project 1-461] DRC finished with 0 Errors
INFO: [Project 1-462] Please refer to the DRC report (report_drc) for more information.

Time (s): cpu = 00:00:10 ; elapsed = 00:00:14 . Memory (MB): peak = 3461.000 ; gain = 0.000

Starting Cache Timing Information Task
Ending Cache Timing Information Task | Checksum: 1b7352dd0

Time (s): cpu = 00:00:00 ; elapsed = 00:00:00.126 . Memory (MB): peak = 3461.000 ; gain = 0.000

Starting Logic Optimization Task

Phase 1 Initialization

Phase 1.1 Core Generation And Design Setup
Phase 1.1 Core Generation And Design Setup | Checksum: 1b7352dd0

Time (s): cpu = 00:00:00 ; elapsed = 00:00:00.563 . Memory (MB): peak = 3461.000 ; gain = 0.000

Phase 1.2 Setup Constraints And Sort Netlist
Phase 1.2 Setup Constraints And Sort Netlist | Checksum: 1b7352dd0

Time (s): cpu = 00:00:01 ; elapsed = 00:00:01 . Memory (MB): peak = 3461.000 ; gain = 0.000
Phase 1 Initialization | Checksum: 1b7352dd0

Time (s): cpu = 00:00:01 ; elapsed = 00:00:01 . Memory (MB): peak = 3461.000 ; gain = 0.000

Phase 2 Timer Update And Timing Data Collection

Phase 2.1 Detect if minReqCache needed
Phase 2.1 Detect if minReqCache needed | Checksum: 1b7352dd0

Time (s): cpu = 00:00:01 ; elapsed = 00:00:02 . Memory (MB): peak = 3461.000 ; gain = 0.000

Phase 2.2 Timer Update
Phase 2.2 Timer Update | Checksum: 1b7352dd0

Time (s): cpu = 00:00:12 ; elapsed = 00:00:12 . Memory (MB): peak = 3461.000 ; gain = 0.000

Phase 2.3 Timing Data Collection
Phase 2.3 Timing Data Collection | Checksum: 1b7352dd0

Time (s): cpu = 00:00:12 ; elapsed = 00:00:12 . Memory (MB): peak = 3461.000 ; gain = 0.000
Phase 2 Timer Update And Timing Data Collection | Checksum: 1b7352dd0

Time (s): cpu = 00:00:12 ; elapsed = 00:00:12 . Memory (MB): peak = 3461.000 ; gain = 0.000

Phase 3 Retarget
INFO: [Opt 31-1851] Number of loadless carry chains removed were: 0
INFO: [Opt 31-1834] Total Chains To Be Transformed Were: 0 AND Number of Transformed insts Created are: 0
INFO: [Opt 31-1566] Pulled 17 inverters resulting in an inversion of 102 pins
INFO: [Opt 31-138] Pushed 6 inverter(s) to 51 load pin(s).
INFO: [Opt 31-49] Retargeted 0 cell(s).
Phase 3 Retarget | Checksum: 1a959487c

Time (s): cpu = 00:00:22 ; elapsed = 00:00:26 . Memory (MB): peak = 3461.000 ; gain = 0.000
Retarget | Checksum: 1a959487c
INFO: [Opt 31-389] Phase Retarget created 51 cells and removed 1217 cells
INFO: [Opt 31-1021] In phase Retarget, 20 netlist objects are constrained preventing optimization. Please run opt_design with -debug_log to get more detail. 

Phase 4 Constant propagation
INFO: [Opt 31-138] Pushed 1 inverter(s) to 8 load pin(s).
Phase 4 Constant propagation | Checksum: 17578a02b

Time (s): cpu = 00:00:27 ; elapsed = 00:00:32 . Memory (MB): peak = 3461.000 ; gain = 0.000
Constant propagation | Checksum: 17578a02b
INFO: [Opt 31-389] Phase Constant propagation created 434 cells and removed 758 cells
INFO: [Opt 31-1021] In phase Constant propagation, 18 netlist objects are constrained preventing optimization. Please run opt_design with -debug_log to get more detail. 

Phase 5 Sweep
INFO: [Constraints 18-11670] Building netlist checker database with flags, 0x8
Done building netlist checker database: Time (s): cpu = 00:00:00 ; elapsed = 00:00:00.107 . Memory (MB): peak = 3461.000 ; gain = 0.000
INFO: [Constraints 18-11670] Building netlist checker database with flags, 0x8
Done building netlist checker database: Time (s): cpu = 00:00:00 ; elapsed = 00:00:00.125 . Memory (MB): peak = 3461.000 ; gain = 0.000
Phase 5 Sweep | Checksum: 1aa9b2514

Time (s): cpu = 00:00:38 ; elapsed = 00:00:47 . Memory (MB): peak = 3461.000 ; gain = 0.000
Sweep | Checksum: 1aa9b2514
INFO: [Opt 31-389] Phase Sweep created 0 cells and removed 1352 cells
INFO: [Opt 31-1021] In phase Sweep, 381 netlist objects are constrained preventing optimization. Please run opt_design with -debug_log to get more detail. 

Phase 6 BUFG optimization
Phase 6 BUFG optimization | Checksum: 1cf13b052

Time (s): cpu = 00:00:42 ; elapsed = 00:00:51 . Memory (MB): peak = 3461.000 ; gain = 0.000
BUFG optimization | Checksum: 1cf13b052
INFO: [Opt 31-662] Phase BUFG optimization created 0 cells of which 0 are BUFGs and removed 0 cells.

Phase 7 Shift Register Optimization
INFO: [Opt 31-1064] SRL Remap converted 0 SRLs to 0 registers and converted 0 registers of register chains to 0 SRLs
Phase 7 Shift Register Optimization | Checksum: 1cf13b052

Time (s): cpu = 00:00:43 ; elapsed = 00:00:52 . Memory (MB): peak = 3461.000 ; gain = 0.000
Shift Register Optimization | Checksum: 1cf13b052
INFO: [Opt 31-389] Phase Shift Register Optimization created 0 cells and removed 0 cells

Phase 8 Post Processing Netlist
Phase 8 Post Processing Netlist | Checksum: 11425a230

Time (s): cpu = 00:00:44 ; elapsed = 00:00:53 . Memory (MB): peak = 3461.000 ; gain = 0.000
Post Processing Netlist | Checksum: 11425a230
INFO: [Opt 31-389] Phase Post Processing Netlist created 0 cells and removed 0 cells
INFO: [Opt 31-1021] In phase Post Processing Netlist, 24 netlist objects are constrained preventing optimization. Please run opt_design with -debug_log to get more detail. 

Phase 9 Finalization

Phase 9.1 Finalizing Design Cores and Updating Shapes
Phase 9.1 Finalizing Design Cores and Updating Shapes | Checksum: 20728319f

Time (s): cpu = 00:00:53 ; elapsed = 00:01:05 . Memory (MB): peak = 3461.000 ; gain = 0.000

Phase 9.2 Verifying Netlist Connectivity

Starting Connectivity Check Task

Time (s): cpu = 00:00:01 ; elapsed = 00:00:00.901 . Memory (MB): peak = 3461.000 ; gain = 0.000
Phase 9.2 Verifying Netlist Connectivity | Checksum: 20728319f

Time (s): cpu = 00:00:54 ; elapsed = 00:01:06 . Memory (MB): peak = 3461.000 ; gain = 0.000
Phase 9 Finalization | Checksum: 20728319f

Time (s): cpu = 00:00:54 ; elapsed = 00:01:06 . Memory (MB): peak = 3461.000 ; gain = 0.000
Opt_design Change Summary
=========================


-------------------------------------------------------------------------------------------------------------------------
|  Phase                        |  #Cells created  |  #Cells Removed  |  #Constrained objects preventing optimizations  |
-------------------------------------------------------------------------------------------------------------------------
|  Retarget                     |              51  |            1217  |                                             20  |
|  Constant propagation         |             434  |             758  |                                             18  |
|  Sweep                        |               0  |            1352  |                                            381  |
|  BUFG optimization            |               0  |               0  |                                              0  |
|  Shift Register Optimization  |               0  |               0  |                                              0  |
|  Post Processing Netlist      |               0  |               0  |                                             24  |
-------------------------------------------------------------------------------------------------------------------------


Ending Logic Optimization Task | Checksum: 20728319f

Time (s): cpu = 00:00:54 ; elapsed = 00:01:06 . Memory (MB): peak = 3461.000 ; gain = 0.000

Starting Power Optimization Task
INFO: [Pwropt 34-132] Skipping clock gating for clocks with a period < 2.00 ns.
INFO: [Pwropt 34-9] Applying IDT optimizations ...
INFO: [Pwropt 34-10] Applying ODC optimizations ...
INFO: [Timing 38-35] Done setting XDC timing constraints.
Running Vector-less Activity Propagation...

Finished Running Vector-less Activity Propagation


Starting PowerOpt Patch Enables Task
INFO: [Pwropt 34-162] WRITE_MODE attribute of 0 BRAM(s) out of a total of 31 has been updated to save power. Run report_power_opt to get a complete listing of the BRAMs updated.
INFO: [Pwropt 34-201] Structural ODC has moved 0 WE to EN ports
Number of BRAM Ports augmented: 11 newly gated: 18 Total Ports: 62
Ending PowerOpt Patch Enables Task | Checksum: 23e8a1d49

Time (s): cpu = 00:00:02 ; elapsed = 00:00:03 . Memory (MB): peak = 3472.863 ; gain = 0.000
Ending Power Optimization Task | Checksum: 23e8a1d49

Time (s): cpu = 00:01:40 ; elapsed = 00:01:30 . Memory (MB): peak = 3472.863 ; gain = 11.863

Starting Final Cleanup Task

Starting Logic Optimization Task
INFO: [Timing 38-35] Done setting XDC timing constraints.
Ending Logic Optimization Task | Checksum: 21817266c

Time (s): cpu = 00:00:32 ; elapsed = 00:00:30 . Memory (MB): peak = 3472.863 ; gain = 0.000
Ending Final Cleanup Task | Checksum: 21817266c

Time (s): cpu = 00:00:57 ; elapsed = 00:01:05 . Memory (MB): peak = 3472.863 ; gain = 0.000
Netlist sorting complete. Time (s): cpu = 00:00:00 ; elapsed = 00:00:00.199 . Memory (MB): peak = 3472.863 ; gain = 0.000
INFO: [Common 17-83] Releasing license: Implementation
699 Infos, 462 Warnings, 0 Critical Warnings and 0 Errors encountered.
opt_design completed successfully
opt_design: Time (s): cpu = 00:04:05 ; elapsed = 00:04:33 . Memory (MB): peak = 3472.863 ; gain = 11.863
INFO: [Timing 38-480] Writing timing data to binary archive.
Wrote PlaceDB: Time (s): cpu = 00:00:00 ; elapsed = 00:00:00 . Memory (MB): peak = 3472.863 ; gain = 0.000
Wrote PulsedLatchDB: Time (s): cpu = 00:00:00 ; elapsed = 00:00:00 . Memory (MB): peak = 3472.863 ; gain = 0.000
Write ShapeDB Complete: Time (s): cpu = 00:00:02 ; elapsed = 00:00:00.625 . Memory (MB): peak = 3472.863 ; gain = 0.000
Writing XDEF routing.
Writing XDEF routing logical nets.
Writing XDEF routing special nets.
Wrote RouteStorage: Time (s): cpu = 00:00:00 ; elapsed = 00:00:00.285 . Memory (MB): peak = 3472.863 ; gain = 0.000
Wrote PlaceStorage: Time (s): cpu = 00:00:00 ; elapsed = 00:00:00.137 . Memory (MB): peak = 3472.863 ; gain = 0.000
Wrote Netlist Cache: Time (s): cpu = 00:00:00 ; elapsed = 00:00:00.012 . Memory (MB): peak = 3472.863 ; gain = 0.000
Wrote Device Cache: Time (s): cpu = 00:00:00 ; elapsed = 00:00:00.055 . Memory (MB): peak = 3472.863 ; gain = 0.000
Write Physdb Complete: Time (s): cpu = 00:00:03 ; elapsed = 00:00:02 . Memory (MB): peak = 3472.863 ; gain = 0.000
INFO: [Common 17-1381] The checkpoint '<BUILD_EVIDENCE_ROOT>/G2A_POST_OPT.dcp' has been generated.
write_checkpoint: Time (s): cpu = 00:00:49 ; elapsed = 00:00:58 . Memory (MB): peak = 3472.863 ; gain = 0.000
report_utilization: Time (s): cpu = 00:00:05 ; elapsed = 00:00:07 . Memory (MB): peak = 3472.863 ; gain = 0.000
Command: place_design
Attempting to get a license for feature 'Implementation' and/or device 'xc7a35t'
INFO: [Common 17-349] Got license for feature 'Implementation' and/or device 'xc7a35t'
INFO: [Common 17-83] Releasing license: Implementation
INFO: [DRC 23-27] Running DRC with 2 threads
INFO: [Vivado_Tcl 4-198] DRC finished with 0 Errors
INFO: [Vivado_Tcl 4-199] Please refer to the DRC report (report_drc) for more information.
INFO: [Timing 38-35] Done setting XDC timing constraints.
Running DRC as a precondition to command place_design
INFO: [DRC 23-27] Running DRC with 2 threads
INFO: [Vivado_Tcl 4-198] DRC finished with 0 Errors, 13 Warnings
INFO: [Vivado_Tcl 4-199] Please refer to the DRC report (report_drc) for more information.
INFO: [Place 30-611] Multithreading enabled for place_design using a maximum of 2 CPUs

Starting Placer Task

Phase 1 Placer Initialization

Phase 1.1 Placer Initialization Netlist Sorting
Netlist sorting complete. Time (s): cpu = 00:00:00 ; elapsed = 00:00:00.145 . Memory (MB): peak = 3472.863 ; gain = 0.000
Phase 1.1 Placer Initialization Netlist Sorting | Checksum: 1992c7a31

Time (s): cpu = 00:00:00 ; elapsed = 00:00:00.181 . Memory (MB): peak = 3472.863 ; gain = 0.000
Netlist sorting complete. Time (s): cpu = 00:00:00 ; elapsed = 00:00:00.133 . Memory (MB): peak = 3472.863 ; gain = 0.000

Phase 1.2 IO Placement/ Clock Placement/ Build Placer Device
Phase 1.2 IO Placement/ Clock Placement/ Build Placer Device | Checksum: 186557e56

Time (s): cpu = 00:00:40 ; elapsed = 00:00:41 . Memory (MB): peak = 3472.863 ; gain = 0.000

Phase 1.3 Build Placer Netlist Model
Phase 1.3 Build Placer Netlist Model | Checksum: 1c989867a

Time (s): cpu = 00:02:13 ; elapsed = 00:02:05 . Memory (MB): peak = 3472.863 ; gain = 0.000

Phase 1.4 Constrain Clocks/Macros
Phase 1.4 Constrain Clocks/Macros | Checksum: 1c989867a

Time (s): cpu = 00:02:13 ; elapsed = 00:02:05 . Memory (MB): peak = 3472.863 ; gain = 0.000
Phase 1 Placer Initialization | Checksum: 1c989867a

Time (s): cpu = 00:02:14 ; elapsed = 00:02:06 . Memory (MB): peak = 3472.863 ; gain = 0.000

Phase 2 Global Placement

Phase 2.1 Floorplanning
Phase 2.1 Floorplanning | Checksum: 1d06ae6b0

Time (s): cpu = 00:03:12 ; elapsed = 00:02:46 . Memory (MB): peak = 3472.863 ; gain = 0.000

Phase 2.2 Update Timing before SLR Path Opt
Phase 2.2 Update Timing before SLR Path Opt | Checksum: 1f0343db6

Time (s): cpu = 00:04:07 ; elapsed = 00:03:22 . Memory (MB): peak = 3472.863 ; gain = 0.000

Phase 2.3 Post-Processing in Floorplanning
Phase 2.3 Post-Processing in Floorplanning | Checksum: 1f0343db6

Time (s): cpu = 00:04:08 ; elapsed = 00:03:23 . Memory (MB): peak = 3472.863 ; gain = 0.000

Phase 2.4 Global Place Phase1
Phase 2.4 Global Place Phase1 | Checksum: 1aba5ca81

Time (s): cpu = 00:07:46 ; elapsed = 00:06:22 . Memory (MB): peak = 3472.863 ; gain = 0.000

Phase 2.5 Global Place Phase2

Phase 2.5.1 UpdateTiming Before Physical Synthesis
Phase 2.5.1 UpdateTiming Before Physical Synthesis | Checksum: 19629fbde

Time (s): cpu = 00:08:30 ; elapsed = 00:06:51 . Memory (MB): peak = 3472.863 ; gain = 0.000

Phase 2.5.2 Physical Synthesis In Placer
INFO: [Physopt 32-1035] Found 0 LUTNM shape to break, 848 LUT instances to create LUTNM shape
INFO: [Physopt 32-1044] Break lutnm for timing: one critical 0, two critical 0, total 0, new lutff created 0
INFO: [Physopt 32-1138] End 1 Pass. Optimized 362 nets or LUTs. Breaked 0 LUT, combined 362 existing LUTs and moved 0 existing LUT
INFO: [Physopt 32-65] No nets found for high-fanout optimization.
INFO: [Physopt 32-232] Optimized 0 net. Created 0 new instance.
INFO: [Physopt 32-775] End 1 Pass. Optimized 0 net or cell. Created 0 new cell, deleted 0 existing cell and moved 0 existing cell
INFO: [Physopt 32-670] No setup violation found.  DSP Register Optimization was not performed.
INFO: [Physopt 32-670] No setup violation found.  Shift Register to Pipeline Optimization was not performed.
INFO: [Physopt 32-670] No setup violation found.  Shift Register Optimization was not performed.
INFO: [Physopt 32-670] No setup violation found.  BRAM Register Optimization was not performed.
INFO: [Physopt 32-670] No setup violation found.  URAM Register Optimization was not performed.
INFO: [Physopt 32-949] No candidate nets found for dynamic/static region interface net replication
INFO: [Physopt 32-775] End 1 Pass. Optimized 0 net or cell. Created 0 new cell, deleted 0 existing cell and moved 0 existing cell
Netlist sorting complete. Time (s): cpu = 00:00:00 ; elapsed = 00:00:00.200 . Memory (MB): peak = 3472.863 ; gain = 0.000

Summary of Physical Synthesis Optimizations
============================================


-----------------------------------------------------------------------------------------------------------------------------------------------------------
|  Optimization                                     |  Added Cells  |  Removed Cells  |  Optimized Cells/Nets  |  Dont Touch  |  Iterations  |  Elapsed   |
-----------------------------------------------------------------------------------------------------------------------------------------------------------
|  LUT Combining                                    |            0  |            362  |                   362  |           0  |           1  |  00:00:08  |
|  Retime                                           |            0  |              0  |                     0  |           0  |           1  |  00:00:00  |
|  Very High Fanout                                 |            0  |              0  |                     0  |           1  |           1  |  00:00:01  |
|  DSP Register                                     |            0  |              0  |                     0  |           0  |           0  |  00:00:00  |
|  Shift Register to Pipeline                       |            0  |              0  |                     0  |           0  |           0  |  00:00:00  |
|  Shift Register                                   |            0  |              0  |                     0  |           0  |           0  |  00:00:00  |
|  BRAM Register                                    |            0  |              0  |                     0  |           0  |           0  |  00:00:00  |
|  URAM Register                                    |            0  |              0  |                     0  |           0  |           0  |  00:00:00  |
|  Dynamic/Static Region Interface Net Replication  |            0  |              0  |                     0  |           0  |           1  |  00:00:00  |
|  Total                                            |            0  |            362  |                   362  |           1  |           4  |  00:00:09  |
-----------------------------------------------------------------------------------------------------------------------------------------------------------


Phase 2.5.2 Physical Synthesis In Placer | Checksum: 10fc7ce6f

Time (s): cpu = 00:09:23 ; elapsed = 00:07:34 . Memory (MB): peak = 3472.863 ; gain = 0.000
Phase 2.5 Global Place Phase2 | Checksum: 20cb8952f

Time (s): cpu = 00:09:29 ; elapsed = 00:07:43 . Memory (MB): peak = 3472.863 ; gain = 0.000
Phase 2 Global Placement | Checksum: 20cb8952f

Time (s): cpu = 00:09:29 ; elapsed = 00:07:44 . Memory (MB): peak = 3472.863 ; gain = 0.000

Phase 3 Detail Placement

Phase 3.1 Commit Multi Column Macros
Phase 3.1 Commit Multi Column Macros | Checksum: 26eeafade

Time (s): cpu = 00:10:10 ; elapsed = 00:08:10 . Memory (MB): peak = 3472.863 ; gain = 0.000

Phase 3.2 Commit Most Macros & LUTRAMs
Phase 3.2 Commit Most Macros & LUTRAMs | Checksum: 23d4ee633

Time (s): cpu = 00:11:17 ; elapsed = 00:08:58 . Memory (MB): peak = 3472.863 ; gain = 0.000

Phase 3.3 Area Swap Optimization
Phase 3.3 Area Swap Optimization | Checksum: 1fb4b8ace

Time (s): cpu = 00:11:19 ; elapsed = 00:09:00 . Memory (MB): peak = 3472.863 ; gain = 0.000

Phase 3.4 Pipeline Register Optimization
Phase 3.4 Pipeline Register Optimization | Checksum: 2b4c5adbb

Time (s): cpu = 00:11:19 ; elapsed = 00:09:01 . Memory (MB): peak = 3472.863 ; gain = 0.000

Phase 3.5 Small Shape Detail Placement
Phase 3.5 Small Shape Detail Placement | Checksum: 224e37a19

Time (s): cpu = 00:13:02 ; elapsed = 00:11:07 . Memory (MB): peak = 3472.863 ; gain = 0.000

Phase 3.6 Re-assign LUT pins
Phase 3.6 Re-assign LUT pins | Checksum: 29b921208

Time (s): cpu = 00:13:29 ; elapsed = 00:11:40 . Memory (MB): peak = 3472.863 ; gain = 0.000

Phase 3.7 Pipeline Register Optimization
Phase 3.7 Pipeline Register Optimization | Checksum: 20690a867

Time (s): cpu = 00:13:30 ; elapsed = 00:11:43 . Memory (MB): peak = 3472.863 ; gain = 0.000
Phase 3 Detail Placement | Checksum: 20690a867

Time (s): cpu = 00:13:31 ; elapsed = 00:11:43 . Memory (MB): peak = 3472.863 ; gain = 0.000

Phase 4 Post Placement Optimization and Clean-Up

Phase 4.1 Post Commit Optimization
INFO: [Timing 38-35] Done setting XDC timing constraints.

Phase 4.1.1 Post Placement Optimization
Post Placement Optimization Initialization | Checksum: 1dcbae669

Phase 4.1.1.1 BUFG Insertion

Starting Physical Synthesis Task

Phase 1 Physical Synthesis Initialization
INFO: [Physopt 32-721] Multithreading enabled for phys_opt_design using a maximum of 2 CPUs
INFO: [Physopt 32-619] Estimated Timing Summary | WNS=0.428 | TNS=0.000 |
Phase 1 Physical Synthesis Initialization | Checksum: 125182765

Time (s): cpu = 00:00:10 ; elapsed = 00:00:08 . Memory (MB): peak = 3472.863 ; gain = 0.000
INFO: [Place 46-33] Processed net nvp_por_reset_reg_n_0, BUFG insertion was skipped due to placement/routing conflicts.
INFO: [Place 46-33] Processed net XDMA/inst/udma_wrapper/dma_top/dma_pcie_req/dma_pcie_rc/u_dma_rc_mem_pfch/user_rst_n_3ff_reg[0], BUFG insertion was skipped due to placement/routing conflicts.
INFO: [Place 46-56] BUFG insertion identified 2 candidate nets. Inserted BUFG: 0, Replicated BUFG Driver: 0, Skipped due to Placement/Routing Conflicts: 2, Skipped due to Timing Degradation: 0, Skipped due to netlist editing failed: 0.
Ending Physical Synthesis Task | Checksum: 230f41f67

Time (s): cpu = 00:00:17 ; elapsed = 00:00:15 . Memory (MB): peak = 3472.863 ; gain = 0.000
Phase 4.1.1.1 BUFG Insertion | Checksum: 1dcbae669

Time (s): cpu = 00:15:28 ; elapsed = 00:13:17 . Memory (MB): peak = 3472.863 ; gain = 0.000

Phase 4.1.1.2 Post Placement Timing Optimization
INFO: [Place 30-746] Post Placement Timing Summary WNS=0.518. For the most accurate timing information please run report_timing.
Phase 4.1.1.2 Post Placement Timing Optimization | Checksum: 1bedfb854

Time (s): cpu = 00:16:07 ; elapsed = 00:14:03 . Memory (MB): peak = 3472.863 ; gain = 0.000

Time (s): cpu = 00:16:07 ; elapsed = 00:14:03 . Memory (MB): peak = 3472.863 ; gain = 0.000
Phase 4.1 Post Commit Optimization | Checksum: 1bedfb854

Time (s): cpu = 00:16:07 ; elapsed = 00:14:04 . Memory (MB): peak = 3472.863 ; gain = 0.000

Phase 4.2 Post Placement Cleanup
Phase 4.2 Post Placement Cleanup | Checksum: 1bedfb854

Time (s): cpu = 00:16:10 ; elapsed = 00:14:06 . Memory (MB): peak = 3472.863 ; gain = 0.000

Phase 4.3 Placer Reporting

Phase 4.3.1 Print Estimated Congestion
INFO: [Place 30-612] Post-Placement Estimated Congestion 
 ____________________________________________________
|           | Global Congestion | Short Congestion  |
| Direction | Region Size       | Region Size       |
|___________|___________________|___________________|
|      North|                1x1|                2x2|
|___________|___________________|___________________|
|      South|                2x2|                4x4|
|___________|___________________|___________________|
|       East|                1x1|                2x2|
|___________|___________________|___________________|
|       West|                1x1|                1x1|
|___________|___________________|___________________|

Phase 4.3.1 Print Estimated Congestion | Checksum: 1bedfb854

Time (s): cpu = 00:16:11 ; elapsed = 00:14:07 . Memory (MB): peak = 3472.863 ; gain = 0.000
Phase 4.3 Placer Reporting | Checksum: 1bedfb854

Time (s): cpu = 00:16:12 ; elapsed = 00:14:08 . Memory (MB): peak = 3472.863 ; gain = 0.000

Phase 4.4 Final Placement Cleanup
Netlist sorting complete. Time (s): cpu = 00:00:00 ; elapsed = 00:00:00.180 . Memory (MB): peak = 3472.863 ; gain = 0.000

Time (s): cpu = 00:16:12 ; elapsed = 00:14:08 . Memory (MB): peak = 3472.863 ; gain = 0.000
Phase 4 Post Placement Optimization and Clean-Up | Checksum: 2037bace8

Time (s): cpu = 00:16:13 ; elapsed = 00:14:09 . Memory (MB): peak = 3472.863 ; gain = 0.000
Ending Placer Task | Checksum: 19161c9fd

Time (s): cpu = 00:16:13 ; elapsed = 00:14:10 . Memory (MB): peak = 3472.863 ; gain = 0.000
732 Infos, 462 Warnings, 0 Critical Warnings and 0 Errors encountered.
place_design completed successfully
place_design: Time (s): cpu = 00:16:50 ; elapsed = 00:14:40 . Memory (MB): peak = 3472.863 ; gain = 0.000
Command: phys_opt_design
Attempting to get a license for feature 'Implementation' and/or device 'xc7a35t'
INFO: [Common 17-349] Got license for feature 'Implementation' and/or device 'xc7a35t'

Starting Initial Update Timing Task

Time (s): cpu = 00:01:24 ; elapsed = 00:00:59 . Memory (MB): peak = 3472.863 ; gain = 0.000
INFO: [Vivado_Tcl 4-2279] Estimated Timing Summary | WNS= 0.518 | TNS= 0.000 | 
INFO: [Vivado_Tcl 4-383] Design worst setup slack (WNS) is greater than or equal to 0.000 ns. All physical synthesis setup optimizations will be skipped.
INFO: [Vivado_Tcl 4-232] No setup violation found. The netlist was not modified.
INFO: [Common 17-83] Releasing license: Implementation
737 Infos, 462 Warnings, 0 Critical Warnings and 0 Errors encountered.
phys_opt_design completed successfully
phys_opt_design: Time (s): cpu = 00:01:27 ; elapsed = 00:01:00 . Memory (MB): peak = 3472.863 ; gain = 0.000
Command: route_design
Attempting to get a license for feature 'Implementation' and/or device 'xc7a35t'
INFO: [Common 17-349] Got license for feature 'Implementation' and/or device 'xc7a35t'


Starting Routing Task
INFO: [Route 35-254] Multithreading enabled for route_design using a maximum of 2 CPUs

Phase 1 Build RT Design
Checksum: PlaceDB: 30c87125 ConstDB: 0 ShapeSum: c017fc81 RouteDB: a0815c57
Post Restoration Checksum: NetGraph: bb68d0e7 | NumContArr: e2a2fb36 | Constraints: c2a8fa9d | Timing: c2a8fa9d
Phase 1 Build RT Design | Checksum: 3235dc157

Time (s): cpu = 00:03:54 ; elapsed = 00:03:37 . Memory (MB): peak = 3472.863 ; gain = 0.000

Phase 2 Router Initialization

Phase 2.1 Fix Topology Constraints
Phase 2.1 Fix Topology Constraints | Checksum: 3235dc157

Time (s): cpu = 00:03:55 ; elapsed = 00:03:39 . Memory (MB): peak = 3472.863 ; gain = 0.000

Phase 2.2 Pre Route Cleanup
Phase 2.2 Pre Route Cleanup | Checksum: 3235dc157

Time (s): cpu = 00:03:56 ; elapsed = 00:03:39 . Memory (MB): peak = 3472.863 ; gain = 0.000
 Number of Nodes with overlaps = 0

Phase 2.3 Update Timing
Phase 2.3 Update Timing | Checksum: 21812efce

Time (s): cpu = 00:05:53 ; elapsed = 00:05:05 . Memory (MB): peak = 3472.863 ; gain = 0.000
INFO: [Route 35-416] Intermediate Timing Summary | WNS=0.668  | TNS=0.000  | WHS=-0.508 | THS=-1106.945|


Phase 2.4 Update Timing for Bus Skew

Phase 2.4.1 Update Timing
Phase 2.4.1 Update Timing | Checksum: 1e3c5c265

Time (s): cpu = 00:07:23 ; elapsed = 00:06:15 . Memory (MB): peak = 3472.863 ; gain = 0.000
INFO: [Route 35-416] Intermediate Timing Summary | WNS=0.668  | TNS=0.000  | WHS=-0.549 | THS=-10.949|

Phase 2.4 Update Timing for Bus Skew | Checksum: 299f0c8a1

Time (s): cpu = 00:08:10 ; elapsed = 00:07:27 . Memory (MB): peak = 3575.801 ; gain = 102.938

Phase 2.5 Soft Constraint Pins - Fast Budgeting
Phase 2.5 Soft Constraint Pins - Fast Budgeting | Checksum: 299f0c8a1

Time (s): cpu = 00:08:12 ; elapsed = 00:07:28 . Memory (MB): peak = 3575.801 ; gain = 102.938

Router Utilization Summary
  Global Vertical Routing Utilization    = 0 %
  Global Horizontal Routing Utilization  = 0.000780843 %
  Routable Net Status*
  *Does not include unroutable nets such as driverless and loadless.
  Run report_route_status for detailed report.
  Number of Failed Nets               = 35831
    (Failed Nets is the sum of unrouted and partially routed nets)
  Number of Unrouted Nets             = 35831
  Number of Partially Routed Nets     = 0
  Number of Node Overlaps             = 0

Phase 2 Router Initialization | Checksum: 1cd857a68

Time (s): cpu = 00:08:14 ; elapsed = 00:07:32 . Memory (MB): peak = 3575.801 ; gain = 102.938

Phase 3 Global Routing
Phase 3 Global Routing | Checksum: 1cd857a68

Time (s): cpu = 00:08:14 ; elapsed = 00:07:32 . Memory (MB): peak = 3575.801 ; gain = 102.938

Phase 4 Initial Routing

Phase 4.1 Initial Net Routing Pass
Phase 4.1 Initial Net Routing Pass | Checksum: 2a99d8149

Time (s): cpu = 00:09:15 ; elapsed = 00:08:17 . Memory (MB): peak = 3575.801 ; gain = 102.938
Phase 4 Initial Routing | Checksum: 2a99d8149

Time (s): cpu = 00:09:16 ; elapsed = 00:08:18 . Memory (MB): peak = 3575.801 ; gain = 102.938

Phase 5 Rip-up And Reroute

Phase 5.1 Global Iteration 0
 Number of Nodes with overlaps = 4501
 Number of Nodes with overlaps = 468
 Number of Nodes with overlaps = 88
 Number of Nodes with overlaps = 29
 Number of Nodes with overlaps = 3
 Number of Nodes with overlaps = 0
INFO: [Route 35-416] Intermediate Timing Summary | WNS=0.701  | TNS=0.000  | WHS=N/A    | THS=N/A    |

Phase 5.1 Global Iteration 0 | Checksum: 22d68c2be

Time (s): cpu = 00:12:59 ; elapsed = 00:11:58 . Memory (MB): peak = 3575.801 ; gain = 102.938
Phase 5 Rip-up And Reroute | Checksum: 22d68c2be

Time (s): cpu = 00:12:59 ; elapsed = 00:11:58 . Memory (MB): peak = 3575.801 ; gain = 102.938

Phase 6 Delay and Skew Optimization

Phase 6.1 Delay CleanUp

Phase 6.1.1 Update Timing
Phase 6.1.1 Update Timing | Checksum: 25452b5a9

Time (s): cpu = 00:13:15 ; elapsed = 00:12:10 . Memory (MB): peak = 3575.801 ; gain = 102.938
INFO: [Route 35-416] Intermediate Timing Summary | WNS=0.707  | TNS=0.000  | WHS=N/A    | THS=N/A    |

Phase 6.1 Delay CleanUp | Checksum: 1edc98942

Time (s): cpu = 00:13:15 ; elapsed = 00:12:10 . Memory (MB): peak = 3575.801 ; gain = 102.938

Phase 6.2 Clock Skew Optimization
Phase 6.2 Clock Skew Optimization | Checksum: 1edc98942

Time (s): cpu = 00:13:15 ; elapsed = 00:12:10 . Memory (MB): peak = 3575.801 ; gain = 102.938
Phase 6 Delay and Skew Optimization | Checksum: 1edc98942

Time (s): cpu = 00:13:16 ; elapsed = 00:12:10 . Memory (MB): peak = 3575.801 ; gain = 102.938

Phase 7 Post Hold Fix

Phase 7.1 Hold Fix Iter
INFO: [Route 35-416] Intermediate Timing Summary | WNS=0.617  | TNS=0.000  | WHS=0.023  | THS=0.000  |

Phase 7.1 Hold Fix Iter | Checksum: 268b10ce8

Time (s): cpu = 00:13:35 ; elapsed = 00:12:25 . Memory (MB): peak = 3575.801 ; gain = 102.938
Phase 7 Post Hold Fix | Checksum: 268b10ce8

Time (s): cpu = 00:13:36 ; elapsed = 00:12:25 . Memory (MB): peak = 3575.801 ; gain = 102.938

Phase 8 Route finalize

Router Utilization Summary
  Global Vertical Routing Utilization    = 14.2239 %
  Global Horizontal Routing Utilization  = 16.809 %
  Routable Net Status*
  *Does not include unroutable nets such as driverless and loadless.
  Run report_route_status for detailed report.
  Number of Failed Nets               = 0
    (Failed Nets is the sum of unrouted and partially routed nets)
  Number of Unrouted Nets             = 0
  Number of Partially Routed Nets     = 0
  Number of Node Overlaps             = 0

Phase 8 Route finalize | Checksum: 268b10ce8

Time (s): cpu = 00:13:37 ; elapsed = 00:12:26 . Memory (MB): peak = 3575.801 ; gain = 102.938

Phase 9 Verifying routed nets

 Verification completed successfully
Phase 9 Verifying routed nets | Checksum: 268b10ce8

Time (s): cpu = 00:13:38 ; elapsed = 00:12:27 . Memory (MB): peak = 3575.801 ; gain = 102.938

Phase 10 Depositing Routes
Phase 10 Depositing Routes | Checksum: 1799d2294

Time (s): cpu = 00:14:17 ; elapsed = 00:13:13 . Memory (MB): peak = 3575.801 ; gain = 102.938

Phase 11 Post Process Routing
Phase 11 Post Process Routing | Checksum: 1799d2294

Time (s): cpu = 00:14:18 ; elapsed = 00:13:14 . Memory (MB): peak = 3575.801 ; gain = 102.938

Phase 12 Post Router Timing
INFO: [Route 35-57] Estimated Timing Summary | WNS=0.617  | TNS=0.000  | WHS=0.023  | THS=0.000  |

INFO: [Route 35-327] The final timing numbers are based on the router estimated timing analysis. For a complete and accurate timing signoff, please run report_timing_summary.
Phase 12 Post Router Timing | Checksum: 1799d2294

Time (s): cpu = 00:14:19 ; elapsed = 00:13:14 . Memory (MB): peak = 3575.801 ; gain = 102.938
Total Elapsed time in route_design: 794.263 secs

Phase 13 Post-Route Event Processing
Phase 13 Post-Route Event Processing | Checksum: 187e6b4cb

Time (s): cpu = 00:14:19 ; elapsed = 00:13:15 . Memory (MB): peak = 3575.801 ; gain = 102.938
INFO: [Route 35-16] Router Completed Successfully
Ending Routing Task | Checksum: 187e6b4cb

Time (s): cpu = 00:14:20 ; elapsed = 00:13:16 . Memory (MB): peak = 3575.801 ; gain = 102.938

Routing Is Done.
INFO: [Common 17-83] Releasing license: Implementation
748 Infos, 462 Warnings, 0 Critical Warnings and 0 Errors encountered.
route_design completed successfully
route_design: Time (s): cpu = 00:14:23 ; elapsed = 00:13:20 . Memory (MB): peak = 3575.801 ; gain = 102.938
report_route_status: Time (s): cpu = 00:00:19 ; elapsed = 00:00:14 . Memory (MB): peak = 3575.801 ; gain = 0.000
INFO: [Timing 38-91] UpdateTimingParams: Speed grade: -2, Delay Type: min_max.
INFO: [Timing 38-191] Multithreading enabled for timing update using a maximum of 2 CPUs
WARNING: [Timing 38-436] There are set_bus_skew constraint(s) in this design. Please run report_bus_skew to ensure that bus skew requirements are met.
report_timing_summary: Time (s): cpu = 00:05:34 ; elapsed = 00:05:50 . Memory (MB): peak = 3575.801 ; gain = 0.000
INFO: [Timing 38-91] UpdateTimingParams: Speed grade: -2, Delay Type: max.
INFO: [Timing 38-191] Multithreading enabled for timing update using a maximum of 2 CPUs
INFO: [Timing 38-78] ReportTimingParams: -max_paths 1000 -nworst 10 -delay_type max -sort_by slack.
report_timing: Time (s): cpu = 00:00:26 ; elapsed = 00:00:26 . Memory (MB): peak = 3575.801 ; gain = 0.000
INFO: [Timing 38-91] UpdateTimingParams: Speed grade: -2, Delay Type: min.
INFO: [Timing 38-191] Multithreading enabled for timing update using a maximum of 2 CPUs
INFO: [Timing 38-78] ReportTimingParams: -max_paths 1000 -nworst 10 -delay_type min -sort_by slack.
report_timing: Time (s): cpu = 00:00:32 ; elapsed = 00:00:35 . Memory (MB): peak = 3575.801 ; gain = 0.000
Command: report_drc -file <BUILD_EVIDENCE_ROOT>/DRC.rpt
INFO: [IP_Flow 19-1839] IP Catalog is up to date.
INFO: [DRC 23-27] Running DRC with 2 threads
INFO: [Vivado_Tcl 2-168] The results of DRC are in file <BUILD_EVIDENCE_ROOT>/DRC.rpt.
report_drc completed successfully
report_drc: Time (s): cpu = 00:00:46 ; elapsed = 00:00:44 . Memory (MB): peak = 3575.801 ; gain = 0.000
INFO: [Timing 38-91] UpdateTimingParams: Speed grade: -2, Delay Type: min_max.
INFO: [Timing 38-191] Multithreading enabled for timing update using a maximum of 2 CPUs
INFO: [Timing 38-433] Consider using Xilinx recommended XPM_CDC modules to avoid Critical severities
INFO: [Timing 38-314] The report_cdc command only analyzes and reports clock domain crossing paths where clocks have been defined on both source and destination sides. Ports with no input delay constraint are skipped. Please run check_timing to verify there are no missing clock definitions in your design, nor any unconstrained input port.
report_cdc: Time (s): cpu = 00:00:22 ; elapsed = 00:00:17 . Memory (MB): peak = 3575.801 ; gain = 0.000
INFO: [Timing 38-91] UpdateTimingParams: Speed grade: -2, Delay Type: min_max.
INFO: [Timing 38-191] Multithreading enabled for timing update using a maximum of 2 CPUs
report_bus_skew: Time (s): cpu = 00:00:52 ; elapsed = 00:01:04 . Memory (MB): peak = 3575.801 ; gain = 0.000
INFO: [Timing 38-91] UpdateTimingParams: Speed grade: -2, Delay Type: min_max.
INFO: [Timing 38-191] Multithreading enabled for timing update using a maximum of 2 CPUs
INFO: [Timing 38-35] Done setting XDC timing constraints.
report_exceptions: Time (s): cpu = 00:00:39 ; elapsed = 00:00:31 . Memory (MB): peak = 3575.801 ; gain = 0.000
INFO: [Timing 38-35] Done setting XDC timing constraints.
report_clocks: Time (s): cpu = 00:00:07 ; elapsed = 00:00:06 . Memory (MB): peak = 3575.801 ; gain = 0.000
report_clock_utilization: Time (s): cpu = 00:00:14 ; elapsed = 00:00:17 . Memory (MB): peak = 3575.801 ; gain = 0.000
INFO: [Timing 38-91] UpdateTimingParams: Speed grade: -2, Delay Type: max.
INFO: [Timing 38-191] Multithreading enabled for timing update using a maximum of 2 CPUs
WARNING: [Timing 38-164] This design has multiple clocks. Inter clock paths are considered valid unless explicitly excluded by timing constraints such as set_clock_groups or set_false_path.
report_clock_interaction: Time (s): cpu = 00:00:19 ; elapsed = 00:00:12 . Memory (MB): peak = 3575.801 ; gain = 0.000
report_ram_utilization: Time (s): cpu = 00:00:00 ; elapsed = 00:00:00 . Memory (MB): peak = 3575.801 ; gain = 0.000
Command: report_methodology -file <BUILD_EVIDENCE_ROOT>/METHODOLOGY.rpt
INFO: [Timing 38-35] Done setting XDC timing constraints.
INFO: [DRC 23-133] Running Methodology with 2 threads
INFO: [Vivado_Tcl 2-1520] The results of Report Methodology are in file <BUILD_EVIDENCE_ROOT>/METHODOLOGY.rpt.
report_methodology completed successfully
report_methodology: Time (s): cpu = 00:02:01 ; elapsed = 00:01:22 . Memory (MB): peak = 3575.801 ; gain = 0.000
INFO: [Timing 38-35] Done setting XDC timing constraints.
report_property: Time (s): cpu = 00:00:09 ; elapsed = 00:00:09 . Memory (MB): peak = 3575.801 ; gain = 0.000
report_utilization: Time (s): cpu = 00:00:12 ; elapsed = 00:00:14 . Memory (MB): peak = 3575.801 ; gain = 0.000
INFO: [Timing 38-91] UpdateTimingParams: Speed grade: -2, Delay Type: max.
INFO: [Timing 38-191] Multithreading enabled for timing update using a maximum of 2 CPUs
INFO: [Timing 38-78] ReportTimingParams: -from_pins  -to_pins  -max_paths 100 -nworst 1 -delay_type max -sort_by slack.
report_timing: Time (s): cpu = 00:00:09 ; elapsed = 00:00:06 . Memory (MB): peak = 3575.801 ; gain = 0.000
INFO: [Timing 38-91] UpdateTimingParams: Speed grade: -2, Delay Type: max.
INFO: [Timing 38-191] Multithreading enabled for timing update using a maximum of 2 CPUs
INFO: [Timing 38-78] ReportTimingParams: -from_pins  -to_pins  -max_paths 100 -nworst 1 -delay_type max -sort_by slack.
INFO: [Timing 38-91] UpdateTimingParams: Speed grade: -2, Delay Type: max.
INFO: [Timing 38-191] Multithreading enabled for timing update using a maximum of 2 CPUs
INFO: [Timing 38-78] ReportTimingParams: -from_pins  -to_pins  -max_paths 100 -nworst 1 -delay_type max -sort_by slack.
INFO: [Timing 38-480] Writing timing data to binary archive.
Wrote PlaceDB: Time (s): cpu = 00:00:00 ; elapsed = 00:00:00 . Memory (MB): peak = 3575.801 ; gain = 0.000
Wrote PulsedLatchDB: Time (s): cpu = 00:00:00 ; elapsed = 00:00:00.001 . Memory (MB): peak = 3575.801 ; gain = 0.000
Writing XDEF routing.
Writing XDEF routing logical nets.
Write ShapeDB Complete: Time (s): cpu = 00:00:03 ; elapsed = 00:00:00.842 . Memory (MB): peak = 3575.801 ; gain = 0.000
Writing XDEF routing special nets.
Wrote RouteStorage: Time (s): cpu = 00:00:08 ; elapsed = 00:00:03 . Memory (MB): peak = 3575.801 ; gain = 0.000
Wrote PlaceStorage: Time (s): cpu = 00:00:24 ; elapsed = 00:00:13 . Memory (MB): peak = 3575.801 ; gain = 0.000
Wrote Netlist Cache: Time (s): cpu = 00:00:01 ; elapsed = 00:00:00.454 . Memory (MB): peak = 3575.801 ; gain = 0.000
Wrote Device Cache: Time (s): cpu = 00:00:00 ; elapsed = 00:00:00.071 . Memory (MB): peak = 3575.801 ; gain = 0.000
Write Physdb Complete: Time (s): cpu = 00:00:35 ; elapsed = 00:00:17 . Memory (MB): peak = 3575.801 ; gain = 0.000
INFO: [Common 17-1381] The checkpoint '<BUILD_EVIDENCE_ROOT>/G2A_ROUTED.dcp' has been generated.
write_checkpoint: Time (s): cpu = 00:01:03 ; elapsed = 00:00:56 . Memory (MB): peak = 3575.801 ; gain = 0.000
Command: write_bitstream <BUILD_EVIDENCE_ROOT>/artifacts/AHD_V41_G2A_R1I_GEN2_OFFLINE.bit
Attempting to get a license for feature 'Implementation' and/or device 'xc7a35t'
INFO: [Common 17-349] Got license for feature 'Implementation' and/or device 'xc7a35t'
Running DRC as a precondition to command write_bitstream
INFO: [IP_Flow 19-1839] IP Catalog is up to date.
INFO: [DRC 23-27] Running DRC with 2 threads
INFO: [Vivado 12-3199] DRC finished with 0 Errors
INFO: [Vivado 12-3200] Please refer to the DRC report (report_drc) for more information.
Integrating Hard IP ELF/MEM with the PDI.
INFO: [Designutils 20-2272] Running write_bitstream with 2 threads.
Loading data files...
Loading site data...
Loading route data...
Processing options...
Creating bitmap...
Creating bitstream...
Writing bitstream <BUILD_EVIDENCE_ROOT>/artifacts/AHD_V41_G2A_R1I_GEN2_OFFLINE.bit...
INFO: [Vivado 12-1842] Bitgen Completed Successfully.
INFO: [Common 17-83] Releasing license: Implementation
25 Infos, 1 Warnings, 0 Critical Warnings and 0 Errors encountered.
write_bitstream completed successfully
write_bitstream: Time (s): cpu = 00:03:41 ; elapsed = 00:03:03 . Memory (MB): peak = 3575.801 ; gain = 0.000
INFO: [Chipscope 16-244] No debug cores were found in this design.
# set build_result [catch {
#   if {![info exists ::env(XILINX_LOCAL_USER_DATA)] || $::env(XILINX_LOCAL_USER_DATA) ne "NO"} {
#     error "XILINX_LOCAL_USER_DATA must be NO in the Vivado child environment"
#   }
#   if {![info exists ::env(XILINX_TCLAPP_REPO)]} {
#     error "XILINX_TCLAPP_REPO is missing from the Vivado child environment"
#   }
#   set expected_tclapp_repo [file normalize C:/AMDDesignTools/2025.2/Vivado/data/XilinxTclStore]
#   if {![string equal -nocase [path_key $::env(XILINX_TCLAPP_REPO)] [path_key $expected_tclapp_repo]]} {
#     error "XILINX_TCLAPP_REPO does not identify the frozen Vivado 2025.2 Tcl store"
#   }
#   if {![info exists ::env(TEMP)] || ![info exists ::env(TMP)] ||
#       ![string equal -nocase [path_key $::env(TEMP)] [path_key $::env(TMP)]]} {
#     error "TEMP and TMP must identify the same child-only directory"
#   }
#   if {![string is ascii -strict $::env(TEMP)] || ![string is ascii -strict $build_root] ||
#       ![string is ascii -strict $evidence_root]} {
#     error "TEMP, BUILD_ROOT, and EVIDENCE_ROOT must be ASCII-only"
#   }
# 
#   set vivado_version [string trim [version -short]]
#   regexp {SW Build[ \t]+([0-9]+)} [version] -> vivado_sw_build
#   if {$vivado_version ne $expected_vivado_version || $vivado_sw_build ne $expected_vivado_sw_build} {
#     error "wrong Vivado version/build: version=$vivado_version SW_BUILD=$vivado_sw_build"
#   }
# 
#   if {[file exists $build_root]} {
#     set existing [glob -nocomplain -directory $build_root *]
#     foreach candidate [glob -nocomplain -directory $build_root .*] {
#       if {[file tail $candidate] ni {. ..}} { lappend existing $candidate }
#     }
#     if {[llength $existing] != 0} { error "BUILD_ROOT is not empty; clean full build required" }
#   }
#   set evidence_entries [glob -nocomplain -directory $evidence_root *]
#   foreach candidate [glob -nocomplain -directory $evidence_root .*] {
#     if {[file tail $candidate] ni {. ..}} { lappend evidence_entries $candidate }
#   }
#   set expected_receipt [file join $evidence_root G2A_EXPECTED_RUNTIME_PROVENANCE.txt]
#   foreach candidate $evidence_entries {
#     if {[path_key $candidate] ne [path_key $expected_receipt]} {
#       error "EVIDENCE_ROOT is not fresh; unexpected pre-existing entry: $candidate"
#     }
#   }
#   if {[file exists $bit_path] || [file exists $ltx_path] ||
#       [file exists [file join $evidence_root G2A_BUILD_RESULT.txt]]} {
#     error "G2A build evidence/output is already consumed; use a new clean launch root"
#   }
#   file mkdir $build_root
#   set marker [file join $build_root G2A_BUILD_CONSUMED.marker]
#   set marker_fh [open $marker {WRONLY CREAT EXCL}]
#   puts $marker_fh "SOURCE_COMMIT=$source_commit"
#   puts $marker_fh "SOURCE_TREE=$source_tree"
#   puts $marker_fh "UTC=[clock format [clock seconds] -gmt true -format {%Y-%m-%dT%H:%M:%SZ}]"
#   close $marker_fh
#   file mkdir [file dirname $bit_path]
# 
#   set sv_rel_files {
#     rtl/v41/axi_lite_host_bridge.sv
#     rtl/v41/axi_clock_lifecycle_monitor.sv
#     rtl/v41/axi_clock_measurement_regs.sv
#     rtl/v41/r1e_measurement_regs.sv
#     rtl/v41/r1h_probe_index_bram_store.sv
#     rtl/v41/nvp_i2c_tri_phase_probe.sv
#     rtl/v41/r1f_failed_txn_logger.sv
#     rtl/v41/r1f_measurement_regs.sv
#     rtl/v41/r1h_mmio_read_service.sv
#     rtl/v41/control_status_regs.sv
#     rtl/pio/pio_slot_adapter.sv
#     rtl/pio/pio_bar_target.sv
#     rtl/record/bt656_record_producer.sv
#     rtl/record/capture_mailbox.sv
#     rtl/video/video_capture.sv
#     rtl/video/physical_frontend.sv
#     rtl/top/ahd_capture_top_xdma.sv
#   }
#   set vhdl_rel_files {
#     rtl/nvp/nvp6134c_diagnostics_pkg.vhd
#     rtl/nvp/r1f_transaction_serial_counter.vhd
#     rtl/nvp/nvp6134c_i2c_bringup.vhd
#     rtl/nvp/nvp6134c_autoinit.vhd
#   }
#   set xdc_rel_files {
#     xdc/boards/current/xdma_pcie.xdc
#     xdc/boards/current/pins.xdc
#     xdc/boards/current/vdo_input_timing.xdc
#     xdc/boards/current/pcie_pio.xdc
#     xdc/boards/current/nvp_control.xdc
#     xdc/common/cdc.xdc
#     xdc/common/configuration_bank.xdc
#   }
# 
#   set sv_files [list]
#   set vhdl_files [list]
#   set xdc_files [list]
#   set input_hashes [list]
#   foreach kind {sv vhdl xdc} {
#     foreach rel [set [format %s_rel_files $kind]] {
#       set path [file join $repo_root $rel]
#       lappend [format %s_files $kind] $path
#     }
#   }
#   set xdma_source [file join $repo_root ip v41 xdma_v41_m1.xci]
#   set common_tcl [file join $repo_root scripts v41 xdma_config_common.tcl]
#   require_files [concat $sv_files $vhdl_files $xdc_files [list $xdma_source $common_tcl]]
#   foreach kind {sv vhdl xdc} {
#     foreach rel [set [format %s_rel_files $kind]] {
#       lappend input_hashes "$rel|[sha256_file [file join $repo_root $rel]]"
#     }
#   }
#   lappend input_hashes "ip/v41/xdma_v41_m1.xci|[sha256_file $xdma_source]"
#   lappend input_hashes "scripts/v41/xdma_config_common.tcl|[sha256_file $common_tcl]"
#   foreach rel {scripts/v41/g2a_build.tcl tests/v41/run_g2a_offline_checks.ps1} {
#     set path [file join $repo_root $rel]
#     if {![file isfile $path]} { error "required G2A harness input missing: $path" }
#     lappend input_hashes "$rel|[sha256_file $path]"
#   }
#   write_lines [file join $evidence_root G2A_BUILD_INPUT_SHA256.txt] $input_hashes
# 
#   source $common_tcl
#   if {![namespace exists ::v41_xdma] || ![llength [info commands ::v41_xdma::configure_minimal_c2h_stream]]} {
#     error "authoritative XDMA configuration namespace/procedure unavailable"
#   }
#   if {$v41_xdma::part ne $expected_part} { error "XDMA helper part drift" }
# 
#   set stage PROJECT_SETUP
#   cd $build_root
#   set project_dir [file join $build_root vivado_project]
#   set project_creation FAIL
#   create_project v41_g2a_r1i_gen2_offline $project_dir -part $expected_part
#   set project_creation PASS
#   set_property target_language Verilog [current_project]
#   set_property simulator_language Mixed [current_project]
#   set_property XPM_LIBRARIES {XPM_CDC XPM_MEMORY} [current_project]
#   config_ip_cache -use_cache_location [file join $build_root ip_cache]
# 
#   add_files -norecurse $sv_files
#   set_property FILE_TYPE SystemVerilog [get_files $sv_files]
#   add_files -norecurse $vhdl_files
# 
#   set input_xci_dir [file join $build_root input_xci]
#   file mkdir $input_xci_dir
#   set xdma_copy [file join $input_xci_dir xdma_v41_m1.xci]
#   file copy $xdma_source $xdma_copy
#   if {[sha256_file $xdma_copy] ne [sha256_file $xdma_source]} {
#     error "local XDMA XCI copy does not match committed input"
#   }
#   set ip_generation FAIL
#   import_ip -files $xdma_copy
#   set xdma_ip [get_ips -quiet xdma_v41_m1]
#   if {[llength $xdma_ip] != 1} { error "expected exactly one local XDMA IP object" }
#   v41_xdma::configure_minimal_c2h_stream $xdma_ip
#   v41_xdma::assert_frozen_g1_invariants $xdma_ip
#   if {[get_property CONFIG.pl_link_cap_max_link_speed $xdma_ip] ne "5.0_GT/s" ||
#       [get_property CONFIG.pl_link_cap_max_link_width $xdma_ip] ne "X1" ||
#       [get_property CONFIG.axisten_freq $xdma_ip] ne "62.5"} {
#     error "BLOCKED - UNEXPECTED_XDMA_CONFIG_DRIFT"
#   }
#   set configured_effective_config [effective_config_dict $xdma_ip]
#   set ip_config_property_count [dict size $configured_effective_config]
#   if {$ip_config_property_count == 0} { error "no effective XDMA CONFIG properties found" }
# 
#   set imported_xci [get_property IP_FILE $xdma_ip]
#   set imported_xci_object [get_files -quiet $imported_xci]
#   if {[llength $imported_xci_object] != 1} { error "imported local XCI file object unavailable" }
#   set_property GENERATE_SYNTH_CHECKPOINT false $imported_xci_object
#   set synth_checkpoint_property [string tolower [get_property GENERATE_SYNTH_CHECKPOINT $imported_xci_object]]
#   if {$synth_checkpoint_property ni {false 0}} {
#     error "XDMA synthesis checkpoint must be disabled for integrated clean synthesis"
#   }
#   generate_target all $xdma_ip
#   set generated_effective_config [effective_config_dict $xdma_ip]
#   assert_config_dict_equal $configured_effective_config $generated_effective_config \
#     "post-generation XDMA"
#   v41_xdma::assert_frozen_g1_invariants $xdma_ip
#   v41_xdma::dump_effective_config $xdma_ip \
#     [file join $evidence_root G2A_XDMA_EFFECTIVE_CONFIG.txt]
#   report_property -file [file join $evidence_root G2A_XDMA_IP_PROPERTIES.txt] $xdma_ip
#   report_ip_status -file [file join $evidence_root G2A_XDMA_IP_STATUS.rpt]
#   set ip_generation PASS
# 
#   add_files -fileset constrs_1 -norecurse $xdc_files
#   set_property PROCESSING_ORDER EARLY [get_files [lindex $xdc_files 0]]
#   set_property PROCESSING_ORDER LATE [get_files [lrange $xdc_files 1 end]]
#   set_property top $expected_top [get_filesets sources_1]
#   set_property generic $generics [get_filesets sources_1]
#   update_compile_order -fileset sources_1
#   if {[get_property PART [current_project]] ne $expected_part ||
#       [get_property TOP [get_filesets sources_1]] ne $expected_top ||
#       [get_property GENERIC [get_filesets sources_1]] ne $generics} {
#     error "project part/top/runtime provenance mismatch"
#   }
#   report_compile_order -fileset sources_1 -used_in synthesis \
#     -file [file join $evidence_root G2A_COMPILE_ORDER.rpt]
# 
#   write_lines [file join $evidence_root G2A_BUILD_PROVENANCE.txt] [list \
#     "SOURCE_COMMIT=$source_commit" "SOURCE_TREE=$source_tree" \
#     "SOURCE_BRANCH=$expected_branch" "SOURCE_CLEAN=PASS" \
#     "QUALIFIED_BASE_COMMIT=$qualified_base_commit" \
#     "QUALIFIED_BASE_TREE=$qualified_base_tree" \
#     "DIRECT_BASE_RELATION=PASS" \
#     "PART=$expected_part" "TOP=$expected_top" "GENERIC=$generics" \
#     "BUILD_FLAGS=0x00000002" \
#     "VIVADO_VERSION=$vivado_version" "VIVADO_SW_BUILD=$vivado_sw_build" \
#     "VIVADO_PROCESS_ID=[pid]" "HARNESS_VIVADO_PROCESS_COUNT=1" \
#     "FLOW=QUALIFIED_R1I_DEFAULT_SYNTH_OPT_PLACE_PHYS_OPT_ROUTE" \
#     "CHECKPOINT_REUSE=NO" "IP_CACHE=LOCAL_CLEAN" \
#     "GENERATE_SYNTH_CHECKPOINT=false" \
#     "XDMA_EFFECTIVE_CONFIG_PROPERTIES=$ip_config_property_count" \
#     "SOURCE_TO_BIT_PROVENANCE=PENDING"]
# 
#   set stage SYNTHESIS
#   record_action SYNTH_DESIGN
#   set synthesis FAIL
#   synth_design -top $expected_top -part $expected_part -flatten_hierarchy rebuilt
#   if {[llength [get_cells -quiet -hier]] == 0} { error "empty synthesized design" }
#   set synthesis PASS
#   set synth_dcp_path [file join $evidence_root G2A_SYNTH.dcp]
#   write_checkpoint -force $synth_dcp_path
#   set synth_dcp_sha [sha256_file $synth_dcp_path]
#   report_utilization -file [file join $evidence_root POST_SYNTH_UTILIZATION_FLAT.rpt]
#   report_utilization -hierarchical -hierarchical_depth 20 \
#     -file [file join $evidence_root POST_SYNTH_UTILIZATION_HIER.rpt]
#   report_timing_summary -delay_type min_max -max_paths 100 \
#     -file [file join $evidence_root POST_SYNTH_TIMING_SUMMARY.rpt]
# 
#   set stage OPT_DESIGN
#   record_action OPT_DESIGN
#   set optimization FAIL
#   opt_design
#   set optimization PASS
#   set post_opt_metrics [resource_metrics POST_OPT]
#   set post_opt_dcp_path [file join $evidence_root G2A_POST_OPT.dcp]
#   write_checkpoint -force $post_opt_dcp_path
#   set post_opt_dcp_sha [sha256_file $post_opt_dcp_path]
#   report_utilization -hierarchical -hierarchical_depth 20 \
#     -file [file join $evidence_root POST_OPT_UTILIZATION_HIER.rpt]
#   if {[catch {enforce_resource_gate POST_OPT $post_opt_metrics} resource_failure]} {
#     set resource_gate FAIL
#     error $resource_failure
#   }
# 
#   set stage PLACE_DESIGN
#   record_action PLACE_DESIGN
#   set placement FAIL
#   place_design
#   set placement PASS
# 
#   set stage PHYS_OPT_DESIGN
#   record_action PHYS_OPT_DESIGN
#   set physical_optimization FAIL
#   phys_opt_design
#   set physical_optimization PASS
# 
#   set stage ROUTE_DESIGN
#   record_action ROUTE_DESIGN
#   set routing FAIL
#   route_design
# 
#   set stage ROUTED_REPORTS
#   report_route_status -file [file join $evidence_root ROUTE_STATUS.rpt]
#   set fully_routed [report_route_status -boolean_check ROUTED_FULLY]
#   set errors_in_routes [report_route_status -boolean_check ERRORS_IN_ROUTES]
#   set unrouted_nets [llength [report_route_status -return_nets -route_type UNROUTED]]
#   set partial_nets [llength [report_route_status -return_nets -route_type PARTIAL]]
# 
#   set timing_summary_path [file join $evidence_root TIMING_SUMMARY.rpt]
#   report_timing_summary -delay_type min_max -max_paths 1000 \
#     -report_unconstrained -check_timing_verbose -file $timing_summary_path
#   report_timing -delay_type max -max_paths 1000 -nworst 10 \
#     -file [file join $evidence_root ROUTED_SETUP_TIMING.rpt]
#   report_timing -delay_type min -max_paths 1000 -nworst 10 \
#     -file [file join $evidence_root ROUTED_HOLD_TIMING.rpt]
#   set check_timing_path [file join $evidence_root CHECK_TIMING.rpt]
#   check_timing -verbose -file $check_timing_path
#   report_drc -file [file join $evidence_root DRC.rpt]
#   set cdc_path [file join $evidence_root CDC.rpt]
#   report_cdc -details -file $cdc_path
#   set bus_skew_path [file join $evidence_root BUS_SKEW.rpt]
#   report_bus_skew -warn_on_violation -file $bus_skew_path
#   report_exceptions -coverage -file [file join $evidence_root EXCEPTION_COVERAGE.rpt]
#   report_clocks -file [file join $evidence_root CLOCKS.rpt]
#   report_clock_utilization -file [file join $evidence_root CLOCK_UTILIZATION.rpt]
#   report_clock_interaction -file [file join $evidence_root CLOCK_INTERACTION.rpt]
#   report_ram_utilization -file [file join $evidence_root RAM_UTILIZATION.rpt]
#   set congestion_path [file join $evidence_root CONGESTION.rpt]
#   report_design_analysis -congestion -min_congestion_level 5 -file $congestion_path
#   report_methodology -file [file join $evidence_root METHODOLOGY.rpt]
#   report_property -file [file join $evidence_root ROUTED_DESIGN_PROPERTIES.txt] [current_design]
#   set final_metrics [resource_metrics ROUTED]
#   report_utilization -hierarchical -hierarchical_depth 20 \
#     -file [file join $evidence_root ROUTED_UTILIZATION_HIER.rpt]
# 
#   # Re-resolve every active project-owned CDC/XDC collection in the routed
#   # netlist.  Textual constraint identity is insufficient: empty queries are
#   # an implementation-gate failure even if a generic report is otherwise
#   # clean.  Source/destination widths must also remain paired.
#   set cfg_src [get_cells -quiet -hier -regexp {.*MAILBOX/cfg_hold_pcie_reg\[[0-9]+\]}]
#   set cfg_dst [get_cells -quiet -hier -regexp {.*MAILBOX/nvp_cfg_(abort|arm|capture_generation|clear_errors|line_count_requested|single_line|target_line|window_16_lines)_reg(\[[0-9]+\])?}]
#   set status_src [get_cells -quiet -hier -regexp {.*MAILBOX/status_hold_nvp_reg\[[0-9]+\]}]
#   set status_dst [get_cells -quiet -hier -regexp {.*MAILBOX/status_bus_pcie_reg\[[0-9]+\]}]
#   set toggle_first_stages [get_cells -quiet -hier -regexp {.*(MAILBOX/(cfg_req_sync1_nvp|cfg_ack_sync1_pcie|status_req_sync1_pcie|status_ack_sync1_nvp)_reg|BAR_TARGET/(release_sync1_reg|commit_sync1_reg)(\[[0-9]+\])?)}]
#   set toggle_first_d [get_pins -quiet -of_objects $toggle_first_stages -filter {REF_PIN_NAME == D}]
#   set diag_gray_sources [get_cells -quiet -hier -regexp {.*(active_sav_gray_nvp_reg|slot_commit_gray_nvp_reg|vclk_edge_gray_nvp_reg)\[[0-9]+\]}]
#   set diag_gray_first_stages [get_cells -quiet -hier -regexp {.*(active_sav_gray_sync1_pcie_reg|slot_commit_gray_sync1_pcie_reg|vclk_edge_gray_sync1_user_reg)\[[0-9]+\]}]
#   set diag_gray_first_d [get_pins -quiet -of_objects $diag_gray_first_stages -filter {REF_PIN_NAME == D}]
#   set nvp_init_async_reset_pins [get_pins -quiet -hier -regexp {.*(NVP_PHYSICAL_FRONTEND/ingress_reset_sync_reg\[[0-9]+\]/PRE|nvp_ready_sync_reg\[[0-9]+\]/CLR)}]
#   set pcie_refclk_ibufs [get_cells -quiet -hier PCIE_REFCLK_IBUF]
#   set gt_channels [get_cells -quiet -hier -filter {REF_NAME == GTPE2_CHANNEL}]
#   set gt_commons [get_cells -quiet -hier -filter {REF_NAME == GTPE2_COMMON}]
#   set pcie_hard_blocks [get_cells -quiet -hier -filter {REF_NAME == PCIE_2_1}]
# 
#   set cfg_src_count [llength $cfg_src]
#   set cfg_dst_count [llength $cfg_dst]
#   set status_src_count [llength $status_src]
#   set status_dst_count [llength $status_dst]
#   set toggle_first_stage_count [llength $toggle_first_stages]
#   set toggle_first_d_count [llength $toggle_first_d]
#   set diag_gray_source_count [llength $diag_gray_sources]
#   set diag_gray_first_d_count [llength $diag_gray_first_d]
#   set nvp_init_async_reset_pin_count [llength $nvp_init_async_reset_pins]
#   set pcie_refclk_ibuf_count [llength $pcie_refclk_ibufs]
#   set gt_channel_count [llength $gt_channels]
#   set gt_common_count [llength $gt_commons]
#   set pcie_hard_block_count [llength $pcie_hard_blocks]
#   write_lines [file join $evidence_root G2A_ROUTED_XDC_CDC_OBJECT_COVERAGE.txt] [list \
#     "CFG_SRC=$cfg_src_count" "CFG_DST=$cfg_dst_count" \
#     "STATUS_SRC=$status_src_count" "STATUS_DST=$status_dst_count" \
#     "TOGGLE_FIRST_STAGES=$toggle_first_stage_count" \
#     "TOGGLE_FIRST_D=$toggle_first_d_count" \
#     "DIAG_GRAY_SOURCES=$diag_gray_source_count" \
#     "DIAG_GRAY_FIRST_D=$diag_gray_first_d_count" \
#     "NVP_INIT_ASYNC_RESET_PINS=$nvp_init_async_reset_pin_count" \
#     "PCIE_REFCLK_IBUF=$pcie_refclk_ibuf_count" \
#     "GTPE2_CHANNEL=$gt_channel_count" "GTPE2_COMMON=$gt_common_count" \
#     "PCIE_2_1=$pcie_hard_block_count"]
# 
#   if {$cfg_src_count == 0 || $cfg_src_count != $cfg_dst_count ||
#       $status_src_count == 0 || $status_src_count != $status_dst_count ||
#       $toggle_first_stage_count == 0 || $toggle_first_stage_count != $toggle_first_d_count ||
#       $diag_gray_source_count == 0 || $diag_gray_source_count != $diag_gray_first_d_count ||
#       $nvp_init_async_reset_pin_count == 0 || $pcie_refclk_ibuf_count != 1 ||
#       $gt_channel_count != 1 || $gt_common_count != 1 || $pcie_hard_block_count != 1} {
#     set xdc_collection_gate FAIL
#     error "routed XDC/CDC collection gate failed; see G2A_ROUTED_XDC_CDC_OBJECT_COVERAGE.txt"
#   }
#   set xdc_collection_gate PASS
# 
#   report_timing -delay_type max -from $cfg_src -to $cfg_dst -max_paths 100 \
#     -file [file join $evidence_root MAX_DELAY_CFG.rpt]
#   report_timing -delay_type max -from $status_src -to $status_dst -max_paths 100 \
#     -file [file join $evidence_root MAX_DELAY_STATUS.rpt]
#   report_timing -delay_type max -from $diag_gray_sources -to $diag_gray_first_d -max_paths 100 \
#     -file [file join $evidence_root MAX_DELAY_DIAG_GRAY.rpt]
# 
#   set stage ROUTED_HARD_GATES
#   if {$fully_routed != 1 || $errors_in_routes != 0 || $unrouted_nets != 0 || $partial_nets != 0} {
#     set routing FAIL
#     error "route gate failed: fully=$fully_routed errors=$errors_in_routes unrouted=$unrouted_nets partial=$partial_nets"
#   }
#   set routing PASS
#   set congestion_text [read_text $congestion_path]
#   set placer_congestion_clear [regexp -nocase \
#     {No congestion windows are found above level 5} $congestion_text]
#   set router_congestion_clear [regexp -nocase \
#     {No initial estimated congestion windows are found above level 5} $congestion_text]
#   if {!$placer_congestion_clear || !$router_congestion_clear} {
#     set congestion_gate FAIL
#     error "congestion gate failed: unresolved level-5-or-higher hotspot"
#   }
#   set congestion_gate PASS
# 
#   set worst_setup [get_timing_paths -quiet -delay_type max -max_paths 1 -nworst 1]
#   set worst_hold [get_timing_paths -quiet -delay_type min -max_paths 1 -nworst 1]
#   if {[llength $worst_setup] != 1 || [llength $worst_hold] != 1} {
#     set timing_gate FAIL
#     error "required setup/hold timing path class is absent"
#   }
#   set wns [get_property SLACK $worst_setup]
#   set whs [get_property SLACK $worst_hold]
#   if {![string is double -strict $wns] || ![string is double -strict $whs]} {
#     set timing_gate FAIL
#     error "actual timing slack is not numeric"
#   }
#   set failing_setup [llength [get_timing_paths -quiet -delay_type max \
#     -slack_lesser_than 0.0 -max_paths 1 -nworst 1]]
#   set failing_hold [llength [get_timing_paths -quiet -delay_type min \
#     -slack_lesser_than 0.0 -max_paths 1 -nworst 1]]
#   set tns [expr {$failing_setup == 0 ? 0.0 : "NEGATIVE_SEE_TIMING_SUMMARY"}]
#   set ths [expr {$failing_hold == 0 ? 0.0 : "NEGATIVE_SEE_TIMING_SUMMARY"}]
#   if {$wns <= 0.0 || $whs <= 0.0 || $failing_setup != 0 || $failing_hold != 0} {
#     set timing_gate FAIL
#     error "timing gate failed: WNS=$wns TNS=$tns WHS=$whs THS=$ths"
#   }
#   set check_timing_text [read_text $check_timing_path]
#   set no_clock_count [check_timing_table_count $check_timing_text no_clock]
#   set unconstrained_internal_count \
#     [check_timing_table_count $check_timing_text unconstrained_internal_endpoints]
#   if {$no_clock_count eq "UNKNOWN" || $unconstrained_internal_count eq "UNKNOWN"} {
#     set timing_gate FAIL
#     error "check_timing did not expose required no_clock/unconstrained counts"
#   }
#   if {$no_clock_count != 0 || $unconstrained_internal_count != 0} {
#     set timing_gate FAIL
#     error "unconstrained critical timing gate failed: no_clock=$no_clock_count unconstrained_internal_endpoints=$unconstrained_internal_count"
#   }
#   set timing_gate PASS
# 
#   set drc_errors 0
#   set drc_critical_warnings 0
#   set drc_warnings 0
#   foreach violation [get_drc_violations -quiet] {
#     set severity [string toupper [get_property SEVERITY $violation]]
#     if {$severity eq "ERROR"} { incr drc_errors }
#     if {$severity eq "CRITICAL WARNING"} { incr drc_critical_warnings }
#     if {$severity eq "WARNING"} { incr drc_warnings }
#   }
#   if {$drc_errors != 0 || $drc_critical_warnings != 0} {
#     set drc_gate FAIL
#     error "DRC gate failed: errors=$drc_errors critical_warnings=$drc_critical_warnings"
#   }
#   set drc_gate PASS
# 
#   if {[catch {get_cdc_violations -quiet} cdc_violations]} {
#     set cdc_gate FAIL
#     error "CDC violation objects unavailable: $cdc_violations"
#   }
#   set cdc_critical 0
#   set cdc_unknown 0
#   set cdc_object_lines [list "CDC_VIOLATION_OBJECTS=[llength $cdc_violations]"]
#   foreach violation $cdc_violations {
#     set severity [string toupper [property_or_unknown SEVERITY $violation]]
#     if {$severity eq "CRITICAL" || $severity eq "CRITICAL WARNING"} { incr cdc_critical }
#     if {$severity eq "UNKNOWN"} { incr cdc_unknown }
#     lappend cdc_object_lines \
#       "CDC_VIOLATION=[get_property NAME $violation]|SEVERITY=$severity"
#   }
#   write_lines [file join $evidence_root CDC_VIOLATION_OBJECTS.txt] $cdc_object_lines
#   if {$cdc_unknown != 0} {
#     set cdc_gate FAIL
#     error "CDC gate failed: unknown=$cdc_unknown"
#   }
#   if {$cdc_critical == 0} {
#     set cdc_disposition NOT_REQUIRED
#   } else {
#     set cdc_critical_dispositioned \
#       [enforce_gen2_xdma_pipe_cdc_disposition $cdc_path $cdc_violations]
#     set cdc_disposition PASS_EXACT_GEN2_XDMA_PIPE_CLOCK_MUX
#   }
#   if {$cdc_critical_dispositioned != $cdc_critical} {
#     set cdc_gate FAIL
#     error "CDC gate failed: critical=$cdc_critical dispositioned=$cdc_critical_dispositioned"
#   }
#   set cdc_gate PASS
# 
#   set bus_skew_violations [regexp -all -nocase \
#     {Slack[ \t]*\([ \t]*VIOLATED[ \t]*\)} [read_text $bus_skew_path]]
#   set bus_skew_met_constraints [regexp -all -nocase \
#     {Slack[ \t]*\([ \t]*MET[ \t]*\)} [read_text $bus_skew_path]]
#   set bus_skew_text [read_text $bus_skew_path]
#   if {[catch {
#     enforce_named_bus_skew_constraint $bus_skew_text CONFIG \
#       {MAILBOX/cfg_hold_pcie_reg} {MAILBOX/nvp_cfg_}
#     enforce_named_bus_skew_constraint $bus_skew_text STATUS \
#       {MAILBOX/status_hold_nvp_reg} {MAILBOX/status_bus_pcie_reg}
#     enforce_named_bus_skew_constraint $bus_skew_text DIAG_GRAY \
#       {active_sav_gray_nvp_reg|slot_commit_gray_nvp_reg|vclk_edge_gray_nvp_reg} \
#       {active_sav_gray_sync1_pcie_reg|slot_commit_gray_sync1_pcie_reg|vclk_edge_gray_sync1_user_reg}
#   } bus_skew_failure] || $bus_skew_violations != 0 || $bus_skew_met_constraints < 3} {
#     set bus_skew_gate FAIL
#     error "bus-skew gate failed: violations=$bus_skew_violations met=$bus_skew_met_constraints detail=$bus_skew_failure"
#   }
#   set bus_skew_gate PASS
# 
#   set black_boxes [get_cells -quiet -hier -filter {IS_BLACKBOX == 1}]
#   set black_box_count [llength $black_boxes]
#   set black_box_lines [list "BLACK_BOX_COUNT=$black_box_count"]
#   foreach cell $black_boxes {
#     lappend black_box_lines "BLACK_BOX=[get_property NAME $cell]|REF_NAME=[property_or_unknown REF_NAME $cell]"
#   }
#   lappend black_box_lines "BLACK_BOX_GATE=[expr {$black_box_count == 0 ? {PASS} : {FAIL}}]"
#   write_lines [file join $evidence_root BLACK_BOXES.txt] $black_box_lines
#   if {$black_box_count != 0} {
#     set black_box_gate FAIL
#     error "unresolved black-box gate failed: count=$black_box_count"
#   }
#   set black_box_gate PASS
# 
#   if {[catch {enforce_resource_gate ROUTED $final_metrics} resource_failure]} {
#     set resource_gate FAIL
#     error $resource_failure
#   }
#   set resource_gate PASS
#   set bufg_used [llength [get_cells -quiet -hier -filter {REF_NAME =~ BUFG*}]]
#   set mmcm_used [llength [get_cells -quiet -hier -filter {REF_NAME =~ MMCM*}]]
#   set pll_used [llength [get_cells -quiet -hier -filter {REF_NAME =~ PLL*}]]
#   set routed_dcp_path [file join $evidence_root G2A_ROUTED.dcp]
#   write_checkpoint -force $routed_dcp_path
#   set routed_dcp_sha [sha256_file $routed_dcp_path]
# 
#   # The exported XDMA axi_aclk is the application/user clock consumed by R1i.
#   # Resolve it from routed timing objects; interface metadata is not accepted
#   # as proof of its implementation frequency.
#   set nvp_clock_pins [get_pins -quiet -hier -regexp {.*NVP_AUTOINIT.*/C}]
#   set axi_bridge_clock_pins [get_pins -quiet -hier -regexp {.*AXI_LITE_HOST_BRIDGE.*/C}]
#   set nvp_clock_pin_count [llength $nvp_clock_pins]
#   set axi_bridge_clock_pin_count [llength $axi_bridge_clock_pins]
#   set nvp_application_clocks [unique_objects_by_name \
#     [get_clocks -quiet -of_objects $nvp_clock_pins]]
#   set axi_application_clocks [unique_objects_by_name \
#     [get_clocks -quiet -of_objects $axi_bridge_clock_pins]]
#   set nvp_application_clock_names [list]
#   foreach clock_object $nvp_application_clocks {
#     lappend nvp_application_clock_names [get_property NAME $clock_object]
#   }
#   set nvp_application_clock_names [lsort $nvp_application_clock_names]
#   set axi_application_clock_names [list]
#   foreach clock_object $axi_application_clocks {
#     lappend axi_application_clock_names [get_property NAME $clock_object]
#   }
#   set axi_application_clock_names [lsort $axi_application_clock_names]
#   set axi_clock_objects [unique_objects_by_name [concat \
#     [clocks_for_pattern *axi_aclk*] \
#     [get_clocks -quiet userclk1] \
#     $nvp_application_clocks $axi_application_clocks]]
#   set clock_binding AXI_ACLK_NET_PIN_PLUS_PROTECTED_CONSUMERS_AND_USERCLK1
#   set routed_clock_object_count [llength $axi_clock_objects]
#   set clock_receipt [list \
#     "XCI_REQUESTED_AXISTEN_FREQ=[get_property CONFIG.axisten_freq $xdma_ip]" \
#     "XCI_REQUESTED_FREE_RUN_FREQ=[get_property CONFIG.free_run_freq $xdma_ip]" \
#     "CLOCK_BINDING=$clock_binding" \
#     "NVP_AUTOINIT_CLOCK_PIN_COUNT=$nvp_clock_pin_count" \
#     "NVP_AUTOINIT_CLOCK_OBJECTS=[join $nvp_application_clock_names ,]" \
#     "AXI_BRIDGE_CLOCK_PIN_COUNT=$axi_bridge_clock_pin_count" \
#     "AXI_BRIDGE_CLOCK_OBJECTS=[join $axi_application_clock_names ,]" \
#     "AXI_USER_CLOCK_OBJECT_COUNT=$routed_clock_object_count"]
#   if {$nvp_clock_pin_count == 0 || $axi_bridge_clock_pin_count == 0 ||
#       [llength $nvp_application_clocks] == 0 || [llength $axi_application_clocks] == 0 ||
#       $nvp_application_clock_names ne $axi_application_clock_names ||
#       $routed_clock_object_count == 0} {
#     set clock_gate BLOCKED
#     lappend clock_receipt "EFFECTIVE_AXI_CLOCK_MHZ=UNKNOWN" \
#       "EFFECTIVE_USER_CLOCK_MHZ=UNKNOWN" "CLOCK_GATE=BLOCKED" \
#       "CLOCK_BLOCKER=GEN2_CHANGED_APPLICATION_CLOCK"
#     write_lines [file join $evidence_root G2A_CLOCK_OBJECT_RECEIPT.txt] $clock_receipt
#     error "BLOCKED - GEN2_CHANGED_APPLICATION_CLOCK: routed axi_aclk timing object unavailable"
#   }
#   set clock_index 0
#   set first_frequency UNKNOWN
#   set clock_frequency_mismatch 0
#   foreach clock_object $axi_clock_objects {
#     set period [get_property PERIOD $clock_object]
#     if {![string is double -strict $period] || $period <= 0.0} {
#       lappend clock_receipt "CLOCK_${clock_index}_PERIOD=INVALID"
#       set clock_frequency_mismatch 1
#       incr clock_index
#       continue
#     }
#     set frequency [expr {1000.0 / $period}]
#     if {$first_frequency eq "UNKNOWN"} { set first_frequency $frequency }
#     if {abs($frequency - $expected_user_clock_mhz) > $clock_tolerance_mhz} {
#       set clock_frequency_mismatch 1
#     }
#     lappend clock_receipt \
#       "CLOCK_${clock_index}_NAME=[get_property NAME $clock_object]" \
#       "CLOCK_${clock_index}_PERIOD_NS=[format %.6f $period]" \
#       "CLOCK_${clock_index}_FREQUENCY_MHZ=[format %.6f $frequency]" \
#       "CLOCK_${clock_index}_SOURCE_PINS=[property_or_unknown SOURCE_PINS $clock_object]" \
#       "CLOCK_${clock_index}_WAVEFORM=[property_or_unknown WAVEFORM $clock_object]"
#     incr clock_index
#   }
#   if {$first_frequency ne "UNKNOWN"} {
#     set effective_axi_clock_mhz [format %.6f $first_frequency]
#     set effective_user_clock_mhz $effective_axi_clock_mhz
#   }
#   if {$clock_frequency_mismatch} {
#     set clock_gate BLOCKED
#     lappend clock_receipt "EFFECTIVE_AXI_CLOCK_MHZ=$effective_axi_clock_mhz" \
#       "EFFECTIVE_USER_CLOCK_MHZ=$effective_user_clock_mhz" "CLOCK_GATE=BLOCKED" \
#       "CLOCK_BLOCKER=GEN2_CHANGED_APPLICATION_CLOCK"
#     write_lines [file join $evidence_root G2A_CLOCK_OBJECT_RECEIPT.txt] $clock_receipt
#     error "BLOCKED - GEN2_CHANGED_APPLICATION_CLOCK: routed application clock is not approximately 62.5 MHz"
#   }
#   lappend clock_receipt "EFFECTIVE_AXI_CLOCK_MHZ=$effective_axi_clock_mhz" \
#     "EFFECTIVE_USER_CLOCK_MHZ=$effective_user_clock_mhz" \
#     "EXPECTED_APPLICATION_CLOCK_MHZ=$expected_user_clock_mhz" \
#     "CLOCK_TOLERANCE_MHZ=$clock_tolerance_mhz" "CLOCK_GATE=PASS"
#   write_lines [file join $evidence_root G2A_CLOCK_OBJECT_RECEIPT.txt] $clock_receipt
#   set clock_gate PASS
# 
#   foreach action {SYNTH_DESIGN OPT_DESIGN PLACE_DESIGN PHYS_OPT_DESIGN ROUTE_DESIGN} {
#     if {[dict get $action_counts $action] != 1} { error "flow invocation count mismatch for $action" }
#   }
#   if {[dict get $action_counts WRITE_BITSTREAM] != 0 ||
#       [dict get $action_counts WRITE_DEBUG_PROBES] != 0} {
#     error "output writers ran before all hard gates passed"
#   }
# 
#   if {[git_value rev-parse HEAD] ne $source_commit ||
#       [git_value rev-parse {HEAD^{tree}}] ne $source_tree ||
#       [git_value symbolic-ref --short HEAD] ne $expected_branch ||
#       [git_value status --porcelain --untracked-files=all] ne ""} {
#     error "source commit/tree/branch/cleanliness changed before bitstream"
#   }
# 
#   write_lines [file join $evidence_root G2A_PRE_BITSTREAM_HARD_GATE.txt] [list \
#     "SOURCE_COMMIT=$source_commit" "SOURCE_TREE=$source_tree" \
#     "SOURCE_TO_BIT_PROVENANCE=PASS" \
#     "PROJECT_CREATION=$project_creation" "IP_GENERATION=$ip_generation" \
#     "SYNTHESIS=$synthesis" "OPTIMIZATION=$optimization" \
#     "PLACEMENT=$placement" "PHYSICAL_OPTIMIZATION=$physical_optimization" \
#     "ROUTING=$routing" "FULLY_ROUTED=$fully_routed" \
#     "ERRORS_IN_ROUTES=$errors_in_routes" "UNROUTED_NETS=$unrouted_nets" \
#     "PARTIAL_NETS=$partial_nets" "WNS=$wns" "TNS=$tns" \
#     "WHS=$whs" "THS=$ths" "NO_CLOCK_COUNT=$no_clock_count" \
#     "UNCONSTRAINED_INTERNAL_ENDPOINTS=$unconstrained_internal_count" \
#     "DRC_ERRORS=$drc_errors" "DRC_CRITICAL_WARNINGS=$drc_critical_warnings" \
#     "CDC_CRITICAL=$cdc_critical" "CDC_UNKNOWN=$cdc_unknown" \
#     "BUS_SKEW_VIOLATIONS=$bus_skew_violations" \
#     "BUS_SKEW_MET_CONSTRAINTS=$bus_skew_met_constraints" \
#     "BLACK_BOX_COUNT=$black_box_count" "CLOCK_GATE=$clock_gate" \
#     "XDC_COLLECTION_GATE=$xdc_collection_gate" \
#     "RESOURCE_GATE=$resource_gate" "CONGESTION_GATE=$congestion_gate" \
#     "SYNTH_DCP_SHA256=$synth_dcp_sha" \
#     "POST_OPT_DCP_SHA256=$post_opt_dcp_sha" \
#     "ROUTED_DCP_SHA256=$routed_dcp_sha" "RESULT=PASS"]
# 
#   set stage WRITE_BITSTREAM
#   record_action WRITE_BITSTREAM
#   write_bitstream $bit_path
#   if {![file isfile $bit_path] || [file size $bit_path] == 0} {
#     error "bitstream missing or empty after write_bitstream"
#   }
#   set bit_generated YES
#   set bit_sha [sha256_file $bit_path]
# 
#   # A design can legitimately contain no debug probes.  The attempt is
#   # mandatory; absence is explicitly receipted but is not a design gate.
#   set stage WRITE_DEBUG_PROBES
#   record_action WRITE_DEBUG_PROBES
#   if {[catch {write_debug_probes -force $ltx_path} ltx_failure]} {
#     set ltx_error [single_line $ltx_failure]
#   }
#   if {[file isfile $ltx_path] && [file size $ltx_path] > 0} {
#     set ltx_generated YES
#     set ltx_sha [sha256_file $ltx_path]
#   }
#   write_lines [file join $evidence_root G2A_DEBUG_PROBES_RECEIPT.txt] [list \
#     "LTX_PATH=$ltx_path" "WRITE_DEBUG_PROBES_ATTEMPTED=YES" \
#     "LTX_PRODUCED=$ltx_generated" "LTX_SHA256=$ltx_sha" "LTX_ERROR=$ltx_error"]
# 
#   if {[git_value rev-parse HEAD] ne $source_commit ||
#       [git_value rev-parse {HEAD^{tree}}] ne $source_tree ||
#       [git_value symbolic-ref --short HEAD] ne $expected_branch ||
#       [git_value status --porcelain --untracked-files=all] ne ""} {
#     error "source commit/tree/branch/cleanliness changed after build"
#   }
#   set source_post_build PASS
#   set stage COMPLETE
# } build_failure build_options]
# set terminal_lines [list \
#   "TASK=AHD_V41_G2A_R1I_GEN2_OFFLINE_INTEGRATION" \
#   "EXECUTION_MODE=$execution_mode" "STAGE=$stage" \
#   "SOURCE_COMMIT=$source_commit" "SOURCE_TREE=$source_tree" \
#   "QUALIFIED_BASE_COMMIT=$qualified_base_commit" \
#   "QUALIFIED_BASE_TREE=$qualified_base_tree" \
#   "INTEGRATION_BRANCH=$expected_branch" \
#   "VIVADO_VERSION=$vivado_version" "VIVADO_SW_BUILD=$vivado_sw_build" \
#   "PROJECT_CREATION=$project_creation" "IP_GENERATION=$ip_generation" \
#   "XDMA_CONFIG_PROPERTY_COUNT=$ip_config_property_count" \
#   "SYNTHESIS=$synthesis" "OPTIMIZATION=$optimization" \
#   "PLACEMENT=$placement" "PHYSICAL_OPTIMIZATION=$physical_optimization" \
#   "ROUTING=$routing" "FULLY_ROUTED=$fully_routed" \
#   "ERRORS_IN_ROUTES=$errors_in_routes" "UNROUTED_NETS=$unrouted_nets" \
#   "PARTIAL_NETS=$partial_nets" "TIMING_GATE=$timing_gate" \
#   "WNS=$wns" "TNS=$tns" "WHS=$whs" "THS=$ths" \
#   "FAILING_SETUP_PATHS=$failing_setup" "FAILING_HOLD_PATHS=$failing_hold" \
#   "NO_CLOCK_COUNT=$no_clock_count" \
#   "UNCONSTRAINED_INTERNAL_ENDPOINTS=$unconstrained_internal_count" \
#   "DRC_GATE=$drc_gate" "DRC_ERRORS=$drc_errors" \
#   "DRC_CRITICAL_WARNINGS=$drc_critical_warnings" "DRC_WARNINGS=$drc_warnings" \
#   "CDC_GATE=$cdc_gate" "CDC_CRITICAL=$cdc_critical" "CDC_UNKNOWN=$cdc_unknown" \
#   "CDC_CRITICAL_DISPOSITIONED=$cdc_critical_dispositioned" \
#   "CDC_DISPOSITION=$cdc_disposition" \
#   "BUS_SKEW_GATE=$bus_skew_gate" "BUS_SKEW_VIOLATIONS=$bus_skew_violations" \
#   "BUS_SKEW_MET_CONSTRAINTS=$bus_skew_met_constraints" \
#   "BLACK_BOX_GATE=$black_box_gate" "BLACK_BOX_COUNT=$black_box_count" \
#   "CLOCK_GATE=$clock_gate" "ROUTED_CLOCK_OBJECT_COUNT=$routed_clock_object_count" \
#   "NVP_AUTOINIT_CLOCK_PIN_COUNT=$nvp_clock_pin_count" \
#   "AXI_BRIDGE_CLOCK_PIN_COUNT=$axi_bridge_clock_pin_count" \
#   "EFFECTIVE_USER_CLOCK_MHZ=$effective_user_clock_mhz" \
#   "EFFECTIVE_AXI_CLOCK_MHZ=$effective_axi_clock_mhz" \
#   "XDC_COLLECTION_GATE=$xdc_collection_gate" \
#   "CFG_SRC=$cfg_src_count" "CFG_DST=$cfg_dst_count" \
#   "STATUS_SRC=$status_src_count" "STATUS_DST=$status_dst_count" \
#   "TOGGLE_FIRST_STAGES=$toggle_first_stage_count" "TOGGLE_FIRST_D=$toggle_first_d_count" \
#   "DIAG_GRAY_SOURCES=$diag_gray_source_count" "DIAG_GRAY_FIRST_D=$diag_gray_first_d_count" \
#   "NVP_INIT_ASYNC_RESET_PINS=$nvp_init_async_reset_pin_count" \
#   "PCIE_REFCLK_IBUF=$pcie_refclk_ibuf_count" \
#   "GTPE2_CHANNEL=$gt_channel_count" "GTPE2_COMMON=$gt_common_count" \
#   "PCIE_2_1=$pcie_hard_block_count" \
#   "RESOURCE_GATE=$resource_gate" "BUFG_USED=$bufg_used" \
#   "CONGESTION_GATE=$congestion_gate" \
#   "MMCM_USED=$mmcm_used" "PLL_USED=$pll_used" \
#   "SYNTH_DCP_SHA256=$synth_dcp_sha" \
#   "POST_OPT_DCP_SHA256=$post_opt_dcp_sha" \
#   "ROUTED_DCP_SHA256=$routed_dcp_sha" \
#   "BITSTREAM_PATH=$bit_path" "BITSTREAM_PRODUCED=$bit_generated" \
#   "BITSTREAM_SHA256=$bit_sha" "LTX_PATH=$ltx_path" \
#   "LTX_PRODUCED=$ltx_generated" "LTX_SHA256=$ltx_sha" \
#   "SOURCE_POST_BUILD=$source_post_build" "CHECKPOINT_REUSE=NO" \
#   "HARDWARE_ACCESSED=NO" "C2H_DATA_PLANE_IMPLEMENTED=NO" "G2B_STARTED=NO"]
# if {[dict size $post_opt_metrics] != 0} {
#   foreach key {LUT_USED LUT_AVAILABLE LUT_PERCENT FF_USED FF_AVAILABLE FF_PERCENT BRAM_USED BRAM_AVAILABLE BRAM_PERCENT DSP_USED DSP_AVAILABLE DSP_PERCENT} {
#     set value [dict get $post_opt_metrics $key]
#     if {[string match *_PERCENT $key]} { set value [format %.3f $value] }
#     lappend terminal_lines "POST_OPT_${key}=$value"
#   }
# }
# if {[dict size $final_metrics] != 0} {
#   foreach key {LUT_USED LUT_AVAILABLE LUT_PERCENT FF_USED FF_AVAILABLE FF_PERCENT BRAM_USED BRAM_AVAILABLE BRAM_PERCENT DSP_USED DSP_AVAILABLE DSP_PERCENT} {
#     set value [dict get $final_metrics $key]
#     if {[string match *_PERCENT $key]} { set value [format %.3f $value] }
#     lappend terminal_lines "ROUTED_${key}=$value"
#   }
# }
# dict for {key value} $action_counts { lappend terminal_lines "$key=$value" }
# if {$build_result != 0} {
#   # Record whether the source stayed sealed even on a failed tool/design gate.
#   set failure_source_identity FAIL
#   if {![catch {
#     expr {[git_value rev-parse HEAD] eq $source_commit &&
#           [git_value rev-parse {HEAD^{tree}}] eq $source_tree &&
#           [git_value symbolic-ref --short HEAD] eq $expected_branch &&
#           [git_value status --porcelain --untracked-files=all] eq ""}
#   } failure_source_ok] && $failure_source_ok} {
#     set failure_source_identity PASS
#   }
#   lappend terminal_lines "SOURCE_IDENTITY_AFTER_FAILURE=$failure_source_identity" \
#     "BUILD=FAIL" "ERROR=[single_line $build_failure]"
#   if {[dict exists $build_options -errorinfo]} {
#     lappend terminal_lines "ERROR_INFO=[single_line [dict get $build_options -errorinfo]]"
#   }
#   write_lines [file join $evidence_root G2A_BUILD_RESULT.txt] $terminal_lines
#   puts stderr "G2A_BUILD_FAIL: $build_failure"
#   catch {close_project}
#   exit 1
# }
# foreach action {SYNTH_DESIGN OPT_DESIGN PLACE_DESIGN PHYS_OPT_DESIGN ROUTE_DESIGN WRITE_BITSTREAM WRITE_DEBUG_PROBES} {
#   if {[dict get $action_counts $action] != 1} {
#     lappend terminal_lines "BUILD=FAIL" "ERROR=terminal operation-count mismatch for $action"
#     write_lines [file join $evidence_root G2A_BUILD_RESULT.txt] $terminal_lines
#     catch {close_project}
#     exit 1
#   }
# }
# lappend terminal_lines "BUILD=PASS" "SOURCE_TO_BIT_PROVENANCE=PASS"
# write_lines [file join $evidence_root G2A_BUILD_RESULT.txt] $terminal_lines
# catch {close_project}
close_project: Time (s): cpu = 00:00:11 ; elapsed = 00:00:15 . Memory (MB): peak = 3575.801 ; gain = 0.000
# puts "G2A_BUILD_PASS BITSTREAM_SHA256=$bit_sha LTX_PRODUCED=$ltx_generated LTX_SHA256=$ltx_sha"
G2A_BUILD_PASS BITSTREAM_SHA256=4F74CC4AC8619B7509D46D74ED919FA81C5C9CC69D7BBDF6F34ED46D363E341E LTX_PRODUCED=NO LTX_SHA256=NONE
# exit 0
INFO: [Common 17-206] Exiting Vivado at Fri Aug 28 08:26:43 2026...
