sample_index,relative_cycles_from_trigger,relative_time_ns,sda_stage1,sda_stage2,sda_filtered,scl_stage1,scl_stage2,scl_filtered,sda_drive_low,scl_drive_low,ack_decision_strobe,ack_value_used,first_nack_event,first_nack_latched,nvp_reset,vdd1_enable,vdd3_enable,init_active,bit_index,byte_phase,fsm_state,operation_index,current_tx_byte,init_done,init_error,first_error_code,first_error_valid,raw_hex
2048,-1024,-16384,0,0,0,1,1,1,1,0,0,1,0,0,1,1,1,1,0,1,6,31,96,0,0,0,0,0x000601F06010F278
2049,-1023,-16368,0,0,0,1,1,1,1,0,0,1,0,0,1,1,1,1,0,1,6,31,96,0,0,0,0,0x000601F06010F278
2050,-1022,-16352,0,0,0,1,1,1,1,0,0,1,0,0,1,1,1,1,0,1,6,31,96,0,0,0,0,0x000601F06010F278
2051,-1021,-16336,0,0,0,1,1,1,1,0,0,1,0,0,1,1,1,1,0,1,6,31,96,0,0,0,0,0x000601F06010F278
2052,-1020,-16320,0,0,0,1,1,1,1,0,0,1,0,0,1,1,1,1,0,1,6,31,96,0,0,0,0,0x000601F06010F278
2053,-1019,-16304,0,0,0,1,1,1,1,0,0,1,0,0,1,1,1,1,0,1,6,31,96,0,0,0,0,0x000601F06010F278
2054,-1018,-16288,0,0,0,1,1,1,1,0,0,1,0,0,1,1,1,1,0,1,6,31,96,0,0,0,0,0x000601F06010F278
2055,-1017,-16272,0,0,0,1,1,1,1,0,0,1,0,0,1,1,1,1,0,1,6,31,96,0,0,0,0,0x000601F06010F278
2056,-1016,-16256,0,0,0,1,1,1,1,0,0,1,0,0,1,1,1,1,0,1,6,31,96,0,0,0,0,0x000601F06010F278
2057,-1015,-16240,0,0,0,1,1,1,1,0,0,1,0,0,1,1,1,1,0,1,6,31,96,0,0,0,0,0x000601F06010F278
2058,-1014,-16224,0,0,0,1,1,1,1,0,0,1,0,0,1,1,1,1,0,1,6,31,96,0,0,0,0,0x000601F06010F278
2059,-1013,-16208,0,0,0,1,1,1,1,0,0,1,0,0,1,1,1,1,0,1,6,31,96,0,0,0,0,0x000601F06010F278
2060,-1012,-16192,0,0,0,1,1,1,1,0,0,1,0,0,1,1,1,1,0,1,6,31,96,0,0,0,0,0x000601F06010F278
2061,-1011,-16176,0,0,0,1,1,1,1,0,0,1,0,0,1,1,1,1,0,1,6,31,96,0,0,0,0,0x000601F06010F278
2062,-1010,-16160,0,0,0,1,1,1,1,0,0,1,0,0,1,1,1,1,0,1,6,31,96,0,0,0,0,0x000601F06010F278
2063,-1009,-16144,0,0,0,1,1,1,1,0,0,1,0,0,1,1,1,1,0,1,6,31,96,0,0,0,0,0x000601F06010F278
2064,-1008,-16128,0,0,0,1,1,1,1,0,0,1,0,0,1,1,1,1,0,1,6,31,96,0,0,0,0,0x000601F06010F278
2065,-1007,-16112,0,0,0,1,1,1,1,0,0,1,0,0,1,1,1,1,0,1,6,31,96,0,0,0,0,0x000601F06010F278
2066,-1006,-16096,0,0,0,1,1,1,1,0,0,1,0,0,1,1,1,1,0,1,6,31,96,0,0,0,0,0x000601F06010F278
2067,-1005,-16080,0,0,0,1,1,1,1,0,0,1,0,0,1,1,1,1,0,1,6,31,96,0,0,0,0,0x000601F06010F278
2068,-1004,-16064,0,0,0,1,1,1,1,0,0,1,0,0,1,1,1,1,0,1,6,31,96,0,0,0,0,0x000601F06010F278
2069,-1003,-16048,0,0,0,1,1,1,1,0,0,1,0,0,1,1,1,1,0,1,6,31,96,0,0,0,0,0x000601F06010F278
2070,-1002,-16032,0,0,0,1,1,1,1,0,0,1,0,0,1,1,1,1,0,1,6,31,96,0,0,0,0,0x000601F06010F278
2071,-1001,-16016,0,0,0,1,1,1,1,0,0,1,0,0,1,1,1,1,0,1,6,31,96,0,0,0,0,0x000601F06010F278
2072,-1000,-16000,0,0,0,1,1,1,1,0,0,1,0,0,1,1,1,1,0,1,6,31,96,0,0,0,0,0x000601F06010F278
2073,-999,-15984,0,0,0,1,1,1,1,0,0,1,0,0,1,1,1,1,0,1,6,31,96,0,0,0,0,0x000601F06010F278
2074,-998,-15968,0,0,0,1,1,1,1,0,0,1,0,0,1,1,1,1,0,1,6,31,96,0,0,0,0,0x000601F06010F278
2075,-997,-15952,0,0,0,1,1,1,1,0,0,1,0,0,1,1,1,1,0,1,6,31,96,0,0,0,0,0x000601F06010F278
2076,-996,-15936,0,0,0,1,1,1,1,0,0,1,0,0,1,1,1,1,0,1,6,31,96,0,0,0,0,0x000601F06010F278
2077,-995,-15920,0,0,0,1,1,1,1,0,0,1,0,0,1,1,1,1,0,1,6,31,96,0,0,0,0,0x000601F06010F278
2078,-994,-15904,0,0,0,1,1,1,1,0,0,1,0,0,1,1,1,1,0,1,6,31,96,0,0,0,0,0x000601F06010F278
2079,-993,-15888,0,0,0,1,1,1,1,0,0,1,0,0,1,1,1,1,0,1,6,31,96,0,0,0,0,0x000601F06010F278
2080,-992,-15872,0,0,0,1,1,1,1,0,0,1,0,0,1,1,1,1,0,1,6,31,96,0,0,0,0,0x000601F06010F278
2081,-991,-15856,0,0,0,1,1,1,1,0,0,1,0,0,1,1,1,1,0,1,6,31,96,0,0,0,0,0x000601F06010F278
2082,-990,-15840,0,0,0,1,1,1,1,0,0,1,0,0,1,1,1,1,0,1,6,31,96,0,0,0,0,0x000601F06010F278
2083,-989,-15824,0,0,0,1,1,1,1,0,0,1,0,0,1,1,1,1,0,1,6,31,96,0,0,0,0,0x000601F06010F278
2084,-988,-15808,0,0,0,1,1,1,1,0,0,1,0,0,1,1,1,1,0,1,6,31,96,0,0,0,0,0x000601F06010F278
2085,-987,-15792,0,0,0,1,1,1,1,0,0,1,0,0,1,1,1,1,0,1,6,31,96,0,0,0,0,0x000601F06010F278
2086,-986,-15776,0,0,0,1,1,1,1,0,0,1,0,0,1,1,1,1,0,1,6,31,96,0,0,0,0,0x000601F06010F278
2087,-985,-15760,0,0,0,1,1,1,1,0,0,1,0,0,1,1,1,1,0,1,6,31,96,0,0,0,0,0x000601F06010F278
2088,-984,-15744,0,0,0,1,1,1,1,0,0,1,0,0,1,1,1,1,0,1,6,31,96,0,0,0,0,0x000601F06010F278
2089,-983,-15728,0,0,0,1,1,1,1,0,0,1,0,0,1,1,1,1,0,1,6,31,96,0,0,0,0,0x000601F06010F278
2090,-982,-15712,0,0,0,1,1,1,1,0,0,1,0,0,1,1,1,1,0,1,6,31,96,0,0,0,0,0x000601F06010F278
2091,-981,-15696,0,0,0,1,1,1,1,0,0,1,0,0,1,1,1,1,0,1,6,31,96,0,0,0,0,0x000601F06010F278
2092,-980,-15680,0,0,0,1,1,1,1,0,0,1,0,0,1,1,1,1,0,1,6,31,96,0,0,0,0,0x000601F06010F278
2093,-979,-15664,0,0,0,1,1,1,1,0,0,1,0,0,1,1,1,1,0,1,6,31,96,0,0,0,0,0x000601F06010F278
2094,-978,-15648,0,0,0,1,1,1,1,0,0,1,0,0,1,1,1,1,0,1,6,31,96,0,0,0,0,0x000601F06010F278
2095,-977,-15632,0,0,0,1,1,1,1,0,0,1,0,0,1,1,1,1,0,1,6,31,96,0,0,0,0,0x000601F06010F278
2096,-976,-15616,0,0,0,1,1,1,1,0,0,1,0,0,1,1,1,1,0,1,6,31,96,0,0,0,0,0x000601F06010F278
2097,-975,-15600,0,0,0,1,1,1,1,0,0,1,0,0,1,1,1,1,0,1,6,31,96,0,0,0,0,0x000601F06010F278
2098,-974,-15584,0,0,0,1,1,1,1,0,0,1,0,0,1,1,1,1,0,1,6,31,96,0,0,0,0,0x000601F06010F278
2099,-973,-15568,0,0,0,1,1,1,1,0,0,1,0,0,1,1,1,1,0,1,6,31,96,0,0,0,0,0x000601F06010F278
2100,-972,-15552,0,0,0,1,1,1,1,0,0,1,0,0,1,1,1,1,0,1,6,31,96,0,0,0,0,0x000601F06010F278
2101,-971,-15536,0,0,0,1,1,1,1,0,0,1,0,0,1,1,1,1,0,1,6,31,96,0,0,0,0,0x000601F06010F278
2102,-970,-15520,0,0,0,1,1,1,1,0,0,1,0,0,1,1,1,1,0,1,6,31,96,0,0,0,0,0x000601F06010F278
2103,-969,-15504,0,0,0,1,1,1,1,0,0,1,0,0,1,1,1,1,0,1,6,31,96,0,0,0,0,0x000601F06010F278
2104,-968,-15488,0,0,0,1,1,1,1,0,0,1,0,0,1,1,1,1,0,1,6,31,96,0,0,0,0,0x000601F06010F278
2105,-967,-15472,0,0,0,1,1,1,1,0,0,1,0,0,1,1,1,1,0,1,6,31,96,0,0,0,0,0x000601F06010F278
2106,-966,-15456,0,0,0,1,1,1,1,0,0,1,0,0,1,1,1,1,0,1,6,31,96,0,0,0,0,0x000601F06010F278
2107,-965,-15440,0,0,0,1,1,1,1,0,0,1,0,0,1,1,1,1,0,1,6,31,96,0,0,0,0,0x000601F06010F278
2108,-964,-15424,0,0,0,1,1,1,1,0,0,1,0,0,1,1,1,1,0,1,6,31,96,0,0,0,0,0x000601F06010F278
2109,-963,-15408,0,0,0,1,1,1,1,0,0,1,0,0,1,1,1,1,0,1,6,31,96,0,0,0,0,0x000601F06010F278
2110,-962,-15392,0,0,0,1,1,1,1,0,0,1,0,0,1,1,1,1,0,1,6,31,96,0,0,0,0,0x000601F06010F278
2111,-961,-15376,0,0,0,1,1,1,1,0,0,1,0,0,1,1,1,1,0,1,6,31,96,0,0,0,0,0x000601F06010F278
2112,-960,-15360,0,0,0,1,1,1,1,0,0,1,0,0,1,1,1,1,0,1,6,31,96,0,0,0,0,0x000601F06010F278
2113,-959,-15344,0,0,0,1,1,1,1,0,0,1,0,0,1,1,1,1,0,1,6,31,96,0,0,0,0,0x000601F06010F278
2114,-958,-15328,0,0,0,1,1,1,1,0,0,1,0,0,1,1,1,1,0,1,6,31,96,0,0,0,0,0x000601F06010F278
2115,-957,-15312,0,0,0,1,1,1,1,0,0,1,0,0,1,1,1,1,0,1,6,31,96,0,0,0,0,0x000601F06010F278
2116,-956,-15296,0,0,0,1,1,1,1,0,0,1,0,0,1,1,1,1,0,1,6,31,96,0,0,0,0,0x000601F06010F278
2117,-955,-15280,0,0,0,1,1,1,1,0,0,1,0,0,1,1,1,1,0,1,6,31,96,0,0,0,0,0x000601F06010F278
2118,-954,-15264,0,0,0,1,1,1,1,0,0,1,0,0,1,1,1,1,0,1,6,31,96,0,0,0,0,0x000601F06010F278
2119,-953,-15248,0,0,0,1,1,1,1,0,0,1,0,0,1,1,1,1,0,1,6,31,96,0,0,0,0,0x000601F06010F278
2120,-952,-15232,0,0,0,1,1,1,1,0,0,1,0,0,1,1,1,1,0,1,6,31,96,0,0,0,0,0x000601F06010F278
2121,-951,-15216,0,0,0,1,1,1,1,0,0,1,0,0,1,1,1,1,0,1,6,31,96,0,0,0,0,0x000601F06010F278
2122,-950,-15200,0,0,0,1,1,1,1,0,0,1,0,0,1,1,1,1,0,1,6,31,96,0,0,0,0,0x000601F06010F278
2123,-949,-15184,0,0,0,1,1,1,1,0,0,1,0,0,1,1,1,1,0,1,6,31,96,0,0,0,0,0x000601F06010F278
2124,-948,-15168,0,0,0,1,1,1,1,0,0,1,0,0,1,1,1,1,0,1,6,31,96,0,0,0,0,0x000601F06010F278
2125,-947,-15152,0,0,0,1,1,1,1,0,0,1,0,0,1,1,1,1,0,1,6,31,96,0,0,0,0,0x000601F06010F278
2126,-946,-15136,0,0,0,1,1,1,1,0,0,1,0,0,1,1,1,1,0,1,6,31,96,0,0,0,0,0x000601F06010F278
2127,-945,-15120,0,0,0,1,1,1,1,0,0,1,0,0,1,1,1,1,0,1,6,31,96,0,0,0,0,0x000601F06010F278
2128,-944,-15104,0,0,0,1,1,1,1,0,0,1,0,0,1,1,1,1,0,1,6,31,96,0,0,0,0,0x000601F06010F278
2129,-943,-15088,0,0,0,1,1,1,1,0,0,1,0,0,1,1,1,1,0,1,6,31,96,0,0,0,0,0x000601F06010F278
2130,-942,-15072,0,0,0,1,1,1,1,0,0,1,0,0,1,1,1,1,0,1,6,31,96,0,0,0,0,0x000601F06010F278
2131,-941,-15056,0,0,0,1,1,1,1,0,0,1,0,0,1,1,1,1,0,1,6,31,96,0,0,0,0,0x000601F06010F278
2132,-940,-15040,0,0,0,1,1,1,1,0,0,1,0,0,1,1,1,1,0,1,6,31,96,0,0,0,0,0x000601F06010F278
2133,-939,-15024,0,0,0,1,1,1,1,0,0,1,0,0,1,1,1,1,0,1,6,31,96,0,0,0,0,0x000601F06010F278
2134,-938,-15008,0,0,0,1,1,1,1,0,0,1,0,0,1,1,1,1,0,1,6,31,96,0,0,0,0,0x000601F06010F278
2135,-937,-14992,0,0,0,1,1,1,1,0,0,1,0,0,1,1,1,1,0,1,6,31,96,0,0,0,0,0x000601F06010F278
2136,-936,-14976,0,0,0,1,1,1,1,0,0,1,0,0,1,1,1,1,0,1,6,31,96,0,0,0,0,0x000601F06010F278
2137,-935,-14960,0,0,0,1,1,1,1,0,0,1,0,0,1,1,1,1,0,1,6,31,96,0,0,0,0,0x000601F06010F278
2138,-934,-14944,0,0,0,1,1,1,1,0,0,1,0,0,1,1,1,1,0,1,6,31,96,0,0,0,0,0x000601F06010F278
2139,-933,-14928,0,0,0,1,1,1,1,0,0,1,0,0,1,1,1,1,0,1,6,31,96,0,0,0,0,0x000601F06010F278
2140,-932,-14912,0,0,0,1,1,1,1,0,0,1,0,0,1,1,1,1,0,1,6,31,96,0,0,0,0,0x000601F06010F278
2141,-931,-14896,0,0,0,1,1,1,1,0,0,1,0,0,1,1,1,1,0,1,6,31,96,0,0,0,0,0x000601F06010F278
2142,-930,-14880,0,0,0,1,1,1,1,0,0,1,0,0,1,1,1,1,0,1,6,31,96,0,0,0,0,0x000601F06010F278
2143,-929,-14864,0,0,0,1,1,1,1,0,0,1,0,0,1,1,1,1,0,1,6,31,96,0,0,0,0,0x000601F06010F278
2144,-928,-14848,0,0,0,1,1,1,1,0,0,1,0,0,1,1,1,1,0,1,6,31,96,0,0,0,0,0x000601F06010F278
2145,-927,-14832,0,0,0,1,1,1,1,0,0,1,0,0,1,1,1,1,0,1,6,31,96,0,0,0,0,0x000601F06010F278
2146,-926,-14816,0,0,0,1,1,1,1,0,0,1,0,0,1,1,1,1,0,1,6,31,96,0,0,0,0,0x000601F06010F278
2147,-925,-14800,0,0,0,1,1,1,1,0,0,1,0,0,1,1,1,1,0,1,6,31,96,0,0,0,0,0x000601F06010F278
2148,-924,-14784,0,0,0,1,1,1,1,0,0,1,0,0,1,1,1,1,0,1,6,31,96,0,0,0,0,0x000601F06010F278
2149,-923,-14768,0,0,0,1,1,1,1,0,0,1,0,0,1,1,1,1,0,1,6,31,96,0,0,0,0,0x000601F06010F278
2150,-922,-14752,0,0,0,1,1,1,1,0,0,1,0,0,1,1,1,1,0,1,6,31,96,0,0,0,0,0x000601F06010F278
2151,-921,-14736,0,0,0,1,1,1,1,0,0,1,0,0,1,1,1,1,0,1,6,31,96,0,0,0,0,0x000601F06010F278
2152,-920,-14720,0,0,0,1,1,1,1,0,0,1,0,0,1,1,1,1,0,1,6,31,96,0,0,0,0,0x000601F06010F278
2153,-919,-14704,0,0,0,1,1,1,1,0,0,1,0,0,1,1,1,1,0,1,6,31,96,0,0,0,0,0x000601F06010F278
2154,-918,-14688,0,0,0,1,1,1,1,0,0,1,0,0,1,1,1,1,0,1,6,31,96,0,0,0,0,0x000601F06010F278
2155,-917,-14672,0,0,0,1,1,1,1,0,0,1,0,0,1,1,1,1,0,1,6,31,96,0,0,0,0,0x000601F06010F278
2156,-916,-14656,0,0,0,1,1,1,1,0,0,1,0,0,1,1,1,1,0,1,6,31,96,0,0,0,0,0x000601F06010F278
2157,-915,-14640,0,0,0,1,1,1,1,0,0,1,0,0,1,1,1,1,0,1,6,31,96,0,0,0,0,0x000601F06010F278
2158,-914,-14624,0,0,0,1,1,1,1,0,0,1,0,0,1,1,1,1,0,1,6,31,96,0,0,0,0,0x000601F06010F278
2159,-913,-14608,0,0,0,1,1,1,1,0,0,1,0,0,1,1,1,1,0,1,6,31,96,0,0,0,0,0x000601F06010F278
2160,-912,-14592,0,0,0,1,1,1,1,0,0,1,0,0,1,1,1,1,0,1,6,31,96,0,0,0,0,0x000601F06010F278
2161,-911,-14576,0,0,0,1,1,1,1,0,0,1,0,0,1,1,1,1,0,1,6,31,96,0,0,0,0,0x000601F06010F278
2162,-910,-14560,0,0,0,1,1,1,1,0,0,1,0,0,1,1,1,1,0,1,6,31,96,0,0,0,0,0x000601F06010F278
2163,-909,-14544,0,0,0,1,1,1,1,0,0,1,0,0,1,1,1,1,0,1,6,31,96,0,0,0,0,0x000601F06010F278
2164,-908,-14528,0,0,0,1,1,1,1,0,0,1,0,0,1,1,1,1,0,1,6,31,96,0,0,0,0,0x000601F06010F278
2165,-907,-14512,0,0,0,1,1,1,1,0,0,1,0,0,1,1,1,1,0,1,6,31,96,0,0,0,0,0x000601F06010F278
2166,-906,-14496,0,0,0,1,1,1,1,0,0,1,0,0,1,1,1,1,0,1,6,31,96,0,0,0,0,0x000601F06010F278
2167,-905,-14480,0,0,0,1,1,1,1,0,0,1,0,0,1,1,1,1,0,1,6,31,96,0,0,0,0,0x000601F06010F278
2168,-904,-14464,0,0,0,1,1,1,1,0,0,1,0,0,1,1,1,1,0,1,6,31,96,0,0,0,0,0x000601F06010F278
2169,-903,-14448,0,0,0,1,1,1,1,0,0,1,0,0,1,1,1,1,0,1,6,31,96,0,0,0,0,0x000601F06010F278
2170,-902,-14432,0,0,0,1,1,1,1,0,0,1,0,0,1,1,1,1,0,1,6,31,96,0,0,0,0,0x000601F06010F278
2171,-901,-14416,0,0,0,1,1,1,1,0,0,1,0,0,1,1,1,1,0,1,6,31,96,0,0,0,0,0x000601F06010F278
2172,-900,-14400,0,0,0,1,1,1,1,0,0,1,0,0,1,1,1,1,0,1,6,31,96,0,0,0,0,0x000601F06010F278
2173,-899,-14384,0,0,0,1,1,1,1,0,0,1,0,0,1,1,1,1,0,1,6,31,96,0,0,0,0,0x000601F06010F278
2174,-898,-14368,0,0,0,1,1,1,1,0,0,1,0,0,1,1,1,1,0,1,6,31,96,0,0,0,0,0x000601F06010F278
2175,-897,-14352,0,0,0,1,1,1,1,0,0,1,0,0,1,1,1,1,0,1,6,31,96,0,0,0,0,0x000601F06010F278
2176,-896,-14336,0,0,0,1,1,1,1,0,0,1,0,0,1,1,1,1,0,1,6,31,96,0,0,0,0,0x000601F06010F278
2177,-895,-14320,0,0,0,1,1,1,1,0,0,1,0,0,1,1,1,1,0,1,6,31,96,0,0,0,0,0x000601F06010F278
2178,-894,-14304,0,0,0,1,1,1,1,0,0,1,0,0,1,1,1,1,0,1,6,31,96,0,0,0,0,0x000601F06010F278
2179,-893,-14288,0,0,0,1,1,1,1,0,0,1,0,0,1,1,1,1,0,1,6,31,96,0,0,0,0,0x000601F06010F278
2180,-892,-14272,0,0,0,1,1,1,1,0,0,1,0,0,1,1,1,1,0,1,6,31,96,0,0,0,0,0x000601F06010F278
2181,-891,-14256,0,0,0,1,1,1,1,0,0,1,0,0,1,1,1,1,0,1,6,31,96,0,0,0,0,0x000601F06010F278
2182,-890,-14240,0,0,0,1,1,1,1,0,0,1,0,0,1,1,1,1,0,1,6,31,96,0,0,0,0,0x000601F06010F278
2183,-889,-14224,0,0,0,1,1,1,1,0,0,1,0,0,1,1,1,1,0,1,6,31,96,0,0,0,0,0x000601F06010F278
2184,-888,-14208,0,0,0,1,1,1,1,0,0,1,0,0,1,1,1,1,0,1,6,31,96,0,0,0,0,0x000601F06010F278
2185,-887,-14192,0,0,0,1,1,1,1,0,0,1,0,0,1,1,1,1,0,1,6,31,96,0,0,0,0,0x000601F06010F278
2186,-886,-14176,0,0,0,1,1,1,1,0,0,1,0,0,1,1,1,1,0,1,6,31,96,0,0,0,0,0x000601F06010F278
2187,-885,-14160,0,0,0,1,1,1,1,0,0,1,0,0,1,1,1,1,0,1,6,31,96,0,0,0,0,0x000601F06010F278
2188,-884,-14144,0,0,0,1,1,1,1,0,0,1,0,0,1,1,1,1,0,1,6,31,96,0,0,0,0,0x000601F06010F278
2189,-883,-14128,0,0,0,1,1,1,1,0,0,1,0,0,1,1,1,1,0,1,6,31,96,0,0,0,0,0x000601F06010F278
2190,-882,-14112,0,0,0,1,1,1,1,0,0,1,0,0,1,1,1,1,0,1,6,31,96,0,0,0,0,0x000601F06010F278
2191,-881,-14096,0,0,0,1,1,1,1,0,0,1,0,0,1,1,1,1,0,1,6,31,96,0,0,0,0,0x000601F06010F278
2192,-880,-14080,0,0,0,1,1,1,1,0,0,1,0,0,1,1,1,1,0,1,6,31,96,0,0,0,0,0x000601F06010F278
2193,-879,-14064,0,0,0,1,1,1,1,0,0,1,0,0,1,1,1,1,0,1,6,31,96,0,0,0,0,0x000601F06010F278
2194,-878,-14048,0,0,0,1,1,1,1,0,0,1,0,0,1,1,1,1,0,1,6,31,96,0,0,0,0,0x000601F06010F278
2195,-877,-14032,0,0,0,1,1,1,1,0,0,1,0,0,1,1,1,1,0,1,6,31,96,0,0,0,0,0x000601F06010F278
2196,-876,-14016,0,0,0,1,1,1,1,0,0,1,0,0,1,1,1,1,0,1,6,31,96,0,0,0,0,0x000601F06010F278
2197,-875,-14000,0,0,0,1,1,1,1,0,0,1,0,0,1,1,1,1,0,1,6,31,96,0,0,0,0,0x000601F06010F278
2198,-874,-13984,0,0,0,1,1,1,1,0,0,1,0,0,1,1,1,1,0,1,6,31,96,0,0,0,0,0x000601F06010F278
2199,-873,-13968,0,0,0,1,1,1,1,0,0,1,0,0,1,1,1,1,0,1,6,31,96,0,0,0,0,0x000601F06010F278
2200,-872,-13952,0,0,0,1,1,1,1,0,0,1,0,0,1,1,1,1,0,1,6,31,96,0,0,0,0,0x000601F06010F278
2201,-871,-13936,0,0,0,1,1,1,1,0,0,1,0,0,1,1,1,1,0,1,6,31,96,0,0,0,0,0x000601F06010F278
2202,-870,-13920,0,0,0,1,1,1,1,0,0,1,0,0,1,1,1,1,0,1,6,31,96,0,0,0,0,0x000601F06010F278
2203,-869,-13904,0,0,0,1,1,1,1,0,0,1,0,0,1,1,1,1,0,1,6,31,96,0,0,0,0,0x000601F06010F278
2204,-868,-13888,0,0,0,1,1,1,1,0,0,1,0,0,1,1,1,1,0,1,6,31,96,0,0,0,0,0x000601F06010F278
2205,-867,-13872,0,0,0,1,1,1,1,0,0,1,0,0,1,1,1,1,0,1,6,31,96,0,0,0,0,0x000601F06010F278
2206,-866,-13856,0,0,0,1,1,1,1,0,0,1,0,0,1,1,1,1,0,1,6,31,96,0,0,0,0,0x000601F06010F278
2207,-865,-13840,0,0,0,1,1,1,1,0,0,1,0,0,1,1,1,1,0,1,6,31,96,0,0,0,0,0x000601F06010F278
2208,-864,-13824,0,0,0,1,1,1,1,0,0,1,0,0,1,1,1,1,0,1,6,31,96,0,0,0,0,0x000601F06010F278
2209,-863,-13808,0,0,0,1,1,1,1,0,0,1,0,0,1,1,1,1,0,1,6,31,96,0,0,0,0,0x000601F06010F278
2210,-862,-13792,0,0,0,1,1,1,1,0,0,1,0,0,1,1,1,1,0,1,6,31,96,0,0,0,0,0x000601F06010F278
2211,-861,-13776,0,0,0,1,1,1,1,0,0,1,0,0,1,1,1,1,0,1,6,31,96,0,0,0,0,0x000601F06010F278
2212,-860,-13760,0,0,0,1,1,1,1,0,0,1,0,0,1,1,1,1,0,1,6,31,96,0,0,0,0,0x000601F06010F278
2213,-859,-13744,0,0,0,1,1,1,1,0,0,1,0,0,1,1,1,1,0,1,6,31,96,0,0,0,0,0x000601F06010F278
2214,-858,-13728,0,0,0,1,1,1,1,0,0,1,0,0,1,1,1,1,0,1,6,31,96,0,0,0,0,0x000601F06010F278
2215,-857,-13712,0,0,0,1,1,1,1,0,0,1,0,0,1,1,1,1,0,1,6,31,96,0,0,0,0,0x000601F06010F278
2216,-856,-13696,0,0,0,1,1,1,1,0,0,1,0,0,1,1,1,1,0,1,6,31,96,0,0,0,0,0x000601F06010F278
2217,-855,-13680,0,0,0,1,1,1,1,0,0,1,0,0,1,1,1,1,0,1,6,31,96,0,0,0,0,0x000601F06010F278
2218,-854,-13664,0,0,0,1,1,1,1,0,0,1,0,0,1,1,1,1,0,1,6,31,96,0,0,0,0,0x000601F06010F278
2219,-853,-13648,0,0,0,1,1,1,1,0,0,1,0,0,1,1,1,1,0,1,6,31,96,0,0,0,0,0x000601F06010F278
2220,-852,-13632,0,0,0,1,1,1,1,0,0,1,0,0,1,1,1,1,0,1,6,31,96,0,0,0,0,0x000601F06010F278
2221,-851,-13616,0,0,0,1,1,1,1,0,0,1,0,0,1,1,1,1,0,1,6,31,96,0,0,0,0,0x000601F06010F278
2222,-850,-13600,0,0,0,1,1,1,1,0,0,1,0,0,1,1,1,1,0,1,6,31,96,0,0,0,0,0x000601F06010F278
2223,-849,-13584,0,0,0,1,1,1,1,0,0,1,0,0,1,1,1,1,0,1,6,31,96,0,0,0,0,0x000601F06010F278
2224,-848,-13568,0,0,0,1,1,1,1,0,0,1,0,0,1,1,1,1,0,1,6,31,96,0,0,0,0,0x000601F06010F278
2225,-847,-13552,0,0,0,1,1,1,1,0,0,1,0,0,1,1,1,1,0,1,6,31,96,0,0,0,0,0x000601F06010F278
2226,-846,-13536,0,0,0,1,1,1,1,0,0,1,0,0,1,1,1,1,0,1,6,31,96,0,0,0,0,0x000601F06010F278
2227,-845,-13520,0,0,0,1,1,1,1,0,0,1,0,0,1,1,1,1,0,1,6,31,96,0,0,0,0,0x000601F06010F278
2228,-844,-13504,0,0,0,1,1,1,1,0,0,1,0,0,1,1,1,1,0,1,6,31,96,0,0,0,0,0x000601F06010F278
2229,-843,-13488,0,0,0,1,1,1,1,0,0,1,0,0,1,1,1,1,0,1,6,31,96,0,0,0,0,0x000601F06010F278
2230,-842,-13472,0,0,0,1,1,1,1,0,0,1,0,0,1,1,1,1,0,1,6,31,96,0,0,0,0,0x000601F06010F278
2231,-841,-13456,0,0,0,1,1,1,1,0,0,1,0,0,1,1,1,1,0,1,6,31,96,0,0,0,0,0x000601F06010F278
2232,-840,-13440,0,0,0,1,1,1,1,0,0,1,0,0,1,1,1,1,0,1,6,31,96,0,0,0,0,0x000601F06010F278
2233,-839,-13424,0,0,0,1,1,1,1,0,0,1,0,0,1,1,1,1,0,1,6,31,96,0,0,0,0,0x000601F06010F278
2234,-838,-13408,0,0,0,1,1,1,1,0,0,1,0,0,1,1,1,1,0,1,6,31,96,0,0,0,0,0x000601F06010F278
2235,-837,-13392,0,0,0,1,1,1,1,0,0,1,0,0,1,1,1,1,0,1,6,31,96,0,0,0,0,0x000601F06010F278
2236,-836,-13376,0,0,0,1,1,1,1,0,0,1,0,0,1,1,1,1,0,1,6,31,96,0,0,0,0,0x000601F06010F278
2237,-835,-13360,0,0,0,1,1,1,1,0,0,1,0,0,1,1,1,1,0,1,6,31,96,0,0,0,0,0x000601F06010F278
2238,-834,-13344,0,0,0,1,1,1,1,0,0,1,0,0,1,1,1,1,0,1,6,31,96,0,0,0,0,0x000601F06010F278
2239,-833,-13328,0,0,0,1,1,1,1,0,0,1,0,0,1,1,1,1,0,1,6,31,96,0,0,0,0,0x000601F06010F278
2240,-832,-13312,0,0,0,1,1,1,1,0,0,1,0,0,1,1,1,1,0,1,6,31,96,0,0,0,0,0x000601F06010F278
2241,-831,-13296,0,0,0,1,1,1,1,0,0,1,0,0,1,1,1,1,0,1,6,31,96,0,0,0,0,0x000601F06010F278
2242,-830,-13280,0,0,0,1,1,1,1,0,0,1,0,0,1,1,1,1,0,1,6,31,96,0,0,0,0,0x000601F06010F278
2243,-829,-13264,0,0,0,1,1,1,1,0,0,1,0,0,1,1,1,1,0,1,6,31,96,0,0,0,0,0x000601F06010F278
2244,-828,-13248,0,0,0,1,1,1,1,0,0,1,0,0,1,1,1,1,0,1,6,31,96,0,0,0,0,0x000601F06010F278
2245,-827,-13232,0,0,0,1,1,1,1,0,0,1,0,0,1,1,1,1,0,1,6,31,96,0,0,0,0,0x000601F06010F278
2246,-826,-13216,0,0,0,1,1,1,1,0,0,1,0,0,1,1,1,1,0,1,6,31,96,0,0,0,0,0x000601F06010F278
2247,-825,-13200,0,0,0,1,1,1,1,0,0,1,0,0,1,1,1,1,0,1,6,31,96,0,0,0,0,0x000601F06010F278
2248,-824,-13184,0,0,0,1,1,1,1,0,0,1,0,0,1,1,1,1,0,1,6,31,96,0,0,0,0,0x000601F06010F278
2249,-823,-13168,0,0,0,1,1,1,1,0,0,1,0,0,1,1,1,1,0,1,6,31,96,0,0,0,0,0x000601F06010F278
2250,-822,-13152,0,0,0,1,1,1,1,0,0,1,0,0,1,1,1,1,0,1,6,31,96,0,0,0,0,0x000601F06010F278
2251,-821,-13136,0,0,0,1,1,1,1,0,0,1,0,0,1,1,1,1,0,1,6,31,96,0,0,0,0,0x000601F06010F278
2252,-820,-13120,0,0,0,1,1,1,1,0,0,1,0,0,1,1,1,1,0,1,6,31,96,0,0,0,0,0x000601F06010F278
2253,-819,-13104,0,0,0,1,1,1,1,0,0,1,0,0,1,1,1,1,0,1,6,31,96,0,0,0,0,0x000601F06010F278
2254,-818,-13088,0,0,0,1,1,1,1,0,0,1,0,0,1,1,1,1,0,1,6,31,96,0,0,0,0,0x000601F06010F278
2255,-817,-13072,0,0,0,1,1,1,1,0,0,1,0,0,1,1,1,1,0,1,6,31,96,0,0,0,0,0x000601F06010F278
2256,-816,-13056,0,0,0,1,1,1,1,0,0,1,0,0,1,1,1,1,0,1,6,31,96,0,0,0,0,0x000601F06010F278
2257,-815,-13040,0,0,0,1,1,1,1,0,0,1,0,0,1,1,1,1,0,1,6,31,96,0,0,0,0,0x000601F06010F278
2258,-814,-13024,0,0,0,1,1,1,1,0,0,1,0,0,1,1,1,1,0,1,6,31,96,0,0,0,0,0x000601F06010F278
2259,-813,-13008,0,0,0,1,1,1,1,0,0,1,0,0,1,1,1,1,0,1,6,31,96,0,0,0,0,0x000601F06010F278
2260,-812,-12992,0,0,0,1,1,1,1,0,0,1,0,0,1,1,1,1,0,1,6,31,96,0,0,0,0,0x000601F06010F278
2261,-811,-12976,0,0,0,1,1,1,1,0,0,1,0,0,1,1,1,1,0,1,6,31,96,0,0,0,0,0x000601F06010F278
2262,-810,-12960,0,0,0,1,1,1,1,0,0,1,0,0,1,1,1,1,0,1,6,31,96,0,0,0,0,0x000601F06010F278
2263,-809,-12944,0,0,0,1,1,1,1,0,0,1,0,0,1,1,1,1,0,1,6,31,96,0,0,0,0,0x000601F06010F278
2264,-808,-12928,0,0,0,1,1,1,1,0,0,1,0,0,1,1,1,1,0,1,6,31,96,0,0,0,0,0x000601F06010F278
2265,-807,-12912,0,0,0,1,1,1,1,0,0,1,0,0,1,1,1,1,0,1,6,31,96,0,0,0,0,0x000601F06010F278
2266,-806,-12896,0,0,0,1,1,1,1,0,0,1,0,0,1,1,1,1,0,1,6,31,96,0,0,0,0,0x000601F06010F278
2267,-805,-12880,0,0,0,1,1,1,1,0,0,1,0,0,1,1,1,1,0,1,6,31,96,0,0,0,0,0x000601F06010F278
2268,-804,-12864,0,0,0,1,1,1,1,0,0,1,0,0,1,1,1,1,0,1,6,31,96,0,0,0,0,0x000601F06010F278
2269,-803,-12848,0,0,0,1,1,1,1,0,0,1,0,0,1,1,1,1,0,1,6,31,96,0,0,0,0,0x000601F06010F278
2270,-802,-12832,0,0,0,1,1,1,1,0,0,1,0,0,1,1,1,1,0,1,6,31,96,0,0,0,0,0x000601F06010F278
2271,-801,-12816,0,0,0,1,1,1,1,0,0,1,0,0,1,1,1,1,0,1,6,31,96,0,0,0,0,0x000601F06010F278
2272,-800,-12800,0,0,0,1,1,1,1,0,0,1,0,0,1,1,1,1,0,1,6,31,96,0,0,0,0,0x000601F06010F278
2273,-799,-12784,0,0,0,1,1,1,1,0,0,1,0,0,1,1,1,1,0,1,6,31,96,0,0,0,0,0x000601F06010F278
2274,-798,-12768,0,0,0,1,1,1,1,0,0,1,0,0,1,1,1,1,0,1,6,31,96,0,0,0,0,0x000601F06010F278
2275,-797,-12752,0,0,0,1,1,1,1,0,0,1,0,0,1,1,1,1,0,1,6,31,96,0,0,0,0,0x000601F06010F278
2276,-796,-12736,0,0,0,1,1,1,1,0,0,1,0,0,1,1,1,1,0,1,6,31,96,0,0,0,0,0x000601F06010F278
2277,-795,-12720,0,0,0,1,1,1,1,0,0,1,0,0,1,1,1,1,0,1,6,31,96,0,0,0,0,0x000601F06010F278
2278,-794,-12704,0,0,0,1,1,1,1,0,0,1,0,0,1,1,1,1,0,1,6,31,96,0,0,0,0,0x000601F06010F278
2279,-793,-12688,0,0,0,1,1,1,1,0,0,1,0,0,1,1,1,1,0,1,6,31,96,0,0,0,0,0x000601F06010F278
2280,-792,-12672,0,0,0,1,1,1,1,0,0,1,0,0,1,1,1,1,0,1,6,31,96,0,0,0,0,0x000601F06010F278
2281,-791,-12656,0,0,0,1,1,1,1,0,0,1,0,0,1,1,1,1,0,1,6,31,96,0,0,0,0,0x000601F06010F278
2282,-790,-12640,0,0,0,1,1,1,1,0,0,1,0,0,1,1,1,1,0,1,6,31,96,0,0,0,0,0x000601F06010F278
2283,-789,-12624,0,0,0,1,1,1,1,0,0,1,0,0,1,1,1,1,0,1,6,31,96,0,0,0,0,0x000601F06010F278
2284,-788,-12608,0,0,0,1,1,1,1,0,0,1,0,0,1,1,1,1,0,1,6,31,96,0,0,0,0,0x000601F06010F278
2285,-787,-12592,0,0,0,1,1,1,1,0,0,1,0,0,1,1,1,1,0,1,6,31,96,0,0,0,0,0x000601F06010F278
2286,-786,-12576,0,0,0,1,1,1,1,0,0,1,0,0,1,1,1,1,0,1,6,31,96,0,0,0,0,0x000601F06010F278
2287,-785,-12560,0,0,0,1,1,1,1,0,0,1,0,0,1,1,1,1,0,1,6,31,96,0,0,0,0,0x000601F06010F278
2288,-784,-12544,0,0,0,1,1,1,1,0,0,1,0,0,1,1,1,1,0,1,6,31,96,0,0,0,0,0x000601F06010F278
2289,-783,-12528,0,0,0,1,1,1,1,0,0,1,0,0,1,1,1,1,0,1,6,31,96,0,0,0,0,0x000601F06010F278
2290,-782,-12512,0,0,0,1,1,1,1,0,0,1,0,0,1,1,1,1,0,1,6,31,96,0,0,0,0,0x000601F06010F278
2291,-781,-12496,0,0,0,1,1,1,1,0,0,1,0,0,1,1,1,1,0,1,6,31,96,0,0,0,0,0x000601F06010F278
2292,-780,-12480,0,0,0,1,1,1,1,0,0,1,0,0,1,1,1,1,0,1,6,31,96,0,0,0,0,0x000601F06010F278
2293,-779,-12464,0,0,0,1,1,1,1,0,0,1,0,0,1,1,1,1,0,1,6,31,96,0,0,0,0,0x000601F06010F278
2294,-778,-12448,0,0,0,1,1,1,1,0,0,1,0,0,1,1,1,1,0,1,6,31,96,0,0,0,0,0x000601F06010F278
2295,-777,-12432,0,0,0,1,1,1,1,0,0,1,0,0,1,1,1,1,0,1,6,31,96,0,0,0,0,0x000601F06010F278
2296,-776,-12416,0,0,0,1,1,1,1,0,0,1,0,0,1,1,1,1,0,1,6,31,96,0,0,0,0,0x000601F06010F278
2297,-775,-12400,0,0,0,1,1,1,1,0,0,1,0,0,1,1,1,1,0,1,6,31,96,0,0,0,0,0x000601F06010F278
2298,-774,-12384,0,0,0,1,1,1,1,0,0,1,0,0,1,1,1,1,0,1,6,31,96,0,0,0,0,0x000601F06010F278
2299,-773,-12368,0,0,0,1,1,1,1,0,0,1,0,0,1,1,1,1,0,1,6,31,96,0,0,0,0,0x000601F06010F278
2300,-772,-12352,0,0,0,1,1,1,1,0,0,1,0,0,1,1,1,1,0,1,6,31,96,0,0,0,0,0x000601F06010F278
2301,-771,-12336,0,0,0,1,1,1,1,0,0,1,0,0,1,1,1,1,0,1,6,31,96,0,0,0,0,0x000601F06010F278
2302,-770,-12320,0,0,0,1,1,1,1,0,0,1,0,0,1,1,1,1,0,1,6,31,96,0,0,0,0,0x000601F06010F278
2303,-769,-12304,0,0,0,1,1,1,1,0,0,1,0,0,1,1,1,1,0,1,6,31,96,0,0,0,0,0x000601F06010F278
2304,-768,-12288,0,0,0,1,1,1,1,0,0,1,0,0,1,1,1,1,0,1,6,31,96,0,0,0,0,0x000601F06010F278
2305,-767,-12272,0,0,0,1,1,1,1,0,0,1,0,0,1,1,1,1,0,1,6,31,96,0,0,0,0,0x000601F06010F278
2306,-766,-12256,0,0,0,1,1,1,1,0,0,1,0,0,1,1,1,1,0,1,6,31,96,0,0,0,0,0x000601F06010F278
2307,-765,-12240,0,0,0,1,1,1,1,0,0,1,0,0,1,1,1,1,0,1,6,31,96,0,0,0,0,0x000601F06010F278
2308,-764,-12224,0,0,0,1,1,1,1,0,0,1,0,0,1,1,1,1,0,1,6,31,96,0,0,0,0,0x000601F06010F278
2309,-763,-12208,0,0,0,1,1,1,1,0,0,1,0,0,1,1,1,1,0,1,6,31,96,0,0,0,0,0x000601F06010F278
2310,-762,-12192,0,0,0,1,1,1,1,0,0,1,0,0,1,1,1,1,0,1,6,31,96,0,0,0,0,0x000601F06010F278
2311,-761,-12176,0,0,0,1,1,1,1,0,0,1,0,0,1,1,1,1,0,1,6,31,96,0,0,0,0,0x000601F06010F278
2312,-760,-12160,0,0,0,1,1,1,1,0,0,1,0,0,1,1,1,1,0,1,6,31,96,0,0,0,0,0x000601F06010F278
2313,-759,-12144,0,0,0,1,1,1,1,0,0,1,0,0,1,1,1,1,0,1,6,31,96,0,0,0,0,0x000601F06010F278
2314,-758,-12128,0,0,0,1,1,1,1,0,0,1,0,0,1,1,1,1,0,1,6,31,96,0,0,0,0,0x000601F06010F278
2315,-757,-12112,0,0,0,1,1,1,1,0,0,1,0,0,1,1,1,1,0,1,6,31,96,0,0,0,0,0x000601F06010F278
2316,-756,-12096,0,0,0,1,1,1,1,0,0,1,0,0,1,1,1,1,0,1,6,31,96,0,0,0,0,0x000601F06010F278
2317,-755,-12080,0,0,0,1,1,1,1,0,0,1,0,0,1,1,1,1,0,1,6,31,96,0,0,0,0,0x000601F06010F278
2318,-754,-12064,0,0,0,1,1,1,1,0,0,1,0,0,1,1,1,1,0,1,6,31,96,0,0,0,0,0x000601F06010F278
2319,-753,-12048,0,0,0,1,1,1,1,0,0,1,0,0,1,1,1,1,0,1,6,31,96,0,0,0,0,0x000601F06010F278
2320,-752,-12032,0,0,0,1,1,1,1,0,0,1,0,0,1,1,1,1,0,1,6,31,96,0,0,0,0,0x000601F06010F278
2321,-751,-12016,0,0,0,1,1,1,1,0,0,1,0,0,1,1,1,1,0,1,6,31,96,0,0,0,0,0x000601F06010F278
2322,-750,-12000,0,0,0,1,1,1,1,0,0,1,0,0,1,1,1,1,0,1,6,31,96,0,0,0,0,0x000601F06010F278
2323,-749,-11984,0,0,0,1,1,1,1,0,0,1,0,0,1,1,1,1,0,1,6,31,96,0,0,0,0,0x000601F06010F278
2324,-748,-11968,0,0,0,1,1,1,1,0,0,1,0,0,1,1,1,1,0,1,6,31,96,0,0,0,0,0x000601F06010F278
2325,-747,-11952,0,0,0,1,1,1,1,0,0,1,0,0,1,1,1,1,0,1,6,31,96,0,0,0,0,0x000601F06010F278
2326,-746,-11936,0,0,0,1,1,1,1,0,0,1,0,0,1,1,1,1,0,1,6,31,96,0,0,0,0,0x000601F06010F278
2327,-745,-11920,0,0,0,1,1,1,1,0,0,1,0,0,1,1,1,1,0,1,6,31,96,0,0,0,0,0x000601F06010F278
2328,-744,-11904,0,0,0,1,1,1,1,0,0,1,0,0,1,1,1,1,0,1,6,31,96,0,0,0,0,0x000601F06010F278
2329,-743,-11888,0,0,0,1,1,1,1,0,0,1,0,0,1,1,1,1,0,1,6,31,96,0,0,0,0,0x000601F06010F278
2330,-742,-11872,0,0,0,1,1,1,1,0,0,1,0,0,1,1,1,1,0,1,6,31,96,0,0,0,0,0x000601F06010F278
2331,-741,-11856,0,0,0,1,1,1,1,0,0,1,0,0,1,1,1,1,0,1,6,31,96,0,0,0,0,0x000601F06010F278
2332,-740,-11840,0,0,0,1,1,1,1,0,0,1,0,0,1,1,1,1,0,1,6,31,96,0,0,0,0,0x000601F06010F278
2333,-739,-11824,0,0,0,1,1,1,1,0,0,1,0,0,1,1,1,1,0,1,6,31,96,0,0,0,0,0x000601F06010F278
2334,-738,-11808,0,0,0,1,1,1,1,0,0,1,0,0,1,1,1,1,0,1,6,31,96,0,0,0,0,0x000601F06010F278
2335,-737,-11792,0,0,0,1,1,1,1,0,0,1,0,0,1,1,1,1,0,1,6,31,96,0,0,0,0,0x000601F06010F278
2336,-736,-11776,0,0,0,1,1,1,1,0,0,1,0,0,1,1,1,1,0,1,6,31,96,0,0,0,0,0x000601F06010F278
2337,-735,-11760,0,0,0,1,1,1,1,0,0,1,0,0,1,1,1,1,0,1,6,31,96,0,0,0,0,0x000601F06010F278
2338,-734,-11744,0,0,0,1,1,1,1,0,0,1,0,0,1,1,1,1,0,1,6,31,96,0,0,0,0,0x000601F06010F278
2339,-733,-11728,0,0,0,1,1,1,1,0,0,1,0,0,1,1,1,1,0,1,6,31,96,0,0,0,0,0x000601F06010F278
2340,-732,-11712,0,0,0,1,1,1,1,0,0,1,0,0,1,1,1,1,0,1,6,31,96,0,0,0,0,0x000601F06010F278
2341,-731,-11696,0,0,0,1,1,1,1,0,0,1,0,0,1,1,1,1,0,1,6,31,96,0,0,0,0,0x000601F06010F278
2342,-730,-11680,0,0,0,1,1,1,1,0,0,1,0,0,1,1,1,1,0,1,6,31,96,0,0,0,0,0x000601F06010F278
2343,-729,-11664,0,0,0,1,1,1,1,0,0,1,0,0,1,1,1,1,0,1,6,31,96,0,0,0,0,0x000601F06010F278
2344,-728,-11648,0,0,0,1,1,1,1,0,0,1,0,0,1,1,1,1,0,1,6,31,96,0,0,0,0,0x000601F06010F278
2345,-727,-11632,0,0,0,1,1,1,1,0,0,1,0,0,1,1,1,1,0,1,6,31,96,0,0,0,0,0x000601F06010F278
2346,-726,-11616,0,0,0,1,1,1,1,0,0,1,0,0,1,1,1,1,0,1,6,31,96,0,0,0,0,0x000601F06010F278
2347,-725,-11600,0,0,0,1,1,1,1,0,0,1,0,0,1,1,1,1,0,1,6,31,96,0,0,0,0,0x000601F06010F278
2348,-724,-11584,0,0,0,1,1,1,1,0,0,1,0,0,1,1,1,1,0,1,6,31,96,0,0,0,0,0x000601F06010F278
2349,-723,-11568,0,0,0,1,1,1,1,0,0,1,0,0,1,1,1,1,0,1,6,31,96,0,0,0,0,0x000601F06010F278
2350,-722,-11552,0,0,0,1,1,1,1,0,0,1,0,0,1,1,1,1,0,1,6,31,96,0,0,0,0,0x000601F06010F278
2351,-721,-11536,0,0,0,1,1,1,1,0,0,1,0,0,1,1,1,1,0,1,6,31,96,0,0,0,0,0x000601F06010F278
2352,-720,-11520,0,0,0,1,1,1,1,0,0,1,0,0,1,1,1,1,0,1,6,31,96,0,0,0,0,0x000601F06010F278
2353,-719,-11504,0,0,0,1,1,1,1,0,0,1,0,0,1,1,1,1,0,1,6,31,96,0,0,0,0,0x000601F06010F278
2354,-718,-11488,0,0,0,1,1,1,1,0,0,1,0,0,1,1,1,1,0,1,6,31,96,0,0,0,0,0x000601F06010F278
2355,-717,-11472,0,0,0,1,1,1,1,0,0,1,0,0,1,1,1,1,0,1,6,31,96,0,0,0,0,0x000601F06010F278
2356,-716,-11456,0,0,0,1,1,1,1,0,0,1,0,0,1,1,1,1,0,1,6,31,96,0,0,0,0,0x000601F06010F278
2357,-715,-11440,0,0,0,1,1,1,1,0,0,1,0,0,1,1,1,1,0,1,6,31,96,0,0,0,0,0x000601F06010F278
2358,-714,-11424,0,0,0,1,1,1,1,0,0,1,0,0,1,1,1,1,0,1,6,31,96,0,0,0,0,0x000601F06010F278
2359,-713,-11408,0,0,0,1,1,1,1,0,0,1,0,0,1,1,1,1,0,1,6,31,96,0,0,0,0,0x000601F06010F278
2360,-712,-11392,0,0,0,1,1,1,1,0,0,1,0,0,1,1,1,1,0,1,6,31,96,0,0,0,0,0x000601F06010F278
2361,-711,-11376,0,0,0,1,1,1,1,0,0,1,0,0,1,1,1,1,0,1,6,31,96,0,0,0,0,0x000601F06010F278
2362,-710,-11360,0,0,0,1,1,1,1,0,0,1,0,0,1,1,1,1,0,1,6,31,96,0,0,0,0,0x000601F06010F278
2363,-709,-11344,0,0,0,1,1,1,1,0,0,1,0,0,1,1,1,1,0,1,6,31,96,0,0,0,0,0x000601F06010F278
2364,-708,-11328,0,0,0,1,1,1,1,0,0,1,0,0,1,1,1,1,0,1,6,31,96,0,0,0,0,0x000601F06010F278
2365,-707,-11312,0,0,0,1,1,1,1,0,0,1,0,0,1,1,1,1,0,1,6,31,96,0,0,0,0,0x000601F06010F278
2366,-706,-11296,0,0,0,1,1,1,1,0,0,1,0,0,1,1,1,1,0,1,6,31,96,0,0,0,0,0x000601F06010F278
2367,-705,-11280,0,0,0,1,1,1,1,0,0,1,0,0,1,1,1,1,0,1,6,31,96,0,0,0,0,0x000601F06010F278
2368,-704,-11264,0,0,0,1,1,1,1,0,0,1,0,0,1,1,1,1,0,1,6,31,96,0,0,0,0,0x000601F06010F278
2369,-703,-11248,0,0,0,1,1,1,1,0,0,1,0,0,1,1,1,1,0,1,6,31,96,0,0,0,0,0x000601F06010F278
2370,-702,-11232,0,0,0,1,1,1,1,0,0,1,0,0,1,1,1,1,0,1,6,31,96,0,0,0,0,0x000601F06010F278
2371,-701,-11216,0,0,0,1,1,1,1,0,0,1,0,0,1,1,1,1,0,1,6,31,96,0,0,0,0,0x000601F06010F278
2372,-700,-11200,0,0,0,1,1,1,1,0,0,1,0,0,1,1,1,1,0,1,6,31,96,0,0,0,0,0x000601F06010F278
2373,-699,-11184,0,0,0,1,1,1,1,0,0,1,0,0,1,1,1,1,0,1,6,31,96,0,0,0,0,0x000601F06010F278
2374,-698,-11168,0,0,0,1,1,1,1,0,0,1,0,0,1,1,1,1,0,1,6,31,96,0,0,0,0,0x000601F06010F278
2375,-697,-11152,0,0,0,1,1,1,1,0,0,1,0,0,1,1,1,1,0,1,6,31,96,0,0,0,0,0x000601F06010F278
2376,-696,-11136,0,0,0,1,1,1,1,0,0,1,0,0,1,1,1,1,0,1,6,31,96,0,0,0,0,0x000601F06010F278
2377,-695,-11120,0,0,0,1,1,1,1,0,0,1,0,0,1,1,1,1,0,1,6,31,96,0,0,0,0,0x000601F06010F278
2378,-694,-11104,0,0,0,1,1,1,1,0,0,1,0,0,1,1,1,1,0,1,6,31,96,0,0,0,0,0x000601F06010F278
2379,-693,-11088,0,0,0,1,1,1,1,0,0,1,0,0,1,1,1,1,0,1,6,31,96,0,0,0,0,0x000601F06010F278
2380,-692,-11072,0,0,0,1,1,1,1,0,0,1,0,0,1,1,1,1,0,1,6,31,96,0,0,0,0,0x000601F06010F278
2381,-691,-11056,0,0,0,1,1,1,1,0,0,1,0,0,1,1,1,1,0,1,6,31,96,0,0,0,0,0x000601F06010F278
2382,-690,-11040,0,0,0,1,1,1,1,0,0,1,0,0,1,1,1,1,0,1,6,31,96,0,0,0,0,0x000601F06010F278
2383,-689,-11024,0,0,0,1,1,1,1,0,0,1,0,0,1,1,1,1,0,1,6,31,96,0,0,0,0,0x000601F06010F278
2384,-688,-11008,0,0,0,1,1,1,1,0,0,1,0,0,1,1,1,1,0,1,6,31,96,0,0,0,0,0x000601F06010F278
2385,-687,-10992,0,0,0,1,1,1,1,0,0,1,0,0,1,1,1,1,0,1,6,31,96,0,0,0,0,0x000601F06010F278
2386,-686,-10976,0,0,0,1,1,1,1,0,0,1,0,0,1,1,1,1,0,1,6,31,96,0,0,0,0,0x000601F06010F278
2387,-685,-10960,0,0,0,1,1,1,1,0,0,1,0,0,1,1,1,1,0,1,6,31,96,0,0,0,0,0x000601F06010F278
2388,-684,-10944,0,0,0,1,1,1,1,0,0,1,0,0,1,1,1,1,0,1,6,31,96,0,0,0,0,0x000601F06010F278
2389,-683,-10928,0,0,0,1,1,1,1,0,0,1,0,0,1,1,1,1,0,1,6,31,96,0,0,0,0,0x000601F06010F278
2390,-682,-10912,0,0,0,1,1,1,1,0,0,1,0,0,1,1,1,1,0,1,6,31,96,0,0,0,0,0x000601F06010F278
2391,-681,-10896,0,0,0,1,1,1,1,0,0,1,0,0,1,1,1,1,0,1,6,31,96,0,0,0,0,0x000601F06010F278
2392,-680,-10880,0,0,0,1,1,1,1,0,0,1,0,0,1,1,1,1,0,1,6,31,96,0,0,0,0,0x000601F06010F278
2393,-679,-10864,0,0,0,1,1,1,1,0,0,1,0,0,1,1,1,1,0,1,6,31,96,0,0,0,0,0x000601F06010F278
2394,-678,-10848,0,0,0,1,1,1,1,0,0,1,0,0,1,1,1,1,0,1,6,31,96,0,0,0,0,0x000601F06010F278
2395,-677,-10832,0,0,0,1,1,1,1,0,0,1,0,0,1,1,1,1,0,1,6,31,96,0,0,0,0,0x000601F06010F278
2396,-676,-10816,0,0,0,1,1,1,1,0,0,1,0,0,1,1,1,1,0,1,6,31,96,0,0,0,0,0x000601F06010F278
2397,-675,-10800,0,0,0,1,1,1,1,0,0,1,0,0,1,1,1,1,0,1,6,31,96,0,0,0,0,0x000601F06010F278
2398,-674,-10784,0,0,0,1,1,1,1,0,0,1,0,0,1,1,1,1,0,1,6,31,96,0,0,0,0,0x000601F06010F278
2399,-673,-10768,0,0,0,1,1,1,1,0,0,1,0,0,1,1,1,1,0,1,6,31,96,0,0,0,0,0x000601F06010F278
2400,-672,-10752,0,0,0,1,1,1,1,0,0,1,0,0,1,1,1,1,0,1,6,31,96,0,0,0,0,0x000601F06010F278
2401,-671,-10736,0,0,0,1,1,1,1,0,0,1,0,0,1,1,1,1,0,1,6,31,96,0,0,0,0,0x000601F06010F278
2402,-670,-10720,0,0,0,1,1,1,1,0,0,1,0,0,1,1,1,1,0,1,6,31,96,0,0,0,0,0x000601F06010F278
2403,-669,-10704,0,0,0,1,1,1,1,0,0,1,0,0,1,1,1,1,0,1,6,31,96,0,0,0,0,0x000601F06010F278
2404,-668,-10688,0,0,0,1,1,1,1,0,0,1,0,0,1,1,1,1,0,1,6,31,96,0,0,0,0,0x000601F06010F278
2405,-667,-10672,0,0,0,1,1,1,1,0,0,1,0,0,1,1,1,1,0,1,6,31,96,0,0,0,0,0x000601F06010F278
2406,-666,-10656,0,0,0,1,1,1,1,0,0,1,0,0,1,1,1,1,0,1,6,31,96,0,0,0,0,0x000601F06010F278
2407,-665,-10640,0,0,0,1,1,1,1,0,0,1,0,0,1,1,1,1,0,1,6,31,96,0,0,0,0,0x000601F06010F278
2408,-664,-10624,0,0,0,1,1,1,1,0,0,1,0,0,1,1,1,1,0,1,6,31,96,0,0,0,0,0x000601F06010F278
2409,-663,-10608,0,0,0,1,1,1,1,0,0,1,0,0,1,1,1,1,0,1,6,31,96,0,0,0,0,0x000601F06010F278
2410,-662,-10592,0,0,0,1,1,1,1,0,0,1,0,0,1,1,1,1,0,1,6,31,96,0,0,0,0,0x000601F06010F278
2411,-661,-10576,0,0,0,1,1,1,1,0,0,1,0,0,1,1,1,1,0,1,6,31,96,0,0,0,0,0x000601F06010F278
2412,-660,-10560,0,0,0,1,1,1,1,0,0,1,0,0,1,1,1,1,0,1,6,31,96,0,0,0,0,0x000601F06010F278
2413,-659,-10544,0,0,0,1,1,1,1,0,0,1,0,0,1,1,1,1,0,1,6,31,96,0,0,0,0,0x000601F06010F278
2414,-658,-10528,0,0,0,1,1,1,1,0,0,1,0,0,1,1,1,1,0,1,6,31,96,0,0,0,0,0x000601F06010F278
2415,-657,-10512,0,0,0,1,1,1,1,0,0,1,0,0,1,1,1,1,0,1,6,31,96,0,0,0,0,0x000601F06010F278
2416,-656,-10496,0,0,0,1,1,1,1,0,0,1,0,0,1,1,1,1,0,1,6,31,96,0,0,0,0,0x000601F06010F278
2417,-655,-10480,0,0,0,1,1,1,1,0,0,1,0,0,1,1,1,1,0,1,6,31,96,0,0,0,0,0x000601F06010F278
2418,-654,-10464,0,0,0,1,1,1,1,0,0,1,0,0,1,1,1,1,0,1,6,31,96,0,0,0,0,0x000601F06010F278
2419,-653,-10448,0,0,0,1,1,1,1,0,0,1,0,0,1,1,1,1,0,1,6,31,96,0,0,0,0,0x000601F06010F278
2420,-652,-10432,0,0,0,1,1,1,1,0,0,1,0,0,1,1,1,1,0,1,6,31,96,0,0,0,0,0x000601F06010F278
2421,-651,-10416,0,0,0,1,1,1,1,0,0,1,0,0,1,1,1,1,0,1,6,31,96,0,0,0,0,0x000601F06010F278
2422,-650,-10400,0,0,0,1,1,1,1,0,0,1,0,0,1,1,1,1,0,1,6,31,96,0,0,0,0,0x000601F06010F278
2423,-649,-10384,0,0,0,1,1,1,1,0,0,1,0,0,1,1,1,1,0,1,6,31,96,0,0,0,0,0x000601F06010F278
2424,-648,-10368,0,0,0,1,1,1,1,0,0,1,0,0,1,1,1,1,0,1,6,31,96,0,0,0,0,0x000601F06010F278
2425,-647,-10352,0,0,0,1,1,1,1,0,0,1,0,0,1,1,1,1,0,1,6,31,96,0,0,0,0,0x000601F06010F278
2426,-646,-10336,0,0,0,1,1,1,1,0,0,1,0,0,1,1,1,1,0,1,6,31,96,0,0,0,0,0x000601F06010F278
2427,-645,-10320,0,0,0,1,1,1,1,0,0,1,0,0,1,1,1,1,0,1,6,31,96,0,0,0,0,0x000601F06010F278
2428,-644,-10304,0,0,0,1,1,1,1,0,0,1,0,0,1,1,1,1,0,1,6,31,96,0,0,0,0,0x000601F06010F278
2429,-643,-10288,0,0,0,1,1,1,1,0,0,1,0,0,1,1,1,1,0,1,6,31,96,0,0,0,0,0x000601F06010F278
2430,-642,-10272,0,0,0,1,1,1,1,0,0,1,0,0,1,1,1,1,0,1,6,31,96,0,0,0,0,0x000601F06010F278
2431,-641,-10256,0,0,0,1,1,1,1,0,0,1,0,0,1,1,1,1,0,1,6,31,96,0,0,0,0,0x000601F06010F278
2432,-640,-10240,0,0,0,1,1,1,1,0,0,1,0,0,1,1,1,1,0,1,6,31,96,0,0,0,0,0x000601F06010F278
2433,-639,-10224,0,0,0,1,1,1,1,0,0,1,0,0,1,1,1,1,0,1,6,31,96,0,0,0,0,0x000601F06010F278
2434,-638,-10208,0,0,0,1,1,1,1,0,0,1,0,0,1,1,1,1,0,1,6,31,96,0,0,0,0,0x000601F06010F278
2435,-637,-10192,0,0,0,1,1,1,1,0,0,1,0,0,1,1,1,1,0,1,6,31,96,0,0,0,0,0x000601F06010F278
2436,-636,-10176,0,0,0,1,1,1,1,0,0,1,0,0,1,1,1,1,0,1,6,31,96,0,0,0,0,0x000601F06010F278
2437,-635,-10160,0,0,0,1,1,1,1,0,0,1,0,0,1,1,1,1,0,1,6,31,96,0,0,0,0,0x000601F06010F278
2438,-634,-10144,0,0,0,1,1,1,1,0,0,1,0,0,1,1,1,1,0,1,6,31,96,0,0,0,0,0x000601F06010F278
2439,-633,-10128,0,0,0,1,1,1,1,0,0,1,0,0,1,1,1,1,0,1,6,31,96,0,0,0,0,0x000601F06010F278
2440,-632,-10112,0,0,0,1,1,1,1,0,0,1,0,0,1,1,1,1,0,1,6,31,96,0,0,0,0,0x000601F06010F278
2441,-631,-10096,0,0,0,1,1,1,1,0,0,1,0,0,1,1,1,1,0,1,6,31,96,0,0,0,0,0x000601F06010F278
2442,-630,-10080,0,0,0,1,1,1,1,0,0,1,0,0,1,1,1,1,0,1,6,31,96,0,0,0,0,0x000601F06010F278
2443,-629,-10064,0,0,0,1,1,1,1,0,0,1,0,0,1,1,1,1,0,1,6,31,96,0,0,0,0,0x000601F06010F278
2444,-628,-10048,0,0,0,1,1,1,1,0,0,1,0,0,1,1,1,1,0,1,6,31,96,0,0,0,0,0x000601F06010F278
2445,-627,-10032,0,0,0,1,1,1,1,0,0,1,0,0,1,1,1,1,0,1,6,31,96,0,0,0,0,0x000601F06010F278
2446,-626,-10016,0,0,0,1,1,1,1,0,0,1,0,0,1,1,1,1,0,1,6,31,96,0,0,0,0,0x000601F06010F278
2447,-625,-10000,0,0,0,1,1,1,0,1,0,1,0,0,1,1,1,1,0,1,7,31,96,0,0,0,0,0x000601F07010F2B8
2448,-624,-9984,0,0,0,0,1,1,0,1,0,1,0,0,1,1,1,1,0,1,7,31,96,0,0,0,0,0x000601F07010F2B0
2449,-623,-9968,0,0,0,0,0,1,0,1,0,1,0,0,1,1,1,1,0,1,7,31,96,0,0,0,0,0x000601F07010F2A0
2450,-622,-9952,0,0,0,0,0,1,0,1,0,1,0,0,1,1,1,1,0,1,7,31,96,0,0,0,0,0x000601F07010F2A0
2451,-621,-9936,1,0,0,0,0,1,0,1,0,1,0,0,1,1,1,1,0,1,7,31,96,0,0,0,0,0x000601F07010F2A1
2452,-620,-9920,1,1,0,0,0,0,0,1,0,1,0,0,1,1,1,1,0,1,7,31,96,0,0,0,0,0x000601F07010F283
2453,-619,-9904,1,1,0,0,0,0,0,1,0,1,0,0,1,1,1,1,0,1,7,31,96,0,0,0,0,0x000601F07010F283
2454,-618,-9888,1,1,0,0,0,0,0,1,0,1,0,0,1,1,1,1,0,1,7,31,96,0,0,0,0,0x000601F07010F283
2455,-617,-9872,1,1,1,0,0,0,0,1,0,0,0,0,1,1,1,1,0,1,7,31,96,0,0,0,0,0x000601F07010F087
2456,-616,-9856,1,1,1,0,0,0,0,1,0,0,0,0,1,1,1,1,0,1,7,31,96,0,0,0,0,0x000601F07010F087
2457,-615,-9840,1,1,1,0,0,0,0,1,0,0,0,0,1,1,1,1,0,1,7,31,96,0,0,0,0,0x000601F07010F087
2458,-614,-9824,1,1,1,0,0,0,0,1,0,0,0,0,1,1,1,1,0,1,7,31,96,0,0,0,0,0x000601F07010F087
2459,-613,-9808,1,1,1,0,0,0,0,1,0,0,0,0,1,1,1,1,0,1,7,31,96,0,0,0,0,0x000601F07010F087
2460,-612,-9792,1,1,1,0,0,0,0,1,0,0,0,0,1,1,1,1,0,1,7,31,96,0,0,0,0,0x000601F07010F087
2461,-611,-9776,1,1,1,0,0,0,0,1,0,0,0,0,1,1,1,1,0,1,7,31,96,0,0,0,0,0x000601F07010F087
2462,-610,-9760,1,1,1,0,0,0,0,1,0,0,0,0,1,1,1,1,0,1,7,31,96,0,0,0,0,0x000601F07010F087
2463,-609,-9744,1,1,1,0,0,0,0,1,0,0,0,0,1,1,1,1,0,1,7,31,96,0,0,0,0,0x000601F07010F087
2464,-608,-9728,1,1,1,0,0,0,0,1,0,0,0,0,1,1,1,1,0,1,7,31,96,0,0,0,0,0x000601F07010F087
2465,-607,-9712,1,1,1,0,0,0,0,1,0,0,0,0,1,1,1,1,0,1,7,31,96,0,0,0,0,0x000601F07010F087
2466,-606,-9696,1,1,1,0,0,0,0,1,0,0,0,0,1,1,1,1,0,1,7,31,96,0,0,0,0,0x000601F07010F087
2467,-605,-9680,1,1,1,0,0,0,0,1,0,0,0,0,1,1,1,1,0,1,7,31,96,0,0,0,0,0x000601F07010F087
2468,-604,-9664,1,1,1,0,0,0,0,1,0,0,0,0,1,1,1,1,0,1,7,31,96,0,0,0,0,0x000601F07010F087
2469,-603,-9648,1,1,1,0,0,0,0,1,0,0,0,0,1,1,1,1,0,1,7,31,96,0,0,0,0,0x000601F07010F087
2470,-602,-9632,1,1,1,0,0,0,0,1,0,0,0,0,1,1,1,1,0,1,7,31,96,0,0,0,0,0x000601F07010F087
2471,-601,-9616,1,1,1,0,0,0,0,1,0,0,0,0,1,1,1,1,0,1,7,31,96,0,0,0,0,0x000601F07010F087
2472,-600,-9600,1,1,1,0,0,0,0,1,0,0,0,0,1,1,1,1,0,1,7,31,96,0,0,0,0,0x000601F07010F087
2473,-599,-9584,1,1,1,0,0,0,0,1,0,0,0,0,1,1,1,1,0,1,7,31,96,0,0,0,0,0x000601F07010F087
2474,-598,-9568,1,1,1,0,0,0,0,1,0,0,0,0,1,1,1,1,0,1,7,31,96,0,0,0,0,0x000601F07010F087
2475,-597,-9552,1,1,1,0,0,0,0,1,0,0,0,0,1,1,1,1,0,1,7,31,96,0,0,0,0,0x000601F07010F087
2476,-596,-9536,1,1,1,0,0,0,0,1,0,0,0,0,1,1,1,1,0,1,7,31,96,0,0,0,0,0x000601F07010F087
2477,-595,-9520,1,1,1,0,0,0,0,1,0,0,0,0,1,1,1,1,0,1,7,31,96,0,0,0,0,0x000601F07010F087
2478,-594,-9504,1,1,1,0,0,0,0,1,0,0,0,0,1,1,1,1,0,1,7,31,96,0,0,0,0,0x000601F07010F087
2479,-593,-9488,1,1,1,0,0,0,0,1,0,0,0,0,1,1,1,1,0,1,7,31,96,0,0,0,0,0x000601F07010F087
2480,-592,-9472,1,1,1,0,0,0,0,1,0,0,0,0,1,1,1,1,0,1,7,31,96,0,0,0,0,0x000601F07010F087
2481,-591,-9456,1,1,1,0,0,0,0,1,0,0,0,0,1,1,1,1,0,1,7,31,96,0,0,0,0,0x000601F07010F087
2482,-590,-9440,1,1,1,0,0,0,0,1,0,0,0,0,1,1,1,1,0,1,7,31,96,0,0,0,0,0x000601F07010F087
2483,-589,-9424,1,1,1,0,0,0,0,1,0,0,0,0,1,1,1,1,0,1,7,31,96,0,0,0,0,0x000601F07010F087
2484,-588,-9408,1,1,1,0,0,0,0,1,0,0,0,0,1,1,1,1,0,1,7,31,96,0,0,0,0,0x000601F07010F087
2485,-587,-9392,1,1,1,0,0,0,0,1,0,0,0,0,1,1,1,1,0,1,7,31,96,0,0,0,0,0x000601F07010F087
2486,-586,-9376,1,1,1,0,0,0,0,1,0,0,0,0,1,1,1,1,0,1,7,31,96,0,0,0,0,0x000601F07010F087
2487,-585,-9360,1,1,1,0,0,0,0,1,0,0,0,0,1,1,1,1,0,1,7,31,96,0,0,0,0,0x000601F07010F087
2488,-584,-9344,1,1,1,0,0,0,0,1,0,0,0,0,1,1,1,1,0,1,7,31,96,0,0,0,0,0x000601F07010F087
2489,-583,-9328,1,1,1,0,0,0,0,1,0,0,0,0,1,1,1,1,0,1,7,31,96,0,0,0,0,0x000601F07010F087
2490,-582,-9312,1,1,1,0,0,0,0,1,0,0,0,0,1,1,1,1,0,1,7,31,96,0,0,0,0,0x000601F07010F087
2491,-581,-9296,1,1,1,0,0,0,0,1,0,0,0,0,1,1,1,1,0,1,7,31,96,0,0,0,0,0x000601F07010F087
2492,-580,-9280,1,1,1,0,0,0,0,1,0,0,0,0,1,1,1,1,0,1,7,31,96,0,0,0,0,0x000601F07010F087
2493,-579,-9264,1,1,1,0,0,0,0,1,0,0,0,0,1,1,1,1,0,1,7,31,96,0,0,0,0,0x000601F07010F087
2494,-578,-9248,1,1,1,0,0,0,0,1,0,0,0,0,1,1,1,1,0,1,7,31,96,0,0,0,0,0x000601F07010F087
2495,-577,-9232,1,1,1,0,0,0,0,1,0,0,0,0,1,1,1,1,0,1,7,31,96,0,0,0,0,0x000601F07010F087
2496,-576,-9216,1,1,1,0,0,0,0,1,0,0,0,0,1,1,1,1,0,1,7,31,96,0,0,0,0,0x000601F07010F087
2497,-575,-9200,1,1,1,0,0,0,0,1,0,0,0,0,1,1,1,1,0,1,7,31,96,0,0,0,0,0x000601F07010F087
2498,-574,-9184,1,1,1,0,0,0,0,1,0,0,0,0,1,1,1,1,0,1,7,31,96,0,0,0,0,0x000601F07010F087
2499,-573,-9168,1,1,1,0,0,0,0,1,0,0,0,0,1,1,1,1,0,1,7,31,96,0,0,0,0,0x000601F07010F087
2500,-572,-9152,1,1,1,0,0,0,0,1,0,0,0,0,1,1,1,1,0,1,7,31,96,0,0,0,0,0x000601F07010F087
2501,-571,-9136,1,1,1,0,0,0,0,1,0,0,0,0,1,1,1,1,0,1,7,31,96,0,0,0,0,0x000601F07010F087
2502,-570,-9120,1,1,1,0,0,0,0,1,0,0,0,0,1,1,1,1,0,1,7,31,96,0,0,0,0,0x000601F07010F087
2503,-569,-9104,1,1,1,0,0,0,0,1,0,0,0,0,1,1,1,1,0,1,7,31,96,0,0,0,0,0x000601F07010F087
2504,-568,-9088,1,1,1,0,0,0,0,1,0,0,0,0,1,1,1,1,0,1,7,31,96,0,0,0,0,0x000601F07010F087
2505,-567,-9072,1,1,1,0,0,0,0,1,0,0,0,0,1,1,1,1,0,1,7,31,96,0,0,0,0,0x000601F07010F087
2506,-566,-9056,1,1,1,0,0,0,0,1,0,0,0,0,1,1,1,1,0,1,7,31,96,0,0,0,0,0x000601F07010F087
2507,-565,-9040,1,1,1,0,0,0,0,1,0,0,0,0,1,1,1,1,0,1,7,31,96,0,0,0,0,0x000601F07010F087
2508,-564,-9024,1,1,1,0,0,0,0,1,0,0,0,0,1,1,1,1,0,1,7,31,96,0,0,0,0,0x000601F07010F087
2509,-563,-9008,1,1,1,0,0,0,0,1,0,0,0,0,1,1,1,1,0,1,7,31,96,0,0,0,0,0x000601F07010F087
2510,-562,-8992,1,1,1,0,0,0,0,1,0,0,0,0,1,1,1,1,0,1,7,31,96,0,0,0,0,0x000601F07010F087
2511,-561,-8976,1,1,1,0,0,0,0,1,0,0,0,0,1,1,1,1,0,1,7,31,96,0,0,0,0,0x000601F07010F087
2512,-560,-8960,1,1,1,0,0,0,0,1,0,0,0,0,1,1,1,1,0,1,7,31,96,0,0,0,0,0x000601F07010F087
2513,-559,-8944,1,1,1,0,0,0,0,1,0,0,0,0,1,1,1,1,0,1,7,31,96,0,0,0,0,0x000601F07010F087
2514,-558,-8928,1,1,1,0,0,0,0,1,0,0,0,0,1,1,1,1,0,1,7,31,96,0,0,0,0,0x000601F07010F087
2515,-557,-8912,1,1,1,0,0,0,0,1,0,0,0,0,1,1,1,1,0,1,7,31,96,0,0,0,0,0x000601F07010F087
2516,-556,-8896,1,1,1,0,0,0,0,1,0,0,0,0,1,1,1,1,0,1,7,31,96,0,0,0,0,0x000601F07010F087
2517,-555,-8880,1,1,1,0,0,0,0,1,0,0,0,0,1,1,1,1,0,1,7,31,96,0,0,0,0,0x000601F07010F087
2518,-554,-8864,1,1,1,0,0,0,0,1,0,0,0,0,1,1,1,1,0,1,7,31,96,0,0,0,0,0x000601F07010F087
2519,-553,-8848,1,1,1,0,0,0,0,1,0,0,0,0,1,1,1,1,0,1,7,31,96,0,0,0,0,0x000601F07010F087
2520,-552,-8832,1,1,1,0,0,0,0,1,0,0,0,0,1,1,1,1,0,1,7,31,96,0,0,0,0,0x000601F07010F087
2521,-551,-8816,1,1,1,0,0,0,0,1,0,0,0,0,1,1,1,1,0,1,7,31,96,0,0,0,0,0x000601F07010F087
2522,-550,-8800,1,1,1,0,0,0,0,1,0,0,0,0,1,1,1,1,0,1,7,31,96,0,0,0,0,0x000601F07010F087
2523,-549,-8784,1,1,1,0,0,0,0,1,0,0,0,0,1,1,1,1,0,1,7,31,96,0,0,0,0,0x000601F07010F087
2524,-548,-8768,1,1,1,0,0,0,0,1,0,0,0,0,1,1,1,1,0,1,7,31,96,0,0,0,0,0x000601F07010F087
2525,-547,-8752,1,1,1,0,0,0,0,1,0,0,0,0,1,1,1,1,0,1,7,31,96,0,0,0,0,0x000601F07010F087
2526,-546,-8736,1,1,1,0,0,0,0,1,0,0,0,0,1,1,1,1,0,1,7,31,96,0,0,0,0,0x000601F07010F087
2527,-545,-8720,1,1,1,0,0,0,0,1,0,0,0,0,1,1,1,1,0,1,7,31,96,0,0,0,0,0x000601F07010F087
2528,-544,-8704,1,1,1,0,0,0,0,1,0,0,0,0,1,1,1,1,0,1,7,31,96,0,0,0,0,0x000601F07010F087
2529,-543,-8688,1,1,1,0,0,0,0,1,0,0,0,0,1,1,1,1,0,1,7,31,96,0,0,0,0,0x000601F07010F087
2530,-542,-8672,1,1,1,0,0,0,0,1,0,0,0,0,1,1,1,1,0,1,7,31,96,0,0,0,0,0x000601F07010F087
2531,-541,-8656,1,1,1,0,0,0,0,1,0,0,0,0,1,1,1,1,0,1,7,31,96,0,0,0,0,0x000601F07010F087
2532,-540,-8640,1,1,1,0,0,0,0,1,0,0,0,0,1,1,1,1,0,1,7,31,96,0,0,0,0,0x000601F07010F087
2533,-539,-8624,1,1,1,0,0,0,0,1,0,0,0,0,1,1,1,1,0,1,7,31,96,0,0,0,0,0x000601F07010F087
2534,-538,-8608,1,1,1,0,0,0,0,1,0,0,0,0,1,1,1,1,0,1,7,31,96,0,0,0,0,0x000601F07010F087
2535,-537,-8592,1,1,1,0,0,0,0,1,0,0,0,0,1,1,1,1,0,1,7,31,96,0,0,0,0,0x000601F07010F087
2536,-536,-8576,1,1,1,0,0,0,0,1,0,0,0,0,1,1,1,1,0,1,7,31,96,0,0,0,0,0x000601F07010F087
2537,-535,-8560,1,1,1,0,0,0,0,1,0,0,0,0,1,1,1,1,0,1,7,31,96,0,0,0,0,0x000601F07010F087
2538,-534,-8544,1,1,1,0,0,0,0,1,0,0,0,0,1,1,1,1,0,1,7,31,96,0,0,0,0,0x000601F07010F087
2539,-533,-8528,1,1,1,0,0,0,0,1,0,0,0,0,1,1,1,1,0,1,7,31,96,0,0,0,0,0x000601F07010F087
2540,-532,-8512,1,1,1,0,0,0,0,1,0,0,0,0,1,1,1,1,0,1,7,31,96,0,0,0,0,0x000601F07010F087
2541,-531,-8496,1,1,1,0,0,0,0,1,0,0,0,0,1,1,1,1,0,1,7,31,96,0,0,0,0,0x000601F07010F087
2542,-530,-8480,1,1,1,0,0,0,0,1,0,0,0,0,1,1,1,1,0,1,7,31,96,0,0,0,0,0x000601F07010F087
2543,-529,-8464,1,1,1,0,0,0,0,1,0,0,0,0,1,1,1,1,0,1,7,31,96,0,0,0,0,0x000601F07010F087
2544,-528,-8448,1,1,1,0,0,0,0,1,0,0,0,0,1,1,1,1,0,1,7,31,96,0,0,0,0,0x000601F07010F087
2545,-527,-8432,1,1,1,0,0,0,0,1,0,0,0,0,1,1,1,1,0,1,7,31,96,0,0,0,0,0x000601F07010F087
2546,-526,-8416,1,1,1,0,0,0,0,1,0,0,0,0,1,1,1,1,0,1,7,31,96,0,0,0,0,0x000601F07010F087
2547,-525,-8400,1,1,1,0,0,0,0,1,0,0,0,0,1,1,1,1,0,1,7,31,96,0,0,0,0,0x000601F07010F087
2548,-524,-8384,1,1,1,0,0,0,0,1,0,0,0,0,1,1,1,1,0,1,7,31,96,0,0,0,0,0x000601F07010F087
2549,-523,-8368,1,1,1,0,0,0,0,1,0,0,0,0,1,1,1,1,0,1,7,31,96,0,0,0,0,0x000601F07010F087
2550,-522,-8352,1,1,1,0,0,0,0,1,0,0,0,0,1,1,1,1,0,1,7,31,96,0,0,0,0,0x000601F07010F087
2551,-521,-8336,1,1,1,0,0,0,0,1,0,0,0,0,1,1,1,1,0,1,7,31,96,0,0,0,0,0x000601F07010F087
2552,-520,-8320,1,1,1,0,0,0,0,1,0,0,0,0,1,1,1,1,0,1,7,31,96,0,0,0,0,0x000601F07010F087
2553,-519,-8304,1,1,1,0,0,0,0,1,0,0,0,0,1,1,1,1,0,1,7,31,96,0,0,0,0,0x000601F07010F087
2554,-518,-8288,1,1,1,0,0,0,0,1,0,0,0,0,1,1,1,1,0,1,7,31,96,0,0,0,0,0x000601F07010F087
2555,-517,-8272,1,1,1,0,0,0,0,1,0,0,0,0,1,1,1,1,0,1,7,31,96,0,0,0,0,0x000601F07010F087
2556,-516,-8256,1,1,1,0,0,0,0,1,0,0,0,0,1,1,1,1,0,1,7,31,96,0,0,0,0,0x000601F07010F087
2557,-515,-8240,1,1,1,0,0,0,0,1,0,0,0,0,1,1,1,1,0,1,7,31,96,0,0,0,0,0x000601F07010F087
2558,-514,-8224,1,1,1,0,0,0,0,1,0,0,0,0,1,1,1,1,0,1,7,31,96,0,0,0,0,0x000601F07010F087
2559,-513,-8208,1,1,1,0,0,0,0,1,0,0,0,0,1,1,1,1,0,1,7,31,96,0,0,0,0,0x000601F07010F087
2560,-512,-8192,1,1,1,0,0,0,0,1,0,0,0,0,1,1,1,1,0,1,7,31,96,0,0,0,0,0x000601F07010F087
2561,-511,-8176,1,1,1,0,0,0,0,1,0,0,0,0,1,1,1,1,0,1,7,31,96,0,0,0,0,0x000601F07010F087
2562,-510,-8160,1,1,1,0,0,0,0,1,0,0,0,0,1,1,1,1,0,1,7,31,96,0,0,0,0,0x000601F07010F087
2563,-509,-8144,1,1,1,0,0,0,0,1,0,0,0,0,1,1,1,1,0,1,7,31,96,0,0,0,0,0x000601F07010F087
2564,-508,-8128,1,1,1,0,0,0,0,1,0,0,0,0,1,1,1,1,0,1,7,31,96,0,0,0,0,0x000601F07010F087
2565,-507,-8112,1,1,1,0,0,0,0,1,0,0,0,0,1,1,1,1,0,1,7,31,96,0,0,0,0,0x000601F07010F087
2566,-506,-8096,1,1,1,0,0,0,0,1,0,0,0,0,1,1,1,1,0,1,7,31,96,0,0,0,0,0x000601F07010F087
2567,-505,-8080,1,1,1,0,0,0,0,1,0,0,0,0,1,1,1,1,0,1,7,31,96,0,0,0,0,0x000601F07010F087
2568,-504,-8064,1,1,1,0,0,0,0,1,0,0,0,0,1,1,1,1,0,1,7,31,96,0,0,0,0,0x000601F07010F087
2569,-503,-8048,1,1,1,0,0,0,0,1,0,0,0,0,1,1,1,1,0,1,7,31,96,0,0,0,0,0x000601F07010F087
2570,-502,-8032,1,1,1,0,0,0,0,1,0,0,0,0,1,1,1,1,0,1,7,31,96,0,0,0,0,0x000601F07010F087
2571,-501,-8016,1,1,1,0,0,0,0,1,0,0,0,0,1,1,1,1,0,1,7,31,96,0,0,0,0,0x000601F07010F087
2572,-500,-8000,1,1,1,0,0,0,0,1,0,0,0,0,1,1,1,1,0,1,7,31,96,0,0,0,0,0x000601F07010F087
2573,-499,-7984,1,1,1,0,0,0,0,1,0,0,0,0,1,1,1,1,0,1,7,31,96,0,0,0,0,0x000601F07010F087
2574,-498,-7968,1,1,1,0,0,0,0,1,0,0,0,0,1,1,1,1,0,1,7,31,96,0,0,0,0,0x000601F07010F087
2575,-497,-7952,1,1,1,0,0,0,0,1,0,0,0,0,1,1,1,1,0,1,7,31,96,0,0,0,0,0x000601F07010F087
2576,-496,-7936,1,1,1,0,0,0,0,1,0,0,0,0,1,1,1,1,0,1,7,31,96,0,0,0,0,0x000601F07010F087
2577,-495,-7920,1,1,1,0,0,0,0,1,0,0,0,0,1,1,1,1,0,1,7,31,96,0,0,0,0,0x000601F07010F087
2578,-494,-7904,1,1,1,0,0,0,0,1,0,0,0,0,1,1,1,1,0,1,7,31,96,0,0,0,0,0x000601F07010F087
2579,-493,-7888,1,1,1,0,0,0,0,1,0,0,0,0,1,1,1,1,0,1,7,31,96,0,0,0,0,0x000601F07010F087
2580,-492,-7872,1,1,1,0,0,0,0,1,0,0,0,0,1,1,1,1,0,1,7,31,96,0,0,0,0,0x000601F07010F087
2581,-491,-7856,1,1,1,0,0,0,0,1,0,0,0,0,1,1,1,1,0,1,7,31,96,0,0,0,0,0x000601F07010F087
2582,-490,-7840,1,1,1,0,0,0,0,1,0,0,0,0,1,1,1,1,0,1,7,31,96,0,0,0,0,0x000601F07010F087
2583,-489,-7824,1,1,1,0,0,0,0,1,0,0,0,0,1,1,1,1,0,1,7,31,96,0,0,0,0,0x000601F07010F087
2584,-488,-7808,1,1,1,0,0,0,0,1,0,0,0,0,1,1,1,1,0,1,7,31,96,0,0,0,0,0x000601F07010F087
2585,-487,-7792,1,1,1,0,0,0,0,1,0,0,0,0,1,1,1,1,0,1,7,31,96,0,0,0,0,0x000601F07010F087
2586,-486,-7776,1,1,1,0,0,0,0,1,0,0,0,0,1,1,1,1,0,1,7,31,96,0,0,0,0,0x000601F07010F087
2587,-485,-7760,1,1,1,0,0,0,0,1,0,0,0,0,1,1,1,1,0,1,7,31,96,0,0,0,0,0x000601F07010F087
2588,-484,-7744,1,1,1,0,0,0,0,1,0,0,0,0,1,1,1,1,0,1,7,31,96,0,0,0,0,0x000601F07010F087
2589,-483,-7728,1,1,1,0,0,0,0,1,0,0,0,0,1,1,1,1,0,1,7,31,96,0,0,0,0,0x000601F07010F087
2590,-482,-7712,1,1,1,0,0,0,0,1,0,0,0,0,1,1,1,1,0,1,7,31,96,0,0,0,0,0x000601F07010F087
2591,-481,-7696,1,1,1,0,0,0,0,1,0,0,0,0,1,1,1,1,0,1,7,31,96,0,0,0,0,0x000601F07010F087
2592,-480,-7680,1,1,1,0,0,0,0,1,0,0,0,0,1,1,1,1,0,1,7,31,96,0,0,0,0,0x000601F07010F087
2593,-479,-7664,1,1,1,0,0,0,0,1,0,0,0,0,1,1,1,1,0,1,7,31,96,0,0,0,0,0x000601F07010F087
2594,-478,-7648,1,1,1,0,0,0,0,1,0,0,0,0,1,1,1,1,0,1,7,31,96,0,0,0,0,0x000601F07010F087
2595,-477,-7632,1,1,1,0,0,0,0,1,0,0,0,0,1,1,1,1,0,1,7,31,96,0,0,0,0,0x000601F07010F087
2596,-476,-7616,1,1,1,0,0,0,0,1,0,0,0,0,1,1,1,1,0,1,7,31,96,0,0,0,0,0x000601F07010F087
2597,-475,-7600,1,1,1,0,0,0,0,1,0,0,0,0,1,1,1,1,0,1,7,31,96,0,0,0,0,0x000601F07010F087
2598,-474,-7584,1,1,1,0,0,0,0,1,0,0,0,0,1,1,1,1,0,1,7,31,96,0,0,0,0,0x000601F07010F087
2599,-473,-7568,1,1,1,0,0,0,0,1,0,0,0,0,1,1,1,1,0,1,7,31,96,0,0,0,0,0x000601F07010F087
2600,-472,-7552,1,1,1,0,0,0,0,1,0,0,0,0,1,1,1,1,0,1,7,31,96,0,0,0,0,0x000601F07010F087
2601,-471,-7536,1,1,1,0,0,0,0,1,0,0,0,0,1,1,1,1,0,1,7,31,96,0,0,0,0,0x000601F07010F087
2602,-470,-7520,1,1,1,0,0,0,0,1,0,0,0,0,1,1,1,1,0,1,7,31,96,0,0,0,0,0x000601F07010F087
2603,-469,-7504,1,1,1,0,0,0,0,1,0,0,0,0,1,1,1,1,0,1,7,31,96,0,0,0,0,0x000601F07010F087
2604,-468,-7488,1,1,1,0,0,0,0,1,0,0,0,0,1,1,1,1,0,1,7,31,96,0,0,0,0,0x000601F07010F087
2605,-467,-7472,1,1,1,0,0,0,0,1,0,0,0,0,1,1,1,1,0,1,7,31,96,0,0,0,0,0x000601F07010F087
2606,-466,-7456,1,1,1,0,0,0,0,1,0,0,0,0,1,1,1,1,0,1,7,31,96,0,0,0,0,0x000601F07010F087
2607,-465,-7440,1,1,1,0,0,0,0,1,0,0,0,0,1,1,1,1,0,1,7,31,96,0,0,0,0,0x000601F07010F087
2608,-464,-7424,1,1,1,0,0,0,0,1,0,0,0,0,1,1,1,1,0,1,7,31,96,0,0,0,0,0x000601F07010F087
2609,-463,-7408,1,1,1,0,0,0,0,1,0,0,0,0,1,1,1,1,0,1,7,31,96,0,0,0,0,0x000601F07010F087
2610,-462,-7392,1,1,1,0,0,0,0,1,0,0,0,0,1,1,1,1,0,1,7,31,96,0,0,0,0,0x000601F07010F087
2611,-461,-7376,1,1,1,0,0,0,0,1,0,0,0,0,1,1,1,1,0,1,7,31,96,0,0,0,0,0x000601F07010F087
2612,-460,-7360,1,1,1,0,0,0,0,1,0,0,0,0,1,1,1,1,0,1,7,31,96,0,0,0,0,0x000601F07010F087
2613,-459,-7344,1,1,1,0,0,0,0,1,0,0,0,0,1,1,1,1,0,1,7,31,96,0,0,0,0,0x000601F07010F087
2614,-458,-7328,1,1,1,0,0,0,0,1,0,0,0,0,1,1,1,1,0,1,7,31,96,0,0,0,0,0x000601F07010F087
2615,-457,-7312,1,1,1,0,0,0,0,1,0,0,0,0,1,1,1,1,0,1,7,31,96,0,0,0,0,0x000601F07010F087
2616,-456,-7296,1,1,1,0,0,0,0,1,0,0,0,0,1,1,1,1,0,1,7,31,96,0,0,0,0,0x000601F07010F087
2617,-455,-7280,1,1,1,0,0,0,0,1,0,0,0,0,1,1,1,1,0,1,7,31,96,0,0,0,0,0x000601F07010F087
2618,-454,-7264,1,1,1,0,0,0,0,1,0,0,0,0,1,1,1,1,0,1,7,31,96,0,0,0,0,0x000601F07010F087
2619,-453,-7248,1,1,1,0,0,0,0,1,0,0,0,0,1,1,1,1,0,1,7,31,96,0,0,0,0,0x000601F07010F087
2620,-452,-7232,1,1,1,0,0,0,0,1,0,0,0,0,1,1,1,1,0,1,7,31,96,0,0,0,0,0x000601F07010F087
2621,-451,-7216,1,1,1,0,0,0,0,1,0,0,0,0,1,1,1,1,0,1,7,31,96,0,0,0,0,0x000601F07010F087
2622,-450,-7200,1,1,1,0,0,0,0,1,0,0,0,0,1,1,1,1,0,1,7,31,96,0,0,0,0,0x000601F07010F087
2623,-449,-7184,1,1,1,0,0,0,0,1,0,0,0,0,1,1,1,1,0,1,7,31,96,0,0,0,0,0x000601F07010F087
2624,-448,-7168,1,1,1,0,0,0,0,1,0,0,0,0,1,1,1,1,0,1,7,31,96,0,0,0,0,0x000601F07010F087
2625,-447,-7152,1,1,1,0,0,0,0,1,0,0,0,0,1,1,1,1,0,1,7,31,96,0,0,0,0,0x000601F07010F087
2626,-446,-7136,1,1,1,0,0,0,0,1,0,0,0,0,1,1,1,1,0,1,7,31,96,0,0,0,0,0x000601F07010F087
2627,-445,-7120,1,1,1,0,0,0,0,1,0,0,0,0,1,1,1,1,0,1,7,31,96,0,0,0,0,0x000601F07010F087
2628,-444,-7104,1,1,1,0,0,0,0,1,0,0,0,0,1,1,1,1,0,1,7,31,96,0,0,0,0,0x000601F07010F087
2629,-443,-7088,1,1,1,0,0,0,0,1,0,0,0,0,1,1,1,1,0,1,7,31,96,0,0,0,0,0x000601F07010F087
2630,-442,-7072,1,1,1,0,0,0,0,1,0,0,0,0,1,1,1,1,0,1,7,31,96,0,0,0,0,0x000601F07010F087
2631,-441,-7056,1,1,1,0,0,0,0,1,0,0,0,0,1,1,1,1,0,1,7,31,96,0,0,0,0,0x000601F07010F087
2632,-440,-7040,1,1,1,0,0,0,0,1,0,0,0,0,1,1,1,1,0,1,7,31,96,0,0,0,0,0x000601F07010F087
2633,-439,-7024,1,1,1,0,0,0,0,1,0,0,0,0,1,1,1,1,0,1,7,31,96,0,0,0,0,0x000601F07010F087
2634,-438,-7008,1,1,1,0,0,0,0,1,0,0,0,0,1,1,1,1,0,1,7,31,96,0,0,0,0,0x000601F07010F087
2635,-437,-6992,1,1,1,0,0,0,0,1,0,0,0,0,1,1,1,1,0,1,7,31,96,0,0,0,0,0x000601F07010F087
2636,-436,-6976,1,1,1,0,0,0,0,1,0,0,0,0,1,1,1,1,0,1,7,31,96,0,0,0,0,0x000601F07010F087
2637,-435,-6960,1,1,1,0,0,0,0,1,0,0,0,0,1,1,1,1,0,1,7,31,96,0,0,0,0,0x000601F07010F087
2638,-434,-6944,1,1,1,0,0,0,0,1,0,0,0,0,1,1,1,1,0,1,7,31,96,0,0,0,0,0x000601F07010F087
2639,-433,-6928,1,1,1,0,0,0,0,1,0,0,0,0,1,1,1,1,0,1,7,31,96,0,0,0,0,0x000601F07010F087
2640,-432,-6912,1,1,1,0,0,0,0,1,0,0,0,0,1,1,1,1,0,1,7,31,96,0,0,0,0,0x000601F07010F087
2641,-431,-6896,1,1,1,0,0,0,0,1,0,0,0,0,1,1,1,1,0,1,7,31,96,0,0,0,0,0x000601F07010F087
2642,-430,-6880,1,1,1,0,0,0,0,1,0,0,0,0,1,1,1,1,0,1,7,31,96,0,0,0,0,0x000601F07010F087
2643,-429,-6864,1,1,1,0,0,0,0,1,0,0,0,0,1,1,1,1,0,1,7,31,96,0,0,0,0,0x000601F07010F087
2644,-428,-6848,1,1,1,0,0,0,0,1,0,0,0,0,1,1,1,1,0,1,7,31,96,0,0,0,0,0x000601F07010F087
2645,-427,-6832,1,1,1,0,0,0,0,1,0,0,0,0,1,1,1,1,0,1,7,31,96,0,0,0,0,0x000601F07010F087
2646,-426,-6816,1,1,1,0,0,0,0,1,0,0,0,0,1,1,1,1,0,1,7,31,96,0,0,0,0,0x000601F07010F087
2647,-425,-6800,1,1,1,0,0,0,0,1,0,0,0,0,1,1,1,1,0,1,7,31,96,0,0,0,0,0x000601F07010F087
2648,-424,-6784,1,1,1,0,0,0,0,1,0,0,0,0,1,1,1,1,0,1,7,31,96,0,0,0,0,0x000601F07010F087
2649,-423,-6768,1,1,1,0,0,0,0,1,0,0,0,0,1,1,1,1,0,1,7,31,96,0,0,0,0,0x000601F07010F087
2650,-422,-6752,1,1,1,0,0,0,0,1,0,0,0,0,1,1,1,1,0,1,7,31,96,0,0,0,0,0x000601F07010F087
2651,-421,-6736,1,1,1,0,0,0,0,1,0,0,0,0,1,1,1,1,0,1,7,31,96,0,0,0,0,0x000601F07010F087
2652,-420,-6720,1,1,1,0,0,0,0,1,0,0,0,0,1,1,1,1,0,1,7,31,96,0,0,0,0,0x000601F07010F087
2653,-419,-6704,1,1,1,0,0,0,0,1,0,0,0,0,1,1,1,1,0,1,7,31,96,0,0,0,0,0x000601F07010F087
2654,-418,-6688,1,1,1,0,0,0,0,1,0,0,0,0,1,1,1,1,0,1,7,31,96,0,0,0,0,0x000601F07010F087
2655,-417,-6672,1,1,1,0,0,0,0,1,0,0,0,0,1,1,1,1,0,1,7,31,96,0,0,0,0,0x000601F07010F087
2656,-416,-6656,1,1,1,0,0,0,0,1,0,0,0,0,1,1,1,1,0,1,7,31,96,0,0,0,0,0x000601F07010F087
2657,-415,-6640,1,1,1,0,0,0,0,1,0,0,0,0,1,1,1,1,0,1,7,31,96,0,0,0,0,0x000601F07010F087
2658,-414,-6624,1,1,1,0,0,0,0,1,0,0,0,0,1,1,1,1,0,1,7,31,96,0,0,0,0,0x000601F07010F087
2659,-413,-6608,1,1,1,0,0,0,0,1,0,0,0,0,1,1,1,1,0,1,7,31,96,0,0,0,0,0x000601F07010F087
2660,-412,-6592,1,1,1,0,0,0,0,1,0,0,0,0,1,1,1,1,0,1,7,31,96,0,0,0,0,0x000601F07010F087
2661,-411,-6576,1,1,1,0,0,0,0,1,0,0,0,0,1,1,1,1,0,1,7,31,96,0,0,0,0,0x000601F07010F087
2662,-410,-6560,1,1,1,0,0,0,0,1,0,0,0,0,1,1,1,1,0,1,7,31,96,0,0,0,0,0x000601F07010F087
2663,-409,-6544,1,1,1,0,0,0,0,1,0,0,0,0,1,1,1,1,0,1,7,31,96,0,0,0,0,0x000601F07010F087
2664,-408,-6528,1,1,1,0,0,0,0,1,0,0,0,0,1,1,1,1,0,1,7,31,96,0,0,0,0,0x000601F07010F087
2665,-407,-6512,1,1,1,0,0,0,0,1,0,0,0,0,1,1,1,1,0,1,7,31,96,0,0,0,0,0x000601F07010F087
2666,-406,-6496,1,1,1,0,0,0,0,1,0,0,0,0,1,1,1,1,0,1,7,31,96,0,0,0,0,0x000601F07010F087
2667,-405,-6480,1,1,1,0,0,0,0,1,0,0,0,0,1,1,1,1,0,1,7,31,96,0,0,0,0,0x000601F07010F087
2668,-404,-6464,1,1,1,0,0,0,0,1,0,0,0,0,1,1,1,1,0,1,7,31,96,0,0,0,0,0x000601F07010F087
2669,-403,-6448,1,1,1,0,0,0,0,1,0,0,0,0,1,1,1,1,0,1,7,31,96,0,0,0,0,0x000601F07010F087
2670,-402,-6432,1,1,1,0,0,0,0,1,0,0,0,0,1,1,1,1,0,1,7,31,96,0,0,0,0,0x000601F07010F087
2671,-401,-6416,1,1,1,0,0,0,0,1,0,0,0,0,1,1,1,1,0,1,7,31,96,0,0,0,0,0x000601F07010F087
2672,-400,-6400,1,1,1,0,0,0,0,1,0,0,0,0,1,1,1,1,0,1,7,31,96,0,0,0,0,0x000601F07010F087
2673,-399,-6384,1,1,1,0,0,0,0,1,0,0,0,0,1,1,1,1,0,1,7,31,96,0,0,0,0,0x000601F07010F087
2674,-398,-6368,1,1,1,0,0,0,0,1,0,0,0,0,1,1,1,1,0,1,7,31,96,0,0,0,0,0x000601F07010F087
2675,-397,-6352,1,1,1,0,0,0,0,1,0,0,0,0,1,1,1,1,0,1,7,31,96,0,0,0,0,0x000601F07010F087
2676,-396,-6336,1,1,1,0,0,0,0,1,0,0,0,0,1,1,1,1,0,1,7,31,96,0,0,0,0,0x000601F07010F087
2677,-395,-6320,1,1,1,0,0,0,0,1,0,0,0,0,1,1,1,1,0,1,7,31,96,0,0,0,0,0x000601F07010F087
2678,-394,-6304,1,1,1,0,0,0,0,1,0,0,0,0,1,1,1,1,0,1,7,31,96,0,0,0,0,0x000601F07010F087
2679,-393,-6288,1,1,1,0,0,0,0,1,0,0,0,0,1,1,1,1,0,1,7,31,96,0,0,0,0,0x000601F07010F087
2680,-392,-6272,1,1,1,0,0,0,0,1,0,0,0,0,1,1,1,1,0,1,7,31,96,0,0,0,0,0x000601F07010F087
2681,-391,-6256,1,1,1,0,0,0,0,1,0,0,0,0,1,1,1,1,0,1,7,31,96,0,0,0,0,0x000601F07010F087
2682,-390,-6240,1,1,1,0,0,0,0,1,0,0,0,0,1,1,1,1,0,1,7,31,96,0,0,0,0,0x000601F07010F087
2683,-389,-6224,1,1,1,0,0,0,0,1,0,0,0,0,1,1,1,1,0,1,7,31,96,0,0,0,0,0x000601F07010F087
2684,-388,-6208,1,1,1,0,0,0,0,1,0,0,0,0,1,1,1,1,0,1,7,31,96,0,0,0,0,0x000601F07010F087
2685,-387,-6192,1,1,1,0,0,0,0,1,0,0,0,0,1,1,1,1,0,1,7,31,96,0,0,0,0,0x000601F07010F087
2686,-386,-6176,1,1,1,0,0,0,0,1,0,0,0,0,1,1,1,1,0,1,7,31,96,0,0,0,0,0x000601F07010F087
2687,-385,-6160,1,1,1,0,0,0,0,1,0,0,0,0,1,1,1,1,0,1,7,31,96,0,0,0,0,0x000601F07010F087
2688,-384,-6144,1,1,1,0,0,0,0,1,0,0,0,0,1,1,1,1,0,1,7,31,96,0,0,0,0,0x000601F07010F087
2689,-383,-6128,1,1,1,0,0,0,0,1,0,0,0,0,1,1,1,1,0,1,7,31,96,0,0,0,0,0x000601F07010F087
2690,-382,-6112,1,1,1,0,0,0,0,1,0,0,0,0,1,1,1,1,0,1,7,31,96,0,0,0,0,0x000601F07010F087
2691,-381,-6096,1,1,1,0,0,0,0,1,0,0,0,0,1,1,1,1,0,1,7,31,96,0,0,0,0,0x000601F07010F087
2692,-380,-6080,1,1,1,0,0,0,0,1,0,0,0,0,1,1,1,1,0,1,7,31,96,0,0,0,0,0x000601F07010F087
2693,-379,-6064,1,1,1,0,0,0,0,1,0,0,0,0,1,1,1,1,0,1,7,31,96,0,0,0,0,0x000601F07010F087
2694,-378,-6048,1,1,1,0,0,0,0,1,0,0,0,0,1,1,1,1,0,1,7,31,96,0,0,0,0,0x000601F07010F087
2695,-377,-6032,1,1,1,0,0,0,0,1,0,0,0,0,1,1,1,1,0,1,7,31,96,0,0,0,0,0x000601F07010F087
2696,-376,-6016,1,1,1,0,0,0,0,1,0,0,0,0,1,1,1,1,0,1,7,31,96,0,0,0,0,0x000601F07010F087
2697,-375,-6000,1,1,1,0,0,0,0,1,0,0,0,0,1,1,1,1,0,1,7,31,96,0,0,0,0,0x000601F07010F087
2698,-374,-5984,1,1,1,0,0,0,0,1,0,0,0,0,1,1,1,1,0,1,7,31,96,0,0,0,0,0x000601F07010F087
2699,-373,-5968,1,1,1,0,0,0,0,1,0,0,0,0,1,1,1,1,0,1,7,31,96,0,0,0,0,0x000601F07010F087
2700,-372,-5952,1,1,1,0,0,0,0,1,0,0,0,0,1,1,1,1,0,1,7,31,96,0,0,0,0,0x000601F07010F087
2701,-371,-5936,1,1,1,0,0,0,0,1,0,0,0,0,1,1,1,1,0,1,7,31,96,0,0,0,0,0x000601F07010F087
2702,-370,-5920,1,1,1,0,0,0,0,1,0,0,0,0,1,1,1,1,0,1,7,31,96,0,0,0,0,0x000601F07010F087
2703,-369,-5904,1,1,1,0,0,0,0,1,0,0,0,0,1,1,1,1,0,1,7,31,96,0,0,0,0,0x000601F07010F087
2704,-368,-5888,1,1,1,0,0,0,0,1,0,0,0,0,1,1,1,1,0,1,7,31,96,0,0,0,0,0x000601F07010F087
2705,-367,-5872,1,1,1,0,0,0,0,1,0,0,0,0,1,1,1,1,0,1,7,31,96,0,0,0,0,0x000601F07010F087
2706,-366,-5856,1,1,1,0,0,0,0,1,0,0,0,0,1,1,1,1,0,1,7,31,96,0,0,0,0,0x000601F07010F087
2707,-365,-5840,1,1,1,0,0,0,0,1,0,0,0,0,1,1,1,1,0,1,7,31,96,0,0,0,0,0x000601F07010F087
2708,-364,-5824,1,1,1,0,0,0,0,1,0,0,0,0,1,1,1,1,0,1,7,31,96,0,0,0,0,0x000601F07010F087
2709,-363,-5808,1,1,1,0,0,0,0,1,0,0,0,0,1,1,1,1,0,1,7,31,96,0,0,0,0,0x000601F07010F087
2710,-362,-5792,1,1,1,0,0,0,0,1,0,0,0,0,1,1,1,1,0,1,7,31,96,0,0,0,0,0x000601F07010F087
2711,-361,-5776,1,1,1,0,0,0,0,1,0,0,0,0,1,1,1,1,0,1,7,31,96,0,0,0,0,0x000601F07010F087
2712,-360,-5760,1,1,1,0,0,0,0,1,0,0,0,0,1,1,1,1,0,1,7,31,96,0,0,0,0,0x000601F07010F087
2713,-359,-5744,1,1,1,0,0,0,0,1,0,0,0,0,1,1,1,1,0,1,7,31,96,0,0,0,0,0x000601F07010F087
2714,-358,-5728,1,1,1,0,0,0,0,1,0,0,0,0,1,1,1,1,0,1,7,31,96,0,0,0,0,0x000601F07010F087
2715,-357,-5712,1,1,1,0,0,0,0,1,0,0,0,0,1,1,1,1,0,1,7,31,96,0,0,0,0,0x000601F07010F087
2716,-356,-5696,1,1,1,0,0,0,0,1,0,0,0,0,1,1,1,1,0,1,7,31,96,0,0,0,0,0x000601F07010F087
2717,-355,-5680,1,1,1,0,0,0,0,1,0,0,0,0,1,1,1,1,0,1,7,31,96,0,0,0,0,0x000601F07010F087
2718,-354,-5664,1,1,1,0,0,0,0,1,0,0,0,0,1,1,1,1,0,1,7,31,96,0,0,0,0,0x000601F07010F087
2719,-353,-5648,1,1,1,0,0,0,0,1,0,0,0,0,1,1,1,1,0,1,7,31,96,0,0,0,0,0x000601F07010F087
2720,-352,-5632,1,1,1,0,0,0,0,1,0,0,0,0,1,1,1,1,0,1,7,31,96,0,0,0,0,0x000601F07010F087
2721,-351,-5616,1,1,1,0,0,0,0,1,0,0,0,0,1,1,1,1,0,1,7,31,96,0,0,0,0,0x000601F07010F087
2722,-350,-5600,1,1,1,0,0,0,0,1,0,0,0,0,1,1,1,1,0,1,7,31,96,0,0,0,0,0x000601F07010F087
2723,-349,-5584,1,1,1,0,0,0,0,1,0,0,0,0,1,1,1,1,0,1,7,31,96,0,0,0,0,0x000601F07010F087
2724,-348,-5568,1,1,1,0,0,0,0,1,0,0,0,0,1,1,1,1,0,1,7,31,96,0,0,0,0,0x000601F07010F087
2725,-347,-5552,1,1,1,0,0,0,0,1,0,0,0,0,1,1,1,1,0,1,7,31,96,0,0,0,0,0x000601F07010F087
2726,-346,-5536,1,1,1,0,0,0,0,1,0,0,0,0,1,1,1,1,0,1,7,31,96,0,0,0,0,0x000601F07010F087
2727,-345,-5520,1,1,1,0,0,0,0,1,0,0,0,0,1,1,1,1,0,1,7,31,96,0,0,0,0,0x000601F07010F087
2728,-344,-5504,1,1,1,0,0,0,0,1,0,0,0,0,1,1,1,1,0,1,7,31,96,0,0,0,0,0x000601F07010F087
2729,-343,-5488,1,1,1,0,0,0,0,1,0,0,0,0,1,1,1,1,0,1,7,31,96,0,0,0,0,0x000601F07010F087
2730,-342,-5472,1,1,1,0,0,0,0,1,0,0,0,0,1,1,1,1,0,1,7,31,96,0,0,0,0,0x000601F07010F087
2731,-341,-5456,1,1,1,0,0,0,0,1,0,0,0,0,1,1,1,1,0,1,7,31,96,0,0,0,0,0x000601F07010F087
2732,-340,-5440,1,1,1,0,0,0,0,1,0,0,0,0,1,1,1,1,0,1,7,31,96,0,0,0,0,0x000601F07010F087
2733,-339,-5424,1,1,1,0,0,0,0,1,0,0,0,0,1,1,1,1,0,1,7,31,96,0,0,0,0,0x000601F07010F087
2734,-338,-5408,1,1,1,0,0,0,0,1,0,0,0,0,1,1,1,1,0,1,7,31,96,0,0,0,0,0x000601F07010F087
2735,-337,-5392,1,1,1,0,0,0,0,1,0,0,0,0,1,1,1,1,0,1,7,31,96,0,0,0,0,0x000601F07010F087
2736,-336,-5376,1,1,1,0,0,0,0,1,0,0,0,0,1,1,1,1,0,1,7,31,96,0,0,0,0,0x000601F07010F087
2737,-335,-5360,1,1,1,0,0,0,0,1,0,0,0,0,1,1,1,1,0,1,7,31,96,0,0,0,0,0x000601F07010F087
2738,-334,-5344,1,1,1,0,0,0,0,1,0,0,0,0,1,1,1,1,0,1,7,31,96,0,0,0,0,0x000601F07010F087
2739,-333,-5328,1,1,1,0,0,0,0,1,0,0,0,0,1,1,1,1,0,1,7,31,96,0,0,0,0,0x000601F07010F087
2740,-332,-5312,1,1,1,0,0,0,0,1,0,0,0,0,1,1,1,1,0,1,7,31,96,0,0,0,0,0x000601F07010F087
2741,-331,-5296,1,1,1,0,0,0,0,1,0,0,0,0,1,1,1,1,0,1,7,31,96,0,0,0,0,0x000601F07010F087
2742,-330,-5280,1,1,1,0,0,0,0,1,0,0,0,0,1,1,1,1,0,1,7,31,96,0,0,0,0,0x000601F07010F087
2743,-329,-5264,1,1,1,0,0,0,0,1,0,0,0,0,1,1,1,1,0,1,7,31,96,0,0,0,0,0x000601F07010F087
2744,-328,-5248,1,1,1,0,0,0,0,1,0,0,0,0,1,1,1,1,0,1,7,31,96,0,0,0,0,0x000601F07010F087
2745,-327,-5232,1,1,1,0,0,0,0,1,0,0,0,0,1,1,1,1,0,1,7,31,96,0,0,0,0,0x000601F07010F087
2746,-326,-5216,1,1,1,0,0,0,0,1,0,0,0,0,1,1,1,1,0,1,7,31,96,0,0,0,0,0x000601F07010F087
2747,-325,-5200,1,1,1,0,0,0,0,1,0,0,0,0,1,1,1,1,0,1,7,31,96,0,0,0,0,0x000601F07010F087
2748,-324,-5184,1,1,1,0,0,0,0,1,0,0,0,0,1,1,1,1,0,1,7,31,96,0,0,0,0,0x000601F07010F087
2749,-323,-5168,1,1,1,0,0,0,0,1,0,0,0,0,1,1,1,1,0,1,7,31,96,0,0,0,0,0x000601F07010F087
2750,-322,-5152,1,1,1,0,0,0,0,1,0,0,0,0,1,1,1,1,0,1,7,31,96,0,0,0,0,0x000601F07010F087
2751,-321,-5136,1,1,1,0,0,0,0,1,0,0,0,0,1,1,1,1,0,1,7,31,96,0,0,0,0,0x000601F07010F087
2752,-320,-5120,1,1,1,0,0,0,0,1,0,0,0,0,1,1,1,1,0,1,7,31,96,0,0,0,0,0x000601F07010F087
2753,-319,-5104,1,1,1,0,0,0,0,1,0,0,0,0,1,1,1,1,0,1,7,31,96,0,0,0,0,0x000601F07010F087
2754,-318,-5088,1,1,1,0,0,0,0,1,0,0,0,0,1,1,1,1,0,1,7,31,96,0,0,0,0,0x000601F07010F087
2755,-317,-5072,1,1,1,0,0,0,0,1,0,0,0,0,1,1,1,1,0,1,7,31,96,0,0,0,0,0x000601F07010F087
2756,-316,-5056,1,1,1,0,0,0,0,1,0,0,0,0,1,1,1,1,0,1,7,31,96,0,0,0,0,0x000601F07010F087
2757,-315,-5040,1,1,1,0,0,0,0,1,0,0,0,0,1,1,1,1,0,1,7,31,96,0,0,0,0,0x000601F07010F087
2758,-314,-5024,1,1,1,0,0,0,0,1,0,0,0,0,1,1,1,1,0,1,7,31,96,0,0,0,0,0x000601F07010F087
2759,-313,-5008,1,1,1,0,0,0,0,1,0,0,0,0,1,1,1,1,0,1,7,31,96,0,0,0,0,0x000601F07010F087
2760,-312,-4992,1,1,1,0,0,0,0,1,0,0,0,0,1,1,1,1,0,1,7,31,96,0,0,0,0,0x000601F07010F087
2761,-311,-4976,1,1,1,0,0,0,0,1,0,0,0,0,1,1,1,1,0,1,7,31,96,0,0,0,0,0x000601F07010F087
2762,-310,-4960,1,1,1,0,0,0,0,1,0,0,0,0,1,1,1,1,0,1,7,31,96,0,0,0,0,0x000601F07010F087
2763,-309,-4944,1,1,1,0,0,0,0,1,0,0,0,0,1,1,1,1,0,1,7,31,96,0,0,0,0,0x000601F07010F087
2764,-308,-4928,1,1,1,0,0,0,0,1,0,0,0,0,1,1,1,1,0,1,7,31,96,0,0,0,0,0x000601F07010F087
2765,-307,-4912,1,1,1,0,0,0,0,1,0,0,0,0,1,1,1,1,0,1,7,31,96,0,0,0,0,0x000601F07010F087
2766,-306,-4896,1,1,1,0,0,0,0,1,0,0,0,0,1,1,1,1,0,1,7,31,96,0,0,0,0,0x000601F07010F087
2767,-305,-4880,1,1,1,0,0,0,0,1,0,0,0,0,1,1,1,1,0,1,7,31,96,0,0,0,0,0x000601F07010F087
2768,-304,-4864,1,1,1,0,0,0,0,1,0,0,0,0,1,1,1,1,0,1,7,31,96,0,0,0,0,0x000601F07010F087
2769,-303,-4848,1,1,1,0,0,0,0,1,0,0,0,0,1,1,1,1,0,1,7,31,96,0,0,0,0,0x000601F07010F087
2770,-302,-4832,1,1,1,0,0,0,0,1,0,0,0,0,1,1,1,1,0,1,7,31,96,0,0,0,0,0x000601F07010F087
2771,-301,-4816,1,1,1,0,0,0,0,1,0,0,0,0,1,1,1,1,0,1,7,31,96,0,0,0,0,0x000601F07010F087
2772,-300,-4800,1,1,1,0,0,0,0,1,0,0,0,0,1,1,1,1,0,1,7,31,96,0,0,0,0,0x000601F07010F087
2773,-299,-4784,1,1,1,0,0,0,0,1,0,0,0,0,1,1,1,1,0,1,7,31,96,0,0,0,0,0x000601F07010F087
2774,-298,-4768,1,1,1,0,0,0,0,1,0,0,0,0,1,1,1,1,0,1,7,31,96,0,0,0,0,0x000601F07010F087
2775,-297,-4752,1,1,1,0,0,0,0,1,0,0,0,0,1,1,1,1,0,1,7,31,96,0,0,0,0,0x000601F07010F087
2776,-296,-4736,1,1,1,0,0,0,0,1,0,0,0,0,1,1,1,1,0,1,7,31,96,0,0,0,0,0x000601F07010F087
2777,-295,-4720,1,1,1,0,0,0,0,1,0,0,0,0,1,1,1,1,0,1,7,31,96,0,0,0,0,0x000601F07010F087
2778,-294,-4704,1,1,1,0,0,0,0,1,0,0,0,0,1,1,1,1,0,1,7,31,96,0,0,0,0,0x000601F07010F087
2779,-293,-4688,1,1,1,0,0,0,0,1,0,0,0,0,1,1,1,1,0,1,7,31,96,0,0,0,0,0x000601F07010F087
2780,-292,-4672,1,1,1,0,0,0,0,1,0,0,0,0,1,1,1,1,0,1,7,31,96,0,0,0,0,0x000601F07010F087
2781,-291,-4656,1,1,1,0,0,0,0,1,0,0,0,0,1,1,1,1,0,1,7,31,96,0,0,0,0,0x000601F07010F087
2782,-290,-4640,1,1,1,0,0,0,0,1,0,0,0,0,1,1,1,1,0,1,7,31,96,0,0,0,0,0x000601F07010F087
2783,-289,-4624,1,1,1,0,0,0,0,1,0,0,0,0,1,1,1,1,0,1,7,31,96,0,0,0,0,0x000601F07010F087
2784,-288,-4608,1,1,1,0,0,0,0,1,0,0,0,0,1,1,1,1,0,1,7,31,96,0,0,0,0,0x000601F07010F087
2785,-287,-4592,1,1,1,0,0,0,0,1,0,0,0,0,1,1,1,1,0,1,7,31,96,0,0,0,0,0x000601F07010F087
2786,-286,-4576,1,1,1,0,0,0,0,1,0,0,0,0,1,1,1,1,0,1,7,31,96,0,0,0,0,0x000601F07010F087
2787,-285,-4560,1,1,1,0,0,0,0,1,0,0,0,0,1,1,1,1,0,1,7,31,96,0,0,0,0,0x000601F07010F087
2788,-284,-4544,1,1,1,0,0,0,0,1,0,0,0,0,1,1,1,1,0,1,7,31,96,0,0,0,0,0x000601F07010F087
2789,-283,-4528,1,1,1,0,0,0,0,1,0,0,0,0,1,1,1,1,0,1,7,31,96,0,0,0,0,0x000601F07010F087
2790,-282,-4512,1,1,1,0,0,0,0,1,0,0,0,0,1,1,1,1,0,1,7,31,96,0,0,0,0,0x000601F07010F087
2791,-281,-4496,1,1,1,0,0,0,0,1,0,0,0,0,1,1,1,1,0,1,7,31,96,0,0,0,0,0x000601F07010F087
2792,-280,-4480,1,1,1,0,0,0,0,1,0,0,0,0,1,1,1,1,0,1,7,31,96,0,0,0,0,0x000601F07010F087
2793,-279,-4464,1,1,1,0,0,0,0,1,0,0,0,0,1,1,1,1,0,1,7,31,96,0,0,0,0,0x000601F07010F087
2794,-278,-4448,1,1,1,0,0,0,0,1,0,0,0,0,1,1,1,1,0,1,7,31,96,0,0,0,0,0x000601F07010F087
2795,-277,-4432,1,1,1,0,0,0,0,1,0,0,0,0,1,1,1,1,0,1,7,31,96,0,0,0,0,0x000601F07010F087
2796,-276,-4416,1,1,1,0,0,0,0,1,0,0,0,0,1,1,1,1,0,1,7,31,96,0,0,0,0,0x000601F07010F087
2797,-275,-4400,1,1,1,0,0,0,0,1,0,0,0,0,1,1,1,1,0,1,7,31,96,0,0,0,0,0x000601F07010F087
2798,-274,-4384,1,1,1,0,0,0,0,1,0,0,0,0,1,1,1,1,0,1,7,31,96,0,0,0,0,0x000601F07010F087
2799,-273,-4368,1,1,1,0,0,0,0,1,0,0,0,0,1,1,1,1,0,1,7,31,96,0,0,0,0,0x000601F07010F087
2800,-272,-4352,1,1,1,0,0,0,0,1,0,0,0,0,1,1,1,1,0,1,7,31,96,0,0,0,0,0x000601F07010F087
2801,-271,-4336,1,1,1,0,0,0,0,1,0,0,0,0,1,1,1,1,0,1,7,31,96,0,0,0,0,0x000601F07010F087
2802,-270,-4320,1,1,1,0,0,0,0,1,0,0,0,0,1,1,1,1,0,1,7,31,96,0,0,0,0,0x000601F07010F087
2803,-269,-4304,1,1,1,0,0,0,0,1,0,0,0,0,1,1,1,1,0,1,7,31,96,0,0,0,0,0x000601F07010F087
2804,-268,-4288,1,1,1,0,0,0,0,1,0,0,0,0,1,1,1,1,0,1,7,31,96,0,0,0,0,0x000601F07010F087
2805,-267,-4272,1,1,1,0,0,0,0,1,0,0,0,0,1,1,1,1,0,1,7,31,96,0,0,0,0,0x000601F07010F087
2806,-266,-4256,1,1,1,0,0,0,0,1,0,0,0,0,1,1,1,1,0,1,7,31,96,0,0,0,0,0x000601F07010F087
2807,-265,-4240,1,1,1,0,0,0,0,1,0,0,0,0,1,1,1,1,0,1,7,31,96,0,0,0,0,0x000601F07010F087
2808,-264,-4224,1,1,1,0,0,0,0,1,0,0,0,0,1,1,1,1,0,1,7,31,96,0,0,0,0,0x000601F07010F087
2809,-263,-4208,1,1,1,0,0,0,0,1,0,0,0,0,1,1,1,1,0,1,7,31,96,0,0,0,0,0x000601F07010F087
2810,-262,-4192,1,1,1,0,0,0,0,1,0,0,0,0,1,1,1,1,0,1,7,31,96,0,0,0,0,0x000601F07010F087
2811,-261,-4176,1,1,1,0,0,0,0,1,0,0,0,0,1,1,1,1,0,1,7,31,96,0,0,0,0,0x000601F07010F087
2812,-260,-4160,1,1,1,0,0,0,0,1,0,0,0,0,1,1,1,1,0,1,7,31,96,0,0,0,0,0x000601F07010F087
2813,-259,-4144,1,1,1,0,0,0,0,1,0,0,0,0,1,1,1,1,0,1,7,31,96,0,0,0,0,0x000601F07010F087
2814,-258,-4128,1,1,1,0,0,0,0,1,0,0,0,0,1,1,1,1,0,1,7,31,96,0,0,0,0,0x000601F07010F087
2815,-257,-4112,1,1,1,0,0,0,0,1,0,0,0,0,1,1,1,1,0,1,7,31,96,0,0,0,0,0x000601F07010F087
2816,-256,-4096,1,1,1,0,0,0,0,1,0,0,0,0,1,1,1,1,0,1,7,31,96,0,0,0,0,0x000601F07010F087
2817,-255,-4080,1,1,1,0,0,0,0,1,0,0,0,0,1,1,1,1,0,1,7,31,96,0,0,0,0,0x000601F07010F087
2818,-254,-4064,1,1,1,0,0,0,0,1,0,0,0,0,1,1,1,1,0,1,7,31,96,0,0,0,0,0x000601F07010F087
2819,-253,-4048,1,1,1,0,0,0,0,1,0,0,0,0,1,1,1,1,0,1,7,31,96,0,0,0,0,0x000601F07010F087
2820,-252,-4032,1,1,1,0,0,0,0,1,0,0,0,0,1,1,1,1,0,1,7,31,96,0,0,0,0,0x000601F07010F087
2821,-251,-4016,1,1,1,0,0,0,0,1,0,0,0,0,1,1,1,1,0,1,7,31,96,0,0,0,0,0x000601F07010F087
2822,-250,-4000,1,1,1,0,0,0,0,1,0,0,0,0,1,1,1,1,0,1,7,31,96,0,0,0,0,0x000601F07010F087
2823,-249,-3984,1,1,1,0,0,0,0,1,0,0,0,0,1,1,1,1,0,1,7,31,96,0,0,0,0,0x000601F07010F087
2824,-248,-3968,1,1,1,0,0,0,0,1,0,0,0,0,1,1,1,1,0,1,7,31,96,0,0,0,0,0x000601F07010F087
2825,-247,-3952,1,1,1,0,0,0,0,1,0,0,0,0,1,1,1,1,0,1,7,31,96,0,0,0,0,0x000601F07010F087
2826,-246,-3936,1,1,1,0,0,0,0,1,0,0,0,0,1,1,1,1,0,1,7,31,96,0,0,0,0,0x000601F07010F087
2827,-245,-3920,1,1,1,0,0,0,0,1,0,0,0,0,1,1,1,1,0,1,7,31,96,0,0,0,0,0x000601F07010F087
2828,-244,-3904,1,1,1,0,0,0,0,1,0,0,0,0,1,1,1,1,0,1,7,31,96,0,0,0,0,0x000601F07010F087
2829,-243,-3888,1,1,1,0,0,0,0,1,0,0,0,0,1,1,1,1,0,1,7,31,96,0,0,0,0,0x000601F07010F087
2830,-242,-3872,1,1,1,0,0,0,0,1,0,0,0,0,1,1,1,1,0,1,7,31,96,0,0,0,0,0x000601F07010F087
2831,-241,-3856,1,1,1,0,0,0,0,1,0,0,0,0,1,1,1,1,0,1,7,31,96,0,0,0,0,0x000601F07010F087
2832,-240,-3840,1,1,1,0,0,0,0,1,0,0,0,0,1,1,1,1,0,1,7,31,96,0,0,0,0,0x000601F07010F087
2833,-239,-3824,1,1,1,0,0,0,0,1,0,0,0,0,1,1,1,1,0,1,7,31,96,0,0,0,0,0x000601F07010F087
2834,-238,-3808,1,1,1,0,0,0,0,1,0,0,0,0,1,1,1,1,0,1,7,31,96,0,0,0,0,0x000601F07010F087
2835,-237,-3792,1,1,1,0,0,0,0,1,0,0,0,0,1,1,1,1,0,1,7,31,96,0,0,0,0,0x000601F07010F087
2836,-236,-3776,1,1,1,0,0,0,0,1,0,0,0,0,1,1,1,1,0,1,7,31,96,0,0,0,0,0x000601F07010F087
2837,-235,-3760,1,1,1,0,0,0,0,1,0,0,0,0,1,1,1,1,0,1,7,31,96,0,0,0,0,0x000601F07010F087
2838,-234,-3744,1,1,1,0,0,0,0,1,0,0,0,0,1,1,1,1,0,1,7,31,96,0,0,0,0,0x000601F07010F087
2839,-233,-3728,1,1,1,0,0,0,0,1,0,0,0,0,1,1,1,1,0,1,7,31,96,0,0,0,0,0x000601F07010F087
2840,-232,-3712,1,1,1,0,0,0,0,1,0,0,0,0,1,1,1,1,0,1,7,31,96,0,0,0,0,0x000601F07010F087
2841,-231,-3696,1,1,1,0,0,0,0,1,0,0,0,0,1,1,1,1,0,1,7,31,96,0,0,0,0,0x000601F07010F087
2842,-230,-3680,1,1,1,0,0,0,0,1,0,0,0,0,1,1,1,1,0,1,7,31,96,0,0,0,0,0x000601F07010F087
2843,-229,-3664,1,1,1,0,0,0,0,1,0,0,0,0,1,1,1,1,0,1,7,31,96,0,0,0,0,0x000601F07010F087
2844,-228,-3648,1,1,1,0,0,0,0,1,0,0,0,0,1,1,1,1,0,1,7,31,96,0,0,0,0,0x000601F07010F087
2845,-227,-3632,1,1,1,0,0,0,0,1,0,0,0,0,1,1,1,1,0,1,7,31,96,0,0,0,0,0x000601F07010F087
2846,-226,-3616,1,1,1,0,0,0,0,1,0,0,0,0,1,1,1,1,0,1,7,31,96,0,0,0,0,0x000601F07010F087
2847,-225,-3600,1,1,1,0,0,0,0,1,0,0,0,0,1,1,1,1,0,1,7,31,96,0,0,0,0,0x000601F07010F087
2848,-224,-3584,1,1,1,0,0,0,0,1,0,0,0,0,1,1,1,1,0,1,7,31,96,0,0,0,0,0x000601F07010F087
2849,-223,-3568,1,1,1,0,0,0,0,1,0,0,0,0,1,1,1,1,0,1,7,31,96,0,0,0,0,0x000601F07010F087
2850,-222,-3552,1,1,1,0,0,0,0,1,0,0,0,0,1,1,1,1,0,1,7,31,96,0,0,0,0,0x000601F07010F087
2851,-221,-3536,1,1,1,0,0,0,0,1,0,0,0,0,1,1,1,1,0,1,7,31,96,0,0,0,0,0x000601F07010F087
2852,-220,-3520,1,1,1,0,0,0,0,1,0,0,0,0,1,1,1,1,0,1,7,31,96,0,0,0,0,0x000601F07010F087
2853,-219,-3504,1,1,1,0,0,0,0,1,0,0,0,0,1,1,1,1,0,1,7,31,96,0,0,0,0,0x000601F07010F087
2854,-218,-3488,1,1,1,0,0,0,0,1,0,0,0,0,1,1,1,1,0,1,7,31,96,0,0,0,0,0x000601F07010F087
2855,-217,-3472,1,1,1,0,0,0,0,1,0,0,0,0,1,1,1,1,0,1,7,31,96,0,0,0,0,0x000601F07010F087
2856,-216,-3456,1,1,1,0,0,0,0,1,0,0,0,0,1,1,1,1,0,1,7,31,96,0,0,0,0,0x000601F07010F087
2857,-215,-3440,1,1,1,0,0,0,0,1,0,0,0,0,1,1,1,1,0,1,7,31,96,0,0,0,0,0x000601F07010F087
2858,-214,-3424,1,1,1,0,0,0,0,1,0,0,0,0,1,1,1,1,0,1,7,31,96,0,0,0,0,0x000601F07010F087
2859,-213,-3408,1,1,1,0,0,0,0,1,0,0,0,0,1,1,1,1,0,1,7,31,96,0,0,0,0,0x000601F07010F087
2860,-212,-3392,1,1,1,0,0,0,0,1,0,0,0,0,1,1,1,1,0,1,7,31,96,0,0,0,0,0x000601F07010F087
2861,-211,-3376,1,1,1,0,0,0,0,1,0,0,0,0,1,1,1,1,0,1,7,31,96,0,0,0,0,0x000601F07010F087
2862,-210,-3360,1,1,1,0,0,0,0,1,0,0,0,0,1,1,1,1,0,1,7,31,96,0,0,0,0,0x000601F07010F087
2863,-209,-3344,1,1,1,0,0,0,0,1,0,0,0,0,1,1,1,1,0,1,7,31,96,0,0,0,0,0x000601F07010F087
2864,-208,-3328,1,1,1,0,0,0,0,1,0,0,0,0,1,1,1,1,0,1,7,31,96,0,0,0,0,0x000601F07010F087
2865,-207,-3312,1,1,1,0,0,0,0,1,0,0,0,0,1,1,1,1,0,1,7,31,96,0,0,0,0,0x000601F07010F087
2866,-206,-3296,1,1,1,0,0,0,0,1,0,0,0,0,1,1,1,1,0,1,7,31,96,0,0,0,0,0x000601F07010F087
2867,-205,-3280,1,1,1,0,0,0,0,1,0,0,0,0,1,1,1,1,0,1,7,31,96,0,0,0,0,0x000601F07010F087
2868,-204,-3264,1,1,1,0,0,0,0,1,0,0,0,0,1,1,1,1,0,1,7,31,96,0,0,0,0,0x000601F07010F087
2869,-203,-3248,1,1,1,0,0,0,0,1,0,0,0,0,1,1,1,1,0,1,7,31,96,0,0,0,0,0x000601F07010F087
2870,-202,-3232,1,1,1,0,0,0,0,1,0,0,0,0,1,1,1,1,0,1,7,31,96,0,0,0,0,0x000601F07010F087
2871,-201,-3216,1,1,1,0,0,0,0,1,0,0,0,0,1,1,1,1,0,1,7,31,96,0,0,0,0,0x000601F07010F087
2872,-200,-3200,1,1,1,0,0,0,0,1,0,0,0,0,1,1,1,1,0,1,7,31,96,0,0,0,0,0x000601F07010F087
2873,-199,-3184,1,1,1,0,0,0,0,1,0,0,0,0,1,1,1,1,0,1,7,31,96,0,0,0,0,0x000601F07010F087
2874,-198,-3168,1,1,1,0,0,0,0,1,0,0,0,0,1,1,1,1,0,1,7,31,96,0,0,0,0,0x000601F07010F087
2875,-197,-3152,1,1,1,0,0,0,0,1,0,0,0,0,1,1,1,1,0,1,7,31,96,0,0,0,0,0x000601F07010F087
2876,-196,-3136,1,1,1,0,0,0,0,1,0,0,0,0,1,1,1,1,0,1,7,31,96,0,0,0,0,0x000601F07010F087
2877,-195,-3120,1,1,1,0,0,0,0,1,0,0,0,0,1,1,1,1,0,1,7,31,96,0,0,0,0,0x000601F07010F087
2878,-194,-3104,1,1,1,0,0,0,0,1,0,0,0,0,1,1,1,1,0,1,7,31,96,0,0,0,0,0x000601F07010F087
2879,-193,-3088,1,1,1,0,0,0,0,1,0,0,0,0,1,1,1,1,0,1,7,31,96,0,0,0,0,0x000601F07010F087
2880,-192,-3072,1,1,1,0,0,0,0,1,0,0,0,0,1,1,1,1,0,1,7,31,96,0,0,0,0,0x000601F07010F087
2881,-191,-3056,1,1,1,0,0,0,0,1,0,0,0,0,1,1,1,1,0,1,7,31,96,0,0,0,0,0x000601F07010F087
2882,-190,-3040,1,1,1,0,0,0,0,1,0,0,0,0,1,1,1,1,0,1,7,31,96,0,0,0,0,0x000601F07010F087
2883,-189,-3024,1,1,1,0,0,0,0,1,0,0,0,0,1,1,1,1,0,1,7,31,96,0,0,0,0,0x000601F07010F087
2884,-188,-3008,1,1,1,0,0,0,0,1,0,0,0,0,1,1,1,1,0,1,7,31,96,0,0,0,0,0x000601F07010F087
2885,-187,-2992,1,1,1,0,0,0,0,1,0,0,0,0,1,1,1,1,0,1,7,31,96,0,0,0,0,0x000601F07010F087
2886,-186,-2976,1,1,1,0,0,0,0,1,0,0,0,0,1,1,1,1,0,1,7,31,96,0,0,0,0,0x000601F07010F087
2887,-185,-2960,1,1,1,0,0,0,0,1,0,0,0,0,1,1,1,1,0,1,7,31,96,0,0,0,0,0x000601F07010F087
2888,-184,-2944,1,1,1,0,0,0,0,1,0,0,0,0,1,1,1,1,0,1,7,31,96,0,0,0,0,0x000601F07010F087
2889,-183,-2928,1,1,1,0,0,0,0,1,0,0,0,0,1,1,1,1,0,1,7,31,96,0,0,0,0,0x000601F07010F087
2890,-182,-2912,1,1,1,0,0,0,0,1,0,0,0,0,1,1,1,1,0,1,7,31,96,0,0,0,0,0x000601F07010F087
2891,-181,-2896,1,1,1,0,0,0,0,1,0,0,0,0,1,1,1,1,0,1,7,31,96,0,0,0,0,0x000601F07010F087
2892,-180,-2880,1,1,1,0,0,0,0,1,0,0,0,0,1,1,1,1,0,1,7,31,96,0,0,0,0,0x000601F07010F087
2893,-179,-2864,1,1,1,0,0,0,0,1,0,0,0,0,1,1,1,1,0,1,7,31,96,0,0,0,0,0x000601F07010F087
2894,-178,-2848,1,1,1,0,0,0,0,1,0,0,0,0,1,1,1,1,0,1,7,31,96,0,0,0,0,0x000601F07010F087
2895,-177,-2832,1,1,1,0,0,0,0,1,0,0,0,0,1,1,1,1,0,1,7,31,96,0,0,0,0,0x000601F07010F087
2896,-176,-2816,1,1,1,0,0,0,0,1,0,0,0,0,1,1,1,1,0,1,7,31,96,0,0,0,0,0x000601F07010F087
2897,-175,-2800,1,1,1,0,0,0,0,1,0,0,0,0,1,1,1,1,0,1,7,31,96,0,0,0,0,0x000601F07010F087
2898,-174,-2784,1,1,1,0,0,0,0,1,0,0,0,0,1,1,1,1,0,1,7,31,96,0,0,0,0,0x000601F07010F087
2899,-173,-2768,1,1,1,0,0,0,0,1,0,0,0,0,1,1,1,1,0,1,7,31,96,0,0,0,0,0x000601F07010F087
2900,-172,-2752,1,1,1,0,0,0,0,1,0,0,0,0,1,1,1,1,0,1,7,31,96,0,0,0,0,0x000601F07010F087
2901,-171,-2736,1,1,1,0,0,0,0,1,0,0,0,0,1,1,1,1,0,1,7,31,96,0,0,0,0,0x000601F07010F087
2902,-170,-2720,1,1,1,0,0,0,0,1,0,0,0,0,1,1,1,1,0,1,7,31,96,0,0,0,0,0x000601F07010F087
2903,-169,-2704,1,1,1,0,0,0,0,1,0,0,0,0,1,1,1,1,0,1,7,31,96,0,0,0,0,0x000601F07010F087
2904,-168,-2688,1,1,1,0,0,0,0,1,0,0,0,0,1,1,1,1,0,1,7,31,96,0,0,0,0,0x000601F07010F087
2905,-167,-2672,1,1,1,0,0,0,0,1,0,0,0,0,1,1,1,1,0,1,7,31,96,0,0,0,0,0x000601F07010F087
2906,-166,-2656,1,1,1,0,0,0,0,1,0,0,0,0,1,1,1,1,0,1,7,31,96,0,0,0,0,0x000601F07010F087
2907,-165,-2640,1,1,1,0,0,0,0,1,0,0,0,0,1,1,1,1,0,1,7,31,96,0,0,0,0,0x000601F07010F087
2908,-164,-2624,1,1,1,0,0,0,0,1,0,0,0,0,1,1,1,1,0,1,7,31,96,0,0,0,0,0x000601F07010F087
2909,-163,-2608,1,1,1,0,0,0,0,1,0,0,0,0,1,1,1,1,0,1,7,31,96,0,0,0,0,0x000601F07010F087
2910,-162,-2592,1,1,1,0,0,0,0,1,0,0,0,0,1,1,1,1,0,1,7,31,96,0,0,0,0,0x000601F07010F087
2911,-161,-2576,1,1,1,0,0,0,0,1,0,0,0,0,1,1,1,1,0,1,7,31,96,0,0,0,0,0x000601F07010F087
2912,-160,-2560,1,1,1,0,0,0,0,1,0,0,0,0,1,1,1,1,0,1,7,31,96,0,0,0,0,0x000601F07010F087
2913,-159,-2544,1,1,1,0,0,0,0,1,0,0,0,0,1,1,1,1,0,1,7,31,96,0,0,0,0,0x000601F07010F087
2914,-158,-2528,1,1,1,0,0,0,0,1,0,0,0,0,1,1,1,1,0,1,7,31,96,0,0,0,0,0x000601F07010F087
2915,-157,-2512,1,1,1,0,0,0,0,1,0,0,0,0,1,1,1,1,0,1,7,31,96,0,0,0,0,0x000601F07010F087
2916,-156,-2496,1,1,1,0,0,0,0,1,0,0,0,0,1,1,1,1,0,1,7,31,96,0,0,0,0,0x000601F07010F087
2917,-155,-2480,1,1,1,0,0,0,0,1,0,0,0,0,1,1,1,1,0,1,7,31,96,0,0,0,0,0x000601F07010F087
2918,-154,-2464,1,1,1,0,0,0,0,1,0,0,0,0,1,1,1,1,0,1,7,31,96,0,0,0,0,0x000601F07010F087
2919,-153,-2448,1,1,1,0,0,0,0,1,0,0,0,0,1,1,1,1,0,1,7,31,96,0,0,0,0,0x000601F07010F087
2920,-152,-2432,1,1,1,0,0,0,0,1,0,0,0,0,1,1,1,1,0,1,7,31,96,0,0,0,0,0x000601F07010F087
2921,-151,-2416,1,1,1,0,0,0,0,1,0,0,0,0,1,1,1,1,0,1,7,31,96,0,0,0,0,0x000601F07010F087
2922,-150,-2400,1,1,1,0,0,0,0,1,0,0,0,0,1,1,1,1,0,1,7,31,96,0,0,0,0,0x000601F07010F087
2923,-149,-2384,1,1,1,0,0,0,0,1,0,0,0,0,1,1,1,1,0,1,7,31,96,0,0,0,0,0x000601F07010F087
2924,-148,-2368,1,1,1,0,0,0,0,1,0,0,0,0,1,1,1,1,0,1,7,31,96,0,0,0,0,0x000601F07010F087
2925,-147,-2352,1,1,1,0,0,0,0,1,0,0,0,0,1,1,1,1,0,1,7,31,96,0,0,0,0,0x000601F07010F087
2926,-146,-2336,1,1,1,0,0,0,0,1,0,0,0,0,1,1,1,1,0,1,7,31,96,0,0,0,0,0x000601F07010F087
2927,-145,-2320,1,1,1,0,0,0,0,1,0,0,0,0,1,1,1,1,0,1,7,31,96,0,0,0,0,0x000601F07010F087
2928,-144,-2304,1,1,1,0,0,0,0,1,0,0,0,0,1,1,1,1,0,1,7,31,96,0,0,0,0,0x000601F07010F087
2929,-143,-2288,1,1,1,0,0,0,0,1,0,0,0,0,1,1,1,1,0,1,7,31,96,0,0,0,0,0x000601F07010F087
2930,-142,-2272,1,1,1,0,0,0,0,1,0,0,0,0,1,1,1,1,0,1,7,31,96,0,0,0,0,0x000601F07010F087
2931,-141,-2256,1,1,1,0,0,0,0,1,0,0,0,0,1,1,1,1,0,1,7,31,96,0,0,0,0,0x000601F07010F087
2932,-140,-2240,1,1,1,0,0,0,0,1,0,0,0,0,1,1,1,1,0,1,7,31,96,0,0,0,0,0x000601F07010F087
2933,-139,-2224,1,1,1,0,0,0,0,1,0,0,0,0,1,1,1,1,0,1,7,31,96,0,0,0,0,0x000601F07010F087
2934,-138,-2208,1,1,1,0,0,0,0,1,0,0,0,0,1,1,1,1,0,1,7,31,96,0,0,0,0,0x000601F07010F087
2935,-137,-2192,1,1,1,0,0,0,0,1,0,0,0,0,1,1,1,1,0,1,7,31,96,0,0,0,0,0x000601F07010F087
2936,-136,-2176,1,1,1,0,0,0,0,1,0,0,0,0,1,1,1,1,0,1,7,31,96,0,0,0,0,0x000601F07010F087
2937,-135,-2160,1,1,1,0,0,0,0,1,0,0,0,0,1,1,1,1,0,1,7,31,96,0,0,0,0,0x000601F07010F087
2938,-134,-2144,1,1,1,0,0,0,0,1,0,0,0,0,1,1,1,1,0,1,7,31,96,0,0,0,0,0x000601F07010F087
2939,-133,-2128,1,1,1,0,0,0,0,1,0,0,0,0,1,1,1,1,0,1,7,31,96,0,0,0,0,0x000601F07010F087
2940,-132,-2112,1,1,1,0,0,0,0,1,0,0,0,0,1,1,1,1,0,1,7,31,96,0,0,0,0,0x000601F07010F087
2941,-131,-2096,1,1,1,0,0,0,0,1,0,0,0,0,1,1,1,1,0,1,7,31,96,0,0,0,0,0x000601F07010F087
2942,-130,-2080,1,1,1,0,0,0,0,1,0,0,0,0,1,1,1,1,0,1,7,31,96,0,0,0,0,0x000601F07010F087
2943,-129,-2064,1,1,1,0,0,0,0,1,0,0,0,0,1,1,1,1,0,1,7,31,96,0,0,0,0,0x000601F07010F087
2944,-128,-2048,1,1,1,0,0,0,0,1,0,0,0,0,1,1,1,1,0,1,7,31,96,0,0,0,0,0x000601F07010F087
2945,-127,-2032,1,1,1,0,0,0,0,1,0,0,0,0,1,1,1,1,0,1,7,31,96,0,0,0,0,0x000601F07010F087
2946,-126,-2016,1,1,1,0,0,0,0,1,0,0,0,0,1,1,1,1,0,1,7,31,96,0,0,0,0,0x000601F07010F087
2947,-125,-2000,1,1,1,0,0,0,0,1,0,0,0,0,1,1,1,1,0,1,7,31,96,0,0,0,0,0x000601F07010F087
2948,-124,-1984,1,1,1,0,0,0,0,1,0,0,0,0,1,1,1,1,0,1,7,31,96,0,0,0,0,0x000601F07010F087
2949,-123,-1968,1,1,1,0,0,0,0,1,0,0,0,0,1,1,1,1,0,1,7,31,96,0,0,0,0,0x000601F07010F087
2950,-122,-1952,1,1,1,0,0,0,0,1,0,0,0,0,1,1,1,1,0,1,7,31,96,0,0,0,0,0x000601F07010F087
2951,-121,-1936,1,1,1,0,0,0,0,1,0,0,0,0,1,1,1,1,0,1,7,31,96,0,0,0,0,0x000601F07010F087
2952,-120,-1920,1,1,1,0,0,0,0,1,0,0,0,0,1,1,1,1,0,1,7,31,96,0,0,0,0,0x000601F07010F087
2953,-119,-1904,1,1,1,0,0,0,0,1,0,0,0,0,1,1,1,1,0,1,7,31,96,0,0,0,0,0x000601F07010F087
2954,-118,-1888,1,1,1,0,0,0,0,1,0,0,0,0,1,1,1,1,0,1,7,31,96,0,0,0,0,0x000601F07010F087
2955,-117,-1872,1,1,1,0,0,0,0,1,0,0,0,0,1,1,1,1,0,1,7,31,96,0,0,0,0,0x000601F07010F087
2956,-116,-1856,1,1,1,0,0,0,0,1,0,0,0,0,1,1,1,1,0,1,7,31,96,0,0,0,0,0x000601F07010F087
2957,-115,-1840,1,1,1,0,0,0,0,1,0,0,0,0,1,1,1,1,0,1,7,31,96,0,0,0,0,0x000601F07010F087
2958,-114,-1824,1,1,1,0,0,0,0,1,0,0,0,0,1,1,1,1,0,1,7,31,96,0,0,0,0,0x000601F07010F087
2959,-113,-1808,1,1,1,0,0,0,0,1,0,0,0,0,1,1,1,1,0,1,7,31,96,0,0,0,0,0x000601F07010F087
2960,-112,-1792,1,1,1,0,0,0,0,1,0,0,0,0,1,1,1,1,0,1,7,31,96,0,0,0,0,0x000601F07010F087
2961,-111,-1776,1,1,1,0,0,0,0,1,0,0,0,0,1,1,1,1,0,1,7,31,96,0,0,0,0,0x000601F07010F087
2962,-110,-1760,1,1,1,0,0,0,0,1,0,0,0,0,1,1,1,1,0,1,7,31,96,0,0,0,0,0x000601F07010F087
2963,-109,-1744,1,1,1,0,0,0,0,1,0,0,0,0,1,1,1,1,0,1,7,31,96,0,0,0,0,0x000601F07010F087
2964,-108,-1728,1,1,1,0,0,0,0,1,0,0,0,0,1,1,1,1,0,1,7,31,96,0,0,0,0,0x000601F07010F087
2965,-107,-1712,1,1,1,0,0,0,0,1,0,0,0,0,1,1,1,1,0,1,7,31,96,0,0,0,0,0x000601F07010F087
2966,-106,-1696,1,1,1,0,0,0,0,1,0,0,0,0,1,1,1,1,0,1,7,31,96,0,0,0,0,0x000601F07010F087
2967,-105,-1680,1,1,1,0,0,0,0,1,0,0,0,0,1,1,1,1,0,1,7,31,96,0,0,0,0,0x000601F07010F087
2968,-104,-1664,1,1,1,0,0,0,0,1,0,0,0,0,1,1,1,1,0,1,7,31,96,0,0,0,0,0x000601F07010F087
2969,-103,-1648,1,1,1,0,0,0,0,1,0,0,0,0,1,1,1,1,0,1,7,31,96,0,0,0,0,0x000601F07010F087
2970,-102,-1632,1,1,1,0,0,0,0,1,0,0,0,0,1,1,1,1,0,1,7,31,96,0,0,0,0,0x000601F07010F087
2971,-101,-1616,1,1,1,0,0,0,0,1,0,0,0,0,1,1,1,1,0,1,7,31,96,0,0,0,0,0x000601F07010F087
2972,-100,-1600,1,1,1,0,0,0,0,1,0,0,0,0,1,1,1,1,0,1,7,31,96,0,0,0,0,0x000601F07010F087
2973,-99,-1584,1,1,1,0,0,0,0,1,0,0,0,0,1,1,1,1,0,1,7,31,96,0,0,0,0,0x000601F07010F087
2974,-98,-1568,1,1,1,0,0,0,0,1,0,0,0,0,1,1,1,1,0,1,7,31,96,0,0,0,0,0x000601F07010F087
2975,-97,-1552,1,1,1,0,0,0,0,1,0,0,0,0,1,1,1,1,0,1,7,31,96,0,0,0,0,0x000601F07010F087
2976,-96,-1536,1,1,1,0,0,0,0,1,0,0,0,0,1,1,1,1,0,1,7,31,96,0,0,0,0,0x000601F07010F087
2977,-95,-1520,1,1,1,0,0,0,0,1,0,0,0,0,1,1,1,1,0,1,7,31,96,0,0,0,0,0x000601F07010F087
2978,-94,-1504,1,1,1,0,0,0,0,1,0,0,0,0,1,1,1,1,0,1,7,31,96,0,0,0,0,0x000601F07010F087
2979,-93,-1488,1,1,1,0,0,0,0,1,0,0,0,0,1,1,1,1,0,1,7,31,96,0,0,0,0,0x000601F07010F087
2980,-92,-1472,1,1,1,0,0,0,0,1,0,0,0,0,1,1,1,1,0,1,7,31,96,0,0,0,0,0x000601F07010F087
2981,-91,-1456,1,1,1,0,0,0,0,1,0,0,0,0,1,1,1,1,0,1,7,31,96,0,0,0,0,0x000601F07010F087
2982,-90,-1440,1,1,1,0,0,0,0,1,0,0,0,0,1,1,1,1,0,1,7,31,96,0,0,0,0,0x000601F07010F087
2983,-89,-1424,1,1,1,0,0,0,0,1,0,0,0,0,1,1,1,1,0,1,7,31,96,0,0,0,0,0x000601F07010F087
2984,-88,-1408,1,1,1,0,0,0,0,1,0,0,0,0,1,1,1,1,0,1,7,31,96,0,0,0,0,0x000601F07010F087
2985,-87,-1392,1,1,1,0,0,0,0,1,0,0,0,0,1,1,1,1,0,1,7,31,96,0,0,0,0,0x000601F07010F087
2986,-86,-1376,1,1,1,0,0,0,0,1,0,0,0,0,1,1,1,1,0,1,7,31,96,0,0,0,0,0x000601F07010F087
2987,-85,-1360,1,1,1,0,0,0,0,1,0,0,0,0,1,1,1,1,0,1,7,31,96,0,0,0,0,0x000601F07010F087
2988,-84,-1344,1,1,1,0,0,0,0,1,0,0,0,0,1,1,1,1,0,1,7,31,96,0,0,0,0,0x000601F07010F087
2989,-83,-1328,1,1,1,0,0,0,0,1,0,0,0,0,1,1,1,1,0,1,7,31,96,0,0,0,0,0x000601F07010F087
2990,-82,-1312,1,1,1,0,0,0,0,1,0,0,0,0,1,1,1,1,0,1,7,31,96,0,0,0,0,0x000601F07010F087
2991,-81,-1296,1,1,1,0,0,0,0,1,0,0,0,0,1,1,1,1,0,1,7,31,96,0,0,0,0,0x000601F07010F087
2992,-80,-1280,1,1,1,0,0,0,0,1,0,0,0,0,1,1,1,1,0,1,7,31,96,0,0,0,0,0x000601F07010F087
2993,-79,-1264,1,1,1,0,0,0,0,1,0,0,0,0,1,1,1,1,0,1,7,31,96,0,0,0,0,0x000601F07010F087
2994,-78,-1248,1,1,1,0,0,0,0,1,0,0,0,0,1,1,1,1,0,1,7,31,96,0,0,0,0,0x000601F07010F087
2995,-77,-1232,1,1,1,0,0,0,0,1,0,0,0,0,1,1,1,1,0,1,7,31,96,0,0,0,0,0x000601F07010F087
2996,-76,-1216,1,1,1,0,0,0,0,1,0,0,0,0,1,1,1,1,0,1,7,31,96,0,0,0,0,0x000601F07010F087
2997,-75,-1200,1,1,1,0,0,0,0,1,0,0,0,0,1,1,1,1,0,1,7,31,96,0,0,0,0,0x000601F07010F087
2998,-74,-1184,1,1,1,0,0,0,0,1,0,0,0,0,1,1,1,1,0,1,7,31,96,0,0,0,0,0x000601F07010F087
2999,-73,-1168,1,1,1,0,0,0,0,1,0,0,0,0,1,1,1,1,0,1,7,31,96,0,0,0,0,0x000601F07010F087
3000,-72,-1152,1,1,1,0,0,0,0,1,0,0,0,0,1,1,1,1,0,1,7,31,96,0,0,0,0,0x000601F07010F087
3001,-71,-1136,1,1,1,0,0,0,0,1,0,0,0,0,1,1,1,1,0,1,7,31,96,0,0,0,0,0x000601F07010F087
3002,-70,-1120,1,1,1,0,0,0,0,1,0,0,0,0,1,1,1,1,0,1,7,31,96,0,0,0,0,0x000601F07010F087
3003,-69,-1104,1,1,1,0,0,0,0,1,0,0,0,0,1,1,1,1,0,1,7,31,96,0,0,0,0,0x000601F07010F087
3004,-68,-1088,1,1,1,0,0,0,0,1,0,0,0,0,1,1,1,1,0,1,7,31,96,0,0,0,0,0x000601F07010F087
3005,-67,-1072,1,1,1,0,0,0,0,1,0,0,0,0,1,1,1,1,0,1,7,31,96,0,0,0,0,0x000601F07010F087
3006,-66,-1056,1,1,1,0,0,0,0,1,0,0,0,0,1,1,1,1,0,1,7,31,96,0,0,0,0,0x000601F07010F087
3007,-65,-1040,1,1,1,0,0,0,0,1,0,0,0,0,1,1,1,1,0,1,7,31,96,0,0,0,0,0x000601F07010F087
3008,-64,-1024,1,1,1,0,0,0,0,1,0,0,0,0,1,1,1,1,0,1,7,31,96,0,0,0,0,0x000601F07010F087
3009,-63,-1008,1,1,1,0,0,0,0,1,0,0,0,0,1,1,1,1,0,1,7,31,96,0,0,0,0,0x000601F07010F087
3010,-62,-992,1,1,1,0,0,0,0,1,0,0,0,0,1,1,1,1,0,1,7,31,96,0,0,0,0,0x000601F07010F087
3011,-61,-976,1,1,1,0,0,0,0,1,0,0,0,0,1,1,1,1,0,1,7,31,96,0,0,0,0,0x000601F07010F087
3012,-60,-960,1,1,1,0,0,0,0,1,0,0,0,0,1,1,1,1,0,1,7,31,96,0,0,0,0,0x000601F07010F087
3013,-59,-944,1,1,1,0,0,0,0,1,0,0,0,0,1,1,1,1,0,1,7,31,96,0,0,0,0,0x000601F07010F087
3014,-58,-928,1,1,1,0,0,0,0,1,0,0,0,0,1,1,1,1,0,1,7,31,96,0,0,0,0,0x000601F07010F087
3015,-57,-912,1,1,1,0,0,0,0,1,0,0,0,0,1,1,1,1,0,1,7,31,96,0,0,0,0,0x000601F07010F087
3016,-56,-896,1,1,1,0,0,0,0,1,0,0,0,0,1,1,1,1,0,1,7,31,96,0,0,0,0,0x000601F07010F087
3017,-55,-880,1,1,1,0,0,0,0,1,0,0,0,0,1,1,1,1,0,1,7,31,96,0,0,0,0,0x000601F07010F087
3018,-54,-864,1,1,1,0,0,0,0,1,0,0,0,0,1,1,1,1,0,1,7,31,96,0,0,0,0,0x000601F07010F087
3019,-53,-848,1,1,1,0,0,0,0,1,0,0,0,0,1,1,1,1,0,1,7,31,96,0,0,0,0,0x000601F07010F087
3020,-52,-832,1,1,1,0,0,0,0,1,0,0,0,0,1,1,1,1,0,1,7,31,96,0,0,0,0,0x000601F07010F087
3021,-51,-816,1,1,1,0,0,0,0,1,0,0,0,0,1,1,1,1,0,1,7,31,96,0,0,0,0,0x000601F07010F087
3022,-50,-800,1,1,1,0,0,0,0,1,0,0,0,0,1,1,1,1,0,1,7,31,96,0,0,0,0,0x000601F07010F087
3023,-49,-784,1,1,1,0,0,0,0,1,0,0,0,0,1,1,1,1,0,1,7,31,96,0,0,0,0,0x000601F07010F087
3024,-48,-768,1,1,1,0,0,0,0,1,0,0,0,0,1,1,1,1,0,1,7,31,96,0,0,0,0,0x000601F07010F087
3025,-47,-752,1,1,1,0,0,0,0,1,0,0,0,0,1,1,1,1,0,1,7,31,96,0,0,0,0,0x000601F07010F087
3026,-46,-736,1,1,1,0,0,0,0,1,0,0,0,0,1,1,1,1,0,1,7,31,96,0,0,0,0,0x000601F07010F087
3027,-45,-720,1,1,1,0,0,0,0,1,0,0,0,0,1,1,1,1,0,1,7,31,96,0,0,0,0,0x000601F07010F087
3028,-44,-704,1,1,1,0,0,0,0,1,0,0,0,0,1,1,1,1,0,1,7,31,96,0,0,0,0,0x000601F07010F087
3029,-43,-688,1,1,1,0,0,0,0,1,0,0,0,0,1,1,1,1,0,1,7,31,96,0,0,0,0,0x000601F07010F087
3030,-42,-672,1,1,1,0,0,0,0,1,0,0,0,0,1,1,1,1,0,1,7,31,96,0,0,0,0,0x000601F07010F087
3031,-41,-656,1,1,1,0,0,0,0,1,0,0,0,0,1,1,1,1,0,1,7,31,96,0,0,0,0,0x000601F07010F087
3032,-40,-640,1,1,1,0,0,0,0,1,0,0,0,0,1,1,1,1,0,1,7,31,96,0,0,0,0,0x000601F07010F087
3033,-39,-624,1,1,1,0,0,0,0,1,0,0,0,0,1,1,1,1,0,1,7,31,96,0,0,0,0,0x000601F07010F087
3034,-38,-608,1,1,1,0,0,0,0,1,0,0,0,0,1,1,1,1,0,1,7,31,96,0,0,0,0,0x000601F07010F087
3035,-37,-592,1,1,1,0,0,0,0,1,0,0,0,0,1,1,1,1,0,1,7,31,96,0,0,0,0,0x000601F07010F087
3036,-36,-576,1,1,1,0,0,0,0,1,0,0,0,0,1,1,1,1,0,1,7,31,96,0,0,0,0,0x000601F07010F087
3037,-35,-560,1,1,1,0,0,0,0,1,0,0,0,0,1,1,1,1,0,1,7,31,96,0,0,0,0,0x000601F07010F087
3038,-34,-544,1,1,1,0,0,0,0,1,0,0,0,0,1,1,1,1,0,1,7,31,96,0,0,0,0,0x000601F07010F087
3039,-33,-528,1,1,1,0,0,0,0,1,0,0,0,0,1,1,1,1,0,1,7,31,96,0,0,0,0,0x000601F07010F087
3040,-32,-512,1,1,1,0,0,0,0,1,0,0,0,0,1,1,1,1,0,1,7,31,96,0,0,0,0,0x000601F07010F087
3041,-31,-496,1,1,1,0,0,0,0,1,0,0,0,0,1,1,1,1,0,1,7,31,96,0,0,0,0,0x000601F07010F087
3042,-30,-480,1,1,1,0,0,0,0,1,0,0,0,0,1,1,1,1,0,1,7,31,96,0,0,0,0,0x000601F07010F087
3043,-29,-464,1,1,1,0,0,0,0,1,0,0,0,0,1,1,1,1,0,1,7,31,96,0,0,0,0,0x000601F07010F087
3044,-28,-448,1,1,1,0,0,0,0,1,0,0,0,0,1,1,1,1,0,1,7,31,96,0,0,0,0,0x000601F07010F087
3045,-27,-432,1,1,1,0,0,0,0,1,0,0,0,0,1,1,1,1,0,1,7,31,96,0,0,0,0,0x000601F07010F087
3046,-26,-416,1,1,1,0,0,0,0,1,0,0,0,0,1,1,1,1,0,1,7,31,96,0,0,0,0,0x000601F07010F087
3047,-25,-400,1,1,1,0,0,0,0,1,0,0,0,0,1,1,1,1,0,1,7,31,96,0,0,0,0,0x000601F07010F087
3048,-24,-384,1,1,1,0,0,0,0,1,0,0,0,0,1,1,1,1,0,1,7,31,96,0,0,0,0,0x000601F07010F087
3049,-23,-368,1,1,1,0,0,0,0,1,0,0,0,0,1,1,1,1,0,1,7,31,96,0,0,0,0,0x000601F07010F087
3050,-22,-352,1,1,1,0,0,0,0,1,0,0,0,0,1,1,1,1,0,1,7,31,96,0,0,0,0,0x000601F07010F087
3051,-21,-336,1,1,1,0,0,0,0,1,0,0,0,0,1,1,1,1,0,1,7,31,96,0,0,0,0,0x000601F07010F087
3052,-20,-320,1,1,1,0,0,0,0,1,0,0,0,0,1,1,1,1,0,1,7,31,96,0,0,0,0,0x000601F07010F087
3053,-19,-304,1,1,1,0,0,0,0,1,0,0,0,0,1,1,1,1,0,1,7,31,96,0,0,0,0,0x000601F07010F087
3054,-18,-288,1,1,1,0,0,0,0,1,0,0,0,0,1,1,1,1,0,1,7,31,96,0,0,0,0,0x000601F07010F087
3055,-17,-272,1,1,1,0,0,0,0,1,0,0,0,0,1,1,1,1,0,1,7,31,96,0,0,0,0,0x000601F07010F087
3056,-16,-256,1,1,1,0,0,0,0,1,0,0,0,0,1,1,1,1,0,1,7,31,96,0,0,0,0,0x000601F07010F087
3057,-15,-240,1,1,1,0,0,0,0,1,0,0,0,0,1,1,1,1,0,1,7,31,96,0,0,0,0,0x000601F07010F087
3058,-14,-224,1,1,1,0,0,0,0,1,0,0,0,0,1,1,1,1,0,1,7,31,96,0,0,0,0,0x000601F07010F087
3059,-13,-208,1,1,1,0,0,0,0,1,0,0,0,0,1,1,1,1,0,1,7,31,96,0,0,0,0,0x000601F07010F087
3060,-12,-192,1,1,1,0,0,0,0,1,0,0,0,0,1,1,1,1,0,1,7,31,96,0,0,0,0,0x000601F07010F087
3061,-11,-176,1,1,1,0,0,0,0,1,0,0,0,0,1,1,1,1,0,1,7,31,96,0,0,0,0,0x000601F07010F087
3062,-10,-160,1,1,1,0,0,0,0,1,0,0,0,0,1,1,1,1,0,1,7,31,96,0,0,0,0,0x000601F07010F087
3063,-9,-144,1,1,1,0,0,0,0,1,0,0,0,0,1,1,1,1,0,1,7,31,96,0,0,0,0,0x000601F07010F087
3064,-8,-128,1,1,1,0,0,0,0,1,0,0,0,0,1,1,1,1,0,1,7,31,96,0,0,0,0,0x000601F07010F087
3065,-7,-112,1,1,1,0,0,0,0,1,0,0,0,0,1,1,1,1,0,1,7,31,96,0,0,0,0,0x000601F07010F087
3066,-6,-96,1,1,1,0,0,0,0,1,0,0,0,0,1,1,1,1,0,1,7,31,96,0,0,0,0,0x000601F07010F087
3067,-5,-80,1,1,1,0,0,0,0,1,0,0,0,0,1,1,1,1,0,1,7,31,96,0,0,0,0,0x000601F07010F087
3068,-4,-64,1,1,1,0,0,0,0,1,0,0,0,0,1,1,1,1,0,1,7,31,96,0,0,0,0,0x000601F07010F087
3069,-3,-48,1,1,1,0,0,0,0,1,0,0,0,0,1,1,1,1,0,1,7,31,96,0,0,0,0,0x000601F07010F087
3070,-2,-32,1,1,1,0,0,0,0,1,0,0,0,0,1,1,1,1,0,1,7,31,96,0,0,0,0,0x000601F07010F087
3071,-1,-16,1,1,1,0,0,0,0,1,0,0,0,0,1,1,1,1,0,1,7,31,96,0,0,0,0,0x000601F07010F087
3072,0,0,1,1,1,0,0,0,0,1,1,0,1,0,1,1,1,1,0,1,7,31,96,0,0,0,0,0x000601F07010F587
3073,1,16,1,1,1,0,0,0,0,0,0,0,0,1,1,1,1,1,7,2,8,31,88,0,0,1,1,0x404581F08027F807
3074,2,32,1,1,1,0,0,0,0,0,0,0,0,1,1,1,1,1,7,2,8,31,88,0,0,1,1,0x404581F08027F807
3075,3,48,1,1,1,0,0,0,0,0,0,0,0,1,1,1,1,1,7,2,8,31,88,0,0,1,1,0x404581F08027F807
3076,4,64,1,1,1,0,0,0,0,0,0,0,0,1,1,1,1,1,7,2,8,31,88,0,0,1,1,0x404581F08027F807
3077,5,80,1,1,1,1,0,0,0,0,0,0,0,1,1,1,1,1,7,2,8,31,88,0,0,1,1,0x404581F08027F80F
3078,6,96,1,1,1,1,1,0,0,0,0,0,0,1,1,1,1,1,7,2,8,31,88,0,0,1,1,0x404581F08027F81F
3079,7,112,1,1,1,1,1,0,0,0,0,0,0,1,1,1,1,1,7,2,8,31,88,0,0,1,1,0x404581F08027F81F
3080,8,128,1,1,1,1,1,0,0,0,0,0,0,1,1,1,1,1,7,2,8,31,88,0,0,1,1,0x404581F08027F81F
3081,9,144,1,1,1,1,1,1,0,0,0,0,0,1,1,1,1,1,7,2,8,31,88,0,0,1,1,0x404581F08027F83F
3082,10,160,1,1,1,1,1,1,0,0,0,0,0,1,1,1,1,1,7,2,8,31,88,0,0,1,1,0x404581F08027F83F
3083,11,176,1,1,1,1,1,1,0,0,0,0,0,1,1,1,1,1,7,2,8,31,88,0,0,1,1,0x404581F08027F83F
3084,12,192,1,1,1,1,1,1,0,0,0,0,0,1,1,1,1,1,7,2,8,31,88,0,0,1,1,0x404581F08027F83F
3085,13,208,1,1,1,1,1,1,0,0,0,0,0,1,1,1,1,1,7,2,8,31,88,0,0,1,1,0x404581F08027F83F
3086,14,224,1,1,1,1,1,1,0,0,0,0,0,1,1,1,1,1,7,2,8,31,88,0,0,1,1,0x404581F08027F83F
3087,15,240,1,1,1,1,1,1,0,0,0,0,0,1,1,1,1,1,7,2,8,31,88,0,0,1,1,0x404581F08027F83F
3088,16,256,1,1,1,1,1,1,0,0,0,0,0,1,1,1,1,1,7,2,8,31,88,0,0,1,1,0x404581F08027F83F
3089,17,272,1,1,1,1,1,1,0,0,0,0,0,1,1,1,1,1,7,2,8,31,88,0,0,1,1,0x404581F08027F83F
3090,18,288,1,1,1,1,1,1,0,0,0,0,0,1,1,1,1,1,7,2,8,31,88,0,0,1,1,0x404581F08027F83F
3091,19,304,1,1,1,1,1,1,0,0,0,0,0,1,1,1,1,1,7,2,8,31,88,0,0,1,1,0x404581F08027F83F
3092,20,320,1,1,1,1,1,1,0,0,0,0,0,1,1,1,1,1,7,2,8,31,88,0,0,1,1,0x404581F08027F83F
3093,21,336,1,1,1,1,1,1,0,0,0,0,0,1,1,1,1,1,7,2,8,31,88,0,0,1,1,0x404581F08027F83F
3094,22,352,1,1,1,1,1,1,0,0,0,0,0,1,1,1,1,1,7,2,8,31,88,0,0,1,1,0x404581F08027F83F
3095,23,368,1,1,1,1,1,1,0,0,0,0,0,1,1,1,1,1,7,2,8,31,88,0,0,1,1,0x404581F08027F83F
3096,24,384,1,1,1,1,1,1,0,0,0,0,0,1,1,1,1,1,7,2,8,31,88,0,0,1,1,0x404581F08027F83F
3097,25,400,1,1,1,1,1,1,0,0,0,0,0,1,1,1,1,1,7,2,8,31,88,0,0,1,1,0x404581F08027F83F
3098,26,416,1,1,1,1,1,1,0,0,0,0,0,1,1,1,1,1,7,2,8,31,88,0,0,1,1,0x404581F08027F83F
3099,27,432,1,1,1,1,1,1,0,0,0,0,0,1,1,1,1,1,7,2,8,31,88,0,0,1,1,0x404581F08027F83F
3100,28,448,1,1,1,1,1,1,0,0,0,0,0,1,1,1,1,1,7,2,8,31,88,0,0,1,1,0x404581F08027F83F
3101,29,464,1,1,1,1,1,1,0,0,0,0,0,1,1,1,1,1,7,2,8,31,88,0,0,1,1,0x404581F08027F83F
3102,30,480,1,1,1,1,1,1,0,0,0,0,0,1,1,1,1,1,7,2,8,31,88,0,0,1,1,0x404581F08027F83F
3103,31,496,1,1,1,1,1,1,0,0,0,0,0,1,1,1,1,1,7,2,8,31,88,0,0,1,1,0x404581F08027F83F
3104,32,512,1,1,1,1,1,1,0,0,0,0,0,1,1,1,1,1,7,2,8,31,88,0,0,1,1,0x404581F08027F83F
3105,33,528,1,1,1,1,1,1,0,0,0,0,0,1,1,1,1,1,7,2,8,31,88,0,0,1,1,0x404581F08027F83F
3106,34,544,1,1,1,1,1,1,0,0,0,0,0,1,1,1,1,1,7,2,8,31,88,0,0,1,1,0x404581F08027F83F
3107,35,560,1,1,1,1,1,1,0,0,0,0,0,1,1,1,1,1,7,2,8,31,88,0,0,1,1,0x404581F08027F83F
3108,36,576,1,1,1,1,1,1,0,0,0,0,0,1,1,1,1,1,7,2,8,31,88,0,0,1,1,0x404581F08027F83F
3109,37,592,1,1,1,1,1,1,0,0,0,0,0,1,1,1,1,1,7,2,8,31,88,0,0,1,1,0x404581F08027F83F
3110,38,608,1,1,1,1,1,1,0,0,0,0,0,1,1,1,1,1,7,2,8,31,88,0,0,1,1,0x404581F08027F83F
3111,39,624,1,1,1,1,1,1,0,0,0,0,0,1,1,1,1,1,7,2,8,31,88,0,0,1,1,0x404581F08027F83F
3112,40,640,1,1,1,1,1,1,0,0,0,0,0,1,1,1,1,1,7,2,8,31,88,0,0,1,1,0x404581F08027F83F
3113,41,656,1,1,1,1,1,1,0,0,0,0,0,1,1,1,1,1,7,2,8,31,88,0,0,1,1,0x404581F08027F83F
3114,42,672,1,1,1,1,1,1,0,0,0,0,0,1,1,1,1,1,7,2,8,31,88,0,0,1,1,0x404581F08027F83F
3115,43,688,1,1,1,1,1,1,0,0,0,0,0,1,1,1,1,1,7,2,8,31,88,0,0,1,1,0x404581F08027F83F
3116,44,704,1,1,1,1,1,1,0,0,0,0,0,1,1,1,1,1,7,2,8,31,88,0,0,1,1,0x404581F08027F83F
3117,45,720,1,1,1,1,1,1,0,0,0,0,0,1,1,1,1,1,7,2,8,31,88,0,0,1,1,0x404581F08027F83F
3118,46,736,1,1,1,1,1,1,0,0,0,0,0,1,1,1,1,1,7,2,8,31,88,0,0,1,1,0x404581F08027F83F
3119,47,752,1,1,1,1,1,1,0,0,0,0,0,1,1,1,1,1,7,2,8,31,88,0,0,1,1,0x404581F08027F83F
3120,48,768,1,1,1,1,1,1,0,0,0,0,0,1,1,1,1,1,7,2,8,31,88,0,0,1,1,0x404581F08027F83F
3121,49,784,1,1,1,1,1,1,0,0,0,0,0,1,1,1,1,1,7,2,8,31,88,0,0,1,1,0x404581F08027F83F
3122,50,800,1,1,1,1,1,1,0,0,0,0,0,1,1,1,1,1,7,2,8,31,88,0,0,1,1,0x404581F08027F83F
3123,51,816,1,1,1,1,1,1,0,0,0,0,0,1,1,1,1,1,7,2,8,31,88,0,0,1,1,0x404581F08027F83F
3124,52,832,1,1,1,1,1,1,0,0,0,0,0,1,1,1,1,1,7,2,8,31,88,0,0,1,1,0x404581F08027F83F
3125,53,848,1,1,1,1,1,1,0,0,0,0,0,1,1,1,1,1,7,2,8,31,88,0,0,1,1,0x404581F08027F83F
3126,54,864,1,1,1,1,1,1,0,0,0,0,0,1,1,1,1,1,7,2,8,31,88,0,0,1,1,0x404581F08027F83F
3127,55,880,1,1,1,1,1,1,0,0,0,0,0,1,1,1,1,1,7,2,8,31,88,0,0,1,1,0x404581F08027F83F
3128,56,896,1,1,1,1,1,1,0,0,0,0,0,1,1,1,1,1,7,2,8,31,88,0,0,1,1,0x404581F08027F83F
3129,57,912,1,1,1,1,1,1,0,0,0,0,0,1,1,1,1,1,7,2,8,31,88,0,0,1,1,0x404581F08027F83F
3130,58,928,1,1,1,1,1,1,0,0,0,0,0,1,1,1,1,1,7,2,8,31,88,0,0,1,1,0x404581F08027F83F
3131,59,944,1,1,1,1,1,1,0,0,0,0,0,1,1,1,1,1,7,2,8,31,88,0,0,1,1,0x404581F08027F83F
3132,60,960,1,1,1,1,1,1,0,0,0,0,0,1,1,1,1,1,7,2,8,31,88,0,0,1,1,0x404581F08027F83F
3133,61,976,1,1,1,1,1,1,0,0,0,0,0,1,1,1,1,1,7,2,8,31,88,0,0,1,1,0x404581F08027F83F
3134,62,992,1,1,1,1,1,1,0,0,0,0,0,1,1,1,1,1,7,2,8,31,88,0,0,1,1,0x404581F08027F83F
3135,63,1008,1,1,1,1,1,1,0,0,0,0,0,1,1,1,1,1,7,2,8,31,88,0,0,1,1,0x404581F08027F83F
3136,64,1024,1,1,1,1,1,1,0,0,0,0,0,1,1,1,1,1,7,2,8,31,88,0,0,1,1,0x404581F08027F83F
3137,65,1040,1,1,1,1,1,1,0,0,0,0,0,1,1,1,1,1,7,2,8,31,88,0,0,1,1,0x404581F08027F83F
3138,66,1056,1,1,1,1,1,1,0,0,0,0,0,1,1,1,1,1,7,2,8,31,88,0,0,1,1,0x404581F08027F83F
3139,67,1072,1,1,1,1,1,1,0,0,0,0,0,1,1,1,1,1,7,2,8,31,88,0,0,1,1,0x404581F08027F83F
3140,68,1088,1,1,1,1,1,1,0,0,0,0,0,1,1,1,1,1,7,2,8,31,88,0,0,1,1,0x404581F08027F83F
3141,69,1104,1,1,1,1,1,1,0,0,0,0,0,1,1,1,1,1,7,2,8,31,88,0,0,1,1,0x404581F08027F83F
3142,70,1120,1,1,1,1,1,1,0,0,0,0,0,1,1,1,1,1,7,2,8,31,88,0,0,1,1,0x404581F08027F83F
3143,71,1136,1,1,1,1,1,1,0,0,0,0,0,1,1,1,1,1,7,2,8,31,88,0,0,1,1,0x404581F08027F83F
3144,72,1152,1,1,1,1,1,1,0,0,0,0,0,1,1,1,1,1,7,2,8,31,88,0,0,1,1,0x404581F08027F83F
3145,73,1168,1,1,1,1,1,1,0,0,0,0,0,1,1,1,1,1,7,2,8,31,88,0,0,1,1,0x404581F08027F83F
3146,74,1184,1,1,1,1,1,1,0,0,0,0,0,1,1,1,1,1,7,2,8,31,88,0,0,1,1,0x404581F08027F83F
3147,75,1200,1,1,1,1,1,1,0,0,0,0,0,1,1,1,1,1,7,2,8,31,88,0,0,1,1,0x404581F08027F83F
3148,76,1216,1,1,1,1,1,1,0,0,0,0,0,1,1,1,1,1,7,2,8,31,88,0,0,1,1,0x404581F08027F83F
3149,77,1232,1,1,1,1,1,1,0,0,0,0,0,1,1,1,1,1,7,2,8,31,88,0,0,1,1,0x404581F08027F83F
3150,78,1248,1,1,1,1,1,1,0,0,0,0,0,1,1,1,1,1,7,2,8,31,88,0,0,1,1,0x404581F08027F83F
3151,79,1264,1,1,1,1,1,1,0,0,0,0,0,1,1,1,1,1,7,2,8,31,88,0,0,1,1,0x404581F08027F83F
3152,80,1280,1,1,1,1,1,1,0,0,0,0,0,1,1,1,1,1,7,2,8,31,88,0,0,1,1,0x404581F08027F83F
3153,81,1296,1,1,1,1,1,1,0,0,0,0,0,1,1,1,1,1,7,2,8,31,88,0,0,1,1,0x404581F08027F83F
3154,82,1312,1,1,1,1,1,1,0,0,0,0,0,1,1,1,1,1,7,2,8,31,88,0,0,1,1,0x404581F08027F83F
3155,83,1328,1,1,1,1,1,1,0,0,0,0,0,1,1,1,1,1,7,2,8,31,88,0,0,1,1,0x404581F08027F83F
3156,84,1344,1,1,1,1,1,1,0,0,0,0,0,1,1,1,1,1,7,2,8,31,88,0,0,1,1,0x404581F08027F83F
3157,85,1360,1,1,1,1,1,1,0,0,0,0,0,1,1,1,1,1,7,2,8,31,88,0,0,1,1,0x404581F08027F83F
3158,86,1376,1,1,1,1,1,1,0,0,0,0,0,1,1,1,1,1,7,2,8,31,88,0,0,1,1,0x404581F08027F83F
3159,87,1392,1,1,1,1,1,1,0,0,0,0,0,1,1,1,1,1,7,2,8,31,88,0,0,1,1,0x404581F08027F83F
3160,88,1408,1,1,1,1,1,1,0,0,0,0,0,1,1,1,1,1,7,2,8,31,88,0,0,1,1,0x404581F08027F83F
3161,89,1424,1,1,1,1,1,1,0,0,0,0,0,1,1,1,1,1,7,2,8,31,88,0,0,1,1,0x404581F08027F83F
3162,90,1440,1,1,1,1,1,1,0,0,0,0,0,1,1,1,1,1,7,2,8,31,88,0,0,1,1,0x404581F08027F83F
3163,91,1456,1,1,1,1,1,1,0,0,0,0,0,1,1,1,1,1,7,2,8,31,88,0,0,1,1,0x404581F08027F83F
3164,92,1472,1,1,1,1,1,1,0,0,0,0,0,1,1,1,1,1,7,2,8,31,88,0,0,1,1,0x404581F08027F83F
3165,93,1488,1,1,1,1,1,1,0,0,0,0,0,1,1,1,1,1,7,2,8,31,88,0,0,1,1,0x404581F08027F83F
3166,94,1504,1,1,1,1,1,1,0,0,0,0,0,1,1,1,1,1,7,2,8,31,88,0,0,1,1,0x404581F08027F83F
3167,95,1520,1,1,1,1,1,1,0,0,0,0,0,1,1,1,1,1,7,2,8,31,88,0,0,1,1,0x404581F08027F83F
3168,96,1536,1,1,1,1,1,1,0,0,0,0,0,1,1,1,1,1,7,2,8,31,88,0,0,1,1,0x404581F08027F83F
3169,97,1552,1,1,1,1,1,1,0,0,0,0,0,1,1,1,1,1,7,2,8,31,88,0,0,1,1,0x404581F08027F83F
3170,98,1568,1,1,1,1,1,1,0,0,0,0,0,1,1,1,1,1,7,2,8,31,88,0,0,1,1,0x404581F08027F83F
3171,99,1584,1,1,1,1,1,1,0,0,0,0,0,1,1,1,1,1,7,2,8,31,88,0,0,1,1,0x404581F08027F83F
3172,100,1600,1,1,1,1,1,1,0,0,0,0,0,1,1,1,1,1,7,2,8,31,88,0,0,1,1,0x404581F08027F83F
3173,101,1616,1,1,1,1,1,1,0,0,0,0,0,1,1,1,1,1,7,2,8,31,88,0,0,1,1,0x404581F08027F83F
3174,102,1632,1,1,1,1,1,1,0,0,0,0,0,1,1,1,1,1,7,2,8,31,88,0,0,1,1,0x404581F08027F83F
3175,103,1648,1,1,1,1,1,1,0,0,0,0,0,1,1,1,1,1,7,2,8,31,88,0,0,1,1,0x404581F08027F83F
3176,104,1664,1,1,1,1,1,1,0,0,0,0,0,1,1,1,1,1,7,2,8,31,88,0,0,1,1,0x404581F08027F83F
3177,105,1680,1,1,1,1,1,1,0,0,0,0,0,1,1,1,1,1,7,2,8,31,88,0,0,1,1,0x404581F08027F83F
3178,106,1696,1,1,1,1,1,1,0,0,0,0,0,1,1,1,1,1,7,2,8,31,88,0,0,1,1,0x404581F08027F83F
3179,107,1712,1,1,1,1,1,1,0,0,0,0,0,1,1,1,1,1,7,2,8,31,88,0,0,1,1,0x404581F08027F83F
3180,108,1728,1,1,1,1,1,1,0,0,0,0,0,1,1,1,1,1,7,2,8,31,88,0,0,1,1,0x404581F08027F83F
3181,109,1744,1,1,1,1,1,1,0,0,0,0,0,1,1,1,1,1,7,2,8,31,88,0,0,1,1,0x404581F08027F83F
3182,110,1760,1,1,1,1,1,1,0,0,0,0,0,1,1,1,1,1,7,2,8,31,88,0,0,1,1,0x404581F08027F83F
3183,111,1776,1,1,1,1,1,1,0,0,0,0,0,1,1,1,1,1,7,2,8,31,88,0,0,1,1,0x404581F08027F83F
3184,112,1792,1,1,1,1,1,1,0,0,0,0,0,1,1,1,1,1,7,2,8,31,88,0,0,1,1,0x404581F08027F83F
3185,113,1808,1,1,1,1,1,1,0,0,0,0,0,1,1,1,1,1,7,2,8,31,88,0,0,1,1,0x404581F08027F83F
3186,114,1824,1,1,1,1,1,1,0,0,0,0,0,1,1,1,1,1,7,2,8,31,88,0,0,1,1,0x404581F08027F83F
3187,115,1840,1,1,1,1,1,1,0,0,0,0,0,1,1,1,1,1,7,2,8,31,88,0,0,1,1,0x404581F08027F83F
3188,116,1856,1,1,1,1,1,1,0,0,0,0,0,1,1,1,1,1,7,2,8,31,88,0,0,1,1,0x404581F08027F83F
3189,117,1872,1,1,1,1,1,1,0,0,0,0,0,1,1,1,1,1,7,2,8,31,88,0,0,1,1,0x404581F08027F83F
3190,118,1888,1,1,1,1,1,1,0,0,0,0,0,1,1,1,1,1,7,2,8,31,88,0,0,1,1,0x404581F08027F83F
3191,119,1904,1,1,1,1,1,1,0,0,0,0,0,1,1,1,1,1,7,2,8,31,88,0,0,1,1,0x404581F08027F83F
3192,120,1920,1,1,1,1,1,1,0,0,0,0,0,1,1,1,1,1,7,2,8,31,88,0,0,1,1,0x404581F08027F83F
3193,121,1936,1,1,1,1,1,1,0,0,0,0,0,1,1,1,1,1,7,2,8,31,88,0,0,1,1,0x404581F08027F83F
3194,122,1952,1,1,1,1,1,1,0,0,0,0,0,1,1,1,1,1,7,2,8,31,88,0,0,1,1,0x404581F08027F83F
3195,123,1968,1,1,1,1,1,1,0,0,0,0,0,1,1,1,1,1,7,2,8,31,88,0,0,1,1,0x404581F08027F83F
3196,124,1984,1,1,1,1,1,1,0,0,0,0,0,1,1,1,1,1,7,2,8,31,88,0,0,1,1,0x404581F08027F83F
3197,125,2000,1,1,1,1,1,1,0,0,0,0,0,1,1,1,1,1,7,2,8,31,88,0,0,1,1,0x404581F08027F83F
3198,126,2016,1,1,1,1,1,1,0,0,0,0,0,1,1,1,1,1,7,2,8,31,88,0,0,1,1,0x404581F08027F83F
3199,127,2032,1,1,1,1,1,1,0,0,0,0,0,1,1,1,1,1,7,2,8,31,88,0,0,1,1,0x404581F08027F83F
3200,128,2048,1,1,1,1,1,1,0,0,0,0,0,1,1,1,1,1,7,2,8,31,88,0,0,1,1,0x404581F08027F83F
3201,129,2064,1,1,1,1,1,1,0,0,0,0,0,1,1,1,1,1,7,2,8,31,88,0,0,1,1,0x404581F08027F83F
3202,130,2080,1,1,1,1,1,1,0,0,0,0,0,1,1,1,1,1,7,2,8,31,88,0,0,1,1,0x404581F08027F83F
3203,131,2096,1,1,1,1,1,1,0,0,0,0,0,1,1,1,1,1,7,2,8,31,88,0,0,1,1,0x404581F08027F83F
3204,132,2112,1,1,1,1,1,1,0,0,0,0,0,1,1,1,1,1,7,2,8,31,88,0,0,1,1,0x404581F08027F83F
3205,133,2128,1,1,1,1,1,1,0,0,0,0,0,1,1,1,1,1,7,2,8,31,88,0,0,1,1,0x404581F08027F83F
3206,134,2144,1,1,1,1,1,1,0,0,0,0,0,1,1,1,1,1,7,2,8,31,88,0,0,1,1,0x404581F08027F83F
3207,135,2160,1,1,1,1,1,1,0,0,0,0,0,1,1,1,1,1,7,2,8,31,88,0,0,1,1,0x404581F08027F83F
3208,136,2176,1,1,1,1,1,1,0,0,0,0,0,1,1,1,1,1,7,2,8,31,88,0,0,1,1,0x404581F08027F83F
3209,137,2192,1,1,1,1,1,1,0,0,0,0,0,1,1,1,1,1,7,2,8,31,88,0,0,1,1,0x404581F08027F83F
3210,138,2208,1,1,1,1,1,1,0,0,0,0,0,1,1,1,1,1,7,2,8,31,88,0,0,1,1,0x404581F08027F83F
3211,139,2224,1,1,1,1,1,1,0,0,0,0,0,1,1,1,1,1,7,2,8,31,88,0,0,1,1,0x404581F08027F83F
3212,140,2240,1,1,1,1,1,1,0,0,0,0,0,1,1,1,1,1,7,2,8,31,88,0,0,1,1,0x404581F08027F83F
3213,141,2256,1,1,1,1,1,1,0,0,0,0,0,1,1,1,1,1,7,2,8,31,88,0,0,1,1,0x404581F08027F83F
3214,142,2272,1,1,1,1,1,1,0,0,0,0,0,1,1,1,1,1,7,2,8,31,88,0,0,1,1,0x404581F08027F83F
3215,143,2288,1,1,1,1,1,1,0,0,0,0,0,1,1,1,1,1,7,2,8,31,88,0,0,1,1,0x404581F08027F83F
3216,144,2304,1,1,1,1,1,1,0,0,0,0,0,1,1,1,1,1,7,2,8,31,88,0,0,1,1,0x404581F08027F83F
3217,145,2320,1,1,1,1,1,1,0,0,0,0,0,1,1,1,1,1,7,2,8,31,88,0,0,1,1,0x404581F08027F83F
3218,146,2336,1,1,1,1,1,1,0,0,0,0,0,1,1,1,1,1,7,2,8,31,88,0,0,1,1,0x404581F08027F83F
3219,147,2352,1,1,1,1,1,1,0,0,0,0,0,1,1,1,1,1,7,2,8,31,88,0,0,1,1,0x404581F08027F83F
3220,148,2368,1,1,1,1,1,1,0,0,0,0,0,1,1,1,1,1,7,2,8,31,88,0,0,1,1,0x404581F08027F83F
3221,149,2384,1,1,1,1,1,1,0,0,0,0,0,1,1,1,1,1,7,2,8,31,88,0,0,1,1,0x404581F08027F83F
3222,150,2400,1,1,1,1,1,1,0,0,0,0,0,1,1,1,1,1,7,2,8,31,88,0,0,1,1,0x404581F08027F83F
3223,151,2416,1,1,1,1,1,1,0,0,0,0,0,1,1,1,1,1,7,2,8,31,88,0,0,1,1,0x404581F08027F83F
3224,152,2432,1,1,1,1,1,1,0,0,0,0,0,1,1,1,1,1,7,2,8,31,88,0,0,1,1,0x404581F08027F83F
3225,153,2448,1,1,1,1,1,1,0,0,0,0,0,1,1,1,1,1,7,2,8,31,88,0,0,1,1,0x404581F08027F83F
3226,154,2464,1,1,1,1,1,1,0,0,0,0,0,1,1,1,1,1,7,2,8,31,88,0,0,1,1,0x404581F08027F83F
3227,155,2480,1,1,1,1,1,1,0,0,0,0,0,1,1,1,1,1,7,2,8,31,88,0,0,1,1,0x404581F08027F83F
3228,156,2496,1,1,1,1,1,1,0,0,0,0,0,1,1,1,1,1,7,2,8,31,88,0,0,1,1,0x404581F08027F83F
3229,157,2512,1,1,1,1,1,1,0,0,0,0,0,1,1,1,1,1,7,2,8,31,88,0,0,1,1,0x404581F08027F83F
3230,158,2528,1,1,1,1,1,1,0,0,0,0,0,1,1,1,1,1,7,2,8,31,88,0,0,1,1,0x404581F08027F83F
3231,159,2544,1,1,1,1,1,1,0,0,0,0,0,1,1,1,1,1,7,2,8,31,88,0,0,1,1,0x404581F08027F83F
3232,160,2560,1,1,1,1,1,1,0,0,0,0,0,1,1,1,1,1,7,2,8,31,88,0,0,1,1,0x404581F08027F83F
3233,161,2576,1,1,1,1,1,1,0,0,0,0,0,1,1,1,1,1,7,2,8,31,88,0,0,1,1,0x404581F08027F83F
3234,162,2592,1,1,1,1,1,1,0,0,0,0,0,1,1,1,1,1,7,2,8,31,88,0,0,1,1,0x404581F08027F83F
3235,163,2608,1,1,1,1,1,1,0,0,0,0,0,1,1,1,1,1,7,2,8,31,88,0,0,1,1,0x404581F08027F83F
3236,164,2624,1,1,1,1,1,1,0,0,0,0,0,1,1,1,1,1,7,2,8,31,88,0,0,1,1,0x404581F08027F83F
3237,165,2640,1,1,1,1,1,1,0,0,0,0,0,1,1,1,1,1,7,2,8,31,88,0,0,1,1,0x404581F08027F83F
3238,166,2656,1,1,1,1,1,1,0,0,0,0,0,1,1,1,1,1,7,2,8,31,88,0,0,1,1,0x404581F08027F83F
3239,167,2672,1,1,1,1,1,1,0,0,0,0,0,1,1,1,1,1,7,2,8,31,88,0,0,1,1,0x404581F08027F83F
3240,168,2688,1,1,1,1,1,1,0,0,0,0,0,1,1,1,1,1,7,2,8,31,88,0,0,1,1,0x404581F08027F83F
3241,169,2704,1,1,1,1,1,1,0,0,0,0,0,1,1,1,1,1,7,2,8,31,88,0,0,1,1,0x404581F08027F83F
3242,170,2720,1,1,1,1,1,1,0,0,0,0,0,1,1,1,1,1,7,2,8,31,88,0,0,1,1,0x404581F08027F83F
3243,171,2736,1,1,1,1,1,1,0,0,0,0,0,1,1,1,1,1,7,2,8,31,88,0,0,1,1,0x404581F08027F83F
3244,172,2752,1,1,1,1,1,1,0,0,0,0,0,1,1,1,1,1,7,2,8,31,88,0,0,1,1,0x404581F08027F83F
3245,173,2768,1,1,1,1,1,1,0,0,0,0,0,1,1,1,1,1,7,2,8,31,88,0,0,1,1,0x404581F08027F83F
3246,174,2784,1,1,1,1,1,1,0,0,0,0,0,1,1,1,1,1,7,2,8,31,88,0,0,1,1,0x404581F08027F83F
3247,175,2800,1,1,1,1,1,1,0,0,0,0,0,1,1,1,1,1,7,2,8,31,88,0,0,1,1,0x404581F08027F83F
3248,176,2816,1,1,1,1,1,1,0,0,0,0,0,1,1,1,1,1,7,2,8,31,88,0,0,1,1,0x404581F08027F83F
3249,177,2832,1,1,1,1,1,1,0,0,0,0,0,1,1,1,1,1,7,2,8,31,88,0,0,1,1,0x404581F08027F83F
3250,178,2848,1,1,1,1,1,1,0,0,0,0,0,1,1,1,1,1,7,2,8,31,88,0,0,1,1,0x404581F08027F83F
3251,179,2864,1,1,1,1,1,1,0,0,0,0,0,1,1,1,1,1,7,2,8,31,88,0,0,1,1,0x404581F08027F83F
3252,180,2880,1,1,1,1,1,1,0,0,0,0,0,1,1,1,1,1,7,2,8,31,88,0,0,1,1,0x404581F08027F83F
3253,181,2896,1,1,1,1,1,1,0,0,0,0,0,1,1,1,1,1,7,2,8,31,88,0,0,1,1,0x404581F08027F83F
3254,182,2912,1,1,1,1,1,1,0,0,0,0,0,1,1,1,1,1,7,2,8,31,88,0,0,1,1,0x404581F08027F83F
3255,183,2928,1,1,1,1,1,1,0,0,0,0,0,1,1,1,1,1,7,2,8,31,88,0,0,1,1,0x404581F08027F83F
3256,184,2944,1,1,1,1,1,1,0,0,0,0,0,1,1,1,1,1,7,2,8,31,88,0,0,1,1,0x404581F08027F83F
3257,185,2960,1,1,1,1,1,1,0,0,0,0,0,1,1,1,1,1,7,2,8,31,88,0,0,1,1,0x404581F08027F83F
3258,186,2976,1,1,1,1,1,1,0,0,0,0,0,1,1,1,1,1,7,2,8,31,88,0,0,1,1,0x404581F08027F83F
3259,187,2992,1,1,1,1,1,1,0,0,0,0,0,1,1,1,1,1,7,2,8,31,88,0,0,1,1,0x404581F08027F83F
3260,188,3008,1,1,1,1,1,1,0,0,0,0,0,1,1,1,1,1,7,2,8,31,88,0,0,1,1,0x404581F08027F83F
3261,189,3024,1,1,1,1,1,1,0,0,0,0,0,1,1,1,1,1,7,2,8,31,88,0,0,1,1,0x404581F08027F83F
3262,190,3040,1,1,1,1,1,1,0,0,0,0,0,1,1,1,1,1,7,2,8,31,88,0,0,1,1,0x404581F08027F83F
3263,191,3056,1,1,1,1,1,1,0,0,0,0,0,1,1,1,1,1,7,2,8,31,88,0,0,1,1,0x404581F08027F83F
3264,192,3072,1,1,1,1,1,1,0,0,0,0,0,1,1,1,1,1,7,2,8,31,88,0,0,1,1,0x404581F08027F83F
3265,193,3088,1,1,1,1,1,1,0,0,0,0,0,1,1,1,1,1,7,2,8,31,88,0,0,1,1,0x404581F08027F83F
3266,194,3104,1,1,1,1,1,1,0,0,0,0,0,1,1,1,1,1,7,2,8,31,88,0,0,1,1,0x404581F08027F83F
3267,195,3120,1,1,1,1,1,1,0,0,0,0,0,1,1,1,1,1,7,2,8,31,88,0,0,1,1,0x404581F08027F83F
3268,196,3136,1,1,1,1,1,1,0,0,0,0,0,1,1,1,1,1,7,2,8,31,88,0,0,1,1,0x404581F08027F83F
3269,197,3152,1,1,1,1,1,1,0,0,0,0,0,1,1,1,1,1,7,2,8,31,88,0,0,1,1,0x404581F08027F83F
3270,198,3168,1,1,1,1,1,1,0,0,0,0,0,1,1,1,1,1,7,2,8,31,88,0,0,1,1,0x404581F08027F83F
3271,199,3184,1,1,1,1,1,1,0,0,0,0,0,1,1,1,1,1,7,2,8,31,88,0,0,1,1,0x404581F08027F83F
3272,200,3200,1,1,1,1,1,1,0,0,0,0,0,1,1,1,1,1,7,2,8,31,88,0,0,1,1,0x404581F08027F83F
3273,201,3216,1,1,1,1,1,1,0,0,0,0,0,1,1,1,1,1,7,2,8,31,88,0,0,1,1,0x404581F08027F83F
3274,202,3232,1,1,1,1,1,1,0,0,0,0,0,1,1,1,1,1,7,2,8,31,88,0,0,1,1,0x404581F08027F83F
3275,203,3248,1,1,1,1,1,1,0,0,0,0,0,1,1,1,1,1,7,2,8,31,88,0,0,1,1,0x404581F08027F83F
3276,204,3264,1,1,1,1,1,1,0,0,0,0,0,1,1,1,1,1,7,2,8,31,88,0,0,1,1,0x404581F08027F83F
3277,205,3280,1,1,1,1,1,1,0,0,0,0,0,1,1,1,1,1,7,2,8,31,88,0,0,1,1,0x404581F08027F83F
3278,206,3296,1,1,1,1,1,1,0,0,0,0,0,1,1,1,1,1,7,2,8,31,88,0,0,1,1,0x404581F08027F83F
3279,207,3312,1,1,1,1,1,1,0,0,0,0,0,1,1,1,1,1,7,2,8,31,88,0,0,1,1,0x404581F08027F83F
3280,208,3328,1,1,1,1,1,1,0,0,0,0,0,1,1,1,1,1,7,2,8,31,88,0,0,1,1,0x404581F08027F83F
3281,209,3344,1,1,1,1,1,1,0,0,0,0,0,1,1,1,1,1,7,2,8,31,88,0,0,1,1,0x404581F08027F83F
3282,210,3360,1,1,1,1,1,1,0,0,0,0,0,1,1,1,1,1,7,2,8,31,88,0,0,1,1,0x404581F08027F83F
3283,211,3376,1,1,1,1,1,1,0,0,0,0,0,1,1,1,1,1,7,2,8,31,88,0,0,1,1,0x404581F08027F83F
3284,212,3392,1,1,1,1,1,1,0,0,0,0,0,1,1,1,1,1,7,2,8,31,88,0,0,1,1,0x404581F08027F83F
3285,213,3408,1,1,1,1,1,1,0,0,0,0,0,1,1,1,1,1,7,2,8,31,88,0,0,1,1,0x404581F08027F83F
3286,214,3424,1,1,1,1,1,1,0,0,0,0,0,1,1,1,1,1,7,2,8,31,88,0,0,1,1,0x404581F08027F83F
3287,215,3440,1,1,1,1,1,1,0,0,0,0,0,1,1,1,1,1,7,2,8,31,88,0,0,1,1,0x404581F08027F83F
3288,216,3456,1,1,1,1,1,1,0,0,0,0,0,1,1,1,1,1,7,2,8,31,88,0,0,1,1,0x404581F08027F83F
3289,217,3472,1,1,1,1,1,1,0,0,0,0,0,1,1,1,1,1,7,2,8,31,88,0,0,1,1,0x404581F08027F83F
3290,218,3488,1,1,1,1,1,1,0,0,0,0,0,1,1,1,1,1,7,2,8,31,88,0,0,1,1,0x404581F08027F83F
3291,219,3504,1,1,1,1,1,1,0,0,0,0,0,1,1,1,1,1,7,2,8,31,88,0,0,1,1,0x404581F08027F83F
3292,220,3520,1,1,1,1,1,1,0,0,0,0,0,1,1,1,1,1,7,2,8,31,88,0,0,1,1,0x404581F08027F83F
3293,221,3536,1,1,1,1,1,1,0,0,0,0,0,1,1,1,1,1,7,2,8,31,88,0,0,1,1,0x404581F08027F83F
3294,222,3552,1,1,1,1,1,1,0,0,0,0,0,1,1,1,1,1,7,2,8,31,88,0,0,1,1,0x404581F08027F83F
3295,223,3568,1,1,1,1,1,1,0,0,0,0,0,1,1,1,1,1,7,2,8,31,88,0,0,1,1,0x404581F08027F83F
3296,224,3584,1,1,1,1,1,1,0,0,0,0,0,1,1,1,1,1,7,2,8,31,88,0,0,1,1,0x404581F08027F83F
3297,225,3600,1,1,1,1,1,1,0,0,0,0,0,1,1,1,1,1,7,2,8,31,88,0,0,1,1,0x404581F08027F83F
3298,226,3616,1,1,1,1,1,1,0,0,0,0,0,1,1,1,1,1,7,2,8,31,88,0,0,1,1,0x404581F08027F83F
3299,227,3632,1,1,1,1,1,1,0,0,0,0,0,1,1,1,1,1,7,2,8,31,88,0,0,1,1,0x404581F08027F83F
3300,228,3648,1,1,1,1,1,1,0,0,0,0,0,1,1,1,1,1,7,2,8,31,88,0,0,1,1,0x404581F08027F83F
3301,229,3664,1,1,1,1,1,1,0,0,0,0,0,1,1,1,1,1,7,2,8,31,88,0,0,1,1,0x404581F08027F83F
3302,230,3680,1,1,1,1,1,1,0,0,0,0,0,1,1,1,1,1,7,2,8,31,88,0,0,1,1,0x404581F08027F83F
3303,231,3696,1,1,1,1,1,1,0,0,0,0,0,1,1,1,1,1,7,2,8,31,88,0,0,1,1,0x404581F08027F83F
3304,232,3712,1,1,1,1,1,1,0,0,0,0,0,1,1,1,1,1,7,2,8,31,88,0,0,1,1,0x404581F08027F83F
3305,233,3728,1,1,1,1,1,1,0,0,0,0,0,1,1,1,1,1,7,2,8,31,88,0,0,1,1,0x404581F08027F83F
3306,234,3744,1,1,1,1,1,1,0,0,0,0,0,1,1,1,1,1,7,2,8,31,88,0,0,1,1,0x404581F08027F83F
3307,235,3760,1,1,1,1,1,1,0,0,0,0,0,1,1,1,1,1,7,2,8,31,88,0,0,1,1,0x404581F08027F83F
3308,236,3776,1,1,1,1,1,1,0,0,0,0,0,1,1,1,1,1,7,2,8,31,88,0,0,1,1,0x404581F08027F83F
3309,237,3792,1,1,1,1,1,1,0,0,0,0,0,1,1,1,1,1,7,2,8,31,88,0,0,1,1,0x404581F08027F83F
3310,238,3808,1,1,1,1,1,1,0,0,0,0,0,1,1,1,1,1,7,2,8,31,88,0,0,1,1,0x404581F08027F83F
3311,239,3824,1,1,1,1,1,1,0,0,0,0,0,1,1,1,1,1,7,2,8,31,88,0,0,1,1,0x404581F08027F83F
3312,240,3840,1,1,1,1,1,1,0,0,0,0,0,1,1,1,1,1,7,2,8,31,88,0,0,1,1,0x404581F08027F83F
3313,241,3856,1,1,1,1,1,1,0,0,0,0,0,1,1,1,1,1,7,2,8,31,88,0,0,1,1,0x404581F08027F83F
3314,242,3872,1,1,1,1,1,1,0,0,0,0,0,1,1,1,1,1,7,2,8,31,88,0,0,1,1,0x404581F08027F83F
3315,243,3888,1,1,1,1,1,1,0,0,0,0,0,1,1,1,1,1,7,2,8,31,88,0,0,1,1,0x404581F08027F83F
3316,244,3904,1,1,1,1,1,1,0,0,0,0,0,1,1,1,1,1,7,2,8,31,88,0,0,1,1,0x404581F08027F83F
3317,245,3920,1,1,1,1,1,1,0,0,0,0,0,1,1,1,1,1,7,2,8,31,88,0,0,1,1,0x404581F08027F83F
3318,246,3936,1,1,1,1,1,1,0,0,0,0,0,1,1,1,1,1,7,2,8,31,88,0,0,1,1,0x404581F08027F83F
3319,247,3952,1,1,1,1,1,1,0,0,0,0,0,1,1,1,1,1,7,2,8,31,88,0,0,1,1,0x404581F08027F83F
3320,248,3968,1,1,1,1,1,1,0,0,0,0,0,1,1,1,1,1,7,2,8,31,88,0,0,1,1,0x404581F08027F83F
3321,249,3984,1,1,1,1,1,1,0,0,0,0,0,1,1,1,1,1,7,2,8,31,88,0,0,1,1,0x404581F08027F83F
3322,250,4000,1,1,1,1,1,1,0,0,0,0,0,1,1,1,1,1,7,2,8,31,88,0,0,1,1,0x404581F08027F83F
3323,251,4016,1,1,1,1,1,1,0,0,0,0,0,1,1,1,1,1,7,2,8,31,88,0,0,1,1,0x404581F08027F83F
3324,252,4032,1,1,1,1,1,1,0,0,0,0,0,1,1,1,1,1,7,2,8,31,88,0,0,1,1,0x404581F08027F83F
3325,253,4048,1,1,1,1,1,1,0,0,0,0,0,1,1,1,1,1,7,2,8,31,88,0,0,1,1,0x404581F08027F83F
3326,254,4064,1,1,1,1,1,1,0,0,0,0,0,1,1,1,1,1,7,2,8,31,88,0,0,1,1,0x404581F08027F83F
3327,255,4080,1,1,1,1,1,1,0,0,0,0,0,1,1,1,1,1,7,2,8,31,88,0,0,1,1,0x404581F08027F83F
3328,256,4096,1,1,1,1,1,1,0,0,0,0,0,1,1,1,1,1,7,2,8,31,88,0,0,1,1,0x404581F08027F83F
3329,257,4112,1,1,1,1,1,1,0,0,0,0,0,1,1,1,1,1,7,2,8,31,88,0,0,1,1,0x404581F08027F83F
3330,258,4128,1,1,1,1,1,1,0,0,0,0,0,1,1,1,1,1,7,2,8,31,88,0,0,1,1,0x404581F08027F83F
3331,259,4144,1,1,1,1,1,1,0,0,0,0,0,1,1,1,1,1,7,2,8,31,88,0,0,1,1,0x404581F08027F83F
3332,260,4160,1,1,1,1,1,1,0,0,0,0,0,1,1,1,1,1,7,2,8,31,88,0,0,1,1,0x404581F08027F83F
3333,261,4176,1,1,1,1,1,1,0,0,0,0,0,1,1,1,1,1,7,2,8,31,88,0,0,1,1,0x404581F08027F83F
3334,262,4192,1,1,1,1,1,1,0,0,0,0,0,1,1,1,1,1,7,2,8,31,88,0,0,1,1,0x404581F08027F83F
3335,263,4208,1,1,1,1,1,1,0,0,0,0,0,1,1,1,1,1,7,2,8,31,88,0,0,1,1,0x404581F08027F83F
3336,264,4224,1,1,1,1,1,1,0,0,0,0,0,1,1,1,1,1,7,2,8,31,88,0,0,1,1,0x404581F08027F83F
3337,265,4240,1,1,1,1,1,1,0,0,0,0,0,1,1,1,1,1,7,2,8,31,88,0,0,1,1,0x404581F08027F83F
3338,266,4256,1,1,1,1,1,1,0,0,0,0,0,1,1,1,1,1,7,2,8,31,88,0,0,1,1,0x404581F08027F83F
3339,267,4272,1,1,1,1,1,1,0,0,0,0,0,1,1,1,1,1,7,2,8,31,88,0,0,1,1,0x404581F08027F83F
3340,268,4288,1,1,1,1,1,1,0,0,0,0,0,1,1,1,1,1,7,2,8,31,88,0,0,1,1,0x404581F08027F83F
3341,269,4304,1,1,1,1,1,1,0,0,0,0,0,1,1,1,1,1,7,2,8,31,88,0,0,1,1,0x404581F08027F83F
3342,270,4320,1,1,1,1,1,1,0,0,0,0,0,1,1,1,1,1,7,2,8,31,88,0,0,1,1,0x404581F08027F83F
3343,271,4336,1,1,1,1,1,1,0,0,0,0,0,1,1,1,1,1,7,2,8,31,88,0,0,1,1,0x404581F08027F83F
3344,272,4352,1,1,1,1,1,1,0,0,0,0,0,1,1,1,1,1,7,2,8,31,88,0,0,1,1,0x404581F08027F83F
3345,273,4368,1,1,1,1,1,1,0,0,0,0,0,1,1,1,1,1,7,2,8,31,88,0,0,1,1,0x404581F08027F83F
3346,274,4384,1,1,1,1,1,1,0,0,0,0,0,1,1,1,1,1,7,2,8,31,88,0,0,1,1,0x404581F08027F83F
3347,275,4400,1,1,1,1,1,1,0,0,0,0,0,1,1,1,1,1,7,2,8,31,88,0,0,1,1,0x404581F08027F83F
3348,276,4416,1,1,1,1,1,1,0,0,0,0,0,1,1,1,1,1,7,2,8,31,88,0,0,1,1,0x404581F08027F83F
3349,277,4432,1,1,1,1,1,1,0,0,0,0,0,1,1,1,1,1,7,2,8,31,88,0,0,1,1,0x404581F08027F83F
3350,278,4448,1,1,1,1,1,1,0,0,0,0,0,1,1,1,1,1,7,2,8,31,88,0,0,1,1,0x404581F08027F83F
3351,279,4464,1,1,1,1,1,1,0,0,0,0,0,1,1,1,1,1,7,2,8,31,88,0,0,1,1,0x404581F08027F83F
3352,280,4480,1,1,1,1,1,1,0,0,0,0,0,1,1,1,1,1,7,2,8,31,88,0,0,1,1,0x404581F08027F83F
3353,281,4496,1,1,1,1,1,1,0,0,0,0,0,1,1,1,1,1,7,2,8,31,88,0,0,1,1,0x404581F08027F83F
3354,282,4512,1,1,1,1,1,1,0,0,0,0,0,1,1,1,1,1,7,2,8,31,88,0,0,1,1,0x404581F08027F83F
3355,283,4528,1,1,1,1,1,1,0,0,0,0,0,1,1,1,1,1,7,2,8,31,88,0,0,1,1,0x404581F08027F83F
3356,284,4544,1,1,1,1,1,1,0,0,0,0,0,1,1,1,1,1,7,2,8,31,88,0,0,1,1,0x404581F08027F83F
3357,285,4560,1,1,1,1,1,1,0,0,0,0,0,1,1,1,1,1,7,2,8,31,88,0,0,1,1,0x404581F08027F83F
3358,286,4576,1,1,1,1,1,1,0,0,0,0,0,1,1,1,1,1,7,2,8,31,88,0,0,1,1,0x404581F08027F83F
3359,287,4592,1,1,1,1,1,1,0,0,0,0,0,1,1,1,1,1,7,2,8,31,88,0,0,1,1,0x404581F08027F83F
3360,288,4608,1,1,1,1,1,1,0,0,0,0,0,1,1,1,1,1,7,2,8,31,88,0,0,1,1,0x404581F08027F83F
3361,289,4624,1,1,1,1,1,1,0,0,0,0,0,1,1,1,1,1,7,2,8,31,88,0,0,1,1,0x404581F08027F83F
3362,290,4640,1,1,1,1,1,1,0,0,0,0,0,1,1,1,1,1,7,2,8,31,88,0,0,1,1,0x404581F08027F83F
3363,291,4656,1,1,1,1,1,1,0,0,0,0,0,1,1,1,1,1,7,2,8,31,88,0,0,1,1,0x404581F08027F83F
3364,292,4672,1,1,1,1,1,1,0,0,0,0,0,1,1,1,1,1,7,2,8,31,88,0,0,1,1,0x404581F08027F83F
3365,293,4688,1,1,1,1,1,1,0,0,0,0,0,1,1,1,1,1,7,2,8,31,88,0,0,1,1,0x404581F08027F83F
3366,294,4704,1,1,1,1,1,1,0,0,0,0,0,1,1,1,1,1,7,2,8,31,88,0,0,1,1,0x404581F08027F83F
3367,295,4720,1,1,1,1,1,1,0,0,0,0,0,1,1,1,1,1,7,2,8,31,88,0,0,1,1,0x404581F08027F83F
3368,296,4736,1,1,1,1,1,1,0,0,0,0,0,1,1,1,1,1,7,2,8,31,88,0,0,1,1,0x404581F08027F83F
3369,297,4752,1,1,1,1,1,1,0,0,0,0,0,1,1,1,1,1,7,2,8,31,88,0,0,1,1,0x404581F08027F83F
3370,298,4768,1,1,1,1,1,1,0,0,0,0,0,1,1,1,1,1,7,2,8,31,88,0,0,1,1,0x404581F08027F83F
3371,299,4784,1,1,1,1,1,1,0,0,0,0,0,1,1,1,1,1,7,2,8,31,88,0,0,1,1,0x404581F08027F83F
3372,300,4800,1,1,1,1,1,1,0,0,0,0,0,1,1,1,1,1,7,2,8,31,88,0,0,1,1,0x404581F08027F83F
3373,301,4816,1,1,1,1,1,1,0,0,0,0,0,1,1,1,1,1,7,2,8,31,88,0,0,1,1,0x404581F08027F83F
3374,302,4832,1,1,1,1,1,1,0,0,0,0,0,1,1,1,1,1,7,2,8,31,88,0,0,1,1,0x404581F08027F83F
3375,303,4848,1,1,1,1,1,1,0,0,0,0,0,1,1,1,1,1,7,2,8,31,88,0,0,1,1,0x404581F08027F83F
3376,304,4864,1,1,1,1,1,1,0,0,0,0,0,1,1,1,1,1,7,2,8,31,88,0,0,1,1,0x404581F08027F83F
3377,305,4880,1,1,1,1,1,1,0,0,0,0,0,1,1,1,1,1,7,2,8,31,88,0,0,1,1,0x404581F08027F83F
3378,306,4896,1,1,1,1,1,1,0,0,0,0,0,1,1,1,1,1,7,2,8,31,88,0,0,1,1,0x404581F08027F83F
3379,307,4912,1,1,1,1,1,1,0,0,0,0,0,1,1,1,1,1,7,2,8,31,88,0,0,1,1,0x404581F08027F83F
3380,308,4928,1,1,1,1,1,1,0,0,0,0,0,1,1,1,1,1,7,2,8,31,88,0,0,1,1,0x404581F08027F83F
3381,309,4944,1,1,1,1,1,1,0,0,0,0,0,1,1,1,1,1,7,2,8,31,88,0,0,1,1,0x404581F08027F83F
3382,310,4960,1,1,1,1,1,1,0,0,0,0,0,1,1,1,1,1,7,2,8,31,88,0,0,1,1,0x404581F08027F83F
3383,311,4976,1,1,1,1,1,1,0,0,0,0,0,1,1,1,1,1,7,2,8,31,88,0,0,1,1,0x404581F08027F83F
3384,312,4992,1,1,1,1,1,1,0,0,0,0,0,1,1,1,1,1,7,2,8,31,88,0,0,1,1,0x404581F08027F83F
3385,313,5008,1,1,1,1,1,1,0,0,0,0,0,1,1,1,1,1,7,2,8,31,88,0,0,1,1,0x404581F08027F83F
3386,314,5024,1,1,1,1,1,1,0,0,0,0,0,1,1,1,1,1,7,2,8,31,88,0,0,1,1,0x404581F08027F83F
3387,315,5040,1,1,1,1,1,1,0,0,0,0,0,1,1,1,1,1,7,2,8,31,88,0,0,1,1,0x404581F08027F83F
3388,316,5056,1,1,1,1,1,1,0,0,0,0,0,1,1,1,1,1,7,2,8,31,88,0,0,1,1,0x404581F08027F83F
3389,317,5072,1,1,1,1,1,1,0,0,0,0,0,1,1,1,1,1,7,2,8,31,88,0,0,1,1,0x404581F08027F83F
3390,318,5088,1,1,1,1,1,1,0,0,0,0,0,1,1,1,1,1,7,2,8,31,88,0,0,1,1,0x404581F08027F83F
3391,319,5104,1,1,1,1,1,1,0,0,0,0,0,1,1,1,1,1,7,2,8,31,88,0,0,1,1,0x404581F08027F83F
3392,320,5120,1,1,1,1,1,1,0,0,0,0,0,1,1,1,1,1,7,2,8,31,88,0,0,1,1,0x404581F08027F83F
3393,321,5136,1,1,1,1,1,1,0,0,0,0,0,1,1,1,1,1,7,2,8,31,88,0,0,1,1,0x404581F08027F83F
3394,322,5152,1,1,1,1,1,1,0,0,0,0,0,1,1,1,1,1,7,2,8,31,88,0,0,1,1,0x404581F08027F83F
3395,323,5168,1,1,1,1,1,1,0,0,0,0,0,1,1,1,1,1,7,2,8,31,88,0,0,1,1,0x404581F08027F83F
3396,324,5184,1,1,1,1,1,1,0,0,0,0,0,1,1,1,1,1,7,2,8,31,88,0,0,1,1,0x404581F08027F83F
3397,325,5200,1,1,1,1,1,1,0,0,0,0,0,1,1,1,1,1,7,2,8,31,88,0,0,1,1,0x404581F08027F83F
3398,326,5216,1,1,1,1,1,1,0,0,0,0,0,1,1,1,1,1,7,2,8,31,88,0,0,1,1,0x404581F08027F83F
3399,327,5232,1,1,1,1,1,1,0,0,0,0,0,1,1,1,1,1,7,2,8,31,88,0,0,1,1,0x404581F08027F83F
3400,328,5248,1,1,1,1,1,1,0,0,0,0,0,1,1,1,1,1,7,2,8,31,88,0,0,1,1,0x404581F08027F83F
3401,329,5264,1,1,1,1,1,1,0,0,0,0,0,1,1,1,1,1,7,2,8,31,88,0,0,1,1,0x404581F08027F83F
3402,330,5280,1,1,1,1,1,1,0,0,0,0,0,1,1,1,1,1,7,2,8,31,88,0,0,1,1,0x404581F08027F83F
3403,331,5296,1,1,1,1,1,1,0,0,0,0,0,1,1,1,1,1,7,2,8,31,88,0,0,1,1,0x404581F08027F83F
3404,332,5312,1,1,1,1,1,1,0,0,0,0,0,1,1,1,1,1,7,2,8,31,88,0,0,1,1,0x404581F08027F83F
3405,333,5328,1,1,1,1,1,1,0,0,0,0,0,1,1,1,1,1,7,2,8,31,88,0,0,1,1,0x404581F08027F83F
3406,334,5344,1,1,1,1,1,1,0,0,0,0,0,1,1,1,1,1,7,2,8,31,88,0,0,1,1,0x404581F08027F83F
3407,335,5360,1,1,1,1,1,1,0,0,0,0,0,1,1,1,1,1,7,2,8,31,88,0,0,1,1,0x404581F08027F83F
3408,336,5376,1,1,1,1,1,1,0,0,0,0,0,1,1,1,1,1,7,2,8,31,88,0,0,1,1,0x404581F08027F83F
3409,337,5392,1,1,1,1,1,1,0,0,0,0,0,1,1,1,1,1,7,2,8,31,88,0,0,1,1,0x404581F08027F83F
3410,338,5408,1,1,1,1,1,1,0,0,0,0,0,1,1,1,1,1,7,2,8,31,88,0,0,1,1,0x404581F08027F83F
3411,339,5424,1,1,1,1,1,1,0,0,0,0,0,1,1,1,1,1,7,2,8,31,88,0,0,1,1,0x404581F08027F83F
3412,340,5440,1,1,1,1,1,1,0,0,0,0,0,1,1,1,1,1,7,2,8,31,88,0,0,1,1,0x404581F08027F83F
3413,341,5456,1,1,1,1,1,1,0,0,0,0,0,1,1,1,1,1,7,2,8,31,88,0,0,1,1,0x404581F08027F83F
3414,342,5472,1,1,1,1,1,1,0,0,0,0,0,1,1,1,1,1,7,2,8,31,88,0,0,1,1,0x404581F08027F83F
3415,343,5488,1,1,1,1,1,1,0,0,0,0,0,1,1,1,1,1,7,2,8,31,88,0,0,1,1,0x404581F08027F83F
3416,344,5504,1,1,1,1,1,1,0,0,0,0,0,1,1,1,1,1,7,2,8,31,88,0,0,1,1,0x404581F08027F83F
3417,345,5520,1,1,1,1,1,1,0,0,0,0,0,1,1,1,1,1,7,2,8,31,88,0,0,1,1,0x404581F08027F83F
3418,346,5536,1,1,1,1,1,1,0,0,0,0,0,1,1,1,1,1,7,2,8,31,88,0,0,1,1,0x404581F08027F83F
3419,347,5552,1,1,1,1,1,1,0,0,0,0,0,1,1,1,1,1,7,2,8,31,88,0,0,1,1,0x404581F08027F83F
3420,348,5568,1,1,1,1,1,1,0,0,0,0,0,1,1,1,1,1,7,2,8,31,88,0,0,1,1,0x404581F08027F83F
3421,349,5584,1,1,1,1,1,1,0,0,0,0,0,1,1,1,1,1,7,2,8,31,88,0,0,1,1,0x404581F08027F83F
3422,350,5600,1,1,1,1,1,1,0,0,0,0,0,1,1,1,1,1,7,2,8,31,88,0,0,1,1,0x404581F08027F83F
3423,351,5616,1,1,1,1,1,1,0,0,0,0,0,1,1,1,1,1,7,2,8,31,88,0,0,1,1,0x404581F08027F83F
3424,352,5632,1,1,1,1,1,1,0,0,0,0,0,1,1,1,1,1,7,2,8,31,88,0,0,1,1,0x404581F08027F83F
3425,353,5648,1,1,1,1,1,1,0,0,0,0,0,1,1,1,1,1,7,2,8,31,88,0,0,1,1,0x404581F08027F83F
3426,354,5664,1,1,1,1,1,1,0,0,0,0,0,1,1,1,1,1,7,2,8,31,88,0,0,1,1,0x404581F08027F83F
3427,355,5680,1,1,1,1,1,1,0,0,0,0,0,1,1,1,1,1,7,2,8,31,88,0,0,1,1,0x404581F08027F83F
3428,356,5696,1,1,1,1,1,1,0,0,0,0,0,1,1,1,1,1,7,2,8,31,88,0,0,1,1,0x404581F08027F83F
3429,357,5712,1,1,1,1,1,1,0,0,0,0,0,1,1,1,1,1,7,2,8,31,88,0,0,1,1,0x404581F08027F83F
3430,358,5728,1,1,1,1,1,1,0,0,0,0,0,1,1,1,1,1,7,2,8,31,88,0,0,1,1,0x404581F08027F83F
3431,359,5744,1,1,1,1,1,1,0,0,0,0,0,1,1,1,1,1,7,2,8,31,88,0,0,1,1,0x404581F08027F83F
3432,360,5760,1,1,1,1,1,1,0,0,0,0,0,1,1,1,1,1,7,2,8,31,88,0,0,1,1,0x404581F08027F83F
3433,361,5776,1,1,1,1,1,1,0,0,0,0,0,1,1,1,1,1,7,2,8,31,88,0,0,1,1,0x404581F08027F83F
3434,362,5792,1,1,1,1,1,1,0,0,0,0,0,1,1,1,1,1,7,2,8,31,88,0,0,1,1,0x404581F08027F83F
3435,363,5808,1,1,1,1,1,1,0,0,0,0,0,1,1,1,1,1,7,2,8,31,88,0,0,1,1,0x404581F08027F83F
3436,364,5824,1,1,1,1,1,1,0,0,0,0,0,1,1,1,1,1,7,2,8,31,88,0,0,1,1,0x404581F08027F83F
3437,365,5840,1,1,1,1,1,1,0,0,0,0,0,1,1,1,1,1,7,2,8,31,88,0,0,1,1,0x404581F08027F83F
3438,366,5856,1,1,1,1,1,1,0,0,0,0,0,1,1,1,1,1,7,2,8,31,88,0,0,1,1,0x404581F08027F83F
3439,367,5872,1,1,1,1,1,1,0,0,0,0,0,1,1,1,1,1,7,2,8,31,88,0,0,1,1,0x404581F08027F83F
3440,368,5888,1,1,1,1,1,1,0,0,0,0,0,1,1,1,1,1,7,2,8,31,88,0,0,1,1,0x404581F08027F83F
3441,369,5904,1,1,1,1,1,1,0,0,0,0,0,1,1,1,1,1,7,2,8,31,88,0,0,1,1,0x404581F08027F83F
3442,370,5920,1,1,1,1,1,1,0,0,0,0,0,1,1,1,1,1,7,2,8,31,88,0,0,1,1,0x404581F08027F83F
3443,371,5936,1,1,1,1,1,1,0,0,0,0,0,1,1,1,1,1,7,2,8,31,88,0,0,1,1,0x404581F08027F83F
3444,372,5952,1,1,1,1,1,1,0,0,0,0,0,1,1,1,1,1,7,2,8,31,88,0,0,1,1,0x404581F08027F83F
3445,373,5968,1,1,1,1,1,1,0,0,0,0,0,1,1,1,1,1,7,2,8,31,88,0,0,1,1,0x404581F08027F83F
3446,374,5984,1,1,1,1,1,1,0,0,0,0,0,1,1,1,1,1,7,2,8,31,88,0,0,1,1,0x404581F08027F83F
3447,375,6000,1,1,1,1,1,1,0,0,0,0,0,1,1,1,1,1,7,2,8,31,88,0,0,1,1,0x404581F08027F83F
3448,376,6016,1,1,1,1,1,1,0,0,0,0,0,1,1,1,1,1,7,2,8,31,88,0,0,1,1,0x404581F08027F83F
3449,377,6032,1,1,1,1,1,1,0,0,0,0,0,1,1,1,1,1,7,2,8,31,88,0,0,1,1,0x404581F08027F83F
3450,378,6048,1,1,1,1,1,1,0,0,0,0,0,1,1,1,1,1,7,2,8,31,88,0,0,1,1,0x404581F08027F83F
3451,379,6064,1,1,1,1,1,1,0,0,0,0,0,1,1,1,1,1,7,2,8,31,88,0,0,1,1,0x404581F08027F83F
3452,380,6080,1,1,1,1,1,1,0,0,0,0,0,1,1,1,1,1,7,2,8,31,88,0,0,1,1,0x404581F08027F83F
3453,381,6096,1,1,1,1,1,1,0,0,0,0,0,1,1,1,1,1,7,2,8,31,88,0,0,1,1,0x404581F08027F83F
3454,382,6112,1,1,1,1,1,1,0,0,0,0,0,1,1,1,1,1,7,2,8,31,88,0,0,1,1,0x404581F08027F83F
3455,383,6128,1,1,1,1,1,1,0,0,0,0,0,1,1,1,1,1,7,2,8,31,88,0,0,1,1,0x404581F08027F83F
3456,384,6144,1,1,1,1,1,1,0,0,0,0,0,1,1,1,1,1,7,2,8,31,88,0,0,1,1,0x404581F08027F83F
3457,385,6160,1,1,1,1,1,1,0,0,0,0,0,1,1,1,1,1,7,2,8,31,88,0,0,1,1,0x404581F08027F83F
3458,386,6176,1,1,1,1,1,1,0,0,0,0,0,1,1,1,1,1,7,2,8,31,88,0,0,1,1,0x404581F08027F83F
3459,387,6192,1,1,1,1,1,1,0,0,0,0,0,1,1,1,1,1,7,2,8,31,88,0,0,1,1,0x404581F08027F83F
3460,388,6208,1,1,1,1,1,1,0,0,0,0,0,1,1,1,1,1,7,2,8,31,88,0,0,1,1,0x404581F08027F83F
3461,389,6224,1,1,1,1,1,1,0,0,0,0,0,1,1,1,1,1,7,2,8,31,88,0,0,1,1,0x404581F08027F83F
3462,390,6240,1,1,1,1,1,1,0,0,0,0,0,1,1,1,1,1,7,2,8,31,88,0,0,1,1,0x404581F08027F83F
3463,391,6256,1,1,1,1,1,1,0,0,0,0,0,1,1,1,1,1,7,2,8,31,88,0,0,1,1,0x404581F08027F83F
3464,392,6272,1,1,1,1,1,1,0,0,0,0,0,1,1,1,1,1,7,2,8,31,88,0,0,1,1,0x404581F08027F83F
3465,393,6288,1,1,1,1,1,1,0,0,0,0,0,1,1,1,1,1,7,2,8,31,88,0,0,1,1,0x404581F08027F83F
3466,394,6304,1,1,1,1,1,1,0,0,0,0,0,1,1,1,1,1,7,2,8,31,88,0,0,1,1,0x404581F08027F83F
3467,395,6320,1,1,1,1,1,1,0,0,0,0,0,1,1,1,1,1,7,2,8,31,88,0,0,1,1,0x404581F08027F83F
3468,396,6336,1,1,1,1,1,1,0,0,0,0,0,1,1,1,1,1,7,2,8,31,88,0,0,1,1,0x404581F08027F83F
3469,397,6352,1,1,1,1,1,1,0,0,0,0,0,1,1,1,1,1,7,2,8,31,88,0,0,1,1,0x404581F08027F83F
3470,398,6368,1,1,1,1,1,1,0,0,0,0,0,1,1,1,1,1,7,2,8,31,88,0,0,1,1,0x404581F08027F83F
3471,399,6384,1,1,1,1,1,1,0,0,0,0,0,1,1,1,1,1,7,2,8,31,88,0,0,1,1,0x404581F08027F83F
3472,400,6400,1,1,1,1,1,1,0,0,0,0,0,1,1,1,1,1,7,2,8,31,88,0,0,1,1,0x404581F08027F83F
3473,401,6416,1,1,1,1,1,1,0,0,0,0,0,1,1,1,1,1,7,2,8,31,88,0,0,1,1,0x404581F08027F83F
3474,402,6432,1,1,1,1,1,1,0,0,0,0,0,1,1,1,1,1,7,2,8,31,88,0,0,1,1,0x404581F08027F83F
3475,403,6448,1,1,1,1,1,1,0,0,0,0,0,1,1,1,1,1,7,2,8,31,88,0,0,1,1,0x404581F08027F83F
3476,404,6464,1,1,1,1,1,1,0,0,0,0,0,1,1,1,1,1,7,2,8,31,88,0,0,1,1,0x404581F08027F83F
3477,405,6480,1,1,1,1,1,1,0,0,0,0,0,1,1,1,1,1,7,2,8,31,88,0,0,1,1,0x404581F08027F83F
3478,406,6496,1,1,1,1,1,1,0,0,0,0,0,1,1,1,1,1,7,2,8,31,88,0,0,1,1,0x404581F08027F83F
3479,407,6512,1,1,1,1,1,1,0,0,0,0,0,1,1,1,1,1,7,2,8,31,88,0,0,1,1,0x404581F08027F83F
3480,408,6528,1,1,1,1,1,1,0,0,0,0,0,1,1,1,1,1,7,2,8,31,88,0,0,1,1,0x404581F08027F83F
3481,409,6544,1,1,1,1,1,1,0,0,0,0,0,1,1,1,1,1,7,2,8,31,88,0,0,1,1,0x404581F08027F83F
3482,410,6560,1,1,1,1,1,1,0,0,0,0,0,1,1,1,1,1,7,2,8,31,88,0,0,1,1,0x404581F08027F83F
3483,411,6576,1,1,1,1,1,1,0,0,0,0,0,1,1,1,1,1,7,2,8,31,88,0,0,1,1,0x404581F08027F83F
3484,412,6592,1,1,1,1,1,1,0,0,0,0,0,1,1,1,1,1,7,2,8,31,88,0,0,1,1,0x404581F08027F83F
3485,413,6608,1,1,1,1,1,1,0,0,0,0,0,1,1,1,1,1,7,2,8,31,88,0,0,1,1,0x404581F08027F83F
3486,414,6624,1,1,1,1,1,1,0,0,0,0,0,1,1,1,1,1,7,2,8,31,88,0,0,1,1,0x404581F08027F83F
3487,415,6640,1,1,1,1,1,1,0,0,0,0,0,1,1,1,1,1,7,2,8,31,88,0,0,1,1,0x404581F08027F83F
3488,416,6656,1,1,1,1,1,1,0,0,0,0,0,1,1,1,1,1,7,2,8,31,88,0,0,1,1,0x404581F08027F83F
3489,417,6672,1,1,1,1,1,1,0,0,0,0,0,1,1,1,1,1,7,2,8,31,88,0,0,1,1,0x404581F08027F83F
3490,418,6688,1,1,1,1,1,1,0,0,0,0,0,1,1,1,1,1,7,2,8,31,88,0,0,1,1,0x404581F08027F83F
3491,419,6704,1,1,1,1,1,1,0,0,0,0,0,1,1,1,1,1,7,2,8,31,88,0,0,1,1,0x404581F08027F83F
3492,420,6720,1,1,1,1,1,1,0,0,0,0,0,1,1,1,1,1,7,2,8,31,88,0,0,1,1,0x404581F08027F83F
3493,421,6736,1,1,1,1,1,1,0,0,0,0,0,1,1,1,1,1,7,2,8,31,88,0,0,1,1,0x404581F08027F83F
3494,422,6752,1,1,1,1,1,1,0,0,0,0,0,1,1,1,1,1,7,2,8,31,88,0,0,1,1,0x404581F08027F83F
3495,423,6768,1,1,1,1,1,1,0,0,0,0,0,1,1,1,1,1,7,2,8,31,88,0,0,1,1,0x404581F08027F83F
3496,424,6784,1,1,1,1,1,1,0,0,0,0,0,1,1,1,1,1,7,2,8,31,88,0,0,1,1,0x404581F08027F83F
3497,425,6800,1,1,1,1,1,1,0,0,0,0,0,1,1,1,1,1,7,2,8,31,88,0,0,1,1,0x404581F08027F83F
3498,426,6816,1,1,1,1,1,1,0,0,0,0,0,1,1,1,1,1,7,2,8,31,88,0,0,1,1,0x404581F08027F83F
3499,427,6832,1,1,1,1,1,1,0,0,0,0,0,1,1,1,1,1,7,2,8,31,88,0,0,1,1,0x404581F08027F83F
3500,428,6848,1,1,1,1,1,1,0,0,0,0,0,1,1,1,1,1,7,2,8,31,88,0,0,1,1,0x404581F08027F83F
3501,429,6864,1,1,1,1,1,1,0,0,0,0,0,1,1,1,1,1,7,2,8,31,88,0,0,1,1,0x404581F08027F83F
3502,430,6880,1,1,1,1,1,1,0,0,0,0,0,1,1,1,1,1,7,2,8,31,88,0,0,1,1,0x404581F08027F83F
3503,431,6896,1,1,1,1,1,1,0,0,0,0,0,1,1,1,1,1,7,2,8,31,88,0,0,1,1,0x404581F08027F83F
3504,432,6912,1,1,1,1,1,1,0,0,0,0,0,1,1,1,1,1,7,2,8,31,88,0,0,1,1,0x404581F08027F83F
3505,433,6928,1,1,1,1,1,1,0,0,0,0,0,1,1,1,1,1,7,2,8,31,88,0,0,1,1,0x404581F08027F83F
3506,434,6944,1,1,1,1,1,1,0,0,0,0,0,1,1,1,1,1,7,2,8,31,88,0,0,1,1,0x404581F08027F83F
3507,435,6960,1,1,1,1,1,1,0,0,0,0,0,1,1,1,1,1,7,2,8,31,88,0,0,1,1,0x404581F08027F83F
3508,436,6976,1,1,1,1,1,1,0,0,0,0,0,1,1,1,1,1,7,2,8,31,88,0,0,1,1,0x404581F08027F83F
3509,437,6992,1,1,1,1,1,1,0,0,0,0,0,1,1,1,1,1,7,2,8,31,88,0,0,1,1,0x404581F08027F83F
3510,438,7008,1,1,1,1,1,1,0,0,0,0,0,1,1,1,1,1,7,2,8,31,88,0,0,1,1,0x404581F08027F83F
3511,439,7024,1,1,1,1,1,1,0,0,0,0,0,1,1,1,1,1,7,2,8,31,88,0,0,1,1,0x404581F08027F83F
3512,440,7040,1,1,1,1,1,1,0,0,0,0,0,1,1,1,1,1,7,2,8,31,88,0,0,1,1,0x404581F08027F83F
3513,441,7056,1,1,1,1,1,1,0,0,0,0,0,1,1,1,1,1,7,2,8,31,88,0,0,1,1,0x404581F08027F83F
3514,442,7072,1,1,1,1,1,1,0,0,0,0,0,1,1,1,1,1,7,2,8,31,88,0,0,1,1,0x404581F08027F83F
3515,443,7088,1,1,1,1,1,1,0,0,0,0,0,1,1,1,1,1,7,2,8,31,88,0,0,1,1,0x404581F08027F83F
3516,444,7104,1,1,1,1,1,1,0,0,0,0,0,1,1,1,1,1,7,2,8,31,88,0,0,1,1,0x404581F08027F83F
3517,445,7120,1,1,1,1,1,1,0,0,0,0,0,1,1,1,1,1,7,2,8,31,88,0,0,1,1,0x404581F08027F83F
3518,446,7136,1,1,1,1,1,1,0,0,0,0,0,1,1,1,1,1,7,2,8,31,88,0,0,1,1,0x404581F08027F83F
3519,447,7152,1,1,1,1,1,1,0,0,0,0,0,1,1,1,1,1,7,2,8,31,88,0,0,1,1,0x404581F08027F83F
3520,448,7168,1,1,1,1,1,1,0,0,0,0,0,1,1,1,1,1,7,2,8,31,88,0,0,1,1,0x404581F08027F83F
3521,449,7184,1,1,1,1,1,1,0,0,0,0,0,1,1,1,1,1,7,2,8,31,88,0,0,1,1,0x404581F08027F83F
3522,450,7200,1,1,1,1,1,1,0,0,0,0,0,1,1,1,1,1,7,2,8,31,88,0,0,1,1,0x404581F08027F83F
3523,451,7216,1,1,1,1,1,1,0,0,0,0,0,1,1,1,1,1,7,2,8,31,88,0,0,1,1,0x404581F08027F83F
3524,452,7232,1,1,1,1,1,1,0,0,0,0,0,1,1,1,1,1,7,2,8,31,88,0,0,1,1,0x404581F08027F83F
3525,453,7248,1,1,1,1,1,1,0,0,0,0,0,1,1,1,1,1,7,2,8,31,88,0,0,1,1,0x404581F08027F83F
3526,454,7264,1,1,1,1,1,1,0,0,0,0,0,1,1,1,1,1,7,2,8,31,88,0,0,1,1,0x404581F08027F83F
3527,455,7280,1,1,1,1,1,1,0,0,0,0,0,1,1,1,1,1,7,2,8,31,88,0,0,1,1,0x404581F08027F83F
3528,456,7296,1,1,1,1,1,1,0,0,0,0,0,1,1,1,1,1,7,2,8,31,88,0,0,1,1,0x404581F08027F83F
3529,457,7312,1,1,1,1,1,1,0,0,0,0,0,1,1,1,1,1,7,2,8,31,88,0,0,1,1,0x404581F08027F83F
3530,458,7328,1,1,1,1,1,1,0,0,0,0,0,1,1,1,1,1,7,2,8,31,88,0,0,1,1,0x404581F08027F83F
3531,459,7344,1,1,1,1,1,1,0,0,0,0,0,1,1,1,1,1,7,2,8,31,88,0,0,1,1,0x404581F08027F83F
3532,460,7360,1,1,1,1,1,1,0,0,0,0,0,1,1,1,1,1,7,2,8,31,88,0,0,1,1,0x404581F08027F83F
3533,461,7376,1,1,1,1,1,1,0,0,0,0,0,1,1,1,1,1,7,2,8,31,88,0,0,1,1,0x404581F08027F83F
3534,462,7392,1,1,1,1,1,1,0,0,0,0,0,1,1,1,1,1,7,2,8,31,88,0,0,1,1,0x404581F08027F83F
3535,463,7408,1,1,1,1,1,1,0,0,0,0,0,1,1,1,1,1,7,2,8,31,88,0,0,1,1,0x404581F08027F83F
3536,464,7424,1,1,1,1,1,1,0,0,0,0,0,1,1,1,1,1,7,2,8,31,88,0,0,1,1,0x404581F08027F83F
3537,465,7440,1,1,1,1,1,1,0,0,0,0,0,1,1,1,1,1,7,2,8,31,88,0,0,1,1,0x404581F08027F83F
3538,466,7456,1,1,1,1,1,1,0,0,0,0,0,1,1,1,1,1,7,2,8,31,88,0,0,1,1,0x404581F08027F83F
3539,467,7472,1,1,1,1,1,1,0,0,0,0,0,1,1,1,1,1,7,2,8,31,88,0,0,1,1,0x404581F08027F83F
3540,468,7488,1,1,1,1,1,1,0,0,0,0,0,1,1,1,1,1,7,2,8,31,88,0,0,1,1,0x404581F08027F83F
3541,469,7504,1,1,1,1,1,1,0,0,0,0,0,1,1,1,1,1,7,2,8,31,88,0,0,1,1,0x404581F08027F83F
3542,470,7520,1,1,1,1,1,1,0,0,0,0,0,1,1,1,1,1,7,2,8,31,88,0,0,1,1,0x404581F08027F83F
3543,471,7536,1,1,1,1,1,1,0,0,0,0,0,1,1,1,1,1,7,2,8,31,88,0,0,1,1,0x404581F08027F83F
3544,472,7552,1,1,1,1,1,1,0,0,0,0,0,1,1,1,1,1,7,2,8,31,88,0,0,1,1,0x404581F08027F83F
3545,473,7568,1,1,1,1,1,1,0,0,0,0,0,1,1,1,1,1,7,2,8,31,88,0,0,1,1,0x404581F08027F83F
3546,474,7584,1,1,1,1,1,1,0,0,0,0,0,1,1,1,1,1,7,2,8,31,88,0,0,1,1,0x404581F08027F83F
3547,475,7600,1,1,1,1,1,1,0,0,0,0,0,1,1,1,1,1,7,2,8,31,88,0,0,1,1,0x404581F08027F83F
3548,476,7616,1,1,1,1,1,1,0,0,0,0,0,1,1,1,1,1,7,2,8,31,88,0,0,1,1,0x404581F08027F83F
3549,477,7632,1,1,1,1,1,1,0,0,0,0,0,1,1,1,1,1,7,2,8,31,88,0,0,1,1,0x404581F08027F83F
3550,478,7648,1,1,1,1,1,1,0,0,0,0,0,1,1,1,1,1,7,2,8,31,88,0,0,1,1,0x404581F08027F83F
3551,479,7664,1,1,1,1,1,1,0,0,0,0,0,1,1,1,1,1,7,2,8,31,88,0,0,1,1,0x404581F08027F83F
3552,480,7680,1,1,1,1,1,1,0,0,0,0,0,1,1,1,1,1,7,2,8,31,88,0,0,1,1,0x404581F08027F83F
3553,481,7696,1,1,1,1,1,1,0,0,0,0,0,1,1,1,1,1,7,2,8,31,88,0,0,1,1,0x404581F08027F83F
3554,482,7712,1,1,1,1,1,1,0,0,0,0,0,1,1,1,1,1,7,2,8,31,88,0,0,1,1,0x404581F08027F83F
3555,483,7728,1,1,1,1,1,1,0,0,0,0,0,1,1,1,1,1,7,2,8,31,88,0,0,1,1,0x404581F08027F83F
3556,484,7744,1,1,1,1,1,1,0,0,0,0,0,1,1,1,1,1,7,2,8,31,88,0,0,1,1,0x404581F08027F83F
3557,485,7760,1,1,1,1,1,1,0,0,0,0,0,1,1,1,1,1,7,2,8,31,88,0,0,1,1,0x404581F08027F83F
3558,486,7776,1,1,1,1,1,1,0,0,0,0,0,1,1,1,1,1,7,2,8,31,88,0,0,1,1,0x404581F08027F83F
3559,487,7792,1,1,1,1,1,1,0,0,0,0,0,1,1,1,1,1,7,2,8,31,88,0,0,1,1,0x404581F08027F83F
3560,488,7808,1,1,1,1,1,1,0,0,0,0,0,1,1,1,1,1,7,2,8,31,88,0,0,1,1,0x404581F08027F83F
3561,489,7824,1,1,1,1,1,1,0,0,0,0,0,1,1,1,1,1,7,2,8,31,88,0,0,1,1,0x404581F08027F83F
3562,490,7840,1,1,1,1,1,1,0,0,0,0,0,1,1,1,1,1,7,2,8,31,88,0,0,1,1,0x404581F08027F83F
3563,491,7856,1,1,1,1,1,1,0,0,0,0,0,1,1,1,1,1,7,2,8,31,88,0,0,1,1,0x404581F08027F83F
3564,492,7872,1,1,1,1,1,1,0,0,0,0,0,1,1,1,1,1,7,2,8,31,88,0,0,1,1,0x404581F08027F83F
3565,493,7888,1,1,1,1,1,1,0,0,0,0,0,1,1,1,1,1,7,2,8,31,88,0,0,1,1,0x404581F08027F83F
3566,494,7904,1,1,1,1,1,1,0,0,0,0,0,1,1,1,1,1,7,2,8,31,88,0,0,1,1,0x404581F08027F83F
3567,495,7920,1,1,1,1,1,1,0,0,0,0,0,1,1,1,1,1,7,2,8,31,88,0,0,1,1,0x404581F08027F83F
3568,496,7936,1,1,1,1,1,1,0,0,0,0,0,1,1,1,1,1,7,2,8,31,88,0,0,1,1,0x404581F08027F83F
3569,497,7952,1,1,1,1,1,1,0,0,0,0,0,1,1,1,1,1,7,2,8,31,88,0,0,1,1,0x404581F08027F83F
3570,498,7968,1,1,1,1,1,1,0,0,0,0,0,1,1,1,1,1,7,2,8,31,88,0,0,1,1,0x404581F08027F83F
3571,499,7984,1,1,1,1,1,1,0,0,0,0,0,1,1,1,1,1,7,2,8,31,88,0,0,1,1,0x404581F08027F83F
3572,500,8000,1,1,1,1,1,1,0,0,0,0,0,1,1,1,1,1,7,2,8,31,88,0,0,1,1,0x404581F08027F83F
3573,501,8016,1,1,1,1,1,1,0,0,0,0,0,1,1,1,1,1,7,2,8,31,88,0,0,1,1,0x404581F08027F83F
3574,502,8032,1,1,1,1,1,1,0,0,0,0,0,1,1,1,1,1,7,2,8,31,88,0,0,1,1,0x404581F08027F83F
3575,503,8048,1,1,1,1,1,1,0,0,0,0,0,1,1,1,1,1,7,2,8,31,88,0,0,1,1,0x404581F08027F83F
3576,504,8064,1,1,1,1,1,1,0,0,0,0,0,1,1,1,1,1,7,2,8,31,88,0,0,1,1,0x404581F08027F83F
3577,505,8080,1,1,1,1,1,1,0,0,0,0,0,1,1,1,1,1,7,2,8,31,88,0,0,1,1,0x404581F08027F83F
3578,506,8096,1,1,1,1,1,1,0,0,0,0,0,1,1,1,1,1,7,2,8,31,88,0,0,1,1,0x404581F08027F83F
3579,507,8112,1,1,1,1,1,1,0,0,0,0,0,1,1,1,1,1,7,2,8,31,88,0,0,1,1,0x404581F08027F83F
3580,508,8128,1,1,1,1,1,1,0,0,0,0,0,1,1,1,1,1,7,2,8,31,88,0,0,1,1,0x404581F08027F83F
3581,509,8144,1,1,1,1,1,1,0,0,0,0,0,1,1,1,1,1,7,2,8,31,88,0,0,1,1,0x404581F08027F83F
3582,510,8160,1,1,1,1,1,1,0,0,0,0,0,1,1,1,1,1,7,2,8,31,88,0,0,1,1,0x404581F08027F83F
3583,511,8176,1,1,1,1,1,1,0,0,0,0,0,1,1,1,1,1,7,2,8,31,88,0,0,1,1,0x404581F08027F83F
3584,512,8192,1,1,1,1,1,1,0,0,0,0,0,1,1,1,1,1,7,2,8,31,88,0,0,1,1,0x404581F08027F83F
3585,513,8208,1,1,1,1,1,1,0,0,0,0,0,1,1,1,1,1,7,2,8,31,88,0,0,1,1,0x404581F08027F83F
3586,514,8224,1,1,1,1,1,1,0,0,0,0,0,1,1,1,1,1,7,2,8,31,88,0,0,1,1,0x404581F08027F83F
3587,515,8240,1,1,1,1,1,1,0,0,0,0,0,1,1,1,1,1,7,2,8,31,88,0,0,1,1,0x404581F08027F83F
3588,516,8256,1,1,1,1,1,1,0,0,0,0,0,1,1,1,1,1,7,2,8,31,88,0,0,1,1,0x404581F08027F83F
3589,517,8272,1,1,1,1,1,1,0,0,0,0,0,1,1,1,1,1,7,2,8,31,88,0,0,1,1,0x404581F08027F83F
3590,518,8288,1,1,1,1,1,1,0,0,0,0,0,1,1,1,1,1,7,2,8,31,88,0,0,1,1,0x404581F08027F83F
3591,519,8304,1,1,1,1,1,1,0,0,0,0,0,1,1,1,1,1,7,2,8,31,88,0,0,1,1,0x404581F08027F83F
3592,520,8320,1,1,1,1,1,1,0,0,0,0,0,1,1,1,1,1,7,2,8,31,88,0,0,1,1,0x404581F08027F83F
3593,521,8336,1,1,1,1,1,1,0,0,0,0,0,1,1,1,1,1,7,2,8,31,88,0,0,1,1,0x404581F08027F83F
3594,522,8352,1,1,1,1,1,1,0,0,0,0,0,1,1,1,1,1,7,2,8,31,88,0,0,1,1,0x404581F08027F83F
3595,523,8368,1,1,1,1,1,1,0,0,0,0,0,1,1,1,1,1,7,2,8,31,88,0,0,1,1,0x404581F08027F83F
3596,524,8384,1,1,1,1,1,1,0,0,0,0,0,1,1,1,1,1,7,2,8,31,88,0,0,1,1,0x404581F08027F83F
3597,525,8400,1,1,1,1,1,1,0,0,0,0,0,1,1,1,1,1,7,2,8,31,88,0,0,1,1,0x404581F08027F83F
3598,526,8416,1,1,1,1,1,1,0,0,0,0,0,1,1,1,1,1,7,2,8,31,88,0,0,1,1,0x404581F08027F83F
3599,527,8432,1,1,1,1,1,1,0,0,0,0,0,1,1,1,1,1,7,2,8,31,88,0,0,1,1,0x404581F08027F83F
3600,528,8448,1,1,1,1,1,1,0,0,0,0,0,1,1,1,1,1,7,2,8,31,88,0,0,1,1,0x404581F08027F83F
3601,529,8464,1,1,1,1,1,1,0,0,0,0,0,1,1,1,1,1,7,2,8,31,88,0,0,1,1,0x404581F08027F83F
3602,530,8480,1,1,1,1,1,1,0,0,0,0,0,1,1,1,1,1,7,2,8,31,88,0,0,1,1,0x404581F08027F83F
3603,531,8496,1,1,1,1,1,1,0,0,0,0,0,1,1,1,1,1,7,2,8,31,88,0,0,1,1,0x404581F08027F83F
3604,532,8512,1,1,1,1,1,1,0,0,0,0,0,1,1,1,1,1,7,2,8,31,88,0,0,1,1,0x404581F08027F83F
3605,533,8528,1,1,1,1,1,1,0,0,0,0,0,1,1,1,1,1,7,2,8,31,88,0,0,1,1,0x404581F08027F83F
3606,534,8544,1,1,1,1,1,1,0,0,0,0,0,1,1,1,1,1,7,2,8,31,88,0,0,1,1,0x404581F08027F83F
3607,535,8560,1,1,1,1,1,1,0,0,0,0,0,1,1,1,1,1,7,2,8,31,88,0,0,1,1,0x404581F08027F83F
3608,536,8576,1,1,1,1,1,1,0,0,0,0,0,1,1,1,1,1,7,2,8,31,88,0,0,1,1,0x404581F08027F83F
3609,537,8592,1,1,1,1,1,1,0,0,0,0,0,1,1,1,1,1,7,2,8,31,88,0,0,1,1,0x404581F08027F83F
3610,538,8608,1,1,1,1,1,1,0,0,0,0,0,1,1,1,1,1,7,2,8,31,88,0,0,1,1,0x404581F08027F83F
3611,539,8624,1,1,1,1,1,1,0,0,0,0,0,1,1,1,1,1,7,2,8,31,88,0,0,1,1,0x404581F08027F83F
3612,540,8640,1,1,1,1,1,1,0,0,0,0,0,1,1,1,1,1,7,2,8,31,88,0,0,1,1,0x404581F08027F83F
3613,541,8656,1,1,1,1,1,1,0,0,0,0,0,1,1,1,1,1,7,2,8,31,88,0,0,1,1,0x404581F08027F83F
3614,542,8672,1,1,1,1,1,1,0,0,0,0,0,1,1,1,1,1,7,2,8,31,88,0,0,1,1,0x404581F08027F83F
3615,543,8688,1,1,1,1,1,1,0,0,0,0,0,1,1,1,1,1,7,2,8,31,88,0,0,1,1,0x404581F08027F83F
3616,544,8704,1,1,1,1,1,1,0,0,0,0,0,1,1,1,1,1,7,2,8,31,88,0,0,1,1,0x404581F08027F83F
3617,545,8720,1,1,1,1,1,1,0,0,0,0,0,1,1,1,1,1,7,2,8,31,88,0,0,1,1,0x404581F08027F83F
3618,546,8736,1,1,1,1,1,1,0,0,0,0,0,1,1,1,1,1,7,2,8,31,88,0,0,1,1,0x404581F08027F83F
3619,547,8752,1,1,1,1,1,1,0,0,0,0,0,1,1,1,1,1,7,2,8,31,88,0,0,1,1,0x404581F08027F83F
3620,548,8768,1,1,1,1,1,1,0,0,0,0,0,1,1,1,1,1,7,2,8,31,88,0,0,1,1,0x404581F08027F83F
3621,549,8784,1,1,1,1,1,1,0,0,0,0,0,1,1,1,1,1,7,2,8,31,88,0,0,1,1,0x404581F08027F83F
3622,550,8800,1,1,1,1,1,1,0,0,0,0,0,1,1,1,1,1,7,2,8,31,88,0,0,1,1,0x404581F08027F83F
3623,551,8816,1,1,1,1,1,1,0,0,0,0,0,1,1,1,1,1,7,2,8,31,88,0,0,1,1,0x404581F08027F83F
3624,552,8832,1,1,1,1,1,1,0,0,0,0,0,1,1,1,1,1,7,2,8,31,88,0,0,1,1,0x404581F08027F83F
3625,553,8848,1,1,1,1,1,1,0,0,0,0,0,1,1,1,1,1,7,2,8,31,88,0,0,1,1,0x404581F08027F83F
3626,554,8864,1,1,1,1,1,1,0,0,0,0,0,1,1,1,1,1,7,2,8,31,88,0,0,1,1,0x404581F08027F83F
3627,555,8880,1,1,1,1,1,1,0,0,0,0,0,1,1,1,1,1,7,2,8,31,88,0,0,1,1,0x404581F08027F83F
3628,556,8896,1,1,1,1,1,1,0,0,0,0,0,1,1,1,1,1,7,2,8,31,88,0,0,1,1,0x404581F08027F83F
3629,557,8912,1,1,1,1,1,1,0,0,0,0,0,1,1,1,1,1,7,2,8,31,88,0,0,1,1,0x404581F08027F83F
3630,558,8928,1,1,1,1,1,1,0,0,0,0,0,1,1,1,1,1,7,2,8,31,88,0,0,1,1,0x404581F08027F83F
3631,559,8944,1,1,1,1,1,1,0,0,0,0,0,1,1,1,1,1,7,2,8,31,88,0,0,1,1,0x404581F08027F83F
3632,560,8960,1,1,1,1,1,1,0,0,0,0,0,1,1,1,1,1,7,2,8,31,88,0,0,1,1,0x404581F08027F83F
3633,561,8976,1,1,1,1,1,1,0,0,0,0,0,1,1,1,1,1,7,2,8,31,88,0,0,1,1,0x404581F08027F83F
3634,562,8992,1,1,1,1,1,1,0,0,0,0,0,1,1,1,1,1,7,2,8,31,88,0,0,1,1,0x404581F08027F83F
3635,563,9008,1,1,1,1,1,1,0,0,0,0,0,1,1,1,1,1,7,2,8,31,88,0,0,1,1,0x404581F08027F83F
3636,564,9024,1,1,1,1,1,1,0,0,0,0,0,1,1,1,1,1,7,2,8,31,88,0,0,1,1,0x404581F08027F83F
3637,565,9040,1,1,1,1,1,1,0,0,0,0,0,1,1,1,1,1,7,2,8,31,88,0,0,1,1,0x404581F08027F83F
3638,566,9056,1,1,1,1,1,1,0,0,0,0,0,1,1,1,1,1,7,2,8,31,88,0,0,1,1,0x404581F08027F83F
3639,567,9072,1,1,1,1,1,1,0,0,0,0,0,1,1,1,1,1,7,2,8,31,88,0,0,1,1,0x404581F08027F83F
3640,568,9088,1,1,1,1,1,1,0,0,0,0,0,1,1,1,1,1,7,2,8,31,88,0,0,1,1,0x404581F08027F83F
3641,569,9104,1,1,1,1,1,1,0,0,0,0,0,1,1,1,1,1,7,2,8,31,88,0,0,1,1,0x404581F08027F83F
3642,570,9120,1,1,1,1,1,1,0,0,0,0,0,1,1,1,1,1,7,2,8,31,88,0,0,1,1,0x404581F08027F83F
3643,571,9136,1,1,1,1,1,1,0,0,0,0,0,1,1,1,1,1,7,2,8,31,88,0,0,1,1,0x404581F08027F83F
3644,572,9152,1,1,1,1,1,1,0,0,0,0,0,1,1,1,1,1,7,2,8,31,88,0,0,1,1,0x404581F08027F83F
3645,573,9168,1,1,1,1,1,1,0,0,0,0,0,1,1,1,1,1,7,2,8,31,88,0,0,1,1,0x404581F08027F83F
3646,574,9184,1,1,1,1,1,1,0,0,0,0,0,1,1,1,1,1,7,2,8,31,88,0,0,1,1,0x404581F08027F83F
3647,575,9200,1,1,1,1,1,1,0,0,0,0,0,1,1,1,1,1,7,2,8,31,88,0,0,1,1,0x404581F08027F83F
3648,576,9216,1,1,1,1,1,1,0,0,0,0,0,1,1,1,1,1,7,2,8,31,88,0,0,1,1,0x404581F08027F83F
3649,577,9232,1,1,1,1,1,1,0,0,0,0,0,1,1,1,1,1,7,2,8,31,88,0,0,1,1,0x404581F08027F83F
3650,578,9248,1,1,1,1,1,1,0,0,0,0,0,1,1,1,1,1,7,2,8,31,88,0,0,1,1,0x404581F08027F83F
3651,579,9264,1,1,1,1,1,1,0,0,0,0,0,1,1,1,1,1,7,2,8,31,88,0,0,1,1,0x404581F08027F83F
3652,580,9280,1,1,1,1,1,1,0,0,0,0,0,1,1,1,1,1,7,2,8,31,88,0,0,1,1,0x404581F08027F83F
3653,581,9296,1,1,1,1,1,1,0,0,0,0,0,1,1,1,1,1,7,2,8,31,88,0,0,1,1,0x404581F08027F83F
3654,582,9312,1,1,1,1,1,1,0,0,0,0,0,1,1,1,1,1,7,2,8,31,88,0,0,1,1,0x404581F08027F83F
3655,583,9328,1,1,1,1,1,1,0,0,0,0,0,1,1,1,1,1,7,2,8,31,88,0,0,1,1,0x404581F08027F83F
3656,584,9344,1,1,1,1,1,1,0,0,0,0,0,1,1,1,1,1,7,2,8,31,88,0,0,1,1,0x404581F08027F83F
3657,585,9360,1,1,1,1,1,1,0,0,0,0,0,1,1,1,1,1,7,2,8,31,88,0,0,1,1,0x404581F08027F83F
3658,586,9376,1,1,1,1,1,1,0,0,0,0,0,1,1,1,1,1,7,2,8,31,88,0,0,1,1,0x404581F08027F83F
3659,587,9392,1,1,1,1,1,1,0,0,0,0,0,1,1,1,1,1,7,2,8,31,88,0,0,1,1,0x404581F08027F83F
3660,588,9408,1,1,1,1,1,1,0,0,0,0,0,1,1,1,1,1,7,2,8,31,88,0,0,1,1,0x404581F08027F83F
3661,589,9424,1,1,1,1,1,1,0,0,0,0,0,1,1,1,1,1,7,2,8,31,88,0,0,1,1,0x404581F08027F83F
3662,590,9440,1,1,1,1,1,1,0,0,0,0,0,1,1,1,1,1,7,2,8,31,88,0,0,1,1,0x404581F08027F83F
3663,591,9456,1,1,1,1,1,1,0,0,0,0,0,1,1,1,1,1,7,2,8,31,88,0,0,1,1,0x404581F08027F83F
3664,592,9472,1,1,1,1,1,1,0,0,0,0,0,1,1,1,1,1,7,2,8,31,88,0,0,1,1,0x404581F08027F83F
3665,593,9488,1,1,1,1,1,1,0,0,0,0,0,1,1,1,1,1,7,2,8,31,88,0,0,1,1,0x404581F08027F83F
3666,594,9504,1,1,1,1,1,1,0,0,0,0,0,1,1,1,1,1,7,2,8,31,88,0,0,1,1,0x404581F08027F83F
3667,595,9520,1,1,1,1,1,1,0,0,0,0,0,1,1,1,1,1,7,2,8,31,88,0,0,1,1,0x404581F08027F83F
3668,596,9536,1,1,1,1,1,1,0,0,0,0,0,1,1,1,1,1,7,2,8,31,88,0,0,1,1,0x404581F08027F83F
3669,597,9552,1,1,1,1,1,1,0,0,0,0,0,1,1,1,1,1,7,2,8,31,88,0,0,1,1,0x404581F08027F83F
3670,598,9568,1,1,1,1,1,1,0,0,0,0,0,1,1,1,1,1,7,2,8,31,88,0,0,1,1,0x404581F08027F83F
3671,599,9584,1,1,1,1,1,1,0,0,0,0,0,1,1,1,1,1,7,2,8,31,88,0,0,1,1,0x404581F08027F83F
3672,600,9600,1,1,1,1,1,1,0,0,0,0,0,1,1,1,1,1,7,2,8,31,88,0,0,1,1,0x404581F08027F83F
3673,601,9616,1,1,1,1,1,1,0,0,0,0,0,1,1,1,1,1,7,2,8,31,88,0,0,1,1,0x404581F08027F83F
3674,602,9632,1,1,1,1,1,1,0,0,0,0,0,1,1,1,1,1,7,2,8,31,88,0,0,1,1,0x404581F08027F83F
3675,603,9648,1,1,1,1,1,1,0,0,0,0,0,1,1,1,1,1,7,2,8,31,88,0,0,1,1,0x404581F08027F83F
3676,604,9664,1,1,1,1,1,1,0,0,0,0,0,1,1,1,1,1,7,2,8,31,88,0,0,1,1,0x404581F08027F83F
3677,605,9680,1,1,1,1,1,1,0,0,0,0,0,1,1,1,1,1,7,2,8,31,88,0,0,1,1,0x404581F08027F83F
3678,606,9696,1,1,1,1,1,1,0,0,0,0,0,1,1,1,1,1,7,2,8,31,88,0,0,1,1,0x404581F08027F83F
3679,607,9712,1,1,1,1,1,1,0,0,0,0,0,1,1,1,1,1,7,2,8,31,88,0,0,1,1,0x404581F08027F83F
3680,608,9728,1,1,1,1,1,1,0,0,0,0,0,1,1,1,1,1,7,2,8,31,88,0,0,1,1,0x404581F08027F83F
3681,609,9744,1,1,1,1,1,1,0,0,0,0,0,1,1,1,1,1,7,2,8,31,88,0,0,1,1,0x404581F08027F83F
3682,610,9760,1,1,1,1,1,1,0,0,0,0,0,1,1,1,1,1,7,2,8,31,88,0,0,1,1,0x404581F08027F83F
3683,611,9776,1,1,1,1,1,1,0,0,0,0,0,1,1,1,1,1,7,2,8,31,88,0,0,1,1,0x404581F08027F83F
3684,612,9792,1,1,1,1,1,1,0,0,0,0,0,1,1,1,1,1,7,2,8,31,88,0,0,1,1,0x404581F08027F83F
3685,613,9808,1,1,1,1,1,1,0,0,0,0,0,1,1,1,1,1,7,2,8,31,88,0,0,1,1,0x404581F08027F83F
3686,614,9824,1,1,1,1,1,1,0,0,0,0,0,1,1,1,1,1,7,2,8,31,88,0,0,1,1,0x404581F08027F83F
3687,615,9840,1,1,1,1,1,1,0,0,0,0,0,1,1,1,1,1,7,2,8,31,88,0,0,1,1,0x404581F08027F83F
3688,616,9856,1,1,1,1,1,1,0,0,0,0,0,1,1,1,1,1,7,2,8,31,88,0,0,1,1,0x404581F08027F83F
3689,617,9872,1,1,1,1,1,1,0,0,0,0,0,1,1,1,1,1,7,2,8,31,88,0,0,1,1,0x404581F08027F83F
3690,618,9888,1,1,1,1,1,1,0,0,0,0,0,1,1,1,1,1,7,2,8,31,88,0,0,1,1,0x404581F08027F83F
3691,619,9904,1,1,1,1,1,1,0,0,0,0,0,1,1,1,1,1,7,2,8,31,88,0,0,1,1,0x404581F08027F83F
3692,620,9920,1,1,1,1,1,1,0,0,0,0,0,1,1,1,1,1,7,2,8,31,88,0,0,1,1,0x404581F08027F83F
3693,621,9936,1,1,1,1,1,1,0,0,0,0,0,1,1,1,1,1,7,2,8,31,88,0,0,1,1,0x404581F08027F83F
3694,622,9952,1,1,1,1,1,1,0,0,0,0,0,1,1,1,1,1,7,2,8,31,88,0,0,1,1,0x404581F08027F83F
3695,623,9968,1,1,1,1,1,1,0,0,0,0,0,1,1,1,1,1,7,2,8,31,88,0,0,1,1,0x404581F08027F83F
3696,624,9984,1,1,1,1,1,1,0,0,0,0,0,1,1,1,1,1,7,2,8,31,88,0,0,1,1,0x404581F08027F83F
3697,625,10000,1,1,1,1,1,1,0,0,0,0,0,1,1,1,1,1,7,2,8,31,88,0,0,1,1,0x404581F08027F83F
3698,626,10016,1,1,1,1,1,1,0,0,0,0,0,1,1,1,1,1,7,2,8,31,88,0,0,1,1,0x404581F08027F83F
3699,627,10032,1,1,1,1,1,1,1,1,0,0,0,1,1,1,1,1,7,2,9,31,88,0,0,1,1,0x404581F09027F8FF
3700,628,10048,0,1,1,0,1,1,1,1,0,0,0,1,1,1,1,1,7,2,9,31,88,0,0,1,1,0x404581F09027F8F6
3701,629,10064,0,0,1,0,0,1,1,1,0,0,0,1,1,1,1,1,7,2,9,31,88,0,0,1,1,0x404581F09027F8E4
3702,630,10080,0,0,1,0,0,1,1,1,0,0,0,1,1,1,1,1,7,2,9,31,88,0,0,1,1,0x404581F09027F8E4
3703,631,10096,0,0,1,0,0,1,1,1,0,0,0,1,1,1,1,1,7,2,9,31,88,0,0,1,1,0x404581F09027F8E4
3704,632,10112,0,0,0,0,0,0,1,1,0,1,0,1,1,1,1,1,7,2,9,31,88,0,0,1,1,0x404581F09027FAC0
3705,633,10128,0,0,0,0,0,0,1,1,0,1,0,1,1,1,1,1,7,2,9,31,88,0,0,1,1,0x404581F09027FAC0
3706,634,10144,0,0,0,0,0,0,1,1,0,1,0,1,1,1,1,1,7,2,9,31,88,0,0,1,1,0x404581F09027FAC0
3707,635,10160,0,0,0,0,0,0,1,1,0,1,0,1,1,1,1,1,7,2,9,31,88,0,0,1,1,0x404581F09027FAC0
3708,636,10176,0,0,0,0,0,0,1,1,0,1,0,1,1,1,1,1,7,2,9,31,88,0,0,1,1,0x404581F09027FAC0
3709,637,10192,0,0,0,0,0,0,1,1,0,1,0,1,1,1,1,1,7,2,9,31,88,0,0,1,1,0x404581F09027FAC0
3710,638,10208,0,0,0,0,0,0,1,1,0,1,0,1,1,1,1,1,7,2,9,31,88,0,0,1,1,0x404581F09027FAC0
3711,639,10224,0,0,0,0,0,0,1,1,0,1,0,1,1,1,1,1,7,2,9,31,88,0,0,1,1,0x404581F09027FAC0
3712,640,10240,0,0,0,0,0,0,1,1,0,1,0,1,1,1,1,1,7,2,9,31,88,0,0,1,1,0x404581F09027FAC0
3713,641,10256,0,0,0,0,0,0,1,1,0,1,0,1,1,1,1,1,7,2,9,31,88,0,0,1,1,0x404581F09027FAC0
3714,642,10272,0,0,0,0,0,0,1,1,0,1,0,1,1,1,1,1,7,2,9,31,88,0,0,1,1,0x404581F09027FAC0
3715,643,10288,0,0,0,0,0,0,1,1,0,1,0,1,1,1,1,1,7,2,9,31,88,0,0,1,1,0x404581F09027FAC0
3716,644,10304,0,0,0,0,0,0,1,1,0,1,0,1,1,1,1,1,7,2,9,31,88,0,0,1,1,0x404581F09027FAC0
3717,645,10320,0,0,0,0,0,0,1,1,0,1,0,1,1,1,1,1,7,2,9,31,88,0,0,1,1,0x404581F09027FAC0
3718,646,10336,0,0,0,0,0,0,1,1,0,1,0,1,1,1,1,1,7,2,9,31,88,0,0,1,1,0x404581F09027FAC0
3719,647,10352,0,0,0,0,0,0,1,1,0,1,0,1,1,1,1,1,7,2,9,31,88,0,0,1,1,0x404581F09027FAC0
3720,648,10368,0,0,0,0,0,0,1,1,0,1,0,1,1,1,1,1,7,2,9,31,88,0,0,1,1,0x404581F09027FAC0
3721,649,10384,0,0,0,0,0,0,1,1,0,1,0,1,1,1,1,1,7,2,9,31,88,0,0,1,1,0x404581F09027FAC0
3722,650,10400,0,0,0,0,0,0,1,1,0,1,0,1,1,1,1,1,7,2,9,31,88,0,0,1,1,0x404581F09027FAC0
3723,651,10416,0,0,0,0,0,0,1,1,0,1,0,1,1,1,1,1,7,2,9,31,88,0,0,1,1,0x404581F09027FAC0
3724,652,10432,0,0,0,0,0,0,1,1,0,1,0,1,1,1,1,1,7,2,9,31,88,0,0,1,1,0x404581F09027FAC0
3725,653,10448,0,0,0,0,0,0,1,1,0,1,0,1,1,1,1,1,7,2,9,31,88,0,0,1,1,0x404581F09027FAC0
3726,654,10464,0,0,0,0,0,0,1,1,0,1,0,1,1,1,1,1,7,2,9,31,88,0,0,1,1,0x404581F09027FAC0
3727,655,10480,0,0,0,0,0,0,1,1,0,1,0,1,1,1,1,1,7,2,9,31,88,0,0,1,1,0x404581F09027FAC0
3728,656,10496,0,0,0,0,0,0,1,1,0,1,0,1,1,1,1,1,7,2,9,31,88,0,0,1,1,0x404581F09027FAC0
3729,657,10512,0,0,0,0,0,0,1,1,0,1,0,1,1,1,1,1,7,2,9,31,88,0,0,1,1,0x404581F09027FAC0
3730,658,10528,0,0,0,0,0,0,1,1,0,1,0,1,1,1,1,1,7,2,9,31,88,0,0,1,1,0x404581F09027FAC0
3731,659,10544,0,0,0,0,0,0,1,1,0,1,0,1,1,1,1,1,7,2,9,31,88,0,0,1,1,0x404581F09027FAC0
3732,660,10560,0,0,0,0,0,0,1,1,0,1,0,1,1,1,1,1,7,2,9,31,88,0,0,1,1,0x404581F09027FAC0
3733,661,10576,0,0,0,0,0,0,1,1,0,1,0,1,1,1,1,1,7,2,9,31,88,0,0,1,1,0x404581F09027FAC0
3734,662,10592,0,0,0,0,0,0,1,1,0,1,0,1,1,1,1,1,7,2,9,31,88,0,0,1,1,0x404581F09027FAC0
3735,663,10608,0,0,0,0,0,0,1,1,0,1,0,1,1,1,1,1,7,2,9,31,88,0,0,1,1,0x404581F09027FAC0
3736,664,10624,0,0,0,0,0,0,1,1,0,1,0,1,1,1,1,1,7,2,9,31,88,0,0,1,1,0x404581F09027FAC0
3737,665,10640,0,0,0,0,0,0,1,1,0,1,0,1,1,1,1,1,7,2,9,31,88,0,0,1,1,0x404581F09027FAC0
3738,666,10656,0,0,0,0,0,0,1,1,0,1,0,1,1,1,1,1,7,2,9,31,88,0,0,1,1,0x404581F09027FAC0
3739,667,10672,0,0,0,0,0,0,1,1,0,1,0,1,1,1,1,1,7,2,9,31,88,0,0,1,1,0x404581F09027FAC0
3740,668,10688,0,0,0,0,0,0,1,1,0,1,0,1,1,1,1,1,7,2,9,31,88,0,0,1,1,0x404581F09027FAC0
3741,669,10704,0,0,0,0,0,0,1,1,0,1,0,1,1,1,1,1,7,2,9,31,88,0,0,1,1,0x404581F09027FAC0
3742,670,10720,0,0,0,0,0,0,1,1,0,1,0,1,1,1,1,1,7,2,9,31,88,0,0,1,1,0x404581F09027FAC0
3743,671,10736,0,0,0,0,0,0,1,1,0,1,0,1,1,1,1,1,7,2,9,31,88,0,0,1,1,0x404581F09027FAC0
3744,672,10752,0,0,0,0,0,0,1,1,0,1,0,1,1,1,1,1,7,2,9,31,88,0,0,1,1,0x404581F09027FAC0
3745,673,10768,0,0,0,0,0,0,1,1,0,1,0,1,1,1,1,1,7,2,9,31,88,0,0,1,1,0x404581F09027FAC0
3746,674,10784,0,0,0,0,0,0,1,1,0,1,0,1,1,1,1,1,7,2,9,31,88,0,0,1,1,0x404581F09027FAC0
3747,675,10800,0,0,0,0,0,0,1,1,0,1,0,1,1,1,1,1,7,2,9,31,88,0,0,1,1,0x404581F09027FAC0
3748,676,10816,0,0,0,0,0,0,1,1,0,1,0,1,1,1,1,1,7,2,9,31,88,0,0,1,1,0x404581F09027FAC0
3749,677,10832,0,0,0,0,0,0,1,1,0,1,0,1,1,1,1,1,7,2,9,31,88,0,0,1,1,0x404581F09027FAC0
3750,678,10848,0,0,0,0,0,0,1,1,0,1,0,1,1,1,1,1,7,2,9,31,88,0,0,1,1,0x404581F09027FAC0
3751,679,10864,0,0,0,0,0,0,1,1,0,1,0,1,1,1,1,1,7,2,9,31,88,0,0,1,1,0x404581F09027FAC0
3752,680,10880,0,0,0,0,0,0,1,1,0,1,0,1,1,1,1,1,7,2,9,31,88,0,0,1,1,0x404581F09027FAC0
3753,681,10896,0,0,0,0,0,0,1,1,0,1,0,1,1,1,1,1,7,2,9,31,88,0,0,1,1,0x404581F09027FAC0
3754,682,10912,0,0,0,0,0,0,1,1,0,1,0,1,1,1,1,1,7,2,9,31,88,0,0,1,1,0x404581F09027FAC0
3755,683,10928,0,0,0,0,0,0,1,1,0,1,0,1,1,1,1,1,7,2,9,31,88,0,0,1,1,0x404581F09027FAC0
3756,684,10944,0,0,0,0,0,0,1,1,0,1,0,1,1,1,1,1,7,2,9,31,88,0,0,1,1,0x404581F09027FAC0
3757,685,10960,0,0,0,0,0,0,1,1,0,1,0,1,1,1,1,1,7,2,9,31,88,0,0,1,1,0x404581F09027FAC0
3758,686,10976,0,0,0,0,0,0,1,1,0,1,0,1,1,1,1,1,7,2,9,31,88,0,0,1,1,0x404581F09027FAC0
3759,687,10992,0,0,0,0,0,0,1,1,0,1,0,1,1,1,1,1,7,2,9,31,88,0,0,1,1,0x404581F09027FAC0
3760,688,11008,0,0,0,0,0,0,1,1,0,1,0,1,1,1,1,1,7,2,9,31,88,0,0,1,1,0x404581F09027FAC0
3761,689,11024,0,0,0,0,0,0,1,1,0,1,0,1,1,1,1,1,7,2,9,31,88,0,0,1,1,0x404581F09027FAC0
3762,690,11040,0,0,0,0,0,0,1,1,0,1,0,1,1,1,1,1,7,2,9,31,88,0,0,1,1,0x404581F09027FAC0
3763,691,11056,0,0,0,0,0,0,1,1,0,1,0,1,1,1,1,1,7,2,9,31,88,0,0,1,1,0x404581F09027FAC0
3764,692,11072,0,0,0,0,0,0,1,1,0,1,0,1,1,1,1,1,7,2,9,31,88,0,0,1,1,0x404581F09027FAC0
3765,693,11088,0,0,0,0,0,0,1,1,0,1,0,1,1,1,1,1,7,2,9,31,88,0,0,1,1,0x404581F09027FAC0
3766,694,11104,0,0,0,0,0,0,1,1,0,1,0,1,1,1,1,1,7,2,9,31,88,0,0,1,1,0x404581F09027FAC0
3767,695,11120,0,0,0,0,0,0,1,1,0,1,0,1,1,1,1,1,7,2,9,31,88,0,0,1,1,0x404581F09027FAC0
3768,696,11136,0,0,0,0,0,0,1,1,0,1,0,1,1,1,1,1,7,2,9,31,88,0,0,1,1,0x404581F09027FAC0
3769,697,11152,0,0,0,0,0,0,1,1,0,1,0,1,1,1,1,1,7,2,9,31,88,0,0,1,1,0x404581F09027FAC0
3770,698,11168,0,0,0,0,0,0,1,1,0,1,0,1,1,1,1,1,7,2,9,31,88,0,0,1,1,0x404581F09027FAC0
3771,699,11184,0,0,0,0,0,0,1,1,0,1,0,1,1,1,1,1,7,2,9,31,88,0,0,1,1,0x404581F09027FAC0
3772,700,11200,0,0,0,0,0,0,1,1,0,1,0,1,1,1,1,1,7,2,9,31,88,0,0,1,1,0x404581F09027FAC0
3773,701,11216,0,0,0,0,0,0,1,1,0,1,0,1,1,1,1,1,7,2,9,31,88,0,0,1,1,0x404581F09027FAC0
3774,702,11232,0,0,0,0,0,0,1,1,0,1,0,1,1,1,1,1,7,2,9,31,88,0,0,1,1,0x404581F09027FAC0
3775,703,11248,0,0,0,0,0,0,1,1,0,1,0,1,1,1,1,1,7,2,9,31,88,0,0,1,1,0x404581F09027FAC0
3776,704,11264,0,0,0,0,0,0,1,1,0,1,0,1,1,1,1,1,7,2,9,31,88,0,0,1,1,0x404581F09027FAC0
3777,705,11280,0,0,0,0,0,0,1,1,0,1,0,1,1,1,1,1,7,2,9,31,88,0,0,1,1,0x404581F09027FAC0
3778,706,11296,0,0,0,0,0,0,1,1,0,1,0,1,1,1,1,1,7,2,9,31,88,0,0,1,1,0x404581F09027FAC0
3779,707,11312,0,0,0,0,0,0,1,1,0,1,0,1,1,1,1,1,7,2,9,31,88,0,0,1,1,0x404581F09027FAC0
3780,708,11328,0,0,0,0,0,0,1,1,0,1,0,1,1,1,1,1,7,2,9,31,88,0,0,1,1,0x404581F09027FAC0
3781,709,11344,0,0,0,0,0,0,1,1,0,1,0,1,1,1,1,1,7,2,9,31,88,0,0,1,1,0x404581F09027FAC0
3782,710,11360,0,0,0,0,0,0,1,1,0,1,0,1,1,1,1,1,7,2,9,31,88,0,0,1,1,0x404581F09027FAC0
3783,711,11376,0,0,0,0,0,0,1,1,0,1,0,1,1,1,1,1,7,2,9,31,88,0,0,1,1,0x404581F09027FAC0
3784,712,11392,0,0,0,0,0,0,1,1,0,1,0,1,1,1,1,1,7,2,9,31,88,0,0,1,1,0x404581F09027FAC0
3785,713,11408,0,0,0,0,0,0,1,1,0,1,0,1,1,1,1,1,7,2,9,31,88,0,0,1,1,0x404581F09027FAC0
3786,714,11424,0,0,0,0,0,0,1,1,0,1,0,1,1,1,1,1,7,2,9,31,88,0,0,1,1,0x404581F09027FAC0
3787,715,11440,0,0,0,0,0,0,1,1,0,1,0,1,1,1,1,1,7,2,9,31,88,0,0,1,1,0x404581F09027FAC0
3788,716,11456,0,0,0,0,0,0,1,1,0,1,0,1,1,1,1,1,7,2,9,31,88,0,0,1,1,0x404581F09027FAC0
3789,717,11472,0,0,0,0,0,0,1,1,0,1,0,1,1,1,1,1,7,2,9,31,88,0,0,1,1,0x404581F09027FAC0
3790,718,11488,0,0,0,0,0,0,1,1,0,1,0,1,1,1,1,1,7,2,9,31,88,0,0,1,1,0x404581F09027FAC0
3791,719,11504,0,0,0,0,0,0,1,1,0,1,0,1,1,1,1,1,7,2,9,31,88,0,0,1,1,0x404581F09027FAC0
3792,720,11520,0,0,0,0,0,0,1,1,0,1,0,1,1,1,1,1,7,2,9,31,88,0,0,1,1,0x404581F09027FAC0
3793,721,11536,0,0,0,0,0,0,1,1,0,1,0,1,1,1,1,1,7,2,9,31,88,0,0,1,1,0x404581F09027FAC0
3794,722,11552,0,0,0,0,0,0,1,1,0,1,0,1,1,1,1,1,7,2,9,31,88,0,0,1,1,0x404581F09027FAC0
3795,723,11568,0,0,0,0,0,0,1,1,0,1,0,1,1,1,1,1,7,2,9,31,88,0,0,1,1,0x404581F09027FAC0
3796,724,11584,0,0,0,0,0,0,1,1,0,1,0,1,1,1,1,1,7,2,9,31,88,0,0,1,1,0x404581F09027FAC0
3797,725,11600,0,0,0,0,0,0,1,1,0,1,0,1,1,1,1,1,7,2,9,31,88,0,0,1,1,0x404581F09027FAC0
3798,726,11616,0,0,0,0,0,0,1,1,0,1,0,1,1,1,1,1,7,2,9,31,88,0,0,1,1,0x404581F09027FAC0
3799,727,11632,0,0,0,0,0,0,1,1,0,1,0,1,1,1,1,1,7,2,9,31,88,0,0,1,1,0x404581F09027FAC0
3800,728,11648,0,0,0,0,0,0,1,1,0,1,0,1,1,1,1,1,7,2,9,31,88,0,0,1,1,0x404581F09027FAC0
3801,729,11664,0,0,0,0,0,0,1,1,0,1,0,1,1,1,1,1,7,2,9,31,88,0,0,1,1,0x404581F09027FAC0
3802,730,11680,0,0,0,0,0,0,1,1,0,1,0,1,1,1,1,1,7,2,9,31,88,0,0,1,1,0x404581F09027FAC0
3803,731,11696,0,0,0,0,0,0,1,1,0,1,0,1,1,1,1,1,7,2,9,31,88,0,0,1,1,0x404581F09027FAC0
3804,732,11712,0,0,0,0,0,0,1,1,0,1,0,1,1,1,1,1,7,2,9,31,88,0,0,1,1,0x404581F09027FAC0
3805,733,11728,0,0,0,0,0,0,1,1,0,1,0,1,1,1,1,1,7,2,9,31,88,0,0,1,1,0x404581F09027FAC0
3806,734,11744,0,0,0,0,0,0,1,1,0,1,0,1,1,1,1,1,7,2,9,31,88,0,0,1,1,0x404581F09027FAC0
3807,735,11760,0,0,0,0,0,0,1,1,0,1,0,1,1,1,1,1,7,2,9,31,88,0,0,1,1,0x404581F09027FAC0
3808,736,11776,0,0,0,0,0,0,1,1,0,1,0,1,1,1,1,1,7,2,9,31,88,0,0,1,1,0x404581F09027FAC0
3809,737,11792,0,0,0,0,0,0,1,1,0,1,0,1,1,1,1,1,7,2,9,31,88,0,0,1,1,0x404581F09027FAC0
3810,738,11808,0,0,0,0,0,0,1,1,0,1,0,1,1,1,1,1,7,2,9,31,88,0,0,1,1,0x404581F09027FAC0
3811,739,11824,0,0,0,0,0,0,1,1,0,1,0,1,1,1,1,1,7,2,9,31,88,0,0,1,1,0x404581F09027FAC0
3812,740,11840,0,0,0,0,0,0,1,1,0,1,0,1,1,1,1,1,7,2,9,31,88,0,0,1,1,0x404581F09027FAC0
3813,741,11856,0,0,0,0,0,0,1,1,0,1,0,1,1,1,1,1,7,2,9,31,88,0,0,1,1,0x404581F09027FAC0
3814,742,11872,0,0,0,0,0,0,1,1,0,1,0,1,1,1,1,1,7,2,9,31,88,0,0,1,1,0x404581F09027FAC0
3815,743,11888,0,0,0,0,0,0,1,1,0,1,0,1,1,1,1,1,7,2,9,31,88,0,0,1,1,0x404581F09027FAC0
3816,744,11904,0,0,0,0,0,0,1,1,0,1,0,1,1,1,1,1,7,2,9,31,88,0,0,1,1,0x404581F09027FAC0
3817,745,11920,0,0,0,0,0,0,1,1,0,1,0,1,1,1,1,1,7,2,9,31,88,0,0,1,1,0x404581F09027FAC0
3818,746,11936,0,0,0,0,0,0,1,1,0,1,0,1,1,1,1,1,7,2,9,31,88,0,0,1,1,0x404581F09027FAC0
3819,747,11952,0,0,0,0,0,0,1,1,0,1,0,1,1,1,1,1,7,2,9,31,88,0,0,1,1,0x404581F09027FAC0
3820,748,11968,0,0,0,0,0,0,1,1,0,1,0,1,1,1,1,1,7,2,9,31,88,0,0,1,1,0x404581F09027FAC0
3821,749,11984,0,0,0,0,0,0,1,1,0,1,0,1,1,1,1,1,7,2,9,31,88,0,0,1,1,0x404581F09027FAC0
3822,750,12000,0,0,0,0,0,0,1,1,0,1,0,1,1,1,1,1,7,2,9,31,88,0,0,1,1,0x404581F09027FAC0
3823,751,12016,0,0,0,0,0,0,1,1,0,1,0,1,1,1,1,1,7,2,9,31,88,0,0,1,1,0x404581F09027FAC0
3824,752,12032,0,0,0,0,0,0,1,1,0,1,0,1,1,1,1,1,7,2,9,31,88,0,0,1,1,0x404581F09027FAC0
3825,753,12048,0,0,0,0,0,0,1,1,0,1,0,1,1,1,1,1,7,2,9,31,88,0,0,1,1,0x404581F09027FAC0
3826,754,12064,0,0,0,0,0,0,1,1,0,1,0,1,1,1,1,1,7,2,9,31,88,0,0,1,1,0x404581F09027FAC0
3827,755,12080,0,0,0,0,0,0,1,1,0,1,0,1,1,1,1,1,7,2,9,31,88,0,0,1,1,0x404581F09027FAC0
3828,756,12096,0,0,0,0,0,0,1,1,0,1,0,1,1,1,1,1,7,2,9,31,88,0,0,1,1,0x404581F09027FAC0
3829,757,12112,0,0,0,0,0,0,1,1,0,1,0,1,1,1,1,1,7,2,9,31,88,0,0,1,1,0x404581F09027FAC0
3830,758,12128,0,0,0,0,0,0,1,1,0,1,0,1,1,1,1,1,7,2,9,31,88,0,0,1,1,0x404581F09027FAC0
3831,759,12144,0,0,0,0,0,0,1,1,0,1,0,1,1,1,1,1,7,2,9,31,88,0,0,1,1,0x404581F09027FAC0
3832,760,12160,0,0,0,0,0,0,1,1,0,1,0,1,1,1,1,1,7,2,9,31,88,0,0,1,1,0x404581F09027FAC0
3833,761,12176,0,0,0,0,0,0,1,1,0,1,0,1,1,1,1,1,7,2,9,31,88,0,0,1,1,0x404581F09027FAC0
3834,762,12192,0,0,0,0,0,0,1,1,0,1,0,1,1,1,1,1,7,2,9,31,88,0,0,1,1,0x404581F09027FAC0
3835,763,12208,0,0,0,0,0,0,1,1,0,1,0,1,1,1,1,1,7,2,9,31,88,0,0,1,1,0x404581F09027FAC0
3836,764,12224,0,0,0,0,0,0,1,1,0,1,0,1,1,1,1,1,7,2,9,31,88,0,0,1,1,0x404581F09027FAC0
3837,765,12240,0,0,0,0,0,0,1,1,0,1,0,1,1,1,1,1,7,2,9,31,88,0,0,1,1,0x404581F09027FAC0
3838,766,12256,0,0,0,0,0,0,1,1,0,1,0,1,1,1,1,1,7,2,9,31,88,0,0,1,1,0x404581F09027FAC0
3839,767,12272,0,0,0,0,0,0,1,1,0,1,0,1,1,1,1,1,7,2,9,31,88,0,0,1,1,0x404581F09027FAC0
3840,768,12288,0,0,0,0,0,0,1,1,0,1,0,1,1,1,1,1,7,2,9,31,88,0,0,1,1,0x404581F09027FAC0
3841,769,12304,0,0,0,0,0,0,1,1,0,1,0,1,1,1,1,1,7,2,9,31,88,0,0,1,1,0x404581F09027FAC0
3842,770,12320,0,0,0,0,0,0,1,1,0,1,0,1,1,1,1,1,7,2,9,31,88,0,0,1,1,0x404581F09027FAC0
3843,771,12336,0,0,0,0,0,0,1,1,0,1,0,1,1,1,1,1,7,2,9,31,88,0,0,1,1,0x404581F09027FAC0
3844,772,12352,0,0,0,0,0,0,1,1,0,1,0,1,1,1,1,1,7,2,9,31,88,0,0,1,1,0x404581F09027FAC0
3845,773,12368,0,0,0,0,0,0,1,1,0,1,0,1,1,1,1,1,7,2,9,31,88,0,0,1,1,0x404581F09027FAC0
3846,774,12384,0,0,0,0,0,0,1,1,0,1,0,1,1,1,1,1,7,2,9,31,88,0,0,1,1,0x404581F09027FAC0
3847,775,12400,0,0,0,0,0,0,1,1,0,1,0,1,1,1,1,1,7,2,9,31,88,0,0,1,1,0x404581F09027FAC0
3848,776,12416,0,0,0,0,0,0,1,1,0,1,0,1,1,1,1,1,7,2,9,31,88,0,0,1,1,0x404581F09027FAC0
3849,777,12432,0,0,0,0,0,0,1,1,0,1,0,1,1,1,1,1,7,2,9,31,88,0,0,1,1,0x404581F09027FAC0
3850,778,12448,0,0,0,0,0,0,1,1,0,1,0,1,1,1,1,1,7,2,9,31,88,0,0,1,1,0x404581F09027FAC0
3851,779,12464,0,0,0,0,0,0,1,1,0,1,0,1,1,1,1,1,7,2,9,31,88,0,0,1,1,0x404581F09027FAC0
3852,780,12480,0,0,0,0,0,0,1,1,0,1,0,1,1,1,1,1,7,2,9,31,88,0,0,1,1,0x404581F09027FAC0
3853,781,12496,0,0,0,0,0,0,1,1,0,1,0,1,1,1,1,1,7,2,9,31,88,0,0,1,1,0x404581F09027FAC0
3854,782,12512,0,0,0,0,0,0,1,1,0,1,0,1,1,1,1,1,7,2,9,31,88,0,0,1,1,0x404581F09027FAC0
3855,783,12528,0,0,0,0,0,0,1,1,0,1,0,1,1,1,1,1,7,2,9,31,88,0,0,1,1,0x404581F09027FAC0
3856,784,12544,0,0,0,0,0,0,1,1,0,1,0,1,1,1,1,1,7,2,9,31,88,0,0,1,1,0x404581F09027FAC0
3857,785,12560,0,0,0,0,0,0,1,1,0,1,0,1,1,1,1,1,7,2,9,31,88,0,0,1,1,0x404581F09027FAC0
3858,786,12576,0,0,0,0,0,0,1,1,0,1,0,1,1,1,1,1,7,2,9,31,88,0,0,1,1,0x404581F09027FAC0
3859,787,12592,0,0,0,0,0,0,1,1,0,1,0,1,1,1,1,1,7,2,9,31,88,0,0,1,1,0x404581F09027FAC0
3860,788,12608,0,0,0,0,0,0,1,1,0,1,0,1,1,1,1,1,7,2,9,31,88,0,0,1,1,0x404581F09027FAC0
3861,789,12624,0,0,0,0,0,0,1,1,0,1,0,1,1,1,1,1,7,2,9,31,88,0,0,1,1,0x404581F09027FAC0
3862,790,12640,0,0,0,0,0,0,1,1,0,1,0,1,1,1,1,1,7,2,9,31,88,0,0,1,1,0x404581F09027FAC0
3863,791,12656,0,0,0,0,0,0,1,1,0,1,0,1,1,1,1,1,7,2,9,31,88,0,0,1,1,0x404581F09027FAC0
3864,792,12672,0,0,0,0,0,0,1,1,0,1,0,1,1,1,1,1,7,2,9,31,88,0,0,1,1,0x404581F09027FAC0
3865,793,12688,0,0,0,0,0,0,1,1,0,1,0,1,1,1,1,1,7,2,9,31,88,0,0,1,1,0x404581F09027FAC0
3866,794,12704,0,0,0,0,0,0,1,1,0,1,0,1,1,1,1,1,7,2,9,31,88,0,0,1,1,0x404581F09027FAC0
3867,795,12720,0,0,0,0,0,0,1,1,0,1,0,1,1,1,1,1,7,2,9,31,88,0,0,1,1,0x404581F09027FAC0
3868,796,12736,0,0,0,0,0,0,1,1,0,1,0,1,1,1,1,1,7,2,9,31,88,0,0,1,1,0x404581F09027FAC0
3869,797,12752,0,0,0,0,0,0,1,1,0,1,0,1,1,1,1,1,7,2,9,31,88,0,0,1,1,0x404581F09027FAC0
3870,798,12768,0,0,0,0,0,0,1,1,0,1,0,1,1,1,1,1,7,2,9,31,88,0,0,1,1,0x404581F09027FAC0
3871,799,12784,0,0,0,0,0,0,1,1,0,1,0,1,1,1,1,1,7,2,9,31,88,0,0,1,1,0x404581F09027FAC0
3872,800,12800,0,0,0,0,0,0,1,1,0,1,0,1,1,1,1,1,7,2,9,31,88,0,0,1,1,0x404581F09027FAC0
3873,801,12816,0,0,0,0,0,0,1,1,0,1,0,1,1,1,1,1,7,2,9,31,88,0,0,1,1,0x404581F09027FAC0
3874,802,12832,0,0,0,0,0,0,1,1,0,1,0,1,1,1,1,1,7,2,9,31,88,0,0,1,1,0x404581F09027FAC0
3875,803,12848,0,0,0,0,0,0,1,1,0,1,0,1,1,1,1,1,7,2,9,31,88,0,0,1,1,0x404581F09027FAC0
3876,804,12864,0,0,0,0,0,0,1,1,0,1,0,1,1,1,1,1,7,2,9,31,88,0,0,1,1,0x404581F09027FAC0
3877,805,12880,0,0,0,0,0,0,1,1,0,1,0,1,1,1,1,1,7,2,9,31,88,0,0,1,1,0x404581F09027FAC0
3878,806,12896,0,0,0,0,0,0,1,1,0,1,0,1,1,1,1,1,7,2,9,31,88,0,0,1,1,0x404581F09027FAC0
3879,807,12912,0,0,0,0,0,0,1,1,0,1,0,1,1,1,1,1,7,2,9,31,88,0,0,1,1,0x404581F09027FAC0
3880,808,12928,0,0,0,0,0,0,1,1,0,1,0,1,1,1,1,1,7,2,9,31,88,0,0,1,1,0x404581F09027FAC0
3881,809,12944,0,0,0,0,0,0,1,1,0,1,0,1,1,1,1,1,7,2,9,31,88,0,0,1,1,0x404581F09027FAC0
3882,810,12960,0,0,0,0,0,0,1,1,0,1,0,1,1,1,1,1,7,2,9,31,88,0,0,1,1,0x404581F09027FAC0
3883,811,12976,0,0,0,0,0,0,1,1,0,1,0,1,1,1,1,1,7,2,9,31,88,0,0,1,1,0x404581F09027FAC0
3884,812,12992,0,0,0,0,0,0,1,1,0,1,0,1,1,1,1,1,7,2,9,31,88,0,0,1,1,0x404581F09027FAC0
3885,813,13008,0,0,0,0,0,0,1,1,0,1,0,1,1,1,1,1,7,2,9,31,88,0,0,1,1,0x404581F09027FAC0
3886,814,13024,0,0,0,0,0,0,1,1,0,1,0,1,1,1,1,1,7,2,9,31,88,0,0,1,1,0x404581F09027FAC0
3887,815,13040,0,0,0,0,0,0,1,1,0,1,0,1,1,1,1,1,7,2,9,31,88,0,0,1,1,0x404581F09027FAC0
3888,816,13056,0,0,0,0,0,0,1,1,0,1,0,1,1,1,1,1,7,2,9,31,88,0,0,1,1,0x404581F09027FAC0
3889,817,13072,0,0,0,0,0,0,1,1,0,1,0,1,1,1,1,1,7,2,9,31,88,0,0,1,1,0x404581F09027FAC0
3890,818,13088,0,0,0,0,0,0,1,1,0,1,0,1,1,1,1,1,7,2,9,31,88,0,0,1,1,0x404581F09027FAC0
3891,819,13104,0,0,0,0,0,0,1,1,0,1,0,1,1,1,1,1,7,2,9,31,88,0,0,1,1,0x404581F09027FAC0
3892,820,13120,0,0,0,0,0,0,1,1,0,1,0,1,1,1,1,1,7,2,9,31,88,0,0,1,1,0x404581F09027FAC0
3893,821,13136,0,0,0,0,0,0,1,1,0,1,0,1,1,1,1,1,7,2,9,31,88,0,0,1,1,0x404581F09027FAC0
3894,822,13152,0,0,0,0,0,0,1,1,0,1,0,1,1,1,1,1,7,2,9,31,88,0,0,1,1,0x404581F09027FAC0
3895,823,13168,0,0,0,0,0,0,1,1,0,1,0,1,1,1,1,1,7,2,9,31,88,0,0,1,1,0x404581F09027FAC0
3896,824,13184,0,0,0,0,0,0,1,1,0,1,0,1,1,1,1,1,7,2,9,31,88,0,0,1,1,0x404581F09027FAC0
3897,825,13200,0,0,0,0,0,0,1,1,0,1,0,1,1,1,1,1,7,2,9,31,88,0,0,1,1,0x404581F09027FAC0
3898,826,13216,0,0,0,0,0,0,1,1,0,1,0,1,1,1,1,1,7,2,9,31,88,0,0,1,1,0x404581F09027FAC0
3899,827,13232,0,0,0,0,0,0,1,1,0,1,0,1,1,1,1,1,7,2,9,31,88,0,0,1,1,0x404581F09027FAC0
3900,828,13248,0,0,0,0,0,0,1,1,0,1,0,1,1,1,1,1,7,2,9,31,88,0,0,1,1,0x404581F09027FAC0
3901,829,13264,0,0,0,0,0,0,1,1,0,1,0,1,1,1,1,1,7,2,9,31,88,0,0,1,1,0x404581F09027FAC0
3902,830,13280,0,0,0,0,0,0,1,1,0,1,0,1,1,1,1,1,7,2,9,31,88,0,0,1,1,0x404581F09027FAC0
3903,831,13296,0,0,0,0,0,0,1,1,0,1,0,1,1,1,1,1,7,2,9,31,88,0,0,1,1,0x404581F09027FAC0
3904,832,13312,0,0,0,0,0,0,1,1,0,1,0,1,1,1,1,1,7,2,9,31,88,0,0,1,1,0x404581F09027FAC0
3905,833,13328,0,0,0,0,0,0,1,1,0,1,0,1,1,1,1,1,7,2,9,31,88,0,0,1,1,0x404581F09027FAC0
3906,834,13344,0,0,0,0,0,0,1,1,0,1,0,1,1,1,1,1,7,2,9,31,88,0,0,1,1,0x404581F09027FAC0
3907,835,13360,0,0,0,0,0,0,1,1,0,1,0,1,1,1,1,1,7,2,9,31,88,0,0,1,1,0x404581F09027FAC0
3908,836,13376,0,0,0,0,0,0,1,1,0,1,0,1,1,1,1,1,7,2,9,31,88,0,0,1,1,0x404581F09027FAC0
3909,837,13392,0,0,0,0,0,0,1,1,0,1,0,1,1,1,1,1,7,2,9,31,88,0,0,1,1,0x404581F09027FAC0
3910,838,13408,0,0,0,0,0,0,1,1,0,1,0,1,1,1,1,1,7,2,9,31,88,0,0,1,1,0x404581F09027FAC0
3911,839,13424,0,0,0,0,0,0,1,1,0,1,0,1,1,1,1,1,7,2,9,31,88,0,0,1,1,0x404581F09027FAC0
3912,840,13440,0,0,0,0,0,0,1,1,0,1,0,1,1,1,1,1,7,2,9,31,88,0,0,1,1,0x404581F09027FAC0
3913,841,13456,0,0,0,0,0,0,1,1,0,1,0,1,1,1,1,1,7,2,9,31,88,0,0,1,1,0x404581F09027FAC0
3914,842,13472,0,0,0,0,0,0,1,1,0,1,0,1,1,1,1,1,7,2,9,31,88,0,0,1,1,0x404581F09027FAC0
3915,843,13488,0,0,0,0,0,0,1,1,0,1,0,1,1,1,1,1,7,2,9,31,88,0,0,1,1,0x404581F09027FAC0
3916,844,13504,0,0,0,0,0,0,1,1,0,1,0,1,1,1,1,1,7,2,9,31,88,0,0,1,1,0x404581F09027FAC0
3917,845,13520,0,0,0,0,0,0,1,1,0,1,0,1,1,1,1,1,7,2,9,31,88,0,0,1,1,0x404581F09027FAC0
3918,846,13536,0,0,0,0,0,0,1,1,0,1,0,1,1,1,1,1,7,2,9,31,88,0,0,1,1,0x404581F09027FAC0
3919,847,13552,0,0,0,0,0,0,1,1,0,1,0,1,1,1,1,1,7,2,9,31,88,0,0,1,1,0x404581F09027FAC0
3920,848,13568,0,0,0,0,0,0,1,1,0,1,0,1,1,1,1,1,7,2,9,31,88,0,0,1,1,0x404581F09027FAC0
3921,849,13584,0,0,0,0,0,0,1,1,0,1,0,1,1,1,1,1,7,2,9,31,88,0,0,1,1,0x404581F09027FAC0
3922,850,13600,0,0,0,0,0,0,1,1,0,1,0,1,1,1,1,1,7,2,9,31,88,0,0,1,1,0x404581F09027FAC0
3923,851,13616,0,0,0,0,0,0,1,1,0,1,0,1,1,1,1,1,7,2,9,31,88,0,0,1,1,0x404581F09027FAC0
3924,852,13632,0,0,0,0,0,0,1,1,0,1,0,1,1,1,1,1,7,2,9,31,88,0,0,1,1,0x404581F09027FAC0
3925,853,13648,0,0,0,0,0,0,1,1,0,1,0,1,1,1,1,1,7,2,9,31,88,0,0,1,1,0x404581F09027FAC0
3926,854,13664,0,0,0,0,0,0,1,1,0,1,0,1,1,1,1,1,7,2,9,31,88,0,0,1,1,0x404581F09027FAC0
3927,855,13680,0,0,0,0,0,0,1,1,0,1,0,1,1,1,1,1,7,2,9,31,88,0,0,1,1,0x404581F09027FAC0
3928,856,13696,0,0,0,0,0,0,1,1,0,1,0,1,1,1,1,1,7,2,9,31,88,0,0,1,1,0x404581F09027FAC0
3929,857,13712,0,0,0,0,0,0,1,1,0,1,0,1,1,1,1,1,7,2,9,31,88,0,0,1,1,0x404581F09027FAC0
3930,858,13728,0,0,0,0,0,0,1,1,0,1,0,1,1,1,1,1,7,2,9,31,88,0,0,1,1,0x404581F09027FAC0
3931,859,13744,0,0,0,0,0,0,1,1,0,1,0,1,1,1,1,1,7,2,9,31,88,0,0,1,1,0x404581F09027FAC0
3932,860,13760,0,0,0,0,0,0,1,1,0,1,0,1,1,1,1,1,7,2,9,31,88,0,0,1,1,0x404581F09027FAC0
3933,861,13776,0,0,0,0,0,0,1,1,0,1,0,1,1,1,1,1,7,2,9,31,88,0,0,1,1,0x404581F09027FAC0
3934,862,13792,0,0,0,0,0,0,1,1,0,1,0,1,1,1,1,1,7,2,9,31,88,0,0,1,1,0x404581F09027FAC0
3935,863,13808,0,0,0,0,0,0,1,1,0,1,0,1,1,1,1,1,7,2,9,31,88,0,0,1,1,0x404581F09027FAC0
3936,864,13824,0,0,0,0,0,0,1,1,0,1,0,1,1,1,1,1,7,2,9,31,88,0,0,1,1,0x404581F09027FAC0
3937,865,13840,0,0,0,0,0,0,1,1,0,1,0,1,1,1,1,1,7,2,9,31,88,0,0,1,1,0x404581F09027FAC0
3938,866,13856,0,0,0,0,0,0,1,1,0,1,0,1,1,1,1,1,7,2,9,31,88,0,0,1,1,0x404581F09027FAC0
3939,867,13872,0,0,0,0,0,0,1,1,0,1,0,1,1,1,1,1,7,2,9,31,88,0,0,1,1,0x404581F09027FAC0
3940,868,13888,0,0,0,0,0,0,1,1,0,1,0,1,1,1,1,1,7,2,9,31,88,0,0,1,1,0x404581F09027FAC0
3941,869,13904,0,0,0,0,0,0,1,1,0,1,0,1,1,1,1,1,7,2,9,31,88,0,0,1,1,0x404581F09027FAC0
3942,870,13920,0,0,0,0,0,0,1,1,0,1,0,1,1,1,1,1,7,2,9,31,88,0,0,1,1,0x404581F09027FAC0
3943,871,13936,0,0,0,0,0,0,1,1,0,1,0,1,1,1,1,1,7,2,9,31,88,0,0,1,1,0x404581F09027FAC0
3944,872,13952,0,0,0,0,0,0,1,1,0,1,0,1,1,1,1,1,7,2,9,31,88,0,0,1,1,0x404581F09027FAC0
3945,873,13968,0,0,0,0,0,0,1,1,0,1,0,1,1,1,1,1,7,2,9,31,88,0,0,1,1,0x404581F09027FAC0
3946,874,13984,0,0,0,0,0,0,1,1,0,1,0,1,1,1,1,1,7,2,9,31,88,0,0,1,1,0x404581F09027FAC0
3947,875,14000,0,0,0,0,0,0,1,1,0,1,0,1,1,1,1,1,7,2,9,31,88,0,0,1,1,0x404581F09027FAC0
3948,876,14016,0,0,0,0,0,0,1,1,0,1,0,1,1,1,1,1,7,2,9,31,88,0,0,1,1,0x404581F09027FAC0
3949,877,14032,0,0,0,0,0,0,1,1,0,1,0,1,1,1,1,1,7,2,9,31,88,0,0,1,1,0x404581F09027FAC0
3950,878,14048,0,0,0,0,0,0,1,1,0,1,0,1,1,1,1,1,7,2,9,31,88,0,0,1,1,0x404581F09027FAC0
3951,879,14064,0,0,0,0,0,0,1,1,0,1,0,1,1,1,1,1,7,2,9,31,88,0,0,1,1,0x404581F09027FAC0
3952,880,14080,0,0,0,0,0,0,1,1,0,1,0,1,1,1,1,1,7,2,9,31,88,0,0,1,1,0x404581F09027FAC0
3953,881,14096,0,0,0,0,0,0,1,1,0,1,0,1,1,1,1,1,7,2,9,31,88,0,0,1,1,0x404581F09027FAC0
3954,882,14112,0,0,0,0,0,0,1,1,0,1,0,1,1,1,1,1,7,2,9,31,88,0,0,1,1,0x404581F09027FAC0
3955,883,14128,0,0,0,0,0,0,1,1,0,1,0,1,1,1,1,1,7,2,9,31,88,0,0,1,1,0x404581F09027FAC0
3956,884,14144,0,0,0,0,0,0,1,1,0,1,0,1,1,1,1,1,7,2,9,31,88,0,0,1,1,0x404581F09027FAC0
3957,885,14160,0,0,0,0,0,0,1,1,0,1,0,1,1,1,1,1,7,2,9,31,88,0,0,1,1,0x404581F09027FAC0
3958,886,14176,0,0,0,0,0,0,1,1,0,1,0,1,1,1,1,1,7,2,9,31,88,0,0,1,1,0x404581F09027FAC0
3959,887,14192,0,0,0,0,0,0,1,1,0,1,0,1,1,1,1,1,7,2,9,31,88,0,0,1,1,0x404581F09027FAC0
3960,888,14208,0,0,0,0,0,0,1,1,0,1,0,1,1,1,1,1,7,2,9,31,88,0,0,1,1,0x404581F09027FAC0
3961,889,14224,0,0,0,0,0,0,1,1,0,1,0,1,1,1,1,1,7,2,9,31,88,0,0,1,1,0x404581F09027FAC0
3962,890,14240,0,0,0,0,0,0,1,1,0,1,0,1,1,1,1,1,7,2,9,31,88,0,0,1,1,0x404581F09027FAC0
3963,891,14256,0,0,0,0,0,0,1,1,0,1,0,1,1,1,1,1,7,2,9,31,88,0,0,1,1,0x404581F09027FAC0
3964,892,14272,0,0,0,0,0,0,1,1,0,1,0,1,1,1,1,1,7,2,9,31,88,0,0,1,1,0x404581F09027FAC0
3965,893,14288,0,0,0,0,0,0,1,1,0,1,0,1,1,1,1,1,7,2,9,31,88,0,0,1,1,0x404581F09027FAC0
3966,894,14304,0,0,0,0,0,0,1,1,0,1,0,1,1,1,1,1,7,2,9,31,88,0,0,1,1,0x404581F09027FAC0
3967,895,14320,0,0,0,0,0,0,1,1,0,1,0,1,1,1,1,1,7,2,9,31,88,0,0,1,1,0x404581F09027FAC0
3968,896,14336,0,0,0,0,0,0,1,1,0,1,0,1,1,1,1,1,7,2,9,31,88,0,0,1,1,0x404581F09027FAC0
3969,897,14352,0,0,0,0,0,0,1,1,0,1,0,1,1,1,1,1,7,2,9,31,88,0,0,1,1,0x404581F09027FAC0
3970,898,14368,0,0,0,0,0,0,1,1,0,1,0,1,1,1,1,1,7,2,9,31,88,0,0,1,1,0x404581F09027FAC0
3971,899,14384,0,0,0,0,0,0,1,1,0,1,0,1,1,1,1,1,7,2,9,31,88,0,0,1,1,0x404581F09027FAC0
3972,900,14400,0,0,0,0,0,0,1,1,0,1,0,1,1,1,1,1,7,2,9,31,88,0,0,1,1,0x404581F09027FAC0
3973,901,14416,0,0,0,0,0,0,1,1,0,1,0,1,1,1,1,1,7,2,9,31,88,0,0,1,1,0x404581F09027FAC0
3974,902,14432,0,0,0,0,0,0,1,1,0,1,0,1,1,1,1,1,7,2,9,31,88,0,0,1,1,0x404581F09027FAC0
3975,903,14448,0,0,0,0,0,0,1,1,0,1,0,1,1,1,1,1,7,2,9,31,88,0,0,1,1,0x404581F09027FAC0
3976,904,14464,0,0,0,0,0,0,1,1,0,1,0,1,1,1,1,1,7,2,9,31,88,0,0,1,1,0x404581F09027FAC0
3977,905,14480,0,0,0,0,0,0,1,1,0,1,0,1,1,1,1,1,7,2,9,31,88,0,0,1,1,0x404581F09027FAC0
3978,906,14496,0,0,0,0,0,0,1,1,0,1,0,1,1,1,1,1,7,2,9,31,88,0,0,1,1,0x404581F09027FAC0
3979,907,14512,0,0,0,0,0,0,1,1,0,1,0,1,1,1,1,1,7,2,9,31,88,0,0,1,1,0x404581F09027FAC0
3980,908,14528,0,0,0,0,0,0,1,1,0,1,0,1,1,1,1,1,7,2,9,31,88,0,0,1,1,0x404581F09027FAC0
3981,909,14544,0,0,0,0,0,0,1,1,0,1,0,1,1,1,1,1,7,2,9,31,88,0,0,1,1,0x404581F09027FAC0
3982,910,14560,0,0,0,0,0,0,1,1,0,1,0,1,1,1,1,1,7,2,9,31,88,0,0,1,1,0x404581F09027FAC0
3983,911,14576,0,0,0,0,0,0,1,1,0,1,0,1,1,1,1,1,7,2,9,31,88,0,0,1,1,0x404581F09027FAC0
3984,912,14592,0,0,0,0,0,0,1,1,0,1,0,1,1,1,1,1,7,2,9,31,88,0,0,1,1,0x404581F09027FAC0
3985,913,14608,0,0,0,0,0,0,1,1,0,1,0,1,1,1,1,1,7,2,9,31,88,0,0,1,1,0x404581F09027FAC0
3986,914,14624,0,0,0,0,0,0,1,1,0,1,0,1,1,1,1,1,7,2,9,31,88,0,0,1,1,0x404581F09027FAC0
3987,915,14640,0,0,0,0,0,0,1,1,0,1,0,1,1,1,1,1,7,2,9,31,88,0,0,1,1,0x404581F09027FAC0
3988,916,14656,0,0,0,0,0,0,1,1,0,1,0,1,1,1,1,1,7,2,9,31,88,0,0,1,1,0x404581F09027FAC0
3989,917,14672,0,0,0,0,0,0,1,1,0,1,0,1,1,1,1,1,7,2,9,31,88,0,0,1,1,0x404581F09027FAC0
3990,918,14688,0,0,0,0,0,0,1,1,0,1,0,1,1,1,1,1,7,2,9,31,88,0,0,1,1,0x404581F09027FAC0
3991,919,14704,0,0,0,0,0,0,1,1,0,1,0,1,1,1,1,1,7,2,9,31,88,0,0,1,1,0x404581F09027FAC0
3992,920,14720,0,0,0,0,0,0,1,1,0,1,0,1,1,1,1,1,7,2,9,31,88,0,0,1,1,0x404581F09027FAC0
3993,921,14736,0,0,0,0,0,0,1,1,0,1,0,1,1,1,1,1,7,2,9,31,88,0,0,1,1,0x404581F09027FAC0
3994,922,14752,0,0,0,0,0,0,1,1,0,1,0,1,1,1,1,1,7,2,9,31,88,0,0,1,1,0x404581F09027FAC0
3995,923,14768,0,0,0,0,0,0,1,1,0,1,0,1,1,1,1,1,7,2,9,31,88,0,0,1,1,0x404581F09027FAC0
3996,924,14784,0,0,0,0,0,0,1,1,0,1,0,1,1,1,1,1,7,2,9,31,88,0,0,1,1,0x404581F09027FAC0
3997,925,14800,0,0,0,0,0,0,1,1,0,1,0,1,1,1,1,1,7,2,9,31,88,0,0,1,1,0x404581F09027FAC0
3998,926,14816,0,0,0,0,0,0,1,1,0,1,0,1,1,1,1,1,7,2,9,31,88,0,0,1,1,0x404581F09027FAC0
3999,927,14832,0,0,0,0,0,0,1,1,0,1,0,1,1,1,1,1,7,2,9,31,88,0,0,1,1,0x404581F09027FAC0
4000,928,14848,0,0,0,0,0,0,1,1,0,1,0,1,1,1,1,1,7,2,9,31,88,0,0,1,1,0x404581F09027FAC0
4001,929,14864,0,0,0,0,0,0,1,1,0,1,0,1,1,1,1,1,7,2,9,31,88,0,0,1,1,0x404581F09027FAC0
4002,930,14880,0,0,0,0,0,0,1,1,0,1,0,1,1,1,1,1,7,2,9,31,88,0,0,1,1,0x404581F09027FAC0
4003,931,14896,0,0,0,0,0,0,1,1,0,1,0,1,1,1,1,1,7,2,9,31,88,0,0,1,1,0x404581F09027FAC0
4004,932,14912,0,0,0,0,0,0,1,1,0,1,0,1,1,1,1,1,7,2,9,31,88,0,0,1,1,0x404581F09027FAC0
4005,933,14928,0,0,0,0,0,0,1,1,0,1,0,1,1,1,1,1,7,2,9,31,88,0,0,1,1,0x404581F09027FAC0
4006,934,14944,0,0,0,0,0,0,1,1,0,1,0,1,1,1,1,1,7,2,9,31,88,0,0,1,1,0x404581F09027FAC0
4007,935,14960,0,0,0,0,0,0,1,1,0,1,0,1,1,1,1,1,7,2,9,31,88,0,0,1,1,0x404581F09027FAC0
4008,936,14976,0,0,0,0,0,0,1,1,0,1,0,1,1,1,1,1,7,2,9,31,88,0,0,1,1,0x404581F09027FAC0
4009,937,14992,0,0,0,0,0,0,1,1,0,1,0,1,1,1,1,1,7,2,9,31,88,0,0,1,1,0x404581F09027FAC0
4010,938,15008,0,0,0,0,0,0,1,1,0,1,0,1,1,1,1,1,7,2,9,31,88,0,0,1,1,0x404581F09027FAC0
4011,939,15024,0,0,0,0,0,0,1,1,0,1,0,1,1,1,1,1,7,2,9,31,88,0,0,1,1,0x404581F09027FAC0
4012,940,15040,0,0,0,0,0,0,1,1,0,1,0,1,1,1,1,1,7,2,9,31,88,0,0,1,1,0x404581F09027FAC0
4013,941,15056,0,0,0,0,0,0,1,1,0,1,0,1,1,1,1,1,7,2,9,31,88,0,0,1,1,0x404581F09027FAC0
4014,942,15072,0,0,0,0,0,0,1,1,0,1,0,1,1,1,1,1,7,2,9,31,88,0,0,1,1,0x404581F09027FAC0
4015,943,15088,0,0,0,0,0,0,1,1,0,1,0,1,1,1,1,1,7,2,9,31,88,0,0,1,1,0x404581F09027FAC0
4016,944,15104,0,0,0,0,0,0,1,1,0,1,0,1,1,1,1,1,7,2,9,31,88,0,0,1,1,0x404581F09027FAC0
4017,945,15120,0,0,0,0,0,0,1,1,0,1,0,1,1,1,1,1,7,2,9,31,88,0,0,1,1,0x404581F09027FAC0
4018,946,15136,0,0,0,0,0,0,1,1,0,1,0,1,1,1,1,1,7,2,9,31,88,0,0,1,1,0x404581F09027FAC0
4019,947,15152,0,0,0,0,0,0,1,1,0,1,0,1,1,1,1,1,7,2,9,31,88,0,0,1,1,0x404581F09027FAC0
4020,948,15168,0,0,0,0,0,0,1,1,0,1,0,1,1,1,1,1,7,2,9,31,88,0,0,1,1,0x404581F09027FAC0
4021,949,15184,0,0,0,0,0,0,1,1,0,1,0,1,1,1,1,1,7,2,9,31,88,0,0,1,1,0x404581F09027FAC0
4022,950,15200,0,0,0,0,0,0,1,1,0,1,0,1,1,1,1,1,7,2,9,31,88,0,0,1,1,0x404581F09027FAC0
4023,951,15216,0,0,0,0,0,0,1,1,0,1,0,1,1,1,1,1,7,2,9,31,88,0,0,1,1,0x404581F09027FAC0
4024,952,15232,0,0,0,0,0,0,1,1,0,1,0,1,1,1,1,1,7,2,9,31,88,0,0,1,1,0x404581F09027FAC0
4025,953,15248,0,0,0,0,0,0,1,1,0,1,0,1,1,1,1,1,7,2,9,31,88,0,0,1,1,0x404581F09027FAC0
4026,954,15264,0,0,0,0,0,0,1,1,0,1,0,1,1,1,1,1,7,2,9,31,88,0,0,1,1,0x404581F09027FAC0
4027,955,15280,0,0,0,0,0,0,1,1,0,1,0,1,1,1,1,1,7,2,9,31,88,0,0,1,1,0x404581F09027FAC0
4028,956,15296,0,0,0,0,0,0,1,1,0,1,0,1,1,1,1,1,7,2,9,31,88,0,0,1,1,0x404581F09027FAC0
4029,957,15312,0,0,0,0,0,0,1,1,0,1,0,1,1,1,1,1,7,2,9,31,88,0,0,1,1,0x404581F09027FAC0
4030,958,15328,0,0,0,0,0,0,1,1,0,1,0,1,1,1,1,1,7,2,9,31,88,0,0,1,1,0x404581F09027FAC0
4031,959,15344,0,0,0,0,0,0,1,1,0,1,0,1,1,1,1,1,7,2,9,31,88,0,0,1,1,0x404581F09027FAC0
4032,960,15360,0,0,0,0,0,0,1,1,0,1,0,1,1,1,1,1,7,2,9,31,88,0,0,1,1,0x404581F09027FAC0
4033,961,15376,0,0,0,0,0,0,1,1,0,1,0,1,1,1,1,1,7,2,9,31,88,0,0,1,1,0x404581F09027FAC0
4034,962,15392,0,0,0,0,0,0,1,1,0,1,0,1,1,1,1,1,7,2,9,31,88,0,0,1,1,0x404581F09027FAC0
4035,963,15408,0,0,0,0,0,0,1,1,0,1,0,1,1,1,1,1,7,2,9,31,88,0,0,1,1,0x404581F09027FAC0
4036,964,15424,0,0,0,0,0,0,1,1,0,1,0,1,1,1,1,1,7,2,9,31,88,0,0,1,1,0x404581F09027FAC0
4037,965,15440,0,0,0,0,0,0,1,1,0,1,0,1,1,1,1,1,7,2,9,31,88,0,0,1,1,0x404581F09027FAC0
4038,966,15456,0,0,0,0,0,0,1,1,0,1,0,1,1,1,1,1,7,2,9,31,88,0,0,1,1,0x404581F09027FAC0
4039,967,15472,0,0,0,0,0,0,1,1,0,1,0,1,1,1,1,1,7,2,9,31,88,0,0,1,1,0x404581F09027FAC0
4040,968,15488,0,0,0,0,0,0,1,1,0,1,0,1,1,1,1,1,7,2,9,31,88,0,0,1,1,0x404581F09027FAC0
4041,969,15504,0,0,0,0,0,0,1,1,0,1,0,1,1,1,1,1,7,2,9,31,88,0,0,1,1,0x404581F09027FAC0
4042,970,15520,0,0,0,0,0,0,1,1,0,1,0,1,1,1,1,1,7,2,9,31,88,0,0,1,1,0x404581F09027FAC0
4043,971,15536,0,0,0,0,0,0,1,1,0,1,0,1,1,1,1,1,7,2,9,31,88,0,0,1,1,0x404581F09027FAC0
4044,972,15552,0,0,0,0,0,0,1,1,0,1,0,1,1,1,1,1,7,2,9,31,88,0,0,1,1,0x404581F09027FAC0
4045,973,15568,0,0,0,0,0,0,1,1,0,1,0,1,1,1,1,1,7,2,9,31,88,0,0,1,1,0x404581F09027FAC0
4046,974,15584,0,0,0,0,0,0,1,1,0,1,0,1,1,1,1,1,7,2,9,31,88,0,0,1,1,0x404581F09027FAC0
4047,975,15600,0,0,0,0,0,0,1,1,0,1,0,1,1,1,1,1,7,2,9,31,88,0,0,1,1,0x404581F09027FAC0
4048,976,15616,0,0,0,0,0,0,1,1,0,1,0,1,1,1,1,1,7,2,9,31,88,0,0,1,1,0x404581F09027FAC0
4049,977,15632,0,0,0,0,0,0,1,1,0,1,0,1,1,1,1,1,7,2,9,31,88,0,0,1,1,0x404581F09027FAC0
4050,978,15648,0,0,0,0,0,0,1,1,0,1,0,1,1,1,1,1,7,2,9,31,88,0,0,1,1,0x404581F09027FAC0
4051,979,15664,0,0,0,0,0,0,1,1,0,1,0,1,1,1,1,1,7,2,9,31,88,0,0,1,1,0x404581F09027FAC0
4052,980,15680,0,0,0,0,0,0,1,1,0,1,0,1,1,1,1,1,7,2,9,31,88,0,0,1,1,0x404581F09027FAC0
4053,981,15696,0,0,0,0,0,0,1,1,0,1,0,1,1,1,1,1,7,2,9,31,88,0,0,1,1,0x404581F09027FAC0
4054,982,15712,0,0,0,0,0,0,1,1,0,1,0,1,1,1,1,1,7,2,9,31,88,0,0,1,1,0x404581F09027FAC0
4055,983,15728,0,0,0,0,0,0,1,1,0,1,0,1,1,1,1,1,7,2,9,31,88,0,0,1,1,0x404581F09027FAC0
4056,984,15744,0,0,0,0,0,0,1,1,0,1,0,1,1,1,1,1,7,2,9,31,88,0,0,1,1,0x404581F09027FAC0
4057,985,15760,0,0,0,0,0,0,1,1,0,1,0,1,1,1,1,1,7,2,9,31,88,0,0,1,1,0x404581F09027FAC0
4058,986,15776,0,0,0,0,0,0,1,1,0,1,0,1,1,1,1,1,7,2,9,31,88,0,0,1,1,0x404581F09027FAC0
4059,987,15792,0,0,0,0,0,0,1,1,0,1,0,1,1,1,1,1,7,2,9,31,88,0,0,1,1,0x404581F09027FAC0
4060,988,15808,0,0,0,0,0,0,1,1,0,1,0,1,1,1,1,1,7,2,9,31,88,0,0,1,1,0x404581F09027FAC0
4061,989,15824,0,0,0,0,0,0,1,1,0,1,0,1,1,1,1,1,7,2,9,31,88,0,0,1,1,0x404581F09027FAC0
4062,990,15840,0,0,0,0,0,0,1,1,0,1,0,1,1,1,1,1,7,2,9,31,88,0,0,1,1,0x404581F09027FAC0
4063,991,15856,0,0,0,0,0,0,1,1,0,1,0,1,1,1,1,1,7,2,9,31,88,0,0,1,1,0x404581F09027FAC0
4064,992,15872,0,0,0,0,0,0,1,1,0,1,0,1,1,1,1,1,7,2,9,31,88,0,0,1,1,0x404581F09027FAC0
4065,993,15888,0,0,0,0,0,0,1,1,0,1,0,1,1,1,1,1,7,2,9,31,88,0,0,1,1,0x404581F09027FAC0
4066,994,15904,0,0,0,0,0,0,1,1,0,1,0,1,1,1,1,1,7,2,9,31,88,0,0,1,1,0x404581F09027FAC0
4067,995,15920,0,0,0,0,0,0,1,1,0,1,0,1,1,1,1,1,7,2,9,31,88,0,0,1,1,0x404581F09027FAC0
4068,996,15936,0,0,0,0,0,0,1,1,0,1,0,1,1,1,1,1,7,2,9,31,88,0,0,1,1,0x404581F09027FAC0
4069,997,15952,0,0,0,0,0,0,1,1,0,1,0,1,1,1,1,1,7,2,9,31,88,0,0,1,1,0x404581F09027FAC0
4070,998,15968,0,0,0,0,0,0,1,1,0,1,0,1,1,1,1,1,7,2,9,31,88,0,0,1,1,0x404581F09027FAC0
4071,999,15984,0,0,0,0,0,0,1,1,0,1,0,1,1,1,1,1,7,2,9,31,88,0,0,1,1,0x404581F09027FAC0
4072,1000,16000,0,0,0,0,0,0,1,1,0,1,0,1,1,1,1,1,7,2,9,31,88,0,0,1,1,0x404581F09027FAC0
4073,1001,16016,0,0,0,0,0,0,1,1,0,1,0,1,1,1,1,1,7,2,9,31,88,0,0,1,1,0x404581F09027FAC0
4074,1002,16032,0,0,0,0,0,0,1,1,0,1,0,1,1,1,1,1,7,2,9,31,88,0,0,1,1,0x404581F09027FAC0
4075,1003,16048,0,0,0,0,0,0,1,1,0,1,0,1,1,1,1,1,7,2,9,31,88,0,0,1,1,0x404581F09027FAC0
4076,1004,16064,0,0,0,0,0,0,1,1,0,1,0,1,1,1,1,1,7,2,9,31,88,0,0,1,1,0x404581F09027FAC0
4077,1005,16080,0,0,0,0,0,0,1,1,0,1,0,1,1,1,1,1,7,2,9,31,88,0,0,1,1,0x404581F09027FAC0
4078,1006,16096,0,0,0,0,0,0,1,1,0,1,0,1,1,1,1,1,7,2,9,31,88,0,0,1,1,0x404581F09027FAC0
4079,1007,16112,0,0,0,0,0,0,1,1,0,1,0,1,1,1,1,1,7,2,9,31,88,0,0,1,1,0x404581F09027FAC0
4080,1008,16128,0,0,0,0,0,0,1,1,0,1,0,1,1,1,1,1,7,2,9,31,88,0,0,1,1,0x404581F09027FAC0
4081,1009,16144,0,0,0,0,0,0,1,1,0,1,0,1,1,1,1,1,7,2,9,31,88,0,0,1,1,0x404581F09027FAC0
4082,1010,16160,0,0,0,0,0,0,1,1,0,1,0,1,1,1,1,1,7,2,9,31,88,0,0,1,1,0x404581F09027FAC0
4083,1011,16176,0,0,0,0,0,0,1,1,0,1,0,1,1,1,1,1,7,2,9,31,88,0,0,1,1,0x404581F09027FAC0
4084,1012,16192,0,0,0,0,0,0,1,1,0,1,0,1,1,1,1,1,7,2,9,31,88,0,0,1,1,0x404581F09027FAC0
4085,1013,16208,0,0,0,0,0,0,1,1,0,1,0,1,1,1,1,1,7,2,9,31,88,0,0,1,1,0x404581F09027FAC0
4086,1014,16224,0,0,0,0,0,0,1,1,0,1,0,1,1,1,1,1,7,2,9,31,88,0,0,1,1,0x404581F09027FAC0
4087,1015,16240,0,0,0,0,0,0,1,1,0,1,0,1,1,1,1,1,7,2,9,31,88,0,0,1,1,0x404581F09027FAC0
4088,1016,16256,0,0,0,0,0,0,1,1,0,1,0,1,1,1,1,1,7,2,9,31,88,0,0,1,1,0x404581F09027FAC0
4089,1017,16272,0,0,0,0,0,0,1,1,0,1,0,1,1,1,1,1,7,2,9,31,88,0,0,1,1,0x404581F09027FAC0
4090,1018,16288,0,0,0,0,0,0,1,1,0,1,0,1,1,1,1,1,7,2,9,31,88,0,0,1,1,0x404581F09027FAC0
4091,1019,16304,0,0,0,0,0,0,1,1,0,1,0,1,1,1,1,1,7,2,9,31,88,0,0,1,1,0x404581F09027FAC0
4092,1020,16320,0,0,0,0,0,0,1,1,0,1,0,1,1,1,1,1,7,2,9,31,88,0,0,1,1,0x404581F09027FAC0
4093,1021,16336,0,0,0,0,0,0,1,1,0,1,0,1,1,1,1,1,7,2,9,31,88,0,0,1,1,0x404581F09027FAC0
4094,1022,16352,0,0,0,0,0,0,1,1,0,1,0,1,1,1,1,1,7,2,9,31,88,0,0,1,1,0x404581F09027FAC0
4095,1023,16368,0,0,0,0,0,0,1,1,0,1,0,1,1,1,1,1,7,2,9,31,88,0,0,1,1,0x404581F09027FAC0
