OBSERVER_OUTPUT,ENDPOINT,CLASSIFICATION
NVP_I2C_R2_OBSERVER/context_final_write_index[0],NVP_TRACE_HOST_READ_MUX/context_read_address_reg[3]/D,READOUT_PATH
NVP_I2C_R2_OBSERVER/context_final_write_index[0],NVP_TRACE_HOST_READ_MUX/context_read_address_reg[2]/D,READOUT_PATH
NVP_I2C_R2_OBSERVER/context_final_write_index[0],NVP_TRACE_HOST_READ_MUX/context_read_address_reg[1]/D,READOUT_PATH
NVP_I2C_R2_OBSERVER/context_final_write_index[0],NVP_TRACE_HOST_READ_MUX/context_read_address_reg[0]/D,READOUT_PATH
NVP_I2C_R2_OBSERVER/context_final_write_index[0],NVP_TRACE_HOST_READ_MUX/context_read_address_reg[7]/D,READOUT_PATH
NVP_I2C_R2_OBSERVER/context_final_write_index[0],NVP_TRACE_HOST_READ_MUX/context_read_address_reg[6]/D,READOUT_PATH
NVP_I2C_R2_OBSERVER/context_final_write_index[0],NVP_TRACE_HOST_READ_MUX/context_read_address_reg[5]/D,READOUT_PATH
NVP_I2C_R2_OBSERVER/context_final_write_index[0],NVP_TRACE_HOST_READ_MUX/context_read_address_reg[4]/D,READOUT_PATH
NVP_I2C_R2_OBSERVER/context_final_write_index[0],NVP_TRACE_HOST_READ_MUX/context_read_address_reg[8]/D,READOUT_PATH
NVP_I2C_R2_OBSERVER/context_final_write_index[0],NVP_TRACE_HOST_READ_MUX/diag_rsp_rdata_reg[0]/D,READOUT_PATH
NVP_I2C_R2_OBSERVER/context_final_write_index[1],NVP_TRACE_HOST_READ_MUX/context_read_address_reg[3]/D,READOUT_PATH
NVP_I2C_R2_OBSERVER/context_final_write_index[1],NVP_TRACE_HOST_READ_MUX/context_read_address_reg[2]/D,READOUT_PATH
NVP_I2C_R2_OBSERVER/context_final_write_index[1],NVP_TRACE_HOST_READ_MUX/context_read_address_reg[1]/D,READOUT_PATH
NVP_I2C_R2_OBSERVER/context_final_write_index[1],NVP_TRACE_HOST_READ_MUX/context_read_address_reg[7]/D,READOUT_PATH
NVP_I2C_R2_OBSERVER/context_final_write_index[1],NVP_TRACE_HOST_READ_MUX/context_read_address_reg[6]/D,READOUT_PATH
NVP_I2C_R2_OBSERVER/context_final_write_index[1],NVP_TRACE_HOST_READ_MUX/context_read_address_reg[5]/D,READOUT_PATH
NVP_I2C_R2_OBSERVER/context_final_write_index[1],NVP_TRACE_HOST_READ_MUX/context_read_address_reg[4]/D,READOUT_PATH
NVP_I2C_R2_OBSERVER/context_final_write_index[1],NVP_TRACE_HOST_READ_MUX/context_read_address_reg[8]/D,READOUT_PATH
NVP_I2C_R2_OBSERVER/context_final_write_index[1],NVP_TRACE_HOST_READ_MUX/diag_rsp_rdata_reg[1]/D,READOUT_PATH
NVP_I2C_R2_OBSERVER/context_final_write_index[2],NVP_TRACE_HOST_READ_MUX/context_read_address_reg[3]/D,READOUT_PATH
NVP_I2C_R2_OBSERVER/context_final_write_index[2],NVP_TRACE_HOST_READ_MUX/context_read_address_reg[2]/D,READOUT_PATH
NVP_I2C_R2_OBSERVER/context_final_write_index[2],NVP_TRACE_HOST_READ_MUX/context_read_address_reg[7]/D,READOUT_PATH
NVP_I2C_R2_OBSERVER/context_final_write_index[2],NVP_TRACE_HOST_READ_MUX/context_read_address_reg[6]/D,READOUT_PATH
NVP_I2C_R2_OBSERVER/context_final_write_index[2],NVP_TRACE_HOST_READ_MUX/context_read_address_reg[5]/D,READOUT_PATH
NVP_I2C_R2_OBSERVER/context_final_write_index[2],NVP_TRACE_HOST_READ_MUX/context_read_address_reg[4]/D,READOUT_PATH
NVP_I2C_R2_OBSERVER/context_final_write_index[2],NVP_TRACE_HOST_READ_MUX/context_read_address_reg[8]/D,READOUT_PATH
NVP_I2C_R2_OBSERVER/context_final_write_index[2],NVP_TRACE_HOST_READ_MUX/diag_rsp_rdata_reg[2]/D,READOUT_PATH
NVP_I2C_R2_OBSERVER/context_final_write_index[3],NVP_TRACE_HOST_READ_MUX/context_read_address_reg[3]/D,READOUT_PATH
NVP_I2C_R2_OBSERVER/context_final_write_index[3],NVP_TRACE_HOST_READ_MUX/context_read_address_reg[7]/D,READOUT_PATH
NVP_I2C_R2_OBSERVER/context_final_write_index[3],NVP_TRACE_HOST_READ_MUX/context_read_address_reg[6]/D,READOUT_PATH
NVP_I2C_R2_OBSERVER/context_final_write_index[3],NVP_TRACE_HOST_READ_MUX/context_read_address_reg[5]/D,READOUT_PATH
NVP_I2C_R2_OBSERVER/context_final_write_index[3],NVP_TRACE_HOST_READ_MUX/context_read_address_reg[4]/D,READOUT_PATH
NVP_I2C_R2_OBSERVER/context_final_write_index[3],NVP_TRACE_HOST_READ_MUX/context_read_address_reg[8]/D,READOUT_PATH
NVP_I2C_R2_OBSERVER/context_final_write_index[3],NVP_TRACE_HOST_READ_MUX/diag_rsp_rdata_reg[3]/D,READOUT_PATH
NVP_I2C_R2_OBSERVER/context_final_write_index[4],NVP_TRACE_HOST_READ_MUX/context_read_address_reg[7]/D,READOUT_PATH
NVP_I2C_R2_OBSERVER/context_final_write_index[4],NVP_TRACE_HOST_READ_MUX/context_read_address_reg[6]/D,READOUT_PATH
NVP_I2C_R2_OBSERVER/context_final_write_index[4],NVP_TRACE_HOST_READ_MUX/context_read_address_reg[5]/D,READOUT_PATH
NVP_I2C_R2_OBSERVER/context_final_write_index[4],NVP_TRACE_HOST_READ_MUX/context_read_address_reg[4]/D,READOUT_PATH
NVP_I2C_R2_OBSERVER/context_final_write_index[4],NVP_TRACE_HOST_READ_MUX/context_read_address_reg[8]/D,READOUT_PATH
NVP_I2C_R2_OBSERVER/context_final_write_index[4],NVP_TRACE_HOST_READ_MUX/diag_rsp_rdata_reg[4]/D,READOUT_PATH
NVP_I2C_R2_OBSERVER/context_final_write_index[5],NVP_TRACE_HOST_READ_MUX/context_read_address_reg[7]/D,READOUT_PATH
NVP_I2C_R2_OBSERVER/context_final_write_index[5],NVP_TRACE_HOST_READ_MUX/context_read_address_reg[6]/D,READOUT_PATH
NVP_I2C_R2_OBSERVER/context_final_write_index[5],NVP_TRACE_HOST_READ_MUX/context_read_address_reg[5]/D,READOUT_PATH
NVP_I2C_R2_OBSERVER/context_final_write_index[5],NVP_TRACE_HOST_READ_MUX/context_read_address_reg[8]/D,READOUT_PATH
NVP_I2C_R2_OBSERVER/context_final_write_index[5],NVP_TRACE_HOST_READ_MUX/diag_rsp_rdata_reg[5]/D,READOUT_PATH
NVP_I2C_R2_OBSERVER/context_final_write_index[6],NVP_TRACE_HOST_READ_MUX/context_read_address_reg[7]/D,READOUT_PATH
NVP_I2C_R2_OBSERVER/context_final_write_index[6],NVP_TRACE_HOST_READ_MUX/context_read_address_reg[6]/D,READOUT_PATH
NVP_I2C_R2_OBSERVER/context_final_write_index[6],NVP_TRACE_HOST_READ_MUX/context_read_address_reg[8]/D,READOUT_PATH
NVP_I2C_R2_OBSERVER/context_final_write_index[6],NVP_TRACE_HOST_READ_MUX/diag_rsp_rdata_reg[6]/D,READOUT_PATH
NVP_I2C_R2_OBSERVER/context_final_write_index[7],NVP_TRACE_HOST_READ_MUX/context_read_address_reg[7]/D,READOUT_PATH
NVP_I2C_R2_OBSERVER/context_final_write_index[7],NVP_TRACE_HOST_READ_MUX/context_read_address_reg[8]/D,READOUT_PATH
NVP_I2C_R2_OBSERVER/context_final_write_index[7],NVP_TRACE_HOST_READ_MUX/diag_rsp_rdata_reg[7]/D,READOUT_PATH
NVP_I2C_R2_OBSERVER/context_final_write_index[8],NVP_TRACE_HOST_READ_MUX/context_read_address_reg[8]/D,READOUT_PATH
NVP_I2C_R2_OBSERVER/context_final_write_index[8],NVP_TRACE_HOST_READ_MUX/diag_rsp_rdata_reg[8]/D,READOUT_PATH
NVP_I2C_R2_OBSERVER/context_frozen,NVP_TRACE_HOST_READ_MUX/read_kind_reg[1]/D,READOUT_PATH
NVP_I2C_R2_OBSERVER/context_frozen,NVP_TRACE_HOST_READ_MUX/read_kind_reg[0]/D,READOUT_PATH
NVP_I2C_R2_OBSERVER/context_frozen,NVP_TRACE_HOST_READ_MUX/read_word_select_reg[2]/D,READOUT_PATH
NVP_I2C_R2_OBSERVER/context_frozen,NVP_TRACE_HOST_READ_MUX/read_word_select_reg[1]/D,READOUT_PATH
NVP_I2C_R2_OBSERVER/context_frozen,NVP_TRACE_HOST_READ_MUX/read_word_select_reg[0]/D,READOUT_PATH
NVP_I2C_R2_OBSERVER/context_frozen,NVP_TRACE_HOST_READ_MUX/read_wait_reg[1]/D,READOUT_PATH
NVP_I2C_R2_OBSERVER/context_frozen,NVP_TRACE_HOST_READ_MUX/context_read_enable_reg/D,READOUT_PATH
NVP_I2C_R2_OBSERVER/context_frozen,NVP_TRACE_HOST_READ_MUX/context_read_address_reg[8]/CE,READOUT_PATH
NVP_I2C_R2_OBSERVER/context_frozen,NVP_TRACE_HOST_READ_MUX/context_read_address_reg[7]/CE,READOUT_PATH
NVP_I2C_R2_OBSERVER/context_frozen,NVP_TRACE_HOST_READ_MUX/context_read_address_reg[6]/CE,READOUT_PATH
NVP_I2C_R2_OBSERVER/context_frozen,NVP_TRACE_HOST_READ_MUX/context_read_address_reg[5]/CE,READOUT_PATH
NVP_I2C_R2_OBSERVER/context_frozen,NVP_TRACE_HOST_READ_MUX/context_read_address_reg[4]/CE,READOUT_PATH
NVP_I2C_R2_OBSERVER/context_frozen,NVP_TRACE_HOST_READ_MUX/context_read_address_reg[3]/CE,READOUT_PATH
NVP_I2C_R2_OBSERVER/context_frozen,NVP_TRACE_HOST_READ_MUX/context_read_address_reg[2]/CE,READOUT_PATH
NVP_I2C_R2_OBSERVER/context_frozen,NVP_TRACE_HOST_READ_MUX/context_read_address_reg[1]/CE,READOUT_PATH
NVP_I2C_R2_OBSERVER/context_frozen,NVP_TRACE_HOST_READ_MUX/context_read_address_reg[0]/CE,READOUT_PATH
NVP_I2C_R2_OBSERVER/context_frozen,NVP_TRACE_HOST_READ_MUX/diag_rsp_rdata_reg[0]/D,READOUT_PATH
NVP_I2C_R2_OBSERVER/context_frozen,NVP_TRACE_HOST_READ_MUX/diag_rsp_rdata_reg[2]/D,READOUT_PATH
NVP_I2C_R2_OBSERVER/context_frozen,NVP_TRACE_HOST_READ_MUX/read_wait_reg[0]/D,READOUT_PATH
NVP_I2C_R2_OBSERVER/context_frozen,NVP_TRACE_HOST_READ_MUX/diag_rsp_rdata_reg[29]/D,READOUT_PATH
NVP_I2C_R2_OBSERVER/context_frozen,NVP_TRACE_HOST_READ_MUX/diag_rsp_rdata_reg[9]/CE,READOUT_PATH
NVP_I2C_R2_OBSERVER/context_frozen,NVP_TRACE_HOST_READ_MUX/diag_rsp_rdata_reg[8]/CE,READOUT_PATH
NVP_I2C_R2_OBSERVER/context_frozen,NVP_TRACE_HOST_READ_MUX/diag_rsp_rdata_reg[7]/CE,READOUT_PATH
NVP_I2C_R2_OBSERVER/context_frozen,NVP_TRACE_HOST_READ_MUX/diag_rsp_rdata_reg[6]/CE,READOUT_PATH
NVP_I2C_R2_OBSERVER/context_frozen,NVP_TRACE_HOST_READ_MUX/diag_rsp_rdata_reg[5]/CE,READOUT_PATH
NVP_I2C_R2_OBSERVER/context_frozen,NVP_TRACE_HOST_READ_MUX/diag_rsp_rdata_reg[4]/CE,READOUT_PATH
NVP_I2C_R2_OBSERVER/context_frozen,NVP_TRACE_HOST_READ_MUX/diag_rsp_rdata_reg[3]/CE,READOUT_PATH
NVP_I2C_R2_OBSERVER/context_frozen,NVP_TRACE_HOST_READ_MUX/diag_rsp_rdata_reg[31]/CE,READOUT_PATH
NVP_I2C_R2_OBSERVER/context_frozen,NVP_TRACE_HOST_READ_MUX/diag_rsp_rdata_reg[30]/CE,READOUT_PATH
NVP_I2C_R2_OBSERVER/context_frozen,NVP_TRACE_HOST_READ_MUX/diag_rsp_rdata_reg[2]/CE,READOUT_PATH
NVP_I2C_R2_OBSERVER/context_frozen,NVP_TRACE_HOST_READ_MUX/diag_rsp_rdata_reg[28]/CE,READOUT_PATH
NVP_I2C_R2_OBSERVER/context_frozen,NVP_TRACE_HOST_READ_MUX/diag_rsp_rdata_reg[27]/CE,READOUT_PATH
NVP_I2C_R2_OBSERVER/context_frozen,NVP_TRACE_HOST_READ_MUX/diag_rsp_rdata_reg[26]/CE,READOUT_PATH
NVP_I2C_R2_OBSERVER/context_frozen,NVP_TRACE_HOST_READ_MUX/diag_rsp_rdata_reg[25]/CE,READOUT_PATH
NVP_I2C_R2_OBSERVER/context_frozen,NVP_TRACE_HOST_READ_MUX/diag_rsp_rdata_reg[24]/CE,READOUT_PATH
NVP_I2C_R2_OBSERVER/context_frozen,NVP_TRACE_HOST_READ_MUX/diag_rsp_rdata_reg[23]/CE,READOUT_PATH
NVP_I2C_R2_OBSERVER/context_frozen,NVP_TRACE_HOST_READ_MUX/diag_rsp_rdata_reg[22]/CE,READOUT_PATH
NVP_I2C_R2_OBSERVER/context_frozen,NVP_TRACE_HOST_READ_MUX/diag_rsp_rdata_reg[21]/CE,READOUT_PATH
NVP_I2C_R2_OBSERVER/context_frozen,NVP_TRACE_HOST_READ_MUX/diag_rsp_rdata_reg[20]/CE,READOUT_PATH
NVP_I2C_R2_OBSERVER/context_frozen,NVP_TRACE_HOST_READ_MUX/diag_rsp_rdata_reg[1]/CE,READOUT_PATH
NVP_I2C_R2_OBSERVER/context_frozen,NVP_TRACE_HOST_READ_MUX/diag_rsp_rdata_reg[19]/CE,READOUT_PATH
NVP_I2C_R2_OBSERVER/context_frozen,NVP_TRACE_HOST_READ_MUX/diag_rsp_rdata_reg[18]/CE,READOUT_PATH
NVP_I2C_R2_OBSERVER/context_frozen,NVP_TRACE_HOST_READ_MUX/diag_rsp_rdata_reg[17]/CE,READOUT_PATH
NVP_I2C_R2_OBSERVER/context_frozen,NVP_TRACE_HOST_READ_MUX/diag_rsp_rdata_reg[16]/CE,READOUT_PATH
NVP_I2C_R2_OBSERVER/context_frozen,NVP_TRACE_HOST_READ_MUX/diag_rsp_rdata_reg[15]/CE,READOUT_PATH
NVP_I2C_R2_OBSERVER/context_frozen,NVP_TRACE_HOST_READ_MUX/diag_rsp_rdata_reg[14]/CE,READOUT_PATH
NVP_I2C_R2_OBSERVER/context_frozen,NVP_TRACE_HOST_READ_MUX/diag_rsp_rdata_reg[13]/CE,READOUT_PATH
NVP_I2C_R2_OBSERVER/context_frozen,NVP_TRACE_HOST_READ_MUX/diag_rsp_rdata_reg[12]/CE,READOUT_PATH
NVP_I2C_R2_OBSERVER/context_frozen,NVP_TRACE_HOST_READ_MUX/diag_rsp_rdata_reg[11]/CE,READOUT_PATH
NVP_I2C_R2_OBSERVER/context_frozen,NVP_TRACE_HOST_READ_MUX/diag_rsp_rdata_reg[10]/CE,READOUT_PATH
NVP_I2C_R2_OBSERVER/context_frozen,NVP_TRACE_HOST_READ_MUX/diag_rsp_rdata_reg[0]/CE,READOUT_PATH
NVP_I2C_R2_OBSERVER/context_frozen,NVP_TRACE_HOST_READ_MUX/diag_rsp_valid_reg/D,READOUT_PATH
NVP_I2C_R2_OBSERVER/context_frozen,NVP_TRACE_HOST_READ_MUX/diag_rsp_rdata_reg[31]/D,READOUT_PATH
NVP_I2C_R2_OBSERVER/context_frozen,NVP_TRACE_HOST_READ_MUX/diag_rsp_rdata_reg[23]/D,READOUT_PATH
NVP_I2C_R2_OBSERVER/context_frozen,NVP_TRACE_HOST_READ_MUX/diag_rsp_rdata_reg[22]/D,READOUT_PATH
NVP_I2C_R2_OBSERVER/context_frozen,NVP_TRACE_HOST_READ_MUX/diag_rsp_rdata_reg[21]/D,READOUT_PATH
NVP_I2C_R2_OBSERVER/context_frozen,NVP_TRACE_HOST_READ_MUX/diag_rsp_rdata_reg[18]/D,READOUT_PATH
NVP_I2C_R2_OBSERVER/context_frozen,NVP_TRACE_HOST_READ_MUX/diag_rsp_rdata_reg[15]/D,READOUT_PATH
NVP_I2C_R2_OBSERVER/context_frozen,NVP_TRACE_HOST_READ_MUX/diag_rsp_rdata_reg[12]/D,READOUT_PATH
NVP_I2C_R2_OBSERVER/context_frozen,NVP_TRACE_HOST_READ_MUX/diag_rsp_rdata_reg[11]/D,READOUT_PATH
NVP_I2C_R2_OBSERVER/context_frozen,NVP_TRACE_HOST_READ_MUX/diag_rsp_rdata_reg[9]/D,READOUT_PATH
NVP_I2C_R2_OBSERVER/context_frozen,NVP_TRACE_HOST_READ_MUX/diag_rsp_rdata_reg[8]/D,READOUT_PATH
NVP_I2C_R2_OBSERVER/context_frozen,NVP_TRACE_HOST_READ_MUX/diag_rsp_rdata_reg[7]/D,READOUT_PATH
NVP_I2C_R2_OBSERVER/context_frozen,NVP_TRACE_HOST_READ_MUX/diag_rsp_rdata_reg[6]/D,READOUT_PATH
NVP_I2C_R2_OBSERVER/context_frozen,NVP_TRACE_HOST_READ_MUX/diag_rsp_rdata_reg[5]/D,READOUT_PATH
NVP_I2C_R2_OBSERVER/context_frozen,NVP_TRACE_HOST_READ_MUX/diag_rsp_rdata_reg[4]/D,READOUT_PATH
NVP_I2C_R2_OBSERVER/context_frozen,NVP_TRACE_HOST_READ_MUX/diag_rsp_rdata_reg[3]/D,READOUT_PATH
NVP_I2C_R2_OBSERVER/context_frozen,NVP_TRACE_HOST_READ_MUX/diag_rsp_rdata_reg[30]/D,READOUT_PATH
NVP_I2C_R2_OBSERVER/context_frozen,NVP_TRACE_HOST_READ_MUX/diag_rsp_rdata_reg[27]/D,READOUT_PATH
NVP_I2C_R2_OBSERVER/context_frozen,NVP_TRACE_HOST_READ_MUX/diag_rsp_rdata_reg[26]/D,READOUT_PATH
NVP_I2C_R2_OBSERVER/context_frozen,NVP_TRACE_HOST_READ_MUX/diag_rsp_rdata_reg[25]/D,READOUT_PATH
NVP_I2C_R2_OBSERVER/context_frozen,NVP_TRACE_HOST_READ_MUX/diag_rsp_rdata_reg[1]/D,READOUT_PATH
NVP_I2C_R2_OBSERVER/context_frozen,NVP_TRACE_HOST_READ_MUX/diag_rsp_rdata_reg[19]/D,READOUT_PATH
NVP_I2C_R2_OBSERVER/context_frozen,NVP_TRACE_HOST_READ_MUX/diag_rsp_rdata_reg[14]/D,READOUT_PATH
NVP_I2C_R2_OBSERVER/context_frozen,NVP_TRACE_HOST_READ_MUX/diag_rsp_rdata_reg[10]/D,READOUT_PATH
NVP_I2C_R2_OBSERVER/context_frozen,NVP_TRACE_HOST_READ_MUX/shadow_read_enable_reg/D,READOUT_PATH
NVP_I2C_R2_OBSERVER/context_frozen,NVP_TRACE_HOST_READ_MUX/shadow_read_address_reg[7]/CE,READOUT_PATH
NVP_I2C_R2_OBSERVER/context_frozen,NVP_TRACE_HOST_READ_MUX/shadow_read_address_reg[6]/CE,READOUT_PATH
NVP_I2C_R2_OBSERVER/context_frozen,NVP_TRACE_HOST_READ_MUX/shadow_read_address_reg[5]/CE,READOUT_PATH
NVP_I2C_R2_OBSERVER/context_frozen,NVP_TRACE_HOST_READ_MUX/shadow_read_address_reg[4]/CE,READOUT_PATH
NVP_I2C_R2_OBSERVER/context_frozen,NVP_TRACE_HOST_READ_MUX/shadow_read_address_reg[3]/CE,READOUT_PATH
NVP_I2C_R2_OBSERVER/context_frozen,NVP_TRACE_HOST_READ_MUX/shadow_read_address_reg[2]/CE,READOUT_PATH
NVP_I2C_R2_OBSERVER/context_frozen,NVP_TRACE_HOST_READ_MUX/shadow_read_address_reg[1]/CE,READOUT_PATH
NVP_I2C_R2_OBSERVER/context_frozen,NVP_TRACE_HOST_READ_MUX/shadow_read_address_reg[0]/CE,READOUT_PATH
NVP_I2C_R2_OBSERVER/context_frozen,NVP_TRACE_HOST_READ_MUX/diag_rsp_rdata_reg[28]/D,READOUT_PATH
NVP_I2C_R2_OBSERVER/context_frozen,NVP_TRACE_HOST_READ_MUX/diag_rsp_rdata_reg[24]/D,READOUT_PATH
NVP_I2C_R2_OBSERVER/context_frozen,NVP_TRACE_HOST_READ_MUX/diag_rsp_rdata_reg[20]/D,READOUT_PATH
NVP_I2C_R2_OBSERVER/context_frozen,NVP_TRACE_HOST_READ_MUX/diag_rsp_rdata_reg[17]/D,READOUT_PATH
NVP_I2C_R2_OBSERVER/context_frozen,NVP_TRACE_HOST_READ_MUX/diag_rsp_rdata_reg[16]/D,READOUT_PATH
NVP_I2C_R2_OBSERVER/context_frozen,NVP_TRACE_HOST_READ_MUX/diag_rsp_rdata_reg[13]/D,READOUT_PATH
NVP_I2C_R2_OBSERVER/context_full,NVP_TRACE_HOST_READ_MUX/context_read_address_reg[3]/D,READOUT_PATH
NVP_I2C_R2_OBSERVER/context_full,NVP_TRACE_HOST_READ_MUX/context_read_address_reg[2]/D,READOUT_PATH
NVP_I2C_R2_OBSERVER/context_full,NVP_TRACE_HOST_READ_MUX/context_read_address_reg[1]/D,READOUT_PATH
NVP_I2C_R2_OBSERVER/context_full,NVP_TRACE_HOST_READ_MUX/context_read_address_reg[0]/D,READOUT_PATH
NVP_I2C_R2_OBSERVER/context_full,NVP_TRACE_HOST_READ_MUX/context_read_address_reg[7]/D,READOUT_PATH
NVP_I2C_R2_OBSERVER/context_full,NVP_TRACE_HOST_READ_MUX/context_read_address_reg[6]/D,READOUT_PATH
NVP_I2C_R2_OBSERVER/context_full,NVP_TRACE_HOST_READ_MUX/context_read_address_reg[5]/D,READOUT_PATH
NVP_I2C_R2_OBSERVER/context_full,NVP_TRACE_HOST_READ_MUX/context_read_address_reg[4]/D,READOUT_PATH
NVP_I2C_R2_OBSERVER/context_full,NVP_TRACE_HOST_READ_MUX/context_read_address_reg[8]/D,READOUT_PATH
NVP_I2C_R2_OBSERVER/context_full,NVP_TRACE_HOST_READ_MUX/diag_rsp_rdata_reg[3]/D,READOUT_PATH
NVP_I2C_R2_OBSERVER/context_overflow,NVP_TRACE_HOST_READ_MUX/diag_rsp_rdata[4]_i_8/I0,READOUT_PATH
NVP_I2C_R2_OBSERVER/context_overflow,NVP_I2C_R2_OBSERVER/context_overflow,READOUT_PATH
NVP_I2C_R2_OBSERVER/context_read_data[0],NVP_TRACE_HOST_READ_MUX/diag_rsp_rdata_reg[0]/D,READOUT_PATH
NVP_I2C_R2_OBSERVER/context_read_data[100],NVP_TRACE_HOST_READ_MUX/diag_rsp_rdata_reg[4]/D,READOUT_PATH
NVP_I2C_R2_OBSERVER/context_read_data[101],NVP_TRACE_HOST_READ_MUX/diag_rsp_rdata_reg[5]/D,READOUT_PATH
NVP_I2C_R2_OBSERVER/context_read_data[102],NVP_TRACE_HOST_READ_MUX/diag_rsp_rdata_reg[6]/D,READOUT_PATH
NVP_I2C_R2_OBSERVER/context_read_data[103],NVP_TRACE_HOST_READ_MUX/diag_rsp_rdata_reg[7]/D,READOUT_PATH
NVP_I2C_R2_OBSERVER/context_read_data[104],NVP_TRACE_HOST_READ_MUX/diag_rsp_rdata_reg[8]/D,READOUT_PATH
NVP_I2C_R2_OBSERVER/context_read_data[105],NVP_TRACE_HOST_READ_MUX/diag_rsp_rdata_reg[9]/D,READOUT_PATH
NVP_I2C_R2_OBSERVER/context_read_data[106],NVP_TRACE_HOST_READ_MUX/diag_rsp_rdata_reg[10]/D,READOUT_PATH
NVP_I2C_R2_OBSERVER/context_read_data[107],NVP_TRACE_HOST_READ_MUX/diag_rsp_rdata_reg[11]/D,READOUT_PATH
NVP_I2C_R2_OBSERVER/context_read_data[108],NVP_TRACE_HOST_READ_MUX/diag_rsp_rdata_reg[12]/D,READOUT_PATH
NVP_I2C_R2_OBSERVER/context_read_data[109],NVP_TRACE_HOST_READ_MUX/diag_rsp_rdata_reg[13]/D,READOUT_PATH
NVP_I2C_R2_OBSERVER/context_read_data[10],NVP_TRACE_HOST_READ_MUX/diag_rsp_rdata_reg[10]/D,READOUT_PATH
NVP_I2C_R2_OBSERVER/context_read_data[110],NVP_TRACE_HOST_READ_MUX/diag_rsp_rdata_reg[14]/D,READOUT_PATH
NVP_I2C_R2_OBSERVER/context_read_data[111],NVP_TRACE_HOST_READ_MUX/diag_rsp_rdata_reg[15]/D,READOUT_PATH
NVP_I2C_R2_OBSERVER/context_read_data[112],NVP_TRACE_HOST_READ_MUX/diag_rsp_rdata_reg[16]/D,READOUT_PATH
NVP_I2C_R2_OBSERVER/context_read_data[113],NVP_TRACE_HOST_READ_MUX/diag_rsp_rdata_reg[17]/D,READOUT_PATH
NVP_I2C_R2_OBSERVER/context_read_data[114],NVP_TRACE_HOST_READ_MUX/diag_rsp_rdata_reg[18]/D,READOUT_PATH
NVP_I2C_R2_OBSERVER/context_read_data[115],NVP_TRACE_HOST_READ_MUX/diag_rsp_rdata_reg[19]/D,READOUT_PATH
NVP_I2C_R2_OBSERVER/context_read_data[116],NVP_TRACE_HOST_READ_MUX/diag_rsp_rdata_reg[20]/D,READOUT_PATH
NVP_I2C_R2_OBSERVER/context_read_data[117],NVP_TRACE_HOST_READ_MUX/diag_rsp_rdata_reg[21]/D,READOUT_PATH
NVP_I2C_R2_OBSERVER/context_read_data[118],NVP_TRACE_HOST_READ_MUX/diag_rsp_rdata_reg[22]/D,READOUT_PATH
NVP_I2C_R2_OBSERVER/context_read_data[119],NVP_TRACE_HOST_READ_MUX/diag_rsp_rdata_reg[23]/D,READOUT_PATH
NVP_I2C_R2_OBSERVER/context_read_data[11],NVP_TRACE_HOST_READ_MUX/diag_rsp_rdata_reg[11]/D,READOUT_PATH
NVP_I2C_R2_OBSERVER/context_read_data[120],NVP_TRACE_HOST_READ_MUX/diag_rsp_rdata_reg[24]/D,READOUT_PATH
NVP_I2C_R2_OBSERVER/context_read_data[121],NVP_TRACE_HOST_READ_MUX/diag_rsp_rdata_reg[25]/D,READOUT_PATH
NVP_I2C_R2_OBSERVER/context_read_data[122],NVP_TRACE_HOST_READ_MUX/diag_rsp_rdata_reg[26]/D,READOUT_PATH
NVP_I2C_R2_OBSERVER/context_read_data[123],NVP_TRACE_HOST_READ_MUX/diag_rsp_rdata_reg[27]/D,READOUT_PATH
NVP_I2C_R2_OBSERVER/context_read_data[124],NVP_TRACE_HOST_READ_MUX/diag_rsp_rdata_reg[28]/D,READOUT_PATH
NVP_I2C_R2_OBSERVER/context_read_data[125],NVP_TRACE_HOST_READ_MUX/diag_rsp_rdata_reg[29]/D,READOUT_PATH
NVP_I2C_R2_OBSERVER/context_read_data[126],NVP_TRACE_HOST_READ_MUX/diag_rsp_rdata_reg[30]/D,READOUT_PATH
NVP_I2C_R2_OBSERVER/context_read_data[127],NVP_TRACE_HOST_READ_MUX/diag_rsp_rdata_reg[31]/D,READOUT_PATH
NVP_I2C_R2_OBSERVER/context_read_data[12],NVP_TRACE_HOST_READ_MUX/diag_rsp_rdata_reg[12]/D,READOUT_PATH
NVP_I2C_R2_OBSERVER/context_read_data[13],NVP_TRACE_HOST_READ_MUX/diag_rsp_rdata_reg[13]/D,READOUT_PATH
NVP_I2C_R2_OBSERVER/context_read_data[14],NVP_TRACE_HOST_READ_MUX/diag_rsp_rdata_reg[14]/D,READOUT_PATH
NVP_I2C_R2_OBSERVER/context_read_data[15],NVP_TRACE_HOST_READ_MUX/diag_rsp_rdata_reg[15]/D,READOUT_PATH
NVP_I2C_R2_OBSERVER/context_read_data[16],NVP_TRACE_HOST_READ_MUX/diag_rsp_rdata_reg[16]/D,READOUT_PATH
NVP_I2C_R2_OBSERVER/context_read_data[17],NVP_TRACE_HOST_READ_MUX/diag_rsp_rdata_reg[17]/D,READOUT_PATH
NVP_I2C_R2_OBSERVER/context_read_data[18],NVP_TRACE_HOST_READ_MUX/diag_rsp_rdata_reg[18]/D,READOUT_PATH
NVP_I2C_R2_OBSERVER/context_read_data[19],NVP_TRACE_HOST_READ_MUX/diag_rsp_rdata_reg[19]/D,READOUT_PATH
NVP_I2C_R2_OBSERVER/context_read_data[1],NVP_TRACE_HOST_READ_MUX/diag_rsp_rdata_reg[1]/D,READOUT_PATH
NVP_I2C_R2_OBSERVER/context_read_data[20],NVP_TRACE_HOST_READ_MUX/diag_rsp_rdata_reg[20]/D,READOUT_PATH
NVP_I2C_R2_OBSERVER/context_read_data[21],NVP_TRACE_HOST_READ_MUX/diag_rsp_rdata_reg[21]/D,READOUT_PATH
NVP_I2C_R2_OBSERVER/context_read_data[22],NVP_TRACE_HOST_READ_MUX/diag_rsp_rdata[22]_i_6/I2,READOUT_PATH
NVP_I2C_R2_OBSERVER/context_read_data[22],NVP_I2C_R2_OBSERVER/context_read_data[22],READOUT_PATH
NVP_I2C_R2_OBSERVER/context_read_data[23],NVP_TRACE_HOST_READ_MUX/diag_rsp_rdata[23]_i_6/I2,READOUT_PATH
NVP_I2C_R2_OBSERVER/context_read_data[23],NVP_I2C_R2_OBSERVER/context_read_data[23],READOUT_PATH
NVP_I2C_R2_OBSERVER/context_read_data[24],NVP_TRACE_HOST_READ_MUX/diag_rsp_rdata_reg[24]/D,READOUT_PATH
NVP_I2C_R2_OBSERVER/context_read_data[25],NVP_TRACE_HOST_READ_MUX/diag_rsp_rdata_reg[25]/D,READOUT_PATH
NVP_I2C_R2_OBSERVER/context_read_data[26],NVP_TRACE_HOST_READ_MUX/diag_rsp_rdata_reg[26]/D,READOUT_PATH
NVP_I2C_R2_OBSERVER/context_read_data[27],NVP_TRACE_HOST_READ_MUX/diag_rsp_rdata[27]_i_6/I2,READOUT_PATH
NVP_I2C_R2_OBSERVER/context_read_data[27],NVP_I2C_R2_OBSERVER/context_read_data[27],READOUT_PATH
NVP_I2C_R2_OBSERVER/context_read_data[28],NVP_TRACE_HOST_READ_MUX/diag_rsp_rdata[28]_i_6/I2,READOUT_PATH
NVP_I2C_R2_OBSERVER/context_read_data[28],NVP_I2C_R2_OBSERVER/context_read_data[28],READOUT_PATH
NVP_I2C_R2_OBSERVER/context_read_data[29],NVP_TRACE_HOST_READ_MUX/diag_rsp_rdata[29]_i_7/I2,READOUT_PATH
NVP_I2C_R2_OBSERVER/context_read_data[29],NVP_I2C_R2_OBSERVER/context_read_data[29],READOUT_PATH
NVP_I2C_R2_OBSERVER/context_read_data[2],NVP_TRACE_HOST_READ_MUX/diag_rsp_rdata_reg[2]/D,READOUT_PATH
NVP_I2C_R2_OBSERVER/context_read_data[30],NVP_TRACE_HOST_READ_MUX/diag_rsp_rdata[30]_i_11/I2,READOUT_PATH
NVP_I2C_R2_OBSERVER/context_read_data[30],NVP_I2C_R2_OBSERVER/context_read_data[30],READOUT_PATH
NVP_I2C_R2_OBSERVER/context_read_data[31],NVP_TRACE_HOST_READ_MUX/diag_rsp_rdata[31]_i_10/I2,READOUT_PATH
NVP_I2C_R2_OBSERVER/context_read_data[31],NVP_I2C_R2_OBSERVER/context_read_data[31],READOUT_PATH
NVP_I2C_R2_OBSERVER/context_read_data[32],NVP_TRACE_HOST_READ_MUX/diag_rsp_rdata_reg[0]/D,READOUT_PATH
NVP_I2C_R2_OBSERVER/context_read_data[33],NVP_TRACE_HOST_READ_MUX/diag_rsp_rdata_reg[1]/D,READOUT_PATH
NVP_I2C_R2_OBSERVER/context_read_data[34],NVP_TRACE_HOST_READ_MUX/diag_rsp_rdata_reg[2]/D,READOUT_PATH
NVP_I2C_R2_OBSERVER/context_read_data[35],NVP_TRACE_HOST_READ_MUX/diag_rsp_rdata[3]_i_10/I5,READOUT_PATH
NVP_I2C_R2_OBSERVER/context_read_data[35],NVP_I2C_R2_OBSERVER/context_read_data[35],READOUT_PATH
NVP_I2C_R2_OBSERVER/context_read_data[36],NVP_TRACE_HOST_READ_MUX/diag_rsp_rdata_reg[4]/D,READOUT_PATH
NVP_I2C_R2_OBSERVER/context_read_data[37],NVP_TRACE_HOST_READ_MUX/diag_rsp_rdata_reg[5]/D,READOUT_PATH
NVP_I2C_R2_OBSERVER/context_read_data[38],NVP_TRACE_HOST_READ_MUX/diag_rsp_rdata_reg[6]/D,READOUT_PATH
NVP_I2C_R2_OBSERVER/context_read_data[39],NVP_TRACE_HOST_READ_MUX/diag_rsp_rdata_reg[7]/D,READOUT_PATH
NVP_I2C_R2_OBSERVER/context_read_data[3],NVP_TRACE_HOST_READ_MUX/diag_rsp_rdata_reg[3]/D,READOUT_PATH
NVP_I2C_R2_OBSERVER/context_read_data[40],NVP_TRACE_HOST_READ_MUX/diag_rsp_rdata_reg[8]/D,READOUT_PATH
NVP_I2C_R2_OBSERVER/context_read_data[41],NVP_TRACE_HOST_READ_MUX/diag_rsp_rdata_reg[9]/D,READOUT_PATH
NVP_I2C_R2_OBSERVER/context_read_data[42],NVP_TRACE_HOST_READ_MUX/diag_rsp_rdata_reg[10]/D,READOUT_PATH
NVP_I2C_R2_OBSERVER/context_read_data[43],NVP_TRACE_HOST_READ_MUX/diag_rsp_rdata_reg[11]/D,READOUT_PATH
NVP_I2C_R2_OBSERVER/context_read_data[44],NVP_TRACE_HOST_READ_MUX/diag_rsp_rdata_reg[12]/D,READOUT_PATH
NVP_I2C_R2_OBSERVER/context_read_data[45],NVP_TRACE_HOST_READ_MUX/diag_rsp_rdata_reg[13]/D,READOUT_PATH
NVP_I2C_R2_OBSERVER/context_read_data[46],NVP_TRACE_HOST_READ_MUX/diag_rsp_rdata_reg[14]/D,READOUT_PATH
NVP_I2C_R2_OBSERVER/context_read_data[47],NVP_TRACE_HOST_READ_MUX/diag_rsp_rdata_reg[15]/D,READOUT_PATH
NVP_I2C_R2_OBSERVER/context_read_data[48],NVP_TRACE_HOST_READ_MUX/diag_rsp_rdata_reg[16]/D,READOUT_PATH
NVP_I2C_R2_OBSERVER/context_read_data[49],NVP_TRACE_HOST_READ_MUX/diag_rsp_rdata_reg[17]/D,READOUT_PATH
NVP_I2C_R2_OBSERVER/context_read_data[4],NVP_TRACE_HOST_READ_MUX/diag_rsp_rdata_reg[4]/D,READOUT_PATH
NVP_I2C_R2_OBSERVER/context_read_data[50],NVP_TRACE_HOST_READ_MUX/diag_rsp_rdata_reg[18]/D,READOUT_PATH
NVP_I2C_R2_OBSERVER/context_read_data[51],NVP_TRACE_HOST_READ_MUX/diag_rsp_rdata_reg[19]/D,READOUT_PATH
NVP_I2C_R2_OBSERVER/context_read_data[52],NVP_TRACE_HOST_READ_MUX/diag_rsp_rdata_reg[20]/D,READOUT_PATH
NVP_I2C_R2_OBSERVER/context_read_data[53],NVP_TRACE_HOST_READ_MUX/diag_rsp_rdata_reg[21]/D,READOUT_PATH
NVP_I2C_R2_OBSERVER/context_read_data[54],NVP_TRACE_HOST_READ_MUX/diag_rsp_rdata_reg[22]/D,READOUT_PATH
NVP_I2C_R2_OBSERVER/context_read_data[55],NVP_TRACE_HOST_READ_MUX/diag_rsp_rdata_reg[23]/D,READOUT_PATH
NVP_I2C_R2_OBSERVER/context_read_data[56],NVP_TRACE_HOST_READ_MUX/diag_rsp_rdata_reg[24]/D,READOUT_PATH
NVP_I2C_R2_OBSERVER/context_read_data[57],NVP_TRACE_HOST_READ_MUX/diag_rsp_rdata_reg[25]/D,READOUT_PATH
NVP_I2C_R2_OBSERVER/context_read_data[58],NVP_TRACE_HOST_READ_MUX/diag_rsp_rdata_reg[26]/D,READOUT_PATH
NVP_I2C_R2_OBSERVER/context_read_data[59],NVP_TRACE_HOST_READ_MUX/diag_rsp_rdata_reg[27]/D,READOUT_PATH
NVP_I2C_R2_OBSERVER/context_read_data[5],NVP_TRACE_HOST_READ_MUX/diag_rsp_rdata_reg[5]/D,READOUT_PATH
NVP_I2C_R2_OBSERVER/context_read_data[60],NVP_TRACE_HOST_READ_MUX/diag_rsp_rdata_reg[28]/D,READOUT_PATH
NVP_I2C_R2_OBSERVER/context_read_data[61],NVP_TRACE_HOST_READ_MUX/diag_rsp_rdata_reg[29]/D,READOUT_PATH
NVP_I2C_R2_OBSERVER/context_read_data[62],NVP_TRACE_HOST_READ_MUX/diag_rsp_rdata_reg[30]/D,READOUT_PATH
NVP_I2C_R2_OBSERVER/context_read_data[63],NVP_TRACE_HOST_READ_MUX/diag_rsp_rdata_reg[31]/D,READOUT_PATH
NVP_I2C_R2_OBSERVER/context_read_data[64],NVP_TRACE_HOST_READ_MUX/diag_rsp_rdata_reg[0]/D,READOUT_PATH
NVP_I2C_R2_OBSERVER/context_read_data[65],NVP_TRACE_HOST_READ_MUX/diag_rsp_rdata_reg[1]/D,READOUT_PATH
NVP_I2C_R2_OBSERVER/context_read_data[66],NVP_TRACE_HOST_READ_MUX/diag_rsp_rdata_reg[2]/D,READOUT_PATH
NVP_I2C_R2_OBSERVER/context_read_data[67],NVP_TRACE_HOST_READ_MUX/diag_rsp_rdata_reg[3]/D,READOUT_PATH
NVP_I2C_R2_OBSERVER/context_read_data[68],NVP_TRACE_HOST_READ_MUX/diag_rsp_rdata_reg[4]/D,READOUT_PATH
NVP_I2C_R2_OBSERVER/context_read_data[69],NVP_TRACE_HOST_READ_MUX/diag_rsp_rdata_reg[5]/D,READOUT_PATH
NVP_I2C_R2_OBSERVER/context_read_data[6],NVP_TRACE_HOST_READ_MUX/diag_rsp_rdata_reg[6]/D,READOUT_PATH
NVP_I2C_R2_OBSERVER/context_read_data[70],NVP_TRACE_HOST_READ_MUX/diag_rsp_rdata_reg[6]/D,READOUT_PATH
NVP_I2C_R2_OBSERVER/context_read_data[71],NVP_TRACE_HOST_READ_MUX/diag_rsp_rdata_reg[7]/D,READOUT_PATH
NVP_I2C_R2_OBSERVER/context_read_data[72],NVP_TRACE_HOST_READ_MUX/diag_rsp_rdata_reg[8]/D,READOUT_PATH
NVP_I2C_R2_OBSERVER/context_read_data[73],NVP_TRACE_HOST_READ_MUX/diag_rsp_rdata_reg[9]/D,READOUT_PATH
NVP_I2C_R2_OBSERVER/context_read_data[74],NVP_TRACE_HOST_READ_MUX/diag_rsp_rdata_reg[10]/D,READOUT_PATH
NVP_I2C_R2_OBSERVER/context_read_data[75],NVP_TRACE_HOST_READ_MUX/diag_rsp_rdata_reg[11]/D,READOUT_PATH
NVP_I2C_R2_OBSERVER/context_read_data[76],NVP_TRACE_HOST_READ_MUX/diag_rsp_rdata_reg[12]/D,READOUT_PATH
NVP_I2C_R2_OBSERVER/context_read_data[77],NVP_TRACE_HOST_READ_MUX/diag_rsp_rdata_reg[13]/D,READOUT_PATH
NVP_I2C_R2_OBSERVER/context_read_data[78],NVP_TRACE_HOST_READ_MUX/diag_rsp_rdata_reg[14]/D,READOUT_PATH
NVP_I2C_R2_OBSERVER/context_read_data[79],NVP_TRACE_HOST_READ_MUX/diag_rsp_rdata_reg[15]/D,READOUT_PATH
NVP_I2C_R2_OBSERVER/context_read_data[7],NVP_TRACE_HOST_READ_MUX/diag_rsp_rdata_reg[7]/D,READOUT_PATH
NVP_I2C_R2_OBSERVER/context_read_data[80],NVP_TRACE_HOST_READ_MUX/diag_rsp_rdata_reg[16]/D,READOUT_PATH
NVP_I2C_R2_OBSERVER/context_read_data[81],NVP_TRACE_HOST_READ_MUX/diag_rsp_rdata_reg[17]/D,READOUT_PATH
NVP_I2C_R2_OBSERVER/context_read_data[82],NVP_TRACE_HOST_READ_MUX/diag_rsp_rdata_reg[18]/D,READOUT_PATH
NVP_I2C_R2_OBSERVER/context_read_data[83],NVP_TRACE_HOST_READ_MUX/diag_rsp_rdata_reg[19]/D,READOUT_PATH
NVP_I2C_R2_OBSERVER/context_read_data[84],NVP_TRACE_HOST_READ_MUX/diag_rsp_rdata_reg[20]/D,READOUT_PATH
NVP_I2C_R2_OBSERVER/context_read_data[85],NVP_TRACE_HOST_READ_MUX/diag_rsp_rdata_reg[21]/D,READOUT_PATH
NVP_I2C_R2_OBSERVER/context_read_data[86],NVP_TRACE_HOST_READ_MUX/diag_rsp_rdata_reg[22]/D,READOUT_PATH
NVP_I2C_R2_OBSERVER/context_read_data[87],NVP_TRACE_HOST_READ_MUX/diag_rsp_rdata_reg[23]/D,READOUT_PATH
NVP_I2C_R2_OBSERVER/context_read_data[88],NVP_TRACE_HOST_READ_MUX/diag_rsp_rdata_reg[24]/D,READOUT_PATH
NVP_I2C_R2_OBSERVER/context_read_data[89],NVP_TRACE_HOST_READ_MUX/diag_rsp_rdata_reg[25]/D,READOUT_PATH
NVP_I2C_R2_OBSERVER/context_read_data[8],NVP_TRACE_HOST_READ_MUX/diag_rsp_rdata_reg[8]/D,READOUT_PATH
NVP_I2C_R2_OBSERVER/context_read_data[90],NVP_TRACE_HOST_READ_MUX/diag_rsp_rdata_reg[26]/D,READOUT_PATH
NVP_I2C_R2_OBSERVER/context_read_data[91],NVP_TRACE_HOST_READ_MUX/diag_rsp_rdata_reg[27]/D,READOUT_PATH
NVP_I2C_R2_OBSERVER/context_read_data[92],NVP_TRACE_HOST_READ_MUX/diag_rsp_rdata_reg[28]/D,READOUT_PATH
NVP_I2C_R2_OBSERVER/context_read_data[93],NVP_TRACE_HOST_READ_MUX/diag_rsp_rdata_reg[29]/D,READOUT_PATH
NVP_I2C_R2_OBSERVER/context_read_data[94],NVP_TRACE_HOST_READ_MUX/diag_rsp_rdata_reg[30]/D,READOUT_PATH
NVP_I2C_R2_OBSERVER/context_read_data[95],NVP_TRACE_HOST_READ_MUX/diag_rsp_rdata_reg[31]/D,READOUT_PATH
NVP_I2C_R2_OBSERVER/context_read_data[96],NVP_TRACE_HOST_READ_MUX/diag_rsp_rdata_reg[0]/D,READOUT_PATH
NVP_I2C_R2_OBSERVER/context_read_data[97],NVP_TRACE_HOST_READ_MUX/diag_rsp_rdata_reg[1]/D,READOUT_PATH
NVP_I2C_R2_OBSERVER/context_read_data[98],NVP_TRACE_HOST_READ_MUX/diag_rsp_rdata_reg[2]/D,READOUT_PATH
NVP_I2C_R2_OBSERVER/context_read_data[99],NVP_TRACE_HOST_READ_MUX/diag_rsp_rdata_reg[3]/D,READOUT_PATH
NVP_I2C_R2_OBSERVER/context_read_data[9],NVP_TRACE_HOST_READ_MUX/diag_rsp_rdata_reg[9]/D,READOUT_PATH
NVP_I2C_R2_OBSERVER/context_total_ticks[0],NVP_TRACE_HOST_READ_MUX/diag_rsp_rdata_reg[0]/D,READOUT_PATH
NVP_I2C_R2_OBSERVER/context_total_ticks[10],NVP_TRACE_HOST_READ_MUX/diag_rsp_rdata_reg[10]/D,READOUT_PATH
NVP_I2C_R2_OBSERVER/context_total_ticks[11],NVP_TRACE_HOST_READ_MUX/diag_rsp_rdata_reg[11]/D,READOUT_PATH
NVP_I2C_R2_OBSERVER/context_total_ticks[12],NVP_TRACE_HOST_READ_MUX/diag_rsp_rdata_reg[12]/D,READOUT_PATH
NVP_I2C_R2_OBSERVER/context_total_ticks[13],NVP_TRACE_HOST_READ_MUX/diag_rsp_rdata_reg[13]/D,READOUT_PATH
NVP_I2C_R2_OBSERVER/context_total_ticks[14],NVP_TRACE_HOST_READ_MUX/diag_rsp_rdata_reg[14]/D,READOUT_PATH
NVP_I2C_R2_OBSERVER/context_total_ticks[15],NVP_TRACE_HOST_READ_MUX/diag_rsp_rdata_reg[15]/D,READOUT_PATH
NVP_I2C_R2_OBSERVER/context_total_ticks[16],NVP_TRACE_HOST_READ_MUX/diag_rsp_rdata_reg[16]/D,READOUT_PATH
NVP_I2C_R2_OBSERVER/context_total_ticks[17],NVP_TRACE_HOST_READ_MUX/diag_rsp_rdata_reg[17]/D,READOUT_PATH
NVP_I2C_R2_OBSERVER/context_total_ticks[18],NVP_TRACE_HOST_READ_MUX/diag_rsp_rdata_reg[18]/D,READOUT_PATH
NVP_I2C_R2_OBSERVER/context_total_ticks[19],NVP_TRACE_HOST_READ_MUX/diag_rsp_rdata_reg[19]/D,READOUT_PATH
NVP_I2C_R2_OBSERVER/context_total_ticks[1],NVP_TRACE_HOST_READ_MUX/diag_rsp_rdata_reg[1]/D,READOUT_PATH
NVP_I2C_R2_OBSERVER/context_total_ticks[20],NVP_TRACE_HOST_READ_MUX/diag_rsp_rdata_reg[20]/D,READOUT_PATH
NVP_I2C_R2_OBSERVER/context_total_ticks[21],NVP_TRACE_HOST_READ_MUX/diag_rsp_rdata_reg[21]/D,READOUT_PATH
NVP_I2C_R2_OBSERVER/context_total_ticks[22],NVP_TRACE_HOST_READ_MUX/diag_rsp_rdata_reg[22]/D,READOUT_PATH
NVP_I2C_R2_OBSERVER/context_total_ticks[23],NVP_TRACE_HOST_READ_MUX/diag_rsp_rdata_reg[23]/D,READOUT_PATH
NVP_I2C_R2_OBSERVER/context_total_ticks[24],NVP_TRACE_HOST_READ_MUX/diag_rsp_rdata_reg[24]/D,READOUT_PATH
NVP_I2C_R2_OBSERVER/context_total_ticks[25],NVP_TRACE_HOST_READ_MUX/diag_rsp_rdata_reg[25]/D,READOUT_PATH
NVP_I2C_R2_OBSERVER/context_total_ticks[26],NVP_TRACE_HOST_READ_MUX/diag_rsp_rdata_reg[26]/D,READOUT_PATH
NVP_I2C_R2_OBSERVER/context_total_ticks[27],NVP_TRACE_HOST_READ_MUX/diag_rsp_rdata_reg[27]/D,READOUT_PATH
NVP_I2C_R2_OBSERVER/context_total_ticks[28],NVP_TRACE_HOST_READ_MUX/diag_rsp_rdata_reg[28]/D,READOUT_PATH
NVP_I2C_R2_OBSERVER/context_total_ticks[29],NVP_TRACE_HOST_READ_MUX/diag_rsp_rdata_reg[29]/D,READOUT_PATH
NVP_I2C_R2_OBSERVER/context_total_ticks[29],NVP_TRACE_HOST_READ_MUX/diag_rsp_rdata[29]_i_17/I5,READOUT_PATH
NVP_I2C_R2_OBSERVER/context_total_ticks[2],NVP_TRACE_HOST_READ_MUX/diag_rsp_rdata_reg[2]/D,READOUT_PATH
NVP_I2C_R2_OBSERVER/context_total_ticks[30],NVP_TRACE_HOST_READ_MUX/diag_rsp_rdata_reg[30]/D,READOUT_PATH
NVP_I2C_R2_OBSERVER/context_total_ticks[31],NVP_TRACE_HOST_READ_MUX/diag_rsp_rdata_reg[31]/D,READOUT_PATH
NVP_I2C_R2_OBSERVER/context_total_ticks[3],NVP_TRACE_HOST_READ_MUX/diag_rsp_rdata_reg[3]/D,READOUT_PATH
NVP_I2C_R2_OBSERVER/context_total_ticks[4],NVP_TRACE_HOST_READ_MUX/diag_rsp_rdata_reg[4]/D,READOUT_PATH
NVP_I2C_R2_OBSERVER/context_total_ticks[5],NVP_TRACE_HOST_READ_MUX/diag_rsp_rdata_reg[5]/D,READOUT_PATH
NVP_I2C_R2_OBSERVER/context_total_ticks[6],NVP_TRACE_HOST_READ_MUX/diag_rsp_rdata_reg[6]/D,READOUT_PATH
NVP_I2C_R2_OBSERVER/context_total_ticks[6],NVP_TRACE_HOST_READ_MUX/diag_rsp_rdata[6]_i_13/I4,READOUT_PATH
NVP_I2C_R2_OBSERVER/context_total_ticks[7],NVP_TRACE_HOST_READ_MUX/diag_rsp_rdata_reg[7]/D,READOUT_PATH
NVP_I2C_R2_OBSERVER/context_total_ticks[8],NVP_TRACE_HOST_READ_MUX/diag_rsp_rdata_reg[8]/D,READOUT_PATH
NVP_I2C_R2_OBSERVER/context_total_ticks[9],NVP_TRACE_HOST_READ_MUX/diag_rsp_rdata_reg[9]/D,READOUT_PATH
NVP_I2C_R2_OBSERVER/context_trigger_reason[0],NVP_TRACE_HOST_READ_MUX/diag_rsp_rdata_reg[0]/D,READOUT_PATH
NVP_I2C_R2_OBSERVER/context_trigger_reason[0],NVP_TRACE_HOST_READ_MUX/diag_rsp_rdata_reg[1]/D,READOUT_PATH
NVP_I2C_R2_OBSERVER/context_trigger_reason[1],NVP_TRACE_HOST_READ_MUX/diag_rsp_rdata_reg[1]/D,READOUT_PATH
NVP_I2C_R2_OBSERVER/context_valid_count[0],NVP_TRACE_HOST_READ_MUX/diag_rsp_rdata_reg[29]/D,READOUT_PATH
NVP_I2C_R2_OBSERVER/context_valid_count[0],NVP_TRACE_HOST_READ_MUX/diag_rsp_rdata_reg[9]/CE,READOUT_PATH
NVP_I2C_R2_OBSERVER/context_valid_count[0],NVP_TRACE_HOST_READ_MUX/diag_rsp_rdata_reg[8]/CE,READOUT_PATH
NVP_I2C_R2_OBSERVER/context_valid_count[0],NVP_TRACE_HOST_READ_MUX/diag_rsp_rdata_reg[7]/CE,READOUT_PATH
NVP_I2C_R2_OBSERVER/context_valid_count[0],NVP_TRACE_HOST_READ_MUX/diag_rsp_rdata_reg[6]/CE,READOUT_PATH
NVP_I2C_R2_OBSERVER/context_valid_count[0],NVP_TRACE_HOST_READ_MUX/diag_rsp_rdata_reg[5]/CE,READOUT_PATH
NVP_I2C_R2_OBSERVER/context_valid_count[0],NVP_TRACE_HOST_READ_MUX/diag_rsp_rdata_reg[4]/CE,READOUT_PATH
NVP_I2C_R2_OBSERVER/context_valid_count[0],NVP_TRACE_HOST_READ_MUX/diag_rsp_rdata_reg[3]/CE,READOUT_PATH
NVP_I2C_R2_OBSERVER/context_valid_count[0],NVP_TRACE_HOST_READ_MUX/diag_rsp_rdata_reg[31]/CE,READOUT_PATH
NVP_I2C_R2_OBSERVER/context_valid_count[0],NVP_TRACE_HOST_READ_MUX/diag_rsp_rdata_reg[30]/CE,READOUT_PATH
NVP_I2C_R2_OBSERVER/context_valid_count[0],NVP_TRACE_HOST_READ_MUX/diag_rsp_rdata_reg[2]/CE,READOUT_PATH
NVP_I2C_R2_OBSERVER/context_valid_count[0],NVP_TRACE_HOST_READ_MUX/diag_rsp_rdata_reg[28]/CE,READOUT_PATH
NVP_I2C_R2_OBSERVER/context_valid_count[0],NVP_TRACE_HOST_READ_MUX/diag_rsp_rdata_reg[27]/CE,READOUT_PATH
NVP_I2C_R2_OBSERVER/context_valid_count[0],NVP_TRACE_HOST_READ_MUX/diag_rsp_rdata_reg[26]/CE,READOUT_PATH
NVP_I2C_R2_OBSERVER/context_valid_count[0],NVP_TRACE_HOST_READ_MUX/diag_rsp_rdata_reg[25]/CE,READOUT_PATH
NVP_I2C_R2_OBSERVER/context_valid_count[0],NVP_TRACE_HOST_READ_MUX/diag_rsp_rdata_reg[24]/CE,READOUT_PATH
NVP_I2C_R2_OBSERVER/context_valid_count[0],NVP_TRACE_HOST_READ_MUX/diag_rsp_rdata_reg[23]/CE,READOUT_PATH
NVP_I2C_R2_OBSERVER/context_valid_count[0],NVP_TRACE_HOST_READ_MUX/diag_rsp_rdata_reg[22]/CE,READOUT_PATH
NVP_I2C_R2_OBSERVER/context_valid_count[0],NVP_TRACE_HOST_READ_MUX/diag_rsp_rdata_reg[21]/CE,READOUT_PATH
NVP_I2C_R2_OBSERVER/context_valid_count[0],NVP_TRACE_HOST_READ_MUX/diag_rsp_rdata_reg[20]/CE,READOUT_PATH
NVP_I2C_R2_OBSERVER/context_valid_count[0],NVP_TRACE_HOST_READ_MUX/diag_rsp_rdata_reg[1]/CE,READOUT_PATH
NVP_I2C_R2_OBSERVER/context_valid_count[0],NVP_TRACE_HOST_READ_MUX/diag_rsp_rdata_reg[19]/CE,READOUT_PATH
NVP_I2C_R2_OBSERVER/context_valid_count[0],NVP_TRACE_HOST_READ_MUX/diag_rsp_rdata_reg[18]/CE,READOUT_PATH
NVP_I2C_R2_OBSERVER/context_valid_count[0],NVP_TRACE_HOST_READ_MUX/diag_rsp_rdata_reg[17]/CE,READOUT_PATH
NVP_I2C_R2_OBSERVER/context_valid_count[0],NVP_TRACE_HOST_READ_MUX/diag_rsp_rdata_reg[16]/CE,READOUT_PATH
NVP_I2C_R2_OBSERVER/context_valid_count[0],NVP_TRACE_HOST_READ_MUX/diag_rsp_rdata_reg[15]/CE,READOUT_PATH
NVP_I2C_R2_OBSERVER/context_valid_count[0],NVP_TRACE_HOST_READ_MUX/diag_rsp_rdata_reg[14]/CE,READOUT_PATH
NVP_I2C_R2_OBSERVER/context_valid_count[0],NVP_TRACE_HOST_READ_MUX/diag_rsp_rdata_reg[13]/CE,READOUT_PATH
NVP_I2C_R2_OBSERVER/context_valid_count[0],NVP_TRACE_HOST_READ_MUX/diag_rsp_rdata_reg[12]/CE,READOUT_PATH
NVP_I2C_R2_OBSERVER/context_valid_count[0],NVP_TRACE_HOST_READ_MUX/diag_rsp_rdata_reg[11]/CE,READOUT_PATH
NVP_I2C_R2_OBSERVER/context_valid_count[0],NVP_TRACE_HOST_READ_MUX/diag_rsp_rdata_reg[10]/CE,READOUT_PATH
NVP_I2C_R2_OBSERVER/context_valid_count[0],NVP_TRACE_HOST_READ_MUX/diag_rsp_rdata_reg[0]/CE,READOUT_PATH
NVP_I2C_R2_OBSERVER/context_valid_count[0],NVP_TRACE_HOST_READ_MUX/diag_rsp_valid_reg/D,READOUT_PATH
NVP_I2C_R2_OBSERVER/context_valid_count[0],NVP_TRACE_HOST_READ_MUX/read_wait_reg[0]/D,READOUT_PATH
NVP_I2C_R2_OBSERVER/context_valid_count[0],NVP_TRACE_HOST_READ_MUX/diag_rsp_rdata_reg[31]/D,READOUT_PATH
NVP_I2C_R2_OBSERVER/context_valid_count[0],NVP_TRACE_HOST_READ_MUX/diag_rsp_rdata_reg[23]/D,READOUT_PATH
NVP_I2C_R2_OBSERVER/context_valid_count[0],NVP_TRACE_HOST_READ_MUX/diag_rsp_rdata_reg[22]/D,READOUT_PATH
NVP_I2C_R2_OBSERVER/context_valid_count[0],NVP_TRACE_HOST_READ_MUX/diag_rsp_rdata_reg[21]/D,READOUT_PATH
NVP_I2C_R2_OBSERVER/context_valid_count[0],NVP_TRACE_HOST_READ_MUX/diag_rsp_rdata_reg[18]/D,READOUT_PATH
NVP_I2C_R2_OBSERVER/context_valid_count[0],NVP_TRACE_HOST_READ_MUX/diag_rsp_rdata_reg[15]/D,READOUT_PATH
NVP_I2C_R2_OBSERVER/context_valid_count[0],NVP_TRACE_HOST_READ_MUX/diag_rsp_rdata_reg[12]/D,READOUT_PATH
NVP_I2C_R2_OBSERVER/context_valid_count[0],NVP_TRACE_HOST_READ_MUX/diag_rsp_rdata_reg[11]/D,READOUT_PATH
NVP_I2C_R2_OBSERVER/context_valid_count[0],NVP_TRACE_HOST_READ_MUX/read_word_select_reg[2]/D,READOUT_PATH
NVP_I2C_R2_OBSERVER/context_valid_count[0],NVP_TRACE_HOST_READ_MUX/diag_rsp_rdata_reg[9]/D,READOUT_PATH
NVP_I2C_R2_OBSERVER/context_valid_count[0],NVP_TRACE_HOST_READ_MUX/diag_rsp_rdata_reg[8]/D,READOUT_PATH
NVP_I2C_R2_OBSERVER/context_valid_count[0],NVP_TRACE_HOST_READ_MUX/diag_rsp_rdata_reg[7]/D,READOUT_PATH
NVP_I2C_R2_OBSERVER/context_valid_count[0],NVP_TRACE_HOST_READ_MUX/diag_rsp_rdata_reg[6]/D,READOUT_PATH
NVP_I2C_R2_OBSERVER/context_valid_count[0],NVP_TRACE_HOST_READ_MUX/diag_rsp_rdata_reg[5]/D,READOUT_PATH
NVP_I2C_R2_OBSERVER/context_valid_count[0],NVP_TRACE_HOST_READ_MUX/diag_rsp_rdata_reg[4]/D,READOUT_PATH
NVP_I2C_R2_OBSERVER/context_valid_count[0],NVP_TRACE_HOST_READ_MUX/diag_rsp_rdata_reg[3]/D,READOUT_PATH
NVP_I2C_R2_OBSERVER/context_valid_count[0],NVP_TRACE_HOST_READ_MUX/diag_rsp_rdata_reg[30]/D,READOUT_PATH
NVP_I2C_R2_OBSERVER/context_valid_count[0],NVP_TRACE_HOST_READ_MUX/diag_rsp_rdata_reg[2]/D,READOUT_PATH
NVP_I2C_R2_OBSERVER/context_valid_count[0],NVP_TRACE_HOST_READ_MUX/diag_rsp_rdata_reg[27]/D,READOUT_PATH
NVP_I2C_R2_OBSERVER/context_valid_count[0],NVP_TRACE_HOST_READ_MUX/diag_rsp_rdata_reg[26]/D,READOUT_PATH
NVP_I2C_R2_OBSERVER/context_valid_count[0],NVP_TRACE_HOST_READ_MUX/diag_rsp_rdata_reg[25]/D,READOUT_PATH
NVP_I2C_R2_OBSERVER/context_valid_count[0],NVP_TRACE_HOST_READ_MUX/diag_rsp_rdata_reg[1]/D,READOUT_PATH
NVP_I2C_R2_OBSERVER/context_valid_count[0],NVP_TRACE_HOST_READ_MUX/diag_rsp_rdata_reg[19]/D,READOUT_PATH
NVP_I2C_R2_OBSERVER/context_valid_count[0],NVP_TRACE_HOST_READ_MUX/diag_rsp_rdata_reg[14]/D,READOUT_PATH
NVP_I2C_R2_OBSERVER/context_valid_count[0],NVP_TRACE_HOST_READ_MUX/diag_rsp_rdata_reg[10]/D,READOUT_PATH
NVP_I2C_R2_OBSERVER/context_valid_count[0],NVP_TRACE_HOST_READ_MUX/diag_rsp_rdata_reg[0]/D,READOUT_PATH
NVP_I2C_R2_OBSERVER/context_valid_count[0],NVP_TRACE_HOST_READ_MUX/shadow_read_enable_reg/D,READOUT_PATH
NVP_I2C_R2_OBSERVER/context_valid_count[0],NVP_TRACE_HOST_READ_MUX/shadow_read_address_reg[7]/CE,READOUT_PATH
NVP_I2C_R2_OBSERVER/context_valid_count[0],NVP_TRACE_HOST_READ_MUX/shadow_read_address_reg[6]/CE,READOUT_PATH
NVP_I2C_R2_OBSERVER/context_valid_count[0],NVP_TRACE_HOST_READ_MUX/shadow_read_address_reg[5]/CE,READOUT_PATH
NVP_I2C_R2_OBSERVER/context_valid_count[0],NVP_TRACE_HOST_READ_MUX/shadow_read_address_reg[4]/CE,READOUT_PATH
NVP_I2C_R2_OBSERVER/context_valid_count[0],NVP_TRACE_HOST_READ_MUX/shadow_read_address_reg[3]/CE,READOUT_PATH
NVP_I2C_R2_OBSERVER/context_valid_count[0],NVP_TRACE_HOST_READ_MUX/shadow_read_address_reg[2]/CE,READOUT_PATH
NVP_I2C_R2_OBSERVER/context_valid_count[0],NVP_TRACE_HOST_READ_MUX/shadow_read_address_reg[1]/CE,READOUT_PATH
NVP_I2C_R2_OBSERVER/context_valid_count[0],NVP_TRACE_HOST_READ_MUX/shadow_read_address_reg[0]/CE,READOUT_PATH
NVP_I2C_R2_OBSERVER/context_valid_count[0],NVP_TRACE_HOST_READ_MUX/diag_rsp_rdata_reg[28]/D,READOUT_PATH
NVP_I2C_R2_OBSERVER/context_valid_count[0],NVP_TRACE_HOST_READ_MUX/diag_rsp_rdata_reg[24]/D,READOUT_PATH
NVP_I2C_R2_OBSERVER/context_valid_count[0],NVP_TRACE_HOST_READ_MUX/diag_rsp_rdata_reg[20]/D,READOUT_PATH
NVP_I2C_R2_OBSERVER/context_valid_count[0],NVP_TRACE_HOST_READ_MUX/diag_rsp_rdata_reg[17]/D,READOUT_PATH
NVP_I2C_R2_OBSERVER/context_valid_count[0],NVP_TRACE_HOST_READ_MUX/diag_rsp_rdata_reg[16]/D,READOUT_PATH
NVP_I2C_R2_OBSERVER/context_valid_count[0],NVP_TRACE_HOST_READ_MUX/diag_rsp_rdata_reg[13]/D,READOUT_PATH
NVP_I2C_R2_OBSERVER/context_valid_count[0],NVP_TRACE_HOST_READ_MUX/read_kind_reg[1]/D,READOUT_PATH
NVP_I2C_R2_OBSERVER/context_valid_count[0],NVP_TRACE_HOST_READ_MUX/read_kind_reg[0]/D,READOUT_PATH
NVP_I2C_R2_OBSERVER/context_valid_count[0],NVP_TRACE_HOST_READ_MUX/read_word_select_reg[1]/D,READOUT_PATH
NVP_I2C_R2_OBSERVER/context_valid_count[0],NVP_TRACE_HOST_READ_MUX/read_word_select_reg[0]/D,READOUT_PATH
NVP_I2C_R2_OBSERVER/context_valid_count[0],NVP_TRACE_HOST_READ_MUX/read_wait_reg[1]/D,READOUT_PATH
NVP_I2C_R2_OBSERVER/context_valid_count[0],NVP_TRACE_HOST_READ_MUX/context_read_enable_reg/D,READOUT_PATH
NVP_I2C_R2_OBSERVER/context_valid_count[0],NVP_TRACE_HOST_READ_MUX/context_read_address_reg[8]/CE,READOUT_PATH
NVP_I2C_R2_OBSERVER/context_valid_count[0],NVP_TRACE_HOST_READ_MUX/context_read_address_reg[7]/CE,READOUT_PATH
NVP_I2C_R2_OBSERVER/context_valid_count[0],NVP_TRACE_HOST_READ_MUX/context_read_address_reg[6]/CE,READOUT_PATH
NVP_I2C_R2_OBSERVER/context_valid_count[0],NVP_TRACE_HOST_READ_MUX/context_read_address_reg[5]/CE,READOUT_PATH
NVP_I2C_R2_OBSERVER/context_valid_count[0],NVP_TRACE_HOST_READ_MUX/context_read_address_reg[4]/CE,READOUT_PATH
NVP_I2C_R2_OBSERVER/context_valid_count[0],NVP_TRACE_HOST_READ_MUX/context_read_address_reg[3]/CE,READOUT_PATH
NVP_I2C_R2_OBSERVER/context_valid_count[0],NVP_TRACE_HOST_READ_MUX/context_read_address_reg[2]/CE,READOUT_PATH
NVP_I2C_R2_OBSERVER/context_valid_count[0],NVP_TRACE_HOST_READ_MUX/context_read_address_reg[1]/CE,READOUT_PATH
NVP_I2C_R2_OBSERVER/context_valid_count[0],NVP_TRACE_HOST_READ_MUX/context_read_address_reg[0]/CE,READOUT_PATH
NVP_I2C_R2_OBSERVER/context_valid_count[1],NVP_TRACE_HOST_READ_MUX/diag_rsp_rdata_reg[29]/D,READOUT_PATH
NVP_I2C_R2_OBSERVER/context_valid_count[1],NVP_TRACE_HOST_READ_MUX/diag_rsp_rdata_reg[9]/CE,READOUT_PATH
NVP_I2C_R2_OBSERVER/context_valid_count[1],NVP_TRACE_HOST_READ_MUX/diag_rsp_rdata_reg[8]/CE,READOUT_PATH
NVP_I2C_R2_OBSERVER/context_valid_count[1],NVP_TRACE_HOST_READ_MUX/diag_rsp_rdata_reg[7]/CE,READOUT_PATH
NVP_I2C_R2_OBSERVER/context_valid_count[1],NVP_TRACE_HOST_READ_MUX/diag_rsp_rdata_reg[6]/CE,READOUT_PATH
NVP_I2C_R2_OBSERVER/context_valid_count[1],NVP_TRACE_HOST_READ_MUX/diag_rsp_rdata_reg[5]/CE,READOUT_PATH
NVP_I2C_R2_OBSERVER/context_valid_count[1],NVP_TRACE_HOST_READ_MUX/diag_rsp_rdata_reg[4]/CE,READOUT_PATH
NVP_I2C_R2_OBSERVER/context_valid_count[1],NVP_TRACE_HOST_READ_MUX/diag_rsp_rdata_reg[3]/CE,READOUT_PATH
NVP_I2C_R2_OBSERVER/context_valid_count[1],NVP_TRACE_HOST_READ_MUX/diag_rsp_rdata_reg[31]/CE,READOUT_PATH
NVP_I2C_R2_OBSERVER/context_valid_count[1],NVP_TRACE_HOST_READ_MUX/diag_rsp_rdata_reg[30]/CE,READOUT_PATH
NVP_I2C_R2_OBSERVER/context_valid_count[1],NVP_TRACE_HOST_READ_MUX/diag_rsp_rdata_reg[2]/CE,READOUT_PATH
NVP_I2C_R2_OBSERVER/context_valid_count[1],NVP_TRACE_HOST_READ_MUX/diag_rsp_rdata_reg[28]/CE,READOUT_PATH
NVP_I2C_R2_OBSERVER/context_valid_count[1],NVP_TRACE_HOST_READ_MUX/diag_rsp_rdata_reg[27]/CE,READOUT_PATH
NVP_I2C_R2_OBSERVER/context_valid_count[1],NVP_TRACE_HOST_READ_MUX/diag_rsp_rdata_reg[26]/CE,READOUT_PATH
NVP_I2C_R2_OBSERVER/context_valid_count[1],NVP_TRACE_HOST_READ_MUX/diag_rsp_rdata_reg[25]/CE,READOUT_PATH
NVP_I2C_R2_OBSERVER/context_valid_count[1],NVP_TRACE_HOST_READ_MUX/diag_rsp_rdata_reg[24]/CE,READOUT_PATH
NVP_I2C_R2_OBSERVER/context_valid_count[1],NVP_TRACE_HOST_READ_MUX/diag_rsp_rdata_reg[23]/CE,READOUT_PATH
NVP_I2C_R2_OBSERVER/context_valid_count[1],NVP_TRACE_HOST_READ_MUX/diag_rsp_rdata_reg[22]/CE,READOUT_PATH
NVP_I2C_R2_OBSERVER/context_valid_count[1],NVP_TRACE_HOST_READ_MUX/diag_rsp_rdata_reg[21]/CE,READOUT_PATH
NVP_I2C_R2_OBSERVER/context_valid_count[1],NVP_TRACE_HOST_READ_MUX/diag_rsp_rdata_reg[20]/CE,READOUT_PATH
NVP_I2C_R2_OBSERVER/context_valid_count[1],NVP_TRACE_HOST_READ_MUX/diag_rsp_rdata_reg[1]/CE,READOUT_PATH
NVP_I2C_R2_OBSERVER/context_valid_count[1],NVP_TRACE_HOST_READ_MUX/diag_rsp_rdata_reg[19]/CE,READOUT_PATH
NVP_I2C_R2_OBSERVER/context_valid_count[1],NVP_TRACE_HOST_READ_MUX/diag_rsp_rdata_reg[18]/CE,READOUT_PATH
NVP_I2C_R2_OBSERVER/context_valid_count[1],NVP_TRACE_HOST_READ_MUX/diag_rsp_rdata_reg[17]/CE,READOUT_PATH
NVP_I2C_R2_OBSERVER/context_valid_count[1],NVP_TRACE_HOST_READ_MUX/diag_rsp_rdata_reg[16]/CE,READOUT_PATH
NVP_I2C_R2_OBSERVER/context_valid_count[1],NVP_TRACE_HOST_READ_MUX/diag_rsp_rdata_reg[15]/CE,READOUT_PATH
NVP_I2C_R2_OBSERVER/context_valid_count[1],NVP_TRACE_HOST_READ_MUX/diag_rsp_rdata_reg[14]/CE,READOUT_PATH
NVP_I2C_R2_OBSERVER/context_valid_count[1],NVP_TRACE_HOST_READ_MUX/diag_rsp_rdata_reg[13]/CE,READOUT_PATH
NVP_I2C_R2_OBSERVER/context_valid_count[1],NVP_TRACE_HOST_READ_MUX/diag_rsp_rdata_reg[12]/CE,READOUT_PATH
NVP_I2C_R2_OBSERVER/context_valid_count[1],NVP_TRACE_HOST_READ_MUX/diag_rsp_rdata_reg[11]/CE,READOUT_PATH
NVP_I2C_R2_OBSERVER/context_valid_count[1],NVP_TRACE_HOST_READ_MUX/diag_rsp_rdata_reg[10]/CE,READOUT_PATH
NVP_I2C_R2_OBSERVER/context_valid_count[1],NVP_TRACE_HOST_READ_MUX/diag_rsp_rdata_reg[0]/CE,READOUT_PATH
NVP_I2C_R2_OBSERVER/context_valid_count[1],NVP_TRACE_HOST_READ_MUX/diag_rsp_valid_reg/D,READOUT_PATH
NVP_I2C_R2_OBSERVER/context_valid_count[1],NVP_TRACE_HOST_READ_MUX/read_wait_reg[0]/D,READOUT_PATH
NVP_I2C_R2_OBSERVER/context_valid_count[1],NVP_TRACE_HOST_READ_MUX/diag_rsp_rdata_reg[31]/D,READOUT_PATH
NVP_I2C_R2_OBSERVER/context_valid_count[1],NVP_TRACE_HOST_READ_MUX/diag_rsp_rdata_reg[23]/D,READOUT_PATH
NVP_I2C_R2_OBSERVER/context_valid_count[1],NVP_TRACE_HOST_READ_MUX/diag_rsp_rdata_reg[22]/D,READOUT_PATH
NVP_I2C_R2_OBSERVER/context_valid_count[1],NVP_TRACE_HOST_READ_MUX/diag_rsp_rdata_reg[21]/D,READOUT_PATH
NVP_I2C_R2_OBSERVER/context_valid_count[1],NVP_TRACE_HOST_READ_MUX/diag_rsp_rdata_reg[18]/D,READOUT_PATH
NVP_I2C_R2_OBSERVER/context_valid_count[1],NVP_TRACE_HOST_READ_MUX/diag_rsp_rdata_reg[15]/D,READOUT_PATH
NVP_I2C_R2_OBSERVER/context_valid_count[1],NVP_TRACE_HOST_READ_MUX/diag_rsp_rdata_reg[12]/D,READOUT_PATH
NVP_I2C_R2_OBSERVER/context_valid_count[1],NVP_TRACE_HOST_READ_MUX/diag_rsp_rdata_reg[11]/D,READOUT_PATH
NVP_I2C_R2_OBSERVER/context_valid_count[1],NVP_TRACE_HOST_READ_MUX/read_word_select_reg[2]/D,READOUT_PATH
NVP_I2C_R2_OBSERVER/context_valid_count[1],NVP_TRACE_HOST_READ_MUX/diag_rsp_rdata_reg[9]/D,READOUT_PATH
NVP_I2C_R2_OBSERVER/context_valid_count[1],NVP_TRACE_HOST_READ_MUX/diag_rsp_rdata_reg[8]/D,READOUT_PATH
NVP_I2C_R2_OBSERVER/context_valid_count[1],NVP_TRACE_HOST_READ_MUX/diag_rsp_rdata_reg[7]/D,READOUT_PATH
NVP_I2C_R2_OBSERVER/context_valid_count[1],NVP_TRACE_HOST_READ_MUX/diag_rsp_rdata_reg[6]/D,READOUT_PATH
NVP_I2C_R2_OBSERVER/context_valid_count[1],NVP_TRACE_HOST_READ_MUX/diag_rsp_rdata_reg[5]/D,READOUT_PATH
NVP_I2C_R2_OBSERVER/context_valid_count[1],NVP_TRACE_HOST_READ_MUX/diag_rsp_rdata_reg[4]/D,READOUT_PATH
NVP_I2C_R2_OBSERVER/context_valid_count[1],NVP_TRACE_HOST_READ_MUX/diag_rsp_rdata_reg[3]/D,READOUT_PATH
NVP_I2C_R2_OBSERVER/context_valid_count[1],NVP_TRACE_HOST_READ_MUX/diag_rsp_rdata_reg[30]/D,READOUT_PATH
NVP_I2C_R2_OBSERVER/context_valid_count[1],NVP_TRACE_HOST_READ_MUX/diag_rsp_rdata_reg[2]/D,READOUT_PATH
NVP_I2C_R2_OBSERVER/context_valid_count[1],NVP_TRACE_HOST_READ_MUX/diag_rsp_rdata_reg[27]/D,READOUT_PATH
NVP_I2C_R2_OBSERVER/context_valid_count[1],NVP_TRACE_HOST_READ_MUX/diag_rsp_rdata_reg[26]/D,READOUT_PATH
NVP_I2C_R2_OBSERVER/context_valid_count[1],NVP_TRACE_HOST_READ_MUX/diag_rsp_rdata_reg[25]/D,READOUT_PATH
NVP_I2C_R2_OBSERVER/context_valid_count[1],NVP_TRACE_HOST_READ_MUX/diag_rsp_rdata_reg[1]/D,READOUT_PATH
NVP_I2C_R2_OBSERVER/context_valid_count[1],NVP_TRACE_HOST_READ_MUX/diag_rsp_rdata_reg[19]/D,READOUT_PATH
NVP_I2C_R2_OBSERVER/context_valid_count[1],NVP_TRACE_HOST_READ_MUX/diag_rsp_rdata_reg[14]/D,READOUT_PATH
NVP_I2C_R2_OBSERVER/context_valid_count[1],NVP_TRACE_HOST_READ_MUX/diag_rsp_rdata_reg[10]/D,READOUT_PATH
NVP_I2C_R2_OBSERVER/context_valid_count[1],NVP_TRACE_HOST_READ_MUX/diag_rsp_rdata_reg[0]/D,READOUT_PATH
NVP_I2C_R2_OBSERVER/context_valid_count[1],NVP_TRACE_HOST_READ_MUX/shadow_read_enable_reg/D,READOUT_PATH
NVP_I2C_R2_OBSERVER/context_valid_count[1],NVP_TRACE_HOST_READ_MUX/shadow_read_address_reg[7]/CE,READOUT_PATH
NVP_I2C_R2_OBSERVER/context_valid_count[1],NVP_TRACE_HOST_READ_MUX/shadow_read_address_reg[6]/CE,READOUT_PATH
NVP_I2C_R2_OBSERVER/context_valid_count[1],NVP_TRACE_HOST_READ_MUX/shadow_read_address_reg[5]/CE,READOUT_PATH
NVP_I2C_R2_OBSERVER/context_valid_count[1],NVP_TRACE_HOST_READ_MUX/shadow_read_address_reg[4]/CE,READOUT_PATH
NVP_I2C_R2_OBSERVER/context_valid_count[1],NVP_TRACE_HOST_READ_MUX/shadow_read_address_reg[3]/CE,READOUT_PATH
NVP_I2C_R2_OBSERVER/context_valid_count[1],NVP_TRACE_HOST_READ_MUX/shadow_read_address_reg[2]/CE,READOUT_PATH
NVP_I2C_R2_OBSERVER/context_valid_count[1],NVP_TRACE_HOST_READ_MUX/shadow_read_address_reg[1]/CE,READOUT_PATH
NVP_I2C_R2_OBSERVER/context_valid_count[1],NVP_TRACE_HOST_READ_MUX/shadow_read_address_reg[0]/CE,READOUT_PATH
NVP_I2C_R2_OBSERVER/context_valid_count[1],NVP_TRACE_HOST_READ_MUX/diag_rsp_rdata_reg[28]/D,READOUT_PATH
NVP_I2C_R2_OBSERVER/context_valid_count[1],NVP_TRACE_HOST_READ_MUX/diag_rsp_rdata_reg[24]/D,READOUT_PATH
NVP_I2C_R2_OBSERVER/context_valid_count[1],NVP_TRACE_HOST_READ_MUX/diag_rsp_rdata_reg[20]/D,READOUT_PATH
NVP_I2C_R2_OBSERVER/context_valid_count[1],NVP_TRACE_HOST_READ_MUX/diag_rsp_rdata_reg[17]/D,READOUT_PATH
NVP_I2C_R2_OBSERVER/context_valid_count[1],NVP_TRACE_HOST_READ_MUX/diag_rsp_rdata_reg[16]/D,READOUT_PATH
NVP_I2C_R2_OBSERVER/context_valid_count[1],NVP_TRACE_HOST_READ_MUX/diag_rsp_rdata_reg[13]/D,READOUT_PATH
NVP_I2C_R2_OBSERVER/context_valid_count[1],NVP_TRACE_HOST_READ_MUX/read_kind_reg[1]/D,READOUT_PATH
NVP_I2C_R2_OBSERVER/context_valid_count[1],NVP_TRACE_HOST_READ_MUX/read_kind_reg[0]/D,READOUT_PATH
NVP_I2C_R2_OBSERVER/context_valid_count[1],NVP_TRACE_HOST_READ_MUX/read_word_select_reg[1]/D,READOUT_PATH
NVP_I2C_R2_OBSERVER/context_valid_count[1],NVP_TRACE_HOST_READ_MUX/read_word_select_reg[0]/D,READOUT_PATH
NVP_I2C_R2_OBSERVER/context_valid_count[1],NVP_TRACE_HOST_READ_MUX/read_wait_reg[1]/D,READOUT_PATH
NVP_I2C_R2_OBSERVER/context_valid_count[1],NVP_TRACE_HOST_READ_MUX/context_read_enable_reg/D,READOUT_PATH
NVP_I2C_R2_OBSERVER/context_valid_count[1],NVP_TRACE_HOST_READ_MUX/context_read_address_reg[8]/CE,READOUT_PATH
NVP_I2C_R2_OBSERVER/context_valid_count[1],NVP_TRACE_HOST_READ_MUX/context_read_address_reg[7]/CE,READOUT_PATH
NVP_I2C_R2_OBSERVER/context_valid_count[1],NVP_TRACE_HOST_READ_MUX/context_read_address_reg[6]/CE,READOUT_PATH
NVP_I2C_R2_OBSERVER/context_valid_count[1],NVP_TRACE_HOST_READ_MUX/context_read_address_reg[5]/CE,READOUT_PATH
NVP_I2C_R2_OBSERVER/context_valid_count[1],NVP_TRACE_HOST_READ_MUX/context_read_address_reg[4]/CE,READOUT_PATH
NVP_I2C_R2_OBSERVER/context_valid_count[1],NVP_TRACE_HOST_READ_MUX/context_read_address_reg[3]/CE,READOUT_PATH
NVP_I2C_R2_OBSERVER/context_valid_count[1],NVP_TRACE_HOST_READ_MUX/context_read_address_reg[2]/CE,READOUT_PATH
NVP_I2C_R2_OBSERVER/context_valid_count[1],NVP_TRACE_HOST_READ_MUX/context_read_address_reg[1]/CE,READOUT_PATH
NVP_I2C_R2_OBSERVER/context_valid_count[1],NVP_TRACE_HOST_READ_MUX/context_read_address_reg[0]/CE,READOUT_PATH
NVP_I2C_R2_OBSERVER/context_valid_count[2],NVP_TRACE_HOST_READ_MUX/diag_rsp_rdata_reg[29]/D,READOUT_PATH
NVP_I2C_R2_OBSERVER/context_valid_count[2],NVP_TRACE_HOST_READ_MUX/diag_rsp_rdata_reg[9]/CE,READOUT_PATH
NVP_I2C_R2_OBSERVER/context_valid_count[2],NVP_TRACE_HOST_READ_MUX/diag_rsp_rdata_reg[8]/CE,READOUT_PATH
NVP_I2C_R2_OBSERVER/context_valid_count[2],NVP_TRACE_HOST_READ_MUX/diag_rsp_rdata_reg[7]/CE,READOUT_PATH
NVP_I2C_R2_OBSERVER/context_valid_count[2],NVP_TRACE_HOST_READ_MUX/diag_rsp_rdata_reg[6]/CE,READOUT_PATH
NVP_I2C_R2_OBSERVER/context_valid_count[2],NVP_TRACE_HOST_READ_MUX/diag_rsp_rdata_reg[5]/CE,READOUT_PATH
NVP_I2C_R2_OBSERVER/context_valid_count[2],NVP_TRACE_HOST_READ_MUX/diag_rsp_rdata_reg[4]/CE,READOUT_PATH
NVP_I2C_R2_OBSERVER/context_valid_count[2],NVP_TRACE_HOST_READ_MUX/diag_rsp_rdata_reg[3]/CE,READOUT_PATH
NVP_I2C_R2_OBSERVER/context_valid_count[2],NVP_TRACE_HOST_READ_MUX/diag_rsp_rdata_reg[31]/CE,READOUT_PATH
NVP_I2C_R2_OBSERVER/context_valid_count[2],NVP_TRACE_HOST_READ_MUX/diag_rsp_rdata_reg[30]/CE,READOUT_PATH
NVP_I2C_R2_OBSERVER/context_valid_count[2],NVP_TRACE_HOST_READ_MUX/diag_rsp_rdata_reg[2]/CE,READOUT_PATH
NVP_I2C_R2_OBSERVER/context_valid_count[2],NVP_TRACE_HOST_READ_MUX/diag_rsp_rdata_reg[28]/CE,READOUT_PATH
NVP_I2C_R2_OBSERVER/context_valid_count[2],NVP_TRACE_HOST_READ_MUX/diag_rsp_rdata_reg[27]/CE,READOUT_PATH
NVP_I2C_R2_OBSERVER/context_valid_count[2],NVP_TRACE_HOST_READ_MUX/diag_rsp_rdata_reg[26]/CE,READOUT_PATH
NVP_I2C_R2_OBSERVER/context_valid_count[2],NVP_TRACE_HOST_READ_MUX/diag_rsp_rdata_reg[25]/CE,READOUT_PATH
NVP_I2C_R2_OBSERVER/context_valid_count[2],NVP_TRACE_HOST_READ_MUX/diag_rsp_rdata_reg[24]/CE,READOUT_PATH
NVP_I2C_R2_OBSERVER/context_valid_count[2],NVP_TRACE_HOST_READ_MUX/diag_rsp_rdata_reg[23]/CE,READOUT_PATH
NVP_I2C_R2_OBSERVER/context_valid_count[2],NVP_TRACE_HOST_READ_MUX/diag_rsp_rdata_reg[22]/CE,READOUT_PATH
NVP_I2C_R2_OBSERVER/context_valid_count[2],NVP_TRACE_HOST_READ_MUX/diag_rsp_rdata_reg[21]/CE,READOUT_PATH
NVP_I2C_R2_OBSERVER/context_valid_count[2],NVP_TRACE_HOST_READ_MUX/diag_rsp_rdata_reg[20]/CE,READOUT_PATH
NVP_I2C_R2_OBSERVER/context_valid_count[2],NVP_TRACE_HOST_READ_MUX/diag_rsp_rdata_reg[1]/CE,READOUT_PATH
NVP_I2C_R2_OBSERVER/context_valid_count[2],NVP_TRACE_HOST_READ_MUX/diag_rsp_rdata_reg[19]/CE,READOUT_PATH
NVP_I2C_R2_OBSERVER/context_valid_count[2],NVP_TRACE_HOST_READ_MUX/diag_rsp_rdata_reg[18]/CE,READOUT_PATH
NVP_I2C_R2_OBSERVER/context_valid_count[2],NVP_TRACE_HOST_READ_MUX/diag_rsp_rdata_reg[17]/CE,READOUT_PATH
NVP_I2C_R2_OBSERVER/context_valid_count[2],NVP_TRACE_HOST_READ_MUX/diag_rsp_rdata_reg[16]/CE,READOUT_PATH
NVP_I2C_R2_OBSERVER/context_valid_count[2],NVP_TRACE_HOST_READ_MUX/diag_rsp_rdata_reg[15]/CE,READOUT_PATH
NVP_I2C_R2_OBSERVER/context_valid_count[2],NVP_TRACE_HOST_READ_MUX/diag_rsp_rdata_reg[14]/CE,READOUT_PATH
NVP_I2C_R2_OBSERVER/context_valid_count[2],NVP_TRACE_HOST_READ_MUX/diag_rsp_rdata_reg[13]/CE,READOUT_PATH
NVP_I2C_R2_OBSERVER/context_valid_count[2],NVP_TRACE_HOST_READ_MUX/diag_rsp_rdata_reg[12]/CE,READOUT_PATH
NVP_I2C_R2_OBSERVER/context_valid_count[2],NVP_TRACE_HOST_READ_MUX/diag_rsp_rdata_reg[11]/CE,READOUT_PATH
NVP_I2C_R2_OBSERVER/context_valid_count[2],NVP_TRACE_HOST_READ_MUX/diag_rsp_rdata_reg[10]/CE,READOUT_PATH
NVP_I2C_R2_OBSERVER/context_valid_count[2],NVP_TRACE_HOST_READ_MUX/diag_rsp_rdata_reg[0]/CE,READOUT_PATH
NVP_I2C_R2_OBSERVER/context_valid_count[2],NVP_TRACE_HOST_READ_MUX/diag_rsp_valid_reg/D,READOUT_PATH
NVP_I2C_R2_OBSERVER/context_valid_count[2],NVP_TRACE_HOST_READ_MUX/read_wait_reg[0]/D,READOUT_PATH
NVP_I2C_R2_OBSERVER/context_valid_count[2],NVP_TRACE_HOST_READ_MUX/diag_rsp_rdata_reg[31]/D,READOUT_PATH
NVP_I2C_R2_OBSERVER/context_valid_count[2],NVP_TRACE_HOST_READ_MUX/diag_rsp_rdata_reg[23]/D,READOUT_PATH
NVP_I2C_R2_OBSERVER/context_valid_count[2],NVP_TRACE_HOST_READ_MUX/diag_rsp_rdata_reg[22]/D,READOUT_PATH
NVP_I2C_R2_OBSERVER/context_valid_count[2],NVP_TRACE_HOST_READ_MUX/diag_rsp_rdata_reg[21]/D,READOUT_PATH
NVP_I2C_R2_OBSERVER/context_valid_count[2],NVP_TRACE_HOST_READ_MUX/diag_rsp_rdata_reg[18]/D,READOUT_PATH
NVP_I2C_R2_OBSERVER/context_valid_count[2],NVP_TRACE_HOST_READ_MUX/diag_rsp_rdata_reg[15]/D,READOUT_PATH
NVP_I2C_R2_OBSERVER/context_valid_count[2],NVP_TRACE_HOST_READ_MUX/diag_rsp_rdata_reg[12]/D,READOUT_PATH
NVP_I2C_R2_OBSERVER/context_valid_count[2],NVP_TRACE_HOST_READ_MUX/diag_rsp_rdata_reg[11]/D,READOUT_PATH
NVP_I2C_R2_OBSERVER/context_valid_count[2],NVP_TRACE_HOST_READ_MUX/read_word_select_reg[2]/D,READOUT_PATH
NVP_I2C_R2_OBSERVER/context_valid_count[2],NVP_TRACE_HOST_READ_MUX/diag_rsp_rdata_reg[9]/D,READOUT_PATH
NVP_I2C_R2_OBSERVER/context_valid_count[2],NVP_TRACE_HOST_READ_MUX/diag_rsp_rdata_reg[8]/D,READOUT_PATH
NVP_I2C_R2_OBSERVER/context_valid_count[2],NVP_TRACE_HOST_READ_MUX/diag_rsp_rdata_reg[7]/D,READOUT_PATH
NVP_I2C_R2_OBSERVER/context_valid_count[2],NVP_TRACE_HOST_READ_MUX/diag_rsp_rdata_reg[6]/D,READOUT_PATH
NVP_I2C_R2_OBSERVER/context_valid_count[2],NVP_TRACE_HOST_READ_MUX/diag_rsp_rdata_reg[5]/D,READOUT_PATH
NVP_I2C_R2_OBSERVER/context_valid_count[2],NVP_TRACE_HOST_READ_MUX/diag_rsp_rdata_reg[4]/D,READOUT_PATH
NVP_I2C_R2_OBSERVER/context_valid_count[2],NVP_TRACE_HOST_READ_MUX/diag_rsp_rdata_reg[3]/D,READOUT_PATH
NVP_I2C_R2_OBSERVER/context_valid_count[2],NVP_TRACE_HOST_READ_MUX/diag_rsp_rdata_reg[30]/D,READOUT_PATH
NVP_I2C_R2_OBSERVER/context_valid_count[2],NVP_TRACE_HOST_READ_MUX/diag_rsp_rdata_reg[2]/D,READOUT_PATH
NVP_I2C_R2_OBSERVER/context_valid_count[2],NVP_TRACE_HOST_READ_MUX/diag_rsp_rdata_reg[27]/D,READOUT_PATH
NVP_I2C_R2_OBSERVER/context_valid_count[2],NVP_TRACE_HOST_READ_MUX/diag_rsp_rdata_reg[26]/D,READOUT_PATH
NVP_I2C_R2_OBSERVER/context_valid_count[2],NVP_TRACE_HOST_READ_MUX/diag_rsp_rdata_reg[25]/D,READOUT_PATH
NVP_I2C_R2_OBSERVER/context_valid_count[2],NVP_TRACE_HOST_READ_MUX/diag_rsp_rdata_reg[1]/D,READOUT_PATH
NVP_I2C_R2_OBSERVER/context_valid_count[2],NVP_TRACE_HOST_READ_MUX/diag_rsp_rdata_reg[19]/D,READOUT_PATH
NVP_I2C_R2_OBSERVER/context_valid_count[2],NVP_TRACE_HOST_READ_MUX/diag_rsp_rdata_reg[14]/D,READOUT_PATH
NVP_I2C_R2_OBSERVER/context_valid_count[2],NVP_TRACE_HOST_READ_MUX/diag_rsp_rdata_reg[10]/D,READOUT_PATH
NVP_I2C_R2_OBSERVER/context_valid_count[2],NVP_TRACE_HOST_READ_MUX/diag_rsp_rdata_reg[0]/D,READOUT_PATH
NVP_I2C_R2_OBSERVER/context_valid_count[2],NVP_TRACE_HOST_READ_MUX/shadow_read_enable_reg/D,READOUT_PATH
NVP_I2C_R2_OBSERVER/context_valid_count[2],NVP_TRACE_HOST_READ_MUX/shadow_read_address_reg[7]/CE,READOUT_PATH
NVP_I2C_R2_OBSERVER/context_valid_count[2],NVP_TRACE_HOST_READ_MUX/shadow_read_address_reg[6]/CE,READOUT_PATH
NVP_I2C_R2_OBSERVER/context_valid_count[2],NVP_TRACE_HOST_READ_MUX/shadow_read_address_reg[5]/CE,READOUT_PATH
NVP_I2C_R2_OBSERVER/context_valid_count[2],NVP_TRACE_HOST_READ_MUX/shadow_read_address_reg[4]/CE,READOUT_PATH
NVP_I2C_R2_OBSERVER/context_valid_count[2],NVP_TRACE_HOST_READ_MUX/shadow_read_address_reg[3]/CE,READOUT_PATH
NVP_I2C_R2_OBSERVER/context_valid_count[2],NVP_TRACE_HOST_READ_MUX/shadow_read_address_reg[2]/CE,READOUT_PATH
NVP_I2C_R2_OBSERVER/context_valid_count[2],NVP_TRACE_HOST_READ_MUX/shadow_read_address_reg[1]/CE,READOUT_PATH
NVP_I2C_R2_OBSERVER/context_valid_count[2],NVP_TRACE_HOST_READ_MUX/shadow_read_address_reg[0]/CE,READOUT_PATH
NVP_I2C_R2_OBSERVER/context_valid_count[2],NVP_TRACE_HOST_READ_MUX/diag_rsp_rdata_reg[28]/D,READOUT_PATH
NVP_I2C_R2_OBSERVER/context_valid_count[2],NVP_TRACE_HOST_READ_MUX/diag_rsp_rdata_reg[24]/D,READOUT_PATH
NVP_I2C_R2_OBSERVER/context_valid_count[2],NVP_TRACE_HOST_READ_MUX/diag_rsp_rdata_reg[20]/D,READOUT_PATH
NVP_I2C_R2_OBSERVER/context_valid_count[2],NVP_TRACE_HOST_READ_MUX/diag_rsp_rdata_reg[17]/D,READOUT_PATH
NVP_I2C_R2_OBSERVER/context_valid_count[2],NVP_TRACE_HOST_READ_MUX/diag_rsp_rdata_reg[16]/D,READOUT_PATH
NVP_I2C_R2_OBSERVER/context_valid_count[2],NVP_TRACE_HOST_READ_MUX/diag_rsp_rdata_reg[13]/D,READOUT_PATH
NVP_I2C_R2_OBSERVER/context_valid_count[2],NVP_TRACE_HOST_READ_MUX/read_kind_reg[1]/D,READOUT_PATH
NVP_I2C_R2_OBSERVER/context_valid_count[2],NVP_TRACE_HOST_READ_MUX/read_kind_reg[0]/D,READOUT_PATH
NVP_I2C_R2_OBSERVER/context_valid_count[2],NVP_TRACE_HOST_READ_MUX/read_word_select_reg[1]/D,READOUT_PATH
NVP_I2C_R2_OBSERVER/context_valid_count[2],NVP_TRACE_HOST_READ_MUX/read_word_select_reg[0]/D,READOUT_PATH
NVP_I2C_R2_OBSERVER/context_valid_count[2],NVP_TRACE_HOST_READ_MUX/read_wait_reg[1]/D,READOUT_PATH
NVP_I2C_R2_OBSERVER/context_valid_count[2],NVP_TRACE_HOST_READ_MUX/context_read_enable_reg/D,READOUT_PATH
NVP_I2C_R2_OBSERVER/context_valid_count[2],NVP_TRACE_HOST_READ_MUX/context_read_address_reg[8]/CE,READOUT_PATH
NVP_I2C_R2_OBSERVER/context_valid_count[2],NVP_TRACE_HOST_READ_MUX/context_read_address_reg[7]/CE,READOUT_PATH
NVP_I2C_R2_OBSERVER/context_valid_count[2],NVP_TRACE_HOST_READ_MUX/context_read_address_reg[6]/CE,READOUT_PATH
NVP_I2C_R2_OBSERVER/context_valid_count[2],NVP_TRACE_HOST_READ_MUX/context_read_address_reg[5]/CE,READOUT_PATH
NVP_I2C_R2_OBSERVER/context_valid_count[2],NVP_TRACE_HOST_READ_MUX/context_read_address_reg[4]/CE,READOUT_PATH
NVP_I2C_R2_OBSERVER/context_valid_count[2],NVP_TRACE_HOST_READ_MUX/context_read_address_reg[3]/CE,READOUT_PATH
NVP_I2C_R2_OBSERVER/context_valid_count[2],NVP_TRACE_HOST_READ_MUX/context_read_address_reg[2]/CE,READOUT_PATH
NVP_I2C_R2_OBSERVER/context_valid_count[2],NVP_TRACE_HOST_READ_MUX/context_read_address_reg[1]/CE,READOUT_PATH
NVP_I2C_R2_OBSERVER/context_valid_count[2],NVP_TRACE_HOST_READ_MUX/context_read_address_reg[0]/CE,READOUT_PATH
NVP_I2C_R2_OBSERVER/context_valid_count[3],NVP_TRACE_HOST_READ_MUX/diag_rsp_rdata_reg[29]/D,READOUT_PATH
NVP_I2C_R2_OBSERVER/context_valid_count[3],NVP_TRACE_HOST_READ_MUX/diag_rsp_rdata_reg[9]/CE,READOUT_PATH
NVP_I2C_R2_OBSERVER/context_valid_count[3],NVP_TRACE_HOST_READ_MUX/diag_rsp_rdata_reg[8]/CE,READOUT_PATH
NVP_I2C_R2_OBSERVER/context_valid_count[3],NVP_TRACE_HOST_READ_MUX/diag_rsp_rdata_reg[7]/CE,READOUT_PATH
NVP_I2C_R2_OBSERVER/context_valid_count[3],NVP_TRACE_HOST_READ_MUX/diag_rsp_rdata_reg[6]/CE,READOUT_PATH
NVP_I2C_R2_OBSERVER/context_valid_count[3],NVP_TRACE_HOST_READ_MUX/diag_rsp_rdata_reg[5]/CE,READOUT_PATH
NVP_I2C_R2_OBSERVER/context_valid_count[3],NVP_TRACE_HOST_READ_MUX/diag_rsp_rdata_reg[4]/CE,READOUT_PATH
NVP_I2C_R2_OBSERVER/context_valid_count[3],NVP_TRACE_HOST_READ_MUX/diag_rsp_rdata_reg[3]/CE,READOUT_PATH
NVP_I2C_R2_OBSERVER/context_valid_count[3],NVP_TRACE_HOST_READ_MUX/diag_rsp_rdata_reg[31]/CE,READOUT_PATH
NVP_I2C_R2_OBSERVER/context_valid_count[3],NVP_TRACE_HOST_READ_MUX/diag_rsp_rdata_reg[30]/CE,READOUT_PATH
NVP_I2C_R2_OBSERVER/context_valid_count[3],NVP_TRACE_HOST_READ_MUX/diag_rsp_rdata_reg[2]/CE,READOUT_PATH
NVP_I2C_R2_OBSERVER/context_valid_count[3],NVP_TRACE_HOST_READ_MUX/diag_rsp_rdata_reg[28]/CE,READOUT_PATH
NVP_I2C_R2_OBSERVER/context_valid_count[3],NVP_TRACE_HOST_READ_MUX/diag_rsp_rdata_reg[27]/CE,READOUT_PATH
NVP_I2C_R2_OBSERVER/context_valid_count[3],NVP_TRACE_HOST_READ_MUX/diag_rsp_rdata_reg[26]/CE,READOUT_PATH
NVP_I2C_R2_OBSERVER/context_valid_count[3],NVP_TRACE_HOST_READ_MUX/diag_rsp_rdata_reg[25]/CE,READOUT_PATH
NVP_I2C_R2_OBSERVER/context_valid_count[3],NVP_TRACE_HOST_READ_MUX/diag_rsp_rdata_reg[24]/CE,READOUT_PATH
NVP_I2C_R2_OBSERVER/context_valid_count[3],NVP_TRACE_HOST_READ_MUX/diag_rsp_rdata_reg[23]/CE,READOUT_PATH
NVP_I2C_R2_OBSERVER/context_valid_count[3],NVP_TRACE_HOST_READ_MUX/diag_rsp_rdata_reg[22]/CE,READOUT_PATH
NVP_I2C_R2_OBSERVER/context_valid_count[3],NVP_TRACE_HOST_READ_MUX/diag_rsp_rdata_reg[21]/CE,READOUT_PATH
NVP_I2C_R2_OBSERVER/context_valid_count[3],NVP_TRACE_HOST_READ_MUX/diag_rsp_rdata_reg[20]/CE,READOUT_PATH
NVP_I2C_R2_OBSERVER/context_valid_count[3],NVP_TRACE_HOST_READ_MUX/diag_rsp_rdata_reg[1]/CE,READOUT_PATH
NVP_I2C_R2_OBSERVER/context_valid_count[3],NVP_TRACE_HOST_READ_MUX/diag_rsp_rdata_reg[19]/CE,READOUT_PATH
NVP_I2C_R2_OBSERVER/context_valid_count[3],NVP_TRACE_HOST_READ_MUX/diag_rsp_rdata_reg[18]/CE,READOUT_PATH
NVP_I2C_R2_OBSERVER/context_valid_count[3],NVP_TRACE_HOST_READ_MUX/diag_rsp_rdata_reg[17]/CE,READOUT_PATH
NVP_I2C_R2_OBSERVER/context_valid_count[3],NVP_TRACE_HOST_READ_MUX/diag_rsp_rdata_reg[16]/CE,READOUT_PATH
NVP_I2C_R2_OBSERVER/context_valid_count[3],NVP_TRACE_HOST_READ_MUX/diag_rsp_rdata_reg[15]/CE,READOUT_PATH
NVP_I2C_R2_OBSERVER/context_valid_count[3],NVP_TRACE_HOST_READ_MUX/diag_rsp_rdata_reg[14]/CE,READOUT_PATH
NVP_I2C_R2_OBSERVER/context_valid_count[3],NVP_TRACE_HOST_READ_MUX/diag_rsp_rdata_reg[13]/CE,READOUT_PATH
NVP_I2C_R2_OBSERVER/context_valid_count[3],NVP_TRACE_HOST_READ_MUX/diag_rsp_rdata_reg[12]/CE,READOUT_PATH
NVP_I2C_R2_OBSERVER/context_valid_count[3],NVP_TRACE_HOST_READ_MUX/diag_rsp_rdata_reg[11]/CE,READOUT_PATH
NVP_I2C_R2_OBSERVER/context_valid_count[3],NVP_TRACE_HOST_READ_MUX/diag_rsp_rdata_reg[10]/CE,READOUT_PATH
NVP_I2C_R2_OBSERVER/context_valid_count[3],NVP_TRACE_HOST_READ_MUX/diag_rsp_rdata_reg[0]/CE,READOUT_PATH
NVP_I2C_R2_OBSERVER/context_valid_count[3],NVP_TRACE_HOST_READ_MUX/diag_rsp_valid_reg/D,READOUT_PATH
NVP_I2C_R2_OBSERVER/context_valid_count[3],NVP_TRACE_HOST_READ_MUX/read_wait_reg[0]/D,READOUT_PATH
NVP_I2C_R2_OBSERVER/context_valid_count[3],NVP_TRACE_HOST_READ_MUX/diag_rsp_rdata_reg[31]/D,READOUT_PATH
NVP_I2C_R2_OBSERVER/context_valid_count[3],NVP_TRACE_HOST_READ_MUX/diag_rsp_rdata_reg[23]/D,READOUT_PATH
NVP_I2C_R2_OBSERVER/context_valid_count[3],NVP_TRACE_HOST_READ_MUX/diag_rsp_rdata_reg[22]/D,READOUT_PATH
NVP_I2C_R2_OBSERVER/context_valid_count[3],NVP_TRACE_HOST_READ_MUX/diag_rsp_rdata_reg[21]/D,READOUT_PATH
NVP_I2C_R2_OBSERVER/context_valid_count[3],NVP_TRACE_HOST_READ_MUX/diag_rsp_rdata_reg[18]/D,READOUT_PATH
NVP_I2C_R2_OBSERVER/context_valid_count[3],NVP_TRACE_HOST_READ_MUX/diag_rsp_rdata_reg[15]/D,READOUT_PATH
NVP_I2C_R2_OBSERVER/context_valid_count[3],NVP_TRACE_HOST_READ_MUX/diag_rsp_rdata_reg[12]/D,READOUT_PATH
NVP_I2C_R2_OBSERVER/context_valid_count[3],NVP_TRACE_HOST_READ_MUX/diag_rsp_rdata_reg[11]/D,READOUT_PATH
NVP_I2C_R2_OBSERVER/context_valid_count[3],NVP_TRACE_HOST_READ_MUX/read_word_select_reg[2]/D,READOUT_PATH
NVP_I2C_R2_OBSERVER/context_valid_count[3],NVP_TRACE_HOST_READ_MUX/diag_rsp_rdata_reg[9]/D,READOUT_PATH
NVP_I2C_R2_OBSERVER/context_valid_count[3],NVP_TRACE_HOST_READ_MUX/diag_rsp_rdata_reg[8]/D,READOUT_PATH
NVP_I2C_R2_OBSERVER/context_valid_count[3],NVP_TRACE_HOST_READ_MUX/diag_rsp_rdata_reg[7]/D,READOUT_PATH
NVP_I2C_R2_OBSERVER/context_valid_count[3],NVP_TRACE_HOST_READ_MUX/diag_rsp_rdata_reg[6]/D,READOUT_PATH
NVP_I2C_R2_OBSERVER/context_valid_count[3],NVP_TRACE_HOST_READ_MUX/diag_rsp_rdata_reg[5]/D,READOUT_PATH
NVP_I2C_R2_OBSERVER/context_valid_count[3],NVP_TRACE_HOST_READ_MUX/diag_rsp_rdata_reg[4]/D,READOUT_PATH
NVP_I2C_R2_OBSERVER/context_valid_count[3],NVP_TRACE_HOST_READ_MUX/diag_rsp_rdata_reg[3]/D,READOUT_PATH
NVP_I2C_R2_OBSERVER/context_valid_count[3],NVP_TRACE_HOST_READ_MUX/diag_rsp_rdata_reg[30]/D,READOUT_PATH
NVP_I2C_R2_OBSERVER/context_valid_count[3],NVP_TRACE_HOST_READ_MUX/diag_rsp_rdata_reg[2]/D,READOUT_PATH
NVP_I2C_R2_OBSERVER/context_valid_count[3],NVP_TRACE_HOST_READ_MUX/diag_rsp_rdata_reg[27]/D,READOUT_PATH
NVP_I2C_R2_OBSERVER/context_valid_count[3],NVP_TRACE_HOST_READ_MUX/diag_rsp_rdata_reg[26]/D,READOUT_PATH
NVP_I2C_R2_OBSERVER/context_valid_count[3],NVP_TRACE_HOST_READ_MUX/diag_rsp_rdata_reg[25]/D,READOUT_PATH
NVP_I2C_R2_OBSERVER/context_valid_count[3],NVP_TRACE_HOST_READ_MUX/diag_rsp_rdata_reg[1]/D,READOUT_PATH
NVP_I2C_R2_OBSERVER/context_valid_count[3],NVP_TRACE_HOST_READ_MUX/diag_rsp_rdata_reg[19]/D,READOUT_PATH
NVP_I2C_R2_OBSERVER/context_valid_count[3],NVP_TRACE_HOST_READ_MUX/diag_rsp_rdata_reg[14]/D,READOUT_PATH
NVP_I2C_R2_OBSERVER/context_valid_count[3],NVP_TRACE_HOST_READ_MUX/diag_rsp_rdata_reg[10]/D,READOUT_PATH
NVP_I2C_R2_OBSERVER/context_valid_count[3],NVP_TRACE_HOST_READ_MUX/diag_rsp_rdata_reg[0]/D,READOUT_PATH
NVP_I2C_R2_OBSERVER/context_valid_count[3],NVP_TRACE_HOST_READ_MUX/shadow_read_enable_reg/D,READOUT_PATH
NVP_I2C_R2_OBSERVER/context_valid_count[3],NVP_TRACE_HOST_READ_MUX/shadow_read_address_reg[7]/CE,READOUT_PATH
NVP_I2C_R2_OBSERVER/context_valid_count[3],NVP_TRACE_HOST_READ_MUX/shadow_read_address_reg[6]/CE,READOUT_PATH
NVP_I2C_R2_OBSERVER/context_valid_count[3],NVP_TRACE_HOST_READ_MUX/shadow_read_address_reg[5]/CE,READOUT_PATH
NVP_I2C_R2_OBSERVER/context_valid_count[3],NVP_TRACE_HOST_READ_MUX/shadow_read_address_reg[4]/CE,READOUT_PATH
NVP_I2C_R2_OBSERVER/context_valid_count[3],NVP_TRACE_HOST_READ_MUX/shadow_read_address_reg[3]/CE,READOUT_PATH
NVP_I2C_R2_OBSERVER/context_valid_count[3],NVP_TRACE_HOST_READ_MUX/shadow_read_address_reg[2]/CE,READOUT_PATH
NVP_I2C_R2_OBSERVER/context_valid_count[3],NVP_TRACE_HOST_READ_MUX/shadow_read_address_reg[1]/CE,READOUT_PATH
NVP_I2C_R2_OBSERVER/context_valid_count[3],NVP_TRACE_HOST_READ_MUX/shadow_read_address_reg[0]/CE,READOUT_PATH
NVP_I2C_R2_OBSERVER/context_valid_count[3],NVP_TRACE_HOST_READ_MUX/diag_rsp_rdata_reg[28]/D,READOUT_PATH
NVP_I2C_R2_OBSERVER/context_valid_count[3],NVP_TRACE_HOST_READ_MUX/diag_rsp_rdata_reg[24]/D,READOUT_PATH
NVP_I2C_R2_OBSERVER/context_valid_count[3],NVP_TRACE_HOST_READ_MUX/diag_rsp_rdata_reg[20]/D,READOUT_PATH
NVP_I2C_R2_OBSERVER/context_valid_count[3],NVP_TRACE_HOST_READ_MUX/diag_rsp_rdata_reg[17]/D,READOUT_PATH
NVP_I2C_R2_OBSERVER/context_valid_count[3],NVP_TRACE_HOST_READ_MUX/diag_rsp_rdata_reg[16]/D,READOUT_PATH
NVP_I2C_R2_OBSERVER/context_valid_count[3],NVP_TRACE_HOST_READ_MUX/diag_rsp_rdata_reg[13]/D,READOUT_PATH
NVP_I2C_R2_OBSERVER/context_valid_count[3],NVP_TRACE_HOST_READ_MUX/read_kind_reg[1]/D,READOUT_PATH
NVP_I2C_R2_OBSERVER/context_valid_count[3],NVP_TRACE_HOST_READ_MUX/read_kind_reg[0]/D,READOUT_PATH
NVP_I2C_R2_OBSERVER/context_valid_count[3],NVP_TRACE_HOST_READ_MUX/read_word_select_reg[1]/D,READOUT_PATH
NVP_I2C_R2_OBSERVER/context_valid_count[3],NVP_TRACE_HOST_READ_MUX/read_word_select_reg[0]/D,READOUT_PATH
NVP_I2C_R2_OBSERVER/context_valid_count[3],NVP_TRACE_HOST_READ_MUX/read_wait_reg[1]/D,READOUT_PATH
NVP_I2C_R2_OBSERVER/context_valid_count[3],NVP_TRACE_HOST_READ_MUX/context_read_enable_reg/D,READOUT_PATH
NVP_I2C_R2_OBSERVER/context_valid_count[3],NVP_TRACE_HOST_READ_MUX/context_read_address_reg[8]/CE,READOUT_PATH
NVP_I2C_R2_OBSERVER/context_valid_count[3],NVP_TRACE_HOST_READ_MUX/context_read_address_reg[7]/CE,READOUT_PATH
NVP_I2C_R2_OBSERVER/context_valid_count[3],NVP_TRACE_HOST_READ_MUX/context_read_address_reg[6]/CE,READOUT_PATH
NVP_I2C_R2_OBSERVER/context_valid_count[3],NVP_TRACE_HOST_READ_MUX/context_read_address_reg[5]/CE,READOUT_PATH
NVP_I2C_R2_OBSERVER/context_valid_count[3],NVP_TRACE_HOST_READ_MUX/context_read_address_reg[4]/CE,READOUT_PATH
NVP_I2C_R2_OBSERVER/context_valid_count[3],NVP_TRACE_HOST_READ_MUX/context_read_address_reg[3]/CE,READOUT_PATH
NVP_I2C_R2_OBSERVER/context_valid_count[3],NVP_TRACE_HOST_READ_MUX/context_read_address_reg[2]/CE,READOUT_PATH
NVP_I2C_R2_OBSERVER/context_valid_count[3],NVP_TRACE_HOST_READ_MUX/context_read_address_reg[1]/CE,READOUT_PATH
NVP_I2C_R2_OBSERVER/context_valid_count[3],NVP_TRACE_HOST_READ_MUX/context_read_address_reg[0]/CE,READOUT_PATH
NVP_I2C_R2_OBSERVER/context_valid_count[4],NVP_TRACE_HOST_READ_MUX/diag_rsp_rdata_reg[29]/D,READOUT_PATH
NVP_I2C_R2_OBSERVER/context_valid_count[4],NVP_TRACE_HOST_READ_MUX/diag_rsp_rdata_reg[9]/CE,READOUT_PATH
NVP_I2C_R2_OBSERVER/context_valid_count[4],NVP_TRACE_HOST_READ_MUX/diag_rsp_rdata_reg[8]/CE,READOUT_PATH
NVP_I2C_R2_OBSERVER/context_valid_count[4],NVP_TRACE_HOST_READ_MUX/diag_rsp_rdata_reg[7]/CE,READOUT_PATH
NVP_I2C_R2_OBSERVER/context_valid_count[4],NVP_TRACE_HOST_READ_MUX/diag_rsp_rdata_reg[6]/CE,READOUT_PATH
NVP_I2C_R2_OBSERVER/context_valid_count[4],NVP_TRACE_HOST_READ_MUX/diag_rsp_rdata_reg[5]/CE,READOUT_PATH
NVP_I2C_R2_OBSERVER/context_valid_count[4],NVP_TRACE_HOST_READ_MUX/diag_rsp_rdata_reg[4]/CE,READOUT_PATH
NVP_I2C_R2_OBSERVER/context_valid_count[4],NVP_TRACE_HOST_READ_MUX/diag_rsp_rdata_reg[3]/CE,READOUT_PATH
NVP_I2C_R2_OBSERVER/context_valid_count[4],NVP_TRACE_HOST_READ_MUX/diag_rsp_rdata_reg[31]/CE,READOUT_PATH
NVP_I2C_R2_OBSERVER/context_valid_count[4],NVP_TRACE_HOST_READ_MUX/diag_rsp_rdata_reg[30]/CE,READOUT_PATH
NVP_I2C_R2_OBSERVER/context_valid_count[4],NVP_TRACE_HOST_READ_MUX/diag_rsp_rdata_reg[2]/CE,READOUT_PATH
NVP_I2C_R2_OBSERVER/context_valid_count[4],NVP_TRACE_HOST_READ_MUX/diag_rsp_rdata_reg[28]/CE,READOUT_PATH
NVP_I2C_R2_OBSERVER/context_valid_count[4],NVP_TRACE_HOST_READ_MUX/diag_rsp_rdata_reg[27]/CE,READOUT_PATH
NVP_I2C_R2_OBSERVER/context_valid_count[4],NVP_TRACE_HOST_READ_MUX/diag_rsp_rdata_reg[26]/CE,READOUT_PATH
NVP_I2C_R2_OBSERVER/context_valid_count[4],NVP_TRACE_HOST_READ_MUX/diag_rsp_rdata_reg[25]/CE,READOUT_PATH
NVP_I2C_R2_OBSERVER/context_valid_count[4],NVP_TRACE_HOST_READ_MUX/diag_rsp_rdata_reg[24]/CE,READOUT_PATH
NVP_I2C_R2_OBSERVER/context_valid_count[4],NVP_TRACE_HOST_READ_MUX/diag_rsp_rdata_reg[23]/CE,READOUT_PATH
NVP_I2C_R2_OBSERVER/context_valid_count[4],NVP_TRACE_HOST_READ_MUX/diag_rsp_rdata_reg[22]/CE,READOUT_PATH
NVP_I2C_R2_OBSERVER/context_valid_count[4],NVP_TRACE_HOST_READ_MUX/diag_rsp_rdata_reg[21]/CE,READOUT_PATH
NVP_I2C_R2_OBSERVER/context_valid_count[4],NVP_TRACE_HOST_READ_MUX/diag_rsp_rdata_reg[20]/CE,READOUT_PATH
NVP_I2C_R2_OBSERVER/context_valid_count[4],NVP_TRACE_HOST_READ_MUX/diag_rsp_rdata_reg[1]/CE,READOUT_PATH
NVP_I2C_R2_OBSERVER/context_valid_count[4],NVP_TRACE_HOST_READ_MUX/diag_rsp_rdata_reg[19]/CE,READOUT_PATH
NVP_I2C_R2_OBSERVER/context_valid_count[4],NVP_TRACE_HOST_READ_MUX/diag_rsp_rdata_reg[18]/CE,READOUT_PATH
NVP_I2C_R2_OBSERVER/context_valid_count[4],NVP_TRACE_HOST_READ_MUX/diag_rsp_rdata_reg[17]/CE,READOUT_PATH
NVP_I2C_R2_OBSERVER/context_valid_count[4],NVP_TRACE_HOST_READ_MUX/diag_rsp_rdata_reg[16]/CE,READOUT_PATH
NVP_I2C_R2_OBSERVER/context_valid_count[4],NVP_TRACE_HOST_READ_MUX/diag_rsp_rdata_reg[15]/CE,READOUT_PATH
NVP_I2C_R2_OBSERVER/context_valid_count[4],NVP_TRACE_HOST_READ_MUX/diag_rsp_rdata_reg[14]/CE,READOUT_PATH
NVP_I2C_R2_OBSERVER/context_valid_count[4],NVP_TRACE_HOST_READ_MUX/diag_rsp_rdata_reg[13]/CE,READOUT_PATH
NVP_I2C_R2_OBSERVER/context_valid_count[4],NVP_TRACE_HOST_READ_MUX/diag_rsp_rdata_reg[12]/CE,READOUT_PATH
NVP_I2C_R2_OBSERVER/context_valid_count[4],NVP_TRACE_HOST_READ_MUX/diag_rsp_rdata_reg[11]/CE,READOUT_PATH
NVP_I2C_R2_OBSERVER/context_valid_count[4],NVP_TRACE_HOST_READ_MUX/diag_rsp_rdata_reg[10]/CE,READOUT_PATH
NVP_I2C_R2_OBSERVER/context_valid_count[4],NVP_TRACE_HOST_READ_MUX/diag_rsp_rdata_reg[0]/CE,READOUT_PATH
NVP_I2C_R2_OBSERVER/context_valid_count[4],NVP_TRACE_HOST_READ_MUX/diag_rsp_valid_reg/D,READOUT_PATH
NVP_I2C_R2_OBSERVER/context_valid_count[4],NVP_TRACE_HOST_READ_MUX/read_wait_reg[0]/D,READOUT_PATH
NVP_I2C_R2_OBSERVER/context_valid_count[4],NVP_TRACE_HOST_READ_MUX/diag_rsp_rdata_reg[31]/D,READOUT_PATH
NVP_I2C_R2_OBSERVER/context_valid_count[4],NVP_TRACE_HOST_READ_MUX/diag_rsp_rdata_reg[23]/D,READOUT_PATH
NVP_I2C_R2_OBSERVER/context_valid_count[4],NVP_TRACE_HOST_READ_MUX/diag_rsp_rdata_reg[22]/D,READOUT_PATH
NVP_I2C_R2_OBSERVER/context_valid_count[4],NVP_TRACE_HOST_READ_MUX/diag_rsp_rdata_reg[21]/D,READOUT_PATH
NVP_I2C_R2_OBSERVER/context_valid_count[4],NVP_TRACE_HOST_READ_MUX/diag_rsp_rdata_reg[18]/D,READOUT_PATH
NVP_I2C_R2_OBSERVER/context_valid_count[4],NVP_TRACE_HOST_READ_MUX/diag_rsp_rdata_reg[15]/D,READOUT_PATH
NVP_I2C_R2_OBSERVER/context_valid_count[4],NVP_TRACE_HOST_READ_MUX/diag_rsp_rdata_reg[12]/D,READOUT_PATH
NVP_I2C_R2_OBSERVER/context_valid_count[4],NVP_TRACE_HOST_READ_MUX/diag_rsp_rdata_reg[11]/D,READOUT_PATH
NVP_I2C_R2_OBSERVER/context_valid_count[4],NVP_TRACE_HOST_READ_MUX/read_word_select_reg[2]/D,READOUT_PATH
NVP_I2C_R2_OBSERVER/context_valid_count[4],NVP_TRACE_HOST_READ_MUX/diag_rsp_rdata_reg[9]/D,READOUT_PATH
NVP_I2C_R2_OBSERVER/context_valid_count[4],NVP_TRACE_HOST_READ_MUX/diag_rsp_rdata_reg[8]/D,READOUT_PATH
NVP_I2C_R2_OBSERVER/context_valid_count[4],NVP_TRACE_HOST_READ_MUX/diag_rsp_rdata_reg[7]/D,READOUT_PATH
NVP_I2C_R2_OBSERVER/context_valid_count[4],NVP_TRACE_HOST_READ_MUX/diag_rsp_rdata_reg[6]/D,READOUT_PATH
NVP_I2C_R2_OBSERVER/context_valid_count[4],NVP_TRACE_HOST_READ_MUX/diag_rsp_rdata_reg[5]/D,READOUT_PATH
NVP_I2C_R2_OBSERVER/context_valid_count[4],NVP_TRACE_HOST_READ_MUX/diag_rsp_rdata_reg[4]/D,READOUT_PATH
NVP_I2C_R2_OBSERVER/context_valid_count[4],NVP_TRACE_HOST_READ_MUX/diag_rsp_rdata_reg[3]/D,READOUT_PATH
NVP_I2C_R2_OBSERVER/context_valid_count[4],NVP_TRACE_HOST_READ_MUX/diag_rsp_rdata_reg[30]/D,READOUT_PATH
NVP_I2C_R2_OBSERVER/context_valid_count[4],NVP_TRACE_HOST_READ_MUX/diag_rsp_rdata_reg[2]/D,READOUT_PATH
NVP_I2C_R2_OBSERVER/context_valid_count[4],NVP_TRACE_HOST_READ_MUX/diag_rsp_rdata_reg[27]/D,READOUT_PATH
NVP_I2C_R2_OBSERVER/context_valid_count[4],NVP_TRACE_HOST_READ_MUX/diag_rsp_rdata_reg[26]/D,READOUT_PATH
NVP_I2C_R2_OBSERVER/context_valid_count[4],NVP_TRACE_HOST_READ_MUX/diag_rsp_rdata_reg[25]/D,READOUT_PATH
NVP_I2C_R2_OBSERVER/context_valid_count[4],NVP_TRACE_HOST_READ_MUX/diag_rsp_rdata_reg[1]/D,READOUT_PATH
NVP_I2C_R2_OBSERVER/context_valid_count[4],NVP_TRACE_HOST_READ_MUX/diag_rsp_rdata_reg[19]/D,READOUT_PATH
NVP_I2C_R2_OBSERVER/context_valid_count[4],NVP_TRACE_HOST_READ_MUX/diag_rsp_rdata_reg[14]/D,READOUT_PATH
NVP_I2C_R2_OBSERVER/context_valid_count[4],NVP_TRACE_HOST_READ_MUX/diag_rsp_rdata_reg[10]/D,READOUT_PATH
NVP_I2C_R2_OBSERVER/context_valid_count[4],NVP_TRACE_HOST_READ_MUX/diag_rsp_rdata_reg[0]/D,READOUT_PATH
NVP_I2C_R2_OBSERVER/context_valid_count[4],NVP_TRACE_HOST_READ_MUX/shadow_read_enable_reg/D,READOUT_PATH
NVP_I2C_R2_OBSERVER/context_valid_count[4],NVP_TRACE_HOST_READ_MUX/shadow_read_address_reg[7]/CE,READOUT_PATH
NVP_I2C_R2_OBSERVER/context_valid_count[4],NVP_TRACE_HOST_READ_MUX/shadow_read_address_reg[6]/CE,READOUT_PATH
NVP_I2C_R2_OBSERVER/context_valid_count[4],NVP_TRACE_HOST_READ_MUX/shadow_read_address_reg[5]/CE,READOUT_PATH
NVP_I2C_R2_OBSERVER/context_valid_count[4],NVP_TRACE_HOST_READ_MUX/shadow_read_address_reg[4]/CE,READOUT_PATH
NVP_I2C_R2_OBSERVER/context_valid_count[4],NVP_TRACE_HOST_READ_MUX/shadow_read_address_reg[3]/CE,READOUT_PATH
NVP_I2C_R2_OBSERVER/context_valid_count[4],NVP_TRACE_HOST_READ_MUX/shadow_read_address_reg[2]/CE,READOUT_PATH
NVP_I2C_R2_OBSERVER/context_valid_count[4],NVP_TRACE_HOST_READ_MUX/shadow_read_address_reg[1]/CE,READOUT_PATH
NVP_I2C_R2_OBSERVER/context_valid_count[4],NVP_TRACE_HOST_READ_MUX/shadow_read_address_reg[0]/CE,READOUT_PATH
NVP_I2C_R2_OBSERVER/context_valid_count[4],NVP_TRACE_HOST_READ_MUX/diag_rsp_rdata_reg[28]/D,READOUT_PATH
NVP_I2C_R2_OBSERVER/context_valid_count[4],NVP_TRACE_HOST_READ_MUX/diag_rsp_rdata_reg[24]/D,READOUT_PATH
NVP_I2C_R2_OBSERVER/context_valid_count[4],NVP_TRACE_HOST_READ_MUX/diag_rsp_rdata_reg[20]/D,READOUT_PATH
NVP_I2C_R2_OBSERVER/context_valid_count[4],NVP_TRACE_HOST_READ_MUX/diag_rsp_rdata_reg[17]/D,READOUT_PATH
NVP_I2C_R2_OBSERVER/context_valid_count[4],NVP_TRACE_HOST_READ_MUX/diag_rsp_rdata_reg[16]/D,READOUT_PATH
NVP_I2C_R2_OBSERVER/context_valid_count[4],NVP_TRACE_HOST_READ_MUX/diag_rsp_rdata_reg[13]/D,READOUT_PATH
NVP_I2C_R2_OBSERVER/context_valid_count[4],NVP_TRACE_HOST_READ_MUX/read_kind_reg[1]/D,READOUT_PATH
NVP_I2C_R2_OBSERVER/context_valid_count[4],NVP_TRACE_HOST_READ_MUX/read_kind_reg[0]/D,READOUT_PATH
NVP_I2C_R2_OBSERVER/context_valid_count[4],NVP_TRACE_HOST_READ_MUX/read_word_select_reg[1]/D,READOUT_PATH
NVP_I2C_R2_OBSERVER/context_valid_count[4],NVP_TRACE_HOST_READ_MUX/read_word_select_reg[0]/D,READOUT_PATH
NVP_I2C_R2_OBSERVER/context_valid_count[4],NVP_TRACE_HOST_READ_MUX/read_wait_reg[1]/D,READOUT_PATH
NVP_I2C_R2_OBSERVER/context_valid_count[4],NVP_TRACE_HOST_READ_MUX/context_read_enable_reg/D,READOUT_PATH
NVP_I2C_R2_OBSERVER/context_valid_count[4],NVP_TRACE_HOST_READ_MUX/context_read_address_reg[8]/CE,READOUT_PATH
NVP_I2C_R2_OBSERVER/context_valid_count[4],NVP_TRACE_HOST_READ_MUX/context_read_address_reg[7]/CE,READOUT_PATH
NVP_I2C_R2_OBSERVER/context_valid_count[4],NVP_TRACE_HOST_READ_MUX/context_read_address_reg[6]/CE,READOUT_PATH
NVP_I2C_R2_OBSERVER/context_valid_count[4],NVP_TRACE_HOST_READ_MUX/context_read_address_reg[5]/CE,READOUT_PATH
NVP_I2C_R2_OBSERVER/context_valid_count[4],NVP_TRACE_HOST_READ_MUX/context_read_address_reg[4]/CE,READOUT_PATH
NVP_I2C_R2_OBSERVER/context_valid_count[4],NVP_TRACE_HOST_READ_MUX/context_read_address_reg[3]/CE,READOUT_PATH
NVP_I2C_R2_OBSERVER/context_valid_count[4],NVP_TRACE_HOST_READ_MUX/context_read_address_reg[2]/CE,READOUT_PATH
NVP_I2C_R2_OBSERVER/context_valid_count[4],NVP_TRACE_HOST_READ_MUX/context_read_address_reg[1]/CE,READOUT_PATH
NVP_I2C_R2_OBSERVER/context_valid_count[4],NVP_TRACE_HOST_READ_MUX/context_read_address_reg[0]/CE,READOUT_PATH
NVP_I2C_R2_OBSERVER/context_valid_count[5],NVP_TRACE_HOST_READ_MUX/diag_rsp_rdata_reg[29]/D,READOUT_PATH
NVP_I2C_R2_OBSERVER/context_valid_count[5],NVP_TRACE_HOST_READ_MUX/diag_rsp_rdata_reg[9]/CE,READOUT_PATH
NVP_I2C_R2_OBSERVER/context_valid_count[5],NVP_TRACE_HOST_READ_MUX/diag_rsp_rdata_reg[8]/CE,READOUT_PATH
NVP_I2C_R2_OBSERVER/context_valid_count[5],NVP_TRACE_HOST_READ_MUX/diag_rsp_rdata_reg[7]/CE,READOUT_PATH
NVP_I2C_R2_OBSERVER/context_valid_count[5],NVP_TRACE_HOST_READ_MUX/diag_rsp_rdata_reg[6]/CE,READOUT_PATH
NVP_I2C_R2_OBSERVER/context_valid_count[5],NVP_TRACE_HOST_READ_MUX/diag_rsp_rdata_reg[5]/CE,READOUT_PATH
NVP_I2C_R2_OBSERVER/context_valid_count[5],NVP_TRACE_HOST_READ_MUX/diag_rsp_rdata_reg[4]/CE,READOUT_PATH
NVP_I2C_R2_OBSERVER/context_valid_count[5],NVP_TRACE_HOST_READ_MUX/diag_rsp_rdata_reg[3]/CE,READOUT_PATH
NVP_I2C_R2_OBSERVER/context_valid_count[5],NVP_TRACE_HOST_READ_MUX/diag_rsp_rdata_reg[31]/CE,READOUT_PATH
NVP_I2C_R2_OBSERVER/context_valid_count[5],NVP_TRACE_HOST_READ_MUX/diag_rsp_rdata_reg[30]/CE,READOUT_PATH
NVP_I2C_R2_OBSERVER/context_valid_count[5],NVP_TRACE_HOST_READ_MUX/diag_rsp_rdata_reg[2]/CE,READOUT_PATH
NVP_I2C_R2_OBSERVER/context_valid_count[5],NVP_TRACE_HOST_READ_MUX/diag_rsp_rdata_reg[28]/CE,READOUT_PATH
NVP_I2C_R2_OBSERVER/context_valid_count[5],NVP_TRACE_HOST_READ_MUX/diag_rsp_rdata_reg[27]/CE,READOUT_PATH
NVP_I2C_R2_OBSERVER/context_valid_count[5],NVP_TRACE_HOST_READ_MUX/diag_rsp_rdata_reg[26]/CE,READOUT_PATH
NVP_I2C_R2_OBSERVER/context_valid_count[5],NVP_TRACE_HOST_READ_MUX/diag_rsp_rdata_reg[25]/CE,READOUT_PATH
NVP_I2C_R2_OBSERVER/context_valid_count[5],NVP_TRACE_HOST_READ_MUX/diag_rsp_rdata_reg[24]/CE,READOUT_PATH
NVP_I2C_R2_OBSERVER/context_valid_count[5],NVP_TRACE_HOST_READ_MUX/diag_rsp_rdata_reg[23]/CE,READOUT_PATH
NVP_I2C_R2_OBSERVER/context_valid_count[5],NVP_TRACE_HOST_READ_MUX/diag_rsp_rdata_reg[22]/CE,READOUT_PATH
NVP_I2C_R2_OBSERVER/context_valid_count[5],NVP_TRACE_HOST_READ_MUX/diag_rsp_rdata_reg[21]/CE,READOUT_PATH
NVP_I2C_R2_OBSERVER/context_valid_count[5],NVP_TRACE_HOST_READ_MUX/diag_rsp_rdata_reg[20]/CE,READOUT_PATH
NVP_I2C_R2_OBSERVER/context_valid_count[5],NVP_TRACE_HOST_READ_MUX/diag_rsp_rdata_reg[1]/CE,READOUT_PATH
NVP_I2C_R2_OBSERVER/context_valid_count[5],NVP_TRACE_HOST_READ_MUX/diag_rsp_rdata_reg[19]/CE,READOUT_PATH
NVP_I2C_R2_OBSERVER/context_valid_count[5],NVP_TRACE_HOST_READ_MUX/diag_rsp_rdata_reg[18]/CE,READOUT_PATH
NVP_I2C_R2_OBSERVER/context_valid_count[5],NVP_TRACE_HOST_READ_MUX/diag_rsp_rdata_reg[17]/CE,READOUT_PATH
NVP_I2C_R2_OBSERVER/context_valid_count[5],NVP_TRACE_HOST_READ_MUX/diag_rsp_rdata_reg[16]/CE,READOUT_PATH
NVP_I2C_R2_OBSERVER/context_valid_count[5],NVP_TRACE_HOST_READ_MUX/diag_rsp_rdata_reg[15]/CE,READOUT_PATH
NVP_I2C_R2_OBSERVER/context_valid_count[5],NVP_TRACE_HOST_READ_MUX/diag_rsp_rdata_reg[14]/CE,READOUT_PATH
NVP_I2C_R2_OBSERVER/context_valid_count[5],NVP_TRACE_HOST_READ_MUX/diag_rsp_rdata_reg[13]/CE,READOUT_PATH
NVP_I2C_R2_OBSERVER/context_valid_count[5],NVP_TRACE_HOST_READ_MUX/diag_rsp_rdata_reg[12]/CE,READOUT_PATH
NVP_I2C_R2_OBSERVER/context_valid_count[5],NVP_TRACE_HOST_READ_MUX/diag_rsp_rdata_reg[11]/CE,READOUT_PATH
NVP_I2C_R2_OBSERVER/context_valid_count[5],NVP_TRACE_HOST_READ_MUX/diag_rsp_rdata_reg[10]/CE,READOUT_PATH
NVP_I2C_R2_OBSERVER/context_valid_count[5],NVP_TRACE_HOST_READ_MUX/diag_rsp_rdata_reg[0]/CE,READOUT_PATH
NVP_I2C_R2_OBSERVER/context_valid_count[5],NVP_TRACE_HOST_READ_MUX/diag_rsp_valid_reg/D,READOUT_PATH
NVP_I2C_R2_OBSERVER/context_valid_count[5],NVP_TRACE_HOST_READ_MUX/read_wait_reg[0]/D,READOUT_PATH
NVP_I2C_R2_OBSERVER/context_valid_count[5],NVP_TRACE_HOST_READ_MUX/diag_rsp_rdata_reg[31]/D,READOUT_PATH
NVP_I2C_R2_OBSERVER/context_valid_count[5],NVP_TRACE_HOST_READ_MUX/diag_rsp_rdata_reg[23]/D,READOUT_PATH
NVP_I2C_R2_OBSERVER/context_valid_count[5],NVP_TRACE_HOST_READ_MUX/diag_rsp_rdata_reg[22]/D,READOUT_PATH
NVP_I2C_R2_OBSERVER/context_valid_count[5],NVP_TRACE_HOST_READ_MUX/diag_rsp_rdata_reg[21]/D,READOUT_PATH
NVP_I2C_R2_OBSERVER/context_valid_count[5],NVP_TRACE_HOST_READ_MUX/diag_rsp_rdata_reg[18]/D,READOUT_PATH
NVP_I2C_R2_OBSERVER/context_valid_count[5],NVP_TRACE_HOST_READ_MUX/diag_rsp_rdata_reg[15]/D,READOUT_PATH
NVP_I2C_R2_OBSERVER/context_valid_count[5],NVP_TRACE_HOST_READ_MUX/diag_rsp_rdata_reg[12]/D,READOUT_PATH
NVP_I2C_R2_OBSERVER/context_valid_count[5],NVP_TRACE_HOST_READ_MUX/diag_rsp_rdata_reg[11]/D,READOUT_PATH
NVP_I2C_R2_OBSERVER/context_valid_count[5],NVP_TRACE_HOST_READ_MUX/read_word_select_reg[2]/D,READOUT_PATH
NVP_I2C_R2_OBSERVER/context_valid_count[5],NVP_TRACE_HOST_READ_MUX/diag_rsp_rdata_reg[9]/D,READOUT_PATH
NVP_I2C_R2_OBSERVER/context_valid_count[5],NVP_TRACE_HOST_READ_MUX/diag_rsp_rdata_reg[8]/D,READOUT_PATH
NVP_I2C_R2_OBSERVER/context_valid_count[5],NVP_TRACE_HOST_READ_MUX/diag_rsp_rdata_reg[7]/D,READOUT_PATH
NVP_I2C_R2_OBSERVER/context_valid_count[5],NVP_TRACE_HOST_READ_MUX/diag_rsp_rdata_reg[6]/D,READOUT_PATH
NVP_I2C_R2_OBSERVER/context_valid_count[5],NVP_TRACE_HOST_READ_MUX/diag_rsp_rdata_reg[5]/D,READOUT_PATH
NVP_I2C_R2_OBSERVER/context_valid_count[5],NVP_TRACE_HOST_READ_MUX/diag_rsp_rdata_reg[4]/D,READOUT_PATH
NVP_I2C_R2_OBSERVER/context_valid_count[5],NVP_TRACE_HOST_READ_MUX/diag_rsp_rdata_reg[3]/D,READOUT_PATH
NVP_I2C_R2_OBSERVER/context_valid_count[5],NVP_TRACE_HOST_READ_MUX/diag_rsp_rdata_reg[30]/D,READOUT_PATH
NVP_I2C_R2_OBSERVER/context_valid_count[5],NVP_TRACE_HOST_READ_MUX/diag_rsp_rdata_reg[2]/D,READOUT_PATH
NVP_I2C_R2_OBSERVER/context_valid_count[5],NVP_TRACE_HOST_READ_MUX/diag_rsp_rdata_reg[27]/D,READOUT_PATH
NVP_I2C_R2_OBSERVER/context_valid_count[5],NVP_TRACE_HOST_READ_MUX/diag_rsp_rdata_reg[26]/D,READOUT_PATH
NVP_I2C_R2_OBSERVER/context_valid_count[5],NVP_TRACE_HOST_READ_MUX/diag_rsp_rdata_reg[25]/D,READOUT_PATH
NVP_I2C_R2_OBSERVER/context_valid_count[5],NVP_TRACE_HOST_READ_MUX/diag_rsp_rdata_reg[1]/D,READOUT_PATH
NVP_I2C_R2_OBSERVER/context_valid_count[5],NVP_TRACE_HOST_READ_MUX/diag_rsp_rdata_reg[19]/D,READOUT_PATH
NVP_I2C_R2_OBSERVER/context_valid_count[5],NVP_TRACE_HOST_READ_MUX/diag_rsp_rdata_reg[14]/D,READOUT_PATH
NVP_I2C_R2_OBSERVER/context_valid_count[5],NVP_TRACE_HOST_READ_MUX/diag_rsp_rdata_reg[10]/D,READOUT_PATH
NVP_I2C_R2_OBSERVER/context_valid_count[5],NVP_TRACE_HOST_READ_MUX/diag_rsp_rdata_reg[0]/D,READOUT_PATH
NVP_I2C_R2_OBSERVER/context_valid_count[5],NVP_TRACE_HOST_READ_MUX/shadow_read_enable_reg/D,READOUT_PATH
NVP_I2C_R2_OBSERVER/context_valid_count[5],NVP_TRACE_HOST_READ_MUX/shadow_read_address_reg[7]/CE,READOUT_PATH
NVP_I2C_R2_OBSERVER/context_valid_count[5],NVP_TRACE_HOST_READ_MUX/shadow_read_address_reg[6]/CE,READOUT_PATH
NVP_I2C_R2_OBSERVER/context_valid_count[5],NVP_TRACE_HOST_READ_MUX/shadow_read_address_reg[5]/CE,READOUT_PATH
NVP_I2C_R2_OBSERVER/context_valid_count[5],NVP_TRACE_HOST_READ_MUX/shadow_read_address_reg[4]/CE,READOUT_PATH
NVP_I2C_R2_OBSERVER/context_valid_count[5],NVP_TRACE_HOST_READ_MUX/shadow_read_address_reg[3]/CE,READOUT_PATH
NVP_I2C_R2_OBSERVER/context_valid_count[5],NVP_TRACE_HOST_READ_MUX/shadow_read_address_reg[2]/CE,READOUT_PATH
NVP_I2C_R2_OBSERVER/context_valid_count[5],NVP_TRACE_HOST_READ_MUX/shadow_read_address_reg[1]/CE,READOUT_PATH
NVP_I2C_R2_OBSERVER/context_valid_count[5],NVP_TRACE_HOST_READ_MUX/shadow_read_address_reg[0]/CE,READOUT_PATH
NVP_I2C_R2_OBSERVER/context_valid_count[5],NVP_TRACE_HOST_READ_MUX/diag_rsp_rdata_reg[28]/D,READOUT_PATH
NVP_I2C_R2_OBSERVER/context_valid_count[5],NVP_TRACE_HOST_READ_MUX/diag_rsp_rdata_reg[24]/D,READOUT_PATH
NVP_I2C_R2_OBSERVER/context_valid_count[5],NVP_TRACE_HOST_READ_MUX/diag_rsp_rdata_reg[20]/D,READOUT_PATH
NVP_I2C_R2_OBSERVER/context_valid_count[5],NVP_TRACE_HOST_READ_MUX/diag_rsp_rdata_reg[17]/D,READOUT_PATH
NVP_I2C_R2_OBSERVER/context_valid_count[5],NVP_TRACE_HOST_READ_MUX/diag_rsp_rdata_reg[16]/D,READOUT_PATH
NVP_I2C_R2_OBSERVER/context_valid_count[5],NVP_TRACE_HOST_READ_MUX/diag_rsp_rdata_reg[13]/D,READOUT_PATH
NVP_I2C_R2_OBSERVER/context_valid_count[5],NVP_TRACE_HOST_READ_MUX/read_kind_reg[1]/D,READOUT_PATH
NVP_I2C_R2_OBSERVER/context_valid_count[5],NVP_TRACE_HOST_READ_MUX/read_kind_reg[0]/D,READOUT_PATH
NVP_I2C_R2_OBSERVER/context_valid_count[5],NVP_TRACE_HOST_READ_MUX/read_word_select_reg[1]/D,READOUT_PATH
NVP_I2C_R2_OBSERVER/context_valid_count[5],NVP_TRACE_HOST_READ_MUX/read_word_select_reg[0]/D,READOUT_PATH
NVP_I2C_R2_OBSERVER/context_valid_count[5],NVP_TRACE_HOST_READ_MUX/read_wait_reg[1]/D,READOUT_PATH
NVP_I2C_R2_OBSERVER/context_valid_count[5],NVP_TRACE_HOST_READ_MUX/context_read_enable_reg/D,READOUT_PATH
NVP_I2C_R2_OBSERVER/context_valid_count[5],NVP_TRACE_HOST_READ_MUX/context_read_address_reg[8]/CE,READOUT_PATH
NVP_I2C_R2_OBSERVER/context_valid_count[5],NVP_TRACE_HOST_READ_MUX/context_read_address_reg[7]/CE,READOUT_PATH
NVP_I2C_R2_OBSERVER/context_valid_count[5],NVP_TRACE_HOST_READ_MUX/context_read_address_reg[6]/CE,READOUT_PATH
NVP_I2C_R2_OBSERVER/context_valid_count[5],NVP_TRACE_HOST_READ_MUX/context_read_address_reg[5]/CE,READOUT_PATH
NVP_I2C_R2_OBSERVER/context_valid_count[5],NVP_TRACE_HOST_READ_MUX/context_read_address_reg[4]/CE,READOUT_PATH
NVP_I2C_R2_OBSERVER/context_valid_count[5],NVP_TRACE_HOST_READ_MUX/context_read_address_reg[3]/CE,READOUT_PATH
NVP_I2C_R2_OBSERVER/context_valid_count[5],NVP_TRACE_HOST_READ_MUX/context_read_address_reg[2]/CE,READOUT_PATH
NVP_I2C_R2_OBSERVER/context_valid_count[5],NVP_TRACE_HOST_READ_MUX/context_read_address_reg[1]/CE,READOUT_PATH
NVP_I2C_R2_OBSERVER/context_valid_count[5],NVP_TRACE_HOST_READ_MUX/context_read_address_reg[0]/CE,READOUT_PATH
NVP_I2C_R2_OBSERVER/context_valid_count[6],NVP_TRACE_HOST_READ_MUX/diag_rsp_rdata_reg[29]/D,READOUT_PATH
NVP_I2C_R2_OBSERVER/context_valid_count[6],NVP_TRACE_HOST_READ_MUX/diag_rsp_rdata_reg[9]/CE,READOUT_PATH
NVP_I2C_R2_OBSERVER/context_valid_count[6],NVP_TRACE_HOST_READ_MUX/diag_rsp_rdata_reg[8]/CE,READOUT_PATH
NVP_I2C_R2_OBSERVER/context_valid_count[6],NVP_TRACE_HOST_READ_MUX/diag_rsp_rdata_reg[7]/CE,READOUT_PATH
NVP_I2C_R2_OBSERVER/context_valid_count[6],NVP_TRACE_HOST_READ_MUX/diag_rsp_rdata_reg[6]/CE,READOUT_PATH
NVP_I2C_R2_OBSERVER/context_valid_count[6],NVP_TRACE_HOST_READ_MUX/diag_rsp_rdata_reg[5]/CE,READOUT_PATH
NVP_I2C_R2_OBSERVER/context_valid_count[6],NVP_TRACE_HOST_READ_MUX/diag_rsp_rdata_reg[4]/CE,READOUT_PATH
NVP_I2C_R2_OBSERVER/context_valid_count[6],NVP_TRACE_HOST_READ_MUX/diag_rsp_rdata_reg[3]/CE,READOUT_PATH
NVP_I2C_R2_OBSERVER/context_valid_count[6],NVP_TRACE_HOST_READ_MUX/diag_rsp_rdata_reg[31]/CE,READOUT_PATH
NVP_I2C_R2_OBSERVER/context_valid_count[6],NVP_TRACE_HOST_READ_MUX/diag_rsp_rdata_reg[30]/CE,READOUT_PATH
NVP_I2C_R2_OBSERVER/context_valid_count[6],NVP_TRACE_HOST_READ_MUX/diag_rsp_rdata_reg[2]/CE,READOUT_PATH
NVP_I2C_R2_OBSERVER/context_valid_count[6],NVP_TRACE_HOST_READ_MUX/diag_rsp_rdata_reg[28]/CE,READOUT_PATH
NVP_I2C_R2_OBSERVER/context_valid_count[6],NVP_TRACE_HOST_READ_MUX/diag_rsp_rdata_reg[27]/CE,READOUT_PATH
NVP_I2C_R2_OBSERVER/context_valid_count[6],NVP_TRACE_HOST_READ_MUX/diag_rsp_rdata_reg[26]/CE,READOUT_PATH
NVP_I2C_R2_OBSERVER/context_valid_count[6],NVP_TRACE_HOST_READ_MUX/diag_rsp_rdata_reg[25]/CE,READOUT_PATH
NVP_I2C_R2_OBSERVER/context_valid_count[6],NVP_TRACE_HOST_READ_MUX/diag_rsp_rdata_reg[24]/CE,READOUT_PATH
NVP_I2C_R2_OBSERVER/context_valid_count[6],NVP_TRACE_HOST_READ_MUX/diag_rsp_rdata_reg[23]/CE,READOUT_PATH
NVP_I2C_R2_OBSERVER/context_valid_count[6],NVP_TRACE_HOST_READ_MUX/diag_rsp_rdata_reg[22]/CE,READOUT_PATH
NVP_I2C_R2_OBSERVER/context_valid_count[6],NVP_TRACE_HOST_READ_MUX/diag_rsp_rdata_reg[21]/CE,READOUT_PATH
NVP_I2C_R2_OBSERVER/context_valid_count[6],NVP_TRACE_HOST_READ_MUX/diag_rsp_rdata_reg[20]/CE,READOUT_PATH
NVP_I2C_R2_OBSERVER/context_valid_count[6],NVP_TRACE_HOST_READ_MUX/diag_rsp_rdata_reg[1]/CE,READOUT_PATH
NVP_I2C_R2_OBSERVER/context_valid_count[6],NVP_TRACE_HOST_READ_MUX/diag_rsp_rdata_reg[19]/CE,READOUT_PATH
NVP_I2C_R2_OBSERVER/context_valid_count[6],NVP_TRACE_HOST_READ_MUX/diag_rsp_rdata_reg[18]/CE,READOUT_PATH
NVP_I2C_R2_OBSERVER/context_valid_count[6],NVP_TRACE_HOST_READ_MUX/diag_rsp_rdata_reg[17]/CE,READOUT_PATH
NVP_I2C_R2_OBSERVER/context_valid_count[6],NVP_TRACE_HOST_READ_MUX/diag_rsp_rdata_reg[16]/CE,READOUT_PATH
NVP_I2C_R2_OBSERVER/context_valid_count[6],NVP_TRACE_HOST_READ_MUX/diag_rsp_rdata_reg[15]/CE,READOUT_PATH
NVP_I2C_R2_OBSERVER/context_valid_count[6],NVP_TRACE_HOST_READ_MUX/diag_rsp_rdata_reg[14]/CE,READOUT_PATH
NVP_I2C_R2_OBSERVER/context_valid_count[6],NVP_TRACE_HOST_READ_MUX/diag_rsp_rdata_reg[13]/CE,READOUT_PATH
NVP_I2C_R2_OBSERVER/context_valid_count[6],NVP_TRACE_HOST_READ_MUX/diag_rsp_rdata_reg[12]/CE,READOUT_PATH
NVP_I2C_R2_OBSERVER/context_valid_count[6],NVP_TRACE_HOST_READ_MUX/diag_rsp_rdata_reg[11]/CE,READOUT_PATH
NVP_I2C_R2_OBSERVER/context_valid_count[6],NVP_TRACE_HOST_READ_MUX/diag_rsp_rdata_reg[10]/CE,READOUT_PATH
NVP_I2C_R2_OBSERVER/context_valid_count[6],NVP_TRACE_HOST_READ_MUX/diag_rsp_rdata_reg[0]/CE,READOUT_PATH
NVP_I2C_R2_OBSERVER/context_valid_count[6],NVP_TRACE_HOST_READ_MUX/diag_rsp_valid_reg/D,READOUT_PATH
NVP_I2C_R2_OBSERVER/context_valid_count[6],NVP_TRACE_HOST_READ_MUX/read_wait_reg[0]/D,READOUT_PATH
NVP_I2C_R2_OBSERVER/context_valid_count[6],NVP_TRACE_HOST_READ_MUX/diag_rsp_rdata_reg[31]/D,READOUT_PATH
NVP_I2C_R2_OBSERVER/context_valid_count[6],NVP_TRACE_HOST_READ_MUX/diag_rsp_rdata_reg[23]/D,READOUT_PATH
NVP_I2C_R2_OBSERVER/context_valid_count[6],NVP_TRACE_HOST_READ_MUX/diag_rsp_rdata_reg[22]/D,READOUT_PATH
NVP_I2C_R2_OBSERVER/context_valid_count[6],NVP_TRACE_HOST_READ_MUX/diag_rsp_rdata_reg[21]/D,READOUT_PATH
NVP_I2C_R2_OBSERVER/context_valid_count[6],NVP_TRACE_HOST_READ_MUX/diag_rsp_rdata_reg[18]/D,READOUT_PATH
NVP_I2C_R2_OBSERVER/context_valid_count[6],NVP_TRACE_HOST_READ_MUX/diag_rsp_rdata_reg[15]/D,READOUT_PATH
NVP_I2C_R2_OBSERVER/context_valid_count[6],NVP_TRACE_HOST_READ_MUX/diag_rsp_rdata_reg[12]/D,READOUT_PATH
NVP_I2C_R2_OBSERVER/context_valid_count[6],NVP_TRACE_HOST_READ_MUX/diag_rsp_rdata_reg[11]/D,READOUT_PATH
NVP_I2C_R2_OBSERVER/context_valid_count[6],NVP_TRACE_HOST_READ_MUX/read_word_select_reg[2]/D,READOUT_PATH
NVP_I2C_R2_OBSERVER/context_valid_count[6],NVP_TRACE_HOST_READ_MUX/diag_rsp_rdata_reg[9]/D,READOUT_PATH
NVP_I2C_R2_OBSERVER/context_valid_count[6],NVP_TRACE_HOST_READ_MUX/diag_rsp_rdata_reg[8]/D,READOUT_PATH
NVP_I2C_R2_OBSERVER/context_valid_count[6],NVP_TRACE_HOST_READ_MUX/diag_rsp_rdata_reg[7]/D,READOUT_PATH
NVP_I2C_R2_OBSERVER/context_valid_count[6],NVP_TRACE_HOST_READ_MUX/diag_rsp_rdata_reg[6]/D,READOUT_PATH
NVP_I2C_R2_OBSERVER/context_valid_count[6],NVP_TRACE_HOST_READ_MUX/diag_rsp_rdata_reg[5]/D,READOUT_PATH
NVP_I2C_R2_OBSERVER/context_valid_count[6],NVP_TRACE_HOST_READ_MUX/diag_rsp_rdata_reg[4]/D,READOUT_PATH
NVP_I2C_R2_OBSERVER/context_valid_count[6],NVP_TRACE_HOST_READ_MUX/diag_rsp_rdata_reg[3]/D,READOUT_PATH
NVP_I2C_R2_OBSERVER/context_valid_count[6],NVP_TRACE_HOST_READ_MUX/diag_rsp_rdata_reg[30]/D,READOUT_PATH
NVP_I2C_R2_OBSERVER/context_valid_count[6],NVP_TRACE_HOST_READ_MUX/diag_rsp_rdata_reg[2]/D,READOUT_PATH
NVP_I2C_R2_OBSERVER/context_valid_count[6],NVP_TRACE_HOST_READ_MUX/diag_rsp_rdata_reg[27]/D,READOUT_PATH
NVP_I2C_R2_OBSERVER/context_valid_count[6],NVP_TRACE_HOST_READ_MUX/diag_rsp_rdata_reg[26]/D,READOUT_PATH
NVP_I2C_R2_OBSERVER/context_valid_count[6],NVP_TRACE_HOST_READ_MUX/diag_rsp_rdata_reg[25]/D,READOUT_PATH
NVP_I2C_R2_OBSERVER/context_valid_count[6],NVP_TRACE_HOST_READ_MUX/diag_rsp_rdata_reg[1]/D,READOUT_PATH
NVP_I2C_R2_OBSERVER/context_valid_count[6],NVP_TRACE_HOST_READ_MUX/diag_rsp_rdata_reg[19]/D,READOUT_PATH
NVP_I2C_R2_OBSERVER/context_valid_count[6],NVP_TRACE_HOST_READ_MUX/diag_rsp_rdata_reg[14]/D,READOUT_PATH
NVP_I2C_R2_OBSERVER/context_valid_count[6],NVP_TRACE_HOST_READ_MUX/diag_rsp_rdata_reg[10]/D,READOUT_PATH
NVP_I2C_R2_OBSERVER/context_valid_count[6],NVP_TRACE_HOST_READ_MUX/diag_rsp_rdata_reg[0]/D,READOUT_PATH
NVP_I2C_R2_OBSERVER/context_valid_count[6],NVP_TRACE_HOST_READ_MUX/shadow_read_enable_reg/D,READOUT_PATH
NVP_I2C_R2_OBSERVER/context_valid_count[6],NVP_TRACE_HOST_READ_MUX/shadow_read_address_reg[7]/CE,READOUT_PATH
NVP_I2C_R2_OBSERVER/context_valid_count[6],NVP_TRACE_HOST_READ_MUX/shadow_read_address_reg[6]/CE,READOUT_PATH
NVP_I2C_R2_OBSERVER/context_valid_count[6],NVP_TRACE_HOST_READ_MUX/shadow_read_address_reg[5]/CE,READOUT_PATH
NVP_I2C_R2_OBSERVER/context_valid_count[6],NVP_TRACE_HOST_READ_MUX/shadow_read_address_reg[4]/CE,READOUT_PATH
NVP_I2C_R2_OBSERVER/context_valid_count[6],NVP_TRACE_HOST_READ_MUX/shadow_read_address_reg[3]/CE,READOUT_PATH
NVP_I2C_R2_OBSERVER/context_valid_count[6],NVP_TRACE_HOST_READ_MUX/shadow_read_address_reg[2]/CE,READOUT_PATH
NVP_I2C_R2_OBSERVER/context_valid_count[6],NVP_TRACE_HOST_READ_MUX/shadow_read_address_reg[1]/CE,READOUT_PATH
NVP_I2C_R2_OBSERVER/context_valid_count[6],NVP_TRACE_HOST_READ_MUX/shadow_read_address_reg[0]/CE,READOUT_PATH
NVP_I2C_R2_OBSERVER/context_valid_count[6],NVP_TRACE_HOST_READ_MUX/diag_rsp_rdata_reg[28]/D,READOUT_PATH
NVP_I2C_R2_OBSERVER/context_valid_count[6],NVP_TRACE_HOST_READ_MUX/diag_rsp_rdata_reg[24]/D,READOUT_PATH
NVP_I2C_R2_OBSERVER/context_valid_count[6],NVP_TRACE_HOST_READ_MUX/diag_rsp_rdata_reg[20]/D,READOUT_PATH
NVP_I2C_R2_OBSERVER/context_valid_count[6],NVP_TRACE_HOST_READ_MUX/diag_rsp_rdata_reg[17]/D,READOUT_PATH
NVP_I2C_R2_OBSERVER/context_valid_count[6],NVP_TRACE_HOST_READ_MUX/diag_rsp_rdata_reg[16]/D,READOUT_PATH
NVP_I2C_R2_OBSERVER/context_valid_count[6],NVP_TRACE_HOST_READ_MUX/diag_rsp_rdata_reg[13]/D,READOUT_PATH
NVP_I2C_R2_OBSERVER/context_valid_count[6],NVP_TRACE_HOST_READ_MUX/read_kind_reg[1]/D,READOUT_PATH
NVP_I2C_R2_OBSERVER/context_valid_count[6],NVP_TRACE_HOST_READ_MUX/read_kind_reg[0]/D,READOUT_PATH
NVP_I2C_R2_OBSERVER/context_valid_count[6],NVP_TRACE_HOST_READ_MUX/read_word_select_reg[1]/D,READOUT_PATH
NVP_I2C_R2_OBSERVER/context_valid_count[6],NVP_TRACE_HOST_READ_MUX/read_word_select_reg[0]/D,READOUT_PATH
NVP_I2C_R2_OBSERVER/context_valid_count[6],NVP_TRACE_HOST_READ_MUX/read_wait_reg[1]/D,READOUT_PATH
NVP_I2C_R2_OBSERVER/context_valid_count[6],NVP_TRACE_HOST_READ_MUX/context_read_enable_reg/D,READOUT_PATH
NVP_I2C_R2_OBSERVER/context_valid_count[6],NVP_TRACE_HOST_READ_MUX/context_read_address_reg[8]/CE,READOUT_PATH
NVP_I2C_R2_OBSERVER/context_valid_count[6],NVP_TRACE_HOST_READ_MUX/context_read_address_reg[7]/CE,READOUT_PATH
NVP_I2C_R2_OBSERVER/context_valid_count[6],NVP_TRACE_HOST_READ_MUX/context_read_address_reg[6]/CE,READOUT_PATH
NVP_I2C_R2_OBSERVER/context_valid_count[6],NVP_TRACE_HOST_READ_MUX/context_read_address_reg[5]/CE,READOUT_PATH
NVP_I2C_R2_OBSERVER/context_valid_count[6],NVP_TRACE_HOST_READ_MUX/context_read_address_reg[4]/CE,READOUT_PATH
NVP_I2C_R2_OBSERVER/context_valid_count[6],NVP_TRACE_HOST_READ_MUX/context_read_address_reg[3]/CE,READOUT_PATH
NVP_I2C_R2_OBSERVER/context_valid_count[6],NVP_TRACE_HOST_READ_MUX/context_read_address_reg[2]/CE,READOUT_PATH
NVP_I2C_R2_OBSERVER/context_valid_count[6],NVP_TRACE_HOST_READ_MUX/context_read_address_reg[1]/CE,READOUT_PATH
NVP_I2C_R2_OBSERVER/context_valid_count[6],NVP_TRACE_HOST_READ_MUX/context_read_address_reg[0]/CE,READOUT_PATH
NVP_I2C_R2_OBSERVER/context_valid_count[7],NVP_TRACE_HOST_READ_MUX/diag_rsp_rdata_reg[29]/D,READOUT_PATH
NVP_I2C_R2_OBSERVER/context_valid_count[7],NVP_TRACE_HOST_READ_MUX/diag_rsp_rdata_reg[9]/CE,READOUT_PATH
NVP_I2C_R2_OBSERVER/context_valid_count[7],NVP_TRACE_HOST_READ_MUX/diag_rsp_rdata_reg[8]/CE,READOUT_PATH
NVP_I2C_R2_OBSERVER/context_valid_count[7],NVP_TRACE_HOST_READ_MUX/diag_rsp_rdata_reg[7]/CE,READOUT_PATH
NVP_I2C_R2_OBSERVER/context_valid_count[7],NVP_TRACE_HOST_READ_MUX/diag_rsp_rdata_reg[6]/CE,READOUT_PATH
NVP_I2C_R2_OBSERVER/context_valid_count[7],NVP_TRACE_HOST_READ_MUX/diag_rsp_rdata_reg[5]/CE,READOUT_PATH
NVP_I2C_R2_OBSERVER/context_valid_count[7],NVP_TRACE_HOST_READ_MUX/diag_rsp_rdata_reg[4]/CE,READOUT_PATH
NVP_I2C_R2_OBSERVER/context_valid_count[7],NVP_TRACE_HOST_READ_MUX/diag_rsp_rdata_reg[3]/CE,READOUT_PATH
NVP_I2C_R2_OBSERVER/context_valid_count[7],NVP_TRACE_HOST_READ_MUX/diag_rsp_rdata_reg[31]/CE,READOUT_PATH
NVP_I2C_R2_OBSERVER/context_valid_count[7],NVP_TRACE_HOST_READ_MUX/diag_rsp_rdata_reg[30]/CE,READOUT_PATH
NVP_I2C_R2_OBSERVER/context_valid_count[7],NVP_TRACE_HOST_READ_MUX/diag_rsp_rdata_reg[2]/CE,READOUT_PATH
NVP_I2C_R2_OBSERVER/context_valid_count[7],NVP_TRACE_HOST_READ_MUX/diag_rsp_rdata_reg[28]/CE,READOUT_PATH
NVP_I2C_R2_OBSERVER/context_valid_count[7],NVP_TRACE_HOST_READ_MUX/diag_rsp_rdata_reg[27]/CE,READOUT_PATH
NVP_I2C_R2_OBSERVER/context_valid_count[7],NVP_TRACE_HOST_READ_MUX/diag_rsp_rdata_reg[26]/CE,READOUT_PATH
NVP_I2C_R2_OBSERVER/context_valid_count[7],NVP_TRACE_HOST_READ_MUX/diag_rsp_rdata_reg[25]/CE,READOUT_PATH
NVP_I2C_R2_OBSERVER/context_valid_count[7],NVP_TRACE_HOST_READ_MUX/diag_rsp_rdata_reg[24]/CE,READOUT_PATH
NVP_I2C_R2_OBSERVER/context_valid_count[7],NVP_TRACE_HOST_READ_MUX/diag_rsp_rdata_reg[23]/CE,READOUT_PATH
NVP_I2C_R2_OBSERVER/context_valid_count[7],NVP_TRACE_HOST_READ_MUX/diag_rsp_rdata_reg[22]/CE,READOUT_PATH
NVP_I2C_R2_OBSERVER/context_valid_count[7],NVP_TRACE_HOST_READ_MUX/diag_rsp_rdata_reg[21]/CE,READOUT_PATH
NVP_I2C_R2_OBSERVER/context_valid_count[7],NVP_TRACE_HOST_READ_MUX/diag_rsp_rdata_reg[20]/CE,READOUT_PATH
NVP_I2C_R2_OBSERVER/context_valid_count[7],NVP_TRACE_HOST_READ_MUX/diag_rsp_rdata_reg[1]/CE,READOUT_PATH
NVP_I2C_R2_OBSERVER/context_valid_count[7],NVP_TRACE_HOST_READ_MUX/diag_rsp_rdata_reg[19]/CE,READOUT_PATH
NVP_I2C_R2_OBSERVER/context_valid_count[7],NVP_TRACE_HOST_READ_MUX/diag_rsp_rdata_reg[18]/CE,READOUT_PATH
NVP_I2C_R2_OBSERVER/context_valid_count[7],NVP_TRACE_HOST_READ_MUX/diag_rsp_rdata_reg[17]/CE,READOUT_PATH
NVP_I2C_R2_OBSERVER/context_valid_count[7],NVP_TRACE_HOST_READ_MUX/diag_rsp_rdata_reg[16]/CE,READOUT_PATH
NVP_I2C_R2_OBSERVER/context_valid_count[7],NVP_TRACE_HOST_READ_MUX/diag_rsp_rdata_reg[15]/CE,READOUT_PATH
NVP_I2C_R2_OBSERVER/context_valid_count[7],NVP_TRACE_HOST_READ_MUX/diag_rsp_rdata_reg[14]/CE,READOUT_PATH
NVP_I2C_R2_OBSERVER/context_valid_count[7],NVP_TRACE_HOST_READ_MUX/diag_rsp_rdata_reg[13]/CE,READOUT_PATH
NVP_I2C_R2_OBSERVER/context_valid_count[7],NVP_TRACE_HOST_READ_MUX/diag_rsp_rdata_reg[12]/CE,READOUT_PATH
NVP_I2C_R2_OBSERVER/context_valid_count[7],NVP_TRACE_HOST_READ_MUX/diag_rsp_rdata_reg[11]/CE,READOUT_PATH
NVP_I2C_R2_OBSERVER/context_valid_count[7],NVP_TRACE_HOST_READ_MUX/diag_rsp_rdata_reg[10]/CE,READOUT_PATH
NVP_I2C_R2_OBSERVER/context_valid_count[7],NVP_TRACE_HOST_READ_MUX/diag_rsp_rdata_reg[0]/CE,READOUT_PATH
NVP_I2C_R2_OBSERVER/context_valid_count[7],NVP_TRACE_HOST_READ_MUX/diag_rsp_valid_reg/D,READOUT_PATH
NVP_I2C_R2_OBSERVER/context_valid_count[7],NVP_TRACE_HOST_READ_MUX/read_wait_reg[0]/D,READOUT_PATH
NVP_I2C_R2_OBSERVER/context_valid_count[7],NVP_TRACE_HOST_READ_MUX/diag_rsp_rdata_reg[31]/D,READOUT_PATH
NVP_I2C_R2_OBSERVER/context_valid_count[7],NVP_TRACE_HOST_READ_MUX/diag_rsp_rdata_reg[23]/D,READOUT_PATH
NVP_I2C_R2_OBSERVER/context_valid_count[7],NVP_TRACE_HOST_READ_MUX/diag_rsp_rdata_reg[22]/D,READOUT_PATH
NVP_I2C_R2_OBSERVER/context_valid_count[7],NVP_TRACE_HOST_READ_MUX/diag_rsp_rdata_reg[21]/D,READOUT_PATH
NVP_I2C_R2_OBSERVER/context_valid_count[7],NVP_TRACE_HOST_READ_MUX/diag_rsp_rdata_reg[18]/D,READOUT_PATH
NVP_I2C_R2_OBSERVER/context_valid_count[7],NVP_TRACE_HOST_READ_MUX/diag_rsp_rdata_reg[15]/D,READOUT_PATH
NVP_I2C_R2_OBSERVER/context_valid_count[7],NVP_TRACE_HOST_READ_MUX/diag_rsp_rdata_reg[12]/D,READOUT_PATH
NVP_I2C_R2_OBSERVER/context_valid_count[7],NVP_TRACE_HOST_READ_MUX/diag_rsp_rdata_reg[11]/D,READOUT_PATH
NVP_I2C_R2_OBSERVER/context_valid_count[7],NVP_TRACE_HOST_READ_MUX/read_word_select_reg[2]/D,READOUT_PATH
NVP_I2C_R2_OBSERVER/context_valid_count[7],NVP_TRACE_HOST_READ_MUX/diag_rsp_rdata_reg[9]/D,READOUT_PATH
NVP_I2C_R2_OBSERVER/context_valid_count[7],NVP_TRACE_HOST_READ_MUX/diag_rsp_rdata_reg[8]/D,READOUT_PATH
NVP_I2C_R2_OBSERVER/context_valid_count[7],NVP_TRACE_HOST_READ_MUX/diag_rsp_rdata_reg[7]/D,READOUT_PATH
NVP_I2C_R2_OBSERVER/context_valid_count[7],NVP_TRACE_HOST_READ_MUX/diag_rsp_rdata_reg[6]/D,READOUT_PATH
NVP_I2C_R2_OBSERVER/context_valid_count[7],NVP_TRACE_HOST_READ_MUX/diag_rsp_rdata_reg[5]/D,READOUT_PATH
NVP_I2C_R2_OBSERVER/context_valid_count[7],NVP_TRACE_HOST_READ_MUX/diag_rsp_rdata_reg[4]/D,READOUT_PATH
NVP_I2C_R2_OBSERVER/context_valid_count[7],NVP_TRACE_HOST_READ_MUX/diag_rsp_rdata_reg[3]/D,READOUT_PATH
NVP_I2C_R2_OBSERVER/context_valid_count[7],NVP_TRACE_HOST_READ_MUX/diag_rsp_rdata_reg[30]/D,READOUT_PATH
NVP_I2C_R2_OBSERVER/context_valid_count[7],NVP_TRACE_HOST_READ_MUX/diag_rsp_rdata_reg[2]/D,READOUT_PATH
NVP_I2C_R2_OBSERVER/context_valid_count[7],NVP_TRACE_HOST_READ_MUX/diag_rsp_rdata_reg[27]/D,READOUT_PATH
NVP_I2C_R2_OBSERVER/context_valid_count[7],NVP_TRACE_HOST_READ_MUX/diag_rsp_rdata_reg[26]/D,READOUT_PATH
NVP_I2C_R2_OBSERVER/context_valid_count[7],NVP_TRACE_HOST_READ_MUX/diag_rsp_rdata_reg[25]/D,READOUT_PATH
NVP_I2C_R2_OBSERVER/context_valid_count[7],NVP_TRACE_HOST_READ_MUX/diag_rsp_rdata_reg[1]/D,READOUT_PATH
NVP_I2C_R2_OBSERVER/context_valid_count[7],NVP_TRACE_HOST_READ_MUX/diag_rsp_rdata_reg[19]/D,READOUT_PATH
NVP_I2C_R2_OBSERVER/context_valid_count[7],NVP_TRACE_HOST_READ_MUX/diag_rsp_rdata_reg[14]/D,READOUT_PATH
NVP_I2C_R2_OBSERVER/context_valid_count[7],NVP_TRACE_HOST_READ_MUX/diag_rsp_rdata_reg[10]/D,READOUT_PATH
NVP_I2C_R2_OBSERVER/context_valid_count[7],NVP_TRACE_HOST_READ_MUX/diag_rsp_rdata_reg[0]/D,READOUT_PATH
NVP_I2C_R2_OBSERVER/context_valid_count[7],NVP_TRACE_HOST_READ_MUX/shadow_read_enable_reg/D,READOUT_PATH
NVP_I2C_R2_OBSERVER/context_valid_count[7],NVP_TRACE_HOST_READ_MUX/shadow_read_address_reg[7]/CE,READOUT_PATH
NVP_I2C_R2_OBSERVER/context_valid_count[7],NVP_TRACE_HOST_READ_MUX/shadow_read_address_reg[6]/CE,READOUT_PATH
NVP_I2C_R2_OBSERVER/context_valid_count[7],NVP_TRACE_HOST_READ_MUX/shadow_read_address_reg[5]/CE,READOUT_PATH
NVP_I2C_R2_OBSERVER/context_valid_count[7],NVP_TRACE_HOST_READ_MUX/shadow_read_address_reg[4]/CE,READOUT_PATH
NVP_I2C_R2_OBSERVER/context_valid_count[7],NVP_TRACE_HOST_READ_MUX/shadow_read_address_reg[3]/CE,READOUT_PATH
NVP_I2C_R2_OBSERVER/context_valid_count[7],NVP_TRACE_HOST_READ_MUX/shadow_read_address_reg[2]/CE,READOUT_PATH
NVP_I2C_R2_OBSERVER/context_valid_count[7],NVP_TRACE_HOST_READ_MUX/shadow_read_address_reg[1]/CE,READOUT_PATH
NVP_I2C_R2_OBSERVER/context_valid_count[7],NVP_TRACE_HOST_READ_MUX/shadow_read_address_reg[0]/CE,READOUT_PATH
NVP_I2C_R2_OBSERVER/context_valid_count[7],NVP_TRACE_HOST_READ_MUX/diag_rsp_rdata_reg[28]/D,READOUT_PATH
NVP_I2C_R2_OBSERVER/context_valid_count[7],NVP_TRACE_HOST_READ_MUX/diag_rsp_rdata_reg[24]/D,READOUT_PATH
NVP_I2C_R2_OBSERVER/context_valid_count[7],NVP_TRACE_HOST_READ_MUX/diag_rsp_rdata_reg[20]/D,READOUT_PATH
NVP_I2C_R2_OBSERVER/context_valid_count[7],NVP_TRACE_HOST_READ_MUX/diag_rsp_rdata_reg[17]/D,READOUT_PATH
NVP_I2C_R2_OBSERVER/context_valid_count[7],NVP_TRACE_HOST_READ_MUX/diag_rsp_rdata_reg[16]/D,READOUT_PATH
NVP_I2C_R2_OBSERVER/context_valid_count[7],NVP_TRACE_HOST_READ_MUX/diag_rsp_rdata_reg[13]/D,READOUT_PATH
NVP_I2C_R2_OBSERVER/context_valid_count[7],NVP_TRACE_HOST_READ_MUX/read_kind_reg[1]/D,READOUT_PATH
NVP_I2C_R2_OBSERVER/context_valid_count[7],NVP_TRACE_HOST_READ_MUX/read_kind_reg[0]/D,READOUT_PATH
NVP_I2C_R2_OBSERVER/context_valid_count[7],NVP_TRACE_HOST_READ_MUX/read_word_select_reg[1]/D,READOUT_PATH
NVP_I2C_R2_OBSERVER/context_valid_count[7],NVP_TRACE_HOST_READ_MUX/read_word_select_reg[0]/D,READOUT_PATH
NVP_I2C_R2_OBSERVER/context_valid_count[7],NVP_TRACE_HOST_READ_MUX/read_wait_reg[1]/D,READOUT_PATH
NVP_I2C_R2_OBSERVER/context_valid_count[7],NVP_TRACE_HOST_READ_MUX/context_read_enable_reg/D,READOUT_PATH
NVP_I2C_R2_OBSERVER/context_valid_count[7],NVP_TRACE_HOST_READ_MUX/context_read_address_reg[8]/CE,READOUT_PATH
NVP_I2C_R2_OBSERVER/context_valid_count[7],NVP_TRACE_HOST_READ_MUX/context_read_address_reg[7]/CE,READOUT_PATH
NVP_I2C_R2_OBSERVER/context_valid_count[7],NVP_TRACE_HOST_READ_MUX/context_read_address_reg[6]/CE,READOUT_PATH
NVP_I2C_R2_OBSERVER/context_valid_count[7],NVP_TRACE_HOST_READ_MUX/context_read_address_reg[5]/CE,READOUT_PATH
NVP_I2C_R2_OBSERVER/context_valid_count[7],NVP_TRACE_HOST_READ_MUX/context_read_address_reg[4]/CE,READOUT_PATH
NVP_I2C_R2_OBSERVER/context_valid_count[7],NVP_TRACE_HOST_READ_MUX/context_read_address_reg[3]/CE,READOUT_PATH
NVP_I2C_R2_OBSERVER/context_valid_count[7],NVP_TRACE_HOST_READ_MUX/context_read_address_reg[2]/CE,READOUT_PATH
NVP_I2C_R2_OBSERVER/context_valid_count[7],NVP_TRACE_HOST_READ_MUX/context_read_address_reg[1]/CE,READOUT_PATH
NVP_I2C_R2_OBSERVER/context_valid_count[7],NVP_TRACE_HOST_READ_MUX/context_read_address_reg[0]/CE,READOUT_PATH
NVP_I2C_R2_OBSERVER/context_valid_count[8],NVP_TRACE_HOST_READ_MUX/diag_rsp_rdata_reg[29]/D,READOUT_PATH
NVP_I2C_R2_OBSERVER/context_valid_count[8],NVP_TRACE_HOST_READ_MUX/diag_rsp_rdata_reg[9]/CE,READOUT_PATH
NVP_I2C_R2_OBSERVER/context_valid_count[8],NVP_TRACE_HOST_READ_MUX/diag_rsp_rdata_reg[8]/CE,READOUT_PATH
NVP_I2C_R2_OBSERVER/context_valid_count[8],NVP_TRACE_HOST_READ_MUX/diag_rsp_rdata_reg[7]/CE,READOUT_PATH
NVP_I2C_R2_OBSERVER/context_valid_count[8],NVP_TRACE_HOST_READ_MUX/diag_rsp_rdata_reg[6]/CE,READOUT_PATH
NVP_I2C_R2_OBSERVER/context_valid_count[8],NVP_TRACE_HOST_READ_MUX/diag_rsp_rdata_reg[5]/CE,READOUT_PATH
NVP_I2C_R2_OBSERVER/context_valid_count[8],NVP_TRACE_HOST_READ_MUX/diag_rsp_rdata_reg[4]/CE,READOUT_PATH
NVP_I2C_R2_OBSERVER/context_valid_count[8],NVP_TRACE_HOST_READ_MUX/diag_rsp_rdata_reg[3]/CE,READOUT_PATH
NVP_I2C_R2_OBSERVER/context_valid_count[8],NVP_TRACE_HOST_READ_MUX/diag_rsp_rdata_reg[31]/CE,READOUT_PATH
NVP_I2C_R2_OBSERVER/context_valid_count[8],NVP_TRACE_HOST_READ_MUX/diag_rsp_rdata_reg[30]/CE,READOUT_PATH
NVP_I2C_R2_OBSERVER/context_valid_count[8],NVP_TRACE_HOST_READ_MUX/diag_rsp_rdata_reg[2]/CE,READOUT_PATH
NVP_I2C_R2_OBSERVER/context_valid_count[8],NVP_TRACE_HOST_READ_MUX/diag_rsp_rdata_reg[28]/CE,READOUT_PATH
NVP_I2C_R2_OBSERVER/context_valid_count[8],NVP_TRACE_HOST_READ_MUX/diag_rsp_rdata_reg[27]/CE,READOUT_PATH
NVP_I2C_R2_OBSERVER/context_valid_count[8],NVP_TRACE_HOST_READ_MUX/diag_rsp_rdata_reg[26]/CE,READOUT_PATH
NVP_I2C_R2_OBSERVER/context_valid_count[8],NVP_TRACE_HOST_READ_MUX/diag_rsp_rdata_reg[25]/CE,READOUT_PATH
NVP_I2C_R2_OBSERVER/context_valid_count[8],NVP_TRACE_HOST_READ_MUX/diag_rsp_rdata_reg[24]/CE,READOUT_PATH
NVP_I2C_R2_OBSERVER/context_valid_count[8],NVP_TRACE_HOST_READ_MUX/diag_rsp_rdata_reg[23]/CE,READOUT_PATH
NVP_I2C_R2_OBSERVER/context_valid_count[8],NVP_TRACE_HOST_READ_MUX/diag_rsp_rdata_reg[22]/CE,READOUT_PATH
NVP_I2C_R2_OBSERVER/context_valid_count[8],NVP_TRACE_HOST_READ_MUX/diag_rsp_rdata_reg[21]/CE,READOUT_PATH
NVP_I2C_R2_OBSERVER/context_valid_count[8],NVP_TRACE_HOST_READ_MUX/diag_rsp_rdata_reg[20]/CE,READOUT_PATH
NVP_I2C_R2_OBSERVER/context_valid_count[8],NVP_TRACE_HOST_READ_MUX/diag_rsp_rdata_reg[1]/CE,READOUT_PATH
NVP_I2C_R2_OBSERVER/context_valid_count[8],NVP_TRACE_HOST_READ_MUX/diag_rsp_rdata_reg[19]/CE,READOUT_PATH
NVP_I2C_R2_OBSERVER/context_valid_count[8],NVP_TRACE_HOST_READ_MUX/diag_rsp_rdata_reg[18]/CE,READOUT_PATH
NVP_I2C_R2_OBSERVER/context_valid_count[8],NVP_TRACE_HOST_READ_MUX/diag_rsp_rdata_reg[17]/CE,READOUT_PATH
NVP_I2C_R2_OBSERVER/context_valid_count[8],NVP_TRACE_HOST_READ_MUX/diag_rsp_rdata_reg[16]/CE,READOUT_PATH
NVP_I2C_R2_OBSERVER/context_valid_count[8],NVP_TRACE_HOST_READ_MUX/diag_rsp_rdata_reg[15]/CE,READOUT_PATH
NVP_I2C_R2_OBSERVER/context_valid_count[8],NVP_TRACE_HOST_READ_MUX/diag_rsp_rdata_reg[14]/CE,READOUT_PATH
NVP_I2C_R2_OBSERVER/context_valid_count[8],NVP_TRACE_HOST_READ_MUX/diag_rsp_rdata_reg[13]/CE,READOUT_PATH
NVP_I2C_R2_OBSERVER/context_valid_count[8],NVP_TRACE_HOST_READ_MUX/diag_rsp_rdata_reg[12]/CE,READOUT_PATH
NVP_I2C_R2_OBSERVER/context_valid_count[8],NVP_TRACE_HOST_READ_MUX/diag_rsp_rdata_reg[11]/CE,READOUT_PATH
NVP_I2C_R2_OBSERVER/context_valid_count[8],NVP_TRACE_HOST_READ_MUX/diag_rsp_rdata_reg[10]/CE,READOUT_PATH
NVP_I2C_R2_OBSERVER/context_valid_count[8],NVP_TRACE_HOST_READ_MUX/diag_rsp_rdata_reg[0]/CE,READOUT_PATH
NVP_I2C_R2_OBSERVER/context_valid_count[8],NVP_TRACE_HOST_READ_MUX/diag_rsp_valid_reg/D,READOUT_PATH
NVP_I2C_R2_OBSERVER/context_valid_count[8],NVP_TRACE_HOST_READ_MUX/read_wait_reg[0]/D,READOUT_PATH
NVP_I2C_R2_OBSERVER/context_valid_count[8],NVP_TRACE_HOST_READ_MUX/diag_rsp_rdata_reg[31]/D,READOUT_PATH
NVP_I2C_R2_OBSERVER/context_valid_count[8],NVP_TRACE_HOST_READ_MUX/diag_rsp_rdata_reg[23]/D,READOUT_PATH
NVP_I2C_R2_OBSERVER/context_valid_count[8],NVP_TRACE_HOST_READ_MUX/diag_rsp_rdata_reg[22]/D,READOUT_PATH
NVP_I2C_R2_OBSERVER/context_valid_count[8],NVP_TRACE_HOST_READ_MUX/diag_rsp_rdata_reg[21]/D,READOUT_PATH
NVP_I2C_R2_OBSERVER/context_valid_count[8],NVP_TRACE_HOST_READ_MUX/diag_rsp_rdata_reg[18]/D,READOUT_PATH
NVP_I2C_R2_OBSERVER/context_valid_count[8],NVP_TRACE_HOST_READ_MUX/diag_rsp_rdata_reg[15]/D,READOUT_PATH
NVP_I2C_R2_OBSERVER/context_valid_count[8],NVP_TRACE_HOST_READ_MUX/diag_rsp_rdata_reg[12]/D,READOUT_PATH
NVP_I2C_R2_OBSERVER/context_valid_count[8],NVP_TRACE_HOST_READ_MUX/diag_rsp_rdata_reg[11]/D,READOUT_PATH
NVP_I2C_R2_OBSERVER/context_valid_count[8],NVP_TRACE_HOST_READ_MUX/read_word_select_reg[2]/D,READOUT_PATH
NVP_I2C_R2_OBSERVER/context_valid_count[8],NVP_TRACE_HOST_READ_MUX/diag_rsp_rdata_reg[9]/D,READOUT_PATH
NVP_I2C_R2_OBSERVER/context_valid_count[8],NVP_TRACE_HOST_READ_MUX/diag_rsp_rdata_reg[8]/D,READOUT_PATH
NVP_I2C_R2_OBSERVER/context_valid_count[8],NVP_TRACE_HOST_READ_MUX/diag_rsp_rdata_reg[7]/D,READOUT_PATH
NVP_I2C_R2_OBSERVER/context_valid_count[8],NVP_TRACE_HOST_READ_MUX/diag_rsp_rdata_reg[6]/D,READOUT_PATH
NVP_I2C_R2_OBSERVER/context_valid_count[8],NVP_TRACE_HOST_READ_MUX/diag_rsp_rdata_reg[5]/D,READOUT_PATH
NVP_I2C_R2_OBSERVER/context_valid_count[8],NVP_TRACE_HOST_READ_MUX/diag_rsp_rdata_reg[4]/D,READOUT_PATH
NVP_I2C_R2_OBSERVER/context_valid_count[8],NVP_TRACE_HOST_READ_MUX/diag_rsp_rdata_reg[3]/D,READOUT_PATH
NVP_I2C_R2_OBSERVER/context_valid_count[8],NVP_TRACE_HOST_READ_MUX/diag_rsp_rdata_reg[30]/D,READOUT_PATH
NVP_I2C_R2_OBSERVER/context_valid_count[8],NVP_TRACE_HOST_READ_MUX/diag_rsp_rdata_reg[2]/D,READOUT_PATH
NVP_I2C_R2_OBSERVER/context_valid_count[8],NVP_TRACE_HOST_READ_MUX/diag_rsp_rdata_reg[27]/D,READOUT_PATH
NVP_I2C_R2_OBSERVER/context_valid_count[8],NVP_TRACE_HOST_READ_MUX/diag_rsp_rdata_reg[26]/D,READOUT_PATH
NVP_I2C_R2_OBSERVER/context_valid_count[8],NVP_TRACE_HOST_READ_MUX/diag_rsp_rdata_reg[25]/D,READOUT_PATH
NVP_I2C_R2_OBSERVER/context_valid_count[8],NVP_TRACE_HOST_READ_MUX/diag_rsp_rdata_reg[1]/D,READOUT_PATH
NVP_I2C_R2_OBSERVER/context_valid_count[8],NVP_TRACE_HOST_READ_MUX/diag_rsp_rdata_reg[19]/D,READOUT_PATH
NVP_I2C_R2_OBSERVER/context_valid_count[8],NVP_TRACE_HOST_READ_MUX/diag_rsp_rdata_reg[14]/D,READOUT_PATH
NVP_I2C_R2_OBSERVER/context_valid_count[8],NVP_TRACE_HOST_READ_MUX/diag_rsp_rdata_reg[10]/D,READOUT_PATH
NVP_I2C_R2_OBSERVER/context_valid_count[8],NVP_TRACE_HOST_READ_MUX/diag_rsp_rdata_reg[0]/D,READOUT_PATH
NVP_I2C_R2_OBSERVER/context_valid_count[8],NVP_TRACE_HOST_READ_MUX/shadow_read_enable_reg/D,READOUT_PATH
NVP_I2C_R2_OBSERVER/context_valid_count[8],NVP_TRACE_HOST_READ_MUX/shadow_read_address_reg[7]/CE,READOUT_PATH
NVP_I2C_R2_OBSERVER/context_valid_count[8],NVP_TRACE_HOST_READ_MUX/shadow_read_address_reg[6]/CE,READOUT_PATH
NVP_I2C_R2_OBSERVER/context_valid_count[8],NVP_TRACE_HOST_READ_MUX/shadow_read_address_reg[5]/CE,READOUT_PATH
NVP_I2C_R2_OBSERVER/context_valid_count[8],NVP_TRACE_HOST_READ_MUX/shadow_read_address_reg[4]/CE,READOUT_PATH
NVP_I2C_R2_OBSERVER/context_valid_count[8],NVP_TRACE_HOST_READ_MUX/shadow_read_address_reg[3]/CE,READOUT_PATH
NVP_I2C_R2_OBSERVER/context_valid_count[8],NVP_TRACE_HOST_READ_MUX/shadow_read_address_reg[2]/CE,READOUT_PATH
NVP_I2C_R2_OBSERVER/context_valid_count[8],NVP_TRACE_HOST_READ_MUX/shadow_read_address_reg[1]/CE,READOUT_PATH
NVP_I2C_R2_OBSERVER/context_valid_count[8],NVP_TRACE_HOST_READ_MUX/shadow_read_address_reg[0]/CE,READOUT_PATH
NVP_I2C_R2_OBSERVER/context_valid_count[8],NVP_TRACE_HOST_READ_MUX/diag_rsp_rdata_reg[28]/D,READOUT_PATH
NVP_I2C_R2_OBSERVER/context_valid_count[8],NVP_TRACE_HOST_READ_MUX/diag_rsp_rdata_reg[24]/D,READOUT_PATH
NVP_I2C_R2_OBSERVER/context_valid_count[8],NVP_TRACE_HOST_READ_MUX/diag_rsp_rdata_reg[20]/D,READOUT_PATH
NVP_I2C_R2_OBSERVER/context_valid_count[8],NVP_TRACE_HOST_READ_MUX/diag_rsp_rdata_reg[17]/D,READOUT_PATH
NVP_I2C_R2_OBSERVER/context_valid_count[8],NVP_TRACE_HOST_READ_MUX/diag_rsp_rdata_reg[16]/D,READOUT_PATH
NVP_I2C_R2_OBSERVER/context_valid_count[8],NVP_TRACE_HOST_READ_MUX/diag_rsp_rdata_reg[13]/D,READOUT_PATH
NVP_I2C_R2_OBSERVER/context_valid_count[8],NVP_TRACE_HOST_READ_MUX/read_kind_reg[1]/D,READOUT_PATH
NVP_I2C_R2_OBSERVER/context_valid_count[8],NVP_TRACE_HOST_READ_MUX/read_kind_reg[0]/D,READOUT_PATH
NVP_I2C_R2_OBSERVER/context_valid_count[8],NVP_TRACE_HOST_READ_MUX/read_word_select_reg[1]/D,READOUT_PATH
NVP_I2C_R2_OBSERVER/context_valid_count[8],NVP_TRACE_HOST_READ_MUX/read_word_select_reg[0]/D,READOUT_PATH
NVP_I2C_R2_OBSERVER/context_valid_count[8],NVP_TRACE_HOST_READ_MUX/read_wait_reg[1]/D,READOUT_PATH
NVP_I2C_R2_OBSERVER/context_valid_count[8],NVP_TRACE_HOST_READ_MUX/context_read_enable_reg/D,READOUT_PATH
NVP_I2C_R2_OBSERVER/context_valid_count[8],NVP_TRACE_HOST_READ_MUX/context_read_address_reg[8]/CE,READOUT_PATH
NVP_I2C_R2_OBSERVER/context_valid_count[8],NVP_TRACE_HOST_READ_MUX/context_read_address_reg[7]/CE,READOUT_PATH
NVP_I2C_R2_OBSERVER/context_valid_count[8],NVP_TRACE_HOST_READ_MUX/context_read_address_reg[6]/CE,READOUT_PATH
NVP_I2C_R2_OBSERVER/context_valid_count[8],NVP_TRACE_HOST_READ_MUX/context_read_address_reg[5]/CE,READOUT_PATH
NVP_I2C_R2_OBSERVER/context_valid_count[8],NVP_TRACE_HOST_READ_MUX/context_read_address_reg[4]/CE,READOUT_PATH
NVP_I2C_R2_OBSERVER/context_valid_count[8],NVP_TRACE_HOST_READ_MUX/context_read_address_reg[3]/CE,READOUT_PATH
NVP_I2C_R2_OBSERVER/context_valid_count[8],NVP_TRACE_HOST_READ_MUX/context_read_address_reg[2]/CE,READOUT_PATH
NVP_I2C_R2_OBSERVER/context_valid_count[8],NVP_TRACE_HOST_READ_MUX/context_read_address_reg[1]/CE,READOUT_PATH
NVP_I2C_R2_OBSERVER/context_valid_count[8],NVP_TRACE_HOST_READ_MUX/context_read_address_reg[0]/CE,READOUT_PATH
NVP_I2C_R2_OBSERVER/context_valid_count[9],NVP_TRACE_HOST_READ_MUX/diag_rsp_rdata_reg[29]/D,READOUT_PATH
NVP_I2C_R2_OBSERVER/context_valid_count[9],NVP_TRACE_HOST_READ_MUX/diag_rsp_rdata_reg[9]/CE,READOUT_PATH
NVP_I2C_R2_OBSERVER/context_valid_count[9],NVP_TRACE_HOST_READ_MUX/diag_rsp_rdata_reg[8]/CE,READOUT_PATH
NVP_I2C_R2_OBSERVER/context_valid_count[9],NVP_TRACE_HOST_READ_MUX/diag_rsp_rdata_reg[7]/CE,READOUT_PATH
NVP_I2C_R2_OBSERVER/context_valid_count[9],NVP_TRACE_HOST_READ_MUX/diag_rsp_rdata_reg[6]/CE,READOUT_PATH
NVP_I2C_R2_OBSERVER/context_valid_count[9],NVP_TRACE_HOST_READ_MUX/diag_rsp_rdata_reg[5]/CE,READOUT_PATH
NVP_I2C_R2_OBSERVER/context_valid_count[9],NVP_TRACE_HOST_READ_MUX/diag_rsp_rdata_reg[4]/CE,READOUT_PATH
NVP_I2C_R2_OBSERVER/context_valid_count[9],NVP_TRACE_HOST_READ_MUX/diag_rsp_rdata_reg[3]/CE,READOUT_PATH
NVP_I2C_R2_OBSERVER/context_valid_count[9],NVP_TRACE_HOST_READ_MUX/diag_rsp_rdata_reg[31]/CE,READOUT_PATH
NVP_I2C_R2_OBSERVER/context_valid_count[9],NVP_TRACE_HOST_READ_MUX/diag_rsp_rdata_reg[30]/CE,READOUT_PATH
NVP_I2C_R2_OBSERVER/context_valid_count[9],NVP_TRACE_HOST_READ_MUX/diag_rsp_rdata_reg[2]/CE,READOUT_PATH
NVP_I2C_R2_OBSERVER/context_valid_count[9],NVP_TRACE_HOST_READ_MUX/diag_rsp_rdata_reg[28]/CE,READOUT_PATH
NVP_I2C_R2_OBSERVER/context_valid_count[9],NVP_TRACE_HOST_READ_MUX/diag_rsp_rdata_reg[27]/CE,READOUT_PATH
NVP_I2C_R2_OBSERVER/context_valid_count[9],NVP_TRACE_HOST_READ_MUX/diag_rsp_rdata_reg[26]/CE,READOUT_PATH
NVP_I2C_R2_OBSERVER/context_valid_count[9],NVP_TRACE_HOST_READ_MUX/diag_rsp_rdata_reg[25]/CE,READOUT_PATH
NVP_I2C_R2_OBSERVER/context_valid_count[9],NVP_TRACE_HOST_READ_MUX/diag_rsp_rdata_reg[24]/CE,READOUT_PATH
NVP_I2C_R2_OBSERVER/context_valid_count[9],NVP_TRACE_HOST_READ_MUX/diag_rsp_rdata_reg[23]/CE,READOUT_PATH
NVP_I2C_R2_OBSERVER/context_valid_count[9],NVP_TRACE_HOST_READ_MUX/diag_rsp_rdata_reg[22]/CE,READOUT_PATH
NVP_I2C_R2_OBSERVER/context_valid_count[9],NVP_TRACE_HOST_READ_MUX/diag_rsp_rdata_reg[21]/CE,READOUT_PATH
NVP_I2C_R2_OBSERVER/context_valid_count[9],NVP_TRACE_HOST_READ_MUX/diag_rsp_rdata_reg[20]/CE,READOUT_PATH
NVP_I2C_R2_OBSERVER/context_valid_count[9],NVP_TRACE_HOST_READ_MUX/diag_rsp_rdata_reg[1]/CE,READOUT_PATH
NVP_I2C_R2_OBSERVER/context_valid_count[9],NVP_TRACE_HOST_READ_MUX/diag_rsp_rdata_reg[19]/CE,READOUT_PATH
NVP_I2C_R2_OBSERVER/context_valid_count[9],NVP_TRACE_HOST_READ_MUX/diag_rsp_rdata_reg[18]/CE,READOUT_PATH
NVP_I2C_R2_OBSERVER/context_valid_count[9],NVP_TRACE_HOST_READ_MUX/diag_rsp_rdata_reg[17]/CE,READOUT_PATH
NVP_I2C_R2_OBSERVER/context_valid_count[9],NVP_TRACE_HOST_READ_MUX/diag_rsp_rdata_reg[16]/CE,READOUT_PATH
NVP_I2C_R2_OBSERVER/context_valid_count[9],NVP_TRACE_HOST_READ_MUX/diag_rsp_rdata_reg[15]/CE,READOUT_PATH
NVP_I2C_R2_OBSERVER/context_valid_count[9],NVP_TRACE_HOST_READ_MUX/diag_rsp_rdata_reg[14]/CE,READOUT_PATH
NVP_I2C_R2_OBSERVER/context_valid_count[9],NVP_TRACE_HOST_READ_MUX/diag_rsp_rdata_reg[13]/CE,READOUT_PATH
NVP_I2C_R2_OBSERVER/context_valid_count[9],NVP_TRACE_HOST_READ_MUX/diag_rsp_rdata_reg[12]/CE,READOUT_PATH
NVP_I2C_R2_OBSERVER/context_valid_count[9],NVP_TRACE_HOST_READ_MUX/diag_rsp_rdata_reg[11]/CE,READOUT_PATH
NVP_I2C_R2_OBSERVER/context_valid_count[9],NVP_TRACE_HOST_READ_MUX/diag_rsp_rdata_reg[10]/CE,READOUT_PATH
NVP_I2C_R2_OBSERVER/context_valid_count[9],NVP_TRACE_HOST_READ_MUX/diag_rsp_rdata_reg[0]/CE,READOUT_PATH
NVP_I2C_R2_OBSERVER/context_valid_count[9],NVP_TRACE_HOST_READ_MUX/diag_rsp_valid_reg/D,READOUT_PATH
NVP_I2C_R2_OBSERVER/context_valid_count[9],NVP_TRACE_HOST_READ_MUX/read_wait_reg[0]/D,READOUT_PATH
NVP_I2C_R2_OBSERVER/context_valid_count[9],NVP_TRACE_HOST_READ_MUX/diag_rsp_rdata_reg[31]/D,READOUT_PATH
NVP_I2C_R2_OBSERVER/context_valid_count[9],NVP_TRACE_HOST_READ_MUX/diag_rsp_rdata_reg[23]/D,READOUT_PATH
NVP_I2C_R2_OBSERVER/context_valid_count[9],NVP_TRACE_HOST_READ_MUX/diag_rsp_rdata_reg[22]/D,READOUT_PATH
NVP_I2C_R2_OBSERVER/context_valid_count[9],NVP_TRACE_HOST_READ_MUX/diag_rsp_rdata_reg[21]/D,READOUT_PATH
NVP_I2C_R2_OBSERVER/context_valid_count[9],NVP_TRACE_HOST_READ_MUX/diag_rsp_rdata_reg[18]/D,READOUT_PATH
NVP_I2C_R2_OBSERVER/context_valid_count[9],NVP_TRACE_HOST_READ_MUX/diag_rsp_rdata_reg[15]/D,READOUT_PATH
NVP_I2C_R2_OBSERVER/context_valid_count[9],NVP_TRACE_HOST_READ_MUX/diag_rsp_rdata_reg[12]/D,READOUT_PATH
NVP_I2C_R2_OBSERVER/context_valid_count[9],NVP_TRACE_HOST_READ_MUX/diag_rsp_rdata_reg[11]/D,READOUT_PATH
NVP_I2C_R2_OBSERVER/context_valid_count[9],NVP_TRACE_HOST_READ_MUX/read_word_select_reg[2]/D,READOUT_PATH
NVP_I2C_R2_OBSERVER/context_valid_count[9],NVP_TRACE_HOST_READ_MUX/diag_rsp_rdata_reg[9]/D,READOUT_PATH
NVP_I2C_R2_OBSERVER/context_valid_count[9],NVP_TRACE_HOST_READ_MUX/diag_rsp_rdata_reg[8]/D,READOUT_PATH
NVP_I2C_R2_OBSERVER/context_valid_count[9],NVP_TRACE_HOST_READ_MUX/diag_rsp_rdata_reg[7]/D,READOUT_PATH
NVP_I2C_R2_OBSERVER/context_valid_count[9],NVP_TRACE_HOST_READ_MUX/diag_rsp_rdata_reg[6]/D,READOUT_PATH
NVP_I2C_R2_OBSERVER/context_valid_count[9],NVP_TRACE_HOST_READ_MUX/diag_rsp_rdata_reg[5]/D,READOUT_PATH
NVP_I2C_R2_OBSERVER/context_valid_count[9],NVP_TRACE_HOST_READ_MUX/diag_rsp_rdata_reg[4]/D,READOUT_PATH
NVP_I2C_R2_OBSERVER/context_valid_count[9],NVP_TRACE_HOST_READ_MUX/diag_rsp_rdata_reg[3]/D,READOUT_PATH
NVP_I2C_R2_OBSERVER/context_valid_count[9],NVP_TRACE_HOST_READ_MUX/diag_rsp_rdata_reg[30]/D,READOUT_PATH
NVP_I2C_R2_OBSERVER/context_valid_count[9],NVP_TRACE_HOST_READ_MUX/diag_rsp_rdata_reg[2]/D,READOUT_PATH
NVP_I2C_R2_OBSERVER/context_valid_count[9],NVP_TRACE_HOST_READ_MUX/diag_rsp_rdata_reg[27]/D,READOUT_PATH
NVP_I2C_R2_OBSERVER/context_valid_count[9],NVP_TRACE_HOST_READ_MUX/diag_rsp_rdata_reg[26]/D,READOUT_PATH
NVP_I2C_R2_OBSERVER/context_valid_count[9],NVP_TRACE_HOST_READ_MUX/diag_rsp_rdata_reg[25]/D,READOUT_PATH
NVP_I2C_R2_OBSERVER/context_valid_count[9],NVP_TRACE_HOST_READ_MUX/diag_rsp_rdata_reg[1]/D,READOUT_PATH
NVP_I2C_R2_OBSERVER/context_valid_count[9],NVP_TRACE_HOST_READ_MUX/diag_rsp_rdata_reg[19]/D,READOUT_PATH
NVP_I2C_R2_OBSERVER/context_valid_count[9],NVP_TRACE_HOST_READ_MUX/diag_rsp_rdata_reg[14]/D,READOUT_PATH
NVP_I2C_R2_OBSERVER/context_valid_count[9],NVP_TRACE_HOST_READ_MUX/diag_rsp_rdata_reg[10]/D,READOUT_PATH
NVP_I2C_R2_OBSERVER/context_valid_count[9],NVP_TRACE_HOST_READ_MUX/diag_rsp_rdata_reg[0]/D,READOUT_PATH
NVP_I2C_R2_OBSERVER/context_valid_count[9],NVP_TRACE_HOST_READ_MUX/shadow_read_enable_reg/D,READOUT_PATH
NVP_I2C_R2_OBSERVER/context_valid_count[9],NVP_TRACE_HOST_READ_MUX/shadow_read_address_reg[7]/CE,READOUT_PATH
NVP_I2C_R2_OBSERVER/context_valid_count[9],NVP_TRACE_HOST_READ_MUX/shadow_read_address_reg[6]/CE,READOUT_PATH
NVP_I2C_R2_OBSERVER/context_valid_count[9],NVP_TRACE_HOST_READ_MUX/shadow_read_address_reg[5]/CE,READOUT_PATH
NVP_I2C_R2_OBSERVER/context_valid_count[9],NVP_TRACE_HOST_READ_MUX/shadow_read_address_reg[4]/CE,READOUT_PATH
NVP_I2C_R2_OBSERVER/context_valid_count[9],NVP_TRACE_HOST_READ_MUX/shadow_read_address_reg[3]/CE,READOUT_PATH
NVP_I2C_R2_OBSERVER/context_valid_count[9],NVP_TRACE_HOST_READ_MUX/shadow_read_address_reg[2]/CE,READOUT_PATH
NVP_I2C_R2_OBSERVER/context_valid_count[9],NVP_TRACE_HOST_READ_MUX/shadow_read_address_reg[1]/CE,READOUT_PATH
NVP_I2C_R2_OBSERVER/context_valid_count[9],NVP_TRACE_HOST_READ_MUX/shadow_read_address_reg[0]/CE,READOUT_PATH
NVP_I2C_R2_OBSERVER/context_valid_count[9],NVP_TRACE_HOST_READ_MUX/diag_rsp_rdata_reg[28]/D,READOUT_PATH
NVP_I2C_R2_OBSERVER/context_valid_count[9],NVP_TRACE_HOST_READ_MUX/diag_rsp_rdata_reg[24]/D,READOUT_PATH
NVP_I2C_R2_OBSERVER/context_valid_count[9],NVP_TRACE_HOST_READ_MUX/diag_rsp_rdata_reg[20]/D,READOUT_PATH
NVP_I2C_R2_OBSERVER/context_valid_count[9],NVP_TRACE_HOST_READ_MUX/diag_rsp_rdata_reg[17]/D,READOUT_PATH
NVP_I2C_R2_OBSERVER/context_valid_count[9],NVP_TRACE_HOST_READ_MUX/diag_rsp_rdata_reg[16]/D,READOUT_PATH
NVP_I2C_R2_OBSERVER/context_valid_count[9],NVP_TRACE_HOST_READ_MUX/diag_rsp_rdata_reg[13]/D,READOUT_PATH
NVP_I2C_R2_OBSERVER/context_valid_count[9],NVP_TRACE_HOST_READ_MUX/read_kind_reg[1]/D,READOUT_PATH
NVP_I2C_R2_OBSERVER/context_valid_count[9],NVP_TRACE_HOST_READ_MUX/read_kind_reg[0]/D,READOUT_PATH
NVP_I2C_R2_OBSERVER/context_valid_count[9],NVP_TRACE_HOST_READ_MUX/read_word_select_reg[1]/D,READOUT_PATH
NVP_I2C_R2_OBSERVER/context_valid_count[9],NVP_TRACE_HOST_READ_MUX/read_word_select_reg[0]/D,READOUT_PATH
NVP_I2C_R2_OBSERVER/context_valid_count[9],NVP_TRACE_HOST_READ_MUX/read_wait_reg[1]/D,READOUT_PATH
NVP_I2C_R2_OBSERVER/context_valid_count[9],NVP_TRACE_HOST_READ_MUX/context_read_enable_reg/D,READOUT_PATH
NVP_I2C_R2_OBSERVER/context_valid_count[9],NVP_TRACE_HOST_READ_MUX/context_read_address_reg[8]/CE,READOUT_PATH
NVP_I2C_R2_OBSERVER/context_valid_count[9],NVP_TRACE_HOST_READ_MUX/context_read_address_reg[7]/CE,READOUT_PATH
NVP_I2C_R2_OBSERVER/context_valid_count[9],NVP_TRACE_HOST_READ_MUX/context_read_address_reg[6]/CE,READOUT_PATH
NVP_I2C_R2_OBSERVER/context_valid_count[9],NVP_TRACE_HOST_READ_MUX/context_read_address_reg[5]/CE,READOUT_PATH
NVP_I2C_R2_OBSERVER/context_valid_count[9],NVP_TRACE_HOST_READ_MUX/context_read_address_reg[4]/CE,READOUT_PATH
NVP_I2C_R2_OBSERVER/context_valid_count[9],NVP_TRACE_HOST_READ_MUX/context_read_address_reg[3]/CE,READOUT_PATH
NVP_I2C_R2_OBSERVER/context_valid_count[9],NVP_TRACE_HOST_READ_MUX/context_read_address_reg[2]/CE,READOUT_PATH
NVP_I2C_R2_OBSERVER/context_valid_count[9],NVP_TRACE_HOST_READ_MUX/context_read_address_reg[1]/CE,READOUT_PATH
NVP_I2C_R2_OBSERVER/context_valid_count[9],NVP_TRACE_HOST_READ_MUX/context_read_address_reg[0]/CE,READOUT_PATH
NVP_I2C_R2_OBSERVER/shadow_false_nack_count[0],NVP_TRACE_HOST_READ_MUX/diag_rsp_rdata_reg[0]/D,READOUT_PATH
NVP_I2C_R2_OBSERVER/shadow_false_nack_count[10],NVP_TRACE_HOST_READ_MUX/diag_rsp_rdata_reg[10]/D,READOUT_PATH
NVP_I2C_R2_OBSERVER/shadow_false_nack_count[11],NVP_TRACE_HOST_READ_MUX/diag_rsp_rdata_reg[11]/D,READOUT_PATH
NVP_I2C_R2_OBSERVER/shadow_false_nack_count[12],NVP_TRACE_HOST_READ_MUX/diag_rsp_rdata_reg[12]/D,READOUT_PATH
NVP_I2C_R2_OBSERVER/shadow_false_nack_count[13],NVP_TRACE_HOST_READ_MUX/diag_rsp_rdata_reg[13]/D,READOUT_PATH
NVP_I2C_R2_OBSERVER/shadow_false_nack_count[14],NVP_TRACE_HOST_READ_MUX/diag_rsp_rdata_reg[14]/D,READOUT_PATH
NVP_I2C_R2_OBSERVER/shadow_false_nack_count[15],NVP_TRACE_HOST_READ_MUX/diag_rsp_rdata_reg[15]/D,READOUT_PATH
NVP_I2C_R2_OBSERVER/shadow_false_nack_count[16],NVP_TRACE_HOST_READ_MUX/diag_rsp_rdata_reg[16]/D,READOUT_PATH
NVP_I2C_R2_OBSERVER/shadow_false_nack_count[17],NVP_TRACE_HOST_READ_MUX/diag_rsp_rdata_reg[17]/D,READOUT_PATH
NVP_I2C_R2_OBSERVER/shadow_false_nack_count[18],NVP_TRACE_HOST_READ_MUX/diag_rsp_rdata_reg[18]/D,READOUT_PATH
NVP_I2C_R2_OBSERVER/shadow_false_nack_count[19],NVP_TRACE_HOST_READ_MUX/diag_rsp_rdata_reg[19]/D,READOUT_PATH
NVP_I2C_R2_OBSERVER/shadow_false_nack_count[1],NVP_TRACE_HOST_READ_MUX/diag_rsp_rdata_reg[1]/D,READOUT_PATH
NVP_I2C_R2_OBSERVER/shadow_false_nack_count[20],NVP_TRACE_HOST_READ_MUX/diag_rsp_rdata_reg[20]/D,READOUT_PATH
NVP_I2C_R2_OBSERVER/shadow_false_nack_count[21],NVP_TRACE_HOST_READ_MUX/diag_rsp_rdata_reg[21]/D,READOUT_PATH
NVP_I2C_R2_OBSERVER/shadow_false_nack_count[22],NVP_TRACE_HOST_READ_MUX/diag_rsp_rdata_reg[22]/D,READOUT_PATH
NVP_I2C_R2_OBSERVER/shadow_false_nack_count[23],NVP_TRACE_HOST_READ_MUX/diag_rsp_rdata_reg[23]/D,READOUT_PATH
NVP_I2C_R2_OBSERVER/shadow_false_nack_count[24],NVP_TRACE_HOST_READ_MUX/diag_rsp_rdata_reg[24]/D,READOUT_PATH
NVP_I2C_R2_OBSERVER/shadow_false_nack_count[25],NVP_TRACE_HOST_READ_MUX/diag_rsp_rdata_reg[25]/D,READOUT_PATH
NVP_I2C_R2_OBSERVER/shadow_false_nack_count[26],NVP_TRACE_HOST_READ_MUX/diag_rsp_rdata_reg[26]/D,READOUT_PATH
NVP_I2C_R2_OBSERVER/shadow_false_nack_count[27],NVP_TRACE_HOST_READ_MUX/diag_rsp_rdata_reg[27]/D,READOUT_PATH
NVP_I2C_R2_OBSERVER/shadow_false_nack_count[28],NVP_TRACE_HOST_READ_MUX/diag_rsp_rdata_reg[28]/D,READOUT_PATH
NVP_I2C_R2_OBSERVER/shadow_false_nack_count[29],NVP_TRACE_HOST_READ_MUX/diag_rsp_rdata_reg[29]/D,READOUT_PATH
NVP_I2C_R2_OBSERVER/shadow_false_nack_count[2],NVP_TRACE_HOST_READ_MUX/diag_rsp_rdata_reg[2]/D,READOUT_PATH
NVP_I2C_R2_OBSERVER/shadow_false_nack_count[30],NVP_TRACE_HOST_READ_MUX/diag_rsp_rdata_reg[30]/D,READOUT_PATH
NVP_I2C_R2_OBSERVER/shadow_false_nack_count[31],NVP_TRACE_HOST_READ_MUX/diag_rsp_rdata_reg[31]/D,READOUT_PATH
NVP_I2C_R2_OBSERVER/shadow_false_nack_count[3],NVP_TRACE_HOST_READ_MUX/diag_rsp_rdata_reg[3]/D,READOUT_PATH
NVP_I2C_R2_OBSERVER/shadow_false_nack_count[4],NVP_TRACE_HOST_READ_MUX/diag_rsp_rdata_reg[4]/D,READOUT_PATH
NVP_I2C_R2_OBSERVER/shadow_false_nack_count[5],NVP_TRACE_HOST_READ_MUX/diag_rsp_rdata_reg[5]/D,READOUT_PATH
NVP_I2C_R2_OBSERVER/shadow_false_nack_count[6],NVP_TRACE_HOST_READ_MUX/diag_rsp_rdata_reg[6]/D,READOUT_PATH
NVP_I2C_R2_OBSERVER/shadow_false_nack_count[7],NVP_TRACE_HOST_READ_MUX/diag_rsp_rdata_reg[7]/D,READOUT_PATH
NVP_I2C_R2_OBSERVER/shadow_false_nack_count[8],NVP_TRACE_HOST_READ_MUX/diag_rsp_rdata_reg[8]/D,READOUT_PATH
NVP_I2C_R2_OBSERVER/shadow_false_nack_count[9],NVP_TRACE_HOST_READ_MUX/diag_rsp_rdata_reg[9]/D,READOUT_PATH
NVP_I2C_R2_OBSERVER/shadow_final_write_index[0],NVP_TRACE_HOST_READ_MUX/diag_rsp_rdata_reg[0]/D,READOUT_PATH
NVP_I2C_R2_OBSERVER/shadow_final_write_index[0],NVP_TRACE_HOST_READ_MUX/shadow_read_address_reg[3]/D,READOUT_PATH
NVP_I2C_R2_OBSERVER/shadow_final_write_index[0],NVP_TRACE_HOST_READ_MUX/shadow_read_address_reg[2]/D,READOUT_PATH
NVP_I2C_R2_OBSERVER/shadow_final_write_index[0],NVP_TRACE_HOST_READ_MUX/shadow_read_address_reg[1]/D,READOUT_PATH
NVP_I2C_R2_OBSERVER/shadow_final_write_index[0],NVP_TRACE_HOST_READ_MUX/shadow_read_address_reg[0]/D,READOUT_PATH
NVP_I2C_R2_OBSERVER/shadow_final_write_index[0],NVP_TRACE_HOST_READ_MUX/shadow_read_address_reg[7]/D,READOUT_PATH
NVP_I2C_R2_OBSERVER/shadow_final_write_index[0],NVP_TRACE_HOST_READ_MUX/shadow_read_address_reg[6]/D,READOUT_PATH
NVP_I2C_R2_OBSERVER/shadow_final_write_index[0],NVP_TRACE_HOST_READ_MUX/shadow_read_address_reg[5]/D,READOUT_PATH
NVP_I2C_R2_OBSERVER/shadow_final_write_index[0],NVP_TRACE_HOST_READ_MUX/shadow_read_address_reg[4]/D,READOUT_PATH
NVP_I2C_R2_OBSERVER/shadow_final_write_index[1],NVP_TRACE_HOST_READ_MUX/shadow_read_address_reg[3]/D,READOUT_PATH
NVP_I2C_R2_OBSERVER/shadow_final_write_index[1],NVP_TRACE_HOST_READ_MUX/shadow_read_address_reg[2]/D,READOUT_PATH
NVP_I2C_R2_OBSERVER/shadow_final_write_index[1],NVP_TRACE_HOST_READ_MUX/shadow_read_address_reg[1]/D,READOUT_PATH
NVP_I2C_R2_OBSERVER/shadow_final_write_index[1],NVP_TRACE_HOST_READ_MUX/shadow_read_address_reg[7]/D,READOUT_PATH
NVP_I2C_R2_OBSERVER/shadow_final_write_index[1],NVP_TRACE_HOST_READ_MUX/shadow_read_address_reg[6]/D,READOUT_PATH
NVP_I2C_R2_OBSERVER/shadow_final_write_index[1],NVP_TRACE_HOST_READ_MUX/shadow_read_address_reg[5]/D,READOUT_PATH
NVP_I2C_R2_OBSERVER/shadow_final_write_index[1],NVP_TRACE_HOST_READ_MUX/shadow_read_address_reg[4]/D,READOUT_PATH
NVP_I2C_R2_OBSERVER/shadow_final_write_index[1],NVP_TRACE_HOST_READ_MUX/diag_rsp_rdata_reg[1]/D,READOUT_PATH
NVP_I2C_R2_OBSERVER/shadow_final_write_index[2],NVP_TRACE_HOST_READ_MUX/shadow_read_address_reg[3]/D,READOUT_PATH
NVP_I2C_R2_OBSERVER/shadow_final_write_index[2],NVP_TRACE_HOST_READ_MUX/shadow_read_address_reg[2]/D,READOUT_PATH
NVP_I2C_R2_OBSERVER/shadow_final_write_index[2],NVP_TRACE_HOST_READ_MUX/shadow_read_address_reg[7]/D,READOUT_PATH
NVP_I2C_R2_OBSERVER/shadow_final_write_index[2],NVP_TRACE_HOST_READ_MUX/shadow_read_address_reg[6]/D,READOUT_PATH
NVP_I2C_R2_OBSERVER/shadow_final_write_index[2],NVP_TRACE_HOST_READ_MUX/shadow_read_address_reg[5]/D,READOUT_PATH
NVP_I2C_R2_OBSERVER/shadow_final_write_index[2],NVP_TRACE_HOST_READ_MUX/shadow_read_address_reg[4]/D,READOUT_PATH
NVP_I2C_R2_OBSERVER/shadow_final_write_index[2],NVP_TRACE_HOST_READ_MUX/diag_rsp_rdata_reg[2]/D,READOUT_PATH
NVP_I2C_R2_OBSERVER/shadow_final_write_index[3],NVP_TRACE_HOST_READ_MUX/shadow_read_address_reg[3]/D,READOUT_PATH
NVP_I2C_R2_OBSERVER/shadow_final_write_index[3],NVP_TRACE_HOST_READ_MUX/shadow_read_address_reg[7]/D,READOUT_PATH
NVP_I2C_R2_OBSERVER/shadow_final_write_index[3],NVP_TRACE_HOST_READ_MUX/shadow_read_address_reg[6]/D,READOUT_PATH
NVP_I2C_R2_OBSERVER/shadow_final_write_index[3],NVP_TRACE_HOST_READ_MUX/shadow_read_address_reg[5]/D,READOUT_PATH
NVP_I2C_R2_OBSERVER/shadow_final_write_index[3],NVP_TRACE_HOST_READ_MUX/shadow_read_address_reg[4]/D,READOUT_PATH
NVP_I2C_R2_OBSERVER/shadow_final_write_index[3],NVP_TRACE_HOST_READ_MUX/diag_rsp_rdata_reg[3]/D,READOUT_PATH
NVP_I2C_R2_OBSERVER/shadow_final_write_index[4],NVP_TRACE_HOST_READ_MUX/shadow_read_address_reg[7]/D,READOUT_PATH
NVP_I2C_R2_OBSERVER/shadow_final_write_index[4],NVP_TRACE_HOST_READ_MUX/shadow_read_address_reg[6]/D,READOUT_PATH
NVP_I2C_R2_OBSERVER/shadow_final_write_index[4],NVP_TRACE_HOST_READ_MUX/shadow_read_address_reg[5]/D,READOUT_PATH
NVP_I2C_R2_OBSERVER/shadow_final_write_index[4],NVP_TRACE_HOST_READ_MUX/shadow_read_address_reg[4]/D,READOUT_PATH
NVP_I2C_R2_OBSERVER/shadow_final_write_index[4],NVP_TRACE_HOST_READ_MUX/diag_rsp_rdata_reg[4]/D,READOUT_PATH
NVP_I2C_R2_OBSERVER/shadow_final_write_index[5],NVP_TRACE_HOST_READ_MUX/shadow_read_address_reg[7]/D,READOUT_PATH
NVP_I2C_R2_OBSERVER/shadow_final_write_index[5],NVP_TRACE_HOST_READ_MUX/shadow_read_address_reg[6]/D,READOUT_PATH
NVP_I2C_R2_OBSERVER/shadow_final_write_index[5],NVP_TRACE_HOST_READ_MUX/shadow_read_address_reg[5]/D,READOUT_PATH
NVP_I2C_R2_OBSERVER/shadow_final_write_index[5],NVP_TRACE_HOST_READ_MUX/diag_rsp_rdata_reg[5]/D,READOUT_PATH
NVP_I2C_R2_OBSERVER/shadow_final_write_index[6],NVP_TRACE_HOST_READ_MUX/diag_rsp_rdata_reg[6]/D,READOUT_PATH
NVP_I2C_R2_OBSERVER/shadow_final_write_index[6],NVP_TRACE_HOST_READ_MUX/shadow_read_address_reg[7]/D,READOUT_PATH
NVP_I2C_R2_OBSERVER/shadow_final_write_index[6],NVP_TRACE_HOST_READ_MUX/shadow_read_address_reg[6]/D,READOUT_PATH
NVP_I2C_R2_OBSERVER/shadow_final_write_index[7],NVP_TRACE_HOST_READ_MUX/diag_rsp_rdata_reg[7]/D,READOUT_PATH
NVP_I2C_R2_OBSERVER/shadow_final_write_index[7],NVP_TRACE_HOST_READ_MUX/shadow_read_address_reg[7]/D,READOUT_PATH
NVP_I2C_R2_OBSERVER/shadow_frozen,NVP_TRACE_HOST_READ_MUX/diag_rsp_rdata_reg[2]/D,READOUT_PATH
NVP_I2C_R2_OBSERVER/shadow_frozen,NVP_TRACE_HOST_READ_MUX/read_kind_reg[1]/D,READOUT_PATH
NVP_I2C_R2_OBSERVER/shadow_frozen,NVP_TRACE_HOST_READ_MUX/read_kind_reg[0]/D,READOUT_PATH
NVP_I2C_R2_OBSERVER/shadow_frozen,NVP_TRACE_HOST_READ_MUX/read_word_select_reg[2]/D,READOUT_PATH
NVP_I2C_R2_OBSERVER/shadow_frozen,NVP_TRACE_HOST_READ_MUX/read_word_select_reg[1]/D,READOUT_PATH
NVP_I2C_R2_OBSERVER/shadow_frozen,NVP_TRACE_HOST_READ_MUX/read_word_select_reg[0]/D,READOUT_PATH
NVP_I2C_R2_OBSERVER/shadow_frozen,NVP_TRACE_HOST_READ_MUX/diag_rsp_rdata_reg[29]/D,READOUT_PATH
NVP_I2C_R2_OBSERVER/shadow_frozen,NVP_TRACE_HOST_READ_MUX/diag_rsp_rdata_reg[9]/CE,READOUT_PATH
NVP_I2C_R2_OBSERVER/shadow_frozen,NVP_TRACE_HOST_READ_MUX/diag_rsp_rdata_reg[8]/CE,READOUT_PATH
NVP_I2C_R2_OBSERVER/shadow_frozen,NVP_TRACE_HOST_READ_MUX/diag_rsp_rdata_reg[7]/CE,READOUT_PATH
NVP_I2C_R2_OBSERVER/shadow_frozen,NVP_TRACE_HOST_READ_MUX/diag_rsp_rdata_reg[6]/CE,READOUT_PATH
NVP_I2C_R2_OBSERVER/shadow_frozen,NVP_TRACE_HOST_READ_MUX/diag_rsp_rdata_reg[5]/CE,READOUT_PATH
NVP_I2C_R2_OBSERVER/shadow_frozen,NVP_TRACE_HOST_READ_MUX/diag_rsp_rdata_reg[4]/CE,READOUT_PATH
NVP_I2C_R2_OBSERVER/shadow_frozen,NVP_TRACE_HOST_READ_MUX/diag_rsp_rdata_reg[3]/CE,READOUT_PATH
NVP_I2C_R2_OBSERVER/shadow_frozen,NVP_TRACE_HOST_READ_MUX/diag_rsp_rdata_reg[31]/CE,READOUT_PATH
NVP_I2C_R2_OBSERVER/shadow_frozen,NVP_TRACE_HOST_READ_MUX/diag_rsp_rdata_reg[30]/CE,READOUT_PATH
NVP_I2C_R2_OBSERVER/shadow_frozen,NVP_TRACE_HOST_READ_MUX/diag_rsp_rdata_reg[2]/CE,READOUT_PATH
NVP_I2C_R2_OBSERVER/shadow_frozen,NVP_TRACE_HOST_READ_MUX/diag_rsp_rdata_reg[28]/CE,READOUT_PATH
NVP_I2C_R2_OBSERVER/shadow_frozen,NVP_TRACE_HOST_READ_MUX/diag_rsp_rdata_reg[27]/CE,READOUT_PATH
NVP_I2C_R2_OBSERVER/shadow_frozen,NVP_TRACE_HOST_READ_MUX/diag_rsp_rdata_reg[26]/CE,READOUT_PATH
NVP_I2C_R2_OBSERVER/shadow_frozen,NVP_TRACE_HOST_READ_MUX/diag_rsp_rdata_reg[25]/CE,READOUT_PATH
NVP_I2C_R2_OBSERVER/shadow_frozen,NVP_TRACE_HOST_READ_MUX/diag_rsp_rdata_reg[24]/CE,READOUT_PATH
NVP_I2C_R2_OBSERVER/shadow_frozen,NVP_TRACE_HOST_READ_MUX/diag_rsp_rdata_reg[23]/CE,READOUT_PATH
NVP_I2C_R2_OBSERVER/shadow_frozen,NVP_TRACE_HOST_READ_MUX/diag_rsp_rdata_reg[22]/CE,READOUT_PATH
NVP_I2C_R2_OBSERVER/shadow_frozen,NVP_TRACE_HOST_READ_MUX/diag_rsp_rdata_reg[21]/CE,READOUT_PATH
NVP_I2C_R2_OBSERVER/shadow_frozen,NVP_TRACE_HOST_READ_MUX/diag_rsp_rdata_reg[20]/CE,READOUT_PATH
NVP_I2C_R2_OBSERVER/shadow_frozen,NVP_TRACE_HOST_READ_MUX/diag_rsp_rdata_reg[1]/CE,READOUT_PATH
NVP_I2C_R2_OBSERVER/shadow_frozen,NVP_TRACE_HOST_READ_MUX/diag_rsp_rdata_reg[19]/CE,READOUT_PATH
NVP_I2C_R2_OBSERVER/shadow_frozen,NVP_TRACE_HOST_READ_MUX/diag_rsp_rdata_reg[18]/CE,READOUT_PATH
NVP_I2C_R2_OBSERVER/shadow_frozen,NVP_TRACE_HOST_READ_MUX/diag_rsp_rdata_reg[17]/CE,READOUT_PATH
NVP_I2C_R2_OBSERVER/shadow_frozen,NVP_TRACE_HOST_READ_MUX/diag_rsp_rdata_reg[16]/CE,READOUT_PATH
NVP_I2C_R2_OBSERVER/shadow_frozen,NVP_TRACE_HOST_READ_MUX/diag_rsp_rdata_reg[15]/CE,READOUT_PATH
NVP_I2C_R2_OBSERVER/shadow_frozen,NVP_TRACE_HOST_READ_MUX/diag_rsp_rdata_reg[14]/CE,READOUT_PATH
NVP_I2C_R2_OBSERVER/shadow_frozen,NVP_TRACE_HOST_READ_MUX/diag_rsp_rdata_reg[13]/CE,READOUT_PATH
NVP_I2C_R2_OBSERVER/shadow_frozen,NVP_TRACE_HOST_READ_MUX/diag_rsp_rdata_reg[12]/CE,READOUT_PATH
NVP_I2C_R2_OBSERVER/shadow_frozen,NVP_TRACE_HOST_READ_MUX/diag_rsp_rdata_reg[11]/CE,READOUT_PATH
NVP_I2C_R2_OBSERVER/shadow_frozen,NVP_TRACE_HOST_READ_MUX/diag_rsp_rdata_reg[10]/CE,READOUT_PATH
NVP_I2C_R2_OBSERVER/shadow_frozen,NVP_TRACE_HOST_READ_MUX/diag_rsp_rdata_reg[0]/CE,READOUT_PATH
NVP_I2C_R2_OBSERVER/shadow_frozen,NVP_TRACE_HOST_READ_MUX/diag_rsp_valid_reg/D,READOUT_PATH
NVP_I2C_R2_OBSERVER/shadow_frozen,NVP_TRACE_HOST_READ_MUX/shadow_read_address_reg[7]/CE,READOUT_PATH
NVP_I2C_R2_OBSERVER/shadow_frozen,NVP_TRACE_HOST_READ_MUX/shadow_read_address_reg[6]/CE,READOUT_PATH
NVP_I2C_R2_OBSERVER/shadow_frozen,NVP_TRACE_HOST_READ_MUX/shadow_read_address_reg[5]/CE,READOUT_PATH
NVP_I2C_R2_OBSERVER/shadow_frozen,NVP_TRACE_HOST_READ_MUX/shadow_read_address_reg[4]/CE,READOUT_PATH
NVP_I2C_R2_OBSERVER/shadow_frozen,NVP_TRACE_HOST_READ_MUX/shadow_read_address_reg[3]/CE,READOUT_PATH
NVP_I2C_R2_OBSERVER/shadow_frozen,NVP_TRACE_HOST_READ_MUX/shadow_read_address_reg[2]/CE,READOUT_PATH
NVP_I2C_R2_OBSERVER/shadow_frozen,NVP_TRACE_HOST_READ_MUX/shadow_read_address_reg[1]/CE,READOUT_PATH
NVP_I2C_R2_OBSERVER/shadow_frozen,NVP_TRACE_HOST_READ_MUX/shadow_read_address_reg[0]/CE,READOUT_PATH
NVP_I2C_R2_OBSERVER/shadow_frozen,NVP_TRACE_HOST_READ_MUX/diag_rsp_rdata_reg[9]/D,READOUT_PATH
NVP_I2C_R2_OBSERVER/shadow_frozen,NVP_TRACE_HOST_READ_MUX/diag_rsp_rdata_reg[8]/D,READOUT_PATH
NVP_I2C_R2_OBSERVER/shadow_frozen,NVP_TRACE_HOST_READ_MUX/diag_rsp_rdata_reg[27]/D,READOUT_PATH
NVP_I2C_R2_OBSERVER/shadow_frozen,NVP_TRACE_HOST_READ_MUX/diag_rsp_rdata_reg[25]/D,READOUT_PATH
NVP_I2C_R2_OBSERVER/shadow_frozen,NVP_TRACE_HOST_READ_MUX/diag_rsp_rdata_reg[10]/D,READOUT_PATH
NVP_I2C_R2_OBSERVER/shadow_frozen,NVP_TRACE_HOST_READ_MUX/read_wait_reg[0]/D,READOUT_PATH
NVP_I2C_R2_OBSERVER/shadow_frozen,NVP_TRACE_HOST_READ_MUX/diag_rsp_rdata_reg[31]/D,READOUT_PATH
NVP_I2C_R2_OBSERVER/shadow_frozen,NVP_TRACE_HOST_READ_MUX/diag_rsp_rdata_reg[23]/D,READOUT_PATH
NVP_I2C_R2_OBSERVER/shadow_frozen,NVP_TRACE_HOST_READ_MUX/diag_rsp_rdata_reg[22]/D,READOUT_PATH
NVP_I2C_R2_OBSERVER/shadow_frozen,NVP_TRACE_HOST_READ_MUX/diag_rsp_rdata_reg[21]/D,READOUT_PATH
NVP_I2C_R2_OBSERVER/shadow_frozen,NVP_TRACE_HOST_READ_MUX/diag_rsp_rdata_reg[18]/D,READOUT_PATH
NVP_I2C_R2_OBSERVER/shadow_frozen,NVP_TRACE_HOST_READ_MUX/diag_rsp_rdata_reg[15]/D,READOUT_PATH
NVP_I2C_R2_OBSERVER/shadow_frozen,NVP_TRACE_HOST_READ_MUX/diag_rsp_rdata_reg[12]/D,READOUT_PATH
NVP_I2C_R2_OBSERVER/shadow_frozen,NVP_TRACE_HOST_READ_MUX/diag_rsp_rdata_reg[11]/D,READOUT_PATH
NVP_I2C_R2_OBSERVER/shadow_frozen,NVP_TRACE_HOST_READ_MUX/shadow_read_enable_reg/D,READOUT_PATH
NVP_I2C_R2_OBSERVER/shadow_frozen,NVP_TRACE_HOST_READ_MUX/diag_rsp_rdata_reg[7]/D,READOUT_PATH
NVP_I2C_R2_OBSERVER/shadow_frozen,NVP_TRACE_HOST_READ_MUX/diag_rsp_rdata_reg[6]/D,READOUT_PATH
NVP_I2C_R2_OBSERVER/shadow_frozen,NVP_TRACE_HOST_READ_MUX/diag_rsp_rdata_reg[5]/D,READOUT_PATH
NVP_I2C_R2_OBSERVER/shadow_frozen,NVP_TRACE_HOST_READ_MUX/diag_rsp_rdata_reg[4]/D,READOUT_PATH
NVP_I2C_R2_OBSERVER/shadow_frozen,NVP_TRACE_HOST_READ_MUX/diag_rsp_rdata_reg[3]/D,READOUT_PATH
NVP_I2C_R2_OBSERVER/shadow_frozen,NVP_TRACE_HOST_READ_MUX/diag_rsp_rdata_reg[30]/D,READOUT_PATH
NVP_I2C_R2_OBSERVER/shadow_frozen,NVP_TRACE_HOST_READ_MUX/diag_rsp_rdata_reg[28]/D,READOUT_PATH
NVP_I2C_R2_OBSERVER/shadow_frozen,NVP_TRACE_HOST_READ_MUX/diag_rsp_rdata_reg[26]/D,READOUT_PATH
NVP_I2C_R2_OBSERVER/shadow_frozen,NVP_TRACE_HOST_READ_MUX/diag_rsp_rdata_reg[24]/D,READOUT_PATH
NVP_I2C_R2_OBSERVER/shadow_frozen,NVP_TRACE_HOST_READ_MUX/diag_rsp_rdata_reg[20]/D,READOUT_PATH
NVP_I2C_R2_OBSERVER/shadow_frozen,NVP_TRACE_HOST_READ_MUX/diag_rsp_rdata_reg[1]/D,READOUT_PATH
NVP_I2C_R2_OBSERVER/shadow_frozen,NVP_TRACE_HOST_READ_MUX/diag_rsp_rdata_reg[19]/D,READOUT_PATH
NVP_I2C_R2_OBSERVER/shadow_frozen,NVP_TRACE_HOST_READ_MUX/diag_rsp_rdata_reg[17]/D,READOUT_PATH
NVP_I2C_R2_OBSERVER/shadow_frozen,NVP_TRACE_HOST_READ_MUX/diag_rsp_rdata_reg[16]/D,READOUT_PATH
NVP_I2C_R2_OBSERVER/shadow_frozen,NVP_TRACE_HOST_READ_MUX/diag_rsp_rdata_reg[14]/D,READOUT_PATH
NVP_I2C_R2_OBSERVER/shadow_frozen,NVP_TRACE_HOST_READ_MUX/diag_rsp_rdata_reg[13]/D,READOUT_PATH
NVP_I2C_R2_OBSERVER/shadow_frozen,NVP_TRACE_HOST_READ_MUX/diag_rsp_rdata_reg[0]/D,READOUT_PATH
NVP_I2C_R2_OBSERVER/shadow_frozen,NVP_TRACE_HOST_READ_MUX/read_wait_reg[1]/D,READOUT_PATH
NVP_I2C_R2_OBSERVER/shadow_full,NVP_TRACE_HOST_READ_MUX/shadow_read_address_reg[3]/D,READOUT_PATH
NVP_I2C_R2_OBSERVER/shadow_full,NVP_TRACE_HOST_READ_MUX/shadow_read_address_reg[2]/D,READOUT_PATH
NVP_I2C_R2_OBSERVER/shadow_full,NVP_TRACE_HOST_READ_MUX/shadow_read_address_reg[1]/D,READOUT_PATH
NVP_I2C_R2_OBSERVER/shadow_full,NVP_TRACE_HOST_READ_MUX/shadow_read_address_reg[0]/D,READOUT_PATH
NVP_I2C_R2_OBSERVER/shadow_full,NVP_TRACE_HOST_READ_MUX/shadow_read_address_reg[7]/D,READOUT_PATH
NVP_I2C_R2_OBSERVER/shadow_full,NVP_TRACE_HOST_READ_MUX/shadow_read_address_reg[6]/D,READOUT_PATH
NVP_I2C_R2_OBSERVER/shadow_full,NVP_TRACE_HOST_READ_MUX/shadow_read_address_reg[5]/D,READOUT_PATH
NVP_I2C_R2_OBSERVER/shadow_full,NVP_TRACE_HOST_READ_MUX/shadow_read_address_reg[4]/D,READOUT_PATH
NVP_I2C_R2_OBSERVER/shadow_full,NVP_TRACE_HOST_READ_MUX/diag_rsp_rdata_reg[3]/D,READOUT_PATH
NVP_I2C_R2_OBSERVER/shadow_invalid_window_count[0],NVP_TRACE_HOST_READ_MUX/diag_rsp_rdata_reg[0]/D,READOUT_PATH
NVP_I2C_R2_OBSERVER/shadow_invalid_window_count[10],NVP_TRACE_HOST_READ_MUX/diag_rsp_rdata_reg[10]/D,READOUT_PATH
NVP_I2C_R2_OBSERVER/shadow_invalid_window_count[11],NVP_TRACE_HOST_READ_MUX/diag_rsp_rdata_reg[11]/D,READOUT_PATH
NVP_I2C_R2_OBSERVER/shadow_invalid_window_count[12],NVP_TRACE_HOST_READ_MUX/diag_rsp_rdata_reg[12]/D,READOUT_PATH
NVP_I2C_R2_OBSERVER/shadow_invalid_window_count[13],NVP_TRACE_HOST_READ_MUX/diag_rsp_rdata_reg[13]/D,READOUT_PATH
NVP_I2C_R2_OBSERVER/shadow_invalid_window_count[14],NVP_TRACE_HOST_READ_MUX/diag_rsp_rdata_reg[14]/D,READOUT_PATH
NVP_I2C_R2_OBSERVER/shadow_invalid_window_count[15],NVP_TRACE_HOST_READ_MUX/diag_rsp_rdata_reg[15]/D,READOUT_PATH
NVP_I2C_R2_OBSERVER/shadow_invalid_window_count[16],NVP_TRACE_HOST_READ_MUX/diag_rsp_rdata_reg[16]/D,READOUT_PATH
NVP_I2C_R2_OBSERVER/shadow_invalid_window_count[17],NVP_TRACE_HOST_READ_MUX/diag_rsp_rdata_reg[17]/D,READOUT_PATH
NVP_I2C_R2_OBSERVER/shadow_invalid_window_count[18],NVP_TRACE_HOST_READ_MUX/diag_rsp_rdata_reg[18]/D,READOUT_PATH
NVP_I2C_R2_OBSERVER/shadow_invalid_window_count[19],NVP_TRACE_HOST_READ_MUX/diag_rsp_rdata_reg[19]/D,READOUT_PATH
NVP_I2C_R2_OBSERVER/shadow_invalid_window_count[1],NVP_TRACE_HOST_READ_MUX/diag_rsp_rdata_reg[1]/D,READOUT_PATH
NVP_I2C_R2_OBSERVER/shadow_invalid_window_count[20],NVP_TRACE_HOST_READ_MUX/diag_rsp_rdata_reg[20]/D,READOUT_PATH
NVP_I2C_R2_OBSERVER/shadow_invalid_window_count[21],NVP_TRACE_HOST_READ_MUX/diag_rsp_rdata_reg[21]/D,READOUT_PATH
NVP_I2C_R2_OBSERVER/shadow_invalid_window_count[22],NVP_TRACE_HOST_READ_MUX/diag_rsp_rdata_reg[22]/D,READOUT_PATH
NVP_I2C_R2_OBSERVER/shadow_invalid_window_count[23],NVP_TRACE_HOST_READ_MUX/diag_rsp_rdata_reg[23]/D,READOUT_PATH
NVP_I2C_R2_OBSERVER/shadow_invalid_window_count[24],NVP_TRACE_HOST_READ_MUX/diag_rsp_rdata_reg[24]/D,READOUT_PATH
NVP_I2C_R2_OBSERVER/shadow_invalid_window_count[25],NVP_TRACE_HOST_READ_MUX/diag_rsp_rdata_reg[25]/D,READOUT_PATH
NVP_I2C_R2_OBSERVER/shadow_invalid_window_count[26],NVP_TRACE_HOST_READ_MUX/diag_rsp_rdata_reg[26]/D,READOUT_PATH
NVP_I2C_R2_OBSERVER/shadow_invalid_window_count[27],NVP_TRACE_HOST_READ_MUX/diag_rsp_rdata_reg[27]/D,READOUT_PATH
NVP_I2C_R2_OBSERVER/shadow_invalid_window_count[28],NVP_TRACE_HOST_READ_MUX/diag_rsp_rdata_reg[28]/D,READOUT_PATH
NVP_I2C_R2_OBSERVER/shadow_invalid_window_count[29],NVP_TRACE_HOST_READ_MUX/diag_rsp_rdata_reg[29]/D,READOUT_PATH
NVP_I2C_R2_OBSERVER/shadow_invalid_window_count[2],NVP_TRACE_HOST_READ_MUX/diag_rsp_rdata_reg[2]/D,READOUT_PATH
NVP_I2C_R2_OBSERVER/shadow_invalid_window_count[30],NVP_TRACE_HOST_READ_MUX/diag_rsp_rdata_reg[30]/D,READOUT_PATH
NVP_I2C_R2_OBSERVER/shadow_invalid_window_count[31],NVP_TRACE_HOST_READ_MUX/diag_rsp_rdata_reg[31]/D,READOUT_PATH
NVP_I2C_R2_OBSERVER/shadow_invalid_window_count[3],NVP_TRACE_HOST_READ_MUX/diag_rsp_rdata_reg[3]/D,READOUT_PATH
NVP_I2C_R2_OBSERVER/shadow_invalid_window_count[4],NVP_TRACE_HOST_READ_MUX/diag_rsp_rdata_reg[4]/D,READOUT_PATH
NVP_I2C_R2_OBSERVER/shadow_invalid_window_count[5],NVP_TRACE_HOST_READ_MUX/diag_rsp_rdata_reg[5]/D,READOUT_PATH
NVP_I2C_R2_OBSERVER/shadow_invalid_window_count[6],NVP_TRACE_HOST_READ_MUX/diag_rsp_rdata_reg[6]/D,READOUT_PATH
NVP_I2C_R2_OBSERVER/shadow_invalid_window_count[7],NVP_TRACE_HOST_READ_MUX/diag_rsp_rdata_reg[7]/D,READOUT_PATH
NVP_I2C_R2_OBSERVER/shadow_invalid_window_count[8],NVP_TRACE_HOST_READ_MUX/diag_rsp_rdata_reg[8]/D,READOUT_PATH
NVP_I2C_R2_OBSERVER/shadow_invalid_window_count[9],NVP_TRACE_HOST_READ_MUX/diag_rsp_rdata_reg[9]/D,READOUT_PATH
NVP_I2C_R2_OBSERVER/shadow_overflow,NVP_TRACE_HOST_READ_MUX/diag_rsp_rdata_reg[4]/D,READOUT_PATH
NVP_I2C_R2_OBSERVER/shadow_read_data[0],NVP_TRACE_HOST_READ_MUX/diag_rsp_rdata_reg[0]/D,READOUT_PATH
NVP_I2C_R2_OBSERVER/shadow_read_data[100],NVP_TRACE_HOST_READ_MUX/diag_rsp_rdata_reg[4]/D,READOUT_PATH
NVP_I2C_R2_OBSERVER/shadow_read_data[101],NVP_TRACE_HOST_READ_MUX/diag_rsp_rdata_reg[5]/D,READOUT_PATH
NVP_I2C_R2_OBSERVER/shadow_read_data[102],NVP_TRACE_HOST_READ_MUX/diag_rsp_rdata_reg[6]/D,READOUT_PATH
NVP_I2C_R2_OBSERVER/shadow_read_data[103],NVP_TRACE_HOST_READ_MUX/diag_rsp_rdata_reg[7]/D,READOUT_PATH
NVP_I2C_R2_OBSERVER/shadow_read_data[104],NVP_TRACE_HOST_READ_MUX/diag_rsp_rdata_reg[8]/D,READOUT_PATH
NVP_I2C_R2_OBSERVER/shadow_read_data[105],NVP_TRACE_HOST_READ_MUX/diag_rsp_rdata_reg[9]/D,READOUT_PATH
NVP_I2C_R2_OBSERVER/shadow_read_data[106],NVP_TRACE_HOST_READ_MUX/diag_rsp_rdata_reg[10]/D,READOUT_PATH
NVP_I2C_R2_OBSERVER/shadow_read_data[107],NVP_TRACE_HOST_READ_MUX/diag_rsp_rdata_reg[11]/D,READOUT_PATH
NVP_I2C_R2_OBSERVER/shadow_read_data[108],NVP_TRACE_HOST_READ_MUX/diag_rsp_rdata_reg[12]/D,READOUT_PATH
NVP_I2C_R2_OBSERVER/shadow_read_data[109],NVP_TRACE_HOST_READ_MUX/diag_rsp_rdata_reg[13]/D,READOUT_PATH
NVP_I2C_R2_OBSERVER/shadow_read_data[10],NVP_TRACE_HOST_READ_MUX/diag_rsp_rdata_reg[10]/D,READOUT_PATH
NVP_I2C_R2_OBSERVER/shadow_read_data[110],NVP_TRACE_HOST_READ_MUX/diag_rsp_rdata_reg[14]/D,READOUT_PATH
NVP_I2C_R2_OBSERVER/shadow_read_data[111],NVP_TRACE_HOST_READ_MUX/diag_rsp_rdata_reg[15]/D,READOUT_PATH
NVP_I2C_R2_OBSERVER/shadow_read_data[112],NVP_TRACE_HOST_READ_MUX/diag_rsp_rdata_reg[16]/D,READOUT_PATH
NVP_I2C_R2_OBSERVER/shadow_read_data[113],NVP_TRACE_HOST_READ_MUX/diag_rsp_rdata_reg[17]/D,READOUT_PATH
NVP_I2C_R2_OBSERVER/shadow_read_data[114],NVP_TRACE_HOST_READ_MUX/diag_rsp_rdata_reg[18]/D,READOUT_PATH
NVP_I2C_R2_OBSERVER/shadow_read_data[115],NVP_TRACE_HOST_READ_MUX/diag_rsp_rdata_reg[19]/D,READOUT_PATH
NVP_I2C_R2_OBSERVER/shadow_read_data[116],NVP_TRACE_HOST_READ_MUX/diag_rsp_rdata_reg[20]/D,READOUT_PATH
NVP_I2C_R2_OBSERVER/shadow_read_data[117],NVP_TRACE_HOST_READ_MUX/diag_rsp_rdata_reg[21]/D,READOUT_PATH
NVP_I2C_R2_OBSERVER/shadow_read_data[118],NVP_TRACE_HOST_READ_MUX/diag_rsp_rdata_reg[22]/D,READOUT_PATH
NVP_I2C_R2_OBSERVER/shadow_read_data[119],NVP_TRACE_HOST_READ_MUX/diag_rsp_rdata_reg[23]/D,READOUT_PATH
NVP_I2C_R2_OBSERVER/shadow_read_data[11],NVP_TRACE_HOST_READ_MUX/diag_rsp_rdata_reg[11]/D,READOUT_PATH
NVP_I2C_R2_OBSERVER/shadow_read_data[120],NVP_TRACE_HOST_READ_MUX/diag_rsp_rdata_reg[24]/D,READOUT_PATH
NVP_I2C_R2_OBSERVER/shadow_read_data[121],NVP_TRACE_HOST_READ_MUX/diag_rsp_rdata_reg[25]/D,READOUT_PATH
NVP_I2C_R2_OBSERVER/shadow_read_data[122],NVP_TRACE_HOST_READ_MUX/diag_rsp_rdata_reg[26]/D,READOUT_PATH
NVP_I2C_R2_OBSERVER/shadow_read_data[123],NVP_TRACE_HOST_READ_MUX/diag_rsp_rdata_reg[27]/D,READOUT_PATH
NVP_I2C_R2_OBSERVER/shadow_read_data[124],NVP_TRACE_HOST_READ_MUX/diag_rsp_rdata_reg[28]/D,READOUT_PATH
NVP_I2C_R2_OBSERVER/shadow_read_data[125],NVP_TRACE_HOST_READ_MUX/diag_rsp_rdata_reg[29]/D,READOUT_PATH
NVP_I2C_R2_OBSERVER/shadow_read_data[126],NVP_TRACE_HOST_READ_MUX/diag_rsp_rdata_reg[30]/D,READOUT_PATH
NVP_I2C_R2_OBSERVER/shadow_read_data[127],NVP_TRACE_HOST_READ_MUX/diag_rsp_rdata_reg[31]/D,READOUT_PATH
NVP_I2C_R2_OBSERVER/shadow_read_data[128],NVP_TRACE_HOST_READ_MUX/diag_rsp_rdata_reg[0]/D,READOUT_PATH
NVP_I2C_R2_OBSERVER/shadow_read_data[129],NVP_TRACE_HOST_READ_MUX/diag_rsp_rdata_reg[1]/D,READOUT_PATH
NVP_I2C_R2_OBSERVER/shadow_read_data[12],NVP_TRACE_HOST_READ_MUX/diag_rsp_rdata_reg[12]/D,READOUT_PATH
NVP_I2C_R2_OBSERVER/shadow_read_data[130],NVP_TRACE_HOST_READ_MUX/diag_rsp_rdata_reg[2]/D,READOUT_PATH
NVP_I2C_R2_OBSERVER/shadow_read_data[131],NVP_TRACE_HOST_READ_MUX/diag_rsp_rdata_reg[3]/D,READOUT_PATH
NVP_I2C_R2_OBSERVER/shadow_read_data[132],NVP_TRACE_HOST_READ_MUX/diag_rsp_rdata_reg[4]/D,READOUT_PATH
NVP_I2C_R2_OBSERVER/shadow_read_data[133],NVP_TRACE_HOST_READ_MUX/diag_rsp_rdata_reg[5]/D,READOUT_PATH
NVP_I2C_R2_OBSERVER/shadow_read_data[134],NVP_TRACE_HOST_READ_MUX/diag_rsp_rdata_reg[6]/D,READOUT_PATH
NVP_I2C_R2_OBSERVER/shadow_read_data[135],NVP_TRACE_HOST_READ_MUX/diag_rsp_rdata_reg[7]/D,READOUT_PATH
NVP_I2C_R2_OBSERVER/shadow_read_data[136],NVP_TRACE_HOST_READ_MUX/diag_rsp_rdata_reg[8]/D,READOUT_PATH
NVP_I2C_R2_OBSERVER/shadow_read_data[137],NVP_TRACE_HOST_READ_MUX/diag_rsp_rdata_reg[9]/D,READOUT_PATH
NVP_I2C_R2_OBSERVER/shadow_read_data[138],NVP_TRACE_HOST_READ_MUX/diag_rsp_rdata_reg[10]/D,READOUT_PATH
NVP_I2C_R2_OBSERVER/shadow_read_data[139],NVP_TRACE_HOST_READ_MUX/diag_rsp_rdata_reg[11]/D,READOUT_PATH
NVP_I2C_R2_OBSERVER/shadow_read_data[13],NVP_TRACE_HOST_READ_MUX/diag_rsp_rdata_reg[13]/D,READOUT_PATH
NVP_I2C_R2_OBSERVER/shadow_read_data[140],NVP_TRACE_HOST_READ_MUX/diag_rsp_rdata_reg[12]/D,READOUT_PATH
NVP_I2C_R2_OBSERVER/shadow_read_data[141],NVP_TRACE_HOST_READ_MUX/diag_rsp_rdata_reg[13]/D,READOUT_PATH
NVP_I2C_R2_OBSERVER/shadow_read_data[142],NVP_TRACE_HOST_READ_MUX/diag_rsp_rdata_reg[14]/D,READOUT_PATH
NVP_I2C_R2_OBSERVER/shadow_read_data[143],NVP_TRACE_HOST_READ_MUX/diag_rsp_rdata_reg[15]/D,READOUT_PATH
NVP_I2C_R2_OBSERVER/shadow_read_data[144],NVP_TRACE_HOST_READ_MUX/diag_rsp_rdata_reg[16]/D,READOUT_PATH
NVP_I2C_R2_OBSERVER/shadow_read_data[145],NVP_TRACE_HOST_READ_MUX/diag_rsp_rdata_reg[17]/D,READOUT_PATH
NVP_I2C_R2_OBSERVER/shadow_read_data[146],NVP_TRACE_HOST_READ_MUX/diag_rsp_rdata_reg[18]/D,READOUT_PATH
NVP_I2C_R2_OBSERVER/shadow_read_data[147],NVP_TRACE_HOST_READ_MUX/diag_rsp_rdata_reg[19]/D,READOUT_PATH
NVP_I2C_R2_OBSERVER/shadow_read_data[148],NVP_TRACE_HOST_READ_MUX/diag_rsp_rdata_reg[20]/D,READOUT_PATH
NVP_I2C_R2_OBSERVER/shadow_read_data[149],NVP_TRACE_HOST_READ_MUX/diag_rsp_rdata_reg[21]/D,READOUT_PATH
NVP_I2C_R2_OBSERVER/shadow_read_data[14],NVP_TRACE_HOST_READ_MUX/diag_rsp_rdata_reg[14]/D,READOUT_PATH
NVP_I2C_R2_OBSERVER/shadow_read_data[150],NVP_TRACE_HOST_READ_MUX/diag_rsp_rdata_reg[22]/D,READOUT_PATH
NVP_I2C_R2_OBSERVER/shadow_read_data[151],NVP_TRACE_HOST_READ_MUX/diag_rsp_rdata_reg[23]/D,READOUT_PATH
NVP_I2C_R2_OBSERVER/shadow_read_data[152],NVP_TRACE_HOST_READ_MUX/diag_rsp_rdata_reg[24]/D,READOUT_PATH
NVP_I2C_R2_OBSERVER/shadow_read_data[153],NVP_TRACE_HOST_READ_MUX/diag_rsp_rdata_reg[25]/D,READOUT_PATH
NVP_I2C_R2_OBSERVER/shadow_read_data[154],NVP_TRACE_HOST_READ_MUX/diag_rsp_rdata_reg[26]/D,READOUT_PATH
NVP_I2C_R2_OBSERVER/shadow_read_data[155],NVP_TRACE_HOST_READ_MUX/diag_rsp_rdata_reg[27]/D,READOUT_PATH
NVP_I2C_R2_OBSERVER/shadow_read_data[156],NVP_TRACE_HOST_READ_MUX/diag_rsp_rdata_reg[28]/D,READOUT_PATH
NVP_I2C_R2_OBSERVER/shadow_read_data[157],NVP_TRACE_HOST_READ_MUX/diag_rsp_rdata_reg[29]/D,READOUT_PATH
NVP_I2C_R2_OBSERVER/shadow_read_data[158],NVP_TRACE_HOST_READ_MUX/diag_rsp_rdata_reg[30]/D,READOUT_PATH
NVP_I2C_R2_OBSERVER/shadow_read_data[159],NVP_TRACE_HOST_READ_MUX/diag_rsp_rdata_reg[31]/D,READOUT_PATH
NVP_I2C_R2_OBSERVER/shadow_read_data[15],NVP_TRACE_HOST_READ_MUX/diag_rsp_rdata_reg[15]/D,READOUT_PATH
NVP_I2C_R2_OBSERVER/shadow_read_data[160],NVP_TRACE_HOST_READ_MUX/diag_rsp_rdata_reg[0]/D,READOUT_PATH
NVP_I2C_R2_OBSERVER/shadow_read_data[161],NVP_TRACE_HOST_READ_MUX/diag_rsp_rdata_reg[1]/D,READOUT_PATH
NVP_I2C_R2_OBSERVER/shadow_read_data[162],NVP_TRACE_HOST_READ_MUX/diag_rsp_rdata_reg[2]/D,READOUT_PATH
NVP_I2C_R2_OBSERVER/shadow_read_data[163],NVP_TRACE_HOST_READ_MUX/diag_rsp_rdata_reg[3]/D,READOUT_PATH
NVP_I2C_R2_OBSERVER/shadow_read_data[164],NVP_TRACE_HOST_READ_MUX/diag_rsp_rdata_reg[4]/D,READOUT_PATH
NVP_I2C_R2_OBSERVER/shadow_read_data[165],NVP_TRACE_HOST_READ_MUX/diag_rsp_rdata_reg[5]/D,READOUT_PATH
NVP_I2C_R2_OBSERVER/shadow_read_data[166],NVP_TRACE_HOST_READ_MUX/diag_rsp_rdata_reg[6]/D,READOUT_PATH
NVP_I2C_R2_OBSERVER/shadow_read_data[167],NVP_TRACE_HOST_READ_MUX/diag_rsp_rdata_reg[7]/D,READOUT_PATH
NVP_I2C_R2_OBSERVER/shadow_read_data[168],NVP_TRACE_HOST_READ_MUX/diag_rsp_rdata_reg[8]/D,READOUT_PATH
NVP_I2C_R2_OBSERVER/shadow_read_data[169],NVP_TRACE_HOST_READ_MUX/diag_rsp_rdata_reg[9]/D,READOUT_PATH
NVP_I2C_R2_OBSERVER/shadow_read_data[16],NVP_TRACE_HOST_READ_MUX/diag_rsp_rdata_reg[16]/D,READOUT_PATH
NVP_I2C_R2_OBSERVER/shadow_read_data[170],NVP_TRACE_HOST_READ_MUX/diag_rsp_rdata_reg[10]/D,READOUT_PATH
NVP_I2C_R2_OBSERVER/shadow_read_data[171],NVP_TRACE_HOST_READ_MUX/diag_rsp_rdata_reg[11]/D,READOUT_PATH
NVP_I2C_R2_OBSERVER/shadow_read_data[172],NVP_TRACE_HOST_READ_MUX/diag_rsp_rdata_reg[12]/D,READOUT_PATH
NVP_I2C_R2_OBSERVER/shadow_read_data[173],NVP_TRACE_HOST_READ_MUX/diag_rsp_rdata_reg[13]/D,READOUT_PATH
NVP_I2C_R2_OBSERVER/shadow_read_data[174],NVP_TRACE_HOST_READ_MUX/diag_rsp_rdata_reg[14]/D,READOUT_PATH
NVP_I2C_R2_OBSERVER/shadow_read_data[175],NVP_TRACE_HOST_READ_MUX/diag_rsp_rdata_reg[15]/D,READOUT_PATH
NVP_I2C_R2_OBSERVER/shadow_read_data[176],NVP_TRACE_HOST_READ_MUX/diag_rsp_rdata_reg[16]/D,READOUT_PATH
NVP_I2C_R2_OBSERVER/shadow_read_data[177],NVP_TRACE_HOST_READ_MUX/diag_rsp_rdata_reg[17]/D,READOUT_PATH
NVP_I2C_R2_OBSERVER/shadow_read_data[178],NVP_TRACE_HOST_READ_MUX/diag_rsp_rdata_reg[18]/D,READOUT_PATH
NVP_I2C_R2_OBSERVER/shadow_read_data[179],NVP_TRACE_HOST_READ_MUX/diag_rsp_rdata_reg[19]/D,READOUT_PATH
NVP_I2C_R2_OBSERVER/shadow_read_data[17],NVP_TRACE_HOST_READ_MUX/diag_rsp_rdata_reg[17]/D,READOUT_PATH
NVP_I2C_R2_OBSERVER/shadow_read_data[180],NVP_TRACE_HOST_READ_MUX/diag_rsp_rdata_reg[20]/D,READOUT_PATH
NVP_I2C_R2_OBSERVER/shadow_read_data[181],NVP_TRACE_HOST_READ_MUX/diag_rsp_rdata_reg[21]/D,READOUT_PATH
NVP_I2C_R2_OBSERVER/shadow_read_data[182],NVP_TRACE_HOST_READ_MUX/diag_rsp_rdata_reg[22]/D,READOUT_PATH
NVP_I2C_R2_OBSERVER/shadow_read_data[183],NVP_TRACE_HOST_READ_MUX/diag_rsp_rdata_reg[23]/D,READOUT_PATH
NVP_I2C_R2_OBSERVER/shadow_read_data[184],NVP_TRACE_HOST_READ_MUX/diag_rsp_rdata_reg[24]/D,READOUT_PATH
NVP_I2C_R2_OBSERVER/shadow_read_data[185],NVP_TRACE_HOST_READ_MUX/diag_rsp_rdata_reg[25]/D,READOUT_PATH
NVP_I2C_R2_OBSERVER/shadow_read_data[186],NVP_TRACE_HOST_READ_MUX/diag_rsp_rdata_reg[26]/D,READOUT_PATH
NVP_I2C_R2_OBSERVER/shadow_read_data[187],NVP_TRACE_HOST_READ_MUX/diag_rsp_rdata_reg[27]/D,READOUT_PATH
NVP_I2C_R2_OBSERVER/shadow_read_data[188],NVP_TRACE_HOST_READ_MUX/diag_rsp_rdata_reg[28]/D,READOUT_PATH
NVP_I2C_R2_OBSERVER/shadow_read_data[189],NVP_TRACE_HOST_READ_MUX/diag_rsp_rdata_reg[29]/D,READOUT_PATH
NVP_I2C_R2_OBSERVER/shadow_read_data[18],NVP_TRACE_HOST_READ_MUX/diag_rsp_rdata_reg[18]/D,READOUT_PATH
NVP_I2C_R2_OBSERVER/shadow_read_data[190],NVP_TRACE_HOST_READ_MUX/diag_rsp_rdata_reg[30]/D,READOUT_PATH
NVP_I2C_R2_OBSERVER/shadow_read_data[191],NVP_TRACE_HOST_READ_MUX/diag_rsp_rdata_reg[31]/D,READOUT_PATH
NVP_I2C_R2_OBSERVER/shadow_read_data[192],NVP_TRACE_HOST_READ_MUX/diag_rsp_rdata_reg[0]/D,READOUT_PATH
NVP_I2C_R2_OBSERVER/shadow_read_data[193],NVP_TRACE_HOST_READ_MUX/diag_rsp_rdata_reg[1]/D,READOUT_PATH
NVP_I2C_R2_OBSERVER/shadow_read_data[194],NVP_TRACE_HOST_READ_MUX/diag_rsp_rdata_reg[2]/D,READOUT_PATH
NVP_I2C_R2_OBSERVER/shadow_read_data[195],NVP_TRACE_HOST_READ_MUX/diag_rsp_rdata_reg[3]/D,READOUT_PATH
NVP_I2C_R2_OBSERVER/shadow_read_data[196],NVP_TRACE_HOST_READ_MUX/diag_rsp_rdata_reg[4]/D,READOUT_PATH
NVP_I2C_R2_OBSERVER/shadow_read_data[197],NVP_TRACE_HOST_READ_MUX/diag_rsp_rdata_reg[5]/D,READOUT_PATH
NVP_I2C_R2_OBSERVER/shadow_read_data[198],NVP_TRACE_HOST_READ_MUX/diag_rsp_rdata_reg[6]/D,READOUT_PATH
NVP_I2C_R2_OBSERVER/shadow_read_data[199],NVP_TRACE_HOST_READ_MUX/diag_rsp_rdata_reg[7]/D,READOUT_PATH
NVP_I2C_R2_OBSERVER/shadow_read_data[19],NVP_TRACE_HOST_READ_MUX/diag_rsp_rdata_reg[19]/D,READOUT_PATH
NVP_I2C_R2_OBSERVER/shadow_read_data[1],NVP_TRACE_HOST_READ_MUX/diag_rsp_rdata_reg[1]/D,READOUT_PATH
NVP_I2C_R2_OBSERVER/shadow_read_data[200],NVP_TRACE_HOST_READ_MUX/diag_rsp_rdata_reg[8]/D,READOUT_PATH
NVP_I2C_R2_OBSERVER/shadow_read_data[201],NVP_TRACE_HOST_READ_MUX/diag_rsp_rdata_reg[9]/D,READOUT_PATH
NVP_I2C_R2_OBSERVER/shadow_read_data[202],NVP_TRACE_HOST_READ_MUX/diag_rsp_rdata_reg[10]/D,READOUT_PATH
NVP_I2C_R2_OBSERVER/shadow_read_data[203],NVP_TRACE_HOST_READ_MUX/diag_rsp_rdata_reg[11]/D,READOUT_PATH
NVP_I2C_R2_OBSERVER/shadow_read_data[204],NVP_TRACE_HOST_READ_MUX/diag_rsp_rdata_reg[12]/D,READOUT_PATH
NVP_I2C_R2_OBSERVER/shadow_read_data[205],NVP_TRACE_HOST_READ_MUX/diag_rsp_rdata_reg[13]/D,READOUT_PATH
NVP_I2C_R2_OBSERVER/shadow_read_data[206],NVP_TRACE_HOST_READ_MUX/diag_rsp_rdata_reg[14]/D,READOUT_PATH
NVP_I2C_R2_OBSERVER/shadow_read_data[207],NVP_TRACE_HOST_READ_MUX/diag_rsp_rdata_reg[15]/D,READOUT_PATH
NVP_I2C_R2_OBSERVER/shadow_read_data[208],NVP_TRACE_HOST_READ_MUX/diag_rsp_rdata_reg[16]/D,READOUT_PATH
NVP_I2C_R2_OBSERVER/shadow_read_data[209],NVP_TRACE_HOST_READ_MUX/diag_rsp_rdata_reg[17]/D,READOUT_PATH
NVP_I2C_R2_OBSERVER/shadow_read_data[20],NVP_TRACE_HOST_READ_MUX/diag_rsp_rdata_reg[20]/D,READOUT_PATH
NVP_I2C_R2_OBSERVER/shadow_read_data[210],NVP_TRACE_HOST_READ_MUX/diag_rsp_rdata_reg[18]/D,READOUT_PATH
NVP_I2C_R2_OBSERVER/shadow_read_data[211],NVP_TRACE_HOST_READ_MUX/diag_rsp_rdata_reg[19]/D,READOUT_PATH
NVP_I2C_R2_OBSERVER/shadow_read_data[212],NVP_TRACE_HOST_READ_MUX/diag_rsp_rdata_reg[20]/D,READOUT_PATH
NVP_I2C_R2_OBSERVER/shadow_read_data[213],NVP_TRACE_HOST_READ_MUX/diag_rsp_rdata_reg[21]/D,READOUT_PATH
NVP_I2C_R2_OBSERVER/shadow_read_data[214],NVP_TRACE_HOST_READ_MUX/diag_rsp_rdata_reg[22]/D,READOUT_PATH
NVP_I2C_R2_OBSERVER/shadow_read_data[215],NVP_TRACE_HOST_READ_MUX/diag_rsp_rdata_reg[23]/D,READOUT_PATH
NVP_I2C_R2_OBSERVER/shadow_read_data[216],NVP_TRACE_HOST_READ_MUX/diag_rsp_rdata_reg[24]/D,READOUT_PATH
NVP_I2C_R2_OBSERVER/shadow_read_data[217],NVP_TRACE_HOST_READ_MUX/diag_rsp_rdata_reg[25]/D,READOUT_PATH
NVP_I2C_R2_OBSERVER/shadow_read_data[218],NVP_TRACE_HOST_READ_MUX/diag_rsp_rdata_reg[26]/D,READOUT_PATH
NVP_I2C_R2_OBSERVER/shadow_read_data[219],NVP_TRACE_HOST_READ_MUX/diag_rsp_rdata_reg[27]/D,READOUT_PATH
NVP_I2C_R2_OBSERVER/shadow_read_data[21],NVP_TRACE_HOST_READ_MUX/diag_rsp_rdata_reg[21]/D,READOUT_PATH
NVP_I2C_R2_OBSERVER/shadow_read_data[220],NVP_TRACE_HOST_READ_MUX/diag_rsp_rdata_reg[28]/D,READOUT_PATH
NVP_I2C_R2_OBSERVER/shadow_read_data[221],NVP_TRACE_HOST_READ_MUX/diag_rsp_rdata_reg[29]/D,READOUT_PATH
NVP_I2C_R2_OBSERVER/shadow_read_data[222],NVP_TRACE_HOST_READ_MUX/diag_rsp_rdata_reg[30]/D,READOUT_PATH
NVP_I2C_R2_OBSERVER/shadow_read_data[223],NVP_TRACE_HOST_READ_MUX/diag_rsp_rdata_reg[31]/D,READOUT_PATH
NVP_I2C_R2_OBSERVER/shadow_read_data[224],NVP_TRACE_HOST_READ_MUX/diag_rsp_rdata_reg[0]/D,READOUT_PATH
NVP_I2C_R2_OBSERVER/shadow_read_data[225],NVP_TRACE_HOST_READ_MUX/diag_rsp_rdata_reg[1]/D,READOUT_PATH
NVP_I2C_R2_OBSERVER/shadow_read_data[226],NVP_TRACE_HOST_READ_MUX/diag_rsp_rdata_reg[2]/D,READOUT_PATH
NVP_I2C_R2_OBSERVER/shadow_read_data[227],NVP_TRACE_HOST_READ_MUX/diag_rsp_rdata_reg[3]/D,READOUT_PATH
NVP_I2C_R2_OBSERVER/shadow_read_data[228],NVP_TRACE_HOST_READ_MUX/diag_rsp_rdata_reg[4]/D,READOUT_PATH
NVP_I2C_R2_OBSERVER/shadow_read_data[229],NVP_TRACE_HOST_READ_MUX/diag_rsp_rdata_reg[5]/D,READOUT_PATH
NVP_I2C_R2_OBSERVER/shadow_read_data[22],NVP_TRACE_HOST_READ_MUX/diag_rsp_rdata_reg[22]/D,READOUT_PATH
NVP_I2C_R2_OBSERVER/shadow_read_data[230],NVP_TRACE_HOST_READ_MUX/diag_rsp_rdata_reg[6]/D,READOUT_PATH
NVP_I2C_R2_OBSERVER/shadow_read_data[231],NVP_TRACE_HOST_READ_MUX/diag_rsp_rdata_reg[7]/D,READOUT_PATH
NVP_I2C_R2_OBSERVER/shadow_read_data[232],NVP_TRACE_HOST_READ_MUX/diag_rsp_rdata_reg[8]/D,READOUT_PATH
NVP_I2C_R2_OBSERVER/shadow_read_data[233],NVP_TRACE_HOST_READ_MUX/diag_rsp_rdata_reg[9]/D,READOUT_PATH
NVP_I2C_R2_OBSERVER/shadow_read_data[234],NVP_TRACE_HOST_READ_MUX/diag_rsp_rdata_reg[10]/D,READOUT_PATH
NVP_I2C_R2_OBSERVER/shadow_read_data[235],NVP_TRACE_HOST_READ_MUX/diag_rsp_rdata_reg[11]/D,READOUT_PATH
NVP_I2C_R2_OBSERVER/shadow_read_data[236],NVP_TRACE_HOST_READ_MUX/diag_rsp_rdata_reg[12]/D,READOUT_PATH
NVP_I2C_R2_OBSERVER/shadow_read_data[237],NVP_TRACE_HOST_READ_MUX/diag_rsp_rdata_reg[13]/D,READOUT_PATH
NVP_I2C_R2_OBSERVER/shadow_read_data[238],NVP_TRACE_HOST_READ_MUX/diag_rsp_rdata_reg[14]/D,READOUT_PATH
NVP_I2C_R2_OBSERVER/shadow_read_data[239],NVP_TRACE_HOST_READ_MUX/diag_rsp_rdata_reg[15]/D,READOUT_PATH
NVP_I2C_R2_OBSERVER/shadow_read_data[23],NVP_TRACE_HOST_READ_MUX/diag_rsp_rdata_reg[23]/D,READOUT_PATH
NVP_I2C_R2_OBSERVER/shadow_read_data[240],NVP_TRACE_HOST_READ_MUX/diag_rsp_rdata_reg[16]/D,READOUT_PATH
NVP_I2C_R2_OBSERVER/shadow_read_data[241],NVP_TRACE_HOST_READ_MUX/diag_rsp_rdata_reg[17]/D,READOUT_PATH
NVP_I2C_R2_OBSERVER/shadow_read_data[242],NVP_TRACE_HOST_READ_MUX/diag_rsp_rdata_reg[18]/D,READOUT_PATH
NVP_I2C_R2_OBSERVER/shadow_read_data[243],NVP_TRACE_HOST_READ_MUX/diag_rsp_rdata_reg[19]/D,READOUT_PATH
NVP_I2C_R2_OBSERVER/shadow_read_data[244],NVP_TRACE_HOST_READ_MUX/diag_rsp_rdata_reg[20]/D,READOUT_PATH
NVP_I2C_R2_OBSERVER/shadow_read_data[245],NVP_TRACE_HOST_READ_MUX/diag_rsp_rdata_reg[21]/D,READOUT_PATH
NVP_I2C_R2_OBSERVER/shadow_read_data[246],NVP_TRACE_HOST_READ_MUX/diag_rsp_rdata_reg[22]/D,READOUT_PATH
NVP_I2C_R2_OBSERVER/shadow_read_data[247],NVP_TRACE_HOST_READ_MUX/diag_rsp_rdata_reg[23]/D,READOUT_PATH
NVP_I2C_R2_OBSERVER/shadow_read_data[248],NVP_TRACE_HOST_READ_MUX/diag_rsp_rdata_reg[24]/D,READOUT_PATH
NVP_I2C_R2_OBSERVER/shadow_read_data[249],NVP_TRACE_HOST_READ_MUX/diag_rsp_rdata_reg[25]/D,READOUT_PATH
NVP_I2C_R2_OBSERVER/shadow_read_data[24],NVP_TRACE_HOST_READ_MUX/diag_rsp_rdata_reg[24]/D,READOUT_PATH
NVP_I2C_R2_OBSERVER/shadow_read_data[250],NVP_TRACE_HOST_READ_MUX/diag_rsp_rdata_reg[26]/D,READOUT_PATH
NVP_I2C_R2_OBSERVER/shadow_read_data[251],NVP_TRACE_HOST_READ_MUX/diag_rsp_rdata_reg[27]/D,READOUT_PATH
NVP_I2C_R2_OBSERVER/shadow_read_data[252],NVP_TRACE_HOST_READ_MUX/diag_rsp_rdata_reg[28]/D,READOUT_PATH
NVP_I2C_R2_OBSERVER/shadow_read_data[253],NVP_TRACE_HOST_READ_MUX/diag_rsp_rdata_reg[29]/D,READOUT_PATH
NVP_I2C_R2_OBSERVER/shadow_read_data[254],NVP_TRACE_HOST_READ_MUX/diag_rsp_rdata_reg[30]/D,READOUT_PATH
NVP_I2C_R2_OBSERVER/shadow_read_data[255],NVP_TRACE_HOST_READ_MUX/diag_rsp_rdata_reg[31]/D,READOUT_PATH
NVP_I2C_R2_OBSERVER/shadow_read_data[25],NVP_TRACE_HOST_READ_MUX/diag_rsp_rdata_reg[25]/D,READOUT_PATH
NVP_I2C_R2_OBSERVER/shadow_read_data[26],NVP_TRACE_HOST_READ_MUX/diag_rsp_rdata_reg[26]/D,READOUT_PATH
NVP_I2C_R2_OBSERVER/shadow_read_data[27],NVP_TRACE_HOST_READ_MUX/diag_rsp_rdata_reg[27]/D,READOUT_PATH
NVP_I2C_R2_OBSERVER/shadow_read_data[28],NVP_TRACE_HOST_READ_MUX/diag_rsp_rdata_reg[28]/D,READOUT_PATH
NVP_I2C_R2_OBSERVER/shadow_read_data[29],NVP_TRACE_HOST_READ_MUX/diag_rsp_rdata_reg[29]/D,READOUT_PATH
NVP_I2C_R2_OBSERVER/shadow_read_data[2],NVP_TRACE_HOST_READ_MUX/diag_rsp_rdata_reg[2]/D,READOUT_PATH
NVP_I2C_R2_OBSERVER/shadow_read_data[30],NVP_TRACE_HOST_READ_MUX/diag_rsp_rdata_reg[30]/D,READOUT_PATH
NVP_I2C_R2_OBSERVER/shadow_read_data[31],NVP_TRACE_HOST_READ_MUX/diag_rsp_rdata_reg[31]/D,READOUT_PATH
NVP_I2C_R2_OBSERVER/shadow_read_data[32],NVP_TRACE_HOST_READ_MUX/diag_rsp_rdata_reg[0]/D,READOUT_PATH
NVP_I2C_R2_OBSERVER/shadow_read_data[33],NVP_TRACE_HOST_READ_MUX/diag_rsp_rdata_reg[1]/D,READOUT_PATH
NVP_I2C_R2_OBSERVER/shadow_read_data[34],NVP_TRACE_HOST_READ_MUX/diag_rsp_rdata_reg[2]/D,READOUT_PATH
NVP_I2C_R2_OBSERVER/shadow_read_data[35],NVP_TRACE_HOST_READ_MUX/diag_rsp_rdata_reg[3]/D,READOUT_PATH
NVP_I2C_R2_OBSERVER/shadow_read_data[36],NVP_TRACE_HOST_READ_MUX/diag_rsp_rdata_reg[4]/D,READOUT_PATH
NVP_I2C_R2_OBSERVER/shadow_read_data[37],NVP_TRACE_HOST_READ_MUX/diag_rsp_rdata_reg[5]/D,READOUT_PATH
NVP_I2C_R2_OBSERVER/shadow_read_data[38],NVP_TRACE_HOST_READ_MUX/diag_rsp_rdata_reg[6]/D,READOUT_PATH
NVP_I2C_R2_OBSERVER/shadow_read_data[39],NVP_TRACE_HOST_READ_MUX/diag_rsp_rdata_reg[7]/D,READOUT_PATH
NVP_I2C_R2_OBSERVER/shadow_read_data[3],NVP_TRACE_HOST_READ_MUX/diag_rsp_rdata_reg[3]/D,READOUT_PATH
NVP_I2C_R2_OBSERVER/shadow_read_data[40],NVP_TRACE_HOST_READ_MUX/diag_rsp_rdata_reg[8]/D,READOUT_PATH
NVP_I2C_R2_OBSERVER/shadow_read_data[41],NVP_TRACE_HOST_READ_MUX/diag_rsp_rdata_reg[9]/D,READOUT_PATH
NVP_I2C_R2_OBSERVER/shadow_read_data[42],NVP_TRACE_HOST_READ_MUX/diag_rsp_rdata_reg[10]/D,READOUT_PATH
NVP_I2C_R2_OBSERVER/shadow_read_data[43],NVP_TRACE_HOST_READ_MUX/diag_rsp_rdata_reg[11]/D,READOUT_PATH
NVP_I2C_R2_OBSERVER/shadow_read_data[44],NVP_TRACE_HOST_READ_MUX/diag_rsp_rdata_reg[12]/D,READOUT_PATH
NVP_I2C_R2_OBSERVER/shadow_read_data[45],NVP_TRACE_HOST_READ_MUX/diag_rsp_rdata_reg[13]/D,READOUT_PATH
NVP_I2C_R2_OBSERVER/shadow_read_data[46],NVP_TRACE_HOST_READ_MUX/diag_rsp_rdata_reg[14]/D,READOUT_PATH
NVP_I2C_R2_OBSERVER/shadow_read_data[47],NVP_TRACE_HOST_READ_MUX/diag_rsp_rdata_reg[15]/D,READOUT_PATH
NVP_I2C_R2_OBSERVER/shadow_read_data[48],NVP_TRACE_HOST_READ_MUX/diag_rsp_rdata_reg[16]/D,READOUT_PATH
NVP_I2C_R2_OBSERVER/shadow_read_data[49],NVP_TRACE_HOST_READ_MUX/diag_rsp_rdata_reg[17]/D,READOUT_PATH
NVP_I2C_R2_OBSERVER/shadow_read_data[4],NVP_TRACE_HOST_READ_MUX/diag_rsp_rdata_reg[4]/D,READOUT_PATH
NVP_I2C_R2_OBSERVER/shadow_read_data[50],NVP_TRACE_HOST_READ_MUX/diag_rsp_rdata_reg[18]/D,READOUT_PATH
NVP_I2C_R2_OBSERVER/shadow_read_data[51],NVP_TRACE_HOST_READ_MUX/diag_rsp_rdata_reg[19]/D,READOUT_PATH
NVP_I2C_R2_OBSERVER/shadow_read_data[52],NVP_TRACE_HOST_READ_MUX/diag_rsp_rdata_reg[20]/D,READOUT_PATH
NVP_I2C_R2_OBSERVER/shadow_read_data[53],NVP_TRACE_HOST_READ_MUX/diag_rsp_rdata_reg[21]/D,READOUT_PATH
NVP_I2C_R2_OBSERVER/shadow_read_data[54],NVP_TRACE_HOST_READ_MUX/diag_rsp_rdata_reg[22]/D,READOUT_PATH
NVP_I2C_R2_OBSERVER/shadow_read_data[55],NVP_TRACE_HOST_READ_MUX/diag_rsp_rdata_reg[23]/D,READOUT_PATH
NVP_I2C_R2_OBSERVER/shadow_read_data[56],NVP_TRACE_HOST_READ_MUX/diag_rsp_rdata_reg[24]/D,READOUT_PATH
NVP_I2C_R2_OBSERVER/shadow_read_data[57],NVP_TRACE_HOST_READ_MUX/diag_rsp_rdata_reg[25]/D,READOUT_PATH
NVP_I2C_R2_OBSERVER/shadow_read_data[58],NVP_TRACE_HOST_READ_MUX/diag_rsp_rdata_reg[26]/D,READOUT_PATH
NVP_I2C_R2_OBSERVER/shadow_read_data[59],NVP_TRACE_HOST_READ_MUX/diag_rsp_rdata_reg[27]/D,READOUT_PATH
NVP_I2C_R2_OBSERVER/shadow_read_data[5],NVP_TRACE_HOST_READ_MUX/diag_rsp_rdata_reg[5]/D,READOUT_PATH
NVP_I2C_R2_OBSERVER/shadow_read_data[60],NVP_TRACE_HOST_READ_MUX/diag_rsp_rdata_reg[28]/D,READOUT_PATH
NVP_I2C_R2_OBSERVER/shadow_read_data[61],NVP_TRACE_HOST_READ_MUX/diag_rsp_rdata_reg[29]/D,READOUT_PATH
NVP_I2C_R2_OBSERVER/shadow_read_data[62],NVP_TRACE_HOST_READ_MUX/diag_rsp_rdata_reg[30]/D,READOUT_PATH
NVP_I2C_R2_OBSERVER/shadow_read_data[63],NVP_TRACE_HOST_READ_MUX/diag_rsp_rdata_reg[31]/D,READOUT_PATH
NVP_I2C_R2_OBSERVER/shadow_read_data[64],NVP_TRACE_HOST_READ_MUX/diag_rsp_rdata_reg[0]/D,READOUT_PATH
NVP_I2C_R2_OBSERVER/shadow_read_data[65],NVP_TRACE_HOST_READ_MUX/diag_rsp_rdata_reg[1]/D,READOUT_PATH
NVP_I2C_R2_OBSERVER/shadow_read_data[66],NVP_TRACE_HOST_READ_MUX/diag_rsp_rdata_reg[2]/D,READOUT_PATH
NVP_I2C_R2_OBSERVER/shadow_read_data[67],NVP_TRACE_HOST_READ_MUX/diag_rsp_rdata_reg[3]/D,READOUT_PATH
NVP_I2C_R2_OBSERVER/shadow_read_data[68],NVP_TRACE_HOST_READ_MUX/diag_rsp_rdata_reg[4]/D,READOUT_PATH
NVP_I2C_R2_OBSERVER/shadow_read_data[69],NVP_TRACE_HOST_READ_MUX/diag_rsp_rdata_reg[5]/D,READOUT_PATH
NVP_I2C_R2_OBSERVER/shadow_read_data[6],NVP_TRACE_HOST_READ_MUX/diag_rsp_rdata_reg[6]/D,READOUT_PATH
NVP_I2C_R2_OBSERVER/shadow_read_data[70],NVP_TRACE_HOST_READ_MUX/diag_rsp_rdata_reg[6]/D,READOUT_PATH
NVP_I2C_R2_OBSERVER/shadow_read_data[71],NVP_TRACE_HOST_READ_MUX/diag_rsp_rdata_reg[7]/D,READOUT_PATH
NVP_I2C_R2_OBSERVER/shadow_read_data[72],NVP_TRACE_HOST_READ_MUX/diag_rsp_rdata_reg[8]/D,READOUT_PATH
NVP_I2C_R2_OBSERVER/shadow_read_data[73],NVP_TRACE_HOST_READ_MUX/diag_rsp_rdata_reg[9]/D,READOUT_PATH
NVP_I2C_R2_OBSERVER/shadow_read_data[74],NVP_TRACE_HOST_READ_MUX/diag_rsp_rdata_reg[10]/D,READOUT_PATH
NVP_I2C_R2_OBSERVER/shadow_read_data[75],NVP_TRACE_HOST_READ_MUX/diag_rsp_rdata_reg[11]/D,READOUT_PATH
NVP_I2C_R2_OBSERVER/shadow_read_data[76],NVP_TRACE_HOST_READ_MUX/diag_rsp_rdata_reg[12]/D,READOUT_PATH
NVP_I2C_R2_OBSERVER/shadow_read_data[77],NVP_TRACE_HOST_READ_MUX/diag_rsp_rdata_reg[13]/D,READOUT_PATH
NVP_I2C_R2_OBSERVER/shadow_read_data[78],NVP_TRACE_HOST_READ_MUX/diag_rsp_rdata_reg[14]/D,READOUT_PATH
NVP_I2C_R2_OBSERVER/shadow_read_data[79],NVP_TRACE_HOST_READ_MUX/diag_rsp_rdata_reg[15]/D,READOUT_PATH
NVP_I2C_R2_OBSERVER/shadow_read_data[7],NVP_TRACE_HOST_READ_MUX/diag_rsp_rdata_reg[7]/D,READOUT_PATH
NVP_I2C_R2_OBSERVER/shadow_read_data[80],NVP_TRACE_HOST_READ_MUX/diag_rsp_rdata_reg[16]/D,READOUT_PATH
NVP_I2C_R2_OBSERVER/shadow_read_data[81],NVP_TRACE_HOST_READ_MUX/diag_rsp_rdata_reg[17]/D,READOUT_PATH
NVP_I2C_R2_OBSERVER/shadow_read_data[82],NVP_TRACE_HOST_READ_MUX/diag_rsp_rdata_reg[18]/D,READOUT_PATH
NVP_I2C_R2_OBSERVER/shadow_read_data[83],NVP_TRACE_HOST_READ_MUX/diag_rsp_rdata_reg[19]/D,READOUT_PATH
NVP_I2C_R2_OBSERVER/shadow_read_data[84],NVP_TRACE_HOST_READ_MUX/diag_rsp_rdata_reg[20]/D,READOUT_PATH
NVP_I2C_R2_OBSERVER/shadow_read_data[85],NVP_TRACE_HOST_READ_MUX/diag_rsp_rdata_reg[21]/D,READOUT_PATH
NVP_I2C_R2_OBSERVER/shadow_read_data[86],NVP_TRACE_HOST_READ_MUX/diag_rsp_rdata_reg[22]/D,READOUT_PATH
NVP_I2C_R2_OBSERVER/shadow_read_data[87],NVP_TRACE_HOST_READ_MUX/diag_rsp_rdata_reg[23]/D,READOUT_PATH
NVP_I2C_R2_OBSERVER/shadow_read_data[88],NVP_TRACE_HOST_READ_MUX/diag_rsp_rdata_reg[24]/D,READOUT_PATH
NVP_I2C_R2_OBSERVER/shadow_read_data[89],NVP_TRACE_HOST_READ_MUX/diag_rsp_rdata_reg[25]/D,READOUT_PATH
NVP_I2C_R2_OBSERVER/shadow_read_data[8],NVP_TRACE_HOST_READ_MUX/diag_rsp_rdata_reg[8]/D,READOUT_PATH
NVP_I2C_R2_OBSERVER/shadow_read_data[90],NVP_TRACE_HOST_READ_MUX/diag_rsp_rdata_reg[26]/D,READOUT_PATH
NVP_I2C_R2_OBSERVER/shadow_read_data[91],NVP_TRACE_HOST_READ_MUX/diag_rsp_rdata_reg[27]/D,READOUT_PATH
NVP_I2C_R2_OBSERVER/shadow_read_data[92],NVP_TRACE_HOST_READ_MUX/diag_rsp_rdata_reg[28]/D,READOUT_PATH
NVP_I2C_R2_OBSERVER/shadow_read_data[93],NVP_TRACE_HOST_READ_MUX/diag_rsp_rdata_reg[29]/D,READOUT_PATH
NVP_I2C_R2_OBSERVER/shadow_read_data[94],NVP_TRACE_HOST_READ_MUX/diag_rsp_rdata_reg[30]/D,READOUT_PATH
NVP_I2C_R2_OBSERVER/shadow_read_data[95],NVP_TRACE_HOST_READ_MUX/diag_rsp_rdata_reg[31]/D,READOUT_PATH
NVP_I2C_R2_OBSERVER/shadow_read_data[96],NVP_TRACE_HOST_READ_MUX/diag_rsp_rdata_reg[0]/D,READOUT_PATH
NVP_I2C_R2_OBSERVER/shadow_read_data[97],NVP_TRACE_HOST_READ_MUX/diag_rsp_rdata_reg[1]/D,READOUT_PATH
NVP_I2C_R2_OBSERVER/shadow_read_data[98],NVP_TRACE_HOST_READ_MUX/diag_rsp_rdata_reg[2]/D,READOUT_PATH
NVP_I2C_R2_OBSERVER/shadow_read_data[99],NVP_TRACE_HOST_READ_MUX/diag_rsp_rdata_reg[3]/D,READOUT_PATH
NVP_I2C_R2_OBSERVER/shadow_read_data[9],NVP_TRACE_HOST_READ_MUX/diag_rsp_rdata_reg[9]/D,READOUT_PATH
NVP_I2C_R2_OBSERVER/shadow_real_nack_count[0],NVP_TRACE_HOST_READ_MUX/diag_rsp_rdata_reg[0]/D,READOUT_PATH
NVP_I2C_R2_OBSERVER/shadow_real_nack_count[10],NVP_TRACE_HOST_READ_MUX/diag_rsp_rdata_reg[10]/D,READOUT_PATH
NVP_I2C_R2_OBSERVER/shadow_real_nack_count[11],NVP_TRACE_HOST_READ_MUX/diag_rsp_rdata_reg[11]/D,READOUT_PATH
NVP_I2C_R2_OBSERVER/shadow_real_nack_count[12],NVP_TRACE_HOST_READ_MUX/diag_rsp_rdata_reg[12]/D,READOUT_PATH
NVP_I2C_R2_OBSERVER/shadow_real_nack_count[13],NVP_TRACE_HOST_READ_MUX/diag_rsp_rdata_reg[13]/D,READOUT_PATH
NVP_I2C_R2_OBSERVER/shadow_real_nack_count[14],NVP_TRACE_HOST_READ_MUX/diag_rsp_rdata_reg[14]/D,READOUT_PATH
NVP_I2C_R2_OBSERVER/shadow_real_nack_count[15],NVP_TRACE_HOST_READ_MUX/diag_rsp_rdata_reg[15]/D,READOUT_PATH
NVP_I2C_R2_OBSERVER/shadow_real_nack_count[16],NVP_TRACE_HOST_READ_MUX/diag_rsp_rdata_reg[16]/D,READOUT_PATH
NVP_I2C_R2_OBSERVER/shadow_real_nack_count[17],NVP_TRACE_HOST_READ_MUX/diag_rsp_rdata_reg[17]/D,READOUT_PATH
NVP_I2C_R2_OBSERVER/shadow_real_nack_count[18],NVP_TRACE_HOST_READ_MUX/diag_rsp_rdata_reg[18]/D,READOUT_PATH
NVP_I2C_R2_OBSERVER/shadow_real_nack_count[19],NVP_TRACE_HOST_READ_MUX/diag_rsp_rdata_reg[19]/D,READOUT_PATH
NVP_I2C_R2_OBSERVER/shadow_real_nack_count[1],NVP_TRACE_HOST_READ_MUX/diag_rsp_rdata_reg[1]/D,READOUT_PATH
NVP_I2C_R2_OBSERVER/shadow_real_nack_count[20],NVP_TRACE_HOST_READ_MUX/diag_rsp_rdata_reg[20]/D,READOUT_PATH
NVP_I2C_R2_OBSERVER/shadow_real_nack_count[21],NVP_TRACE_HOST_READ_MUX/diag_rsp_rdata_reg[21]/D,READOUT_PATH
NVP_I2C_R2_OBSERVER/shadow_real_nack_count[22],NVP_TRACE_HOST_READ_MUX/diag_rsp_rdata_reg[22]/D,READOUT_PATH
NVP_I2C_R2_OBSERVER/shadow_real_nack_count[23],NVP_TRACE_HOST_READ_MUX/diag_rsp_rdata_reg[23]/D,READOUT_PATH
NVP_I2C_R2_OBSERVER/shadow_real_nack_count[24],NVP_TRACE_HOST_READ_MUX/diag_rsp_rdata_reg[24]/D,READOUT_PATH
NVP_I2C_R2_OBSERVER/shadow_real_nack_count[25],NVP_TRACE_HOST_READ_MUX/diag_rsp_rdata_reg[25]/D,READOUT_PATH
NVP_I2C_R2_OBSERVER/shadow_real_nack_count[26],NVP_TRACE_HOST_READ_MUX/diag_rsp_rdata_reg[26]/D,READOUT_PATH
NVP_I2C_R2_OBSERVER/shadow_real_nack_count[27],NVP_TRACE_HOST_READ_MUX/diag_rsp_rdata_reg[27]/D,READOUT_PATH
NVP_I2C_R2_OBSERVER/shadow_real_nack_count[28],NVP_TRACE_HOST_READ_MUX/diag_rsp_rdata_reg[28]/D,READOUT_PATH
NVP_I2C_R2_OBSERVER/shadow_real_nack_count[29],NVP_TRACE_HOST_READ_MUX/diag_rsp_rdata_reg[29]/D,READOUT_PATH
NVP_I2C_R2_OBSERVER/shadow_real_nack_count[2],NVP_TRACE_HOST_READ_MUX/diag_rsp_rdata_reg[2]/D,READOUT_PATH
NVP_I2C_R2_OBSERVER/shadow_real_nack_count[30],NVP_TRACE_HOST_READ_MUX/diag_rsp_rdata_reg[30]/D,READOUT_PATH
NVP_I2C_R2_OBSERVER/shadow_real_nack_count[31],NVP_TRACE_HOST_READ_MUX/diag_rsp_rdata_reg[31]/D,READOUT_PATH
NVP_I2C_R2_OBSERVER/shadow_real_nack_count[3],NVP_TRACE_HOST_READ_MUX/diag_rsp_rdata_reg[3]/D,READOUT_PATH
NVP_I2C_R2_OBSERVER/shadow_real_nack_count[4],NVP_TRACE_HOST_READ_MUX/diag_rsp_rdata_reg[4]/D,READOUT_PATH
NVP_I2C_R2_OBSERVER/shadow_real_nack_count[5],NVP_TRACE_HOST_READ_MUX/diag_rsp_rdata_reg[5]/D,READOUT_PATH
NVP_I2C_R2_OBSERVER/shadow_real_nack_count[6],NVP_TRACE_HOST_READ_MUX/diag_rsp_rdata_reg[6]/D,READOUT_PATH
NVP_I2C_R2_OBSERVER/shadow_real_nack_count[7],NVP_TRACE_HOST_READ_MUX/diag_rsp_rdata_reg[7]/D,READOUT_PATH
NVP_I2C_R2_OBSERVER/shadow_real_nack_count[8],NVP_TRACE_HOST_READ_MUX/diag_rsp_rdata_reg[8]/D,READOUT_PATH
NVP_I2C_R2_OBSERVER/shadow_real_nack_count[9],NVP_TRACE_HOST_READ_MUX/diag_rsp_rdata_reg[9]/D,READOUT_PATH
NVP_I2C_R2_OBSERVER/shadow_total_events[0],NVP_TRACE_HOST_READ_MUX/diag_rsp_rdata_reg[0]/D,READOUT_PATH
NVP_I2C_R2_OBSERVER/shadow_total_events[10],NVP_TRACE_HOST_READ_MUX/diag_rsp_rdata_reg[10]/D,READOUT_PATH
NVP_I2C_R2_OBSERVER/shadow_total_events[11],NVP_TRACE_HOST_READ_MUX/diag_rsp_rdata_reg[11]/D,READOUT_PATH
NVP_I2C_R2_OBSERVER/shadow_total_events[12],NVP_TRACE_HOST_READ_MUX/diag_rsp_rdata_reg[12]/D,READOUT_PATH
NVP_I2C_R2_OBSERVER/shadow_total_events[13],NVP_TRACE_HOST_READ_MUX/diag_rsp_rdata_reg[13]/D,READOUT_PATH
NVP_I2C_R2_OBSERVER/shadow_total_events[14],NVP_TRACE_HOST_READ_MUX/diag_rsp_rdata_reg[14]/D,READOUT_PATH
NVP_I2C_R2_OBSERVER/shadow_total_events[15],NVP_TRACE_HOST_READ_MUX/diag_rsp_rdata_reg[15]/D,READOUT_PATH
NVP_I2C_R2_OBSERVER/shadow_total_events[16],NVP_TRACE_HOST_READ_MUX/diag_rsp_rdata_reg[16]/D,READOUT_PATH
NVP_I2C_R2_OBSERVER/shadow_total_events[17],NVP_TRACE_HOST_READ_MUX/diag_rsp_rdata_reg[17]/D,READOUT_PATH
NVP_I2C_R2_OBSERVER/shadow_total_events[18],NVP_TRACE_HOST_READ_MUX/diag_rsp_rdata_reg[18]/D,READOUT_PATH
NVP_I2C_R2_OBSERVER/shadow_total_events[19],NVP_TRACE_HOST_READ_MUX/diag_rsp_rdata_reg[19]/D,READOUT_PATH
NVP_I2C_R2_OBSERVER/shadow_total_events[1],NVP_TRACE_HOST_READ_MUX/diag_rsp_rdata_reg[1]/D,READOUT_PATH
NVP_I2C_R2_OBSERVER/shadow_total_events[20],NVP_TRACE_HOST_READ_MUX/diag_rsp_rdata_reg[20]/D,READOUT_PATH
NVP_I2C_R2_OBSERVER/shadow_total_events[21],NVP_TRACE_HOST_READ_MUX/diag_rsp_rdata_reg[21]/D,READOUT_PATH
NVP_I2C_R2_OBSERVER/shadow_total_events[22],NVP_TRACE_HOST_READ_MUX/diag_rsp_rdata_reg[22]/D,READOUT_PATH
NVP_I2C_R2_OBSERVER/shadow_total_events[23],NVP_TRACE_HOST_READ_MUX/diag_rsp_rdata_reg[23]/D,READOUT_PATH
NVP_I2C_R2_OBSERVER/shadow_total_events[24],NVP_TRACE_HOST_READ_MUX/diag_rsp_rdata_reg[24]/D,READOUT_PATH
NVP_I2C_R2_OBSERVER/shadow_total_events[25],NVP_TRACE_HOST_READ_MUX/diag_rsp_rdata_reg[25]/D,READOUT_PATH
NVP_I2C_R2_OBSERVER/shadow_total_events[26],NVP_TRACE_HOST_READ_MUX/diag_rsp_rdata_reg[26]/D,READOUT_PATH
NVP_I2C_R2_OBSERVER/shadow_total_events[27],NVP_TRACE_HOST_READ_MUX/diag_rsp_rdata_reg[27]/D,READOUT_PATH
NVP_I2C_R2_OBSERVER/shadow_total_events[28],NVP_TRACE_HOST_READ_MUX/diag_rsp_rdata_reg[28]/D,READOUT_PATH
NVP_I2C_R2_OBSERVER/shadow_total_events[29],NVP_TRACE_HOST_READ_MUX/diag_rsp_rdata_reg[29]/D,READOUT_PATH
NVP_I2C_R2_OBSERVER/shadow_total_events[2],NVP_TRACE_HOST_READ_MUX/diag_rsp_rdata_reg[2]/D,READOUT_PATH
NVP_I2C_R2_OBSERVER/shadow_total_events[30],NVP_TRACE_HOST_READ_MUX/diag_rsp_rdata_reg[30]/D,READOUT_PATH
NVP_I2C_R2_OBSERVER/shadow_total_events[31],NVP_TRACE_HOST_READ_MUX/diag_rsp_rdata_reg[31]/D,READOUT_PATH
NVP_I2C_R2_OBSERVER/shadow_total_events[3],NVP_TRACE_HOST_READ_MUX/diag_rsp_rdata_reg[3]/D,READOUT_PATH
NVP_I2C_R2_OBSERVER/shadow_total_events[4],NVP_TRACE_HOST_READ_MUX/diag_rsp_rdata_reg[4]/D,READOUT_PATH
NVP_I2C_R2_OBSERVER/shadow_total_events[5],NVP_TRACE_HOST_READ_MUX/diag_rsp_rdata_reg[5]/D,READOUT_PATH
NVP_I2C_R2_OBSERVER/shadow_total_events[6],NVP_TRACE_HOST_READ_MUX/diag_rsp_rdata_reg[6]/D,READOUT_PATH
NVP_I2C_R2_OBSERVER/shadow_total_events[7],NVP_TRACE_HOST_READ_MUX/diag_rsp_rdata_reg[7]/D,READOUT_PATH
NVP_I2C_R2_OBSERVER/shadow_total_events[8],NVP_TRACE_HOST_READ_MUX/diag_rsp_rdata_reg[8]/D,READOUT_PATH
NVP_I2C_R2_OBSERVER/shadow_total_events[9],NVP_TRACE_HOST_READ_MUX/diag_rsp_rdata_reg[9]/D,READOUT_PATH
NVP_I2C_R2_OBSERVER/shadow_trigger_reason[0],NVP_TRACE_HOST_READ_MUX/diag_rsp_rdata_reg[1]/D,READOUT_PATH
NVP_I2C_R2_OBSERVER/shadow_trigger_reason[0],NVP_TRACE_HOST_READ_MUX/diag_rsp_rdata_reg[0]/D,READOUT_PATH
NVP_I2C_R2_OBSERVER/shadow_trigger_reason[1],NVP_TRACE_HOST_READ_MUX/diag_rsp_rdata_reg[1]/D,READOUT_PATH
NVP_I2C_R2_OBSERVER/shadow_valid_count[0],NVP_TRACE_HOST_READ_MUX/read_wait_reg[0]/D,READOUT_PATH
NVP_I2C_R2_OBSERVER/shadow_valid_count[0],NVP_TRACE_HOST_READ_MUX/read_kind_reg[1]/D,READOUT_PATH
NVP_I2C_R2_OBSERVER/shadow_valid_count[0],NVP_TRACE_HOST_READ_MUX/read_kind_reg[0]/D,READOUT_PATH
NVP_I2C_R2_OBSERVER/shadow_valid_count[0],NVP_TRACE_HOST_READ_MUX/read_word_select_reg[2]/D,READOUT_PATH
NVP_I2C_R2_OBSERVER/shadow_valid_count[0],NVP_TRACE_HOST_READ_MUX/read_word_select_reg[1]/D,READOUT_PATH
NVP_I2C_R2_OBSERVER/shadow_valid_count[0],NVP_TRACE_HOST_READ_MUX/read_word_select_reg[0]/D,READOUT_PATH
NVP_I2C_R2_OBSERVER/shadow_valid_count[0],NVP_TRACE_HOST_READ_MUX/diag_rsp_rdata_reg[29]/D,READOUT_PATH
NVP_I2C_R2_OBSERVER/shadow_valid_count[0],NVP_TRACE_HOST_READ_MUX/diag_rsp_rdata_reg[9]/CE,READOUT_PATH
NVP_I2C_R2_OBSERVER/shadow_valid_count[0],NVP_TRACE_HOST_READ_MUX/diag_rsp_rdata_reg[8]/CE,READOUT_PATH
NVP_I2C_R2_OBSERVER/shadow_valid_count[0],NVP_TRACE_HOST_READ_MUX/diag_rsp_rdata_reg[7]/CE,READOUT_PATH
NVP_I2C_R2_OBSERVER/shadow_valid_count[0],NVP_TRACE_HOST_READ_MUX/diag_rsp_rdata_reg[6]/CE,READOUT_PATH
NVP_I2C_R2_OBSERVER/shadow_valid_count[0],NVP_TRACE_HOST_READ_MUX/diag_rsp_rdata_reg[5]/CE,READOUT_PATH
NVP_I2C_R2_OBSERVER/shadow_valid_count[0],NVP_TRACE_HOST_READ_MUX/diag_rsp_rdata_reg[4]/CE,READOUT_PATH
NVP_I2C_R2_OBSERVER/shadow_valid_count[0],NVP_TRACE_HOST_READ_MUX/diag_rsp_rdata_reg[3]/CE,READOUT_PATH
NVP_I2C_R2_OBSERVER/shadow_valid_count[0],NVP_TRACE_HOST_READ_MUX/diag_rsp_rdata_reg[31]/CE,READOUT_PATH
NVP_I2C_R2_OBSERVER/shadow_valid_count[0],NVP_TRACE_HOST_READ_MUX/diag_rsp_rdata_reg[30]/CE,READOUT_PATH
NVP_I2C_R2_OBSERVER/shadow_valid_count[0],NVP_TRACE_HOST_READ_MUX/diag_rsp_rdata_reg[2]/CE,READOUT_PATH
NVP_I2C_R2_OBSERVER/shadow_valid_count[0],NVP_TRACE_HOST_READ_MUX/diag_rsp_rdata_reg[28]/CE,READOUT_PATH
NVP_I2C_R2_OBSERVER/shadow_valid_count[0],NVP_TRACE_HOST_READ_MUX/diag_rsp_rdata_reg[27]/CE,READOUT_PATH
NVP_I2C_R2_OBSERVER/shadow_valid_count[0],NVP_TRACE_HOST_READ_MUX/diag_rsp_rdata_reg[26]/CE,READOUT_PATH
NVP_I2C_R2_OBSERVER/shadow_valid_count[0],NVP_TRACE_HOST_READ_MUX/diag_rsp_rdata_reg[25]/CE,READOUT_PATH
NVP_I2C_R2_OBSERVER/shadow_valid_count[0],NVP_TRACE_HOST_READ_MUX/diag_rsp_rdata_reg[24]/CE,READOUT_PATH
NVP_I2C_R2_OBSERVER/shadow_valid_count[0],NVP_TRACE_HOST_READ_MUX/diag_rsp_rdata_reg[23]/CE,READOUT_PATH
NVP_I2C_R2_OBSERVER/shadow_valid_count[0],NVP_TRACE_HOST_READ_MUX/diag_rsp_rdata_reg[22]/CE,READOUT_PATH
NVP_I2C_R2_OBSERVER/shadow_valid_count[0],NVP_TRACE_HOST_READ_MUX/diag_rsp_rdata_reg[21]/CE,READOUT_PATH
NVP_I2C_R2_OBSERVER/shadow_valid_count[0],NVP_TRACE_HOST_READ_MUX/diag_rsp_rdata_reg[20]/CE,READOUT_PATH
NVP_I2C_R2_OBSERVER/shadow_valid_count[0],NVP_TRACE_HOST_READ_MUX/diag_rsp_rdata_reg[1]/CE,READOUT_PATH
NVP_I2C_R2_OBSERVER/shadow_valid_count[0],NVP_TRACE_HOST_READ_MUX/diag_rsp_rdata_reg[19]/CE,READOUT_PATH
NVP_I2C_R2_OBSERVER/shadow_valid_count[0],NVP_TRACE_HOST_READ_MUX/diag_rsp_rdata_reg[18]/CE,READOUT_PATH
NVP_I2C_R2_OBSERVER/shadow_valid_count[0],NVP_TRACE_HOST_READ_MUX/diag_rsp_rdata_reg[17]/CE,READOUT_PATH
NVP_I2C_R2_OBSERVER/shadow_valid_count[0],NVP_TRACE_HOST_READ_MUX/diag_rsp_rdata_reg[16]/CE,READOUT_PATH
NVP_I2C_R2_OBSERVER/shadow_valid_count[0],NVP_TRACE_HOST_READ_MUX/diag_rsp_rdata_reg[15]/CE,READOUT_PATH
NVP_I2C_R2_OBSERVER/shadow_valid_count[0],NVP_TRACE_HOST_READ_MUX/diag_rsp_rdata_reg[14]/CE,READOUT_PATH
NVP_I2C_R2_OBSERVER/shadow_valid_count[0],NVP_TRACE_HOST_READ_MUX/diag_rsp_rdata_reg[13]/CE,READOUT_PATH
NVP_I2C_R2_OBSERVER/shadow_valid_count[0],NVP_TRACE_HOST_READ_MUX/diag_rsp_rdata_reg[12]/CE,READOUT_PATH
NVP_I2C_R2_OBSERVER/shadow_valid_count[0],NVP_TRACE_HOST_READ_MUX/diag_rsp_rdata_reg[11]/CE,READOUT_PATH
NVP_I2C_R2_OBSERVER/shadow_valid_count[0],NVP_TRACE_HOST_READ_MUX/diag_rsp_rdata_reg[10]/CE,READOUT_PATH
NVP_I2C_R2_OBSERVER/shadow_valid_count[0],NVP_TRACE_HOST_READ_MUX/diag_rsp_rdata_reg[0]/CE,READOUT_PATH
NVP_I2C_R2_OBSERVER/shadow_valid_count[0],NVP_TRACE_HOST_READ_MUX/diag_rsp_valid_reg/D,READOUT_PATH
NVP_I2C_R2_OBSERVER/shadow_valid_count[0],NVP_TRACE_HOST_READ_MUX/shadow_read_address_reg[7]/CE,READOUT_PATH
NVP_I2C_R2_OBSERVER/shadow_valid_count[0],NVP_TRACE_HOST_READ_MUX/shadow_read_address_reg[6]/CE,READOUT_PATH
NVP_I2C_R2_OBSERVER/shadow_valid_count[0],NVP_TRACE_HOST_READ_MUX/shadow_read_address_reg[5]/CE,READOUT_PATH
NVP_I2C_R2_OBSERVER/shadow_valid_count[0],NVP_TRACE_HOST_READ_MUX/shadow_read_address_reg[4]/CE,READOUT_PATH
NVP_I2C_R2_OBSERVER/shadow_valid_count[0],NVP_TRACE_HOST_READ_MUX/shadow_read_address_reg[3]/CE,READOUT_PATH
NVP_I2C_R2_OBSERVER/shadow_valid_count[0],NVP_TRACE_HOST_READ_MUX/shadow_read_address_reg[2]/CE,READOUT_PATH
NVP_I2C_R2_OBSERVER/shadow_valid_count[0],NVP_TRACE_HOST_READ_MUX/shadow_read_address_reg[1]/CE,READOUT_PATH
NVP_I2C_R2_OBSERVER/shadow_valid_count[0],NVP_TRACE_HOST_READ_MUX/shadow_read_address_reg[0]/CE,READOUT_PATH
NVP_I2C_R2_OBSERVER/shadow_valid_count[0],NVP_TRACE_HOST_READ_MUX/diag_rsp_rdata_reg[9]/D,READOUT_PATH
NVP_I2C_R2_OBSERVER/shadow_valid_count[0],NVP_TRACE_HOST_READ_MUX/diag_rsp_rdata_reg[8]/D,READOUT_PATH
NVP_I2C_R2_OBSERVER/shadow_valid_count[0],NVP_TRACE_HOST_READ_MUX/diag_rsp_rdata_reg[27]/D,READOUT_PATH
NVP_I2C_R2_OBSERVER/shadow_valid_count[0],NVP_TRACE_HOST_READ_MUX/diag_rsp_rdata_reg[25]/D,READOUT_PATH
NVP_I2C_R2_OBSERVER/shadow_valid_count[0],NVP_TRACE_HOST_READ_MUX/diag_rsp_rdata_reg[10]/D,READOUT_PATH
NVP_I2C_R2_OBSERVER/shadow_valid_count[0],NVP_TRACE_HOST_READ_MUX/diag_rsp_rdata_reg[31]/D,READOUT_PATH
NVP_I2C_R2_OBSERVER/shadow_valid_count[0],NVP_TRACE_HOST_READ_MUX/diag_rsp_rdata_reg[23]/D,READOUT_PATH
NVP_I2C_R2_OBSERVER/shadow_valid_count[0],NVP_TRACE_HOST_READ_MUX/diag_rsp_rdata_reg[22]/D,READOUT_PATH
NVP_I2C_R2_OBSERVER/shadow_valid_count[0],NVP_TRACE_HOST_READ_MUX/diag_rsp_rdata_reg[21]/D,READOUT_PATH
NVP_I2C_R2_OBSERVER/shadow_valid_count[0],NVP_TRACE_HOST_READ_MUX/diag_rsp_rdata_reg[18]/D,READOUT_PATH
NVP_I2C_R2_OBSERVER/shadow_valid_count[0],NVP_TRACE_HOST_READ_MUX/diag_rsp_rdata_reg[15]/D,READOUT_PATH
NVP_I2C_R2_OBSERVER/shadow_valid_count[0],NVP_TRACE_HOST_READ_MUX/diag_rsp_rdata_reg[12]/D,READOUT_PATH
NVP_I2C_R2_OBSERVER/shadow_valid_count[0],NVP_TRACE_HOST_READ_MUX/diag_rsp_rdata_reg[11]/D,READOUT_PATH
NVP_I2C_R2_OBSERVER/shadow_valid_count[0],NVP_TRACE_HOST_READ_MUX/shadow_read_enable_reg/D,READOUT_PATH
NVP_I2C_R2_OBSERVER/shadow_valid_count[0],NVP_TRACE_HOST_READ_MUX/diag_rsp_rdata_reg[7]/D,READOUT_PATH
NVP_I2C_R2_OBSERVER/shadow_valid_count[0],NVP_TRACE_HOST_READ_MUX/diag_rsp_rdata_reg[6]/D,READOUT_PATH
NVP_I2C_R2_OBSERVER/shadow_valid_count[0],NVP_TRACE_HOST_READ_MUX/diag_rsp_rdata_reg[5]/D,READOUT_PATH
NVP_I2C_R2_OBSERVER/shadow_valid_count[0],NVP_TRACE_HOST_READ_MUX/diag_rsp_rdata_reg[4]/D,READOUT_PATH
NVP_I2C_R2_OBSERVER/shadow_valid_count[0],NVP_TRACE_HOST_READ_MUX/diag_rsp_rdata_reg[3]/D,READOUT_PATH
NVP_I2C_R2_OBSERVER/shadow_valid_count[0],NVP_TRACE_HOST_READ_MUX/diag_rsp_rdata_reg[30]/D,READOUT_PATH
NVP_I2C_R2_OBSERVER/shadow_valid_count[0],NVP_TRACE_HOST_READ_MUX/diag_rsp_rdata_reg[2]/D,READOUT_PATH
NVP_I2C_R2_OBSERVER/shadow_valid_count[0],NVP_TRACE_HOST_READ_MUX/diag_rsp_rdata_reg[28]/D,READOUT_PATH
NVP_I2C_R2_OBSERVER/shadow_valid_count[0],NVP_TRACE_HOST_READ_MUX/diag_rsp_rdata_reg[26]/D,READOUT_PATH
NVP_I2C_R2_OBSERVER/shadow_valid_count[0],NVP_TRACE_HOST_READ_MUX/diag_rsp_rdata_reg[24]/D,READOUT_PATH
NVP_I2C_R2_OBSERVER/shadow_valid_count[0],NVP_TRACE_HOST_READ_MUX/diag_rsp_rdata_reg[20]/D,READOUT_PATH
NVP_I2C_R2_OBSERVER/shadow_valid_count[0],NVP_TRACE_HOST_READ_MUX/diag_rsp_rdata_reg[1]/D,READOUT_PATH
NVP_I2C_R2_OBSERVER/shadow_valid_count[0],NVP_TRACE_HOST_READ_MUX/diag_rsp_rdata_reg[19]/D,READOUT_PATH
NVP_I2C_R2_OBSERVER/shadow_valid_count[0],NVP_TRACE_HOST_READ_MUX/diag_rsp_rdata_reg[17]/D,READOUT_PATH
NVP_I2C_R2_OBSERVER/shadow_valid_count[0],NVP_TRACE_HOST_READ_MUX/diag_rsp_rdata_reg[16]/D,READOUT_PATH
NVP_I2C_R2_OBSERVER/shadow_valid_count[0],NVP_TRACE_HOST_READ_MUX/diag_rsp_rdata_reg[14]/D,READOUT_PATH
NVP_I2C_R2_OBSERVER/shadow_valid_count[0],NVP_TRACE_HOST_READ_MUX/diag_rsp_rdata_reg[13]/D,READOUT_PATH
NVP_I2C_R2_OBSERVER/shadow_valid_count[0],NVP_TRACE_HOST_READ_MUX/diag_rsp_rdata_reg[0]/D,READOUT_PATH
NVP_I2C_R2_OBSERVER/shadow_valid_count[0],NVP_TRACE_HOST_READ_MUX/read_wait_reg[1]/D,READOUT_PATH
NVP_I2C_R2_OBSERVER/shadow_valid_count[1],NVP_TRACE_HOST_READ_MUX/diag_rsp_rdata_reg[1]/D,READOUT_PATH
NVP_I2C_R2_OBSERVER/shadow_valid_count[1],NVP_TRACE_HOST_READ_MUX/read_wait_reg[0]/D,READOUT_PATH
NVP_I2C_R2_OBSERVER/shadow_valid_count[1],NVP_TRACE_HOST_READ_MUX/read_kind_reg[1]/D,READOUT_PATH
NVP_I2C_R2_OBSERVER/shadow_valid_count[1],NVP_TRACE_HOST_READ_MUX/read_kind_reg[0]/D,READOUT_PATH
NVP_I2C_R2_OBSERVER/shadow_valid_count[1],NVP_TRACE_HOST_READ_MUX/read_word_select_reg[2]/D,READOUT_PATH
NVP_I2C_R2_OBSERVER/shadow_valid_count[1],NVP_TRACE_HOST_READ_MUX/read_word_select_reg[1]/D,READOUT_PATH
NVP_I2C_R2_OBSERVER/shadow_valid_count[1],NVP_TRACE_HOST_READ_MUX/read_word_select_reg[0]/D,READOUT_PATH
NVP_I2C_R2_OBSERVER/shadow_valid_count[1],NVP_TRACE_HOST_READ_MUX/diag_rsp_rdata_reg[29]/D,READOUT_PATH
NVP_I2C_R2_OBSERVER/shadow_valid_count[1],NVP_TRACE_HOST_READ_MUX/diag_rsp_rdata_reg[9]/CE,READOUT_PATH
NVP_I2C_R2_OBSERVER/shadow_valid_count[1],NVP_TRACE_HOST_READ_MUX/diag_rsp_rdata_reg[8]/CE,READOUT_PATH
NVP_I2C_R2_OBSERVER/shadow_valid_count[1],NVP_TRACE_HOST_READ_MUX/diag_rsp_rdata_reg[7]/CE,READOUT_PATH
NVP_I2C_R2_OBSERVER/shadow_valid_count[1],NVP_TRACE_HOST_READ_MUX/diag_rsp_rdata_reg[6]/CE,READOUT_PATH
NVP_I2C_R2_OBSERVER/shadow_valid_count[1],NVP_TRACE_HOST_READ_MUX/diag_rsp_rdata_reg[5]/CE,READOUT_PATH
NVP_I2C_R2_OBSERVER/shadow_valid_count[1],NVP_TRACE_HOST_READ_MUX/diag_rsp_rdata_reg[4]/CE,READOUT_PATH
NVP_I2C_R2_OBSERVER/shadow_valid_count[1],NVP_TRACE_HOST_READ_MUX/diag_rsp_rdata_reg[3]/CE,READOUT_PATH
NVP_I2C_R2_OBSERVER/shadow_valid_count[1],NVP_TRACE_HOST_READ_MUX/diag_rsp_rdata_reg[31]/CE,READOUT_PATH
NVP_I2C_R2_OBSERVER/shadow_valid_count[1],NVP_TRACE_HOST_READ_MUX/diag_rsp_rdata_reg[30]/CE,READOUT_PATH
NVP_I2C_R2_OBSERVER/shadow_valid_count[1],NVP_TRACE_HOST_READ_MUX/diag_rsp_rdata_reg[2]/CE,READOUT_PATH
NVP_I2C_R2_OBSERVER/shadow_valid_count[1],NVP_TRACE_HOST_READ_MUX/diag_rsp_rdata_reg[28]/CE,READOUT_PATH
NVP_I2C_R2_OBSERVER/shadow_valid_count[1],NVP_TRACE_HOST_READ_MUX/diag_rsp_rdata_reg[27]/CE,READOUT_PATH
NVP_I2C_R2_OBSERVER/shadow_valid_count[1],NVP_TRACE_HOST_READ_MUX/diag_rsp_rdata_reg[26]/CE,READOUT_PATH
NVP_I2C_R2_OBSERVER/shadow_valid_count[1],NVP_TRACE_HOST_READ_MUX/diag_rsp_rdata_reg[25]/CE,READOUT_PATH
NVP_I2C_R2_OBSERVER/shadow_valid_count[1],NVP_TRACE_HOST_READ_MUX/diag_rsp_rdata_reg[24]/CE,READOUT_PATH
NVP_I2C_R2_OBSERVER/shadow_valid_count[1],NVP_TRACE_HOST_READ_MUX/diag_rsp_rdata_reg[23]/CE,READOUT_PATH
NVP_I2C_R2_OBSERVER/shadow_valid_count[1],NVP_TRACE_HOST_READ_MUX/diag_rsp_rdata_reg[22]/CE,READOUT_PATH
NVP_I2C_R2_OBSERVER/shadow_valid_count[1],NVP_TRACE_HOST_READ_MUX/diag_rsp_rdata_reg[21]/CE,READOUT_PATH
NVP_I2C_R2_OBSERVER/shadow_valid_count[1],NVP_TRACE_HOST_READ_MUX/diag_rsp_rdata_reg[20]/CE,READOUT_PATH
NVP_I2C_R2_OBSERVER/shadow_valid_count[1],NVP_TRACE_HOST_READ_MUX/diag_rsp_rdata_reg[1]/CE,READOUT_PATH
NVP_I2C_R2_OBSERVER/shadow_valid_count[1],NVP_TRACE_HOST_READ_MUX/diag_rsp_rdata_reg[19]/CE,READOUT_PATH
NVP_I2C_R2_OBSERVER/shadow_valid_count[1],NVP_TRACE_HOST_READ_MUX/diag_rsp_rdata_reg[18]/CE,READOUT_PATH
NVP_I2C_R2_OBSERVER/shadow_valid_count[1],NVP_TRACE_HOST_READ_MUX/diag_rsp_rdata_reg[17]/CE,READOUT_PATH
NVP_I2C_R2_OBSERVER/shadow_valid_count[1],NVP_TRACE_HOST_READ_MUX/diag_rsp_rdata_reg[16]/CE,READOUT_PATH
NVP_I2C_R2_OBSERVER/shadow_valid_count[1],NVP_TRACE_HOST_READ_MUX/diag_rsp_rdata_reg[15]/CE,READOUT_PATH
NVP_I2C_R2_OBSERVER/shadow_valid_count[1],NVP_TRACE_HOST_READ_MUX/diag_rsp_rdata_reg[14]/CE,READOUT_PATH
NVP_I2C_R2_OBSERVER/shadow_valid_count[1],NVP_TRACE_HOST_READ_MUX/diag_rsp_rdata_reg[13]/CE,READOUT_PATH
NVP_I2C_R2_OBSERVER/shadow_valid_count[1],NVP_TRACE_HOST_READ_MUX/diag_rsp_rdata_reg[12]/CE,READOUT_PATH
NVP_I2C_R2_OBSERVER/shadow_valid_count[1],NVP_TRACE_HOST_READ_MUX/diag_rsp_rdata_reg[11]/CE,READOUT_PATH
NVP_I2C_R2_OBSERVER/shadow_valid_count[1],NVP_TRACE_HOST_READ_MUX/diag_rsp_rdata_reg[10]/CE,READOUT_PATH
NVP_I2C_R2_OBSERVER/shadow_valid_count[1],NVP_TRACE_HOST_READ_MUX/diag_rsp_rdata_reg[0]/CE,READOUT_PATH
NVP_I2C_R2_OBSERVER/shadow_valid_count[1],NVP_TRACE_HOST_READ_MUX/diag_rsp_valid_reg/D,READOUT_PATH
NVP_I2C_R2_OBSERVER/shadow_valid_count[1],NVP_TRACE_HOST_READ_MUX/shadow_read_address_reg[7]/CE,READOUT_PATH
NVP_I2C_R2_OBSERVER/shadow_valid_count[1],NVP_TRACE_HOST_READ_MUX/shadow_read_address_reg[6]/CE,READOUT_PATH
NVP_I2C_R2_OBSERVER/shadow_valid_count[1],NVP_TRACE_HOST_READ_MUX/shadow_read_address_reg[5]/CE,READOUT_PATH
NVP_I2C_R2_OBSERVER/shadow_valid_count[1],NVP_TRACE_HOST_READ_MUX/shadow_read_address_reg[4]/CE,READOUT_PATH
NVP_I2C_R2_OBSERVER/shadow_valid_count[1],NVP_TRACE_HOST_READ_MUX/shadow_read_address_reg[3]/CE,READOUT_PATH
NVP_I2C_R2_OBSERVER/shadow_valid_count[1],NVP_TRACE_HOST_READ_MUX/shadow_read_address_reg[2]/CE,READOUT_PATH
NVP_I2C_R2_OBSERVER/shadow_valid_count[1],NVP_TRACE_HOST_READ_MUX/shadow_read_address_reg[1]/CE,READOUT_PATH
NVP_I2C_R2_OBSERVER/shadow_valid_count[1],NVP_TRACE_HOST_READ_MUX/shadow_read_address_reg[0]/CE,READOUT_PATH
NVP_I2C_R2_OBSERVER/shadow_valid_count[1],NVP_TRACE_HOST_READ_MUX/diag_rsp_rdata_reg[9]/D,READOUT_PATH
NVP_I2C_R2_OBSERVER/shadow_valid_count[1],NVP_TRACE_HOST_READ_MUX/diag_rsp_rdata_reg[8]/D,READOUT_PATH
NVP_I2C_R2_OBSERVER/shadow_valid_count[1],NVP_TRACE_HOST_READ_MUX/diag_rsp_rdata_reg[27]/D,READOUT_PATH
NVP_I2C_R2_OBSERVER/shadow_valid_count[1],NVP_TRACE_HOST_READ_MUX/diag_rsp_rdata_reg[25]/D,READOUT_PATH
NVP_I2C_R2_OBSERVER/shadow_valid_count[1],NVP_TRACE_HOST_READ_MUX/diag_rsp_rdata_reg[10]/D,READOUT_PATH
NVP_I2C_R2_OBSERVER/shadow_valid_count[1],NVP_TRACE_HOST_READ_MUX/diag_rsp_rdata_reg[31]/D,READOUT_PATH
NVP_I2C_R2_OBSERVER/shadow_valid_count[1],NVP_TRACE_HOST_READ_MUX/diag_rsp_rdata_reg[23]/D,READOUT_PATH
NVP_I2C_R2_OBSERVER/shadow_valid_count[1],NVP_TRACE_HOST_READ_MUX/diag_rsp_rdata_reg[22]/D,READOUT_PATH
NVP_I2C_R2_OBSERVER/shadow_valid_count[1],NVP_TRACE_HOST_READ_MUX/diag_rsp_rdata_reg[21]/D,READOUT_PATH
NVP_I2C_R2_OBSERVER/shadow_valid_count[1],NVP_TRACE_HOST_READ_MUX/diag_rsp_rdata_reg[18]/D,READOUT_PATH
NVP_I2C_R2_OBSERVER/shadow_valid_count[1],NVP_TRACE_HOST_READ_MUX/diag_rsp_rdata_reg[15]/D,READOUT_PATH
NVP_I2C_R2_OBSERVER/shadow_valid_count[1],NVP_TRACE_HOST_READ_MUX/diag_rsp_rdata_reg[12]/D,READOUT_PATH
NVP_I2C_R2_OBSERVER/shadow_valid_count[1],NVP_TRACE_HOST_READ_MUX/diag_rsp_rdata_reg[11]/D,READOUT_PATH
NVP_I2C_R2_OBSERVER/shadow_valid_count[1],NVP_TRACE_HOST_READ_MUX/shadow_read_enable_reg/D,READOUT_PATH
NVP_I2C_R2_OBSERVER/shadow_valid_count[1],NVP_TRACE_HOST_READ_MUX/diag_rsp_rdata_reg[7]/D,READOUT_PATH
NVP_I2C_R2_OBSERVER/shadow_valid_count[1],NVP_TRACE_HOST_READ_MUX/diag_rsp_rdata_reg[6]/D,READOUT_PATH
NVP_I2C_R2_OBSERVER/shadow_valid_count[1],NVP_TRACE_HOST_READ_MUX/diag_rsp_rdata_reg[5]/D,READOUT_PATH
NVP_I2C_R2_OBSERVER/shadow_valid_count[1],NVP_TRACE_HOST_READ_MUX/diag_rsp_rdata_reg[4]/D,READOUT_PATH
NVP_I2C_R2_OBSERVER/shadow_valid_count[1],NVP_TRACE_HOST_READ_MUX/diag_rsp_rdata_reg[3]/D,READOUT_PATH
NVP_I2C_R2_OBSERVER/shadow_valid_count[1],NVP_TRACE_HOST_READ_MUX/diag_rsp_rdata_reg[30]/D,READOUT_PATH
NVP_I2C_R2_OBSERVER/shadow_valid_count[1],NVP_TRACE_HOST_READ_MUX/diag_rsp_rdata_reg[2]/D,READOUT_PATH
NVP_I2C_R2_OBSERVER/shadow_valid_count[1],NVP_TRACE_HOST_READ_MUX/diag_rsp_rdata_reg[28]/D,READOUT_PATH
NVP_I2C_R2_OBSERVER/shadow_valid_count[1],NVP_TRACE_HOST_READ_MUX/diag_rsp_rdata_reg[26]/D,READOUT_PATH
NVP_I2C_R2_OBSERVER/shadow_valid_count[1],NVP_TRACE_HOST_READ_MUX/diag_rsp_rdata_reg[24]/D,READOUT_PATH
NVP_I2C_R2_OBSERVER/shadow_valid_count[1],NVP_TRACE_HOST_READ_MUX/diag_rsp_rdata_reg[20]/D,READOUT_PATH
NVP_I2C_R2_OBSERVER/shadow_valid_count[1],NVP_TRACE_HOST_READ_MUX/diag_rsp_rdata_reg[19]/D,READOUT_PATH
NVP_I2C_R2_OBSERVER/shadow_valid_count[1],NVP_TRACE_HOST_READ_MUX/diag_rsp_rdata_reg[17]/D,READOUT_PATH
NVP_I2C_R2_OBSERVER/shadow_valid_count[1],NVP_TRACE_HOST_READ_MUX/diag_rsp_rdata_reg[16]/D,READOUT_PATH
NVP_I2C_R2_OBSERVER/shadow_valid_count[1],NVP_TRACE_HOST_READ_MUX/diag_rsp_rdata_reg[14]/D,READOUT_PATH
NVP_I2C_R2_OBSERVER/shadow_valid_count[1],NVP_TRACE_HOST_READ_MUX/diag_rsp_rdata_reg[13]/D,READOUT_PATH
NVP_I2C_R2_OBSERVER/shadow_valid_count[1],NVP_TRACE_HOST_READ_MUX/diag_rsp_rdata_reg[0]/D,READOUT_PATH
NVP_I2C_R2_OBSERVER/shadow_valid_count[1],NVP_TRACE_HOST_READ_MUX/read_wait_reg[1]/D,READOUT_PATH
NVP_I2C_R2_OBSERVER/shadow_valid_count[2],NVP_TRACE_HOST_READ_MUX/diag_rsp_rdata_reg[2]/D,READOUT_PATH
NVP_I2C_R2_OBSERVER/shadow_valid_count[2],NVP_TRACE_HOST_READ_MUX/read_wait_reg[0]/D,READOUT_PATH
NVP_I2C_R2_OBSERVER/shadow_valid_count[2],NVP_TRACE_HOST_READ_MUX/read_kind_reg[1]/D,READOUT_PATH
NVP_I2C_R2_OBSERVER/shadow_valid_count[2],NVP_TRACE_HOST_READ_MUX/read_kind_reg[0]/D,READOUT_PATH
NVP_I2C_R2_OBSERVER/shadow_valid_count[2],NVP_TRACE_HOST_READ_MUX/read_word_select_reg[2]/D,READOUT_PATH
NVP_I2C_R2_OBSERVER/shadow_valid_count[2],NVP_TRACE_HOST_READ_MUX/read_word_select_reg[1]/D,READOUT_PATH
NVP_I2C_R2_OBSERVER/shadow_valid_count[2],NVP_TRACE_HOST_READ_MUX/read_word_select_reg[0]/D,READOUT_PATH
NVP_I2C_R2_OBSERVER/shadow_valid_count[2],NVP_TRACE_HOST_READ_MUX/diag_rsp_rdata_reg[29]/D,READOUT_PATH
NVP_I2C_R2_OBSERVER/shadow_valid_count[2],NVP_TRACE_HOST_READ_MUX/diag_rsp_rdata_reg[9]/CE,READOUT_PATH
NVP_I2C_R2_OBSERVER/shadow_valid_count[2],NVP_TRACE_HOST_READ_MUX/diag_rsp_rdata_reg[8]/CE,READOUT_PATH
NVP_I2C_R2_OBSERVER/shadow_valid_count[2],NVP_TRACE_HOST_READ_MUX/diag_rsp_rdata_reg[7]/CE,READOUT_PATH
NVP_I2C_R2_OBSERVER/shadow_valid_count[2],NVP_TRACE_HOST_READ_MUX/diag_rsp_rdata_reg[6]/CE,READOUT_PATH
NVP_I2C_R2_OBSERVER/shadow_valid_count[2],NVP_TRACE_HOST_READ_MUX/diag_rsp_rdata_reg[5]/CE,READOUT_PATH
NVP_I2C_R2_OBSERVER/shadow_valid_count[2],NVP_TRACE_HOST_READ_MUX/diag_rsp_rdata_reg[4]/CE,READOUT_PATH
NVP_I2C_R2_OBSERVER/shadow_valid_count[2],NVP_TRACE_HOST_READ_MUX/diag_rsp_rdata_reg[3]/CE,READOUT_PATH
NVP_I2C_R2_OBSERVER/shadow_valid_count[2],NVP_TRACE_HOST_READ_MUX/diag_rsp_rdata_reg[31]/CE,READOUT_PATH
NVP_I2C_R2_OBSERVER/shadow_valid_count[2],NVP_TRACE_HOST_READ_MUX/diag_rsp_rdata_reg[30]/CE,READOUT_PATH
NVP_I2C_R2_OBSERVER/shadow_valid_count[2],NVP_TRACE_HOST_READ_MUX/diag_rsp_rdata_reg[2]/CE,READOUT_PATH
NVP_I2C_R2_OBSERVER/shadow_valid_count[2],NVP_TRACE_HOST_READ_MUX/diag_rsp_rdata_reg[28]/CE,READOUT_PATH
NVP_I2C_R2_OBSERVER/shadow_valid_count[2],NVP_TRACE_HOST_READ_MUX/diag_rsp_rdata_reg[27]/CE,READOUT_PATH
NVP_I2C_R2_OBSERVER/shadow_valid_count[2],NVP_TRACE_HOST_READ_MUX/diag_rsp_rdata_reg[26]/CE,READOUT_PATH
NVP_I2C_R2_OBSERVER/shadow_valid_count[2],NVP_TRACE_HOST_READ_MUX/diag_rsp_rdata_reg[25]/CE,READOUT_PATH
NVP_I2C_R2_OBSERVER/shadow_valid_count[2],NVP_TRACE_HOST_READ_MUX/diag_rsp_rdata_reg[24]/CE,READOUT_PATH
NVP_I2C_R2_OBSERVER/shadow_valid_count[2],NVP_TRACE_HOST_READ_MUX/diag_rsp_rdata_reg[23]/CE,READOUT_PATH
NVP_I2C_R2_OBSERVER/shadow_valid_count[2],NVP_TRACE_HOST_READ_MUX/diag_rsp_rdata_reg[22]/CE,READOUT_PATH
NVP_I2C_R2_OBSERVER/shadow_valid_count[2],NVP_TRACE_HOST_READ_MUX/diag_rsp_rdata_reg[21]/CE,READOUT_PATH
NVP_I2C_R2_OBSERVER/shadow_valid_count[2],NVP_TRACE_HOST_READ_MUX/diag_rsp_rdata_reg[20]/CE,READOUT_PATH
NVP_I2C_R2_OBSERVER/shadow_valid_count[2],NVP_TRACE_HOST_READ_MUX/diag_rsp_rdata_reg[1]/CE,READOUT_PATH
NVP_I2C_R2_OBSERVER/shadow_valid_count[2],NVP_TRACE_HOST_READ_MUX/diag_rsp_rdata_reg[19]/CE,READOUT_PATH
NVP_I2C_R2_OBSERVER/shadow_valid_count[2],NVP_TRACE_HOST_READ_MUX/diag_rsp_rdata_reg[18]/CE,READOUT_PATH
NVP_I2C_R2_OBSERVER/shadow_valid_count[2],NVP_TRACE_HOST_READ_MUX/diag_rsp_rdata_reg[17]/CE,READOUT_PATH
NVP_I2C_R2_OBSERVER/shadow_valid_count[2],NVP_TRACE_HOST_READ_MUX/diag_rsp_rdata_reg[16]/CE,READOUT_PATH
NVP_I2C_R2_OBSERVER/shadow_valid_count[2],NVP_TRACE_HOST_READ_MUX/diag_rsp_rdata_reg[15]/CE,READOUT_PATH
NVP_I2C_R2_OBSERVER/shadow_valid_count[2],NVP_TRACE_HOST_READ_MUX/diag_rsp_rdata_reg[14]/CE,READOUT_PATH
NVP_I2C_R2_OBSERVER/shadow_valid_count[2],NVP_TRACE_HOST_READ_MUX/diag_rsp_rdata_reg[13]/CE,READOUT_PATH
NVP_I2C_R2_OBSERVER/shadow_valid_count[2],NVP_TRACE_HOST_READ_MUX/diag_rsp_rdata_reg[12]/CE,READOUT_PATH
NVP_I2C_R2_OBSERVER/shadow_valid_count[2],NVP_TRACE_HOST_READ_MUX/diag_rsp_rdata_reg[11]/CE,READOUT_PATH
NVP_I2C_R2_OBSERVER/shadow_valid_count[2],NVP_TRACE_HOST_READ_MUX/diag_rsp_rdata_reg[10]/CE,READOUT_PATH
NVP_I2C_R2_OBSERVER/shadow_valid_count[2],NVP_TRACE_HOST_READ_MUX/diag_rsp_rdata_reg[0]/CE,READOUT_PATH
NVP_I2C_R2_OBSERVER/shadow_valid_count[2],NVP_TRACE_HOST_READ_MUX/diag_rsp_valid_reg/D,READOUT_PATH
NVP_I2C_R2_OBSERVER/shadow_valid_count[2],NVP_TRACE_HOST_READ_MUX/shadow_read_address_reg[7]/CE,READOUT_PATH
NVP_I2C_R2_OBSERVER/shadow_valid_count[2],NVP_TRACE_HOST_READ_MUX/shadow_read_address_reg[6]/CE,READOUT_PATH
NVP_I2C_R2_OBSERVER/shadow_valid_count[2],NVP_TRACE_HOST_READ_MUX/shadow_read_address_reg[5]/CE,READOUT_PATH
NVP_I2C_R2_OBSERVER/shadow_valid_count[2],NVP_TRACE_HOST_READ_MUX/shadow_read_address_reg[4]/CE,READOUT_PATH
NVP_I2C_R2_OBSERVER/shadow_valid_count[2],NVP_TRACE_HOST_READ_MUX/shadow_read_address_reg[3]/CE,READOUT_PATH
NVP_I2C_R2_OBSERVER/shadow_valid_count[2],NVP_TRACE_HOST_READ_MUX/shadow_read_address_reg[2]/CE,READOUT_PATH
NVP_I2C_R2_OBSERVER/shadow_valid_count[2],NVP_TRACE_HOST_READ_MUX/shadow_read_address_reg[1]/CE,READOUT_PATH
NVP_I2C_R2_OBSERVER/shadow_valid_count[2],NVP_TRACE_HOST_READ_MUX/shadow_read_address_reg[0]/CE,READOUT_PATH
NVP_I2C_R2_OBSERVER/shadow_valid_count[2],NVP_TRACE_HOST_READ_MUX/diag_rsp_rdata_reg[9]/D,READOUT_PATH
NVP_I2C_R2_OBSERVER/shadow_valid_count[2],NVP_TRACE_HOST_READ_MUX/diag_rsp_rdata_reg[8]/D,READOUT_PATH
NVP_I2C_R2_OBSERVER/shadow_valid_count[2],NVP_TRACE_HOST_READ_MUX/diag_rsp_rdata_reg[27]/D,READOUT_PATH
NVP_I2C_R2_OBSERVER/shadow_valid_count[2],NVP_TRACE_HOST_READ_MUX/diag_rsp_rdata_reg[25]/D,READOUT_PATH
NVP_I2C_R2_OBSERVER/shadow_valid_count[2],NVP_TRACE_HOST_READ_MUX/diag_rsp_rdata_reg[10]/D,READOUT_PATH
NVP_I2C_R2_OBSERVER/shadow_valid_count[2],NVP_TRACE_HOST_READ_MUX/diag_rsp_rdata_reg[31]/D,READOUT_PATH
NVP_I2C_R2_OBSERVER/shadow_valid_count[2],NVP_TRACE_HOST_READ_MUX/diag_rsp_rdata_reg[23]/D,READOUT_PATH
NVP_I2C_R2_OBSERVER/shadow_valid_count[2],NVP_TRACE_HOST_READ_MUX/diag_rsp_rdata_reg[22]/D,READOUT_PATH
NVP_I2C_R2_OBSERVER/shadow_valid_count[2],NVP_TRACE_HOST_READ_MUX/diag_rsp_rdata_reg[21]/D,READOUT_PATH
NVP_I2C_R2_OBSERVER/shadow_valid_count[2],NVP_TRACE_HOST_READ_MUX/diag_rsp_rdata_reg[18]/D,READOUT_PATH
NVP_I2C_R2_OBSERVER/shadow_valid_count[2],NVP_TRACE_HOST_READ_MUX/diag_rsp_rdata_reg[15]/D,READOUT_PATH
NVP_I2C_R2_OBSERVER/shadow_valid_count[2],NVP_TRACE_HOST_READ_MUX/diag_rsp_rdata_reg[12]/D,READOUT_PATH
NVP_I2C_R2_OBSERVER/shadow_valid_count[2],NVP_TRACE_HOST_READ_MUX/diag_rsp_rdata_reg[11]/D,READOUT_PATH
NVP_I2C_R2_OBSERVER/shadow_valid_count[2],NVP_TRACE_HOST_READ_MUX/shadow_read_enable_reg/D,READOUT_PATH
NVP_I2C_R2_OBSERVER/shadow_valid_count[2],NVP_TRACE_HOST_READ_MUX/diag_rsp_rdata_reg[7]/D,READOUT_PATH
NVP_I2C_R2_OBSERVER/shadow_valid_count[2],NVP_TRACE_HOST_READ_MUX/diag_rsp_rdata_reg[6]/D,READOUT_PATH
NVP_I2C_R2_OBSERVER/shadow_valid_count[2],NVP_TRACE_HOST_READ_MUX/diag_rsp_rdata_reg[5]/D,READOUT_PATH
NVP_I2C_R2_OBSERVER/shadow_valid_count[2],NVP_TRACE_HOST_READ_MUX/diag_rsp_rdata_reg[4]/D,READOUT_PATH
NVP_I2C_R2_OBSERVER/shadow_valid_count[2],NVP_TRACE_HOST_READ_MUX/diag_rsp_rdata_reg[3]/D,READOUT_PATH
NVP_I2C_R2_OBSERVER/shadow_valid_count[2],NVP_TRACE_HOST_READ_MUX/diag_rsp_rdata_reg[30]/D,READOUT_PATH
NVP_I2C_R2_OBSERVER/shadow_valid_count[2],NVP_TRACE_HOST_READ_MUX/diag_rsp_rdata_reg[28]/D,READOUT_PATH
NVP_I2C_R2_OBSERVER/shadow_valid_count[2],NVP_TRACE_HOST_READ_MUX/diag_rsp_rdata_reg[26]/D,READOUT_PATH
NVP_I2C_R2_OBSERVER/shadow_valid_count[2],NVP_TRACE_HOST_READ_MUX/diag_rsp_rdata_reg[24]/D,READOUT_PATH
NVP_I2C_R2_OBSERVER/shadow_valid_count[2],NVP_TRACE_HOST_READ_MUX/diag_rsp_rdata_reg[20]/D,READOUT_PATH
NVP_I2C_R2_OBSERVER/shadow_valid_count[2],NVP_TRACE_HOST_READ_MUX/diag_rsp_rdata_reg[1]/D,READOUT_PATH
NVP_I2C_R2_OBSERVER/shadow_valid_count[2],NVP_TRACE_HOST_READ_MUX/diag_rsp_rdata_reg[19]/D,READOUT_PATH
NVP_I2C_R2_OBSERVER/shadow_valid_count[2],NVP_TRACE_HOST_READ_MUX/diag_rsp_rdata_reg[17]/D,READOUT_PATH
NVP_I2C_R2_OBSERVER/shadow_valid_count[2],NVP_TRACE_HOST_READ_MUX/diag_rsp_rdata_reg[16]/D,READOUT_PATH
NVP_I2C_R2_OBSERVER/shadow_valid_count[2],NVP_TRACE_HOST_READ_MUX/diag_rsp_rdata_reg[14]/D,READOUT_PATH
NVP_I2C_R2_OBSERVER/shadow_valid_count[2],NVP_TRACE_HOST_READ_MUX/diag_rsp_rdata_reg[13]/D,READOUT_PATH
NVP_I2C_R2_OBSERVER/shadow_valid_count[2],NVP_TRACE_HOST_READ_MUX/diag_rsp_rdata_reg[0]/D,READOUT_PATH
NVP_I2C_R2_OBSERVER/shadow_valid_count[2],NVP_TRACE_HOST_READ_MUX/read_wait_reg[1]/D,READOUT_PATH
NVP_I2C_R2_OBSERVER/shadow_valid_count[3],NVP_TRACE_HOST_READ_MUX/read_wait_reg[0]/D,READOUT_PATH
NVP_I2C_R2_OBSERVER/shadow_valid_count[3],NVP_TRACE_HOST_READ_MUX/read_kind_reg[1]/D,READOUT_PATH
NVP_I2C_R2_OBSERVER/shadow_valid_count[3],NVP_TRACE_HOST_READ_MUX/read_kind_reg[0]/D,READOUT_PATH
NVP_I2C_R2_OBSERVER/shadow_valid_count[3],NVP_TRACE_HOST_READ_MUX/read_word_select_reg[2]/D,READOUT_PATH
NVP_I2C_R2_OBSERVER/shadow_valid_count[3],NVP_TRACE_HOST_READ_MUX/read_word_select_reg[1]/D,READOUT_PATH
NVP_I2C_R2_OBSERVER/shadow_valid_count[3],NVP_TRACE_HOST_READ_MUX/read_word_select_reg[0]/D,READOUT_PATH
NVP_I2C_R2_OBSERVER/shadow_valid_count[3],NVP_TRACE_HOST_READ_MUX/diag_rsp_rdata_reg[29]/D,READOUT_PATH
NVP_I2C_R2_OBSERVER/shadow_valid_count[3],NVP_TRACE_HOST_READ_MUX/diag_rsp_rdata_reg[9]/CE,READOUT_PATH
NVP_I2C_R2_OBSERVER/shadow_valid_count[3],NVP_TRACE_HOST_READ_MUX/diag_rsp_rdata_reg[8]/CE,READOUT_PATH
NVP_I2C_R2_OBSERVER/shadow_valid_count[3],NVP_TRACE_HOST_READ_MUX/diag_rsp_rdata_reg[7]/CE,READOUT_PATH
NVP_I2C_R2_OBSERVER/shadow_valid_count[3],NVP_TRACE_HOST_READ_MUX/diag_rsp_rdata_reg[6]/CE,READOUT_PATH
NVP_I2C_R2_OBSERVER/shadow_valid_count[3],NVP_TRACE_HOST_READ_MUX/diag_rsp_rdata_reg[5]/CE,READOUT_PATH
NVP_I2C_R2_OBSERVER/shadow_valid_count[3],NVP_TRACE_HOST_READ_MUX/diag_rsp_rdata_reg[4]/CE,READOUT_PATH
NVP_I2C_R2_OBSERVER/shadow_valid_count[3],NVP_TRACE_HOST_READ_MUX/diag_rsp_rdata_reg[3]/CE,READOUT_PATH
NVP_I2C_R2_OBSERVER/shadow_valid_count[3],NVP_TRACE_HOST_READ_MUX/diag_rsp_rdata_reg[31]/CE,READOUT_PATH
NVP_I2C_R2_OBSERVER/shadow_valid_count[3],NVP_TRACE_HOST_READ_MUX/diag_rsp_rdata_reg[30]/CE,READOUT_PATH
NVP_I2C_R2_OBSERVER/shadow_valid_count[3],NVP_TRACE_HOST_READ_MUX/diag_rsp_rdata_reg[2]/CE,READOUT_PATH
NVP_I2C_R2_OBSERVER/shadow_valid_count[3],NVP_TRACE_HOST_READ_MUX/diag_rsp_rdata_reg[28]/CE,READOUT_PATH
NVP_I2C_R2_OBSERVER/shadow_valid_count[3],NVP_TRACE_HOST_READ_MUX/diag_rsp_rdata_reg[27]/CE,READOUT_PATH
NVP_I2C_R2_OBSERVER/shadow_valid_count[3],NVP_TRACE_HOST_READ_MUX/diag_rsp_rdata_reg[26]/CE,READOUT_PATH
NVP_I2C_R2_OBSERVER/shadow_valid_count[3],NVP_TRACE_HOST_READ_MUX/diag_rsp_rdata_reg[25]/CE,READOUT_PATH
NVP_I2C_R2_OBSERVER/shadow_valid_count[3],NVP_TRACE_HOST_READ_MUX/diag_rsp_rdata_reg[24]/CE,READOUT_PATH
NVP_I2C_R2_OBSERVER/shadow_valid_count[3],NVP_TRACE_HOST_READ_MUX/diag_rsp_rdata_reg[23]/CE,READOUT_PATH
NVP_I2C_R2_OBSERVER/shadow_valid_count[3],NVP_TRACE_HOST_READ_MUX/diag_rsp_rdata_reg[22]/CE,READOUT_PATH
NVP_I2C_R2_OBSERVER/shadow_valid_count[3],NVP_TRACE_HOST_READ_MUX/diag_rsp_rdata_reg[21]/CE,READOUT_PATH
NVP_I2C_R2_OBSERVER/shadow_valid_count[3],NVP_TRACE_HOST_READ_MUX/diag_rsp_rdata_reg[20]/CE,READOUT_PATH
NVP_I2C_R2_OBSERVER/shadow_valid_count[3],NVP_TRACE_HOST_READ_MUX/diag_rsp_rdata_reg[1]/CE,READOUT_PATH
NVP_I2C_R2_OBSERVER/shadow_valid_count[3],NVP_TRACE_HOST_READ_MUX/diag_rsp_rdata_reg[19]/CE,READOUT_PATH
NVP_I2C_R2_OBSERVER/shadow_valid_count[3],NVP_TRACE_HOST_READ_MUX/diag_rsp_rdata_reg[18]/CE,READOUT_PATH
NVP_I2C_R2_OBSERVER/shadow_valid_count[3],NVP_TRACE_HOST_READ_MUX/diag_rsp_rdata_reg[17]/CE,READOUT_PATH
NVP_I2C_R2_OBSERVER/shadow_valid_count[3],NVP_TRACE_HOST_READ_MUX/diag_rsp_rdata_reg[16]/CE,READOUT_PATH
NVP_I2C_R2_OBSERVER/shadow_valid_count[3],NVP_TRACE_HOST_READ_MUX/diag_rsp_rdata_reg[15]/CE,READOUT_PATH
NVP_I2C_R2_OBSERVER/shadow_valid_count[3],NVP_TRACE_HOST_READ_MUX/diag_rsp_rdata_reg[14]/CE,READOUT_PATH
NVP_I2C_R2_OBSERVER/shadow_valid_count[3],NVP_TRACE_HOST_READ_MUX/diag_rsp_rdata_reg[13]/CE,READOUT_PATH
NVP_I2C_R2_OBSERVER/shadow_valid_count[3],NVP_TRACE_HOST_READ_MUX/diag_rsp_rdata_reg[12]/CE,READOUT_PATH
NVP_I2C_R2_OBSERVER/shadow_valid_count[3],NVP_TRACE_HOST_READ_MUX/diag_rsp_rdata_reg[11]/CE,READOUT_PATH
NVP_I2C_R2_OBSERVER/shadow_valid_count[3],NVP_TRACE_HOST_READ_MUX/diag_rsp_rdata_reg[10]/CE,READOUT_PATH
NVP_I2C_R2_OBSERVER/shadow_valid_count[3],NVP_TRACE_HOST_READ_MUX/diag_rsp_rdata_reg[0]/CE,READOUT_PATH
NVP_I2C_R2_OBSERVER/shadow_valid_count[3],NVP_TRACE_HOST_READ_MUX/diag_rsp_valid_reg/D,READOUT_PATH
NVP_I2C_R2_OBSERVER/shadow_valid_count[3],NVP_TRACE_HOST_READ_MUX/shadow_read_address_reg[7]/CE,READOUT_PATH
NVP_I2C_R2_OBSERVER/shadow_valid_count[3],NVP_TRACE_HOST_READ_MUX/shadow_read_address_reg[6]/CE,READOUT_PATH
NVP_I2C_R2_OBSERVER/shadow_valid_count[3],NVP_TRACE_HOST_READ_MUX/shadow_read_address_reg[5]/CE,READOUT_PATH
NVP_I2C_R2_OBSERVER/shadow_valid_count[3],NVP_TRACE_HOST_READ_MUX/shadow_read_address_reg[4]/CE,READOUT_PATH
NVP_I2C_R2_OBSERVER/shadow_valid_count[3],NVP_TRACE_HOST_READ_MUX/shadow_read_address_reg[3]/CE,READOUT_PATH
NVP_I2C_R2_OBSERVER/shadow_valid_count[3],NVP_TRACE_HOST_READ_MUX/shadow_read_address_reg[2]/CE,READOUT_PATH
NVP_I2C_R2_OBSERVER/shadow_valid_count[3],NVP_TRACE_HOST_READ_MUX/shadow_read_address_reg[1]/CE,READOUT_PATH
NVP_I2C_R2_OBSERVER/shadow_valid_count[3],NVP_TRACE_HOST_READ_MUX/shadow_read_address_reg[0]/CE,READOUT_PATH
NVP_I2C_R2_OBSERVER/shadow_valid_count[3],NVP_TRACE_HOST_READ_MUX/diag_rsp_rdata_reg[9]/D,READOUT_PATH
NVP_I2C_R2_OBSERVER/shadow_valid_count[3],NVP_TRACE_HOST_READ_MUX/diag_rsp_rdata_reg[8]/D,READOUT_PATH
NVP_I2C_R2_OBSERVER/shadow_valid_count[3],NVP_TRACE_HOST_READ_MUX/diag_rsp_rdata_reg[27]/D,READOUT_PATH
NVP_I2C_R2_OBSERVER/shadow_valid_count[3],NVP_TRACE_HOST_READ_MUX/diag_rsp_rdata_reg[25]/D,READOUT_PATH
NVP_I2C_R2_OBSERVER/shadow_valid_count[3],NVP_TRACE_HOST_READ_MUX/diag_rsp_rdata_reg[10]/D,READOUT_PATH
NVP_I2C_R2_OBSERVER/shadow_valid_count[3],NVP_TRACE_HOST_READ_MUX/diag_rsp_rdata_reg[31]/D,READOUT_PATH
NVP_I2C_R2_OBSERVER/shadow_valid_count[3],NVP_TRACE_HOST_READ_MUX/diag_rsp_rdata_reg[23]/D,READOUT_PATH
NVP_I2C_R2_OBSERVER/shadow_valid_count[3],NVP_TRACE_HOST_READ_MUX/diag_rsp_rdata_reg[22]/D,READOUT_PATH
NVP_I2C_R2_OBSERVER/shadow_valid_count[3],NVP_TRACE_HOST_READ_MUX/diag_rsp_rdata_reg[21]/D,READOUT_PATH
NVP_I2C_R2_OBSERVER/shadow_valid_count[3],NVP_TRACE_HOST_READ_MUX/diag_rsp_rdata_reg[18]/D,READOUT_PATH
NVP_I2C_R2_OBSERVER/shadow_valid_count[3],NVP_TRACE_HOST_READ_MUX/diag_rsp_rdata_reg[15]/D,READOUT_PATH
NVP_I2C_R2_OBSERVER/shadow_valid_count[3],NVP_TRACE_HOST_READ_MUX/diag_rsp_rdata_reg[12]/D,READOUT_PATH
NVP_I2C_R2_OBSERVER/shadow_valid_count[3],NVP_TRACE_HOST_READ_MUX/diag_rsp_rdata_reg[11]/D,READOUT_PATH
NVP_I2C_R2_OBSERVER/shadow_valid_count[3],NVP_TRACE_HOST_READ_MUX/shadow_read_enable_reg/D,READOUT_PATH
NVP_I2C_R2_OBSERVER/shadow_valid_count[3],NVP_TRACE_HOST_READ_MUX/diag_rsp_rdata_reg[7]/D,READOUT_PATH
NVP_I2C_R2_OBSERVER/shadow_valid_count[3],NVP_TRACE_HOST_READ_MUX/diag_rsp_rdata_reg[6]/D,READOUT_PATH
NVP_I2C_R2_OBSERVER/shadow_valid_count[3],NVP_TRACE_HOST_READ_MUX/diag_rsp_rdata_reg[5]/D,READOUT_PATH
NVP_I2C_R2_OBSERVER/shadow_valid_count[3],NVP_TRACE_HOST_READ_MUX/diag_rsp_rdata_reg[4]/D,READOUT_PATH
NVP_I2C_R2_OBSERVER/shadow_valid_count[3],NVP_TRACE_HOST_READ_MUX/diag_rsp_rdata_reg[3]/D,READOUT_PATH
NVP_I2C_R2_OBSERVER/shadow_valid_count[3],NVP_TRACE_HOST_READ_MUX/diag_rsp_rdata_reg[30]/D,READOUT_PATH
NVP_I2C_R2_OBSERVER/shadow_valid_count[3],NVP_TRACE_HOST_READ_MUX/diag_rsp_rdata_reg[2]/D,READOUT_PATH
NVP_I2C_R2_OBSERVER/shadow_valid_count[3],NVP_TRACE_HOST_READ_MUX/diag_rsp_rdata_reg[28]/D,READOUT_PATH
NVP_I2C_R2_OBSERVER/shadow_valid_count[3],NVP_TRACE_HOST_READ_MUX/diag_rsp_rdata_reg[26]/D,READOUT_PATH
NVP_I2C_R2_OBSERVER/shadow_valid_count[3],NVP_TRACE_HOST_READ_MUX/diag_rsp_rdata_reg[24]/D,READOUT_PATH
NVP_I2C_R2_OBSERVER/shadow_valid_count[3],NVP_TRACE_HOST_READ_MUX/diag_rsp_rdata_reg[20]/D,READOUT_PATH
NVP_I2C_R2_OBSERVER/shadow_valid_count[3],NVP_TRACE_HOST_READ_MUX/diag_rsp_rdata_reg[1]/D,READOUT_PATH
NVP_I2C_R2_OBSERVER/shadow_valid_count[3],NVP_TRACE_HOST_READ_MUX/diag_rsp_rdata_reg[19]/D,READOUT_PATH
NVP_I2C_R2_OBSERVER/shadow_valid_count[3],NVP_TRACE_HOST_READ_MUX/diag_rsp_rdata_reg[17]/D,READOUT_PATH
NVP_I2C_R2_OBSERVER/shadow_valid_count[3],NVP_TRACE_HOST_READ_MUX/diag_rsp_rdata_reg[16]/D,READOUT_PATH
NVP_I2C_R2_OBSERVER/shadow_valid_count[3],NVP_TRACE_HOST_READ_MUX/diag_rsp_rdata_reg[14]/D,READOUT_PATH
NVP_I2C_R2_OBSERVER/shadow_valid_count[3],NVP_TRACE_HOST_READ_MUX/diag_rsp_rdata_reg[13]/D,READOUT_PATH
NVP_I2C_R2_OBSERVER/shadow_valid_count[3],NVP_TRACE_HOST_READ_MUX/diag_rsp_rdata_reg[0]/D,READOUT_PATH
NVP_I2C_R2_OBSERVER/shadow_valid_count[3],NVP_TRACE_HOST_READ_MUX/read_wait_reg[1]/D,READOUT_PATH
NVP_I2C_R2_OBSERVER/shadow_valid_count[4],NVP_TRACE_HOST_READ_MUX/read_wait_reg[0]/D,READOUT_PATH
NVP_I2C_R2_OBSERVER/shadow_valid_count[4],NVP_TRACE_HOST_READ_MUX/read_kind_reg[1]/D,READOUT_PATH
NVP_I2C_R2_OBSERVER/shadow_valid_count[4],NVP_TRACE_HOST_READ_MUX/read_kind_reg[0]/D,READOUT_PATH
NVP_I2C_R2_OBSERVER/shadow_valid_count[4],NVP_TRACE_HOST_READ_MUX/read_word_select_reg[2]/D,READOUT_PATH
NVP_I2C_R2_OBSERVER/shadow_valid_count[4],NVP_TRACE_HOST_READ_MUX/read_word_select_reg[1]/D,READOUT_PATH
NVP_I2C_R2_OBSERVER/shadow_valid_count[4],NVP_TRACE_HOST_READ_MUX/read_word_select_reg[0]/D,READOUT_PATH
NVP_I2C_R2_OBSERVER/shadow_valid_count[4],NVP_TRACE_HOST_READ_MUX/diag_rsp_rdata_reg[29]/D,READOUT_PATH
NVP_I2C_R2_OBSERVER/shadow_valid_count[4],NVP_TRACE_HOST_READ_MUX/diag_rsp_rdata_reg[9]/CE,READOUT_PATH
NVP_I2C_R2_OBSERVER/shadow_valid_count[4],NVP_TRACE_HOST_READ_MUX/diag_rsp_rdata_reg[8]/CE,READOUT_PATH
NVP_I2C_R2_OBSERVER/shadow_valid_count[4],NVP_TRACE_HOST_READ_MUX/diag_rsp_rdata_reg[7]/CE,READOUT_PATH
NVP_I2C_R2_OBSERVER/shadow_valid_count[4],NVP_TRACE_HOST_READ_MUX/diag_rsp_rdata_reg[6]/CE,READOUT_PATH
NVP_I2C_R2_OBSERVER/shadow_valid_count[4],NVP_TRACE_HOST_READ_MUX/diag_rsp_rdata_reg[5]/CE,READOUT_PATH
NVP_I2C_R2_OBSERVER/shadow_valid_count[4],NVP_TRACE_HOST_READ_MUX/diag_rsp_rdata_reg[4]/CE,READOUT_PATH
NVP_I2C_R2_OBSERVER/shadow_valid_count[4],NVP_TRACE_HOST_READ_MUX/diag_rsp_rdata_reg[3]/CE,READOUT_PATH
NVP_I2C_R2_OBSERVER/shadow_valid_count[4],NVP_TRACE_HOST_READ_MUX/diag_rsp_rdata_reg[31]/CE,READOUT_PATH
NVP_I2C_R2_OBSERVER/shadow_valid_count[4],NVP_TRACE_HOST_READ_MUX/diag_rsp_rdata_reg[30]/CE,READOUT_PATH
NVP_I2C_R2_OBSERVER/shadow_valid_count[4],NVP_TRACE_HOST_READ_MUX/diag_rsp_rdata_reg[2]/CE,READOUT_PATH
NVP_I2C_R2_OBSERVER/shadow_valid_count[4],NVP_TRACE_HOST_READ_MUX/diag_rsp_rdata_reg[28]/CE,READOUT_PATH
NVP_I2C_R2_OBSERVER/shadow_valid_count[4],NVP_TRACE_HOST_READ_MUX/diag_rsp_rdata_reg[27]/CE,READOUT_PATH
NVP_I2C_R2_OBSERVER/shadow_valid_count[4],NVP_TRACE_HOST_READ_MUX/diag_rsp_rdata_reg[26]/CE,READOUT_PATH
NVP_I2C_R2_OBSERVER/shadow_valid_count[4],NVP_TRACE_HOST_READ_MUX/diag_rsp_rdata_reg[25]/CE,READOUT_PATH
NVP_I2C_R2_OBSERVER/shadow_valid_count[4],NVP_TRACE_HOST_READ_MUX/diag_rsp_rdata_reg[24]/CE,READOUT_PATH
NVP_I2C_R2_OBSERVER/shadow_valid_count[4],NVP_TRACE_HOST_READ_MUX/diag_rsp_rdata_reg[23]/CE,READOUT_PATH
NVP_I2C_R2_OBSERVER/shadow_valid_count[4],NVP_TRACE_HOST_READ_MUX/diag_rsp_rdata_reg[22]/CE,READOUT_PATH
NVP_I2C_R2_OBSERVER/shadow_valid_count[4],NVP_TRACE_HOST_READ_MUX/diag_rsp_rdata_reg[21]/CE,READOUT_PATH
NVP_I2C_R2_OBSERVER/shadow_valid_count[4],NVP_TRACE_HOST_READ_MUX/diag_rsp_rdata_reg[20]/CE,READOUT_PATH
NVP_I2C_R2_OBSERVER/shadow_valid_count[4],NVP_TRACE_HOST_READ_MUX/diag_rsp_rdata_reg[1]/CE,READOUT_PATH
NVP_I2C_R2_OBSERVER/shadow_valid_count[4],NVP_TRACE_HOST_READ_MUX/diag_rsp_rdata_reg[19]/CE,READOUT_PATH
NVP_I2C_R2_OBSERVER/shadow_valid_count[4],NVP_TRACE_HOST_READ_MUX/diag_rsp_rdata_reg[18]/CE,READOUT_PATH
NVP_I2C_R2_OBSERVER/shadow_valid_count[4],NVP_TRACE_HOST_READ_MUX/diag_rsp_rdata_reg[17]/CE,READOUT_PATH
NVP_I2C_R2_OBSERVER/shadow_valid_count[4],NVP_TRACE_HOST_READ_MUX/diag_rsp_rdata_reg[16]/CE,READOUT_PATH
NVP_I2C_R2_OBSERVER/shadow_valid_count[4],NVP_TRACE_HOST_READ_MUX/diag_rsp_rdata_reg[15]/CE,READOUT_PATH
NVP_I2C_R2_OBSERVER/shadow_valid_count[4],NVP_TRACE_HOST_READ_MUX/diag_rsp_rdata_reg[14]/CE,READOUT_PATH
NVP_I2C_R2_OBSERVER/shadow_valid_count[4],NVP_TRACE_HOST_READ_MUX/diag_rsp_rdata_reg[13]/CE,READOUT_PATH
NVP_I2C_R2_OBSERVER/shadow_valid_count[4],NVP_TRACE_HOST_READ_MUX/diag_rsp_rdata_reg[12]/CE,READOUT_PATH
NVP_I2C_R2_OBSERVER/shadow_valid_count[4],NVP_TRACE_HOST_READ_MUX/diag_rsp_rdata_reg[11]/CE,READOUT_PATH
NVP_I2C_R2_OBSERVER/shadow_valid_count[4],NVP_TRACE_HOST_READ_MUX/diag_rsp_rdata_reg[10]/CE,READOUT_PATH
NVP_I2C_R2_OBSERVER/shadow_valid_count[4],NVP_TRACE_HOST_READ_MUX/diag_rsp_rdata_reg[0]/CE,READOUT_PATH
NVP_I2C_R2_OBSERVER/shadow_valid_count[4],NVP_TRACE_HOST_READ_MUX/diag_rsp_valid_reg/D,READOUT_PATH
NVP_I2C_R2_OBSERVER/shadow_valid_count[4],NVP_TRACE_HOST_READ_MUX/shadow_read_address_reg[7]/CE,READOUT_PATH
NVP_I2C_R2_OBSERVER/shadow_valid_count[4],NVP_TRACE_HOST_READ_MUX/shadow_read_address_reg[6]/CE,READOUT_PATH
NVP_I2C_R2_OBSERVER/shadow_valid_count[4],NVP_TRACE_HOST_READ_MUX/shadow_read_address_reg[5]/CE,READOUT_PATH
NVP_I2C_R2_OBSERVER/shadow_valid_count[4],NVP_TRACE_HOST_READ_MUX/shadow_read_address_reg[4]/CE,READOUT_PATH
NVP_I2C_R2_OBSERVER/shadow_valid_count[4],NVP_TRACE_HOST_READ_MUX/shadow_read_address_reg[3]/CE,READOUT_PATH
NVP_I2C_R2_OBSERVER/shadow_valid_count[4],NVP_TRACE_HOST_READ_MUX/shadow_read_address_reg[2]/CE,READOUT_PATH
NVP_I2C_R2_OBSERVER/shadow_valid_count[4],NVP_TRACE_HOST_READ_MUX/shadow_read_address_reg[1]/CE,READOUT_PATH
NVP_I2C_R2_OBSERVER/shadow_valid_count[4],NVP_TRACE_HOST_READ_MUX/shadow_read_address_reg[0]/CE,READOUT_PATH
NVP_I2C_R2_OBSERVER/shadow_valid_count[4],NVP_TRACE_HOST_READ_MUX/diag_rsp_rdata_reg[9]/D,READOUT_PATH
NVP_I2C_R2_OBSERVER/shadow_valid_count[4],NVP_TRACE_HOST_READ_MUX/diag_rsp_rdata_reg[8]/D,READOUT_PATH
NVP_I2C_R2_OBSERVER/shadow_valid_count[4],NVP_TRACE_HOST_READ_MUX/diag_rsp_rdata_reg[27]/D,READOUT_PATH
NVP_I2C_R2_OBSERVER/shadow_valid_count[4],NVP_TRACE_HOST_READ_MUX/diag_rsp_rdata_reg[25]/D,READOUT_PATH
NVP_I2C_R2_OBSERVER/shadow_valid_count[4],NVP_TRACE_HOST_READ_MUX/diag_rsp_rdata_reg[10]/D,READOUT_PATH
NVP_I2C_R2_OBSERVER/shadow_valid_count[4],NVP_TRACE_HOST_READ_MUX/diag_rsp_rdata_reg[31]/D,READOUT_PATH
NVP_I2C_R2_OBSERVER/shadow_valid_count[4],NVP_TRACE_HOST_READ_MUX/diag_rsp_rdata_reg[23]/D,READOUT_PATH
NVP_I2C_R2_OBSERVER/shadow_valid_count[4],NVP_TRACE_HOST_READ_MUX/diag_rsp_rdata_reg[22]/D,READOUT_PATH
NVP_I2C_R2_OBSERVER/shadow_valid_count[4],NVP_TRACE_HOST_READ_MUX/diag_rsp_rdata_reg[21]/D,READOUT_PATH
NVP_I2C_R2_OBSERVER/shadow_valid_count[4],NVP_TRACE_HOST_READ_MUX/diag_rsp_rdata_reg[18]/D,READOUT_PATH
NVP_I2C_R2_OBSERVER/shadow_valid_count[4],NVP_TRACE_HOST_READ_MUX/diag_rsp_rdata_reg[15]/D,READOUT_PATH
NVP_I2C_R2_OBSERVER/shadow_valid_count[4],NVP_TRACE_HOST_READ_MUX/diag_rsp_rdata_reg[12]/D,READOUT_PATH
NVP_I2C_R2_OBSERVER/shadow_valid_count[4],NVP_TRACE_HOST_READ_MUX/diag_rsp_rdata_reg[11]/D,READOUT_PATH
NVP_I2C_R2_OBSERVER/shadow_valid_count[4],NVP_TRACE_HOST_READ_MUX/shadow_read_enable_reg/D,READOUT_PATH
NVP_I2C_R2_OBSERVER/shadow_valid_count[4],NVP_TRACE_HOST_READ_MUX/diag_rsp_rdata_reg[7]/D,READOUT_PATH
NVP_I2C_R2_OBSERVER/shadow_valid_count[4],NVP_TRACE_HOST_READ_MUX/diag_rsp_rdata_reg[6]/D,READOUT_PATH
NVP_I2C_R2_OBSERVER/shadow_valid_count[4],NVP_TRACE_HOST_READ_MUX/diag_rsp_rdata_reg[5]/D,READOUT_PATH
NVP_I2C_R2_OBSERVER/shadow_valid_count[4],NVP_TRACE_HOST_READ_MUX/diag_rsp_rdata_reg[4]/D,READOUT_PATH
NVP_I2C_R2_OBSERVER/shadow_valid_count[4],NVP_TRACE_HOST_READ_MUX/diag_rsp_rdata_reg[3]/D,READOUT_PATH
NVP_I2C_R2_OBSERVER/shadow_valid_count[4],NVP_TRACE_HOST_READ_MUX/diag_rsp_rdata_reg[30]/D,READOUT_PATH
NVP_I2C_R2_OBSERVER/shadow_valid_count[4],NVP_TRACE_HOST_READ_MUX/diag_rsp_rdata_reg[2]/D,READOUT_PATH
NVP_I2C_R2_OBSERVER/shadow_valid_count[4],NVP_TRACE_HOST_READ_MUX/diag_rsp_rdata_reg[28]/D,READOUT_PATH
NVP_I2C_R2_OBSERVER/shadow_valid_count[4],NVP_TRACE_HOST_READ_MUX/diag_rsp_rdata_reg[26]/D,READOUT_PATH
NVP_I2C_R2_OBSERVER/shadow_valid_count[4],NVP_TRACE_HOST_READ_MUX/diag_rsp_rdata_reg[24]/D,READOUT_PATH
NVP_I2C_R2_OBSERVER/shadow_valid_count[4],NVP_TRACE_HOST_READ_MUX/diag_rsp_rdata_reg[20]/D,READOUT_PATH
NVP_I2C_R2_OBSERVER/shadow_valid_count[4],NVP_TRACE_HOST_READ_MUX/diag_rsp_rdata_reg[1]/D,READOUT_PATH
NVP_I2C_R2_OBSERVER/shadow_valid_count[4],NVP_TRACE_HOST_READ_MUX/diag_rsp_rdata_reg[19]/D,READOUT_PATH
NVP_I2C_R2_OBSERVER/shadow_valid_count[4],NVP_TRACE_HOST_READ_MUX/diag_rsp_rdata_reg[17]/D,READOUT_PATH
NVP_I2C_R2_OBSERVER/shadow_valid_count[4],NVP_TRACE_HOST_READ_MUX/diag_rsp_rdata_reg[16]/D,READOUT_PATH
NVP_I2C_R2_OBSERVER/shadow_valid_count[4],NVP_TRACE_HOST_READ_MUX/diag_rsp_rdata_reg[14]/D,READOUT_PATH
NVP_I2C_R2_OBSERVER/shadow_valid_count[4],NVP_TRACE_HOST_READ_MUX/diag_rsp_rdata_reg[13]/D,READOUT_PATH
NVP_I2C_R2_OBSERVER/shadow_valid_count[4],NVP_TRACE_HOST_READ_MUX/diag_rsp_rdata_reg[0]/D,READOUT_PATH
NVP_I2C_R2_OBSERVER/shadow_valid_count[4],NVP_TRACE_HOST_READ_MUX/read_wait_reg[1]/D,READOUT_PATH
NVP_I2C_R2_OBSERVER/shadow_valid_count[5],NVP_TRACE_HOST_READ_MUX/read_wait_reg[0]/D,READOUT_PATH
NVP_I2C_R2_OBSERVER/shadow_valid_count[5],NVP_TRACE_HOST_READ_MUX/read_kind_reg[1]/D,READOUT_PATH
NVP_I2C_R2_OBSERVER/shadow_valid_count[5],NVP_TRACE_HOST_READ_MUX/read_kind_reg[0]/D,READOUT_PATH
NVP_I2C_R2_OBSERVER/shadow_valid_count[5],NVP_TRACE_HOST_READ_MUX/read_word_select_reg[2]/D,READOUT_PATH
NVP_I2C_R2_OBSERVER/shadow_valid_count[5],NVP_TRACE_HOST_READ_MUX/read_word_select_reg[1]/D,READOUT_PATH
NVP_I2C_R2_OBSERVER/shadow_valid_count[5],NVP_TRACE_HOST_READ_MUX/read_word_select_reg[0]/D,READOUT_PATH
NVP_I2C_R2_OBSERVER/shadow_valid_count[5],NVP_TRACE_HOST_READ_MUX/diag_rsp_rdata_reg[29]/D,READOUT_PATH
NVP_I2C_R2_OBSERVER/shadow_valid_count[5],NVP_TRACE_HOST_READ_MUX/diag_rsp_rdata_reg[9]/CE,READOUT_PATH
NVP_I2C_R2_OBSERVER/shadow_valid_count[5],NVP_TRACE_HOST_READ_MUX/diag_rsp_rdata_reg[8]/CE,READOUT_PATH
NVP_I2C_R2_OBSERVER/shadow_valid_count[5],NVP_TRACE_HOST_READ_MUX/diag_rsp_rdata_reg[7]/CE,READOUT_PATH
NVP_I2C_R2_OBSERVER/shadow_valid_count[5],NVP_TRACE_HOST_READ_MUX/diag_rsp_rdata_reg[6]/CE,READOUT_PATH
NVP_I2C_R2_OBSERVER/shadow_valid_count[5],NVP_TRACE_HOST_READ_MUX/diag_rsp_rdata_reg[5]/CE,READOUT_PATH
NVP_I2C_R2_OBSERVER/shadow_valid_count[5],NVP_TRACE_HOST_READ_MUX/diag_rsp_rdata_reg[4]/CE,READOUT_PATH
NVP_I2C_R2_OBSERVER/shadow_valid_count[5],NVP_TRACE_HOST_READ_MUX/diag_rsp_rdata_reg[3]/CE,READOUT_PATH
NVP_I2C_R2_OBSERVER/shadow_valid_count[5],NVP_TRACE_HOST_READ_MUX/diag_rsp_rdata_reg[31]/CE,READOUT_PATH
NVP_I2C_R2_OBSERVER/shadow_valid_count[5],NVP_TRACE_HOST_READ_MUX/diag_rsp_rdata_reg[30]/CE,READOUT_PATH
NVP_I2C_R2_OBSERVER/shadow_valid_count[5],NVP_TRACE_HOST_READ_MUX/diag_rsp_rdata_reg[2]/CE,READOUT_PATH
NVP_I2C_R2_OBSERVER/shadow_valid_count[5],NVP_TRACE_HOST_READ_MUX/diag_rsp_rdata_reg[28]/CE,READOUT_PATH
NVP_I2C_R2_OBSERVER/shadow_valid_count[5],NVP_TRACE_HOST_READ_MUX/diag_rsp_rdata_reg[27]/CE,READOUT_PATH
NVP_I2C_R2_OBSERVER/shadow_valid_count[5],NVP_TRACE_HOST_READ_MUX/diag_rsp_rdata_reg[26]/CE,READOUT_PATH
NVP_I2C_R2_OBSERVER/shadow_valid_count[5],NVP_TRACE_HOST_READ_MUX/diag_rsp_rdata_reg[25]/CE,READOUT_PATH
NVP_I2C_R2_OBSERVER/shadow_valid_count[5],NVP_TRACE_HOST_READ_MUX/diag_rsp_rdata_reg[24]/CE,READOUT_PATH
NVP_I2C_R2_OBSERVER/shadow_valid_count[5],NVP_TRACE_HOST_READ_MUX/diag_rsp_rdata_reg[23]/CE,READOUT_PATH
NVP_I2C_R2_OBSERVER/shadow_valid_count[5],NVP_TRACE_HOST_READ_MUX/diag_rsp_rdata_reg[22]/CE,READOUT_PATH
NVP_I2C_R2_OBSERVER/shadow_valid_count[5],NVP_TRACE_HOST_READ_MUX/diag_rsp_rdata_reg[21]/CE,READOUT_PATH
NVP_I2C_R2_OBSERVER/shadow_valid_count[5],NVP_TRACE_HOST_READ_MUX/diag_rsp_rdata_reg[20]/CE,READOUT_PATH
NVP_I2C_R2_OBSERVER/shadow_valid_count[5],NVP_TRACE_HOST_READ_MUX/diag_rsp_rdata_reg[1]/CE,READOUT_PATH
NVP_I2C_R2_OBSERVER/shadow_valid_count[5],NVP_TRACE_HOST_READ_MUX/diag_rsp_rdata_reg[19]/CE,READOUT_PATH
NVP_I2C_R2_OBSERVER/shadow_valid_count[5],NVP_TRACE_HOST_READ_MUX/diag_rsp_rdata_reg[18]/CE,READOUT_PATH
NVP_I2C_R2_OBSERVER/shadow_valid_count[5],NVP_TRACE_HOST_READ_MUX/diag_rsp_rdata_reg[17]/CE,READOUT_PATH
NVP_I2C_R2_OBSERVER/shadow_valid_count[5],NVP_TRACE_HOST_READ_MUX/diag_rsp_rdata_reg[16]/CE,READOUT_PATH
NVP_I2C_R2_OBSERVER/shadow_valid_count[5],NVP_TRACE_HOST_READ_MUX/diag_rsp_rdata_reg[15]/CE,READOUT_PATH
NVP_I2C_R2_OBSERVER/shadow_valid_count[5],NVP_TRACE_HOST_READ_MUX/diag_rsp_rdata_reg[14]/CE,READOUT_PATH
NVP_I2C_R2_OBSERVER/shadow_valid_count[5],NVP_TRACE_HOST_READ_MUX/diag_rsp_rdata_reg[13]/CE,READOUT_PATH
NVP_I2C_R2_OBSERVER/shadow_valid_count[5],NVP_TRACE_HOST_READ_MUX/diag_rsp_rdata_reg[12]/CE,READOUT_PATH
NVP_I2C_R2_OBSERVER/shadow_valid_count[5],NVP_TRACE_HOST_READ_MUX/diag_rsp_rdata_reg[11]/CE,READOUT_PATH
NVP_I2C_R2_OBSERVER/shadow_valid_count[5],NVP_TRACE_HOST_READ_MUX/diag_rsp_rdata_reg[10]/CE,READOUT_PATH
NVP_I2C_R2_OBSERVER/shadow_valid_count[5],NVP_TRACE_HOST_READ_MUX/diag_rsp_rdata_reg[0]/CE,READOUT_PATH
NVP_I2C_R2_OBSERVER/shadow_valid_count[5],NVP_TRACE_HOST_READ_MUX/diag_rsp_valid_reg/D,READOUT_PATH
NVP_I2C_R2_OBSERVER/shadow_valid_count[5],NVP_TRACE_HOST_READ_MUX/shadow_read_address_reg[7]/CE,READOUT_PATH
NVP_I2C_R2_OBSERVER/shadow_valid_count[5],NVP_TRACE_HOST_READ_MUX/shadow_read_address_reg[6]/CE,READOUT_PATH
NVP_I2C_R2_OBSERVER/shadow_valid_count[5],NVP_TRACE_HOST_READ_MUX/shadow_read_address_reg[5]/CE,READOUT_PATH
NVP_I2C_R2_OBSERVER/shadow_valid_count[5],NVP_TRACE_HOST_READ_MUX/shadow_read_address_reg[4]/CE,READOUT_PATH
NVP_I2C_R2_OBSERVER/shadow_valid_count[5],NVP_TRACE_HOST_READ_MUX/shadow_read_address_reg[3]/CE,READOUT_PATH
NVP_I2C_R2_OBSERVER/shadow_valid_count[5],NVP_TRACE_HOST_READ_MUX/shadow_read_address_reg[2]/CE,READOUT_PATH
NVP_I2C_R2_OBSERVER/shadow_valid_count[5],NVP_TRACE_HOST_READ_MUX/shadow_read_address_reg[1]/CE,READOUT_PATH
NVP_I2C_R2_OBSERVER/shadow_valid_count[5],NVP_TRACE_HOST_READ_MUX/shadow_read_address_reg[0]/CE,READOUT_PATH
NVP_I2C_R2_OBSERVER/shadow_valid_count[5],NVP_TRACE_HOST_READ_MUX/diag_rsp_rdata_reg[9]/D,READOUT_PATH
NVP_I2C_R2_OBSERVER/shadow_valid_count[5],NVP_TRACE_HOST_READ_MUX/diag_rsp_rdata_reg[8]/D,READOUT_PATH
NVP_I2C_R2_OBSERVER/shadow_valid_count[5],NVP_TRACE_HOST_READ_MUX/diag_rsp_rdata_reg[27]/D,READOUT_PATH
NVP_I2C_R2_OBSERVER/shadow_valid_count[5],NVP_TRACE_HOST_READ_MUX/diag_rsp_rdata_reg[25]/D,READOUT_PATH
NVP_I2C_R2_OBSERVER/shadow_valid_count[5],NVP_TRACE_HOST_READ_MUX/diag_rsp_rdata_reg[10]/D,READOUT_PATH
NVP_I2C_R2_OBSERVER/shadow_valid_count[5],NVP_TRACE_HOST_READ_MUX/diag_rsp_rdata_reg[31]/D,READOUT_PATH
NVP_I2C_R2_OBSERVER/shadow_valid_count[5],NVP_TRACE_HOST_READ_MUX/diag_rsp_rdata_reg[23]/D,READOUT_PATH
NVP_I2C_R2_OBSERVER/shadow_valid_count[5],NVP_TRACE_HOST_READ_MUX/diag_rsp_rdata_reg[22]/D,READOUT_PATH
NVP_I2C_R2_OBSERVER/shadow_valid_count[5],NVP_TRACE_HOST_READ_MUX/diag_rsp_rdata_reg[21]/D,READOUT_PATH
NVP_I2C_R2_OBSERVER/shadow_valid_count[5],NVP_TRACE_HOST_READ_MUX/diag_rsp_rdata_reg[18]/D,READOUT_PATH
NVP_I2C_R2_OBSERVER/shadow_valid_count[5],NVP_TRACE_HOST_READ_MUX/diag_rsp_rdata_reg[15]/D,READOUT_PATH
NVP_I2C_R2_OBSERVER/shadow_valid_count[5],NVP_TRACE_HOST_READ_MUX/diag_rsp_rdata_reg[12]/D,READOUT_PATH
NVP_I2C_R2_OBSERVER/shadow_valid_count[5],NVP_TRACE_HOST_READ_MUX/diag_rsp_rdata_reg[11]/D,READOUT_PATH
NVP_I2C_R2_OBSERVER/shadow_valid_count[5],NVP_TRACE_HOST_READ_MUX/shadow_read_enable_reg/D,READOUT_PATH
NVP_I2C_R2_OBSERVER/shadow_valid_count[5],NVP_TRACE_HOST_READ_MUX/diag_rsp_rdata_reg[7]/D,READOUT_PATH
NVP_I2C_R2_OBSERVER/shadow_valid_count[5],NVP_TRACE_HOST_READ_MUX/diag_rsp_rdata_reg[6]/D,READOUT_PATH
NVP_I2C_R2_OBSERVER/shadow_valid_count[5],NVP_TRACE_HOST_READ_MUX/diag_rsp_rdata_reg[5]/D,READOUT_PATH
NVP_I2C_R2_OBSERVER/shadow_valid_count[5],NVP_TRACE_HOST_READ_MUX/diag_rsp_rdata_reg[4]/D,READOUT_PATH
NVP_I2C_R2_OBSERVER/shadow_valid_count[5],NVP_TRACE_HOST_READ_MUX/diag_rsp_rdata_reg[3]/D,READOUT_PATH
NVP_I2C_R2_OBSERVER/shadow_valid_count[5],NVP_TRACE_HOST_READ_MUX/diag_rsp_rdata_reg[30]/D,READOUT_PATH
NVP_I2C_R2_OBSERVER/shadow_valid_count[5],NVP_TRACE_HOST_READ_MUX/diag_rsp_rdata_reg[2]/D,READOUT_PATH
NVP_I2C_R2_OBSERVER/shadow_valid_count[5],NVP_TRACE_HOST_READ_MUX/diag_rsp_rdata_reg[28]/D,READOUT_PATH
NVP_I2C_R2_OBSERVER/shadow_valid_count[5],NVP_TRACE_HOST_READ_MUX/diag_rsp_rdata_reg[26]/D,READOUT_PATH
NVP_I2C_R2_OBSERVER/shadow_valid_count[5],NVP_TRACE_HOST_READ_MUX/diag_rsp_rdata_reg[24]/D,READOUT_PATH
NVP_I2C_R2_OBSERVER/shadow_valid_count[5],NVP_TRACE_HOST_READ_MUX/diag_rsp_rdata_reg[20]/D,READOUT_PATH
NVP_I2C_R2_OBSERVER/shadow_valid_count[5],NVP_TRACE_HOST_READ_MUX/diag_rsp_rdata_reg[1]/D,READOUT_PATH
NVP_I2C_R2_OBSERVER/shadow_valid_count[5],NVP_TRACE_HOST_READ_MUX/diag_rsp_rdata_reg[19]/D,READOUT_PATH
NVP_I2C_R2_OBSERVER/shadow_valid_count[5],NVP_TRACE_HOST_READ_MUX/diag_rsp_rdata_reg[17]/D,READOUT_PATH
NVP_I2C_R2_OBSERVER/shadow_valid_count[5],NVP_TRACE_HOST_READ_MUX/diag_rsp_rdata_reg[16]/D,READOUT_PATH
NVP_I2C_R2_OBSERVER/shadow_valid_count[5],NVP_TRACE_HOST_READ_MUX/diag_rsp_rdata_reg[14]/D,READOUT_PATH
NVP_I2C_R2_OBSERVER/shadow_valid_count[5],NVP_TRACE_HOST_READ_MUX/diag_rsp_rdata_reg[13]/D,READOUT_PATH
NVP_I2C_R2_OBSERVER/shadow_valid_count[5],NVP_TRACE_HOST_READ_MUX/diag_rsp_rdata_reg[0]/D,READOUT_PATH
NVP_I2C_R2_OBSERVER/shadow_valid_count[5],NVP_TRACE_HOST_READ_MUX/read_wait_reg[1]/D,READOUT_PATH
NVP_I2C_R2_OBSERVER/shadow_valid_count[6],NVP_TRACE_HOST_READ_MUX/read_wait_reg[0]/D,READOUT_PATH
NVP_I2C_R2_OBSERVER/shadow_valid_count[6],NVP_TRACE_HOST_READ_MUX/read_kind_reg[1]/D,READOUT_PATH
NVP_I2C_R2_OBSERVER/shadow_valid_count[6],NVP_TRACE_HOST_READ_MUX/read_kind_reg[0]/D,READOUT_PATH
NVP_I2C_R2_OBSERVER/shadow_valid_count[6],NVP_TRACE_HOST_READ_MUX/read_word_select_reg[2]/D,READOUT_PATH
NVP_I2C_R2_OBSERVER/shadow_valid_count[6],NVP_TRACE_HOST_READ_MUX/read_word_select_reg[1]/D,READOUT_PATH
NVP_I2C_R2_OBSERVER/shadow_valid_count[6],NVP_TRACE_HOST_READ_MUX/read_word_select_reg[0]/D,READOUT_PATH
NVP_I2C_R2_OBSERVER/shadow_valid_count[6],NVP_TRACE_HOST_READ_MUX/diag_rsp_rdata_reg[29]/D,READOUT_PATH
NVP_I2C_R2_OBSERVER/shadow_valid_count[6],NVP_TRACE_HOST_READ_MUX/diag_rsp_rdata_reg[9]/CE,READOUT_PATH
NVP_I2C_R2_OBSERVER/shadow_valid_count[6],NVP_TRACE_HOST_READ_MUX/diag_rsp_rdata_reg[8]/CE,READOUT_PATH
NVP_I2C_R2_OBSERVER/shadow_valid_count[6],NVP_TRACE_HOST_READ_MUX/diag_rsp_rdata_reg[7]/CE,READOUT_PATH
NVP_I2C_R2_OBSERVER/shadow_valid_count[6],NVP_TRACE_HOST_READ_MUX/diag_rsp_rdata_reg[6]/CE,READOUT_PATH
NVP_I2C_R2_OBSERVER/shadow_valid_count[6],NVP_TRACE_HOST_READ_MUX/diag_rsp_rdata_reg[5]/CE,READOUT_PATH
NVP_I2C_R2_OBSERVER/shadow_valid_count[6],NVP_TRACE_HOST_READ_MUX/diag_rsp_rdata_reg[4]/CE,READOUT_PATH
NVP_I2C_R2_OBSERVER/shadow_valid_count[6],NVP_TRACE_HOST_READ_MUX/diag_rsp_rdata_reg[3]/CE,READOUT_PATH
NVP_I2C_R2_OBSERVER/shadow_valid_count[6],NVP_TRACE_HOST_READ_MUX/diag_rsp_rdata_reg[31]/CE,READOUT_PATH
NVP_I2C_R2_OBSERVER/shadow_valid_count[6],NVP_TRACE_HOST_READ_MUX/diag_rsp_rdata_reg[30]/CE,READOUT_PATH
NVP_I2C_R2_OBSERVER/shadow_valid_count[6],NVP_TRACE_HOST_READ_MUX/diag_rsp_rdata_reg[2]/CE,READOUT_PATH
NVP_I2C_R2_OBSERVER/shadow_valid_count[6],NVP_TRACE_HOST_READ_MUX/diag_rsp_rdata_reg[28]/CE,READOUT_PATH
NVP_I2C_R2_OBSERVER/shadow_valid_count[6],NVP_TRACE_HOST_READ_MUX/diag_rsp_rdata_reg[27]/CE,READOUT_PATH
NVP_I2C_R2_OBSERVER/shadow_valid_count[6],NVP_TRACE_HOST_READ_MUX/diag_rsp_rdata_reg[26]/CE,READOUT_PATH
NVP_I2C_R2_OBSERVER/shadow_valid_count[6],NVP_TRACE_HOST_READ_MUX/diag_rsp_rdata_reg[25]/CE,READOUT_PATH
NVP_I2C_R2_OBSERVER/shadow_valid_count[6],NVP_TRACE_HOST_READ_MUX/diag_rsp_rdata_reg[24]/CE,READOUT_PATH
NVP_I2C_R2_OBSERVER/shadow_valid_count[6],NVP_TRACE_HOST_READ_MUX/diag_rsp_rdata_reg[23]/CE,READOUT_PATH
NVP_I2C_R2_OBSERVER/shadow_valid_count[6],NVP_TRACE_HOST_READ_MUX/diag_rsp_rdata_reg[22]/CE,READOUT_PATH
NVP_I2C_R2_OBSERVER/shadow_valid_count[6],NVP_TRACE_HOST_READ_MUX/diag_rsp_rdata_reg[21]/CE,READOUT_PATH
NVP_I2C_R2_OBSERVER/shadow_valid_count[6],NVP_TRACE_HOST_READ_MUX/diag_rsp_rdata_reg[20]/CE,READOUT_PATH
NVP_I2C_R2_OBSERVER/shadow_valid_count[6],NVP_TRACE_HOST_READ_MUX/diag_rsp_rdata_reg[1]/CE,READOUT_PATH
NVP_I2C_R2_OBSERVER/shadow_valid_count[6],NVP_TRACE_HOST_READ_MUX/diag_rsp_rdata_reg[19]/CE,READOUT_PATH
NVP_I2C_R2_OBSERVER/shadow_valid_count[6],NVP_TRACE_HOST_READ_MUX/diag_rsp_rdata_reg[18]/CE,READOUT_PATH
NVP_I2C_R2_OBSERVER/shadow_valid_count[6],NVP_TRACE_HOST_READ_MUX/diag_rsp_rdata_reg[17]/CE,READOUT_PATH
NVP_I2C_R2_OBSERVER/shadow_valid_count[6],NVP_TRACE_HOST_READ_MUX/diag_rsp_rdata_reg[16]/CE,READOUT_PATH
NVP_I2C_R2_OBSERVER/shadow_valid_count[6],NVP_TRACE_HOST_READ_MUX/diag_rsp_rdata_reg[15]/CE,READOUT_PATH
NVP_I2C_R2_OBSERVER/shadow_valid_count[6],NVP_TRACE_HOST_READ_MUX/diag_rsp_rdata_reg[14]/CE,READOUT_PATH
NVP_I2C_R2_OBSERVER/shadow_valid_count[6],NVP_TRACE_HOST_READ_MUX/diag_rsp_rdata_reg[13]/CE,READOUT_PATH
NVP_I2C_R2_OBSERVER/shadow_valid_count[6],NVP_TRACE_HOST_READ_MUX/diag_rsp_rdata_reg[12]/CE,READOUT_PATH
NVP_I2C_R2_OBSERVER/shadow_valid_count[6],NVP_TRACE_HOST_READ_MUX/diag_rsp_rdata_reg[11]/CE,READOUT_PATH
NVP_I2C_R2_OBSERVER/shadow_valid_count[6],NVP_TRACE_HOST_READ_MUX/diag_rsp_rdata_reg[10]/CE,READOUT_PATH
NVP_I2C_R2_OBSERVER/shadow_valid_count[6],NVP_TRACE_HOST_READ_MUX/diag_rsp_rdata_reg[0]/CE,READOUT_PATH
NVP_I2C_R2_OBSERVER/shadow_valid_count[6],NVP_TRACE_HOST_READ_MUX/diag_rsp_valid_reg/D,READOUT_PATH
NVP_I2C_R2_OBSERVER/shadow_valid_count[6],NVP_TRACE_HOST_READ_MUX/shadow_read_address_reg[7]/CE,READOUT_PATH
NVP_I2C_R2_OBSERVER/shadow_valid_count[6],NVP_TRACE_HOST_READ_MUX/shadow_read_address_reg[6]/CE,READOUT_PATH
NVP_I2C_R2_OBSERVER/shadow_valid_count[6],NVP_TRACE_HOST_READ_MUX/shadow_read_address_reg[5]/CE,READOUT_PATH
NVP_I2C_R2_OBSERVER/shadow_valid_count[6],NVP_TRACE_HOST_READ_MUX/shadow_read_address_reg[4]/CE,READOUT_PATH
NVP_I2C_R2_OBSERVER/shadow_valid_count[6],NVP_TRACE_HOST_READ_MUX/shadow_read_address_reg[3]/CE,READOUT_PATH
NVP_I2C_R2_OBSERVER/shadow_valid_count[6],NVP_TRACE_HOST_READ_MUX/shadow_read_address_reg[2]/CE,READOUT_PATH
NVP_I2C_R2_OBSERVER/shadow_valid_count[6],NVP_TRACE_HOST_READ_MUX/shadow_read_address_reg[1]/CE,READOUT_PATH
NVP_I2C_R2_OBSERVER/shadow_valid_count[6],NVP_TRACE_HOST_READ_MUX/shadow_read_address_reg[0]/CE,READOUT_PATH
NVP_I2C_R2_OBSERVER/shadow_valid_count[6],NVP_TRACE_HOST_READ_MUX/diag_rsp_rdata_reg[9]/D,READOUT_PATH
NVP_I2C_R2_OBSERVER/shadow_valid_count[6],NVP_TRACE_HOST_READ_MUX/diag_rsp_rdata_reg[8]/D,READOUT_PATH
NVP_I2C_R2_OBSERVER/shadow_valid_count[6],NVP_TRACE_HOST_READ_MUX/diag_rsp_rdata_reg[27]/D,READOUT_PATH
NVP_I2C_R2_OBSERVER/shadow_valid_count[6],NVP_TRACE_HOST_READ_MUX/diag_rsp_rdata_reg[25]/D,READOUT_PATH
NVP_I2C_R2_OBSERVER/shadow_valid_count[6],NVP_TRACE_HOST_READ_MUX/diag_rsp_rdata_reg[10]/D,READOUT_PATH
NVP_I2C_R2_OBSERVER/shadow_valid_count[6],NVP_TRACE_HOST_READ_MUX/diag_rsp_rdata_reg[31]/D,READOUT_PATH
NVP_I2C_R2_OBSERVER/shadow_valid_count[6],NVP_TRACE_HOST_READ_MUX/diag_rsp_rdata_reg[23]/D,READOUT_PATH
NVP_I2C_R2_OBSERVER/shadow_valid_count[6],NVP_TRACE_HOST_READ_MUX/diag_rsp_rdata_reg[22]/D,READOUT_PATH
NVP_I2C_R2_OBSERVER/shadow_valid_count[6],NVP_TRACE_HOST_READ_MUX/diag_rsp_rdata_reg[21]/D,READOUT_PATH
NVP_I2C_R2_OBSERVER/shadow_valid_count[6],NVP_TRACE_HOST_READ_MUX/diag_rsp_rdata_reg[18]/D,READOUT_PATH
NVP_I2C_R2_OBSERVER/shadow_valid_count[6],NVP_TRACE_HOST_READ_MUX/diag_rsp_rdata_reg[15]/D,READOUT_PATH
NVP_I2C_R2_OBSERVER/shadow_valid_count[6],NVP_TRACE_HOST_READ_MUX/diag_rsp_rdata_reg[12]/D,READOUT_PATH
NVP_I2C_R2_OBSERVER/shadow_valid_count[6],NVP_TRACE_HOST_READ_MUX/diag_rsp_rdata_reg[11]/D,READOUT_PATH
NVP_I2C_R2_OBSERVER/shadow_valid_count[6],NVP_TRACE_HOST_READ_MUX/shadow_read_enable_reg/D,READOUT_PATH
NVP_I2C_R2_OBSERVER/shadow_valid_count[6],NVP_TRACE_HOST_READ_MUX/diag_rsp_rdata_reg[7]/D,READOUT_PATH
NVP_I2C_R2_OBSERVER/shadow_valid_count[6],NVP_TRACE_HOST_READ_MUX/diag_rsp_rdata_reg[6]/D,READOUT_PATH
NVP_I2C_R2_OBSERVER/shadow_valid_count[6],NVP_TRACE_HOST_READ_MUX/diag_rsp_rdata_reg[5]/D,READOUT_PATH
NVP_I2C_R2_OBSERVER/shadow_valid_count[6],NVP_TRACE_HOST_READ_MUX/diag_rsp_rdata_reg[4]/D,READOUT_PATH
NVP_I2C_R2_OBSERVER/shadow_valid_count[6],NVP_TRACE_HOST_READ_MUX/diag_rsp_rdata_reg[3]/D,READOUT_PATH
NVP_I2C_R2_OBSERVER/shadow_valid_count[6],NVP_TRACE_HOST_READ_MUX/diag_rsp_rdata_reg[30]/D,READOUT_PATH
NVP_I2C_R2_OBSERVER/shadow_valid_count[6],NVP_TRACE_HOST_READ_MUX/diag_rsp_rdata_reg[2]/D,READOUT_PATH
NVP_I2C_R2_OBSERVER/shadow_valid_count[6],NVP_TRACE_HOST_READ_MUX/diag_rsp_rdata_reg[28]/D,READOUT_PATH
NVP_I2C_R2_OBSERVER/shadow_valid_count[6],NVP_TRACE_HOST_READ_MUX/diag_rsp_rdata_reg[26]/D,READOUT_PATH
NVP_I2C_R2_OBSERVER/shadow_valid_count[6],NVP_TRACE_HOST_READ_MUX/diag_rsp_rdata_reg[24]/D,READOUT_PATH
NVP_I2C_R2_OBSERVER/shadow_valid_count[6],NVP_TRACE_HOST_READ_MUX/diag_rsp_rdata_reg[20]/D,READOUT_PATH
NVP_I2C_R2_OBSERVER/shadow_valid_count[6],NVP_TRACE_HOST_READ_MUX/diag_rsp_rdata_reg[1]/D,READOUT_PATH
NVP_I2C_R2_OBSERVER/shadow_valid_count[6],NVP_TRACE_HOST_READ_MUX/diag_rsp_rdata_reg[19]/D,READOUT_PATH
NVP_I2C_R2_OBSERVER/shadow_valid_count[6],NVP_TRACE_HOST_READ_MUX/diag_rsp_rdata_reg[17]/D,READOUT_PATH
NVP_I2C_R2_OBSERVER/shadow_valid_count[6],NVP_TRACE_HOST_READ_MUX/diag_rsp_rdata_reg[16]/D,READOUT_PATH
NVP_I2C_R2_OBSERVER/shadow_valid_count[6],NVP_TRACE_HOST_READ_MUX/diag_rsp_rdata_reg[14]/D,READOUT_PATH
NVP_I2C_R2_OBSERVER/shadow_valid_count[6],NVP_TRACE_HOST_READ_MUX/diag_rsp_rdata_reg[13]/D,READOUT_PATH
NVP_I2C_R2_OBSERVER/shadow_valid_count[6],NVP_TRACE_HOST_READ_MUX/diag_rsp_rdata_reg[0]/D,READOUT_PATH
NVP_I2C_R2_OBSERVER/shadow_valid_count[6],NVP_TRACE_HOST_READ_MUX/read_wait_reg[1]/D,READOUT_PATH
NVP_I2C_R2_OBSERVER/shadow_valid_count[7],NVP_TRACE_HOST_READ_MUX/read_wait_reg[0]/D,READOUT_PATH
NVP_I2C_R2_OBSERVER/shadow_valid_count[7],NVP_TRACE_HOST_READ_MUX/read_kind_reg[1]/D,READOUT_PATH
NVP_I2C_R2_OBSERVER/shadow_valid_count[7],NVP_TRACE_HOST_READ_MUX/read_kind_reg[0]/D,READOUT_PATH
NVP_I2C_R2_OBSERVER/shadow_valid_count[7],NVP_TRACE_HOST_READ_MUX/read_word_select_reg[2]/D,READOUT_PATH
NVP_I2C_R2_OBSERVER/shadow_valid_count[7],NVP_TRACE_HOST_READ_MUX/read_word_select_reg[1]/D,READOUT_PATH
NVP_I2C_R2_OBSERVER/shadow_valid_count[7],NVP_TRACE_HOST_READ_MUX/read_word_select_reg[0]/D,READOUT_PATH
NVP_I2C_R2_OBSERVER/shadow_valid_count[7],NVP_TRACE_HOST_READ_MUX/diag_rsp_rdata_reg[29]/D,READOUT_PATH
NVP_I2C_R2_OBSERVER/shadow_valid_count[7],NVP_TRACE_HOST_READ_MUX/diag_rsp_rdata_reg[9]/CE,READOUT_PATH
NVP_I2C_R2_OBSERVER/shadow_valid_count[7],NVP_TRACE_HOST_READ_MUX/diag_rsp_rdata_reg[8]/CE,READOUT_PATH
NVP_I2C_R2_OBSERVER/shadow_valid_count[7],NVP_TRACE_HOST_READ_MUX/diag_rsp_rdata_reg[7]/CE,READOUT_PATH
NVP_I2C_R2_OBSERVER/shadow_valid_count[7],NVP_TRACE_HOST_READ_MUX/diag_rsp_rdata_reg[6]/CE,READOUT_PATH
NVP_I2C_R2_OBSERVER/shadow_valid_count[7],NVP_TRACE_HOST_READ_MUX/diag_rsp_rdata_reg[5]/CE,READOUT_PATH
NVP_I2C_R2_OBSERVER/shadow_valid_count[7],NVP_TRACE_HOST_READ_MUX/diag_rsp_rdata_reg[4]/CE,READOUT_PATH
NVP_I2C_R2_OBSERVER/shadow_valid_count[7],NVP_TRACE_HOST_READ_MUX/diag_rsp_rdata_reg[3]/CE,READOUT_PATH
NVP_I2C_R2_OBSERVER/shadow_valid_count[7],NVP_TRACE_HOST_READ_MUX/diag_rsp_rdata_reg[31]/CE,READOUT_PATH
NVP_I2C_R2_OBSERVER/shadow_valid_count[7],NVP_TRACE_HOST_READ_MUX/diag_rsp_rdata_reg[30]/CE,READOUT_PATH
NVP_I2C_R2_OBSERVER/shadow_valid_count[7],NVP_TRACE_HOST_READ_MUX/diag_rsp_rdata_reg[2]/CE,READOUT_PATH
NVP_I2C_R2_OBSERVER/shadow_valid_count[7],NVP_TRACE_HOST_READ_MUX/diag_rsp_rdata_reg[28]/CE,READOUT_PATH
NVP_I2C_R2_OBSERVER/shadow_valid_count[7],NVP_TRACE_HOST_READ_MUX/diag_rsp_rdata_reg[27]/CE,READOUT_PATH
NVP_I2C_R2_OBSERVER/shadow_valid_count[7],NVP_TRACE_HOST_READ_MUX/diag_rsp_rdata_reg[26]/CE,READOUT_PATH
NVP_I2C_R2_OBSERVER/shadow_valid_count[7],NVP_TRACE_HOST_READ_MUX/diag_rsp_rdata_reg[25]/CE,READOUT_PATH
NVP_I2C_R2_OBSERVER/shadow_valid_count[7],NVP_TRACE_HOST_READ_MUX/diag_rsp_rdata_reg[24]/CE,READOUT_PATH
NVP_I2C_R2_OBSERVER/shadow_valid_count[7],NVP_TRACE_HOST_READ_MUX/diag_rsp_rdata_reg[23]/CE,READOUT_PATH
NVP_I2C_R2_OBSERVER/shadow_valid_count[7],NVP_TRACE_HOST_READ_MUX/diag_rsp_rdata_reg[22]/CE,READOUT_PATH
NVP_I2C_R2_OBSERVER/shadow_valid_count[7],NVP_TRACE_HOST_READ_MUX/diag_rsp_rdata_reg[21]/CE,READOUT_PATH
NVP_I2C_R2_OBSERVER/shadow_valid_count[7],NVP_TRACE_HOST_READ_MUX/diag_rsp_rdata_reg[20]/CE,READOUT_PATH
NVP_I2C_R2_OBSERVER/shadow_valid_count[7],NVP_TRACE_HOST_READ_MUX/diag_rsp_rdata_reg[1]/CE,READOUT_PATH
NVP_I2C_R2_OBSERVER/shadow_valid_count[7],NVP_TRACE_HOST_READ_MUX/diag_rsp_rdata_reg[19]/CE,READOUT_PATH
NVP_I2C_R2_OBSERVER/shadow_valid_count[7],NVP_TRACE_HOST_READ_MUX/diag_rsp_rdata_reg[18]/CE,READOUT_PATH
NVP_I2C_R2_OBSERVER/shadow_valid_count[7],NVP_TRACE_HOST_READ_MUX/diag_rsp_rdata_reg[17]/CE,READOUT_PATH
NVP_I2C_R2_OBSERVER/shadow_valid_count[7],NVP_TRACE_HOST_READ_MUX/diag_rsp_rdata_reg[16]/CE,READOUT_PATH
NVP_I2C_R2_OBSERVER/shadow_valid_count[7],NVP_TRACE_HOST_READ_MUX/diag_rsp_rdata_reg[15]/CE,READOUT_PATH
NVP_I2C_R2_OBSERVER/shadow_valid_count[7],NVP_TRACE_HOST_READ_MUX/diag_rsp_rdata_reg[14]/CE,READOUT_PATH
NVP_I2C_R2_OBSERVER/shadow_valid_count[7],NVP_TRACE_HOST_READ_MUX/diag_rsp_rdata_reg[13]/CE,READOUT_PATH
NVP_I2C_R2_OBSERVER/shadow_valid_count[7],NVP_TRACE_HOST_READ_MUX/diag_rsp_rdata_reg[12]/CE,READOUT_PATH
NVP_I2C_R2_OBSERVER/shadow_valid_count[7],NVP_TRACE_HOST_READ_MUX/diag_rsp_rdata_reg[11]/CE,READOUT_PATH
NVP_I2C_R2_OBSERVER/shadow_valid_count[7],NVP_TRACE_HOST_READ_MUX/diag_rsp_rdata_reg[10]/CE,READOUT_PATH
NVP_I2C_R2_OBSERVER/shadow_valid_count[7],NVP_TRACE_HOST_READ_MUX/diag_rsp_rdata_reg[0]/CE,READOUT_PATH
NVP_I2C_R2_OBSERVER/shadow_valid_count[7],NVP_TRACE_HOST_READ_MUX/diag_rsp_valid_reg/D,READOUT_PATH
NVP_I2C_R2_OBSERVER/shadow_valid_count[7],NVP_TRACE_HOST_READ_MUX/shadow_read_address_reg[7]/CE,READOUT_PATH
NVP_I2C_R2_OBSERVER/shadow_valid_count[7],NVP_TRACE_HOST_READ_MUX/shadow_read_address_reg[6]/CE,READOUT_PATH
NVP_I2C_R2_OBSERVER/shadow_valid_count[7],NVP_TRACE_HOST_READ_MUX/shadow_read_address_reg[5]/CE,READOUT_PATH
NVP_I2C_R2_OBSERVER/shadow_valid_count[7],NVP_TRACE_HOST_READ_MUX/shadow_read_address_reg[4]/CE,READOUT_PATH
NVP_I2C_R2_OBSERVER/shadow_valid_count[7],NVP_TRACE_HOST_READ_MUX/shadow_read_address_reg[3]/CE,READOUT_PATH
NVP_I2C_R2_OBSERVER/shadow_valid_count[7],NVP_TRACE_HOST_READ_MUX/shadow_read_address_reg[2]/CE,READOUT_PATH
NVP_I2C_R2_OBSERVER/shadow_valid_count[7],NVP_TRACE_HOST_READ_MUX/shadow_read_address_reg[1]/CE,READOUT_PATH
NVP_I2C_R2_OBSERVER/shadow_valid_count[7],NVP_TRACE_HOST_READ_MUX/shadow_read_address_reg[0]/CE,READOUT_PATH
NVP_I2C_R2_OBSERVER/shadow_valid_count[7],NVP_TRACE_HOST_READ_MUX/diag_rsp_rdata_reg[9]/D,READOUT_PATH
NVP_I2C_R2_OBSERVER/shadow_valid_count[7],NVP_TRACE_HOST_READ_MUX/diag_rsp_rdata_reg[8]/D,READOUT_PATH
NVP_I2C_R2_OBSERVER/shadow_valid_count[7],NVP_TRACE_HOST_READ_MUX/diag_rsp_rdata_reg[27]/D,READOUT_PATH
NVP_I2C_R2_OBSERVER/shadow_valid_count[7],NVP_TRACE_HOST_READ_MUX/diag_rsp_rdata_reg[25]/D,READOUT_PATH
NVP_I2C_R2_OBSERVER/shadow_valid_count[7],NVP_TRACE_HOST_READ_MUX/diag_rsp_rdata_reg[10]/D,READOUT_PATH
NVP_I2C_R2_OBSERVER/shadow_valid_count[7],NVP_TRACE_HOST_READ_MUX/diag_rsp_rdata_reg[31]/D,READOUT_PATH
NVP_I2C_R2_OBSERVER/shadow_valid_count[7],NVP_TRACE_HOST_READ_MUX/diag_rsp_rdata_reg[23]/D,READOUT_PATH
NVP_I2C_R2_OBSERVER/shadow_valid_count[7],NVP_TRACE_HOST_READ_MUX/diag_rsp_rdata_reg[22]/D,READOUT_PATH
NVP_I2C_R2_OBSERVER/shadow_valid_count[7],NVP_TRACE_HOST_READ_MUX/diag_rsp_rdata_reg[21]/D,READOUT_PATH
NVP_I2C_R2_OBSERVER/shadow_valid_count[7],NVP_TRACE_HOST_READ_MUX/diag_rsp_rdata_reg[18]/D,READOUT_PATH
NVP_I2C_R2_OBSERVER/shadow_valid_count[7],NVP_TRACE_HOST_READ_MUX/diag_rsp_rdata_reg[15]/D,READOUT_PATH
NVP_I2C_R2_OBSERVER/shadow_valid_count[7],NVP_TRACE_HOST_READ_MUX/diag_rsp_rdata_reg[12]/D,READOUT_PATH
NVP_I2C_R2_OBSERVER/shadow_valid_count[7],NVP_TRACE_HOST_READ_MUX/diag_rsp_rdata_reg[11]/D,READOUT_PATH
NVP_I2C_R2_OBSERVER/shadow_valid_count[7],NVP_TRACE_HOST_READ_MUX/shadow_read_enable_reg/D,READOUT_PATH
NVP_I2C_R2_OBSERVER/shadow_valid_count[7],NVP_TRACE_HOST_READ_MUX/diag_rsp_rdata_reg[7]/D,READOUT_PATH
NVP_I2C_R2_OBSERVER/shadow_valid_count[7],NVP_TRACE_HOST_READ_MUX/diag_rsp_rdata_reg[6]/D,READOUT_PATH
NVP_I2C_R2_OBSERVER/shadow_valid_count[7],NVP_TRACE_HOST_READ_MUX/diag_rsp_rdata_reg[5]/D,READOUT_PATH
NVP_I2C_R2_OBSERVER/shadow_valid_count[7],NVP_TRACE_HOST_READ_MUX/diag_rsp_rdata_reg[4]/D,READOUT_PATH
NVP_I2C_R2_OBSERVER/shadow_valid_count[7],NVP_TRACE_HOST_READ_MUX/diag_rsp_rdata_reg[3]/D,READOUT_PATH
NVP_I2C_R2_OBSERVER/shadow_valid_count[7],NVP_TRACE_HOST_READ_MUX/diag_rsp_rdata_reg[30]/D,READOUT_PATH
NVP_I2C_R2_OBSERVER/shadow_valid_count[7],NVP_TRACE_HOST_READ_MUX/diag_rsp_rdata_reg[2]/D,READOUT_PATH
NVP_I2C_R2_OBSERVER/shadow_valid_count[7],NVP_TRACE_HOST_READ_MUX/diag_rsp_rdata_reg[28]/D,READOUT_PATH
NVP_I2C_R2_OBSERVER/shadow_valid_count[7],NVP_TRACE_HOST_READ_MUX/diag_rsp_rdata_reg[26]/D,READOUT_PATH
NVP_I2C_R2_OBSERVER/shadow_valid_count[7],NVP_TRACE_HOST_READ_MUX/diag_rsp_rdata_reg[24]/D,READOUT_PATH
NVP_I2C_R2_OBSERVER/shadow_valid_count[7],NVP_TRACE_HOST_READ_MUX/diag_rsp_rdata_reg[20]/D,READOUT_PATH
NVP_I2C_R2_OBSERVER/shadow_valid_count[7],NVP_TRACE_HOST_READ_MUX/diag_rsp_rdata_reg[1]/D,READOUT_PATH
NVP_I2C_R2_OBSERVER/shadow_valid_count[7],NVP_TRACE_HOST_READ_MUX/diag_rsp_rdata_reg[19]/D,READOUT_PATH
NVP_I2C_R2_OBSERVER/shadow_valid_count[7],NVP_TRACE_HOST_READ_MUX/diag_rsp_rdata_reg[17]/D,READOUT_PATH
NVP_I2C_R2_OBSERVER/shadow_valid_count[7],NVP_TRACE_HOST_READ_MUX/diag_rsp_rdata_reg[16]/D,READOUT_PATH
NVP_I2C_R2_OBSERVER/shadow_valid_count[7],NVP_TRACE_HOST_READ_MUX/diag_rsp_rdata_reg[14]/D,READOUT_PATH
NVP_I2C_R2_OBSERVER/shadow_valid_count[7],NVP_TRACE_HOST_READ_MUX/diag_rsp_rdata_reg[13]/D,READOUT_PATH
NVP_I2C_R2_OBSERVER/shadow_valid_count[7],NVP_TRACE_HOST_READ_MUX/diag_rsp_rdata_reg[0]/D,READOUT_PATH
NVP_I2C_R2_OBSERVER/shadow_valid_count[7],NVP_TRACE_HOST_READ_MUX/read_wait_reg[1]/D,READOUT_PATH
NVP_I2C_R2_OBSERVER/shadow_valid_count[8],NVP_TRACE_HOST_READ_MUX/read_wait_reg[0]/D,READOUT_PATH
NVP_I2C_R2_OBSERVER/shadow_valid_count[8],NVP_TRACE_HOST_READ_MUX/read_kind_reg[1]/D,READOUT_PATH
NVP_I2C_R2_OBSERVER/shadow_valid_count[8],NVP_TRACE_HOST_READ_MUX/read_kind_reg[0]/D,READOUT_PATH
NVP_I2C_R2_OBSERVER/shadow_valid_count[8],NVP_TRACE_HOST_READ_MUX/read_word_select_reg[2]/D,READOUT_PATH
NVP_I2C_R2_OBSERVER/shadow_valid_count[8],NVP_TRACE_HOST_READ_MUX/read_word_select_reg[1]/D,READOUT_PATH
NVP_I2C_R2_OBSERVER/shadow_valid_count[8],NVP_TRACE_HOST_READ_MUX/read_word_select_reg[0]/D,READOUT_PATH
NVP_I2C_R2_OBSERVER/shadow_valid_count[8],NVP_TRACE_HOST_READ_MUX/diag_rsp_rdata_reg[29]/D,READOUT_PATH
NVP_I2C_R2_OBSERVER/shadow_valid_count[8],NVP_TRACE_HOST_READ_MUX/diag_rsp_rdata_reg[9]/CE,READOUT_PATH
NVP_I2C_R2_OBSERVER/shadow_valid_count[8],NVP_TRACE_HOST_READ_MUX/diag_rsp_rdata_reg[8]/CE,READOUT_PATH
NVP_I2C_R2_OBSERVER/shadow_valid_count[8],NVP_TRACE_HOST_READ_MUX/diag_rsp_rdata_reg[7]/CE,READOUT_PATH
NVP_I2C_R2_OBSERVER/shadow_valid_count[8],NVP_TRACE_HOST_READ_MUX/diag_rsp_rdata_reg[6]/CE,READOUT_PATH
NVP_I2C_R2_OBSERVER/shadow_valid_count[8],NVP_TRACE_HOST_READ_MUX/diag_rsp_rdata_reg[5]/CE,READOUT_PATH
NVP_I2C_R2_OBSERVER/shadow_valid_count[8],NVP_TRACE_HOST_READ_MUX/diag_rsp_rdata_reg[4]/CE,READOUT_PATH
NVP_I2C_R2_OBSERVER/shadow_valid_count[8],NVP_TRACE_HOST_READ_MUX/diag_rsp_rdata_reg[3]/CE,READOUT_PATH
NVP_I2C_R2_OBSERVER/shadow_valid_count[8],NVP_TRACE_HOST_READ_MUX/diag_rsp_rdata_reg[31]/CE,READOUT_PATH
NVP_I2C_R2_OBSERVER/shadow_valid_count[8],NVP_TRACE_HOST_READ_MUX/diag_rsp_rdata_reg[30]/CE,READOUT_PATH
NVP_I2C_R2_OBSERVER/shadow_valid_count[8],NVP_TRACE_HOST_READ_MUX/diag_rsp_rdata_reg[2]/CE,READOUT_PATH
NVP_I2C_R2_OBSERVER/shadow_valid_count[8],NVP_TRACE_HOST_READ_MUX/diag_rsp_rdata_reg[28]/CE,READOUT_PATH
NVP_I2C_R2_OBSERVER/shadow_valid_count[8],NVP_TRACE_HOST_READ_MUX/diag_rsp_rdata_reg[27]/CE,READOUT_PATH
NVP_I2C_R2_OBSERVER/shadow_valid_count[8],NVP_TRACE_HOST_READ_MUX/diag_rsp_rdata_reg[26]/CE,READOUT_PATH
NVP_I2C_R2_OBSERVER/shadow_valid_count[8],NVP_TRACE_HOST_READ_MUX/diag_rsp_rdata_reg[25]/CE,READOUT_PATH
NVP_I2C_R2_OBSERVER/shadow_valid_count[8],NVP_TRACE_HOST_READ_MUX/diag_rsp_rdata_reg[24]/CE,READOUT_PATH
NVP_I2C_R2_OBSERVER/shadow_valid_count[8],NVP_TRACE_HOST_READ_MUX/diag_rsp_rdata_reg[23]/CE,READOUT_PATH
NVP_I2C_R2_OBSERVER/shadow_valid_count[8],NVP_TRACE_HOST_READ_MUX/diag_rsp_rdata_reg[22]/CE,READOUT_PATH
NVP_I2C_R2_OBSERVER/shadow_valid_count[8],NVP_TRACE_HOST_READ_MUX/diag_rsp_rdata_reg[21]/CE,READOUT_PATH
NVP_I2C_R2_OBSERVER/shadow_valid_count[8],NVP_TRACE_HOST_READ_MUX/diag_rsp_rdata_reg[20]/CE,READOUT_PATH
NVP_I2C_R2_OBSERVER/shadow_valid_count[8],NVP_TRACE_HOST_READ_MUX/diag_rsp_rdata_reg[1]/CE,READOUT_PATH
NVP_I2C_R2_OBSERVER/shadow_valid_count[8],NVP_TRACE_HOST_READ_MUX/diag_rsp_rdata_reg[19]/CE,READOUT_PATH
NVP_I2C_R2_OBSERVER/shadow_valid_count[8],NVP_TRACE_HOST_READ_MUX/diag_rsp_rdata_reg[18]/CE,READOUT_PATH
NVP_I2C_R2_OBSERVER/shadow_valid_count[8],NVP_TRACE_HOST_READ_MUX/diag_rsp_rdata_reg[17]/CE,READOUT_PATH
NVP_I2C_R2_OBSERVER/shadow_valid_count[8],NVP_TRACE_HOST_READ_MUX/diag_rsp_rdata_reg[16]/CE,READOUT_PATH
NVP_I2C_R2_OBSERVER/shadow_valid_count[8],NVP_TRACE_HOST_READ_MUX/diag_rsp_rdata_reg[15]/CE,READOUT_PATH
NVP_I2C_R2_OBSERVER/shadow_valid_count[8],NVP_TRACE_HOST_READ_MUX/diag_rsp_rdata_reg[14]/CE,READOUT_PATH
NVP_I2C_R2_OBSERVER/shadow_valid_count[8],NVP_TRACE_HOST_READ_MUX/diag_rsp_rdata_reg[13]/CE,READOUT_PATH
NVP_I2C_R2_OBSERVER/shadow_valid_count[8],NVP_TRACE_HOST_READ_MUX/diag_rsp_rdata_reg[12]/CE,READOUT_PATH
NVP_I2C_R2_OBSERVER/shadow_valid_count[8],NVP_TRACE_HOST_READ_MUX/diag_rsp_rdata_reg[11]/CE,READOUT_PATH
NVP_I2C_R2_OBSERVER/shadow_valid_count[8],NVP_TRACE_HOST_READ_MUX/diag_rsp_rdata_reg[10]/CE,READOUT_PATH
NVP_I2C_R2_OBSERVER/shadow_valid_count[8],NVP_TRACE_HOST_READ_MUX/diag_rsp_rdata_reg[0]/CE,READOUT_PATH
NVP_I2C_R2_OBSERVER/shadow_valid_count[8],NVP_TRACE_HOST_READ_MUX/diag_rsp_valid_reg/D,READOUT_PATH
NVP_I2C_R2_OBSERVER/shadow_valid_count[8],NVP_TRACE_HOST_READ_MUX/shadow_read_address_reg[7]/CE,READOUT_PATH
NVP_I2C_R2_OBSERVER/shadow_valid_count[8],NVP_TRACE_HOST_READ_MUX/shadow_read_address_reg[6]/CE,READOUT_PATH
NVP_I2C_R2_OBSERVER/shadow_valid_count[8],NVP_TRACE_HOST_READ_MUX/shadow_read_address_reg[5]/CE,READOUT_PATH
NVP_I2C_R2_OBSERVER/shadow_valid_count[8],NVP_TRACE_HOST_READ_MUX/shadow_read_address_reg[4]/CE,READOUT_PATH
NVP_I2C_R2_OBSERVER/shadow_valid_count[8],NVP_TRACE_HOST_READ_MUX/shadow_read_address_reg[3]/CE,READOUT_PATH
NVP_I2C_R2_OBSERVER/shadow_valid_count[8],NVP_TRACE_HOST_READ_MUX/shadow_read_address_reg[2]/CE,READOUT_PATH
NVP_I2C_R2_OBSERVER/shadow_valid_count[8],NVP_TRACE_HOST_READ_MUX/shadow_read_address_reg[1]/CE,READOUT_PATH
NVP_I2C_R2_OBSERVER/shadow_valid_count[8],NVP_TRACE_HOST_READ_MUX/shadow_read_address_reg[0]/CE,READOUT_PATH
NVP_I2C_R2_OBSERVER/shadow_valid_count[8],NVP_TRACE_HOST_READ_MUX/diag_rsp_rdata_reg[9]/D,READOUT_PATH
NVP_I2C_R2_OBSERVER/shadow_valid_count[8],NVP_TRACE_HOST_READ_MUX/diag_rsp_rdata_reg[8]/D,READOUT_PATH
NVP_I2C_R2_OBSERVER/shadow_valid_count[8],NVP_TRACE_HOST_READ_MUX/diag_rsp_rdata_reg[27]/D,READOUT_PATH
NVP_I2C_R2_OBSERVER/shadow_valid_count[8],NVP_TRACE_HOST_READ_MUX/diag_rsp_rdata_reg[25]/D,READOUT_PATH
NVP_I2C_R2_OBSERVER/shadow_valid_count[8],NVP_TRACE_HOST_READ_MUX/diag_rsp_rdata_reg[10]/D,READOUT_PATH
NVP_I2C_R2_OBSERVER/shadow_valid_count[8],NVP_TRACE_HOST_READ_MUX/diag_rsp_rdata_reg[31]/D,READOUT_PATH
NVP_I2C_R2_OBSERVER/shadow_valid_count[8],NVP_TRACE_HOST_READ_MUX/diag_rsp_rdata_reg[23]/D,READOUT_PATH
NVP_I2C_R2_OBSERVER/shadow_valid_count[8],NVP_TRACE_HOST_READ_MUX/diag_rsp_rdata_reg[22]/D,READOUT_PATH
NVP_I2C_R2_OBSERVER/shadow_valid_count[8],NVP_TRACE_HOST_READ_MUX/diag_rsp_rdata_reg[21]/D,READOUT_PATH
NVP_I2C_R2_OBSERVER/shadow_valid_count[8],NVP_TRACE_HOST_READ_MUX/diag_rsp_rdata_reg[18]/D,READOUT_PATH
NVP_I2C_R2_OBSERVER/shadow_valid_count[8],NVP_TRACE_HOST_READ_MUX/diag_rsp_rdata_reg[15]/D,READOUT_PATH
NVP_I2C_R2_OBSERVER/shadow_valid_count[8],NVP_TRACE_HOST_READ_MUX/diag_rsp_rdata_reg[12]/D,READOUT_PATH
NVP_I2C_R2_OBSERVER/shadow_valid_count[8],NVP_TRACE_HOST_READ_MUX/diag_rsp_rdata_reg[11]/D,READOUT_PATH
NVP_I2C_R2_OBSERVER/shadow_valid_count[8],NVP_TRACE_HOST_READ_MUX/shadow_read_enable_reg/D,READOUT_PATH
NVP_I2C_R2_OBSERVER/shadow_valid_count[8],NVP_TRACE_HOST_READ_MUX/diag_rsp_rdata_reg[7]/D,READOUT_PATH
NVP_I2C_R2_OBSERVER/shadow_valid_count[8],NVP_TRACE_HOST_READ_MUX/diag_rsp_rdata_reg[6]/D,READOUT_PATH
NVP_I2C_R2_OBSERVER/shadow_valid_count[8],NVP_TRACE_HOST_READ_MUX/diag_rsp_rdata_reg[5]/D,READOUT_PATH
NVP_I2C_R2_OBSERVER/shadow_valid_count[8],NVP_TRACE_HOST_READ_MUX/diag_rsp_rdata_reg[4]/D,READOUT_PATH
NVP_I2C_R2_OBSERVER/shadow_valid_count[8],NVP_TRACE_HOST_READ_MUX/diag_rsp_rdata_reg[3]/D,READOUT_PATH
NVP_I2C_R2_OBSERVER/shadow_valid_count[8],NVP_TRACE_HOST_READ_MUX/diag_rsp_rdata_reg[30]/D,READOUT_PATH
NVP_I2C_R2_OBSERVER/shadow_valid_count[8],NVP_TRACE_HOST_READ_MUX/diag_rsp_rdata_reg[2]/D,READOUT_PATH
NVP_I2C_R2_OBSERVER/shadow_valid_count[8],NVP_TRACE_HOST_READ_MUX/diag_rsp_rdata_reg[28]/D,READOUT_PATH
NVP_I2C_R2_OBSERVER/shadow_valid_count[8],NVP_TRACE_HOST_READ_MUX/diag_rsp_rdata_reg[26]/D,READOUT_PATH
NVP_I2C_R2_OBSERVER/shadow_valid_count[8],NVP_TRACE_HOST_READ_MUX/diag_rsp_rdata_reg[24]/D,READOUT_PATH
NVP_I2C_R2_OBSERVER/shadow_valid_count[8],NVP_TRACE_HOST_READ_MUX/diag_rsp_rdata_reg[20]/D,READOUT_PATH
NVP_I2C_R2_OBSERVER/shadow_valid_count[8],NVP_TRACE_HOST_READ_MUX/diag_rsp_rdata_reg[1]/D,READOUT_PATH
NVP_I2C_R2_OBSERVER/shadow_valid_count[8],NVP_TRACE_HOST_READ_MUX/diag_rsp_rdata_reg[19]/D,READOUT_PATH
NVP_I2C_R2_OBSERVER/shadow_valid_count[8],NVP_TRACE_HOST_READ_MUX/diag_rsp_rdata_reg[17]/D,READOUT_PATH
NVP_I2C_R2_OBSERVER/shadow_valid_count[8],NVP_TRACE_HOST_READ_MUX/diag_rsp_rdata_reg[16]/D,READOUT_PATH
NVP_I2C_R2_OBSERVER/shadow_valid_count[8],NVP_TRACE_HOST_READ_MUX/diag_rsp_rdata_reg[14]/D,READOUT_PATH
NVP_I2C_R2_OBSERVER/shadow_valid_count[8],NVP_TRACE_HOST_READ_MUX/diag_rsp_rdata_reg[13]/D,READOUT_PATH
NVP_I2C_R2_OBSERVER/shadow_valid_count[8],NVP_TRACE_HOST_READ_MUX/diag_rsp_rdata_reg[0]/D,READOUT_PATH
NVP_I2C_R2_OBSERVER/shadow_valid_count[8],NVP_TRACE_HOST_READ_MUX/read_wait_reg[1]/D,READOUT_PATH
NVP_I2C_TRACE_OBSERVER/read_data[0],NVP_TRACE_HOST_READ_MUX/diag_rsp_rdata_reg[0]/D,READOUT_PATH
NVP_I2C_TRACE_OBSERVER/read_data[10],NVP_TRACE_HOST_READ_MUX/diag_rsp_rdata_reg[10]/D,READOUT_PATH
NVP_I2C_TRACE_OBSERVER/read_data[11],NVP_TRACE_HOST_READ_MUX/diag_rsp_rdata_reg[11]/D,READOUT_PATH
NVP_I2C_TRACE_OBSERVER/read_data[12],NVP_TRACE_HOST_READ_MUX/diag_rsp_rdata_reg[12]/D,READOUT_PATH
NVP_I2C_TRACE_OBSERVER/read_data[13],NVP_TRACE_HOST_READ_MUX/diag_rsp_rdata_reg[13]/D,READOUT_PATH
NVP_I2C_TRACE_OBSERVER/read_data[14],NVP_TRACE_HOST_READ_MUX/diag_rsp_rdata_reg[14]/D,READOUT_PATH
NVP_I2C_TRACE_OBSERVER/read_data[15],NVP_TRACE_HOST_READ_MUX/diag_rsp_rdata_reg[15]/D,READOUT_PATH
NVP_I2C_TRACE_OBSERVER/read_data[16],NVP_TRACE_HOST_READ_MUX/diag_rsp_rdata_reg[16]/D,READOUT_PATH
NVP_I2C_TRACE_OBSERVER/read_data[17],NVP_TRACE_HOST_READ_MUX/diag_rsp_rdata_reg[17]/D,READOUT_PATH
NVP_I2C_TRACE_OBSERVER/read_data[18],NVP_TRACE_HOST_READ_MUX/diag_rsp_rdata_reg[18]/D,READOUT_PATH
NVP_I2C_TRACE_OBSERVER/read_data[19],NVP_TRACE_HOST_READ_MUX/diag_rsp_rdata_reg[19]/D,READOUT_PATH
NVP_I2C_TRACE_OBSERVER/read_data[1],NVP_TRACE_HOST_READ_MUX/diag_rsp_rdata_reg[1]/D,READOUT_PATH
NVP_I2C_TRACE_OBSERVER/read_data[20],NVP_TRACE_HOST_READ_MUX/diag_rsp_rdata_reg[20]/D,READOUT_PATH
NVP_I2C_TRACE_OBSERVER/read_data[21],NVP_TRACE_HOST_READ_MUX/diag_rsp_rdata_reg[21]/D,READOUT_PATH
NVP_I2C_TRACE_OBSERVER/read_data[22],NVP_TRACE_HOST_READ_MUX/diag_rsp_rdata_reg[22]/D,READOUT_PATH
NVP_I2C_TRACE_OBSERVER/read_data[23],NVP_TRACE_HOST_READ_MUX/diag_rsp_rdata_reg[23]/D,READOUT_PATH
NVP_I2C_TRACE_OBSERVER/read_data[24],NVP_TRACE_HOST_READ_MUX/diag_rsp_rdata_reg[24]/D,READOUT_PATH
NVP_I2C_TRACE_OBSERVER/read_data[25],NVP_TRACE_HOST_READ_MUX/diag_rsp_rdata_reg[25]/D,READOUT_PATH
NVP_I2C_TRACE_OBSERVER/read_data[26],NVP_TRACE_HOST_READ_MUX/diag_rsp_rdata_reg[26]/D,READOUT_PATH
NVP_I2C_TRACE_OBSERVER/read_data[27],NVP_TRACE_HOST_READ_MUX/diag_rsp_rdata_reg[27]/D,READOUT_PATH
NVP_I2C_TRACE_OBSERVER/read_data[28],NVP_TRACE_HOST_READ_MUX/diag_rsp_rdata_reg[28]/D,READOUT_PATH
NVP_I2C_TRACE_OBSERVER/read_data[29],NVP_TRACE_HOST_READ_MUX/diag_rsp_rdata_reg[29]/D,READOUT_PATH
NVP_I2C_TRACE_OBSERVER/read_data[2],NVP_TRACE_HOST_READ_MUX/diag_rsp_rdata_reg[2]/D,READOUT_PATH
NVP_I2C_TRACE_OBSERVER/read_data[30],NVP_TRACE_HOST_READ_MUX/diag_rsp_rdata_reg[30]/D,READOUT_PATH
NVP_I2C_TRACE_OBSERVER/read_data[31],NVP_TRACE_HOST_READ_MUX/diag_rsp_rdata_reg[31]/D,READOUT_PATH
NVP_I2C_TRACE_OBSERVER/read_data[32],NVP_TRACE_HOST_READ_MUX/diag_rsp_rdata_reg[0]/D,READOUT_PATH
NVP_I2C_TRACE_OBSERVER/read_data[33],NVP_TRACE_HOST_READ_MUX/diag_rsp_rdata_reg[1]/D,READOUT_PATH
NVP_I2C_TRACE_OBSERVER/read_data[34],NVP_TRACE_HOST_READ_MUX/diag_rsp_rdata_reg[2]/D,READOUT_PATH
NVP_I2C_TRACE_OBSERVER/read_data[35],NVP_TRACE_HOST_READ_MUX/diag_rsp_rdata_reg[3]/D,READOUT_PATH
NVP_I2C_TRACE_OBSERVER/read_data[36],NVP_TRACE_HOST_READ_MUX/diag_rsp_rdata_reg[4]/D,READOUT_PATH
NVP_I2C_TRACE_OBSERVER/read_data[37],NVP_TRACE_HOST_READ_MUX/diag_rsp_rdata_reg[5]/D,READOUT_PATH
NVP_I2C_TRACE_OBSERVER/read_data[38],NVP_TRACE_HOST_READ_MUX/diag_rsp_rdata_reg[6]/D,READOUT_PATH
NVP_I2C_TRACE_OBSERVER/read_data[39],NVP_TRACE_HOST_READ_MUX/diag_rsp_rdata_reg[7]/D,READOUT_PATH
NVP_I2C_TRACE_OBSERVER/read_data[3],NVP_TRACE_HOST_READ_MUX/diag_rsp_rdata_reg[3]/D,READOUT_PATH
NVP_I2C_TRACE_OBSERVER/read_data[40],NVP_TRACE_HOST_READ_MUX/diag_rsp_rdata_reg[8]/D,READOUT_PATH
NVP_I2C_TRACE_OBSERVER/read_data[41],NVP_TRACE_HOST_READ_MUX/diag_rsp_rdata_reg[9]/D,READOUT_PATH
NVP_I2C_TRACE_OBSERVER/read_data[42],NVP_TRACE_HOST_READ_MUX/diag_rsp_rdata_reg[10]/D,READOUT_PATH
NVP_I2C_TRACE_OBSERVER/read_data[43],NVP_TRACE_HOST_READ_MUX/diag_rsp_rdata_reg[11]/D,READOUT_PATH
NVP_I2C_TRACE_OBSERVER/read_data[44],NVP_TRACE_HOST_READ_MUX/diag_rsp_rdata_reg[12]/D,READOUT_PATH
NVP_I2C_TRACE_OBSERVER/read_data[45],NVP_TRACE_HOST_READ_MUX/diag_rsp_rdata_reg[13]/D,READOUT_PATH
NVP_I2C_TRACE_OBSERVER/read_data[46],NVP_TRACE_HOST_READ_MUX/diag_rsp_rdata_reg[14]/D,READOUT_PATH
NVP_I2C_TRACE_OBSERVER/read_data[47],NVP_TRACE_HOST_READ_MUX/diag_rsp_rdata_reg[15]/D,READOUT_PATH
NVP_I2C_TRACE_OBSERVER/read_data[48],NVP_TRACE_HOST_READ_MUX/diag_rsp_rdata_reg[16]/D,READOUT_PATH
NVP_I2C_TRACE_OBSERVER/read_data[49],NVP_TRACE_HOST_READ_MUX/diag_rsp_rdata_reg[17]/D,READOUT_PATH
NVP_I2C_TRACE_OBSERVER/read_data[4],NVP_TRACE_HOST_READ_MUX/diag_rsp_rdata_reg[4]/D,READOUT_PATH
NVP_I2C_TRACE_OBSERVER/read_data[50],NVP_TRACE_HOST_READ_MUX/diag_rsp_rdata_reg[18]/D,READOUT_PATH
NVP_I2C_TRACE_OBSERVER/read_data[51],NVP_TRACE_HOST_READ_MUX/diag_rsp_rdata_reg[19]/D,READOUT_PATH
NVP_I2C_TRACE_OBSERVER/read_data[52],NVP_TRACE_HOST_READ_MUX/diag_rsp_rdata_reg[20]/D,READOUT_PATH
NVP_I2C_TRACE_OBSERVER/read_data[53],NVP_TRACE_HOST_READ_MUX/diag_rsp_rdata_reg[21]/D,READOUT_PATH
NVP_I2C_TRACE_OBSERVER/read_data[54],NVP_TRACE_HOST_READ_MUX/diag_rsp_rdata_reg[22]/D,READOUT_PATH
NVP_I2C_TRACE_OBSERVER/read_data[55],NVP_TRACE_HOST_READ_MUX/diag_rsp_rdata_reg[23]/D,READOUT_PATH
NVP_I2C_TRACE_OBSERVER/read_data[56],NVP_TRACE_HOST_READ_MUX/diag_rsp_rdata_reg[24]/D,READOUT_PATH
NVP_I2C_TRACE_OBSERVER/read_data[57],NVP_TRACE_HOST_READ_MUX/diag_rsp_rdata_reg[25]/D,READOUT_PATH
NVP_I2C_TRACE_OBSERVER/read_data[58],NVP_TRACE_HOST_READ_MUX/diag_rsp_rdata_reg[26]/D,READOUT_PATH
NVP_I2C_TRACE_OBSERVER/read_data[59],NVP_TRACE_HOST_READ_MUX/diag_rsp_rdata_reg[27]/D,READOUT_PATH
NVP_I2C_TRACE_OBSERVER/read_data[5],NVP_TRACE_HOST_READ_MUX/diag_rsp_rdata_reg[5]/D,READOUT_PATH
NVP_I2C_TRACE_OBSERVER/read_data[60],NVP_TRACE_HOST_READ_MUX/diag_rsp_rdata_reg[28]/D,READOUT_PATH
NVP_I2C_TRACE_OBSERVER/read_data[61],NVP_TRACE_HOST_READ_MUX/diag_rsp_rdata_reg[29]/D,READOUT_PATH
NVP_I2C_TRACE_OBSERVER/read_data[62],NVP_TRACE_HOST_READ_MUX/diag_rsp_rdata_reg[30]/D,READOUT_PATH
NVP_I2C_TRACE_OBSERVER/read_data[63],NVP_TRACE_HOST_READ_MUX/diag_rsp_rdata_reg[31]/D,READOUT_PATH
NVP_I2C_TRACE_OBSERVER/read_data[6],NVP_TRACE_HOST_READ_MUX/diag_rsp_rdata_reg[6]/D,READOUT_PATH
NVP_I2C_TRACE_OBSERVER/read_data[7],NVP_TRACE_HOST_READ_MUX/diag_rsp_rdata_reg[7]/D,READOUT_PATH
NVP_I2C_TRACE_OBSERVER/read_data[8],NVP_TRACE_HOST_READ_MUX/diag_rsp_rdata_reg[8]/D,READOUT_PATH
NVP_I2C_TRACE_OBSERVER/read_data[9],NVP_TRACE_HOST_READ_MUX/diag_rsp_rdata_reg[9]/D,READOUT_PATH
NVP_I2C_TRACE_OBSERVER/trace_final_write_index[0],NVP_TRACE_HOST_READ_MUX/trace_read_address_reg[3]/D,READOUT_PATH
NVP_I2C_TRACE_OBSERVER/trace_final_write_index[0],NVP_TRACE_HOST_READ_MUX/trace_read_address_reg[2]/D,READOUT_PATH
NVP_I2C_TRACE_OBSERVER/trace_final_write_index[0],NVP_TRACE_HOST_READ_MUX/trace_read_address_reg[1]/D,READOUT_PATH
NVP_I2C_TRACE_OBSERVER/trace_final_write_index[0],NVP_TRACE_HOST_READ_MUX/trace_read_address_reg[7]/D,READOUT_PATH
NVP_I2C_TRACE_OBSERVER/trace_final_write_index[0],NVP_TRACE_HOST_READ_MUX/trace_read_address_reg[6]/D,READOUT_PATH
NVP_I2C_TRACE_OBSERVER/trace_final_write_index[0],NVP_TRACE_HOST_READ_MUX/trace_read_address_reg[5]/D,READOUT_PATH
NVP_I2C_TRACE_OBSERVER/trace_final_write_index[0],NVP_TRACE_HOST_READ_MUX/trace_read_address_reg[4]/D,READOUT_PATH
NVP_I2C_TRACE_OBSERVER/trace_final_write_index[0],NVP_TRACE_HOST_READ_MUX/trace_read_address_reg[11]/D,READOUT_PATH
NVP_I2C_TRACE_OBSERVER/trace_final_write_index[0],NVP_TRACE_HOST_READ_MUX/trace_read_address_reg[10]/D,READOUT_PATH
NVP_I2C_TRACE_OBSERVER/trace_final_write_index[0],NVP_TRACE_HOST_READ_MUX/trace_read_address_reg[9]/D,READOUT_PATH
NVP_I2C_TRACE_OBSERVER/trace_final_write_index[0],NVP_TRACE_HOST_READ_MUX/trace_read_address_reg[8]/D,READOUT_PATH
NVP_I2C_TRACE_OBSERVER/trace_final_write_index[0],NVP_TRACE_HOST_READ_MUX/trace_read_address_reg[0]/D,READOUT_PATH
NVP_I2C_TRACE_OBSERVER/trace_final_write_index[0],NVP_TRACE_HOST_READ_MUX/diag_rsp_rdata_reg[0]/D,READOUT_PATH
NVP_I2C_TRACE_OBSERVER/trace_final_write_index[10],NVP_TRACE_HOST_READ_MUX/trace_read_address_reg[11]/D,READOUT_PATH
NVP_I2C_TRACE_OBSERVER/trace_final_write_index[10],NVP_TRACE_HOST_READ_MUX/diag_rsp_rdata_reg[10]/D,READOUT_PATH
NVP_I2C_TRACE_OBSERVER/trace_final_write_index[10],NVP_TRACE_HOST_READ_MUX/trace_read_address_reg[10]/D,READOUT_PATH
NVP_I2C_TRACE_OBSERVER/trace_final_write_index[11],NVP_TRACE_HOST_READ_MUX/diag_rsp_rdata_reg[11]/D,READOUT_PATH
NVP_I2C_TRACE_OBSERVER/trace_final_write_index[11],NVP_TRACE_HOST_READ_MUX/trace_read_address_reg[11]/D,READOUT_PATH
NVP_I2C_TRACE_OBSERVER/trace_final_write_index[1],NVP_TRACE_HOST_READ_MUX/trace_read_address_reg[3]/D,READOUT_PATH
NVP_I2C_TRACE_OBSERVER/trace_final_write_index[1],NVP_TRACE_HOST_READ_MUX/trace_read_address_reg[2]/D,READOUT_PATH
NVP_I2C_TRACE_OBSERVER/trace_final_write_index[1],NVP_TRACE_HOST_READ_MUX/trace_read_address_reg[7]/D,READOUT_PATH
NVP_I2C_TRACE_OBSERVER/trace_final_write_index[1],NVP_TRACE_HOST_READ_MUX/trace_read_address_reg[6]/D,READOUT_PATH
NVP_I2C_TRACE_OBSERVER/trace_final_write_index[1],NVP_TRACE_HOST_READ_MUX/trace_read_address_reg[5]/D,READOUT_PATH
NVP_I2C_TRACE_OBSERVER/trace_final_write_index[1],NVP_TRACE_HOST_READ_MUX/trace_read_address_reg[4]/D,READOUT_PATH
NVP_I2C_TRACE_OBSERVER/trace_final_write_index[1],NVP_TRACE_HOST_READ_MUX/trace_read_address_reg[11]/D,READOUT_PATH
NVP_I2C_TRACE_OBSERVER/trace_final_write_index[1],NVP_TRACE_HOST_READ_MUX/trace_read_address_reg[10]/D,READOUT_PATH
NVP_I2C_TRACE_OBSERVER/trace_final_write_index[1],NVP_TRACE_HOST_READ_MUX/trace_read_address_reg[9]/D,READOUT_PATH
NVP_I2C_TRACE_OBSERVER/trace_final_write_index[1],NVP_TRACE_HOST_READ_MUX/trace_read_address_reg[8]/D,READOUT_PATH
NVP_I2C_TRACE_OBSERVER/trace_final_write_index[1],NVP_TRACE_HOST_READ_MUX/trace_read_address_reg[1]/D,READOUT_PATH
NVP_I2C_TRACE_OBSERVER/trace_final_write_index[1],NVP_TRACE_HOST_READ_MUX/diag_rsp_rdata_reg[1]/D,READOUT_PATH
NVP_I2C_TRACE_OBSERVER/trace_final_write_index[2],NVP_TRACE_HOST_READ_MUX/trace_read_address_reg[3]/D,READOUT_PATH
NVP_I2C_TRACE_OBSERVER/trace_final_write_index[2],NVP_TRACE_HOST_READ_MUX/trace_read_address_reg[7]/D,READOUT_PATH
NVP_I2C_TRACE_OBSERVER/trace_final_write_index[2],NVP_TRACE_HOST_READ_MUX/trace_read_address_reg[6]/D,READOUT_PATH
NVP_I2C_TRACE_OBSERVER/trace_final_write_index[2],NVP_TRACE_HOST_READ_MUX/trace_read_address_reg[5]/D,READOUT_PATH
NVP_I2C_TRACE_OBSERVER/trace_final_write_index[2],NVP_TRACE_HOST_READ_MUX/trace_read_address_reg[4]/D,READOUT_PATH
NVP_I2C_TRACE_OBSERVER/trace_final_write_index[2],NVP_TRACE_HOST_READ_MUX/trace_read_address_reg[11]/D,READOUT_PATH
NVP_I2C_TRACE_OBSERVER/trace_final_write_index[2],NVP_TRACE_HOST_READ_MUX/trace_read_address_reg[10]/D,READOUT_PATH
NVP_I2C_TRACE_OBSERVER/trace_final_write_index[2],NVP_TRACE_HOST_READ_MUX/trace_read_address_reg[9]/D,READOUT_PATH
NVP_I2C_TRACE_OBSERVER/trace_final_write_index[2],NVP_TRACE_HOST_READ_MUX/trace_read_address_reg[8]/D,READOUT_PATH
NVP_I2C_TRACE_OBSERVER/trace_final_write_index[2],NVP_TRACE_HOST_READ_MUX/trace_read_address_reg[2]/D,READOUT_PATH
NVP_I2C_TRACE_OBSERVER/trace_final_write_index[2],NVP_TRACE_HOST_READ_MUX/diag_rsp_rdata_reg[2]/D,READOUT_PATH
NVP_I2C_TRACE_OBSERVER/trace_final_write_index[3],NVP_TRACE_HOST_READ_MUX/trace_read_address_reg[7]/D,READOUT_PATH
NVP_I2C_TRACE_OBSERVER/trace_final_write_index[3],NVP_TRACE_HOST_READ_MUX/trace_read_address_reg[6]/D,READOUT_PATH
NVP_I2C_TRACE_OBSERVER/trace_final_write_index[3],NVP_TRACE_HOST_READ_MUX/trace_read_address_reg[5]/D,READOUT_PATH
NVP_I2C_TRACE_OBSERVER/trace_final_write_index[3],NVP_TRACE_HOST_READ_MUX/trace_read_address_reg[4]/D,READOUT_PATH
NVP_I2C_TRACE_OBSERVER/trace_final_write_index[3],NVP_TRACE_HOST_READ_MUX/trace_read_address_reg[11]/D,READOUT_PATH
NVP_I2C_TRACE_OBSERVER/trace_final_write_index[3],NVP_TRACE_HOST_READ_MUX/trace_read_address_reg[10]/D,READOUT_PATH
NVP_I2C_TRACE_OBSERVER/trace_final_write_index[3],NVP_TRACE_HOST_READ_MUX/trace_read_address_reg[9]/D,READOUT_PATH
NVP_I2C_TRACE_OBSERVER/trace_final_write_index[3],NVP_TRACE_HOST_READ_MUX/trace_read_address_reg[8]/D,READOUT_PATH
NVP_I2C_TRACE_OBSERVER/trace_final_write_index[3],NVP_TRACE_HOST_READ_MUX/trace_read_address_reg[3]/D,READOUT_PATH
NVP_I2C_TRACE_OBSERVER/trace_final_write_index[3],NVP_TRACE_HOST_READ_MUX/diag_rsp_rdata_reg[3]/D,READOUT_PATH
NVP_I2C_TRACE_OBSERVER/trace_final_write_index[4],NVP_TRACE_HOST_READ_MUX/trace_read_address_reg[7]/D,READOUT_PATH
NVP_I2C_TRACE_OBSERVER/trace_final_write_index[4],NVP_TRACE_HOST_READ_MUX/trace_read_address_reg[6]/D,READOUT_PATH
NVP_I2C_TRACE_OBSERVER/trace_final_write_index[4],NVP_TRACE_HOST_READ_MUX/trace_read_address_reg[5]/D,READOUT_PATH
NVP_I2C_TRACE_OBSERVER/trace_final_write_index[4],NVP_TRACE_HOST_READ_MUX/trace_read_address_reg[11]/D,READOUT_PATH
NVP_I2C_TRACE_OBSERVER/trace_final_write_index[4],NVP_TRACE_HOST_READ_MUX/trace_read_address_reg[10]/D,READOUT_PATH
NVP_I2C_TRACE_OBSERVER/trace_final_write_index[4],NVP_TRACE_HOST_READ_MUX/trace_read_address_reg[9]/D,READOUT_PATH
NVP_I2C_TRACE_OBSERVER/trace_final_write_index[4],NVP_TRACE_HOST_READ_MUX/trace_read_address_reg[8]/D,READOUT_PATH
NVP_I2C_TRACE_OBSERVER/trace_final_write_index[4],NVP_TRACE_HOST_READ_MUX/trace_read_address_reg[4]/D,READOUT_PATH
NVP_I2C_TRACE_OBSERVER/trace_final_write_index[4],NVP_TRACE_HOST_READ_MUX/diag_rsp_rdata_reg[4]/D,READOUT_PATH
NVP_I2C_TRACE_OBSERVER/trace_final_write_index[5],NVP_TRACE_HOST_READ_MUX/trace_read_address_reg[7]/D,READOUT_PATH
NVP_I2C_TRACE_OBSERVER/trace_final_write_index[5],NVP_TRACE_HOST_READ_MUX/trace_read_address_reg[6]/D,READOUT_PATH
NVP_I2C_TRACE_OBSERVER/trace_final_write_index[5],NVP_TRACE_HOST_READ_MUX/trace_read_address_reg[11]/D,READOUT_PATH
NVP_I2C_TRACE_OBSERVER/trace_final_write_index[5],NVP_TRACE_HOST_READ_MUX/trace_read_address_reg[10]/D,READOUT_PATH
NVP_I2C_TRACE_OBSERVER/trace_final_write_index[5],NVP_TRACE_HOST_READ_MUX/trace_read_address_reg[9]/D,READOUT_PATH
NVP_I2C_TRACE_OBSERVER/trace_final_write_index[5],NVP_TRACE_HOST_READ_MUX/trace_read_address_reg[8]/D,READOUT_PATH
NVP_I2C_TRACE_OBSERVER/trace_final_write_index[5],NVP_TRACE_HOST_READ_MUX/diag_rsp_rdata_reg[5]/D,READOUT_PATH
NVP_I2C_TRACE_OBSERVER/trace_final_write_index[5],NVP_TRACE_HOST_READ_MUX/trace_read_address_reg[5]/D,READOUT_PATH
NVP_I2C_TRACE_OBSERVER/trace_final_write_index[6],NVP_TRACE_HOST_READ_MUX/trace_read_address_reg[7]/D,READOUT_PATH
NVP_I2C_TRACE_OBSERVER/trace_final_write_index[6],NVP_TRACE_HOST_READ_MUX/trace_read_address_reg[11]/D,READOUT_PATH
NVP_I2C_TRACE_OBSERVER/trace_final_write_index[6],NVP_TRACE_HOST_READ_MUX/trace_read_address_reg[10]/D,READOUT_PATH
NVP_I2C_TRACE_OBSERVER/trace_final_write_index[6],NVP_TRACE_HOST_READ_MUX/trace_read_address_reg[9]/D,READOUT_PATH
NVP_I2C_TRACE_OBSERVER/trace_final_write_index[6],NVP_TRACE_HOST_READ_MUX/trace_read_address_reg[8]/D,READOUT_PATH
NVP_I2C_TRACE_OBSERVER/trace_final_write_index[6],NVP_TRACE_HOST_READ_MUX/trace_read_address_reg[6]/D,READOUT_PATH
NVP_I2C_TRACE_OBSERVER/trace_final_write_index[6],NVP_TRACE_HOST_READ_MUX/diag_rsp_rdata_reg[6]/D,READOUT_PATH
NVP_I2C_TRACE_OBSERVER/trace_final_write_index[7],NVP_TRACE_HOST_READ_MUX/trace_read_address_reg[11]/D,READOUT_PATH
NVP_I2C_TRACE_OBSERVER/trace_final_write_index[7],NVP_TRACE_HOST_READ_MUX/trace_read_address_reg[10]/D,READOUT_PATH
NVP_I2C_TRACE_OBSERVER/trace_final_write_index[7],NVP_TRACE_HOST_READ_MUX/trace_read_address_reg[9]/D,READOUT_PATH
NVP_I2C_TRACE_OBSERVER/trace_final_write_index[7],NVP_TRACE_HOST_READ_MUX/trace_read_address_reg[8]/D,READOUT_PATH
NVP_I2C_TRACE_OBSERVER/trace_final_write_index[7],NVP_TRACE_HOST_READ_MUX/trace_read_address_reg[7]/D,READOUT_PATH
NVP_I2C_TRACE_OBSERVER/trace_final_write_index[7],NVP_TRACE_HOST_READ_MUX/diag_rsp_rdata_reg[7]/D,READOUT_PATH
NVP_I2C_TRACE_OBSERVER/trace_final_write_index[8],NVP_TRACE_HOST_READ_MUX/trace_read_address_reg[11]/D,READOUT_PATH
NVP_I2C_TRACE_OBSERVER/trace_final_write_index[8],NVP_TRACE_HOST_READ_MUX/trace_read_address_reg[10]/D,READOUT_PATH
NVP_I2C_TRACE_OBSERVER/trace_final_write_index[8],NVP_TRACE_HOST_READ_MUX/trace_read_address_reg[9]/D,READOUT_PATH
NVP_I2C_TRACE_OBSERVER/trace_final_write_index[8],NVP_TRACE_HOST_READ_MUX/trace_read_address_reg[8]/D,READOUT_PATH
NVP_I2C_TRACE_OBSERVER/trace_final_write_index[8],NVP_TRACE_HOST_READ_MUX/diag_rsp_rdata_reg[8]/D,READOUT_PATH
NVP_I2C_TRACE_OBSERVER/trace_final_write_index[9],NVP_TRACE_HOST_READ_MUX/trace_read_address_reg[11]/D,READOUT_PATH
NVP_I2C_TRACE_OBSERVER/trace_final_write_index[9],NVP_TRACE_HOST_READ_MUX/trace_read_address_reg[10]/D,READOUT_PATH
NVP_I2C_TRACE_OBSERVER/trace_final_write_index[9],NVP_TRACE_HOST_READ_MUX/trace_read_address_reg[9]/D,READOUT_PATH
NVP_I2C_TRACE_OBSERVER/trace_final_write_index[9],NVP_TRACE_HOST_READ_MUX/diag_rsp_rdata_reg[9]/D,READOUT_PATH
NVP_I2C_TRACE_OBSERVER/trace_frozen,NVP_TRACE_HOST_READ_MUX/diag_rsp_rdata_reg[0]/D,READOUT_PATH
NVP_I2C_TRACE_OBSERVER/trace_frozen,NVP_TRACE_HOST_READ_MUX/diag_rsp_rdata_reg[2]/D,READOUT_PATH
NVP_I2C_TRACE_OBSERVER/trace_frozen,NVP_TRACE_HOST_READ_MUX/read_wait_reg[0]/D,READOUT_PATH
NVP_I2C_TRACE_OBSERVER/trace_frozen,NVP_TRACE_HOST_READ_MUX/diag_rsp_rdata_reg[29]/D,READOUT_PATH
NVP_I2C_TRACE_OBSERVER/trace_frozen,NVP_TRACE_HOST_READ_MUX/diag_rsp_rdata_reg[9]/CE,READOUT_PATH
NVP_I2C_TRACE_OBSERVER/trace_frozen,NVP_TRACE_HOST_READ_MUX/diag_rsp_rdata_reg[8]/CE,READOUT_PATH
NVP_I2C_TRACE_OBSERVER/trace_frozen,NVP_TRACE_HOST_READ_MUX/diag_rsp_rdata_reg[7]/CE,READOUT_PATH
NVP_I2C_TRACE_OBSERVER/trace_frozen,NVP_TRACE_HOST_READ_MUX/diag_rsp_rdata_reg[6]/CE,READOUT_PATH
NVP_I2C_TRACE_OBSERVER/trace_frozen,NVP_TRACE_HOST_READ_MUX/diag_rsp_rdata_reg[5]/CE,READOUT_PATH
NVP_I2C_TRACE_OBSERVER/trace_frozen,NVP_TRACE_HOST_READ_MUX/diag_rsp_rdata_reg[4]/CE,READOUT_PATH
NVP_I2C_TRACE_OBSERVER/trace_frozen,NVP_TRACE_HOST_READ_MUX/diag_rsp_rdata_reg[3]/CE,READOUT_PATH
NVP_I2C_TRACE_OBSERVER/trace_frozen,NVP_TRACE_HOST_READ_MUX/diag_rsp_rdata_reg[31]/CE,READOUT_PATH
NVP_I2C_TRACE_OBSERVER/trace_frozen,NVP_TRACE_HOST_READ_MUX/diag_rsp_rdata_reg[30]/CE,READOUT_PATH
NVP_I2C_TRACE_OBSERVER/trace_frozen,NVP_TRACE_HOST_READ_MUX/diag_rsp_rdata_reg[2]/CE,READOUT_PATH
NVP_I2C_TRACE_OBSERVER/trace_frozen,NVP_TRACE_HOST_READ_MUX/diag_rsp_rdata_reg[28]/CE,READOUT_PATH
NVP_I2C_TRACE_OBSERVER/trace_frozen,NVP_TRACE_HOST_READ_MUX/diag_rsp_rdata_reg[27]/CE,READOUT_PATH
NVP_I2C_TRACE_OBSERVER/trace_frozen,NVP_TRACE_HOST_READ_MUX/diag_rsp_rdata_reg[26]/CE,READOUT_PATH
NVP_I2C_TRACE_OBSERVER/trace_frozen,NVP_TRACE_HOST_READ_MUX/diag_rsp_rdata_reg[25]/CE,READOUT_PATH
NVP_I2C_TRACE_OBSERVER/trace_frozen,NVP_TRACE_HOST_READ_MUX/diag_rsp_rdata_reg[24]/CE,READOUT_PATH
NVP_I2C_TRACE_OBSERVER/trace_frozen,NVP_TRACE_HOST_READ_MUX/diag_rsp_rdata_reg[23]/CE,READOUT_PATH
NVP_I2C_TRACE_OBSERVER/trace_frozen,NVP_TRACE_HOST_READ_MUX/diag_rsp_rdata_reg[22]/CE,READOUT_PATH
NVP_I2C_TRACE_OBSERVER/trace_frozen,NVP_TRACE_HOST_READ_MUX/diag_rsp_rdata_reg[21]/CE,READOUT_PATH
NVP_I2C_TRACE_OBSERVER/trace_frozen,NVP_TRACE_HOST_READ_MUX/diag_rsp_rdata_reg[20]/CE,READOUT_PATH
NVP_I2C_TRACE_OBSERVER/trace_frozen,NVP_TRACE_HOST_READ_MUX/diag_rsp_rdata_reg[1]/CE,READOUT_PATH
NVP_I2C_TRACE_OBSERVER/trace_frozen,NVP_TRACE_HOST_READ_MUX/diag_rsp_rdata_reg[19]/CE,READOUT_PATH
NVP_I2C_TRACE_OBSERVER/trace_frozen,NVP_TRACE_HOST_READ_MUX/diag_rsp_rdata_reg[18]/CE,READOUT_PATH
NVP_I2C_TRACE_OBSERVER/trace_frozen,NVP_TRACE_HOST_READ_MUX/diag_rsp_rdata_reg[17]/CE,READOUT_PATH
NVP_I2C_TRACE_OBSERVER/trace_frozen,NVP_TRACE_HOST_READ_MUX/diag_rsp_rdata_reg[16]/CE,READOUT_PATH
NVP_I2C_TRACE_OBSERVER/trace_frozen,NVP_TRACE_HOST_READ_MUX/diag_rsp_rdata_reg[15]/CE,READOUT_PATH
NVP_I2C_TRACE_OBSERVER/trace_frozen,NVP_TRACE_HOST_READ_MUX/diag_rsp_rdata_reg[14]/CE,READOUT_PATH
NVP_I2C_TRACE_OBSERVER/trace_frozen,NVP_TRACE_HOST_READ_MUX/diag_rsp_rdata_reg[13]/CE,READOUT_PATH
NVP_I2C_TRACE_OBSERVER/trace_frozen,NVP_TRACE_HOST_READ_MUX/diag_rsp_rdata_reg[12]/CE,READOUT_PATH
NVP_I2C_TRACE_OBSERVER/trace_frozen,NVP_TRACE_HOST_READ_MUX/diag_rsp_rdata_reg[11]/CE,READOUT_PATH
NVP_I2C_TRACE_OBSERVER/trace_frozen,NVP_TRACE_HOST_READ_MUX/diag_rsp_rdata_reg[10]/CE,READOUT_PATH
NVP_I2C_TRACE_OBSERVER/trace_frozen,NVP_TRACE_HOST_READ_MUX/diag_rsp_rdata_reg[0]/CE,READOUT_PATH
NVP_I2C_TRACE_OBSERVER/trace_frozen,NVP_TRACE_HOST_READ_MUX/diag_rsp_valid_reg/D,READOUT_PATH
NVP_I2C_TRACE_OBSERVER/trace_frozen,NVP_TRACE_HOST_READ_MUX/diag_rsp_rdata_reg[31]/D,READOUT_PATH
NVP_I2C_TRACE_OBSERVER/trace_frozen,NVP_TRACE_HOST_READ_MUX/diag_rsp_rdata_reg[23]/D,READOUT_PATH
NVP_I2C_TRACE_OBSERVER/trace_frozen,NVP_TRACE_HOST_READ_MUX/diag_rsp_rdata_reg[22]/D,READOUT_PATH
NVP_I2C_TRACE_OBSERVER/trace_frozen,NVP_TRACE_HOST_READ_MUX/diag_rsp_rdata_reg[21]/D,READOUT_PATH
NVP_I2C_TRACE_OBSERVER/trace_frozen,NVP_TRACE_HOST_READ_MUX/diag_rsp_rdata_reg[18]/D,READOUT_PATH
NVP_I2C_TRACE_OBSERVER/trace_frozen,NVP_TRACE_HOST_READ_MUX/diag_rsp_rdata_reg[15]/D,READOUT_PATH
NVP_I2C_TRACE_OBSERVER/trace_frozen,NVP_TRACE_HOST_READ_MUX/diag_rsp_rdata_reg[12]/D,READOUT_PATH
NVP_I2C_TRACE_OBSERVER/trace_frozen,NVP_TRACE_HOST_READ_MUX/diag_rsp_rdata_reg[11]/D,READOUT_PATH
NVP_I2C_TRACE_OBSERVER/trace_frozen,NVP_TRACE_HOST_READ_MUX/read_word_select_reg[2]/D,READOUT_PATH
NVP_I2C_TRACE_OBSERVER/trace_frozen,NVP_TRACE_HOST_READ_MUX/diag_rsp_rdata_reg[9]/D,READOUT_PATH
NVP_I2C_TRACE_OBSERVER/trace_frozen,NVP_TRACE_HOST_READ_MUX/diag_rsp_rdata_reg[8]/D,READOUT_PATH
NVP_I2C_TRACE_OBSERVER/trace_frozen,NVP_TRACE_HOST_READ_MUX/diag_rsp_rdata_reg[7]/D,READOUT_PATH
NVP_I2C_TRACE_OBSERVER/trace_frozen,NVP_TRACE_HOST_READ_MUX/diag_rsp_rdata_reg[6]/D,READOUT_PATH
NVP_I2C_TRACE_OBSERVER/trace_frozen,NVP_TRACE_HOST_READ_MUX/diag_rsp_rdata_reg[5]/D,READOUT_PATH
NVP_I2C_TRACE_OBSERVER/trace_frozen,NVP_TRACE_HOST_READ_MUX/diag_rsp_rdata_reg[4]/D,READOUT_PATH
NVP_I2C_TRACE_OBSERVER/trace_frozen,NVP_TRACE_HOST_READ_MUX/diag_rsp_rdata_reg[3]/D,READOUT_PATH
NVP_I2C_TRACE_OBSERVER/trace_frozen,NVP_TRACE_HOST_READ_MUX/diag_rsp_rdata_reg[30]/D,READOUT_PATH
NVP_I2C_TRACE_OBSERVER/trace_frozen,NVP_TRACE_HOST_READ_MUX/diag_rsp_rdata_reg[27]/D,READOUT_PATH
NVP_I2C_TRACE_OBSERVER/trace_frozen,NVP_TRACE_HOST_READ_MUX/diag_rsp_rdata_reg[26]/D,READOUT_PATH
NVP_I2C_TRACE_OBSERVER/trace_frozen,NVP_TRACE_HOST_READ_MUX/diag_rsp_rdata_reg[25]/D,READOUT_PATH
NVP_I2C_TRACE_OBSERVER/trace_frozen,NVP_TRACE_HOST_READ_MUX/diag_rsp_rdata_reg[1]/D,READOUT_PATH
NVP_I2C_TRACE_OBSERVER/trace_frozen,NVP_TRACE_HOST_READ_MUX/diag_rsp_rdata_reg[19]/D,READOUT_PATH
NVP_I2C_TRACE_OBSERVER/trace_frozen,NVP_TRACE_HOST_READ_MUX/diag_rsp_rdata_reg[14]/D,READOUT_PATH
NVP_I2C_TRACE_OBSERVER/trace_frozen,NVP_TRACE_HOST_READ_MUX/diag_rsp_rdata_reg[10]/D,READOUT_PATH
NVP_I2C_TRACE_OBSERVER/trace_frozen,NVP_TRACE_HOST_READ_MUX/shadow_read_enable_reg/D,READOUT_PATH
NVP_I2C_TRACE_OBSERVER/trace_frozen,NVP_TRACE_HOST_READ_MUX/shadow_read_address_reg[7]/CE,READOUT_PATH
NVP_I2C_TRACE_OBSERVER/trace_frozen,NVP_TRACE_HOST_READ_MUX/shadow_read_address_reg[6]/CE,READOUT_PATH
NVP_I2C_TRACE_OBSERVER/trace_frozen,NVP_TRACE_HOST_READ_MUX/shadow_read_address_reg[5]/CE,READOUT_PATH
NVP_I2C_TRACE_OBSERVER/trace_frozen,NVP_TRACE_HOST_READ_MUX/shadow_read_address_reg[4]/CE,READOUT_PATH
NVP_I2C_TRACE_OBSERVER/trace_frozen,NVP_TRACE_HOST_READ_MUX/shadow_read_address_reg[3]/CE,READOUT_PATH
NVP_I2C_TRACE_OBSERVER/trace_frozen,NVP_TRACE_HOST_READ_MUX/shadow_read_address_reg[2]/CE,READOUT_PATH
NVP_I2C_TRACE_OBSERVER/trace_frozen,NVP_TRACE_HOST_READ_MUX/shadow_read_address_reg[1]/CE,READOUT_PATH
NVP_I2C_TRACE_OBSERVER/trace_frozen,NVP_TRACE_HOST_READ_MUX/shadow_read_address_reg[0]/CE,READOUT_PATH
NVP_I2C_TRACE_OBSERVER/trace_frozen,NVP_TRACE_HOST_READ_MUX/diag_rsp_rdata_reg[28]/D,READOUT_PATH
NVP_I2C_TRACE_OBSERVER/trace_frozen,NVP_TRACE_HOST_READ_MUX/diag_rsp_rdata_reg[24]/D,READOUT_PATH
NVP_I2C_TRACE_OBSERVER/trace_frozen,NVP_TRACE_HOST_READ_MUX/diag_rsp_rdata_reg[20]/D,READOUT_PATH
NVP_I2C_TRACE_OBSERVER/trace_frozen,NVP_TRACE_HOST_READ_MUX/diag_rsp_rdata_reg[17]/D,READOUT_PATH
NVP_I2C_TRACE_OBSERVER/trace_frozen,NVP_TRACE_HOST_READ_MUX/diag_rsp_rdata_reg[16]/D,READOUT_PATH
NVP_I2C_TRACE_OBSERVER/trace_frozen,NVP_TRACE_HOST_READ_MUX/diag_rsp_rdata_reg[13]/D,READOUT_PATH
NVP_I2C_TRACE_OBSERVER/trace_frozen,NVP_TRACE_HOST_READ_MUX/read_kind_reg[1]/D,READOUT_PATH
NVP_I2C_TRACE_OBSERVER/trace_frozen,NVP_TRACE_HOST_READ_MUX/read_kind_reg[0]/D,READOUT_PATH
NVP_I2C_TRACE_OBSERVER/trace_frozen,NVP_TRACE_HOST_READ_MUX/read_word_select_reg[1]/D,READOUT_PATH
NVP_I2C_TRACE_OBSERVER/trace_frozen,NVP_TRACE_HOST_READ_MUX/read_word_select_reg[0]/D,READOUT_PATH
NVP_I2C_TRACE_OBSERVER/trace_frozen,NVP_TRACE_HOST_READ_MUX/read_wait_reg[1]/D,READOUT_PATH
NVP_I2C_TRACE_OBSERVER/trace_frozen,NVP_TRACE_HOST_READ_MUX/trace_read_enable_reg/D,READOUT_PATH
NVP_I2C_TRACE_OBSERVER/trace_frozen,NVP_TRACE_HOST_READ_MUX/trace_read_address_reg[9]/CE,READOUT_PATH
NVP_I2C_TRACE_OBSERVER/trace_frozen,NVP_TRACE_HOST_READ_MUX/trace_read_address_reg[8]/CE,READOUT_PATH
NVP_I2C_TRACE_OBSERVER/trace_frozen,NVP_TRACE_HOST_READ_MUX/trace_read_address_reg[7]/CE,READOUT_PATH
NVP_I2C_TRACE_OBSERVER/trace_frozen,NVP_TRACE_HOST_READ_MUX/trace_read_address_reg[6]/CE,READOUT_PATH
NVP_I2C_TRACE_OBSERVER/trace_frozen,NVP_TRACE_HOST_READ_MUX/trace_read_address_reg[5]/CE,READOUT_PATH
NVP_I2C_TRACE_OBSERVER/trace_frozen,NVP_TRACE_HOST_READ_MUX/trace_read_address_reg[4]/CE,READOUT_PATH
NVP_I2C_TRACE_OBSERVER/trace_frozen,NVP_TRACE_HOST_READ_MUX/trace_read_address_reg[3]/CE,READOUT_PATH
NVP_I2C_TRACE_OBSERVER/trace_frozen,NVP_TRACE_HOST_READ_MUX/trace_read_address_reg[2]/CE,READOUT_PATH
NVP_I2C_TRACE_OBSERVER/trace_frozen,NVP_TRACE_HOST_READ_MUX/trace_read_address_reg[1]/CE,READOUT_PATH
NVP_I2C_TRACE_OBSERVER/trace_frozen,NVP_TRACE_HOST_READ_MUX/trace_read_address_reg[11]/CE,READOUT_PATH
NVP_I2C_TRACE_OBSERVER/trace_frozen,NVP_TRACE_HOST_READ_MUX/trace_read_address_reg[10]/CE,READOUT_PATH
NVP_I2C_TRACE_OBSERVER/trace_frozen,NVP_TRACE_HOST_READ_MUX/trace_read_address_reg[0]/CE,READOUT_PATH
NVP_I2C_TRACE_OBSERVER/trace_frozen,NVP_TRACE_HOST_READ_MUX/context_read_enable_reg/D,READOUT_PATH
NVP_I2C_TRACE_OBSERVER/trace_frozen,NVP_TRACE_HOST_READ_MUX/context_read_address_reg[8]/CE,READOUT_PATH
NVP_I2C_TRACE_OBSERVER/trace_frozen,NVP_TRACE_HOST_READ_MUX/context_read_address_reg[7]/CE,READOUT_PATH
NVP_I2C_TRACE_OBSERVER/trace_frozen,NVP_TRACE_HOST_READ_MUX/context_read_address_reg[6]/CE,READOUT_PATH
NVP_I2C_TRACE_OBSERVER/trace_frozen,NVP_TRACE_HOST_READ_MUX/context_read_address_reg[5]/CE,READOUT_PATH
NVP_I2C_TRACE_OBSERVER/trace_frozen,NVP_TRACE_HOST_READ_MUX/context_read_address_reg[4]/CE,READOUT_PATH
NVP_I2C_TRACE_OBSERVER/trace_frozen,NVP_TRACE_HOST_READ_MUX/context_read_address_reg[3]/CE,READOUT_PATH
NVP_I2C_TRACE_OBSERVER/trace_frozen,NVP_TRACE_HOST_READ_MUX/context_read_address_reg[2]/CE,READOUT_PATH
NVP_I2C_TRACE_OBSERVER/trace_frozen,NVP_TRACE_HOST_READ_MUX/context_read_address_reg[1]/CE,READOUT_PATH
NVP_I2C_TRACE_OBSERVER/trace_frozen,NVP_TRACE_HOST_READ_MUX/context_read_address_reg[0]/CE,READOUT_PATH
NVP_I2C_TRACE_OBSERVER/trace_frozen,NVP_TRACE_HOST_READ_MUX/diag_rsp_rdata[0]_i_18/I4,READOUT_PATH
NVP_I2C_TRACE_OBSERVER/trace_full,NVP_TRACE_HOST_READ_MUX/read_wait_reg[0]/D,READOUT_PATH
NVP_I2C_TRACE_OBSERVER/trace_full,NVP_TRACE_HOST_READ_MUX/diag_rsp_rdata_reg[29]/D,READOUT_PATH
NVP_I2C_TRACE_OBSERVER/trace_full,NVP_TRACE_HOST_READ_MUX/diag_rsp_rdata_reg[9]/CE,READOUT_PATH
NVP_I2C_TRACE_OBSERVER/trace_full,NVP_TRACE_HOST_READ_MUX/diag_rsp_rdata_reg[8]/CE,READOUT_PATH
NVP_I2C_TRACE_OBSERVER/trace_full,NVP_TRACE_HOST_READ_MUX/diag_rsp_rdata_reg[7]/CE,READOUT_PATH
NVP_I2C_TRACE_OBSERVER/trace_full,NVP_TRACE_HOST_READ_MUX/diag_rsp_rdata_reg[6]/CE,READOUT_PATH
NVP_I2C_TRACE_OBSERVER/trace_full,NVP_TRACE_HOST_READ_MUX/diag_rsp_rdata_reg[5]/CE,READOUT_PATH
NVP_I2C_TRACE_OBSERVER/trace_full,NVP_TRACE_HOST_READ_MUX/diag_rsp_rdata_reg[4]/CE,READOUT_PATH
NVP_I2C_TRACE_OBSERVER/trace_full,NVP_TRACE_HOST_READ_MUX/diag_rsp_rdata_reg[3]/CE,READOUT_PATH
NVP_I2C_TRACE_OBSERVER/trace_full,NVP_TRACE_HOST_READ_MUX/diag_rsp_rdata_reg[31]/CE,READOUT_PATH
NVP_I2C_TRACE_OBSERVER/trace_full,NVP_TRACE_HOST_READ_MUX/diag_rsp_rdata_reg[30]/CE,READOUT_PATH
NVP_I2C_TRACE_OBSERVER/trace_full,NVP_TRACE_HOST_READ_MUX/diag_rsp_rdata_reg[2]/CE,READOUT_PATH
NVP_I2C_TRACE_OBSERVER/trace_full,NVP_TRACE_HOST_READ_MUX/diag_rsp_rdata_reg[28]/CE,READOUT_PATH
NVP_I2C_TRACE_OBSERVER/trace_full,NVP_TRACE_HOST_READ_MUX/diag_rsp_rdata_reg[27]/CE,READOUT_PATH
NVP_I2C_TRACE_OBSERVER/trace_full,NVP_TRACE_HOST_READ_MUX/diag_rsp_rdata_reg[26]/CE,READOUT_PATH
NVP_I2C_TRACE_OBSERVER/trace_full,NVP_TRACE_HOST_READ_MUX/diag_rsp_rdata_reg[25]/CE,READOUT_PATH
NVP_I2C_TRACE_OBSERVER/trace_full,NVP_TRACE_HOST_READ_MUX/diag_rsp_rdata_reg[24]/CE,READOUT_PATH
NVP_I2C_TRACE_OBSERVER/trace_full,NVP_TRACE_HOST_READ_MUX/diag_rsp_rdata_reg[23]/CE,READOUT_PATH
NVP_I2C_TRACE_OBSERVER/trace_full,NVP_TRACE_HOST_READ_MUX/diag_rsp_rdata_reg[22]/CE,READOUT_PATH
NVP_I2C_TRACE_OBSERVER/trace_full,NVP_TRACE_HOST_READ_MUX/diag_rsp_rdata_reg[21]/CE,READOUT_PATH
NVP_I2C_TRACE_OBSERVER/trace_full,NVP_TRACE_HOST_READ_MUX/diag_rsp_rdata_reg[20]/CE,READOUT_PATH
NVP_I2C_TRACE_OBSERVER/trace_full,NVP_TRACE_HOST_READ_MUX/diag_rsp_rdata_reg[1]/CE,READOUT_PATH
NVP_I2C_TRACE_OBSERVER/trace_full,NVP_TRACE_HOST_READ_MUX/diag_rsp_rdata_reg[19]/CE,READOUT_PATH
NVP_I2C_TRACE_OBSERVER/trace_full,NVP_TRACE_HOST_READ_MUX/diag_rsp_rdata_reg[18]/CE,READOUT_PATH
NVP_I2C_TRACE_OBSERVER/trace_full,NVP_TRACE_HOST_READ_MUX/diag_rsp_rdata_reg[17]/CE,READOUT_PATH
NVP_I2C_TRACE_OBSERVER/trace_full,NVP_TRACE_HOST_READ_MUX/diag_rsp_rdata_reg[16]/CE,READOUT_PATH
NVP_I2C_TRACE_OBSERVER/trace_full,NVP_TRACE_HOST_READ_MUX/diag_rsp_rdata_reg[15]/CE,READOUT_PATH
NVP_I2C_TRACE_OBSERVER/trace_full,NVP_TRACE_HOST_READ_MUX/diag_rsp_rdata_reg[14]/CE,READOUT_PATH
NVP_I2C_TRACE_OBSERVER/trace_full,NVP_TRACE_HOST_READ_MUX/diag_rsp_rdata_reg[13]/CE,READOUT_PATH
NVP_I2C_TRACE_OBSERVER/trace_full,NVP_TRACE_HOST_READ_MUX/diag_rsp_rdata_reg[12]/CE,READOUT_PATH
NVP_I2C_TRACE_OBSERVER/trace_full,NVP_TRACE_HOST_READ_MUX/diag_rsp_rdata_reg[11]/CE,READOUT_PATH
NVP_I2C_TRACE_OBSERVER/trace_full,NVP_TRACE_HOST_READ_MUX/diag_rsp_rdata_reg[10]/CE,READOUT_PATH
NVP_I2C_TRACE_OBSERVER/trace_full,NVP_TRACE_HOST_READ_MUX/diag_rsp_rdata_reg[0]/CE,READOUT_PATH
NVP_I2C_TRACE_OBSERVER/trace_full,NVP_TRACE_HOST_READ_MUX/diag_rsp_valid_reg/D,READOUT_PATH
NVP_I2C_TRACE_OBSERVER/trace_full,NVP_TRACE_HOST_READ_MUX/diag_rsp_rdata_reg[31]/D,READOUT_PATH
NVP_I2C_TRACE_OBSERVER/trace_full,NVP_TRACE_HOST_READ_MUX/diag_rsp_rdata_reg[23]/D,READOUT_PATH
NVP_I2C_TRACE_OBSERVER/trace_full,NVP_TRACE_HOST_READ_MUX/diag_rsp_rdata_reg[22]/D,READOUT_PATH
NVP_I2C_TRACE_OBSERVER/trace_full,NVP_TRACE_HOST_READ_MUX/diag_rsp_rdata_reg[21]/D,READOUT_PATH
NVP_I2C_TRACE_OBSERVER/trace_full,NVP_TRACE_HOST_READ_MUX/diag_rsp_rdata_reg[18]/D,READOUT_PATH
NVP_I2C_TRACE_OBSERVER/trace_full,NVP_TRACE_HOST_READ_MUX/diag_rsp_rdata_reg[15]/D,READOUT_PATH
NVP_I2C_TRACE_OBSERVER/trace_full,NVP_TRACE_HOST_READ_MUX/diag_rsp_rdata_reg[12]/D,READOUT_PATH
NVP_I2C_TRACE_OBSERVER/trace_full,NVP_TRACE_HOST_READ_MUX/diag_rsp_rdata_reg[11]/D,READOUT_PATH
NVP_I2C_TRACE_OBSERVER/trace_full,NVP_TRACE_HOST_READ_MUX/read_word_select_reg[2]/D,READOUT_PATH
NVP_I2C_TRACE_OBSERVER/trace_full,NVP_TRACE_HOST_READ_MUX/diag_rsp_rdata_reg[9]/D,READOUT_PATH
NVP_I2C_TRACE_OBSERVER/trace_full,NVP_TRACE_HOST_READ_MUX/diag_rsp_rdata_reg[8]/D,READOUT_PATH
NVP_I2C_TRACE_OBSERVER/trace_full,NVP_TRACE_HOST_READ_MUX/diag_rsp_rdata_reg[7]/D,READOUT_PATH
NVP_I2C_TRACE_OBSERVER/trace_full,NVP_TRACE_HOST_READ_MUX/diag_rsp_rdata_reg[6]/D,READOUT_PATH
NVP_I2C_TRACE_OBSERVER/trace_full,NVP_TRACE_HOST_READ_MUX/diag_rsp_rdata_reg[5]/D,READOUT_PATH
NVP_I2C_TRACE_OBSERVER/trace_full,NVP_TRACE_HOST_READ_MUX/diag_rsp_rdata_reg[4]/D,READOUT_PATH
NVP_I2C_TRACE_OBSERVER/trace_full,NVP_TRACE_HOST_READ_MUX/diag_rsp_rdata_reg[3]/D,READOUT_PATH
NVP_I2C_TRACE_OBSERVER/trace_full,NVP_TRACE_HOST_READ_MUX/diag_rsp_rdata_reg[30]/D,READOUT_PATH
NVP_I2C_TRACE_OBSERVER/trace_full,NVP_TRACE_HOST_READ_MUX/diag_rsp_rdata_reg[2]/D,READOUT_PATH
NVP_I2C_TRACE_OBSERVER/trace_full,NVP_TRACE_HOST_READ_MUX/diag_rsp_rdata_reg[27]/D,READOUT_PATH
NVP_I2C_TRACE_OBSERVER/trace_full,NVP_TRACE_HOST_READ_MUX/diag_rsp_rdata_reg[26]/D,READOUT_PATH
NVP_I2C_TRACE_OBSERVER/trace_full,NVP_TRACE_HOST_READ_MUX/diag_rsp_rdata_reg[25]/D,READOUT_PATH
NVP_I2C_TRACE_OBSERVER/trace_full,NVP_TRACE_HOST_READ_MUX/diag_rsp_rdata_reg[1]/D,READOUT_PATH
NVP_I2C_TRACE_OBSERVER/trace_full,NVP_TRACE_HOST_READ_MUX/diag_rsp_rdata_reg[19]/D,READOUT_PATH
NVP_I2C_TRACE_OBSERVER/trace_full,NVP_TRACE_HOST_READ_MUX/diag_rsp_rdata_reg[14]/D,READOUT_PATH
NVP_I2C_TRACE_OBSERVER/trace_full,NVP_TRACE_HOST_READ_MUX/diag_rsp_rdata_reg[10]/D,READOUT_PATH
NVP_I2C_TRACE_OBSERVER/trace_full,NVP_TRACE_HOST_READ_MUX/diag_rsp_rdata_reg[0]/D,READOUT_PATH
NVP_I2C_TRACE_OBSERVER/trace_full,NVP_TRACE_HOST_READ_MUX/shadow_read_enable_reg/D,READOUT_PATH
NVP_I2C_TRACE_OBSERVER/trace_full,NVP_TRACE_HOST_READ_MUX/shadow_read_address_reg[7]/CE,READOUT_PATH
NVP_I2C_TRACE_OBSERVER/trace_full,NVP_TRACE_HOST_READ_MUX/shadow_read_address_reg[6]/CE,READOUT_PATH
NVP_I2C_TRACE_OBSERVER/trace_full,NVP_TRACE_HOST_READ_MUX/shadow_read_address_reg[5]/CE,READOUT_PATH
NVP_I2C_TRACE_OBSERVER/trace_full,NVP_TRACE_HOST_READ_MUX/shadow_read_address_reg[4]/CE,READOUT_PATH
NVP_I2C_TRACE_OBSERVER/trace_full,NVP_TRACE_HOST_READ_MUX/shadow_read_address_reg[3]/CE,READOUT_PATH
NVP_I2C_TRACE_OBSERVER/trace_full,NVP_TRACE_HOST_READ_MUX/shadow_read_address_reg[2]/CE,READOUT_PATH
NVP_I2C_TRACE_OBSERVER/trace_full,NVP_TRACE_HOST_READ_MUX/shadow_read_address_reg[1]/CE,READOUT_PATH
NVP_I2C_TRACE_OBSERVER/trace_full,NVP_TRACE_HOST_READ_MUX/shadow_read_address_reg[0]/CE,READOUT_PATH
NVP_I2C_TRACE_OBSERVER/trace_full,NVP_TRACE_HOST_READ_MUX/diag_rsp_rdata_reg[28]/D,READOUT_PATH
NVP_I2C_TRACE_OBSERVER/trace_full,NVP_TRACE_HOST_READ_MUX/diag_rsp_rdata_reg[24]/D,READOUT_PATH
NVP_I2C_TRACE_OBSERVER/trace_full,NVP_TRACE_HOST_READ_MUX/diag_rsp_rdata_reg[20]/D,READOUT_PATH
NVP_I2C_TRACE_OBSERVER/trace_full,NVP_TRACE_HOST_READ_MUX/diag_rsp_rdata_reg[17]/D,READOUT_PATH
NVP_I2C_TRACE_OBSERVER/trace_full,NVP_TRACE_HOST_READ_MUX/diag_rsp_rdata_reg[16]/D,READOUT_PATH
NVP_I2C_TRACE_OBSERVER/trace_full,NVP_TRACE_HOST_READ_MUX/diag_rsp_rdata_reg[13]/D,READOUT_PATH
NVP_I2C_TRACE_OBSERVER/trace_full,NVP_TRACE_HOST_READ_MUX/read_kind_reg[1]/D,READOUT_PATH
NVP_I2C_TRACE_OBSERVER/trace_full,NVP_TRACE_HOST_READ_MUX/read_kind_reg[0]/D,READOUT_PATH
NVP_I2C_TRACE_OBSERVER/trace_full,NVP_TRACE_HOST_READ_MUX/read_word_select_reg[1]/D,READOUT_PATH
NVP_I2C_TRACE_OBSERVER/trace_full,NVP_TRACE_HOST_READ_MUX/read_word_select_reg[0]/D,READOUT_PATH
NVP_I2C_TRACE_OBSERVER/trace_full,NVP_TRACE_HOST_READ_MUX/read_wait_reg[1]/D,READOUT_PATH
NVP_I2C_TRACE_OBSERVER/trace_full,NVP_TRACE_HOST_READ_MUX/trace_read_enable_reg/D,READOUT_PATH
NVP_I2C_TRACE_OBSERVER/trace_full,NVP_TRACE_HOST_READ_MUX/trace_read_address_reg[9]/CE,READOUT_PATH
NVP_I2C_TRACE_OBSERVER/trace_full,NVP_TRACE_HOST_READ_MUX/trace_read_address_reg[8]/CE,READOUT_PATH
NVP_I2C_TRACE_OBSERVER/trace_full,NVP_TRACE_HOST_READ_MUX/trace_read_address_reg[7]/CE,READOUT_PATH
NVP_I2C_TRACE_OBSERVER/trace_full,NVP_TRACE_HOST_READ_MUX/trace_read_address_reg[6]/CE,READOUT_PATH
NVP_I2C_TRACE_OBSERVER/trace_full,NVP_TRACE_HOST_READ_MUX/trace_read_address_reg[5]/CE,READOUT_PATH
NVP_I2C_TRACE_OBSERVER/trace_full,NVP_TRACE_HOST_READ_MUX/trace_read_address_reg[4]/CE,READOUT_PATH
NVP_I2C_TRACE_OBSERVER/trace_full,NVP_TRACE_HOST_READ_MUX/trace_read_address_reg[3]/CE,READOUT_PATH
NVP_I2C_TRACE_OBSERVER/trace_full,NVP_TRACE_HOST_READ_MUX/trace_read_address_reg[2]/CE,READOUT_PATH
NVP_I2C_TRACE_OBSERVER/trace_full,NVP_TRACE_HOST_READ_MUX/trace_read_address_reg[1]/CE,READOUT_PATH
NVP_I2C_TRACE_OBSERVER/trace_full,NVP_TRACE_HOST_READ_MUX/trace_read_address_reg[11]/CE,READOUT_PATH
NVP_I2C_TRACE_OBSERVER/trace_full,NVP_TRACE_HOST_READ_MUX/trace_read_address_reg[10]/CE,READOUT_PATH
NVP_I2C_TRACE_OBSERVER/trace_full,NVP_TRACE_HOST_READ_MUX/trace_read_address_reg[0]/CE,READOUT_PATH
NVP_I2C_TRACE_OBSERVER/trace_full,NVP_TRACE_HOST_READ_MUX/context_read_enable_reg/D,READOUT_PATH
NVP_I2C_TRACE_OBSERVER/trace_full,NVP_TRACE_HOST_READ_MUX/context_read_address_reg[8]/CE,READOUT_PATH
NVP_I2C_TRACE_OBSERVER/trace_full,NVP_TRACE_HOST_READ_MUX/context_read_address_reg[7]/CE,READOUT_PATH
NVP_I2C_TRACE_OBSERVER/trace_full,NVP_TRACE_HOST_READ_MUX/context_read_address_reg[6]/CE,READOUT_PATH
NVP_I2C_TRACE_OBSERVER/trace_full,NVP_TRACE_HOST_READ_MUX/context_read_address_reg[5]/CE,READOUT_PATH
NVP_I2C_TRACE_OBSERVER/trace_full,NVP_TRACE_HOST_READ_MUX/context_read_address_reg[4]/CE,READOUT_PATH
NVP_I2C_TRACE_OBSERVER/trace_full,NVP_TRACE_HOST_READ_MUX/context_read_address_reg[3]/CE,READOUT_PATH
NVP_I2C_TRACE_OBSERVER/trace_full,NVP_TRACE_HOST_READ_MUX/context_read_address_reg[2]/CE,READOUT_PATH
NVP_I2C_TRACE_OBSERVER/trace_full,NVP_TRACE_HOST_READ_MUX/context_read_address_reg[1]/CE,READOUT_PATH
NVP_I2C_TRACE_OBSERVER/trace_full,NVP_TRACE_HOST_READ_MUX/context_read_address_reg[0]/CE,READOUT_PATH
NVP_I2C_TRACE_OBSERVER/trace_overflow,NVP_TRACE_HOST_READ_MUX/diag_rsp_rdata[0]_i_20/I4,READOUT_PATH
NVP_I2C_TRACE_OBSERVER/trace_overflow,NVP_TRACE_HOST_READ_MUX/diag_rsp_rdata[4]_i_17/I2,READOUT_PATH
NVP_I2C_TRACE_OBSERVER/trace_overflow,NVP_I2C_TRACE_OBSERVER/trace_overflow,READOUT_PATH
NVP_I2C_TRACE_OBSERVER/trace_trigger_index[0],NVP_TRACE_HOST_READ_MUX/diag_rsp_rdata_reg[0]/D,READOUT_PATH
NVP_I2C_TRACE_OBSERVER/trace_trigger_index[10],NVP_TRACE_HOST_READ_MUX/diag_rsp_rdata_reg[10]/D,READOUT_PATH
NVP_I2C_TRACE_OBSERVER/trace_trigger_index[11],NVP_TRACE_HOST_READ_MUX/diag_rsp_rdata_reg[11]/D,READOUT_PATH
NVP_I2C_TRACE_OBSERVER/trace_trigger_index[1],NVP_TRACE_HOST_READ_MUX/diag_rsp_rdata_reg[1]/D,READOUT_PATH
NVP_I2C_TRACE_OBSERVER/trace_trigger_index[2],NVP_TRACE_HOST_READ_MUX/diag_rsp_rdata_reg[2]/D,READOUT_PATH
NVP_I2C_TRACE_OBSERVER/trace_trigger_index[3],NVP_TRACE_HOST_READ_MUX/diag_rsp_rdata_reg[3]/D,READOUT_PATH
NVP_I2C_TRACE_OBSERVER/trace_trigger_index[4],NVP_TRACE_HOST_READ_MUX/diag_rsp_rdata_reg[4]/D,READOUT_PATH
NVP_I2C_TRACE_OBSERVER/trace_trigger_index[5],NVP_TRACE_HOST_READ_MUX/diag_rsp_rdata_reg[5]/D,READOUT_PATH
NVP_I2C_TRACE_OBSERVER/trace_trigger_index[6],NVP_TRACE_HOST_READ_MUX/diag_rsp_rdata[6]_i_6/I5,READOUT_PATH
NVP_I2C_TRACE_OBSERVER/trace_trigger_index[6],NVP_TRACE_HOST_READ_MUX/diag_rsp_rdata_reg[6]/D,READOUT_PATH
NVP_I2C_TRACE_OBSERVER/trace_trigger_index[7],NVP_TRACE_HOST_READ_MUX/diag_rsp_rdata_reg[7]/D,READOUT_PATH
NVP_I2C_TRACE_OBSERVER/trace_trigger_index[8],NVP_TRACE_HOST_READ_MUX/diag_rsp_rdata_reg[8]/D,READOUT_PATH
NVP_I2C_TRACE_OBSERVER/trace_trigger_index[9],NVP_TRACE_HOST_READ_MUX/diag_rsp_rdata_reg[9]/D,READOUT_PATH
NVP_I2C_TRACE_OBSERVER/trace_trigger_reason[0],NVP_TRACE_HOST_READ_MUX/diag_rsp_rdata_reg[0]/D,READOUT_PATH
NVP_I2C_TRACE_OBSERVER/trace_trigger_reason[1],NVP_TRACE_HOST_READ_MUX/diag_rsp_rdata_reg[1]/D,READOUT_PATH
NVP_I2C_TRACE_OBSERVER/trace_triggered,NVP_TRACE_HOST_READ_MUX/diag_rsp_rdata_reg[1]/D,READOUT_PATH
NVP_I2C_TRACE_OBSERVER/trace_valid_count[0],NVP_TRACE_HOST_READ_MUX/diag_rsp_rdata_reg[0]/D,READOUT_PATH
NVP_I2C_TRACE_OBSERVER/trace_valid_count[10],NVP_TRACE_HOST_READ_MUX/diag_rsp_rdata_reg[10]/D,READOUT_PATH
NVP_I2C_TRACE_OBSERVER/trace_valid_count[11],NVP_TRACE_HOST_READ_MUX/diag_rsp_rdata_reg[11]/D,READOUT_PATH
NVP_I2C_TRACE_OBSERVER/trace_valid_count[12],NVP_TRACE_HOST_READ_MUX/diag_rsp_rdata_reg[12]/D,READOUT_PATH
NVP_I2C_TRACE_OBSERVER/trace_valid_count[1],NVP_TRACE_HOST_READ_MUX/diag_rsp_rdata_reg[1]/D,READOUT_PATH
NVP_I2C_TRACE_OBSERVER/trace_valid_count[2],NVP_TRACE_HOST_READ_MUX/diag_rsp_rdata_reg[2]/D,READOUT_PATH
NVP_I2C_TRACE_OBSERVER/trace_valid_count[3],NVP_TRACE_HOST_READ_MUX/diag_rsp_rdata_reg[3]/D,READOUT_PATH
NVP_I2C_TRACE_OBSERVER/trace_valid_count[4],NVP_TRACE_HOST_READ_MUX/diag_rsp_rdata_reg[4]/D,READOUT_PATH
NVP_I2C_TRACE_OBSERVER/trace_valid_count[5],NVP_TRACE_HOST_READ_MUX/diag_rsp_rdata_reg[5]/D,READOUT_PATH
NVP_I2C_TRACE_OBSERVER/trace_valid_count[6],NVP_TRACE_HOST_READ_MUX/diag_rsp_rdata_reg[6]/D,READOUT_PATH
NVP_I2C_TRACE_OBSERVER/trace_valid_count[7],NVP_TRACE_HOST_READ_MUX/diag_rsp_rdata_reg[7]/D,READOUT_PATH
NVP_I2C_TRACE_OBSERVER/trace_valid_count[8],NVP_TRACE_HOST_READ_MUX/diag_rsp_rdata_reg[8]/D,READOUT_PATH
NVP_I2C_TRACE_OBSERVER/trace_valid_count[9],NVP_TRACE_HOST_READ_MUX/diag_rsp_rdata_reg[9]/D,READOUT_PATH
