Copyright 1986-2022 Xilinx, Inc. All Rights Reserved. Copyright 2022-2025 Advanced Micro Devices, Inc. All Rights Reserved.
--------------------------------------------------------------------------------------------------------------------------------------------------------------------------------------------------------------------------------------------------------------------------------------------------------------------------------------------------------------------------------------------------------------------------------------------------------------------------------------------------------------------
| Tool Version : Vivado v.2025.2 (win64) Build 6299465 Fri Nov 14 19:35:11 GMT 2025
| Date         : Fri Aug 21 16:41:57 2026
| Host         : NBLSUDUL running 64-bit major release  (build 9200)
| Command      : report_timing -from [get_pins -quiet -of_objects [get_cells -quiet -hierarchical -regexp {^NVP_AUTOINIT/u_sequence/sda_filtered_r_reg$}] -filter {REF_PIN_NAME == Q}] -to [get_pins -quiet NVP_AUTOINIT/u_sequence/tick_reg/C] -delay_type min -max_paths 20 -nworst 1 -unique_pins -routable_nets -sort_by slack -path_type full_clock_expanded -input_pins -file C:/FPGA/V41_NVP_ROUTED_DCP_POWER_TIMING_AUDIT_R1/06_COMPARATOR_FORMAL_PHASE2/FORMAL_PHASE2_SDA_FILTERED_TO_ACK_DECISION_MIN.rpt
| Design       : ahd_capture_top_xdma
| Device       : 7a35t-csg325
| Speed File   : -2  PRODUCTION 1.23 2018-06-13
| Design State : Routed
--------------------------------------------------------------------------------------------------------------------------------------------------------------------------------------------------------------------------------------------------------------------------------------------------------------------------------------------------------------------------------------------------------------------------------------------------------------------------------------------------------------------

Timing Report

Slack (MET) :             0.368ns  (arrival time - required time)
  Source:                 NVP_AUTOINIT/u_sequence/sda_filtered_r_reg/C
                            (rising edge-triggered cell FDSE clocked by userclk1  {rise@0.000ns fall@8.000ns period=16.000ns})
  Destination:            NVP_AUTOINIT/u_sequence/nack_log_overflow_r_reg/D
                            (rising edge-triggered cell FDRE clocked by userclk1  {rise@0.000ns fall@8.000ns period=16.000ns})
  Path Group:             userclk1
  Path Type:              Hold (Min at Fast Process Corner)
  Requirement:            0.000ns  (userclk1 rise@0.000ns - userclk1 rise@0.000ns)
  Data Path Delay:        0.476ns  (logic 0.209ns (43.880%)  route 0.267ns (56.120%))
  Logic Levels:           1  (LUT6=1)
  Clock Path Skew:        0.017ns (DCD - SCD - CPR)
    Destination Clock Delay (DCD):    2.805ns
    Source Clock Delay      (SCD):    2.179ns
    Clock Pessimism Removal (CPR):    0.610ns

    Location             Delay type                Incr(ns)  Path(ns)    Netlist Resource(s)
  -------------------------------------------------------------------    -------------------
                         (clock userclk1 rise edge)
                                                      0.000     0.000 r  
    GTPE2_CHANNEL_X0Y3   GTPE2_CHANNEL                0.000     0.000 r  XDMA/inst/xdma_v41_m1_pcie2_to_pcie3_wrapper_i/pcie2_ip_i/inst/inst/gt_top_i/pipe_wrapper_i/pipe_lane[0].gt_wrapper_i/gtp_channel.gtpe2_channel_i/TXOUTCLK
                         net (fo=1, routed)           0.473     0.473    XDMA/inst/xdma_v41_m1_pcie2_to_pcie3_wrapper_i/pcie2_ip_i/inst/inst/gt_top_i/pipe_wrapper_i/pipe_clock_int.pipe_clock_i/txoutclk_i.txoutclk_i_0
    BUFGCTRL_X0Y20                                                    r  XDMA/inst/xdma_v41_m1_pcie2_to_pcie3_wrapper_i/pcie2_ip_i/inst/inst/gt_top_i/pipe_wrapper_i/pipe_clock_int.pipe_clock_i/txoutclk_i.txoutclk_i/I
    BUFGCTRL_X0Y20       BUFG (Prop_bufg_I_O)         0.026     0.499 r  XDMA/inst/xdma_v41_m1_pcie2_to_pcie3_wrapper_i/pcie2_ip_i/inst/inst/gt_top_i/pipe_wrapper_i/pipe_clock_int.pipe_clock_i/txoutclk_i.txoutclk_i/O
                         net (fo=1, routed)           0.551     1.050    XDMA/inst/xdma_v41_m1_pcie2_to_pcie3_wrapper_i/pcie2_ip_i/inst/inst/gt_top_i/pipe_wrapper_i/pipe_clock_int.pipe_clock_i/refclk
    MMCME2_ADV_X0Y0                                                   r  XDMA/inst/xdma_v41_m1_pcie2_to_pcie3_wrapper_i/pcie2_ip_i/inst/inst/gt_top_i/pipe_wrapper_i/pipe_clock_int.pipe_clock_i/mmcm_i/CLKIN1
    MMCME2_ADV_X0Y0      MMCME2_ADV (Prop_mmcme2_adv_CLKIN1_CLKOUT2)
                                                      0.050     1.100 r  XDMA/inst/xdma_v41_m1_pcie2_to_pcie3_wrapper_i/pcie2_ip_i/inst/inst/gt_top_i/pipe_wrapper_i/pipe_clock_int.pipe_clock_i/mmcm_i/CLKOUT2
                         net (fo=1, routed)           0.489     1.589    XDMA/inst/xdma_v41_m1_pcie2_to_pcie3_wrapper_i/pcie2_ip_i/inst/inst/gt_top_i/pipe_wrapper_i/pipe_clock_int.pipe_clock_i/userclk1
    BUFGCTRL_X0Y0                                                     r  XDMA/inst/xdma_v41_m1_pcie2_to_pcie3_wrapper_i/pcie2_ip_i/inst/inst/gt_top_i/pipe_wrapper_i/pipe_clock_int.pipe_clock_i/userclk1_i1.usrclk1_i1/I
    BUFGCTRL_X0Y0        BUFG (Prop_bufg_I_O)         0.026     1.615 r  XDMA/inst/xdma_v41_m1_pcie2_to_pcie3_wrapper_i/pcie2_ip_i/inst/inst/gt_top_i/pipe_wrapper_i/pipe_clock_int.pipe_clock_i/userclk1_i1.usrclk1_i1/O
                         net (fo=15140, routed)       0.564     2.179    NVP_AUTOINIT/u_sequence/axi_aclk
    SLICE_X46Y44         FDSE                                         r  NVP_AUTOINIT/u_sequence/sda_filtered_r_reg/C
  -------------------------------------------------------------------    -------------------
    SLICE_X46Y44         FDSE (Prop_fdse_C_Q)         0.164     2.343 r  NVP_AUTOINIT/u_sequence/sda_filtered_r_reg/Q
                         net (fo=11, routed)          0.267     2.610    NVP_AUTOINIT/u_sequence/sda_filtered_r
    SLICE_X45Y47                                                      r  NVP_AUTOINIT/u_sequence/nack_log_overflow_r_i_1/I3
    SLICE_X45Y47         LUT6 (Prop_lut6_I3_O)        0.045     2.655 r  NVP_AUTOINIT/u_sequence/nack_log_overflow_r_i_1/O
                         net (fo=1, routed)           0.000     2.655    NVP_AUTOINIT/u_sequence/nack_log_overflow_r_i_1_n_0
    SLICE_X45Y47         FDRE                                         r  NVP_AUTOINIT/u_sequence/nack_log_overflow_r_reg/D
  -------------------------------------------------------------------    -------------------

                         (clock userclk1 rise edge)
                                                      0.000     0.000 r  
    GTPE2_CHANNEL_X0Y3   GTPE2_CHANNEL                0.000     0.000 r  XDMA/inst/xdma_v41_m1_pcie2_to_pcie3_wrapper_i/pcie2_ip_i/inst/inst/gt_top_i/pipe_wrapper_i/pipe_lane[0].gt_wrapper_i/gtp_channel.gtpe2_channel_i/TXOUTCLK
                         net (fo=1, routed)           0.509     0.509    XDMA/inst/xdma_v41_m1_pcie2_to_pcie3_wrapper_i/pcie2_ip_i/inst/inst/gt_top_i/pipe_wrapper_i/pipe_clock_int.pipe_clock_i/txoutclk_i.txoutclk_i_0
    BUFGCTRL_X0Y20                                                    r  XDMA/inst/xdma_v41_m1_pcie2_to_pcie3_wrapper_i/pcie2_ip_i/inst/inst/gt_top_i/pipe_wrapper_i/pipe_clock_int.pipe_clock_i/txoutclk_i.txoutclk_i/I
    BUFGCTRL_X0Y20       BUFG (Prop_bufg_I_O)         0.029     0.538 r  XDMA/inst/xdma_v41_m1_pcie2_to_pcie3_wrapper_i/pcie2_ip_i/inst/inst/gt_top_i/pipe_wrapper_i/pipe_clock_int.pipe_clock_i/txoutclk_i.txoutclk_i/O
                         net (fo=1, routed)           0.818     1.355    XDMA/inst/xdma_v41_m1_pcie2_to_pcie3_wrapper_i/pcie2_ip_i/inst/inst/gt_top_i/pipe_wrapper_i/pipe_clock_int.pipe_clock_i/refclk
    MMCME2_ADV_X0Y0                                                   r  XDMA/inst/xdma_v41_m1_pcie2_to_pcie3_wrapper_i/pcie2_ip_i/inst/inst/gt_top_i/pipe_wrapper_i/pipe_clock_int.pipe_clock_i/mmcm_i/CLKIN1
    MMCME2_ADV_X0Y0      MMCME2_ADV (Prop_mmcme2_adv_CLKIN1_CLKOUT2)
                                                      0.053     1.408 r  XDMA/inst/xdma_v41_m1_pcie2_to_pcie3_wrapper_i/pcie2_ip_i/inst/inst/gt_top_i/pipe_wrapper_i/pipe_clock_int.pipe_clock_i/mmcm_i/CLKOUT2
                         net (fo=1, routed)           0.534     1.942    XDMA/inst/xdma_v41_m1_pcie2_to_pcie3_wrapper_i/pcie2_ip_i/inst/inst/gt_top_i/pipe_wrapper_i/pipe_clock_int.pipe_clock_i/userclk1
    BUFGCTRL_X0Y0                                                     r  XDMA/inst/xdma_v41_m1_pcie2_to_pcie3_wrapper_i/pcie2_ip_i/inst/inst/gt_top_i/pipe_wrapper_i/pipe_clock_int.pipe_clock_i/userclk1_i1.usrclk1_i1/I
    BUFGCTRL_X0Y0        BUFG (Prop_bufg_I_O)         0.029     1.971 r  XDMA/inst/xdma_v41_m1_pcie2_to_pcie3_wrapper_i/pcie2_ip_i/inst/inst/gt_top_i/pipe_wrapper_i/pipe_clock_int.pipe_clock_i/userclk1_i1.usrclk1_i1/O
                         net (fo=15140, routed)       0.835     2.806    NVP_AUTOINIT/u_sequence/axi_aclk
    SLICE_X45Y47         FDRE                                         r  NVP_AUTOINIT/u_sequence/nack_log_overflow_r_reg/C
                         clock pessimism             -0.610     2.196    
    SLICE_X45Y47         FDRE (Hold_fdre_C_D)         0.091     2.287    NVP_AUTOINIT/u_sequence/nack_log_overflow_r_reg
  -------------------------------------------------------------------
                         required time                         -2.287    
                         arrival time                           2.655    
  -------------------------------------------------------------------
                         slack                                  0.368    

Slack (MET) :             0.378ns  (arrival time - required time)
  Source:                 NVP_AUTOINIT/u_sequence/sda_filtered_r_reg/C
                            (rising edge-triggered cell FDSE clocked by userclk1  {rise@0.000ns fall@8.000ns period=16.000ns})
  Destination:            NVP_AUTOINIT/u_sequence/last_ack_r_reg/D
                            (rising edge-triggered cell FDSE clocked by userclk1  {rise@0.000ns fall@8.000ns period=16.000ns})
  Path Group:             userclk1
  Path Type:              Hold (Min at Fast Process Corner)
  Requirement:            0.000ns  (userclk1 rise@0.000ns - userclk1 rise@0.000ns)
  Data Path Delay:        0.767ns  (logic 0.209ns (27.259%)  route 0.558ns (72.741%))
  Logic Levels:           1  (LUT5=1)
  Clock Path Skew:        0.268ns (DCD - SCD - CPR)
    Destination Clock Delay (DCD):    2.802ns
    Source Clock Delay      (SCD):    2.179ns
    Clock Pessimism Removal (CPR):    0.356ns

    Location             Delay type                Incr(ns)  Path(ns)    Netlist Resource(s)
  -------------------------------------------------------------------    -------------------
                         (clock userclk1 rise edge)
                                                      0.000     0.000 r  
    GTPE2_CHANNEL_X0Y3   GTPE2_CHANNEL                0.000     0.000 r  XDMA/inst/xdma_v41_m1_pcie2_to_pcie3_wrapper_i/pcie2_ip_i/inst/inst/gt_top_i/pipe_wrapper_i/pipe_lane[0].gt_wrapper_i/gtp_channel.gtpe2_channel_i/TXOUTCLK
                         net (fo=1, routed)           0.473     0.473    XDMA/inst/xdma_v41_m1_pcie2_to_pcie3_wrapper_i/pcie2_ip_i/inst/inst/gt_top_i/pipe_wrapper_i/pipe_clock_int.pipe_clock_i/txoutclk_i.txoutclk_i_0
    BUFGCTRL_X0Y20                                                    r  XDMA/inst/xdma_v41_m1_pcie2_to_pcie3_wrapper_i/pcie2_ip_i/inst/inst/gt_top_i/pipe_wrapper_i/pipe_clock_int.pipe_clock_i/txoutclk_i.txoutclk_i/I
    BUFGCTRL_X0Y20       BUFG (Prop_bufg_I_O)         0.026     0.499 r  XDMA/inst/xdma_v41_m1_pcie2_to_pcie3_wrapper_i/pcie2_ip_i/inst/inst/gt_top_i/pipe_wrapper_i/pipe_clock_int.pipe_clock_i/txoutclk_i.txoutclk_i/O
                         net (fo=1, routed)           0.551     1.050    XDMA/inst/xdma_v41_m1_pcie2_to_pcie3_wrapper_i/pcie2_ip_i/inst/inst/gt_top_i/pipe_wrapper_i/pipe_clock_int.pipe_clock_i/refclk
    MMCME2_ADV_X0Y0                                                   r  XDMA/inst/xdma_v41_m1_pcie2_to_pcie3_wrapper_i/pcie2_ip_i/inst/inst/gt_top_i/pipe_wrapper_i/pipe_clock_int.pipe_clock_i/mmcm_i/CLKIN1
    MMCME2_ADV_X0Y0      MMCME2_ADV (Prop_mmcme2_adv_CLKIN1_CLKOUT2)
                                                      0.050     1.100 r  XDMA/inst/xdma_v41_m1_pcie2_to_pcie3_wrapper_i/pcie2_ip_i/inst/inst/gt_top_i/pipe_wrapper_i/pipe_clock_int.pipe_clock_i/mmcm_i/CLKOUT2
                         net (fo=1, routed)           0.489     1.589    XDMA/inst/xdma_v41_m1_pcie2_to_pcie3_wrapper_i/pcie2_ip_i/inst/inst/gt_top_i/pipe_wrapper_i/pipe_clock_int.pipe_clock_i/userclk1
    BUFGCTRL_X0Y0                                                     r  XDMA/inst/xdma_v41_m1_pcie2_to_pcie3_wrapper_i/pcie2_ip_i/inst/inst/gt_top_i/pipe_wrapper_i/pipe_clock_int.pipe_clock_i/userclk1_i1.usrclk1_i1/I
    BUFGCTRL_X0Y0        BUFG (Prop_bufg_I_O)         0.026     1.615 r  XDMA/inst/xdma_v41_m1_pcie2_to_pcie3_wrapper_i/pcie2_ip_i/inst/inst/gt_top_i/pipe_wrapper_i/pipe_clock_int.pipe_clock_i/userclk1_i1.usrclk1_i1/O
                         net (fo=15140, routed)       0.564     2.179    NVP_AUTOINIT/u_sequence/axi_aclk
    SLICE_X46Y44         FDSE                                         r  NVP_AUTOINIT/u_sequence/sda_filtered_r_reg/C
  -------------------------------------------------------------------    -------------------
    SLICE_X46Y44         FDSE (Prop_fdse_C_Q)         0.164     2.343 f  NVP_AUTOINIT/u_sequence/sda_filtered_r_reg/Q
                         net (fo=11, routed)          0.558     2.900    NVP_AUTOINIT/u_sequence/sda_filtered_r
    SLICE_X42Y50                                                      f  NVP_AUTOINIT/u_sequence/last_ack_r_i_1/I0
    SLICE_X42Y50         LUT5 (Prop_lut5_I0_O)        0.045     2.945 r  NVP_AUTOINIT/u_sequence/last_ack_r_i_1/O
                         net (fo=1, routed)           0.000     2.945    NVP_AUTOINIT/u_sequence/last_ack_r_i_1_n_0
    SLICE_X42Y50         FDSE                                         r  NVP_AUTOINIT/u_sequence/last_ack_r_reg/D
  -------------------------------------------------------------------    -------------------

                         (clock userclk1 rise edge)
                                                      0.000     0.000 r  
    GTPE2_CHANNEL_X0Y3   GTPE2_CHANNEL                0.000     0.000 r  XDMA/inst/xdma_v41_m1_pcie2_to_pcie3_wrapper_i/pcie2_ip_i/inst/inst/gt_top_i/pipe_wrapper_i/pipe_lane[0].gt_wrapper_i/gtp_channel.gtpe2_channel_i/TXOUTCLK
                         net (fo=1, routed)           0.509     0.509    XDMA/inst/xdma_v41_m1_pcie2_to_pcie3_wrapper_i/pcie2_ip_i/inst/inst/gt_top_i/pipe_wrapper_i/pipe_clock_int.pipe_clock_i/txoutclk_i.txoutclk_i_0
    BUFGCTRL_X0Y20                                                    r  XDMA/inst/xdma_v41_m1_pcie2_to_pcie3_wrapper_i/pcie2_ip_i/inst/inst/gt_top_i/pipe_wrapper_i/pipe_clock_int.pipe_clock_i/txoutclk_i.txoutclk_i/I
    BUFGCTRL_X0Y20       BUFG (Prop_bufg_I_O)         0.029     0.538 r  XDMA/inst/xdma_v41_m1_pcie2_to_pcie3_wrapper_i/pcie2_ip_i/inst/inst/gt_top_i/pipe_wrapper_i/pipe_clock_int.pipe_clock_i/txoutclk_i.txoutclk_i/O
                         net (fo=1, routed)           0.818     1.355    XDMA/inst/xdma_v41_m1_pcie2_to_pcie3_wrapper_i/pcie2_ip_i/inst/inst/gt_top_i/pipe_wrapper_i/pipe_clock_int.pipe_clock_i/refclk
    MMCME2_ADV_X0Y0                                                   r  XDMA/inst/xdma_v41_m1_pcie2_to_pcie3_wrapper_i/pcie2_ip_i/inst/inst/gt_top_i/pipe_wrapper_i/pipe_clock_int.pipe_clock_i/mmcm_i/CLKIN1
    MMCME2_ADV_X0Y0      MMCME2_ADV (Prop_mmcme2_adv_CLKIN1_CLKOUT2)
                                                      0.053     1.408 r  XDMA/inst/xdma_v41_m1_pcie2_to_pcie3_wrapper_i/pcie2_ip_i/inst/inst/gt_top_i/pipe_wrapper_i/pipe_clock_int.pipe_clock_i/mmcm_i/CLKOUT2
                         net (fo=1, routed)           0.534     1.942    XDMA/inst/xdma_v41_m1_pcie2_to_pcie3_wrapper_i/pcie2_ip_i/inst/inst/gt_top_i/pipe_wrapper_i/pipe_clock_int.pipe_clock_i/userclk1
    BUFGCTRL_X0Y0                                                     r  XDMA/inst/xdma_v41_m1_pcie2_to_pcie3_wrapper_i/pcie2_ip_i/inst/inst/gt_top_i/pipe_wrapper_i/pipe_clock_int.pipe_clock_i/userclk1_i1.usrclk1_i1/I
    BUFGCTRL_X0Y0        BUFG (Prop_bufg_I_O)         0.029     1.971 r  XDMA/inst/xdma_v41_m1_pcie2_to_pcie3_wrapper_i/pcie2_ip_i/inst/inst/gt_top_i/pipe_wrapper_i/pipe_clock_int.pipe_clock_i/userclk1_i1.usrclk1_i1/O
                         net (fo=15140, routed)       0.832     2.802    NVP_AUTOINIT/u_sequence/axi_aclk
    SLICE_X42Y50         FDSE                                         r  NVP_AUTOINIT/u_sequence/last_ack_r_reg/C
                         clock pessimism             -0.356     2.447    
    SLICE_X42Y50         FDSE (Hold_fdse_C_D)         0.121     2.568    NVP_AUTOINIT/u_sequence/last_ack_r_reg
  -------------------------------------------------------------------
                         required time                         -2.567    
                         arrival time                           2.945    
  -------------------------------------------------------------------
                         slack                                  0.378    

Slack (MET) :             0.381ns  (arrival time - required time)
  Source:                 NVP_AUTOINIT/u_sequence/sda_filtered_r_reg/C
                            (rising edge-triggered cell FDSE clocked by userclk1  {rise@0.000ns fall@8.000ns period=16.000ns})
  Destination:            NVP_AUTOINIT/u_sequence/cur_error_reg/D
                            (rising edge-triggered cell FDRE clocked by userclk1  {rise@0.000ns fall@8.000ns period=16.000ns})
  Path Group:             userclk1
  Path Type:              Hold (Min at Fast Process Corner)
  Requirement:            0.000ns  (userclk1 rise@0.000ns - userclk1 rise@0.000ns)
  Data Path Delay:        0.769ns  (logic 0.209ns (27.189%)  route 0.560ns (72.812%))
  Logic Levels:           1  (LUT5=1)
  Clock Path Skew:        0.268ns (DCD - SCD - CPR)
    Destination Clock Delay (DCD):    2.802ns
    Source Clock Delay      (SCD):    2.179ns
    Clock Pessimism Removal (CPR):    0.356ns

    Location             Delay type                Incr(ns)  Path(ns)    Netlist Resource(s)
  -------------------------------------------------------------------    -------------------
                         (clock userclk1 rise edge)
                                                      0.000     0.000 r  
    GTPE2_CHANNEL_X0Y3   GTPE2_CHANNEL                0.000     0.000 r  XDMA/inst/xdma_v41_m1_pcie2_to_pcie3_wrapper_i/pcie2_ip_i/inst/inst/gt_top_i/pipe_wrapper_i/pipe_lane[0].gt_wrapper_i/gtp_channel.gtpe2_channel_i/TXOUTCLK
                         net (fo=1, routed)           0.473     0.473    XDMA/inst/xdma_v41_m1_pcie2_to_pcie3_wrapper_i/pcie2_ip_i/inst/inst/gt_top_i/pipe_wrapper_i/pipe_clock_int.pipe_clock_i/txoutclk_i.txoutclk_i_0
    BUFGCTRL_X0Y20                                                    r  XDMA/inst/xdma_v41_m1_pcie2_to_pcie3_wrapper_i/pcie2_ip_i/inst/inst/gt_top_i/pipe_wrapper_i/pipe_clock_int.pipe_clock_i/txoutclk_i.txoutclk_i/I
    BUFGCTRL_X0Y20       BUFG (Prop_bufg_I_O)         0.026     0.499 r  XDMA/inst/xdma_v41_m1_pcie2_to_pcie3_wrapper_i/pcie2_ip_i/inst/inst/gt_top_i/pipe_wrapper_i/pipe_clock_int.pipe_clock_i/txoutclk_i.txoutclk_i/O
                         net (fo=1, routed)           0.551     1.050    XDMA/inst/xdma_v41_m1_pcie2_to_pcie3_wrapper_i/pcie2_ip_i/inst/inst/gt_top_i/pipe_wrapper_i/pipe_clock_int.pipe_clock_i/refclk
    MMCME2_ADV_X0Y0                                                   r  XDMA/inst/xdma_v41_m1_pcie2_to_pcie3_wrapper_i/pcie2_ip_i/inst/inst/gt_top_i/pipe_wrapper_i/pipe_clock_int.pipe_clock_i/mmcm_i/CLKIN1
    MMCME2_ADV_X0Y0      MMCME2_ADV (Prop_mmcme2_adv_CLKIN1_CLKOUT2)
                                                      0.050     1.100 r  XDMA/inst/xdma_v41_m1_pcie2_to_pcie3_wrapper_i/pcie2_ip_i/inst/inst/gt_top_i/pipe_wrapper_i/pipe_clock_int.pipe_clock_i/mmcm_i/CLKOUT2
                         net (fo=1, routed)           0.489     1.589    XDMA/inst/xdma_v41_m1_pcie2_to_pcie3_wrapper_i/pcie2_ip_i/inst/inst/gt_top_i/pipe_wrapper_i/pipe_clock_int.pipe_clock_i/userclk1
    BUFGCTRL_X0Y0                                                     r  XDMA/inst/xdma_v41_m1_pcie2_to_pcie3_wrapper_i/pcie2_ip_i/inst/inst/gt_top_i/pipe_wrapper_i/pipe_clock_int.pipe_clock_i/userclk1_i1.usrclk1_i1/I
    BUFGCTRL_X0Y0        BUFG (Prop_bufg_I_O)         0.026     1.615 r  XDMA/inst/xdma_v41_m1_pcie2_to_pcie3_wrapper_i/pcie2_ip_i/inst/inst/gt_top_i/pipe_wrapper_i/pipe_clock_int.pipe_clock_i/userclk1_i1.usrclk1_i1/O
                         net (fo=15140, routed)       0.564     2.179    NVP_AUTOINIT/u_sequence/axi_aclk
    SLICE_X46Y44         FDSE                                         r  NVP_AUTOINIT/u_sequence/sda_filtered_r_reg/C
  -------------------------------------------------------------------    -------------------
    SLICE_X46Y44         FDSE (Prop_fdse_C_Q)         0.164     2.343 r  NVP_AUTOINIT/u_sequence/sda_filtered_r_reg/Q
                         net (fo=11, routed)          0.560     2.902    NVP_AUTOINIT/u_sequence/sda_filtered_r
    SLICE_X42Y50                                                      r  NVP_AUTOINIT/u_sequence/cur_error_i_1/I2
    SLICE_X42Y50         LUT5 (Prop_lut5_I2_O)        0.045     2.947 r  NVP_AUTOINIT/u_sequence/cur_error_i_1/O
                         net (fo=1, routed)           0.000     2.947    NVP_AUTOINIT/u_sequence/cur_error_i_1_n_0
    SLICE_X42Y50         FDRE                                         r  NVP_AUTOINIT/u_sequence/cur_error_reg/D
  -------------------------------------------------------------------    -------------------

                         (clock userclk1 rise edge)
                                                      0.000     0.000 r  
    GTPE2_CHANNEL_X0Y3   GTPE2_CHANNEL                0.000     0.000 r  XDMA/inst/xdma_v41_m1_pcie2_to_pcie3_wrapper_i/pcie2_ip_i/inst/inst/gt_top_i/pipe_wrapper_i/pipe_lane[0].gt_wrapper_i/gtp_channel.gtpe2_channel_i/TXOUTCLK
                         net (fo=1, routed)           0.509     0.509    XDMA/inst/xdma_v41_m1_pcie2_to_pcie3_wrapper_i/pcie2_ip_i/inst/inst/gt_top_i/pipe_wrapper_i/pipe_clock_int.pipe_clock_i/txoutclk_i.txoutclk_i_0
    BUFGCTRL_X0Y20                                                    r  XDMA/inst/xdma_v41_m1_pcie2_to_pcie3_wrapper_i/pcie2_ip_i/inst/inst/gt_top_i/pipe_wrapper_i/pipe_clock_int.pipe_clock_i/txoutclk_i.txoutclk_i/I
    BUFGCTRL_X0Y20       BUFG (Prop_bufg_I_O)         0.029     0.538 r  XDMA/inst/xdma_v41_m1_pcie2_to_pcie3_wrapper_i/pcie2_ip_i/inst/inst/gt_top_i/pipe_wrapper_i/pipe_clock_int.pipe_clock_i/txoutclk_i.txoutclk_i/O
                         net (fo=1, routed)           0.818     1.355    XDMA/inst/xdma_v41_m1_pcie2_to_pcie3_wrapper_i/pcie2_ip_i/inst/inst/gt_top_i/pipe_wrapper_i/pipe_clock_int.pipe_clock_i/refclk
    MMCME2_ADV_X0Y0                                                   r  XDMA/inst/xdma_v41_m1_pcie2_to_pcie3_wrapper_i/pcie2_ip_i/inst/inst/gt_top_i/pipe_wrapper_i/pipe_clock_int.pipe_clock_i/mmcm_i/CLKIN1
    MMCME2_ADV_X0Y0      MMCME2_ADV (Prop_mmcme2_adv_CLKIN1_CLKOUT2)
                                                      0.053     1.408 r  XDMA/inst/xdma_v41_m1_pcie2_to_pcie3_wrapper_i/pcie2_ip_i/inst/inst/gt_top_i/pipe_wrapper_i/pipe_clock_int.pipe_clock_i/mmcm_i/CLKOUT2
                         net (fo=1, routed)           0.534     1.942    XDMA/inst/xdma_v41_m1_pcie2_to_pcie3_wrapper_i/pcie2_ip_i/inst/inst/gt_top_i/pipe_wrapper_i/pipe_clock_int.pipe_clock_i/userclk1
    BUFGCTRL_X0Y0                                                     r  XDMA/inst/xdma_v41_m1_pcie2_to_pcie3_wrapper_i/pcie2_ip_i/inst/inst/gt_top_i/pipe_wrapper_i/pipe_clock_int.pipe_clock_i/userclk1_i1.usrclk1_i1/I
    BUFGCTRL_X0Y0        BUFG (Prop_bufg_I_O)         0.029     1.971 r  XDMA/inst/xdma_v41_m1_pcie2_to_pcie3_wrapper_i/pcie2_ip_i/inst/inst/gt_top_i/pipe_wrapper_i/pipe_clock_int.pipe_clock_i/userclk1_i1.usrclk1_i1/O
                         net (fo=15140, routed)       0.832     2.802    NVP_AUTOINIT/u_sequence/axi_aclk
    SLICE_X42Y50         FDRE                                         r  NVP_AUTOINIT/u_sequence/cur_error_reg/C
                         clock pessimism             -0.356     2.447    
    SLICE_X42Y50         FDRE (Hold_fdre_C_D)         0.120     2.567    NVP_AUTOINIT/u_sequence/cur_error_reg
  -------------------------------------------------------------------
                         required time                         -2.566    
                         arrival time                           2.947    
  -------------------------------------------------------------------
                         slack                                  0.381    

Slack (MET) :             0.503ns  (arrival time - required time)
  Source:                 NVP_AUTOINIT/u_sequence/sda_filtered_r_reg/C
                            (rising edge-triggered cell FDSE clocked by userclk1  {rise@0.000ns fall@8.000ns period=16.000ns})
  Destination:            NVP_AUTOINIT/u_sequence/data_rx_reg[5]/D
                            (rising edge-triggered cell FDRE clocked by userclk1  {rise@0.000ns fall@8.000ns period=16.000ns})
  Path Group:             userclk1
  Path Type:              Hold (Min at Fast Process Corner)
  Requirement:            0.000ns  (userclk1 rise@0.000ns - userclk1 rise@0.000ns)
  Data Path Delay:        0.862ns  (logic 0.254ns (29.469%)  route 0.608ns (70.531%))
  Logic Levels:           2  (LUT2=1 LUT6=1)
  Clock Path Skew:        0.268ns (DCD - SCD - CPR)
    Destination Clock Delay (DCD):    2.802ns
    Source Clock Delay      (SCD):    2.179ns
    Clock Pessimism Removal (CPR):    0.356ns

    Location             Delay type                Incr(ns)  Path(ns)    Netlist Resource(s)
  -------------------------------------------------------------------    -------------------
                         (clock userclk1 rise edge)
                                                      0.000     0.000 r  
    GTPE2_CHANNEL_X0Y3   GTPE2_CHANNEL                0.000     0.000 r  XDMA/inst/xdma_v41_m1_pcie2_to_pcie3_wrapper_i/pcie2_ip_i/inst/inst/gt_top_i/pipe_wrapper_i/pipe_lane[0].gt_wrapper_i/gtp_channel.gtpe2_channel_i/TXOUTCLK
                         net (fo=1, routed)           0.473     0.473    XDMA/inst/xdma_v41_m1_pcie2_to_pcie3_wrapper_i/pcie2_ip_i/inst/inst/gt_top_i/pipe_wrapper_i/pipe_clock_int.pipe_clock_i/txoutclk_i.txoutclk_i_0
    BUFGCTRL_X0Y20                                                    r  XDMA/inst/xdma_v41_m1_pcie2_to_pcie3_wrapper_i/pcie2_ip_i/inst/inst/gt_top_i/pipe_wrapper_i/pipe_clock_int.pipe_clock_i/txoutclk_i.txoutclk_i/I
    BUFGCTRL_X0Y20       BUFG (Prop_bufg_I_O)         0.026     0.499 r  XDMA/inst/xdma_v41_m1_pcie2_to_pcie3_wrapper_i/pcie2_ip_i/inst/inst/gt_top_i/pipe_wrapper_i/pipe_clock_int.pipe_clock_i/txoutclk_i.txoutclk_i/O
                         net (fo=1, routed)           0.551     1.050    XDMA/inst/xdma_v41_m1_pcie2_to_pcie3_wrapper_i/pcie2_ip_i/inst/inst/gt_top_i/pipe_wrapper_i/pipe_clock_int.pipe_clock_i/refclk
    MMCME2_ADV_X0Y0                                                   r  XDMA/inst/xdma_v41_m1_pcie2_to_pcie3_wrapper_i/pcie2_ip_i/inst/inst/gt_top_i/pipe_wrapper_i/pipe_clock_int.pipe_clock_i/mmcm_i/CLKIN1
    MMCME2_ADV_X0Y0      MMCME2_ADV (Prop_mmcme2_adv_CLKIN1_CLKOUT2)
                                                      0.050     1.100 r  XDMA/inst/xdma_v41_m1_pcie2_to_pcie3_wrapper_i/pcie2_ip_i/inst/inst/gt_top_i/pipe_wrapper_i/pipe_clock_int.pipe_clock_i/mmcm_i/CLKOUT2
                         net (fo=1, routed)           0.489     1.589    XDMA/inst/xdma_v41_m1_pcie2_to_pcie3_wrapper_i/pcie2_ip_i/inst/inst/gt_top_i/pipe_wrapper_i/pipe_clock_int.pipe_clock_i/userclk1
    BUFGCTRL_X0Y0                                                     r  XDMA/inst/xdma_v41_m1_pcie2_to_pcie3_wrapper_i/pcie2_ip_i/inst/inst/gt_top_i/pipe_wrapper_i/pipe_clock_int.pipe_clock_i/userclk1_i1.usrclk1_i1/I
    BUFGCTRL_X0Y0        BUFG (Prop_bufg_I_O)         0.026     1.615 r  XDMA/inst/xdma_v41_m1_pcie2_to_pcie3_wrapper_i/pcie2_ip_i/inst/inst/gt_top_i/pipe_wrapper_i/pipe_clock_int.pipe_clock_i/userclk1_i1.usrclk1_i1/O
                         net (fo=15140, routed)       0.564     2.179    NVP_AUTOINIT/u_sequence/axi_aclk
    SLICE_X46Y44         FDSE                                         r  NVP_AUTOINIT/u_sequence/sda_filtered_r_reg/C
  -------------------------------------------------------------------    -------------------
    SLICE_X46Y44         FDSE (Prop_fdse_C_Q)         0.164     2.343 r  NVP_AUTOINIT/u_sequence/sda_filtered_r_reg/Q
                         net (fo=11, routed)          0.411     2.754    NVP_AUTOINIT/u_sequence/sda_filtered_r
    SLICE_X41Y48                                                      r  NVP_AUTOINIT/u_sequence/data_rx[7]_i_2/I0
    SLICE_X41Y48         LUT2 (Prop_lut2_I0_O)        0.045     2.799 r  NVP_AUTOINIT/u_sequence/data_rx[7]_i_2/O
                         net (fo=8, routed)           0.197     2.996    NVP_AUTOINIT/u_sequence/data_rx[7]_i_2_n_0
    SLICE_X40Y50                                                      r  NVP_AUTOINIT/u_sequence/data_rx[5]_i_1/I0
    SLICE_X40Y50         LUT6 (Prop_lut6_I0_O)        0.045     3.041 r  NVP_AUTOINIT/u_sequence/data_rx[5]_i_1/O
                         net (fo=1, routed)           0.000     3.041    NVP_AUTOINIT/u_sequence/data_rx[5]_i_1_n_0
    SLICE_X40Y50         FDRE                                         r  NVP_AUTOINIT/u_sequence/data_rx_reg[5]/D
  -------------------------------------------------------------------    -------------------

                         (clock userclk1 rise edge)
                                                      0.000     0.000 r  
    GTPE2_CHANNEL_X0Y3   GTPE2_CHANNEL                0.000     0.000 r  XDMA/inst/xdma_v41_m1_pcie2_to_pcie3_wrapper_i/pcie2_ip_i/inst/inst/gt_top_i/pipe_wrapper_i/pipe_lane[0].gt_wrapper_i/gtp_channel.gtpe2_channel_i/TXOUTCLK
                         net (fo=1, routed)           0.509     0.509    XDMA/inst/xdma_v41_m1_pcie2_to_pcie3_wrapper_i/pcie2_ip_i/inst/inst/gt_top_i/pipe_wrapper_i/pipe_clock_int.pipe_clock_i/txoutclk_i.txoutclk_i_0
    BUFGCTRL_X0Y20                                                    r  XDMA/inst/xdma_v41_m1_pcie2_to_pcie3_wrapper_i/pcie2_ip_i/inst/inst/gt_top_i/pipe_wrapper_i/pipe_clock_int.pipe_clock_i/txoutclk_i.txoutclk_i/I
    BUFGCTRL_X0Y20       BUFG (Prop_bufg_I_O)         0.029     0.538 r  XDMA/inst/xdma_v41_m1_pcie2_to_pcie3_wrapper_i/pcie2_ip_i/inst/inst/gt_top_i/pipe_wrapper_i/pipe_clock_int.pipe_clock_i/txoutclk_i.txoutclk_i/O
                         net (fo=1, routed)           0.818     1.355    XDMA/inst/xdma_v41_m1_pcie2_to_pcie3_wrapper_i/pcie2_ip_i/inst/inst/gt_top_i/pipe_wrapper_i/pipe_clock_int.pipe_clock_i/refclk
    MMCME2_ADV_X0Y0                                                   r  XDMA/inst/xdma_v41_m1_pcie2_to_pcie3_wrapper_i/pcie2_ip_i/inst/inst/gt_top_i/pipe_wrapper_i/pipe_clock_int.pipe_clock_i/mmcm_i/CLKIN1
    MMCME2_ADV_X0Y0      MMCME2_ADV (Prop_mmcme2_adv_CLKIN1_CLKOUT2)
                                                      0.053     1.408 r  XDMA/inst/xdma_v41_m1_pcie2_to_pcie3_wrapper_i/pcie2_ip_i/inst/inst/gt_top_i/pipe_wrapper_i/pipe_clock_int.pipe_clock_i/mmcm_i/CLKOUT2
                         net (fo=1, routed)           0.534     1.942    XDMA/inst/xdma_v41_m1_pcie2_to_pcie3_wrapper_i/pcie2_ip_i/inst/inst/gt_top_i/pipe_wrapper_i/pipe_clock_int.pipe_clock_i/userclk1
    BUFGCTRL_X0Y0                                                     r  XDMA/inst/xdma_v41_m1_pcie2_to_pcie3_wrapper_i/pcie2_ip_i/inst/inst/gt_top_i/pipe_wrapper_i/pipe_clock_int.pipe_clock_i/userclk1_i1.usrclk1_i1/I
    BUFGCTRL_X0Y0        BUFG (Prop_bufg_I_O)         0.029     1.971 r  XDMA/inst/xdma_v41_m1_pcie2_to_pcie3_wrapper_i/pcie2_ip_i/inst/inst/gt_top_i/pipe_wrapper_i/pipe_clock_int.pipe_clock_i/userclk1_i1.usrclk1_i1/O
                         net (fo=15140, routed)       0.832     2.802    NVP_AUTOINIT/u_sequence/axi_aclk
    SLICE_X40Y50         FDRE                                         r  NVP_AUTOINIT/u_sequence/data_rx_reg[5]/C
                         clock pessimism             -0.356     2.447    
    SLICE_X40Y50         FDRE (Hold_fdre_C_D)         0.091     2.538    NVP_AUTOINIT/u_sequence/data_rx_reg[5]
  -------------------------------------------------------------------
                         required time                         -2.537    
                         arrival time                           3.041    
  -------------------------------------------------------------------
                         slack                                  0.503    

Slack (MET) :             0.506ns  (arrival time - required time)
  Source:                 NVP_AUTOINIT/u_sequence/sda_filtered_r_reg/C
                            (rising edge-triggered cell FDSE clocked by userclk1  {rise@0.000ns fall@8.000ns period=16.000ns})
  Destination:            NVP_AUTOINIT/u_sequence/data_rx_reg[6]/D
                            (rising edge-triggered cell FDRE clocked by userclk1  {rise@0.000ns fall@8.000ns period=16.000ns})
  Path Group:             userclk1
  Path Type:              Hold (Min at Fast Process Corner)
  Requirement:            0.000ns  (userclk1 rise@0.000ns - userclk1 rise@0.000ns)
  Data Path Delay:        0.866ns  (logic 0.254ns (29.318%)  route 0.612ns (70.682%))
  Logic Levels:           2  (LUT2=1 LUT6=1)
  Clock Path Skew:        0.268ns (DCD - SCD - CPR)
    Destination Clock Delay (DCD):    2.802ns
    Source Clock Delay      (SCD):    2.179ns
    Clock Pessimism Removal (CPR):    0.356ns

    Location             Delay type                Incr(ns)  Path(ns)    Netlist Resource(s)
  -------------------------------------------------------------------    -------------------
                         (clock userclk1 rise edge)
                                                      0.000     0.000 r  
    GTPE2_CHANNEL_X0Y3   GTPE2_CHANNEL                0.000     0.000 r  XDMA/inst/xdma_v41_m1_pcie2_to_pcie3_wrapper_i/pcie2_ip_i/inst/inst/gt_top_i/pipe_wrapper_i/pipe_lane[0].gt_wrapper_i/gtp_channel.gtpe2_channel_i/TXOUTCLK
                         net (fo=1, routed)           0.473     0.473    XDMA/inst/xdma_v41_m1_pcie2_to_pcie3_wrapper_i/pcie2_ip_i/inst/inst/gt_top_i/pipe_wrapper_i/pipe_clock_int.pipe_clock_i/txoutclk_i.txoutclk_i_0
    BUFGCTRL_X0Y20                                                    r  XDMA/inst/xdma_v41_m1_pcie2_to_pcie3_wrapper_i/pcie2_ip_i/inst/inst/gt_top_i/pipe_wrapper_i/pipe_clock_int.pipe_clock_i/txoutclk_i.txoutclk_i/I
    BUFGCTRL_X0Y20       BUFG (Prop_bufg_I_O)         0.026     0.499 r  XDMA/inst/xdma_v41_m1_pcie2_to_pcie3_wrapper_i/pcie2_ip_i/inst/inst/gt_top_i/pipe_wrapper_i/pipe_clock_int.pipe_clock_i/txoutclk_i.txoutclk_i/O
                         net (fo=1, routed)           0.551     1.050    XDMA/inst/xdma_v41_m1_pcie2_to_pcie3_wrapper_i/pcie2_ip_i/inst/inst/gt_top_i/pipe_wrapper_i/pipe_clock_int.pipe_clock_i/refclk
    MMCME2_ADV_X0Y0                                                   r  XDMA/inst/xdma_v41_m1_pcie2_to_pcie3_wrapper_i/pcie2_ip_i/inst/inst/gt_top_i/pipe_wrapper_i/pipe_clock_int.pipe_clock_i/mmcm_i/CLKIN1
    MMCME2_ADV_X0Y0      MMCME2_ADV (Prop_mmcme2_adv_CLKIN1_CLKOUT2)
                                                      0.050     1.100 r  XDMA/inst/xdma_v41_m1_pcie2_to_pcie3_wrapper_i/pcie2_ip_i/inst/inst/gt_top_i/pipe_wrapper_i/pipe_clock_int.pipe_clock_i/mmcm_i/CLKOUT2
                         net (fo=1, routed)           0.489     1.589    XDMA/inst/xdma_v41_m1_pcie2_to_pcie3_wrapper_i/pcie2_ip_i/inst/inst/gt_top_i/pipe_wrapper_i/pipe_clock_int.pipe_clock_i/userclk1
    BUFGCTRL_X0Y0                                                     r  XDMA/inst/xdma_v41_m1_pcie2_to_pcie3_wrapper_i/pcie2_ip_i/inst/inst/gt_top_i/pipe_wrapper_i/pipe_clock_int.pipe_clock_i/userclk1_i1.usrclk1_i1/I
    BUFGCTRL_X0Y0        BUFG (Prop_bufg_I_O)         0.026     1.615 r  XDMA/inst/xdma_v41_m1_pcie2_to_pcie3_wrapper_i/pcie2_ip_i/inst/inst/gt_top_i/pipe_wrapper_i/pipe_clock_int.pipe_clock_i/userclk1_i1.usrclk1_i1/O
                         net (fo=15140, routed)       0.564     2.179    NVP_AUTOINIT/u_sequence/axi_aclk
    SLICE_X46Y44         FDSE                                         r  NVP_AUTOINIT/u_sequence/sda_filtered_r_reg/C
  -------------------------------------------------------------------    -------------------
    SLICE_X46Y44         FDSE (Prop_fdse_C_Q)         0.164     2.343 r  NVP_AUTOINIT/u_sequence/sda_filtered_r_reg/Q
                         net (fo=11, routed)          0.411     2.754    NVP_AUTOINIT/u_sequence/sda_filtered_r
    SLICE_X41Y48                                                      r  NVP_AUTOINIT/u_sequence/data_rx[7]_i_2/I0
    SLICE_X41Y48         LUT2 (Prop_lut2_I0_O)        0.045     2.799 r  NVP_AUTOINIT/u_sequence/data_rx[7]_i_2/O
                         net (fo=8, routed)           0.201     3.000    NVP_AUTOINIT/u_sequence/data_rx[7]_i_2_n_0
    SLICE_X40Y50                                                      r  NVP_AUTOINIT/u_sequence/data_rx[6]_i_1/I0
    SLICE_X40Y50         LUT6 (Prop_lut6_I0_O)        0.045     3.045 r  NVP_AUTOINIT/u_sequence/data_rx[6]_i_1/O
                         net (fo=1, routed)           0.000     3.045    NVP_AUTOINIT/u_sequence/data_rx[6]_i_1_n_0
    SLICE_X40Y50         FDRE                                         r  NVP_AUTOINIT/u_sequence/data_rx_reg[6]/D
  -------------------------------------------------------------------    -------------------

                         (clock userclk1 rise edge)
                                                      0.000     0.000 r  
    GTPE2_CHANNEL_X0Y3   GTPE2_CHANNEL                0.000     0.000 r  XDMA/inst/xdma_v41_m1_pcie2_to_pcie3_wrapper_i/pcie2_ip_i/inst/inst/gt_top_i/pipe_wrapper_i/pipe_lane[0].gt_wrapper_i/gtp_channel.gtpe2_channel_i/TXOUTCLK
                         net (fo=1, routed)           0.509     0.509    XDMA/inst/xdma_v41_m1_pcie2_to_pcie3_wrapper_i/pcie2_ip_i/inst/inst/gt_top_i/pipe_wrapper_i/pipe_clock_int.pipe_clock_i/txoutclk_i.txoutclk_i_0
    BUFGCTRL_X0Y20                                                    r  XDMA/inst/xdma_v41_m1_pcie2_to_pcie3_wrapper_i/pcie2_ip_i/inst/inst/gt_top_i/pipe_wrapper_i/pipe_clock_int.pipe_clock_i/txoutclk_i.txoutclk_i/I
    BUFGCTRL_X0Y20       BUFG (Prop_bufg_I_O)         0.029     0.538 r  XDMA/inst/xdma_v41_m1_pcie2_to_pcie3_wrapper_i/pcie2_ip_i/inst/inst/gt_top_i/pipe_wrapper_i/pipe_clock_int.pipe_clock_i/txoutclk_i.txoutclk_i/O
                         net (fo=1, routed)           0.818     1.355    XDMA/inst/xdma_v41_m1_pcie2_to_pcie3_wrapper_i/pcie2_ip_i/inst/inst/gt_top_i/pipe_wrapper_i/pipe_clock_int.pipe_clock_i/refclk
    MMCME2_ADV_X0Y0                                                   r  XDMA/inst/xdma_v41_m1_pcie2_to_pcie3_wrapper_i/pcie2_ip_i/inst/inst/gt_top_i/pipe_wrapper_i/pipe_clock_int.pipe_clock_i/mmcm_i/CLKIN1
    MMCME2_ADV_X0Y0      MMCME2_ADV (Prop_mmcme2_adv_CLKIN1_CLKOUT2)
                                                      0.053     1.408 r  XDMA/inst/xdma_v41_m1_pcie2_to_pcie3_wrapper_i/pcie2_ip_i/inst/inst/gt_top_i/pipe_wrapper_i/pipe_clock_int.pipe_clock_i/mmcm_i/CLKOUT2
                         net (fo=1, routed)           0.534     1.942    XDMA/inst/xdma_v41_m1_pcie2_to_pcie3_wrapper_i/pcie2_ip_i/inst/inst/gt_top_i/pipe_wrapper_i/pipe_clock_int.pipe_clock_i/userclk1
    BUFGCTRL_X0Y0                                                     r  XDMA/inst/xdma_v41_m1_pcie2_to_pcie3_wrapper_i/pcie2_ip_i/inst/inst/gt_top_i/pipe_wrapper_i/pipe_clock_int.pipe_clock_i/userclk1_i1.usrclk1_i1/I
    BUFGCTRL_X0Y0        BUFG (Prop_bufg_I_O)         0.029     1.971 r  XDMA/inst/xdma_v41_m1_pcie2_to_pcie3_wrapper_i/pcie2_ip_i/inst/inst/gt_top_i/pipe_wrapper_i/pipe_clock_int.pipe_clock_i/userclk1_i1.usrclk1_i1/O
                         net (fo=15140, routed)       0.832     2.802    NVP_AUTOINIT/u_sequence/axi_aclk
    SLICE_X40Y50         FDRE                                         r  NVP_AUTOINIT/u_sequence/data_rx_reg[6]/C
                         clock pessimism             -0.356     2.447    
    SLICE_X40Y50         FDRE (Hold_fdre_C_D)         0.092     2.539    NVP_AUTOINIT/u_sequence/data_rx_reg[6]
  -------------------------------------------------------------------
                         required time                         -2.538    
                         arrival time                           3.045    
  -------------------------------------------------------------------
                         slack                                  0.506    

Slack (MET) :             0.531ns  (arrival time - required time)
  Source:                 NVP_AUTOINIT/u_sequence/sda_filtered_r_reg/C
                            (rising edge-triggered cell FDSE clocked by userclk1  {rise@0.000ns fall@8.000ns period=16.000ns})
  Destination:            NVP_AUTOINIT/u_sequence/data_rx_reg[3]/D
                            (rising edge-triggered cell FDRE clocked by userclk1  {rise@0.000ns fall@8.000ns period=16.000ns})
  Path Group:             userclk1
  Path Type:              Hold (Min at Fast Process Corner)
  Requirement:            0.000ns  (userclk1 rise@0.000ns - userclk1 rise@0.000ns)
  Data Path Delay:        0.919ns  (logic 0.254ns (27.636%)  route 0.665ns (72.364%))
  Logic Levels:           2  (LUT2=1 LUT6=1)
  Clock Path Skew:        0.267ns (DCD - SCD - CPR)
    Destination Clock Delay (DCD):    2.801ns
    Source Clock Delay      (SCD):    2.179ns
    Clock Pessimism Removal (CPR):    0.356ns

    Location             Delay type                Incr(ns)  Path(ns)    Netlist Resource(s)
  -------------------------------------------------------------------    -------------------
                         (clock userclk1 rise edge)
                                                      0.000     0.000 r  
    GTPE2_CHANNEL_X0Y3   GTPE2_CHANNEL                0.000     0.000 r  XDMA/inst/xdma_v41_m1_pcie2_to_pcie3_wrapper_i/pcie2_ip_i/inst/inst/gt_top_i/pipe_wrapper_i/pipe_lane[0].gt_wrapper_i/gtp_channel.gtpe2_channel_i/TXOUTCLK
                         net (fo=1, routed)           0.473     0.473    XDMA/inst/xdma_v41_m1_pcie2_to_pcie3_wrapper_i/pcie2_ip_i/inst/inst/gt_top_i/pipe_wrapper_i/pipe_clock_int.pipe_clock_i/txoutclk_i.txoutclk_i_0
    BUFGCTRL_X0Y20                                                    r  XDMA/inst/xdma_v41_m1_pcie2_to_pcie3_wrapper_i/pcie2_ip_i/inst/inst/gt_top_i/pipe_wrapper_i/pipe_clock_int.pipe_clock_i/txoutclk_i.txoutclk_i/I
    BUFGCTRL_X0Y20       BUFG (Prop_bufg_I_O)         0.026     0.499 r  XDMA/inst/xdma_v41_m1_pcie2_to_pcie3_wrapper_i/pcie2_ip_i/inst/inst/gt_top_i/pipe_wrapper_i/pipe_clock_int.pipe_clock_i/txoutclk_i.txoutclk_i/O
                         net (fo=1, routed)           0.551     1.050    XDMA/inst/xdma_v41_m1_pcie2_to_pcie3_wrapper_i/pcie2_ip_i/inst/inst/gt_top_i/pipe_wrapper_i/pipe_clock_int.pipe_clock_i/refclk
    MMCME2_ADV_X0Y0                                                   r  XDMA/inst/xdma_v41_m1_pcie2_to_pcie3_wrapper_i/pcie2_ip_i/inst/inst/gt_top_i/pipe_wrapper_i/pipe_clock_int.pipe_clock_i/mmcm_i/CLKIN1
    MMCME2_ADV_X0Y0      MMCME2_ADV (Prop_mmcme2_adv_CLKIN1_CLKOUT2)
                                                      0.050     1.100 r  XDMA/inst/xdma_v41_m1_pcie2_to_pcie3_wrapper_i/pcie2_ip_i/inst/inst/gt_top_i/pipe_wrapper_i/pipe_clock_int.pipe_clock_i/mmcm_i/CLKOUT2
                         net (fo=1, routed)           0.489     1.589    XDMA/inst/xdma_v41_m1_pcie2_to_pcie3_wrapper_i/pcie2_ip_i/inst/inst/gt_top_i/pipe_wrapper_i/pipe_clock_int.pipe_clock_i/userclk1
    BUFGCTRL_X0Y0                                                     r  XDMA/inst/xdma_v41_m1_pcie2_to_pcie3_wrapper_i/pcie2_ip_i/inst/inst/gt_top_i/pipe_wrapper_i/pipe_clock_int.pipe_clock_i/userclk1_i1.usrclk1_i1/I
    BUFGCTRL_X0Y0        BUFG (Prop_bufg_I_O)         0.026     1.615 r  XDMA/inst/xdma_v41_m1_pcie2_to_pcie3_wrapper_i/pcie2_ip_i/inst/inst/gt_top_i/pipe_wrapper_i/pipe_clock_int.pipe_clock_i/userclk1_i1.usrclk1_i1/O
                         net (fo=15140, routed)       0.564     2.179    NVP_AUTOINIT/u_sequence/axi_aclk
    SLICE_X46Y44         FDSE                                         r  NVP_AUTOINIT/u_sequence/sda_filtered_r_reg/C
  -------------------------------------------------------------------    -------------------
    SLICE_X46Y44         FDSE (Prop_fdse_C_Q)         0.164     2.343 r  NVP_AUTOINIT/u_sequence/sda_filtered_r_reg/Q
                         net (fo=11, routed)          0.411     2.754    NVP_AUTOINIT/u_sequence/sda_filtered_r
    SLICE_X41Y48                                                      r  NVP_AUTOINIT/u_sequence/data_rx[7]_i_2/I0
    SLICE_X41Y48         LUT2 (Prop_lut2_I0_O)        0.045     2.799 r  NVP_AUTOINIT/u_sequence/data_rx[7]_i_2/O
                         net (fo=8, routed)           0.254     3.053    NVP_AUTOINIT/u_sequence/data_rx[7]_i_2_n_0
    SLICE_X38Y50                                                      r  NVP_AUTOINIT/u_sequence/data_rx[3]_i_1/I0
    SLICE_X38Y50         LUT6 (Prop_lut6_I0_O)        0.045     3.098 r  NVP_AUTOINIT/u_sequence/data_rx[3]_i_1/O
                         net (fo=1, routed)           0.000     3.098    NVP_AUTOINIT/u_sequence/data_rx[3]_i_1_n_0
    SLICE_X38Y50         FDRE                                         r  NVP_AUTOINIT/u_sequence/data_rx_reg[3]/D
  -------------------------------------------------------------------    -------------------

                         (clock userclk1 rise edge)
                                                      0.000     0.000 r  
    GTPE2_CHANNEL_X0Y3   GTPE2_CHANNEL                0.000     0.000 r  XDMA/inst/xdma_v41_m1_pcie2_to_pcie3_wrapper_i/pcie2_ip_i/inst/inst/gt_top_i/pipe_wrapper_i/pipe_lane[0].gt_wrapper_i/gtp_channel.gtpe2_channel_i/TXOUTCLK
                         net (fo=1, routed)           0.509     0.509    XDMA/inst/xdma_v41_m1_pcie2_to_pcie3_wrapper_i/pcie2_ip_i/inst/inst/gt_top_i/pipe_wrapper_i/pipe_clock_int.pipe_clock_i/txoutclk_i.txoutclk_i_0
    BUFGCTRL_X0Y20                                                    r  XDMA/inst/xdma_v41_m1_pcie2_to_pcie3_wrapper_i/pcie2_ip_i/inst/inst/gt_top_i/pipe_wrapper_i/pipe_clock_int.pipe_clock_i/txoutclk_i.txoutclk_i/I
    BUFGCTRL_X0Y20       BUFG (Prop_bufg_I_O)         0.029     0.538 r  XDMA/inst/xdma_v41_m1_pcie2_to_pcie3_wrapper_i/pcie2_ip_i/inst/inst/gt_top_i/pipe_wrapper_i/pipe_clock_int.pipe_clock_i/txoutclk_i.txoutclk_i/O
                         net (fo=1, routed)           0.818     1.355    XDMA/inst/xdma_v41_m1_pcie2_to_pcie3_wrapper_i/pcie2_ip_i/inst/inst/gt_top_i/pipe_wrapper_i/pipe_clock_int.pipe_clock_i/refclk
    MMCME2_ADV_X0Y0                                                   r  XDMA/inst/xdma_v41_m1_pcie2_to_pcie3_wrapper_i/pcie2_ip_i/inst/inst/gt_top_i/pipe_wrapper_i/pipe_clock_int.pipe_clock_i/mmcm_i/CLKIN1
    MMCME2_ADV_X0Y0      MMCME2_ADV (Prop_mmcme2_adv_CLKIN1_CLKOUT2)
                                                      0.053     1.408 r  XDMA/inst/xdma_v41_m1_pcie2_to_pcie3_wrapper_i/pcie2_ip_i/inst/inst/gt_top_i/pipe_wrapper_i/pipe_clock_int.pipe_clock_i/mmcm_i/CLKOUT2
                         net (fo=1, routed)           0.534     1.942    XDMA/inst/xdma_v41_m1_pcie2_to_pcie3_wrapper_i/pcie2_ip_i/inst/inst/gt_top_i/pipe_wrapper_i/pipe_clock_int.pipe_clock_i/userclk1
    BUFGCTRL_X0Y0                                                     r  XDMA/inst/xdma_v41_m1_pcie2_to_pcie3_wrapper_i/pcie2_ip_i/inst/inst/gt_top_i/pipe_wrapper_i/pipe_clock_int.pipe_clock_i/userclk1_i1.usrclk1_i1/I
    BUFGCTRL_X0Y0        BUFG (Prop_bufg_I_O)         0.029     1.971 r  XDMA/inst/xdma_v41_m1_pcie2_to_pcie3_wrapper_i/pcie2_ip_i/inst/inst/gt_top_i/pipe_wrapper_i/pipe_clock_int.pipe_clock_i/userclk1_i1.usrclk1_i1/O
                         net (fo=15140, routed)       0.830     2.801    NVP_AUTOINIT/u_sequence/axi_aclk
    SLICE_X38Y50         FDRE                                         r  NVP_AUTOINIT/u_sequence/data_rx_reg[3]/C
                         clock pessimism             -0.356     2.446    
    SLICE_X38Y50         FDRE (Hold_fdre_C_D)         0.121     2.567    NVP_AUTOINIT/u_sequence/data_rx_reg[3]
  -------------------------------------------------------------------
                         required time                         -2.566    
                         arrival time                           3.098    
  -------------------------------------------------------------------
                         slack                                  0.531    

Slack (MET) :             0.540ns  (arrival time - required time)
  Source:                 NVP_AUTOINIT/u_sequence/sda_filtered_r_reg/C
                            (rising edge-triggered cell FDSE clocked by userclk1  {rise@0.000ns fall@8.000ns period=16.000ns})
  Destination:            NVP_AUTOINIT/u_sequence/data_rx_reg[2]/D
                            (rising edge-triggered cell FDRE clocked by userclk1  {rise@0.000ns fall@8.000ns period=16.000ns})
  Path Group:             userclk1
  Path Type:              Hold (Min at Fast Process Corner)
  Requirement:            0.000ns  (userclk1 rise@0.000ns - userclk1 rise@0.000ns)
  Data Path Delay:        0.928ns  (logic 0.254ns (27.368%)  route 0.674ns (72.632%))
  Logic Levels:           2  (LUT2=1 LUT6=1)
  Clock Path Skew:        0.267ns (DCD - SCD - CPR)
    Destination Clock Delay (DCD):    2.801ns
    Source Clock Delay      (SCD):    2.179ns
    Clock Pessimism Removal (CPR):    0.356ns

    Location             Delay type                Incr(ns)  Path(ns)    Netlist Resource(s)
  -------------------------------------------------------------------    -------------------
                         (clock userclk1 rise edge)
                                                      0.000     0.000 r  
    GTPE2_CHANNEL_X0Y3   GTPE2_CHANNEL                0.000     0.000 r  XDMA/inst/xdma_v41_m1_pcie2_to_pcie3_wrapper_i/pcie2_ip_i/inst/inst/gt_top_i/pipe_wrapper_i/pipe_lane[0].gt_wrapper_i/gtp_channel.gtpe2_channel_i/TXOUTCLK
                         net (fo=1, routed)           0.473     0.473    XDMA/inst/xdma_v41_m1_pcie2_to_pcie3_wrapper_i/pcie2_ip_i/inst/inst/gt_top_i/pipe_wrapper_i/pipe_clock_int.pipe_clock_i/txoutclk_i.txoutclk_i_0
    BUFGCTRL_X0Y20                                                    r  XDMA/inst/xdma_v41_m1_pcie2_to_pcie3_wrapper_i/pcie2_ip_i/inst/inst/gt_top_i/pipe_wrapper_i/pipe_clock_int.pipe_clock_i/txoutclk_i.txoutclk_i/I
    BUFGCTRL_X0Y20       BUFG (Prop_bufg_I_O)         0.026     0.499 r  XDMA/inst/xdma_v41_m1_pcie2_to_pcie3_wrapper_i/pcie2_ip_i/inst/inst/gt_top_i/pipe_wrapper_i/pipe_clock_int.pipe_clock_i/txoutclk_i.txoutclk_i/O
                         net (fo=1, routed)           0.551     1.050    XDMA/inst/xdma_v41_m1_pcie2_to_pcie3_wrapper_i/pcie2_ip_i/inst/inst/gt_top_i/pipe_wrapper_i/pipe_clock_int.pipe_clock_i/refclk
    MMCME2_ADV_X0Y0                                                   r  XDMA/inst/xdma_v41_m1_pcie2_to_pcie3_wrapper_i/pcie2_ip_i/inst/inst/gt_top_i/pipe_wrapper_i/pipe_clock_int.pipe_clock_i/mmcm_i/CLKIN1
    MMCME2_ADV_X0Y0      MMCME2_ADV (Prop_mmcme2_adv_CLKIN1_CLKOUT2)
                                                      0.050     1.100 r  XDMA/inst/xdma_v41_m1_pcie2_to_pcie3_wrapper_i/pcie2_ip_i/inst/inst/gt_top_i/pipe_wrapper_i/pipe_clock_int.pipe_clock_i/mmcm_i/CLKOUT2
                         net (fo=1, routed)           0.489     1.589    XDMA/inst/xdma_v41_m1_pcie2_to_pcie3_wrapper_i/pcie2_ip_i/inst/inst/gt_top_i/pipe_wrapper_i/pipe_clock_int.pipe_clock_i/userclk1
    BUFGCTRL_X0Y0                                                     r  XDMA/inst/xdma_v41_m1_pcie2_to_pcie3_wrapper_i/pcie2_ip_i/inst/inst/gt_top_i/pipe_wrapper_i/pipe_clock_int.pipe_clock_i/userclk1_i1.usrclk1_i1/I
    BUFGCTRL_X0Y0        BUFG (Prop_bufg_I_O)         0.026     1.615 r  XDMA/inst/xdma_v41_m1_pcie2_to_pcie3_wrapper_i/pcie2_ip_i/inst/inst/gt_top_i/pipe_wrapper_i/pipe_clock_int.pipe_clock_i/userclk1_i1.usrclk1_i1/O
                         net (fo=15140, routed)       0.564     2.179    NVP_AUTOINIT/u_sequence/axi_aclk
    SLICE_X46Y44         FDSE                                         r  NVP_AUTOINIT/u_sequence/sda_filtered_r_reg/C
  -------------------------------------------------------------------    -------------------
    SLICE_X46Y44         FDSE (Prop_fdse_C_Q)         0.164     2.343 r  NVP_AUTOINIT/u_sequence/sda_filtered_r_reg/Q
                         net (fo=11, routed)          0.411     2.754    NVP_AUTOINIT/u_sequence/sda_filtered_r
    SLICE_X41Y48                                                      r  NVP_AUTOINIT/u_sequence/data_rx[7]_i_2/I0
    SLICE_X41Y48         LUT2 (Prop_lut2_I0_O)        0.045     2.799 r  NVP_AUTOINIT/u_sequence/data_rx[7]_i_2/O
                         net (fo=8, routed)           0.263     3.062    NVP_AUTOINIT/u_sequence/data_rx[7]_i_2_n_0
    SLICE_X38Y50                                                      r  NVP_AUTOINIT/u_sequence/data_rx[2]_i_1/I0
    SLICE_X38Y50         LUT6 (Prop_lut6_I0_O)        0.045     3.107 r  NVP_AUTOINIT/u_sequence/data_rx[2]_i_1/O
                         net (fo=1, routed)           0.000     3.107    NVP_AUTOINIT/u_sequence/data_rx[2]_i_1_n_0
    SLICE_X38Y50         FDRE                                         r  NVP_AUTOINIT/u_sequence/data_rx_reg[2]/D
  -------------------------------------------------------------------    -------------------

                         (clock userclk1 rise edge)
                                                      0.000     0.000 r  
    GTPE2_CHANNEL_X0Y3   GTPE2_CHANNEL                0.000     0.000 r  XDMA/inst/xdma_v41_m1_pcie2_to_pcie3_wrapper_i/pcie2_ip_i/inst/inst/gt_top_i/pipe_wrapper_i/pipe_lane[0].gt_wrapper_i/gtp_channel.gtpe2_channel_i/TXOUTCLK
                         net (fo=1, routed)           0.509     0.509    XDMA/inst/xdma_v41_m1_pcie2_to_pcie3_wrapper_i/pcie2_ip_i/inst/inst/gt_top_i/pipe_wrapper_i/pipe_clock_int.pipe_clock_i/txoutclk_i.txoutclk_i_0
    BUFGCTRL_X0Y20                                                    r  XDMA/inst/xdma_v41_m1_pcie2_to_pcie3_wrapper_i/pcie2_ip_i/inst/inst/gt_top_i/pipe_wrapper_i/pipe_clock_int.pipe_clock_i/txoutclk_i.txoutclk_i/I
    BUFGCTRL_X0Y20       BUFG (Prop_bufg_I_O)         0.029     0.538 r  XDMA/inst/xdma_v41_m1_pcie2_to_pcie3_wrapper_i/pcie2_ip_i/inst/inst/gt_top_i/pipe_wrapper_i/pipe_clock_int.pipe_clock_i/txoutclk_i.txoutclk_i/O
                         net (fo=1, routed)           0.818     1.355    XDMA/inst/xdma_v41_m1_pcie2_to_pcie3_wrapper_i/pcie2_ip_i/inst/inst/gt_top_i/pipe_wrapper_i/pipe_clock_int.pipe_clock_i/refclk
    MMCME2_ADV_X0Y0                                                   r  XDMA/inst/xdma_v41_m1_pcie2_to_pcie3_wrapper_i/pcie2_ip_i/inst/inst/gt_top_i/pipe_wrapper_i/pipe_clock_int.pipe_clock_i/mmcm_i/CLKIN1
    MMCME2_ADV_X0Y0      MMCME2_ADV (Prop_mmcme2_adv_CLKIN1_CLKOUT2)
                                                      0.053     1.408 r  XDMA/inst/xdma_v41_m1_pcie2_to_pcie3_wrapper_i/pcie2_ip_i/inst/inst/gt_top_i/pipe_wrapper_i/pipe_clock_int.pipe_clock_i/mmcm_i/CLKOUT2
                         net (fo=1, routed)           0.534     1.942    XDMA/inst/xdma_v41_m1_pcie2_to_pcie3_wrapper_i/pcie2_ip_i/inst/inst/gt_top_i/pipe_wrapper_i/pipe_clock_int.pipe_clock_i/userclk1
    BUFGCTRL_X0Y0                                                     r  XDMA/inst/xdma_v41_m1_pcie2_to_pcie3_wrapper_i/pcie2_ip_i/inst/inst/gt_top_i/pipe_wrapper_i/pipe_clock_int.pipe_clock_i/userclk1_i1.usrclk1_i1/I
    BUFGCTRL_X0Y0        BUFG (Prop_bufg_I_O)         0.029     1.971 r  XDMA/inst/xdma_v41_m1_pcie2_to_pcie3_wrapper_i/pcie2_ip_i/inst/inst/gt_top_i/pipe_wrapper_i/pipe_clock_int.pipe_clock_i/userclk1_i1.usrclk1_i1/O
                         net (fo=15140, routed)       0.830     2.801    NVP_AUTOINIT/u_sequence/axi_aclk
    SLICE_X38Y50         FDRE                                         r  NVP_AUTOINIT/u_sequence/data_rx_reg[2]/C
                         clock pessimism             -0.356     2.446    
    SLICE_X38Y50         FDRE (Hold_fdre_C_D)         0.121     2.567    NVP_AUTOINIT/u_sequence/data_rx_reg[2]
  -------------------------------------------------------------------
                         required time                         -2.566    
                         arrival time                           3.107    
  -------------------------------------------------------------------
                         slack                                  0.540    

Slack (MET) :             0.576ns  (arrival time - required time)
  Source:                 NVP_AUTOINIT/u_sequence/sda_filtered_r_reg/C
                            (rising edge-triggered cell FDSE clocked by userclk1  {rise@0.000ns fall@8.000ns period=16.000ns})
  Destination:            NVP_AUTOINIT/u_sequence/data_rx_reg[0]/D
                            (rising edge-triggered cell FDRE clocked by userclk1  {rise@0.000ns fall@8.000ns period=16.000ns})
  Path Group:             userclk1
  Path Type:              Hold (Min at Fast Process Corner)
  Requirement:            0.000ns  (userclk1 rise@0.000ns - userclk1 rise@0.000ns)
  Data Path Delay:        0.934ns  (logic 0.254ns (27.185%)  route 0.680ns (72.815%))
  Logic Levels:           2  (LUT2=1 LUT6=1)
  Clock Path Skew:        0.267ns (DCD - SCD - CPR)
    Destination Clock Delay (DCD):    2.801ns
    Source Clock Delay      (SCD):    2.179ns
    Clock Pessimism Removal (CPR):    0.356ns

    Location             Delay type                Incr(ns)  Path(ns)    Netlist Resource(s)
  -------------------------------------------------------------------    -------------------
                         (clock userclk1 rise edge)
                                                      0.000     0.000 r  
    GTPE2_CHANNEL_X0Y3   GTPE2_CHANNEL                0.000     0.000 r  XDMA/inst/xdma_v41_m1_pcie2_to_pcie3_wrapper_i/pcie2_ip_i/inst/inst/gt_top_i/pipe_wrapper_i/pipe_lane[0].gt_wrapper_i/gtp_channel.gtpe2_channel_i/TXOUTCLK
                         net (fo=1, routed)           0.473     0.473    XDMA/inst/xdma_v41_m1_pcie2_to_pcie3_wrapper_i/pcie2_ip_i/inst/inst/gt_top_i/pipe_wrapper_i/pipe_clock_int.pipe_clock_i/txoutclk_i.txoutclk_i_0
    BUFGCTRL_X0Y20                                                    r  XDMA/inst/xdma_v41_m1_pcie2_to_pcie3_wrapper_i/pcie2_ip_i/inst/inst/gt_top_i/pipe_wrapper_i/pipe_clock_int.pipe_clock_i/txoutclk_i.txoutclk_i/I
    BUFGCTRL_X0Y20       BUFG (Prop_bufg_I_O)         0.026     0.499 r  XDMA/inst/xdma_v41_m1_pcie2_to_pcie3_wrapper_i/pcie2_ip_i/inst/inst/gt_top_i/pipe_wrapper_i/pipe_clock_int.pipe_clock_i/txoutclk_i.txoutclk_i/O
                         net (fo=1, routed)           0.551     1.050    XDMA/inst/xdma_v41_m1_pcie2_to_pcie3_wrapper_i/pcie2_ip_i/inst/inst/gt_top_i/pipe_wrapper_i/pipe_clock_int.pipe_clock_i/refclk
    MMCME2_ADV_X0Y0                                                   r  XDMA/inst/xdma_v41_m1_pcie2_to_pcie3_wrapper_i/pcie2_ip_i/inst/inst/gt_top_i/pipe_wrapper_i/pipe_clock_int.pipe_clock_i/mmcm_i/CLKIN1
    MMCME2_ADV_X0Y0      MMCME2_ADV (Prop_mmcme2_adv_CLKIN1_CLKOUT2)
                                                      0.050     1.100 r  XDMA/inst/xdma_v41_m1_pcie2_to_pcie3_wrapper_i/pcie2_ip_i/inst/inst/gt_top_i/pipe_wrapper_i/pipe_clock_int.pipe_clock_i/mmcm_i/CLKOUT2
                         net (fo=1, routed)           0.489     1.589    XDMA/inst/xdma_v41_m1_pcie2_to_pcie3_wrapper_i/pcie2_ip_i/inst/inst/gt_top_i/pipe_wrapper_i/pipe_clock_int.pipe_clock_i/userclk1
    BUFGCTRL_X0Y0                                                     r  XDMA/inst/xdma_v41_m1_pcie2_to_pcie3_wrapper_i/pcie2_ip_i/inst/inst/gt_top_i/pipe_wrapper_i/pipe_clock_int.pipe_clock_i/userclk1_i1.usrclk1_i1/I
    BUFGCTRL_X0Y0        BUFG (Prop_bufg_I_O)         0.026     1.615 r  XDMA/inst/xdma_v41_m1_pcie2_to_pcie3_wrapper_i/pcie2_ip_i/inst/inst/gt_top_i/pipe_wrapper_i/pipe_clock_int.pipe_clock_i/userclk1_i1.usrclk1_i1/O
                         net (fo=15140, routed)       0.564     2.179    NVP_AUTOINIT/u_sequence/axi_aclk
    SLICE_X46Y44         FDSE                                         r  NVP_AUTOINIT/u_sequence/sda_filtered_r_reg/C
  -------------------------------------------------------------------    -------------------
    SLICE_X46Y44         FDSE (Prop_fdse_C_Q)         0.164     2.343 r  NVP_AUTOINIT/u_sequence/sda_filtered_r_reg/Q
                         net (fo=11, routed)          0.411     2.754    NVP_AUTOINIT/u_sequence/sda_filtered_r
    SLICE_X41Y48                                                      r  NVP_AUTOINIT/u_sequence/data_rx[7]_i_2/I0
    SLICE_X41Y48         LUT2 (Prop_lut2_I0_O)        0.045     2.799 r  NVP_AUTOINIT/u_sequence/data_rx[7]_i_2/O
                         net (fo=8, routed)           0.269     3.068    NVP_AUTOINIT/u_sequence/data_rx[7]_i_2_n_0
    SLICE_X36Y50                                                      r  NVP_AUTOINIT/u_sequence/data_rx[0]_i_1/I0
    SLICE_X36Y50         LUT6 (Prop_lut6_I0_O)        0.045     3.113 r  NVP_AUTOINIT/u_sequence/data_rx[0]_i_1/O
                         net (fo=1, routed)           0.000     3.113    NVP_AUTOINIT/u_sequence/data_rx[0]_i_1_n_0
    SLICE_X36Y50         FDRE                                         r  NVP_AUTOINIT/u_sequence/data_rx_reg[0]/D
  -------------------------------------------------------------------    -------------------

                         (clock userclk1 rise edge)
                                                      0.000     0.000 r  
    GTPE2_CHANNEL_X0Y3   GTPE2_CHANNEL                0.000     0.000 r  XDMA/inst/xdma_v41_m1_pcie2_to_pcie3_wrapper_i/pcie2_ip_i/inst/inst/gt_top_i/pipe_wrapper_i/pipe_lane[0].gt_wrapper_i/gtp_channel.gtpe2_channel_i/TXOUTCLK
                         net (fo=1, routed)           0.509     0.509    XDMA/inst/xdma_v41_m1_pcie2_to_pcie3_wrapper_i/pcie2_ip_i/inst/inst/gt_top_i/pipe_wrapper_i/pipe_clock_int.pipe_clock_i/txoutclk_i.txoutclk_i_0
    BUFGCTRL_X0Y20                                                    r  XDMA/inst/xdma_v41_m1_pcie2_to_pcie3_wrapper_i/pcie2_ip_i/inst/inst/gt_top_i/pipe_wrapper_i/pipe_clock_int.pipe_clock_i/txoutclk_i.txoutclk_i/I
    BUFGCTRL_X0Y20       BUFG (Prop_bufg_I_O)         0.029     0.538 r  XDMA/inst/xdma_v41_m1_pcie2_to_pcie3_wrapper_i/pcie2_ip_i/inst/inst/gt_top_i/pipe_wrapper_i/pipe_clock_int.pipe_clock_i/txoutclk_i.txoutclk_i/O
                         net (fo=1, routed)           0.818     1.355    XDMA/inst/xdma_v41_m1_pcie2_to_pcie3_wrapper_i/pcie2_ip_i/inst/inst/gt_top_i/pipe_wrapper_i/pipe_clock_int.pipe_clock_i/refclk
    MMCME2_ADV_X0Y0                                                   r  XDMA/inst/xdma_v41_m1_pcie2_to_pcie3_wrapper_i/pcie2_ip_i/inst/inst/gt_top_i/pipe_wrapper_i/pipe_clock_int.pipe_clock_i/mmcm_i/CLKIN1
    MMCME2_ADV_X0Y0      MMCME2_ADV (Prop_mmcme2_adv_CLKIN1_CLKOUT2)
                                                      0.053     1.408 r  XDMA/inst/xdma_v41_m1_pcie2_to_pcie3_wrapper_i/pcie2_ip_i/inst/inst/gt_top_i/pipe_wrapper_i/pipe_clock_int.pipe_clock_i/mmcm_i/CLKOUT2
                         net (fo=1, routed)           0.534     1.942    XDMA/inst/xdma_v41_m1_pcie2_to_pcie3_wrapper_i/pcie2_ip_i/inst/inst/gt_top_i/pipe_wrapper_i/pipe_clock_int.pipe_clock_i/userclk1
    BUFGCTRL_X0Y0                                                     r  XDMA/inst/xdma_v41_m1_pcie2_to_pcie3_wrapper_i/pcie2_ip_i/inst/inst/gt_top_i/pipe_wrapper_i/pipe_clock_int.pipe_clock_i/userclk1_i1.usrclk1_i1/I
    BUFGCTRL_X0Y0        BUFG (Prop_bufg_I_O)         0.029     1.971 r  XDMA/inst/xdma_v41_m1_pcie2_to_pcie3_wrapper_i/pcie2_ip_i/inst/inst/gt_top_i/pipe_wrapper_i/pipe_clock_int.pipe_clock_i/userclk1_i1.usrclk1_i1/O
                         net (fo=15140, routed)       0.830     2.801    NVP_AUTOINIT/u_sequence/axi_aclk
    SLICE_X36Y50         FDRE                                         r  NVP_AUTOINIT/u_sequence/data_rx_reg[0]/C
                         clock pessimism             -0.356     2.446    
    SLICE_X36Y50         FDRE (Hold_fdre_C_D)         0.091     2.537    NVP_AUTOINIT/u_sequence/data_rx_reg[0]
  -------------------------------------------------------------------
                         required time                         -2.536    
                         arrival time                           3.113    
  -------------------------------------------------------------------
                         slack                                  0.576    

Slack (MET) :             0.594ns  (arrival time - required time)
  Source:                 NVP_AUTOINIT/u_sequence/sda_filtered_r_reg/C
                            (rising edge-triggered cell FDSE clocked by userclk1  {rise@0.000ns fall@8.000ns period=16.000ns})
  Destination:            NVP_AUTOINIT/u_sequence/data_rx_reg[1]/D
                            (rising edge-triggered cell FDRE clocked by userclk1  {rise@0.000ns fall@8.000ns period=16.000ns})
  Path Group:             userclk1
  Path Type:              Hold (Min at Fast Process Corner)
  Requirement:            0.000ns  (userclk1 rise@0.000ns - userclk1 rise@0.000ns)
  Data Path Delay:        0.982ns  (logic 0.254ns (25.864%)  route 0.728ns (74.136%))
  Logic Levels:           2  (LUT2=1 LUT6=1)
  Clock Path Skew:        0.267ns (DCD - SCD - CPR)
    Destination Clock Delay (DCD):    2.801ns
    Source Clock Delay      (SCD):    2.179ns
    Clock Pessimism Removal (CPR):    0.356ns

    Location             Delay type                Incr(ns)  Path(ns)    Netlist Resource(s)
  -------------------------------------------------------------------    -------------------
                         (clock userclk1 rise edge)
                                                      0.000     0.000 r  
    GTPE2_CHANNEL_X0Y3   GTPE2_CHANNEL                0.000     0.000 r  XDMA/inst/xdma_v41_m1_pcie2_to_pcie3_wrapper_i/pcie2_ip_i/inst/inst/gt_top_i/pipe_wrapper_i/pipe_lane[0].gt_wrapper_i/gtp_channel.gtpe2_channel_i/TXOUTCLK
                         net (fo=1, routed)           0.473     0.473    XDMA/inst/xdma_v41_m1_pcie2_to_pcie3_wrapper_i/pcie2_ip_i/inst/inst/gt_top_i/pipe_wrapper_i/pipe_clock_int.pipe_clock_i/txoutclk_i.txoutclk_i_0
    BUFGCTRL_X0Y20                                                    r  XDMA/inst/xdma_v41_m1_pcie2_to_pcie3_wrapper_i/pcie2_ip_i/inst/inst/gt_top_i/pipe_wrapper_i/pipe_clock_int.pipe_clock_i/txoutclk_i.txoutclk_i/I
    BUFGCTRL_X0Y20       BUFG (Prop_bufg_I_O)         0.026     0.499 r  XDMA/inst/xdma_v41_m1_pcie2_to_pcie3_wrapper_i/pcie2_ip_i/inst/inst/gt_top_i/pipe_wrapper_i/pipe_clock_int.pipe_clock_i/txoutclk_i.txoutclk_i/O
                         net (fo=1, routed)           0.551     1.050    XDMA/inst/xdma_v41_m1_pcie2_to_pcie3_wrapper_i/pcie2_ip_i/inst/inst/gt_top_i/pipe_wrapper_i/pipe_clock_int.pipe_clock_i/refclk
    MMCME2_ADV_X0Y0                                                   r  XDMA/inst/xdma_v41_m1_pcie2_to_pcie3_wrapper_i/pcie2_ip_i/inst/inst/gt_top_i/pipe_wrapper_i/pipe_clock_int.pipe_clock_i/mmcm_i/CLKIN1
    MMCME2_ADV_X0Y0      MMCME2_ADV (Prop_mmcme2_adv_CLKIN1_CLKOUT2)
                                                      0.050     1.100 r  XDMA/inst/xdma_v41_m1_pcie2_to_pcie3_wrapper_i/pcie2_ip_i/inst/inst/gt_top_i/pipe_wrapper_i/pipe_clock_int.pipe_clock_i/mmcm_i/CLKOUT2
                         net (fo=1, routed)           0.489     1.589    XDMA/inst/xdma_v41_m1_pcie2_to_pcie3_wrapper_i/pcie2_ip_i/inst/inst/gt_top_i/pipe_wrapper_i/pipe_clock_int.pipe_clock_i/userclk1
    BUFGCTRL_X0Y0                                                     r  XDMA/inst/xdma_v41_m1_pcie2_to_pcie3_wrapper_i/pcie2_ip_i/inst/inst/gt_top_i/pipe_wrapper_i/pipe_clock_int.pipe_clock_i/userclk1_i1.usrclk1_i1/I
    BUFGCTRL_X0Y0        BUFG (Prop_bufg_I_O)         0.026     1.615 r  XDMA/inst/xdma_v41_m1_pcie2_to_pcie3_wrapper_i/pcie2_ip_i/inst/inst/gt_top_i/pipe_wrapper_i/pipe_clock_int.pipe_clock_i/userclk1_i1.usrclk1_i1/O
                         net (fo=15140, routed)       0.564     2.179    NVP_AUTOINIT/u_sequence/axi_aclk
    SLICE_X46Y44         FDSE                                         r  NVP_AUTOINIT/u_sequence/sda_filtered_r_reg/C
  -------------------------------------------------------------------    -------------------
    SLICE_X46Y44         FDSE (Prop_fdse_C_Q)         0.164     2.343 r  NVP_AUTOINIT/u_sequence/sda_filtered_r_reg/Q
                         net (fo=11, routed)          0.411     2.754    NVP_AUTOINIT/u_sequence/sda_filtered_r
    SLICE_X41Y48                                                      r  NVP_AUTOINIT/u_sequence/data_rx[7]_i_2/I0
    SLICE_X41Y48         LUT2 (Prop_lut2_I0_O)        0.045     2.799 r  NVP_AUTOINIT/u_sequence/data_rx[7]_i_2/O
                         net (fo=8, routed)           0.317     3.116    NVP_AUTOINIT/u_sequence/data_rx[7]_i_2_n_0
    SLICE_X38Y50                                                      r  NVP_AUTOINIT/u_sequence/data_rx[1]_i_1/I0
    SLICE_X38Y50         LUT6 (Prop_lut6_I0_O)        0.045     3.161 r  NVP_AUTOINIT/u_sequence/data_rx[1]_i_1/O
                         net (fo=1, routed)           0.000     3.161    NVP_AUTOINIT/u_sequence/data_rx[1]_i_1_n_0
    SLICE_X38Y50         FDRE                                         r  NVP_AUTOINIT/u_sequence/data_rx_reg[1]/D
  -------------------------------------------------------------------    -------------------

                         (clock userclk1 rise edge)
                                                      0.000     0.000 r  
    GTPE2_CHANNEL_X0Y3   GTPE2_CHANNEL                0.000     0.000 r  XDMA/inst/xdma_v41_m1_pcie2_to_pcie3_wrapper_i/pcie2_ip_i/inst/inst/gt_top_i/pipe_wrapper_i/pipe_lane[0].gt_wrapper_i/gtp_channel.gtpe2_channel_i/TXOUTCLK
                         net (fo=1, routed)           0.509     0.509    XDMA/inst/xdma_v41_m1_pcie2_to_pcie3_wrapper_i/pcie2_ip_i/inst/inst/gt_top_i/pipe_wrapper_i/pipe_clock_int.pipe_clock_i/txoutclk_i.txoutclk_i_0
    BUFGCTRL_X0Y20                                                    r  XDMA/inst/xdma_v41_m1_pcie2_to_pcie3_wrapper_i/pcie2_ip_i/inst/inst/gt_top_i/pipe_wrapper_i/pipe_clock_int.pipe_clock_i/txoutclk_i.txoutclk_i/I
    BUFGCTRL_X0Y20       BUFG (Prop_bufg_I_O)         0.029     0.538 r  XDMA/inst/xdma_v41_m1_pcie2_to_pcie3_wrapper_i/pcie2_ip_i/inst/inst/gt_top_i/pipe_wrapper_i/pipe_clock_int.pipe_clock_i/txoutclk_i.txoutclk_i/O
                         net (fo=1, routed)           0.818     1.355    XDMA/inst/xdma_v41_m1_pcie2_to_pcie3_wrapper_i/pcie2_ip_i/inst/inst/gt_top_i/pipe_wrapper_i/pipe_clock_int.pipe_clock_i/refclk
    MMCME2_ADV_X0Y0                                                   r  XDMA/inst/xdma_v41_m1_pcie2_to_pcie3_wrapper_i/pcie2_ip_i/inst/inst/gt_top_i/pipe_wrapper_i/pipe_clock_int.pipe_clock_i/mmcm_i/CLKIN1
    MMCME2_ADV_X0Y0      MMCME2_ADV (Prop_mmcme2_adv_CLKIN1_CLKOUT2)
                                                      0.053     1.408 r  XDMA/inst/xdma_v41_m1_pcie2_to_pcie3_wrapper_i/pcie2_ip_i/inst/inst/gt_top_i/pipe_wrapper_i/pipe_clock_int.pipe_clock_i/mmcm_i/CLKOUT2
                         net (fo=1, routed)           0.534     1.942    XDMA/inst/xdma_v41_m1_pcie2_to_pcie3_wrapper_i/pcie2_ip_i/inst/inst/gt_top_i/pipe_wrapper_i/pipe_clock_int.pipe_clock_i/userclk1
    BUFGCTRL_X0Y0                                                     r  XDMA/inst/xdma_v41_m1_pcie2_to_pcie3_wrapper_i/pcie2_ip_i/inst/inst/gt_top_i/pipe_wrapper_i/pipe_clock_int.pipe_clock_i/userclk1_i1.usrclk1_i1/I
    BUFGCTRL_X0Y0        BUFG (Prop_bufg_I_O)         0.029     1.971 r  XDMA/inst/xdma_v41_m1_pcie2_to_pcie3_wrapper_i/pcie2_ip_i/inst/inst/gt_top_i/pipe_wrapper_i/pipe_clock_int.pipe_clock_i/userclk1_i1.usrclk1_i1/O
                         net (fo=15140, routed)       0.830     2.801    NVP_AUTOINIT/u_sequence/axi_aclk
    SLICE_X38Y50         FDRE                                         r  NVP_AUTOINIT/u_sequence/data_rx_reg[1]/C
                         clock pessimism             -0.356     2.446    
    SLICE_X38Y50         FDRE (Hold_fdre_C_D)         0.121     2.567    NVP_AUTOINIT/u_sequence/data_rx_reg[1]
  -------------------------------------------------------------------
                         required time                         -2.566    
                         arrival time                           3.161    
  -------------------------------------------------------------------
                         slack                                  0.594    

Slack (MET) :             0.636ns  (arrival time - required time)
  Source:                 NVP_AUTOINIT/u_sequence/sda_filtered_r_reg/C
                            (rising edge-triggered cell FDSE clocked by userclk1  {rise@0.000ns fall@8.000ns period=16.000ns})
  Destination:            NVP_AUTOINIT/u_sequence/data_rx_reg[7]/D
                            (rising edge-triggered cell FDRE clocked by userclk1  {rise@0.000ns fall@8.000ns period=16.000ns})
  Path Group:             userclk1
  Path Type:              Hold (Min at Fast Process Corner)
  Requirement:            0.000ns  (userclk1 rise@0.000ns - userclk1 rise@0.000ns)
  Data Path Delay:        0.996ns  (logic 0.254ns (25.506%)  route 0.742ns (74.494%))
  Logic Levels:           2  (LUT2=1 LUT6=1)
  Clock Path Skew:        0.268ns (DCD - SCD - CPR)
    Destination Clock Delay (DCD):    2.802ns
    Source Clock Delay      (SCD):    2.179ns
    Clock Pessimism Removal (CPR):    0.356ns

    Location             Delay type                Incr(ns)  Path(ns)    Netlist Resource(s)
  -------------------------------------------------------------------    -------------------
                         (clock userclk1 rise edge)
                                                      0.000     0.000 r  
    GTPE2_CHANNEL_X0Y3   GTPE2_CHANNEL                0.000     0.000 r  XDMA/inst/xdma_v41_m1_pcie2_to_pcie3_wrapper_i/pcie2_ip_i/inst/inst/gt_top_i/pipe_wrapper_i/pipe_lane[0].gt_wrapper_i/gtp_channel.gtpe2_channel_i/TXOUTCLK
                         net (fo=1, routed)           0.473     0.473    XDMA/inst/xdma_v41_m1_pcie2_to_pcie3_wrapper_i/pcie2_ip_i/inst/inst/gt_top_i/pipe_wrapper_i/pipe_clock_int.pipe_clock_i/txoutclk_i.txoutclk_i_0
    BUFGCTRL_X0Y20                                                    r  XDMA/inst/xdma_v41_m1_pcie2_to_pcie3_wrapper_i/pcie2_ip_i/inst/inst/gt_top_i/pipe_wrapper_i/pipe_clock_int.pipe_clock_i/txoutclk_i.txoutclk_i/I
    BUFGCTRL_X0Y20       BUFG (Prop_bufg_I_O)         0.026     0.499 r  XDMA/inst/xdma_v41_m1_pcie2_to_pcie3_wrapper_i/pcie2_ip_i/inst/inst/gt_top_i/pipe_wrapper_i/pipe_clock_int.pipe_clock_i/txoutclk_i.txoutclk_i/O
                         net (fo=1, routed)           0.551     1.050    XDMA/inst/xdma_v41_m1_pcie2_to_pcie3_wrapper_i/pcie2_ip_i/inst/inst/gt_top_i/pipe_wrapper_i/pipe_clock_int.pipe_clock_i/refclk
    MMCME2_ADV_X0Y0                                                   r  XDMA/inst/xdma_v41_m1_pcie2_to_pcie3_wrapper_i/pcie2_ip_i/inst/inst/gt_top_i/pipe_wrapper_i/pipe_clock_int.pipe_clock_i/mmcm_i/CLKIN1
    MMCME2_ADV_X0Y0      MMCME2_ADV (Prop_mmcme2_adv_CLKIN1_CLKOUT2)
                                                      0.050     1.100 r  XDMA/inst/xdma_v41_m1_pcie2_to_pcie3_wrapper_i/pcie2_ip_i/inst/inst/gt_top_i/pipe_wrapper_i/pipe_clock_int.pipe_clock_i/mmcm_i/CLKOUT2
                         net (fo=1, routed)           0.489     1.589    XDMA/inst/xdma_v41_m1_pcie2_to_pcie3_wrapper_i/pcie2_ip_i/inst/inst/gt_top_i/pipe_wrapper_i/pipe_clock_int.pipe_clock_i/userclk1
    BUFGCTRL_X0Y0                                                     r  XDMA/inst/xdma_v41_m1_pcie2_to_pcie3_wrapper_i/pcie2_ip_i/inst/inst/gt_top_i/pipe_wrapper_i/pipe_clock_int.pipe_clock_i/userclk1_i1.usrclk1_i1/I
    BUFGCTRL_X0Y0        BUFG (Prop_bufg_I_O)         0.026     1.615 r  XDMA/inst/xdma_v41_m1_pcie2_to_pcie3_wrapper_i/pcie2_ip_i/inst/inst/gt_top_i/pipe_wrapper_i/pipe_clock_int.pipe_clock_i/userclk1_i1.usrclk1_i1/O
                         net (fo=15140, routed)       0.564     2.179    NVP_AUTOINIT/u_sequence/axi_aclk
    SLICE_X46Y44         FDSE                                         r  NVP_AUTOINIT/u_sequence/sda_filtered_r_reg/C
  -------------------------------------------------------------------    -------------------
    SLICE_X46Y44         FDSE (Prop_fdse_C_Q)         0.164     2.343 r  NVP_AUTOINIT/u_sequence/sda_filtered_r_reg/Q
                         net (fo=11, routed)          0.411     2.754    NVP_AUTOINIT/u_sequence/sda_filtered_r
    SLICE_X41Y48                                                      r  NVP_AUTOINIT/u_sequence/data_rx[7]_i_2/I0
    SLICE_X41Y48         LUT2 (Prop_lut2_I0_O)        0.045     2.799 r  NVP_AUTOINIT/u_sequence/data_rx[7]_i_2/O
                         net (fo=8, routed)           0.330     3.129    NVP_AUTOINIT/u_sequence/data_rx[7]_i_2_n_0
    SLICE_X40Y50                                                      r  NVP_AUTOINIT/u_sequence/data_rx[7]_i_1/I0
    SLICE_X40Y50         LUT6 (Prop_lut6_I0_O)        0.045     3.174 r  NVP_AUTOINIT/u_sequence/data_rx[7]_i_1/O
                         net (fo=1, routed)           0.000     3.174    NVP_AUTOINIT/u_sequence/data_rx[7]_i_1_n_0
    SLICE_X40Y50         FDRE                                         r  NVP_AUTOINIT/u_sequence/data_rx_reg[7]/D
  -------------------------------------------------------------------    -------------------

                         (clock userclk1 rise edge)
                                                      0.000     0.000 r  
    GTPE2_CHANNEL_X0Y3   GTPE2_CHANNEL                0.000     0.000 r  XDMA/inst/xdma_v41_m1_pcie2_to_pcie3_wrapper_i/pcie2_ip_i/inst/inst/gt_top_i/pipe_wrapper_i/pipe_lane[0].gt_wrapper_i/gtp_channel.gtpe2_channel_i/TXOUTCLK
                         net (fo=1, routed)           0.509     0.509    XDMA/inst/xdma_v41_m1_pcie2_to_pcie3_wrapper_i/pcie2_ip_i/inst/inst/gt_top_i/pipe_wrapper_i/pipe_clock_int.pipe_clock_i/txoutclk_i.txoutclk_i_0
    BUFGCTRL_X0Y20                                                    r  XDMA/inst/xdma_v41_m1_pcie2_to_pcie3_wrapper_i/pcie2_ip_i/inst/inst/gt_top_i/pipe_wrapper_i/pipe_clock_int.pipe_clock_i/txoutclk_i.txoutclk_i/I
    BUFGCTRL_X0Y20       BUFG (Prop_bufg_I_O)         0.029     0.538 r  XDMA/inst/xdma_v41_m1_pcie2_to_pcie3_wrapper_i/pcie2_ip_i/inst/inst/gt_top_i/pipe_wrapper_i/pipe_clock_int.pipe_clock_i/txoutclk_i.txoutclk_i/O
                         net (fo=1, routed)           0.818     1.355    XDMA/inst/xdma_v41_m1_pcie2_to_pcie3_wrapper_i/pcie2_ip_i/inst/inst/gt_top_i/pipe_wrapper_i/pipe_clock_int.pipe_clock_i/refclk
    MMCME2_ADV_X0Y0                                                   r  XDMA/inst/xdma_v41_m1_pcie2_to_pcie3_wrapper_i/pcie2_ip_i/inst/inst/gt_top_i/pipe_wrapper_i/pipe_clock_int.pipe_clock_i/mmcm_i/CLKIN1
    MMCME2_ADV_X0Y0      MMCME2_ADV (Prop_mmcme2_adv_CLKIN1_CLKOUT2)
                                                      0.053     1.408 r  XDMA/inst/xdma_v41_m1_pcie2_to_pcie3_wrapper_i/pcie2_ip_i/inst/inst/gt_top_i/pipe_wrapper_i/pipe_clock_int.pipe_clock_i/mmcm_i/CLKOUT2
                         net (fo=1, routed)           0.534     1.942    XDMA/inst/xdma_v41_m1_pcie2_to_pcie3_wrapper_i/pcie2_ip_i/inst/inst/gt_top_i/pipe_wrapper_i/pipe_clock_int.pipe_clock_i/userclk1
    BUFGCTRL_X0Y0                                                     r  XDMA/inst/xdma_v41_m1_pcie2_to_pcie3_wrapper_i/pcie2_ip_i/inst/inst/gt_top_i/pipe_wrapper_i/pipe_clock_int.pipe_clock_i/userclk1_i1.usrclk1_i1/I
    BUFGCTRL_X0Y0        BUFG (Prop_bufg_I_O)         0.029     1.971 r  XDMA/inst/xdma_v41_m1_pcie2_to_pcie3_wrapper_i/pcie2_ip_i/inst/inst/gt_top_i/pipe_wrapper_i/pipe_clock_int.pipe_clock_i/userclk1_i1.usrclk1_i1/O
                         net (fo=15140, routed)       0.832     2.802    NVP_AUTOINIT/u_sequence/axi_aclk
    SLICE_X40Y50         FDRE                                         r  NVP_AUTOINIT/u_sequence/data_rx_reg[7]/C
                         clock pessimism             -0.356     2.447    
    SLICE_X40Y50         FDRE (Hold_fdre_C_D)         0.092     2.539    NVP_AUTOINIT/u_sequence/data_rx_reg[7]
  -------------------------------------------------------------------
                         required time                         -2.538    
                         arrival time                           3.174    
  -------------------------------------------------------------------
                         slack                                  0.636    

Slack (MET) :             0.729ns  (arrival time - required time)
  Source:                 NVP_AUTOINIT/u_sequence/sda_filtered_r_reg/C
                            (rising edge-triggered cell FDSE clocked by userclk1  {rise@0.000ns fall@8.000ns period=16.000ns})
  Destination:            NVP_AUTOINIT/u_sequence/nack_log_count_r_reg[2]/CE
                            (rising edge-triggered cell FDRE clocked by userclk1  {rise@0.000ns fall@8.000ns period=16.000ns})
  Path Group:             userclk1
  Path Type:              Hold (Min at Fast Process Corner)
  Requirement:            0.000ns  (userclk1 rise@0.000ns - userclk1 rise@0.000ns)
  Data Path Delay:        0.749ns  (logic 0.209ns (27.911%)  route 0.540ns (72.089%))
  Logic Levels:           1  (LUT5=1)
  Clock Path Skew:        0.036ns (DCD - SCD - CPR)
    Destination Clock Delay (DCD):    2.804ns
    Source Clock Delay      (SCD):    2.179ns
    Clock Pessimism Removal (CPR):    0.590ns

    Location             Delay type                Incr(ns)  Path(ns)    Netlist Resource(s)
  -------------------------------------------------------------------    -------------------
                         (clock userclk1 rise edge)
                                                      0.000     0.000 r  
    GTPE2_CHANNEL_X0Y3   GTPE2_CHANNEL                0.000     0.000 r  XDMA/inst/xdma_v41_m1_pcie2_to_pcie3_wrapper_i/pcie2_ip_i/inst/inst/gt_top_i/pipe_wrapper_i/pipe_lane[0].gt_wrapper_i/gtp_channel.gtpe2_channel_i/TXOUTCLK
                         net (fo=1, routed)           0.473     0.473    XDMA/inst/xdma_v41_m1_pcie2_to_pcie3_wrapper_i/pcie2_ip_i/inst/inst/gt_top_i/pipe_wrapper_i/pipe_clock_int.pipe_clock_i/txoutclk_i.txoutclk_i_0
    BUFGCTRL_X0Y20                                                    r  XDMA/inst/xdma_v41_m1_pcie2_to_pcie3_wrapper_i/pcie2_ip_i/inst/inst/gt_top_i/pipe_wrapper_i/pipe_clock_int.pipe_clock_i/txoutclk_i.txoutclk_i/I
    BUFGCTRL_X0Y20       BUFG (Prop_bufg_I_O)         0.026     0.499 r  XDMA/inst/xdma_v41_m1_pcie2_to_pcie3_wrapper_i/pcie2_ip_i/inst/inst/gt_top_i/pipe_wrapper_i/pipe_clock_int.pipe_clock_i/txoutclk_i.txoutclk_i/O
                         net (fo=1, routed)           0.551     1.050    XDMA/inst/xdma_v41_m1_pcie2_to_pcie3_wrapper_i/pcie2_ip_i/inst/inst/gt_top_i/pipe_wrapper_i/pipe_clock_int.pipe_clock_i/refclk
    MMCME2_ADV_X0Y0                                                   r  XDMA/inst/xdma_v41_m1_pcie2_to_pcie3_wrapper_i/pcie2_ip_i/inst/inst/gt_top_i/pipe_wrapper_i/pipe_clock_int.pipe_clock_i/mmcm_i/CLKIN1
    MMCME2_ADV_X0Y0      MMCME2_ADV (Prop_mmcme2_adv_CLKIN1_CLKOUT2)
                                                      0.050     1.100 r  XDMA/inst/xdma_v41_m1_pcie2_to_pcie3_wrapper_i/pcie2_ip_i/inst/inst/gt_top_i/pipe_wrapper_i/pipe_clock_int.pipe_clock_i/mmcm_i/CLKOUT2
                         net (fo=1, routed)           0.489     1.589    XDMA/inst/xdma_v41_m1_pcie2_to_pcie3_wrapper_i/pcie2_ip_i/inst/inst/gt_top_i/pipe_wrapper_i/pipe_clock_int.pipe_clock_i/userclk1
    BUFGCTRL_X0Y0                                                     r  XDMA/inst/xdma_v41_m1_pcie2_to_pcie3_wrapper_i/pcie2_ip_i/inst/inst/gt_top_i/pipe_wrapper_i/pipe_clock_int.pipe_clock_i/userclk1_i1.usrclk1_i1/I
    BUFGCTRL_X0Y0        BUFG (Prop_bufg_I_O)         0.026     1.615 r  XDMA/inst/xdma_v41_m1_pcie2_to_pcie3_wrapper_i/pcie2_ip_i/inst/inst/gt_top_i/pipe_wrapper_i/pipe_clock_int.pipe_clock_i/userclk1_i1.usrclk1_i1/O
                         net (fo=15140, routed)       0.564     2.179    NVP_AUTOINIT/u_sequence/axi_aclk
    SLICE_X46Y44         FDSE                                         r  NVP_AUTOINIT/u_sequence/sda_filtered_r_reg/C
  -------------------------------------------------------------------    -------------------
    SLICE_X46Y44         FDSE (Prop_fdse_C_Q)         0.164     2.343 r  NVP_AUTOINIT/u_sequence/sda_filtered_r_reg/Q
                         net (fo=11, routed)          0.433     2.775    NVP_AUTOINIT/u_sequence/sda_filtered_r
    SLICE_X41Y47                                                      r  NVP_AUTOINIT/u_sequence/nack_log_count_r[3]_i_1/I3
    SLICE_X41Y47         LUT5 (Prop_lut5_I3_O)        0.045     2.820 r  NVP_AUTOINIT/u_sequence/nack_log_count_r[3]_i_1/O
                         net (fo=6, routed)           0.107     2.927    NVP_AUTOINIT/u_sequence/nack_log_count_r[3]_i_1_n_0
    SLICE_X42Y48         FDRE                                         r  NVP_AUTOINIT/u_sequence/nack_log_count_r_reg[2]/CE
  -------------------------------------------------------------------    -------------------

                         (clock userclk1 rise edge)
                                                      0.000     0.000 r  
    GTPE2_CHANNEL_X0Y3   GTPE2_CHANNEL                0.000     0.000 r  XDMA/inst/xdma_v41_m1_pcie2_to_pcie3_wrapper_i/pcie2_ip_i/inst/inst/gt_top_i/pipe_wrapper_i/pipe_lane[0].gt_wrapper_i/gtp_channel.gtpe2_channel_i/TXOUTCLK
                         net (fo=1, routed)           0.509     0.509    XDMA/inst/xdma_v41_m1_pcie2_to_pcie3_wrapper_i/pcie2_ip_i/inst/inst/gt_top_i/pipe_wrapper_i/pipe_clock_int.pipe_clock_i/txoutclk_i.txoutclk_i_0
    BUFGCTRL_X0Y20                                                    r  XDMA/inst/xdma_v41_m1_pcie2_to_pcie3_wrapper_i/pcie2_ip_i/inst/inst/gt_top_i/pipe_wrapper_i/pipe_clock_int.pipe_clock_i/txoutclk_i.txoutclk_i/I
    BUFGCTRL_X0Y20       BUFG (Prop_bufg_I_O)         0.029     0.538 r  XDMA/inst/xdma_v41_m1_pcie2_to_pcie3_wrapper_i/pcie2_ip_i/inst/inst/gt_top_i/pipe_wrapper_i/pipe_clock_int.pipe_clock_i/txoutclk_i.txoutclk_i/O
                         net (fo=1, routed)           0.818     1.355    XDMA/inst/xdma_v41_m1_pcie2_to_pcie3_wrapper_i/pcie2_ip_i/inst/inst/gt_top_i/pipe_wrapper_i/pipe_clock_int.pipe_clock_i/refclk
    MMCME2_ADV_X0Y0                                                   r  XDMA/inst/xdma_v41_m1_pcie2_to_pcie3_wrapper_i/pcie2_ip_i/inst/inst/gt_top_i/pipe_wrapper_i/pipe_clock_int.pipe_clock_i/mmcm_i/CLKIN1
    MMCME2_ADV_X0Y0      MMCME2_ADV (Prop_mmcme2_adv_CLKIN1_CLKOUT2)
                                                      0.053     1.408 r  XDMA/inst/xdma_v41_m1_pcie2_to_pcie3_wrapper_i/pcie2_ip_i/inst/inst/gt_top_i/pipe_wrapper_i/pipe_clock_int.pipe_clock_i/mmcm_i/CLKOUT2
                         net (fo=1, routed)           0.534     1.942    XDMA/inst/xdma_v41_m1_pcie2_to_pcie3_wrapper_i/pcie2_ip_i/inst/inst/gt_top_i/pipe_wrapper_i/pipe_clock_int.pipe_clock_i/userclk1
    BUFGCTRL_X0Y0                                                     r  XDMA/inst/xdma_v41_m1_pcie2_to_pcie3_wrapper_i/pcie2_ip_i/inst/inst/gt_top_i/pipe_wrapper_i/pipe_clock_int.pipe_clock_i/userclk1_i1.usrclk1_i1/I
    BUFGCTRL_X0Y0        BUFG (Prop_bufg_I_O)         0.029     1.971 r  XDMA/inst/xdma_v41_m1_pcie2_to_pcie3_wrapper_i/pcie2_ip_i/inst/inst/gt_top_i/pipe_wrapper_i/pipe_clock_int.pipe_clock_i/userclk1_i1.usrclk1_i1/O
                         net (fo=15140, routed)       0.834     2.805    NVP_AUTOINIT/u_sequence/axi_aclk
    SLICE_X42Y48         FDRE                                         r  NVP_AUTOINIT/u_sequence/nack_log_count_r_reg[2]/C
                         clock pessimism             -0.590     2.215    
    SLICE_X42Y48         FDRE (Hold_fdre_C_CE)       -0.016     2.199    NVP_AUTOINIT/u_sequence/nack_log_count_r_reg[2]
  -------------------------------------------------------------------
                         required time                         -2.199    
                         arrival time                           2.927    
  -------------------------------------------------------------------
                         slack                                  0.729    

Slack (MET) :             0.729ns  (arrival time - required time)
  Source:                 NVP_AUTOINIT/u_sequence/sda_filtered_r_reg/C
                            (rising edge-triggered cell FDSE clocked by userclk1  {rise@0.000ns fall@8.000ns period=16.000ns})
  Destination:            NVP_AUTOINIT/u_sequence/nack_log_count_r_reg[3]/CE
                            (rising edge-triggered cell FDRE clocked by userclk1  {rise@0.000ns fall@8.000ns period=16.000ns})
  Path Group:             userclk1
  Path Type:              Hold (Min at Fast Process Corner)
  Requirement:            0.000ns  (userclk1 rise@0.000ns - userclk1 rise@0.000ns)
  Data Path Delay:        0.749ns  (logic 0.209ns (27.911%)  route 0.540ns (72.089%))
  Logic Levels:           1  (LUT5=1)
  Clock Path Skew:        0.036ns (DCD - SCD - CPR)
    Destination Clock Delay (DCD):    2.804ns
    Source Clock Delay      (SCD):    2.179ns
    Clock Pessimism Removal (CPR):    0.590ns

    Location             Delay type                Incr(ns)  Path(ns)    Netlist Resource(s)
  -------------------------------------------------------------------    -------------------
                         (clock userclk1 rise edge)
                                                      0.000     0.000 r  
    GTPE2_CHANNEL_X0Y3   GTPE2_CHANNEL                0.000     0.000 r  XDMA/inst/xdma_v41_m1_pcie2_to_pcie3_wrapper_i/pcie2_ip_i/inst/inst/gt_top_i/pipe_wrapper_i/pipe_lane[0].gt_wrapper_i/gtp_channel.gtpe2_channel_i/TXOUTCLK
                         net (fo=1, routed)           0.473     0.473    XDMA/inst/xdma_v41_m1_pcie2_to_pcie3_wrapper_i/pcie2_ip_i/inst/inst/gt_top_i/pipe_wrapper_i/pipe_clock_int.pipe_clock_i/txoutclk_i.txoutclk_i_0
    BUFGCTRL_X0Y20                                                    r  XDMA/inst/xdma_v41_m1_pcie2_to_pcie3_wrapper_i/pcie2_ip_i/inst/inst/gt_top_i/pipe_wrapper_i/pipe_clock_int.pipe_clock_i/txoutclk_i.txoutclk_i/I
    BUFGCTRL_X0Y20       BUFG (Prop_bufg_I_O)         0.026     0.499 r  XDMA/inst/xdma_v41_m1_pcie2_to_pcie3_wrapper_i/pcie2_ip_i/inst/inst/gt_top_i/pipe_wrapper_i/pipe_clock_int.pipe_clock_i/txoutclk_i.txoutclk_i/O
                         net (fo=1, routed)           0.551     1.050    XDMA/inst/xdma_v41_m1_pcie2_to_pcie3_wrapper_i/pcie2_ip_i/inst/inst/gt_top_i/pipe_wrapper_i/pipe_clock_int.pipe_clock_i/refclk
    MMCME2_ADV_X0Y0                                                   r  XDMA/inst/xdma_v41_m1_pcie2_to_pcie3_wrapper_i/pcie2_ip_i/inst/inst/gt_top_i/pipe_wrapper_i/pipe_clock_int.pipe_clock_i/mmcm_i/CLKIN1
    MMCME2_ADV_X0Y0      MMCME2_ADV (Prop_mmcme2_adv_CLKIN1_CLKOUT2)
                                                      0.050     1.100 r  XDMA/inst/xdma_v41_m1_pcie2_to_pcie3_wrapper_i/pcie2_ip_i/inst/inst/gt_top_i/pipe_wrapper_i/pipe_clock_int.pipe_clock_i/mmcm_i/CLKOUT2
                         net (fo=1, routed)           0.489     1.589    XDMA/inst/xdma_v41_m1_pcie2_to_pcie3_wrapper_i/pcie2_ip_i/inst/inst/gt_top_i/pipe_wrapper_i/pipe_clock_int.pipe_clock_i/userclk1
    BUFGCTRL_X0Y0                                                     r  XDMA/inst/xdma_v41_m1_pcie2_to_pcie3_wrapper_i/pcie2_ip_i/inst/inst/gt_top_i/pipe_wrapper_i/pipe_clock_int.pipe_clock_i/userclk1_i1.usrclk1_i1/I
    BUFGCTRL_X0Y0        BUFG (Prop_bufg_I_O)         0.026     1.615 r  XDMA/inst/xdma_v41_m1_pcie2_to_pcie3_wrapper_i/pcie2_ip_i/inst/inst/gt_top_i/pipe_wrapper_i/pipe_clock_int.pipe_clock_i/userclk1_i1.usrclk1_i1/O
                         net (fo=15140, routed)       0.564     2.179    NVP_AUTOINIT/u_sequence/axi_aclk
    SLICE_X46Y44         FDSE                                         r  NVP_AUTOINIT/u_sequence/sda_filtered_r_reg/C
  -------------------------------------------------------------------    -------------------
    SLICE_X46Y44         FDSE (Prop_fdse_C_Q)         0.164     2.343 r  NVP_AUTOINIT/u_sequence/sda_filtered_r_reg/Q
                         net (fo=11, routed)          0.433     2.775    NVP_AUTOINIT/u_sequence/sda_filtered_r
    SLICE_X41Y47                                                      r  NVP_AUTOINIT/u_sequence/nack_log_count_r[3]_i_1/I3
    SLICE_X41Y47         LUT5 (Prop_lut5_I3_O)        0.045     2.820 r  NVP_AUTOINIT/u_sequence/nack_log_count_r[3]_i_1/O
                         net (fo=6, routed)           0.107     2.927    NVP_AUTOINIT/u_sequence/nack_log_count_r[3]_i_1_n_0
    SLICE_X42Y48         FDRE                                         r  NVP_AUTOINIT/u_sequence/nack_log_count_r_reg[3]/CE
  -------------------------------------------------------------------    -------------------

                         (clock userclk1 rise edge)
                                                      0.000     0.000 r  
    GTPE2_CHANNEL_X0Y3   GTPE2_CHANNEL                0.000     0.000 r  XDMA/inst/xdma_v41_m1_pcie2_to_pcie3_wrapper_i/pcie2_ip_i/inst/inst/gt_top_i/pipe_wrapper_i/pipe_lane[0].gt_wrapper_i/gtp_channel.gtpe2_channel_i/TXOUTCLK
                         net (fo=1, routed)           0.509     0.509    XDMA/inst/xdma_v41_m1_pcie2_to_pcie3_wrapper_i/pcie2_ip_i/inst/inst/gt_top_i/pipe_wrapper_i/pipe_clock_int.pipe_clock_i/txoutclk_i.txoutclk_i_0
    BUFGCTRL_X0Y20                                                    r  XDMA/inst/xdma_v41_m1_pcie2_to_pcie3_wrapper_i/pcie2_ip_i/inst/inst/gt_top_i/pipe_wrapper_i/pipe_clock_int.pipe_clock_i/txoutclk_i.txoutclk_i/I
    BUFGCTRL_X0Y20       BUFG (Prop_bufg_I_O)         0.029     0.538 r  XDMA/inst/xdma_v41_m1_pcie2_to_pcie3_wrapper_i/pcie2_ip_i/inst/inst/gt_top_i/pipe_wrapper_i/pipe_clock_int.pipe_clock_i/txoutclk_i.txoutclk_i/O
                         net (fo=1, routed)           0.818     1.355    XDMA/inst/xdma_v41_m1_pcie2_to_pcie3_wrapper_i/pcie2_ip_i/inst/inst/gt_top_i/pipe_wrapper_i/pipe_clock_int.pipe_clock_i/refclk
    MMCME2_ADV_X0Y0                                                   r  XDMA/inst/xdma_v41_m1_pcie2_to_pcie3_wrapper_i/pcie2_ip_i/inst/inst/gt_top_i/pipe_wrapper_i/pipe_clock_int.pipe_clock_i/mmcm_i/CLKIN1
    MMCME2_ADV_X0Y0      MMCME2_ADV (Prop_mmcme2_adv_CLKIN1_CLKOUT2)
                                                      0.053     1.408 r  XDMA/inst/xdma_v41_m1_pcie2_to_pcie3_wrapper_i/pcie2_ip_i/inst/inst/gt_top_i/pipe_wrapper_i/pipe_clock_int.pipe_clock_i/mmcm_i/CLKOUT2
                         net (fo=1, routed)           0.534     1.942    XDMA/inst/xdma_v41_m1_pcie2_to_pcie3_wrapper_i/pcie2_ip_i/inst/inst/gt_top_i/pipe_wrapper_i/pipe_clock_int.pipe_clock_i/userclk1
    BUFGCTRL_X0Y0                                                     r  XDMA/inst/xdma_v41_m1_pcie2_to_pcie3_wrapper_i/pcie2_ip_i/inst/inst/gt_top_i/pipe_wrapper_i/pipe_clock_int.pipe_clock_i/userclk1_i1.usrclk1_i1/I
    BUFGCTRL_X0Y0        BUFG (Prop_bufg_I_O)         0.029     1.971 r  XDMA/inst/xdma_v41_m1_pcie2_to_pcie3_wrapper_i/pcie2_ip_i/inst/inst/gt_top_i/pipe_wrapper_i/pipe_clock_int.pipe_clock_i/userclk1_i1.usrclk1_i1/O
                         net (fo=15140, routed)       0.834     2.805    NVP_AUTOINIT/u_sequence/axi_aclk
    SLICE_X42Y48         FDRE                                         r  NVP_AUTOINIT/u_sequence/nack_log_count_r_reg[3]/C
                         clock pessimism             -0.590     2.215    
    SLICE_X42Y48         FDRE (Hold_fdre_C_CE)       -0.016     2.199    NVP_AUTOINIT/u_sequence/nack_log_count_r_reg[3]
  -------------------------------------------------------------------
                         required time                         -2.199    
                         arrival time                           2.927    
  -------------------------------------------------------------------
                         slack                                  0.729    

Slack (MET) :             0.734ns  (arrival time - required time)
  Source:                 NVP_AUTOINIT/u_sequence/sda_filtered_r_reg/C
                            (rising edge-triggered cell FDSE clocked by userclk1  {rise@0.000ns fall@8.000ns period=16.000ns})
  Destination:            NVP_AUTOINIT/u_sequence/any_error_r_reg/D
                            (rising edge-triggered cell FDRE clocked by userclk1  {rise@0.000ns fall@8.000ns period=16.000ns})
  Path Group:             userclk1
  Path Type:              Hold (Min at Fast Process Corner)
  Requirement:            0.000ns  (userclk1 rise@0.000ns - userclk1 rise@0.000ns)
  Data Path Delay:        1.092ns  (logic 0.364ns (33.333%)  route 0.728ns (66.667%))
  Logic Levels:           3  (LUT3=1 LUT6=2)
  Clock Path Skew:        0.267ns (DCD - SCD - CPR)
    Destination Clock Delay (DCD):    2.801ns
    Source Clock Delay      (SCD):    2.179ns
    Clock Pessimism Removal (CPR):    0.356ns

    Location             Delay type                Incr(ns)  Path(ns)    Netlist Resource(s)
  -------------------------------------------------------------------    -------------------
                         (clock userclk1 rise edge)
                                                      0.000     0.000 r  
    GTPE2_CHANNEL_X0Y3   GTPE2_CHANNEL                0.000     0.000 r  XDMA/inst/xdma_v41_m1_pcie2_to_pcie3_wrapper_i/pcie2_ip_i/inst/inst/gt_top_i/pipe_wrapper_i/pipe_lane[0].gt_wrapper_i/gtp_channel.gtpe2_channel_i/TXOUTCLK
                         net (fo=1, routed)           0.473     0.473    XDMA/inst/xdma_v41_m1_pcie2_to_pcie3_wrapper_i/pcie2_ip_i/inst/inst/gt_top_i/pipe_wrapper_i/pipe_clock_int.pipe_clock_i/txoutclk_i.txoutclk_i_0
    BUFGCTRL_X0Y20                                                    r  XDMA/inst/xdma_v41_m1_pcie2_to_pcie3_wrapper_i/pcie2_ip_i/inst/inst/gt_top_i/pipe_wrapper_i/pipe_clock_int.pipe_clock_i/txoutclk_i.txoutclk_i/I
    BUFGCTRL_X0Y20       BUFG (Prop_bufg_I_O)         0.026     0.499 r  XDMA/inst/xdma_v41_m1_pcie2_to_pcie3_wrapper_i/pcie2_ip_i/inst/inst/gt_top_i/pipe_wrapper_i/pipe_clock_int.pipe_clock_i/txoutclk_i.txoutclk_i/O
                         net (fo=1, routed)           0.551     1.050    XDMA/inst/xdma_v41_m1_pcie2_to_pcie3_wrapper_i/pcie2_ip_i/inst/inst/gt_top_i/pipe_wrapper_i/pipe_clock_int.pipe_clock_i/refclk
    MMCME2_ADV_X0Y0                                                   r  XDMA/inst/xdma_v41_m1_pcie2_to_pcie3_wrapper_i/pcie2_ip_i/inst/inst/gt_top_i/pipe_wrapper_i/pipe_clock_int.pipe_clock_i/mmcm_i/CLKIN1
    MMCME2_ADV_X0Y0      MMCME2_ADV (Prop_mmcme2_adv_CLKIN1_CLKOUT2)
                                                      0.050     1.100 r  XDMA/inst/xdma_v41_m1_pcie2_to_pcie3_wrapper_i/pcie2_ip_i/inst/inst/gt_top_i/pipe_wrapper_i/pipe_clock_int.pipe_clock_i/mmcm_i/CLKOUT2
                         net (fo=1, routed)           0.489     1.589    XDMA/inst/xdma_v41_m1_pcie2_to_pcie3_wrapper_i/pcie2_ip_i/inst/inst/gt_top_i/pipe_wrapper_i/pipe_clock_int.pipe_clock_i/userclk1
    BUFGCTRL_X0Y0                                                     r  XDMA/inst/xdma_v41_m1_pcie2_to_pcie3_wrapper_i/pcie2_ip_i/inst/inst/gt_top_i/pipe_wrapper_i/pipe_clock_int.pipe_clock_i/userclk1_i1.usrclk1_i1/I
    BUFGCTRL_X0Y0        BUFG (Prop_bufg_I_O)         0.026     1.615 r  XDMA/inst/xdma_v41_m1_pcie2_to_pcie3_wrapper_i/pcie2_ip_i/inst/inst/gt_top_i/pipe_wrapper_i/pipe_clock_int.pipe_clock_i/userclk1_i1.usrclk1_i1/O
                         net (fo=15140, routed)       0.564     2.179    NVP_AUTOINIT/u_sequence/axi_aclk
    SLICE_X46Y44         FDSE                                         r  NVP_AUTOINIT/u_sequence/sda_filtered_r_reg/C
  -------------------------------------------------------------------    -------------------
    SLICE_X46Y44         FDSE (Prop_fdse_C_Q)         0.164     2.343 f  NVP_AUTOINIT/u_sequence/sda_filtered_r_reg/Q
                         net (fo=11, routed)          0.364     2.706    NVP_AUTOINIT/u_sequence/sda_filtered_r
    SLICE_X40Y48                                                      f  NVP_AUTOINIT/u_sequence/first_error_valid_r_i_3/I0
    SLICE_X40Y48         LUT3 (Prop_lut3_I0_O)        0.048     2.754 r  NVP_AUTOINIT/u_sequence/first_error_valid_r_i_3/O
                         net (fo=2, routed)           0.209     2.963    NVP_AUTOINIT/u_sequence/first_error_valid_r_i_3_n_0
    SLICE_X39Y50                                                      r  NVP_AUTOINIT/u_sequence/any_error_r_i_2/I0
    SLICE_X39Y50         LUT6 (Prop_lut6_I0_O)        0.107     3.070 r  NVP_AUTOINIT/u_sequence/any_error_r_i_2/O
                         net (fo=1, routed)           0.156     3.226    NVP_AUTOINIT/u_sequence/any_error_r
    SLICE_X39Y51                                                      r  NVP_AUTOINIT/u_sequence/any_error_r_i_1/I1
    SLICE_X39Y51         LUT6 (Prop_lut6_I1_O)        0.045     3.271 r  NVP_AUTOINIT/u_sequence/any_error_r_i_1/O
                         net (fo=1, routed)           0.000     3.271    NVP_AUTOINIT/u_sequence/any_error_r_i_1_n_0
    SLICE_X39Y51         FDRE                                         r  NVP_AUTOINIT/u_sequence/any_error_r_reg/D
  -------------------------------------------------------------------    -------------------

                         (clock userclk1 rise edge)
                                                      0.000     0.000 r  
    GTPE2_CHANNEL_X0Y3   GTPE2_CHANNEL                0.000     0.000 r  XDMA/inst/xdma_v41_m1_pcie2_to_pcie3_wrapper_i/pcie2_ip_i/inst/inst/gt_top_i/pipe_wrapper_i/pipe_lane[0].gt_wrapper_i/gtp_channel.gtpe2_channel_i/TXOUTCLK
                         net (fo=1, routed)           0.509     0.509    XDMA/inst/xdma_v41_m1_pcie2_to_pcie3_wrapper_i/pcie2_ip_i/inst/inst/gt_top_i/pipe_wrapper_i/pipe_clock_int.pipe_clock_i/txoutclk_i.txoutclk_i_0
    BUFGCTRL_X0Y20                                                    r  XDMA/inst/xdma_v41_m1_pcie2_to_pcie3_wrapper_i/pcie2_ip_i/inst/inst/gt_top_i/pipe_wrapper_i/pipe_clock_int.pipe_clock_i/txoutclk_i.txoutclk_i/I
    BUFGCTRL_X0Y20       BUFG (Prop_bufg_I_O)         0.029     0.538 r  XDMA/inst/xdma_v41_m1_pcie2_to_pcie3_wrapper_i/pcie2_ip_i/inst/inst/gt_top_i/pipe_wrapper_i/pipe_clock_int.pipe_clock_i/txoutclk_i.txoutclk_i/O
                         net (fo=1, routed)           0.818     1.355    XDMA/inst/xdma_v41_m1_pcie2_to_pcie3_wrapper_i/pcie2_ip_i/inst/inst/gt_top_i/pipe_wrapper_i/pipe_clock_int.pipe_clock_i/refclk
    MMCME2_ADV_X0Y0                                                   r  XDMA/inst/xdma_v41_m1_pcie2_to_pcie3_wrapper_i/pcie2_ip_i/inst/inst/gt_top_i/pipe_wrapper_i/pipe_clock_int.pipe_clock_i/mmcm_i/CLKIN1
    MMCME2_ADV_X0Y0      MMCME2_ADV (Prop_mmcme2_adv_CLKIN1_CLKOUT2)
                                                      0.053     1.408 r  XDMA/inst/xdma_v41_m1_pcie2_to_pcie3_wrapper_i/pcie2_ip_i/inst/inst/gt_top_i/pipe_wrapper_i/pipe_clock_int.pipe_clock_i/mmcm_i/CLKOUT2
                         net (fo=1, routed)           0.534     1.942    XDMA/inst/xdma_v41_m1_pcie2_to_pcie3_wrapper_i/pcie2_ip_i/inst/inst/gt_top_i/pipe_wrapper_i/pipe_clock_int.pipe_clock_i/userclk1
    BUFGCTRL_X0Y0                                                     r  XDMA/inst/xdma_v41_m1_pcie2_to_pcie3_wrapper_i/pcie2_ip_i/inst/inst/gt_top_i/pipe_wrapper_i/pipe_clock_int.pipe_clock_i/userclk1_i1.usrclk1_i1/I
    BUFGCTRL_X0Y0        BUFG (Prop_bufg_I_O)         0.029     1.971 r  XDMA/inst/xdma_v41_m1_pcie2_to_pcie3_wrapper_i/pcie2_ip_i/inst/inst/gt_top_i/pipe_wrapper_i/pipe_clock_int.pipe_clock_i/userclk1_i1.usrclk1_i1/O
                         net (fo=15140, routed)       0.830     2.801    NVP_AUTOINIT/u_sequence/axi_aclk
    SLICE_X39Y51         FDRE                                         r  NVP_AUTOINIT/u_sequence/any_error_r_reg/C
                         clock pessimism             -0.356     2.446    
    SLICE_X39Y51         FDRE (Hold_fdre_C_D)         0.091     2.537    NVP_AUTOINIT/u_sequence/any_error_r_reg
  -------------------------------------------------------------------
                         required time                         -2.536    
                         arrival time                           3.271    
  -------------------------------------------------------------------
                         slack                                  0.734    

Slack (MET) :             0.772ns  (arrival time - required time)
  Source:                 NVP_AUTOINIT/u_sequence/sda_filtered_r_reg/C
                            (rising edge-triggered cell FDSE clocked by userclk1  {rise@0.000ns fall@8.000ns period=16.000ns})
  Destination:            NVP_AUTOINIT/u_sequence/nack_count_r_reg[11]/CE
                            (rising edge-triggered cell FDRE clocked by userclk1  {rise@0.000ns fall@8.000ns period=16.000ns})
  Path Group:             userclk1
  Path Type:              Hold (Min at Fast Process Corner)
  Requirement:            0.000ns  (userclk1 rise@0.000ns - userclk1 rise@0.000ns)
  Data Path Delay:        0.771ns  (logic 0.209ns (27.098%)  route 0.562ns (72.902%))
  Logic Levels:           1  (LUT6=1)
  Clock Path Skew:        0.038ns (DCD - SCD - CPR)
    Destination Clock Delay (DCD):    2.806ns
    Source Clock Delay      (SCD):    2.179ns
    Clock Pessimism Removal (CPR):    0.590ns

    Location             Delay type                Incr(ns)  Path(ns)    Netlist Resource(s)
  -------------------------------------------------------------------    -------------------
                         (clock userclk1 rise edge)
                                                      0.000     0.000 r  
    GTPE2_CHANNEL_X0Y3   GTPE2_CHANNEL                0.000     0.000 r  XDMA/inst/xdma_v41_m1_pcie2_to_pcie3_wrapper_i/pcie2_ip_i/inst/inst/gt_top_i/pipe_wrapper_i/pipe_lane[0].gt_wrapper_i/gtp_channel.gtpe2_channel_i/TXOUTCLK
                         net (fo=1, routed)           0.473     0.473    XDMA/inst/xdma_v41_m1_pcie2_to_pcie3_wrapper_i/pcie2_ip_i/inst/inst/gt_top_i/pipe_wrapper_i/pipe_clock_int.pipe_clock_i/txoutclk_i.txoutclk_i_0
    BUFGCTRL_X0Y20                                                    r  XDMA/inst/xdma_v41_m1_pcie2_to_pcie3_wrapper_i/pcie2_ip_i/inst/inst/gt_top_i/pipe_wrapper_i/pipe_clock_int.pipe_clock_i/txoutclk_i.txoutclk_i/I
    BUFGCTRL_X0Y20       BUFG (Prop_bufg_I_O)         0.026     0.499 r  XDMA/inst/xdma_v41_m1_pcie2_to_pcie3_wrapper_i/pcie2_ip_i/inst/inst/gt_top_i/pipe_wrapper_i/pipe_clock_int.pipe_clock_i/txoutclk_i.txoutclk_i/O
                         net (fo=1, routed)           0.551     1.050    XDMA/inst/xdma_v41_m1_pcie2_to_pcie3_wrapper_i/pcie2_ip_i/inst/inst/gt_top_i/pipe_wrapper_i/pipe_clock_int.pipe_clock_i/refclk
    MMCME2_ADV_X0Y0                                                   r  XDMA/inst/xdma_v41_m1_pcie2_to_pcie3_wrapper_i/pcie2_ip_i/inst/inst/gt_top_i/pipe_wrapper_i/pipe_clock_int.pipe_clock_i/mmcm_i/CLKIN1
    MMCME2_ADV_X0Y0      MMCME2_ADV (Prop_mmcme2_adv_CLKIN1_CLKOUT2)
                                                      0.050     1.100 r  XDMA/inst/xdma_v41_m1_pcie2_to_pcie3_wrapper_i/pcie2_ip_i/inst/inst/gt_top_i/pipe_wrapper_i/pipe_clock_int.pipe_clock_i/mmcm_i/CLKOUT2
                         net (fo=1, routed)           0.489     1.589    XDMA/inst/xdma_v41_m1_pcie2_to_pcie3_wrapper_i/pcie2_ip_i/inst/inst/gt_top_i/pipe_wrapper_i/pipe_clock_int.pipe_clock_i/userclk1
    BUFGCTRL_X0Y0                                                     r  XDMA/inst/xdma_v41_m1_pcie2_to_pcie3_wrapper_i/pcie2_ip_i/inst/inst/gt_top_i/pipe_wrapper_i/pipe_clock_int.pipe_clock_i/userclk1_i1.usrclk1_i1/I
    BUFGCTRL_X0Y0        BUFG (Prop_bufg_I_O)         0.026     1.615 r  XDMA/inst/xdma_v41_m1_pcie2_to_pcie3_wrapper_i/pcie2_ip_i/inst/inst/gt_top_i/pipe_wrapper_i/pipe_clock_int.pipe_clock_i/userclk1_i1.usrclk1_i1/O
                         net (fo=15140, routed)       0.564     2.179    NVP_AUTOINIT/u_sequence/axi_aclk
    SLICE_X46Y44         FDSE                                         r  NVP_AUTOINIT/u_sequence/sda_filtered_r_reg/C
  -------------------------------------------------------------------    -------------------
    SLICE_X46Y44         FDSE (Prop_fdse_C_Q)         0.164     2.343 r  NVP_AUTOINIT/u_sequence/sda_filtered_r_reg/Q
                         net (fo=11, routed)          0.433     2.776    NVP_AUTOINIT/u_sequence/sda_filtered_r
    SLICE_X49Y46                                                      r  NVP_AUTOINIT/u_sequence/nack_count_r[15]_i_1/I4
    SLICE_X49Y46         LUT6 (Prop_lut6_I4_O)        0.045     2.821 r  NVP_AUTOINIT/u_sequence/nack_count_r[15]_i_1/O
                         net (fo=16, routed)          0.129     2.950    NVP_AUTOINIT/u_sequence/nack_count_r[15]_i_1_n_0
    SLICE_X49Y45         FDRE                                         r  NVP_AUTOINIT/u_sequence/nack_count_r_reg[11]/CE
  -------------------------------------------------------------------    -------------------

                         (clock userclk1 rise edge)
                                                      0.000     0.000 r  
    GTPE2_CHANNEL_X0Y3   GTPE2_CHANNEL                0.000     0.000 r  XDMA/inst/xdma_v41_m1_pcie2_to_pcie3_wrapper_i/pcie2_ip_i/inst/inst/gt_top_i/pipe_wrapper_i/pipe_lane[0].gt_wrapper_i/gtp_channel.gtpe2_channel_i/TXOUTCLK
                         net (fo=1, routed)           0.509     0.509    XDMA/inst/xdma_v41_m1_pcie2_to_pcie3_wrapper_i/pcie2_ip_i/inst/inst/gt_top_i/pipe_wrapper_i/pipe_clock_int.pipe_clock_i/txoutclk_i.txoutclk_i_0
    BUFGCTRL_X0Y20                                                    r  XDMA/inst/xdma_v41_m1_pcie2_to_pcie3_wrapper_i/pcie2_ip_i/inst/inst/gt_top_i/pipe_wrapper_i/pipe_clock_int.pipe_clock_i/txoutclk_i.txoutclk_i/I
    BUFGCTRL_X0Y20       BUFG (Prop_bufg_I_O)         0.029     0.538 r  XDMA/inst/xdma_v41_m1_pcie2_to_pcie3_wrapper_i/pcie2_ip_i/inst/inst/gt_top_i/pipe_wrapper_i/pipe_clock_int.pipe_clock_i/txoutclk_i.txoutclk_i/O
                         net (fo=1, routed)           0.818     1.355    XDMA/inst/xdma_v41_m1_pcie2_to_pcie3_wrapper_i/pcie2_ip_i/inst/inst/gt_top_i/pipe_wrapper_i/pipe_clock_int.pipe_clock_i/refclk
    MMCME2_ADV_X0Y0                                                   r  XDMA/inst/xdma_v41_m1_pcie2_to_pcie3_wrapper_i/pcie2_ip_i/inst/inst/gt_top_i/pipe_wrapper_i/pipe_clock_int.pipe_clock_i/mmcm_i/CLKIN1
    MMCME2_ADV_X0Y0      MMCME2_ADV (Prop_mmcme2_adv_CLKIN1_CLKOUT2)
                                                      0.053     1.408 r  XDMA/inst/xdma_v41_m1_pcie2_to_pcie3_wrapper_i/pcie2_ip_i/inst/inst/gt_top_i/pipe_wrapper_i/pipe_clock_int.pipe_clock_i/mmcm_i/CLKOUT2
                         net (fo=1, routed)           0.534     1.942    XDMA/inst/xdma_v41_m1_pcie2_to_pcie3_wrapper_i/pcie2_ip_i/inst/inst/gt_top_i/pipe_wrapper_i/pipe_clock_int.pipe_clock_i/userclk1
    BUFGCTRL_X0Y0                                                     r  XDMA/inst/xdma_v41_m1_pcie2_to_pcie3_wrapper_i/pcie2_ip_i/inst/inst/gt_top_i/pipe_wrapper_i/pipe_clock_int.pipe_clock_i/userclk1_i1.usrclk1_i1/I
    BUFGCTRL_X0Y0        BUFG (Prop_bufg_I_O)         0.029     1.971 r  XDMA/inst/xdma_v41_m1_pcie2_to_pcie3_wrapper_i/pcie2_ip_i/inst/inst/gt_top_i/pipe_wrapper_i/pipe_clock_int.pipe_clock_i/userclk1_i1.usrclk1_i1/O
                         net (fo=15140, routed)       0.836     2.806    NVP_AUTOINIT/u_sequence/axi_aclk
    SLICE_X49Y45         FDRE                                         r  NVP_AUTOINIT/u_sequence/nack_count_r_reg[11]/C
                         clock pessimism             -0.590     2.217    
    SLICE_X49Y45         FDRE (Hold_fdre_C_CE)       -0.039     2.178    NVP_AUTOINIT/u_sequence/nack_count_r_reg[11]
  -------------------------------------------------------------------
                         required time                         -2.178    
                         arrival time                           2.950    
  -------------------------------------------------------------------
                         slack                                  0.772    

Slack (MET) :             0.772ns  (arrival time - required time)
  Source:                 NVP_AUTOINIT/u_sequence/sda_filtered_r_reg/C
                            (rising edge-triggered cell FDSE clocked by userclk1  {rise@0.000ns fall@8.000ns period=16.000ns})
  Destination:            NVP_AUTOINIT/u_sequence/nack_count_r_reg[15]/CE
                            (rising edge-triggered cell FDRE clocked by userclk1  {rise@0.000ns fall@8.000ns period=16.000ns})
  Path Group:             userclk1
  Path Type:              Hold (Min at Fast Process Corner)
  Requirement:            0.000ns  (userclk1 rise@0.000ns - userclk1 rise@0.000ns)
  Data Path Delay:        0.771ns  (logic 0.209ns (27.098%)  route 0.562ns (72.902%))
  Logic Levels:           1  (LUT6=1)
  Clock Path Skew:        0.038ns (DCD - SCD - CPR)
    Destination Clock Delay (DCD):    2.806ns
    Source Clock Delay      (SCD):    2.179ns
    Clock Pessimism Removal (CPR):    0.590ns

    Location             Delay type                Incr(ns)  Path(ns)    Netlist Resource(s)
  -------------------------------------------------------------------    -------------------
                         (clock userclk1 rise edge)
                                                      0.000     0.000 r  
    GTPE2_CHANNEL_X0Y3   GTPE2_CHANNEL                0.000     0.000 r  XDMA/inst/xdma_v41_m1_pcie2_to_pcie3_wrapper_i/pcie2_ip_i/inst/inst/gt_top_i/pipe_wrapper_i/pipe_lane[0].gt_wrapper_i/gtp_channel.gtpe2_channel_i/TXOUTCLK
                         net (fo=1, routed)           0.473     0.473    XDMA/inst/xdma_v41_m1_pcie2_to_pcie3_wrapper_i/pcie2_ip_i/inst/inst/gt_top_i/pipe_wrapper_i/pipe_clock_int.pipe_clock_i/txoutclk_i.txoutclk_i_0
    BUFGCTRL_X0Y20                                                    r  XDMA/inst/xdma_v41_m1_pcie2_to_pcie3_wrapper_i/pcie2_ip_i/inst/inst/gt_top_i/pipe_wrapper_i/pipe_clock_int.pipe_clock_i/txoutclk_i.txoutclk_i/I
    BUFGCTRL_X0Y20       BUFG (Prop_bufg_I_O)         0.026     0.499 r  XDMA/inst/xdma_v41_m1_pcie2_to_pcie3_wrapper_i/pcie2_ip_i/inst/inst/gt_top_i/pipe_wrapper_i/pipe_clock_int.pipe_clock_i/txoutclk_i.txoutclk_i/O
                         net (fo=1, routed)           0.551     1.050    XDMA/inst/xdma_v41_m1_pcie2_to_pcie3_wrapper_i/pcie2_ip_i/inst/inst/gt_top_i/pipe_wrapper_i/pipe_clock_int.pipe_clock_i/refclk
    MMCME2_ADV_X0Y0                                                   r  XDMA/inst/xdma_v41_m1_pcie2_to_pcie3_wrapper_i/pcie2_ip_i/inst/inst/gt_top_i/pipe_wrapper_i/pipe_clock_int.pipe_clock_i/mmcm_i/CLKIN1
    MMCME2_ADV_X0Y0      MMCME2_ADV (Prop_mmcme2_adv_CLKIN1_CLKOUT2)
                                                      0.050     1.100 r  XDMA/inst/xdma_v41_m1_pcie2_to_pcie3_wrapper_i/pcie2_ip_i/inst/inst/gt_top_i/pipe_wrapper_i/pipe_clock_int.pipe_clock_i/mmcm_i/CLKOUT2
                         net (fo=1, routed)           0.489     1.589    XDMA/inst/xdma_v41_m1_pcie2_to_pcie3_wrapper_i/pcie2_ip_i/inst/inst/gt_top_i/pipe_wrapper_i/pipe_clock_int.pipe_clock_i/userclk1
    BUFGCTRL_X0Y0                                                     r  XDMA/inst/xdma_v41_m1_pcie2_to_pcie3_wrapper_i/pcie2_ip_i/inst/inst/gt_top_i/pipe_wrapper_i/pipe_clock_int.pipe_clock_i/userclk1_i1.usrclk1_i1/I
    BUFGCTRL_X0Y0        BUFG (Prop_bufg_I_O)         0.026     1.615 r  XDMA/inst/xdma_v41_m1_pcie2_to_pcie3_wrapper_i/pcie2_ip_i/inst/inst/gt_top_i/pipe_wrapper_i/pipe_clock_int.pipe_clock_i/userclk1_i1.usrclk1_i1/O
                         net (fo=15140, routed)       0.564     2.179    NVP_AUTOINIT/u_sequence/axi_aclk
    SLICE_X46Y44         FDSE                                         r  NVP_AUTOINIT/u_sequence/sda_filtered_r_reg/C
  -------------------------------------------------------------------    -------------------
    SLICE_X46Y44         FDSE (Prop_fdse_C_Q)         0.164     2.343 r  NVP_AUTOINIT/u_sequence/sda_filtered_r_reg/Q
                         net (fo=11, routed)          0.433     2.776    NVP_AUTOINIT/u_sequence/sda_filtered_r
    SLICE_X49Y46                                                      r  NVP_AUTOINIT/u_sequence/nack_count_r[15]_i_1/I4
    SLICE_X49Y46         LUT6 (Prop_lut6_I4_O)        0.045     2.821 r  NVP_AUTOINIT/u_sequence/nack_count_r[15]_i_1/O
                         net (fo=16, routed)          0.129     2.950    NVP_AUTOINIT/u_sequence/nack_count_r[15]_i_1_n_0
    SLICE_X49Y45         FDRE                                         r  NVP_AUTOINIT/u_sequence/nack_count_r_reg[15]/CE
  -------------------------------------------------------------------    -------------------

                         (clock userclk1 rise edge)
                                                      0.000     0.000 r  
    GTPE2_CHANNEL_X0Y3   GTPE2_CHANNEL                0.000     0.000 r  XDMA/inst/xdma_v41_m1_pcie2_to_pcie3_wrapper_i/pcie2_ip_i/inst/inst/gt_top_i/pipe_wrapper_i/pipe_lane[0].gt_wrapper_i/gtp_channel.gtpe2_channel_i/TXOUTCLK
                         net (fo=1, routed)           0.509     0.509    XDMA/inst/xdma_v41_m1_pcie2_to_pcie3_wrapper_i/pcie2_ip_i/inst/inst/gt_top_i/pipe_wrapper_i/pipe_clock_int.pipe_clock_i/txoutclk_i.txoutclk_i_0
    BUFGCTRL_X0Y20                                                    r  XDMA/inst/xdma_v41_m1_pcie2_to_pcie3_wrapper_i/pcie2_ip_i/inst/inst/gt_top_i/pipe_wrapper_i/pipe_clock_int.pipe_clock_i/txoutclk_i.txoutclk_i/I
    BUFGCTRL_X0Y20       BUFG (Prop_bufg_I_O)         0.029     0.538 r  XDMA/inst/xdma_v41_m1_pcie2_to_pcie3_wrapper_i/pcie2_ip_i/inst/inst/gt_top_i/pipe_wrapper_i/pipe_clock_int.pipe_clock_i/txoutclk_i.txoutclk_i/O
                         net (fo=1, routed)           0.818     1.355    XDMA/inst/xdma_v41_m1_pcie2_to_pcie3_wrapper_i/pcie2_ip_i/inst/inst/gt_top_i/pipe_wrapper_i/pipe_clock_int.pipe_clock_i/refclk
    MMCME2_ADV_X0Y0                                                   r  XDMA/inst/xdma_v41_m1_pcie2_to_pcie3_wrapper_i/pcie2_ip_i/inst/inst/gt_top_i/pipe_wrapper_i/pipe_clock_int.pipe_clock_i/mmcm_i/CLKIN1
    MMCME2_ADV_X0Y0      MMCME2_ADV (Prop_mmcme2_adv_CLKIN1_CLKOUT2)
                                                      0.053     1.408 r  XDMA/inst/xdma_v41_m1_pcie2_to_pcie3_wrapper_i/pcie2_ip_i/inst/inst/gt_top_i/pipe_wrapper_i/pipe_clock_int.pipe_clock_i/mmcm_i/CLKOUT2
                         net (fo=1, routed)           0.534     1.942    XDMA/inst/xdma_v41_m1_pcie2_to_pcie3_wrapper_i/pcie2_ip_i/inst/inst/gt_top_i/pipe_wrapper_i/pipe_clock_int.pipe_clock_i/userclk1
    BUFGCTRL_X0Y0                                                     r  XDMA/inst/xdma_v41_m1_pcie2_to_pcie3_wrapper_i/pcie2_ip_i/inst/inst/gt_top_i/pipe_wrapper_i/pipe_clock_int.pipe_clock_i/userclk1_i1.usrclk1_i1/I
    BUFGCTRL_X0Y0        BUFG (Prop_bufg_I_O)         0.029     1.971 r  XDMA/inst/xdma_v41_m1_pcie2_to_pcie3_wrapper_i/pcie2_ip_i/inst/inst/gt_top_i/pipe_wrapper_i/pipe_clock_int.pipe_clock_i/userclk1_i1.usrclk1_i1/O
                         net (fo=15140, routed)       0.836     2.806    NVP_AUTOINIT/u_sequence/axi_aclk
    SLICE_X49Y45         FDRE                                         r  NVP_AUTOINIT/u_sequence/nack_count_r_reg[15]/C
                         clock pessimism             -0.590     2.217    
    SLICE_X49Y45         FDRE (Hold_fdre_C_CE)       -0.039     2.178    NVP_AUTOINIT/u_sequence/nack_count_r_reg[15]
  -------------------------------------------------------------------
                         required time                         -2.178    
                         arrival time                           2.950    
  -------------------------------------------------------------------
                         slack                                  0.772    

Slack (MET) :             0.772ns  (arrival time - required time)
  Source:                 NVP_AUTOINIT/u_sequence/sda_filtered_r_reg/C
                            (rising edge-triggered cell FDSE clocked by userclk1  {rise@0.000ns fall@8.000ns period=16.000ns})
  Destination:            NVP_AUTOINIT/u_sequence/nack_count_r_reg[9]/CE
                            (rising edge-triggered cell FDRE clocked by userclk1  {rise@0.000ns fall@8.000ns period=16.000ns})
  Path Group:             userclk1
  Path Type:              Hold (Min at Fast Process Corner)
  Requirement:            0.000ns  (userclk1 rise@0.000ns - userclk1 rise@0.000ns)
  Data Path Delay:        0.771ns  (logic 0.209ns (27.098%)  route 0.562ns (72.902%))
  Logic Levels:           1  (LUT6=1)
  Clock Path Skew:        0.038ns (DCD - SCD - CPR)
    Destination Clock Delay (DCD):    2.806ns
    Source Clock Delay      (SCD):    2.179ns
    Clock Pessimism Removal (CPR):    0.590ns

    Location             Delay type                Incr(ns)  Path(ns)    Netlist Resource(s)
  -------------------------------------------------------------------    -------------------
                         (clock userclk1 rise edge)
                                                      0.000     0.000 r  
    GTPE2_CHANNEL_X0Y3   GTPE2_CHANNEL                0.000     0.000 r  XDMA/inst/xdma_v41_m1_pcie2_to_pcie3_wrapper_i/pcie2_ip_i/inst/inst/gt_top_i/pipe_wrapper_i/pipe_lane[0].gt_wrapper_i/gtp_channel.gtpe2_channel_i/TXOUTCLK
                         net (fo=1, routed)           0.473     0.473    XDMA/inst/xdma_v41_m1_pcie2_to_pcie3_wrapper_i/pcie2_ip_i/inst/inst/gt_top_i/pipe_wrapper_i/pipe_clock_int.pipe_clock_i/txoutclk_i.txoutclk_i_0
    BUFGCTRL_X0Y20                                                    r  XDMA/inst/xdma_v41_m1_pcie2_to_pcie3_wrapper_i/pcie2_ip_i/inst/inst/gt_top_i/pipe_wrapper_i/pipe_clock_int.pipe_clock_i/txoutclk_i.txoutclk_i/I
    BUFGCTRL_X0Y20       BUFG (Prop_bufg_I_O)         0.026     0.499 r  XDMA/inst/xdma_v41_m1_pcie2_to_pcie3_wrapper_i/pcie2_ip_i/inst/inst/gt_top_i/pipe_wrapper_i/pipe_clock_int.pipe_clock_i/txoutclk_i.txoutclk_i/O
                         net (fo=1, routed)           0.551     1.050    XDMA/inst/xdma_v41_m1_pcie2_to_pcie3_wrapper_i/pcie2_ip_i/inst/inst/gt_top_i/pipe_wrapper_i/pipe_clock_int.pipe_clock_i/refclk
    MMCME2_ADV_X0Y0                                                   r  XDMA/inst/xdma_v41_m1_pcie2_to_pcie3_wrapper_i/pcie2_ip_i/inst/inst/gt_top_i/pipe_wrapper_i/pipe_clock_int.pipe_clock_i/mmcm_i/CLKIN1
    MMCME2_ADV_X0Y0      MMCME2_ADV (Prop_mmcme2_adv_CLKIN1_CLKOUT2)
                                                      0.050     1.100 r  XDMA/inst/xdma_v41_m1_pcie2_to_pcie3_wrapper_i/pcie2_ip_i/inst/inst/gt_top_i/pipe_wrapper_i/pipe_clock_int.pipe_clock_i/mmcm_i/CLKOUT2
                         net (fo=1, routed)           0.489     1.589    XDMA/inst/xdma_v41_m1_pcie2_to_pcie3_wrapper_i/pcie2_ip_i/inst/inst/gt_top_i/pipe_wrapper_i/pipe_clock_int.pipe_clock_i/userclk1
    BUFGCTRL_X0Y0                                                     r  XDMA/inst/xdma_v41_m1_pcie2_to_pcie3_wrapper_i/pcie2_ip_i/inst/inst/gt_top_i/pipe_wrapper_i/pipe_clock_int.pipe_clock_i/userclk1_i1.usrclk1_i1/I
    BUFGCTRL_X0Y0        BUFG (Prop_bufg_I_O)         0.026     1.615 r  XDMA/inst/xdma_v41_m1_pcie2_to_pcie3_wrapper_i/pcie2_ip_i/inst/inst/gt_top_i/pipe_wrapper_i/pipe_clock_int.pipe_clock_i/userclk1_i1.usrclk1_i1/O
                         net (fo=15140, routed)       0.564     2.179    NVP_AUTOINIT/u_sequence/axi_aclk
    SLICE_X46Y44         FDSE                                         r  NVP_AUTOINIT/u_sequence/sda_filtered_r_reg/C
  -------------------------------------------------------------------    -------------------
    SLICE_X46Y44         FDSE (Prop_fdse_C_Q)         0.164     2.343 r  NVP_AUTOINIT/u_sequence/sda_filtered_r_reg/Q
                         net (fo=11, routed)          0.433     2.776    NVP_AUTOINIT/u_sequence/sda_filtered_r
    SLICE_X49Y46                                                      r  NVP_AUTOINIT/u_sequence/nack_count_r[15]_i_1/I4
    SLICE_X49Y46         LUT6 (Prop_lut6_I4_O)        0.045     2.821 r  NVP_AUTOINIT/u_sequence/nack_count_r[15]_i_1/O
                         net (fo=16, routed)          0.129     2.950    NVP_AUTOINIT/u_sequence/nack_count_r[15]_i_1_n_0
    SLICE_X49Y45         FDRE                                         r  NVP_AUTOINIT/u_sequence/nack_count_r_reg[9]/CE
  -------------------------------------------------------------------    -------------------

                         (clock userclk1 rise edge)
                                                      0.000     0.000 r  
    GTPE2_CHANNEL_X0Y3   GTPE2_CHANNEL                0.000     0.000 r  XDMA/inst/xdma_v41_m1_pcie2_to_pcie3_wrapper_i/pcie2_ip_i/inst/inst/gt_top_i/pipe_wrapper_i/pipe_lane[0].gt_wrapper_i/gtp_channel.gtpe2_channel_i/TXOUTCLK
                         net (fo=1, routed)           0.509     0.509    XDMA/inst/xdma_v41_m1_pcie2_to_pcie3_wrapper_i/pcie2_ip_i/inst/inst/gt_top_i/pipe_wrapper_i/pipe_clock_int.pipe_clock_i/txoutclk_i.txoutclk_i_0
    BUFGCTRL_X0Y20                                                    r  XDMA/inst/xdma_v41_m1_pcie2_to_pcie3_wrapper_i/pcie2_ip_i/inst/inst/gt_top_i/pipe_wrapper_i/pipe_clock_int.pipe_clock_i/txoutclk_i.txoutclk_i/I
    BUFGCTRL_X0Y20       BUFG (Prop_bufg_I_O)         0.029     0.538 r  XDMA/inst/xdma_v41_m1_pcie2_to_pcie3_wrapper_i/pcie2_ip_i/inst/inst/gt_top_i/pipe_wrapper_i/pipe_clock_int.pipe_clock_i/txoutclk_i.txoutclk_i/O
                         net (fo=1, routed)           0.818     1.355    XDMA/inst/xdma_v41_m1_pcie2_to_pcie3_wrapper_i/pcie2_ip_i/inst/inst/gt_top_i/pipe_wrapper_i/pipe_clock_int.pipe_clock_i/refclk
    MMCME2_ADV_X0Y0                                                   r  XDMA/inst/xdma_v41_m1_pcie2_to_pcie3_wrapper_i/pcie2_ip_i/inst/inst/gt_top_i/pipe_wrapper_i/pipe_clock_int.pipe_clock_i/mmcm_i/CLKIN1
    MMCME2_ADV_X0Y0      MMCME2_ADV (Prop_mmcme2_adv_CLKIN1_CLKOUT2)
                                                      0.053     1.408 r  XDMA/inst/xdma_v41_m1_pcie2_to_pcie3_wrapper_i/pcie2_ip_i/inst/inst/gt_top_i/pipe_wrapper_i/pipe_clock_int.pipe_clock_i/mmcm_i/CLKOUT2
                         net (fo=1, routed)           0.534     1.942    XDMA/inst/xdma_v41_m1_pcie2_to_pcie3_wrapper_i/pcie2_ip_i/inst/inst/gt_top_i/pipe_wrapper_i/pipe_clock_int.pipe_clock_i/userclk1
    BUFGCTRL_X0Y0                                                     r  XDMA/inst/xdma_v41_m1_pcie2_to_pcie3_wrapper_i/pcie2_ip_i/inst/inst/gt_top_i/pipe_wrapper_i/pipe_clock_int.pipe_clock_i/userclk1_i1.usrclk1_i1/I
    BUFGCTRL_X0Y0        BUFG (Prop_bufg_I_O)         0.029     1.971 r  XDMA/inst/xdma_v41_m1_pcie2_to_pcie3_wrapper_i/pcie2_ip_i/inst/inst/gt_top_i/pipe_wrapper_i/pipe_clock_int.pipe_clock_i/userclk1_i1.usrclk1_i1/O
                         net (fo=15140, routed)       0.836     2.806    NVP_AUTOINIT/u_sequence/axi_aclk
    SLICE_X49Y45         FDRE                                         r  NVP_AUTOINIT/u_sequence/nack_count_r_reg[9]/C
                         clock pessimism             -0.590     2.217    
    SLICE_X49Y45         FDRE (Hold_fdre_C_CE)       -0.039     2.178    NVP_AUTOINIT/u_sequence/nack_count_r_reg[9]
  -------------------------------------------------------------------
                         required time                         -2.178    
                         arrival time                           2.950    
  -------------------------------------------------------------------
                         slack                                  0.772    

Slack (MET) :             0.778ns  (arrival time - required time)
  Source:                 NVP_AUTOINIT/u_sequence/sda_filtered_r_reg/C
                            (rising edge-triggered cell FDSE clocked by userclk1  {rise@0.000ns fall@8.000ns period=16.000ns})
  Destination:            NVP_AUTOINIT/u_sequence/data_rx_reg[4]/D
                            (rising edge-triggered cell FDRE clocked by userclk1  {rise@0.000ns fall@8.000ns period=16.000ns})
  Path Group:             userclk1
  Path Type:              Hold (Min at Fast Process Corner)
  Requirement:            0.000ns  (userclk1 rise@0.000ns - userclk1 rise@0.000ns)
  Data Path Delay:        1.161ns  (logic 0.254ns (21.881%)  route 0.907ns (78.119%))
  Logic Levels:           2  (LUT2=1 LUT6=1)
  Clock Path Skew:        0.263ns (DCD - SCD - CPR)
    Destination Clock Delay (DCD):    2.803ns
    Source Clock Delay      (SCD):    2.179ns
    Clock Pessimism Removal (CPR):    0.361ns

    Location             Delay type                Incr(ns)  Path(ns)    Netlist Resource(s)
  -------------------------------------------------------------------    -------------------
                         (clock userclk1 rise edge)
                                                      0.000     0.000 r  
    GTPE2_CHANNEL_X0Y3   GTPE2_CHANNEL                0.000     0.000 r  XDMA/inst/xdma_v41_m1_pcie2_to_pcie3_wrapper_i/pcie2_ip_i/inst/inst/gt_top_i/pipe_wrapper_i/pipe_lane[0].gt_wrapper_i/gtp_channel.gtpe2_channel_i/TXOUTCLK
                         net (fo=1, routed)           0.473     0.473    XDMA/inst/xdma_v41_m1_pcie2_to_pcie3_wrapper_i/pcie2_ip_i/inst/inst/gt_top_i/pipe_wrapper_i/pipe_clock_int.pipe_clock_i/txoutclk_i.txoutclk_i_0
    BUFGCTRL_X0Y20                                                    r  XDMA/inst/xdma_v41_m1_pcie2_to_pcie3_wrapper_i/pcie2_ip_i/inst/inst/gt_top_i/pipe_wrapper_i/pipe_clock_int.pipe_clock_i/txoutclk_i.txoutclk_i/I
    BUFGCTRL_X0Y20       BUFG (Prop_bufg_I_O)         0.026     0.499 r  XDMA/inst/xdma_v41_m1_pcie2_to_pcie3_wrapper_i/pcie2_ip_i/inst/inst/gt_top_i/pipe_wrapper_i/pipe_clock_int.pipe_clock_i/txoutclk_i.txoutclk_i/O
                         net (fo=1, routed)           0.551     1.050    XDMA/inst/xdma_v41_m1_pcie2_to_pcie3_wrapper_i/pcie2_ip_i/inst/inst/gt_top_i/pipe_wrapper_i/pipe_clock_int.pipe_clock_i/refclk
    MMCME2_ADV_X0Y0                                                   r  XDMA/inst/xdma_v41_m1_pcie2_to_pcie3_wrapper_i/pcie2_ip_i/inst/inst/gt_top_i/pipe_wrapper_i/pipe_clock_int.pipe_clock_i/mmcm_i/CLKIN1
    MMCME2_ADV_X0Y0      MMCME2_ADV (Prop_mmcme2_adv_CLKIN1_CLKOUT2)
                                                      0.050     1.100 r  XDMA/inst/xdma_v41_m1_pcie2_to_pcie3_wrapper_i/pcie2_ip_i/inst/inst/gt_top_i/pipe_wrapper_i/pipe_clock_int.pipe_clock_i/mmcm_i/CLKOUT2
                         net (fo=1, routed)           0.489     1.589    XDMA/inst/xdma_v41_m1_pcie2_to_pcie3_wrapper_i/pcie2_ip_i/inst/inst/gt_top_i/pipe_wrapper_i/pipe_clock_int.pipe_clock_i/userclk1
    BUFGCTRL_X0Y0                                                     r  XDMA/inst/xdma_v41_m1_pcie2_to_pcie3_wrapper_i/pcie2_ip_i/inst/inst/gt_top_i/pipe_wrapper_i/pipe_clock_int.pipe_clock_i/userclk1_i1.usrclk1_i1/I
    BUFGCTRL_X0Y0        BUFG (Prop_bufg_I_O)         0.026     1.615 r  XDMA/inst/xdma_v41_m1_pcie2_to_pcie3_wrapper_i/pcie2_ip_i/inst/inst/gt_top_i/pipe_wrapper_i/pipe_clock_int.pipe_clock_i/userclk1_i1.usrclk1_i1/O
                         net (fo=15140, routed)       0.564     2.179    NVP_AUTOINIT/u_sequence/axi_aclk
    SLICE_X46Y44         FDSE                                         r  NVP_AUTOINIT/u_sequence/sda_filtered_r_reg/C
  -------------------------------------------------------------------    -------------------
    SLICE_X46Y44         FDSE (Prop_fdse_C_Q)         0.164     2.343 r  NVP_AUTOINIT/u_sequence/sda_filtered_r_reg/Q
                         net (fo=11, routed)          0.411     2.754    NVP_AUTOINIT/u_sequence/sda_filtered_r
    SLICE_X41Y48                                                      r  NVP_AUTOINIT/u_sequence/data_rx[7]_i_2/I0
    SLICE_X41Y48         LUT2 (Prop_lut2_I0_O)        0.045     2.799 r  NVP_AUTOINIT/u_sequence/data_rx[7]_i_2/O
                         net (fo=8, routed)           0.495     3.294    NVP_AUTOINIT/u_sequence/data_rx[7]_i_2_n_0
    SLICE_X34Y49                                                      r  NVP_AUTOINIT/u_sequence/data_rx[4]_i_1/I0
    SLICE_X34Y49         LUT6 (Prop_lut6_I0_O)        0.045     3.339 r  NVP_AUTOINIT/u_sequence/data_rx[4]_i_1/O
                         net (fo=1, routed)           0.000     3.339    NVP_AUTOINIT/u_sequence/data_rx[4]_i_1_n_0
    SLICE_X34Y49         FDRE                                         r  NVP_AUTOINIT/u_sequence/data_rx_reg[4]/D
  -------------------------------------------------------------------    -------------------

                         (clock userclk1 rise edge)
                                                      0.000     0.000 r  
    GTPE2_CHANNEL_X0Y3   GTPE2_CHANNEL                0.000     0.000 r  XDMA/inst/xdma_v41_m1_pcie2_to_pcie3_wrapper_i/pcie2_ip_i/inst/inst/gt_top_i/pipe_wrapper_i/pipe_lane[0].gt_wrapper_i/gtp_channel.gtpe2_channel_i/TXOUTCLK
                         net (fo=1, routed)           0.509     0.509    XDMA/inst/xdma_v41_m1_pcie2_to_pcie3_wrapper_i/pcie2_ip_i/inst/inst/gt_top_i/pipe_wrapper_i/pipe_clock_int.pipe_clock_i/txoutclk_i.txoutclk_i_0
    BUFGCTRL_X0Y20                                                    r  XDMA/inst/xdma_v41_m1_pcie2_to_pcie3_wrapper_i/pcie2_ip_i/inst/inst/gt_top_i/pipe_wrapper_i/pipe_clock_int.pipe_clock_i/txoutclk_i.txoutclk_i/I
    BUFGCTRL_X0Y20       BUFG (Prop_bufg_I_O)         0.029     0.538 r  XDMA/inst/xdma_v41_m1_pcie2_to_pcie3_wrapper_i/pcie2_ip_i/inst/inst/gt_top_i/pipe_wrapper_i/pipe_clock_int.pipe_clock_i/txoutclk_i.txoutclk_i/O
                         net (fo=1, routed)           0.818     1.355    XDMA/inst/xdma_v41_m1_pcie2_to_pcie3_wrapper_i/pcie2_ip_i/inst/inst/gt_top_i/pipe_wrapper_i/pipe_clock_int.pipe_clock_i/refclk
    MMCME2_ADV_X0Y0                                                   r  XDMA/inst/xdma_v41_m1_pcie2_to_pcie3_wrapper_i/pcie2_ip_i/inst/inst/gt_top_i/pipe_wrapper_i/pipe_clock_int.pipe_clock_i/mmcm_i/CLKIN1
    MMCME2_ADV_X0Y0      MMCME2_ADV (Prop_mmcme2_adv_CLKIN1_CLKOUT2)
                                                      0.053     1.408 r  XDMA/inst/xdma_v41_m1_pcie2_to_pcie3_wrapper_i/pcie2_ip_i/inst/inst/gt_top_i/pipe_wrapper_i/pipe_clock_int.pipe_clock_i/mmcm_i/CLKOUT2
                         net (fo=1, routed)           0.534     1.942    XDMA/inst/xdma_v41_m1_pcie2_to_pcie3_wrapper_i/pcie2_ip_i/inst/inst/gt_top_i/pipe_wrapper_i/pipe_clock_int.pipe_clock_i/userclk1
    BUFGCTRL_X0Y0                                                     r  XDMA/inst/xdma_v41_m1_pcie2_to_pcie3_wrapper_i/pcie2_ip_i/inst/inst/gt_top_i/pipe_wrapper_i/pipe_clock_int.pipe_clock_i/userclk1_i1.usrclk1_i1/I
    BUFGCTRL_X0Y0        BUFG (Prop_bufg_I_O)         0.029     1.971 r  XDMA/inst/xdma_v41_m1_pcie2_to_pcie3_wrapper_i/pcie2_ip_i/inst/inst/gt_top_i/pipe_wrapper_i/pipe_clock_int.pipe_clock_i/userclk1_i1.usrclk1_i1/O
                         net (fo=15140, routed)       0.832     2.803    NVP_AUTOINIT/u_sequence/axi_aclk
    SLICE_X34Y49         FDRE                                         r  NVP_AUTOINIT/u_sequence/data_rx_reg[4]/C
                         clock pessimism             -0.361     2.442    
    SLICE_X34Y49         FDRE (Hold_fdre_C_D)         0.120     2.562    NVP_AUTOINIT/u_sequence/data_rx_reg[4]
  -------------------------------------------------------------------
                         required time                         -2.562    
                         arrival time                           3.339    
  -------------------------------------------------------------------
                         slack                                  0.778    

Slack (MET) :             0.783ns  (arrival time - required time)
  Source:                 NVP_AUTOINIT/u_sequence/sda_filtered_r_reg/C
                            (rising edge-triggered cell FDSE clocked by userclk1  {rise@0.000ns fall@8.000ns period=16.000ns})
  Destination:            NVP_AUTOINIT/u_sequence/first_error_valid_r_reg/D
                            (rising edge-triggered cell FDRE clocked by userclk1  {rise@0.000ns fall@8.000ns period=16.000ns})
  Path Group:             userclk1
  Path Type:              Hold (Min at Fast Process Corner)
  Requirement:            0.000ns  (userclk1 rise@0.000ns - userclk1 rise@0.000ns)
  Data Path Delay:        0.910ns  (logic 0.254ns (27.913%)  route 0.656ns (72.087%))
  Logic Levels:           2  (LUT5=1 LUT6=1)
  Clock Path Skew:        0.036ns (DCD - SCD - CPR)
    Destination Clock Delay (DCD):    2.804ns
    Source Clock Delay      (SCD):    2.179ns
    Clock Pessimism Removal (CPR):    0.590ns

    Location             Delay type                Incr(ns)  Path(ns)    Netlist Resource(s)
  -------------------------------------------------------------------    -------------------
                         (clock userclk1 rise edge)
                                                      0.000     0.000 r  
    GTPE2_CHANNEL_X0Y3   GTPE2_CHANNEL                0.000     0.000 r  XDMA/inst/xdma_v41_m1_pcie2_to_pcie3_wrapper_i/pcie2_ip_i/inst/inst/gt_top_i/pipe_wrapper_i/pipe_lane[0].gt_wrapper_i/gtp_channel.gtpe2_channel_i/TXOUTCLK
                         net (fo=1, routed)           0.473     0.473    XDMA/inst/xdma_v41_m1_pcie2_to_pcie3_wrapper_i/pcie2_ip_i/inst/inst/gt_top_i/pipe_wrapper_i/pipe_clock_int.pipe_clock_i/txoutclk_i.txoutclk_i_0
    BUFGCTRL_X0Y20                                                    r  XDMA/inst/xdma_v41_m1_pcie2_to_pcie3_wrapper_i/pcie2_ip_i/inst/inst/gt_top_i/pipe_wrapper_i/pipe_clock_int.pipe_clock_i/txoutclk_i.txoutclk_i/I
    BUFGCTRL_X0Y20       BUFG (Prop_bufg_I_O)         0.026     0.499 r  XDMA/inst/xdma_v41_m1_pcie2_to_pcie3_wrapper_i/pcie2_ip_i/inst/inst/gt_top_i/pipe_wrapper_i/pipe_clock_int.pipe_clock_i/txoutclk_i.txoutclk_i/O
                         net (fo=1, routed)           0.551     1.050    XDMA/inst/xdma_v41_m1_pcie2_to_pcie3_wrapper_i/pcie2_ip_i/inst/inst/gt_top_i/pipe_wrapper_i/pipe_clock_int.pipe_clock_i/refclk
    MMCME2_ADV_X0Y0                                                   r  XDMA/inst/xdma_v41_m1_pcie2_to_pcie3_wrapper_i/pcie2_ip_i/inst/inst/gt_top_i/pipe_wrapper_i/pipe_clock_int.pipe_clock_i/mmcm_i/CLKIN1
    MMCME2_ADV_X0Y0      MMCME2_ADV (Prop_mmcme2_adv_CLKIN1_CLKOUT2)
                                                      0.050     1.100 r  XDMA/inst/xdma_v41_m1_pcie2_to_pcie3_wrapper_i/pcie2_ip_i/inst/inst/gt_top_i/pipe_wrapper_i/pipe_clock_int.pipe_clock_i/mmcm_i/CLKOUT2
                         net (fo=1, routed)           0.489     1.589    XDMA/inst/xdma_v41_m1_pcie2_to_pcie3_wrapper_i/pcie2_ip_i/inst/inst/gt_top_i/pipe_wrapper_i/pipe_clock_int.pipe_clock_i/userclk1
    BUFGCTRL_X0Y0                                                     r  XDMA/inst/xdma_v41_m1_pcie2_to_pcie3_wrapper_i/pcie2_ip_i/inst/inst/gt_top_i/pipe_wrapper_i/pipe_clock_int.pipe_clock_i/userclk1_i1.usrclk1_i1/I
    BUFGCTRL_X0Y0        BUFG (Prop_bufg_I_O)         0.026     1.615 r  XDMA/inst/xdma_v41_m1_pcie2_to_pcie3_wrapper_i/pcie2_ip_i/inst/inst/gt_top_i/pipe_wrapper_i/pipe_clock_int.pipe_clock_i/userclk1_i1.usrclk1_i1/O
                         net (fo=15140, routed)       0.564     2.179    NVP_AUTOINIT/u_sequence/axi_aclk
    SLICE_X46Y44         FDSE                                         r  NVP_AUTOINIT/u_sequence/sda_filtered_r_reg/C
  -------------------------------------------------------------------    -------------------
    SLICE_X46Y44         FDSE (Prop_fdse_C_Q)         0.164     2.343 r  NVP_AUTOINIT/u_sequence/sda_filtered_r_reg/Q
                         net (fo=11, routed)          0.511     2.854    NVP_AUTOINIT/u_sequence/sda_filtered_r
    SLICE_X40Y49                                                      r  NVP_AUTOINIT/u_sequence/first_error_valid_r_i_2/I0
    SLICE_X40Y49         LUT5 (Prop_lut5_I0_O)        0.045     2.899 r  NVP_AUTOINIT/u_sequence/first_error_valid_r_i_2/O
                         net (fo=1, routed)           0.144     3.044    NVP_AUTOINIT/u_sequence/cur_error
    SLICE_X40Y49                                                      r  NVP_AUTOINIT/u_sequence/first_error_valid_r_i_1/I4
    SLICE_X40Y49         LUT6 (Prop_lut6_I4_O)        0.045     3.089 r  NVP_AUTOINIT/u_sequence/first_error_valid_r_i_1/O
                         net (fo=1, routed)           0.000     3.089    NVP_AUTOINIT/u_sequence/first_error_valid_r
    SLICE_X40Y49         FDRE                                         r  NVP_AUTOINIT/u_sequence/first_error_valid_r_reg/D
  -------------------------------------------------------------------    -------------------

                         (clock userclk1 rise edge)
                                                      0.000     0.000 r  
    GTPE2_CHANNEL_X0Y3   GTPE2_CHANNEL                0.000     0.000 r  XDMA/inst/xdma_v41_m1_pcie2_to_pcie3_wrapper_i/pcie2_ip_i/inst/inst/gt_top_i/pipe_wrapper_i/pipe_lane[0].gt_wrapper_i/gtp_channel.gtpe2_channel_i/TXOUTCLK
                         net (fo=1, routed)           0.509     0.509    XDMA/inst/xdma_v41_m1_pcie2_to_pcie3_wrapper_i/pcie2_ip_i/inst/inst/gt_top_i/pipe_wrapper_i/pipe_clock_int.pipe_clock_i/txoutclk_i.txoutclk_i_0
    BUFGCTRL_X0Y20                                                    r  XDMA/inst/xdma_v41_m1_pcie2_to_pcie3_wrapper_i/pcie2_ip_i/inst/inst/gt_top_i/pipe_wrapper_i/pipe_clock_int.pipe_clock_i/txoutclk_i.txoutclk_i/I
    BUFGCTRL_X0Y20       BUFG (Prop_bufg_I_O)         0.029     0.538 r  XDMA/inst/xdma_v41_m1_pcie2_to_pcie3_wrapper_i/pcie2_ip_i/inst/inst/gt_top_i/pipe_wrapper_i/pipe_clock_int.pipe_clock_i/txoutclk_i.txoutclk_i/O
                         net (fo=1, routed)           0.818     1.355    XDMA/inst/xdma_v41_m1_pcie2_to_pcie3_wrapper_i/pcie2_ip_i/inst/inst/gt_top_i/pipe_wrapper_i/pipe_clock_int.pipe_clock_i/refclk
    MMCME2_ADV_X0Y0                                                   r  XDMA/inst/xdma_v41_m1_pcie2_to_pcie3_wrapper_i/pcie2_ip_i/inst/inst/gt_top_i/pipe_wrapper_i/pipe_clock_int.pipe_clock_i/mmcm_i/CLKIN1
    MMCME2_ADV_X0Y0      MMCME2_ADV (Prop_mmcme2_adv_CLKIN1_CLKOUT2)
                                                      0.053     1.408 r  XDMA/inst/xdma_v41_m1_pcie2_to_pcie3_wrapper_i/pcie2_ip_i/inst/inst/gt_top_i/pipe_wrapper_i/pipe_clock_int.pipe_clock_i/mmcm_i/CLKOUT2
                         net (fo=1, routed)           0.534     1.942    XDMA/inst/xdma_v41_m1_pcie2_to_pcie3_wrapper_i/pcie2_ip_i/inst/inst/gt_top_i/pipe_wrapper_i/pipe_clock_int.pipe_clock_i/userclk1
    BUFGCTRL_X0Y0                                                     r  XDMA/inst/xdma_v41_m1_pcie2_to_pcie3_wrapper_i/pcie2_ip_i/inst/inst/gt_top_i/pipe_wrapper_i/pipe_clock_int.pipe_clock_i/userclk1_i1.usrclk1_i1/I
    BUFGCTRL_X0Y0        BUFG (Prop_bufg_I_O)         0.029     1.971 r  XDMA/inst/xdma_v41_m1_pcie2_to_pcie3_wrapper_i/pcie2_ip_i/inst/inst/gt_top_i/pipe_wrapper_i/pipe_clock_int.pipe_clock_i/userclk1_i1.usrclk1_i1/O
                         net (fo=15140, routed)       0.834     2.805    NVP_AUTOINIT/u_sequence/axi_aclk
    SLICE_X40Y49         FDRE                                         r  NVP_AUTOINIT/u_sequence/first_error_valid_r_reg/C
                         clock pessimism             -0.590     2.215    
    SLICE_X40Y49         FDRE (Hold_fdre_C_D)         0.091     2.306    NVP_AUTOINIT/u_sequence/first_error_valid_r_reg
  -------------------------------------------------------------------
                         required time                         -2.306    
                         arrival time                           3.089    
  -------------------------------------------------------------------
                         slack                                  0.783    

Slack (MET) :             0.788ns  (arrival time - required time)
  Source:                 NVP_AUTOINIT/u_sequence/sda_filtered_r_reg/C
                            (rising edge-triggered cell FDSE clocked by userclk1  {rise@0.000ns fall@8.000ns period=16.000ns})
  Destination:            NVP_AUTOINIT/u_sequence/nack_count_r_reg[5]/CE
                            (rising edge-triggered cell FDRE clocked by userclk1  {rise@0.000ns fall@8.000ns period=16.000ns})
  Path Group:             userclk1
  Path Type:              Hold (Min at Fast Process Corner)
  Requirement:            0.000ns  (userclk1 rise@0.000ns - userclk1 rise@0.000ns)
  Data Path Delay:        0.787ns  (logic 0.209ns (26.571%)  route 0.578ns (73.429%))
  Logic Levels:           1  (LUT6=1)
  Clock Path Skew:        0.038ns (DCD - SCD - CPR)
    Destination Clock Delay (DCD):    2.806ns
    Source Clock Delay      (SCD):    2.179ns
    Clock Pessimism Removal (CPR):    0.590ns

    Location             Delay type                Incr(ns)  Path(ns)    Netlist Resource(s)
  -------------------------------------------------------------------    -------------------
                         (clock userclk1 rise edge)
                                                      0.000     0.000 r  
    GTPE2_CHANNEL_X0Y3   GTPE2_CHANNEL                0.000     0.000 r  XDMA/inst/xdma_v41_m1_pcie2_to_pcie3_wrapper_i/pcie2_ip_i/inst/inst/gt_top_i/pipe_wrapper_i/pipe_lane[0].gt_wrapper_i/gtp_channel.gtpe2_channel_i/TXOUTCLK
                         net (fo=1, routed)           0.473     0.473    XDMA/inst/xdma_v41_m1_pcie2_to_pcie3_wrapper_i/pcie2_ip_i/inst/inst/gt_top_i/pipe_wrapper_i/pipe_clock_int.pipe_clock_i/txoutclk_i.txoutclk_i_0
    BUFGCTRL_X0Y20                                                    r  XDMA/inst/xdma_v41_m1_pcie2_to_pcie3_wrapper_i/pcie2_ip_i/inst/inst/gt_top_i/pipe_wrapper_i/pipe_clock_int.pipe_clock_i/txoutclk_i.txoutclk_i/I
    BUFGCTRL_X0Y20       BUFG (Prop_bufg_I_O)         0.026     0.499 r  XDMA/inst/xdma_v41_m1_pcie2_to_pcie3_wrapper_i/pcie2_ip_i/inst/inst/gt_top_i/pipe_wrapper_i/pipe_clock_int.pipe_clock_i/txoutclk_i.txoutclk_i/O
                         net (fo=1, routed)           0.551     1.050    XDMA/inst/xdma_v41_m1_pcie2_to_pcie3_wrapper_i/pcie2_ip_i/inst/inst/gt_top_i/pipe_wrapper_i/pipe_clock_int.pipe_clock_i/refclk
    MMCME2_ADV_X0Y0                                                   r  XDMA/inst/xdma_v41_m1_pcie2_to_pcie3_wrapper_i/pcie2_ip_i/inst/inst/gt_top_i/pipe_wrapper_i/pipe_clock_int.pipe_clock_i/mmcm_i/CLKIN1
    MMCME2_ADV_X0Y0      MMCME2_ADV (Prop_mmcme2_adv_CLKIN1_CLKOUT2)
                                                      0.050     1.100 r  XDMA/inst/xdma_v41_m1_pcie2_to_pcie3_wrapper_i/pcie2_ip_i/inst/inst/gt_top_i/pipe_wrapper_i/pipe_clock_int.pipe_clock_i/mmcm_i/CLKOUT2
                         net (fo=1, routed)           0.489     1.589    XDMA/inst/xdma_v41_m1_pcie2_to_pcie3_wrapper_i/pcie2_ip_i/inst/inst/gt_top_i/pipe_wrapper_i/pipe_clock_int.pipe_clock_i/userclk1
    BUFGCTRL_X0Y0                                                     r  XDMA/inst/xdma_v41_m1_pcie2_to_pcie3_wrapper_i/pcie2_ip_i/inst/inst/gt_top_i/pipe_wrapper_i/pipe_clock_int.pipe_clock_i/userclk1_i1.usrclk1_i1/I
    BUFGCTRL_X0Y0        BUFG (Prop_bufg_I_O)         0.026     1.615 r  XDMA/inst/xdma_v41_m1_pcie2_to_pcie3_wrapper_i/pcie2_ip_i/inst/inst/gt_top_i/pipe_wrapper_i/pipe_clock_int.pipe_clock_i/userclk1_i1.usrclk1_i1/O
                         net (fo=15140, routed)       0.564     2.179    NVP_AUTOINIT/u_sequence/axi_aclk
    SLICE_X46Y44         FDSE                                         r  NVP_AUTOINIT/u_sequence/sda_filtered_r_reg/C
  -------------------------------------------------------------------    -------------------
    SLICE_X46Y44         FDSE (Prop_fdse_C_Q)         0.164     2.343 r  NVP_AUTOINIT/u_sequence/sda_filtered_r_reg/Q
                         net (fo=11, routed)          0.433     2.776    NVP_AUTOINIT/u_sequence/sda_filtered_r
    SLICE_X49Y46                                                      r  NVP_AUTOINIT/u_sequence/nack_count_r[15]_i_1/I4
    SLICE_X49Y46         LUT6 (Prop_lut6_I4_O)        0.045     2.821 r  NVP_AUTOINIT/u_sequence/nack_count_r[15]_i_1/O
                         net (fo=16, routed)          0.144     2.965    NVP_AUTOINIT/u_sequence/nack_count_r[15]_i_1_n_0
    SLICE_X49Y44         FDRE                                         r  NVP_AUTOINIT/u_sequence/nack_count_r_reg[5]/CE
  -------------------------------------------------------------------    -------------------

                         (clock userclk1 rise edge)
                                                      0.000     0.000 r  
    GTPE2_CHANNEL_X0Y3   GTPE2_CHANNEL                0.000     0.000 r  XDMA/inst/xdma_v41_m1_pcie2_to_pcie3_wrapper_i/pcie2_ip_i/inst/inst/gt_top_i/pipe_wrapper_i/pipe_lane[0].gt_wrapper_i/gtp_channel.gtpe2_channel_i/TXOUTCLK
                         net (fo=1, routed)           0.509     0.509    XDMA/inst/xdma_v41_m1_pcie2_to_pcie3_wrapper_i/pcie2_ip_i/inst/inst/gt_top_i/pipe_wrapper_i/pipe_clock_int.pipe_clock_i/txoutclk_i.txoutclk_i_0
    BUFGCTRL_X0Y20                                                    r  XDMA/inst/xdma_v41_m1_pcie2_to_pcie3_wrapper_i/pcie2_ip_i/inst/inst/gt_top_i/pipe_wrapper_i/pipe_clock_int.pipe_clock_i/txoutclk_i.txoutclk_i/I
    BUFGCTRL_X0Y20       BUFG (Prop_bufg_I_O)         0.029     0.538 r  XDMA/inst/xdma_v41_m1_pcie2_to_pcie3_wrapper_i/pcie2_ip_i/inst/inst/gt_top_i/pipe_wrapper_i/pipe_clock_int.pipe_clock_i/txoutclk_i.txoutclk_i/O
                         net (fo=1, routed)           0.818     1.355    XDMA/inst/xdma_v41_m1_pcie2_to_pcie3_wrapper_i/pcie2_ip_i/inst/inst/gt_top_i/pipe_wrapper_i/pipe_clock_int.pipe_clock_i/refclk
    MMCME2_ADV_X0Y0                                                   r  XDMA/inst/xdma_v41_m1_pcie2_to_pcie3_wrapper_i/pcie2_ip_i/inst/inst/gt_top_i/pipe_wrapper_i/pipe_clock_int.pipe_clock_i/mmcm_i/CLKIN1
    MMCME2_ADV_X0Y0      MMCME2_ADV (Prop_mmcme2_adv_CLKIN1_CLKOUT2)
                                                      0.053     1.408 r  XDMA/inst/xdma_v41_m1_pcie2_to_pcie3_wrapper_i/pcie2_ip_i/inst/inst/gt_top_i/pipe_wrapper_i/pipe_clock_int.pipe_clock_i/mmcm_i/CLKOUT2
                         net (fo=1, routed)           0.534     1.942    XDMA/inst/xdma_v41_m1_pcie2_to_pcie3_wrapper_i/pcie2_ip_i/inst/inst/gt_top_i/pipe_wrapper_i/pipe_clock_int.pipe_clock_i/userclk1
    BUFGCTRL_X0Y0                                                     r  XDMA/inst/xdma_v41_m1_pcie2_to_pcie3_wrapper_i/pcie2_ip_i/inst/inst/gt_top_i/pipe_wrapper_i/pipe_clock_int.pipe_clock_i/userclk1_i1.usrclk1_i1/I
    BUFGCTRL_X0Y0        BUFG (Prop_bufg_I_O)         0.029     1.971 r  XDMA/inst/xdma_v41_m1_pcie2_to_pcie3_wrapper_i/pcie2_ip_i/inst/inst/gt_top_i/pipe_wrapper_i/pipe_clock_int.pipe_clock_i/userclk1_i1.usrclk1_i1/O
                         net (fo=15140, routed)       0.836     2.806    NVP_AUTOINIT/u_sequence/axi_aclk
    SLICE_X49Y44         FDRE                                         r  NVP_AUTOINIT/u_sequence/nack_count_r_reg[5]/C
                         clock pessimism             -0.590     2.217    
    SLICE_X49Y44         FDRE (Hold_fdre_C_CE)       -0.039     2.178    NVP_AUTOINIT/u_sequence/nack_count_r_reg[5]
  -------------------------------------------------------------------
                         required time                         -2.178    
                         arrival time                           2.965    
  -------------------------------------------------------------------
                         slack                                  0.788    

Slack (MET) :             0.788ns  (arrival time - required time)
  Source:                 NVP_AUTOINIT/u_sequence/sda_filtered_r_reg/C
                            (rising edge-triggered cell FDSE clocked by userclk1  {rise@0.000ns fall@8.000ns period=16.000ns})
  Destination:            NVP_AUTOINIT/u_sequence/nack_count_r_reg[6]/CE
                            (rising edge-triggered cell FDRE clocked by userclk1  {rise@0.000ns fall@8.000ns period=16.000ns})
  Path Group:             userclk1
  Path Type:              Hold (Min at Fast Process Corner)
  Requirement:            0.000ns  (userclk1 rise@0.000ns - userclk1 rise@0.000ns)
  Data Path Delay:        0.787ns  (logic 0.209ns (26.571%)  route 0.578ns (73.429%))
  Logic Levels:           1  (LUT6=1)
  Clock Path Skew:        0.038ns (DCD - SCD - CPR)
    Destination Clock Delay (DCD):    2.806ns
    Source Clock Delay      (SCD):    2.179ns
    Clock Pessimism Removal (CPR):    0.590ns

    Location             Delay type                Incr(ns)  Path(ns)    Netlist Resource(s)
  -------------------------------------------------------------------    -------------------
                         (clock userclk1 rise edge)
                                                      0.000     0.000 r  
    GTPE2_CHANNEL_X0Y3   GTPE2_CHANNEL                0.000     0.000 r  XDMA/inst/xdma_v41_m1_pcie2_to_pcie3_wrapper_i/pcie2_ip_i/inst/inst/gt_top_i/pipe_wrapper_i/pipe_lane[0].gt_wrapper_i/gtp_channel.gtpe2_channel_i/TXOUTCLK
                         net (fo=1, routed)           0.473     0.473    XDMA/inst/xdma_v41_m1_pcie2_to_pcie3_wrapper_i/pcie2_ip_i/inst/inst/gt_top_i/pipe_wrapper_i/pipe_clock_int.pipe_clock_i/txoutclk_i.txoutclk_i_0
    BUFGCTRL_X0Y20                                                    r  XDMA/inst/xdma_v41_m1_pcie2_to_pcie3_wrapper_i/pcie2_ip_i/inst/inst/gt_top_i/pipe_wrapper_i/pipe_clock_int.pipe_clock_i/txoutclk_i.txoutclk_i/I
    BUFGCTRL_X0Y20       BUFG (Prop_bufg_I_O)         0.026     0.499 r  XDMA/inst/xdma_v41_m1_pcie2_to_pcie3_wrapper_i/pcie2_ip_i/inst/inst/gt_top_i/pipe_wrapper_i/pipe_clock_int.pipe_clock_i/txoutclk_i.txoutclk_i/O
                         net (fo=1, routed)           0.551     1.050    XDMA/inst/xdma_v41_m1_pcie2_to_pcie3_wrapper_i/pcie2_ip_i/inst/inst/gt_top_i/pipe_wrapper_i/pipe_clock_int.pipe_clock_i/refclk
    MMCME2_ADV_X0Y0                                                   r  XDMA/inst/xdma_v41_m1_pcie2_to_pcie3_wrapper_i/pcie2_ip_i/inst/inst/gt_top_i/pipe_wrapper_i/pipe_clock_int.pipe_clock_i/mmcm_i/CLKIN1
    MMCME2_ADV_X0Y0      MMCME2_ADV (Prop_mmcme2_adv_CLKIN1_CLKOUT2)
                                                      0.050     1.100 r  XDMA/inst/xdma_v41_m1_pcie2_to_pcie3_wrapper_i/pcie2_ip_i/inst/inst/gt_top_i/pipe_wrapper_i/pipe_clock_int.pipe_clock_i/mmcm_i/CLKOUT2
                         net (fo=1, routed)           0.489     1.589    XDMA/inst/xdma_v41_m1_pcie2_to_pcie3_wrapper_i/pcie2_ip_i/inst/inst/gt_top_i/pipe_wrapper_i/pipe_clock_int.pipe_clock_i/userclk1
    BUFGCTRL_X0Y0                                                     r  XDMA/inst/xdma_v41_m1_pcie2_to_pcie3_wrapper_i/pcie2_ip_i/inst/inst/gt_top_i/pipe_wrapper_i/pipe_clock_int.pipe_clock_i/userclk1_i1.usrclk1_i1/I
    BUFGCTRL_X0Y0        BUFG (Prop_bufg_I_O)         0.026     1.615 r  XDMA/inst/xdma_v41_m1_pcie2_to_pcie3_wrapper_i/pcie2_ip_i/inst/inst/gt_top_i/pipe_wrapper_i/pipe_clock_int.pipe_clock_i/userclk1_i1.usrclk1_i1/O
                         net (fo=15140, routed)       0.564     2.179    NVP_AUTOINIT/u_sequence/axi_aclk
    SLICE_X46Y44         FDSE                                         r  NVP_AUTOINIT/u_sequence/sda_filtered_r_reg/C
  -------------------------------------------------------------------    -------------------
    SLICE_X46Y44         FDSE (Prop_fdse_C_Q)         0.164     2.343 r  NVP_AUTOINIT/u_sequence/sda_filtered_r_reg/Q
                         net (fo=11, routed)          0.433     2.776    NVP_AUTOINIT/u_sequence/sda_filtered_r
    SLICE_X49Y46                                                      r  NVP_AUTOINIT/u_sequence/nack_count_r[15]_i_1/I4
    SLICE_X49Y46         LUT6 (Prop_lut6_I4_O)        0.045     2.821 r  NVP_AUTOINIT/u_sequence/nack_count_r[15]_i_1/O
                         net (fo=16, routed)          0.144     2.965    NVP_AUTOINIT/u_sequence/nack_count_r[15]_i_1_n_0
    SLICE_X49Y44         FDRE                                         r  NVP_AUTOINIT/u_sequence/nack_count_r_reg[6]/CE
  -------------------------------------------------------------------    -------------------

                         (clock userclk1 rise edge)
                                                      0.000     0.000 r  
    GTPE2_CHANNEL_X0Y3   GTPE2_CHANNEL                0.000     0.000 r  XDMA/inst/xdma_v41_m1_pcie2_to_pcie3_wrapper_i/pcie2_ip_i/inst/inst/gt_top_i/pipe_wrapper_i/pipe_lane[0].gt_wrapper_i/gtp_channel.gtpe2_channel_i/TXOUTCLK
                         net (fo=1, routed)           0.509     0.509    XDMA/inst/xdma_v41_m1_pcie2_to_pcie3_wrapper_i/pcie2_ip_i/inst/inst/gt_top_i/pipe_wrapper_i/pipe_clock_int.pipe_clock_i/txoutclk_i.txoutclk_i_0
    BUFGCTRL_X0Y20                                                    r  XDMA/inst/xdma_v41_m1_pcie2_to_pcie3_wrapper_i/pcie2_ip_i/inst/inst/gt_top_i/pipe_wrapper_i/pipe_clock_int.pipe_clock_i/txoutclk_i.txoutclk_i/I
    BUFGCTRL_X0Y20       BUFG (Prop_bufg_I_O)         0.029     0.538 r  XDMA/inst/xdma_v41_m1_pcie2_to_pcie3_wrapper_i/pcie2_ip_i/inst/inst/gt_top_i/pipe_wrapper_i/pipe_clock_int.pipe_clock_i/txoutclk_i.txoutclk_i/O
                         net (fo=1, routed)           0.818     1.355    XDMA/inst/xdma_v41_m1_pcie2_to_pcie3_wrapper_i/pcie2_ip_i/inst/inst/gt_top_i/pipe_wrapper_i/pipe_clock_int.pipe_clock_i/refclk
    MMCME2_ADV_X0Y0                                                   r  XDMA/inst/xdma_v41_m1_pcie2_to_pcie3_wrapper_i/pcie2_ip_i/inst/inst/gt_top_i/pipe_wrapper_i/pipe_clock_int.pipe_clock_i/mmcm_i/CLKIN1
    MMCME2_ADV_X0Y0      MMCME2_ADV (Prop_mmcme2_adv_CLKIN1_CLKOUT2)
                                                      0.053     1.408 r  XDMA/inst/xdma_v41_m1_pcie2_to_pcie3_wrapper_i/pcie2_ip_i/inst/inst/gt_top_i/pipe_wrapper_i/pipe_clock_int.pipe_clock_i/mmcm_i/CLKOUT2
                         net (fo=1, routed)           0.534     1.942    XDMA/inst/xdma_v41_m1_pcie2_to_pcie3_wrapper_i/pcie2_ip_i/inst/inst/gt_top_i/pipe_wrapper_i/pipe_clock_int.pipe_clock_i/userclk1
    BUFGCTRL_X0Y0                                                     r  XDMA/inst/xdma_v41_m1_pcie2_to_pcie3_wrapper_i/pcie2_ip_i/inst/inst/gt_top_i/pipe_wrapper_i/pipe_clock_int.pipe_clock_i/userclk1_i1.usrclk1_i1/I
    BUFGCTRL_X0Y0        BUFG (Prop_bufg_I_O)         0.029     1.971 r  XDMA/inst/xdma_v41_m1_pcie2_to_pcie3_wrapper_i/pcie2_ip_i/inst/inst/gt_top_i/pipe_wrapper_i/pipe_clock_int.pipe_clock_i/userclk1_i1.usrclk1_i1/O
                         net (fo=15140, routed)       0.836     2.806    NVP_AUTOINIT/u_sequence/axi_aclk
    SLICE_X49Y44         FDRE                                         r  NVP_AUTOINIT/u_sequence/nack_count_r_reg[6]/C
                         clock pessimism             -0.590     2.217    
    SLICE_X49Y44         FDRE (Hold_fdre_C_CE)       -0.039     2.178    NVP_AUTOINIT/u_sequence/nack_count_r_reg[6]
  -------------------------------------------------------------------
                         required time                         -2.178    
                         arrival time                           2.965    
  -------------------------------------------------------------------
                         slack                                  0.788    




