Copyright 1986-2022 Xilinx, Inc. All Rights Reserved. Copyright 2022-2025 Advanced Micro Devices, Inc. All Rights Reserved.
--------------------------------------------------------------------------------------------------------------------------------------------------------------------------------------------------------------------------------------------------------------------------------------------------------------------------------------------------------------------------------------------------------------------------------------------------------------------------------------------------------------------
| Tool Version : Vivado v.2025.2 (win64) Build 6299465 Fri Nov 14 19:35:11 GMT 2025
| Date         : Fri Aug 21 16:41:50 2026
| Host         : NBLSUDUL running 64-bit major release  (build 9200)
| Command      : report_timing -from [get_pins -quiet -of_objects [get_cells -quiet -hierarchical -regexp {^NVP_AUTOINIT/u_sequence/sda_filtered_r_reg$}] -filter {REF_PIN_NAME == Q}] -to [get_pins -quiet NVP_AUTOINIT/u_sequence/tick_reg/C] -delay_type max -max_paths 20 -nworst 1 -unique_pins -routable_nets -sort_by slack -path_type full_clock_expanded -input_pins -file C:/FPGA/V41_NVP_ROUTED_DCP_POWER_TIMING_AUDIT_R1/06_COMPARATOR_FORMAL_PHASE2/FORMAL_PHASE2_SDA_FILTERED_TO_ACK_DECISION_MAX.rpt
| Design       : ahd_capture_top_xdma
| Device       : 7a35t-csg325
| Speed File   : -2  PRODUCTION 1.23 2018-06-13
| Design State : Routed
--------------------------------------------------------------------------------------------------------------------------------------------------------------------------------------------------------------------------------------------------------------------------------------------------------------------------------------------------------------------------------------------------------------------------------------------------------------------------------------------------------------------

Timing Report

Slack (MET) :             11.056ns  (required time - arrival time)
  Source:                 NVP_AUTOINIT/u_sequence/sda_filtered_r_reg/C
                            (rising edge-triggered cell FDSE clocked by userclk1  {rise@0.000ns fall@8.000ns period=16.000ns})
  Destination:            NVP_AUTOINIT/u_sequence/nack_log_r_reg[1][16]/CE
                            (rising edge-triggered cell FDRE clocked by userclk1  {rise@0.000ns fall@8.000ns period=16.000ns})
  Path Group:             userclk1
  Path Type:              Setup (Max at Slow Process Corner)
  Requirement:            16.000ns  (userclk1 rise@16.000ns - userclk1 rise@0.000ns)
  Data Path Delay:        4.722ns  (logic 0.808ns (17.112%)  route 3.914ns (82.888%))
  Logic Levels:           2  (LUT4=1 LUT5=1)
  Clock Path Skew:        0.025ns (DCD - SCD + CPR)
    Destination Clock Delay (DCD):    5.349ns = ( 21.349 - 16.000 ) 
    Source Clock Delay      (SCD):    5.633ns
    Clock Pessimism Removal (CPR):    0.309ns
  Clock Uncertainty:      0.079ns  ((TSJ^2 + DJ^2)^1/2) / 2 + PE
    Total System Jitter     (TSJ):    0.071ns
    Discrete Jitter          (DJ):    0.141ns
    Phase Error              (PE):    0.000ns

    Location             Delay type                Incr(ns)  Path(ns)    Netlist Resource(s)
  -------------------------------------------------------------------    -------------------
                         (clock userclk1 rise edge)
                                                      0.000     0.000 r  
    GTPE2_CHANNEL_X0Y3   GTPE2_CHANNEL                0.000     0.000 r  XDMA/inst/xdma_v41_m1_pcie2_to_pcie3_wrapper_i/pcie2_ip_i/inst/inst/gt_top_i/pipe_wrapper_i/pipe_lane[0].gt_wrapper_i/gtp_channel.gtpe2_channel_i/TXOUTCLK
                         net (fo=1, routed)           1.209     1.209    XDMA/inst/xdma_v41_m1_pcie2_to_pcie3_wrapper_i/pcie2_ip_i/inst/inst/gt_top_i/pipe_wrapper_i/pipe_clock_int.pipe_clock_i/txoutclk_i.txoutclk_i_0
    BUFGCTRL_X0Y20                                                    r  XDMA/inst/xdma_v41_m1_pcie2_to_pcie3_wrapper_i/pcie2_ip_i/inst/inst/gt_top_i/pipe_wrapper_i/pipe_clock_int.pipe_clock_i/txoutclk_i.txoutclk_i/I
    BUFGCTRL_X0Y20       BUFG (Prop_bufg_I_O)         0.081     1.290 r  XDMA/inst/xdma_v41_m1_pcie2_to_pcie3_wrapper_i/pcie2_ip_i/inst/inst/gt_top_i/pipe_wrapper_i/pipe_clock_int.pipe_clock_i/txoutclk_i.txoutclk_i/O
                         net (fo=1, routed)           1.391     2.681    XDMA/inst/xdma_v41_m1_pcie2_to_pcie3_wrapper_i/pcie2_ip_i/inst/inst/gt_top_i/pipe_wrapper_i/pipe_clock_int.pipe_clock_i/refclk
    MMCME2_ADV_X0Y0                                                   r  XDMA/inst/xdma_v41_m1_pcie2_to_pcie3_wrapper_i/pcie2_ip_i/inst/inst/gt_top_i/pipe_wrapper_i/pipe_clock_int.pipe_clock_i/mmcm_i/CLKIN1
    MMCME2_ADV_X0Y0      MMCME2_ADV (Prop_mmcme2_adv_CLKIN1_CLKOUT2)
                                                      0.077     2.757 r  XDMA/inst/xdma_v41_m1_pcie2_to_pcie3_wrapper_i/pcie2_ip_i/inst/inst/gt_top_i/pipe_wrapper_i/pipe_clock_int.pipe_clock_i/mmcm_i/CLKOUT2
                         net (fo=1, routed)           1.425     4.182    XDMA/inst/xdma_v41_m1_pcie2_to_pcie3_wrapper_i/pcie2_ip_i/inst/inst/gt_top_i/pipe_wrapper_i/pipe_clock_int.pipe_clock_i/userclk1
    BUFGCTRL_X0Y0                                                     r  XDMA/inst/xdma_v41_m1_pcie2_to_pcie3_wrapper_i/pcie2_ip_i/inst/inst/gt_top_i/pipe_wrapper_i/pipe_clock_int.pipe_clock_i/userclk1_i1.usrclk1_i1/I
    BUFGCTRL_X0Y0        BUFG (Prop_bufg_I_O)         0.081     4.263 r  XDMA/inst/xdma_v41_m1_pcie2_to_pcie3_wrapper_i/pcie2_ip_i/inst/inst/gt_top_i/pipe_wrapper_i/pipe_clock_int.pipe_clock_i/userclk1_i1.usrclk1_i1/O
                         net (fo=15140, routed)       1.370     5.633    NVP_AUTOINIT/u_sequence/axi_aclk
    SLICE_X46Y44         FDSE                                         r  NVP_AUTOINIT/u_sequence/sda_filtered_r_reg/C
  -------------------------------------------------------------------    -------------------
    SLICE_X46Y44         FDSE (Prop_fdse_C_Q)         0.433     6.066 r  NVP_AUTOINIT/u_sequence/sda_filtered_r_reg/Q
                         net (fo=11, routed)          0.872     6.938    NVP_AUTOINIT/u_sequence/sda_filtered_r
    SLICE_X41Y48                                                      r  NVP_AUTOINIT/u_sequence/nack_log_r[1][49]_i_2/I1
    SLICE_X41Y48         LUT4 (Prop_lut4_I1_O)        0.108     7.046 r  NVP_AUTOINIT/u_sequence/nack_log_r[1][49]_i_2/O
                         net (fo=6, routed)           0.669     7.715    NVP_AUTOINIT/u_sequence/nack_log_r[1][49]_i_2_n_0
    SLICE_X42Y48                                                      r  NVP_AUTOINIT/u_sequence/nack_log_r[1][49]_i_1/I4
    SLICE_X42Y48         LUT5 (Prop_lut5_I4_O)        0.267     7.982 r  NVP_AUTOINIT/u_sequence/nack_log_r[1][49]_i_1/O
                         net (fo=45, routed)          2.373    10.355    NVP_AUTOINIT/u_sequence/nack_log_r[1][49]_i_1_n_0
    SLICE_X58Y41         FDRE                                         r  NVP_AUTOINIT/u_sequence/nack_log_r_reg[1][16]/CE
  -------------------------------------------------------------------    -------------------

                         (clock userclk1 rise edge)
                                                     16.000    16.000 r  
    GTPE2_CHANNEL_X0Y3   GTPE2_CHANNEL                0.000    16.000 r  XDMA/inst/xdma_v41_m1_pcie2_to_pcie3_wrapper_i/pcie2_ip_i/inst/inst/gt_top_i/pipe_wrapper_i/pipe_lane[0].gt_wrapper_i/gtp_channel.gtpe2_channel_i/TXOUTCLK
                         net (fo=1, routed)           1.150    17.150    XDMA/inst/xdma_v41_m1_pcie2_to_pcie3_wrapper_i/pcie2_ip_i/inst/inst/gt_top_i/pipe_wrapper_i/pipe_clock_int.pipe_clock_i/txoutclk_i.txoutclk_i_0
    BUFGCTRL_X0Y20                                                    r  XDMA/inst/xdma_v41_m1_pcie2_to_pcie3_wrapper_i/pcie2_ip_i/inst/inst/gt_top_i/pipe_wrapper_i/pipe_clock_int.pipe_clock_i/txoutclk_i.txoutclk_i/I
    BUFGCTRL_X0Y20       BUFG (Prop_bufg_I_O)         0.077    17.227 r  XDMA/inst/xdma_v41_m1_pcie2_to_pcie3_wrapper_i/pcie2_ip_i/inst/inst/gt_top_i/pipe_wrapper_i/pipe_clock_int.pipe_clock_i/txoutclk_i.txoutclk_i/O
                         net (fo=1, routed)           1.286    18.513    XDMA/inst/xdma_v41_m1_pcie2_to_pcie3_wrapper_i/pcie2_ip_i/inst/inst/gt_top_i/pipe_wrapper_i/pipe_clock_int.pipe_clock_i/refclk
    MMCME2_ADV_X0Y0                                                   r  XDMA/inst/xdma_v41_m1_pcie2_to_pcie3_wrapper_i/pcie2_ip_i/inst/inst/gt_top_i/pipe_wrapper_i/pipe_clock_int.pipe_clock_i/mmcm_i/CLKIN1
    MMCME2_ADV_X0Y0      MMCME2_ADV (Prop_mmcme2_adv_CLKIN1_CLKOUT2)
                                                      0.073    18.586 r  XDMA/inst/xdma_v41_m1_pcie2_to_pcie3_wrapper_i/pcie2_ip_i/inst/inst/gt_top_i/pipe_wrapper_i/pipe_clock_int.pipe_clock_i/mmcm_i/CLKOUT2
                         net (fo=1, routed)           1.357    19.944    XDMA/inst/xdma_v41_m1_pcie2_to_pcie3_wrapper_i/pcie2_ip_i/inst/inst/gt_top_i/pipe_wrapper_i/pipe_clock_int.pipe_clock_i/userclk1
    BUFGCTRL_X0Y0                                                     r  XDMA/inst/xdma_v41_m1_pcie2_to_pcie3_wrapper_i/pcie2_ip_i/inst/inst/gt_top_i/pipe_wrapper_i/pipe_clock_int.pipe_clock_i/userclk1_i1.usrclk1_i1/I
    BUFGCTRL_X0Y0        BUFG (Prop_bufg_I_O)         0.077    20.021 r  XDMA/inst/xdma_v41_m1_pcie2_to_pcie3_wrapper_i/pcie2_ip_i/inst/inst/gt_top_i/pipe_wrapper_i/pipe_clock_int.pipe_clock_i/userclk1_i1.usrclk1_i1/O
                         net (fo=15140, routed)       1.329    21.349    NVP_AUTOINIT/u_sequence/axi_aclk
    SLICE_X58Y41         FDRE                                         r  NVP_AUTOINIT/u_sequence/nack_log_r_reg[1][16]/C
                         clock pessimism              0.309    21.658    
                         clock uncertainty           -0.079    21.579    
    SLICE_X58Y41         FDRE (Setup_fdre_C_CE)      -0.168    21.411    NVP_AUTOINIT/u_sequence/nack_log_r_reg[1][16]
  -------------------------------------------------------------------
                         required time                         21.411    
                         arrival time                         -10.355    
  -------------------------------------------------------------------
                         slack                                 11.056    

Slack (MET) :             11.069ns  (required time - arrival time)
  Source:                 NVP_AUTOINIT/u_sequence/sda_filtered_r_reg/C
                            (rising edge-triggered cell FDSE clocked by userclk1  {rise@0.000ns fall@8.000ns period=16.000ns})
  Destination:            NVP_AUTOINIT/u_sequence/nack_log_r_reg[1][48]/CE
                            (rising edge-triggered cell FDRE clocked by userclk1  {rise@0.000ns fall@8.000ns period=16.000ns})
  Path Group:             userclk1
  Path Type:              Setup (Max at Slow Process Corner)
  Requirement:            16.000ns  (userclk1 rise@16.000ns - userclk1 rise@0.000ns)
  Data Path Delay:        4.710ns  (logic 0.808ns (17.156%)  route 3.902ns (82.844%))
  Logic Levels:           2  (LUT4=1 LUT5=1)
  Clock Path Skew:        0.026ns (DCD - SCD + CPR)
    Destination Clock Delay (DCD):    5.350ns = ( 21.350 - 16.000 ) 
    Source Clock Delay      (SCD):    5.633ns
    Clock Pessimism Removal (CPR):    0.309ns
  Clock Uncertainty:      0.079ns  ((TSJ^2 + DJ^2)^1/2) / 2 + PE
    Total System Jitter     (TSJ):    0.071ns
    Discrete Jitter          (DJ):    0.141ns
    Phase Error              (PE):    0.000ns

    Location             Delay type                Incr(ns)  Path(ns)    Netlist Resource(s)
  -------------------------------------------------------------------    -------------------
                         (clock userclk1 rise edge)
                                                      0.000     0.000 r  
    GTPE2_CHANNEL_X0Y3   GTPE2_CHANNEL                0.000     0.000 r  XDMA/inst/xdma_v41_m1_pcie2_to_pcie3_wrapper_i/pcie2_ip_i/inst/inst/gt_top_i/pipe_wrapper_i/pipe_lane[0].gt_wrapper_i/gtp_channel.gtpe2_channel_i/TXOUTCLK
                         net (fo=1, routed)           1.209     1.209    XDMA/inst/xdma_v41_m1_pcie2_to_pcie3_wrapper_i/pcie2_ip_i/inst/inst/gt_top_i/pipe_wrapper_i/pipe_clock_int.pipe_clock_i/txoutclk_i.txoutclk_i_0
    BUFGCTRL_X0Y20                                                    r  XDMA/inst/xdma_v41_m1_pcie2_to_pcie3_wrapper_i/pcie2_ip_i/inst/inst/gt_top_i/pipe_wrapper_i/pipe_clock_int.pipe_clock_i/txoutclk_i.txoutclk_i/I
    BUFGCTRL_X0Y20       BUFG (Prop_bufg_I_O)         0.081     1.290 r  XDMA/inst/xdma_v41_m1_pcie2_to_pcie3_wrapper_i/pcie2_ip_i/inst/inst/gt_top_i/pipe_wrapper_i/pipe_clock_int.pipe_clock_i/txoutclk_i.txoutclk_i/O
                         net (fo=1, routed)           1.391     2.681    XDMA/inst/xdma_v41_m1_pcie2_to_pcie3_wrapper_i/pcie2_ip_i/inst/inst/gt_top_i/pipe_wrapper_i/pipe_clock_int.pipe_clock_i/refclk
    MMCME2_ADV_X0Y0                                                   r  XDMA/inst/xdma_v41_m1_pcie2_to_pcie3_wrapper_i/pcie2_ip_i/inst/inst/gt_top_i/pipe_wrapper_i/pipe_clock_int.pipe_clock_i/mmcm_i/CLKIN1
    MMCME2_ADV_X0Y0      MMCME2_ADV (Prop_mmcme2_adv_CLKIN1_CLKOUT2)
                                                      0.077     2.757 r  XDMA/inst/xdma_v41_m1_pcie2_to_pcie3_wrapper_i/pcie2_ip_i/inst/inst/gt_top_i/pipe_wrapper_i/pipe_clock_int.pipe_clock_i/mmcm_i/CLKOUT2
                         net (fo=1, routed)           1.425     4.182    XDMA/inst/xdma_v41_m1_pcie2_to_pcie3_wrapper_i/pcie2_ip_i/inst/inst/gt_top_i/pipe_wrapper_i/pipe_clock_int.pipe_clock_i/userclk1
    BUFGCTRL_X0Y0                                                     r  XDMA/inst/xdma_v41_m1_pcie2_to_pcie3_wrapper_i/pcie2_ip_i/inst/inst/gt_top_i/pipe_wrapper_i/pipe_clock_int.pipe_clock_i/userclk1_i1.usrclk1_i1/I
    BUFGCTRL_X0Y0        BUFG (Prop_bufg_I_O)         0.081     4.263 r  XDMA/inst/xdma_v41_m1_pcie2_to_pcie3_wrapper_i/pcie2_ip_i/inst/inst/gt_top_i/pipe_wrapper_i/pipe_clock_int.pipe_clock_i/userclk1_i1.usrclk1_i1/O
                         net (fo=15140, routed)       1.370     5.633    NVP_AUTOINIT/u_sequence/axi_aclk
    SLICE_X46Y44         FDSE                                         r  NVP_AUTOINIT/u_sequence/sda_filtered_r_reg/C
  -------------------------------------------------------------------    -------------------
    SLICE_X46Y44         FDSE (Prop_fdse_C_Q)         0.433     6.066 r  NVP_AUTOINIT/u_sequence/sda_filtered_r_reg/Q
                         net (fo=11, routed)          0.872     6.938    NVP_AUTOINIT/u_sequence/sda_filtered_r
    SLICE_X41Y48                                                      r  NVP_AUTOINIT/u_sequence/nack_log_r[1][49]_i_2/I1
    SLICE_X41Y48         LUT4 (Prop_lut4_I1_O)        0.108     7.046 r  NVP_AUTOINIT/u_sequence/nack_log_r[1][49]_i_2/O
                         net (fo=6, routed)           0.669     7.715    NVP_AUTOINIT/u_sequence/nack_log_r[1][49]_i_2_n_0
    SLICE_X42Y48                                                      r  NVP_AUTOINIT/u_sequence/nack_log_r[1][49]_i_1/I4
    SLICE_X42Y48         LUT5 (Prop_lut5_I4_O)        0.267     7.982 r  NVP_AUTOINIT/u_sequence/nack_log_r[1][49]_i_1/O
                         net (fo=45, routed)          2.361    10.343    NVP_AUTOINIT/u_sequence/nack_log_r[1][49]_i_1_n_0
    SLICE_X59Y42         FDRE                                         r  NVP_AUTOINIT/u_sequence/nack_log_r_reg[1][48]/CE
  -------------------------------------------------------------------    -------------------

                         (clock userclk1 rise edge)
                                                     16.000    16.000 r  
    GTPE2_CHANNEL_X0Y3   GTPE2_CHANNEL                0.000    16.000 r  XDMA/inst/xdma_v41_m1_pcie2_to_pcie3_wrapper_i/pcie2_ip_i/inst/inst/gt_top_i/pipe_wrapper_i/pipe_lane[0].gt_wrapper_i/gtp_channel.gtpe2_channel_i/TXOUTCLK
                         net (fo=1, routed)           1.150    17.150    XDMA/inst/xdma_v41_m1_pcie2_to_pcie3_wrapper_i/pcie2_ip_i/inst/inst/gt_top_i/pipe_wrapper_i/pipe_clock_int.pipe_clock_i/txoutclk_i.txoutclk_i_0
    BUFGCTRL_X0Y20                                                    r  XDMA/inst/xdma_v41_m1_pcie2_to_pcie3_wrapper_i/pcie2_ip_i/inst/inst/gt_top_i/pipe_wrapper_i/pipe_clock_int.pipe_clock_i/txoutclk_i.txoutclk_i/I
    BUFGCTRL_X0Y20       BUFG (Prop_bufg_I_O)         0.077    17.227 r  XDMA/inst/xdma_v41_m1_pcie2_to_pcie3_wrapper_i/pcie2_ip_i/inst/inst/gt_top_i/pipe_wrapper_i/pipe_clock_int.pipe_clock_i/txoutclk_i.txoutclk_i/O
                         net (fo=1, routed)           1.286    18.513    XDMA/inst/xdma_v41_m1_pcie2_to_pcie3_wrapper_i/pcie2_ip_i/inst/inst/gt_top_i/pipe_wrapper_i/pipe_clock_int.pipe_clock_i/refclk
    MMCME2_ADV_X0Y0                                                   r  XDMA/inst/xdma_v41_m1_pcie2_to_pcie3_wrapper_i/pcie2_ip_i/inst/inst/gt_top_i/pipe_wrapper_i/pipe_clock_int.pipe_clock_i/mmcm_i/CLKIN1
    MMCME2_ADV_X0Y0      MMCME2_ADV (Prop_mmcme2_adv_CLKIN1_CLKOUT2)
                                                      0.073    18.586 r  XDMA/inst/xdma_v41_m1_pcie2_to_pcie3_wrapper_i/pcie2_ip_i/inst/inst/gt_top_i/pipe_wrapper_i/pipe_clock_int.pipe_clock_i/mmcm_i/CLKOUT2
                         net (fo=1, routed)           1.357    19.944    XDMA/inst/xdma_v41_m1_pcie2_to_pcie3_wrapper_i/pcie2_ip_i/inst/inst/gt_top_i/pipe_wrapper_i/pipe_clock_int.pipe_clock_i/userclk1
    BUFGCTRL_X0Y0                                                     r  XDMA/inst/xdma_v41_m1_pcie2_to_pcie3_wrapper_i/pcie2_ip_i/inst/inst/gt_top_i/pipe_wrapper_i/pipe_clock_int.pipe_clock_i/userclk1_i1.usrclk1_i1/I
    BUFGCTRL_X0Y0        BUFG (Prop_bufg_I_O)         0.077    20.021 r  XDMA/inst/xdma_v41_m1_pcie2_to_pcie3_wrapper_i/pcie2_ip_i/inst/inst/gt_top_i/pipe_wrapper_i/pipe_clock_int.pipe_clock_i/userclk1_i1.usrclk1_i1/O
                         net (fo=15140, routed)       1.330    21.350    NVP_AUTOINIT/u_sequence/axi_aclk
    SLICE_X59Y42         FDRE                                         r  NVP_AUTOINIT/u_sequence/nack_log_r_reg[1][48]/C
                         clock pessimism              0.309    21.659    
                         clock uncertainty           -0.079    21.580    
    SLICE_X59Y42         FDRE (Setup_fdre_C_CE)      -0.168    21.412    NVP_AUTOINIT/u_sequence/nack_log_r_reg[1][48]
  -------------------------------------------------------------------
                         required time                         21.412    
                         arrival time                         -10.343    
  -------------------------------------------------------------------
                         slack                                 11.069    

Slack (MET) :             11.076ns  (required time - arrival time)
  Source:                 NVP_AUTOINIT/u_sequence/sda_filtered_r_reg/C
                            (rising edge-triggered cell FDSE clocked by userclk1  {rise@0.000ns fall@8.000ns period=16.000ns})
  Destination:            NVP_AUTOINIT/u_sequence/nack_log_r_reg[1][22]/CE
                            (rising edge-triggered cell FDRE clocked by userclk1  {rise@0.000ns fall@8.000ns period=16.000ns})
  Path Group:             userclk1
  Path Type:              Setup (Max at Slow Process Corner)
  Requirement:            16.000ns  (userclk1 rise@16.000ns - userclk1 rise@0.000ns)
  Data Path Delay:        4.703ns  (logic 0.808ns (17.179%)  route 3.895ns (82.821%))
  Logic Levels:           2  (LUT4=1 LUT5=1)
  Clock Path Skew:        0.026ns (DCD - SCD + CPR)
    Destination Clock Delay (DCD):    5.350ns = ( 21.350 - 16.000 ) 
    Source Clock Delay      (SCD):    5.633ns
    Clock Pessimism Removal (CPR):    0.309ns
  Clock Uncertainty:      0.079ns  ((TSJ^2 + DJ^2)^1/2) / 2 + PE
    Total System Jitter     (TSJ):    0.071ns
    Discrete Jitter          (DJ):    0.141ns
    Phase Error              (PE):    0.000ns

    Location             Delay type                Incr(ns)  Path(ns)    Netlist Resource(s)
  -------------------------------------------------------------------    -------------------
                         (clock userclk1 rise edge)
                                                      0.000     0.000 r  
    GTPE2_CHANNEL_X0Y3   GTPE2_CHANNEL                0.000     0.000 r  XDMA/inst/xdma_v41_m1_pcie2_to_pcie3_wrapper_i/pcie2_ip_i/inst/inst/gt_top_i/pipe_wrapper_i/pipe_lane[0].gt_wrapper_i/gtp_channel.gtpe2_channel_i/TXOUTCLK
                         net (fo=1, routed)           1.209     1.209    XDMA/inst/xdma_v41_m1_pcie2_to_pcie3_wrapper_i/pcie2_ip_i/inst/inst/gt_top_i/pipe_wrapper_i/pipe_clock_int.pipe_clock_i/txoutclk_i.txoutclk_i_0
    BUFGCTRL_X0Y20                                                    r  XDMA/inst/xdma_v41_m1_pcie2_to_pcie3_wrapper_i/pcie2_ip_i/inst/inst/gt_top_i/pipe_wrapper_i/pipe_clock_int.pipe_clock_i/txoutclk_i.txoutclk_i/I
    BUFGCTRL_X0Y20       BUFG (Prop_bufg_I_O)         0.081     1.290 r  XDMA/inst/xdma_v41_m1_pcie2_to_pcie3_wrapper_i/pcie2_ip_i/inst/inst/gt_top_i/pipe_wrapper_i/pipe_clock_int.pipe_clock_i/txoutclk_i.txoutclk_i/O
                         net (fo=1, routed)           1.391     2.681    XDMA/inst/xdma_v41_m1_pcie2_to_pcie3_wrapper_i/pcie2_ip_i/inst/inst/gt_top_i/pipe_wrapper_i/pipe_clock_int.pipe_clock_i/refclk
    MMCME2_ADV_X0Y0                                                   r  XDMA/inst/xdma_v41_m1_pcie2_to_pcie3_wrapper_i/pcie2_ip_i/inst/inst/gt_top_i/pipe_wrapper_i/pipe_clock_int.pipe_clock_i/mmcm_i/CLKIN1
    MMCME2_ADV_X0Y0      MMCME2_ADV (Prop_mmcme2_adv_CLKIN1_CLKOUT2)
                                                      0.077     2.757 r  XDMA/inst/xdma_v41_m1_pcie2_to_pcie3_wrapper_i/pcie2_ip_i/inst/inst/gt_top_i/pipe_wrapper_i/pipe_clock_int.pipe_clock_i/mmcm_i/CLKOUT2
                         net (fo=1, routed)           1.425     4.182    XDMA/inst/xdma_v41_m1_pcie2_to_pcie3_wrapper_i/pcie2_ip_i/inst/inst/gt_top_i/pipe_wrapper_i/pipe_clock_int.pipe_clock_i/userclk1
    BUFGCTRL_X0Y0                                                     r  XDMA/inst/xdma_v41_m1_pcie2_to_pcie3_wrapper_i/pcie2_ip_i/inst/inst/gt_top_i/pipe_wrapper_i/pipe_clock_int.pipe_clock_i/userclk1_i1.usrclk1_i1/I
    BUFGCTRL_X0Y0        BUFG (Prop_bufg_I_O)         0.081     4.263 r  XDMA/inst/xdma_v41_m1_pcie2_to_pcie3_wrapper_i/pcie2_ip_i/inst/inst/gt_top_i/pipe_wrapper_i/pipe_clock_int.pipe_clock_i/userclk1_i1.usrclk1_i1/O
                         net (fo=15140, routed)       1.370     5.633    NVP_AUTOINIT/u_sequence/axi_aclk
    SLICE_X46Y44         FDSE                                         r  NVP_AUTOINIT/u_sequence/sda_filtered_r_reg/C
  -------------------------------------------------------------------    -------------------
    SLICE_X46Y44         FDSE (Prop_fdse_C_Q)         0.433     6.066 r  NVP_AUTOINIT/u_sequence/sda_filtered_r_reg/Q
                         net (fo=11, routed)          0.872     6.938    NVP_AUTOINIT/u_sequence/sda_filtered_r
    SLICE_X41Y48                                                      r  NVP_AUTOINIT/u_sequence/nack_log_r[1][49]_i_2/I1
    SLICE_X41Y48         LUT4 (Prop_lut4_I1_O)        0.108     7.046 r  NVP_AUTOINIT/u_sequence/nack_log_r[1][49]_i_2/O
                         net (fo=6, routed)           0.669     7.715    NVP_AUTOINIT/u_sequence/nack_log_r[1][49]_i_2_n_0
    SLICE_X42Y48                                                      r  NVP_AUTOINIT/u_sequence/nack_log_r[1][49]_i_1/I4
    SLICE_X42Y48         LUT5 (Prop_lut5_I4_O)        0.267     7.982 r  NVP_AUTOINIT/u_sequence/nack_log_r[1][49]_i_1/O
                         net (fo=45, routed)          2.354    10.336    NVP_AUTOINIT/u_sequence/nack_log_r[1][49]_i_1_n_0
    SLICE_X58Y48         FDRE                                         r  NVP_AUTOINIT/u_sequence/nack_log_r_reg[1][22]/CE
  -------------------------------------------------------------------    -------------------

                         (clock userclk1 rise edge)
                                                     16.000    16.000 r  
    GTPE2_CHANNEL_X0Y3   GTPE2_CHANNEL                0.000    16.000 r  XDMA/inst/xdma_v41_m1_pcie2_to_pcie3_wrapper_i/pcie2_ip_i/inst/inst/gt_top_i/pipe_wrapper_i/pipe_lane[0].gt_wrapper_i/gtp_channel.gtpe2_channel_i/TXOUTCLK
                         net (fo=1, routed)           1.150    17.150    XDMA/inst/xdma_v41_m1_pcie2_to_pcie3_wrapper_i/pcie2_ip_i/inst/inst/gt_top_i/pipe_wrapper_i/pipe_clock_int.pipe_clock_i/txoutclk_i.txoutclk_i_0
    BUFGCTRL_X0Y20                                                    r  XDMA/inst/xdma_v41_m1_pcie2_to_pcie3_wrapper_i/pcie2_ip_i/inst/inst/gt_top_i/pipe_wrapper_i/pipe_clock_int.pipe_clock_i/txoutclk_i.txoutclk_i/I
    BUFGCTRL_X0Y20       BUFG (Prop_bufg_I_O)         0.077    17.227 r  XDMA/inst/xdma_v41_m1_pcie2_to_pcie3_wrapper_i/pcie2_ip_i/inst/inst/gt_top_i/pipe_wrapper_i/pipe_clock_int.pipe_clock_i/txoutclk_i.txoutclk_i/O
                         net (fo=1, routed)           1.286    18.513    XDMA/inst/xdma_v41_m1_pcie2_to_pcie3_wrapper_i/pcie2_ip_i/inst/inst/gt_top_i/pipe_wrapper_i/pipe_clock_int.pipe_clock_i/refclk
    MMCME2_ADV_X0Y0                                                   r  XDMA/inst/xdma_v41_m1_pcie2_to_pcie3_wrapper_i/pcie2_ip_i/inst/inst/gt_top_i/pipe_wrapper_i/pipe_clock_int.pipe_clock_i/mmcm_i/CLKIN1
    MMCME2_ADV_X0Y0      MMCME2_ADV (Prop_mmcme2_adv_CLKIN1_CLKOUT2)
                                                      0.073    18.586 r  XDMA/inst/xdma_v41_m1_pcie2_to_pcie3_wrapper_i/pcie2_ip_i/inst/inst/gt_top_i/pipe_wrapper_i/pipe_clock_int.pipe_clock_i/mmcm_i/CLKOUT2
                         net (fo=1, routed)           1.357    19.944    XDMA/inst/xdma_v41_m1_pcie2_to_pcie3_wrapper_i/pcie2_ip_i/inst/inst/gt_top_i/pipe_wrapper_i/pipe_clock_int.pipe_clock_i/userclk1
    BUFGCTRL_X0Y0                                                     r  XDMA/inst/xdma_v41_m1_pcie2_to_pcie3_wrapper_i/pcie2_ip_i/inst/inst/gt_top_i/pipe_wrapper_i/pipe_clock_int.pipe_clock_i/userclk1_i1.usrclk1_i1/I
    BUFGCTRL_X0Y0        BUFG (Prop_bufg_I_O)         0.077    20.021 r  XDMA/inst/xdma_v41_m1_pcie2_to_pcie3_wrapper_i/pcie2_ip_i/inst/inst/gt_top_i/pipe_wrapper_i/pipe_clock_int.pipe_clock_i/userclk1_i1.usrclk1_i1/O
                         net (fo=15140, routed)       1.330    21.350    NVP_AUTOINIT/u_sequence/axi_aclk
    SLICE_X58Y48         FDRE                                         r  NVP_AUTOINIT/u_sequence/nack_log_r_reg[1][22]/C
                         clock pessimism              0.309    21.659    
                         clock uncertainty           -0.079    21.580    
    SLICE_X58Y48         FDRE (Setup_fdre_C_CE)      -0.168    21.412    NVP_AUTOINIT/u_sequence/nack_log_r_reg[1][22]
  -------------------------------------------------------------------
                         required time                         21.412    
                         arrival time                         -10.336    
  -------------------------------------------------------------------
                         slack                                 11.076    

Slack (MET) :             11.076ns  (required time - arrival time)
  Source:                 NVP_AUTOINIT/u_sequence/sda_filtered_r_reg/C
                            (rising edge-triggered cell FDSE clocked by userclk1  {rise@0.000ns fall@8.000ns period=16.000ns})
  Destination:            NVP_AUTOINIT/u_sequence/nack_log_r_reg[1][23]/CE
                            (rising edge-triggered cell FDRE clocked by userclk1  {rise@0.000ns fall@8.000ns period=16.000ns})
  Path Group:             userclk1
  Path Type:              Setup (Max at Slow Process Corner)
  Requirement:            16.000ns  (userclk1 rise@16.000ns - userclk1 rise@0.000ns)
  Data Path Delay:        4.703ns  (logic 0.808ns (17.179%)  route 3.895ns (82.821%))
  Logic Levels:           2  (LUT4=1 LUT5=1)
  Clock Path Skew:        0.026ns (DCD - SCD + CPR)
    Destination Clock Delay (DCD):    5.350ns = ( 21.350 - 16.000 ) 
    Source Clock Delay      (SCD):    5.633ns
    Clock Pessimism Removal (CPR):    0.309ns
  Clock Uncertainty:      0.079ns  ((TSJ^2 + DJ^2)^1/2) / 2 + PE
    Total System Jitter     (TSJ):    0.071ns
    Discrete Jitter          (DJ):    0.141ns
    Phase Error              (PE):    0.000ns

    Location             Delay type                Incr(ns)  Path(ns)    Netlist Resource(s)
  -------------------------------------------------------------------    -------------------
                         (clock userclk1 rise edge)
                                                      0.000     0.000 r  
    GTPE2_CHANNEL_X0Y3   GTPE2_CHANNEL                0.000     0.000 r  XDMA/inst/xdma_v41_m1_pcie2_to_pcie3_wrapper_i/pcie2_ip_i/inst/inst/gt_top_i/pipe_wrapper_i/pipe_lane[0].gt_wrapper_i/gtp_channel.gtpe2_channel_i/TXOUTCLK
                         net (fo=1, routed)           1.209     1.209    XDMA/inst/xdma_v41_m1_pcie2_to_pcie3_wrapper_i/pcie2_ip_i/inst/inst/gt_top_i/pipe_wrapper_i/pipe_clock_int.pipe_clock_i/txoutclk_i.txoutclk_i_0
    BUFGCTRL_X0Y20                                                    r  XDMA/inst/xdma_v41_m1_pcie2_to_pcie3_wrapper_i/pcie2_ip_i/inst/inst/gt_top_i/pipe_wrapper_i/pipe_clock_int.pipe_clock_i/txoutclk_i.txoutclk_i/I
    BUFGCTRL_X0Y20       BUFG (Prop_bufg_I_O)         0.081     1.290 r  XDMA/inst/xdma_v41_m1_pcie2_to_pcie3_wrapper_i/pcie2_ip_i/inst/inst/gt_top_i/pipe_wrapper_i/pipe_clock_int.pipe_clock_i/txoutclk_i.txoutclk_i/O
                         net (fo=1, routed)           1.391     2.681    XDMA/inst/xdma_v41_m1_pcie2_to_pcie3_wrapper_i/pcie2_ip_i/inst/inst/gt_top_i/pipe_wrapper_i/pipe_clock_int.pipe_clock_i/refclk
    MMCME2_ADV_X0Y0                                                   r  XDMA/inst/xdma_v41_m1_pcie2_to_pcie3_wrapper_i/pcie2_ip_i/inst/inst/gt_top_i/pipe_wrapper_i/pipe_clock_int.pipe_clock_i/mmcm_i/CLKIN1
    MMCME2_ADV_X0Y0      MMCME2_ADV (Prop_mmcme2_adv_CLKIN1_CLKOUT2)
                                                      0.077     2.757 r  XDMA/inst/xdma_v41_m1_pcie2_to_pcie3_wrapper_i/pcie2_ip_i/inst/inst/gt_top_i/pipe_wrapper_i/pipe_clock_int.pipe_clock_i/mmcm_i/CLKOUT2
                         net (fo=1, routed)           1.425     4.182    XDMA/inst/xdma_v41_m1_pcie2_to_pcie3_wrapper_i/pcie2_ip_i/inst/inst/gt_top_i/pipe_wrapper_i/pipe_clock_int.pipe_clock_i/userclk1
    BUFGCTRL_X0Y0                                                     r  XDMA/inst/xdma_v41_m1_pcie2_to_pcie3_wrapper_i/pcie2_ip_i/inst/inst/gt_top_i/pipe_wrapper_i/pipe_clock_int.pipe_clock_i/userclk1_i1.usrclk1_i1/I
    BUFGCTRL_X0Y0        BUFG (Prop_bufg_I_O)         0.081     4.263 r  XDMA/inst/xdma_v41_m1_pcie2_to_pcie3_wrapper_i/pcie2_ip_i/inst/inst/gt_top_i/pipe_wrapper_i/pipe_clock_int.pipe_clock_i/userclk1_i1.usrclk1_i1/O
                         net (fo=15140, routed)       1.370     5.633    NVP_AUTOINIT/u_sequence/axi_aclk
    SLICE_X46Y44         FDSE                                         r  NVP_AUTOINIT/u_sequence/sda_filtered_r_reg/C
  -------------------------------------------------------------------    -------------------
    SLICE_X46Y44         FDSE (Prop_fdse_C_Q)         0.433     6.066 r  NVP_AUTOINIT/u_sequence/sda_filtered_r_reg/Q
                         net (fo=11, routed)          0.872     6.938    NVP_AUTOINIT/u_sequence/sda_filtered_r
    SLICE_X41Y48                                                      r  NVP_AUTOINIT/u_sequence/nack_log_r[1][49]_i_2/I1
    SLICE_X41Y48         LUT4 (Prop_lut4_I1_O)        0.108     7.046 r  NVP_AUTOINIT/u_sequence/nack_log_r[1][49]_i_2/O
                         net (fo=6, routed)           0.669     7.715    NVP_AUTOINIT/u_sequence/nack_log_r[1][49]_i_2_n_0
    SLICE_X42Y48                                                      r  NVP_AUTOINIT/u_sequence/nack_log_r[1][49]_i_1/I4
    SLICE_X42Y48         LUT5 (Prop_lut5_I4_O)        0.267     7.982 r  NVP_AUTOINIT/u_sequence/nack_log_r[1][49]_i_1/O
                         net (fo=45, routed)          2.354    10.336    NVP_AUTOINIT/u_sequence/nack_log_r[1][49]_i_1_n_0
    SLICE_X58Y48         FDRE                                         r  NVP_AUTOINIT/u_sequence/nack_log_r_reg[1][23]/CE
  -------------------------------------------------------------------    -------------------

                         (clock userclk1 rise edge)
                                                     16.000    16.000 r  
    GTPE2_CHANNEL_X0Y3   GTPE2_CHANNEL                0.000    16.000 r  XDMA/inst/xdma_v41_m1_pcie2_to_pcie3_wrapper_i/pcie2_ip_i/inst/inst/gt_top_i/pipe_wrapper_i/pipe_lane[0].gt_wrapper_i/gtp_channel.gtpe2_channel_i/TXOUTCLK
                         net (fo=1, routed)           1.150    17.150    XDMA/inst/xdma_v41_m1_pcie2_to_pcie3_wrapper_i/pcie2_ip_i/inst/inst/gt_top_i/pipe_wrapper_i/pipe_clock_int.pipe_clock_i/txoutclk_i.txoutclk_i_0
    BUFGCTRL_X0Y20                                                    r  XDMA/inst/xdma_v41_m1_pcie2_to_pcie3_wrapper_i/pcie2_ip_i/inst/inst/gt_top_i/pipe_wrapper_i/pipe_clock_int.pipe_clock_i/txoutclk_i.txoutclk_i/I
    BUFGCTRL_X0Y20       BUFG (Prop_bufg_I_O)         0.077    17.227 r  XDMA/inst/xdma_v41_m1_pcie2_to_pcie3_wrapper_i/pcie2_ip_i/inst/inst/gt_top_i/pipe_wrapper_i/pipe_clock_int.pipe_clock_i/txoutclk_i.txoutclk_i/O
                         net (fo=1, routed)           1.286    18.513    XDMA/inst/xdma_v41_m1_pcie2_to_pcie3_wrapper_i/pcie2_ip_i/inst/inst/gt_top_i/pipe_wrapper_i/pipe_clock_int.pipe_clock_i/refclk
    MMCME2_ADV_X0Y0                                                   r  XDMA/inst/xdma_v41_m1_pcie2_to_pcie3_wrapper_i/pcie2_ip_i/inst/inst/gt_top_i/pipe_wrapper_i/pipe_clock_int.pipe_clock_i/mmcm_i/CLKIN1
    MMCME2_ADV_X0Y0      MMCME2_ADV (Prop_mmcme2_adv_CLKIN1_CLKOUT2)
                                                      0.073    18.586 r  XDMA/inst/xdma_v41_m1_pcie2_to_pcie3_wrapper_i/pcie2_ip_i/inst/inst/gt_top_i/pipe_wrapper_i/pipe_clock_int.pipe_clock_i/mmcm_i/CLKOUT2
                         net (fo=1, routed)           1.357    19.944    XDMA/inst/xdma_v41_m1_pcie2_to_pcie3_wrapper_i/pcie2_ip_i/inst/inst/gt_top_i/pipe_wrapper_i/pipe_clock_int.pipe_clock_i/userclk1
    BUFGCTRL_X0Y0                                                     r  XDMA/inst/xdma_v41_m1_pcie2_to_pcie3_wrapper_i/pcie2_ip_i/inst/inst/gt_top_i/pipe_wrapper_i/pipe_clock_int.pipe_clock_i/userclk1_i1.usrclk1_i1/I
    BUFGCTRL_X0Y0        BUFG (Prop_bufg_I_O)         0.077    20.021 r  XDMA/inst/xdma_v41_m1_pcie2_to_pcie3_wrapper_i/pcie2_ip_i/inst/inst/gt_top_i/pipe_wrapper_i/pipe_clock_int.pipe_clock_i/userclk1_i1.usrclk1_i1/O
                         net (fo=15140, routed)       1.330    21.350    NVP_AUTOINIT/u_sequence/axi_aclk
    SLICE_X58Y48         FDRE                                         r  NVP_AUTOINIT/u_sequence/nack_log_r_reg[1][23]/C
                         clock pessimism              0.309    21.659    
                         clock uncertainty           -0.079    21.580    
    SLICE_X58Y48         FDRE (Setup_fdre_C_CE)      -0.168    21.412    NVP_AUTOINIT/u_sequence/nack_log_r_reg[1][23]
  -------------------------------------------------------------------
                         required time                         21.412    
                         arrival time                         -10.336    
  -------------------------------------------------------------------
                         slack                                 11.076    

Slack (MET) :             11.090ns  (required time - arrival time)
  Source:                 NVP_AUTOINIT/u_sequence/sda_filtered_r_reg/C
                            (rising edge-triggered cell FDSE clocked by userclk1  {rise@0.000ns fall@8.000ns period=16.000ns})
  Destination:            NVP_AUTOINIT/u_sequence/nack_log_r_reg[4][10]/CE
                            (rising edge-triggered cell FDRE clocked by userclk1  {rise@0.000ns fall@8.000ns period=16.000ns})
  Path Group:             userclk1
  Path Type:              Setup (Max at Slow Process Corner)
  Requirement:            16.000ns  (userclk1 rise@16.000ns - userclk1 rise@0.000ns)
  Data Path Delay:        4.454ns  (logic 0.819ns (18.388%)  route 3.635ns (81.612%))
  Logic Levels:           2  (LUT4=1 LUT5=1)
  Clock Path Skew:        -0.031ns (DCD - SCD + CPR)
    Destination Clock Delay (DCD):    5.277ns = ( 21.277 - 16.000 ) 
    Source Clock Delay      (SCD):    5.633ns
    Clock Pessimism Removal (CPR):    0.325ns
  Clock Uncertainty:      0.079ns  ((TSJ^2 + DJ^2)^1/2) / 2 + PE
    Total System Jitter     (TSJ):    0.071ns
    Discrete Jitter          (DJ):    0.141ns
    Phase Error              (PE):    0.000ns

    Location             Delay type                Incr(ns)  Path(ns)    Netlist Resource(s)
  -------------------------------------------------------------------    -------------------
                         (clock userclk1 rise edge)
                                                      0.000     0.000 r  
    GTPE2_CHANNEL_X0Y3   GTPE2_CHANNEL                0.000     0.000 r  XDMA/inst/xdma_v41_m1_pcie2_to_pcie3_wrapper_i/pcie2_ip_i/inst/inst/gt_top_i/pipe_wrapper_i/pipe_lane[0].gt_wrapper_i/gtp_channel.gtpe2_channel_i/TXOUTCLK
                         net (fo=1, routed)           1.209     1.209    XDMA/inst/xdma_v41_m1_pcie2_to_pcie3_wrapper_i/pcie2_ip_i/inst/inst/gt_top_i/pipe_wrapper_i/pipe_clock_int.pipe_clock_i/txoutclk_i.txoutclk_i_0
    BUFGCTRL_X0Y20                                                    r  XDMA/inst/xdma_v41_m1_pcie2_to_pcie3_wrapper_i/pcie2_ip_i/inst/inst/gt_top_i/pipe_wrapper_i/pipe_clock_int.pipe_clock_i/txoutclk_i.txoutclk_i/I
    BUFGCTRL_X0Y20       BUFG (Prop_bufg_I_O)         0.081     1.290 r  XDMA/inst/xdma_v41_m1_pcie2_to_pcie3_wrapper_i/pcie2_ip_i/inst/inst/gt_top_i/pipe_wrapper_i/pipe_clock_int.pipe_clock_i/txoutclk_i.txoutclk_i/O
                         net (fo=1, routed)           1.391     2.681    XDMA/inst/xdma_v41_m1_pcie2_to_pcie3_wrapper_i/pcie2_ip_i/inst/inst/gt_top_i/pipe_wrapper_i/pipe_clock_int.pipe_clock_i/refclk
    MMCME2_ADV_X0Y0                                                   r  XDMA/inst/xdma_v41_m1_pcie2_to_pcie3_wrapper_i/pcie2_ip_i/inst/inst/gt_top_i/pipe_wrapper_i/pipe_clock_int.pipe_clock_i/mmcm_i/CLKIN1
    MMCME2_ADV_X0Y0      MMCME2_ADV (Prop_mmcme2_adv_CLKIN1_CLKOUT2)
                                                      0.077     2.757 r  XDMA/inst/xdma_v41_m1_pcie2_to_pcie3_wrapper_i/pcie2_ip_i/inst/inst/gt_top_i/pipe_wrapper_i/pipe_clock_int.pipe_clock_i/mmcm_i/CLKOUT2
                         net (fo=1, routed)           1.425     4.182    XDMA/inst/xdma_v41_m1_pcie2_to_pcie3_wrapper_i/pcie2_ip_i/inst/inst/gt_top_i/pipe_wrapper_i/pipe_clock_int.pipe_clock_i/userclk1
    BUFGCTRL_X0Y0                                                     r  XDMA/inst/xdma_v41_m1_pcie2_to_pcie3_wrapper_i/pcie2_ip_i/inst/inst/gt_top_i/pipe_wrapper_i/pipe_clock_int.pipe_clock_i/userclk1_i1.usrclk1_i1/I
    BUFGCTRL_X0Y0        BUFG (Prop_bufg_I_O)         0.081     4.263 r  XDMA/inst/xdma_v41_m1_pcie2_to_pcie3_wrapper_i/pcie2_ip_i/inst/inst/gt_top_i/pipe_wrapper_i/pipe_clock_int.pipe_clock_i/userclk1_i1.usrclk1_i1/O
                         net (fo=15140, routed)       1.370     5.633    NVP_AUTOINIT/u_sequence/axi_aclk
    SLICE_X46Y44         FDSE                                         r  NVP_AUTOINIT/u_sequence/sda_filtered_r_reg/C
  -------------------------------------------------------------------    -------------------
    SLICE_X46Y44         FDSE (Prop_fdse_C_Q)         0.433     6.066 r  NVP_AUTOINIT/u_sequence/sda_filtered_r_reg/Q
                         net (fo=11, routed)          0.872     6.938    NVP_AUTOINIT/u_sequence/sda_filtered_r
    SLICE_X41Y48                                                      r  NVP_AUTOINIT/u_sequence/nack_log_r[1][49]_i_2/I1
    SLICE_X41Y48         LUT4 (Prop_lut4_I1_O)        0.108     7.046 r  NVP_AUTOINIT/u_sequence/nack_log_r[1][49]_i_2/O
                         net (fo=6, routed)           0.669     7.715    NVP_AUTOINIT/u_sequence/nack_log_r[1][49]_i_2_n_0
    SLICE_X42Y48                                                      r  NVP_AUTOINIT/u_sequence/nack_log_r[4][49]_i_1/I2
    SLICE_X42Y48         LUT5 (Prop_lut5_I2_O)        0.278     7.993 r  NVP_AUTOINIT/u_sequence/nack_log_r[4][49]_i_1/O
                         net (fo=45, routed)          2.094    10.087    NVP_AUTOINIT/u_sequence/nack_log_r[4][49]_i_1_n_0
    SLICE_X45Y37         FDRE                                         r  NVP_AUTOINIT/u_sequence/nack_log_r_reg[4][10]/CE
  -------------------------------------------------------------------    -------------------

                         (clock userclk1 rise edge)
                                                     16.000    16.000 r  
    GTPE2_CHANNEL_X0Y3   GTPE2_CHANNEL                0.000    16.000 r  XDMA/inst/xdma_v41_m1_pcie2_to_pcie3_wrapper_i/pcie2_ip_i/inst/inst/gt_top_i/pipe_wrapper_i/pipe_lane[0].gt_wrapper_i/gtp_channel.gtpe2_channel_i/TXOUTCLK
                         net (fo=1, routed)           1.150    17.150    XDMA/inst/xdma_v41_m1_pcie2_to_pcie3_wrapper_i/pcie2_ip_i/inst/inst/gt_top_i/pipe_wrapper_i/pipe_clock_int.pipe_clock_i/txoutclk_i.txoutclk_i_0
    BUFGCTRL_X0Y20                                                    r  XDMA/inst/xdma_v41_m1_pcie2_to_pcie3_wrapper_i/pcie2_ip_i/inst/inst/gt_top_i/pipe_wrapper_i/pipe_clock_int.pipe_clock_i/txoutclk_i.txoutclk_i/I
    BUFGCTRL_X0Y20       BUFG (Prop_bufg_I_O)         0.077    17.227 r  XDMA/inst/xdma_v41_m1_pcie2_to_pcie3_wrapper_i/pcie2_ip_i/inst/inst/gt_top_i/pipe_wrapper_i/pipe_clock_int.pipe_clock_i/txoutclk_i.txoutclk_i/O
                         net (fo=1, routed)           1.286    18.513    XDMA/inst/xdma_v41_m1_pcie2_to_pcie3_wrapper_i/pcie2_ip_i/inst/inst/gt_top_i/pipe_wrapper_i/pipe_clock_int.pipe_clock_i/refclk
    MMCME2_ADV_X0Y0                                                   r  XDMA/inst/xdma_v41_m1_pcie2_to_pcie3_wrapper_i/pcie2_ip_i/inst/inst/gt_top_i/pipe_wrapper_i/pipe_clock_int.pipe_clock_i/mmcm_i/CLKIN1
    MMCME2_ADV_X0Y0      MMCME2_ADV (Prop_mmcme2_adv_CLKIN1_CLKOUT2)
                                                      0.073    18.586 r  XDMA/inst/xdma_v41_m1_pcie2_to_pcie3_wrapper_i/pcie2_ip_i/inst/inst/gt_top_i/pipe_wrapper_i/pipe_clock_int.pipe_clock_i/mmcm_i/CLKOUT2
                         net (fo=1, routed)           1.357    19.944    XDMA/inst/xdma_v41_m1_pcie2_to_pcie3_wrapper_i/pcie2_ip_i/inst/inst/gt_top_i/pipe_wrapper_i/pipe_clock_int.pipe_clock_i/userclk1
    BUFGCTRL_X0Y0                                                     r  XDMA/inst/xdma_v41_m1_pcie2_to_pcie3_wrapper_i/pcie2_ip_i/inst/inst/gt_top_i/pipe_wrapper_i/pipe_clock_int.pipe_clock_i/userclk1_i1.usrclk1_i1/I
    BUFGCTRL_X0Y0        BUFG (Prop_bufg_I_O)         0.077    20.021 r  XDMA/inst/xdma_v41_m1_pcie2_to_pcie3_wrapper_i/pcie2_ip_i/inst/inst/gt_top_i/pipe_wrapper_i/pipe_clock_int.pipe_clock_i/userclk1_i1.usrclk1_i1/O
                         net (fo=15140, routed)       1.257    21.277    NVP_AUTOINIT/u_sequence/axi_aclk
    SLICE_X45Y37         FDRE                                         r  NVP_AUTOINIT/u_sequence/nack_log_r_reg[4][10]/C
                         clock pessimism              0.325    21.602    
                         clock uncertainty           -0.079    21.523    
    SLICE_X45Y37         FDRE (Setup_fdre_C_CE)      -0.346    21.177    NVP_AUTOINIT/u_sequence/nack_log_r_reg[4][10]
  -------------------------------------------------------------------
                         required time                         21.177    
                         arrival time                         -10.087    
  -------------------------------------------------------------------
                         slack                                 11.090    

Slack (MET) :             11.090ns  (required time - arrival time)
  Source:                 NVP_AUTOINIT/u_sequence/sda_filtered_r_reg/C
                            (rising edge-triggered cell FDSE clocked by userclk1  {rise@0.000ns fall@8.000ns period=16.000ns})
  Destination:            NVP_AUTOINIT/u_sequence/nack_log_r_reg[4][7]/CE
                            (rising edge-triggered cell FDRE clocked by userclk1  {rise@0.000ns fall@8.000ns period=16.000ns})
  Path Group:             userclk1
  Path Type:              Setup (Max at Slow Process Corner)
  Requirement:            16.000ns  (userclk1 rise@16.000ns - userclk1 rise@0.000ns)
  Data Path Delay:        4.454ns  (logic 0.819ns (18.388%)  route 3.635ns (81.612%))
  Logic Levels:           2  (LUT4=1 LUT5=1)
  Clock Path Skew:        -0.031ns (DCD - SCD + CPR)
    Destination Clock Delay (DCD):    5.277ns = ( 21.277 - 16.000 ) 
    Source Clock Delay      (SCD):    5.633ns
    Clock Pessimism Removal (CPR):    0.325ns
  Clock Uncertainty:      0.079ns  ((TSJ^2 + DJ^2)^1/2) / 2 + PE
    Total System Jitter     (TSJ):    0.071ns
    Discrete Jitter          (DJ):    0.141ns
    Phase Error              (PE):    0.000ns

    Location             Delay type                Incr(ns)  Path(ns)    Netlist Resource(s)
  -------------------------------------------------------------------    -------------------
                         (clock userclk1 rise edge)
                                                      0.000     0.000 r  
    GTPE2_CHANNEL_X0Y3   GTPE2_CHANNEL                0.000     0.000 r  XDMA/inst/xdma_v41_m1_pcie2_to_pcie3_wrapper_i/pcie2_ip_i/inst/inst/gt_top_i/pipe_wrapper_i/pipe_lane[0].gt_wrapper_i/gtp_channel.gtpe2_channel_i/TXOUTCLK
                         net (fo=1, routed)           1.209     1.209    XDMA/inst/xdma_v41_m1_pcie2_to_pcie3_wrapper_i/pcie2_ip_i/inst/inst/gt_top_i/pipe_wrapper_i/pipe_clock_int.pipe_clock_i/txoutclk_i.txoutclk_i_0
    BUFGCTRL_X0Y20                                                    r  XDMA/inst/xdma_v41_m1_pcie2_to_pcie3_wrapper_i/pcie2_ip_i/inst/inst/gt_top_i/pipe_wrapper_i/pipe_clock_int.pipe_clock_i/txoutclk_i.txoutclk_i/I
    BUFGCTRL_X0Y20       BUFG (Prop_bufg_I_O)         0.081     1.290 r  XDMA/inst/xdma_v41_m1_pcie2_to_pcie3_wrapper_i/pcie2_ip_i/inst/inst/gt_top_i/pipe_wrapper_i/pipe_clock_int.pipe_clock_i/txoutclk_i.txoutclk_i/O
                         net (fo=1, routed)           1.391     2.681    XDMA/inst/xdma_v41_m1_pcie2_to_pcie3_wrapper_i/pcie2_ip_i/inst/inst/gt_top_i/pipe_wrapper_i/pipe_clock_int.pipe_clock_i/refclk
    MMCME2_ADV_X0Y0                                                   r  XDMA/inst/xdma_v41_m1_pcie2_to_pcie3_wrapper_i/pcie2_ip_i/inst/inst/gt_top_i/pipe_wrapper_i/pipe_clock_int.pipe_clock_i/mmcm_i/CLKIN1
    MMCME2_ADV_X0Y0      MMCME2_ADV (Prop_mmcme2_adv_CLKIN1_CLKOUT2)
                                                      0.077     2.757 r  XDMA/inst/xdma_v41_m1_pcie2_to_pcie3_wrapper_i/pcie2_ip_i/inst/inst/gt_top_i/pipe_wrapper_i/pipe_clock_int.pipe_clock_i/mmcm_i/CLKOUT2
                         net (fo=1, routed)           1.425     4.182    XDMA/inst/xdma_v41_m1_pcie2_to_pcie3_wrapper_i/pcie2_ip_i/inst/inst/gt_top_i/pipe_wrapper_i/pipe_clock_int.pipe_clock_i/userclk1
    BUFGCTRL_X0Y0                                                     r  XDMA/inst/xdma_v41_m1_pcie2_to_pcie3_wrapper_i/pcie2_ip_i/inst/inst/gt_top_i/pipe_wrapper_i/pipe_clock_int.pipe_clock_i/userclk1_i1.usrclk1_i1/I
    BUFGCTRL_X0Y0        BUFG (Prop_bufg_I_O)         0.081     4.263 r  XDMA/inst/xdma_v41_m1_pcie2_to_pcie3_wrapper_i/pcie2_ip_i/inst/inst/gt_top_i/pipe_wrapper_i/pipe_clock_int.pipe_clock_i/userclk1_i1.usrclk1_i1/O
                         net (fo=15140, routed)       1.370     5.633    NVP_AUTOINIT/u_sequence/axi_aclk
    SLICE_X46Y44         FDSE                                         r  NVP_AUTOINIT/u_sequence/sda_filtered_r_reg/C
  -------------------------------------------------------------------    -------------------
    SLICE_X46Y44         FDSE (Prop_fdse_C_Q)         0.433     6.066 r  NVP_AUTOINIT/u_sequence/sda_filtered_r_reg/Q
                         net (fo=11, routed)          0.872     6.938    NVP_AUTOINIT/u_sequence/sda_filtered_r
    SLICE_X41Y48                                                      r  NVP_AUTOINIT/u_sequence/nack_log_r[1][49]_i_2/I1
    SLICE_X41Y48         LUT4 (Prop_lut4_I1_O)        0.108     7.046 r  NVP_AUTOINIT/u_sequence/nack_log_r[1][49]_i_2/O
                         net (fo=6, routed)           0.669     7.715    NVP_AUTOINIT/u_sequence/nack_log_r[1][49]_i_2_n_0
    SLICE_X42Y48                                                      r  NVP_AUTOINIT/u_sequence/nack_log_r[4][49]_i_1/I2
    SLICE_X42Y48         LUT5 (Prop_lut5_I2_O)        0.278     7.993 r  NVP_AUTOINIT/u_sequence/nack_log_r[4][49]_i_1/O
                         net (fo=45, routed)          2.094    10.087    NVP_AUTOINIT/u_sequence/nack_log_r[4][49]_i_1_n_0
    SLICE_X45Y37         FDRE                                         r  NVP_AUTOINIT/u_sequence/nack_log_r_reg[4][7]/CE
  -------------------------------------------------------------------    -------------------

                         (clock userclk1 rise edge)
                                                     16.000    16.000 r  
    GTPE2_CHANNEL_X0Y3   GTPE2_CHANNEL                0.000    16.000 r  XDMA/inst/xdma_v41_m1_pcie2_to_pcie3_wrapper_i/pcie2_ip_i/inst/inst/gt_top_i/pipe_wrapper_i/pipe_lane[0].gt_wrapper_i/gtp_channel.gtpe2_channel_i/TXOUTCLK
                         net (fo=1, routed)           1.150    17.150    XDMA/inst/xdma_v41_m1_pcie2_to_pcie3_wrapper_i/pcie2_ip_i/inst/inst/gt_top_i/pipe_wrapper_i/pipe_clock_int.pipe_clock_i/txoutclk_i.txoutclk_i_0
    BUFGCTRL_X0Y20                                                    r  XDMA/inst/xdma_v41_m1_pcie2_to_pcie3_wrapper_i/pcie2_ip_i/inst/inst/gt_top_i/pipe_wrapper_i/pipe_clock_int.pipe_clock_i/txoutclk_i.txoutclk_i/I
    BUFGCTRL_X0Y20       BUFG (Prop_bufg_I_O)         0.077    17.227 r  XDMA/inst/xdma_v41_m1_pcie2_to_pcie3_wrapper_i/pcie2_ip_i/inst/inst/gt_top_i/pipe_wrapper_i/pipe_clock_int.pipe_clock_i/txoutclk_i.txoutclk_i/O
                         net (fo=1, routed)           1.286    18.513    XDMA/inst/xdma_v41_m1_pcie2_to_pcie3_wrapper_i/pcie2_ip_i/inst/inst/gt_top_i/pipe_wrapper_i/pipe_clock_int.pipe_clock_i/refclk
    MMCME2_ADV_X0Y0                                                   r  XDMA/inst/xdma_v41_m1_pcie2_to_pcie3_wrapper_i/pcie2_ip_i/inst/inst/gt_top_i/pipe_wrapper_i/pipe_clock_int.pipe_clock_i/mmcm_i/CLKIN1
    MMCME2_ADV_X0Y0      MMCME2_ADV (Prop_mmcme2_adv_CLKIN1_CLKOUT2)
                                                      0.073    18.586 r  XDMA/inst/xdma_v41_m1_pcie2_to_pcie3_wrapper_i/pcie2_ip_i/inst/inst/gt_top_i/pipe_wrapper_i/pipe_clock_int.pipe_clock_i/mmcm_i/CLKOUT2
                         net (fo=1, routed)           1.357    19.944    XDMA/inst/xdma_v41_m1_pcie2_to_pcie3_wrapper_i/pcie2_ip_i/inst/inst/gt_top_i/pipe_wrapper_i/pipe_clock_int.pipe_clock_i/userclk1
    BUFGCTRL_X0Y0                                                     r  XDMA/inst/xdma_v41_m1_pcie2_to_pcie3_wrapper_i/pcie2_ip_i/inst/inst/gt_top_i/pipe_wrapper_i/pipe_clock_int.pipe_clock_i/userclk1_i1.usrclk1_i1/I
    BUFGCTRL_X0Y0        BUFG (Prop_bufg_I_O)         0.077    20.021 r  XDMA/inst/xdma_v41_m1_pcie2_to_pcie3_wrapper_i/pcie2_ip_i/inst/inst/gt_top_i/pipe_wrapper_i/pipe_clock_int.pipe_clock_i/userclk1_i1.usrclk1_i1/O
                         net (fo=15140, routed)       1.257    21.277    NVP_AUTOINIT/u_sequence/axi_aclk
    SLICE_X45Y37         FDRE                                         r  NVP_AUTOINIT/u_sequence/nack_log_r_reg[4][7]/C
                         clock pessimism              0.325    21.602    
                         clock uncertainty           -0.079    21.523    
    SLICE_X45Y37         FDRE (Setup_fdre_C_CE)      -0.346    21.177    NVP_AUTOINIT/u_sequence/nack_log_r_reg[4][7]
  -------------------------------------------------------------------
                         required time                         21.177    
                         arrival time                         -10.087    
  -------------------------------------------------------------------
                         slack                                 11.090    

Slack (MET) :             11.177ns  (required time - arrival time)
  Source:                 NVP_AUTOINIT/u_sequence/sda_filtered_r_reg/C
                            (rising edge-triggered cell FDSE clocked by userclk1  {rise@0.000ns fall@8.000ns period=16.000ns})
  Destination:            NVP_AUTOINIT/u_sequence/nack_log_r_reg[1][27]/CE
                            (rising edge-triggered cell FDRE clocked by userclk1  {rise@0.000ns fall@8.000ns period=16.000ns})
  Path Group:             userclk1
  Path Type:              Setup (Max at Slow Process Corner)
  Requirement:            16.000ns  (userclk1 rise@16.000ns - userclk1 rise@0.000ns)
  Data Path Delay:        4.602ns  (logic 0.808ns (17.558%)  route 3.794ns (82.442%))
  Logic Levels:           2  (LUT4=1 LUT5=1)
  Clock Path Skew:        0.026ns (DCD - SCD + CPR)
    Destination Clock Delay (DCD):    5.350ns = ( 21.350 - 16.000 ) 
    Source Clock Delay      (SCD):    5.633ns
    Clock Pessimism Removal (CPR):    0.309ns
  Clock Uncertainty:      0.079ns  ((TSJ^2 + DJ^2)^1/2) / 2 + PE
    Total System Jitter     (TSJ):    0.071ns
    Discrete Jitter          (DJ):    0.141ns
    Phase Error              (PE):    0.000ns

    Location             Delay type                Incr(ns)  Path(ns)    Netlist Resource(s)
  -------------------------------------------------------------------    -------------------
                         (clock userclk1 rise edge)
                                                      0.000     0.000 r  
    GTPE2_CHANNEL_X0Y3   GTPE2_CHANNEL                0.000     0.000 r  XDMA/inst/xdma_v41_m1_pcie2_to_pcie3_wrapper_i/pcie2_ip_i/inst/inst/gt_top_i/pipe_wrapper_i/pipe_lane[0].gt_wrapper_i/gtp_channel.gtpe2_channel_i/TXOUTCLK
                         net (fo=1, routed)           1.209     1.209    XDMA/inst/xdma_v41_m1_pcie2_to_pcie3_wrapper_i/pcie2_ip_i/inst/inst/gt_top_i/pipe_wrapper_i/pipe_clock_int.pipe_clock_i/txoutclk_i.txoutclk_i_0
    BUFGCTRL_X0Y20                                                    r  XDMA/inst/xdma_v41_m1_pcie2_to_pcie3_wrapper_i/pcie2_ip_i/inst/inst/gt_top_i/pipe_wrapper_i/pipe_clock_int.pipe_clock_i/txoutclk_i.txoutclk_i/I
    BUFGCTRL_X0Y20       BUFG (Prop_bufg_I_O)         0.081     1.290 r  XDMA/inst/xdma_v41_m1_pcie2_to_pcie3_wrapper_i/pcie2_ip_i/inst/inst/gt_top_i/pipe_wrapper_i/pipe_clock_int.pipe_clock_i/txoutclk_i.txoutclk_i/O
                         net (fo=1, routed)           1.391     2.681    XDMA/inst/xdma_v41_m1_pcie2_to_pcie3_wrapper_i/pcie2_ip_i/inst/inst/gt_top_i/pipe_wrapper_i/pipe_clock_int.pipe_clock_i/refclk
    MMCME2_ADV_X0Y0                                                   r  XDMA/inst/xdma_v41_m1_pcie2_to_pcie3_wrapper_i/pcie2_ip_i/inst/inst/gt_top_i/pipe_wrapper_i/pipe_clock_int.pipe_clock_i/mmcm_i/CLKIN1
    MMCME2_ADV_X0Y0      MMCME2_ADV (Prop_mmcme2_adv_CLKIN1_CLKOUT2)
                                                      0.077     2.757 r  XDMA/inst/xdma_v41_m1_pcie2_to_pcie3_wrapper_i/pcie2_ip_i/inst/inst/gt_top_i/pipe_wrapper_i/pipe_clock_int.pipe_clock_i/mmcm_i/CLKOUT2
                         net (fo=1, routed)           1.425     4.182    XDMA/inst/xdma_v41_m1_pcie2_to_pcie3_wrapper_i/pcie2_ip_i/inst/inst/gt_top_i/pipe_wrapper_i/pipe_clock_int.pipe_clock_i/userclk1
    BUFGCTRL_X0Y0                                                     r  XDMA/inst/xdma_v41_m1_pcie2_to_pcie3_wrapper_i/pcie2_ip_i/inst/inst/gt_top_i/pipe_wrapper_i/pipe_clock_int.pipe_clock_i/userclk1_i1.usrclk1_i1/I
    BUFGCTRL_X0Y0        BUFG (Prop_bufg_I_O)         0.081     4.263 r  XDMA/inst/xdma_v41_m1_pcie2_to_pcie3_wrapper_i/pcie2_ip_i/inst/inst/gt_top_i/pipe_wrapper_i/pipe_clock_int.pipe_clock_i/userclk1_i1.usrclk1_i1/O
                         net (fo=15140, routed)       1.370     5.633    NVP_AUTOINIT/u_sequence/axi_aclk
    SLICE_X46Y44         FDSE                                         r  NVP_AUTOINIT/u_sequence/sda_filtered_r_reg/C
  -------------------------------------------------------------------    -------------------
    SLICE_X46Y44         FDSE (Prop_fdse_C_Q)         0.433     6.066 r  NVP_AUTOINIT/u_sequence/sda_filtered_r_reg/Q
                         net (fo=11, routed)          0.872     6.938    NVP_AUTOINIT/u_sequence/sda_filtered_r
    SLICE_X41Y48                                                      r  NVP_AUTOINIT/u_sequence/nack_log_r[1][49]_i_2/I1
    SLICE_X41Y48         LUT4 (Prop_lut4_I1_O)        0.108     7.046 r  NVP_AUTOINIT/u_sequence/nack_log_r[1][49]_i_2/O
                         net (fo=6, routed)           0.669     7.715    NVP_AUTOINIT/u_sequence/nack_log_r[1][49]_i_2_n_0
    SLICE_X42Y48                                                      r  NVP_AUTOINIT/u_sequence/nack_log_r[1][49]_i_1/I4
    SLICE_X42Y48         LUT5 (Prop_lut5_I4_O)        0.267     7.982 r  NVP_AUTOINIT/u_sequence/nack_log_r[1][49]_i_1/O
                         net (fo=45, routed)          2.253    10.235    NVP_AUTOINIT/u_sequence/nack_log_r[1][49]_i_1_n_0
    SLICE_X59Y43         FDRE                                         r  NVP_AUTOINIT/u_sequence/nack_log_r_reg[1][27]/CE
  -------------------------------------------------------------------    -------------------

                         (clock userclk1 rise edge)
                                                     16.000    16.000 r  
    GTPE2_CHANNEL_X0Y3   GTPE2_CHANNEL                0.000    16.000 r  XDMA/inst/xdma_v41_m1_pcie2_to_pcie3_wrapper_i/pcie2_ip_i/inst/inst/gt_top_i/pipe_wrapper_i/pipe_lane[0].gt_wrapper_i/gtp_channel.gtpe2_channel_i/TXOUTCLK
                         net (fo=1, routed)           1.150    17.150    XDMA/inst/xdma_v41_m1_pcie2_to_pcie3_wrapper_i/pcie2_ip_i/inst/inst/gt_top_i/pipe_wrapper_i/pipe_clock_int.pipe_clock_i/txoutclk_i.txoutclk_i_0
    BUFGCTRL_X0Y20                                                    r  XDMA/inst/xdma_v41_m1_pcie2_to_pcie3_wrapper_i/pcie2_ip_i/inst/inst/gt_top_i/pipe_wrapper_i/pipe_clock_int.pipe_clock_i/txoutclk_i.txoutclk_i/I
    BUFGCTRL_X0Y20       BUFG (Prop_bufg_I_O)         0.077    17.227 r  XDMA/inst/xdma_v41_m1_pcie2_to_pcie3_wrapper_i/pcie2_ip_i/inst/inst/gt_top_i/pipe_wrapper_i/pipe_clock_int.pipe_clock_i/txoutclk_i.txoutclk_i/O
                         net (fo=1, routed)           1.286    18.513    XDMA/inst/xdma_v41_m1_pcie2_to_pcie3_wrapper_i/pcie2_ip_i/inst/inst/gt_top_i/pipe_wrapper_i/pipe_clock_int.pipe_clock_i/refclk
    MMCME2_ADV_X0Y0                                                   r  XDMA/inst/xdma_v41_m1_pcie2_to_pcie3_wrapper_i/pcie2_ip_i/inst/inst/gt_top_i/pipe_wrapper_i/pipe_clock_int.pipe_clock_i/mmcm_i/CLKIN1
    MMCME2_ADV_X0Y0      MMCME2_ADV (Prop_mmcme2_adv_CLKIN1_CLKOUT2)
                                                      0.073    18.586 r  XDMA/inst/xdma_v41_m1_pcie2_to_pcie3_wrapper_i/pcie2_ip_i/inst/inst/gt_top_i/pipe_wrapper_i/pipe_clock_int.pipe_clock_i/mmcm_i/CLKOUT2
                         net (fo=1, routed)           1.357    19.944    XDMA/inst/xdma_v41_m1_pcie2_to_pcie3_wrapper_i/pcie2_ip_i/inst/inst/gt_top_i/pipe_wrapper_i/pipe_clock_int.pipe_clock_i/userclk1
    BUFGCTRL_X0Y0                                                     r  XDMA/inst/xdma_v41_m1_pcie2_to_pcie3_wrapper_i/pcie2_ip_i/inst/inst/gt_top_i/pipe_wrapper_i/pipe_clock_int.pipe_clock_i/userclk1_i1.usrclk1_i1/I
    BUFGCTRL_X0Y0        BUFG (Prop_bufg_I_O)         0.077    20.021 r  XDMA/inst/xdma_v41_m1_pcie2_to_pcie3_wrapper_i/pcie2_ip_i/inst/inst/gt_top_i/pipe_wrapper_i/pipe_clock_int.pipe_clock_i/userclk1_i1.usrclk1_i1/O
                         net (fo=15140, routed)       1.330    21.350    NVP_AUTOINIT/u_sequence/axi_aclk
    SLICE_X59Y43         FDRE                                         r  NVP_AUTOINIT/u_sequence/nack_log_r_reg[1][27]/C
                         clock pessimism              0.309    21.659    
                         clock uncertainty           -0.079    21.580    
    SLICE_X59Y43         FDRE (Setup_fdre_C_CE)      -0.168    21.412    NVP_AUTOINIT/u_sequence/nack_log_r_reg[1][27]
  -------------------------------------------------------------------
                         required time                         21.412    
                         arrival time                         -10.235    
  -------------------------------------------------------------------
                         slack                                 11.177    

Slack (MET) :             11.177ns  (required time - arrival time)
  Source:                 NVP_AUTOINIT/u_sequence/sda_filtered_r_reg/C
                            (rising edge-triggered cell FDSE clocked by userclk1  {rise@0.000ns fall@8.000ns period=16.000ns})
  Destination:            NVP_AUTOINIT/u_sequence/nack_log_r_reg[1][28]/CE
                            (rising edge-triggered cell FDRE clocked by userclk1  {rise@0.000ns fall@8.000ns period=16.000ns})
  Path Group:             userclk1
  Path Type:              Setup (Max at Slow Process Corner)
  Requirement:            16.000ns  (userclk1 rise@16.000ns - userclk1 rise@0.000ns)
  Data Path Delay:        4.602ns  (logic 0.808ns (17.558%)  route 3.794ns (82.442%))
  Logic Levels:           2  (LUT4=1 LUT5=1)
  Clock Path Skew:        0.026ns (DCD - SCD + CPR)
    Destination Clock Delay (DCD):    5.350ns = ( 21.350 - 16.000 ) 
    Source Clock Delay      (SCD):    5.633ns
    Clock Pessimism Removal (CPR):    0.309ns
  Clock Uncertainty:      0.079ns  ((TSJ^2 + DJ^2)^1/2) / 2 + PE
    Total System Jitter     (TSJ):    0.071ns
    Discrete Jitter          (DJ):    0.141ns
    Phase Error              (PE):    0.000ns

    Location             Delay type                Incr(ns)  Path(ns)    Netlist Resource(s)
  -------------------------------------------------------------------    -------------------
                         (clock userclk1 rise edge)
                                                      0.000     0.000 r  
    GTPE2_CHANNEL_X0Y3   GTPE2_CHANNEL                0.000     0.000 r  XDMA/inst/xdma_v41_m1_pcie2_to_pcie3_wrapper_i/pcie2_ip_i/inst/inst/gt_top_i/pipe_wrapper_i/pipe_lane[0].gt_wrapper_i/gtp_channel.gtpe2_channel_i/TXOUTCLK
                         net (fo=1, routed)           1.209     1.209    XDMA/inst/xdma_v41_m1_pcie2_to_pcie3_wrapper_i/pcie2_ip_i/inst/inst/gt_top_i/pipe_wrapper_i/pipe_clock_int.pipe_clock_i/txoutclk_i.txoutclk_i_0
    BUFGCTRL_X0Y20                                                    r  XDMA/inst/xdma_v41_m1_pcie2_to_pcie3_wrapper_i/pcie2_ip_i/inst/inst/gt_top_i/pipe_wrapper_i/pipe_clock_int.pipe_clock_i/txoutclk_i.txoutclk_i/I
    BUFGCTRL_X0Y20       BUFG (Prop_bufg_I_O)         0.081     1.290 r  XDMA/inst/xdma_v41_m1_pcie2_to_pcie3_wrapper_i/pcie2_ip_i/inst/inst/gt_top_i/pipe_wrapper_i/pipe_clock_int.pipe_clock_i/txoutclk_i.txoutclk_i/O
                         net (fo=1, routed)           1.391     2.681    XDMA/inst/xdma_v41_m1_pcie2_to_pcie3_wrapper_i/pcie2_ip_i/inst/inst/gt_top_i/pipe_wrapper_i/pipe_clock_int.pipe_clock_i/refclk
    MMCME2_ADV_X0Y0                                                   r  XDMA/inst/xdma_v41_m1_pcie2_to_pcie3_wrapper_i/pcie2_ip_i/inst/inst/gt_top_i/pipe_wrapper_i/pipe_clock_int.pipe_clock_i/mmcm_i/CLKIN1
    MMCME2_ADV_X0Y0      MMCME2_ADV (Prop_mmcme2_adv_CLKIN1_CLKOUT2)
                                                      0.077     2.757 r  XDMA/inst/xdma_v41_m1_pcie2_to_pcie3_wrapper_i/pcie2_ip_i/inst/inst/gt_top_i/pipe_wrapper_i/pipe_clock_int.pipe_clock_i/mmcm_i/CLKOUT2
                         net (fo=1, routed)           1.425     4.182    XDMA/inst/xdma_v41_m1_pcie2_to_pcie3_wrapper_i/pcie2_ip_i/inst/inst/gt_top_i/pipe_wrapper_i/pipe_clock_int.pipe_clock_i/userclk1
    BUFGCTRL_X0Y0                                                     r  XDMA/inst/xdma_v41_m1_pcie2_to_pcie3_wrapper_i/pcie2_ip_i/inst/inst/gt_top_i/pipe_wrapper_i/pipe_clock_int.pipe_clock_i/userclk1_i1.usrclk1_i1/I
    BUFGCTRL_X0Y0        BUFG (Prop_bufg_I_O)         0.081     4.263 r  XDMA/inst/xdma_v41_m1_pcie2_to_pcie3_wrapper_i/pcie2_ip_i/inst/inst/gt_top_i/pipe_wrapper_i/pipe_clock_int.pipe_clock_i/userclk1_i1.usrclk1_i1/O
                         net (fo=15140, routed)       1.370     5.633    NVP_AUTOINIT/u_sequence/axi_aclk
    SLICE_X46Y44         FDSE                                         r  NVP_AUTOINIT/u_sequence/sda_filtered_r_reg/C
  -------------------------------------------------------------------    -------------------
    SLICE_X46Y44         FDSE (Prop_fdse_C_Q)         0.433     6.066 r  NVP_AUTOINIT/u_sequence/sda_filtered_r_reg/Q
                         net (fo=11, routed)          0.872     6.938    NVP_AUTOINIT/u_sequence/sda_filtered_r
    SLICE_X41Y48                                                      r  NVP_AUTOINIT/u_sequence/nack_log_r[1][49]_i_2/I1
    SLICE_X41Y48         LUT4 (Prop_lut4_I1_O)        0.108     7.046 r  NVP_AUTOINIT/u_sequence/nack_log_r[1][49]_i_2/O
                         net (fo=6, routed)           0.669     7.715    NVP_AUTOINIT/u_sequence/nack_log_r[1][49]_i_2_n_0
    SLICE_X42Y48                                                      r  NVP_AUTOINIT/u_sequence/nack_log_r[1][49]_i_1/I4
    SLICE_X42Y48         LUT5 (Prop_lut5_I4_O)        0.267     7.982 r  NVP_AUTOINIT/u_sequence/nack_log_r[1][49]_i_1/O
                         net (fo=45, routed)          2.253    10.235    NVP_AUTOINIT/u_sequence/nack_log_r[1][49]_i_1_n_0
    SLICE_X59Y43         FDRE                                         r  NVP_AUTOINIT/u_sequence/nack_log_r_reg[1][28]/CE
  -------------------------------------------------------------------    -------------------

                         (clock userclk1 rise edge)
                                                     16.000    16.000 r  
    GTPE2_CHANNEL_X0Y3   GTPE2_CHANNEL                0.000    16.000 r  XDMA/inst/xdma_v41_m1_pcie2_to_pcie3_wrapper_i/pcie2_ip_i/inst/inst/gt_top_i/pipe_wrapper_i/pipe_lane[0].gt_wrapper_i/gtp_channel.gtpe2_channel_i/TXOUTCLK
                         net (fo=1, routed)           1.150    17.150    XDMA/inst/xdma_v41_m1_pcie2_to_pcie3_wrapper_i/pcie2_ip_i/inst/inst/gt_top_i/pipe_wrapper_i/pipe_clock_int.pipe_clock_i/txoutclk_i.txoutclk_i_0
    BUFGCTRL_X0Y20                                                    r  XDMA/inst/xdma_v41_m1_pcie2_to_pcie3_wrapper_i/pcie2_ip_i/inst/inst/gt_top_i/pipe_wrapper_i/pipe_clock_int.pipe_clock_i/txoutclk_i.txoutclk_i/I
    BUFGCTRL_X0Y20       BUFG (Prop_bufg_I_O)         0.077    17.227 r  XDMA/inst/xdma_v41_m1_pcie2_to_pcie3_wrapper_i/pcie2_ip_i/inst/inst/gt_top_i/pipe_wrapper_i/pipe_clock_int.pipe_clock_i/txoutclk_i.txoutclk_i/O
                         net (fo=1, routed)           1.286    18.513    XDMA/inst/xdma_v41_m1_pcie2_to_pcie3_wrapper_i/pcie2_ip_i/inst/inst/gt_top_i/pipe_wrapper_i/pipe_clock_int.pipe_clock_i/refclk
    MMCME2_ADV_X0Y0                                                   r  XDMA/inst/xdma_v41_m1_pcie2_to_pcie3_wrapper_i/pcie2_ip_i/inst/inst/gt_top_i/pipe_wrapper_i/pipe_clock_int.pipe_clock_i/mmcm_i/CLKIN1
    MMCME2_ADV_X0Y0      MMCME2_ADV (Prop_mmcme2_adv_CLKIN1_CLKOUT2)
                                                      0.073    18.586 r  XDMA/inst/xdma_v41_m1_pcie2_to_pcie3_wrapper_i/pcie2_ip_i/inst/inst/gt_top_i/pipe_wrapper_i/pipe_clock_int.pipe_clock_i/mmcm_i/CLKOUT2
                         net (fo=1, routed)           1.357    19.944    XDMA/inst/xdma_v41_m1_pcie2_to_pcie3_wrapper_i/pcie2_ip_i/inst/inst/gt_top_i/pipe_wrapper_i/pipe_clock_int.pipe_clock_i/userclk1
    BUFGCTRL_X0Y0                                                     r  XDMA/inst/xdma_v41_m1_pcie2_to_pcie3_wrapper_i/pcie2_ip_i/inst/inst/gt_top_i/pipe_wrapper_i/pipe_clock_int.pipe_clock_i/userclk1_i1.usrclk1_i1/I
    BUFGCTRL_X0Y0        BUFG (Prop_bufg_I_O)         0.077    20.021 r  XDMA/inst/xdma_v41_m1_pcie2_to_pcie3_wrapper_i/pcie2_ip_i/inst/inst/gt_top_i/pipe_wrapper_i/pipe_clock_int.pipe_clock_i/userclk1_i1.usrclk1_i1/O
                         net (fo=15140, routed)       1.330    21.350    NVP_AUTOINIT/u_sequence/axi_aclk
    SLICE_X59Y43         FDRE                                         r  NVP_AUTOINIT/u_sequence/nack_log_r_reg[1][28]/C
                         clock pessimism              0.309    21.659    
                         clock uncertainty           -0.079    21.580    
    SLICE_X59Y43         FDRE (Setup_fdre_C_CE)      -0.168    21.412    NVP_AUTOINIT/u_sequence/nack_log_r_reg[1][28]
  -------------------------------------------------------------------
                         required time                         21.412    
                         arrival time                         -10.235    
  -------------------------------------------------------------------
                         slack                                 11.177    

Slack (MET) :             11.179ns  (required time - arrival time)
  Source:                 NVP_AUTOINIT/u_sequence/sda_filtered_r_reg/C
                            (rising edge-triggered cell FDSE clocked by userclk1  {rise@0.000ns fall@8.000ns period=16.000ns})
  Destination:            NVP_AUTOINIT/u_sequence/nack_log_r_reg[2][24]/CE
                            (rising edge-triggered cell FDRE clocked by userclk1  {rise@0.000ns fall@8.000ns period=16.000ns})
  Path Group:             userclk1
  Path Type:              Setup (Max at Slow Process Corner)
  Requirement:            16.000ns  (userclk1 rise@16.000ns - userclk1 rise@0.000ns)
  Data Path Delay:        4.600ns  (logic 0.808ns (17.566%)  route 3.792ns (82.434%))
  Logic Levels:           2  (LUT4=1 LUT5=1)
  Clock Path Skew:        0.026ns (DCD - SCD + CPR)
    Destination Clock Delay (DCD):    5.350ns = ( 21.350 - 16.000 ) 
    Source Clock Delay      (SCD):    5.633ns
    Clock Pessimism Removal (CPR):    0.309ns
  Clock Uncertainty:      0.079ns  ((TSJ^2 + DJ^2)^1/2) / 2 + PE
    Total System Jitter     (TSJ):    0.071ns
    Discrete Jitter          (DJ):    0.141ns
    Phase Error              (PE):    0.000ns

    Location             Delay type                Incr(ns)  Path(ns)    Netlist Resource(s)
  -------------------------------------------------------------------    -------------------
                         (clock userclk1 rise edge)
                                                      0.000     0.000 r  
    GTPE2_CHANNEL_X0Y3   GTPE2_CHANNEL                0.000     0.000 r  XDMA/inst/xdma_v41_m1_pcie2_to_pcie3_wrapper_i/pcie2_ip_i/inst/inst/gt_top_i/pipe_wrapper_i/pipe_lane[0].gt_wrapper_i/gtp_channel.gtpe2_channel_i/TXOUTCLK
                         net (fo=1, routed)           1.209     1.209    XDMA/inst/xdma_v41_m1_pcie2_to_pcie3_wrapper_i/pcie2_ip_i/inst/inst/gt_top_i/pipe_wrapper_i/pipe_clock_int.pipe_clock_i/txoutclk_i.txoutclk_i_0
    BUFGCTRL_X0Y20                                                    r  XDMA/inst/xdma_v41_m1_pcie2_to_pcie3_wrapper_i/pcie2_ip_i/inst/inst/gt_top_i/pipe_wrapper_i/pipe_clock_int.pipe_clock_i/txoutclk_i.txoutclk_i/I
    BUFGCTRL_X0Y20       BUFG (Prop_bufg_I_O)         0.081     1.290 r  XDMA/inst/xdma_v41_m1_pcie2_to_pcie3_wrapper_i/pcie2_ip_i/inst/inst/gt_top_i/pipe_wrapper_i/pipe_clock_int.pipe_clock_i/txoutclk_i.txoutclk_i/O
                         net (fo=1, routed)           1.391     2.681    XDMA/inst/xdma_v41_m1_pcie2_to_pcie3_wrapper_i/pcie2_ip_i/inst/inst/gt_top_i/pipe_wrapper_i/pipe_clock_int.pipe_clock_i/refclk
    MMCME2_ADV_X0Y0                                                   r  XDMA/inst/xdma_v41_m1_pcie2_to_pcie3_wrapper_i/pcie2_ip_i/inst/inst/gt_top_i/pipe_wrapper_i/pipe_clock_int.pipe_clock_i/mmcm_i/CLKIN1
    MMCME2_ADV_X0Y0      MMCME2_ADV (Prop_mmcme2_adv_CLKIN1_CLKOUT2)
                                                      0.077     2.757 r  XDMA/inst/xdma_v41_m1_pcie2_to_pcie3_wrapper_i/pcie2_ip_i/inst/inst/gt_top_i/pipe_wrapper_i/pipe_clock_int.pipe_clock_i/mmcm_i/CLKOUT2
                         net (fo=1, routed)           1.425     4.182    XDMA/inst/xdma_v41_m1_pcie2_to_pcie3_wrapper_i/pcie2_ip_i/inst/inst/gt_top_i/pipe_wrapper_i/pipe_clock_int.pipe_clock_i/userclk1
    BUFGCTRL_X0Y0                                                     r  XDMA/inst/xdma_v41_m1_pcie2_to_pcie3_wrapper_i/pcie2_ip_i/inst/inst/gt_top_i/pipe_wrapper_i/pipe_clock_int.pipe_clock_i/userclk1_i1.usrclk1_i1/I
    BUFGCTRL_X0Y0        BUFG (Prop_bufg_I_O)         0.081     4.263 r  XDMA/inst/xdma_v41_m1_pcie2_to_pcie3_wrapper_i/pcie2_ip_i/inst/inst/gt_top_i/pipe_wrapper_i/pipe_clock_int.pipe_clock_i/userclk1_i1.usrclk1_i1/O
                         net (fo=15140, routed)       1.370     5.633    NVP_AUTOINIT/u_sequence/axi_aclk
    SLICE_X46Y44         FDSE                                         r  NVP_AUTOINIT/u_sequence/sda_filtered_r_reg/C
  -------------------------------------------------------------------    -------------------
    SLICE_X46Y44         FDSE (Prop_fdse_C_Q)         0.433     6.066 r  NVP_AUTOINIT/u_sequence/sda_filtered_r_reg/Q
                         net (fo=11, routed)          0.872     6.938    NVP_AUTOINIT/u_sequence/sda_filtered_r
    SLICE_X41Y48                                                      r  NVP_AUTOINIT/u_sequence/nack_log_r[1][49]_i_2/I1
    SLICE_X41Y48         LUT4 (Prop_lut4_I1_O)        0.108     7.046 r  NVP_AUTOINIT/u_sequence/nack_log_r[1][49]_i_2/O
                         net (fo=6, routed)           0.503     7.549    NVP_AUTOINIT/u_sequence/nack_log_r[1][49]_i_2_n_0
    SLICE_X42Y47                                                      r  NVP_AUTOINIT/u_sequence/nack_log_r[2][49]_i_1/I4
    SLICE_X42Y47         LUT5 (Prop_lut5_I4_O)        0.267     7.816 r  NVP_AUTOINIT/u_sequence/nack_log_r[2][49]_i_1/O
                         net (fo=45, routed)          2.416    10.233    NVP_AUTOINIT/u_sequence/nack_log_r[2][49]_i_1_n_0
    SLICE_X58Y45         FDRE                                         r  NVP_AUTOINIT/u_sequence/nack_log_r_reg[2][24]/CE
  -------------------------------------------------------------------    -------------------

                         (clock userclk1 rise edge)
                                                     16.000    16.000 r  
    GTPE2_CHANNEL_X0Y3   GTPE2_CHANNEL                0.000    16.000 r  XDMA/inst/xdma_v41_m1_pcie2_to_pcie3_wrapper_i/pcie2_ip_i/inst/inst/gt_top_i/pipe_wrapper_i/pipe_lane[0].gt_wrapper_i/gtp_channel.gtpe2_channel_i/TXOUTCLK
                         net (fo=1, routed)           1.150    17.150    XDMA/inst/xdma_v41_m1_pcie2_to_pcie3_wrapper_i/pcie2_ip_i/inst/inst/gt_top_i/pipe_wrapper_i/pipe_clock_int.pipe_clock_i/txoutclk_i.txoutclk_i_0
    BUFGCTRL_X0Y20                                                    r  XDMA/inst/xdma_v41_m1_pcie2_to_pcie3_wrapper_i/pcie2_ip_i/inst/inst/gt_top_i/pipe_wrapper_i/pipe_clock_int.pipe_clock_i/txoutclk_i.txoutclk_i/I
    BUFGCTRL_X0Y20       BUFG (Prop_bufg_I_O)         0.077    17.227 r  XDMA/inst/xdma_v41_m1_pcie2_to_pcie3_wrapper_i/pcie2_ip_i/inst/inst/gt_top_i/pipe_wrapper_i/pipe_clock_int.pipe_clock_i/txoutclk_i.txoutclk_i/O
                         net (fo=1, routed)           1.286    18.513    XDMA/inst/xdma_v41_m1_pcie2_to_pcie3_wrapper_i/pcie2_ip_i/inst/inst/gt_top_i/pipe_wrapper_i/pipe_clock_int.pipe_clock_i/refclk
    MMCME2_ADV_X0Y0                                                   r  XDMA/inst/xdma_v41_m1_pcie2_to_pcie3_wrapper_i/pcie2_ip_i/inst/inst/gt_top_i/pipe_wrapper_i/pipe_clock_int.pipe_clock_i/mmcm_i/CLKIN1
    MMCME2_ADV_X0Y0      MMCME2_ADV (Prop_mmcme2_adv_CLKIN1_CLKOUT2)
                                                      0.073    18.586 r  XDMA/inst/xdma_v41_m1_pcie2_to_pcie3_wrapper_i/pcie2_ip_i/inst/inst/gt_top_i/pipe_wrapper_i/pipe_clock_int.pipe_clock_i/mmcm_i/CLKOUT2
                         net (fo=1, routed)           1.357    19.944    XDMA/inst/xdma_v41_m1_pcie2_to_pcie3_wrapper_i/pcie2_ip_i/inst/inst/gt_top_i/pipe_wrapper_i/pipe_clock_int.pipe_clock_i/userclk1
    BUFGCTRL_X0Y0                                                     r  XDMA/inst/xdma_v41_m1_pcie2_to_pcie3_wrapper_i/pcie2_ip_i/inst/inst/gt_top_i/pipe_wrapper_i/pipe_clock_int.pipe_clock_i/userclk1_i1.usrclk1_i1/I
    BUFGCTRL_X0Y0        BUFG (Prop_bufg_I_O)         0.077    20.021 r  XDMA/inst/xdma_v41_m1_pcie2_to_pcie3_wrapper_i/pcie2_ip_i/inst/inst/gt_top_i/pipe_wrapper_i/pipe_clock_int.pipe_clock_i/userclk1_i1.usrclk1_i1/O
                         net (fo=15140, routed)       1.330    21.350    NVP_AUTOINIT/u_sequence/axi_aclk
    SLICE_X58Y45         FDRE                                         r  NVP_AUTOINIT/u_sequence/nack_log_r_reg[2][24]/C
                         clock pessimism              0.309    21.659    
                         clock uncertainty           -0.079    21.580    
    SLICE_X58Y45         FDRE (Setup_fdre_C_CE)      -0.168    21.412    NVP_AUTOINIT/u_sequence/nack_log_r_reg[2][24]
  -------------------------------------------------------------------
                         required time                         21.412    
                         arrival time                         -10.233    
  -------------------------------------------------------------------
                         slack                                 11.179    

Slack (MET) :             11.179ns  (required time - arrival time)
  Source:                 NVP_AUTOINIT/u_sequence/sda_filtered_r_reg/C
                            (rising edge-triggered cell FDSE clocked by userclk1  {rise@0.000ns fall@8.000ns period=16.000ns})
  Destination:            NVP_AUTOINIT/u_sequence/nack_log_r_reg[2][30]/CE
                            (rising edge-triggered cell FDRE clocked by userclk1  {rise@0.000ns fall@8.000ns period=16.000ns})
  Path Group:             userclk1
  Path Type:              Setup (Max at Slow Process Corner)
  Requirement:            16.000ns  (userclk1 rise@16.000ns - userclk1 rise@0.000ns)
  Data Path Delay:        4.600ns  (logic 0.808ns (17.566%)  route 3.792ns (82.434%))
  Logic Levels:           2  (LUT4=1 LUT5=1)
  Clock Path Skew:        0.026ns (DCD - SCD + CPR)
    Destination Clock Delay (DCD):    5.350ns = ( 21.350 - 16.000 ) 
    Source Clock Delay      (SCD):    5.633ns
    Clock Pessimism Removal (CPR):    0.309ns
  Clock Uncertainty:      0.079ns  ((TSJ^2 + DJ^2)^1/2) / 2 + PE
    Total System Jitter     (TSJ):    0.071ns
    Discrete Jitter          (DJ):    0.141ns
    Phase Error              (PE):    0.000ns

    Location             Delay type                Incr(ns)  Path(ns)    Netlist Resource(s)
  -------------------------------------------------------------------    -------------------
                         (clock userclk1 rise edge)
                                                      0.000     0.000 r  
    GTPE2_CHANNEL_X0Y3   GTPE2_CHANNEL                0.000     0.000 r  XDMA/inst/xdma_v41_m1_pcie2_to_pcie3_wrapper_i/pcie2_ip_i/inst/inst/gt_top_i/pipe_wrapper_i/pipe_lane[0].gt_wrapper_i/gtp_channel.gtpe2_channel_i/TXOUTCLK
                         net (fo=1, routed)           1.209     1.209    XDMA/inst/xdma_v41_m1_pcie2_to_pcie3_wrapper_i/pcie2_ip_i/inst/inst/gt_top_i/pipe_wrapper_i/pipe_clock_int.pipe_clock_i/txoutclk_i.txoutclk_i_0
    BUFGCTRL_X0Y20                                                    r  XDMA/inst/xdma_v41_m1_pcie2_to_pcie3_wrapper_i/pcie2_ip_i/inst/inst/gt_top_i/pipe_wrapper_i/pipe_clock_int.pipe_clock_i/txoutclk_i.txoutclk_i/I
    BUFGCTRL_X0Y20       BUFG (Prop_bufg_I_O)         0.081     1.290 r  XDMA/inst/xdma_v41_m1_pcie2_to_pcie3_wrapper_i/pcie2_ip_i/inst/inst/gt_top_i/pipe_wrapper_i/pipe_clock_int.pipe_clock_i/txoutclk_i.txoutclk_i/O
                         net (fo=1, routed)           1.391     2.681    XDMA/inst/xdma_v41_m1_pcie2_to_pcie3_wrapper_i/pcie2_ip_i/inst/inst/gt_top_i/pipe_wrapper_i/pipe_clock_int.pipe_clock_i/refclk
    MMCME2_ADV_X0Y0                                                   r  XDMA/inst/xdma_v41_m1_pcie2_to_pcie3_wrapper_i/pcie2_ip_i/inst/inst/gt_top_i/pipe_wrapper_i/pipe_clock_int.pipe_clock_i/mmcm_i/CLKIN1
    MMCME2_ADV_X0Y0      MMCME2_ADV (Prop_mmcme2_adv_CLKIN1_CLKOUT2)
                                                      0.077     2.757 r  XDMA/inst/xdma_v41_m1_pcie2_to_pcie3_wrapper_i/pcie2_ip_i/inst/inst/gt_top_i/pipe_wrapper_i/pipe_clock_int.pipe_clock_i/mmcm_i/CLKOUT2
                         net (fo=1, routed)           1.425     4.182    XDMA/inst/xdma_v41_m1_pcie2_to_pcie3_wrapper_i/pcie2_ip_i/inst/inst/gt_top_i/pipe_wrapper_i/pipe_clock_int.pipe_clock_i/userclk1
    BUFGCTRL_X0Y0                                                     r  XDMA/inst/xdma_v41_m1_pcie2_to_pcie3_wrapper_i/pcie2_ip_i/inst/inst/gt_top_i/pipe_wrapper_i/pipe_clock_int.pipe_clock_i/userclk1_i1.usrclk1_i1/I
    BUFGCTRL_X0Y0        BUFG (Prop_bufg_I_O)         0.081     4.263 r  XDMA/inst/xdma_v41_m1_pcie2_to_pcie3_wrapper_i/pcie2_ip_i/inst/inst/gt_top_i/pipe_wrapper_i/pipe_clock_int.pipe_clock_i/userclk1_i1.usrclk1_i1/O
                         net (fo=15140, routed)       1.370     5.633    NVP_AUTOINIT/u_sequence/axi_aclk
    SLICE_X46Y44         FDSE                                         r  NVP_AUTOINIT/u_sequence/sda_filtered_r_reg/C
  -------------------------------------------------------------------    -------------------
    SLICE_X46Y44         FDSE (Prop_fdse_C_Q)         0.433     6.066 r  NVP_AUTOINIT/u_sequence/sda_filtered_r_reg/Q
                         net (fo=11, routed)          0.872     6.938    NVP_AUTOINIT/u_sequence/sda_filtered_r
    SLICE_X41Y48                                                      r  NVP_AUTOINIT/u_sequence/nack_log_r[1][49]_i_2/I1
    SLICE_X41Y48         LUT4 (Prop_lut4_I1_O)        0.108     7.046 r  NVP_AUTOINIT/u_sequence/nack_log_r[1][49]_i_2/O
                         net (fo=6, routed)           0.503     7.549    NVP_AUTOINIT/u_sequence/nack_log_r[1][49]_i_2_n_0
    SLICE_X42Y47                                                      r  NVP_AUTOINIT/u_sequence/nack_log_r[2][49]_i_1/I4
    SLICE_X42Y47         LUT5 (Prop_lut5_I4_O)        0.267     7.816 r  NVP_AUTOINIT/u_sequence/nack_log_r[2][49]_i_1/O
                         net (fo=45, routed)          2.416    10.233    NVP_AUTOINIT/u_sequence/nack_log_r[2][49]_i_1_n_0
    SLICE_X58Y45         FDRE                                         r  NVP_AUTOINIT/u_sequence/nack_log_r_reg[2][30]/CE
  -------------------------------------------------------------------    -------------------

                         (clock userclk1 rise edge)
                                                     16.000    16.000 r  
    GTPE2_CHANNEL_X0Y3   GTPE2_CHANNEL                0.000    16.000 r  XDMA/inst/xdma_v41_m1_pcie2_to_pcie3_wrapper_i/pcie2_ip_i/inst/inst/gt_top_i/pipe_wrapper_i/pipe_lane[0].gt_wrapper_i/gtp_channel.gtpe2_channel_i/TXOUTCLK
                         net (fo=1, routed)           1.150    17.150    XDMA/inst/xdma_v41_m1_pcie2_to_pcie3_wrapper_i/pcie2_ip_i/inst/inst/gt_top_i/pipe_wrapper_i/pipe_clock_int.pipe_clock_i/txoutclk_i.txoutclk_i_0
    BUFGCTRL_X0Y20                                                    r  XDMA/inst/xdma_v41_m1_pcie2_to_pcie3_wrapper_i/pcie2_ip_i/inst/inst/gt_top_i/pipe_wrapper_i/pipe_clock_int.pipe_clock_i/txoutclk_i.txoutclk_i/I
    BUFGCTRL_X0Y20       BUFG (Prop_bufg_I_O)         0.077    17.227 r  XDMA/inst/xdma_v41_m1_pcie2_to_pcie3_wrapper_i/pcie2_ip_i/inst/inst/gt_top_i/pipe_wrapper_i/pipe_clock_int.pipe_clock_i/txoutclk_i.txoutclk_i/O
                         net (fo=1, routed)           1.286    18.513    XDMA/inst/xdma_v41_m1_pcie2_to_pcie3_wrapper_i/pcie2_ip_i/inst/inst/gt_top_i/pipe_wrapper_i/pipe_clock_int.pipe_clock_i/refclk
    MMCME2_ADV_X0Y0                                                   r  XDMA/inst/xdma_v41_m1_pcie2_to_pcie3_wrapper_i/pcie2_ip_i/inst/inst/gt_top_i/pipe_wrapper_i/pipe_clock_int.pipe_clock_i/mmcm_i/CLKIN1
    MMCME2_ADV_X0Y0      MMCME2_ADV (Prop_mmcme2_adv_CLKIN1_CLKOUT2)
                                                      0.073    18.586 r  XDMA/inst/xdma_v41_m1_pcie2_to_pcie3_wrapper_i/pcie2_ip_i/inst/inst/gt_top_i/pipe_wrapper_i/pipe_clock_int.pipe_clock_i/mmcm_i/CLKOUT2
                         net (fo=1, routed)           1.357    19.944    XDMA/inst/xdma_v41_m1_pcie2_to_pcie3_wrapper_i/pcie2_ip_i/inst/inst/gt_top_i/pipe_wrapper_i/pipe_clock_int.pipe_clock_i/userclk1
    BUFGCTRL_X0Y0                                                     r  XDMA/inst/xdma_v41_m1_pcie2_to_pcie3_wrapper_i/pcie2_ip_i/inst/inst/gt_top_i/pipe_wrapper_i/pipe_clock_int.pipe_clock_i/userclk1_i1.usrclk1_i1/I
    BUFGCTRL_X0Y0        BUFG (Prop_bufg_I_O)         0.077    20.021 r  XDMA/inst/xdma_v41_m1_pcie2_to_pcie3_wrapper_i/pcie2_ip_i/inst/inst/gt_top_i/pipe_wrapper_i/pipe_clock_int.pipe_clock_i/userclk1_i1.usrclk1_i1/O
                         net (fo=15140, routed)       1.330    21.350    NVP_AUTOINIT/u_sequence/axi_aclk
    SLICE_X58Y45         FDRE                                         r  NVP_AUTOINIT/u_sequence/nack_log_r_reg[2][30]/C
                         clock pessimism              0.309    21.659    
                         clock uncertainty           -0.079    21.580    
    SLICE_X58Y45         FDRE (Setup_fdre_C_CE)      -0.168    21.412    NVP_AUTOINIT/u_sequence/nack_log_r_reg[2][30]
  -------------------------------------------------------------------
                         required time                         21.412    
                         arrival time                         -10.233    
  -------------------------------------------------------------------
                         slack                                 11.179    

Slack (MET) :             11.193ns  (required time - arrival time)
  Source:                 NVP_AUTOINIT/u_sequence/sda_filtered_r_reg/C
                            (rising edge-triggered cell FDSE clocked by userclk1  {rise@0.000ns fall@8.000ns period=16.000ns})
  Destination:            NVP_AUTOINIT/u_sequence/nack_log_r_reg[3][24]/CE
                            (rising edge-triggered cell FDRE clocked by userclk1  {rise@0.000ns fall@8.000ns period=16.000ns})
  Path Group:             userclk1
  Path Type:              Setup (Max at Slow Process Corner)
  Requirement:            16.000ns  (userclk1 rise@16.000ns - userclk1 rise@0.000ns)
  Data Path Delay:        4.552ns  (logic 0.808ns (17.749%)  route 3.744ns (82.251%))
  Logic Levels:           2  (LUT4=1 LUT5=1)
  Clock Path Skew:        -0.040ns (DCD - SCD + CPR)
    Destination Clock Delay (DCD):    5.284ns = ( 21.284 - 16.000 ) 
    Source Clock Delay      (SCD):    5.633ns
    Clock Pessimism Removal (CPR):    0.309ns
  Clock Uncertainty:      0.079ns  ((TSJ^2 + DJ^2)^1/2) / 2 + PE
    Total System Jitter     (TSJ):    0.071ns
    Discrete Jitter          (DJ):    0.141ns
    Phase Error              (PE):    0.000ns

    Location             Delay type                Incr(ns)  Path(ns)    Netlist Resource(s)
  -------------------------------------------------------------------    -------------------
                         (clock userclk1 rise edge)
                                                      0.000     0.000 r  
    GTPE2_CHANNEL_X0Y3   GTPE2_CHANNEL                0.000     0.000 r  XDMA/inst/xdma_v41_m1_pcie2_to_pcie3_wrapper_i/pcie2_ip_i/inst/inst/gt_top_i/pipe_wrapper_i/pipe_lane[0].gt_wrapper_i/gtp_channel.gtpe2_channel_i/TXOUTCLK
                         net (fo=1, routed)           1.209     1.209    XDMA/inst/xdma_v41_m1_pcie2_to_pcie3_wrapper_i/pcie2_ip_i/inst/inst/gt_top_i/pipe_wrapper_i/pipe_clock_int.pipe_clock_i/txoutclk_i.txoutclk_i_0
    BUFGCTRL_X0Y20                                                    r  XDMA/inst/xdma_v41_m1_pcie2_to_pcie3_wrapper_i/pcie2_ip_i/inst/inst/gt_top_i/pipe_wrapper_i/pipe_clock_int.pipe_clock_i/txoutclk_i.txoutclk_i/I
    BUFGCTRL_X0Y20       BUFG (Prop_bufg_I_O)         0.081     1.290 r  XDMA/inst/xdma_v41_m1_pcie2_to_pcie3_wrapper_i/pcie2_ip_i/inst/inst/gt_top_i/pipe_wrapper_i/pipe_clock_int.pipe_clock_i/txoutclk_i.txoutclk_i/O
                         net (fo=1, routed)           1.391     2.681    XDMA/inst/xdma_v41_m1_pcie2_to_pcie3_wrapper_i/pcie2_ip_i/inst/inst/gt_top_i/pipe_wrapper_i/pipe_clock_int.pipe_clock_i/refclk
    MMCME2_ADV_X0Y0                                                   r  XDMA/inst/xdma_v41_m1_pcie2_to_pcie3_wrapper_i/pcie2_ip_i/inst/inst/gt_top_i/pipe_wrapper_i/pipe_clock_int.pipe_clock_i/mmcm_i/CLKIN1
    MMCME2_ADV_X0Y0      MMCME2_ADV (Prop_mmcme2_adv_CLKIN1_CLKOUT2)
                                                      0.077     2.757 r  XDMA/inst/xdma_v41_m1_pcie2_to_pcie3_wrapper_i/pcie2_ip_i/inst/inst/gt_top_i/pipe_wrapper_i/pipe_clock_int.pipe_clock_i/mmcm_i/CLKOUT2
                         net (fo=1, routed)           1.425     4.182    XDMA/inst/xdma_v41_m1_pcie2_to_pcie3_wrapper_i/pcie2_ip_i/inst/inst/gt_top_i/pipe_wrapper_i/pipe_clock_int.pipe_clock_i/userclk1
    BUFGCTRL_X0Y0                                                     r  XDMA/inst/xdma_v41_m1_pcie2_to_pcie3_wrapper_i/pcie2_ip_i/inst/inst/gt_top_i/pipe_wrapper_i/pipe_clock_int.pipe_clock_i/userclk1_i1.usrclk1_i1/I
    BUFGCTRL_X0Y0        BUFG (Prop_bufg_I_O)         0.081     4.263 r  XDMA/inst/xdma_v41_m1_pcie2_to_pcie3_wrapper_i/pcie2_ip_i/inst/inst/gt_top_i/pipe_wrapper_i/pipe_clock_int.pipe_clock_i/userclk1_i1.usrclk1_i1/O
                         net (fo=15140, routed)       1.370     5.633    NVP_AUTOINIT/u_sequence/axi_aclk
    SLICE_X46Y44         FDSE                                         r  NVP_AUTOINIT/u_sequence/sda_filtered_r_reg/C
  -------------------------------------------------------------------    -------------------
    SLICE_X46Y44         FDSE (Prop_fdse_C_Q)         0.433     6.066 r  NVP_AUTOINIT/u_sequence/sda_filtered_r_reg/Q
                         net (fo=11, routed)          0.872     6.938    NVP_AUTOINIT/u_sequence/sda_filtered_r
    SLICE_X41Y48                                                      r  NVP_AUTOINIT/u_sequence/nack_log_r[1][49]_i_2/I1
    SLICE_X41Y48         LUT4 (Prop_lut4_I1_O)        0.108     7.046 r  NVP_AUTOINIT/u_sequence/nack_log_r[1][49]_i_2/O
                         net (fo=6, routed)           0.699     7.745    NVP_AUTOINIT/u_sequence/nack_log_r[1][49]_i_2_n_0
    SLICE_X42Y47                                                      r  NVP_AUTOINIT/u_sequence/nack_log_r[3][49]_i_1/I4
    SLICE_X42Y47         LUT5 (Prop_lut5_I4_O)        0.267     8.012 r  NVP_AUTOINIT/u_sequence/nack_log_r[3][49]_i_1/O
                         net (fo=45, routed)          2.173    10.185    NVP_AUTOINIT/u_sequence/nack_log_r[3][49]_i_1_n_0
    SLICE_X54Y45         FDRE                                         r  NVP_AUTOINIT/u_sequence/nack_log_r_reg[3][24]/CE
  -------------------------------------------------------------------    -------------------

                         (clock userclk1 rise edge)
                                                     16.000    16.000 r  
    GTPE2_CHANNEL_X0Y3   GTPE2_CHANNEL                0.000    16.000 r  XDMA/inst/xdma_v41_m1_pcie2_to_pcie3_wrapper_i/pcie2_ip_i/inst/inst/gt_top_i/pipe_wrapper_i/pipe_lane[0].gt_wrapper_i/gtp_channel.gtpe2_channel_i/TXOUTCLK
                         net (fo=1, routed)           1.150    17.150    XDMA/inst/xdma_v41_m1_pcie2_to_pcie3_wrapper_i/pcie2_ip_i/inst/inst/gt_top_i/pipe_wrapper_i/pipe_clock_int.pipe_clock_i/txoutclk_i.txoutclk_i_0
    BUFGCTRL_X0Y20                                                    r  XDMA/inst/xdma_v41_m1_pcie2_to_pcie3_wrapper_i/pcie2_ip_i/inst/inst/gt_top_i/pipe_wrapper_i/pipe_clock_int.pipe_clock_i/txoutclk_i.txoutclk_i/I
    BUFGCTRL_X0Y20       BUFG (Prop_bufg_I_O)         0.077    17.227 r  XDMA/inst/xdma_v41_m1_pcie2_to_pcie3_wrapper_i/pcie2_ip_i/inst/inst/gt_top_i/pipe_wrapper_i/pipe_clock_int.pipe_clock_i/txoutclk_i.txoutclk_i/O
                         net (fo=1, routed)           1.286    18.513    XDMA/inst/xdma_v41_m1_pcie2_to_pcie3_wrapper_i/pcie2_ip_i/inst/inst/gt_top_i/pipe_wrapper_i/pipe_clock_int.pipe_clock_i/refclk
    MMCME2_ADV_X0Y0                                                   r  XDMA/inst/xdma_v41_m1_pcie2_to_pcie3_wrapper_i/pcie2_ip_i/inst/inst/gt_top_i/pipe_wrapper_i/pipe_clock_int.pipe_clock_i/mmcm_i/CLKIN1
    MMCME2_ADV_X0Y0      MMCME2_ADV (Prop_mmcme2_adv_CLKIN1_CLKOUT2)
                                                      0.073    18.586 r  XDMA/inst/xdma_v41_m1_pcie2_to_pcie3_wrapper_i/pcie2_ip_i/inst/inst/gt_top_i/pipe_wrapper_i/pipe_clock_int.pipe_clock_i/mmcm_i/CLKOUT2
                         net (fo=1, routed)           1.357    19.944    XDMA/inst/xdma_v41_m1_pcie2_to_pcie3_wrapper_i/pcie2_ip_i/inst/inst/gt_top_i/pipe_wrapper_i/pipe_clock_int.pipe_clock_i/userclk1
    BUFGCTRL_X0Y0                                                     r  XDMA/inst/xdma_v41_m1_pcie2_to_pcie3_wrapper_i/pcie2_ip_i/inst/inst/gt_top_i/pipe_wrapper_i/pipe_clock_int.pipe_clock_i/userclk1_i1.usrclk1_i1/I
    BUFGCTRL_X0Y0        BUFG (Prop_bufg_I_O)         0.077    20.021 r  XDMA/inst/xdma_v41_m1_pcie2_to_pcie3_wrapper_i/pcie2_ip_i/inst/inst/gt_top_i/pipe_wrapper_i/pipe_clock_int.pipe_clock_i/userclk1_i1.usrclk1_i1/O
                         net (fo=15140, routed)       1.264    21.284    NVP_AUTOINIT/u_sequence/axi_aclk
    SLICE_X54Y45         FDRE                                         r  NVP_AUTOINIT/u_sequence/nack_log_r_reg[3][24]/C
                         clock pessimism              0.309    21.593    
                         clock uncertainty           -0.079    21.514    
    SLICE_X54Y45         FDRE (Setup_fdre_C_CE)      -0.136    21.378    NVP_AUTOINIT/u_sequence/nack_log_r_reg[3][24]
  -------------------------------------------------------------------
                         required time                         21.378    
                         arrival time                         -10.185    
  -------------------------------------------------------------------
                         slack                                 11.193    

Slack (MET) :             11.193ns  (required time - arrival time)
  Source:                 NVP_AUTOINIT/u_sequence/sda_filtered_r_reg/C
                            (rising edge-triggered cell FDSE clocked by userclk1  {rise@0.000ns fall@8.000ns period=16.000ns})
  Destination:            NVP_AUTOINIT/u_sequence/nack_log_r_reg[3][30]/CE
                            (rising edge-triggered cell FDRE clocked by userclk1  {rise@0.000ns fall@8.000ns period=16.000ns})
  Path Group:             userclk1
  Path Type:              Setup (Max at Slow Process Corner)
  Requirement:            16.000ns  (userclk1 rise@16.000ns - userclk1 rise@0.000ns)
  Data Path Delay:        4.552ns  (logic 0.808ns (17.749%)  route 3.744ns (82.251%))
  Logic Levels:           2  (LUT4=1 LUT5=1)
  Clock Path Skew:        -0.040ns (DCD - SCD + CPR)
    Destination Clock Delay (DCD):    5.284ns = ( 21.284 - 16.000 ) 
    Source Clock Delay      (SCD):    5.633ns
    Clock Pessimism Removal (CPR):    0.309ns
  Clock Uncertainty:      0.079ns  ((TSJ^2 + DJ^2)^1/2) / 2 + PE
    Total System Jitter     (TSJ):    0.071ns
    Discrete Jitter          (DJ):    0.141ns
    Phase Error              (PE):    0.000ns

    Location             Delay type                Incr(ns)  Path(ns)    Netlist Resource(s)
  -------------------------------------------------------------------    -------------------
                         (clock userclk1 rise edge)
                                                      0.000     0.000 r  
    GTPE2_CHANNEL_X0Y3   GTPE2_CHANNEL                0.000     0.000 r  XDMA/inst/xdma_v41_m1_pcie2_to_pcie3_wrapper_i/pcie2_ip_i/inst/inst/gt_top_i/pipe_wrapper_i/pipe_lane[0].gt_wrapper_i/gtp_channel.gtpe2_channel_i/TXOUTCLK
                         net (fo=1, routed)           1.209     1.209    XDMA/inst/xdma_v41_m1_pcie2_to_pcie3_wrapper_i/pcie2_ip_i/inst/inst/gt_top_i/pipe_wrapper_i/pipe_clock_int.pipe_clock_i/txoutclk_i.txoutclk_i_0
    BUFGCTRL_X0Y20                                                    r  XDMA/inst/xdma_v41_m1_pcie2_to_pcie3_wrapper_i/pcie2_ip_i/inst/inst/gt_top_i/pipe_wrapper_i/pipe_clock_int.pipe_clock_i/txoutclk_i.txoutclk_i/I
    BUFGCTRL_X0Y20       BUFG (Prop_bufg_I_O)         0.081     1.290 r  XDMA/inst/xdma_v41_m1_pcie2_to_pcie3_wrapper_i/pcie2_ip_i/inst/inst/gt_top_i/pipe_wrapper_i/pipe_clock_int.pipe_clock_i/txoutclk_i.txoutclk_i/O
                         net (fo=1, routed)           1.391     2.681    XDMA/inst/xdma_v41_m1_pcie2_to_pcie3_wrapper_i/pcie2_ip_i/inst/inst/gt_top_i/pipe_wrapper_i/pipe_clock_int.pipe_clock_i/refclk
    MMCME2_ADV_X0Y0                                                   r  XDMA/inst/xdma_v41_m1_pcie2_to_pcie3_wrapper_i/pcie2_ip_i/inst/inst/gt_top_i/pipe_wrapper_i/pipe_clock_int.pipe_clock_i/mmcm_i/CLKIN1
    MMCME2_ADV_X0Y0      MMCME2_ADV (Prop_mmcme2_adv_CLKIN1_CLKOUT2)
                                                      0.077     2.757 r  XDMA/inst/xdma_v41_m1_pcie2_to_pcie3_wrapper_i/pcie2_ip_i/inst/inst/gt_top_i/pipe_wrapper_i/pipe_clock_int.pipe_clock_i/mmcm_i/CLKOUT2
                         net (fo=1, routed)           1.425     4.182    XDMA/inst/xdma_v41_m1_pcie2_to_pcie3_wrapper_i/pcie2_ip_i/inst/inst/gt_top_i/pipe_wrapper_i/pipe_clock_int.pipe_clock_i/userclk1
    BUFGCTRL_X0Y0                                                     r  XDMA/inst/xdma_v41_m1_pcie2_to_pcie3_wrapper_i/pcie2_ip_i/inst/inst/gt_top_i/pipe_wrapper_i/pipe_clock_int.pipe_clock_i/userclk1_i1.usrclk1_i1/I
    BUFGCTRL_X0Y0        BUFG (Prop_bufg_I_O)         0.081     4.263 r  XDMA/inst/xdma_v41_m1_pcie2_to_pcie3_wrapper_i/pcie2_ip_i/inst/inst/gt_top_i/pipe_wrapper_i/pipe_clock_int.pipe_clock_i/userclk1_i1.usrclk1_i1/O
                         net (fo=15140, routed)       1.370     5.633    NVP_AUTOINIT/u_sequence/axi_aclk
    SLICE_X46Y44         FDSE                                         r  NVP_AUTOINIT/u_sequence/sda_filtered_r_reg/C
  -------------------------------------------------------------------    -------------------
    SLICE_X46Y44         FDSE (Prop_fdse_C_Q)         0.433     6.066 r  NVP_AUTOINIT/u_sequence/sda_filtered_r_reg/Q
                         net (fo=11, routed)          0.872     6.938    NVP_AUTOINIT/u_sequence/sda_filtered_r
    SLICE_X41Y48                                                      r  NVP_AUTOINIT/u_sequence/nack_log_r[1][49]_i_2/I1
    SLICE_X41Y48         LUT4 (Prop_lut4_I1_O)        0.108     7.046 r  NVP_AUTOINIT/u_sequence/nack_log_r[1][49]_i_2/O
                         net (fo=6, routed)           0.699     7.745    NVP_AUTOINIT/u_sequence/nack_log_r[1][49]_i_2_n_0
    SLICE_X42Y47                                                      r  NVP_AUTOINIT/u_sequence/nack_log_r[3][49]_i_1/I4
    SLICE_X42Y47         LUT5 (Prop_lut5_I4_O)        0.267     8.012 r  NVP_AUTOINIT/u_sequence/nack_log_r[3][49]_i_1/O
                         net (fo=45, routed)          2.173    10.185    NVP_AUTOINIT/u_sequence/nack_log_r[3][49]_i_1_n_0
    SLICE_X54Y45         FDRE                                         r  NVP_AUTOINIT/u_sequence/nack_log_r_reg[3][30]/CE
  -------------------------------------------------------------------    -------------------

                         (clock userclk1 rise edge)
                                                     16.000    16.000 r  
    GTPE2_CHANNEL_X0Y3   GTPE2_CHANNEL                0.000    16.000 r  XDMA/inst/xdma_v41_m1_pcie2_to_pcie3_wrapper_i/pcie2_ip_i/inst/inst/gt_top_i/pipe_wrapper_i/pipe_lane[0].gt_wrapper_i/gtp_channel.gtpe2_channel_i/TXOUTCLK
                         net (fo=1, routed)           1.150    17.150    XDMA/inst/xdma_v41_m1_pcie2_to_pcie3_wrapper_i/pcie2_ip_i/inst/inst/gt_top_i/pipe_wrapper_i/pipe_clock_int.pipe_clock_i/txoutclk_i.txoutclk_i_0
    BUFGCTRL_X0Y20                                                    r  XDMA/inst/xdma_v41_m1_pcie2_to_pcie3_wrapper_i/pcie2_ip_i/inst/inst/gt_top_i/pipe_wrapper_i/pipe_clock_int.pipe_clock_i/txoutclk_i.txoutclk_i/I
    BUFGCTRL_X0Y20       BUFG (Prop_bufg_I_O)         0.077    17.227 r  XDMA/inst/xdma_v41_m1_pcie2_to_pcie3_wrapper_i/pcie2_ip_i/inst/inst/gt_top_i/pipe_wrapper_i/pipe_clock_int.pipe_clock_i/txoutclk_i.txoutclk_i/O
                         net (fo=1, routed)           1.286    18.513    XDMA/inst/xdma_v41_m1_pcie2_to_pcie3_wrapper_i/pcie2_ip_i/inst/inst/gt_top_i/pipe_wrapper_i/pipe_clock_int.pipe_clock_i/refclk
    MMCME2_ADV_X0Y0                                                   r  XDMA/inst/xdma_v41_m1_pcie2_to_pcie3_wrapper_i/pcie2_ip_i/inst/inst/gt_top_i/pipe_wrapper_i/pipe_clock_int.pipe_clock_i/mmcm_i/CLKIN1
    MMCME2_ADV_X0Y0      MMCME2_ADV (Prop_mmcme2_adv_CLKIN1_CLKOUT2)
                                                      0.073    18.586 r  XDMA/inst/xdma_v41_m1_pcie2_to_pcie3_wrapper_i/pcie2_ip_i/inst/inst/gt_top_i/pipe_wrapper_i/pipe_clock_int.pipe_clock_i/mmcm_i/CLKOUT2
                         net (fo=1, routed)           1.357    19.944    XDMA/inst/xdma_v41_m1_pcie2_to_pcie3_wrapper_i/pcie2_ip_i/inst/inst/gt_top_i/pipe_wrapper_i/pipe_clock_int.pipe_clock_i/userclk1
    BUFGCTRL_X0Y0                                                     r  XDMA/inst/xdma_v41_m1_pcie2_to_pcie3_wrapper_i/pcie2_ip_i/inst/inst/gt_top_i/pipe_wrapper_i/pipe_clock_int.pipe_clock_i/userclk1_i1.usrclk1_i1/I
    BUFGCTRL_X0Y0        BUFG (Prop_bufg_I_O)         0.077    20.021 r  XDMA/inst/xdma_v41_m1_pcie2_to_pcie3_wrapper_i/pcie2_ip_i/inst/inst/gt_top_i/pipe_wrapper_i/pipe_clock_int.pipe_clock_i/userclk1_i1.usrclk1_i1/O
                         net (fo=15140, routed)       1.264    21.284    NVP_AUTOINIT/u_sequence/axi_aclk
    SLICE_X54Y45         FDRE                                         r  NVP_AUTOINIT/u_sequence/nack_log_r_reg[3][30]/C
                         clock pessimism              0.309    21.593    
                         clock uncertainty           -0.079    21.514    
    SLICE_X54Y45         FDRE (Setup_fdre_C_CE)      -0.136    21.378    NVP_AUTOINIT/u_sequence/nack_log_r_reg[3][30]
  -------------------------------------------------------------------
                         required time                         21.378    
                         arrival time                         -10.185    
  -------------------------------------------------------------------
                         slack                                 11.193    

Slack (MET) :             11.193ns  (required time - arrival time)
  Source:                 NVP_AUTOINIT/u_sequence/sda_filtered_r_reg/C
                            (rising edge-triggered cell FDSE clocked by userclk1  {rise@0.000ns fall@8.000ns period=16.000ns})
  Destination:            NVP_AUTOINIT/u_sequence/nack_log_r_reg[3][8]/CE
                            (rising edge-triggered cell FDRE clocked by userclk1  {rise@0.000ns fall@8.000ns period=16.000ns})
  Path Group:             userclk1
  Path Type:              Setup (Max at Slow Process Corner)
  Requirement:            16.000ns  (userclk1 rise@16.000ns - userclk1 rise@0.000ns)
  Data Path Delay:        4.552ns  (logic 0.808ns (17.749%)  route 3.744ns (82.251%))
  Logic Levels:           2  (LUT4=1 LUT5=1)
  Clock Path Skew:        -0.040ns (DCD - SCD + CPR)
    Destination Clock Delay (DCD):    5.284ns = ( 21.284 - 16.000 ) 
    Source Clock Delay      (SCD):    5.633ns
    Clock Pessimism Removal (CPR):    0.309ns
  Clock Uncertainty:      0.079ns  ((TSJ^2 + DJ^2)^1/2) / 2 + PE
    Total System Jitter     (TSJ):    0.071ns
    Discrete Jitter          (DJ):    0.141ns
    Phase Error              (PE):    0.000ns

    Location             Delay type                Incr(ns)  Path(ns)    Netlist Resource(s)
  -------------------------------------------------------------------    -------------------
                         (clock userclk1 rise edge)
                                                      0.000     0.000 r  
    GTPE2_CHANNEL_X0Y3   GTPE2_CHANNEL                0.000     0.000 r  XDMA/inst/xdma_v41_m1_pcie2_to_pcie3_wrapper_i/pcie2_ip_i/inst/inst/gt_top_i/pipe_wrapper_i/pipe_lane[0].gt_wrapper_i/gtp_channel.gtpe2_channel_i/TXOUTCLK
                         net (fo=1, routed)           1.209     1.209    XDMA/inst/xdma_v41_m1_pcie2_to_pcie3_wrapper_i/pcie2_ip_i/inst/inst/gt_top_i/pipe_wrapper_i/pipe_clock_int.pipe_clock_i/txoutclk_i.txoutclk_i_0
    BUFGCTRL_X0Y20                                                    r  XDMA/inst/xdma_v41_m1_pcie2_to_pcie3_wrapper_i/pcie2_ip_i/inst/inst/gt_top_i/pipe_wrapper_i/pipe_clock_int.pipe_clock_i/txoutclk_i.txoutclk_i/I
    BUFGCTRL_X0Y20       BUFG (Prop_bufg_I_O)         0.081     1.290 r  XDMA/inst/xdma_v41_m1_pcie2_to_pcie3_wrapper_i/pcie2_ip_i/inst/inst/gt_top_i/pipe_wrapper_i/pipe_clock_int.pipe_clock_i/txoutclk_i.txoutclk_i/O
                         net (fo=1, routed)           1.391     2.681    XDMA/inst/xdma_v41_m1_pcie2_to_pcie3_wrapper_i/pcie2_ip_i/inst/inst/gt_top_i/pipe_wrapper_i/pipe_clock_int.pipe_clock_i/refclk
    MMCME2_ADV_X0Y0                                                   r  XDMA/inst/xdma_v41_m1_pcie2_to_pcie3_wrapper_i/pcie2_ip_i/inst/inst/gt_top_i/pipe_wrapper_i/pipe_clock_int.pipe_clock_i/mmcm_i/CLKIN1
    MMCME2_ADV_X0Y0      MMCME2_ADV (Prop_mmcme2_adv_CLKIN1_CLKOUT2)
                                                      0.077     2.757 r  XDMA/inst/xdma_v41_m1_pcie2_to_pcie3_wrapper_i/pcie2_ip_i/inst/inst/gt_top_i/pipe_wrapper_i/pipe_clock_int.pipe_clock_i/mmcm_i/CLKOUT2
                         net (fo=1, routed)           1.425     4.182    XDMA/inst/xdma_v41_m1_pcie2_to_pcie3_wrapper_i/pcie2_ip_i/inst/inst/gt_top_i/pipe_wrapper_i/pipe_clock_int.pipe_clock_i/userclk1
    BUFGCTRL_X0Y0                                                     r  XDMA/inst/xdma_v41_m1_pcie2_to_pcie3_wrapper_i/pcie2_ip_i/inst/inst/gt_top_i/pipe_wrapper_i/pipe_clock_int.pipe_clock_i/userclk1_i1.usrclk1_i1/I
    BUFGCTRL_X0Y0        BUFG (Prop_bufg_I_O)         0.081     4.263 r  XDMA/inst/xdma_v41_m1_pcie2_to_pcie3_wrapper_i/pcie2_ip_i/inst/inst/gt_top_i/pipe_wrapper_i/pipe_clock_int.pipe_clock_i/userclk1_i1.usrclk1_i1/O
                         net (fo=15140, routed)       1.370     5.633    NVP_AUTOINIT/u_sequence/axi_aclk
    SLICE_X46Y44         FDSE                                         r  NVP_AUTOINIT/u_sequence/sda_filtered_r_reg/C
  -------------------------------------------------------------------    -------------------
    SLICE_X46Y44         FDSE (Prop_fdse_C_Q)         0.433     6.066 r  NVP_AUTOINIT/u_sequence/sda_filtered_r_reg/Q
                         net (fo=11, routed)          0.872     6.938    NVP_AUTOINIT/u_sequence/sda_filtered_r
    SLICE_X41Y48                                                      r  NVP_AUTOINIT/u_sequence/nack_log_r[1][49]_i_2/I1
    SLICE_X41Y48         LUT4 (Prop_lut4_I1_O)        0.108     7.046 r  NVP_AUTOINIT/u_sequence/nack_log_r[1][49]_i_2/O
                         net (fo=6, routed)           0.699     7.745    NVP_AUTOINIT/u_sequence/nack_log_r[1][49]_i_2_n_0
    SLICE_X42Y47                                                      r  NVP_AUTOINIT/u_sequence/nack_log_r[3][49]_i_1/I4
    SLICE_X42Y47         LUT5 (Prop_lut5_I4_O)        0.267     8.012 r  NVP_AUTOINIT/u_sequence/nack_log_r[3][49]_i_1/O
                         net (fo=45, routed)          2.173    10.185    NVP_AUTOINIT/u_sequence/nack_log_r[3][49]_i_1_n_0
    SLICE_X54Y45         FDRE                                         r  NVP_AUTOINIT/u_sequence/nack_log_r_reg[3][8]/CE
  -------------------------------------------------------------------    -------------------

                         (clock userclk1 rise edge)
                                                     16.000    16.000 r  
    GTPE2_CHANNEL_X0Y3   GTPE2_CHANNEL                0.000    16.000 r  XDMA/inst/xdma_v41_m1_pcie2_to_pcie3_wrapper_i/pcie2_ip_i/inst/inst/gt_top_i/pipe_wrapper_i/pipe_lane[0].gt_wrapper_i/gtp_channel.gtpe2_channel_i/TXOUTCLK
                         net (fo=1, routed)           1.150    17.150    XDMA/inst/xdma_v41_m1_pcie2_to_pcie3_wrapper_i/pcie2_ip_i/inst/inst/gt_top_i/pipe_wrapper_i/pipe_clock_int.pipe_clock_i/txoutclk_i.txoutclk_i_0
    BUFGCTRL_X0Y20                                                    r  XDMA/inst/xdma_v41_m1_pcie2_to_pcie3_wrapper_i/pcie2_ip_i/inst/inst/gt_top_i/pipe_wrapper_i/pipe_clock_int.pipe_clock_i/txoutclk_i.txoutclk_i/I
    BUFGCTRL_X0Y20       BUFG (Prop_bufg_I_O)         0.077    17.227 r  XDMA/inst/xdma_v41_m1_pcie2_to_pcie3_wrapper_i/pcie2_ip_i/inst/inst/gt_top_i/pipe_wrapper_i/pipe_clock_int.pipe_clock_i/txoutclk_i.txoutclk_i/O
                         net (fo=1, routed)           1.286    18.513    XDMA/inst/xdma_v41_m1_pcie2_to_pcie3_wrapper_i/pcie2_ip_i/inst/inst/gt_top_i/pipe_wrapper_i/pipe_clock_int.pipe_clock_i/refclk
    MMCME2_ADV_X0Y0                                                   r  XDMA/inst/xdma_v41_m1_pcie2_to_pcie3_wrapper_i/pcie2_ip_i/inst/inst/gt_top_i/pipe_wrapper_i/pipe_clock_int.pipe_clock_i/mmcm_i/CLKIN1
    MMCME2_ADV_X0Y0      MMCME2_ADV (Prop_mmcme2_adv_CLKIN1_CLKOUT2)
                                                      0.073    18.586 r  XDMA/inst/xdma_v41_m1_pcie2_to_pcie3_wrapper_i/pcie2_ip_i/inst/inst/gt_top_i/pipe_wrapper_i/pipe_clock_int.pipe_clock_i/mmcm_i/CLKOUT2
                         net (fo=1, routed)           1.357    19.944    XDMA/inst/xdma_v41_m1_pcie2_to_pcie3_wrapper_i/pcie2_ip_i/inst/inst/gt_top_i/pipe_wrapper_i/pipe_clock_int.pipe_clock_i/userclk1
    BUFGCTRL_X0Y0                                                     r  XDMA/inst/xdma_v41_m1_pcie2_to_pcie3_wrapper_i/pcie2_ip_i/inst/inst/gt_top_i/pipe_wrapper_i/pipe_clock_int.pipe_clock_i/userclk1_i1.usrclk1_i1/I
    BUFGCTRL_X0Y0        BUFG (Prop_bufg_I_O)         0.077    20.021 r  XDMA/inst/xdma_v41_m1_pcie2_to_pcie3_wrapper_i/pcie2_ip_i/inst/inst/gt_top_i/pipe_wrapper_i/pipe_clock_int.pipe_clock_i/userclk1_i1.usrclk1_i1/O
                         net (fo=15140, routed)       1.264    21.284    NVP_AUTOINIT/u_sequence/axi_aclk
    SLICE_X54Y45         FDRE                                         r  NVP_AUTOINIT/u_sequence/nack_log_r_reg[3][8]/C
                         clock pessimism              0.309    21.593    
                         clock uncertainty           -0.079    21.514    
    SLICE_X54Y45         FDRE (Setup_fdre_C_CE)      -0.136    21.378    NVP_AUTOINIT/u_sequence/nack_log_r_reg[3][8]
  -------------------------------------------------------------------
                         required time                         21.378    
                         arrival time                         -10.185    
  -------------------------------------------------------------------
                         slack                                 11.193    

Slack (MET) :             11.200ns  (required time - arrival time)
  Source:                 NVP_AUTOINIT/u_sequence/sda_filtered_r_reg/C
                            (rising edge-triggered cell FDSE clocked by userclk1  {rise@0.000ns fall@8.000ns period=16.000ns})
  Destination:            NVP_AUTOINIT/u_sequence/nack_log_r_reg[2][27]/CE
                            (rising edge-triggered cell FDRE clocked by userclk1  {rise@0.000ns fall@8.000ns period=16.000ns})
  Path Group:             userclk1
  Path Type:              Setup (Max at Slow Process Corner)
  Requirement:            16.000ns  (userclk1 rise@16.000ns - userclk1 rise@0.000ns)
  Data Path Delay:        4.579ns  (logic 0.808ns (17.646%)  route 3.771ns (82.354%))
  Logic Levels:           2  (LUT4=1 LUT5=1)
  Clock Path Skew:        0.026ns (DCD - SCD + CPR)
    Destination Clock Delay (DCD):    5.350ns = ( 21.350 - 16.000 ) 
    Source Clock Delay      (SCD):    5.633ns
    Clock Pessimism Removal (CPR):    0.309ns
  Clock Uncertainty:      0.079ns  ((TSJ^2 + DJ^2)^1/2) / 2 + PE
    Total System Jitter     (TSJ):    0.071ns
    Discrete Jitter          (DJ):    0.141ns
    Phase Error              (PE):    0.000ns

    Location             Delay type                Incr(ns)  Path(ns)    Netlist Resource(s)
  -------------------------------------------------------------------    -------------------
                         (clock userclk1 rise edge)
                                                      0.000     0.000 r  
    GTPE2_CHANNEL_X0Y3   GTPE2_CHANNEL                0.000     0.000 r  XDMA/inst/xdma_v41_m1_pcie2_to_pcie3_wrapper_i/pcie2_ip_i/inst/inst/gt_top_i/pipe_wrapper_i/pipe_lane[0].gt_wrapper_i/gtp_channel.gtpe2_channel_i/TXOUTCLK
                         net (fo=1, routed)           1.209     1.209    XDMA/inst/xdma_v41_m1_pcie2_to_pcie3_wrapper_i/pcie2_ip_i/inst/inst/gt_top_i/pipe_wrapper_i/pipe_clock_int.pipe_clock_i/txoutclk_i.txoutclk_i_0
    BUFGCTRL_X0Y20                                                    r  XDMA/inst/xdma_v41_m1_pcie2_to_pcie3_wrapper_i/pcie2_ip_i/inst/inst/gt_top_i/pipe_wrapper_i/pipe_clock_int.pipe_clock_i/txoutclk_i.txoutclk_i/I
    BUFGCTRL_X0Y20       BUFG (Prop_bufg_I_O)         0.081     1.290 r  XDMA/inst/xdma_v41_m1_pcie2_to_pcie3_wrapper_i/pcie2_ip_i/inst/inst/gt_top_i/pipe_wrapper_i/pipe_clock_int.pipe_clock_i/txoutclk_i.txoutclk_i/O
                         net (fo=1, routed)           1.391     2.681    XDMA/inst/xdma_v41_m1_pcie2_to_pcie3_wrapper_i/pcie2_ip_i/inst/inst/gt_top_i/pipe_wrapper_i/pipe_clock_int.pipe_clock_i/refclk
    MMCME2_ADV_X0Y0                                                   r  XDMA/inst/xdma_v41_m1_pcie2_to_pcie3_wrapper_i/pcie2_ip_i/inst/inst/gt_top_i/pipe_wrapper_i/pipe_clock_int.pipe_clock_i/mmcm_i/CLKIN1
    MMCME2_ADV_X0Y0      MMCME2_ADV (Prop_mmcme2_adv_CLKIN1_CLKOUT2)
                                                      0.077     2.757 r  XDMA/inst/xdma_v41_m1_pcie2_to_pcie3_wrapper_i/pcie2_ip_i/inst/inst/gt_top_i/pipe_wrapper_i/pipe_clock_int.pipe_clock_i/mmcm_i/CLKOUT2
                         net (fo=1, routed)           1.425     4.182    XDMA/inst/xdma_v41_m1_pcie2_to_pcie3_wrapper_i/pcie2_ip_i/inst/inst/gt_top_i/pipe_wrapper_i/pipe_clock_int.pipe_clock_i/userclk1
    BUFGCTRL_X0Y0                                                     r  XDMA/inst/xdma_v41_m1_pcie2_to_pcie3_wrapper_i/pcie2_ip_i/inst/inst/gt_top_i/pipe_wrapper_i/pipe_clock_int.pipe_clock_i/userclk1_i1.usrclk1_i1/I
    BUFGCTRL_X0Y0        BUFG (Prop_bufg_I_O)         0.081     4.263 r  XDMA/inst/xdma_v41_m1_pcie2_to_pcie3_wrapper_i/pcie2_ip_i/inst/inst/gt_top_i/pipe_wrapper_i/pipe_clock_int.pipe_clock_i/userclk1_i1.usrclk1_i1/O
                         net (fo=15140, routed)       1.370     5.633    NVP_AUTOINIT/u_sequence/axi_aclk
    SLICE_X46Y44         FDSE                                         r  NVP_AUTOINIT/u_sequence/sda_filtered_r_reg/C
  -------------------------------------------------------------------    -------------------
    SLICE_X46Y44         FDSE (Prop_fdse_C_Q)         0.433     6.066 r  NVP_AUTOINIT/u_sequence/sda_filtered_r_reg/Q
                         net (fo=11, routed)          0.872     6.938    NVP_AUTOINIT/u_sequence/sda_filtered_r
    SLICE_X41Y48                                                      r  NVP_AUTOINIT/u_sequence/nack_log_r[1][49]_i_2/I1
    SLICE_X41Y48         LUT4 (Prop_lut4_I1_O)        0.108     7.046 r  NVP_AUTOINIT/u_sequence/nack_log_r[1][49]_i_2/O
                         net (fo=6, routed)           0.503     7.549    NVP_AUTOINIT/u_sequence/nack_log_r[1][49]_i_2_n_0
    SLICE_X42Y47                                                      r  NVP_AUTOINIT/u_sequence/nack_log_r[2][49]_i_1/I4
    SLICE_X42Y47         LUT5 (Prop_lut5_I4_O)        0.267     7.816 r  NVP_AUTOINIT/u_sequence/nack_log_r[2][49]_i_1/O
                         net (fo=45, routed)          2.396    10.212    NVP_AUTOINIT/u_sequence/nack_log_r[2][49]_i_1_n_0
    SLICE_X58Y43         FDRE                                         r  NVP_AUTOINIT/u_sequence/nack_log_r_reg[2][27]/CE
  -------------------------------------------------------------------    -------------------

                         (clock userclk1 rise edge)
                                                     16.000    16.000 r  
    GTPE2_CHANNEL_X0Y3   GTPE2_CHANNEL                0.000    16.000 r  XDMA/inst/xdma_v41_m1_pcie2_to_pcie3_wrapper_i/pcie2_ip_i/inst/inst/gt_top_i/pipe_wrapper_i/pipe_lane[0].gt_wrapper_i/gtp_channel.gtpe2_channel_i/TXOUTCLK
                         net (fo=1, routed)           1.150    17.150    XDMA/inst/xdma_v41_m1_pcie2_to_pcie3_wrapper_i/pcie2_ip_i/inst/inst/gt_top_i/pipe_wrapper_i/pipe_clock_int.pipe_clock_i/txoutclk_i.txoutclk_i_0
    BUFGCTRL_X0Y20                                                    r  XDMA/inst/xdma_v41_m1_pcie2_to_pcie3_wrapper_i/pcie2_ip_i/inst/inst/gt_top_i/pipe_wrapper_i/pipe_clock_int.pipe_clock_i/txoutclk_i.txoutclk_i/I
    BUFGCTRL_X0Y20       BUFG (Prop_bufg_I_O)         0.077    17.227 r  XDMA/inst/xdma_v41_m1_pcie2_to_pcie3_wrapper_i/pcie2_ip_i/inst/inst/gt_top_i/pipe_wrapper_i/pipe_clock_int.pipe_clock_i/txoutclk_i.txoutclk_i/O
                         net (fo=1, routed)           1.286    18.513    XDMA/inst/xdma_v41_m1_pcie2_to_pcie3_wrapper_i/pcie2_ip_i/inst/inst/gt_top_i/pipe_wrapper_i/pipe_clock_int.pipe_clock_i/refclk
    MMCME2_ADV_X0Y0                                                   r  XDMA/inst/xdma_v41_m1_pcie2_to_pcie3_wrapper_i/pcie2_ip_i/inst/inst/gt_top_i/pipe_wrapper_i/pipe_clock_int.pipe_clock_i/mmcm_i/CLKIN1
    MMCME2_ADV_X0Y0      MMCME2_ADV (Prop_mmcme2_adv_CLKIN1_CLKOUT2)
                                                      0.073    18.586 r  XDMA/inst/xdma_v41_m1_pcie2_to_pcie3_wrapper_i/pcie2_ip_i/inst/inst/gt_top_i/pipe_wrapper_i/pipe_clock_int.pipe_clock_i/mmcm_i/CLKOUT2
                         net (fo=1, routed)           1.357    19.944    XDMA/inst/xdma_v41_m1_pcie2_to_pcie3_wrapper_i/pcie2_ip_i/inst/inst/gt_top_i/pipe_wrapper_i/pipe_clock_int.pipe_clock_i/userclk1
    BUFGCTRL_X0Y0                                                     r  XDMA/inst/xdma_v41_m1_pcie2_to_pcie3_wrapper_i/pcie2_ip_i/inst/inst/gt_top_i/pipe_wrapper_i/pipe_clock_int.pipe_clock_i/userclk1_i1.usrclk1_i1/I
    BUFGCTRL_X0Y0        BUFG (Prop_bufg_I_O)         0.077    20.021 r  XDMA/inst/xdma_v41_m1_pcie2_to_pcie3_wrapper_i/pcie2_ip_i/inst/inst/gt_top_i/pipe_wrapper_i/pipe_clock_int.pipe_clock_i/userclk1_i1.usrclk1_i1/O
                         net (fo=15140, routed)       1.330    21.350    NVP_AUTOINIT/u_sequence/axi_aclk
    SLICE_X58Y43         FDRE                                         r  NVP_AUTOINIT/u_sequence/nack_log_r_reg[2][27]/C
                         clock pessimism              0.309    21.659    
                         clock uncertainty           -0.079    21.580    
    SLICE_X58Y43         FDRE (Setup_fdre_C_CE)      -0.168    21.412    NVP_AUTOINIT/u_sequence/nack_log_r_reg[2][27]
  -------------------------------------------------------------------
                         required time                         21.412    
                         arrival time                         -10.212    
  -------------------------------------------------------------------
                         slack                                 11.200    

Slack (MET) :             11.200ns  (required time - arrival time)
  Source:                 NVP_AUTOINIT/u_sequence/sda_filtered_r_reg/C
                            (rising edge-triggered cell FDSE clocked by userclk1  {rise@0.000ns fall@8.000ns period=16.000ns})
  Destination:            NVP_AUTOINIT/u_sequence/nack_log_r_reg[2][28]/CE
                            (rising edge-triggered cell FDRE clocked by userclk1  {rise@0.000ns fall@8.000ns period=16.000ns})
  Path Group:             userclk1
  Path Type:              Setup (Max at Slow Process Corner)
  Requirement:            16.000ns  (userclk1 rise@16.000ns - userclk1 rise@0.000ns)
  Data Path Delay:        4.579ns  (logic 0.808ns (17.646%)  route 3.771ns (82.354%))
  Logic Levels:           2  (LUT4=1 LUT5=1)
  Clock Path Skew:        0.026ns (DCD - SCD + CPR)
    Destination Clock Delay (DCD):    5.350ns = ( 21.350 - 16.000 ) 
    Source Clock Delay      (SCD):    5.633ns
    Clock Pessimism Removal (CPR):    0.309ns
  Clock Uncertainty:      0.079ns  ((TSJ^2 + DJ^2)^1/2) / 2 + PE
    Total System Jitter     (TSJ):    0.071ns
    Discrete Jitter          (DJ):    0.141ns
    Phase Error              (PE):    0.000ns

    Location             Delay type                Incr(ns)  Path(ns)    Netlist Resource(s)
  -------------------------------------------------------------------    -------------------
                         (clock userclk1 rise edge)
                                                      0.000     0.000 r  
    GTPE2_CHANNEL_X0Y3   GTPE2_CHANNEL                0.000     0.000 r  XDMA/inst/xdma_v41_m1_pcie2_to_pcie3_wrapper_i/pcie2_ip_i/inst/inst/gt_top_i/pipe_wrapper_i/pipe_lane[0].gt_wrapper_i/gtp_channel.gtpe2_channel_i/TXOUTCLK
                         net (fo=1, routed)           1.209     1.209    XDMA/inst/xdma_v41_m1_pcie2_to_pcie3_wrapper_i/pcie2_ip_i/inst/inst/gt_top_i/pipe_wrapper_i/pipe_clock_int.pipe_clock_i/txoutclk_i.txoutclk_i_0
    BUFGCTRL_X0Y20                                                    r  XDMA/inst/xdma_v41_m1_pcie2_to_pcie3_wrapper_i/pcie2_ip_i/inst/inst/gt_top_i/pipe_wrapper_i/pipe_clock_int.pipe_clock_i/txoutclk_i.txoutclk_i/I
    BUFGCTRL_X0Y20       BUFG (Prop_bufg_I_O)         0.081     1.290 r  XDMA/inst/xdma_v41_m1_pcie2_to_pcie3_wrapper_i/pcie2_ip_i/inst/inst/gt_top_i/pipe_wrapper_i/pipe_clock_int.pipe_clock_i/txoutclk_i.txoutclk_i/O
                         net (fo=1, routed)           1.391     2.681    XDMA/inst/xdma_v41_m1_pcie2_to_pcie3_wrapper_i/pcie2_ip_i/inst/inst/gt_top_i/pipe_wrapper_i/pipe_clock_int.pipe_clock_i/refclk
    MMCME2_ADV_X0Y0                                                   r  XDMA/inst/xdma_v41_m1_pcie2_to_pcie3_wrapper_i/pcie2_ip_i/inst/inst/gt_top_i/pipe_wrapper_i/pipe_clock_int.pipe_clock_i/mmcm_i/CLKIN1
    MMCME2_ADV_X0Y0      MMCME2_ADV (Prop_mmcme2_adv_CLKIN1_CLKOUT2)
                                                      0.077     2.757 r  XDMA/inst/xdma_v41_m1_pcie2_to_pcie3_wrapper_i/pcie2_ip_i/inst/inst/gt_top_i/pipe_wrapper_i/pipe_clock_int.pipe_clock_i/mmcm_i/CLKOUT2
                         net (fo=1, routed)           1.425     4.182    XDMA/inst/xdma_v41_m1_pcie2_to_pcie3_wrapper_i/pcie2_ip_i/inst/inst/gt_top_i/pipe_wrapper_i/pipe_clock_int.pipe_clock_i/userclk1
    BUFGCTRL_X0Y0                                                     r  XDMA/inst/xdma_v41_m1_pcie2_to_pcie3_wrapper_i/pcie2_ip_i/inst/inst/gt_top_i/pipe_wrapper_i/pipe_clock_int.pipe_clock_i/userclk1_i1.usrclk1_i1/I
    BUFGCTRL_X0Y0        BUFG (Prop_bufg_I_O)         0.081     4.263 r  XDMA/inst/xdma_v41_m1_pcie2_to_pcie3_wrapper_i/pcie2_ip_i/inst/inst/gt_top_i/pipe_wrapper_i/pipe_clock_int.pipe_clock_i/userclk1_i1.usrclk1_i1/O
                         net (fo=15140, routed)       1.370     5.633    NVP_AUTOINIT/u_sequence/axi_aclk
    SLICE_X46Y44         FDSE                                         r  NVP_AUTOINIT/u_sequence/sda_filtered_r_reg/C
  -------------------------------------------------------------------    -------------------
    SLICE_X46Y44         FDSE (Prop_fdse_C_Q)         0.433     6.066 r  NVP_AUTOINIT/u_sequence/sda_filtered_r_reg/Q
                         net (fo=11, routed)          0.872     6.938    NVP_AUTOINIT/u_sequence/sda_filtered_r
    SLICE_X41Y48                                                      r  NVP_AUTOINIT/u_sequence/nack_log_r[1][49]_i_2/I1
    SLICE_X41Y48         LUT4 (Prop_lut4_I1_O)        0.108     7.046 r  NVP_AUTOINIT/u_sequence/nack_log_r[1][49]_i_2/O
                         net (fo=6, routed)           0.503     7.549    NVP_AUTOINIT/u_sequence/nack_log_r[1][49]_i_2_n_0
    SLICE_X42Y47                                                      r  NVP_AUTOINIT/u_sequence/nack_log_r[2][49]_i_1/I4
    SLICE_X42Y47         LUT5 (Prop_lut5_I4_O)        0.267     7.816 r  NVP_AUTOINIT/u_sequence/nack_log_r[2][49]_i_1/O
                         net (fo=45, routed)          2.396    10.212    NVP_AUTOINIT/u_sequence/nack_log_r[2][49]_i_1_n_0
    SLICE_X58Y43         FDRE                                         r  NVP_AUTOINIT/u_sequence/nack_log_r_reg[2][28]/CE
  -------------------------------------------------------------------    -------------------

                         (clock userclk1 rise edge)
                                                     16.000    16.000 r  
    GTPE2_CHANNEL_X0Y3   GTPE2_CHANNEL                0.000    16.000 r  XDMA/inst/xdma_v41_m1_pcie2_to_pcie3_wrapper_i/pcie2_ip_i/inst/inst/gt_top_i/pipe_wrapper_i/pipe_lane[0].gt_wrapper_i/gtp_channel.gtpe2_channel_i/TXOUTCLK
                         net (fo=1, routed)           1.150    17.150    XDMA/inst/xdma_v41_m1_pcie2_to_pcie3_wrapper_i/pcie2_ip_i/inst/inst/gt_top_i/pipe_wrapper_i/pipe_clock_int.pipe_clock_i/txoutclk_i.txoutclk_i_0
    BUFGCTRL_X0Y20                                                    r  XDMA/inst/xdma_v41_m1_pcie2_to_pcie3_wrapper_i/pcie2_ip_i/inst/inst/gt_top_i/pipe_wrapper_i/pipe_clock_int.pipe_clock_i/txoutclk_i.txoutclk_i/I
    BUFGCTRL_X0Y20       BUFG (Prop_bufg_I_O)         0.077    17.227 r  XDMA/inst/xdma_v41_m1_pcie2_to_pcie3_wrapper_i/pcie2_ip_i/inst/inst/gt_top_i/pipe_wrapper_i/pipe_clock_int.pipe_clock_i/txoutclk_i.txoutclk_i/O
                         net (fo=1, routed)           1.286    18.513    XDMA/inst/xdma_v41_m1_pcie2_to_pcie3_wrapper_i/pcie2_ip_i/inst/inst/gt_top_i/pipe_wrapper_i/pipe_clock_int.pipe_clock_i/refclk
    MMCME2_ADV_X0Y0                                                   r  XDMA/inst/xdma_v41_m1_pcie2_to_pcie3_wrapper_i/pcie2_ip_i/inst/inst/gt_top_i/pipe_wrapper_i/pipe_clock_int.pipe_clock_i/mmcm_i/CLKIN1
    MMCME2_ADV_X0Y0      MMCME2_ADV (Prop_mmcme2_adv_CLKIN1_CLKOUT2)
                                                      0.073    18.586 r  XDMA/inst/xdma_v41_m1_pcie2_to_pcie3_wrapper_i/pcie2_ip_i/inst/inst/gt_top_i/pipe_wrapper_i/pipe_clock_int.pipe_clock_i/mmcm_i/CLKOUT2
                         net (fo=1, routed)           1.357    19.944    XDMA/inst/xdma_v41_m1_pcie2_to_pcie3_wrapper_i/pcie2_ip_i/inst/inst/gt_top_i/pipe_wrapper_i/pipe_clock_int.pipe_clock_i/userclk1
    BUFGCTRL_X0Y0                                                     r  XDMA/inst/xdma_v41_m1_pcie2_to_pcie3_wrapper_i/pcie2_ip_i/inst/inst/gt_top_i/pipe_wrapper_i/pipe_clock_int.pipe_clock_i/userclk1_i1.usrclk1_i1/I
    BUFGCTRL_X0Y0        BUFG (Prop_bufg_I_O)         0.077    20.021 r  XDMA/inst/xdma_v41_m1_pcie2_to_pcie3_wrapper_i/pcie2_ip_i/inst/inst/gt_top_i/pipe_wrapper_i/pipe_clock_int.pipe_clock_i/userclk1_i1.usrclk1_i1/O
                         net (fo=15140, routed)       1.330    21.350    NVP_AUTOINIT/u_sequence/axi_aclk
    SLICE_X58Y43         FDRE                                         r  NVP_AUTOINIT/u_sequence/nack_log_r_reg[2][28]/C
                         clock pessimism              0.309    21.659    
                         clock uncertainty           -0.079    21.580    
    SLICE_X58Y43         FDRE (Setup_fdre_C_CE)      -0.168    21.412    NVP_AUTOINIT/u_sequence/nack_log_r_reg[2][28]
  -------------------------------------------------------------------
                         required time                         21.412    
                         arrival time                         -10.212    
  -------------------------------------------------------------------
                         slack                                 11.200    

Slack (MET) :             11.220ns  (required time - arrival time)
  Source:                 NVP_AUTOINIT/u_sequence/sda_filtered_r_reg/C
                            (rising edge-triggered cell FDSE clocked by userclk1  {rise@0.000ns fall@8.000ns period=16.000ns})
  Destination:            NVP_AUTOINIT/u_sequence/nack_log_r_reg[4][37]/CE
                            (rising edge-triggered cell FDRE clocked by userclk1  {rise@0.000ns fall@8.000ns period=16.000ns})
  Path Group:             userclk1
  Path Type:              Setup (Max at Slow Process Corner)
  Requirement:            16.000ns  (userclk1 rise@16.000ns - userclk1 rise@0.000ns)
  Data Path Delay:        4.326ns  (logic 0.819ns (18.930%)  route 3.507ns (81.070%))
  Logic Levels:           2  (LUT4=1 LUT5=1)
  Clock Path Skew:        -0.029ns (DCD - SCD + CPR)
    Destination Clock Delay (DCD):    5.279ns = ( 21.279 - 16.000 ) 
    Source Clock Delay      (SCD):    5.633ns
    Clock Pessimism Removal (CPR):    0.325ns
  Clock Uncertainty:      0.079ns  ((TSJ^2 + DJ^2)^1/2) / 2 + PE
    Total System Jitter     (TSJ):    0.071ns
    Discrete Jitter          (DJ):    0.141ns
    Phase Error              (PE):    0.000ns

    Location             Delay type                Incr(ns)  Path(ns)    Netlist Resource(s)
  -------------------------------------------------------------------    -------------------
                         (clock userclk1 rise edge)
                                                      0.000     0.000 r  
    GTPE2_CHANNEL_X0Y3   GTPE2_CHANNEL                0.000     0.000 r  XDMA/inst/xdma_v41_m1_pcie2_to_pcie3_wrapper_i/pcie2_ip_i/inst/inst/gt_top_i/pipe_wrapper_i/pipe_lane[0].gt_wrapper_i/gtp_channel.gtpe2_channel_i/TXOUTCLK
                         net (fo=1, routed)           1.209     1.209    XDMA/inst/xdma_v41_m1_pcie2_to_pcie3_wrapper_i/pcie2_ip_i/inst/inst/gt_top_i/pipe_wrapper_i/pipe_clock_int.pipe_clock_i/txoutclk_i.txoutclk_i_0
    BUFGCTRL_X0Y20                                                    r  XDMA/inst/xdma_v41_m1_pcie2_to_pcie3_wrapper_i/pcie2_ip_i/inst/inst/gt_top_i/pipe_wrapper_i/pipe_clock_int.pipe_clock_i/txoutclk_i.txoutclk_i/I
    BUFGCTRL_X0Y20       BUFG (Prop_bufg_I_O)         0.081     1.290 r  XDMA/inst/xdma_v41_m1_pcie2_to_pcie3_wrapper_i/pcie2_ip_i/inst/inst/gt_top_i/pipe_wrapper_i/pipe_clock_int.pipe_clock_i/txoutclk_i.txoutclk_i/O
                         net (fo=1, routed)           1.391     2.681    XDMA/inst/xdma_v41_m1_pcie2_to_pcie3_wrapper_i/pcie2_ip_i/inst/inst/gt_top_i/pipe_wrapper_i/pipe_clock_int.pipe_clock_i/refclk
    MMCME2_ADV_X0Y0                                                   r  XDMA/inst/xdma_v41_m1_pcie2_to_pcie3_wrapper_i/pcie2_ip_i/inst/inst/gt_top_i/pipe_wrapper_i/pipe_clock_int.pipe_clock_i/mmcm_i/CLKIN1
    MMCME2_ADV_X0Y0      MMCME2_ADV (Prop_mmcme2_adv_CLKIN1_CLKOUT2)
                                                      0.077     2.757 r  XDMA/inst/xdma_v41_m1_pcie2_to_pcie3_wrapper_i/pcie2_ip_i/inst/inst/gt_top_i/pipe_wrapper_i/pipe_clock_int.pipe_clock_i/mmcm_i/CLKOUT2
                         net (fo=1, routed)           1.425     4.182    XDMA/inst/xdma_v41_m1_pcie2_to_pcie3_wrapper_i/pcie2_ip_i/inst/inst/gt_top_i/pipe_wrapper_i/pipe_clock_int.pipe_clock_i/userclk1
    BUFGCTRL_X0Y0                                                     r  XDMA/inst/xdma_v41_m1_pcie2_to_pcie3_wrapper_i/pcie2_ip_i/inst/inst/gt_top_i/pipe_wrapper_i/pipe_clock_int.pipe_clock_i/userclk1_i1.usrclk1_i1/I
    BUFGCTRL_X0Y0        BUFG (Prop_bufg_I_O)         0.081     4.263 r  XDMA/inst/xdma_v41_m1_pcie2_to_pcie3_wrapper_i/pcie2_ip_i/inst/inst/gt_top_i/pipe_wrapper_i/pipe_clock_int.pipe_clock_i/userclk1_i1.usrclk1_i1/O
                         net (fo=15140, routed)       1.370     5.633    NVP_AUTOINIT/u_sequence/axi_aclk
    SLICE_X46Y44         FDSE                                         r  NVP_AUTOINIT/u_sequence/sda_filtered_r_reg/C
  -------------------------------------------------------------------    -------------------
    SLICE_X46Y44         FDSE (Prop_fdse_C_Q)         0.433     6.066 r  NVP_AUTOINIT/u_sequence/sda_filtered_r_reg/Q
                         net (fo=11, routed)          0.872     6.938    NVP_AUTOINIT/u_sequence/sda_filtered_r
    SLICE_X41Y48                                                      r  NVP_AUTOINIT/u_sequence/nack_log_r[1][49]_i_2/I1
    SLICE_X41Y48         LUT4 (Prop_lut4_I1_O)        0.108     7.046 r  NVP_AUTOINIT/u_sequence/nack_log_r[1][49]_i_2/O
                         net (fo=6, routed)           0.669     7.715    NVP_AUTOINIT/u_sequence/nack_log_r[1][49]_i_2_n_0
    SLICE_X42Y48                                                      r  NVP_AUTOINIT/u_sequence/nack_log_r[4][49]_i_1/I2
    SLICE_X42Y48         LUT5 (Prop_lut5_I2_O)        0.278     7.993 r  NVP_AUTOINIT/u_sequence/nack_log_r[4][49]_i_1/O
                         net (fo=45, routed)          1.966     9.959    NVP_AUTOINIT/u_sequence/nack_log_r[4][49]_i_1_n_0
    SLICE_X47Y40         FDRE                                         r  NVP_AUTOINIT/u_sequence/nack_log_r_reg[4][37]/CE
  -------------------------------------------------------------------    -------------------

                         (clock userclk1 rise edge)
                                                     16.000    16.000 r  
    GTPE2_CHANNEL_X0Y3   GTPE2_CHANNEL                0.000    16.000 r  XDMA/inst/xdma_v41_m1_pcie2_to_pcie3_wrapper_i/pcie2_ip_i/inst/inst/gt_top_i/pipe_wrapper_i/pipe_lane[0].gt_wrapper_i/gtp_channel.gtpe2_channel_i/TXOUTCLK
                         net (fo=1, routed)           1.150    17.150    XDMA/inst/xdma_v41_m1_pcie2_to_pcie3_wrapper_i/pcie2_ip_i/inst/inst/gt_top_i/pipe_wrapper_i/pipe_clock_int.pipe_clock_i/txoutclk_i.txoutclk_i_0
    BUFGCTRL_X0Y20                                                    r  XDMA/inst/xdma_v41_m1_pcie2_to_pcie3_wrapper_i/pcie2_ip_i/inst/inst/gt_top_i/pipe_wrapper_i/pipe_clock_int.pipe_clock_i/txoutclk_i.txoutclk_i/I
    BUFGCTRL_X0Y20       BUFG (Prop_bufg_I_O)         0.077    17.227 r  XDMA/inst/xdma_v41_m1_pcie2_to_pcie3_wrapper_i/pcie2_ip_i/inst/inst/gt_top_i/pipe_wrapper_i/pipe_clock_int.pipe_clock_i/txoutclk_i.txoutclk_i/O
                         net (fo=1, routed)           1.286    18.513    XDMA/inst/xdma_v41_m1_pcie2_to_pcie3_wrapper_i/pcie2_ip_i/inst/inst/gt_top_i/pipe_wrapper_i/pipe_clock_int.pipe_clock_i/refclk
    MMCME2_ADV_X0Y0                                                   r  XDMA/inst/xdma_v41_m1_pcie2_to_pcie3_wrapper_i/pcie2_ip_i/inst/inst/gt_top_i/pipe_wrapper_i/pipe_clock_int.pipe_clock_i/mmcm_i/CLKIN1
    MMCME2_ADV_X0Y0      MMCME2_ADV (Prop_mmcme2_adv_CLKIN1_CLKOUT2)
                                                      0.073    18.586 r  XDMA/inst/xdma_v41_m1_pcie2_to_pcie3_wrapper_i/pcie2_ip_i/inst/inst/gt_top_i/pipe_wrapper_i/pipe_clock_int.pipe_clock_i/mmcm_i/CLKOUT2
                         net (fo=1, routed)           1.357    19.944    XDMA/inst/xdma_v41_m1_pcie2_to_pcie3_wrapper_i/pcie2_ip_i/inst/inst/gt_top_i/pipe_wrapper_i/pipe_clock_int.pipe_clock_i/userclk1
    BUFGCTRL_X0Y0                                                     r  XDMA/inst/xdma_v41_m1_pcie2_to_pcie3_wrapper_i/pcie2_ip_i/inst/inst/gt_top_i/pipe_wrapper_i/pipe_clock_int.pipe_clock_i/userclk1_i1.usrclk1_i1/I
    BUFGCTRL_X0Y0        BUFG (Prop_bufg_I_O)         0.077    20.021 r  XDMA/inst/xdma_v41_m1_pcie2_to_pcie3_wrapper_i/pcie2_ip_i/inst/inst/gt_top_i/pipe_wrapper_i/pipe_clock_int.pipe_clock_i/userclk1_i1.usrclk1_i1/O
                         net (fo=15140, routed)       1.259    21.279    NVP_AUTOINIT/u_sequence/axi_aclk
    SLICE_X47Y40         FDRE                                         r  NVP_AUTOINIT/u_sequence/nack_log_r_reg[4][37]/C
                         clock pessimism              0.325    21.604    
                         clock uncertainty           -0.079    21.525    
    SLICE_X47Y40         FDRE (Setup_fdre_C_CE)      -0.346    21.179    NVP_AUTOINIT/u_sequence/nack_log_r_reg[4][37]
  -------------------------------------------------------------------
                         required time                         21.179    
                         arrival time                          -9.959    
  -------------------------------------------------------------------
                         slack                                 11.220    

Slack (MET) :             11.248ns  (required time - arrival time)
  Source:                 NVP_AUTOINIT/u_sequence/sda_filtered_r_reg/C
                            (rising edge-triggered cell FDSE clocked by userclk1  {rise@0.000ns fall@8.000ns period=16.000ns})
  Destination:            NVP_AUTOINIT/u_sequence/nack_log_r_reg[3][28]/CE
                            (rising edge-triggered cell FDRE clocked by userclk1  {rise@0.000ns fall@8.000ns period=16.000ns})
  Path Group:             userclk1
  Path Type:              Setup (Max at Slow Process Corner)
  Requirement:            16.000ns  (userclk1 rise@16.000ns - userclk1 rise@0.000ns)
  Data Path Delay:        4.465ns  (logic 0.808ns (18.097%)  route 3.657ns (81.903%))
  Logic Levels:           2  (LUT4=1 LUT5=1)
  Clock Path Skew:        -0.040ns (DCD - SCD + CPR)
    Destination Clock Delay (DCD):    5.284ns = ( 21.284 - 16.000 ) 
    Source Clock Delay      (SCD):    5.633ns
    Clock Pessimism Removal (CPR):    0.309ns
  Clock Uncertainty:      0.079ns  ((TSJ^2 + DJ^2)^1/2) / 2 + PE
    Total System Jitter     (TSJ):    0.071ns
    Discrete Jitter          (DJ):    0.141ns
    Phase Error              (PE):    0.000ns

    Location             Delay type                Incr(ns)  Path(ns)    Netlist Resource(s)
  -------------------------------------------------------------------    -------------------
                         (clock userclk1 rise edge)
                                                      0.000     0.000 r  
    GTPE2_CHANNEL_X0Y3   GTPE2_CHANNEL                0.000     0.000 r  XDMA/inst/xdma_v41_m1_pcie2_to_pcie3_wrapper_i/pcie2_ip_i/inst/inst/gt_top_i/pipe_wrapper_i/pipe_lane[0].gt_wrapper_i/gtp_channel.gtpe2_channel_i/TXOUTCLK
                         net (fo=1, routed)           1.209     1.209    XDMA/inst/xdma_v41_m1_pcie2_to_pcie3_wrapper_i/pcie2_ip_i/inst/inst/gt_top_i/pipe_wrapper_i/pipe_clock_int.pipe_clock_i/txoutclk_i.txoutclk_i_0
    BUFGCTRL_X0Y20                                                    r  XDMA/inst/xdma_v41_m1_pcie2_to_pcie3_wrapper_i/pcie2_ip_i/inst/inst/gt_top_i/pipe_wrapper_i/pipe_clock_int.pipe_clock_i/txoutclk_i.txoutclk_i/I
    BUFGCTRL_X0Y20       BUFG (Prop_bufg_I_O)         0.081     1.290 r  XDMA/inst/xdma_v41_m1_pcie2_to_pcie3_wrapper_i/pcie2_ip_i/inst/inst/gt_top_i/pipe_wrapper_i/pipe_clock_int.pipe_clock_i/txoutclk_i.txoutclk_i/O
                         net (fo=1, routed)           1.391     2.681    XDMA/inst/xdma_v41_m1_pcie2_to_pcie3_wrapper_i/pcie2_ip_i/inst/inst/gt_top_i/pipe_wrapper_i/pipe_clock_int.pipe_clock_i/refclk
    MMCME2_ADV_X0Y0                                                   r  XDMA/inst/xdma_v41_m1_pcie2_to_pcie3_wrapper_i/pcie2_ip_i/inst/inst/gt_top_i/pipe_wrapper_i/pipe_clock_int.pipe_clock_i/mmcm_i/CLKIN1
    MMCME2_ADV_X0Y0      MMCME2_ADV (Prop_mmcme2_adv_CLKIN1_CLKOUT2)
                                                      0.077     2.757 r  XDMA/inst/xdma_v41_m1_pcie2_to_pcie3_wrapper_i/pcie2_ip_i/inst/inst/gt_top_i/pipe_wrapper_i/pipe_clock_int.pipe_clock_i/mmcm_i/CLKOUT2
                         net (fo=1, routed)           1.425     4.182    XDMA/inst/xdma_v41_m1_pcie2_to_pcie3_wrapper_i/pcie2_ip_i/inst/inst/gt_top_i/pipe_wrapper_i/pipe_clock_int.pipe_clock_i/userclk1
    BUFGCTRL_X0Y0                                                     r  XDMA/inst/xdma_v41_m1_pcie2_to_pcie3_wrapper_i/pcie2_ip_i/inst/inst/gt_top_i/pipe_wrapper_i/pipe_clock_int.pipe_clock_i/userclk1_i1.usrclk1_i1/I
    BUFGCTRL_X0Y0        BUFG (Prop_bufg_I_O)         0.081     4.263 r  XDMA/inst/xdma_v41_m1_pcie2_to_pcie3_wrapper_i/pcie2_ip_i/inst/inst/gt_top_i/pipe_wrapper_i/pipe_clock_int.pipe_clock_i/userclk1_i1.usrclk1_i1/O
                         net (fo=15140, routed)       1.370     5.633    NVP_AUTOINIT/u_sequence/axi_aclk
    SLICE_X46Y44         FDSE                                         r  NVP_AUTOINIT/u_sequence/sda_filtered_r_reg/C
  -------------------------------------------------------------------    -------------------
    SLICE_X46Y44         FDSE (Prop_fdse_C_Q)         0.433     6.066 r  NVP_AUTOINIT/u_sequence/sda_filtered_r_reg/Q
                         net (fo=11, routed)          0.872     6.938    NVP_AUTOINIT/u_sequence/sda_filtered_r
    SLICE_X41Y48                                                      r  NVP_AUTOINIT/u_sequence/nack_log_r[1][49]_i_2/I1
    SLICE_X41Y48         LUT4 (Prop_lut4_I1_O)        0.108     7.046 r  NVP_AUTOINIT/u_sequence/nack_log_r[1][49]_i_2/O
                         net (fo=6, routed)           0.699     7.745    NVP_AUTOINIT/u_sequence/nack_log_r[1][49]_i_2_n_0
    SLICE_X42Y47                                                      r  NVP_AUTOINIT/u_sequence/nack_log_r[3][49]_i_1/I4
    SLICE_X42Y47         LUT5 (Prop_lut5_I4_O)        0.267     8.012 r  NVP_AUTOINIT/u_sequence/nack_log_r[3][49]_i_1/O
                         net (fo=45, routed)          2.085    10.098    NVP_AUTOINIT/u_sequence/nack_log_r[3][49]_i_1_n_0
    SLICE_X57Y44         FDRE                                         r  NVP_AUTOINIT/u_sequence/nack_log_r_reg[3][28]/CE
  -------------------------------------------------------------------    -------------------

                         (clock userclk1 rise edge)
                                                     16.000    16.000 r  
    GTPE2_CHANNEL_X0Y3   GTPE2_CHANNEL                0.000    16.000 r  XDMA/inst/xdma_v41_m1_pcie2_to_pcie3_wrapper_i/pcie2_ip_i/inst/inst/gt_top_i/pipe_wrapper_i/pipe_lane[0].gt_wrapper_i/gtp_channel.gtpe2_channel_i/TXOUTCLK
                         net (fo=1, routed)           1.150    17.150    XDMA/inst/xdma_v41_m1_pcie2_to_pcie3_wrapper_i/pcie2_ip_i/inst/inst/gt_top_i/pipe_wrapper_i/pipe_clock_int.pipe_clock_i/txoutclk_i.txoutclk_i_0
    BUFGCTRL_X0Y20                                                    r  XDMA/inst/xdma_v41_m1_pcie2_to_pcie3_wrapper_i/pcie2_ip_i/inst/inst/gt_top_i/pipe_wrapper_i/pipe_clock_int.pipe_clock_i/txoutclk_i.txoutclk_i/I
    BUFGCTRL_X0Y20       BUFG (Prop_bufg_I_O)         0.077    17.227 r  XDMA/inst/xdma_v41_m1_pcie2_to_pcie3_wrapper_i/pcie2_ip_i/inst/inst/gt_top_i/pipe_wrapper_i/pipe_clock_int.pipe_clock_i/txoutclk_i.txoutclk_i/O
                         net (fo=1, routed)           1.286    18.513    XDMA/inst/xdma_v41_m1_pcie2_to_pcie3_wrapper_i/pcie2_ip_i/inst/inst/gt_top_i/pipe_wrapper_i/pipe_clock_int.pipe_clock_i/refclk
    MMCME2_ADV_X0Y0                                                   r  XDMA/inst/xdma_v41_m1_pcie2_to_pcie3_wrapper_i/pcie2_ip_i/inst/inst/gt_top_i/pipe_wrapper_i/pipe_clock_int.pipe_clock_i/mmcm_i/CLKIN1
    MMCME2_ADV_X0Y0      MMCME2_ADV (Prop_mmcme2_adv_CLKIN1_CLKOUT2)
                                                      0.073    18.586 r  XDMA/inst/xdma_v41_m1_pcie2_to_pcie3_wrapper_i/pcie2_ip_i/inst/inst/gt_top_i/pipe_wrapper_i/pipe_clock_int.pipe_clock_i/mmcm_i/CLKOUT2
                         net (fo=1, routed)           1.357    19.944    XDMA/inst/xdma_v41_m1_pcie2_to_pcie3_wrapper_i/pcie2_ip_i/inst/inst/gt_top_i/pipe_wrapper_i/pipe_clock_int.pipe_clock_i/userclk1
    BUFGCTRL_X0Y0                                                     r  XDMA/inst/xdma_v41_m1_pcie2_to_pcie3_wrapper_i/pcie2_ip_i/inst/inst/gt_top_i/pipe_wrapper_i/pipe_clock_int.pipe_clock_i/userclk1_i1.usrclk1_i1/I
    BUFGCTRL_X0Y0        BUFG (Prop_bufg_I_O)         0.077    20.021 r  XDMA/inst/xdma_v41_m1_pcie2_to_pcie3_wrapper_i/pcie2_ip_i/inst/inst/gt_top_i/pipe_wrapper_i/pipe_clock_int.pipe_clock_i/userclk1_i1.usrclk1_i1/O
                         net (fo=15140, routed)       1.264    21.284    NVP_AUTOINIT/u_sequence/axi_aclk
    SLICE_X57Y44         FDRE                                         r  NVP_AUTOINIT/u_sequence/nack_log_r_reg[3][28]/C
                         clock pessimism              0.309    21.593    
                         clock uncertainty           -0.079    21.514    
    SLICE_X57Y44         FDRE (Setup_fdre_C_CE)      -0.168    21.346    NVP_AUTOINIT/u_sequence/nack_log_r_reg[3][28]
  -------------------------------------------------------------------
                         required time                         21.346    
                         arrival time                         -10.098    
  -------------------------------------------------------------------
                         slack                                 11.248    

Slack (MET) :             11.248ns  (required time - arrival time)
  Source:                 NVP_AUTOINIT/u_sequence/sda_filtered_r_reg/C
                            (rising edge-triggered cell FDSE clocked by userclk1  {rise@0.000ns fall@8.000ns period=16.000ns})
  Destination:            NVP_AUTOINIT/u_sequence/nack_log_r_reg[3][29]/CE
                            (rising edge-triggered cell FDRE clocked by userclk1  {rise@0.000ns fall@8.000ns period=16.000ns})
  Path Group:             userclk1
  Path Type:              Setup (Max at Slow Process Corner)
  Requirement:            16.000ns  (userclk1 rise@16.000ns - userclk1 rise@0.000ns)
  Data Path Delay:        4.465ns  (logic 0.808ns (18.097%)  route 3.657ns (81.903%))
  Logic Levels:           2  (LUT4=1 LUT5=1)
  Clock Path Skew:        -0.040ns (DCD - SCD + CPR)
    Destination Clock Delay (DCD):    5.284ns = ( 21.284 - 16.000 ) 
    Source Clock Delay      (SCD):    5.633ns
    Clock Pessimism Removal (CPR):    0.309ns
  Clock Uncertainty:      0.079ns  ((TSJ^2 + DJ^2)^1/2) / 2 + PE
    Total System Jitter     (TSJ):    0.071ns
    Discrete Jitter          (DJ):    0.141ns
    Phase Error              (PE):    0.000ns

    Location             Delay type                Incr(ns)  Path(ns)    Netlist Resource(s)
  -------------------------------------------------------------------    -------------------
                         (clock userclk1 rise edge)
                                                      0.000     0.000 r  
    GTPE2_CHANNEL_X0Y3   GTPE2_CHANNEL                0.000     0.000 r  XDMA/inst/xdma_v41_m1_pcie2_to_pcie3_wrapper_i/pcie2_ip_i/inst/inst/gt_top_i/pipe_wrapper_i/pipe_lane[0].gt_wrapper_i/gtp_channel.gtpe2_channel_i/TXOUTCLK
                         net (fo=1, routed)           1.209     1.209    XDMA/inst/xdma_v41_m1_pcie2_to_pcie3_wrapper_i/pcie2_ip_i/inst/inst/gt_top_i/pipe_wrapper_i/pipe_clock_int.pipe_clock_i/txoutclk_i.txoutclk_i_0
    BUFGCTRL_X0Y20                                                    r  XDMA/inst/xdma_v41_m1_pcie2_to_pcie3_wrapper_i/pcie2_ip_i/inst/inst/gt_top_i/pipe_wrapper_i/pipe_clock_int.pipe_clock_i/txoutclk_i.txoutclk_i/I
    BUFGCTRL_X0Y20       BUFG (Prop_bufg_I_O)         0.081     1.290 r  XDMA/inst/xdma_v41_m1_pcie2_to_pcie3_wrapper_i/pcie2_ip_i/inst/inst/gt_top_i/pipe_wrapper_i/pipe_clock_int.pipe_clock_i/txoutclk_i.txoutclk_i/O
                         net (fo=1, routed)           1.391     2.681    XDMA/inst/xdma_v41_m1_pcie2_to_pcie3_wrapper_i/pcie2_ip_i/inst/inst/gt_top_i/pipe_wrapper_i/pipe_clock_int.pipe_clock_i/refclk
    MMCME2_ADV_X0Y0                                                   r  XDMA/inst/xdma_v41_m1_pcie2_to_pcie3_wrapper_i/pcie2_ip_i/inst/inst/gt_top_i/pipe_wrapper_i/pipe_clock_int.pipe_clock_i/mmcm_i/CLKIN1
    MMCME2_ADV_X0Y0      MMCME2_ADV (Prop_mmcme2_adv_CLKIN1_CLKOUT2)
                                                      0.077     2.757 r  XDMA/inst/xdma_v41_m1_pcie2_to_pcie3_wrapper_i/pcie2_ip_i/inst/inst/gt_top_i/pipe_wrapper_i/pipe_clock_int.pipe_clock_i/mmcm_i/CLKOUT2
                         net (fo=1, routed)           1.425     4.182    XDMA/inst/xdma_v41_m1_pcie2_to_pcie3_wrapper_i/pcie2_ip_i/inst/inst/gt_top_i/pipe_wrapper_i/pipe_clock_int.pipe_clock_i/userclk1
    BUFGCTRL_X0Y0                                                     r  XDMA/inst/xdma_v41_m1_pcie2_to_pcie3_wrapper_i/pcie2_ip_i/inst/inst/gt_top_i/pipe_wrapper_i/pipe_clock_int.pipe_clock_i/userclk1_i1.usrclk1_i1/I
    BUFGCTRL_X0Y0        BUFG (Prop_bufg_I_O)         0.081     4.263 r  XDMA/inst/xdma_v41_m1_pcie2_to_pcie3_wrapper_i/pcie2_ip_i/inst/inst/gt_top_i/pipe_wrapper_i/pipe_clock_int.pipe_clock_i/userclk1_i1.usrclk1_i1/O
                         net (fo=15140, routed)       1.370     5.633    NVP_AUTOINIT/u_sequence/axi_aclk
    SLICE_X46Y44         FDSE                                         r  NVP_AUTOINIT/u_sequence/sda_filtered_r_reg/C
  -------------------------------------------------------------------    -------------------
    SLICE_X46Y44         FDSE (Prop_fdse_C_Q)         0.433     6.066 r  NVP_AUTOINIT/u_sequence/sda_filtered_r_reg/Q
                         net (fo=11, routed)          0.872     6.938    NVP_AUTOINIT/u_sequence/sda_filtered_r
    SLICE_X41Y48                                                      r  NVP_AUTOINIT/u_sequence/nack_log_r[1][49]_i_2/I1
    SLICE_X41Y48         LUT4 (Prop_lut4_I1_O)        0.108     7.046 r  NVP_AUTOINIT/u_sequence/nack_log_r[1][49]_i_2/O
                         net (fo=6, routed)           0.699     7.745    NVP_AUTOINIT/u_sequence/nack_log_r[1][49]_i_2_n_0
    SLICE_X42Y47                                                      r  NVP_AUTOINIT/u_sequence/nack_log_r[3][49]_i_1/I4
    SLICE_X42Y47         LUT5 (Prop_lut5_I4_O)        0.267     8.012 r  NVP_AUTOINIT/u_sequence/nack_log_r[3][49]_i_1/O
                         net (fo=45, routed)          2.085    10.098    NVP_AUTOINIT/u_sequence/nack_log_r[3][49]_i_1_n_0
    SLICE_X57Y44         FDRE                                         r  NVP_AUTOINIT/u_sequence/nack_log_r_reg[3][29]/CE
  -------------------------------------------------------------------    -------------------

                         (clock userclk1 rise edge)
                                                     16.000    16.000 r  
    GTPE2_CHANNEL_X0Y3   GTPE2_CHANNEL                0.000    16.000 r  XDMA/inst/xdma_v41_m1_pcie2_to_pcie3_wrapper_i/pcie2_ip_i/inst/inst/gt_top_i/pipe_wrapper_i/pipe_lane[0].gt_wrapper_i/gtp_channel.gtpe2_channel_i/TXOUTCLK
                         net (fo=1, routed)           1.150    17.150    XDMA/inst/xdma_v41_m1_pcie2_to_pcie3_wrapper_i/pcie2_ip_i/inst/inst/gt_top_i/pipe_wrapper_i/pipe_clock_int.pipe_clock_i/txoutclk_i.txoutclk_i_0
    BUFGCTRL_X0Y20                                                    r  XDMA/inst/xdma_v41_m1_pcie2_to_pcie3_wrapper_i/pcie2_ip_i/inst/inst/gt_top_i/pipe_wrapper_i/pipe_clock_int.pipe_clock_i/txoutclk_i.txoutclk_i/I
    BUFGCTRL_X0Y20       BUFG (Prop_bufg_I_O)         0.077    17.227 r  XDMA/inst/xdma_v41_m1_pcie2_to_pcie3_wrapper_i/pcie2_ip_i/inst/inst/gt_top_i/pipe_wrapper_i/pipe_clock_int.pipe_clock_i/txoutclk_i.txoutclk_i/O
                         net (fo=1, routed)           1.286    18.513    XDMA/inst/xdma_v41_m1_pcie2_to_pcie3_wrapper_i/pcie2_ip_i/inst/inst/gt_top_i/pipe_wrapper_i/pipe_clock_int.pipe_clock_i/refclk
    MMCME2_ADV_X0Y0                                                   r  XDMA/inst/xdma_v41_m1_pcie2_to_pcie3_wrapper_i/pcie2_ip_i/inst/inst/gt_top_i/pipe_wrapper_i/pipe_clock_int.pipe_clock_i/mmcm_i/CLKIN1
    MMCME2_ADV_X0Y0      MMCME2_ADV (Prop_mmcme2_adv_CLKIN1_CLKOUT2)
                                                      0.073    18.586 r  XDMA/inst/xdma_v41_m1_pcie2_to_pcie3_wrapper_i/pcie2_ip_i/inst/inst/gt_top_i/pipe_wrapper_i/pipe_clock_int.pipe_clock_i/mmcm_i/CLKOUT2
                         net (fo=1, routed)           1.357    19.944    XDMA/inst/xdma_v41_m1_pcie2_to_pcie3_wrapper_i/pcie2_ip_i/inst/inst/gt_top_i/pipe_wrapper_i/pipe_clock_int.pipe_clock_i/userclk1
    BUFGCTRL_X0Y0                                                     r  XDMA/inst/xdma_v41_m1_pcie2_to_pcie3_wrapper_i/pcie2_ip_i/inst/inst/gt_top_i/pipe_wrapper_i/pipe_clock_int.pipe_clock_i/userclk1_i1.usrclk1_i1/I
    BUFGCTRL_X0Y0        BUFG (Prop_bufg_I_O)         0.077    20.021 r  XDMA/inst/xdma_v41_m1_pcie2_to_pcie3_wrapper_i/pcie2_ip_i/inst/inst/gt_top_i/pipe_wrapper_i/pipe_clock_int.pipe_clock_i/userclk1_i1.usrclk1_i1/O
                         net (fo=15140, routed)       1.264    21.284    NVP_AUTOINIT/u_sequence/axi_aclk
    SLICE_X57Y44         FDRE                                         r  NVP_AUTOINIT/u_sequence/nack_log_r_reg[3][29]/C
                         clock pessimism              0.309    21.593    
                         clock uncertainty           -0.079    21.514    
    SLICE_X57Y44         FDRE (Setup_fdre_C_CE)      -0.168    21.346    NVP_AUTOINIT/u_sequence/nack_log_r_reg[3][29]
  -------------------------------------------------------------------
                         required time                         21.346    
                         arrival time                         -10.098    
  -------------------------------------------------------------------
                         slack                                 11.248    

Slack (MET) :             11.248ns  (required time - arrival time)
  Source:                 NVP_AUTOINIT/u_sequence/sda_filtered_r_reg/C
                            (rising edge-triggered cell FDSE clocked by userclk1  {rise@0.000ns fall@8.000ns period=16.000ns})
  Destination:            NVP_AUTOINIT/u_sequence/nack_log_r_reg[3][48]/CE
                            (rising edge-triggered cell FDRE clocked by userclk1  {rise@0.000ns fall@8.000ns period=16.000ns})
  Path Group:             userclk1
  Path Type:              Setup (Max at Slow Process Corner)
  Requirement:            16.000ns  (userclk1 rise@16.000ns - userclk1 rise@0.000ns)
  Data Path Delay:        4.465ns  (logic 0.808ns (18.097%)  route 3.657ns (81.903%))
  Logic Levels:           2  (LUT4=1 LUT5=1)
  Clock Path Skew:        -0.040ns (DCD - SCD + CPR)
    Destination Clock Delay (DCD):    5.284ns = ( 21.284 - 16.000 ) 
    Source Clock Delay      (SCD):    5.633ns
    Clock Pessimism Removal (CPR):    0.309ns
  Clock Uncertainty:      0.079ns  ((TSJ^2 + DJ^2)^1/2) / 2 + PE
    Total System Jitter     (TSJ):    0.071ns
    Discrete Jitter          (DJ):    0.141ns
    Phase Error              (PE):    0.000ns

    Location             Delay type                Incr(ns)  Path(ns)    Netlist Resource(s)
  -------------------------------------------------------------------    -------------------
                         (clock userclk1 rise edge)
                                                      0.000     0.000 r  
    GTPE2_CHANNEL_X0Y3   GTPE2_CHANNEL                0.000     0.000 r  XDMA/inst/xdma_v41_m1_pcie2_to_pcie3_wrapper_i/pcie2_ip_i/inst/inst/gt_top_i/pipe_wrapper_i/pipe_lane[0].gt_wrapper_i/gtp_channel.gtpe2_channel_i/TXOUTCLK
                         net (fo=1, routed)           1.209     1.209    XDMA/inst/xdma_v41_m1_pcie2_to_pcie3_wrapper_i/pcie2_ip_i/inst/inst/gt_top_i/pipe_wrapper_i/pipe_clock_int.pipe_clock_i/txoutclk_i.txoutclk_i_0
    BUFGCTRL_X0Y20                                                    r  XDMA/inst/xdma_v41_m1_pcie2_to_pcie3_wrapper_i/pcie2_ip_i/inst/inst/gt_top_i/pipe_wrapper_i/pipe_clock_int.pipe_clock_i/txoutclk_i.txoutclk_i/I
    BUFGCTRL_X0Y20       BUFG (Prop_bufg_I_O)         0.081     1.290 r  XDMA/inst/xdma_v41_m1_pcie2_to_pcie3_wrapper_i/pcie2_ip_i/inst/inst/gt_top_i/pipe_wrapper_i/pipe_clock_int.pipe_clock_i/txoutclk_i.txoutclk_i/O
                         net (fo=1, routed)           1.391     2.681    XDMA/inst/xdma_v41_m1_pcie2_to_pcie3_wrapper_i/pcie2_ip_i/inst/inst/gt_top_i/pipe_wrapper_i/pipe_clock_int.pipe_clock_i/refclk
    MMCME2_ADV_X0Y0                                                   r  XDMA/inst/xdma_v41_m1_pcie2_to_pcie3_wrapper_i/pcie2_ip_i/inst/inst/gt_top_i/pipe_wrapper_i/pipe_clock_int.pipe_clock_i/mmcm_i/CLKIN1
    MMCME2_ADV_X0Y0      MMCME2_ADV (Prop_mmcme2_adv_CLKIN1_CLKOUT2)
                                                      0.077     2.757 r  XDMA/inst/xdma_v41_m1_pcie2_to_pcie3_wrapper_i/pcie2_ip_i/inst/inst/gt_top_i/pipe_wrapper_i/pipe_clock_int.pipe_clock_i/mmcm_i/CLKOUT2
                         net (fo=1, routed)           1.425     4.182    XDMA/inst/xdma_v41_m1_pcie2_to_pcie3_wrapper_i/pcie2_ip_i/inst/inst/gt_top_i/pipe_wrapper_i/pipe_clock_int.pipe_clock_i/userclk1
    BUFGCTRL_X0Y0                                                     r  XDMA/inst/xdma_v41_m1_pcie2_to_pcie3_wrapper_i/pcie2_ip_i/inst/inst/gt_top_i/pipe_wrapper_i/pipe_clock_int.pipe_clock_i/userclk1_i1.usrclk1_i1/I
    BUFGCTRL_X0Y0        BUFG (Prop_bufg_I_O)         0.081     4.263 r  XDMA/inst/xdma_v41_m1_pcie2_to_pcie3_wrapper_i/pcie2_ip_i/inst/inst/gt_top_i/pipe_wrapper_i/pipe_clock_int.pipe_clock_i/userclk1_i1.usrclk1_i1/O
                         net (fo=15140, routed)       1.370     5.633    NVP_AUTOINIT/u_sequence/axi_aclk
    SLICE_X46Y44         FDSE                                         r  NVP_AUTOINIT/u_sequence/sda_filtered_r_reg/C
  -------------------------------------------------------------------    -------------------
    SLICE_X46Y44         FDSE (Prop_fdse_C_Q)         0.433     6.066 r  NVP_AUTOINIT/u_sequence/sda_filtered_r_reg/Q
                         net (fo=11, routed)          0.872     6.938    NVP_AUTOINIT/u_sequence/sda_filtered_r
    SLICE_X41Y48                                                      r  NVP_AUTOINIT/u_sequence/nack_log_r[1][49]_i_2/I1
    SLICE_X41Y48         LUT4 (Prop_lut4_I1_O)        0.108     7.046 r  NVP_AUTOINIT/u_sequence/nack_log_r[1][49]_i_2/O
                         net (fo=6, routed)           0.699     7.745    NVP_AUTOINIT/u_sequence/nack_log_r[1][49]_i_2_n_0
    SLICE_X42Y47                                                      r  NVP_AUTOINIT/u_sequence/nack_log_r[3][49]_i_1/I4
    SLICE_X42Y47         LUT5 (Prop_lut5_I4_O)        0.267     8.012 r  NVP_AUTOINIT/u_sequence/nack_log_r[3][49]_i_1/O
                         net (fo=45, routed)          2.085    10.098    NVP_AUTOINIT/u_sequence/nack_log_r[3][49]_i_1_n_0
    SLICE_X57Y44         FDRE                                         r  NVP_AUTOINIT/u_sequence/nack_log_r_reg[3][48]/CE
  -------------------------------------------------------------------    -------------------

                         (clock userclk1 rise edge)
                                                     16.000    16.000 r  
    GTPE2_CHANNEL_X0Y3   GTPE2_CHANNEL                0.000    16.000 r  XDMA/inst/xdma_v41_m1_pcie2_to_pcie3_wrapper_i/pcie2_ip_i/inst/inst/gt_top_i/pipe_wrapper_i/pipe_lane[0].gt_wrapper_i/gtp_channel.gtpe2_channel_i/TXOUTCLK
                         net (fo=1, routed)           1.150    17.150    XDMA/inst/xdma_v41_m1_pcie2_to_pcie3_wrapper_i/pcie2_ip_i/inst/inst/gt_top_i/pipe_wrapper_i/pipe_clock_int.pipe_clock_i/txoutclk_i.txoutclk_i_0
    BUFGCTRL_X0Y20                                                    r  XDMA/inst/xdma_v41_m1_pcie2_to_pcie3_wrapper_i/pcie2_ip_i/inst/inst/gt_top_i/pipe_wrapper_i/pipe_clock_int.pipe_clock_i/txoutclk_i.txoutclk_i/I
    BUFGCTRL_X0Y20       BUFG (Prop_bufg_I_O)         0.077    17.227 r  XDMA/inst/xdma_v41_m1_pcie2_to_pcie3_wrapper_i/pcie2_ip_i/inst/inst/gt_top_i/pipe_wrapper_i/pipe_clock_int.pipe_clock_i/txoutclk_i.txoutclk_i/O
                         net (fo=1, routed)           1.286    18.513    XDMA/inst/xdma_v41_m1_pcie2_to_pcie3_wrapper_i/pcie2_ip_i/inst/inst/gt_top_i/pipe_wrapper_i/pipe_clock_int.pipe_clock_i/refclk
    MMCME2_ADV_X0Y0                                                   r  XDMA/inst/xdma_v41_m1_pcie2_to_pcie3_wrapper_i/pcie2_ip_i/inst/inst/gt_top_i/pipe_wrapper_i/pipe_clock_int.pipe_clock_i/mmcm_i/CLKIN1
    MMCME2_ADV_X0Y0      MMCME2_ADV (Prop_mmcme2_adv_CLKIN1_CLKOUT2)
                                                      0.073    18.586 r  XDMA/inst/xdma_v41_m1_pcie2_to_pcie3_wrapper_i/pcie2_ip_i/inst/inst/gt_top_i/pipe_wrapper_i/pipe_clock_int.pipe_clock_i/mmcm_i/CLKOUT2
                         net (fo=1, routed)           1.357    19.944    XDMA/inst/xdma_v41_m1_pcie2_to_pcie3_wrapper_i/pcie2_ip_i/inst/inst/gt_top_i/pipe_wrapper_i/pipe_clock_int.pipe_clock_i/userclk1
    BUFGCTRL_X0Y0                                                     r  XDMA/inst/xdma_v41_m1_pcie2_to_pcie3_wrapper_i/pcie2_ip_i/inst/inst/gt_top_i/pipe_wrapper_i/pipe_clock_int.pipe_clock_i/userclk1_i1.usrclk1_i1/I
    BUFGCTRL_X0Y0        BUFG (Prop_bufg_I_O)         0.077    20.021 r  XDMA/inst/xdma_v41_m1_pcie2_to_pcie3_wrapper_i/pcie2_ip_i/inst/inst/gt_top_i/pipe_wrapper_i/pipe_clock_int.pipe_clock_i/userclk1_i1.usrclk1_i1/O
                         net (fo=15140, routed)       1.264    21.284    NVP_AUTOINIT/u_sequence/axi_aclk
    SLICE_X57Y44         FDRE                                         r  NVP_AUTOINIT/u_sequence/nack_log_r_reg[3][48]/C
                         clock pessimism              0.309    21.593    
                         clock uncertainty           -0.079    21.514    
    SLICE_X57Y44         FDRE (Setup_fdre_C_CE)      -0.168    21.346    NVP_AUTOINIT/u_sequence/nack_log_r_reg[3][48]
  -------------------------------------------------------------------
                         required time                         21.346    
                         arrival time                         -10.098    
  -------------------------------------------------------------------
                         slack                                 11.248    

Slack (MET) :             11.282ns  (required time - arrival time)
  Source:                 NVP_AUTOINIT/u_sequence/sda_filtered_r_reg/C
                            (rising edge-triggered cell FDSE clocked by userclk1  {rise@0.000ns fall@8.000ns period=16.000ns})
  Destination:            NVP_AUTOINIT/u_sequence/nack_log_r_reg[4][21]/CE
                            (rising edge-triggered cell FDRE clocked by userclk1  {rise@0.000ns fall@8.000ns period=16.000ns})
  Path Group:             userclk1
  Path Type:              Setup (Max at Slow Process Corner)
  Requirement:            16.000ns  (userclk1 rise@16.000ns - userclk1 rise@0.000ns)
  Data Path Delay:        4.252ns  (logic 0.819ns (19.260%)  route 3.433ns (80.740%))
  Logic Levels:           2  (LUT4=1 LUT5=1)
  Clock Path Skew:        -0.041ns (DCD - SCD + CPR)
    Destination Clock Delay (DCD):    5.283ns = ( 21.283 - 16.000 ) 
    Source Clock Delay      (SCD):    5.633ns
    Clock Pessimism Removal (CPR):    0.309ns
  Clock Uncertainty:      0.079ns  ((TSJ^2 + DJ^2)^1/2) / 2 + PE
    Total System Jitter     (TSJ):    0.071ns
    Discrete Jitter          (DJ):    0.141ns
    Phase Error              (PE):    0.000ns

    Location             Delay type                Incr(ns)  Path(ns)    Netlist Resource(s)
  -------------------------------------------------------------------    -------------------
                         (clock userclk1 rise edge)
                                                      0.000     0.000 r  
    GTPE2_CHANNEL_X0Y3   GTPE2_CHANNEL                0.000     0.000 r  XDMA/inst/xdma_v41_m1_pcie2_to_pcie3_wrapper_i/pcie2_ip_i/inst/inst/gt_top_i/pipe_wrapper_i/pipe_lane[0].gt_wrapper_i/gtp_channel.gtpe2_channel_i/TXOUTCLK
                         net (fo=1, routed)           1.209     1.209    XDMA/inst/xdma_v41_m1_pcie2_to_pcie3_wrapper_i/pcie2_ip_i/inst/inst/gt_top_i/pipe_wrapper_i/pipe_clock_int.pipe_clock_i/txoutclk_i.txoutclk_i_0
    BUFGCTRL_X0Y20                                                    r  XDMA/inst/xdma_v41_m1_pcie2_to_pcie3_wrapper_i/pcie2_ip_i/inst/inst/gt_top_i/pipe_wrapper_i/pipe_clock_int.pipe_clock_i/txoutclk_i.txoutclk_i/I
    BUFGCTRL_X0Y20       BUFG (Prop_bufg_I_O)         0.081     1.290 r  XDMA/inst/xdma_v41_m1_pcie2_to_pcie3_wrapper_i/pcie2_ip_i/inst/inst/gt_top_i/pipe_wrapper_i/pipe_clock_int.pipe_clock_i/txoutclk_i.txoutclk_i/O
                         net (fo=1, routed)           1.391     2.681    XDMA/inst/xdma_v41_m1_pcie2_to_pcie3_wrapper_i/pcie2_ip_i/inst/inst/gt_top_i/pipe_wrapper_i/pipe_clock_int.pipe_clock_i/refclk
    MMCME2_ADV_X0Y0                                                   r  XDMA/inst/xdma_v41_m1_pcie2_to_pcie3_wrapper_i/pcie2_ip_i/inst/inst/gt_top_i/pipe_wrapper_i/pipe_clock_int.pipe_clock_i/mmcm_i/CLKIN1
    MMCME2_ADV_X0Y0      MMCME2_ADV (Prop_mmcme2_adv_CLKIN1_CLKOUT2)
                                                      0.077     2.757 r  XDMA/inst/xdma_v41_m1_pcie2_to_pcie3_wrapper_i/pcie2_ip_i/inst/inst/gt_top_i/pipe_wrapper_i/pipe_clock_int.pipe_clock_i/mmcm_i/CLKOUT2
                         net (fo=1, routed)           1.425     4.182    XDMA/inst/xdma_v41_m1_pcie2_to_pcie3_wrapper_i/pcie2_ip_i/inst/inst/gt_top_i/pipe_wrapper_i/pipe_clock_int.pipe_clock_i/userclk1
    BUFGCTRL_X0Y0                                                     r  XDMA/inst/xdma_v41_m1_pcie2_to_pcie3_wrapper_i/pcie2_ip_i/inst/inst/gt_top_i/pipe_wrapper_i/pipe_clock_int.pipe_clock_i/userclk1_i1.usrclk1_i1/I
    BUFGCTRL_X0Y0        BUFG (Prop_bufg_I_O)         0.081     4.263 r  XDMA/inst/xdma_v41_m1_pcie2_to_pcie3_wrapper_i/pcie2_ip_i/inst/inst/gt_top_i/pipe_wrapper_i/pipe_clock_int.pipe_clock_i/userclk1_i1.usrclk1_i1/O
                         net (fo=15140, routed)       1.370     5.633    NVP_AUTOINIT/u_sequence/axi_aclk
    SLICE_X46Y44         FDSE                                         r  NVP_AUTOINIT/u_sequence/sda_filtered_r_reg/C
  -------------------------------------------------------------------    -------------------
    SLICE_X46Y44         FDSE (Prop_fdse_C_Q)         0.433     6.066 r  NVP_AUTOINIT/u_sequence/sda_filtered_r_reg/Q
                         net (fo=11, routed)          0.872     6.938    NVP_AUTOINIT/u_sequence/sda_filtered_r
    SLICE_X41Y48                                                      r  NVP_AUTOINIT/u_sequence/nack_log_r[1][49]_i_2/I1
    SLICE_X41Y48         LUT4 (Prop_lut4_I1_O)        0.108     7.046 r  NVP_AUTOINIT/u_sequence/nack_log_r[1][49]_i_2/O
                         net (fo=6, routed)           0.669     7.715    NVP_AUTOINIT/u_sequence/nack_log_r[1][49]_i_2_n_0
    SLICE_X42Y48                                                      r  NVP_AUTOINIT/u_sequence/nack_log_r[4][49]_i_1/I2
    SLICE_X42Y48         LUT5 (Prop_lut5_I2_O)        0.278     7.993 r  NVP_AUTOINIT/u_sequence/nack_log_r[4][49]_i_1/O
                         net (fo=45, routed)          1.892     9.885    NVP_AUTOINIT/u_sequence/nack_log_r[4][49]_i_1_n_0
    SLICE_X49Y42         FDRE                                         r  NVP_AUTOINIT/u_sequence/nack_log_r_reg[4][21]/CE
  -------------------------------------------------------------------    -------------------

                         (clock userclk1 rise edge)
                                                     16.000    16.000 r  
    GTPE2_CHANNEL_X0Y3   GTPE2_CHANNEL                0.000    16.000 r  XDMA/inst/xdma_v41_m1_pcie2_to_pcie3_wrapper_i/pcie2_ip_i/inst/inst/gt_top_i/pipe_wrapper_i/pipe_lane[0].gt_wrapper_i/gtp_channel.gtpe2_channel_i/TXOUTCLK
                         net (fo=1, routed)           1.150    17.150    XDMA/inst/xdma_v41_m1_pcie2_to_pcie3_wrapper_i/pcie2_ip_i/inst/inst/gt_top_i/pipe_wrapper_i/pipe_clock_int.pipe_clock_i/txoutclk_i.txoutclk_i_0
    BUFGCTRL_X0Y20                                                    r  XDMA/inst/xdma_v41_m1_pcie2_to_pcie3_wrapper_i/pcie2_ip_i/inst/inst/gt_top_i/pipe_wrapper_i/pipe_clock_int.pipe_clock_i/txoutclk_i.txoutclk_i/I
    BUFGCTRL_X0Y20       BUFG (Prop_bufg_I_O)         0.077    17.227 r  XDMA/inst/xdma_v41_m1_pcie2_to_pcie3_wrapper_i/pcie2_ip_i/inst/inst/gt_top_i/pipe_wrapper_i/pipe_clock_int.pipe_clock_i/txoutclk_i.txoutclk_i/O
                         net (fo=1, routed)           1.286    18.513    XDMA/inst/xdma_v41_m1_pcie2_to_pcie3_wrapper_i/pcie2_ip_i/inst/inst/gt_top_i/pipe_wrapper_i/pipe_clock_int.pipe_clock_i/refclk
    MMCME2_ADV_X0Y0                                                   r  XDMA/inst/xdma_v41_m1_pcie2_to_pcie3_wrapper_i/pcie2_ip_i/inst/inst/gt_top_i/pipe_wrapper_i/pipe_clock_int.pipe_clock_i/mmcm_i/CLKIN1
    MMCME2_ADV_X0Y0      MMCME2_ADV (Prop_mmcme2_adv_CLKIN1_CLKOUT2)
                                                      0.073    18.586 r  XDMA/inst/xdma_v41_m1_pcie2_to_pcie3_wrapper_i/pcie2_ip_i/inst/inst/gt_top_i/pipe_wrapper_i/pipe_clock_int.pipe_clock_i/mmcm_i/CLKOUT2
                         net (fo=1, routed)           1.357    19.944    XDMA/inst/xdma_v41_m1_pcie2_to_pcie3_wrapper_i/pcie2_ip_i/inst/inst/gt_top_i/pipe_wrapper_i/pipe_clock_int.pipe_clock_i/userclk1
    BUFGCTRL_X0Y0                                                     r  XDMA/inst/xdma_v41_m1_pcie2_to_pcie3_wrapper_i/pcie2_ip_i/inst/inst/gt_top_i/pipe_wrapper_i/pipe_clock_int.pipe_clock_i/userclk1_i1.usrclk1_i1/I
    BUFGCTRL_X0Y0        BUFG (Prop_bufg_I_O)         0.077    20.021 r  XDMA/inst/xdma_v41_m1_pcie2_to_pcie3_wrapper_i/pcie2_ip_i/inst/inst/gt_top_i/pipe_wrapper_i/pipe_clock_int.pipe_clock_i/userclk1_i1.usrclk1_i1/O
                         net (fo=15140, routed)       1.263    21.283    NVP_AUTOINIT/u_sequence/axi_aclk
    SLICE_X49Y42         FDRE                                         r  NVP_AUTOINIT/u_sequence/nack_log_r_reg[4][21]/C
                         clock pessimism              0.309    21.592    
                         clock uncertainty           -0.079    21.513    
    SLICE_X49Y42         FDRE (Setup_fdre_C_CE)      -0.346    21.167    NVP_AUTOINIT/u_sequence/nack_log_r_reg[4][21]
  -------------------------------------------------------------------
                         required time                         21.167    
                         arrival time                          -9.885    
  -------------------------------------------------------------------
                         slack                                 11.282    




