Copyright 1986-2022 Xilinx, Inc. All Rights Reserved. Copyright 2022-2025 Advanced Micro Devices, Inc. All Rights Reserved.
---------------------------------------------------------------------------------------------------------------------------------------------------------------
| Tool Version : Vivado v.2025.2 (win64) Build 6299465 Fri Nov 14 19:35:11 GMT 2025
| Date         : Thu Sep 10 18:01:02 2026
| Host         : NBLSUDUL running 64-bit major release  (build 9200)
| Command      : report_timing -delay_type min -max_paths 100 -nworst 1 -file C:/FPGA/G2B_NVP_VIDEO_DIAG1_R2R1_20260910T104826Z/signoff/ROUTED_HOLD_TIMING.rpt
| Design       : ahd_capture_top_xdma
| Device       : 7a35t-csg325
| Speed File   : -2  PRODUCTION 1.23 2018-06-13
| Design State : Routed
---------------------------------------------------------------------------------------------------------------------------------------------------------------

Timing Report

Slack (MET) :             0.036ns  (arrival time - required time)
  Source:                 XDMA/inst/xdma_v41_m1_pcie2_to_pcie3_wrapper_i/xdma_v41_m1_axi_stream_intf_i/xdma_v41_m1_rx_demux_i/tgtfifo_s_axis_tlast_reg/C
                            (rising edge-triggered cell FDRE clocked by userclk1  {rise@0.000ns fall@8.000ns period=16.000ns})
  Destination:            ahd_capture_top_xdma/xdma_v41_m1/xdma_v41_m1_core_top/xdma_v41_m1_pcie2_to_pcie3_wrapper/xdma_v41_m1_axi_stream_intf/xdma_v41_m1_rx_demux/pcie2_fifo_generator_tgt_brdg/<hidden>/<hidden>/<hidden>/<hidden>/<hidden>/<hidden>/<hidden>
                            (rising edge-triggered cell RAMD32 clocked by userclk1  {rise@0.000ns fall@8.000ns period=16.000ns})
  Path Group:             userclk1
  Path Type:              Hold (Min at Fast Process Corner)
  Requirement:            0.000ns  (userclk1 rise@0.000ns - userclk1 rise@0.000ns)
  Data Path Delay:        0.196ns  (logic 0.141ns (71.838%)  route 0.055ns (28.162%))
  Logic Levels:           0  
  Clock Path Skew:        0.013ns (DCD - SCD - CPR)
    Destination Clock Delay (DCD):    2.877ns
    Source Clock Delay      (SCD):    2.250ns
    Clock Pessimism Removal (CPR):    0.614ns

    Location             Delay type                Incr(ns)  Path(ns)    Netlist Resource(s)
  -------------------------------------------------------------------    -------------------
                         (clock userclk1 rise edge)
                                                      0.000     0.000 r  
    GTPE2_CHANNEL_X0Y3   GTPE2_CHANNEL                0.000     0.000 r  XDMA/inst/xdma_v41_m1_pcie2_to_pcie3_wrapper_i/pcie2_ip_i/inst/inst/gt_top_i/pipe_wrapper_i/pipe_lane[0].gt_wrapper_i/gtp_channel.gtpe2_channel_i/TXOUTCLK
                         net (fo=1, routed)           0.473     0.473    XDMA/inst/xdma_v41_m1_pcie2_to_pcie3_wrapper_i/pcie2_ip_i/inst/inst/gt_top_i/pipe_wrapper_i/pipe_clock_int.pipe_clock_i/txoutclk_i.txoutclk_i_0
    BUFGCTRL_X0Y20       BUFG (Prop_bufg_I_O)         0.026     0.499 r  XDMA/inst/xdma_v41_m1_pcie2_to_pcie3_wrapper_i/pcie2_ip_i/inst/inst/gt_top_i/pipe_wrapper_i/pipe_clock_int.pipe_clock_i/txoutclk_i.txoutclk_i/O
                         net (fo=1, routed)           0.551     1.050    XDMA/inst/xdma_v41_m1_pcie2_to_pcie3_wrapper_i/pcie2_ip_i/inst/inst/gt_top_i/pipe_wrapper_i/pipe_clock_int.pipe_clock_i/refclk
    MMCME2_ADV_X0Y0      MMCME2_ADV (Prop_mmcme2_adv_CLKIN1_CLKOUT2)
                                                      0.050     1.100 r  XDMA/inst/xdma_v41_m1_pcie2_to_pcie3_wrapper_i/pcie2_ip_i/inst/inst/gt_top_i/pipe_wrapper_i/pipe_clock_int.pipe_clock_i/mmcm_i/CLKOUT2
                         net (fo=1, routed)           0.489     1.589    XDMA/inst/xdma_v41_m1_pcie2_to_pcie3_wrapper_i/pcie2_ip_i/inst/inst/gt_top_i/pipe_wrapper_i/pipe_clock_int.pipe_clock_i/userclk1
    BUFGCTRL_X0Y0        BUFG (Prop_bufg_I_O)         0.026     1.615 r  XDMA/inst/xdma_v41_m1_pcie2_to_pcie3_wrapper_i/pcie2_ip_i/inst/inst/gt_top_i/pipe_wrapper_i/pipe_clock_int.pipe_clock_i/userclk1_i1.usrclk1_i1/O
                         net (fo=18985, routed)       0.635     2.250    XDMA/inst/xdma_v41_m1_pcie2_to_pcie3_wrapper_i/xdma_v41_m1_axi_stream_intf_i/xdma_v41_m1_rx_demux_i/user_clk_out
    SLICE_X43Y130        FDRE                                         r  XDMA/inst/xdma_v41_m1_pcie2_to_pcie3_wrapper_i/xdma_v41_m1_axi_stream_intf_i/xdma_v41_m1_rx_demux_i/tgtfifo_s_axis_tlast_reg/C
  -------------------------------------------------------------------    -------------------
    SLICE_X43Y130        FDRE (Prop_fdre_C_Q)         0.141     2.391 r  XDMA/inst/xdma_v41_m1_pcie2_to_pcie3_wrapper_i/xdma_v41_m1_axi_stream_intf_i/xdma_v41_m1_rx_demux_i/tgtfifo_s_axis_tlast_reg/Q
                         net (fo=1, routed)           0.055     2.446    ahd_capture_top_xdma/xdma_v41_m1/xdma_v41_m1_core_top/xdma_v41_m1_pcie2_to_pcie3_wrapper/xdma_v41_m1_axi_stream_intf/xdma_v41_m1_rx_demux/pcie2_fifo_generator_tgt_brdg/<hidden>/<hidden>/<hidden>/<hidden>/<hidden>/<hidden>/<hidden>
    SLICE_X42Y130        RAMD32                                       r  ahd_capture_top_xdma/xdma_v41_m1/xdma_v41_m1_core_top/xdma_v41_m1_pcie2_to_pcie3_wrapper/xdma_v41_m1_axi_stream_intf/xdma_v41_m1_rx_demux/pcie2_fifo_generator_tgt_brdg/<hidden>/<hidden>/<hidden>/<hidden>/<hidden>/<hidden>/<hidden>
  -------------------------------------------------------------------    -------------------

                         (clock userclk1 rise edge)
                                                      0.000     0.000 r  
    GTPE2_CHANNEL_X0Y3   GTPE2_CHANNEL                0.000     0.000 r  XDMA/inst/xdma_v41_m1_pcie2_to_pcie3_wrapper_i/pcie2_ip_i/inst/inst/gt_top_i/pipe_wrapper_i/pipe_lane[0].gt_wrapper_i/gtp_channel.gtpe2_channel_i/TXOUTCLK
                         net (fo=1, routed)           0.509     0.509    XDMA/inst/xdma_v41_m1_pcie2_to_pcie3_wrapper_i/pcie2_ip_i/inst/inst/gt_top_i/pipe_wrapper_i/pipe_clock_int.pipe_clock_i/txoutclk_i.txoutclk_i_0
    BUFGCTRL_X0Y20       BUFG (Prop_bufg_I_O)         0.029     0.538 r  XDMA/inst/xdma_v41_m1_pcie2_to_pcie3_wrapper_i/pcie2_ip_i/inst/inst/gt_top_i/pipe_wrapper_i/pipe_clock_int.pipe_clock_i/txoutclk_i.txoutclk_i/O
                         net (fo=1, routed)           0.818     1.355    XDMA/inst/xdma_v41_m1_pcie2_to_pcie3_wrapper_i/pcie2_ip_i/inst/inst/gt_top_i/pipe_wrapper_i/pipe_clock_int.pipe_clock_i/refclk
    MMCME2_ADV_X0Y0      MMCME2_ADV (Prop_mmcme2_adv_CLKIN1_CLKOUT2)
                                                      0.053     1.408 r  XDMA/inst/xdma_v41_m1_pcie2_to_pcie3_wrapper_i/pcie2_ip_i/inst/inst/gt_top_i/pipe_wrapper_i/pipe_clock_int.pipe_clock_i/mmcm_i/CLKOUT2
                         net (fo=1, routed)           0.534     1.942    XDMA/inst/xdma_v41_m1_pcie2_to_pcie3_wrapper_i/pcie2_ip_i/inst/inst/gt_top_i/pipe_wrapper_i/pipe_clock_int.pipe_clock_i/userclk1
    BUFGCTRL_X0Y0        BUFG (Prop_bufg_I_O)         0.029     1.971 r  XDMA/inst/xdma_v41_m1_pcie2_to_pcie3_wrapper_i/pcie2_ip_i/inst/inst/gt_top_i/pipe_wrapper_i/pipe_clock_int.pipe_clock_i/userclk1_i1.usrclk1_i1/O
                         net (fo=18985, routed)       0.906     2.877    ahd_capture_top_xdma/xdma_v41_m1/xdma_v41_m1_core_top/xdma_v41_m1_pcie2_to_pcie3_wrapper/xdma_v41_m1_axi_stream_intf/xdma_v41_m1_rx_demux/pcie2_fifo_generator_tgt_brdg/<hidden>/<hidden>/<hidden>/<hidden>/<hidden>/<hidden>/<hidden>
    SLICE_X42Y130        RAMD32                                       r  ahd_capture_top_xdma/xdma_v41_m1/xdma_v41_m1_core_top/xdma_v41_m1_pcie2_to_pcie3_wrapper/xdma_v41_m1_axi_stream_intf/xdma_v41_m1_rx_demux/pcie2_fifo_generator_tgt_brdg/<hidden>/<hidden>/<hidden>/<hidden>/<hidden>/<hidden>/<hidden>
                         clock pessimism             -0.614     2.263    
    SLICE_X42Y130        RAMD32 (Hold_ramd32_CLK_I)
                                                      0.147     2.410    ahd_capture_top_xdma/xdma_v41_m1/xdma_v41_m1_core_top/xdma_v41_m1_pcie2_to_pcie3_wrapper/xdma_v41_m1_axi_stream_intf/xdma_v41_m1_rx_demux/pcie2_fifo_generator_tgt_brdg/<hidden>/<hidden>/<hidden>/<hidden>/<hidden>/<hidden>/<hidden>
  -------------------------------------------------------------------
                         required time                         -2.410    
                         arrival time                           2.446    
  -------------------------------------------------------------------
                         slack                                  0.036    

Slack (MET) :             0.039ns  (arrival time - required time)
  Source:                 XDMA/inst/udma_wrapper/dma_top/dma_enable.vul_dma/RD/gen_rdwr_loop[0].gen_rdwr_eng.RDWR_INST/dsc_radr_nn1_reg[33]/C
                            (rising edge-triggered cell FDRE clocked by userclk1  {rise@0.000ns fall@8.000ns period=16.000ns})
  Destination:            XDMA/inst/udma_wrapper/dma_top/dma_enable.vul_dma/RD/gen_rdwr_loop[0].gen_rdwr_eng.RDWR_INST/rrq_dsc_radr_902_reg[33]/D
                            (rising edge-triggered cell FDRE clocked by userclk1  {rise@0.000ns fall@8.000ns period=16.000ns})
  Path Group:             userclk1
  Path Type:              Hold (Min at Fast Process Corner)
  Requirement:            0.000ns  (userclk1 rise@0.000ns - userclk1 rise@0.000ns)
  Data Path Delay:        0.425ns  (logic 0.246ns (57.857%)  route 0.179ns (42.143%))
  Logic Levels:           1  (LUT5=1)
  Clock Path Skew:        0.265ns (DCD - SCD - CPR)
    Destination Clock Delay (DCD):    2.788ns
    Source Clock Delay      (SCD):    2.163ns
    Clock Pessimism Removal (CPR):    0.361ns

    Location             Delay type                Incr(ns)  Path(ns)    Netlist Resource(s)
  -------------------------------------------------------------------    -------------------
                         (clock userclk1 rise edge)
                                                      0.000     0.000 r  
    GTPE2_CHANNEL_X0Y3   GTPE2_CHANNEL                0.000     0.000 r  XDMA/inst/xdma_v41_m1_pcie2_to_pcie3_wrapper_i/pcie2_ip_i/inst/inst/gt_top_i/pipe_wrapper_i/pipe_lane[0].gt_wrapper_i/gtp_channel.gtpe2_channel_i/TXOUTCLK
                         net (fo=1, routed)           0.473     0.473    XDMA/inst/xdma_v41_m1_pcie2_to_pcie3_wrapper_i/pcie2_ip_i/inst/inst/gt_top_i/pipe_wrapper_i/pipe_clock_int.pipe_clock_i/txoutclk_i.txoutclk_i_0
    BUFGCTRL_X0Y20       BUFG (Prop_bufg_I_O)         0.026     0.499 r  XDMA/inst/xdma_v41_m1_pcie2_to_pcie3_wrapper_i/pcie2_ip_i/inst/inst/gt_top_i/pipe_wrapper_i/pipe_clock_int.pipe_clock_i/txoutclk_i.txoutclk_i/O
                         net (fo=1, routed)           0.551     1.050    XDMA/inst/xdma_v41_m1_pcie2_to_pcie3_wrapper_i/pcie2_ip_i/inst/inst/gt_top_i/pipe_wrapper_i/pipe_clock_int.pipe_clock_i/refclk
    MMCME2_ADV_X0Y0      MMCME2_ADV (Prop_mmcme2_adv_CLKIN1_CLKOUT2)
                                                      0.050     1.100 r  XDMA/inst/xdma_v41_m1_pcie2_to_pcie3_wrapper_i/pcie2_ip_i/inst/inst/gt_top_i/pipe_wrapper_i/pipe_clock_int.pipe_clock_i/mmcm_i/CLKOUT2
                         net (fo=1, routed)           0.489     1.589    XDMA/inst/xdma_v41_m1_pcie2_to_pcie3_wrapper_i/pcie2_ip_i/inst/inst/gt_top_i/pipe_wrapper_i/pipe_clock_int.pipe_clock_i/userclk1
    BUFGCTRL_X0Y0        BUFG (Prop_bufg_I_O)         0.026     1.615 r  XDMA/inst/xdma_v41_m1_pcie2_to_pcie3_wrapper_i/pcie2_ip_i/inst/inst/gt_top_i/pipe_wrapper_i/pipe_clock_int.pipe_clock_i/userclk1_i1.usrclk1_i1/O
                         net (fo=18985, routed)       0.548     2.163    XDMA/inst/udma_wrapper/dma_top/dma_enable.vul_dma/RD/gen_rdwr_loop[0].gen_rdwr_eng.RDWR_INST/user_clk
    SLICE_X38Y75         FDRE                                         r  XDMA/inst/udma_wrapper/dma_top/dma_enable.vul_dma/RD/gen_rdwr_loop[0].gen_rdwr_eng.RDWR_INST/dsc_radr_nn1_reg[33]/C
  -------------------------------------------------------------------    -------------------
    SLICE_X38Y75         FDRE (Prop_fdre_C_Q)         0.148     2.311 r  XDMA/inst/udma_wrapper/dma_top/dma_enable.vul_dma/RD/gen_rdwr_loop[0].gen_rdwr_eng.RDWR_INST/dsc_radr_nn1_reg[33]/Q
                         net (fo=1, routed)           0.179     2.490    XDMA/inst/udma_wrapper/dma_top/dma_enable.vul_dma/RD/gen_rdwr_loop[0].gen_rdwr_eng.RDWR_INST/dsc_radr_nn1[33]
    SLICE_X34Y79         LUT5 (Prop_lut5_I0_O)        0.098     2.588 r  XDMA/inst/udma_wrapper/dma_top/dma_enable.vul_dma/RD/gen_rdwr_loop[0].gen_rdwr_eng.RDWR_INST/rrq_dsc_radr_902[33]_i_1/O
                         net (fo=1, routed)           0.000     2.588    XDMA/inst/udma_wrapper/dma_top/dma_enable.vul_dma/RD/gen_rdwr_loop[0].gen_rdwr_eng.RDWR_INST/rrq_dsc_radr_901[33]
    SLICE_X34Y79         FDRE                                         r  XDMA/inst/udma_wrapper/dma_top/dma_enable.vul_dma/RD/gen_rdwr_loop[0].gen_rdwr_eng.RDWR_INST/rrq_dsc_radr_902_reg[33]/D
  -------------------------------------------------------------------    -------------------

                         (clock userclk1 rise edge)
                                                      0.000     0.000 r  
    GTPE2_CHANNEL_X0Y3   GTPE2_CHANNEL                0.000     0.000 r  XDMA/inst/xdma_v41_m1_pcie2_to_pcie3_wrapper_i/pcie2_ip_i/inst/inst/gt_top_i/pipe_wrapper_i/pipe_lane[0].gt_wrapper_i/gtp_channel.gtpe2_channel_i/TXOUTCLK
                         net (fo=1, routed)           0.509     0.509    XDMA/inst/xdma_v41_m1_pcie2_to_pcie3_wrapper_i/pcie2_ip_i/inst/inst/gt_top_i/pipe_wrapper_i/pipe_clock_int.pipe_clock_i/txoutclk_i.txoutclk_i_0
    BUFGCTRL_X0Y20       BUFG (Prop_bufg_I_O)         0.029     0.538 r  XDMA/inst/xdma_v41_m1_pcie2_to_pcie3_wrapper_i/pcie2_ip_i/inst/inst/gt_top_i/pipe_wrapper_i/pipe_clock_int.pipe_clock_i/txoutclk_i.txoutclk_i/O
                         net (fo=1, routed)           0.818     1.355    XDMA/inst/xdma_v41_m1_pcie2_to_pcie3_wrapper_i/pcie2_ip_i/inst/inst/gt_top_i/pipe_wrapper_i/pipe_clock_int.pipe_clock_i/refclk
    MMCME2_ADV_X0Y0      MMCME2_ADV (Prop_mmcme2_adv_CLKIN1_CLKOUT2)
                                                      0.053     1.408 r  XDMA/inst/xdma_v41_m1_pcie2_to_pcie3_wrapper_i/pcie2_ip_i/inst/inst/gt_top_i/pipe_wrapper_i/pipe_clock_int.pipe_clock_i/mmcm_i/CLKOUT2
                         net (fo=1, routed)           0.534     1.942    XDMA/inst/xdma_v41_m1_pcie2_to_pcie3_wrapper_i/pcie2_ip_i/inst/inst/gt_top_i/pipe_wrapper_i/pipe_clock_int.pipe_clock_i/userclk1
    BUFGCTRL_X0Y0        BUFG (Prop_bufg_I_O)         0.029     1.971 r  XDMA/inst/xdma_v41_m1_pcie2_to_pcie3_wrapper_i/pcie2_ip_i/inst/inst/gt_top_i/pipe_wrapper_i/pipe_clock_int.pipe_clock_i/userclk1_i1.usrclk1_i1/O
                         net (fo=18985, routed)       0.817     2.788    XDMA/inst/udma_wrapper/dma_top/dma_enable.vul_dma/RD/gen_rdwr_loop[0].gen_rdwr_eng.RDWR_INST/user_clk
    SLICE_X34Y79         FDRE                                         r  XDMA/inst/udma_wrapper/dma_top/dma_enable.vul_dma/RD/gen_rdwr_loop[0].gen_rdwr_eng.RDWR_INST/rrq_dsc_radr_902_reg[33]/C
                         clock pessimism             -0.361     2.428    
    SLICE_X34Y79         FDRE (Hold_fdre_C_D)         0.121     2.549    XDMA/inst/udma_wrapper/dma_top/dma_enable.vul_dma/RD/gen_rdwr_loop[0].gen_rdwr_eng.RDWR_INST/rrq_dsc_radr_902_reg[33]
  -------------------------------------------------------------------
                         required time                         -2.549    
                         arrival time                           2.588    
  -------------------------------------------------------------------
                         slack                                  0.039    

Slack (MET) :             0.044ns  (arrival time - required time)
  Source:                 XDMA/inst/xdma_v41_m1_pcie2_to_pcie3_wrapper_i/pcie2_ip_i/inst/inst/pcie_top_i/pcie_7x_i/pcie_bram_top/pcie_brams_rx/brams[0].ram/use_tdp.ramb36/genblk5_0.bram36_tdp_bl.bram36_tdp_bl/CLKBWRCLK
                            (rising edge-triggered cell RAMB36E1 clocked by userclk1  {rise@0.000ns fall@8.000ns period=16.000ns})
  Destination:            XDMA/inst/xdma_v41_m1_pcie2_to_pcie3_wrapper_i/pcie2_ip_i/inst/inst/pcie_top_i/pcie_7x_i/pcie_block_i/MIMRXRDATA[13]
                            (rising edge-triggered cell PCIE_2_1 clocked by userclk1  {rise@0.000ns fall@8.000ns period=16.000ns})
  Path Group:             userclk1
  Path Type:              Hold (Min at Fast Process Corner)
  Requirement:            0.000ns  (userclk1 rise@0.000ns - userclk1 rise@0.000ns)
  Data Path Delay:        0.761ns  (logic 0.204ns (26.820%)  route 0.557ns (73.180%))
  Logic Levels:           0  
  Clock Path Skew:        0.236ns (DCD - SCD - CPR)
    Destination Clock Delay (DCD):    2.887ns
    Source Clock Delay      (SCD):    2.285ns
    Clock Pessimism Removal (CPR):    0.365ns

    Location             Delay type                Incr(ns)  Path(ns)    Netlist Resource(s)
  -------------------------------------------------------------------    -------------------
                         (clock userclk1 rise edge)
                                                      0.000     0.000 r  
    GTPE2_CHANNEL_X0Y3   GTPE2_CHANNEL                0.000     0.000 r  XDMA/inst/xdma_v41_m1_pcie2_to_pcie3_wrapper_i/pcie2_ip_i/inst/inst/gt_top_i/pipe_wrapper_i/pipe_lane[0].gt_wrapper_i/gtp_channel.gtpe2_channel_i/TXOUTCLK
                         net (fo=1, routed)           0.473     0.473    XDMA/inst/xdma_v41_m1_pcie2_to_pcie3_wrapper_i/pcie2_ip_i/inst/inst/gt_top_i/pipe_wrapper_i/pipe_clock_int.pipe_clock_i/txoutclk_i.txoutclk_i_0
    BUFGCTRL_X0Y20       BUFG (Prop_bufg_I_O)         0.026     0.499 r  XDMA/inst/xdma_v41_m1_pcie2_to_pcie3_wrapper_i/pcie2_ip_i/inst/inst/gt_top_i/pipe_wrapper_i/pipe_clock_int.pipe_clock_i/txoutclk_i.txoutclk_i/O
                         net (fo=1, routed)           0.551     1.050    XDMA/inst/xdma_v41_m1_pcie2_to_pcie3_wrapper_i/pcie2_ip_i/inst/inst/gt_top_i/pipe_wrapper_i/pipe_clock_int.pipe_clock_i/refclk
    MMCME2_ADV_X0Y0      MMCME2_ADV (Prop_mmcme2_adv_CLKIN1_CLKOUT2)
                                                      0.050     1.100 r  XDMA/inst/xdma_v41_m1_pcie2_to_pcie3_wrapper_i/pcie2_ip_i/inst/inst/gt_top_i/pipe_wrapper_i/pipe_clock_int.pipe_clock_i/mmcm_i/CLKOUT2
                         net (fo=1, routed)           0.489     1.589    XDMA/inst/xdma_v41_m1_pcie2_to_pcie3_wrapper_i/pcie2_ip_i/inst/inst/gt_top_i/pipe_wrapper_i/pipe_clock_int.pipe_clock_i/userclk1
    BUFGCTRL_X0Y0        BUFG (Prop_bufg_I_O)         0.026     1.615 r  XDMA/inst/xdma_v41_m1_pcie2_to_pcie3_wrapper_i/pcie2_ip_i/inst/inst/gt_top_i/pipe_wrapper_i/pipe_clock_int.pipe_clock_i/userclk1_i1.usrclk1_i1/O
                         net (fo=18985, routed)       0.670     2.285    XDMA/inst/xdma_v41_m1_pcie2_to_pcie3_wrapper_i/pcie2_ip_i/inst/inst/pcie_top_i/pcie_7x_i/pcie_bram_top/pcie_brams_rx/brams[0].ram/use_tdp.ramb36/INT_USERCLK2_OUT
    RAMB36_X0Y24         RAMB36E1                                     r  XDMA/inst/xdma_v41_m1_pcie2_to_pcie3_wrapper_i/pcie2_ip_i/inst/inst/pcie_top_i/pcie_7x_i/pcie_bram_top/pcie_brams_rx/brams[0].ram/use_tdp.ramb36/genblk5_0.bram36_tdp_bl.bram36_tdp_bl/CLKBWRCLK
  -------------------------------------------------------------------    -------------------
    RAMB36_X0Y24         RAMB36E1 (Prop_ramb36e1_CLKBWRCLK_DOBDO[12])
                                                      0.204     2.489 r  XDMA/inst/xdma_v41_m1_pcie2_to_pcie3_wrapper_i/pcie2_ip_i/inst/inst/pcie_top_i/pcie_7x_i/pcie_bram_top/pcie_brams_rx/brams[0].ram/use_tdp.ramb36/genblk5_0.bram36_tdp_bl.bram36_tdp_bl/DOBDO[12]
                         net (fo=1, routed)           0.557     3.046    XDMA/inst/xdma_v41_m1_pcie2_to_pcie3_wrapper_i/pcie2_ip_i/inst/inst/pcie_top_i/pcie_7x_i/mim_rx_rdata[13]
    PCIE_X0Y0            PCIE_2_1                                     r  XDMA/inst/xdma_v41_m1_pcie2_to_pcie3_wrapper_i/pcie2_ip_i/inst/inst/pcie_top_i/pcie_7x_i/pcie_block_i/MIMRXRDATA[13]
  -------------------------------------------------------------------    -------------------

                         (clock userclk1 rise edge)
                                                      0.000     0.000 r  
    GTPE2_CHANNEL_X0Y3   GTPE2_CHANNEL                0.000     0.000 r  XDMA/inst/xdma_v41_m1_pcie2_to_pcie3_wrapper_i/pcie2_ip_i/inst/inst/gt_top_i/pipe_wrapper_i/pipe_lane[0].gt_wrapper_i/gtp_channel.gtpe2_channel_i/TXOUTCLK
                         net (fo=1, routed)           0.509     0.509    XDMA/inst/xdma_v41_m1_pcie2_to_pcie3_wrapper_i/pcie2_ip_i/inst/inst/gt_top_i/pipe_wrapper_i/pipe_clock_int.pipe_clock_i/txoutclk_i.txoutclk_i_0
    BUFGCTRL_X0Y20       BUFG (Prop_bufg_I_O)         0.029     0.538 r  XDMA/inst/xdma_v41_m1_pcie2_to_pcie3_wrapper_i/pcie2_ip_i/inst/inst/gt_top_i/pipe_wrapper_i/pipe_clock_int.pipe_clock_i/txoutclk_i.txoutclk_i/O
                         net (fo=1, routed)           0.818     1.355    XDMA/inst/xdma_v41_m1_pcie2_to_pcie3_wrapper_i/pcie2_ip_i/inst/inst/gt_top_i/pipe_wrapper_i/pipe_clock_int.pipe_clock_i/refclk
    MMCME2_ADV_X0Y0      MMCME2_ADV (Prop_mmcme2_adv_CLKIN1_CLKOUT2)
                                                      0.053     1.408 r  XDMA/inst/xdma_v41_m1_pcie2_to_pcie3_wrapper_i/pcie2_ip_i/inst/inst/gt_top_i/pipe_wrapper_i/pipe_clock_int.pipe_clock_i/mmcm_i/CLKOUT2
                         net (fo=1, routed)           0.534     1.942    XDMA/inst/xdma_v41_m1_pcie2_to_pcie3_wrapper_i/pcie2_ip_i/inst/inst/gt_top_i/pipe_wrapper_i/pipe_clock_int.pipe_clock_i/userclk1
    BUFGCTRL_X0Y0        BUFG (Prop_bufg_I_O)         0.029     1.971 r  XDMA/inst/xdma_v41_m1_pcie2_to_pcie3_wrapper_i/pcie2_ip_i/inst/inst/gt_top_i/pipe_wrapper_i/pipe_clock_int.pipe_clock_i/userclk1_i1.usrclk1_i1/O
                         net (fo=18985, routed)       0.916     2.887    XDMA/inst/xdma_v41_m1_pcie2_to_pcie3_wrapper_i/pcie2_ip_i/inst/inst/pcie_top_i/pcie_7x_i/INT_USERCLK2_OUT
    PCIE_X0Y0            PCIE_2_1                                     r  XDMA/inst/xdma_v41_m1_pcie2_to_pcie3_wrapper_i/pcie2_ip_i/inst/inst/pcie_top_i/pcie_7x_i/pcie_block_i/USERCLK
                         clock pessimism             -0.365     2.521    
    PCIE_X0Y0            PCIE_2_1 (Hold_pcie_2_1_USERCLK_MIMRXRDATA[13])
                                                      0.480     3.001    XDMA/inst/xdma_v41_m1_pcie2_to_pcie3_wrapper_i/pcie2_ip_i/inst/inst/pcie_top_i/pcie_7x_i/pcie_block_i
  -------------------------------------------------------------------
                         required time                         -3.001    
                         arrival time                           3.046    
  -------------------------------------------------------------------
                         slack                                  0.044    

Slack (MET) :             0.052ns  (arrival time - required time)
  Source:                 GEN_NVP_VIDEO_DIAG_CORE.NVP_VIDEO_DIAG_CORE/mmio_rsp_rdata_reg[3]/C
                            (rising edge-triggered cell FDRE clocked by userclk1  {rise@0.000ns fall@8.000ns period=16.000ns})
  Destination:            AXI_LITE_HOST_BRIDGE/s_axi_rdata_reg[3]/D
                            (rising edge-triggered cell FDRE clocked by userclk1  {rise@0.000ns fall@8.000ns period=16.000ns})
  Path Group:             userclk1
  Path Type:              Hold (Min at Fast Process Corner)
  Requirement:            0.000ns  (userclk1 rise@0.000ns - userclk1 rise@0.000ns)
  Data Path Delay:        0.408ns  (logic 0.186ns (45.638%)  route 0.222ns (54.362%))
  Logic Levels:           1  (LUT5=1)
  Clock Path Skew:        0.264ns (DCD - SCD - CPR)
    Destination Clock Delay (DCD):    2.803ns
    Source Clock Delay      (SCD):    2.178ns
    Clock Pessimism Removal (CPR):    0.361ns

    Location             Delay type                Incr(ns)  Path(ns)    Netlist Resource(s)
  -------------------------------------------------------------------    -------------------
                         (clock userclk1 rise edge)
                                                      0.000     0.000 r  
    GTPE2_CHANNEL_X0Y3   GTPE2_CHANNEL                0.000     0.000 r  XDMA/inst/xdma_v41_m1_pcie2_to_pcie3_wrapper_i/pcie2_ip_i/inst/inst/gt_top_i/pipe_wrapper_i/pipe_lane[0].gt_wrapper_i/gtp_channel.gtpe2_channel_i/TXOUTCLK
                         net (fo=1, routed)           0.473     0.473    XDMA/inst/xdma_v41_m1_pcie2_to_pcie3_wrapper_i/pcie2_ip_i/inst/inst/gt_top_i/pipe_wrapper_i/pipe_clock_int.pipe_clock_i/txoutclk_i.txoutclk_i_0
    BUFGCTRL_X0Y20       BUFG (Prop_bufg_I_O)         0.026     0.499 r  XDMA/inst/xdma_v41_m1_pcie2_to_pcie3_wrapper_i/pcie2_ip_i/inst/inst/gt_top_i/pipe_wrapper_i/pipe_clock_int.pipe_clock_i/txoutclk_i.txoutclk_i/O
                         net (fo=1, routed)           0.551     1.050    XDMA/inst/xdma_v41_m1_pcie2_to_pcie3_wrapper_i/pcie2_ip_i/inst/inst/gt_top_i/pipe_wrapper_i/pipe_clock_int.pipe_clock_i/refclk
    MMCME2_ADV_X0Y0      MMCME2_ADV (Prop_mmcme2_adv_CLKIN1_CLKOUT2)
                                                      0.050     1.100 r  XDMA/inst/xdma_v41_m1_pcie2_to_pcie3_wrapper_i/pcie2_ip_i/inst/inst/gt_top_i/pipe_wrapper_i/pipe_clock_int.pipe_clock_i/mmcm_i/CLKOUT2
                         net (fo=1, routed)           0.489     1.589    XDMA/inst/xdma_v41_m1_pcie2_to_pcie3_wrapper_i/pcie2_ip_i/inst/inst/gt_top_i/pipe_wrapper_i/pipe_clock_int.pipe_clock_i/userclk1
    BUFGCTRL_X0Y0        BUFG (Prop_bufg_I_O)         0.026     1.615 r  XDMA/inst/xdma_v41_m1_pcie2_to_pcie3_wrapper_i/pcie2_ip_i/inst/inst/gt_top_i/pipe_wrapper_i/pipe_clock_int.pipe_clock_i/userclk1_i1.usrclk1_i1/O
                         net (fo=18985, routed)       0.563     2.178    GEN_NVP_VIDEO_DIAG_CORE.NVP_VIDEO_DIAG_CORE/axi_aclk
    SLICE_X29Y45         FDRE                                         r  GEN_NVP_VIDEO_DIAG_CORE.NVP_VIDEO_DIAG_CORE/mmio_rsp_rdata_reg[3]/C
  -------------------------------------------------------------------    -------------------
    SLICE_X29Y45         FDRE (Prop_fdre_C_Q)         0.141     2.319 r  GEN_NVP_VIDEO_DIAG_CORE.NVP_VIDEO_DIAG_CORE/mmio_rsp_rdata_reg[3]/Q
                         net (fo=1, routed)           0.222     2.540    G2B_MMIO_ROUTER/s_axi_rdata_reg[31][3]
    SLICE_X37Y43         LUT5 (Prop_lut5_I2_O)        0.045     2.585 r  G2B_MMIO_ROUTER/s_axi_rdata[3]_i_1/O
                         net (fo=1, routed)           0.000     2.585    AXI_LITE_HOST_BRIDGE/host_rsp_rdata[3]
    SLICE_X37Y43         FDRE                                         r  AXI_LITE_HOST_BRIDGE/s_axi_rdata_reg[3]/D
  -------------------------------------------------------------------    -------------------

                         (clock userclk1 rise edge)
                                                      0.000     0.000 r  
    GTPE2_CHANNEL_X0Y3   GTPE2_CHANNEL                0.000     0.000 r  XDMA/inst/xdma_v41_m1_pcie2_to_pcie3_wrapper_i/pcie2_ip_i/inst/inst/gt_top_i/pipe_wrapper_i/pipe_lane[0].gt_wrapper_i/gtp_channel.gtpe2_channel_i/TXOUTCLK
                         net (fo=1, routed)           0.509     0.509    XDMA/inst/xdma_v41_m1_pcie2_to_pcie3_wrapper_i/pcie2_ip_i/inst/inst/gt_top_i/pipe_wrapper_i/pipe_clock_int.pipe_clock_i/txoutclk_i.txoutclk_i_0
    BUFGCTRL_X0Y20       BUFG (Prop_bufg_I_O)         0.029     0.538 r  XDMA/inst/xdma_v41_m1_pcie2_to_pcie3_wrapper_i/pcie2_ip_i/inst/inst/gt_top_i/pipe_wrapper_i/pipe_clock_int.pipe_clock_i/txoutclk_i.txoutclk_i/O
                         net (fo=1, routed)           0.818     1.355    XDMA/inst/xdma_v41_m1_pcie2_to_pcie3_wrapper_i/pcie2_ip_i/inst/inst/gt_top_i/pipe_wrapper_i/pipe_clock_int.pipe_clock_i/refclk
    MMCME2_ADV_X0Y0      MMCME2_ADV (Prop_mmcme2_adv_CLKIN1_CLKOUT2)
                                                      0.053     1.408 r  XDMA/inst/xdma_v41_m1_pcie2_to_pcie3_wrapper_i/pcie2_ip_i/inst/inst/gt_top_i/pipe_wrapper_i/pipe_clock_int.pipe_clock_i/mmcm_i/CLKOUT2
                         net (fo=1, routed)           0.534     1.942    XDMA/inst/xdma_v41_m1_pcie2_to_pcie3_wrapper_i/pcie2_ip_i/inst/inst/gt_top_i/pipe_wrapper_i/pipe_clock_int.pipe_clock_i/userclk1
    BUFGCTRL_X0Y0        BUFG (Prop_bufg_I_O)         0.029     1.971 r  XDMA/inst/xdma_v41_m1_pcie2_to_pcie3_wrapper_i/pcie2_ip_i/inst/inst/gt_top_i/pipe_wrapper_i/pipe_clock_int.pipe_clock_i/userclk1_i1.usrclk1_i1/O
                         net (fo=18985, routed)       0.832     2.803    AXI_LITE_HOST_BRIDGE/axi_aclk
    SLICE_X37Y43         FDRE                                         r  AXI_LITE_HOST_BRIDGE/s_axi_rdata_reg[3]/C
                         clock pessimism             -0.361     2.442    
    SLICE_X37Y43         FDRE (Hold_fdre_C_D)         0.092     2.534    AXI_LITE_HOST_BRIDGE/s_axi_rdata_reg[3]
  -------------------------------------------------------------------
                         required time                         -2.534    
                         arrival time                           2.585    
  -------------------------------------------------------------------
                         slack                                  0.052    

Slack (MET) :             0.053ns  (arrival time - required time)
  Source:                 XDMA/inst/udma_wrapper/dma_top/dma_enable.vul_dma/dsc_eng.DSC/chn_rrq_did_nn1_reg[0][1]/C
                            (rising edge-triggered cell FDRE clocked by userclk1  {rise@0.000ns fall@8.000ns period=16.000ns})
  Destination:            XDMA/inst/udma_wrapper/dma_top/dma_enable.vul_dma/dsc_eng.DSC/rrq_head_did_out_nn1_reg[1]/D
                            (rising edge-triggered cell FDRE clocked by userclk1  {rise@0.000ns fall@8.000ns period=16.000ns})
  Path Group:             userclk1
  Path Type:              Hold (Min at Fast Process Corner)
  Requirement:            0.000ns  (userclk1 rise@0.000ns - userclk1 rise@0.000ns)
  Data Path Delay:        0.326ns  (logic 0.186ns (57.068%)  route 0.140ns (42.932%))
  Logic Levels:           1  (LUT6=1)
  Clock Path Skew:        0.182ns (DCD - SCD - CPR)
    Destination Clock Delay (DCD):    2.802ns
    Source Clock Delay      (SCD):    2.259ns
    Clock Pessimism Removal (CPR):    0.361ns

    Location             Delay type                Incr(ns)  Path(ns)    Netlist Resource(s)
  -------------------------------------------------------------------    -------------------
                         (clock userclk1 rise edge)
                                                      0.000     0.000 r  
    GTPE2_CHANNEL_X0Y3   GTPE2_CHANNEL                0.000     0.000 r  XDMA/inst/xdma_v41_m1_pcie2_to_pcie3_wrapper_i/pcie2_ip_i/inst/inst/gt_top_i/pipe_wrapper_i/pipe_lane[0].gt_wrapper_i/gtp_channel.gtpe2_channel_i/TXOUTCLK
                         net (fo=1, routed)           0.473     0.473    XDMA/inst/xdma_v41_m1_pcie2_to_pcie3_wrapper_i/pcie2_ip_i/inst/inst/gt_top_i/pipe_wrapper_i/pipe_clock_int.pipe_clock_i/txoutclk_i.txoutclk_i_0
    BUFGCTRL_X0Y20       BUFG (Prop_bufg_I_O)         0.026     0.499 r  XDMA/inst/xdma_v41_m1_pcie2_to_pcie3_wrapper_i/pcie2_ip_i/inst/inst/gt_top_i/pipe_wrapper_i/pipe_clock_int.pipe_clock_i/txoutclk_i.txoutclk_i/O
                         net (fo=1, routed)           0.551     1.050    XDMA/inst/xdma_v41_m1_pcie2_to_pcie3_wrapper_i/pcie2_ip_i/inst/inst/gt_top_i/pipe_wrapper_i/pipe_clock_int.pipe_clock_i/refclk
    MMCME2_ADV_X0Y0      MMCME2_ADV (Prop_mmcme2_adv_CLKIN1_CLKOUT2)
                                                      0.050     1.100 r  XDMA/inst/xdma_v41_m1_pcie2_to_pcie3_wrapper_i/pcie2_ip_i/inst/inst/gt_top_i/pipe_wrapper_i/pipe_clock_int.pipe_clock_i/mmcm_i/CLKOUT2
                         net (fo=1, routed)           0.489     1.589    XDMA/inst/xdma_v41_m1_pcie2_to_pcie3_wrapper_i/pcie2_ip_i/inst/inst/gt_top_i/pipe_wrapper_i/pipe_clock_int.pipe_clock_i/userclk1
    BUFGCTRL_X0Y0        BUFG (Prop_bufg_I_O)         0.026     1.615 r  XDMA/inst/xdma_v41_m1_pcie2_to_pcie3_wrapper_i/pcie2_ip_i/inst/inst/gt_top_i/pipe_wrapper_i/pipe_clock_int.pipe_clock_i/userclk1_i1.usrclk1_i1/O
                         net (fo=18985, routed)       0.644     2.259    XDMA/inst/udma_wrapper/dma_top/dma_enable.vul_dma/dsc_eng.DSC/user_clk
    SLICE_X31Y100        FDRE                                         r  XDMA/inst/udma_wrapper/dma_top/dma_enable.vul_dma/dsc_eng.DSC/chn_rrq_did_nn1_reg[0][1]/C
  -------------------------------------------------------------------    -------------------
    SLICE_X31Y100        FDRE (Prop_fdre_C_Q)         0.141     2.400 r  XDMA/inst/udma_wrapper/dma_top/dma_enable.vul_dma/dsc_eng.DSC/chn_rrq_did_nn1_reg[0][1]/Q
                         net (fo=4, routed)           0.140     2.540    XDMA/inst/udma_wrapper/dma_top/dma_enable.vul_dma/dsc_eng.DSC/chn_rrq_did_nn1_reg[0]_35[1]
    SLICE_X28Y99         LUT6 (Prop_lut6_I4_O)        0.045     2.585 r  XDMA/inst/udma_wrapper/dma_top/dma_enable.vul_dma/dsc_eng.DSC/rrq_head_did_out_nn1[1]_i_1/O
                         net (fo=1, routed)           0.000     2.585    XDMA/inst/udma_wrapper/dma_top/dma_enable.vul_dma/dsc_eng.DSC/rrq_head_did_out_nn1[1]_i_1_n_0
    SLICE_X28Y99         FDRE                                         r  XDMA/inst/udma_wrapper/dma_top/dma_enable.vul_dma/dsc_eng.DSC/rrq_head_did_out_nn1_reg[1]/D
  -------------------------------------------------------------------    -------------------

                         (clock userclk1 rise edge)
                                                      0.000     0.000 r  
    GTPE2_CHANNEL_X0Y3   GTPE2_CHANNEL                0.000     0.000 r  XDMA/inst/xdma_v41_m1_pcie2_to_pcie3_wrapper_i/pcie2_ip_i/inst/inst/gt_top_i/pipe_wrapper_i/pipe_lane[0].gt_wrapper_i/gtp_channel.gtpe2_channel_i/TXOUTCLK
                         net (fo=1, routed)           0.509     0.509    XDMA/inst/xdma_v41_m1_pcie2_to_pcie3_wrapper_i/pcie2_ip_i/inst/inst/gt_top_i/pipe_wrapper_i/pipe_clock_int.pipe_clock_i/txoutclk_i.txoutclk_i_0
    BUFGCTRL_X0Y20       BUFG (Prop_bufg_I_O)         0.029     0.538 r  XDMA/inst/xdma_v41_m1_pcie2_to_pcie3_wrapper_i/pcie2_ip_i/inst/inst/gt_top_i/pipe_wrapper_i/pipe_clock_int.pipe_clock_i/txoutclk_i.txoutclk_i/O
                         net (fo=1, routed)           0.818     1.355    XDMA/inst/xdma_v41_m1_pcie2_to_pcie3_wrapper_i/pcie2_ip_i/inst/inst/gt_top_i/pipe_wrapper_i/pipe_clock_int.pipe_clock_i/refclk
    MMCME2_ADV_X0Y0      MMCME2_ADV (Prop_mmcme2_adv_CLKIN1_CLKOUT2)
                                                      0.053     1.408 r  XDMA/inst/xdma_v41_m1_pcie2_to_pcie3_wrapper_i/pcie2_ip_i/inst/inst/gt_top_i/pipe_wrapper_i/pipe_clock_int.pipe_clock_i/mmcm_i/CLKOUT2
                         net (fo=1, routed)           0.534     1.942    XDMA/inst/xdma_v41_m1_pcie2_to_pcie3_wrapper_i/pcie2_ip_i/inst/inst/gt_top_i/pipe_wrapper_i/pipe_clock_int.pipe_clock_i/userclk1
    BUFGCTRL_X0Y0        BUFG (Prop_bufg_I_O)         0.029     1.971 r  XDMA/inst/xdma_v41_m1_pcie2_to_pcie3_wrapper_i/pcie2_ip_i/inst/inst/gt_top_i/pipe_wrapper_i/pipe_clock_int.pipe_clock_i/userclk1_i1.usrclk1_i1/O
                         net (fo=18985, routed)       0.832     2.802    XDMA/inst/udma_wrapper/dma_top/dma_enable.vul_dma/dsc_eng.DSC/user_clk
    SLICE_X28Y99         FDRE                                         r  XDMA/inst/udma_wrapper/dma_top/dma_enable.vul_dma/dsc_eng.DSC/rrq_head_did_out_nn1_reg[1]/C
                         clock pessimism             -0.361     2.442    
    SLICE_X28Y99         FDRE (Hold_fdre_C_D)         0.091     2.533    XDMA/inst/udma_wrapper/dma_top/dma_enable.vul_dma/dsc_eng.DSC/rrq_head_did_out_nn1_reg[1]
  -------------------------------------------------------------------
                         required time                         -2.533    
                         arrival time                           2.585    
  -------------------------------------------------------------------
                         slack                                  0.053    

Slack (MET) :             0.053ns  (arrival time - required time)
  Source:                 XDMA/inst/xdma_v41_m1_pcie2_to_pcie3_wrapper_i/pcie2_ip_i/inst/inst/pcie_top_i/pcie_7x_i/pcie_bram_top/pcie_brams_tx/brams[3].ram/use_tdp.ramb36/genblk5_0.bram36_tdp_bl.bram36_tdp_bl/CLKBWRCLK
                            (rising edge-triggered cell RAMB36E1 clocked by userclk1  {rise@0.000ns fall@8.000ns period=16.000ns})
  Destination:            XDMA/inst/xdma_v41_m1_pcie2_to_pcie3_wrapper_i/pcie2_ip_i/inst/inst/pcie_top_i/pcie_7x_i/pcie_block_i/MIMTXRDATA[67]
                            (rising edge-triggered cell PCIE_2_1 clocked by userclk1  {rise@0.000ns fall@8.000ns period=16.000ns})
  Path Group:             userclk1
  Path Type:              Hold (Min at Fast Process Corner)
  Requirement:            0.000ns  (userclk1 rise@0.000ns - userclk1 rise@0.000ns)
  Data Path Delay:        0.778ns  (logic 0.204ns (26.212%)  route 0.574ns (73.788%))
  Logic Levels:           0  
  Clock Path Skew:        0.226ns (DCD - SCD - CPR)
    Destination Clock Delay (DCD):    2.887ns
    Source Clock Delay      (SCD):    2.295ns
    Clock Pessimism Removal (CPR):    0.365ns

    Location             Delay type                Incr(ns)  Path(ns)    Netlist Resource(s)
  -------------------------------------------------------------------    -------------------
                         (clock userclk1 rise edge)
                                                      0.000     0.000 r  
    GTPE2_CHANNEL_X0Y3   GTPE2_CHANNEL                0.000     0.000 r  XDMA/inst/xdma_v41_m1_pcie2_to_pcie3_wrapper_i/pcie2_ip_i/inst/inst/gt_top_i/pipe_wrapper_i/pipe_lane[0].gt_wrapper_i/gtp_channel.gtpe2_channel_i/TXOUTCLK
                         net (fo=1, routed)           0.473     0.473    XDMA/inst/xdma_v41_m1_pcie2_to_pcie3_wrapper_i/pcie2_ip_i/inst/inst/gt_top_i/pipe_wrapper_i/pipe_clock_int.pipe_clock_i/txoutclk_i.txoutclk_i_0
    BUFGCTRL_X0Y20       BUFG (Prop_bufg_I_O)         0.026     0.499 r  XDMA/inst/xdma_v41_m1_pcie2_to_pcie3_wrapper_i/pcie2_ip_i/inst/inst/gt_top_i/pipe_wrapper_i/pipe_clock_int.pipe_clock_i/txoutclk_i.txoutclk_i/O
                         net (fo=1, routed)           0.551     1.050    XDMA/inst/xdma_v41_m1_pcie2_to_pcie3_wrapper_i/pcie2_ip_i/inst/inst/gt_top_i/pipe_wrapper_i/pipe_clock_int.pipe_clock_i/refclk
    MMCME2_ADV_X0Y0      MMCME2_ADV (Prop_mmcme2_adv_CLKIN1_CLKOUT2)
                                                      0.050     1.100 r  XDMA/inst/xdma_v41_m1_pcie2_to_pcie3_wrapper_i/pcie2_ip_i/inst/inst/gt_top_i/pipe_wrapper_i/pipe_clock_int.pipe_clock_i/mmcm_i/CLKOUT2
                         net (fo=1, routed)           0.489     1.589    XDMA/inst/xdma_v41_m1_pcie2_to_pcie3_wrapper_i/pcie2_ip_i/inst/inst/gt_top_i/pipe_wrapper_i/pipe_clock_int.pipe_clock_i/userclk1
    BUFGCTRL_X0Y0        BUFG (Prop_bufg_I_O)         0.026     1.615 r  XDMA/inst/xdma_v41_m1_pcie2_to_pcie3_wrapper_i/pcie2_ip_i/inst/inst/gt_top_i/pipe_wrapper_i/pipe_clock_int.pipe_clock_i/userclk1_i1.usrclk1_i1/O
                         net (fo=18985, routed)       0.680     2.295    XDMA/inst/xdma_v41_m1_pcie2_to_pcie3_wrapper_i/pcie2_ip_i/inst/inst/pcie_top_i/pcie_7x_i/pcie_bram_top/pcie_brams_tx/brams[3].ram/use_tdp.ramb36/INT_USERCLK2_OUT
    RAMB36_X0Y20         RAMB36E1                                     r  XDMA/inst/xdma_v41_m1_pcie2_to_pcie3_wrapper_i/pcie2_ip_i/inst/inst/pcie_top_i/pcie_7x_i/pcie_bram_top/pcie_brams_tx/brams[3].ram/use_tdp.ramb36/genblk5_0.bram36_tdp_bl.bram36_tdp_bl/CLKBWRCLK
  -------------------------------------------------------------------    -------------------
    RAMB36_X0Y20         RAMB36E1 (Prop_ramb36e1_CLKBWRCLK_DOBDO[12])
                                                      0.204     2.499 r  XDMA/inst/xdma_v41_m1_pcie2_to_pcie3_wrapper_i/pcie2_ip_i/inst/inst/pcie_top_i/pcie_7x_i/pcie_bram_top/pcie_brams_tx/brams[3].ram/use_tdp.ramb36/genblk5_0.bram36_tdp_bl.bram36_tdp_bl/DOBDO[12]
                         net (fo=1, routed)           0.574     3.073    XDMA/inst/xdma_v41_m1_pcie2_to_pcie3_wrapper_i/pcie2_ip_i/inst/inst/pcie_top_i/pcie_7x_i/mim_tx_rdata[67]
    PCIE_X0Y0            PCIE_2_1                                     r  XDMA/inst/xdma_v41_m1_pcie2_to_pcie3_wrapper_i/pcie2_ip_i/inst/inst/pcie_top_i/pcie_7x_i/pcie_block_i/MIMTXRDATA[67]
  -------------------------------------------------------------------    -------------------

                         (clock userclk1 rise edge)
                                                      0.000     0.000 r  
    GTPE2_CHANNEL_X0Y3   GTPE2_CHANNEL                0.000     0.000 r  XDMA/inst/xdma_v41_m1_pcie2_to_pcie3_wrapper_i/pcie2_ip_i/inst/inst/gt_top_i/pipe_wrapper_i/pipe_lane[0].gt_wrapper_i/gtp_channel.gtpe2_channel_i/TXOUTCLK
                         net (fo=1, routed)           0.509     0.509    XDMA/inst/xdma_v41_m1_pcie2_to_pcie3_wrapper_i/pcie2_ip_i/inst/inst/gt_top_i/pipe_wrapper_i/pipe_clock_int.pipe_clock_i/txoutclk_i.txoutclk_i_0
    BUFGCTRL_X0Y20       BUFG (Prop_bufg_I_O)         0.029     0.538 r  XDMA/inst/xdma_v41_m1_pcie2_to_pcie3_wrapper_i/pcie2_ip_i/inst/inst/gt_top_i/pipe_wrapper_i/pipe_clock_int.pipe_clock_i/txoutclk_i.txoutclk_i/O
                         net (fo=1, routed)           0.818     1.355    XDMA/inst/xdma_v41_m1_pcie2_to_pcie3_wrapper_i/pcie2_ip_i/inst/inst/gt_top_i/pipe_wrapper_i/pipe_clock_int.pipe_clock_i/refclk
    MMCME2_ADV_X0Y0      MMCME2_ADV (Prop_mmcme2_adv_CLKIN1_CLKOUT2)
                                                      0.053     1.408 r  XDMA/inst/xdma_v41_m1_pcie2_to_pcie3_wrapper_i/pcie2_ip_i/inst/inst/gt_top_i/pipe_wrapper_i/pipe_clock_int.pipe_clock_i/mmcm_i/CLKOUT2
                         net (fo=1, routed)           0.534     1.942    XDMA/inst/xdma_v41_m1_pcie2_to_pcie3_wrapper_i/pcie2_ip_i/inst/inst/gt_top_i/pipe_wrapper_i/pipe_clock_int.pipe_clock_i/userclk1
    BUFGCTRL_X0Y0        BUFG (Prop_bufg_I_O)         0.029     1.971 r  XDMA/inst/xdma_v41_m1_pcie2_to_pcie3_wrapper_i/pcie2_ip_i/inst/inst/gt_top_i/pipe_wrapper_i/pipe_clock_int.pipe_clock_i/userclk1_i1.usrclk1_i1/O
                         net (fo=18985, routed)       0.916     2.887    XDMA/inst/xdma_v41_m1_pcie2_to_pcie3_wrapper_i/pcie2_ip_i/inst/inst/pcie_top_i/pcie_7x_i/INT_USERCLK2_OUT
    PCIE_X0Y0            PCIE_2_1                                     r  XDMA/inst/xdma_v41_m1_pcie2_to_pcie3_wrapper_i/pcie2_ip_i/inst/inst/pcie_top_i/pcie_7x_i/pcie_block_i/USERCLK
                         clock pessimism             -0.365     2.521    
    PCIE_X0Y0            PCIE_2_1 (Hold_pcie_2_1_USERCLK_MIMTXRDATA[67])
                                                      0.499     3.020    XDMA/inst/xdma_v41_m1_pcie2_to_pcie3_wrapper_i/pcie2_ip_i/inst/inst/pcie_top_i/pcie_7x_i/pcie_block_i
  -------------------------------------------------------------------
                         required time                         -3.020    
                         arrival time                           3.073    
  -------------------------------------------------------------------
                         slack                                  0.053    

Slack (MET) :             0.056ns  (arrival time - required time)
  Source:                 XDMA/inst/udma_wrapper/dma_top/dma_pcie_req/TAG_FIFO_EVEN/WrPtr_reg[4]/C
                            (rising edge-triggered cell FDRE clocked by userclk1  {rise@0.000ns fall@8.000ns period=16.000ns})
  Destination:            XDMA/inst/udma_wrapper/dma_top/TAG_FIFO_EVEN/MemArray_reg_0_31_0_4/RAMA/WADR4
                            (rising edge-triggered cell RAMD32 clocked by userclk1  {rise@0.000ns fall@8.000ns period=16.000ns})
  Path Group:             userclk1
  Path Type:              Hold (Min at Fast Process Corner)
  Requirement:            0.000ns  (userclk1 rise@0.000ns - userclk1 rise@0.000ns)
  Data Path Delay:        0.291ns  (logic 0.141ns (48.374%)  route 0.150ns (51.626%))
  Logic Levels:           0  
  Clock Path Skew:        0.035ns (DCD - SCD - CPR)
    Destination Clock Delay (DCD):    2.885ns
    Source Clock Delay      (SCD):    2.256ns
    Clock Pessimism Removal (CPR):    0.594ns

    Location             Delay type                Incr(ns)  Path(ns)    Netlist Resource(s)
  -------------------------------------------------------------------    -------------------
                         (clock userclk1 rise edge)
                                                      0.000     0.000 r  
    GTPE2_CHANNEL_X0Y3   GTPE2_CHANNEL                0.000     0.000 r  XDMA/inst/xdma_v41_m1_pcie2_to_pcie3_wrapper_i/pcie2_ip_i/inst/inst/gt_top_i/pipe_wrapper_i/pipe_lane[0].gt_wrapper_i/gtp_channel.gtpe2_channel_i/TXOUTCLK
                         net (fo=1, routed)           0.473     0.473    XDMA/inst/xdma_v41_m1_pcie2_to_pcie3_wrapper_i/pcie2_ip_i/inst/inst/gt_top_i/pipe_wrapper_i/pipe_clock_int.pipe_clock_i/txoutclk_i.txoutclk_i_0
    BUFGCTRL_X0Y20       BUFG (Prop_bufg_I_O)         0.026     0.499 r  XDMA/inst/xdma_v41_m1_pcie2_to_pcie3_wrapper_i/pcie2_ip_i/inst/inst/gt_top_i/pipe_wrapper_i/pipe_clock_int.pipe_clock_i/txoutclk_i.txoutclk_i/O
                         net (fo=1, routed)           0.551     1.050    XDMA/inst/xdma_v41_m1_pcie2_to_pcie3_wrapper_i/pcie2_ip_i/inst/inst/gt_top_i/pipe_wrapper_i/pipe_clock_int.pipe_clock_i/refclk
    MMCME2_ADV_X0Y0      MMCME2_ADV (Prop_mmcme2_adv_CLKIN1_CLKOUT2)
                                                      0.050     1.100 r  XDMA/inst/xdma_v41_m1_pcie2_to_pcie3_wrapper_i/pcie2_ip_i/inst/inst/gt_top_i/pipe_wrapper_i/pipe_clock_int.pipe_clock_i/mmcm_i/CLKOUT2
                         net (fo=1, routed)           0.489     1.589    XDMA/inst/xdma_v41_m1_pcie2_to_pcie3_wrapper_i/pcie2_ip_i/inst/inst/gt_top_i/pipe_wrapper_i/pipe_clock_int.pipe_clock_i/userclk1
    BUFGCTRL_X0Y0        BUFG (Prop_bufg_I_O)         0.026     1.615 r  XDMA/inst/xdma_v41_m1_pcie2_to_pcie3_wrapper_i/pcie2_ip_i/inst/inst/gt_top_i/pipe_wrapper_i/pipe_clock_int.pipe_clock_i/userclk1_i1.usrclk1_i1/O
                         net (fo=18985, routed)       0.641     2.256    XDMA/inst/udma_wrapper/dma_top/dma_pcie_req/TAG_FIFO_EVEN/user_clk
    SLICE_X29Y111        FDRE                                         r  XDMA/inst/udma_wrapper/dma_top/dma_pcie_req/TAG_FIFO_EVEN/WrPtr_reg[4]/C
  -------------------------------------------------------------------    -------------------
    SLICE_X29Y111        FDRE (Prop_fdre_C_Q)         0.141     2.397 r  XDMA/inst/udma_wrapper/dma_top/dma_pcie_req/TAG_FIFO_EVEN/WrPtr_reg[4]/Q
                         net (fo=9, routed)           0.150     2.548    XDMA/inst/udma_wrapper/dma_top/TAG_FIFO_EVEN/MemArray_reg_0_31_0_4/ADDRD4
    SLICE_X30Y111        RAMD32                                       r  XDMA/inst/udma_wrapper/dma_top/TAG_FIFO_EVEN/MemArray_reg_0_31_0_4/RAMA/WADR4
  -------------------------------------------------------------------    -------------------

                         (clock userclk1 rise edge)
                                                      0.000     0.000 r  
    GTPE2_CHANNEL_X0Y3   GTPE2_CHANNEL                0.000     0.000 r  XDMA/inst/xdma_v41_m1_pcie2_to_pcie3_wrapper_i/pcie2_ip_i/inst/inst/gt_top_i/pipe_wrapper_i/pipe_lane[0].gt_wrapper_i/gtp_channel.gtpe2_channel_i/TXOUTCLK
                         net (fo=1, routed)           0.509     0.509    XDMA/inst/xdma_v41_m1_pcie2_to_pcie3_wrapper_i/pcie2_ip_i/inst/inst/gt_top_i/pipe_wrapper_i/pipe_clock_int.pipe_clock_i/txoutclk_i.txoutclk_i_0
    BUFGCTRL_X0Y20       BUFG (Prop_bufg_I_O)         0.029     0.538 r  XDMA/inst/xdma_v41_m1_pcie2_to_pcie3_wrapper_i/pcie2_ip_i/inst/inst/gt_top_i/pipe_wrapper_i/pipe_clock_int.pipe_clock_i/txoutclk_i.txoutclk_i/O
                         net (fo=1, routed)           0.818     1.355    XDMA/inst/xdma_v41_m1_pcie2_to_pcie3_wrapper_i/pcie2_ip_i/inst/inst/gt_top_i/pipe_wrapper_i/pipe_clock_int.pipe_clock_i/refclk
    MMCME2_ADV_X0Y0      MMCME2_ADV (Prop_mmcme2_adv_CLKIN1_CLKOUT2)
                                                      0.053     1.408 r  XDMA/inst/xdma_v41_m1_pcie2_to_pcie3_wrapper_i/pcie2_ip_i/inst/inst/gt_top_i/pipe_wrapper_i/pipe_clock_int.pipe_clock_i/mmcm_i/CLKOUT2
                         net (fo=1, routed)           0.534     1.942    XDMA/inst/xdma_v41_m1_pcie2_to_pcie3_wrapper_i/pcie2_ip_i/inst/inst/gt_top_i/pipe_wrapper_i/pipe_clock_int.pipe_clock_i/userclk1
    BUFGCTRL_X0Y0        BUFG (Prop_bufg_I_O)         0.029     1.971 r  XDMA/inst/xdma_v41_m1_pcie2_to_pcie3_wrapper_i/pcie2_ip_i/inst/inst/gt_top_i/pipe_wrapper_i/pipe_clock_int.pipe_clock_i/userclk1_i1.usrclk1_i1/O
                         net (fo=18985, routed)       0.914     2.885    XDMA/inst/udma_wrapper/dma_top/TAG_FIFO_EVEN/MemArray_reg_0_31_0_4/WCLK
    SLICE_X30Y111        RAMD32                                       r  XDMA/inst/udma_wrapper/dma_top/TAG_FIFO_EVEN/MemArray_reg_0_31_0_4/RAMA/CLK
                         clock pessimism             -0.594     2.291    
    SLICE_X30Y111        RAMD32 (Hold_ramd32_CLK_WADR4)
                                                      0.200     2.491    XDMA/inst/udma_wrapper/dma_top/TAG_FIFO_EVEN/MemArray_reg_0_31_0_4/RAMA
  -------------------------------------------------------------------
                         required time                         -2.491    
                         arrival time                           2.548    
  -------------------------------------------------------------------
                         slack                                  0.056    

Slack (MET) :             0.056ns  (arrival time - required time)
  Source:                 XDMA/inst/udma_wrapper/dma_top/dma_pcie_req/TAG_FIFO_EVEN/WrPtr_reg[4]/C
                            (rising edge-triggered cell FDRE clocked by userclk1  {rise@0.000ns fall@8.000ns period=16.000ns})
  Destination:            XDMA/inst/udma_wrapper/dma_top/TAG_FIFO_EVEN/MemArray_reg_0_31_0_4/RAMA_D1/WADR4
                            (rising edge-triggered cell RAMD32 clocked by userclk1  {rise@0.000ns fall@8.000ns period=16.000ns})
  Path Group:             userclk1
  Path Type:              Hold (Min at Fast Process Corner)
  Requirement:            0.000ns  (userclk1 rise@0.000ns - userclk1 rise@0.000ns)
  Data Path Delay:        0.291ns  (logic 0.141ns (48.374%)  route 0.150ns (51.626%))
  Logic Levels:           0  
  Clock Path Skew:        0.035ns (DCD - SCD - CPR)
    Destination Clock Delay (DCD):    2.885ns
    Source Clock Delay      (SCD):    2.256ns
    Clock Pessimism Removal (CPR):    0.594ns

    Location             Delay type                Incr(ns)  Path(ns)    Netlist Resource(s)
  -------------------------------------------------------------------    -------------------
                         (clock userclk1 rise edge)
                                                      0.000     0.000 r  
    GTPE2_CHANNEL_X0Y3   GTPE2_CHANNEL                0.000     0.000 r  XDMA/inst/xdma_v41_m1_pcie2_to_pcie3_wrapper_i/pcie2_ip_i/inst/inst/gt_top_i/pipe_wrapper_i/pipe_lane[0].gt_wrapper_i/gtp_channel.gtpe2_channel_i/TXOUTCLK
                         net (fo=1, routed)           0.473     0.473    XDMA/inst/xdma_v41_m1_pcie2_to_pcie3_wrapper_i/pcie2_ip_i/inst/inst/gt_top_i/pipe_wrapper_i/pipe_clock_int.pipe_clock_i/txoutclk_i.txoutclk_i_0
    BUFGCTRL_X0Y20       BUFG (Prop_bufg_I_O)         0.026     0.499 r  XDMA/inst/xdma_v41_m1_pcie2_to_pcie3_wrapper_i/pcie2_ip_i/inst/inst/gt_top_i/pipe_wrapper_i/pipe_clock_int.pipe_clock_i/txoutclk_i.txoutclk_i/O
                         net (fo=1, routed)           0.551     1.050    XDMA/inst/xdma_v41_m1_pcie2_to_pcie3_wrapper_i/pcie2_ip_i/inst/inst/gt_top_i/pipe_wrapper_i/pipe_clock_int.pipe_clock_i/refclk
    MMCME2_ADV_X0Y0      MMCME2_ADV (Prop_mmcme2_adv_CLKIN1_CLKOUT2)
                                                      0.050     1.100 r  XDMA/inst/xdma_v41_m1_pcie2_to_pcie3_wrapper_i/pcie2_ip_i/inst/inst/gt_top_i/pipe_wrapper_i/pipe_clock_int.pipe_clock_i/mmcm_i/CLKOUT2
                         net (fo=1, routed)           0.489     1.589    XDMA/inst/xdma_v41_m1_pcie2_to_pcie3_wrapper_i/pcie2_ip_i/inst/inst/gt_top_i/pipe_wrapper_i/pipe_clock_int.pipe_clock_i/userclk1
    BUFGCTRL_X0Y0        BUFG (Prop_bufg_I_O)         0.026     1.615 r  XDMA/inst/xdma_v41_m1_pcie2_to_pcie3_wrapper_i/pcie2_ip_i/inst/inst/gt_top_i/pipe_wrapper_i/pipe_clock_int.pipe_clock_i/userclk1_i1.usrclk1_i1/O
                         net (fo=18985, routed)       0.641     2.256    XDMA/inst/udma_wrapper/dma_top/dma_pcie_req/TAG_FIFO_EVEN/user_clk
    SLICE_X29Y111        FDRE                                         r  XDMA/inst/udma_wrapper/dma_top/dma_pcie_req/TAG_FIFO_EVEN/WrPtr_reg[4]/C
  -------------------------------------------------------------------    -------------------
    SLICE_X29Y111        FDRE (Prop_fdre_C_Q)         0.141     2.397 r  XDMA/inst/udma_wrapper/dma_top/dma_pcie_req/TAG_FIFO_EVEN/WrPtr_reg[4]/Q
                         net (fo=9, routed)           0.150     2.548    XDMA/inst/udma_wrapper/dma_top/TAG_FIFO_EVEN/MemArray_reg_0_31_0_4/ADDRD4
    SLICE_X30Y111        RAMD32                                       r  XDMA/inst/udma_wrapper/dma_top/TAG_FIFO_EVEN/MemArray_reg_0_31_0_4/RAMA_D1/WADR4
  -------------------------------------------------------------------    -------------------

                         (clock userclk1 rise edge)
                                                      0.000     0.000 r  
    GTPE2_CHANNEL_X0Y3   GTPE2_CHANNEL                0.000     0.000 r  XDMA/inst/xdma_v41_m1_pcie2_to_pcie3_wrapper_i/pcie2_ip_i/inst/inst/gt_top_i/pipe_wrapper_i/pipe_lane[0].gt_wrapper_i/gtp_channel.gtpe2_channel_i/TXOUTCLK
                         net (fo=1, routed)           0.509     0.509    XDMA/inst/xdma_v41_m1_pcie2_to_pcie3_wrapper_i/pcie2_ip_i/inst/inst/gt_top_i/pipe_wrapper_i/pipe_clock_int.pipe_clock_i/txoutclk_i.txoutclk_i_0
    BUFGCTRL_X0Y20       BUFG (Prop_bufg_I_O)         0.029     0.538 r  XDMA/inst/xdma_v41_m1_pcie2_to_pcie3_wrapper_i/pcie2_ip_i/inst/inst/gt_top_i/pipe_wrapper_i/pipe_clock_int.pipe_clock_i/txoutclk_i.txoutclk_i/O
                         net (fo=1, routed)           0.818     1.355    XDMA/inst/xdma_v41_m1_pcie2_to_pcie3_wrapper_i/pcie2_ip_i/inst/inst/gt_top_i/pipe_wrapper_i/pipe_clock_int.pipe_clock_i/refclk
    MMCME2_ADV_X0Y0      MMCME2_ADV (Prop_mmcme2_adv_CLKIN1_CLKOUT2)
                                                      0.053     1.408 r  XDMA/inst/xdma_v41_m1_pcie2_to_pcie3_wrapper_i/pcie2_ip_i/inst/inst/gt_top_i/pipe_wrapper_i/pipe_clock_int.pipe_clock_i/mmcm_i/CLKOUT2
                         net (fo=1, routed)           0.534     1.942    XDMA/inst/xdma_v41_m1_pcie2_to_pcie3_wrapper_i/pcie2_ip_i/inst/inst/gt_top_i/pipe_wrapper_i/pipe_clock_int.pipe_clock_i/userclk1
    BUFGCTRL_X0Y0        BUFG (Prop_bufg_I_O)         0.029     1.971 r  XDMA/inst/xdma_v41_m1_pcie2_to_pcie3_wrapper_i/pcie2_ip_i/inst/inst/gt_top_i/pipe_wrapper_i/pipe_clock_int.pipe_clock_i/userclk1_i1.usrclk1_i1/O
                         net (fo=18985, routed)       0.914     2.885    XDMA/inst/udma_wrapper/dma_top/TAG_FIFO_EVEN/MemArray_reg_0_31_0_4/WCLK
    SLICE_X30Y111        RAMD32                                       r  XDMA/inst/udma_wrapper/dma_top/TAG_FIFO_EVEN/MemArray_reg_0_31_0_4/RAMA_D1/CLK
                         clock pessimism             -0.594     2.291    
    SLICE_X30Y111        RAMD32 (Hold_ramd32_CLK_WADR4)
                                                      0.200     2.491    XDMA/inst/udma_wrapper/dma_top/TAG_FIFO_EVEN/MemArray_reg_0_31_0_4/RAMA_D1
  -------------------------------------------------------------------
                         required time                         -2.491    
                         arrival time                           2.548    
  -------------------------------------------------------------------
                         slack                                  0.056    

Slack (MET) :             0.056ns  (arrival time - required time)
  Source:                 XDMA/inst/udma_wrapper/dma_top/dma_pcie_req/TAG_FIFO_EVEN/WrPtr_reg[4]/C
                            (rising edge-triggered cell FDRE clocked by userclk1  {rise@0.000ns fall@8.000ns period=16.000ns})
  Destination:            XDMA/inst/udma_wrapper/dma_top/TAG_FIFO_EVEN/MemArray_reg_0_31_0_4/RAMB/WADR4
                            (rising edge-triggered cell RAMD32 clocked by userclk1  {rise@0.000ns fall@8.000ns period=16.000ns})
  Path Group:             userclk1
  Path Type:              Hold (Min at Fast Process Corner)
  Requirement:            0.000ns  (userclk1 rise@0.000ns - userclk1 rise@0.000ns)
  Data Path Delay:        0.291ns  (logic 0.141ns (48.374%)  route 0.150ns (51.626%))
  Logic Levels:           0  
  Clock Path Skew:        0.035ns (DCD - SCD - CPR)
    Destination Clock Delay (DCD):    2.885ns
    Source Clock Delay      (SCD):    2.256ns
    Clock Pessimism Removal (CPR):    0.594ns

    Location             Delay type                Incr(ns)  Path(ns)    Netlist Resource(s)
  -------------------------------------------------------------------    -------------------
                         (clock userclk1 rise edge)
                                                      0.000     0.000 r  
    GTPE2_CHANNEL_X0Y3   GTPE2_CHANNEL                0.000     0.000 r  XDMA/inst/xdma_v41_m1_pcie2_to_pcie3_wrapper_i/pcie2_ip_i/inst/inst/gt_top_i/pipe_wrapper_i/pipe_lane[0].gt_wrapper_i/gtp_channel.gtpe2_channel_i/TXOUTCLK
                         net (fo=1, routed)           0.473     0.473    XDMA/inst/xdma_v41_m1_pcie2_to_pcie3_wrapper_i/pcie2_ip_i/inst/inst/gt_top_i/pipe_wrapper_i/pipe_clock_int.pipe_clock_i/txoutclk_i.txoutclk_i_0
    BUFGCTRL_X0Y20       BUFG (Prop_bufg_I_O)         0.026     0.499 r  XDMA/inst/xdma_v41_m1_pcie2_to_pcie3_wrapper_i/pcie2_ip_i/inst/inst/gt_top_i/pipe_wrapper_i/pipe_clock_int.pipe_clock_i/txoutclk_i.txoutclk_i/O
                         net (fo=1, routed)           0.551     1.050    XDMA/inst/xdma_v41_m1_pcie2_to_pcie3_wrapper_i/pcie2_ip_i/inst/inst/gt_top_i/pipe_wrapper_i/pipe_clock_int.pipe_clock_i/refclk
    MMCME2_ADV_X0Y0      MMCME2_ADV (Prop_mmcme2_adv_CLKIN1_CLKOUT2)
                                                      0.050     1.100 r  XDMA/inst/xdma_v41_m1_pcie2_to_pcie3_wrapper_i/pcie2_ip_i/inst/inst/gt_top_i/pipe_wrapper_i/pipe_clock_int.pipe_clock_i/mmcm_i/CLKOUT2
                         net (fo=1, routed)           0.489     1.589    XDMA/inst/xdma_v41_m1_pcie2_to_pcie3_wrapper_i/pcie2_ip_i/inst/inst/gt_top_i/pipe_wrapper_i/pipe_clock_int.pipe_clock_i/userclk1
    BUFGCTRL_X0Y0        BUFG (Prop_bufg_I_O)         0.026     1.615 r  XDMA/inst/xdma_v41_m1_pcie2_to_pcie3_wrapper_i/pcie2_ip_i/inst/inst/gt_top_i/pipe_wrapper_i/pipe_clock_int.pipe_clock_i/userclk1_i1.usrclk1_i1/O
                         net (fo=18985, routed)       0.641     2.256    XDMA/inst/udma_wrapper/dma_top/dma_pcie_req/TAG_FIFO_EVEN/user_clk
    SLICE_X29Y111        FDRE                                         r  XDMA/inst/udma_wrapper/dma_top/dma_pcie_req/TAG_FIFO_EVEN/WrPtr_reg[4]/C
  -------------------------------------------------------------------    -------------------
    SLICE_X29Y111        FDRE (Prop_fdre_C_Q)         0.141     2.397 r  XDMA/inst/udma_wrapper/dma_top/dma_pcie_req/TAG_FIFO_EVEN/WrPtr_reg[4]/Q
                         net (fo=9, routed)           0.150     2.548    XDMA/inst/udma_wrapper/dma_top/TAG_FIFO_EVEN/MemArray_reg_0_31_0_4/ADDRD4
    SLICE_X30Y111        RAMD32                                       r  XDMA/inst/udma_wrapper/dma_top/TAG_FIFO_EVEN/MemArray_reg_0_31_0_4/RAMB/WADR4
  -------------------------------------------------------------------    -------------------

                         (clock userclk1 rise edge)
                                                      0.000     0.000 r  
    GTPE2_CHANNEL_X0Y3   GTPE2_CHANNEL                0.000     0.000 r  XDMA/inst/xdma_v41_m1_pcie2_to_pcie3_wrapper_i/pcie2_ip_i/inst/inst/gt_top_i/pipe_wrapper_i/pipe_lane[0].gt_wrapper_i/gtp_channel.gtpe2_channel_i/TXOUTCLK
                         net (fo=1, routed)           0.509     0.509    XDMA/inst/xdma_v41_m1_pcie2_to_pcie3_wrapper_i/pcie2_ip_i/inst/inst/gt_top_i/pipe_wrapper_i/pipe_clock_int.pipe_clock_i/txoutclk_i.txoutclk_i_0
    BUFGCTRL_X0Y20       BUFG (Prop_bufg_I_O)         0.029     0.538 r  XDMA/inst/xdma_v41_m1_pcie2_to_pcie3_wrapper_i/pcie2_ip_i/inst/inst/gt_top_i/pipe_wrapper_i/pipe_clock_int.pipe_clock_i/txoutclk_i.txoutclk_i/O
                         net (fo=1, routed)           0.818     1.355    XDMA/inst/xdma_v41_m1_pcie2_to_pcie3_wrapper_i/pcie2_ip_i/inst/inst/gt_top_i/pipe_wrapper_i/pipe_clock_int.pipe_clock_i/refclk
    MMCME2_ADV_X0Y0      MMCME2_ADV (Prop_mmcme2_adv_CLKIN1_CLKOUT2)
                                                      0.053     1.408 r  XDMA/inst/xdma_v41_m1_pcie2_to_pcie3_wrapper_i/pcie2_ip_i/inst/inst/gt_top_i/pipe_wrapper_i/pipe_clock_int.pipe_clock_i/mmcm_i/CLKOUT2
                         net (fo=1, routed)           0.534     1.942    XDMA/inst/xdma_v41_m1_pcie2_to_pcie3_wrapper_i/pcie2_ip_i/inst/inst/gt_top_i/pipe_wrapper_i/pipe_clock_int.pipe_clock_i/userclk1
    BUFGCTRL_X0Y0        BUFG (Prop_bufg_I_O)         0.029     1.971 r  XDMA/inst/xdma_v41_m1_pcie2_to_pcie3_wrapper_i/pcie2_ip_i/inst/inst/gt_top_i/pipe_wrapper_i/pipe_clock_int.pipe_clock_i/userclk1_i1.usrclk1_i1/O
                         net (fo=18985, routed)       0.914     2.885    XDMA/inst/udma_wrapper/dma_top/TAG_FIFO_EVEN/MemArray_reg_0_31_0_4/WCLK
    SLICE_X30Y111        RAMD32                                       r  XDMA/inst/udma_wrapper/dma_top/TAG_FIFO_EVEN/MemArray_reg_0_31_0_4/RAMB/CLK
                         clock pessimism             -0.594     2.291    
    SLICE_X30Y111        RAMD32 (Hold_ramd32_CLK_WADR4)
                                                      0.200     2.491    XDMA/inst/udma_wrapper/dma_top/TAG_FIFO_EVEN/MemArray_reg_0_31_0_4/RAMB
  -------------------------------------------------------------------
                         required time                         -2.491    
                         arrival time                           2.548    
  -------------------------------------------------------------------
                         slack                                  0.056    

Slack (MET) :             0.056ns  (arrival time - required time)
  Source:                 XDMA/inst/udma_wrapper/dma_top/dma_pcie_req/TAG_FIFO_EVEN/WrPtr_reg[4]/C
                            (rising edge-triggered cell FDRE clocked by userclk1  {rise@0.000ns fall@8.000ns period=16.000ns})
  Destination:            XDMA/inst/udma_wrapper/dma_top/TAG_FIFO_EVEN/MemArray_reg_0_31_0_4/RAMB_D1/WADR4
                            (rising edge-triggered cell RAMD32 clocked by userclk1  {rise@0.000ns fall@8.000ns period=16.000ns})
  Path Group:             userclk1
  Path Type:              Hold (Min at Fast Process Corner)
  Requirement:            0.000ns  (userclk1 rise@0.000ns - userclk1 rise@0.000ns)
  Data Path Delay:        0.291ns  (logic 0.141ns (48.374%)  route 0.150ns (51.626%))
  Logic Levels:           0  
  Clock Path Skew:        0.035ns (DCD - SCD - CPR)
    Destination Clock Delay (DCD):    2.885ns
    Source Clock Delay      (SCD):    2.256ns
    Clock Pessimism Removal (CPR):    0.594ns

    Location             Delay type                Incr(ns)  Path(ns)    Netlist Resource(s)
  -------------------------------------------------------------------    -------------------
                         (clock userclk1 rise edge)
                                                      0.000     0.000 r  
    GTPE2_CHANNEL_X0Y3   GTPE2_CHANNEL                0.000     0.000 r  XDMA/inst/xdma_v41_m1_pcie2_to_pcie3_wrapper_i/pcie2_ip_i/inst/inst/gt_top_i/pipe_wrapper_i/pipe_lane[0].gt_wrapper_i/gtp_channel.gtpe2_channel_i/TXOUTCLK
                         net (fo=1, routed)           0.473     0.473    XDMA/inst/xdma_v41_m1_pcie2_to_pcie3_wrapper_i/pcie2_ip_i/inst/inst/gt_top_i/pipe_wrapper_i/pipe_clock_int.pipe_clock_i/txoutclk_i.txoutclk_i_0
    BUFGCTRL_X0Y20       BUFG (Prop_bufg_I_O)         0.026     0.499 r  XDMA/inst/xdma_v41_m1_pcie2_to_pcie3_wrapper_i/pcie2_ip_i/inst/inst/gt_top_i/pipe_wrapper_i/pipe_clock_int.pipe_clock_i/txoutclk_i.txoutclk_i/O
                         net (fo=1, routed)           0.551     1.050    XDMA/inst/xdma_v41_m1_pcie2_to_pcie3_wrapper_i/pcie2_ip_i/inst/inst/gt_top_i/pipe_wrapper_i/pipe_clock_int.pipe_clock_i/refclk
    MMCME2_ADV_X0Y0      MMCME2_ADV (Prop_mmcme2_adv_CLKIN1_CLKOUT2)
                                                      0.050     1.100 r  XDMA/inst/xdma_v41_m1_pcie2_to_pcie3_wrapper_i/pcie2_ip_i/inst/inst/gt_top_i/pipe_wrapper_i/pipe_clock_int.pipe_clock_i/mmcm_i/CLKOUT2
                         net (fo=1, routed)           0.489     1.589    XDMA/inst/xdma_v41_m1_pcie2_to_pcie3_wrapper_i/pcie2_ip_i/inst/inst/gt_top_i/pipe_wrapper_i/pipe_clock_int.pipe_clock_i/userclk1
    BUFGCTRL_X0Y0        BUFG (Prop_bufg_I_O)         0.026     1.615 r  XDMA/inst/xdma_v41_m1_pcie2_to_pcie3_wrapper_i/pcie2_ip_i/inst/inst/gt_top_i/pipe_wrapper_i/pipe_clock_int.pipe_clock_i/userclk1_i1.usrclk1_i1/O
                         net (fo=18985, routed)       0.641     2.256    XDMA/inst/udma_wrapper/dma_top/dma_pcie_req/TAG_FIFO_EVEN/user_clk
    SLICE_X29Y111        FDRE                                         r  XDMA/inst/udma_wrapper/dma_top/dma_pcie_req/TAG_FIFO_EVEN/WrPtr_reg[4]/C
  -------------------------------------------------------------------    -------------------
    SLICE_X29Y111        FDRE (Prop_fdre_C_Q)         0.141     2.397 r  XDMA/inst/udma_wrapper/dma_top/dma_pcie_req/TAG_FIFO_EVEN/WrPtr_reg[4]/Q
                         net (fo=9, routed)           0.150     2.548    XDMA/inst/udma_wrapper/dma_top/TAG_FIFO_EVEN/MemArray_reg_0_31_0_4/ADDRD4
    SLICE_X30Y111        RAMD32                                       r  XDMA/inst/udma_wrapper/dma_top/TAG_FIFO_EVEN/MemArray_reg_0_31_0_4/RAMB_D1/WADR4
  -------------------------------------------------------------------    -------------------

                         (clock userclk1 rise edge)
                                                      0.000     0.000 r  
    GTPE2_CHANNEL_X0Y3   GTPE2_CHANNEL                0.000     0.000 r  XDMA/inst/xdma_v41_m1_pcie2_to_pcie3_wrapper_i/pcie2_ip_i/inst/inst/gt_top_i/pipe_wrapper_i/pipe_lane[0].gt_wrapper_i/gtp_channel.gtpe2_channel_i/TXOUTCLK
                         net (fo=1, routed)           0.509     0.509    XDMA/inst/xdma_v41_m1_pcie2_to_pcie3_wrapper_i/pcie2_ip_i/inst/inst/gt_top_i/pipe_wrapper_i/pipe_clock_int.pipe_clock_i/txoutclk_i.txoutclk_i_0
    BUFGCTRL_X0Y20       BUFG (Prop_bufg_I_O)         0.029     0.538 r  XDMA/inst/xdma_v41_m1_pcie2_to_pcie3_wrapper_i/pcie2_ip_i/inst/inst/gt_top_i/pipe_wrapper_i/pipe_clock_int.pipe_clock_i/txoutclk_i.txoutclk_i/O
                         net (fo=1, routed)           0.818     1.355    XDMA/inst/xdma_v41_m1_pcie2_to_pcie3_wrapper_i/pcie2_ip_i/inst/inst/gt_top_i/pipe_wrapper_i/pipe_clock_int.pipe_clock_i/refclk
    MMCME2_ADV_X0Y0      MMCME2_ADV (Prop_mmcme2_adv_CLKIN1_CLKOUT2)
                                                      0.053     1.408 r  XDMA/inst/xdma_v41_m1_pcie2_to_pcie3_wrapper_i/pcie2_ip_i/inst/inst/gt_top_i/pipe_wrapper_i/pipe_clock_int.pipe_clock_i/mmcm_i/CLKOUT2
                         net (fo=1, routed)           0.534     1.942    XDMA/inst/xdma_v41_m1_pcie2_to_pcie3_wrapper_i/pcie2_ip_i/inst/inst/gt_top_i/pipe_wrapper_i/pipe_clock_int.pipe_clock_i/userclk1
    BUFGCTRL_X0Y0        BUFG (Prop_bufg_I_O)         0.029     1.971 r  XDMA/inst/xdma_v41_m1_pcie2_to_pcie3_wrapper_i/pcie2_ip_i/inst/inst/gt_top_i/pipe_wrapper_i/pipe_clock_int.pipe_clock_i/userclk1_i1.usrclk1_i1/O
                         net (fo=18985, routed)       0.914     2.885    XDMA/inst/udma_wrapper/dma_top/TAG_FIFO_EVEN/MemArray_reg_0_31_0_4/WCLK
    SLICE_X30Y111        RAMD32                                       r  XDMA/inst/udma_wrapper/dma_top/TAG_FIFO_EVEN/MemArray_reg_0_31_0_4/RAMB_D1/CLK
                         clock pessimism             -0.594     2.291    
    SLICE_X30Y111        RAMD32 (Hold_ramd32_CLK_WADR4)
                                                      0.200     2.491    XDMA/inst/udma_wrapper/dma_top/TAG_FIFO_EVEN/MemArray_reg_0_31_0_4/RAMB_D1
  -------------------------------------------------------------------
                         required time                         -2.491    
                         arrival time                           2.548    
  -------------------------------------------------------------------
                         slack                                  0.056    

Slack (MET) :             0.056ns  (arrival time - required time)
  Source:                 XDMA/inst/udma_wrapper/dma_top/dma_pcie_req/TAG_FIFO_EVEN/WrPtr_reg[4]/C
                            (rising edge-triggered cell FDRE clocked by userclk1  {rise@0.000ns fall@8.000ns period=16.000ns})
  Destination:            XDMA/inst/udma_wrapper/dma_top/TAG_FIFO_EVEN/MemArray_reg_0_31_0_4/RAMC/WADR4
                            (rising edge-triggered cell RAMD32 clocked by userclk1  {rise@0.000ns fall@8.000ns period=16.000ns})
  Path Group:             userclk1
  Path Type:              Hold (Min at Fast Process Corner)
  Requirement:            0.000ns  (userclk1 rise@0.000ns - userclk1 rise@0.000ns)
  Data Path Delay:        0.291ns  (logic 0.141ns (48.374%)  route 0.150ns (51.626%))
  Logic Levels:           0  
  Clock Path Skew:        0.035ns (DCD - SCD - CPR)
    Destination Clock Delay (DCD):    2.885ns
    Source Clock Delay      (SCD):    2.256ns
    Clock Pessimism Removal (CPR):    0.594ns

    Location             Delay type                Incr(ns)  Path(ns)    Netlist Resource(s)
  -------------------------------------------------------------------    -------------------
                         (clock userclk1 rise edge)
                                                      0.000     0.000 r  
    GTPE2_CHANNEL_X0Y3   GTPE2_CHANNEL                0.000     0.000 r  XDMA/inst/xdma_v41_m1_pcie2_to_pcie3_wrapper_i/pcie2_ip_i/inst/inst/gt_top_i/pipe_wrapper_i/pipe_lane[0].gt_wrapper_i/gtp_channel.gtpe2_channel_i/TXOUTCLK
                         net (fo=1, routed)           0.473     0.473    XDMA/inst/xdma_v41_m1_pcie2_to_pcie3_wrapper_i/pcie2_ip_i/inst/inst/gt_top_i/pipe_wrapper_i/pipe_clock_int.pipe_clock_i/txoutclk_i.txoutclk_i_0
    BUFGCTRL_X0Y20       BUFG (Prop_bufg_I_O)         0.026     0.499 r  XDMA/inst/xdma_v41_m1_pcie2_to_pcie3_wrapper_i/pcie2_ip_i/inst/inst/gt_top_i/pipe_wrapper_i/pipe_clock_int.pipe_clock_i/txoutclk_i.txoutclk_i/O
                         net (fo=1, routed)           0.551     1.050    XDMA/inst/xdma_v41_m1_pcie2_to_pcie3_wrapper_i/pcie2_ip_i/inst/inst/gt_top_i/pipe_wrapper_i/pipe_clock_int.pipe_clock_i/refclk
    MMCME2_ADV_X0Y0      MMCME2_ADV (Prop_mmcme2_adv_CLKIN1_CLKOUT2)
                                                      0.050     1.100 r  XDMA/inst/xdma_v41_m1_pcie2_to_pcie3_wrapper_i/pcie2_ip_i/inst/inst/gt_top_i/pipe_wrapper_i/pipe_clock_int.pipe_clock_i/mmcm_i/CLKOUT2
                         net (fo=1, routed)           0.489     1.589    XDMA/inst/xdma_v41_m1_pcie2_to_pcie3_wrapper_i/pcie2_ip_i/inst/inst/gt_top_i/pipe_wrapper_i/pipe_clock_int.pipe_clock_i/userclk1
    BUFGCTRL_X0Y0        BUFG (Prop_bufg_I_O)         0.026     1.615 r  XDMA/inst/xdma_v41_m1_pcie2_to_pcie3_wrapper_i/pcie2_ip_i/inst/inst/gt_top_i/pipe_wrapper_i/pipe_clock_int.pipe_clock_i/userclk1_i1.usrclk1_i1/O
                         net (fo=18985, routed)       0.641     2.256    XDMA/inst/udma_wrapper/dma_top/dma_pcie_req/TAG_FIFO_EVEN/user_clk
    SLICE_X29Y111        FDRE                                         r  XDMA/inst/udma_wrapper/dma_top/dma_pcie_req/TAG_FIFO_EVEN/WrPtr_reg[4]/C
  -------------------------------------------------------------------    -------------------
    SLICE_X29Y111        FDRE (Prop_fdre_C_Q)         0.141     2.397 r  XDMA/inst/udma_wrapper/dma_top/dma_pcie_req/TAG_FIFO_EVEN/WrPtr_reg[4]/Q
                         net (fo=9, routed)           0.150     2.548    XDMA/inst/udma_wrapper/dma_top/TAG_FIFO_EVEN/MemArray_reg_0_31_0_4/ADDRD4
    SLICE_X30Y111        RAMD32                                       r  XDMA/inst/udma_wrapper/dma_top/TAG_FIFO_EVEN/MemArray_reg_0_31_0_4/RAMC/WADR4
  -------------------------------------------------------------------    -------------------

                         (clock userclk1 rise edge)
                                                      0.000     0.000 r  
    GTPE2_CHANNEL_X0Y3   GTPE2_CHANNEL                0.000     0.000 r  XDMA/inst/xdma_v41_m1_pcie2_to_pcie3_wrapper_i/pcie2_ip_i/inst/inst/gt_top_i/pipe_wrapper_i/pipe_lane[0].gt_wrapper_i/gtp_channel.gtpe2_channel_i/TXOUTCLK
                         net (fo=1, routed)           0.509     0.509    XDMA/inst/xdma_v41_m1_pcie2_to_pcie3_wrapper_i/pcie2_ip_i/inst/inst/gt_top_i/pipe_wrapper_i/pipe_clock_int.pipe_clock_i/txoutclk_i.txoutclk_i_0
    BUFGCTRL_X0Y20       BUFG (Prop_bufg_I_O)         0.029     0.538 r  XDMA/inst/xdma_v41_m1_pcie2_to_pcie3_wrapper_i/pcie2_ip_i/inst/inst/gt_top_i/pipe_wrapper_i/pipe_clock_int.pipe_clock_i/txoutclk_i.txoutclk_i/O
                         net (fo=1, routed)           0.818     1.355    XDMA/inst/xdma_v41_m1_pcie2_to_pcie3_wrapper_i/pcie2_ip_i/inst/inst/gt_top_i/pipe_wrapper_i/pipe_clock_int.pipe_clock_i/refclk
    MMCME2_ADV_X0Y0      MMCME2_ADV (Prop_mmcme2_adv_CLKIN1_CLKOUT2)
                                                      0.053     1.408 r  XDMA/inst/xdma_v41_m1_pcie2_to_pcie3_wrapper_i/pcie2_ip_i/inst/inst/gt_top_i/pipe_wrapper_i/pipe_clock_int.pipe_clock_i/mmcm_i/CLKOUT2
                         net (fo=1, routed)           0.534     1.942    XDMA/inst/xdma_v41_m1_pcie2_to_pcie3_wrapper_i/pcie2_ip_i/inst/inst/gt_top_i/pipe_wrapper_i/pipe_clock_int.pipe_clock_i/userclk1
    BUFGCTRL_X0Y0        BUFG (Prop_bufg_I_O)         0.029     1.971 r  XDMA/inst/xdma_v41_m1_pcie2_to_pcie3_wrapper_i/pcie2_ip_i/inst/inst/gt_top_i/pipe_wrapper_i/pipe_clock_int.pipe_clock_i/userclk1_i1.usrclk1_i1/O
                         net (fo=18985, routed)       0.914     2.885    XDMA/inst/udma_wrapper/dma_top/TAG_FIFO_EVEN/MemArray_reg_0_31_0_4/WCLK
    SLICE_X30Y111        RAMD32                                       r  XDMA/inst/udma_wrapper/dma_top/TAG_FIFO_EVEN/MemArray_reg_0_31_0_4/RAMC/CLK
                         clock pessimism             -0.594     2.291    
    SLICE_X30Y111        RAMD32 (Hold_ramd32_CLK_WADR4)
                                                      0.200     2.491    XDMA/inst/udma_wrapper/dma_top/TAG_FIFO_EVEN/MemArray_reg_0_31_0_4/RAMC
  -------------------------------------------------------------------
                         required time                         -2.491    
                         arrival time                           2.548    
  -------------------------------------------------------------------
                         slack                                  0.056    

Slack (MET) :             0.056ns  (arrival time - required time)
  Source:                 XDMA/inst/udma_wrapper/dma_top/dma_pcie_req/TAG_FIFO_EVEN/WrPtr_reg[4]/C
                            (rising edge-triggered cell FDRE clocked by userclk1  {rise@0.000ns fall@8.000ns period=16.000ns})
  Destination:            XDMA/inst/udma_wrapper/dma_top/TAG_FIFO_EVEN/MemArray_reg_0_31_0_4/RAMC_D1/WADR4
                            (rising edge-triggered cell RAMD32 clocked by userclk1  {rise@0.000ns fall@8.000ns period=16.000ns})
  Path Group:             userclk1
  Path Type:              Hold (Min at Fast Process Corner)
  Requirement:            0.000ns  (userclk1 rise@0.000ns - userclk1 rise@0.000ns)
  Data Path Delay:        0.291ns  (logic 0.141ns (48.374%)  route 0.150ns (51.626%))
  Logic Levels:           0  
  Clock Path Skew:        0.035ns (DCD - SCD - CPR)
    Destination Clock Delay (DCD):    2.885ns
    Source Clock Delay      (SCD):    2.256ns
    Clock Pessimism Removal (CPR):    0.594ns

    Location             Delay type                Incr(ns)  Path(ns)    Netlist Resource(s)
  -------------------------------------------------------------------    -------------------
                         (clock userclk1 rise edge)
                                                      0.000     0.000 r  
    GTPE2_CHANNEL_X0Y3   GTPE2_CHANNEL                0.000     0.000 r  XDMA/inst/xdma_v41_m1_pcie2_to_pcie3_wrapper_i/pcie2_ip_i/inst/inst/gt_top_i/pipe_wrapper_i/pipe_lane[0].gt_wrapper_i/gtp_channel.gtpe2_channel_i/TXOUTCLK
                         net (fo=1, routed)           0.473     0.473    XDMA/inst/xdma_v41_m1_pcie2_to_pcie3_wrapper_i/pcie2_ip_i/inst/inst/gt_top_i/pipe_wrapper_i/pipe_clock_int.pipe_clock_i/txoutclk_i.txoutclk_i_0
    BUFGCTRL_X0Y20       BUFG (Prop_bufg_I_O)         0.026     0.499 r  XDMA/inst/xdma_v41_m1_pcie2_to_pcie3_wrapper_i/pcie2_ip_i/inst/inst/gt_top_i/pipe_wrapper_i/pipe_clock_int.pipe_clock_i/txoutclk_i.txoutclk_i/O
                         net (fo=1, routed)           0.551     1.050    XDMA/inst/xdma_v41_m1_pcie2_to_pcie3_wrapper_i/pcie2_ip_i/inst/inst/gt_top_i/pipe_wrapper_i/pipe_clock_int.pipe_clock_i/refclk
    MMCME2_ADV_X0Y0      MMCME2_ADV (Prop_mmcme2_adv_CLKIN1_CLKOUT2)
                                                      0.050     1.100 r  XDMA/inst/xdma_v41_m1_pcie2_to_pcie3_wrapper_i/pcie2_ip_i/inst/inst/gt_top_i/pipe_wrapper_i/pipe_clock_int.pipe_clock_i/mmcm_i/CLKOUT2
                         net (fo=1, routed)           0.489     1.589    XDMA/inst/xdma_v41_m1_pcie2_to_pcie3_wrapper_i/pcie2_ip_i/inst/inst/gt_top_i/pipe_wrapper_i/pipe_clock_int.pipe_clock_i/userclk1
    BUFGCTRL_X0Y0        BUFG (Prop_bufg_I_O)         0.026     1.615 r  XDMA/inst/xdma_v41_m1_pcie2_to_pcie3_wrapper_i/pcie2_ip_i/inst/inst/gt_top_i/pipe_wrapper_i/pipe_clock_int.pipe_clock_i/userclk1_i1.usrclk1_i1/O
                         net (fo=18985, routed)       0.641     2.256    XDMA/inst/udma_wrapper/dma_top/dma_pcie_req/TAG_FIFO_EVEN/user_clk
    SLICE_X29Y111        FDRE                                         r  XDMA/inst/udma_wrapper/dma_top/dma_pcie_req/TAG_FIFO_EVEN/WrPtr_reg[4]/C
  -------------------------------------------------------------------    -------------------
    SLICE_X29Y111        FDRE (Prop_fdre_C_Q)         0.141     2.397 r  XDMA/inst/udma_wrapper/dma_top/dma_pcie_req/TAG_FIFO_EVEN/WrPtr_reg[4]/Q
                         net (fo=9, routed)           0.150     2.548    XDMA/inst/udma_wrapper/dma_top/TAG_FIFO_EVEN/MemArray_reg_0_31_0_4/ADDRD4
    SLICE_X30Y111        RAMD32                                       r  XDMA/inst/udma_wrapper/dma_top/TAG_FIFO_EVEN/MemArray_reg_0_31_0_4/RAMC_D1/WADR4
  -------------------------------------------------------------------    -------------------

                         (clock userclk1 rise edge)
                                                      0.000     0.000 r  
    GTPE2_CHANNEL_X0Y3   GTPE2_CHANNEL                0.000     0.000 r  XDMA/inst/xdma_v41_m1_pcie2_to_pcie3_wrapper_i/pcie2_ip_i/inst/inst/gt_top_i/pipe_wrapper_i/pipe_lane[0].gt_wrapper_i/gtp_channel.gtpe2_channel_i/TXOUTCLK
                         net (fo=1, routed)           0.509     0.509    XDMA/inst/xdma_v41_m1_pcie2_to_pcie3_wrapper_i/pcie2_ip_i/inst/inst/gt_top_i/pipe_wrapper_i/pipe_clock_int.pipe_clock_i/txoutclk_i.txoutclk_i_0
    BUFGCTRL_X0Y20       BUFG (Prop_bufg_I_O)         0.029     0.538 r  XDMA/inst/xdma_v41_m1_pcie2_to_pcie3_wrapper_i/pcie2_ip_i/inst/inst/gt_top_i/pipe_wrapper_i/pipe_clock_int.pipe_clock_i/txoutclk_i.txoutclk_i/O
                         net (fo=1, routed)           0.818     1.355    XDMA/inst/xdma_v41_m1_pcie2_to_pcie3_wrapper_i/pcie2_ip_i/inst/inst/gt_top_i/pipe_wrapper_i/pipe_clock_int.pipe_clock_i/refclk
    MMCME2_ADV_X0Y0      MMCME2_ADV (Prop_mmcme2_adv_CLKIN1_CLKOUT2)
                                                      0.053     1.408 r  XDMA/inst/xdma_v41_m1_pcie2_to_pcie3_wrapper_i/pcie2_ip_i/inst/inst/gt_top_i/pipe_wrapper_i/pipe_clock_int.pipe_clock_i/mmcm_i/CLKOUT2
                         net (fo=1, routed)           0.534     1.942    XDMA/inst/xdma_v41_m1_pcie2_to_pcie3_wrapper_i/pcie2_ip_i/inst/inst/gt_top_i/pipe_wrapper_i/pipe_clock_int.pipe_clock_i/userclk1
    BUFGCTRL_X0Y0        BUFG (Prop_bufg_I_O)         0.029     1.971 r  XDMA/inst/xdma_v41_m1_pcie2_to_pcie3_wrapper_i/pcie2_ip_i/inst/inst/gt_top_i/pipe_wrapper_i/pipe_clock_int.pipe_clock_i/userclk1_i1.usrclk1_i1/O
                         net (fo=18985, routed)       0.914     2.885    XDMA/inst/udma_wrapper/dma_top/TAG_FIFO_EVEN/MemArray_reg_0_31_0_4/WCLK
    SLICE_X30Y111        RAMD32                                       r  XDMA/inst/udma_wrapper/dma_top/TAG_FIFO_EVEN/MemArray_reg_0_31_0_4/RAMC_D1/CLK
                         clock pessimism             -0.594     2.291    
    SLICE_X30Y111        RAMD32 (Hold_ramd32_CLK_WADR4)
                                                      0.200     2.491    XDMA/inst/udma_wrapper/dma_top/TAG_FIFO_EVEN/MemArray_reg_0_31_0_4/RAMC_D1
  -------------------------------------------------------------------
                         required time                         -2.491    
                         arrival time                           2.548    
  -------------------------------------------------------------------
                         slack                                  0.056    

Slack (MET) :             0.056ns  (arrival time - required time)
  Source:                 XDMA/inst/udma_wrapper/dma_top/dma_pcie_req/TAG_FIFO_EVEN/WrPtr_reg[4]/C
                            (rising edge-triggered cell FDRE clocked by userclk1  {rise@0.000ns fall@8.000ns period=16.000ns})
  Destination:            XDMA/inst/udma_wrapper/dma_top/TAG_FIFO_EVEN/MemArray_reg_0_31_0_4/RAMD/ADR4
                            (rising edge-triggered cell RAMS32 clocked by userclk1  {rise@0.000ns fall@8.000ns period=16.000ns})
  Path Group:             userclk1
  Path Type:              Hold (Min at Fast Process Corner)
  Requirement:            0.000ns  (userclk1 rise@0.000ns - userclk1 rise@0.000ns)
  Data Path Delay:        0.291ns  (logic 0.141ns (48.374%)  route 0.150ns (51.626%))
  Logic Levels:           0  
  Clock Path Skew:        0.035ns (DCD - SCD - CPR)
    Destination Clock Delay (DCD):    2.885ns
    Source Clock Delay      (SCD):    2.256ns
    Clock Pessimism Removal (CPR):    0.594ns

    Location             Delay type                Incr(ns)  Path(ns)    Netlist Resource(s)
  -------------------------------------------------------------------    -------------------
                         (clock userclk1 rise edge)
                                                      0.000     0.000 r  
    GTPE2_CHANNEL_X0Y3   GTPE2_CHANNEL                0.000     0.000 r  XDMA/inst/xdma_v41_m1_pcie2_to_pcie3_wrapper_i/pcie2_ip_i/inst/inst/gt_top_i/pipe_wrapper_i/pipe_lane[0].gt_wrapper_i/gtp_channel.gtpe2_channel_i/TXOUTCLK
                         net (fo=1, routed)           0.473     0.473    XDMA/inst/xdma_v41_m1_pcie2_to_pcie3_wrapper_i/pcie2_ip_i/inst/inst/gt_top_i/pipe_wrapper_i/pipe_clock_int.pipe_clock_i/txoutclk_i.txoutclk_i_0
    BUFGCTRL_X0Y20       BUFG (Prop_bufg_I_O)         0.026     0.499 r  XDMA/inst/xdma_v41_m1_pcie2_to_pcie3_wrapper_i/pcie2_ip_i/inst/inst/gt_top_i/pipe_wrapper_i/pipe_clock_int.pipe_clock_i/txoutclk_i.txoutclk_i/O
                         net (fo=1, routed)           0.551     1.050    XDMA/inst/xdma_v41_m1_pcie2_to_pcie3_wrapper_i/pcie2_ip_i/inst/inst/gt_top_i/pipe_wrapper_i/pipe_clock_int.pipe_clock_i/refclk
    MMCME2_ADV_X0Y0      MMCME2_ADV (Prop_mmcme2_adv_CLKIN1_CLKOUT2)
                                                      0.050     1.100 r  XDMA/inst/xdma_v41_m1_pcie2_to_pcie3_wrapper_i/pcie2_ip_i/inst/inst/gt_top_i/pipe_wrapper_i/pipe_clock_int.pipe_clock_i/mmcm_i/CLKOUT2
                         net (fo=1, routed)           0.489     1.589    XDMA/inst/xdma_v41_m1_pcie2_to_pcie3_wrapper_i/pcie2_ip_i/inst/inst/gt_top_i/pipe_wrapper_i/pipe_clock_int.pipe_clock_i/userclk1
    BUFGCTRL_X0Y0        BUFG (Prop_bufg_I_O)         0.026     1.615 r  XDMA/inst/xdma_v41_m1_pcie2_to_pcie3_wrapper_i/pcie2_ip_i/inst/inst/gt_top_i/pipe_wrapper_i/pipe_clock_int.pipe_clock_i/userclk1_i1.usrclk1_i1/O
                         net (fo=18985, routed)       0.641     2.256    XDMA/inst/udma_wrapper/dma_top/dma_pcie_req/TAG_FIFO_EVEN/user_clk
    SLICE_X29Y111        FDRE                                         r  XDMA/inst/udma_wrapper/dma_top/dma_pcie_req/TAG_FIFO_EVEN/WrPtr_reg[4]/C
  -------------------------------------------------------------------    -------------------
    SLICE_X29Y111        FDRE (Prop_fdre_C_Q)         0.141     2.397 r  XDMA/inst/udma_wrapper/dma_top/dma_pcie_req/TAG_FIFO_EVEN/WrPtr_reg[4]/Q
                         net (fo=9, routed)           0.150     2.548    XDMA/inst/udma_wrapper/dma_top/TAG_FIFO_EVEN/MemArray_reg_0_31_0_4/ADDRD4
    SLICE_X30Y111        RAMS32                                       r  XDMA/inst/udma_wrapper/dma_top/TAG_FIFO_EVEN/MemArray_reg_0_31_0_4/RAMD/ADR4
  -------------------------------------------------------------------    -------------------

                         (clock userclk1 rise edge)
                                                      0.000     0.000 r  
    GTPE2_CHANNEL_X0Y3   GTPE2_CHANNEL                0.000     0.000 r  XDMA/inst/xdma_v41_m1_pcie2_to_pcie3_wrapper_i/pcie2_ip_i/inst/inst/gt_top_i/pipe_wrapper_i/pipe_lane[0].gt_wrapper_i/gtp_channel.gtpe2_channel_i/TXOUTCLK
                         net (fo=1, routed)           0.509     0.509    XDMA/inst/xdma_v41_m1_pcie2_to_pcie3_wrapper_i/pcie2_ip_i/inst/inst/gt_top_i/pipe_wrapper_i/pipe_clock_int.pipe_clock_i/txoutclk_i.txoutclk_i_0
    BUFGCTRL_X0Y20       BUFG (Prop_bufg_I_O)         0.029     0.538 r  XDMA/inst/xdma_v41_m1_pcie2_to_pcie3_wrapper_i/pcie2_ip_i/inst/inst/gt_top_i/pipe_wrapper_i/pipe_clock_int.pipe_clock_i/txoutclk_i.txoutclk_i/O
                         net (fo=1, routed)           0.818     1.355    XDMA/inst/xdma_v41_m1_pcie2_to_pcie3_wrapper_i/pcie2_ip_i/inst/inst/gt_top_i/pipe_wrapper_i/pipe_clock_int.pipe_clock_i/refclk
    MMCME2_ADV_X0Y0      MMCME2_ADV (Prop_mmcme2_adv_CLKIN1_CLKOUT2)
                                                      0.053     1.408 r  XDMA/inst/xdma_v41_m1_pcie2_to_pcie3_wrapper_i/pcie2_ip_i/inst/inst/gt_top_i/pipe_wrapper_i/pipe_clock_int.pipe_clock_i/mmcm_i/CLKOUT2
                         net (fo=1, routed)           0.534     1.942    XDMA/inst/xdma_v41_m1_pcie2_to_pcie3_wrapper_i/pcie2_ip_i/inst/inst/gt_top_i/pipe_wrapper_i/pipe_clock_int.pipe_clock_i/userclk1
    BUFGCTRL_X0Y0        BUFG (Prop_bufg_I_O)         0.029     1.971 r  XDMA/inst/xdma_v41_m1_pcie2_to_pcie3_wrapper_i/pcie2_ip_i/inst/inst/gt_top_i/pipe_wrapper_i/pipe_clock_int.pipe_clock_i/userclk1_i1.usrclk1_i1/O
                         net (fo=18985, routed)       0.914     2.885    XDMA/inst/udma_wrapper/dma_top/TAG_FIFO_EVEN/MemArray_reg_0_31_0_4/WCLK
    SLICE_X30Y111        RAMS32                                       r  XDMA/inst/udma_wrapper/dma_top/TAG_FIFO_EVEN/MemArray_reg_0_31_0_4/RAMD/CLK
                         clock pessimism             -0.594     2.291    
    SLICE_X30Y111        RAMS32 (Hold_rams32_CLK_ADR4)
                                                      0.200     2.491    XDMA/inst/udma_wrapper/dma_top/TAG_FIFO_EVEN/MemArray_reg_0_31_0_4/RAMD
  -------------------------------------------------------------------
                         required time                         -2.491    
                         arrival time                           2.548    
  -------------------------------------------------------------------
                         slack                                  0.056    

Slack (MET) :             0.056ns  (arrival time - required time)
  Source:                 XDMA/inst/udma_wrapper/dma_top/dma_pcie_req/TAG_FIFO_EVEN/WrPtr_reg[4]/C
                            (rising edge-triggered cell FDRE clocked by userclk1  {rise@0.000ns fall@8.000ns period=16.000ns})
  Destination:            XDMA/inst/udma_wrapper/dma_top/TAG_FIFO_EVEN/MemArray_reg_0_31_0_4/RAMD_D1/ADR4
                            (rising edge-triggered cell RAMS32 clocked by userclk1  {rise@0.000ns fall@8.000ns period=16.000ns})
  Path Group:             userclk1
  Path Type:              Hold (Min at Fast Process Corner)
  Requirement:            0.000ns  (userclk1 rise@0.000ns - userclk1 rise@0.000ns)
  Data Path Delay:        0.291ns  (logic 0.141ns (48.374%)  route 0.150ns (51.626%))
  Logic Levels:           0  
  Clock Path Skew:        0.035ns (DCD - SCD - CPR)
    Destination Clock Delay (DCD):    2.885ns
    Source Clock Delay      (SCD):    2.256ns
    Clock Pessimism Removal (CPR):    0.594ns

    Location             Delay type                Incr(ns)  Path(ns)    Netlist Resource(s)
  -------------------------------------------------------------------    -------------------
                         (clock userclk1 rise edge)
                                                      0.000     0.000 r  
    GTPE2_CHANNEL_X0Y3   GTPE2_CHANNEL                0.000     0.000 r  XDMA/inst/xdma_v41_m1_pcie2_to_pcie3_wrapper_i/pcie2_ip_i/inst/inst/gt_top_i/pipe_wrapper_i/pipe_lane[0].gt_wrapper_i/gtp_channel.gtpe2_channel_i/TXOUTCLK
                         net (fo=1, routed)           0.473     0.473    XDMA/inst/xdma_v41_m1_pcie2_to_pcie3_wrapper_i/pcie2_ip_i/inst/inst/gt_top_i/pipe_wrapper_i/pipe_clock_int.pipe_clock_i/txoutclk_i.txoutclk_i_0
    BUFGCTRL_X0Y20       BUFG (Prop_bufg_I_O)         0.026     0.499 r  XDMA/inst/xdma_v41_m1_pcie2_to_pcie3_wrapper_i/pcie2_ip_i/inst/inst/gt_top_i/pipe_wrapper_i/pipe_clock_int.pipe_clock_i/txoutclk_i.txoutclk_i/O
                         net (fo=1, routed)           0.551     1.050    XDMA/inst/xdma_v41_m1_pcie2_to_pcie3_wrapper_i/pcie2_ip_i/inst/inst/gt_top_i/pipe_wrapper_i/pipe_clock_int.pipe_clock_i/refclk
    MMCME2_ADV_X0Y0      MMCME2_ADV (Prop_mmcme2_adv_CLKIN1_CLKOUT2)
                                                      0.050     1.100 r  XDMA/inst/xdma_v41_m1_pcie2_to_pcie3_wrapper_i/pcie2_ip_i/inst/inst/gt_top_i/pipe_wrapper_i/pipe_clock_int.pipe_clock_i/mmcm_i/CLKOUT2
                         net (fo=1, routed)           0.489     1.589    XDMA/inst/xdma_v41_m1_pcie2_to_pcie3_wrapper_i/pcie2_ip_i/inst/inst/gt_top_i/pipe_wrapper_i/pipe_clock_int.pipe_clock_i/userclk1
    BUFGCTRL_X0Y0        BUFG (Prop_bufg_I_O)         0.026     1.615 r  XDMA/inst/xdma_v41_m1_pcie2_to_pcie3_wrapper_i/pcie2_ip_i/inst/inst/gt_top_i/pipe_wrapper_i/pipe_clock_int.pipe_clock_i/userclk1_i1.usrclk1_i1/O
                         net (fo=18985, routed)       0.641     2.256    XDMA/inst/udma_wrapper/dma_top/dma_pcie_req/TAG_FIFO_EVEN/user_clk
    SLICE_X29Y111        FDRE                                         r  XDMA/inst/udma_wrapper/dma_top/dma_pcie_req/TAG_FIFO_EVEN/WrPtr_reg[4]/C
  -------------------------------------------------------------------    -------------------
    SLICE_X29Y111        FDRE (Prop_fdre_C_Q)         0.141     2.397 r  XDMA/inst/udma_wrapper/dma_top/dma_pcie_req/TAG_FIFO_EVEN/WrPtr_reg[4]/Q
                         net (fo=9, routed)           0.150     2.548    XDMA/inst/udma_wrapper/dma_top/TAG_FIFO_EVEN/MemArray_reg_0_31_0_4/ADDRD4
    SLICE_X30Y111        RAMS32                                       r  XDMA/inst/udma_wrapper/dma_top/TAG_FIFO_EVEN/MemArray_reg_0_31_0_4/RAMD_D1/ADR4
  -------------------------------------------------------------------    -------------------

                         (clock userclk1 rise edge)
                                                      0.000     0.000 r  
    GTPE2_CHANNEL_X0Y3   GTPE2_CHANNEL                0.000     0.000 r  XDMA/inst/xdma_v41_m1_pcie2_to_pcie3_wrapper_i/pcie2_ip_i/inst/inst/gt_top_i/pipe_wrapper_i/pipe_lane[0].gt_wrapper_i/gtp_channel.gtpe2_channel_i/TXOUTCLK
                         net (fo=1, routed)           0.509     0.509    XDMA/inst/xdma_v41_m1_pcie2_to_pcie3_wrapper_i/pcie2_ip_i/inst/inst/gt_top_i/pipe_wrapper_i/pipe_clock_int.pipe_clock_i/txoutclk_i.txoutclk_i_0
    BUFGCTRL_X0Y20       BUFG (Prop_bufg_I_O)         0.029     0.538 r  XDMA/inst/xdma_v41_m1_pcie2_to_pcie3_wrapper_i/pcie2_ip_i/inst/inst/gt_top_i/pipe_wrapper_i/pipe_clock_int.pipe_clock_i/txoutclk_i.txoutclk_i/O
                         net (fo=1, routed)           0.818     1.355    XDMA/inst/xdma_v41_m1_pcie2_to_pcie3_wrapper_i/pcie2_ip_i/inst/inst/gt_top_i/pipe_wrapper_i/pipe_clock_int.pipe_clock_i/refclk
    MMCME2_ADV_X0Y0      MMCME2_ADV (Prop_mmcme2_adv_CLKIN1_CLKOUT2)
                                                      0.053     1.408 r  XDMA/inst/xdma_v41_m1_pcie2_to_pcie3_wrapper_i/pcie2_ip_i/inst/inst/gt_top_i/pipe_wrapper_i/pipe_clock_int.pipe_clock_i/mmcm_i/CLKOUT2
                         net (fo=1, routed)           0.534     1.942    XDMA/inst/xdma_v41_m1_pcie2_to_pcie3_wrapper_i/pcie2_ip_i/inst/inst/gt_top_i/pipe_wrapper_i/pipe_clock_int.pipe_clock_i/userclk1
    BUFGCTRL_X0Y0        BUFG (Prop_bufg_I_O)         0.029     1.971 r  XDMA/inst/xdma_v41_m1_pcie2_to_pcie3_wrapper_i/pcie2_ip_i/inst/inst/gt_top_i/pipe_wrapper_i/pipe_clock_int.pipe_clock_i/userclk1_i1.usrclk1_i1/O
                         net (fo=18985, routed)       0.914     2.885    XDMA/inst/udma_wrapper/dma_top/TAG_FIFO_EVEN/MemArray_reg_0_31_0_4/WCLK
    SLICE_X30Y111        RAMS32                                       r  XDMA/inst/udma_wrapper/dma_top/TAG_FIFO_EVEN/MemArray_reg_0_31_0_4/RAMD_D1/CLK
                         clock pessimism             -0.594     2.291    
    SLICE_X30Y111        RAMS32 (Hold_rams32_CLK_ADR4)
                                                      0.200     2.491    XDMA/inst/udma_wrapper/dma_top/TAG_FIFO_EVEN/MemArray_reg_0_31_0_4/RAMD_D1
  -------------------------------------------------------------------
                         required time                         -2.491    
                         arrival time                           2.548    
  -------------------------------------------------------------------
                         slack                                  0.056    

Slack (MET) :             0.058ns  (arrival time - required time)
  Source:                 XDMA/inst/udma_wrapper/dma_top/dma_pcie_req/TAG_FIFO_ODD/WrPtr_reg[4]/C
                            (rising edge-triggered cell FDRE clocked by userclk1  {rise@0.000ns fall@8.000ns period=16.000ns})
  Destination:            XDMA/inst/udma_wrapper/dma_top/TAG_FIFO_ODD/MemArray_reg_0_31_0_4/RAMA/WADR4
                            (rising edge-triggered cell RAMD32 clocked by userclk1  {rise@0.000ns fall@8.000ns period=16.000ns})
  Path Group:             userclk1
  Path Type:              Hold (Min at Fast Process Corner)
  Requirement:            0.000ns  (userclk1 rise@0.000ns - userclk1 rise@0.000ns)
  Data Path Delay:        0.293ns  (logic 0.141ns (48.185%)  route 0.152ns (51.815%))
  Logic Levels:           0  
  Clock Path Skew:        0.035ns (DCD - SCD - CPR)
    Destination Clock Delay (DCD):    2.885ns
    Source Clock Delay      (SCD):    2.256ns
    Clock Pessimism Removal (CPR):    0.594ns

    Location             Delay type                Incr(ns)  Path(ns)    Netlist Resource(s)
  -------------------------------------------------------------------    -------------------
                         (clock userclk1 rise edge)
                                                      0.000     0.000 r  
    GTPE2_CHANNEL_X0Y3   GTPE2_CHANNEL                0.000     0.000 r  XDMA/inst/xdma_v41_m1_pcie2_to_pcie3_wrapper_i/pcie2_ip_i/inst/inst/gt_top_i/pipe_wrapper_i/pipe_lane[0].gt_wrapper_i/gtp_channel.gtpe2_channel_i/TXOUTCLK
                         net (fo=1, routed)           0.473     0.473    XDMA/inst/xdma_v41_m1_pcie2_to_pcie3_wrapper_i/pcie2_ip_i/inst/inst/gt_top_i/pipe_wrapper_i/pipe_clock_int.pipe_clock_i/txoutclk_i.txoutclk_i_0
    BUFGCTRL_X0Y20       BUFG (Prop_bufg_I_O)         0.026     0.499 r  XDMA/inst/xdma_v41_m1_pcie2_to_pcie3_wrapper_i/pcie2_ip_i/inst/inst/gt_top_i/pipe_wrapper_i/pipe_clock_int.pipe_clock_i/txoutclk_i.txoutclk_i/O
                         net (fo=1, routed)           0.551     1.050    XDMA/inst/xdma_v41_m1_pcie2_to_pcie3_wrapper_i/pcie2_ip_i/inst/inst/gt_top_i/pipe_wrapper_i/pipe_clock_int.pipe_clock_i/refclk
    MMCME2_ADV_X0Y0      MMCME2_ADV (Prop_mmcme2_adv_CLKIN1_CLKOUT2)
                                                      0.050     1.100 r  XDMA/inst/xdma_v41_m1_pcie2_to_pcie3_wrapper_i/pcie2_ip_i/inst/inst/gt_top_i/pipe_wrapper_i/pipe_clock_int.pipe_clock_i/mmcm_i/CLKOUT2
                         net (fo=1, routed)           0.489     1.589    XDMA/inst/xdma_v41_m1_pcie2_to_pcie3_wrapper_i/pcie2_ip_i/inst/inst/gt_top_i/pipe_wrapper_i/pipe_clock_int.pipe_clock_i/userclk1
    BUFGCTRL_X0Y0        BUFG (Prop_bufg_I_O)         0.026     1.615 r  XDMA/inst/xdma_v41_m1_pcie2_to_pcie3_wrapper_i/pcie2_ip_i/inst/inst/gt_top_i/pipe_wrapper_i/pipe_clock_int.pipe_clock_i/userclk1_i1.usrclk1_i1/O
                         net (fo=18985, routed)       0.641     2.256    XDMA/inst/udma_wrapper/dma_top/dma_pcie_req/TAG_FIFO_ODD/user_clk
    SLICE_X33Y111        FDRE                                         r  XDMA/inst/udma_wrapper/dma_top/dma_pcie_req/TAG_FIFO_ODD/WrPtr_reg[4]/C
  -------------------------------------------------------------------    -------------------
    SLICE_X33Y111        FDRE (Prop_fdre_C_Q)         0.141     2.397 r  XDMA/inst/udma_wrapper/dma_top/dma_pcie_req/TAG_FIFO_ODD/WrPtr_reg[4]/Q
                         net (fo=9, routed)           0.152     2.549    XDMA/inst/udma_wrapper/dma_top/TAG_FIFO_ODD/MemArray_reg_0_31_0_4/ADDRD4
    SLICE_X34Y111        RAMD32                                       r  XDMA/inst/udma_wrapper/dma_top/TAG_FIFO_ODD/MemArray_reg_0_31_0_4/RAMA/WADR4
  -------------------------------------------------------------------    -------------------

                         (clock userclk1 rise edge)
                                                      0.000     0.000 r  
    GTPE2_CHANNEL_X0Y3   GTPE2_CHANNEL                0.000     0.000 r  XDMA/inst/xdma_v41_m1_pcie2_to_pcie3_wrapper_i/pcie2_ip_i/inst/inst/gt_top_i/pipe_wrapper_i/pipe_lane[0].gt_wrapper_i/gtp_channel.gtpe2_channel_i/TXOUTCLK
                         net (fo=1, routed)           0.509     0.509    XDMA/inst/xdma_v41_m1_pcie2_to_pcie3_wrapper_i/pcie2_ip_i/inst/inst/gt_top_i/pipe_wrapper_i/pipe_clock_int.pipe_clock_i/txoutclk_i.txoutclk_i_0
    BUFGCTRL_X0Y20       BUFG (Prop_bufg_I_O)         0.029     0.538 r  XDMA/inst/xdma_v41_m1_pcie2_to_pcie3_wrapper_i/pcie2_ip_i/inst/inst/gt_top_i/pipe_wrapper_i/pipe_clock_int.pipe_clock_i/txoutclk_i.txoutclk_i/O
                         net (fo=1, routed)           0.818     1.355    XDMA/inst/xdma_v41_m1_pcie2_to_pcie3_wrapper_i/pcie2_ip_i/inst/inst/gt_top_i/pipe_wrapper_i/pipe_clock_int.pipe_clock_i/refclk
    MMCME2_ADV_X0Y0      MMCME2_ADV (Prop_mmcme2_adv_CLKIN1_CLKOUT2)
                                                      0.053     1.408 r  XDMA/inst/xdma_v41_m1_pcie2_to_pcie3_wrapper_i/pcie2_ip_i/inst/inst/gt_top_i/pipe_wrapper_i/pipe_clock_int.pipe_clock_i/mmcm_i/CLKOUT2
                         net (fo=1, routed)           0.534     1.942    XDMA/inst/xdma_v41_m1_pcie2_to_pcie3_wrapper_i/pcie2_ip_i/inst/inst/gt_top_i/pipe_wrapper_i/pipe_clock_int.pipe_clock_i/userclk1
    BUFGCTRL_X0Y0        BUFG (Prop_bufg_I_O)         0.029     1.971 r  XDMA/inst/xdma_v41_m1_pcie2_to_pcie3_wrapper_i/pcie2_ip_i/inst/inst/gt_top_i/pipe_wrapper_i/pipe_clock_int.pipe_clock_i/userclk1_i1.usrclk1_i1/O
                         net (fo=18985, routed)       0.914     2.885    XDMA/inst/udma_wrapper/dma_top/TAG_FIFO_ODD/MemArray_reg_0_31_0_4/WCLK
    SLICE_X34Y111        RAMD32                                       r  XDMA/inst/udma_wrapper/dma_top/TAG_FIFO_ODD/MemArray_reg_0_31_0_4/RAMA/CLK
                         clock pessimism             -0.594     2.291    
    SLICE_X34Y111        RAMD32 (Hold_ramd32_CLK_WADR4)
                                                      0.200     2.491    XDMA/inst/udma_wrapper/dma_top/TAG_FIFO_ODD/MemArray_reg_0_31_0_4/RAMA
  -------------------------------------------------------------------
                         required time                         -2.491    
                         arrival time                           2.549    
  -------------------------------------------------------------------
                         slack                                  0.058    

Slack (MET) :             0.058ns  (arrival time - required time)
  Source:                 XDMA/inst/udma_wrapper/dma_top/dma_pcie_req/TAG_FIFO_ODD/WrPtr_reg[4]/C
                            (rising edge-triggered cell FDRE clocked by userclk1  {rise@0.000ns fall@8.000ns period=16.000ns})
  Destination:            XDMA/inst/udma_wrapper/dma_top/TAG_FIFO_ODD/MemArray_reg_0_31_0_4/RAMA_D1/WADR4
                            (rising edge-triggered cell RAMD32 clocked by userclk1  {rise@0.000ns fall@8.000ns period=16.000ns})
  Path Group:             userclk1
  Path Type:              Hold (Min at Fast Process Corner)
  Requirement:            0.000ns  (userclk1 rise@0.000ns - userclk1 rise@0.000ns)
  Data Path Delay:        0.293ns  (logic 0.141ns (48.185%)  route 0.152ns (51.815%))
  Logic Levels:           0  
  Clock Path Skew:        0.035ns (DCD - SCD - CPR)
    Destination Clock Delay (DCD):    2.885ns
    Source Clock Delay      (SCD):    2.256ns
    Clock Pessimism Removal (CPR):    0.594ns

    Location             Delay type                Incr(ns)  Path(ns)    Netlist Resource(s)
  -------------------------------------------------------------------    -------------------
                         (clock userclk1 rise edge)
                                                      0.000     0.000 r  
    GTPE2_CHANNEL_X0Y3   GTPE2_CHANNEL                0.000     0.000 r  XDMA/inst/xdma_v41_m1_pcie2_to_pcie3_wrapper_i/pcie2_ip_i/inst/inst/gt_top_i/pipe_wrapper_i/pipe_lane[0].gt_wrapper_i/gtp_channel.gtpe2_channel_i/TXOUTCLK
                         net (fo=1, routed)           0.473     0.473    XDMA/inst/xdma_v41_m1_pcie2_to_pcie3_wrapper_i/pcie2_ip_i/inst/inst/gt_top_i/pipe_wrapper_i/pipe_clock_int.pipe_clock_i/txoutclk_i.txoutclk_i_0
    BUFGCTRL_X0Y20       BUFG (Prop_bufg_I_O)         0.026     0.499 r  XDMA/inst/xdma_v41_m1_pcie2_to_pcie3_wrapper_i/pcie2_ip_i/inst/inst/gt_top_i/pipe_wrapper_i/pipe_clock_int.pipe_clock_i/txoutclk_i.txoutclk_i/O
                         net (fo=1, routed)           0.551     1.050    XDMA/inst/xdma_v41_m1_pcie2_to_pcie3_wrapper_i/pcie2_ip_i/inst/inst/gt_top_i/pipe_wrapper_i/pipe_clock_int.pipe_clock_i/refclk
    MMCME2_ADV_X0Y0      MMCME2_ADV (Prop_mmcme2_adv_CLKIN1_CLKOUT2)
                                                      0.050     1.100 r  XDMA/inst/xdma_v41_m1_pcie2_to_pcie3_wrapper_i/pcie2_ip_i/inst/inst/gt_top_i/pipe_wrapper_i/pipe_clock_int.pipe_clock_i/mmcm_i/CLKOUT2
                         net (fo=1, routed)           0.489     1.589    XDMA/inst/xdma_v41_m1_pcie2_to_pcie3_wrapper_i/pcie2_ip_i/inst/inst/gt_top_i/pipe_wrapper_i/pipe_clock_int.pipe_clock_i/userclk1
    BUFGCTRL_X0Y0        BUFG (Prop_bufg_I_O)         0.026     1.615 r  XDMA/inst/xdma_v41_m1_pcie2_to_pcie3_wrapper_i/pcie2_ip_i/inst/inst/gt_top_i/pipe_wrapper_i/pipe_clock_int.pipe_clock_i/userclk1_i1.usrclk1_i1/O
                         net (fo=18985, routed)       0.641     2.256    XDMA/inst/udma_wrapper/dma_top/dma_pcie_req/TAG_FIFO_ODD/user_clk
    SLICE_X33Y111        FDRE                                         r  XDMA/inst/udma_wrapper/dma_top/dma_pcie_req/TAG_FIFO_ODD/WrPtr_reg[4]/C
  -------------------------------------------------------------------    -------------------
    SLICE_X33Y111        FDRE (Prop_fdre_C_Q)         0.141     2.397 r  XDMA/inst/udma_wrapper/dma_top/dma_pcie_req/TAG_FIFO_ODD/WrPtr_reg[4]/Q
                         net (fo=9, routed)           0.152     2.549    XDMA/inst/udma_wrapper/dma_top/TAG_FIFO_ODD/MemArray_reg_0_31_0_4/ADDRD4
    SLICE_X34Y111        RAMD32                                       r  XDMA/inst/udma_wrapper/dma_top/TAG_FIFO_ODD/MemArray_reg_0_31_0_4/RAMA_D1/WADR4
  -------------------------------------------------------------------    -------------------

                         (clock userclk1 rise edge)
                                                      0.000     0.000 r  
    GTPE2_CHANNEL_X0Y3   GTPE2_CHANNEL                0.000     0.000 r  XDMA/inst/xdma_v41_m1_pcie2_to_pcie3_wrapper_i/pcie2_ip_i/inst/inst/gt_top_i/pipe_wrapper_i/pipe_lane[0].gt_wrapper_i/gtp_channel.gtpe2_channel_i/TXOUTCLK
                         net (fo=1, routed)           0.509     0.509    XDMA/inst/xdma_v41_m1_pcie2_to_pcie3_wrapper_i/pcie2_ip_i/inst/inst/gt_top_i/pipe_wrapper_i/pipe_clock_int.pipe_clock_i/txoutclk_i.txoutclk_i_0
    BUFGCTRL_X0Y20       BUFG (Prop_bufg_I_O)         0.029     0.538 r  XDMA/inst/xdma_v41_m1_pcie2_to_pcie3_wrapper_i/pcie2_ip_i/inst/inst/gt_top_i/pipe_wrapper_i/pipe_clock_int.pipe_clock_i/txoutclk_i.txoutclk_i/O
                         net (fo=1, routed)           0.818     1.355    XDMA/inst/xdma_v41_m1_pcie2_to_pcie3_wrapper_i/pcie2_ip_i/inst/inst/gt_top_i/pipe_wrapper_i/pipe_clock_int.pipe_clock_i/refclk
    MMCME2_ADV_X0Y0      MMCME2_ADV (Prop_mmcme2_adv_CLKIN1_CLKOUT2)
                                                      0.053     1.408 r  XDMA/inst/xdma_v41_m1_pcie2_to_pcie3_wrapper_i/pcie2_ip_i/inst/inst/gt_top_i/pipe_wrapper_i/pipe_clock_int.pipe_clock_i/mmcm_i/CLKOUT2
                         net (fo=1, routed)           0.534     1.942    XDMA/inst/xdma_v41_m1_pcie2_to_pcie3_wrapper_i/pcie2_ip_i/inst/inst/gt_top_i/pipe_wrapper_i/pipe_clock_int.pipe_clock_i/userclk1
    BUFGCTRL_X0Y0        BUFG (Prop_bufg_I_O)         0.029     1.971 r  XDMA/inst/xdma_v41_m1_pcie2_to_pcie3_wrapper_i/pcie2_ip_i/inst/inst/gt_top_i/pipe_wrapper_i/pipe_clock_int.pipe_clock_i/userclk1_i1.usrclk1_i1/O
                         net (fo=18985, routed)       0.914     2.885    XDMA/inst/udma_wrapper/dma_top/TAG_FIFO_ODD/MemArray_reg_0_31_0_4/WCLK
    SLICE_X34Y111        RAMD32                                       r  XDMA/inst/udma_wrapper/dma_top/TAG_FIFO_ODD/MemArray_reg_0_31_0_4/RAMA_D1/CLK
                         clock pessimism             -0.594     2.291    
    SLICE_X34Y111        RAMD32 (Hold_ramd32_CLK_WADR4)
                                                      0.200     2.491    XDMA/inst/udma_wrapper/dma_top/TAG_FIFO_ODD/MemArray_reg_0_31_0_4/RAMA_D1
  -------------------------------------------------------------------
                         required time                         -2.491    
                         arrival time                           2.549    
  -------------------------------------------------------------------
                         slack                                  0.058    

Slack (MET) :             0.058ns  (arrival time - required time)
  Source:                 XDMA/inst/udma_wrapper/dma_top/dma_pcie_req/TAG_FIFO_ODD/WrPtr_reg[4]/C
                            (rising edge-triggered cell FDRE clocked by userclk1  {rise@0.000ns fall@8.000ns period=16.000ns})
  Destination:            XDMA/inst/udma_wrapper/dma_top/TAG_FIFO_ODD/MemArray_reg_0_31_0_4/RAMB/WADR4
                            (rising edge-triggered cell RAMD32 clocked by userclk1  {rise@0.000ns fall@8.000ns period=16.000ns})
  Path Group:             userclk1
  Path Type:              Hold (Min at Fast Process Corner)
  Requirement:            0.000ns  (userclk1 rise@0.000ns - userclk1 rise@0.000ns)
  Data Path Delay:        0.293ns  (logic 0.141ns (48.185%)  route 0.152ns (51.815%))
  Logic Levels:           0  
  Clock Path Skew:        0.035ns (DCD - SCD - CPR)
    Destination Clock Delay (DCD):    2.885ns
    Source Clock Delay      (SCD):    2.256ns
    Clock Pessimism Removal (CPR):    0.594ns

    Location             Delay type                Incr(ns)  Path(ns)    Netlist Resource(s)
  -------------------------------------------------------------------    -------------------
                         (clock userclk1 rise edge)
                                                      0.000     0.000 r  
    GTPE2_CHANNEL_X0Y3   GTPE2_CHANNEL                0.000     0.000 r  XDMA/inst/xdma_v41_m1_pcie2_to_pcie3_wrapper_i/pcie2_ip_i/inst/inst/gt_top_i/pipe_wrapper_i/pipe_lane[0].gt_wrapper_i/gtp_channel.gtpe2_channel_i/TXOUTCLK
                         net (fo=1, routed)           0.473     0.473    XDMA/inst/xdma_v41_m1_pcie2_to_pcie3_wrapper_i/pcie2_ip_i/inst/inst/gt_top_i/pipe_wrapper_i/pipe_clock_int.pipe_clock_i/txoutclk_i.txoutclk_i_0
    BUFGCTRL_X0Y20       BUFG (Prop_bufg_I_O)         0.026     0.499 r  XDMA/inst/xdma_v41_m1_pcie2_to_pcie3_wrapper_i/pcie2_ip_i/inst/inst/gt_top_i/pipe_wrapper_i/pipe_clock_int.pipe_clock_i/txoutclk_i.txoutclk_i/O
                         net (fo=1, routed)           0.551     1.050    XDMA/inst/xdma_v41_m1_pcie2_to_pcie3_wrapper_i/pcie2_ip_i/inst/inst/gt_top_i/pipe_wrapper_i/pipe_clock_int.pipe_clock_i/refclk
    MMCME2_ADV_X0Y0      MMCME2_ADV (Prop_mmcme2_adv_CLKIN1_CLKOUT2)
                                                      0.050     1.100 r  XDMA/inst/xdma_v41_m1_pcie2_to_pcie3_wrapper_i/pcie2_ip_i/inst/inst/gt_top_i/pipe_wrapper_i/pipe_clock_int.pipe_clock_i/mmcm_i/CLKOUT2
                         net (fo=1, routed)           0.489     1.589    XDMA/inst/xdma_v41_m1_pcie2_to_pcie3_wrapper_i/pcie2_ip_i/inst/inst/gt_top_i/pipe_wrapper_i/pipe_clock_int.pipe_clock_i/userclk1
    BUFGCTRL_X0Y0        BUFG (Prop_bufg_I_O)         0.026     1.615 r  XDMA/inst/xdma_v41_m1_pcie2_to_pcie3_wrapper_i/pcie2_ip_i/inst/inst/gt_top_i/pipe_wrapper_i/pipe_clock_int.pipe_clock_i/userclk1_i1.usrclk1_i1/O
                         net (fo=18985, routed)       0.641     2.256    XDMA/inst/udma_wrapper/dma_top/dma_pcie_req/TAG_FIFO_ODD/user_clk
    SLICE_X33Y111        FDRE                                         r  XDMA/inst/udma_wrapper/dma_top/dma_pcie_req/TAG_FIFO_ODD/WrPtr_reg[4]/C
  -------------------------------------------------------------------    -------------------
    SLICE_X33Y111        FDRE (Prop_fdre_C_Q)         0.141     2.397 r  XDMA/inst/udma_wrapper/dma_top/dma_pcie_req/TAG_FIFO_ODD/WrPtr_reg[4]/Q
                         net (fo=9, routed)           0.152     2.549    XDMA/inst/udma_wrapper/dma_top/TAG_FIFO_ODD/MemArray_reg_0_31_0_4/ADDRD4
    SLICE_X34Y111        RAMD32                                       r  XDMA/inst/udma_wrapper/dma_top/TAG_FIFO_ODD/MemArray_reg_0_31_0_4/RAMB/WADR4
  -------------------------------------------------------------------    -------------------

                         (clock userclk1 rise edge)
                                                      0.000     0.000 r  
    GTPE2_CHANNEL_X0Y3   GTPE2_CHANNEL                0.000     0.000 r  XDMA/inst/xdma_v41_m1_pcie2_to_pcie3_wrapper_i/pcie2_ip_i/inst/inst/gt_top_i/pipe_wrapper_i/pipe_lane[0].gt_wrapper_i/gtp_channel.gtpe2_channel_i/TXOUTCLK
                         net (fo=1, routed)           0.509     0.509    XDMA/inst/xdma_v41_m1_pcie2_to_pcie3_wrapper_i/pcie2_ip_i/inst/inst/gt_top_i/pipe_wrapper_i/pipe_clock_int.pipe_clock_i/txoutclk_i.txoutclk_i_0
    BUFGCTRL_X0Y20       BUFG (Prop_bufg_I_O)         0.029     0.538 r  XDMA/inst/xdma_v41_m1_pcie2_to_pcie3_wrapper_i/pcie2_ip_i/inst/inst/gt_top_i/pipe_wrapper_i/pipe_clock_int.pipe_clock_i/txoutclk_i.txoutclk_i/O
                         net (fo=1, routed)           0.818     1.355    XDMA/inst/xdma_v41_m1_pcie2_to_pcie3_wrapper_i/pcie2_ip_i/inst/inst/gt_top_i/pipe_wrapper_i/pipe_clock_int.pipe_clock_i/refclk
    MMCME2_ADV_X0Y0      MMCME2_ADV (Prop_mmcme2_adv_CLKIN1_CLKOUT2)
                                                      0.053     1.408 r  XDMA/inst/xdma_v41_m1_pcie2_to_pcie3_wrapper_i/pcie2_ip_i/inst/inst/gt_top_i/pipe_wrapper_i/pipe_clock_int.pipe_clock_i/mmcm_i/CLKOUT2
                         net (fo=1, routed)           0.534     1.942    XDMA/inst/xdma_v41_m1_pcie2_to_pcie3_wrapper_i/pcie2_ip_i/inst/inst/gt_top_i/pipe_wrapper_i/pipe_clock_int.pipe_clock_i/userclk1
    BUFGCTRL_X0Y0        BUFG (Prop_bufg_I_O)         0.029     1.971 r  XDMA/inst/xdma_v41_m1_pcie2_to_pcie3_wrapper_i/pcie2_ip_i/inst/inst/gt_top_i/pipe_wrapper_i/pipe_clock_int.pipe_clock_i/userclk1_i1.usrclk1_i1/O
                         net (fo=18985, routed)       0.914     2.885    XDMA/inst/udma_wrapper/dma_top/TAG_FIFO_ODD/MemArray_reg_0_31_0_4/WCLK
    SLICE_X34Y111        RAMD32                                       r  XDMA/inst/udma_wrapper/dma_top/TAG_FIFO_ODD/MemArray_reg_0_31_0_4/RAMB/CLK
                         clock pessimism             -0.594     2.291    
    SLICE_X34Y111        RAMD32 (Hold_ramd32_CLK_WADR4)
                                                      0.200     2.491    XDMA/inst/udma_wrapper/dma_top/TAG_FIFO_ODD/MemArray_reg_0_31_0_4/RAMB
  -------------------------------------------------------------------
                         required time                         -2.491    
                         arrival time                           2.549    
  -------------------------------------------------------------------
                         slack                                  0.058    

Slack (MET) :             0.058ns  (arrival time - required time)
  Source:                 XDMA/inst/udma_wrapper/dma_top/dma_pcie_req/TAG_FIFO_ODD/WrPtr_reg[4]/C
                            (rising edge-triggered cell FDRE clocked by userclk1  {rise@0.000ns fall@8.000ns period=16.000ns})
  Destination:            XDMA/inst/udma_wrapper/dma_top/TAG_FIFO_ODD/MemArray_reg_0_31_0_4/RAMB_D1/WADR4
                            (rising edge-triggered cell RAMD32 clocked by userclk1  {rise@0.000ns fall@8.000ns period=16.000ns})
  Path Group:             userclk1
  Path Type:              Hold (Min at Fast Process Corner)
  Requirement:            0.000ns  (userclk1 rise@0.000ns - userclk1 rise@0.000ns)
  Data Path Delay:        0.293ns  (logic 0.141ns (48.185%)  route 0.152ns (51.815%))
  Logic Levels:           0  
  Clock Path Skew:        0.035ns (DCD - SCD - CPR)
    Destination Clock Delay (DCD):    2.885ns
    Source Clock Delay      (SCD):    2.256ns
    Clock Pessimism Removal (CPR):    0.594ns

    Location             Delay type                Incr(ns)  Path(ns)    Netlist Resource(s)
  -------------------------------------------------------------------    -------------------
                         (clock userclk1 rise edge)
                                                      0.000     0.000 r  
    GTPE2_CHANNEL_X0Y3   GTPE2_CHANNEL                0.000     0.000 r  XDMA/inst/xdma_v41_m1_pcie2_to_pcie3_wrapper_i/pcie2_ip_i/inst/inst/gt_top_i/pipe_wrapper_i/pipe_lane[0].gt_wrapper_i/gtp_channel.gtpe2_channel_i/TXOUTCLK
                         net (fo=1, routed)           0.473     0.473    XDMA/inst/xdma_v41_m1_pcie2_to_pcie3_wrapper_i/pcie2_ip_i/inst/inst/gt_top_i/pipe_wrapper_i/pipe_clock_int.pipe_clock_i/txoutclk_i.txoutclk_i_0
    BUFGCTRL_X0Y20       BUFG (Prop_bufg_I_O)         0.026     0.499 r  XDMA/inst/xdma_v41_m1_pcie2_to_pcie3_wrapper_i/pcie2_ip_i/inst/inst/gt_top_i/pipe_wrapper_i/pipe_clock_int.pipe_clock_i/txoutclk_i.txoutclk_i/O
                         net (fo=1, routed)           0.551     1.050    XDMA/inst/xdma_v41_m1_pcie2_to_pcie3_wrapper_i/pcie2_ip_i/inst/inst/gt_top_i/pipe_wrapper_i/pipe_clock_int.pipe_clock_i/refclk
    MMCME2_ADV_X0Y0      MMCME2_ADV (Prop_mmcme2_adv_CLKIN1_CLKOUT2)
                                                      0.050     1.100 r  XDMA/inst/xdma_v41_m1_pcie2_to_pcie3_wrapper_i/pcie2_ip_i/inst/inst/gt_top_i/pipe_wrapper_i/pipe_clock_int.pipe_clock_i/mmcm_i/CLKOUT2
                         net (fo=1, routed)           0.489     1.589    XDMA/inst/xdma_v41_m1_pcie2_to_pcie3_wrapper_i/pcie2_ip_i/inst/inst/gt_top_i/pipe_wrapper_i/pipe_clock_int.pipe_clock_i/userclk1
    BUFGCTRL_X0Y0        BUFG (Prop_bufg_I_O)         0.026     1.615 r  XDMA/inst/xdma_v41_m1_pcie2_to_pcie3_wrapper_i/pcie2_ip_i/inst/inst/gt_top_i/pipe_wrapper_i/pipe_clock_int.pipe_clock_i/userclk1_i1.usrclk1_i1/O
                         net (fo=18985, routed)       0.641     2.256    XDMA/inst/udma_wrapper/dma_top/dma_pcie_req/TAG_FIFO_ODD/user_clk
    SLICE_X33Y111        FDRE                                         r  XDMA/inst/udma_wrapper/dma_top/dma_pcie_req/TAG_FIFO_ODD/WrPtr_reg[4]/C
  -------------------------------------------------------------------    -------------------
    SLICE_X33Y111        FDRE (Prop_fdre_C_Q)         0.141     2.397 r  XDMA/inst/udma_wrapper/dma_top/dma_pcie_req/TAG_FIFO_ODD/WrPtr_reg[4]/Q
                         net (fo=9, routed)           0.152     2.549    XDMA/inst/udma_wrapper/dma_top/TAG_FIFO_ODD/MemArray_reg_0_31_0_4/ADDRD4
    SLICE_X34Y111        RAMD32                                       r  XDMA/inst/udma_wrapper/dma_top/TAG_FIFO_ODD/MemArray_reg_0_31_0_4/RAMB_D1/WADR4
  -------------------------------------------------------------------    -------------------

                         (clock userclk1 rise edge)
                                                      0.000     0.000 r  
    GTPE2_CHANNEL_X0Y3   GTPE2_CHANNEL                0.000     0.000 r  XDMA/inst/xdma_v41_m1_pcie2_to_pcie3_wrapper_i/pcie2_ip_i/inst/inst/gt_top_i/pipe_wrapper_i/pipe_lane[0].gt_wrapper_i/gtp_channel.gtpe2_channel_i/TXOUTCLK
                         net (fo=1, routed)           0.509     0.509    XDMA/inst/xdma_v41_m1_pcie2_to_pcie3_wrapper_i/pcie2_ip_i/inst/inst/gt_top_i/pipe_wrapper_i/pipe_clock_int.pipe_clock_i/txoutclk_i.txoutclk_i_0
    BUFGCTRL_X0Y20       BUFG (Prop_bufg_I_O)         0.029     0.538 r  XDMA/inst/xdma_v41_m1_pcie2_to_pcie3_wrapper_i/pcie2_ip_i/inst/inst/gt_top_i/pipe_wrapper_i/pipe_clock_int.pipe_clock_i/txoutclk_i.txoutclk_i/O
                         net (fo=1, routed)           0.818     1.355    XDMA/inst/xdma_v41_m1_pcie2_to_pcie3_wrapper_i/pcie2_ip_i/inst/inst/gt_top_i/pipe_wrapper_i/pipe_clock_int.pipe_clock_i/refclk
    MMCME2_ADV_X0Y0      MMCME2_ADV (Prop_mmcme2_adv_CLKIN1_CLKOUT2)
                                                      0.053     1.408 r  XDMA/inst/xdma_v41_m1_pcie2_to_pcie3_wrapper_i/pcie2_ip_i/inst/inst/gt_top_i/pipe_wrapper_i/pipe_clock_int.pipe_clock_i/mmcm_i/CLKOUT2
                         net (fo=1, routed)           0.534     1.942    XDMA/inst/xdma_v41_m1_pcie2_to_pcie3_wrapper_i/pcie2_ip_i/inst/inst/gt_top_i/pipe_wrapper_i/pipe_clock_int.pipe_clock_i/userclk1
    BUFGCTRL_X0Y0        BUFG (Prop_bufg_I_O)         0.029     1.971 r  XDMA/inst/xdma_v41_m1_pcie2_to_pcie3_wrapper_i/pcie2_ip_i/inst/inst/gt_top_i/pipe_wrapper_i/pipe_clock_int.pipe_clock_i/userclk1_i1.usrclk1_i1/O
                         net (fo=18985, routed)       0.914     2.885    XDMA/inst/udma_wrapper/dma_top/TAG_FIFO_ODD/MemArray_reg_0_31_0_4/WCLK
    SLICE_X34Y111        RAMD32                                       r  XDMA/inst/udma_wrapper/dma_top/TAG_FIFO_ODD/MemArray_reg_0_31_0_4/RAMB_D1/CLK
                         clock pessimism             -0.594     2.291    
    SLICE_X34Y111        RAMD32 (Hold_ramd32_CLK_WADR4)
                                                      0.200     2.491    XDMA/inst/udma_wrapper/dma_top/TAG_FIFO_ODD/MemArray_reg_0_31_0_4/RAMB_D1
  -------------------------------------------------------------------
                         required time                         -2.491    
                         arrival time                           2.549    
  -------------------------------------------------------------------
                         slack                                  0.058    

Slack (MET) :             0.058ns  (arrival time - required time)
  Source:                 XDMA/inst/udma_wrapper/dma_top/dma_pcie_req/TAG_FIFO_ODD/WrPtr_reg[4]/C
                            (rising edge-triggered cell FDRE clocked by userclk1  {rise@0.000ns fall@8.000ns period=16.000ns})
  Destination:            XDMA/inst/udma_wrapper/dma_top/TAG_FIFO_ODD/MemArray_reg_0_31_0_4/RAMC/WADR4
                            (rising edge-triggered cell RAMD32 clocked by userclk1  {rise@0.000ns fall@8.000ns period=16.000ns})
  Path Group:             userclk1
  Path Type:              Hold (Min at Fast Process Corner)
  Requirement:            0.000ns  (userclk1 rise@0.000ns - userclk1 rise@0.000ns)
  Data Path Delay:        0.293ns  (logic 0.141ns (48.185%)  route 0.152ns (51.815%))
  Logic Levels:           0  
  Clock Path Skew:        0.035ns (DCD - SCD - CPR)
    Destination Clock Delay (DCD):    2.885ns
    Source Clock Delay      (SCD):    2.256ns
    Clock Pessimism Removal (CPR):    0.594ns

    Location             Delay type                Incr(ns)  Path(ns)    Netlist Resource(s)
  -------------------------------------------------------------------    -------------------
                         (clock userclk1 rise edge)
                                                      0.000     0.000 r  
    GTPE2_CHANNEL_X0Y3   GTPE2_CHANNEL                0.000     0.000 r  XDMA/inst/xdma_v41_m1_pcie2_to_pcie3_wrapper_i/pcie2_ip_i/inst/inst/gt_top_i/pipe_wrapper_i/pipe_lane[0].gt_wrapper_i/gtp_channel.gtpe2_channel_i/TXOUTCLK
                         net (fo=1, routed)           0.473     0.473    XDMA/inst/xdma_v41_m1_pcie2_to_pcie3_wrapper_i/pcie2_ip_i/inst/inst/gt_top_i/pipe_wrapper_i/pipe_clock_int.pipe_clock_i/txoutclk_i.txoutclk_i_0
    BUFGCTRL_X0Y20       BUFG (Prop_bufg_I_O)         0.026     0.499 r  XDMA/inst/xdma_v41_m1_pcie2_to_pcie3_wrapper_i/pcie2_ip_i/inst/inst/gt_top_i/pipe_wrapper_i/pipe_clock_int.pipe_clock_i/txoutclk_i.txoutclk_i/O
                         net (fo=1, routed)           0.551     1.050    XDMA/inst/xdma_v41_m1_pcie2_to_pcie3_wrapper_i/pcie2_ip_i/inst/inst/gt_top_i/pipe_wrapper_i/pipe_clock_int.pipe_clock_i/refclk
    MMCME2_ADV_X0Y0      MMCME2_ADV (Prop_mmcme2_adv_CLKIN1_CLKOUT2)
                                                      0.050     1.100 r  XDMA/inst/xdma_v41_m1_pcie2_to_pcie3_wrapper_i/pcie2_ip_i/inst/inst/gt_top_i/pipe_wrapper_i/pipe_clock_int.pipe_clock_i/mmcm_i/CLKOUT2
                         net (fo=1, routed)           0.489     1.589    XDMA/inst/xdma_v41_m1_pcie2_to_pcie3_wrapper_i/pcie2_ip_i/inst/inst/gt_top_i/pipe_wrapper_i/pipe_clock_int.pipe_clock_i/userclk1
    BUFGCTRL_X0Y0        BUFG (Prop_bufg_I_O)         0.026     1.615 r  XDMA/inst/xdma_v41_m1_pcie2_to_pcie3_wrapper_i/pcie2_ip_i/inst/inst/gt_top_i/pipe_wrapper_i/pipe_clock_int.pipe_clock_i/userclk1_i1.usrclk1_i1/O
                         net (fo=18985, routed)       0.641     2.256    XDMA/inst/udma_wrapper/dma_top/dma_pcie_req/TAG_FIFO_ODD/user_clk
    SLICE_X33Y111        FDRE                                         r  XDMA/inst/udma_wrapper/dma_top/dma_pcie_req/TAG_FIFO_ODD/WrPtr_reg[4]/C
  -------------------------------------------------------------------    -------------------
    SLICE_X33Y111        FDRE (Prop_fdre_C_Q)         0.141     2.397 r  XDMA/inst/udma_wrapper/dma_top/dma_pcie_req/TAG_FIFO_ODD/WrPtr_reg[4]/Q
                         net (fo=9, routed)           0.152     2.549    XDMA/inst/udma_wrapper/dma_top/TAG_FIFO_ODD/MemArray_reg_0_31_0_4/ADDRD4
    SLICE_X34Y111        RAMD32                                       r  XDMA/inst/udma_wrapper/dma_top/TAG_FIFO_ODD/MemArray_reg_0_31_0_4/RAMC/WADR4
  -------------------------------------------------------------------    -------------------

                         (clock userclk1 rise edge)
                                                      0.000     0.000 r  
    GTPE2_CHANNEL_X0Y3   GTPE2_CHANNEL                0.000     0.000 r  XDMA/inst/xdma_v41_m1_pcie2_to_pcie3_wrapper_i/pcie2_ip_i/inst/inst/gt_top_i/pipe_wrapper_i/pipe_lane[0].gt_wrapper_i/gtp_channel.gtpe2_channel_i/TXOUTCLK
                         net (fo=1, routed)           0.509     0.509    XDMA/inst/xdma_v41_m1_pcie2_to_pcie3_wrapper_i/pcie2_ip_i/inst/inst/gt_top_i/pipe_wrapper_i/pipe_clock_int.pipe_clock_i/txoutclk_i.txoutclk_i_0
    BUFGCTRL_X0Y20       BUFG (Prop_bufg_I_O)         0.029     0.538 r  XDMA/inst/xdma_v41_m1_pcie2_to_pcie3_wrapper_i/pcie2_ip_i/inst/inst/gt_top_i/pipe_wrapper_i/pipe_clock_int.pipe_clock_i/txoutclk_i.txoutclk_i/O
                         net (fo=1, routed)           0.818     1.355    XDMA/inst/xdma_v41_m1_pcie2_to_pcie3_wrapper_i/pcie2_ip_i/inst/inst/gt_top_i/pipe_wrapper_i/pipe_clock_int.pipe_clock_i/refclk
    MMCME2_ADV_X0Y0      MMCME2_ADV (Prop_mmcme2_adv_CLKIN1_CLKOUT2)
                                                      0.053     1.408 r  XDMA/inst/xdma_v41_m1_pcie2_to_pcie3_wrapper_i/pcie2_ip_i/inst/inst/gt_top_i/pipe_wrapper_i/pipe_clock_int.pipe_clock_i/mmcm_i/CLKOUT2
                         net (fo=1, routed)           0.534     1.942    XDMA/inst/xdma_v41_m1_pcie2_to_pcie3_wrapper_i/pcie2_ip_i/inst/inst/gt_top_i/pipe_wrapper_i/pipe_clock_int.pipe_clock_i/userclk1
    BUFGCTRL_X0Y0        BUFG (Prop_bufg_I_O)         0.029     1.971 r  XDMA/inst/xdma_v41_m1_pcie2_to_pcie3_wrapper_i/pcie2_ip_i/inst/inst/gt_top_i/pipe_wrapper_i/pipe_clock_int.pipe_clock_i/userclk1_i1.usrclk1_i1/O
                         net (fo=18985, routed)       0.914     2.885    XDMA/inst/udma_wrapper/dma_top/TAG_FIFO_ODD/MemArray_reg_0_31_0_4/WCLK
    SLICE_X34Y111        RAMD32                                       r  XDMA/inst/udma_wrapper/dma_top/TAG_FIFO_ODD/MemArray_reg_0_31_0_4/RAMC/CLK
                         clock pessimism             -0.594     2.291    
    SLICE_X34Y111        RAMD32 (Hold_ramd32_CLK_WADR4)
                                                      0.200     2.491    XDMA/inst/udma_wrapper/dma_top/TAG_FIFO_ODD/MemArray_reg_0_31_0_4/RAMC
  -------------------------------------------------------------------
                         required time                         -2.491    
                         arrival time                           2.549    
  -------------------------------------------------------------------
                         slack                                  0.058    

Slack (MET) :             0.058ns  (arrival time - required time)
  Source:                 XDMA/inst/udma_wrapper/dma_top/dma_pcie_req/TAG_FIFO_ODD/WrPtr_reg[4]/C
                            (rising edge-triggered cell FDRE clocked by userclk1  {rise@0.000ns fall@8.000ns period=16.000ns})
  Destination:            XDMA/inst/udma_wrapper/dma_top/TAG_FIFO_ODD/MemArray_reg_0_31_0_4/RAMC_D1/WADR4
                            (rising edge-triggered cell RAMD32 clocked by userclk1  {rise@0.000ns fall@8.000ns period=16.000ns})
  Path Group:             userclk1
  Path Type:              Hold (Min at Fast Process Corner)
  Requirement:            0.000ns  (userclk1 rise@0.000ns - userclk1 rise@0.000ns)
  Data Path Delay:        0.293ns  (logic 0.141ns (48.185%)  route 0.152ns (51.815%))
  Logic Levels:           0  
  Clock Path Skew:        0.035ns (DCD - SCD - CPR)
    Destination Clock Delay (DCD):    2.885ns
    Source Clock Delay      (SCD):    2.256ns
    Clock Pessimism Removal (CPR):    0.594ns

    Location             Delay type                Incr(ns)  Path(ns)    Netlist Resource(s)
  -------------------------------------------------------------------    -------------------
                         (clock userclk1 rise edge)
                                                      0.000     0.000 r  
    GTPE2_CHANNEL_X0Y3   GTPE2_CHANNEL                0.000     0.000 r  XDMA/inst/xdma_v41_m1_pcie2_to_pcie3_wrapper_i/pcie2_ip_i/inst/inst/gt_top_i/pipe_wrapper_i/pipe_lane[0].gt_wrapper_i/gtp_channel.gtpe2_channel_i/TXOUTCLK
                         net (fo=1, routed)           0.473     0.473    XDMA/inst/xdma_v41_m1_pcie2_to_pcie3_wrapper_i/pcie2_ip_i/inst/inst/gt_top_i/pipe_wrapper_i/pipe_clock_int.pipe_clock_i/txoutclk_i.txoutclk_i_0
    BUFGCTRL_X0Y20       BUFG (Prop_bufg_I_O)         0.026     0.499 r  XDMA/inst/xdma_v41_m1_pcie2_to_pcie3_wrapper_i/pcie2_ip_i/inst/inst/gt_top_i/pipe_wrapper_i/pipe_clock_int.pipe_clock_i/txoutclk_i.txoutclk_i/O
                         net (fo=1, routed)           0.551     1.050    XDMA/inst/xdma_v41_m1_pcie2_to_pcie3_wrapper_i/pcie2_ip_i/inst/inst/gt_top_i/pipe_wrapper_i/pipe_clock_int.pipe_clock_i/refclk
    MMCME2_ADV_X0Y0      MMCME2_ADV (Prop_mmcme2_adv_CLKIN1_CLKOUT2)
                                                      0.050     1.100 r  XDMA/inst/xdma_v41_m1_pcie2_to_pcie3_wrapper_i/pcie2_ip_i/inst/inst/gt_top_i/pipe_wrapper_i/pipe_clock_int.pipe_clock_i/mmcm_i/CLKOUT2
                         net (fo=1, routed)           0.489     1.589    XDMA/inst/xdma_v41_m1_pcie2_to_pcie3_wrapper_i/pcie2_ip_i/inst/inst/gt_top_i/pipe_wrapper_i/pipe_clock_int.pipe_clock_i/userclk1
    BUFGCTRL_X0Y0        BUFG (Prop_bufg_I_O)         0.026     1.615 r  XDMA/inst/xdma_v41_m1_pcie2_to_pcie3_wrapper_i/pcie2_ip_i/inst/inst/gt_top_i/pipe_wrapper_i/pipe_clock_int.pipe_clock_i/userclk1_i1.usrclk1_i1/O
                         net (fo=18985, routed)       0.641     2.256    XDMA/inst/udma_wrapper/dma_top/dma_pcie_req/TAG_FIFO_ODD/user_clk
    SLICE_X33Y111        FDRE                                         r  XDMA/inst/udma_wrapper/dma_top/dma_pcie_req/TAG_FIFO_ODD/WrPtr_reg[4]/C
  -------------------------------------------------------------------    -------------------
    SLICE_X33Y111        FDRE (Prop_fdre_C_Q)         0.141     2.397 r  XDMA/inst/udma_wrapper/dma_top/dma_pcie_req/TAG_FIFO_ODD/WrPtr_reg[4]/Q
                         net (fo=9, routed)           0.152     2.549    XDMA/inst/udma_wrapper/dma_top/TAG_FIFO_ODD/MemArray_reg_0_31_0_4/ADDRD4
    SLICE_X34Y111        RAMD32                                       r  XDMA/inst/udma_wrapper/dma_top/TAG_FIFO_ODD/MemArray_reg_0_31_0_4/RAMC_D1/WADR4
  -------------------------------------------------------------------    -------------------

                         (clock userclk1 rise edge)
                                                      0.000     0.000 r  
    GTPE2_CHANNEL_X0Y3   GTPE2_CHANNEL                0.000     0.000 r  XDMA/inst/xdma_v41_m1_pcie2_to_pcie3_wrapper_i/pcie2_ip_i/inst/inst/gt_top_i/pipe_wrapper_i/pipe_lane[0].gt_wrapper_i/gtp_channel.gtpe2_channel_i/TXOUTCLK
                         net (fo=1, routed)           0.509     0.509    XDMA/inst/xdma_v41_m1_pcie2_to_pcie3_wrapper_i/pcie2_ip_i/inst/inst/gt_top_i/pipe_wrapper_i/pipe_clock_int.pipe_clock_i/txoutclk_i.txoutclk_i_0
    BUFGCTRL_X0Y20       BUFG (Prop_bufg_I_O)         0.029     0.538 r  XDMA/inst/xdma_v41_m1_pcie2_to_pcie3_wrapper_i/pcie2_ip_i/inst/inst/gt_top_i/pipe_wrapper_i/pipe_clock_int.pipe_clock_i/txoutclk_i.txoutclk_i/O
                         net (fo=1, routed)           0.818     1.355    XDMA/inst/xdma_v41_m1_pcie2_to_pcie3_wrapper_i/pcie2_ip_i/inst/inst/gt_top_i/pipe_wrapper_i/pipe_clock_int.pipe_clock_i/refclk
    MMCME2_ADV_X0Y0      MMCME2_ADV (Prop_mmcme2_adv_CLKIN1_CLKOUT2)
                                                      0.053     1.408 r  XDMA/inst/xdma_v41_m1_pcie2_to_pcie3_wrapper_i/pcie2_ip_i/inst/inst/gt_top_i/pipe_wrapper_i/pipe_clock_int.pipe_clock_i/mmcm_i/CLKOUT2
                         net (fo=1, routed)           0.534     1.942    XDMA/inst/xdma_v41_m1_pcie2_to_pcie3_wrapper_i/pcie2_ip_i/inst/inst/gt_top_i/pipe_wrapper_i/pipe_clock_int.pipe_clock_i/userclk1
    BUFGCTRL_X0Y0        BUFG (Prop_bufg_I_O)         0.029     1.971 r  XDMA/inst/xdma_v41_m1_pcie2_to_pcie3_wrapper_i/pcie2_ip_i/inst/inst/gt_top_i/pipe_wrapper_i/pipe_clock_int.pipe_clock_i/userclk1_i1.usrclk1_i1/O
                         net (fo=18985, routed)       0.914     2.885    XDMA/inst/udma_wrapper/dma_top/TAG_FIFO_ODD/MemArray_reg_0_31_0_4/WCLK
    SLICE_X34Y111        RAMD32                                       r  XDMA/inst/udma_wrapper/dma_top/TAG_FIFO_ODD/MemArray_reg_0_31_0_4/RAMC_D1/CLK
                         clock pessimism             -0.594     2.291    
    SLICE_X34Y111        RAMD32 (Hold_ramd32_CLK_WADR4)
                                                      0.200     2.491    XDMA/inst/udma_wrapper/dma_top/TAG_FIFO_ODD/MemArray_reg_0_31_0_4/RAMC_D1
  -------------------------------------------------------------------
                         required time                         -2.491    
                         arrival time                           2.549    
  -------------------------------------------------------------------
                         slack                                  0.058    

Slack (MET) :             0.058ns  (arrival time - required time)
  Source:                 XDMA/inst/udma_wrapper/dma_top/dma_pcie_req/TAG_FIFO_ODD/WrPtr_reg[4]/C
                            (rising edge-triggered cell FDRE clocked by userclk1  {rise@0.000ns fall@8.000ns period=16.000ns})
  Destination:            XDMA/inst/udma_wrapper/dma_top/TAG_FIFO_ODD/MemArray_reg_0_31_0_4/RAMD/ADR4
                            (rising edge-triggered cell RAMS32 clocked by userclk1  {rise@0.000ns fall@8.000ns period=16.000ns})
  Path Group:             userclk1
  Path Type:              Hold (Min at Fast Process Corner)
  Requirement:            0.000ns  (userclk1 rise@0.000ns - userclk1 rise@0.000ns)
  Data Path Delay:        0.293ns  (logic 0.141ns (48.185%)  route 0.152ns (51.815%))
  Logic Levels:           0  
  Clock Path Skew:        0.035ns (DCD - SCD - CPR)
    Destination Clock Delay (DCD):    2.885ns
    Source Clock Delay      (SCD):    2.256ns
    Clock Pessimism Removal (CPR):    0.594ns

    Location             Delay type                Incr(ns)  Path(ns)    Netlist Resource(s)
  -------------------------------------------------------------------    -------------------
                         (clock userclk1 rise edge)
                                                      0.000     0.000 r  
    GTPE2_CHANNEL_X0Y3   GTPE2_CHANNEL                0.000     0.000 r  XDMA/inst/xdma_v41_m1_pcie2_to_pcie3_wrapper_i/pcie2_ip_i/inst/inst/gt_top_i/pipe_wrapper_i/pipe_lane[0].gt_wrapper_i/gtp_channel.gtpe2_channel_i/TXOUTCLK
                         net (fo=1, routed)           0.473     0.473    XDMA/inst/xdma_v41_m1_pcie2_to_pcie3_wrapper_i/pcie2_ip_i/inst/inst/gt_top_i/pipe_wrapper_i/pipe_clock_int.pipe_clock_i/txoutclk_i.txoutclk_i_0
    BUFGCTRL_X0Y20       BUFG (Prop_bufg_I_O)         0.026     0.499 r  XDMA/inst/xdma_v41_m1_pcie2_to_pcie3_wrapper_i/pcie2_ip_i/inst/inst/gt_top_i/pipe_wrapper_i/pipe_clock_int.pipe_clock_i/txoutclk_i.txoutclk_i/O
                         net (fo=1, routed)           0.551     1.050    XDMA/inst/xdma_v41_m1_pcie2_to_pcie3_wrapper_i/pcie2_ip_i/inst/inst/gt_top_i/pipe_wrapper_i/pipe_clock_int.pipe_clock_i/refclk
    MMCME2_ADV_X0Y0      MMCME2_ADV (Prop_mmcme2_adv_CLKIN1_CLKOUT2)
                                                      0.050     1.100 r  XDMA/inst/xdma_v41_m1_pcie2_to_pcie3_wrapper_i/pcie2_ip_i/inst/inst/gt_top_i/pipe_wrapper_i/pipe_clock_int.pipe_clock_i/mmcm_i/CLKOUT2
                         net (fo=1, routed)           0.489     1.589    XDMA/inst/xdma_v41_m1_pcie2_to_pcie3_wrapper_i/pcie2_ip_i/inst/inst/gt_top_i/pipe_wrapper_i/pipe_clock_int.pipe_clock_i/userclk1
    BUFGCTRL_X0Y0        BUFG (Prop_bufg_I_O)         0.026     1.615 r  XDMA/inst/xdma_v41_m1_pcie2_to_pcie3_wrapper_i/pcie2_ip_i/inst/inst/gt_top_i/pipe_wrapper_i/pipe_clock_int.pipe_clock_i/userclk1_i1.usrclk1_i1/O
                         net (fo=18985, routed)       0.641     2.256    XDMA/inst/udma_wrapper/dma_top/dma_pcie_req/TAG_FIFO_ODD/user_clk
    SLICE_X33Y111        FDRE                                         r  XDMA/inst/udma_wrapper/dma_top/dma_pcie_req/TAG_FIFO_ODD/WrPtr_reg[4]/C
  -------------------------------------------------------------------    -------------------
    SLICE_X33Y111        FDRE (Prop_fdre_C_Q)         0.141     2.397 r  XDMA/inst/udma_wrapper/dma_top/dma_pcie_req/TAG_FIFO_ODD/WrPtr_reg[4]/Q
                         net (fo=9, routed)           0.152     2.549    XDMA/inst/udma_wrapper/dma_top/TAG_FIFO_ODD/MemArray_reg_0_31_0_4/ADDRD4
    SLICE_X34Y111        RAMS32                                       r  XDMA/inst/udma_wrapper/dma_top/TAG_FIFO_ODD/MemArray_reg_0_31_0_4/RAMD/ADR4
  -------------------------------------------------------------------    -------------------

                         (clock userclk1 rise edge)
                                                      0.000     0.000 r  
    GTPE2_CHANNEL_X0Y3   GTPE2_CHANNEL                0.000     0.000 r  XDMA/inst/xdma_v41_m1_pcie2_to_pcie3_wrapper_i/pcie2_ip_i/inst/inst/gt_top_i/pipe_wrapper_i/pipe_lane[0].gt_wrapper_i/gtp_channel.gtpe2_channel_i/TXOUTCLK
                         net (fo=1, routed)           0.509     0.509    XDMA/inst/xdma_v41_m1_pcie2_to_pcie3_wrapper_i/pcie2_ip_i/inst/inst/gt_top_i/pipe_wrapper_i/pipe_clock_int.pipe_clock_i/txoutclk_i.txoutclk_i_0
    BUFGCTRL_X0Y20       BUFG (Prop_bufg_I_O)         0.029     0.538 r  XDMA/inst/xdma_v41_m1_pcie2_to_pcie3_wrapper_i/pcie2_ip_i/inst/inst/gt_top_i/pipe_wrapper_i/pipe_clock_int.pipe_clock_i/txoutclk_i.txoutclk_i/O
                         net (fo=1, routed)           0.818     1.355    XDMA/inst/xdma_v41_m1_pcie2_to_pcie3_wrapper_i/pcie2_ip_i/inst/inst/gt_top_i/pipe_wrapper_i/pipe_clock_int.pipe_clock_i/refclk
    MMCME2_ADV_X0Y0      MMCME2_ADV (Prop_mmcme2_adv_CLKIN1_CLKOUT2)
                                                      0.053     1.408 r  XDMA/inst/xdma_v41_m1_pcie2_to_pcie3_wrapper_i/pcie2_ip_i/inst/inst/gt_top_i/pipe_wrapper_i/pipe_clock_int.pipe_clock_i/mmcm_i/CLKOUT2
                         net (fo=1, routed)           0.534     1.942    XDMA/inst/xdma_v41_m1_pcie2_to_pcie3_wrapper_i/pcie2_ip_i/inst/inst/gt_top_i/pipe_wrapper_i/pipe_clock_int.pipe_clock_i/userclk1
    BUFGCTRL_X0Y0        BUFG (Prop_bufg_I_O)         0.029     1.971 r  XDMA/inst/xdma_v41_m1_pcie2_to_pcie3_wrapper_i/pcie2_ip_i/inst/inst/gt_top_i/pipe_wrapper_i/pipe_clock_int.pipe_clock_i/userclk1_i1.usrclk1_i1/O
                         net (fo=18985, routed)       0.914     2.885    XDMA/inst/udma_wrapper/dma_top/TAG_FIFO_ODD/MemArray_reg_0_31_0_4/WCLK
    SLICE_X34Y111        RAMS32                                       r  XDMA/inst/udma_wrapper/dma_top/TAG_FIFO_ODD/MemArray_reg_0_31_0_4/RAMD/CLK
                         clock pessimism             -0.594     2.291    
    SLICE_X34Y111        RAMS32 (Hold_rams32_CLK_ADR4)
                                                      0.200     2.491    XDMA/inst/udma_wrapper/dma_top/TAG_FIFO_ODD/MemArray_reg_0_31_0_4/RAMD
  -------------------------------------------------------------------
                         required time                         -2.491    
                         arrival time                           2.549    
  -------------------------------------------------------------------
                         slack                                  0.058    

Slack (MET) :             0.058ns  (arrival time - required time)
  Source:                 XDMA/inst/udma_wrapper/dma_top/dma_pcie_req/TAG_FIFO_ODD/WrPtr_reg[4]/C
                            (rising edge-triggered cell FDRE clocked by userclk1  {rise@0.000ns fall@8.000ns period=16.000ns})
  Destination:            XDMA/inst/udma_wrapper/dma_top/TAG_FIFO_ODD/MemArray_reg_0_31_0_4/RAMD_D1/ADR4
                            (rising edge-triggered cell RAMS32 clocked by userclk1  {rise@0.000ns fall@8.000ns period=16.000ns})
  Path Group:             userclk1
  Path Type:              Hold (Min at Fast Process Corner)
  Requirement:            0.000ns  (userclk1 rise@0.000ns - userclk1 rise@0.000ns)
  Data Path Delay:        0.293ns  (logic 0.141ns (48.185%)  route 0.152ns (51.815%))
  Logic Levels:           0  
  Clock Path Skew:        0.035ns (DCD - SCD - CPR)
    Destination Clock Delay (DCD):    2.885ns
    Source Clock Delay      (SCD):    2.256ns
    Clock Pessimism Removal (CPR):    0.594ns

    Location             Delay type                Incr(ns)  Path(ns)    Netlist Resource(s)
  -------------------------------------------------------------------    -------------------
                         (clock userclk1 rise edge)
                                                      0.000     0.000 r  
    GTPE2_CHANNEL_X0Y3   GTPE2_CHANNEL                0.000     0.000 r  XDMA/inst/xdma_v41_m1_pcie2_to_pcie3_wrapper_i/pcie2_ip_i/inst/inst/gt_top_i/pipe_wrapper_i/pipe_lane[0].gt_wrapper_i/gtp_channel.gtpe2_channel_i/TXOUTCLK
                         net (fo=1, routed)           0.473     0.473    XDMA/inst/xdma_v41_m1_pcie2_to_pcie3_wrapper_i/pcie2_ip_i/inst/inst/gt_top_i/pipe_wrapper_i/pipe_clock_int.pipe_clock_i/txoutclk_i.txoutclk_i_0
    BUFGCTRL_X0Y20       BUFG (Prop_bufg_I_O)         0.026     0.499 r  XDMA/inst/xdma_v41_m1_pcie2_to_pcie3_wrapper_i/pcie2_ip_i/inst/inst/gt_top_i/pipe_wrapper_i/pipe_clock_int.pipe_clock_i/txoutclk_i.txoutclk_i/O
                         net (fo=1, routed)           0.551     1.050    XDMA/inst/xdma_v41_m1_pcie2_to_pcie3_wrapper_i/pcie2_ip_i/inst/inst/gt_top_i/pipe_wrapper_i/pipe_clock_int.pipe_clock_i/refclk
    MMCME2_ADV_X0Y0      MMCME2_ADV (Prop_mmcme2_adv_CLKIN1_CLKOUT2)
                                                      0.050     1.100 r  XDMA/inst/xdma_v41_m1_pcie2_to_pcie3_wrapper_i/pcie2_ip_i/inst/inst/gt_top_i/pipe_wrapper_i/pipe_clock_int.pipe_clock_i/mmcm_i/CLKOUT2
                         net (fo=1, routed)           0.489     1.589    XDMA/inst/xdma_v41_m1_pcie2_to_pcie3_wrapper_i/pcie2_ip_i/inst/inst/gt_top_i/pipe_wrapper_i/pipe_clock_int.pipe_clock_i/userclk1
    BUFGCTRL_X0Y0        BUFG (Prop_bufg_I_O)         0.026     1.615 r  XDMA/inst/xdma_v41_m1_pcie2_to_pcie3_wrapper_i/pcie2_ip_i/inst/inst/gt_top_i/pipe_wrapper_i/pipe_clock_int.pipe_clock_i/userclk1_i1.usrclk1_i1/O
                         net (fo=18985, routed)       0.641     2.256    XDMA/inst/udma_wrapper/dma_top/dma_pcie_req/TAG_FIFO_ODD/user_clk
    SLICE_X33Y111        FDRE                                         r  XDMA/inst/udma_wrapper/dma_top/dma_pcie_req/TAG_FIFO_ODD/WrPtr_reg[4]/C
  -------------------------------------------------------------------    -------------------
    SLICE_X33Y111        FDRE (Prop_fdre_C_Q)         0.141     2.397 r  XDMA/inst/udma_wrapper/dma_top/dma_pcie_req/TAG_FIFO_ODD/WrPtr_reg[4]/Q
                         net (fo=9, routed)           0.152     2.549    XDMA/inst/udma_wrapper/dma_top/TAG_FIFO_ODD/MemArray_reg_0_31_0_4/ADDRD4
    SLICE_X34Y111        RAMS32                                       r  XDMA/inst/udma_wrapper/dma_top/TAG_FIFO_ODD/MemArray_reg_0_31_0_4/RAMD_D1/ADR4
  -------------------------------------------------------------------    -------------------

                         (clock userclk1 rise edge)
                                                      0.000     0.000 r  
    GTPE2_CHANNEL_X0Y3   GTPE2_CHANNEL                0.000     0.000 r  XDMA/inst/xdma_v41_m1_pcie2_to_pcie3_wrapper_i/pcie2_ip_i/inst/inst/gt_top_i/pipe_wrapper_i/pipe_lane[0].gt_wrapper_i/gtp_channel.gtpe2_channel_i/TXOUTCLK
                         net (fo=1, routed)           0.509     0.509    XDMA/inst/xdma_v41_m1_pcie2_to_pcie3_wrapper_i/pcie2_ip_i/inst/inst/gt_top_i/pipe_wrapper_i/pipe_clock_int.pipe_clock_i/txoutclk_i.txoutclk_i_0
    BUFGCTRL_X0Y20       BUFG (Prop_bufg_I_O)         0.029     0.538 r  XDMA/inst/xdma_v41_m1_pcie2_to_pcie3_wrapper_i/pcie2_ip_i/inst/inst/gt_top_i/pipe_wrapper_i/pipe_clock_int.pipe_clock_i/txoutclk_i.txoutclk_i/O
                         net (fo=1, routed)           0.818     1.355    XDMA/inst/xdma_v41_m1_pcie2_to_pcie3_wrapper_i/pcie2_ip_i/inst/inst/gt_top_i/pipe_wrapper_i/pipe_clock_int.pipe_clock_i/refclk
    MMCME2_ADV_X0Y0      MMCME2_ADV (Prop_mmcme2_adv_CLKIN1_CLKOUT2)
                                                      0.053     1.408 r  XDMA/inst/xdma_v41_m1_pcie2_to_pcie3_wrapper_i/pcie2_ip_i/inst/inst/gt_top_i/pipe_wrapper_i/pipe_clock_int.pipe_clock_i/mmcm_i/CLKOUT2
                         net (fo=1, routed)           0.534     1.942    XDMA/inst/xdma_v41_m1_pcie2_to_pcie3_wrapper_i/pcie2_ip_i/inst/inst/gt_top_i/pipe_wrapper_i/pipe_clock_int.pipe_clock_i/userclk1
    BUFGCTRL_X0Y0        BUFG (Prop_bufg_I_O)         0.029     1.971 r  XDMA/inst/xdma_v41_m1_pcie2_to_pcie3_wrapper_i/pcie2_ip_i/inst/inst/gt_top_i/pipe_wrapper_i/pipe_clock_int.pipe_clock_i/userclk1_i1.usrclk1_i1/O
                         net (fo=18985, routed)       0.914     2.885    XDMA/inst/udma_wrapper/dma_top/TAG_FIFO_ODD/MemArray_reg_0_31_0_4/WCLK
    SLICE_X34Y111        RAMS32                                       r  XDMA/inst/udma_wrapper/dma_top/TAG_FIFO_ODD/MemArray_reg_0_31_0_4/RAMD_D1/CLK
                         clock pessimism             -0.594     2.291    
    SLICE_X34Y111        RAMS32 (Hold_rams32_CLK_ADR4)
                                                      0.200     2.491    XDMA/inst/udma_wrapper/dma_top/TAG_FIFO_ODD/MemArray_reg_0_31_0_4/RAMD_D1
  -------------------------------------------------------------------
                         required time                         -2.491    
                         arrival time                           2.549    
  -------------------------------------------------------------------
                         slack                                  0.058    

Slack (MET) :             0.059ns  (arrival time - required time)
  Source:                 XDMA/inst/udma_wrapper/dma_top/dma_enable.vul_dma/WR/gen_rdwr_loop[0].gen_rdwr_eng.RDWR_INST/rcp_dat_101_reg[56]__0/C
                            (rising edge-triggered cell FDRE clocked by userclk1  {rise@0.000ns fall@8.000ns period=16.000ns})
  Destination:            XDMA/inst/ram_top/gen_c2h_bram.C2H_DAT0_FIFO/xpm_memory_sdpram_inst_loop[1].xpm_memory_sdpram_inst/xpm_memory_base_inst/gen_wr_a.gen_word_narrow.mem_reg/DIBDI[8]
                            (rising edge-triggered cell RAMB18E1 clocked by userclk1  {rise@0.000ns fall@8.000ns period=16.000ns})
  Path Group:             userclk1
  Path Type:              Hold (Min at Fast Process Corner)
  Requirement:            0.000ns  (userclk1 rise@0.000ns - userclk1 rise@0.000ns)
  Data Path Delay:        0.268ns  (logic 0.164ns (61.116%)  route 0.104ns (38.884%))
  Logic Levels:           0  
  Clock Path Skew:        0.055ns (DCD - SCD - CPR)
    Destination Clock Delay (DCD):    2.837ns
    Source Clock Delay      (SCD):    2.174ns
    Clock Pessimism Removal (CPR):    0.609ns

    Location             Delay type                Incr(ns)  Path(ns)    Netlist Resource(s)
  -------------------------------------------------------------------    -------------------
                         (clock userclk1 rise edge)
                                                      0.000     0.000 r  
    GTPE2_CHANNEL_X0Y3   GTPE2_CHANNEL                0.000     0.000 r  XDMA/inst/xdma_v41_m1_pcie2_to_pcie3_wrapper_i/pcie2_ip_i/inst/inst/gt_top_i/pipe_wrapper_i/pipe_lane[0].gt_wrapper_i/gtp_channel.gtpe2_channel_i/TXOUTCLK
                         net (fo=1, routed)           0.473     0.473    XDMA/inst/xdma_v41_m1_pcie2_to_pcie3_wrapper_i/pcie2_ip_i/inst/inst/gt_top_i/pipe_wrapper_i/pipe_clock_int.pipe_clock_i/txoutclk_i.txoutclk_i_0
    BUFGCTRL_X0Y20       BUFG (Prop_bufg_I_O)         0.026     0.499 r  XDMA/inst/xdma_v41_m1_pcie2_to_pcie3_wrapper_i/pcie2_ip_i/inst/inst/gt_top_i/pipe_wrapper_i/pipe_clock_int.pipe_clock_i/txoutclk_i.txoutclk_i/O
                         net (fo=1, routed)           0.551     1.050    XDMA/inst/xdma_v41_m1_pcie2_to_pcie3_wrapper_i/pcie2_ip_i/inst/inst/gt_top_i/pipe_wrapper_i/pipe_clock_int.pipe_clock_i/refclk
    MMCME2_ADV_X0Y0      MMCME2_ADV (Prop_mmcme2_adv_CLKIN1_CLKOUT2)
                                                      0.050     1.100 r  XDMA/inst/xdma_v41_m1_pcie2_to_pcie3_wrapper_i/pcie2_ip_i/inst/inst/gt_top_i/pipe_wrapper_i/pipe_clock_int.pipe_clock_i/mmcm_i/CLKOUT2
                         net (fo=1, routed)           0.489     1.589    XDMA/inst/xdma_v41_m1_pcie2_to_pcie3_wrapper_i/pcie2_ip_i/inst/inst/gt_top_i/pipe_wrapper_i/pipe_clock_int.pipe_clock_i/userclk1
    BUFGCTRL_X0Y0        BUFG (Prop_bufg_I_O)         0.026     1.615 r  XDMA/inst/xdma_v41_m1_pcie2_to_pcie3_wrapper_i/pcie2_ip_i/inst/inst/gt_top_i/pipe_wrapper_i/pipe_clock_int.pipe_clock_i/userclk1_i1.usrclk1_i1/O
                         net (fo=18985, routed)       0.559     2.174    XDMA/inst/udma_wrapper/dma_top/dma_enable.vul_dma/WR/gen_rdwr_loop[0].gen_rdwr_eng.RDWR_INST/user_clk
    SLICE_X56Y68         FDRE                                         r  XDMA/inst/udma_wrapper/dma_top/dma_enable.vul_dma/WR/gen_rdwr_loop[0].gen_rdwr_eng.RDWR_INST/rcp_dat_101_reg[56]__0/C
  -------------------------------------------------------------------    -------------------
    SLICE_X56Y68         FDRE (Prop_fdre_C_Q)         0.164     2.338 r  XDMA/inst/udma_wrapper/dma_top/dma_enable.vul_dma/WR/gen_rdwr_loop[0].gen_rdwr_eng.RDWR_INST/rcp_dat_101_reg[56]__0/Q
                         net (fo=1, routed)           0.104     2.442    XDMA/inst/ram_top/gen_c2h_bram.C2H_DAT0_FIFO/xpm_memory_sdpram_inst_loop[1].xpm_memory_sdpram_inst/xpm_memory_base_inst/dina[24]
    RAMB18_X2Y27         RAMB18E1                                     r  XDMA/inst/ram_top/gen_c2h_bram.C2H_DAT0_FIFO/xpm_memory_sdpram_inst_loop[1].xpm_memory_sdpram_inst/xpm_memory_base_inst/gen_wr_a.gen_word_narrow.mem_reg/DIBDI[8]
  -------------------------------------------------------------------    -------------------

                         (clock userclk1 rise edge)
                                                      0.000     0.000 r  
    GTPE2_CHANNEL_X0Y3   GTPE2_CHANNEL                0.000     0.000 r  XDMA/inst/xdma_v41_m1_pcie2_to_pcie3_wrapper_i/pcie2_ip_i/inst/inst/gt_top_i/pipe_wrapper_i/pipe_lane[0].gt_wrapper_i/gtp_channel.gtpe2_channel_i/TXOUTCLK
                         net (fo=1, routed)           0.509     0.509    XDMA/inst/xdma_v41_m1_pcie2_to_pcie3_wrapper_i/pcie2_ip_i/inst/inst/gt_top_i/pipe_wrapper_i/pipe_clock_int.pipe_clock_i/txoutclk_i.txoutclk_i_0
    BUFGCTRL_X0Y20       BUFG (Prop_bufg_I_O)         0.029     0.538 r  XDMA/inst/xdma_v41_m1_pcie2_to_pcie3_wrapper_i/pcie2_ip_i/inst/inst/gt_top_i/pipe_wrapper_i/pipe_clock_int.pipe_clock_i/txoutclk_i.txoutclk_i/O
                         net (fo=1, routed)           0.818     1.355    XDMA/inst/xdma_v41_m1_pcie2_to_pcie3_wrapper_i/pcie2_ip_i/inst/inst/gt_top_i/pipe_wrapper_i/pipe_clock_int.pipe_clock_i/refclk
    MMCME2_ADV_X0Y0      MMCME2_ADV (Prop_mmcme2_adv_CLKIN1_CLKOUT2)
                                                      0.053     1.408 r  XDMA/inst/xdma_v41_m1_pcie2_to_pcie3_wrapper_i/pcie2_ip_i/inst/inst/gt_top_i/pipe_wrapper_i/pipe_clock_int.pipe_clock_i/mmcm_i/CLKOUT2
                         net (fo=1, routed)           0.534     1.942    XDMA/inst/xdma_v41_m1_pcie2_to_pcie3_wrapper_i/pcie2_ip_i/inst/inst/gt_top_i/pipe_wrapper_i/pipe_clock_int.pipe_clock_i/userclk1
    BUFGCTRL_X0Y0        BUFG (Prop_bufg_I_O)         0.029     1.971 r  XDMA/inst/xdma_v41_m1_pcie2_to_pcie3_wrapper_i/pcie2_ip_i/inst/inst/gt_top_i/pipe_wrapper_i/pipe_clock_int.pipe_clock_i/userclk1_i1.usrclk1_i1/O
                         net (fo=18985, routed)       0.866     2.837    XDMA/inst/ram_top/gen_c2h_bram.C2H_DAT0_FIFO/xpm_memory_sdpram_inst_loop[1].xpm_memory_sdpram_inst/xpm_memory_base_inst/clka
    RAMB18_X2Y27         RAMB18E1                                     r  XDMA/inst/ram_top/gen_c2h_bram.C2H_DAT0_FIFO/xpm_memory_sdpram_inst_loop[1].xpm_memory_sdpram_inst/xpm_memory_base_inst/gen_wr_a.gen_word_narrow.mem_reg/CLKBWRCLK
                         clock pessimism             -0.609     2.228    
    RAMB18_X2Y27         RAMB18E1 (Hold_ramb18e1_CLKBWRCLK_DIBDI[8])
                                                      0.155     2.383    XDMA/inst/ram_top/gen_c2h_bram.C2H_DAT0_FIFO/xpm_memory_sdpram_inst_loop[1].xpm_memory_sdpram_inst/xpm_memory_base_inst/gen_wr_a.gen_word_narrow.mem_reg
  -------------------------------------------------------------------
                         required time                         -2.383    
                         arrival time                           2.442    
  -------------------------------------------------------------------
                         slack                                  0.059    

Slack (MET) :             0.059ns  (arrival time - required time)
  Source:                 XDMA/inst/udma_wrapper/dma_top/dma_pcie_req/TAG_FIFO_ODD/WrPtr_reg[3]/C
                            (rising edge-triggered cell FDRE clocked by userclk1  {rise@0.000ns fall@8.000ns period=16.000ns})
  Destination:            XDMA/inst/udma_wrapper/dma_top/TAG_FIFO_ODD/MemArray_reg_0_31_0_4/RAMA/WADR3
                            (rising edge-triggered cell RAMD32 clocked by userclk1  {rise@0.000ns fall@8.000ns period=16.000ns})
  Path Group:             userclk1
  Path Type:              Hold (Min at Fast Process Corner)
  Requirement:            0.000ns  (userclk1 rise@0.000ns - userclk1 rise@0.000ns)
  Data Path Delay:        0.334ns  (logic 0.141ns (42.158%)  route 0.193ns (57.842%))
  Logic Levels:           0  
  Clock Path Skew:        0.035ns (DCD - SCD - CPR)
    Destination Clock Delay (DCD):    2.885ns
    Source Clock Delay      (SCD):    2.256ns
    Clock Pessimism Removal (CPR):    0.594ns

    Location             Delay type                Incr(ns)  Path(ns)    Netlist Resource(s)
  -------------------------------------------------------------------    -------------------
                         (clock userclk1 rise edge)
                                                      0.000     0.000 r  
    GTPE2_CHANNEL_X0Y3   GTPE2_CHANNEL                0.000     0.000 r  XDMA/inst/xdma_v41_m1_pcie2_to_pcie3_wrapper_i/pcie2_ip_i/inst/inst/gt_top_i/pipe_wrapper_i/pipe_lane[0].gt_wrapper_i/gtp_channel.gtpe2_channel_i/TXOUTCLK
                         net (fo=1, routed)           0.473     0.473    XDMA/inst/xdma_v41_m1_pcie2_to_pcie3_wrapper_i/pcie2_ip_i/inst/inst/gt_top_i/pipe_wrapper_i/pipe_clock_int.pipe_clock_i/txoutclk_i.txoutclk_i_0
    BUFGCTRL_X0Y20       BUFG (Prop_bufg_I_O)         0.026     0.499 r  XDMA/inst/xdma_v41_m1_pcie2_to_pcie3_wrapper_i/pcie2_ip_i/inst/inst/gt_top_i/pipe_wrapper_i/pipe_clock_int.pipe_clock_i/txoutclk_i.txoutclk_i/O
                         net (fo=1, routed)           0.551     1.050    XDMA/inst/xdma_v41_m1_pcie2_to_pcie3_wrapper_i/pcie2_ip_i/inst/inst/gt_top_i/pipe_wrapper_i/pipe_clock_int.pipe_clock_i/refclk
    MMCME2_ADV_X0Y0      MMCME2_ADV (Prop_mmcme2_adv_CLKIN1_CLKOUT2)
                                                      0.050     1.100 r  XDMA/inst/xdma_v41_m1_pcie2_to_pcie3_wrapper_i/pcie2_ip_i/inst/inst/gt_top_i/pipe_wrapper_i/pipe_clock_int.pipe_clock_i/mmcm_i/CLKOUT2
                         net (fo=1, routed)           0.489     1.589    XDMA/inst/xdma_v41_m1_pcie2_to_pcie3_wrapper_i/pcie2_ip_i/inst/inst/gt_top_i/pipe_wrapper_i/pipe_clock_int.pipe_clock_i/userclk1
    BUFGCTRL_X0Y0        BUFG (Prop_bufg_I_O)         0.026     1.615 r  XDMA/inst/xdma_v41_m1_pcie2_to_pcie3_wrapper_i/pcie2_ip_i/inst/inst/gt_top_i/pipe_wrapper_i/pipe_clock_int.pipe_clock_i/userclk1_i1.usrclk1_i1/O
                         net (fo=18985, routed)       0.641     2.256    XDMA/inst/udma_wrapper/dma_top/dma_pcie_req/TAG_FIFO_ODD/user_clk
    SLICE_X33Y111        FDRE                                         r  XDMA/inst/udma_wrapper/dma_top/dma_pcie_req/TAG_FIFO_ODD/WrPtr_reg[3]/C
  -------------------------------------------------------------------    -------------------
    SLICE_X33Y111        FDRE (Prop_fdre_C_Q)         0.141     2.397 r  XDMA/inst/udma_wrapper/dma_top/dma_pcie_req/TAG_FIFO_ODD/WrPtr_reg[3]/Q
                         net (fo=10, routed)          0.193     2.591    XDMA/inst/udma_wrapper/dma_top/TAG_FIFO_ODD/MemArray_reg_0_31_0_4/ADDRD3
    SLICE_X34Y111        RAMD32                                       r  XDMA/inst/udma_wrapper/dma_top/TAG_FIFO_ODD/MemArray_reg_0_31_0_4/RAMA/WADR3
  -------------------------------------------------------------------    -------------------

                         (clock userclk1 rise edge)
                                                      0.000     0.000 r  
    GTPE2_CHANNEL_X0Y3   GTPE2_CHANNEL                0.000     0.000 r  XDMA/inst/xdma_v41_m1_pcie2_to_pcie3_wrapper_i/pcie2_ip_i/inst/inst/gt_top_i/pipe_wrapper_i/pipe_lane[0].gt_wrapper_i/gtp_channel.gtpe2_channel_i/TXOUTCLK
                         net (fo=1, routed)           0.509     0.509    XDMA/inst/xdma_v41_m1_pcie2_to_pcie3_wrapper_i/pcie2_ip_i/inst/inst/gt_top_i/pipe_wrapper_i/pipe_clock_int.pipe_clock_i/txoutclk_i.txoutclk_i_0
    BUFGCTRL_X0Y20       BUFG (Prop_bufg_I_O)         0.029     0.538 r  XDMA/inst/xdma_v41_m1_pcie2_to_pcie3_wrapper_i/pcie2_ip_i/inst/inst/gt_top_i/pipe_wrapper_i/pipe_clock_int.pipe_clock_i/txoutclk_i.txoutclk_i/O
                         net (fo=1, routed)           0.818     1.355    XDMA/inst/xdma_v41_m1_pcie2_to_pcie3_wrapper_i/pcie2_ip_i/inst/inst/gt_top_i/pipe_wrapper_i/pipe_clock_int.pipe_clock_i/refclk
    MMCME2_ADV_X0Y0      MMCME2_ADV (Prop_mmcme2_adv_CLKIN1_CLKOUT2)
                                                      0.053     1.408 r  XDMA/inst/xdma_v41_m1_pcie2_to_pcie3_wrapper_i/pcie2_ip_i/inst/inst/gt_top_i/pipe_wrapper_i/pipe_clock_int.pipe_clock_i/mmcm_i/CLKOUT2
                         net (fo=1, routed)           0.534     1.942    XDMA/inst/xdma_v41_m1_pcie2_to_pcie3_wrapper_i/pcie2_ip_i/inst/inst/gt_top_i/pipe_wrapper_i/pipe_clock_int.pipe_clock_i/userclk1
    BUFGCTRL_X0Y0        BUFG (Prop_bufg_I_O)         0.029     1.971 r  XDMA/inst/xdma_v41_m1_pcie2_to_pcie3_wrapper_i/pcie2_ip_i/inst/inst/gt_top_i/pipe_wrapper_i/pipe_clock_int.pipe_clock_i/userclk1_i1.usrclk1_i1/O
                         net (fo=18985, routed)       0.914     2.885    XDMA/inst/udma_wrapper/dma_top/TAG_FIFO_ODD/MemArray_reg_0_31_0_4/WCLK
    SLICE_X34Y111        RAMD32                                       r  XDMA/inst/udma_wrapper/dma_top/TAG_FIFO_ODD/MemArray_reg_0_31_0_4/RAMA/CLK
                         clock pessimism             -0.594     2.291    
    SLICE_X34Y111        RAMD32 (Hold_ramd32_CLK_WADR3)
                                                      0.240     2.531    XDMA/inst/udma_wrapper/dma_top/TAG_FIFO_ODD/MemArray_reg_0_31_0_4/RAMA
  -------------------------------------------------------------------
                         required time                         -2.531    
                         arrival time                           2.591    
  -------------------------------------------------------------------
                         slack                                  0.059    

Slack (MET) :             0.059ns  (arrival time - required time)
  Source:                 XDMA/inst/udma_wrapper/dma_top/dma_pcie_req/TAG_FIFO_ODD/WrPtr_reg[3]/C
                            (rising edge-triggered cell FDRE clocked by userclk1  {rise@0.000ns fall@8.000ns period=16.000ns})
  Destination:            XDMA/inst/udma_wrapper/dma_top/TAG_FIFO_ODD/MemArray_reg_0_31_0_4/RAMA_D1/WADR3
                            (rising edge-triggered cell RAMD32 clocked by userclk1  {rise@0.000ns fall@8.000ns period=16.000ns})
  Path Group:             userclk1
  Path Type:              Hold (Min at Fast Process Corner)
  Requirement:            0.000ns  (userclk1 rise@0.000ns - userclk1 rise@0.000ns)
  Data Path Delay:        0.334ns  (logic 0.141ns (42.158%)  route 0.193ns (57.842%))
  Logic Levels:           0  
  Clock Path Skew:        0.035ns (DCD - SCD - CPR)
    Destination Clock Delay (DCD):    2.885ns
    Source Clock Delay      (SCD):    2.256ns
    Clock Pessimism Removal (CPR):    0.594ns

    Location             Delay type                Incr(ns)  Path(ns)    Netlist Resource(s)
  -------------------------------------------------------------------    -------------------
                         (clock userclk1 rise edge)
                                                      0.000     0.000 r  
    GTPE2_CHANNEL_X0Y3   GTPE2_CHANNEL                0.000     0.000 r  XDMA/inst/xdma_v41_m1_pcie2_to_pcie3_wrapper_i/pcie2_ip_i/inst/inst/gt_top_i/pipe_wrapper_i/pipe_lane[0].gt_wrapper_i/gtp_channel.gtpe2_channel_i/TXOUTCLK
                         net (fo=1, routed)           0.473     0.473    XDMA/inst/xdma_v41_m1_pcie2_to_pcie3_wrapper_i/pcie2_ip_i/inst/inst/gt_top_i/pipe_wrapper_i/pipe_clock_int.pipe_clock_i/txoutclk_i.txoutclk_i_0
    BUFGCTRL_X0Y20       BUFG (Prop_bufg_I_O)         0.026     0.499 r  XDMA/inst/xdma_v41_m1_pcie2_to_pcie3_wrapper_i/pcie2_ip_i/inst/inst/gt_top_i/pipe_wrapper_i/pipe_clock_int.pipe_clock_i/txoutclk_i.txoutclk_i/O
                         net (fo=1, routed)           0.551     1.050    XDMA/inst/xdma_v41_m1_pcie2_to_pcie3_wrapper_i/pcie2_ip_i/inst/inst/gt_top_i/pipe_wrapper_i/pipe_clock_int.pipe_clock_i/refclk
    MMCME2_ADV_X0Y0      MMCME2_ADV (Prop_mmcme2_adv_CLKIN1_CLKOUT2)
                                                      0.050     1.100 r  XDMA/inst/xdma_v41_m1_pcie2_to_pcie3_wrapper_i/pcie2_ip_i/inst/inst/gt_top_i/pipe_wrapper_i/pipe_clock_int.pipe_clock_i/mmcm_i/CLKOUT2
                         net (fo=1, routed)           0.489     1.589    XDMA/inst/xdma_v41_m1_pcie2_to_pcie3_wrapper_i/pcie2_ip_i/inst/inst/gt_top_i/pipe_wrapper_i/pipe_clock_int.pipe_clock_i/userclk1
    BUFGCTRL_X0Y0        BUFG (Prop_bufg_I_O)         0.026     1.615 r  XDMA/inst/xdma_v41_m1_pcie2_to_pcie3_wrapper_i/pcie2_ip_i/inst/inst/gt_top_i/pipe_wrapper_i/pipe_clock_int.pipe_clock_i/userclk1_i1.usrclk1_i1/O
                         net (fo=18985, routed)       0.641     2.256    XDMA/inst/udma_wrapper/dma_top/dma_pcie_req/TAG_FIFO_ODD/user_clk
    SLICE_X33Y111        FDRE                                         r  XDMA/inst/udma_wrapper/dma_top/dma_pcie_req/TAG_FIFO_ODD/WrPtr_reg[3]/C
  -------------------------------------------------------------------    -------------------
    SLICE_X33Y111        FDRE (Prop_fdre_C_Q)         0.141     2.397 r  XDMA/inst/udma_wrapper/dma_top/dma_pcie_req/TAG_FIFO_ODD/WrPtr_reg[3]/Q
                         net (fo=10, routed)          0.193     2.591    XDMA/inst/udma_wrapper/dma_top/TAG_FIFO_ODD/MemArray_reg_0_31_0_4/ADDRD3
    SLICE_X34Y111        RAMD32                                       r  XDMA/inst/udma_wrapper/dma_top/TAG_FIFO_ODD/MemArray_reg_0_31_0_4/RAMA_D1/WADR3
  -------------------------------------------------------------------    -------------------

                         (clock userclk1 rise edge)
                                                      0.000     0.000 r  
    GTPE2_CHANNEL_X0Y3   GTPE2_CHANNEL                0.000     0.000 r  XDMA/inst/xdma_v41_m1_pcie2_to_pcie3_wrapper_i/pcie2_ip_i/inst/inst/gt_top_i/pipe_wrapper_i/pipe_lane[0].gt_wrapper_i/gtp_channel.gtpe2_channel_i/TXOUTCLK
                         net (fo=1, routed)           0.509     0.509    XDMA/inst/xdma_v41_m1_pcie2_to_pcie3_wrapper_i/pcie2_ip_i/inst/inst/gt_top_i/pipe_wrapper_i/pipe_clock_int.pipe_clock_i/txoutclk_i.txoutclk_i_0
    BUFGCTRL_X0Y20       BUFG (Prop_bufg_I_O)         0.029     0.538 r  XDMA/inst/xdma_v41_m1_pcie2_to_pcie3_wrapper_i/pcie2_ip_i/inst/inst/gt_top_i/pipe_wrapper_i/pipe_clock_int.pipe_clock_i/txoutclk_i.txoutclk_i/O
                         net (fo=1, routed)           0.818     1.355    XDMA/inst/xdma_v41_m1_pcie2_to_pcie3_wrapper_i/pcie2_ip_i/inst/inst/gt_top_i/pipe_wrapper_i/pipe_clock_int.pipe_clock_i/refclk
    MMCME2_ADV_X0Y0      MMCME2_ADV (Prop_mmcme2_adv_CLKIN1_CLKOUT2)
                                                      0.053     1.408 r  XDMA/inst/xdma_v41_m1_pcie2_to_pcie3_wrapper_i/pcie2_ip_i/inst/inst/gt_top_i/pipe_wrapper_i/pipe_clock_int.pipe_clock_i/mmcm_i/CLKOUT2
                         net (fo=1, routed)           0.534     1.942    XDMA/inst/xdma_v41_m1_pcie2_to_pcie3_wrapper_i/pcie2_ip_i/inst/inst/gt_top_i/pipe_wrapper_i/pipe_clock_int.pipe_clock_i/userclk1
    BUFGCTRL_X0Y0        BUFG (Prop_bufg_I_O)         0.029     1.971 r  XDMA/inst/xdma_v41_m1_pcie2_to_pcie3_wrapper_i/pcie2_ip_i/inst/inst/gt_top_i/pipe_wrapper_i/pipe_clock_int.pipe_clock_i/userclk1_i1.usrclk1_i1/O
                         net (fo=18985, routed)       0.914     2.885    XDMA/inst/udma_wrapper/dma_top/TAG_FIFO_ODD/MemArray_reg_0_31_0_4/WCLK
    SLICE_X34Y111        RAMD32                                       r  XDMA/inst/udma_wrapper/dma_top/TAG_FIFO_ODD/MemArray_reg_0_31_0_4/RAMA_D1/CLK
                         clock pessimism             -0.594     2.291    
    SLICE_X34Y111        RAMD32 (Hold_ramd32_CLK_WADR3)
                                                      0.240     2.531    XDMA/inst/udma_wrapper/dma_top/TAG_FIFO_ODD/MemArray_reg_0_31_0_4/RAMA_D1
  -------------------------------------------------------------------
                         required time                         -2.531    
                         arrival time                           2.591    
  -------------------------------------------------------------------
                         slack                                  0.059    

Slack (MET) :             0.059ns  (arrival time - required time)
  Source:                 XDMA/inst/udma_wrapper/dma_top/dma_pcie_req/TAG_FIFO_ODD/WrPtr_reg[3]/C
                            (rising edge-triggered cell FDRE clocked by userclk1  {rise@0.000ns fall@8.000ns period=16.000ns})
  Destination:            XDMA/inst/udma_wrapper/dma_top/TAG_FIFO_ODD/MemArray_reg_0_31_0_4/RAMB/WADR3
                            (rising edge-triggered cell RAMD32 clocked by userclk1  {rise@0.000ns fall@8.000ns period=16.000ns})
  Path Group:             userclk1
  Path Type:              Hold (Min at Fast Process Corner)
  Requirement:            0.000ns  (userclk1 rise@0.000ns - userclk1 rise@0.000ns)
  Data Path Delay:        0.334ns  (logic 0.141ns (42.158%)  route 0.193ns (57.842%))
  Logic Levels:           0  
  Clock Path Skew:        0.035ns (DCD - SCD - CPR)
    Destination Clock Delay (DCD):    2.885ns
    Source Clock Delay      (SCD):    2.256ns
    Clock Pessimism Removal (CPR):    0.594ns

    Location             Delay type                Incr(ns)  Path(ns)    Netlist Resource(s)
  -------------------------------------------------------------------    -------------------
                         (clock userclk1 rise edge)
                                                      0.000     0.000 r  
    GTPE2_CHANNEL_X0Y3   GTPE2_CHANNEL                0.000     0.000 r  XDMA/inst/xdma_v41_m1_pcie2_to_pcie3_wrapper_i/pcie2_ip_i/inst/inst/gt_top_i/pipe_wrapper_i/pipe_lane[0].gt_wrapper_i/gtp_channel.gtpe2_channel_i/TXOUTCLK
                         net (fo=1, routed)           0.473     0.473    XDMA/inst/xdma_v41_m1_pcie2_to_pcie3_wrapper_i/pcie2_ip_i/inst/inst/gt_top_i/pipe_wrapper_i/pipe_clock_int.pipe_clock_i/txoutclk_i.txoutclk_i_0
    BUFGCTRL_X0Y20       BUFG (Prop_bufg_I_O)         0.026     0.499 r  XDMA/inst/xdma_v41_m1_pcie2_to_pcie3_wrapper_i/pcie2_ip_i/inst/inst/gt_top_i/pipe_wrapper_i/pipe_clock_int.pipe_clock_i/txoutclk_i.txoutclk_i/O
                         net (fo=1, routed)           0.551     1.050    XDMA/inst/xdma_v41_m1_pcie2_to_pcie3_wrapper_i/pcie2_ip_i/inst/inst/gt_top_i/pipe_wrapper_i/pipe_clock_int.pipe_clock_i/refclk
    MMCME2_ADV_X0Y0      MMCME2_ADV (Prop_mmcme2_adv_CLKIN1_CLKOUT2)
                                                      0.050     1.100 r  XDMA/inst/xdma_v41_m1_pcie2_to_pcie3_wrapper_i/pcie2_ip_i/inst/inst/gt_top_i/pipe_wrapper_i/pipe_clock_int.pipe_clock_i/mmcm_i/CLKOUT2
                         net (fo=1, routed)           0.489     1.589    XDMA/inst/xdma_v41_m1_pcie2_to_pcie3_wrapper_i/pcie2_ip_i/inst/inst/gt_top_i/pipe_wrapper_i/pipe_clock_int.pipe_clock_i/userclk1
    BUFGCTRL_X0Y0        BUFG (Prop_bufg_I_O)         0.026     1.615 r  XDMA/inst/xdma_v41_m1_pcie2_to_pcie3_wrapper_i/pcie2_ip_i/inst/inst/gt_top_i/pipe_wrapper_i/pipe_clock_int.pipe_clock_i/userclk1_i1.usrclk1_i1/O
                         net (fo=18985, routed)       0.641     2.256    XDMA/inst/udma_wrapper/dma_top/dma_pcie_req/TAG_FIFO_ODD/user_clk
    SLICE_X33Y111        FDRE                                         r  XDMA/inst/udma_wrapper/dma_top/dma_pcie_req/TAG_FIFO_ODD/WrPtr_reg[3]/C
  -------------------------------------------------------------------    -------------------
    SLICE_X33Y111        FDRE (Prop_fdre_C_Q)         0.141     2.397 r  XDMA/inst/udma_wrapper/dma_top/dma_pcie_req/TAG_FIFO_ODD/WrPtr_reg[3]/Q
                         net (fo=10, routed)          0.193     2.591    XDMA/inst/udma_wrapper/dma_top/TAG_FIFO_ODD/MemArray_reg_0_31_0_4/ADDRD3
    SLICE_X34Y111        RAMD32                                       r  XDMA/inst/udma_wrapper/dma_top/TAG_FIFO_ODD/MemArray_reg_0_31_0_4/RAMB/WADR3
  -------------------------------------------------------------------    -------------------

                         (clock userclk1 rise edge)
                                                      0.000     0.000 r  
    GTPE2_CHANNEL_X0Y3   GTPE2_CHANNEL                0.000     0.000 r  XDMA/inst/xdma_v41_m1_pcie2_to_pcie3_wrapper_i/pcie2_ip_i/inst/inst/gt_top_i/pipe_wrapper_i/pipe_lane[0].gt_wrapper_i/gtp_channel.gtpe2_channel_i/TXOUTCLK
                         net (fo=1, routed)           0.509     0.509    XDMA/inst/xdma_v41_m1_pcie2_to_pcie3_wrapper_i/pcie2_ip_i/inst/inst/gt_top_i/pipe_wrapper_i/pipe_clock_int.pipe_clock_i/txoutclk_i.txoutclk_i_0
    BUFGCTRL_X0Y20       BUFG (Prop_bufg_I_O)         0.029     0.538 r  XDMA/inst/xdma_v41_m1_pcie2_to_pcie3_wrapper_i/pcie2_ip_i/inst/inst/gt_top_i/pipe_wrapper_i/pipe_clock_int.pipe_clock_i/txoutclk_i.txoutclk_i/O
                         net (fo=1, routed)           0.818     1.355    XDMA/inst/xdma_v41_m1_pcie2_to_pcie3_wrapper_i/pcie2_ip_i/inst/inst/gt_top_i/pipe_wrapper_i/pipe_clock_int.pipe_clock_i/refclk
    MMCME2_ADV_X0Y0      MMCME2_ADV (Prop_mmcme2_adv_CLKIN1_CLKOUT2)
                                                      0.053     1.408 r  XDMA/inst/xdma_v41_m1_pcie2_to_pcie3_wrapper_i/pcie2_ip_i/inst/inst/gt_top_i/pipe_wrapper_i/pipe_clock_int.pipe_clock_i/mmcm_i/CLKOUT2
                         net (fo=1, routed)           0.534     1.942    XDMA/inst/xdma_v41_m1_pcie2_to_pcie3_wrapper_i/pcie2_ip_i/inst/inst/gt_top_i/pipe_wrapper_i/pipe_clock_int.pipe_clock_i/userclk1
    BUFGCTRL_X0Y0        BUFG (Prop_bufg_I_O)         0.029     1.971 r  XDMA/inst/xdma_v41_m1_pcie2_to_pcie3_wrapper_i/pcie2_ip_i/inst/inst/gt_top_i/pipe_wrapper_i/pipe_clock_int.pipe_clock_i/userclk1_i1.usrclk1_i1/O
                         net (fo=18985, routed)       0.914     2.885    XDMA/inst/udma_wrapper/dma_top/TAG_FIFO_ODD/MemArray_reg_0_31_0_4/WCLK
    SLICE_X34Y111        RAMD32                                       r  XDMA/inst/udma_wrapper/dma_top/TAG_FIFO_ODD/MemArray_reg_0_31_0_4/RAMB/CLK
                         clock pessimism             -0.594     2.291    
    SLICE_X34Y111        RAMD32 (Hold_ramd32_CLK_WADR3)
                                                      0.240     2.531    XDMA/inst/udma_wrapper/dma_top/TAG_FIFO_ODD/MemArray_reg_0_31_0_4/RAMB
  -------------------------------------------------------------------
                         required time                         -2.531    
                         arrival time                           2.591    
  -------------------------------------------------------------------
                         slack                                  0.059    

Slack (MET) :             0.059ns  (arrival time - required time)
  Source:                 XDMA/inst/udma_wrapper/dma_top/dma_pcie_req/TAG_FIFO_ODD/WrPtr_reg[3]/C
                            (rising edge-triggered cell FDRE clocked by userclk1  {rise@0.000ns fall@8.000ns period=16.000ns})
  Destination:            XDMA/inst/udma_wrapper/dma_top/TAG_FIFO_ODD/MemArray_reg_0_31_0_4/RAMB_D1/WADR3
                            (rising edge-triggered cell RAMD32 clocked by userclk1  {rise@0.000ns fall@8.000ns period=16.000ns})
  Path Group:             userclk1
  Path Type:              Hold (Min at Fast Process Corner)
  Requirement:            0.000ns  (userclk1 rise@0.000ns - userclk1 rise@0.000ns)
  Data Path Delay:        0.334ns  (logic 0.141ns (42.158%)  route 0.193ns (57.842%))
  Logic Levels:           0  
  Clock Path Skew:        0.035ns (DCD - SCD - CPR)
    Destination Clock Delay (DCD):    2.885ns
    Source Clock Delay      (SCD):    2.256ns
    Clock Pessimism Removal (CPR):    0.594ns

    Location             Delay type                Incr(ns)  Path(ns)    Netlist Resource(s)
  -------------------------------------------------------------------    -------------------
                         (clock userclk1 rise edge)
                                                      0.000     0.000 r  
    GTPE2_CHANNEL_X0Y3   GTPE2_CHANNEL                0.000     0.000 r  XDMA/inst/xdma_v41_m1_pcie2_to_pcie3_wrapper_i/pcie2_ip_i/inst/inst/gt_top_i/pipe_wrapper_i/pipe_lane[0].gt_wrapper_i/gtp_channel.gtpe2_channel_i/TXOUTCLK
                         net (fo=1, routed)           0.473     0.473    XDMA/inst/xdma_v41_m1_pcie2_to_pcie3_wrapper_i/pcie2_ip_i/inst/inst/gt_top_i/pipe_wrapper_i/pipe_clock_int.pipe_clock_i/txoutclk_i.txoutclk_i_0
    BUFGCTRL_X0Y20       BUFG (Prop_bufg_I_O)         0.026     0.499 r  XDMA/inst/xdma_v41_m1_pcie2_to_pcie3_wrapper_i/pcie2_ip_i/inst/inst/gt_top_i/pipe_wrapper_i/pipe_clock_int.pipe_clock_i/txoutclk_i.txoutclk_i/O
                         net (fo=1, routed)           0.551     1.050    XDMA/inst/xdma_v41_m1_pcie2_to_pcie3_wrapper_i/pcie2_ip_i/inst/inst/gt_top_i/pipe_wrapper_i/pipe_clock_int.pipe_clock_i/refclk
    MMCME2_ADV_X0Y0      MMCME2_ADV (Prop_mmcme2_adv_CLKIN1_CLKOUT2)
                                                      0.050     1.100 r  XDMA/inst/xdma_v41_m1_pcie2_to_pcie3_wrapper_i/pcie2_ip_i/inst/inst/gt_top_i/pipe_wrapper_i/pipe_clock_int.pipe_clock_i/mmcm_i/CLKOUT2
                         net (fo=1, routed)           0.489     1.589    XDMA/inst/xdma_v41_m1_pcie2_to_pcie3_wrapper_i/pcie2_ip_i/inst/inst/gt_top_i/pipe_wrapper_i/pipe_clock_int.pipe_clock_i/userclk1
    BUFGCTRL_X0Y0        BUFG (Prop_bufg_I_O)         0.026     1.615 r  XDMA/inst/xdma_v41_m1_pcie2_to_pcie3_wrapper_i/pcie2_ip_i/inst/inst/gt_top_i/pipe_wrapper_i/pipe_clock_int.pipe_clock_i/userclk1_i1.usrclk1_i1/O
                         net (fo=18985, routed)       0.641     2.256    XDMA/inst/udma_wrapper/dma_top/dma_pcie_req/TAG_FIFO_ODD/user_clk
    SLICE_X33Y111        FDRE                                         r  XDMA/inst/udma_wrapper/dma_top/dma_pcie_req/TAG_FIFO_ODD/WrPtr_reg[3]/C
  -------------------------------------------------------------------    -------------------
    SLICE_X33Y111        FDRE (Prop_fdre_C_Q)         0.141     2.397 r  XDMA/inst/udma_wrapper/dma_top/dma_pcie_req/TAG_FIFO_ODD/WrPtr_reg[3]/Q
                         net (fo=10, routed)          0.193     2.591    XDMA/inst/udma_wrapper/dma_top/TAG_FIFO_ODD/MemArray_reg_0_31_0_4/ADDRD3
    SLICE_X34Y111        RAMD32                                       r  XDMA/inst/udma_wrapper/dma_top/TAG_FIFO_ODD/MemArray_reg_0_31_0_4/RAMB_D1/WADR3
  -------------------------------------------------------------------    -------------------

                         (clock userclk1 rise edge)
                                                      0.000     0.000 r  
    GTPE2_CHANNEL_X0Y3   GTPE2_CHANNEL                0.000     0.000 r  XDMA/inst/xdma_v41_m1_pcie2_to_pcie3_wrapper_i/pcie2_ip_i/inst/inst/gt_top_i/pipe_wrapper_i/pipe_lane[0].gt_wrapper_i/gtp_channel.gtpe2_channel_i/TXOUTCLK
                         net (fo=1, routed)           0.509     0.509    XDMA/inst/xdma_v41_m1_pcie2_to_pcie3_wrapper_i/pcie2_ip_i/inst/inst/gt_top_i/pipe_wrapper_i/pipe_clock_int.pipe_clock_i/txoutclk_i.txoutclk_i_0
    BUFGCTRL_X0Y20       BUFG (Prop_bufg_I_O)         0.029     0.538 r  XDMA/inst/xdma_v41_m1_pcie2_to_pcie3_wrapper_i/pcie2_ip_i/inst/inst/gt_top_i/pipe_wrapper_i/pipe_clock_int.pipe_clock_i/txoutclk_i.txoutclk_i/O
                         net (fo=1, routed)           0.818     1.355    XDMA/inst/xdma_v41_m1_pcie2_to_pcie3_wrapper_i/pcie2_ip_i/inst/inst/gt_top_i/pipe_wrapper_i/pipe_clock_int.pipe_clock_i/refclk
    MMCME2_ADV_X0Y0      MMCME2_ADV (Prop_mmcme2_adv_CLKIN1_CLKOUT2)
                                                      0.053     1.408 r  XDMA/inst/xdma_v41_m1_pcie2_to_pcie3_wrapper_i/pcie2_ip_i/inst/inst/gt_top_i/pipe_wrapper_i/pipe_clock_int.pipe_clock_i/mmcm_i/CLKOUT2
                         net (fo=1, routed)           0.534     1.942    XDMA/inst/xdma_v41_m1_pcie2_to_pcie3_wrapper_i/pcie2_ip_i/inst/inst/gt_top_i/pipe_wrapper_i/pipe_clock_int.pipe_clock_i/userclk1
    BUFGCTRL_X0Y0        BUFG (Prop_bufg_I_O)         0.029     1.971 r  XDMA/inst/xdma_v41_m1_pcie2_to_pcie3_wrapper_i/pcie2_ip_i/inst/inst/gt_top_i/pipe_wrapper_i/pipe_clock_int.pipe_clock_i/userclk1_i1.usrclk1_i1/O
                         net (fo=18985, routed)       0.914     2.885    XDMA/inst/udma_wrapper/dma_top/TAG_FIFO_ODD/MemArray_reg_0_31_0_4/WCLK
    SLICE_X34Y111        RAMD32                                       r  XDMA/inst/udma_wrapper/dma_top/TAG_FIFO_ODD/MemArray_reg_0_31_0_4/RAMB_D1/CLK
                         clock pessimism             -0.594     2.291    
    SLICE_X34Y111        RAMD32 (Hold_ramd32_CLK_WADR3)
                                                      0.240     2.531    XDMA/inst/udma_wrapper/dma_top/TAG_FIFO_ODD/MemArray_reg_0_31_0_4/RAMB_D1
  -------------------------------------------------------------------
                         required time                         -2.531    
                         arrival time                           2.591    
  -------------------------------------------------------------------
                         slack                                  0.059    

Slack (MET) :             0.059ns  (arrival time - required time)
  Source:                 XDMA/inst/udma_wrapper/dma_top/dma_pcie_req/TAG_FIFO_ODD/WrPtr_reg[3]/C
                            (rising edge-triggered cell FDRE clocked by userclk1  {rise@0.000ns fall@8.000ns period=16.000ns})
  Destination:            XDMA/inst/udma_wrapper/dma_top/TAG_FIFO_ODD/MemArray_reg_0_31_0_4/RAMC/WADR3
                            (rising edge-triggered cell RAMD32 clocked by userclk1  {rise@0.000ns fall@8.000ns period=16.000ns})
  Path Group:             userclk1
  Path Type:              Hold (Min at Fast Process Corner)
  Requirement:            0.000ns  (userclk1 rise@0.000ns - userclk1 rise@0.000ns)
  Data Path Delay:        0.334ns  (logic 0.141ns (42.158%)  route 0.193ns (57.842%))
  Logic Levels:           0  
  Clock Path Skew:        0.035ns (DCD - SCD - CPR)
    Destination Clock Delay (DCD):    2.885ns
    Source Clock Delay      (SCD):    2.256ns
    Clock Pessimism Removal (CPR):    0.594ns

    Location             Delay type                Incr(ns)  Path(ns)    Netlist Resource(s)
  -------------------------------------------------------------------    -------------------
                         (clock userclk1 rise edge)
                                                      0.000     0.000 r  
    GTPE2_CHANNEL_X0Y3   GTPE2_CHANNEL                0.000     0.000 r  XDMA/inst/xdma_v41_m1_pcie2_to_pcie3_wrapper_i/pcie2_ip_i/inst/inst/gt_top_i/pipe_wrapper_i/pipe_lane[0].gt_wrapper_i/gtp_channel.gtpe2_channel_i/TXOUTCLK
                         net (fo=1, routed)           0.473     0.473    XDMA/inst/xdma_v41_m1_pcie2_to_pcie3_wrapper_i/pcie2_ip_i/inst/inst/gt_top_i/pipe_wrapper_i/pipe_clock_int.pipe_clock_i/txoutclk_i.txoutclk_i_0
    BUFGCTRL_X0Y20       BUFG (Prop_bufg_I_O)         0.026     0.499 r  XDMA/inst/xdma_v41_m1_pcie2_to_pcie3_wrapper_i/pcie2_ip_i/inst/inst/gt_top_i/pipe_wrapper_i/pipe_clock_int.pipe_clock_i/txoutclk_i.txoutclk_i/O
                         net (fo=1, routed)           0.551     1.050    XDMA/inst/xdma_v41_m1_pcie2_to_pcie3_wrapper_i/pcie2_ip_i/inst/inst/gt_top_i/pipe_wrapper_i/pipe_clock_int.pipe_clock_i/refclk
    MMCME2_ADV_X0Y0      MMCME2_ADV (Prop_mmcme2_adv_CLKIN1_CLKOUT2)
                                                      0.050     1.100 r  XDMA/inst/xdma_v41_m1_pcie2_to_pcie3_wrapper_i/pcie2_ip_i/inst/inst/gt_top_i/pipe_wrapper_i/pipe_clock_int.pipe_clock_i/mmcm_i/CLKOUT2
                         net (fo=1, routed)           0.489     1.589    XDMA/inst/xdma_v41_m1_pcie2_to_pcie3_wrapper_i/pcie2_ip_i/inst/inst/gt_top_i/pipe_wrapper_i/pipe_clock_int.pipe_clock_i/userclk1
    BUFGCTRL_X0Y0        BUFG (Prop_bufg_I_O)         0.026     1.615 r  XDMA/inst/xdma_v41_m1_pcie2_to_pcie3_wrapper_i/pcie2_ip_i/inst/inst/gt_top_i/pipe_wrapper_i/pipe_clock_int.pipe_clock_i/userclk1_i1.usrclk1_i1/O
                         net (fo=18985, routed)       0.641     2.256    XDMA/inst/udma_wrapper/dma_top/dma_pcie_req/TAG_FIFO_ODD/user_clk
    SLICE_X33Y111        FDRE                                         r  XDMA/inst/udma_wrapper/dma_top/dma_pcie_req/TAG_FIFO_ODD/WrPtr_reg[3]/C
  -------------------------------------------------------------------    -------------------
    SLICE_X33Y111        FDRE (Prop_fdre_C_Q)         0.141     2.397 r  XDMA/inst/udma_wrapper/dma_top/dma_pcie_req/TAG_FIFO_ODD/WrPtr_reg[3]/Q
                         net (fo=10, routed)          0.193     2.591    XDMA/inst/udma_wrapper/dma_top/TAG_FIFO_ODD/MemArray_reg_0_31_0_4/ADDRD3
    SLICE_X34Y111        RAMD32                                       r  XDMA/inst/udma_wrapper/dma_top/TAG_FIFO_ODD/MemArray_reg_0_31_0_4/RAMC/WADR3
  -------------------------------------------------------------------    -------------------

                         (clock userclk1 rise edge)
                                                      0.000     0.000 r  
    GTPE2_CHANNEL_X0Y3   GTPE2_CHANNEL                0.000     0.000 r  XDMA/inst/xdma_v41_m1_pcie2_to_pcie3_wrapper_i/pcie2_ip_i/inst/inst/gt_top_i/pipe_wrapper_i/pipe_lane[0].gt_wrapper_i/gtp_channel.gtpe2_channel_i/TXOUTCLK
                         net (fo=1, routed)           0.509     0.509    XDMA/inst/xdma_v41_m1_pcie2_to_pcie3_wrapper_i/pcie2_ip_i/inst/inst/gt_top_i/pipe_wrapper_i/pipe_clock_int.pipe_clock_i/txoutclk_i.txoutclk_i_0
    BUFGCTRL_X0Y20       BUFG (Prop_bufg_I_O)         0.029     0.538 r  XDMA/inst/xdma_v41_m1_pcie2_to_pcie3_wrapper_i/pcie2_ip_i/inst/inst/gt_top_i/pipe_wrapper_i/pipe_clock_int.pipe_clock_i/txoutclk_i.txoutclk_i/O
                         net (fo=1, routed)           0.818     1.355    XDMA/inst/xdma_v41_m1_pcie2_to_pcie3_wrapper_i/pcie2_ip_i/inst/inst/gt_top_i/pipe_wrapper_i/pipe_clock_int.pipe_clock_i/refclk
    MMCME2_ADV_X0Y0      MMCME2_ADV (Prop_mmcme2_adv_CLKIN1_CLKOUT2)
                                                      0.053     1.408 r  XDMA/inst/xdma_v41_m1_pcie2_to_pcie3_wrapper_i/pcie2_ip_i/inst/inst/gt_top_i/pipe_wrapper_i/pipe_clock_int.pipe_clock_i/mmcm_i/CLKOUT2
                         net (fo=1, routed)           0.534     1.942    XDMA/inst/xdma_v41_m1_pcie2_to_pcie3_wrapper_i/pcie2_ip_i/inst/inst/gt_top_i/pipe_wrapper_i/pipe_clock_int.pipe_clock_i/userclk1
    BUFGCTRL_X0Y0        BUFG (Prop_bufg_I_O)         0.029     1.971 r  XDMA/inst/xdma_v41_m1_pcie2_to_pcie3_wrapper_i/pcie2_ip_i/inst/inst/gt_top_i/pipe_wrapper_i/pipe_clock_int.pipe_clock_i/userclk1_i1.usrclk1_i1/O
                         net (fo=18985, routed)       0.914     2.885    XDMA/inst/udma_wrapper/dma_top/TAG_FIFO_ODD/MemArray_reg_0_31_0_4/WCLK
    SLICE_X34Y111        RAMD32                                       r  XDMA/inst/udma_wrapper/dma_top/TAG_FIFO_ODD/MemArray_reg_0_31_0_4/RAMC/CLK
                         clock pessimism             -0.594     2.291    
    SLICE_X34Y111        RAMD32 (Hold_ramd32_CLK_WADR3)
                                                      0.240     2.531    XDMA/inst/udma_wrapper/dma_top/TAG_FIFO_ODD/MemArray_reg_0_31_0_4/RAMC
  -------------------------------------------------------------------
                         required time                         -2.531    
                         arrival time                           2.591    
  -------------------------------------------------------------------
                         slack                                  0.059    

Slack (MET) :             0.059ns  (arrival time - required time)
  Source:                 XDMA/inst/udma_wrapper/dma_top/dma_pcie_req/TAG_FIFO_ODD/WrPtr_reg[3]/C
                            (rising edge-triggered cell FDRE clocked by userclk1  {rise@0.000ns fall@8.000ns period=16.000ns})
  Destination:            XDMA/inst/udma_wrapper/dma_top/TAG_FIFO_ODD/MemArray_reg_0_31_0_4/RAMC_D1/WADR3
                            (rising edge-triggered cell RAMD32 clocked by userclk1  {rise@0.000ns fall@8.000ns period=16.000ns})
  Path Group:             userclk1
  Path Type:              Hold (Min at Fast Process Corner)
  Requirement:            0.000ns  (userclk1 rise@0.000ns - userclk1 rise@0.000ns)
  Data Path Delay:        0.334ns  (logic 0.141ns (42.158%)  route 0.193ns (57.842%))
  Logic Levels:           0  
  Clock Path Skew:        0.035ns (DCD - SCD - CPR)
    Destination Clock Delay (DCD):    2.885ns
    Source Clock Delay      (SCD):    2.256ns
    Clock Pessimism Removal (CPR):    0.594ns

    Location             Delay type                Incr(ns)  Path(ns)    Netlist Resource(s)
  -------------------------------------------------------------------    -------------------
                         (clock userclk1 rise edge)
                                                      0.000     0.000 r  
    GTPE2_CHANNEL_X0Y3   GTPE2_CHANNEL                0.000     0.000 r  XDMA/inst/xdma_v41_m1_pcie2_to_pcie3_wrapper_i/pcie2_ip_i/inst/inst/gt_top_i/pipe_wrapper_i/pipe_lane[0].gt_wrapper_i/gtp_channel.gtpe2_channel_i/TXOUTCLK
                         net (fo=1, routed)           0.473     0.473    XDMA/inst/xdma_v41_m1_pcie2_to_pcie3_wrapper_i/pcie2_ip_i/inst/inst/gt_top_i/pipe_wrapper_i/pipe_clock_int.pipe_clock_i/txoutclk_i.txoutclk_i_0
    BUFGCTRL_X0Y20       BUFG (Prop_bufg_I_O)         0.026     0.499 r  XDMA/inst/xdma_v41_m1_pcie2_to_pcie3_wrapper_i/pcie2_ip_i/inst/inst/gt_top_i/pipe_wrapper_i/pipe_clock_int.pipe_clock_i/txoutclk_i.txoutclk_i/O
                         net (fo=1, routed)           0.551     1.050    XDMA/inst/xdma_v41_m1_pcie2_to_pcie3_wrapper_i/pcie2_ip_i/inst/inst/gt_top_i/pipe_wrapper_i/pipe_clock_int.pipe_clock_i/refclk
    MMCME2_ADV_X0Y0      MMCME2_ADV (Prop_mmcme2_adv_CLKIN1_CLKOUT2)
                                                      0.050     1.100 r  XDMA/inst/xdma_v41_m1_pcie2_to_pcie3_wrapper_i/pcie2_ip_i/inst/inst/gt_top_i/pipe_wrapper_i/pipe_clock_int.pipe_clock_i/mmcm_i/CLKOUT2
                         net (fo=1, routed)           0.489     1.589    XDMA/inst/xdma_v41_m1_pcie2_to_pcie3_wrapper_i/pcie2_ip_i/inst/inst/gt_top_i/pipe_wrapper_i/pipe_clock_int.pipe_clock_i/userclk1
    BUFGCTRL_X0Y0        BUFG (Prop_bufg_I_O)         0.026     1.615 r  XDMA/inst/xdma_v41_m1_pcie2_to_pcie3_wrapper_i/pcie2_ip_i/inst/inst/gt_top_i/pipe_wrapper_i/pipe_clock_int.pipe_clock_i/userclk1_i1.usrclk1_i1/O
                         net (fo=18985, routed)       0.641     2.256    XDMA/inst/udma_wrapper/dma_top/dma_pcie_req/TAG_FIFO_ODD/user_clk
    SLICE_X33Y111        FDRE                                         r  XDMA/inst/udma_wrapper/dma_top/dma_pcie_req/TAG_FIFO_ODD/WrPtr_reg[3]/C
  -------------------------------------------------------------------    -------------------
    SLICE_X33Y111        FDRE (Prop_fdre_C_Q)         0.141     2.397 r  XDMA/inst/udma_wrapper/dma_top/dma_pcie_req/TAG_FIFO_ODD/WrPtr_reg[3]/Q
                         net (fo=10, routed)          0.193     2.591    XDMA/inst/udma_wrapper/dma_top/TAG_FIFO_ODD/MemArray_reg_0_31_0_4/ADDRD3
    SLICE_X34Y111        RAMD32                                       r  XDMA/inst/udma_wrapper/dma_top/TAG_FIFO_ODD/MemArray_reg_0_31_0_4/RAMC_D1/WADR3
  -------------------------------------------------------------------    -------------------

                         (clock userclk1 rise edge)
                                                      0.000     0.000 r  
    GTPE2_CHANNEL_X0Y3   GTPE2_CHANNEL                0.000     0.000 r  XDMA/inst/xdma_v41_m1_pcie2_to_pcie3_wrapper_i/pcie2_ip_i/inst/inst/gt_top_i/pipe_wrapper_i/pipe_lane[0].gt_wrapper_i/gtp_channel.gtpe2_channel_i/TXOUTCLK
                         net (fo=1, routed)           0.509     0.509    XDMA/inst/xdma_v41_m1_pcie2_to_pcie3_wrapper_i/pcie2_ip_i/inst/inst/gt_top_i/pipe_wrapper_i/pipe_clock_int.pipe_clock_i/txoutclk_i.txoutclk_i_0
    BUFGCTRL_X0Y20       BUFG (Prop_bufg_I_O)         0.029     0.538 r  XDMA/inst/xdma_v41_m1_pcie2_to_pcie3_wrapper_i/pcie2_ip_i/inst/inst/gt_top_i/pipe_wrapper_i/pipe_clock_int.pipe_clock_i/txoutclk_i.txoutclk_i/O
                         net (fo=1, routed)           0.818     1.355    XDMA/inst/xdma_v41_m1_pcie2_to_pcie3_wrapper_i/pcie2_ip_i/inst/inst/gt_top_i/pipe_wrapper_i/pipe_clock_int.pipe_clock_i/refclk
    MMCME2_ADV_X0Y0      MMCME2_ADV (Prop_mmcme2_adv_CLKIN1_CLKOUT2)
                                                      0.053     1.408 r  XDMA/inst/xdma_v41_m1_pcie2_to_pcie3_wrapper_i/pcie2_ip_i/inst/inst/gt_top_i/pipe_wrapper_i/pipe_clock_int.pipe_clock_i/mmcm_i/CLKOUT2
                         net (fo=1, routed)           0.534     1.942    XDMA/inst/xdma_v41_m1_pcie2_to_pcie3_wrapper_i/pcie2_ip_i/inst/inst/gt_top_i/pipe_wrapper_i/pipe_clock_int.pipe_clock_i/userclk1
    BUFGCTRL_X0Y0        BUFG (Prop_bufg_I_O)         0.029     1.971 r  XDMA/inst/xdma_v41_m1_pcie2_to_pcie3_wrapper_i/pcie2_ip_i/inst/inst/gt_top_i/pipe_wrapper_i/pipe_clock_int.pipe_clock_i/userclk1_i1.usrclk1_i1/O
                         net (fo=18985, routed)       0.914     2.885    XDMA/inst/udma_wrapper/dma_top/TAG_FIFO_ODD/MemArray_reg_0_31_0_4/WCLK
    SLICE_X34Y111        RAMD32                                       r  XDMA/inst/udma_wrapper/dma_top/TAG_FIFO_ODD/MemArray_reg_0_31_0_4/RAMC_D1/CLK
                         clock pessimism             -0.594     2.291    
    SLICE_X34Y111        RAMD32 (Hold_ramd32_CLK_WADR3)
                                                      0.240     2.531    XDMA/inst/udma_wrapper/dma_top/TAG_FIFO_ODD/MemArray_reg_0_31_0_4/RAMC_D1
  -------------------------------------------------------------------
                         required time                         -2.531    
                         arrival time                           2.591    
  -------------------------------------------------------------------
                         slack                                  0.059    

Slack (MET) :             0.059ns  (arrival time - required time)
  Source:                 XDMA/inst/udma_wrapper/dma_top/dma_pcie_req/TAG_FIFO_ODD/WrPtr_reg[3]/C
                            (rising edge-triggered cell FDRE clocked by userclk1  {rise@0.000ns fall@8.000ns period=16.000ns})
  Destination:            XDMA/inst/udma_wrapper/dma_top/TAG_FIFO_ODD/MemArray_reg_0_31_0_4/RAMD/ADR3
                            (rising edge-triggered cell RAMS32 clocked by userclk1  {rise@0.000ns fall@8.000ns period=16.000ns})
  Path Group:             userclk1
  Path Type:              Hold (Min at Fast Process Corner)
  Requirement:            0.000ns  (userclk1 rise@0.000ns - userclk1 rise@0.000ns)
  Data Path Delay:        0.334ns  (logic 0.141ns (42.158%)  route 0.193ns (57.842%))
  Logic Levels:           0  
  Clock Path Skew:        0.035ns (DCD - SCD - CPR)
    Destination Clock Delay (DCD):    2.885ns
    Source Clock Delay      (SCD):    2.256ns
    Clock Pessimism Removal (CPR):    0.594ns

    Location             Delay type                Incr(ns)  Path(ns)    Netlist Resource(s)
  -------------------------------------------------------------------    -------------------
                         (clock userclk1 rise edge)
                                                      0.000     0.000 r  
    GTPE2_CHANNEL_X0Y3   GTPE2_CHANNEL                0.000     0.000 r  XDMA/inst/xdma_v41_m1_pcie2_to_pcie3_wrapper_i/pcie2_ip_i/inst/inst/gt_top_i/pipe_wrapper_i/pipe_lane[0].gt_wrapper_i/gtp_channel.gtpe2_channel_i/TXOUTCLK
                         net (fo=1, routed)           0.473     0.473    XDMA/inst/xdma_v41_m1_pcie2_to_pcie3_wrapper_i/pcie2_ip_i/inst/inst/gt_top_i/pipe_wrapper_i/pipe_clock_int.pipe_clock_i/txoutclk_i.txoutclk_i_0
    BUFGCTRL_X0Y20       BUFG (Prop_bufg_I_O)         0.026     0.499 r  XDMA/inst/xdma_v41_m1_pcie2_to_pcie3_wrapper_i/pcie2_ip_i/inst/inst/gt_top_i/pipe_wrapper_i/pipe_clock_int.pipe_clock_i/txoutclk_i.txoutclk_i/O
                         net (fo=1, routed)           0.551     1.050    XDMA/inst/xdma_v41_m1_pcie2_to_pcie3_wrapper_i/pcie2_ip_i/inst/inst/gt_top_i/pipe_wrapper_i/pipe_clock_int.pipe_clock_i/refclk
    MMCME2_ADV_X0Y0      MMCME2_ADV (Prop_mmcme2_adv_CLKIN1_CLKOUT2)
                                                      0.050     1.100 r  XDMA/inst/xdma_v41_m1_pcie2_to_pcie3_wrapper_i/pcie2_ip_i/inst/inst/gt_top_i/pipe_wrapper_i/pipe_clock_int.pipe_clock_i/mmcm_i/CLKOUT2
                         net (fo=1, routed)           0.489     1.589    XDMA/inst/xdma_v41_m1_pcie2_to_pcie3_wrapper_i/pcie2_ip_i/inst/inst/gt_top_i/pipe_wrapper_i/pipe_clock_int.pipe_clock_i/userclk1
    BUFGCTRL_X0Y0        BUFG (Prop_bufg_I_O)         0.026     1.615 r  XDMA/inst/xdma_v41_m1_pcie2_to_pcie3_wrapper_i/pcie2_ip_i/inst/inst/gt_top_i/pipe_wrapper_i/pipe_clock_int.pipe_clock_i/userclk1_i1.usrclk1_i1/O
                         net (fo=18985, routed)       0.641     2.256    XDMA/inst/udma_wrapper/dma_top/dma_pcie_req/TAG_FIFO_ODD/user_clk
    SLICE_X33Y111        FDRE                                         r  XDMA/inst/udma_wrapper/dma_top/dma_pcie_req/TAG_FIFO_ODD/WrPtr_reg[3]/C
  -------------------------------------------------------------------    -------------------
    SLICE_X33Y111        FDRE (Prop_fdre_C_Q)         0.141     2.397 r  XDMA/inst/udma_wrapper/dma_top/dma_pcie_req/TAG_FIFO_ODD/WrPtr_reg[3]/Q
                         net (fo=10, routed)          0.193     2.591    XDMA/inst/udma_wrapper/dma_top/TAG_FIFO_ODD/MemArray_reg_0_31_0_4/ADDRD3
    SLICE_X34Y111        RAMS32                                       r  XDMA/inst/udma_wrapper/dma_top/TAG_FIFO_ODD/MemArray_reg_0_31_0_4/RAMD/ADR3
  -------------------------------------------------------------------    -------------------

                         (clock userclk1 rise edge)
                                                      0.000     0.000 r  
    GTPE2_CHANNEL_X0Y3   GTPE2_CHANNEL                0.000     0.000 r  XDMA/inst/xdma_v41_m1_pcie2_to_pcie3_wrapper_i/pcie2_ip_i/inst/inst/gt_top_i/pipe_wrapper_i/pipe_lane[0].gt_wrapper_i/gtp_channel.gtpe2_channel_i/TXOUTCLK
                         net (fo=1, routed)           0.509     0.509    XDMA/inst/xdma_v41_m1_pcie2_to_pcie3_wrapper_i/pcie2_ip_i/inst/inst/gt_top_i/pipe_wrapper_i/pipe_clock_int.pipe_clock_i/txoutclk_i.txoutclk_i_0
    BUFGCTRL_X0Y20       BUFG (Prop_bufg_I_O)         0.029     0.538 r  XDMA/inst/xdma_v41_m1_pcie2_to_pcie3_wrapper_i/pcie2_ip_i/inst/inst/gt_top_i/pipe_wrapper_i/pipe_clock_int.pipe_clock_i/txoutclk_i.txoutclk_i/O
                         net (fo=1, routed)           0.818     1.355    XDMA/inst/xdma_v41_m1_pcie2_to_pcie3_wrapper_i/pcie2_ip_i/inst/inst/gt_top_i/pipe_wrapper_i/pipe_clock_int.pipe_clock_i/refclk
    MMCME2_ADV_X0Y0      MMCME2_ADV (Prop_mmcme2_adv_CLKIN1_CLKOUT2)
                                                      0.053     1.408 r  XDMA/inst/xdma_v41_m1_pcie2_to_pcie3_wrapper_i/pcie2_ip_i/inst/inst/gt_top_i/pipe_wrapper_i/pipe_clock_int.pipe_clock_i/mmcm_i/CLKOUT2
                         net (fo=1, routed)           0.534     1.942    XDMA/inst/xdma_v41_m1_pcie2_to_pcie3_wrapper_i/pcie2_ip_i/inst/inst/gt_top_i/pipe_wrapper_i/pipe_clock_int.pipe_clock_i/userclk1
    BUFGCTRL_X0Y0        BUFG (Prop_bufg_I_O)         0.029     1.971 r  XDMA/inst/xdma_v41_m1_pcie2_to_pcie3_wrapper_i/pcie2_ip_i/inst/inst/gt_top_i/pipe_wrapper_i/pipe_clock_int.pipe_clock_i/userclk1_i1.usrclk1_i1/O
                         net (fo=18985, routed)       0.914     2.885    XDMA/inst/udma_wrapper/dma_top/TAG_FIFO_ODD/MemArray_reg_0_31_0_4/WCLK
    SLICE_X34Y111        RAMS32                                       r  XDMA/inst/udma_wrapper/dma_top/TAG_FIFO_ODD/MemArray_reg_0_31_0_4/RAMD/CLK
                         clock pessimism             -0.594     2.291    
    SLICE_X34Y111        RAMS32 (Hold_rams32_CLK_ADR3)
                                                      0.240     2.531    XDMA/inst/udma_wrapper/dma_top/TAG_FIFO_ODD/MemArray_reg_0_31_0_4/RAMD
  -------------------------------------------------------------------
                         required time                         -2.531    
                         arrival time                           2.591    
  -------------------------------------------------------------------
                         slack                                  0.059    

Slack (MET) :             0.059ns  (arrival time - required time)
  Source:                 XDMA/inst/udma_wrapper/dma_top/dma_pcie_req/TAG_FIFO_ODD/WrPtr_reg[3]/C
                            (rising edge-triggered cell FDRE clocked by userclk1  {rise@0.000ns fall@8.000ns period=16.000ns})
  Destination:            XDMA/inst/udma_wrapper/dma_top/TAG_FIFO_ODD/MemArray_reg_0_31_0_4/RAMD_D1/ADR3
                            (rising edge-triggered cell RAMS32 clocked by userclk1  {rise@0.000ns fall@8.000ns period=16.000ns})
  Path Group:             userclk1
  Path Type:              Hold (Min at Fast Process Corner)
  Requirement:            0.000ns  (userclk1 rise@0.000ns - userclk1 rise@0.000ns)
  Data Path Delay:        0.334ns  (logic 0.141ns (42.158%)  route 0.193ns (57.842%))
  Logic Levels:           0  
  Clock Path Skew:        0.035ns (DCD - SCD - CPR)
    Destination Clock Delay (DCD):    2.885ns
    Source Clock Delay      (SCD):    2.256ns
    Clock Pessimism Removal (CPR):    0.594ns

    Location             Delay type                Incr(ns)  Path(ns)    Netlist Resource(s)
  -------------------------------------------------------------------    -------------------
                         (clock userclk1 rise edge)
                                                      0.000     0.000 r  
    GTPE2_CHANNEL_X0Y3   GTPE2_CHANNEL                0.000     0.000 r  XDMA/inst/xdma_v41_m1_pcie2_to_pcie3_wrapper_i/pcie2_ip_i/inst/inst/gt_top_i/pipe_wrapper_i/pipe_lane[0].gt_wrapper_i/gtp_channel.gtpe2_channel_i/TXOUTCLK
                         net (fo=1, routed)           0.473     0.473    XDMA/inst/xdma_v41_m1_pcie2_to_pcie3_wrapper_i/pcie2_ip_i/inst/inst/gt_top_i/pipe_wrapper_i/pipe_clock_int.pipe_clock_i/txoutclk_i.txoutclk_i_0
    BUFGCTRL_X0Y20       BUFG (Prop_bufg_I_O)         0.026     0.499 r  XDMA/inst/xdma_v41_m1_pcie2_to_pcie3_wrapper_i/pcie2_ip_i/inst/inst/gt_top_i/pipe_wrapper_i/pipe_clock_int.pipe_clock_i/txoutclk_i.txoutclk_i/O
                         net (fo=1, routed)           0.551     1.050    XDMA/inst/xdma_v41_m1_pcie2_to_pcie3_wrapper_i/pcie2_ip_i/inst/inst/gt_top_i/pipe_wrapper_i/pipe_clock_int.pipe_clock_i/refclk
    MMCME2_ADV_X0Y0      MMCME2_ADV (Prop_mmcme2_adv_CLKIN1_CLKOUT2)
                                                      0.050     1.100 r  XDMA/inst/xdma_v41_m1_pcie2_to_pcie3_wrapper_i/pcie2_ip_i/inst/inst/gt_top_i/pipe_wrapper_i/pipe_clock_int.pipe_clock_i/mmcm_i/CLKOUT2
                         net (fo=1, routed)           0.489     1.589    XDMA/inst/xdma_v41_m1_pcie2_to_pcie3_wrapper_i/pcie2_ip_i/inst/inst/gt_top_i/pipe_wrapper_i/pipe_clock_int.pipe_clock_i/userclk1
    BUFGCTRL_X0Y0        BUFG (Prop_bufg_I_O)         0.026     1.615 r  XDMA/inst/xdma_v41_m1_pcie2_to_pcie3_wrapper_i/pcie2_ip_i/inst/inst/gt_top_i/pipe_wrapper_i/pipe_clock_int.pipe_clock_i/userclk1_i1.usrclk1_i1/O
                         net (fo=18985, routed)       0.641     2.256    XDMA/inst/udma_wrapper/dma_top/dma_pcie_req/TAG_FIFO_ODD/user_clk
    SLICE_X33Y111        FDRE                                         r  XDMA/inst/udma_wrapper/dma_top/dma_pcie_req/TAG_FIFO_ODD/WrPtr_reg[3]/C
  -------------------------------------------------------------------    -------------------
    SLICE_X33Y111        FDRE (Prop_fdre_C_Q)         0.141     2.397 r  XDMA/inst/udma_wrapper/dma_top/dma_pcie_req/TAG_FIFO_ODD/WrPtr_reg[3]/Q
                         net (fo=10, routed)          0.193     2.591    XDMA/inst/udma_wrapper/dma_top/TAG_FIFO_ODD/MemArray_reg_0_31_0_4/ADDRD3
    SLICE_X34Y111        RAMS32                                       r  XDMA/inst/udma_wrapper/dma_top/TAG_FIFO_ODD/MemArray_reg_0_31_0_4/RAMD_D1/ADR3
  -------------------------------------------------------------------    -------------------

                         (clock userclk1 rise edge)
                                                      0.000     0.000 r  
    GTPE2_CHANNEL_X0Y3   GTPE2_CHANNEL                0.000     0.000 r  XDMA/inst/xdma_v41_m1_pcie2_to_pcie3_wrapper_i/pcie2_ip_i/inst/inst/gt_top_i/pipe_wrapper_i/pipe_lane[0].gt_wrapper_i/gtp_channel.gtpe2_channel_i/TXOUTCLK
                         net (fo=1, routed)           0.509     0.509    XDMA/inst/xdma_v41_m1_pcie2_to_pcie3_wrapper_i/pcie2_ip_i/inst/inst/gt_top_i/pipe_wrapper_i/pipe_clock_int.pipe_clock_i/txoutclk_i.txoutclk_i_0
    BUFGCTRL_X0Y20       BUFG (Prop_bufg_I_O)         0.029     0.538 r  XDMA/inst/xdma_v41_m1_pcie2_to_pcie3_wrapper_i/pcie2_ip_i/inst/inst/gt_top_i/pipe_wrapper_i/pipe_clock_int.pipe_clock_i/txoutclk_i.txoutclk_i/O
                         net (fo=1, routed)           0.818     1.355    XDMA/inst/xdma_v41_m1_pcie2_to_pcie3_wrapper_i/pcie2_ip_i/inst/inst/gt_top_i/pipe_wrapper_i/pipe_clock_int.pipe_clock_i/refclk
    MMCME2_ADV_X0Y0      MMCME2_ADV (Prop_mmcme2_adv_CLKIN1_CLKOUT2)
                                                      0.053     1.408 r  XDMA/inst/xdma_v41_m1_pcie2_to_pcie3_wrapper_i/pcie2_ip_i/inst/inst/gt_top_i/pipe_wrapper_i/pipe_clock_int.pipe_clock_i/mmcm_i/CLKOUT2
                         net (fo=1, routed)           0.534     1.942    XDMA/inst/xdma_v41_m1_pcie2_to_pcie3_wrapper_i/pcie2_ip_i/inst/inst/gt_top_i/pipe_wrapper_i/pipe_clock_int.pipe_clock_i/userclk1
    BUFGCTRL_X0Y0        BUFG (Prop_bufg_I_O)         0.029     1.971 r  XDMA/inst/xdma_v41_m1_pcie2_to_pcie3_wrapper_i/pcie2_ip_i/inst/inst/gt_top_i/pipe_wrapper_i/pipe_clock_int.pipe_clock_i/userclk1_i1.usrclk1_i1/O
                         net (fo=18985, routed)       0.914     2.885    XDMA/inst/udma_wrapper/dma_top/TAG_FIFO_ODD/MemArray_reg_0_31_0_4/WCLK
    SLICE_X34Y111        RAMS32                                       r  XDMA/inst/udma_wrapper/dma_top/TAG_FIFO_ODD/MemArray_reg_0_31_0_4/RAMD_D1/CLK
                         clock pessimism             -0.594     2.291    
    SLICE_X34Y111        RAMS32 (Hold_rams32_CLK_ADR3)
                                                      0.240     2.531    XDMA/inst/udma_wrapper/dma_top/TAG_FIFO_ODD/MemArray_reg_0_31_0_4/RAMD_D1
  -------------------------------------------------------------------
                         required time                         -2.531    
                         arrival time                           2.591    
  -------------------------------------------------------------------
                         slack                                  0.059    

Slack (MET) :             0.060ns  (arrival time - required time)
  Source:                 XDMA/inst/udma_wrapper/dma_top/dma_pcie_req/dma_pcie_rq/wrq_adr_ff_reg[19]/C
                            (rising edge-triggered cell FDRE clocked by userclk1  {rise@0.000ns fall@8.000ns period=16.000ns})
  Destination:            XDMA/inst/udma_wrapper/dma_top/dma_pcie_req/dma_pcie_rq/wtlp_hdr_500_reg[17]/D
                            (rising edge-triggered cell FDRE clocked by userclk1  {rise@0.000ns fall@8.000ns period=16.000ns})
  Path Group:             userclk1
  Path Type:              Hold (Min at Fast Process Corner)
  Requirement:            0.000ns  (userclk1 rise@0.000ns - userclk1 rise@0.000ns)
  Data Path Delay:        0.340ns  (logic 0.128ns (37.665%)  route 0.212ns (62.335%))
  Logic Levels:           0  
  Clock Path Skew:        0.264ns (DCD - SCD - CPR)
    Destination Clock Delay (DCD):    2.798ns
    Source Clock Delay      (SCD):    2.174ns
    Clock Pessimism Removal (CPR):    0.361ns

    Location             Delay type                Incr(ns)  Path(ns)    Netlist Resource(s)
  -------------------------------------------------------------------    -------------------
                         (clock userclk1 rise edge)
                                                      0.000     0.000 r  
    GTPE2_CHANNEL_X0Y3   GTPE2_CHANNEL                0.000     0.000 r  XDMA/inst/xdma_v41_m1_pcie2_to_pcie3_wrapper_i/pcie2_ip_i/inst/inst/gt_top_i/pipe_wrapper_i/pipe_lane[0].gt_wrapper_i/gtp_channel.gtpe2_channel_i/TXOUTCLK
                         net (fo=1, routed)           0.473     0.473    XDMA/inst/xdma_v41_m1_pcie2_to_pcie3_wrapper_i/pcie2_ip_i/inst/inst/gt_top_i/pipe_wrapper_i/pipe_clock_int.pipe_clock_i/txoutclk_i.txoutclk_i_0
    BUFGCTRL_X0Y20       BUFG (Prop_bufg_I_O)         0.026     0.499 r  XDMA/inst/xdma_v41_m1_pcie2_to_pcie3_wrapper_i/pcie2_ip_i/inst/inst/gt_top_i/pipe_wrapper_i/pipe_clock_int.pipe_clock_i/txoutclk_i.txoutclk_i/O
                         net (fo=1, routed)           0.551     1.050    XDMA/inst/xdma_v41_m1_pcie2_to_pcie3_wrapper_i/pcie2_ip_i/inst/inst/gt_top_i/pipe_wrapper_i/pipe_clock_int.pipe_clock_i/refclk
    MMCME2_ADV_X0Y0      MMCME2_ADV (Prop_mmcme2_adv_CLKIN1_CLKOUT2)
                                                      0.050     1.100 r  XDMA/inst/xdma_v41_m1_pcie2_to_pcie3_wrapper_i/pcie2_ip_i/inst/inst/gt_top_i/pipe_wrapper_i/pipe_clock_int.pipe_clock_i/mmcm_i/CLKOUT2
                         net (fo=1, routed)           0.489     1.589    XDMA/inst/xdma_v41_m1_pcie2_to_pcie3_wrapper_i/pcie2_ip_i/inst/inst/gt_top_i/pipe_wrapper_i/pipe_clock_int.pipe_clock_i/userclk1
    BUFGCTRL_X0Y0        BUFG (Prop_bufg_I_O)         0.026     1.615 r  XDMA/inst/xdma_v41_m1_pcie2_to_pcie3_wrapper_i/pcie2_ip_i/inst/inst/gt_top_i/pipe_wrapper_i/pipe_clock_int.pipe_clock_i/userclk1_i1.usrclk1_i1/O
                         net (fo=18985, routed)       0.559     2.174    XDMA/inst/udma_wrapper/dma_top/dma_pcie_req/dma_pcie_rq/user_clk
    SLICE_X33Y88         FDRE                                         r  XDMA/inst/udma_wrapper/dma_top/dma_pcie_req/dma_pcie_rq/wrq_adr_ff_reg[19]/C
  -------------------------------------------------------------------    -------------------
    SLICE_X33Y88         FDRE (Prop_fdre_C_Q)         0.128     2.302 r  XDMA/inst/udma_wrapper/dma_top/dma_pcie_req/dma_pcie_rq/wrq_adr_ff_reg[19]/Q
                         net (fo=1, routed)           0.212     2.514    XDMA/inst/udma_wrapper/dma_top/dma_pcie_req/dma_pcie_rq/wrq_adr_ff_reg_n_0_[19]
    SLICE_X37Y89         FDRE                                         r  XDMA/inst/udma_wrapper/dma_top/dma_pcie_req/dma_pcie_rq/wtlp_hdr_500_reg[17]/D
  -------------------------------------------------------------------    -------------------

                         (clock userclk1 rise edge)
                                                      0.000     0.000 r  
    GTPE2_CHANNEL_X0Y3   GTPE2_CHANNEL                0.000     0.000 r  XDMA/inst/xdma_v41_m1_pcie2_to_pcie3_wrapper_i/pcie2_ip_i/inst/inst/gt_top_i/pipe_wrapper_i/pipe_lane[0].gt_wrapper_i/gtp_channel.gtpe2_channel_i/TXOUTCLK
                         net (fo=1, routed)           0.509     0.509    XDMA/inst/xdma_v41_m1_pcie2_to_pcie3_wrapper_i/pcie2_ip_i/inst/inst/gt_top_i/pipe_wrapper_i/pipe_clock_int.pipe_clock_i/txoutclk_i.txoutclk_i_0
    BUFGCTRL_X0Y20       BUFG (Prop_bufg_I_O)         0.029     0.538 r  XDMA/inst/xdma_v41_m1_pcie2_to_pcie3_wrapper_i/pcie2_ip_i/inst/inst/gt_top_i/pipe_wrapper_i/pipe_clock_int.pipe_clock_i/txoutclk_i.txoutclk_i/O
                         net (fo=1, routed)           0.818     1.355    XDMA/inst/xdma_v41_m1_pcie2_to_pcie3_wrapper_i/pcie2_ip_i/inst/inst/gt_top_i/pipe_wrapper_i/pipe_clock_int.pipe_clock_i/refclk
    MMCME2_ADV_X0Y0      MMCME2_ADV (Prop_mmcme2_adv_CLKIN1_CLKOUT2)
                                                      0.053     1.408 r  XDMA/inst/xdma_v41_m1_pcie2_to_pcie3_wrapper_i/pcie2_ip_i/inst/inst/gt_top_i/pipe_wrapper_i/pipe_clock_int.pipe_clock_i/mmcm_i/CLKOUT2
                         net (fo=1, routed)           0.534     1.942    XDMA/inst/xdma_v41_m1_pcie2_to_pcie3_wrapper_i/pcie2_ip_i/inst/inst/gt_top_i/pipe_wrapper_i/pipe_clock_int.pipe_clock_i/userclk1
    BUFGCTRL_X0Y0        BUFG (Prop_bufg_I_O)         0.029     1.971 r  XDMA/inst/xdma_v41_m1_pcie2_to_pcie3_wrapper_i/pcie2_ip_i/inst/inst/gt_top_i/pipe_wrapper_i/pipe_clock_int.pipe_clock_i/userclk1_i1.usrclk1_i1/O
                         net (fo=18985, routed)       0.827     2.798    XDMA/inst/udma_wrapper/dma_top/dma_pcie_req/dma_pcie_rq/user_clk
    SLICE_X37Y89         FDRE                                         r  XDMA/inst/udma_wrapper/dma_top/dma_pcie_req/dma_pcie_rq/wtlp_hdr_500_reg[17]/C
                         clock pessimism             -0.361     2.438    
    SLICE_X37Y89         FDRE (Hold_fdre_C_D)         0.016     2.454    XDMA/inst/udma_wrapper/dma_top/dma_pcie_req/dma_pcie_rq/wtlp_hdr_500_reg[17]
  -------------------------------------------------------------------
                         required time                         -2.454    
                         arrival time                           2.514    
  -------------------------------------------------------------------
                         slack                                  0.060    

Slack (MET) :             0.062ns  (arrival time - required time)
  Source:                 XDMA/inst/udma_wrapper/dma_top/dma_enable.vul_dma/dsc_eng.DSC/RRQ_FIFO/Head_reg[12]/C
                            (rising edge-triggered cell FDRE clocked by userclk1  {rise@0.000ns fall@8.000ns period=16.000ns})
  Destination:            XDMA/inst/udma_wrapper/dma_top/dma_pcie_req/axidma_rrq_arb/Fifowhead.fifoInfo/Head_reg[12]/D
                            (rising edge-triggered cell FDRE clocked by userclk1  {rise@0.000ns fall@8.000ns period=16.000ns})
  Path Group:             userclk1
  Path Type:              Hold (Min at Fast Process Corner)
  Requirement:            0.000ns  (userclk1 rise@0.000ns - userclk1 rise@0.000ns)
  Data Path Delay:        0.418ns  (logic 0.186ns (44.479%)  route 0.232ns (55.521%))
  Logic Levels:           1  (LUT6=1)
  Clock Path Skew:        0.265ns (DCD - SCD - CPR)
    Destination Clock Delay (DCD):    2.801ns
    Source Clock Delay      (SCD):    2.176ns
    Clock Pessimism Removal (CPR):    0.361ns

    Location             Delay type                Incr(ns)  Path(ns)    Netlist Resource(s)
  -------------------------------------------------------------------    -------------------
                         (clock userclk1 rise edge)
                                                      0.000     0.000 r  
    GTPE2_CHANNEL_X0Y3   GTPE2_CHANNEL                0.000     0.000 r  XDMA/inst/xdma_v41_m1_pcie2_to_pcie3_wrapper_i/pcie2_ip_i/inst/inst/gt_top_i/pipe_wrapper_i/pipe_lane[0].gt_wrapper_i/gtp_channel.gtpe2_channel_i/TXOUTCLK
                         net (fo=1, routed)           0.473     0.473    XDMA/inst/xdma_v41_m1_pcie2_to_pcie3_wrapper_i/pcie2_ip_i/inst/inst/gt_top_i/pipe_wrapper_i/pipe_clock_int.pipe_clock_i/txoutclk_i.txoutclk_i_0
    BUFGCTRL_X0Y20       BUFG (Prop_bufg_I_O)         0.026     0.499 r  XDMA/inst/xdma_v41_m1_pcie2_to_pcie3_wrapper_i/pcie2_ip_i/inst/inst/gt_top_i/pipe_wrapper_i/pipe_clock_int.pipe_clock_i/txoutclk_i.txoutclk_i/O
                         net (fo=1, routed)           0.551     1.050    XDMA/inst/xdma_v41_m1_pcie2_to_pcie3_wrapper_i/pcie2_ip_i/inst/inst/gt_top_i/pipe_wrapper_i/pipe_clock_int.pipe_clock_i/refclk
    MMCME2_ADV_X0Y0      MMCME2_ADV (Prop_mmcme2_adv_CLKIN1_CLKOUT2)
                                                      0.050     1.100 r  XDMA/inst/xdma_v41_m1_pcie2_to_pcie3_wrapper_i/pcie2_ip_i/inst/inst/gt_top_i/pipe_wrapper_i/pipe_clock_int.pipe_clock_i/mmcm_i/CLKOUT2
                         net (fo=1, routed)           0.489     1.589    XDMA/inst/xdma_v41_m1_pcie2_to_pcie3_wrapper_i/pcie2_ip_i/inst/inst/gt_top_i/pipe_wrapper_i/pipe_clock_int.pipe_clock_i/userclk1
    BUFGCTRL_X0Y0        BUFG (Prop_bufg_I_O)         0.026     1.615 r  XDMA/inst/xdma_v41_m1_pcie2_to_pcie3_wrapper_i/pcie2_ip_i/inst/inst/gt_top_i/pipe_wrapper_i/pipe_clock_int.pipe_clock_i/userclk1_i1.usrclk1_i1/O
                         net (fo=18985, routed)       0.561     2.176    XDMA/inst/udma_wrapper/dma_top/dma_enable.vul_dma/dsc_eng.DSC/RRQ_FIFO/user_clk
    SLICE_X35Y98         FDRE                                         r  XDMA/inst/udma_wrapper/dma_top/dma_enable.vul_dma/dsc_eng.DSC/RRQ_FIFO/Head_reg[12]/C
  -------------------------------------------------------------------    -------------------
    SLICE_X35Y98         FDRE (Prop_fdre_C_Q)         0.141     2.317 r  XDMA/inst/udma_wrapper/dma_top/dma_enable.vul_dma/dsc_eng.DSC/RRQ_FIFO/Head_reg[12]/Q
                         net (fo=2, routed)           0.232     2.549    XDMA/inst/udma_wrapper/dma_top/dma_enable.vul_dma/RD/gen_rdwr_loop[0].gen_rdwr_eng.RDWR_INST/RRQ_FIFO/Head_reg[119]_1[4]
    SLICE_X36Y98         LUT6 (Prop_lut6_I3_O)        0.045     2.594 r  XDMA/inst/udma_wrapper/dma_top/dma_enable.vul_dma/RD/gen_rdwr_loop[0].gen_rdwr_eng.RDWR_INST/RRQ_FIFO/Head[12]_i_1__7/O
                         net (fo=1, routed)           0.000     2.594    XDMA/inst/udma_wrapper/dma_top/dma_pcie_req/axidma_rrq_arb/Fifowhead.fifoInfo/Head_reg[119]_0[4]
    SLICE_X36Y98         FDRE                                         r  XDMA/inst/udma_wrapper/dma_top/dma_pcie_req/axidma_rrq_arb/Fifowhead.fifoInfo/Head_reg[12]/D
  -------------------------------------------------------------------    -------------------

                         (clock userclk1 rise edge)
                                                      0.000     0.000 r  
    GTPE2_CHANNEL_X0Y3   GTPE2_CHANNEL                0.000     0.000 r  XDMA/inst/xdma_v41_m1_pcie2_to_pcie3_wrapper_i/pcie2_ip_i/inst/inst/gt_top_i/pipe_wrapper_i/pipe_lane[0].gt_wrapper_i/gtp_channel.gtpe2_channel_i/TXOUTCLK
                         net (fo=1, routed)           0.509     0.509    XDMA/inst/xdma_v41_m1_pcie2_to_pcie3_wrapper_i/pcie2_ip_i/inst/inst/gt_top_i/pipe_wrapper_i/pipe_clock_int.pipe_clock_i/txoutclk_i.txoutclk_i_0
    BUFGCTRL_X0Y20       BUFG (Prop_bufg_I_O)         0.029     0.538 r  XDMA/inst/xdma_v41_m1_pcie2_to_pcie3_wrapper_i/pcie2_ip_i/inst/inst/gt_top_i/pipe_wrapper_i/pipe_clock_int.pipe_clock_i/txoutclk_i.txoutclk_i/O
                         net (fo=1, routed)           0.818     1.355    XDMA/inst/xdma_v41_m1_pcie2_to_pcie3_wrapper_i/pcie2_ip_i/inst/inst/gt_top_i/pipe_wrapper_i/pipe_clock_int.pipe_clock_i/refclk
    MMCME2_ADV_X0Y0      MMCME2_ADV (Prop_mmcme2_adv_CLKIN1_CLKOUT2)
                                                      0.053     1.408 r  XDMA/inst/xdma_v41_m1_pcie2_to_pcie3_wrapper_i/pcie2_ip_i/inst/inst/gt_top_i/pipe_wrapper_i/pipe_clock_int.pipe_clock_i/mmcm_i/CLKOUT2
                         net (fo=1, routed)           0.534     1.942    XDMA/inst/xdma_v41_m1_pcie2_to_pcie3_wrapper_i/pcie2_ip_i/inst/inst/gt_top_i/pipe_wrapper_i/pipe_clock_int.pipe_clock_i/userclk1
    BUFGCTRL_X0Y0        BUFG (Prop_bufg_I_O)         0.029     1.971 r  XDMA/inst/xdma_v41_m1_pcie2_to_pcie3_wrapper_i/pcie2_ip_i/inst/inst/gt_top_i/pipe_wrapper_i/pipe_clock_int.pipe_clock_i/userclk1_i1.usrclk1_i1/O
                         net (fo=18985, routed)       0.830     2.801    XDMA/inst/udma_wrapper/dma_top/dma_pcie_req/axidma_rrq_arb/Fifowhead.fifoInfo/user_clk
    SLICE_X36Y98         FDRE                                         r  XDMA/inst/udma_wrapper/dma_top/dma_pcie_req/axidma_rrq_arb/Fifowhead.fifoInfo/Head_reg[12]/C
                         clock pessimism             -0.361     2.441    
    SLICE_X36Y98         FDRE (Hold_fdre_C_D)         0.091     2.532    XDMA/inst/udma_wrapper/dma_top/dma_pcie_req/axidma_rrq_arb/Fifowhead.fifoInfo/Head_reg[12]
  -------------------------------------------------------------------
                         required time                         -2.531    
                         arrival time                           2.594    
  -------------------------------------------------------------------
                         slack                                  0.062    

Slack (MET) :             0.064ns  (arrival time - required time)
  Source:                 XDMA/inst/udma_wrapper/dma_top/dma_enable.vul_dma/dsc_eng.DSC/dsc_acc_dat_nn1_reg[len][22]/C
                            (rising edge-triggered cell FDRE clocked by userclk1  {rise@0.000ns fall@8.000ns period=16.000ns})
  Destination:            XDMA/inst/udma_wrapper/dma_top/dma_enable.vul_dma/WR/gen_rdwr_loop[0].gen_rdwr_eng.RDWR_INST/DSC_FIFO/Head_reg[25]/D
                            (rising edge-triggered cell FDRE clocked by userclk1  {rise@0.000ns fall@8.000ns period=16.000ns})
  Path Group:             userclk1
  Path Type:              Hold (Min at Fast Process Corner)
  Requirement:            0.000ns  (userclk1 rise@0.000ns - userclk1 rise@0.000ns)
  Data Path Delay:        0.417ns  (logic 0.186ns (44.577%)  route 0.231ns (55.423%))
  Logic Levels:           1  (LUT3=1)
  Clock Path Skew:        0.261ns (DCD - SCD - CPR)
    Destination Clock Delay (DCD):    2.790ns
    Source Clock Delay      (SCD):    2.169ns
    Clock Pessimism Removal (CPR):    0.361ns

    Location             Delay type                Incr(ns)  Path(ns)    Netlist Resource(s)
  -------------------------------------------------------------------    -------------------
                         (clock userclk1 rise edge)
                                                      0.000     0.000 r  
    GTPE2_CHANNEL_X0Y3   GTPE2_CHANNEL                0.000     0.000 r  XDMA/inst/xdma_v41_m1_pcie2_to_pcie3_wrapper_i/pcie2_ip_i/inst/inst/gt_top_i/pipe_wrapper_i/pipe_lane[0].gt_wrapper_i/gtp_channel.gtpe2_channel_i/TXOUTCLK
                         net (fo=1, routed)           0.473     0.473    XDMA/inst/xdma_v41_m1_pcie2_to_pcie3_wrapper_i/pcie2_ip_i/inst/inst/gt_top_i/pipe_wrapper_i/pipe_clock_int.pipe_clock_i/txoutclk_i.txoutclk_i_0
    BUFGCTRL_X0Y20       BUFG (Prop_bufg_I_O)         0.026     0.499 r  XDMA/inst/xdma_v41_m1_pcie2_to_pcie3_wrapper_i/pcie2_ip_i/inst/inst/gt_top_i/pipe_wrapper_i/pipe_clock_int.pipe_clock_i/txoutclk_i.txoutclk_i/O
                         net (fo=1, routed)           0.551     1.050    XDMA/inst/xdma_v41_m1_pcie2_to_pcie3_wrapper_i/pcie2_ip_i/inst/inst/gt_top_i/pipe_wrapper_i/pipe_clock_int.pipe_clock_i/refclk
    MMCME2_ADV_X0Y0      MMCME2_ADV (Prop_mmcme2_adv_CLKIN1_CLKOUT2)
                                                      0.050     1.100 r  XDMA/inst/xdma_v41_m1_pcie2_to_pcie3_wrapper_i/pcie2_ip_i/inst/inst/gt_top_i/pipe_wrapper_i/pipe_clock_int.pipe_clock_i/mmcm_i/CLKOUT2
                         net (fo=1, routed)           0.489     1.589    XDMA/inst/xdma_v41_m1_pcie2_to_pcie3_wrapper_i/pcie2_ip_i/inst/inst/gt_top_i/pipe_wrapper_i/pipe_clock_int.pipe_clock_i/userclk1
    BUFGCTRL_X0Y0        BUFG (Prop_bufg_I_O)         0.026     1.615 r  XDMA/inst/xdma_v41_m1_pcie2_to_pcie3_wrapper_i/pcie2_ip_i/inst/inst/gt_top_i/pipe_wrapper_i/pipe_clock_int.pipe_clock_i/userclk1_i1.usrclk1_i1/O
                         net (fo=18985, routed)       0.554     2.169    XDMA/inst/udma_wrapper/dma_top/dma_enable.vul_dma/dsc_eng.DSC/user_clk
    SLICE_X40Y68         FDRE                                         r  XDMA/inst/udma_wrapper/dma_top/dma_enable.vul_dma/dsc_eng.DSC/dsc_acc_dat_nn1_reg[len][22]/C
  -------------------------------------------------------------------    -------------------
    SLICE_X40Y68         FDRE (Prop_fdre_C_Q)         0.141     2.310 r  XDMA/inst/udma_wrapper/dma_top/dma_enable.vul_dma/dsc_eng.DSC/dsc_acc_dat_nn1_reg[len][22]/Q
                         net (fo=4, routed)           0.231     2.541    XDMA/inst/udma_wrapper/dma_top/dma_enable.vul_dma/WR/gen_rdwr_loop[0].gen_rdwr_eng.RDWR_INST/DSC_FIFO/DataIn[25]
    SLICE_X35Y68         LUT3 (Prop_lut3_I0_O)        0.045     2.586 r  XDMA/inst/udma_wrapper/dma_top/dma_enable.vul_dma/WR/gen_rdwr_loop[0].gen_rdwr_eng.RDWR_INST/DSC_FIFO/Head[25]_i_1__0/O
                         net (fo=1, routed)           0.000     2.586    XDMA/inst/udma_wrapper/dma_top/dma_enable.vul_dma/WR/gen_rdwr_loop[0].gen_rdwr_eng.RDWR_INST/DSC_FIFO/p_0_in1_in[25]
    SLICE_X35Y68         FDRE                                         r  XDMA/inst/udma_wrapper/dma_top/dma_enable.vul_dma/WR/gen_rdwr_loop[0].gen_rdwr_eng.RDWR_INST/DSC_FIFO/Head_reg[25]/D
  -------------------------------------------------------------------    -------------------

                         (clock userclk1 rise edge)
                                                      0.000     0.000 r  
    GTPE2_CHANNEL_X0Y3   GTPE2_CHANNEL                0.000     0.000 r  XDMA/inst/xdma_v41_m1_pcie2_to_pcie3_wrapper_i/pcie2_ip_i/inst/inst/gt_top_i/pipe_wrapper_i/pipe_lane[0].gt_wrapper_i/gtp_channel.gtpe2_channel_i/TXOUTCLK
                         net (fo=1, routed)           0.509     0.509    XDMA/inst/xdma_v41_m1_pcie2_to_pcie3_wrapper_i/pcie2_ip_i/inst/inst/gt_top_i/pipe_wrapper_i/pipe_clock_int.pipe_clock_i/txoutclk_i.txoutclk_i_0
    BUFGCTRL_X0Y20       BUFG (Prop_bufg_I_O)         0.029     0.538 r  XDMA/inst/xdma_v41_m1_pcie2_to_pcie3_wrapper_i/pcie2_ip_i/inst/inst/gt_top_i/pipe_wrapper_i/pipe_clock_int.pipe_clock_i/txoutclk_i.txoutclk_i/O
                         net (fo=1, routed)           0.818     1.355    XDMA/inst/xdma_v41_m1_pcie2_to_pcie3_wrapper_i/pcie2_ip_i/inst/inst/gt_top_i/pipe_wrapper_i/pipe_clock_int.pipe_clock_i/refclk
    MMCME2_ADV_X0Y0      MMCME2_ADV (Prop_mmcme2_adv_CLKIN1_CLKOUT2)
                                                      0.053     1.408 r  XDMA/inst/xdma_v41_m1_pcie2_to_pcie3_wrapper_i/pcie2_ip_i/inst/inst/gt_top_i/pipe_wrapper_i/pipe_clock_int.pipe_clock_i/mmcm_i/CLKOUT2
                         net (fo=1, routed)           0.534     1.942    XDMA/inst/xdma_v41_m1_pcie2_to_pcie3_wrapper_i/pcie2_ip_i/inst/inst/gt_top_i/pipe_wrapper_i/pipe_clock_int.pipe_clock_i/userclk1
    BUFGCTRL_X0Y0        BUFG (Prop_bufg_I_O)         0.029     1.971 r  XDMA/inst/xdma_v41_m1_pcie2_to_pcie3_wrapper_i/pcie2_ip_i/inst/inst/gt_top_i/pipe_wrapper_i/pipe_clock_int.pipe_clock_i/userclk1_i1.usrclk1_i1/O
                         net (fo=18985, routed)       0.819     2.790    XDMA/inst/udma_wrapper/dma_top/dma_enable.vul_dma/WR/gen_rdwr_loop[0].gen_rdwr_eng.RDWR_INST/DSC_FIFO/user_clk
    SLICE_X35Y68         FDRE                                         r  XDMA/inst/udma_wrapper/dma_top/dma_enable.vul_dma/WR/gen_rdwr_loop[0].gen_rdwr_eng.RDWR_INST/DSC_FIFO/Head_reg[25]/C
                         clock pessimism             -0.361     2.430    
    SLICE_X35Y68         FDRE (Hold_fdre_C_D)         0.092     2.522    XDMA/inst/udma_wrapper/dma_top/dma_enable.vul_dma/WR/gen_rdwr_loop[0].gen_rdwr_eng.RDWR_INST/DSC_FIFO/Head_reg[25]
  -------------------------------------------------------------------
                         required time                         -2.522    
                         arrival time                           2.586    
  -------------------------------------------------------------------
                         slack                                  0.064    

Slack (MET) :             0.065ns  (arrival time - required time)
  Source:                 XDMA/inst/udma_wrapper/dma_top/dma_pcie_req/dma_pcie_rq/tlp_rrq_tag_ff_reg[0][2]/C
                            (rising edge-triggered cell FDRE clocked by userclk1  {rise@0.000ns fall@8.000ns period=16.000ns})
  Destination:            XDMA/inst/udma_wrapper/dma_top/dma_pcie_req/dma_pcie_rc/tag_rrq_chn_info_mem_even_reg_0_31_0_5/RAMA/WADR1
                            (rising edge-triggered cell RAMD32 clocked by userclk1  {rise@0.000ns fall@8.000ns period=16.000ns})
  Path Group:             userclk1
  Path Type:              Hold (Min at Fast Process Corner)
  Requirement:            0.000ns  (userclk1 rise@0.000ns - userclk1 rise@0.000ns)
  Data Path Delay:        0.333ns  (logic 0.128ns (38.405%)  route 0.205ns (61.595%))
  Logic Levels:           0  
  Clock Path Skew:        0.013ns (DCD - SCD - CPR)
    Destination Clock Delay (DCD):    2.887ns
    Source Clock Delay      (SCD):    2.257ns
    Clock Pessimism Removal (CPR):    0.617ns

    Location             Delay type                Incr(ns)  Path(ns)    Netlist Resource(s)
  -------------------------------------------------------------------    -------------------
                         (clock userclk1 rise edge)
                                                      0.000     0.000 r  
    GTPE2_CHANNEL_X0Y3   GTPE2_CHANNEL                0.000     0.000 r  XDMA/inst/xdma_v41_m1_pcie2_to_pcie3_wrapper_i/pcie2_ip_i/inst/inst/gt_top_i/pipe_wrapper_i/pipe_lane[0].gt_wrapper_i/gtp_channel.gtpe2_channel_i/TXOUTCLK
                         net (fo=1, routed)           0.473     0.473    XDMA/inst/xdma_v41_m1_pcie2_to_pcie3_wrapper_i/pcie2_ip_i/inst/inst/gt_top_i/pipe_wrapper_i/pipe_clock_int.pipe_clock_i/txoutclk_i.txoutclk_i_0
    BUFGCTRL_X0Y20       BUFG (Prop_bufg_I_O)         0.026     0.499 r  XDMA/inst/xdma_v41_m1_pcie2_to_pcie3_wrapper_i/pcie2_ip_i/inst/inst/gt_top_i/pipe_wrapper_i/pipe_clock_int.pipe_clock_i/txoutclk_i.txoutclk_i/O
                         net (fo=1, routed)           0.551     1.050    XDMA/inst/xdma_v41_m1_pcie2_to_pcie3_wrapper_i/pcie2_ip_i/inst/inst/gt_top_i/pipe_wrapper_i/pipe_clock_int.pipe_clock_i/refclk
    MMCME2_ADV_X0Y0      MMCME2_ADV (Prop_mmcme2_adv_CLKIN1_CLKOUT2)
                                                      0.050     1.100 r  XDMA/inst/xdma_v41_m1_pcie2_to_pcie3_wrapper_i/pcie2_ip_i/inst/inst/gt_top_i/pipe_wrapper_i/pipe_clock_int.pipe_clock_i/mmcm_i/CLKOUT2
                         net (fo=1, routed)           0.489     1.589    XDMA/inst/xdma_v41_m1_pcie2_to_pcie3_wrapper_i/pcie2_ip_i/inst/inst/gt_top_i/pipe_wrapper_i/pipe_clock_int.pipe_clock_i/userclk1
    BUFGCTRL_X0Y0        BUFG (Prop_bufg_I_O)         0.026     1.615 r  XDMA/inst/xdma_v41_m1_pcie2_to_pcie3_wrapper_i/pcie2_ip_i/inst/inst/gt_top_i/pipe_wrapper_i/pipe_clock_int.pipe_clock_i/userclk1_i1.usrclk1_i1/O
                         net (fo=18985, routed)       0.642     2.257    XDMA/inst/udma_wrapper/dma_top/dma_pcie_req/dma_pcie_rq/user_clk
    SLICE_X35Y106        FDRE                                         r  XDMA/inst/udma_wrapper/dma_top/dma_pcie_req/dma_pcie_rq/tlp_rrq_tag_ff_reg[0][2]/C
  -------------------------------------------------------------------    -------------------
    SLICE_X35Y106        FDRE (Prop_fdre_C_Q)         0.128     2.385 r  XDMA/inst/udma_wrapper/dma_top/dma_pcie_req/dma_pcie_rq/tlp_rrq_tag_ff_reg[0][2]/Q
                         net (fo=56, routed)          0.205     2.590    XDMA/inst/udma_wrapper/dma_top/dma_pcie_req/dma_pcie_rc/tag_rrq_chn_info_mem_even_reg_0_31_0_5/ADDRD1
    SLICE_X34Y106        RAMD32                                       r  XDMA/inst/udma_wrapper/dma_top/dma_pcie_req/dma_pcie_rc/tag_rrq_chn_info_mem_even_reg_0_31_0_5/RAMA/WADR1
  -------------------------------------------------------------------    -------------------

                         (clock userclk1 rise edge)
                                                      0.000     0.000 r  
    GTPE2_CHANNEL_X0Y3   GTPE2_CHANNEL                0.000     0.000 r  XDMA/inst/xdma_v41_m1_pcie2_to_pcie3_wrapper_i/pcie2_ip_i/inst/inst/gt_top_i/pipe_wrapper_i/pipe_lane[0].gt_wrapper_i/gtp_channel.gtpe2_channel_i/TXOUTCLK
                         net (fo=1, routed)           0.509     0.509    XDMA/inst/xdma_v41_m1_pcie2_to_pcie3_wrapper_i/pcie2_ip_i/inst/inst/gt_top_i/pipe_wrapper_i/pipe_clock_int.pipe_clock_i/txoutclk_i.txoutclk_i_0
    BUFGCTRL_X0Y20       BUFG (Prop_bufg_I_O)         0.029     0.538 r  XDMA/inst/xdma_v41_m1_pcie2_to_pcie3_wrapper_i/pcie2_ip_i/inst/inst/gt_top_i/pipe_wrapper_i/pipe_clock_int.pipe_clock_i/txoutclk_i.txoutclk_i/O
                         net (fo=1, routed)           0.818     1.355    XDMA/inst/xdma_v41_m1_pcie2_to_pcie3_wrapper_i/pcie2_ip_i/inst/inst/gt_top_i/pipe_wrapper_i/pipe_clock_int.pipe_clock_i/refclk
    MMCME2_ADV_X0Y0      MMCME2_ADV (Prop_mmcme2_adv_CLKIN1_CLKOUT2)
                                                      0.053     1.408 r  XDMA/inst/xdma_v41_m1_pcie2_to_pcie3_wrapper_i/pcie2_ip_i/inst/inst/gt_top_i/pipe_wrapper_i/pipe_clock_int.pipe_clock_i/mmcm_i/CLKOUT2
                         net (fo=1, routed)           0.534     1.942    XDMA/inst/xdma_v41_m1_pcie2_to_pcie3_wrapper_i/pcie2_ip_i/inst/inst/gt_top_i/pipe_wrapper_i/pipe_clock_int.pipe_clock_i/userclk1
    BUFGCTRL_X0Y0        BUFG (Prop_bufg_I_O)         0.029     1.971 r  XDMA/inst/xdma_v41_m1_pcie2_to_pcie3_wrapper_i/pcie2_ip_i/inst/inst/gt_top_i/pipe_wrapper_i/pipe_clock_int.pipe_clock_i/userclk1_i1.usrclk1_i1/O
                         net (fo=18985, routed)       0.916     2.887    XDMA/inst/udma_wrapper/dma_top/dma_pcie_req/dma_pcie_rc/tag_rrq_chn_info_mem_even_reg_0_31_0_5/WCLK
    SLICE_X34Y106        RAMD32                                       r  XDMA/inst/udma_wrapper/dma_top/dma_pcie_req/dma_pcie_rc/tag_rrq_chn_info_mem_even_reg_0_31_0_5/RAMA/CLK
                         clock pessimism             -0.617     2.270    
    SLICE_X34Y106        RAMD32 (Hold_ramd32_CLK_WADR1)
                                                      0.255     2.525    XDMA/inst/udma_wrapper/dma_top/dma_pcie_req/dma_pcie_rc/tag_rrq_chn_info_mem_even_reg_0_31_0_5/RAMA
  -------------------------------------------------------------------
                         required time                         -2.525    
                         arrival time                           2.590    
  -------------------------------------------------------------------
                         slack                                  0.065    

Slack (MET) :             0.065ns  (arrival time - required time)
  Source:                 XDMA/inst/udma_wrapper/dma_top/dma_pcie_req/dma_pcie_rq/tlp_rrq_tag_ff_reg[0][2]/C
                            (rising edge-triggered cell FDRE clocked by userclk1  {rise@0.000ns fall@8.000ns period=16.000ns})
  Destination:            XDMA/inst/udma_wrapper/dma_top/dma_pcie_req/dma_pcie_rc/tag_rrq_chn_info_mem_even_reg_0_31_0_5/RAMA_D1/WADR1
                            (rising edge-triggered cell RAMD32 clocked by userclk1  {rise@0.000ns fall@8.000ns period=16.000ns})
  Path Group:             userclk1
  Path Type:              Hold (Min at Fast Process Corner)
  Requirement:            0.000ns  (userclk1 rise@0.000ns - userclk1 rise@0.000ns)
  Data Path Delay:        0.333ns  (logic 0.128ns (38.405%)  route 0.205ns (61.595%))
  Logic Levels:           0  
  Clock Path Skew:        0.013ns (DCD - SCD - CPR)
    Destination Clock Delay (DCD):    2.887ns
    Source Clock Delay      (SCD):    2.257ns
    Clock Pessimism Removal (CPR):    0.617ns

    Location             Delay type                Incr(ns)  Path(ns)    Netlist Resource(s)
  -------------------------------------------------------------------    -------------------
                         (clock userclk1 rise edge)
                                                      0.000     0.000 r  
    GTPE2_CHANNEL_X0Y3   GTPE2_CHANNEL                0.000     0.000 r  XDMA/inst/xdma_v41_m1_pcie2_to_pcie3_wrapper_i/pcie2_ip_i/inst/inst/gt_top_i/pipe_wrapper_i/pipe_lane[0].gt_wrapper_i/gtp_channel.gtpe2_channel_i/TXOUTCLK
                         net (fo=1, routed)           0.473     0.473    XDMA/inst/xdma_v41_m1_pcie2_to_pcie3_wrapper_i/pcie2_ip_i/inst/inst/gt_top_i/pipe_wrapper_i/pipe_clock_int.pipe_clock_i/txoutclk_i.txoutclk_i_0
    BUFGCTRL_X0Y20       BUFG (Prop_bufg_I_O)         0.026     0.499 r  XDMA/inst/xdma_v41_m1_pcie2_to_pcie3_wrapper_i/pcie2_ip_i/inst/inst/gt_top_i/pipe_wrapper_i/pipe_clock_int.pipe_clock_i/txoutclk_i.txoutclk_i/O
                         net (fo=1, routed)           0.551     1.050    XDMA/inst/xdma_v41_m1_pcie2_to_pcie3_wrapper_i/pcie2_ip_i/inst/inst/gt_top_i/pipe_wrapper_i/pipe_clock_int.pipe_clock_i/refclk
    MMCME2_ADV_X0Y0      MMCME2_ADV (Prop_mmcme2_adv_CLKIN1_CLKOUT2)
                                                      0.050     1.100 r  XDMA/inst/xdma_v41_m1_pcie2_to_pcie3_wrapper_i/pcie2_ip_i/inst/inst/gt_top_i/pipe_wrapper_i/pipe_clock_int.pipe_clock_i/mmcm_i/CLKOUT2
                         net (fo=1, routed)           0.489     1.589    XDMA/inst/xdma_v41_m1_pcie2_to_pcie3_wrapper_i/pcie2_ip_i/inst/inst/gt_top_i/pipe_wrapper_i/pipe_clock_int.pipe_clock_i/userclk1
    BUFGCTRL_X0Y0        BUFG (Prop_bufg_I_O)         0.026     1.615 r  XDMA/inst/xdma_v41_m1_pcie2_to_pcie3_wrapper_i/pcie2_ip_i/inst/inst/gt_top_i/pipe_wrapper_i/pipe_clock_int.pipe_clock_i/userclk1_i1.usrclk1_i1/O
                         net (fo=18985, routed)       0.642     2.257    XDMA/inst/udma_wrapper/dma_top/dma_pcie_req/dma_pcie_rq/user_clk
    SLICE_X35Y106        FDRE                                         r  XDMA/inst/udma_wrapper/dma_top/dma_pcie_req/dma_pcie_rq/tlp_rrq_tag_ff_reg[0][2]/C
  -------------------------------------------------------------------    -------------------
    SLICE_X35Y106        FDRE (Prop_fdre_C_Q)         0.128     2.385 r  XDMA/inst/udma_wrapper/dma_top/dma_pcie_req/dma_pcie_rq/tlp_rrq_tag_ff_reg[0][2]/Q
                         net (fo=56, routed)          0.205     2.590    XDMA/inst/udma_wrapper/dma_top/dma_pcie_req/dma_pcie_rc/tag_rrq_chn_info_mem_even_reg_0_31_0_5/ADDRD1
    SLICE_X34Y106        RAMD32                                       r  XDMA/inst/udma_wrapper/dma_top/dma_pcie_req/dma_pcie_rc/tag_rrq_chn_info_mem_even_reg_0_31_0_5/RAMA_D1/WADR1
  -------------------------------------------------------------------    -------------------

                         (clock userclk1 rise edge)
                                                      0.000     0.000 r  
    GTPE2_CHANNEL_X0Y3   GTPE2_CHANNEL                0.000     0.000 r  XDMA/inst/xdma_v41_m1_pcie2_to_pcie3_wrapper_i/pcie2_ip_i/inst/inst/gt_top_i/pipe_wrapper_i/pipe_lane[0].gt_wrapper_i/gtp_channel.gtpe2_channel_i/TXOUTCLK
                         net (fo=1, routed)           0.509     0.509    XDMA/inst/xdma_v41_m1_pcie2_to_pcie3_wrapper_i/pcie2_ip_i/inst/inst/gt_top_i/pipe_wrapper_i/pipe_clock_int.pipe_clock_i/txoutclk_i.txoutclk_i_0
    BUFGCTRL_X0Y20       BUFG (Prop_bufg_I_O)         0.029     0.538 r  XDMA/inst/xdma_v41_m1_pcie2_to_pcie3_wrapper_i/pcie2_ip_i/inst/inst/gt_top_i/pipe_wrapper_i/pipe_clock_int.pipe_clock_i/txoutclk_i.txoutclk_i/O
                         net (fo=1, routed)           0.818     1.355    XDMA/inst/xdma_v41_m1_pcie2_to_pcie3_wrapper_i/pcie2_ip_i/inst/inst/gt_top_i/pipe_wrapper_i/pipe_clock_int.pipe_clock_i/refclk
    MMCME2_ADV_X0Y0      MMCME2_ADV (Prop_mmcme2_adv_CLKIN1_CLKOUT2)
                                                      0.053     1.408 r  XDMA/inst/xdma_v41_m1_pcie2_to_pcie3_wrapper_i/pcie2_ip_i/inst/inst/gt_top_i/pipe_wrapper_i/pipe_clock_int.pipe_clock_i/mmcm_i/CLKOUT2
                         net (fo=1, routed)           0.534     1.942    XDMA/inst/xdma_v41_m1_pcie2_to_pcie3_wrapper_i/pcie2_ip_i/inst/inst/gt_top_i/pipe_wrapper_i/pipe_clock_int.pipe_clock_i/userclk1
    BUFGCTRL_X0Y0        BUFG (Prop_bufg_I_O)         0.029     1.971 r  XDMA/inst/xdma_v41_m1_pcie2_to_pcie3_wrapper_i/pcie2_ip_i/inst/inst/gt_top_i/pipe_wrapper_i/pipe_clock_int.pipe_clock_i/userclk1_i1.usrclk1_i1/O
                         net (fo=18985, routed)       0.916     2.887    XDMA/inst/udma_wrapper/dma_top/dma_pcie_req/dma_pcie_rc/tag_rrq_chn_info_mem_even_reg_0_31_0_5/WCLK
    SLICE_X34Y106        RAMD32                                       r  XDMA/inst/udma_wrapper/dma_top/dma_pcie_req/dma_pcie_rc/tag_rrq_chn_info_mem_even_reg_0_31_0_5/RAMA_D1/CLK
                         clock pessimism             -0.617     2.270    
    SLICE_X34Y106        RAMD32 (Hold_ramd32_CLK_WADR1)
                                                      0.255     2.525    XDMA/inst/udma_wrapper/dma_top/dma_pcie_req/dma_pcie_rc/tag_rrq_chn_info_mem_even_reg_0_31_0_5/RAMA_D1
  -------------------------------------------------------------------
                         required time                         -2.525    
                         arrival time                           2.590    
  -------------------------------------------------------------------
                         slack                                  0.065    

Slack (MET) :             0.065ns  (arrival time - required time)
  Source:                 XDMA/inst/udma_wrapper/dma_top/dma_pcie_req/dma_pcie_rq/tlp_rrq_tag_ff_reg[0][2]/C
                            (rising edge-triggered cell FDRE clocked by userclk1  {rise@0.000ns fall@8.000ns period=16.000ns})
  Destination:            XDMA/inst/udma_wrapper/dma_top/dma_pcie_req/dma_pcie_rc/tag_rrq_chn_info_mem_even_reg_0_31_0_5/RAMB/WADR1
                            (rising edge-triggered cell RAMD32 clocked by userclk1  {rise@0.000ns fall@8.000ns period=16.000ns})
  Path Group:             userclk1
  Path Type:              Hold (Min at Fast Process Corner)
  Requirement:            0.000ns  (userclk1 rise@0.000ns - userclk1 rise@0.000ns)
  Data Path Delay:        0.333ns  (logic 0.128ns (38.405%)  route 0.205ns (61.595%))
  Logic Levels:           0  
  Clock Path Skew:        0.013ns (DCD - SCD - CPR)
    Destination Clock Delay (DCD):    2.887ns
    Source Clock Delay      (SCD):    2.257ns
    Clock Pessimism Removal (CPR):    0.617ns

    Location             Delay type                Incr(ns)  Path(ns)    Netlist Resource(s)
  -------------------------------------------------------------------    -------------------
                         (clock userclk1 rise edge)
                                                      0.000     0.000 r  
    GTPE2_CHANNEL_X0Y3   GTPE2_CHANNEL                0.000     0.000 r  XDMA/inst/xdma_v41_m1_pcie2_to_pcie3_wrapper_i/pcie2_ip_i/inst/inst/gt_top_i/pipe_wrapper_i/pipe_lane[0].gt_wrapper_i/gtp_channel.gtpe2_channel_i/TXOUTCLK
                         net (fo=1, routed)           0.473     0.473    XDMA/inst/xdma_v41_m1_pcie2_to_pcie3_wrapper_i/pcie2_ip_i/inst/inst/gt_top_i/pipe_wrapper_i/pipe_clock_int.pipe_clock_i/txoutclk_i.txoutclk_i_0
    BUFGCTRL_X0Y20       BUFG (Prop_bufg_I_O)         0.026     0.499 r  XDMA/inst/xdma_v41_m1_pcie2_to_pcie3_wrapper_i/pcie2_ip_i/inst/inst/gt_top_i/pipe_wrapper_i/pipe_clock_int.pipe_clock_i/txoutclk_i.txoutclk_i/O
                         net (fo=1, routed)           0.551     1.050    XDMA/inst/xdma_v41_m1_pcie2_to_pcie3_wrapper_i/pcie2_ip_i/inst/inst/gt_top_i/pipe_wrapper_i/pipe_clock_int.pipe_clock_i/refclk
    MMCME2_ADV_X0Y0      MMCME2_ADV (Prop_mmcme2_adv_CLKIN1_CLKOUT2)
                                                      0.050     1.100 r  XDMA/inst/xdma_v41_m1_pcie2_to_pcie3_wrapper_i/pcie2_ip_i/inst/inst/gt_top_i/pipe_wrapper_i/pipe_clock_int.pipe_clock_i/mmcm_i/CLKOUT2
                         net (fo=1, routed)           0.489     1.589    XDMA/inst/xdma_v41_m1_pcie2_to_pcie3_wrapper_i/pcie2_ip_i/inst/inst/gt_top_i/pipe_wrapper_i/pipe_clock_int.pipe_clock_i/userclk1
    BUFGCTRL_X0Y0        BUFG (Prop_bufg_I_O)         0.026     1.615 r  XDMA/inst/xdma_v41_m1_pcie2_to_pcie3_wrapper_i/pcie2_ip_i/inst/inst/gt_top_i/pipe_wrapper_i/pipe_clock_int.pipe_clock_i/userclk1_i1.usrclk1_i1/O
                         net (fo=18985, routed)       0.642     2.257    XDMA/inst/udma_wrapper/dma_top/dma_pcie_req/dma_pcie_rq/user_clk
    SLICE_X35Y106        FDRE                                         r  XDMA/inst/udma_wrapper/dma_top/dma_pcie_req/dma_pcie_rq/tlp_rrq_tag_ff_reg[0][2]/C
  -------------------------------------------------------------------    -------------------
    SLICE_X35Y106        FDRE (Prop_fdre_C_Q)         0.128     2.385 r  XDMA/inst/udma_wrapper/dma_top/dma_pcie_req/dma_pcie_rq/tlp_rrq_tag_ff_reg[0][2]/Q
                         net (fo=56, routed)          0.205     2.590    XDMA/inst/udma_wrapper/dma_top/dma_pcie_req/dma_pcie_rc/tag_rrq_chn_info_mem_even_reg_0_31_0_5/ADDRD1
    SLICE_X34Y106        RAMD32                                       r  XDMA/inst/udma_wrapper/dma_top/dma_pcie_req/dma_pcie_rc/tag_rrq_chn_info_mem_even_reg_0_31_0_5/RAMB/WADR1
  -------------------------------------------------------------------    -------------------

                         (clock userclk1 rise edge)
                                                      0.000     0.000 r  
    GTPE2_CHANNEL_X0Y3   GTPE2_CHANNEL                0.000     0.000 r  XDMA/inst/xdma_v41_m1_pcie2_to_pcie3_wrapper_i/pcie2_ip_i/inst/inst/gt_top_i/pipe_wrapper_i/pipe_lane[0].gt_wrapper_i/gtp_channel.gtpe2_channel_i/TXOUTCLK
                         net (fo=1, routed)           0.509     0.509    XDMA/inst/xdma_v41_m1_pcie2_to_pcie3_wrapper_i/pcie2_ip_i/inst/inst/gt_top_i/pipe_wrapper_i/pipe_clock_int.pipe_clock_i/txoutclk_i.txoutclk_i_0
    BUFGCTRL_X0Y20       BUFG (Prop_bufg_I_O)         0.029     0.538 r  XDMA/inst/xdma_v41_m1_pcie2_to_pcie3_wrapper_i/pcie2_ip_i/inst/inst/gt_top_i/pipe_wrapper_i/pipe_clock_int.pipe_clock_i/txoutclk_i.txoutclk_i/O
                         net (fo=1, routed)           0.818     1.355    XDMA/inst/xdma_v41_m1_pcie2_to_pcie3_wrapper_i/pcie2_ip_i/inst/inst/gt_top_i/pipe_wrapper_i/pipe_clock_int.pipe_clock_i/refclk
    MMCME2_ADV_X0Y0      MMCME2_ADV (Prop_mmcme2_adv_CLKIN1_CLKOUT2)
                                                      0.053     1.408 r  XDMA/inst/xdma_v41_m1_pcie2_to_pcie3_wrapper_i/pcie2_ip_i/inst/inst/gt_top_i/pipe_wrapper_i/pipe_clock_int.pipe_clock_i/mmcm_i/CLKOUT2
                         net (fo=1, routed)           0.534     1.942    XDMA/inst/xdma_v41_m1_pcie2_to_pcie3_wrapper_i/pcie2_ip_i/inst/inst/gt_top_i/pipe_wrapper_i/pipe_clock_int.pipe_clock_i/userclk1
    BUFGCTRL_X0Y0        BUFG (Prop_bufg_I_O)         0.029     1.971 r  XDMA/inst/xdma_v41_m1_pcie2_to_pcie3_wrapper_i/pcie2_ip_i/inst/inst/gt_top_i/pipe_wrapper_i/pipe_clock_int.pipe_clock_i/userclk1_i1.usrclk1_i1/O
                         net (fo=18985, routed)       0.916     2.887    XDMA/inst/udma_wrapper/dma_top/dma_pcie_req/dma_pcie_rc/tag_rrq_chn_info_mem_even_reg_0_31_0_5/WCLK
    SLICE_X34Y106        RAMD32                                       r  XDMA/inst/udma_wrapper/dma_top/dma_pcie_req/dma_pcie_rc/tag_rrq_chn_info_mem_even_reg_0_31_0_5/RAMB/CLK
                         clock pessimism             -0.617     2.270    
    SLICE_X34Y106        RAMD32 (Hold_ramd32_CLK_WADR1)
                                                      0.255     2.525    XDMA/inst/udma_wrapper/dma_top/dma_pcie_req/dma_pcie_rc/tag_rrq_chn_info_mem_even_reg_0_31_0_5/RAMB
  -------------------------------------------------------------------
                         required time                         -2.525    
                         arrival time                           2.590    
  -------------------------------------------------------------------
                         slack                                  0.065    

Slack (MET) :             0.065ns  (arrival time - required time)
  Source:                 XDMA/inst/udma_wrapper/dma_top/dma_pcie_req/dma_pcie_rq/tlp_rrq_tag_ff_reg[0][2]/C
                            (rising edge-triggered cell FDRE clocked by userclk1  {rise@0.000ns fall@8.000ns period=16.000ns})
  Destination:            XDMA/inst/udma_wrapper/dma_top/dma_pcie_req/dma_pcie_rc/tag_rrq_chn_info_mem_even_reg_0_31_0_5/RAMB_D1/WADR1
                            (rising edge-triggered cell RAMD32 clocked by userclk1  {rise@0.000ns fall@8.000ns period=16.000ns})
  Path Group:             userclk1
  Path Type:              Hold (Min at Fast Process Corner)
  Requirement:            0.000ns  (userclk1 rise@0.000ns - userclk1 rise@0.000ns)
  Data Path Delay:        0.333ns  (logic 0.128ns (38.405%)  route 0.205ns (61.595%))
  Logic Levels:           0  
  Clock Path Skew:        0.013ns (DCD - SCD - CPR)
    Destination Clock Delay (DCD):    2.887ns
    Source Clock Delay      (SCD):    2.257ns
    Clock Pessimism Removal (CPR):    0.617ns

    Location             Delay type                Incr(ns)  Path(ns)    Netlist Resource(s)
  -------------------------------------------------------------------    -------------------
                         (clock userclk1 rise edge)
                                                      0.000     0.000 r  
    GTPE2_CHANNEL_X0Y3   GTPE2_CHANNEL                0.000     0.000 r  XDMA/inst/xdma_v41_m1_pcie2_to_pcie3_wrapper_i/pcie2_ip_i/inst/inst/gt_top_i/pipe_wrapper_i/pipe_lane[0].gt_wrapper_i/gtp_channel.gtpe2_channel_i/TXOUTCLK
                         net (fo=1, routed)           0.473     0.473    XDMA/inst/xdma_v41_m1_pcie2_to_pcie3_wrapper_i/pcie2_ip_i/inst/inst/gt_top_i/pipe_wrapper_i/pipe_clock_int.pipe_clock_i/txoutclk_i.txoutclk_i_0
    BUFGCTRL_X0Y20       BUFG (Prop_bufg_I_O)         0.026     0.499 r  XDMA/inst/xdma_v41_m1_pcie2_to_pcie3_wrapper_i/pcie2_ip_i/inst/inst/gt_top_i/pipe_wrapper_i/pipe_clock_int.pipe_clock_i/txoutclk_i.txoutclk_i/O
                         net (fo=1, routed)           0.551     1.050    XDMA/inst/xdma_v41_m1_pcie2_to_pcie3_wrapper_i/pcie2_ip_i/inst/inst/gt_top_i/pipe_wrapper_i/pipe_clock_int.pipe_clock_i/refclk
    MMCME2_ADV_X0Y0      MMCME2_ADV (Prop_mmcme2_adv_CLKIN1_CLKOUT2)
                                                      0.050     1.100 r  XDMA/inst/xdma_v41_m1_pcie2_to_pcie3_wrapper_i/pcie2_ip_i/inst/inst/gt_top_i/pipe_wrapper_i/pipe_clock_int.pipe_clock_i/mmcm_i/CLKOUT2
                         net (fo=1, routed)           0.489     1.589    XDMA/inst/xdma_v41_m1_pcie2_to_pcie3_wrapper_i/pcie2_ip_i/inst/inst/gt_top_i/pipe_wrapper_i/pipe_clock_int.pipe_clock_i/userclk1
    BUFGCTRL_X0Y0        BUFG (Prop_bufg_I_O)         0.026     1.615 r  XDMA/inst/xdma_v41_m1_pcie2_to_pcie3_wrapper_i/pcie2_ip_i/inst/inst/gt_top_i/pipe_wrapper_i/pipe_clock_int.pipe_clock_i/userclk1_i1.usrclk1_i1/O
                         net (fo=18985, routed)       0.642     2.257    XDMA/inst/udma_wrapper/dma_top/dma_pcie_req/dma_pcie_rq/user_clk
    SLICE_X35Y106        FDRE                                         r  XDMA/inst/udma_wrapper/dma_top/dma_pcie_req/dma_pcie_rq/tlp_rrq_tag_ff_reg[0][2]/C
  -------------------------------------------------------------------    -------------------
    SLICE_X35Y106        FDRE (Prop_fdre_C_Q)         0.128     2.385 r  XDMA/inst/udma_wrapper/dma_top/dma_pcie_req/dma_pcie_rq/tlp_rrq_tag_ff_reg[0][2]/Q
                         net (fo=56, routed)          0.205     2.590    XDMA/inst/udma_wrapper/dma_top/dma_pcie_req/dma_pcie_rc/tag_rrq_chn_info_mem_even_reg_0_31_0_5/ADDRD1
    SLICE_X34Y106        RAMD32                                       r  XDMA/inst/udma_wrapper/dma_top/dma_pcie_req/dma_pcie_rc/tag_rrq_chn_info_mem_even_reg_0_31_0_5/RAMB_D1/WADR1
  -------------------------------------------------------------------    -------------------

                         (clock userclk1 rise edge)
                                                      0.000     0.000 r  
    GTPE2_CHANNEL_X0Y3   GTPE2_CHANNEL                0.000     0.000 r  XDMA/inst/xdma_v41_m1_pcie2_to_pcie3_wrapper_i/pcie2_ip_i/inst/inst/gt_top_i/pipe_wrapper_i/pipe_lane[0].gt_wrapper_i/gtp_channel.gtpe2_channel_i/TXOUTCLK
                         net (fo=1, routed)           0.509     0.509    XDMA/inst/xdma_v41_m1_pcie2_to_pcie3_wrapper_i/pcie2_ip_i/inst/inst/gt_top_i/pipe_wrapper_i/pipe_clock_int.pipe_clock_i/txoutclk_i.txoutclk_i_0
    BUFGCTRL_X0Y20       BUFG (Prop_bufg_I_O)         0.029     0.538 r  XDMA/inst/xdma_v41_m1_pcie2_to_pcie3_wrapper_i/pcie2_ip_i/inst/inst/gt_top_i/pipe_wrapper_i/pipe_clock_int.pipe_clock_i/txoutclk_i.txoutclk_i/O
                         net (fo=1, routed)           0.818     1.355    XDMA/inst/xdma_v41_m1_pcie2_to_pcie3_wrapper_i/pcie2_ip_i/inst/inst/gt_top_i/pipe_wrapper_i/pipe_clock_int.pipe_clock_i/refclk
    MMCME2_ADV_X0Y0      MMCME2_ADV (Prop_mmcme2_adv_CLKIN1_CLKOUT2)
                                                      0.053     1.408 r  XDMA/inst/xdma_v41_m1_pcie2_to_pcie3_wrapper_i/pcie2_ip_i/inst/inst/gt_top_i/pipe_wrapper_i/pipe_clock_int.pipe_clock_i/mmcm_i/CLKOUT2
                         net (fo=1, routed)           0.534     1.942    XDMA/inst/xdma_v41_m1_pcie2_to_pcie3_wrapper_i/pcie2_ip_i/inst/inst/gt_top_i/pipe_wrapper_i/pipe_clock_int.pipe_clock_i/userclk1
    BUFGCTRL_X0Y0        BUFG (Prop_bufg_I_O)         0.029     1.971 r  XDMA/inst/xdma_v41_m1_pcie2_to_pcie3_wrapper_i/pcie2_ip_i/inst/inst/gt_top_i/pipe_wrapper_i/pipe_clock_int.pipe_clock_i/userclk1_i1.usrclk1_i1/O
                         net (fo=18985, routed)       0.916     2.887    XDMA/inst/udma_wrapper/dma_top/dma_pcie_req/dma_pcie_rc/tag_rrq_chn_info_mem_even_reg_0_31_0_5/WCLK
    SLICE_X34Y106        RAMD32                                       r  XDMA/inst/udma_wrapper/dma_top/dma_pcie_req/dma_pcie_rc/tag_rrq_chn_info_mem_even_reg_0_31_0_5/RAMB_D1/CLK
                         clock pessimism             -0.617     2.270    
    SLICE_X34Y106        RAMD32 (Hold_ramd32_CLK_WADR1)
                                                      0.255     2.525    XDMA/inst/udma_wrapper/dma_top/dma_pcie_req/dma_pcie_rc/tag_rrq_chn_info_mem_even_reg_0_31_0_5/RAMB_D1
  -------------------------------------------------------------------
                         required time                         -2.525    
                         arrival time                           2.590    
  -------------------------------------------------------------------
                         slack                                  0.065    

Slack (MET) :             0.065ns  (arrival time - required time)
  Source:                 XDMA/inst/udma_wrapper/dma_top/dma_pcie_req/dma_pcie_rq/tlp_rrq_tag_ff_reg[0][2]/C
                            (rising edge-triggered cell FDRE clocked by userclk1  {rise@0.000ns fall@8.000ns period=16.000ns})
  Destination:            XDMA/inst/udma_wrapper/dma_top/dma_pcie_req/dma_pcie_rc/tag_rrq_chn_info_mem_even_reg_0_31_0_5/RAMC/WADR1
                            (rising edge-triggered cell RAMD32 clocked by userclk1  {rise@0.000ns fall@8.000ns period=16.000ns})
  Path Group:             userclk1
  Path Type:              Hold (Min at Fast Process Corner)
  Requirement:            0.000ns  (userclk1 rise@0.000ns - userclk1 rise@0.000ns)
  Data Path Delay:        0.333ns  (logic 0.128ns (38.405%)  route 0.205ns (61.595%))
  Logic Levels:           0  
  Clock Path Skew:        0.013ns (DCD - SCD - CPR)
    Destination Clock Delay (DCD):    2.887ns
    Source Clock Delay      (SCD):    2.257ns
    Clock Pessimism Removal (CPR):    0.617ns

    Location             Delay type                Incr(ns)  Path(ns)    Netlist Resource(s)
  -------------------------------------------------------------------    -------------------
                         (clock userclk1 rise edge)
                                                      0.000     0.000 r  
    GTPE2_CHANNEL_X0Y3   GTPE2_CHANNEL                0.000     0.000 r  XDMA/inst/xdma_v41_m1_pcie2_to_pcie3_wrapper_i/pcie2_ip_i/inst/inst/gt_top_i/pipe_wrapper_i/pipe_lane[0].gt_wrapper_i/gtp_channel.gtpe2_channel_i/TXOUTCLK
                         net (fo=1, routed)           0.473     0.473    XDMA/inst/xdma_v41_m1_pcie2_to_pcie3_wrapper_i/pcie2_ip_i/inst/inst/gt_top_i/pipe_wrapper_i/pipe_clock_int.pipe_clock_i/txoutclk_i.txoutclk_i_0
    BUFGCTRL_X0Y20       BUFG (Prop_bufg_I_O)         0.026     0.499 r  XDMA/inst/xdma_v41_m1_pcie2_to_pcie3_wrapper_i/pcie2_ip_i/inst/inst/gt_top_i/pipe_wrapper_i/pipe_clock_int.pipe_clock_i/txoutclk_i.txoutclk_i/O
                         net (fo=1, routed)           0.551     1.050    XDMA/inst/xdma_v41_m1_pcie2_to_pcie3_wrapper_i/pcie2_ip_i/inst/inst/gt_top_i/pipe_wrapper_i/pipe_clock_int.pipe_clock_i/refclk
    MMCME2_ADV_X0Y0      MMCME2_ADV (Prop_mmcme2_adv_CLKIN1_CLKOUT2)
                                                      0.050     1.100 r  XDMA/inst/xdma_v41_m1_pcie2_to_pcie3_wrapper_i/pcie2_ip_i/inst/inst/gt_top_i/pipe_wrapper_i/pipe_clock_int.pipe_clock_i/mmcm_i/CLKOUT2
                         net (fo=1, routed)           0.489     1.589    XDMA/inst/xdma_v41_m1_pcie2_to_pcie3_wrapper_i/pcie2_ip_i/inst/inst/gt_top_i/pipe_wrapper_i/pipe_clock_int.pipe_clock_i/userclk1
    BUFGCTRL_X0Y0        BUFG (Prop_bufg_I_O)         0.026     1.615 r  XDMA/inst/xdma_v41_m1_pcie2_to_pcie3_wrapper_i/pcie2_ip_i/inst/inst/gt_top_i/pipe_wrapper_i/pipe_clock_int.pipe_clock_i/userclk1_i1.usrclk1_i1/O
                         net (fo=18985, routed)       0.642     2.257    XDMA/inst/udma_wrapper/dma_top/dma_pcie_req/dma_pcie_rq/user_clk
    SLICE_X35Y106        FDRE                                         r  XDMA/inst/udma_wrapper/dma_top/dma_pcie_req/dma_pcie_rq/tlp_rrq_tag_ff_reg[0][2]/C
  -------------------------------------------------------------------    -------------------
    SLICE_X35Y106        FDRE (Prop_fdre_C_Q)         0.128     2.385 r  XDMA/inst/udma_wrapper/dma_top/dma_pcie_req/dma_pcie_rq/tlp_rrq_tag_ff_reg[0][2]/Q
                         net (fo=56, routed)          0.205     2.590    XDMA/inst/udma_wrapper/dma_top/dma_pcie_req/dma_pcie_rc/tag_rrq_chn_info_mem_even_reg_0_31_0_5/ADDRD1
    SLICE_X34Y106        RAMD32                                       r  XDMA/inst/udma_wrapper/dma_top/dma_pcie_req/dma_pcie_rc/tag_rrq_chn_info_mem_even_reg_0_31_0_5/RAMC/WADR1
  -------------------------------------------------------------------    -------------------

                         (clock userclk1 rise edge)
                                                      0.000     0.000 r  
    GTPE2_CHANNEL_X0Y3   GTPE2_CHANNEL                0.000     0.000 r  XDMA/inst/xdma_v41_m1_pcie2_to_pcie3_wrapper_i/pcie2_ip_i/inst/inst/gt_top_i/pipe_wrapper_i/pipe_lane[0].gt_wrapper_i/gtp_channel.gtpe2_channel_i/TXOUTCLK
                         net (fo=1, routed)           0.509     0.509    XDMA/inst/xdma_v41_m1_pcie2_to_pcie3_wrapper_i/pcie2_ip_i/inst/inst/gt_top_i/pipe_wrapper_i/pipe_clock_int.pipe_clock_i/txoutclk_i.txoutclk_i_0
    BUFGCTRL_X0Y20       BUFG (Prop_bufg_I_O)         0.029     0.538 r  XDMA/inst/xdma_v41_m1_pcie2_to_pcie3_wrapper_i/pcie2_ip_i/inst/inst/gt_top_i/pipe_wrapper_i/pipe_clock_int.pipe_clock_i/txoutclk_i.txoutclk_i/O
                         net (fo=1, routed)           0.818     1.355    XDMA/inst/xdma_v41_m1_pcie2_to_pcie3_wrapper_i/pcie2_ip_i/inst/inst/gt_top_i/pipe_wrapper_i/pipe_clock_int.pipe_clock_i/refclk
    MMCME2_ADV_X0Y0      MMCME2_ADV (Prop_mmcme2_adv_CLKIN1_CLKOUT2)
                                                      0.053     1.408 r  XDMA/inst/xdma_v41_m1_pcie2_to_pcie3_wrapper_i/pcie2_ip_i/inst/inst/gt_top_i/pipe_wrapper_i/pipe_clock_int.pipe_clock_i/mmcm_i/CLKOUT2
                         net (fo=1, routed)           0.534     1.942    XDMA/inst/xdma_v41_m1_pcie2_to_pcie3_wrapper_i/pcie2_ip_i/inst/inst/gt_top_i/pipe_wrapper_i/pipe_clock_int.pipe_clock_i/userclk1
    BUFGCTRL_X0Y0        BUFG (Prop_bufg_I_O)         0.029     1.971 r  XDMA/inst/xdma_v41_m1_pcie2_to_pcie3_wrapper_i/pcie2_ip_i/inst/inst/gt_top_i/pipe_wrapper_i/pipe_clock_int.pipe_clock_i/userclk1_i1.usrclk1_i1/O
                         net (fo=18985, routed)       0.916     2.887    XDMA/inst/udma_wrapper/dma_top/dma_pcie_req/dma_pcie_rc/tag_rrq_chn_info_mem_even_reg_0_31_0_5/WCLK
    SLICE_X34Y106        RAMD32                                       r  XDMA/inst/udma_wrapper/dma_top/dma_pcie_req/dma_pcie_rc/tag_rrq_chn_info_mem_even_reg_0_31_0_5/RAMC/CLK
                         clock pessimism             -0.617     2.270    
    SLICE_X34Y106        RAMD32 (Hold_ramd32_CLK_WADR1)
                                                      0.255     2.525    XDMA/inst/udma_wrapper/dma_top/dma_pcie_req/dma_pcie_rc/tag_rrq_chn_info_mem_even_reg_0_31_0_5/RAMC
  -------------------------------------------------------------------
                         required time                         -2.525    
                         arrival time                           2.590    
  -------------------------------------------------------------------
                         slack                                  0.065    

Slack (MET) :             0.065ns  (arrival time - required time)
  Source:                 XDMA/inst/udma_wrapper/dma_top/dma_pcie_req/dma_pcie_rq/tlp_rrq_tag_ff_reg[0][2]/C
                            (rising edge-triggered cell FDRE clocked by userclk1  {rise@0.000ns fall@8.000ns period=16.000ns})
  Destination:            XDMA/inst/udma_wrapper/dma_top/dma_pcie_req/dma_pcie_rc/tag_rrq_chn_info_mem_even_reg_0_31_0_5/RAMC_D1/WADR1
                            (rising edge-triggered cell RAMD32 clocked by userclk1  {rise@0.000ns fall@8.000ns period=16.000ns})
  Path Group:             userclk1
  Path Type:              Hold (Min at Fast Process Corner)
  Requirement:            0.000ns  (userclk1 rise@0.000ns - userclk1 rise@0.000ns)
  Data Path Delay:        0.333ns  (logic 0.128ns (38.405%)  route 0.205ns (61.595%))
  Logic Levels:           0  
  Clock Path Skew:        0.013ns (DCD - SCD - CPR)
    Destination Clock Delay (DCD):    2.887ns
    Source Clock Delay      (SCD):    2.257ns
    Clock Pessimism Removal (CPR):    0.617ns

    Location             Delay type                Incr(ns)  Path(ns)    Netlist Resource(s)
  -------------------------------------------------------------------    -------------------
                         (clock userclk1 rise edge)
                                                      0.000     0.000 r  
    GTPE2_CHANNEL_X0Y3   GTPE2_CHANNEL                0.000     0.000 r  XDMA/inst/xdma_v41_m1_pcie2_to_pcie3_wrapper_i/pcie2_ip_i/inst/inst/gt_top_i/pipe_wrapper_i/pipe_lane[0].gt_wrapper_i/gtp_channel.gtpe2_channel_i/TXOUTCLK
                         net (fo=1, routed)           0.473     0.473    XDMA/inst/xdma_v41_m1_pcie2_to_pcie3_wrapper_i/pcie2_ip_i/inst/inst/gt_top_i/pipe_wrapper_i/pipe_clock_int.pipe_clock_i/txoutclk_i.txoutclk_i_0
    BUFGCTRL_X0Y20       BUFG (Prop_bufg_I_O)         0.026     0.499 r  XDMA/inst/xdma_v41_m1_pcie2_to_pcie3_wrapper_i/pcie2_ip_i/inst/inst/gt_top_i/pipe_wrapper_i/pipe_clock_int.pipe_clock_i/txoutclk_i.txoutclk_i/O
                         net (fo=1, routed)           0.551     1.050    XDMA/inst/xdma_v41_m1_pcie2_to_pcie3_wrapper_i/pcie2_ip_i/inst/inst/gt_top_i/pipe_wrapper_i/pipe_clock_int.pipe_clock_i/refclk
    MMCME2_ADV_X0Y0      MMCME2_ADV (Prop_mmcme2_adv_CLKIN1_CLKOUT2)
                                                      0.050     1.100 r  XDMA/inst/xdma_v41_m1_pcie2_to_pcie3_wrapper_i/pcie2_ip_i/inst/inst/gt_top_i/pipe_wrapper_i/pipe_clock_int.pipe_clock_i/mmcm_i/CLKOUT2
                         net (fo=1, routed)           0.489     1.589    XDMA/inst/xdma_v41_m1_pcie2_to_pcie3_wrapper_i/pcie2_ip_i/inst/inst/gt_top_i/pipe_wrapper_i/pipe_clock_int.pipe_clock_i/userclk1
    BUFGCTRL_X0Y0        BUFG (Prop_bufg_I_O)         0.026     1.615 r  XDMA/inst/xdma_v41_m1_pcie2_to_pcie3_wrapper_i/pcie2_ip_i/inst/inst/gt_top_i/pipe_wrapper_i/pipe_clock_int.pipe_clock_i/userclk1_i1.usrclk1_i1/O
                         net (fo=18985, routed)       0.642     2.257    XDMA/inst/udma_wrapper/dma_top/dma_pcie_req/dma_pcie_rq/user_clk
    SLICE_X35Y106        FDRE                                         r  XDMA/inst/udma_wrapper/dma_top/dma_pcie_req/dma_pcie_rq/tlp_rrq_tag_ff_reg[0][2]/C
  -------------------------------------------------------------------    -------------------
    SLICE_X35Y106        FDRE (Prop_fdre_C_Q)         0.128     2.385 r  XDMA/inst/udma_wrapper/dma_top/dma_pcie_req/dma_pcie_rq/tlp_rrq_tag_ff_reg[0][2]/Q
                         net (fo=56, routed)          0.205     2.590    XDMA/inst/udma_wrapper/dma_top/dma_pcie_req/dma_pcie_rc/tag_rrq_chn_info_mem_even_reg_0_31_0_5/ADDRD1
    SLICE_X34Y106        RAMD32                                       r  XDMA/inst/udma_wrapper/dma_top/dma_pcie_req/dma_pcie_rc/tag_rrq_chn_info_mem_even_reg_0_31_0_5/RAMC_D1/WADR1
  -------------------------------------------------------------------    -------------------

                         (clock userclk1 rise edge)
                                                      0.000     0.000 r  
    GTPE2_CHANNEL_X0Y3   GTPE2_CHANNEL                0.000     0.000 r  XDMA/inst/xdma_v41_m1_pcie2_to_pcie3_wrapper_i/pcie2_ip_i/inst/inst/gt_top_i/pipe_wrapper_i/pipe_lane[0].gt_wrapper_i/gtp_channel.gtpe2_channel_i/TXOUTCLK
                         net (fo=1, routed)           0.509     0.509    XDMA/inst/xdma_v41_m1_pcie2_to_pcie3_wrapper_i/pcie2_ip_i/inst/inst/gt_top_i/pipe_wrapper_i/pipe_clock_int.pipe_clock_i/txoutclk_i.txoutclk_i_0
    BUFGCTRL_X0Y20       BUFG (Prop_bufg_I_O)         0.029     0.538 r  XDMA/inst/xdma_v41_m1_pcie2_to_pcie3_wrapper_i/pcie2_ip_i/inst/inst/gt_top_i/pipe_wrapper_i/pipe_clock_int.pipe_clock_i/txoutclk_i.txoutclk_i/O
                         net (fo=1, routed)           0.818     1.355    XDMA/inst/xdma_v41_m1_pcie2_to_pcie3_wrapper_i/pcie2_ip_i/inst/inst/gt_top_i/pipe_wrapper_i/pipe_clock_int.pipe_clock_i/refclk
    MMCME2_ADV_X0Y0      MMCME2_ADV (Prop_mmcme2_adv_CLKIN1_CLKOUT2)
                                                      0.053     1.408 r  XDMA/inst/xdma_v41_m1_pcie2_to_pcie3_wrapper_i/pcie2_ip_i/inst/inst/gt_top_i/pipe_wrapper_i/pipe_clock_int.pipe_clock_i/mmcm_i/CLKOUT2
                         net (fo=1, routed)           0.534     1.942    XDMA/inst/xdma_v41_m1_pcie2_to_pcie3_wrapper_i/pcie2_ip_i/inst/inst/gt_top_i/pipe_wrapper_i/pipe_clock_int.pipe_clock_i/userclk1
    BUFGCTRL_X0Y0        BUFG (Prop_bufg_I_O)         0.029     1.971 r  XDMA/inst/xdma_v41_m1_pcie2_to_pcie3_wrapper_i/pcie2_ip_i/inst/inst/gt_top_i/pipe_wrapper_i/pipe_clock_int.pipe_clock_i/userclk1_i1.usrclk1_i1/O
                         net (fo=18985, routed)       0.916     2.887    XDMA/inst/udma_wrapper/dma_top/dma_pcie_req/dma_pcie_rc/tag_rrq_chn_info_mem_even_reg_0_31_0_5/WCLK
    SLICE_X34Y106        RAMD32                                       r  XDMA/inst/udma_wrapper/dma_top/dma_pcie_req/dma_pcie_rc/tag_rrq_chn_info_mem_even_reg_0_31_0_5/RAMC_D1/CLK
                         clock pessimism             -0.617     2.270    
    SLICE_X34Y106        RAMD32 (Hold_ramd32_CLK_WADR1)
                                                      0.255     2.525    XDMA/inst/udma_wrapper/dma_top/dma_pcie_req/dma_pcie_rc/tag_rrq_chn_info_mem_even_reg_0_31_0_5/RAMC_D1
  -------------------------------------------------------------------
                         required time                         -2.525    
                         arrival time                           2.590    
  -------------------------------------------------------------------
                         slack                                  0.065    

Slack (MET) :             0.065ns  (arrival time - required time)
  Source:                 XDMA/inst/udma_wrapper/dma_top/dma_pcie_req/dma_pcie_rq/tlp_rrq_tag_ff_reg[0][2]/C
                            (rising edge-triggered cell FDRE clocked by userclk1  {rise@0.000ns fall@8.000ns period=16.000ns})
  Destination:            XDMA/inst/udma_wrapper/dma_top/dma_pcie_req/dma_pcie_rc/tag_rrq_chn_info_mem_even_reg_0_31_0_5/RAMD/ADR1
                            (rising edge-triggered cell RAMS32 clocked by userclk1  {rise@0.000ns fall@8.000ns period=16.000ns})
  Path Group:             userclk1
  Path Type:              Hold (Min at Fast Process Corner)
  Requirement:            0.000ns  (userclk1 rise@0.000ns - userclk1 rise@0.000ns)
  Data Path Delay:        0.333ns  (logic 0.128ns (38.405%)  route 0.205ns (61.595%))
  Logic Levels:           0  
  Clock Path Skew:        0.013ns (DCD - SCD - CPR)
    Destination Clock Delay (DCD):    2.887ns
    Source Clock Delay      (SCD):    2.257ns
    Clock Pessimism Removal (CPR):    0.617ns

    Location             Delay type                Incr(ns)  Path(ns)    Netlist Resource(s)
  -------------------------------------------------------------------    -------------------
                         (clock userclk1 rise edge)
                                                      0.000     0.000 r  
    GTPE2_CHANNEL_X0Y3   GTPE2_CHANNEL                0.000     0.000 r  XDMA/inst/xdma_v41_m1_pcie2_to_pcie3_wrapper_i/pcie2_ip_i/inst/inst/gt_top_i/pipe_wrapper_i/pipe_lane[0].gt_wrapper_i/gtp_channel.gtpe2_channel_i/TXOUTCLK
                         net (fo=1, routed)           0.473     0.473    XDMA/inst/xdma_v41_m1_pcie2_to_pcie3_wrapper_i/pcie2_ip_i/inst/inst/gt_top_i/pipe_wrapper_i/pipe_clock_int.pipe_clock_i/txoutclk_i.txoutclk_i_0
    BUFGCTRL_X0Y20       BUFG (Prop_bufg_I_O)         0.026     0.499 r  XDMA/inst/xdma_v41_m1_pcie2_to_pcie3_wrapper_i/pcie2_ip_i/inst/inst/gt_top_i/pipe_wrapper_i/pipe_clock_int.pipe_clock_i/txoutclk_i.txoutclk_i/O
                         net (fo=1, routed)           0.551     1.050    XDMA/inst/xdma_v41_m1_pcie2_to_pcie3_wrapper_i/pcie2_ip_i/inst/inst/gt_top_i/pipe_wrapper_i/pipe_clock_int.pipe_clock_i/refclk
    MMCME2_ADV_X0Y0      MMCME2_ADV (Prop_mmcme2_adv_CLKIN1_CLKOUT2)
                                                      0.050     1.100 r  XDMA/inst/xdma_v41_m1_pcie2_to_pcie3_wrapper_i/pcie2_ip_i/inst/inst/gt_top_i/pipe_wrapper_i/pipe_clock_int.pipe_clock_i/mmcm_i/CLKOUT2
                         net (fo=1, routed)           0.489     1.589    XDMA/inst/xdma_v41_m1_pcie2_to_pcie3_wrapper_i/pcie2_ip_i/inst/inst/gt_top_i/pipe_wrapper_i/pipe_clock_int.pipe_clock_i/userclk1
    BUFGCTRL_X0Y0        BUFG (Prop_bufg_I_O)         0.026     1.615 r  XDMA/inst/xdma_v41_m1_pcie2_to_pcie3_wrapper_i/pcie2_ip_i/inst/inst/gt_top_i/pipe_wrapper_i/pipe_clock_int.pipe_clock_i/userclk1_i1.usrclk1_i1/O
                         net (fo=18985, routed)       0.642     2.257    XDMA/inst/udma_wrapper/dma_top/dma_pcie_req/dma_pcie_rq/user_clk
    SLICE_X35Y106        FDRE                                         r  XDMA/inst/udma_wrapper/dma_top/dma_pcie_req/dma_pcie_rq/tlp_rrq_tag_ff_reg[0][2]/C
  -------------------------------------------------------------------    -------------------
    SLICE_X35Y106        FDRE (Prop_fdre_C_Q)         0.128     2.385 r  XDMA/inst/udma_wrapper/dma_top/dma_pcie_req/dma_pcie_rq/tlp_rrq_tag_ff_reg[0][2]/Q
                         net (fo=56, routed)          0.205     2.590    XDMA/inst/udma_wrapper/dma_top/dma_pcie_req/dma_pcie_rc/tag_rrq_chn_info_mem_even_reg_0_31_0_5/ADDRD1
    SLICE_X34Y106        RAMS32                                       r  XDMA/inst/udma_wrapper/dma_top/dma_pcie_req/dma_pcie_rc/tag_rrq_chn_info_mem_even_reg_0_31_0_5/RAMD/ADR1
  -------------------------------------------------------------------    -------------------

                         (clock userclk1 rise edge)
                                                      0.000     0.000 r  
    GTPE2_CHANNEL_X0Y3   GTPE2_CHANNEL                0.000     0.000 r  XDMA/inst/xdma_v41_m1_pcie2_to_pcie3_wrapper_i/pcie2_ip_i/inst/inst/gt_top_i/pipe_wrapper_i/pipe_lane[0].gt_wrapper_i/gtp_channel.gtpe2_channel_i/TXOUTCLK
                         net (fo=1, routed)           0.509     0.509    XDMA/inst/xdma_v41_m1_pcie2_to_pcie3_wrapper_i/pcie2_ip_i/inst/inst/gt_top_i/pipe_wrapper_i/pipe_clock_int.pipe_clock_i/txoutclk_i.txoutclk_i_0
    BUFGCTRL_X0Y20       BUFG (Prop_bufg_I_O)         0.029     0.538 r  XDMA/inst/xdma_v41_m1_pcie2_to_pcie3_wrapper_i/pcie2_ip_i/inst/inst/gt_top_i/pipe_wrapper_i/pipe_clock_int.pipe_clock_i/txoutclk_i.txoutclk_i/O
                         net (fo=1, routed)           0.818     1.355    XDMA/inst/xdma_v41_m1_pcie2_to_pcie3_wrapper_i/pcie2_ip_i/inst/inst/gt_top_i/pipe_wrapper_i/pipe_clock_int.pipe_clock_i/refclk
    MMCME2_ADV_X0Y0      MMCME2_ADV (Prop_mmcme2_adv_CLKIN1_CLKOUT2)
                                                      0.053     1.408 r  XDMA/inst/xdma_v41_m1_pcie2_to_pcie3_wrapper_i/pcie2_ip_i/inst/inst/gt_top_i/pipe_wrapper_i/pipe_clock_int.pipe_clock_i/mmcm_i/CLKOUT2
                         net (fo=1, routed)           0.534     1.942    XDMA/inst/xdma_v41_m1_pcie2_to_pcie3_wrapper_i/pcie2_ip_i/inst/inst/gt_top_i/pipe_wrapper_i/pipe_clock_int.pipe_clock_i/userclk1
    BUFGCTRL_X0Y0        BUFG (Prop_bufg_I_O)         0.029     1.971 r  XDMA/inst/xdma_v41_m1_pcie2_to_pcie3_wrapper_i/pcie2_ip_i/inst/inst/gt_top_i/pipe_wrapper_i/pipe_clock_int.pipe_clock_i/userclk1_i1.usrclk1_i1/O
                         net (fo=18985, routed)       0.916     2.887    XDMA/inst/udma_wrapper/dma_top/dma_pcie_req/dma_pcie_rc/tag_rrq_chn_info_mem_even_reg_0_31_0_5/WCLK
    SLICE_X34Y106        RAMS32                                       r  XDMA/inst/udma_wrapper/dma_top/dma_pcie_req/dma_pcie_rc/tag_rrq_chn_info_mem_even_reg_0_31_0_5/RAMD/CLK
                         clock pessimism             -0.617     2.270    
    SLICE_X34Y106        RAMS32 (Hold_rams32_CLK_ADR1)
                                                      0.255     2.525    XDMA/inst/udma_wrapper/dma_top/dma_pcie_req/dma_pcie_rc/tag_rrq_chn_info_mem_even_reg_0_31_0_5/RAMD
  -------------------------------------------------------------------
                         required time                         -2.525    
                         arrival time                           2.590    
  -------------------------------------------------------------------
                         slack                                  0.065    

Slack (MET) :             0.065ns  (arrival time - required time)
  Source:                 XDMA/inst/udma_wrapper/dma_top/dma_pcie_req/dma_pcie_rq/tlp_rrq_tag_ff_reg[0][2]/C
                            (rising edge-triggered cell FDRE clocked by userclk1  {rise@0.000ns fall@8.000ns period=16.000ns})
  Destination:            XDMA/inst/udma_wrapper/dma_top/dma_pcie_req/dma_pcie_rc/tag_rrq_chn_info_mem_even_reg_0_31_0_5/RAMD_D1/ADR1
                            (rising edge-triggered cell RAMS32 clocked by userclk1  {rise@0.000ns fall@8.000ns period=16.000ns})
  Path Group:             userclk1
  Path Type:              Hold (Min at Fast Process Corner)
  Requirement:            0.000ns  (userclk1 rise@0.000ns - userclk1 rise@0.000ns)
  Data Path Delay:        0.333ns  (logic 0.128ns (38.405%)  route 0.205ns (61.595%))
  Logic Levels:           0  
  Clock Path Skew:        0.013ns (DCD - SCD - CPR)
    Destination Clock Delay (DCD):    2.887ns
    Source Clock Delay      (SCD):    2.257ns
    Clock Pessimism Removal (CPR):    0.617ns

    Location             Delay type                Incr(ns)  Path(ns)    Netlist Resource(s)
  -------------------------------------------------------------------    -------------------
                         (clock userclk1 rise edge)
                                                      0.000     0.000 r  
    GTPE2_CHANNEL_X0Y3   GTPE2_CHANNEL                0.000     0.000 r  XDMA/inst/xdma_v41_m1_pcie2_to_pcie3_wrapper_i/pcie2_ip_i/inst/inst/gt_top_i/pipe_wrapper_i/pipe_lane[0].gt_wrapper_i/gtp_channel.gtpe2_channel_i/TXOUTCLK
                         net (fo=1, routed)           0.473     0.473    XDMA/inst/xdma_v41_m1_pcie2_to_pcie3_wrapper_i/pcie2_ip_i/inst/inst/gt_top_i/pipe_wrapper_i/pipe_clock_int.pipe_clock_i/txoutclk_i.txoutclk_i_0
    BUFGCTRL_X0Y20       BUFG (Prop_bufg_I_O)         0.026     0.499 r  XDMA/inst/xdma_v41_m1_pcie2_to_pcie3_wrapper_i/pcie2_ip_i/inst/inst/gt_top_i/pipe_wrapper_i/pipe_clock_int.pipe_clock_i/txoutclk_i.txoutclk_i/O
                         net (fo=1, routed)           0.551     1.050    XDMA/inst/xdma_v41_m1_pcie2_to_pcie3_wrapper_i/pcie2_ip_i/inst/inst/gt_top_i/pipe_wrapper_i/pipe_clock_int.pipe_clock_i/refclk
    MMCME2_ADV_X0Y0      MMCME2_ADV (Prop_mmcme2_adv_CLKIN1_CLKOUT2)
                                                      0.050     1.100 r  XDMA/inst/xdma_v41_m1_pcie2_to_pcie3_wrapper_i/pcie2_ip_i/inst/inst/gt_top_i/pipe_wrapper_i/pipe_clock_int.pipe_clock_i/mmcm_i/CLKOUT2
                         net (fo=1, routed)           0.489     1.589    XDMA/inst/xdma_v41_m1_pcie2_to_pcie3_wrapper_i/pcie2_ip_i/inst/inst/gt_top_i/pipe_wrapper_i/pipe_clock_int.pipe_clock_i/userclk1
    BUFGCTRL_X0Y0        BUFG (Prop_bufg_I_O)         0.026     1.615 r  XDMA/inst/xdma_v41_m1_pcie2_to_pcie3_wrapper_i/pcie2_ip_i/inst/inst/gt_top_i/pipe_wrapper_i/pipe_clock_int.pipe_clock_i/userclk1_i1.usrclk1_i1/O
                         net (fo=18985, routed)       0.642     2.257    XDMA/inst/udma_wrapper/dma_top/dma_pcie_req/dma_pcie_rq/user_clk
    SLICE_X35Y106        FDRE                                         r  XDMA/inst/udma_wrapper/dma_top/dma_pcie_req/dma_pcie_rq/tlp_rrq_tag_ff_reg[0][2]/C
  -------------------------------------------------------------------    -------------------
    SLICE_X35Y106        FDRE (Prop_fdre_C_Q)         0.128     2.385 r  XDMA/inst/udma_wrapper/dma_top/dma_pcie_req/dma_pcie_rq/tlp_rrq_tag_ff_reg[0][2]/Q
                         net (fo=56, routed)          0.205     2.590    XDMA/inst/udma_wrapper/dma_top/dma_pcie_req/dma_pcie_rc/tag_rrq_chn_info_mem_even_reg_0_31_0_5/ADDRD1
    SLICE_X34Y106        RAMS32                                       r  XDMA/inst/udma_wrapper/dma_top/dma_pcie_req/dma_pcie_rc/tag_rrq_chn_info_mem_even_reg_0_31_0_5/RAMD_D1/ADR1
  -------------------------------------------------------------------    -------------------

                         (clock userclk1 rise edge)
                                                      0.000     0.000 r  
    GTPE2_CHANNEL_X0Y3   GTPE2_CHANNEL                0.000     0.000 r  XDMA/inst/xdma_v41_m1_pcie2_to_pcie3_wrapper_i/pcie2_ip_i/inst/inst/gt_top_i/pipe_wrapper_i/pipe_lane[0].gt_wrapper_i/gtp_channel.gtpe2_channel_i/TXOUTCLK
                         net (fo=1, routed)           0.509     0.509    XDMA/inst/xdma_v41_m1_pcie2_to_pcie3_wrapper_i/pcie2_ip_i/inst/inst/gt_top_i/pipe_wrapper_i/pipe_clock_int.pipe_clock_i/txoutclk_i.txoutclk_i_0
    BUFGCTRL_X0Y20       BUFG (Prop_bufg_I_O)         0.029     0.538 r  XDMA/inst/xdma_v41_m1_pcie2_to_pcie3_wrapper_i/pcie2_ip_i/inst/inst/gt_top_i/pipe_wrapper_i/pipe_clock_int.pipe_clock_i/txoutclk_i.txoutclk_i/O
                         net (fo=1, routed)           0.818     1.355    XDMA/inst/xdma_v41_m1_pcie2_to_pcie3_wrapper_i/pcie2_ip_i/inst/inst/gt_top_i/pipe_wrapper_i/pipe_clock_int.pipe_clock_i/refclk
    MMCME2_ADV_X0Y0      MMCME2_ADV (Prop_mmcme2_adv_CLKIN1_CLKOUT2)
                                                      0.053     1.408 r  XDMA/inst/xdma_v41_m1_pcie2_to_pcie3_wrapper_i/pcie2_ip_i/inst/inst/gt_top_i/pipe_wrapper_i/pipe_clock_int.pipe_clock_i/mmcm_i/CLKOUT2
                         net (fo=1, routed)           0.534     1.942    XDMA/inst/xdma_v41_m1_pcie2_to_pcie3_wrapper_i/pcie2_ip_i/inst/inst/gt_top_i/pipe_wrapper_i/pipe_clock_int.pipe_clock_i/userclk1
    BUFGCTRL_X0Y0        BUFG (Prop_bufg_I_O)         0.029     1.971 r  XDMA/inst/xdma_v41_m1_pcie2_to_pcie3_wrapper_i/pcie2_ip_i/inst/inst/gt_top_i/pipe_wrapper_i/pipe_clock_int.pipe_clock_i/userclk1_i1.usrclk1_i1/O
                         net (fo=18985, routed)       0.916     2.887    XDMA/inst/udma_wrapper/dma_top/dma_pcie_req/dma_pcie_rc/tag_rrq_chn_info_mem_even_reg_0_31_0_5/WCLK
    SLICE_X34Y106        RAMS32                                       r  XDMA/inst/udma_wrapper/dma_top/dma_pcie_req/dma_pcie_rc/tag_rrq_chn_info_mem_even_reg_0_31_0_5/RAMD_D1/CLK
                         clock pessimism             -0.617     2.270    
    SLICE_X34Y106        RAMS32 (Hold_rams32_CLK_ADR1)
                                                      0.255     2.525    XDMA/inst/udma_wrapper/dma_top/dma_pcie_req/dma_pcie_rc/tag_rrq_chn_info_mem_even_reg_0_31_0_5/RAMD_D1
  -------------------------------------------------------------------
                         required time                         -2.525    
                         arrival time                           2.590    
  -------------------------------------------------------------------
                         slack                                  0.065    

Slack (MET) :             0.066ns  (arrival time - required time)
  Source:                 XDMA/inst/udma_wrapper/dma_top/dma_pcie_req/dma_pcie_rq/tlp_rrq_tag_ff_reg[0][3]/C
                            (rising edge-triggered cell FDRE clocked by userclk1  {rise@0.000ns fall@8.000ns period=16.000ns})
  Destination:            XDMA/inst/udma_wrapper/dma_top/dma_pcie_req/dma_pcie_rc/tag_rrq_chn_info_mem_even_reg_0_31_0_5/RAMA/WADR2
                            (rising edge-triggered cell RAMD32 clocked by userclk1  {rise@0.000ns fall@8.000ns period=16.000ns})
  Path Group:             userclk1
  Path Type:              Hold (Min at Fast Process Corner)
  Requirement:            0.000ns  (userclk1 rise@0.000ns - userclk1 rise@0.000ns)
  Data Path Delay:        0.280ns  (logic 0.128ns (45.643%)  route 0.152ns (54.357%))
  Logic Levels:           0  
  Clock Path Skew:        0.013ns (DCD - SCD - CPR)
    Destination Clock Delay (DCD):    2.887ns
    Source Clock Delay      (SCD):    2.257ns
    Clock Pessimism Removal (CPR):    0.617ns

    Location             Delay type                Incr(ns)  Path(ns)    Netlist Resource(s)
  -------------------------------------------------------------------    -------------------
                         (clock userclk1 rise edge)
                                                      0.000     0.000 r  
    GTPE2_CHANNEL_X0Y3   GTPE2_CHANNEL                0.000     0.000 r  XDMA/inst/xdma_v41_m1_pcie2_to_pcie3_wrapper_i/pcie2_ip_i/inst/inst/gt_top_i/pipe_wrapper_i/pipe_lane[0].gt_wrapper_i/gtp_channel.gtpe2_channel_i/TXOUTCLK
                         net (fo=1, routed)           0.473     0.473    XDMA/inst/xdma_v41_m1_pcie2_to_pcie3_wrapper_i/pcie2_ip_i/inst/inst/gt_top_i/pipe_wrapper_i/pipe_clock_int.pipe_clock_i/txoutclk_i.txoutclk_i_0
    BUFGCTRL_X0Y20       BUFG (Prop_bufg_I_O)         0.026     0.499 r  XDMA/inst/xdma_v41_m1_pcie2_to_pcie3_wrapper_i/pcie2_ip_i/inst/inst/gt_top_i/pipe_wrapper_i/pipe_clock_int.pipe_clock_i/txoutclk_i.txoutclk_i/O
                         net (fo=1, routed)           0.551     1.050    XDMA/inst/xdma_v41_m1_pcie2_to_pcie3_wrapper_i/pcie2_ip_i/inst/inst/gt_top_i/pipe_wrapper_i/pipe_clock_int.pipe_clock_i/refclk
    MMCME2_ADV_X0Y0      MMCME2_ADV (Prop_mmcme2_adv_CLKIN1_CLKOUT2)
                                                      0.050     1.100 r  XDMA/inst/xdma_v41_m1_pcie2_to_pcie3_wrapper_i/pcie2_ip_i/inst/inst/gt_top_i/pipe_wrapper_i/pipe_clock_int.pipe_clock_i/mmcm_i/CLKOUT2
                         net (fo=1, routed)           0.489     1.589    XDMA/inst/xdma_v41_m1_pcie2_to_pcie3_wrapper_i/pcie2_ip_i/inst/inst/gt_top_i/pipe_wrapper_i/pipe_clock_int.pipe_clock_i/userclk1
    BUFGCTRL_X0Y0        BUFG (Prop_bufg_I_O)         0.026     1.615 r  XDMA/inst/xdma_v41_m1_pcie2_to_pcie3_wrapper_i/pcie2_ip_i/inst/inst/gt_top_i/pipe_wrapper_i/pipe_clock_int.pipe_clock_i/userclk1_i1.usrclk1_i1/O
                         net (fo=18985, routed)       0.642     2.257    XDMA/inst/udma_wrapper/dma_top/dma_pcie_req/dma_pcie_rq/user_clk
    SLICE_X35Y106        FDRE                                         r  XDMA/inst/udma_wrapper/dma_top/dma_pcie_req/dma_pcie_rq/tlp_rrq_tag_ff_reg[0][3]/C
  -------------------------------------------------------------------    -------------------
    SLICE_X35Y106        FDRE (Prop_fdre_C_Q)         0.128     2.385 r  XDMA/inst/udma_wrapper/dma_top/dma_pcie_req/dma_pcie_rq/tlp_rrq_tag_ff_reg[0][3]/Q
                         net (fo=56, routed)          0.152     2.538    XDMA/inst/udma_wrapper/dma_top/dma_pcie_req/dma_pcie_rc/tag_rrq_chn_info_mem_even_reg_0_31_0_5/ADDRD2
    SLICE_X34Y106        RAMD32                                       r  XDMA/inst/udma_wrapper/dma_top/dma_pcie_req/dma_pcie_rc/tag_rrq_chn_info_mem_even_reg_0_31_0_5/RAMA/WADR2
  -------------------------------------------------------------------    -------------------

                         (clock userclk1 rise edge)
                                                      0.000     0.000 r  
    GTPE2_CHANNEL_X0Y3   GTPE2_CHANNEL                0.000     0.000 r  XDMA/inst/xdma_v41_m1_pcie2_to_pcie3_wrapper_i/pcie2_ip_i/inst/inst/gt_top_i/pipe_wrapper_i/pipe_lane[0].gt_wrapper_i/gtp_channel.gtpe2_channel_i/TXOUTCLK
                         net (fo=1, routed)           0.509     0.509    XDMA/inst/xdma_v41_m1_pcie2_to_pcie3_wrapper_i/pcie2_ip_i/inst/inst/gt_top_i/pipe_wrapper_i/pipe_clock_int.pipe_clock_i/txoutclk_i.txoutclk_i_0
    BUFGCTRL_X0Y20       BUFG (Prop_bufg_I_O)         0.029     0.538 r  XDMA/inst/xdma_v41_m1_pcie2_to_pcie3_wrapper_i/pcie2_ip_i/inst/inst/gt_top_i/pipe_wrapper_i/pipe_clock_int.pipe_clock_i/txoutclk_i.txoutclk_i/O
                         net (fo=1, routed)           0.818     1.355    XDMA/inst/xdma_v41_m1_pcie2_to_pcie3_wrapper_i/pcie2_ip_i/inst/inst/gt_top_i/pipe_wrapper_i/pipe_clock_int.pipe_clock_i/refclk
    MMCME2_ADV_X0Y0      MMCME2_ADV (Prop_mmcme2_adv_CLKIN1_CLKOUT2)
                                                      0.053     1.408 r  XDMA/inst/xdma_v41_m1_pcie2_to_pcie3_wrapper_i/pcie2_ip_i/inst/inst/gt_top_i/pipe_wrapper_i/pipe_clock_int.pipe_clock_i/mmcm_i/CLKOUT2
                         net (fo=1, routed)           0.534     1.942    XDMA/inst/xdma_v41_m1_pcie2_to_pcie3_wrapper_i/pcie2_ip_i/inst/inst/gt_top_i/pipe_wrapper_i/pipe_clock_int.pipe_clock_i/userclk1
    BUFGCTRL_X0Y0        BUFG (Prop_bufg_I_O)         0.029     1.971 r  XDMA/inst/xdma_v41_m1_pcie2_to_pcie3_wrapper_i/pcie2_ip_i/inst/inst/gt_top_i/pipe_wrapper_i/pipe_clock_int.pipe_clock_i/userclk1_i1.usrclk1_i1/O
                         net (fo=18985, routed)       0.916     2.887    XDMA/inst/udma_wrapper/dma_top/dma_pcie_req/dma_pcie_rc/tag_rrq_chn_info_mem_even_reg_0_31_0_5/WCLK
    SLICE_X34Y106        RAMD32                                       r  XDMA/inst/udma_wrapper/dma_top/dma_pcie_req/dma_pcie_rc/tag_rrq_chn_info_mem_even_reg_0_31_0_5/RAMA/CLK
                         clock pessimism             -0.617     2.270    
    SLICE_X34Y106        RAMD32 (Hold_ramd32_CLK_WADR2)
                                                      0.201     2.471    XDMA/inst/udma_wrapper/dma_top/dma_pcie_req/dma_pcie_rc/tag_rrq_chn_info_mem_even_reg_0_31_0_5/RAMA
  -------------------------------------------------------------------
                         required time                         -2.471    
                         arrival time                           2.538    
  -------------------------------------------------------------------
                         slack                                  0.066    

Slack (MET) :             0.066ns  (arrival time - required time)
  Source:                 XDMA/inst/udma_wrapper/dma_top/dma_pcie_req/dma_pcie_rq/tlp_rrq_tag_ff_reg[0][3]/C
                            (rising edge-triggered cell FDRE clocked by userclk1  {rise@0.000ns fall@8.000ns period=16.000ns})
  Destination:            XDMA/inst/udma_wrapper/dma_top/dma_pcie_req/dma_pcie_rc/tag_rrq_chn_info_mem_even_reg_0_31_0_5/RAMA_D1/WADR2
                            (rising edge-triggered cell RAMD32 clocked by userclk1  {rise@0.000ns fall@8.000ns period=16.000ns})
  Path Group:             userclk1
  Path Type:              Hold (Min at Fast Process Corner)
  Requirement:            0.000ns  (userclk1 rise@0.000ns - userclk1 rise@0.000ns)
  Data Path Delay:        0.280ns  (logic 0.128ns (45.643%)  route 0.152ns (54.357%))
  Logic Levels:           0  
  Clock Path Skew:        0.013ns (DCD - SCD - CPR)
    Destination Clock Delay (DCD):    2.887ns
    Source Clock Delay      (SCD):    2.257ns
    Clock Pessimism Removal (CPR):    0.617ns

    Location             Delay type                Incr(ns)  Path(ns)    Netlist Resource(s)
  -------------------------------------------------------------------    -------------------
                         (clock userclk1 rise edge)
                                                      0.000     0.000 r  
    GTPE2_CHANNEL_X0Y3   GTPE2_CHANNEL                0.000     0.000 r  XDMA/inst/xdma_v41_m1_pcie2_to_pcie3_wrapper_i/pcie2_ip_i/inst/inst/gt_top_i/pipe_wrapper_i/pipe_lane[0].gt_wrapper_i/gtp_channel.gtpe2_channel_i/TXOUTCLK
                         net (fo=1, routed)           0.473     0.473    XDMA/inst/xdma_v41_m1_pcie2_to_pcie3_wrapper_i/pcie2_ip_i/inst/inst/gt_top_i/pipe_wrapper_i/pipe_clock_int.pipe_clock_i/txoutclk_i.txoutclk_i_0
    BUFGCTRL_X0Y20       BUFG (Prop_bufg_I_O)         0.026     0.499 r  XDMA/inst/xdma_v41_m1_pcie2_to_pcie3_wrapper_i/pcie2_ip_i/inst/inst/gt_top_i/pipe_wrapper_i/pipe_clock_int.pipe_clock_i/txoutclk_i.txoutclk_i/O
                         net (fo=1, routed)           0.551     1.050    XDMA/inst/xdma_v41_m1_pcie2_to_pcie3_wrapper_i/pcie2_ip_i/inst/inst/gt_top_i/pipe_wrapper_i/pipe_clock_int.pipe_clock_i/refclk
    MMCME2_ADV_X0Y0      MMCME2_ADV (Prop_mmcme2_adv_CLKIN1_CLKOUT2)
                                                      0.050     1.100 r  XDMA/inst/xdma_v41_m1_pcie2_to_pcie3_wrapper_i/pcie2_ip_i/inst/inst/gt_top_i/pipe_wrapper_i/pipe_clock_int.pipe_clock_i/mmcm_i/CLKOUT2
                         net (fo=1, routed)           0.489     1.589    XDMA/inst/xdma_v41_m1_pcie2_to_pcie3_wrapper_i/pcie2_ip_i/inst/inst/gt_top_i/pipe_wrapper_i/pipe_clock_int.pipe_clock_i/userclk1
    BUFGCTRL_X0Y0        BUFG (Prop_bufg_I_O)         0.026     1.615 r  XDMA/inst/xdma_v41_m1_pcie2_to_pcie3_wrapper_i/pcie2_ip_i/inst/inst/gt_top_i/pipe_wrapper_i/pipe_clock_int.pipe_clock_i/userclk1_i1.usrclk1_i1/O
                         net (fo=18985, routed)       0.642     2.257    XDMA/inst/udma_wrapper/dma_top/dma_pcie_req/dma_pcie_rq/user_clk
    SLICE_X35Y106        FDRE                                         r  XDMA/inst/udma_wrapper/dma_top/dma_pcie_req/dma_pcie_rq/tlp_rrq_tag_ff_reg[0][3]/C
  -------------------------------------------------------------------    -------------------
    SLICE_X35Y106        FDRE (Prop_fdre_C_Q)         0.128     2.385 r  XDMA/inst/udma_wrapper/dma_top/dma_pcie_req/dma_pcie_rq/tlp_rrq_tag_ff_reg[0][3]/Q
                         net (fo=56, routed)          0.152     2.538    XDMA/inst/udma_wrapper/dma_top/dma_pcie_req/dma_pcie_rc/tag_rrq_chn_info_mem_even_reg_0_31_0_5/ADDRD2
    SLICE_X34Y106        RAMD32                                       r  XDMA/inst/udma_wrapper/dma_top/dma_pcie_req/dma_pcie_rc/tag_rrq_chn_info_mem_even_reg_0_31_0_5/RAMA_D1/WADR2
  -------------------------------------------------------------------    -------------------

                         (clock userclk1 rise edge)
                                                      0.000     0.000 r  
    GTPE2_CHANNEL_X0Y3   GTPE2_CHANNEL                0.000     0.000 r  XDMA/inst/xdma_v41_m1_pcie2_to_pcie3_wrapper_i/pcie2_ip_i/inst/inst/gt_top_i/pipe_wrapper_i/pipe_lane[0].gt_wrapper_i/gtp_channel.gtpe2_channel_i/TXOUTCLK
                         net (fo=1, routed)           0.509     0.509    XDMA/inst/xdma_v41_m1_pcie2_to_pcie3_wrapper_i/pcie2_ip_i/inst/inst/gt_top_i/pipe_wrapper_i/pipe_clock_int.pipe_clock_i/txoutclk_i.txoutclk_i_0
    BUFGCTRL_X0Y20       BUFG (Prop_bufg_I_O)         0.029     0.538 r  XDMA/inst/xdma_v41_m1_pcie2_to_pcie3_wrapper_i/pcie2_ip_i/inst/inst/gt_top_i/pipe_wrapper_i/pipe_clock_int.pipe_clock_i/txoutclk_i.txoutclk_i/O
                         net (fo=1, routed)           0.818     1.355    XDMA/inst/xdma_v41_m1_pcie2_to_pcie3_wrapper_i/pcie2_ip_i/inst/inst/gt_top_i/pipe_wrapper_i/pipe_clock_int.pipe_clock_i/refclk
    MMCME2_ADV_X0Y0      MMCME2_ADV (Prop_mmcme2_adv_CLKIN1_CLKOUT2)
                                                      0.053     1.408 r  XDMA/inst/xdma_v41_m1_pcie2_to_pcie3_wrapper_i/pcie2_ip_i/inst/inst/gt_top_i/pipe_wrapper_i/pipe_clock_int.pipe_clock_i/mmcm_i/CLKOUT2
                         net (fo=1, routed)           0.534     1.942    XDMA/inst/xdma_v41_m1_pcie2_to_pcie3_wrapper_i/pcie2_ip_i/inst/inst/gt_top_i/pipe_wrapper_i/pipe_clock_int.pipe_clock_i/userclk1
    BUFGCTRL_X0Y0        BUFG (Prop_bufg_I_O)         0.029     1.971 r  XDMA/inst/xdma_v41_m1_pcie2_to_pcie3_wrapper_i/pcie2_ip_i/inst/inst/gt_top_i/pipe_wrapper_i/pipe_clock_int.pipe_clock_i/userclk1_i1.usrclk1_i1/O
                         net (fo=18985, routed)       0.916     2.887    XDMA/inst/udma_wrapper/dma_top/dma_pcie_req/dma_pcie_rc/tag_rrq_chn_info_mem_even_reg_0_31_0_5/WCLK
    SLICE_X34Y106        RAMD32                                       r  XDMA/inst/udma_wrapper/dma_top/dma_pcie_req/dma_pcie_rc/tag_rrq_chn_info_mem_even_reg_0_31_0_5/RAMA_D1/CLK
                         clock pessimism             -0.617     2.270    
    SLICE_X34Y106        RAMD32 (Hold_ramd32_CLK_WADR2)
                                                      0.201     2.471    XDMA/inst/udma_wrapper/dma_top/dma_pcie_req/dma_pcie_rc/tag_rrq_chn_info_mem_even_reg_0_31_0_5/RAMA_D1
  -------------------------------------------------------------------
                         required time                         -2.471    
                         arrival time                           2.538    
  -------------------------------------------------------------------
                         slack                                  0.066    

Slack (MET) :             0.066ns  (arrival time - required time)
  Source:                 XDMA/inst/udma_wrapper/dma_top/dma_pcie_req/dma_pcie_rq/tlp_rrq_tag_ff_reg[0][3]/C
                            (rising edge-triggered cell FDRE clocked by userclk1  {rise@0.000ns fall@8.000ns period=16.000ns})
  Destination:            XDMA/inst/udma_wrapper/dma_top/dma_pcie_req/dma_pcie_rc/tag_rrq_chn_info_mem_even_reg_0_31_0_5/RAMB/WADR2
                            (rising edge-triggered cell RAMD32 clocked by userclk1  {rise@0.000ns fall@8.000ns period=16.000ns})
  Path Group:             userclk1
  Path Type:              Hold (Min at Fast Process Corner)
  Requirement:            0.000ns  (userclk1 rise@0.000ns - userclk1 rise@0.000ns)
  Data Path Delay:        0.280ns  (logic 0.128ns (45.643%)  route 0.152ns (54.357%))
  Logic Levels:           0  
  Clock Path Skew:        0.013ns (DCD - SCD - CPR)
    Destination Clock Delay (DCD):    2.887ns
    Source Clock Delay      (SCD):    2.257ns
    Clock Pessimism Removal (CPR):    0.617ns

    Location             Delay type                Incr(ns)  Path(ns)    Netlist Resource(s)
  -------------------------------------------------------------------    -------------------
                         (clock userclk1 rise edge)
                                                      0.000     0.000 r  
    GTPE2_CHANNEL_X0Y3   GTPE2_CHANNEL                0.000     0.000 r  XDMA/inst/xdma_v41_m1_pcie2_to_pcie3_wrapper_i/pcie2_ip_i/inst/inst/gt_top_i/pipe_wrapper_i/pipe_lane[0].gt_wrapper_i/gtp_channel.gtpe2_channel_i/TXOUTCLK
                         net (fo=1, routed)           0.473     0.473    XDMA/inst/xdma_v41_m1_pcie2_to_pcie3_wrapper_i/pcie2_ip_i/inst/inst/gt_top_i/pipe_wrapper_i/pipe_clock_int.pipe_clock_i/txoutclk_i.txoutclk_i_0
    BUFGCTRL_X0Y20       BUFG (Prop_bufg_I_O)         0.026     0.499 r  XDMA/inst/xdma_v41_m1_pcie2_to_pcie3_wrapper_i/pcie2_ip_i/inst/inst/gt_top_i/pipe_wrapper_i/pipe_clock_int.pipe_clock_i/txoutclk_i.txoutclk_i/O
                         net (fo=1, routed)           0.551     1.050    XDMA/inst/xdma_v41_m1_pcie2_to_pcie3_wrapper_i/pcie2_ip_i/inst/inst/gt_top_i/pipe_wrapper_i/pipe_clock_int.pipe_clock_i/refclk
    MMCME2_ADV_X0Y0      MMCME2_ADV (Prop_mmcme2_adv_CLKIN1_CLKOUT2)
                                                      0.050     1.100 r  XDMA/inst/xdma_v41_m1_pcie2_to_pcie3_wrapper_i/pcie2_ip_i/inst/inst/gt_top_i/pipe_wrapper_i/pipe_clock_int.pipe_clock_i/mmcm_i/CLKOUT2
                         net (fo=1, routed)           0.489     1.589    XDMA/inst/xdma_v41_m1_pcie2_to_pcie3_wrapper_i/pcie2_ip_i/inst/inst/gt_top_i/pipe_wrapper_i/pipe_clock_int.pipe_clock_i/userclk1
    BUFGCTRL_X0Y0        BUFG (Prop_bufg_I_O)         0.026     1.615 r  XDMA/inst/xdma_v41_m1_pcie2_to_pcie3_wrapper_i/pcie2_ip_i/inst/inst/gt_top_i/pipe_wrapper_i/pipe_clock_int.pipe_clock_i/userclk1_i1.usrclk1_i1/O
                         net (fo=18985, routed)       0.642     2.257    XDMA/inst/udma_wrapper/dma_top/dma_pcie_req/dma_pcie_rq/user_clk
    SLICE_X35Y106        FDRE                                         r  XDMA/inst/udma_wrapper/dma_top/dma_pcie_req/dma_pcie_rq/tlp_rrq_tag_ff_reg[0][3]/C
  -------------------------------------------------------------------    -------------------
    SLICE_X35Y106        FDRE (Prop_fdre_C_Q)         0.128     2.385 r  XDMA/inst/udma_wrapper/dma_top/dma_pcie_req/dma_pcie_rq/tlp_rrq_tag_ff_reg[0][3]/Q
                         net (fo=56, routed)          0.152     2.538    XDMA/inst/udma_wrapper/dma_top/dma_pcie_req/dma_pcie_rc/tag_rrq_chn_info_mem_even_reg_0_31_0_5/ADDRD2
    SLICE_X34Y106        RAMD32                                       r  XDMA/inst/udma_wrapper/dma_top/dma_pcie_req/dma_pcie_rc/tag_rrq_chn_info_mem_even_reg_0_31_0_5/RAMB/WADR2
  -------------------------------------------------------------------    -------------------

                         (clock userclk1 rise edge)
                                                      0.000     0.000 r  
    GTPE2_CHANNEL_X0Y3   GTPE2_CHANNEL                0.000     0.000 r  XDMA/inst/xdma_v41_m1_pcie2_to_pcie3_wrapper_i/pcie2_ip_i/inst/inst/gt_top_i/pipe_wrapper_i/pipe_lane[0].gt_wrapper_i/gtp_channel.gtpe2_channel_i/TXOUTCLK
                         net (fo=1, routed)           0.509     0.509    XDMA/inst/xdma_v41_m1_pcie2_to_pcie3_wrapper_i/pcie2_ip_i/inst/inst/gt_top_i/pipe_wrapper_i/pipe_clock_int.pipe_clock_i/txoutclk_i.txoutclk_i_0
    BUFGCTRL_X0Y20       BUFG (Prop_bufg_I_O)         0.029     0.538 r  XDMA/inst/xdma_v41_m1_pcie2_to_pcie3_wrapper_i/pcie2_ip_i/inst/inst/gt_top_i/pipe_wrapper_i/pipe_clock_int.pipe_clock_i/txoutclk_i.txoutclk_i/O
                         net (fo=1, routed)           0.818     1.355    XDMA/inst/xdma_v41_m1_pcie2_to_pcie3_wrapper_i/pcie2_ip_i/inst/inst/gt_top_i/pipe_wrapper_i/pipe_clock_int.pipe_clock_i/refclk
    MMCME2_ADV_X0Y0      MMCME2_ADV (Prop_mmcme2_adv_CLKIN1_CLKOUT2)
                                                      0.053     1.408 r  XDMA/inst/xdma_v41_m1_pcie2_to_pcie3_wrapper_i/pcie2_ip_i/inst/inst/gt_top_i/pipe_wrapper_i/pipe_clock_int.pipe_clock_i/mmcm_i/CLKOUT2
                         net (fo=1, routed)           0.534     1.942    XDMA/inst/xdma_v41_m1_pcie2_to_pcie3_wrapper_i/pcie2_ip_i/inst/inst/gt_top_i/pipe_wrapper_i/pipe_clock_int.pipe_clock_i/userclk1
    BUFGCTRL_X0Y0        BUFG (Prop_bufg_I_O)         0.029     1.971 r  XDMA/inst/xdma_v41_m1_pcie2_to_pcie3_wrapper_i/pcie2_ip_i/inst/inst/gt_top_i/pipe_wrapper_i/pipe_clock_int.pipe_clock_i/userclk1_i1.usrclk1_i1/O
                         net (fo=18985, routed)       0.916     2.887    XDMA/inst/udma_wrapper/dma_top/dma_pcie_req/dma_pcie_rc/tag_rrq_chn_info_mem_even_reg_0_31_0_5/WCLK
    SLICE_X34Y106        RAMD32                                       r  XDMA/inst/udma_wrapper/dma_top/dma_pcie_req/dma_pcie_rc/tag_rrq_chn_info_mem_even_reg_0_31_0_5/RAMB/CLK
                         clock pessimism             -0.617     2.270    
    SLICE_X34Y106        RAMD32 (Hold_ramd32_CLK_WADR2)
                                                      0.201     2.471    XDMA/inst/udma_wrapper/dma_top/dma_pcie_req/dma_pcie_rc/tag_rrq_chn_info_mem_even_reg_0_31_0_5/RAMB
  -------------------------------------------------------------------
                         required time                         -2.471    
                         arrival time                           2.538    
  -------------------------------------------------------------------
                         slack                                  0.066    

Slack (MET) :             0.066ns  (arrival time - required time)
  Source:                 XDMA/inst/udma_wrapper/dma_top/dma_pcie_req/dma_pcie_rq/tlp_rrq_tag_ff_reg[0][3]/C
                            (rising edge-triggered cell FDRE clocked by userclk1  {rise@0.000ns fall@8.000ns period=16.000ns})
  Destination:            XDMA/inst/udma_wrapper/dma_top/dma_pcie_req/dma_pcie_rc/tag_rrq_chn_info_mem_even_reg_0_31_0_5/RAMB_D1/WADR2
                            (rising edge-triggered cell RAMD32 clocked by userclk1  {rise@0.000ns fall@8.000ns period=16.000ns})
  Path Group:             userclk1
  Path Type:              Hold (Min at Fast Process Corner)
  Requirement:            0.000ns  (userclk1 rise@0.000ns - userclk1 rise@0.000ns)
  Data Path Delay:        0.280ns  (logic 0.128ns (45.643%)  route 0.152ns (54.357%))
  Logic Levels:           0  
  Clock Path Skew:        0.013ns (DCD - SCD - CPR)
    Destination Clock Delay (DCD):    2.887ns
    Source Clock Delay      (SCD):    2.257ns
    Clock Pessimism Removal (CPR):    0.617ns

    Location             Delay type                Incr(ns)  Path(ns)    Netlist Resource(s)
  -------------------------------------------------------------------    -------------------
                         (clock userclk1 rise edge)
                                                      0.000     0.000 r  
    GTPE2_CHANNEL_X0Y3   GTPE2_CHANNEL                0.000     0.000 r  XDMA/inst/xdma_v41_m1_pcie2_to_pcie3_wrapper_i/pcie2_ip_i/inst/inst/gt_top_i/pipe_wrapper_i/pipe_lane[0].gt_wrapper_i/gtp_channel.gtpe2_channel_i/TXOUTCLK
                         net (fo=1, routed)           0.473     0.473    XDMA/inst/xdma_v41_m1_pcie2_to_pcie3_wrapper_i/pcie2_ip_i/inst/inst/gt_top_i/pipe_wrapper_i/pipe_clock_int.pipe_clock_i/txoutclk_i.txoutclk_i_0
    BUFGCTRL_X0Y20       BUFG (Prop_bufg_I_O)         0.026     0.499 r  XDMA/inst/xdma_v41_m1_pcie2_to_pcie3_wrapper_i/pcie2_ip_i/inst/inst/gt_top_i/pipe_wrapper_i/pipe_clock_int.pipe_clock_i/txoutclk_i.txoutclk_i/O
                         net (fo=1, routed)           0.551     1.050    XDMA/inst/xdma_v41_m1_pcie2_to_pcie3_wrapper_i/pcie2_ip_i/inst/inst/gt_top_i/pipe_wrapper_i/pipe_clock_int.pipe_clock_i/refclk
    MMCME2_ADV_X0Y0      MMCME2_ADV (Prop_mmcme2_adv_CLKIN1_CLKOUT2)
                                                      0.050     1.100 r  XDMA/inst/xdma_v41_m1_pcie2_to_pcie3_wrapper_i/pcie2_ip_i/inst/inst/gt_top_i/pipe_wrapper_i/pipe_clock_int.pipe_clock_i/mmcm_i/CLKOUT2
                         net (fo=1, routed)           0.489     1.589    XDMA/inst/xdma_v41_m1_pcie2_to_pcie3_wrapper_i/pcie2_ip_i/inst/inst/gt_top_i/pipe_wrapper_i/pipe_clock_int.pipe_clock_i/userclk1
    BUFGCTRL_X0Y0        BUFG (Prop_bufg_I_O)         0.026     1.615 r  XDMA/inst/xdma_v41_m1_pcie2_to_pcie3_wrapper_i/pcie2_ip_i/inst/inst/gt_top_i/pipe_wrapper_i/pipe_clock_int.pipe_clock_i/userclk1_i1.usrclk1_i1/O
                         net (fo=18985, routed)       0.642     2.257    XDMA/inst/udma_wrapper/dma_top/dma_pcie_req/dma_pcie_rq/user_clk
    SLICE_X35Y106        FDRE                                         r  XDMA/inst/udma_wrapper/dma_top/dma_pcie_req/dma_pcie_rq/tlp_rrq_tag_ff_reg[0][3]/C
  -------------------------------------------------------------------    -------------------
    SLICE_X35Y106        FDRE (Prop_fdre_C_Q)         0.128     2.385 r  XDMA/inst/udma_wrapper/dma_top/dma_pcie_req/dma_pcie_rq/tlp_rrq_tag_ff_reg[0][3]/Q
                         net (fo=56, routed)          0.152     2.538    XDMA/inst/udma_wrapper/dma_top/dma_pcie_req/dma_pcie_rc/tag_rrq_chn_info_mem_even_reg_0_31_0_5/ADDRD2
    SLICE_X34Y106        RAMD32                                       r  XDMA/inst/udma_wrapper/dma_top/dma_pcie_req/dma_pcie_rc/tag_rrq_chn_info_mem_even_reg_0_31_0_5/RAMB_D1/WADR2
  -------------------------------------------------------------------    -------------------

                         (clock userclk1 rise edge)
                                                      0.000     0.000 r  
    GTPE2_CHANNEL_X0Y3   GTPE2_CHANNEL                0.000     0.000 r  XDMA/inst/xdma_v41_m1_pcie2_to_pcie3_wrapper_i/pcie2_ip_i/inst/inst/gt_top_i/pipe_wrapper_i/pipe_lane[0].gt_wrapper_i/gtp_channel.gtpe2_channel_i/TXOUTCLK
                         net (fo=1, routed)           0.509     0.509    XDMA/inst/xdma_v41_m1_pcie2_to_pcie3_wrapper_i/pcie2_ip_i/inst/inst/gt_top_i/pipe_wrapper_i/pipe_clock_int.pipe_clock_i/txoutclk_i.txoutclk_i_0
    BUFGCTRL_X0Y20       BUFG (Prop_bufg_I_O)         0.029     0.538 r  XDMA/inst/xdma_v41_m1_pcie2_to_pcie3_wrapper_i/pcie2_ip_i/inst/inst/gt_top_i/pipe_wrapper_i/pipe_clock_int.pipe_clock_i/txoutclk_i.txoutclk_i/O
                         net (fo=1, routed)           0.818     1.355    XDMA/inst/xdma_v41_m1_pcie2_to_pcie3_wrapper_i/pcie2_ip_i/inst/inst/gt_top_i/pipe_wrapper_i/pipe_clock_int.pipe_clock_i/refclk
    MMCME2_ADV_X0Y0      MMCME2_ADV (Prop_mmcme2_adv_CLKIN1_CLKOUT2)
                                                      0.053     1.408 r  XDMA/inst/xdma_v41_m1_pcie2_to_pcie3_wrapper_i/pcie2_ip_i/inst/inst/gt_top_i/pipe_wrapper_i/pipe_clock_int.pipe_clock_i/mmcm_i/CLKOUT2
                         net (fo=1, routed)           0.534     1.942    XDMA/inst/xdma_v41_m1_pcie2_to_pcie3_wrapper_i/pcie2_ip_i/inst/inst/gt_top_i/pipe_wrapper_i/pipe_clock_int.pipe_clock_i/userclk1
    BUFGCTRL_X0Y0        BUFG (Prop_bufg_I_O)         0.029     1.971 r  XDMA/inst/xdma_v41_m1_pcie2_to_pcie3_wrapper_i/pcie2_ip_i/inst/inst/gt_top_i/pipe_wrapper_i/pipe_clock_int.pipe_clock_i/userclk1_i1.usrclk1_i1/O
                         net (fo=18985, routed)       0.916     2.887    XDMA/inst/udma_wrapper/dma_top/dma_pcie_req/dma_pcie_rc/tag_rrq_chn_info_mem_even_reg_0_31_0_5/WCLK
    SLICE_X34Y106        RAMD32                                       r  XDMA/inst/udma_wrapper/dma_top/dma_pcie_req/dma_pcie_rc/tag_rrq_chn_info_mem_even_reg_0_31_0_5/RAMB_D1/CLK
                         clock pessimism             -0.617     2.270    
    SLICE_X34Y106        RAMD32 (Hold_ramd32_CLK_WADR2)
                                                      0.201     2.471    XDMA/inst/udma_wrapper/dma_top/dma_pcie_req/dma_pcie_rc/tag_rrq_chn_info_mem_even_reg_0_31_0_5/RAMB_D1
  -------------------------------------------------------------------
                         required time                         -2.471    
                         arrival time                           2.538    
  -------------------------------------------------------------------
                         slack                                  0.066    

Slack (MET) :             0.066ns  (arrival time - required time)
  Source:                 XDMA/inst/udma_wrapper/dma_top/dma_pcie_req/dma_pcie_rq/tlp_rrq_tag_ff_reg[0][3]/C
                            (rising edge-triggered cell FDRE clocked by userclk1  {rise@0.000ns fall@8.000ns period=16.000ns})
  Destination:            XDMA/inst/udma_wrapper/dma_top/dma_pcie_req/dma_pcie_rc/tag_rrq_chn_info_mem_even_reg_0_31_0_5/RAMC/WADR2
                            (rising edge-triggered cell RAMD32 clocked by userclk1  {rise@0.000ns fall@8.000ns period=16.000ns})
  Path Group:             userclk1
  Path Type:              Hold (Min at Fast Process Corner)
  Requirement:            0.000ns  (userclk1 rise@0.000ns - userclk1 rise@0.000ns)
  Data Path Delay:        0.280ns  (logic 0.128ns (45.643%)  route 0.152ns (54.357%))
  Logic Levels:           0  
  Clock Path Skew:        0.013ns (DCD - SCD - CPR)
    Destination Clock Delay (DCD):    2.887ns
    Source Clock Delay      (SCD):    2.257ns
    Clock Pessimism Removal (CPR):    0.617ns

    Location             Delay type                Incr(ns)  Path(ns)    Netlist Resource(s)
  -------------------------------------------------------------------    -------------------
                         (clock userclk1 rise edge)
                                                      0.000     0.000 r  
    GTPE2_CHANNEL_X0Y3   GTPE2_CHANNEL                0.000     0.000 r  XDMA/inst/xdma_v41_m1_pcie2_to_pcie3_wrapper_i/pcie2_ip_i/inst/inst/gt_top_i/pipe_wrapper_i/pipe_lane[0].gt_wrapper_i/gtp_channel.gtpe2_channel_i/TXOUTCLK
                         net (fo=1, routed)           0.473     0.473    XDMA/inst/xdma_v41_m1_pcie2_to_pcie3_wrapper_i/pcie2_ip_i/inst/inst/gt_top_i/pipe_wrapper_i/pipe_clock_int.pipe_clock_i/txoutclk_i.txoutclk_i_0
    BUFGCTRL_X0Y20       BUFG (Prop_bufg_I_O)         0.026     0.499 r  XDMA/inst/xdma_v41_m1_pcie2_to_pcie3_wrapper_i/pcie2_ip_i/inst/inst/gt_top_i/pipe_wrapper_i/pipe_clock_int.pipe_clock_i/txoutclk_i.txoutclk_i/O
                         net (fo=1, routed)           0.551     1.050    XDMA/inst/xdma_v41_m1_pcie2_to_pcie3_wrapper_i/pcie2_ip_i/inst/inst/gt_top_i/pipe_wrapper_i/pipe_clock_int.pipe_clock_i/refclk
    MMCME2_ADV_X0Y0      MMCME2_ADV (Prop_mmcme2_adv_CLKIN1_CLKOUT2)
                                                      0.050     1.100 r  XDMA/inst/xdma_v41_m1_pcie2_to_pcie3_wrapper_i/pcie2_ip_i/inst/inst/gt_top_i/pipe_wrapper_i/pipe_clock_int.pipe_clock_i/mmcm_i/CLKOUT2
                         net (fo=1, routed)           0.489     1.589    XDMA/inst/xdma_v41_m1_pcie2_to_pcie3_wrapper_i/pcie2_ip_i/inst/inst/gt_top_i/pipe_wrapper_i/pipe_clock_int.pipe_clock_i/userclk1
    BUFGCTRL_X0Y0        BUFG (Prop_bufg_I_O)         0.026     1.615 r  XDMA/inst/xdma_v41_m1_pcie2_to_pcie3_wrapper_i/pcie2_ip_i/inst/inst/gt_top_i/pipe_wrapper_i/pipe_clock_int.pipe_clock_i/userclk1_i1.usrclk1_i1/O
                         net (fo=18985, routed)       0.642     2.257    XDMA/inst/udma_wrapper/dma_top/dma_pcie_req/dma_pcie_rq/user_clk
    SLICE_X35Y106        FDRE                                         r  XDMA/inst/udma_wrapper/dma_top/dma_pcie_req/dma_pcie_rq/tlp_rrq_tag_ff_reg[0][3]/C
  -------------------------------------------------------------------    -------------------
    SLICE_X35Y106        FDRE (Prop_fdre_C_Q)         0.128     2.385 r  XDMA/inst/udma_wrapper/dma_top/dma_pcie_req/dma_pcie_rq/tlp_rrq_tag_ff_reg[0][3]/Q
                         net (fo=56, routed)          0.152     2.538    XDMA/inst/udma_wrapper/dma_top/dma_pcie_req/dma_pcie_rc/tag_rrq_chn_info_mem_even_reg_0_31_0_5/ADDRD2
    SLICE_X34Y106        RAMD32                                       r  XDMA/inst/udma_wrapper/dma_top/dma_pcie_req/dma_pcie_rc/tag_rrq_chn_info_mem_even_reg_0_31_0_5/RAMC/WADR2
  -------------------------------------------------------------------    -------------------

                         (clock userclk1 rise edge)
                                                      0.000     0.000 r  
    GTPE2_CHANNEL_X0Y3   GTPE2_CHANNEL                0.000     0.000 r  XDMA/inst/xdma_v41_m1_pcie2_to_pcie3_wrapper_i/pcie2_ip_i/inst/inst/gt_top_i/pipe_wrapper_i/pipe_lane[0].gt_wrapper_i/gtp_channel.gtpe2_channel_i/TXOUTCLK
                         net (fo=1, routed)           0.509     0.509    XDMA/inst/xdma_v41_m1_pcie2_to_pcie3_wrapper_i/pcie2_ip_i/inst/inst/gt_top_i/pipe_wrapper_i/pipe_clock_int.pipe_clock_i/txoutclk_i.txoutclk_i_0
    BUFGCTRL_X0Y20       BUFG (Prop_bufg_I_O)         0.029     0.538 r  XDMA/inst/xdma_v41_m1_pcie2_to_pcie3_wrapper_i/pcie2_ip_i/inst/inst/gt_top_i/pipe_wrapper_i/pipe_clock_int.pipe_clock_i/txoutclk_i.txoutclk_i/O
                         net (fo=1, routed)           0.818     1.355    XDMA/inst/xdma_v41_m1_pcie2_to_pcie3_wrapper_i/pcie2_ip_i/inst/inst/gt_top_i/pipe_wrapper_i/pipe_clock_int.pipe_clock_i/refclk
    MMCME2_ADV_X0Y0      MMCME2_ADV (Prop_mmcme2_adv_CLKIN1_CLKOUT2)
                                                      0.053     1.408 r  XDMA/inst/xdma_v41_m1_pcie2_to_pcie3_wrapper_i/pcie2_ip_i/inst/inst/gt_top_i/pipe_wrapper_i/pipe_clock_int.pipe_clock_i/mmcm_i/CLKOUT2
                         net (fo=1, routed)           0.534     1.942    XDMA/inst/xdma_v41_m1_pcie2_to_pcie3_wrapper_i/pcie2_ip_i/inst/inst/gt_top_i/pipe_wrapper_i/pipe_clock_int.pipe_clock_i/userclk1
    BUFGCTRL_X0Y0        BUFG (Prop_bufg_I_O)         0.029     1.971 r  XDMA/inst/xdma_v41_m1_pcie2_to_pcie3_wrapper_i/pcie2_ip_i/inst/inst/gt_top_i/pipe_wrapper_i/pipe_clock_int.pipe_clock_i/userclk1_i1.usrclk1_i1/O
                         net (fo=18985, routed)       0.916     2.887    XDMA/inst/udma_wrapper/dma_top/dma_pcie_req/dma_pcie_rc/tag_rrq_chn_info_mem_even_reg_0_31_0_5/WCLK
    SLICE_X34Y106        RAMD32                                       r  XDMA/inst/udma_wrapper/dma_top/dma_pcie_req/dma_pcie_rc/tag_rrq_chn_info_mem_even_reg_0_31_0_5/RAMC/CLK
                         clock pessimism             -0.617     2.270    
    SLICE_X34Y106        RAMD32 (Hold_ramd32_CLK_WADR2)
                                                      0.201     2.471    XDMA/inst/udma_wrapper/dma_top/dma_pcie_req/dma_pcie_rc/tag_rrq_chn_info_mem_even_reg_0_31_0_5/RAMC
  -------------------------------------------------------------------
                         required time                         -2.471    
                         arrival time                           2.538    
  -------------------------------------------------------------------
                         slack                                  0.066    

Slack (MET) :             0.066ns  (arrival time - required time)
  Source:                 XDMA/inst/udma_wrapper/dma_top/dma_pcie_req/dma_pcie_rq/tlp_rrq_tag_ff_reg[0][3]/C
                            (rising edge-triggered cell FDRE clocked by userclk1  {rise@0.000ns fall@8.000ns period=16.000ns})
  Destination:            XDMA/inst/udma_wrapper/dma_top/dma_pcie_req/dma_pcie_rc/tag_rrq_chn_info_mem_even_reg_0_31_0_5/RAMC_D1/WADR2
                            (rising edge-triggered cell RAMD32 clocked by userclk1  {rise@0.000ns fall@8.000ns period=16.000ns})
  Path Group:             userclk1
  Path Type:              Hold (Min at Fast Process Corner)
  Requirement:            0.000ns  (userclk1 rise@0.000ns - userclk1 rise@0.000ns)
  Data Path Delay:        0.280ns  (logic 0.128ns (45.643%)  route 0.152ns (54.357%))
  Logic Levels:           0  
  Clock Path Skew:        0.013ns (DCD - SCD - CPR)
    Destination Clock Delay (DCD):    2.887ns
    Source Clock Delay      (SCD):    2.257ns
    Clock Pessimism Removal (CPR):    0.617ns

    Location             Delay type                Incr(ns)  Path(ns)    Netlist Resource(s)
  -------------------------------------------------------------------    -------------------
                         (clock userclk1 rise edge)
                                                      0.000     0.000 r  
    GTPE2_CHANNEL_X0Y3   GTPE2_CHANNEL                0.000     0.000 r  XDMA/inst/xdma_v41_m1_pcie2_to_pcie3_wrapper_i/pcie2_ip_i/inst/inst/gt_top_i/pipe_wrapper_i/pipe_lane[0].gt_wrapper_i/gtp_channel.gtpe2_channel_i/TXOUTCLK
                         net (fo=1, routed)           0.473     0.473    XDMA/inst/xdma_v41_m1_pcie2_to_pcie3_wrapper_i/pcie2_ip_i/inst/inst/gt_top_i/pipe_wrapper_i/pipe_clock_int.pipe_clock_i/txoutclk_i.txoutclk_i_0
    BUFGCTRL_X0Y20       BUFG (Prop_bufg_I_O)         0.026     0.499 r  XDMA/inst/xdma_v41_m1_pcie2_to_pcie3_wrapper_i/pcie2_ip_i/inst/inst/gt_top_i/pipe_wrapper_i/pipe_clock_int.pipe_clock_i/txoutclk_i.txoutclk_i/O
                         net (fo=1, routed)           0.551     1.050    XDMA/inst/xdma_v41_m1_pcie2_to_pcie3_wrapper_i/pcie2_ip_i/inst/inst/gt_top_i/pipe_wrapper_i/pipe_clock_int.pipe_clock_i/refclk
    MMCME2_ADV_X0Y0      MMCME2_ADV (Prop_mmcme2_adv_CLKIN1_CLKOUT2)
                                                      0.050     1.100 r  XDMA/inst/xdma_v41_m1_pcie2_to_pcie3_wrapper_i/pcie2_ip_i/inst/inst/gt_top_i/pipe_wrapper_i/pipe_clock_int.pipe_clock_i/mmcm_i/CLKOUT2
                         net (fo=1, routed)           0.489     1.589    XDMA/inst/xdma_v41_m1_pcie2_to_pcie3_wrapper_i/pcie2_ip_i/inst/inst/gt_top_i/pipe_wrapper_i/pipe_clock_int.pipe_clock_i/userclk1
    BUFGCTRL_X0Y0        BUFG (Prop_bufg_I_O)         0.026     1.615 r  XDMA/inst/xdma_v41_m1_pcie2_to_pcie3_wrapper_i/pcie2_ip_i/inst/inst/gt_top_i/pipe_wrapper_i/pipe_clock_int.pipe_clock_i/userclk1_i1.usrclk1_i1/O
                         net (fo=18985, routed)       0.642     2.257    XDMA/inst/udma_wrapper/dma_top/dma_pcie_req/dma_pcie_rq/user_clk
    SLICE_X35Y106        FDRE                                         r  XDMA/inst/udma_wrapper/dma_top/dma_pcie_req/dma_pcie_rq/tlp_rrq_tag_ff_reg[0][3]/C
  -------------------------------------------------------------------    -------------------
    SLICE_X35Y106        FDRE (Prop_fdre_C_Q)         0.128     2.385 r  XDMA/inst/udma_wrapper/dma_top/dma_pcie_req/dma_pcie_rq/tlp_rrq_tag_ff_reg[0][3]/Q
                         net (fo=56, routed)          0.152     2.538    XDMA/inst/udma_wrapper/dma_top/dma_pcie_req/dma_pcie_rc/tag_rrq_chn_info_mem_even_reg_0_31_0_5/ADDRD2
    SLICE_X34Y106        RAMD32                                       r  XDMA/inst/udma_wrapper/dma_top/dma_pcie_req/dma_pcie_rc/tag_rrq_chn_info_mem_even_reg_0_31_0_5/RAMC_D1/WADR2
  -------------------------------------------------------------------    -------------------

                         (clock userclk1 rise edge)
                                                      0.000     0.000 r  
    GTPE2_CHANNEL_X0Y3   GTPE2_CHANNEL                0.000     0.000 r  XDMA/inst/xdma_v41_m1_pcie2_to_pcie3_wrapper_i/pcie2_ip_i/inst/inst/gt_top_i/pipe_wrapper_i/pipe_lane[0].gt_wrapper_i/gtp_channel.gtpe2_channel_i/TXOUTCLK
                         net (fo=1, routed)           0.509     0.509    XDMA/inst/xdma_v41_m1_pcie2_to_pcie3_wrapper_i/pcie2_ip_i/inst/inst/gt_top_i/pipe_wrapper_i/pipe_clock_int.pipe_clock_i/txoutclk_i.txoutclk_i_0
    BUFGCTRL_X0Y20       BUFG (Prop_bufg_I_O)         0.029     0.538 r  XDMA/inst/xdma_v41_m1_pcie2_to_pcie3_wrapper_i/pcie2_ip_i/inst/inst/gt_top_i/pipe_wrapper_i/pipe_clock_int.pipe_clock_i/txoutclk_i.txoutclk_i/O
                         net (fo=1, routed)           0.818     1.355    XDMA/inst/xdma_v41_m1_pcie2_to_pcie3_wrapper_i/pcie2_ip_i/inst/inst/gt_top_i/pipe_wrapper_i/pipe_clock_int.pipe_clock_i/refclk
    MMCME2_ADV_X0Y0      MMCME2_ADV (Prop_mmcme2_adv_CLKIN1_CLKOUT2)
                                                      0.053     1.408 r  XDMA/inst/xdma_v41_m1_pcie2_to_pcie3_wrapper_i/pcie2_ip_i/inst/inst/gt_top_i/pipe_wrapper_i/pipe_clock_int.pipe_clock_i/mmcm_i/CLKOUT2
                         net (fo=1, routed)           0.534     1.942    XDMA/inst/xdma_v41_m1_pcie2_to_pcie3_wrapper_i/pcie2_ip_i/inst/inst/gt_top_i/pipe_wrapper_i/pipe_clock_int.pipe_clock_i/userclk1
    BUFGCTRL_X0Y0        BUFG (Prop_bufg_I_O)         0.029     1.971 r  XDMA/inst/xdma_v41_m1_pcie2_to_pcie3_wrapper_i/pcie2_ip_i/inst/inst/gt_top_i/pipe_wrapper_i/pipe_clock_int.pipe_clock_i/userclk1_i1.usrclk1_i1/O
                         net (fo=18985, routed)       0.916     2.887    XDMA/inst/udma_wrapper/dma_top/dma_pcie_req/dma_pcie_rc/tag_rrq_chn_info_mem_even_reg_0_31_0_5/WCLK
    SLICE_X34Y106        RAMD32                                       r  XDMA/inst/udma_wrapper/dma_top/dma_pcie_req/dma_pcie_rc/tag_rrq_chn_info_mem_even_reg_0_31_0_5/RAMC_D1/CLK
                         clock pessimism             -0.617     2.270    
    SLICE_X34Y106        RAMD32 (Hold_ramd32_CLK_WADR2)
                                                      0.201     2.471    XDMA/inst/udma_wrapper/dma_top/dma_pcie_req/dma_pcie_rc/tag_rrq_chn_info_mem_even_reg_0_31_0_5/RAMC_D1
  -------------------------------------------------------------------
                         required time                         -2.471    
                         arrival time                           2.538    
  -------------------------------------------------------------------
                         slack                                  0.066    

Slack (MET) :             0.066ns  (arrival time - required time)
  Source:                 XDMA/inst/udma_wrapper/dma_top/dma_pcie_req/dma_pcie_rq/tlp_rrq_tag_ff_reg[0][3]/C
                            (rising edge-triggered cell FDRE clocked by userclk1  {rise@0.000ns fall@8.000ns period=16.000ns})
  Destination:            XDMA/inst/udma_wrapper/dma_top/dma_pcie_req/dma_pcie_rc/tag_rrq_chn_info_mem_even_reg_0_31_0_5/RAMD/ADR2
                            (rising edge-triggered cell RAMS32 clocked by userclk1  {rise@0.000ns fall@8.000ns period=16.000ns})
  Path Group:             userclk1
  Path Type:              Hold (Min at Fast Process Corner)
  Requirement:            0.000ns  (userclk1 rise@0.000ns - userclk1 rise@0.000ns)
  Data Path Delay:        0.280ns  (logic 0.128ns (45.643%)  route 0.152ns (54.357%))
  Logic Levels:           0  
  Clock Path Skew:        0.013ns (DCD - SCD - CPR)
    Destination Clock Delay (DCD):    2.887ns
    Source Clock Delay      (SCD):    2.257ns
    Clock Pessimism Removal (CPR):    0.617ns

    Location             Delay type                Incr(ns)  Path(ns)    Netlist Resource(s)
  -------------------------------------------------------------------    -------------------
                         (clock userclk1 rise edge)
                                                      0.000     0.000 r  
    GTPE2_CHANNEL_X0Y3   GTPE2_CHANNEL                0.000     0.000 r  XDMA/inst/xdma_v41_m1_pcie2_to_pcie3_wrapper_i/pcie2_ip_i/inst/inst/gt_top_i/pipe_wrapper_i/pipe_lane[0].gt_wrapper_i/gtp_channel.gtpe2_channel_i/TXOUTCLK
                         net (fo=1, routed)           0.473     0.473    XDMA/inst/xdma_v41_m1_pcie2_to_pcie3_wrapper_i/pcie2_ip_i/inst/inst/gt_top_i/pipe_wrapper_i/pipe_clock_int.pipe_clock_i/txoutclk_i.txoutclk_i_0
    BUFGCTRL_X0Y20       BUFG (Prop_bufg_I_O)         0.026     0.499 r  XDMA/inst/xdma_v41_m1_pcie2_to_pcie3_wrapper_i/pcie2_ip_i/inst/inst/gt_top_i/pipe_wrapper_i/pipe_clock_int.pipe_clock_i/txoutclk_i.txoutclk_i/O
                         net (fo=1, routed)           0.551     1.050    XDMA/inst/xdma_v41_m1_pcie2_to_pcie3_wrapper_i/pcie2_ip_i/inst/inst/gt_top_i/pipe_wrapper_i/pipe_clock_int.pipe_clock_i/refclk
    MMCME2_ADV_X0Y0      MMCME2_ADV (Prop_mmcme2_adv_CLKIN1_CLKOUT2)
                                                      0.050     1.100 r  XDMA/inst/xdma_v41_m1_pcie2_to_pcie3_wrapper_i/pcie2_ip_i/inst/inst/gt_top_i/pipe_wrapper_i/pipe_clock_int.pipe_clock_i/mmcm_i/CLKOUT2
                         net (fo=1, routed)           0.489     1.589    XDMA/inst/xdma_v41_m1_pcie2_to_pcie3_wrapper_i/pcie2_ip_i/inst/inst/gt_top_i/pipe_wrapper_i/pipe_clock_int.pipe_clock_i/userclk1
    BUFGCTRL_X0Y0        BUFG (Prop_bufg_I_O)         0.026     1.615 r  XDMA/inst/xdma_v41_m1_pcie2_to_pcie3_wrapper_i/pcie2_ip_i/inst/inst/gt_top_i/pipe_wrapper_i/pipe_clock_int.pipe_clock_i/userclk1_i1.usrclk1_i1/O
                         net (fo=18985, routed)       0.642     2.257    XDMA/inst/udma_wrapper/dma_top/dma_pcie_req/dma_pcie_rq/user_clk
    SLICE_X35Y106        FDRE                                         r  XDMA/inst/udma_wrapper/dma_top/dma_pcie_req/dma_pcie_rq/tlp_rrq_tag_ff_reg[0][3]/C
  -------------------------------------------------------------------    -------------------
    SLICE_X35Y106        FDRE (Prop_fdre_C_Q)         0.128     2.385 r  XDMA/inst/udma_wrapper/dma_top/dma_pcie_req/dma_pcie_rq/tlp_rrq_tag_ff_reg[0][3]/Q
                         net (fo=56, routed)          0.152     2.538    XDMA/inst/udma_wrapper/dma_top/dma_pcie_req/dma_pcie_rc/tag_rrq_chn_info_mem_even_reg_0_31_0_5/ADDRD2
    SLICE_X34Y106        RAMS32                                       r  XDMA/inst/udma_wrapper/dma_top/dma_pcie_req/dma_pcie_rc/tag_rrq_chn_info_mem_even_reg_0_31_0_5/RAMD/ADR2
  -------------------------------------------------------------------    -------------------

                         (clock userclk1 rise edge)
                                                      0.000     0.000 r  
    GTPE2_CHANNEL_X0Y3   GTPE2_CHANNEL                0.000     0.000 r  XDMA/inst/xdma_v41_m1_pcie2_to_pcie3_wrapper_i/pcie2_ip_i/inst/inst/gt_top_i/pipe_wrapper_i/pipe_lane[0].gt_wrapper_i/gtp_channel.gtpe2_channel_i/TXOUTCLK
                         net (fo=1, routed)           0.509     0.509    XDMA/inst/xdma_v41_m1_pcie2_to_pcie3_wrapper_i/pcie2_ip_i/inst/inst/gt_top_i/pipe_wrapper_i/pipe_clock_int.pipe_clock_i/txoutclk_i.txoutclk_i_0
    BUFGCTRL_X0Y20       BUFG (Prop_bufg_I_O)         0.029     0.538 r  XDMA/inst/xdma_v41_m1_pcie2_to_pcie3_wrapper_i/pcie2_ip_i/inst/inst/gt_top_i/pipe_wrapper_i/pipe_clock_int.pipe_clock_i/txoutclk_i.txoutclk_i/O
                         net (fo=1, routed)           0.818     1.355    XDMA/inst/xdma_v41_m1_pcie2_to_pcie3_wrapper_i/pcie2_ip_i/inst/inst/gt_top_i/pipe_wrapper_i/pipe_clock_int.pipe_clock_i/refclk
    MMCME2_ADV_X0Y0      MMCME2_ADV (Prop_mmcme2_adv_CLKIN1_CLKOUT2)
                                                      0.053     1.408 r  XDMA/inst/xdma_v41_m1_pcie2_to_pcie3_wrapper_i/pcie2_ip_i/inst/inst/gt_top_i/pipe_wrapper_i/pipe_clock_int.pipe_clock_i/mmcm_i/CLKOUT2
                         net (fo=1, routed)           0.534     1.942    XDMA/inst/xdma_v41_m1_pcie2_to_pcie3_wrapper_i/pcie2_ip_i/inst/inst/gt_top_i/pipe_wrapper_i/pipe_clock_int.pipe_clock_i/userclk1
    BUFGCTRL_X0Y0        BUFG (Prop_bufg_I_O)         0.029     1.971 r  XDMA/inst/xdma_v41_m1_pcie2_to_pcie3_wrapper_i/pcie2_ip_i/inst/inst/gt_top_i/pipe_wrapper_i/pipe_clock_int.pipe_clock_i/userclk1_i1.usrclk1_i1/O
                         net (fo=18985, routed)       0.916     2.887    XDMA/inst/udma_wrapper/dma_top/dma_pcie_req/dma_pcie_rc/tag_rrq_chn_info_mem_even_reg_0_31_0_5/WCLK
    SLICE_X34Y106        RAMS32                                       r  XDMA/inst/udma_wrapper/dma_top/dma_pcie_req/dma_pcie_rc/tag_rrq_chn_info_mem_even_reg_0_31_0_5/RAMD/CLK
                         clock pessimism             -0.617     2.270    
    SLICE_X34Y106        RAMS32 (Hold_rams32_CLK_ADR2)
                                                      0.201     2.471    XDMA/inst/udma_wrapper/dma_top/dma_pcie_req/dma_pcie_rc/tag_rrq_chn_info_mem_even_reg_0_31_0_5/RAMD
  -------------------------------------------------------------------
                         required time                         -2.471    
                         arrival time                           2.538    
  -------------------------------------------------------------------
                         slack                                  0.066    

Slack (MET) :             0.066ns  (arrival time - required time)
  Source:                 XDMA/inst/udma_wrapper/dma_top/dma_pcie_req/dma_pcie_rq/tlp_rrq_tag_ff_reg[0][3]/C
                            (rising edge-triggered cell FDRE clocked by userclk1  {rise@0.000ns fall@8.000ns period=16.000ns})
  Destination:            XDMA/inst/udma_wrapper/dma_top/dma_pcie_req/dma_pcie_rc/tag_rrq_chn_info_mem_even_reg_0_31_0_5/RAMD_D1/ADR2
                            (rising edge-triggered cell RAMS32 clocked by userclk1  {rise@0.000ns fall@8.000ns period=16.000ns})
  Path Group:             userclk1
  Path Type:              Hold (Min at Fast Process Corner)
  Requirement:            0.000ns  (userclk1 rise@0.000ns - userclk1 rise@0.000ns)
  Data Path Delay:        0.280ns  (logic 0.128ns (45.643%)  route 0.152ns (54.357%))
  Logic Levels:           0  
  Clock Path Skew:        0.013ns (DCD - SCD - CPR)
    Destination Clock Delay (DCD):    2.887ns
    Source Clock Delay      (SCD):    2.257ns
    Clock Pessimism Removal (CPR):    0.617ns

    Location             Delay type                Incr(ns)  Path(ns)    Netlist Resource(s)
  -------------------------------------------------------------------    -------------------
                         (clock userclk1 rise edge)
                                                      0.000     0.000 r  
    GTPE2_CHANNEL_X0Y3   GTPE2_CHANNEL                0.000     0.000 r  XDMA/inst/xdma_v41_m1_pcie2_to_pcie3_wrapper_i/pcie2_ip_i/inst/inst/gt_top_i/pipe_wrapper_i/pipe_lane[0].gt_wrapper_i/gtp_channel.gtpe2_channel_i/TXOUTCLK
                         net (fo=1, routed)           0.473     0.473    XDMA/inst/xdma_v41_m1_pcie2_to_pcie3_wrapper_i/pcie2_ip_i/inst/inst/gt_top_i/pipe_wrapper_i/pipe_clock_int.pipe_clock_i/txoutclk_i.txoutclk_i_0
    BUFGCTRL_X0Y20       BUFG (Prop_bufg_I_O)         0.026     0.499 r  XDMA/inst/xdma_v41_m1_pcie2_to_pcie3_wrapper_i/pcie2_ip_i/inst/inst/gt_top_i/pipe_wrapper_i/pipe_clock_int.pipe_clock_i/txoutclk_i.txoutclk_i/O
                         net (fo=1, routed)           0.551     1.050    XDMA/inst/xdma_v41_m1_pcie2_to_pcie3_wrapper_i/pcie2_ip_i/inst/inst/gt_top_i/pipe_wrapper_i/pipe_clock_int.pipe_clock_i/refclk
    MMCME2_ADV_X0Y0      MMCME2_ADV (Prop_mmcme2_adv_CLKIN1_CLKOUT2)
                                                      0.050     1.100 r  XDMA/inst/xdma_v41_m1_pcie2_to_pcie3_wrapper_i/pcie2_ip_i/inst/inst/gt_top_i/pipe_wrapper_i/pipe_clock_int.pipe_clock_i/mmcm_i/CLKOUT2
                         net (fo=1, routed)           0.489     1.589    XDMA/inst/xdma_v41_m1_pcie2_to_pcie3_wrapper_i/pcie2_ip_i/inst/inst/gt_top_i/pipe_wrapper_i/pipe_clock_int.pipe_clock_i/userclk1
    BUFGCTRL_X0Y0        BUFG (Prop_bufg_I_O)         0.026     1.615 r  XDMA/inst/xdma_v41_m1_pcie2_to_pcie3_wrapper_i/pcie2_ip_i/inst/inst/gt_top_i/pipe_wrapper_i/pipe_clock_int.pipe_clock_i/userclk1_i1.usrclk1_i1/O
                         net (fo=18985, routed)       0.642     2.257    XDMA/inst/udma_wrapper/dma_top/dma_pcie_req/dma_pcie_rq/user_clk
    SLICE_X35Y106        FDRE                                         r  XDMA/inst/udma_wrapper/dma_top/dma_pcie_req/dma_pcie_rq/tlp_rrq_tag_ff_reg[0][3]/C
  -------------------------------------------------------------------    -------------------
    SLICE_X35Y106        FDRE (Prop_fdre_C_Q)         0.128     2.385 r  XDMA/inst/udma_wrapper/dma_top/dma_pcie_req/dma_pcie_rq/tlp_rrq_tag_ff_reg[0][3]/Q
                         net (fo=56, routed)          0.152     2.538    XDMA/inst/udma_wrapper/dma_top/dma_pcie_req/dma_pcie_rc/tag_rrq_chn_info_mem_even_reg_0_31_0_5/ADDRD2
    SLICE_X34Y106        RAMS32                                       r  XDMA/inst/udma_wrapper/dma_top/dma_pcie_req/dma_pcie_rc/tag_rrq_chn_info_mem_even_reg_0_31_0_5/RAMD_D1/ADR2
  -------------------------------------------------------------------    -------------------

                         (clock userclk1 rise edge)
                                                      0.000     0.000 r  
    GTPE2_CHANNEL_X0Y3   GTPE2_CHANNEL                0.000     0.000 r  XDMA/inst/xdma_v41_m1_pcie2_to_pcie3_wrapper_i/pcie2_ip_i/inst/inst/gt_top_i/pipe_wrapper_i/pipe_lane[0].gt_wrapper_i/gtp_channel.gtpe2_channel_i/TXOUTCLK
                         net (fo=1, routed)           0.509     0.509    XDMA/inst/xdma_v41_m1_pcie2_to_pcie3_wrapper_i/pcie2_ip_i/inst/inst/gt_top_i/pipe_wrapper_i/pipe_clock_int.pipe_clock_i/txoutclk_i.txoutclk_i_0
    BUFGCTRL_X0Y20       BUFG (Prop_bufg_I_O)         0.029     0.538 r  XDMA/inst/xdma_v41_m1_pcie2_to_pcie3_wrapper_i/pcie2_ip_i/inst/inst/gt_top_i/pipe_wrapper_i/pipe_clock_int.pipe_clock_i/txoutclk_i.txoutclk_i/O
                         net (fo=1, routed)           0.818     1.355    XDMA/inst/xdma_v41_m1_pcie2_to_pcie3_wrapper_i/pcie2_ip_i/inst/inst/gt_top_i/pipe_wrapper_i/pipe_clock_int.pipe_clock_i/refclk
    MMCME2_ADV_X0Y0      MMCME2_ADV (Prop_mmcme2_adv_CLKIN1_CLKOUT2)
                                                      0.053     1.408 r  XDMA/inst/xdma_v41_m1_pcie2_to_pcie3_wrapper_i/pcie2_ip_i/inst/inst/gt_top_i/pipe_wrapper_i/pipe_clock_int.pipe_clock_i/mmcm_i/CLKOUT2
                         net (fo=1, routed)           0.534     1.942    XDMA/inst/xdma_v41_m1_pcie2_to_pcie3_wrapper_i/pcie2_ip_i/inst/inst/gt_top_i/pipe_wrapper_i/pipe_clock_int.pipe_clock_i/userclk1
    BUFGCTRL_X0Y0        BUFG (Prop_bufg_I_O)         0.029     1.971 r  XDMA/inst/xdma_v41_m1_pcie2_to_pcie3_wrapper_i/pcie2_ip_i/inst/inst/gt_top_i/pipe_wrapper_i/pipe_clock_int.pipe_clock_i/userclk1_i1.usrclk1_i1/O
                         net (fo=18985, routed)       0.916     2.887    XDMA/inst/udma_wrapper/dma_top/dma_pcie_req/dma_pcie_rc/tag_rrq_chn_info_mem_even_reg_0_31_0_5/WCLK
    SLICE_X34Y106        RAMS32                                       r  XDMA/inst/udma_wrapper/dma_top/dma_pcie_req/dma_pcie_rc/tag_rrq_chn_info_mem_even_reg_0_31_0_5/RAMD_D1/CLK
                         clock pessimism             -0.617     2.270    
    SLICE_X34Y106        RAMS32 (Hold_rams32_CLK_ADR2)
                                                      0.201     2.471    XDMA/inst/udma_wrapper/dma_top/dma_pcie_req/dma_pcie_rc/tag_rrq_chn_info_mem_even_reg_0_31_0_5/RAMD_D1
  -------------------------------------------------------------------
                         required time                         -2.471    
                         arrival time                           2.538    
  -------------------------------------------------------------------
                         slack                                  0.066    

Slack (MET) :             0.067ns  (arrival time - required time)
  Source:                 XDMA/inst/xdma_v41_m1_pcie2_to_pcie3_wrapper_i/pcie2_ip_i/inst/inst/pcie_top_i/pcie_7x_i/pcie_bram_top/pcie_brams_tx/brams[1].ram/use_tdp.ramb36/genblk5_0.bram36_tdp_bl.bram36_tdp_bl/CLKBWRCLK
                            (rising edge-triggered cell RAMB36E1 clocked by userclk1  {rise@0.000ns fall@8.000ns period=16.000ns})
  Destination:            XDMA/inst/xdma_v41_m1_pcie2_to_pcie3_wrapper_i/pcie2_ip_i/inst/inst/pcie_top_i/pcie_7x_i/pcie_block_i/MIMTXRDATA[29]
                            (rising edge-triggered cell PCIE_2_1 clocked by userclk1  {rise@0.000ns fall@8.000ns period=16.000ns})
  Path Group:             userclk1
  Path Type:              Hold (Min at Fast Process Corner)
  Requirement:            0.000ns  (userclk1 rise@0.000ns - userclk1 rise@0.000ns)
  Data Path Delay:        0.796ns  (logic 0.204ns (25.628%)  route 0.592ns (74.372%))
  Logic Levels:           0  
  Clock Path Skew:        0.229ns (DCD - SCD - CPR)
    Destination Clock Delay (DCD):    2.887ns
    Source Clock Delay      (SCD):    2.292ns
    Clock Pessimism Removal (CPR):    0.365ns

    Location             Delay type                Incr(ns)  Path(ns)    Netlist Resource(s)
  -------------------------------------------------------------------    -------------------
                         (clock userclk1 rise edge)
                                                      0.000     0.000 r  
    GTPE2_CHANNEL_X0Y3   GTPE2_CHANNEL                0.000     0.000 r  XDMA/inst/xdma_v41_m1_pcie2_to_pcie3_wrapper_i/pcie2_ip_i/inst/inst/gt_top_i/pipe_wrapper_i/pipe_lane[0].gt_wrapper_i/gtp_channel.gtpe2_channel_i/TXOUTCLK
                         net (fo=1, routed)           0.473     0.473    XDMA/inst/xdma_v41_m1_pcie2_to_pcie3_wrapper_i/pcie2_ip_i/inst/inst/gt_top_i/pipe_wrapper_i/pipe_clock_int.pipe_clock_i/txoutclk_i.txoutclk_i_0
    BUFGCTRL_X0Y20       BUFG (Prop_bufg_I_O)         0.026     0.499 r  XDMA/inst/xdma_v41_m1_pcie2_to_pcie3_wrapper_i/pcie2_ip_i/inst/inst/gt_top_i/pipe_wrapper_i/pipe_clock_int.pipe_clock_i/txoutclk_i.txoutclk_i/O
                         net (fo=1, routed)           0.551     1.050    XDMA/inst/xdma_v41_m1_pcie2_to_pcie3_wrapper_i/pcie2_ip_i/inst/inst/gt_top_i/pipe_wrapper_i/pipe_clock_int.pipe_clock_i/refclk
    MMCME2_ADV_X0Y0      MMCME2_ADV (Prop_mmcme2_adv_CLKIN1_CLKOUT2)
                                                      0.050     1.100 r  XDMA/inst/xdma_v41_m1_pcie2_to_pcie3_wrapper_i/pcie2_ip_i/inst/inst/gt_top_i/pipe_wrapper_i/pipe_clock_int.pipe_clock_i/mmcm_i/CLKOUT2
                         net (fo=1, routed)           0.489     1.589    XDMA/inst/xdma_v41_m1_pcie2_to_pcie3_wrapper_i/pcie2_ip_i/inst/inst/gt_top_i/pipe_wrapper_i/pipe_clock_int.pipe_clock_i/userclk1
    BUFGCTRL_X0Y0        BUFG (Prop_bufg_I_O)         0.026     1.615 r  XDMA/inst/xdma_v41_m1_pcie2_to_pcie3_wrapper_i/pcie2_ip_i/inst/inst/gt_top_i/pipe_wrapper_i/pipe_clock_int.pipe_clock_i/userclk1_i1.usrclk1_i1/O
                         net (fo=18985, routed)       0.677     2.292    XDMA/inst/xdma_v41_m1_pcie2_to_pcie3_wrapper_i/pcie2_ip_i/inst/inst/pcie_top_i/pcie_7x_i/pcie_bram_top/pcie_brams_tx/brams[1].ram/use_tdp.ramb36/INT_USERCLK2_OUT
    RAMB36_X0Y22         RAMB36E1                                     r  XDMA/inst/xdma_v41_m1_pcie2_to_pcie3_wrapper_i/pcie2_ip_i/inst/inst/pcie_top_i/pcie_7x_i/pcie_bram_top/pcie_brams_tx/brams[1].ram/use_tdp.ramb36/genblk5_0.bram36_tdp_bl.bram36_tdp_bl/CLKBWRCLK
  -------------------------------------------------------------------    -------------------
    RAMB36_X0Y22         RAMB36E1 (Prop_ramb36e1_CLKBWRCLK_DOBDO[10])
                                                      0.204     2.496 r  XDMA/inst/xdma_v41_m1_pcie2_to_pcie3_wrapper_i/pcie2_ip_i/inst/inst/pcie_top_i/pcie_7x_i/pcie_bram_top/pcie_brams_tx/brams[1].ram/use_tdp.ramb36/genblk5_0.bram36_tdp_bl.bram36_tdp_bl/DOBDO[10]
                         net (fo=1, routed)           0.592     3.088    XDMA/inst/xdma_v41_m1_pcie2_to_pcie3_wrapper_i/pcie2_ip_i/inst/inst/pcie_top_i/pcie_7x_i/mim_tx_rdata[29]
    PCIE_X0Y0            PCIE_2_1                                     r  XDMA/inst/xdma_v41_m1_pcie2_to_pcie3_wrapper_i/pcie2_ip_i/inst/inst/pcie_top_i/pcie_7x_i/pcie_block_i/MIMTXRDATA[29]
  -------------------------------------------------------------------    -------------------

                         (clock userclk1 rise edge)
                                                      0.000     0.000 r  
    GTPE2_CHANNEL_X0Y3   GTPE2_CHANNEL                0.000     0.000 r  XDMA/inst/xdma_v41_m1_pcie2_to_pcie3_wrapper_i/pcie2_ip_i/inst/inst/gt_top_i/pipe_wrapper_i/pipe_lane[0].gt_wrapper_i/gtp_channel.gtpe2_channel_i/TXOUTCLK
                         net (fo=1, routed)           0.509     0.509    XDMA/inst/xdma_v41_m1_pcie2_to_pcie3_wrapper_i/pcie2_ip_i/inst/inst/gt_top_i/pipe_wrapper_i/pipe_clock_int.pipe_clock_i/txoutclk_i.txoutclk_i_0
    BUFGCTRL_X0Y20       BUFG (Prop_bufg_I_O)         0.029     0.538 r  XDMA/inst/xdma_v41_m1_pcie2_to_pcie3_wrapper_i/pcie2_ip_i/inst/inst/gt_top_i/pipe_wrapper_i/pipe_clock_int.pipe_clock_i/txoutclk_i.txoutclk_i/O
                         net (fo=1, routed)           0.818     1.355    XDMA/inst/xdma_v41_m1_pcie2_to_pcie3_wrapper_i/pcie2_ip_i/inst/inst/gt_top_i/pipe_wrapper_i/pipe_clock_int.pipe_clock_i/refclk
    MMCME2_ADV_X0Y0      MMCME2_ADV (Prop_mmcme2_adv_CLKIN1_CLKOUT2)
                                                      0.053     1.408 r  XDMA/inst/xdma_v41_m1_pcie2_to_pcie3_wrapper_i/pcie2_ip_i/inst/inst/gt_top_i/pipe_wrapper_i/pipe_clock_int.pipe_clock_i/mmcm_i/CLKOUT2
                         net (fo=1, routed)           0.534     1.942    XDMA/inst/xdma_v41_m1_pcie2_to_pcie3_wrapper_i/pcie2_ip_i/inst/inst/gt_top_i/pipe_wrapper_i/pipe_clock_int.pipe_clock_i/userclk1
    BUFGCTRL_X0Y0        BUFG (Prop_bufg_I_O)         0.029     1.971 r  XDMA/inst/xdma_v41_m1_pcie2_to_pcie3_wrapper_i/pcie2_ip_i/inst/inst/gt_top_i/pipe_wrapper_i/pipe_clock_int.pipe_clock_i/userclk1_i1.usrclk1_i1/O
                         net (fo=18985, routed)       0.916     2.887    XDMA/inst/xdma_v41_m1_pcie2_to_pcie3_wrapper_i/pcie2_ip_i/inst/inst/pcie_top_i/pcie_7x_i/INT_USERCLK2_OUT
    PCIE_X0Y0            PCIE_2_1                                     r  XDMA/inst/xdma_v41_m1_pcie2_to_pcie3_wrapper_i/pcie2_ip_i/inst/inst/pcie_top_i/pcie_7x_i/pcie_block_i/USERCLK
                         clock pessimism             -0.365     2.521    
    PCIE_X0Y0            PCIE_2_1 (Hold_pcie_2_1_USERCLK_MIMTXRDATA[29])
                                                      0.500     3.021    XDMA/inst/xdma_v41_m1_pcie2_to_pcie3_wrapper_i/pcie2_ip_i/inst/inst/pcie_top_i/pcie_7x_i/pcie_block_i
  -------------------------------------------------------------------
                         required time                         -3.021    
                         arrival time                           3.088    
  -------------------------------------------------------------------
                         slack                                  0.067    

Slack (MET) :             0.068ns  (arrival time - required time)
  Source:                 XDMA/inst/udma_wrapper/dma_top/dma_pcie_req/dma_pcie_rq/wrq_btlen_ff_reg[0]/C
                            (rising edge-triggered cell FDRE clocked by userclk1  {rise@0.000ns fall@8.000ns period=16.000ns})
  Destination:            XDMA/inst/udma_wrapper/dma_top/dma_pcie_req/dma_pcie_rq/wtlp_hdr_500_reg[62]/D
                            (rising edge-triggered cell FDRE clocked by userclk1  {rise@0.000ns fall@8.000ns period=16.000ns})
  Path Group:             userclk1
  Path Type:              Hold (Min at Fast Process Corner)
  Requirement:            0.000ns  (userclk1 rise@0.000ns - userclk1 rise@0.000ns)
  Data Path Delay:        0.394ns  (logic 0.141ns (35.797%)  route 0.253ns (64.203%))
  Logic Levels:           0  
  Clock Path Skew:        0.263ns (DCD - SCD - CPR)
    Destination Clock Delay (DCD):    2.793ns
    Source Clock Delay      (SCD):    2.170ns
    Clock Pessimism Removal (CPR):    0.361ns

    Location             Delay type                Incr(ns)  Path(ns)    Netlist Resource(s)
  -------------------------------------------------------------------    -------------------
                         (clock userclk1 rise edge)
                                                      0.000     0.000 r  
    GTPE2_CHANNEL_X0Y3   GTPE2_CHANNEL                0.000     0.000 r  XDMA/inst/xdma_v41_m1_pcie2_to_pcie3_wrapper_i/pcie2_ip_i/inst/inst/gt_top_i/pipe_wrapper_i/pipe_lane[0].gt_wrapper_i/gtp_channel.gtpe2_channel_i/TXOUTCLK
                         net (fo=1, routed)           0.473     0.473    XDMA/inst/xdma_v41_m1_pcie2_to_pcie3_wrapper_i/pcie2_ip_i/inst/inst/gt_top_i/pipe_wrapper_i/pipe_clock_int.pipe_clock_i/txoutclk_i.txoutclk_i_0
    BUFGCTRL_X0Y20       BUFG (Prop_bufg_I_O)         0.026     0.499 r  XDMA/inst/xdma_v41_m1_pcie2_to_pcie3_wrapper_i/pcie2_ip_i/inst/inst/gt_top_i/pipe_wrapper_i/pipe_clock_int.pipe_clock_i/txoutclk_i.txoutclk_i/O
                         net (fo=1, routed)           0.551     1.050    XDMA/inst/xdma_v41_m1_pcie2_to_pcie3_wrapper_i/pcie2_ip_i/inst/inst/gt_top_i/pipe_wrapper_i/pipe_clock_int.pipe_clock_i/refclk
    MMCME2_ADV_X0Y0      MMCME2_ADV (Prop_mmcme2_adv_CLKIN1_CLKOUT2)
                                                      0.050     1.100 r  XDMA/inst/xdma_v41_m1_pcie2_to_pcie3_wrapper_i/pcie2_ip_i/inst/inst/gt_top_i/pipe_wrapper_i/pipe_clock_int.pipe_clock_i/mmcm_i/CLKOUT2
                         net (fo=1, routed)           0.489     1.589    XDMA/inst/xdma_v41_m1_pcie2_to_pcie3_wrapper_i/pcie2_ip_i/inst/inst/gt_top_i/pipe_wrapper_i/pipe_clock_int.pipe_clock_i/userclk1
    BUFGCTRL_X0Y0        BUFG (Prop_bufg_I_O)         0.026     1.615 r  XDMA/inst/xdma_v41_m1_pcie2_to_pcie3_wrapper_i/pcie2_ip_i/inst/inst/gt_top_i/pipe_wrapper_i/pipe_clock_int.pipe_clock_i/userclk1_i1.usrclk1_i1/O
                         net (fo=18985, routed)       0.555     2.170    XDMA/inst/udma_wrapper/dma_top/dma_pcie_req/dma_pcie_rq/user_clk
    SLICE_X35Y83         FDRE                                         r  XDMA/inst/udma_wrapper/dma_top/dma_pcie_req/dma_pcie_rq/wrq_btlen_ff_reg[0]/C
  -------------------------------------------------------------------    -------------------
    SLICE_X35Y83         FDRE (Prop_fdre_C_Q)         0.141     2.311 r  XDMA/inst/udma_wrapper/dma_top/dma_pcie_req/dma_pcie_rq/wrq_btlen_ff_reg[0]/Q
                         net (fo=1, routed)           0.253     2.564    XDMA/inst/udma_wrapper/dma_top/dma_pcie_req/dma_pcie_rq/wrq_btlen_ff[0]
    SLICE_X37Y83         FDRE                                         r  XDMA/inst/udma_wrapper/dma_top/dma_pcie_req/dma_pcie_rq/wtlp_hdr_500_reg[62]/D
  -------------------------------------------------------------------    -------------------

                         (clock userclk1 rise edge)
                                                      0.000     0.000 r  
    GTPE2_CHANNEL_X0Y3   GTPE2_CHANNEL                0.000     0.000 r  XDMA/inst/xdma_v41_m1_pcie2_to_pcie3_wrapper_i/pcie2_ip_i/inst/inst/gt_top_i/pipe_wrapper_i/pipe_lane[0].gt_wrapper_i/gtp_channel.gtpe2_channel_i/TXOUTCLK
                         net (fo=1, routed)           0.509     0.509    XDMA/inst/xdma_v41_m1_pcie2_to_pcie3_wrapper_i/pcie2_ip_i/inst/inst/gt_top_i/pipe_wrapper_i/pipe_clock_int.pipe_clock_i/txoutclk_i.txoutclk_i_0
    BUFGCTRL_X0Y20       BUFG (Prop_bufg_I_O)         0.029     0.538 r  XDMA/inst/xdma_v41_m1_pcie2_to_pcie3_wrapper_i/pcie2_ip_i/inst/inst/gt_top_i/pipe_wrapper_i/pipe_clock_int.pipe_clock_i/txoutclk_i.txoutclk_i/O
                         net (fo=1, routed)           0.818     1.355    XDMA/inst/xdma_v41_m1_pcie2_to_pcie3_wrapper_i/pcie2_ip_i/inst/inst/gt_top_i/pipe_wrapper_i/pipe_clock_int.pipe_clock_i/refclk
    MMCME2_ADV_X0Y0      MMCME2_ADV (Prop_mmcme2_adv_CLKIN1_CLKOUT2)
                                                      0.053     1.408 r  XDMA/inst/xdma_v41_m1_pcie2_to_pcie3_wrapper_i/pcie2_ip_i/inst/inst/gt_top_i/pipe_wrapper_i/pipe_clock_int.pipe_clock_i/mmcm_i/CLKOUT2
                         net (fo=1, routed)           0.534     1.942    XDMA/inst/xdma_v41_m1_pcie2_to_pcie3_wrapper_i/pcie2_ip_i/inst/inst/gt_top_i/pipe_wrapper_i/pipe_clock_int.pipe_clock_i/userclk1
    BUFGCTRL_X0Y0        BUFG (Prop_bufg_I_O)         0.029     1.971 r  XDMA/inst/xdma_v41_m1_pcie2_to_pcie3_wrapper_i/pcie2_ip_i/inst/inst/gt_top_i/pipe_wrapper_i/pipe_clock_int.pipe_clock_i/userclk1_i1.usrclk1_i1/O
                         net (fo=18985, routed)       0.822     2.793    XDMA/inst/udma_wrapper/dma_top/dma_pcie_req/dma_pcie_rq/user_clk
    SLICE_X37Y83         FDRE                                         r  XDMA/inst/udma_wrapper/dma_top/dma_pcie_req/dma_pcie_rq/wtlp_hdr_500_reg[62]/C
                         clock pessimism             -0.361     2.432    
    SLICE_X37Y83         FDRE (Hold_fdre_C_D)         0.063     2.495    XDMA/inst/udma_wrapper/dma_top/dma_pcie_req/dma_pcie_rq/wtlp_hdr_500_reg[62]
  -------------------------------------------------------------------
                         required time                         -2.496    
                         arrival time                           2.564    
  -------------------------------------------------------------------
                         slack                                  0.068    

Slack (MET) :             0.071ns  (arrival time - required time)
  Source:                 GEN_NVP_VIDEO_DIAG_CORE.NVP_VIDEO_DIAG_CORE/mmio_rsp_rdata_reg[28]/C
                            (rising edge-triggered cell FDRE clocked by userclk1  {rise@0.000ns fall@8.000ns period=16.000ns})
  Destination:            AXI_LITE_HOST_BRIDGE/s_axi_rdata_reg[28]/D
                            (rising edge-triggered cell FDRE clocked by userclk1  {rise@0.000ns fall@8.000ns period=16.000ns})
  Path Group:             userclk1
  Path Type:              Hold (Min at Fast Process Corner)
  Requirement:            0.000ns  (userclk1 rise@0.000ns - userclk1 rise@0.000ns)
  Data Path Delay:        0.427ns  (logic 0.186ns (43.580%)  route 0.241ns (56.420%))
  Logic Levels:           1  (LUT5=1)
  Clock Path Skew:        0.264ns (DCD - SCD - CPR)
    Destination Clock Delay (DCD):    2.800ns
    Source Clock Delay      (SCD):    2.176ns
    Clock Pessimism Removal (CPR):    0.361ns

    Location             Delay type                Incr(ns)  Path(ns)    Netlist Resource(s)
  -------------------------------------------------------------------    -------------------
                         (clock userclk1 rise edge)
                                                      0.000     0.000 r  
    GTPE2_CHANNEL_X0Y3   GTPE2_CHANNEL                0.000     0.000 r  XDMA/inst/xdma_v41_m1_pcie2_to_pcie3_wrapper_i/pcie2_ip_i/inst/inst/gt_top_i/pipe_wrapper_i/pipe_lane[0].gt_wrapper_i/gtp_channel.gtpe2_channel_i/TXOUTCLK
                         net (fo=1, routed)           0.473     0.473    XDMA/inst/xdma_v41_m1_pcie2_to_pcie3_wrapper_i/pcie2_ip_i/inst/inst/gt_top_i/pipe_wrapper_i/pipe_clock_int.pipe_clock_i/txoutclk_i.txoutclk_i_0
    BUFGCTRL_X0Y20       BUFG (Prop_bufg_I_O)         0.026     0.499 r  XDMA/inst/xdma_v41_m1_pcie2_to_pcie3_wrapper_i/pcie2_ip_i/inst/inst/gt_top_i/pipe_wrapper_i/pipe_clock_int.pipe_clock_i/txoutclk_i.txoutclk_i/O
                         net (fo=1, routed)           0.551     1.050    XDMA/inst/xdma_v41_m1_pcie2_to_pcie3_wrapper_i/pcie2_ip_i/inst/inst/gt_top_i/pipe_wrapper_i/pipe_clock_int.pipe_clock_i/refclk
    MMCME2_ADV_X0Y0      MMCME2_ADV (Prop_mmcme2_adv_CLKIN1_CLKOUT2)
                                                      0.050     1.100 r  XDMA/inst/xdma_v41_m1_pcie2_to_pcie3_wrapper_i/pcie2_ip_i/inst/inst/gt_top_i/pipe_wrapper_i/pipe_clock_int.pipe_clock_i/mmcm_i/CLKOUT2
                         net (fo=1, routed)           0.489     1.589    XDMA/inst/xdma_v41_m1_pcie2_to_pcie3_wrapper_i/pcie2_ip_i/inst/inst/gt_top_i/pipe_wrapper_i/pipe_clock_int.pipe_clock_i/userclk1
    BUFGCTRL_X0Y0        BUFG (Prop_bufg_I_O)         0.026     1.615 r  XDMA/inst/xdma_v41_m1_pcie2_to_pcie3_wrapper_i/pcie2_ip_i/inst/inst/gt_top_i/pipe_wrapper_i/pipe_clock_int.pipe_clock_i/userclk1_i1.usrclk1_i1/O
                         net (fo=18985, routed)       0.561     2.176    GEN_NVP_VIDEO_DIAG_CORE.NVP_VIDEO_DIAG_CORE/axi_aclk
    SLICE_X29Y55         FDRE                                         r  GEN_NVP_VIDEO_DIAG_CORE.NVP_VIDEO_DIAG_CORE/mmio_rsp_rdata_reg[28]/C
  -------------------------------------------------------------------    -------------------
    SLICE_X29Y55         FDRE (Prop_fdre_C_Q)         0.141     2.317 r  GEN_NVP_VIDEO_DIAG_CORE.NVP_VIDEO_DIAG_CORE/mmio_rsp_rdata_reg[28]/Q
                         net (fo=1, routed)           0.241     2.558    G2B_MMIO_ROUTER/s_axi_rdata_reg[31][28]
    SLICE_X36Y56         LUT5 (Prop_lut5_I2_O)        0.045     2.603 r  G2B_MMIO_ROUTER/s_axi_rdata[28]_i_1/O
                         net (fo=1, routed)           0.000     2.603    AXI_LITE_HOST_BRIDGE/host_rsp_rdata[28]
    SLICE_X36Y56         FDRE                                         r  AXI_LITE_HOST_BRIDGE/s_axi_rdata_reg[28]/D
  -------------------------------------------------------------------    -------------------

                         (clock userclk1 rise edge)
                                                      0.000     0.000 r  
    GTPE2_CHANNEL_X0Y3   GTPE2_CHANNEL                0.000     0.000 r  XDMA/inst/xdma_v41_m1_pcie2_to_pcie3_wrapper_i/pcie2_ip_i/inst/inst/gt_top_i/pipe_wrapper_i/pipe_lane[0].gt_wrapper_i/gtp_channel.gtpe2_channel_i/TXOUTCLK
                         net (fo=1, routed)           0.509     0.509    XDMA/inst/xdma_v41_m1_pcie2_to_pcie3_wrapper_i/pcie2_ip_i/inst/inst/gt_top_i/pipe_wrapper_i/pipe_clock_int.pipe_clock_i/txoutclk_i.txoutclk_i_0
    BUFGCTRL_X0Y20       BUFG (Prop_bufg_I_O)         0.029     0.538 r  XDMA/inst/xdma_v41_m1_pcie2_to_pcie3_wrapper_i/pcie2_ip_i/inst/inst/gt_top_i/pipe_wrapper_i/pipe_clock_int.pipe_clock_i/txoutclk_i.txoutclk_i/O
                         net (fo=1, routed)           0.818     1.355    XDMA/inst/xdma_v41_m1_pcie2_to_pcie3_wrapper_i/pcie2_ip_i/inst/inst/gt_top_i/pipe_wrapper_i/pipe_clock_int.pipe_clock_i/refclk
    MMCME2_ADV_X0Y0      MMCME2_ADV (Prop_mmcme2_adv_CLKIN1_CLKOUT2)
                                                      0.053     1.408 r  XDMA/inst/xdma_v41_m1_pcie2_to_pcie3_wrapper_i/pcie2_ip_i/inst/inst/gt_top_i/pipe_wrapper_i/pipe_clock_int.pipe_clock_i/mmcm_i/CLKOUT2
                         net (fo=1, routed)           0.534     1.942    XDMA/inst/xdma_v41_m1_pcie2_to_pcie3_wrapper_i/pcie2_ip_i/inst/inst/gt_top_i/pipe_wrapper_i/pipe_clock_int.pipe_clock_i/userclk1
    BUFGCTRL_X0Y0        BUFG (Prop_bufg_I_O)         0.029     1.971 r  XDMA/inst/xdma_v41_m1_pcie2_to_pcie3_wrapper_i/pcie2_ip_i/inst/inst/gt_top_i/pipe_wrapper_i/pipe_clock_int.pipe_clock_i/userclk1_i1.usrclk1_i1/O
                         net (fo=18985, routed)       0.829     2.800    AXI_LITE_HOST_BRIDGE/axi_aclk
    SLICE_X36Y56         FDRE                                         r  AXI_LITE_HOST_BRIDGE/s_axi_rdata_reg[28]/C
                         clock pessimism             -0.361     2.439    
    SLICE_X36Y56         FDRE (Hold_fdre_C_D)         0.092     2.531    AXI_LITE_HOST_BRIDGE/s_axi_rdata_reg[28]
  -------------------------------------------------------------------
                         required time                         -2.532    
                         arrival time                           2.603    
  -------------------------------------------------------------------
                         slack                                  0.071    

Slack (MET) :             0.071ns  (arrival time - required time)
  Source:                 XDMA/inst/udma_wrapper/dma_top/dma_enable.vul_dma/RD/gen_rdwr_loop[0].gen_rdwr_eng.RDWR_INST/dsc_radr_nn1_reg[26]/C
                            (rising edge-triggered cell FDRE clocked by userclk1  {rise@0.000ns fall@8.000ns period=16.000ns})
  Destination:            XDMA/inst/udma_wrapper/dma_top/dma_enable.vul_dma/RD/gen_rdwr_loop[0].gen_rdwr_eng.RDWR_INST/rrq_dsc_radr_902_reg[26]/D
                            (rising edge-triggered cell FDRE clocked by userclk1  {rise@0.000ns fall@8.000ns period=16.000ns})
  Path Group:             userclk1
  Path Type:              Hold (Min at Fast Process Corner)
  Requirement:            0.000ns  (userclk1 rise@0.000ns - userclk1 rise@0.000ns)
  Data Path Delay:        0.454ns  (logic 0.209ns (46.050%)  route 0.245ns (53.950%))
  Logic Levels:           1  (LUT5=1)
  Clock Path Skew:        0.262ns (DCD - SCD - CPR)
    Destination Clock Delay (DCD):    2.786ns
    Source Clock Delay      (SCD):    2.164ns
    Clock Pessimism Removal (CPR):    0.361ns

    Location             Delay type                Incr(ns)  Path(ns)    Netlist Resource(s)
  -------------------------------------------------------------------    -------------------
                         (clock userclk1 rise edge)
                                                      0.000     0.000 r  
    GTPE2_CHANNEL_X0Y3   GTPE2_CHANNEL                0.000     0.000 r  XDMA/inst/xdma_v41_m1_pcie2_to_pcie3_wrapper_i/pcie2_ip_i/inst/inst/gt_top_i/pipe_wrapper_i/pipe_lane[0].gt_wrapper_i/gtp_channel.gtpe2_channel_i/TXOUTCLK
                         net (fo=1, routed)           0.473     0.473    XDMA/inst/xdma_v41_m1_pcie2_to_pcie3_wrapper_i/pcie2_ip_i/inst/inst/gt_top_i/pipe_wrapper_i/pipe_clock_int.pipe_clock_i/txoutclk_i.txoutclk_i_0
    BUFGCTRL_X0Y20       BUFG (Prop_bufg_I_O)         0.026     0.499 r  XDMA/inst/xdma_v41_m1_pcie2_to_pcie3_wrapper_i/pcie2_ip_i/inst/inst/gt_top_i/pipe_wrapper_i/pipe_clock_int.pipe_clock_i/txoutclk_i.txoutclk_i/O
                         net (fo=1, routed)           0.551     1.050    XDMA/inst/xdma_v41_m1_pcie2_to_pcie3_wrapper_i/pcie2_ip_i/inst/inst/gt_top_i/pipe_wrapper_i/pipe_clock_int.pipe_clock_i/refclk
    MMCME2_ADV_X0Y0      MMCME2_ADV (Prop_mmcme2_adv_CLKIN1_CLKOUT2)
                                                      0.050     1.100 r  XDMA/inst/xdma_v41_m1_pcie2_to_pcie3_wrapper_i/pcie2_ip_i/inst/inst/gt_top_i/pipe_wrapper_i/pipe_clock_int.pipe_clock_i/mmcm_i/CLKOUT2
                         net (fo=1, routed)           0.489     1.589    XDMA/inst/xdma_v41_m1_pcie2_to_pcie3_wrapper_i/pcie2_ip_i/inst/inst/gt_top_i/pipe_wrapper_i/pipe_clock_int.pipe_clock_i/userclk1
    BUFGCTRL_X0Y0        BUFG (Prop_bufg_I_O)         0.026     1.615 r  XDMA/inst/xdma_v41_m1_pcie2_to_pcie3_wrapper_i/pcie2_ip_i/inst/inst/gt_top_i/pipe_wrapper_i/pipe_clock_int.pipe_clock_i/userclk1_i1.usrclk1_i1/O
                         net (fo=18985, routed)       0.549     2.164    XDMA/inst/udma_wrapper/dma_top/dma_enable.vul_dma/RD/gen_rdwr_loop[0].gen_rdwr_eng.RDWR_INST/user_clk
    SLICE_X38Y76         FDRE                                         r  XDMA/inst/udma_wrapper/dma_top/dma_enable.vul_dma/RD/gen_rdwr_loop[0].gen_rdwr_eng.RDWR_INST/dsc_radr_nn1_reg[26]/C
  -------------------------------------------------------------------    -------------------
    SLICE_X38Y76         FDRE (Prop_fdre_C_Q)         0.164     2.328 r  XDMA/inst/udma_wrapper/dma_top/dma_enable.vul_dma/RD/gen_rdwr_loop[0].gen_rdwr_eng.RDWR_INST/dsc_radr_nn1_reg[26]/Q
                         net (fo=1, routed)           0.245     2.573    XDMA/inst/udma_wrapper/dma_top/dma_enable.vul_dma/RD/gen_rdwr_loop[0].gen_rdwr_eng.RDWR_INST/dsc_radr_nn1[26]
    SLICE_X34Y77         LUT5 (Prop_lut5_I0_O)        0.045     2.618 r  XDMA/inst/udma_wrapper/dma_top/dma_enable.vul_dma/RD/gen_rdwr_loop[0].gen_rdwr_eng.RDWR_INST/rrq_dsc_radr_902[26]_i_1/O
                         net (fo=1, routed)           0.000     2.618    XDMA/inst/udma_wrapper/dma_top/dma_enable.vul_dma/RD/gen_rdwr_loop[0].gen_rdwr_eng.RDWR_INST/rrq_dsc_radr_901[26]
    SLICE_X34Y77         FDRE                                         r  XDMA/inst/udma_wrapper/dma_top/dma_enable.vul_dma/RD/gen_rdwr_loop[0].gen_rdwr_eng.RDWR_INST/rrq_dsc_radr_902_reg[26]/D
  -------------------------------------------------------------------    -------------------

                         (clock userclk1 rise edge)
                                                      0.000     0.000 r  
    GTPE2_CHANNEL_X0Y3   GTPE2_CHANNEL                0.000     0.000 r  XDMA/inst/xdma_v41_m1_pcie2_to_pcie3_wrapper_i/pcie2_ip_i/inst/inst/gt_top_i/pipe_wrapper_i/pipe_lane[0].gt_wrapper_i/gtp_channel.gtpe2_channel_i/TXOUTCLK
                         net (fo=1, routed)           0.509     0.509    XDMA/inst/xdma_v41_m1_pcie2_to_pcie3_wrapper_i/pcie2_ip_i/inst/inst/gt_top_i/pipe_wrapper_i/pipe_clock_int.pipe_clock_i/txoutclk_i.txoutclk_i_0
    BUFGCTRL_X0Y20       BUFG (Prop_bufg_I_O)         0.029     0.538 r  XDMA/inst/xdma_v41_m1_pcie2_to_pcie3_wrapper_i/pcie2_ip_i/inst/inst/gt_top_i/pipe_wrapper_i/pipe_clock_int.pipe_clock_i/txoutclk_i.txoutclk_i/O
                         net (fo=1, routed)           0.818     1.355    XDMA/inst/xdma_v41_m1_pcie2_to_pcie3_wrapper_i/pcie2_ip_i/inst/inst/gt_top_i/pipe_wrapper_i/pipe_clock_int.pipe_clock_i/refclk
    MMCME2_ADV_X0Y0      MMCME2_ADV (Prop_mmcme2_adv_CLKIN1_CLKOUT2)
                                                      0.053     1.408 r  XDMA/inst/xdma_v41_m1_pcie2_to_pcie3_wrapper_i/pcie2_ip_i/inst/inst/gt_top_i/pipe_wrapper_i/pipe_clock_int.pipe_clock_i/mmcm_i/CLKOUT2
                         net (fo=1, routed)           0.534     1.942    XDMA/inst/xdma_v41_m1_pcie2_to_pcie3_wrapper_i/pcie2_ip_i/inst/inst/gt_top_i/pipe_wrapper_i/pipe_clock_int.pipe_clock_i/userclk1
    BUFGCTRL_X0Y0        BUFG (Prop_bufg_I_O)         0.029     1.971 r  XDMA/inst/xdma_v41_m1_pcie2_to_pcie3_wrapper_i/pcie2_ip_i/inst/inst/gt_top_i/pipe_wrapper_i/pipe_clock_int.pipe_clock_i/userclk1_i1.usrclk1_i1/O
                         net (fo=18985, routed)       0.815     2.786    XDMA/inst/udma_wrapper/dma_top/dma_enable.vul_dma/RD/gen_rdwr_loop[0].gen_rdwr_eng.RDWR_INST/user_clk
    SLICE_X34Y77         FDRE                                         r  XDMA/inst/udma_wrapper/dma_top/dma_enable.vul_dma/RD/gen_rdwr_loop[0].gen_rdwr_eng.RDWR_INST/rrq_dsc_radr_902_reg[26]/C
                         clock pessimism             -0.361     2.425    
    SLICE_X34Y77         FDRE (Hold_fdre_C_D)         0.121     2.546    XDMA/inst/udma_wrapper/dma_top/dma_enable.vul_dma/RD/gen_rdwr_loop[0].gen_rdwr_eng.RDWR_INST/rrq_dsc_radr_902_reg[26]
  -------------------------------------------------------------------
                         required time                         -2.546    
                         arrival time                           2.618    
  -------------------------------------------------------------------
                         slack                                  0.071    

Slack (MET) :             0.071ns  (arrival time - required time)
  Source:                 GEN_NVP_VIDEO_DIAG_CORE.NVP_VIDEO_DIAG_CORE/host_response_data_reg[18]/C
                            (rising edge-triggered cell FDRE clocked by userclk1  {rise@0.000ns fall@8.000ns period=16.000ns})
  Destination:            GEN_NVP_VIDEO_DIAG_CORE.NVP_VIDEO_DIAG_CORE/last_host_capture_response_reg[18]/D
                            (rising edge-triggered cell FDRE clocked by userclk1  {rise@0.000ns fall@8.000ns period=16.000ns})
  Path Group:             userclk1
  Path Type:              Hold (Min at Fast Process Corner)
  Requirement:            0.000ns  (userclk1 rise@0.000ns - userclk1 rise@0.000ns)
  Data Path Delay:        0.400ns  (logic 0.141ns (35.219%)  route 0.259ns (64.781%))
  Logic Levels:           0  
  Clock Path Skew:        0.268ns (DCD - SCD - CPR)
    Destination Clock Delay (DCD):    2.802ns
    Source Clock Delay      (SCD):    2.179ns
    Clock Pessimism Removal (CPR):    0.356ns

    Location             Delay type                Incr(ns)  Path(ns)    Netlist Resource(s)
  -------------------------------------------------------------------    -------------------
                         (clock userclk1 rise edge)
                                                      0.000     0.000 r  
    GTPE2_CHANNEL_X0Y3   GTPE2_CHANNEL                0.000     0.000 r  XDMA/inst/xdma_v41_m1_pcie2_to_pcie3_wrapper_i/pcie2_ip_i/inst/inst/gt_top_i/pipe_wrapper_i/pipe_lane[0].gt_wrapper_i/gtp_channel.gtpe2_channel_i/TXOUTCLK
                         net (fo=1, routed)           0.473     0.473    XDMA/inst/xdma_v41_m1_pcie2_to_pcie3_wrapper_i/pcie2_ip_i/inst/inst/gt_top_i/pipe_wrapper_i/pipe_clock_int.pipe_clock_i/txoutclk_i.txoutclk_i_0
    BUFGCTRL_X0Y20       BUFG (Prop_bufg_I_O)         0.026     0.499 r  XDMA/inst/xdma_v41_m1_pcie2_to_pcie3_wrapper_i/pcie2_ip_i/inst/inst/gt_top_i/pipe_wrapper_i/pipe_clock_int.pipe_clock_i/txoutclk_i.txoutclk_i/O
                         net (fo=1, routed)           0.551     1.050    XDMA/inst/xdma_v41_m1_pcie2_to_pcie3_wrapper_i/pcie2_ip_i/inst/inst/gt_top_i/pipe_wrapper_i/pipe_clock_int.pipe_clock_i/refclk
    MMCME2_ADV_X0Y0      MMCME2_ADV (Prop_mmcme2_adv_CLKIN1_CLKOUT2)
                                                      0.050     1.100 r  XDMA/inst/xdma_v41_m1_pcie2_to_pcie3_wrapper_i/pcie2_ip_i/inst/inst/gt_top_i/pipe_wrapper_i/pipe_clock_int.pipe_clock_i/mmcm_i/CLKOUT2
                         net (fo=1, routed)           0.489     1.589    XDMA/inst/xdma_v41_m1_pcie2_to_pcie3_wrapper_i/pcie2_ip_i/inst/inst/gt_top_i/pipe_wrapper_i/pipe_clock_int.pipe_clock_i/userclk1
    BUFGCTRL_X0Y0        BUFG (Prop_bufg_I_O)         0.026     1.615 r  XDMA/inst/xdma_v41_m1_pcie2_to_pcie3_wrapper_i/pcie2_ip_i/inst/inst/gt_top_i/pipe_wrapper_i/pipe_clock_int.pipe_clock_i/userclk1_i1.usrclk1_i1/O
                         net (fo=18985, routed)       0.564     2.179    GEN_NVP_VIDEO_DIAG_CORE.NVP_VIDEO_DIAG_CORE/axi_aclk
    SLICE_X28Y49         FDRE                                         r  GEN_NVP_VIDEO_DIAG_CORE.NVP_VIDEO_DIAG_CORE/host_response_data_reg[18]/C
  -------------------------------------------------------------------    -------------------
    SLICE_X28Y49         FDRE (Prop_fdre_C_Q)         0.141     2.320 r  GEN_NVP_VIDEO_DIAG_CORE.NVP_VIDEO_DIAG_CORE/host_response_data_reg[18]/Q
                         net (fo=2, routed)           0.259     2.579    GEN_NVP_VIDEO_DIAG_CORE.NVP_VIDEO_DIAG_CORE/host_response_data_reg_n_0_[18]
    SLICE_X28Y50         FDRE                                         r  GEN_NVP_VIDEO_DIAG_CORE.NVP_VIDEO_DIAG_CORE/last_host_capture_response_reg[18]/D
  -------------------------------------------------------------------    -------------------

                         (clock userclk1 rise edge)
                                                      0.000     0.000 r  
    GTPE2_CHANNEL_X0Y3   GTPE2_CHANNEL                0.000     0.000 r  XDMA/inst/xdma_v41_m1_pcie2_to_pcie3_wrapper_i/pcie2_ip_i/inst/inst/gt_top_i/pipe_wrapper_i/pipe_lane[0].gt_wrapper_i/gtp_channel.gtpe2_channel_i/TXOUTCLK
                         net (fo=1, routed)           0.509     0.509    XDMA/inst/xdma_v41_m1_pcie2_to_pcie3_wrapper_i/pcie2_ip_i/inst/inst/gt_top_i/pipe_wrapper_i/pipe_clock_int.pipe_clock_i/txoutclk_i.txoutclk_i_0
    BUFGCTRL_X0Y20       BUFG (Prop_bufg_I_O)         0.029     0.538 r  XDMA/inst/xdma_v41_m1_pcie2_to_pcie3_wrapper_i/pcie2_ip_i/inst/inst/gt_top_i/pipe_wrapper_i/pipe_clock_int.pipe_clock_i/txoutclk_i.txoutclk_i/O
                         net (fo=1, routed)           0.818     1.355    XDMA/inst/xdma_v41_m1_pcie2_to_pcie3_wrapper_i/pcie2_ip_i/inst/inst/gt_top_i/pipe_wrapper_i/pipe_clock_int.pipe_clock_i/refclk
    MMCME2_ADV_X0Y0      MMCME2_ADV (Prop_mmcme2_adv_CLKIN1_CLKOUT2)
                                                      0.053     1.408 r  XDMA/inst/xdma_v41_m1_pcie2_to_pcie3_wrapper_i/pcie2_ip_i/inst/inst/gt_top_i/pipe_wrapper_i/pipe_clock_int.pipe_clock_i/mmcm_i/CLKOUT2
                         net (fo=1, routed)           0.534     1.942    XDMA/inst/xdma_v41_m1_pcie2_to_pcie3_wrapper_i/pcie2_ip_i/inst/inst/gt_top_i/pipe_wrapper_i/pipe_clock_int.pipe_clock_i/userclk1
    BUFGCTRL_X0Y0        BUFG (Prop_bufg_I_O)         0.029     1.971 r  XDMA/inst/xdma_v41_m1_pcie2_to_pcie3_wrapper_i/pcie2_ip_i/inst/inst/gt_top_i/pipe_wrapper_i/pipe_clock_int.pipe_clock_i/userclk1_i1.usrclk1_i1/O
                         net (fo=18985, routed)       0.832     2.802    GEN_NVP_VIDEO_DIAG_CORE.NVP_VIDEO_DIAG_CORE/axi_aclk
    SLICE_X28Y50         FDRE                                         r  GEN_NVP_VIDEO_DIAG_CORE.NVP_VIDEO_DIAG_CORE/last_host_capture_response_reg[18]/C
                         clock pessimism             -0.356     2.447    
    SLICE_X28Y50         FDRE (Hold_fdre_C_D)         0.061     2.508    GEN_NVP_VIDEO_DIAG_CORE.NVP_VIDEO_DIAG_CORE/last_host_capture_response_reg[18]
  -------------------------------------------------------------------
                         required time                         -2.507    
                         arrival time                           2.579    
  -------------------------------------------------------------------
                         slack                                  0.071    

Slack (MET) :             0.072ns  (arrival time - required time)
  Source:                 G2B_ONECH_C2H/mmio_rsp_rdata_reg[18]/C
                            (rising edge-triggered cell FDRE clocked by userclk1  {rise@0.000ns fall@8.000ns period=16.000ns})
  Destination:            AXI_LITE_HOST_BRIDGE/s_axi_rdata_reg[18]/D
                            (rising edge-triggered cell FDRE clocked by userclk1  {rise@0.000ns fall@8.000ns period=16.000ns})
  Path Group:             userclk1
  Path Type:              Hold (Min at Fast Process Corner)
  Requirement:            0.000ns  (userclk1 rise@0.000ns - userclk1 rise@0.000ns)
  Data Path Delay:        0.430ns  (logic 0.186ns (43.280%)  route 0.244ns (56.720%))
  Logic Levels:           1  (LUT5=1)
  Clock Path Skew:        0.266ns (DCD - SCD - CPR)
    Destination Clock Delay (DCD):    2.800ns
    Source Clock Delay      (SCD):    2.179ns
    Clock Pessimism Removal (CPR):    0.356ns

    Location             Delay type                Incr(ns)  Path(ns)    Netlist Resource(s)
  -------------------------------------------------------------------    -------------------
                         (clock userclk1 rise edge)
                                                      0.000     0.000 r  
    GTPE2_CHANNEL_X0Y3   GTPE2_CHANNEL                0.000     0.000 r  XDMA/inst/xdma_v41_m1_pcie2_to_pcie3_wrapper_i/pcie2_ip_i/inst/inst/gt_top_i/pipe_wrapper_i/pipe_lane[0].gt_wrapper_i/gtp_channel.gtpe2_channel_i/TXOUTCLK
                         net (fo=1, routed)           0.473     0.473    XDMA/inst/xdma_v41_m1_pcie2_to_pcie3_wrapper_i/pcie2_ip_i/inst/inst/gt_top_i/pipe_wrapper_i/pipe_clock_int.pipe_clock_i/txoutclk_i.txoutclk_i_0
    BUFGCTRL_X0Y20       BUFG (Prop_bufg_I_O)         0.026     0.499 r  XDMA/inst/xdma_v41_m1_pcie2_to_pcie3_wrapper_i/pcie2_ip_i/inst/inst/gt_top_i/pipe_wrapper_i/pipe_clock_int.pipe_clock_i/txoutclk_i.txoutclk_i/O
                         net (fo=1, routed)           0.551     1.050    XDMA/inst/xdma_v41_m1_pcie2_to_pcie3_wrapper_i/pcie2_ip_i/inst/inst/gt_top_i/pipe_wrapper_i/pipe_clock_int.pipe_clock_i/refclk
    MMCME2_ADV_X0Y0      MMCME2_ADV (Prop_mmcme2_adv_CLKIN1_CLKOUT2)
                                                      0.050     1.100 r  XDMA/inst/xdma_v41_m1_pcie2_to_pcie3_wrapper_i/pcie2_ip_i/inst/inst/gt_top_i/pipe_wrapper_i/pipe_clock_int.pipe_clock_i/mmcm_i/CLKOUT2
                         net (fo=1, routed)           0.489     1.589    XDMA/inst/xdma_v41_m1_pcie2_to_pcie3_wrapper_i/pcie2_ip_i/inst/inst/gt_top_i/pipe_wrapper_i/pipe_clock_int.pipe_clock_i/userclk1
    BUFGCTRL_X0Y0        BUFG (Prop_bufg_I_O)         0.026     1.615 r  XDMA/inst/xdma_v41_m1_pcie2_to_pcie3_wrapper_i/pcie2_ip_i/inst/inst/gt_top_i/pipe_wrapper_i/pipe_clock_int.pipe_clock_i/userclk1_i1.usrclk1_i1/O
                         net (fo=18985, routed)       0.564     2.179    G2B_ONECH_C2H/axi_aclk
    SLICE_X40Y49         FDRE                                         r  G2B_ONECH_C2H/mmio_rsp_rdata_reg[18]/C
  -------------------------------------------------------------------    -------------------
    SLICE_X40Y49         FDRE (Prop_fdre_C_Q)         0.141     2.320 r  G2B_ONECH_C2H/mmio_rsp_rdata_reg[18]/Q
                         net (fo=1, routed)           0.244     2.563    G2B_MMIO_ROUTER/Q[18]
    SLICE_X35Y50         LUT5 (Prop_lut5_I0_O)        0.045     2.608 r  G2B_MMIO_ROUTER/s_axi_rdata[18]_i_1/O
                         net (fo=1, routed)           0.000     2.608    AXI_LITE_HOST_BRIDGE/host_rsp_rdata[18]
    SLICE_X35Y50         FDRE                                         r  AXI_LITE_HOST_BRIDGE/s_axi_rdata_reg[18]/D
  -------------------------------------------------------------------    -------------------

                         (clock userclk1 rise edge)
                                                      0.000     0.000 r  
    GTPE2_CHANNEL_X0Y3   GTPE2_CHANNEL                0.000     0.000 r  XDMA/inst/xdma_v41_m1_pcie2_to_pcie3_wrapper_i/pcie2_ip_i/inst/inst/gt_top_i/pipe_wrapper_i/pipe_lane[0].gt_wrapper_i/gtp_channel.gtpe2_channel_i/TXOUTCLK
                         net (fo=1, routed)           0.509     0.509    XDMA/inst/xdma_v41_m1_pcie2_to_pcie3_wrapper_i/pcie2_ip_i/inst/inst/gt_top_i/pipe_wrapper_i/pipe_clock_int.pipe_clock_i/txoutclk_i.txoutclk_i_0
    BUFGCTRL_X0Y20       BUFG (Prop_bufg_I_O)         0.029     0.538 r  XDMA/inst/xdma_v41_m1_pcie2_to_pcie3_wrapper_i/pcie2_ip_i/inst/inst/gt_top_i/pipe_wrapper_i/pipe_clock_int.pipe_clock_i/txoutclk_i.txoutclk_i/O
                         net (fo=1, routed)           0.818     1.355    XDMA/inst/xdma_v41_m1_pcie2_to_pcie3_wrapper_i/pcie2_ip_i/inst/inst/gt_top_i/pipe_wrapper_i/pipe_clock_int.pipe_clock_i/refclk
    MMCME2_ADV_X0Y0      MMCME2_ADV (Prop_mmcme2_adv_CLKIN1_CLKOUT2)
                                                      0.053     1.408 r  XDMA/inst/xdma_v41_m1_pcie2_to_pcie3_wrapper_i/pcie2_ip_i/inst/inst/gt_top_i/pipe_wrapper_i/pipe_clock_int.pipe_clock_i/mmcm_i/CLKOUT2
                         net (fo=1, routed)           0.534     1.942    XDMA/inst/xdma_v41_m1_pcie2_to_pcie3_wrapper_i/pcie2_ip_i/inst/inst/gt_top_i/pipe_wrapper_i/pipe_clock_int.pipe_clock_i/userclk1
    BUFGCTRL_X0Y0        BUFG (Prop_bufg_I_O)         0.029     1.971 r  XDMA/inst/xdma_v41_m1_pcie2_to_pcie3_wrapper_i/pcie2_ip_i/inst/inst/gt_top_i/pipe_wrapper_i/pipe_clock_int.pipe_clock_i/userclk1_i1.usrclk1_i1/O
                         net (fo=18985, routed)       0.829     2.800    AXI_LITE_HOST_BRIDGE/axi_aclk
    SLICE_X35Y50         FDRE                                         r  AXI_LITE_HOST_BRIDGE/s_axi_rdata_reg[18]/C
                         clock pessimism             -0.356     2.444    
    SLICE_X35Y50         FDRE (Hold_fdre_C_D)         0.092     2.536    AXI_LITE_HOST_BRIDGE/s_axi_rdata_reg[18]
  -------------------------------------------------------------------
                         required time                         -2.537    
                         arrival time                           2.608    
  -------------------------------------------------------------------
                         slack                                  0.072    

Slack (MET) :             0.072ns  (arrival time - required time)
  Source:                 XDMA/inst/udma_wrapper/dma_top/dma_enable.vul_dma/WR/gen_rdwr_loop[0].gen_rdwr_eng.RDWR_INST/rrq_dsc_dadr_902_reg[19]/C
                            (rising edge-triggered cell FDRE clocked by userclk1  {rise@0.000ns fall@8.000ns period=16.000ns})
  Destination:            XDMA/inst/udma_wrapper/dma_top/dma_enable.vul_dma/WR/gen_rdwr_loop[0].gen_rdwr_eng.RDWR_INST/rrq_dadr_nn1_reg/DIADI[19]
                            (rising edge-triggered cell RAMB36E1 clocked by userclk1  {rise@0.000ns fall@8.000ns period=16.000ns})
  Path Group:             userclk1
  Path Type:              Hold (Min at Fast Process Corner)
  Requirement:            0.000ns  (userclk1 rise@0.000ns - userclk1 rise@0.000ns)
  Data Path Delay:        0.304ns  (logic 0.141ns (46.402%)  route 0.163ns (53.598%))
  Logic Levels:           0  
  Clock Path Skew:        0.077ns (DCD - SCD - CPR)
    Destination Clock Delay (DCD):    2.841ns
    Source Clock Delay      (SCD):    2.175ns
    Clock Pessimism Removal (CPR):    0.590ns

    Location             Delay type                Incr(ns)  Path(ns)    Netlist Resource(s)
  -------------------------------------------------------------------    -------------------
                         (clock userclk1 rise edge)
                                                      0.000     0.000 r  
    GTPE2_CHANNEL_X0Y3   GTPE2_CHANNEL                0.000     0.000 r  XDMA/inst/xdma_v41_m1_pcie2_to_pcie3_wrapper_i/pcie2_ip_i/inst/inst/gt_top_i/pipe_wrapper_i/pipe_lane[0].gt_wrapper_i/gtp_channel.gtpe2_channel_i/TXOUTCLK
                         net (fo=1, routed)           0.473     0.473    XDMA/inst/xdma_v41_m1_pcie2_to_pcie3_wrapper_i/pcie2_ip_i/inst/inst/gt_top_i/pipe_wrapper_i/pipe_clock_int.pipe_clock_i/txoutclk_i.txoutclk_i_0
    BUFGCTRL_X0Y20       BUFG (Prop_bufg_I_O)         0.026     0.499 r  XDMA/inst/xdma_v41_m1_pcie2_to_pcie3_wrapper_i/pcie2_ip_i/inst/inst/gt_top_i/pipe_wrapper_i/pipe_clock_int.pipe_clock_i/txoutclk_i.txoutclk_i/O
                         net (fo=1, routed)           0.551     1.050    XDMA/inst/xdma_v41_m1_pcie2_to_pcie3_wrapper_i/pcie2_ip_i/inst/inst/gt_top_i/pipe_wrapper_i/pipe_clock_int.pipe_clock_i/refclk
    MMCME2_ADV_X0Y0      MMCME2_ADV (Prop_mmcme2_adv_CLKIN1_CLKOUT2)
                                                      0.050     1.100 r  XDMA/inst/xdma_v41_m1_pcie2_to_pcie3_wrapper_i/pcie2_ip_i/inst/inst/gt_top_i/pipe_wrapper_i/pipe_clock_int.pipe_clock_i/mmcm_i/CLKOUT2
                         net (fo=1, routed)           0.489     1.589    XDMA/inst/xdma_v41_m1_pcie2_to_pcie3_wrapper_i/pcie2_ip_i/inst/inst/gt_top_i/pipe_wrapper_i/pipe_clock_int.pipe_clock_i/userclk1
    BUFGCTRL_X0Y0        BUFG (Prop_bufg_I_O)         0.026     1.615 r  XDMA/inst/xdma_v41_m1_pcie2_to_pcie3_wrapper_i/pcie2_ip_i/inst/inst/gt_top_i/pipe_wrapper_i/pipe_clock_int.pipe_clock_i/userclk1_i1.usrclk1_i1/O
                         net (fo=18985, routed)       0.560     2.175    XDMA/inst/udma_wrapper/dma_top/dma_enable.vul_dma/WR/gen_rdwr_loop[0].gen_rdwr_eng.RDWR_INST/user_clk
    SLICE_X11Y63         FDRE                                         r  XDMA/inst/udma_wrapper/dma_top/dma_enable.vul_dma/WR/gen_rdwr_loop[0].gen_rdwr_eng.RDWR_INST/rrq_dsc_dadr_902_reg[19]/C
  -------------------------------------------------------------------    -------------------
    SLICE_X11Y63         FDRE (Prop_fdre_C_Q)         0.141     2.316 r  XDMA/inst/udma_wrapper/dma_top/dma_enable.vul_dma/WR/gen_rdwr_loop[0].gen_rdwr_eng.RDWR_INST/rrq_dsc_dadr_902_reg[19]/Q
                         net (fo=1, routed)           0.163     2.479    XDMA/inst/udma_wrapper/dma_top/dma_enable.vul_dma/WR/gen_rdwr_loop[0].gen_rdwr_eng.RDWR_INST/rrq_dsc_dadr_902[19]
    RAMB36_X0Y12         RAMB36E1                                     r  XDMA/inst/udma_wrapper/dma_top/dma_enable.vul_dma/WR/gen_rdwr_loop[0].gen_rdwr_eng.RDWR_INST/rrq_dadr_nn1_reg/DIADI[19]
  -------------------------------------------------------------------    -------------------

                         (clock userclk1 rise edge)
                                                      0.000     0.000 r  
    GTPE2_CHANNEL_X0Y3   GTPE2_CHANNEL                0.000     0.000 r  XDMA/inst/xdma_v41_m1_pcie2_to_pcie3_wrapper_i/pcie2_ip_i/inst/inst/gt_top_i/pipe_wrapper_i/pipe_lane[0].gt_wrapper_i/gtp_channel.gtpe2_channel_i/TXOUTCLK
                         net (fo=1, routed)           0.509     0.509    XDMA/inst/xdma_v41_m1_pcie2_to_pcie3_wrapper_i/pcie2_ip_i/inst/inst/gt_top_i/pipe_wrapper_i/pipe_clock_int.pipe_clock_i/txoutclk_i.txoutclk_i_0
    BUFGCTRL_X0Y20       BUFG (Prop_bufg_I_O)         0.029     0.538 r  XDMA/inst/xdma_v41_m1_pcie2_to_pcie3_wrapper_i/pcie2_ip_i/inst/inst/gt_top_i/pipe_wrapper_i/pipe_clock_int.pipe_clock_i/txoutclk_i.txoutclk_i/O
                         net (fo=1, routed)           0.818     1.355    XDMA/inst/xdma_v41_m1_pcie2_to_pcie3_wrapper_i/pcie2_ip_i/inst/inst/gt_top_i/pipe_wrapper_i/pipe_clock_int.pipe_clock_i/refclk
    MMCME2_ADV_X0Y0      MMCME2_ADV (Prop_mmcme2_adv_CLKIN1_CLKOUT2)
                                                      0.053     1.408 r  XDMA/inst/xdma_v41_m1_pcie2_to_pcie3_wrapper_i/pcie2_ip_i/inst/inst/gt_top_i/pipe_wrapper_i/pipe_clock_int.pipe_clock_i/mmcm_i/CLKOUT2
                         net (fo=1, routed)           0.534     1.942    XDMA/inst/xdma_v41_m1_pcie2_to_pcie3_wrapper_i/pcie2_ip_i/inst/inst/gt_top_i/pipe_wrapper_i/pipe_clock_int.pipe_clock_i/userclk1
    BUFGCTRL_X0Y0        BUFG (Prop_bufg_I_O)         0.029     1.971 r  XDMA/inst/xdma_v41_m1_pcie2_to_pcie3_wrapper_i/pcie2_ip_i/inst/inst/gt_top_i/pipe_wrapper_i/pipe_clock_int.pipe_clock_i/userclk1_i1.usrclk1_i1/O
                         net (fo=18985, routed)       0.870     2.841    XDMA/inst/udma_wrapper/dma_top/dma_enable.vul_dma/WR/gen_rdwr_loop[0].gen_rdwr_eng.RDWR_INST/user_clk
    RAMB36_X0Y12         RAMB36E1                                     r  XDMA/inst/udma_wrapper/dma_top/dma_enable.vul_dma/WR/gen_rdwr_loop[0].gen_rdwr_eng.RDWR_INST/rrq_dadr_nn1_reg/CLKBWRCLK
                         clock pessimism             -0.590     2.251    
    RAMB36_X0Y12         RAMB36E1 (Hold_ramb36e1_CLKBWRCLK_DIADI[19])
                                                      0.155     2.406    XDMA/inst/udma_wrapper/dma_top/dma_enable.vul_dma/WR/gen_rdwr_loop[0].gen_rdwr_eng.RDWR_INST/rrq_dadr_nn1_reg
  -------------------------------------------------------------------
                         required time                         -2.406    
                         arrival time                           2.479    
  -------------------------------------------------------------------
                         slack                                  0.072    

Slack (MET) :             0.072ns  (arrival time - required time)
  Source:                 XDMA/inst/xdma_v41_m1_pcie2_to_pcie3_wrapper_i/pcie2_ip_i/inst/inst/pcie_top_i/pcie_7x_i/pcie_block_i/USERCLK
                            (rising edge-triggered cell PCIE_2_1 clocked by userclk1  {rise@0.000ns fall@8.000ns period=16.000ns})
  Destination:            XDMA/inst/xdma_v41_m1_pcie2_to_pcie3_wrapper_i/pcie2_ip_i/inst/inst/pcie_top_i/pcie_7x_i/pcie_bram_top/pcie_brams_tx/brams[1].ram/use_tdp.ramb36/genblk5_0.bram36_tdp_bl.bram36_tdp_bl/DIADI[3]
                            (rising edge-triggered cell RAMB36E1 clocked by userclk1  {rise@0.000ns fall@8.000ns period=16.000ns})
  Path Group:             userclk1
  Path Type:              Hold (Min at Fast Process Corner)
  Requirement:            0.000ns  (userclk1 rise@0.000ns - userclk1 rise@0.000ns)
  Data Path Delay:        0.670ns  (logic 0.027ns (4.028%)  route 0.643ns (95.972%))
  Logic Levels:           0  
  Clock Path Skew:        0.302ns (DCD - SCD - CPR)
    Destination Clock Delay (DCD):    2.926ns
    Source Clock Delay      (SCD):    2.259ns
    Clock Pessimism Removal (CPR):    0.365ns

    Location             Delay type                Incr(ns)  Path(ns)    Netlist Resource(s)
  -------------------------------------------------------------------    -------------------
                         (clock userclk1 rise edge)
                                                      0.000     0.000 r  
    GTPE2_CHANNEL_X0Y3   GTPE2_CHANNEL                0.000     0.000 r  XDMA/inst/xdma_v41_m1_pcie2_to_pcie3_wrapper_i/pcie2_ip_i/inst/inst/gt_top_i/pipe_wrapper_i/pipe_lane[0].gt_wrapper_i/gtp_channel.gtpe2_channel_i/TXOUTCLK
                         net (fo=1, routed)           0.473     0.473    XDMA/inst/xdma_v41_m1_pcie2_to_pcie3_wrapper_i/pcie2_ip_i/inst/inst/gt_top_i/pipe_wrapper_i/pipe_clock_int.pipe_clock_i/txoutclk_i.txoutclk_i_0
    BUFGCTRL_X0Y20       BUFG (Prop_bufg_I_O)         0.026     0.499 r  XDMA/inst/xdma_v41_m1_pcie2_to_pcie3_wrapper_i/pcie2_ip_i/inst/inst/gt_top_i/pipe_wrapper_i/pipe_clock_int.pipe_clock_i/txoutclk_i.txoutclk_i/O
                         net (fo=1, routed)           0.551     1.050    XDMA/inst/xdma_v41_m1_pcie2_to_pcie3_wrapper_i/pcie2_ip_i/inst/inst/gt_top_i/pipe_wrapper_i/pipe_clock_int.pipe_clock_i/refclk
    MMCME2_ADV_X0Y0      MMCME2_ADV (Prop_mmcme2_adv_CLKIN1_CLKOUT2)
                                                      0.050     1.100 r  XDMA/inst/xdma_v41_m1_pcie2_to_pcie3_wrapper_i/pcie2_ip_i/inst/inst/gt_top_i/pipe_wrapper_i/pipe_clock_int.pipe_clock_i/mmcm_i/CLKOUT2
                         net (fo=1, routed)           0.489     1.589    XDMA/inst/xdma_v41_m1_pcie2_to_pcie3_wrapper_i/pcie2_ip_i/inst/inst/gt_top_i/pipe_wrapper_i/pipe_clock_int.pipe_clock_i/userclk1
    BUFGCTRL_X0Y0        BUFG (Prop_bufg_I_O)         0.026     1.615 r  XDMA/inst/xdma_v41_m1_pcie2_to_pcie3_wrapper_i/pcie2_ip_i/inst/inst/gt_top_i/pipe_wrapper_i/pipe_clock_int.pipe_clock_i/userclk1_i1.usrclk1_i1/O
                         net (fo=18985, routed)       0.644     2.259    XDMA/inst/xdma_v41_m1_pcie2_to_pcie3_wrapper_i/pcie2_ip_i/inst/inst/pcie_top_i/pcie_7x_i/INT_USERCLK2_OUT
    PCIE_X0Y0            PCIE_2_1                                     r  XDMA/inst/xdma_v41_m1_pcie2_to_pcie3_wrapper_i/pcie2_ip_i/inst/inst/pcie_top_i/pcie_7x_i/pcie_block_i/USERCLK
  -------------------------------------------------------------------    -------------------
    PCIE_X0Y0            PCIE_2_1 (Prop_pcie_2_1_USERCLK_MIMTXWDATA[21])
                                                      0.027     2.286 r  XDMA/inst/xdma_v41_m1_pcie2_to_pcie3_wrapper_i/pcie2_ip_i/inst/inst/pcie_top_i/pcie_7x_i/pcie_block_i/MIMTXWDATA[21]
                         net (fo=1, routed)           0.643     2.929    XDMA/inst/xdma_v41_m1_pcie2_to_pcie3_wrapper_i/pcie2_ip_i/inst/inst/pcie_top_i/pcie_7x_i/pcie_bram_top/pcie_brams_tx/brams[1].ram/use_tdp.ramb36/wdata[3]
    RAMB36_X0Y22         RAMB36E1                                     r  XDMA/inst/xdma_v41_m1_pcie2_to_pcie3_wrapper_i/pcie2_ip_i/inst/inst/pcie_top_i/pcie_7x_i/pcie_bram_top/pcie_brams_tx/brams[1].ram/use_tdp.ramb36/genblk5_0.bram36_tdp_bl.bram36_tdp_bl/DIADI[3]
  -------------------------------------------------------------------    -------------------

                         (clock userclk1 rise edge)
                                                      0.000     0.000 r  
    GTPE2_CHANNEL_X0Y3   GTPE2_CHANNEL                0.000     0.000 r  XDMA/inst/xdma_v41_m1_pcie2_to_pcie3_wrapper_i/pcie2_ip_i/inst/inst/gt_top_i/pipe_wrapper_i/pipe_lane[0].gt_wrapper_i/gtp_channel.gtpe2_channel_i/TXOUTCLK
                         net (fo=1, routed)           0.509     0.509    XDMA/inst/xdma_v41_m1_pcie2_to_pcie3_wrapper_i/pcie2_ip_i/inst/inst/gt_top_i/pipe_wrapper_i/pipe_clock_int.pipe_clock_i/txoutclk_i.txoutclk_i_0
    BUFGCTRL_X0Y20       BUFG (Prop_bufg_I_O)         0.029     0.538 r  XDMA/inst/xdma_v41_m1_pcie2_to_pcie3_wrapper_i/pcie2_ip_i/inst/inst/gt_top_i/pipe_wrapper_i/pipe_clock_int.pipe_clock_i/txoutclk_i.txoutclk_i/O
                         net (fo=1, routed)           0.818     1.355    XDMA/inst/xdma_v41_m1_pcie2_to_pcie3_wrapper_i/pcie2_ip_i/inst/inst/gt_top_i/pipe_wrapper_i/pipe_clock_int.pipe_clock_i/refclk
    MMCME2_ADV_X0Y0      MMCME2_ADV (Prop_mmcme2_adv_CLKIN1_CLKOUT2)
                                                      0.053     1.408 r  XDMA/inst/xdma_v41_m1_pcie2_to_pcie3_wrapper_i/pcie2_ip_i/inst/inst/gt_top_i/pipe_wrapper_i/pipe_clock_int.pipe_clock_i/mmcm_i/CLKOUT2
                         net (fo=1, routed)           0.534     1.942    XDMA/inst/xdma_v41_m1_pcie2_to_pcie3_wrapper_i/pcie2_ip_i/inst/inst/gt_top_i/pipe_wrapper_i/pipe_clock_int.pipe_clock_i/userclk1
    BUFGCTRL_X0Y0        BUFG (Prop_bufg_I_O)         0.029     1.971 r  XDMA/inst/xdma_v41_m1_pcie2_to_pcie3_wrapper_i/pcie2_ip_i/inst/inst/gt_top_i/pipe_wrapper_i/pipe_clock_int.pipe_clock_i/userclk1_i1.usrclk1_i1/O
                         net (fo=18985, routed)       0.955     2.926    XDMA/inst/xdma_v41_m1_pcie2_to_pcie3_wrapper_i/pcie2_ip_i/inst/inst/pcie_top_i/pcie_7x_i/pcie_bram_top/pcie_brams_tx/brams[1].ram/use_tdp.ramb36/INT_USERCLK2_OUT
    RAMB36_X0Y22         RAMB36E1                                     r  XDMA/inst/xdma_v41_m1_pcie2_to_pcie3_wrapper_i/pcie2_ip_i/inst/inst/pcie_top_i/pcie_7x_i/pcie_bram_top/pcie_brams_tx/brams[1].ram/use_tdp.ramb36/genblk5_0.bram36_tdp_bl.bram36_tdp_bl/CLKARDCLK
                         clock pessimism             -0.365     2.561    
    RAMB36_X0Y22         RAMB36E1 (Hold_ramb36e1_CLKARDCLK_DIADI[3])
                                                      0.296     2.857    XDMA/inst/xdma_v41_m1_pcie2_to_pcie3_wrapper_i/pcie2_ip_i/inst/inst/pcie_top_i/pcie_7x_i/pcie_bram_top/pcie_brams_tx/brams[1].ram/use_tdp.ramb36/genblk5_0.bram36_tdp_bl.bram36_tdp_bl
  -------------------------------------------------------------------
                         required time                         -2.857    
                         arrival time                           2.929    
  -------------------------------------------------------------------
                         slack                                  0.072    

Slack (MET) :             0.073ns  (arrival time - required time)
  Source:                 XDMA/inst/udma_wrapper/dma_top/dma_enable.vul_dma/WR/gen_rdwr_loop[0].gen_rdwr_eng.RDWR_INST/rrq_dsc_wadr_902_reg[43]/C
                            (rising edge-triggered cell FDRE clocked by userclk1  {rise@0.000ns fall@8.000ns period=16.000ns})
  Destination:            XDMA/inst/udma_wrapper/dma_top/dma_enable.vul_dma/WR/gen_rdwr_loop[0].gen_rdwr_eng.RDWR_INST/rrq_wadr_nn1_reg/DIBDI[11]
                            (rising edge-triggered cell RAMB36E1 clocked by userclk1  {rise@0.000ns fall@8.000ns period=16.000ns})
  Path Group:             userclk1
  Path Type:              Hold (Min at Fast Process Corner)
  Requirement:            0.000ns  (userclk1 rise@0.000ns - userclk1 rise@0.000ns)
  Data Path Delay:        0.304ns  (logic 0.141ns (46.402%)  route 0.163ns (53.598%))
  Logic Levels:           0  
  Clock Path Skew:        0.076ns (DCD - SCD - CPR)
    Destination Clock Delay (DCD):    2.843ns
    Source Clock Delay      (SCD):    2.178ns
    Clock Pessimism Removal (CPR):    0.590ns

    Location             Delay type                Incr(ns)  Path(ns)    Netlist Resource(s)
  -------------------------------------------------------------------    -------------------
                         (clock userclk1 rise edge)
                                                      0.000     0.000 r  
    GTPE2_CHANNEL_X0Y3   GTPE2_CHANNEL                0.000     0.000 r  XDMA/inst/xdma_v41_m1_pcie2_to_pcie3_wrapper_i/pcie2_ip_i/inst/inst/gt_top_i/pipe_wrapper_i/pipe_lane[0].gt_wrapper_i/gtp_channel.gtpe2_channel_i/TXOUTCLK
                         net (fo=1, routed)           0.473     0.473    XDMA/inst/xdma_v41_m1_pcie2_to_pcie3_wrapper_i/pcie2_ip_i/inst/inst/gt_top_i/pipe_wrapper_i/pipe_clock_int.pipe_clock_i/txoutclk_i.txoutclk_i_0
    BUFGCTRL_X0Y20       BUFG (Prop_bufg_I_O)         0.026     0.499 r  XDMA/inst/xdma_v41_m1_pcie2_to_pcie3_wrapper_i/pcie2_ip_i/inst/inst/gt_top_i/pipe_wrapper_i/pipe_clock_int.pipe_clock_i/txoutclk_i.txoutclk_i/O
                         net (fo=1, routed)           0.551     1.050    XDMA/inst/xdma_v41_m1_pcie2_to_pcie3_wrapper_i/pcie2_ip_i/inst/inst/gt_top_i/pipe_wrapper_i/pipe_clock_int.pipe_clock_i/refclk
    MMCME2_ADV_X0Y0      MMCME2_ADV (Prop_mmcme2_adv_CLKIN1_CLKOUT2)
                                                      0.050     1.100 r  XDMA/inst/xdma_v41_m1_pcie2_to_pcie3_wrapper_i/pcie2_ip_i/inst/inst/gt_top_i/pipe_wrapper_i/pipe_clock_int.pipe_clock_i/mmcm_i/CLKOUT2
                         net (fo=1, routed)           0.489     1.589    XDMA/inst/xdma_v41_m1_pcie2_to_pcie3_wrapper_i/pcie2_ip_i/inst/inst/gt_top_i/pipe_wrapper_i/pipe_clock_int.pipe_clock_i/userclk1
    BUFGCTRL_X0Y0        BUFG (Prop_bufg_I_O)         0.026     1.615 r  XDMA/inst/xdma_v41_m1_pcie2_to_pcie3_wrapper_i/pcie2_ip_i/inst/inst/gt_top_i/pipe_wrapper_i/pipe_clock_int.pipe_clock_i/userclk1_i1.usrclk1_i1/O
                         net (fo=18985, routed)       0.563     2.178    XDMA/inst/udma_wrapper/dma_top/dma_enable.vul_dma/WR/gen_rdwr_loop[0].gen_rdwr_eng.RDWR_INST/user_clk
    SLICE_X11Y59         FDRE                                         r  XDMA/inst/udma_wrapper/dma_top/dma_enable.vul_dma/WR/gen_rdwr_loop[0].gen_rdwr_eng.RDWR_INST/rrq_dsc_wadr_902_reg[43]/C
  -------------------------------------------------------------------    -------------------
    SLICE_X11Y59         FDRE (Prop_fdre_C_Q)         0.141     2.319 r  XDMA/inst/udma_wrapper/dma_top/dma_enable.vul_dma/WR/gen_rdwr_loop[0].gen_rdwr_eng.RDWR_INST/rrq_dsc_wadr_902_reg[43]/Q
                         net (fo=1, routed)           0.163     2.482    XDMA/inst/udma_wrapper/dma_top/dma_enable.vul_dma/WR/gen_rdwr_loop[0].gen_rdwr_eng.RDWR_INST/rrq_dsc_wadr_902[43]
    RAMB36_X0Y11         RAMB36E1                                     r  XDMA/inst/udma_wrapper/dma_top/dma_enable.vul_dma/WR/gen_rdwr_loop[0].gen_rdwr_eng.RDWR_INST/rrq_wadr_nn1_reg/DIBDI[11]
  -------------------------------------------------------------------    -------------------

                         (clock userclk1 rise edge)
                                                      0.000     0.000 r  
    GTPE2_CHANNEL_X0Y3   GTPE2_CHANNEL                0.000     0.000 r  XDMA/inst/xdma_v41_m1_pcie2_to_pcie3_wrapper_i/pcie2_ip_i/inst/inst/gt_top_i/pipe_wrapper_i/pipe_lane[0].gt_wrapper_i/gtp_channel.gtpe2_channel_i/TXOUTCLK
                         net (fo=1, routed)           0.509     0.509    XDMA/inst/xdma_v41_m1_pcie2_to_pcie3_wrapper_i/pcie2_ip_i/inst/inst/gt_top_i/pipe_wrapper_i/pipe_clock_int.pipe_clock_i/txoutclk_i.txoutclk_i_0
    BUFGCTRL_X0Y20       BUFG (Prop_bufg_I_O)         0.029     0.538 r  XDMA/inst/xdma_v41_m1_pcie2_to_pcie3_wrapper_i/pcie2_ip_i/inst/inst/gt_top_i/pipe_wrapper_i/pipe_clock_int.pipe_clock_i/txoutclk_i.txoutclk_i/O
                         net (fo=1, routed)           0.818     1.355    XDMA/inst/xdma_v41_m1_pcie2_to_pcie3_wrapper_i/pcie2_ip_i/inst/inst/gt_top_i/pipe_wrapper_i/pipe_clock_int.pipe_clock_i/refclk
    MMCME2_ADV_X0Y0      MMCME2_ADV (Prop_mmcme2_adv_CLKIN1_CLKOUT2)
                                                      0.053     1.408 r  XDMA/inst/xdma_v41_m1_pcie2_to_pcie3_wrapper_i/pcie2_ip_i/inst/inst/gt_top_i/pipe_wrapper_i/pipe_clock_int.pipe_clock_i/mmcm_i/CLKOUT2
                         net (fo=1, routed)           0.534     1.942    XDMA/inst/xdma_v41_m1_pcie2_to_pcie3_wrapper_i/pcie2_ip_i/inst/inst/gt_top_i/pipe_wrapper_i/pipe_clock_int.pipe_clock_i/userclk1
    BUFGCTRL_X0Y0        BUFG (Prop_bufg_I_O)         0.029     1.971 r  XDMA/inst/xdma_v41_m1_pcie2_to_pcie3_wrapper_i/pcie2_ip_i/inst/inst/gt_top_i/pipe_wrapper_i/pipe_clock_int.pipe_clock_i/userclk1_i1.usrclk1_i1/O
                         net (fo=18985, routed)       0.872     2.843    XDMA/inst/udma_wrapper/dma_top/dma_enable.vul_dma/WR/gen_rdwr_loop[0].gen_rdwr_eng.RDWR_INST/user_clk
    RAMB36_X0Y11         RAMB36E1                                     r  XDMA/inst/udma_wrapper/dma_top/dma_enable.vul_dma/WR/gen_rdwr_loop[0].gen_rdwr_eng.RDWR_INST/rrq_wadr_nn1_reg/CLKBWRCLK
                         clock pessimism             -0.590     2.253    
    RAMB36_X0Y11         RAMB36E1 (Hold_ramb36e1_CLKBWRCLK_DIBDI[11])
                                                      0.155     2.408    XDMA/inst/udma_wrapper/dma_top/dma_enable.vul_dma/WR/gen_rdwr_loop[0].gen_rdwr_eng.RDWR_INST/rrq_wadr_nn1_reg
  -------------------------------------------------------------------
                         required time                         -2.408    
                         arrival time                           2.482    
  -------------------------------------------------------------------
                         slack                                  0.073    

Slack (MET) :             0.074ns  (arrival time - required time)
  Source:                 XDMA/inst/udma_wrapper/dma_top/dma_enable.vul_dma/WR/gen_rdwr_loop[0].gen_rdwr_eng.RDWR_INST/rrq_dsc_wadr_902_reg[59]/C
                            (rising edge-triggered cell FDRE clocked by userclk1  {rise@0.000ns fall@8.000ns period=16.000ns})
  Destination:            XDMA/inst/udma_wrapper/dma_top/dma_enable.vul_dma/WR/gen_rdwr_loop[0].gen_rdwr_eng.RDWR_INST/rrq_wadr_nn1_reg/DIBDI[27]
                            (rising edge-triggered cell RAMB36E1 clocked by userclk1  {rise@0.000ns fall@8.000ns period=16.000ns})
  Path Group:             userclk1
  Path Type:              Hold (Min at Fast Process Corner)
  Requirement:            0.000ns  (userclk1 rise@0.000ns - userclk1 rise@0.000ns)
  Data Path Delay:        0.304ns  (logic 0.141ns (46.339%)  route 0.163ns (53.661%))
  Logic Levels:           0  
  Clock Path Skew:        0.076ns (DCD - SCD - CPR)
    Destination Clock Delay (DCD):    2.843ns
    Source Clock Delay      (SCD):    2.178ns
    Clock Pessimism Removal (CPR):    0.590ns

    Location             Delay type                Incr(ns)  Path(ns)    Netlist Resource(s)
  -------------------------------------------------------------------    -------------------
                         (clock userclk1 rise edge)
                                                      0.000     0.000 r  
    GTPE2_CHANNEL_X0Y3   GTPE2_CHANNEL                0.000     0.000 r  XDMA/inst/xdma_v41_m1_pcie2_to_pcie3_wrapper_i/pcie2_ip_i/inst/inst/gt_top_i/pipe_wrapper_i/pipe_lane[0].gt_wrapper_i/gtp_channel.gtpe2_channel_i/TXOUTCLK
                         net (fo=1, routed)           0.473     0.473    XDMA/inst/xdma_v41_m1_pcie2_to_pcie3_wrapper_i/pcie2_ip_i/inst/inst/gt_top_i/pipe_wrapper_i/pipe_clock_int.pipe_clock_i/txoutclk_i.txoutclk_i_0
    BUFGCTRL_X0Y20       BUFG (Prop_bufg_I_O)         0.026     0.499 r  XDMA/inst/xdma_v41_m1_pcie2_to_pcie3_wrapper_i/pcie2_ip_i/inst/inst/gt_top_i/pipe_wrapper_i/pipe_clock_int.pipe_clock_i/txoutclk_i.txoutclk_i/O
                         net (fo=1, routed)           0.551     1.050    XDMA/inst/xdma_v41_m1_pcie2_to_pcie3_wrapper_i/pcie2_ip_i/inst/inst/gt_top_i/pipe_wrapper_i/pipe_clock_int.pipe_clock_i/refclk
    MMCME2_ADV_X0Y0      MMCME2_ADV (Prop_mmcme2_adv_CLKIN1_CLKOUT2)
                                                      0.050     1.100 r  XDMA/inst/xdma_v41_m1_pcie2_to_pcie3_wrapper_i/pcie2_ip_i/inst/inst/gt_top_i/pipe_wrapper_i/pipe_clock_int.pipe_clock_i/mmcm_i/CLKOUT2
                         net (fo=1, routed)           0.489     1.589    XDMA/inst/xdma_v41_m1_pcie2_to_pcie3_wrapper_i/pcie2_ip_i/inst/inst/gt_top_i/pipe_wrapper_i/pipe_clock_int.pipe_clock_i/userclk1
    BUFGCTRL_X0Y0        BUFG (Prop_bufg_I_O)         0.026     1.615 r  XDMA/inst/xdma_v41_m1_pcie2_to_pcie3_wrapper_i/pcie2_ip_i/inst/inst/gt_top_i/pipe_wrapper_i/pipe_clock_int.pipe_clock_i/userclk1_i1.usrclk1_i1/O
                         net (fo=18985, routed)       0.563     2.178    XDMA/inst/udma_wrapper/dma_top/dma_enable.vul_dma/WR/gen_rdwr_loop[0].gen_rdwr_eng.RDWR_INST/user_clk
    SLICE_X11Y59         FDRE                                         r  XDMA/inst/udma_wrapper/dma_top/dma_enable.vul_dma/WR/gen_rdwr_loop[0].gen_rdwr_eng.RDWR_INST/rrq_dsc_wadr_902_reg[59]/C
  -------------------------------------------------------------------    -------------------
    SLICE_X11Y59         FDRE (Prop_fdre_C_Q)         0.141     2.319 r  XDMA/inst/udma_wrapper/dma_top/dma_enable.vul_dma/WR/gen_rdwr_loop[0].gen_rdwr_eng.RDWR_INST/rrq_dsc_wadr_902_reg[59]/Q
                         net (fo=1, routed)           0.163     2.482    XDMA/inst/udma_wrapper/dma_top/dma_enable.vul_dma/WR/gen_rdwr_loop[0].gen_rdwr_eng.RDWR_INST/rrq_dsc_wadr_902[59]
    RAMB36_X0Y11         RAMB36E1                                     r  XDMA/inst/udma_wrapper/dma_top/dma_enable.vul_dma/WR/gen_rdwr_loop[0].gen_rdwr_eng.RDWR_INST/rrq_wadr_nn1_reg/DIBDI[27]
  -------------------------------------------------------------------    -------------------

                         (clock userclk1 rise edge)
                                                      0.000     0.000 r  
    GTPE2_CHANNEL_X0Y3   GTPE2_CHANNEL                0.000     0.000 r  XDMA/inst/xdma_v41_m1_pcie2_to_pcie3_wrapper_i/pcie2_ip_i/inst/inst/gt_top_i/pipe_wrapper_i/pipe_lane[0].gt_wrapper_i/gtp_channel.gtpe2_channel_i/TXOUTCLK
                         net (fo=1, routed)           0.509     0.509    XDMA/inst/xdma_v41_m1_pcie2_to_pcie3_wrapper_i/pcie2_ip_i/inst/inst/gt_top_i/pipe_wrapper_i/pipe_clock_int.pipe_clock_i/txoutclk_i.txoutclk_i_0
    BUFGCTRL_X0Y20       BUFG (Prop_bufg_I_O)         0.029     0.538 r  XDMA/inst/xdma_v41_m1_pcie2_to_pcie3_wrapper_i/pcie2_ip_i/inst/inst/gt_top_i/pipe_wrapper_i/pipe_clock_int.pipe_clock_i/txoutclk_i.txoutclk_i/O
                         net (fo=1, routed)           0.818     1.355    XDMA/inst/xdma_v41_m1_pcie2_to_pcie3_wrapper_i/pcie2_ip_i/inst/inst/gt_top_i/pipe_wrapper_i/pipe_clock_int.pipe_clock_i/refclk
    MMCME2_ADV_X0Y0      MMCME2_ADV (Prop_mmcme2_adv_CLKIN1_CLKOUT2)
                                                      0.053     1.408 r  XDMA/inst/xdma_v41_m1_pcie2_to_pcie3_wrapper_i/pcie2_ip_i/inst/inst/gt_top_i/pipe_wrapper_i/pipe_clock_int.pipe_clock_i/mmcm_i/CLKOUT2
                         net (fo=1, routed)           0.534     1.942    XDMA/inst/xdma_v41_m1_pcie2_to_pcie3_wrapper_i/pcie2_ip_i/inst/inst/gt_top_i/pipe_wrapper_i/pipe_clock_int.pipe_clock_i/userclk1
    BUFGCTRL_X0Y0        BUFG (Prop_bufg_I_O)         0.029     1.971 r  XDMA/inst/xdma_v41_m1_pcie2_to_pcie3_wrapper_i/pcie2_ip_i/inst/inst/gt_top_i/pipe_wrapper_i/pipe_clock_int.pipe_clock_i/userclk1_i1.usrclk1_i1/O
                         net (fo=18985, routed)       0.872     2.843    XDMA/inst/udma_wrapper/dma_top/dma_enable.vul_dma/WR/gen_rdwr_loop[0].gen_rdwr_eng.RDWR_INST/user_clk
    RAMB36_X0Y11         RAMB36E1                                     r  XDMA/inst/udma_wrapper/dma_top/dma_enable.vul_dma/WR/gen_rdwr_loop[0].gen_rdwr_eng.RDWR_INST/rrq_wadr_nn1_reg/CLKBWRCLK
                         clock pessimism             -0.590     2.253    
    RAMB36_X0Y11         RAMB36E1 (Hold_ramb36e1_CLKBWRCLK_DIBDI[27])
                                                      0.155     2.408    XDMA/inst/udma_wrapper/dma_top/dma_enable.vul_dma/WR/gen_rdwr_loop[0].gen_rdwr_eng.RDWR_INST/rrq_wadr_nn1_reg
  -------------------------------------------------------------------
                         required time                         -2.408    
                         arrival time                           2.482    
  -------------------------------------------------------------------
                         slack                                  0.074    

Slack (MET) :             0.074ns  (arrival time - required time)
  Source:                 XDMA/inst/udma_wrapper/dma_top/dma_enable.vul_dma/dsc_eng.DSC/chn_dsc_crd_nn1_reg[1][2]/C
                            (rising edge-triggered cell FDRE clocked by userclk1  {rise@0.000ns fall@8.000ns period=16.000ns})
  Destination:            XDMA/inst/udma_wrapper/dma_top/dma_enable.vul_dma/dsc_eng.DSC/chn_rrq_len_nn1_reg[1][2]/D
                            (rising edge-triggered cell FDRE clocked by userclk1  {rise@0.000ns fall@8.000ns period=16.000ns})
  Path Group:             userclk1
  Path Type:              Hold (Min at Fast Process Corner)
  Requirement:            0.000ns  (userclk1 rise@0.000ns - userclk1 rise@0.000ns)
  Data Path Delay:        0.347ns  (logic 0.186ns (53.556%)  route 0.161ns (46.444%))
  Logic Levels:           1  (LUT4=1)
  Clock Path Skew:        0.181ns (DCD - SCD - CPR)
    Destination Clock Delay (DCD):    2.833ns
    Source Clock Delay      (SCD):    2.291ns
    Clock Pessimism Removal (CPR):    0.361ns

    Location             Delay type                Incr(ns)  Path(ns)    Netlist Resource(s)
  -------------------------------------------------------------------    -------------------
                         (clock userclk1 rise edge)
                                                      0.000     0.000 r  
    GTPE2_CHANNEL_X0Y3   GTPE2_CHANNEL                0.000     0.000 r  XDMA/inst/xdma_v41_m1_pcie2_to_pcie3_wrapper_i/pcie2_ip_i/inst/inst/gt_top_i/pipe_wrapper_i/pipe_lane[0].gt_wrapper_i/gtp_channel.gtpe2_channel_i/TXOUTCLK
                         net (fo=1, routed)           0.473     0.473    XDMA/inst/xdma_v41_m1_pcie2_to_pcie3_wrapper_i/pcie2_ip_i/inst/inst/gt_top_i/pipe_wrapper_i/pipe_clock_int.pipe_clock_i/txoutclk_i.txoutclk_i_0
    BUFGCTRL_X0Y20       BUFG (Prop_bufg_I_O)         0.026     0.499 r  XDMA/inst/xdma_v41_m1_pcie2_to_pcie3_wrapper_i/pcie2_ip_i/inst/inst/gt_top_i/pipe_wrapper_i/pipe_clock_int.pipe_clock_i/txoutclk_i.txoutclk_i/O
                         net (fo=1, routed)           0.551     1.050    XDMA/inst/xdma_v41_m1_pcie2_to_pcie3_wrapper_i/pcie2_ip_i/inst/inst/gt_top_i/pipe_wrapper_i/pipe_clock_int.pipe_clock_i/refclk
    MMCME2_ADV_X0Y0      MMCME2_ADV (Prop_mmcme2_adv_CLKIN1_CLKOUT2)
                                                      0.050     1.100 r  XDMA/inst/xdma_v41_m1_pcie2_to_pcie3_wrapper_i/pcie2_ip_i/inst/inst/gt_top_i/pipe_wrapper_i/pipe_clock_int.pipe_clock_i/mmcm_i/CLKOUT2
                         net (fo=1, routed)           0.489     1.589    XDMA/inst/xdma_v41_m1_pcie2_to_pcie3_wrapper_i/pcie2_ip_i/inst/inst/gt_top_i/pipe_wrapper_i/pipe_clock_int.pipe_clock_i/userclk1
    BUFGCTRL_X0Y0        BUFG (Prop_bufg_I_O)         0.026     1.615 r  XDMA/inst/xdma_v41_m1_pcie2_to_pcie3_wrapper_i/pcie2_ip_i/inst/inst/gt_top_i/pipe_wrapper_i/pipe_clock_int.pipe_clock_i/userclk1_i1.usrclk1_i1/O
                         net (fo=18985, routed)       0.676     2.291    XDMA/inst/udma_wrapper/dma_top/dma_enable.vul_dma/dsc_eng.DSC/user_clk
    SLICE_X3Y100         FDRE                                         r  XDMA/inst/udma_wrapper/dma_top/dma_enable.vul_dma/dsc_eng.DSC/chn_dsc_crd_nn1_reg[1][2]/C
  -------------------------------------------------------------------    -------------------
    SLICE_X3Y100         FDRE (Prop_fdre_C_Q)         0.141     2.432 r  XDMA/inst/udma_wrapper/dma_top/dma_enable.vul_dma/dsc_eng.DSC/chn_dsc_crd_nn1_reg[1][2]/Q
                         net (fo=7, routed)           0.161     2.593    XDMA/inst/udma_wrapper/dma_top/dma_enable.vul_dma/dsc_eng.DSC/chn_dsc_crd_nn1_reg[1]_26[2]
    SLICE_X4Y99          LUT4 (Prop_lut4_I0_O)        0.045     2.638 r  XDMA/inst/udma_wrapper/dma_top/dma_enable.vul_dma/dsc_eng.DSC/chn_rrq_len_nn1[1][2]_i_1/O
                         net (fo=1, routed)           0.000     2.638    XDMA/inst/udma_wrapper/dma_top/dma_enable.vul_dma/dsc_eng.DSC/chn_rrq_len_nn0[1]_38[2]
    SLICE_X4Y99          FDRE                                         r  XDMA/inst/udma_wrapper/dma_top/dma_enable.vul_dma/dsc_eng.DSC/chn_rrq_len_nn1_reg[1][2]/D
  -------------------------------------------------------------------    -------------------

                         (clock userclk1 rise edge)
                                                      0.000     0.000 r  
    GTPE2_CHANNEL_X0Y3   GTPE2_CHANNEL                0.000     0.000 r  XDMA/inst/xdma_v41_m1_pcie2_to_pcie3_wrapper_i/pcie2_ip_i/inst/inst/gt_top_i/pipe_wrapper_i/pipe_lane[0].gt_wrapper_i/gtp_channel.gtpe2_channel_i/TXOUTCLK
                         net (fo=1, routed)           0.509     0.509    XDMA/inst/xdma_v41_m1_pcie2_to_pcie3_wrapper_i/pcie2_ip_i/inst/inst/gt_top_i/pipe_wrapper_i/pipe_clock_int.pipe_clock_i/txoutclk_i.txoutclk_i_0
    BUFGCTRL_X0Y20       BUFG (Prop_bufg_I_O)         0.029     0.538 r  XDMA/inst/xdma_v41_m1_pcie2_to_pcie3_wrapper_i/pcie2_ip_i/inst/inst/gt_top_i/pipe_wrapper_i/pipe_clock_int.pipe_clock_i/txoutclk_i.txoutclk_i/O
                         net (fo=1, routed)           0.818     1.355    XDMA/inst/xdma_v41_m1_pcie2_to_pcie3_wrapper_i/pcie2_ip_i/inst/inst/gt_top_i/pipe_wrapper_i/pipe_clock_int.pipe_clock_i/refclk
    MMCME2_ADV_X0Y0      MMCME2_ADV (Prop_mmcme2_adv_CLKIN1_CLKOUT2)
                                                      0.053     1.408 r  XDMA/inst/xdma_v41_m1_pcie2_to_pcie3_wrapper_i/pcie2_ip_i/inst/inst/gt_top_i/pipe_wrapper_i/pipe_clock_int.pipe_clock_i/mmcm_i/CLKOUT2
                         net (fo=1, routed)           0.534     1.942    XDMA/inst/xdma_v41_m1_pcie2_to_pcie3_wrapper_i/pcie2_ip_i/inst/inst/gt_top_i/pipe_wrapper_i/pipe_clock_int.pipe_clock_i/userclk1
    BUFGCTRL_X0Y0        BUFG (Prop_bufg_I_O)         0.029     1.971 r  XDMA/inst/xdma_v41_m1_pcie2_to_pcie3_wrapper_i/pcie2_ip_i/inst/inst/gt_top_i/pipe_wrapper_i/pipe_clock_int.pipe_clock_i/userclk1_i1.usrclk1_i1/O
                         net (fo=18985, routed)       0.863     2.833    XDMA/inst/udma_wrapper/dma_top/dma_enable.vul_dma/dsc_eng.DSC/user_clk
    SLICE_X4Y99          FDRE                                         r  XDMA/inst/udma_wrapper/dma_top/dma_enable.vul_dma/dsc_eng.DSC/chn_rrq_len_nn1_reg[1][2]/C
                         clock pessimism             -0.361     2.473    
    SLICE_X4Y99          FDRE (Hold_fdre_C_D)         0.092     2.565    XDMA/inst/udma_wrapper/dma_top/dma_enable.vul_dma/dsc_eng.DSC/chn_rrq_len_nn1_reg[1][2]
  -------------------------------------------------------------------
                         required time                         -2.564    
                         arrival time                           2.638    
  -------------------------------------------------------------------
                         slack                                  0.074    

Slack (MET) :             0.074ns  (arrival time - required time)
  Source:                 XDMA/inst/udma_wrapper/dma_top/dma_enable.vul_dma/WR/gen_rdwr_loop[0].gen_rdwr_eng.RDWR_INST/rrq_dsc_dadr_902_reg[21]/C
                            (rising edge-triggered cell FDRE clocked by userclk1  {rise@0.000ns fall@8.000ns period=16.000ns})
  Destination:            XDMA/inst/udma_wrapper/dma_top/dma_enable.vul_dma/WR/gen_rdwr_loop[0].gen_rdwr_eng.RDWR_INST/rrq_dadr_nn1_reg/DIADI[21]
                            (rising edge-triggered cell RAMB36E1 clocked by userclk1  {rise@0.000ns fall@8.000ns period=16.000ns})
  Path Group:             userclk1
  Path Type:              Hold (Min at Fast Process Corner)
  Requirement:            0.000ns  (userclk1 rise@0.000ns - userclk1 rise@0.000ns)
  Data Path Delay:        0.306ns  (logic 0.141ns (46.099%)  route 0.165ns (53.901%))
  Logic Levels:           0  
  Clock Path Skew:        0.077ns (DCD - SCD - CPR)
    Destination Clock Delay (DCD):    2.841ns
    Source Clock Delay      (SCD):    2.175ns
    Clock Pessimism Removal (CPR):    0.590ns

    Location             Delay type                Incr(ns)  Path(ns)    Netlist Resource(s)
  -------------------------------------------------------------------    -------------------
                         (clock userclk1 rise edge)
                                                      0.000     0.000 r  
    GTPE2_CHANNEL_X0Y3   GTPE2_CHANNEL                0.000     0.000 r  XDMA/inst/xdma_v41_m1_pcie2_to_pcie3_wrapper_i/pcie2_ip_i/inst/inst/gt_top_i/pipe_wrapper_i/pipe_lane[0].gt_wrapper_i/gtp_channel.gtpe2_channel_i/TXOUTCLK
                         net (fo=1, routed)           0.473     0.473    XDMA/inst/xdma_v41_m1_pcie2_to_pcie3_wrapper_i/pcie2_ip_i/inst/inst/gt_top_i/pipe_wrapper_i/pipe_clock_int.pipe_clock_i/txoutclk_i.txoutclk_i_0
    BUFGCTRL_X0Y20       BUFG (Prop_bufg_I_O)         0.026     0.499 r  XDMA/inst/xdma_v41_m1_pcie2_to_pcie3_wrapper_i/pcie2_ip_i/inst/inst/gt_top_i/pipe_wrapper_i/pipe_clock_int.pipe_clock_i/txoutclk_i.txoutclk_i/O
                         net (fo=1, routed)           0.551     1.050    XDMA/inst/xdma_v41_m1_pcie2_to_pcie3_wrapper_i/pcie2_ip_i/inst/inst/gt_top_i/pipe_wrapper_i/pipe_clock_int.pipe_clock_i/refclk
    MMCME2_ADV_X0Y0      MMCME2_ADV (Prop_mmcme2_adv_CLKIN1_CLKOUT2)
                                                      0.050     1.100 r  XDMA/inst/xdma_v41_m1_pcie2_to_pcie3_wrapper_i/pcie2_ip_i/inst/inst/gt_top_i/pipe_wrapper_i/pipe_clock_int.pipe_clock_i/mmcm_i/CLKOUT2
                         net (fo=1, routed)           0.489     1.589    XDMA/inst/xdma_v41_m1_pcie2_to_pcie3_wrapper_i/pcie2_ip_i/inst/inst/gt_top_i/pipe_wrapper_i/pipe_clock_int.pipe_clock_i/userclk1
    BUFGCTRL_X0Y0        BUFG (Prop_bufg_I_O)         0.026     1.615 r  XDMA/inst/xdma_v41_m1_pcie2_to_pcie3_wrapper_i/pcie2_ip_i/inst/inst/gt_top_i/pipe_wrapper_i/pipe_clock_int.pipe_clock_i/userclk1_i1.usrclk1_i1/O
                         net (fo=18985, routed)       0.560     2.175    XDMA/inst/udma_wrapper/dma_top/dma_enable.vul_dma/WR/gen_rdwr_loop[0].gen_rdwr_eng.RDWR_INST/user_clk
    SLICE_X11Y63         FDRE                                         r  XDMA/inst/udma_wrapper/dma_top/dma_enable.vul_dma/WR/gen_rdwr_loop[0].gen_rdwr_eng.RDWR_INST/rrq_dsc_dadr_902_reg[21]/C
  -------------------------------------------------------------------    -------------------
    SLICE_X11Y63         FDRE (Prop_fdre_C_Q)         0.141     2.316 r  XDMA/inst/udma_wrapper/dma_top/dma_enable.vul_dma/WR/gen_rdwr_loop[0].gen_rdwr_eng.RDWR_INST/rrq_dsc_dadr_902_reg[21]/Q
                         net (fo=1, routed)           0.165     2.481    XDMA/inst/udma_wrapper/dma_top/dma_enable.vul_dma/WR/gen_rdwr_loop[0].gen_rdwr_eng.RDWR_INST/rrq_dsc_dadr_902[21]
    RAMB36_X0Y12         RAMB36E1                                     r  XDMA/inst/udma_wrapper/dma_top/dma_enable.vul_dma/WR/gen_rdwr_loop[0].gen_rdwr_eng.RDWR_INST/rrq_dadr_nn1_reg/DIADI[21]
  -------------------------------------------------------------------    -------------------

                         (clock userclk1 rise edge)
                                                      0.000     0.000 r  
    GTPE2_CHANNEL_X0Y3   GTPE2_CHANNEL                0.000     0.000 r  XDMA/inst/xdma_v41_m1_pcie2_to_pcie3_wrapper_i/pcie2_ip_i/inst/inst/gt_top_i/pipe_wrapper_i/pipe_lane[0].gt_wrapper_i/gtp_channel.gtpe2_channel_i/TXOUTCLK
                         net (fo=1, routed)           0.509     0.509    XDMA/inst/xdma_v41_m1_pcie2_to_pcie3_wrapper_i/pcie2_ip_i/inst/inst/gt_top_i/pipe_wrapper_i/pipe_clock_int.pipe_clock_i/txoutclk_i.txoutclk_i_0
    BUFGCTRL_X0Y20       BUFG (Prop_bufg_I_O)         0.029     0.538 r  XDMA/inst/xdma_v41_m1_pcie2_to_pcie3_wrapper_i/pcie2_ip_i/inst/inst/gt_top_i/pipe_wrapper_i/pipe_clock_int.pipe_clock_i/txoutclk_i.txoutclk_i/O
                         net (fo=1, routed)           0.818     1.355    XDMA/inst/xdma_v41_m1_pcie2_to_pcie3_wrapper_i/pcie2_ip_i/inst/inst/gt_top_i/pipe_wrapper_i/pipe_clock_int.pipe_clock_i/refclk
    MMCME2_ADV_X0Y0      MMCME2_ADV (Prop_mmcme2_adv_CLKIN1_CLKOUT2)
                                                      0.053     1.408 r  XDMA/inst/xdma_v41_m1_pcie2_to_pcie3_wrapper_i/pcie2_ip_i/inst/inst/gt_top_i/pipe_wrapper_i/pipe_clock_int.pipe_clock_i/mmcm_i/CLKOUT2
                         net (fo=1, routed)           0.534     1.942    XDMA/inst/xdma_v41_m1_pcie2_to_pcie3_wrapper_i/pcie2_ip_i/inst/inst/gt_top_i/pipe_wrapper_i/pipe_clock_int.pipe_clock_i/userclk1
    BUFGCTRL_X0Y0        BUFG (Prop_bufg_I_O)         0.029     1.971 r  XDMA/inst/xdma_v41_m1_pcie2_to_pcie3_wrapper_i/pcie2_ip_i/inst/inst/gt_top_i/pipe_wrapper_i/pipe_clock_int.pipe_clock_i/userclk1_i1.usrclk1_i1/O
                         net (fo=18985, routed)       0.870     2.841    XDMA/inst/udma_wrapper/dma_top/dma_enable.vul_dma/WR/gen_rdwr_loop[0].gen_rdwr_eng.RDWR_INST/user_clk
    RAMB36_X0Y12         RAMB36E1                                     r  XDMA/inst/udma_wrapper/dma_top/dma_enable.vul_dma/WR/gen_rdwr_loop[0].gen_rdwr_eng.RDWR_INST/rrq_dadr_nn1_reg/CLKBWRCLK
                         clock pessimism             -0.590     2.251    
    RAMB36_X0Y12         RAMB36E1 (Hold_ramb36e1_CLKBWRCLK_DIADI[21])
                                                      0.155     2.406    XDMA/inst/udma_wrapper/dma_top/dma_enable.vul_dma/WR/gen_rdwr_loop[0].gen_rdwr_eng.RDWR_INST/rrq_dadr_nn1_reg
  -------------------------------------------------------------------
                         required time                         -2.406    
                         arrival time                           2.481    
  -------------------------------------------------------------------
                         slack                                  0.074    

Slack (MET) :             0.074ns  (arrival time - required time)
  Source:                 XDMA/inst/udma_wrapper/dma_top/dma_enable.vul_dma/WR/gen_rdwr_loop[0].gen_rdwr_eng.RDWR_INST/rrq_dsc_wadr_902_reg[63]/C
                            (rising edge-triggered cell FDRE clocked by userclk1  {rise@0.000ns fall@8.000ns period=16.000ns})
  Destination:            XDMA/inst/udma_wrapper/dma_top/dma_enable.vul_dma/WR/gen_rdwr_loop[0].gen_rdwr_eng.RDWR_INST/rrq_wadr_nn1_reg/DIBDI[31]
                            (rising edge-triggered cell RAMB36E1 clocked by userclk1  {rise@0.000ns fall@8.000ns period=16.000ns})
  Path Group:             userclk1
  Path Type:              Hold (Min at Fast Process Corner)
  Requirement:            0.000ns  (userclk1 rise@0.000ns - userclk1 rise@0.000ns)
  Data Path Delay:        0.252ns  (logic 0.128ns (50.810%)  route 0.124ns (49.190%))
  Logic Levels:           0  
  Clock Path Skew:        0.076ns (DCD - SCD - CPR)
    Destination Clock Delay (DCD):    2.843ns
    Source Clock Delay      (SCD):    2.178ns
    Clock Pessimism Removal (CPR):    0.590ns

    Location             Delay type                Incr(ns)  Path(ns)    Netlist Resource(s)
  -------------------------------------------------------------------    -------------------
                         (clock userclk1 rise edge)
                                                      0.000     0.000 r  
    GTPE2_CHANNEL_X0Y3   GTPE2_CHANNEL                0.000     0.000 r  XDMA/inst/xdma_v41_m1_pcie2_to_pcie3_wrapper_i/pcie2_ip_i/inst/inst/gt_top_i/pipe_wrapper_i/pipe_lane[0].gt_wrapper_i/gtp_channel.gtpe2_channel_i/TXOUTCLK
                         net (fo=1, routed)           0.473     0.473    XDMA/inst/xdma_v41_m1_pcie2_to_pcie3_wrapper_i/pcie2_ip_i/inst/inst/gt_top_i/pipe_wrapper_i/pipe_clock_int.pipe_clock_i/txoutclk_i.txoutclk_i_0
    BUFGCTRL_X0Y20       BUFG (Prop_bufg_I_O)         0.026     0.499 r  XDMA/inst/xdma_v41_m1_pcie2_to_pcie3_wrapper_i/pcie2_ip_i/inst/inst/gt_top_i/pipe_wrapper_i/pipe_clock_int.pipe_clock_i/txoutclk_i.txoutclk_i/O
                         net (fo=1, routed)           0.551     1.050    XDMA/inst/xdma_v41_m1_pcie2_to_pcie3_wrapper_i/pcie2_ip_i/inst/inst/gt_top_i/pipe_wrapper_i/pipe_clock_int.pipe_clock_i/refclk
    MMCME2_ADV_X0Y0      MMCME2_ADV (Prop_mmcme2_adv_CLKIN1_CLKOUT2)
                                                      0.050     1.100 r  XDMA/inst/xdma_v41_m1_pcie2_to_pcie3_wrapper_i/pcie2_ip_i/inst/inst/gt_top_i/pipe_wrapper_i/pipe_clock_int.pipe_clock_i/mmcm_i/CLKOUT2
                         net (fo=1, routed)           0.489     1.589    XDMA/inst/xdma_v41_m1_pcie2_to_pcie3_wrapper_i/pcie2_ip_i/inst/inst/gt_top_i/pipe_wrapper_i/pipe_clock_int.pipe_clock_i/userclk1
    BUFGCTRL_X0Y0        BUFG (Prop_bufg_I_O)         0.026     1.615 r  XDMA/inst/xdma_v41_m1_pcie2_to_pcie3_wrapper_i/pcie2_ip_i/inst/inst/gt_top_i/pipe_wrapper_i/pipe_clock_int.pipe_clock_i/userclk1_i1.usrclk1_i1/O
                         net (fo=18985, routed)       0.563     2.178    XDMA/inst/udma_wrapper/dma_top/dma_enable.vul_dma/WR/gen_rdwr_loop[0].gen_rdwr_eng.RDWR_INST/user_clk
    SLICE_X11Y59         FDRE                                         r  XDMA/inst/udma_wrapper/dma_top/dma_enable.vul_dma/WR/gen_rdwr_loop[0].gen_rdwr_eng.RDWR_INST/rrq_dsc_wadr_902_reg[63]/C
  -------------------------------------------------------------------    -------------------
    SLICE_X11Y59         FDRE (Prop_fdre_C_Q)         0.128     2.306 r  XDMA/inst/udma_wrapper/dma_top/dma_enable.vul_dma/WR/gen_rdwr_loop[0].gen_rdwr_eng.RDWR_INST/rrq_dsc_wadr_902_reg[63]/Q
                         net (fo=1, routed)           0.124     2.430    XDMA/inst/udma_wrapper/dma_top/dma_enable.vul_dma/WR/gen_rdwr_loop[0].gen_rdwr_eng.RDWR_INST/rrq_dsc_wadr_902[63]
    RAMB36_X0Y11         RAMB36E1                                     r  XDMA/inst/udma_wrapper/dma_top/dma_enable.vul_dma/WR/gen_rdwr_loop[0].gen_rdwr_eng.RDWR_INST/rrq_wadr_nn1_reg/DIBDI[31]
  -------------------------------------------------------------------    -------------------

                         (clock userclk1 rise edge)
                                                      0.000     0.000 r  
    GTPE2_CHANNEL_X0Y3   GTPE2_CHANNEL                0.000     0.000 r  XDMA/inst/xdma_v41_m1_pcie2_to_pcie3_wrapper_i/pcie2_ip_i/inst/inst/gt_top_i/pipe_wrapper_i/pipe_lane[0].gt_wrapper_i/gtp_channel.gtpe2_channel_i/TXOUTCLK
                         net (fo=1, routed)           0.509     0.509    XDMA/inst/xdma_v41_m1_pcie2_to_pcie3_wrapper_i/pcie2_ip_i/inst/inst/gt_top_i/pipe_wrapper_i/pipe_clock_int.pipe_clock_i/txoutclk_i.txoutclk_i_0
    BUFGCTRL_X0Y20       BUFG (Prop_bufg_I_O)         0.029     0.538 r  XDMA/inst/xdma_v41_m1_pcie2_to_pcie3_wrapper_i/pcie2_ip_i/inst/inst/gt_top_i/pipe_wrapper_i/pipe_clock_int.pipe_clock_i/txoutclk_i.txoutclk_i/O
                         net (fo=1, routed)           0.818     1.355    XDMA/inst/xdma_v41_m1_pcie2_to_pcie3_wrapper_i/pcie2_ip_i/inst/inst/gt_top_i/pipe_wrapper_i/pipe_clock_int.pipe_clock_i/refclk
    MMCME2_ADV_X0Y0      MMCME2_ADV (Prop_mmcme2_adv_CLKIN1_CLKOUT2)
                                                      0.053     1.408 r  XDMA/inst/xdma_v41_m1_pcie2_to_pcie3_wrapper_i/pcie2_ip_i/inst/inst/gt_top_i/pipe_wrapper_i/pipe_clock_int.pipe_clock_i/mmcm_i/CLKOUT2
                         net (fo=1, routed)           0.534     1.942    XDMA/inst/xdma_v41_m1_pcie2_to_pcie3_wrapper_i/pcie2_ip_i/inst/inst/gt_top_i/pipe_wrapper_i/pipe_clock_int.pipe_clock_i/userclk1
    BUFGCTRL_X0Y0        BUFG (Prop_bufg_I_O)         0.029     1.971 r  XDMA/inst/xdma_v41_m1_pcie2_to_pcie3_wrapper_i/pcie2_ip_i/inst/inst/gt_top_i/pipe_wrapper_i/pipe_clock_int.pipe_clock_i/userclk1_i1.usrclk1_i1/O
                         net (fo=18985, routed)       0.872     2.843    XDMA/inst/udma_wrapper/dma_top/dma_enable.vul_dma/WR/gen_rdwr_loop[0].gen_rdwr_eng.RDWR_INST/user_clk
    RAMB36_X0Y11         RAMB36E1                                     r  XDMA/inst/udma_wrapper/dma_top/dma_enable.vul_dma/WR/gen_rdwr_loop[0].gen_rdwr_eng.RDWR_INST/rrq_wadr_nn1_reg/CLKBWRCLK
                         clock pessimism             -0.590     2.253    
    RAMB36_X0Y11         RAMB36E1 (Hold_ramb36e1_CLKBWRCLK_DIBDI[31])
                                                      0.102     2.355    XDMA/inst/udma_wrapper/dma_top/dma_enable.vul_dma/WR/gen_rdwr_loop[0].gen_rdwr_eng.RDWR_INST/rrq_wadr_nn1_reg
  -------------------------------------------------------------------
                         required time                         -2.355    
                         arrival time                           2.430    
  -------------------------------------------------------------------
                         slack                                  0.074    

Slack (MET) :             0.075ns  (arrival time - required time)
  Source:                 XDMA/inst/xdma_v41_m1_pcie2_to_pcie3_wrapper_i/pcie2_ip_i/inst/inst/pcie_top_i/pcie_7x_i/pcie_block_i/USERCLK
                            (rising edge-triggered cell PCIE_2_1 clocked by userclk1  {rise@0.000ns fall@8.000ns period=16.000ns})
  Destination:            XDMA/inst/xdma_v41_m1_pcie2_to_pcie3_wrapper_i/pcie2_ip_i/inst/inst/pcie_top_i/pcie_7x_i/pcie_bram_top/pcie_brams_tx/brams[1].ram/use_tdp.ramb36/genblk5_0.bram36_tdp_bl.bram36_tdp_bl/DIADI[10]
                            (rising edge-triggered cell RAMB36E1 clocked by userclk1  {rise@0.000ns fall@8.000ns period=16.000ns})
  Path Group:             userclk1
  Path Type:              Hold (Min at Fast Process Corner)
  Requirement:            0.000ns  (userclk1 rise@0.000ns - userclk1 rise@0.000ns)
  Data Path Delay:        0.673ns  (logic 0.022ns (3.271%)  route 0.651ns (96.729%))
  Logic Levels:           0  
  Clock Path Skew:        0.302ns (DCD - SCD - CPR)
    Destination Clock Delay (DCD):    2.926ns
    Source Clock Delay      (SCD):    2.259ns
    Clock Pessimism Removal (CPR):    0.365ns

    Location             Delay type                Incr(ns)  Path(ns)    Netlist Resource(s)
  -------------------------------------------------------------------    -------------------
                         (clock userclk1 rise edge)
                                                      0.000     0.000 r  
    GTPE2_CHANNEL_X0Y3   GTPE2_CHANNEL                0.000     0.000 r  XDMA/inst/xdma_v41_m1_pcie2_to_pcie3_wrapper_i/pcie2_ip_i/inst/inst/gt_top_i/pipe_wrapper_i/pipe_lane[0].gt_wrapper_i/gtp_channel.gtpe2_channel_i/TXOUTCLK
                         net (fo=1, routed)           0.473     0.473    XDMA/inst/xdma_v41_m1_pcie2_to_pcie3_wrapper_i/pcie2_ip_i/inst/inst/gt_top_i/pipe_wrapper_i/pipe_clock_int.pipe_clock_i/txoutclk_i.txoutclk_i_0
    BUFGCTRL_X0Y20       BUFG (Prop_bufg_I_O)         0.026     0.499 r  XDMA/inst/xdma_v41_m1_pcie2_to_pcie3_wrapper_i/pcie2_ip_i/inst/inst/gt_top_i/pipe_wrapper_i/pipe_clock_int.pipe_clock_i/txoutclk_i.txoutclk_i/O
                         net (fo=1, routed)           0.551     1.050    XDMA/inst/xdma_v41_m1_pcie2_to_pcie3_wrapper_i/pcie2_ip_i/inst/inst/gt_top_i/pipe_wrapper_i/pipe_clock_int.pipe_clock_i/refclk
    MMCME2_ADV_X0Y0      MMCME2_ADV (Prop_mmcme2_adv_CLKIN1_CLKOUT2)
                                                      0.050     1.100 r  XDMA/inst/xdma_v41_m1_pcie2_to_pcie3_wrapper_i/pcie2_ip_i/inst/inst/gt_top_i/pipe_wrapper_i/pipe_clock_int.pipe_clock_i/mmcm_i/CLKOUT2
                         net (fo=1, routed)           0.489     1.589    XDMA/inst/xdma_v41_m1_pcie2_to_pcie3_wrapper_i/pcie2_ip_i/inst/inst/gt_top_i/pipe_wrapper_i/pipe_clock_int.pipe_clock_i/userclk1
    BUFGCTRL_X0Y0        BUFG (Prop_bufg_I_O)         0.026     1.615 r  XDMA/inst/xdma_v41_m1_pcie2_to_pcie3_wrapper_i/pcie2_ip_i/inst/inst/gt_top_i/pipe_wrapper_i/pipe_clock_int.pipe_clock_i/userclk1_i1.usrclk1_i1/O
                         net (fo=18985, routed)       0.644     2.259    XDMA/inst/xdma_v41_m1_pcie2_to_pcie3_wrapper_i/pcie2_ip_i/inst/inst/pcie_top_i/pcie_7x_i/INT_USERCLK2_OUT
    PCIE_X0Y0            PCIE_2_1                                     r  XDMA/inst/xdma_v41_m1_pcie2_to_pcie3_wrapper_i/pcie2_ip_i/inst/inst/pcie_top_i/pcie_7x_i/pcie_block_i/USERCLK
  -------------------------------------------------------------------    -------------------
    PCIE_X0Y0            PCIE_2_1 (Prop_pcie_2_1_USERCLK_MIMTXWDATA[29])
                                                      0.022     2.281 r  XDMA/inst/xdma_v41_m1_pcie2_to_pcie3_wrapper_i/pcie2_ip_i/inst/inst/pcie_top_i/pcie_7x_i/pcie_block_i/MIMTXWDATA[29]
                         net (fo=1, routed)           0.651     2.931    XDMA/inst/xdma_v41_m1_pcie2_to_pcie3_wrapper_i/pcie2_ip_i/inst/inst/pcie_top_i/pcie_7x_i/pcie_bram_top/pcie_brams_tx/brams[1].ram/use_tdp.ramb36/wdata[11]
    RAMB36_X0Y22         RAMB36E1                                     r  XDMA/inst/xdma_v41_m1_pcie2_to_pcie3_wrapper_i/pcie2_ip_i/inst/inst/pcie_top_i/pcie_7x_i/pcie_bram_top/pcie_brams_tx/brams[1].ram/use_tdp.ramb36/genblk5_0.bram36_tdp_bl.bram36_tdp_bl/DIADI[10]
  -------------------------------------------------------------------    -------------------

                         (clock userclk1 rise edge)
                                                      0.000     0.000 r  
    GTPE2_CHANNEL_X0Y3   GTPE2_CHANNEL                0.000     0.000 r  XDMA/inst/xdma_v41_m1_pcie2_to_pcie3_wrapper_i/pcie2_ip_i/inst/inst/gt_top_i/pipe_wrapper_i/pipe_lane[0].gt_wrapper_i/gtp_channel.gtpe2_channel_i/TXOUTCLK
                         net (fo=1, routed)           0.509     0.509    XDMA/inst/xdma_v41_m1_pcie2_to_pcie3_wrapper_i/pcie2_ip_i/inst/inst/gt_top_i/pipe_wrapper_i/pipe_clock_int.pipe_clock_i/txoutclk_i.txoutclk_i_0
    BUFGCTRL_X0Y20       BUFG (Prop_bufg_I_O)         0.029     0.538 r  XDMA/inst/xdma_v41_m1_pcie2_to_pcie3_wrapper_i/pcie2_ip_i/inst/inst/gt_top_i/pipe_wrapper_i/pipe_clock_int.pipe_clock_i/txoutclk_i.txoutclk_i/O
                         net (fo=1, routed)           0.818     1.355    XDMA/inst/xdma_v41_m1_pcie2_to_pcie3_wrapper_i/pcie2_ip_i/inst/inst/gt_top_i/pipe_wrapper_i/pipe_clock_int.pipe_clock_i/refclk
    MMCME2_ADV_X0Y0      MMCME2_ADV (Prop_mmcme2_adv_CLKIN1_CLKOUT2)
                                                      0.053     1.408 r  XDMA/inst/xdma_v41_m1_pcie2_to_pcie3_wrapper_i/pcie2_ip_i/inst/inst/gt_top_i/pipe_wrapper_i/pipe_clock_int.pipe_clock_i/mmcm_i/CLKOUT2
                         net (fo=1, routed)           0.534     1.942    XDMA/inst/xdma_v41_m1_pcie2_to_pcie3_wrapper_i/pcie2_ip_i/inst/inst/gt_top_i/pipe_wrapper_i/pipe_clock_int.pipe_clock_i/userclk1
    BUFGCTRL_X0Y0        BUFG (Prop_bufg_I_O)         0.029     1.971 r  XDMA/inst/xdma_v41_m1_pcie2_to_pcie3_wrapper_i/pcie2_ip_i/inst/inst/gt_top_i/pipe_wrapper_i/pipe_clock_int.pipe_clock_i/userclk1_i1.usrclk1_i1/O
                         net (fo=18985, routed)       0.955     2.926    XDMA/inst/xdma_v41_m1_pcie2_to_pcie3_wrapper_i/pcie2_ip_i/inst/inst/pcie_top_i/pcie_7x_i/pcie_bram_top/pcie_brams_tx/brams[1].ram/use_tdp.ramb36/INT_USERCLK2_OUT
    RAMB36_X0Y22         RAMB36E1                                     r  XDMA/inst/xdma_v41_m1_pcie2_to_pcie3_wrapper_i/pcie2_ip_i/inst/inst/pcie_top_i/pcie_7x_i/pcie_bram_top/pcie_brams_tx/brams[1].ram/use_tdp.ramb36/genblk5_0.bram36_tdp_bl.bram36_tdp_bl/CLKARDCLK
                         clock pessimism             -0.365     2.561    
    RAMB36_X0Y22         RAMB36E1 (Hold_ramb36e1_CLKARDCLK_DIADI[10])
                                                      0.296     2.857    XDMA/inst/xdma_v41_m1_pcie2_to_pcie3_wrapper_i/pcie2_ip_i/inst/inst/pcie_top_i/pcie_7x_i/pcie_bram_top/pcie_brams_tx/brams[1].ram/use_tdp.ramb36/genblk5_0.bram36_tdp_bl.bram36_tdp_bl
  -------------------------------------------------------------------
                         required time                         -2.857    
                         arrival time                           2.931    
  -------------------------------------------------------------------
                         slack                                  0.075    

Slack (MET) :             0.075ns  (arrival time - required time)
  Source:                 XDMA/inst/udma_wrapper/dma_top/dma_enable.vul_dma/WR/gen_rdwr_loop[0].gen_rdwr_eng.RDWR_INST/rrq_dsc_wadr_902_reg[48]/C
                            (rising edge-triggered cell FDRE clocked by userclk1  {rise@0.000ns fall@8.000ns period=16.000ns})
  Destination:            XDMA/inst/udma_wrapper/dma_top/dma_enable.vul_dma/WR/gen_rdwr_loop[0].gen_rdwr_eng.RDWR_INST/rrq_wadr_nn1_reg/DIBDI[16]
                            (rising edge-triggered cell RAMB36E1 clocked by userclk1  {rise@0.000ns fall@8.000ns period=16.000ns})
  Path Group:             userclk1
  Path Type:              Hold (Min at Fast Process Corner)
  Requirement:            0.000ns  (userclk1 rise@0.000ns - userclk1 rise@0.000ns)
  Data Path Delay:        0.304ns  (logic 0.141ns (46.338%)  route 0.163ns (53.661%))
  Logic Levels:           0  
  Clock Path Skew:        0.075ns (DCD - SCD - CPR)
    Destination Clock Delay (DCD):    2.843ns
    Source Clock Delay      (SCD):    2.179ns
    Clock Pessimism Removal (CPR):    0.590ns

    Location             Delay type                Incr(ns)  Path(ns)    Netlist Resource(s)
  -------------------------------------------------------------------    -------------------
                         (clock userclk1 rise edge)
                                                      0.000     0.000 r  
    GTPE2_CHANNEL_X0Y3   GTPE2_CHANNEL                0.000     0.000 r  XDMA/inst/xdma_v41_m1_pcie2_to_pcie3_wrapper_i/pcie2_ip_i/inst/inst/gt_top_i/pipe_wrapper_i/pipe_lane[0].gt_wrapper_i/gtp_channel.gtpe2_channel_i/TXOUTCLK
                         net (fo=1, routed)           0.473     0.473    XDMA/inst/xdma_v41_m1_pcie2_to_pcie3_wrapper_i/pcie2_ip_i/inst/inst/gt_top_i/pipe_wrapper_i/pipe_clock_int.pipe_clock_i/txoutclk_i.txoutclk_i_0
    BUFGCTRL_X0Y20       BUFG (Prop_bufg_I_O)         0.026     0.499 r  XDMA/inst/xdma_v41_m1_pcie2_to_pcie3_wrapper_i/pcie2_ip_i/inst/inst/gt_top_i/pipe_wrapper_i/pipe_clock_int.pipe_clock_i/txoutclk_i.txoutclk_i/O
                         net (fo=1, routed)           0.551     1.050    XDMA/inst/xdma_v41_m1_pcie2_to_pcie3_wrapper_i/pcie2_ip_i/inst/inst/gt_top_i/pipe_wrapper_i/pipe_clock_int.pipe_clock_i/refclk
    MMCME2_ADV_X0Y0      MMCME2_ADV (Prop_mmcme2_adv_CLKIN1_CLKOUT2)
                                                      0.050     1.100 r  XDMA/inst/xdma_v41_m1_pcie2_to_pcie3_wrapper_i/pcie2_ip_i/inst/inst/gt_top_i/pipe_wrapper_i/pipe_clock_int.pipe_clock_i/mmcm_i/CLKOUT2
                         net (fo=1, routed)           0.489     1.589    XDMA/inst/xdma_v41_m1_pcie2_to_pcie3_wrapper_i/pcie2_ip_i/inst/inst/gt_top_i/pipe_wrapper_i/pipe_clock_int.pipe_clock_i/userclk1
    BUFGCTRL_X0Y0        BUFG (Prop_bufg_I_O)         0.026     1.615 r  XDMA/inst/xdma_v41_m1_pcie2_to_pcie3_wrapper_i/pcie2_ip_i/inst/inst/gt_top_i/pipe_wrapper_i/pipe_clock_int.pipe_clock_i/userclk1_i1.usrclk1_i1/O
                         net (fo=18985, routed)       0.564     2.179    XDMA/inst/udma_wrapper/dma_top/dma_enable.vul_dma/WR/gen_rdwr_loop[0].gen_rdwr_eng.RDWR_INST/user_clk
    SLICE_X11Y55         FDRE                                         r  XDMA/inst/udma_wrapper/dma_top/dma_enable.vul_dma/WR/gen_rdwr_loop[0].gen_rdwr_eng.RDWR_INST/rrq_dsc_wadr_902_reg[48]/C
  -------------------------------------------------------------------    -------------------
    SLICE_X11Y55         FDRE (Prop_fdre_C_Q)         0.141     2.320 r  XDMA/inst/udma_wrapper/dma_top/dma_enable.vul_dma/WR/gen_rdwr_loop[0].gen_rdwr_eng.RDWR_INST/rrq_dsc_wadr_902_reg[48]/Q
                         net (fo=1, routed)           0.163     2.483    XDMA/inst/udma_wrapper/dma_top/dma_enable.vul_dma/WR/gen_rdwr_loop[0].gen_rdwr_eng.RDWR_INST/rrq_dsc_wadr_902[48]
    RAMB36_X0Y11         RAMB36E1                                     r  XDMA/inst/udma_wrapper/dma_top/dma_enable.vul_dma/WR/gen_rdwr_loop[0].gen_rdwr_eng.RDWR_INST/rrq_wadr_nn1_reg/DIBDI[16]
  -------------------------------------------------------------------    -------------------

                         (clock userclk1 rise edge)
                                                      0.000     0.000 r  
    GTPE2_CHANNEL_X0Y3   GTPE2_CHANNEL                0.000     0.000 r  XDMA/inst/xdma_v41_m1_pcie2_to_pcie3_wrapper_i/pcie2_ip_i/inst/inst/gt_top_i/pipe_wrapper_i/pipe_lane[0].gt_wrapper_i/gtp_channel.gtpe2_channel_i/TXOUTCLK
                         net (fo=1, routed)           0.509     0.509    XDMA/inst/xdma_v41_m1_pcie2_to_pcie3_wrapper_i/pcie2_ip_i/inst/inst/gt_top_i/pipe_wrapper_i/pipe_clock_int.pipe_clock_i/txoutclk_i.txoutclk_i_0
    BUFGCTRL_X0Y20       BUFG (Prop_bufg_I_O)         0.029     0.538 r  XDMA/inst/xdma_v41_m1_pcie2_to_pcie3_wrapper_i/pcie2_ip_i/inst/inst/gt_top_i/pipe_wrapper_i/pipe_clock_int.pipe_clock_i/txoutclk_i.txoutclk_i/O
                         net (fo=1, routed)           0.818     1.355    XDMA/inst/xdma_v41_m1_pcie2_to_pcie3_wrapper_i/pcie2_ip_i/inst/inst/gt_top_i/pipe_wrapper_i/pipe_clock_int.pipe_clock_i/refclk
    MMCME2_ADV_X0Y0      MMCME2_ADV (Prop_mmcme2_adv_CLKIN1_CLKOUT2)
                                                      0.053     1.408 r  XDMA/inst/xdma_v41_m1_pcie2_to_pcie3_wrapper_i/pcie2_ip_i/inst/inst/gt_top_i/pipe_wrapper_i/pipe_clock_int.pipe_clock_i/mmcm_i/CLKOUT2
                         net (fo=1, routed)           0.534     1.942    XDMA/inst/xdma_v41_m1_pcie2_to_pcie3_wrapper_i/pcie2_ip_i/inst/inst/gt_top_i/pipe_wrapper_i/pipe_clock_int.pipe_clock_i/userclk1
    BUFGCTRL_X0Y0        BUFG (Prop_bufg_I_O)         0.029     1.971 r  XDMA/inst/xdma_v41_m1_pcie2_to_pcie3_wrapper_i/pcie2_ip_i/inst/inst/gt_top_i/pipe_wrapper_i/pipe_clock_int.pipe_clock_i/userclk1_i1.usrclk1_i1/O
                         net (fo=18985, routed)       0.872     2.843    XDMA/inst/udma_wrapper/dma_top/dma_enable.vul_dma/WR/gen_rdwr_loop[0].gen_rdwr_eng.RDWR_INST/user_clk
    RAMB36_X0Y11         RAMB36E1                                     r  XDMA/inst/udma_wrapper/dma_top/dma_enable.vul_dma/WR/gen_rdwr_loop[0].gen_rdwr_eng.RDWR_INST/rrq_wadr_nn1_reg/CLKBWRCLK
                         clock pessimism             -0.590     2.253    
    RAMB36_X0Y11         RAMB36E1 (Hold_ramb36e1_CLKBWRCLK_DIBDI[16])
                                                      0.155     2.408    XDMA/inst/udma_wrapper/dma_top/dma_enable.vul_dma/WR/gen_rdwr_loop[0].gen_rdwr_eng.RDWR_INST/rrq_wadr_nn1_reg
  -------------------------------------------------------------------
                         required time                         -2.408    
                         arrival time                           2.483    
  -------------------------------------------------------------------
                         slack                                  0.075    

Slack (MET) :             0.075ns  (arrival time - required time)
  Source:                 XDMA/inst/udma_wrapper/dma_top/dma_enable.vul_dma/WR/gen_rdwr_loop[0].gen_rdwr_eng.RDWR_INST/DSC_FIFO/WrPtr_reg[0]/C
                            (rising edge-triggered cell FDRE clocked by userclk1  {rise@0.000ns fall@8.000ns period=16.000ns})
  Destination:            XDMA/inst/udma_wrapper/dma_top/dma_enable.vul_dma/WR/gen_rdwr_loop[0].gen_rdwr_eng.RDWR_INST/DSC_FIFO/MemArray_reg_0_7_60_65/RAMA/WADR0
                            (rising edge-triggered cell RAMD32 clocked by userclk1  {rise@0.000ns fall@8.000ns period=16.000ns})
  Path Group:             userclk1
  Path Type:              Hold (Min at Fast Process Corner)
  Requirement:            0.000ns  (userclk1 rise@0.000ns - userclk1 rise@0.000ns)
  Data Path Delay:        0.400ns  (logic 0.141ns (35.283%)  route 0.259ns (64.717%))
  Logic Levels:           0  
  Clock Path Skew:        0.015ns (DCD - SCD - CPR)
    Destination Clock Delay (DCD):    2.796ns
    Source Clock Delay      (SCD):    2.173ns
    Clock Pessimism Removal (CPR):    0.609ns

    Location             Delay type                Incr(ns)  Path(ns)    Netlist Resource(s)
  -------------------------------------------------------------------    -------------------
                         (clock userclk1 rise edge)
                                                      0.000     0.000 r  
    GTPE2_CHANNEL_X0Y3   GTPE2_CHANNEL                0.000     0.000 r  XDMA/inst/xdma_v41_m1_pcie2_to_pcie3_wrapper_i/pcie2_ip_i/inst/inst/gt_top_i/pipe_wrapper_i/pipe_lane[0].gt_wrapper_i/gtp_channel.gtpe2_channel_i/TXOUTCLK
                         net (fo=1, routed)           0.473     0.473    XDMA/inst/xdma_v41_m1_pcie2_to_pcie3_wrapper_i/pcie2_ip_i/inst/inst/gt_top_i/pipe_wrapper_i/pipe_clock_int.pipe_clock_i/txoutclk_i.txoutclk_i_0
    BUFGCTRL_X0Y20       BUFG (Prop_bufg_I_O)         0.026     0.499 r  XDMA/inst/xdma_v41_m1_pcie2_to_pcie3_wrapper_i/pcie2_ip_i/inst/inst/gt_top_i/pipe_wrapper_i/pipe_clock_int.pipe_clock_i/txoutclk_i.txoutclk_i/O
                         net (fo=1, routed)           0.551     1.050    XDMA/inst/xdma_v41_m1_pcie2_to_pcie3_wrapper_i/pcie2_ip_i/inst/inst/gt_top_i/pipe_wrapper_i/pipe_clock_int.pipe_clock_i/refclk
    MMCME2_ADV_X0Y0      MMCME2_ADV (Prop_mmcme2_adv_CLKIN1_CLKOUT2)
                                                      0.050     1.100 r  XDMA/inst/xdma_v41_m1_pcie2_to_pcie3_wrapper_i/pcie2_ip_i/inst/inst/gt_top_i/pipe_wrapper_i/pipe_clock_int.pipe_clock_i/mmcm_i/CLKOUT2
                         net (fo=1, routed)           0.489     1.589    XDMA/inst/xdma_v41_m1_pcie2_to_pcie3_wrapper_i/pcie2_ip_i/inst/inst/gt_top_i/pipe_wrapper_i/pipe_clock_int.pipe_clock_i/userclk1
    BUFGCTRL_X0Y0        BUFG (Prop_bufg_I_O)         0.026     1.615 r  XDMA/inst/xdma_v41_m1_pcie2_to_pcie3_wrapper_i/pcie2_ip_i/inst/inst/gt_top_i/pipe_wrapper_i/pipe_clock_int.pipe_clock_i/userclk1_i1.usrclk1_i1/O
                         net (fo=18985, routed)       0.558     2.173    XDMA/inst/udma_wrapper/dma_top/dma_enable.vul_dma/WR/gen_rdwr_loop[0].gen_rdwr_eng.RDWR_INST/DSC_FIFO/user_clk
    SLICE_X36Y62         FDRE                                         r  XDMA/inst/udma_wrapper/dma_top/dma_enable.vul_dma/WR/gen_rdwr_loop[0].gen_rdwr_eng.RDWR_INST/DSC_FIFO/WrPtr_reg[0]/C
  -------------------------------------------------------------------    -------------------
    SLICE_X36Y62         FDRE (Prop_fdre_C_Q)         0.141     2.314 r  XDMA/inst/udma_wrapper/dma_top/dma_enable.vul_dma/WR/gen_rdwr_loop[0].gen_rdwr_eng.RDWR_INST/DSC_FIFO/WrPtr_reg[0]/Q
                         net (fo=219, routed)         0.259     2.572    XDMA/inst/udma_wrapper/dma_top/dma_enable.vul_dma/WR/gen_rdwr_loop[0].gen_rdwr_eng.RDWR_INST/DSC_FIFO/MemArray_reg_0_7_60_65/ADDRD0
    SLICE_X38Y62         RAMD32                                       r  XDMA/inst/udma_wrapper/dma_top/dma_enable.vul_dma/WR/gen_rdwr_loop[0].gen_rdwr_eng.RDWR_INST/DSC_FIFO/MemArray_reg_0_7_60_65/RAMA/WADR0
  -------------------------------------------------------------------    -------------------

                         (clock userclk1 rise edge)
                                                      0.000     0.000 r  
    GTPE2_CHANNEL_X0Y3   GTPE2_CHANNEL                0.000     0.000 r  XDMA/inst/xdma_v41_m1_pcie2_to_pcie3_wrapper_i/pcie2_ip_i/inst/inst/gt_top_i/pipe_wrapper_i/pipe_lane[0].gt_wrapper_i/gtp_channel.gtpe2_channel_i/TXOUTCLK
                         net (fo=1, routed)           0.509     0.509    XDMA/inst/xdma_v41_m1_pcie2_to_pcie3_wrapper_i/pcie2_ip_i/inst/inst/gt_top_i/pipe_wrapper_i/pipe_clock_int.pipe_clock_i/txoutclk_i.txoutclk_i_0
    BUFGCTRL_X0Y20       BUFG (Prop_bufg_I_O)         0.029     0.538 r  XDMA/inst/xdma_v41_m1_pcie2_to_pcie3_wrapper_i/pcie2_ip_i/inst/inst/gt_top_i/pipe_wrapper_i/pipe_clock_int.pipe_clock_i/txoutclk_i.txoutclk_i/O
                         net (fo=1, routed)           0.818     1.355    XDMA/inst/xdma_v41_m1_pcie2_to_pcie3_wrapper_i/pcie2_ip_i/inst/inst/gt_top_i/pipe_wrapper_i/pipe_clock_int.pipe_clock_i/refclk
    MMCME2_ADV_X0Y0      MMCME2_ADV (Prop_mmcme2_adv_CLKIN1_CLKOUT2)
                                                      0.053     1.408 r  XDMA/inst/xdma_v41_m1_pcie2_to_pcie3_wrapper_i/pcie2_ip_i/inst/inst/gt_top_i/pipe_wrapper_i/pipe_clock_int.pipe_clock_i/mmcm_i/CLKOUT2
                         net (fo=1, routed)           0.534     1.942    XDMA/inst/xdma_v41_m1_pcie2_to_pcie3_wrapper_i/pcie2_ip_i/inst/inst/gt_top_i/pipe_wrapper_i/pipe_clock_int.pipe_clock_i/userclk1
    BUFGCTRL_X0Y0        BUFG (Prop_bufg_I_O)         0.029     1.971 r  XDMA/inst/xdma_v41_m1_pcie2_to_pcie3_wrapper_i/pcie2_ip_i/inst/inst/gt_top_i/pipe_wrapper_i/pipe_clock_int.pipe_clock_i/userclk1_i1.usrclk1_i1/O
                         net (fo=18985, routed)       0.825     2.796    XDMA/inst/udma_wrapper/dma_top/dma_enable.vul_dma/WR/gen_rdwr_loop[0].gen_rdwr_eng.RDWR_INST/DSC_FIFO/MemArray_reg_0_7_60_65/WCLK
    SLICE_X38Y62         RAMD32                                       r  XDMA/inst/udma_wrapper/dma_top/dma_enable.vul_dma/WR/gen_rdwr_loop[0].gen_rdwr_eng.RDWR_INST/DSC_FIFO/MemArray_reg_0_7_60_65/RAMA/CLK
                         clock pessimism             -0.609     2.188    
    SLICE_X38Y62         RAMD32 (Hold_ramd32_CLK_WADR0)
                                                      0.310     2.498    XDMA/inst/udma_wrapper/dma_top/dma_enable.vul_dma/WR/gen_rdwr_loop[0].gen_rdwr_eng.RDWR_INST/DSC_FIFO/MemArray_reg_0_7_60_65/RAMA
  -------------------------------------------------------------------
                         required time                         -2.498    
                         arrival time                           2.572    
  -------------------------------------------------------------------
                         slack                                  0.075    

Slack (MET) :             0.075ns  (arrival time - required time)
  Source:                 XDMA/inst/udma_wrapper/dma_top/dma_enable.vul_dma/WR/gen_rdwr_loop[0].gen_rdwr_eng.RDWR_INST/DSC_FIFO/WrPtr_reg[0]/C
                            (rising edge-triggered cell FDRE clocked by userclk1  {rise@0.000ns fall@8.000ns period=16.000ns})
  Destination:            XDMA/inst/udma_wrapper/dma_top/dma_enable.vul_dma/WR/gen_rdwr_loop[0].gen_rdwr_eng.RDWR_INST/DSC_FIFO/MemArray_reg_0_7_60_65/RAMA_D1/WADR0
                            (rising edge-triggered cell RAMD32 clocked by userclk1  {rise@0.000ns fall@8.000ns period=16.000ns})
  Path Group:             userclk1
  Path Type:              Hold (Min at Fast Process Corner)
  Requirement:            0.000ns  (userclk1 rise@0.000ns - userclk1 rise@0.000ns)
  Data Path Delay:        0.400ns  (logic 0.141ns (35.283%)  route 0.259ns (64.717%))
  Logic Levels:           0  
  Clock Path Skew:        0.015ns (DCD - SCD - CPR)
    Destination Clock Delay (DCD):    2.796ns
    Source Clock Delay      (SCD):    2.173ns
    Clock Pessimism Removal (CPR):    0.609ns

    Location             Delay type                Incr(ns)  Path(ns)    Netlist Resource(s)
  -------------------------------------------------------------------    -------------------
                         (clock userclk1 rise edge)
                                                      0.000     0.000 r  
    GTPE2_CHANNEL_X0Y3   GTPE2_CHANNEL                0.000     0.000 r  XDMA/inst/xdma_v41_m1_pcie2_to_pcie3_wrapper_i/pcie2_ip_i/inst/inst/gt_top_i/pipe_wrapper_i/pipe_lane[0].gt_wrapper_i/gtp_channel.gtpe2_channel_i/TXOUTCLK
                         net (fo=1, routed)           0.473     0.473    XDMA/inst/xdma_v41_m1_pcie2_to_pcie3_wrapper_i/pcie2_ip_i/inst/inst/gt_top_i/pipe_wrapper_i/pipe_clock_int.pipe_clock_i/txoutclk_i.txoutclk_i_0
    BUFGCTRL_X0Y20       BUFG (Prop_bufg_I_O)         0.026     0.499 r  XDMA/inst/xdma_v41_m1_pcie2_to_pcie3_wrapper_i/pcie2_ip_i/inst/inst/gt_top_i/pipe_wrapper_i/pipe_clock_int.pipe_clock_i/txoutclk_i.txoutclk_i/O
                         net (fo=1, routed)           0.551     1.050    XDMA/inst/xdma_v41_m1_pcie2_to_pcie3_wrapper_i/pcie2_ip_i/inst/inst/gt_top_i/pipe_wrapper_i/pipe_clock_int.pipe_clock_i/refclk
    MMCME2_ADV_X0Y0      MMCME2_ADV (Prop_mmcme2_adv_CLKIN1_CLKOUT2)
                                                      0.050     1.100 r  XDMA/inst/xdma_v41_m1_pcie2_to_pcie3_wrapper_i/pcie2_ip_i/inst/inst/gt_top_i/pipe_wrapper_i/pipe_clock_int.pipe_clock_i/mmcm_i/CLKOUT2
                         net (fo=1, routed)           0.489     1.589    XDMA/inst/xdma_v41_m1_pcie2_to_pcie3_wrapper_i/pcie2_ip_i/inst/inst/gt_top_i/pipe_wrapper_i/pipe_clock_int.pipe_clock_i/userclk1
    BUFGCTRL_X0Y0        BUFG (Prop_bufg_I_O)         0.026     1.615 r  XDMA/inst/xdma_v41_m1_pcie2_to_pcie3_wrapper_i/pcie2_ip_i/inst/inst/gt_top_i/pipe_wrapper_i/pipe_clock_int.pipe_clock_i/userclk1_i1.usrclk1_i1/O
                         net (fo=18985, routed)       0.558     2.173    XDMA/inst/udma_wrapper/dma_top/dma_enable.vul_dma/WR/gen_rdwr_loop[0].gen_rdwr_eng.RDWR_INST/DSC_FIFO/user_clk
    SLICE_X36Y62         FDRE                                         r  XDMA/inst/udma_wrapper/dma_top/dma_enable.vul_dma/WR/gen_rdwr_loop[0].gen_rdwr_eng.RDWR_INST/DSC_FIFO/WrPtr_reg[0]/C
  -------------------------------------------------------------------    -------------------
    SLICE_X36Y62         FDRE (Prop_fdre_C_Q)         0.141     2.314 r  XDMA/inst/udma_wrapper/dma_top/dma_enable.vul_dma/WR/gen_rdwr_loop[0].gen_rdwr_eng.RDWR_INST/DSC_FIFO/WrPtr_reg[0]/Q
                         net (fo=219, routed)         0.259     2.572    XDMA/inst/udma_wrapper/dma_top/dma_enable.vul_dma/WR/gen_rdwr_loop[0].gen_rdwr_eng.RDWR_INST/DSC_FIFO/MemArray_reg_0_7_60_65/ADDRD0
    SLICE_X38Y62         RAMD32                                       r  XDMA/inst/udma_wrapper/dma_top/dma_enable.vul_dma/WR/gen_rdwr_loop[0].gen_rdwr_eng.RDWR_INST/DSC_FIFO/MemArray_reg_0_7_60_65/RAMA_D1/WADR0
  -------------------------------------------------------------------    -------------------

                         (clock userclk1 rise edge)
                                                      0.000     0.000 r  
    GTPE2_CHANNEL_X0Y3   GTPE2_CHANNEL                0.000     0.000 r  XDMA/inst/xdma_v41_m1_pcie2_to_pcie3_wrapper_i/pcie2_ip_i/inst/inst/gt_top_i/pipe_wrapper_i/pipe_lane[0].gt_wrapper_i/gtp_channel.gtpe2_channel_i/TXOUTCLK
                         net (fo=1, routed)           0.509     0.509    XDMA/inst/xdma_v41_m1_pcie2_to_pcie3_wrapper_i/pcie2_ip_i/inst/inst/gt_top_i/pipe_wrapper_i/pipe_clock_int.pipe_clock_i/txoutclk_i.txoutclk_i_0
    BUFGCTRL_X0Y20       BUFG (Prop_bufg_I_O)         0.029     0.538 r  XDMA/inst/xdma_v41_m1_pcie2_to_pcie3_wrapper_i/pcie2_ip_i/inst/inst/gt_top_i/pipe_wrapper_i/pipe_clock_int.pipe_clock_i/txoutclk_i.txoutclk_i/O
                         net (fo=1, routed)           0.818     1.355    XDMA/inst/xdma_v41_m1_pcie2_to_pcie3_wrapper_i/pcie2_ip_i/inst/inst/gt_top_i/pipe_wrapper_i/pipe_clock_int.pipe_clock_i/refclk
    MMCME2_ADV_X0Y0      MMCME2_ADV (Prop_mmcme2_adv_CLKIN1_CLKOUT2)
                                                      0.053     1.408 r  XDMA/inst/xdma_v41_m1_pcie2_to_pcie3_wrapper_i/pcie2_ip_i/inst/inst/gt_top_i/pipe_wrapper_i/pipe_clock_int.pipe_clock_i/mmcm_i/CLKOUT2
                         net (fo=1, routed)           0.534     1.942    XDMA/inst/xdma_v41_m1_pcie2_to_pcie3_wrapper_i/pcie2_ip_i/inst/inst/gt_top_i/pipe_wrapper_i/pipe_clock_int.pipe_clock_i/userclk1
    BUFGCTRL_X0Y0        BUFG (Prop_bufg_I_O)         0.029     1.971 r  XDMA/inst/xdma_v41_m1_pcie2_to_pcie3_wrapper_i/pcie2_ip_i/inst/inst/gt_top_i/pipe_wrapper_i/pipe_clock_int.pipe_clock_i/userclk1_i1.usrclk1_i1/O
                         net (fo=18985, routed)       0.825     2.796    XDMA/inst/udma_wrapper/dma_top/dma_enable.vul_dma/WR/gen_rdwr_loop[0].gen_rdwr_eng.RDWR_INST/DSC_FIFO/MemArray_reg_0_7_60_65/WCLK
    SLICE_X38Y62         RAMD32                                       r  XDMA/inst/udma_wrapper/dma_top/dma_enable.vul_dma/WR/gen_rdwr_loop[0].gen_rdwr_eng.RDWR_INST/DSC_FIFO/MemArray_reg_0_7_60_65/RAMA_D1/CLK
                         clock pessimism             -0.609     2.188    
    SLICE_X38Y62         RAMD32 (Hold_ramd32_CLK_WADR0)
                                                      0.310     2.498    XDMA/inst/udma_wrapper/dma_top/dma_enable.vul_dma/WR/gen_rdwr_loop[0].gen_rdwr_eng.RDWR_INST/DSC_FIFO/MemArray_reg_0_7_60_65/RAMA_D1
  -------------------------------------------------------------------
                         required time                         -2.498    
                         arrival time                           2.572    
  -------------------------------------------------------------------
                         slack                                  0.075    

Slack (MET) :             0.075ns  (arrival time - required time)
  Source:                 XDMA/inst/udma_wrapper/dma_top/dma_enable.vul_dma/WR/gen_rdwr_loop[0].gen_rdwr_eng.RDWR_INST/DSC_FIFO/WrPtr_reg[0]/C
                            (rising edge-triggered cell FDRE clocked by userclk1  {rise@0.000ns fall@8.000ns period=16.000ns})
  Destination:            XDMA/inst/udma_wrapper/dma_top/dma_enable.vul_dma/WR/gen_rdwr_loop[0].gen_rdwr_eng.RDWR_INST/DSC_FIFO/MemArray_reg_0_7_60_65/RAMB/WADR0
                            (rising edge-triggered cell RAMD32 clocked by userclk1  {rise@0.000ns fall@8.000ns period=16.000ns})
  Path Group:             userclk1
  Path Type:              Hold (Min at Fast Process Corner)
  Requirement:            0.000ns  (userclk1 rise@0.000ns - userclk1 rise@0.000ns)
  Data Path Delay:        0.400ns  (logic 0.141ns (35.283%)  route 0.259ns (64.717%))
  Logic Levels:           0  
  Clock Path Skew:        0.015ns (DCD - SCD - CPR)
    Destination Clock Delay (DCD):    2.796ns
    Source Clock Delay      (SCD):    2.173ns
    Clock Pessimism Removal (CPR):    0.609ns

    Location             Delay type                Incr(ns)  Path(ns)    Netlist Resource(s)
  -------------------------------------------------------------------    -------------------
                         (clock userclk1 rise edge)
                                                      0.000     0.000 r  
    GTPE2_CHANNEL_X0Y3   GTPE2_CHANNEL                0.000     0.000 r  XDMA/inst/xdma_v41_m1_pcie2_to_pcie3_wrapper_i/pcie2_ip_i/inst/inst/gt_top_i/pipe_wrapper_i/pipe_lane[0].gt_wrapper_i/gtp_channel.gtpe2_channel_i/TXOUTCLK
                         net (fo=1, routed)           0.473     0.473    XDMA/inst/xdma_v41_m1_pcie2_to_pcie3_wrapper_i/pcie2_ip_i/inst/inst/gt_top_i/pipe_wrapper_i/pipe_clock_int.pipe_clock_i/txoutclk_i.txoutclk_i_0
    BUFGCTRL_X0Y20       BUFG (Prop_bufg_I_O)         0.026     0.499 r  XDMA/inst/xdma_v41_m1_pcie2_to_pcie3_wrapper_i/pcie2_ip_i/inst/inst/gt_top_i/pipe_wrapper_i/pipe_clock_int.pipe_clock_i/txoutclk_i.txoutclk_i/O
                         net (fo=1, routed)           0.551     1.050    XDMA/inst/xdma_v41_m1_pcie2_to_pcie3_wrapper_i/pcie2_ip_i/inst/inst/gt_top_i/pipe_wrapper_i/pipe_clock_int.pipe_clock_i/refclk
    MMCME2_ADV_X0Y0      MMCME2_ADV (Prop_mmcme2_adv_CLKIN1_CLKOUT2)
                                                      0.050     1.100 r  XDMA/inst/xdma_v41_m1_pcie2_to_pcie3_wrapper_i/pcie2_ip_i/inst/inst/gt_top_i/pipe_wrapper_i/pipe_clock_int.pipe_clock_i/mmcm_i/CLKOUT2
                         net (fo=1, routed)           0.489     1.589    XDMA/inst/xdma_v41_m1_pcie2_to_pcie3_wrapper_i/pcie2_ip_i/inst/inst/gt_top_i/pipe_wrapper_i/pipe_clock_int.pipe_clock_i/userclk1
    BUFGCTRL_X0Y0        BUFG (Prop_bufg_I_O)         0.026     1.615 r  XDMA/inst/xdma_v41_m1_pcie2_to_pcie3_wrapper_i/pcie2_ip_i/inst/inst/gt_top_i/pipe_wrapper_i/pipe_clock_int.pipe_clock_i/userclk1_i1.usrclk1_i1/O
                         net (fo=18985, routed)       0.558     2.173    XDMA/inst/udma_wrapper/dma_top/dma_enable.vul_dma/WR/gen_rdwr_loop[0].gen_rdwr_eng.RDWR_INST/DSC_FIFO/user_clk
    SLICE_X36Y62         FDRE                                         r  XDMA/inst/udma_wrapper/dma_top/dma_enable.vul_dma/WR/gen_rdwr_loop[0].gen_rdwr_eng.RDWR_INST/DSC_FIFO/WrPtr_reg[0]/C
  -------------------------------------------------------------------    -------------------
    SLICE_X36Y62         FDRE (Prop_fdre_C_Q)         0.141     2.314 r  XDMA/inst/udma_wrapper/dma_top/dma_enable.vul_dma/WR/gen_rdwr_loop[0].gen_rdwr_eng.RDWR_INST/DSC_FIFO/WrPtr_reg[0]/Q
                         net (fo=219, routed)         0.259     2.572    XDMA/inst/udma_wrapper/dma_top/dma_enable.vul_dma/WR/gen_rdwr_loop[0].gen_rdwr_eng.RDWR_INST/DSC_FIFO/MemArray_reg_0_7_60_65/ADDRD0
    SLICE_X38Y62         RAMD32                                       r  XDMA/inst/udma_wrapper/dma_top/dma_enable.vul_dma/WR/gen_rdwr_loop[0].gen_rdwr_eng.RDWR_INST/DSC_FIFO/MemArray_reg_0_7_60_65/RAMB/WADR0
  -------------------------------------------------------------------    -------------------

                         (clock userclk1 rise edge)
                                                      0.000     0.000 r  
    GTPE2_CHANNEL_X0Y3   GTPE2_CHANNEL                0.000     0.000 r  XDMA/inst/xdma_v41_m1_pcie2_to_pcie3_wrapper_i/pcie2_ip_i/inst/inst/gt_top_i/pipe_wrapper_i/pipe_lane[0].gt_wrapper_i/gtp_channel.gtpe2_channel_i/TXOUTCLK
                         net (fo=1, routed)           0.509     0.509    XDMA/inst/xdma_v41_m1_pcie2_to_pcie3_wrapper_i/pcie2_ip_i/inst/inst/gt_top_i/pipe_wrapper_i/pipe_clock_int.pipe_clock_i/txoutclk_i.txoutclk_i_0
    BUFGCTRL_X0Y20       BUFG (Prop_bufg_I_O)         0.029     0.538 r  XDMA/inst/xdma_v41_m1_pcie2_to_pcie3_wrapper_i/pcie2_ip_i/inst/inst/gt_top_i/pipe_wrapper_i/pipe_clock_int.pipe_clock_i/txoutclk_i.txoutclk_i/O
                         net (fo=1, routed)           0.818     1.355    XDMA/inst/xdma_v41_m1_pcie2_to_pcie3_wrapper_i/pcie2_ip_i/inst/inst/gt_top_i/pipe_wrapper_i/pipe_clock_int.pipe_clock_i/refclk
    MMCME2_ADV_X0Y0      MMCME2_ADV (Prop_mmcme2_adv_CLKIN1_CLKOUT2)
                                                      0.053     1.408 r  XDMA/inst/xdma_v41_m1_pcie2_to_pcie3_wrapper_i/pcie2_ip_i/inst/inst/gt_top_i/pipe_wrapper_i/pipe_clock_int.pipe_clock_i/mmcm_i/CLKOUT2
                         net (fo=1, routed)           0.534     1.942    XDMA/inst/xdma_v41_m1_pcie2_to_pcie3_wrapper_i/pcie2_ip_i/inst/inst/gt_top_i/pipe_wrapper_i/pipe_clock_int.pipe_clock_i/userclk1
    BUFGCTRL_X0Y0        BUFG (Prop_bufg_I_O)         0.029     1.971 r  XDMA/inst/xdma_v41_m1_pcie2_to_pcie3_wrapper_i/pcie2_ip_i/inst/inst/gt_top_i/pipe_wrapper_i/pipe_clock_int.pipe_clock_i/userclk1_i1.usrclk1_i1/O
                         net (fo=18985, routed)       0.825     2.796    XDMA/inst/udma_wrapper/dma_top/dma_enable.vul_dma/WR/gen_rdwr_loop[0].gen_rdwr_eng.RDWR_INST/DSC_FIFO/MemArray_reg_0_7_60_65/WCLK
    SLICE_X38Y62         RAMD32                                       r  XDMA/inst/udma_wrapper/dma_top/dma_enable.vul_dma/WR/gen_rdwr_loop[0].gen_rdwr_eng.RDWR_INST/DSC_FIFO/MemArray_reg_0_7_60_65/RAMB/CLK
                         clock pessimism             -0.609     2.188    
    SLICE_X38Y62         RAMD32 (Hold_ramd32_CLK_WADR0)
                                                      0.310     2.498    XDMA/inst/udma_wrapper/dma_top/dma_enable.vul_dma/WR/gen_rdwr_loop[0].gen_rdwr_eng.RDWR_INST/DSC_FIFO/MemArray_reg_0_7_60_65/RAMB
  -------------------------------------------------------------------
                         required time                         -2.498    
                         arrival time                           2.572    
  -------------------------------------------------------------------
                         slack                                  0.075    

Slack (MET) :             0.075ns  (arrival time - required time)
  Source:                 XDMA/inst/udma_wrapper/dma_top/dma_enable.vul_dma/WR/gen_rdwr_loop[0].gen_rdwr_eng.RDWR_INST/DSC_FIFO/WrPtr_reg[0]/C
                            (rising edge-triggered cell FDRE clocked by userclk1  {rise@0.000ns fall@8.000ns period=16.000ns})
  Destination:            XDMA/inst/udma_wrapper/dma_top/dma_enable.vul_dma/WR/gen_rdwr_loop[0].gen_rdwr_eng.RDWR_INST/DSC_FIFO/MemArray_reg_0_7_60_65/RAMB_D1/WADR0
                            (rising edge-triggered cell RAMD32 clocked by userclk1  {rise@0.000ns fall@8.000ns period=16.000ns})
  Path Group:             userclk1
  Path Type:              Hold (Min at Fast Process Corner)
  Requirement:            0.000ns  (userclk1 rise@0.000ns - userclk1 rise@0.000ns)
  Data Path Delay:        0.400ns  (logic 0.141ns (35.283%)  route 0.259ns (64.717%))
  Logic Levels:           0  
  Clock Path Skew:        0.015ns (DCD - SCD - CPR)
    Destination Clock Delay (DCD):    2.796ns
    Source Clock Delay      (SCD):    2.173ns
    Clock Pessimism Removal (CPR):    0.609ns

    Location             Delay type                Incr(ns)  Path(ns)    Netlist Resource(s)
  -------------------------------------------------------------------    -------------------
                         (clock userclk1 rise edge)
                                                      0.000     0.000 r  
    GTPE2_CHANNEL_X0Y3   GTPE2_CHANNEL                0.000     0.000 r  XDMA/inst/xdma_v41_m1_pcie2_to_pcie3_wrapper_i/pcie2_ip_i/inst/inst/gt_top_i/pipe_wrapper_i/pipe_lane[0].gt_wrapper_i/gtp_channel.gtpe2_channel_i/TXOUTCLK
                         net (fo=1, routed)           0.473     0.473    XDMA/inst/xdma_v41_m1_pcie2_to_pcie3_wrapper_i/pcie2_ip_i/inst/inst/gt_top_i/pipe_wrapper_i/pipe_clock_int.pipe_clock_i/txoutclk_i.txoutclk_i_0
    BUFGCTRL_X0Y20       BUFG (Prop_bufg_I_O)         0.026     0.499 r  XDMA/inst/xdma_v41_m1_pcie2_to_pcie3_wrapper_i/pcie2_ip_i/inst/inst/gt_top_i/pipe_wrapper_i/pipe_clock_int.pipe_clock_i/txoutclk_i.txoutclk_i/O
                         net (fo=1, routed)           0.551     1.050    XDMA/inst/xdma_v41_m1_pcie2_to_pcie3_wrapper_i/pcie2_ip_i/inst/inst/gt_top_i/pipe_wrapper_i/pipe_clock_int.pipe_clock_i/refclk
    MMCME2_ADV_X0Y0      MMCME2_ADV (Prop_mmcme2_adv_CLKIN1_CLKOUT2)
                                                      0.050     1.100 r  XDMA/inst/xdma_v41_m1_pcie2_to_pcie3_wrapper_i/pcie2_ip_i/inst/inst/gt_top_i/pipe_wrapper_i/pipe_clock_int.pipe_clock_i/mmcm_i/CLKOUT2
                         net (fo=1, routed)           0.489     1.589    XDMA/inst/xdma_v41_m1_pcie2_to_pcie3_wrapper_i/pcie2_ip_i/inst/inst/gt_top_i/pipe_wrapper_i/pipe_clock_int.pipe_clock_i/userclk1
    BUFGCTRL_X0Y0        BUFG (Prop_bufg_I_O)         0.026     1.615 r  XDMA/inst/xdma_v41_m1_pcie2_to_pcie3_wrapper_i/pcie2_ip_i/inst/inst/gt_top_i/pipe_wrapper_i/pipe_clock_int.pipe_clock_i/userclk1_i1.usrclk1_i1/O
                         net (fo=18985, routed)       0.558     2.173    XDMA/inst/udma_wrapper/dma_top/dma_enable.vul_dma/WR/gen_rdwr_loop[0].gen_rdwr_eng.RDWR_INST/DSC_FIFO/user_clk
    SLICE_X36Y62         FDRE                                         r  XDMA/inst/udma_wrapper/dma_top/dma_enable.vul_dma/WR/gen_rdwr_loop[0].gen_rdwr_eng.RDWR_INST/DSC_FIFO/WrPtr_reg[0]/C
  -------------------------------------------------------------------    -------------------
    SLICE_X36Y62         FDRE (Prop_fdre_C_Q)         0.141     2.314 r  XDMA/inst/udma_wrapper/dma_top/dma_enable.vul_dma/WR/gen_rdwr_loop[0].gen_rdwr_eng.RDWR_INST/DSC_FIFO/WrPtr_reg[0]/Q
                         net (fo=219, routed)         0.259     2.572    XDMA/inst/udma_wrapper/dma_top/dma_enable.vul_dma/WR/gen_rdwr_loop[0].gen_rdwr_eng.RDWR_INST/DSC_FIFO/MemArray_reg_0_7_60_65/ADDRD0
    SLICE_X38Y62         RAMD32                                       r  XDMA/inst/udma_wrapper/dma_top/dma_enable.vul_dma/WR/gen_rdwr_loop[0].gen_rdwr_eng.RDWR_INST/DSC_FIFO/MemArray_reg_0_7_60_65/RAMB_D1/WADR0
  -------------------------------------------------------------------    -------------------

                         (clock userclk1 rise edge)
                                                      0.000     0.000 r  
    GTPE2_CHANNEL_X0Y3   GTPE2_CHANNEL                0.000     0.000 r  XDMA/inst/xdma_v41_m1_pcie2_to_pcie3_wrapper_i/pcie2_ip_i/inst/inst/gt_top_i/pipe_wrapper_i/pipe_lane[0].gt_wrapper_i/gtp_channel.gtpe2_channel_i/TXOUTCLK
                         net (fo=1, routed)           0.509     0.509    XDMA/inst/xdma_v41_m1_pcie2_to_pcie3_wrapper_i/pcie2_ip_i/inst/inst/gt_top_i/pipe_wrapper_i/pipe_clock_int.pipe_clock_i/txoutclk_i.txoutclk_i_0
    BUFGCTRL_X0Y20       BUFG (Prop_bufg_I_O)         0.029     0.538 r  XDMA/inst/xdma_v41_m1_pcie2_to_pcie3_wrapper_i/pcie2_ip_i/inst/inst/gt_top_i/pipe_wrapper_i/pipe_clock_int.pipe_clock_i/txoutclk_i.txoutclk_i/O
                         net (fo=1, routed)           0.818     1.355    XDMA/inst/xdma_v41_m1_pcie2_to_pcie3_wrapper_i/pcie2_ip_i/inst/inst/gt_top_i/pipe_wrapper_i/pipe_clock_int.pipe_clock_i/refclk
    MMCME2_ADV_X0Y0      MMCME2_ADV (Prop_mmcme2_adv_CLKIN1_CLKOUT2)
                                                      0.053     1.408 r  XDMA/inst/xdma_v41_m1_pcie2_to_pcie3_wrapper_i/pcie2_ip_i/inst/inst/gt_top_i/pipe_wrapper_i/pipe_clock_int.pipe_clock_i/mmcm_i/CLKOUT2
                         net (fo=1, routed)           0.534     1.942    XDMA/inst/xdma_v41_m1_pcie2_to_pcie3_wrapper_i/pcie2_ip_i/inst/inst/gt_top_i/pipe_wrapper_i/pipe_clock_int.pipe_clock_i/userclk1
    BUFGCTRL_X0Y0        BUFG (Prop_bufg_I_O)         0.029     1.971 r  XDMA/inst/xdma_v41_m1_pcie2_to_pcie3_wrapper_i/pcie2_ip_i/inst/inst/gt_top_i/pipe_wrapper_i/pipe_clock_int.pipe_clock_i/userclk1_i1.usrclk1_i1/O
                         net (fo=18985, routed)       0.825     2.796    XDMA/inst/udma_wrapper/dma_top/dma_enable.vul_dma/WR/gen_rdwr_loop[0].gen_rdwr_eng.RDWR_INST/DSC_FIFO/MemArray_reg_0_7_60_65/WCLK
    SLICE_X38Y62         RAMD32                                       r  XDMA/inst/udma_wrapper/dma_top/dma_enable.vul_dma/WR/gen_rdwr_loop[0].gen_rdwr_eng.RDWR_INST/DSC_FIFO/MemArray_reg_0_7_60_65/RAMB_D1/CLK
                         clock pessimism             -0.609     2.188    
    SLICE_X38Y62         RAMD32 (Hold_ramd32_CLK_WADR0)
                                                      0.310     2.498    XDMA/inst/udma_wrapper/dma_top/dma_enable.vul_dma/WR/gen_rdwr_loop[0].gen_rdwr_eng.RDWR_INST/DSC_FIFO/MemArray_reg_0_7_60_65/RAMB_D1
  -------------------------------------------------------------------
                         required time                         -2.498    
                         arrival time                           2.572    
  -------------------------------------------------------------------
                         slack                                  0.075    

Slack (MET) :             0.075ns  (arrival time - required time)
  Source:                 XDMA/inst/udma_wrapper/dma_top/dma_enable.vul_dma/WR/gen_rdwr_loop[0].gen_rdwr_eng.RDWR_INST/DSC_FIFO/WrPtr_reg[0]/C
                            (rising edge-triggered cell FDRE clocked by userclk1  {rise@0.000ns fall@8.000ns period=16.000ns})
  Destination:            XDMA/inst/udma_wrapper/dma_top/dma_enable.vul_dma/WR/gen_rdwr_loop[0].gen_rdwr_eng.RDWR_INST/DSC_FIFO/MemArray_reg_0_7_60_65/RAMC/WADR0
                            (rising edge-triggered cell RAMD32 clocked by userclk1  {rise@0.000ns fall@8.000ns period=16.000ns})
  Path Group:             userclk1
  Path Type:              Hold (Min at Fast Process Corner)
  Requirement:            0.000ns  (userclk1 rise@0.000ns - userclk1 rise@0.000ns)
  Data Path Delay:        0.400ns  (logic 0.141ns (35.283%)  route 0.259ns (64.717%))
  Logic Levels:           0  
  Clock Path Skew:        0.015ns (DCD - SCD - CPR)
    Destination Clock Delay (DCD):    2.796ns
    Source Clock Delay      (SCD):    2.173ns
    Clock Pessimism Removal (CPR):    0.609ns

    Location             Delay type                Incr(ns)  Path(ns)    Netlist Resource(s)
  -------------------------------------------------------------------    -------------------
                         (clock userclk1 rise edge)
                                                      0.000     0.000 r  
    GTPE2_CHANNEL_X0Y3   GTPE2_CHANNEL                0.000     0.000 r  XDMA/inst/xdma_v41_m1_pcie2_to_pcie3_wrapper_i/pcie2_ip_i/inst/inst/gt_top_i/pipe_wrapper_i/pipe_lane[0].gt_wrapper_i/gtp_channel.gtpe2_channel_i/TXOUTCLK
                         net (fo=1, routed)           0.473     0.473    XDMA/inst/xdma_v41_m1_pcie2_to_pcie3_wrapper_i/pcie2_ip_i/inst/inst/gt_top_i/pipe_wrapper_i/pipe_clock_int.pipe_clock_i/txoutclk_i.txoutclk_i_0
    BUFGCTRL_X0Y20       BUFG (Prop_bufg_I_O)         0.026     0.499 r  XDMA/inst/xdma_v41_m1_pcie2_to_pcie3_wrapper_i/pcie2_ip_i/inst/inst/gt_top_i/pipe_wrapper_i/pipe_clock_int.pipe_clock_i/txoutclk_i.txoutclk_i/O
                         net (fo=1, routed)           0.551     1.050    XDMA/inst/xdma_v41_m1_pcie2_to_pcie3_wrapper_i/pcie2_ip_i/inst/inst/gt_top_i/pipe_wrapper_i/pipe_clock_int.pipe_clock_i/refclk
    MMCME2_ADV_X0Y0      MMCME2_ADV (Prop_mmcme2_adv_CLKIN1_CLKOUT2)
                                                      0.050     1.100 r  XDMA/inst/xdma_v41_m1_pcie2_to_pcie3_wrapper_i/pcie2_ip_i/inst/inst/gt_top_i/pipe_wrapper_i/pipe_clock_int.pipe_clock_i/mmcm_i/CLKOUT2
                         net (fo=1, routed)           0.489     1.589    XDMA/inst/xdma_v41_m1_pcie2_to_pcie3_wrapper_i/pcie2_ip_i/inst/inst/gt_top_i/pipe_wrapper_i/pipe_clock_int.pipe_clock_i/userclk1
    BUFGCTRL_X0Y0        BUFG (Prop_bufg_I_O)         0.026     1.615 r  XDMA/inst/xdma_v41_m1_pcie2_to_pcie3_wrapper_i/pcie2_ip_i/inst/inst/gt_top_i/pipe_wrapper_i/pipe_clock_int.pipe_clock_i/userclk1_i1.usrclk1_i1/O
                         net (fo=18985, routed)       0.558     2.173    XDMA/inst/udma_wrapper/dma_top/dma_enable.vul_dma/WR/gen_rdwr_loop[0].gen_rdwr_eng.RDWR_INST/DSC_FIFO/user_clk
    SLICE_X36Y62         FDRE                                         r  XDMA/inst/udma_wrapper/dma_top/dma_enable.vul_dma/WR/gen_rdwr_loop[0].gen_rdwr_eng.RDWR_INST/DSC_FIFO/WrPtr_reg[0]/C
  -------------------------------------------------------------------    -------------------
    SLICE_X36Y62         FDRE (Prop_fdre_C_Q)         0.141     2.314 r  XDMA/inst/udma_wrapper/dma_top/dma_enable.vul_dma/WR/gen_rdwr_loop[0].gen_rdwr_eng.RDWR_INST/DSC_FIFO/WrPtr_reg[0]/Q
                         net (fo=219, routed)         0.259     2.572    XDMA/inst/udma_wrapper/dma_top/dma_enable.vul_dma/WR/gen_rdwr_loop[0].gen_rdwr_eng.RDWR_INST/DSC_FIFO/MemArray_reg_0_7_60_65/ADDRD0
    SLICE_X38Y62         RAMD32                                       r  XDMA/inst/udma_wrapper/dma_top/dma_enable.vul_dma/WR/gen_rdwr_loop[0].gen_rdwr_eng.RDWR_INST/DSC_FIFO/MemArray_reg_0_7_60_65/RAMC/WADR0
  -------------------------------------------------------------------    -------------------

                         (clock userclk1 rise edge)
                                                      0.000     0.000 r  
    GTPE2_CHANNEL_X0Y3   GTPE2_CHANNEL                0.000     0.000 r  XDMA/inst/xdma_v41_m1_pcie2_to_pcie3_wrapper_i/pcie2_ip_i/inst/inst/gt_top_i/pipe_wrapper_i/pipe_lane[0].gt_wrapper_i/gtp_channel.gtpe2_channel_i/TXOUTCLK
                         net (fo=1, routed)           0.509     0.509    XDMA/inst/xdma_v41_m1_pcie2_to_pcie3_wrapper_i/pcie2_ip_i/inst/inst/gt_top_i/pipe_wrapper_i/pipe_clock_int.pipe_clock_i/txoutclk_i.txoutclk_i_0
    BUFGCTRL_X0Y20       BUFG (Prop_bufg_I_O)         0.029     0.538 r  XDMA/inst/xdma_v41_m1_pcie2_to_pcie3_wrapper_i/pcie2_ip_i/inst/inst/gt_top_i/pipe_wrapper_i/pipe_clock_int.pipe_clock_i/txoutclk_i.txoutclk_i/O
                         net (fo=1, routed)           0.818     1.355    XDMA/inst/xdma_v41_m1_pcie2_to_pcie3_wrapper_i/pcie2_ip_i/inst/inst/gt_top_i/pipe_wrapper_i/pipe_clock_int.pipe_clock_i/refclk
    MMCME2_ADV_X0Y0      MMCME2_ADV (Prop_mmcme2_adv_CLKIN1_CLKOUT2)
                                                      0.053     1.408 r  XDMA/inst/xdma_v41_m1_pcie2_to_pcie3_wrapper_i/pcie2_ip_i/inst/inst/gt_top_i/pipe_wrapper_i/pipe_clock_int.pipe_clock_i/mmcm_i/CLKOUT2
                         net (fo=1, routed)           0.534     1.942    XDMA/inst/xdma_v41_m1_pcie2_to_pcie3_wrapper_i/pcie2_ip_i/inst/inst/gt_top_i/pipe_wrapper_i/pipe_clock_int.pipe_clock_i/userclk1
    BUFGCTRL_X0Y0        BUFG (Prop_bufg_I_O)         0.029     1.971 r  XDMA/inst/xdma_v41_m1_pcie2_to_pcie3_wrapper_i/pcie2_ip_i/inst/inst/gt_top_i/pipe_wrapper_i/pipe_clock_int.pipe_clock_i/userclk1_i1.usrclk1_i1/O
                         net (fo=18985, routed)       0.825     2.796    XDMA/inst/udma_wrapper/dma_top/dma_enable.vul_dma/WR/gen_rdwr_loop[0].gen_rdwr_eng.RDWR_INST/DSC_FIFO/MemArray_reg_0_7_60_65/WCLK
    SLICE_X38Y62         RAMD32                                       r  XDMA/inst/udma_wrapper/dma_top/dma_enable.vul_dma/WR/gen_rdwr_loop[0].gen_rdwr_eng.RDWR_INST/DSC_FIFO/MemArray_reg_0_7_60_65/RAMC/CLK
                         clock pessimism             -0.609     2.188    
    SLICE_X38Y62         RAMD32 (Hold_ramd32_CLK_WADR0)
                                                      0.310     2.498    XDMA/inst/udma_wrapper/dma_top/dma_enable.vul_dma/WR/gen_rdwr_loop[0].gen_rdwr_eng.RDWR_INST/DSC_FIFO/MemArray_reg_0_7_60_65/RAMC
  -------------------------------------------------------------------
                         required time                         -2.498    
                         arrival time                           2.572    
  -------------------------------------------------------------------
                         slack                                  0.075    

Slack (MET) :             0.075ns  (arrival time - required time)
  Source:                 XDMA/inst/udma_wrapper/dma_top/dma_enable.vul_dma/WR/gen_rdwr_loop[0].gen_rdwr_eng.RDWR_INST/DSC_FIFO/WrPtr_reg[0]/C
                            (rising edge-triggered cell FDRE clocked by userclk1  {rise@0.000ns fall@8.000ns period=16.000ns})
  Destination:            XDMA/inst/udma_wrapper/dma_top/dma_enable.vul_dma/WR/gen_rdwr_loop[0].gen_rdwr_eng.RDWR_INST/DSC_FIFO/MemArray_reg_0_7_60_65/RAMC_D1/WADR0
                            (rising edge-triggered cell RAMD32 clocked by userclk1  {rise@0.000ns fall@8.000ns period=16.000ns})
  Path Group:             userclk1
  Path Type:              Hold (Min at Fast Process Corner)
  Requirement:            0.000ns  (userclk1 rise@0.000ns - userclk1 rise@0.000ns)
  Data Path Delay:        0.400ns  (logic 0.141ns (35.283%)  route 0.259ns (64.717%))
  Logic Levels:           0  
  Clock Path Skew:        0.015ns (DCD - SCD - CPR)
    Destination Clock Delay (DCD):    2.796ns
    Source Clock Delay      (SCD):    2.173ns
    Clock Pessimism Removal (CPR):    0.609ns

    Location             Delay type                Incr(ns)  Path(ns)    Netlist Resource(s)
  -------------------------------------------------------------------    -------------------
                         (clock userclk1 rise edge)
                                                      0.000     0.000 r  
    GTPE2_CHANNEL_X0Y3   GTPE2_CHANNEL                0.000     0.000 r  XDMA/inst/xdma_v41_m1_pcie2_to_pcie3_wrapper_i/pcie2_ip_i/inst/inst/gt_top_i/pipe_wrapper_i/pipe_lane[0].gt_wrapper_i/gtp_channel.gtpe2_channel_i/TXOUTCLK
                         net (fo=1, routed)           0.473     0.473    XDMA/inst/xdma_v41_m1_pcie2_to_pcie3_wrapper_i/pcie2_ip_i/inst/inst/gt_top_i/pipe_wrapper_i/pipe_clock_int.pipe_clock_i/txoutclk_i.txoutclk_i_0
    BUFGCTRL_X0Y20       BUFG (Prop_bufg_I_O)         0.026     0.499 r  XDMA/inst/xdma_v41_m1_pcie2_to_pcie3_wrapper_i/pcie2_ip_i/inst/inst/gt_top_i/pipe_wrapper_i/pipe_clock_int.pipe_clock_i/txoutclk_i.txoutclk_i/O
                         net (fo=1, routed)           0.551     1.050    XDMA/inst/xdma_v41_m1_pcie2_to_pcie3_wrapper_i/pcie2_ip_i/inst/inst/gt_top_i/pipe_wrapper_i/pipe_clock_int.pipe_clock_i/refclk
    MMCME2_ADV_X0Y0      MMCME2_ADV (Prop_mmcme2_adv_CLKIN1_CLKOUT2)
                                                      0.050     1.100 r  XDMA/inst/xdma_v41_m1_pcie2_to_pcie3_wrapper_i/pcie2_ip_i/inst/inst/gt_top_i/pipe_wrapper_i/pipe_clock_int.pipe_clock_i/mmcm_i/CLKOUT2
                         net (fo=1, routed)           0.489     1.589    XDMA/inst/xdma_v41_m1_pcie2_to_pcie3_wrapper_i/pcie2_ip_i/inst/inst/gt_top_i/pipe_wrapper_i/pipe_clock_int.pipe_clock_i/userclk1
    BUFGCTRL_X0Y0        BUFG (Prop_bufg_I_O)         0.026     1.615 r  XDMA/inst/xdma_v41_m1_pcie2_to_pcie3_wrapper_i/pcie2_ip_i/inst/inst/gt_top_i/pipe_wrapper_i/pipe_clock_int.pipe_clock_i/userclk1_i1.usrclk1_i1/O
                         net (fo=18985, routed)       0.558     2.173    XDMA/inst/udma_wrapper/dma_top/dma_enable.vul_dma/WR/gen_rdwr_loop[0].gen_rdwr_eng.RDWR_INST/DSC_FIFO/user_clk
    SLICE_X36Y62         FDRE                                         r  XDMA/inst/udma_wrapper/dma_top/dma_enable.vul_dma/WR/gen_rdwr_loop[0].gen_rdwr_eng.RDWR_INST/DSC_FIFO/WrPtr_reg[0]/C
  -------------------------------------------------------------------    -------------------
    SLICE_X36Y62         FDRE (Prop_fdre_C_Q)         0.141     2.314 r  XDMA/inst/udma_wrapper/dma_top/dma_enable.vul_dma/WR/gen_rdwr_loop[0].gen_rdwr_eng.RDWR_INST/DSC_FIFO/WrPtr_reg[0]/Q
                         net (fo=219, routed)         0.259     2.572    XDMA/inst/udma_wrapper/dma_top/dma_enable.vul_dma/WR/gen_rdwr_loop[0].gen_rdwr_eng.RDWR_INST/DSC_FIFO/MemArray_reg_0_7_60_65/ADDRD0
    SLICE_X38Y62         RAMD32                                       r  XDMA/inst/udma_wrapper/dma_top/dma_enable.vul_dma/WR/gen_rdwr_loop[0].gen_rdwr_eng.RDWR_INST/DSC_FIFO/MemArray_reg_0_7_60_65/RAMC_D1/WADR0
  -------------------------------------------------------------------    -------------------

                         (clock userclk1 rise edge)
                                                      0.000     0.000 r  
    GTPE2_CHANNEL_X0Y3   GTPE2_CHANNEL                0.000     0.000 r  XDMA/inst/xdma_v41_m1_pcie2_to_pcie3_wrapper_i/pcie2_ip_i/inst/inst/gt_top_i/pipe_wrapper_i/pipe_lane[0].gt_wrapper_i/gtp_channel.gtpe2_channel_i/TXOUTCLK
                         net (fo=1, routed)           0.509     0.509    XDMA/inst/xdma_v41_m1_pcie2_to_pcie3_wrapper_i/pcie2_ip_i/inst/inst/gt_top_i/pipe_wrapper_i/pipe_clock_int.pipe_clock_i/txoutclk_i.txoutclk_i_0
    BUFGCTRL_X0Y20       BUFG (Prop_bufg_I_O)         0.029     0.538 r  XDMA/inst/xdma_v41_m1_pcie2_to_pcie3_wrapper_i/pcie2_ip_i/inst/inst/gt_top_i/pipe_wrapper_i/pipe_clock_int.pipe_clock_i/txoutclk_i.txoutclk_i/O
                         net (fo=1, routed)           0.818     1.355    XDMA/inst/xdma_v41_m1_pcie2_to_pcie3_wrapper_i/pcie2_ip_i/inst/inst/gt_top_i/pipe_wrapper_i/pipe_clock_int.pipe_clock_i/refclk
    MMCME2_ADV_X0Y0      MMCME2_ADV (Prop_mmcme2_adv_CLKIN1_CLKOUT2)
                                                      0.053     1.408 r  XDMA/inst/xdma_v41_m1_pcie2_to_pcie3_wrapper_i/pcie2_ip_i/inst/inst/gt_top_i/pipe_wrapper_i/pipe_clock_int.pipe_clock_i/mmcm_i/CLKOUT2
                         net (fo=1, routed)           0.534     1.942    XDMA/inst/xdma_v41_m1_pcie2_to_pcie3_wrapper_i/pcie2_ip_i/inst/inst/gt_top_i/pipe_wrapper_i/pipe_clock_int.pipe_clock_i/userclk1
    BUFGCTRL_X0Y0        BUFG (Prop_bufg_I_O)         0.029     1.971 r  XDMA/inst/xdma_v41_m1_pcie2_to_pcie3_wrapper_i/pcie2_ip_i/inst/inst/gt_top_i/pipe_wrapper_i/pipe_clock_int.pipe_clock_i/userclk1_i1.usrclk1_i1/O
                         net (fo=18985, routed)       0.825     2.796    XDMA/inst/udma_wrapper/dma_top/dma_enable.vul_dma/WR/gen_rdwr_loop[0].gen_rdwr_eng.RDWR_INST/DSC_FIFO/MemArray_reg_0_7_60_65/WCLK
    SLICE_X38Y62         RAMD32                                       r  XDMA/inst/udma_wrapper/dma_top/dma_enable.vul_dma/WR/gen_rdwr_loop[0].gen_rdwr_eng.RDWR_INST/DSC_FIFO/MemArray_reg_0_7_60_65/RAMC_D1/CLK
                         clock pessimism             -0.609     2.188    
    SLICE_X38Y62         RAMD32 (Hold_ramd32_CLK_WADR0)
                                                      0.310     2.498    XDMA/inst/udma_wrapper/dma_top/dma_enable.vul_dma/WR/gen_rdwr_loop[0].gen_rdwr_eng.RDWR_INST/DSC_FIFO/MemArray_reg_0_7_60_65/RAMC_D1
  -------------------------------------------------------------------
                         required time                         -2.498    
                         arrival time                           2.572    
  -------------------------------------------------------------------
                         slack                                  0.075    

Slack (MET) :             0.075ns  (arrival time - required time)
  Source:                 XDMA/inst/udma_wrapper/dma_top/dma_enable.vul_dma/WR/gen_rdwr_loop[0].gen_rdwr_eng.RDWR_INST/DSC_FIFO/WrPtr_reg[0]/C
                            (rising edge-triggered cell FDRE clocked by userclk1  {rise@0.000ns fall@8.000ns period=16.000ns})
  Destination:            XDMA/inst/udma_wrapper/dma_top/dma_enable.vul_dma/WR/gen_rdwr_loop[0].gen_rdwr_eng.RDWR_INST/DSC_FIFO/MemArray_reg_0_7_60_65/RAMD/ADR0
                            (rising edge-triggered cell RAMS32 clocked by userclk1  {rise@0.000ns fall@8.000ns period=16.000ns})
  Path Group:             userclk1
  Path Type:              Hold (Min at Fast Process Corner)
  Requirement:            0.000ns  (userclk1 rise@0.000ns - userclk1 rise@0.000ns)
  Data Path Delay:        0.400ns  (logic 0.141ns (35.283%)  route 0.259ns (64.717%))
  Logic Levels:           0  
  Clock Path Skew:        0.015ns (DCD - SCD - CPR)
    Destination Clock Delay (DCD):    2.796ns
    Source Clock Delay      (SCD):    2.173ns
    Clock Pessimism Removal (CPR):    0.609ns

    Location             Delay type                Incr(ns)  Path(ns)    Netlist Resource(s)
  -------------------------------------------------------------------    -------------------
                         (clock userclk1 rise edge)
                                                      0.000     0.000 r  
    GTPE2_CHANNEL_X0Y3   GTPE2_CHANNEL                0.000     0.000 r  XDMA/inst/xdma_v41_m1_pcie2_to_pcie3_wrapper_i/pcie2_ip_i/inst/inst/gt_top_i/pipe_wrapper_i/pipe_lane[0].gt_wrapper_i/gtp_channel.gtpe2_channel_i/TXOUTCLK
                         net (fo=1, routed)           0.473     0.473    XDMA/inst/xdma_v41_m1_pcie2_to_pcie3_wrapper_i/pcie2_ip_i/inst/inst/gt_top_i/pipe_wrapper_i/pipe_clock_int.pipe_clock_i/txoutclk_i.txoutclk_i_0
    BUFGCTRL_X0Y20       BUFG (Prop_bufg_I_O)         0.026     0.499 r  XDMA/inst/xdma_v41_m1_pcie2_to_pcie3_wrapper_i/pcie2_ip_i/inst/inst/gt_top_i/pipe_wrapper_i/pipe_clock_int.pipe_clock_i/txoutclk_i.txoutclk_i/O
                         net (fo=1, routed)           0.551     1.050    XDMA/inst/xdma_v41_m1_pcie2_to_pcie3_wrapper_i/pcie2_ip_i/inst/inst/gt_top_i/pipe_wrapper_i/pipe_clock_int.pipe_clock_i/refclk
    MMCME2_ADV_X0Y0      MMCME2_ADV (Prop_mmcme2_adv_CLKIN1_CLKOUT2)
                                                      0.050     1.100 r  XDMA/inst/xdma_v41_m1_pcie2_to_pcie3_wrapper_i/pcie2_ip_i/inst/inst/gt_top_i/pipe_wrapper_i/pipe_clock_int.pipe_clock_i/mmcm_i/CLKOUT2
                         net (fo=1, routed)           0.489     1.589    XDMA/inst/xdma_v41_m1_pcie2_to_pcie3_wrapper_i/pcie2_ip_i/inst/inst/gt_top_i/pipe_wrapper_i/pipe_clock_int.pipe_clock_i/userclk1
    BUFGCTRL_X0Y0        BUFG (Prop_bufg_I_O)         0.026     1.615 r  XDMA/inst/xdma_v41_m1_pcie2_to_pcie3_wrapper_i/pcie2_ip_i/inst/inst/gt_top_i/pipe_wrapper_i/pipe_clock_int.pipe_clock_i/userclk1_i1.usrclk1_i1/O
                         net (fo=18985, routed)       0.558     2.173    XDMA/inst/udma_wrapper/dma_top/dma_enable.vul_dma/WR/gen_rdwr_loop[0].gen_rdwr_eng.RDWR_INST/DSC_FIFO/user_clk
    SLICE_X36Y62         FDRE                                         r  XDMA/inst/udma_wrapper/dma_top/dma_enable.vul_dma/WR/gen_rdwr_loop[0].gen_rdwr_eng.RDWR_INST/DSC_FIFO/WrPtr_reg[0]/C
  -------------------------------------------------------------------    -------------------
    SLICE_X36Y62         FDRE (Prop_fdre_C_Q)         0.141     2.314 r  XDMA/inst/udma_wrapper/dma_top/dma_enable.vul_dma/WR/gen_rdwr_loop[0].gen_rdwr_eng.RDWR_INST/DSC_FIFO/WrPtr_reg[0]/Q
                         net (fo=219, routed)         0.259     2.572    XDMA/inst/udma_wrapper/dma_top/dma_enable.vul_dma/WR/gen_rdwr_loop[0].gen_rdwr_eng.RDWR_INST/DSC_FIFO/MemArray_reg_0_7_60_65/ADDRD0
    SLICE_X38Y62         RAMS32                                       r  XDMA/inst/udma_wrapper/dma_top/dma_enable.vul_dma/WR/gen_rdwr_loop[0].gen_rdwr_eng.RDWR_INST/DSC_FIFO/MemArray_reg_0_7_60_65/RAMD/ADR0
  -------------------------------------------------------------------    -------------------

                         (clock userclk1 rise edge)
                                                      0.000     0.000 r  
    GTPE2_CHANNEL_X0Y3   GTPE2_CHANNEL                0.000     0.000 r  XDMA/inst/xdma_v41_m1_pcie2_to_pcie3_wrapper_i/pcie2_ip_i/inst/inst/gt_top_i/pipe_wrapper_i/pipe_lane[0].gt_wrapper_i/gtp_channel.gtpe2_channel_i/TXOUTCLK
                         net (fo=1, routed)           0.509     0.509    XDMA/inst/xdma_v41_m1_pcie2_to_pcie3_wrapper_i/pcie2_ip_i/inst/inst/gt_top_i/pipe_wrapper_i/pipe_clock_int.pipe_clock_i/txoutclk_i.txoutclk_i_0
    BUFGCTRL_X0Y20       BUFG (Prop_bufg_I_O)         0.029     0.538 r  XDMA/inst/xdma_v41_m1_pcie2_to_pcie3_wrapper_i/pcie2_ip_i/inst/inst/gt_top_i/pipe_wrapper_i/pipe_clock_int.pipe_clock_i/txoutclk_i.txoutclk_i/O
                         net (fo=1, routed)           0.818     1.355    XDMA/inst/xdma_v41_m1_pcie2_to_pcie3_wrapper_i/pcie2_ip_i/inst/inst/gt_top_i/pipe_wrapper_i/pipe_clock_int.pipe_clock_i/refclk
    MMCME2_ADV_X0Y0      MMCME2_ADV (Prop_mmcme2_adv_CLKIN1_CLKOUT2)
                                                      0.053     1.408 r  XDMA/inst/xdma_v41_m1_pcie2_to_pcie3_wrapper_i/pcie2_ip_i/inst/inst/gt_top_i/pipe_wrapper_i/pipe_clock_int.pipe_clock_i/mmcm_i/CLKOUT2
                         net (fo=1, routed)           0.534     1.942    XDMA/inst/xdma_v41_m1_pcie2_to_pcie3_wrapper_i/pcie2_ip_i/inst/inst/gt_top_i/pipe_wrapper_i/pipe_clock_int.pipe_clock_i/userclk1
    BUFGCTRL_X0Y0        BUFG (Prop_bufg_I_O)         0.029     1.971 r  XDMA/inst/xdma_v41_m1_pcie2_to_pcie3_wrapper_i/pcie2_ip_i/inst/inst/gt_top_i/pipe_wrapper_i/pipe_clock_int.pipe_clock_i/userclk1_i1.usrclk1_i1/O
                         net (fo=18985, routed)       0.825     2.796    XDMA/inst/udma_wrapper/dma_top/dma_enable.vul_dma/WR/gen_rdwr_loop[0].gen_rdwr_eng.RDWR_INST/DSC_FIFO/MemArray_reg_0_7_60_65/WCLK
    SLICE_X38Y62         RAMS32                                       r  XDMA/inst/udma_wrapper/dma_top/dma_enable.vul_dma/WR/gen_rdwr_loop[0].gen_rdwr_eng.RDWR_INST/DSC_FIFO/MemArray_reg_0_7_60_65/RAMD/CLK
                         clock pessimism             -0.609     2.188    
    SLICE_X38Y62         RAMS32 (Hold_rams32_CLK_ADR0)
                                                      0.310     2.498    XDMA/inst/udma_wrapper/dma_top/dma_enable.vul_dma/WR/gen_rdwr_loop[0].gen_rdwr_eng.RDWR_INST/DSC_FIFO/MemArray_reg_0_7_60_65/RAMD
  -------------------------------------------------------------------
                         required time                         -2.498    
                         arrival time                           2.572    
  -------------------------------------------------------------------
                         slack                                  0.075    

Slack (MET) :             0.075ns  (arrival time - required time)
  Source:                 XDMA/inst/udma_wrapper/dma_top/dma_enable.vul_dma/WR/gen_rdwr_loop[0].gen_rdwr_eng.RDWR_INST/DSC_FIFO/WrPtr_reg[0]/C
                            (rising edge-triggered cell FDRE clocked by userclk1  {rise@0.000ns fall@8.000ns period=16.000ns})
  Destination:            XDMA/inst/udma_wrapper/dma_top/dma_enable.vul_dma/WR/gen_rdwr_loop[0].gen_rdwr_eng.RDWR_INST/DSC_FIFO/MemArray_reg_0_7_60_65/RAMD_D1/ADR0
                            (rising edge-triggered cell RAMS32 clocked by userclk1  {rise@0.000ns fall@8.000ns period=16.000ns})
  Path Group:             userclk1
  Path Type:              Hold (Min at Fast Process Corner)
  Requirement:            0.000ns  (userclk1 rise@0.000ns - userclk1 rise@0.000ns)
  Data Path Delay:        0.400ns  (logic 0.141ns (35.283%)  route 0.259ns (64.717%))
  Logic Levels:           0  
  Clock Path Skew:        0.015ns (DCD - SCD - CPR)
    Destination Clock Delay (DCD):    2.796ns
    Source Clock Delay      (SCD):    2.173ns
    Clock Pessimism Removal (CPR):    0.609ns

    Location             Delay type                Incr(ns)  Path(ns)    Netlist Resource(s)
  -------------------------------------------------------------------    -------------------
                         (clock userclk1 rise edge)
                                                      0.000     0.000 r  
    GTPE2_CHANNEL_X0Y3   GTPE2_CHANNEL                0.000     0.000 r  XDMA/inst/xdma_v41_m1_pcie2_to_pcie3_wrapper_i/pcie2_ip_i/inst/inst/gt_top_i/pipe_wrapper_i/pipe_lane[0].gt_wrapper_i/gtp_channel.gtpe2_channel_i/TXOUTCLK
                         net (fo=1, routed)           0.473     0.473    XDMA/inst/xdma_v41_m1_pcie2_to_pcie3_wrapper_i/pcie2_ip_i/inst/inst/gt_top_i/pipe_wrapper_i/pipe_clock_int.pipe_clock_i/txoutclk_i.txoutclk_i_0
    BUFGCTRL_X0Y20       BUFG (Prop_bufg_I_O)         0.026     0.499 r  XDMA/inst/xdma_v41_m1_pcie2_to_pcie3_wrapper_i/pcie2_ip_i/inst/inst/gt_top_i/pipe_wrapper_i/pipe_clock_int.pipe_clock_i/txoutclk_i.txoutclk_i/O
                         net (fo=1, routed)           0.551     1.050    XDMA/inst/xdma_v41_m1_pcie2_to_pcie3_wrapper_i/pcie2_ip_i/inst/inst/gt_top_i/pipe_wrapper_i/pipe_clock_int.pipe_clock_i/refclk
    MMCME2_ADV_X0Y0      MMCME2_ADV (Prop_mmcme2_adv_CLKIN1_CLKOUT2)
                                                      0.050     1.100 r  XDMA/inst/xdma_v41_m1_pcie2_to_pcie3_wrapper_i/pcie2_ip_i/inst/inst/gt_top_i/pipe_wrapper_i/pipe_clock_int.pipe_clock_i/mmcm_i/CLKOUT2
                         net (fo=1, routed)           0.489     1.589    XDMA/inst/xdma_v41_m1_pcie2_to_pcie3_wrapper_i/pcie2_ip_i/inst/inst/gt_top_i/pipe_wrapper_i/pipe_clock_int.pipe_clock_i/userclk1
    BUFGCTRL_X0Y0        BUFG (Prop_bufg_I_O)         0.026     1.615 r  XDMA/inst/xdma_v41_m1_pcie2_to_pcie3_wrapper_i/pcie2_ip_i/inst/inst/gt_top_i/pipe_wrapper_i/pipe_clock_int.pipe_clock_i/userclk1_i1.usrclk1_i1/O
                         net (fo=18985, routed)       0.558     2.173    XDMA/inst/udma_wrapper/dma_top/dma_enable.vul_dma/WR/gen_rdwr_loop[0].gen_rdwr_eng.RDWR_INST/DSC_FIFO/user_clk
    SLICE_X36Y62         FDRE                                         r  XDMA/inst/udma_wrapper/dma_top/dma_enable.vul_dma/WR/gen_rdwr_loop[0].gen_rdwr_eng.RDWR_INST/DSC_FIFO/WrPtr_reg[0]/C
  -------------------------------------------------------------------    -------------------
    SLICE_X36Y62         FDRE (Prop_fdre_C_Q)         0.141     2.314 r  XDMA/inst/udma_wrapper/dma_top/dma_enable.vul_dma/WR/gen_rdwr_loop[0].gen_rdwr_eng.RDWR_INST/DSC_FIFO/WrPtr_reg[0]/Q
                         net (fo=219, routed)         0.259     2.572    XDMA/inst/udma_wrapper/dma_top/dma_enable.vul_dma/WR/gen_rdwr_loop[0].gen_rdwr_eng.RDWR_INST/DSC_FIFO/MemArray_reg_0_7_60_65/ADDRD0
    SLICE_X38Y62         RAMS32                                       r  XDMA/inst/udma_wrapper/dma_top/dma_enable.vul_dma/WR/gen_rdwr_loop[0].gen_rdwr_eng.RDWR_INST/DSC_FIFO/MemArray_reg_0_7_60_65/RAMD_D1/ADR0
  -------------------------------------------------------------------    -------------------

                         (clock userclk1 rise edge)
                                                      0.000     0.000 r  
    GTPE2_CHANNEL_X0Y3   GTPE2_CHANNEL                0.000     0.000 r  XDMA/inst/xdma_v41_m1_pcie2_to_pcie3_wrapper_i/pcie2_ip_i/inst/inst/gt_top_i/pipe_wrapper_i/pipe_lane[0].gt_wrapper_i/gtp_channel.gtpe2_channel_i/TXOUTCLK
                         net (fo=1, routed)           0.509     0.509    XDMA/inst/xdma_v41_m1_pcie2_to_pcie3_wrapper_i/pcie2_ip_i/inst/inst/gt_top_i/pipe_wrapper_i/pipe_clock_int.pipe_clock_i/txoutclk_i.txoutclk_i_0
    BUFGCTRL_X0Y20       BUFG (Prop_bufg_I_O)         0.029     0.538 r  XDMA/inst/xdma_v41_m1_pcie2_to_pcie3_wrapper_i/pcie2_ip_i/inst/inst/gt_top_i/pipe_wrapper_i/pipe_clock_int.pipe_clock_i/txoutclk_i.txoutclk_i/O
                         net (fo=1, routed)           0.818     1.355    XDMA/inst/xdma_v41_m1_pcie2_to_pcie3_wrapper_i/pcie2_ip_i/inst/inst/gt_top_i/pipe_wrapper_i/pipe_clock_int.pipe_clock_i/refclk
    MMCME2_ADV_X0Y0      MMCME2_ADV (Prop_mmcme2_adv_CLKIN1_CLKOUT2)
                                                      0.053     1.408 r  XDMA/inst/xdma_v41_m1_pcie2_to_pcie3_wrapper_i/pcie2_ip_i/inst/inst/gt_top_i/pipe_wrapper_i/pipe_clock_int.pipe_clock_i/mmcm_i/CLKOUT2
                         net (fo=1, routed)           0.534     1.942    XDMA/inst/xdma_v41_m1_pcie2_to_pcie3_wrapper_i/pcie2_ip_i/inst/inst/gt_top_i/pipe_wrapper_i/pipe_clock_int.pipe_clock_i/userclk1
    BUFGCTRL_X0Y0        BUFG (Prop_bufg_I_O)         0.029     1.971 r  XDMA/inst/xdma_v41_m1_pcie2_to_pcie3_wrapper_i/pcie2_ip_i/inst/inst/gt_top_i/pipe_wrapper_i/pipe_clock_int.pipe_clock_i/userclk1_i1.usrclk1_i1/O
                         net (fo=18985, routed)       0.825     2.796    XDMA/inst/udma_wrapper/dma_top/dma_enable.vul_dma/WR/gen_rdwr_loop[0].gen_rdwr_eng.RDWR_INST/DSC_FIFO/MemArray_reg_0_7_60_65/WCLK
    SLICE_X38Y62         RAMS32                                       r  XDMA/inst/udma_wrapper/dma_top/dma_enable.vul_dma/WR/gen_rdwr_loop[0].gen_rdwr_eng.RDWR_INST/DSC_FIFO/MemArray_reg_0_7_60_65/RAMD_D1/CLK
                         clock pessimism             -0.609     2.188    
    SLICE_X38Y62         RAMS32 (Hold_rams32_CLK_ADR0)
                                                      0.310     2.498    XDMA/inst/udma_wrapper/dma_top/dma_enable.vul_dma/WR/gen_rdwr_loop[0].gen_rdwr_eng.RDWR_INST/DSC_FIFO/MemArray_reg_0_7_60_65/RAMD_D1
  -------------------------------------------------------------------
                         required time                         -2.498    
                         arrival time                           2.572    
  -------------------------------------------------------------------
                         slack                                  0.075    

Slack (MET) :             0.075ns  (arrival time - required time)
  Source:                 XDMA/inst/udma_wrapper/dma_top/dma_pcie_req/dma_pcie_rq/wtlp_hdr_500_reg[36]/C
                            (rising edge-triggered cell FDRE clocked by userclk1  {rise@0.000ns fall@8.000ns period=16.000ns})
  Destination:            XDMA/inst/udma_wrapper/dma_top/dma_pcie_req/dma_pcie_rq/WTLP_HDR_FIFO/MemArray_reg_0_7_36_41/RAMA/I
                            (rising edge-triggered cell RAMD32 clocked by userclk1  {rise@0.000ns fall@8.000ns period=16.000ns})
  Path Group:             userclk1
  Path Type:              Hold (Min at Fast Process Corner)
  Requirement:            0.000ns  (userclk1 rise@0.000ns - userclk1 rise@0.000ns)
  Data Path Delay:        0.239ns  (logic 0.141ns (59.062%)  route 0.098ns (40.938%))
  Logic Levels:           0  
  Clock Path Skew:        0.017ns (DCD - SCD - CPR)
    Destination Clock Delay (DCD):    2.798ns
    Source Clock Delay      (SCD):    2.173ns
    Clock Pessimism Removal (CPR):    0.609ns

    Location             Delay type                Incr(ns)  Path(ns)    Netlist Resource(s)
  -------------------------------------------------------------------    -------------------
                         (clock userclk1 rise edge)
                                                      0.000     0.000 r  
    GTPE2_CHANNEL_X0Y3   GTPE2_CHANNEL                0.000     0.000 r  XDMA/inst/xdma_v41_m1_pcie2_to_pcie3_wrapper_i/pcie2_ip_i/inst/inst/gt_top_i/pipe_wrapper_i/pipe_lane[0].gt_wrapper_i/gtp_channel.gtpe2_channel_i/TXOUTCLK
                         net (fo=1, routed)           0.473     0.473    XDMA/inst/xdma_v41_m1_pcie2_to_pcie3_wrapper_i/pcie2_ip_i/inst/inst/gt_top_i/pipe_wrapper_i/pipe_clock_int.pipe_clock_i/txoutclk_i.txoutclk_i_0
    BUFGCTRL_X0Y20       BUFG (Prop_bufg_I_O)         0.026     0.499 r  XDMA/inst/xdma_v41_m1_pcie2_to_pcie3_wrapper_i/pcie2_ip_i/inst/inst/gt_top_i/pipe_wrapper_i/pipe_clock_int.pipe_clock_i/txoutclk_i.txoutclk_i/O
                         net (fo=1, routed)           0.551     1.050    XDMA/inst/xdma_v41_m1_pcie2_to_pcie3_wrapper_i/pcie2_ip_i/inst/inst/gt_top_i/pipe_wrapper_i/pipe_clock_int.pipe_clock_i/refclk
    MMCME2_ADV_X0Y0      MMCME2_ADV (Prop_mmcme2_adv_CLKIN1_CLKOUT2)
                                                      0.050     1.100 r  XDMA/inst/xdma_v41_m1_pcie2_to_pcie3_wrapper_i/pcie2_ip_i/inst/inst/gt_top_i/pipe_wrapper_i/pipe_clock_int.pipe_clock_i/mmcm_i/CLKOUT2
                         net (fo=1, routed)           0.489     1.589    XDMA/inst/xdma_v41_m1_pcie2_to_pcie3_wrapper_i/pcie2_ip_i/inst/inst/gt_top_i/pipe_wrapper_i/pipe_clock_int.pipe_clock_i/userclk1
    BUFGCTRL_X0Y0        BUFG (Prop_bufg_I_O)         0.026     1.615 r  XDMA/inst/xdma_v41_m1_pcie2_to_pcie3_wrapper_i/pcie2_ip_i/inst/inst/gt_top_i/pipe_wrapper_i/pipe_clock_int.pipe_clock_i/userclk1_i1.usrclk1_i1/O
                         net (fo=18985, routed)       0.558     2.173    XDMA/inst/udma_wrapper/dma_top/dma_pcie_req/dma_pcie_rq/user_clk
    SLICE_X37Y87         FDRE                                         r  XDMA/inst/udma_wrapper/dma_top/dma_pcie_req/dma_pcie_rq/wtlp_hdr_500_reg[36]/C
  -------------------------------------------------------------------    -------------------
    SLICE_X37Y87         FDRE (Prop_fdre_C_Q)         0.141     2.314 r  XDMA/inst/udma_wrapper/dma_top/dma_pcie_req/dma_pcie_rq/wtlp_hdr_500_reg[36]/Q
                         net (fo=1, routed)           0.098     2.411    XDMA/inst/udma_wrapper/dma_top/dma_pcie_req/dma_pcie_rq/WTLP_HDR_FIFO/MemArray_reg_0_7_36_41/DIA0
    SLICE_X38Y88         RAMD32                                       r  XDMA/inst/udma_wrapper/dma_top/dma_pcie_req/dma_pcie_rq/WTLP_HDR_FIFO/MemArray_reg_0_7_36_41/RAMA/I
  -------------------------------------------------------------------    -------------------

                         (clock userclk1 rise edge)
                                                      0.000     0.000 r  
    GTPE2_CHANNEL_X0Y3   GTPE2_CHANNEL                0.000     0.000 r  XDMA/inst/xdma_v41_m1_pcie2_to_pcie3_wrapper_i/pcie2_ip_i/inst/inst/gt_top_i/pipe_wrapper_i/pipe_lane[0].gt_wrapper_i/gtp_channel.gtpe2_channel_i/TXOUTCLK
                         net (fo=1, routed)           0.509     0.509    XDMA/inst/xdma_v41_m1_pcie2_to_pcie3_wrapper_i/pcie2_ip_i/inst/inst/gt_top_i/pipe_wrapper_i/pipe_clock_int.pipe_clock_i/txoutclk_i.txoutclk_i_0
    BUFGCTRL_X0Y20       BUFG (Prop_bufg_I_O)         0.029     0.538 r  XDMA/inst/xdma_v41_m1_pcie2_to_pcie3_wrapper_i/pcie2_ip_i/inst/inst/gt_top_i/pipe_wrapper_i/pipe_clock_int.pipe_clock_i/txoutclk_i.txoutclk_i/O
                         net (fo=1, routed)           0.818     1.355    XDMA/inst/xdma_v41_m1_pcie2_to_pcie3_wrapper_i/pcie2_ip_i/inst/inst/gt_top_i/pipe_wrapper_i/pipe_clock_int.pipe_clock_i/refclk
    MMCME2_ADV_X0Y0      MMCME2_ADV (Prop_mmcme2_adv_CLKIN1_CLKOUT2)
                                                      0.053     1.408 r  XDMA/inst/xdma_v41_m1_pcie2_to_pcie3_wrapper_i/pcie2_ip_i/inst/inst/gt_top_i/pipe_wrapper_i/pipe_clock_int.pipe_clock_i/mmcm_i/CLKOUT2
                         net (fo=1, routed)           0.534     1.942    XDMA/inst/xdma_v41_m1_pcie2_to_pcie3_wrapper_i/pcie2_ip_i/inst/inst/gt_top_i/pipe_wrapper_i/pipe_clock_int.pipe_clock_i/userclk1
    BUFGCTRL_X0Y0        BUFG (Prop_bufg_I_O)         0.029     1.971 r  XDMA/inst/xdma_v41_m1_pcie2_to_pcie3_wrapper_i/pcie2_ip_i/inst/inst/gt_top_i/pipe_wrapper_i/pipe_clock_int.pipe_clock_i/userclk1_i1.usrclk1_i1/O
                         net (fo=18985, routed)       0.827     2.798    XDMA/inst/udma_wrapper/dma_top/dma_pcie_req/dma_pcie_rq/WTLP_HDR_FIFO/MemArray_reg_0_7_36_41/WCLK
    SLICE_X38Y88         RAMD32                                       r  XDMA/inst/udma_wrapper/dma_top/dma_pcie_req/dma_pcie_rq/WTLP_HDR_FIFO/MemArray_reg_0_7_36_41/RAMA/CLK
                         clock pessimism             -0.609     2.190    
    SLICE_X38Y88         RAMD32 (Hold_ramd32_CLK_I)
                                                      0.147     2.337    XDMA/inst/udma_wrapper/dma_top/dma_pcie_req/dma_pcie_rq/WTLP_HDR_FIFO/MemArray_reg_0_7_36_41/RAMA
  -------------------------------------------------------------------
                         required time                         -2.337    
                         arrival time                           2.411    
  -------------------------------------------------------------------
                         slack                                  0.075    

Slack (MET) :             0.075ns  (arrival time - required time)
  Source:                 XDMA/inst/udma_wrapper/dma_top/dma_enable.vul_dma/WR/gen_rdwr_loop[0].gen_rdwr_eng.RDWR_INST/rrq_dsc_wadr_902_reg[36]/C
                            (rising edge-triggered cell FDRE clocked by userclk1  {rise@0.000ns fall@8.000ns period=16.000ns})
  Destination:            XDMA/inst/udma_wrapper/dma_top/dma_enable.vul_dma/WR/gen_rdwr_loop[0].gen_rdwr_eng.RDWR_INST/rrq_wadr_nn1_reg/DIBDI[4]
                            (rising edge-triggered cell RAMB36E1 clocked by userclk1  {rise@0.000ns fall@8.000ns period=16.000ns})
  Path Group:             userclk1
  Path Type:              Hold (Min at Fast Process Corner)
  Requirement:            0.000ns  (userclk1 rise@0.000ns - userclk1 rise@0.000ns)
  Data Path Delay:        0.305ns  (logic 0.141ns (46.294%)  route 0.164ns (53.706%))
  Logic Levels:           0  
  Clock Path Skew:        0.075ns (DCD - SCD - CPR)
    Destination Clock Delay (DCD):    2.843ns
    Source Clock Delay      (SCD):    2.179ns
    Clock Pessimism Removal (CPR):    0.590ns

    Location             Delay type                Incr(ns)  Path(ns)    Netlist Resource(s)
  -------------------------------------------------------------------    -------------------
                         (clock userclk1 rise edge)
                                                      0.000     0.000 r  
    GTPE2_CHANNEL_X0Y3   GTPE2_CHANNEL                0.000     0.000 r  XDMA/inst/xdma_v41_m1_pcie2_to_pcie3_wrapper_i/pcie2_ip_i/inst/inst/gt_top_i/pipe_wrapper_i/pipe_lane[0].gt_wrapper_i/gtp_channel.gtpe2_channel_i/TXOUTCLK
                         net (fo=1, routed)           0.473     0.473    XDMA/inst/xdma_v41_m1_pcie2_to_pcie3_wrapper_i/pcie2_ip_i/inst/inst/gt_top_i/pipe_wrapper_i/pipe_clock_int.pipe_clock_i/txoutclk_i.txoutclk_i_0
    BUFGCTRL_X0Y20       BUFG (Prop_bufg_I_O)         0.026     0.499 r  XDMA/inst/xdma_v41_m1_pcie2_to_pcie3_wrapper_i/pcie2_ip_i/inst/inst/gt_top_i/pipe_wrapper_i/pipe_clock_int.pipe_clock_i/txoutclk_i.txoutclk_i/O
                         net (fo=1, routed)           0.551     1.050    XDMA/inst/xdma_v41_m1_pcie2_to_pcie3_wrapper_i/pcie2_ip_i/inst/inst/gt_top_i/pipe_wrapper_i/pipe_clock_int.pipe_clock_i/refclk
    MMCME2_ADV_X0Y0      MMCME2_ADV (Prop_mmcme2_adv_CLKIN1_CLKOUT2)
                                                      0.050     1.100 r  XDMA/inst/xdma_v41_m1_pcie2_to_pcie3_wrapper_i/pcie2_ip_i/inst/inst/gt_top_i/pipe_wrapper_i/pipe_clock_int.pipe_clock_i/mmcm_i/CLKOUT2
                         net (fo=1, routed)           0.489     1.589    XDMA/inst/xdma_v41_m1_pcie2_to_pcie3_wrapper_i/pcie2_ip_i/inst/inst/gt_top_i/pipe_wrapper_i/pipe_clock_int.pipe_clock_i/userclk1
    BUFGCTRL_X0Y0        BUFG (Prop_bufg_I_O)         0.026     1.615 r  XDMA/inst/xdma_v41_m1_pcie2_to_pcie3_wrapper_i/pcie2_ip_i/inst/inst/gt_top_i/pipe_wrapper_i/pipe_clock_int.pipe_clock_i/userclk1_i1.usrclk1_i1/O
                         net (fo=18985, routed)       0.564     2.179    XDMA/inst/udma_wrapper/dma_top/dma_enable.vul_dma/WR/gen_rdwr_loop[0].gen_rdwr_eng.RDWR_INST/user_clk
    SLICE_X11Y55         FDRE                                         r  XDMA/inst/udma_wrapper/dma_top/dma_enable.vul_dma/WR/gen_rdwr_loop[0].gen_rdwr_eng.RDWR_INST/rrq_dsc_wadr_902_reg[36]/C
  -------------------------------------------------------------------    -------------------
    SLICE_X11Y55         FDRE (Prop_fdre_C_Q)         0.141     2.320 r  XDMA/inst/udma_wrapper/dma_top/dma_enable.vul_dma/WR/gen_rdwr_loop[0].gen_rdwr_eng.RDWR_INST/rrq_dsc_wadr_902_reg[36]/Q
                         net (fo=1, routed)           0.164     2.483    XDMA/inst/udma_wrapper/dma_top/dma_enable.vul_dma/WR/gen_rdwr_loop[0].gen_rdwr_eng.RDWR_INST/rrq_dsc_wadr_902[36]
    RAMB36_X0Y11         RAMB36E1                                     r  XDMA/inst/udma_wrapper/dma_top/dma_enable.vul_dma/WR/gen_rdwr_loop[0].gen_rdwr_eng.RDWR_INST/rrq_wadr_nn1_reg/DIBDI[4]
  -------------------------------------------------------------------    -------------------

                         (clock userclk1 rise edge)
                                                      0.000     0.000 r  
    GTPE2_CHANNEL_X0Y3   GTPE2_CHANNEL                0.000     0.000 r  XDMA/inst/xdma_v41_m1_pcie2_to_pcie3_wrapper_i/pcie2_ip_i/inst/inst/gt_top_i/pipe_wrapper_i/pipe_lane[0].gt_wrapper_i/gtp_channel.gtpe2_channel_i/TXOUTCLK
                         net (fo=1, routed)           0.509     0.509    XDMA/inst/xdma_v41_m1_pcie2_to_pcie3_wrapper_i/pcie2_ip_i/inst/inst/gt_top_i/pipe_wrapper_i/pipe_clock_int.pipe_clock_i/txoutclk_i.txoutclk_i_0
    BUFGCTRL_X0Y20       BUFG (Prop_bufg_I_O)         0.029     0.538 r  XDMA/inst/xdma_v41_m1_pcie2_to_pcie3_wrapper_i/pcie2_ip_i/inst/inst/gt_top_i/pipe_wrapper_i/pipe_clock_int.pipe_clock_i/txoutclk_i.txoutclk_i/O
                         net (fo=1, routed)           0.818     1.355    XDMA/inst/xdma_v41_m1_pcie2_to_pcie3_wrapper_i/pcie2_ip_i/inst/inst/gt_top_i/pipe_wrapper_i/pipe_clock_int.pipe_clock_i/refclk
    MMCME2_ADV_X0Y0      MMCME2_ADV (Prop_mmcme2_adv_CLKIN1_CLKOUT2)
                                                      0.053     1.408 r  XDMA/inst/xdma_v41_m1_pcie2_to_pcie3_wrapper_i/pcie2_ip_i/inst/inst/gt_top_i/pipe_wrapper_i/pipe_clock_int.pipe_clock_i/mmcm_i/CLKOUT2
                         net (fo=1, routed)           0.534     1.942    XDMA/inst/xdma_v41_m1_pcie2_to_pcie3_wrapper_i/pcie2_ip_i/inst/inst/gt_top_i/pipe_wrapper_i/pipe_clock_int.pipe_clock_i/userclk1
    BUFGCTRL_X0Y0        BUFG (Prop_bufg_I_O)         0.029     1.971 r  XDMA/inst/xdma_v41_m1_pcie2_to_pcie3_wrapper_i/pcie2_ip_i/inst/inst/gt_top_i/pipe_wrapper_i/pipe_clock_int.pipe_clock_i/userclk1_i1.usrclk1_i1/O
                         net (fo=18985, routed)       0.872     2.843    XDMA/inst/udma_wrapper/dma_top/dma_enable.vul_dma/WR/gen_rdwr_loop[0].gen_rdwr_eng.RDWR_INST/user_clk
    RAMB36_X0Y11         RAMB36E1                                     r  XDMA/inst/udma_wrapper/dma_top/dma_enable.vul_dma/WR/gen_rdwr_loop[0].gen_rdwr_eng.RDWR_INST/rrq_wadr_nn1_reg/CLKBWRCLK
                         clock pessimism             -0.590     2.253    
    RAMB36_X0Y11         RAMB36E1 (Hold_ramb36e1_CLKBWRCLK_DIBDI[4])
                                                      0.155     2.408    XDMA/inst/udma_wrapper/dma_top/dma_enable.vul_dma/WR/gen_rdwr_loop[0].gen_rdwr_eng.RDWR_INST/rrq_wadr_nn1_reg
  -------------------------------------------------------------------
                         required time                         -2.408    
                         arrival time                           2.483    
  -------------------------------------------------------------------
                         slack                                  0.075    

Slack (MET) :             0.075ns  (arrival time - required time)
  Source:                 XDMA/inst/udma_wrapper/dma_top/dma_enable.vul_dma/WR/gen_rdwr_loop[0].gen_rdwr_eng.RDWR_INST/rrq_dsc_wadr_902_reg[61]/C
                            (rising edge-triggered cell FDRE clocked by userclk1  {rise@0.000ns fall@8.000ns period=16.000ns})
  Destination:            XDMA/inst/udma_wrapper/dma_top/dma_enable.vul_dma/WR/gen_rdwr_loop[0].gen_rdwr_eng.RDWR_INST/rrq_wadr_nn1_reg/DIBDI[29]
                            (rising edge-triggered cell RAMB36E1 clocked by userclk1  {rise@0.000ns fall@8.000ns period=16.000ns})
  Path Group:             userclk1
  Path Type:              Hold (Min at Fast Process Corner)
  Requirement:            0.000ns  (userclk1 rise@0.000ns - userclk1 rise@0.000ns)
  Data Path Delay:        0.252ns  (logic 0.128ns (50.826%)  route 0.124ns (49.174%))
  Logic Levels:           0  
  Clock Path Skew:        0.076ns (DCD - SCD - CPR)
    Destination Clock Delay (DCD):    2.843ns
    Source Clock Delay      (SCD):    2.178ns
    Clock Pessimism Removal (CPR):    0.590ns

    Location             Delay type                Incr(ns)  Path(ns)    Netlist Resource(s)
  -------------------------------------------------------------------    -------------------
                         (clock userclk1 rise edge)
                                                      0.000     0.000 r  
    GTPE2_CHANNEL_X0Y3   GTPE2_CHANNEL                0.000     0.000 r  XDMA/inst/xdma_v41_m1_pcie2_to_pcie3_wrapper_i/pcie2_ip_i/inst/inst/gt_top_i/pipe_wrapper_i/pipe_lane[0].gt_wrapper_i/gtp_channel.gtpe2_channel_i/TXOUTCLK
                         net (fo=1, routed)           0.473     0.473    XDMA/inst/xdma_v41_m1_pcie2_to_pcie3_wrapper_i/pcie2_ip_i/inst/inst/gt_top_i/pipe_wrapper_i/pipe_clock_int.pipe_clock_i/txoutclk_i.txoutclk_i_0
    BUFGCTRL_X0Y20       BUFG (Prop_bufg_I_O)         0.026     0.499 r  XDMA/inst/xdma_v41_m1_pcie2_to_pcie3_wrapper_i/pcie2_ip_i/inst/inst/gt_top_i/pipe_wrapper_i/pipe_clock_int.pipe_clock_i/txoutclk_i.txoutclk_i/O
                         net (fo=1, routed)           0.551     1.050    XDMA/inst/xdma_v41_m1_pcie2_to_pcie3_wrapper_i/pcie2_ip_i/inst/inst/gt_top_i/pipe_wrapper_i/pipe_clock_int.pipe_clock_i/refclk
    MMCME2_ADV_X0Y0      MMCME2_ADV (Prop_mmcme2_adv_CLKIN1_CLKOUT2)
                                                      0.050     1.100 r  XDMA/inst/xdma_v41_m1_pcie2_to_pcie3_wrapper_i/pcie2_ip_i/inst/inst/gt_top_i/pipe_wrapper_i/pipe_clock_int.pipe_clock_i/mmcm_i/CLKOUT2
                         net (fo=1, routed)           0.489     1.589    XDMA/inst/xdma_v41_m1_pcie2_to_pcie3_wrapper_i/pcie2_ip_i/inst/inst/gt_top_i/pipe_wrapper_i/pipe_clock_int.pipe_clock_i/userclk1
    BUFGCTRL_X0Y0        BUFG (Prop_bufg_I_O)         0.026     1.615 r  XDMA/inst/xdma_v41_m1_pcie2_to_pcie3_wrapper_i/pcie2_ip_i/inst/inst/gt_top_i/pipe_wrapper_i/pipe_clock_int.pipe_clock_i/userclk1_i1.usrclk1_i1/O
                         net (fo=18985, routed)       0.563     2.178    XDMA/inst/udma_wrapper/dma_top/dma_enable.vul_dma/WR/gen_rdwr_loop[0].gen_rdwr_eng.RDWR_INST/user_clk
    SLICE_X11Y59         FDRE                                         r  XDMA/inst/udma_wrapper/dma_top/dma_enable.vul_dma/WR/gen_rdwr_loop[0].gen_rdwr_eng.RDWR_INST/rrq_dsc_wadr_902_reg[61]/C
  -------------------------------------------------------------------    -------------------
    SLICE_X11Y59         FDRE (Prop_fdre_C_Q)         0.128     2.306 r  XDMA/inst/udma_wrapper/dma_top/dma_enable.vul_dma/WR/gen_rdwr_loop[0].gen_rdwr_eng.RDWR_INST/rrq_dsc_wadr_902_reg[61]/Q
                         net (fo=1, routed)           0.124     2.430    XDMA/inst/udma_wrapper/dma_top/dma_enable.vul_dma/WR/gen_rdwr_loop[0].gen_rdwr_eng.RDWR_INST/rrq_dsc_wadr_902[61]
    RAMB36_X0Y11         RAMB36E1                                     r  XDMA/inst/udma_wrapper/dma_top/dma_enable.vul_dma/WR/gen_rdwr_loop[0].gen_rdwr_eng.RDWR_INST/rrq_wadr_nn1_reg/DIBDI[29]
  -------------------------------------------------------------------    -------------------

                         (clock userclk1 rise edge)
                                                      0.000     0.000 r  
    GTPE2_CHANNEL_X0Y3   GTPE2_CHANNEL                0.000     0.000 r  XDMA/inst/xdma_v41_m1_pcie2_to_pcie3_wrapper_i/pcie2_ip_i/inst/inst/gt_top_i/pipe_wrapper_i/pipe_lane[0].gt_wrapper_i/gtp_channel.gtpe2_channel_i/TXOUTCLK
                         net (fo=1, routed)           0.509     0.509    XDMA/inst/xdma_v41_m1_pcie2_to_pcie3_wrapper_i/pcie2_ip_i/inst/inst/gt_top_i/pipe_wrapper_i/pipe_clock_int.pipe_clock_i/txoutclk_i.txoutclk_i_0
    BUFGCTRL_X0Y20       BUFG (Prop_bufg_I_O)         0.029     0.538 r  XDMA/inst/xdma_v41_m1_pcie2_to_pcie3_wrapper_i/pcie2_ip_i/inst/inst/gt_top_i/pipe_wrapper_i/pipe_clock_int.pipe_clock_i/txoutclk_i.txoutclk_i/O
                         net (fo=1, routed)           0.818     1.355    XDMA/inst/xdma_v41_m1_pcie2_to_pcie3_wrapper_i/pcie2_ip_i/inst/inst/gt_top_i/pipe_wrapper_i/pipe_clock_int.pipe_clock_i/refclk
    MMCME2_ADV_X0Y0      MMCME2_ADV (Prop_mmcme2_adv_CLKIN1_CLKOUT2)
                                                      0.053     1.408 r  XDMA/inst/xdma_v41_m1_pcie2_to_pcie3_wrapper_i/pcie2_ip_i/inst/inst/gt_top_i/pipe_wrapper_i/pipe_clock_int.pipe_clock_i/mmcm_i/CLKOUT2
                         net (fo=1, routed)           0.534     1.942    XDMA/inst/xdma_v41_m1_pcie2_to_pcie3_wrapper_i/pcie2_ip_i/inst/inst/gt_top_i/pipe_wrapper_i/pipe_clock_int.pipe_clock_i/userclk1
    BUFGCTRL_X0Y0        BUFG (Prop_bufg_I_O)         0.029     1.971 r  XDMA/inst/xdma_v41_m1_pcie2_to_pcie3_wrapper_i/pcie2_ip_i/inst/inst/gt_top_i/pipe_wrapper_i/pipe_clock_int.pipe_clock_i/userclk1_i1.usrclk1_i1/O
                         net (fo=18985, routed)       0.872     2.843    XDMA/inst/udma_wrapper/dma_top/dma_enable.vul_dma/WR/gen_rdwr_loop[0].gen_rdwr_eng.RDWR_INST/user_clk
    RAMB36_X0Y11         RAMB36E1                                     r  XDMA/inst/udma_wrapper/dma_top/dma_enable.vul_dma/WR/gen_rdwr_loop[0].gen_rdwr_eng.RDWR_INST/rrq_wadr_nn1_reg/CLKBWRCLK
                         clock pessimism             -0.590     2.253    
    RAMB36_X0Y11         RAMB36E1 (Hold_ramb36e1_CLKBWRCLK_DIBDI[29])
                                                      0.101     2.354    XDMA/inst/udma_wrapper/dma_top/dma_enable.vul_dma/WR/gen_rdwr_loop[0].gen_rdwr_eng.RDWR_INST/rrq_wadr_nn1_reg
  -------------------------------------------------------------------
                         required time                         -2.354    
                         arrival time                           2.430    
  -------------------------------------------------------------------
                         slack                                  0.075    

Slack (MET) :             0.076ns  (arrival time - required time)
  Source:                 XDMA/inst/udma_wrapper/dma_top/dma_enable.vul_dma/WR/gen_rdwr_loop[0].gen_rdwr_eng.RDWR_INST/rrq_dsc_wadr_902_reg[16]/C
                            (rising edge-triggered cell FDRE clocked by userclk1  {rise@0.000ns fall@8.000ns period=16.000ns})
  Destination:            XDMA/inst/udma_wrapper/dma_top/dma_enable.vul_dma/WR/gen_rdwr_loop[0].gen_rdwr_eng.RDWR_INST/rrq_wadr_nn1_reg/DIADI[16]
                            (rising edge-triggered cell RAMB36E1 clocked by userclk1  {rise@0.000ns fall@8.000ns period=16.000ns})
  Path Group:             userclk1
  Path Type:              Hold (Min at Fast Process Corner)
  Requirement:            0.000ns  (userclk1 rise@0.000ns - userclk1 rise@0.000ns)
  Data Path Delay:        0.306ns  (logic 0.141ns (46.142%)  route 0.165ns (53.858%))
  Logic Levels:           0  
  Clock Path Skew:        0.075ns (DCD - SCD - CPR)
    Destination Clock Delay (DCD):    2.843ns
    Source Clock Delay      (SCD):    2.179ns
    Clock Pessimism Removal (CPR):    0.590ns

    Location             Delay type                Incr(ns)  Path(ns)    Netlist Resource(s)
  -------------------------------------------------------------------    -------------------
                         (clock userclk1 rise edge)
                                                      0.000     0.000 r  
    GTPE2_CHANNEL_X0Y3   GTPE2_CHANNEL                0.000     0.000 r  XDMA/inst/xdma_v41_m1_pcie2_to_pcie3_wrapper_i/pcie2_ip_i/inst/inst/gt_top_i/pipe_wrapper_i/pipe_lane[0].gt_wrapper_i/gtp_channel.gtpe2_channel_i/TXOUTCLK
                         net (fo=1, routed)           0.473     0.473    XDMA/inst/xdma_v41_m1_pcie2_to_pcie3_wrapper_i/pcie2_ip_i/inst/inst/gt_top_i/pipe_wrapper_i/pipe_clock_int.pipe_clock_i/txoutclk_i.txoutclk_i_0
    BUFGCTRL_X0Y20       BUFG (Prop_bufg_I_O)         0.026     0.499 r  XDMA/inst/xdma_v41_m1_pcie2_to_pcie3_wrapper_i/pcie2_ip_i/inst/inst/gt_top_i/pipe_wrapper_i/pipe_clock_int.pipe_clock_i/txoutclk_i.txoutclk_i/O
                         net (fo=1, routed)           0.551     1.050    XDMA/inst/xdma_v41_m1_pcie2_to_pcie3_wrapper_i/pcie2_ip_i/inst/inst/gt_top_i/pipe_wrapper_i/pipe_clock_int.pipe_clock_i/refclk
    MMCME2_ADV_X0Y0      MMCME2_ADV (Prop_mmcme2_adv_CLKIN1_CLKOUT2)
                                                      0.050     1.100 r  XDMA/inst/xdma_v41_m1_pcie2_to_pcie3_wrapper_i/pcie2_ip_i/inst/inst/gt_top_i/pipe_wrapper_i/pipe_clock_int.pipe_clock_i/mmcm_i/CLKOUT2
                         net (fo=1, routed)           0.489     1.589    XDMA/inst/xdma_v41_m1_pcie2_to_pcie3_wrapper_i/pcie2_ip_i/inst/inst/gt_top_i/pipe_wrapper_i/pipe_clock_int.pipe_clock_i/userclk1
    BUFGCTRL_X0Y0        BUFG (Prop_bufg_I_O)         0.026     1.615 r  XDMA/inst/xdma_v41_m1_pcie2_to_pcie3_wrapper_i/pcie2_ip_i/inst/inst/gt_top_i/pipe_wrapper_i/pipe_clock_int.pipe_clock_i/userclk1_i1.usrclk1_i1/O
                         net (fo=18985, routed)       0.564     2.179    XDMA/inst/udma_wrapper/dma_top/dma_enable.vul_dma/WR/gen_rdwr_loop[0].gen_rdwr_eng.RDWR_INST/user_clk
    SLICE_X11Y54         FDRE                                         r  XDMA/inst/udma_wrapper/dma_top/dma_enable.vul_dma/WR/gen_rdwr_loop[0].gen_rdwr_eng.RDWR_INST/rrq_dsc_wadr_902_reg[16]/C
  -------------------------------------------------------------------    -------------------
    SLICE_X11Y54         FDRE (Prop_fdre_C_Q)         0.141     2.320 r  XDMA/inst/udma_wrapper/dma_top/dma_enable.vul_dma/WR/gen_rdwr_loop[0].gen_rdwr_eng.RDWR_INST/rrq_dsc_wadr_902_reg[16]/Q
                         net (fo=1, routed)           0.165     2.484    XDMA/inst/udma_wrapper/dma_top/dma_enable.vul_dma/WR/gen_rdwr_loop[0].gen_rdwr_eng.RDWR_INST/rrq_dsc_wadr_902[16]
    RAMB36_X0Y11         RAMB36E1                                     r  XDMA/inst/udma_wrapper/dma_top/dma_enable.vul_dma/WR/gen_rdwr_loop[0].gen_rdwr_eng.RDWR_INST/rrq_wadr_nn1_reg/DIADI[16]
  -------------------------------------------------------------------    -------------------

                         (clock userclk1 rise edge)
                                                      0.000     0.000 r  
    GTPE2_CHANNEL_X0Y3   GTPE2_CHANNEL                0.000     0.000 r  XDMA/inst/xdma_v41_m1_pcie2_to_pcie3_wrapper_i/pcie2_ip_i/inst/inst/gt_top_i/pipe_wrapper_i/pipe_lane[0].gt_wrapper_i/gtp_channel.gtpe2_channel_i/TXOUTCLK
                         net (fo=1, routed)           0.509     0.509    XDMA/inst/xdma_v41_m1_pcie2_to_pcie3_wrapper_i/pcie2_ip_i/inst/inst/gt_top_i/pipe_wrapper_i/pipe_clock_int.pipe_clock_i/txoutclk_i.txoutclk_i_0
    BUFGCTRL_X0Y20       BUFG (Prop_bufg_I_O)         0.029     0.538 r  XDMA/inst/xdma_v41_m1_pcie2_to_pcie3_wrapper_i/pcie2_ip_i/inst/inst/gt_top_i/pipe_wrapper_i/pipe_clock_int.pipe_clock_i/txoutclk_i.txoutclk_i/O
                         net (fo=1, routed)           0.818     1.355    XDMA/inst/xdma_v41_m1_pcie2_to_pcie3_wrapper_i/pcie2_ip_i/inst/inst/gt_top_i/pipe_wrapper_i/pipe_clock_int.pipe_clock_i/refclk
    MMCME2_ADV_X0Y0      MMCME2_ADV (Prop_mmcme2_adv_CLKIN1_CLKOUT2)
                                                      0.053     1.408 r  XDMA/inst/xdma_v41_m1_pcie2_to_pcie3_wrapper_i/pcie2_ip_i/inst/inst/gt_top_i/pipe_wrapper_i/pipe_clock_int.pipe_clock_i/mmcm_i/CLKOUT2
                         net (fo=1, routed)           0.534     1.942    XDMA/inst/xdma_v41_m1_pcie2_to_pcie3_wrapper_i/pcie2_ip_i/inst/inst/gt_top_i/pipe_wrapper_i/pipe_clock_int.pipe_clock_i/userclk1
    BUFGCTRL_X0Y0        BUFG (Prop_bufg_I_O)         0.029     1.971 r  XDMA/inst/xdma_v41_m1_pcie2_to_pcie3_wrapper_i/pcie2_ip_i/inst/inst/gt_top_i/pipe_wrapper_i/pipe_clock_int.pipe_clock_i/userclk1_i1.usrclk1_i1/O
                         net (fo=18985, routed)       0.872     2.843    XDMA/inst/udma_wrapper/dma_top/dma_enable.vul_dma/WR/gen_rdwr_loop[0].gen_rdwr_eng.RDWR_INST/user_clk
    RAMB36_X0Y11         RAMB36E1                                     r  XDMA/inst/udma_wrapper/dma_top/dma_enable.vul_dma/WR/gen_rdwr_loop[0].gen_rdwr_eng.RDWR_INST/rrq_wadr_nn1_reg/CLKBWRCLK
                         clock pessimism             -0.590     2.253    
    RAMB36_X0Y11         RAMB36E1 (Hold_ramb36e1_CLKBWRCLK_DIADI[16])
                                                      0.155     2.408    XDMA/inst/udma_wrapper/dma_top/dma_enable.vul_dma/WR/gen_rdwr_loop[0].gen_rdwr_eng.RDWR_INST/rrq_wadr_nn1_reg
  -------------------------------------------------------------------
                         required time                         -2.408    
                         arrival time                           2.484    
  -------------------------------------------------------------------
                         slack                                  0.076    

Slack (MET) :             0.076ns  (arrival time - required time)
  Source:                 XDMA/inst/udma_wrapper/dma_top/dma_enable.vul_dma/WR/gen_rdwr_loop[0].gen_rdwr_eng.RDWR_INST/rrq_dsc_dadr_902_reg[37]/C
                            (rising edge-triggered cell FDRE clocked by userclk1  {rise@0.000ns fall@8.000ns period=16.000ns})
  Destination:            XDMA/inst/udma_wrapper/dma_top/dma_enable.vul_dma/WR/gen_rdwr_loop[0].gen_rdwr_eng.RDWR_INST/rrq_dadr_nn1_reg/DIBDI[5]
                            (rising edge-triggered cell RAMB36E1 clocked by userclk1  {rise@0.000ns fall@8.000ns period=16.000ns})
  Path Group:             userclk1
  Path Type:              Hold (Min at Fast Process Corner)
  Requirement:            0.000ns  (userclk1 rise@0.000ns - userclk1 rise@0.000ns)
  Data Path Delay:        0.307ns  (logic 0.141ns (45.932%)  route 0.166ns (54.068%))
  Logic Levels:           0  
  Clock Path Skew:        0.076ns (DCD - SCD - CPR)
    Destination Clock Delay (DCD):    2.841ns
    Source Clock Delay      (SCD):    2.176ns
    Clock Pessimism Removal (CPR):    0.590ns

    Location             Delay type                Incr(ns)  Path(ns)    Netlist Resource(s)
  -------------------------------------------------------------------    -------------------
                         (clock userclk1 rise edge)
                                                      0.000     0.000 r  
    GTPE2_CHANNEL_X0Y3   GTPE2_CHANNEL                0.000     0.000 r  XDMA/inst/xdma_v41_m1_pcie2_to_pcie3_wrapper_i/pcie2_ip_i/inst/inst/gt_top_i/pipe_wrapper_i/pipe_lane[0].gt_wrapper_i/gtp_channel.gtpe2_channel_i/TXOUTCLK
                         net (fo=1, routed)           0.473     0.473    XDMA/inst/xdma_v41_m1_pcie2_to_pcie3_wrapper_i/pcie2_ip_i/inst/inst/gt_top_i/pipe_wrapper_i/pipe_clock_int.pipe_clock_i/txoutclk_i.txoutclk_i_0
    BUFGCTRL_X0Y20       BUFG (Prop_bufg_I_O)         0.026     0.499 r  XDMA/inst/xdma_v41_m1_pcie2_to_pcie3_wrapper_i/pcie2_ip_i/inst/inst/gt_top_i/pipe_wrapper_i/pipe_clock_int.pipe_clock_i/txoutclk_i.txoutclk_i/O
                         net (fo=1, routed)           0.551     1.050    XDMA/inst/xdma_v41_m1_pcie2_to_pcie3_wrapper_i/pcie2_ip_i/inst/inst/gt_top_i/pipe_wrapper_i/pipe_clock_int.pipe_clock_i/refclk
    MMCME2_ADV_X0Y0      MMCME2_ADV (Prop_mmcme2_adv_CLKIN1_CLKOUT2)
                                                      0.050     1.100 r  XDMA/inst/xdma_v41_m1_pcie2_to_pcie3_wrapper_i/pcie2_ip_i/inst/inst/gt_top_i/pipe_wrapper_i/pipe_clock_int.pipe_clock_i/mmcm_i/CLKOUT2
                         net (fo=1, routed)           0.489     1.589    XDMA/inst/xdma_v41_m1_pcie2_to_pcie3_wrapper_i/pcie2_ip_i/inst/inst/gt_top_i/pipe_wrapper_i/pipe_clock_int.pipe_clock_i/userclk1
    BUFGCTRL_X0Y0        BUFG (Prop_bufg_I_O)         0.026     1.615 r  XDMA/inst/xdma_v41_m1_pcie2_to_pcie3_wrapper_i/pcie2_ip_i/inst/inst/gt_top_i/pipe_wrapper_i/pipe_clock_int.pipe_clock_i/userclk1_i1.usrclk1_i1/O
                         net (fo=18985, routed)       0.561     2.176    XDMA/inst/udma_wrapper/dma_top/dma_enable.vul_dma/WR/gen_rdwr_loop[0].gen_rdwr_eng.RDWR_INST/user_clk
    SLICE_X11Y62         FDRE                                         r  XDMA/inst/udma_wrapper/dma_top/dma_enable.vul_dma/WR/gen_rdwr_loop[0].gen_rdwr_eng.RDWR_INST/rrq_dsc_dadr_902_reg[37]/C
  -------------------------------------------------------------------    -------------------
    SLICE_X11Y62         FDRE (Prop_fdre_C_Q)         0.141     2.317 r  XDMA/inst/udma_wrapper/dma_top/dma_enable.vul_dma/WR/gen_rdwr_loop[0].gen_rdwr_eng.RDWR_INST/rrq_dsc_dadr_902_reg[37]/Q
                         net (fo=1, routed)           0.166     2.483    XDMA/inst/udma_wrapper/dma_top/dma_enable.vul_dma/WR/gen_rdwr_loop[0].gen_rdwr_eng.RDWR_INST/rrq_dsc_dadr_902[37]
    RAMB36_X0Y12         RAMB36E1                                     r  XDMA/inst/udma_wrapper/dma_top/dma_enable.vul_dma/WR/gen_rdwr_loop[0].gen_rdwr_eng.RDWR_INST/rrq_dadr_nn1_reg/DIBDI[5]
  -------------------------------------------------------------------    -------------------

                         (clock userclk1 rise edge)
                                                      0.000     0.000 r  
    GTPE2_CHANNEL_X0Y3   GTPE2_CHANNEL                0.000     0.000 r  XDMA/inst/xdma_v41_m1_pcie2_to_pcie3_wrapper_i/pcie2_ip_i/inst/inst/gt_top_i/pipe_wrapper_i/pipe_lane[0].gt_wrapper_i/gtp_channel.gtpe2_channel_i/TXOUTCLK
                         net (fo=1, routed)           0.509     0.509    XDMA/inst/xdma_v41_m1_pcie2_to_pcie3_wrapper_i/pcie2_ip_i/inst/inst/gt_top_i/pipe_wrapper_i/pipe_clock_int.pipe_clock_i/txoutclk_i.txoutclk_i_0
    BUFGCTRL_X0Y20       BUFG (Prop_bufg_I_O)         0.029     0.538 r  XDMA/inst/xdma_v41_m1_pcie2_to_pcie3_wrapper_i/pcie2_ip_i/inst/inst/gt_top_i/pipe_wrapper_i/pipe_clock_int.pipe_clock_i/txoutclk_i.txoutclk_i/O
                         net (fo=1, routed)           0.818     1.355    XDMA/inst/xdma_v41_m1_pcie2_to_pcie3_wrapper_i/pcie2_ip_i/inst/inst/gt_top_i/pipe_wrapper_i/pipe_clock_int.pipe_clock_i/refclk
    MMCME2_ADV_X0Y0      MMCME2_ADV (Prop_mmcme2_adv_CLKIN1_CLKOUT2)
                                                      0.053     1.408 r  XDMA/inst/xdma_v41_m1_pcie2_to_pcie3_wrapper_i/pcie2_ip_i/inst/inst/gt_top_i/pipe_wrapper_i/pipe_clock_int.pipe_clock_i/mmcm_i/CLKOUT2
                         net (fo=1, routed)           0.534     1.942    XDMA/inst/xdma_v41_m1_pcie2_to_pcie3_wrapper_i/pcie2_ip_i/inst/inst/gt_top_i/pipe_wrapper_i/pipe_clock_int.pipe_clock_i/userclk1
    BUFGCTRL_X0Y0        BUFG (Prop_bufg_I_O)         0.029     1.971 r  XDMA/inst/xdma_v41_m1_pcie2_to_pcie3_wrapper_i/pcie2_ip_i/inst/inst/gt_top_i/pipe_wrapper_i/pipe_clock_int.pipe_clock_i/userclk1_i1.usrclk1_i1/O
                         net (fo=18985, routed)       0.870     2.841    XDMA/inst/udma_wrapper/dma_top/dma_enable.vul_dma/WR/gen_rdwr_loop[0].gen_rdwr_eng.RDWR_INST/user_clk
    RAMB36_X0Y12         RAMB36E1                                     r  XDMA/inst/udma_wrapper/dma_top/dma_enable.vul_dma/WR/gen_rdwr_loop[0].gen_rdwr_eng.RDWR_INST/rrq_dadr_nn1_reg/CLKBWRCLK
                         clock pessimism             -0.590     2.251    
    RAMB36_X0Y12         RAMB36E1 (Hold_ramb36e1_CLKBWRCLK_DIBDI[5])
                                                      0.155     2.406    XDMA/inst/udma_wrapper/dma_top/dma_enable.vul_dma/WR/gen_rdwr_loop[0].gen_rdwr_eng.RDWR_INST/rrq_dadr_nn1_reg
  -------------------------------------------------------------------
                         required time                         -2.406    
                         arrival time                           2.483    
  -------------------------------------------------------------------
                         slack                                  0.076    

Slack (MET) :             0.076ns  (arrival time - required time)
  Source:                 XDMA/inst/udma_wrapper/dma_top/dma_enable.vul_dma/WR/gen_rdwr_loop[0].gen_rdwr_eng.RDWR_INST/rrq_dsc_wadr_902_reg[27]/C
                            (rising edge-triggered cell FDRE clocked by userclk1  {rise@0.000ns fall@8.000ns period=16.000ns})
  Destination:            XDMA/inst/udma_wrapper/dma_top/dma_enable.vul_dma/WR/gen_rdwr_loop[0].gen_rdwr_eng.RDWR_INST/rrq_wadr_nn1_reg/DIADI[27]
                            (rising edge-triggered cell RAMB36E1 clocked by userclk1  {rise@0.000ns fall@8.000ns period=16.000ns})
  Path Group:             userclk1
  Path Type:              Hold (Min at Fast Process Corner)
  Requirement:            0.000ns  (userclk1 rise@0.000ns - userclk1 rise@0.000ns)
  Data Path Delay:        0.307ns  (logic 0.141ns (45.932%)  route 0.166ns (54.068%))
  Logic Levels:           0  
  Clock Path Skew:        0.076ns (DCD - SCD - CPR)
    Destination Clock Delay (DCD):    2.843ns
    Source Clock Delay      (SCD):    2.178ns
    Clock Pessimism Removal (CPR):    0.590ns

    Location             Delay type                Incr(ns)  Path(ns)    Netlist Resource(s)
  -------------------------------------------------------------------    -------------------
                         (clock userclk1 rise edge)
                                                      0.000     0.000 r  
    GTPE2_CHANNEL_X0Y3   GTPE2_CHANNEL                0.000     0.000 r  XDMA/inst/xdma_v41_m1_pcie2_to_pcie3_wrapper_i/pcie2_ip_i/inst/inst/gt_top_i/pipe_wrapper_i/pipe_lane[0].gt_wrapper_i/gtp_channel.gtpe2_channel_i/TXOUTCLK
                         net (fo=1, routed)           0.473     0.473    XDMA/inst/xdma_v41_m1_pcie2_to_pcie3_wrapper_i/pcie2_ip_i/inst/inst/gt_top_i/pipe_wrapper_i/pipe_clock_int.pipe_clock_i/txoutclk_i.txoutclk_i_0
    BUFGCTRL_X0Y20       BUFG (Prop_bufg_I_O)         0.026     0.499 r  XDMA/inst/xdma_v41_m1_pcie2_to_pcie3_wrapper_i/pcie2_ip_i/inst/inst/gt_top_i/pipe_wrapper_i/pipe_clock_int.pipe_clock_i/txoutclk_i.txoutclk_i/O
                         net (fo=1, routed)           0.551     1.050    XDMA/inst/xdma_v41_m1_pcie2_to_pcie3_wrapper_i/pcie2_ip_i/inst/inst/gt_top_i/pipe_wrapper_i/pipe_clock_int.pipe_clock_i/refclk
    MMCME2_ADV_X0Y0      MMCME2_ADV (Prop_mmcme2_adv_CLKIN1_CLKOUT2)
                                                      0.050     1.100 r  XDMA/inst/xdma_v41_m1_pcie2_to_pcie3_wrapper_i/pcie2_ip_i/inst/inst/gt_top_i/pipe_wrapper_i/pipe_clock_int.pipe_clock_i/mmcm_i/CLKOUT2
                         net (fo=1, routed)           0.489     1.589    XDMA/inst/xdma_v41_m1_pcie2_to_pcie3_wrapper_i/pcie2_ip_i/inst/inst/gt_top_i/pipe_wrapper_i/pipe_clock_int.pipe_clock_i/userclk1
    BUFGCTRL_X0Y0        BUFG (Prop_bufg_I_O)         0.026     1.615 r  XDMA/inst/xdma_v41_m1_pcie2_to_pcie3_wrapper_i/pcie2_ip_i/inst/inst/gt_top_i/pipe_wrapper_i/pipe_clock_int.pipe_clock_i/userclk1_i1.usrclk1_i1/O
                         net (fo=18985, routed)       0.563     2.178    XDMA/inst/udma_wrapper/dma_top/dma_enable.vul_dma/WR/gen_rdwr_loop[0].gen_rdwr_eng.RDWR_INST/user_clk
    SLICE_X11Y58         FDRE                                         r  XDMA/inst/udma_wrapper/dma_top/dma_enable.vul_dma/WR/gen_rdwr_loop[0].gen_rdwr_eng.RDWR_INST/rrq_dsc_wadr_902_reg[27]/C
  -------------------------------------------------------------------    -------------------
    SLICE_X11Y58         FDRE (Prop_fdre_C_Q)         0.141     2.319 r  XDMA/inst/udma_wrapper/dma_top/dma_enable.vul_dma/WR/gen_rdwr_loop[0].gen_rdwr_eng.RDWR_INST/rrq_dsc_wadr_902_reg[27]/Q
                         net (fo=1, routed)           0.166     2.485    XDMA/inst/udma_wrapper/dma_top/dma_enable.vul_dma/WR/gen_rdwr_loop[0].gen_rdwr_eng.RDWR_INST/rrq_dsc_wadr_902[27]
    RAMB36_X0Y11         RAMB36E1                                     r  XDMA/inst/udma_wrapper/dma_top/dma_enable.vul_dma/WR/gen_rdwr_loop[0].gen_rdwr_eng.RDWR_INST/rrq_wadr_nn1_reg/DIADI[27]
  -------------------------------------------------------------------    -------------------

                         (clock userclk1 rise edge)
                                                      0.000     0.000 r  
    GTPE2_CHANNEL_X0Y3   GTPE2_CHANNEL                0.000     0.000 r  XDMA/inst/xdma_v41_m1_pcie2_to_pcie3_wrapper_i/pcie2_ip_i/inst/inst/gt_top_i/pipe_wrapper_i/pipe_lane[0].gt_wrapper_i/gtp_channel.gtpe2_channel_i/TXOUTCLK
                         net (fo=1, routed)           0.509     0.509    XDMA/inst/xdma_v41_m1_pcie2_to_pcie3_wrapper_i/pcie2_ip_i/inst/inst/gt_top_i/pipe_wrapper_i/pipe_clock_int.pipe_clock_i/txoutclk_i.txoutclk_i_0
    BUFGCTRL_X0Y20       BUFG (Prop_bufg_I_O)         0.029     0.538 r  XDMA/inst/xdma_v41_m1_pcie2_to_pcie3_wrapper_i/pcie2_ip_i/inst/inst/gt_top_i/pipe_wrapper_i/pipe_clock_int.pipe_clock_i/txoutclk_i.txoutclk_i/O
                         net (fo=1, routed)           0.818     1.355    XDMA/inst/xdma_v41_m1_pcie2_to_pcie3_wrapper_i/pcie2_ip_i/inst/inst/gt_top_i/pipe_wrapper_i/pipe_clock_int.pipe_clock_i/refclk
    MMCME2_ADV_X0Y0      MMCME2_ADV (Prop_mmcme2_adv_CLKIN1_CLKOUT2)
                                                      0.053     1.408 r  XDMA/inst/xdma_v41_m1_pcie2_to_pcie3_wrapper_i/pcie2_ip_i/inst/inst/gt_top_i/pipe_wrapper_i/pipe_clock_int.pipe_clock_i/mmcm_i/CLKOUT2
                         net (fo=1, routed)           0.534     1.942    XDMA/inst/xdma_v41_m1_pcie2_to_pcie3_wrapper_i/pcie2_ip_i/inst/inst/gt_top_i/pipe_wrapper_i/pipe_clock_int.pipe_clock_i/userclk1
    BUFGCTRL_X0Y0        BUFG (Prop_bufg_I_O)         0.029     1.971 r  XDMA/inst/xdma_v41_m1_pcie2_to_pcie3_wrapper_i/pcie2_ip_i/inst/inst/gt_top_i/pipe_wrapper_i/pipe_clock_int.pipe_clock_i/userclk1_i1.usrclk1_i1/O
                         net (fo=18985, routed)       0.872     2.843    XDMA/inst/udma_wrapper/dma_top/dma_enable.vul_dma/WR/gen_rdwr_loop[0].gen_rdwr_eng.RDWR_INST/user_clk
    RAMB36_X0Y11         RAMB36E1                                     r  XDMA/inst/udma_wrapper/dma_top/dma_enable.vul_dma/WR/gen_rdwr_loop[0].gen_rdwr_eng.RDWR_INST/rrq_wadr_nn1_reg/CLKBWRCLK
                         clock pessimism             -0.590     2.253    
    RAMB36_X0Y11         RAMB36E1 (Hold_ramb36e1_CLKBWRCLK_DIADI[27])
                                                      0.155     2.408    XDMA/inst/udma_wrapper/dma_top/dma_enable.vul_dma/WR/gen_rdwr_loop[0].gen_rdwr_eng.RDWR_INST/rrq_wadr_nn1_reg
  -------------------------------------------------------------------
                         required time                         -2.408    
                         arrival time                           2.485    
  -------------------------------------------------------------------
                         slack                                  0.076    

Slack (MET) :             0.076ns  (arrival time - required time)
  Source:                 XDMA/inst/udma_wrapper/dma_top/dma_pcie_req/dma_pcie_rq/tlp_rrq_chn_ff_reg[0][0]/C
                            (rising edge-triggered cell FDRE clocked by userclk1  {rise@0.000ns fall@8.000ns period=16.000ns})
  Destination:            XDMA/inst/udma_wrapper/dma_top/dma_pcie_req/dma_pcie_rc/tag_rrq_chn_info_mem_even_reg_0_31_6_11/RAMA/I
                            (rising edge-triggered cell RAMD32 clocked by userclk1  {rise@0.000ns fall@8.000ns period=16.000ns})
  Path Group:             userclk1
  Path Type:              Hold (Min at Fast Process Corner)
  Requirement:            0.000ns  (userclk1 rise@0.000ns - userclk1 rise@0.000ns)
  Data Path Delay:        0.239ns  (logic 0.141ns (58.888%)  route 0.098ns (41.112%))
  Logic Levels:           0  
  Clock Path Skew:        0.016ns (DCD - SCD - CPR)
    Destination Clock Delay (DCD):    2.886ns
    Source Clock Delay      (SCD):    2.257ns
    Clock Pessimism Removal (CPR):    0.613ns

    Location             Delay type                Incr(ns)  Path(ns)    Netlist Resource(s)
  -------------------------------------------------------------------    -------------------
                         (clock userclk1 rise edge)
                                                      0.000     0.000 r  
    GTPE2_CHANNEL_X0Y3   GTPE2_CHANNEL                0.000     0.000 r  XDMA/inst/xdma_v41_m1_pcie2_to_pcie3_wrapper_i/pcie2_ip_i/inst/inst/gt_top_i/pipe_wrapper_i/pipe_lane[0].gt_wrapper_i/gtp_channel.gtpe2_channel_i/TXOUTCLK
                         net (fo=1, routed)           0.473     0.473    XDMA/inst/xdma_v41_m1_pcie2_to_pcie3_wrapper_i/pcie2_ip_i/inst/inst/gt_top_i/pipe_wrapper_i/pipe_clock_int.pipe_clock_i/txoutclk_i.txoutclk_i_0
    BUFGCTRL_X0Y20       BUFG (Prop_bufg_I_O)         0.026     0.499 r  XDMA/inst/xdma_v41_m1_pcie2_to_pcie3_wrapper_i/pcie2_ip_i/inst/inst/gt_top_i/pipe_wrapper_i/pipe_clock_int.pipe_clock_i/txoutclk_i.txoutclk_i/O
                         net (fo=1, routed)           0.551     1.050    XDMA/inst/xdma_v41_m1_pcie2_to_pcie3_wrapper_i/pcie2_ip_i/inst/inst/gt_top_i/pipe_wrapper_i/pipe_clock_int.pipe_clock_i/refclk
    MMCME2_ADV_X0Y0      MMCME2_ADV (Prop_mmcme2_adv_CLKIN1_CLKOUT2)
                                                      0.050     1.100 r  XDMA/inst/xdma_v41_m1_pcie2_to_pcie3_wrapper_i/pcie2_ip_i/inst/inst/gt_top_i/pipe_wrapper_i/pipe_clock_int.pipe_clock_i/mmcm_i/CLKOUT2
                         net (fo=1, routed)           0.489     1.589    XDMA/inst/xdma_v41_m1_pcie2_to_pcie3_wrapper_i/pcie2_ip_i/inst/inst/gt_top_i/pipe_wrapper_i/pipe_clock_int.pipe_clock_i/userclk1
    BUFGCTRL_X0Y0        BUFG (Prop_bufg_I_O)         0.026     1.615 r  XDMA/inst/xdma_v41_m1_pcie2_to_pcie3_wrapper_i/pcie2_ip_i/inst/inst/gt_top_i/pipe_wrapper_i/pipe_clock_int.pipe_clock_i/userclk1_i1.usrclk1_i1/O
                         net (fo=18985, routed)       0.642     2.257    XDMA/inst/udma_wrapper/dma_top/dma_pcie_req/dma_pcie_rq/user_clk
    SLICE_X33Y107        FDRE                                         r  XDMA/inst/udma_wrapper/dma_top/dma_pcie_req/dma_pcie_rq/tlp_rrq_chn_ff_reg[0][0]/C
  -------------------------------------------------------------------    -------------------
    SLICE_X33Y107        FDRE (Prop_fdre_C_Q)         0.141     2.398 r  XDMA/inst/udma_wrapper/dma_top/dma_pcie_req/dma_pcie_rq/tlp_rrq_chn_ff_reg[0][0]/Q
                         net (fo=1, routed)           0.098     2.497    XDMA/inst/udma_wrapper/dma_top/dma_pcie_req/dma_pcie_rc/tag_rrq_chn_info_mem_even_reg_0_31_6_11/DIA0
    SLICE_X30Y107        RAMD32                                       r  XDMA/inst/udma_wrapper/dma_top/dma_pcie_req/dma_pcie_rc/tag_rrq_chn_info_mem_even_reg_0_31_6_11/RAMA/I
  -------------------------------------------------------------------    -------------------

                         (clock userclk1 rise edge)
                                                      0.000     0.000 r  
    GTPE2_CHANNEL_X0Y3   GTPE2_CHANNEL                0.000     0.000 r  XDMA/inst/xdma_v41_m1_pcie2_to_pcie3_wrapper_i/pcie2_ip_i/inst/inst/gt_top_i/pipe_wrapper_i/pipe_lane[0].gt_wrapper_i/gtp_channel.gtpe2_channel_i/TXOUTCLK
                         net (fo=1, routed)           0.509     0.509    XDMA/inst/xdma_v41_m1_pcie2_to_pcie3_wrapper_i/pcie2_ip_i/inst/inst/gt_top_i/pipe_wrapper_i/pipe_clock_int.pipe_clock_i/txoutclk_i.txoutclk_i_0
    BUFGCTRL_X0Y20       BUFG (Prop_bufg_I_O)         0.029     0.538 r  XDMA/inst/xdma_v41_m1_pcie2_to_pcie3_wrapper_i/pcie2_ip_i/inst/inst/gt_top_i/pipe_wrapper_i/pipe_clock_int.pipe_clock_i/txoutclk_i.txoutclk_i/O
                         net (fo=1, routed)           0.818     1.355    XDMA/inst/xdma_v41_m1_pcie2_to_pcie3_wrapper_i/pcie2_ip_i/inst/inst/gt_top_i/pipe_wrapper_i/pipe_clock_int.pipe_clock_i/refclk
    MMCME2_ADV_X0Y0      MMCME2_ADV (Prop_mmcme2_adv_CLKIN1_CLKOUT2)
                                                      0.053     1.408 r  XDMA/inst/xdma_v41_m1_pcie2_to_pcie3_wrapper_i/pcie2_ip_i/inst/inst/gt_top_i/pipe_wrapper_i/pipe_clock_int.pipe_clock_i/mmcm_i/CLKOUT2
                         net (fo=1, routed)           0.534     1.942    XDMA/inst/xdma_v41_m1_pcie2_to_pcie3_wrapper_i/pcie2_ip_i/inst/inst/gt_top_i/pipe_wrapper_i/pipe_clock_int.pipe_clock_i/userclk1
    BUFGCTRL_X0Y0        BUFG (Prop_bufg_I_O)         0.029     1.971 r  XDMA/inst/xdma_v41_m1_pcie2_to_pcie3_wrapper_i/pcie2_ip_i/inst/inst/gt_top_i/pipe_wrapper_i/pipe_clock_int.pipe_clock_i/userclk1_i1.usrclk1_i1/O
                         net (fo=18985, routed)       0.915     2.886    XDMA/inst/udma_wrapper/dma_top/dma_pcie_req/dma_pcie_rc/tag_rrq_chn_info_mem_even_reg_0_31_6_11/WCLK
    SLICE_X30Y107        RAMD32                                       r  XDMA/inst/udma_wrapper/dma_top/dma_pcie_req/dma_pcie_rc/tag_rrq_chn_info_mem_even_reg_0_31_6_11/RAMA/CLK
                         clock pessimism             -0.613     2.273    
    SLICE_X30Y107        RAMD32 (Hold_ramd32_CLK_I)
                                                      0.147     2.420    XDMA/inst/udma_wrapper/dma_top/dma_pcie_req/dma_pcie_rc/tag_rrq_chn_info_mem_even_reg_0_31_6_11/RAMA
  -------------------------------------------------------------------
                         required time                         -2.420    
                         arrival time                           2.497    
  -------------------------------------------------------------------
                         slack                                  0.076    

Slack (MET) :             0.077ns  (arrival time - required time)
  Source:                 XDMA/inst/udma_wrapper/dma_top/dma_pcie_req/dma_pcie_rq/rreq_head_info_ff_reg[0][adr][28]/C
                            (rising edge-triggered cell FDRE clocked by userclk1  {rise@0.000ns fall@8.000ns period=16.000ns})
  Destination:            XDMA/inst/udma_wrapper/dma_top/dma_pcie_req/dma_pcie_rq/m_axis_rq_thead_d_ff_reg[0][28]/D
                            (rising edge-triggered cell FDRE clocked by userclk1  {rise@0.000ns fall@8.000ns period=16.000ns})
  Path Group:             userclk1
  Path Type:              Hold (Min at Fast Process Corner)
  Requirement:            0.000ns  (userclk1 rise@0.000ns - userclk1 rise@0.000ns)
  Data Path Delay:        0.433ns  (logic 0.209ns (48.278%)  route 0.224ns (51.722%))
  Logic Levels:           1  (LUT4=1)
  Clock Path Skew:        0.265ns (DCD - SCD - CPR)
    Destination Clock Delay (DCD):    2.799ns
    Source Clock Delay      (SCD):    2.174ns
    Clock Pessimism Removal (CPR):    0.361ns

    Location             Delay type                Incr(ns)  Path(ns)    Netlist Resource(s)
  -------------------------------------------------------------------    -------------------
                         (clock userclk1 rise edge)
                                                      0.000     0.000 r  
    GTPE2_CHANNEL_X0Y3   GTPE2_CHANNEL                0.000     0.000 r  XDMA/inst/xdma_v41_m1_pcie2_to_pcie3_wrapper_i/pcie2_ip_i/inst/inst/gt_top_i/pipe_wrapper_i/pipe_lane[0].gt_wrapper_i/gtp_channel.gtpe2_channel_i/TXOUTCLK
                         net (fo=1, routed)           0.473     0.473    XDMA/inst/xdma_v41_m1_pcie2_to_pcie3_wrapper_i/pcie2_ip_i/inst/inst/gt_top_i/pipe_wrapper_i/pipe_clock_int.pipe_clock_i/txoutclk_i.txoutclk_i_0
    BUFGCTRL_X0Y20       BUFG (Prop_bufg_I_O)         0.026     0.499 r  XDMA/inst/xdma_v41_m1_pcie2_to_pcie3_wrapper_i/pcie2_ip_i/inst/inst/gt_top_i/pipe_wrapper_i/pipe_clock_int.pipe_clock_i/txoutclk_i.txoutclk_i/O
                         net (fo=1, routed)           0.551     1.050    XDMA/inst/xdma_v41_m1_pcie2_to_pcie3_wrapper_i/pcie2_ip_i/inst/inst/gt_top_i/pipe_wrapper_i/pipe_clock_int.pipe_clock_i/refclk
    MMCME2_ADV_X0Y0      MMCME2_ADV (Prop_mmcme2_adv_CLKIN1_CLKOUT2)
                                                      0.050     1.100 r  XDMA/inst/xdma_v41_m1_pcie2_to_pcie3_wrapper_i/pcie2_ip_i/inst/inst/gt_top_i/pipe_wrapper_i/pipe_clock_int.pipe_clock_i/mmcm_i/CLKOUT2
                         net (fo=1, routed)           0.489     1.589    XDMA/inst/xdma_v41_m1_pcie2_to_pcie3_wrapper_i/pcie2_ip_i/inst/inst/gt_top_i/pipe_wrapper_i/pipe_clock_int.pipe_clock_i/userclk1
    BUFGCTRL_X0Y0        BUFG (Prop_bufg_I_O)         0.026     1.615 r  XDMA/inst/xdma_v41_m1_pcie2_to_pcie3_wrapper_i/pcie2_ip_i/inst/inst/gt_top_i/pipe_wrapper_i/pipe_clock_int.pipe_clock_i/userclk1_i1.usrclk1_i1/O
                         net (fo=18985, routed)       0.559     2.174    XDMA/inst/udma_wrapper/dma_top/dma_pcie_req/dma_pcie_rq/user_clk
    SLICE_X34Y92         FDRE                                         r  XDMA/inst/udma_wrapper/dma_top/dma_pcie_req/dma_pcie_rq/rreq_head_info_ff_reg[0][adr][28]/C
  -------------------------------------------------------------------    -------------------
    SLICE_X34Y92         FDRE (Prop_fdre_C_Q)         0.164     2.338 r  XDMA/inst/udma_wrapper/dma_top/dma_pcie_req/dma_pcie_rq/rreq_head_info_ff_reg[0][adr][28]/Q
                         net (fo=1, routed)           0.224     2.562    XDMA/inst/udma_wrapper/dma_top/dma_pcie_req/dma_pcie_rq/RQ_FIFO/m_axis_rq_thead_d_ff_reg[0][63]_0[24]
    SLICE_X36Y92         LUT4 (Prop_lut4_I3_O)        0.045     2.607 r  XDMA/inst/udma_wrapper/dma_top/dma_pcie_req/dma_pcie_rq/RQ_FIFO/m_axis_rq_thead_d_ff[0][28]_i_1/O
                         net (fo=1, routed)           0.000     2.607    XDMA/inst/udma_wrapper/dma_top/dma_pcie_req/dma_pcie_rq/RQ_FIFO_n_55
    SLICE_X36Y92         FDRE                                         r  XDMA/inst/udma_wrapper/dma_top/dma_pcie_req/dma_pcie_rq/m_axis_rq_thead_d_ff_reg[0][28]/D
  -------------------------------------------------------------------    -------------------

                         (clock userclk1 rise edge)
                                                      0.000     0.000 r  
    GTPE2_CHANNEL_X0Y3   GTPE2_CHANNEL                0.000     0.000 r  XDMA/inst/xdma_v41_m1_pcie2_to_pcie3_wrapper_i/pcie2_ip_i/inst/inst/gt_top_i/pipe_wrapper_i/pipe_lane[0].gt_wrapper_i/gtp_channel.gtpe2_channel_i/TXOUTCLK
                         net (fo=1, routed)           0.509     0.509    XDMA/inst/xdma_v41_m1_pcie2_to_pcie3_wrapper_i/pcie2_ip_i/inst/inst/gt_top_i/pipe_wrapper_i/pipe_clock_int.pipe_clock_i/txoutclk_i.txoutclk_i_0
    BUFGCTRL_X0Y20       BUFG (Prop_bufg_I_O)         0.029     0.538 r  XDMA/inst/xdma_v41_m1_pcie2_to_pcie3_wrapper_i/pcie2_ip_i/inst/inst/gt_top_i/pipe_wrapper_i/pipe_clock_int.pipe_clock_i/txoutclk_i.txoutclk_i/O
                         net (fo=1, routed)           0.818     1.355    XDMA/inst/xdma_v41_m1_pcie2_to_pcie3_wrapper_i/pcie2_ip_i/inst/inst/gt_top_i/pipe_wrapper_i/pipe_clock_int.pipe_clock_i/refclk
    MMCME2_ADV_X0Y0      MMCME2_ADV (Prop_mmcme2_adv_CLKIN1_CLKOUT2)
                                                      0.053     1.408 r  XDMA/inst/xdma_v41_m1_pcie2_to_pcie3_wrapper_i/pcie2_ip_i/inst/inst/gt_top_i/pipe_wrapper_i/pipe_clock_int.pipe_clock_i/mmcm_i/CLKOUT2
                         net (fo=1, routed)           0.534     1.942    XDMA/inst/xdma_v41_m1_pcie2_to_pcie3_wrapper_i/pcie2_ip_i/inst/inst/gt_top_i/pipe_wrapper_i/pipe_clock_int.pipe_clock_i/userclk1
    BUFGCTRL_X0Y0        BUFG (Prop_bufg_I_O)         0.029     1.971 r  XDMA/inst/xdma_v41_m1_pcie2_to_pcie3_wrapper_i/pcie2_ip_i/inst/inst/gt_top_i/pipe_wrapper_i/pipe_clock_int.pipe_clock_i/userclk1_i1.usrclk1_i1/O
                         net (fo=18985, routed)       0.828     2.799    XDMA/inst/udma_wrapper/dma_top/dma_pcie_req/dma_pcie_rq/user_clk
    SLICE_X36Y92         FDRE                                         r  XDMA/inst/udma_wrapper/dma_top/dma_pcie_req/dma_pcie_rq/m_axis_rq_thead_d_ff_reg[0][28]/C
                         clock pessimism             -0.361     2.438    
    SLICE_X36Y92         FDRE (Hold_fdre_C_D)         0.091     2.530    XDMA/inst/udma_wrapper/dma_top/dma_pcie_req/dma_pcie_rq/m_axis_rq_thead_d_ff_reg[0][28]
  -------------------------------------------------------------------
                         required time                         -2.530    
                         arrival time                           2.607    
  -------------------------------------------------------------------
                         slack                                  0.077    

Slack (MET) :             0.077ns  (arrival time - required time)
  Source:                 XDMA/inst/udma_wrapper/dma_top/dma_enable.vul_dma/WR/gen_rdwr_loop[0].gen_rdwr_eng.RDWR_INST/rcp_rid_100_reg[3]/C
                            (rising edge-triggered cell FDRE clocked by userclk1  {rise@0.000ns fall@8.000ns period=16.000ns})
  Destination:            XDMA/inst/udma_wrapper/dma_top/dma_enable.vul_dma/WR/gen_rdwr_loop[0].gen_rdwr_eng.RDWR_INST/rcp_rcv_amt_101_reg_0_15_24_24/DP/WADR3
                            (rising edge-triggered cell RAMD32 clocked by userclk1  {rise@0.000ns fall@8.000ns period=16.000ns})
  Path Group:             userclk1
  Path Type:              Hold (Min at Fast Process Corner)
  Requirement:            0.000ns  (userclk1 rise@0.000ns - userclk1 rise@0.000ns)
  Data Path Delay:        0.355ns  (logic 0.141ns (39.685%)  route 0.214ns (60.315%))
  Logic Levels:           0  
  Clock Path Skew:        0.038ns (DCD - SCD - CPR)
    Destination Clock Delay (DCD):    2.829ns
    Source Clock Delay      (SCD):    2.202ns
    Clock Pessimism Removal (CPR):    0.590ns

    Location             Delay type                Incr(ns)  Path(ns)    Netlist Resource(s)
  -------------------------------------------------------------------    -------------------
                         (clock userclk1 rise edge)
                                                      0.000     0.000 r  
    GTPE2_CHANNEL_X0Y3   GTPE2_CHANNEL                0.000     0.000 r  XDMA/inst/xdma_v41_m1_pcie2_to_pcie3_wrapper_i/pcie2_ip_i/inst/inst/gt_top_i/pipe_wrapper_i/pipe_lane[0].gt_wrapper_i/gtp_channel.gtpe2_channel_i/TXOUTCLK
                         net (fo=1, routed)           0.473     0.473    XDMA/inst/xdma_v41_m1_pcie2_to_pcie3_wrapper_i/pcie2_ip_i/inst/inst/gt_top_i/pipe_wrapper_i/pipe_clock_int.pipe_clock_i/txoutclk_i.txoutclk_i_0
    BUFGCTRL_X0Y20       BUFG (Prop_bufg_I_O)         0.026     0.499 r  XDMA/inst/xdma_v41_m1_pcie2_to_pcie3_wrapper_i/pcie2_ip_i/inst/inst/gt_top_i/pipe_wrapper_i/pipe_clock_int.pipe_clock_i/txoutclk_i.txoutclk_i/O
                         net (fo=1, routed)           0.551     1.050    XDMA/inst/xdma_v41_m1_pcie2_to_pcie3_wrapper_i/pcie2_ip_i/inst/inst/gt_top_i/pipe_wrapper_i/pipe_clock_int.pipe_clock_i/refclk
    MMCME2_ADV_X0Y0      MMCME2_ADV (Prop_mmcme2_adv_CLKIN1_CLKOUT2)
                                                      0.050     1.100 r  XDMA/inst/xdma_v41_m1_pcie2_to_pcie3_wrapper_i/pcie2_ip_i/inst/inst/gt_top_i/pipe_wrapper_i/pipe_clock_int.pipe_clock_i/mmcm_i/CLKOUT2
                         net (fo=1, routed)           0.489     1.589    XDMA/inst/xdma_v41_m1_pcie2_to_pcie3_wrapper_i/pcie2_ip_i/inst/inst/gt_top_i/pipe_wrapper_i/pipe_clock_int.pipe_clock_i/userclk1
    BUFGCTRL_X0Y0        BUFG (Prop_bufg_I_O)         0.026     1.615 r  XDMA/inst/xdma_v41_m1_pcie2_to_pcie3_wrapper_i/pcie2_ip_i/inst/inst/gt_top_i/pipe_wrapper_i/pipe_clock_int.pipe_clock_i/userclk1_i1.usrclk1_i1/O
                         net (fo=18985, routed)       0.587     2.202    XDMA/inst/udma_wrapper/dma_top/dma_enable.vul_dma/WR/gen_rdwr_loop[0].gen_rdwr_eng.RDWR_INST/user_clk
    SLICE_X5Y63          FDRE                                         r  XDMA/inst/udma_wrapper/dma_top/dma_enable.vul_dma/WR/gen_rdwr_loop[0].gen_rdwr_eng.RDWR_INST/rcp_rid_100_reg[3]/C
  -------------------------------------------------------------------    -------------------
    SLICE_X5Y63          FDRE (Prop_fdre_C_Q)         0.141     2.343 r  XDMA/inst/udma_wrapper/dma_top/dma_enable.vul_dma/WR/gen_rdwr_loop[0].gen_rdwr_eng.RDWR_INST/rcp_rid_100_reg[3]/Q
                         net (fo=95, routed)          0.214     2.557    XDMA/inst/udma_wrapper/dma_top/dma_enable.vul_dma/WR/gen_rdwr_loop[0].gen_rdwr_eng.RDWR_INST/rcp_rcv_amt_101_reg_0_15_24_24/A3
    SLICE_X2Y63          RAMD32                                       r  XDMA/inst/udma_wrapper/dma_top/dma_enable.vul_dma/WR/gen_rdwr_loop[0].gen_rdwr_eng.RDWR_INST/rcp_rcv_amt_101_reg_0_15_24_24/DP/WADR3
  -------------------------------------------------------------------    -------------------

                         (clock userclk1 rise edge)
                                                      0.000     0.000 r  
    GTPE2_CHANNEL_X0Y3   GTPE2_CHANNEL                0.000     0.000 r  XDMA/inst/xdma_v41_m1_pcie2_to_pcie3_wrapper_i/pcie2_ip_i/inst/inst/gt_top_i/pipe_wrapper_i/pipe_lane[0].gt_wrapper_i/gtp_channel.gtpe2_channel_i/TXOUTCLK
                         net (fo=1, routed)           0.509     0.509    XDMA/inst/xdma_v41_m1_pcie2_to_pcie3_wrapper_i/pcie2_ip_i/inst/inst/gt_top_i/pipe_wrapper_i/pipe_clock_int.pipe_clock_i/txoutclk_i.txoutclk_i_0
    BUFGCTRL_X0Y20       BUFG (Prop_bufg_I_O)         0.029     0.538 r  XDMA/inst/xdma_v41_m1_pcie2_to_pcie3_wrapper_i/pcie2_ip_i/inst/inst/gt_top_i/pipe_wrapper_i/pipe_clock_int.pipe_clock_i/txoutclk_i.txoutclk_i/O
                         net (fo=1, routed)           0.818     1.355    XDMA/inst/xdma_v41_m1_pcie2_to_pcie3_wrapper_i/pcie2_ip_i/inst/inst/gt_top_i/pipe_wrapper_i/pipe_clock_int.pipe_clock_i/refclk
    MMCME2_ADV_X0Y0      MMCME2_ADV (Prop_mmcme2_adv_CLKIN1_CLKOUT2)
                                                      0.053     1.408 r  XDMA/inst/xdma_v41_m1_pcie2_to_pcie3_wrapper_i/pcie2_ip_i/inst/inst/gt_top_i/pipe_wrapper_i/pipe_clock_int.pipe_clock_i/mmcm_i/CLKOUT2
                         net (fo=1, routed)           0.534     1.942    XDMA/inst/xdma_v41_m1_pcie2_to_pcie3_wrapper_i/pcie2_ip_i/inst/inst/gt_top_i/pipe_wrapper_i/pipe_clock_int.pipe_clock_i/userclk1
    BUFGCTRL_X0Y0        BUFG (Prop_bufg_I_O)         0.029     1.971 r  XDMA/inst/xdma_v41_m1_pcie2_to_pcie3_wrapper_i/pcie2_ip_i/inst/inst/gt_top_i/pipe_wrapper_i/pipe_clock_int.pipe_clock_i/userclk1_i1.usrclk1_i1/O
                         net (fo=18985, routed)       0.858     2.829    XDMA/inst/udma_wrapper/dma_top/dma_enable.vul_dma/WR/gen_rdwr_loop[0].gen_rdwr_eng.RDWR_INST/rcp_rcv_amt_101_reg_0_15_24_24/WCLK
    SLICE_X2Y63          RAMD32                                       r  XDMA/inst/udma_wrapper/dma_top/dma_enable.vul_dma/WR/gen_rdwr_loop[0].gen_rdwr_eng.RDWR_INST/rcp_rcv_amt_101_reg_0_15_24_24/DP/CLK
                         clock pessimism             -0.590     2.240    
    SLICE_X2Y63          RAMD32 (Hold_ramd32_CLK_WADR3)
                                                      0.240     2.480    XDMA/inst/udma_wrapper/dma_top/dma_enable.vul_dma/WR/gen_rdwr_loop[0].gen_rdwr_eng.RDWR_INST/rcp_rcv_amt_101_reg_0_15_24_24/DP
  -------------------------------------------------------------------
                         required time                         -2.480    
                         arrival time                           2.557    
  -------------------------------------------------------------------
                         slack                                  0.077    

Slack (MET) :             0.077ns  (arrival time - required time)
  Source:                 XDMA/inst/udma_wrapper/dma_top/dma_enable.vul_dma/WR/gen_rdwr_loop[0].gen_rdwr_eng.RDWR_INST/rcp_rid_100_reg[3]/C
                            (rising edge-triggered cell FDRE clocked by userclk1  {rise@0.000ns fall@8.000ns period=16.000ns})
  Destination:            XDMA/inst/udma_wrapper/dma_top/dma_enable.vul_dma/WR/gen_rdwr_loop[0].gen_rdwr_eng.RDWR_INST/rcp_rcv_amt_101_reg_0_15_24_24/SP/WADR3
                            (rising edge-triggered cell RAMD32 clocked by userclk1  {rise@0.000ns fall@8.000ns period=16.000ns})
  Path Group:             userclk1
  Path Type:              Hold (Min at Fast Process Corner)
  Requirement:            0.000ns  (userclk1 rise@0.000ns - userclk1 rise@0.000ns)
  Data Path Delay:        0.355ns  (logic 0.141ns (39.685%)  route 0.214ns (60.315%))
  Logic Levels:           0  
  Clock Path Skew:        0.038ns (DCD - SCD - CPR)
    Destination Clock Delay (DCD):    2.829ns
    Source Clock Delay      (SCD):    2.202ns
    Clock Pessimism Removal (CPR):    0.590ns

    Location             Delay type                Incr(ns)  Path(ns)    Netlist Resource(s)
  -------------------------------------------------------------------    -------------------
                         (clock userclk1 rise edge)
                                                      0.000     0.000 r  
    GTPE2_CHANNEL_X0Y3   GTPE2_CHANNEL                0.000     0.000 r  XDMA/inst/xdma_v41_m1_pcie2_to_pcie3_wrapper_i/pcie2_ip_i/inst/inst/gt_top_i/pipe_wrapper_i/pipe_lane[0].gt_wrapper_i/gtp_channel.gtpe2_channel_i/TXOUTCLK
                         net (fo=1, routed)           0.473     0.473    XDMA/inst/xdma_v41_m1_pcie2_to_pcie3_wrapper_i/pcie2_ip_i/inst/inst/gt_top_i/pipe_wrapper_i/pipe_clock_int.pipe_clock_i/txoutclk_i.txoutclk_i_0
    BUFGCTRL_X0Y20       BUFG (Prop_bufg_I_O)         0.026     0.499 r  XDMA/inst/xdma_v41_m1_pcie2_to_pcie3_wrapper_i/pcie2_ip_i/inst/inst/gt_top_i/pipe_wrapper_i/pipe_clock_int.pipe_clock_i/txoutclk_i.txoutclk_i/O
                         net (fo=1, routed)           0.551     1.050    XDMA/inst/xdma_v41_m1_pcie2_to_pcie3_wrapper_i/pcie2_ip_i/inst/inst/gt_top_i/pipe_wrapper_i/pipe_clock_int.pipe_clock_i/refclk
    MMCME2_ADV_X0Y0      MMCME2_ADV (Prop_mmcme2_adv_CLKIN1_CLKOUT2)
                                                      0.050     1.100 r  XDMA/inst/xdma_v41_m1_pcie2_to_pcie3_wrapper_i/pcie2_ip_i/inst/inst/gt_top_i/pipe_wrapper_i/pipe_clock_int.pipe_clock_i/mmcm_i/CLKOUT2
                         net (fo=1, routed)           0.489     1.589    XDMA/inst/xdma_v41_m1_pcie2_to_pcie3_wrapper_i/pcie2_ip_i/inst/inst/gt_top_i/pipe_wrapper_i/pipe_clock_int.pipe_clock_i/userclk1
    BUFGCTRL_X0Y0        BUFG (Prop_bufg_I_O)         0.026     1.615 r  XDMA/inst/xdma_v41_m1_pcie2_to_pcie3_wrapper_i/pcie2_ip_i/inst/inst/gt_top_i/pipe_wrapper_i/pipe_clock_int.pipe_clock_i/userclk1_i1.usrclk1_i1/O
                         net (fo=18985, routed)       0.587     2.202    XDMA/inst/udma_wrapper/dma_top/dma_enable.vul_dma/WR/gen_rdwr_loop[0].gen_rdwr_eng.RDWR_INST/user_clk
    SLICE_X5Y63          FDRE                                         r  XDMA/inst/udma_wrapper/dma_top/dma_enable.vul_dma/WR/gen_rdwr_loop[0].gen_rdwr_eng.RDWR_INST/rcp_rid_100_reg[3]/C
  -------------------------------------------------------------------    -------------------
    SLICE_X5Y63          FDRE (Prop_fdre_C_Q)         0.141     2.343 r  XDMA/inst/udma_wrapper/dma_top/dma_enable.vul_dma/WR/gen_rdwr_loop[0].gen_rdwr_eng.RDWR_INST/rcp_rid_100_reg[3]/Q
                         net (fo=95, routed)          0.214     2.557    XDMA/inst/udma_wrapper/dma_top/dma_enable.vul_dma/WR/gen_rdwr_loop[0].gen_rdwr_eng.RDWR_INST/rcp_rcv_amt_101_reg_0_15_24_24/A3
    SLICE_X2Y63          RAMD32                                       r  XDMA/inst/udma_wrapper/dma_top/dma_enable.vul_dma/WR/gen_rdwr_loop[0].gen_rdwr_eng.RDWR_INST/rcp_rcv_amt_101_reg_0_15_24_24/SP/WADR3
  -------------------------------------------------------------------    -------------------

                         (clock userclk1 rise edge)
                                                      0.000     0.000 r  
    GTPE2_CHANNEL_X0Y3   GTPE2_CHANNEL                0.000     0.000 r  XDMA/inst/xdma_v41_m1_pcie2_to_pcie3_wrapper_i/pcie2_ip_i/inst/inst/gt_top_i/pipe_wrapper_i/pipe_lane[0].gt_wrapper_i/gtp_channel.gtpe2_channel_i/TXOUTCLK
                         net (fo=1, routed)           0.509     0.509    XDMA/inst/xdma_v41_m1_pcie2_to_pcie3_wrapper_i/pcie2_ip_i/inst/inst/gt_top_i/pipe_wrapper_i/pipe_clock_int.pipe_clock_i/txoutclk_i.txoutclk_i_0
    BUFGCTRL_X0Y20       BUFG (Prop_bufg_I_O)         0.029     0.538 r  XDMA/inst/xdma_v41_m1_pcie2_to_pcie3_wrapper_i/pcie2_ip_i/inst/inst/gt_top_i/pipe_wrapper_i/pipe_clock_int.pipe_clock_i/txoutclk_i.txoutclk_i/O
                         net (fo=1, routed)           0.818     1.355    XDMA/inst/xdma_v41_m1_pcie2_to_pcie3_wrapper_i/pcie2_ip_i/inst/inst/gt_top_i/pipe_wrapper_i/pipe_clock_int.pipe_clock_i/refclk
    MMCME2_ADV_X0Y0      MMCME2_ADV (Prop_mmcme2_adv_CLKIN1_CLKOUT2)
                                                      0.053     1.408 r  XDMA/inst/xdma_v41_m1_pcie2_to_pcie3_wrapper_i/pcie2_ip_i/inst/inst/gt_top_i/pipe_wrapper_i/pipe_clock_int.pipe_clock_i/mmcm_i/CLKOUT2
                         net (fo=1, routed)           0.534     1.942    XDMA/inst/xdma_v41_m1_pcie2_to_pcie3_wrapper_i/pcie2_ip_i/inst/inst/gt_top_i/pipe_wrapper_i/pipe_clock_int.pipe_clock_i/userclk1
    BUFGCTRL_X0Y0        BUFG (Prop_bufg_I_O)         0.029     1.971 r  XDMA/inst/xdma_v41_m1_pcie2_to_pcie3_wrapper_i/pcie2_ip_i/inst/inst/gt_top_i/pipe_wrapper_i/pipe_clock_int.pipe_clock_i/userclk1_i1.usrclk1_i1/O
                         net (fo=18985, routed)       0.858     2.829    XDMA/inst/udma_wrapper/dma_top/dma_enable.vul_dma/WR/gen_rdwr_loop[0].gen_rdwr_eng.RDWR_INST/rcp_rcv_amt_101_reg_0_15_24_24/WCLK
    SLICE_X2Y63          RAMD32                                       r  XDMA/inst/udma_wrapper/dma_top/dma_enable.vul_dma/WR/gen_rdwr_loop[0].gen_rdwr_eng.RDWR_INST/rcp_rcv_amt_101_reg_0_15_24_24/SP/CLK
                         clock pessimism             -0.590     2.240    
    SLICE_X2Y63          RAMD32 (Hold_ramd32_CLK_WADR3)
                                                      0.240     2.480    XDMA/inst/udma_wrapper/dma_top/dma_enable.vul_dma/WR/gen_rdwr_loop[0].gen_rdwr_eng.RDWR_INST/rcp_rcv_amt_101_reg_0_15_24_24/SP
  -------------------------------------------------------------------
                         required time                         -2.480    
                         arrival time                           2.557    
  -------------------------------------------------------------------
                         slack                                  0.077    

Slack (MET) :             0.077ns  (arrival time - required time)
  Source:                 XDMA/inst/udma_wrapper/dma_top/dma_enable.vul_dma/WR/gen_rdwr_loop[0].gen_rdwr_eng.RDWR_INST/rcp_rid_100_reg[3]/C
                            (rising edge-triggered cell FDRE clocked by userclk1  {rise@0.000ns fall@8.000ns period=16.000ns})
  Destination:            XDMA/inst/udma_wrapper/dma_top/dma_enable.vul_dma/WR/gen_rdwr_loop[0].gen_rdwr_eng.RDWR_INST/rcp_rcv_amt_101_reg_0_15_2_2/DP/WADR3
                            (rising edge-triggered cell RAMD32 clocked by userclk1  {rise@0.000ns fall@8.000ns period=16.000ns})
  Path Group:             userclk1
  Path Type:              Hold (Min at Fast Process Corner)
  Requirement:            0.000ns  (userclk1 rise@0.000ns - userclk1 rise@0.000ns)
  Data Path Delay:        0.355ns  (logic 0.141ns (39.685%)  route 0.214ns (60.315%))
  Logic Levels:           0  
  Clock Path Skew:        0.038ns (DCD - SCD - CPR)
    Destination Clock Delay (DCD):    2.829ns
    Source Clock Delay      (SCD):    2.202ns
    Clock Pessimism Removal (CPR):    0.590ns

    Location             Delay type                Incr(ns)  Path(ns)    Netlist Resource(s)
  -------------------------------------------------------------------    -------------------
                         (clock userclk1 rise edge)
                                                      0.000     0.000 r  
    GTPE2_CHANNEL_X0Y3   GTPE2_CHANNEL                0.000     0.000 r  XDMA/inst/xdma_v41_m1_pcie2_to_pcie3_wrapper_i/pcie2_ip_i/inst/inst/gt_top_i/pipe_wrapper_i/pipe_lane[0].gt_wrapper_i/gtp_channel.gtpe2_channel_i/TXOUTCLK
                         net (fo=1, routed)           0.473     0.473    XDMA/inst/xdma_v41_m1_pcie2_to_pcie3_wrapper_i/pcie2_ip_i/inst/inst/gt_top_i/pipe_wrapper_i/pipe_clock_int.pipe_clock_i/txoutclk_i.txoutclk_i_0
    BUFGCTRL_X0Y20       BUFG (Prop_bufg_I_O)         0.026     0.499 r  XDMA/inst/xdma_v41_m1_pcie2_to_pcie3_wrapper_i/pcie2_ip_i/inst/inst/gt_top_i/pipe_wrapper_i/pipe_clock_int.pipe_clock_i/txoutclk_i.txoutclk_i/O
                         net (fo=1, routed)           0.551     1.050    XDMA/inst/xdma_v41_m1_pcie2_to_pcie3_wrapper_i/pcie2_ip_i/inst/inst/gt_top_i/pipe_wrapper_i/pipe_clock_int.pipe_clock_i/refclk
    MMCME2_ADV_X0Y0      MMCME2_ADV (Prop_mmcme2_adv_CLKIN1_CLKOUT2)
                                                      0.050     1.100 r  XDMA/inst/xdma_v41_m1_pcie2_to_pcie3_wrapper_i/pcie2_ip_i/inst/inst/gt_top_i/pipe_wrapper_i/pipe_clock_int.pipe_clock_i/mmcm_i/CLKOUT2
                         net (fo=1, routed)           0.489     1.589    XDMA/inst/xdma_v41_m1_pcie2_to_pcie3_wrapper_i/pcie2_ip_i/inst/inst/gt_top_i/pipe_wrapper_i/pipe_clock_int.pipe_clock_i/userclk1
    BUFGCTRL_X0Y0        BUFG (Prop_bufg_I_O)         0.026     1.615 r  XDMA/inst/xdma_v41_m1_pcie2_to_pcie3_wrapper_i/pcie2_ip_i/inst/inst/gt_top_i/pipe_wrapper_i/pipe_clock_int.pipe_clock_i/userclk1_i1.usrclk1_i1/O
                         net (fo=18985, routed)       0.587     2.202    XDMA/inst/udma_wrapper/dma_top/dma_enable.vul_dma/WR/gen_rdwr_loop[0].gen_rdwr_eng.RDWR_INST/user_clk
    SLICE_X5Y63          FDRE                                         r  XDMA/inst/udma_wrapper/dma_top/dma_enable.vul_dma/WR/gen_rdwr_loop[0].gen_rdwr_eng.RDWR_INST/rcp_rid_100_reg[3]/C
  -------------------------------------------------------------------    -------------------
    SLICE_X5Y63          FDRE (Prop_fdre_C_Q)         0.141     2.343 r  XDMA/inst/udma_wrapper/dma_top/dma_enable.vul_dma/WR/gen_rdwr_loop[0].gen_rdwr_eng.RDWR_INST/rcp_rid_100_reg[3]/Q
                         net (fo=95, routed)          0.214     2.557    XDMA/inst/udma_wrapper/dma_top/dma_enable.vul_dma/WR/gen_rdwr_loop[0].gen_rdwr_eng.RDWR_INST/rcp_rcv_amt_101_reg_0_15_2_2/A3
    SLICE_X2Y63          RAMD32                                       r  XDMA/inst/udma_wrapper/dma_top/dma_enable.vul_dma/WR/gen_rdwr_loop[0].gen_rdwr_eng.RDWR_INST/rcp_rcv_amt_101_reg_0_15_2_2/DP/WADR3
  -------------------------------------------------------------------    -------------------

                         (clock userclk1 rise edge)
                                                      0.000     0.000 r  
    GTPE2_CHANNEL_X0Y3   GTPE2_CHANNEL                0.000     0.000 r  XDMA/inst/xdma_v41_m1_pcie2_to_pcie3_wrapper_i/pcie2_ip_i/inst/inst/gt_top_i/pipe_wrapper_i/pipe_lane[0].gt_wrapper_i/gtp_channel.gtpe2_channel_i/TXOUTCLK
                         net (fo=1, routed)           0.509     0.509    XDMA/inst/xdma_v41_m1_pcie2_to_pcie3_wrapper_i/pcie2_ip_i/inst/inst/gt_top_i/pipe_wrapper_i/pipe_clock_int.pipe_clock_i/txoutclk_i.txoutclk_i_0
    BUFGCTRL_X0Y20       BUFG (Prop_bufg_I_O)         0.029     0.538 r  XDMA/inst/xdma_v41_m1_pcie2_to_pcie3_wrapper_i/pcie2_ip_i/inst/inst/gt_top_i/pipe_wrapper_i/pipe_clock_int.pipe_clock_i/txoutclk_i.txoutclk_i/O
                         net (fo=1, routed)           0.818     1.355    XDMA/inst/xdma_v41_m1_pcie2_to_pcie3_wrapper_i/pcie2_ip_i/inst/inst/gt_top_i/pipe_wrapper_i/pipe_clock_int.pipe_clock_i/refclk
    MMCME2_ADV_X0Y0      MMCME2_ADV (Prop_mmcme2_adv_CLKIN1_CLKOUT2)
                                                      0.053     1.408 r  XDMA/inst/xdma_v41_m1_pcie2_to_pcie3_wrapper_i/pcie2_ip_i/inst/inst/gt_top_i/pipe_wrapper_i/pipe_clock_int.pipe_clock_i/mmcm_i/CLKOUT2
                         net (fo=1, routed)           0.534     1.942    XDMA/inst/xdma_v41_m1_pcie2_to_pcie3_wrapper_i/pcie2_ip_i/inst/inst/gt_top_i/pipe_wrapper_i/pipe_clock_int.pipe_clock_i/userclk1
    BUFGCTRL_X0Y0        BUFG (Prop_bufg_I_O)         0.029     1.971 r  XDMA/inst/xdma_v41_m1_pcie2_to_pcie3_wrapper_i/pcie2_ip_i/inst/inst/gt_top_i/pipe_wrapper_i/pipe_clock_int.pipe_clock_i/userclk1_i1.usrclk1_i1/O
                         net (fo=18985, routed)       0.858     2.829    XDMA/inst/udma_wrapper/dma_top/dma_enable.vul_dma/WR/gen_rdwr_loop[0].gen_rdwr_eng.RDWR_INST/rcp_rcv_amt_101_reg_0_15_2_2/WCLK
    SLICE_X2Y63          RAMD32                                       r  XDMA/inst/udma_wrapper/dma_top/dma_enable.vul_dma/WR/gen_rdwr_loop[0].gen_rdwr_eng.RDWR_INST/rcp_rcv_amt_101_reg_0_15_2_2/DP/CLK
                         clock pessimism             -0.590     2.240    
    SLICE_X2Y63          RAMD32 (Hold_ramd32_CLK_WADR3)
                                                      0.240     2.480    XDMA/inst/udma_wrapper/dma_top/dma_enable.vul_dma/WR/gen_rdwr_loop[0].gen_rdwr_eng.RDWR_INST/rcp_rcv_amt_101_reg_0_15_2_2/DP
  -------------------------------------------------------------------
                         required time                         -2.480    
                         arrival time                           2.557    
  -------------------------------------------------------------------
                         slack                                  0.077    

Slack (MET) :             0.077ns  (arrival time - required time)
  Source:                 XDMA/inst/udma_wrapper/dma_top/dma_enable.vul_dma/WR/gen_rdwr_loop[0].gen_rdwr_eng.RDWR_INST/rcp_rid_100_reg[3]/C
                            (rising edge-triggered cell FDRE clocked by userclk1  {rise@0.000ns fall@8.000ns period=16.000ns})
  Destination:            XDMA/inst/udma_wrapper/dma_top/dma_enable.vul_dma/WR/gen_rdwr_loop[0].gen_rdwr_eng.RDWR_INST/rcp_rcv_amt_101_reg_0_15_2_2/SP/WADR3
                            (rising edge-triggered cell RAMD32 clocked by userclk1  {rise@0.000ns fall@8.000ns period=16.000ns})
  Path Group:             userclk1
  Path Type:              Hold (Min at Fast Process Corner)
  Requirement:            0.000ns  (userclk1 rise@0.000ns - userclk1 rise@0.000ns)
  Data Path Delay:        0.355ns  (logic 0.141ns (39.685%)  route 0.214ns (60.315%))
  Logic Levels:           0  
  Clock Path Skew:        0.038ns (DCD - SCD - CPR)
    Destination Clock Delay (DCD):    2.829ns
    Source Clock Delay      (SCD):    2.202ns
    Clock Pessimism Removal (CPR):    0.590ns

    Location             Delay type                Incr(ns)  Path(ns)    Netlist Resource(s)
  -------------------------------------------------------------------    -------------------
                         (clock userclk1 rise edge)
                                                      0.000     0.000 r  
    GTPE2_CHANNEL_X0Y3   GTPE2_CHANNEL                0.000     0.000 r  XDMA/inst/xdma_v41_m1_pcie2_to_pcie3_wrapper_i/pcie2_ip_i/inst/inst/gt_top_i/pipe_wrapper_i/pipe_lane[0].gt_wrapper_i/gtp_channel.gtpe2_channel_i/TXOUTCLK
                         net (fo=1, routed)           0.473     0.473    XDMA/inst/xdma_v41_m1_pcie2_to_pcie3_wrapper_i/pcie2_ip_i/inst/inst/gt_top_i/pipe_wrapper_i/pipe_clock_int.pipe_clock_i/txoutclk_i.txoutclk_i_0
    BUFGCTRL_X0Y20       BUFG (Prop_bufg_I_O)         0.026     0.499 r  XDMA/inst/xdma_v41_m1_pcie2_to_pcie3_wrapper_i/pcie2_ip_i/inst/inst/gt_top_i/pipe_wrapper_i/pipe_clock_int.pipe_clock_i/txoutclk_i.txoutclk_i/O
                         net (fo=1, routed)           0.551     1.050    XDMA/inst/xdma_v41_m1_pcie2_to_pcie3_wrapper_i/pcie2_ip_i/inst/inst/gt_top_i/pipe_wrapper_i/pipe_clock_int.pipe_clock_i/refclk
    MMCME2_ADV_X0Y0      MMCME2_ADV (Prop_mmcme2_adv_CLKIN1_CLKOUT2)
                                                      0.050     1.100 r  XDMA/inst/xdma_v41_m1_pcie2_to_pcie3_wrapper_i/pcie2_ip_i/inst/inst/gt_top_i/pipe_wrapper_i/pipe_clock_int.pipe_clock_i/mmcm_i/CLKOUT2
                         net (fo=1, routed)           0.489     1.589    XDMA/inst/xdma_v41_m1_pcie2_to_pcie3_wrapper_i/pcie2_ip_i/inst/inst/gt_top_i/pipe_wrapper_i/pipe_clock_int.pipe_clock_i/userclk1
    BUFGCTRL_X0Y0        BUFG (Prop_bufg_I_O)         0.026     1.615 r  XDMA/inst/xdma_v41_m1_pcie2_to_pcie3_wrapper_i/pcie2_ip_i/inst/inst/gt_top_i/pipe_wrapper_i/pipe_clock_int.pipe_clock_i/userclk1_i1.usrclk1_i1/O
                         net (fo=18985, routed)       0.587     2.202    XDMA/inst/udma_wrapper/dma_top/dma_enable.vul_dma/WR/gen_rdwr_loop[0].gen_rdwr_eng.RDWR_INST/user_clk
    SLICE_X5Y63          FDRE                                         r  XDMA/inst/udma_wrapper/dma_top/dma_enable.vul_dma/WR/gen_rdwr_loop[0].gen_rdwr_eng.RDWR_INST/rcp_rid_100_reg[3]/C
  -------------------------------------------------------------------    -------------------
    SLICE_X5Y63          FDRE (Prop_fdre_C_Q)         0.141     2.343 r  XDMA/inst/udma_wrapper/dma_top/dma_enable.vul_dma/WR/gen_rdwr_loop[0].gen_rdwr_eng.RDWR_INST/rcp_rid_100_reg[3]/Q
                         net (fo=95, routed)          0.214     2.557    XDMA/inst/udma_wrapper/dma_top/dma_enable.vul_dma/WR/gen_rdwr_loop[0].gen_rdwr_eng.RDWR_INST/rcp_rcv_amt_101_reg_0_15_2_2/A3
    SLICE_X2Y63          RAMD32                                       r  XDMA/inst/udma_wrapper/dma_top/dma_enable.vul_dma/WR/gen_rdwr_loop[0].gen_rdwr_eng.RDWR_INST/rcp_rcv_amt_101_reg_0_15_2_2/SP/WADR3
  -------------------------------------------------------------------    -------------------

                         (clock userclk1 rise edge)
                                                      0.000     0.000 r  
    GTPE2_CHANNEL_X0Y3   GTPE2_CHANNEL                0.000     0.000 r  XDMA/inst/xdma_v41_m1_pcie2_to_pcie3_wrapper_i/pcie2_ip_i/inst/inst/gt_top_i/pipe_wrapper_i/pipe_lane[0].gt_wrapper_i/gtp_channel.gtpe2_channel_i/TXOUTCLK
                         net (fo=1, routed)           0.509     0.509    XDMA/inst/xdma_v41_m1_pcie2_to_pcie3_wrapper_i/pcie2_ip_i/inst/inst/gt_top_i/pipe_wrapper_i/pipe_clock_int.pipe_clock_i/txoutclk_i.txoutclk_i_0
    BUFGCTRL_X0Y20       BUFG (Prop_bufg_I_O)         0.029     0.538 r  XDMA/inst/xdma_v41_m1_pcie2_to_pcie3_wrapper_i/pcie2_ip_i/inst/inst/gt_top_i/pipe_wrapper_i/pipe_clock_int.pipe_clock_i/txoutclk_i.txoutclk_i/O
                         net (fo=1, routed)           0.818     1.355    XDMA/inst/xdma_v41_m1_pcie2_to_pcie3_wrapper_i/pcie2_ip_i/inst/inst/gt_top_i/pipe_wrapper_i/pipe_clock_int.pipe_clock_i/refclk
    MMCME2_ADV_X0Y0      MMCME2_ADV (Prop_mmcme2_adv_CLKIN1_CLKOUT2)
                                                      0.053     1.408 r  XDMA/inst/xdma_v41_m1_pcie2_to_pcie3_wrapper_i/pcie2_ip_i/inst/inst/gt_top_i/pipe_wrapper_i/pipe_clock_int.pipe_clock_i/mmcm_i/CLKOUT2
                         net (fo=1, routed)           0.534     1.942    XDMA/inst/xdma_v41_m1_pcie2_to_pcie3_wrapper_i/pcie2_ip_i/inst/inst/gt_top_i/pipe_wrapper_i/pipe_clock_int.pipe_clock_i/userclk1
    BUFGCTRL_X0Y0        BUFG (Prop_bufg_I_O)         0.029     1.971 r  XDMA/inst/xdma_v41_m1_pcie2_to_pcie3_wrapper_i/pcie2_ip_i/inst/inst/gt_top_i/pipe_wrapper_i/pipe_clock_int.pipe_clock_i/userclk1_i1.usrclk1_i1/O
                         net (fo=18985, routed)       0.858     2.829    XDMA/inst/udma_wrapper/dma_top/dma_enable.vul_dma/WR/gen_rdwr_loop[0].gen_rdwr_eng.RDWR_INST/rcp_rcv_amt_101_reg_0_15_2_2/WCLK
    SLICE_X2Y63          RAMD32                                       r  XDMA/inst/udma_wrapper/dma_top/dma_enable.vul_dma/WR/gen_rdwr_loop[0].gen_rdwr_eng.RDWR_INST/rcp_rcv_amt_101_reg_0_15_2_2/SP/CLK
                         clock pessimism             -0.590     2.240    
    SLICE_X2Y63          RAMD32 (Hold_ramd32_CLK_WADR3)
                                                      0.240     2.480    XDMA/inst/udma_wrapper/dma_top/dma_enable.vul_dma/WR/gen_rdwr_loop[0].gen_rdwr_eng.RDWR_INST/rcp_rcv_amt_101_reg_0_15_2_2/SP
  -------------------------------------------------------------------
                         required time                         -2.480    
                         arrival time                           2.557    
  -------------------------------------------------------------------
                         slack                                  0.077    

Slack (MET) :             0.077ns  (arrival time - required time)
  Source:                 XDMA/inst/udma_wrapper/dma_top/dma_enable.vul_dma/WR/gen_rdwr_loop[0].gen_rdwr_eng.RDWR_INST/rcp_rid_100_reg[3]/C
                            (rising edge-triggered cell FDRE clocked by userclk1  {rise@0.000ns fall@8.000ns period=16.000ns})
  Destination:            XDMA/inst/udma_wrapper/dma_top/dma_enable.vul_dma/WR/gen_rdwr_loop[0].gen_rdwr_eng.RDWR_INST/rcp_rcv_amt_101_reg_0_15_3_3/DP/WADR3
                            (rising edge-triggered cell RAMD32 clocked by userclk1  {rise@0.000ns fall@8.000ns period=16.000ns})
  Path Group:             userclk1
  Path Type:              Hold (Min at Fast Process Corner)
  Requirement:            0.000ns  (userclk1 rise@0.000ns - userclk1 rise@0.000ns)
  Data Path Delay:        0.355ns  (logic 0.141ns (39.685%)  route 0.214ns (60.315%))
  Logic Levels:           0  
  Clock Path Skew:        0.038ns (DCD - SCD - CPR)
    Destination Clock Delay (DCD):    2.829ns
    Source Clock Delay      (SCD):    2.202ns
    Clock Pessimism Removal (CPR):    0.590ns

    Location             Delay type                Incr(ns)  Path(ns)    Netlist Resource(s)
  -------------------------------------------------------------------    -------------------
                         (clock userclk1 rise edge)
                                                      0.000     0.000 r  
    GTPE2_CHANNEL_X0Y3   GTPE2_CHANNEL                0.000     0.000 r  XDMA/inst/xdma_v41_m1_pcie2_to_pcie3_wrapper_i/pcie2_ip_i/inst/inst/gt_top_i/pipe_wrapper_i/pipe_lane[0].gt_wrapper_i/gtp_channel.gtpe2_channel_i/TXOUTCLK
                         net (fo=1, routed)           0.473     0.473    XDMA/inst/xdma_v41_m1_pcie2_to_pcie3_wrapper_i/pcie2_ip_i/inst/inst/gt_top_i/pipe_wrapper_i/pipe_clock_int.pipe_clock_i/txoutclk_i.txoutclk_i_0
    BUFGCTRL_X0Y20       BUFG (Prop_bufg_I_O)         0.026     0.499 r  XDMA/inst/xdma_v41_m1_pcie2_to_pcie3_wrapper_i/pcie2_ip_i/inst/inst/gt_top_i/pipe_wrapper_i/pipe_clock_int.pipe_clock_i/txoutclk_i.txoutclk_i/O
                         net (fo=1, routed)           0.551     1.050    XDMA/inst/xdma_v41_m1_pcie2_to_pcie3_wrapper_i/pcie2_ip_i/inst/inst/gt_top_i/pipe_wrapper_i/pipe_clock_int.pipe_clock_i/refclk
    MMCME2_ADV_X0Y0      MMCME2_ADV (Prop_mmcme2_adv_CLKIN1_CLKOUT2)
                                                      0.050     1.100 r  XDMA/inst/xdma_v41_m1_pcie2_to_pcie3_wrapper_i/pcie2_ip_i/inst/inst/gt_top_i/pipe_wrapper_i/pipe_clock_int.pipe_clock_i/mmcm_i/CLKOUT2
                         net (fo=1, routed)           0.489     1.589    XDMA/inst/xdma_v41_m1_pcie2_to_pcie3_wrapper_i/pcie2_ip_i/inst/inst/gt_top_i/pipe_wrapper_i/pipe_clock_int.pipe_clock_i/userclk1
    BUFGCTRL_X0Y0        BUFG (Prop_bufg_I_O)         0.026     1.615 r  XDMA/inst/xdma_v41_m1_pcie2_to_pcie3_wrapper_i/pcie2_ip_i/inst/inst/gt_top_i/pipe_wrapper_i/pipe_clock_int.pipe_clock_i/userclk1_i1.usrclk1_i1/O
                         net (fo=18985, routed)       0.587     2.202    XDMA/inst/udma_wrapper/dma_top/dma_enable.vul_dma/WR/gen_rdwr_loop[0].gen_rdwr_eng.RDWR_INST/user_clk
    SLICE_X5Y63          FDRE                                         r  XDMA/inst/udma_wrapper/dma_top/dma_enable.vul_dma/WR/gen_rdwr_loop[0].gen_rdwr_eng.RDWR_INST/rcp_rid_100_reg[3]/C
  -------------------------------------------------------------------    -------------------
    SLICE_X5Y63          FDRE (Prop_fdre_C_Q)         0.141     2.343 r  XDMA/inst/udma_wrapper/dma_top/dma_enable.vul_dma/WR/gen_rdwr_loop[0].gen_rdwr_eng.RDWR_INST/rcp_rid_100_reg[3]/Q
                         net (fo=95, routed)          0.214     2.557    XDMA/inst/udma_wrapper/dma_top/dma_enable.vul_dma/WR/gen_rdwr_loop[0].gen_rdwr_eng.RDWR_INST/rcp_rcv_amt_101_reg_0_15_3_3/A3
    SLICE_X2Y63          RAMD32                                       r  XDMA/inst/udma_wrapper/dma_top/dma_enable.vul_dma/WR/gen_rdwr_loop[0].gen_rdwr_eng.RDWR_INST/rcp_rcv_amt_101_reg_0_15_3_3/DP/WADR3
  -------------------------------------------------------------------    -------------------

                         (clock userclk1 rise edge)
                                                      0.000     0.000 r  
    GTPE2_CHANNEL_X0Y3   GTPE2_CHANNEL                0.000     0.000 r  XDMA/inst/xdma_v41_m1_pcie2_to_pcie3_wrapper_i/pcie2_ip_i/inst/inst/gt_top_i/pipe_wrapper_i/pipe_lane[0].gt_wrapper_i/gtp_channel.gtpe2_channel_i/TXOUTCLK
                         net (fo=1, routed)           0.509     0.509    XDMA/inst/xdma_v41_m1_pcie2_to_pcie3_wrapper_i/pcie2_ip_i/inst/inst/gt_top_i/pipe_wrapper_i/pipe_clock_int.pipe_clock_i/txoutclk_i.txoutclk_i_0
    BUFGCTRL_X0Y20       BUFG (Prop_bufg_I_O)         0.029     0.538 r  XDMA/inst/xdma_v41_m1_pcie2_to_pcie3_wrapper_i/pcie2_ip_i/inst/inst/gt_top_i/pipe_wrapper_i/pipe_clock_int.pipe_clock_i/txoutclk_i.txoutclk_i/O
                         net (fo=1, routed)           0.818     1.355    XDMA/inst/xdma_v41_m1_pcie2_to_pcie3_wrapper_i/pcie2_ip_i/inst/inst/gt_top_i/pipe_wrapper_i/pipe_clock_int.pipe_clock_i/refclk
    MMCME2_ADV_X0Y0      MMCME2_ADV (Prop_mmcme2_adv_CLKIN1_CLKOUT2)
                                                      0.053     1.408 r  XDMA/inst/xdma_v41_m1_pcie2_to_pcie3_wrapper_i/pcie2_ip_i/inst/inst/gt_top_i/pipe_wrapper_i/pipe_clock_int.pipe_clock_i/mmcm_i/CLKOUT2
                         net (fo=1, routed)           0.534     1.942    XDMA/inst/xdma_v41_m1_pcie2_to_pcie3_wrapper_i/pcie2_ip_i/inst/inst/gt_top_i/pipe_wrapper_i/pipe_clock_int.pipe_clock_i/userclk1
    BUFGCTRL_X0Y0        BUFG (Prop_bufg_I_O)         0.029     1.971 r  XDMA/inst/xdma_v41_m1_pcie2_to_pcie3_wrapper_i/pcie2_ip_i/inst/inst/gt_top_i/pipe_wrapper_i/pipe_clock_int.pipe_clock_i/userclk1_i1.usrclk1_i1/O
                         net (fo=18985, routed)       0.858     2.829    XDMA/inst/udma_wrapper/dma_top/dma_enable.vul_dma/WR/gen_rdwr_loop[0].gen_rdwr_eng.RDWR_INST/rcp_rcv_amt_101_reg_0_15_3_3/WCLK
    SLICE_X2Y63          RAMD32                                       r  XDMA/inst/udma_wrapper/dma_top/dma_enable.vul_dma/WR/gen_rdwr_loop[0].gen_rdwr_eng.RDWR_INST/rcp_rcv_amt_101_reg_0_15_3_3/DP/CLK
                         clock pessimism             -0.590     2.240    
    SLICE_X2Y63          RAMD32 (Hold_ramd32_CLK_WADR3)
                                                      0.240     2.480    XDMA/inst/udma_wrapper/dma_top/dma_enable.vul_dma/WR/gen_rdwr_loop[0].gen_rdwr_eng.RDWR_INST/rcp_rcv_amt_101_reg_0_15_3_3/DP
  -------------------------------------------------------------------
                         required time                         -2.480    
                         arrival time                           2.557    
  -------------------------------------------------------------------
                         slack                                  0.077    

Slack (MET) :             0.077ns  (arrival time - required time)
  Source:                 XDMA/inst/udma_wrapper/dma_top/dma_enable.vul_dma/WR/gen_rdwr_loop[0].gen_rdwr_eng.RDWR_INST/rcp_rid_100_reg[3]/C
                            (rising edge-triggered cell FDRE clocked by userclk1  {rise@0.000ns fall@8.000ns period=16.000ns})
  Destination:            XDMA/inst/udma_wrapper/dma_top/dma_enable.vul_dma/WR/gen_rdwr_loop[0].gen_rdwr_eng.RDWR_INST/rcp_rcv_amt_101_reg_0_15_3_3/SP/WADR3
                            (rising edge-triggered cell RAMD32 clocked by userclk1  {rise@0.000ns fall@8.000ns period=16.000ns})
  Path Group:             userclk1
  Path Type:              Hold (Min at Fast Process Corner)
  Requirement:            0.000ns  (userclk1 rise@0.000ns - userclk1 rise@0.000ns)
  Data Path Delay:        0.355ns  (logic 0.141ns (39.685%)  route 0.214ns (60.315%))
  Logic Levels:           0  
  Clock Path Skew:        0.038ns (DCD - SCD - CPR)
    Destination Clock Delay (DCD):    2.829ns
    Source Clock Delay      (SCD):    2.202ns
    Clock Pessimism Removal (CPR):    0.590ns

    Location             Delay type                Incr(ns)  Path(ns)    Netlist Resource(s)
  -------------------------------------------------------------------    -------------------
                         (clock userclk1 rise edge)
                                                      0.000     0.000 r  
    GTPE2_CHANNEL_X0Y3   GTPE2_CHANNEL                0.000     0.000 r  XDMA/inst/xdma_v41_m1_pcie2_to_pcie3_wrapper_i/pcie2_ip_i/inst/inst/gt_top_i/pipe_wrapper_i/pipe_lane[0].gt_wrapper_i/gtp_channel.gtpe2_channel_i/TXOUTCLK
                         net (fo=1, routed)           0.473     0.473    XDMA/inst/xdma_v41_m1_pcie2_to_pcie3_wrapper_i/pcie2_ip_i/inst/inst/gt_top_i/pipe_wrapper_i/pipe_clock_int.pipe_clock_i/txoutclk_i.txoutclk_i_0
    BUFGCTRL_X0Y20       BUFG (Prop_bufg_I_O)         0.026     0.499 r  XDMA/inst/xdma_v41_m1_pcie2_to_pcie3_wrapper_i/pcie2_ip_i/inst/inst/gt_top_i/pipe_wrapper_i/pipe_clock_int.pipe_clock_i/txoutclk_i.txoutclk_i/O
                         net (fo=1, routed)           0.551     1.050    XDMA/inst/xdma_v41_m1_pcie2_to_pcie3_wrapper_i/pcie2_ip_i/inst/inst/gt_top_i/pipe_wrapper_i/pipe_clock_int.pipe_clock_i/refclk
    MMCME2_ADV_X0Y0      MMCME2_ADV (Prop_mmcme2_adv_CLKIN1_CLKOUT2)
                                                      0.050     1.100 r  XDMA/inst/xdma_v41_m1_pcie2_to_pcie3_wrapper_i/pcie2_ip_i/inst/inst/gt_top_i/pipe_wrapper_i/pipe_clock_int.pipe_clock_i/mmcm_i/CLKOUT2
                         net (fo=1, routed)           0.489     1.589    XDMA/inst/xdma_v41_m1_pcie2_to_pcie3_wrapper_i/pcie2_ip_i/inst/inst/gt_top_i/pipe_wrapper_i/pipe_clock_int.pipe_clock_i/userclk1
    BUFGCTRL_X0Y0        BUFG (Prop_bufg_I_O)         0.026     1.615 r  XDMA/inst/xdma_v41_m1_pcie2_to_pcie3_wrapper_i/pcie2_ip_i/inst/inst/gt_top_i/pipe_wrapper_i/pipe_clock_int.pipe_clock_i/userclk1_i1.usrclk1_i1/O
                         net (fo=18985, routed)       0.587     2.202    XDMA/inst/udma_wrapper/dma_top/dma_enable.vul_dma/WR/gen_rdwr_loop[0].gen_rdwr_eng.RDWR_INST/user_clk
    SLICE_X5Y63          FDRE                                         r  XDMA/inst/udma_wrapper/dma_top/dma_enable.vul_dma/WR/gen_rdwr_loop[0].gen_rdwr_eng.RDWR_INST/rcp_rid_100_reg[3]/C
  -------------------------------------------------------------------    -------------------
    SLICE_X5Y63          FDRE (Prop_fdre_C_Q)         0.141     2.343 r  XDMA/inst/udma_wrapper/dma_top/dma_enable.vul_dma/WR/gen_rdwr_loop[0].gen_rdwr_eng.RDWR_INST/rcp_rid_100_reg[3]/Q
                         net (fo=95, routed)          0.214     2.557    XDMA/inst/udma_wrapper/dma_top/dma_enable.vul_dma/WR/gen_rdwr_loop[0].gen_rdwr_eng.RDWR_INST/rcp_rcv_amt_101_reg_0_15_3_3/A3
    SLICE_X2Y63          RAMD32                                       r  XDMA/inst/udma_wrapper/dma_top/dma_enable.vul_dma/WR/gen_rdwr_loop[0].gen_rdwr_eng.RDWR_INST/rcp_rcv_amt_101_reg_0_15_3_3/SP/WADR3
  -------------------------------------------------------------------    -------------------

                         (clock userclk1 rise edge)
                                                      0.000     0.000 r  
    GTPE2_CHANNEL_X0Y3   GTPE2_CHANNEL                0.000     0.000 r  XDMA/inst/xdma_v41_m1_pcie2_to_pcie3_wrapper_i/pcie2_ip_i/inst/inst/gt_top_i/pipe_wrapper_i/pipe_lane[0].gt_wrapper_i/gtp_channel.gtpe2_channel_i/TXOUTCLK
                         net (fo=1, routed)           0.509     0.509    XDMA/inst/xdma_v41_m1_pcie2_to_pcie3_wrapper_i/pcie2_ip_i/inst/inst/gt_top_i/pipe_wrapper_i/pipe_clock_int.pipe_clock_i/txoutclk_i.txoutclk_i_0
    BUFGCTRL_X0Y20       BUFG (Prop_bufg_I_O)         0.029     0.538 r  XDMA/inst/xdma_v41_m1_pcie2_to_pcie3_wrapper_i/pcie2_ip_i/inst/inst/gt_top_i/pipe_wrapper_i/pipe_clock_int.pipe_clock_i/txoutclk_i.txoutclk_i/O
                         net (fo=1, routed)           0.818     1.355    XDMA/inst/xdma_v41_m1_pcie2_to_pcie3_wrapper_i/pcie2_ip_i/inst/inst/gt_top_i/pipe_wrapper_i/pipe_clock_int.pipe_clock_i/refclk
    MMCME2_ADV_X0Y0      MMCME2_ADV (Prop_mmcme2_adv_CLKIN1_CLKOUT2)
                                                      0.053     1.408 r  XDMA/inst/xdma_v41_m1_pcie2_to_pcie3_wrapper_i/pcie2_ip_i/inst/inst/gt_top_i/pipe_wrapper_i/pipe_clock_int.pipe_clock_i/mmcm_i/CLKOUT2
                         net (fo=1, routed)           0.534     1.942    XDMA/inst/xdma_v41_m1_pcie2_to_pcie3_wrapper_i/pcie2_ip_i/inst/inst/gt_top_i/pipe_wrapper_i/pipe_clock_int.pipe_clock_i/userclk1
    BUFGCTRL_X0Y0        BUFG (Prop_bufg_I_O)         0.029     1.971 r  XDMA/inst/xdma_v41_m1_pcie2_to_pcie3_wrapper_i/pcie2_ip_i/inst/inst/gt_top_i/pipe_wrapper_i/pipe_clock_int.pipe_clock_i/userclk1_i1.usrclk1_i1/O
                         net (fo=18985, routed)       0.858     2.829    XDMA/inst/udma_wrapper/dma_top/dma_enable.vul_dma/WR/gen_rdwr_loop[0].gen_rdwr_eng.RDWR_INST/rcp_rcv_amt_101_reg_0_15_3_3/WCLK
    SLICE_X2Y63          RAMD32                                       r  XDMA/inst/udma_wrapper/dma_top/dma_enable.vul_dma/WR/gen_rdwr_loop[0].gen_rdwr_eng.RDWR_INST/rcp_rcv_amt_101_reg_0_15_3_3/SP/CLK
                         clock pessimism             -0.590     2.240    
    SLICE_X2Y63          RAMD32 (Hold_ramd32_CLK_WADR3)
                                                      0.240     2.480    XDMA/inst/udma_wrapper/dma_top/dma_enable.vul_dma/WR/gen_rdwr_loop[0].gen_rdwr_eng.RDWR_INST/rcp_rcv_amt_101_reg_0_15_3_3/SP
  -------------------------------------------------------------------
                         required time                         -2.480    
                         arrival time                           2.557    
  -------------------------------------------------------------------
                         slack                                  0.077    

Slack (MET) :             0.077ns  (arrival time - required time)
  Source:                 XDMA/inst/udma_wrapper/dma_top/dma_enable.vul_dma/WR/gen_rdwr_loop[0].gen_rdwr_eng.RDWR_INST/rcp_rid_100_reg[3]/C
                            (rising edge-triggered cell FDRE clocked by userclk1  {rise@0.000ns fall@8.000ns period=16.000ns})
  Destination:            XDMA/inst/udma_wrapper/dma_top/dma_enable.vul_dma/WR/gen_rdwr_loop[0].gen_rdwr_eng.RDWR_INST/rcp_rcv_amt_101_reg_0_15_4_4/DP/WADR3
                            (rising edge-triggered cell RAMD32 clocked by userclk1  {rise@0.000ns fall@8.000ns period=16.000ns})
  Path Group:             userclk1
  Path Type:              Hold (Min at Fast Process Corner)
  Requirement:            0.000ns  (userclk1 rise@0.000ns - userclk1 rise@0.000ns)
  Data Path Delay:        0.355ns  (logic 0.141ns (39.685%)  route 0.214ns (60.315%))
  Logic Levels:           0  
  Clock Path Skew:        0.038ns (DCD - SCD - CPR)
    Destination Clock Delay (DCD):    2.829ns
    Source Clock Delay      (SCD):    2.202ns
    Clock Pessimism Removal (CPR):    0.590ns

    Location             Delay type                Incr(ns)  Path(ns)    Netlist Resource(s)
  -------------------------------------------------------------------    -------------------
                         (clock userclk1 rise edge)
                                                      0.000     0.000 r  
    GTPE2_CHANNEL_X0Y3   GTPE2_CHANNEL                0.000     0.000 r  XDMA/inst/xdma_v41_m1_pcie2_to_pcie3_wrapper_i/pcie2_ip_i/inst/inst/gt_top_i/pipe_wrapper_i/pipe_lane[0].gt_wrapper_i/gtp_channel.gtpe2_channel_i/TXOUTCLK
                         net (fo=1, routed)           0.473     0.473    XDMA/inst/xdma_v41_m1_pcie2_to_pcie3_wrapper_i/pcie2_ip_i/inst/inst/gt_top_i/pipe_wrapper_i/pipe_clock_int.pipe_clock_i/txoutclk_i.txoutclk_i_0
    BUFGCTRL_X0Y20       BUFG (Prop_bufg_I_O)         0.026     0.499 r  XDMA/inst/xdma_v41_m1_pcie2_to_pcie3_wrapper_i/pcie2_ip_i/inst/inst/gt_top_i/pipe_wrapper_i/pipe_clock_int.pipe_clock_i/txoutclk_i.txoutclk_i/O
                         net (fo=1, routed)           0.551     1.050    XDMA/inst/xdma_v41_m1_pcie2_to_pcie3_wrapper_i/pcie2_ip_i/inst/inst/gt_top_i/pipe_wrapper_i/pipe_clock_int.pipe_clock_i/refclk
    MMCME2_ADV_X0Y0      MMCME2_ADV (Prop_mmcme2_adv_CLKIN1_CLKOUT2)
                                                      0.050     1.100 r  XDMA/inst/xdma_v41_m1_pcie2_to_pcie3_wrapper_i/pcie2_ip_i/inst/inst/gt_top_i/pipe_wrapper_i/pipe_clock_int.pipe_clock_i/mmcm_i/CLKOUT2
                         net (fo=1, routed)           0.489     1.589    XDMA/inst/xdma_v41_m1_pcie2_to_pcie3_wrapper_i/pcie2_ip_i/inst/inst/gt_top_i/pipe_wrapper_i/pipe_clock_int.pipe_clock_i/userclk1
    BUFGCTRL_X0Y0        BUFG (Prop_bufg_I_O)         0.026     1.615 r  XDMA/inst/xdma_v41_m1_pcie2_to_pcie3_wrapper_i/pcie2_ip_i/inst/inst/gt_top_i/pipe_wrapper_i/pipe_clock_int.pipe_clock_i/userclk1_i1.usrclk1_i1/O
                         net (fo=18985, routed)       0.587     2.202    XDMA/inst/udma_wrapper/dma_top/dma_enable.vul_dma/WR/gen_rdwr_loop[0].gen_rdwr_eng.RDWR_INST/user_clk
    SLICE_X5Y63          FDRE                                         r  XDMA/inst/udma_wrapper/dma_top/dma_enable.vul_dma/WR/gen_rdwr_loop[0].gen_rdwr_eng.RDWR_INST/rcp_rid_100_reg[3]/C
  -------------------------------------------------------------------    -------------------
    SLICE_X5Y63          FDRE (Prop_fdre_C_Q)         0.141     2.343 r  XDMA/inst/udma_wrapper/dma_top/dma_enable.vul_dma/WR/gen_rdwr_loop[0].gen_rdwr_eng.RDWR_INST/rcp_rid_100_reg[3]/Q
                         net (fo=95, routed)          0.214     2.557    XDMA/inst/udma_wrapper/dma_top/dma_enable.vul_dma/WR/gen_rdwr_loop[0].gen_rdwr_eng.RDWR_INST/rcp_rcv_amt_101_reg_0_15_4_4/A3
    SLICE_X2Y63          RAMD32                                       r  XDMA/inst/udma_wrapper/dma_top/dma_enable.vul_dma/WR/gen_rdwr_loop[0].gen_rdwr_eng.RDWR_INST/rcp_rcv_amt_101_reg_0_15_4_4/DP/WADR3
  -------------------------------------------------------------------    -------------------

                         (clock userclk1 rise edge)
                                                      0.000     0.000 r  
    GTPE2_CHANNEL_X0Y3   GTPE2_CHANNEL                0.000     0.000 r  XDMA/inst/xdma_v41_m1_pcie2_to_pcie3_wrapper_i/pcie2_ip_i/inst/inst/gt_top_i/pipe_wrapper_i/pipe_lane[0].gt_wrapper_i/gtp_channel.gtpe2_channel_i/TXOUTCLK
                         net (fo=1, routed)           0.509     0.509    XDMA/inst/xdma_v41_m1_pcie2_to_pcie3_wrapper_i/pcie2_ip_i/inst/inst/gt_top_i/pipe_wrapper_i/pipe_clock_int.pipe_clock_i/txoutclk_i.txoutclk_i_0
    BUFGCTRL_X0Y20       BUFG (Prop_bufg_I_O)         0.029     0.538 r  XDMA/inst/xdma_v41_m1_pcie2_to_pcie3_wrapper_i/pcie2_ip_i/inst/inst/gt_top_i/pipe_wrapper_i/pipe_clock_int.pipe_clock_i/txoutclk_i.txoutclk_i/O
                         net (fo=1, routed)           0.818     1.355    XDMA/inst/xdma_v41_m1_pcie2_to_pcie3_wrapper_i/pcie2_ip_i/inst/inst/gt_top_i/pipe_wrapper_i/pipe_clock_int.pipe_clock_i/refclk
    MMCME2_ADV_X0Y0      MMCME2_ADV (Prop_mmcme2_adv_CLKIN1_CLKOUT2)
                                                      0.053     1.408 r  XDMA/inst/xdma_v41_m1_pcie2_to_pcie3_wrapper_i/pcie2_ip_i/inst/inst/gt_top_i/pipe_wrapper_i/pipe_clock_int.pipe_clock_i/mmcm_i/CLKOUT2
                         net (fo=1, routed)           0.534     1.942    XDMA/inst/xdma_v41_m1_pcie2_to_pcie3_wrapper_i/pcie2_ip_i/inst/inst/gt_top_i/pipe_wrapper_i/pipe_clock_int.pipe_clock_i/userclk1
    BUFGCTRL_X0Y0        BUFG (Prop_bufg_I_O)         0.029     1.971 r  XDMA/inst/xdma_v41_m1_pcie2_to_pcie3_wrapper_i/pcie2_ip_i/inst/inst/gt_top_i/pipe_wrapper_i/pipe_clock_int.pipe_clock_i/userclk1_i1.usrclk1_i1/O
                         net (fo=18985, routed)       0.858     2.829    XDMA/inst/udma_wrapper/dma_top/dma_enable.vul_dma/WR/gen_rdwr_loop[0].gen_rdwr_eng.RDWR_INST/rcp_rcv_amt_101_reg_0_15_4_4/WCLK
    SLICE_X2Y63          RAMD32                                       r  XDMA/inst/udma_wrapper/dma_top/dma_enable.vul_dma/WR/gen_rdwr_loop[0].gen_rdwr_eng.RDWR_INST/rcp_rcv_amt_101_reg_0_15_4_4/DP/CLK
                         clock pessimism             -0.590     2.240    
    SLICE_X2Y63          RAMD32 (Hold_ramd32_CLK_WADR3)
                                                      0.240     2.480    XDMA/inst/udma_wrapper/dma_top/dma_enable.vul_dma/WR/gen_rdwr_loop[0].gen_rdwr_eng.RDWR_INST/rcp_rcv_amt_101_reg_0_15_4_4/DP
  -------------------------------------------------------------------
                         required time                         -2.480    
                         arrival time                           2.557    
  -------------------------------------------------------------------
                         slack                                  0.077    

Slack (MET) :             0.077ns  (arrival time - required time)
  Source:                 XDMA/inst/udma_wrapper/dma_top/dma_enable.vul_dma/WR/gen_rdwr_loop[0].gen_rdwr_eng.RDWR_INST/rcp_rid_100_reg[3]/C
                            (rising edge-triggered cell FDRE clocked by userclk1  {rise@0.000ns fall@8.000ns period=16.000ns})
  Destination:            XDMA/inst/udma_wrapper/dma_top/dma_enable.vul_dma/WR/gen_rdwr_loop[0].gen_rdwr_eng.RDWR_INST/rcp_rcv_amt_101_reg_0_15_4_4/SP/WADR3
                            (rising edge-triggered cell RAMD32 clocked by userclk1  {rise@0.000ns fall@8.000ns period=16.000ns})
  Path Group:             userclk1
  Path Type:              Hold (Min at Fast Process Corner)
  Requirement:            0.000ns  (userclk1 rise@0.000ns - userclk1 rise@0.000ns)
  Data Path Delay:        0.355ns  (logic 0.141ns (39.685%)  route 0.214ns (60.315%))
  Logic Levels:           0  
  Clock Path Skew:        0.038ns (DCD - SCD - CPR)
    Destination Clock Delay (DCD):    2.829ns
    Source Clock Delay      (SCD):    2.202ns
    Clock Pessimism Removal (CPR):    0.590ns

    Location             Delay type                Incr(ns)  Path(ns)    Netlist Resource(s)
  -------------------------------------------------------------------    -------------------
                         (clock userclk1 rise edge)
                                                      0.000     0.000 r  
    GTPE2_CHANNEL_X0Y3   GTPE2_CHANNEL                0.000     0.000 r  XDMA/inst/xdma_v41_m1_pcie2_to_pcie3_wrapper_i/pcie2_ip_i/inst/inst/gt_top_i/pipe_wrapper_i/pipe_lane[0].gt_wrapper_i/gtp_channel.gtpe2_channel_i/TXOUTCLK
                         net (fo=1, routed)           0.473     0.473    XDMA/inst/xdma_v41_m1_pcie2_to_pcie3_wrapper_i/pcie2_ip_i/inst/inst/gt_top_i/pipe_wrapper_i/pipe_clock_int.pipe_clock_i/txoutclk_i.txoutclk_i_0
    BUFGCTRL_X0Y20       BUFG (Prop_bufg_I_O)         0.026     0.499 r  XDMA/inst/xdma_v41_m1_pcie2_to_pcie3_wrapper_i/pcie2_ip_i/inst/inst/gt_top_i/pipe_wrapper_i/pipe_clock_int.pipe_clock_i/txoutclk_i.txoutclk_i/O
                         net (fo=1, routed)           0.551     1.050    XDMA/inst/xdma_v41_m1_pcie2_to_pcie3_wrapper_i/pcie2_ip_i/inst/inst/gt_top_i/pipe_wrapper_i/pipe_clock_int.pipe_clock_i/refclk
    MMCME2_ADV_X0Y0      MMCME2_ADV (Prop_mmcme2_adv_CLKIN1_CLKOUT2)
                                                      0.050     1.100 r  XDMA/inst/xdma_v41_m1_pcie2_to_pcie3_wrapper_i/pcie2_ip_i/inst/inst/gt_top_i/pipe_wrapper_i/pipe_clock_int.pipe_clock_i/mmcm_i/CLKOUT2
                         net (fo=1, routed)           0.489     1.589    XDMA/inst/xdma_v41_m1_pcie2_to_pcie3_wrapper_i/pcie2_ip_i/inst/inst/gt_top_i/pipe_wrapper_i/pipe_clock_int.pipe_clock_i/userclk1
    BUFGCTRL_X0Y0        BUFG (Prop_bufg_I_O)         0.026     1.615 r  XDMA/inst/xdma_v41_m1_pcie2_to_pcie3_wrapper_i/pcie2_ip_i/inst/inst/gt_top_i/pipe_wrapper_i/pipe_clock_int.pipe_clock_i/userclk1_i1.usrclk1_i1/O
                         net (fo=18985, routed)       0.587     2.202    XDMA/inst/udma_wrapper/dma_top/dma_enable.vul_dma/WR/gen_rdwr_loop[0].gen_rdwr_eng.RDWR_INST/user_clk
    SLICE_X5Y63          FDRE                                         r  XDMA/inst/udma_wrapper/dma_top/dma_enable.vul_dma/WR/gen_rdwr_loop[0].gen_rdwr_eng.RDWR_INST/rcp_rid_100_reg[3]/C
  -------------------------------------------------------------------    -------------------
    SLICE_X5Y63          FDRE (Prop_fdre_C_Q)         0.141     2.343 r  XDMA/inst/udma_wrapper/dma_top/dma_enable.vul_dma/WR/gen_rdwr_loop[0].gen_rdwr_eng.RDWR_INST/rcp_rid_100_reg[3]/Q
                         net (fo=95, routed)          0.214     2.557    XDMA/inst/udma_wrapper/dma_top/dma_enable.vul_dma/WR/gen_rdwr_loop[0].gen_rdwr_eng.RDWR_INST/rcp_rcv_amt_101_reg_0_15_4_4/A3
    SLICE_X2Y63          RAMD32                                       r  XDMA/inst/udma_wrapper/dma_top/dma_enable.vul_dma/WR/gen_rdwr_loop[0].gen_rdwr_eng.RDWR_INST/rcp_rcv_amt_101_reg_0_15_4_4/SP/WADR3
  -------------------------------------------------------------------    -------------------

                         (clock userclk1 rise edge)
                                                      0.000     0.000 r  
    GTPE2_CHANNEL_X0Y3   GTPE2_CHANNEL                0.000     0.000 r  XDMA/inst/xdma_v41_m1_pcie2_to_pcie3_wrapper_i/pcie2_ip_i/inst/inst/gt_top_i/pipe_wrapper_i/pipe_lane[0].gt_wrapper_i/gtp_channel.gtpe2_channel_i/TXOUTCLK
                         net (fo=1, routed)           0.509     0.509    XDMA/inst/xdma_v41_m1_pcie2_to_pcie3_wrapper_i/pcie2_ip_i/inst/inst/gt_top_i/pipe_wrapper_i/pipe_clock_int.pipe_clock_i/txoutclk_i.txoutclk_i_0
    BUFGCTRL_X0Y20       BUFG (Prop_bufg_I_O)         0.029     0.538 r  XDMA/inst/xdma_v41_m1_pcie2_to_pcie3_wrapper_i/pcie2_ip_i/inst/inst/gt_top_i/pipe_wrapper_i/pipe_clock_int.pipe_clock_i/txoutclk_i.txoutclk_i/O
                         net (fo=1, routed)           0.818     1.355    XDMA/inst/xdma_v41_m1_pcie2_to_pcie3_wrapper_i/pcie2_ip_i/inst/inst/gt_top_i/pipe_wrapper_i/pipe_clock_int.pipe_clock_i/refclk
    MMCME2_ADV_X0Y0      MMCME2_ADV (Prop_mmcme2_adv_CLKIN1_CLKOUT2)
                                                      0.053     1.408 r  XDMA/inst/xdma_v41_m1_pcie2_to_pcie3_wrapper_i/pcie2_ip_i/inst/inst/gt_top_i/pipe_wrapper_i/pipe_clock_int.pipe_clock_i/mmcm_i/CLKOUT2
                         net (fo=1, routed)           0.534     1.942    XDMA/inst/xdma_v41_m1_pcie2_to_pcie3_wrapper_i/pcie2_ip_i/inst/inst/gt_top_i/pipe_wrapper_i/pipe_clock_int.pipe_clock_i/userclk1
    BUFGCTRL_X0Y0        BUFG (Prop_bufg_I_O)         0.029     1.971 r  XDMA/inst/xdma_v41_m1_pcie2_to_pcie3_wrapper_i/pcie2_ip_i/inst/inst/gt_top_i/pipe_wrapper_i/pipe_clock_int.pipe_clock_i/userclk1_i1.usrclk1_i1/O
                         net (fo=18985, routed)       0.858     2.829    XDMA/inst/udma_wrapper/dma_top/dma_enable.vul_dma/WR/gen_rdwr_loop[0].gen_rdwr_eng.RDWR_INST/rcp_rcv_amt_101_reg_0_15_4_4/WCLK
    SLICE_X2Y63          RAMD32                                       r  XDMA/inst/udma_wrapper/dma_top/dma_enable.vul_dma/WR/gen_rdwr_loop[0].gen_rdwr_eng.RDWR_INST/rcp_rcv_amt_101_reg_0_15_4_4/SP/CLK
                         clock pessimism             -0.590     2.240    
    SLICE_X2Y63          RAMD32 (Hold_ramd32_CLK_WADR3)
                                                      0.240     2.480    XDMA/inst/udma_wrapper/dma_top/dma_enable.vul_dma/WR/gen_rdwr_loop[0].gen_rdwr_eng.RDWR_INST/rcp_rcv_amt_101_reg_0_15_4_4/SP
  -------------------------------------------------------------------
                         required time                         -2.480    
                         arrival time                           2.557    
  -------------------------------------------------------------------
                         slack                                  0.077    

Slack (MET) :             0.078ns  (arrival time - required time)
  Source:                 XDMA/inst/udma_wrapper/dma_top/dma_pcie_req/dma_pcie_rq/wrq_rid_ff_reg[2]/C
                            (rising edge-triggered cell FDRE clocked by userclk1  {rise@0.000ns fall@8.000ns period=16.000ns})
  Destination:            XDMA/inst/udma_wrapper/dma_top/dma_pcie_req/dma_pcie_rq/wtlp_hdr_500_reg[95]/D
                            (rising edge-triggered cell FDRE clocked by userclk1  {rise@0.000ns fall@8.000ns period=16.000ns})
  Path Group:             userclk1
  Path Type:              Hold (Min at Fast Process Corner)
  Requirement:            0.000ns  (userclk1 rise@0.000ns - userclk1 rise@0.000ns)
  Data Path Delay:        0.413ns  (logic 0.141ns (34.114%)  route 0.272ns (65.886%))
  Logic Levels:           0  
  Clock Path Skew:        0.266ns (DCD - SCD - CPR)
    Destination Clock Delay (DCD):    2.791ns
    Source Clock Delay      (SCD):    2.165ns
    Clock Pessimism Removal (CPR):    0.361ns

    Location             Delay type                Incr(ns)  Path(ns)    Netlist Resource(s)
  -------------------------------------------------------------------    -------------------
                         (clock userclk1 rise edge)
                                                      0.000     0.000 r  
    GTPE2_CHANNEL_X0Y3   GTPE2_CHANNEL                0.000     0.000 r  XDMA/inst/xdma_v41_m1_pcie2_to_pcie3_wrapper_i/pcie2_ip_i/inst/inst/gt_top_i/pipe_wrapper_i/pipe_lane[0].gt_wrapper_i/gtp_channel.gtpe2_channel_i/TXOUTCLK
                         net (fo=1, routed)           0.473     0.473    XDMA/inst/xdma_v41_m1_pcie2_to_pcie3_wrapper_i/pcie2_ip_i/inst/inst/gt_top_i/pipe_wrapper_i/pipe_clock_int.pipe_clock_i/txoutclk_i.txoutclk_i_0
    BUFGCTRL_X0Y20       BUFG (Prop_bufg_I_O)         0.026     0.499 r  XDMA/inst/xdma_v41_m1_pcie2_to_pcie3_wrapper_i/pcie2_ip_i/inst/inst/gt_top_i/pipe_wrapper_i/pipe_clock_int.pipe_clock_i/txoutclk_i.txoutclk_i/O
                         net (fo=1, routed)           0.551     1.050    XDMA/inst/xdma_v41_m1_pcie2_to_pcie3_wrapper_i/pcie2_ip_i/inst/inst/gt_top_i/pipe_wrapper_i/pipe_clock_int.pipe_clock_i/refclk
    MMCME2_ADV_X0Y0      MMCME2_ADV (Prop_mmcme2_adv_CLKIN1_CLKOUT2)
                                                      0.050     1.100 r  XDMA/inst/xdma_v41_m1_pcie2_to_pcie3_wrapper_i/pcie2_ip_i/inst/inst/gt_top_i/pipe_wrapper_i/pipe_clock_int.pipe_clock_i/mmcm_i/CLKOUT2
                         net (fo=1, routed)           0.489     1.589    XDMA/inst/xdma_v41_m1_pcie2_to_pcie3_wrapper_i/pcie2_ip_i/inst/inst/gt_top_i/pipe_wrapper_i/pipe_clock_int.pipe_clock_i/userclk1
    BUFGCTRL_X0Y0        BUFG (Prop_bufg_I_O)         0.026     1.615 r  XDMA/inst/xdma_v41_m1_pcie2_to_pcie3_wrapper_i/pcie2_ip_i/inst/inst/gt_top_i/pipe_wrapper_i/pipe_clock_int.pipe_clock_i/userclk1_i1.usrclk1_i1/O
                         net (fo=18985, routed)       0.550     2.165    XDMA/inst/udma_wrapper/dma_top/dma_pcie_req/dma_pcie_rq/user_clk
    SLICE_X35Y78         FDRE                                         r  XDMA/inst/udma_wrapper/dma_top/dma_pcie_req/dma_pcie_rq/wrq_rid_ff_reg[2]/C
  -------------------------------------------------------------------    -------------------
    SLICE_X35Y78         FDRE (Prop_fdre_C_Q)         0.141     2.306 r  XDMA/inst/udma_wrapper/dma_top/dma_pcie_req/dma_pcie_rq/wrq_rid_ff_reg[2]/Q
                         net (fo=1, routed)           0.272     2.578    XDMA/inst/udma_wrapper/dma_top/dma_pcie_req/dma_pcie_rq/wrq_rid_ff[2]
    SLICE_X45Y79         FDRE                                         r  XDMA/inst/udma_wrapper/dma_top/dma_pcie_req/dma_pcie_rq/wtlp_hdr_500_reg[95]/D
  -------------------------------------------------------------------    -------------------

                         (clock userclk1 rise edge)
                                                      0.000     0.000 r  
    GTPE2_CHANNEL_X0Y3   GTPE2_CHANNEL                0.000     0.000 r  XDMA/inst/xdma_v41_m1_pcie2_to_pcie3_wrapper_i/pcie2_ip_i/inst/inst/gt_top_i/pipe_wrapper_i/pipe_lane[0].gt_wrapper_i/gtp_channel.gtpe2_channel_i/TXOUTCLK
                         net (fo=1, routed)           0.509     0.509    XDMA/inst/xdma_v41_m1_pcie2_to_pcie3_wrapper_i/pcie2_ip_i/inst/inst/gt_top_i/pipe_wrapper_i/pipe_clock_int.pipe_clock_i/txoutclk_i.txoutclk_i_0
    BUFGCTRL_X0Y20       BUFG (Prop_bufg_I_O)         0.029     0.538 r  XDMA/inst/xdma_v41_m1_pcie2_to_pcie3_wrapper_i/pcie2_ip_i/inst/inst/gt_top_i/pipe_wrapper_i/pipe_clock_int.pipe_clock_i/txoutclk_i.txoutclk_i/O
                         net (fo=1, routed)           0.818     1.355    XDMA/inst/xdma_v41_m1_pcie2_to_pcie3_wrapper_i/pcie2_ip_i/inst/inst/gt_top_i/pipe_wrapper_i/pipe_clock_int.pipe_clock_i/refclk
    MMCME2_ADV_X0Y0      MMCME2_ADV (Prop_mmcme2_adv_CLKIN1_CLKOUT2)
                                                      0.053     1.408 r  XDMA/inst/xdma_v41_m1_pcie2_to_pcie3_wrapper_i/pcie2_ip_i/inst/inst/gt_top_i/pipe_wrapper_i/pipe_clock_int.pipe_clock_i/mmcm_i/CLKOUT2
                         net (fo=1, routed)           0.534     1.942    XDMA/inst/xdma_v41_m1_pcie2_to_pcie3_wrapper_i/pcie2_ip_i/inst/inst/gt_top_i/pipe_wrapper_i/pipe_clock_int.pipe_clock_i/userclk1
    BUFGCTRL_X0Y0        BUFG (Prop_bufg_I_O)         0.029     1.971 r  XDMA/inst/xdma_v41_m1_pcie2_to_pcie3_wrapper_i/pcie2_ip_i/inst/inst/gt_top_i/pipe_wrapper_i/pipe_clock_int.pipe_clock_i/userclk1_i1.usrclk1_i1/O
                         net (fo=18985, routed)       0.821     2.791    XDMA/inst/udma_wrapper/dma_top/dma_pcie_req/dma_pcie_rq/user_clk
    SLICE_X45Y79         FDRE                                         r  XDMA/inst/udma_wrapper/dma_top/dma_pcie_req/dma_pcie_rq/wtlp_hdr_500_reg[95]/C
                         clock pessimism             -0.361     2.431    
    SLICE_X45Y79         FDRE (Hold_fdre_C_D)         0.070     2.500    XDMA/inst/udma_wrapper/dma_top/dma_pcie_req/dma_pcie_rq/wtlp_hdr_500_reg[95]
  -------------------------------------------------------------------
                         required time                         -2.501    
                         arrival time                           2.578    
  -------------------------------------------------------------------
                         slack                                  0.078    

Slack (MET) :             0.078ns  (arrival time - required time)
  Source:                 XDMA/inst/udma_wrapper/dma_top/dma_pcie_req/TAG_FIFO_EVEN/WrPtr_reg[2]/C
                            (rising edge-triggered cell FDRE clocked by userclk1  {rise@0.000ns fall@8.000ns period=16.000ns})
  Destination:            XDMA/inst/udma_wrapper/dma_top/TAG_FIFO_EVEN/MemArray_reg_0_31_0_4/RAMA/WADR2
                            (rising edge-triggered cell RAMD32 clocked by userclk1  {rise@0.000ns fall@8.000ns period=16.000ns})
  Path Group:             userclk1
  Path Type:              Hold (Min at Fast Process Corner)
  Requirement:            0.000ns  (userclk1 rise@0.000ns - userclk1 rise@0.000ns)
  Data Path Delay:        0.368ns  (logic 0.141ns (38.361%)  route 0.227ns (61.639%))
  Logic Levels:           0  
  Clock Path Skew:        0.036ns (DCD - SCD - CPR)
    Destination Clock Delay (DCD):    2.885ns
    Source Clock Delay      (SCD):    2.255ns
    Clock Pessimism Removal (CPR):    0.594ns

    Location             Delay type                Incr(ns)  Path(ns)    Netlist Resource(s)
  -------------------------------------------------------------------    -------------------
                         (clock userclk1 rise edge)
                                                      0.000     0.000 r  
    GTPE2_CHANNEL_X0Y3   GTPE2_CHANNEL                0.000     0.000 r  XDMA/inst/xdma_v41_m1_pcie2_to_pcie3_wrapper_i/pcie2_ip_i/inst/inst/gt_top_i/pipe_wrapper_i/pipe_lane[0].gt_wrapper_i/gtp_channel.gtpe2_channel_i/TXOUTCLK
                         net (fo=1, routed)           0.473     0.473    XDMA/inst/xdma_v41_m1_pcie2_to_pcie3_wrapper_i/pcie2_ip_i/inst/inst/gt_top_i/pipe_wrapper_i/pipe_clock_int.pipe_clock_i/txoutclk_i.txoutclk_i_0
    BUFGCTRL_X0Y20       BUFG (Prop_bufg_I_O)         0.026     0.499 r  XDMA/inst/xdma_v41_m1_pcie2_to_pcie3_wrapper_i/pcie2_ip_i/inst/inst/gt_top_i/pipe_wrapper_i/pipe_clock_int.pipe_clock_i/txoutclk_i.txoutclk_i/O
                         net (fo=1, routed)           0.551     1.050    XDMA/inst/xdma_v41_m1_pcie2_to_pcie3_wrapper_i/pcie2_ip_i/inst/inst/gt_top_i/pipe_wrapper_i/pipe_clock_int.pipe_clock_i/refclk
    MMCME2_ADV_X0Y0      MMCME2_ADV (Prop_mmcme2_adv_CLKIN1_CLKOUT2)
                                                      0.050     1.100 r  XDMA/inst/xdma_v41_m1_pcie2_to_pcie3_wrapper_i/pcie2_ip_i/inst/inst/gt_top_i/pipe_wrapper_i/pipe_clock_int.pipe_clock_i/mmcm_i/CLKOUT2
                         net (fo=1, routed)           0.489     1.589    XDMA/inst/xdma_v41_m1_pcie2_to_pcie3_wrapper_i/pcie2_ip_i/inst/inst/gt_top_i/pipe_wrapper_i/pipe_clock_int.pipe_clock_i/userclk1
    BUFGCTRL_X0Y0        BUFG (Prop_bufg_I_O)         0.026     1.615 r  XDMA/inst/xdma_v41_m1_pcie2_to_pcie3_wrapper_i/pcie2_ip_i/inst/inst/gt_top_i/pipe_wrapper_i/pipe_clock_int.pipe_clock_i/userclk1_i1.usrclk1_i1/O
                         net (fo=18985, routed)       0.640     2.255    XDMA/inst/udma_wrapper/dma_top/dma_pcie_req/TAG_FIFO_EVEN/user_clk
    SLICE_X29Y112        FDRE                                         r  XDMA/inst/udma_wrapper/dma_top/dma_pcie_req/TAG_FIFO_EVEN/WrPtr_reg[2]/C
  -------------------------------------------------------------------    -------------------
    SLICE_X29Y112        FDRE (Prop_fdre_C_Q)         0.141     2.396 r  XDMA/inst/udma_wrapper/dma_top/dma_pcie_req/TAG_FIFO_EVEN/WrPtr_reg[2]/Q
                         net (fo=11, routed)          0.227     2.623    XDMA/inst/udma_wrapper/dma_top/TAG_FIFO_EVEN/MemArray_reg_0_31_0_4/ADDRD2
    SLICE_X30Y111        RAMD32                                       r  XDMA/inst/udma_wrapper/dma_top/TAG_FIFO_EVEN/MemArray_reg_0_31_0_4/RAMA/WADR2
  -------------------------------------------------------------------    -------------------

                         (clock userclk1 rise edge)
                                                      0.000     0.000 r  
    GTPE2_CHANNEL_X0Y3   GTPE2_CHANNEL                0.000     0.000 r  XDMA/inst/xdma_v41_m1_pcie2_to_pcie3_wrapper_i/pcie2_ip_i/inst/inst/gt_top_i/pipe_wrapper_i/pipe_lane[0].gt_wrapper_i/gtp_channel.gtpe2_channel_i/TXOUTCLK
                         net (fo=1, routed)           0.509     0.509    XDMA/inst/xdma_v41_m1_pcie2_to_pcie3_wrapper_i/pcie2_ip_i/inst/inst/gt_top_i/pipe_wrapper_i/pipe_clock_int.pipe_clock_i/txoutclk_i.txoutclk_i_0
    BUFGCTRL_X0Y20       BUFG (Prop_bufg_I_O)         0.029     0.538 r  XDMA/inst/xdma_v41_m1_pcie2_to_pcie3_wrapper_i/pcie2_ip_i/inst/inst/gt_top_i/pipe_wrapper_i/pipe_clock_int.pipe_clock_i/txoutclk_i.txoutclk_i/O
                         net (fo=1, routed)           0.818     1.355    XDMA/inst/xdma_v41_m1_pcie2_to_pcie3_wrapper_i/pcie2_ip_i/inst/inst/gt_top_i/pipe_wrapper_i/pipe_clock_int.pipe_clock_i/refclk
    MMCME2_ADV_X0Y0      MMCME2_ADV (Prop_mmcme2_adv_CLKIN1_CLKOUT2)
                                                      0.053     1.408 r  XDMA/inst/xdma_v41_m1_pcie2_to_pcie3_wrapper_i/pcie2_ip_i/inst/inst/gt_top_i/pipe_wrapper_i/pipe_clock_int.pipe_clock_i/mmcm_i/CLKOUT2
                         net (fo=1, routed)           0.534     1.942    XDMA/inst/xdma_v41_m1_pcie2_to_pcie3_wrapper_i/pcie2_ip_i/inst/inst/gt_top_i/pipe_wrapper_i/pipe_clock_int.pipe_clock_i/userclk1
    BUFGCTRL_X0Y0        BUFG (Prop_bufg_I_O)         0.029     1.971 r  XDMA/inst/xdma_v41_m1_pcie2_to_pcie3_wrapper_i/pcie2_ip_i/inst/inst/gt_top_i/pipe_wrapper_i/pipe_clock_int.pipe_clock_i/userclk1_i1.usrclk1_i1/O
                         net (fo=18985, routed)       0.914     2.885    XDMA/inst/udma_wrapper/dma_top/TAG_FIFO_EVEN/MemArray_reg_0_31_0_4/WCLK
    SLICE_X30Y111        RAMD32                                       r  XDMA/inst/udma_wrapper/dma_top/TAG_FIFO_EVEN/MemArray_reg_0_31_0_4/RAMA/CLK
                         clock pessimism             -0.594     2.291    
    SLICE_X30Y111        RAMD32 (Hold_ramd32_CLK_WADR2)
                                                      0.254     2.545    XDMA/inst/udma_wrapper/dma_top/TAG_FIFO_EVEN/MemArray_reg_0_31_0_4/RAMA
  -------------------------------------------------------------------
                         required time                         -2.545    
                         arrival time                           2.623    
  -------------------------------------------------------------------
                         slack                                  0.078    

Slack (MET) :             0.078ns  (arrival time - required time)
  Source:                 XDMA/inst/udma_wrapper/dma_top/dma_pcie_req/TAG_FIFO_EVEN/WrPtr_reg[2]/C
                            (rising edge-triggered cell FDRE clocked by userclk1  {rise@0.000ns fall@8.000ns period=16.000ns})
  Destination:            XDMA/inst/udma_wrapper/dma_top/TAG_FIFO_EVEN/MemArray_reg_0_31_0_4/RAMA_D1/WADR2
                            (rising edge-triggered cell RAMD32 clocked by userclk1  {rise@0.000ns fall@8.000ns period=16.000ns})
  Path Group:             userclk1
  Path Type:              Hold (Min at Fast Process Corner)
  Requirement:            0.000ns  (userclk1 rise@0.000ns - userclk1 rise@0.000ns)
  Data Path Delay:        0.368ns  (logic 0.141ns (38.361%)  route 0.227ns (61.639%))
  Logic Levels:           0  
  Clock Path Skew:        0.036ns (DCD - SCD - CPR)
    Destination Clock Delay (DCD):    2.885ns
    Source Clock Delay      (SCD):    2.255ns
    Clock Pessimism Removal (CPR):    0.594ns

    Location             Delay type                Incr(ns)  Path(ns)    Netlist Resource(s)
  -------------------------------------------------------------------    -------------------
                         (clock userclk1 rise edge)
                                                      0.000     0.000 r  
    GTPE2_CHANNEL_X0Y3   GTPE2_CHANNEL                0.000     0.000 r  XDMA/inst/xdma_v41_m1_pcie2_to_pcie3_wrapper_i/pcie2_ip_i/inst/inst/gt_top_i/pipe_wrapper_i/pipe_lane[0].gt_wrapper_i/gtp_channel.gtpe2_channel_i/TXOUTCLK
                         net (fo=1, routed)           0.473     0.473    XDMA/inst/xdma_v41_m1_pcie2_to_pcie3_wrapper_i/pcie2_ip_i/inst/inst/gt_top_i/pipe_wrapper_i/pipe_clock_int.pipe_clock_i/txoutclk_i.txoutclk_i_0
    BUFGCTRL_X0Y20       BUFG (Prop_bufg_I_O)         0.026     0.499 r  XDMA/inst/xdma_v41_m1_pcie2_to_pcie3_wrapper_i/pcie2_ip_i/inst/inst/gt_top_i/pipe_wrapper_i/pipe_clock_int.pipe_clock_i/txoutclk_i.txoutclk_i/O
                         net (fo=1, routed)           0.551     1.050    XDMA/inst/xdma_v41_m1_pcie2_to_pcie3_wrapper_i/pcie2_ip_i/inst/inst/gt_top_i/pipe_wrapper_i/pipe_clock_int.pipe_clock_i/refclk
    MMCME2_ADV_X0Y0      MMCME2_ADV (Prop_mmcme2_adv_CLKIN1_CLKOUT2)
                                                      0.050     1.100 r  XDMA/inst/xdma_v41_m1_pcie2_to_pcie3_wrapper_i/pcie2_ip_i/inst/inst/gt_top_i/pipe_wrapper_i/pipe_clock_int.pipe_clock_i/mmcm_i/CLKOUT2
                         net (fo=1, routed)           0.489     1.589    XDMA/inst/xdma_v41_m1_pcie2_to_pcie3_wrapper_i/pcie2_ip_i/inst/inst/gt_top_i/pipe_wrapper_i/pipe_clock_int.pipe_clock_i/userclk1
    BUFGCTRL_X0Y0        BUFG (Prop_bufg_I_O)         0.026     1.615 r  XDMA/inst/xdma_v41_m1_pcie2_to_pcie3_wrapper_i/pcie2_ip_i/inst/inst/gt_top_i/pipe_wrapper_i/pipe_clock_int.pipe_clock_i/userclk1_i1.usrclk1_i1/O
                         net (fo=18985, routed)       0.640     2.255    XDMA/inst/udma_wrapper/dma_top/dma_pcie_req/TAG_FIFO_EVEN/user_clk
    SLICE_X29Y112        FDRE                                         r  XDMA/inst/udma_wrapper/dma_top/dma_pcie_req/TAG_FIFO_EVEN/WrPtr_reg[2]/C
  -------------------------------------------------------------------    -------------------
    SLICE_X29Y112        FDRE (Prop_fdre_C_Q)         0.141     2.396 r  XDMA/inst/udma_wrapper/dma_top/dma_pcie_req/TAG_FIFO_EVEN/WrPtr_reg[2]/Q
                         net (fo=11, routed)          0.227     2.623    XDMA/inst/udma_wrapper/dma_top/TAG_FIFO_EVEN/MemArray_reg_0_31_0_4/ADDRD2
    SLICE_X30Y111        RAMD32                                       r  XDMA/inst/udma_wrapper/dma_top/TAG_FIFO_EVEN/MemArray_reg_0_31_0_4/RAMA_D1/WADR2
  -------------------------------------------------------------------    -------------------

                         (clock userclk1 rise edge)
                                                      0.000     0.000 r  
    GTPE2_CHANNEL_X0Y3   GTPE2_CHANNEL                0.000     0.000 r  XDMA/inst/xdma_v41_m1_pcie2_to_pcie3_wrapper_i/pcie2_ip_i/inst/inst/gt_top_i/pipe_wrapper_i/pipe_lane[0].gt_wrapper_i/gtp_channel.gtpe2_channel_i/TXOUTCLK
                         net (fo=1, routed)           0.509     0.509    XDMA/inst/xdma_v41_m1_pcie2_to_pcie3_wrapper_i/pcie2_ip_i/inst/inst/gt_top_i/pipe_wrapper_i/pipe_clock_int.pipe_clock_i/txoutclk_i.txoutclk_i_0
    BUFGCTRL_X0Y20       BUFG (Prop_bufg_I_O)         0.029     0.538 r  XDMA/inst/xdma_v41_m1_pcie2_to_pcie3_wrapper_i/pcie2_ip_i/inst/inst/gt_top_i/pipe_wrapper_i/pipe_clock_int.pipe_clock_i/txoutclk_i.txoutclk_i/O
                         net (fo=1, routed)           0.818     1.355    XDMA/inst/xdma_v41_m1_pcie2_to_pcie3_wrapper_i/pcie2_ip_i/inst/inst/gt_top_i/pipe_wrapper_i/pipe_clock_int.pipe_clock_i/refclk
    MMCME2_ADV_X0Y0      MMCME2_ADV (Prop_mmcme2_adv_CLKIN1_CLKOUT2)
                                                      0.053     1.408 r  XDMA/inst/xdma_v41_m1_pcie2_to_pcie3_wrapper_i/pcie2_ip_i/inst/inst/gt_top_i/pipe_wrapper_i/pipe_clock_int.pipe_clock_i/mmcm_i/CLKOUT2
                         net (fo=1, routed)           0.534     1.942    XDMA/inst/xdma_v41_m1_pcie2_to_pcie3_wrapper_i/pcie2_ip_i/inst/inst/gt_top_i/pipe_wrapper_i/pipe_clock_int.pipe_clock_i/userclk1
    BUFGCTRL_X0Y0        BUFG (Prop_bufg_I_O)         0.029     1.971 r  XDMA/inst/xdma_v41_m1_pcie2_to_pcie3_wrapper_i/pcie2_ip_i/inst/inst/gt_top_i/pipe_wrapper_i/pipe_clock_int.pipe_clock_i/userclk1_i1.usrclk1_i1/O
                         net (fo=18985, routed)       0.914     2.885    XDMA/inst/udma_wrapper/dma_top/TAG_FIFO_EVEN/MemArray_reg_0_31_0_4/WCLK
    SLICE_X30Y111        RAMD32                                       r  XDMA/inst/udma_wrapper/dma_top/TAG_FIFO_EVEN/MemArray_reg_0_31_0_4/RAMA_D1/CLK
                         clock pessimism             -0.594     2.291    
    SLICE_X30Y111        RAMD32 (Hold_ramd32_CLK_WADR2)
                                                      0.254     2.545    XDMA/inst/udma_wrapper/dma_top/TAG_FIFO_EVEN/MemArray_reg_0_31_0_4/RAMA_D1
  -------------------------------------------------------------------
                         required time                         -2.545    
                         arrival time                           2.623    
  -------------------------------------------------------------------
                         slack                                  0.078    

Slack (MET) :             0.078ns  (arrival time - required time)
  Source:                 XDMA/inst/udma_wrapper/dma_top/dma_pcie_req/TAG_FIFO_EVEN/WrPtr_reg[2]/C
                            (rising edge-triggered cell FDRE clocked by userclk1  {rise@0.000ns fall@8.000ns period=16.000ns})
  Destination:            XDMA/inst/udma_wrapper/dma_top/TAG_FIFO_EVEN/MemArray_reg_0_31_0_4/RAMB/WADR2
                            (rising edge-triggered cell RAMD32 clocked by userclk1  {rise@0.000ns fall@8.000ns period=16.000ns})
  Path Group:             userclk1
  Path Type:              Hold (Min at Fast Process Corner)
  Requirement:            0.000ns  (userclk1 rise@0.000ns - userclk1 rise@0.000ns)
  Data Path Delay:        0.368ns  (logic 0.141ns (38.361%)  route 0.227ns (61.639%))
  Logic Levels:           0  
  Clock Path Skew:        0.036ns (DCD - SCD - CPR)
    Destination Clock Delay (DCD):    2.885ns
    Source Clock Delay      (SCD):    2.255ns
    Clock Pessimism Removal (CPR):    0.594ns

    Location             Delay type                Incr(ns)  Path(ns)    Netlist Resource(s)
  -------------------------------------------------------------------    -------------------
                         (clock userclk1 rise edge)
                                                      0.000     0.000 r  
    GTPE2_CHANNEL_X0Y3   GTPE2_CHANNEL                0.000     0.000 r  XDMA/inst/xdma_v41_m1_pcie2_to_pcie3_wrapper_i/pcie2_ip_i/inst/inst/gt_top_i/pipe_wrapper_i/pipe_lane[0].gt_wrapper_i/gtp_channel.gtpe2_channel_i/TXOUTCLK
                         net (fo=1, routed)           0.473     0.473    XDMA/inst/xdma_v41_m1_pcie2_to_pcie3_wrapper_i/pcie2_ip_i/inst/inst/gt_top_i/pipe_wrapper_i/pipe_clock_int.pipe_clock_i/txoutclk_i.txoutclk_i_0
    BUFGCTRL_X0Y20       BUFG (Prop_bufg_I_O)         0.026     0.499 r  XDMA/inst/xdma_v41_m1_pcie2_to_pcie3_wrapper_i/pcie2_ip_i/inst/inst/gt_top_i/pipe_wrapper_i/pipe_clock_int.pipe_clock_i/txoutclk_i.txoutclk_i/O
                         net (fo=1, routed)           0.551     1.050    XDMA/inst/xdma_v41_m1_pcie2_to_pcie3_wrapper_i/pcie2_ip_i/inst/inst/gt_top_i/pipe_wrapper_i/pipe_clock_int.pipe_clock_i/refclk
    MMCME2_ADV_X0Y0      MMCME2_ADV (Prop_mmcme2_adv_CLKIN1_CLKOUT2)
                                                      0.050     1.100 r  XDMA/inst/xdma_v41_m1_pcie2_to_pcie3_wrapper_i/pcie2_ip_i/inst/inst/gt_top_i/pipe_wrapper_i/pipe_clock_int.pipe_clock_i/mmcm_i/CLKOUT2
                         net (fo=1, routed)           0.489     1.589    XDMA/inst/xdma_v41_m1_pcie2_to_pcie3_wrapper_i/pcie2_ip_i/inst/inst/gt_top_i/pipe_wrapper_i/pipe_clock_int.pipe_clock_i/userclk1
    BUFGCTRL_X0Y0        BUFG (Prop_bufg_I_O)         0.026     1.615 r  XDMA/inst/xdma_v41_m1_pcie2_to_pcie3_wrapper_i/pcie2_ip_i/inst/inst/gt_top_i/pipe_wrapper_i/pipe_clock_int.pipe_clock_i/userclk1_i1.usrclk1_i1/O
                         net (fo=18985, routed)       0.640     2.255    XDMA/inst/udma_wrapper/dma_top/dma_pcie_req/TAG_FIFO_EVEN/user_clk
    SLICE_X29Y112        FDRE                                         r  XDMA/inst/udma_wrapper/dma_top/dma_pcie_req/TAG_FIFO_EVEN/WrPtr_reg[2]/C
  -------------------------------------------------------------------    -------------------
    SLICE_X29Y112        FDRE (Prop_fdre_C_Q)         0.141     2.396 r  XDMA/inst/udma_wrapper/dma_top/dma_pcie_req/TAG_FIFO_EVEN/WrPtr_reg[2]/Q
                         net (fo=11, routed)          0.227     2.623    XDMA/inst/udma_wrapper/dma_top/TAG_FIFO_EVEN/MemArray_reg_0_31_0_4/ADDRD2
    SLICE_X30Y111        RAMD32                                       r  XDMA/inst/udma_wrapper/dma_top/TAG_FIFO_EVEN/MemArray_reg_0_31_0_4/RAMB/WADR2
  -------------------------------------------------------------------    -------------------

                         (clock userclk1 rise edge)
                                                      0.000     0.000 r  
    GTPE2_CHANNEL_X0Y3   GTPE2_CHANNEL                0.000     0.000 r  XDMA/inst/xdma_v41_m1_pcie2_to_pcie3_wrapper_i/pcie2_ip_i/inst/inst/gt_top_i/pipe_wrapper_i/pipe_lane[0].gt_wrapper_i/gtp_channel.gtpe2_channel_i/TXOUTCLK
                         net (fo=1, routed)           0.509     0.509    XDMA/inst/xdma_v41_m1_pcie2_to_pcie3_wrapper_i/pcie2_ip_i/inst/inst/gt_top_i/pipe_wrapper_i/pipe_clock_int.pipe_clock_i/txoutclk_i.txoutclk_i_0
    BUFGCTRL_X0Y20       BUFG (Prop_bufg_I_O)         0.029     0.538 r  XDMA/inst/xdma_v41_m1_pcie2_to_pcie3_wrapper_i/pcie2_ip_i/inst/inst/gt_top_i/pipe_wrapper_i/pipe_clock_int.pipe_clock_i/txoutclk_i.txoutclk_i/O
                         net (fo=1, routed)           0.818     1.355    XDMA/inst/xdma_v41_m1_pcie2_to_pcie3_wrapper_i/pcie2_ip_i/inst/inst/gt_top_i/pipe_wrapper_i/pipe_clock_int.pipe_clock_i/refclk
    MMCME2_ADV_X0Y0      MMCME2_ADV (Prop_mmcme2_adv_CLKIN1_CLKOUT2)
                                                      0.053     1.408 r  XDMA/inst/xdma_v41_m1_pcie2_to_pcie3_wrapper_i/pcie2_ip_i/inst/inst/gt_top_i/pipe_wrapper_i/pipe_clock_int.pipe_clock_i/mmcm_i/CLKOUT2
                         net (fo=1, routed)           0.534     1.942    XDMA/inst/xdma_v41_m1_pcie2_to_pcie3_wrapper_i/pcie2_ip_i/inst/inst/gt_top_i/pipe_wrapper_i/pipe_clock_int.pipe_clock_i/userclk1
    BUFGCTRL_X0Y0        BUFG (Prop_bufg_I_O)         0.029     1.971 r  XDMA/inst/xdma_v41_m1_pcie2_to_pcie3_wrapper_i/pcie2_ip_i/inst/inst/gt_top_i/pipe_wrapper_i/pipe_clock_int.pipe_clock_i/userclk1_i1.usrclk1_i1/O
                         net (fo=18985, routed)       0.914     2.885    XDMA/inst/udma_wrapper/dma_top/TAG_FIFO_EVEN/MemArray_reg_0_31_0_4/WCLK
    SLICE_X30Y111        RAMD32                                       r  XDMA/inst/udma_wrapper/dma_top/TAG_FIFO_EVEN/MemArray_reg_0_31_0_4/RAMB/CLK
                         clock pessimism             -0.594     2.291    
    SLICE_X30Y111        RAMD32 (Hold_ramd32_CLK_WADR2)
                                                      0.254     2.545    XDMA/inst/udma_wrapper/dma_top/TAG_FIFO_EVEN/MemArray_reg_0_31_0_4/RAMB
  -------------------------------------------------------------------
                         required time                         -2.545    
                         arrival time                           2.623    
  -------------------------------------------------------------------
                         slack                                  0.078    

Slack (MET) :             0.078ns  (arrival time - required time)
  Source:                 XDMA/inst/udma_wrapper/dma_top/dma_pcie_req/TAG_FIFO_EVEN/WrPtr_reg[2]/C
                            (rising edge-triggered cell FDRE clocked by userclk1  {rise@0.000ns fall@8.000ns period=16.000ns})
  Destination:            XDMA/inst/udma_wrapper/dma_top/TAG_FIFO_EVEN/MemArray_reg_0_31_0_4/RAMB_D1/WADR2
                            (rising edge-triggered cell RAMD32 clocked by userclk1  {rise@0.000ns fall@8.000ns period=16.000ns})
  Path Group:             userclk1
  Path Type:              Hold (Min at Fast Process Corner)
  Requirement:            0.000ns  (userclk1 rise@0.000ns - userclk1 rise@0.000ns)
  Data Path Delay:        0.368ns  (logic 0.141ns (38.361%)  route 0.227ns (61.639%))
  Logic Levels:           0  
  Clock Path Skew:        0.036ns (DCD - SCD - CPR)
    Destination Clock Delay (DCD):    2.885ns
    Source Clock Delay      (SCD):    2.255ns
    Clock Pessimism Removal (CPR):    0.594ns

    Location             Delay type                Incr(ns)  Path(ns)    Netlist Resource(s)
  -------------------------------------------------------------------    -------------------
                         (clock userclk1 rise edge)
                                                      0.000     0.000 r  
    GTPE2_CHANNEL_X0Y3   GTPE2_CHANNEL                0.000     0.000 r  XDMA/inst/xdma_v41_m1_pcie2_to_pcie3_wrapper_i/pcie2_ip_i/inst/inst/gt_top_i/pipe_wrapper_i/pipe_lane[0].gt_wrapper_i/gtp_channel.gtpe2_channel_i/TXOUTCLK
                         net (fo=1, routed)           0.473     0.473    XDMA/inst/xdma_v41_m1_pcie2_to_pcie3_wrapper_i/pcie2_ip_i/inst/inst/gt_top_i/pipe_wrapper_i/pipe_clock_int.pipe_clock_i/txoutclk_i.txoutclk_i_0
    BUFGCTRL_X0Y20       BUFG (Prop_bufg_I_O)         0.026     0.499 r  XDMA/inst/xdma_v41_m1_pcie2_to_pcie3_wrapper_i/pcie2_ip_i/inst/inst/gt_top_i/pipe_wrapper_i/pipe_clock_int.pipe_clock_i/txoutclk_i.txoutclk_i/O
                         net (fo=1, routed)           0.551     1.050    XDMA/inst/xdma_v41_m1_pcie2_to_pcie3_wrapper_i/pcie2_ip_i/inst/inst/gt_top_i/pipe_wrapper_i/pipe_clock_int.pipe_clock_i/refclk
    MMCME2_ADV_X0Y0      MMCME2_ADV (Prop_mmcme2_adv_CLKIN1_CLKOUT2)
                                                      0.050     1.100 r  XDMA/inst/xdma_v41_m1_pcie2_to_pcie3_wrapper_i/pcie2_ip_i/inst/inst/gt_top_i/pipe_wrapper_i/pipe_clock_int.pipe_clock_i/mmcm_i/CLKOUT2
                         net (fo=1, routed)           0.489     1.589    XDMA/inst/xdma_v41_m1_pcie2_to_pcie3_wrapper_i/pcie2_ip_i/inst/inst/gt_top_i/pipe_wrapper_i/pipe_clock_int.pipe_clock_i/userclk1
    BUFGCTRL_X0Y0        BUFG (Prop_bufg_I_O)         0.026     1.615 r  XDMA/inst/xdma_v41_m1_pcie2_to_pcie3_wrapper_i/pcie2_ip_i/inst/inst/gt_top_i/pipe_wrapper_i/pipe_clock_int.pipe_clock_i/userclk1_i1.usrclk1_i1/O
                         net (fo=18985, routed)       0.640     2.255    XDMA/inst/udma_wrapper/dma_top/dma_pcie_req/TAG_FIFO_EVEN/user_clk
    SLICE_X29Y112        FDRE                                         r  XDMA/inst/udma_wrapper/dma_top/dma_pcie_req/TAG_FIFO_EVEN/WrPtr_reg[2]/C
  -------------------------------------------------------------------    -------------------
    SLICE_X29Y112        FDRE (Prop_fdre_C_Q)         0.141     2.396 r  XDMA/inst/udma_wrapper/dma_top/dma_pcie_req/TAG_FIFO_EVEN/WrPtr_reg[2]/Q
                         net (fo=11, routed)          0.227     2.623    XDMA/inst/udma_wrapper/dma_top/TAG_FIFO_EVEN/MemArray_reg_0_31_0_4/ADDRD2
    SLICE_X30Y111        RAMD32                                       r  XDMA/inst/udma_wrapper/dma_top/TAG_FIFO_EVEN/MemArray_reg_0_31_0_4/RAMB_D1/WADR2
  -------------------------------------------------------------------    -------------------

                         (clock userclk1 rise edge)
                                                      0.000     0.000 r  
    GTPE2_CHANNEL_X0Y3   GTPE2_CHANNEL                0.000     0.000 r  XDMA/inst/xdma_v41_m1_pcie2_to_pcie3_wrapper_i/pcie2_ip_i/inst/inst/gt_top_i/pipe_wrapper_i/pipe_lane[0].gt_wrapper_i/gtp_channel.gtpe2_channel_i/TXOUTCLK
                         net (fo=1, routed)           0.509     0.509    XDMA/inst/xdma_v41_m1_pcie2_to_pcie3_wrapper_i/pcie2_ip_i/inst/inst/gt_top_i/pipe_wrapper_i/pipe_clock_int.pipe_clock_i/txoutclk_i.txoutclk_i_0
    BUFGCTRL_X0Y20       BUFG (Prop_bufg_I_O)         0.029     0.538 r  XDMA/inst/xdma_v41_m1_pcie2_to_pcie3_wrapper_i/pcie2_ip_i/inst/inst/gt_top_i/pipe_wrapper_i/pipe_clock_int.pipe_clock_i/txoutclk_i.txoutclk_i/O
                         net (fo=1, routed)           0.818     1.355    XDMA/inst/xdma_v41_m1_pcie2_to_pcie3_wrapper_i/pcie2_ip_i/inst/inst/gt_top_i/pipe_wrapper_i/pipe_clock_int.pipe_clock_i/refclk
    MMCME2_ADV_X0Y0      MMCME2_ADV (Prop_mmcme2_adv_CLKIN1_CLKOUT2)
                                                      0.053     1.408 r  XDMA/inst/xdma_v41_m1_pcie2_to_pcie3_wrapper_i/pcie2_ip_i/inst/inst/gt_top_i/pipe_wrapper_i/pipe_clock_int.pipe_clock_i/mmcm_i/CLKOUT2
                         net (fo=1, routed)           0.534     1.942    XDMA/inst/xdma_v41_m1_pcie2_to_pcie3_wrapper_i/pcie2_ip_i/inst/inst/gt_top_i/pipe_wrapper_i/pipe_clock_int.pipe_clock_i/userclk1
    BUFGCTRL_X0Y0        BUFG (Prop_bufg_I_O)         0.029     1.971 r  XDMA/inst/xdma_v41_m1_pcie2_to_pcie3_wrapper_i/pcie2_ip_i/inst/inst/gt_top_i/pipe_wrapper_i/pipe_clock_int.pipe_clock_i/userclk1_i1.usrclk1_i1/O
                         net (fo=18985, routed)       0.914     2.885    XDMA/inst/udma_wrapper/dma_top/TAG_FIFO_EVEN/MemArray_reg_0_31_0_4/WCLK
    SLICE_X30Y111        RAMD32                                       r  XDMA/inst/udma_wrapper/dma_top/TAG_FIFO_EVEN/MemArray_reg_0_31_0_4/RAMB_D1/CLK
                         clock pessimism             -0.594     2.291    
    SLICE_X30Y111        RAMD32 (Hold_ramd32_CLK_WADR2)
                                                      0.254     2.545    XDMA/inst/udma_wrapper/dma_top/TAG_FIFO_EVEN/MemArray_reg_0_31_0_4/RAMB_D1
  -------------------------------------------------------------------
                         required time                         -2.545    
                         arrival time                           2.623    
  -------------------------------------------------------------------
                         slack                                  0.078    

Slack (MET) :             0.078ns  (arrival time - required time)
  Source:                 XDMA/inst/udma_wrapper/dma_top/dma_pcie_req/TAG_FIFO_EVEN/WrPtr_reg[2]/C
                            (rising edge-triggered cell FDRE clocked by userclk1  {rise@0.000ns fall@8.000ns period=16.000ns})
  Destination:            XDMA/inst/udma_wrapper/dma_top/TAG_FIFO_EVEN/MemArray_reg_0_31_0_4/RAMC/WADR2
                            (rising edge-triggered cell RAMD32 clocked by userclk1  {rise@0.000ns fall@8.000ns period=16.000ns})
  Path Group:             userclk1
  Path Type:              Hold (Min at Fast Process Corner)
  Requirement:            0.000ns  (userclk1 rise@0.000ns - userclk1 rise@0.000ns)
  Data Path Delay:        0.368ns  (logic 0.141ns (38.361%)  route 0.227ns (61.639%))
  Logic Levels:           0  
  Clock Path Skew:        0.036ns (DCD - SCD - CPR)
    Destination Clock Delay (DCD):    2.885ns
    Source Clock Delay      (SCD):    2.255ns
    Clock Pessimism Removal (CPR):    0.594ns

    Location             Delay type                Incr(ns)  Path(ns)    Netlist Resource(s)
  -------------------------------------------------------------------    -------------------
                         (clock userclk1 rise edge)
                                                      0.000     0.000 r  
    GTPE2_CHANNEL_X0Y3   GTPE2_CHANNEL                0.000     0.000 r  XDMA/inst/xdma_v41_m1_pcie2_to_pcie3_wrapper_i/pcie2_ip_i/inst/inst/gt_top_i/pipe_wrapper_i/pipe_lane[0].gt_wrapper_i/gtp_channel.gtpe2_channel_i/TXOUTCLK
                         net (fo=1, routed)           0.473     0.473    XDMA/inst/xdma_v41_m1_pcie2_to_pcie3_wrapper_i/pcie2_ip_i/inst/inst/gt_top_i/pipe_wrapper_i/pipe_clock_int.pipe_clock_i/txoutclk_i.txoutclk_i_0
    BUFGCTRL_X0Y20       BUFG (Prop_bufg_I_O)         0.026     0.499 r  XDMA/inst/xdma_v41_m1_pcie2_to_pcie3_wrapper_i/pcie2_ip_i/inst/inst/gt_top_i/pipe_wrapper_i/pipe_clock_int.pipe_clock_i/txoutclk_i.txoutclk_i/O
                         net (fo=1, routed)           0.551     1.050    XDMA/inst/xdma_v41_m1_pcie2_to_pcie3_wrapper_i/pcie2_ip_i/inst/inst/gt_top_i/pipe_wrapper_i/pipe_clock_int.pipe_clock_i/refclk
    MMCME2_ADV_X0Y0      MMCME2_ADV (Prop_mmcme2_adv_CLKIN1_CLKOUT2)
                                                      0.050     1.100 r  XDMA/inst/xdma_v41_m1_pcie2_to_pcie3_wrapper_i/pcie2_ip_i/inst/inst/gt_top_i/pipe_wrapper_i/pipe_clock_int.pipe_clock_i/mmcm_i/CLKOUT2
                         net (fo=1, routed)           0.489     1.589    XDMA/inst/xdma_v41_m1_pcie2_to_pcie3_wrapper_i/pcie2_ip_i/inst/inst/gt_top_i/pipe_wrapper_i/pipe_clock_int.pipe_clock_i/userclk1
    BUFGCTRL_X0Y0        BUFG (Prop_bufg_I_O)         0.026     1.615 r  XDMA/inst/xdma_v41_m1_pcie2_to_pcie3_wrapper_i/pcie2_ip_i/inst/inst/gt_top_i/pipe_wrapper_i/pipe_clock_int.pipe_clock_i/userclk1_i1.usrclk1_i1/O
                         net (fo=18985, routed)       0.640     2.255    XDMA/inst/udma_wrapper/dma_top/dma_pcie_req/TAG_FIFO_EVEN/user_clk
    SLICE_X29Y112        FDRE                                         r  XDMA/inst/udma_wrapper/dma_top/dma_pcie_req/TAG_FIFO_EVEN/WrPtr_reg[2]/C
  -------------------------------------------------------------------    -------------------
    SLICE_X29Y112        FDRE (Prop_fdre_C_Q)         0.141     2.396 r  XDMA/inst/udma_wrapper/dma_top/dma_pcie_req/TAG_FIFO_EVEN/WrPtr_reg[2]/Q
                         net (fo=11, routed)          0.227     2.623    XDMA/inst/udma_wrapper/dma_top/TAG_FIFO_EVEN/MemArray_reg_0_31_0_4/ADDRD2
    SLICE_X30Y111        RAMD32                                       r  XDMA/inst/udma_wrapper/dma_top/TAG_FIFO_EVEN/MemArray_reg_0_31_0_4/RAMC/WADR2
  -------------------------------------------------------------------    -------------------

                         (clock userclk1 rise edge)
                                                      0.000     0.000 r  
    GTPE2_CHANNEL_X0Y3   GTPE2_CHANNEL                0.000     0.000 r  XDMA/inst/xdma_v41_m1_pcie2_to_pcie3_wrapper_i/pcie2_ip_i/inst/inst/gt_top_i/pipe_wrapper_i/pipe_lane[0].gt_wrapper_i/gtp_channel.gtpe2_channel_i/TXOUTCLK
                         net (fo=1, routed)           0.509     0.509    XDMA/inst/xdma_v41_m1_pcie2_to_pcie3_wrapper_i/pcie2_ip_i/inst/inst/gt_top_i/pipe_wrapper_i/pipe_clock_int.pipe_clock_i/txoutclk_i.txoutclk_i_0
    BUFGCTRL_X0Y20       BUFG (Prop_bufg_I_O)         0.029     0.538 r  XDMA/inst/xdma_v41_m1_pcie2_to_pcie3_wrapper_i/pcie2_ip_i/inst/inst/gt_top_i/pipe_wrapper_i/pipe_clock_int.pipe_clock_i/txoutclk_i.txoutclk_i/O
                         net (fo=1, routed)           0.818     1.355    XDMA/inst/xdma_v41_m1_pcie2_to_pcie3_wrapper_i/pcie2_ip_i/inst/inst/gt_top_i/pipe_wrapper_i/pipe_clock_int.pipe_clock_i/refclk
    MMCME2_ADV_X0Y0      MMCME2_ADV (Prop_mmcme2_adv_CLKIN1_CLKOUT2)
                                                      0.053     1.408 r  XDMA/inst/xdma_v41_m1_pcie2_to_pcie3_wrapper_i/pcie2_ip_i/inst/inst/gt_top_i/pipe_wrapper_i/pipe_clock_int.pipe_clock_i/mmcm_i/CLKOUT2
                         net (fo=1, routed)           0.534     1.942    XDMA/inst/xdma_v41_m1_pcie2_to_pcie3_wrapper_i/pcie2_ip_i/inst/inst/gt_top_i/pipe_wrapper_i/pipe_clock_int.pipe_clock_i/userclk1
    BUFGCTRL_X0Y0        BUFG (Prop_bufg_I_O)         0.029     1.971 r  XDMA/inst/xdma_v41_m1_pcie2_to_pcie3_wrapper_i/pcie2_ip_i/inst/inst/gt_top_i/pipe_wrapper_i/pipe_clock_int.pipe_clock_i/userclk1_i1.usrclk1_i1/O
                         net (fo=18985, routed)       0.914     2.885    XDMA/inst/udma_wrapper/dma_top/TAG_FIFO_EVEN/MemArray_reg_0_31_0_4/WCLK
    SLICE_X30Y111        RAMD32                                       r  XDMA/inst/udma_wrapper/dma_top/TAG_FIFO_EVEN/MemArray_reg_0_31_0_4/RAMC/CLK
                         clock pessimism             -0.594     2.291    
    SLICE_X30Y111        RAMD32 (Hold_ramd32_CLK_WADR2)
                                                      0.254     2.545    XDMA/inst/udma_wrapper/dma_top/TAG_FIFO_EVEN/MemArray_reg_0_31_0_4/RAMC
  -------------------------------------------------------------------
                         required time                         -2.545    
                         arrival time                           2.623    
  -------------------------------------------------------------------
                         slack                                  0.078    

Slack (MET) :             0.078ns  (arrival time - required time)
  Source:                 XDMA/inst/udma_wrapper/dma_top/dma_pcie_req/TAG_FIFO_EVEN/WrPtr_reg[2]/C
                            (rising edge-triggered cell FDRE clocked by userclk1  {rise@0.000ns fall@8.000ns period=16.000ns})
  Destination:            XDMA/inst/udma_wrapper/dma_top/TAG_FIFO_EVEN/MemArray_reg_0_31_0_4/RAMC_D1/WADR2
                            (rising edge-triggered cell RAMD32 clocked by userclk1  {rise@0.000ns fall@8.000ns period=16.000ns})
  Path Group:             userclk1
  Path Type:              Hold (Min at Fast Process Corner)
  Requirement:            0.000ns  (userclk1 rise@0.000ns - userclk1 rise@0.000ns)
  Data Path Delay:        0.368ns  (logic 0.141ns (38.361%)  route 0.227ns (61.639%))
  Logic Levels:           0  
  Clock Path Skew:        0.036ns (DCD - SCD - CPR)
    Destination Clock Delay (DCD):    2.885ns
    Source Clock Delay      (SCD):    2.255ns
    Clock Pessimism Removal (CPR):    0.594ns

    Location             Delay type                Incr(ns)  Path(ns)    Netlist Resource(s)
  -------------------------------------------------------------------    -------------------
                         (clock userclk1 rise edge)
                                                      0.000     0.000 r  
    GTPE2_CHANNEL_X0Y3   GTPE2_CHANNEL                0.000     0.000 r  XDMA/inst/xdma_v41_m1_pcie2_to_pcie3_wrapper_i/pcie2_ip_i/inst/inst/gt_top_i/pipe_wrapper_i/pipe_lane[0].gt_wrapper_i/gtp_channel.gtpe2_channel_i/TXOUTCLK
                         net (fo=1, routed)           0.473     0.473    XDMA/inst/xdma_v41_m1_pcie2_to_pcie3_wrapper_i/pcie2_ip_i/inst/inst/gt_top_i/pipe_wrapper_i/pipe_clock_int.pipe_clock_i/txoutclk_i.txoutclk_i_0
    BUFGCTRL_X0Y20       BUFG (Prop_bufg_I_O)         0.026     0.499 r  XDMA/inst/xdma_v41_m1_pcie2_to_pcie3_wrapper_i/pcie2_ip_i/inst/inst/gt_top_i/pipe_wrapper_i/pipe_clock_int.pipe_clock_i/txoutclk_i.txoutclk_i/O
                         net (fo=1, routed)           0.551     1.050    XDMA/inst/xdma_v41_m1_pcie2_to_pcie3_wrapper_i/pcie2_ip_i/inst/inst/gt_top_i/pipe_wrapper_i/pipe_clock_int.pipe_clock_i/refclk
    MMCME2_ADV_X0Y0      MMCME2_ADV (Prop_mmcme2_adv_CLKIN1_CLKOUT2)
                                                      0.050     1.100 r  XDMA/inst/xdma_v41_m1_pcie2_to_pcie3_wrapper_i/pcie2_ip_i/inst/inst/gt_top_i/pipe_wrapper_i/pipe_clock_int.pipe_clock_i/mmcm_i/CLKOUT2
                         net (fo=1, routed)           0.489     1.589    XDMA/inst/xdma_v41_m1_pcie2_to_pcie3_wrapper_i/pcie2_ip_i/inst/inst/gt_top_i/pipe_wrapper_i/pipe_clock_int.pipe_clock_i/userclk1
    BUFGCTRL_X0Y0        BUFG (Prop_bufg_I_O)         0.026     1.615 r  XDMA/inst/xdma_v41_m1_pcie2_to_pcie3_wrapper_i/pcie2_ip_i/inst/inst/gt_top_i/pipe_wrapper_i/pipe_clock_int.pipe_clock_i/userclk1_i1.usrclk1_i1/O
                         net (fo=18985, routed)       0.640     2.255    XDMA/inst/udma_wrapper/dma_top/dma_pcie_req/TAG_FIFO_EVEN/user_clk
    SLICE_X29Y112        FDRE                                         r  XDMA/inst/udma_wrapper/dma_top/dma_pcie_req/TAG_FIFO_EVEN/WrPtr_reg[2]/C
  -------------------------------------------------------------------    -------------------
    SLICE_X29Y112        FDRE (Prop_fdre_C_Q)         0.141     2.396 r  XDMA/inst/udma_wrapper/dma_top/dma_pcie_req/TAG_FIFO_EVEN/WrPtr_reg[2]/Q
                         net (fo=11, routed)          0.227     2.623    XDMA/inst/udma_wrapper/dma_top/TAG_FIFO_EVEN/MemArray_reg_0_31_0_4/ADDRD2
    SLICE_X30Y111        RAMD32                                       r  XDMA/inst/udma_wrapper/dma_top/TAG_FIFO_EVEN/MemArray_reg_0_31_0_4/RAMC_D1/WADR2
  -------------------------------------------------------------------    -------------------

                         (clock userclk1 rise edge)
                                                      0.000     0.000 r  
    GTPE2_CHANNEL_X0Y3   GTPE2_CHANNEL                0.000     0.000 r  XDMA/inst/xdma_v41_m1_pcie2_to_pcie3_wrapper_i/pcie2_ip_i/inst/inst/gt_top_i/pipe_wrapper_i/pipe_lane[0].gt_wrapper_i/gtp_channel.gtpe2_channel_i/TXOUTCLK
                         net (fo=1, routed)           0.509     0.509    XDMA/inst/xdma_v41_m1_pcie2_to_pcie3_wrapper_i/pcie2_ip_i/inst/inst/gt_top_i/pipe_wrapper_i/pipe_clock_int.pipe_clock_i/txoutclk_i.txoutclk_i_0
    BUFGCTRL_X0Y20       BUFG (Prop_bufg_I_O)         0.029     0.538 r  XDMA/inst/xdma_v41_m1_pcie2_to_pcie3_wrapper_i/pcie2_ip_i/inst/inst/gt_top_i/pipe_wrapper_i/pipe_clock_int.pipe_clock_i/txoutclk_i.txoutclk_i/O
                         net (fo=1, routed)           0.818     1.355    XDMA/inst/xdma_v41_m1_pcie2_to_pcie3_wrapper_i/pcie2_ip_i/inst/inst/gt_top_i/pipe_wrapper_i/pipe_clock_int.pipe_clock_i/refclk
    MMCME2_ADV_X0Y0      MMCME2_ADV (Prop_mmcme2_adv_CLKIN1_CLKOUT2)
                                                      0.053     1.408 r  XDMA/inst/xdma_v41_m1_pcie2_to_pcie3_wrapper_i/pcie2_ip_i/inst/inst/gt_top_i/pipe_wrapper_i/pipe_clock_int.pipe_clock_i/mmcm_i/CLKOUT2
                         net (fo=1, routed)           0.534     1.942    XDMA/inst/xdma_v41_m1_pcie2_to_pcie3_wrapper_i/pcie2_ip_i/inst/inst/gt_top_i/pipe_wrapper_i/pipe_clock_int.pipe_clock_i/userclk1
    BUFGCTRL_X0Y0        BUFG (Prop_bufg_I_O)         0.029     1.971 r  XDMA/inst/xdma_v41_m1_pcie2_to_pcie3_wrapper_i/pcie2_ip_i/inst/inst/gt_top_i/pipe_wrapper_i/pipe_clock_int.pipe_clock_i/userclk1_i1.usrclk1_i1/O
                         net (fo=18985, routed)       0.914     2.885    XDMA/inst/udma_wrapper/dma_top/TAG_FIFO_EVEN/MemArray_reg_0_31_0_4/WCLK
    SLICE_X30Y111        RAMD32                                       r  XDMA/inst/udma_wrapper/dma_top/TAG_FIFO_EVEN/MemArray_reg_0_31_0_4/RAMC_D1/CLK
                         clock pessimism             -0.594     2.291    
    SLICE_X30Y111        RAMD32 (Hold_ramd32_CLK_WADR2)
                                                      0.254     2.545    XDMA/inst/udma_wrapper/dma_top/TAG_FIFO_EVEN/MemArray_reg_0_31_0_4/RAMC_D1
  -------------------------------------------------------------------
                         required time                         -2.545    
                         arrival time                           2.623    
  -------------------------------------------------------------------
                         slack                                  0.078    

Slack (MET) :             0.078ns  (arrival time - required time)
  Source:                 XDMA/inst/udma_wrapper/dma_top/dma_pcie_req/TAG_FIFO_EVEN/WrPtr_reg[2]/C
                            (rising edge-triggered cell FDRE clocked by userclk1  {rise@0.000ns fall@8.000ns period=16.000ns})
  Destination:            XDMA/inst/udma_wrapper/dma_top/TAG_FIFO_EVEN/MemArray_reg_0_31_0_4/RAMD/ADR2
                            (rising edge-triggered cell RAMS32 clocked by userclk1  {rise@0.000ns fall@8.000ns period=16.000ns})
  Path Group:             userclk1
  Path Type:              Hold (Min at Fast Process Corner)
  Requirement:            0.000ns  (userclk1 rise@0.000ns - userclk1 rise@0.000ns)
  Data Path Delay:        0.368ns  (logic 0.141ns (38.361%)  route 0.227ns (61.639%))
  Logic Levels:           0  
  Clock Path Skew:        0.036ns (DCD - SCD - CPR)
    Destination Clock Delay (DCD):    2.885ns
    Source Clock Delay      (SCD):    2.255ns
    Clock Pessimism Removal (CPR):    0.594ns

    Location             Delay type                Incr(ns)  Path(ns)    Netlist Resource(s)
  -------------------------------------------------------------------    -------------------
                         (clock userclk1 rise edge)
                                                      0.000     0.000 r  
    GTPE2_CHANNEL_X0Y3   GTPE2_CHANNEL                0.000     0.000 r  XDMA/inst/xdma_v41_m1_pcie2_to_pcie3_wrapper_i/pcie2_ip_i/inst/inst/gt_top_i/pipe_wrapper_i/pipe_lane[0].gt_wrapper_i/gtp_channel.gtpe2_channel_i/TXOUTCLK
                         net (fo=1, routed)           0.473     0.473    XDMA/inst/xdma_v41_m1_pcie2_to_pcie3_wrapper_i/pcie2_ip_i/inst/inst/gt_top_i/pipe_wrapper_i/pipe_clock_int.pipe_clock_i/txoutclk_i.txoutclk_i_0
    BUFGCTRL_X0Y20       BUFG (Prop_bufg_I_O)         0.026     0.499 r  XDMA/inst/xdma_v41_m1_pcie2_to_pcie3_wrapper_i/pcie2_ip_i/inst/inst/gt_top_i/pipe_wrapper_i/pipe_clock_int.pipe_clock_i/txoutclk_i.txoutclk_i/O
                         net (fo=1, routed)           0.551     1.050    XDMA/inst/xdma_v41_m1_pcie2_to_pcie3_wrapper_i/pcie2_ip_i/inst/inst/gt_top_i/pipe_wrapper_i/pipe_clock_int.pipe_clock_i/refclk
    MMCME2_ADV_X0Y0      MMCME2_ADV (Prop_mmcme2_adv_CLKIN1_CLKOUT2)
                                                      0.050     1.100 r  XDMA/inst/xdma_v41_m1_pcie2_to_pcie3_wrapper_i/pcie2_ip_i/inst/inst/gt_top_i/pipe_wrapper_i/pipe_clock_int.pipe_clock_i/mmcm_i/CLKOUT2
                         net (fo=1, routed)           0.489     1.589    XDMA/inst/xdma_v41_m1_pcie2_to_pcie3_wrapper_i/pcie2_ip_i/inst/inst/gt_top_i/pipe_wrapper_i/pipe_clock_int.pipe_clock_i/userclk1
    BUFGCTRL_X0Y0        BUFG (Prop_bufg_I_O)         0.026     1.615 r  XDMA/inst/xdma_v41_m1_pcie2_to_pcie3_wrapper_i/pcie2_ip_i/inst/inst/gt_top_i/pipe_wrapper_i/pipe_clock_int.pipe_clock_i/userclk1_i1.usrclk1_i1/O
                         net (fo=18985, routed)       0.640     2.255    XDMA/inst/udma_wrapper/dma_top/dma_pcie_req/TAG_FIFO_EVEN/user_clk
    SLICE_X29Y112        FDRE                                         r  XDMA/inst/udma_wrapper/dma_top/dma_pcie_req/TAG_FIFO_EVEN/WrPtr_reg[2]/C
  -------------------------------------------------------------------    -------------------
    SLICE_X29Y112        FDRE (Prop_fdre_C_Q)         0.141     2.396 r  XDMA/inst/udma_wrapper/dma_top/dma_pcie_req/TAG_FIFO_EVEN/WrPtr_reg[2]/Q
                         net (fo=11, routed)          0.227     2.623    XDMA/inst/udma_wrapper/dma_top/TAG_FIFO_EVEN/MemArray_reg_0_31_0_4/ADDRD2
    SLICE_X30Y111        RAMS32                                       r  XDMA/inst/udma_wrapper/dma_top/TAG_FIFO_EVEN/MemArray_reg_0_31_0_4/RAMD/ADR2
  -------------------------------------------------------------------    -------------------

                         (clock userclk1 rise edge)
                                                      0.000     0.000 r  
    GTPE2_CHANNEL_X0Y3   GTPE2_CHANNEL                0.000     0.000 r  XDMA/inst/xdma_v41_m1_pcie2_to_pcie3_wrapper_i/pcie2_ip_i/inst/inst/gt_top_i/pipe_wrapper_i/pipe_lane[0].gt_wrapper_i/gtp_channel.gtpe2_channel_i/TXOUTCLK
                         net (fo=1, routed)           0.509     0.509    XDMA/inst/xdma_v41_m1_pcie2_to_pcie3_wrapper_i/pcie2_ip_i/inst/inst/gt_top_i/pipe_wrapper_i/pipe_clock_int.pipe_clock_i/txoutclk_i.txoutclk_i_0
    BUFGCTRL_X0Y20       BUFG (Prop_bufg_I_O)         0.029     0.538 r  XDMA/inst/xdma_v41_m1_pcie2_to_pcie3_wrapper_i/pcie2_ip_i/inst/inst/gt_top_i/pipe_wrapper_i/pipe_clock_int.pipe_clock_i/txoutclk_i.txoutclk_i/O
                         net (fo=1, routed)           0.818     1.355    XDMA/inst/xdma_v41_m1_pcie2_to_pcie3_wrapper_i/pcie2_ip_i/inst/inst/gt_top_i/pipe_wrapper_i/pipe_clock_int.pipe_clock_i/refclk
    MMCME2_ADV_X0Y0      MMCME2_ADV (Prop_mmcme2_adv_CLKIN1_CLKOUT2)
                                                      0.053     1.408 r  XDMA/inst/xdma_v41_m1_pcie2_to_pcie3_wrapper_i/pcie2_ip_i/inst/inst/gt_top_i/pipe_wrapper_i/pipe_clock_int.pipe_clock_i/mmcm_i/CLKOUT2
                         net (fo=1, routed)           0.534     1.942    XDMA/inst/xdma_v41_m1_pcie2_to_pcie3_wrapper_i/pcie2_ip_i/inst/inst/gt_top_i/pipe_wrapper_i/pipe_clock_int.pipe_clock_i/userclk1
    BUFGCTRL_X0Y0        BUFG (Prop_bufg_I_O)         0.029     1.971 r  XDMA/inst/xdma_v41_m1_pcie2_to_pcie3_wrapper_i/pcie2_ip_i/inst/inst/gt_top_i/pipe_wrapper_i/pipe_clock_int.pipe_clock_i/userclk1_i1.usrclk1_i1/O
                         net (fo=18985, routed)       0.914     2.885    XDMA/inst/udma_wrapper/dma_top/TAG_FIFO_EVEN/MemArray_reg_0_31_0_4/WCLK
    SLICE_X30Y111        RAMS32                                       r  XDMA/inst/udma_wrapper/dma_top/TAG_FIFO_EVEN/MemArray_reg_0_31_0_4/RAMD/CLK
                         clock pessimism             -0.594     2.291    
    SLICE_X30Y111        RAMS32 (Hold_rams32_CLK_ADR2)
                                                      0.254     2.545    XDMA/inst/udma_wrapper/dma_top/TAG_FIFO_EVEN/MemArray_reg_0_31_0_4/RAMD
  -------------------------------------------------------------------
                         required time                         -2.545    
                         arrival time                           2.623    
  -------------------------------------------------------------------
                         slack                                  0.078    

Slack (MET) :             0.078ns  (arrival time - required time)
  Source:                 XDMA/inst/udma_wrapper/dma_top/dma_pcie_req/TAG_FIFO_EVEN/WrPtr_reg[2]/C
                            (rising edge-triggered cell FDRE clocked by userclk1  {rise@0.000ns fall@8.000ns period=16.000ns})
  Destination:            XDMA/inst/udma_wrapper/dma_top/TAG_FIFO_EVEN/MemArray_reg_0_31_0_4/RAMD_D1/ADR2
                            (rising edge-triggered cell RAMS32 clocked by userclk1  {rise@0.000ns fall@8.000ns period=16.000ns})
  Path Group:             userclk1
  Path Type:              Hold (Min at Fast Process Corner)
  Requirement:            0.000ns  (userclk1 rise@0.000ns - userclk1 rise@0.000ns)
  Data Path Delay:        0.368ns  (logic 0.141ns (38.361%)  route 0.227ns (61.639%))
  Logic Levels:           0  
  Clock Path Skew:        0.036ns (DCD - SCD - CPR)
    Destination Clock Delay (DCD):    2.885ns
    Source Clock Delay      (SCD):    2.255ns
    Clock Pessimism Removal (CPR):    0.594ns

    Location             Delay type                Incr(ns)  Path(ns)    Netlist Resource(s)
  -------------------------------------------------------------------    -------------------
                         (clock userclk1 rise edge)
                                                      0.000     0.000 r  
    GTPE2_CHANNEL_X0Y3   GTPE2_CHANNEL                0.000     0.000 r  XDMA/inst/xdma_v41_m1_pcie2_to_pcie3_wrapper_i/pcie2_ip_i/inst/inst/gt_top_i/pipe_wrapper_i/pipe_lane[0].gt_wrapper_i/gtp_channel.gtpe2_channel_i/TXOUTCLK
                         net (fo=1, routed)           0.473     0.473    XDMA/inst/xdma_v41_m1_pcie2_to_pcie3_wrapper_i/pcie2_ip_i/inst/inst/gt_top_i/pipe_wrapper_i/pipe_clock_int.pipe_clock_i/txoutclk_i.txoutclk_i_0
    BUFGCTRL_X0Y20       BUFG (Prop_bufg_I_O)         0.026     0.499 r  XDMA/inst/xdma_v41_m1_pcie2_to_pcie3_wrapper_i/pcie2_ip_i/inst/inst/gt_top_i/pipe_wrapper_i/pipe_clock_int.pipe_clock_i/txoutclk_i.txoutclk_i/O
                         net (fo=1, routed)           0.551     1.050    XDMA/inst/xdma_v41_m1_pcie2_to_pcie3_wrapper_i/pcie2_ip_i/inst/inst/gt_top_i/pipe_wrapper_i/pipe_clock_int.pipe_clock_i/refclk
    MMCME2_ADV_X0Y0      MMCME2_ADV (Prop_mmcme2_adv_CLKIN1_CLKOUT2)
                                                      0.050     1.100 r  XDMA/inst/xdma_v41_m1_pcie2_to_pcie3_wrapper_i/pcie2_ip_i/inst/inst/gt_top_i/pipe_wrapper_i/pipe_clock_int.pipe_clock_i/mmcm_i/CLKOUT2
                         net (fo=1, routed)           0.489     1.589    XDMA/inst/xdma_v41_m1_pcie2_to_pcie3_wrapper_i/pcie2_ip_i/inst/inst/gt_top_i/pipe_wrapper_i/pipe_clock_int.pipe_clock_i/userclk1
    BUFGCTRL_X0Y0        BUFG (Prop_bufg_I_O)         0.026     1.615 r  XDMA/inst/xdma_v41_m1_pcie2_to_pcie3_wrapper_i/pcie2_ip_i/inst/inst/gt_top_i/pipe_wrapper_i/pipe_clock_int.pipe_clock_i/userclk1_i1.usrclk1_i1/O
                         net (fo=18985, routed)       0.640     2.255    XDMA/inst/udma_wrapper/dma_top/dma_pcie_req/TAG_FIFO_EVEN/user_clk
    SLICE_X29Y112        FDRE                                         r  XDMA/inst/udma_wrapper/dma_top/dma_pcie_req/TAG_FIFO_EVEN/WrPtr_reg[2]/C
  -------------------------------------------------------------------    -------------------
    SLICE_X29Y112        FDRE (Prop_fdre_C_Q)         0.141     2.396 r  XDMA/inst/udma_wrapper/dma_top/dma_pcie_req/TAG_FIFO_EVEN/WrPtr_reg[2]/Q
                         net (fo=11, routed)          0.227     2.623    XDMA/inst/udma_wrapper/dma_top/TAG_FIFO_EVEN/MemArray_reg_0_31_0_4/ADDRD2
    SLICE_X30Y111        RAMS32                                       r  XDMA/inst/udma_wrapper/dma_top/TAG_FIFO_EVEN/MemArray_reg_0_31_0_4/RAMD_D1/ADR2
  -------------------------------------------------------------------    -------------------

                         (clock userclk1 rise edge)
                                                      0.000     0.000 r  
    GTPE2_CHANNEL_X0Y3   GTPE2_CHANNEL                0.000     0.000 r  XDMA/inst/xdma_v41_m1_pcie2_to_pcie3_wrapper_i/pcie2_ip_i/inst/inst/gt_top_i/pipe_wrapper_i/pipe_lane[0].gt_wrapper_i/gtp_channel.gtpe2_channel_i/TXOUTCLK
                         net (fo=1, routed)           0.509     0.509    XDMA/inst/xdma_v41_m1_pcie2_to_pcie3_wrapper_i/pcie2_ip_i/inst/inst/gt_top_i/pipe_wrapper_i/pipe_clock_int.pipe_clock_i/txoutclk_i.txoutclk_i_0
    BUFGCTRL_X0Y20       BUFG (Prop_bufg_I_O)         0.029     0.538 r  XDMA/inst/xdma_v41_m1_pcie2_to_pcie3_wrapper_i/pcie2_ip_i/inst/inst/gt_top_i/pipe_wrapper_i/pipe_clock_int.pipe_clock_i/txoutclk_i.txoutclk_i/O
                         net (fo=1, routed)           0.818     1.355    XDMA/inst/xdma_v41_m1_pcie2_to_pcie3_wrapper_i/pcie2_ip_i/inst/inst/gt_top_i/pipe_wrapper_i/pipe_clock_int.pipe_clock_i/refclk
    MMCME2_ADV_X0Y0      MMCME2_ADV (Prop_mmcme2_adv_CLKIN1_CLKOUT2)
                                                      0.053     1.408 r  XDMA/inst/xdma_v41_m1_pcie2_to_pcie3_wrapper_i/pcie2_ip_i/inst/inst/gt_top_i/pipe_wrapper_i/pipe_clock_int.pipe_clock_i/mmcm_i/CLKOUT2
                         net (fo=1, routed)           0.534     1.942    XDMA/inst/xdma_v41_m1_pcie2_to_pcie3_wrapper_i/pcie2_ip_i/inst/inst/gt_top_i/pipe_wrapper_i/pipe_clock_int.pipe_clock_i/userclk1
    BUFGCTRL_X0Y0        BUFG (Prop_bufg_I_O)         0.029     1.971 r  XDMA/inst/xdma_v41_m1_pcie2_to_pcie3_wrapper_i/pcie2_ip_i/inst/inst/gt_top_i/pipe_wrapper_i/pipe_clock_int.pipe_clock_i/userclk1_i1.usrclk1_i1/O
                         net (fo=18985, routed)       0.914     2.885    XDMA/inst/udma_wrapper/dma_top/TAG_FIFO_EVEN/MemArray_reg_0_31_0_4/WCLK
    SLICE_X30Y111        RAMS32                                       r  XDMA/inst/udma_wrapper/dma_top/TAG_FIFO_EVEN/MemArray_reg_0_31_0_4/RAMD_D1/CLK
                         clock pessimism             -0.594     2.291    
    SLICE_X30Y111        RAMS32 (Hold_rams32_CLK_ADR2)
                                                      0.254     2.545    XDMA/inst/udma_wrapper/dma_top/TAG_FIFO_EVEN/MemArray_reg_0_31_0_4/RAMD_D1
  -------------------------------------------------------------------
                         required time                         -2.545    
                         arrival time                           2.623    
  -------------------------------------------------------------------
                         slack                                  0.078    

Slack (MET) :             0.078ns  (arrival time - required time)
  Source:                 XDMA/inst/xdma_v41_m1_pcie2_to_pcie3_wrapper_i/pcie2_ip_i/inst/inst/pcie_top_i/pcie_7x_i/pcie_block_i/USERCLK
                            (rising edge-triggered cell PCIE_2_1 clocked by userclk1  {rise@0.000ns fall@8.000ns period=16.000ns})
  Destination:            XDMA/inst/xdma_v41_m1_pcie2_to_pcie3_wrapper_i/pcie2_ip_i/inst/inst/pcie_top_i/pcie_7x_i/pcie_bram_top/pcie_brams_tx/brams[1].ram/use_tdp.ramb36/genblk5_0.bram36_tdp_bl.bram36_tdp_bl/DIADI[7]
                            (rising edge-triggered cell RAMB36E1 clocked by userclk1  {rise@0.000ns fall@8.000ns period=16.000ns})
  Path Group:             userclk1
  Path Type:              Hold (Min at Fast Process Corner)
  Requirement:            0.000ns  (userclk1 rise@0.000ns - userclk1 rise@0.000ns)
  Data Path Delay:        0.676ns  (logic 0.027ns (3.992%)  route 0.649ns (96.008%))
  Logic Levels:           0  
  Clock Path Skew:        0.302ns (DCD - SCD - CPR)
    Destination Clock Delay (DCD):    2.926ns
    Source Clock Delay      (SCD):    2.259ns
    Clock Pessimism Removal (CPR):    0.365ns

    Location             Delay type                Incr(ns)  Path(ns)    Netlist Resource(s)
  -------------------------------------------------------------------    -------------------
                         (clock userclk1 rise edge)
                                                      0.000     0.000 r  
    GTPE2_CHANNEL_X0Y3   GTPE2_CHANNEL                0.000     0.000 r  XDMA/inst/xdma_v41_m1_pcie2_to_pcie3_wrapper_i/pcie2_ip_i/inst/inst/gt_top_i/pipe_wrapper_i/pipe_lane[0].gt_wrapper_i/gtp_channel.gtpe2_channel_i/TXOUTCLK
                         net (fo=1, routed)           0.473     0.473    XDMA/inst/xdma_v41_m1_pcie2_to_pcie3_wrapper_i/pcie2_ip_i/inst/inst/gt_top_i/pipe_wrapper_i/pipe_clock_int.pipe_clock_i/txoutclk_i.txoutclk_i_0
    BUFGCTRL_X0Y20       BUFG (Prop_bufg_I_O)         0.026     0.499 r  XDMA/inst/xdma_v41_m1_pcie2_to_pcie3_wrapper_i/pcie2_ip_i/inst/inst/gt_top_i/pipe_wrapper_i/pipe_clock_int.pipe_clock_i/txoutclk_i.txoutclk_i/O
                         net (fo=1, routed)           0.551     1.050    XDMA/inst/xdma_v41_m1_pcie2_to_pcie3_wrapper_i/pcie2_ip_i/inst/inst/gt_top_i/pipe_wrapper_i/pipe_clock_int.pipe_clock_i/refclk
    MMCME2_ADV_X0Y0      MMCME2_ADV (Prop_mmcme2_adv_CLKIN1_CLKOUT2)
                                                      0.050     1.100 r  XDMA/inst/xdma_v41_m1_pcie2_to_pcie3_wrapper_i/pcie2_ip_i/inst/inst/gt_top_i/pipe_wrapper_i/pipe_clock_int.pipe_clock_i/mmcm_i/CLKOUT2
                         net (fo=1, routed)           0.489     1.589    XDMA/inst/xdma_v41_m1_pcie2_to_pcie3_wrapper_i/pcie2_ip_i/inst/inst/gt_top_i/pipe_wrapper_i/pipe_clock_int.pipe_clock_i/userclk1
    BUFGCTRL_X0Y0        BUFG (Prop_bufg_I_O)         0.026     1.615 r  XDMA/inst/xdma_v41_m1_pcie2_to_pcie3_wrapper_i/pcie2_ip_i/inst/inst/gt_top_i/pipe_wrapper_i/pipe_clock_int.pipe_clock_i/userclk1_i1.usrclk1_i1/O
                         net (fo=18985, routed)       0.644     2.259    XDMA/inst/xdma_v41_m1_pcie2_to_pcie3_wrapper_i/pcie2_ip_i/inst/inst/pcie_top_i/pcie_7x_i/INT_USERCLK2_OUT
    PCIE_X0Y0            PCIE_2_1                                     r  XDMA/inst/xdma_v41_m1_pcie2_to_pcie3_wrapper_i/pcie2_ip_i/inst/inst/pcie_top_i/pcie_7x_i/pcie_block_i/USERCLK
  -------------------------------------------------------------------    -------------------
    PCIE_X0Y0            PCIE_2_1 (Prop_pcie_2_1_USERCLK_MIMTXWDATA[25])
                                                      0.027     2.286 r  XDMA/inst/xdma_v41_m1_pcie2_to_pcie3_wrapper_i/pcie2_ip_i/inst/inst/pcie_top_i/pcie_7x_i/pcie_block_i/MIMTXWDATA[25]
                         net (fo=1, routed)           0.649     2.935    XDMA/inst/xdma_v41_m1_pcie2_to_pcie3_wrapper_i/pcie2_ip_i/inst/inst/pcie_top_i/pcie_7x_i/pcie_bram_top/pcie_brams_tx/brams[1].ram/use_tdp.ramb36/wdata[7]
    RAMB36_X0Y22         RAMB36E1                                     r  XDMA/inst/xdma_v41_m1_pcie2_to_pcie3_wrapper_i/pcie2_ip_i/inst/inst/pcie_top_i/pcie_7x_i/pcie_bram_top/pcie_brams_tx/brams[1].ram/use_tdp.ramb36/genblk5_0.bram36_tdp_bl.bram36_tdp_bl/DIADI[7]
  -------------------------------------------------------------------    -------------------

                         (clock userclk1 rise edge)
                                                      0.000     0.000 r  
    GTPE2_CHANNEL_X0Y3   GTPE2_CHANNEL                0.000     0.000 r  XDMA/inst/xdma_v41_m1_pcie2_to_pcie3_wrapper_i/pcie2_ip_i/inst/inst/gt_top_i/pipe_wrapper_i/pipe_lane[0].gt_wrapper_i/gtp_channel.gtpe2_channel_i/TXOUTCLK
                         net (fo=1, routed)           0.509     0.509    XDMA/inst/xdma_v41_m1_pcie2_to_pcie3_wrapper_i/pcie2_ip_i/inst/inst/gt_top_i/pipe_wrapper_i/pipe_clock_int.pipe_clock_i/txoutclk_i.txoutclk_i_0
    BUFGCTRL_X0Y20       BUFG (Prop_bufg_I_O)         0.029     0.538 r  XDMA/inst/xdma_v41_m1_pcie2_to_pcie3_wrapper_i/pcie2_ip_i/inst/inst/gt_top_i/pipe_wrapper_i/pipe_clock_int.pipe_clock_i/txoutclk_i.txoutclk_i/O
                         net (fo=1, routed)           0.818     1.355    XDMA/inst/xdma_v41_m1_pcie2_to_pcie3_wrapper_i/pcie2_ip_i/inst/inst/gt_top_i/pipe_wrapper_i/pipe_clock_int.pipe_clock_i/refclk
    MMCME2_ADV_X0Y0      MMCME2_ADV (Prop_mmcme2_adv_CLKIN1_CLKOUT2)
                                                      0.053     1.408 r  XDMA/inst/xdma_v41_m1_pcie2_to_pcie3_wrapper_i/pcie2_ip_i/inst/inst/gt_top_i/pipe_wrapper_i/pipe_clock_int.pipe_clock_i/mmcm_i/CLKOUT2
                         net (fo=1, routed)           0.534     1.942    XDMA/inst/xdma_v41_m1_pcie2_to_pcie3_wrapper_i/pcie2_ip_i/inst/inst/gt_top_i/pipe_wrapper_i/pipe_clock_int.pipe_clock_i/userclk1
    BUFGCTRL_X0Y0        BUFG (Prop_bufg_I_O)         0.029     1.971 r  XDMA/inst/xdma_v41_m1_pcie2_to_pcie3_wrapper_i/pcie2_ip_i/inst/inst/gt_top_i/pipe_wrapper_i/pipe_clock_int.pipe_clock_i/userclk1_i1.usrclk1_i1/O
                         net (fo=18985, routed)       0.955     2.926    XDMA/inst/xdma_v41_m1_pcie2_to_pcie3_wrapper_i/pcie2_ip_i/inst/inst/pcie_top_i/pcie_7x_i/pcie_bram_top/pcie_brams_tx/brams[1].ram/use_tdp.ramb36/INT_USERCLK2_OUT
    RAMB36_X0Y22         RAMB36E1                                     r  XDMA/inst/xdma_v41_m1_pcie2_to_pcie3_wrapper_i/pcie2_ip_i/inst/inst/pcie_top_i/pcie_7x_i/pcie_bram_top/pcie_brams_tx/brams[1].ram/use_tdp.ramb36/genblk5_0.bram36_tdp_bl.bram36_tdp_bl/CLKARDCLK
                         clock pessimism             -0.365     2.561    
    RAMB36_X0Y22         RAMB36E1 (Hold_ramb36e1_CLKARDCLK_DIADI[7])
                                                      0.296     2.857    XDMA/inst/xdma_v41_m1_pcie2_to_pcie3_wrapper_i/pcie2_ip_i/inst/inst/pcie_top_i/pcie_7x_i/pcie_bram_top/pcie_brams_tx/brams[1].ram/use_tdp.ramb36/genblk5_0.bram36_tdp_bl.bram36_tdp_bl
  -------------------------------------------------------------------
                         required time                         -2.857    
                         arrival time                           2.935    
  -------------------------------------------------------------------
                         slack                                  0.078    

Slack (MET) :             0.078ns  (arrival time - required time)
  Source:                 XDMA/inst/udma_wrapper/dma_top/dma_pcie_req/dma_pcie_rq/rreq_head_info_ff_reg[0][adr][47]/C
                            (rising edge-triggered cell FDRE clocked by userclk1  {rise@0.000ns fall@8.000ns period=16.000ns})
  Destination:            XDMA/inst/udma_wrapper/dma_top/dma_pcie_req/dma_pcie_rq/m_axis_rq_thead_d_ff_reg[0][47]/D
                            (rising edge-triggered cell FDRE clocked by userclk1  {rise@0.000ns fall@8.000ns period=16.000ns})
  Path Group:             userclk1
  Path Type:              Hold (Min at Fast Process Corner)
  Requirement:            0.000ns  (userclk1 rise@0.000ns - userclk1 rise@0.000ns)
  Data Path Delay:        0.435ns  (logic 0.247ns (56.750%)  route 0.188ns (43.250%))
  Logic Levels:           1  (LUT4=1)
  Clock Path Skew:        0.265ns (DCD - SCD - CPR)
    Destination Clock Delay (DCD):    2.799ns
    Source Clock Delay      (SCD):    2.174ns
    Clock Pessimism Removal (CPR):    0.361ns

    Location             Delay type                Incr(ns)  Path(ns)    Netlist Resource(s)
  -------------------------------------------------------------------    -------------------
                         (clock userclk1 rise edge)
                                                      0.000     0.000 r  
    GTPE2_CHANNEL_X0Y3   GTPE2_CHANNEL                0.000     0.000 r  XDMA/inst/xdma_v41_m1_pcie2_to_pcie3_wrapper_i/pcie2_ip_i/inst/inst/gt_top_i/pipe_wrapper_i/pipe_lane[0].gt_wrapper_i/gtp_channel.gtpe2_channel_i/TXOUTCLK
                         net (fo=1, routed)           0.473     0.473    XDMA/inst/xdma_v41_m1_pcie2_to_pcie3_wrapper_i/pcie2_ip_i/inst/inst/gt_top_i/pipe_wrapper_i/pipe_clock_int.pipe_clock_i/txoutclk_i.txoutclk_i_0
    BUFGCTRL_X0Y20       BUFG (Prop_bufg_I_O)         0.026     0.499 r  XDMA/inst/xdma_v41_m1_pcie2_to_pcie3_wrapper_i/pcie2_ip_i/inst/inst/gt_top_i/pipe_wrapper_i/pipe_clock_int.pipe_clock_i/txoutclk_i.txoutclk_i/O
                         net (fo=1, routed)           0.551     1.050    XDMA/inst/xdma_v41_m1_pcie2_to_pcie3_wrapper_i/pcie2_ip_i/inst/inst/gt_top_i/pipe_wrapper_i/pipe_clock_int.pipe_clock_i/refclk
    MMCME2_ADV_X0Y0      MMCME2_ADV (Prop_mmcme2_adv_CLKIN1_CLKOUT2)
                                                      0.050     1.100 r  XDMA/inst/xdma_v41_m1_pcie2_to_pcie3_wrapper_i/pcie2_ip_i/inst/inst/gt_top_i/pipe_wrapper_i/pipe_clock_int.pipe_clock_i/mmcm_i/CLKOUT2
                         net (fo=1, routed)           0.489     1.589    XDMA/inst/xdma_v41_m1_pcie2_to_pcie3_wrapper_i/pcie2_ip_i/inst/inst/gt_top_i/pipe_wrapper_i/pipe_clock_int.pipe_clock_i/userclk1
    BUFGCTRL_X0Y0        BUFG (Prop_bufg_I_O)         0.026     1.615 r  XDMA/inst/xdma_v41_m1_pcie2_to_pcie3_wrapper_i/pcie2_ip_i/inst/inst/gt_top_i/pipe_wrapper_i/pipe_clock_int.pipe_clock_i/userclk1_i1.usrclk1_i1/O
                         net (fo=18985, routed)       0.559     2.174    XDMA/inst/udma_wrapper/dma_top/dma_pcie_req/dma_pcie_rq/user_clk
    SLICE_X34Y92         FDRE                                         r  XDMA/inst/udma_wrapper/dma_top/dma_pcie_req/dma_pcie_rq/rreq_head_info_ff_reg[0][adr][47]/C
  -------------------------------------------------------------------    -------------------
    SLICE_X34Y92         FDRE (Prop_fdre_C_Q)         0.148     2.322 r  XDMA/inst/udma_wrapper/dma_top/dma_pcie_req/dma_pcie_rq/rreq_head_info_ff_reg[0][adr][47]/Q
                         net (fo=1, routed)           0.188     2.510    XDMA/inst/udma_wrapper/dma_top/dma_pcie_req/dma_pcie_rq/RQ_FIFO/m_axis_rq_thead_d_ff_reg[0][63]_0[43]
    SLICE_X39Y91         LUT4 (Prop_lut4_I3_O)        0.099     2.609 r  XDMA/inst/udma_wrapper/dma_top/dma_pcie_req/dma_pcie_rq/RQ_FIFO/m_axis_rq_thead_d_ff[0][47]_i_1/O
                         net (fo=1, routed)           0.000     2.609    XDMA/inst/udma_wrapper/dma_top/dma_pcie_req/dma_pcie_rq/RQ_FIFO_n_36
    SLICE_X39Y91         FDRE                                         r  XDMA/inst/udma_wrapper/dma_top/dma_pcie_req/dma_pcie_rq/m_axis_rq_thead_d_ff_reg[0][47]/D
  -------------------------------------------------------------------    -------------------

                         (clock userclk1 rise edge)
                                                      0.000     0.000 r  
    GTPE2_CHANNEL_X0Y3   GTPE2_CHANNEL                0.000     0.000 r  XDMA/inst/xdma_v41_m1_pcie2_to_pcie3_wrapper_i/pcie2_ip_i/inst/inst/gt_top_i/pipe_wrapper_i/pipe_lane[0].gt_wrapper_i/gtp_channel.gtpe2_channel_i/TXOUTCLK
                         net (fo=1, routed)           0.509     0.509    XDMA/inst/xdma_v41_m1_pcie2_to_pcie3_wrapper_i/pcie2_ip_i/inst/inst/gt_top_i/pipe_wrapper_i/pipe_clock_int.pipe_clock_i/txoutclk_i.txoutclk_i_0
    BUFGCTRL_X0Y20       BUFG (Prop_bufg_I_O)         0.029     0.538 r  XDMA/inst/xdma_v41_m1_pcie2_to_pcie3_wrapper_i/pcie2_ip_i/inst/inst/gt_top_i/pipe_wrapper_i/pipe_clock_int.pipe_clock_i/txoutclk_i.txoutclk_i/O
                         net (fo=1, routed)           0.818     1.355    XDMA/inst/xdma_v41_m1_pcie2_to_pcie3_wrapper_i/pcie2_ip_i/inst/inst/gt_top_i/pipe_wrapper_i/pipe_clock_int.pipe_clock_i/refclk
    MMCME2_ADV_X0Y0      MMCME2_ADV (Prop_mmcme2_adv_CLKIN1_CLKOUT2)
                                                      0.053     1.408 r  XDMA/inst/xdma_v41_m1_pcie2_to_pcie3_wrapper_i/pcie2_ip_i/inst/inst/gt_top_i/pipe_wrapper_i/pipe_clock_int.pipe_clock_i/mmcm_i/CLKOUT2
                         net (fo=1, routed)           0.534     1.942    XDMA/inst/xdma_v41_m1_pcie2_to_pcie3_wrapper_i/pcie2_ip_i/inst/inst/gt_top_i/pipe_wrapper_i/pipe_clock_int.pipe_clock_i/userclk1
    BUFGCTRL_X0Y0        BUFG (Prop_bufg_I_O)         0.029     1.971 r  XDMA/inst/xdma_v41_m1_pcie2_to_pcie3_wrapper_i/pcie2_ip_i/inst/inst/gt_top_i/pipe_wrapper_i/pipe_clock_int.pipe_clock_i/userclk1_i1.usrclk1_i1/O
                         net (fo=18985, routed)       0.828     2.799    XDMA/inst/udma_wrapper/dma_top/dma_pcie_req/dma_pcie_rq/user_clk
    SLICE_X39Y91         FDRE                                         r  XDMA/inst/udma_wrapper/dma_top/dma_pcie_req/dma_pcie_rq/m_axis_rq_thead_d_ff_reg[0][47]/C
                         clock pessimism             -0.361     2.438    
    SLICE_X39Y91         FDRE (Hold_fdre_C_D)         0.092     2.530    XDMA/inst/udma_wrapper/dma_top/dma_pcie_req/dma_pcie_rq/m_axis_rq_thead_d_ff_reg[0][47]
  -------------------------------------------------------------------
                         required time                         -2.530    
                         arrival time                           2.609    
  -------------------------------------------------------------------
                         slack                                  0.078    




