Copyright 1986-2022 Xilinx, Inc. All Rights Reserved. Copyright 2022-2025 Advanced Micro Devices, Inc. All Rights Reserved.
------------------------------------------------------------------------------------------------------------------------------------------------------------------------------------------------------------------------------------------------------------------------------------------------------------------------------------------------------------------------------------------------------------------------------------------------------------------------------------------------
| Tool Version : Vivado v.2025.2 (win64) Build 6299465 Fri Nov 14 19:35:11 GMT 2025
| Date         : Fri Aug 21 16:53:57 2026
| Host         : NBLSUDUL running 64-bit major release  (build 9200)
| Command      : report_timing -from [get_pins -quiet -of_objects [get_cells -quiet -hierarchical -regexp {^NVP_AUTOINIT/u_sequence/sda_filtered_r_reg$}] -filter {REF_PIN_NAME == Q}] -to [get_pins -quiet NVP_AUTOINIT/u_sequence/tick_reg/C] -delay_type max -max_paths 20 -nworst 1 -unique_pins -routable_nets -sort_by slack -path_type full_clock_expanded -input_pins -file C:/FPGA/V41_NVP_ROUTED_DCP_POWER_TIMING_AUDIT_R1/07_COMPARATOR_RCA/RCA_SDA_FILTERED_TO_ACK_DECISION_MAX.rpt
| Design       : ahd_capture_top_pcie
| Device       : 7a35t-csg325
| Speed File   : -2  PRODUCTION 1.23 2018-06-13
| Design State : Routed
------------------------------------------------------------------------------------------------------------------------------------------------------------------------------------------------------------------------------------------------------------------------------------------------------------------------------------------------------------------------------------------------------------------------------------------------------------------------------------------------

Timing Report

Slack (MET) :             11.329ns  (required time - arrival time)
  Source:                 NVP_AUTOINIT/u_sequence/sda_filtered_r_reg/C
                            (rising edge-triggered cell FDSE clocked by userclk1  {rise@0.000ns fall@8.000ns period=16.000ns})
  Destination:            NVP_AUTOINIT/u_sequence/nack_log_r_reg[4][28]/CE
                            (rising edge-triggered cell FDRE clocked by userclk1  {rise@0.000ns fall@8.000ns period=16.000ns})
  Path Group:             userclk1
  Path Type:              Setup (Max at Slow Process Corner)
  Requirement:            16.000ns  (userclk1 rise@16.000ns - userclk1 rise@0.000ns)
  Data Path Delay:        4.317ns  (logic 0.868ns (20.104%)  route 3.449ns (79.896%))
  Logic Levels:           2  (LUT4=1 LUT5=1)
  Clock Path Skew:        -0.106ns (DCD - SCD + CPR)
    Destination Clock Delay (DCD):    5.416ns = ( 21.416 - 16.000 ) 
    Source Clock Delay      (SCD):    5.780ns
    Clock Pessimism Removal (CPR):    0.258ns
  Clock Uncertainty:      0.079ns  ((TSJ^2 + DJ^2)^1/2) / 2 + PE
    Total System Jitter     (TSJ):    0.071ns
    Discrete Jitter          (DJ):    0.141ns
    Phase Error              (PE):    0.000ns

    Location             Delay type                Incr(ns)  Path(ns)    Netlist Resource(s)
  -------------------------------------------------------------------    -------------------
                         (clock userclk1 rise edge)
                                                      0.000     0.000 r  
    GTPE2_CHANNEL_X0Y3   GTPE2_CHANNEL                0.000     0.000 r  pcie7_g0p8c0_support_i/pcie7_g0p8c0_i/inst/inst/gt_top_i/pipe_wrapper_i/pipe_lane[0].gt_wrapper_i/gtp_channel.gtpe2_channel_i/TXOUTCLK
                         net (fo=1, routed)           1.209     1.209    pcie7_g0p8c0_support_i/pipe_clock_i/pipe_txoutclk_out
    BUFGCTRL_X0Y18                                                    r  pcie7_g0p8c0_support_i/pipe_clock_i/txoutclk_i.txoutclk_i/I
    BUFGCTRL_X0Y18       BUFG (Prop_bufg_I_O)         0.081     1.290 r  pcie7_g0p8c0_support_i/pipe_clock_i/txoutclk_i.txoutclk_i/O
                         net (fo=1, routed)           1.391     2.681    pcie7_g0p8c0_support_i/pipe_clock_i/refclk
    MMCME2_ADV_X0Y0                                                   r  pcie7_g0p8c0_support_i/pipe_clock_i/mmcm_i/CLKIN1
    MMCME2_ADV_X0Y0      MMCME2_ADV (Prop_mmcme2_adv_CLKIN1_CLKOUT2)
                                                      0.077     2.757 r  pcie7_g0p8c0_support_i/pipe_clock_i/mmcm_i/CLKOUT2
                         net (fo=1, routed)           1.425     4.182    pcie7_g0p8c0_support_i/pipe_clock_i/userclk1
    BUFGCTRL_X0Y0                                                     r  pcie7_g0p8c0_support_i/pipe_clock_i/userclk1_i1.usrclk1_i1/I
    BUFGCTRL_X0Y0        BUFG (Prop_bufg_I_O)         0.081     4.263 r  pcie7_g0p8c0_support_i/pipe_clock_i/userclk1_i1.usrclk1_i1/O
                         net (fo=2216, routed)        1.517     5.780    NVP_AUTOINIT/u_sequence/user_clk_out
    SLICE_X22Y139        FDSE                                         r  NVP_AUTOINIT/u_sequence/sda_filtered_r_reg/C
  -------------------------------------------------------------------    -------------------
    SLICE_X22Y139        FDSE (Prop_fdse_C_Q)         0.348     6.128 r  NVP_AUTOINIT/u_sequence/sda_filtered_r_reg/Q
                         net (fo=11, routed)          0.854     6.982    NVP_AUTOINIT/u_sequence/sda_filtered_r
    SLICE_X26Y140                                                     r  NVP_AUTOINIT/u_sequence/nack_log_r[1][49]_i_2/I1
    SLICE_X26Y140        LUT4 (Prop_lut4_I1_O)        0.253     7.235 r  NVP_AUTOINIT/u_sequence/nack_log_r[1][49]_i_2/O
                         net (fo=6, routed)           0.345     7.580    NVP_AUTOINIT/u_sequence/nack_log_r[1][49]_i_2_n_0
    SLICE_X23Y140                                                     r  NVP_AUTOINIT/u_sequence/nack_log_r[4][49]_i_1/I2
    SLICE_X23Y140        LUT5 (Prop_lut5_I2_O)        0.267     7.847 r  NVP_AUTOINIT/u_sequence/nack_log_r[4][49]_i_1/O
                         net (fo=45, routed)          2.250    10.098    NVP_AUTOINIT/u_sequence/nack_log_r[4][49]_i_1_n_0
    SLICE_X37Y143        FDRE                                         r  NVP_AUTOINIT/u_sequence/nack_log_r_reg[4][28]/CE
  -------------------------------------------------------------------    -------------------

                         (clock userclk1 rise edge)
                                                     16.000    16.000 r  
    GTPE2_CHANNEL_X0Y3   GTPE2_CHANNEL                0.000    16.000 r  pcie7_g0p8c0_support_i/pcie7_g0p8c0_i/inst/inst/gt_top_i/pipe_wrapper_i/pipe_lane[0].gt_wrapper_i/gtp_channel.gtpe2_channel_i/TXOUTCLK
                         net (fo=1, routed)           1.150    17.150    pcie7_g0p8c0_support_i/pipe_clock_i/pipe_txoutclk_out
    BUFGCTRL_X0Y18                                                    r  pcie7_g0p8c0_support_i/pipe_clock_i/txoutclk_i.txoutclk_i/I
    BUFGCTRL_X0Y18       BUFG (Prop_bufg_I_O)         0.077    17.227 r  pcie7_g0p8c0_support_i/pipe_clock_i/txoutclk_i.txoutclk_i/O
                         net (fo=1, routed)           1.286    18.513    pcie7_g0p8c0_support_i/pipe_clock_i/refclk
    MMCME2_ADV_X0Y0                                                   r  pcie7_g0p8c0_support_i/pipe_clock_i/mmcm_i/CLKIN1
    MMCME2_ADV_X0Y0      MMCME2_ADV (Prop_mmcme2_adv_CLKIN1_CLKOUT2)
                                                      0.073    18.586 r  pcie7_g0p8c0_support_i/pipe_clock_i/mmcm_i/CLKOUT2
                         net (fo=1, routed)           1.357    19.944    pcie7_g0p8c0_support_i/pipe_clock_i/userclk1
    BUFGCTRL_X0Y0                                                     r  pcie7_g0p8c0_support_i/pipe_clock_i/userclk1_i1.usrclk1_i1/I
    BUFGCTRL_X0Y0        BUFG (Prop_bufg_I_O)         0.077    20.021 r  pcie7_g0p8c0_support_i/pipe_clock_i/userclk1_i1.usrclk1_i1/O
                         net (fo=2216, routed)        1.396    21.416    NVP_AUTOINIT/u_sequence/user_clk_out
    SLICE_X37Y143        FDRE                                         r  NVP_AUTOINIT/u_sequence/nack_log_r_reg[4][28]/C
                         clock pessimism              0.258    21.674    
                         clock uncertainty           -0.079    21.595    
    SLICE_X37Y143        FDRE (Setup_fdre_C_CE)      -0.168    21.427    NVP_AUTOINIT/u_sequence/nack_log_r_reg[4][28]
  -------------------------------------------------------------------
                         required time                         21.427    
                         arrival time                         -10.098    
  -------------------------------------------------------------------
                         slack                                 11.329    

Slack (MET) :             11.329ns  (required time - arrival time)
  Source:                 NVP_AUTOINIT/u_sequence/sda_filtered_r_reg/C
                            (rising edge-triggered cell FDSE clocked by userclk1  {rise@0.000ns fall@8.000ns period=16.000ns})
  Destination:            NVP_AUTOINIT/u_sequence/nack_log_r_reg[4][31]/CE
                            (rising edge-triggered cell FDRE clocked by userclk1  {rise@0.000ns fall@8.000ns period=16.000ns})
  Path Group:             userclk1
  Path Type:              Setup (Max at Slow Process Corner)
  Requirement:            16.000ns  (userclk1 rise@16.000ns - userclk1 rise@0.000ns)
  Data Path Delay:        4.317ns  (logic 0.868ns (20.104%)  route 3.449ns (79.896%))
  Logic Levels:           2  (LUT4=1 LUT5=1)
  Clock Path Skew:        -0.106ns (DCD - SCD + CPR)
    Destination Clock Delay (DCD):    5.416ns = ( 21.416 - 16.000 ) 
    Source Clock Delay      (SCD):    5.780ns
    Clock Pessimism Removal (CPR):    0.258ns
  Clock Uncertainty:      0.079ns  ((TSJ^2 + DJ^2)^1/2) / 2 + PE
    Total System Jitter     (TSJ):    0.071ns
    Discrete Jitter          (DJ):    0.141ns
    Phase Error              (PE):    0.000ns

    Location             Delay type                Incr(ns)  Path(ns)    Netlist Resource(s)
  -------------------------------------------------------------------    -------------------
                         (clock userclk1 rise edge)
                                                      0.000     0.000 r  
    GTPE2_CHANNEL_X0Y3   GTPE2_CHANNEL                0.000     0.000 r  pcie7_g0p8c0_support_i/pcie7_g0p8c0_i/inst/inst/gt_top_i/pipe_wrapper_i/pipe_lane[0].gt_wrapper_i/gtp_channel.gtpe2_channel_i/TXOUTCLK
                         net (fo=1, routed)           1.209     1.209    pcie7_g0p8c0_support_i/pipe_clock_i/pipe_txoutclk_out
    BUFGCTRL_X0Y18                                                    r  pcie7_g0p8c0_support_i/pipe_clock_i/txoutclk_i.txoutclk_i/I
    BUFGCTRL_X0Y18       BUFG (Prop_bufg_I_O)         0.081     1.290 r  pcie7_g0p8c0_support_i/pipe_clock_i/txoutclk_i.txoutclk_i/O
                         net (fo=1, routed)           1.391     2.681    pcie7_g0p8c0_support_i/pipe_clock_i/refclk
    MMCME2_ADV_X0Y0                                                   r  pcie7_g0p8c0_support_i/pipe_clock_i/mmcm_i/CLKIN1
    MMCME2_ADV_X0Y0      MMCME2_ADV (Prop_mmcme2_adv_CLKIN1_CLKOUT2)
                                                      0.077     2.757 r  pcie7_g0p8c0_support_i/pipe_clock_i/mmcm_i/CLKOUT2
                         net (fo=1, routed)           1.425     4.182    pcie7_g0p8c0_support_i/pipe_clock_i/userclk1
    BUFGCTRL_X0Y0                                                     r  pcie7_g0p8c0_support_i/pipe_clock_i/userclk1_i1.usrclk1_i1/I
    BUFGCTRL_X0Y0        BUFG (Prop_bufg_I_O)         0.081     4.263 r  pcie7_g0p8c0_support_i/pipe_clock_i/userclk1_i1.usrclk1_i1/O
                         net (fo=2216, routed)        1.517     5.780    NVP_AUTOINIT/u_sequence/user_clk_out
    SLICE_X22Y139        FDSE                                         r  NVP_AUTOINIT/u_sequence/sda_filtered_r_reg/C
  -------------------------------------------------------------------    -------------------
    SLICE_X22Y139        FDSE (Prop_fdse_C_Q)         0.348     6.128 r  NVP_AUTOINIT/u_sequence/sda_filtered_r_reg/Q
                         net (fo=11, routed)          0.854     6.982    NVP_AUTOINIT/u_sequence/sda_filtered_r
    SLICE_X26Y140                                                     r  NVP_AUTOINIT/u_sequence/nack_log_r[1][49]_i_2/I1
    SLICE_X26Y140        LUT4 (Prop_lut4_I1_O)        0.253     7.235 r  NVP_AUTOINIT/u_sequence/nack_log_r[1][49]_i_2/O
                         net (fo=6, routed)           0.345     7.580    NVP_AUTOINIT/u_sequence/nack_log_r[1][49]_i_2_n_0
    SLICE_X23Y140                                                     r  NVP_AUTOINIT/u_sequence/nack_log_r[4][49]_i_1/I2
    SLICE_X23Y140        LUT5 (Prop_lut5_I2_O)        0.267     7.847 r  NVP_AUTOINIT/u_sequence/nack_log_r[4][49]_i_1/O
                         net (fo=45, routed)          2.250    10.098    NVP_AUTOINIT/u_sequence/nack_log_r[4][49]_i_1_n_0
    SLICE_X37Y143        FDRE                                         r  NVP_AUTOINIT/u_sequence/nack_log_r_reg[4][31]/CE
  -------------------------------------------------------------------    -------------------

                         (clock userclk1 rise edge)
                                                     16.000    16.000 r  
    GTPE2_CHANNEL_X0Y3   GTPE2_CHANNEL                0.000    16.000 r  pcie7_g0p8c0_support_i/pcie7_g0p8c0_i/inst/inst/gt_top_i/pipe_wrapper_i/pipe_lane[0].gt_wrapper_i/gtp_channel.gtpe2_channel_i/TXOUTCLK
                         net (fo=1, routed)           1.150    17.150    pcie7_g0p8c0_support_i/pipe_clock_i/pipe_txoutclk_out
    BUFGCTRL_X0Y18                                                    r  pcie7_g0p8c0_support_i/pipe_clock_i/txoutclk_i.txoutclk_i/I
    BUFGCTRL_X0Y18       BUFG (Prop_bufg_I_O)         0.077    17.227 r  pcie7_g0p8c0_support_i/pipe_clock_i/txoutclk_i.txoutclk_i/O
                         net (fo=1, routed)           1.286    18.513    pcie7_g0p8c0_support_i/pipe_clock_i/refclk
    MMCME2_ADV_X0Y0                                                   r  pcie7_g0p8c0_support_i/pipe_clock_i/mmcm_i/CLKIN1
    MMCME2_ADV_X0Y0      MMCME2_ADV (Prop_mmcme2_adv_CLKIN1_CLKOUT2)
                                                      0.073    18.586 r  pcie7_g0p8c0_support_i/pipe_clock_i/mmcm_i/CLKOUT2
                         net (fo=1, routed)           1.357    19.944    pcie7_g0p8c0_support_i/pipe_clock_i/userclk1
    BUFGCTRL_X0Y0                                                     r  pcie7_g0p8c0_support_i/pipe_clock_i/userclk1_i1.usrclk1_i1/I
    BUFGCTRL_X0Y0        BUFG (Prop_bufg_I_O)         0.077    20.021 r  pcie7_g0p8c0_support_i/pipe_clock_i/userclk1_i1.usrclk1_i1/O
                         net (fo=2216, routed)        1.396    21.416    NVP_AUTOINIT/u_sequence/user_clk_out
    SLICE_X37Y143        FDRE                                         r  NVP_AUTOINIT/u_sequence/nack_log_r_reg[4][31]/C
                         clock pessimism              0.258    21.674    
                         clock uncertainty           -0.079    21.595    
    SLICE_X37Y143        FDRE (Setup_fdre_C_CE)      -0.168    21.427    NVP_AUTOINIT/u_sequence/nack_log_r_reg[4][31]
  -------------------------------------------------------------------
                         required time                         21.427    
                         arrival time                         -10.098    
  -------------------------------------------------------------------
                         slack                                 11.329    

Slack (MET) :             11.329ns  (required time - arrival time)
  Source:                 NVP_AUTOINIT/u_sequence/sda_filtered_r_reg/C
                            (rising edge-triggered cell FDSE clocked by userclk1  {rise@0.000ns fall@8.000ns period=16.000ns})
  Destination:            NVP_AUTOINIT/u_sequence/nack_log_r_reg[4][44]/CE
                            (rising edge-triggered cell FDRE clocked by userclk1  {rise@0.000ns fall@8.000ns period=16.000ns})
  Path Group:             userclk1
  Path Type:              Setup (Max at Slow Process Corner)
  Requirement:            16.000ns  (userclk1 rise@16.000ns - userclk1 rise@0.000ns)
  Data Path Delay:        4.317ns  (logic 0.868ns (20.104%)  route 3.449ns (79.896%))
  Logic Levels:           2  (LUT4=1 LUT5=1)
  Clock Path Skew:        -0.106ns (DCD - SCD + CPR)
    Destination Clock Delay (DCD):    5.416ns = ( 21.416 - 16.000 ) 
    Source Clock Delay      (SCD):    5.780ns
    Clock Pessimism Removal (CPR):    0.258ns
  Clock Uncertainty:      0.079ns  ((TSJ^2 + DJ^2)^1/2) / 2 + PE
    Total System Jitter     (TSJ):    0.071ns
    Discrete Jitter          (DJ):    0.141ns
    Phase Error              (PE):    0.000ns

    Location             Delay type                Incr(ns)  Path(ns)    Netlist Resource(s)
  -------------------------------------------------------------------    -------------------
                         (clock userclk1 rise edge)
                                                      0.000     0.000 r  
    GTPE2_CHANNEL_X0Y3   GTPE2_CHANNEL                0.000     0.000 r  pcie7_g0p8c0_support_i/pcie7_g0p8c0_i/inst/inst/gt_top_i/pipe_wrapper_i/pipe_lane[0].gt_wrapper_i/gtp_channel.gtpe2_channel_i/TXOUTCLK
                         net (fo=1, routed)           1.209     1.209    pcie7_g0p8c0_support_i/pipe_clock_i/pipe_txoutclk_out
    BUFGCTRL_X0Y18                                                    r  pcie7_g0p8c0_support_i/pipe_clock_i/txoutclk_i.txoutclk_i/I
    BUFGCTRL_X0Y18       BUFG (Prop_bufg_I_O)         0.081     1.290 r  pcie7_g0p8c0_support_i/pipe_clock_i/txoutclk_i.txoutclk_i/O
                         net (fo=1, routed)           1.391     2.681    pcie7_g0p8c0_support_i/pipe_clock_i/refclk
    MMCME2_ADV_X0Y0                                                   r  pcie7_g0p8c0_support_i/pipe_clock_i/mmcm_i/CLKIN1
    MMCME2_ADV_X0Y0      MMCME2_ADV (Prop_mmcme2_adv_CLKIN1_CLKOUT2)
                                                      0.077     2.757 r  pcie7_g0p8c0_support_i/pipe_clock_i/mmcm_i/CLKOUT2
                         net (fo=1, routed)           1.425     4.182    pcie7_g0p8c0_support_i/pipe_clock_i/userclk1
    BUFGCTRL_X0Y0                                                     r  pcie7_g0p8c0_support_i/pipe_clock_i/userclk1_i1.usrclk1_i1/I
    BUFGCTRL_X0Y0        BUFG (Prop_bufg_I_O)         0.081     4.263 r  pcie7_g0p8c0_support_i/pipe_clock_i/userclk1_i1.usrclk1_i1/O
                         net (fo=2216, routed)        1.517     5.780    NVP_AUTOINIT/u_sequence/user_clk_out
    SLICE_X22Y139        FDSE                                         r  NVP_AUTOINIT/u_sequence/sda_filtered_r_reg/C
  -------------------------------------------------------------------    -------------------
    SLICE_X22Y139        FDSE (Prop_fdse_C_Q)         0.348     6.128 r  NVP_AUTOINIT/u_sequence/sda_filtered_r_reg/Q
                         net (fo=11, routed)          0.854     6.982    NVP_AUTOINIT/u_sequence/sda_filtered_r
    SLICE_X26Y140                                                     r  NVP_AUTOINIT/u_sequence/nack_log_r[1][49]_i_2/I1
    SLICE_X26Y140        LUT4 (Prop_lut4_I1_O)        0.253     7.235 r  NVP_AUTOINIT/u_sequence/nack_log_r[1][49]_i_2/O
                         net (fo=6, routed)           0.345     7.580    NVP_AUTOINIT/u_sequence/nack_log_r[1][49]_i_2_n_0
    SLICE_X23Y140                                                     r  NVP_AUTOINIT/u_sequence/nack_log_r[4][49]_i_1/I2
    SLICE_X23Y140        LUT5 (Prop_lut5_I2_O)        0.267     7.847 r  NVP_AUTOINIT/u_sequence/nack_log_r[4][49]_i_1/O
                         net (fo=45, routed)          2.250    10.098    NVP_AUTOINIT/u_sequence/nack_log_r[4][49]_i_1_n_0
    SLICE_X37Y143        FDRE                                         r  NVP_AUTOINIT/u_sequence/nack_log_r_reg[4][44]/CE
  -------------------------------------------------------------------    -------------------

                         (clock userclk1 rise edge)
                                                     16.000    16.000 r  
    GTPE2_CHANNEL_X0Y3   GTPE2_CHANNEL                0.000    16.000 r  pcie7_g0p8c0_support_i/pcie7_g0p8c0_i/inst/inst/gt_top_i/pipe_wrapper_i/pipe_lane[0].gt_wrapper_i/gtp_channel.gtpe2_channel_i/TXOUTCLK
                         net (fo=1, routed)           1.150    17.150    pcie7_g0p8c0_support_i/pipe_clock_i/pipe_txoutclk_out
    BUFGCTRL_X0Y18                                                    r  pcie7_g0p8c0_support_i/pipe_clock_i/txoutclk_i.txoutclk_i/I
    BUFGCTRL_X0Y18       BUFG (Prop_bufg_I_O)         0.077    17.227 r  pcie7_g0p8c0_support_i/pipe_clock_i/txoutclk_i.txoutclk_i/O
                         net (fo=1, routed)           1.286    18.513    pcie7_g0p8c0_support_i/pipe_clock_i/refclk
    MMCME2_ADV_X0Y0                                                   r  pcie7_g0p8c0_support_i/pipe_clock_i/mmcm_i/CLKIN1
    MMCME2_ADV_X0Y0      MMCME2_ADV (Prop_mmcme2_adv_CLKIN1_CLKOUT2)
                                                      0.073    18.586 r  pcie7_g0p8c0_support_i/pipe_clock_i/mmcm_i/CLKOUT2
                         net (fo=1, routed)           1.357    19.944    pcie7_g0p8c0_support_i/pipe_clock_i/userclk1
    BUFGCTRL_X0Y0                                                     r  pcie7_g0p8c0_support_i/pipe_clock_i/userclk1_i1.usrclk1_i1/I
    BUFGCTRL_X0Y0        BUFG (Prop_bufg_I_O)         0.077    20.021 r  pcie7_g0p8c0_support_i/pipe_clock_i/userclk1_i1.usrclk1_i1/O
                         net (fo=2216, routed)        1.396    21.416    NVP_AUTOINIT/u_sequence/user_clk_out
    SLICE_X37Y143        FDRE                                         r  NVP_AUTOINIT/u_sequence/nack_log_r_reg[4][44]/C
                         clock pessimism              0.258    21.674    
                         clock uncertainty           -0.079    21.595    
    SLICE_X37Y143        FDRE (Setup_fdre_C_CE)      -0.168    21.427    NVP_AUTOINIT/u_sequence/nack_log_r_reg[4][44]
  -------------------------------------------------------------------
                         required time                         21.427    
                         arrival time                         -10.098    
  -------------------------------------------------------------------
                         slack                                 11.329    

Slack (MET) :             11.329ns  (required time - arrival time)
  Source:                 NVP_AUTOINIT/u_sequence/sda_filtered_r_reg/C
                            (rising edge-triggered cell FDSE clocked by userclk1  {rise@0.000ns fall@8.000ns period=16.000ns})
  Destination:            NVP_AUTOINIT/u_sequence/nack_log_r_reg[4][49]/CE
                            (rising edge-triggered cell FDRE clocked by userclk1  {rise@0.000ns fall@8.000ns period=16.000ns})
  Path Group:             userclk1
  Path Type:              Setup (Max at Slow Process Corner)
  Requirement:            16.000ns  (userclk1 rise@16.000ns - userclk1 rise@0.000ns)
  Data Path Delay:        4.317ns  (logic 0.868ns (20.104%)  route 3.449ns (79.896%))
  Logic Levels:           2  (LUT4=1 LUT5=1)
  Clock Path Skew:        -0.106ns (DCD - SCD + CPR)
    Destination Clock Delay (DCD):    5.416ns = ( 21.416 - 16.000 ) 
    Source Clock Delay      (SCD):    5.780ns
    Clock Pessimism Removal (CPR):    0.258ns
  Clock Uncertainty:      0.079ns  ((TSJ^2 + DJ^2)^1/2) / 2 + PE
    Total System Jitter     (TSJ):    0.071ns
    Discrete Jitter          (DJ):    0.141ns
    Phase Error              (PE):    0.000ns

    Location             Delay type                Incr(ns)  Path(ns)    Netlist Resource(s)
  -------------------------------------------------------------------    -------------------
                         (clock userclk1 rise edge)
                                                      0.000     0.000 r  
    GTPE2_CHANNEL_X0Y3   GTPE2_CHANNEL                0.000     0.000 r  pcie7_g0p8c0_support_i/pcie7_g0p8c0_i/inst/inst/gt_top_i/pipe_wrapper_i/pipe_lane[0].gt_wrapper_i/gtp_channel.gtpe2_channel_i/TXOUTCLK
                         net (fo=1, routed)           1.209     1.209    pcie7_g0p8c0_support_i/pipe_clock_i/pipe_txoutclk_out
    BUFGCTRL_X0Y18                                                    r  pcie7_g0p8c0_support_i/pipe_clock_i/txoutclk_i.txoutclk_i/I
    BUFGCTRL_X0Y18       BUFG (Prop_bufg_I_O)         0.081     1.290 r  pcie7_g0p8c0_support_i/pipe_clock_i/txoutclk_i.txoutclk_i/O
                         net (fo=1, routed)           1.391     2.681    pcie7_g0p8c0_support_i/pipe_clock_i/refclk
    MMCME2_ADV_X0Y0                                                   r  pcie7_g0p8c0_support_i/pipe_clock_i/mmcm_i/CLKIN1
    MMCME2_ADV_X0Y0      MMCME2_ADV (Prop_mmcme2_adv_CLKIN1_CLKOUT2)
                                                      0.077     2.757 r  pcie7_g0p8c0_support_i/pipe_clock_i/mmcm_i/CLKOUT2
                         net (fo=1, routed)           1.425     4.182    pcie7_g0p8c0_support_i/pipe_clock_i/userclk1
    BUFGCTRL_X0Y0                                                     r  pcie7_g0p8c0_support_i/pipe_clock_i/userclk1_i1.usrclk1_i1/I
    BUFGCTRL_X0Y0        BUFG (Prop_bufg_I_O)         0.081     4.263 r  pcie7_g0p8c0_support_i/pipe_clock_i/userclk1_i1.usrclk1_i1/O
                         net (fo=2216, routed)        1.517     5.780    NVP_AUTOINIT/u_sequence/user_clk_out
    SLICE_X22Y139        FDSE                                         r  NVP_AUTOINIT/u_sequence/sda_filtered_r_reg/C
  -------------------------------------------------------------------    -------------------
    SLICE_X22Y139        FDSE (Prop_fdse_C_Q)         0.348     6.128 r  NVP_AUTOINIT/u_sequence/sda_filtered_r_reg/Q
                         net (fo=11, routed)          0.854     6.982    NVP_AUTOINIT/u_sequence/sda_filtered_r
    SLICE_X26Y140                                                     r  NVP_AUTOINIT/u_sequence/nack_log_r[1][49]_i_2/I1
    SLICE_X26Y140        LUT4 (Prop_lut4_I1_O)        0.253     7.235 r  NVP_AUTOINIT/u_sequence/nack_log_r[1][49]_i_2/O
                         net (fo=6, routed)           0.345     7.580    NVP_AUTOINIT/u_sequence/nack_log_r[1][49]_i_2_n_0
    SLICE_X23Y140                                                     r  NVP_AUTOINIT/u_sequence/nack_log_r[4][49]_i_1/I2
    SLICE_X23Y140        LUT5 (Prop_lut5_I2_O)        0.267     7.847 r  NVP_AUTOINIT/u_sequence/nack_log_r[4][49]_i_1/O
                         net (fo=45, routed)          2.250    10.098    NVP_AUTOINIT/u_sequence/nack_log_r[4][49]_i_1_n_0
    SLICE_X37Y143        FDRE                                         r  NVP_AUTOINIT/u_sequence/nack_log_r_reg[4][49]/CE
  -------------------------------------------------------------------    -------------------

                         (clock userclk1 rise edge)
                                                     16.000    16.000 r  
    GTPE2_CHANNEL_X0Y3   GTPE2_CHANNEL                0.000    16.000 r  pcie7_g0p8c0_support_i/pcie7_g0p8c0_i/inst/inst/gt_top_i/pipe_wrapper_i/pipe_lane[0].gt_wrapper_i/gtp_channel.gtpe2_channel_i/TXOUTCLK
                         net (fo=1, routed)           1.150    17.150    pcie7_g0p8c0_support_i/pipe_clock_i/pipe_txoutclk_out
    BUFGCTRL_X0Y18                                                    r  pcie7_g0p8c0_support_i/pipe_clock_i/txoutclk_i.txoutclk_i/I
    BUFGCTRL_X0Y18       BUFG (Prop_bufg_I_O)         0.077    17.227 r  pcie7_g0p8c0_support_i/pipe_clock_i/txoutclk_i.txoutclk_i/O
                         net (fo=1, routed)           1.286    18.513    pcie7_g0p8c0_support_i/pipe_clock_i/refclk
    MMCME2_ADV_X0Y0                                                   r  pcie7_g0p8c0_support_i/pipe_clock_i/mmcm_i/CLKIN1
    MMCME2_ADV_X0Y0      MMCME2_ADV (Prop_mmcme2_adv_CLKIN1_CLKOUT2)
                                                      0.073    18.586 r  pcie7_g0p8c0_support_i/pipe_clock_i/mmcm_i/CLKOUT2
                         net (fo=1, routed)           1.357    19.944    pcie7_g0p8c0_support_i/pipe_clock_i/userclk1
    BUFGCTRL_X0Y0                                                     r  pcie7_g0p8c0_support_i/pipe_clock_i/userclk1_i1.usrclk1_i1/I
    BUFGCTRL_X0Y0        BUFG (Prop_bufg_I_O)         0.077    20.021 r  pcie7_g0p8c0_support_i/pipe_clock_i/userclk1_i1.usrclk1_i1/O
                         net (fo=2216, routed)        1.396    21.416    NVP_AUTOINIT/u_sequence/user_clk_out
    SLICE_X37Y143        FDRE                                         r  NVP_AUTOINIT/u_sequence/nack_log_r_reg[4][49]/C
                         clock pessimism              0.258    21.674    
                         clock uncertainty           -0.079    21.595    
    SLICE_X37Y143        FDRE (Setup_fdre_C_CE)      -0.168    21.427    NVP_AUTOINIT/u_sequence/nack_log_r_reg[4][49]
  -------------------------------------------------------------------
                         required time                         21.427    
                         arrival time                         -10.098    
  -------------------------------------------------------------------
                         slack                                 11.329    

Slack (MET) :             11.330ns  (required time - arrival time)
  Source:                 NVP_AUTOINIT/u_sequence/sda_filtered_r_reg/C
                            (rising edge-triggered cell FDSE clocked by userclk1  {rise@0.000ns fall@8.000ns period=16.000ns})
  Destination:            NVP_AUTOINIT/u_sequence/nack_log_r_reg[4][17]/CE
                            (rising edge-triggered cell FDRE clocked by userclk1  {rise@0.000ns fall@8.000ns period=16.000ns})
  Path Group:             userclk1
  Path Type:              Setup (Max at Slow Process Corner)
  Requirement:            16.000ns  (userclk1 rise@16.000ns - userclk1 rise@0.000ns)
  Data Path Delay:        4.316ns  (logic 0.868ns (20.109%)  route 3.448ns (79.891%))
  Logic Levels:           2  (LUT4=1 LUT5=1)
  Clock Path Skew:        -0.106ns (DCD - SCD + CPR)
    Destination Clock Delay (DCD):    5.416ns = ( 21.416 - 16.000 ) 
    Source Clock Delay      (SCD):    5.780ns
    Clock Pessimism Removal (CPR):    0.258ns
  Clock Uncertainty:      0.079ns  ((TSJ^2 + DJ^2)^1/2) / 2 + PE
    Total System Jitter     (TSJ):    0.071ns
    Discrete Jitter          (DJ):    0.141ns
    Phase Error              (PE):    0.000ns

    Location             Delay type                Incr(ns)  Path(ns)    Netlist Resource(s)
  -------------------------------------------------------------------    -------------------
                         (clock userclk1 rise edge)
                                                      0.000     0.000 r  
    GTPE2_CHANNEL_X0Y3   GTPE2_CHANNEL                0.000     0.000 r  pcie7_g0p8c0_support_i/pcie7_g0p8c0_i/inst/inst/gt_top_i/pipe_wrapper_i/pipe_lane[0].gt_wrapper_i/gtp_channel.gtpe2_channel_i/TXOUTCLK
                         net (fo=1, routed)           1.209     1.209    pcie7_g0p8c0_support_i/pipe_clock_i/pipe_txoutclk_out
    BUFGCTRL_X0Y18                                                    r  pcie7_g0p8c0_support_i/pipe_clock_i/txoutclk_i.txoutclk_i/I
    BUFGCTRL_X0Y18       BUFG (Prop_bufg_I_O)         0.081     1.290 r  pcie7_g0p8c0_support_i/pipe_clock_i/txoutclk_i.txoutclk_i/O
                         net (fo=1, routed)           1.391     2.681    pcie7_g0p8c0_support_i/pipe_clock_i/refclk
    MMCME2_ADV_X0Y0                                                   r  pcie7_g0p8c0_support_i/pipe_clock_i/mmcm_i/CLKIN1
    MMCME2_ADV_X0Y0      MMCME2_ADV (Prop_mmcme2_adv_CLKIN1_CLKOUT2)
                                                      0.077     2.757 r  pcie7_g0p8c0_support_i/pipe_clock_i/mmcm_i/CLKOUT2
                         net (fo=1, routed)           1.425     4.182    pcie7_g0p8c0_support_i/pipe_clock_i/userclk1
    BUFGCTRL_X0Y0                                                     r  pcie7_g0p8c0_support_i/pipe_clock_i/userclk1_i1.usrclk1_i1/I
    BUFGCTRL_X0Y0        BUFG (Prop_bufg_I_O)         0.081     4.263 r  pcie7_g0p8c0_support_i/pipe_clock_i/userclk1_i1.usrclk1_i1/O
                         net (fo=2216, routed)        1.517     5.780    NVP_AUTOINIT/u_sequence/user_clk_out
    SLICE_X22Y139        FDSE                                         r  NVP_AUTOINIT/u_sequence/sda_filtered_r_reg/C
  -------------------------------------------------------------------    -------------------
    SLICE_X22Y139        FDSE (Prop_fdse_C_Q)         0.348     6.128 r  NVP_AUTOINIT/u_sequence/sda_filtered_r_reg/Q
                         net (fo=11, routed)          0.854     6.982    NVP_AUTOINIT/u_sequence/sda_filtered_r
    SLICE_X26Y140                                                     r  NVP_AUTOINIT/u_sequence/nack_log_r[1][49]_i_2/I1
    SLICE_X26Y140        LUT4 (Prop_lut4_I1_O)        0.253     7.235 r  NVP_AUTOINIT/u_sequence/nack_log_r[1][49]_i_2/O
                         net (fo=6, routed)           0.345     7.580    NVP_AUTOINIT/u_sequence/nack_log_r[1][49]_i_2_n_0
    SLICE_X23Y140                                                     r  NVP_AUTOINIT/u_sequence/nack_log_r[4][49]_i_1/I2
    SLICE_X23Y140        LUT5 (Prop_lut5_I2_O)        0.267     7.847 r  NVP_AUTOINIT/u_sequence/nack_log_r[4][49]_i_1/O
                         net (fo=45, routed)          2.249    10.097    NVP_AUTOINIT/u_sequence/nack_log_r[4][49]_i_1_n_0
    SLICE_X36Y143        FDRE                                         r  NVP_AUTOINIT/u_sequence/nack_log_r_reg[4][17]/CE
  -------------------------------------------------------------------    -------------------

                         (clock userclk1 rise edge)
                                                     16.000    16.000 r  
    GTPE2_CHANNEL_X0Y3   GTPE2_CHANNEL                0.000    16.000 r  pcie7_g0p8c0_support_i/pcie7_g0p8c0_i/inst/inst/gt_top_i/pipe_wrapper_i/pipe_lane[0].gt_wrapper_i/gtp_channel.gtpe2_channel_i/TXOUTCLK
                         net (fo=1, routed)           1.150    17.150    pcie7_g0p8c0_support_i/pipe_clock_i/pipe_txoutclk_out
    BUFGCTRL_X0Y18                                                    r  pcie7_g0p8c0_support_i/pipe_clock_i/txoutclk_i.txoutclk_i/I
    BUFGCTRL_X0Y18       BUFG (Prop_bufg_I_O)         0.077    17.227 r  pcie7_g0p8c0_support_i/pipe_clock_i/txoutclk_i.txoutclk_i/O
                         net (fo=1, routed)           1.286    18.513    pcie7_g0p8c0_support_i/pipe_clock_i/refclk
    MMCME2_ADV_X0Y0                                                   r  pcie7_g0p8c0_support_i/pipe_clock_i/mmcm_i/CLKIN1
    MMCME2_ADV_X0Y0      MMCME2_ADV (Prop_mmcme2_adv_CLKIN1_CLKOUT2)
                                                      0.073    18.586 r  pcie7_g0p8c0_support_i/pipe_clock_i/mmcm_i/CLKOUT2
                         net (fo=1, routed)           1.357    19.944    pcie7_g0p8c0_support_i/pipe_clock_i/userclk1
    BUFGCTRL_X0Y0                                                     r  pcie7_g0p8c0_support_i/pipe_clock_i/userclk1_i1.usrclk1_i1/I
    BUFGCTRL_X0Y0        BUFG (Prop_bufg_I_O)         0.077    20.021 r  pcie7_g0p8c0_support_i/pipe_clock_i/userclk1_i1.usrclk1_i1/O
                         net (fo=2216, routed)        1.396    21.416    NVP_AUTOINIT/u_sequence/user_clk_out
    SLICE_X36Y143        FDRE                                         r  NVP_AUTOINIT/u_sequence/nack_log_r_reg[4][17]/C
                         clock pessimism              0.258    21.674    
                         clock uncertainty           -0.079    21.595    
    SLICE_X36Y143        FDRE (Setup_fdre_C_CE)      -0.168    21.427    NVP_AUTOINIT/u_sequence/nack_log_r_reg[4][17]
  -------------------------------------------------------------------
                         required time                         21.427    
                         arrival time                         -10.097    
  -------------------------------------------------------------------
                         slack                                 11.330    

Slack (MET) :             11.359ns  (required time - arrival time)
  Source:                 NVP_AUTOINIT/u_sequence/sda_filtered_r_reg/C
                            (rising edge-triggered cell FDSE clocked by userclk1  {rise@0.000ns fall@8.000ns period=16.000ns})
  Destination:            NVP_AUTOINIT/u_sequence/nack_log_r_reg[3][40]/CE
                            (rising edge-triggered cell FDRE clocked by userclk1  {rise@0.000ns fall@8.000ns period=16.000ns})
  Path Group:             userclk1
  Path Type:              Setup (Max at Slow Process Corner)
  Requirement:            16.000ns  (userclk1 rise@16.000ns - userclk1 rise@0.000ns)
  Data Path Delay:        4.120ns  (logic 0.882ns (21.406%)  route 3.238ns (78.594%))
  Logic Levels:           2  (LUT4=1 LUT5=1)
  Clock Path Skew:        -0.104ns (DCD - SCD + CPR)
    Destination Clock Delay (DCD):    5.418ns = ( 21.418 - 16.000 ) 
    Source Clock Delay      (SCD):    5.780ns
    Clock Pessimism Removal (CPR):    0.258ns
  Clock Uncertainty:      0.079ns  ((TSJ^2 + DJ^2)^1/2) / 2 + PE
    Total System Jitter     (TSJ):    0.071ns
    Discrete Jitter          (DJ):    0.141ns
    Phase Error              (PE):    0.000ns

    Location             Delay type                Incr(ns)  Path(ns)    Netlist Resource(s)
  -------------------------------------------------------------------    -------------------
                         (clock userclk1 rise edge)
                                                      0.000     0.000 r  
    GTPE2_CHANNEL_X0Y3   GTPE2_CHANNEL                0.000     0.000 r  pcie7_g0p8c0_support_i/pcie7_g0p8c0_i/inst/inst/gt_top_i/pipe_wrapper_i/pipe_lane[0].gt_wrapper_i/gtp_channel.gtpe2_channel_i/TXOUTCLK
                         net (fo=1, routed)           1.209     1.209    pcie7_g0p8c0_support_i/pipe_clock_i/pipe_txoutclk_out
    BUFGCTRL_X0Y18                                                    r  pcie7_g0p8c0_support_i/pipe_clock_i/txoutclk_i.txoutclk_i/I
    BUFGCTRL_X0Y18       BUFG (Prop_bufg_I_O)         0.081     1.290 r  pcie7_g0p8c0_support_i/pipe_clock_i/txoutclk_i.txoutclk_i/O
                         net (fo=1, routed)           1.391     2.681    pcie7_g0p8c0_support_i/pipe_clock_i/refclk
    MMCME2_ADV_X0Y0                                                   r  pcie7_g0p8c0_support_i/pipe_clock_i/mmcm_i/CLKIN1
    MMCME2_ADV_X0Y0      MMCME2_ADV (Prop_mmcme2_adv_CLKIN1_CLKOUT2)
                                                      0.077     2.757 r  pcie7_g0p8c0_support_i/pipe_clock_i/mmcm_i/CLKOUT2
                         net (fo=1, routed)           1.425     4.182    pcie7_g0p8c0_support_i/pipe_clock_i/userclk1
    BUFGCTRL_X0Y0                                                     r  pcie7_g0p8c0_support_i/pipe_clock_i/userclk1_i1.usrclk1_i1/I
    BUFGCTRL_X0Y0        BUFG (Prop_bufg_I_O)         0.081     4.263 r  pcie7_g0p8c0_support_i/pipe_clock_i/userclk1_i1.usrclk1_i1/O
                         net (fo=2216, routed)        1.517     5.780    NVP_AUTOINIT/u_sequence/user_clk_out
    SLICE_X22Y139        FDSE                                         r  NVP_AUTOINIT/u_sequence/sda_filtered_r_reg/C
  -------------------------------------------------------------------    -------------------
    SLICE_X22Y139        FDSE (Prop_fdse_C_Q)         0.348     6.128 r  NVP_AUTOINIT/u_sequence/sda_filtered_r_reg/Q
                         net (fo=11, routed)          0.854     6.982    NVP_AUTOINIT/u_sequence/sda_filtered_r
    SLICE_X26Y140                                                     r  NVP_AUTOINIT/u_sequence/nack_log_r[1][49]_i_2/I1
    SLICE_X26Y140        LUT4 (Prop_lut4_I1_O)        0.253     7.235 r  NVP_AUTOINIT/u_sequence/nack_log_r[1][49]_i_2/O
                         net (fo=6, routed)           0.688     7.923    NVP_AUTOINIT/u_sequence/nack_log_r[1][49]_i_2_n_0
    SLICE_X23Y140                                                     r  NVP_AUTOINIT/u_sequence/nack_log_r[3][49]_i_1/I4
    SLICE_X23Y140        LUT5 (Prop_lut5_I4_O)        0.281     8.204 r  NVP_AUTOINIT/u_sequence/nack_log_r[3][49]_i_1/O
                         net (fo=45, routed)          1.696     9.901    NVP_AUTOINIT/u_sequence/nack_log_r[3][49]_i_1_n_0
    SLICE_X40Y140        FDRE                                         r  NVP_AUTOINIT/u_sequence/nack_log_r_reg[3][40]/CE
  -------------------------------------------------------------------    -------------------

                         (clock userclk1 rise edge)
                                                     16.000    16.000 r  
    GTPE2_CHANNEL_X0Y3   GTPE2_CHANNEL                0.000    16.000 r  pcie7_g0p8c0_support_i/pcie7_g0p8c0_i/inst/inst/gt_top_i/pipe_wrapper_i/pipe_lane[0].gt_wrapper_i/gtp_channel.gtpe2_channel_i/TXOUTCLK
                         net (fo=1, routed)           1.150    17.150    pcie7_g0p8c0_support_i/pipe_clock_i/pipe_txoutclk_out
    BUFGCTRL_X0Y18                                                    r  pcie7_g0p8c0_support_i/pipe_clock_i/txoutclk_i.txoutclk_i/I
    BUFGCTRL_X0Y18       BUFG (Prop_bufg_I_O)         0.077    17.227 r  pcie7_g0p8c0_support_i/pipe_clock_i/txoutclk_i.txoutclk_i/O
                         net (fo=1, routed)           1.286    18.513    pcie7_g0p8c0_support_i/pipe_clock_i/refclk
    MMCME2_ADV_X0Y0                                                   r  pcie7_g0p8c0_support_i/pipe_clock_i/mmcm_i/CLKIN1
    MMCME2_ADV_X0Y0      MMCME2_ADV (Prop_mmcme2_adv_CLKIN1_CLKOUT2)
                                                      0.073    18.586 r  pcie7_g0p8c0_support_i/pipe_clock_i/mmcm_i/CLKOUT2
                         net (fo=1, routed)           1.357    19.944    pcie7_g0p8c0_support_i/pipe_clock_i/userclk1
    BUFGCTRL_X0Y0                                                     r  pcie7_g0p8c0_support_i/pipe_clock_i/userclk1_i1.usrclk1_i1/I
    BUFGCTRL_X0Y0        BUFG (Prop_bufg_I_O)         0.077    20.021 r  pcie7_g0p8c0_support_i/pipe_clock_i/userclk1_i1.usrclk1_i1/O
                         net (fo=2216, routed)        1.398    21.418    NVP_AUTOINIT/u_sequence/user_clk_out
    SLICE_X40Y140        FDRE                                         r  NVP_AUTOINIT/u_sequence/nack_log_r_reg[3][40]/C
                         clock pessimism              0.258    21.676    
                         clock uncertainty           -0.079    21.597    
    SLICE_X40Y140        FDRE (Setup_fdre_C_CE)      -0.338    21.259    NVP_AUTOINIT/u_sequence/nack_log_r_reg[3][40]
  -------------------------------------------------------------------
                         required time                         21.259    
                         arrival time                          -9.901    
  -------------------------------------------------------------------
                         slack                                 11.359    

Slack (MET) :             11.359ns  (required time - arrival time)
  Source:                 NVP_AUTOINIT/u_sequence/sda_filtered_r_reg/C
                            (rising edge-triggered cell FDSE clocked by userclk1  {rise@0.000ns fall@8.000ns period=16.000ns})
  Destination:            NVP_AUTOINIT/u_sequence/nack_log_r_reg[3][41]/CE
                            (rising edge-triggered cell FDRE clocked by userclk1  {rise@0.000ns fall@8.000ns period=16.000ns})
  Path Group:             userclk1
  Path Type:              Setup (Max at Slow Process Corner)
  Requirement:            16.000ns  (userclk1 rise@16.000ns - userclk1 rise@0.000ns)
  Data Path Delay:        4.120ns  (logic 0.882ns (21.406%)  route 3.238ns (78.594%))
  Logic Levels:           2  (LUT4=1 LUT5=1)
  Clock Path Skew:        -0.104ns (DCD - SCD + CPR)
    Destination Clock Delay (DCD):    5.418ns = ( 21.418 - 16.000 ) 
    Source Clock Delay      (SCD):    5.780ns
    Clock Pessimism Removal (CPR):    0.258ns
  Clock Uncertainty:      0.079ns  ((TSJ^2 + DJ^2)^1/2) / 2 + PE
    Total System Jitter     (TSJ):    0.071ns
    Discrete Jitter          (DJ):    0.141ns
    Phase Error              (PE):    0.000ns

    Location             Delay type                Incr(ns)  Path(ns)    Netlist Resource(s)
  -------------------------------------------------------------------    -------------------
                         (clock userclk1 rise edge)
                                                      0.000     0.000 r  
    GTPE2_CHANNEL_X0Y3   GTPE2_CHANNEL                0.000     0.000 r  pcie7_g0p8c0_support_i/pcie7_g0p8c0_i/inst/inst/gt_top_i/pipe_wrapper_i/pipe_lane[0].gt_wrapper_i/gtp_channel.gtpe2_channel_i/TXOUTCLK
                         net (fo=1, routed)           1.209     1.209    pcie7_g0p8c0_support_i/pipe_clock_i/pipe_txoutclk_out
    BUFGCTRL_X0Y18                                                    r  pcie7_g0p8c0_support_i/pipe_clock_i/txoutclk_i.txoutclk_i/I
    BUFGCTRL_X0Y18       BUFG (Prop_bufg_I_O)         0.081     1.290 r  pcie7_g0p8c0_support_i/pipe_clock_i/txoutclk_i.txoutclk_i/O
                         net (fo=1, routed)           1.391     2.681    pcie7_g0p8c0_support_i/pipe_clock_i/refclk
    MMCME2_ADV_X0Y0                                                   r  pcie7_g0p8c0_support_i/pipe_clock_i/mmcm_i/CLKIN1
    MMCME2_ADV_X0Y0      MMCME2_ADV (Prop_mmcme2_adv_CLKIN1_CLKOUT2)
                                                      0.077     2.757 r  pcie7_g0p8c0_support_i/pipe_clock_i/mmcm_i/CLKOUT2
                         net (fo=1, routed)           1.425     4.182    pcie7_g0p8c0_support_i/pipe_clock_i/userclk1
    BUFGCTRL_X0Y0                                                     r  pcie7_g0p8c0_support_i/pipe_clock_i/userclk1_i1.usrclk1_i1/I
    BUFGCTRL_X0Y0        BUFG (Prop_bufg_I_O)         0.081     4.263 r  pcie7_g0p8c0_support_i/pipe_clock_i/userclk1_i1.usrclk1_i1/O
                         net (fo=2216, routed)        1.517     5.780    NVP_AUTOINIT/u_sequence/user_clk_out
    SLICE_X22Y139        FDSE                                         r  NVP_AUTOINIT/u_sequence/sda_filtered_r_reg/C
  -------------------------------------------------------------------    -------------------
    SLICE_X22Y139        FDSE (Prop_fdse_C_Q)         0.348     6.128 r  NVP_AUTOINIT/u_sequence/sda_filtered_r_reg/Q
                         net (fo=11, routed)          0.854     6.982    NVP_AUTOINIT/u_sequence/sda_filtered_r
    SLICE_X26Y140                                                     r  NVP_AUTOINIT/u_sequence/nack_log_r[1][49]_i_2/I1
    SLICE_X26Y140        LUT4 (Prop_lut4_I1_O)        0.253     7.235 r  NVP_AUTOINIT/u_sequence/nack_log_r[1][49]_i_2/O
                         net (fo=6, routed)           0.688     7.923    NVP_AUTOINIT/u_sequence/nack_log_r[1][49]_i_2_n_0
    SLICE_X23Y140                                                     r  NVP_AUTOINIT/u_sequence/nack_log_r[3][49]_i_1/I4
    SLICE_X23Y140        LUT5 (Prop_lut5_I4_O)        0.281     8.204 r  NVP_AUTOINIT/u_sequence/nack_log_r[3][49]_i_1/O
                         net (fo=45, routed)          1.696     9.901    NVP_AUTOINIT/u_sequence/nack_log_r[3][49]_i_1_n_0
    SLICE_X40Y140        FDRE                                         r  NVP_AUTOINIT/u_sequence/nack_log_r_reg[3][41]/CE
  -------------------------------------------------------------------    -------------------

                         (clock userclk1 rise edge)
                                                     16.000    16.000 r  
    GTPE2_CHANNEL_X0Y3   GTPE2_CHANNEL                0.000    16.000 r  pcie7_g0p8c0_support_i/pcie7_g0p8c0_i/inst/inst/gt_top_i/pipe_wrapper_i/pipe_lane[0].gt_wrapper_i/gtp_channel.gtpe2_channel_i/TXOUTCLK
                         net (fo=1, routed)           1.150    17.150    pcie7_g0p8c0_support_i/pipe_clock_i/pipe_txoutclk_out
    BUFGCTRL_X0Y18                                                    r  pcie7_g0p8c0_support_i/pipe_clock_i/txoutclk_i.txoutclk_i/I
    BUFGCTRL_X0Y18       BUFG (Prop_bufg_I_O)         0.077    17.227 r  pcie7_g0p8c0_support_i/pipe_clock_i/txoutclk_i.txoutclk_i/O
                         net (fo=1, routed)           1.286    18.513    pcie7_g0p8c0_support_i/pipe_clock_i/refclk
    MMCME2_ADV_X0Y0                                                   r  pcie7_g0p8c0_support_i/pipe_clock_i/mmcm_i/CLKIN1
    MMCME2_ADV_X0Y0      MMCME2_ADV (Prop_mmcme2_adv_CLKIN1_CLKOUT2)
                                                      0.073    18.586 r  pcie7_g0p8c0_support_i/pipe_clock_i/mmcm_i/CLKOUT2
                         net (fo=1, routed)           1.357    19.944    pcie7_g0p8c0_support_i/pipe_clock_i/userclk1
    BUFGCTRL_X0Y0                                                     r  pcie7_g0p8c0_support_i/pipe_clock_i/userclk1_i1.usrclk1_i1/I
    BUFGCTRL_X0Y0        BUFG (Prop_bufg_I_O)         0.077    20.021 r  pcie7_g0p8c0_support_i/pipe_clock_i/userclk1_i1.usrclk1_i1/O
                         net (fo=2216, routed)        1.398    21.418    NVP_AUTOINIT/u_sequence/user_clk_out
    SLICE_X40Y140        FDRE                                         r  NVP_AUTOINIT/u_sequence/nack_log_r_reg[3][41]/C
                         clock pessimism              0.258    21.676    
                         clock uncertainty           -0.079    21.597    
    SLICE_X40Y140        FDRE (Setup_fdre_C_CE)      -0.338    21.259    NVP_AUTOINIT/u_sequence/nack_log_r_reg[3][41]
  -------------------------------------------------------------------
                         required time                         21.259    
                         arrival time                          -9.901    
  -------------------------------------------------------------------
                         slack                                 11.359    

Slack (MET) :             11.359ns  (required time - arrival time)
  Source:                 NVP_AUTOINIT/u_sequence/sda_filtered_r_reg/C
                            (rising edge-triggered cell FDSE clocked by userclk1  {rise@0.000ns fall@8.000ns period=16.000ns})
  Destination:            NVP_AUTOINIT/u_sequence/nack_log_r_reg[3][8]/CE
                            (rising edge-triggered cell FDRE clocked by userclk1  {rise@0.000ns fall@8.000ns period=16.000ns})
  Path Group:             userclk1
  Path Type:              Setup (Max at Slow Process Corner)
  Requirement:            16.000ns  (userclk1 rise@16.000ns - userclk1 rise@0.000ns)
  Data Path Delay:        4.120ns  (logic 0.882ns (21.406%)  route 3.238ns (78.594%))
  Logic Levels:           2  (LUT4=1 LUT5=1)
  Clock Path Skew:        -0.104ns (DCD - SCD + CPR)
    Destination Clock Delay (DCD):    5.418ns = ( 21.418 - 16.000 ) 
    Source Clock Delay      (SCD):    5.780ns
    Clock Pessimism Removal (CPR):    0.258ns
  Clock Uncertainty:      0.079ns  ((TSJ^2 + DJ^2)^1/2) / 2 + PE
    Total System Jitter     (TSJ):    0.071ns
    Discrete Jitter          (DJ):    0.141ns
    Phase Error              (PE):    0.000ns

    Location             Delay type                Incr(ns)  Path(ns)    Netlist Resource(s)
  -------------------------------------------------------------------    -------------------
                         (clock userclk1 rise edge)
                                                      0.000     0.000 r  
    GTPE2_CHANNEL_X0Y3   GTPE2_CHANNEL                0.000     0.000 r  pcie7_g0p8c0_support_i/pcie7_g0p8c0_i/inst/inst/gt_top_i/pipe_wrapper_i/pipe_lane[0].gt_wrapper_i/gtp_channel.gtpe2_channel_i/TXOUTCLK
                         net (fo=1, routed)           1.209     1.209    pcie7_g0p8c0_support_i/pipe_clock_i/pipe_txoutclk_out
    BUFGCTRL_X0Y18                                                    r  pcie7_g0p8c0_support_i/pipe_clock_i/txoutclk_i.txoutclk_i/I
    BUFGCTRL_X0Y18       BUFG (Prop_bufg_I_O)         0.081     1.290 r  pcie7_g0p8c0_support_i/pipe_clock_i/txoutclk_i.txoutclk_i/O
                         net (fo=1, routed)           1.391     2.681    pcie7_g0p8c0_support_i/pipe_clock_i/refclk
    MMCME2_ADV_X0Y0                                                   r  pcie7_g0p8c0_support_i/pipe_clock_i/mmcm_i/CLKIN1
    MMCME2_ADV_X0Y0      MMCME2_ADV (Prop_mmcme2_adv_CLKIN1_CLKOUT2)
                                                      0.077     2.757 r  pcie7_g0p8c0_support_i/pipe_clock_i/mmcm_i/CLKOUT2
                         net (fo=1, routed)           1.425     4.182    pcie7_g0p8c0_support_i/pipe_clock_i/userclk1
    BUFGCTRL_X0Y0                                                     r  pcie7_g0p8c0_support_i/pipe_clock_i/userclk1_i1.usrclk1_i1/I
    BUFGCTRL_X0Y0        BUFG (Prop_bufg_I_O)         0.081     4.263 r  pcie7_g0p8c0_support_i/pipe_clock_i/userclk1_i1.usrclk1_i1/O
                         net (fo=2216, routed)        1.517     5.780    NVP_AUTOINIT/u_sequence/user_clk_out
    SLICE_X22Y139        FDSE                                         r  NVP_AUTOINIT/u_sequence/sda_filtered_r_reg/C
  -------------------------------------------------------------------    -------------------
    SLICE_X22Y139        FDSE (Prop_fdse_C_Q)         0.348     6.128 r  NVP_AUTOINIT/u_sequence/sda_filtered_r_reg/Q
                         net (fo=11, routed)          0.854     6.982    NVP_AUTOINIT/u_sequence/sda_filtered_r
    SLICE_X26Y140                                                     r  NVP_AUTOINIT/u_sequence/nack_log_r[1][49]_i_2/I1
    SLICE_X26Y140        LUT4 (Prop_lut4_I1_O)        0.253     7.235 r  NVP_AUTOINIT/u_sequence/nack_log_r[1][49]_i_2/O
                         net (fo=6, routed)           0.688     7.923    NVP_AUTOINIT/u_sequence/nack_log_r[1][49]_i_2_n_0
    SLICE_X23Y140                                                     r  NVP_AUTOINIT/u_sequence/nack_log_r[3][49]_i_1/I4
    SLICE_X23Y140        LUT5 (Prop_lut5_I4_O)        0.281     8.204 r  NVP_AUTOINIT/u_sequence/nack_log_r[3][49]_i_1/O
                         net (fo=45, routed)          1.696     9.901    NVP_AUTOINIT/u_sequence/nack_log_r[3][49]_i_1_n_0
    SLICE_X40Y140        FDRE                                         r  NVP_AUTOINIT/u_sequence/nack_log_r_reg[3][8]/CE
  -------------------------------------------------------------------    -------------------

                         (clock userclk1 rise edge)
                                                     16.000    16.000 r  
    GTPE2_CHANNEL_X0Y3   GTPE2_CHANNEL                0.000    16.000 r  pcie7_g0p8c0_support_i/pcie7_g0p8c0_i/inst/inst/gt_top_i/pipe_wrapper_i/pipe_lane[0].gt_wrapper_i/gtp_channel.gtpe2_channel_i/TXOUTCLK
                         net (fo=1, routed)           1.150    17.150    pcie7_g0p8c0_support_i/pipe_clock_i/pipe_txoutclk_out
    BUFGCTRL_X0Y18                                                    r  pcie7_g0p8c0_support_i/pipe_clock_i/txoutclk_i.txoutclk_i/I
    BUFGCTRL_X0Y18       BUFG (Prop_bufg_I_O)         0.077    17.227 r  pcie7_g0p8c0_support_i/pipe_clock_i/txoutclk_i.txoutclk_i/O
                         net (fo=1, routed)           1.286    18.513    pcie7_g0p8c0_support_i/pipe_clock_i/refclk
    MMCME2_ADV_X0Y0                                                   r  pcie7_g0p8c0_support_i/pipe_clock_i/mmcm_i/CLKIN1
    MMCME2_ADV_X0Y0      MMCME2_ADV (Prop_mmcme2_adv_CLKIN1_CLKOUT2)
                                                      0.073    18.586 r  pcie7_g0p8c0_support_i/pipe_clock_i/mmcm_i/CLKOUT2
                         net (fo=1, routed)           1.357    19.944    pcie7_g0p8c0_support_i/pipe_clock_i/userclk1
    BUFGCTRL_X0Y0                                                     r  pcie7_g0p8c0_support_i/pipe_clock_i/userclk1_i1.usrclk1_i1/I
    BUFGCTRL_X0Y0        BUFG (Prop_bufg_I_O)         0.077    20.021 r  pcie7_g0p8c0_support_i/pipe_clock_i/userclk1_i1.usrclk1_i1/O
                         net (fo=2216, routed)        1.398    21.418    NVP_AUTOINIT/u_sequence/user_clk_out
    SLICE_X40Y140        FDRE                                         r  NVP_AUTOINIT/u_sequence/nack_log_r_reg[3][8]/C
                         clock pessimism              0.258    21.676    
                         clock uncertainty           -0.079    21.597    
    SLICE_X40Y140        FDRE (Setup_fdre_C_CE)      -0.338    21.259    NVP_AUTOINIT/u_sequence/nack_log_r_reg[3][8]
  -------------------------------------------------------------------
                         required time                         21.259    
                         arrival time                          -9.901    
  -------------------------------------------------------------------
                         slack                                 11.359    

Slack (MET) :             11.359ns  (required time - arrival time)
  Source:                 NVP_AUTOINIT/u_sequence/sda_filtered_r_reg/C
                            (rising edge-triggered cell FDSE clocked by userclk1  {rise@0.000ns fall@8.000ns period=16.000ns})
  Destination:            NVP_AUTOINIT/u_sequence/nack_log_r_reg[3][9]/CE
                            (rising edge-triggered cell FDRE clocked by userclk1  {rise@0.000ns fall@8.000ns period=16.000ns})
  Path Group:             userclk1
  Path Type:              Setup (Max at Slow Process Corner)
  Requirement:            16.000ns  (userclk1 rise@16.000ns - userclk1 rise@0.000ns)
  Data Path Delay:        4.120ns  (logic 0.882ns (21.406%)  route 3.238ns (78.594%))
  Logic Levels:           2  (LUT4=1 LUT5=1)
  Clock Path Skew:        -0.104ns (DCD - SCD + CPR)
    Destination Clock Delay (DCD):    5.418ns = ( 21.418 - 16.000 ) 
    Source Clock Delay      (SCD):    5.780ns
    Clock Pessimism Removal (CPR):    0.258ns
  Clock Uncertainty:      0.079ns  ((TSJ^2 + DJ^2)^1/2) / 2 + PE
    Total System Jitter     (TSJ):    0.071ns
    Discrete Jitter          (DJ):    0.141ns
    Phase Error              (PE):    0.000ns

    Location             Delay type                Incr(ns)  Path(ns)    Netlist Resource(s)
  -------------------------------------------------------------------    -------------------
                         (clock userclk1 rise edge)
                                                      0.000     0.000 r  
    GTPE2_CHANNEL_X0Y3   GTPE2_CHANNEL                0.000     0.000 r  pcie7_g0p8c0_support_i/pcie7_g0p8c0_i/inst/inst/gt_top_i/pipe_wrapper_i/pipe_lane[0].gt_wrapper_i/gtp_channel.gtpe2_channel_i/TXOUTCLK
                         net (fo=1, routed)           1.209     1.209    pcie7_g0p8c0_support_i/pipe_clock_i/pipe_txoutclk_out
    BUFGCTRL_X0Y18                                                    r  pcie7_g0p8c0_support_i/pipe_clock_i/txoutclk_i.txoutclk_i/I
    BUFGCTRL_X0Y18       BUFG (Prop_bufg_I_O)         0.081     1.290 r  pcie7_g0p8c0_support_i/pipe_clock_i/txoutclk_i.txoutclk_i/O
                         net (fo=1, routed)           1.391     2.681    pcie7_g0p8c0_support_i/pipe_clock_i/refclk
    MMCME2_ADV_X0Y0                                                   r  pcie7_g0p8c0_support_i/pipe_clock_i/mmcm_i/CLKIN1
    MMCME2_ADV_X0Y0      MMCME2_ADV (Prop_mmcme2_adv_CLKIN1_CLKOUT2)
                                                      0.077     2.757 r  pcie7_g0p8c0_support_i/pipe_clock_i/mmcm_i/CLKOUT2
                         net (fo=1, routed)           1.425     4.182    pcie7_g0p8c0_support_i/pipe_clock_i/userclk1
    BUFGCTRL_X0Y0                                                     r  pcie7_g0p8c0_support_i/pipe_clock_i/userclk1_i1.usrclk1_i1/I
    BUFGCTRL_X0Y0        BUFG (Prop_bufg_I_O)         0.081     4.263 r  pcie7_g0p8c0_support_i/pipe_clock_i/userclk1_i1.usrclk1_i1/O
                         net (fo=2216, routed)        1.517     5.780    NVP_AUTOINIT/u_sequence/user_clk_out
    SLICE_X22Y139        FDSE                                         r  NVP_AUTOINIT/u_sequence/sda_filtered_r_reg/C
  -------------------------------------------------------------------    -------------------
    SLICE_X22Y139        FDSE (Prop_fdse_C_Q)         0.348     6.128 r  NVP_AUTOINIT/u_sequence/sda_filtered_r_reg/Q
                         net (fo=11, routed)          0.854     6.982    NVP_AUTOINIT/u_sequence/sda_filtered_r
    SLICE_X26Y140                                                     r  NVP_AUTOINIT/u_sequence/nack_log_r[1][49]_i_2/I1
    SLICE_X26Y140        LUT4 (Prop_lut4_I1_O)        0.253     7.235 r  NVP_AUTOINIT/u_sequence/nack_log_r[1][49]_i_2/O
                         net (fo=6, routed)           0.688     7.923    NVP_AUTOINIT/u_sequence/nack_log_r[1][49]_i_2_n_0
    SLICE_X23Y140                                                     r  NVP_AUTOINIT/u_sequence/nack_log_r[3][49]_i_1/I4
    SLICE_X23Y140        LUT5 (Prop_lut5_I4_O)        0.281     8.204 r  NVP_AUTOINIT/u_sequence/nack_log_r[3][49]_i_1/O
                         net (fo=45, routed)          1.696     9.901    NVP_AUTOINIT/u_sequence/nack_log_r[3][49]_i_1_n_0
    SLICE_X40Y140        FDRE                                         r  NVP_AUTOINIT/u_sequence/nack_log_r_reg[3][9]/CE
  -------------------------------------------------------------------    -------------------

                         (clock userclk1 rise edge)
                                                     16.000    16.000 r  
    GTPE2_CHANNEL_X0Y3   GTPE2_CHANNEL                0.000    16.000 r  pcie7_g0p8c0_support_i/pcie7_g0p8c0_i/inst/inst/gt_top_i/pipe_wrapper_i/pipe_lane[0].gt_wrapper_i/gtp_channel.gtpe2_channel_i/TXOUTCLK
                         net (fo=1, routed)           1.150    17.150    pcie7_g0p8c0_support_i/pipe_clock_i/pipe_txoutclk_out
    BUFGCTRL_X0Y18                                                    r  pcie7_g0p8c0_support_i/pipe_clock_i/txoutclk_i.txoutclk_i/I
    BUFGCTRL_X0Y18       BUFG (Prop_bufg_I_O)         0.077    17.227 r  pcie7_g0p8c0_support_i/pipe_clock_i/txoutclk_i.txoutclk_i/O
                         net (fo=1, routed)           1.286    18.513    pcie7_g0p8c0_support_i/pipe_clock_i/refclk
    MMCME2_ADV_X0Y0                                                   r  pcie7_g0p8c0_support_i/pipe_clock_i/mmcm_i/CLKIN1
    MMCME2_ADV_X0Y0      MMCME2_ADV (Prop_mmcme2_adv_CLKIN1_CLKOUT2)
                                                      0.073    18.586 r  pcie7_g0p8c0_support_i/pipe_clock_i/mmcm_i/CLKOUT2
                         net (fo=1, routed)           1.357    19.944    pcie7_g0p8c0_support_i/pipe_clock_i/userclk1
    BUFGCTRL_X0Y0                                                     r  pcie7_g0p8c0_support_i/pipe_clock_i/userclk1_i1.usrclk1_i1/I
    BUFGCTRL_X0Y0        BUFG (Prop_bufg_I_O)         0.077    20.021 r  pcie7_g0p8c0_support_i/pipe_clock_i/userclk1_i1.usrclk1_i1/O
                         net (fo=2216, routed)        1.398    21.418    NVP_AUTOINIT/u_sequence/user_clk_out
    SLICE_X40Y140        FDRE                                         r  NVP_AUTOINIT/u_sequence/nack_log_r_reg[3][9]/C
                         clock pessimism              0.258    21.676    
                         clock uncertainty           -0.079    21.597    
    SLICE_X40Y140        FDRE (Setup_fdre_C_CE)      -0.338    21.259    NVP_AUTOINIT/u_sequence/nack_log_r_reg[3][9]
  -------------------------------------------------------------------
                         required time                         21.259    
                         arrival time                          -9.901    
  -------------------------------------------------------------------
                         slack                                 11.359    

Slack (MET) :             11.375ns  (required time - arrival time)
  Source:                 NVP_AUTOINIT/u_sequence/sda_filtered_r_reg/C
                            (rising edge-triggered cell FDSE clocked by userclk1  {rise@0.000ns fall@8.000ns period=16.000ns})
  Destination:            NVP_AUTOINIT/u_sequence/nack_log_r_reg[6][24]/CE
                            (rising edge-triggered cell FDRE clocked by userclk1  {rise@0.000ns fall@8.000ns period=16.000ns})
  Path Group:             userclk1
  Path Type:              Setup (Max at Slow Process Corner)
  Requirement:            16.000ns  (userclk1 rise@16.000ns - userclk1 rise@0.000ns)
  Data Path Delay:        4.112ns  (logic 0.873ns (21.230%)  route 3.239ns (78.770%))
  Logic Levels:           2  (LUT4=1 LUT5=1)
  Clock Path Skew:        -0.103ns (DCD - SCD + CPR)
    Destination Clock Delay (DCD):    5.419ns = ( 21.419 - 16.000 ) 
    Source Clock Delay      (SCD):    5.780ns
    Clock Pessimism Removal (CPR):    0.258ns
  Clock Uncertainty:      0.079ns  ((TSJ^2 + DJ^2)^1/2) / 2 + PE
    Total System Jitter     (TSJ):    0.071ns
    Discrete Jitter          (DJ):    0.141ns
    Phase Error              (PE):    0.000ns

    Location             Delay type                Incr(ns)  Path(ns)    Netlist Resource(s)
  -------------------------------------------------------------------    -------------------
                         (clock userclk1 rise edge)
                                                      0.000     0.000 r  
    GTPE2_CHANNEL_X0Y3   GTPE2_CHANNEL                0.000     0.000 r  pcie7_g0p8c0_support_i/pcie7_g0p8c0_i/inst/inst/gt_top_i/pipe_wrapper_i/pipe_lane[0].gt_wrapper_i/gtp_channel.gtpe2_channel_i/TXOUTCLK
                         net (fo=1, routed)           1.209     1.209    pcie7_g0p8c0_support_i/pipe_clock_i/pipe_txoutclk_out
    BUFGCTRL_X0Y18                                                    r  pcie7_g0p8c0_support_i/pipe_clock_i/txoutclk_i.txoutclk_i/I
    BUFGCTRL_X0Y18       BUFG (Prop_bufg_I_O)         0.081     1.290 r  pcie7_g0p8c0_support_i/pipe_clock_i/txoutclk_i.txoutclk_i/O
                         net (fo=1, routed)           1.391     2.681    pcie7_g0p8c0_support_i/pipe_clock_i/refclk
    MMCME2_ADV_X0Y0                                                   r  pcie7_g0p8c0_support_i/pipe_clock_i/mmcm_i/CLKIN1
    MMCME2_ADV_X0Y0      MMCME2_ADV (Prop_mmcme2_adv_CLKIN1_CLKOUT2)
                                                      0.077     2.757 r  pcie7_g0p8c0_support_i/pipe_clock_i/mmcm_i/CLKOUT2
                         net (fo=1, routed)           1.425     4.182    pcie7_g0p8c0_support_i/pipe_clock_i/userclk1
    BUFGCTRL_X0Y0                                                     r  pcie7_g0p8c0_support_i/pipe_clock_i/userclk1_i1.usrclk1_i1/I
    BUFGCTRL_X0Y0        BUFG (Prop_bufg_I_O)         0.081     4.263 r  pcie7_g0p8c0_support_i/pipe_clock_i/userclk1_i1.usrclk1_i1/O
                         net (fo=2216, routed)        1.517     5.780    NVP_AUTOINIT/u_sequence/user_clk_out
    SLICE_X22Y139        FDSE                                         r  NVP_AUTOINIT/u_sequence/sda_filtered_r_reg/C
  -------------------------------------------------------------------    -------------------
    SLICE_X22Y139        FDSE (Prop_fdse_C_Q)         0.348     6.128 r  NVP_AUTOINIT/u_sequence/sda_filtered_r_reg/Q
                         net (fo=11, routed)          0.854     6.982    NVP_AUTOINIT/u_sequence/sda_filtered_r
    SLICE_X26Y140                                                     r  NVP_AUTOINIT/u_sequence/nack_log_r[1][49]_i_2/I1
    SLICE_X26Y140        LUT4 (Prop_lut4_I1_O)        0.253     7.235 r  NVP_AUTOINIT/u_sequence/nack_log_r[1][49]_i_2/O
                         net (fo=6, routed)           0.346     7.581    NVP_AUTOINIT/u_sequence/nack_log_r[1][49]_i_2_n_0
    SLICE_X23Y140                                                     r  NVP_AUTOINIT/u_sequence/nack_log_r[6][49]_i_1/I2
    SLICE_X23Y140        LUT5 (Prop_lut5_I2_O)        0.272     7.853 r  NVP_AUTOINIT/u_sequence/nack_log_r[6][49]_i_1/O
                         net (fo=45, routed)          2.039     9.892    NVP_AUTOINIT/u_sequence/nack_log_r[6][49]_i_1_n_0
    SLICE_X41Y143        FDRE                                         r  NVP_AUTOINIT/u_sequence/nack_log_r_reg[6][24]/CE
  -------------------------------------------------------------------    -------------------

                         (clock userclk1 rise edge)
                                                     16.000    16.000 r  
    GTPE2_CHANNEL_X0Y3   GTPE2_CHANNEL                0.000    16.000 r  pcie7_g0p8c0_support_i/pcie7_g0p8c0_i/inst/inst/gt_top_i/pipe_wrapper_i/pipe_lane[0].gt_wrapper_i/gtp_channel.gtpe2_channel_i/TXOUTCLK
                         net (fo=1, routed)           1.150    17.150    pcie7_g0p8c0_support_i/pipe_clock_i/pipe_txoutclk_out
    BUFGCTRL_X0Y18                                                    r  pcie7_g0p8c0_support_i/pipe_clock_i/txoutclk_i.txoutclk_i/I
    BUFGCTRL_X0Y18       BUFG (Prop_bufg_I_O)         0.077    17.227 r  pcie7_g0p8c0_support_i/pipe_clock_i/txoutclk_i.txoutclk_i/O
                         net (fo=1, routed)           1.286    18.513    pcie7_g0p8c0_support_i/pipe_clock_i/refclk
    MMCME2_ADV_X0Y0                                                   r  pcie7_g0p8c0_support_i/pipe_clock_i/mmcm_i/CLKIN1
    MMCME2_ADV_X0Y0      MMCME2_ADV (Prop_mmcme2_adv_CLKIN1_CLKOUT2)
                                                      0.073    18.586 r  pcie7_g0p8c0_support_i/pipe_clock_i/mmcm_i/CLKOUT2
                         net (fo=1, routed)           1.357    19.944    pcie7_g0p8c0_support_i/pipe_clock_i/userclk1
    BUFGCTRL_X0Y0                                                     r  pcie7_g0p8c0_support_i/pipe_clock_i/userclk1_i1.usrclk1_i1/I
    BUFGCTRL_X0Y0        BUFG (Prop_bufg_I_O)         0.077    20.021 r  pcie7_g0p8c0_support_i/pipe_clock_i/userclk1_i1.usrclk1_i1/O
                         net (fo=2216, routed)        1.399    21.419    NVP_AUTOINIT/u_sequence/user_clk_out
    SLICE_X41Y143        FDRE                                         r  NVP_AUTOINIT/u_sequence/nack_log_r_reg[6][24]/C
                         clock pessimism              0.258    21.677    
                         clock uncertainty           -0.079    21.598    
    SLICE_X41Y143        FDRE (Setup_fdre_C_CE)      -0.331    21.267    NVP_AUTOINIT/u_sequence/nack_log_r_reg[6][24]
  -------------------------------------------------------------------
                         required time                         21.267    
                         arrival time                          -9.892    
  -------------------------------------------------------------------
                         slack                                 11.375    

Slack (MET) :             11.398ns  (required time - arrival time)
  Source:                 NVP_AUTOINIT/u_sequence/sda_filtered_r_reg/C
                            (rising edge-triggered cell FDSE clocked by userclk1  {rise@0.000ns fall@8.000ns period=16.000ns})
  Destination:            NVP_AUTOINIT/u_sequence/nack_log_r_reg[3][20]/CE
                            (rising edge-triggered cell FDRE clocked by userclk1  {rise@0.000ns fall@8.000ns period=16.000ns})
  Path Group:             userclk1
  Path Type:              Setup (Max at Slow Process Corner)
  Requirement:            16.000ns  (userclk1 rise@16.000ns - userclk1 rise@0.000ns)
  Data Path Delay:        4.108ns  (logic 0.882ns (21.469%)  route 3.226ns (78.531%))
  Logic Levels:           2  (LUT4=1 LUT5=1)
  Clock Path Skew:        -0.109ns (DCD - SCD + CPR)
    Destination Clock Delay (DCD):    5.413ns = ( 21.413 - 16.000 ) 
    Source Clock Delay      (SCD):    5.780ns
    Clock Pessimism Removal (CPR):    0.258ns
  Clock Uncertainty:      0.079ns  ((TSJ^2 + DJ^2)^1/2) / 2 + PE
    Total System Jitter     (TSJ):    0.071ns
    Discrete Jitter          (DJ):    0.141ns
    Phase Error              (PE):    0.000ns

    Location             Delay type                Incr(ns)  Path(ns)    Netlist Resource(s)
  -------------------------------------------------------------------    -------------------
                         (clock userclk1 rise edge)
                                                      0.000     0.000 r  
    GTPE2_CHANNEL_X0Y3   GTPE2_CHANNEL                0.000     0.000 r  pcie7_g0p8c0_support_i/pcie7_g0p8c0_i/inst/inst/gt_top_i/pipe_wrapper_i/pipe_lane[0].gt_wrapper_i/gtp_channel.gtpe2_channel_i/TXOUTCLK
                         net (fo=1, routed)           1.209     1.209    pcie7_g0p8c0_support_i/pipe_clock_i/pipe_txoutclk_out
    BUFGCTRL_X0Y18                                                    r  pcie7_g0p8c0_support_i/pipe_clock_i/txoutclk_i.txoutclk_i/I
    BUFGCTRL_X0Y18       BUFG (Prop_bufg_I_O)         0.081     1.290 r  pcie7_g0p8c0_support_i/pipe_clock_i/txoutclk_i.txoutclk_i/O
                         net (fo=1, routed)           1.391     2.681    pcie7_g0p8c0_support_i/pipe_clock_i/refclk
    MMCME2_ADV_X0Y0                                                   r  pcie7_g0p8c0_support_i/pipe_clock_i/mmcm_i/CLKIN1
    MMCME2_ADV_X0Y0      MMCME2_ADV (Prop_mmcme2_adv_CLKIN1_CLKOUT2)
                                                      0.077     2.757 r  pcie7_g0p8c0_support_i/pipe_clock_i/mmcm_i/CLKOUT2
                         net (fo=1, routed)           1.425     4.182    pcie7_g0p8c0_support_i/pipe_clock_i/userclk1
    BUFGCTRL_X0Y0                                                     r  pcie7_g0p8c0_support_i/pipe_clock_i/userclk1_i1.usrclk1_i1/I
    BUFGCTRL_X0Y0        BUFG (Prop_bufg_I_O)         0.081     4.263 r  pcie7_g0p8c0_support_i/pipe_clock_i/userclk1_i1.usrclk1_i1/O
                         net (fo=2216, routed)        1.517     5.780    NVP_AUTOINIT/u_sequence/user_clk_out
    SLICE_X22Y139        FDSE                                         r  NVP_AUTOINIT/u_sequence/sda_filtered_r_reg/C
  -------------------------------------------------------------------    -------------------
    SLICE_X22Y139        FDSE (Prop_fdse_C_Q)         0.348     6.128 r  NVP_AUTOINIT/u_sequence/sda_filtered_r_reg/Q
                         net (fo=11, routed)          0.854     6.982    NVP_AUTOINIT/u_sequence/sda_filtered_r
    SLICE_X26Y140                                                     r  NVP_AUTOINIT/u_sequence/nack_log_r[1][49]_i_2/I1
    SLICE_X26Y140        LUT4 (Prop_lut4_I1_O)        0.253     7.235 r  NVP_AUTOINIT/u_sequence/nack_log_r[1][49]_i_2/O
                         net (fo=6, routed)           0.688     7.923    NVP_AUTOINIT/u_sequence/nack_log_r[1][49]_i_2_n_0
    SLICE_X23Y140                                                     r  NVP_AUTOINIT/u_sequence/nack_log_r[3][49]_i_1/I4
    SLICE_X23Y140        LUT5 (Prop_lut5_I4_O)        0.281     8.204 r  NVP_AUTOINIT/u_sequence/nack_log_r[3][49]_i_1/O
                         net (fo=45, routed)          1.684     9.889    NVP_AUTOINIT/u_sequence/nack_log_r[3][49]_i_1_n_0
    SLICE_X38Y138        FDRE                                         r  NVP_AUTOINIT/u_sequence/nack_log_r_reg[3][20]/CE
  -------------------------------------------------------------------    -------------------

                         (clock userclk1 rise edge)
                                                     16.000    16.000 r  
    GTPE2_CHANNEL_X0Y3   GTPE2_CHANNEL                0.000    16.000 r  pcie7_g0p8c0_support_i/pcie7_g0p8c0_i/inst/inst/gt_top_i/pipe_wrapper_i/pipe_lane[0].gt_wrapper_i/gtp_channel.gtpe2_channel_i/TXOUTCLK
                         net (fo=1, routed)           1.150    17.150    pcie7_g0p8c0_support_i/pipe_clock_i/pipe_txoutclk_out
    BUFGCTRL_X0Y18                                                    r  pcie7_g0p8c0_support_i/pipe_clock_i/txoutclk_i.txoutclk_i/I
    BUFGCTRL_X0Y18       BUFG (Prop_bufg_I_O)         0.077    17.227 r  pcie7_g0p8c0_support_i/pipe_clock_i/txoutclk_i.txoutclk_i/O
                         net (fo=1, routed)           1.286    18.513    pcie7_g0p8c0_support_i/pipe_clock_i/refclk
    MMCME2_ADV_X0Y0                                                   r  pcie7_g0p8c0_support_i/pipe_clock_i/mmcm_i/CLKIN1
    MMCME2_ADV_X0Y0      MMCME2_ADV (Prop_mmcme2_adv_CLKIN1_CLKOUT2)
                                                      0.073    18.586 r  pcie7_g0p8c0_support_i/pipe_clock_i/mmcm_i/CLKOUT2
                         net (fo=1, routed)           1.357    19.944    pcie7_g0p8c0_support_i/pipe_clock_i/userclk1
    BUFGCTRL_X0Y0                                                     r  pcie7_g0p8c0_support_i/pipe_clock_i/userclk1_i1.usrclk1_i1/I
    BUFGCTRL_X0Y0        BUFG (Prop_bufg_I_O)         0.077    20.021 r  pcie7_g0p8c0_support_i/pipe_clock_i/userclk1_i1.usrclk1_i1/O
                         net (fo=2216, routed)        1.393    21.413    NVP_AUTOINIT/u_sequence/user_clk_out
    SLICE_X38Y138        FDRE                                         r  NVP_AUTOINIT/u_sequence/nack_log_r_reg[3][20]/C
                         clock pessimism              0.258    21.671    
                         clock uncertainty           -0.079    21.592    
    SLICE_X38Y138        FDRE (Setup_fdre_C_CE)      -0.306    21.286    NVP_AUTOINIT/u_sequence/nack_log_r_reg[3][20]
  -------------------------------------------------------------------
                         required time                         21.286    
                         arrival time                          -9.889    
  -------------------------------------------------------------------
                         slack                                 11.398    

Slack (MET) :             11.398ns  (required time - arrival time)
  Source:                 NVP_AUTOINIT/u_sequence/sda_filtered_r_reg/C
                            (rising edge-triggered cell FDSE clocked by userclk1  {rise@0.000ns fall@8.000ns period=16.000ns})
  Destination:            NVP_AUTOINIT/u_sequence/nack_log_r_reg[3][29]/CE
                            (rising edge-triggered cell FDRE clocked by userclk1  {rise@0.000ns fall@8.000ns period=16.000ns})
  Path Group:             userclk1
  Path Type:              Setup (Max at Slow Process Corner)
  Requirement:            16.000ns  (userclk1 rise@16.000ns - userclk1 rise@0.000ns)
  Data Path Delay:        4.108ns  (logic 0.882ns (21.469%)  route 3.226ns (78.531%))
  Logic Levels:           2  (LUT4=1 LUT5=1)
  Clock Path Skew:        -0.109ns (DCD - SCD + CPR)
    Destination Clock Delay (DCD):    5.413ns = ( 21.413 - 16.000 ) 
    Source Clock Delay      (SCD):    5.780ns
    Clock Pessimism Removal (CPR):    0.258ns
  Clock Uncertainty:      0.079ns  ((TSJ^2 + DJ^2)^1/2) / 2 + PE
    Total System Jitter     (TSJ):    0.071ns
    Discrete Jitter          (DJ):    0.141ns
    Phase Error              (PE):    0.000ns

    Location             Delay type                Incr(ns)  Path(ns)    Netlist Resource(s)
  -------------------------------------------------------------------    -------------------
                         (clock userclk1 rise edge)
                                                      0.000     0.000 r  
    GTPE2_CHANNEL_X0Y3   GTPE2_CHANNEL                0.000     0.000 r  pcie7_g0p8c0_support_i/pcie7_g0p8c0_i/inst/inst/gt_top_i/pipe_wrapper_i/pipe_lane[0].gt_wrapper_i/gtp_channel.gtpe2_channel_i/TXOUTCLK
                         net (fo=1, routed)           1.209     1.209    pcie7_g0p8c0_support_i/pipe_clock_i/pipe_txoutclk_out
    BUFGCTRL_X0Y18                                                    r  pcie7_g0p8c0_support_i/pipe_clock_i/txoutclk_i.txoutclk_i/I
    BUFGCTRL_X0Y18       BUFG (Prop_bufg_I_O)         0.081     1.290 r  pcie7_g0p8c0_support_i/pipe_clock_i/txoutclk_i.txoutclk_i/O
                         net (fo=1, routed)           1.391     2.681    pcie7_g0p8c0_support_i/pipe_clock_i/refclk
    MMCME2_ADV_X0Y0                                                   r  pcie7_g0p8c0_support_i/pipe_clock_i/mmcm_i/CLKIN1
    MMCME2_ADV_X0Y0      MMCME2_ADV (Prop_mmcme2_adv_CLKIN1_CLKOUT2)
                                                      0.077     2.757 r  pcie7_g0p8c0_support_i/pipe_clock_i/mmcm_i/CLKOUT2
                         net (fo=1, routed)           1.425     4.182    pcie7_g0p8c0_support_i/pipe_clock_i/userclk1
    BUFGCTRL_X0Y0                                                     r  pcie7_g0p8c0_support_i/pipe_clock_i/userclk1_i1.usrclk1_i1/I
    BUFGCTRL_X0Y0        BUFG (Prop_bufg_I_O)         0.081     4.263 r  pcie7_g0p8c0_support_i/pipe_clock_i/userclk1_i1.usrclk1_i1/O
                         net (fo=2216, routed)        1.517     5.780    NVP_AUTOINIT/u_sequence/user_clk_out
    SLICE_X22Y139        FDSE                                         r  NVP_AUTOINIT/u_sequence/sda_filtered_r_reg/C
  -------------------------------------------------------------------    -------------------
    SLICE_X22Y139        FDSE (Prop_fdse_C_Q)         0.348     6.128 r  NVP_AUTOINIT/u_sequence/sda_filtered_r_reg/Q
                         net (fo=11, routed)          0.854     6.982    NVP_AUTOINIT/u_sequence/sda_filtered_r
    SLICE_X26Y140                                                     r  NVP_AUTOINIT/u_sequence/nack_log_r[1][49]_i_2/I1
    SLICE_X26Y140        LUT4 (Prop_lut4_I1_O)        0.253     7.235 r  NVP_AUTOINIT/u_sequence/nack_log_r[1][49]_i_2/O
                         net (fo=6, routed)           0.688     7.923    NVP_AUTOINIT/u_sequence/nack_log_r[1][49]_i_2_n_0
    SLICE_X23Y140                                                     r  NVP_AUTOINIT/u_sequence/nack_log_r[3][49]_i_1/I4
    SLICE_X23Y140        LUT5 (Prop_lut5_I4_O)        0.281     8.204 r  NVP_AUTOINIT/u_sequence/nack_log_r[3][49]_i_1/O
                         net (fo=45, routed)          1.684     9.889    NVP_AUTOINIT/u_sequence/nack_log_r[3][49]_i_1_n_0
    SLICE_X38Y138        FDRE                                         r  NVP_AUTOINIT/u_sequence/nack_log_r_reg[3][29]/CE
  -------------------------------------------------------------------    -------------------

                         (clock userclk1 rise edge)
                                                     16.000    16.000 r  
    GTPE2_CHANNEL_X0Y3   GTPE2_CHANNEL                0.000    16.000 r  pcie7_g0p8c0_support_i/pcie7_g0p8c0_i/inst/inst/gt_top_i/pipe_wrapper_i/pipe_lane[0].gt_wrapper_i/gtp_channel.gtpe2_channel_i/TXOUTCLK
                         net (fo=1, routed)           1.150    17.150    pcie7_g0p8c0_support_i/pipe_clock_i/pipe_txoutclk_out
    BUFGCTRL_X0Y18                                                    r  pcie7_g0p8c0_support_i/pipe_clock_i/txoutclk_i.txoutclk_i/I
    BUFGCTRL_X0Y18       BUFG (Prop_bufg_I_O)         0.077    17.227 r  pcie7_g0p8c0_support_i/pipe_clock_i/txoutclk_i.txoutclk_i/O
                         net (fo=1, routed)           1.286    18.513    pcie7_g0p8c0_support_i/pipe_clock_i/refclk
    MMCME2_ADV_X0Y0                                                   r  pcie7_g0p8c0_support_i/pipe_clock_i/mmcm_i/CLKIN1
    MMCME2_ADV_X0Y0      MMCME2_ADV (Prop_mmcme2_adv_CLKIN1_CLKOUT2)
                                                      0.073    18.586 r  pcie7_g0p8c0_support_i/pipe_clock_i/mmcm_i/CLKOUT2
                         net (fo=1, routed)           1.357    19.944    pcie7_g0p8c0_support_i/pipe_clock_i/userclk1
    BUFGCTRL_X0Y0                                                     r  pcie7_g0p8c0_support_i/pipe_clock_i/userclk1_i1.usrclk1_i1/I
    BUFGCTRL_X0Y0        BUFG (Prop_bufg_I_O)         0.077    20.021 r  pcie7_g0p8c0_support_i/pipe_clock_i/userclk1_i1.usrclk1_i1/O
                         net (fo=2216, routed)        1.393    21.413    NVP_AUTOINIT/u_sequence/user_clk_out
    SLICE_X38Y138        FDRE                                         r  NVP_AUTOINIT/u_sequence/nack_log_r_reg[3][29]/C
                         clock pessimism              0.258    21.671    
                         clock uncertainty           -0.079    21.592    
    SLICE_X38Y138        FDRE (Setup_fdre_C_CE)      -0.306    21.286    NVP_AUTOINIT/u_sequence/nack_log_r_reg[3][29]
  -------------------------------------------------------------------
                         required time                         21.286    
                         arrival time                          -9.889    
  -------------------------------------------------------------------
                         slack                                 11.398    

Slack (MET) :             11.398ns  (required time - arrival time)
  Source:                 NVP_AUTOINIT/u_sequence/sda_filtered_r_reg/C
                            (rising edge-triggered cell FDSE clocked by userclk1  {rise@0.000ns fall@8.000ns period=16.000ns})
  Destination:            NVP_AUTOINIT/u_sequence/nack_log_r_reg[3][30]/CE
                            (rising edge-triggered cell FDRE clocked by userclk1  {rise@0.000ns fall@8.000ns period=16.000ns})
  Path Group:             userclk1
  Path Type:              Setup (Max at Slow Process Corner)
  Requirement:            16.000ns  (userclk1 rise@16.000ns - userclk1 rise@0.000ns)
  Data Path Delay:        4.108ns  (logic 0.882ns (21.469%)  route 3.226ns (78.531%))
  Logic Levels:           2  (LUT4=1 LUT5=1)
  Clock Path Skew:        -0.109ns (DCD - SCD + CPR)
    Destination Clock Delay (DCD):    5.413ns = ( 21.413 - 16.000 ) 
    Source Clock Delay      (SCD):    5.780ns
    Clock Pessimism Removal (CPR):    0.258ns
  Clock Uncertainty:      0.079ns  ((TSJ^2 + DJ^2)^1/2) / 2 + PE
    Total System Jitter     (TSJ):    0.071ns
    Discrete Jitter          (DJ):    0.141ns
    Phase Error              (PE):    0.000ns

    Location             Delay type                Incr(ns)  Path(ns)    Netlist Resource(s)
  -------------------------------------------------------------------    -------------------
                         (clock userclk1 rise edge)
                                                      0.000     0.000 r  
    GTPE2_CHANNEL_X0Y3   GTPE2_CHANNEL                0.000     0.000 r  pcie7_g0p8c0_support_i/pcie7_g0p8c0_i/inst/inst/gt_top_i/pipe_wrapper_i/pipe_lane[0].gt_wrapper_i/gtp_channel.gtpe2_channel_i/TXOUTCLK
                         net (fo=1, routed)           1.209     1.209    pcie7_g0p8c0_support_i/pipe_clock_i/pipe_txoutclk_out
    BUFGCTRL_X0Y18                                                    r  pcie7_g0p8c0_support_i/pipe_clock_i/txoutclk_i.txoutclk_i/I
    BUFGCTRL_X0Y18       BUFG (Prop_bufg_I_O)         0.081     1.290 r  pcie7_g0p8c0_support_i/pipe_clock_i/txoutclk_i.txoutclk_i/O
                         net (fo=1, routed)           1.391     2.681    pcie7_g0p8c0_support_i/pipe_clock_i/refclk
    MMCME2_ADV_X0Y0                                                   r  pcie7_g0p8c0_support_i/pipe_clock_i/mmcm_i/CLKIN1
    MMCME2_ADV_X0Y0      MMCME2_ADV (Prop_mmcme2_adv_CLKIN1_CLKOUT2)
                                                      0.077     2.757 r  pcie7_g0p8c0_support_i/pipe_clock_i/mmcm_i/CLKOUT2
                         net (fo=1, routed)           1.425     4.182    pcie7_g0p8c0_support_i/pipe_clock_i/userclk1
    BUFGCTRL_X0Y0                                                     r  pcie7_g0p8c0_support_i/pipe_clock_i/userclk1_i1.usrclk1_i1/I
    BUFGCTRL_X0Y0        BUFG (Prop_bufg_I_O)         0.081     4.263 r  pcie7_g0p8c0_support_i/pipe_clock_i/userclk1_i1.usrclk1_i1/O
                         net (fo=2216, routed)        1.517     5.780    NVP_AUTOINIT/u_sequence/user_clk_out
    SLICE_X22Y139        FDSE                                         r  NVP_AUTOINIT/u_sequence/sda_filtered_r_reg/C
  -------------------------------------------------------------------    -------------------
    SLICE_X22Y139        FDSE (Prop_fdse_C_Q)         0.348     6.128 r  NVP_AUTOINIT/u_sequence/sda_filtered_r_reg/Q
                         net (fo=11, routed)          0.854     6.982    NVP_AUTOINIT/u_sequence/sda_filtered_r
    SLICE_X26Y140                                                     r  NVP_AUTOINIT/u_sequence/nack_log_r[1][49]_i_2/I1
    SLICE_X26Y140        LUT4 (Prop_lut4_I1_O)        0.253     7.235 r  NVP_AUTOINIT/u_sequence/nack_log_r[1][49]_i_2/O
                         net (fo=6, routed)           0.688     7.923    NVP_AUTOINIT/u_sequence/nack_log_r[1][49]_i_2_n_0
    SLICE_X23Y140                                                     r  NVP_AUTOINIT/u_sequence/nack_log_r[3][49]_i_1/I4
    SLICE_X23Y140        LUT5 (Prop_lut5_I4_O)        0.281     8.204 r  NVP_AUTOINIT/u_sequence/nack_log_r[3][49]_i_1/O
                         net (fo=45, routed)          1.684     9.889    NVP_AUTOINIT/u_sequence/nack_log_r[3][49]_i_1_n_0
    SLICE_X38Y138        FDRE                                         r  NVP_AUTOINIT/u_sequence/nack_log_r_reg[3][30]/CE
  -------------------------------------------------------------------    -------------------

                         (clock userclk1 rise edge)
                                                     16.000    16.000 r  
    GTPE2_CHANNEL_X0Y3   GTPE2_CHANNEL                0.000    16.000 r  pcie7_g0p8c0_support_i/pcie7_g0p8c0_i/inst/inst/gt_top_i/pipe_wrapper_i/pipe_lane[0].gt_wrapper_i/gtp_channel.gtpe2_channel_i/TXOUTCLK
                         net (fo=1, routed)           1.150    17.150    pcie7_g0p8c0_support_i/pipe_clock_i/pipe_txoutclk_out
    BUFGCTRL_X0Y18                                                    r  pcie7_g0p8c0_support_i/pipe_clock_i/txoutclk_i.txoutclk_i/I
    BUFGCTRL_X0Y18       BUFG (Prop_bufg_I_O)         0.077    17.227 r  pcie7_g0p8c0_support_i/pipe_clock_i/txoutclk_i.txoutclk_i/O
                         net (fo=1, routed)           1.286    18.513    pcie7_g0p8c0_support_i/pipe_clock_i/refclk
    MMCME2_ADV_X0Y0                                                   r  pcie7_g0p8c0_support_i/pipe_clock_i/mmcm_i/CLKIN1
    MMCME2_ADV_X0Y0      MMCME2_ADV (Prop_mmcme2_adv_CLKIN1_CLKOUT2)
                                                      0.073    18.586 r  pcie7_g0p8c0_support_i/pipe_clock_i/mmcm_i/CLKOUT2
                         net (fo=1, routed)           1.357    19.944    pcie7_g0p8c0_support_i/pipe_clock_i/userclk1
    BUFGCTRL_X0Y0                                                     r  pcie7_g0p8c0_support_i/pipe_clock_i/userclk1_i1.usrclk1_i1/I
    BUFGCTRL_X0Y0        BUFG (Prop_bufg_I_O)         0.077    20.021 r  pcie7_g0p8c0_support_i/pipe_clock_i/userclk1_i1.usrclk1_i1/O
                         net (fo=2216, routed)        1.393    21.413    NVP_AUTOINIT/u_sequence/user_clk_out
    SLICE_X38Y138        FDRE                                         r  NVP_AUTOINIT/u_sequence/nack_log_r_reg[3][30]/C
                         clock pessimism              0.258    21.671    
                         clock uncertainty           -0.079    21.592    
    SLICE_X38Y138        FDRE (Setup_fdre_C_CE)      -0.306    21.286    NVP_AUTOINIT/u_sequence/nack_log_r_reg[3][30]
  -------------------------------------------------------------------
                         required time                         21.286    
                         arrival time                          -9.889    
  -------------------------------------------------------------------
                         slack                                 11.398    

Slack (MET) :             11.449ns  (required time - arrival time)
  Source:                 NVP_AUTOINIT/u_sequence/sda_filtered_r_reg/C
                            (rising edge-triggered cell FDSE clocked by userclk1  {rise@0.000ns fall@8.000ns period=16.000ns})
  Destination:            NVP_AUTOINIT/u_sequence/nack_log_r_reg[4][16]/CE
                            (rising edge-triggered cell FDRE clocked by userclk1  {rise@0.000ns fall@8.000ns period=16.000ns})
  Path Group:             userclk1
  Path Type:              Setup (Max at Slow Process Corner)
  Requirement:            16.000ns  (userclk1 rise@16.000ns - userclk1 rise@0.000ns)
  Data Path Delay:        4.195ns  (logic 0.868ns (20.690%)  route 3.327ns (79.310%))
  Logic Levels:           2  (LUT4=1 LUT5=1)
  Clock Path Skew:        -0.109ns (DCD - SCD + CPR)
    Destination Clock Delay (DCD):    5.413ns = ( 21.413 - 16.000 ) 
    Source Clock Delay      (SCD):    5.780ns
    Clock Pessimism Removal (CPR):    0.258ns
  Clock Uncertainty:      0.079ns  ((TSJ^2 + DJ^2)^1/2) / 2 + PE
    Total System Jitter     (TSJ):    0.071ns
    Discrete Jitter          (DJ):    0.141ns
    Phase Error              (PE):    0.000ns

    Location             Delay type                Incr(ns)  Path(ns)    Netlist Resource(s)
  -------------------------------------------------------------------    -------------------
                         (clock userclk1 rise edge)
                                                      0.000     0.000 r  
    GTPE2_CHANNEL_X0Y3   GTPE2_CHANNEL                0.000     0.000 r  pcie7_g0p8c0_support_i/pcie7_g0p8c0_i/inst/inst/gt_top_i/pipe_wrapper_i/pipe_lane[0].gt_wrapper_i/gtp_channel.gtpe2_channel_i/TXOUTCLK
                         net (fo=1, routed)           1.209     1.209    pcie7_g0p8c0_support_i/pipe_clock_i/pipe_txoutclk_out
    BUFGCTRL_X0Y18                                                    r  pcie7_g0p8c0_support_i/pipe_clock_i/txoutclk_i.txoutclk_i/I
    BUFGCTRL_X0Y18       BUFG (Prop_bufg_I_O)         0.081     1.290 r  pcie7_g0p8c0_support_i/pipe_clock_i/txoutclk_i.txoutclk_i/O
                         net (fo=1, routed)           1.391     2.681    pcie7_g0p8c0_support_i/pipe_clock_i/refclk
    MMCME2_ADV_X0Y0                                                   r  pcie7_g0p8c0_support_i/pipe_clock_i/mmcm_i/CLKIN1
    MMCME2_ADV_X0Y0      MMCME2_ADV (Prop_mmcme2_adv_CLKIN1_CLKOUT2)
                                                      0.077     2.757 r  pcie7_g0p8c0_support_i/pipe_clock_i/mmcm_i/CLKOUT2
                         net (fo=1, routed)           1.425     4.182    pcie7_g0p8c0_support_i/pipe_clock_i/userclk1
    BUFGCTRL_X0Y0                                                     r  pcie7_g0p8c0_support_i/pipe_clock_i/userclk1_i1.usrclk1_i1/I
    BUFGCTRL_X0Y0        BUFG (Prop_bufg_I_O)         0.081     4.263 r  pcie7_g0p8c0_support_i/pipe_clock_i/userclk1_i1.usrclk1_i1/O
                         net (fo=2216, routed)        1.517     5.780    NVP_AUTOINIT/u_sequence/user_clk_out
    SLICE_X22Y139        FDSE                                         r  NVP_AUTOINIT/u_sequence/sda_filtered_r_reg/C
  -------------------------------------------------------------------    -------------------
    SLICE_X22Y139        FDSE (Prop_fdse_C_Q)         0.348     6.128 r  NVP_AUTOINIT/u_sequence/sda_filtered_r_reg/Q
                         net (fo=11, routed)          0.854     6.982    NVP_AUTOINIT/u_sequence/sda_filtered_r
    SLICE_X26Y140                                                     r  NVP_AUTOINIT/u_sequence/nack_log_r[1][49]_i_2/I1
    SLICE_X26Y140        LUT4 (Prop_lut4_I1_O)        0.253     7.235 r  NVP_AUTOINIT/u_sequence/nack_log_r[1][49]_i_2/O
                         net (fo=6, routed)           0.345     7.580    NVP_AUTOINIT/u_sequence/nack_log_r[1][49]_i_2_n_0
    SLICE_X23Y140                                                     r  NVP_AUTOINIT/u_sequence/nack_log_r[4][49]_i_1/I2
    SLICE_X23Y140        LUT5 (Prop_lut5_I2_O)        0.267     7.847 r  NVP_AUTOINIT/u_sequence/nack_log_r[4][49]_i_1/O
                         net (fo=45, routed)          2.128     9.976    NVP_AUTOINIT/u_sequence/nack_log_r[4][49]_i_1_n_0
    SLICE_X36Y137        FDRE                                         r  NVP_AUTOINIT/u_sequence/nack_log_r_reg[4][16]/CE
  -------------------------------------------------------------------    -------------------

                         (clock userclk1 rise edge)
                                                     16.000    16.000 r  
    GTPE2_CHANNEL_X0Y3   GTPE2_CHANNEL                0.000    16.000 r  pcie7_g0p8c0_support_i/pcie7_g0p8c0_i/inst/inst/gt_top_i/pipe_wrapper_i/pipe_lane[0].gt_wrapper_i/gtp_channel.gtpe2_channel_i/TXOUTCLK
                         net (fo=1, routed)           1.150    17.150    pcie7_g0p8c0_support_i/pipe_clock_i/pipe_txoutclk_out
    BUFGCTRL_X0Y18                                                    r  pcie7_g0p8c0_support_i/pipe_clock_i/txoutclk_i.txoutclk_i/I
    BUFGCTRL_X0Y18       BUFG (Prop_bufg_I_O)         0.077    17.227 r  pcie7_g0p8c0_support_i/pipe_clock_i/txoutclk_i.txoutclk_i/O
                         net (fo=1, routed)           1.286    18.513    pcie7_g0p8c0_support_i/pipe_clock_i/refclk
    MMCME2_ADV_X0Y0                                                   r  pcie7_g0p8c0_support_i/pipe_clock_i/mmcm_i/CLKIN1
    MMCME2_ADV_X0Y0      MMCME2_ADV (Prop_mmcme2_adv_CLKIN1_CLKOUT2)
                                                      0.073    18.586 r  pcie7_g0p8c0_support_i/pipe_clock_i/mmcm_i/CLKOUT2
                         net (fo=1, routed)           1.357    19.944    pcie7_g0p8c0_support_i/pipe_clock_i/userclk1
    BUFGCTRL_X0Y0                                                     r  pcie7_g0p8c0_support_i/pipe_clock_i/userclk1_i1.usrclk1_i1/I
    BUFGCTRL_X0Y0        BUFG (Prop_bufg_I_O)         0.077    20.021 r  pcie7_g0p8c0_support_i/pipe_clock_i/userclk1_i1.usrclk1_i1/O
                         net (fo=2216, routed)        1.393    21.413    NVP_AUTOINIT/u_sequence/user_clk_out
    SLICE_X36Y137        FDRE                                         r  NVP_AUTOINIT/u_sequence/nack_log_r_reg[4][16]/C
                         clock pessimism              0.258    21.671    
                         clock uncertainty           -0.079    21.592    
    SLICE_X36Y137        FDRE (Setup_fdre_C_CE)      -0.168    21.424    NVP_AUTOINIT/u_sequence/nack_log_r_reg[4][16]
  -------------------------------------------------------------------
                         required time                         21.424    
                         arrival time                          -9.976    
  -------------------------------------------------------------------
                         slack                                 11.449    

Slack (MET) :             11.449ns  (required time - arrival time)
  Source:                 NVP_AUTOINIT/u_sequence/sda_filtered_r_reg/C
                            (rising edge-triggered cell FDSE clocked by userclk1  {rise@0.000ns fall@8.000ns period=16.000ns})
  Destination:            NVP_AUTOINIT/u_sequence/nack_log_r_reg[4][48]/CE
                            (rising edge-triggered cell FDRE clocked by userclk1  {rise@0.000ns fall@8.000ns period=16.000ns})
  Path Group:             userclk1
  Path Type:              Setup (Max at Slow Process Corner)
  Requirement:            16.000ns  (userclk1 rise@16.000ns - userclk1 rise@0.000ns)
  Data Path Delay:        4.195ns  (logic 0.868ns (20.690%)  route 3.327ns (79.310%))
  Logic Levels:           2  (LUT4=1 LUT5=1)
  Clock Path Skew:        -0.109ns (DCD - SCD + CPR)
    Destination Clock Delay (DCD):    5.413ns = ( 21.413 - 16.000 ) 
    Source Clock Delay      (SCD):    5.780ns
    Clock Pessimism Removal (CPR):    0.258ns
  Clock Uncertainty:      0.079ns  ((TSJ^2 + DJ^2)^1/2) / 2 + PE
    Total System Jitter     (TSJ):    0.071ns
    Discrete Jitter          (DJ):    0.141ns
    Phase Error              (PE):    0.000ns

    Location             Delay type                Incr(ns)  Path(ns)    Netlist Resource(s)
  -------------------------------------------------------------------    -------------------
                         (clock userclk1 rise edge)
                                                      0.000     0.000 r  
    GTPE2_CHANNEL_X0Y3   GTPE2_CHANNEL                0.000     0.000 r  pcie7_g0p8c0_support_i/pcie7_g0p8c0_i/inst/inst/gt_top_i/pipe_wrapper_i/pipe_lane[0].gt_wrapper_i/gtp_channel.gtpe2_channel_i/TXOUTCLK
                         net (fo=1, routed)           1.209     1.209    pcie7_g0p8c0_support_i/pipe_clock_i/pipe_txoutclk_out
    BUFGCTRL_X0Y18                                                    r  pcie7_g0p8c0_support_i/pipe_clock_i/txoutclk_i.txoutclk_i/I
    BUFGCTRL_X0Y18       BUFG (Prop_bufg_I_O)         0.081     1.290 r  pcie7_g0p8c0_support_i/pipe_clock_i/txoutclk_i.txoutclk_i/O
                         net (fo=1, routed)           1.391     2.681    pcie7_g0p8c0_support_i/pipe_clock_i/refclk
    MMCME2_ADV_X0Y0                                                   r  pcie7_g0p8c0_support_i/pipe_clock_i/mmcm_i/CLKIN1
    MMCME2_ADV_X0Y0      MMCME2_ADV (Prop_mmcme2_adv_CLKIN1_CLKOUT2)
                                                      0.077     2.757 r  pcie7_g0p8c0_support_i/pipe_clock_i/mmcm_i/CLKOUT2
                         net (fo=1, routed)           1.425     4.182    pcie7_g0p8c0_support_i/pipe_clock_i/userclk1
    BUFGCTRL_X0Y0                                                     r  pcie7_g0p8c0_support_i/pipe_clock_i/userclk1_i1.usrclk1_i1/I
    BUFGCTRL_X0Y0        BUFG (Prop_bufg_I_O)         0.081     4.263 r  pcie7_g0p8c0_support_i/pipe_clock_i/userclk1_i1.usrclk1_i1/O
                         net (fo=2216, routed)        1.517     5.780    NVP_AUTOINIT/u_sequence/user_clk_out
    SLICE_X22Y139        FDSE                                         r  NVP_AUTOINIT/u_sequence/sda_filtered_r_reg/C
  -------------------------------------------------------------------    -------------------
    SLICE_X22Y139        FDSE (Prop_fdse_C_Q)         0.348     6.128 r  NVP_AUTOINIT/u_sequence/sda_filtered_r_reg/Q
                         net (fo=11, routed)          0.854     6.982    NVP_AUTOINIT/u_sequence/sda_filtered_r
    SLICE_X26Y140                                                     r  NVP_AUTOINIT/u_sequence/nack_log_r[1][49]_i_2/I1
    SLICE_X26Y140        LUT4 (Prop_lut4_I1_O)        0.253     7.235 r  NVP_AUTOINIT/u_sequence/nack_log_r[1][49]_i_2/O
                         net (fo=6, routed)           0.345     7.580    NVP_AUTOINIT/u_sequence/nack_log_r[1][49]_i_2_n_0
    SLICE_X23Y140                                                     r  NVP_AUTOINIT/u_sequence/nack_log_r[4][49]_i_1/I2
    SLICE_X23Y140        LUT5 (Prop_lut5_I2_O)        0.267     7.847 r  NVP_AUTOINIT/u_sequence/nack_log_r[4][49]_i_1/O
                         net (fo=45, routed)          2.128     9.976    NVP_AUTOINIT/u_sequence/nack_log_r[4][49]_i_1_n_0
    SLICE_X36Y137        FDRE                                         r  NVP_AUTOINIT/u_sequence/nack_log_r_reg[4][48]/CE
  -------------------------------------------------------------------    -------------------

                         (clock userclk1 rise edge)
                                                     16.000    16.000 r  
    GTPE2_CHANNEL_X0Y3   GTPE2_CHANNEL                0.000    16.000 r  pcie7_g0p8c0_support_i/pcie7_g0p8c0_i/inst/inst/gt_top_i/pipe_wrapper_i/pipe_lane[0].gt_wrapper_i/gtp_channel.gtpe2_channel_i/TXOUTCLK
                         net (fo=1, routed)           1.150    17.150    pcie7_g0p8c0_support_i/pipe_clock_i/pipe_txoutclk_out
    BUFGCTRL_X0Y18                                                    r  pcie7_g0p8c0_support_i/pipe_clock_i/txoutclk_i.txoutclk_i/I
    BUFGCTRL_X0Y18       BUFG (Prop_bufg_I_O)         0.077    17.227 r  pcie7_g0p8c0_support_i/pipe_clock_i/txoutclk_i.txoutclk_i/O
                         net (fo=1, routed)           1.286    18.513    pcie7_g0p8c0_support_i/pipe_clock_i/refclk
    MMCME2_ADV_X0Y0                                                   r  pcie7_g0p8c0_support_i/pipe_clock_i/mmcm_i/CLKIN1
    MMCME2_ADV_X0Y0      MMCME2_ADV (Prop_mmcme2_adv_CLKIN1_CLKOUT2)
                                                      0.073    18.586 r  pcie7_g0p8c0_support_i/pipe_clock_i/mmcm_i/CLKOUT2
                         net (fo=1, routed)           1.357    19.944    pcie7_g0p8c0_support_i/pipe_clock_i/userclk1
    BUFGCTRL_X0Y0                                                     r  pcie7_g0p8c0_support_i/pipe_clock_i/userclk1_i1.usrclk1_i1/I
    BUFGCTRL_X0Y0        BUFG (Prop_bufg_I_O)         0.077    20.021 r  pcie7_g0p8c0_support_i/pipe_clock_i/userclk1_i1.usrclk1_i1/O
                         net (fo=2216, routed)        1.393    21.413    NVP_AUTOINIT/u_sequence/user_clk_out
    SLICE_X36Y137        FDRE                                         r  NVP_AUTOINIT/u_sequence/nack_log_r_reg[4][48]/C
                         clock pessimism              0.258    21.671    
                         clock uncertainty           -0.079    21.592    
    SLICE_X36Y137        FDRE (Setup_fdre_C_CE)      -0.168    21.424    NVP_AUTOINIT/u_sequence/nack_log_r_reg[4][48]
  -------------------------------------------------------------------
                         required time                         21.424    
                         arrival time                          -9.976    
  -------------------------------------------------------------------
                         slack                                 11.449    

Slack (MET) :             11.454ns  (required time - arrival time)
  Source:                 NVP_AUTOINIT/u_sequence/sda_filtered_r_reg/C
                            (rising edge-triggered cell FDSE clocked by userclk1  {rise@0.000ns fall@8.000ns period=16.000ns})
  Destination:            NVP_AUTOINIT/u_sequence/nack_log_r_reg[3][18]/CE
                            (rising edge-triggered cell FDRE clocked by userclk1  {rise@0.000ns fall@8.000ns period=16.000ns})
  Path Group:             userclk1
  Path Type:              Setup (Max at Slow Process Corner)
  Requirement:            16.000ns  (userclk1 rise@16.000ns - userclk1 rise@0.000ns)
  Data Path Delay:        4.022ns  (logic 0.882ns (21.931%)  route 3.140ns (78.069%))
  Logic Levels:           2  (LUT4=1 LUT5=1)
  Clock Path Skew:        -0.107ns (DCD - SCD + CPR)
    Destination Clock Delay (DCD):    5.415ns = ( 21.415 - 16.000 ) 
    Source Clock Delay      (SCD):    5.780ns
    Clock Pessimism Removal (CPR):    0.258ns
  Clock Uncertainty:      0.079ns  ((TSJ^2 + DJ^2)^1/2) / 2 + PE
    Total System Jitter     (TSJ):    0.071ns
    Discrete Jitter          (DJ):    0.141ns
    Phase Error              (PE):    0.000ns

    Location             Delay type                Incr(ns)  Path(ns)    Netlist Resource(s)
  -------------------------------------------------------------------    -------------------
                         (clock userclk1 rise edge)
                                                      0.000     0.000 r  
    GTPE2_CHANNEL_X0Y3   GTPE2_CHANNEL                0.000     0.000 r  pcie7_g0p8c0_support_i/pcie7_g0p8c0_i/inst/inst/gt_top_i/pipe_wrapper_i/pipe_lane[0].gt_wrapper_i/gtp_channel.gtpe2_channel_i/TXOUTCLK
                         net (fo=1, routed)           1.209     1.209    pcie7_g0p8c0_support_i/pipe_clock_i/pipe_txoutclk_out
    BUFGCTRL_X0Y18                                                    r  pcie7_g0p8c0_support_i/pipe_clock_i/txoutclk_i.txoutclk_i/I
    BUFGCTRL_X0Y18       BUFG (Prop_bufg_I_O)         0.081     1.290 r  pcie7_g0p8c0_support_i/pipe_clock_i/txoutclk_i.txoutclk_i/O
                         net (fo=1, routed)           1.391     2.681    pcie7_g0p8c0_support_i/pipe_clock_i/refclk
    MMCME2_ADV_X0Y0                                                   r  pcie7_g0p8c0_support_i/pipe_clock_i/mmcm_i/CLKIN1
    MMCME2_ADV_X0Y0      MMCME2_ADV (Prop_mmcme2_adv_CLKIN1_CLKOUT2)
                                                      0.077     2.757 r  pcie7_g0p8c0_support_i/pipe_clock_i/mmcm_i/CLKOUT2
                         net (fo=1, routed)           1.425     4.182    pcie7_g0p8c0_support_i/pipe_clock_i/userclk1
    BUFGCTRL_X0Y0                                                     r  pcie7_g0p8c0_support_i/pipe_clock_i/userclk1_i1.usrclk1_i1/I
    BUFGCTRL_X0Y0        BUFG (Prop_bufg_I_O)         0.081     4.263 r  pcie7_g0p8c0_support_i/pipe_clock_i/userclk1_i1.usrclk1_i1/O
                         net (fo=2216, routed)        1.517     5.780    NVP_AUTOINIT/u_sequence/user_clk_out
    SLICE_X22Y139        FDSE                                         r  NVP_AUTOINIT/u_sequence/sda_filtered_r_reg/C
  -------------------------------------------------------------------    -------------------
    SLICE_X22Y139        FDSE (Prop_fdse_C_Q)         0.348     6.128 r  NVP_AUTOINIT/u_sequence/sda_filtered_r_reg/Q
                         net (fo=11, routed)          0.854     6.982    NVP_AUTOINIT/u_sequence/sda_filtered_r
    SLICE_X26Y140                                                     r  NVP_AUTOINIT/u_sequence/nack_log_r[1][49]_i_2/I1
    SLICE_X26Y140        LUT4 (Prop_lut4_I1_O)        0.253     7.235 r  NVP_AUTOINIT/u_sequence/nack_log_r[1][49]_i_2/O
                         net (fo=6, routed)           0.688     7.923    NVP_AUTOINIT/u_sequence/nack_log_r[1][49]_i_2_n_0
    SLICE_X23Y140                                                     r  NVP_AUTOINIT/u_sequence/nack_log_r[3][49]_i_1/I4
    SLICE_X23Y140        LUT5 (Prop_lut5_I4_O)        0.281     8.204 r  NVP_AUTOINIT/u_sequence/nack_log_r[3][49]_i_1/O
                         net (fo=45, routed)          1.598     9.802    NVP_AUTOINIT/u_sequence/nack_log_r[3][49]_i_1_n_0
    SLICE_X36Y140        FDRE                                         r  NVP_AUTOINIT/u_sequence/nack_log_r_reg[3][18]/CE
  -------------------------------------------------------------------    -------------------

                         (clock userclk1 rise edge)
                                                     16.000    16.000 r  
    GTPE2_CHANNEL_X0Y3   GTPE2_CHANNEL                0.000    16.000 r  pcie7_g0p8c0_support_i/pcie7_g0p8c0_i/inst/inst/gt_top_i/pipe_wrapper_i/pipe_lane[0].gt_wrapper_i/gtp_channel.gtpe2_channel_i/TXOUTCLK
                         net (fo=1, routed)           1.150    17.150    pcie7_g0p8c0_support_i/pipe_clock_i/pipe_txoutclk_out
    BUFGCTRL_X0Y18                                                    r  pcie7_g0p8c0_support_i/pipe_clock_i/txoutclk_i.txoutclk_i/I
    BUFGCTRL_X0Y18       BUFG (Prop_bufg_I_O)         0.077    17.227 r  pcie7_g0p8c0_support_i/pipe_clock_i/txoutclk_i.txoutclk_i/O
                         net (fo=1, routed)           1.286    18.513    pcie7_g0p8c0_support_i/pipe_clock_i/refclk
    MMCME2_ADV_X0Y0                                                   r  pcie7_g0p8c0_support_i/pipe_clock_i/mmcm_i/CLKIN1
    MMCME2_ADV_X0Y0      MMCME2_ADV (Prop_mmcme2_adv_CLKIN1_CLKOUT2)
                                                      0.073    18.586 r  pcie7_g0p8c0_support_i/pipe_clock_i/mmcm_i/CLKOUT2
                         net (fo=1, routed)           1.357    19.944    pcie7_g0p8c0_support_i/pipe_clock_i/userclk1
    BUFGCTRL_X0Y0                                                     r  pcie7_g0p8c0_support_i/pipe_clock_i/userclk1_i1.usrclk1_i1/I
    BUFGCTRL_X0Y0        BUFG (Prop_bufg_I_O)         0.077    20.021 r  pcie7_g0p8c0_support_i/pipe_clock_i/userclk1_i1.usrclk1_i1/O
                         net (fo=2216, routed)        1.395    21.415    NVP_AUTOINIT/u_sequence/user_clk_out
    SLICE_X36Y140        FDRE                                         r  NVP_AUTOINIT/u_sequence/nack_log_r_reg[3][18]/C
                         clock pessimism              0.258    21.673    
                         clock uncertainty           -0.079    21.594    
    SLICE_X36Y140        FDRE (Setup_fdre_C_CE)      -0.338    21.256    NVP_AUTOINIT/u_sequence/nack_log_r_reg[3][18]
  -------------------------------------------------------------------
                         required time                         21.256    
                         arrival time                          -9.802    
  -------------------------------------------------------------------
                         slack                                 11.454    

Slack (MET) :             11.455ns  (required time - arrival time)
  Source:                 NVP_AUTOINIT/u_sequence/sda_filtered_r_reg/C
                            (rising edge-triggered cell FDSE clocked by userclk1  {rise@0.000ns fall@8.000ns period=16.000ns})
  Destination:            NVP_AUTOINIT/u_sequence/nack_log_r_reg[1][16]/CE
                            (rising edge-triggered cell FDRE clocked by userclk1  {rise@0.000ns fall@8.000ns period=16.000ns})
  Path Group:             userclk1
  Path Type:              Setup (Max at Slow Process Corner)
  Requirement:            16.000ns  (userclk1 rise@16.000ns - userclk1 rise@0.000ns)
  Data Path Delay:        4.189ns  (logic 0.868ns (20.719%)  route 3.321ns (79.281%))
  Logic Levels:           2  (LUT4=1 LUT5=1)
  Clock Path Skew:        -0.109ns (DCD - SCD + CPR)
    Destination Clock Delay (DCD):    5.413ns = ( 21.413 - 16.000 ) 
    Source Clock Delay      (SCD):    5.780ns
    Clock Pessimism Removal (CPR):    0.258ns
  Clock Uncertainty:      0.079ns  ((TSJ^2 + DJ^2)^1/2) / 2 + PE
    Total System Jitter     (TSJ):    0.071ns
    Discrete Jitter          (DJ):    0.141ns
    Phase Error              (PE):    0.000ns

    Location             Delay type                Incr(ns)  Path(ns)    Netlist Resource(s)
  -------------------------------------------------------------------    -------------------
                         (clock userclk1 rise edge)
                                                      0.000     0.000 r  
    GTPE2_CHANNEL_X0Y3   GTPE2_CHANNEL                0.000     0.000 r  pcie7_g0p8c0_support_i/pcie7_g0p8c0_i/inst/inst/gt_top_i/pipe_wrapper_i/pipe_lane[0].gt_wrapper_i/gtp_channel.gtpe2_channel_i/TXOUTCLK
                         net (fo=1, routed)           1.209     1.209    pcie7_g0p8c0_support_i/pipe_clock_i/pipe_txoutclk_out
    BUFGCTRL_X0Y18                                                    r  pcie7_g0p8c0_support_i/pipe_clock_i/txoutclk_i.txoutclk_i/I
    BUFGCTRL_X0Y18       BUFG (Prop_bufg_I_O)         0.081     1.290 r  pcie7_g0p8c0_support_i/pipe_clock_i/txoutclk_i.txoutclk_i/O
                         net (fo=1, routed)           1.391     2.681    pcie7_g0p8c0_support_i/pipe_clock_i/refclk
    MMCME2_ADV_X0Y0                                                   r  pcie7_g0p8c0_support_i/pipe_clock_i/mmcm_i/CLKIN1
    MMCME2_ADV_X0Y0      MMCME2_ADV (Prop_mmcme2_adv_CLKIN1_CLKOUT2)
                                                      0.077     2.757 r  pcie7_g0p8c0_support_i/pipe_clock_i/mmcm_i/CLKOUT2
                         net (fo=1, routed)           1.425     4.182    pcie7_g0p8c0_support_i/pipe_clock_i/userclk1
    BUFGCTRL_X0Y0                                                     r  pcie7_g0p8c0_support_i/pipe_clock_i/userclk1_i1.usrclk1_i1/I
    BUFGCTRL_X0Y0        BUFG (Prop_bufg_I_O)         0.081     4.263 r  pcie7_g0p8c0_support_i/pipe_clock_i/userclk1_i1.usrclk1_i1/O
                         net (fo=2216, routed)        1.517     5.780    NVP_AUTOINIT/u_sequence/user_clk_out
    SLICE_X22Y139        FDSE                                         r  NVP_AUTOINIT/u_sequence/sda_filtered_r_reg/C
  -------------------------------------------------------------------    -------------------
    SLICE_X22Y139        FDSE (Prop_fdse_C_Q)         0.348     6.128 r  NVP_AUTOINIT/u_sequence/sda_filtered_r_reg/Q
                         net (fo=11, routed)          0.854     6.982    NVP_AUTOINIT/u_sequence/sda_filtered_r
    SLICE_X26Y140                                                     r  NVP_AUTOINIT/u_sequence/nack_log_r[1][49]_i_2/I1
    SLICE_X26Y140        LUT4 (Prop_lut4_I1_O)        0.253     7.235 r  NVP_AUTOINIT/u_sequence/nack_log_r[1][49]_i_2/O
                         net (fo=6, routed)           0.688     7.923    NVP_AUTOINIT/u_sequence/nack_log_r[1][49]_i_2_n_0
    SLICE_X23Y140                                                     r  NVP_AUTOINIT/u_sequence/nack_log_r[1][49]_i_1/I4
    SLICE_X23Y140        LUT5 (Prop_lut5_I4_O)        0.267     8.190 r  NVP_AUTOINIT/u_sequence/nack_log_r[1][49]_i_1/O
                         net (fo=45, routed)          1.779     9.970    NVP_AUTOINIT/u_sequence/nack_log_r[1][49]_i_1_n_0
    SLICE_X36Y138        FDRE                                         r  NVP_AUTOINIT/u_sequence/nack_log_r_reg[1][16]/CE
  -------------------------------------------------------------------    -------------------

                         (clock userclk1 rise edge)
                                                     16.000    16.000 r  
    GTPE2_CHANNEL_X0Y3   GTPE2_CHANNEL                0.000    16.000 r  pcie7_g0p8c0_support_i/pcie7_g0p8c0_i/inst/inst/gt_top_i/pipe_wrapper_i/pipe_lane[0].gt_wrapper_i/gtp_channel.gtpe2_channel_i/TXOUTCLK
                         net (fo=1, routed)           1.150    17.150    pcie7_g0p8c0_support_i/pipe_clock_i/pipe_txoutclk_out
    BUFGCTRL_X0Y18                                                    r  pcie7_g0p8c0_support_i/pipe_clock_i/txoutclk_i.txoutclk_i/I
    BUFGCTRL_X0Y18       BUFG (Prop_bufg_I_O)         0.077    17.227 r  pcie7_g0p8c0_support_i/pipe_clock_i/txoutclk_i.txoutclk_i/O
                         net (fo=1, routed)           1.286    18.513    pcie7_g0p8c0_support_i/pipe_clock_i/refclk
    MMCME2_ADV_X0Y0                                                   r  pcie7_g0p8c0_support_i/pipe_clock_i/mmcm_i/CLKIN1
    MMCME2_ADV_X0Y0      MMCME2_ADV (Prop_mmcme2_adv_CLKIN1_CLKOUT2)
                                                      0.073    18.586 r  pcie7_g0p8c0_support_i/pipe_clock_i/mmcm_i/CLKOUT2
                         net (fo=1, routed)           1.357    19.944    pcie7_g0p8c0_support_i/pipe_clock_i/userclk1
    BUFGCTRL_X0Y0                                                     r  pcie7_g0p8c0_support_i/pipe_clock_i/userclk1_i1.usrclk1_i1/I
    BUFGCTRL_X0Y0        BUFG (Prop_bufg_I_O)         0.077    20.021 r  pcie7_g0p8c0_support_i/pipe_clock_i/userclk1_i1.usrclk1_i1/O
                         net (fo=2216, routed)        1.393    21.413    NVP_AUTOINIT/u_sequence/user_clk_out
    SLICE_X36Y138        FDRE                                         r  NVP_AUTOINIT/u_sequence/nack_log_r_reg[1][16]/C
                         clock pessimism              0.258    21.671    
                         clock uncertainty           -0.079    21.592    
    SLICE_X36Y138        FDRE (Setup_fdre_C_CE)      -0.168    21.424    NVP_AUTOINIT/u_sequence/nack_log_r_reg[1][16]
  -------------------------------------------------------------------
                         required time                         21.424    
                         arrival time                          -9.970    
  -------------------------------------------------------------------
                         slack                                 11.455    

Slack (MET) :             11.455ns  (required time - arrival time)
  Source:                 NVP_AUTOINIT/u_sequence/sda_filtered_r_reg/C
                            (rising edge-triggered cell FDSE clocked by userclk1  {rise@0.000ns fall@8.000ns period=16.000ns})
  Destination:            NVP_AUTOINIT/u_sequence/nack_log_r_reg[1][22]/CE
                            (rising edge-triggered cell FDRE clocked by userclk1  {rise@0.000ns fall@8.000ns period=16.000ns})
  Path Group:             userclk1
  Path Type:              Setup (Max at Slow Process Corner)
  Requirement:            16.000ns  (userclk1 rise@16.000ns - userclk1 rise@0.000ns)
  Data Path Delay:        4.189ns  (logic 0.868ns (20.719%)  route 3.321ns (79.281%))
  Logic Levels:           2  (LUT4=1 LUT5=1)
  Clock Path Skew:        -0.109ns (DCD - SCD + CPR)
    Destination Clock Delay (DCD):    5.413ns = ( 21.413 - 16.000 ) 
    Source Clock Delay      (SCD):    5.780ns
    Clock Pessimism Removal (CPR):    0.258ns
  Clock Uncertainty:      0.079ns  ((TSJ^2 + DJ^2)^1/2) / 2 + PE
    Total System Jitter     (TSJ):    0.071ns
    Discrete Jitter          (DJ):    0.141ns
    Phase Error              (PE):    0.000ns

    Location             Delay type                Incr(ns)  Path(ns)    Netlist Resource(s)
  -------------------------------------------------------------------    -------------------
                         (clock userclk1 rise edge)
                                                      0.000     0.000 r  
    GTPE2_CHANNEL_X0Y3   GTPE2_CHANNEL                0.000     0.000 r  pcie7_g0p8c0_support_i/pcie7_g0p8c0_i/inst/inst/gt_top_i/pipe_wrapper_i/pipe_lane[0].gt_wrapper_i/gtp_channel.gtpe2_channel_i/TXOUTCLK
                         net (fo=1, routed)           1.209     1.209    pcie7_g0p8c0_support_i/pipe_clock_i/pipe_txoutclk_out
    BUFGCTRL_X0Y18                                                    r  pcie7_g0p8c0_support_i/pipe_clock_i/txoutclk_i.txoutclk_i/I
    BUFGCTRL_X0Y18       BUFG (Prop_bufg_I_O)         0.081     1.290 r  pcie7_g0p8c0_support_i/pipe_clock_i/txoutclk_i.txoutclk_i/O
                         net (fo=1, routed)           1.391     2.681    pcie7_g0p8c0_support_i/pipe_clock_i/refclk
    MMCME2_ADV_X0Y0                                                   r  pcie7_g0p8c0_support_i/pipe_clock_i/mmcm_i/CLKIN1
    MMCME2_ADV_X0Y0      MMCME2_ADV (Prop_mmcme2_adv_CLKIN1_CLKOUT2)
                                                      0.077     2.757 r  pcie7_g0p8c0_support_i/pipe_clock_i/mmcm_i/CLKOUT2
                         net (fo=1, routed)           1.425     4.182    pcie7_g0p8c0_support_i/pipe_clock_i/userclk1
    BUFGCTRL_X0Y0                                                     r  pcie7_g0p8c0_support_i/pipe_clock_i/userclk1_i1.usrclk1_i1/I
    BUFGCTRL_X0Y0        BUFG (Prop_bufg_I_O)         0.081     4.263 r  pcie7_g0p8c0_support_i/pipe_clock_i/userclk1_i1.usrclk1_i1/O
                         net (fo=2216, routed)        1.517     5.780    NVP_AUTOINIT/u_sequence/user_clk_out
    SLICE_X22Y139        FDSE                                         r  NVP_AUTOINIT/u_sequence/sda_filtered_r_reg/C
  -------------------------------------------------------------------    -------------------
    SLICE_X22Y139        FDSE (Prop_fdse_C_Q)         0.348     6.128 r  NVP_AUTOINIT/u_sequence/sda_filtered_r_reg/Q
                         net (fo=11, routed)          0.854     6.982    NVP_AUTOINIT/u_sequence/sda_filtered_r
    SLICE_X26Y140                                                     r  NVP_AUTOINIT/u_sequence/nack_log_r[1][49]_i_2/I1
    SLICE_X26Y140        LUT4 (Prop_lut4_I1_O)        0.253     7.235 r  NVP_AUTOINIT/u_sequence/nack_log_r[1][49]_i_2/O
                         net (fo=6, routed)           0.688     7.923    NVP_AUTOINIT/u_sequence/nack_log_r[1][49]_i_2_n_0
    SLICE_X23Y140                                                     r  NVP_AUTOINIT/u_sequence/nack_log_r[1][49]_i_1/I4
    SLICE_X23Y140        LUT5 (Prop_lut5_I4_O)        0.267     8.190 r  NVP_AUTOINIT/u_sequence/nack_log_r[1][49]_i_1/O
                         net (fo=45, routed)          1.779     9.970    NVP_AUTOINIT/u_sequence/nack_log_r[1][49]_i_1_n_0
    SLICE_X36Y138        FDRE                                         r  NVP_AUTOINIT/u_sequence/nack_log_r_reg[1][22]/CE
  -------------------------------------------------------------------    -------------------

                         (clock userclk1 rise edge)
                                                     16.000    16.000 r  
    GTPE2_CHANNEL_X0Y3   GTPE2_CHANNEL                0.000    16.000 r  pcie7_g0p8c0_support_i/pcie7_g0p8c0_i/inst/inst/gt_top_i/pipe_wrapper_i/pipe_lane[0].gt_wrapper_i/gtp_channel.gtpe2_channel_i/TXOUTCLK
                         net (fo=1, routed)           1.150    17.150    pcie7_g0p8c0_support_i/pipe_clock_i/pipe_txoutclk_out
    BUFGCTRL_X0Y18                                                    r  pcie7_g0p8c0_support_i/pipe_clock_i/txoutclk_i.txoutclk_i/I
    BUFGCTRL_X0Y18       BUFG (Prop_bufg_I_O)         0.077    17.227 r  pcie7_g0p8c0_support_i/pipe_clock_i/txoutclk_i.txoutclk_i/O
                         net (fo=1, routed)           1.286    18.513    pcie7_g0p8c0_support_i/pipe_clock_i/refclk
    MMCME2_ADV_X0Y0                                                   r  pcie7_g0p8c0_support_i/pipe_clock_i/mmcm_i/CLKIN1
    MMCME2_ADV_X0Y0      MMCME2_ADV (Prop_mmcme2_adv_CLKIN1_CLKOUT2)
                                                      0.073    18.586 r  pcie7_g0p8c0_support_i/pipe_clock_i/mmcm_i/CLKOUT2
                         net (fo=1, routed)           1.357    19.944    pcie7_g0p8c0_support_i/pipe_clock_i/userclk1
    BUFGCTRL_X0Y0                                                     r  pcie7_g0p8c0_support_i/pipe_clock_i/userclk1_i1.usrclk1_i1/I
    BUFGCTRL_X0Y0        BUFG (Prop_bufg_I_O)         0.077    20.021 r  pcie7_g0p8c0_support_i/pipe_clock_i/userclk1_i1.usrclk1_i1/O
                         net (fo=2216, routed)        1.393    21.413    NVP_AUTOINIT/u_sequence/user_clk_out
    SLICE_X36Y138        FDRE                                         r  NVP_AUTOINIT/u_sequence/nack_log_r_reg[1][22]/C
                         clock pessimism              0.258    21.671    
                         clock uncertainty           -0.079    21.592    
    SLICE_X36Y138        FDRE (Setup_fdre_C_CE)      -0.168    21.424    NVP_AUTOINIT/u_sequence/nack_log_r_reg[1][22]
  -------------------------------------------------------------------
                         required time                         21.424    
                         arrival time                          -9.970    
  -------------------------------------------------------------------
                         slack                                 11.455    

Slack (MET) :             11.455ns  (required time - arrival time)
  Source:                 NVP_AUTOINIT/u_sequence/sda_filtered_r_reg/C
                            (rising edge-triggered cell FDSE clocked by userclk1  {rise@0.000ns fall@8.000ns period=16.000ns})
  Destination:            NVP_AUTOINIT/u_sequence/nack_log_r_reg[1][40]/CE
                            (rising edge-triggered cell FDRE clocked by userclk1  {rise@0.000ns fall@8.000ns period=16.000ns})
  Path Group:             userclk1
  Path Type:              Setup (Max at Slow Process Corner)
  Requirement:            16.000ns  (userclk1 rise@16.000ns - userclk1 rise@0.000ns)
  Data Path Delay:        4.189ns  (logic 0.868ns (20.719%)  route 3.321ns (79.281%))
  Logic Levels:           2  (LUT4=1 LUT5=1)
  Clock Path Skew:        -0.109ns (DCD - SCD + CPR)
    Destination Clock Delay (DCD):    5.413ns = ( 21.413 - 16.000 ) 
    Source Clock Delay      (SCD):    5.780ns
    Clock Pessimism Removal (CPR):    0.258ns
  Clock Uncertainty:      0.079ns  ((TSJ^2 + DJ^2)^1/2) / 2 + PE
    Total System Jitter     (TSJ):    0.071ns
    Discrete Jitter          (DJ):    0.141ns
    Phase Error              (PE):    0.000ns

    Location             Delay type                Incr(ns)  Path(ns)    Netlist Resource(s)
  -------------------------------------------------------------------    -------------------
                         (clock userclk1 rise edge)
                                                      0.000     0.000 r  
    GTPE2_CHANNEL_X0Y3   GTPE2_CHANNEL                0.000     0.000 r  pcie7_g0p8c0_support_i/pcie7_g0p8c0_i/inst/inst/gt_top_i/pipe_wrapper_i/pipe_lane[0].gt_wrapper_i/gtp_channel.gtpe2_channel_i/TXOUTCLK
                         net (fo=1, routed)           1.209     1.209    pcie7_g0p8c0_support_i/pipe_clock_i/pipe_txoutclk_out
    BUFGCTRL_X0Y18                                                    r  pcie7_g0p8c0_support_i/pipe_clock_i/txoutclk_i.txoutclk_i/I
    BUFGCTRL_X0Y18       BUFG (Prop_bufg_I_O)         0.081     1.290 r  pcie7_g0p8c0_support_i/pipe_clock_i/txoutclk_i.txoutclk_i/O
                         net (fo=1, routed)           1.391     2.681    pcie7_g0p8c0_support_i/pipe_clock_i/refclk
    MMCME2_ADV_X0Y0                                                   r  pcie7_g0p8c0_support_i/pipe_clock_i/mmcm_i/CLKIN1
    MMCME2_ADV_X0Y0      MMCME2_ADV (Prop_mmcme2_adv_CLKIN1_CLKOUT2)
                                                      0.077     2.757 r  pcie7_g0p8c0_support_i/pipe_clock_i/mmcm_i/CLKOUT2
                         net (fo=1, routed)           1.425     4.182    pcie7_g0p8c0_support_i/pipe_clock_i/userclk1
    BUFGCTRL_X0Y0                                                     r  pcie7_g0p8c0_support_i/pipe_clock_i/userclk1_i1.usrclk1_i1/I
    BUFGCTRL_X0Y0        BUFG (Prop_bufg_I_O)         0.081     4.263 r  pcie7_g0p8c0_support_i/pipe_clock_i/userclk1_i1.usrclk1_i1/O
                         net (fo=2216, routed)        1.517     5.780    NVP_AUTOINIT/u_sequence/user_clk_out
    SLICE_X22Y139        FDSE                                         r  NVP_AUTOINIT/u_sequence/sda_filtered_r_reg/C
  -------------------------------------------------------------------    -------------------
    SLICE_X22Y139        FDSE (Prop_fdse_C_Q)         0.348     6.128 r  NVP_AUTOINIT/u_sequence/sda_filtered_r_reg/Q
                         net (fo=11, routed)          0.854     6.982    NVP_AUTOINIT/u_sequence/sda_filtered_r
    SLICE_X26Y140                                                     r  NVP_AUTOINIT/u_sequence/nack_log_r[1][49]_i_2/I1
    SLICE_X26Y140        LUT4 (Prop_lut4_I1_O)        0.253     7.235 r  NVP_AUTOINIT/u_sequence/nack_log_r[1][49]_i_2/O
                         net (fo=6, routed)           0.688     7.923    NVP_AUTOINIT/u_sequence/nack_log_r[1][49]_i_2_n_0
    SLICE_X23Y140                                                     r  NVP_AUTOINIT/u_sequence/nack_log_r[1][49]_i_1/I4
    SLICE_X23Y140        LUT5 (Prop_lut5_I4_O)        0.267     8.190 r  NVP_AUTOINIT/u_sequence/nack_log_r[1][49]_i_1/O
                         net (fo=45, routed)          1.779     9.970    NVP_AUTOINIT/u_sequence/nack_log_r[1][49]_i_1_n_0
    SLICE_X36Y138        FDRE                                         r  NVP_AUTOINIT/u_sequence/nack_log_r_reg[1][40]/CE
  -------------------------------------------------------------------    -------------------

                         (clock userclk1 rise edge)
                                                     16.000    16.000 r  
    GTPE2_CHANNEL_X0Y3   GTPE2_CHANNEL                0.000    16.000 r  pcie7_g0p8c0_support_i/pcie7_g0p8c0_i/inst/inst/gt_top_i/pipe_wrapper_i/pipe_lane[0].gt_wrapper_i/gtp_channel.gtpe2_channel_i/TXOUTCLK
                         net (fo=1, routed)           1.150    17.150    pcie7_g0p8c0_support_i/pipe_clock_i/pipe_txoutclk_out
    BUFGCTRL_X0Y18                                                    r  pcie7_g0p8c0_support_i/pipe_clock_i/txoutclk_i.txoutclk_i/I
    BUFGCTRL_X0Y18       BUFG (Prop_bufg_I_O)         0.077    17.227 r  pcie7_g0p8c0_support_i/pipe_clock_i/txoutclk_i.txoutclk_i/O
                         net (fo=1, routed)           1.286    18.513    pcie7_g0p8c0_support_i/pipe_clock_i/refclk
    MMCME2_ADV_X0Y0                                                   r  pcie7_g0p8c0_support_i/pipe_clock_i/mmcm_i/CLKIN1
    MMCME2_ADV_X0Y0      MMCME2_ADV (Prop_mmcme2_adv_CLKIN1_CLKOUT2)
                                                      0.073    18.586 r  pcie7_g0p8c0_support_i/pipe_clock_i/mmcm_i/CLKOUT2
                         net (fo=1, routed)           1.357    19.944    pcie7_g0p8c0_support_i/pipe_clock_i/userclk1
    BUFGCTRL_X0Y0                                                     r  pcie7_g0p8c0_support_i/pipe_clock_i/userclk1_i1.usrclk1_i1/I
    BUFGCTRL_X0Y0        BUFG (Prop_bufg_I_O)         0.077    20.021 r  pcie7_g0p8c0_support_i/pipe_clock_i/userclk1_i1.usrclk1_i1/O
                         net (fo=2216, routed)        1.393    21.413    NVP_AUTOINIT/u_sequence/user_clk_out
    SLICE_X36Y138        FDRE                                         r  NVP_AUTOINIT/u_sequence/nack_log_r_reg[1][40]/C
                         clock pessimism              0.258    21.671    
                         clock uncertainty           -0.079    21.592    
    SLICE_X36Y138        FDRE (Setup_fdre_C_CE)      -0.168    21.424    NVP_AUTOINIT/u_sequence/nack_log_r_reg[1][40]
  -------------------------------------------------------------------
                         required time                         21.424    
                         arrival time                          -9.970    
  -------------------------------------------------------------------
                         slack                                 11.455    

Slack (MET) :             11.455ns  (required time - arrival time)
  Source:                 NVP_AUTOINIT/u_sequence/sda_filtered_r_reg/C
                            (rising edge-triggered cell FDSE clocked by userclk1  {rise@0.000ns fall@8.000ns period=16.000ns})
  Destination:            NVP_AUTOINIT/u_sequence/nack_log_r_reg[1][48]/CE
                            (rising edge-triggered cell FDRE clocked by userclk1  {rise@0.000ns fall@8.000ns period=16.000ns})
  Path Group:             userclk1
  Path Type:              Setup (Max at Slow Process Corner)
  Requirement:            16.000ns  (userclk1 rise@16.000ns - userclk1 rise@0.000ns)
  Data Path Delay:        4.189ns  (logic 0.868ns (20.719%)  route 3.321ns (79.281%))
  Logic Levels:           2  (LUT4=1 LUT5=1)
  Clock Path Skew:        -0.109ns (DCD - SCD + CPR)
    Destination Clock Delay (DCD):    5.413ns = ( 21.413 - 16.000 ) 
    Source Clock Delay      (SCD):    5.780ns
    Clock Pessimism Removal (CPR):    0.258ns
  Clock Uncertainty:      0.079ns  ((TSJ^2 + DJ^2)^1/2) / 2 + PE
    Total System Jitter     (TSJ):    0.071ns
    Discrete Jitter          (DJ):    0.141ns
    Phase Error              (PE):    0.000ns

    Location             Delay type                Incr(ns)  Path(ns)    Netlist Resource(s)
  -------------------------------------------------------------------    -------------------
                         (clock userclk1 rise edge)
                                                      0.000     0.000 r  
    GTPE2_CHANNEL_X0Y3   GTPE2_CHANNEL                0.000     0.000 r  pcie7_g0p8c0_support_i/pcie7_g0p8c0_i/inst/inst/gt_top_i/pipe_wrapper_i/pipe_lane[0].gt_wrapper_i/gtp_channel.gtpe2_channel_i/TXOUTCLK
                         net (fo=1, routed)           1.209     1.209    pcie7_g0p8c0_support_i/pipe_clock_i/pipe_txoutclk_out
    BUFGCTRL_X0Y18                                                    r  pcie7_g0p8c0_support_i/pipe_clock_i/txoutclk_i.txoutclk_i/I
    BUFGCTRL_X0Y18       BUFG (Prop_bufg_I_O)         0.081     1.290 r  pcie7_g0p8c0_support_i/pipe_clock_i/txoutclk_i.txoutclk_i/O
                         net (fo=1, routed)           1.391     2.681    pcie7_g0p8c0_support_i/pipe_clock_i/refclk
    MMCME2_ADV_X0Y0                                                   r  pcie7_g0p8c0_support_i/pipe_clock_i/mmcm_i/CLKIN1
    MMCME2_ADV_X0Y0      MMCME2_ADV (Prop_mmcme2_adv_CLKIN1_CLKOUT2)
                                                      0.077     2.757 r  pcie7_g0p8c0_support_i/pipe_clock_i/mmcm_i/CLKOUT2
                         net (fo=1, routed)           1.425     4.182    pcie7_g0p8c0_support_i/pipe_clock_i/userclk1
    BUFGCTRL_X0Y0                                                     r  pcie7_g0p8c0_support_i/pipe_clock_i/userclk1_i1.usrclk1_i1/I
    BUFGCTRL_X0Y0        BUFG (Prop_bufg_I_O)         0.081     4.263 r  pcie7_g0p8c0_support_i/pipe_clock_i/userclk1_i1.usrclk1_i1/O
                         net (fo=2216, routed)        1.517     5.780    NVP_AUTOINIT/u_sequence/user_clk_out
    SLICE_X22Y139        FDSE                                         r  NVP_AUTOINIT/u_sequence/sda_filtered_r_reg/C
  -------------------------------------------------------------------    -------------------
    SLICE_X22Y139        FDSE (Prop_fdse_C_Q)         0.348     6.128 r  NVP_AUTOINIT/u_sequence/sda_filtered_r_reg/Q
                         net (fo=11, routed)          0.854     6.982    NVP_AUTOINIT/u_sequence/sda_filtered_r
    SLICE_X26Y140                                                     r  NVP_AUTOINIT/u_sequence/nack_log_r[1][49]_i_2/I1
    SLICE_X26Y140        LUT4 (Prop_lut4_I1_O)        0.253     7.235 r  NVP_AUTOINIT/u_sequence/nack_log_r[1][49]_i_2/O
                         net (fo=6, routed)           0.688     7.923    NVP_AUTOINIT/u_sequence/nack_log_r[1][49]_i_2_n_0
    SLICE_X23Y140                                                     r  NVP_AUTOINIT/u_sequence/nack_log_r[1][49]_i_1/I4
    SLICE_X23Y140        LUT5 (Prop_lut5_I4_O)        0.267     8.190 r  NVP_AUTOINIT/u_sequence/nack_log_r[1][49]_i_1/O
                         net (fo=45, routed)          1.779     9.970    NVP_AUTOINIT/u_sequence/nack_log_r[1][49]_i_1_n_0
    SLICE_X36Y138        FDRE                                         r  NVP_AUTOINIT/u_sequence/nack_log_r_reg[1][48]/CE
  -------------------------------------------------------------------    -------------------

                         (clock userclk1 rise edge)
                                                     16.000    16.000 r  
    GTPE2_CHANNEL_X0Y3   GTPE2_CHANNEL                0.000    16.000 r  pcie7_g0p8c0_support_i/pcie7_g0p8c0_i/inst/inst/gt_top_i/pipe_wrapper_i/pipe_lane[0].gt_wrapper_i/gtp_channel.gtpe2_channel_i/TXOUTCLK
                         net (fo=1, routed)           1.150    17.150    pcie7_g0p8c0_support_i/pipe_clock_i/pipe_txoutclk_out
    BUFGCTRL_X0Y18                                                    r  pcie7_g0p8c0_support_i/pipe_clock_i/txoutclk_i.txoutclk_i/I
    BUFGCTRL_X0Y18       BUFG (Prop_bufg_I_O)         0.077    17.227 r  pcie7_g0p8c0_support_i/pipe_clock_i/txoutclk_i.txoutclk_i/O
                         net (fo=1, routed)           1.286    18.513    pcie7_g0p8c0_support_i/pipe_clock_i/refclk
    MMCME2_ADV_X0Y0                                                   r  pcie7_g0p8c0_support_i/pipe_clock_i/mmcm_i/CLKIN1
    MMCME2_ADV_X0Y0      MMCME2_ADV (Prop_mmcme2_adv_CLKIN1_CLKOUT2)
                                                      0.073    18.586 r  pcie7_g0p8c0_support_i/pipe_clock_i/mmcm_i/CLKOUT2
                         net (fo=1, routed)           1.357    19.944    pcie7_g0p8c0_support_i/pipe_clock_i/userclk1
    BUFGCTRL_X0Y0                                                     r  pcie7_g0p8c0_support_i/pipe_clock_i/userclk1_i1.usrclk1_i1/I
    BUFGCTRL_X0Y0        BUFG (Prop_bufg_I_O)         0.077    20.021 r  pcie7_g0p8c0_support_i/pipe_clock_i/userclk1_i1.usrclk1_i1/O
                         net (fo=2216, routed)        1.393    21.413    NVP_AUTOINIT/u_sequence/user_clk_out
    SLICE_X36Y138        FDRE                                         r  NVP_AUTOINIT/u_sequence/nack_log_r_reg[1][48]/C
                         clock pessimism              0.258    21.671    
                         clock uncertainty           -0.079    21.592    
    SLICE_X36Y138        FDRE (Setup_fdre_C_CE)      -0.168    21.424    NVP_AUTOINIT/u_sequence/nack_log_r_reg[1][48]
  -------------------------------------------------------------------
                         required time                         21.424    
                         arrival time                          -9.970    
  -------------------------------------------------------------------
                         slack                                 11.455    




