Copyright 1986-2022 Xilinx, Inc. All Rights Reserved. Copyright 2022-2025 Advanced Micro Devices, Inc. All Rights Reserved.
-----------------------------------------------------------------------------------------------------------------------------------------------------------------------------------------------------------------------------------------------------------------------------------------------------------------------------
| Tool Version : Vivado v.2025.2 (win64) Build 6299465 Fri Nov 14 19:35:11 GMT 2025
| Date         : Thu Sep 10 01:16:14 2026
| Host         : NBLSUDUL running 64-bit major release  (build 9200)
| Command      : report_timing -delay_type max -from [get_cells -quiet -hier -regexp {.*MAILBOX/status_hold_nvp_reg\[[0-9]+\]}] -to [get_cells -quiet -hier -regexp {.*MAILBOX/status_bus_pcie_reg\[[0-9]+\]}] -max_paths 100 -file C:/FPGA/G2B_NVP_VIDEO_DIAG1_R1_20260909T203832Z/reports/vivado_full/MAX_DELAY_STATUS.rpt
| Design       : ahd_capture_top_xdma
| Device       : 7a35t-csg325
| Speed File   : -2  PRODUCTION 1.23 2018-06-13
| Design State : Routed
-----------------------------------------------------------------------------------------------------------------------------------------------------------------------------------------------------------------------------------------------------------------------------------------------------------------------------

Timing Report

Slack (MET) :             4.353ns  (required time - arrival time)
  Source:                 CAPTURE_SUBSYSTEM/MAILBOX/status_hold_nvp_reg[228]/C
                            (rising edge-triggered cell FDRE clocked by nvp_vclk1  {rise@0.000ns fall@3.367ns period=6.734ns})
  Destination:            CAPTURE_SUBSYSTEM/MAILBOX/status_bus_pcie_reg[228]/D
                            (rising edge-triggered cell FDRE clocked by userclk1  {rise@0.000ns fall@8.000ns period=16.000ns})
  Path Group:             userclk1
  Path Type:              Setup (Max at Slow Process Corner)
  Requirement:            6.000ns  (MaxDelay Path 6.000ns)
  Data Path Delay:        1.605ns  (logic 0.379ns (23.611%)  route 1.226ns (76.389%))
  Logic Levels:           0  
  Timing Exception:       MaxDelay Path 6.000ns -datapath_only

    Location             Delay type                Incr(ns)  Path(ns)    Netlist Resource(s)
  -------------------------------------------------------------------    -------------------
    SLICE_X44Y25                                      0.000     0.000 r  CAPTURE_SUBSYSTEM/MAILBOX/status_hold_nvp_reg[228]/C
    SLICE_X44Y25         FDRE (Prop_fdre_C_Q)         0.379     0.379 r  CAPTURE_SUBSYSTEM/MAILBOX/status_hold_nvp_reg[228]/Q
                         net (fo=2, routed)           1.226     1.605    CAPTURE_SUBSYSTEM/MAILBOX/status_hold_nvp_reg[323]_0[190]
    SLICE_X47Y16         FDRE                                         r  CAPTURE_SUBSYSTEM/MAILBOX/status_bus_pcie_reg[228]/D
  -------------------------------------------------------------------    -------------------

                         max delay                    6.000     6.000    
    SLICE_X47Y16         FDRE (Setup_fdre_C_D)       -0.042     5.958    CAPTURE_SUBSYSTEM/MAILBOX/status_bus_pcie_reg[228]
  -------------------------------------------------------------------
                         required time                          5.958    
                         arrival time                          -1.605    
  -------------------------------------------------------------------
                         slack                                  4.353    

Slack (MET) :             4.367ns  (required time - arrival time)
  Source:                 CAPTURE_SUBSYSTEM/MAILBOX/status_hold_nvp_reg[64]/C
                            (rising edge-triggered cell FDRE clocked by nvp_vclk1  {rise@0.000ns fall@3.367ns period=6.734ns})
  Destination:            CAPTURE_SUBSYSTEM/MAILBOX/status_bus_pcie_reg[64]/D
                            (rising edge-triggered cell FDRE clocked by userclk1  {rise@0.000ns fall@8.000ns period=16.000ns})
  Path Group:             userclk1
  Path Type:              Setup (Max at Slow Process Corner)
  Requirement:            6.000ns  (MaxDelay Path 6.000ns)
  Data Path Delay:        1.555ns  (logic 0.433ns (27.847%)  route 1.122ns (72.153%))
  Logic Levels:           0  
  Timing Exception:       MaxDelay Path 6.000ns -datapath_only

    Location             Delay type                Incr(ns)  Path(ns)    Netlist Resource(s)
  -------------------------------------------------------------------    -------------------
    SLICE_X56Y19                                      0.000     0.000 r  CAPTURE_SUBSYSTEM/MAILBOX/status_hold_nvp_reg[64]/C
    SLICE_X56Y19         FDRE (Prop_fdre_C_Q)         0.433     0.433 r  CAPTURE_SUBSYSTEM/MAILBOX/status_hold_nvp_reg[64]/Q
                         net (fo=2, routed)           1.122     1.555    CAPTURE_SUBSYSTEM/MAILBOX/status_hold_nvp_reg[323]_0[61]
    SLICE_X55Y29         FDRE                                         r  CAPTURE_SUBSYSTEM/MAILBOX/status_bus_pcie_reg[64]/D
  -------------------------------------------------------------------    -------------------

                         max delay                    6.000     6.000    
    SLICE_X55Y29         FDRE (Setup_fdre_C_D)       -0.078     5.922    CAPTURE_SUBSYSTEM/MAILBOX/status_bus_pcie_reg[64]
  -------------------------------------------------------------------
                         required time                          5.922    
                         arrival time                          -1.555    
  -------------------------------------------------------------------
                         slack                                  4.367    

Slack (MET) :             4.374ns  (required time - arrival time)
  Source:                 CAPTURE_SUBSYSTEM/MAILBOX/status_hold_nvp_reg[111]/C
                            (rising edge-triggered cell FDRE clocked by nvp_vclk1  {rise@0.000ns fall@3.367ns period=6.734ns})
  Destination:            CAPTURE_SUBSYSTEM/MAILBOX/status_bus_pcie_reg[111]/D
                            (rising edge-triggered cell FDRE clocked by userclk1  {rise@0.000ns fall@8.000ns period=16.000ns})
  Path Group:             userclk1
  Path Type:              Setup (Max at Slow Process Corner)
  Requirement:            6.000ns  (MaxDelay Path 6.000ns)
  Data Path Delay:        1.552ns  (logic 0.379ns (24.416%)  route 1.173ns (75.584%))
  Logic Levels:           0  
  Timing Exception:       MaxDelay Path 6.000ns -datapath_only

    Location             Delay type                Incr(ns)  Path(ns)    Netlist Resource(s)
  -------------------------------------------------------------------    -------------------
    SLICE_X55Y24                                      0.000     0.000 r  CAPTURE_SUBSYSTEM/MAILBOX/status_hold_nvp_reg[111]/C
    SLICE_X55Y24         FDRE (Prop_fdre_C_Q)         0.379     0.379 r  CAPTURE_SUBSYSTEM/MAILBOX/status_hold_nvp_reg[111]/Q
                         net (fo=2, routed)           1.173     1.552    CAPTURE_SUBSYSTEM/MAILBOX/status_hold_nvp_reg[323]_0[108]
    SLICE_X57Y21         FDRE                                         r  CAPTURE_SUBSYSTEM/MAILBOX/status_bus_pcie_reg[111]/D
  -------------------------------------------------------------------    -------------------

                         max delay                    6.000     6.000    
    SLICE_X57Y21         FDRE (Setup_fdre_C_D)       -0.074     5.926    CAPTURE_SUBSYSTEM/MAILBOX/status_bus_pcie_reg[111]
  -------------------------------------------------------------------
                         required time                          5.926    
                         arrival time                          -1.552    
  -------------------------------------------------------------------
                         slack                                  4.374    

Slack (MET) :             4.388ns  (required time - arrival time)
  Source:                 CAPTURE_SUBSYSTEM/MAILBOX/status_hold_nvp_reg[185]/C
                            (rising edge-triggered cell FDRE clocked by nvp_vclk1  {rise@0.000ns fall@3.367ns period=6.734ns})
  Destination:            CAPTURE_SUBSYSTEM/MAILBOX/status_bus_pcie_reg[185]/D
                            (rising edge-triggered cell FDRE clocked by userclk1  {rise@0.000ns fall@8.000ns period=16.000ns})
  Path Group:             userclk1
  Path Type:              Setup (Max at Slow Process Corner)
  Requirement:            6.000ns  (MaxDelay Path 6.000ns)
  Data Path Delay:        1.407ns  (logic 0.348ns (24.735%)  route 1.059ns (75.265%))
  Logic Levels:           0  
  Timing Exception:       MaxDelay Path 6.000ns -datapath_only

    Location             Delay type                Incr(ns)  Path(ns)    Netlist Resource(s)
  -------------------------------------------------------------------    -------------------
    SLICE_X45Y19                                      0.000     0.000 r  CAPTURE_SUBSYSTEM/MAILBOX/status_hold_nvp_reg[185]/C
    SLICE_X45Y19         FDRE (Prop_fdre_C_Q)         0.348     0.348 r  CAPTURE_SUBSYSTEM/MAILBOX/status_hold_nvp_reg[185]/Q
                         net (fo=2, routed)           1.059     1.407    CAPTURE_SUBSYSTEM/MAILBOX/status_hold_nvp_reg[323]_0[179]
    SLICE_X49Y23         FDRE                                         r  CAPTURE_SUBSYSTEM/MAILBOX/status_bus_pcie_reg[185]/D
  -------------------------------------------------------------------    -------------------

                         max delay                    6.000     6.000    
    SLICE_X49Y23         FDRE (Setup_fdre_C_D)       -0.205     5.795    CAPTURE_SUBSYSTEM/MAILBOX/status_bus_pcie_reg[185]
  -------------------------------------------------------------------
                         required time                          5.795    
                         arrival time                          -1.407    
  -------------------------------------------------------------------
                         slack                                  4.388    

Slack (MET) :             4.392ns  (required time - arrival time)
  Source:                 CAPTURE_SUBSYSTEM/MAILBOX/status_hold_nvp_reg[181]/C
                            (rising edge-triggered cell FDRE clocked by nvp_vclk1  {rise@0.000ns fall@3.367ns period=6.734ns})
  Destination:            CAPTURE_SUBSYSTEM/MAILBOX/status_bus_pcie_reg[181]/D
                            (rising edge-triggered cell FDRE clocked by userclk1  {rise@0.000ns fall@8.000ns period=16.000ns})
  Path Group:             userclk1
  Path Type:              Setup (Max at Slow Process Corner)
  Requirement:            6.000ns  (MaxDelay Path 6.000ns)
  Data Path Delay:        1.567ns  (logic 0.379ns (24.188%)  route 1.188ns (75.812%))
  Logic Levels:           0  
  Timing Exception:       MaxDelay Path 6.000ns -datapath_only

    Location             Delay type                Incr(ns)  Path(ns)    Netlist Resource(s)
  -------------------------------------------------------------------    -------------------
    SLICE_X45Y19                                      0.000     0.000 r  CAPTURE_SUBSYSTEM/MAILBOX/status_hold_nvp_reg[181]/C
    SLICE_X45Y19         FDRE (Prop_fdre_C_Q)         0.379     0.379 r  CAPTURE_SUBSYSTEM/MAILBOX/status_hold_nvp_reg[181]/Q
                         net (fo=2, routed)           1.188     1.567    CAPTURE_SUBSYSTEM/MAILBOX/status_hold_nvp_reg[323]_0[175]
    SLICE_X52Y29         FDRE                                         r  CAPTURE_SUBSYSTEM/MAILBOX/status_bus_pcie_reg[181]/D
  -------------------------------------------------------------------    -------------------

                         max delay                    6.000     6.000    
    SLICE_X52Y29         FDRE (Setup_fdre_C_D)       -0.041     5.959    CAPTURE_SUBSYSTEM/MAILBOX/status_bus_pcie_reg[181]
  -------------------------------------------------------------------
                         required time                          5.959    
                         arrival time                          -1.567    
  -------------------------------------------------------------------
                         slack                                  4.392    

Slack (MET) :             4.416ns  (required time - arrival time)
  Source:                 CAPTURE_SUBSYSTEM/MAILBOX/status_hold_nvp_reg[97]/C
                            (rising edge-triggered cell FDRE clocked by nvp_vclk1  {rise@0.000ns fall@3.367ns period=6.734ns})
  Destination:            CAPTURE_SUBSYSTEM/MAILBOX/status_bus_pcie_reg[97]/D
                            (rising edge-triggered cell FDRE clocked by userclk1  {rise@0.000ns fall@8.000ns period=16.000ns})
  Path Group:             userclk1
  Path Type:              Setup (Max at Slow Process Corner)
  Requirement:            6.000ns  (MaxDelay Path 6.000ns)
  Data Path Delay:        1.430ns  (logic 0.398ns (27.842%)  route 1.032ns (72.158%))
  Logic Levels:           0  
  Timing Exception:       MaxDelay Path 6.000ns -datapath_only

    Location             Delay type                Incr(ns)  Path(ns)    Netlist Resource(s)
  -------------------------------------------------------------------    -------------------
    SLICE_X54Y27                                      0.000     0.000 r  CAPTURE_SUBSYSTEM/MAILBOX/status_hold_nvp_reg[97]/C
    SLICE_X54Y27         FDRE (Prop_fdre_C_Q)         0.398     0.398 r  CAPTURE_SUBSYSTEM/MAILBOX/status_hold_nvp_reg[97]/Q
                         net (fo=2, routed)           1.032     1.430    CAPTURE_SUBSYSTEM/MAILBOX/status_hold_nvp_reg[323]_0[94]
    SLICE_X52Y31         FDRE                                         r  CAPTURE_SUBSYSTEM/MAILBOX/status_bus_pcie_reg[97]/D
  -------------------------------------------------------------------    -------------------

                         max delay                    6.000     6.000    
    SLICE_X52Y31         FDRE (Setup_fdre_C_D)       -0.154     5.846    CAPTURE_SUBSYSTEM/MAILBOX/status_bus_pcie_reg[97]
  -------------------------------------------------------------------
                         required time                          5.846    
                         arrival time                          -1.430    
  -------------------------------------------------------------------
                         slack                                  4.416    

Slack (MET) :             4.431ns  (required time - arrival time)
  Source:                 CAPTURE_SUBSYSTEM/MAILBOX/status_hold_nvp_reg[255]/C
                            (rising edge-triggered cell FDRE clocked by nvp_vclk1  {rise@0.000ns fall@3.367ns period=6.734ns})
  Destination:            CAPTURE_SUBSYSTEM/MAILBOX/status_bus_pcie_reg[255]/D
                            (rising edge-triggered cell FDRE clocked by userclk1  {rise@0.000ns fall@8.000ns period=16.000ns})
  Path Group:             userclk1
  Path Type:              Setup (Max at Slow Process Corner)
  Requirement:            6.000ns  (MaxDelay Path 6.000ns)
  Data Path Delay:        1.392ns  (logic 0.348ns (24.993%)  route 1.044ns (75.007%))
  Logic Levels:           0  
  Timing Exception:       MaxDelay Path 6.000ns -datapath_only

    Location             Delay type                Incr(ns)  Path(ns)    Netlist Resource(s)
  -------------------------------------------------------------------    -------------------
    SLICE_X44Y30                                      0.000     0.000 r  CAPTURE_SUBSYSTEM/MAILBOX/status_hold_nvp_reg[255]/C
    SLICE_X44Y30         FDRE (Prop_fdre_C_Q)         0.348     0.348 r  CAPTURE_SUBSYSTEM/MAILBOX/status_hold_nvp_reg[255]/Q
                         net (fo=2, routed)           1.044     1.392    CAPTURE_SUBSYSTEM/MAILBOX/status_hold_nvp_reg[323]_0[211]
    SLICE_X48Y33         FDRE                                         r  CAPTURE_SUBSYSTEM/MAILBOX/status_bus_pcie_reg[255]/D
  -------------------------------------------------------------------    -------------------

                         max delay                    6.000     6.000    
    SLICE_X48Y33         FDRE (Setup_fdre_C_D)       -0.177     5.823    CAPTURE_SUBSYSTEM/MAILBOX/status_bus_pcie_reg[255]
  -------------------------------------------------------------------
                         required time                          5.823    
                         arrival time                          -1.392    
  -------------------------------------------------------------------
                         slack                                  4.431    

Slack (MET) :             4.441ns  (required time - arrival time)
  Source:                 CAPTURE_SUBSYSTEM/MAILBOX/status_hold_nvp_reg[177]/C
                            (rising edge-triggered cell FDRE clocked by nvp_vclk1  {rise@0.000ns fall@3.367ns period=6.734ns})
  Destination:            CAPTURE_SUBSYSTEM/MAILBOX/status_bus_pcie_reg[177]/D
                            (rising edge-triggered cell FDRE clocked by userclk1  {rise@0.000ns fall@8.000ns period=16.000ns})
  Path Group:             userclk1
  Path Type:              Setup (Max at Slow Process Corner)
  Requirement:            6.000ns  (MaxDelay Path 6.000ns)
  Data Path Delay:        1.349ns  (logic 0.348ns (25.792%)  route 1.001ns (74.208%))
  Logic Levels:           0  
  Timing Exception:       MaxDelay Path 6.000ns -datapath_only

    Location             Delay type                Incr(ns)  Path(ns)    Netlist Resource(s)
  -------------------------------------------------------------------    -------------------
    SLICE_X43Y18                                      0.000     0.000 r  CAPTURE_SUBSYSTEM/MAILBOX/status_hold_nvp_reg[177]/C
    SLICE_X43Y18         FDRE (Prop_fdre_C_Q)         0.348     0.348 r  CAPTURE_SUBSYSTEM/MAILBOX/status_hold_nvp_reg[177]/Q
                         net (fo=2, routed)           1.001     1.349    CAPTURE_SUBSYSTEM/MAILBOX/status_hold_nvp_reg[323]_0[171]
    SLICE_X49Y17         FDRE                                         r  CAPTURE_SUBSYSTEM/MAILBOX/status_bus_pcie_reg[177]/D
  -------------------------------------------------------------------    -------------------

                         max delay                    6.000     6.000    
    SLICE_X49Y17         FDRE (Setup_fdre_C_D)       -0.210     5.790    CAPTURE_SUBSYSTEM/MAILBOX/status_bus_pcie_reg[177]
  -------------------------------------------------------------------
                         required time                          5.790    
                         arrival time                          -1.349    
  -------------------------------------------------------------------
                         slack                                  4.441    

Slack (MET) :             4.451ns  (required time - arrival time)
  Source:                 CAPTURE_SUBSYSTEM/MAILBOX/status_hold_nvp_reg[187]/C
                            (rising edge-triggered cell FDRE clocked by nvp_vclk1  {rise@0.000ns fall@3.367ns period=6.734ns})
  Destination:            CAPTURE_SUBSYSTEM/MAILBOX/status_bus_pcie_reg[187]/D
                            (rising edge-triggered cell FDRE clocked by userclk1  {rise@0.000ns fall@8.000ns period=16.000ns})
  Path Group:             userclk1
  Path Type:              Setup (Max at Slow Process Corner)
  Requirement:            6.000ns  (MaxDelay Path 6.000ns)
  Data Path Delay:        1.340ns  (logic 0.348ns (25.961%)  route 0.992ns (74.039%))
  Logic Levels:           0  
  Timing Exception:       MaxDelay Path 6.000ns -datapath_only

    Location             Delay type                Incr(ns)  Path(ns)    Netlist Resource(s)
  -------------------------------------------------------------------    -------------------
    SLICE_X45Y19                                      0.000     0.000 r  CAPTURE_SUBSYSTEM/MAILBOX/status_hold_nvp_reg[187]/C
    SLICE_X45Y19         FDRE (Prop_fdre_C_Q)         0.348     0.348 r  CAPTURE_SUBSYSTEM/MAILBOX/status_hold_nvp_reg[187]/Q
                         net (fo=2, routed)           0.992     1.340    CAPTURE_SUBSYSTEM/MAILBOX/status_hold_nvp_reg[323]_0[181]
    SLICE_X49Y21         FDRE                                         r  CAPTURE_SUBSYSTEM/MAILBOX/status_bus_pcie_reg[187]/D
  -------------------------------------------------------------------    -------------------

                         max delay                    6.000     6.000    
    SLICE_X49Y21         FDRE (Setup_fdre_C_D)       -0.209     5.791    CAPTURE_SUBSYSTEM/MAILBOX/status_bus_pcie_reg[187]
  -------------------------------------------------------------------
                         required time                          5.791    
                         arrival time                          -1.340    
  -------------------------------------------------------------------
                         slack                                  4.451    

Slack (MET) :             4.454ns  (required time - arrival time)
  Source:                 CAPTURE_SUBSYSTEM/MAILBOX/status_hold_nvp_reg[257]/C
                            (rising edge-triggered cell FDRE clocked by nvp_vclk1  {rise@0.000ns fall@3.367ns period=6.734ns})
  Destination:            CAPTURE_SUBSYSTEM/MAILBOX/status_bus_pcie_reg[257]/D
                            (rising edge-triggered cell FDRE clocked by userclk1  {rise@0.000ns fall@8.000ns period=16.000ns})
  Path Group:             userclk1
  Path Type:              Setup (Max at Slow Process Corner)
  Requirement:            6.000ns  (MaxDelay Path 6.000ns)
  Data Path Delay:        1.382ns  (logic 0.348ns (25.175%)  route 1.034ns (74.825%))
  Logic Levels:           0  
  Timing Exception:       MaxDelay Path 6.000ns -datapath_only

    Location             Delay type                Incr(ns)  Path(ns)    Netlist Resource(s)
  -------------------------------------------------------------------    -------------------
    SLICE_X44Y30                                      0.000     0.000 r  CAPTURE_SUBSYSTEM/MAILBOX/status_hold_nvp_reg[257]/C
    SLICE_X44Y30         FDRE (Prop_fdre_C_Q)         0.348     0.348 r  CAPTURE_SUBSYSTEM/MAILBOX/status_hold_nvp_reg[257]/Q
                         net (fo=2, routed)           1.034     1.382    CAPTURE_SUBSYSTEM/MAILBOX/status_hold_nvp_reg[323]_0[213]
    SLICE_X47Y32         FDRE                                         r  CAPTURE_SUBSYSTEM/MAILBOX/status_bus_pcie_reg[257]/D
  -------------------------------------------------------------------    -------------------

                         max delay                    6.000     6.000    
    SLICE_X47Y32         FDRE (Setup_fdre_C_D)       -0.164     5.836    CAPTURE_SUBSYSTEM/MAILBOX/status_bus_pcie_reg[257]
  -------------------------------------------------------------------
                         required time                          5.836    
                         arrival time                          -1.382    
  -------------------------------------------------------------------
                         slack                                  4.454    

Slack (MET) :             4.457ns  (required time - arrival time)
  Source:                 CAPTURE_SUBSYSTEM/MAILBOX/status_hold_nvp_reg[231]/C
                            (rising edge-triggered cell FDRE clocked by nvp_vclk1  {rise@0.000ns fall@3.367ns period=6.734ns})
  Destination:            CAPTURE_SUBSYSTEM/MAILBOX/status_bus_pcie_reg[231]/D
                            (rising edge-triggered cell FDRE clocked by userclk1  {rise@0.000ns fall@8.000ns period=16.000ns})
  Path Group:             userclk1
  Path Type:              Setup (Max at Slow Process Corner)
  Requirement:            6.000ns  (MaxDelay Path 6.000ns)
  Data Path Delay:        1.476ns  (logic 0.379ns (25.675%)  route 1.097ns (74.325%))
  Logic Levels:           0  
  Timing Exception:       MaxDelay Path 6.000ns -datapath_only

    Location             Delay type                Incr(ns)  Path(ns)    Netlist Resource(s)
  -------------------------------------------------------------------    -------------------
    SLICE_X37Y22                                      0.000     0.000 r  CAPTURE_SUBSYSTEM/MAILBOX/status_hold_nvp_reg[231]/C
    SLICE_X37Y22         FDRE (Prop_fdre_C_Q)         0.379     0.379 r  CAPTURE_SUBSYSTEM/MAILBOX/status_hold_nvp_reg[231]/Q
                         net (fo=2, routed)           1.097     1.476    CAPTURE_SUBSYSTEM/MAILBOX/status_hold_nvp_reg[323]_0[193]
    SLICE_X41Y18         FDRE                                         r  CAPTURE_SUBSYSTEM/MAILBOX/status_bus_pcie_reg[231]/D
  -------------------------------------------------------------------    -------------------

                         max delay                    6.000     6.000    
    SLICE_X41Y18         FDRE (Setup_fdre_C_D)       -0.067     5.933    CAPTURE_SUBSYSTEM/MAILBOX/status_bus_pcie_reg[231]
  -------------------------------------------------------------------
                         required time                          5.933    
                         arrival time                          -1.476    
  -------------------------------------------------------------------
                         slack                                  4.457    

Slack (MET) :             4.461ns  (required time - arrival time)
  Source:                 CAPTURE_SUBSYSTEM/MAILBOX/status_hold_nvp_reg[186]/C
                            (rising edge-triggered cell FDRE clocked by nvp_vclk1  {rise@0.000ns fall@3.367ns period=6.734ns})
  Destination:            CAPTURE_SUBSYSTEM/MAILBOX/status_bus_pcie_reg[186]/D
                            (rising edge-triggered cell FDRE clocked by userclk1  {rise@0.000ns fall@8.000ns period=16.000ns})
  Path Group:             userclk1
  Path Type:              Setup (Max at Slow Process Corner)
  Requirement:            6.000ns  (MaxDelay Path 6.000ns)
  Data Path Delay:        1.461ns  (logic 0.379ns (25.940%)  route 1.082ns (74.060%))
  Logic Levels:           0  
  Timing Exception:       MaxDelay Path 6.000ns -datapath_only

    Location             Delay type                Incr(ns)  Path(ns)    Netlist Resource(s)
  -------------------------------------------------------------------    -------------------
    SLICE_X43Y20                                      0.000     0.000 r  CAPTURE_SUBSYSTEM/MAILBOX/status_hold_nvp_reg[186]/C
    SLICE_X43Y20         FDRE (Prop_fdre_C_Q)         0.379     0.379 r  CAPTURE_SUBSYSTEM/MAILBOX/status_hold_nvp_reg[186]/Q
                         net (fo=2, routed)           1.082     1.461    CAPTURE_SUBSYSTEM/MAILBOX/status_hold_nvp_reg[323]_0[180]
    SLICE_X49Y21         FDRE                                         r  CAPTURE_SUBSYSTEM/MAILBOX/status_bus_pcie_reg[186]/D
  -------------------------------------------------------------------    -------------------

                         max delay                    6.000     6.000    
    SLICE_X49Y21         FDRE (Setup_fdre_C_D)       -0.078     5.922    CAPTURE_SUBSYSTEM/MAILBOX/status_bus_pcie_reg[186]
  -------------------------------------------------------------------
                         required time                          5.922    
                         arrival time                          -1.461    
  -------------------------------------------------------------------
                         slack                                  4.461    

Slack (MET) :             4.497ns  (required time - arrival time)
  Source:                 CAPTURE_SUBSYSTEM/MAILBOX/status_hold_nvp_reg[8]/C
                            (rising edge-triggered cell FDRE clocked by nvp_vclk1  {rise@0.000ns fall@3.367ns period=6.734ns})
  Destination:            CAPTURE_SUBSYSTEM/MAILBOX/status_bus_pcie_reg[8]/D
                            (rising edge-triggered cell FDRE clocked by userclk1  {rise@0.000ns fall@8.000ns period=16.000ns})
  Path Group:             userclk1
  Path Type:              Setup (Max at Slow Process Corner)
  Requirement:            6.000ns  (MaxDelay Path 6.000ns)
  Data Path Delay:        1.302ns  (logic 0.398ns (30.569%)  route 0.904ns (69.431%))
  Logic Levels:           0  
  Timing Exception:       MaxDelay Path 6.000ns -datapath_only

    Location             Delay type                Incr(ns)  Path(ns)    Netlist Resource(s)
  -------------------------------------------------------------------    -------------------
    SLICE_X56Y14                                      0.000     0.000 r  CAPTURE_SUBSYSTEM/MAILBOX/status_hold_nvp_reg[8]/C
    SLICE_X56Y14         FDRE (Prop_fdre_C_Q)         0.398     0.398 r  CAPTURE_SUBSYSTEM/MAILBOX/status_hold_nvp_reg[8]/Q
                         net (fo=2, routed)           0.904     1.302    CAPTURE_SUBSYSTEM/MAILBOX/status_hold_nvp_reg[323]_0[5]
    SLICE_X57Y15         FDRE                                         r  CAPTURE_SUBSYSTEM/MAILBOX/status_bus_pcie_reg[8]/D
  -------------------------------------------------------------------    -------------------

                         max delay                    6.000     6.000    
    SLICE_X57Y15         FDRE (Setup_fdre_C_D)       -0.201     5.799    CAPTURE_SUBSYSTEM/MAILBOX/status_bus_pcie_reg[8]
  -------------------------------------------------------------------
                         required time                          5.799    
                         arrival time                          -1.302    
  -------------------------------------------------------------------
                         slack                                  4.497    

Slack (MET) :             4.507ns  (required time - arrival time)
  Source:                 CAPTURE_SUBSYSTEM/MAILBOX/status_hold_nvp_reg[184]/C
                            (rising edge-triggered cell FDRE clocked by nvp_vclk1  {rise@0.000ns fall@3.367ns period=6.734ns})
  Destination:            CAPTURE_SUBSYSTEM/MAILBOX/status_bus_pcie_reg[184]/D
                            (rising edge-triggered cell FDRE clocked by userclk1  {rise@0.000ns fall@8.000ns period=16.000ns})
  Path Group:             userclk1
  Path Type:              Setup (Max at Slow Process Corner)
  Requirement:            6.000ns  (MaxDelay Path 6.000ns)
  Data Path Delay:        1.285ns  (logic 0.348ns (27.072%)  route 0.937ns (72.928%))
  Logic Levels:           0  
  Timing Exception:       MaxDelay Path 6.000ns -datapath_only

    Location             Delay type                Incr(ns)  Path(ns)    Netlist Resource(s)
  -------------------------------------------------------------------    -------------------
    SLICE_X45Y19                                      0.000     0.000 r  CAPTURE_SUBSYSTEM/MAILBOX/status_hold_nvp_reg[184]/C
    SLICE_X45Y19         FDRE (Prop_fdre_C_Q)         0.348     0.348 r  CAPTURE_SUBSYSTEM/MAILBOX/status_hold_nvp_reg[184]/Q
                         net (fo=2, routed)           0.937     1.285    CAPTURE_SUBSYSTEM/MAILBOX/status_hold_nvp_reg[323]_0[178]
    SLICE_X49Y22         FDRE                                         r  CAPTURE_SUBSYSTEM/MAILBOX/status_bus_pcie_reg[184]/D
  -------------------------------------------------------------------    -------------------

                         max delay                    6.000     6.000    
    SLICE_X49Y22         FDRE (Setup_fdre_C_D)       -0.208     5.792    CAPTURE_SUBSYSTEM/MAILBOX/status_bus_pcie_reg[184]
  -------------------------------------------------------------------
                         required time                          5.792    
                         arrival time                          -1.285    
  -------------------------------------------------------------------
                         slack                                  4.507    

Slack (MET) :             4.508ns  (required time - arrival time)
  Source:                 CAPTURE_SUBSYSTEM/MAILBOX/status_hold_nvp_reg[226]/C
                            (rising edge-triggered cell FDRE clocked by nvp_vclk1  {rise@0.000ns fall@3.367ns period=6.734ns})
  Destination:            CAPTURE_SUBSYSTEM/MAILBOX/status_bus_pcie_reg[226]/D
                            (rising edge-triggered cell FDRE clocked by userclk1  {rise@0.000ns fall@8.000ns period=16.000ns})
  Path Group:             userclk1
  Path Type:              Setup (Max at Slow Process Corner)
  Requirement:            6.000ns  (MaxDelay Path 6.000ns)
  Data Path Delay:        1.480ns  (logic 0.379ns (25.602%)  route 1.101ns (74.398%))
  Logic Levels:           0  
  Timing Exception:       MaxDelay Path 6.000ns -datapath_only

    Location             Delay type                Incr(ns)  Path(ns)    Netlist Resource(s)
  -------------------------------------------------------------------    -------------------
    SLICE_X45Y32                                      0.000     0.000 r  CAPTURE_SUBSYSTEM/MAILBOX/status_hold_nvp_reg[226]/C
    SLICE_X45Y32         FDRE (Prop_fdre_C_Q)         0.379     0.379 r  CAPTURE_SUBSYSTEM/MAILBOX/status_hold_nvp_reg[226]/Q
                         net (fo=3, routed)           1.101     1.480    CAPTURE_SUBSYSTEM/MAILBOX/status_last_nvp[226]
    SLICE_X50Y32         FDRE                                         r  CAPTURE_SUBSYSTEM/MAILBOX/status_bus_pcie_reg[226]/D
  -------------------------------------------------------------------    -------------------

                         max delay                    6.000     6.000    
    SLICE_X50Y32         FDRE (Setup_fdre_C_D)       -0.012     5.988    CAPTURE_SUBSYSTEM/MAILBOX/status_bus_pcie_reg[226]
  -------------------------------------------------------------------
                         required time                          5.988    
                         arrival time                          -1.480    
  -------------------------------------------------------------------
                         slack                                  4.508    

Slack (MET) :             4.513ns  (required time - arrival time)
  Source:                 CAPTURE_SUBSYSTEM/MAILBOX/status_hold_nvp_reg[194]/C
                            (rising edge-triggered cell FDRE clocked by nvp_vclk1  {rise@0.000ns fall@3.367ns period=6.734ns})
  Destination:            CAPTURE_SUBSYSTEM/MAILBOX/status_bus_pcie_reg[194]/D
                            (rising edge-triggered cell FDRE clocked by userclk1  {rise@0.000ns fall@8.000ns period=16.000ns})
  Path Group:             userclk1
  Path Type:              Setup (Max at Slow Process Corner)
  Requirement:            6.000ns  (MaxDelay Path 6.000ns)
  Data Path Delay:        1.323ns  (logic 0.348ns (26.302%)  route 0.975ns (73.698%))
  Logic Levels:           0  
  Timing Exception:       MaxDelay Path 6.000ns -datapath_only

    Location             Delay type                Incr(ns)  Path(ns)    Netlist Resource(s)
  -------------------------------------------------------------------    -------------------
    SLICE_X43Y20                                      0.000     0.000 r  CAPTURE_SUBSYSTEM/MAILBOX/status_hold_nvp_reg[194]/C
    SLICE_X43Y20         FDRE (Prop_fdre_C_Q)         0.348     0.348 r  CAPTURE_SUBSYSTEM/MAILBOX/status_hold_nvp_reg[194]/Q
                         net (fo=2, routed)           0.975     1.323    CAPTURE_SUBSYSTEM/MAILBOX/status_hold_nvp_reg[323]_0[188]
    SLICE_X50Y32         FDRE                                         r  CAPTURE_SUBSYSTEM/MAILBOX/status_bus_pcie_reg[194]/D
  -------------------------------------------------------------------    -------------------

                         max delay                    6.000     6.000    
    SLICE_X50Y32         FDRE (Setup_fdre_C_D)       -0.164     5.836    CAPTURE_SUBSYSTEM/MAILBOX/status_bus_pcie_reg[194]
  -------------------------------------------------------------------
                         required time                          5.836    
                         arrival time                          -1.323    
  -------------------------------------------------------------------
                         slack                                  4.513    

Slack (MET) :             4.520ns  (required time - arrival time)
  Source:                 CAPTURE_SUBSYSTEM/MAILBOX/status_hold_nvp_reg[310]/C
                            (rising edge-triggered cell FDRE clocked by nvp_vclk1  {rise@0.000ns fall@3.367ns period=6.734ns})
  Destination:            CAPTURE_SUBSYSTEM/MAILBOX/status_bus_pcie_reg[310]/D
                            (rising edge-triggered cell FDRE clocked by userclk1  {rise@0.000ns fall@8.000ns period=16.000ns})
  Path Group:             userclk1
  Path Type:              Setup (Max at Slow Process Corner)
  Requirement:            6.000ns  (MaxDelay Path 6.000ns)
  Data Path Delay:        1.413ns  (logic 0.379ns (26.821%)  route 1.034ns (73.179%))
  Logic Levels:           0  
  Timing Exception:       MaxDelay Path 6.000ns -datapath_only

    Location             Delay type                Incr(ns)  Path(ns)    Netlist Resource(s)
  -------------------------------------------------------------------    -------------------
    SLICE_X48Y28                                      0.000     0.000 r  CAPTURE_SUBSYSTEM/MAILBOX/status_hold_nvp_reg[310]/C
    SLICE_X48Y28         FDRE (Prop_fdre_C_Q)         0.379     0.379 r  CAPTURE_SUBSYSTEM/MAILBOX/status_hold_nvp_reg[310]/Q
                         net (fo=2, routed)           1.034     1.413    CAPTURE_SUBSYSTEM/MAILBOX/status_hold_nvp_reg[323]_0[232]
    SLICE_X51Y25         FDRE                                         r  CAPTURE_SUBSYSTEM/MAILBOX/status_bus_pcie_reg[310]/D
  -------------------------------------------------------------------    -------------------

                         max delay                    6.000     6.000    
    SLICE_X51Y25         FDRE (Setup_fdre_C_D)       -0.067     5.933    CAPTURE_SUBSYSTEM/MAILBOX/status_bus_pcie_reg[310]
  -------------------------------------------------------------------
                         required time                          5.933    
                         arrival time                          -1.413    
  -------------------------------------------------------------------
                         slack                                  4.520    

Slack (MET) :             4.524ns  (required time - arrival time)
  Source:                 CAPTURE_SUBSYSTEM/MAILBOX/status_hold_nvp_reg[191]/C
                            (rising edge-triggered cell FDRE clocked by nvp_vclk1  {rise@0.000ns fall@3.367ns period=6.734ns})
  Destination:            CAPTURE_SUBSYSTEM/MAILBOX/status_bus_pcie_reg[191]/D
                            (rising edge-triggered cell FDRE clocked by userclk1  {rise@0.000ns fall@8.000ns period=16.000ns})
  Path Group:             userclk1
  Path Type:              Setup (Max at Slow Process Corner)
  Requirement:            6.000ns  (MaxDelay Path 6.000ns)
  Data Path Delay:        1.268ns  (logic 0.348ns (27.444%)  route 0.920ns (72.556%))
  Logic Levels:           0  
  Timing Exception:       MaxDelay Path 6.000ns -datapath_only

    Location             Delay type                Incr(ns)  Path(ns)    Netlist Resource(s)
  -------------------------------------------------------------------    -------------------
    SLICE_X43Y20                                      0.000     0.000 r  CAPTURE_SUBSYSTEM/MAILBOX/status_hold_nvp_reg[191]/C
    SLICE_X43Y20         FDRE (Prop_fdre_C_Q)         0.348     0.348 r  CAPTURE_SUBSYSTEM/MAILBOX/status_hold_nvp_reg[191]/Q
                         net (fo=2, routed)           0.920     1.268    CAPTURE_SUBSYSTEM/MAILBOX/status_hold_nvp_reg[323]_0[185]
    SLICE_X48Y29         FDRE                                         r  CAPTURE_SUBSYSTEM/MAILBOX/status_bus_pcie_reg[191]/D
  -------------------------------------------------------------------    -------------------

                         max delay                    6.000     6.000    
    SLICE_X48Y29         FDRE (Setup_fdre_C_D)       -0.208     5.792    CAPTURE_SUBSYSTEM/MAILBOX/status_bus_pcie_reg[191]
  -------------------------------------------------------------------
                         required time                          5.792    
                         arrival time                          -1.268    
  -------------------------------------------------------------------
                         slack                                  4.524    

Slack (MET) :             4.524ns  (required time - arrival time)
  Source:                 CAPTURE_SUBSYSTEM/MAILBOX/status_hold_nvp_reg[132]/C
                            (rising edge-triggered cell FDRE clocked by nvp_vclk1  {rise@0.000ns fall@3.367ns period=6.734ns})
  Destination:            CAPTURE_SUBSYSTEM/MAILBOX/status_bus_pcie_reg[132]/D
                            (rising edge-triggered cell FDRE clocked by userclk1  {rise@0.000ns fall@8.000ns period=16.000ns})
  Path Group:             userclk1
  Path Type:              Setup (Max at Slow Process Corner)
  Requirement:            6.000ns  (MaxDelay Path 6.000ns)
  Data Path Delay:        1.398ns  (logic 0.433ns (30.978%)  route 0.965ns (69.022%))
  Logic Levels:           0  
  Timing Exception:       MaxDelay Path 6.000ns -datapath_only

    Location             Delay type                Incr(ns)  Path(ns)    Netlist Resource(s)
  -------------------------------------------------------------------    -------------------
    SLICE_X50Y19                                      0.000     0.000 r  CAPTURE_SUBSYSTEM/MAILBOX/status_hold_nvp_reg[132]/C
    SLICE_X50Y19         FDRE (Prop_fdre_C_Q)         0.433     0.433 r  CAPTURE_SUBSYSTEM/MAILBOX/status_hold_nvp_reg[132]/Q
                         net (fo=2, routed)           0.965     1.398    CAPTURE_SUBSYSTEM/MAILBOX/status_hold_nvp_reg[323]_0[129]
    SLICE_X51Y15         FDRE                                         r  CAPTURE_SUBSYSTEM/MAILBOX/status_bus_pcie_reg[132]/D
  -------------------------------------------------------------------    -------------------

                         max delay                    6.000     6.000    
    SLICE_X51Y15         FDRE (Setup_fdre_C_D)       -0.078     5.922    CAPTURE_SUBSYSTEM/MAILBOX/status_bus_pcie_reg[132]
  -------------------------------------------------------------------
                         required time                          5.922    
                         arrival time                          -1.398    
  -------------------------------------------------------------------
                         slack                                  4.524    

Slack (MET) :             4.525ns  (required time - arrival time)
  Source:                 CAPTURE_SUBSYSTEM/MAILBOX/status_hold_nvp_reg[179]/C
                            (rising edge-triggered cell FDRE clocked by nvp_vclk1  {rise@0.000ns fall@3.367ns period=6.734ns})
  Destination:            CAPTURE_SUBSYSTEM/MAILBOX/status_bus_pcie_reg[179]/D
                            (rising edge-triggered cell FDRE clocked by userclk1  {rise@0.000ns fall@8.000ns period=16.000ns})
  Path Group:             userclk1
  Path Type:              Setup (Max at Slow Process Corner)
  Requirement:            6.000ns  (MaxDelay Path 6.000ns)
  Data Path Delay:        1.326ns  (logic 0.348ns (26.235%)  route 0.978ns (73.765%))
  Logic Levels:           0  
  Timing Exception:       MaxDelay Path 6.000ns -datapath_only

    Location             Delay type                Incr(ns)  Path(ns)    Netlist Resource(s)
  -------------------------------------------------------------------    -------------------
    SLICE_X43Y18                                      0.000     0.000 r  CAPTURE_SUBSYSTEM/MAILBOX/status_hold_nvp_reg[179]/C
    SLICE_X43Y18         FDRE (Prop_fdre_C_Q)         0.348     0.348 r  CAPTURE_SUBSYSTEM/MAILBOX/status_hold_nvp_reg[179]/Q
                         net (fo=2, routed)           0.978     1.326    CAPTURE_SUBSYSTEM/MAILBOX/status_hold_nvp_reg[323]_0[173]
    SLICE_X52Y23         FDRE                                         r  CAPTURE_SUBSYSTEM/MAILBOX/status_bus_pcie_reg[179]/D
  -------------------------------------------------------------------    -------------------

                         max delay                    6.000     6.000    
    SLICE_X52Y23         FDRE (Setup_fdre_C_D)       -0.149     5.851    CAPTURE_SUBSYSTEM/MAILBOX/status_bus_pcie_reg[179]
  -------------------------------------------------------------------
                         required time                          5.851    
                         arrival time                          -1.326    
  -------------------------------------------------------------------
                         slack                                  4.525    

Slack (MET) :             4.528ns  (required time - arrival time)
  Source:                 CAPTURE_SUBSYSTEM/MAILBOX/status_hold_nvp_reg[114]/C
                            (rising edge-triggered cell FDRE clocked by nvp_vclk1  {rise@0.000ns fall@3.367ns period=6.734ns})
  Destination:            CAPTURE_SUBSYSTEM/MAILBOX/status_bus_pcie_reg[114]/D
                            (rising edge-triggered cell FDRE clocked by userclk1  {rise@0.000ns fall@8.000ns period=16.000ns})
  Path Group:             userclk1
  Path Type:              Setup (Max at Slow Process Corner)
  Requirement:            6.000ns  (MaxDelay Path 6.000ns)
  Data Path Delay:        1.402ns  (logic 0.379ns (27.032%)  route 1.023ns (72.968%))
  Logic Levels:           0  
  Timing Exception:       MaxDelay Path 6.000ns -datapath_only

    Location             Delay type                Incr(ns)  Path(ns)    Netlist Resource(s)
  -------------------------------------------------------------------    -------------------
    SLICE_X55Y24                                      0.000     0.000 r  CAPTURE_SUBSYSTEM/MAILBOX/status_hold_nvp_reg[114]/C
    SLICE_X55Y24         FDRE (Prop_fdre_C_Q)         0.379     0.379 r  CAPTURE_SUBSYSTEM/MAILBOX/status_hold_nvp_reg[114]/Q
                         net (fo=2, routed)           1.023     1.402    CAPTURE_SUBSYSTEM/MAILBOX/status_hold_nvp_reg[323]_0[111]
    SLICE_X51Y22         FDRE                                         r  CAPTURE_SUBSYSTEM/MAILBOX/status_bus_pcie_reg[114]/D
  -------------------------------------------------------------------    -------------------

                         max delay                    6.000     6.000    
    SLICE_X51Y22         FDRE (Setup_fdre_C_D)       -0.070     5.930    CAPTURE_SUBSYSTEM/MAILBOX/status_bus_pcie_reg[114]
  -------------------------------------------------------------------
                         required time                          5.930    
                         arrival time                          -1.402    
  -------------------------------------------------------------------
                         slack                                  4.528    

Slack (MET) :             4.544ns  (required time - arrival time)
  Source:                 CAPTURE_SUBSYSTEM/MAILBOX/status_hold_nvp_reg[189]/C
                            (rising edge-triggered cell FDRE clocked by nvp_vclk1  {rise@0.000ns fall@3.367ns period=6.734ns})
  Destination:            CAPTURE_SUBSYSTEM/MAILBOX/status_bus_pcie_reg[189]/D
                            (rising edge-triggered cell FDRE clocked by userclk1  {rise@0.000ns fall@8.000ns period=16.000ns})
  Path Group:             userclk1
  Path Type:              Setup (Max at Slow Process Corner)
  Requirement:            6.000ns  (MaxDelay Path 6.000ns)
  Data Path Delay:        1.244ns  (logic 0.348ns (27.977%)  route 0.896ns (72.023%))
  Logic Levels:           0  
  Timing Exception:       MaxDelay Path 6.000ns -datapath_only

    Location             Delay type                Incr(ns)  Path(ns)    Netlist Resource(s)
  -------------------------------------------------------------------    -------------------
    SLICE_X43Y20                                      0.000     0.000 r  CAPTURE_SUBSYSTEM/MAILBOX/status_hold_nvp_reg[189]/C
    SLICE_X43Y20         FDRE (Prop_fdre_C_Q)         0.348     0.348 r  CAPTURE_SUBSYSTEM/MAILBOX/status_hold_nvp_reg[189]/Q
                         net (fo=2, routed)           0.896     1.244    CAPTURE_SUBSYSTEM/MAILBOX/status_hold_nvp_reg[323]_0[183]
    SLICE_X49Y22         FDRE                                         r  CAPTURE_SUBSYSTEM/MAILBOX/status_bus_pcie_reg[189]/D
  -------------------------------------------------------------------    -------------------

                         max delay                    6.000     6.000    
    SLICE_X49Y22         FDRE (Setup_fdre_C_D)       -0.212     5.788    CAPTURE_SUBSYSTEM/MAILBOX/status_bus_pcie_reg[189]
  -------------------------------------------------------------------
                         required time                          5.788    
                         arrival time                          -1.244    
  -------------------------------------------------------------------
                         slack                                  4.544    

Slack (MET) :             4.545ns  (required time - arrival time)
  Source:                 CAPTURE_SUBSYSTEM/MAILBOX/status_hold_nvp_reg[153]/C
                            (rising edge-triggered cell FDRE clocked by nvp_vclk1  {rise@0.000ns fall@3.367ns period=6.734ns})
  Destination:            CAPTURE_SUBSYSTEM/MAILBOX/status_bus_pcie_reg[153]/D
                            (rising edge-triggered cell FDRE clocked by userclk1  {rise@0.000ns fall@8.000ns period=16.000ns})
  Path Group:             userclk1
  Path Type:              Setup (Max at Slow Process Corner)
  Requirement:            6.000ns  (MaxDelay Path 6.000ns)
  Data Path Delay:        1.443ns  (logic 0.379ns (26.261%)  route 1.064ns (73.739%))
  Logic Levels:           0  
  Timing Exception:       MaxDelay Path 6.000ns -datapath_only

    Location             Delay type                Incr(ns)  Path(ns)    Netlist Resource(s)
  -------------------------------------------------------------------    -------------------
    SLICE_X47Y17                                      0.000     0.000 r  CAPTURE_SUBSYSTEM/MAILBOX/status_hold_nvp_reg[153]/C
    SLICE_X47Y17         FDRE (Prop_fdre_C_Q)         0.379     0.379 r  CAPTURE_SUBSYSTEM/MAILBOX/status_hold_nvp_reg[153]/Q
                         net (fo=2, routed)           1.064     1.443    CAPTURE_SUBSYSTEM/MAILBOX/status_hold_nvp_reg[323]_0[150]
    SLICE_X52Y30         FDRE                                         r  CAPTURE_SUBSYSTEM/MAILBOX/status_bus_pcie_reg[153]/D
  -------------------------------------------------------------------    -------------------

                         max delay                    6.000     6.000    
    SLICE_X52Y30         FDRE (Setup_fdre_C_D)       -0.012     5.988    CAPTURE_SUBSYSTEM/MAILBOX/status_bus_pcie_reg[153]
  -------------------------------------------------------------------
                         required time                          5.988    
                         arrival time                          -1.443    
  -------------------------------------------------------------------
                         slack                                  4.545    

Slack (MET) :             4.555ns  (required time - arrival time)
  Source:                 CAPTURE_SUBSYSTEM/MAILBOX/status_hold_nvp_reg[103]/C
                            (rising edge-triggered cell FDRE clocked by nvp_vclk1  {rise@0.000ns fall@3.367ns period=6.734ns})
  Destination:            CAPTURE_SUBSYSTEM/MAILBOX/status_bus_pcie_reg[103]/D
                            (rising edge-triggered cell FDRE clocked by userclk1  {rise@0.000ns fall@8.000ns period=16.000ns})
  Path Group:             userclk1
  Path Type:              Setup (Max at Slow Process Corner)
  Requirement:            6.000ns  (MaxDelay Path 6.000ns)
  Data Path Delay:        1.398ns  (logic 0.379ns (27.114%)  route 1.019ns (72.886%))
  Logic Levels:           0  
  Timing Exception:       MaxDelay Path 6.000ns -datapath_only

    Location             Delay type                Incr(ns)  Path(ns)    Netlist Resource(s)
  -------------------------------------------------------------------    -------------------
    SLICE_X53Y28                                      0.000     0.000 r  CAPTURE_SUBSYSTEM/MAILBOX/status_hold_nvp_reg[103]/C
    SLICE_X53Y28         FDRE (Prop_fdre_C_Q)         0.379     0.379 r  CAPTURE_SUBSYSTEM/MAILBOX/status_hold_nvp_reg[103]/Q
                         net (fo=2, routed)           1.019     1.398    CAPTURE_SUBSYSTEM/MAILBOX/status_hold_nvp_reg[323]_0[100]
    SLICE_X51Y16         FDRE                                         r  CAPTURE_SUBSYSTEM/MAILBOX/status_bus_pcie_reg[103]/D
  -------------------------------------------------------------------    -------------------

                         max delay                    6.000     6.000    
    SLICE_X51Y16         FDRE (Setup_fdre_C_D)       -0.047     5.953    CAPTURE_SUBSYSTEM/MAILBOX/status_bus_pcie_reg[103]
  -------------------------------------------------------------------
                         required time                          5.953    
                         arrival time                          -1.398    
  -------------------------------------------------------------------
                         slack                                  4.555    

Slack (MET) :             4.570ns  (required time - arrival time)
  Source:                 CAPTURE_SUBSYSTEM/MAILBOX/status_hold_nvp_reg[297]/C
                            (rising edge-triggered cell FDRE clocked by nvp_vclk1  {rise@0.000ns fall@3.367ns period=6.734ns})
  Destination:            CAPTURE_SUBSYSTEM/MAILBOX/status_bus_pcie_reg[297]/D
                            (rising edge-triggered cell FDRE clocked by userclk1  {rise@0.000ns fall@8.000ns period=16.000ns})
  Path Group:             userclk1
  Path Type:              Setup (Max at Slow Process Corner)
  Requirement:            6.000ns  (MaxDelay Path 6.000ns)
  Data Path Delay:        1.222ns  (logic 0.348ns (28.484%)  route 0.874ns (71.516%))
  Logic Levels:           0  
  Timing Exception:       MaxDelay Path 6.000ns -datapath_only

    Location             Delay type                Incr(ns)  Path(ns)    Netlist Resource(s)
  -------------------------------------------------------------------    -------------------
    SLICE_X48Y24                                      0.000     0.000 r  CAPTURE_SUBSYSTEM/MAILBOX/status_hold_nvp_reg[297]/C
    SLICE_X48Y24         FDRE (Prop_fdre_C_Q)         0.348     0.348 r  CAPTURE_SUBSYSTEM/MAILBOX/status_hold_nvp_reg[297]/Q
                         net (fo=2, routed)           0.874     1.222    CAPTURE_SUBSYSTEM/MAILBOX/status_hold_nvp_reg[323]_0[219]
    SLICE_X51Y24         FDRE                                         r  CAPTURE_SUBSYSTEM/MAILBOX/status_bus_pcie_reg[297]/D
  -------------------------------------------------------------------    -------------------

                         max delay                    6.000     6.000    
    SLICE_X51Y24         FDRE (Setup_fdre_C_D)       -0.208     5.792    CAPTURE_SUBSYSTEM/MAILBOX/status_bus_pcie_reg[297]
  -------------------------------------------------------------------
                         required time                          5.792    
                         arrival time                          -1.222    
  -------------------------------------------------------------------
                         slack                                  4.570    

Slack (MET) :             4.571ns  (required time - arrival time)
  Source:                 CAPTURE_SUBSYSTEM/MAILBOX/status_hold_nvp_reg[309]/C
                            (rising edge-triggered cell FDRE clocked by nvp_vclk1  {rise@0.000ns fall@3.367ns period=6.734ns})
  Destination:            CAPTURE_SUBSYSTEM/MAILBOX/status_bus_pcie_reg[309]/D
                            (rising edge-triggered cell FDRE clocked by userclk1  {rise@0.000ns fall@8.000ns period=16.000ns})
  Path Group:             userclk1
  Path Type:              Setup (Max at Slow Process Corner)
  Requirement:            6.000ns  (MaxDelay Path 6.000ns)
  Data Path Delay:        1.354ns  (logic 0.379ns (27.998%)  route 0.975ns (72.002%))
  Logic Levels:           0  
  Timing Exception:       MaxDelay Path 6.000ns -datapath_only

    Location             Delay type                Incr(ns)  Path(ns)    Netlist Resource(s)
  -------------------------------------------------------------------    -------------------
    SLICE_X48Y28                                      0.000     0.000 r  CAPTURE_SUBSYSTEM/MAILBOX/status_hold_nvp_reg[309]/C
    SLICE_X48Y28         FDRE (Prop_fdre_C_Q)         0.379     0.379 r  CAPTURE_SUBSYSTEM/MAILBOX/status_hold_nvp_reg[309]/Q
                         net (fo=2, routed)           0.975     1.354    CAPTURE_SUBSYSTEM/MAILBOX/status_hold_nvp_reg[323]_0[231]
    SLICE_X51Y25         FDRE                                         r  CAPTURE_SUBSYSTEM/MAILBOX/status_bus_pcie_reg[309]/D
  -------------------------------------------------------------------    -------------------

                         max delay                    6.000     6.000    
    SLICE_X51Y25         FDRE (Setup_fdre_C_D)       -0.075     5.925    CAPTURE_SUBSYSTEM/MAILBOX/status_bus_pcie_reg[309]
  -------------------------------------------------------------------
                         required time                          5.925    
                         arrival time                          -1.354    
  -------------------------------------------------------------------
                         slack                                  4.571    

Slack (MET) :             4.576ns  (required time - arrival time)
  Source:                 CAPTURE_SUBSYSTEM/MAILBOX/status_hold_nvp_reg[192]/C
                            (rising edge-triggered cell FDRE clocked by nvp_vclk1  {rise@0.000ns fall@3.367ns period=6.734ns})
  Destination:            CAPTURE_SUBSYSTEM/MAILBOX/status_bus_pcie_reg[192]/D
                            (rising edge-triggered cell FDRE clocked by userclk1  {rise@0.000ns fall@8.000ns period=16.000ns})
  Path Group:             userclk1
  Path Type:              Setup (Max at Slow Process Corner)
  Requirement:            6.000ns  (MaxDelay Path 6.000ns)
  Data Path Delay:        1.385ns  (logic 0.379ns (27.357%)  route 1.006ns (72.643%))
  Logic Levels:           0  
  Timing Exception:       MaxDelay Path 6.000ns -datapath_only

    Location             Delay type                Incr(ns)  Path(ns)    Netlist Resource(s)
  -------------------------------------------------------------------    -------------------
    SLICE_X43Y21                                      0.000     0.000 r  CAPTURE_SUBSYSTEM/MAILBOX/status_hold_nvp_reg[192]/C
    SLICE_X43Y21         FDRE (Prop_fdre_C_Q)         0.379     0.379 r  CAPTURE_SUBSYSTEM/MAILBOX/status_hold_nvp_reg[192]/Q
                         net (fo=2, routed)           1.006     1.385    CAPTURE_SUBSYSTEM/MAILBOX/status_hold_nvp_reg[323]_0[186]
    SLICE_X48Y29         FDRE                                         r  CAPTURE_SUBSYSTEM/MAILBOX/status_bus_pcie_reg[192]/D
  -------------------------------------------------------------------    -------------------

                         max delay                    6.000     6.000    
    SLICE_X48Y29         FDRE (Setup_fdre_C_D)       -0.039     5.961    CAPTURE_SUBSYSTEM/MAILBOX/status_bus_pcie_reg[192]
  -------------------------------------------------------------------
                         required time                          5.961    
                         arrival time                          -1.385    
  -------------------------------------------------------------------
                         slack                                  4.576    

Slack (MET) :             4.579ns  (required time - arrival time)
  Source:                 CAPTURE_SUBSYSTEM/MAILBOX/status_hold_nvp_reg[28]/C
                            (rising edge-triggered cell FDRE clocked by nvp_vclk1  {rise@0.000ns fall@3.367ns period=6.734ns})
  Destination:            CAPTURE_SUBSYSTEM/MAILBOX/status_bus_pcie_reg[28]/D
                            (rising edge-triggered cell FDRE clocked by userclk1  {rise@0.000ns fall@8.000ns period=16.000ns})
  Path Group:             userclk1
  Path Type:              Setup (Max at Slow Process Corner)
  Requirement:            6.000ns  (MaxDelay Path 6.000ns)
  Data Path Delay:        1.347ns  (logic 0.433ns (32.153%)  route 0.914ns (67.847%))
  Logic Levels:           0  
  Timing Exception:       MaxDelay Path 6.000ns -datapath_only

    Location             Delay type                Incr(ns)  Path(ns)    Netlist Resource(s)
  -------------------------------------------------------------------    -------------------
    SLICE_X52Y16                                      0.000     0.000 r  CAPTURE_SUBSYSTEM/MAILBOX/status_hold_nvp_reg[28]/C
    SLICE_X52Y16         FDRE (Prop_fdre_C_Q)         0.433     0.433 r  CAPTURE_SUBSYSTEM/MAILBOX/status_hold_nvp_reg[28]/Q
                         net (fo=2, routed)           0.914     1.347    CAPTURE_SUBSYSTEM/MAILBOX/status_hold_nvp_reg[323]_0[25]
    SLICE_X57Y16         FDRE                                         r  CAPTURE_SUBSYSTEM/MAILBOX/status_bus_pcie_reg[28]/D
  -------------------------------------------------------------------    -------------------

                         max delay                    6.000     6.000    
    SLICE_X57Y16         FDRE (Setup_fdre_C_D)       -0.074     5.926    CAPTURE_SUBSYSTEM/MAILBOX/status_bus_pcie_reg[28]
  -------------------------------------------------------------------
                         required time                          5.926    
                         arrival time                          -1.347    
  -------------------------------------------------------------------
                         slack                                  4.579    

Slack (MET) :             4.586ns  (required time - arrival time)
  Source:                 CAPTURE_SUBSYSTEM/MAILBOX/status_hold_nvp_reg[170]/C
                            (rising edge-triggered cell FDRE clocked by nvp_vclk1  {rise@0.000ns fall@3.367ns period=6.734ns})
  Destination:            CAPTURE_SUBSYSTEM/MAILBOX/status_bus_pcie_reg[170]/D
                            (rising edge-triggered cell FDRE clocked by userclk1  {rise@0.000ns fall@8.000ns period=16.000ns})
  Path Group:             userclk1
  Path Type:              Setup (Max at Slow Process Corner)
  Requirement:            6.000ns  (MaxDelay Path 6.000ns)
  Data Path Delay:        1.237ns  (logic 0.348ns (28.138%)  route 0.889ns (71.862%))
  Logic Levels:           0  
  Timing Exception:       MaxDelay Path 6.000ns -datapath_only

    Location             Delay type                Incr(ns)  Path(ns)    Netlist Resource(s)
  -------------------------------------------------------------------    -------------------
    SLICE_X45Y17                                      0.000     0.000 r  CAPTURE_SUBSYSTEM/MAILBOX/status_hold_nvp_reg[170]/C
    SLICE_X45Y17         FDRE (Prop_fdre_C_Q)         0.348     0.348 r  CAPTURE_SUBSYSTEM/MAILBOX/status_hold_nvp_reg[170]/Q
                         net (fo=2, routed)           0.889     1.237    CAPTURE_SUBSYSTEM/MAILBOX/status_hold_nvp_reg[323]_0[164]
    SLICE_X47Y18         FDRE                                         r  CAPTURE_SUBSYSTEM/MAILBOX/status_bus_pcie_reg[170]/D
  -------------------------------------------------------------------    -------------------

                         max delay                    6.000     6.000    
    SLICE_X47Y18         FDRE (Setup_fdre_C_D)       -0.177     5.823    CAPTURE_SUBSYSTEM/MAILBOX/status_bus_pcie_reg[170]
  -------------------------------------------------------------------
                         required time                          5.823    
                         arrival time                          -1.237    
  -------------------------------------------------------------------
                         slack                                  4.586    

Slack (MET) :             4.588ns  (required time - arrival time)
  Source:                 CAPTURE_SUBSYSTEM/MAILBOX/status_hold_nvp_reg[210]/C
                            (rising edge-triggered cell FDRE clocked by nvp_vclk1  {rise@0.000ns fall@3.367ns period=6.734ns})
  Destination:            CAPTURE_SUBSYSTEM/MAILBOX/status_bus_pcie_reg[210]/D
                            (rising edge-triggered cell FDRE clocked by userclk1  {rise@0.000ns fall@8.000ns period=16.000ns})
  Path Group:             userclk1
  Path Type:              Setup (Max at Slow Process Corner)
  Requirement:            6.000ns  (MaxDelay Path 6.000ns)
  Data Path Delay:        1.236ns  (logic 0.348ns (28.155%)  route 0.888ns (71.845%))
  Logic Levels:           0  
  Timing Exception:       MaxDelay Path 6.000ns -datapath_only

    Location             Delay type                Incr(ns)  Path(ns)    Netlist Resource(s)
  -------------------------------------------------------------------    -------------------
    SLICE_X44Y26                                      0.000     0.000 r  CAPTURE_SUBSYSTEM/MAILBOX/status_hold_nvp_reg[210]/C
    SLICE_X44Y26         FDRE (Prop_fdre_C_Q)         0.348     0.348 r  CAPTURE_SUBSYSTEM/MAILBOX/status_hold_nvp_reg[210]/Q
                         net (fo=3, routed)           0.888     1.236    CAPTURE_SUBSYSTEM/MAILBOX/status_last_nvp[210]
    SLICE_X44Y23         FDRE                                         r  CAPTURE_SUBSYSTEM/MAILBOX/status_bus_pcie_reg[210]/D
  -------------------------------------------------------------------    -------------------

                         max delay                    6.000     6.000    
    SLICE_X44Y23         FDRE (Setup_fdre_C_D)       -0.176     5.824    CAPTURE_SUBSYSTEM/MAILBOX/status_bus_pcie_reg[210]
  -------------------------------------------------------------------
                         required time                          5.824    
                         arrival time                          -1.236    
  -------------------------------------------------------------------
                         slack                                  4.588    

Slack (MET) :             4.588ns  (required time - arrival time)
  Source:                 CAPTURE_SUBSYSTEM/MAILBOX/status_hold_nvp_reg[301]/C
                            (rising edge-triggered cell FDRE clocked by nvp_vclk1  {rise@0.000ns fall@3.367ns period=6.734ns})
  Destination:            CAPTURE_SUBSYSTEM/MAILBOX/status_bus_pcie_reg[301]/D
                            (rising edge-triggered cell FDRE clocked by userclk1  {rise@0.000ns fall@8.000ns period=16.000ns})
  Path Group:             userclk1
  Path Type:              Setup (Max at Slow Process Corner)
  Requirement:            6.000ns  (MaxDelay Path 6.000ns)
  Data Path Delay:        1.334ns  (logic 0.379ns (28.415%)  route 0.955ns (71.585%))
  Logic Levels:           0  
  Timing Exception:       MaxDelay Path 6.000ns -datapath_only

    Location             Delay type                Incr(ns)  Path(ns)    Netlist Resource(s)
  -------------------------------------------------------------------    -------------------
    SLICE_X48Y28                                      0.000     0.000 r  CAPTURE_SUBSYSTEM/MAILBOX/status_hold_nvp_reg[301]/C
    SLICE_X48Y28         FDRE (Prop_fdre_C_Q)         0.379     0.379 r  CAPTURE_SUBSYSTEM/MAILBOX/status_hold_nvp_reg[301]/Q
                         net (fo=2, routed)           0.955     1.334    CAPTURE_SUBSYSTEM/MAILBOX/status_hold_nvp_reg[323]_0[223]
    SLICE_X51Y24         FDRE                                         r  CAPTURE_SUBSYSTEM/MAILBOX/status_bus_pcie_reg[301]/D
  -------------------------------------------------------------------    -------------------

                         max delay                    6.000     6.000    
    SLICE_X51Y24         FDRE (Setup_fdre_C_D)       -0.078     5.922    CAPTURE_SUBSYSTEM/MAILBOX/status_bus_pcie_reg[301]
  -------------------------------------------------------------------
                         required time                          5.922    
                         arrival time                          -1.334    
  -------------------------------------------------------------------
                         slack                                  4.588    

Slack (MET) :             4.589ns  (required time - arrival time)
  Source:                 CAPTURE_SUBSYSTEM/MAILBOX/status_hold_nvp_reg[223]/C
                            (rising edge-triggered cell FDRE clocked by nvp_vclk1  {rise@0.000ns fall@3.367ns period=6.734ns})
  Destination:            CAPTURE_SUBSYSTEM/MAILBOX/status_bus_pcie_reg[223]/D
                            (rising edge-triggered cell FDRE clocked by userclk1  {rise@0.000ns fall@8.000ns period=16.000ns})
  Path Group:             userclk1
  Path Type:              Setup (Max at Slow Process Corner)
  Requirement:            6.000ns  (MaxDelay Path 6.000ns)
  Data Path Delay:        1.396ns  (logic 0.433ns (31.016%)  route 0.963ns (68.984%))
  Logic Levels:           0  
  Timing Exception:       MaxDelay Path 6.000ns -datapath_only

    Location             Delay type                Incr(ns)  Path(ns)    Netlist Resource(s)
  -------------------------------------------------------------------    -------------------
    SLICE_X42Y33                                      0.000     0.000 r  CAPTURE_SUBSYSTEM/MAILBOX/status_hold_nvp_reg[223]/C
    SLICE_X42Y33         FDRE (Prop_fdre_C_Q)         0.433     0.433 r  CAPTURE_SUBSYSTEM/MAILBOX/status_hold_nvp_reg[223]/Q
                         net (fo=3, routed)           0.963     1.396    CAPTURE_SUBSYSTEM/MAILBOX/status_last_nvp[223]
    SLICE_X46Y33         FDRE                                         r  CAPTURE_SUBSYSTEM/MAILBOX/status_bus_pcie_reg[223]/D
  -------------------------------------------------------------------    -------------------

                         max delay                    6.000     6.000    
    SLICE_X46Y33         FDRE (Setup_fdre_C_D)       -0.015     5.985    CAPTURE_SUBSYSTEM/MAILBOX/status_bus_pcie_reg[223]
  -------------------------------------------------------------------
                         required time                          5.985    
                         arrival time                          -1.396    
  -------------------------------------------------------------------
                         slack                                  4.589    

Slack (MET) :             4.591ns  (required time - arrival time)
  Source:                 CAPTURE_SUBSYSTEM/MAILBOX/status_hold_nvp_reg[195]/C
                            (rising edge-triggered cell FDRE clocked by nvp_vclk1  {rise@0.000ns fall@3.367ns period=6.734ns})
  Destination:            CAPTURE_SUBSYSTEM/MAILBOX/status_bus_pcie_reg[195]/D
                            (rising edge-triggered cell FDRE clocked by userclk1  {rise@0.000ns fall@8.000ns period=16.000ns})
  Path Group:             userclk1
  Path Type:              Setup (Max at Slow Process Corner)
  Requirement:            6.000ns  (MaxDelay Path 6.000ns)
  Data Path Delay:        1.350ns  (logic 0.379ns (28.077%)  route 0.971ns (71.923%))
  Logic Levels:           0  
  Timing Exception:       MaxDelay Path 6.000ns -datapath_only

    Location             Delay type                Incr(ns)  Path(ns)    Netlist Resource(s)
  -------------------------------------------------------------------    -------------------
    SLICE_X43Y21                                      0.000     0.000 r  CAPTURE_SUBSYSTEM/MAILBOX/status_hold_nvp_reg[195]/C
    SLICE_X43Y21         FDRE (Prop_fdre_C_Q)         0.379     0.379 r  CAPTURE_SUBSYSTEM/MAILBOX/status_hold_nvp_reg[195]/Q
                         net (fo=2, routed)           0.971     1.350    CAPTURE_SUBSYSTEM/MAILBOX/status_last_nvp[195]
    SLICE_X49Y32         FDRE                                         r  CAPTURE_SUBSYSTEM/MAILBOX/status_bus_pcie_reg[195]/D
  -------------------------------------------------------------------    -------------------

                         max delay                    6.000     6.000    
    SLICE_X49Y32         FDRE (Setup_fdre_C_D)       -0.059     5.941    CAPTURE_SUBSYSTEM/MAILBOX/status_bus_pcie_reg[195]
  -------------------------------------------------------------------
                         required time                          5.941    
                         arrival time                          -1.350    
  -------------------------------------------------------------------
                         slack                                  4.591    

Slack (MET) :             4.598ns  (required time - arrival time)
  Source:                 CAPTURE_SUBSYSTEM/MAILBOX/status_hold_nvp_reg[229]/C
                            (rising edge-triggered cell FDRE clocked by nvp_vclk1  {rise@0.000ns fall@3.367ns period=6.734ns})
  Destination:            CAPTURE_SUBSYSTEM/MAILBOX/status_bus_pcie_reg[229]/D
                            (rising edge-triggered cell FDRE clocked by userclk1  {rise@0.000ns fall@8.000ns period=16.000ns})
  Path Group:             userclk1
  Path Type:              Setup (Max at Slow Process Corner)
  Requirement:            6.000ns  (MaxDelay Path 6.000ns)
  Data Path Delay:        1.190ns  (logic 0.348ns (29.253%)  route 0.842ns (70.747%))
  Logic Levels:           0  
  Timing Exception:       MaxDelay Path 6.000ns -datapath_only

    Location             Delay type                Incr(ns)  Path(ns)    Netlist Resource(s)
  -------------------------------------------------------------------    -------------------
    SLICE_X43Y24                                      0.000     0.000 r  CAPTURE_SUBSYSTEM/MAILBOX/status_hold_nvp_reg[229]/C
    SLICE_X43Y24         FDRE (Prop_fdre_C_Q)         0.348     0.348 r  CAPTURE_SUBSYSTEM/MAILBOX/status_hold_nvp_reg[229]/Q
                         net (fo=2, routed)           0.842     1.190    CAPTURE_SUBSYSTEM/MAILBOX/status_hold_nvp_reg[323]_0[191]
    SLICE_X41Y18         FDRE                                         r  CAPTURE_SUBSYSTEM/MAILBOX/status_bus_pcie_reg[229]/D
  -------------------------------------------------------------------    -------------------

                         max delay                    6.000     6.000    
    SLICE_X41Y18         FDRE (Setup_fdre_C_D)       -0.212     5.788    CAPTURE_SUBSYSTEM/MAILBOX/status_bus_pcie_reg[229]
  -------------------------------------------------------------------
                         required time                          5.788    
                         arrival time                          -1.190    
  -------------------------------------------------------------------
                         slack                                  4.598    

Slack (MET) :             4.602ns  (required time - arrival time)
  Source:                 CAPTURE_SUBSYSTEM/MAILBOX/status_hold_nvp_reg[112]/C
                            (rising edge-triggered cell FDRE clocked by nvp_vclk1  {rise@0.000ns fall@3.367ns period=6.734ns})
  Destination:            CAPTURE_SUBSYSTEM/MAILBOX/status_bus_pcie_reg[112]/D
                            (rising edge-triggered cell FDRE clocked by userclk1  {rise@0.000ns fall@8.000ns period=16.000ns})
  Path Group:             userclk1
  Path Type:              Setup (Max at Slow Process Corner)
  Requirement:            6.000ns  (MaxDelay Path 6.000ns)
  Data Path Delay:        1.328ns  (logic 0.379ns (28.530%)  route 0.949ns (71.470%))
  Logic Levels:           0  
  Timing Exception:       MaxDelay Path 6.000ns -datapath_only

    Location             Delay type                Incr(ns)  Path(ns)    Netlist Resource(s)
  -------------------------------------------------------------------    -------------------
    SLICE_X55Y23                                      0.000     0.000 r  CAPTURE_SUBSYSTEM/MAILBOX/status_hold_nvp_reg[112]/C
    SLICE_X55Y23         FDRE (Prop_fdre_C_Q)         0.379     0.379 r  CAPTURE_SUBSYSTEM/MAILBOX/status_hold_nvp_reg[112]/Q
                         net (fo=2, routed)           0.949     1.328    CAPTURE_SUBSYSTEM/MAILBOX/status_hold_nvp_reg[323]_0[109]
    SLICE_X57Y17         FDRE                                         r  CAPTURE_SUBSYSTEM/MAILBOX/status_bus_pcie_reg[112]/D
  -------------------------------------------------------------------    -------------------

                         max delay                    6.000     6.000    
    SLICE_X57Y17         FDRE (Setup_fdre_C_D)       -0.070     5.930    CAPTURE_SUBSYSTEM/MAILBOX/status_bus_pcie_reg[112]
  -------------------------------------------------------------------
                         required time                          5.930    
                         arrival time                          -1.328    
  -------------------------------------------------------------------
                         slack                                  4.602    

Slack (MET) :             4.606ns  (required time - arrival time)
  Source:                 CAPTURE_SUBSYSTEM/MAILBOX/status_hold_nvp_reg[208]/C
                            (rising edge-triggered cell FDRE clocked by nvp_vclk1  {rise@0.000ns fall@3.367ns period=6.734ns})
  Destination:            CAPTURE_SUBSYSTEM/MAILBOX/status_bus_pcie_reg[208]/D
                            (rising edge-triggered cell FDRE clocked by userclk1  {rise@0.000ns fall@8.000ns period=16.000ns})
  Path Group:             userclk1
  Path Type:              Setup (Max at Slow Process Corner)
  Requirement:            6.000ns  (MaxDelay Path 6.000ns)
  Data Path Delay:        1.177ns  (logic 0.348ns (29.579%)  route 0.829ns (70.421%))
  Logic Levels:           0  
  Timing Exception:       MaxDelay Path 6.000ns -datapath_only

    Location             Delay type                Incr(ns)  Path(ns)    Netlist Resource(s)
  -------------------------------------------------------------------    -------------------
    SLICE_X44Y26                                      0.000     0.000 r  CAPTURE_SUBSYSTEM/MAILBOX/status_hold_nvp_reg[208]/C
    SLICE_X44Y26         FDRE (Prop_fdre_C_Q)         0.348     0.348 r  CAPTURE_SUBSYSTEM/MAILBOX/status_hold_nvp_reg[208]/Q
                         net (fo=3, routed)           0.829     1.177    CAPTURE_SUBSYSTEM/MAILBOX/status_last_nvp[208]
    SLICE_X49Y23         FDRE                                         r  CAPTURE_SUBSYSTEM/MAILBOX/status_bus_pcie_reg[208]/D
  -------------------------------------------------------------------    -------------------

                         max delay                    6.000     6.000    
    SLICE_X49Y23         FDRE (Setup_fdre_C_D)       -0.217     5.783    CAPTURE_SUBSYSTEM/MAILBOX/status_bus_pcie_reg[208]
  -------------------------------------------------------------------
                         required time                          5.783    
                         arrival time                          -1.177    
  -------------------------------------------------------------------
                         slack                                  4.606    

Slack (MET) :             4.607ns  (required time - arrival time)
  Source:                 CAPTURE_SUBSYSTEM/MAILBOX/status_hold_nvp_reg[75]/C
                            (rising edge-triggered cell FDRE clocked by nvp_vclk1  {rise@0.000ns fall@3.367ns period=6.734ns})
  Destination:            CAPTURE_SUBSYSTEM/MAILBOX/status_bus_pcie_reg[75]/D
                            (rising edge-triggered cell FDRE clocked by userclk1  {rise@0.000ns fall@8.000ns period=16.000ns})
  Path Group:             userclk1
  Path Type:              Setup (Max at Slow Process Corner)
  Requirement:            6.000ns  (MaxDelay Path 6.000ns)
  Data Path Delay:        1.247ns  (logic 0.348ns (27.908%)  route 0.899ns (72.092%))
  Logic Levels:           0  
  Timing Exception:       MaxDelay Path 6.000ns -datapath_only

    Location             Delay type                Incr(ns)  Path(ns)    Netlist Resource(s)
  -------------------------------------------------------------------    -------------------
    SLICE_X53Y26                                      0.000     0.000 r  CAPTURE_SUBSYSTEM/MAILBOX/status_hold_nvp_reg[75]/C
    SLICE_X53Y26         FDRE (Prop_fdre_C_Q)         0.348     0.348 r  CAPTURE_SUBSYSTEM/MAILBOX/status_hold_nvp_reg[75]/Q
                         net (fo=2, routed)           0.899     1.247    CAPTURE_SUBSYSTEM/MAILBOX/status_hold_nvp_reg[323]_0[72]
    SLICE_X50Y16         FDRE                                         r  CAPTURE_SUBSYSTEM/MAILBOX/status_bus_pcie_reg[75]/D
  -------------------------------------------------------------------    -------------------

                         max delay                    6.000     6.000    
    SLICE_X50Y16         FDRE (Setup_fdre_C_D)       -0.146     5.854    CAPTURE_SUBSYSTEM/MAILBOX/status_bus_pcie_reg[75]
  -------------------------------------------------------------------
                         required time                          5.854    
                         arrival time                          -1.247    
  -------------------------------------------------------------------
                         slack                                  4.607    

Slack (MET) :             4.611ns  (required time - arrival time)
  Source:                 CAPTURE_SUBSYSTEM/MAILBOX/status_hold_nvp_reg[215]/C
                            (rising edge-triggered cell FDRE clocked by nvp_vclk1  {rise@0.000ns fall@3.367ns period=6.734ns})
  Destination:            CAPTURE_SUBSYSTEM/MAILBOX/status_bus_pcie_reg[215]/D
                            (rising edge-triggered cell FDRE clocked by userclk1  {rise@0.000ns fall@8.000ns period=16.000ns})
  Path Group:             userclk1
  Path Type:              Setup (Max at Slow Process Corner)
  Requirement:            6.000ns  (MaxDelay Path 6.000ns)
  Data Path Delay:        1.347ns  (logic 0.433ns (32.139%)  route 0.914ns (67.861%))
  Logic Levels:           0  
  Timing Exception:       MaxDelay Path 6.000ns -datapath_only

    Location             Delay type                Incr(ns)  Path(ns)    Netlist Resource(s)
  -------------------------------------------------------------------    -------------------
    SLICE_X42Y32                                      0.000     0.000 r  CAPTURE_SUBSYSTEM/MAILBOX/status_hold_nvp_reg[215]/C
    SLICE_X42Y32         FDRE (Prop_fdre_C_Q)         0.433     0.433 r  CAPTURE_SUBSYSTEM/MAILBOX/status_hold_nvp_reg[215]/Q
                         net (fo=3, routed)           0.914     1.347    CAPTURE_SUBSYSTEM/MAILBOX/status_last_nvp[215]
    SLICE_X41Y22         FDRE                                         r  CAPTURE_SUBSYSTEM/MAILBOX/status_bus_pcie_reg[215]/D
  -------------------------------------------------------------------    -------------------

                         max delay                    6.000     6.000    
    SLICE_X41Y22         FDRE (Setup_fdre_C_D)       -0.042     5.958    CAPTURE_SUBSYSTEM/MAILBOX/status_bus_pcie_reg[215]
  -------------------------------------------------------------------
                         required time                          5.958    
                         arrival time                          -1.347    
  -------------------------------------------------------------------
                         slack                                  4.611    

Slack (MET) :             4.617ns  (required time - arrival time)
  Source:                 CAPTURE_SUBSYSTEM/MAILBOX/status_hold_nvp_reg[84]/C
                            (rising edge-triggered cell FDRE clocked by nvp_vclk1  {rise@0.000ns fall@3.367ns period=6.734ns})
  Destination:            CAPTURE_SUBSYSTEM/MAILBOX/status_bus_pcie_reg[84]/D
                            (rising edge-triggered cell FDRE clocked by userclk1  {rise@0.000ns fall@8.000ns period=16.000ns})
  Path Group:             userclk1
  Path Type:              Setup (Max at Slow Process Corner)
  Requirement:            6.000ns  (MaxDelay Path 6.000ns)
  Data Path Delay:        1.187ns  (logic 0.348ns (29.315%)  route 0.839ns (70.685%))
  Logic Levels:           0  
  Timing Exception:       MaxDelay Path 6.000ns -datapath_only

    Location             Delay type                Incr(ns)  Path(ns)    Netlist Resource(s)
  -------------------------------------------------------------------    -------------------
    SLICE_X55Y22                                      0.000     0.000 r  CAPTURE_SUBSYSTEM/MAILBOX/status_hold_nvp_reg[84]/C
    SLICE_X55Y22         FDRE (Prop_fdre_C_Q)         0.348     0.348 r  CAPTURE_SUBSYSTEM/MAILBOX/status_hold_nvp_reg[84]/Q
                         net (fo=2, routed)           0.839     1.187    CAPTURE_SUBSYSTEM/MAILBOX/status_hold_nvp_reg[323]_0[81]
    SLICE_X58Y20         FDRE                                         r  CAPTURE_SUBSYSTEM/MAILBOX/status_bus_pcie_reg[84]/D
  -------------------------------------------------------------------    -------------------

                         max delay                    6.000     6.000    
    SLICE_X58Y20         FDRE (Setup_fdre_C_D)       -0.196     5.804    CAPTURE_SUBSYSTEM/MAILBOX/status_bus_pcie_reg[84]
  -------------------------------------------------------------------
                         required time                          5.804    
                         arrival time                          -1.187    
  -------------------------------------------------------------------
                         slack                                  4.617    

Slack (MET) :             4.628ns  (required time - arrival time)
  Source:                 CAPTURE_SUBSYSTEM/MAILBOX/status_hold_nvp_reg[127]/C
                            (rising edge-triggered cell FDRE clocked by nvp_vclk1  {rise@0.000ns fall@3.367ns period=6.734ns})
  Destination:            CAPTURE_SUBSYSTEM/MAILBOX/status_bus_pcie_reg[127]/D
                            (rising edge-triggered cell FDRE clocked by userclk1  {rise@0.000ns fall@8.000ns period=16.000ns})
  Path Group:             userclk1
  Path Type:              Setup (Max at Slow Process Corner)
  Requirement:            6.000ns  (MaxDelay Path 6.000ns)
  Data Path Delay:        1.313ns  (logic 0.379ns (28.859%)  route 0.934ns (71.141%))
  Logic Levels:           0  
  Timing Exception:       MaxDelay Path 6.000ns -datapath_only

    Location             Delay type                Incr(ns)  Path(ns)    Netlist Resource(s)
  -------------------------------------------------------------------    -------------------
    SLICE_X51Y29                                      0.000     0.000 r  CAPTURE_SUBSYSTEM/MAILBOX/status_hold_nvp_reg[127]/C
    SLICE_X51Y29         FDRE (Prop_fdre_C_Q)         0.379     0.379 r  CAPTURE_SUBSYSTEM/MAILBOX/status_hold_nvp_reg[127]/Q
                         net (fo=2, routed)           0.934     1.313    CAPTURE_SUBSYSTEM/MAILBOX/status_hold_nvp_reg[323]_0[124]
    SLICE_X51Y32         FDRE                                         r  CAPTURE_SUBSYSTEM/MAILBOX/status_bus_pcie_reg[127]/D
  -------------------------------------------------------------------    -------------------

                         max delay                    6.000     6.000    
    SLICE_X51Y32         FDRE (Setup_fdre_C_D)       -0.059     5.941    CAPTURE_SUBSYSTEM/MAILBOX/status_bus_pcie_reg[127]
  -------------------------------------------------------------------
                         required time                          5.941    
                         arrival time                          -1.313    
  -------------------------------------------------------------------
                         slack                                  4.628    

Slack (MET) :             4.629ns  (required time - arrival time)
  Source:                 CAPTURE_SUBSYSTEM/MAILBOX/status_hold_nvp_reg[39]/C
                            (rising edge-triggered cell FDRE clocked by nvp_vclk1  {rise@0.000ns fall@3.367ns period=6.734ns})
  Destination:            CAPTURE_SUBSYSTEM/MAILBOX/status_bus_pcie_reg[39]/D
                            (rising edge-triggered cell FDRE clocked by userclk1  {rise@0.000ns fall@8.000ns period=16.000ns})
  Path Group:             userclk1
  Path Type:              Setup (Max at Slow Process Corner)
  Requirement:            6.000ns  (MaxDelay Path 6.000ns)
  Data Path Delay:        1.194ns  (logic 0.398ns (33.347%)  route 0.796ns (66.653%))
  Logic Levels:           0  
  Timing Exception:       MaxDelay Path 6.000ns -datapath_only

    Location             Delay type                Incr(ns)  Path(ns)    Netlist Resource(s)
  -------------------------------------------------------------------    -------------------
    SLICE_X56Y14                                      0.000     0.000 r  CAPTURE_SUBSYSTEM/MAILBOX/status_hold_nvp_reg[39]/C
    SLICE_X56Y14         FDRE (Prop_fdre_C_Q)         0.398     0.398 r  CAPTURE_SUBSYSTEM/MAILBOX/status_hold_nvp_reg[39]/Q
                         net (fo=2, routed)           0.796     1.194    CAPTURE_SUBSYSTEM/MAILBOX/status_hold_nvp_reg[323]_0[36]
    SLICE_X48Y15         FDRE                                         r  CAPTURE_SUBSYSTEM/MAILBOX/status_bus_pcie_reg[39]/D
  -------------------------------------------------------------------    -------------------

                         max delay                    6.000     6.000    
    SLICE_X48Y15         FDRE (Setup_fdre_C_D)       -0.177     5.823    CAPTURE_SUBSYSTEM/MAILBOX/status_bus_pcie_reg[39]
  -------------------------------------------------------------------
                         required time                          5.823    
                         arrival time                          -1.194    
  -------------------------------------------------------------------
                         slack                                  4.629    

Slack (MET) :             4.632ns  (required time - arrival time)
  Source:                 CAPTURE_SUBSYSTEM/MAILBOX/status_hold_nvp_reg[82]/C
                            (rising edge-triggered cell FDRE clocked by nvp_vclk1  {rise@0.000ns fall@3.367ns period=6.734ns})
  Destination:            CAPTURE_SUBSYSTEM/MAILBOX/status_bus_pcie_reg[82]/D
                            (rising edge-triggered cell FDRE clocked by userclk1  {rise@0.000ns fall@8.000ns period=16.000ns})
  Path Group:             userclk1
  Path Type:              Setup (Max at Slow Process Corner)
  Requirement:            6.000ns  (MaxDelay Path 6.000ns)
  Data Path Delay:        1.206ns  (logic 0.348ns (28.868%)  route 0.858ns (71.132%))
  Logic Levels:           0  
  Timing Exception:       MaxDelay Path 6.000ns -datapath_only

    Location             Delay type                Incr(ns)  Path(ns)    Netlist Resource(s)
  -------------------------------------------------------------------    -------------------
    SLICE_X53Y26                                      0.000     0.000 r  CAPTURE_SUBSYSTEM/MAILBOX/status_hold_nvp_reg[82]/C
    SLICE_X53Y26         FDRE (Prop_fdre_C_Q)         0.348     0.348 r  CAPTURE_SUBSYSTEM/MAILBOX/status_hold_nvp_reg[82]/Q
                         net (fo=2, routed)           0.858     1.206    CAPTURE_SUBSYSTEM/MAILBOX/status_hold_nvp_reg[323]_0[79]
    SLICE_X51Y20         FDRE                                         r  CAPTURE_SUBSYSTEM/MAILBOX/status_bus_pcie_reg[82]/D
  -------------------------------------------------------------------    -------------------

                         max delay                    6.000     6.000    
    SLICE_X51Y20         FDRE (Setup_fdre_C_D)       -0.162     5.838    CAPTURE_SUBSYSTEM/MAILBOX/status_bus_pcie_reg[82]
  -------------------------------------------------------------------
                         required time                          5.838    
                         arrival time                          -1.206    
  -------------------------------------------------------------------
                         slack                                  4.632    

Slack (MET) :             4.634ns  (required time - arrival time)
  Source:                 CAPTURE_SUBSYSTEM/MAILBOX/status_hold_nvp_reg[13]/C
                            (rising edge-triggered cell FDRE clocked by nvp_vclk1  {rise@0.000ns fall@3.367ns period=6.734ns})
  Destination:            CAPTURE_SUBSYSTEM/MAILBOX/status_bus_pcie_reg[13]/D
                            (rising edge-triggered cell FDRE clocked by userclk1  {rise@0.000ns fall@8.000ns period=16.000ns})
  Path Group:             userclk1
  Path Type:              Setup (Max at Slow Process Corner)
  Requirement:            6.000ns  (MaxDelay Path 6.000ns)
  Data Path Delay:        1.285ns  (logic 0.433ns (33.709%)  route 0.852ns (66.291%))
  Logic Levels:           0  
  Timing Exception:       MaxDelay Path 6.000ns -datapath_only

    Location             Delay type                Incr(ns)  Path(ns)    Netlist Resource(s)
  -------------------------------------------------------------------    -------------------
    SLICE_X56Y15                                      0.000     0.000 r  CAPTURE_SUBSYSTEM/MAILBOX/status_hold_nvp_reg[13]/C
    SLICE_X56Y15         FDRE (Prop_fdre_C_Q)         0.433     0.433 r  CAPTURE_SUBSYSTEM/MAILBOX/status_hold_nvp_reg[13]/Q
                         net (fo=2, routed)           0.852     1.285    CAPTURE_SUBSYSTEM/MAILBOX/status_hold_nvp_reg[323]_0[10]
    SLICE_X57Y15         FDRE                                         r  CAPTURE_SUBSYSTEM/MAILBOX/status_bus_pcie_reg[13]/D
  -------------------------------------------------------------------    -------------------

                         max delay                    6.000     6.000    
    SLICE_X57Y15         FDRE (Setup_fdre_C_D)       -0.081     5.919    CAPTURE_SUBSYSTEM/MAILBOX/status_bus_pcie_reg[13]
  -------------------------------------------------------------------
                         required time                          5.919    
                         arrival time                          -1.285    
  -------------------------------------------------------------------
                         slack                                  4.634    

Slack (MET) :             4.636ns  (required time - arrival time)
  Source:                 CAPTURE_SUBSYSTEM/MAILBOX/status_hold_nvp_reg[200]/C
                            (rising edge-triggered cell FDRE clocked by nvp_vclk1  {rise@0.000ns fall@3.367ns period=6.734ns})
  Destination:            CAPTURE_SUBSYSTEM/MAILBOX/status_bus_pcie_reg[200]/D
                            (rising edge-triggered cell FDRE clocked by userclk1  {rise@0.000ns fall@8.000ns period=16.000ns})
  Path Group:             userclk1
  Path Type:              Setup (Max at Slow Process Corner)
  Requirement:            6.000ns  (MaxDelay Path 6.000ns)
  Data Path Delay:        1.337ns  (logic 0.379ns (28.353%)  route 0.958ns (71.647%))
  Logic Levels:           0  
  Timing Exception:       MaxDelay Path 6.000ns -datapath_only

    Location             Delay type                Incr(ns)  Path(ns)    Netlist Resource(s)
  -------------------------------------------------------------------    -------------------
    SLICE_X37Y22                                      0.000     0.000 r  CAPTURE_SUBSYSTEM/MAILBOX/status_hold_nvp_reg[200]/C
    SLICE_X37Y22         FDRE (Prop_fdre_C_Q)         0.379     0.379 r  CAPTURE_SUBSYSTEM/MAILBOX/status_hold_nvp_reg[200]/Q
                         net (fo=3, routed)           0.958     1.337    CAPTURE_SUBSYSTEM/MAILBOX/status_last_nvp[200]
    SLICE_X50Y20         FDRE                                         r  CAPTURE_SUBSYSTEM/MAILBOX/status_bus_pcie_reg[200]/D
  -------------------------------------------------------------------    -------------------

                         max delay                    6.000     6.000    
    SLICE_X50Y20         FDRE (Setup_fdre_C_D)       -0.027     5.973    CAPTURE_SUBSYSTEM/MAILBOX/status_bus_pcie_reg[200]
  -------------------------------------------------------------------
                         required time                          5.973    
                         arrival time                          -1.337    
  -------------------------------------------------------------------
                         slack                                  4.636    

Slack (MET) :             4.640ns  (required time - arrival time)
  Source:                 CAPTURE_SUBSYSTEM/MAILBOX/status_hold_nvp_reg[18]/C
                            (rising edge-triggered cell FDRE clocked by nvp_vclk1  {rise@0.000ns fall@3.367ns period=6.734ns})
  Destination:            CAPTURE_SUBSYSTEM/MAILBOX/status_bus_pcie_reg[18]/D
                            (rising edge-triggered cell FDRE clocked by userclk1  {rise@0.000ns fall@8.000ns period=16.000ns})
  Path Group:             userclk1
  Path Type:              Setup (Max at Slow Process Corner)
  Requirement:            6.000ns  (MaxDelay Path 6.000ns)
  Data Path Delay:        1.276ns  (logic 0.433ns (33.935%)  route 0.843ns (66.065%))
  Logic Levels:           0  
  Timing Exception:       MaxDelay Path 6.000ns -datapath_only

    Location             Delay type                Incr(ns)  Path(ns)    Netlist Resource(s)
  -------------------------------------------------------------------    -------------------
    SLICE_X56Y15                                      0.000     0.000 r  CAPTURE_SUBSYSTEM/MAILBOX/status_hold_nvp_reg[18]/C
    SLICE_X56Y15         FDRE (Prop_fdre_C_Q)         0.433     0.433 r  CAPTURE_SUBSYSTEM/MAILBOX/status_hold_nvp_reg[18]/Q
                         net (fo=2, routed)           0.843     1.276    CAPTURE_SUBSYSTEM/MAILBOX/status_hold_nvp_reg[323]_0[15]
    SLICE_X51Y20         FDRE                                         r  CAPTURE_SUBSYSTEM/MAILBOX/status_bus_pcie_reg[18]/D
  -------------------------------------------------------------------    -------------------

                         max delay                    6.000     6.000    
    SLICE_X51Y20         FDRE (Setup_fdre_C_D)       -0.084     5.916    CAPTURE_SUBSYSTEM/MAILBOX/status_bus_pcie_reg[18]
  -------------------------------------------------------------------
                         required time                          5.916    
                         arrival time                          -1.276    
  -------------------------------------------------------------------
                         slack                                  4.640    

Slack (MET) :             4.646ns  (required time - arrival time)
  Source:                 CAPTURE_SUBSYSTEM/MAILBOX/status_hold_nvp_reg[166]/C
                            (rising edge-triggered cell FDRE clocked by nvp_vclk1  {rise@0.000ns fall@3.367ns period=6.734ns})
  Destination:            CAPTURE_SUBSYSTEM/MAILBOX/status_bus_pcie_reg[166]/D
                            (rising edge-triggered cell FDRE clocked by userclk1  {rise@0.000ns fall@8.000ns period=16.000ns})
  Path Group:             userclk1
  Path Type:              Setup (Max at Slow Process Corner)
  Requirement:            6.000ns  (MaxDelay Path 6.000ns)
  Data Path Delay:        1.144ns  (logic 0.348ns (30.413%)  route 0.796ns (69.587%))
  Logic Levels:           0  
  Timing Exception:       MaxDelay Path 6.000ns -datapath_only

    Location             Delay type                Incr(ns)  Path(ns)    Netlist Resource(s)
  -------------------------------------------------------------------    -------------------
    SLICE_X43Y16                                      0.000     0.000 r  CAPTURE_SUBSYSTEM/MAILBOX/status_hold_nvp_reg[166]/C
    SLICE_X43Y16         FDRE (Prop_fdre_C_Q)         0.348     0.348 r  CAPTURE_SUBSYSTEM/MAILBOX/status_hold_nvp_reg[166]/Q
                         net (fo=2, routed)           0.796     1.144    CAPTURE_SUBSYSTEM/MAILBOX/status_hold_nvp_reg[323]_0[160]
    SLICE_X47Y18         FDRE                                         r  CAPTURE_SUBSYSTEM/MAILBOX/status_bus_pcie_reg[166]/D
  -------------------------------------------------------------------    -------------------

                         max delay                    6.000     6.000    
    SLICE_X47Y18         FDRE (Setup_fdre_C_D)       -0.210     5.790    CAPTURE_SUBSYSTEM/MAILBOX/status_bus_pcie_reg[166]
  -------------------------------------------------------------------
                         required time                          5.790    
                         arrival time                          -1.144    
  -------------------------------------------------------------------
                         slack                                  4.646    

Slack (MET) :             4.648ns  (required time - arrival time)
  Source:                 CAPTURE_SUBSYSTEM/MAILBOX/status_hold_nvp_reg[175]/C
                            (rising edge-triggered cell FDRE clocked by nvp_vclk1  {rise@0.000ns fall@3.367ns period=6.734ns})
  Destination:            CAPTURE_SUBSYSTEM/MAILBOX/status_bus_pcie_reg[175]/D
                            (rising edge-triggered cell FDRE clocked by userclk1  {rise@0.000ns fall@8.000ns period=16.000ns})
  Path Group:             userclk1
  Path Type:              Setup (Max at Slow Process Corner)
  Requirement:            6.000ns  (MaxDelay Path 6.000ns)
  Data Path Delay:        1.188ns  (logic 0.348ns (29.288%)  route 0.840ns (70.712%))
  Logic Levels:           0  
  Timing Exception:       MaxDelay Path 6.000ns -datapath_only

    Location             Delay type                Incr(ns)  Path(ns)    Netlist Resource(s)
  -------------------------------------------------------------------    -------------------
    SLICE_X43Y18                                      0.000     0.000 r  CAPTURE_SUBSYSTEM/MAILBOX/status_hold_nvp_reg[175]/C
    SLICE_X43Y18         FDRE (Prop_fdre_C_Q)         0.348     0.348 r  CAPTURE_SUBSYSTEM/MAILBOX/status_hold_nvp_reg[175]/Q
                         net (fo=2, routed)           0.840     1.188    CAPTURE_SUBSYSTEM/MAILBOX/status_hold_nvp_reg[323]_0[169]
    SLICE_X52Y18         FDRE                                         r  CAPTURE_SUBSYSTEM/MAILBOX/status_bus_pcie_reg[175]/D
  -------------------------------------------------------------------    -------------------

                         max delay                    6.000     6.000    
    SLICE_X52Y18         FDRE (Setup_fdre_C_D)       -0.164     5.836    CAPTURE_SUBSYSTEM/MAILBOX/status_bus_pcie_reg[175]
  -------------------------------------------------------------------
                         required time                          5.836    
                         arrival time                          -1.188    
  -------------------------------------------------------------------
                         slack                                  4.648    

Slack (MET) :             4.649ns  (required time - arrival time)
  Source:                 CAPTURE_SUBSYSTEM/MAILBOX/status_hold_nvp_reg[81]/C
                            (rising edge-triggered cell FDRE clocked by nvp_vclk1  {rise@0.000ns fall@3.367ns period=6.734ns})
  Destination:            CAPTURE_SUBSYSTEM/MAILBOX/status_bus_pcie_reg[81]/D
                            (rising edge-triggered cell FDRE clocked by userclk1  {rise@0.000ns fall@8.000ns period=16.000ns})
  Path Group:             userclk1
  Path Type:              Setup (Max at Slow Process Corner)
  Requirement:            6.000ns  (MaxDelay Path 6.000ns)
  Data Path Delay:        1.275ns  (logic 0.379ns (29.726%)  route 0.896ns (70.274%))
  Logic Levels:           0  
  Timing Exception:       MaxDelay Path 6.000ns -datapath_only

    Location             Delay type                Incr(ns)  Path(ns)    Netlist Resource(s)
  -------------------------------------------------------------------    -------------------
    SLICE_X57Y20                                      0.000     0.000 r  CAPTURE_SUBSYSTEM/MAILBOX/status_hold_nvp_reg[81]/C
    SLICE_X57Y20         FDRE (Prop_fdre_C_Q)         0.379     0.379 r  CAPTURE_SUBSYSTEM/MAILBOX/status_hold_nvp_reg[81]/Q
                         net (fo=2, routed)           0.896     1.275    CAPTURE_SUBSYSTEM/MAILBOX/status_hold_nvp_reg[323]_0[78]
    SLICE_X57Y17         FDRE                                         r  CAPTURE_SUBSYSTEM/MAILBOX/status_bus_pcie_reg[81]/D
  -------------------------------------------------------------------    -------------------

                         max delay                    6.000     6.000    
    SLICE_X57Y17         FDRE (Setup_fdre_C_D)       -0.076     5.924    CAPTURE_SUBSYSTEM/MAILBOX/status_bus_pcie_reg[81]
  -------------------------------------------------------------------
                         required time                          5.924    
                         arrival time                          -1.275    
  -------------------------------------------------------------------
                         slack                                  4.649    

Slack (MET) :             4.651ns  (required time - arrival time)
  Source:                 CAPTURE_SUBSYSTEM/MAILBOX/status_hold_nvp_reg[87]/C
                            (rising edge-triggered cell FDRE clocked by nvp_vclk1  {rise@0.000ns fall@3.367ns period=6.734ns})
  Destination:            CAPTURE_SUBSYSTEM/MAILBOX/status_bus_pcie_reg[87]/D
                            (rising edge-triggered cell FDRE clocked by userclk1  {rise@0.000ns fall@8.000ns period=16.000ns})
  Path Group:             userclk1
  Path Type:              Setup (Max at Slow Process Corner)
  Requirement:            6.000ns  (MaxDelay Path 6.000ns)
  Data Path Delay:        1.145ns  (logic 0.348ns (30.402%)  route 0.797ns (69.598%))
  Logic Levels:           0  
  Timing Exception:       MaxDelay Path 6.000ns -datapath_only

    Location             Delay type                Incr(ns)  Path(ns)    Netlist Resource(s)
  -------------------------------------------------------------------    -------------------
    SLICE_X55Y22                                      0.000     0.000 r  CAPTURE_SUBSYSTEM/MAILBOX/status_hold_nvp_reg[87]/C
    SLICE_X55Y22         FDRE (Prop_fdre_C_Q)         0.348     0.348 r  CAPTURE_SUBSYSTEM/MAILBOX/status_hold_nvp_reg[87]/Q
                         net (fo=2, routed)           0.797     1.145    CAPTURE_SUBSYSTEM/MAILBOX/status_hold_nvp_reg[323]_0[84]
    SLICE_X57Y21         FDRE                                         r  CAPTURE_SUBSYSTEM/MAILBOX/status_bus_pcie_reg[87]/D
  -------------------------------------------------------------------    -------------------

                         max delay                    6.000     6.000    
    SLICE_X57Y21         FDRE (Setup_fdre_C_D)       -0.204     5.796    CAPTURE_SUBSYSTEM/MAILBOX/status_bus_pcie_reg[87]
  -------------------------------------------------------------------
                         required time                          5.796    
                         arrival time                          -1.145    
  -------------------------------------------------------------------
                         slack                                  4.651    

Slack (MET) :             4.658ns  (required time - arrival time)
  Source:                 CAPTURE_SUBSYSTEM/MAILBOX/status_hold_nvp_reg[237]/C
                            (rising edge-triggered cell FDRE clocked by nvp_vclk1  {rise@0.000ns fall@3.367ns period=6.734ns})
  Destination:            CAPTURE_SUBSYSTEM/MAILBOX/status_bus_pcie_reg[237]/D
                            (rising edge-triggered cell FDRE clocked by userclk1  {rise@0.000ns fall@8.000ns period=16.000ns})
  Path Group:             userclk1
  Path Type:              Setup (Max at Slow Process Corner)
  Requirement:            6.000ns  (MaxDelay Path 6.000ns)
  Data Path Delay:        1.264ns  (logic 0.379ns (29.974%)  route 0.885ns (70.026%))
  Logic Levels:           0  
  Timing Exception:       MaxDelay Path 6.000ns -datapath_only

    Location             Delay type                Incr(ns)  Path(ns)    Netlist Resource(s)
  -------------------------------------------------------------------    -------------------
    SLICE_X41Y23                                      0.000     0.000 r  CAPTURE_SUBSYSTEM/MAILBOX/status_hold_nvp_reg[237]/C
    SLICE_X41Y23         FDRE (Prop_fdre_C_Q)         0.379     0.379 r  CAPTURE_SUBSYSTEM/MAILBOX/status_hold_nvp_reg[237]/Q
                         net (fo=2, routed)           0.885     1.264    CAPTURE_SUBSYSTEM/MAILBOX/status_last_nvp[237]
    SLICE_X49Y23         FDRE                                         r  CAPTURE_SUBSYSTEM/MAILBOX/status_bus_pcie_reg[237]/D
  -------------------------------------------------------------------    -------------------

                         max delay                    6.000     6.000    
    SLICE_X49Y23         FDRE (Setup_fdre_C_D)       -0.078     5.922    CAPTURE_SUBSYSTEM/MAILBOX/status_bus_pcie_reg[237]
  -------------------------------------------------------------------
                         required time                          5.922    
                         arrival time                          -1.264    
  -------------------------------------------------------------------
                         slack                                  4.658    

Slack (MET) :             4.658ns  (required time - arrival time)
  Source:                 CAPTURE_SUBSYSTEM/MAILBOX/status_hold_nvp_reg[178]/C
                            (rising edge-triggered cell FDRE clocked by nvp_vclk1  {rise@0.000ns fall@3.367ns period=6.734ns})
  Destination:            CAPTURE_SUBSYSTEM/MAILBOX/status_bus_pcie_reg[178]/D
                            (rising edge-triggered cell FDRE clocked by userclk1  {rise@0.000ns fall@8.000ns period=16.000ns})
  Path Group:             userclk1
  Path Type:              Setup (Max at Slow Process Corner)
  Requirement:            6.000ns  (MaxDelay Path 6.000ns)
  Data Path Delay:        1.125ns  (logic 0.348ns (30.924%)  route 0.777ns (69.076%))
  Logic Levels:           0  
  Timing Exception:       MaxDelay Path 6.000ns -datapath_only

    Location             Delay type                Incr(ns)  Path(ns)    Netlist Resource(s)
  -------------------------------------------------------------------    -------------------
    SLICE_X45Y17                                      0.000     0.000 r  CAPTURE_SUBSYSTEM/MAILBOX/status_hold_nvp_reg[178]/C
    SLICE_X45Y17         FDRE (Prop_fdre_C_Q)         0.348     0.348 r  CAPTURE_SUBSYSTEM/MAILBOX/status_hold_nvp_reg[178]/Q
                         net (fo=2, routed)           0.777     1.125    CAPTURE_SUBSYSTEM/MAILBOX/status_hold_nvp_reg[323]_0[172]
    SLICE_X49Y21         FDRE                                         r  CAPTURE_SUBSYSTEM/MAILBOX/status_bus_pcie_reg[178]/D
  -------------------------------------------------------------------    -------------------

                         max delay                    6.000     6.000    
    SLICE_X49Y21         FDRE (Setup_fdre_C_D)       -0.217     5.783    CAPTURE_SUBSYSTEM/MAILBOX/status_bus_pcie_reg[178]
  -------------------------------------------------------------------
                         required time                          5.783    
                         arrival time                          -1.125    
  -------------------------------------------------------------------
                         slack                                  4.658    

Slack (MET) :             4.668ns  (required time - arrival time)
  Source:                 CAPTURE_SUBSYSTEM/MAILBOX/status_hold_nvp_reg[133]/C
                            (rising edge-triggered cell FDRE clocked by nvp_vclk1  {rise@0.000ns fall@3.367ns period=6.734ns})
  Destination:            CAPTURE_SUBSYSTEM/MAILBOX/status_bus_pcie_reg[133]/D
                            (rising edge-triggered cell FDRE clocked by userclk1  {rise@0.000ns fall@8.000ns period=16.000ns})
  Path Group:             userclk1
  Path Type:              Setup (Max at Slow Process Corner)
  Requirement:            6.000ns  (MaxDelay Path 6.000ns)
  Data Path Delay:        1.257ns  (logic 0.433ns (34.455%)  route 0.824ns (65.545%))
  Logic Levels:           0  
  Timing Exception:       MaxDelay Path 6.000ns -datapath_only

    Location             Delay type                Incr(ns)  Path(ns)    Netlist Resource(s)
  -------------------------------------------------------------------    -------------------
    SLICE_X52Y28                                      0.000     0.000 r  CAPTURE_SUBSYSTEM/MAILBOX/status_hold_nvp_reg[133]/C
    SLICE_X52Y28         FDRE (Prop_fdre_C_Q)         0.433     0.433 r  CAPTURE_SUBSYSTEM/MAILBOX/status_hold_nvp_reg[133]/Q
                         net (fo=2, routed)           0.824     1.257    CAPTURE_SUBSYSTEM/MAILBOX/status_hold_nvp_reg[323]_0[130]
    SLICE_X51Y18         FDRE                                         r  CAPTURE_SUBSYSTEM/MAILBOX/status_bus_pcie_reg[133]/D
  -------------------------------------------------------------------    -------------------

                         max delay                    6.000     6.000    
    SLICE_X51Y18         FDRE (Setup_fdre_C_D)       -0.075     5.925    CAPTURE_SUBSYSTEM/MAILBOX/status_bus_pcie_reg[133]
  -------------------------------------------------------------------
                         required time                          5.925    
                         arrival time                          -1.257    
  -------------------------------------------------------------------
                         slack                                  4.668    

Slack (MET) :             4.671ns  (required time - arrival time)
  Source:                 CAPTURE_SUBSYSTEM/MAILBOX/status_hold_nvp_reg[45]/C
                            (rising edge-triggered cell FDRE clocked by nvp_vclk1  {rise@0.000ns fall@3.367ns period=6.734ns})
  Destination:            CAPTURE_SUBSYSTEM/MAILBOX/status_bus_pcie_reg[45]/D
                            (rising edge-triggered cell FDRE clocked by userclk1  {rise@0.000ns fall@8.000ns period=16.000ns})
  Path Group:             userclk1
  Path Type:              Setup (Max at Slow Process Corner)
  Requirement:            6.000ns  (MaxDelay Path 6.000ns)
  Data Path Delay:        1.251ns  (logic 0.379ns (30.291%)  route 0.872ns (69.709%))
  Logic Levels:           0  
  Timing Exception:       MaxDelay Path 6.000ns -datapath_only

    Location             Delay type                Incr(ns)  Path(ns)    Netlist Resource(s)
  -------------------------------------------------------------------    -------------------
    SLICE_X58Y17                                      0.000     0.000 r  CAPTURE_SUBSYSTEM/MAILBOX/status_hold_nvp_reg[45]/C
    SLICE_X58Y17         FDRE (Prop_fdre_C_Q)         0.379     0.379 r  CAPTURE_SUBSYSTEM/MAILBOX/status_hold_nvp_reg[45]/Q
                         net (fo=2, routed)           0.872     1.251    CAPTURE_SUBSYSTEM/MAILBOX/status_hold_nvp_reg[323]_0[42]
    SLICE_X57Y17         FDRE                                         r  CAPTURE_SUBSYSTEM/MAILBOX/status_bus_pcie_reg[45]/D
  -------------------------------------------------------------------    -------------------

                         max delay                    6.000     6.000    
    SLICE_X57Y17         FDRE (Setup_fdre_C_D)       -0.078     5.922    CAPTURE_SUBSYSTEM/MAILBOX/status_bus_pcie_reg[45]
  -------------------------------------------------------------------
                         required time                          5.922    
                         arrival time                          -1.251    
  -------------------------------------------------------------------
                         slack                                  4.671    

Slack (MET) :             4.674ns  (required time - arrival time)
  Source:                 CAPTURE_SUBSYSTEM/MAILBOX/status_hold_nvp_reg[201]/C
                            (rising edge-triggered cell FDRE clocked by nvp_vclk1  {rise@0.000ns fall@3.367ns period=6.734ns})
  Destination:            CAPTURE_SUBSYSTEM/MAILBOX/status_bus_pcie_reg[201]/D
                            (rising edge-triggered cell FDRE clocked by userclk1  {rise@0.000ns fall@8.000ns period=16.000ns})
  Path Group:             userclk1
  Path Type:              Setup (Max at Slow Process Corner)
  Requirement:            6.000ns  (MaxDelay Path 6.000ns)
  Data Path Delay:        1.263ns  (logic 0.433ns (34.276%)  route 0.830ns (65.724%))
  Logic Levels:           0  
  Timing Exception:       MaxDelay Path 6.000ns -datapath_only

    Location             Delay type                Incr(ns)  Path(ns)    Netlist Resource(s)
  -------------------------------------------------------------------    -------------------
    SLICE_X42Y32                                      0.000     0.000 r  CAPTURE_SUBSYSTEM/MAILBOX/status_hold_nvp_reg[201]/C
    SLICE_X42Y32         FDRE (Prop_fdre_C_Q)         0.433     0.433 r  CAPTURE_SUBSYSTEM/MAILBOX/status_hold_nvp_reg[201]/Q
                         net (fo=3, routed)           0.830     1.263    CAPTURE_SUBSYSTEM/MAILBOX/status_last_nvp[201]
    SLICE_X41Y18         FDRE                                         r  CAPTURE_SUBSYSTEM/MAILBOX/status_bus_pcie_reg[201]/D
  -------------------------------------------------------------------    -------------------

                         max delay                    6.000     6.000    
    SLICE_X41Y18         FDRE (Setup_fdre_C_D)       -0.063     5.937    CAPTURE_SUBSYSTEM/MAILBOX/status_bus_pcie_reg[201]
  -------------------------------------------------------------------
                         required time                          5.937    
                         arrival time                          -1.263    
  -------------------------------------------------------------------
                         slack                                  4.674    

Slack (MET) :             4.677ns  (required time - arrival time)
  Source:                 CAPTURE_SUBSYSTEM/MAILBOX/status_hold_nvp_reg[243]/C
                            (rising edge-triggered cell FDRE clocked by nvp_vclk1  {rise@0.000ns fall@3.367ns period=6.734ns})
  Destination:            CAPTURE_SUBSYSTEM/MAILBOX/status_bus_pcie_reg[243]/D
                            (rising edge-triggered cell FDRE clocked by userclk1  {rise@0.000ns fall@8.000ns period=16.000ns})
  Path Group:             userclk1
  Path Type:              Setup (Max at Slow Process Corner)
  Requirement:            6.000ns  (MaxDelay Path 6.000ns)
  Data Path Delay:        1.147ns  (logic 0.348ns (30.336%)  route 0.799ns (69.664%))
  Logic Levels:           0  
  Timing Exception:       MaxDelay Path 6.000ns -datapath_only

    Location             Delay type                Incr(ns)  Path(ns)    Netlist Resource(s)
  -------------------------------------------------------------------    -------------------
    SLICE_X44Y25                                      0.000     0.000 r  CAPTURE_SUBSYSTEM/MAILBOX/status_hold_nvp_reg[243]/C
    SLICE_X44Y25         FDRE (Prop_fdre_C_Q)         0.348     0.348 r  CAPTURE_SUBSYSTEM/MAILBOX/status_hold_nvp_reg[243]/Q
                         net (fo=2, routed)           0.799     1.147    CAPTURE_SUBSYSTEM/MAILBOX/status_hold_nvp_reg[323]_0[199]
    SLICE_X44Y24         FDRE                                         r  CAPTURE_SUBSYSTEM/MAILBOX/status_bus_pcie_reg[243]/D
  -------------------------------------------------------------------    -------------------

                         max delay                    6.000     6.000    
    SLICE_X44Y24         FDRE (Setup_fdre_C_D)       -0.176     5.824    CAPTURE_SUBSYSTEM/MAILBOX/status_bus_pcie_reg[243]
  -------------------------------------------------------------------
                         required time                          5.824    
                         arrival time                          -1.147    
  -------------------------------------------------------------------
                         slack                                  4.677    

Slack (MET) :             4.678ns  (required time - arrival time)
  Source:                 CAPTURE_SUBSYSTEM/MAILBOX/status_hold_nvp_reg[151]/C
                            (rising edge-triggered cell FDRE clocked by nvp_vclk1  {rise@0.000ns fall@3.367ns period=6.734ns})
  Destination:            CAPTURE_SUBSYSTEM/MAILBOX/status_bus_pcie_reg[151]/D
                            (rising edge-triggered cell FDRE clocked by userclk1  {rise@0.000ns fall@8.000ns period=16.000ns})
  Path Group:             userclk1
  Path Type:              Setup (Max at Slow Process Corner)
  Requirement:            6.000ns  (MaxDelay Path 6.000ns)
  Data Path Delay:        1.252ns  (logic 0.379ns (30.281%)  route 0.873ns (69.719%))
  Logic Levels:           0  
  Timing Exception:       MaxDelay Path 6.000ns -datapath_only

    Location             Delay type                Incr(ns)  Path(ns)    Netlist Resource(s)
  -------------------------------------------------------------------    -------------------
    SLICE_X47Y17                                      0.000     0.000 r  CAPTURE_SUBSYSTEM/MAILBOX/status_hold_nvp_reg[151]/C
    SLICE_X47Y17         FDRE (Prop_fdre_C_Q)         0.379     0.379 r  CAPTURE_SUBSYSTEM/MAILBOX/status_hold_nvp_reg[151]/Q
                         net (fo=2, routed)           0.873     1.252    CAPTURE_SUBSYSTEM/MAILBOX/status_hold_nvp_reg[323]_0[148]
    SLICE_X49Y18         FDRE                                         r  CAPTURE_SUBSYSTEM/MAILBOX/status_bus_pcie_reg[151]/D
  -------------------------------------------------------------------    -------------------

                         max delay                    6.000     6.000    
    SLICE_X49Y18         FDRE (Setup_fdre_C_D)       -0.070     5.930    CAPTURE_SUBSYSTEM/MAILBOX/status_bus_pcie_reg[151]
  -------------------------------------------------------------------
                         required time                          5.930    
                         arrival time                          -1.252    
  -------------------------------------------------------------------
                         slack                                  4.678    

Slack (MET) :             4.681ns  (required time - arrival time)
  Source:                 CAPTURE_SUBSYSTEM/MAILBOX/status_hold_nvp_reg[159]/C
                            (rising edge-triggered cell FDRE clocked by nvp_vclk1  {rise@0.000ns fall@3.367ns period=6.734ns})
  Destination:            CAPTURE_SUBSYSTEM/MAILBOX/status_bus_pcie_reg[159]/D
                            (rising edge-triggered cell FDRE clocked by userclk1  {rise@0.000ns fall@8.000ns period=16.000ns})
  Path Group:             userclk1
  Path Type:              Setup (Max at Slow Process Corner)
  Requirement:            6.000ns  (MaxDelay Path 6.000ns)
  Data Path Delay:        1.234ns  (logic 0.379ns (30.712%)  route 0.855ns (69.288%))
  Logic Levels:           0  
  Timing Exception:       MaxDelay Path 6.000ns -datapath_only

    Location             Delay type                Incr(ns)  Path(ns)    Netlist Resource(s)
  -------------------------------------------------------------------    -------------------
    SLICE_X45Y19                                      0.000     0.000 r  CAPTURE_SUBSYSTEM/MAILBOX/status_hold_nvp_reg[159]/C
    SLICE_X45Y19         FDRE (Prop_fdre_C_Q)         0.379     0.379 r  CAPTURE_SUBSYSTEM/MAILBOX/status_hold_nvp_reg[159]/Q
                         net (fo=2, routed)           0.855     1.234    CAPTURE_SUBSYSTEM/MAILBOX/status_hold_nvp_reg[323]_0[156]
    SLICE_X51Y22         FDRE                                         r  CAPTURE_SUBSYSTEM/MAILBOX/status_bus_pcie_reg[159]/D
  -------------------------------------------------------------------    -------------------

                         max delay                    6.000     6.000    
    SLICE_X51Y22         FDRE (Setup_fdre_C_D)       -0.085     5.915    CAPTURE_SUBSYSTEM/MAILBOX/status_bus_pcie_reg[159]
  -------------------------------------------------------------------
                         required time                          5.915    
                         arrival time                          -1.234    
  -------------------------------------------------------------------
                         slack                                  4.681    

Slack (MET) :             4.694ns  (required time - arrival time)
  Source:                 CAPTURE_SUBSYSTEM/MAILBOX/status_hold_nvp_reg[145]/C
                            (rising edge-triggered cell FDRE clocked by nvp_vclk1  {rise@0.000ns fall@3.367ns period=6.734ns})
  Destination:            CAPTURE_SUBSYSTEM/MAILBOX/status_bus_pcie_reg[145]/D
                            (rising edge-triggered cell FDRE clocked by userclk1  {rise@0.000ns fall@8.000ns period=16.000ns})
  Path Group:             userclk1
  Path Type:              Setup (Max at Slow Process Corner)
  Requirement:            6.000ns  (MaxDelay Path 6.000ns)
  Data Path Delay:        1.236ns  (logic 0.379ns (30.658%)  route 0.857ns (69.342%))
  Logic Levels:           0  
  Timing Exception:       MaxDelay Path 6.000ns -datapath_only

    Location             Delay type                Incr(ns)  Path(ns)    Netlist Resource(s)
  -------------------------------------------------------------------    -------------------
    SLICE_X45Y17                                      0.000     0.000 r  CAPTURE_SUBSYSTEM/MAILBOX/status_hold_nvp_reg[145]/C
    SLICE_X45Y17         FDRE (Prop_fdre_C_Q)         0.379     0.379 r  CAPTURE_SUBSYSTEM/MAILBOX/status_hold_nvp_reg[145]/Q
                         net (fo=2, routed)           0.857     1.236    CAPTURE_SUBSYSTEM/MAILBOX/status_hold_nvp_reg[323]_0[142]
    SLICE_X49Y17         FDRE                                         r  CAPTURE_SUBSYSTEM/MAILBOX/status_bus_pcie_reg[145]/D
  -------------------------------------------------------------------    -------------------

                         max delay                    6.000     6.000    
    SLICE_X49Y17         FDRE (Setup_fdre_C_D)       -0.070     5.930    CAPTURE_SUBSYSTEM/MAILBOX/status_bus_pcie_reg[145]
  -------------------------------------------------------------------
                         required time                          5.930    
                         arrival time                          -1.236    
  -------------------------------------------------------------------
                         slack                                  4.694    

Slack (MET) :             4.699ns  (required time - arrival time)
  Source:                 CAPTURE_SUBSYSTEM/MAILBOX/status_hold_nvp_reg[202]/C
                            (rising edge-triggered cell FDRE clocked by nvp_vclk1  {rise@0.000ns fall@3.367ns period=6.734ns})
  Destination:            CAPTURE_SUBSYSTEM/MAILBOX/status_bus_pcie_reg[202]/D
                            (rising edge-triggered cell FDRE clocked by userclk1  {rise@0.000ns fall@8.000ns period=16.000ns})
  Path Group:             userclk1
  Path Type:              Setup (Max at Slow Process Corner)
  Requirement:            6.000ns  (MaxDelay Path 6.000ns)
  Data Path Delay:        1.228ns  (logic 0.379ns (30.856%)  route 0.849ns (69.144%))
  Logic Levels:           0  
  Timing Exception:       MaxDelay Path 6.000ns -datapath_only

    Location             Delay type                Incr(ns)  Path(ns)    Netlist Resource(s)
  -------------------------------------------------------------------    -------------------
    SLICE_X41Y26                                      0.000     0.000 r  CAPTURE_SUBSYSTEM/MAILBOX/status_hold_nvp_reg[202]/C
    SLICE_X41Y26         FDRE (Prop_fdre_C_Q)         0.379     0.379 r  CAPTURE_SUBSYSTEM/MAILBOX/status_hold_nvp_reg[202]/Q
                         net (fo=3, routed)           0.849     1.228    CAPTURE_SUBSYSTEM/MAILBOX/status_last_nvp[202]
    SLICE_X45Y16         FDRE                                         r  CAPTURE_SUBSYSTEM/MAILBOX/status_bus_pcie_reg[202]/D
  -------------------------------------------------------------------    -------------------

                         max delay                    6.000     6.000    
    SLICE_X45Y16         FDRE (Setup_fdre_C_D)       -0.073     5.927    CAPTURE_SUBSYSTEM/MAILBOX/status_bus_pcie_reg[202]
  -------------------------------------------------------------------
                         required time                          5.927    
                         arrival time                          -1.228    
  -------------------------------------------------------------------
                         slack                                  4.699    

Slack (MET) :             4.702ns  (required time - arrival time)
  Source:                 CAPTURE_SUBSYSTEM/MAILBOX/status_hold_nvp_reg[157]/C
                            (rising edge-triggered cell FDRE clocked by nvp_vclk1  {rise@0.000ns fall@3.367ns period=6.734ns})
  Destination:            CAPTURE_SUBSYSTEM/MAILBOX/status_bus_pcie_reg[157]/D
                            (rising edge-triggered cell FDRE clocked by userclk1  {rise@0.000ns fall@8.000ns period=16.000ns})
  Path Group:             userclk1
  Path Type:              Setup (Max at Slow Process Corner)
  Requirement:            6.000ns  (MaxDelay Path 6.000ns)
  Data Path Delay:        1.219ns  (logic 0.379ns (31.093%)  route 0.840ns (68.907%))
  Logic Levels:           0  
  Timing Exception:       MaxDelay Path 6.000ns -datapath_only

    Location             Delay type                Incr(ns)  Path(ns)    Netlist Resource(s)
  -------------------------------------------------------------------    -------------------
    SLICE_X45Y19                                      0.000     0.000 r  CAPTURE_SUBSYSTEM/MAILBOX/status_hold_nvp_reg[157]/C
    SLICE_X45Y19         FDRE (Prop_fdre_C_Q)         0.379     0.379 r  CAPTURE_SUBSYSTEM/MAILBOX/status_hold_nvp_reg[157]/Q
                         net (fo=2, routed)           0.840     1.219    CAPTURE_SUBSYSTEM/MAILBOX/status_hold_nvp_reg[323]_0[154]
    SLICE_X49Y22         FDRE                                         r  CAPTURE_SUBSYSTEM/MAILBOX/status_bus_pcie_reg[157]/D
  -------------------------------------------------------------------    -------------------

                         max delay                    6.000     6.000    
    SLICE_X49Y22         FDRE (Setup_fdre_C_D)       -0.079     5.921    CAPTURE_SUBSYSTEM/MAILBOX/status_bus_pcie_reg[157]
  -------------------------------------------------------------------
                         required time                          5.921    
                         arrival time                          -1.219    
  -------------------------------------------------------------------
                         slack                                  4.702    

Slack (MET) :             4.705ns  (required time - arrival time)
  Source:                 CAPTURE_SUBSYSTEM/MAILBOX/status_hold_nvp_reg[117]/C
                            (rising edge-triggered cell FDRE clocked by nvp_vclk1  {rise@0.000ns fall@3.367ns period=6.734ns})
  Destination:            CAPTURE_SUBSYSTEM/MAILBOX/status_bus_pcie_reg[117]/D
                            (rising edge-triggered cell FDRE clocked by userclk1  {rise@0.000ns fall@8.000ns period=16.000ns})
  Path Group:             userclk1
  Path Type:              Setup (Max at Slow Process Corner)
  Requirement:            6.000ns  (MaxDelay Path 6.000ns)
  Data Path Delay:        1.099ns  (logic 0.348ns (31.656%)  route 0.751ns (68.344%))
  Logic Levels:           0  
  Timing Exception:       MaxDelay Path 6.000ns -datapath_only

    Location             Delay type                Incr(ns)  Path(ns)    Netlist Resource(s)
  -------------------------------------------------------------------    -------------------
    SLICE_X55Y24                                      0.000     0.000 r  CAPTURE_SUBSYSTEM/MAILBOX/status_hold_nvp_reg[117]/C
    SLICE_X55Y24         FDRE (Prop_fdre_C_Q)         0.348     0.348 r  CAPTURE_SUBSYSTEM/MAILBOX/status_hold_nvp_reg[117]/Q
                         net (fo=2, routed)           0.751     1.099    CAPTURE_SUBSYSTEM/MAILBOX/status_hold_nvp_reg[323]_0[114]
    SLICE_X53Y29         FDRE                                         r  CAPTURE_SUBSYSTEM/MAILBOX/status_bus_pcie_reg[117]/D
  -------------------------------------------------------------------    -------------------

                         max delay                    6.000     6.000    
    SLICE_X53Y29         FDRE (Setup_fdre_C_D)       -0.196     5.804    CAPTURE_SUBSYSTEM/MAILBOX/status_bus_pcie_reg[117]
  -------------------------------------------------------------------
                         required time                          5.804    
                         arrival time                          -1.099    
  -------------------------------------------------------------------
                         slack                                  4.705    

Slack (MET) :             4.708ns  (required time - arrival time)
  Source:                 CAPTURE_SUBSYSTEM/MAILBOX/status_hold_nvp_reg[66]/C
                            (rising edge-triggered cell FDRE clocked by nvp_vclk1  {rise@0.000ns fall@3.367ns period=6.734ns})
  Destination:            CAPTURE_SUBSYSTEM/MAILBOX/status_bus_pcie_reg[66]/D
                            (rising edge-triggered cell FDRE clocked by userclk1  {rise@0.000ns fall@8.000ns period=16.000ns})
  Path Group:             userclk1
  Path Type:              Setup (Max at Slow Process Corner)
  Requirement:            6.000ns  (MaxDelay Path 6.000ns)
  Data Path Delay:        1.233ns  (logic 0.433ns (35.130%)  route 0.800ns (64.870%))
  Logic Levels:           0  
  Timing Exception:       MaxDelay Path 6.000ns -datapath_only

    Location             Delay type                Incr(ns)  Path(ns)    Netlist Resource(s)
  -------------------------------------------------------------------    -------------------
    SLICE_X56Y19                                      0.000     0.000 r  CAPTURE_SUBSYSTEM/MAILBOX/status_hold_nvp_reg[66]/C
    SLICE_X56Y19         FDRE (Prop_fdre_C_Q)         0.433     0.433 r  CAPTURE_SUBSYSTEM/MAILBOX/status_hold_nvp_reg[66]/Q
                         net (fo=2, routed)           0.800     1.233    CAPTURE_SUBSYSTEM/MAILBOX/status_hold_nvp_reg[323]_0[63]
    SLICE_X53Y32         FDRE                                         r  CAPTURE_SUBSYSTEM/MAILBOX/status_bus_pcie_reg[66]/D
  -------------------------------------------------------------------    -------------------

                         max delay                    6.000     6.000    
    SLICE_X53Y32         FDRE (Setup_fdre_C_D)       -0.059     5.941    CAPTURE_SUBSYSTEM/MAILBOX/status_bus_pcie_reg[66]
  -------------------------------------------------------------------
                         required time                          5.941    
                         arrival time                          -1.233    
  -------------------------------------------------------------------
                         slack                                  4.708    

Slack (MET) :             4.710ns  (required time - arrival time)
  Source:                 CAPTURE_SUBSYSTEM/MAILBOX/status_hold_nvp_reg[6]/C
                            (rising edge-triggered cell FDRE clocked by nvp_vclk1  {rise@0.000ns fall@3.367ns period=6.734ns})
  Destination:            CAPTURE_SUBSYSTEM/MAILBOX/status_bus_pcie_reg[6]/D
                            (rising edge-triggered cell FDRE clocked by userclk1  {rise@0.000ns fall@8.000ns period=16.000ns})
  Path Group:             userclk1
  Path Type:              Setup (Max at Slow Process Corner)
  Requirement:            6.000ns  (MaxDelay Path 6.000ns)
  Data Path Delay:        1.118ns  (logic 0.398ns (35.586%)  route 0.720ns (64.414%))
  Logic Levels:           0  
  Timing Exception:       MaxDelay Path 6.000ns -datapath_only

    Location             Delay type                Incr(ns)  Path(ns)    Netlist Resource(s)
  -------------------------------------------------------------------    -------------------
    SLICE_X52Y14                                      0.000     0.000 r  CAPTURE_SUBSYSTEM/MAILBOX/status_hold_nvp_reg[6]/C
    SLICE_X52Y14         FDRE (Prop_fdre_C_Q)         0.398     0.398 r  CAPTURE_SUBSYSTEM/MAILBOX/status_hold_nvp_reg[6]/Q
                         net (fo=2, routed)           0.720     1.118    CAPTURE_SUBSYSTEM/MAILBOX/status_hold_nvp_reg[323]_0[3]
    SLICE_X53Y19         FDRE                                         r  CAPTURE_SUBSYSTEM/MAILBOX/status_bus_pcie_reg[6]/D
  -------------------------------------------------------------------    -------------------

                         max delay                    6.000     6.000    
    SLICE_X53Y19         FDRE (Setup_fdre_C_D)       -0.172     5.828    CAPTURE_SUBSYSTEM/MAILBOX/status_bus_pcie_reg[6]
  -------------------------------------------------------------------
                         required time                          5.828    
                         arrival time                          -1.118    
  -------------------------------------------------------------------
                         slack                                  4.710    

Slack (MET) :             4.710ns  (required time - arrival time)
  Source:                 CAPTURE_SUBSYSTEM/MAILBOX/status_hold_nvp_reg[135]/C
                            (rising edge-triggered cell FDRE clocked by nvp_vclk1  {rise@0.000ns fall@3.367ns period=6.734ns})
  Destination:            CAPTURE_SUBSYSTEM/MAILBOX/status_bus_pcie_reg[135]/D
                            (rising edge-triggered cell FDRE clocked by userclk1  {rise@0.000ns fall@8.000ns period=16.000ns})
  Path Group:             userclk1
  Path Type:              Setup (Max at Slow Process Corner)
  Requirement:            6.000ns  (MaxDelay Path 6.000ns)
  Data Path Delay:        1.231ns  (logic 0.379ns (30.795%)  route 0.852ns (69.205%))
  Logic Levels:           0  
  Timing Exception:       MaxDelay Path 6.000ns -datapath_only

    Location             Delay type                Incr(ns)  Path(ns)    Netlist Resource(s)
  -------------------------------------------------------------------    -------------------
    SLICE_X53Y25                                      0.000     0.000 r  CAPTURE_SUBSYSTEM/MAILBOX/status_hold_nvp_reg[135]/C
    SLICE_X53Y25         FDRE (Prop_fdre_C_Q)         0.379     0.379 r  CAPTURE_SUBSYSTEM/MAILBOX/status_hold_nvp_reg[135]/Q
                         net (fo=2, routed)           0.852     1.231    CAPTURE_SUBSYSTEM/MAILBOX/status_hold_nvp_reg[323]_0[132]
    SLICE_X47Y15         FDRE                                         r  CAPTURE_SUBSYSTEM/MAILBOX/status_bus_pcie_reg[135]/D
  -------------------------------------------------------------------    -------------------

                         max delay                    6.000     6.000    
    SLICE_X47Y15         FDRE (Setup_fdre_C_D)       -0.059     5.941    CAPTURE_SUBSYSTEM/MAILBOX/status_bus_pcie_reg[135]
  -------------------------------------------------------------------
                         required time                          5.941    
                         arrival time                          -1.231    
  -------------------------------------------------------------------
                         slack                                  4.710    

Slack (MET) :             4.712ns  (required time - arrival time)
  Source:                 CAPTURE_SUBSYSTEM/MAILBOX/status_hold_nvp_reg[34]/C
                            (rising edge-triggered cell FDRE clocked by nvp_vclk1  {rise@0.000ns fall@3.367ns period=6.734ns})
  Destination:            CAPTURE_SUBSYSTEM/MAILBOX/status_bus_pcie_reg[34]/D
                            (rising edge-triggered cell FDRE clocked by userclk1  {rise@0.000ns fall@8.000ns period=16.000ns})
  Path Group:             userclk1
  Path Type:              Setup (Max at Slow Process Corner)
  Requirement:            6.000ns  (MaxDelay Path 6.000ns)
  Data Path Delay:        1.273ns  (logic 0.433ns (34.016%)  route 0.840ns (65.984%))
  Logic Levels:           0  
  Timing Exception:       MaxDelay Path 6.000ns -datapath_only

    Location             Delay type                Incr(ns)  Path(ns)    Netlist Resource(s)
  -------------------------------------------------------------------    -------------------
    SLICE_X56Y16                                      0.000     0.000 r  CAPTURE_SUBSYSTEM/MAILBOX/status_hold_nvp_reg[34]/C
    SLICE_X56Y16         FDRE (Prop_fdre_C_Q)         0.433     0.433 r  CAPTURE_SUBSYSTEM/MAILBOX/status_hold_nvp_reg[34]/Q
                         net (fo=2, routed)           0.840     1.273    CAPTURE_SUBSYSTEM/MAILBOX/status_hold_nvp_reg[323]_0[31]
    SLICE_X54Y26         FDRE                                         r  CAPTURE_SUBSYSTEM/MAILBOX/status_bus_pcie_reg[34]/D
  -------------------------------------------------------------------    -------------------

                         max delay                    6.000     6.000    
    SLICE_X54Y26         FDRE (Setup_fdre_C_D)       -0.015     5.985    CAPTURE_SUBSYSTEM/MAILBOX/status_bus_pcie_reg[34]
  -------------------------------------------------------------------
                         required time                          5.985    
                         arrival time                          -1.273    
  -------------------------------------------------------------------
                         slack                                  4.712    

Slack (MET) :             4.713ns  (required time - arrival time)
  Source:                 CAPTURE_SUBSYSTEM/MAILBOX/status_hold_nvp_reg[176]/C
                            (rising edge-triggered cell FDRE clocked by nvp_vclk1  {rise@0.000ns fall@3.367ns period=6.734ns})
  Destination:            CAPTURE_SUBSYSTEM/MAILBOX/status_bus_pcie_reg[176]/D
                            (rising edge-triggered cell FDRE clocked by userclk1  {rise@0.000ns fall@8.000ns period=16.000ns})
  Path Group:             userclk1
  Path Type:              Setup (Max at Slow Process Corner)
  Requirement:            6.000ns  (MaxDelay Path 6.000ns)
  Data Path Delay:        1.069ns  (logic 0.348ns (32.562%)  route 0.721ns (67.438%))
  Logic Levels:           0  
  Timing Exception:       MaxDelay Path 6.000ns -datapath_only

    Location             Delay type                Incr(ns)  Path(ns)    Netlist Resource(s)
  -------------------------------------------------------------------    -------------------
    SLICE_X43Y18                                      0.000     0.000 r  CAPTURE_SUBSYSTEM/MAILBOX/status_hold_nvp_reg[176]/C
    SLICE_X43Y18         FDRE (Prop_fdre_C_Q)         0.348     0.348 r  CAPTURE_SUBSYSTEM/MAILBOX/status_hold_nvp_reg[176]/Q
                         net (fo=2, routed)           0.721     1.069    CAPTURE_SUBSYSTEM/MAILBOX/status_hold_nvp_reg[323]_0[170]
    SLICE_X49Y18         FDRE                                         r  CAPTURE_SUBSYSTEM/MAILBOX/status_bus_pcie_reg[176]/D
  -------------------------------------------------------------------    -------------------

                         max delay                    6.000     6.000    
    SLICE_X49Y18         FDRE (Setup_fdre_C_D)       -0.218     5.782    CAPTURE_SUBSYSTEM/MAILBOX/status_bus_pcie_reg[176]
  -------------------------------------------------------------------
                         required time                          5.782    
                         arrival time                          -1.069    
  -------------------------------------------------------------------
                         slack                                  4.713    

Slack (MET) :             4.720ns  (required time - arrival time)
  Source:                 CAPTURE_SUBSYSTEM/MAILBOX/status_hold_nvp_reg[31]/C
                            (rising edge-triggered cell FDRE clocked by nvp_vclk1  {rise@0.000ns fall@3.367ns period=6.734ns})
  Destination:            CAPTURE_SUBSYSTEM/MAILBOX/status_bus_pcie_reg[31]/D
                            (rising edge-triggered cell FDRE clocked by userclk1  {rise@0.000ns fall@8.000ns period=16.000ns})
  Path Group:             userclk1
  Path Type:              Setup (Max at Slow Process Corner)
  Requirement:            6.000ns  (MaxDelay Path 6.000ns)
  Data Path Delay:        1.204ns  (logic 0.433ns (35.965%)  route 0.771ns (64.035%))
  Logic Levels:           0  
  Timing Exception:       MaxDelay Path 6.000ns -datapath_only

    Location             Delay type                Incr(ns)  Path(ns)    Netlist Resource(s)
  -------------------------------------------------------------------    -------------------
    SLICE_X56Y16                                      0.000     0.000 r  CAPTURE_SUBSYSTEM/MAILBOX/status_hold_nvp_reg[31]/C
    SLICE_X56Y16         FDRE (Prop_fdre_C_Q)         0.433     0.433 r  CAPTURE_SUBSYSTEM/MAILBOX/status_hold_nvp_reg[31]/Q
                         net (fo=2, routed)           0.771     1.204    CAPTURE_SUBSYSTEM/MAILBOX/status_hold_nvp_reg[323]_0[28]
    SLICE_X57Y16         FDRE                                         r  CAPTURE_SUBSYSTEM/MAILBOX/status_bus_pcie_reg[31]/D
  -------------------------------------------------------------------    -------------------

                         max delay                    6.000     6.000    
    SLICE_X57Y16         FDRE (Setup_fdre_C_D)       -0.076     5.924    CAPTURE_SUBSYSTEM/MAILBOX/status_bus_pcie_reg[31]
  -------------------------------------------------------------------
                         required time                          5.924    
                         arrival time                          -1.204    
  -------------------------------------------------------------------
                         slack                                  4.720    

Slack (MET) :             4.722ns  (required time - arrival time)
  Source:                 CAPTURE_SUBSYSTEM/MAILBOX/status_hold_nvp_reg[29]/C
                            (rising edge-triggered cell FDRE clocked by nvp_vclk1  {rise@0.000ns fall@3.367ns period=6.734ns})
  Destination:            CAPTURE_SUBSYSTEM/MAILBOX/status_bus_pcie_reg[29]/D
                            (rising edge-triggered cell FDRE clocked by userclk1  {rise@0.000ns fall@8.000ns period=16.000ns})
  Path Group:             userclk1
  Path Type:              Setup (Max at Slow Process Corner)
  Requirement:            6.000ns  (MaxDelay Path 6.000ns)
  Data Path Delay:        1.085ns  (logic 0.348ns (32.086%)  route 0.737ns (67.914%))
  Logic Levels:           0  
  Timing Exception:       MaxDelay Path 6.000ns -datapath_only

    Location             Delay type                Incr(ns)  Path(ns)    Netlist Resource(s)
  -------------------------------------------------------------------    -------------------
    SLICE_X53Y16                                      0.000     0.000 r  CAPTURE_SUBSYSTEM/MAILBOX/status_hold_nvp_reg[29]/C
    SLICE_X53Y16         FDRE (Prop_fdre_C_Q)         0.348     0.348 r  CAPTURE_SUBSYSTEM/MAILBOX/status_hold_nvp_reg[29]/Q
                         net (fo=2, routed)           0.737     1.085    CAPTURE_SUBSYSTEM/MAILBOX/status_hold_nvp_reg[323]_0[26]
    SLICE_X58Y16         FDRE                                         r  CAPTURE_SUBSYSTEM/MAILBOX/status_bus_pcie_reg[29]/D
  -------------------------------------------------------------------    -------------------

                         max delay                    6.000     6.000    
    SLICE_X58Y16         FDRE (Setup_fdre_C_D)       -0.193     5.807    CAPTURE_SUBSYSTEM/MAILBOX/status_bus_pcie_reg[29]
  -------------------------------------------------------------------
                         required time                          5.807    
                         arrival time                          -1.085    
  -------------------------------------------------------------------
                         slack                                  4.722    

Slack (MET) :             4.727ns  (required time - arrival time)
  Source:                 CAPTURE_SUBSYSTEM/MAILBOX/status_hold_nvp_reg[63]/C
                            (rising edge-triggered cell FDRE clocked by nvp_vclk1  {rise@0.000ns fall@3.367ns period=6.734ns})
  Destination:            CAPTURE_SUBSYSTEM/MAILBOX/status_bus_pcie_reg[63]/D
                            (rising edge-triggered cell FDRE clocked by userclk1  {rise@0.000ns fall@8.000ns period=16.000ns})
  Path Group:             userclk1
  Path Type:              Setup (Max at Slow Process Corner)
  Requirement:            6.000ns  (MaxDelay Path 6.000ns)
  Data Path Delay:        1.214ns  (logic 0.433ns (35.677%)  route 0.781ns (64.323%))
  Logic Levels:           0  
  Timing Exception:       MaxDelay Path 6.000ns -datapath_only

    Location             Delay type                Incr(ns)  Path(ns)    Netlist Resource(s)
  -------------------------------------------------------------------    -------------------
    SLICE_X56Y19                                      0.000     0.000 r  CAPTURE_SUBSYSTEM/MAILBOX/status_hold_nvp_reg[63]/C
    SLICE_X56Y19         FDRE (Prop_fdre_C_Q)         0.433     0.433 r  CAPTURE_SUBSYSTEM/MAILBOX/status_hold_nvp_reg[63]/Q
                         net (fo=2, routed)           0.781     1.214    CAPTURE_SUBSYSTEM/MAILBOX/status_hold_nvp_reg[323]_0[60]
    SLICE_X55Y30         FDRE                                         r  CAPTURE_SUBSYSTEM/MAILBOX/status_bus_pcie_reg[63]/D
  -------------------------------------------------------------------    -------------------

                         max delay                    6.000     6.000    
    SLICE_X55Y30         FDRE (Setup_fdre_C_D)       -0.059     5.941    CAPTURE_SUBSYSTEM/MAILBOX/status_bus_pcie_reg[63]
  -------------------------------------------------------------------
                         required time                          5.941    
                         arrival time                          -1.214    
  -------------------------------------------------------------------
                         slack                                  4.727    

Slack (MET) :             4.734ns  (required time - arrival time)
  Source:                 CAPTURE_SUBSYSTEM/MAILBOX/status_hold_nvp_reg[234]/C
                            (rising edge-triggered cell FDRE clocked by nvp_vclk1  {rise@0.000ns fall@3.367ns period=6.734ns})
  Destination:            CAPTURE_SUBSYSTEM/MAILBOX/status_bus_pcie_reg[234]/D
                            (rising edge-triggered cell FDRE clocked by userclk1  {rise@0.000ns fall@8.000ns period=16.000ns})
  Path Group:             userclk1
  Path Type:              Setup (Max at Slow Process Corner)
  Requirement:            6.000ns  (MaxDelay Path 6.000ns)
  Data Path Delay:        1.222ns  (logic 0.379ns (31.023%)  route 0.843ns (68.977%))
  Logic Levels:           0  
  Timing Exception:       MaxDelay Path 6.000ns -datapath_only

    Location             Delay type                Incr(ns)  Path(ns)    Netlist Resource(s)
  -------------------------------------------------------------------    -------------------
    SLICE_X44Y25                                      0.000     0.000 r  CAPTURE_SUBSYSTEM/MAILBOX/status_hold_nvp_reg[234]/C
    SLICE_X44Y25         FDRE (Prop_fdre_C_Q)         0.379     0.379 r  CAPTURE_SUBSYSTEM/MAILBOX/status_hold_nvp_reg[234]/Q
                         net (fo=2, routed)           0.843     1.222    CAPTURE_SUBSYSTEM/MAILBOX/status_last_nvp[234]
    SLICE_X45Y16         FDRE                                         r  CAPTURE_SUBSYSTEM/MAILBOX/status_bus_pcie_reg[234]/D
  -------------------------------------------------------------------    -------------------

                         max delay                    6.000     6.000    
    SLICE_X45Y16         FDRE (Setup_fdre_C_D)       -0.044     5.956    CAPTURE_SUBSYSTEM/MAILBOX/status_bus_pcie_reg[234]
  -------------------------------------------------------------------
                         required time                          5.956    
                         arrival time                          -1.222    
  -------------------------------------------------------------------
                         slack                                  4.734    

Slack (MET) :             4.739ns  (required time - arrival time)
  Source:                 CAPTURE_SUBSYSTEM/MAILBOX/status_hold_nvp_reg[306]/C
                            (rising edge-triggered cell FDRE clocked by nvp_vclk1  {rise@0.000ns fall@3.367ns period=6.734ns})
  Destination:            CAPTURE_SUBSYSTEM/MAILBOX/status_bus_pcie_reg[306]/D
                            (rising edge-triggered cell FDRE clocked by userclk1  {rise@0.000ns fall@8.000ns period=16.000ns})
  Path Group:             userclk1
  Path Type:              Setup (Max at Slow Process Corner)
  Requirement:            6.000ns  (MaxDelay Path 6.000ns)
  Data Path Delay:        1.191ns  (logic 0.379ns (31.817%)  route 0.812ns (68.183%))
  Logic Levels:           0  
  Timing Exception:       MaxDelay Path 6.000ns -datapath_only

    Location             Delay type                Incr(ns)  Path(ns)    Netlist Resource(s)
  -------------------------------------------------------------------    -------------------
    SLICE_X48Y28                                      0.000     0.000 r  CAPTURE_SUBSYSTEM/MAILBOX/status_hold_nvp_reg[306]/C
    SLICE_X48Y28         FDRE (Prop_fdre_C_Q)         0.379     0.379 r  CAPTURE_SUBSYSTEM/MAILBOX/status_hold_nvp_reg[306]/Q
                         net (fo=2, routed)           0.812     1.191    CAPTURE_SUBSYSTEM/MAILBOX/status_hold_nvp_reg[323]_0[228]
    SLICE_X51Y25         FDRE                                         r  CAPTURE_SUBSYSTEM/MAILBOX/status_bus_pcie_reg[306]/D
  -------------------------------------------------------------------    -------------------

                         max delay                    6.000     6.000    
    SLICE_X51Y25         FDRE (Setup_fdre_C_D)       -0.070     5.930    CAPTURE_SUBSYSTEM/MAILBOX/status_bus_pcie_reg[306]
  -------------------------------------------------------------------
                         required time                          5.930    
                         arrival time                          -1.191    
  -------------------------------------------------------------------
                         slack                                  4.739    

Slack (MET) :             4.740ns  (required time - arrival time)
  Source:                 CAPTURE_SUBSYSTEM/MAILBOX/status_hold_nvp_reg[172]/C
                            (rising edge-triggered cell FDRE clocked by nvp_vclk1  {rise@0.000ns fall@3.367ns period=6.734ns})
  Destination:            CAPTURE_SUBSYSTEM/MAILBOX/status_bus_pcie_reg[172]/D
                            (rising edge-triggered cell FDRE clocked by userclk1  {rise@0.000ns fall@8.000ns period=16.000ns})
  Path Group:             userclk1
  Path Type:              Setup (Max at Slow Process Corner)
  Requirement:            6.000ns  (MaxDelay Path 6.000ns)
  Data Path Delay:        1.248ns  (logic 0.379ns (30.377%)  route 0.869ns (69.623%))
  Logic Levels:           0  
  Timing Exception:       MaxDelay Path 6.000ns -datapath_only

    Location             Delay type                Incr(ns)  Path(ns)    Netlist Resource(s)
  -------------------------------------------------------------------    -------------------
    SLICE_X47Y17                                      0.000     0.000 r  CAPTURE_SUBSYSTEM/MAILBOX/status_hold_nvp_reg[172]/C
    SLICE_X47Y17         FDRE (Prop_fdre_C_Q)         0.379     0.379 r  CAPTURE_SUBSYSTEM/MAILBOX/status_hold_nvp_reg[172]/Q
                         net (fo=2, routed)           0.869     1.248    CAPTURE_SUBSYSTEM/MAILBOX/status_hold_nvp_reg[323]_0[166]
    SLICE_X52Y21         FDRE                                         r  CAPTURE_SUBSYSTEM/MAILBOX/status_bus_pcie_reg[172]/D
  -------------------------------------------------------------------    -------------------

                         max delay                    6.000     6.000    
    SLICE_X52Y21         FDRE (Setup_fdre_C_D)       -0.012     5.988    CAPTURE_SUBSYSTEM/MAILBOX/status_bus_pcie_reg[172]
  -------------------------------------------------------------------
                         required time                          5.988    
                         arrival time                          -1.248    
  -------------------------------------------------------------------
                         slack                                  4.740    

Slack (MET) :             4.741ns  (required time - arrival time)
  Source:                 CAPTURE_SUBSYSTEM/MAILBOX/status_hold_nvp_reg[314]/C
                            (rising edge-triggered cell FDRE clocked by nvp_vclk1  {rise@0.000ns fall@3.367ns period=6.734ns})
  Destination:            CAPTURE_SUBSYSTEM/MAILBOX/status_bus_pcie_reg[314]/D
                            (rising edge-triggered cell FDRE clocked by userclk1  {rise@0.000ns fall@8.000ns period=16.000ns})
  Path Group:             userclk1
  Path Type:              Setup (Max at Slow Process Corner)
  Requirement:            6.000ns  (MaxDelay Path 6.000ns)
  Data Path Delay:        1.051ns  (logic 0.348ns (33.096%)  route 0.703ns (66.904%))
  Logic Levels:           0  
  Timing Exception:       MaxDelay Path 6.000ns -datapath_only

    Location             Delay type                Incr(ns)  Path(ns)    Netlist Resource(s)
  -------------------------------------------------------------------    -------------------
    SLICE_X48Y28                                      0.000     0.000 r  CAPTURE_SUBSYSTEM/MAILBOX/status_hold_nvp_reg[314]/C
    SLICE_X48Y28         FDRE (Prop_fdre_C_Q)         0.348     0.348 r  CAPTURE_SUBSYSTEM/MAILBOX/status_hold_nvp_reg[314]/Q
                         net (fo=2, routed)           0.703     1.051    CAPTURE_SUBSYSTEM/MAILBOX/status_hold_nvp_reg[323]_0[236]
    SLICE_X51Y27         FDRE                                         r  CAPTURE_SUBSYSTEM/MAILBOX/status_bus_pcie_reg[314]/D
  -------------------------------------------------------------------    -------------------

                         max delay                    6.000     6.000    
    SLICE_X51Y27         FDRE (Setup_fdre_C_D)       -0.208     5.792    CAPTURE_SUBSYSTEM/MAILBOX/status_bus_pcie_reg[314]
  -------------------------------------------------------------------
                         required time                          5.792    
                         arrival time                          -1.051    
  -------------------------------------------------------------------
                         slack                                  4.741    

Slack (MET) :             4.741ns  (required time - arrival time)
  Source:                 CAPTURE_SUBSYSTEM/MAILBOX/status_hold_nvp_reg[190]/C
                            (rising edge-triggered cell FDRE clocked by nvp_vclk1  {rise@0.000ns fall@3.367ns period=6.734ns})
  Destination:            CAPTURE_SUBSYSTEM/MAILBOX/status_bus_pcie_reg[190]/D
                            (rising edge-triggered cell FDRE clocked by userclk1  {rise@0.000ns fall@8.000ns period=16.000ns})
  Path Group:             userclk1
  Path Type:              Setup (Max at Slow Process Corner)
  Requirement:            6.000ns  (MaxDelay Path 6.000ns)
  Data Path Delay:        1.052ns  (logic 0.348ns (33.065%)  route 0.704ns (66.935%))
  Logic Levels:           0  
  Timing Exception:       MaxDelay Path 6.000ns -datapath_only

    Location             Delay type                Incr(ns)  Path(ns)    Netlist Resource(s)
  -------------------------------------------------------------------    -------------------
    SLICE_X43Y20                                      0.000     0.000 r  CAPTURE_SUBSYSTEM/MAILBOX/status_hold_nvp_reg[190]/C
    SLICE_X43Y20         FDRE (Prop_fdre_C_Q)         0.348     0.348 r  CAPTURE_SUBSYSTEM/MAILBOX/status_hold_nvp_reg[190]/Q
                         net (fo=2, routed)           0.704     1.052    CAPTURE_SUBSYSTEM/MAILBOX/status_hold_nvp_reg[323]_0[184]
    SLICE_X53Y20         FDRE                                         r  CAPTURE_SUBSYSTEM/MAILBOX/status_bus_pcie_reg[190]/D
  -------------------------------------------------------------------    -------------------

                         max delay                    6.000     6.000    
    SLICE_X53Y20         FDRE (Setup_fdre_C_D)       -0.207     5.793    CAPTURE_SUBSYSTEM/MAILBOX/status_bus_pcie_reg[190]
  -------------------------------------------------------------------
                         required time                          5.793    
                         arrival time                          -1.052    
  -------------------------------------------------------------------
                         slack                                  4.741    

Slack (MET) :             4.743ns  (required time - arrival time)
  Source:                 CAPTURE_SUBSYSTEM/MAILBOX/status_hold_nvp_reg[196]/C
                            (rising edge-triggered cell FDRE clocked by nvp_vclk1  {rise@0.000ns fall@3.367ns period=6.734ns})
  Destination:            CAPTURE_SUBSYSTEM/MAILBOX/status_bus_pcie_reg[196]/D
                            (rising edge-triggered cell FDRE clocked by userclk1  {rise@0.000ns fall@8.000ns period=16.000ns})
  Path Group:             userclk1
  Path Type:              Setup (Max at Slow Process Corner)
  Requirement:            6.000ns  (MaxDelay Path 6.000ns)
  Data Path Delay:        1.198ns  (logic 0.379ns (31.626%)  route 0.819ns (68.374%))
  Logic Levels:           0  
  Timing Exception:       MaxDelay Path 6.000ns -datapath_only

    Location             Delay type                Incr(ns)  Path(ns)    Netlist Resource(s)
  -------------------------------------------------------------------    -------------------
    SLICE_X43Y24                                      0.000     0.000 r  CAPTURE_SUBSYSTEM/MAILBOX/status_hold_nvp_reg[196]/C
    SLICE_X43Y24         FDRE (Prop_fdre_C_Q)         0.379     0.379 r  CAPTURE_SUBSYSTEM/MAILBOX/status_hold_nvp_reg[196]/Q
                         net (fo=3, routed)           0.819     1.198    CAPTURE_SUBSYSTEM/MAILBOX/status_hold_nvp_reg[323]_0[189]
    SLICE_X47Y16         FDRE                                         r  CAPTURE_SUBSYSTEM/MAILBOX/status_bus_pcie_reg[196]/D
  -------------------------------------------------------------------    -------------------

                         max delay                    6.000     6.000    
    SLICE_X47Y16         FDRE (Setup_fdre_C_D)       -0.059     5.941    CAPTURE_SUBSYSTEM/MAILBOX/status_bus_pcie_reg[196]
  -------------------------------------------------------------------
                         required time                          5.941    
                         arrival time                          -1.198    
  -------------------------------------------------------------------
                         slack                                  4.743    

Slack (MET) :             4.744ns  (required time - arrival time)
  Source:                 CAPTURE_SUBSYSTEM/MAILBOX/status_hold_nvp_reg[36]/C
                            (rising edge-triggered cell FDRE clocked by nvp_vclk1  {rise@0.000ns fall@3.367ns period=6.734ns})
  Destination:            CAPTURE_SUBSYSTEM/MAILBOX/status_bus_pcie_reg[36]/D
                            (rising edge-triggered cell FDRE clocked by userclk1  {rise@0.000ns fall@8.000ns period=16.000ns})
  Path Group:             userclk1
  Path Type:              Setup (Max at Slow Process Corner)
  Requirement:            6.000ns  (MaxDelay Path 6.000ns)
  Data Path Delay:        1.090ns  (logic 0.398ns (36.504%)  route 0.692ns (63.496%))
  Logic Levels:           0  
  Timing Exception:       MaxDelay Path 6.000ns -datapath_only

    Location             Delay type                Incr(ns)  Path(ns)    Netlist Resource(s)
  -------------------------------------------------------------------    -------------------
    SLICE_X56Y14                                      0.000     0.000 r  CAPTURE_SUBSYSTEM/MAILBOX/status_hold_nvp_reg[36]/C
    SLICE_X56Y14         FDRE (Prop_fdre_C_Q)         0.398     0.398 r  CAPTURE_SUBSYSTEM/MAILBOX/status_hold_nvp_reg[36]/Q
                         net (fo=2, routed)           0.692     1.090    CAPTURE_SUBSYSTEM/MAILBOX/status_hold_nvp_reg[323]_0[33]
    SLICE_X51Y15         FDRE                                         r  CAPTURE_SUBSYSTEM/MAILBOX/status_bus_pcie_reg[36]/D
  -------------------------------------------------------------------    -------------------

                         max delay                    6.000     6.000    
    SLICE_X51Y15         FDRE (Setup_fdre_C_D)       -0.166     5.834    CAPTURE_SUBSYSTEM/MAILBOX/status_bus_pcie_reg[36]
  -------------------------------------------------------------------
                         required time                          5.834    
                         arrival time                          -1.090    
  -------------------------------------------------------------------
                         slack                                  4.744    

Slack (MET) :             4.746ns  (required time - arrival time)
  Source:                 CAPTURE_SUBSYSTEM/MAILBOX/status_hold_nvp_reg[149]/C
                            (rising edge-triggered cell FDRE clocked by nvp_vclk1  {rise@0.000ns fall@3.367ns period=6.734ns})
  Destination:            CAPTURE_SUBSYSTEM/MAILBOX/status_bus_pcie_reg[149]/D
                            (rising edge-triggered cell FDRE clocked by userclk1  {rise@0.000ns fall@8.000ns period=16.000ns})
  Path Group:             userclk1
  Path Type:              Setup (Max at Slow Process Corner)
  Requirement:            6.000ns  (MaxDelay Path 6.000ns)
  Data Path Delay:        1.227ns  (logic 0.379ns (30.879%)  route 0.848ns (69.121%))
  Logic Levels:           0  
  Timing Exception:       MaxDelay Path 6.000ns -datapath_only

    Location             Delay type                Incr(ns)  Path(ns)    Netlist Resource(s)
  -------------------------------------------------------------------    -------------------
    SLICE_X45Y17                                      0.000     0.000 r  CAPTURE_SUBSYSTEM/MAILBOX/status_hold_nvp_reg[149]/C
    SLICE_X45Y17         FDRE (Prop_fdre_C_Q)         0.379     0.379 r  CAPTURE_SUBSYSTEM/MAILBOX/status_hold_nvp_reg[149]/Q
                         net (fo=2, routed)           0.848     1.227    CAPTURE_SUBSYSTEM/MAILBOX/status_hold_nvp_reg[323]_0[146]
    SLICE_X52Y29         FDRE                                         r  CAPTURE_SUBSYSTEM/MAILBOX/status_bus_pcie_reg[149]/D
  -------------------------------------------------------------------    -------------------

                         max delay                    6.000     6.000    
    SLICE_X52Y29         FDRE (Setup_fdre_C_D)       -0.027     5.973    CAPTURE_SUBSYSTEM/MAILBOX/status_bus_pcie_reg[149]
  -------------------------------------------------------------------
                         required time                          5.973    
                         arrival time                          -1.227    
  -------------------------------------------------------------------
                         slack                                  4.746    

Slack (MET) :             4.746ns  (required time - arrival time)
  Source:                 CAPTURE_SUBSYSTEM/MAILBOX/status_hold_nvp_reg[214]/C
                            (rising edge-triggered cell FDRE clocked by nvp_vclk1  {rise@0.000ns fall@3.367ns period=6.734ns})
  Destination:            CAPTURE_SUBSYSTEM/MAILBOX/status_bus_pcie_reg[214]/D
                            (rising edge-triggered cell FDRE clocked by userclk1  {rise@0.000ns fall@8.000ns period=16.000ns})
  Path Group:             userclk1
  Path Type:              Setup (Max at Slow Process Corner)
  Requirement:            6.000ns  (MaxDelay Path 6.000ns)
  Data Path Delay:        1.195ns  (logic 0.433ns (36.223%)  route 0.762ns (63.777%))
  Logic Levels:           0  
  Timing Exception:       MaxDelay Path 6.000ns -datapath_only

    Location             Delay type                Incr(ns)  Path(ns)    Netlist Resource(s)
  -------------------------------------------------------------------    -------------------
    SLICE_X42Y32                                      0.000     0.000 r  CAPTURE_SUBSYSTEM/MAILBOX/status_hold_nvp_reg[214]/C
    SLICE_X42Y32         FDRE (Prop_fdre_C_Q)         0.433     0.433 r  CAPTURE_SUBSYSTEM/MAILBOX/status_hold_nvp_reg[214]/Q
                         net (fo=3, routed)           0.762     1.195    CAPTURE_SUBSYSTEM/MAILBOX/status_last_nvp[214]
    SLICE_X41Y22         FDRE                                         r  CAPTURE_SUBSYSTEM/MAILBOX/status_bus_pcie_reg[214]/D
  -------------------------------------------------------------------    -------------------

                         max delay                    6.000     6.000    
    SLICE_X41Y22         FDRE (Setup_fdre_C_D)       -0.059     5.941    CAPTURE_SUBSYSTEM/MAILBOX/status_bus_pcie_reg[214]
  -------------------------------------------------------------------
                         required time                          5.941    
                         arrival time                          -1.195    
  -------------------------------------------------------------------
                         slack                                  4.746    

Slack (MET) :             4.756ns  (required time - arrival time)
  Source:                 CAPTURE_SUBSYSTEM/MAILBOX/status_hold_nvp_reg[3]/C
                            (rising edge-triggered cell FDRE clocked by nvp_vclk1  {rise@0.000ns fall@3.367ns period=6.734ns})
  Destination:            CAPTURE_SUBSYSTEM/MAILBOX/status_bus_pcie_reg[3]/D
                            (rising edge-triggered cell FDRE clocked by userclk1  {rise@0.000ns fall@8.000ns period=16.000ns})
  Path Group:             userclk1
  Path Type:              Setup (Max at Slow Process Corner)
  Requirement:            6.000ns  (MaxDelay Path 6.000ns)
  Data Path Delay:        1.055ns  (logic 0.398ns (37.733%)  route 0.657ns (62.267%))
  Logic Levels:           0  
  Timing Exception:       MaxDelay Path 6.000ns -datapath_only

    Location             Delay type                Incr(ns)  Path(ns)    Netlist Resource(s)
  -------------------------------------------------------------------    -------------------
    SLICE_X52Y16                                      0.000     0.000 r  CAPTURE_SUBSYSTEM/MAILBOX/status_hold_nvp_reg[3]/C
    SLICE_X52Y16         FDRE (Prop_fdre_C_Q)         0.398     0.398 r  CAPTURE_SUBSYSTEM/MAILBOX/status_hold_nvp_reg[3]/Q
                         net (fo=2, routed)           0.657     1.055    CAPTURE_SUBSYSTEM/MAILBOX/status_hold_nvp_reg[323]_0[0]
    SLICE_X48Y15         FDRE                                         r  CAPTURE_SUBSYSTEM/MAILBOX/status_bus_pcie_reg[3]/D
  -------------------------------------------------------------------    -------------------

                         max delay                    6.000     6.000    
    SLICE_X48Y15         FDRE (Setup_fdre_C_D)       -0.189     5.811    CAPTURE_SUBSYSTEM/MAILBOX/status_bus_pcie_reg[3]
  -------------------------------------------------------------------
                         required time                          5.811    
                         arrival time                          -1.055    
  -------------------------------------------------------------------
                         slack                                  4.756    

Slack (MET) :             4.759ns  (required time - arrival time)
  Source:                 CAPTURE_SUBSYSTEM/MAILBOX/status_hold_nvp_reg[171]/C
                            (rising edge-triggered cell FDRE clocked by nvp_vclk1  {rise@0.000ns fall@3.367ns period=6.734ns})
  Destination:            CAPTURE_SUBSYSTEM/MAILBOX/status_bus_pcie_reg[171]/D
                            (rising edge-triggered cell FDRE clocked by userclk1  {rise@0.000ns fall@8.000ns period=16.000ns})
  Path Group:             userclk1
  Path Type:              Setup (Max at Slow Process Corner)
  Requirement:            6.000ns  (MaxDelay Path 6.000ns)
  Data Path Delay:        1.156ns  (logic 0.379ns (32.775%)  route 0.777ns (67.225%))
  Logic Levels:           0  
  Timing Exception:       MaxDelay Path 6.000ns -datapath_only

    Location             Delay type                Incr(ns)  Path(ns)    Netlist Resource(s)
  -------------------------------------------------------------------    -------------------
    SLICE_X43Y18                                      0.000     0.000 r  CAPTURE_SUBSYSTEM/MAILBOX/status_hold_nvp_reg[171]/C
    SLICE_X43Y18         FDRE (Prop_fdre_C_Q)         0.379     0.379 r  CAPTURE_SUBSYSTEM/MAILBOX/status_hold_nvp_reg[171]/Q
                         net (fo=2, routed)           0.777     1.156    CAPTURE_SUBSYSTEM/MAILBOX/status_hold_nvp_reg[323]_0[165]
    SLICE_X49Y16         FDRE                                         r  CAPTURE_SUBSYSTEM/MAILBOX/status_bus_pcie_reg[171]/D
  -------------------------------------------------------------------    -------------------

                         max delay                    6.000     6.000    
    SLICE_X49Y16         FDRE (Setup_fdre_C_D)       -0.085     5.915    CAPTURE_SUBSYSTEM/MAILBOX/status_bus_pcie_reg[171]
  -------------------------------------------------------------------
                         required time                          5.915    
                         arrival time                          -1.156    
  -------------------------------------------------------------------
                         slack                                  4.759    

Slack (MET) :             4.764ns  (required time - arrival time)
  Source:                 CAPTURE_SUBSYSTEM/MAILBOX/status_hold_nvp_reg[158]/C
                            (rising edge-triggered cell FDRE clocked by nvp_vclk1  {rise@0.000ns fall@3.367ns period=6.734ns})
  Destination:            CAPTURE_SUBSYSTEM/MAILBOX/status_bus_pcie_reg[158]/D
                            (rising edge-triggered cell FDRE clocked by userclk1  {rise@0.000ns fall@8.000ns period=16.000ns})
  Path Group:             userclk1
  Path Type:              Setup (Max at Slow Process Corner)
  Requirement:            6.000ns  (MaxDelay Path 6.000ns)
  Data Path Delay:        1.197ns  (logic 0.379ns (31.656%)  route 0.818ns (68.344%))
  Logic Levels:           0  
  Timing Exception:       MaxDelay Path 6.000ns -datapath_only

    Location             Delay type                Incr(ns)  Path(ns)    Netlist Resource(s)
  -------------------------------------------------------------------    -------------------
    SLICE_X49Y19                                      0.000     0.000 r  CAPTURE_SUBSYSTEM/MAILBOX/status_hold_nvp_reg[158]/C
    SLICE_X49Y19         FDRE (Prop_fdre_C_Q)         0.379     0.379 r  CAPTURE_SUBSYSTEM/MAILBOX/status_hold_nvp_reg[158]/Q
                         net (fo=2, routed)           0.818     1.197    CAPTURE_SUBSYSTEM/MAILBOX/status_hold_nvp_reg[323]_0[155]
    SLICE_X53Y27         FDRE                                         r  CAPTURE_SUBSYSTEM/MAILBOX/status_bus_pcie_reg[158]/D
  -------------------------------------------------------------------    -------------------

                         max delay                    6.000     6.000    
    SLICE_X53Y27         FDRE (Setup_fdre_C_D)       -0.039     5.961    CAPTURE_SUBSYSTEM/MAILBOX/status_bus_pcie_reg[158]
  -------------------------------------------------------------------
                         required time                          5.961    
                         arrival time                          -1.197    
  -------------------------------------------------------------------
                         slack                                  4.764    

Slack (MET) :             4.766ns  (required time - arrival time)
  Source:                 CAPTURE_SUBSYSTEM/MAILBOX/status_hold_nvp_reg[164]/C
                            (rising edge-triggered cell FDRE clocked by nvp_vclk1  {rise@0.000ns fall@3.367ns period=6.734ns})
  Destination:            CAPTURE_SUBSYSTEM/MAILBOX/status_bus_pcie_reg[164]/D
                            (rising edge-triggered cell FDRE clocked by userclk1  {rise@0.000ns fall@8.000ns period=16.000ns})
  Path Group:             userclk1
  Path Type:              Setup (Max at Slow Process Corner)
  Requirement:            6.000ns  (MaxDelay Path 6.000ns)
  Data Path Delay:        1.055ns  (logic 0.348ns (32.987%)  route 0.707ns (67.013%))
  Logic Levels:           0  
  Timing Exception:       MaxDelay Path 6.000ns -datapath_only

    Location             Delay type                Incr(ns)  Path(ns)    Netlist Resource(s)
  -------------------------------------------------------------------    -------------------
    SLICE_X43Y16                                      0.000     0.000 r  CAPTURE_SUBSYSTEM/MAILBOX/status_hold_nvp_reg[164]/C
    SLICE_X43Y16         FDRE (Prop_fdre_C_Q)         0.348     0.348 r  CAPTURE_SUBSYSTEM/MAILBOX/status_hold_nvp_reg[164]/Q
                         net (fo=2, routed)           0.707     1.055    CAPTURE_SUBSYSTEM/MAILBOX/status_last_nvp[164]
    SLICE_X51Y16         FDRE                                         r  CAPTURE_SUBSYSTEM/MAILBOX/status_bus_pcie_reg[164]/D
  -------------------------------------------------------------------    -------------------

                         max delay                    6.000     6.000    
    SLICE_X51Y16         FDRE (Setup_fdre_C_D)       -0.179     5.821    CAPTURE_SUBSYSTEM/MAILBOX/status_bus_pcie_reg[164]
  -------------------------------------------------------------------
                         required time                          5.821    
                         arrival time                          -1.055    
  -------------------------------------------------------------------
                         slack                                  4.766    

Slack (MET) :             4.769ns  (required time - arrival time)
  Source:                 CAPTURE_SUBSYSTEM/MAILBOX/status_hold_nvp_reg[113]/C
                            (rising edge-triggered cell FDRE clocked by nvp_vclk1  {rise@0.000ns fall@3.367ns period=6.734ns})
  Destination:            CAPTURE_SUBSYSTEM/MAILBOX/status_bus_pcie_reg[113]/D
                            (rising edge-triggered cell FDRE clocked by userclk1  {rise@0.000ns fall@8.000ns period=16.000ns})
  Path Group:             userclk1
  Path Type:              Setup (Max at Slow Process Corner)
  Requirement:            6.000ns  (MaxDelay Path 6.000ns)
  Data Path Delay:        1.189ns  (logic 0.379ns (31.873%)  route 0.810ns (68.127%))
  Logic Levels:           0  
  Timing Exception:       MaxDelay Path 6.000ns -datapath_only

    Location             Delay type                Incr(ns)  Path(ns)    Netlist Resource(s)
  -------------------------------------------------------------------    -------------------
    SLICE_X53Y26                                      0.000     0.000 r  CAPTURE_SUBSYSTEM/MAILBOX/status_hold_nvp_reg[113]/C
    SLICE_X53Y26         FDRE (Prop_fdre_C_Q)         0.379     0.379 r  CAPTURE_SUBSYSTEM/MAILBOX/status_hold_nvp_reg[113]/Q
                         net (fo=2, routed)           0.810     1.189    CAPTURE_SUBSYSTEM/MAILBOX/status_hold_nvp_reg[323]_0[110]
    SLICE_X51Y17         FDRE                                         r  CAPTURE_SUBSYSTEM/MAILBOX/status_bus_pcie_reg[113]/D
  -------------------------------------------------------------------    -------------------

                         max delay                    6.000     6.000    
    SLICE_X51Y17         FDRE (Setup_fdre_C_D)       -0.042     5.958    CAPTURE_SUBSYSTEM/MAILBOX/status_bus_pcie_reg[113]
  -------------------------------------------------------------------
                         required time                          5.958    
                         arrival time                          -1.189    
  -------------------------------------------------------------------
                         slack                                  4.769    

Slack (MET) :             4.770ns  (required time - arrival time)
  Source:                 CAPTURE_SUBSYSTEM/MAILBOX/status_hold_nvp_reg[188]/C
                            (rising edge-triggered cell FDRE clocked by nvp_vclk1  {rise@0.000ns fall@3.367ns period=6.734ns})
  Destination:            CAPTURE_SUBSYSTEM/MAILBOX/status_bus_pcie_reg[188]/D
                            (rising edge-triggered cell FDRE clocked by userclk1  {rise@0.000ns fall@8.000ns period=16.000ns})
  Path Group:             userclk1
  Path Type:              Setup (Max at Slow Process Corner)
  Requirement:            6.000ns  (MaxDelay Path 6.000ns)
  Data Path Delay:        1.203ns  (logic 0.379ns (31.513%)  route 0.824ns (68.487%))
  Logic Levels:           0  
  Timing Exception:       MaxDelay Path 6.000ns -datapath_only

    Location             Delay type                Incr(ns)  Path(ns)    Netlist Resource(s)
  -------------------------------------------------------------------    -------------------
    SLICE_X43Y20                                      0.000     0.000 r  CAPTURE_SUBSYSTEM/MAILBOX/status_hold_nvp_reg[188]/C
    SLICE_X43Y20         FDRE (Prop_fdre_C_Q)         0.379     0.379 r  CAPTURE_SUBSYSTEM/MAILBOX/status_hold_nvp_reg[188]/Q
                         net (fo=2, routed)           0.824     1.203    CAPTURE_SUBSYSTEM/MAILBOX/status_hold_nvp_reg[323]_0[182]
    SLICE_X52Y26         FDRE                                         r  CAPTURE_SUBSYSTEM/MAILBOX/status_bus_pcie_reg[188]/D
  -------------------------------------------------------------------    -------------------

                         max delay                    6.000     6.000    
    SLICE_X52Y26         FDRE (Setup_fdre_C_D)       -0.027     5.973    CAPTURE_SUBSYSTEM/MAILBOX/status_bus_pcie_reg[188]
  -------------------------------------------------------------------
                         required time                          5.973    
                         arrival time                          -1.203    
  -------------------------------------------------------------------
                         slack                                  4.770    

Slack (MET) :             4.774ns  (required time - arrival time)
  Source:                 CAPTURE_SUBSYSTEM/MAILBOX/status_hold_nvp_reg[48]/C
                            (rising edge-triggered cell FDRE clocked by nvp_vclk1  {rise@0.000ns fall@3.367ns period=6.734ns})
  Destination:            CAPTURE_SUBSYSTEM/MAILBOX/status_bus_pcie_reg[48]/D
                            (rising edge-triggered cell FDRE clocked by userclk1  {rise@0.000ns fall@8.000ns period=16.000ns})
  Path Group:             userclk1
  Path Type:              Setup (Max at Slow Process Corner)
  Requirement:            6.000ns  (MaxDelay Path 6.000ns)
  Data Path Delay:        1.032ns  (logic 0.348ns (33.719%)  route 0.684ns (66.281%))
  Logic Levels:           0  
  Timing Exception:       MaxDelay Path 6.000ns -datapath_only

    Location             Delay type                Incr(ns)  Path(ns)    Netlist Resource(s)
  -------------------------------------------------------------------    -------------------
    SLICE_X58Y17                                      0.000     0.000 r  CAPTURE_SUBSYSTEM/MAILBOX/status_hold_nvp_reg[48]/C
    SLICE_X58Y17         FDRE (Prop_fdre_C_Q)         0.348     0.348 r  CAPTURE_SUBSYSTEM/MAILBOX/status_hold_nvp_reg[48]/Q
                         net (fo=2, routed)           0.684     1.032    CAPTURE_SUBSYSTEM/MAILBOX/status_hold_nvp_reg[323]_0[45]
    SLICE_X58Y15         FDRE                                         r  CAPTURE_SUBSYSTEM/MAILBOX/status_bus_pcie_reg[48]/D
  -------------------------------------------------------------------    -------------------

                         max delay                    6.000     6.000    
    SLICE_X58Y15         FDRE (Setup_fdre_C_D)       -0.194     5.806    CAPTURE_SUBSYSTEM/MAILBOX/status_bus_pcie_reg[48]
  -------------------------------------------------------------------
                         required time                          5.806    
                         arrival time                          -1.032    
  -------------------------------------------------------------------
                         slack                                  4.774    

Slack (MET) :             4.776ns  (required time - arrival time)
  Source:                 CAPTURE_SUBSYSTEM/MAILBOX/status_hold_nvp_reg[205]/C
                            (rising edge-triggered cell FDRE clocked by nvp_vclk1  {rise@0.000ns fall@3.367ns period=6.734ns})
  Destination:            CAPTURE_SUBSYSTEM/MAILBOX/status_bus_pcie_reg[205]/D
                            (rising edge-triggered cell FDRE clocked by userclk1  {rise@0.000ns fall@8.000ns period=16.000ns})
  Path Group:             userclk1
  Path Type:              Setup (Max at Slow Process Corner)
  Requirement:            6.000ns  (MaxDelay Path 6.000ns)
  Data Path Delay:        1.197ns  (logic 0.379ns (31.661%)  route 0.818ns (68.339%))
  Logic Levels:           0  
  Timing Exception:       MaxDelay Path 6.000ns -datapath_only

    Location             Delay type                Incr(ns)  Path(ns)    Netlist Resource(s)
  -------------------------------------------------------------------    -------------------
    SLICE_X44Y26                                      0.000     0.000 r  CAPTURE_SUBSYSTEM/MAILBOX/status_hold_nvp_reg[205]/C
    SLICE_X44Y26         FDRE (Prop_fdre_C_Q)         0.379     0.379 r  CAPTURE_SUBSYSTEM/MAILBOX/status_hold_nvp_reg[205]/Q
                         net (fo=3, routed)           0.818     1.197    CAPTURE_SUBSYSTEM/MAILBOX/status_last_nvp[205]
    SLICE_X52Y24         FDRE                                         r  CAPTURE_SUBSYSTEM/MAILBOX/status_bus_pcie_reg[205]/D
  -------------------------------------------------------------------    -------------------

                         max delay                    6.000     6.000    
    SLICE_X52Y24         FDRE (Setup_fdre_C_D)       -0.027     5.973    CAPTURE_SUBSYSTEM/MAILBOX/status_bus_pcie_reg[205]
  -------------------------------------------------------------------
                         required time                          5.973    
                         arrival time                          -1.197    
  -------------------------------------------------------------------
                         slack                                  4.776    

Slack (MET) :             4.777ns  (required time - arrival time)
  Source:                 CAPTURE_SUBSYSTEM/MAILBOX/status_hold_nvp_reg[256]/C
                            (rising edge-triggered cell FDRE clocked by nvp_vclk1  {rise@0.000ns fall@3.367ns period=6.734ns})
  Destination:            CAPTURE_SUBSYSTEM/MAILBOX/status_bus_pcie_reg[256]/D
                            (rising edge-triggered cell FDRE clocked by userclk1  {rise@0.000ns fall@8.000ns period=16.000ns})
  Path Group:             userclk1
  Path Type:              Setup (Max at Slow Process Corner)
  Requirement:            6.000ns  (MaxDelay Path 6.000ns)
  Data Path Delay:        1.076ns  (logic 0.348ns (32.349%)  route 0.728ns (67.651%))
  Logic Levels:           0  
  Timing Exception:       MaxDelay Path 6.000ns -datapath_only

    Location             Delay type                Incr(ns)  Path(ns)    Netlist Resource(s)
  -------------------------------------------------------------------    -------------------
    SLICE_X45Y31                                      0.000     0.000 r  CAPTURE_SUBSYSTEM/MAILBOX/status_hold_nvp_reg[256]/C
    SLICE_X45Y31         FDRE (Prop_fdre_C_Q)         0.348     0.348 r  CAPTURE_SUBSYSTEM/MAILBOX/status_hold_nvp_reg[256]/Q
                         net (fo=2, routed)           0.728     1.076    CAPTURE_SUBSYSTEM/MAILBOX/status_hold_nvp_reg[323]_0[212]
    SLICE_X50Y32         FDRE                                         r  CAPTURE_SUBSYSTEM/MAILBOX/status_bus_pcie_reg[256]/D
  -------------------------------------------------------------------    -------------------

                         max delay                    6.000     6.000    
    SLICE_X50Y32         FDRE (Setup_fdre_C_D)       -0.147     5.853    CAPTURE_SUBSYSTEM/MAILBOX/status_bus_pcie_reg[256]
  -------------------------------------------------------------------
                         required time                          5.853    
                         arrival time                          -1.076    
  -------------------------------------------------------------------
                         slack                                  4.777    

Slack (MET) :             4.783ns  (required time - arrival time)
  Source:                 CAPTURE_SUBSYSTEM/MAILBOX/status_hold_nvp_reg[79]/C
                            (rising edge-triggered cell FDRE clocked by nvp_vclk1  {rise@0.000ns fall@3.367ns period=6.734ns})
  Destination:            CAPTURE_SUBSYSTEM/MAILBOX/status_bus_pcie_reg[79]/D
                            (rising edge-triggered cell FDRE clocked by userclk1  {rise@0.000ns fall@8.000ns period=16.000ns})
  Path Group:             userclk1
  Path Type:              Setup (Max at Slow Process Corner)
  Requirement:            6.000ns  (MaxDelay Path 6.000ns)
  Data Path Delay:        1.170ns  (logic 0.379ns (32.389%)  route 0.791ns (67.611%))
  Logic Levels:           0  
  Timing Exception:       MaxDelay Path 6.000ns -datapath_only

    Location             Delay type                Incr(ns)  Path(ns)    Netlist Resource(s)
  -------------------------------------------------------------------    -------------------
    SLICE_X59Y20                                      0.000     0.000 r  CAPTURE_SUBSYSTEM/MAILBOX/status_hold_nvp_reg[79]/C
    SLICE_X59Y20         FDRE (Prop_fdre_C_Q)         0.379     0.379 r  CAPTURE_SUBSYSTEM/MAILBOX/status_hold_nvp_reg[79]/Q
                         net (fo=2, routed)           0.791     1.170    CAPTURE_SUBSYSTEM/MAILBOX/status_hold_nvp_reg[323]_0[76]
    SLICE_X59Y19         FDRE                                         r  CAPTURE_SUBSYSTEM/MAILBOX/status_bus_pcie_reg[79]/D
  -------------------------------------------------------------------    -------------------

                         max delay                    6.000     6.000    
    SLICE_X59Y19         FDRE (Setup_fdre_C_D)       -0.047     5.953    CAPTURE_SUBSYSTEM/MAILBOX/status_bus_pcie_reg[79]
  -------------------------------------------------------------------
                         required time                          5.953    
                         arrival time                          -1.170    
  -------------------------------------------------------------------
                         slack                                  4.783    

Slack (MET) :             4.784ns  (required time - arrival time)
  Source:                 CAPTURE_SUBSYSTEM/MAILBOX/status_hold_nvp_reg[85]/C
                            (rising edge-triggered cell FDRE clocked by nvp_vclk1  {rise@0.000ns fall@3.367ns period=6.734ns})
  Destination:            CAPTURE_SUBSYSTEM/MAILBOX/status_bus_pcie_reg[85]/D
                            (rising edge-triggered cell FDRE clocked by userclk1  {rise@0.000ns fall@8.000ns period=16.000ns})
  Path Group:             userclk1
  Path Type:              Setup (Max at Slow Process Corner)
  Requirement:            6.000ns  (MaxDelay Path 6.000ns)
  Data Path Delay:        1.070ns  (logic 0.348ns (32.535%)  route 0.722ns (67.465%))
  Logic Levels:           0  
  Timing Exception:       MaxDelay Path 6.000ns -datapath_only

    Location             Delay type                Incr(ns)  Path(ns)    Netlist Resource(s)
  -------------------------------------------------------------------    -------------------
    SLICE_X55Y22                                      0.000     0.000 r  CAPTURE_SUBSYSTEM/MAILBOX/status_hold_nvp_reg[85]/C
    SLICE_X55Y22         FDRE (Prop_fdre_C_Q)         0.348     0.348 r  CAPTURE_SUBSYSTEM/MAILBOX/status_hold_nvp_reg[85]/Q
                         net (fo=2, routed)           0.722     1.070    CAPTURE_SUBSYSTEM/MAILBOX/status_hold_nvp_reg[323]_0[82]
    SLICE_X56Y22         FDRE                                         r  CAPTURE_SUBSYSTEM/MAILBOX/status_bus_pcie_reg[85]/D
  -------------------------------------------------------------------    -------------------

                         max delay                    6.000     6.000    
    SLICE_X56Y22         FDRE (Setup_fdre_C_D)       -0.146     5.854    CAPTURE_SUBSYSTEM/MAILBOX/status_bus_pcie_reg[85]
  -------------------------------------------------------------------
                         required time                          5.854    
                         arrival time                          -1.070    
  -------------------------------------------------------------------
                         slack                                  4.784    

Slack (MET) :             4.790ns  (required time - arrival time)
  Source:                 CAPTURE_SUBSYSTEM/MAILBOX/status_hold_nvp_reg[240]/C
                            (rising edge-triggered cell FDRE clocked by nvp_vclk1  {rise@0.000ns fall@3.367ns period=6.734ns})
  Destination:            CAPTURE_SUBSYSTEM/MAILBOX/status_bus_pcie_reg[240]/D
                            (rising edge-triggered cell FDRE clocked by userclk1  {rise@0.000ns fall@8.000ns period=16.000ns})
  Path Group:             userclk1
  Path Type:              Setup (Max at Slow Process Corner)
  Requirement:            6.000ns  (MaxDelay Path 6.000ns)
  Data Path Delay:        1.198ns  (logic 0.379ns (31.637%)  route 0.819ns (68.363%))
  Logic Levels:           0  
  Timing Exception:       MaxDelay Path 6.000ns -datapath_only

    Location             Delay type                Incr(ns)  Path(ns)    Netlist Resource(s)
  -------------------------------------------------------------------    -------------------
    SLICE_X45Y31                                      0.000     0.000 r  CAPTURE_SUBSYSTEM/MAILBOX/status_hold_nvp_reg[240]/C
    SLICE_X45Y31         FDRE (Prop_fdre_C_Q)         0.379     0.379 r  CAPTURE_SUBSYSTEM/MAILBOX/status_hold_nvp_reg[240]/Q
                         net (fo=2, routed)           0.819     1.198    CAPTURE_SUBSYSTEM/MAILBOX/status_hold_nvp_reg[323]_0[196]
    SLICE_X52Y24         FDRE                                         r  CAPTURE_SUBSYSTEM/MAILBOX/status_bus_pcie_reg[240]/D
  -------------------------------------------------------------------    -------------------

                         max delay                    6.000     6.000    
    SLICE_X52Y24         FDRE (Setup_fdre_C_D)       -0.012     5.988    CAPTURE_SUBSYSTEM/MAILBOX/status_bus_pcie_reg[240]
  -------------------------------------------------------------------
                         required time                          5.988    
                         arrival time                          -1.198    
  -------------------------------------------------------------------
                         slack                                  4.790    

Slack (MET) :             4.791ns  (required time - arrival time)
  Source:                 CAPTURE_SUBSYSTEM/MAILBOX/status_hold_nvp_reg[73]/C
                            (rising edge-triggered cell FDRE clocked by nvp_vclk1  {rise@0.000ns fall@3.367ns period=6.734ns})
  Destination:            CAPTURE_SUBSYSTEM/MAILBOX/status_bus_pcie_reg[73]/D
                            (rising edge-triggered cell FDRE clocked by userclk1  {rise@0.000ns fall@8.000ns period=16.000ns})
  Path Group:             userclk1
  Path Type:              Setup (Max at Slow Process Corner)
  Requirement:            6.000ns  (MaxDelay Path 6.000ns)
  Data Path Delay:        1.060ns  (logic 0.348ns (32.844%)  route 0.712ns (67.156%))
  Logic Levels:           0  
  Timing Exception:       MaxDelay Path 6.000ns -datapath_only

    Location             Delay type                Incr(ns)  Path(ns)    Netlist Resource(s)
  -------------------------------------------------------------------    -------------------
    SLICE_X53Y26                                      0.000     0.000 r  CAPTURE_SUBSYSTEM/MAILBOX/status_hold_nvp_reg[73]/C
    SLICE_X53Y26         FDRE (Prop_fdre_C_Q)         0.348     0.348 r  CAPTURE_SUBSYSTEM/MAILBOX/status_hold_nvp_reg[73]/Q
                         net (fo=2, routed)           0.712     1.060    CAPTURE_SUBSYSTEM/MAILBOX/status_hold_nvp_reg[323]_0[70]
    SLICE_X52Y17         FDRE                                         r  CAPTURE_SUBSYSTEM/MAILBOX/status_bus_pcie_reg[73]/D
  -------------------------------------------------------------------    -------------------

                         max delay                    6.000     6.000    
    SLICE_X52Y17         FDRE (Setup_fdre_C_D)       -0.149     5.851    CAPTURE_SUBSYSTEM/MAILBOX/status_bus_pcie_reg[73]
  -------------------------------------------------------------------
                         required time                          5.851    
                         arrival time                          -1.060    
  -------------------------------------------------------------------
                         slack                                  4.791    

Slack (MET) :             4.792ns  (required time - arrival time)
  Source:                 CAPTURE_SUBSYSTEM/MAILBOX/status_hold_nvp_reg[246]/C
                            (rising edge-triggered cell FDRE clocked by nvp_vclk1  {rise@0.000ns fall@3.367ns period=6.734ns})
  Destination:            CAPTURE_SUBSYSTEM/MAILBOX/status_bus_pcie_reg[246]/D
                            (rising edge-triggered cell FDRE clocked by userclk1  {rise@0.000ns fall@8.000ns period=16.000ns})
  Path Group:             userclk1
  Path Type:              Setup (Max at Slow Process Corner)
  Requirement:            6.000ns  (MaxDelay Path 6.000ns)
  Data Path Delay:        1.029ns  (logic 0.348ns (33.806%)  route 0.681ns (66.194%))
  Logic Levels:           0  
  Timing Exception:       MaxDelay Path 6.000ns -datapath_only

    Location             Delay type                Incr(ns)  Path(ns)    Netlist Resource(s)
  -------------------------------------------------------------------    -------------------
    SLICE_X44Y25                                      0.000     0.000 r  CAPTURE_SUBSYSTEM/MAILBOX/status_hold_nvp_reg[246]/C
    SLICE_X44Y25         FDRE (Prop_fdre_C_Q)         0.348     0.348 r  CAPTURE_SUBSYSTEM/MAILBOX/status_hold_nvp_reg[246]/Q
                         net (fo=2, routed)           0.681     1.029    CAPTURE_SUBSYSTEM/MAILBOX/status_hold_nvp_reg[323]_0[202]
    SLICE_X44Y24         FDRE                                         r  CAPTURE_SUBSYSTEM/MAILBOX/status_bus_pcie_reg[246]/D
  -------------------------------------------------------------------    -------------------

                         max delay                    6.000     6.000    
    SLICE_X44Y24         FDRE (Setup_fdre_C_D)       -0.179     5.821    CAPTURE_SUBSYSTEM/MAILBOX/status_bus_pcie_reg[246]
  -------------------------------------------------------------------
                         required time                          5.821    
                         arrival time                          -1.029    
  -------------------------------------------------------------------
                         slack                                  4.792    

Slack (MET) :             4.798ns  (required time - arrival time)
  Source:                 CAPTURE_SUBSYSTEM/MAILBOX/status_hold_nvp_reg[173]/C
                            (rising edge-triggered cell FDRE clocked by nvp_vclk1  {rise@0.000ns fall@3.367ns period=6.734ns})
  Destination:            CAPTURE_SUBSYSTEM/MAILBOX/status_bus_pcie_reg[173]/D
                            (rising edge-triggered cell FDRE clocked by userclk1  {rise@0.000ns fall@8.000ns period=16.000ns})
  Path Group:             userclk1
  Path Type:              Setup (Max at Slow Process Corner)
  Requirement:            6.000ns  (MaxDelay Path 6.000ns)
  Data Path Delay:        1.190ns  (logic 0.379ns (31.856%)  route 0.811ns (68.144%))
  Logic Levels:           0  
  Timing Exception:       MaxDelay Path 6.000ns -datapath_only

    Location             Delay type                Incr(ns)  Path(ns)    Netlist Resource(s)
  -------------------------------------------------------------------    -------------------
    SLICE_X45Y19                                      0.000     0.000 r  CAPTURE_SUBSYSTEM/MAILBOX/status_hold_nvp_reg[173]/C
    SLICE_X45Y19         FDRE (Prop_fdre_C_Q)         0.379     0.379 r  CAPTURE_SUBSYSTEM/MAILBOX/status_hold_nvp_reg[173]/Q
                         net (fo=2, routed)           0.811     1.190    CAPTURE_SUBSYSTEM/MAILBOX/status_hold_nvp_reg[323]_0[167]
    SLICE_X56Y21         FDRE                                         r  CAPTURE_SUBSYSTEM/MAILBOX/status_bus_pcie_reg[173]/D
  -------------------------------------------------------------------    -------------------

                         max delay                    6.000     6.000    
    SLICE_X56Y21         FDRE (Setup_fdre_C_D)       -0.012     5.988    CAPTURE_SUBSYSTEM/MAILBOX/status_bus_pcie_reg[173]
  -------------------------------------------------------------------
                         required time                          5.988    
                         arrival time                          -1.190    
  -------------------------------------------------------------------
                         slack                                  4.798    

Slack (MET) :             4.802ns  (required time - arrival time)
  Source:                 CAPTURE_SUBSYSTEM/MAILBOX/status_hold_nvp_reg[44]/C
                            (rising edge-triggered cell FDRE clocked by nvp_vclk1  {rise@0.000ns fall@3.367ns period=6.734ns})
  Destination:            CAPTURE_SUBSYSTEM/MAILBOX/status_bus_pcie_reg[44]/D
                            (rising edge-triggered cell FDRE clocked by userclk1  {rise@0.000ns fall@8.000ns period=16.000ns})
  Path Group:             userclk1
  Path Type:              Setup (Max at Slow Process Corner)
  Requirement:            6.000ns  (MaxDelay Path 6.000ns)
  Data Path Delay:        1.128ns  (logic 0.433ns (38.398%)  route 0.695ns (61.602%))
  Logic Levels:           0  
  Timing Exception:       MaxDelay Path 6.000ns -datapath_only

    Location             Delay type                Incr(ns)  Path(ns)    Netlist Resource(s)
  -------------------------------------------------------------------    -------------------
    SLICE_X56Y17                                      0.000     0.000 r  CAPTURE_SUBSYSTEM/MAILBOX/status_hold_nvp_reg[44]/C
    SLICE_X56Y17         FDRE (Prop_fdre_C_Q)         0.433     0.433 r  CAPTURE_SUBSYSTEM/MAILBOX/status_hold_nvp_reg[44]/Q
                         net (fo=2, routed)           0.695     1.128    CAPTURE_SUBSYSTEM/MAILBOX/status_hold_nvp_reg[323]_0[41]
    SLICE_X57Y17         FDRE                                         r  CAPTURE_SUBSYSTEM/MAILBOX/status_bus_pcie_reg[44]/D
  -------------------------------------------------------------------    -------------------

                         max delay                    6.000     6.000    
    SLICE_X57Y17         FDRE (Setup_fdre_C_D)       -0.070     5.930    CAPTURE_SUBSYSTEM/MAILBOX/status_bus_pcie_reg[44]
  -------------------------------------------------------------------
                         required time                          5.930    
                         arrival time                          -1.128    
  -------------------------------------------------------------------
                         slack                                  4.802    

Slack (MET) :             4.811ns  (required time - arrival time)
  Source:                 CAPTURE_SUBSYSTEM/MAILBOX/status_hold_nvp_reg[198]/C
                            (rising edge-triggered cell FDRE clocked by nvp_vclk1  {rise@0.000ns fall@3.367ns period=6.734ns})
  Destination:            CAPTURE_SUBSYSTEM/MAILBOX/status_bus_pcie_reg[198]/D
                            (rising edge-triggered cell FDRE clocked by userclk1  {rise@0.000ns fall@8.000ns period=16.000ns})
  Path Group:             userclk1
  Path Type:              Setup (Max at Slow Process Corner)
  Requirement:            6.000ns  (MaxDelay Path 6.000ns)
  Data Path Delay:        1.150ns  (logic 0.379ns (32.948%)  route 0.771ns (67.052%))
  Logic Levels:           0  
  Timing Exception:       MaxDelay Path 6.000ns -datapath_only

    Location             Delay type                Incr(ns)  Path(ns)    Netlist Resource(s)
  -------------------------------------------------------------------    -------------------
    SLICE_X43Y24                                      0.000     0.000 r  CAPTURE_SUBSYSTEM/MAILBOX/status_hold_nvp_reg[198]/C
    SLICE_X43Y24         FDRE (Prop_fdre_C_Q)         0.379     0.379 r  CAPTURE_SUBSYSTEM/MAILBOX/status_hold_nvp_reg[198]/Q
                         net (fo=3, routed)           0.771     1.150    CAPTURE_SUBSYSTEM/MAILBOX/status_last_nvp[198]
    SLICE_X47Y18         FDRE                                         r  CAPTURE_SUBSYSTEM/MAILBOX/status_bus_pcie_reg[198]/D
  -------------------------------------------------------------------    -------------------

                         max delay                    6.000     6.000    
    SLICE_X47Y18         FDRE (Setup_fdre_C_D)       -0.039     5.961    CAPTURE_SUBSYSTEM/MAILBOX/status_bus_pcie_reg[198]
  -------------------------------------------------------------------
                         required time                          5.961    
                         arrival time                          -1.150    
  -------------------------------------------------------------------
                         slack                                  4.811    

Slack (MET) :             4.813ns  (required time - arrival time)
  Source:                 CAPTURE_SUBSYSTEM/MAILBOX/status_hold_nvp_reg[98]/C
                            (rising edge-triggered cell FDRE clocked by nvp_vclk1  {rise@0.000ns fall@3.367ns period=6.734ns})
  Destination:            CAPTURE_SUBSYSTEM/MAILBOX/status_bus_pcie_reg[98]/D
                            (rising edge-triggered cell FDRE clocked by userclk1  {rise@0.000ns fall@8.000ns period=16.000ns})
  Path Group:             userclk1
  Path Type:              Setup (Max at Slow Process Corner)
  Requirement:            6.000ns  (MaxDelay Path 6.000ns)
  Data Path Delay:        1.016ns  (logic 0.398ns (39.191%)  route 0.618ns (60.809%))
  Logic Levels:           0  
  Timing Exception:       MaxDelay Path 6.000ns -datapath_only

    Location             Delay type                Incr(ns)  Path(ns)    Netlist Resource(s)
  -------------------------------------------------------------------    -------------------
    SLICE_X54Y27                                      0.000     0.000 r  CAPTURE_SUBSYSTEM/MAILBOX/status_hold_nvp_reg[98]/C
    SLICE_X54Y27         FDRE (Prop_fdre_C_Q)         0.398     0.398 r  CAPTURE_SUBSYSTEM/MAILBOX/status_hold_nvp_reg[98]/Q
                         net (fo=2, routed)           0.618     1.016    CAPTURE_SUBSYSTEM/MAILBOX/status_hold_nvp_reg[323]_0[95]
    SLICE_X53Y32         FDRE                                         r  CAPTURE_SUBSYSTEM/MAILBOX/status_bus_pcie_reg[98]/D
  -------------------------------------------------------------------    -------------------

                         max delay                    6.000     6.000    
    SLICE_X53Y32         FDRE (Setup_fdre_C_D)       -0.171     5.829    CAPTURE_SUBSYSTEM/MAILBOX/status_bus_pcie_reg[98]
  -------------------------------------------------------------------
                         required time                          5.829    
                         arrival time                          -1.016    
  -------------------------------------------------------------------
                         slack                                  4.813    

Slack (MET) :             4.816ns  (required time - arrival time)
  Source:                 CAPTURE_SUBSYSTEM/MAILBOX/status_hold_nvp_reg[244]/C
                            (rising edge-triggered cell FDRE clocked by nvp_vclk1  {rise@0.000ns fall@3.367ns period=6.734ns})
  Destination:            CAPTURE_SUBSYSTEM/MAILBOX/status_bus_pcie_reg[244]/D
                            (rising edge-triggered cell FDRE clocked by userclk1  {rise@0.000ns fall@8.000ns period=16.000ns})
  Path Group:             userclk1
  Path Type:              Setup (Max at Slow Process Corner)
  Requirement:            6.000ns  (MaxDelay Path 6.000ns)
  Data Path Delay:        1.018ns  (logic 0.348ns (34.181%)  route 0.670ns (65.819%))
  Logic Levels:           0  
  Timing Exception:       MaxDelay Path 6.000ns -datapath_only

    Location             Delay type                Incr(ns)  Path(ns)    Netlist Resource(s)
  -------------------------------------------------------------------    -------------------
    SLICE_X44Y25                                      0.000     0.000 r  CAPTURE_SUBSYSTEM/MAILBOX/status_hold_nvp_reg[244]/C
    SLICE_X44Y25         FDRE (Prop_fdre_C_Q)         0.348     0.348 r  CAPTURE_SUBSYSTEM/MAILBOX/status_hold_nvp_reg[244]/Q
                         net (fo=2, routed)           0.670     1.018    CAPTURE_SUBSYSTEM/MAILBOX/status_hold_nvp_reg[323]_0[200]
    SLICE_X44Y24         FDRE                                         r  CAPTURE_SUBSYSTEM/MAILBOX/status_bus_pcie_reg[244]/D
  -------------------------------------------------------------------    -------------------

                         max delay                    6.000     6.000    
    SLICE_X44Y24         FDRE (Setup_fdre_C_D)       -0.166     5.834    CAPTURE_SUBSYSTEM/MAILBOX/status_bus_pcie_reg[244]
  -------------------------------------------------------------------
                         required time                          5.834    
                         arrival time                          -1.018    
  -------------------------------------------------------------------
                         slack                                  4.816    

Slack (MET) :             4.819ns  (required time - arrival time)
  Source:                 CAPTURE_SUBSYSTEM/MAILBOX/status_hold_nvp_reg[144]/C
                            (rising edge-triggered cell FDRE clocked by nvp_vclk1  {rise@0.000ns fall@3.367ns period=6.734ns})
  Destination:            CAPTURE_SUBSYSTEM/MAILBOX/status_bus_pcie_reg[144]/D
                            (rising edge-triggered cell FDRE clocked by userclk1  {rise@0.000ns fall@8.000ns period=16.000ns})
  Path Group:             userclk1
  Path Type:              Setup (Max at Slow Process Corner)
  Requirement:            6.000ns  (MaxDelay Path 6.000ns)
  Data Path Delay:        1.101ns  (logic 0.379ns (34.416%)  route 0.722ns (65.584%))
  Logic Levels:           0  
  Timing Exception:       MaxDelay Path 6.000ns -datapath_only

    Location             Delay type                Incr(ns)  Path(ns)    Netlist Resource(s)
  -------------------------------------------------------------------    -------------------
    SLICE_X43Y16                                      0.000     0.000 r  CAPTURE_SUBSYSTEM/MAILBOX/status_hold_nvp_reg[144]/C
    SLICE_X43Y16         FDRE (Prop_fdre_C_Q)         0.379     0.379 r  CAPTURE_SUBSYSTEM/MAILBOX/status_hold_nvp_reg[144]/Q
                         net (fo=2, routed)           0.722     1.101    CAPTURE_SUBSYSTEM/MAILBOX/status_hold_nvp_reg[323]_0[141]
    SLICE_X49Y16         FDRE                                         r  CAPTURE_SUBSYSTEM/MAILBOX/status_bus_pcie_reg[144]/D
  -------------------------------------------------------------------    -------------------

                         max delay                    6.000     6.000    
    SLICE_X49Y16         FDRE (Setup_fdre_C_D)       -0.080     5.920    CAPTURE_SUBSYSTEM/MAILBOX/status_bus_pcie_reg[144]
  -------------------------------------------------------------------
                         required time                          5.920    
                         arrival time                          -1.101    
  -------------------------------------------------------------------
                         slack                                  4.819    

Slack (MET) :             4.820ns  (required time - arrival time)
  Source:                 CAPTURE_SUBSYSTEM/MAILBOX/status_hold_nvp_reg[27]/C
                            (rising edge-triggered cell FDRE clocked by nvp_vclk1  {rise@0.000ns fall@3.367ns period=6.734ns})
  Destination:            CAPTURE_SUBSYSTEM/MAILBOX/status_bus_pcie_reg[27]/D
                            (rising edge-triggered cell FDRE clocked by userclk1  {rise@0.000ns fall@8.000ns period=16.000ns})
  Path Group:             userclk1
  Path Type:              Setup (Max at Slow Process Corner)
  Requirement:            6.000ns  (MaxDelay Path 6.000ns)
  Data Path Delay:        1.011ns  (logic 0.348ns (34.412%)  route 0.663ns (65.588%))
  Logic Levels:           0  
  Timing Exception:       MaxDelay Path 6.000ns -datapath_only

    Location             Delay type                Incr(ns)  Path(ns)    Netlist Resource(s)
  -------------------------------------------------------------------    -------------------
    SLICE_X53Y16                                      0.000     0.000 r  CAPTURE_SUBSYSTEM/MAILBOX/status_hold_nvp_reg[27]/C
    SLICE_X53Y16         FDRE (Prop_fdre_C_Q)         0.348     0.348 r  CAPTURE_SUBSYSTEM/MAILBOX/status_hold_nvp_reg[27]/Q
                         net (fo=2, routed)           0.663     1.011    CAPTURE_SUBSYSTEM/MAILBOX/status_hold_nvp_reg[323]_0[24]
    SLICE_X53Y20         FDRE                                         r  CAPTURE_SUBSYSTEM/MAILBOX/status_bus_pcie_reg[27]/D
  -------------------------------------------------------------------    -------------------

                         max delay                    6.000     6.000    
    SLICE_X53Y20         FDRE (Setup_fdre_C_D)       -0.169     5.831    CAPTURE_SUBSYSTEM/MAILBOX/status_bus_pcie_reg[27]
  -------------------------------------------------------------------
                         required time                          5.831    
                         arrival time                          -1.011    
  -------------------------------------------------------------------
                         slack                                  4.820    

Slack (MET) :             4.821ns  (required time - arrival time)
  Source:                 CAPTURE_SUBSYSTEM/MAILBOX/status_hold_nvp_reg[174]/C
                            (rising edge-triggered cell FDRE clocked by nvp_vclk1  {rise@0.000ns fall@3.367ns period=6.734ns})
  Destination:            CAPTURE_SUBSYSTEM/MAILBOX/status_bus_pcie_reg[174]/D
                            (rising edge-triggered cell FDRE clocked by userclk1  {rise@0.000ns fall@8.000ns period=16.000ns})
  Path Group:             userclk1
  Path Type:              Setup (Max at Slow Process Corner)
  Requirement:            6.000ns  (MaxDelay Path 6.000ns)
  Data Path Delay:        1.140ns  (logic 0.379ns (33.244%)  route 0.761ns (66.756%))
  Logic Levels:           0  
  Timing Exception:       MaxDelay Path 6.000ns -datapath_only

    Location             Delay type                Incr(ns)  Path(ns)    Netlist Resource(s)
  -------------------------------------------------------------------    -------------------
    SLICE_X43Y18                                      0.000     0.000 r  CAPTURE_SUBSYSTEM/MAILBOX/status_hold_nvp_reg[174]/C
    SLICE_X43Y18         FDRE (Prop_fdre_C_Q)         0.379     0.379 r  CAPTURE_SUBSYSTEM/MAILBOX/status_hold_nvp_reg[174]/Q
                         net (fo=2, routed)           0.761     1.140    CAPTURE_SUBSYSTEM/MAILBOX/status_hold_nvp_reg[323]_0[168]
    SLICE_X53Y23         FDRE                                         r  CAPTURE_SUBSYSTEM/MAILBOX/status_bus_pcie_reg[174]/D
  -------------------------------------------------------------------    -------------------

                         max delay                    6.000     6.000    
    SLICE_X53Y23         FDRE (Setup_fdre_C_D)       -0.039     5.961    CAPTURE_SUBSYSTEM/MAILBOX/status_bus_pcie_reg[174]
  -------------------------------------------------------------------
                         required time                          5.961    
                         arrival time                          -1.140    
  -------------------------------------------------------------------
                         slack                                  4.821    




