Copyright 1986-2022 Xilinx, Inc. All Rights Reserved. Copyright 2022-2025 Advanced Micro Devices, Inc. All Rights Reserved.
----------------------------------------------------------------------------------------------------------------------------------------------------------------------------------------------------------------------------------------------------------------------------------------------------------------------------------------------------------------------------------------------------------------------------
| Tool Version : Vivado v.2025.2 (win64) Build 6299465 Fri Nov 14 19:35:11 GMT 2025
| Date         : Thu Sep 10 01:16:14 2026
| Host         : NBLSUDUL running 64-bit major release  (build 9200)
| Command      : report_timing -delay_type max -from [get_cells -quiet -hier -regexp {.*MAILBOX/cfg_hold_pcie_reg\[[0-9]+\]}] -to [get_cells -quiet -hier -regexp {.*MAILBOX/nvp_cfg_(abort|arm|capture_generation|clear_errors|line_count_requested|single_line|target_line|window_16_lines)_reg(\[[0-9]+\])?}] -max_paths 100 -file C:/FPGA/G2B_NVP_VIDEO_DIAG1_R1_20260909T203832Z/reports/vivado_full/MAX_DELAY_CFG.rpt
| Design       : ahd_capture_top_xdma
| Device       : 7a35t-csg325
| Speed File   : -2  PRODUCTION 1.23 2018-06-13
| Design State : Routed
----------------------------------------------------------------------------------------------------------------------------------------------------------------------------------------------------------------------------------------------------------------------------------------------------------------------------------------------------------------------------------------------------------------------------

Timing Report

Slack (MET) :             4.487ns  (required time - arrival time)
  Source:                 CAPTURE_SUBSYSTEM/MAILBOX/cfg_hold_pcie_reg[4]/C
                            (rising edge-triggered cell FDRE clocked by userclk1  {rise@0.000ns fall@8.000ns period=16.000ns})
  Destination:            CAPTURE_SUBSYSTEM/MAILBOX/nvp_cfg_window_16_lines_reg/D
                            (rising edge-triggered cell FDRE clocked by nvp_vclk1  {rise@0.000ns fall@3.367ns period=6.734ns})
  Path Group:             nvp_vclk1
  Path Type:              Setup (Max at Slow Process Corner)
  Requirement:            6.000ns  (MaxDelay Path 6.000ns)
  Data Path Delay:        1.486ns  (logic 0.379ns (25.505%)  route 1.107ns (74.495%))
  Logic Levels:           0  
  Timing Exception:       MaxDelay Path 6.000ns -datapath_only

    Location             Delay type                Incr(ns)  Path(ns)    Netlist Resource(s)
  -------------------------------------------------------------------    -------------------
    SLICE_X37Y33                                      0.000     0.000 r  CAPTURE_SUBSYSTEM/MAILBOX/cfg_hold_pcie_reg[4]/C
    SLICE_X37Y33         FDRE (Prop_fdre_C_Q)         0.379     0.379 r  CAPTURE_SUBSYSTEM/MAILBOX/cfg_hold_pcie_reg[4]/Q
                         net (fo=1, routed)           1.107     1.486    CAPTURE_SUBSYSTEM/MAILBOX/cfg_hold_pcie_reg_n_0_[4]
    SLICE_X50Y21         FDRE                                         r  CAPTURE_SUBSYSTEM/MAILBOX/nvp_cfg_window_16_lines_reg/D
  -------------------------------------------------------------------    -------------------

                         max delay                    6.000     6.000    
    SLICE_X50Y21         FDRE (Setup_fdre_C_D)       -0.027     5.973    CAPTURE_SUBSYSTEM/MAILBOX/nvp_cfg_window_16_lines_reg
  -------------------------------------------------------------------
                         required time                          5.973    
                         arrival time                          -1.486    
  -------------------------------------------------------------------
                         slack                                  4.487    

Slack (MET) :             4.497ns  (required time - arrival time)
  Source:                 CAPTURE_SUBSYSTEM/MAILBOX/cfg_hold_pcie_reg[64]/C
                            (rising edge-triggered cell FDRE clocked by userclk1  {rise@0.000ns fall@8.000ns period=16.000ns})
  Destination:            CAPTURE_SUBSYSTEM/MAILBOX/nvp_cfg_capture_generation_reg[22]/D
                            (rising edge-triggered cell FDRE clocked by nvp_vclk1  {rise@0.000ns fall@3.367ns period=6.734ns})
  Path Group:             nvp_vclk1
  Path Type:              Setup (Max at Slow Process Corner)
  Requirement:            6.000ns  (MaxDelay Path 6.000ns)
  Data Path Delay:        1.473ns  (logic 0.433ns (29.406%)  route 1.040ns (70.594%))
  Logic Levels:           0  
  Timing Exception:       MaxDelay Path 6.000ns -datapath_only

    Location             Delay type                Incr(ns)  Path(ns)    Netlist Resource(s)
  -------------------------------------------------------------------    -------------------
    SLICE_X52Y11                                      0.000     0.000 r  CAPTURE_SUBSYSTEM/MAILBOX/cfg_hold_pcie_reg[64]/C
    SLICE_X52Y11         FDRE (Prop_fdre_C_Q)         0.433     0.433 r  CAPTURE_SUBSYSTEM/MAILBOX/cfg_hold_pcie_reg[64]/Q
                         net (fo=1, routed)           1.040     1.473    CAPTURE_SUBSYSTEM/MAILBOX/cfg_hold_pcie_reg_n_0_[64]
    SLICE_X54Y14         FDRE                                         r  CAPTURE_SUBSYSTEM/MAILBOX/nvp_cfg_capture_generation_reg[22]/D
  -------------------------------------------------------------------    -------------------

                         max delay                    6.000     6.000    
    SLICE_X54Y14         FDRE (Setup_fdre_C_D)       -0.030     5.970    CAPTURE_SUBSYSTEM/MAILBOX/nvp_cfg_capture_generation_reg[22]
  -------------------------------------------------------------------
                         required time                          5.970    
                         arrival time                          -1.473    
  -------------------------------------------------------------------
                         slack                                  4.497    

Slack (MET) :             4.510ns  (required time - arrival time)
  Source:                 CAPTURE_SUBSYSTEM/MAILBOX/cfg_hold_pcie_reg[0]/C
                            (rising edge-triggered cell FDRE clocked by userclk1  {rise@0.000ns fall@8.000ns period=16.000ns})
  Destination:            CAPTURE_SUBSYSTEM/MAILBOX/nvp_cfg_arm_reg/D
                            (rising edge-triggered cell FDRE clocked by nvp_vclk1  {rise@0.000ns fall@3.367ns period=6.734ns})
  Path Group:             nvp_vclk1
  Path Type:              Setup (Max at Slow Process Corner)
  Requirement:            6.000ns  (MaxDelay Path 6.000ns)
  Data Path Delay:        1.443ns  (logic 0.379ns (26.262%)  route 1.064ns (73.738%))
  Logic Levels:           0  
  Timing Exception:       MaxDelay Path 6.000ns -datapath_only

    Location             Delay type                Incr(ns)  Path(ns)    Netlist Resource(s)
  -------------------------------------------------------------------    -------------------
    SLICE_X45Y10                                      0.000     0.000 r  CAPTURE_SUBSYSTEM/MAILBOX/cfg_hold_pcie_reg[0]/C
    SLICE_X45Y10         FDRE (Prop_fdre_C_Q)         0.379     0.379 r  CAPTURE_SUBSYSTEM/MAILBOX/cfg_hold_pcie_reg[0]/Q
                         net (fo=1, routed)           1.064     1.443    CAPTURE_SUBSYSTEM/MAILBOX/cfg_hold_pcie_reg_n_0_[0]
    SLICE_X39Y31         FDRE                                         r  CAPTURE_SUBSYSTEM/MAILBOX/nvp_cfg_arm_reg/D
  -------------------------------------------------------------------    -------------------

                         max delay                    6.000     6.000    
    SLICE_X39Y31         FDRE (Setup_fdre_C_D)       -0.047     5.953    CAPTURE_SUBSYSTEM/MAILBOX/nvp_cfg_arm_reg
  -------------------------------------------------------------------
                         required time                          5.953    
                         arrival time                          -1.443    
  -------------------------------------------------------------------
                         slack                                  4.510    

Slack (MET) :             4.533ns  (required time - arrival time)
  Source:                 CAPTURE_SUBSYSTEM/MAILBOX/cfg_hold_pcie_reg[2]/C
                            (rising edge-triggered cell FDRE clocked by userclk1  {rise@0.000ns fall@8.000ns period=16.000ns})
  Destination:            CAPTURE_SUBSYSTEM/MAILBOX/nvp_cfg_clear_errors_reg/D
                            (rising edge-triggered cell FDRE clocked by nvp_vclk1  {rise@0.000ns fall@3.367ns period=6.734ns})
  Path Group:             nvp_vclk1
  Path Type:              Setup (Max at Slow Process Corner)
  Requirement:            6.000ns  (MaxDelay Path 6.000ns)
  Data Path Delay:        1.408ns  (logic 0.379ns (26.913%)  route 1.029ns (73.087%))
  Logic Levels:           0  
  Timing Exception:       MaxDelay Path 6.000ns -datapath_only

    Location             Delay type                Incr(ns)  Path(ns)    Netlist Resource(s)
  -------------------------------------------------------------------    -------------------
    SLICE_X40Y11                                      0.000     0.000 r  CAPTURE_SUBSYSTEM/MAILBOX/cfg_hold_pcie_reg[2]/C
    SLICE_X40Y11         FDRE (Prop_fdre_C_Q)         0.379     0.379 r  CAPTURE_SUBSYSTEM/MAILBOX/cfg_hold_pcie_reg[2]/Q
                         net (fo=1, routed)           1.029     1.408    CAPTURE_SUBSYSTEM/MAILBOX/cfg_hold_pcie_reg_n_0_[2]
    SLICE_X39Y31         FDRE                                         r  CAPTURE_SUBSYSTEM/MAILBOX/nvp_cfg_clear_errors_reg/D
  -------------------------------------------------------------------    -------------------

                         max delay                    6.000     6.000    
    SLICE_X39Y31         FDRE (Setup_fdre_C_D)       -0.059     5.941    CAPTURE_SUBSYSTEM/MAILBOX/nvp_cfg_clear_errors_reg
  -------------------------------------------------------------------
                         required time                          5.941    
                         arrival time                          -1.408    
  -------------------------------------------------------------------
                         slack                                  4.533    

Slack (MET) :             4.633ns  (required time - arrival time)
  Source:                 CAPTURE_SUBSYSTEM/MAILBOX/cfg_hold_pcie_reg[1]/C
                            (rising edge-triggered cell FDRE clocked by userclk1  {rise@0.000ns fall@8.000ns period=16.000ns})
  Destination:            CAPTURE_SUBSYSTEM/MAILBOX/nvp_cfg_abort_reg/D
                            (rising edge-triggered cell FDRE clocked by nvp_vclk1  {rise@0.000ns fall@3.367ns period=6.734ns})
  Path Group:             nvp_vclk1
  Path Type:              Setup (Max at Slow Process Corner)
  Requirement:            6.000ns  (MaxDelay Path 6.000ns)
  Data Path Delay:        1.308ns  (logic 0.379ns (28.982%)  route 0.929ns (71.018%))
  Logic Levels:           0  
  Timing Exception:       MaxDelay Path 6.000ns -datapath_only

    Location             Delay type                Incr(ns)  Path(ns)    Netlist Resource(s)
  -------------------------------------------------------------------    -------------------
    SLICE_X49Y15                                      0.000     0.000 r  CAPTURE_SUBSYSTEM/MAILBOX/cfg_hold_pcie_reg[1]/C
    SLICE_X49Y15         FDRE (Prop_fdre_C_Q)         0.379     0.379 r  CAPTURE_SUBSYSTEM/MAILBOX/cfg_hold_pcie_reg[1]/Q
                         net (fo=1, routed)           0.929     1.308    CAPTURE_SUBSYSTEM/MAILBOX/p_0_in
    SLICE_X47Y29         FDRE                                         r  CAPTURE_SUBSYSTEM/MAILBOX/nvp_cfg_abort_reg/D
  -------------------------------------------------------------------    -------------------

                         max delay                    6.000     6.000    
    SLICE_X47Y29         FDRE (Setup_fdre_C_D)       -0.059     5.941    CAPTURE_SUBSYSTEM/MAILBOX/nvp_cfg_abort_reg
  -------------------------------------------------------------------
                         required time                          5.941    
                         arrival time                          -1.308    
  -------------------------------------------------------------------
                         slack                                  4.633    

Slack (MET) :             4.653ns  (required time - arrival time)
  Source:                 CAPTURE_SUBSYSTEM/MAILBOX/cfg_hold_pcie_reg[53]/C
                            (rising edge-triggered cell FDRE clocked by userclk1  {rise@0.000ns fall@8.000ns period=16.000ns})
  Destination:            CAPTURE_SUBSYSTEM/MAILBOX/nvp_cfg_capture_generation_reg[11]/D
                            (rising edge-triggered cell FDRE clocked by nvp_vclk1  {rise@0.000ns fall@3.367ns period=6.734ns})
  Path Group:             nvp_vclk1
  Path Type:              Setup (Max at Slow Process Corner)
  Requirement:            6.000ns  (MaxDelay Path 6.000ns)
  Data Path Delay:        1.274ns  (logic 0.433ns (33.985%)  route 0.841ns (66.015%))
  Logic Levels:           0  
  Timing Exception:       MaxDelay Path 6.000ns -datapath_only

    Location             Delay type                Incr(ns)  Path(ns)    Netlist Resource(s)
  -------------------------------------------------------------------    -------------------
    SLICE_X52Y8                                       0.000     0.000 r  CAPTURE_SUBSYSTEM/MAILBOX/cfg_hold_pcie_reg[53]/C
    SLICE_X52Y8          FDRE (Prop_fdre_C_Q)         0.433     0.433 r  CAPTURE_SUBSYSTEM/MAILBOX/cfg_hold_pcie_reg[53]/Q
                         net (fo=1, routed)           0.841     1.274    CAPTURE_SUBSYSTEM/MAILBOX/cfg_hold_pcie_reg_n_0_[53]
    SLICE_X53Y8          FDRE                                         r  CAPTURE_SUBSYSTEM/MAILBOX/nvp_cfg_capture_generation_reg[11]/D
  -------------------------------------------------------------------    -------------------

                         max delay                    6.000     6.000    
    SLICE_X53Y8          FDRE (Setup_fdre_C_D)       -0.073     5.927    CAPTURE_SUBSYSTEM/MAILBOX/nvp_cfg_capture_generation_reg[11]
  -------------------------------------------------------------------
                         required time                          5.927    
                         arrival time                          -1.274    
  -------------------------------------------------------------------
                         slack                                  4.653    

Slack (MET) :             4.681ns  (required time - arrival time)
  Source:                 CAPTURE_SUBSYSTEM/MAILBOX/cfg_hold_pcie_reg[69]/C
                            (rising edge-triggered cell FDRE clocked by userclk1  {rise@0.000ns fall@8.000ns period=16.000ns})
  Destination:            CAPTURE_SUBSYSTEM/MAILBOX/nvp_cfg_capture_generation_reg[27]/D
                            (rising edge-triggered cell FDRE clocked by nvp_vclk1  {rise@0.000ns fall@3.367ns period=6.734ns})
  Path Group:             nvp_vclk1
  Path Type:              Setup (Max at Slow Process Corner)
  Requirement:            6.000ns  (MaxDelay Path 6.000ns)
  Data Path Delay:        1.246ns  (logic 0.433ns (34.762%)  route 0.813ns (65.238%))
  Logic Levels:           0  
  Timing Exception:       MaxDelay Path 6.000ns -datapath_only

    Location             Delay type                Incr(ns)  Path(ns)    Netlist Resource(s)
  -------------------------------------------------------------------    -------------------
    SLICE_X52Y12                                      0.000     0.000 r  CAPTURE_SUBSYSTEM/MAILBOX/cfg_hold_pcie_reg[69]/C
    SLICE_X52Y12         FDRE (Prop_fdre_C_Q)         0.433     0.433 r  CAPTURE_SUBSYSTEM/MAILBOX/cfg_hold_pcie_reg[69]/Q
                         net (fo=1, routed)           0.813     1.246    CAPTURE_SUBSYSTEM/MAILBOX/cfg_hold_pcie_reg_n_0_[69]
    SLICE_X57Y13         FDRE                                         r  CAPTURE_SUBSYSTEM/MAILBOX/nvp_cfg_capture_generation_reg[27]/D
  -------------------------------------------------------------------    -------------------

                         max delay                    6.000     6.000    
    SLICE_X57Y13         FDRE (Setup_fdre_C_D)       -0.073     5.927    CAPTURE_SUBSYSTEM/MAILBOX/nvp_cfg_capture_generation_reg[27]
  -------------------------------------------------------------------
                         required time                          5.927    
                         arrival time                          -1.246    
  -------------------------------------------------------------------
                         slack                                  4.681    

Slack (MET) :             4.808ns  (required time - arrival time)
  Source:                 CAPTURE_SUBSYSTEM/MAILBOX/cfg_hold_pcie_reg[11]/C
                            (rising edge-triggered cell FDRE clocked by userclk1  {rise@0.000ns fall@8.000ns period=16.000ns})
  Destination:            CAPTURE_SUBSYSTEM/MAILBOX/nvp_cfg_target_line_reg[1]/D
                            (rising edge-triggered cell FDRE clocked by nvp_vclk1  {rise@0.000ns fall@3.367ns period=6.734ns})
  Path Group:             nvp_vclk1
  Path Type:              Setup (Max at Slow Process Corner)
  Requirement:            6.000ns  (MaxDelay Path 6.000ns)
  Data Path Delay:        1.159ns  (logic 0.379ns (32.708%)  route 0.780ns (67.292%))
  Logic Levels:           0  
  Timing Exception:       MaxDelay Path 6.000ns -datapath_only

    Location             Delay type                Incr(ns)  Path(ns)    Netlist Resource(s)
  -------------------------------------------------------------------    -------------------
    SLICE_X37Y15                                      0.000     0.000 r  CAPTURE_SUBSYSTEM/MAILBOX/cfg_hold_pcie_reg[11]/C
    SLICE_X37Y15         FDRE (Prop_fdre_C_Q)         0.379     0.379 r  CAPTURE_SUBSYSTEM/MAILBOX/cfg_hold_pcie_reg[11]/Q
                         net (fo=1, routed)           0.780     1.159    CAPTURE_SUBSYSTEM/MAILBOX/cfg_hold_pcie_reg_n_0_[11]
    SLICE_X38Y17         FDRE                                         r  CAPTURE_SUBSYSTEM/MAILBOX/nvp_cfg_target_line_reg[1]/D
  -------------------------------------------------------------------    -------------------

                         max delay                    6.000     6.000    
    SLICE_X38Y17         FDRE (Setup_fdre_C_D)       -0.033     5.967    CAPTURE_SUBSYSTEM/MAILBOX/nvp_cfg_target_line_reg[1]
  -------------------------------------------------------------------
                         required time                          5.967    
                         arrival time                          -1.159    
  -------------------------------------------------------------------
                         slack                                  4.808    

Slack (MET) :             4.873ns  (required time - arrival time)
  Source:                 CAPTURE_SUBSYSTEM/MAILBOX/cfg_hold_pcie_reg[46]/C
                            (rising edge-triggered cell FDRE clocked by userclk1  {rise@0.000ns fall@8.000ns period=16.000ns})
  Destination:            CAPTURE_SUBSYSTEM/MAILBOX/nvp_cfg_capture_generation_reg[4]/D
                            (rising edge-triggered cell FDRE clocked by nvp_vclk1  {rise@0.000ns fall@3.367ns period=6.734ns})
  Path Group:             nvp_vclk1
  Path Type:              Setup (Max at Slow Process Corner)
  Requirement:            6.000ns  (MaxDelay Path 6.000ns)
  Data Path Delay:        1.095ns  (logic 0.433ns (39.530%)  route 0.662ns (60.470%))
  Logic Levels:           0  
  Timing Exception:       MaxDelay Path 6.000ns -datapath_only

    Location             Delay type                Incr(ns)  Path(ns)    Netlist Resource(s)
  -------------------------------------------------------------------    -------------------
    SLICE_X52Y7                                       0.000     0.000 r  CAPTURE_SUBSYSTEM/MAILBOX/cfg_hold_pcie_reg[46]/C
    SLICE_X52Y7          FDRE (Prop_fdre_C_Q)         0.433     0.433 r  CAPTURE_SUBSYSTEM/MAILBOX/cfg_hold_pcie_reg[46]/Q
                         net (fo=1, routed)           0.662     1.095    CAPTURE_SUBSYSTEM/MAILBOX/cfg_hold_pcie_reg_n_0_[46]
    SLICE_X53Y12         FDRE                                         r  CAPTURE_SUBSYSTEM/MAILBOX/nvp_cfg_capture_generation_reg[4]/D
  -------------------------------------------------------------------    -------------------

                         max delay                    6.000     6.000    
    SLICE_X53Y12         FDRE (Setup_fdre_C_D)       -0.032     5.968    CAPTURE_SUBSYSTEM/MAILBOX/nvp_cfg_capture_generation_reg[4]
  -------------------------------------------------------------------
                         required time                          5.968    
                         arrival time                          -1.095    
  -------------------------------------------------------------------
                         slack                                  4.873    

Slack (MET) :             4.876ns  (required time - arrival time)
  Source:                 CAPTURE_SUBSYSTEM/MAILBOX/cfg_hold_pcie_reg[70]/C
                            (rising edge-triggered cell FDRE clocked by userclk1  {rise@0.000ns fall@8.000ns period=16.000ns})
  Destination:            CAPTURE_SUBSYSTEM/MAILBOX/nvp_cfg_capture_generation_reg[28]/D
                            (rising edge-triggered cell FDRE clocked by nvp_vclk1  {rise@0.000ns fall@3.367ns period=6.734ns})
  Path Group:             nvp_vclk1
  Path Type:              Setup (Max at Slow Process Corner)
  Requirement:            6.000ns  (MaxDelay Path 6.000ns)
  Data Path Delay:        1.082ns  (logic 0.433ns (40.007%)  route 0.649ns (59.993%))
  Logic Levels:           0  
  Timing Exception:       MaxDelay Path 6.000ns -datapath_only

    Location             Delay type                Incr(ns)  Path(ns)    Netlist Resource(s)
  -------------------------------------------------------------------    -------------------
    SLICE_X52Y13                                      0.000     0.000 r  CAPTURE_SUBSYSTEM/MAILBOX/cfg_hold_pcie_reg[70]/C
    SLICE_X52Y13         FDRE (Prop_fdre_C_Q)         0.433     0.433 r  CAPTURE_SUBSYSTEM/MAILBOX/cfg_hold_pcie_reg[70]/Q
                         net (fo=1, routed)           0.649     1.082    CAPTURE_SUBSYSTEM/MAILBOX/cfg_hold_pcie_reg_n_0_[70]
    SLICE_X57Y13         FDRE                                         r  CAPTURE_SUBSYSTEM/MAILBOX/nvp_cfg_capture_generation_reg[28]/D
  -------------------------------------------------------------------    -------------------

                         max delay                    6.000     6.000    
    SLICE_X57Y13         FDRE (Setup_fdre_C_D)       -0.042     5.958    CAPTURE_SUBSYSTEM/MAILBOX/nvp_cfg_capture_generation_reg[28]
  -------------------------------------------------------------------
                         required time                          5.958    
                         arrival time                          -1.082    
  -------------------------------------------------------------------
                         slack                                  4.876    

Slack (MET) :             4.882ns  (required time - arrival time)
  Source:                 CAPTURE_SUBSYSTEM/MAILBOX/cfg_hold_pcie_reg[19]/C
                            (rising edge-triggered cell FDRE clocked by userclk1  {rise@0.000ns fall@8.000ns period=16.000ns})
  Destination:            CAPTURE_SUBSYSTEM/MAILBOX/nvp_cfg_target_line_reg[9]/D
                            (rising edge-triggered cell FDRE clocked by nvp_vclk1  {rise@0.000ns fall@3.367ns period=6.734ns})
  Path Group:             nvp_vclk1
  Path Type:              Setup (Max at Slow Process Corner)
  Requirement:            6.000ns  (MaxDelay Path 6.000ns)
  Data Path Delay:        1.075ns  (logic 0.433ns (40.267%)  route 0.642ns (59.733%))
  Logic Levels:           0  
  Timing Exception:       MaxDelay Path 6.000ns -datapath_only

    Location             Delay type                Incr(ns)  Path(ns)    Netlist Resource(s)
  -------------------------------------------------------------------    -------------------
    SLICE_X38Y16                                      0.000     0.000 r  CAPTURE_SUBSYSTEM/MAILBOX/cfg_hold_pcie_reg[19]/C
    SLICE_X38Y16         FDRE (Prop_fdre_C_Q)         0.433     0.433 r  CAPTURE_SUBSYSTEM/MAILBOX/cfg_hold_pcie_reg[19]/Q
                         net (fo=1, routed)           0.642     1.075    CAPTURE_SUBSYSTEM/MAILBOX/cfg_hold_pcie_reg_n_0_[19]
    SLICE_X38Y17         FDRE                                         r  CAPTURE_SUBSYSTEM/MAILBOX/nvp_cfg_target_line_reg[9]/D
  -------------------------------------------------------------------    -------------------

                         max delay                    6.000     6.000    
    SLICE_X38Y17         FDRE (Setup_fdre_C_D)       -0.043     5.957    CAPTURE_SUBSYSTEM/MAILBOX/nvp_cfg_target_line_reg[9]
  -------------------------------------------------------------------
                         required time                          5.957    
                         arrival time                          -1.075    
  -------------------------------------------------------------------
                         slack                                  4.882    

Slack (MET) :             4.882ns  (required time - arrival time)
  Source:                 CAPTURE_SUBSYSTEM/MAILBOX/cfg_hold_pcie_reg[15]/C
                            (rising edge-triggered cell FDRE clocked by userclk1  {rise@0.000ns fall@8.000ns period=16.000ns})
  Destination:            CAPTURE_SUBSYSTEM/MAILBOX/nvp_cfg_target_line_reg[5]/D
                            (rising edge-triggered cell FDRE clocked by nvp_vclk1  {rise@0.000ns fall@3.367ns period=6.734ns})
  Path Group:             nvp_vclk1
  Path Type:              Setup (Max at Slow Process Corner)
  Requirement:            6.000ns  (MaxDelay Path 6.000ns)
  Data Path Delay:        1.046ns  (logic 0.379ns (36.223%)  route 0.667ns (63.777%))
  Logic Levels:           0  
  Timing Exception:       MaxDelay Path 6.000ns -datapath_only

    Location             Delay type                Incr(ns)  Path(ns)    Netlist Resource(s)
  -------------------------------------------------------------------    -------------------
    SLICE_X40Y11                                      0.000     0.000 r  CAPTURE_SUBSYSTEM/MAILBOX/cfg_hold_pcie_reg[15]/C
    SLICE_X40Y11         FDRE (Prop_fdre_C_Q)         0.379     0.379 r  CAPTURE_SUBSYSTEM/MAILBOX/cfg_hold_pcie_reg[15]/Q
                         net (fo=1, routed)           0.667     1.046    CAPTURE_SUBSYSTEM/MAILBOX/cfg_hold_pcie_reg_n_0_[15]
    SLICE_X41Y11         FDRE                                         r  CAPTURE_SUBSYSTEM/MAILBOX/nvp_cfg_target_line_reg[5]/D
  -------------------------------------------------------------------    -------------------

                         max delay                    6.000     6.000    
    SLICE_X41Y11         FDRE (Setup_fdre_C_D)       -0.072     5.928    CAPTURE_SUBSYSTEM/MAILBOX/nvp_cfg_target_line_reg[5]
  -------------------------------------------------------------------
                         required time                          5.928    
                         arrival time                          -1.046    
  -------------------------------------------------------------------
                         slack                                  4.882    

Slack (MET) :             4.885ns  (required time - arrival time)
  Source:                 CAPTURE_SUBSYSTEM/MAILBOX/cfg_hold_pcie_reg[73]/C
                            (rising edge-triggered cell FDRE clocked by userclk1  {rise@0.000ns fall@8.000ns period=16.000ns})
  Destination:            CAPTURE_SUBSYSTEM/MAILBOX/nvp_cfg_capture_generation_reg[31]/D
                            (rising edge-triggered cell FDRE clocked by nvp_vclk1  {rise@0.000ns fall@3.367ns period=6.734ns})
  Path Group:             nvp_vclk1
  Path Type:              Setup (Max at Slow Process Corner)
  Requirement:            6.000ns  (MaxDelay Path 6.000ns)
  Data Path Delay:        1.071ns  (logic 0.433ns (40.435%)  route 0.638ns (59.565%))
  Logic Levels:           0  
  Timing Exception:       MaxDelay Path 6.000ns -datapath_only

    Location             Delay type                Incr(ns)  Path(ns)    Netlist Resource(s)
  -------------------------------------------------------------------    -------------------
    SLICE_X52Y13                                      0.000     0.000 r  CAPTURE_SUBSYSTEM/MAILBOX/cfg_hold_pcie_reg[73]/C
    SLICE_X52Y13         FDRE (Prop_fdre_C_Q)         0.433     0.433 r  CAPTURE_SUBSYSTEM/MAILBOX/cfg_hold_pcie_reg[73]/Q
                         net (fo=1, routed)           0.638     1.071    CAPTURE_SUBSYSTEM/MAILBOX/cfg_hold_pcie_reg_n_0_[73]
    SLICE_X57Y13         FDRE                                         r  CAPTURE_SUBSYSTEM/MAILBOX/nvp_cfg_capture_generation_reg[31]/D
  -------------------------------------------------------------------    -------------------

                         max delay                    6.000     6.000    
    SLICE_X57Y13         FDRE (Setup_fdre_C_D)       -0.044     5.956    CAPTURE_SUBSYSTEM/MAILBOX/nvp_cfg_capture_generation_reg[31]
  -------------------------------------------------------------------
                         required time                          5.956    
                         arrival time                          -1.071    
  -------------------------------------------------------------------
                         slack                                  4.885    

Slack (MET) :             4.888ns  (required time - arrival time)
  Source:                 CAPTURE_SUBSYSTEM/MAILBOX/cfg_hold_pcie_reg[6]/C
                            (rising edge-triggered cell FDRE clocked by userclk1  {rise@0.000ns fall@8.000ns period=16.000ns})
  Destination:            CAPTURE_SUBSYSTEM/MAILBOX/nvp_cfg_line_count_requested_reg[1]/D
                            (rising edge-triggered cell FDRE clocked by nvp_vclk1  {rise@0.000ns fall@3.367ns period=6.734ns})
  Path Group:             nvp_vclk1
  Path Type:              Setup (Max at Slow Process Corner)
  Requirement:            6.000ns  (MaxDelay Path 6.000ns)
  Data Path Delay:        1.073ns  (logic 0.379ns (35.337%)  route 0.694ns (64.663%))
  Logic Levels:           0  
  Timing Exception:       MaxDelay Path 6.000ns -datapath_only

    Location             Delay type                Incr(ns)  Path(ns)    Netlist Resource(s)
  -------------------------------------------------------------------    -------------------
    SLICE_X45Y10                                      0.000     0.000 r  CAPTURE_SUBSYSTEM/MAILBOX/cfg_hold_pcie_reg[6]/C
    SLICE_X45Y10         FDRE (Prop_fdre_C_Q)         0.379     0.379 r  CAPTURE_SUBSYSTEM/MAILBOX/cfg_hold_pcie_reg[6]/Q
                         net (fo=1, routed)           0.694     1.073    CAPTURE_SUBSYSTEM/MAILBOX/cfg_hold_pcie_reg_n_0_[6]
    SLICE_X53Y10         FDRE                                         r  CAPTURE_SUBSYSTEM/MAILBOX/nvp_cfg_line_count_requested_reg[1]/D
  -------------------------------------------------------------------    -------------------

                         max delay                    6.000     6.000    
    SLICE_X53Y10         FDRE (Setup_fdre_C_D)       -0.039     5.961    CAPTURE_SUBSYSTEM/MAILBOX/nvp_cfg_line_count_requested_reg[1]
  -------------------------------------------------------------------
                         required time                          5.961    
                         arrival time                          -1.073    
  -------------------------------------------------------------------
                         slack                                  4.888    

Slack (MET) :             4.902ns  (required time - arrival time)
  Source:                 CAPTURE_SUBSYSTEM/MAILBOX/cfg_hold_pcie_reg[9]/C
                            (rising edge-triggered cell FDRE clocked by userclk1  {rise@0.000ns fall@8.000ns period=16.000ns})
  Destination:            CAPTURE_SUBSYSTEM/MAILBOX/nvp_cfg_line_count_requested_reg[4]/D
                            (rising edge-triggered cell FDRE clocked by nvp_vclk1  {rise@0.000ns fall@3.367ns period=6.734ns})
  Path Group:             nvp_vclk1
  Path Type:              Setup (Max at Slow Process Corner)
  Requirement:            6.000ns  (MaxDelay Path 6.000ns)
  Data Path Delay:        0.940ns  (logic 0.348ns (37.013%)  route 0.592ns (62.987%))
  Logic Levels:           0  
  Timing Exception:       MaxDelay Path 6.000ns -datapath_only

    Location             Delay type                Incr(ns)  Path(ns)    Netlist Resource(s)
  -------------------------------------------------------------------    -------------------
    SLICE_X45Y10                                      0.000     0.000 r  CAPTURE_SUBSYSTEM/MAILBOX/cfg_hold_pcie_reg[9]/C
    SLICE_X45Y10         FDRE (Prop_fdre_C_Q)         0.348     0.348 r  CAPTURE_SUBSYSTEM/MAILBOX/cfg_hold_pcie_reg[9]/Q
                         net (fo=1, routed)           0.592     0.940    CAPTURE_SUBSYSTEM/MAILBOX/cfg_hold_pcie_reg_n_0_[9]
    SLICE_X53Y8          FDRE                                         r  CAPTURE_SUBSYSTEM/MAILBOX/nvp_cfg_line_count_requested_reg[4]/D
  -------------------------------------------------------------------    -------------------

                         max delay                    6.000     6.000    
    SLICE_X53Y8          FDRE (Setup_fdre_C_D)       -0.158     5.842    CAPTURE_SUBSYSTEM/MAILBOX/nvp_cfg_line_count_requested_reg[4]
  -------------------------------------------------------------------
                         required time                          5.842    
                         arrival time                          -0.940    
  -------------------------------------------------------------------
                         slack                                  4.902    

Slack (MET) :             4.917ns  (required time - arrival time)
  Source:                 CAPTURE_SUBSYSTEM/MAILBOX/cfg_hold_pcie_reg[12]/C
                            (rising edge-triggered cell FDRE clocked by userclk1  {rise@0.000ns fall@8.000ns period=16.000ns})
  Destination:            CAPTURE_SUBSYSTEM/MAILBOX/nvp_cfg_target_line_reg[2]/D
                            (rising edge-triggered cell FDRE clocked by nvp_vclk1  {rise@0.000ns fall@3.367ns period=6.734ns})
  Path Group:             nvp_vclk1
  Path Type:              Setup (Max at Slow Process Corner)
  Requirement:            6.000ns  (MaxDelay Path 6.000ns)
  Data Path Delay:        0.866ns  (logic 0.348ns (40.196%)  route 0.518ns (59.804%))
  Logic Levels:           0  
  Timing Exception:       MaxDelay Path 6.000ns -datapath_only

    Location             Delay type                Incr(ns)  Path(ns)    Netlist Resource(s)
  -------------------------------------------------------------------    -------------------
    SLICE_X40Y11                                      0.000     0.000 r  CAPTURE_SUBSYSTEM/MAILBOX/cfg_hold_pcie_reg[12]/C
    SLICE_X40Y11         FDRE (Prop_fdre_C_Q)         0.348     0.348 r  CAPTURE_SUBSYSTEM/MAILBOX/cfg_hold_pcie_reg[12]/Q
                         net (fo=1, routed)           0.518     0.866    CAPTURE_SUBSYSTEM/MAILBOX/cfg_hold_pcie_reg_n_0_[12]
    SLICE_X41Y11         FDRE                                         r  CAPTURE_SUBSYSTEM/MAILBOX/nvp_cfg_target_line_reg[2]/D
  -------------------------------------------------------------------    -------------------

                         max delay                    6.000     6.000    
    SLICE_X41Y11         FDRE (Setup_fdre_C_D)       -0.217     5.783    CAPTURE_SUBSYSTEM/MAILBOX/nvp_cfg_target_line_reg[2]
  -------------------------------------------------------------------
                         required time                          5.783    
                         arrival time                          -0.866    
  -------------------------------------------------------------------
                         slack                                  4.917    

Slack (MET) :             4.937ns  (required time - arrival time)
  Source:                 CAPTURE_SUBSYSTEM/MAILBOX/cfg_hold_pcie_reg[10]/C
                            (rising edge-triggered cell FDRE clocked by userclk1  {rise@0.000ns fall@8.000ns period=16.000ns})
  Destination:            CAPTURE_SUBSYSTEM/MAILBOX/nvp_cfg_target_line_reg[0]/D
                            (rising edge-triggered cell FDRE clocked by nvp_vclk1  {rise@0.000ns fall@3.367ns period=6.734ns})
  Path Group:             nvp_vclk1
  Path Type:              Setup (Max at Slow Process Corner)
  Requirement:            6.000ns  (MaxDelay Path 6.000ns)
  Data Path Delay:        1.026ns  (logic 0.379ns (36.949%)  route 0.647ns (63.051%))
  Logic Levels:           0  
  Timing Exception:       MaxDelay Path 6.000ns -datapath_only

    Location             Delay type                Incr(ns)  Path(ns)    Netlist Resource(s)
  -------------------------------------------------------------------    -------------------
    SLICE_X37Y15                                      0.000     0.000 r  CAPTURE_SUBSYSTEM/MAILBOX/cfg_hold_pcie_reg[10]/C
    SLICE_X37Y15         FDRE (Prop_fdre_C_Q)         0.379     0.379 r  CAPTURE_SUBSYSTEM/MAILBOX/cfg_hold_pcie_reg[10]/Q
                         net (fo=1, routed)           0.647     1.026    CAPTURE_SUBSYSTEM/MAILBOX/cfg_hold_pcie_reg_n_0_[10]
    SLICE_X38Y17         FDRE                                         r  CAPTURE_SUBSYSTEM/MAILBOX/nvp_cfg_target_line_reg[0]/D
  -------------------------------------------------------------------    -------------------

                         max delay                    6.000     6.000    
    SLICE_X38Y17         FDRE (Setup_fdre_C_D)       -0.037     5.963    CAPTURE_SUBSYSTEM/MAILBOX/nvp_cfg_target_line_reg[0]
  -------------------------------------------------------------------
                         required time                          5.963    
                         arrival time                          -1.026    
  -------------------------------------------------------------------
                         slack                                  4.937    

Slack (MET) :             4.941ns  (required time - arrival time)
  Source:                 CAPTURE_SUBSYSTEM/MAILBOX/cfg_hold_pcie_reg[49]/C
                            (rising edge-triggered cell FDRE clocked by userclk1  {rise@0.000ns fall@8.000ns period=16.000ns})
  Destination:            CAPTURE_SUBSYSTEM/MAILBOX/nvp_cfg_capture_generation_reg[7]/D
                            (rising edge-triggered cell FDRE clocked by nvp_vclk1  {rise@0.000ns fall@3.367ns period=6.734ns})
  Path Group:             nvp_vclk1
  Path Type:              Setup (Max at Slow Process Corner)
  Requirement:            6.000ns  (MaxDelay Path 6.000ns)
  Data Path Delay:        1.015ns  (logic 0.433ns (42.676%)  route 0.582ns (57.324%))
  Logic Levels:           0  
  Timing Exception:       MaxDelay Path 6.000ns -datapath_only

    Location             Delay type                Incr(ns)  Path(ns)    Netlist Resource(s)
  -------------------------------------------------------------------    -------------------
    SLICE_X52Y7                                       0.000     0.000 r  CAPTURE_SUBSYSTEM/MAILBOX/cfg_hold_pcie_reg[49]/C
    SLICE_X52Y7          FDRE (Prop_fdre_C_Q)         0.433     0.433 r  CAPTURE_SUBSYSTEM/MAILBOX/cfg_hold_pcie_reg[49]/Q
                         net (fo=1, routed)           0.582     1.015    CAPTURE_SUBSYSTEM/MAILBOX/cfg_hold_pcie_reg_n_0_[49]
    SLICE_X53Y12         FDRE                                         r  CAPTURE_SUBSYSTEM/MAILBOX/nvp_cfg_capture_generation_reg[7]/D
  -------------------------------------------------------------------    -------------------

                         max delay                    6.000     6.000    
    SLICE_X53Y12         FDRE (Setup_fdre_C_D)       -0.044     5.956    CAPTURE_SUBSYSTEM/MAILBOX/nvp_cfg_capture_generation_reg[7]
  -------------------------------------------------------------------
                         required time                          5.956    
                         arrival time                          -1.015    
  -------------------------------------------------------------------
                         slack                                  4.941    

Slack (MET) :             4.947ns  (required time - arrival time)
  Source:                 CAPTURE_SUBSYSTEM/MAILBOX/cfg_hold_pcie_reg[41]/C
                            (rising edge-triggered cell FDRE clocked by userclk1  {rise@0.000ns fall@8.000ns period=16.000ns})
  Destination:            CAPTURE_SUBSYSTEM/MAILBOX/nvp_cfg_target_line_reg[31]/D
                            (rising edge-triggered cell FDRE clocked by nvp_vclk1  {rise@0.000ns fall@3.367ns period=6.734ns})
  Path Group:             nvp_vclk1
  Path Type:              Setup (Max at Slow Process Corner)
  Requirement:            6.000ns  (MaxDelay Path 6.000ns)
  Data Path Delay:        0.877ns  (logic 0.348ns (39.663%)  route 0.529ns (60.337%))
  Logic Levels:           0  
  Timing Exception:       MaxDelay Path 6.000ns -datapath_only

    Location             Delay type                Incr(ns)  Path(ns)    Netlist Resource(s)
  -------------------------------------------------------------------    -------------------
    SLICE_X40Y32                                      0.000     0.000 r  CAPTURE_SUBSYSTEM/MAILBOX/cfg_hold_pcie_reg[41]/C
    SLICE_X40Y32         FDRE (Prop_fdre_C_Q)         0.348     0.348 r  CAPTURE_SUBSYSTEM/MAILBOX/cfg_hold_pcie_reg[41]/Q
                         net (fo=1, routed)           0.529     0.877    CAPTURE_SUBSYSTEM/MAILBOX/cfg_hold_pcie_reg_n_0_[41]
    SLICE_X39Y32         FDRE                                         r  CAPTURE_SUBSYSTEM/MAILBOX/nvp_cfg_target_line_reg[31]/D
  -------------------------------------------------------------------    -------------------

                         max delay                    6.000     6.000    
    SLICE_X39Y32         FDRE (Setup_fdre_C_D)       -0.176     5.824    CAPTURE_SUBSYSTEM/MAILBOX/nvp_cfg_target_line_reg[31]
  -------------------------------------------------------------------
                         required time                          5.824    
                         arrival time                          -0.877    
  -------------------------------------------------------------------
                         slack                                  4.947    

Slack (MET) :             4.972ns  (required time - arrival time)
  Source:                 CAPTURE_SUBSYSTEM/MAILBOX/cfg_hold_pcie_reg[52]/C
                            (rising edge-triggered cell FDRE clocked by userclk1  {rise@0.000ns fall@8.000ns period=16.000ns})
  Destination:            CAPTURE_SUBSYSTEM/MAILBOX/nvp_cfg_capture_generation_reg[10]/D
                            (rising edge-triggered cell FDRE clocked by nvp_vclk1  {rise@0.000ns fall@3.367ns period=6.734ns})
  Path Group:             nvp_vclk1
  Path Type:              Setup (Max at Slow Process Corner)
  Requirement:            6.000ns  (MaxDelay Path 6.000ns)
  Data Path Delay:        0.953ns  (logic 0.433ns (45.417%)  route 0.520ns (54.583%))
  Logic Levels:           0  
  Timing Exception:       MaxDelay Path 6.000ns -datapath_only

    Location             Delay type                Incr(ns)  Path(ns)    Netlist Resource(s)
  -------------------------------------------------------------------    -------------------
    SLICE_X52Y8                                       0.000     0.000 r  CAPTURE_SUBSYSTEM/MAILBOX/cfg_hold_pcie_reg[52]/C
    SLICE_X52Y8          FDRE (Prop_fdre_C_Q)         0.433     0.433 r  CAPTURE_SUBSYSTEM/MAILBOX/cfg_hold_pcie_reg[52]/Q
                         net (fo=1, routed)           0.520     0.953    CAPTURE_SUBSYSTEM/MAILBOX/cfg_hold_pcie_reg_n_0_[52]
    SLICE_X53Y11         FDRE                                         r  CAPTURE_SUBSYSTEM/MAILBOX/nvp_cfg_capture_generation_reg[10]/D
  -------------------------------------------------------------------    -------------------

                         max delay                    6.000     6.000    
    SLICE_X53Y11         FDRE (Setup_fdre_C_D)       -0.075     5.925    CAPTURE_SUBSYSTEM/MAILBOX/nvp_cfg_capture_generation_reg[10]
  -------------------------------------------------------------------
                         required time                          5.925    
                         arrival time                          -0.953    
  -------------------------------------------------------------------
                         slack                                  4.972    

Slack (MET) :             4.973ns  (required time - arrival time)
  Source:                 CAPTURE_SUBSYSTEM/MAILBOX/cfg_hold_pcie_reg[44]/C
                            (rising edge-triggered cell FDRE clocked by userclk1  {rise@0.000ns fall@8.000ns period=16.000ns})
  Destination:            CAPTURE_SUBSYSTEM/MAILBOX/nvp_cfg_capture_generation_reg[2]/D
                            (rising edge-triggered cell FDRE clocked by nvp_vclk1  {rise@0.000ns fall@3.367ns period=6.734ns})
  Path Group:             nvp_vclk1
  Path Type:              Setup (Max at Slow Process Corner)
  Requirement:            6.000ns  (MaxDelay Path 6.000ns)
  Data Path Delay:        0.988ns  (logic 0.433ns (43.834%)  route 0.555ns (56.166%))
  Logic Levels:           0  
  Timing Exception:       MaxDelay Path 6.000ns -datapath_only

    Location             Delay type                Incr(ns)  Path(ns)    Netlist Resource(s)
  -------------------------------------------------------------------    -------------------
    SLICE_X52Y6                                       0.000     0.000 r  CAPTURE_SUBSYSTEM/MAILBOX/cfg_hold_pcie_reg[44]/C
    SLICE_X52Y6          FDRE (Prop_fdre_C_Q)         0.433     0.433 r  CAPTURE_SUBSYSTEM/MAILBOX/cfg_hold_pcie_reg[44]/Q
                         net (fo=1, routed)           0.555     0.988    CAPTURE_SUBSYSTEM/MAILBOX/cfg_hold_pcie_reg_n_0_[44]
    SLICE_X53Y12         FDRE                                         r  CAPTURE_SUBSYSTEM/MAILBOX/nvp_cfg_capture_generation_reg[2]/D
  -------------------------------------------------------------------    -------------------

                         max delay                    6.000     6.000    
    SLICE_X53Y12         FDRE (Setup_fdre_C_D)       -0.039     5.961    CAPTURE_SUBSYSTEM/MAILBOX/nvp_cfg_capture_generation_reg[2]
  -------------------------------------------------------------------
                         required time                          5.961    
                         arrival time                          -0.988    
  -------------------------------------------------------------------
                         slack                                  4.973    

Slack (MET) :             4.975ns  (required time - arrival time)
  Source:                 CAPTURE_SUBSYSTEM/MAILBOX/cfg_hold_pcie_reg[42]/C
                            (rising edge-triggered cell FDRE clocked by userclk1  {rise@0.000ns fall@8.000ns period=16.000ns})
  Destination:            CAPTURE_SUBSYSTEM/MAILBOX/nvp_cfg_capture_generation_reg[0]/D
                            (rising edge-triggered cell FDRE clocked by nvp_vclk1  {rise@0.000ns fall@3.367ns period=6.734ns})
  Path Group:             nvp_vclk1
  Path Type:              Setup (Max at Slow Process Corner)
  Requirement:            6.000ns  (MaxDelay Path 6.000ns)
  Data Path Delay:        0.950ns  (logic 0.433ns (45.596%)  route 0.517ns (54.404%))
  Logic Levels:           0  
  Timing Exception:       MaxDelay Path 6.000ns -datapath_only

    Location             Delay type                Incr(ns)  Path(ns)    Netlist Resource(s)
  -------------------------------------------------------------------    -------------------
    SLICE_X52Y6                                       0.000     0.000 r  CAPTURE_SUBSYSTEM/MAILBOX/cfg_hold_pcie_reg[42]/C
    SLICE_X52Y6          FDRE (Prop_fdre_C_Q)         0.433     0.433 r  CAPTURE_SUBSYSTEM/MAILBOX/cfg_hold_pcie_reg[42]/Q
                         net (fo=1, routed)           0.517     0.950    CAPTURE_SUBSYSTEM/MAILBOX/cfg_hold_pcie_reg_n_0_[42]
    SLICE_X53Y8          FDRE                                         r  CAPTURE_SUBSYSTEM/MAILBOX/nvp_cfg_capture_generation_reg[0]/D
  -------------------------------------------------------------------    -------------------

                         max delay                    6.000     6.000    
    SLICE_X53Y8          FDRE (Setup_fdre_C_D)       -0.075     5.925    CAPTURE_SUBSYSTEM/MAILBOX/nvp_cfg_capture_generation_reg[0]
  -------------------------------------------------------------------
                         required time                          5.925    
                         arrival time                          -0.950    
  -------------------------------------------------------------------
                         slack                                  4.975    

Slack (MET) :             4.988ns  (required time - arrival time)
  Source:                 CAPTURE_SUBSYSTEM/MAILBOX/cfg_hold_pcie_reg[32]/C
                            (rising edge-triggered cell FDRE clocked by userclk1  {rise@0.000ns fall@8.000ns period=16.000ns})
  Destination:            CAPTURE_SUBSYSTEM/MAILBOX/nvp_cfg_target_line_reg[22]/D
                            (rising edge-triggered cell FDRE clocked by nvp_vclk1  {rise@0.000ns fall@3.367ns period=6.734ns})
  Path Group:             nvp_vclk1
  Path Type:              Setup (Max at Slow Process Corner)
  Requirement:            6.000ns  (MaxDelay Path 6.000ns)
  Data Path Delay:        0.835ns  (logic 0.348ns (41.656%)  route 0.487ns (58.344%))
  Logic Levels:           0  
  Timing Exception:       MaxDelay Path 6.000ns -datapath_only

    Location             Delay type                Incr(ns)  Path(ns)    Netlist Resource(s)
  -------------------------------------------------------------------    -------------------
    SLICE_X37Y28                                      0.000     0.000 r  CAPTURE_SUBSYSTEM/MAILBOX/cfg_hold_pcie_reg[32]/C
    SLICE_X37Y28         FDRE (Prop_fdre_C_Q)         0.348     0.348 r  CAPTURE_SUBSYSTEM/MAILBOX/cfg_hold_pcie_reg[32]/Q
                         net (fo=1, routed)           0.487     0.835    CAPTURE_SUBSYSTEM/MAILBOX/cfg_hold_pcie_reg_n_0_[32]
    SLICE_X37Y31         FDRE                                         r  CAPTURE_SUBSYSTEM/MAILBOX/nvp_cfg_target_line_reg[22]/D
  -------------------------------------------------------------------    -------------------

                         max delay                    6.000     6.000    
    SLICE_X37Y31         FDRE (Setup_fdre_C_D)       -0.177     5.823    CAPTURE_SUBSYSTEM/MAILBOX/nvp_cfg_target_line_reg[22]
  -------------------------------------------------------------------
                         required time                          5.823    
                         arrival time                          -0.835    
  -------------------------------------------------------------------
                         slack                                  4.988    

Slack (MET) :             4.989ns  (required time - arrival time)
  Source:                 CAPTURE_SUBSYSTEM/MAILBOX/cfg_hold_pcie_reg[66]/C
                            (rising edge-triggered cell FDRE clocked by userclk1  {rise@0.000ns fall@8.000ns period=16.000ns})
  Destination:            CAPTURE_SUBSYSTEM/MAILBOX/nvp_cfg_capture_generation_reg[24]/D
                            (rising edge-triggered cell FDRE clocked by nvp_vclk1  {rise@0.000ns fall@3.367ns period=6.734ns})
  Path Group:             nvp_vclk1
  Path Type:              Setup (Max at Slow Process Corner)
  Requirement:            6.000ns  (MaxDelay Path 6.000ns)
  Data Path Delay:        0.969ns  (logic 0.433ns (44.701%)  route 0.536ns (55.299%))
  Logic Levels:           0  
  Timing Exception:       MaxDelay Path 6.000ns -datapath_only

    Location             Delay type                Incr(ns)  Path(ns)    Netlist Resource(s)
  -------------------------------------------------------------------    -------------------
    SLICE_X52Y12                                      0.000     0.000 r  CAPTURE_SUBSYSTEM/MAILBOX/cfg_hold_pcie_reg[66]/C
    SLICE_X52Y12         FDRE (Prop_fdre_C_Q)         0.433     0.433 r  CAPTURE_SUBSYSTEM/MAILBOX/cfg_hold_pcie_reg[66]/Q
                         net (fo=1, routed)           0.536     0.969    CAPTURE_SUBSYSTEM/MAILBOX/cfg_hold_pcie_reg_n_0_[66]
    SLICE_X53Y12         FDRE                                         r  CAPTURE_SUBSYSTEM/MAILBOX/nvp_cfg_capture_generation_reg[24]/D
  -------------------------------------------------------------------    -------------------

                         max delay                    6.000     6.000    
    SLICE_X53Y12         FDRE (Setup_fdre_C_D)       -0.042     5.958    CAPTURE_SUBSYSTEM/MAILBOX/nvp_cfg_capture_generation_reg[24]
  -------------------------------------------------------------------
                         required time                          5.958    
                         arrival time                          -0.969    
  -------------------------------------------------------------------
                         slack                                  4.989    

Slack (MET) :             4.990ns  (required time - arrival time)
  Source:                 CAPTURE_SUBSYSTEM/MAILBOX/cfg_hold_pcie_reg[33]/C
                            (rising edge-triggered cell FDRE clocked by userclk1  {rise@0.000ns fall@8.000ns period=16.000ns})
  Destination:            CAPTURE_SUBSYSTEM/MAILBOX/nvp_cfg_target_line_reg[23]/D
                            (rising edge-triggered cell FDRE clocked by nvp_vclk1  {rise@0.000ns fall@3.367ns period=6.734ns})
  Path Group:             nvp_vclk1
  Path Type:              Setup (Max at Slow Process Corner)
  Requirement:            6.000ns  (MaxDelay Path 6.000ns)
  Data Path Delay:        0.834ns  (logic 0.348ns (41.710%)  route 0.486ns (58.290%))
  Logic Levels:           0  
  Timing Exception:       MaxDelay Path 6.000ns -datapath_only

    Location             Delay type                Incr(ns)  Path(ns)    Netlist Resource(s)
  -------------------------------------------------------------------    -------------------
    SLICE_X37Y28                                      0.000     0.000 r  CAPTURE_SUBSYSTEM/MAILBOX/cfg_hold_pcie_reg[33]/C
    SLICE_X37Y28         FDRE (Prop_fdre_C_Q)         0.348     0.348 r  CAPTURE_SUBSYSTEM/MAILBOX/cfg_hold_pcie_reg[33]/Q
                         net (fo=1, routed)           0.486     0.834    CAPTURE_SUBSYSTEM/MAILBOX/cfg_hold_pcie_reg_n_0_[33]
    SLICE_X37Y31         FDRE                                         r  CAPTURE_SUBSYSTEM/MAILBOX/nvp_cfg_target_line_reg[23]/D
  -------------------------------------------------------------------    -------------------

                         max delay                    6.000     6.000    
    SLICE_X37Y31         FDRE (Setup_fdre_C_D)       -0.176     5.824    CAPTURE_SUBSYSTEM/MAILBOX/nvp_cfg_target_line_reg[23]
  -------------------------------------------------------------------
                         required time                          5.824    
                         arrival time                          -0.834    
  -------------------------------------------------------------------
                         slack                                  4.990    

Slack (MET) :             4.993ns  (required time - arrival time)
  Source:                 CAPTURE_SUBSYSTEM/MAILBOX/cfg_hold_pcie_reg[23]/C
                            (rising edge-triggered cell FDRE clocked by userclk1  {rise@0.000ns fall@8.000ns period=16.000ns})
  Destination:            CAPTURE_SUBSYSTEM/MAILBOX/nvp_cfg_target_line_reg[13]/D
                            (rising edge-triggered cell FDRE clocked by nvp_vclk1  {rise@0.000ns fall@3.367ns period=6.734ns})
  Path Group:             nvp_vclk1
  Path Type:              Setup (Max at Slow Process Corner)
  Requirement:            6.000ns  (MaxDelay Path 6.000ns)
  Data Path Delay:        0.948ns  (logic 0.433ns (45.662%)  route 0.515ns (54.338%))
  Logic Levels:           0  
  Timing Exception:       MaxDelay Path 6.000ns -datapath_only

    Location             Delay type                Incr(ns)  Path(ns)    Netlist Resource(s)
  -------------------------------------------------------------------    -------------------
    SLICE_X38Y16                                      0.000     0.000 r  CAPTURE_SUBSYSTEM/MAILBOX/cfg_hold_pcie_reg[23]/C
    SLICE_X38Y16         FDRE (Prop_fdre_C_Q)         0.433     0.433 r  CAPTURE_SUBSYSTEM/MAILBOX/cfg_hold_pcie_reg[23]/Q
                         net (fo=1, routed)           0.515     0.948    CAPTURE_SUBSYSTEM/MAILBOX/cfg_hold_pcie_reg_n_0_[23]
    SLICE_X39Y13         FDRE                                         r  CAPTURE_SUBSYSTEM/MAILBOX/nvp_cfg_target_line_reg[13]/D
  -------------------------------------------------------------------    -------------------

                         max delay                    6.000     6.000    
    SLICE_X39Y13         FDRE (Setup_fdre_C_D)       -0.059     5.941    CAPTURE_SUBSYSTEM/MAILBOX/nvp_cfg_target_line_reg[13]
  -------------------------------------------------------------------
                         required time                          5.941    
                         arrival time                          -0.948    
  -------------------------------------------------------------------
                         slack                                  4.993    

Slack (MET) :             4.995ns  (required time - arrival time)
  Source:                 CAPTURE_SUBSYSTEM/MAILBOX/cfg_hold_pcie_reg[72]/C
                            (rising edge-triggered cell FDRE clocked by userclk1  {rise@0.000ns fall@8.000ns period=16.000ns})
  Destination:            CAPTURE_SUBSYSTEM/MAILBOX/nvp_cfg_capture_generation_reg[30]/D
                            (rising edge-triggered cell FDRE clocked by nvp_vclk1  {rise@0.000ns fall@3.367ns period=6.734ns})
  Path Group:             nvp_vclk1
  Path Type:              Setup (Max at Slow Process Corner)
  Requirement:            6.000ns  (MaxDelay Path 6.000ns)
  Data Path Delay:        0.973ns  (logic 0.433ns (44.479%)  route 0.540ns (55.521%))
  Logic Levels:           0  
  Timing Exception:       MaxDelay Path 6.000ns -datapath_only

    Location             Delay type                Incr(ns)  Path(ns)    Netlist Resource(s)
  -------------------------------------------------------------------    -------------------
    SLICE_X52Y13                                      0.000     0.000 r  CAPTURE_SUBSYSTEM/MAILBOX/cfg_hold_pcie_reg[72]/C
    SLICE_X52Y13         FDRE (Prop_fdre_C_Q)         0.433     0.433 r  CAPTURE_SUBSYSTEM/MAILBOX/cfg_hold_pcie_reg[72]/Q
                         net (fo=1, routed)           0.540     0.973    CAPTURE_SUBSYSTEM/MAILBOX/cfg_hold_pcie_reg_n_0_[72]
    SLICE_X57Y13         FDRE                                         r  CAPTURE_SUBSYSTEM/MAILBOX/nvp_cfg_capture_generation_reg[30]/D
  -------------------------------------------------------------------    -------------------

                         max delay                    6.000     6.000    
    SLICE_X57Y13         FDRE (Setup_fdre_C_D)       -0.032     5.968    CAPTURE_SUBSYSTEM/MAILBOX/nvp_cfg_capture_generation_reg[30]
  -------------------------------------------------------------------
                         required time                          5.968    
                         arrival time                          -0.973    
  -------------------------------------------------------------------
                         slack                                  4.995    

Slack (MET) :             4.995ns  (required time - arrival time)
  Source:                 CAPTURE_SUBSYSTEM/MAILBOX/cfg_hold_pcie_reg[30]/C
                            (rising edge-triggered cell FDRE clocked by userclk1  {rise@0.000ns fall@8.000ns period=16.000ns})
  Destination:            CAPTURE_SUBSYSTEM/MAILBOX/nvp_cfg_target_line_reg[20]/D
                            (rising edge-triggered cell FDRE clocked by nvp_vclk1  {rise@0.000ns fall@3.367ns period=6.734ns})
  Path Group:             nvp_vclk1
  Path Type:              Setup (Max at Slow Process Corner)
  Requirement:            6.000ns  (MaxDelay Path 6.000ns)
  Data Path Delay:        0.821ns  (logic 0.348ns (42.370%)  route 0.473ns (57.630%))
  Logic Levels:           0  
  Timing Exception:       MaxDelay Path 6.000ns -datapath_only

    Location             Delay type                Incr(ns)  Path(ns)    Netlist Resource(s)
  -------------------------------------------------------------------    -------------------
    SLICE_X37Y28                                      0.000     0.000 r  CAPTURE_SUBSYSTEM/MAILBOX/cfg_hold_pcie_reg[30]/C
    SLICE_X37Y28         FDRE (Prop_fdre_C_Q)         0.348     0.348 r  CAPTURE_SUBSYSTEM/MAILBOX/cfg_hold_pcie_reg[30]/Q
                         net (fo=1, routed)           0.473     0.821    CAPTURE_SUBSYSTEM/MAILBOX/cfg_hold_pcie_reg_n_0_[30]
    SLICE_X37Y31         FDRE                                         r  CAPTURE_SUBSYSTEM/MAILBOX/nvp_cfg_target_line_reg[20]/D
  -------------------------------------------------------------------    -------------------

                         max delay                    6.000     6.000    
    SLICE_X37Y31         FDRE (Setup_fdre_C_D)       -0.184     5.816    CAPTURE_SUBSYSTEM/MAILBOX/nvp_cfg_target_line_reg[20]
  -------------------------------------------------------------------
                         required time                          5.816    
                         arrival time                          -0.821    
  -------------------------------------------------------------------
                         slack                                  4.995    

Slack (MET) :             4.995ns  (required time - arrival time)
  Source:                 CAPTURE_SUBSYSTEM/MAILBOX/cfg_hold_pcie_reg[24]/C
                            (rising edge-triggered cell FDRE clocked by userclk1  {rise@0.000ns fall@8.000ns period=16.000ns})
  Destination:            CAPTURE_SUBSYSTEM/MAILBOX/nvp_cfg_target_line_reg[14]/D
                            (rising edge-triggered cell FDRE clocked by nvp_vclk1  {rise@0.000ns fall@3.367ns period=6.734ns})
  Path Group:             nvp_vclk1
  Path Type:              Setup (Max at Slow Process Corner)
  Requirement:            6.000ns  (MaxDelay Path 6.000ns)
  Data Path Delay:        0.958ns  (logic 0.433ns (45.215%)  route 0.525ns (54.785%))
  Logic Levels:           0  
  Timing Exception:       MaxDelay Path 6.000ns -datapath_only

    Location             Delay type                Incr(ns)  Path(ns)    Netlist Resource(s)
  -------------------------------------------------------------------    -------------------
    SLICE_X38Y21                                      0.000     0.000 r  CAPTURE_SUBSYSTEM/MAILBOX/cfg_hold_pcie_reg[24]/C
    SLICE_X38Y21         FDRE (Prop_fdre_C_Q)         0.433     0.433 r  CAPTURE_SUBSYSTEM/MAILBOX/cfg_hold_pcie_reg[24]/Q
                         net (fo=1, routed)           0.525     0.958    CAPTURE_SUBSYSTEM/MAILBOX/cfg_hold_pcie_reg_n_0_[24]
    SLICE_X36Y24         FDRE                                         r  CAPTURE_SUBSYSTEM/MAILBOX/nvp_cfg_target_line_reg[14]/D
  -------------------------------------------------------------------    -------------------

                         max delay                    6.000     6.000    
    SLICE_X36Y24         FDRE (Setup_fdre_C_D)       -0.047     5.953    CAPTURE_SUBSYSTEM/MAILBOX/nvp_cfg_target_line_reg[14]
  -------------------------------------------------------------------
                         required time                          5.953    
                         arrival time                          -0.958    
  -------------------------------------------------------------------
                         slack                                  4.995    

Slack (MET) :             4.997ns  (required time - arrival time)
  Source:                 CAPTURE_SUBSYSTEM/MAILBOX/cfg_hold_pcie_reg[51]/C
                            (rising edge-triggered cell FDRE clocked by userclk1  {rise@0.000ns fall@8.000ns period=16.000ns})
  Destination:            CAPTURE_SUBSYSTEM/MAILBOX/nvp_cfg_capture_generation_reg[9]/D
                            (rising edge-triggered cell FDRE clocked by nvp_vclk1  {rise@0.000ns fall@3.367ns period=6.734ns})
  Path Group:             nvp_vclk1
  Path Type:              Setup (Max at Slow Process Corner)
  Requirement:            6.000ns  (MaxDelay Path 6.000ns)
  Data Path Delay:        0.976ns  (logic 0.433ns (44.371%)  route 0.543ns (55.629%))
  Logic Levels:           0  
  Timing Exception:       MaxDelay Path 6.000ns -datapath_only

    Location             Delay type                Incr(ns)  Path(ns)    Netlist Resource(s)
  -------------------------------------------------------------------    -------------------
    SLICE_X52Y8                                       0.000     0.000 r  CAPTURE_SUBSYSTEM/MAILBOX/cfg_hold_pcie_reg[51]/C
    SLICE_X52Y8          FDRE (Prop_fdre_C_Q)         0.433     0.433 r  CAPTURE_SUBSYSTEM/MAILBOX/cfg_hold_pcie_reg[51]/Q
                         net (fo=1, routed)           0.543     0.976    CAPTURE_SUBSYSTEM/MAILBOX/cfg_hold_pcie_reg_n_0_[51]
    SLICE_X53Y11         FDRE                                         r  CAPTURE_SUBSYSTEM/MAILBOX/nvp_cfg_capture_generation_reg[9]/D
  -------------------------------------------------------------------    -------------------

                         max delay                    6.000     6.000    
    SLICE_X53Y11         FDRE (Setup_fdre_C_D)       -0.027     5.973    CAPTURE_SUBSYSTEM/MAILBOX/nvp_cfg_capture_generation_reg[9]
  -------------------------------------------------------------------
                         required time                          5.973    
                         arrival time                          -0.976    
  -------------------------------------------------------------------
                         slack                                  4.997    

Slack (MET) :             5.001ns  (required time - arrival time)
  Source:                 CAPTURE_SUBSYSTEM/MAILBOX/cfg_hold_pcie_reg[21]/C
                            (rising edge-triggered cell FDRE clocked by userclk1  {rise@0.000ns fall@8.000ns period=16.000ns})
  Destination:            CAPTURE_SUBSYSTEM/MAILBOX/nvp_cfg_target_line_reg[11]/D
                            (rising edge-triggered cell FDRE clocked by nvp_vclk1  {rise@0.000ns fall@3.367ns period=6.734ns})
  Path Group:             nvp_vclk1
  Path Type:              Setup (Max at Slow Process Corner)
  Requirement:            6.000ns  (MaxDelay Path 6.000ns)
  Data Path Delay:        0.960ns  (logic 0.379ns (39.462%)  route 0.581ns (60.538%))
  Logic Levels:           0  
  Timing Exception:       MaxDelay Path 6.000ns -datapath_only

    Location             Delay type                Incr(ns)  Path(ns)    Netlist Resource(s)
  -------------------------------------------------------------------    -------------------
    SLICE_X37Y15                                      0.000     0.000 r  CAPTURE_SUBSYSTEM/MAILBOX/cfg_hold_pcie_reg[21]/C
    SLICE_X37Y15         FDRE (Prop_fdre_C_Q)         0.379     0.379 r  CAPTURE_SUBSYSTEM/MAILBOX/cfg_hold_pcie_reg[21]/Q
                         net (fo=1, routed)           0.581     0.960    CAPTURE_SUBSYSTEM/MAILBOX/cfg_hold_pcie_reg_n_0_[21]
    SLICE_X38Y15         FDRE                                         r  CAPTURE_SUBSYSTEM/MAILBOX/nvp_cfg_target_line_reg[11]/D
  -------------------------------------------------------------------    -------------------

                         max delay                    6.000     6.000    
    SLICE_X38Y15         FDRE (Setup_fdre_C_D)       -0.039     5.961    CAPTURE_SUBSYSTEM/MAILBOX/nvp_cfg_target_line_reg[11]
  -------------------------------------------------------------------
                         required time                          5.961    
                         arrival time                          -0.960    
  -------------------------------------------------------------------
                         slack                                  5.001    

Slack (MET) :             5.003ns  (required time - arrival time)
  Source:                 CAPTURE_SUBSYSTEM/MAILBOX/cfg_hold_pcie_reg[22]/C
                            (rising edge-triggered cell FDRE clocked by userclk1  {rise@0.000ns fall@8.000ns period=16.000ns})
  Destination:            CAPTURE_SUBSYSTEM/MAILBOX/nvp_cfg_target_line_reg[12]/D
                            (rising edge-triggered cell FDRE clocked by nvp_vclk1  {rise@0.000ns fall@3.367ns period=6.734ns})
  Path Group:             nvp_vclk1
  Path Type:              Setup (Max at Slow Process Corner)
  Requirement:            6.000ns  (MaxDelay Path 6.000ns)
  Data Path Delay:        0.958ns  (logic 0.433ns (45.219%)  route 0.525ns (54.781%))
  Logic Levels:           0  
  Timing Exception:       MaxDelay Path 6.000ns -datapath_only

    Location             Delay type                Incr(ns)  Path(ns)    Netlist Resource(s)
  -------------------------------------------------------------------    -------------------
    SLICE_X38Y16                                      0.000     0.000 r  CAPTURE_SUBSYSTEM/MAILBOX/cfg_hold_pcie_reg[22]/C
    SLICE_X38Y16         FDRE (Prop_fdre_C_Q)         0.433     0.433 r  CAPTURE_SUBSYSTEM/MAILBOX/cfg_hold_pcie_reg[22]/Q
                         net (fo=1, routed)           0.525     0.958    CAPTURE_SUBSYSTEM/MAILBOX/cfg_hold_pcie_reg_n_0_[22]
    SLICE_X38Y17         FDRE                                         r  CAPTURE_SUBSYSTEM/MAILBOX/nvp_cfg_target_line_reg[12]/D
  -------------------------------------------------------------------    -------------------

                         max delay                    6.000     6.000    
    SLICE_X38Y17         FDRE (Setup_fdre_C_D)       -0.039     5.961    CAPTURE_SUBSYSTEM/MAILBOX/nvp_cfg_target_line_reg[12]
  -------------------------------------------------------------------
                         required time                          5.961    
                         arrival time                          -0.958    
  -------------------------------------------------------------------
                         slack                                  5.003    

Slack (MET) :             5.005ns  (required time - arrival time)
  Source:                 CAPTURE_SUBSYSTEM/MAILBOX/cfg_hold_pcie_reg[59]/C
                            (rising edge-triggered cell FDRE clocked by userclk1  {rise@0.000ns fall@8.000ns period=16.000ns})
  Destination:            CAPTURE_SUBSYSTEM/MAILBOX/nvp_cfg_capture_generation_reg[17]/D
                            (rising edge-triggered cell FDRE clocked by nvp_vclk1  {rise@0.000ns fall@3.367ns period=6.734ns})
  Path Group:             nvp_vclk1
  Path Type:              Setup (Max at Slow Process Corner)
  Requirement:            6.000ns  (MaxDelay Path 6.000ns)
  Data Path Delay:        0.920ns  (logic 0.433ns (47.043%)  route 0.487ns (52.957%))
  Logic Levels:           0  
  Timing Exception:       MaxDelay Path 6.000ns -datapath_only

    Location             Delay type                Incr(ns)  Path(ns)    Netlist Resource(s)
  -------------------------------------------------------------------    -------------------
    SLICE_X52Y10                                      0.000     0.000 r  CAPTURE_SUBSYSTEM/MAILBOX/cfg_hold_pcie_reg[59]/C
    SLICE_X52Y10         FDRE (Prop_fdre_C_Q)         0.433     0.433 r  CAPTURE_SUBSYSTEM/MAILBOX/cfg_hold_pcie_reg[59]/Q
                         net (fo=1, routed)           0.487     0.920    CAPTURE_SUBSYSTEM/MAILBOX/cfg_hold_pcie_reg_n_0_[59]
    SLICE_X53Y12         FDRE                                         r  CAPTURE_SUBSYSTEM/MAILBOX/nvp_cfg_capture_generation_reg[17]/D
  -------------------------------------------------------------------    -------------------

                         max delay                    6.000     6.000    
    SLICE_X53Y12         FDRE (Setup_fdre_C_D)       -0.075     5.925    CAPTURE_SUBSYSTEM/MAILBOX/nvp_cfg_capture_generation_reg[17]
  -------------------------------------------------------------------
                         required time                          5.925    
                         arrival time                          -0.920    
  -------------------------------------------------------------------
                         slack                                  5.005    

Slack (MET) :             5.009ns  (required time - arrival time)
  Source:                 CAPTURE_SUBSYSTEM/MAILBOX/cfg_hold_pcie_reg[7]/C
                            (rising edge-triggered cell FDRE clocked by userclk1  {rise@0.000ns fall@8.000ns period=16.000ns})
  Destination:            CAPTURE_SUBSYSTEM/MAILBOX/nvp_cfg_line_count_requested_reg[2]/D
                            (rising edge-triggered cell FDRE clocked by nvp_vclk1  {rise@0.000ns fall@3.367ns period=6.734ns})
  Path Group:             nvp_vclk1
  Path Type:              Setup (Max at Slow Process Corner)
  Requirement:            6.000ns  (MaxDelay Path 6.000ns)
  Data Path Delay:        0.947ns  (logic 0.379ns (40.036%)  route 0.568ns (59.964%))
  Logic Levels:           0  
  Timing Exception:       MaxDelay Path 6.000ns -datapath_only

    Location             Delay type                Incr(ns)  Path(ns)    Netlist Resource(s)
  -------------------------------------------------------------------    -------------------
    SLICE_X45Y10                                      0.000     0.000 r  CAPTURE_SUBSYSTEM/MAILBOX/cfg_hold_pcie_reg[7]/C
    SLICE_X45Y10         FDRE (Prop_fdre_C_Q)         0.379     0.379 r  CAPTURE_SUBSYSTEM/MAILBOX/cfg_hold_pcie_reg[7]/Q
                         net (fo=1, routed)           0.568     0.947    CAPTURE_SUBSYSTEM/MAILBOX/cfg_hold_pcie_reg_n_0_[7]
    SLICE_X53Y10         FDRE                                         r  CAPTURE_SUBSYSTEM/MAILBOX/nvp_cfg_line_count_requested_reg[2]/D
  -------------------------------------------------------------------    -------------------

                         max delay                    6.000     6.000    
    SLICE_X53Y10         FDRE (Setup_fdre_C_D)       -0.044     5.956    CAPTURE_SUBSYSTEM/MAILBOX/nvp_cfg_line_count_requested_reg[2]
  -------------------------------------------------------------------
                         required time                          5.956    
                         arrival time                          -0.947    
  -------------------------------------------------------------------
                         slack                                  5.009    

Slack (MET) :             5.021ns  (required time - arrival time)
  Source:                 CAPTURE_SUBSYSTEM/MAILBOX/cfg_hold_pcie_reg[37]/C
                            (rising edge-triggered cell FDRE clocked by userclk1  {rise@0.000ns fall@8.000ns period=16.000ns})
  Destination:            CAPTURE_SUBSYSTEM/MAILBOX/nvp_cfg_target_line_reg[27]/D
                            (rising edge-triggered cell FDRE clocked by nvp_vclk1  {rise@0.000ns fall@3.367ns period=6.734ns})
  Path Group:             nvp_vclk1
  Path Type:              Setup (Max at Slow Process Corner)
  Requirement:            6.000ns  (MaxDelay Path 6.000ns)
  Data Path Delay:        0.920ns  (logic 0.379ns (41.194%)  route 0.541ns (58.806%))
  Logic Levels:           0  
  Timing Exception:       MaxDelay Path 6.000ns -datapath_only

    Location             Delay type                Incr(ns)  Path(ns)    Netlist Resource(s)
  -------------------------------------------------------------------    -------------------
    SLICE_X40Y32                                      0.000     0.000 r  CAPTURE_SUBSYSTEM/MAILBOX/cfg_hold_pcie_reg[37]/C
    SLICE_X40Y32         FDRE (Prop_fdre_C_Q)         0.379     0.379 r  CAPTURE_SUBSYSTEM/MAILBOX/cfg_hold_pcie_reg[37]/Q
                         net (fo=1, routed)           0.541     0.920    CAPTURE_SUBSYSTEM/MAILBOX/cfg_hold_pcie_reg_n_0_[37]
    SLICE_X39Y32         FDRE                                         r  CAPTURE_SUBSYSTEM/MAILBOX/nvp_cfg_target_line_reg[27]/D
  -------------------------------------------------------------------    -------------------

                         max delay                    6.000     6.000    
    SLICE_X39Y32         FDRE (Setup_fdre_C_D)       -0.059     5.941    CAPTURE_SUBSYSTEM/MAILBOX/nvp_cfg_target_line_reg[27]
  -------------------------------------------------------------------
                         required time                          5.941    
                         arrival time                          -0.920    
  -------------------------------------------------------------------
                         slack                                  5.021    

Slack (MET) :             5.026ns  (required time - arrival time)
  Source:                 CAPTURE_SUBSYSTEM/MAILBOX/cfg_hold_pcie_reg[71]/C
                            (rising edge-triggered cell FDRE clocked by userclk1  {rise@0.000ns fall@8.000ns period=16.000ns})
  Destination:            CAPTURE_SUBSYSTEM/MAILBOX/nvp_cfg_capture_generation_reg[29]/D
                            (rising edge-triggered cell FDRE clocked by nvp_vclk1  {rise@0.000ns fall@3.367ns period=6.734ns})
  Path Group:             nvp_vclk1
  Path Type:              Setup (Max at Slow Process Corner)
  Requirement:            6.000ns  (MaxDelay Path 6.000ns)
  Data Path Delay:        0.935ns  (logic 0.433ns (46.326%)  route 0.502ns (53.674%))
  Logic Levels:           0  
  Timing Exception:       MaxDelay Path 6.000ns -datapath_only

    Location             Delay type                Incr(ns)  Path(ns)    Netlist Resource(s)
  -------------------------------------------------------------------    -------------------
    SLICE_X52Y13                                      0.000     0.000 r  CAPTURE_SUBSYSTEM/MAILBOX/cfg_hold_pcie_reg[71]/C
    SLICE_X52Y13         FDRE (Prop_fdre_C_Q)         0.433     0.433 r  CAPTURE_SUBSYSTEM/MAILBOX/cfg_hold_pcie_reg[71]/Q
                         net (fo=1, routed)           0.502     0.935    CAPTURE_SUBSYSTEM/MAILBOX/cfg_hold_pcie_reg_n_0_[71]
    SLICE_X57Y13         FDRE                                         r  CAPTURE_SUBSYSTEM/MAILBOX/nvp_cfg_capture_generation_reg[29]/D
  -------------------------------------------------------------------    -------------------

                         max delay                    6.000     6.000    
    SLICE_X57Y13         FDRE (Setup_fdre_C_D)       -0.039     5.961    CAPTURE_SUBSYSTEM/MAILBOX/nvp_cfg_capture_generation_reg[29]
  -------------------------------------------------------------------
                         required time                          5.961    
                         arrival time                          -0.935    
  -------------------------------------------------------------------
                         slack                                  5.026    

Slack (MET) :             5.027ns  (required time - arrival time)
  Source:                 CAPTURE_SUBSYSTEM/MAILBOX/cfg_hold_pcie_reg[61]/C
                            (rising edge-triggered cell FDRE clocked by userclk1  {rise@0.000ns fall@8.000ns period=16.000ns})
  Destination:            CAPTURE_SUBSYSTEM/MAILBOX/nvp_cfg_capture_generation_reg[19]/D
                            (rising edge-triggered cell FDRE clocked by nvp_vclk1  {rise@0.000ns fall@3.367ns period=6.734ns})
  Path Group:             nvp_vclk1
  Path Type:              Setup (Max at Slow Process Corner)
  Requirement:            6.000ns  (MaxDelay Path 6.000ns)
  Data Path Delay:        0.958ns  (logic 0.433ns (45.217%)  route 0.525ns (54.783%))
  Logic Levels:           0  
  Timing Exception:       MaxDelay Path 6.000ns -datapath_only

    Location             Delay type                Incr(ns)  Path(ns)    Netlist Resource(s)
  -------------------------------------------------------------------    -------------------
    SLICE_X52Y10                                      0.000     0.000 r  CAPTURE_SUBSYSTEM/MAILBOX/cfg_hold_pcie_reg[61]/C
    SLICE_X52Y10         FDRE (Prop_fdre_C_Q)         0.433     0.433 r  CAPTURE_SUBSYSTEM/MAILBOX/cfg_hold_pcie_reg[61]/Q
                         net (fo=1, routed)           0.525     0.958    CAPTURE_SUBSYSTEM/MAILBOX/cfg_hold_pcie_reg_n_0_[61]
    SLICE_X56Y10         FDRE                                         r  CAPTURE_SUBSYSTEM/MAILBOX/nvp_cfg_capture_generation_reg[19]/D
  -------------------------------------------------------------------    -------------------

                         max delay                    6.000     6.000    
    SLICE_X56Y10         FDRE (Setup_fdre_C_D)       -0.015     5.985    CAPTURE_SUBSYSTEM/MAILBOX/nvp_cfg_capture_generation_reg[19]
  -------------------------------------------------------------------
                         required time                          5.985    
                         arrival time                          -0.958    
  -------------------------------------------------------------------
                         slack                                  5.027    

Slack (MET) :             5.028ns  (required time - arrival time)
  Source:                 CAPTURE_SUBSYSTEM/MAILBOX/cfg_hold_pcie_reg[13]/C
                            (rising edge-triggered cell FDRE clocked by userclk1  {rise@0.000ns fall@8.000ns period=16.000ns})
  Destination:            CAPTURE_SUBSYSTEM/MAILBOX/nvp_cfg_target_line_reg[3]/D
                            (rising edge-triggered cell FDRE clocked by nvp_vclk1  {rise@0.000ns fall@3.367ns period=6.734ns})
  Path Group:             nvp_vclk1
  Path Type:              Setup (Max at Slow Process Corner)
  Requirement:            6.000ns  (MaxDelay Path 6.000ns)
  Data Path Delay:        0.888ns  (logic 0.379ns (42.665%)  route 0.509ns (57.335%))
  Logic Levels:           0  
  Timing Exception:       MaxDelay Path 6.000ns -datapath_only

    Location             Delay type                Incr(ns)  Path(ns)    Netlist Resource(s)
  -------------------------------------------------------------------    -------------------
    SLICE_X40Y11                                      0.000     0.000 r  CAPTURE_SUBSYSTEM/MAILBOX/cfg_hold_pcie_reg[13]/C
    SLICE_X40Y11         FDRE (Prop_fdre_C_Q)         0.379     0.379 r  CAPTURE_SUBSYSTEM/MAILBOX/cfg_hold_pcie_reg[13]/Q
                         net (fo=1, routed)           0.509     0.888    CAPTURE_SUBSYSTEM/MAILBOX/cfg_hold_pcie_reg_n_0_[13]
    SLICE_X41Y11         FDRE                                         r  CAPTURE_SUBSYSTEM/MAILBOX/nvp_cfg_target_line_reg[3]/D
  -------------------------------------------------------------------    -------------------

                         max delay                    6.000     6.000    
    SLICE_X41Y11         FDRE (Setup_fdre_C_D)       -0.084     5.916    CAPTURE_SUBSYSTEM/MAILBOX/nvp_cfg_target_line_reg[3]
  -------------------------------------------------------------------
                         required time                          5.916    
                         arrival time                          -0.888    
  -------------------------------------------------------------------
                         slack                                  5.028    

Slack (MET) :             5.030ns  (required time - arrival time)
  Source:                 CAPTURE_SUBSYSTEM/MAILBOX/cfg_hold_pcie_reg[8]/C
                            (rising edge-triggered cell FDRE clocked by userclk1  {rise@0.000ns fall@8.000ns period=16.000ns})
  Destination:            CAPTURE_SUBSYSTEM/MAILBOX/nvp_cfg_line_count_requested_reg[3]/D
                            (rising edge-triggered cell FDRE clocked by nvp_vclk1  {rise@0.000ns fall@3.367ns period=6.734ns})
  Path Group:             nvp_vclk1
  Path Type:              Setup (Max at Slow Process Corner)
  Requirement:            6.000ns  (MaxDelay Path 6.000ns)
  Data Path Delay:        0.943ns  (logic 0.379ns (40.206%)  route 0.564ns (59.794%))
  Logic Levels:           0  
  Timing Exception:       MaxDelay Path 6.000ns -datapath_only

    Location             Delay type                Incr(ns)  Path(ns)    Netlist Resource(s)
  -------------------------------------------------------------------    -------------------
    SLICE_X45Y10                                      0.000     0.000 r  CAPTURE_SUBSYSTEM/MAILBOX/cfg_hold_pcie_reg[8]/C
    SLICE_X45Y10         FDRE (Prop_fdre_C_Q)         0.379     0.379 r  CAPTURE_SUBSYSTEM/MAILBOX/cfg_hold_pcie_reg[8]/Q
                         net (fo=1, routed)           0.564     0.943    CAPTURE_SUBSYSTEM/MAILBOX/cfg_hold_pcie_reg_n_0_[8]
    SLICE_X53Y10         FDRE                                         r  CAPTURE_SUBSYSTEM/MAILBOX/nvp_cfg_line_count_requested_reg[3]/D
  -------------------------------------------------------------------    -------------------

                         max delay                    6.000     6.000    
    SLICE_X53Y10         FDRE (Setup_fdre_C_D)       -0.027     5.973    CAPTURE_SUBSYSTEM/MAILBOX/nvp_cfg_line_count_requested_reg[3]
  -------------------------------------------------------------------
                         required time                          5.973    
                         arrival time                          -0.943    
  -------------------------------------------------------------------
                         slack                                  5.030    

Slack (MET) :             5.032ns  (required time - arrival time)
  Source:                 CAPTURE_SUBSYSTEM/MAILBOX/cfg_hold_pcie_reg[57]/C
                            (rising edge-triggered cell FDRE clocked by userclk1  {rise@0.000ns fall@8.000ns period=16.000ns})
  Destination:            CAPTURE_SUBSYSTEM/MAILBOX/nvp_cfg_capture_generation_reg[15]/D
                            (rising edge-triggered cell FDRE clocked by nvp_vclk1  {rise@0.000ns fall@3.367ns period=6.734ns})
  Path Group:             nvp_vclk1
  Path Type:              Setup (Max at Slow Process Corner)
  Requirement:            6.000ns  (MaxDelay Path 6.000ns)
  Data Path Delay:        0.895ns  (logic 0.433ns (48.402%)  route 0.462ns (51.598%))
  Logic Levels:           0  
  Timing Exception:       MaxDelay Path 6.000ns -datapath_only

    Location             Delay type                Incr(ns)  Path(ns)    Netlist Resource(s)
  -------------------------------------------------------------------    -------------------
    SLICE_X52Y9                                       0.000     0.000 r  CAPTURE_SUBSYSTEM/MAILBOX/cfg_hold_pcie_reg[57]/C
    SLICE_X52Y9          FDRE (Prop_fdre_C_Q)         0.433     0.433 r  CAPTURE_SUBSYSTEM/MAILBOX/cfg_hold_pcie_reg[57]/Q
                         net (fo=1, routed)           0.462     0.895    CAPTURE_SUBSYSTEM/MAILBOX/cfg_hold_pcie_reg_n_0_[57]
    SLICE_X53Y10         FDRE                                         r  CAPTURE_SUBSYSTEM/MAILBOX/nvp_cfg_capture_generation_reg[15]/D
  -------------------------------------------------------------------    -------------------

                         max delay                    6.000     6.000    
    SLICE_X53Y10         FDRE (Setup_fdre_C_D)       -0.073     5.927    CAPTURE_SUBSYSTEM/MAILBOX/nvp_cfg_capture_generation_reg[15]
  -------------------------------------------------------------------
                         required time                          5.927    
                         arrival time                          -0.895    
  -------------------------------------------------------------------
                         slack                                  5.032    

Slack (MET) :             5.044ns  (required time - arrival time)
  Source:                 CAPTURE_SUBSYSTEM/MAILBOX/cfg_hold_pcie_reg[20]/C
                            (rising edge-triggered cell FDRE clocked by userclk1  {rise@0.000ns fall@8.000ns period=16.000ns})
  Destination:            CAPTURE_SUBSYSTEM/MAILBOX/nvp_cfg_target_line_reg[10]/D
                            (rising edge-triggered cell FDRE clocked by nvp_vclk1  {rise@0.000ns fall@3.367ns period=6.734ns})
  Path Group:             nvp_vclk1
  Path Type:              Setup (Max at Slow Process Corner)
  Requirement:            6.000ns  (MaxDelay Path 6.000ns)
  Data Path Delay:        0.913ns  (logic 0.379ns (41.531%)  route 0.534ns (58.469%))
  Logic Levels:           0  
  Timing Exception:       MaxDelay Path 6.000ns -datapath_only

    Location             Delay type                Incr(ns)  Path(ns)    Netlist Resource(s)
  -------------------------------------------------------------------    -------------------
    SLICE_X37Y15                                      0.000     0.000 r  CAPTURE_SUBSYSTEM/MAILBOX/cfg_hold_pcie_reg[20]/C
    SLICE_X37Y15         FDRE (Prop_fdre_C_Q)         0.379     0.379 r  CAPTURE_SUBSYSTEM/MAILBOX/cfg_hold_pcie_reg[20]/Q
                         net (fo=1, routed)           0.534     0.913    CAPTURE_SUBSYSTEM/MAILBOX/cfg_hold_pcie_reg_n_0_[20]
    SLICE_X38Y15         FDRE                                         r  CAPTURE_SUBSYSTEM/MAILBOX/nvp_cfg_target_line_reg[10]/D
  -------------------------------------------------------------------    -------------------

                         max delay                    6.000     6.000    
    SLICE_X38Y15         FDRE (Setup_fdre_C_D)       -0.043     5.957    CAPTURE_SUBSYSTEM/MAILBOX/nvp_cfg_target_line_reg[10]
  -------------------------------------------------------------------
                         required time                          5.957    
                         arrival time                          -0.913    
  -------------------------------------------------------------------
                         slack                                  5.044    

Slack (MET) :             5.051ns  (required time - arrival time)
  Source:                 CAPTURE_SUBSYSTEM/MAILBOX/cfg_hold_pcie_reg[55]/C
                            (rising edge-triggered cell FDRE clocked by userclk1  {rise@0.000ns fall@8.000ns period=16.000ns})
  Destination:            CAPTURE_SUBSYSTEM/MAILBOX/nvp_cfg_capture_generation_reg[13]/D
                            (rising edge-triggered cell FDRE clocked by nvp_vclk1  {rise@0.000ns fall@3.367ns period=6.734ns})
  Path Group:             nvp_vclk1
  Path Type:              Setup (Max at Slow Process Corner)
  Requirement:            6.000ns  (MaxDelay Path 6.000ns)
  Data Path Delay:        0.876ns  (logic 0.433ns (49.414%)  route 0.443ns (50.586%))
  Logic Levels:           0  
  Timing Exception:       MaxDelay Path 6.000ns -datapath_only

    Location             Delay type                Incr(ns)  Path(ns)    Netlist Resource(s)
  -------------------------------------------------------------------    -------------------
    SLICE_X52Y9                                       0.000     0.000 r  CAPTURE_SUBSYSTEM/MAILBOX/cfg_hold_pcie_reg[55]/C
    SLICE_X52Y9          FDRE (Prop_fdre_C_Q)         0.433     0.433 r  CAPTURE_SUBSYSTEM/MAILBOX/cfg_hold_pcie_reg[55]/Q
                         net (fo=1, routed)           0.443     0.876    CAPTURE_SUBSYSTEM/MAILBOX/cfg_hold_pcie_reg_n_0_[55]
    SLICE_X53Y11         FDRE                                         r  CAPTURE_SUBSYSTEM/MAILBOX/nvp_cfg_capture_generation_reg[13]/D
  -------------------------------------------------------------------    -------------------

                         max delay                    6.000     6.000    
    SLICE_X53Y11         FDRE (Setup_fdre_C_D)       -0.073     5.927    CAPTURE_SUBSYSTEM/MAILBOX/nvp_cfg_capture_generation_reg[13]
  -------------------------------------------------------------------
                         required time                          5.927    
                         arrival time                          -0.876    
  -------------------------------------------------------------------
                         slack                                  5.051    

Slack (MET) :             5.052ns  (required time - arrival time)
  Source:                 CAPTURE_SUBSYSTEM/MAILBOX/cfg_hold_pcie_reg[39]/C
                            (rising edge-triggered cell FDRE clocked by userclk1  {rise@0.000ns fall@8.000ns period=16.000ns})
  Destination:            CAPTURE_SUBSYSTEM/MAILBOX/nvp_cfg_target_line_reg[29]/D
                            (rising edge-triggered cell FDRE clocked by nvp_vclk1  {rise@0.000ns fall@3.367ns period=6.734ns})
  Path Group:             nvp_vclk1
  Path Type:              Setup (Max at Slow Process Corner)
  Requirement:            6.000ns  (MaxDelay Path 6.000ns)
  Data Path Delay:        0.772ns  (logic 0.348ns (45.050%)  route 0.424ns (54.950%))
  Logic Levels:           0  
  Timing Exception:       MaxDelay Path 6.000ns -datapath_only

    Location             Delay type                Incr(ns)  Path(ns)    Netlist Resource(s)
  -------------------------------------------------------------------    -------------------
    SLICE_X40Y32                                      0.000     0.000 r  CAPTURE_SUBSYSTEM/MAILBOX/cfg_hold_pcie_reg[39]/C
    SLICE_X40Y32         FDRE (Prop_fdre_C_Q)         0.348     0.348 r  CAPTURE_SUBSYSTEM/MAILBOX/cfg_hold_pcie_reg[39]/Q
                         net (fo=1, routed)           0.424     0.772    CAPTURE_SUBSYSTEM/MAILBOX/cfg_hold_pcie_reg_n_0_[39]
    SLICE_X39Y32         FDRE                                         r  CAPTURE_SUBSYSTEM/MAILBOX/nvp_cfg_target_line_reg[29]/D
  -------------------------------------------------------------------    -------------------

                         max delay                    6.000     6.000    
    SLICE_X39Y32         FDRE (Setup_fdre_C_D)       -0.176     5.824    CAPTURE_SUBSYSTEM/MAILBOX/nvp_cfg_target_line_reg[29]
  -------------------------------------------------------------------
                         required time                          5.824    
                         arrival time                          -0.772    
  -------------------------------------------------------------------
                         slack                                  5.052    

Slack (MET) :             5.055ns  (required time - arrival time)
  Source:                 CAPTURE_SUBSYSTEM/MAILBOX/cfg_hold_pcie_reg[14]/C
                            (rising edge-triggered cell FDRE clocked by userclk1  {rise@0.000ns fall@8.000ns period=16.000ns})
  Destination:            CAPTURE_SUBSYSTEM/MAILBOX/nvp_cfg_target_line_reg[4]/D
                            (rising edge-triggered cell FDRE clocked by nvp_vclk1  {rise@0.000ns fall@3.367ns period=6.734ns})
  Path Group:             nvp_vclk1
  Path Type:              Setup (Max at Slow Process Corner)
  Requirement:            6.000ns  (MaxDelay Path 6.000ns)
  Data Path Delay:        0.886ns  (logic 0.379ns (42.765%)  route 0.507ns (57.235%))
  Logic Levels:           0  
  Timing Exception:       MaxDelay Path 6.000ns -datapath_only

    Location             Delay type                Incr(ns)  Path(ns)    Netlist Resource(s)
  -------------------------------------------------------------------    -------------------
    SLICE_X40Y11                                      0.000     0.000 r  CAPTURE_SUBSYSTEM/MAILBOX/cfg_hold_pcie_reg[14]/C
    SLICE_X40Y11         FDRE (Prop_fdre_C_Q)         0.379     0.379 r  CAPTURE_SUBSYSTEM/MAILBOX/cfg_hold_pcie_reg[14]/Q
                         net (fo=1, routed)           0.507     0.886    CAPTURE_SUBSYSTEM/MAILBOX/cfg_hold_pcie_reg_n_0_[14]
    SLICE_X39Y10         FDRE                                         r  CAPTURE_SUBSYSTEM/MAILBOX/nvp_cfg_target_line_reg[4]/D
  -------------------------------------------------------------------    -------------------

                         max delay                    6.000     6.000    
    SLICE_X39Y10         FDRE (Setup_fdre_C_D)       -0.059     5.941    CAPTURE_SUBSYSTEM/MAILBOX/nvp_cfg_target_line_reg[4]
  -------------------------------------------------------------------
                         required time                          5.941    
                         arrival time                          -0.886    
  -------------------------------------------------------------------
                         slack                                  5.055    

Slack (MET) :             5.056ns  (required time - arrival time)
  Source:                 CAPTURE_SUBSYSTEM/MAILBOX/cfg_hold_pcie_reg[18]/C
                            (rising edge-triggered cell FDRE clocked by userclk1  {rise@0.000ns fall@8.000ns period=16.000ns})
  Destination:            CAPTURE_SUBSYSTEM/MAILBOX/nvp_cfg_target_line_reg[8]/D
                            (rising edge-triggered cell FDRE clocked by nvp_vclk1  {rise@0.000ns fall@3.367ns period=6.734ns})
  Path Group:             nvp_vclk1
  Path Type:              Setup (Max at Slow Process Corner)
  Requirement:            6.000ns  (MaxDelay Path 6.000ns)
  Data Path Delay:        0.903ns  (logic 0.433ns (47.974%)  route 0.470ns (52.026%))
  Logic Levels:           0  
  Timing Exception:       MaxDelay Path 6.000ns -datapath_only

    Location             Delay type                Incr(ns)  Path(ns)    Netlist Resource(s)
  -------------------------------------------------------------------    -------------------
    SLICE_X38Y16                                      0.000     0.000 r  CAPTURE_SUBSYSTEM/MAILBOX/cfg_hold_pcie_reg[18]/C
    SLICE_X38Y16         FDRE (Prop_fdre_C_Q)         0.433     0.433 r  CAPTURE_SUBSYSTEM/MAILBOX/cfg_hold_pcie_reg[18]/Q
                         net (fo=1, routed)           0.470     0.903    CAPTURE_SUBSYSTEM/MAILBOX/cfg_hold_pcie_reg_n_0_[18]
    SLICE_X38Y15         FDRE                                         r  CAPTURE_SUBSYSTEM/MAILBOX/nvp_cfg_target_line_reg[8]/D
  -------------------------------------------------------------------    -------------------

                         max delay                    6.000     6.000    
    SLICE_X38Y15         FDRE (Setup_fdre_C_D)       -0.041     5.959    CAPTURE_SUBSYSTEM/MAILBOX/nvp_cfg_target_line_reg[8]
  -------------------------------------------------------------------
                         required time                          5.959    
                         arrival time                          -0.903    
  -------------------------------------------------------------------
                         slack                                  5.056    

Slack (MET) :             5.075ns  (required time - arrival time)
  Source:                 CAPTURE_SUBSYSTEM/MAILBOX/cfg_hold_pcie_reg[36]/C
                            (rising edge-triggered cell FDRE clocked by userclk1  {rise@0.000ns fall@8.000ns period=16.000ns})
  Destination:            CAPTURE_SUBSYSTEM/MAILBOX/nvp_cfg_target_line_reg[26]/D
                            (rising edge-triggered cell FDRE clocked by nvp_vclk1  {rise@0.000ns fall@3.367ns period=6.734ns})
  Path Group:             nvp_vclk1
  Path Type:              Setup (Max at Slow Process Corner)
  Requirement:            6.000ns  (MaxDelay Path 6.000ns)
  Data Path Delay:        0.878ns  (logic 0.379ns (43.165%)  route 0.499ns (56.835%))
  Logic Levels:           0  
  Timing Exception:       MaxDelay Path 6.000ns -datapath_only

    Location             Delay type                Incr(ns)  Path(ns)    Netlist Resource(s)
  -------------------------------------------------------------------    -------------------
    SLICE_X40Y32                                      0.000     0.000 r  CAPTURE_SUBSYSTEM/MAILBOX/cfg_hold_pcie_reg[36]/C
    SLICE_X40Y32         FDRE (Prop_fdre_C_Q)         0.379     0.379 r  CAPTURE_SUBSYSTEM/MAILBOX/cfg_hold_pcie_reg[36]/Q
                         net (fo=1, routed)           0.499     0.878    CAPTURE_SUBSYSTEM/MAILBOX/cfg_hold_pcie_reg_n_0_[36]
    SLICE_X39Y32         FDRE                                         r  CAPTURE_SUBSYSTEM/MAILBOX/nvp_cfg_target_line_reg[26]/D
  -------------------------------------------------------------------    -------------------

                         max delay                    6.000     6.000    
    SLICE_X39Y32         FDRE (Setup_fdre_C_D)       -0.047     5.953    CAPTURE_SUBSYSTEM/MAILBOX/nvp_cfg_target_line_reg[26]
  -------------------------------------------------------------------
                         required time                          5.953    
                         arrival time                          -0.878    
  -------------------------------------------------------------------
                         slack                                  5.075    

Slack (MET) :             5.081ns  (required time - arrival time)
  Source:                 CAPTURE_SUBSYSTEM/MAILBOX/cfg_hold_pcie_reg[31]/C
                            (rising edge-triggered cell FDRE clocked by userclk1  {rise@0.000ns fall@8.000ns period=16.000ns})
  Destination:            CAPTURE_SUBSYSTEM/MAILBOX/nvp_cfg_target_line_reg[21]/D
                            (rising edge-triggered cell FDRE clocked by nvp_vclk1  {rise@0.000ns fall@3.367ns period=6.734ns})
  Path Group:             nvp_vclk1
  Path Type:              Setup (Max at Slow Process Corner)
  Requirement:            6.000ns  (MaxDelay Path 6.000ns)
  Data Path Delay:        0.726ns  (logic 0.348ns (47.945%)  route 0.378ns (52.055%))
  Logic Levels:           0  
  Timing Exception:       MaxDelay Path 6.000ns -datapath_only

    Location             Delay type                Incr(ns)  Path(ns)    Netlist Resource(s)
  -------------------------------------------------------------------    -------------------
    SLICE_X37Y28                                      0.000     0.000 r  CAPTURE_SUBSYSTEM/MAILBOX/cfg_hold_pcie_reg[31]/C
    SLICE_X37Y28         FDRE (Prop_fdre_C_Q)         0.348     0.348 r  CAPTURE_SUBSYSTEM/MAILBOX/cfg_hold_pcie_reg[31]/Q
                         net (fo=1, routed)           0.378     0.726    CAPTURE_SUBSYSTEM/MAILBOX/cfg_hold_pcie_reg_n_0_[31]
    SLICE_X37Y31         FDRE                                         r  CAPTURE_SUBSYSTEM/MAILBOX/nvp_cfg_target_line_reg[21]/D
  -------------------------------------------------------------------    -------------------

                         max delay                    6.000     6.000    
    SLICE_X37Y31         FDRE (Setup_fdre_C_D)       -0.193     5.807    CAPTURE_SUBSYSTEM/MAILBOX/nvp_cfg_target_line_reg[21]
  -------------------------------------------------------------------
                         required time                          5.807    
                         arrival time                          -0.726    
  -------------------------------------------------------------------
                         slack                                  5.081    

Slack (MET) :             5.088ns  (required time - arrival time)
  Source:                 CAPTURE_SUBSYSTEM/MAILBOX/cfg_hold_pcie_reg[16]/C
                            (rising edge-triggered cell FDRE clocked by userclk1  {rise@0.000ns fall@8.000ns period=16.000ns})
  Destination:            CAPTURE_SUBSYSTEM/MAILBOX/nvp_cfg_target_line_reg[6]/D
                            (rising edge-triggered cell FDRE clocked by nvp_vclk1  {rise@0.000ns fall@3.367ns period=6.734ns})
  Path Group:             nvp_vclk1
  Path Type:              Setup (Max at Slow Process Corner)
  Requirement:            6.000ns  (MaxDelay Path 6.000ns)
  Data Path Delay:        0.736ns  (logic 0.348ns (47.262%)  route 0.388ns (52.738%))
  Logic Levels:           0  
  Timing Exception:       MaxDelay Path 6.000ns -datapath_only

    Location             Delay type                Incr(ns)  Path(ns)    Netlist Resource(s)
  -------------------------------------------------------------------    -------------------
    SLICE_X40Y11                                      0.000     0.000 r  CAPTURE_SUBSYSTEM/MAILBOX/cfg_hold_pcie_reg[16]/C
    SLICE_X40Y11         FDRE (Prop_fdre_C_Q)         0.348     0.348 r  CAPTURE_SUBSYSTEM/MAILBOX/cfg_hold_pcie_reg[16]/Q
                         net (fo=1, routed)           0.388     0.736    CAPTURE_SUBSYSTEM/MAILBOX/cfg_hold_pcie_reg_n_0_[16]
    SLICE_X39Y10         FDRE                                         r  CAPTURE_SUBSYSTEM/MAILBOX/nvp_cfg_target_line_reg[6]/D
  -------------------------------------------------------------------    -------------------

                         max delay                    6.000     6.000    
    SLICE_X39Y10         FDRE (Setup_fdre_C_D)       -0.176     5.824    CAPTURE_SUBSYSTEM/MAILBOX/nvp_cfg_target_line_reg[6]
  -------------------------------------------------------------------
                         required time                          5.824    
                         arrival time                          -0.736    
  -------------------------------------------------------------------
                         slack                                  5.088    

Slack (MET) :             5.099ns  (required time - arrival time)
  Source:                 CAPTURE_SUBSYSTEM/MAILBOX/cfg_hold_pcie_reg[3]/C
                            (rising edge-triggered cell FDRE clocked by userclk1  {rise@0.000ns fall@8.000ns period=16.000ns})
  Destination:            CAPTURE_SUBSYSTEM/MAILBOX/nvp_cfg_single_line_reg/D
                            (rising edge-triggered cell FDRE clocked by nvp_vclk1  {rise@0.000ns fall@3.367ns period=6.734ns})
  Path Group:             nvp_vclk1
  Path Type:              Setup (Max at Slow Process Corner)
  Requirement:            6.000ns  (MaxDelay Path 6.000ns)
  Data Path Delay:        0.749ns  (logic 0.348ns (46.445%)  route 0.401ns (53.555%))
  Logic Levels:           0  
  Timing Exception:       MaxDelay Path 6.000ns -datapath_only

    Location             Delay type                Incr(ns)  Path(ns)    Netlist Resource(s)
  -------------------------------------------------------------------    -------------------
    SLICE_X45Y10                                      0.000     0.000 r  CAPTURE_SUBSYSTEM/MAILBOX/cfg_hold_pcie_reg[3]/C
    SLICE_X45Y10         FDRE (Prop_fdre_C_Q)         0.348     0.348 r  CAPTURE_SUBSYSTEM/MAILBOX/cfg_hold_pcie_reg[3]/Q
                         net (fo=1, routed)           0.401     0.749    CAPTURE_SUBSYSTEM/MAILBOX/cfg_hold_pcie_reg_n_0_[3]
    SLICE_X46Y10         FDRE                                         r  CAPTURE_SUBSYSTEM/MAILBOX/nvp_cfg_single_line_reg/D
  -------------------------------------------------------------------    -------------------

                         max delay                    6.000     6.000    
    SLICE_X46Y10         FDRE (Setup_fdre_C_D)       -0.152     5.848    CAPTURE_SUBSYSTEM/MAILBOX/nvp_cfg_single_line_reg
  -------------------------------------------------------------------
                         required time                          5.848    
                         arrival time                          -0.749    
  -------------------------------------------------------------------
                         slack                                  5.099    

Slack (MET) :             5.113ns  (required time - arrival time)
  Source:                 CAPTURE_SUBSYSTEM/MAILBOX/cfg_hold_pcie_reg[68]/C
                            (rising edge-triggered cell FDRE clocked by userclk1  {rise@0.000ns fall@8.000ns period=16.000ns})
  Destination:            CAPTURE_SUBSYSTEM/MAILBOX/nvp_cfg_capture_generation_reg[26]/D
                            (rising edge-triggered cell FDRE clocked by nvp_vclk1  {rise@0.000ns fall@3.367ns period=6.734ns})
  Path Group:             nvp_vclk1
  Path Type:              Setup (Max at Slow Process Corner)
  Requirement:            6.000ns  (MaxDelay Path 6.000ns)
  Data Path Delay:        0.812ns  (logic 0.433ns (53.306%)  route 0.379ns (46.694%))
  Logic Levels:           0  
  Timing Exception:       MaxDelay Path 6.000ns -datapath_only

    Location             Delay type                Incr(ns)  Path(ns)    Netlist Resource(s)
  -------------------------------------------------------------------    -------------------
    SLICE_X52Y12                                      0.000     0.000 r  CAPTURE_SUBSYSTEM/MAILBOX/cfg_hold_pcie_reg[68]/C
    SLICE_X52Y12         FDRE (Prop_fdre_C_Q)         0.433     0.433 r  CAPTURE_SUBSYSTEM/MAILBOX/cfg_hold_pcie_reg[68]/Q
                         net (fo=1, routed)           0.379     0.812    CAPTURE_SUBSYSTEM/MAILBOX/cfg_hold_pcie_reg_n_0_[68]
    SLICE_X57Y13         FDRE                                         r  CAPTURE_SUBSYSTEM/MAILBOX/nvp_cfg_capture_generation_reg[26]/D
  -------------------------------------------------------------------    -------------------

                         max delay                    6.000     6.000    
    SLICE_X57Y13         FDRE (Setup_fdre_C_D)       -0.075     5.925    CAPTURE_SUBSYSTEM/MAILBOX/nvp_cfg_capture_generation_reg[26]
  -------------------------------------------------------------------
                         required time                          5.925    
                         arrival time                          -0.812    
  -------------------------------------------------------------------
                         slack                                  5.113    

Slack (MET) :             5.123ns  (required time - arrival time)
  Source:                 CAPTURE_SUBSYSTEM/MAILBOX/cfg_hold_pcie_reg[25]/C
                            (rising edge-triggered cell FDRE clocked by userclk1  {rise@0.000ns fall@8.000ns period=16.000ns})
  Destination:            CAPTURE_SUBSYSTEM/MAILBOX/nvp_cfg_target_line_reg[15]/D
                            (rising edge-triggered cell FDRE clocked by nvp_vclk1  {rise@0.000ns fall@3.367ns period=6.734ns})
  Path Group:             nvp_vclk1
  Path Type:              Setup (Max at Slow Process Corner)
  Requirement:            6.000ns  (MaxDelay Path 6.000ns)
  Data Path Delay:        0.818ns  (logic 0.433ns (52.941%)  route 0.385ns (47.059%))
  Logic Levels:           0  
  Timing Exception:       MaxDelay Path 6.000ns -datapath_only

    Location             Delay type                Incr(ns)  Path(ns)    Netlist Resource(s)
  -------------------------------------------------------------------    -------------------
    SLICE_X38Y21                                      0.000     0.000 r  CAPTURE_SUBSYSTEM/MAILBOX/cfg_hold_pcie_reg[25]/C
    SLICE_X38Y21         FDRE (Prop_fdre_C_Q)         0.433     0.433 r  CAPTURE_SUBSYSTEM/MAILBOX/cfg_hold_pcie_reg[25]/Q
                         net (fo=1, routed)           0.385     0.818    CAPTURE_SUBSYSTEM/MAILBOX/cfg_hold_pcie_reg_n_0_[25]
    SLICE_X36Y24         FDRE                                         r  CAPTURE_SUBSYSTEM/MAILBOX/nvp_cfg_target_line_reg[15]/D
  -------------------------------------------------------------------    -------------------

                         max delay                    6.000     6.000    
    SLICE_X36Y24         FDRE (Setup_fdre_C_D)       -0.059     5.941    CAPTURE_SUBSYSTEM/MAILBOX/nvp_cfg_target_line_reg[15]
  -------------------------------------------------------------------
                         required time                          5.941    
                         arrival time                          -0.818    
  -------------------------------------------------------------------
                         slack                                  5.123    

Slack (MET) :             5.123ns  (required time - arrival time)
  Source:                 CAPTURE_SUBSYSTEM/MAILBOX/cfg_hold_pcie_reg[67]/C
                            (rising edge-triggered cell FDRE clocked by userclk1  {rise@0.000ns fall@8.000ns period=16.000ns})
  Destination:            CAPTURE_SUBSYSTEM/MAILBOX/nvp_cfg_capture_generation_reg[25]/D
                            (rising edge-triggered cell FDRE clocked by nvp_vclk1  {rise@0.000ns fall@3.367ns period=6.734ns})
  Path Group:             nvp_vclk1
  Path Type:              Setup (Max at Slow Process Corner)
  Requirement:            6.000ns  (MaxDelay Path 6.000ns)
  Data Path Delay:        0.818ns  (logic 0.433ns (52.964%)  route 0.385ns (47.036%))
  Logic Levels:           0  
  Timing Exception:       MaxDelay Path 6.000ns -datapath_only

    Location             Delay type                Incr(ns)  Path(ns)    Netlist Resource(s)
  -------------------------------------------------------------------    -------------------
    SLICE_X52Y12                                      0.000     0.000 r  CAPTURE_SUBSYSTEM/MAILBOX/cfg_hold_pcie_reg[67]/C
    SLICE_X52Y12         FDRE (Prop_fdre_C_Q)         0.433     0.433 r  CAPTURE_SUBSYSTEM/MAILBOX/cfg_hold_pcie_reg[67]/Q
                         net (fo=1, routed)           0.385     0.818    CAPTURE_SUBSYSTEM/MAILBOX/cfg_hold_pcie_reg_n_0_[67]
    SLICE_X49Y12         FDRE                                         r  CAPTURE_SUBSYSTEM/MAILBOX/nvp_cfg_capture_generation_reg[25]/D
  -------------------------------------------------------------------    -------------------

                         max delay                    6.000     6.000    
    SLICE_X49Y12         FDRE (Setup_fdre_C_D)       -0.059     5.941    CAPTURE_SUBSYSTEM/MAILBOX/nvp_cfg_capture_generation_reg[25]
  -------------------------------------------------------------------
                         required time                          5.941    
                         arrival time                          -0.818    
  -------------------------------------------------------------------
                         slack                                  5.123    

Slack (MET) :             5.126ns  (required time - arrival time)
  Source:                 CAPTURE_SUBSYSTEM/MAILBOX/cfg_hold_pcie_reg[50]/C
                            (rising edge-triggered cell FDRE clocked by userclk1  {rise@0.000ns fall@8.000ns period=16.000ns})
  Destination:            CAPTURE_SUBSYSTEM/MAILBOX/nvp_cfg_capture_generation_reg[8]/D
                            (rising edge-triggered cell FDRE clocked by nvp_vclk1  {rise@0.000ns fall@3.367ns period=6.734ns})
  Path Group:             nvp_vclk1
  Path Type:              Setup (Max at Slow Process Corner)
  Requirement:            6.000ns  (MaxDelay Path 6.000ns)
  Data Path Delay:        0.830ns  (logic 0.433ns (52.163%)  route 0.397ns (47.837%))
  Logic Levels:           0  
  Timing Exception:       MaxDelay Path 6.000ns -datapath_only

    Location             Delay type                Incr(ns)  Path(ns)    Netlist Resource(s)
  -------------------------------------------------------------------    -------------------
    SLICE_X52Y8                                       0.000     0.000 r  CAPTURE_SUBSYSTEM/MAILBOX/cfg_hold_pcie_reg[50]/C
    SLICE_X52Y8          FDRE (Prop_fdre_C_Q)         0.433     0.433 r  CAPTURE_SUBSYSTEM/MAILBOX/cfg_hold_pcie_reg[50]/Q
                         net (fo=1, routed)           0.397     0.830    CAPTURE_SUBSYSTEM/MAILBOX/cfg_hold_pcie_reg_n_0_[50]
    SLICE_X53Y8          FDRE                                         r  CAPTURE_SUBSYSTEM/MAILBOX/nvp_cfg_capture_generation_reg[8]/D
  -------------------------------------------------------------------    -------------------

                         max delay                    6.000     6.000    
    SLICE_X53Y8          FDRE (Setup_fdre_C_D)       -0.044     5.956    CAPTURE_SUBSYSTEM/MAILBOX/nvp_cfg_capture_generation_reg[8]
  -------------------------------------------------------------------
                         required time                          5.956    
                         arrival time                          -0.830    
  -------------------------------------------------------------------
                         slack                                  5.126    

Slack (MET) :             5.134ns  (required time - arrival time)
  Source:                 CAPTURE_SUBSYSTEM/MAILBOX/cfg_hold_pcie_reg[65]/C
                            (rising edge-triggered cell FDRE clocked by userclk1  {rise@0.000ns fall@8.000ns period=16.000ns})
  Destination:            CAPTURE_SUBSYSTEM/MAILBOX/nvp_cfg_capture_generation_reg[23]/D
                            (rising edge-triggered cell FDRE clocked by nvp_vclk1  {rise@0.000ns fall@3.367ns period=6.734ns})
  Path Group:             nvp_vclk1
  Path Type:              Setup (Max at Slow Process Corner)
  Requirement:            6.000ns  (MaxDelay Path 6.000ns)
  Data Path Delay:        0.819ns  (logic 0.433ns (52.899%)  route 0.386ns (47.101%))
  Logic Levels:           0  
  Timing Exception:       MaxDelay Path 6.000ns -datapath_only

    Location             Delay type                Incr(ns)  Path(ns)    Netlist Resource(s)
  -------------------------------------------------------------------    -------------------
    SLICE_X52Y11                                      0.000     0.000 r  CAPTURE_SUBSYSTEM/MAILBOX/cfg_hold_pcie_reg[65]/C
    SLICE_X52Y11         FDRE (Prop_fdre_C_Q)         0.433     0.433 r  CAPTURE_SUBSYSTEM/MAILBOX/cfg_hold_pcie_reg[65]/Q
                         net (fo=1, routed)           0.386     0.819    CAPTURE_SUBSYSTEM/MAILBOX/cfg_hold_pcie_reg_n_0_[65]
    SLICE_X49Y12         FDRE                                         r  CAPTURE_SUBSYSTEM/MAILBOX/nvp_cfg_capture_generation_reg[23]/D
  -------------------------------------------------------------------    -------------------

                         max delay                    6.000     6.000    
    SLICE_X49Y12         FDRE (Setup_fdre_C_D)       -0.047     5.953    CAPTURE_SUBSYSTEM/MAILBOX/nvp_cfg_capture_generation_reg[23]
  -------------------------------------------------------------------
                         required time                          5.953    
                         arrival time                          -0.819    
  -------------------------------------------------------------------
                         slack                                  5.134    

Slack (MET) :             5.136ns  (required time - arrival time)
  Source:                 CAPTURE_SUBSYSTEM/MAILBOX/cfg_hold_pcie_reg[48]/C
                            (rising edge-triggered cell FDRE clocked by userclk1  {rise@0.000ns fall@8.000ns period=16.000ns})
  Destination:            CAPTURE_SUBSYSTEM/MAILBOX/nvp_cfg_capture_generation_reg[6]/D
                            (rising edge-triggered cell FDRE clocked by nvp_vclk1  {rise@0.000ns fall@3.367ns period=6.734ns})
  Path Group:             nvp_vclk1
  Path Type:              Setup (Max at Slow Process Corner)
  Requirement:            6.000ns  (MaxDelay Path 6.000ns)
  Data Path Delay:        0.820ns  (logic 0.433ns (52.812%)  route 0.387ns (47.188%))
  Logic Levels:           0  
  Timing Exception:       MaxDelay Path 6.000ns -datapath_only

    Location             Delay type                Incr(ns)  Path(ns)    Netlist Resource(s)
  -------------------------------------------------------------------    -------------------
    SLICE_X52Y7                                       0.000     0.000 r  CAPTURE_SUBSYSTEM/MAILBOX/cfg_hold_pcie_reg[48]/C
    SLICE_X52Y7          FDRE (Prop_fdre_C_Q)         0.433     0.433 r  CAPTURE_SUBSYSTEM/MAILBOX/cfg_hold_pcie_reg[48]/Q
                         net (fo=1, routed)           0.387     0.820    CAPTURE_SUBSYSTEM/MAILBOX/cfg_hold_pcie_reg_n_0_[48]
    SLICE_X53Y11         FDRE                                         r  CAPTURE_SUBSYSTEM/MAILBOX/nvp_cfg_capture_generation_reg[6]/D
  -------------------------------------------------------------------    -------------------

                         max delay                    6.000     6.000    
    SLICE_X53Y11         FDRE (Setup_fdre_C_D)       -0.044     5.956    CAPTURE_SUBSYSTEM/MAILBOX/nvp_cfg_capture_generation_reg[6]
  -------------------------------------------------------------------
                         required time                          5.956    
                         arrival time                          -0.820    
  -------------------------------------------------------------------
                         slack                                  5.136    

Slack (MET) :             5.149ns  (required time - arrival time)
  Source:                 CAPTURE_SUBSYSTEM/MAILBOX/cfg_hold_pcie_reg[58]/C
                            (rising edge-triggered cell FDRE clocked by userclk1  {rise@0.000ns fall@8.000ns period=16.000ns})
  Destination:            CAPTURE_SUBSYSTEM/MAILBOX/nvp_cfg_capture_generation_reg[16]/D
                            (rising edge-triggered cell FDRE clocked by nvp_vclk1  {rise@0.000ns fall@3.367ns period=6.734ns})
  Path Group:             nvp_vclk1
  Path Type:              Setup (Max at Slow Process Corner)
  Requirement:            6.000ns  (MaxDelay Path 6.000ns)
  Data Path Delay:        0.778ns  (logic 0.433ns (55.674%)  route 0.345ns (44.326%))
  Logic Levels:           0  
  Timing Exception:       MaxDelay Path 6.000ns -datapath_only

    Location             Delay type                Incr(ns)  Path(ns)    Netlist Resource(s)
  -------------------------------------------------------------------    -------------------
    SLICE_X52Y10                                      0.000     0.000 r  CAPTURE_SUBSYSTEM/MAILBOX/cfg_hold_pcie_reg[58]/C
    SLICE_X52Y10         FDRE (Prop_fdre_C_Q)         0.433     0.433 r  CAPTURE_SUBSYSTEM/MAILBOX/cfg_hold_pcie_reg[58]/Q
                         net (fo=1, routed)           0.345     0.778    CAPTURE_SUBSYSTEM/MAILBOX/cfg_hold_pcie_reg_n_0_[58]
    SLICE_X53Y11         FDRE                                         r  CAPTURE_SUBSYSTEM/MAILBOX/nvp_cfg_capture_generation_reg[16]/D
  -------------------------------------------------------------------    -------------------

                         max delay                    6.000     6.000    
    SLICE_X53Y11         FDRE (Setup_fdre_C_D)       -0.073     5.927    CAPTURE_SUBSYSTEM/MAILBOX/nvp_cfg_capture_generation_reg[16]
  -------------------------------------------------------------------
                         required time                          5.927    
                         arrival time                          -0.778    
  -------------------------------------------------------------------
                         slack                                  5.149    

Slack (MET) :             5.159ns  (required time - arrival time)
  Source:                 CAPTURE_SUBSYSTEM/MAILBOX/cfg_hold_pcie_reg[62]/C
                            (rising edge-triggered cell FDRE clocked by userclk1  {rise@0.000ns fall@8.000ns period=16.000ns})
  Destination:            CAPTURE_SUBSYSTEM/MAILBOX/nvp_cfg_capture_generation_reg[20]/D
                            (rising edge-triggered cell FDRE clocked by nvp_vclk1  {rise@0.000ns fall@3.367ns period=6.734ns})
  Path Group:             nvp_vclk1
  Path Type:              Setup (Max at Slow Process Corner)
  Requirement:            6.000ns  (MaxDelay Path 6.000ns)
  Data Path Delay:        0.768ns  (logic 0.433ns (56.349%)  route 0.335ns (43.651%))
  Logic Levels:           0  
  Timing Exception:       MaxDelay Path 6.000ns -datapath_only

    Location             Delay type                Incr(ns)  Path(ns)    Netlist Resource(s)
  -------------------------------------------------------------------    -------------------
    SLICE_X52Y11                                      0.000     0.000 r  CAPTURE_SUBSYSTEM/MAILBOX/cfg_hold_pcie_reg[62]/C
    SLICE_X52Y11         FDRE (Prop_fdre_C_Q)         0.433     0.433 r  CAPTURE_SUBSYSTEM/MAILBOX/cfg_hold_pcie_reg[62]/Q
                         net (fo=1, routed)           0.335     0.768    CAPTURE_SUBSYSTEM/MAILBOX/cfg_hold_pcie_reg_n_0_[62]
    SLICE_X53Y12         FDRE                                         r  CAPTURE_SUBSYSTEM/MAILBOX/nvp_cfg_capture_generation_reg[20]/D
  -------------------------------------------------------------------    -------------------

                         max delay                    6.000     6.000    
    SLICE_X53Y12         FDRE (Setup_fdre_C_D)       -0.073     5.927    CAPTURE_SUBSYSTEM/MAILBOX/nvp_cfg_capture_generation_reg[20]
  -------------------------------------------------------------------
                         required time                          5.927    
                         arrival time                          -0.768    
  -------------------------------------------------------------------
                         slack                                  5.159    

Slack (MET) :             5.161ns  (required time - arrival time)
  Source:                 CAPTURE_SUBSYSTEM/MAILBOX/cfg_hold_pcie_reg[45]/C
                            (rising edge-triggered cell FDRE clocked by userclk1  {rise@0.000ns fall@8.000ns period=16.000ns})
  Destination:            CAPTURE_SUBSYSTEM/MAILBOX/nvp_cfg_capture_generation_reg[3]/D
                            (rising edge-triggered cell FDRE clocked by nvp_vclk1  {rise@0.000ns fall@3.367ns period=6.734ns})
  Path Group:             nvp_vclk1
  Path Type:              Setup (Max at Slow Process Corner)
  Requirement:            6.000ns  (MaxDelay Path 6.000ns)
  Data Path Delay:        0.767ns  (logic 0.433ns (56.423%)  route 0.334ns (43.577%))
  Logic Levels:           0  
  Timing Exception:       MaxDelay Path 6.000ns -datapath_only

    Location             Delay type                Incr(ns)  Path(ns)    Netlist Resource(s)
  -------------------------------------------------------------------    -------------------
    SLICE_X52Y6                                       0.000     0.000 r  CAPTURE_SUBSYSTEM/MAILBOX/cfg_hold_pcie_reg[45]/C
    SLICE_X52Y6          FDRE (Prop_fdre_C_Q)         0.433     0.433 r  CAPTURE_SUBSYSTEM/MAILBOX/cfg_hold_pcie_reg[45]/Q
                         net (fo=1, routed)           0.334     0.767    CAPTURE_SUBSYSTEM/MAILBOX/cfg_hold_pcie_reg_n_0_[45]
    SLICE_X53Y8          FDRE                                         r  CAPTURE_SUBSYSTEM/MAILBOX/nvp_cfg_capture_generation_reg[3]/D
  -------------------------------------------------------------------    -------------------

                         max delay                    6.000     6.000    
    SLICE_X53Y8          FDRE (Setup_fdre_C_D)       -0.072     5.928    CAPTURE_SUBSYSTEM/MAILBOX/nvp_cfg_capture_generation_reg[3]
  -------------------------------------------------------------------
                         required time                          5.928    
                         arrival time                          -0.767    
  -------------------------------------------------------------------
                         slack                                  5.161    

Slack (MET) :             5.168ns  (required time - arrival time)
  Source:                 CAPTURE_SUBSYSTEM/MAILBOX/cfg_hold_pcie_reg[60]/C
                            (rising edge-triggered cell FDRE clocked by userclk1  {rise@0.000ns fall@8.000ns period=16.000ns})
  Destination:            CAPTURE_SUBSYSTEM/MAILBOX/nvp_cfg_capture_generation_reg[18]/D
                            (rising edge-triggered cell FDRE clocked by nvp_vclk1  {rise@0.000ns fall@3.367ns period=6.734ns})
  Path Group:             nvp_vclk1
  Path Type:              Setup (Max at Slow Process Corner)
  Requirement:            6.000ns  (MaxDelay Path 6.000ns)
  Data Path Delay:        0.793ns  (logic 0.433ns (54.583%)  route 0.360ns (45.417%))
  Logic Levels:           0  
  Timing Exception:       MaxDelay Path 6.000ns -datapath_only

    Location             Delay type                Incr(ns)  Path(ns)    Netlist Resource(s)
  -------------------------------------------------------------------    -------------------
    SLICE_X52Y10                                      0.000     0.000 r  CAPTURE_SUBSYSTEM/MAILBOX/cfg_hold_pcie_reg[60]/C
    SLICE_X52Y10         FDRE (Prop_fdre_C_Q)         0.433     0.433 r  CAPTURE_SUBSYSTEM/MAILBOX/cfg_hold_pcie_reg[60]/Q
                         net (fo=1, routed)           0.360     0.793    CAPTURE_SUBSYSTEM/MAILBOX/cfg_hold_pcie_reg_n_0_[60]
    SLICE_X53Y11         FDRE                                         r  CAPTURE_SUBSYSTEM/MAILBOX/nvp_cfg_capture_generation_reg[18]/D
  -------------------------------------------------------------------    -------------------

                         max delay                    6.000     6.000    
    SLICE_X53Y11         FDRE (Setup_fdre_C_D)       -0.039     5.961    CAPTURE_SUBSYSTEM/MAILBOX/nvp_cfg_capture_generation_reg[18]
  -------------------------------------------------------------------
                         required time                          5.961    
                         arrival time                          -0.793    
  -------------------------------------------------------------------
                         slack                                  5.168    

Slack (MET) :             5.185ns  (required time - arrival time)
  Source:                 CAPTURE_SUBSYSTEM/MAILBOX/cfg_hold_pcie_reg[38]/C
                            (rising edge-triggered cell FDRE clocked by userclk1  {rise@0.000ns fall@8.000ns period=16.000ns})
  Destination:            CAPTURE_SUBSYSTEM/MAILBOX/nvp_cfg_target_line_reg[28]/D
                            (rising edge-triggered cell FDRE clocked by nvp_vclk1  {rise@0.000ns fall@3.367ns period=6.734ns})
  Path Group:             nvp_vclk1
  Path Type:              Setup (Max at Slow Process Corner)
  Requirement:            6.000ns  (MaxDelay Path 6.000ns)
  Data Path Delay:        0.636ns  (logic 0.348ns (54.729%)  route 0.288ns (45.271%))
  Logic Levels:           0  
  Timing Exception:       MaxDelay Path 6.000ns -datapath_only

    Location             Delay type                Incr(ns)  Path(ns)    Netlist Resource(s)
  -------------------------------------------------------------------    -------------------
    SLICE_X40Y32                                      0.000     0.000 r  CAPTURE_SUBSYSTEM/MAILBOX/cfg_hold_pcie_reg[38]/C
    SLICE_X40Y32         FDRE (Prop_fdre_C_Q)         0.348     0.348 r  CAPTURE_SUBSYSTEM/MAILBOX/cfg_hold_pcie_reg[38]/Q
                         net (fo=1, routed)           0.288     0.636    CAPTURE_SUBSYSTEM/MAILBOX/cfg_hold_pcie_reg_n_0_[38]
    SLICE_X39Y31         FDRE                                         r  CAPTURE_SUBSYSTEM/MAILBOX/nvp_cfg_target_line_reg[28]/D
  -------------------------------------------------------------------    -------------------

                         max delay                    6.000     6.000    
    SLICE_X39Y31         FDRE (Setup_fdre_C_D)       -0.179     5.821    CAPTURE_SUBSYSTEM/MAILBOX/nvp_cfg_target_line_reg[28]
  -------------------------------------------------------------------
                         required time                          5.821    
                         arrival time                          -0.636    
  -------------------------------------------------------------------
                         slack                                  5.185    

Slack (MET) :             5.203ns  (required time - arrival time)
  Source:                 CAPTURE_SUBSYSTEM/MAILBOX/cfg_hold_pcie_reg[40]/C
                            (rising edge-triggered cell FDRE clocked by userclk1  {rise@0.000ns fall@8.000ns period=16.000ns})
  Destination:            CAPTURE_SUBSYSTEM/MAILBOX/nvp_cfg_target_line_reg[30]/D
                            (rising edge-triggered cell FDRE clocked by nvp_vclk1  {rise@0.000ns fall@3.367ns period=6.734ns})
  Path Group:             nvp_vclk1
  Path Type:              Setup (Max at Slow Process Corner)
  Requirement:            6.000ns  (MaxDelay Path 6.000ns)
  Data Path Delay:        0.623ns  (logic 0.348ns (55.836%)  route 0.275ns (44.164%))
  Logic Levels:           0  
  Timing Exception:       MaxDelay Path 6.000ns -datapath_only

    Location             Delay type                Incr(ns)  Path(ns)    Netlist Resource(s)
  -------------------------------------------------------------------    -------------------
    SLICE_X40Y32                                      0.000     0.000 r  CAPTURE_SUBSYSTEM/MAILBOX/cfg_hold_pcie_reg[40]/C
    SLICE_X40Y32         FDRE (Prop_fdre_C_Q)         0.348     0.348 r  CAPTURE_SUBSYSTEM/MAILBOX/cfg_hold_pcie_reg[40]/Q
                         net (fo=1, routed)           0.275     0.623    CAPTURE_SUBSYSTEM/MAILBOX/cfg_hold_pcie_reg_n_0_[40]
    SLICE_X39Y31         FDRE                                         r  CAPTURE_SUBSYSTEM/MAILBOX/nvp_cfg_target_line_reg[30]/D
  -------------------------------------------------------------------    -------------------

                         max delay                    6.000     6.000    
    SLICE_X39Y31         FDRE (Setup_fdre_C_D)       -0.174     5.826    CAPTURE_SUBSYSTEM/MAILBOX/nvp_cfg_target_line_reg[30]
  -------------------------------------------------------------------
                         required time                          5.826    
                         arrival time                          -0.623    
  -------------------------------------------------------------------
                         slack                                  5.203    

Slack (MET) :             5.203ns  (required time - arrival time)
  Source:                 CAPTURE_SUBSYSTEM/MAILBOX/cfg_hold_pcie_reg[17]/C
                            (rising edge-triggered cell FDRE clocked by userclk1  {rise@0.000ns fall@8.000ns period=16.000ns})
  Destination:            CAPTURE_SUBSYSTEM/MAILBOX/nvp_cfg_target_line_reg[7]/D
                            (rising edge-triggered cell FDRE clocked by nvp_vclk1  {rise@0.000ns fall@3.367ns period=6.734ns})
  Path Group:             nvp_vclk1
  Path Type:              Setup (Max at Slow Process Corner)
  Requirement:            6.000ns  (MaxDelay Path 6.000ns)
  Data Path Delay:        0.623ns  (logic 0.348ns (55.836%)  route 0.275ns (44.164%))
  Logic Levels:           0  
  Timing Exception:       MaxDelay Path 6.000ns -datapath_only

    Location             Delay type                Incr(ns)  Path(ns)    Netlist Resource(s)
  -------------------------------------------------------------------    -------------------
    SLICE_X40Y11                                      0.000     0.000 r  CAPTURE_SUBSYSTEM/MAILBOX/cfg_hold_pcie_reg[17]/C
    SLICE_X40Y11         FDRE (Prop_fdre_C_Q)         0.348     0.348 r  CAPTURE_SUBSYSTEM/MAILBOX/cfg_hold_pcie_reg[17]/Q
                         net (fo=1, routed)           0.275     0.623    CAPTURE_SUBSYSTEM/MAILBOX/cfg_hold_pcie_reg_n_0_[17]
    SLICE_X39Y10         FDRE                                         r  CAPTURE_SUBSYSTEM/MAILBOX/nvp_cfg_target_line_reg[7]/D
  -------------------------------------------------------------------    -------------------

                         max delay                    6.000     6.000    
    SLICE_X39Y10         FDRE (Setup_fdre_C_D)       -0.174     5.826    CAPTURE_SUBSYSTEM/MAILBOX/nvp_cfg_target_line_reg[7]
  -------------------------------------------------------------------
                         required time                          5.826    
                         arrival time                          -0.623    
  -------------------------------------------------------------------
                         slack                                  5.203    

Slack (MET) :             5.215ns  (required time - arrival time)
  Source:                 CAPTURE_SUBSYSTEM/MAILBOX/cfg_hold_pcie_reg[34]/C
                            (rising edge-triggered cell FDRE clocked by userclk1  {rise@0.000ns fall@8.000ns period=16.000ns})
  Destination:            CAPTURE_SUBSYSTEM/MAILBOX/nvp_cfg_target_line_reg[24]/D
                            (rising edge-triggered cell FDRE clocked by nvp_vclk1  {rise@0.000ns fall@3.367ns period=6.734ns})
  Path Group:             nvp_vclk1
  Path Type:              Setup (Max at Slow Process Corner)
  Requirement:            6.000ns  (MaxDelay Path 6.000ns)
  Data Path Delay:        0.770ns  (logic 0.379ns (49.226%)  route 0.391ns (50.774%))
  Logic Levels:           0  
  Timing Exception:       MaxDelay Path 6.000ns -datapath_only

    Location             Delay type                Incr(ns)  Path(ns)    Netlist Resource(s)
  -------------------------------------------------------------------    -------------------
    SLICE_X40Y32                                      0.000     0.000 r  CAPTURE_SUBSYSTEM/MAILBOX/cfg_hold_pcie_reg[34]/C
    SLICE_X40Y32         FDRE (Prop_fdre_C_Q)         0.379     0.379 r  CAPTURE_SUBSYSTEM/MAILBOX/cfg_hold_pcie_reg[34]/Q
                         net (fo=1, routed)           0.391     0.770    CAPTURE_SUBSYSTEM/MAILBOX/cfg_hold_pcie_reg_n_0_[34]
    SLICE_X38Y33         FDRE                                         r  CAPTURE_SUBSYSTEM/MAILBOX/nvp_cfg_target_line_reg[24]/D
  -------------------------------------------------------------------    -------------------

                         max delay                    6.000     6.000    
    SLICE_X38Y33         FDRE (Setup_fdre_C_D)       -0.015     5.985    CAPTURE_SUBSYSTEM/MAILBOX/nvp_cfg_target_line_reg[24]
  -------------------------------------------------------------------
                         required time                          5.985    
                         arrival time                          -0.770    
  -------------------------------------------------------------------
                         slack                                  5.215    

Slack (MET) :             5.218ns  (required time - arrival time)
  Source:                 CAPTURE_SUBSYSTEM/MAILBOX/cfg_hold_pcie_reg[29]/C
                            (rising edge-triggered cell FDRE clocked by userclk1  {rise@0.000ns fall@8.000ns period=16.000ns})
  Destination:            CAPTURE_SUBSYSTEM/MAILBOX/nvp_cfg_target_line_reg[19]/D
                            (rising edge-triggered cell FDRE clocked by nvp_vclk1  {rise@0.000ns fall@3.367ns period=6.734ns})
  Path Group:             nvp_vclk1
  Path Type:              Setup (Max at Slow Process Corner)
  Requirement:            6.000ns  (MaxDelay Path 6.000ns)
  Data Path Delay:        0.755ns  (logic 0.379ns (50.225%)  route 0.376ns (49.775%))
  Logic Levels:           0  
  Timing Exception:       MaxDelay Path 6.000ns -datapath_only

    Location             Delay type                Incr(ns)  Path(ns)    Netlist Resource(s)
  -------------------------------------------------------------------    -------------------
    SLICE_X37Y28                                      0.000     0.000 r  CAPTURE_SUBSYSTEM/MAILBOX/cfg_hold_pcie_reg[29]/C
    SLICE_X37Y28         FDRE (Prop_fdre_C_Q)         0.379     0.379 r  CAPTURE_SUBSYSTEM/MAILBOX/cfg_hold_pcie_reg[29]/Q
                         net (fo=1, routed)           0.376     0.755    CAPTURE_SUBSYSTEM/MAILBOX/cfg_hold_pcie_reg_n_0_[29]
    SLICE_X37Y27         FDRE                                         r  CAPTURE_SUBSYSTEM/MAILBOX/nvp_cfg_target_line_reg[19]/D
  -------------------------------------------------------------------    -------------------

                         max delay                    6.000     6.000    
    SLICE_X37Y27         FDRE (Setup_fdre_C_D)       -0.027     5.973    CAPTURE_SUBSYSTEM/MAILBOX/nvp_cfg_target_line_reg[19]
  -------------------------------------------------------------------
                         required time                          5.973    
                         arrival time                          -0.755    
  -------------------------------------------------------------------
                         slack                                  5.218    

Slack (MET) :             5.220ns  (required time - arrival time)
  Source:                 CAPTURE_SUBSYSTEM/MAILBOX/cfg_hold_pcie_reg[5]/C
                            (rising edge-triggered cell FDRE clocked by userclk1  {rise@0.000ns fall@8.000ns period=16.000ns})
  Destination:            CAPTURE_SUBSYSTEM/MAILBOX/nvp_cfg_line_count_requested_reg[0]/D
                            (rising edge-triggered cell FDRE clocked by nvp_vclk1  {rise@0.000ns fall@3.367ns period=6.734ns})
  Path Group:             nvp_vclk1
  Path Type:              Setup (Max at Slow Process Corner)
  Requirement:            6.000ns  (MaxDelay Path 6.000ns)
  Data Path Delay:        0.616ns  (logic 0.348ns (56.500%)  route 0.268ns (43.500%))
  Logic Levels:           0  
  Timing Exception:       MaxDelay Path 6.000ns -datapath_only

    Location             Delay type                Incr(ns)  Path(ns)    Netlist Resource(s)
  -------------------------------------------------------------------    -------------------
    SLICE_X51Y9                                       0.000     0.000 r  CAPTURE_SUBSYSTEM/MAILBOX/cfg_hold_pcie_reg[5]/C
    SLICE_X51Y9          FDRE (Prop_fdre_C_Q)         0.348     0.348 r  CAPTURE_SUBSYSTEM/MAILBOX/cfg_hold_pcie_reg[5]/Q
                         net (fo=1, routed)           0.268     0.616    CAPTURE_SUBSYSTEM/MAILBOX/cfg_hold_pcie_reg_n_0_[5]
    SLICE_X53Y8          FDRE                                         r  CAPTURE_SUBSYSTEM/MAILBOX/nvp_cfg_line_count_requested_reg[0]/D
  -------------------------------------------------------------------    -------------------

                         max delay                    6.000     6.000    
    SLICE_X53Y8          FDRE (Setup_fdre_C_D)       -0.164     5.836    CAPTURE_SUBSYSTEM/MAILBOX/nvp_cfg_line_count_requested_reg[0]
  -------------------------------------------------------------------
                         required time                          5.836    
                         arrival time                          -0.616    
  -------------------------------------------------------------------
                         slack                                  5.220    

Slack (MET) :             5.248ns  (required time - arrival time)
  Source:                 CAPTURE_SUBSYSTEM/MAILBOX/cfg_hold_pcie_reg[63]/C
                            (rising edge-triggered cell FDRE clocked by userclk1  {rise@0.000ns fall@8.000ns period=16.000ns})
  Destination:            CAPTURE_SUBSYSTEM/MAILBOX/nvp_cfg_capture_generation_reg[21]/D
                            (rising edge-triggered cell FDRE clocked by nvp_vclk1  {rise@0.000ns fall@3.367ns period=6.734ns})
  Path Group:             nvp_vclk1
  Path Type:              Setup (Max at Slow Process Corner)
  Requirement:            6.000ns  (MaxDelay Path 6.000ns)
  Data Path Delay:        0.720ns  (logic 0.433ns (60.145%)  route 0.287ns (39.855%))
  Logic Levels:           0  
  Timing Exception:       MaxDelay Path 6.000ns -datapath_only

    Location             Delay type                Incr(ns)  Path(ns)    Netlist Resource(s)
  -------------------------------------------------------------------    -------------------
    SLICE_X52Y11                                      0.000     0.000 r  CAPTURE_SUBSYSTEM/MAILBOX/cfg_hold_pcie_reg[63]/C
    SLICE_X52Y11         FDRE (Prop_fdre_C_Q)         0.433     0.433 r  CAPTURE_SUBSYSTEM/MAILBOX/cfg_hold_pcie_reg[63]/Q
                         net (fo=1, routed)           0.287     0.720    CAPTURE_SUBSYSTEM/MAILBOX/cfg_hold_pcie_reg_n_0_[63]
    SLICE_X53Y11         FDRE                                         r  CAPTURE_SUBSYSTEM/MAILBOX/nvp_cfg_capture_generation_reg[21]/D
  -------------------------------------------------------------------    -------------------

                         max delay                    6.000     6.000    
    SLICE_X53Y11         FDRE (Setup_fdre_C_D)       -0.032     5.968    CAPTURE_SUBSYSTEM/MAILBOX/nvp_cfg_capture_generation_reg[21]
  -------------------------------------------------------------------
                         required time                          5.968    
                         arrival time                          -0.720    
  -------------------------------------------------------------------
                         slack                                  5.248    

Slack (MET) :             5.261ns  (required time - arrival time)
  Source:                 CAPTURE_SUBSYSTEM/MAILBOX/cfg_hold_pcie_reg[43]/C
                            (rising edge-triggered cell FDRE clocked by userclk1  {rise@0.000ns fall@8.000ns period=16.000ns})
  Destination:            CAPTURE_SUBSYSTEM/MAILBOX/nvp_cfg_capture_generation_reg[1]/D
                            (rising edge-triggered cell FDRE clocked by nvp_vclk1  {rise@0.000ns fall@3.367ns period=6.734ns})
  Path Group:             nvp_vclk1
  Path Type:              Setup (Max at Slow Process Corner)
  Requirement:            6.000ns  (MaxDelay Path 6.000ns)
  Data Path Delay:        0.666ns  (logic 0.433ns (65.028%)  route 0.233ns (34.972%))
  Logic Levels:           0  
  Timing Exception:       MaxDelay Path 6.000ns -datapath_only

    Location             Delay type                Incr(ns)  Path(ns)    Netlist Resource(s)
  -------------------------------------------------------------------    -------------------
    SLICE_X52Y6                                       0.000     0.000 r  CAPTURE_SUBSYSTEM/MAILBOX/cfg_hold_pcie_reg[43]/C
    SLICE_X52Y6          FDRE (Prop_fdre_C_Q)         0.433     0.433 r  CAPTURE_SUBSYSTEM/MAILBOX/cfg_hold_pcie_reg[43]/Q
                         net (fo=1, routed)           0.233     0.666    CAPTURE_SUBSYSTEM/MAILBOX/cfg_hold_pcie_reg_n_0_[43]
    SLICE_X53Y8          FDRE                                         r  CAPTURE_SUBSYSTEM/MAILBOX/nvp_cfg_capture_generation_reg[1]/D
  -------------------------------------------------------------------    -------------------

                         max delay                    6.000     6.000    
    SLICE_X53Y8          FDRE (Setup_fdre_C_D)       -0.073     5.927    CAPTURE_SUBSYSTEM/MAILBOX/nvp_cfg_capture_generation_reg[1]
  -------------------------------------------------------------------
                         required time                          5.927    
                         arrival time                          -0.666    
  -------------------------------------------------------------------
                         slack                                  5.261    

Slack (MET) :             5.264ns  (required time - arrival time)
  Source:                 CAPTURE_SUBSYSTEM/MAILBOX/cfg_hold_pcie_reg[54]/C
                            (rising edge-triggered cell FDRE clocked by userclk1  {rise@0.000ns fall@8.000ns period=16.000ns})
  Destination:            CAPTURE_SUBSYSTEM/MAILBOX/nvp_cfg_capture_generation_reg[12]/D
                            (rising edge-triggered cell FDRE clocked by nvp_vclk1  {rise@0.000ns fall@3.367ns period=6.734ns})
  Path Group:             nvp_vclk1
  Path Type:              Setup (Max at Slow Process Corner)
  Requirement:            6.000ns  (MaxDelay Path 6.000ns)
  Data Path Delay:        0.689ns  (logic 0.433ns (62.805%)  route 0.256ns (37.195%))
  Logic Levels:           0  
  Timing Exception:       MaxDelay Path 6.000ns -datapath_only

    Location             Delay type                Incr(ns)  Path(ns)    Netlist Resource(s)
  -------------------------------------------------------------------    -------------------
    SLICE_X52Y9                                       0.000     0.000 r  CAPTURE_SUBSYSTEM/MAILBOX/cfg_hold_pcie_reg[54]/C
    SLICE_X52Y9          FDRE (Prop_fdre_C_Q)         0.433     0.433 r  CAPTURE_SUBSYSTEM/MAILBOX/cfg_hold_pcie_reg[54]/Q
                         net (fo=1, routed)           0.256     0.689    CAPTURE_SUBSYSTEM/MAILBOX/cfg_hold_pcie_reg_n_0_[54]
    SLICE_X53Y10         FDRE                                         r  CAPTURE_SUBSYSTEM/MAILBOX/nvp_cfg_capture_generation_reg[12]/D
  -------------------------------------------------------------------    -------------------

                         max delay                    6.000     6.000    
    SLICE_X53Y10         FDRE (Setup_fdre_C_D)       -0.047     5.953    CAPTURE_SUBSYSTEM/MAILBOX/nvp_cfg_capture_generation_reg[12]
  -------------------------------------------------------------------
                         required time                          5.953    
                         arrival time                          -0.689    
  -------------------------------------------------------------------
                         slack                                  5.264    

Slack (MET) :             5.269ns  (required time - arrival time)
  Source:                 CAPTURE_SUBSYSTEM/MAILBOX/cfg_hold_pcie_reg[56]/C
                            (rising edge-triggered cell FDRE clocked by userclk1  {rise@0.000ns fall@8.000ns period=16.000ns})
  Destination:            CAPTURE_SUBSYSTEM/MAILBOX/nvp_cfg_capture_generation_reg[14]/D
                            (rising edge-triggered cell FDRE clocked by nvp_vclk1  {rise@0.000ns fall@3.367ns period=6.734ns})
  Path Group:             nvp_vclk1
  Path Type:              Setup (Max at Slow Process Corner)
  Requirement:            6.000ns  (MaxDelay Path 6.000ns)
  Data Path Delay:        0.658ns  (logic 0.433ns (65.849%)  route 0.225ns (34.151%))
  Logic Levels:           0  
  Timing Exception:       MaxDelay Path 6.000ns -datapath_only

    Location             Delay type                Incr(ns)  Path(ns)    Netlist Resource(s)
  -------------------------------------------------------------------    -------------------
    SLICE_X52Y9                                       0.000     0.000 r  CAPTURE_SUBSYSTEM/MAILBOX/cfg_hold_pcie_reg[56]/C
    SLICE_X52Y9          FDRE (Prop_fdre_C_Q)         0.433     0.433 r  CAPTURE_SUBSYSTEM/MAILBOX/cfg_hold_pcie_reg[56]/Q
                         net (fo=1, routed)           0.225     0.658    CAPTURE_SUBSYSTEM/MAILBOX/cfg_hold_pcie_reg_n_0_[56]
    SLICE_X53Y10         FDRE                                         r  CAPTURE_SUBSYSTEM/MAILBOX/nvp_cfg_capture_generation_reg[14]/D
  -------------------------------------------------------------------    -------------------

                         max delay                    6.000     6.000    
    SLICE_X53Y10         FDRE (Setup_fdre_C_D)       -0.073     5.927    CAPTURE_SUBSYSTEM/MAILBOX/nvp_cfg_capture_generation_reg[14]
  -------------------------------------------------------------------
                         required time                          5.927    
                         arrival time                          -0.658    
  -------------------------------------------------------------------
                         slack                                  5.269    

Slack (MET) :             5.283ns  (required time - arrival time)
  Source:                 CAPTURE_SUBSYSTEM/MAILBOX/cfg_hold_pcie_reg[47]/C
                            (rising edge-triggered cell FDRE clocked by userclk1  {rise@0.000ns fall@8.000ns period=16.000ns})
  Destination:            CAPTURE_SUBSYSTEM/MAILBOX/nvp_cfg_capture_generation_reg[5]/D
                            (rising edge-triggered cell FDRE clocked by nvp_vclk1  {rise@0.000ns fall@3.367ns period=6.734ns})
  Path Group:             nvp_vclk1
  Path Type:              Setup (Max at Slow Process Corner)
  Requirement:            6.000ns  (MaxDelay Path 6.000ns)
  Data Path Delay:        0.685ns  (logic 0.433ns (63.171%)  route 0.252ns (36.829%))
  Logic Levels:           0  
  Timing Exception:       MaxDelay Path 6.000ns -datapath_only

    Location             Delay type                Incr(ns)  Path(ns)    Netlist Resource(s)
  -------------------------------------------------------------------    -------------------
    SLICE_X52Y7                                       0.000     0.000 r  CAPTURE_SUBSYSTEM/MAILBOX/cfg_hold_pcie_reg[47]/C
    SLICE_X52Y7          FDRE (Prop_fdre_C_Q)         0.433     0.433 r  CAPTURE_SUBSYSTEM/MAILBOX/cfg_hold_pcie_reg[47]/Q
                         net (fo=1, routed)           0.252     0.685    CAPTURE_SUBSYSTEM/MAILBOX/cfg_hold_pcie_reg_n_0_[47]
    SLICE_X53Y8          FDRE                                         r  CAPTURE_SUBSYSTEM/MAILBOX/nvp_cfg_capture_generation_reg[5]/D
  -------------------------------------------------------------------    -------------------

                         max delay                    6.000     6.000    
    SLICE_X53Y8          FDRE (Setup_fdre_C_D)       -0.032     5.968    CAPTURE_SUBSYSTEM/MAILBOX/nvp_cfg_capture_generation_reg[5]
  -------------------------------------------------------------------
                         required time                          5.968    
                         arrival time                          -0.685    
  -------------------------------------------------------------------
                         slack                                  5.283    

Slack (MET) :             5.306ns  (required time - arrival time)
  Source:                 CAPTURE_SUBSYSTEM/MAILBOX/cfg_hold_pcie_reg[26]/C
                            (rising edge-triggered cell FDRE clocked by userclk1  {rise@0.000ns fall@8.000ns period=16.000ns})
  Destination:            CAPTURE_SUBSYSTEM/MAILBOX/nvp_cfg_target_line_reg[16]/D
                            (rising edge-triggered cell FDRE clocked by nvp_vclk1  {rise@0.000ns fall@3.367ns period=6.734ns})
  Path Group:             nvp_vclk1
  Path Type:              Setup (Max at Slow Process Corner)
  Requirement:            6.000ns  (MaxDelay Path 6.000ns)
  Data Path Delay:        0.635ns  (logic 0.379ns (59.644%)  route 0.256ns (40.356%))
  Logic Levels:           0  
  Timing Exception:       MaxDelay Path 6.000ns -datapath_only

    Location             Delay type                Incr(ns)  Path(ns)    Netlist Resource(s)
  -------------------------------------------------------------------    -------------------
    SLICE_X37Y28                                      0.000     0.000 r  CAPTURE_SUBSYSTEM/MAILBOX/cfg_hold_pcie_reg[26]/C
    SLICE_X37Y28         FDRE (Prop_fdre_C_Q)         0.379     0.379 r  CAPTURE_SUBSYSTEM/MAILBOX/cfg_hold_pcie_reg[26]/Q
                         net (fo=1, routed)           0.256     0.635    CAPTURE_SUBSYSTEM/MAILBOX/cfg_hold_pcie_reg_n_0_[26]
    SLICE_X37Y27         FDRE                                         r  CAPTURE_SUBSYSTEM/MAILBOX/nvp_cfg_target_line_reg[16]/D
  -------------------------------------------------------------------    -------------------

                         max delay                    6.000     6.000    
    SLICE_X37Y27         FDRE (Setup_fdre_C_D)       -0.059     5.941    CAPTURE_SUBSYSTEM/MAILBOX/nvp_cfg_target_line_reg[16]
  -------------------------------------------------------------------
                         required time                          5.941    
                         arrival time                          -0.635    
  -------------------------------------------------------------------
                         slack                                  5.306    

Slack (MET) :             5.308ns  (required time - arrival time)
  Source:                 CAPTURE_SUBSYSTEM/MAILBOX/cfg_hold_pcie_reg[35]/C
                            (rising edge-triggered cell FDRE clocked by userclk1  {rise@0.000ns fall@8.000ns period=16.000ns})
  Destination:            CAPTURE_SUBSYSTEM/MAILBOX/nvp_cfg_target_line_reg[25]/D
                            (rising edge-triggered cell FDRE clocked by nvp_vclk1  {rise@0.000ns fall@3.367ns period=6.734ns})
  Path Group:             nvp_vclk1
  Path Type:              Setup (Max at Slow Process Corner)
  Requirement:            6.000ns  (MaxDelay Path 6.000ns)
  Data Path Delay:        0.665ns  (logic 0.379ns (56.967%)  route 0.286ns (43.033%))
  Logic Levels:           0  
  Timing Exception:       MaxDelay Path 6.000ns -datapath_only

    Location             Delay type                Incr(ns)  Path(ns)    Netlist Resource(s)
  -------------------------------------------------------------------    -------------------
    SLICE_X40Y32                                      0.000     0.000 r  CAPTURE_SUBSYSTEM/MAILBOX/cfg_hold_pcie_reg[35]/C
    SLICE_X40Y32         FDRE (Prop_fdre_C_Q)         0.379     0.379 r  CAPTURE_SUBSYSTEM/MAILBOX/cfg_hold_pcie_reg[35]/Q
                         net (fo=1, routed)           0.286     0.665    CAPTURE_SUBSYSTEM/MAILBOX/cfg_hold_pcie_reg_n_0_[35]
    SLICE_X38Y33         FDRE                                         r  CAPTURE_SUBSYSTEM/MAILBOX/nvp_cfg_target_line_reg[25]/D
  -------------------------------------------------------------------    -------------------

                         max delay                    6.000     6.000    
    SLICE_X38Y33         FDRE (Setup_fdre_C_D)       -0.027     5.973    CAPTURE_SUBSYSTEM/MAILBOX/nvp_cfg_target_line_reg[25]
  -------------------------------------------------------------------
                         required time                          5.973    
                         arrival time                          -0.665    
  -------------------------------------------------------------------
                         slack                                  5.308    

Slack (MET) :             5.322ns  (required time - arrival time)
  Source:                 CAPTURE_SUBSYSTEM/MAILBOX/cfg_hold_pcie_reg[28]/C
                            (rising edge-triggered cell FDRE clocked by userclk1  {rise@0.000ns fall@8.000ns period=16.000ns})
  Destination:            CAPTURE_SUBSYSTEM/MAILBOX/nvp_cfg_target_line_reg[18]/D
                            (rising edge-triggered cell FDRE clocked by nvp_vclk1  {rise@0.000ns fall@3.367ns period=6.734ns})
  Path Group:             nvp_vclk1
  Path Type:              Setup (Max at Slow Process Corner)
  Requirement:            6.000ns  (MaxDelay Path 6.000ns)
  Data Path Delay:        0.639ns  (logic 0.379ns (59.271%)  route 0.260ns (40.729%))
  Logic Levels:           0  
  Timing Exception:       MaxDelay Path 6.000ns -datapath_only

    Location             Delay type                Incr(ns)  Path(ns)    Netlist Resource(s)
  -------------------------------------------------------------------    -------------------
    SLICE_X37Y28                                      0.000     0.000 r  CAPTURE_SUBSYSTEM/MAILBOX/cfg_hold_pcie_reg[28]/C
    SLICE_X37Y28         FDRE (Prop_fdre_C_Q)         0.379     0.379 r  CAPTURE_SUBSYSTEM/MAILBOX/cfg_hold_pcie_reg[28]/Q
                         net (fo=1, routed)           0.260     0.639    CAPTURE_SUBSYSTEM/MAILBOX/cfg_hold_pcie_reg_n_0_[28]
    SLICE_X37Y27         FDRE                                         r  CAPTURE_SUBSYSTEM/MAILBOX/nvp_cfg_target_line_reg[18]/D
  -------------------------------------------------------------------    -------------------

                         max delay                    6.000     6.000    
    SLICE_X37Y27         FDRE (Setup_fdre_C_D)       -0.039     5.961    CAPTURE_SUBSYSTEM/MAILBOX/nvp_cfg_target_line_reg[18]
  -------------------------------------------------------------------
                         required time                          5.961    
                         arrival time                          -0.639    
  -------------------------------------------------------------------
                         slack                                  5.322    

Slack (MET) :             5.326ns  (required time - arrival time)
  Source:                 CAPTURE_SUBSYSTEM/MAILBOX/cfg_hold_pcie_reg[27]/C
                            (rising edge-triggered cell FDRE clocked by userclk1  {rise@0.000ns fall@8.000ns period=16.000ns})
  Destination:            CAPTURE_SUBSYSTEM/MAILBOX/nvp_cfg_target_line_reg[17]/D
                            (rising edge-triggered cell FDRE clocked by nvp_vclk1  {rise@0.000ns fall@3.367ns period=6.734ns})
  Path Group:             nvp_vclk1
  Path Type:              Setup (Max at Slow Process Corner)
  Requirement:            6.000ns  (MaxDelay Path 6.000ns)
  Data Path Delay:        0.601ns  (logic 0.379ns (63.107%)  route 0.222ns (36.893%))
  Logic Levels:           0  
  Timing Exception:       MaxDelay Path 6.000ns -datapath_only

    Location             Delay type                Incr(ns)  Path(ns)    Netlist Resource(s)
  -------------------------------------------------------------------    -------------------
    SLICE_X37Y28                                      0.000     0.000 r  CAPTURE_SUBSYSTEM/MAILBOX/cfg_hold_pcie_reg[27]/C
    SLICE_X37Y28         FDRE (Prop_fdre_C_Q)         0.379     0.379 r  CAPTURE_SUBSYSTEM/MAILBOX/cfg_hold_pcie_reg[27]/Q
                         net (fo=1, routed)           0.222     0.601    CAPTURE_SUBSYSTEM/MAILBOX/cfg_hold_pcie_reg_n_0_[27]
    SLICE_X37Y27         FDRE                                         r  CAPTURE_SUBSYSTEM/MAILBOX/nvp_cfg_target_line_reg[17]/D
  -------------------------------------------------------------------    -------------------

                         max delay                    6.000     6.000    
    SLICE_X37Y27         FDRE (Setup_fdre_C_D)       -0.073     5.927    CAPTURE_SUBSYSTEM/MAILBOX/nvp_cfg_target_line_reg[17]
  -------------------------------------------------------------------
                         required time                          5.927    
                         arrival time                          -0.601    
  -------------------------------------------------------------------
                         slack                                  5.326    




