"case_id","op_read","stretch_phase","stretch_bit","extra_cycles","edge_phase_ns","scl_input_delay_ns","sda_input_delay_ns","ack_mode","ack_lead_ns","early_release_ns","stratum","declared_class","checker","experiment_outcome","success","timeout","raw","starts","stops","bytes","bits","max_scl_wait","target_low","master_release","slave_release","bus_high","bus_fall","ack_assert","ack_release","sample","sample_bus_sda","sample_raw_sda","sample_filtered_sda","raw_scl_high","sync_scl_high","filtered_scl_high","raw_sda_low","sync_sda_low","filtered_sda_low","ack_high_violation","starts_pin","stops_pin","pin_rises","pin_bytes","ack_valid_from_low_ps","ack_setup_to_high_ps","log_sha256","pin_sha256"
"1","0","-1","-1","0","0","0","0","0","2000","0","clean","GENERIC_VALID_DIGITAL","PASS","CLEAN_VALID_PATH","1","0","0","1","1","3","24","5","0","0","0","0","0","0","0","0","-1","-1","-1","0","0","0","0","0","0","0","1","1","27","[(0, 96), (0, 255), (0, 5)]","","","EB2A80A7CF9E24E5A4D0FDA9E7E64DFEAD156CA5387FB4CE20B8EC3792DDBE87","85629F5F83D36AD99B71A5DE836B59D545F533F85C2E8EB2237E68655B112F43"
"2","1","-1","-1","0","0","0","0","0","2000","0","clean","GENERIC_VALID_DIGITAL","PASS","CLEAN_VALID_PATH","1","0","0","2","1","3","24","5","0","0","0","0","0","0","0","0","-1","-1","-1","0","0","0","0","0","0","0","2","1","36","[(0, 96), (0, 244), (1, 97)]","","","CF148C812665FF06CF39DCD7AF6B4F9B75E3C1F11C11E7CE0CC73AC03E52BE2F","88BE75BF221E95FB86E50CED6741E516041B4EB92F7B10F41791303220303F61"
"3","0","0","-1","0","0","0","0","1","2000","0","absent_ack_control","INTENTIONALLY_INVALID_NO_ACK","PASS","EXPECTED_ABSENT_ACK","0","0","1","1","1","1","9","5","381224000","401240000","401240000","401240000","421336000","0","0","421336000","1","1","1","401240000","401272000","401320000","180664000","180696000","180744000","0","1","1","9","[(0, 96)]","","","AF12F2DD555F8A10465D6742D76AFCDCDA123266F023A56C60A3C231CAC130E8","6750F430DD44D7E434CC08F9DC3B7E58DDD0EBA3890ABE2D463B34705E6F6FD9"
"4","1","1","-1","0","0","0","0","1","2000","0","absent_ack_control","INTENTIONALLY_INVALID_NO_ACK","PASS","EXPECTED_ABSENT_ACK","0","0","2","1","1","2","16","5","742232000","762248000","762248000","762248000","782344000","0","0","782344000","1","1","1","762248000","762280000","762328000","662008000","662040000","662088000","0","1","1","18","[(0, 96), (0, 244)]","","","E28590AE6CA325ED4BAA77F49A3FB0BBE36AACA63270DD7CBC10D644A74BB5CB","A4111C406CA135421DF3D9B4757E5971770DC973B9B7B2058DD341703E28A5FF"
"5","0","3","-1","0","0","0","0","1","2000","0","absent_ack_control","INTENTIONALLY_INVALID_NO_ACK","PASS","EXPECTED_ABSENT_ACK","0","0","4","1","1","3","24","5","1103240000","1123256000","1123256000","1123256000","1143352000","0","0","1143352000","1","1","1","1123256000","1123288000","1123336000","1023016000","1023048000","1023096000","0","1","1","27","[(0, 96), (0, 255), (0, 5)]","","","87FC42C1319B894072D0799358FC2344ACC0B1815DA2316579D9B29630282637","2A7F1A3D7CDD85140005CEC5BD73E6EEB0B89C4D604604AD5C640C4402343F9B"
"6","1","4","-1","0","0","0","0","1","2000","0","absent_ack_control","INTENTIONALLY_INVALID_NO_ACK","PASS","EXPECTED_ABSENT_ACK","0","0","3","2","1","3","24","5","1183384000","1203400000","1203400000","1203400000","1223496000","0","0","1223496000","1","1","1","1203400000","1203432000","1203480000","982824000","982856000","982904000","0","2","1","27","[(0, 96), (0, 244), (1, 97)]","","","6060F38758FB7C71D5125B9737308646227C52A5B68C7075B24525AF420DFB36","17DFB18F8F8FC91C1303D25E3BAAA7B685D22DE74801FC8892B6DD2E3CF42814"
"7","0","3","-1","0","8","0","0","0","2000","0","full_ack_duration","GENERIC_VALID_DIGITAL","PASS","CLEAN_VALID_PATH","1","0","0","1","1","3","24","5","1103240000","1123256000","1123264000","1123264000","1143352000","1103240000","0","1143352000","0","0","0","1123264000","1123288000","1123336000","1103240000","1103272000","1103320000","0","1","1","27","[(0, 96), (0, 255), (0, 5)]","0","20024000","6C81CF236A5C60AD485FA607290B446F7B975E62EEE726022162963186BC8D99","88F8B467976B55E6FF23E8E5D78E7C91796A8C5A0FD5B7F2EB90B9D00BC0ADAB"
"8","0","3","-1","1","8","0","0","0","2000","0","full_ack_duration","GENERIC_VALID_DIGITAL","PASS","CLEAN_VALID_PATH","1","0","0","1","1","3","24","6","1103240000","1123256000","1123280000","1123280000","1143368000","1103240000","0","1143368000","0","0","0","1123280000","1123304000","1123352000","1103240000","1103272000","1103320000","0","1","1","27","[(0, 96), (0, 255), (0, 5)]","0","20040000","A1C977D72A3E8DE780C2B705E0AC0247C08DACA0F88B6CFE6BA14A1C852ACD6B","4B5BE2500084522B429F825BA98F7CE53DD582A5FE1FD2BEAA75B757B9691BD1"
"9","0","3","-1","4","8","0","0","0","2000","0","full_ack_duration","GENERIC_VALID_DIGITAL","PASS","CLEAN_VALID_PATH","1","0","0","1","1","3","24","9","1103240000","1123256000","1123328000","1123328000","1143416000","1103240000","0","1143416000","0","0","0","1123328000","1123352000","1123400000","1103240000","1103272000","1103320000","0","1","1","27","[(0, 96), (0, 255), (0, 5)]","0","20088000","DC56002AA124BF59D9CAC51FCA15D8BF415DB0B08E3F094A9DD56966646C3F86","AB1274F8C1960E8E15C78C52AC8EA4E87BA63CFACC544DBE47F05DB69E7C96D0"
"10","0","3","-1","16","8","0","0","0","2000","0","full_ack_duration","GENERIC_VALID_DIGITAL","PASS","CLEAN_VALID_PATH","1","0","0","1","1","3","24","21","1103240000","1123256000","1123520000","1123520000","1143608000","1103240000","0","1143608000","0","0","0","1123520000","1123544000","1123592000","1103240000","1103272000","1103320000","0","1","1","27","[(0, 96), (0, 255), (0, 5)]","0","20280000","EB83C64A286A3E69B3825A9A991B35423CDB97CA3002B36DE4E912D34610A982","D1D805556D69939CF43E235C44FD6BDFC22FD23CBEF0F6929A9EF0922DEFB7A0"
"11","0","3","-1","64","8","0","0","0","2000","0","full_ack_duration","GENERIC_VALID_DIGITAL","PASS","CLEAN_VALID_PATH","1","0","0","1","1","3","24","69","1103240000","1123256000","1124288000","1124288000","1144376000","1103240000","0","1144376000","0","0","0","1124288000","1124312000","1124360000","1103240000","1103272000","1103320000","0","1","1","27","[(0, 96), (0, 255), (0, 5)]","0","21048000","6203A75CF5537A7BC2EA156EB0782787E17847B6FA4FABAECEDEA46608ADD1CA","759B3F277D8FF87F378D3DD70F86011EB9B412F1C1874027F0C6182791BD5B5A"
"12","0","3","-1","256","8","0","0","0","2000","0","full_ack_duration","GENERIC_VALID_DIGITAL","PASS","CLEAN_VALID_PATH","1","0","0","1","1","3","24","261","1103240000","1123256000","1127360000","1127360000","1147448000","1103240000","0","1147448000","0","0","0","1127360000","1127384000","1127432000","1103240000","1103272000","1103320000","0","1","1","27","[(0, 96), (0, 255), (0, 5)]","0","24120000","597E363DFC5FDAB43952AB0472513223115F1C57C135264D09474D9619592DC6","73B3AED50A08C287E2A36F72C889352F171FA038B126A8765CDDCB47FE943E5F"
"13","0","3","-1","625","8","0","0","0","2000","0","full_ack_duration","GENERIC_VALID_DIGITAL","PASS","CLEAN_VALID_PATH","1","0","0","1","1","3","24","630","1103240000","1123256000","1133264000","1133264000","1153352000","1103240000","0","1153352000","0","0","0","1133264000","1133288000","1133336000","1103240000","1103272000","1103320000","0","1","1","27","[(0, 96), (0, 255), (0, 5)]","0","30024000","B5CFBF2D9ADCB427DA24012287FD51A0C45F7625614E43D63868F2692C5F209B","C40D82CEEF7D90DB888FA189441C86DF51295811FB2A38CF4F7654235FE6F25C"
"14","0","3","-1","1000","8","0","0","0","2000","0","full_ack_duration","GENERIC_VALID_DIGITAL","PASS","CLEAN_VALID_PATH","1","0","0","1","1","3","24","1005","1103240000","1123256000","1139264000","1139264000","1159352000","1103240000","0","1159352000","0","0","0","1139264000","1139288000","1139336000","1103240000","1103272000","1103320000","0","1","1","27","[(0, 96), (0, 255), (0, 5)]","0","36024000","E685C6F21D26C4B9A1E5402B9470C359FDE5C77DF915000E425AF81896E5E876","DCC4532B64721DF77289C411815043E74C6EC8DE746047AB4062E2E2C7B2BDFB"
"15","0","3","-1","1200","8","0","0","0","2000","0","full_ack_duration","STRETCH_TIMEOUT_SENSITIVITY","PASS","CLEAN_SENSITIVITY","1","0","0","1","1","3","24","1205","1103240000","1123256000","1142464000","1142464000","1162552000","1103240000","0","1162552000","0","0","0","1142464000","1142488000","1142536000","1103240000","1103272000","1103320000","0","1","1","27","[(0, 96), (0, 255), (0, 5)]","0","39224000","F59701E62CDB14F7C01F80FD07D81E93A8D986068405A093AD96A30E6E4C52BA","DF21AE97BC11D02CA1254A3722D552BB36C246614C51E81060795EC6CD00F4D4"
"16","0","3","-1","1240","8","0","0","0","2000","0","full_ack_duration","STRETCH_TIMEOUT_SENSITIVITY","PASS","CLEAN_SENSITIVITY","1","0","0","1","1","3","24","1245","1103240000","1123256000","1143104000","1143104000","1163192000","1103240000","0","1163192000","0","0","0","1143104000","1143128000","1143176000","1103240000","1103272000","1103320000","0","1","1","27","[(0, 96), (0, 255), (0, 5)]","0","39864000","99D2E432421F171BC7372BDEA991D9C63AD74CED21A6D0893C4C20B9CA4C6CD1","A2154F10C63671E3F7D9AFE679A580501E510996591BBE2B88891F35637122D0"
"17","0","3","-1","1248","8","0","0","0","2000","0","full_ack_duration","STRETCH_TIMEOUT_SENSITIVITY","PASS","LOCAL_SCL_TIMEOUT","0","1","5","1","0","3","24","1250","1103240000","1123256000","1143232000","1143232000","0","1103240000","0","0","-1","-1","-1","0","0","0","0","0","0","0","1","0","26","[(0, 96), (0, 255), (0, 5)]","0","39992000","59E7C82E4845F3B5D5824F3B0C1BA95EA675327AE8E7AEEA5D35C11278AF907C","2B5401373F20B2B1509BBFFCD687C46D772A53632848319AEAF63953CBED2493"
"18","0","3","-1","1249","8","0","0","0","2000","0","full_ack_duration","STRETCH_TIMEOUT_SENSITIVITY","PASS","LOCAL_SCL_TIMEOUT","0","1","5","1","0","3","24","1250","1103240000","1123256000","1143248000","1143248000","0","1103240000","0","0","-1","-1","-1","0","0","0","0","0","0","0","1","0","26","[(0, 96), (0, 255), (0, 5)]","0","40008000","E63C802330C9DF75FFBED6359D3285C390BBF29160A4E45152618779A81C801B","951A4349333AEE31E1AB39D996043F3177AC8F983DB92159818F1B5258A0F24B"
"19","0","3","-1","1250","8","0","0","0","2000","0","full_ack_duration","STRETCH_TIMEOUT_SENSITIVITY","PASS","LOCAL_SCL_TIMEOUT","0","1","5","1","0","3","24","1250","1103240000","1123256000","1143264000","1143264000","0","1103240000","0","0","-1","-1","-1","0","0","0","0","0","0","0","1","0","26","[(0, 96), (0, 255), (0, 5)]","0","40024000","CDC37CE4046ECF3501E5B801BD88D0510AFADBD569DA9F7F787EE99194297CD1","7CCE094771E214F183E305BE49BAFD0AB6FBB330F39A7A9CD1EE6CF9221B18CB"
"20","0","3","-1","1251","8","0","0","0","2000","0","full_ack_duration","STRETCH_TIMEOUT_SENSITIVITY","PASS","LOCAL_SCL_TIMEOUT","0","1","5","1","0","3","24","1250","1103240000","1123256000","1143280000","1143280000","0","1103240000","0","0","-1","-1","-1","0","0","0","0","0","0","0","1","0","26","[(0, 96), (0, 255), (0, 5)]","0","40040000","8C47F609E1E68E2DE9E0EBBFD99710F614D6BDF4145D379C5DC2BB3DB374BDE0","7CDDA412E94CF0662000446E4E3AA47B94DF036B90EB534430B4A49AA220180B"
"21","0","3","-1","1252","8","0","0","0","2000","0","full_ack_duration","STRETCH_TIMEOUT_SENSITIVITY","PASS","LOCAL_SCL_TIMEOUT","0","1","5","1","0","3","24","1250","1103240000","1123256000","1143296000","1143296000","0","1103240000","0","0","-1","-1","-1","0","0","0","0","0","0","0","1","0","26","[(0, 96), (0, 255), (0, 5)]","0","40056000","FC794ECAE7DAB10ED2ACDAB8E04918AF031482CB5A0389806280FFCDDEF3205B","0CE672C8ED9DFB3361F30405F620000661D1FCA9734EF84FBBEAAE90B887BA59"
"22","0","3","-1","1260","8","0","0","0","2000","0","full_ack_duration","STRETCH_TIMEOUT_SENSITIVITY","PASS","LOCAL_SCL_TIMEOUT","0","1","5","1","0","3","24","1250","1103240000","1123256000","0","0","0","1103240000","0","0","-1","-1","-1","0","0","0","0","0","0","0","1","0","26","[(0, 96), (0, 255), (0, 5)]","","","63BD11929685A81A4D7A5475A58F93CB275CB488D72004A14950742A525AB560","9FEE50238CE4A842AEFB62905CA2A688B75BBD386C5021824AB5180AB3185CD1"
"23","0","3","-1","1300","8","0","0","0","2000","0","full_ack_duration","STRETCH_TIMEOUT_SENSITIVITY","PASS","LOCAL_SCL_TIMEOUT","0","1","5","1","0","3","24","1250","1103240000","1123256000","0","0","0","1103240000","0","0","-1","-1","-1","0","0","0","0","0","0","0","1","0","26","[(0, 96), (0, 255), (0, 5)]","","","EA06FA4194DA7D70D2F1BD0CD5E17014965E3F393EF58AFFDC9E0AC9CB656417","9FEE50238CE4A842AEFB62905CA2A688B75BBD386C5021824AB5180AB3185CD1"
"24","0","3","-1","2500","8","0","0","0","2000","0","full_ack_duration","STRETCH_TIMEOUT_SENSITIVITY","PASS","LOCAL_SCL_TIMEOUT","0","1","5","1","0","3","24","1250","1103240000","1123256000","0","0","0","1103240000","0","0","-1","-1","-1","0","0","0","0","0","0","0","1","0","26","[(0, 96), (0, 255), (0, 5)]","","","B3879686F4494D87B47D1457ACBE207FF5BED6EC7481103F738A48634A6853DF","9FEE50238CE4A842AEFB62905CA2A688B75BBD386C5021824AB5180AB3185CD1"
"25","1","1","-1","0","8","0","0","0","2000","0","full_ack_duration","GENERIC_VALID_DIGITAL","PASS","CLEAN_VALID_PATH","1","0","0","2","1","3","24","5","742232000","762248000","762256000","762256000","782344000","742232000","0","782344000","0","0","0","762256000","762280000","762328000","662008000","662040000","662088000","0","2","1","36","[(0, 96), (0, 244), (1, 97)]","0","20024000","46E4D652615B4A0A92ABDCABEDF2598A256E36377822F80CFF0539BD47BFAC75","5E746DF2703B46061433F9BBA7A9FEA0E62082E6FEF2CF61998BB799367F8DAB"
"26","1","1","-1","1","8","0","0","0","2000","0","full_ack_duration","GENERIC_VALID_DIGITAL","PASS","CLEAN_VALID_PATH","1","0","0","2","1","3","24","6","742232000","762248000","762272000","762272000","782360000","742232000","0","782360000","0","0","0","762272000","762296000","762344000","662008000","662040000","662088000","0","2","1","36","[(0, 96), (0, 244), (1, 97)]","0","20040000","B17259B279DB3E116CDE05B87EE1234A3D295ECA7AFCE94AE09629F71469981F","A38CB38E9D25189063392C637D559446728D2E47F654229599BA97D225D9DFBD"
"27","1","1","-1","4","8","0","0","0","2000","0","full_ack_duration","GENERIC_VALID_DIGITAL","PASS","CLEAN_VALID_PATH","1","0","0","2","1","3","24","9","742232000","762248000","762320000","762320000","782408000","742232000","0","782408000","0","0","0","762320000","762344000","762392000","662008000","662040000","662088000","0","2","1","36","[(0, 96), (0, 244), (1, 97)]","0","20088000","6E598A438F77779DA85B9A2C138FD05FB2172B8880B7E87FE1E845D145511312","B3535ED3E6581E5D6A871C9E547E75A9B2DFEB1F6407EBD6BA4BDBFC97AA5AC9"
"28","1","1","-1","16","8","0","0","0","2000","0","full_ack_duration","GENERIC_VALID_DIGITAL","PASS","CLEAN_VALID_PATH","1","0","0","2","1","3","24","21","742232000","762248000","762512000","762512000","782600000","742232000","0","782600000","0","0","0","762512000","762536000","762584000","662008000","662040000","662088000","0","2","1","36","[(0, 96), (0, 244), (1, 97)]","0","20280000","1871D06DCCC69354027F6610647498F897FE1012EA92ED405C4BCE1C0D51F7AC","F256F2291777E604BC57941CC45EF4937D878C98C3AAECC6E64341A8DF2FB1AA"
"29","1","1","-1","64","8","0","0","0","2000","0","full_ack_duration","GENERIC_VALID_DIGITAL","PASS","CLEAN_VALID_PATH","1","0","0","2","1","3","24","69","742232000","762248000","763280000","763280000","783368000","742232000","0","783368000","0","0","0","763280000","763304000","763352000","662008000","662040000","662088000","0","2","1","36","[(0, 96), (0, 244), (1, 97)]","0","21048000","6E29B4E8267C52F1478FED69E981599F7B610D424E06B28AB0D5DFEA15FE4BFD","2B302A1CD48E0BF485BF57EB0A1BEA94096C6CA17129B7A91A36770912EBD79A"
"30","1","1","-1","256","8","0","0","0","2000","0","full_ack_duration","GENERIC_VALID_DIGITAL","PASS","CLEAN_VALID_PATH","1","0","0","2","1","3","24","261","742232000","762248000","766352000","766352000","786440000","742232000","0","786440000","0","0","0","766352000","766376000","766424000","662008000","662040000","662088000","0","2","1","36","[(0, 96), (0, 244), (1, 97)]","0","24120000","8923A13BD699F5753C207F1A8C982DB742005F31A0C0F39D25A5E2AE7624B688","FA28BB8A45BBC99D097CC5CB6587C15FCF2EF2311E8754A077ADE2174EDC9A8D"
"31","1","1","-1","625","8","0","0","0","2000","0","full_ack_duration","GENERIC_VALID_DIGITAL","PASS","CLEAN_VALID_PATH","1","0","0","2","1","3","24","630","742232000","762248000","772256000","772256000","792344000","742232000","0","792344000","0","0","0","772256000","772280000","772328000","662008000","662040000","662088000","0","2","1","36","[(0, 96), (0, 244), (1, 97)]","0","30024000","55309B7E2D9FC61BA95AA2075509DE2573E306C2EB998DDBAD664CC8F06DCDEF","D7013FAA6498ABF9CD7EFB72FC6356647C3E4080EC9C86AAFEB4EE41FA6F0326"
"32","1","1","-1","1000","8","0","0","0","2000","0","full_ack_duration","GENERIC_VALID_DIGITAL","PASS","CLEAN_VALID_PATH","1","0","0","2","1","3","24","1005","742232000","762248000","778256000","778256000","798344000","742232000","0","798344000","0","0","0","778256000","778280000","778328000","662008000","662040000","662088000","0","2","1","36","[(0, 96), (0, 244), (1, 97)]","0","36024000","4F78A03DD976F332BB6CEB05ADA181096B373D48DFB6F31AD6B8271FE0741FD1","0FB6C30F46B1D11C1D506070680953BBD74DF6EC223E6F1F29B69CFE9A548AD0"
"33","1","1","-1","1200","8","0","0","0","2000","0","full_ack_duration","STRETCH_TIMEOUT_SENSITIVITY","PASS","CLEAN_SENSITIVITY","1","0","0","2","1","3","24","1205","742232000","762248000","781456000","781456000","801544000","742232000","0","801544000","0","0","0","781456000","781480000","781528000","662008000","662040000","662088000","0","2","1","36","[(0, 96), (0, 244), (1, 97)]","0","39224000","4844F72A78C8D9D8DBC25F7D46BB5654ED03BDC9F510E06372143B54E7A45A6E","BCD89CA1644BB74393FB22E5D4350DC2730B3FA02449896D85258E4A4C3B78B1"
"34","1","1","-1","1240","8","0","0","0","2000","0","full_ack_duration","STRETCH_TIMEOUT_SENSITIVITY","PASS","CLEAN_SENSITIVITY","1","0","0","2","1","3","24","1245","742232000","762248000","782096000","782096000","802184000","742232000","0","802184000","0","0","0","782096000","782120000","782168000","662008000","662040000","662088000","0","2","1","36","[(0, 96), (0, 244), (1, 97)]","0","39864000","EF4992EBFAD559BD376DFE3DF6118AA78D174644D513ABCB97C782F42F08AAD2","10F40E5F53A8641263A8ECBEFE642B0EADBAC99AE1426458CBAF734A3FC6EDC7"
"35","1","1","-1","1248","8","0","0","0","2000","0","full_ack_duration","STRETCH_TIMEOUT_SENSITIVITY","PASS","LOCAL_SCL_TIMEOUT","0","1","5","1","0","2","16","1250","742232000","762248000","782224000","782224000","0","742232000","0","0","-1","-1","-1","0","0","0","0","0","0","0","1","0","17","[(0, 96), (0, 244)]","0","39992000","6D8E8201581D624AA701C7A566AAB9F949C39213A532608EE2A1A605B6138F6B","6C3FFE569F3EE7441DBD292AAEFD46BF7276D75F5FA5679128C6BC417C96692C"
"36","1","1","-1","1249","8","0","0","0","2000","0","full_ack_duration","STRETCH_TIMEOUT_SENSITIVITY","PASS","LOCAL_SCL_TIMEOUT","0","1","5","1","0","2","16","1250","742232000","762248000","782240000","782240000","0","742232000","0","0","-1","-1","-1","0","0","0","0","0","0","0","1","0","17","[(0, 96), (0, 244)]","0","40008000","0E09ADC746EF64BDF4F3A8965BB7A36A0AC52EC059BA855C905B5DF25ACB3A6E","05498F9F84CDBF829DA930C9654209C53C68F9BC3CD1DC16E92DCABE48D8739B"
"37","1","1","-1","1250","8","0","0","0","2000","0","full_ack_duration","STRETCH_TIMEOUT_SENSITIVITY","PASS","LOCAL_SCL_TIMEOUT","0","1","5","1","0","2","16","1250","742232000","762248000","782256000","782256000","0","742232000","0","0","-1","-1","-1","0","0","0","0","0","0","0","1","0","17","[(0, 96), (0, 244)]","0","40024000","92723F3DE4D4B4CB0D8F41A3314F8FC3022B21E5519F71948E43E2A4AD2E4EC5","B51AF101EE8E45ED918492777DDDCEAA595A18A4D90A258A2D333DAE11E66575"
"38","1","1","-1","1251","8","0","0","0","2000","0","full_ack_duration","STRETCH_TIMEOUT_SENSITIVITY","PASS","LOCAL_SCL_TIMEOUT","0","1","5","1","0","2","16","1250","742232000","762248000","782272000","782272000","0","742232000","0","0","-1","-1","-1","0","0","0","0","0","0","0","1","0","17","[(0, 96), (0, 244)]","0","40040000","37A776C1481B6225A8D75D11F2300FFCD2F2959CB1FEA13B0EBB2C8510A496AC","AE96B2194239C44B6D076C85B75132DE719377AB1D96850F7F514E56C2C993C3"
"39","1","1","-1","1252","8","0","0","0","2000","0","full_ack_duration","STRETCH_TIMEOUT_SENSITIVITY","PASS","LOCAL_SCL_TIMEOUT","0","1","5","1","0","2","16","1250","742232000","762248000","782288000","782288000","0","742232000","0","0","-1","-1","-1","0","0","0","0","0","0","0","1","0","17","[(0, 96), (0, 244)]","0","40056000","51186E17D76B5E997764073568880359F48E2D58EF25A461B0ADD0E4EDD78B14","4A6AA50DCBD14E0DD45EAC3B7CC569E6CB16135F93993E83D5250690895A136D"
"40","1","1","-1","1260","8","0","0","0","2000","0","full_ack_duration","STRETCH_TIMEOUT_SENSITIVITY","PASS","LOCAL_SCL_TIMEOUT","0","1","5","1","0","2","16","1250","742232000","762248000","0","0","0","742232000","0","0","-1","-1","-1","0","0","0","0","0","0","0","1","0","17","[(0, 96), (0, 244)]","","","307A7939F7BAA3CF36C9C2FF8582EF1E56BA32E6D1908BA3F472DED389C684E6","948993A8ED1A063895D57AB24B9C22E64578C6D293B7E3AD377E8A90E2754B99"
"41","1","1","-1","1300","8","0","0","0","2000","0","full_ack_duration","STRETCH_TIMEOUT_SENSITIVITY","PASS","LOCAL_SCL_TIMEOUT","0","1","5","1","0","2","16","1250","742232000","762248000","0","0","0","742232000","0","0","-1","-1","-1","0","0","0","0","0","0","0","1","0","17","[(0, 96), (0, 244)]","","","240146ABCDE5A7F59799C5D91E2DE88CA14B305240806F9FD414AFB1ADC616A7","948993A8ED1A063895D57AB24B9C22E64578C6D293B7E3AD377E8A90E2754B99"
"42","1","1","-1","2500","8","0","0","0","2000","0","full_ack_duration","STRETCH_TIMEOUT_SENSITIVITY","PASS","LOCAL_SCL_TIMEOUT","0","1","5","1","0","2","16","1250","742232000","762248000","0","0","0","742232000","0","0","-1","-1","-1","0","0","0","0","0","0","0","1","0","17","[(0, 96), (0, 244)]","","","DEF68E997FA36E06F2F0045E2C286672C65C019A171915AEBDFDFD79C4AABF4F","948993A8ED1A063895D57AB24B9C22E64578C6D293B7E3AD377E8A90E2754B99"
"43","0","2","0","0","4","0","0","0","2000","0","all_data_bits","GENERIC_VALID_DIGITAL","PASS","CLEAN_VALID_PATH","1","0","0","1","1","3","24","5","782344000","802360000","802364000","802364000","822456000","0","0","822456000","0","0","0","802364000","802392000","802440000","742232000","742264000","742312000","0","1","1","27","[(0, 96), (0, 255), (0, 5)]","","","E6D33CD07EFB9A13EEC81A79CC01B0665BA960812DF620296E474E219656B56D","58A5AB76B90833C413B36314E630CADB10E156F9FCA0256DC8B712AFD05DCEF3"
"44","0","2","0","64","4","0","0","0","2000","0","all_data_bits","GENERIC_VALID_DIGITAL","PASS","CLEAN_VALID_PATH","1","0","0","1","1","3","24","69","782344000","802360000","803388000","803388000","823480000","0","0","823480000","0","0","0","803388000","803416000","803464000","742232000","742264000","742312000","0","1","1","27","[(0, 96), (0, 255), (0, 5)]","","","FE727848B7EB058D7062BF73CF40EA8C00CBBF2D40165FFC6369A8C83D40F3F6","22D6B70621817A2FF1DE0D1303864A5213450CC76B1CD371229D602319CDDAAE"
"45","0","2","0","1248","4","0","0","0","2000","0","all_data_bits","STRETCH_TIMEOUT_SENSITIVITY","PASS","LOCAL_SCL_TIMEOUT","0","1","5","1","1","2","17","1250","782344000","802360000","822332000","822332000","0","0","0","0","-1","-1","-1","0","0","0","0","0","0","0","1","1","18","[(0, 96), (0, 255)]","","","681228C9170D650DC628330A1A32D235E376768DDD8FF4A8874BD12690674D5A","B86F07ED4AB11C6447C9E5A7155332634A0E9E37E68C86468D5C6FB868D43743"
"46","0","2","0","1260","4","0","0","0","2000","0","all_data_bits","STRETCH_TIMEOUT_SENSITIVITY","PASS","LOCAL_SCL_TIMEOUT","0","1","5","1","0","2","16","1250","782344000","802360000","0","0","0","0","0","0","-1","-1","-1","0","0","0","0","0","0","0","1","0","18","[(0, 96), (0, 255)]","","","147CDE09189768C07A8366F5E7F516D2B4DFB7DFD27F4F7ECA565D21C304D254","82C18435578192BDDB6668F5C88A589C95751597DAD561E67A7D5949E332B81E"
"47","0","2","1","0","4","0","0","0","2000","0","all_data_bits","GENERIC_VALID_DIGITAL","PASS","CLEAN_VALID_PATH","1","0","0","1","1","3","24","5","822456000","842472000","842476000","842476000","862568000","0","0","862568000","0","0","0","842476000","842504000","842552000","742232000","742264000","742312000","0","1","1","27","[(0, 96), (0, 255), (0, 5)]","","","DDAC2B46C17441142ED1ECB36A0223932B12BDD07C6FD4D81B2F80B5AFCA5ABB","124B78BD156A2B7BAAF8D7E6B0A0BD4F43791BDBE08075F7EFF8FF175BEC28A0"
"48","0","2","1","64","4","0","0","0","2000","0","all_data_bits","GENERIC_VALID_DIGITAL","PASS","CLEAN_VALID_PATH","1","0","0","1","1","3","24","69","822456000","842472000","843500000","843500000","863592000","0","0","863592000","0","0","0","843500000","843528000","843576000","742232000","742264000","742312000","0","1","1","27","[(0, 96), (0, 255), (0, 5)]","","","50F4FF7C560C3E3FE9BEC090FF49271283B5A4F3F6B2E6B107B3EB34392EF39E","895714CF6C5D4CEABB2998EA833E03DEE82A8071D6D0536606EE743C4890DDC7"
"49","0","2","1","1248","4","0","0","0","2000","0","all_data_bits","STRETCH_TIMEOUT_SENSITIVITY","PASS","LOCAL_SCL_TIMEOUT","0","1","5","1","1","2","18","1250","822456000","842472000","862444000","862444000","0","0","0","0","-1","-1","-1","0","0","0","0","0","0","0","1","1","19","[(0, 96), (0, 255)]","","","5070783C6CA6951E75B1993AA39BD01EE816B1332D71B98DF930D180E24794B3","CF91EB562FDA0510F251FE3869E480BE9B71576CCC8EDC290ADF0F7EADE5525E"
"50","0","2","1","1260","4","0","0","0","2000","0","all_data_bits","STRETCH_TIMEOUT_SENSITIVITY","PASS","LOCAL_SCL_TIMEOUT","0","1","5","1","0","2","17","1250","822456000","842472000","0","0","0","0","0","0","-1","-1","-1","0","0","0","0","0","0","0","1","0","19","[(0, 96), (0, 255)]","","","A5F13FC45A57F8CFECC5D894F2A5423E23CF397AB75D4D0968F995390C81814D","86D8919AE59A50CD20E0752574EBDF119DEAEB8E12B73DC2D785E37058253EA7"
"51","0","2","2","0","4","0","0","0","2000","0","all_data_bits","GENERIC_VALID_DIGITAL","PASS","CLEAN_VALID_PATH","1","0","0","1","1","3","24","5","862568000","882584000","882588000","882588000","902680000","0","0","902680000","0","0","0","882588000","882616000","882664000","742232000","742264000","742312000","0","1","1","27","[(0, 96), (0, 255), (0, 5)]","","","039A5E203904FFABCBC34547426A879EEC2A710B20266ABFDA57CA6FBFA3305A","23672D9E5C19D1E48866CE40C2B8E31971F6D209E5C9A39AA71EDE9744FC858B"
"52","0","2","2","64","4","0","0","0","2000","0","all_data_bits","GENERIC_VALID_DIGITAL","PASS","CLEAN_VALID_PATH","1","0","0","1","1","3","24","69","862568000","882584000","883612000","883612000","903704000","0","0","903704000","0","0","0","883612000","883640000","883688000","742232000","742264000","742312000","0","1","1","27","[(0, 96), (0, 255), (0, 5)]","","","186134C1ADB25C980CA101D7B7E7053AE58B3C278919C45EFE1DED5A24F8C242","0C8965D9E3DF49D569F516123D6378A1EEBEC80B007543C2418436CE40F161DF"
"53","0","2","2","1248","4","0","0","0","2000","0","all_data_bits","STRETCH_TIMEOUT_SENSITIVITY","PASS","LOCAL_SCL_TIMEOUT","0","1","5","1","1","2","19","1250","862568000","882584000","902556000","902556000","0","0","0","0","-1","-1","-1","0","0","0","0","0","0","0","1","1","20","[(0, 96), (0, 255)]","","","4394B52299FE2AEECD6C3D71140147AC27284D88F7577E2F671EB94679B82CA7","058514B6E7A48EBD1299CB3EB1239788C18B7EDCDED473CEE9B1D2079E908429"
"54","0","2","2","1260","4","0","0","0","2000","0","all_data_bits","STRETCH_TIMEOUT_SENSITIVITY","PASS","LOCAL_SCL_TIMEOUT","0","1","5","1","0","2","18","1250","862568000","882584000","0","0","0","0","0","0","-1","-1","-1","0","0","0","0","0","0","0","1","0","20","[(0, 96), (0, 255)]","","","AF4FA77806EA8F036D9C8DA672DC70621CF5FC05E66E1FA3D6C1D7B1EFDCD1A4","9818CD60EA830C5CCB1927C33DB09108878BE644B6519070CCB442554D2D6379"
"55","0","2","3","0","4","0","0","0","2000","0","all_data_bits","GENERIC_VALID_DIGITAL","PASS","CLEAN_VALID_PATH","1","0","0","1","1","3","24","5","902680000","922696000","922700000","922700000","942792000","0","0","942792000","0","0","0","922700000","922728000","922776000","742232000","742264000","742312000","0","1","1","27","[(0, 96), (0, 255), (0, 5)]","","","4D9C6D4CAFADAD8B1A2A4D11F475EC6141363390DF6FD75D5B6A4FAE21FE2080","0A48888F096A01C33ACB23E50D5CDDFB7D91CC807B07DE1188FAE9E073BFE8C1"
"56","0","2","3","64","4","0","0","0","2000","0","all_data_bits","GENERIC_VALID_DIGITAL","PASS","CLEAN_VALID_PATH","1","0","0","1","1","3","24","69","902680000","922696000","923724000","923724000","943816000","0","0","943816000","0","0","0","923724000","923752000","923800000","742232000","742264000","742312000","0","1","1","27","[(0, 96), (0, 255), (0, 5)]","","","2689B5E75C149FE53E8836573FAF02208D7A95FF1236EDBAD0A78496E5601B60","0E63FE2C605327838640EE3DB17254ED60D37135B050EF0E583A3CD330EFD15E"
"57","0","2","3","1248","4","0","0","0","2000","0","all_data_bits","STRETCH_TIMEOUT_SENSITIVITY","PASS","LOCAL_SCL_TIMEOUT","0","1","5","1","1","2","20","1250","902680000","922696000","942668000","942668000","0","0","0","0","-1","-1","-1","0","0","0","0","0","0","0","1","1","21","[(0, 96), (0, 255)]","","","1452921D8B75CBEB9A411EDDD8CF7D3D93BA8AAC8BE6B658A290F4C7DC113C84","3E62536F8BD382C14825F3AFECE5D7737705E76E6A1FB1DB06A14B5A6927DF0C"
"58","0","2","3","1260","4","0","0","0","2000","0","all_data_bits","STRETCH_TIMEOUT_SENSITIVITY","PASS","LOCAL_SCL_TIMEOUT","0","1","5","1","0","2","19","1250","902680000","922696000","0","0","0","0","0","0","-1","-1","-1","0","0","0","0","0","0","0","1","0","21","[(0, 96), (0, 255)]","","","BAAFBF383EE33E6257A05D6D2CE621BDC70DF9164AE73A1E3F20F649AE28D607","52C2B20704EF036DFB16CE8ECEFD38344E6CFF9218ECACA1BE1F0D34AA52806F"
"59","0","2","4","0","4","0","0","0","2000","0","all_data_bits","GENERIC_VALID_DIGITAL","PASS","CLEAN_VALID_PATH","1","0","0","1","1","3","24","5","942792000","962808000","962812000","962812000","982904000","0","0","982904000","0","0","0","962812000","962840000","962888000","742232000","742264000","742312000","0","1","1","27","[(0, 96), (0, 255), (0, 5)]","","","0C1C8DE869DC66E0B7102E2464D2EF4037DBD7FC9BEAE3F0A108A012BEA81433","F3B0500B1931600C0C42EF7D3E5E9073EB0F917073671611608898D9F9B08085"
"60","0","2","4","64","4","0","0","0","2000","0","all_data_bits","GENERIC_VALID_DIGITAL","PASS","CLEAN_VALID_PATH","1","0","0","1","1","3","24","69","942792000","962808000","963836000","963836000","983928000","0","0","983928000","0","0","0","963836000","963864000","963912000","742232000","742264000","742312000","0","1","1","27","[(0, 96), (0, 255), (0, 5)]","","","CBA9B5C675EBAF1D7DAFD5F58C1D37F038B96EBEC3B0A05FFB874569BBF44EDC","9A075853D2FF41CA2EBC3546D88C43125CB904D7B2DC013F5E3E6E8E3C785948"
"61","0","2","4","1248","4","0","0","0","2000","0","all_data_bits","STRETCH_TIMEOUT_SENSITIVITY","PASS","LOCAL_SCL_TIMEOUT","0","1","5","1","1","2","21","1250","942792000","962808000","982780000","982780000","0","0","0","0","-1","-1","-1","0","0","0","0","0","0","0","1","1","22","[(0, 96), (0, 255)]","","","26EB8DE2CE98AAA8083584FED356B1111E8FCB7B1A3B28638FBBCD1319D4EFB3","8A9D5ED4DB4B8582AD29F0CFE08F9599E5867C2F623842FA08CBBA98ECC7DB5C"
"62","0","2","4","1260","4","0","0","0","2000","0","all_data_bits","STRETCH_TIMEOUT_SENSITIVITY","PASS","LOCAL_SCL_TIMEOUT","0","1","5","1","0","2","20","1250","942792000","962808000","0","0","0","0","0","0","-1","-1","-1","0","0","0","0","0","0","0","1","0","22","[(0, 96), (0, 255)]","","","B028F5210D13CD6EF136CFB625CDBA798CCE953C5CC7D8883E7779EF10446B30","ACA43F418AC43E4D9D2BE1D8696CBB906056242021AEC0D33C479E343CF2653F"
"63","0","2","5","0","4","0","0","0","2000","0","all_data_bits","GENERIC_VALID_DIGITAL","PASS","CLEAN_VALID_PATH","1","0","0","1","1","3","24","5","982904000","1002920000","1002924000","1002924000","1023016000","0","0","1023016000","1","1","1","1002924000","1002952000","1003000000","742232000","742264000","742312000","0","1","1","27","[(0, 96), (0, 255), (0, 5)]","","","9A272D2BC720507F4B47C09D24732FD6ADDD44E3F5FEF188297CAB7F93408594","AA97AD6DB0813F1F3E8CB2D87E433DFC400F76F1C9EB9486F48EF5DF6BA0D474"
"64","0","2","5","64","4","0","0","0","2000","0","all_data_bits","GENERIC_VALID_DIGITAL","PASS","CLEAN_VALID_PATH","1","0","0","1","1","3","24","69","982904000","1002920000","1003948000","1003948000","1024040000","0","0","1024040000","1","1","1","1003948000","1003976000","1004024000","742232000","742264000","742312000","0","1","1","27","[(0, 96), (0, 255), (0, 5)]","","","8941E72D619F307F7066E5811ED15E3E41A5F4A796DA863D9635DFA5C03196D4","F965750CAE7BBDB86030875D286A681645F24E9250D5202AABA97E52CC0D10AE"
"65","0","2","5","1248","4","0","0","0","2000","0","all_data_bits","STRETCH_TIMEOUT_SENSITIVITY","PASS","LOCAL_SCL_TIMEOUT","0","1","5","1","0","2","22","1250","982904000","1002920000","1022892000","1022892000","0","0","0","0","-1","-1","-1","0","0","0","0","0","0","0","1","0","23","[(0, 96), (0, 255)]","","","0C048C3033CDE60ECA6421B02F9DA4AD43876210F88664016473AB546C07210F","21FEBCFDADE8B812D2ADBF442B2BA59B1B7B513BAD931EB87A39C9DCA20ECA3A"
"66","0","2","5","1260","4","0","0","0","2000","0","all_data_bits","STRETCH_TIMEOUT_SENSITIVITY","PASS","LOCAL_SCL_TIMEOUT","0","1","5","1","0","2","21","1250","982904000","1002920000","0","0","0","0","0","0","-1","-1","-1","0","0","0","0","0","0","0","1","0","23","[(0, 96), (0, 255)]","","","C98C94C2598D3AD5386CDD017C41CFF65499B29C06F7FFED1A8B63091DAABBCD","186C519F1B7E5A4213B4888D62227715C6419344D0DE678A000637EDB2B39F27"
"67","0","2","6","0","4","0","0","0","2000","0","all_data_bits","GENERIC_VALID_DIGITAL","PASS","CLEAN_VALID_PATH","1","0","0","1","1","3","24","5","1023016000","1043032000","1043036000","1043036000","1063128000","0","0","1063128000","0","0","0","1043036000","1043064000","1043112000","1023016000","1023048000","1023096000","0","1","1","27","[(0, 96), (0, 255), (0, 5)]","","","3D4E2E7EF8DA7F58DDF57B2AD2B04ED01F15B384906DED3FCF699B9B011EFA26","3A029A39CE47370EDD14721F8DFC4BAD7559FF135AA3D5EEDF1629775717DE86"
"68","0","2","6","64","4","0","0","0","2000","0","all_data_bits","GENERIC_VALID_DIGITAL","PASS","CLEAN_VALID_PATH","1","0","0","1","1","3","24","69","1023016000","1043032000","1044060000","1044060000","1064152000","0","0","1064152000","0","0","0","1044060000","1044088000","1044136000","1023016000","1023048000","1023096000","0","1","1","27","[(0, 96), (0, 255), (0, 5)]","","","4F9BEC48EA01214ECA50F74D6FC7C86FBA85F77EE342013D83DE0723E54FC038","4BF4F57018F0D7F2F3BF7D1C5C48C4DDFEEFDD24D7B05A74FEB700176887F611"
"69","0","2","6","1248","4","0","0","0","2000","0","all_data_bits","STRETCH_TIMEOUT_SENSITIVITY","PASS","LOCAL_SCL_TIMEOUT","0","1","5","1","1","2","23","1250","1023016000","1043032000","1063004000","1063004000","0","0","0","0","-1","-1","-1","0","0","0","0","0","0","0","1","1","24","[(0, 96), (0, 255)]","","","23892B2353C5CD557B5365F3095553F3E981070A0D6C8AB9ED69126C466E13C1","72D078F9883E77A7ED00D39A99F27B9FF3A6ACFD45B3A5049CD9ACFDCA1C277D"
"70","0","2","6","1260","4","0","0","0","2000","0","all_data_bits","STRETCH_TIMEOUT_SENSITIVITY","PASS","LOCAL_SCL_TIMEOUT","0","1","5","1","0","2","22","1250","1023016000","1043032000","0","0","0","0","0","0","-1","-1","-1","0","0","0","0","0","0","0","1","0","24","[(0, 96), (0, 255)]","","","08F71F3CA248E953B96B5F57AC5170CEC2CABE33034ADDA2E6846EBDB5F70D06","E35C219197FBEFDF95A05541F2DD75C684257F1D9885AD4E4E4D822A14AA6671"
"71","0","2","7","0","4","0","0","0","2000","0","all_data_bits","GENERIC_VALID_DIGITAL","PASS","CLEAN_VALID_PATH","1","0","0","1","1","3","24","5","1063128000","1083144000","1083148000","1083148000","1103240000","0","0","1103240000","1","1","1","1083148000","1083176000","1083224000","1023016000","1023048000","1023096000","0","1","1","27","[(0, 96), (0, 255), (0, 5)]","","","523042E5C3DF115BA8FB43EC74409D17C4EA42A94F5E7513227B98B6EC09EACC","919170858AF4E238FF95B98114FE4A2815C7AADEC577097B578DF9CB1745C60C"
"72","0","2","7","64","4","0","0","0","2000","0","all_data_bits","GENERIC_VALID_DIGITAL","PASS","CLEAN_VALID_PATH","1","0","0","1","1","3","24","69","1063128000","1083144000","1084172000","1084172000","1104264000","0","0","1104264000","1","1","1","1084172000","1084200000","1084248000","1023016000","1023048000","1023096000","0","1","1","27","[(0, 96), (0, 255), (0, 5)]","","","217BB9FD8510F2E31E744F10281EE24A8724FE7A348AEF3A6DBB37654171D1F4","30D2CD5262562CA286F9F841A18026C37FB054065364938E62CBBF5B1AB7B464"
"73","0","2","7","1248","4","0","0","0","2000","0","all_data_bits","STRETCH_TIMEOUT_SENSITIVITY","PASS","LOCAL_SCL_TIMEOUT","0","1","5","1","0","3","24","1250","1063128000","1083144000","1103116000","1103116000","0","0","0","0","-1","-1","-1","0","0","0","0","0","0","0","1","0","25","[(0, 96), (0, 255)]","","","842B819F2370EC5C1F4D3BE30EA2EDB739843FA69F2F946F12A756CAC154248D","C6C72DCCAC38C92FEE154D54C86F6535CB0287CD078399364C791B0DA917F715"
"74","0","2","7","1260","4","0","0","0","2000","0","all_data_bits","STRETCH_TIMEOUT_SENSITIVITY","PASS","LOCAL_SCL_TIMEOUT","0","1","5","1","0","2","23","1250","1063128000","1083144000","0","0","0","0","0","0","-1","-1","-1","0","0","0","0","0","0","0","1","0","25","[(0, 96), (0, 255)]","","","BBAA26B09A145008AD3B93643E9150470EB9D56A0503726A3D5F8393F7946169","1CB23F44192EF68DC16C9351CB71975EBB380A0F2B0D092C2EB45237E0E7BB61"
"75","1","5","2","256","12","0","0","0","2000","0","register_bit_before_ack","GENERIC_VALID_DIGITAL","PASS","CLEAN_VALID_PATH","1","0","0","2","1","3","24","261","501560000","521576000","525684000","525684000","545768000","0","0","545768000","1","1","1","525684000","525704000","525752000","180664000","180696000","180744000","0","2","1","36","[(0, 96), (0, 244), (1, 97)]","","","A35C2CC8A9B7EBFB11108BFBB9830F7060EFA358DDC9FCA7D0DCBD0AE171ADFF","B5C48348A634D798409155410C9BA102AA0FAF6A36B4B7855264EEACAB4D1E4F"
"76","1","5","6","256","12","0","0","0","2000","0","register_bit_before_ack","GENERIC_VALID_DIGITAL","PASS","CLEAN_VALID_PATH","1","0","0","2","1","3","24","261","662008000","682024000","686132000","686132000","706216000","0","0","706216000","0","0","0","686132000","686152000","686200000","662008000","662040000","662088000","0","2","1","36","[(0, 96), (0, 244), (1, 97)]","","","8E94F70839433272AC3613983372A0F8D229D1C800CD0BCBA74E35BDC4CCF640","4773AAD46DD23202F83F57558E8A0BE14E477BE4DE2483EB19B7E9A64B7025B7"
"77","0","0","-1","0","8","0","0","0","2000","0","address_ack_control","GENERIC_VALID_DIGITAL","PASS","CLEAN_VALID_PATH","1","0","0","1","1","3","24","5","381224000","401240000","401248000","401248000","421336000","381224000","0","421336000","0","0","0","401248000","401272000","401320000","180664000","180696000","180744000","0","1","1","27","[(0, 96), (0, 255), (0, 5)]","0","20024000","16BAEDA56203A5F58EC3F3F62CDA7146039884F5AF417BCCFE76E57477DB0195","31FD2590445BE0450F809C269120F40DEF5F80B385A637F42A4B3BF5D2820DA8"
"78","0","0","-1","256","8","0","0","0","2000","0","address_ack_control","GENERIC_VALID_DIGITAL","PASS","CLEAN_VALID_PATH","1","0","0","1","1","3","24","261","381224000","401240000","405344000","405344000","425432000","381224000","0","425432000","0","0","0","405344000","405368000","405416000","180664000","180696000","180744000","0","1","1","27","[(0, 96), (0, 255), (0, 5)]","0","24120000","C1A7D75854F98B7AF91C504328CB53B713C7B0EE77626CC64BDCD4798448D85A","7BAD78668FB1622509E70FBC5BDB1C677C6421D3BF8300D1D9D1B79909BEBE0D"
"79","0","0","-1","1248","8","0","0","0","2000","0","address_ack_control","STRETCH_TIMEOUT_SENSITIVITY","PASS","LOCAL_SCL_TIMEOUT","0","1","5","1","0","1","8","1250","381224000","401240000","421216000","421216000","0","381224000","0","0","-1","-1","-1","0","0","0","0","0","0","0","1","0","8","[(0, 96)]","0","39992000","C98D5CDD9F7F272B2CFEBB069285B046092711CE2BEB6A806A446B579E103BED","45009D9B47D2F75F62B3FC0ADBB68A67887C0EC7EF74C2239B2964CC4AD54D9A"
"80","1","4","-1","0","8","0","0","0","2000","0","address_ack_control","GENERIC_VALID_DIGITAL","PASS","CLEAN_VALID_PATH","1","0","0","2","1","3","24","5","1183384000","1203400000","1203408000","1203408000","1223496000","1183384000","0","1223496000","0","0","0","1203408000","1203432000","1203480000","1183384000","1183416000","1183464000","0","2","1","36","[(0, 96), (0, 244), (1, 97)]","0","20024000","84F5A5153B3EBAF2B0F5CB456E789CA319663F11EEB6D38A37A630F52D33D53E","E698D16A9E5F1158A1E70807D9532B7AB3791B7EC52703DE202C5E2966A9E653"
"81","1","4","-1","256","8","0","0","0","2000","0","address_ack_control","GENERIC_VALID_DIGITAL","PASS","CLEAN_VALID_PATH","1","0","0","2","1","3","24","261","1183384000","1203400000","1207504000","1207504000","1227592000","1183384000","0","1227592000","0","0","0","1207504000","1207528000","1207576000","1183384000","1183416000","1183464000","0","2","1","36","[(0, 96), (0, 244), (1, 97)]","0","24120000","084837784BCB04ED0D5D4C766290375E1E6F424078BE7864E50E938275CFBABD","2D57F4350CA3171A24A6556B77FCA5E9338928F68EDBC9040F236FB0CE485B20"
"82","1","4","-1","1248","8","0","0","0","2000","0","address_ack_control","STRETCH_TIMEOUT_SENSITIVITY","PASS","LOCAL_SCL_TIMEOUT","0","1","5","2","0","3","24","1250","1183384000","1203400000","1223376000","1223376000","0","1183384000","0","0","-1","-1","-1","0","0","0","0","0","0","0","2","0","26","[(0, 96), (0, 244), (1, 97)]","0","39992000","EFC56BAB56D245890CCAF659BFC262F04433918AC02DB46A24F9B2DBCA9A24C9","408EABA52BCE220B42F301AB1305870AF80415C66967AF0D7BCF5F2F4F281B03"
"83","0","3","-1","256","1","0","0","0","2000","0","phase_skew","GENERIC_VALID_DIGITAL","PASS","CLEAN_VALID_PATH","1","0","0","1","1","3","24","261","1103240000","1123256000","1127353000","1127353000","1147448000","1103240000","0","1147448000","0","0","0","1127353000","1127384000","1127432000","1103240000","1103272000","1103320000","0","1","1","27","[(0, 96), (0, 255), (0, 5)]","0","24113000","D8BEF1D42701506478ADED4308FEAECA4232FCAAB7EFD8D0BEB3232D6F4751B9","AC46E5B0C54B7CEEEDE627E25CE95B4BD7E4C8A359833CF8C3057908A01BE32D"
"84","0","3","-1","256","1","32","0","0","2000","0","phase_skew","GENERIC_VALID_DIGITAL","PASS","CLEAN_VALID_PATH","1","0","0","1","1","3","24","263","1103656000","1123672000","1127769000","1127769000","1147896000","1103656000","0","1147896000","0","0","0","1127801000","1127832000","1127880000","1103656000","1103688000","1103736000","0","1","1","27","[(0, 96), (0, 255), (0, 5)]","0","24113000","3E635C226A2CB21ECE7A083CD8ED4EFED245567DFBFDCA69568B9236F0FD26DB","D66894E632DD7090EE55BEBA157C621BDCE0426C71DBDD8DDE5DD357FAEE4723"
"85","0","3","-1","256","1","0","32","0","2000","0","phase_skew","GENERIC_VALID_DIGITAL","PASS","CLEAN_VALID_PATH","1","0","0","1","1","3","24","261","1103240000","1123256000","1127353000","1127353000","1147448000","1103240000","0","1147448000","0","0","0","1127353000","1127384000","1127432000","1103240000","1103272000","1103320000","0","1","1","27","[(0, 96), (0, 255), (0, 5)]","0","24113000","77AF851BF079B9ECE1A1E7EEBC22829257F23A72A4E53C2D809126ADD4BAAB73","AC46E5B0C54B7CEEEDE627E25CE95B4BD7E4C8A359833CF8C3057908A01BE32D"
"86","0","3","-1","256","1","128","500","0","2000","0","phase_skew","GENERIC_VALID_DIGITAL","PASS","CLEAN_VALID_PATH","1","0","0","1","1","3","24","269","1106152000","1126168000","1130265000","1130265000","1150488000","1106152000","0","1150488000","0","0","0","1130393000","1130424000","1130472000","1106152000","1106184000","1106232000","0","1","1","27","[(0, 96), (0, 255), (0, 5)]","0","24113000","67D5782C54D8F4AA85973190D988B5205B04AB776120625C9004B9741A3CAF8E","D106D4F3C684965C2B43FACD4C2CA617719881B8F21B5AFBCAB773B37E8238CA"
"87","0","3","-1","1248","1","0","0","0","2000","0","phase_skew","STRETCH_TIMEOUT_SENSITIVITY","PASS","LOCAL_SCL_TIMEOUT","0","1","5","1","0","3","24","1250","1103240000","1123256000","1143225000","1143225000","0","1103240000","0","0","-1","-1","-1","0","0","0","0","0","0","0","1","0","26","[(0, 96), (0, 255), (0, 5)]","0","39985000","2039EF5030F013F4A8AB29BF3213291A90166D92B08C0829E1EEB874B3AA7A7F","0B6656D6097660FE371B77C2BD573BC999BD7D16FE3FCCF141C436AEB275DC6B"
"88","0","3","-1","1248","1","32","0","0","2000","0","phase_skew","STRETCH_TIMEOUT_SENSITIVITY","PASS","LOCAL_SCL_TIMEOUT","0","1","5","1","0","3","24","1250","1103656000","1123672000","1143641000","1143641000","0","1103656000","0","0","-1","-1","-1","0","0","0","0","0","0","0","1","0","26","[(0, 96), (0, 255), (0, 5)]","0","39985000","5B3FDCF97251716ED1DE6642E180F3022B0324C642BF013DB4A6634F5FA31FF6","41548F28037FDE14F5E6890DF028DCC334F43767862387254761A44BF5D7D908"
"89","0","3","-1","1248","1","0","32","0","2000","0","phase_skew","STRETCH_TIMEOUT_SENSITIVITY","PASS","LOCAL_SCL_TIMEOUT","0","1","5","1","0","3","24","1250","1103240000","1123256000","1143225000","1143225000","0","1103240000","0","0","-1","-1","-1","0","0","0","0","0","0","0","1","0","26","[(0, 96), (0, 255), (0, 5)]","0","39985000","623E6699C816878949B1AC32B54D829118B962FE80F37720CAAA47BEFD1394CD","0B6656D6097660FE371B77C2BD573BC999BD7D16FE3FCCF141C436AEB275DC6B"
"90","0","3","-1","1248","1","128","500","0","2000","0","phase_skew","STRETCH_TIMEOUT_SENSITIVITY","PASS","LOCAL_SCL_TIMEOUT","0","1","5","1","0","3","24","1250","1106152000","1126168000","1146137000","1146137000","0","1106152000","0","0","-1","-1","-1","0","0","0","0","0","0","0","1","0","26","[(0, 96), (0, 255), (0, 5)]","0","39985000","C6CD915AE729627880AEC561C34CCAA37BEE7645EAC6163F34F894310D1527BE","61980C03C42DB3EF894069A426ADB73E355FEBA6B05B63DE61F92FCAA760736F"
"91","0","3","-1","256","4","0","0","0","2000","0","phase_skew","GENERIC_VALID_DIGITAL","PASS","CLEAN_VALID_PATH","1","0","0","1","1","3","24","261","1103240000","1123256000","1127356000","1127356000","1147448000","1103240000","0","1147448000","0","0","0","1127356000","1127384000","1127432000","1103240000","1103272000","1103320000","0","1","1","27","[(0, 96), (0, 255), (0, 5)]","0","24116000","8810DEAE4534D9E3B3AD52326E8D9059CA49D632B6872ECEDC8B287B5E5CECD5","3640A7BD0367F0020134E46EF3332968DAB706D532372F7346FF003834B13269"
"92","0","3","-1","256","4","32","0","0","2000","0","phase_skew","GENERIC_VALID_DIGITAL","PASS","CLEAN_VALID_PATH","1","0","0","1","1","3","24","263","1103656000","1123672000","1127772000","1127772000","1147896000","1103656000","0","1147896000","0","0","0","1127804000","1127832000","1127880000","1103656000","1103688000","1103736000","0","1","1","27","[(0, 96), (0, 255), (0, 5)]","0","24116000","58318EE635990793E9F6CAB2D5CBCFD04FFF8D4E7E6432E21BF7423A2B32E7A6","A64DFE1795299E839953F4FF0B3BC6DA7361462279CB14C2A60F41A43759D3B1"
"93","0","3","-1","256","4","0","32","0","2000","0","phase_skew","GENERIC_VALID_DIGITAL","PASS","CLEAN_VALID_PATH","1","0","0","1","1","3","24","261","1103240000","1123256000","1127356000","1127356000","1147448000","1103240000","0","1147448000","0","0","0","1127356000","1127384000","1127432000","1103240000","1103272000","1103320000","0","1","1","27","[(0, 96), (0, 255), (0, 5)]","0","24116000","7987A471E86854AE6840D4CE4CFE30D6E2CF67D2BAC4E0F6B2351D6F6BA2FEB4","3640A7BD0367F0020134E46EF3332968DAB706D532372F7346FF003834B13269"
"94","0","3","-1","256","4","128","500","0","2000","0","phase_skew","GENERIC_VALID_DIGITAL","PASS","CLEAN_VALID_PATH","1","0","0","1","1","3","24","269","1106152000","1126168000","1130268000","1130268000","1150488000","1106152000","0","1150488000","0","0","0","1130396000","1130424000","1130472000","1106152000","1106184000","1106232000","0","1","1","27","[(0, 96), (0, 255), (0, 5)]","0","24116000","C023B9C2311003605DA390C01A79D966F1E923E411B52AA648D0A5AAB24CFE5E","E4A53F6C4A6397F7FF866FD668EBE44E3C3E77E8408C44C4F3DDC40ECD4176D7"
"95","0","3","-1","1248","4","0","0","0","2000","0","phase_skew","STRETCH_TIMEOUT_SENSITIVITY","PASS","LOCAL_SCL_TIMEOUT","0","1","5","1","0","3","24","1250","1103240000","1123256000","1143228000","1143228000","0","1103240000","0","0","-1","-1","-1","0","0","0","0","0","0","0","1","0","26","[(0, 96), (0, 255), (0, 5)]","0","39988000","78CD61E8017D2BB4C8A755BFE81D409E6A648F600C5DC710AD03FF13E0EB0720","595FFC3881375417A9818793E5249FFEC7248483539CA27CFD20DA04812AC153"
"96","0","3","-1","1248","4","32","0","0","2000","0","phase_skew","STRETCH_TIMEOUT_SENSITIVITY","PASS","LOCAL_SCL_TIMEOUT","0","1","5","1","0","3","24","1250","1103656000","1123672000","1143644000","1143644000","0","1103656000","0","0","-1","-1","-1","0","0","0","0","0","0","0","1","0","26","[(0, 96), (0, 255), (0, 5)]","0","39988000","4ECDB6D02C00367AAF11811AC45B47984623B98EF182D7310D60287D35DE0D67","7EA20AF4F762FFC8EF3559AE93BB16049F661EF3540B17684CCA9434027FD1B2"
"97","0","3","-1","1248","4","0","32","0","2000","0","phase_skew","STRETCH_TIMEOUT_SENSITIVITY","PASS","LOCAL_SCL_TIMEOUT","0","1","5","1","0","3","24","1250","1103240000","1123256000","1143228000","1143228000","0","1103240000","0","0","-1","-1","-1","0","0","0","0","0","0","0","1","0","26","[(0, 96), (0, 255), (0, 5)]","0","39988000","1B8F22CFD702E38459983B4F7386F428F85C6388452BF013A6F748DEB521D750","595FFC3881375417A9818793E5249FFEC7248483539CA27CFD20DA04812AC153"
"98","0","3","-1","1248","4","128","500","0","2000","0","phase_skew","STRETCH_TIMEOUT_SENSITIVITY","PASS","LOCAL_SCL_TIMEOUT","0","1","5","1","0","3","24","1250","1106152000","1126168000","1146140000","1146140000","0","1106152000","0","0","-1","-1","-1","0","0","0","0","0","0","0","1","0","26","[(0, 96), (0, 255), (0, 5)]","0","39988000","7FA0383B5E14467D71963AFAACD79D31F37E5A4ABF80131899C92D884E89357D","56D1C3091EF5F6F5AED69C0024B8B48BFBD44F0E7B3C5A1821A5327B4704D2AA"
"99","0","3","-1","256","8","32","0","0","2000","0","phase_skew","GENERIC_VALID_DIGITAL","PASS","CLEAN_VALID_PATH","1","0","0","1","1","3","24","263","1103656000","1123672000","1127776000","1127776000","1147896000","1103656000","0","1147896000","0","0","0","1127808000","1127832000","1127880000","1103656000","1103688000","1103736000","0","1","1","27","[(0, 96), (0, 255), (0, 5)]","0","24120000","1D53396D501A2C6B3A22ECE41D0159910E59BA61DC61B63FEB18CFCDC6D413AD","64CC7D6F129594DBDDAB8BF647A3083C9EAAD1D7648478F2262694CFBBD460D5"
"100","0","3","-1","256","8","0","32","0","2000","0","phase_skew","GENERIC_VALID_DIGITAL","PASS","CLEAN_VALID_PATH","1","0","0","1","1","3","24","261","1103240000","1123256000","1127360000","1127360000","1147448000","1103240000","0","1147448000","0","0","0","1127360000","1127384000","1127432000","1103240000","1103272000","1103320000","0","1","1","27","[(0, 96), (0, 255), (0, 5)]","0","24120000","7498D24FCE548D72FEEEB736A214CD59CD7CB39EB14EDE80FB8D65EE926A9121","73B3AED50A08C287E2A36F72C889352F171FA038B126A8765CDDCB47FE943E5F"
"101","0","3","-1","256","8","128","500","0","2000","0","phase_skew","GENERIC_VALID_DIGITAL","PASS","CLEAN_VALID_PATH","1","0","0","1","1","3","24","269","1106152000","1126168000","1130272000","1130272000","1150488000","1106152000","0","1150488000","0","0","0","1130400000","1130424000","1130472000","1106152000","1106184000","1106232000","0","1","1","27","[(0, 96), (0, 255), (0, 5)]","0","24120000","2817E4DEBBCF4BE21C3C11FE2B2CDFD5E115B1B544FA2E918E56B33CFD7C7558","437FC2D32052598756943898103718E4017945A7156473E9B22BD23B106A3D2A"
"102","0","3","-1","1248","8","32","0","0","2000","0","phase_skew","STRETCH_TIMEOUT_SENSITIVITY","PASS","LOCAL_SCL_TIMEOUT","0","1","5","1","0","3","24","1250","1103656000","1123672000","1143648000","1143648000","0","1103656000","0","0","-1","-1","-1","0","0","0","0","0","0","0","1","0","26","[(0, 96), (0, 255), (0, 5)]","0","39992000","98B3F047AC2DE90C38D282D79A110777B9D83C06708FC13B3A266A0C3D7FB965","BCE550956DDA781C23F12430ED609C20D441B7A725E31C46F1C108118CE031E0"
"103","0","3","-1","1248","8","0","32","0","2000","0","phase_skew","STRETCH_TIMEOUT_SENSITIVITY","PASS","LOCAL_SCL_TIMEOUT","0","1","5","1","0","3","24","1250","1103240000","1123256000","1143232000","1143232000","0","1103240000","0","0","-1","-1","-1","0","0","0","0","0","0","0","1","0","26","[(0, 96), (0, 255), (0, 5)]","0","39992000","8B04B897BD4D2C6413CCE6B6FFB87CBE250B526034435C390728E2F8C877FD1F","2B5401373F20B2B1509BBFFCD687C46D772A53632848319AEAF63953CBED2493"
"104","0","3","-1","1248","8","128","500","0","2000","0","phase_skew","STRETCH_TIMEOUT_SENSITIVITY","PASS","LOCAL_SCL_TIMEOUT","0","1","5","1","0","3","24","1250","1106152000","1126168000","1146144000","1146144000","0","1106152000","0","0","-1","-1","-1","0","0","0","0","0","0","0","1","0","26","[(0, 96), (0, 255), (0, 5)]","0","39992000","810D078320B75BED30FF35E954C31A6A3125E1CA5B0A6D4655FB9A3C0AF3DE10","DC4DBD2E1A6259F3C2B18503F1B967A1E747FD4D60668576DE118469B7101F31"
"105","0","3","-1","256","12","0","0","0","2000","0","phase_skew","GENERIC_VALID_DIGITAL","PASS","CLEAN_VALID_PATH","1","0","0","1","1","3","24","261","1103240000","1123256000","1127364000","1127364000","1147448000","1103240000","0","1147448000","0","0","0","1127364000","1127384000","1127432000","1103240000","1103272000","1103320000","0","1","1","27","[(0, 96), (0, 255), (0, 5)]","0","24124000","7D19D9486541F5D6C444E30C66F98A7C94AA81E9E3A4CFAB0468EC8ABC25F7FE","5D99CF19BD9544A313EE783C9C990F5DC309AE83BCDCBBB1EB9DF79E7E075689"
"106","0","3","-1","256","12","32","0","0","2000","0","phase_skew","GENERIC_VALID_DIGITAL","PASS","CLEAN_VALID_PATH","1","0","0","1","1","3","24","263","1103656000","1123672000","1127780000","1127780000","1147896000","1103656000","0","1147896000","0","0","0","1127812000","1127832000","1127880000","1103656000","1103688000","1103736000","0","1","1","27","[(0, 96), (0, 255), (0, 5)]","0","24124000","9DA969A8ABE4EFF3E0846ADC25F8F84322012363DC32EFE79938565B182083D3","92B88D0688D04C18BEFE234630A32922D4946EDBD840D107F4376CBFECDC196E"
"107","0","3","-1","256","12","0","32","0","2000","0","phase_skew","GENERIC_VALID_DIGITAL","PASS","CLEAN_VALID_PATH","1","0","0","1","1","3","24","261","1103240000","1123256000","1127364000","1127364000","1147448000","1103240000","0","1147448000","0","0","0","1127364000","1127384000","1127432000","1103240000","1103272000","1103320000","0","1","1","27","[(0, 96), (0, 255), (0, 5)]","0","24124000","DD37B932D350FBEBA2C43E796C85DC501895B1E4B6612D3A4DF86D12AA639B64","5D99CF19BD9544A313EE783C9C990F5DC309AE83BCDCBBB1EB9DF79E7E075689"
"108","0","3","-1","256","12","128","500","0","2000","0","phase_skew","GENERIC_VALID_DIGITAL","PASS","CLEAN_VALID_PATH","1","0","0","1","1","3","24","269","1106152000","1126168000","1130276000","1130276000","1150488000","1106152000","0","1150488000","0","0","0","1130404000","1130424000","1130472000","1106152000","1106184000","1106232000","0","1","1","27","[(0, 96), (0, 255), (0, 5)]","0","24124000","4EB12E50BDEC966AA4515266C33F306C4651BF2E55B8D73ED5D6F178F7D2870D","37DF0D312D0FC1BA945788ADF23331A23048E400C6448FCD7F372BB5412A46E1"
"109","0","3","-1","1248","12","0","0","0","2000","0","phase_skew","STRETCH_TIMEOUT_SENSITIVITY","PASS","LOCAL_SCL_TIMEOUT","0","1","5","1","0","3","24","1250","1103240000","1123256000","1143236000","1143236000","0","1103240000","0","0","-1","-1","-1","0","0","0","0","0","0","0","1","0","26","[(0, 96), (0, 255), (0, 5)]","0","39996000","4D3C0D2253187B4A8C4FC2ED565F32C98FA4E7C94153360C9AB20B51A52EE862","AF83C72D97E88FC8C3B9CFC518F50674A1C6DCE53B3349060367E26836B78E61"
"110","0","3","-1","1248","12","32","0","0","2000","0","phase_skew","STRETCH_TIMEOUT_SENSITIVITY","PASS","LOCAL_SCL_TIMEOUT","0","1","5","1","0","3","24","1250","1103656000","1123672000","1143652000","1143652000","0","1103656000","0","0","-1","-1","-1","0","0","0","0","0","0","0","1","0","26","[(0, 96), (0, 255), (0, 5)]","0","39996000","20BCA04A6AB559A0BCCBEC5F3E590E5964D4122D2F54E8F5A0698D52031B7BBD","F6D2C890CAC3189E94CE51949CC70B4D8170A8433D2DEF46091B0ADE562D2D1C"
"111","0","3","-1","1248","12","0","32","0","2000","0","phase_skew","STRETCH_TIMEOUT_SENSITIVITY","PASS","LOCAL_SCL_TIMEOUT","0","1","5","1","0","3","24","1250","1103240000","1123256000","1143236000","1143236000","0","1103240000","0","0","-1","-1","-1","0","0","0","0","0","0","0","1","0","26","[(0, 96), (0, 255), (0, 5)]","0","39996000","22067FD16E3563BB062032814868878D501F9DA5AC51FD0611D04CDA3BFD6FF9","AF83C72D97E88FC8C3B9CFC518F50674A1C6DCE53B3349060367E26836B78E61"
"112","0","3","-1","1248","12","128","500","0","2000","0","phase_skew","STRETCH_TIMEOUT_SENSITIVITY","PASS","LOCAL_SCL_TIMEOUT","0","1","5","1","0","3","24","1250","1106152000","1126168000","1146148000","1146148000","0","1106152000","0","0","-1","-1","-1","0","0","0","0","0","0","0","1","0","26","[(0, 96), (0, 255), (0, 5)]","0","39996000","BBA464541BBB20275B904D8E058D1F1AF7E885793CC1A0C417A0850CEE1D3D0D","82DEA2421479E7AC68C4F2593F4DF455FDD088AF5E7D30C34D0DE1A2062D12E9"
"113","0","3","-1","256","15","0","0","0","2000","0","phase_skew","GENERIC_VALID_DIGITAL","PASS","CLEAN_VALID_PATH","1","0","0","1","1","3","24","261","1103240000","1123256000","1127367000","1127367000","1147448000","1103240000","0","1147448000","0","0","0","1127367000","1127384000","1127432000","1103240000","1103272000","1103320000","0","1","1","27","[(0, 96), (0, 255), (0, 5)]","0","24127000","783EA0F39894AD1A17B1051CE3226F4FEEFD530CE3CEC497865C5C1EDB01AACE","2596814AEE5C3784A1026C8ACAB6038FFFD3C7A994DC67C28FD251404FD3934E"
"114","0","3","-1","256","15","32","0","0","2000","0","phase_skew","GENERIC_VALID_DIGITAL","PASS","CLEAN_VALID_PATH","1","0","0","1","1","3","24","263","1103656000","1123672000","1127783000","1127783000","1147896000","1103656000","0","1147896000","0","0","0","1127815000","1127832000","1127880000","1103656000","1103688000","1103736000","0","1","1","27","[(0, 96), (0, 255), (0, 5)]","0","24127000","9143C10A093357DDD742C99CF27DFBE531C8D1BDB90BCA39AEE3F26C578D3F74","68EC338E88406AB78817D6310BD33655C1AAD5A9E0DF5C177906BAB1D8C94FDC"
"115","0","3","-1","256","15","0","32","0","2000","0","phase_skew","GENERIC_VALID_DIGITAL","PASS","CLEAN_VALID_PATH","1","0","0","1","1","3","24","261","1103240000","1123256000","1127367000","1127367000","1147448000","1103240000","0","1147448000","0","0","0","1127367000","1127384000","1127432000","1103240000","1103272000","1103320000","0","1","1","27","[(0, 96), (0, 255), (0, 5)]","0","24127000","F3F73FF798EE43809BCFB6A0FD0B5CA8395A5B786FA3EDBD8F89B8D115BF17D9","2596814AEE5C3784A1026C8ACAB6038FFFD3C7A994DC67C28FD251404FD3934E"
"116","0","3","-1","256","15","128","500","0","2000","0","phase_skew","GENERIC_VALID_DIGITAL","PASS","CLEAN_VALID_PATH","1","0","0","1","1","3","24","269","1106152000","1126168000","1130279000","1130279000","1150488000","1106152000","0","1150488000","0","0","0","1130407000","1130424000","1130472000","1106152000","1106184000","1106232000","0","1","1","27","[(0, 96), (0, 255), (0, 5)]","0","24127000","0C0E308EBD4531EF08D33539DBEA201F72A88D07F00AE03D899A36E97B668673","95B9DADA2F91E499CA2D995A7D5045C94E7B8C30CDBB336D3138E3CC8BB13550"
"117","0","3","-1","1248","15","0","0","0","2000","0","phase_skew","STRETCH_TIMEOUT_SENSITIVITY","PASS","LOCAL_SCL_TIMEOUT","0","1","5","1","0","3","24","1250","1103240000","1123256000","1143239000","1143239000","0","1103240000","0","0","-1","-1","-1","0","0","0","0","0","0","0","1","0","26","[(0, 96), (0, 255), (0, 5)]","0","39999000","9BA1F11E41493280EC2769716A0869D2ABE970EEC9EA1ECB783FE7890FA41F2D","139406E3E50CCAF1EA0F9162C148459644532A3049A671F635E89C62524770B8"
"118","0","3","-1","1248","15","32","0","0","2000","0","phase_skew","STRETCH_TIMEOUT_SENSITIVITY","PASS","LOCAL_SCL_TIMEOUT","0","1","5","1","0","3","24","1250","1103656000","1123672000","1143655000","1143655000","0","1103656000","0","0","-1","-1","-1","0","0","0","0","0","0","0","1","0","26","[(0, 96), (0, 255), (0, 5)]","0","39999000","329F2AD3E8C9A48BD17029D34774200139799D04F77447787E934B371A6B7D01","6BF5D51835CD1E7DECE525B3E8BA35DEC41CD8ED20C63E3BCED0411C0E23EE91"
"119","0","3","-1","1248","15","0","32","0","2000","0","phase_skew","STRETCH_TIMEOUT_SENSITIVITY","PASS","LOCAL_SCL_TIMEOUT","0","1","5","1","0","3","24","1250","1103240000","1123256000","1143239000","1143239000","0","1103240000","0","0","-1","-1","-1","0","0","0","0","0","0","0","1","0","26","[(0, 96), (0, 255), (0, 5)]","0","39999000","E3394EBDA618BAD2C19DBB51F9DD0F86DAE6A1571609AA7EAE5E40367A837AE6","139406E3E50CCAF1EA0F9162C148459644532A3049A671F635E89C62524770B8"
"120","0","3","-1","1248","15","128","500","0","2000","0","phase_skew","STRETCH_TIMEOUT_SENSITIVITY","PASS","LOCAL_SCL_TIMEOUT","0","1","5","1","0","3","24","1250","1106152000","1126168000","1146151000","1146151000","0","1106152000","0","0","-1","-1","-1","0","0","0","0","0","0","0","1","0","26","[(0, 96), (0, 255), (0, 5)]","0","39999000","9F72ABBB4CC21597DACCD288DDED98682AB39B6DFD200260DD66A0D5E9C2A728","D794AFAF9BF7617B135C72E19C6FDFB9555B5B7154954FA7FA0AA9802AC6A53B"
"121","1","1","-1","256","1","0","0","0","2000","0","phase_skew","GENERIC_VALID_DIGITAL","PASS","CLEAN_VALID_PATH","1","0","0","2","1","3","24","261","742232000","762248000","766345000","766345000","786440000","742232000","0","786440000","0","0","0","766345000","766376000","766424000","662008000","662040000","662088000","0","2","1","36","[(0, 96), (0, 244), (1, 97)]","0","24113000","0464D5B22E75720BA1BBC1F5CA78F2577EA20F80F6BF1B37C352F8476473E74C","A2B647ACF5A9E711A407AA10DD1D25EBA76951A57DF0BC3485E55D12F7E6110E"
"122","1","1","-1","256","1","32","0","0","2000","0","phase_skew","GENERIC_VALID_DIGITAL","PASS","CLEAN_VALID_PATH","1","0","0","2","1","3","24","263","742504000","762520000","766617000","766617000","786744000","742504000","0","786744000","0","0","0","766649000","766680000","766728000","662248000","662280000","662328000","0","2","1","36","[(0, 96), (0, 244), (1, 97)]","0","24113000","C9D570F0AA34D787AB5FB32DF08E3E843BFA0D37AEDAE0E4B44AD8CC4AC90866","13066DD5FF5306DF4DE3BC5910707A5C0CE45BCED6E2535407921D12EBF5E1D6"
"123","1","1","-1","256","1","0","32","0","2000","0","phase_skew","GENERIC_VALID_DIGITAL","PASS","CLEAN_VALID_PATH","1","0","0","2","1","3","24","261","742232000","762248000","766345000","766345000","786440000","742232000","0","786440000","0","0","0","766345000","766376000","766424000","662008000","662040000","662088000","0","2","1","36","[(0, 96), (0, 244), (1, 97)]","0","24113000","02DDF4F3E2DEF4C38CEDAF918468E253DBF4D55A20E54BABBB87A68C4A86A83E","A2B647ACF5A9E711A407AA10DD1D25EBA76951A57DF0BC3485E55D12F7E6110E"
"124","1","1","-1","256","1","128","500","0","2000","0","phase_skew","GENERIC_VALID_DIGITAL","PASS","CLEAN_VALID_PATH","1","0","0","2","1","3","24","269","744136000","764152000","768249000","768249000","788472000","744136000","0","788472000","0","0","0","768377000","768408000","768456000","663688000","663720000","663768000","0","2","1","36","[(0, 96), (0, 244), (1, 97)]","0","24113000","7DA7FC95AE8EE87A743AC7E991EDDAFB636F53C08C4659507C17B37566A3C02F","7A087B2885B197879B00777877574C04073D72359F01BBA01AA1895716EC7F93"
"125","1","1","-1","1248","1","0","0","0","2000","0","phase_skew","STRETCH_TIMEOUT_SENSITIVITY","PASS","LOCAL_SCL_TIMEOUT","0","1","5","1","0","2","16","1250","742232000","762248000","782217000","782217000","0","742232000","0","0","-1","-1","-1","0","0","0","0","0","0","0","1","0","17","[(0, 96), (0, 244)]","0","39985000","DD2C1F42AA0A7F58D054F92D209B3B1B0E9C80069C23EEAB9564861961912F4F","D11F2F6314D56D0FB791069ABA5A11AB735AF3D3EDEFA298145B7A351B3FC1C7"
"126","1","1","-1","1248","1","32","0","0","2000","0","phase_skew","STRETCH_TIMEOUT_SENSITIVITY","PASS","LOCAL_SCL_TIMEOUT","0","1","5","1","0","2","16","1250","742504000","762520000","782489000","782489000","0","742504000","0","0","-1","-1","-1","0","0","0","0","0","0","0","1","0","17","[(0, 96), (0, 244)]","0","39985000","FFC045D1BC5816DD621926FCEF8E34C390C2AA0A41ABF1F9EEEF5C4542BBD36D","70CA86FFEBBAE5F1AE6F5D0094BB961A114D4333FFA741BD22D03ABED08ABA30"
"127","1","1","-1","1248","1","0","32","0","2000","0","phase_skew","STRETCH_TIMEOUT_SENSITIVITY","PASS","LOCAL_SCL_TIMEOUT","0","1","5","1","0","2","16","1250","742232000","762248000","782217000","782217000","0","742232000","0","0","-1","-1","-1","0","0","0","0","0","0","0","1","0","17","[(0, 96), (0, 244)]","0","39985000","EE126E5C3E00AC210EB4198185587532CFE86495B44D375E5719CD69EBF1A7D5","D11F2F6314D56D0FB791069ABA5A11AB735AF3D3EDEFA298145B7A351B3FC1C7"
"128","1","1","-1","1248","1","128","500","0","2000","0","phase_skew","STRETCH_TIMEOUT_SENSITIVITY","PASS","LOCAL_SCL_TIMEOUT","0","1","5","1","0","2","16","1250","744136000","764152000","784121000","784121000","0","744136000","0","0","-1","-1","-1","0","0","0","0","0","0","0","1","0","17","[(0, 96), (0, 244)]","0","39985000","BB10564B43CE5D6A3CA7B8B52DEB3230FB3500DDD787877B50D9AA3BE7D6C54E","AA538EC654446BC087DAF74545F020327987B45A4C2E54B6D5DD5888B27CDCBA"
"129","1","1","-1","256","4","0","0","0","2000","0","phase_skew","GENERIC_VALID_DIGITAL","PASS","CLEAN_VALID_PATH","1","0","0","2","1","3","24","261","742232000","762248000","766348000","766348000","786440000","742232000","0","786440000","0","0","0","766348000","766376000","766424000","662008000","662040000","662088000","0","2","1","36","[(0, 96), (0, 244), (1, 97)]","0","24116000","8CB0A2895E72609B15086A0AADC5A569015D097AB1022C0A17CB24C4A3D0CF9C","B26784541BDF87C23CA228037D272FE0CA90597C04C95B263BD202020F0A33CD"
"130","1","1","-1","256","4","32","0","0","2000","0","phase_skew","GENERIC_VALID_DIGITAL","PASS","CLEAN_VALID_PATH","1","0","0","2","1","3","24","263","742504000","762520000","766620000","766620000","786744000","742504000","0","786744000","0","0","0","766652000","766680000","766728000","662248000","662280000","662328000","0","2","1","36","[(0, 96), (0, 244), (1, 97)]","0","24116000","FC72863AF4942037F93E22A8C76A24190C78CE58DC5F660BA6273CA9C12448B6","0F8473BD1C329151DEDFA47420B25A24AB30CE941D81D181A2383BB386424D3D"
"131","1","1","-1","256","4","0","32","0","2000","0","phase_skew","GENERIC_VALID_DIGITAL","PASS","CLEAN_VALID_PATH","1","0","0","2","1","3","24","261","742232000","762248000","766348000","766348000","786440000","742232000","0","786440000","0","0","0","766348000","766376000","766424000","662008000","662040000","662088000","0","2","1","36","[(0, 96), (0, 244), (1, 97)]","0","24116000","F0533A1539B5D54B59C3E09FBFE373C4FB1CB900AAD6CB7224C69DC5C422DFC2","B26784541BDF87C23CA228037D272FE0CA90597C04C95B263BD202020F0A33CD"
"132","1","1","-1","256","4","128","500","0","2000","0","phase_skew","GENERIC_VALID_DIGITAL","PASS","CLEAN_VALID_PATH","1","0","0","2","1","3","24","269","744136000","764152000","768252000","768252000","788472000","744136000","0","788472000","0","0","0","768380000","768408000","768456000","663688000","663720000","663768000","0","2","1","36","[(0, 96), (0, 244), (1, 97)]","0","24116000","6DAA0BE3019701EEEC1E1A1050B0160D342C94ECB69563CCBAD73C8E0DC13C74","6958A0AF52B107DF780F2370E88C77D983EA7B57AB23668B3FF124515C6F58B4"
"133","1","1","-1","1248","4","0","0","0","2000","0","phase_skew","STRETCH_TIMEOUT_SENSITIVITY","PASS","LOCAL_SCL_TIMEOUT","0","1","5","1","0","2","16","1250","742232000","762248000","782220000","782220000","0","742232000","0","0","-1","-1","-1","0","0","0","0","0","0","0","1","0","17","[(0, 96), (0, 244)]","0","39988000","F589B3A68303F1D22609EA61B7B2AE2AAA1EDBA41FEB3CA09F4F470D3D9873DB","3526EC824D04FF9AA3977DF5B110A9732DB9042B831DD3DE19EA94553D35279F"
"134","1","1","-1","1248","4","32","0","0","2000","0","phase_skew","STRETCH_TIMEOUT_SENSITIVITY","PASS","LOCAL_SCL_TIMEOUT","0","1","5","1","0","2","16","1250","742504000","762520000","782492000","782492000","0","742504000","0","0","-1","-1","-1","0","0","0","0","0","0","0","1","0","17","[(0, 96), (0, 244)]","0","39988000","3EEE33B0B87290EE4BC3199E90F49D2B297838E20F804D187272E9F30AC64027","D1010437F6C0715ECA1F45EE4F995C7D38CF87851FC221051697F5A75348F39B"
"135","1","1","-1","1248","4","0","32","0","2000","0","phase_skew","STRETCH_TIMEOUT_SENSITIVITY","PASS","LOCAL_SCL_TIMEOUT","0","1","5","1","0","2","16","1250","742232000","762248000","782220000","782220000","0","742232000","0","0","-1","-1","-1","0","0","0","0","0","0","0","1","0","17","[(0, 96), (0, 244)]","0","39988000","F4F306CEAA585A2598822D7D35AA5C6895973E6E67C047D6EBA5678DEA5C4E04","3526EC824D04FF9AA3977DF5B110A9732DB9042B831DD3DE19EA94553D35279F"
"136","1","1","-1","1248","4","128","500","0","2000","0","phase_skew","STRETCH_TIMEOUT_SENSITIVITY","PASS","LOCAL_SCL_TIMEOUT","0","1","5","1","0","2","16","1250","744136000","764152000","784124000","784124000","0","744136000","0","0","-1","-1","-1","0","0","0","0","0","0","0","1","0","17","[(0, 96), (0, 244)]","0","39988000","E7881AED34C18792C70C37917CA4EEB43B7DF570FEDAA6327248DD477E590707","8B3BF4DB70B61D594D19703103ECB355488F2A510564C0962FFBE763D4715120"
"137","1","1","-1","256","8","32","0","0","2000","0","phase_skew","GENERIC_VALID_DIGITAL","PASS","CLEAN_VALID_PATH","1","0","0","2","1","3","24","263","742504000","762520000","766624000","766624000","786744000","742504000","0","786744000","0","0","0","766656000","766680000","766728000","662248000","662280000","662328000","0","2","1","36","[(0, 96), (0, 244), (1, 97)]","0","24120000","58DDB384A31E37E04962BE4BCC83C3CEBF95068B26DA998F4B1895BBF72D1642","BF2C10E36330E710871C2F94ACCBA3D79E9A760C648D8272F2916089F12DCA02"
"138","1","1","-1","256","8","0","32","0","2000","0","phase_skew","GENERIC_VALID_DIGITAL","PASS","CLEAN_VALID_PATH","1","0","0","2","1","3","24","261","742232000","762248000","766352000","766352000","786440000","742232000","0","786440000","0","0","0","766352000","766376000","766424000","662008000","662040000","662088000","0","2","1","36","[(0, 96), (0, 244), (1, 97)]","0","24120000","20353F91F3D32A6440D25E6F773F223D63971A87C17637E455EBBB839819AD7A","FA28BB8A45BBC99D097CC5CB6587C15FCF2EF2311E8754A077ADE2174EDC9A8D"
"139","1","1","-1","256","8","128","500","0","2000","0","phase_skew","GENERIC_VALID_DIGITAL","PASS","CLEAN_VALID_PATH","1","0","0","2","1","3","24","269","744136000","764152000","768256000","768256000","788472000","744136000","0","788472000","0","0","0","768384000","768408000","768456000","663688000","663720000","663768000","0","2","1","36","[(0, 96), (0, 244), (1, 97)]","0","24120000","FF6110C25B09A862D59B556D994D783FFC72F1A747BC4175D605E13188CAF54A","51CACA3D7FA7AE04BEFF59E950234DEB2A534EE242C7A9B31588139570968329"
"140","1","1","-1","1248","8","32","0","0","2000","0","phase_skew","STRETCH_TIMEOUT_SENSITIVITY","PASS","LOCAL_SCL_TIMEOUT","0","1","5","1","0","2","16","1250","742504000","762520000","782496000","782496000","0","742504000","0","0","-1","-1","-1","0","0","0","0","0","0","0","1","0","17","[(0, 96), (0, 244)]","0","39992000","D1D44B7A08A3D5632C6E930FA75FDC07C6F314754C27B9E2608F5CDA0A415DAE","C47D05C45D68C4C23C838CA6B03A00D72A1F2BC8542883A0D82EC105C68E9414"
"141","1","1","-1","1248","8","0","32","0","2000","0","phase_skew","STRETCH_TIMEOUT_SENSITIVITY","PASS","LOCAL_SCL_TIMEOUT","0","1","5","1","0","2","16","1250","742232000","762248000","782224000","782224000","0","742232000","0","0","-1","-1","-1","0","0","0","0","0","0","0","1","0","17","[(0, 96), (0, 244)]","0","39992000","0426C63E668DEC47354A1814A807033D55BBA2DE28014EBF46EF0BD81FF84965","6C3FFE569F3EE7441DBD292AAEFD46BF7276D75F5FA5679128C6BC417C96692C"
"142","1","1","-1","1248","8","128","500","0","2000","0","phase_skew","STRETCH_TIMEOUT_SENSITIVITY","PASS","LOCAL_SCL_TIMEOUT","0","1","5","1","0","2","16","1250","744136000","764152000","784128000","784128000","0","744136000","0","0","-1","-1","-1","0","0","0","0","0","0","0","1","0","17","[(0, 96), (0, 244)]","0","39992000","9BA2B75C2D223FFF2FA61DF435B0E80A172395B868EDF4D13BD3B2182858B224","B29AB17DFB18C33CC5E96A368C444561E8935594046976E54D941DB8E4711B46"
"143","1","1","-1","256","12","0","0","0","2000","0","phase_skew","GENERIC_VALID_DIGITAL","PASS","CLEAN_VALID_PATH","1","0","0","2","1","3","24","261","742232000","762248000","766356000","766356000","786440000","742232000","0","786440000","0","0","0","766356000","766376000","766424000","662008000","662040000","662088000","0","2","1","36","[(0, 96), (0, 244), (1, 97)]","0","24124000","484EA71422B52ADF67AD00A7E0BC815BF6B5BB191AA34CD845855DFEFE1543CD","9B2850DB1F3ACD62D18CDF6AE4013656A9F1E63382DA140DBB34423B9760747A"
"144","1","1","-1","256","12","32","0","0","2000","0","phase_skew","GENERIC_VALID_DIGITAL","PASS","CLEAN_VALID_PATH","1","0","0","2","1","3","24","263","742504000","762520000","766628000","766628000","786744000","742504000","0","786744000","0","0","0","766660000","766680000","766728000","662248000","662280000","662328000","0","2","1","36","[(0, 96), (0, 244), (1, 97)]","0","24124000","6022B714E9A8E88F251750140F63A8B1A8200365CD1B21C2944A36EA84731242","FE3FBCF01A0370D77593C3796DF9FFE948806BC379137421F459F72930947CC7"
"145","1","1","-1","256","12","0","32","0","2000","0","phase_skew","GENERIC_VALID_DIGITAL","PASS","CLEAN_VALID_PATH","1","0","0","2","1","3","24","261","742232000","762248000","766356000","766356000","786440000","742232000","0","786440000","0","0","0","766356000","766376000","766424000","662008000","662040000","662088000","0","2","1","36","[(0, 96), (0, 244), (1, 97)]","0","24124000","3F16C6541476D7F683ABD657ACFEB8D610328A8112780868C23105E74ACDF143","9B2850DB1F3ACD62D18CDF6AE4013656A9F1E63382DA140DBB34423B9760747A"
"146","1","1","-1","256","12","128","500","0","2000","0","phase_skew","GENERIC_VALID_DIGITAL","PASS","CLEAN_VALID_PATH","1","0","0","2","1","3","24","269","744136000","764152000","768260000","768260000","788472000","744136000","0","788472000","0","0","0","768388000","768408000","768456000","663688000","663720000","663768000","0","2","1","36","[(0, 96), (0, 244), (1, 97)]","0","24124000","31522332D413A56B004FA67295D2E74CCF654BC77121F75DFE01D06BE1361612","59C3C37F904BFD5957BC7FFE7EC29F5BBC251AE23CBAD48ECE8BD6AAD631EB8F"
"147","1","1","-1","1248","12","0","0","0","2000","0","phase_skew","STRETCH_TIMEOUT_SENSITIVITY","PASS","LOCAL_SCL_TIMEOUT","0","1","5","1","0","2","16","1250","742232000","762248000","782228000","782228000","0","742232000","0","0","-1","-1","-1","0","0","0","0","0","0","0","1","0","17","[(0, 96), (0, 244)]","0","39996000","7FC285A57FEE22E134D7D713118738FA601398B1F73A637B4743DE4837036BA7","4BAB59742FA68AA7FB8AEBD9CC8D21CE2AC721653A9FFA81AC08B608E97765E2"
"148","1","1","-1","1248","12","32","0","0","2000","0","phase_skew","STRETCH_TIMEOUT_SENSITIVITY","PASS","LOCAL_SCL_TIMEOUT","0","1","5","1","0","2","16","1250","742504000","762520000","782500000","782500000","0","742504000","0","0","-1","-1","-1","0","0","0","0","0","0","0","1","0","17","[(0, 96), (0, 244)]","0","39996000","D77A214A2D082CD4E7406A89529080ED6ABCF44EFA410D5EC5DBE539FB479CAC","A1199E0F6AC382756710E4D7376C7B2F77DAD1C1BB0558C43035946B90F00845"
"149","1","1","-1","1248","12","0","32","0","2000","0","phase_skew","STRETCH_TIMEOUT_SENSITIVITY","PASS","LOCAL_SCL_TIMEOUT","0","1","5","1","0","2","16","1250","742232000","762248000","782228000","782228000","0","742232000","0","0","-1","-1","-1","0","0","0","0","0","0","0","1","0","17","[(0, 96), (0, 244)]","0","39996000","E09CEC8AB1777164DA95EA5E31528ECA601BD63E000D93C63B89A0B9B4640D69","4BAB59742FA68AA7FB8AEBD9CC8D21CE2AC721653A9FFA81AC08B608E97765E2"
"150","1","1","-1","1248","12","128","500","0","2000","0","phase_skew","STRETCH_TIMEOUT_SENSITIVITY","PASS","LOCAL_SCL_TIMEOUT","0","1","5","1","0","2","16","1250","744136000","764152000","784132000","784132000","0","744136000","0","0","-1","-1","-1","0","0","0","0","0","0","0","1","0","17","[(0, 96), (0, 244)]","0","39996000","5BB9FF5CF0F4BBB1D3C26DE1CE0D755F16C9E20A75E296805EEE2A209D3867E2","AB77C367B5D0B1A88A7379952AC2CCBCB56DAC98441D6D5DA3852E88947FA010"
"151","1","1","-1","256","15","0","0","0","2000","0","phase_skew","GENERIC_VALID_DIGITAL","PASS","CLEAN_VALID_PATH","1","0","0","2","1","3","24","261","742232000","762248000","766359000","766359000","786440000","742232000","0","786440000","0","0","0","766359000","766376000","766424000","662008000","662040000","662088000","0","2","1","36","[(0, 96), (0, 244), (1, 97)]","0","24127000","5A911A48787F9CEC94D04A886D04DD2FD533DEA69E64988A6F85B8AE6BB3E3E8","2C61314CD76603F948AEE79E47905E312E37B933B90E187E936F7F432F3D3AAF"
"152","1","1","-1","256","15","32","0","0","2000","0","phase_skew","GENERIC_VALID_DIGITAL","PASS","CLEAN_VALID_PATH","1","0","0","2","1","3","24","263","742504000","762520000","766631000","766631000","786744000","742504000","0","786744000","0","0","0","766663000","766680000","766728000","662248000","662280000","662328000","0","2","1","36","[(0, 96), (0, 244), (1, 97)]","0","24127000","31B92A4828E9217F4C4ADAA143E158BCCB71181C941AF69F5AE68A9702EE2412","BDF5F1CFA61DF3A2B97720F8F9CEA019E3293319635C1C7D17B13CF3889492AB"
"153","1","1","-1","256","15","0","32","0","2000","0","phase_skew","GENERIC_VALID_DIGITAL","PASS","CLEAN_VALID_PATH","1","0","0","2","1","3","24","261","742232000","762248000","766359000","766359000","786440000","742232000","0","786440000","0","0","0","766359000","766376000","766424000","662008000","662040000","662088000","0","2","1","36","[(0, 96), (0, 244), (1, 97)]","0","24127000","884426BDFD238E862AF59262CCA463A642397F890F5A4047200DEF7BC1A7D4F9","2C61314CD76603F948AEE79E47905E312E37B933B90E187E936F7F432F3D3AAF"
"154","1","1","-1","256","15","128","500","0","2000","0","phase_skew","GENERIC_VALID_DIGITAL","PASS","CLEAN_VALID_PATH","1","0","0","2","1","3","24","269","744136000","764152000","768263000","768263000","788472000","744136000","0","788472000","0","0","0","768391000","768408000","768456000","663688000","663720000","663768000","0","2","1","36","[(0, 96), (0, 244), (1, 97)]","0","24127000","5BA5EA43DCA682EA17B40FA30EC2264D91449467A029941367CADCD60811EAA9","2430FF75A7042A13F74FB8648CA36B5E4C7303B01311C18651B03F7987B0DDB3"
"155","1","1","-1","1248","15","0","0","0","2000","0","phase_skew","STRETCH_TIMEOUT_SENSITIVITY","PASS","LOCAL_SCL_TIMEOUT","0","1","5","1","0","2","16","1250","742232000","762248000","782231000","782231000","0","742232000","0","0","-1","-1","-1","0","0","0","0","0","0","0","1","0","17","[(0, 96), (0, 244)]","0","39999000","BB1CFCEADA304AFB51458FE218BF6E8347035D825A5A7319311583C82EEF6A56","22594F83A02CB6A254326FC6FB4EB5F29B3841604AF8B621147653249E94F621"
"156","1","1","-1","1248","15","32","0","0","2000","0","phase_skew","STRETCH_TIMEOUT_SENSITIVITY","PASS","LOCAL_SCL_TIMEOUT","0","1","5","1","0","2","16","1250","742504000","762520000","782503000","782503000","0","742504000","0","0","-1","-1","-1","0","0","0","0","0","0","0","1","0","17","[(0, 96), (0, 244)]","0","39999000","182F1FE5D59B473CD565FCDA3B6A33CB0528DF84804402DF03588E936C2596E7","1E4E997C7AF479CD71F8A20F300B67425C6A02CFE1AD84DDF9F1142E1B3F84C8"
"157","1","1","-1","1248","15","0","32","0","2000","0","phase_skew","STRETCH_TIMEOUT_SENSITIVITY","PASS","LOCAL_SCL_TIMEOUT","0","1","5","1","0","2","16","1250","742232000","762248000","782231000","782231000","0","742232000","0","0","-1","-1","-1","0","0","0","0","0","0","0","1","0","17","[(0, 96), (0, 244)]","0","39999000","71A1B1B3F7124A65567F5F12471B4D2243D2EE85696E8E7920320BD5F255984F","22594F83A02CB6A254326FC6FB4EB5F29B3841604AF8B621147653249E94F621"
"158","1","1","-1","1248","15","128","500","0","2000","0","phase_skew","STRETCH_TIMEOUT_SENSITIVITY","PASS","LOCAL_SCL_TIMEOUT","0","1","5","1","0","2","16","1250","744136000","764152000","784135000","784135000","0","744136000","0","0","-1","-1","-1","0","0","0","0","0","0","0","1","0","17","[(0, 96), (0, 244)]","0","39999000","96C34FC0E0E66DAC4E3F971328C0DE182C3652593286E64983569DB78FFED5BC","A51E452AD7FE2BEED9AC150DE6A8E2553FEDCC3D89ACD68BFC02BA243FDDE08E"
"159","0","3","-1","256","8","0","0","2","2000","0","late_ack_setup","TIMING_STRESS_TVD_ACK_UNVERIFIED","PASS","LATE_ASSERTION_TIMING_STRESS","1","0","0","1","1","3","24","261","1103240000","1123256000","1127360000","1127360000","1147448000","1125360000","0","1147448000","0","0","0","1127360000","1127384000","1127432000","1125360000","1125384000","1125432000","0","1","1","27","[(0, 96), (0, 255), (0, 5)]","22120000","2000000","2B88ACAF286B28445281A4FF3E78CA35C9DE44D1D3D859D41B4371FF3826EF13","73B3AED50A08C287E2A36F72C889352F171FA038B126A8765CDDCB47FE943E5F"
"160","0","3","-1","256","8","128","0","2","2000","0","late_ack_setup","TIMING_STRESS_TVD_ACK_UNVERIFIED","PASS","LATE_ASSERTION_TIMING_STRESS","1","0","0","1","1","3","24","269","1106152000","1126168000","1130272000","1130272000","1150488000","1128272000","0","1150488000","0","0","0","1130400000","1130424000","1130472000","1128272000","1128296000","1128344000","0","1","1","27","[(0, 96), (0, 255), (0, 5)]","22120000","2000000","1C7D4DFE44355CFD5B4466BA8C3248791F96F9BEED26E1AA2A5EB9AE0CA14535","437FC2D32052598756943898103718E4017945A7156473E9B22BD23B106A3D2A"
"161","0","3","-1","256","8","0","0","2","1282","0","late_ack_setup","TIMING_STRESS_TVD_ACK_UNVERIFIED","PASS","LATE_ASSERTION_TIMING_STRESS","1","0","0","1","1","3","24","261","1103240000","1123256000","1127360000","1127360000","1147448000","1126078000","0","1147448000","0","0","0","1127360000","1127384000","1127432000","1126078000","1126104000","1126152000","0","1","1","27","[(0, 96), (0, 255), (0, 5)]","22838000","1282000","C0F9AA637DB0BE238D5F939E24FC6F159276CEA5ED22A60C5714653B1C101FE1","73B3AED50A08C287E2A36F72C889352F171FA038B126A8765CDDCB47FE943E5F"
"162","0","3","-1","256","8","128","0","2","1282","0","late_ack_setup","TIMING_STRESS_TVD_ACK_UNVERIFIED","PASS","LATE_ASSERTION_TIMING_STRESS","1","0","0","1","1","3","24","269","1106152000","1126168000","1130272000","1130272000","1150488000","1128990000","0","1150488000","0","0","0","1130400000","1130424000","1130472000","1128990000","1129016000","1129064000","0","1","1","27","[(0, 96), (0, 255), (0, 5)]","22838000","1282000","38D9CAC824AB0E2E460480A44D0BAC8FA250797E9794D4736B69307EBB32A4B7","437FC2D32052598756943898103718E4017945A7156473E9B22BD23B106A3D2A"
"163","0","3","-1","256","8","0","0","2","1266","0","late_ack_setup","TIMING_STRESS_TVD_ACK_UNVERIFIED","PASS","LATE_ASSERTION_TIMING_STRESS","1","0","0","1","1","3","24","261","1103240000","1123256000","1127360000","1127360000","1147448000","1126094000","0","1147448000","0","0","0","1127360000","1127384000","1127432000","1126094000","1126120000","1126168000","0","1","1","27","[(0, 96), (0, 255), (0, 5)]","22854000","1266000","7A44451EF2C7A649B2FD29EED13C0B48E5179F475E699C6C84CAEBE9D179C35A","73B3AED50A08C287E2A36F72C889352F171FA038B126A8765CDDCB47FE943E5F"
"164","0","3","-1","256","8","128","0","2","1266","0","late_ack_setup","TIMING_STRESS_TVD_ACK_UNVERIFIED","PASS","LATE_ASSERTION_TIMING_STRESS","1","0","0","1","1","3","24","269","1106152000","1126168000","1130272000","1130272000","1150488000","1129006000","0","1150488000","0","0","0","1130400000","1130424000","1130472000","1129006000","1129032000","1129080000","0","1","1","27","[(0, 96), (0, 255), (0, 5)]","22854000","1266000","72B0D80D4F7EB1237F32D60E721A1A5E38491EDF83FE4637B25BC181A0B4CCE3","437FC2D32052598756943898103718E4017945A7156473E9B22BD23B106A3D2A"
"165","0","3","-1","256","8","0","0","2","1250","0","late_ack_setup","TIMING_STRESS_TVD_ACK_UNVERIFIED","PASS","LATE_ASSERTION_TIMING_STRESS","1","0","0","1","1","3","24","261","1103240000","1123256000","1127360000","1127360000","1147448000","1126110000","0","1147448000","0","0","0","1127360000","1127384000","1127432000","1126110000","1126136000","1126184000","0","1","1","27","[(0, 96), (0, 255), (0, 5)]","22870000","1250000","893441DE5CEE33DBEF9CD5B8A47916F1818A650EAFEE9C692CEDEBBEA1EC0FBC","73B3AED50A08C287E2A36F72C889352F171FA038B126A8765CDDCB47FE943E5F"
"166","0","3","-1","256","8","128","0","2","1250","0","late_ack_setup","TIMING_STRESS_TVD_ACK_UNVERIFIED","PASS","LATE_ASSERTION_TIMING_STRESS","1","0","0","1","1","3","24","269","1106152000","1126168000","1130272000","1130272000","1150488000","1129022000","0","1150488000","0","0","0","1130400000","1130424000","1130472000","1129022000","1129048000","1129096000","0","1","1","27","[(0, 96), (0, 255), (0, 5)]","22870000","1250000","470F87565F84728DDC8746D73AD82B0994698E0A909AE5ED92449AE372BDE7A1","437FC2D32052598756943898103718E4017945A7156473E9B22BD23B106A3D2A"
"167","0","3","-1","256","8","0","0","2","1234","0","late_ack_setup","TIMING_STRESS_TVD_ACK_UNVERIFIED","PASS","LATE_ASSERTION_TIMING_STRESS","1","0","0","1","1","3","24","261","1103240000","1123256000","1127360000","1127360000","1147448000","1126126000","0","1147448000","0","0","0","1127360000","1127384000","1127432000","1126126000","1126152000","1126200000","0","1","1","27","[(0, 96), (0, 255), (0, 5)]","22886000","1234000","D5B44135C4FFF28F852D2086EAA596718ED4EBE14D748716A475305203E53736","73B3AED50A08C287E2A36F72C889352F171FA038B126A8765CDDCB47FE943E5F"
"168","0","3","-1","256","8","128","0","2","1234","0","late_ack_setup","TIMING_STRESS_TVD_ACK_UNVERIFIED","PASS","LATE_ASSERTION_TIMING_STRESS","1","0","0","1","1","3","24","269","1106152000","1126168000","1130272000","1130272000","1150488000","1129038000","0","1150488000","0","0","0","1130400000","1130424000","1130472000","1129038000","1129064000","1129112000","0","1","1","27","[(0, 96), (0, 255), (0, 5)]","22886000","1234000","638D17BF90D14DBB1EAF7E844F18A83C2049C59ED209E4C2C9CCD150CA4AC10F","437FC2D32052598756943898103718E4017945A7156473E9B22BD23B106A3D2A"
"169","0","3","-1","256","8","0","0","2","32","0","late_ack_setup","TIMING_STRESS_TVD_ACK_UNVERIFIED","PASS","LATE_ASSERTION_TIMING_STRESS","1","0","0","1","1","3","24","261","1103240000","1123256000","1127360000","1127360000","1147448000","1127328000","0","1147448000","0","0","0","1127360000","1127384000","1127432000","1127328000","1127352000","1127400000","0","1","1","27","[(0, 96), (0, 255), (0, 5)]","24088000","32000","0A90B1287C7149CC9BB559E57CF1C7255CFD78386BDB664987D8FEB0B7791D16","73B3AED50A08C287E2A36F72C889352F171FA038B126A8765CDDCB47FE943E5F"
"170","0","3","-1","256","8","128","0","2","32","0","late_ack_setup","TIMING_STRESS_TVD_ACK_UNVERIFIED","PASS","LATE_ASSERTION_TIMING_STRESS","1","0","0","1","1","3","24","269","1106152000","1126168000","1130272000","1130272000","1150488000","1130240000","0","1150488000","0","0","0","1130400000","1130424000","1130472000","1130240000","1130264000","1130312000","0","1","1","27","[(0, 96), (0, 255), (0, 5)]","24088000","32000","07DE1D7EB6BB765C0BF51B07225391844032DF512FBBC299372FFC2C1BDA2B6D","437FC2D32052598756943898103718E4017945A7156473E9B22BD23B106A3D2A"
"171","0","3","-1","256","8","0","0","2","16","0","late_ack_setup","TIMING_STRESS_TVD_ACK_UNVERIFIED","PASS","LATE_ASSERTION_TIMING_STRESS","1","0","0","1","1","3","24","261","1103240000","1123256000","1127360000","1127360000","1147448000","1127344000","0","1147448000","0","0","0","1127360000","1127384000","1127432000","1127344000","1127368000","1127416000","0","1","1","27","[(0, 96), (0, 255), (0, 5)]","24104000","16000","E19C6C0B22D675ED567F000B65D68FF3D5E617A78DF7E336BBCA0AB015DC3B03","73B3AED50A08C287E2A36F72C889352F171FA038B126A8765CDDCB47FE943E5F"
"172","0","3","-1","256","8","128","0","2","16","0","late_ack_setup","TIMING_STRESS_TVD_ACK_UNVERIFIED","PASS","LATE_ASSERTION_TIMING_STRESS","1","0","0","1","1","3","24","269","1106152000","1126168000","1130272000","1130272000","1150488000","1130256000","0","1150488000","0","0","0","1130400000","1130424000","1130472000","1130256000","1130280000","1130328000","0","1","1","27","[(0, 96), (0, 255), (0, 5)]","24104000","16000","89F33736F4D54A6F5DE5B7B1FCED3306EBC7469A531025296F51F337396DA0F6","437FC2D32052598756943898103718E4017945A7156473E9B22BD23B106A3D2A"
"173","0","3","-1","256","8","0","0","2","0","0","late_ack_setup","TIMING_STRESS_TVD_ACK_UNVERIFIED","PASS","LATE_ASSERTION_TIMING_STRESS","1","0","0","1","1","3","24","261","1103240000","1123256000","1127360000","1127360000","1147448000","1127360000","0","1147448000","0","0","0","1127360000","1127384000","1127432000","1127360000","1127384000","1127432000","0","1","1","27","[(0, 96), (0, 255), (0, 5)]","24120000","0","F3EB36499141ED2DEEAFA0D17587E5D119A41993596442E56E077F8056592AF7","73B3AED50A08C287E2A36F72C889352F171FA038B126A8765CDDCB47FE943E5F"
"174","0","3","-1","256","8","128","0","2","0","0","late_ack_setup","TIMING_STRESS_TVD_ACK_UNVERIFIED","PASS","LATE_ASSERTION_TIMING_STRESS","1","0","0","1","1","3","24","269","1106152000","1126168000","1130272000","1130272000","1150488000","1130272000","0","1150488000","0","0","0","1130400000","1130424000","1130472000","1130272000","1130296000","1130344000","0","1","1","27","[(0, 96), (0, 255), (0, 5)]","24120000","0","AC6E2C15A513E70D079CF8267079DA3ED12286277F17EF92741A57632D25C1EA","437FC2D32052598756943898103718E4017945A7156473E9B22BD23B106A3D2A"
"175","1","1","-1","256","8","0","0","2","2000","0","late_ack_setup","TIMING_STRESS_TVD_ACK_UNVERIFIED","PASS","LATE_ASSERTION_TIMING_STRESS","1","0","0","2","1","3","24","261","742232000","762248000","766352000","766352000","786440000","764352000","0","786440000","0","0","0","766352000","766376000","766424000","764352000","764376000","764424000","0","2","1","36","[(0, 96), (0, 244), (1, 97)]","22120000","2000000","20422A9E5BC83FA9B1F02861CC70E6DD2541B92EB6BA162344D42B474F3B40A5","FA28BB8A45BBC99D097CC5CB6587C15FCF2EF2311E8754A077ADE2174EDC9A8D"
"176","1","1","-1","256","8","128","0","2","2000","0","late_ack_setup","TIMING_STRESS_TVD_ACK_UNVERIFIED","PASS","LATE_ASSERTION_TIMING_STRESS","1","0","0","2","1","3","24","269","744136000","764152000","768256000","768256000","788472000","766256000","0","788472000","0","0","0","768384000","768408000","768456000","766256000","766280000","766328000","0","2","1","36","[(0, 96), (0, 244), (1, 97)]","22120000","2000000","C7A8CEFE28AC9B11EBD3C70FD32E9C58F312FE3E37296B5D4EF9E624624A5C0F","51CACA3D7FA7AE04BEFF59E950234DEB2A534EE242C7A9B31588139570968329"
"177","1","1","-1","256","8","0","0","2","1282","0","late_ack_setup","TIMING_STRESS_TVD_ACK_UNVERIFIED","PASS","LATE_ASSERTION_TIMING_STRESS","1","0","0","2","1","3","24","261","742232000","762248000","766352000","766352000","786440000","765070000","0","786440000","0","0","0","766352000","766376000","766424000","765070000","765096000","765144000","0","2","1","36","[(0, 96), (0, 244), (1, 97)]","22838000","1282000","A1E695BCA298F5A6EE87F218DB6993D8924579D720CB9FAE09C8DEB3D21FE1D1","FA28BB8A45BBC99D097CC5CB6587C15FCF2EF2311E8754A077ADE2174EDC9A8D"
"178","1","1","-1","256","8","128","0","2","1282","0","late_ack_setup","TIMING_STRESS_TVD_ACK_UNVERIFIED","PASS","LATE_ASSERTION_TIMING_STRESS","1","0","0","2","1","3","24","269","744136000","764152000","768256000","768256000","788472000","766974000","0","788472000","0","0","0","768384000","768408000","768456000","766974000","767000000","767048000","0","2","1","36","[(0, 96), (0, 244), (1, 97)]","22838000","1282000","480B5A77EBE9170B45AC0C65D9B7F9CB3F18E3C2BD6DEE2C6FCD5214BE7EEF63","51CACA3D7FA7AE04BEFF59E950234DEB2A534EE242C7A9B31588139570968329"
"179","1","1","-1","256","8","0","0","2","1266","0","late_ack_setup","TIMING_STRESS_TVD_ACK_UNVERIFIED","PASS","LATE_ASSERTION_TIMING_STRESS","1","0","0","2","1","3","24","261","742232000","762248000","766352000","766352000","786440000","765086000","0","786440000","0","0","0","766352000","766376000","766424000","765086000","765112000","765160000","0","2","1","36","[(0, 96), (0, 244), (1, 97)]","22854000","1266000","B2441D48A0520B93D8F71C5CE64A650134C6E04EFCDADBFBD9C49212DA2DFE65","FA28BB8A45BBC99D097CC5CB6587C15FCF2EF2311E8754A077ADE2174EDC9A8D"
"180","1","1","-1","256","8","128","0","2","1266","0","late_ack_setup","TIMING_STRESS_TVD_ACK_UNVERIFIED","PASS","LATE_ASSERTION_TIMING_STRESS","1","0","0","2","1","3","24","269","744136000","764152000","768256000","768256000","788472000","766990000","0","788472000","0","0","0","768384000","768408000","768456000","766990000","767016000","767064000","0","2","1","36","[(0, 96), (0, 244), (1, 97)]","22854000","1266000","CFFA0B0F5DB50E3804DA664906740F8E9EB67D4C2D06EF0511C2ACFF6E9371D0","51CACA3D7FA7AE04BEFF59E950234DEB2A534EE242C7A9B31588139570968329"
"181","1","1","-1","256","8","0","0","2","1250","0","late_ack_setup","TIMING_STRESS_TVD_ACK_UNVERIFIED","PASS","LATE_ASSERTION_TIMING_STRESS","1","0","0","2","1","3","24","261","742232000","762248000","766352000","766352000","786440000","765102000","0","786440000","0","0","0","766352000","766376000","766424000","765102000","765128000","765176000","0","2","1","36","[(0, 96), (0, 244), (1, 97)]","22870000","1250000","D696CEDAF2CF82677C50855882EE1F6A05768E29B69F487AB3394AD9ECE98F7B","FA28BB8A45BBC99D097CC5CB6587C15FCF2EF2311E8754A077ADE2174EDC9A8D"
"182","1","1","-1","256","8","128","0","2","1250","0","late_ack_setup","TIMING_STRESS_TVD_ACK_UNVERIFIED","PASS","LATE_ASSERTION_TIMING_STRESS","1","0","0","2","1","3","24","269","744136000","764152000","768256000","768256000","788472000","767006000","0","788472000","0","0","0","768384000","768408000","768456000","767006000","767032000","767080000","0","2","1","36","[(0, 96), (0, 244), (1, 97)]","22870000","1250000","86874764364E10B0CD4C8ADA1CDB29FAF64B915FBCA20BE429B811FF076EFCA9","51CACA3D7FA7AE04BEFF59E950234DEB2A534EE242C7A9B31588139570968329"
"183","1","1","-1","256","8","0","0","2","1234","0","late_ack_setup","TIMING_STRESS_TVD_ACK_UNVERIFIED","PASS","LATE_ASSERTION_TIMING_STRESS","1","0","0","2","1","3","24","261","742232000","762248000","766352000","766352000","786440000","765118000","0","786440000","0","0","0","766352000","766376000","766424000","765118000","765144000","765192000","0","2","1","36","[(0, 96), (0, 244), (1, 97)]","22886000","1234000","F951FFD39F4A7C0BB847DAE534347C7A6CA5C65AAE5ACABCBC4B7A9CB622EA02","FA28BB8A45BBC99D097CC5CB6587C15FCF2EF2311E8754A077ADE2174EDC9A8D"
"184","1","1","-1","256","8","128","0","2","1234","0","late_ack_setup","TIMING_STRESS_TVD_ACK_UNVERIFIED","PASS","LATE_ASSERTION_TIMING_STRESS","1","0","0","2","1","3","24","269","744136000","764152000","768256000","768256000","788472000","767022000","0","788472000","0","0","0","768384000","768408000","768456000","767022000","767048000","767096000","0","2","1","36","[(0, 96), (0, 244), (1, 97)]","22886000","1234000","B8C6868BC573EA99CC2035BB8AD9C41A1BA06CEED14C8EA59F91AE31190AE4C7","51CACA3D7FA7AE04BEFF59E950234DEB2A534EE242C7A9B31588139570968329"
"185","1","1","-1","256","8","0","0","2","32","0","late_ack_setup","TIMING_STRESS_TVD_ACK_UNVERIFIED","PASS","LATE_ASSERTION_TIMING_STRESS","1","0","0","2","1","3","24","261","742232000","762248000","766352000","766352000","786440000","766320000","0","786440000","0","0","0","766352000","766376000","766424000","766320000","766344000","766392000","0","2","1","36","[(0, 96), (0, 244), (1, 97)]","24088000","32000","617A5B224B8ECDF008AB8C0E7E83F3FC0386E89BA63B39DCC4FB409CE8262074","FA28BB8A45BBC99D097CC5CB6587C15FCF2EF2311E8754A077ADE2174EDC9A8D"
"186","1","1","-1","256","8","128","0","2","32","0","late_ack_setup","TIMING_STRESS_TVD_ACK_UNVERIFIED","PASS","LATE_ASSERTION_TIMING_STRESS","1","0","0","2","1","3","24","269","744136000","764152000","768256000","768256000","788472000","768224000","0","788472000","0","0","0","768384000","768408000","768456000","768224000","768248000","768296000","0","2","1","36","[(0, 96), (0, 244), (1, 97)]","24088000","32000","B7922064E5DFCA1F30617A246C0C8E1CD6D6F595334A623CBA27469C2CFA72DF","51CACA3D7FA7AE04BEFF59E950234DEB2A534EE242C7A9B31588139570968329"
"187","1","1","-1","256","8","0","0","2","16","0","late_ack_setup","TIMING_STRESS_TVD_ACK_UNVERIFIED","PASS","LATE_ASSERTION_TIMING_STRESS","1","0","0","2","1","3","24","261","742232000","762248000","766352000","766352000","786440000","766336000","0","786440000","0","0","0","766352000","766376000","766424000","766336000","766360000","766408000","0","2","1","36","[(0, 96), (0, 244), (1, 97)]","24104000","16000","3FE23F2F40CB574A15DE67F40DFBE6FC4C951C333F3A4A4D3D2485649D46F984","FA28BB8A45BBC99D097CC5CB6587C15FCF2EF2311E8754A077ADE2174EDC9A8D"
"188","1","1","-1","256","8","128","0","2","16","0","late_ack_setup","TIMING_STRESS_TVD_ACK_UNVERIFIED","PASS","LATE_ASSERTION_TIMING_STRESS","1","0","0","2","1","3","24","269","744136000","764152000","768256000","768256000","788472000","768240000","0","788472000","0","0","0","768384000","768408000","768456000","768240000","768264000","768312000","0","2","1","36","[(0, 96), (0, 244), (1, 97)]","24104000","16000","E708366DE5BB7881033399E5C2B787AA5115815B2F28A15BCDEFBA83C52DB803","51CACA3D7FA7AE04BEFF59E950234DEB2A534EE242C7A9B31588139570968329"
"189","1","1","-1","256","8","0","0","2","0","0","late_ack_setup","TIMING_STRESS_TVD_ACK_UNVERIFIED","PASS","LATE_ASSERTION_TIMING_STRESS","1","0","0","2","1","3","24","261","742232000","762248000","766352000","766352000","786440000","766352000","0","786440000","0","0","0","766352000","766376000","766424000","766352000","766376000","766424000","0","2","1","36","[(0, 96), (0, 244), (1, 97)]","24120000","0","5469010707E8AFEFB9C68C90C26BF505D4907BDDFCFF9F866E01AA382C94B583","FA28BB8A45BBC99D097CC5CB6587C15FCF2EF2311E8754A077ADE2174EDC9A8D"
"190","1","1","-1","256","8","128","0","2","0","0","late_ack_setup","TIMING_STRESS_TVD_ACK_UNVERIFIED","PASS","LATE_ASSERTION_TIMING_STRESS","1","0","0","2","1","3","24","269","744136000","764152000","768256000","768256000","788472000","768256000","0","788472000","0","0","0","768384000","768408000","768456000","768256000","768280000","768328000","0","2","1","36","[(0, 96), (0, 244), (1, 97)]","24120000","0","9702FB6856EFFC4C88937C27B2D68E5647E4B17E3374D114F74638AC502CD26C","51CACA3D7FA7AE04BEFF59E950234DEB2A534EE242C7A9B31588139570968329"
"191","0","3","-1","256","8","32","32","0","2000","0","rise_recognition","DIGITAL_SENSITIVITY_ANALOG_UNVERIFIED","PASS","CLEAN_VALID_PATH","1","0","0","1","1","3","24","263","1103656000","1123672000","1127776000","1127776000","1147896000","1103656000","0","1147896000","0","0","0","1127808000","1127832000","1127880000","1103656000","1103688000","1103736000","0","1","1","27","[(0, 96), (0, 255), (0, 5)]","0","24120000","22CB56F6335A19DF6DC613F5CD8C8B9B16463AC37FCD6AF8772A2D197B4A216B","64CC7D6F129594DBDDAB8BF647A3083C9EAAD1D7648478F2262694CFBBD460D5"
"192","0","3","-1","256","8","32","32","2","1250","0","rise_recognition","TIMING_STRESS_TVD_ACK_UNVERIFIED","PASS","LATE_ASSERTION_TIMING_STRESS","1","0","0","1","1","3","24","263","1103656000","1123672000","1127776000","1127776000","1147896000","1126526000","0","1147896000","0","0","0","1127808000","1127832000","1127880000","1126526000","1126552000","1126600000","0","1","1","27","[(0, 96), (0, 255), (0, 5)]","22870000","1250000","1708FF10CFBAA19B5A5B7A5FAA245012EC19E68850F06D07704C8CA084866973","64CC7D6F129594DBDDAB8BF647A3083C9EAAD1D7648478F2262694CFBBD460D5"
"193","0","3","-1","256","8","128","32","0","2000","0","rise_recognition","DIGITAL_SENSITIVITY_ANALOG_UNVERIFIED","PASS","CLEAN_VALID_PATH","1","0","0","1","1","3","24","269","1106152000","1126168000","1130272000","1130272000","1150488000","1106152000","0","1150488000","0","0","0","1130400000","1130424000","1130472000","1106152000","1106184000","1106232000","0","1","1","27","[(0, 96), (0, 255), (0, 5)]","0","24120000","8CC4CA5982D6694BC8090A468CFD6CDD1DB9B0ED7C6E3E78A19FA24618BA38FD","437FC2D32052598756943898103718E4017945A7156473E9B22BD23B106A3D2A"
"194","0","3","-1","256","8","128","32","2","1250","0","rise_recognition","TIMING_STRESS_TVD_ACK_UNVERIFIED","PASS","LATE_ASSERTION_TIMING_STRESS","1","0","0","1","1","3","24","269","1106152000","1126168000","1130272000","1130272000","1150488000","1129022000","0","1150488000","0","0","0","1130400000","1130424000","1130472000","1129022000","1129048000","1129096000","0","1","1","27","[(0, 96), (0, 255), (0, 5)]","22870000","1250000","37AA311B5A8EF129DC4979BAFB73228D5FAD5541911AE6F161E3355073BF2143","437FC2D32052598756943898103718E4017945A7156473E9B22BD23B106A3D2A"
"195","0","3","-1","256","8","500","32","0","2000","0","rise_recognition","DIGITAL_SENSITIVITY_ANALOG_UNVERIFIED","PASS","CLEAN_VALID_PATH","1","0","0","1","1","3","24","292","1116136000","1136152000","1140256000","1140256000","1160840000","1116136000","0","1160840000","0","0","0","1140756000","1140776000","1140824000","1116136000","1116168000","1116216000","0","1","1","27","[(0, 96), (0, 255), (0, 5)]","0","24120000","556535C406986D437B9BECE8C4BC854447D2EF7C5877F620E2A3F8319F671503","48E5CA52486FEAA8188C0F65F29D2F4C003C7B801D2D7539966CF6640E4C365C"
"196","0","3","-1","256","8","500","32","2","1250","0","rise_recognition","TIMING_STRESS_TVD_ACK_UNVERIFIED","PASS","LATE_ASSERTION_TIMING_STRESS","1","0","0","1","1","3","24","292","1116136000","1136152000","1140256000","1140256000","1160840000","1139006000","0","1160840000","0","0","0","1140756000","1140776000","1140824000","1139006000","1139032000","1139080000","0","1","1","27","[(0, 96), (0, 255), (0, 5)]","22870000","1250000","E962C0AD115D2FD7845D611CCA758C46E27277418918DAB2674A5877D134500A","48E5CA52486FEAA8188C0F65F29D2F4C003C7B801D2D7539966CF6640E4C365C"
"197","0","3","-1","256","8","1000","32","0","2000","0","rise_recognition","DIGITAL_SENSITIVITY_ANALOG_UNVERIFIED","PASS","CLEAN_VALID_PATH","1","0","0","1","1","3","24","323","1129032000","1149048000","1153152000","1153152000","1174232000","1129032000","0","1174232000","0","0","0","1154152000","1154168000","1154216000","1129032000","1129064000","1129112000","0","1","1","27","[(0, 96), (0, 255), (0, 5)]","0","24120000","7626961D3648EE9D74CA8C677348B5338EFAA10AADD79B99221AA3FF477C0DCA","3B2C84DE798D11699227FC7EC37B4D3C1ED289C77C004754CFA208CF9EB448B7"
"198","0","3","-1","256","8","1000","32","2","1250","0","rise_recognition","TIMING_STRESS_TVD_ACK_UNVERIFIED","PASS","LATE_ASSERTION_TIMING_STRESS","1","0","0","1","1","3","24","323","1129032000","1149048000","1153152000","1153152000","1174232000","1151902000","0","1174232000","0","0","0","1154152000","1154168000","1154216000","1151902000","1151928000","1151976000","0","1","1","27","[(0, 96), (0, 255), (0, 5)]","22870000","1250000","903572C9D18218A9FE725316AD5C2E9F9C10FA06B9EAD9F08A145709A46EF367","3B2C84DE798D11699227FC7EC37B4D3C1ED289C77C004754CFA208CF9EB448B7"
"199","0","3","-1","256","8","2000","32","0","2000","0","rise_recognition","DIGITAL_SENSITIVITY_ANALOG_UNVERIFIED","PASS","CLEAN_SENSITIVITY","1","0","0","1","1","3","24","386","1154824000","1174840000","1178944000","1178944000","1201032000","1154824000","0","1201032000","0","0","0","1180944000","1180968000","1181016000","1154824000","1154856000","1154904000","0","1","1","27","[(0, 96), (0, 255), (0, 5)]","0","24120000","EDE8B2B0176695688D6A50EE1AA65F6E0687A07015390A408CA278169AA1ABB1","B1C7CDBBDB18BCB80DF8AFA44C95218170E14FEE8DE2E48816A5B7B28A897BB6"
"200","0","3","-1","256","8","2000","32","2","1250","0","rise_recognition","TIMING_STRESS_TVD_ACK_UNVERIFIED","PASS","LATE_ASSERTION_TIMING_STRESS","1","0","0","1","1","3","24","386","1154824000","1174840000","1178944000","1178944000","1201032000","1177694000","0","1201032000","0","0","0","1180944000","1180968000","1181016000","1177694000","1177720000","1177768000","0","1","1","27","[(0, 96), (0, 255), (0, 5)]","22870000","1250000","771E58E50265E752EDF5F0AFC94CEDEE85CA151C5B8240B9C57F8B7D1B05C637","B1C7CDBBDB18BCB80DF8AFA44C95218170E14FEE8DE2E48816A5B7B28A897BB6"
"201","1","1","-1","256","8","32","32","0","2000","0","rise_recognition","DIGITAL_SENSITIVITY_ANALOG_UNVERIFIED","PASS","CLEAN_VALID_PATH","1","0","0","2","1","3","24","263","742504000","762520000","766624000","766624000","786744000","742504000","0","786744000","0","0","0","766656000","766680000","766728000","662248000","662280000","662328000","0","2","1","36","[(0, 96), (0, 244), (1, 97)]","0","24120000","C65F4D3AF0E94B9B8AAA54BBFC7ECC963BD097150BDE54326C0BD7333E24ADD3","BF2C10E36330E710871C2F94ACCBA3D79E9A760C648D8272F2916089F12DCA02"
"202","1","1","-1","256","8","32","32","2","1250","0","rise_recognition","TIMING_STRESS_TVD_ACK_UNVERIFIED","PASS","LATE_ASSERTION_TIMING_STRESS","1","0","0","2","1","3","24","263","742504000","762520000","766624000","766624000","786744000","765374000","0","786744000","0","0","0","766656000","766680000","766728000","765374000","765400000","765448000","0","2","1","36","[(0, 96), (0, 244), (1, 97)]","22870000","1250000","911AB7D271E541901C8009C9FD7708BE58DEC218F57826F6A636584D1BD05260","BF2C10E36330E710871C2F94ACCBA3D79E9A760C648D8272F2916089F12DCA02"
"203","1","1","-1","256","8","128","32","0","2000","0","rise_recognition","DIGITAL_SENSITIVITY_ANALOG_UNVERIFIED","PASS","CLEAN_VALID_PATH","1","0","0","2","1","3","24","269","744136000","764152000","768256000","768256000","788472000","744136000","0","788472000","0","0","0","768384000","768408000","768456000","663688000","663720000","663768000","0","2","1","36","[(0, 96), (0, 244), (1, 97)]","0","24120000","DB603AB13FEF9B2D4895731036956D91BE108D894D0A3F387A95C0B6504FD726","51CACA3D7FA7AE04BEFF59E950234DEB2A534EE242C7A9B31588139570968329"
"204","1","1","-1","256","8","128","32","2","1250","0","rise_recognition","TIMING_STRESS_TVD_ACK_UNVERIFIED","PASS","LATE_ASSERTION_TIMING_STRESS","1","0","0","2","1","3","24","269","744136000","764152000","768256000","768256000","788472000","767006000","0","788472000","0","0","0","768384000","768408000","768456000","767006000","767032000","767080000","0","2","1","36","[(0, 96), (0, 244), (1, 97)]","22870000","1250000","595B6092095B25D38BAABA231F8F35668784ACAA73FB68F37D007E46DB24C20B","51CACA3D7FA7AE04BEFF59E950234DEB2A534EE242C7A9B31588139570968329"
"205","1","1","-1","256","8","500","32","0","2000","0","rise_recognition","DIGITAL_SENSITIVITY_ANALOG_UNVERIFIED","PASS","CLEAN_VALID_PATH","1","0","0","2","1","3","24","292","750664000","770680000","774784000","774784000","795368000","750664000","0","795368000","0","0","0","775284000","775304000","775352000","669448000","669480000","669528000","0","2","1","36","[(0, 96), (0, 244), (1, 97)]","0","24120000","1785281EED9EE07E913F82E7BBF2C1441CEF3530F54E9C40D6668D996C5BA5F0","0C6F2B70BE1039029D3392B9A1C5EDE5AC361D3134E54975CD6ADDF296603431"
"206","1","1","-1","256","8","500","32","2","1250","0","rise_recognition","TIMING_STRESS_TVD_ACK_UNVERIFIED","PASS","LATE_ASSERTION_TIMING_STRESS","1","0","0","2","1","3","24","292","750664000","770680000","774784000","774784000","795368000","773534000","0","795368000","0","0","0","775284000","775304000","775352000","773534000","773560000","773608000","0","2","1","36","[(0, 96), (0, 244), (1, 97)]","22870000","1250000","7CFE5B93AC8DDD3E731AB52902ACAEF6DB38C68D48CF5BE5D097F35D631D081A","0C6F2B70BE1039029D3392B9A1C5EDE5AC361D3134E54975CD6ADDF296603431"
"207","1","1","-1","256","8","1000","32","0","2000","0","rise_recognition","DIGITAL_SENSITIVITY_ANALOG_UNVERIFIED","PASS","CLEAN_VALID_PATH","1","0","0","2","1","3","24","323","759096000","779112000","783216000","783216000","804296000","759096000","0","804296000","0","0","0","784216000","784232000","784280000","676888000","676920000","676968000","0","2","1","36","[(0, 96), (0, 244), (1, 97)]","0","24120000","2BAD9F7E83BE4506ADF2588B0FB9EF90D300E8FDD95F0B25F2589CF7436B346F","A554750170084A47FF663F149C8AADA925D914A803DE2E6F7A23FA0C096D38D1"
"208","1","1","-1","256","8","1000","32","2","1250","0","rise_recognition","TIMING_STRESS_TVD_ACK_UNVERIFIED","PASS","LATE_ASSERTION_TIMING_STRESS","1","0","0","2","1","3","24","323","759096000","779112000","783216000","783216000","804296000","781966000","0","804296000","0","0","0","784216000","784232000","784280000","781966000","781992000","782040000","0","2","1","36","[(0, 96), (0, 244), (1, 97)]","22870000","1250000","A383559E57AB7E1F85F5002903EDE06FED321E9F87D9C74E3A5B64F44F830DB7","A554750170084A47FF663F149C8AADA925D914A803DE2E6F7A23FA0C096D38D1"
"209","1","1","-1","256","8","2000","32","0","2000","0","rise_recognition","DIGITAL_SENSITIVITY_ANALOG_UNVERIFIED","PASS","CLEAN_SENSITIVITY","1","0","0","2","1","3","24","386","775960000","795976000","800080000","800080000","822168000","775960000","0","822168000","0","0","0","802080000","802104000","802152000","691768000","691800000","691848000","0","2","1","36","[(0, 96), (0, 244), (1, 97)]","0","24120000","BED8D0176CF7E6141119FC13087EFF5E8FE368F51C7FF4F0757A26722C072029","9D26373F7E64A7F95CAF93B1087C918F849AB182B7E28430951CF99B26EC801E"
"210","1","1","-1","256","8","2000","32","2","1250","0","rise_recognition","TIMING_STRESS_TVD_ACK_UNVERIFIED","PASS","LATE_ASSERTION_TIMING_STRESS","1","0","0","2","1","3","24","386","775960000","795976000","800080000","800080000","822168000","798830000","0","822168000","0","0","0","802080000","802104000","802152000","798830000","798856000","798904000","0","2","1","36","[(0, 96), (0, 244), (1, 97)]","22870000","1250000","AF21DF7E66B5582EBCC6BB3F16236EFEB2502F4948763B2CE0E74B866E194632","9D26373F7E64A7F95CAF93B1087C918F849AB182B7E28430951CF99B26EC801E"
"211","0","3","-1","256","8","0","0","3","2000","16","early_release_control","INTENTIONALLY_INVALID_ACK_HOLD","PASS","EARLY_RELEASE_INVALID_STRESS","0","0","4","1","1","3","24","261","1103240000","1123256000","1127360000","1127360000","0","1103240000","1127376000","1147448000","1","1","1","1127360000","1127384000","1127432000","1103240000","1103272000","1103320000","1","1","2","27","[(0, 96), (0, 255), (0, 5)]","0","24120000","72C1A09FA8B1A6B672F0BFE4A852B5E042D56B33D000C6635C8EBD51F44E1748","D0C1C649190A8BFC9930542CD8502AAE50722976D31DA92E9C3652BE685D786F"
"212","0","3","-1","256","8","0","0","3","2000","128","early_release_control","INTENTIONALLY_INVALID_ACK_HOLD","PASS","EARLY_RELEASE_INVALID_STRESS","0","0","4","1","1","3","24","261","1103240000","1123256000","1127360000","1127360000","0","1103240000","1127488000","1147448000","1","1","1","1127360000","1127384000","1127432000","1103240000","1103272000","1103320000","1","1","2","27","[(0, 96), (0, 255), (0, 5)]","0","24120000","5A945DEFD0BDBE6E8EA69040834D0760C36CCA1C6A55297116DCAA7926FCBB6F","B4FDF7B719541DE83994E0432B159F082E518AFEAE679DB86A165A252D415BE0"
"213","1","1","-1","256","8","0","0","3","2000","16","early_release_control","INTENTIONALLY_INVALID_ACK_HOLD","PASS","EARLY_RELEASE_INVALID_STRESS","0","0","2","1","1","2","16","261","742232000","762248000","766352000","766352000","0","742232000","766368000","786440000","1","1","1","766352000","766376000","766424000","662008000","662040000","662088000","1","1","2","18","[(0, 96), (0, 244)]","0","24120000","C9A8E4EEDAD63E73ED55753B885A64CEDF980479E5B7EED43B27137DC7701123","544840FD82C2EA9260E60F023E92099590885271560C43751ED63F16FA3A9D9E"
"214","1","1","-1","256","8","0","0","3","2000","128","early_release_control","INTENTIONALLY_INVALID_ACK_HOLD","PASS","EARLY_RELEASE_INVALID_STRESS","0","0","2","1","1","2","16","261","742232000","762248000","766352000","766352000","0","742232000","766480000","786440000","1","1","1","766352000","766376000","766424000","662008000","662040000","662088000","1","1","2","18","[(0, 96), (0, 244)]","0","24120000","81013E6548CA5355802D92DF4CDED20B9FC62EF3212E650427D51B03ECE08D63","0F7A7F51E22D07DB15E3841D5E5BC1D7DBB8FDE9FD50379154487022D9FAC192"
