Copyright 1986-2022 Xilinx, Inc. All Rights Reserved. Copyright 2022-2025 Advanced Micro Devices, Inc. All Rights Reserved.
------------------------------------------------------------------------------------------------------------------------------------------------------------
| Tool Version     : Vivado v.2025.2 (win64) Build 6299465 Fri Nov 14 19:35:11 GMT 2025
| Date             : Fri Aug 21 19:56:06 2026
| Host             : NBLSUDUL running 64-bit major release  (build 9200)
| Command          : report_power -advisory -file C:/FPGA/V41_RCA_PHASE2_POWER_BREAKDOWN_NO_BUILD_R1/03_FORMAL_PHASE2/raw/REPORT_POWER_ADVISORY.rpt
| Design           : ahd_capture_top_xdma
| Device           : xc7a35tcsg325-2
| Design State     : routed
| Grade            : commercial
| Process          : typical
| Characterization : Production
------------------------------------------------------------------------------------------------------------------------------------------------------------

Power Report

Table of Contents
-----------------
1. Summary
1.1 On-Chip Components
1.2 Power Supply Summary
1.3 Confidence Level
2. Settings
2.1 Environment
2.2 Clock Constraints
3. Detailed Reports
3.1 By Hierarchy
4. Advisory

1. Summary
----------

+--------------------------+--------------+
| Total On-Chip Power (W)  | 0.631        |
| Design Power Budget (W)  | Unspecified* |
| Power Budget Margin (W)  | NA           |
| Dynamic (W)              | 0.552        |
| Device Static (W)        | 0.078        |
| Effective TJA (C/W)      | 4.8          |
| Max Ambient (C)          | 82.0         |
| Junction Temperature (C) | 28.0         |
| Confidence Level         | Low          |
| Setting File             | ---          |
| Simulation Activity File | ---          |
| Design Nets Matched      | NA           |
+--------------------------+--------------+
* Specify Design Power Budget using, set_operating_conditions -design_power_budget <value in Watts>


1.1 On-Chip Components
----------------------

+--------------------------+-----------+----------+-----------+-----------------+
| On-Chip                  | Power (W) | Used     | Available | Utilization (%) |
+--------------------------+-----------+----------+-----------+-----------------+
| Clocks                   |     0.044 |       11 |       --- |             --- |
| Slice Logic              |     0.022 |    32616 |       --- |             --- |
|   LUT as Logic           |     0.018 |    11354 |     20800 |           54.59 |
|   Register               |     0.001 |    15187 |     41600 |           36.51 |
|   LUT as Distributed RAM |     0.001 |     1042 |      9600 |           10.85 |
|   CARRY4                 |     0.001 |      697 |      8150 |            8.55 |
|   F7/F8 Muxes            |    <0.001 |      271 |     32600 |            0.83 |
|   LUT as Shift Register  |    <0.001 |       12 |      9600 |            0.13 |
|   Others                 |     0.000 |      265 |       --- |             --- |
| Signals                  |     0.029 |    24901 |       --- |             --- |
| Block RAM                |     0.028 |     21.5 |        50 |           43.00 |
| MMCM                     |     0.224 |        2 |         5 |           40.00 |
| I/O                      |     0.031 |       15 |       150 |           10.00 |
| GTP                      |     0.149 |        1 |       --- |             --- |
| Hard IPs                 |     0.025 |        1 |       --- |             --- |
|   PCIE                   |     0.025 |        1 |         1 |          100.00 |
| Static Power             |     0.078 |          |           |                 |
| Total                    |     0.631 |          |           |                 |
+--------------------------+-----------+----------+-----------+-----------------+


1.2 Power Supply Summary
------------------------

+-----------+-------------+-----------+-------------+------------+-------------+-------------+------------+
| Source    | Voltage (V) | Total (A) | Dynamic (A) | Static (A) | Powerup (A) | Budget (A)  | Margin (A) |
+-----------+-------------+-----------+-------------+------------+-------------+-------------+------------+
| Vccint    |       1.000 |     0.172 |       0.161 |      0.011 |       NA    | Unspecified | NA         |
| Vccaux    |       1.800 |     0.153 |       0.140 |      0.013 |       NA    | Unspecified | NA         |
| Vcco33    |       3.300 |     0.001 |       0.000 |      0.001 |       NA    | Unspecified | NA         |
| Vcco25    |       2.500 |     0.000 |       0.000 |      0.000 |       NA    | Unspecified | NA         |
| Vcco18    |       1.800 |     0.000 |       0.000 |      0.000 |       NA    | Unspecified | NA         |
| Vcco15    |       1.500 |     0.000 |       0.000 |      0.000 |       NA    | Unspecified | NA         |
| Vcco135   |       1.350 |     0.000 |       0.000 |      0.000 |       NA    | Unspecified | NA         |
| Vcco12    |       1.200 |     0.000 |       0.000 |      0.000 |       NA    | Unspecified | NA         |
| Vccaux_io |       1.800 |     0.000 |       0.000 |      0.000 |       NA    | Unspecified | NA         |
| Vccbram   |       1.000 |     0.002 |       0.001 |      0.001 |       NA    | Unspecified | NA         |
| MGTAVcc   |       1.000 |     0.068 |       0.067 |      0.001 |       NA    | Unspecified | NA         |
| MGTAVtt   |       1.200 |     0.062 |       0.059 |      0.003 |       NA    | Unspecified | NA         |
| Vccadc    |       1.800 |     0.020 |       0.000 |      0.020 |       NA    | Unspecified | NA         |
+-----------+-------------+-----------+-------------+------------+-------------+-------------+------------+


1.3 Confidence Level
--------------------

+-----------------------------+------------+--------------------------------------------------------+------------------------------------------------------------------------------------------------------------+
| User Input Data             | Confidence | Details                                                | Action                                                                                                     |
+-----------------------------+------------+--------------------------------------------------------+------------------------------------------------------------------------------------------------------------+
| Design implementation state | High       | Design is routed                                       |                                                                                                            |
| Clock nodes activity        | High       | User specified more than 95% of clocks                 |                                                                                                            |
| I/O nodes activity          | Low        | More than 75% of inputs are missing user specification | Provide missing input activity with simulation results or by editing the "By Resource Type -> I/Os" view   |
| Internal nodes activity     | Medium     | User specified less than 25% of internal nodes         | Provide missing internal nodes activity with simulation results or by editing the "By Resource Type" views |
| Device models               | High       | Device models are Production                           |                                                                                                            |
|                             |            |                                                        |                                                                                                            |
| Overall confidence level    | Low        |                                                        |                                                                                                            |
+-----------------------------+------------+--------------------------------------------------------+------------------------------------------------------------------------------------------------------------+


2. Settings
-----------

2.1 Environment
---------------

+-----------------------+--------------------------+
| Ambient Temp (C)      | 25.0                     |
| ThetaJA (C/W)         | 4.8                      |
| Airflow (LFM)         | 250                      |
| Heat Sink             | medium (Medium Profile)  |
| ThetaSA (C/W)         | 4.6                      |
| Board Selection       | medium (10"x10")         |
| # of Board Layers     | 12to15 (12 to 15 Layers) |
| Board Temperature (C) | 25.0                     |
+-----------------------+--------------------------+


2.2 Clock Constraints
---------------------

+----------------------------+-----------------------------------------------------------------------------------------------------------------------------------------------------+-----------------+
| Clock                      | Domain                                                                                                                                              | Constraint (ns) |
+----------------------------+-----------------------------------------------------------------------------------------------------------------------------------------------------+-----------------+
| clk_125mhz                 | XDMA/inst/xdma_v41_m1_pcie2_to_pcie3_wrapper_i/pcie2_ip_i/inst/inst/gt_top_i/pipe_wrapper_i/pipe_clock_int.pipe_clock_i/clk_125mhz                  |             8.0 |
| clk_250mhz                 | XDMA/inst/xdma_v41_m1_pcie2_to_pcie3_wrapper_i/pcie2_ip_i/inst/inst/gt_top_i/pipe_wrapper_i/pipe_clock_int.pipe_clock_i/clk_250mhz                  |             4.0 |
| idelay_mmcm_feedback_unbuf | NVP_PHYSICAL_FRONTEND/idelay_mmcm_feedback_unbuf                                                                                                    |             6.7 |
| idelay_refclk_unbuf        | NVP_PHYSICAL_FRONTEND/idelay_refclk_unbuf                                                                                                           |             5.1 |
| mmcm_fb                    | XDMA/inst/xdma_v41_m1_pcie2_to_pcie3_wrapper_i/pcie2_ip_i/inst/inst/gt_top_i/pipe_wrapper_i/pipe_clock_int.pipe_clock_i/mmcm_fb                     |            10.0 |
| nvp_vclk1                  | vclk1                                                                                                                                               |             6.7 |
| pcie_refclk_100            | sys_clk_p                                                                                                                                           |            10.0 |
| txoutclk_x0y0              | XDMA/inst/xdma_v41_m1_pcie2_to_pcie3_wrapper_i/pcie2_ip_i/inst/inst/gt_top_i/pipe_wrapper_i/pipe_lane[0].gt_wrapper_i/gtp_channel.gtpe2_channel_i_6 |            10.0 |
| userclk1                   | XDMA/inst/xdma_v41_m1_pcie2_to_pcie3_wrapper_i/pcie2_ip_i/inst/inst/gt_top_i/pipe_wrapper_i/pipe_clock_int.pipe_clock_i/userclk1                    |            16.0 |
+----------------------------+-----------------------------------------------------------------------------------------------------------------------------------------------------+-----------------+


3. Detailed Reports
-------------------

3.1 By Hierarchy
----------------

+--------------------------------------------+-----------+
| Name                                       | Power (W) |
+--------------------------------------------+-----------+
| ahd_capture_top_xdma                       |     0.552 |
|   AXI_LITE_HOST_BRIDGE                     |     0.002 |
|   CAPTURE_SUBSYSTEM                        |     0.019 |
|     BAR_TARGET                             |     0.006 |
|     MAILBOX                                |     0.004 |
|     PRODUCER                               |     0.007 |
|   NVP_AUTOINIT                             |     0.002 |
|     u_sequence                             |     0.002 |
|   NVP_PHYSICAL_FRONTEND                    |     0.149 |
|   XDMA                                     |     0.377 |
|     inst                                   |     0.377 |
|       ram_top                              |     0.007 |
|       udma_wrapper                         |     0.064 |
|       xdma_v41_m1_pcie2_to_pcie3_wrapper_i |     0.306 |
+--------------------------------------------+-----------+


4. Advisory
-----------

+------------------+----------------------------------+--------+------------------------+-------------+--------------------+-----------------+------------------------------------------------------------------------------------------------------------------------------------------------------------------------------------------------------------------------------------------------------------------------------------------------------------------------------+
| Confidence Level | Status                           | Fanout | Signal Type            | Polarity    | Static Probability | Toggle Rate (%) | Net                                                                                                                                                                                                                                                                                                                          |
+------------------+----------------------------------+--------+------------------------+-------------+--------------------+-----------------+------------------------------------------------------------------------------------------------------------------------------------------------------------------------------------------------------------------------------------------------------------------------------------------------------------------------------+
| Low              | Excessive Set/Reset/Preset/Clear |   1305 | Reset/Set              | Active High |               0.52 |             3.3 | CAPTURE_SUBSYSTEM/application_reset_nvp                                                                                                                                                                                                                                                                                      |
| Low              | Excessive Set/Reset/Preset/Clear |   1179 | Set/Reset/Preset/Clear | Active High |               0.51 |             6.1 | XDMA/inst/xdma_v41_m1_pcie2_to_pcie3_wrapper_i/pcie2_ip_i/inst/inst/user_reset_out                                                                                                                                                                                                                                           |
| Low              | Excessive Set/Reset/Preset/Clear |    172 | Reset                  | Active High |               0.67 |            10.6 | XDMA/inst/udma_wrapper/dma_top/dma_enable.vul_dma/WR/gen_rdwr_loop[0].gen_rdwr_eng.RDWR_INST/DSC_FIFO/RdPtr[2]_i_1_n_0                                                                                                                                                                                                       |
| Low              | Excessive Set/Reset/Preset/Clear |    160 | Reset                  | Active High |               0.52 |             3.3 | CAPTURE_SUBSYSTEM/MAILBOX/arm_rejected_v[0]                                                                                                                                                                                                                                                                                  |
| Low              | Excessive Set/Reset/Preset/Clear |    140 | Reset                  | Active High |               0.50 |            11.6 | XDMA/inst/udma_wrapper/dma_top/dma_enable.vul_dma/RD/gen_rdwr_loop[0].gen_rdwr_eng.RDWR_INST/RRQ_FIFO/pcie_h2c_rst_3ff_reg[0]_rep__2                                                                                                                                                                                         |
| Low              |                                  |    138 |                        | Active High |               0.00 |             0.0 | CAPTURE_SUBSYSTEM/MAILBOX/mailbox_request_count[0]                                                                                                                                                                                                                                                                           |
| Low              | Excessive Set/Reset/Preset/Clear |    138 | Set/Reset              | Active High |               0.99 |             0.0 | XDMA/inst/xdma_v41_m1_pcie2_to_pcie3_wrapper_i/pcie2_ip_i/inst/inst/gt_top_i/pipe_wrapper_i/gtp_pipe_reset.gtp_pipe_reset_i/rst_cpllreset                                                                                                                                                                                    |
| Low              | Excessive Set/Reset/Preset/Clear |    112 | Reset                  | Active High |               0.67 |            10.9 | XDMA/inst/udma_wrapper/dma_top/dma_enable.vul_dma/RD/gen_rdwr_loop[0].gen_rdwr_eng.RDWR_INST/DSC_FIFO/RdPtr[2]_i_1__0_n_0                                                                                                                                                                                                    |
| Low              | Excessive Set/Reset/Preset/Clear |    103 | Reset                  | Active High |               0.50 |            11.6 | XDMA/inst/udma_wrapper/dma_top/dma_enable.vul_dma/WR/gen_rdwr_loop[0].gen_rdwr_eng.RDWR_INST/WRQ_FIFO/FifoCntrRd[2]_i_1__2_n_0                                                                                                                                                                                               |
| Low              | Excessive Set/Reset/Preset/Clear |     95 | Reset                  | Active High |               0.63 |             8.3 | CAPTURE_SUBSYSTEM/MAILBOX/nvp_cfg_pulse_reg_0[0]                                                                                                                                                                                                                                                                             |
| Low              |                                  |     92 |                        | Active High |               0.00 |             0.0 | CAPTURE_SUBSYSTEM/PRODUCER/pending_slot_v[3]_i_1_n_0                                                                                                                                                                                                                                                                         |
| Low              | Excessive Set/Reset/Preset/Clear |     86 | Reset                  | Active High |               0.09 |             7.0 | XDMA/inst/udma_wrapper/dma_top/dma_enable.vul_dma/RD/gen_rdwr_loop[0].gen_rdwr_eng.RDWR_INST/pmon_cyc_cnt_nn10                                                                                                                                                                                                               |
| Low              | Excessive Set/Reset/Preset/Clear |     86 | Reset                  | Active High |               0.09 |             6.9 | XDMA/inst/udma_wrapper/dma_top/dma_enable.vul_dma/WR/gen_rdwr_loop[0].gen_rdwr_eng.RDWR_INST/pmon_cyc_cnt_nn10                                                                                                                                                                                                               |
| Low              | Excessive Set/Reset/Preset/Clear |     81 | Reset                  | Active High |               0.51 |            12.1 | XDMA/inst/udma_wrapper/dma_top/dma_pcie_req/dma_pcie_rq/RQ_FIFO/Head[63]_i_1__6_n_0                                                                                                                                                                                                                                          |
| Low              | Excessive Set/Reset/Preset/Clear |     77 | Reset                  | Active High |               0.21 |            10.8 | XDMA/inst/udma_wrapper/dma_top/dma_enable.vul_dma/RD/gen_rdwr_loop[0].gen_rdwr_eng.RDWR_INST/wrq_rid_vld_301                                                                                                                                                                                                                 |
| Low              |                                  |     77 |                        | Active High |               0.00 |             0.0 | XDMA/inst/udma_wrapper/dma_top/dma_enable.vul_dma/WR/gen_rdwr_loop[0].gen_rdwr_eng.RDWR_INST/wrq_adr_301                                                                                                                                                                                                                     |
| Low              |                                  |     73 |                        | Active High |               0.01 |             0.7 | CAPTURE_SUBSYSTEM/PRODUCER/producer_word_address[8]_i_1_n_0                                                                                                                                                                                                                                                                  |
| Low              | Excessive Set/Reset/Preset/Clear |     68 | Reset/                 | Active High |               0.52 |             3.3 | CAPTURE_SUBSYSTEM/MAILBOX/application_reset_nvp_reg                                                                                                                                                                                                                                                                          |
| Low              |                                  |     66 |                        | Active High |               0.00 |             0.1 | XDMA/inst/xdma_v41_m1_pcie2_to_pcie3_wrapper_i/xdma_v41_m1_axi_stream_intf_i/xdma_v41_m1_tx_mux_i/s_axis_tx_tdata[63]_i_2_n_0                                                                                                                                                                                                |
| Low              |                                  |     64 |                        | Active High |               0.00 |             0.0 | CAPTURE_SUBSYSTEM/MAILBOX/nvp_cfg_abort_reg_0                                                                                                                                                                                                                                                                                |
| Low              |                                  |     64 |                        | Active High |               0.02 |             0.9 | CAPTURE_SUBSYSTEM/PRODUCER/capture_seq_v[0]                                                                                                                                                                                                                                                                                  |
| Low              |                                  |     64 |                        | Active High |               0.00 |             0.0 | CAPTURE_SUBSYSTEM/PRODUCER/frame_seq_v[0]_i_1_n_0                                                                                                                                                                                                                                                                            |
| Low              |                                  |     64 |                        | Active High |               0.00 |             0.0 | XDMA/inst/udma_wrapper/dma_top/dma_enable.vul_dma/WR/gen_rdwr_loop[0].gen_rdwr_eng.RDWR_INST/wrq_adr_out_303[63]_i_1_n_0                                                                                                                                                                                                     |
| Low              |                                  |     64 |                        | Active High |               0.01 |             1.1 | XDMA/inst/udma_wrapper/dma_top/dma_enable.vul_dma/dsc_eng.DSC/dsc_acc_dat_nn1[radr][63]_i_1_n_0                                                                                                                                                                                                                              |
| Low              |                                  |     64 |                        | Active High |               0.02 |             3.0 | XDMA/inst/udma_wrapper/dma_top/dma_enable.vul_dma/dsc_eng.DSC/dsc_acc_dat_nn1[wadr][63]_i_1_n_0                                                                                                                                                                                                                              |
| Low              |                                  |     64 |                        | Active High |               0.00 |             0.0 | XDMA/inst/xdma_v41_m1_pcie2_to_pcie3_wrapper_i/xdma_v41_m1_axi_stream_intf_i/xdma_v41_m1_dma_req_i/wr_data[0]                                                                                                                                                                                                                |
| Low              |                                  |     59 |                        | Active High |               0.00 |             0.0 | XDMA/inst/udma_wrapper/dma_top/dma_enable.vul_dma/dsc_eng.DSC/rcp_adr_nxt_rdy_nn10                                                                                                                                                                                                                                           |
| Low              |                                  |     59 |                        | Active High |               0.00 |             0.0 | XDMA/inst/udma_wrapper/dma_top/dma_enable.vul_dma/dsc_eng.DSC/rcp_adr_nxt_rdy_nn1043_out                                                                                                                                                                                                                                     |
| Low              |                                  |     58 |                        | Active High |               0.02 |             0.0 | XDMA/inst/udma_wrapper/dma_top/axi4mm_bridge_top_inst/axi4mm_axi_mm_master_top_inst/axi4mm_axi_str_masterbr_rdtlp_inst/cplLenFirst_1_ff0                                                                                                                                                                                     |
| Low              |                                  |     49 |                        | Active High |               0.01 |             0.9 | AXI_LITE_HOST_BRIDGE/sel                                                                                                                                                                                                                                                                                                     |
| Low              |                                  |     45 |                        | Active High |               0.00 |             0.2 | NVP_AUTOINIT/u_sequence/first_error_code_r[3]_i_1_n_0                                                                                                                                                                                                                                                                        |
| Low              |                                  |     45 |                        | Active High |               0.00 |             0.1 | NVP_AUTOINIT/u_sequence/nack_log_r[0][49]_i_1_n_0                                                                                                                                                                                                                                                                            |
| Low              |                                  |     45 |                        | Active High |               0.00 |             0.1 | NVP_AUTOINIT/u_sequence/nack_log_r[1][49]_i_1_n_0                                                                                                                                                                                                                                                                            |
| Low              |                                  |     45 |                        | Active High |               0.00 |             0.1 | NVP_AUTOINIT/u_sequence/nack_log_r[2][49]_i_1_n_0                                                                                                                                                                                                                                                                            |
| Low              |                                  |     45 |                        | Active High |               0.00 |             0.1 | NVP_AUTOINIT/u_sequence/nack_log_r[3][49]_i_1_n_0                                                                                                                                                                                                                                                                            |
| Low              |                                  |     45 |                        | Active High |               0.00 |             0.1 | NVP_AUTOINIT/u_sequence/nack_log_r[4][49]_i_1_n_0                                                                                                                                                                                                                                                                            |
| Low              |                                  |     45 |                        | Active High |               0.00 |             0.1 | NVP_AUTOINIT/u_sequence/nack_log_r[5][49]_i_1_n_0                                                                                                                                                                                                                                                                            |
| Low              |                                  |     45 |                        | Active High |               0.00 |             0.1 | NVP_AUTOINIT/u_sequence/nack_log_r[6][49]_i_1_n_0                                                                                                                                                                                                                                                                            |
| Low              |                                  |     45 |                        | Active High |               0.00 |             0.0 | NVP_AUTOINIT/u_sequence/nack_log_r[7][49]_i_1_n_0                                                                                                                                                                                                                                                                            |
| Low              | Excessive Set/Reset/Preset/Clear |     45 | Reset                  | Active High |               0.21 |            10.5 | XDMA/inst/udma_wrapper/dma_top/dma_enable.vul_dma/WR/gen_rdwr_loop[0].gen_rdwr_eng.RDWR_INST/ctl_rst_reg_0[0]                                                                                                                                                                                                                |
| Low              |                                  |     41 |                        | Active High |               0.00 |             0.2 | NVP_AUTOINIT/u_sequence/FSM_onehot_state[34]_i_1_n_0                                                                                                                                                                                                                                                                         |
| Low              | Excessive Set/Reset/Preset/Clear |     39 | Reset                  | Active High |               0.21 |            10.8 | XDMA/inst/udma_wrapper/dma_top/dma_enable.vul_dma/RD/gen_rdwr_loop[0].gen_rdwr_eng.RDWR_INST/dat_fifo_rp_100[8]_i_1_n_0                                                                                                                                                                                                      |
| Low              | Excessive Set/Reset/Preset/Clear |     38 | Reset                  | Active High |               0.51 |            12.1 | XDMA/inst/udma_wrapper/dma_top/base/CFG_INST/reg_rq_meter_mult_upd_ff_reg_0[0]                                                                                                                                                                                                                                               |
| Low              | Excessive Set/Reset/Preset/Clear |     33 | Reset                  | Active High |               1.00 |             0.0 | XDMA/inst/udma_wrapper/dma_top/base/IRQ_INST/msix_req.msix_usr_req[31]_i_1_n_0                                                                                                                                                                                                                                               |
| Low              |                                  |     33 |                        | Active High |               0.00 |             0.0 | XDMA/inst/udma_wrapper/dma_top/dma_enable.vul_dma/WR/gen_rdwr_loop[0].gen_rdwr_eng.RDWR_INST/rrq_dsc_ld_901                                                                                                                                                                                                                  |
| Low              |                                  |     33 |                        | Active High |               0.00 |             0.0 | XDMA/inst/udma_wrapper/dma_top/dma_enable.vul_dma/WR/gen_rdwr_loop[0].gen_rdwr_eng.RDWR_INST/rrq_dsc_ld_901_reg_rep__0_n_0                                                                                                                                                                                                   |
| Low              |                                  |     33 |                        | Active High |               0.00 |             0.0 | XDMA/inst/udma_wrapper/dma_top/dma_enable.vul_dma/WR/gen_rdwr_loop[0].gen_rdwr_eng.RDWR_INST/rrq_dsc_ld_901_reg_rep_n_0                                                                                                                                                                                                      |
| Low              | Excessive Set/Reset/Preset/Clear |     32 | Reset                  | Active High |               0.51 |             6.1 | AXI_LITE_HOST_BRIDGE/SR[0]                                                                                                                                                                                                                                                                                                   |
| Low              |                                  |     32 |                        | Active High |               0.00 |             0.0 | AXI_LITE_HOST_BRIDGE/local_rsp_valid_reg_1[0]                                                                                                                                                                                                                                                                                |
| Low              |                                  |     32 |                        | Active High |               0.00 |             0.1 | AXI_LITE_HOST_BRIDGE/s_axi_rdata[31]_i_1_n_0                                                                                                                                                                                                                                                                                 |
| Low              |                                  |     32 |                        | Active High |               0.00 |             0.0 | AXI_LITE_HOST_BRIDGE/wstrb_stored_reg[0]_2[0]                                                                                                                                                                                                                                                                                |
| Low              |                                  |     32 |                        | Active High |               0.00 |             0.0 | CAPTURE_SUBSYSTEM/BAR_TARGET/capture_submit_pcie                                                                                                                                                                                                                                                                             |
| Low              |                                  |     32 |                        | Active High |               0.00 |             0.0 | CAPTURE_SUBSYSTEM/MAILBOX/nvp_cfg_arm_reg_0                                                                                                                                                                                                                                                                                  |
| Low              |                                  |     32 |                        | Active High |               0.00 |             0.0 | CAPTURE_SUBSYSTEM/MAILBOX/nvp_ready_sync_reg[1]                                                                                                                                                                                                                                                                              |
| Low              |                                  |     32 |                        | Active High |               0.00 |             0.0 | CAPTURE_SUBSYSTEM/MAILBOX/pcie_mailbox_rejected[0]_i_1_n_0                                                                                                                                                                                                                                                                   |
| Low              |                                  |     32 |                        | Active High |               0.01 |             0.8 | CAPTURE_SUBSYSTEM/PRODUCER/adapter_commit                                                                                                                                                                                                                                                                                    |
| Low              |                                  |     32 |                        | Active High |               0.00 |             0.0 | CAPTURE_SUBSYSTEM/PRODUCER/bad_marker_v[0]_i_1_n_0                                                                                                                                                                                                                                                                           |
| Low              |                                  |     32 |                        | Active High |               0.00 |             0.0 | CAPTURE_SUBSYSTEM/PRODUCER/first_source_line_v[31]_i_1_n_0                                                                                                                                                                                                                                                                   |
| Low              |                                  |     32 |                        | Active High |               0.00 |             0.0 | CAPTURE_SUBSYSTEM/PRODUCER/pending_capture_v[31]_i_1_n_0                                                                                                                                                                                                                                                                     |
| Low              |                                  |     32 |                        | Active High |               0.00 |             0.0 | CAPTURE_SUBSYSTEM/PRODUCER/state_v133_out                                                                                                                                                                                                                                                                                    |
| Low              | Excessive Set/Reset/Preset/Clear |     32 | Reset                  | Active High |               1.00 |             0.2 | XDMA/inst/udma_wrapper/dma_top/base/CFG_INST/pclk_reg_dout[31]_i_1__2_n_0                                                                                                                                                                                                                                                    |
| Low              |                                  |     32 |                        | Active High |               0.00 |             0.0 | XDMA/inst/udma_wrapper/dma_top/base/CFG_INST/reg_scratch[0]                                                                                                                                                                                                                                                                  |
| Low              |                                  |     32 |                        | Active High |               0.00 |             0.0 | XDMA/inst/udma_wrapper/dma_top/base/CFG_INST/reg_scratch[0][31]_i_1_n_0                                                                                                                                                                                                                                                      |
| Low              |                                  |     32 |                        | Active High |               0.00 |             0.0 | XDMA/inst/udma_wrapper/dma_top/base/CFG_INST/reg_scratch[1][31]_i_1_n_0                                                                                                                                                                                                                                                      |
| Low              |                                  |     32 |                        | Active High |               0.00 |             0.0 | XDMA/inst/udma_wrapper/dma_top/base/CFG_INST/reg_scratch[2][31]_i_1_n_0                                                                                                                                                                                                                                                      |
| Low              |                                  |     32 |                        | Active High |               0.00 |             0.0 | XDMA/inst/udma_wrapper/dma_top/base/CFG_INST/reg_scratch[3][31]_i_1_n_0                                                                                                                                                                                                                                                      |
| Low              |                                  |     32 |                        | Active High |               0.00 |             0.0 | XDMA/inst/udma_wrapper/dma_top/base/CFG_INST/reg_scratch[4][31]_i_1_n_0                                                                                                                                                                                                                                                      |
| Low              |                                  |     32 |                        | Active High |               0.00 |             0.0 | XDMA/inst/udma_wrapper/dma_top/base/CFG_INST/reg_scratch[5][31]_i_1_n_0                                                                                                                                                                                                                                                      |
| Low              |                                  |     32 |                        | Active High |               0.00 |             0.0 | XDMA/inst/udma_wrapper/dma_top/base/CFG_INST/reg_scratch[6][31]_i_1_n_0                                                                                                                                                                                                                                                      |
| Low              | Excessive Set/Reset/Preset/Clear |     32 | Reset                  | Active High |               1.00 |             0.0 | XDMA/inst/udma_wrapper/dma_top/base/IRQ_INST/msix_internal_xdma.pf0_msix_table/msix_pba_reg_mux0                                                                                                                                                                                                                             |
| Low              | Excessive Set/Reset/Preset/Clear |     32 | Reset                  | Active High |               0.99 |             0.6 | XDMA/inst/udma_wrapper/dma_top/base/IRQ_INST/msix_internal_xdma.pf0_msix_table/msix_table_reg_mux[31]_i_1_n_0                                                                                                                                                                                                                |
| Low              | Excessive Set/Reset/Preset/Clear |     32 | Reset                  | Active High |               0.99 |             0.7 | XDMA/inst/udma_wrapper/dma_top/base/IRQ_INST/reg_dout[31]_i_1_n_0                                                                                                                                                                                                                                                            |
| Low              |                                  |     32 |                        | Active High |               0.00 |             0.0 | XDMA/inst/udma_wrapper/dma_top/base/IRQ_INST/scratch                                                                                                                                                                                                                                                                         |
| Low              | Excessive Set/Reset/Preset/Clear |     32 | Reset                  | Active High |               0.99 |             0.9 | XDMA/inst/udma_wrapper/dma_top/dma_enable.vul_dma/RD/gen_rdwr_loop[0].gen_rdwr_eng.RDWR_INST/pcie_h2c_rst_3ff_reg[0]_rep__2[0]                                                                                                                                                                                               |
| Low              |                                  |     32 |                        | Active High |               0.00 |             0.0 | XDMA/inst/udma_wrapper/dma_top/dma_enable.vul_dma/RD/gen_rdwr_loop[0].gen_rdwr_eng.RDWR_INST/sts_nn0__0[3]                                                                                                                                                                                                                   |
| Low              | Excessive Set/Reset/Preset/Clear |     32 | Reset                  | Active High |               1.00 |             0.2 | XDMA/inst/udma_wrapper/dma_top/dma_enable.vul_dma/WR/gen_rdwr_loop[0].gen_rdwr_eng.RDWR_INST/pclk_reg_dout[31]_i_1__0_n_0                                                                                                                                                                                                    |
| Low              |                                  |     32 |                        | Active High |               0.02 |             3.0 | XDMA/inst/udma_wrapper/dma_top/dma_enable.vul_dma/dsc_eng.DSC/dsc_acc_dat_nn1[stp]_i_1_n_0                                                                                                                                                                                                                                   |
| Low              | Excessive Set/Reset/Preset/Clear |     32 | Reset                  | Active High |               1.00 |             0.2 | XDMA/inst/udma_wrapper/dma_top/dma_enable.vul_dma/dsc_eng.DSC/pclk_reg_dout[31]_i_1_n_0                                                                                                                                                                                                                                      |
| Low              |                                  |     32 |                        | Active High |               0.00 |             0.0 | XDMA/inst/udma_wrapper/dma_top/dma_enable.vul_dma/dsc_eng.DSC/reg_rch_dsc_adr_nn1[0][31]_i_1_n_0                                                                                                                                                                                                                             |
| Low              |                                  |     32 |                        | Active High |               0.00 |             0.0 | XDMA/inst/udma_wrapper/dma_top/dma_enable.vul_dma/dsc_eng.DSC/reg_rch_dsc_adr_nn1[0][63]_i_1_n_0                                                                                                                                                                                                                             |
| Low              |                                  |     32 |                        | Active High |               0.00 |             0.0 | XDMA/inst/udma_wrapper/dma_top/dma_enable.vul_dma/dsc_eng.DSC/reg_wch_dsc_adr_nn1[0][31]_i_1_n_0                                                                                                                                                                                                                             |
| Low              |                                  |     32 |                        | Active High |               0.00 |             0.0 | XDMA/inst/udma_wrapper/dma_top/dma_enable.vul_dma/dsc_eng.DSC/reg_wch_dsc_adr_nn1[0][63]_i_1_n_0                                                                                                                                                                                                                             |
| Low              |                                  |     31 |                        | Active High |               0.00 |             0.0 | XDMA/inst/udma_wrapper/dma_top/dma_enable.vul_dma/WR/gen_rdwr_loop[0].gen_rdwr_eng.RDWR_INST/rrq_dsc_ld_901_reg_rep__1_n_0                                                                                                                                                                                                   |
| Low              | Excessive Set/Reset/Preset/Clear |     30 | Set/Reset              | Active High |               1.00 |             0.0 | XDMA/inst/xdma_v41_m1_pcie2_to_pcie3_wrapper_i/pcie2_ip_i/inst/inst/gt_top_i/phy_rdy_n                                                                                                                                                                                                                                       |
| Low              |                                  |     26 |                        | Active High |               0.01 |             0.9 | XDMA/inst/udma_wrapper/dma_top/dma_enable.vul_dma/RD/gen_rdwr_loop[0].gen_rdwr_eng.RDWR_INST/wrq_mpl_dst_301[0]                                                                                                                                                                                                              |
| Low              | Excessive Set/Reset/Preset/Clear |     26 | Preset/Clear           | Active High |               0.08 |             0.0 | XDMA/inst/xdma_v41_m1_pcie2_to_pcie3_wrapper_i/xdma_v41_m1_axi_stream_intf_i/xdma_v41_m1_rx_demux_i/tgt_brdg_fifo_inst/U0/inst_fifo_gen/gaxis_fifo.gaxisf.axisf/grf.rf/rstblk/AR[0]                                                                                                                                          |
| Low              | Excessive Set/Reset/Preset/Clear |     25 | Reset                  | Active High |               0.77 |            11.4 | XDMA/inst/udma_wrapper/dma_top/dma_enable.vul_dma/dsc_eng.DSC/chn_dsc_spc_nn1[0][7]_i_1_n_0                                                                                                                                                                                                                                  |
| Low              | Excessive Set/Reset/Preset/Clear |     25 | Reset                  | Active High |               0.77 |            11.1 | XDMA/inst/udma_wrapper/dma_top/dma_enable.vul_dma/dsc_eng.DSC/chn_dsc_spc_nn1[1][7]_i_1_n_0                                                                                                                                                                                                                                  |
| Low              |                                  |     24 |                        | Active High |               0.01 |             0.3 | CAPTURE_SUBSYSTEM/PRODUCER/slot_generation_v[0][23]_i_1_n_0                                                                                                                                                                                                                                                                  |
| Low              |                                  |     24 |                        | Active High |               0.00 |             0.0 | CAPTURE_SUBSYSTEM/PRODUCER/slot_generation_v[10][23]_i_1_n_0                                                                                                                                                                                                                                                                 |
| Low              |                                  |     24 |                        | Active High |               0.00 |             0.0 | CAPTURE_SUBSYSTEM/PRODUCER/slot_generation_v[11][23]_i_1_n_0                                                                                                                                                                                                                                                                 |
| Low              |                                  |     24 |                        | Active High |               0.00 |             0.0 | CAPTURE_SUBSYSTEM/PRODUCER/slot_generation_v[12][23]_i_1_n_0                                                                                                                                                                                                                                                                 |
| Low              |                                  |     24 |                        | Active High |               0.00 |             0.0 | CAPTURE_SUBSYSTEM/PRODUCER/slot_generation_v[13][23]_i_1_n_0                                                                                                                                                                                                                                                                 |
| Low              |                                  |     24 |                        | Active High |               0.00 |             0.0 | CAPTURE_SUBSYSTEM/PRODUCER/slot_generation_v[14][23]_i_1_n_0                                                                                                                                                                                                                                                                 |
| Low              |                                  |     24 |                        | Active High |               0.00 |             0.0 | CAPTURE_SUBSYSTEM/PRODUCER/slot_generation_v[15][23]_i_1_n_0                                                                                                                                                                                                                                                                 |
| Low              |                                  |     24 |                        | Active High |               0.00 |             0.1 | CAPTURE_SUBSYSTEM/PRODUCER/slot_generation_v[1][23]_i_1_n_0                                                                                                                                                                                                                                                                  |
| Low              |                                  |     24 |                        | Active High |               0.00 |             0.1 | CAPTURE_SUBSYSTEM/PRODUCER/slot_generation_v[2][23]_i_1_n_0                                                                                                                                                                                                                                                                  |
| Low              |                                  |     24 |                        | Active High |               0.00 |             0.0 | CAPTURE_SUBSYSTEM/PRODUCER/slot_generation_v[3][23]_i_1_n_0                                                                                                                                                                                                                                                                  |
| Low              |                                  |     24 |                        | Active High |               0.00 |             0.1 | CAPTURE_SUBSYSTEM/PRODUCER/slot_generation_v[4][23]_i_1_n_0                                                                                                                                                                                                                                                                  |
| Low              |                                  |     24 |                        | Active High |               0.00 |             0.0 | CAPTURE_SUBSYSTEM/PRODUCER/slot_generation_v[5][23]_i_1_n_0                                                                                                                                                                                                                                                                  |
| Low              |                                  |     24 |                        | Active High |               0.00 |             0.0 | CAPTURE_SUBSYSTEM/PRODUCER/slot_generation_v[6][23]_i_1_n_0                                                                                                                                                                                                                                                                  |
| Low              |                                  |     24 |                        | Active High |               0.00 |             0.0 | CAPTURE_SUBSYSTEM/PRODUCER/slot_generation_v[7][23]_i_1_n_0                                                                                                                                                                                                                                                                  |
| Low              |                                  |     24 |                        | Active High |               0.00 |             0.1 | CAPTURE_SUBSYSTEM/PRODUCER/slot_generation_v[8][23]_i_1_n_0                                                                                                                                                                                                                                                                  |
| Low              |                                  |     24 |                        | Active High |               0.00 |             0.0 | CAPTURE_SUBSYSTEM/PRODUCER/slot_generation_v[9][23]_i_1_n_0                                                                                                                                                                                                                                                                  |
| Low              |                                  |     23 |                        | Active High |               0.00 |             0.0 | XDMA/inst/udma_wrapper/dma_top/dma_enable.vul_dma/WR/gen_rdwr_loop[0].gen_rdwr_eng.RDWR_INST/E[0]                                                                                                                                                                                                                            |
| Low              |                                  |     23 |                        | Active High |               0.00 |             0.0 | XDMA/inst/udma_wrapper/dma_top/dma_enable.vul_dma/WR/gen_rdwr_loop[0].gen_rdwr_eng.RDWR_INST/pclk_reg_adr_inst__14_n_0                                                                                                                                                                                                       |
| Low              |                                  |     22 |                        | Active High |               0.00 |             0.1 | NVP_AUTOINIT/u_sequence/pending_reg_r[7]_i_1_n_0                                                                                                                                                                                                                                                                             |
| Low              | Excessive Set/Reset/Preset/Clear |     22 | Reset                  | Active High |               0.21 |            10.5 | XDMA/inst/udma_wrapper/dma_top/dma_enable.vul_dma/WR/gen_rdwr_loop[0].gen_rdwr_eng.RDWR_INST/wcp_rid_done_ord_nn1_i_1_n_0                                                                                                                                                                                                    |
| Low              | Excessive Set/Reset/Preset/Clear |     21 | Reset                  | Active High |               1.00 |             0.2 | XDMA/inst/udma_wrapper/dma_top/dma_pcie_req/dma_pcie_rq/RQ_FIFO/rreq_head_info_ff_reg[0][tag][0]                                                                                                                                                                                                                             |
| Low              | Excessive Set/Reset/Preset/Clear |     21 | Reset                  | Active High |               1.00 |             0.2 | XDMA/inst/udma_wrapper/dma_top/dma_pcie_req/dma_pcie_rq/RQ_FIFO/rreq_head_info_ff_reg[0][tag][0]_0                                                                                                                                                                                                                           |
| Low              |                                  |     20 |                        | Active High |               0.00 |             0.1 | XDMA/inst/udma_wrapper/dma_top/dma_enable.vul_dma/dsc_eng.DSC/reg_wr_reg[0]                                                                                                                                                                                                                                                  |
| Low              |                                  |     19 | /BRAM Enable           | Active High |               0.09 |             7.0 | XDMA/inst/udma_wrapper/dma_top/dma_pcie_req/dma_pcie_rc/mem_rc_wr                                                                                                                                                                                                                                                            |
| Low              |                                  |     19 |                        | Active High |               0.01 |             0.6 | XDMA/inst/xdma_v41_m1_pcie2_to_pcie3_wrapper_i/pcie2_ip_i/inst/inst/gt_top_i/pipe_wrapper_i/pipe_lane[0].pipe_eq.pipe_eq_i/txeq_txcoeff[0]                                                                                                                                                                                   |
| Low              |                                  |     17 | BRAM Enable/           | Active High |               0.00 |             0.0 | XDMA/inst/udma_wrapper/dma_top/axi4mm_bridge_top_inst/axi4mm_axi_mm_master_top_inst/axi4mm_axi_mm_master_rd/rdata_vld_ff_reg_0[0]                                                                                                                                                                                            |
| Low              |                                  |     17 | BRAM Enable/           | Active High |               0.00 |             0.1 | XDMA/inst/udma_wrapper/dma_top/axi4mm_bridge_top_inst/axi4mm_axi_mm_master_top_inst/axi4mm_axi_str_masterbridge_wrrd_inst/wdataen_ff_reg_0[0]                                                                                                                                                                                |
| Low              |                                  |     16 |                        | Active High |               0.00 |             0.1 | NVP_AUTOINIT/u_sequence/nack_count_r[15]_i_1_n_0                                                                                                                                                                                                                                                                             |
| Low              |                                  |     16 |                        | Active High |               0.00 |             0.2 | NVP_AUTOINIT/u_sequence/reg_addr[7]_i_1_n_0                                                                                                                                                                                                                                                                                  |
| Low              |                                  |     16 |                        | Active High |               0.00 |             0.1 | NVP_AUTOINIT/u_sequence/slot_wait_count[15]_i_1_n_0                                                                                                                                                                                                                                                                          |
| Low              |                                  |     16 |                        | Active High |               0.00 |             0.1 | NVP_AUTOINIT/u_sequence/slot_wait_target[15]_i_1_n_0                                                                                                                                                                                                                                                                         |
| Low              |                                  |     16 |                        | Active High |               0.00 |             0.1 | NVP_AUTOINIT/u_sequence/timeout_count_r[15]_i_1_n_0                                                                                                                                                                                                                                                                          |
| Low              | Excessive Set/Reset/Preset/Clear |     16 | Reset                  | Active High |               1.00 |             0.0 | XDMA/inst/xdma_v41_m1_pcie2_to_pcie3_wrapper_i/pcie2_ip_i/inst/inst/gt_top_i/pipe_wrapper_i/gtp_pipe_reset.gtp_pipe_reset_i/rxusrclk_rst_reg2_reg_0[0]                                                                                                                                                                       |
| Low              | Excessive Set/Reset/Preset/Clear |     16 | Reset                  | Active High |               0.50 |            12.5 | XDMA/inst/xdma_v41_m1_pcie2_to_pcie3_wrapper_i/pcie2_ip_i/inst/inst/pcie_top_i/tx_inst/tx_pipeline_inst/reg_disable_trn2                                                                                                                                                                                                     |
| Low              |                                  |     14 |                        | Active High |               0.00 |             0.1 | NVP_AUTOINIT/u_sequence/wait_cnt[13]_i_1_n_0                                                                                                                                                                                                                                                                                 |
| Low              | Excessive Set/Reset/Preset/Clear |     12 | Reset                  | Active High |               0.26 |             8.5 | XDMA/inst/udma_wrapper/dma_top/reset_cntrlr/flush_txn_linkdown_ff_reg[3]_2[0]                                                                                                                                                                                                                                                |
| Low              | Excessive Set/Reset/Preset/Clear |     11 | Reset                  | Active High |               0.94 |             0.4 | NVP_AUTOINIT/u_sequence/scl_low_released_count0                                                                                                                                                                                                                                                                              |
| Low              |                                  |     10 |                        | Active High |               0.02 |             3.0 | XDMA/inst/udma_wrapper/dma_top/axi4mm_bridge_top_inst/axi4mm_axi_mm_master_top_inst/axi4mm_axi_str_masterbridge_wrrd_inst/E[0]                                                                                                                                                                                               |
| Low              |                                  |     10 |                        | Active High |               0.01 |             1.0 | XDMA/inst/udma_wrapper/dma_top/dma_enable.vul_dma/RD/gen_rdwr_loop[0].gen_rdwr_eng.RDWR_INST/wrq_adr_ld_3005_out                                                                                                                                                                                                             |
| Low              |                                  |     10 |                        | Active High |               0.00 |             0.0 | XDMA/inst/udma_wrapper/dma_top/dma_enable.vul_dma/dsc_eng.DSC/E[0]                                                                                                                                                                                                                                                           |
| Low              | Excessive Set/Reset/Preset/Clear |     10 | Reset                  | Active High |               0.62 |            10.9 | XDMA/inst/udma_wrapper/dma_top/dma_enable.vul_dma/dsc_eng.DSC/chn_dsc_crd_nn1[0][9]_i_1_n_0                                                                                                                                                                                                                                  |
| Low              | Excessive Set/Reset/Preset/Clear |     10 | Reset                  | Active High |               0.62 |            10.8 | XDMA/inst/udma_wrapper/dma_top/dma_enable.vul_dma/dsc_eng.DSC/chn_dsc_crd_nn1[1][9]_i_1_n_0                                                                                                                                                                                                                                  |
| Low              | Excessive Set/Reset/Preset/Clear |     10 | Reset                  | Active High |               0.66 |             7.0 | XDMA/inst/udma_wrapper/dma_top/dma_pcie_req/dma_pcie_rc/mem_rc_cntr[0]                                                                                                                                                                                                                                                       |
| Low              |                                  |     10 |                        | Active High |               0.00 |             0.0 | nvp_por_count[9]_i_1_n_0                                                                                                                                                                                                                                                                                                     |
| Low              |                                  |      9 |                        | Active High |               0.01 |             1.4 | AXI_LITE_HOST_BRIDGE/FSM_onehot_state_reg[5]_1[0]                                                                                                                                                                                                                                                                            |
| Low              |                                  |      9 |                        | Active High |               0.00 |             0.1 | NVP_AUTOINIT/u_sequence/original_ff_valid_r17_out                                                                                                                                                                                                                                                                            |
| Low              |                                  |      8 |                        | Active High |               0.00 |             0.0 | AXI_LITE_HOST_BRIDGE/E[0]                                                                                                                                                                                                                                                                                                    |
| Low              |                                  |      8 |                        | Active High |               0.00 |             0.0 | AXI_LITE_HOST_BRIDGE/E[1]                                                                                                                                                                                                                                                                                                    |
| Low              |                                  |      8 |                        | Active High |               0.00 |             0.0 | AXI_LITE_HOST_BRIDGE/E[2]                                                                                                                                                                                                                                                                                                    |
| Low              |                                  |      8 |                        | Active High |               0.00 |             0.0 | AXI_LITE_HOST_BRIDGE/E[3]                                                                                                                                                                                                                                                                                                    |
| Low              |                                  |      8 |                        | Active High |               0.00 |             0.0 | AXI_LITE_HOST_BRIDGE/araddr_stored_reg[7]_0[0]                                                                                                                                                                                                                                                                               |
| Low              |                                  |      8 |                        | Active High |               0.00 |             0.0 | AXI_LITE_HOST_BRIDGE/araddr_stored_reg[7]_0[1]                                                                                                                                                                                                                                                                               |
| Low              |                                  |      8 |                        | Active High |               0.00 |             0.0 | AXI_LITE_HOST_BRIDGE/araddr_stored_reg[7]_0[2]                                                                                                                                                                                                                                                                               |
| Low              |                                  |      8 |                        | Active High |               0.00 |             0.0 | AXI_LITE_HOST_BRIDGE/araddr_stored_reg[7]_0[3]                                                                                                                                                                                                                                                                               |
| Low              |                                  |      8 |                        | Active High |               0.00 |             0.0 | AXI_LITE_HOST_BRIDGE/local_rsp_valid_reg[0]                                                                                                                                                                                                                                                                                  |
| Low              |                                  |      8 |                        | Active High |               0.00 |             0.0 | AXI_LITE_HOST_BRIDGE/local_rsp_valid_reg[1]                                                                                                                                                                                                                                                                                  |
| Low              |                                  |      8 |                        | Active High |               0.00 |             0.0 | AXI_LITE_HOST_BRIDGE/local_rsp_valid_reg[2]                                                                                                                                                                                                                                                                                  |
| Low              |                                  |      8 |                        | Active High |               0.00 |             0.0 | AXI_LITE_HOST_BRIDGE/local_rsp_valid_reg[3]                                                                                                                                                                                                                                                                                  |
| Low              |                                  |      8 |                        | Active High |               0.00 |             0.0 | AXI_LITE_HOST_BRIDGE/wstrb_stored_reg[3]_0[0]                                                                                                                                                                                                                                                                                |
| Low              |                                  |      8 |                        | Active High |               0.00 |             0.0 | AXI_LITE_HOST_BRIDGE/wstrb_stored_reg[3]_0[1]                                                                                                                                                                                                                                                                                |
| Low              |                                  |      8 |                        | Active High |               0.00 |             0.0 | AXI_LITE_HOST_BRIDGE/wstrb_stored_reg[3]_0[2]                                                                                                                                                                                                                                                                                |
| Low              |                                  |      8 |                        | Active High |               0.00 |             0.0 | AXI_LITE_HOST_BRIDGE/wstrb_stored_reg[3]_0[3]                                                                                                                                                                                                                                                                                |
| Low              |                                  |      8 | BRAM Enable            | Active High |               0.00 |             0.2 | CAPTURE_SUBSYSTEM/PRODUCER/slot_ena[0]                                                                                                                                                                                                                                                                                       |
| Low              |                                  |      8 | BRAM Enable            | Active High |               0.00 |             0.0 | CAPTURE_SUBSYSTEM/PRODUCER/slot_ena[1]                                                                                                                                                                                                                                                                                       |
| Low              |                                  |      8 |                        | Active High |               0.00 |             0.2 | NVP_AUTOINIT/u_sequence/byte_tx[7]_i_1_n_0                                                                                                                                                                                                                                                                                   |
| Low              |                                  |      8 |                        | Active High |               0.00 |             0.2 | NVP_AUTOINIT/u_sequence/meta_bank_r[7]_i_1_n_0                                                                                                                                                                                                                                                                               |
| Low              |                                  |      8 |                        | Active High |               0.00 |             0.1 | NVP_AUTOINIT/u_sequence/op_idx[7]_i_1_n_0                                                                                                                                                                                                                                                                                    |
| Low              |                                  |      8 |                        | Active High |               0.00 |             0.1 | NVP_AUTOINIT/u_sequence/phys_bank_r[7]_i_1_n_0                                                                                                                                                                                                                                                                               |
| Low              |                                  |      8 |                        | Active High |               0.00 |             0.1 | NVP_AUTOINIT/u_sequence/restored_ff_r[7]_i_1_n_0                                                                                                                                                                                                                                                                             |
| Low              |                                  |      8 |                        | Active High |               0.00 |             0.1 | NVP_AUTOINIT/u_sequence/slot_idx[7]_i_1_n_0                                                                                                                                                                                                                                                                                  |
| Low              | Excessive Set/Reset/Preset/Clear |      8 | Reset                  | Active High |               0.50 |             3.4 | NVP_PHYSICAL_FRONTEND/ingress_reset_vclk                                                                                                                                                                                                                                                                                     |
| Low              |                                  |      8 |                        | Active High |               0.00 |             0.0 | XDMA/inst/udma_wrapper/dma_top/dma_enable.vul_dma/WR/gen_rdwr_loop[0].gen_rdwr_eng.RDWR_INST/wrq_adr_ld_30011_out                                                                                                                                                                                                            |
| Low              | Excessive Set/Reset/Preset/Clear |      8 | Reset                  | Active High |               0.21 |            10.8 | XDMA/inst/udma_wrapper/dma_top/dma_enable.vul_dma/dsc_eng.DSC/chn_rrq_did_nn1[0][7]_i_1_n_0                                                                                                                                                                                                                                  |
| Low              | Excessive Set/Reset/Preset/Clear |      8 | Reset                  | Active High |               0.21 |            10.5 | XDMA/inst/udma_wrapper/dma_top/dma_enable.vul_dma/dsc_eng.DSC/chn_rrq_did_nn1[1][7]_i_1_n_0                                                                                                                                                                                                                                  |
| Low              |                                  |      8 |                        | Active High |               0.01 |             1.4 | XDMA/inst/udma_wrapper/dma_top/dma_enable.vul_dma/dsc_eng.DSC/chn_rrq_len_rem_nn0157_out                                                                                                                                                                                                                                     |
| Low              |                                  |      8 |                        | Active High |               0.01 |             1.7 | XDMA/inst/udma_wrapper/dma_top/dma_enable.vul_dma/dsc_eng.DSC/chn_rrq_rem_nn1[1][7]_i_1_n_0                                                                                                                                                                                                                                  |
| Low              | Excessive Set/Reset/Preset/Clear |      8 | Reset                  | Active High |               0.35 |             7.2 | XDMA/inst/udma_wrapper/dma_top/dma_pcie_req/dma_pcie_rc/rc_flush_cntr[7]_i_1_n_0                                                                                                                                                                                                                                             |
| Low              | Excessive Set/Reset/Preset/Clear |      8 | Reset                  | Active High |               0.97 |             3.6 | XDMA/inst/udma_wrapper/dma_top/dma_pcie_req/dma_pcie_rc/rcb64claim_en_reg_0                                                                                                                                                                                                                                                  |
| Low              | Excessive Set/Reset/Preset/Clear |      8 | Set/Reset              | Active High |               0.99 |             0.0 | XDMA/inst/xdma_v41_m1_pcie2_to_pcie3_wrapper_i/pcie2_ip_i/inst/inst/gt_top_i/pipe_wrapper_i/pipe_lane[0].pipe_user_i/resetovrd.reset_cnt[7]_i_1_n_0                                                                                                                                                                          |
| Low              |                                  |      7 |                        | Active High |               0.00 |             0.0 | AXI_LITE_HOST_BRIDGE/wdata_stored_reg[3]_0                                                                                                                                                                                                                                                                                   |
| Low              |                                  |      7 |                        | Active High |               0.00 |             0.2 | NVP_AUTOINIT/u_sequence/is_read_op30_out                                                                                                                                                                                                                                                                                     |
| Low              |                                  |      7 |                        | Active High |               0.00 |             0.0 | XDMA/inst/udma_wrapper/dma_top/axi4mm_bridge_top_inst/axi4mm_axi_mm_master_top_inst/axi4mm_axi_mm_master_rd/cplready_nxt                                                                                                                                                                                                     |
| Low              |                                  |      7 |                        | Active High |               0.00 |             0.0 | XDMA/inst/udma_wrapper/dma_top/base/CFG_INST/reg_num_tag[6]_i_1_n_0                                                                                                                                                                                                                                                          |
| Low              | Excessive Set/Reset/Preset/Clear |      7 | Reset                  | Active High |               0.88 |             7.9 | XDMA/inst/udma_wrapper/dma_top/dma_enable.vul_dma/WR/gen_rdwr_loop[0].gen_rdwr_eng.RDWR_INST/RRQ_FIFO/FifoCntrRd[2]_i_1__1_n_0                                                                                                                                                                                               |
| Low              |                                  |      7 |                        | Active High |               0.00 |             0.0 | XDMA/inst/udma_wrapper/dma_top/dma_enable.vul_dma/dsc_eng.DSC/rcp_stp_nxt_nn10                                                                                                                                                                                                                                               |
| Low              |                                  |      7 |                        | Active High |               0.00 |             0.0 | XDMA/inst/udma_wrapper/dma_top/dma_enable.vul_dma/dsc_eng.DSC/rcp_stp_nxt_nn1047_out                                                                                                                                                                                                                                         |
| Low              |                                  |      6 |                        | Active High |               0.00 |             0.0 | CAPTURE_SUBSYSTEM/PRODUCER/pending_flags_v[6]_i_1_n_0                                                                                                                                                                                                                                                                        |
| Low              |                                  |      6 |                        | Active High |               0.00 |             0.2 | NVP_AUTOINIT/u_sequence/bank_verify_expected_r[5]_i_1_n_0                                                                                                                                                                                                                                                                    |
| Low              | Excessive Set/Reset/Preset/Clear |      6 | /Clear                 | Active High |               0.94 |            11.7 | NVP_PHYSICAL_FRONTEND/idelayctrl_reset                                                                                                                                                                                                                                                                                       |
| Low              |                                  |      6 |                        | Active High |               0.00 |             0.0 | XDMA/inst/udma_wrapper/dma_top/dma_enable.vul_dma/dsc_eng.DSC/reg_rch_dsc_adj_nn0[0]                                                                                                                                                                                                                                         |
| Low              |                                  |      6 |                        | Active High |               0.00 |             0.0 | XDMA/inst/udma_wrapper/dma_top/dma_enable.vul_dma/dsc_eng.DSC/reg_wch_dsc_adj_nn0[0]                                                                                                                                                                                                                                         |
| Low              | Excessive Set/Reset/Preset/Clear |      6 | Reset                  | Active High |               0.97 |             6.6 | XDMA/inst/udma_wrapper/dma_top/reset_cntrlr/user_rst_n_3ff_reg[1][0]                                                                                                                                                                                                                                                         |
| Low              |                                  |      6 |                        | Active High |               0.00 |             0.0 | XDMA/inst/xdma_v41_m1_pcie2_to_pcie3_wrapper_i/pcie2_ip_i/inst/inst/gt_top_i/pipe_wrapper_i/pipe_lane[0].pipe_quad.gt_common_enabled.gt_common_int.gt_common_i/qpll_drp_i/crscode[5]_i_1_n_0                                                                                                                                 |
| Low              |                                  |      5 |                        | Active High |               0.03 |             2.0 | AXI_LITE_HOST_BRIDGE/awaddr_stored_reg[16]_0[0]                                                                                                                                                                                                                                                                              |
| Low              |                                  |      5 |                        | Active High |               0.00 |             0.0 | XDMA/inst/udma_wrapper/dma_top/base/CFG_INST/reg_wto[0]                                                                                                                                                                                                                                                                      |
| Low              |                                  |      5 |                        | Active High |               0.00 |             0.0 | XDMA/inst/udma_wrapper/dma_top/dma_enable.axist.dma_axist/axist_h2c[0].dma_axist_mst/WPL_FIFO/FSM_sequential_mst_sm_cur_100_reg[1]                                                                                                                                                                                           |
| Low              | Excessive Set/Reset/Preset/Clear |      5 | Reset                  | Active High |               0.24 |             8.7 | XDMA/inst/xdma_v41_m1_pcie2_to_pcie3_wrapper_i/xdma_v41_m1_cfg_sideband_i/Legacy_MSI_Interrupt.g2ip_cfg_interrupt_di[4]_i_1_n_0                                                                                                                                                                                              |
| Low              | Excessive Set/Reset/Preset/Clear |      4 | Reset                  | Active High |               0.52 |             3.3 | CAPTURE_SUBSYSTEM/MAILBOX/application_reset_nvp_reg_2                                                                                                                                                                                                                                                                        |
| Low              |                                  |      4 |                        | Active High |               0.01 |             0.8 | CAPTURE_SUBSYSTEM/PRODUCER/producer_slot_index[3]_i_1_n_0                                                                                                                                                                                                                                                                    |
| Low              |                                  |      4 |                        | Active High |               0.00 |             0.1 | NVP_AUTOINIT/u_sequence/afe_idx[3]_i_1_n_0                                                                                                                                                                                                                                                                                   |
| Low              |                                  |      4 |                        | Active High |               0.00 |             0.1 | NVP_AUTOINIT/u_sequence/nack_log_count_r[3]_i_1_n_0                                                                                                                                                                                                                                                                          |
| Low              |                                  |      4 |                        | Active High |               0.00 |             0.1 | NVP_AUTOINIT/u_sequence/phase[3]_i_1_n_0                                                                                                                                                                                                                                                                                     |
| Low              |                                  |      4 |                        | Active High |               0.00 |             0.1 | NVP_AUTOINIT/u_sequence/result_idx[3]_i_1_n_0                                                                                                                                                                                                                                                                                |
| Low              | Excessive Set/Reset/Preset/Clear |      4 | Reset                  | Active High |               0.50 |            12.5 | XDMA/inst/udma_wrapper/dma_top/base/CFG_INST/Q[2]                                                                                                                                                                                                                                                                            |
| Low              | Excessive Set/Reset/Preset/Clear |      4 | Reset                  | Active High |               0.50 |            12.5 | XDMA/inst/udma_wrapper/dma_top/base/CFG_INST/clk_mrs_out_reg[2]_0[0]                                                                                                                                                                                                                                                         |
| Low              | Excessive Set/Reset/Preset/Clear |      4 | Reset                  | Active High |               0.50 |             3.5 | XDMA/inst/udma_wrapper/dma_top/base/CFG_INST/clk_usr_mrs_out_reg[2]_0                                                                                                                                                                                                                                                        |
| Low              | Excessive Set/Reset/Preset/Clear |      4 | Reset                  | Active High |               0.50 |             3.5 | XDMA/inst/udma_wrapper/dma_top/base/CFG_INST/clk_usr_mrs_out_reg[2]_1[0]                                                                                                                                                                                                                                                     |
| Low              |                                  |      4 |                        | Active High |               0.02 |             0.5 | XDMA/inst/udma_wrapper/dma_top/dma_enable.axist.dma_axist/axist_h2c[0].dma_axist_mst/WPL_FIFO/E[0]                                                                                                                                                                                                                           |
| Low              |                                  |      4 |                        | Active High |               0.01 |             0.6 | XDMA/inst/udma_wrapper/dma_top/dma_enable.axist.dma_axist/axist_h2c[0].dma_axist_mst/wpl_cnt_nn1[3]_i_1_n_0                                                                                                                                                                                                                  |
| Low              |                                  |      4 |                        | Active High |               0.00 |             0.0 | XDMA/inst/udma_wrapper/dma_top/dma_enable.vul_dma/RD/gen_rdwr_loop[0].gen_rdwr_eng.RDWR_INST/DSC_FIFO/FifoCntrRd[3]_i_1__0_n_0                                                                                                                                                                                               |
| Low              |                                  |      4 |                        | Active High |               0.01 |             2.6 | XDMA/inst/udma_wrapper/dma_top/dma_enable.vul_dma/RD/gen_rdwr_loop[0].gen_rdwr_eng.RDWR_INST/DSC_FIFO/FifoCntrWr[3]_i_1__0_n_0                                                                                                                                                                                               |
| Low              |                                  |      4 |                        | Active High |               0.00 |             0.0 | XDMA/inst/udma_wrapper/dma_top/dma_enable.vul_dma/RD/gen_rdwr_loop[0].gen_rdwr_eng.RDWR_INST/rrq_eod_nn1[31]_i_1_n_0                                                                                                                                                                                                         |
| Low              |                                  |      4 | BRAM Enable            | Active High |               0.00 |             0.0 | XDMA/inst/udma_wrapper/dma_top/dma_enable.vul_dma/RD/gen_rdwr_loop[0].gen_rdwr_eng.RDWR_INST/rrq_ld_901_reg_rep__4_n_0                                                                                                                                                                                                       |
| Low              |                                  |      4 | BRAM Enable            | Active High |               0.00 |             0.0 | XDMA/inst/udma_wrapper/dma_top/dma_enable.vul_dma/RD/gen_rdwr_loop[0].gen_rdwr_eng.RDWR_INST/rrq_ld_901_reg_rep__5_n_0                                                                                                                                                                                                       |
| Low              |                                  |      4 |                        | Active High |               0.00 |             0.0 | XDMA/inst/udma_wrapper/dma_top/dma_enable.vul_dma/RD/gen_rdwr_loop[0].gen_rdwr_eng.RDWR_INST/rrq_stp_nn1[0]                                                                                                                                                                                                                  |
| Low              |                                  |      4 |                        | Active High |               0.00 |             0.0 | XDMA/inst/udma_wrapper/dma_top/dma_enable.vul_dma/RD/gen_rdwr_loop[0].gen_rdwr_eng.RDWR_INST/rrq_stp_nn1[10]                                                                                                                                                                                                                 |
| Low              |                                  |      4 |                        | Active High |               0.00 |             0.0 | XDMA/inst/udma_wrapper/dma_top/dma_enable.vul_dma/RD/gen_rdwr_loop[0].gen_rdwr_eng.RDWR_INST/rrq_stp_nn1[11]                                                                                                                                                                                                                 |
| Low              |                                  |      4 |                        | Active High |               0.00 |             0.0 | XDMA/inst/udma_wrapper/dma_top/dma_enable.vul_dma/RD/gen_rdwr_loop[0].gen_rdwr_eng.RDWR_INST/rrq_stp_nn1[12]                                                                                                                                                                                                                 |
| Low              |                                  |      4 |                        | Active High |               0.00 |             0.0 | XDMA/inst/udma_wrapper/dma_top/dma_enable.vul_dma/RD/gen_rdwr_loop[0].gen_rdwr_eng.RDWR_INST/rrq_stp_nn1[13]                                                                                                                                                                                                                 |
| Low              |                                  |      4 |                        | Active High |               0.00 |             0.0 | XDMA/inst/udma_wrapper/dma_top/dma_enable.vul_dma/RD/gen_rdwr_loop[0].gen_rdwr_eng.RDWR_INST/rrq_stp_nn1[14]                                                                                                                                                                                                                 |
| Low              |                                  |      4 |                        | Active High |               0.00 |             0.0 | XDMA/inst/udma_wrapper/dma_top/dma_enable.vul_dma/RD/gen_rdwr_loop[0].gen_rdwr_eng.RDWR_INST/rrq_stp_nn1[15]                                                                                                                                                                                                                 |
| Low              |                                  |      4 |                        | Active High |               0.00 |             0.0 | XDMA/inst/udma_wrapper/dma_top/dma_enable.vul_dma/RD/gen_rdwr_loop[0].gen_rdwr_eng.RDWR_INST/rrq_stp_nn1[16]                                                                                                                                                                                                                 |
| Low              |                                  |      4 |                        | Active High |               0.00 |             0.0 | XDMA/inst/udma_wrapper/dma_top/dma_enable.vul_dma/RD/gen_rdwr_loop[0].gen_rdwr_eng.RDWR_INST/rrq_stp_nn1[17]                                                                                                                                                                                                                 |
| Low              |                                  |      4 |                        | Active High |               0.00 |             0.0 | XDMA/inst/udma_wrapper/dma_top/dma_enable.vul_dma/RD/gen_rdwr_loop[0].gen_rdwr_eng.RDWR_INST/rrq_stp_nn1[18]                                                                                                                                                                                                                 |
| Low              |                                  |      4 |                        | Active High |               0.00 |             0.0 | XDMA/inst/udma_wrapper/dma_top/dma_enable.vul_dma/RD/gen_rdwr_loop[0].gen_rdwr_eng.RDWR_INST/rrq_stp_nn1[19]                                                                                                                                                                                                                 |
| Low              |                                  |      4 |                        | Active High |               0.00 |             0.0 | XDMA/inst/udma_wrapper/dma_top/dma_enable.vul_dma/RD/gen_rdwr_loop[0].gen_rdwr_eng.RDWR_INST/rrq_stp_nn1[1]                                                                                                                                                                                                                  |
| Low              |                                  |      4 |                        | Active High |               0.00 |             0.0 | XDMA/inst/udma_wrapper/dma_top/dma_enable.vul_dma/RD/gen_rdwr_loop[0].gen_rdwr_eng.RDWR_INST/rrq_stp_nn1[20]                                                                                                                                                                                                                 |
| Low              |                                  |      4 |                        | Active High |               0.00 |             0.0 | XDMA/inst/udma_wrapper/dma_top/dma_enable.vul_dma/RD/gen_rdwr_loop[0].gen_rdwr_eng.RDWR_INST/rrq_stp_nn1[21]                                                                                                                                                                                                                 |
| Low              |                                  |      4 |                        | Active High |               0.00 |             0.0 | XDMA/inst/udma_wrapper/dma_top/dma_enable.vul_dma/RD/gen_rdwr_loop[0].gen_rdwr_eng.RDWR_INST/rrq_stp_nn1[22]                                                                                                                                                                                                                 |
| Low              |                                  |      4 |                        | Active High |               0.00 |             0.0 | XDMA/inst/udma_wrapper/dma_top/dma_enable.vul_dma/RD/gen_rdwr_loop[0].gen_rdwr_eng.RDWR_INST/rrq_stp_nn1[23]                                                                                                                                                                                                                 |
| Low              |                                  |      4 |                        | Active High |               0.00 |             0.0 | XDMA/inst/udma_wrapper/dma_top/dma_enable.vul_dma/RD/gen_rdwr_loop[0].gen_rdwr_eng.RDWR_INST/rrq_stp_nn1[24]                                                                                                                                                                                                                 |
| Low              |                                  |      4 |                        | Active High |               0.00 |             0.0 | XDMA/inst/udma_wrapper/dma_top/dma_enable.vul_dma/RD/gen_rdwr_loop[0].gen_rdwr_eng.RDWR_INST/rrq_stp_nn1[25]                                                                                                                                                                                                                 |
| Low              |                                  |      4 |                        | Active High |               0.00 |             0.0 | XDMA/inst/udma_wrapper/dma_top/dma_enable.vul_dma/RD/gen_rdwr_loop[0].gen_rdwr_eng.RDWR_INST/rrq_stp_nn1[26]                                                                                                                                                                                                                 |
| Low              |                                  |      4 |                        | Active High |               0.00 |             0.0 | XDMA/inst/udma_wrapper/dma_top/dma_enable.vul_dma/RD/gen_rdwr_loop[0].gen_rdwr_eng.RDWR_INST/rrq_stp_nn1[27]                                                                                                                                                                                                                 |
| Low              |                                  |      4 |                        | Active High |               0.00 |             0.0 | XDMA/inst/udma_wrapper/dma_top/dma_enable.vul_dma/RD/gen_rdwr_loop[0].gen_rdwr_eng.RDWR_INST/rrq_stp_nn1[28]                                                                                                                                                                                                                 |
| Low              |                                  |      4 |                        | Active High |               0.00 |             0.0 | XDMA/inst/udma_wrapper/dma_top/dma_enable.vul_dma/RD/gen_rdwr_loop[0].gen_rdwr_eng.RDWR_INST/rrq_stp_nn1[29]                                                                                                                                                                                                                 |
| Low              |                                  |      4 |                        | Active High |               0.00 |             0.0 | XDMA/inst/udma_wrapper/dma_top/dma_enable.vul_dma/RD/gen_rdwr_loop[0].gen_rdwr_eng.RDWR_INST/rrq_stp_nn1[2]                                                                                                                                                                                                                  |
| Low              |                                  |      4 |                        | Active High |               0.00 |             0.0 | XDMA/inst/udma_wrapper/dma_top/dma_enable.vul_dma/RD/gen_rdwr_loop[0].gen_rdwr_eng.RDWR_INST/rrq_stp_nn1[30]                                                                                                                                                                                                                 |
| Low              |                                  |      4 |                        | Active High |               0.00 |             0.0 | XDMA/inst/udma_wrapper/dma_top/dma_enable.vul_dma/RD/gen_rdwr_loop[0].gen_rdwr_eng.RDWR_INST/rrq_stp_nn1[3]                                                                                                                                                                                                                  |
| Low              |                                  |      4 |                        | Active High |               0.00 |             0.0 | XDMA/inst/udma_wrapper/dma_top/dma_enable.vul_dma/RD/gen_rdwr_loop[0].gen_rdwr_eng.RDWR_INST/rrq_stp_nn1[4]                                                                                                                                                                                                                  |
| Low              |                                  |      4 |                        | Active High |               0.00 |             0.0 | XDMA/inst/udma_wrapper/dma_top/dma_enable.vul_dma/RD/gen_rdwr_loop[0].gen_rdwr_eng.RDWR_INST/rrq_stp_nn1[5]                                                                                                                                                                                                                  |
| Low              |                                  |      4 |                        | Active High |               0.00 |             0.0 | XDMA/inst/udma_wrapper/dma_top/dma_enable.vul_dma/RD/gen_rdwr_loop[0].gen_rdwr_eng.RDWR_INST/rrq_stp_nn1[6]                                                                                                                                                                                                                  |
| Low              |                                  |      4 |                        | Active High |               0.00 |             0.0 | XDMA/inst/udma_wrapper/dma_top/dma_enable.vul_dma/RD/gen_rdwr_loop[0].gen_rdwr_eng.RDWR_INST/rrq_stp_nn1[7]                                                                                                                                                                                                                  |
| Low              |                                  |      4 |                        | Active High |               0.00 |             0.0 | XDMA/inst/udma_wrapper/dma_top/dma_enable.vul_dma/RD/gen_rdwr_loop[0].gen_rdwr_eng.RDWR_INST/rrq_stp_nn1[8]                                                                                                                                                                                                                  |
| Low              |                                  |      4 |                        | Active High |               0.00 |             0.0 | XDMA/inst/udma_wrapper/dma_top/dma_enable.vul_dma/RD/gen_rdwr_loop[0].gen_rdwr_eng.RDWR_INST/rrq_stp_nn1[9]                                                                                                                                                                                                                  |
| Low              |                                  |      4 | BRAM Enable            | Active High |               0.00 |             0.0 | XDMA/inst/udma_wrapper/dma_top/dma_enable.vul_dma/WR/gen_rdwr_loop[0].gen_rdwr_eng.RDWR_INST/rrq_ld_901_reg_rep__1_n_0                                                                                                                                                                                                       |
| Low              |                                  |      4 | BRAM Enable            | Active High |               0.00 |             0.0 | XDMA/inst/udma_wrapper/dma_top/dma_enable.vul_dma/WR/gen_rdwr_loop[0].gen_rdwr_eng.RDWR_INST/rrq_ld_901_reg_rep__2_n_0                                                                                                                                                                                                       |
| Low              |                                  |      4 | BRAM Enable            | Active High |               0.00 |             0.0 | XDMA/inst/udma_wrapper/dma_top/dma_enable.vul_dma/WR/gen_rdwr_loop[0].gen_rdwr_eng.RDWR_INST/rrq_ld_901_reg_rep__3_n_0                                                                                                                                                                                                       |
| Low              |                                  |      4 | BRAM Enable            | Active High |               0.00 |             0.0 | XDMA/inst/udma_wrapper/dma_top/dma_enable.vul_dma/WR/gen_rdwr_loop[0].gen_rdwr_eng.RDWR_INST/rrq_ld_901_reg_rep__4_n_0                                                                                                                                                                                                       |
| Low              | Excessive Set/Reset/Preset/Clear |      4 | Reset                  | Active High |               0.11 |             5.9 | XDMA/inst/udma_wrapper/dma_top/dma_enable.vul_dma/WR/gen_rdwr_loop[0].gen_rdwr_eng.RDWR_INST/rrq_rid_nn1[3]_i_1_n_0                                                                                                                                                                                                          |
| Low              |                                  |      4 |                        | Active High |               0.00 |             0.0 | XDMA/inst/udma_wrapper/dma_top/dma_enable.vul_dma/dsc_eng.DSC/rrq_dsc_ld_901_reg_rep__2_0[0]                                                                                                                                                                                                                                 |
| Low              |                                  |      4 |                        | Active High |               0.00 |             0.3 | XDMA/inst/udma_wrapper/dma_top/dma_pcie_req/dma_pcie_rq/RQ_FIFO/wseq_ff099_out                                                                                                                                                                                                                                               |
| Low              | Excessive Set/Reset/Preset/Clear |      4 | Reset                  | Active High |               0.26 |             8.5 | XDMA/inst/udma_wrapper/dma_top/reset_cntrlr/flush_txn_linkdown_ff_reg[3]_1                                                                                                                                                                                                                                                   |
| Low              | Excessive Set/Reset/Preset/Clear |      4 | Reset                  | Active High |               0.99 |             0.0 | XDMA/inst/xdma_v41_m1_pcie2_to_pcie3_wrapper_i/pcie2_ip_i/inst/inst/gt_top_i/pipe_wrapper_i/pipe_lane[0].pipe_eq.pipe_eq_i/txeq_preset[16]_i_1_n_0                                                                                                                                                                           |
| Low              | Excessive Set/Reset/Preset/Clear |      4 | Preset                 | Active High |               0.50 |             3.4 | nvp_reset_app_autonomous                                                                                                                                                                                                                                                                                                     |
| Low              | Excessive Set/Reset/Preset/Clear |      4 | Preset                 | Active High |               0.50 |             3.4 | nvp_reset_frontend_autonomous                                                                                                                                                                                                                                                                                                |
| Low              |                                  |      2 | BRAM Enable            | Active High |               0.00 |             0.1 | XDMA/inst/udma_wrapper/dma_top/dma_enable.vul_dma/dsc_eng.DSC/mi_c2h_pcie_dsc_cpld\\.wen[0]                                                                                                                                                                                                                                  |
| Low              | Excessive Set/Reset/Preset/Clear |      2 | Reset                  | Active High |               0.99 |             0.0 | XDMA/inst/xdma_v41_m1_pcie2_to_pcie3_wrapper_i/pcie2_ip_i/inst/inst/gt_top_i/pipe_wrapper_i/gtp_pipe_reset.gtp_pipe_reset_i/rst_gtreset                                                                                                                                                                                      |
| Low              | Excessive Set/Reset/Preset/Clear |      2 | Preset                 | Active High |               0.50 |             6.2 | XDMA/inst/xdma_v41_m1_pcie2_to_pcie3_wrapper_i/pcie2_ip_i/inst/inst/sys_or_hot_rst                                                                                                                                                                                                                                           |
| Low              | Excessive Set/Reset/Preset/Clear |      2 | Preset                 | Active High |               0.16 |             0.0 | XDMA/inst/xdma_v41_m1_pcie2_to_pcie3_wrapper_i/xdma_v41_m1_axi_stream_intf_i/xdma_v41_m1_rx_demux_i/tgt_brdg_fifo_inst/U0/inst_fifo_gen/gaxis_fifo.gaxisf.axisf/grf.rf/rstblk/grstd1.grst_full.rst_d2                                                                                                                        |
| Low              | Excessive Set/Reset/Preset/Clear |      2 | Clear                  | Active High |               0.50 |             3.4 | nvp_reset_ready_autonomous                                                                                                                                                                                                                                                                                                   |
| Low              |                                  |      1 |                        | Active High |               0.00 |             0.2 | NVP_AUTOINIT/u_sequence/sda_oen_r10_out                                                                                                                                                                                                                                                                                      |
| Low              | Excessive Set/Reset/Preset/Clear |      1 | Reset                  | Active High |               0.99 |             0.0 | XDMA/inst/xdma_v41_m1_pcie2_to_pcie3_wrapper_i/pcie2_ip_i/inst/inst/gt_top_i/pipe_wrapper_i/gtp_pipe_reset.gtp_pipe_reset_i/PLL0RESET0                                                                                                                                                                                       |
| Medium           |                                  |    292 |                        | Active High |               0.50 |            57.9 | CAPTURE_SUBSYSTEM/MAILBOX/status_hold_nvp0                                                                                                                                                                                                                                                                                   |
| Medium           |                                  |    292 |                        | Active High |               0.50 |            51.3 | CAPTURE_SUBSYSTEM/MAILBOX/status_req_seen_pcie0                                                                                                                                                                                                                                                                              |
| Medium           |                                  |    158 |                        | Active High |               0.49 |             0.0 | XDMA/inst/udma_wrapper/dma_top/dma_enable.vul_dma/WR/gen_rdwr_loop[0].gen_rdwr_eng.RDWR_INST/DSC_FIFO/Head[158]_i_1_n_0                                                                                                                                                                                                      |
| Medium           |                                  |    115 |                        | Active High |               0.07 |             8.1 | XDMA/inst/udma_wrapper/dma_top/dma_pcie_req/dma_pcie_rq/wrq_ld                                                                                                                                                                                                                                                               |
| Medium           |                                  |    111 |                        | Active High |               0.04 |             3.9 | XDMA/inst/udma_wrapper/dma_top/dma_pcie_req/dma_pcie_rq/RQ_FIFO/rreq_head_ld_new_1                                                                                                                                                                                                                                           |
| Medium           |                                  |    103 |                        | Active High |               0.26 |            23.3 | XDMA/inst/udma_wrapper/dma_top/dma_pcie_req/dma_pcie_rq/RQ_FIFO/rreq_head_vld_ff_reg[0]_1[0]                                                                                                                                                                                                                                 |
| Medium           |                                  |     98 |                        | Active High |               0.49 |             0.0 | XDMA/inst/udma_wrapper/dma_top/dma_enable.vul_dma/RD/gen_rdwr_loop[0].gen_rdwr_eng.RDWR_INST/DSC_FIFO/Head[97]_i_1__2_n_0                                                                                                                                                                                                    |
| Medium           |                                  |     98 |                        | Active High |               0.03 |             0.3 | XDMA/inst/udma_wrapper/dma_top/dma_pcie_req/dma_pcie_rq/RQ_FIFO/force_ready_flush_ff_reg_1[0]                                                                                                                                                                                                                                |
| Medium           |                                  |     94 |                        | Active High |               0.48 |            18.3 | XDMA/inst/udma_wrapper/dma_top/dma_enable.vul_dma/RD/gen_rdwr_loop[0].gen_rdwr_eng.RDWR_INST/RRQ_FIFO/Head[119]_i_1__1_n_0                                                                                                                                                                                                   |
| Medium           |                                  |     93 |                        | Active High |               0.26 |            25.7 | XDMA/inst/udma_wrapper/dma_top/dma_pcie_req/axidma_rrq_arb/Fifowhead.fifoInfo/Head[121]_i_1__0_n_0                                                                                                                                                                                                                           |
| Medium           |                                  |     92 |                        | Active High |               0.43 |            10.9 | XDMA/inst/udma_wrapper/dma_top/dma_enable.vul_dma/WR/gen_rdwr_loop[0].gen_rdwr_eng.RDWR_INST/WRQ_FIFO/Head[111]_i_1__1_n_0                                                                                                                                                                                                   |
| Medium           |                                  |     92 |                        | Active High |               0.31 |            46.5 | XDMA/inst/udma_wrapper/dma_top/dma_pcie_req/dma_pcie_rc/ld_stg3_2_stg4                                                                                                                                                                                                                                                       |
| Medium           |                                  |     89 |                        | Active High |               0.22 |            23.6 | XDMA/inst/udma_wrapper/dma_top/dma_pcie_req/axidma_wrq_arb/Fifowhead.fifoInfo/Head[112]_i_1__3_n_0                                                                                                                                                                                                                           |
| Medium           |                                  |     88 |                        | Active High |               0.42 |            47.3 | XDMA/inst/udma_wrapper/dma_top/dma_pcie_req/dma_pcie_rc/rclp_mem_we_en                                                                                                                                                                                                                                                       |
| Medium           |                                  |     86 |                        | Active High |               0.68 |            10.7 | XDMA/inst/udma_wrapper/dma_top/dma_enable.vul_dma/RD/gen_rdwr_loop[0].gen_rdwr_eng.RDWR_INST/pmon_cyc_run_nn1                                                                                                                                                                                                                |
| Medium           |                                  |     86 |                        | Active High |               0.68 |            11.0 | XDMA/inst/udma_wrapper/dma_top/dma_enable.vul_dma/WR/gen_rdwr_loop[0].gen_rdwr_eng.RDWR_INST/pmon_cyc_run_nn1                                                                                                                                                                                                                |
| Medium           |                                  |     83 |                        | Active High |               0.34 |             4.4 | XDMA/inst/xdma_v41_m1_pcie2_to_pcie3_wrapper_i/xdma_v41_m1_axi_stream_intf_i/xdma_v41_m1_rx_demux_i/cplfifo_s_axis_tdata[63]_i_1_n_0                                                                                                                                                                                         |
| Medium           |                                  |     82 |                        | Active High |               0.34 |            29.4 | XDMA/inst/udma_wrapper/dma_top/dma_enable.vul_dma/dsc_eng.DSC/RRQ_FIFO/Head[119]_i_1_n_0                                                                                                                                                                                                                                     |
| Medium           |                                  |     81 |                        | Active High |               0.63 |            14.7 | XDMA/inst/udma_wrapper/dma_top/dma_pcie_req/dma_pcie_rc/ld_stg1_2_stg2                                                                                                                                                                                                                                                       |
| Medium           |                                  |     81 |                        | Active High |               0.78 |             5.0 | XDMA/inst/xdma_v41_m1_pcie2_to_pcie3_wrapper_i/xdma_v41_m1_axi_stream_intf_i/xdma_v41_m1_dma_cpl_i/current_dw_count[0]                                                                                                                                                                                                       |
| Medium           |                                  |     80 |                        | Active High |               0.06 |             5.1 | CAPTURE_SUBSYSTEM/PRODUCER/byte_phase_v[2]_i_1_n_0                                                                                                                                                                                                                                                                           |
| Medium           |                                  |     78 |                        | Active High |               0.30 |             5.1 | XDMA/inst/xdma_v41_m1_pcie2_to_pcie3_wrapper_i/pcie2_ip_i/inst/inst/pcie_top_i/axi_basic_top/rx_inst/rx_pipeline_inst/E[0]                                                                                                                                                                                                   |
| Medium           |                                  |     77 |                        | Active High |               0.69 |            19.6 | XDMA/inst/udma_wrapper/dma_top/dma_pcie_req/dma_pcie_rq/RQ_FIFO/Head[63]_i_2_n_0                                                                                                                                                                                                                                             |
| Medium           |                                  |     77 |                        | Active High |               0.23 |            10.1 | XDMA/inst/udma_wrapper/dma_top/dma_pcie_req/dma_pcie_rq/RQ_FIFO/MemArray[126]_i_1_n_0                                                                                                                                                                                                                                        |
| Medium           |                                  |     77 |                        | Active High |               0.08 |             6.1 | XDMA/inst/xdma_v41_m1_pcie2_to_pcie3_wrapper_i/xdma_v41_m1_axi_stream_intf_i/xdma_v41_m1_dma_req_i/req_at[0]                                                                                                                                                                                                                 |
| Medium           |                                  |     75 |                        | Active High |               0.37 |             3.2 | CAPTURE_SUBSYSTEM/MAILBOX/cfg_req_seen_nvp0                                                                                                                                                                                                                                                                                  |
| Medium           |                                  |     75 |                        | Active High |               0.10 |            16.6 | XDMA/inst/udma_wrapper/dma_top/dma_enable.vul_dma/dsc_eng.DSC/rrq_head_adr_nn1[63]_i_1_n_0                                                                                                                                                                                                                                   |
| Medium           |                                  |     74 |                        | Active High |               0.03 |             5.1 | XDMA/inst/udma_wrapper/dma_top/dma_pcie_req/dma_pcie_rc/rclp_mem_we_reg[1]_0                                                                                                                                                                                                                                                 |
| Medium           |                                  |     74 |                        | Active High |               0.70 |            29.9 | XDMA/inst/udma_wrapper/dma_top/dma_pcie_req/dma_pcie_rc/u_dma_rc_mem_pfch/pfch_do_data_r[141]_i_1_n_0                                                                                                                                                                                                                        |
| Medium           |                                  |     73 |                        | Active High |               0.78 |            17.9 | XDMA/inst/udma_wrapper/dma_top/dma_pcie_req/dma_pcie_rc/pfch_do_ack0                                                                                                                                                                                                                                                         |
| Medium           |                                  |     73 |                        | Active High |               0.36 |             4.7 | XDMA/inst/xdma_v41_m1_pcie2_to_pcie3_wrapper_i/xdma_v41_m1_axi_stream_intf_i/xdma_v41_m1_rx_demux_i/tgtfifo_s_axis_tdata[63]_i_1_n_0                                                                                                                                                                                         |
| Medium           |                                  |     70 |                        | Active High |               0.46 |             4.4 | XDMA/inst/xdma_v41_m1_pcie2_to_pcie3_wrapper_i/xdma_v41_m1_axi_stream_intf_i/xdma_v41_m1_rx_demux_i/tgt_brdg_fifo_inst/U0/inst_fifo_gen/gaxis_fifo.gaxisf.axisf/grf.rf/gntv_or_sync_fifo.gl0.rd/gr1.gr1_int.rfwft/E[0]                                                                                                       |
| Medium           |                                  |     70 |                        | Active High |               0.51 |             7.2 | XDMA/inst/xdma_v41_m1_pcie2_to_pcie3_wrapper_i/xdma_v41_m1_axi_stream_intf_i/xdma_v41_m1_rx_demux_i/tgt_brdg_fifo_inst/U0/inst_fifo_gen/gaxis_fifo.gaxisf.axisf/grf.rf/rstblk/E[0]                                                                                                                                           |
| Medium           |                                  |     69 |                        | Active High |               0.54 |            20.8 | XDMA/inst/udma_wrapper/dma_top/dma_pcie_req/dma_pcie_rc/u_dma_rc_mem_pfch/ld_pfch_2_stg1                                                                                                                                                                                                                                     |
| Medium           |                                  |     67 |                        | Active High |               0.91 |             2.6 | XDMA/inst/xdma_v41_m1_pcie2_to_pcie3_wrapper_i/pcie2_ip_i/inst/inst/pcie_top_i/axi_basic_top/rx_inst/rx_pipeline_inst/m_axis_rx_tdata[63]_i_1_n_0                                                                                                                                                                            |
| Medium           |                                  |     66 |                        | Active High |               0.60 |            15.8 | XDMA/inst/xdma_v41_m1_pcie2_to_pcie3_wrapper_i/xdma_v41_m1_axi_stream_intf_i/xdma_v41_m1_tgt_req_i/tx_64.req_mesg_i_1_n_0                                                                                                                                                                                                    |
| Medium           |                                  |     65 |                        | Active High |               0.40 |             6.8 | XDMA/inst/udma_wrapper/dma_top/axi4mm_bridge_top_inst/axi4mm_axi_mm_master_top_inst/axi4mm_axi_str_masterbr_rdtlp_inst/aa256_tdata_nxt[0]                                                                                                                                                                                    |
| Medium           |                                  |     65 |                        | Active High |               0.28 |             4.1 | XDMA/inst/xdma_v41_m1_pcie2_to_pcie3_wrapper_i/xdma_v41_m1_axi_stream_intf_i/xdma_v41_m1_rx_demux_i/dma_cpl_fifo_inst/U0/inst_fifo_gen/gaxis_fifo.gaxisf.axisf/grf.rf/rstblk/ngwrdrst.grst.g7serrst.gsckt_wrst.gcc_rst.sckt_wr_rst_cc_reg[0]_0[0]                                                                            |
| Medium           |                                  |     64 |                        | Active High |               0.35 |            15.9 | XDMA/inst/udma_wrapper/dma_top/dma_pcie_req/dma_pcie_rc/tlp_stg3_pload[63]_i_1_n_0                                                                                                                                                                                                                                           |
| Medium           |                                  |     64 |                        | Active High |               0.34 |            10.2 | XDMA/inst/udma_wrapper/dma_top/dma_pcie_req/dma_pcie_rq/RQ_FIFO/reqdtlpSm512_cs_reg[0]_1[0]                                                                                                                                                                                                                                  |
| Medium           |                                  |     63 |                        | Active High |               0.35 |            15.9 | XDMA/inst/udma_wrapper/dma_top/dma_pcie_req/dma_pcie_rc/ld_stg2_2_stg3                                                                                                                                                                                                                                                       |
| Medium           |                                  |     56 |                        | Active High |               0.35 |             0.3 | XDMA/inst/udma_wrapper/dma_top/axi4mm_bridge_top_inst/axi4mm_axi_mm_master_top_inst/axi4mm_axi_str_masterbr_rdtlp_inst/rdtlplength_0_ff0                                                                                                                                                                                     |
| Medium           |                                  |     51 |                        | Active High |               0.25 |             8.7 | XDMA/inst/udma_wrapper/dma_top/axi4mm_bridge_top_inst/axi4mm_axi_mm_master_top_inst/axi4mm_axi_str_masterbr_rdtlp_inst/m_axis_cc_tdata_d_nxt[0]                                                                                                                                                                              |
| Medium           |                                  |     51 |                        | Active High |               0.23 |             6.0 | XDMA/inst/xdma_v41_m1_pcie2_to_pcie3_wrapper_i/xdma_v41_m1_axi_stream_intf_i/xdma_v41_m1_tgt_cpl_i/compl_addr[0]                                                                                                                                                                                                             |
| Medium           |                                  |     47 |                        | Active High |               0.61 |             5.5 | XDMA/inst/xdma_v41_m1_pcie2_to_pcie3_wrapper_i/xdma_v41_m1_axi_stream_intf_i/xdma_v41_m1_dma_cpl_i/wr_len0                                                                                                                                                                                                                   |
| Medium           |                                  |     45 |                        | Active High |               0.15 |            10.8 | XDMA/inst/udma_wrapper/dma_top/base/TAR_BRDG/tar_req_ld_nn1                                                                                                                                                                                                                                                                  |
| Medium           |                                  |     43 |                        | Active High |               0.14 |            10.2 | XDMA/inst/udma_wrapper/dma_top/axi4mm_bridge_top_inst/axi4mm_axi_mm_master_top_inst/axi4mm_axi_str_masterbridge_wrrd_inst/tlptag_nxt[0]                                                                                                                                                                                      |
| Medium           |                                  |     41 |                        | Active High |               0.05 |             5.4 | XDMA/inst/udma_wrapper/dma_top/dma_pcie_req/dma_pcie_rc/tlp_stg1_head[69]_i_1_n_0                                                                                                                                                                                                                                            |
| Medium           |                                  |     36 |                        | Active High |               0.20 |             9.5 | AXI_LITE_HOST_BRIDGE/w_stored                                                                                                                                                                                                                                                                                                |
| Medium           |                                  |     35 |                        | Active High |               0.35 |            18.4 | XDMA/inst/udma_wrapper/dma_top/dma_pcie_req/dma_pcie_rc/dw_tlp_hdr_0[46]_i_1_n_0                                                                                                                                                                                                                                             |
| Medium           |                                  |     34 |                        | Active High |               0.57 |            31.8 | XDMA/inst/udma_wrapper/dma_top/axi4mm_bridge_top_inst/axi4mm_axi_mm_master_top_inst/axi4mm_axi_mm_master_wr_inst/m_axi_lite0_wvalid_nxt                                                                                                                                                                                      |
| Medium           |                                  |     32 |                        | Active High |               0.21 |             7.6 | AXI_LITE_HOST_BRIDGE/FSM_sequential_host_state_reg[1][0]                                                                                                                                                                                                                                                                     |
| Medium           |                                  |     32 |                        | Active High |               0.13 |             8.2 | CAPTURE_SUBSYSTEM/MAILBOX/nvp_cfg_arm_reg_1                                                                                                                                                                                                                                                                                  |
| Medium           |                                  |     32 |                        | Active High |               0.49 |             0.0 | CAPTURE_SUBSYSTEM/MAILBOX/pcie_request_ack_pulse                                                                                                                                                                                                                                                                             |
| Medium           |                                  |     32 |                        | Active High |               0.13 |             8.1 | CAPTURE_SUBSYSTEM/PRODUCER/bad_length_v[0]_i_1_n_0                                                                                                                                                                                                                                                                           |
| Medium           |                                  |     32 |                        | Active High |               0.09 |            12.3 | XDMA/inst/udma_wrapper/dma_top/base/IRQ_INST/clk_msi_set_ff                                                                                                                                                                                                                                                                  |
| Medium           |                                  |     32 |                        | Active High |               0.14 |            12.1 | XDMA/inst/udma_wrapper/dma_top/base/TAR_BRDG/tar_cpl_ld_nn0                                                                                                                                                                                                                                                                  |
| Medium           |                                  |     32 |                        | Active High |               0.05 |             4.7 | XDMA/inst/udma_wrapper/dma_top/base/TAR_BRDG/tar_row_nn1_reg_0[0]                                                                                                                                                                                                                                                            |
| Medium           |                                  |     32 |                        | Active High |               0.10 |            15.9 | XDMA/inst/udma_wrapper/dma_top/dma_enable.vul_dma/WR/gen_rdwr_loop[0].gen_rdwr_eng.RDWR_INST/sts_nn0__0[3]                                                                                                                                                                                                                   |
| Medium           |                                  |     32 |                        | Active High |               1.00 |             0.0 | XDMA/inst/udma_wrapper/msix_table_reg_mux_reg[31]_i_3_n_0                                                                                                                                                                                                                                                                    |
| Medium           |                                  |     32 |                        | Active High |               0.45 |             7.0 | XDMA/inst/xdma_v41_m1_pcie2_to_pcie3_wrapper_i/xdma_v41_m1_axi_stream_intf_i/xdma_v41_m1_tgt_cpl_i/FSM_sequential_tx_64.state_reg[1]_0                                                                                                                                                                                       |
| Medium           |                                  |     32 |                        | Active High |               0.24 |            13.0 | XDMA/inst/xdma_v41_m1_pcie2_to_pcie3_wrapper_i/xdma_v41_m1_axi_stream_intf_i/xdma_v41_m1_tgt_req_i/tx_64.req_data[31]_i_1_n_0                                                                                                                                                                                                |
| Medium           |                                  |     28 | Set/Reset              | Active High |               0.06 |             0.0 | XDMA/inst/xdma_v41_m1_pcie2_to_pcie3_wrapper_i/xdma_v41_m1_axi_stream_intf_i/xdma_v41_m1_rx_demux_i/dma_cpl_fifo_inst/U0/inst_fifo_gen/gaxis_fifo.gaxisf.axisf/grf.rf/rstblk/SR[0]                                                                                                                                           |
| Medium           |                                  |     27 |                        | Active High |               0.71 |            12.9 | NVP_AUTOINIT/delay_count[0]_i_1_n_0                                                                                                                                                                                                                                                                                          |
| Medium           |                                  |     27 |                        | Active High |               0.28 |            25.2 | XDMA/inst/udma_wrapper/dma_top/dma_enable.wb_eng.dma_pcie_wb_eng/axidma_wb_arb/Fifowhead.fifoInfo/Head[32]_i_1__1_n_0                                                                                                                                                                                                        |
| Medium           |                                  |     24 |                        | Active High |               0.03 |             6.0 | XDMA/inst/udma_wrapper/dma_top/axi4mm_bridge_top_inst/axi4mm_axi_mm_master_top_inst/axi4mm_axi_mm_master_rd/m_axi_litex_araddr_nxt[11]                                                                                                                                                                                       |
| Medium           |                                  |     24 |                        | Active High |               0.10 |            14.2 | XDMA/inst/udma_wrapper/dma_top/axi4mm_bridge_top_inst/axi4mm_axi_mm_master_top_inst/axi4mm_axi_mm_master_wr_inst/m_axi_litex_awaddr_nxt[11]                                                                                                                                                                                  |
| Medium           |                                  |     24 |                        | Active High |               0.43 |            10.0 | XDMA/inst/udma_wrapper/dma_top/dma_enable.vul_dma/RD/gen_rdwr_loop[0].gen_rdwr_eng.RDWR_INST/WRQ_FIFO/Head[41]_i_1__2_n_0                                                                                                                                                                                                    |
| Medium           |                                  |     24 | /BRAM Enable           | Active High |               0.16 |             1.7 | XDMA/inst/xdma_v41_m1_pcie2_to_pcie3_wrapper_i/xdma_v41_m1_axi_stream_intf_i/xdma_v41_m1_rx_demux_i/dma_cpl_fifo_inst/U0/inst_fifo_gen/gaxis_fifo.gaxisf.axisf/grf.rf/gntv_or_sync_fifo.gl0.wr/gwss.wsts/E[0]                                                                                                                |
| Medium           |                                  |     21 |                        | Active High |               0.04 |             4.5 | XDMA/inst/udma_wrapper/dma_top/axi4mm_bridge_top_inst/axi4mm_axi_mm_master_top_inst/axi4mm_axi_str_masterbridge_wrrd_inst/tlpaddrh_nxt[14]                                                                                                                                                                                   |
| Medium           |                                  |     17 |                        | Active High |               0.03 |             3.7 | AXI_LITE_HOST_BRIDGE/araddr_stored[0]                                                                                                                                                                                                                                                                                        |
| Medium           |                                  |     17 |                        | Active High |               0.15 |             4.9 | AXI_LITE_HOST_BRIDGE/aw_stored                                                                                                                                                                                                                                                                                               |
| Medium           |                                  |     16 |                        | Active High |               0.50 |            12.5 | XDMA/inst/xdma_v41_m1_pcie2_to_pcie3_wrapper_i/pcie2_ip_i/inst/inst/pcie_top_i/pcie_7x_i/E[0]                                                                                                                                                                                                                                |
| Medium           |                                  |     13 |                        | Active High |               0.06 |             5.7 | XDMA/inst/udma_wrapper/dma_top/axi4mm_bridge_top_inst/axi4mm_axi_mm_master_top_inst/axi4mm_axi_str_masterbr_rdtlp_inst/tlpbytecntVal_ff[12]_i_1_n_0                                                                                                                                                                          |
| Medium           |                                  |     13 |                        | Active High |               0.99 |             0.0 | XDMA/inst/xdma_v41_m1_pcie2_to_pcie3_wrapper_i/pcie2_ip_i/inst/inst/gt_top_i/pipe_wrapper_i/pipe_lane[0].pipe_eq.pipe_eq_i/txeq_preset[15]_i_1_n_0                                                                                                                                                                           |
| Medium           |                                  |     13 |                        | Active High |               0.96 |             1.7 | XDMA/inst/xdma_v41_m1_pcie2_to_pcie3_wrapper_i/pcie2_ip_i/inst/inst/pcie_top_i/axi_basic_top/rx_inst/rx_pipeline_inst/m_axis_rx_tuser[21]_i_1_n_0                                                                                                                                                                            |
| Medium           |                                  |     12 |                        | Active High |               0.27 |             1.3 | XDMA/inst/xdma_v41_m1_pcie2_to_pcie3_wrapper_i/xdma_v41_m1_axi_stream_intf_i/xdma_v41_m1_rx_demux_i/dma_cpl_fifo_inst/U0/inst_fifo_gen/gaxis_fifo.gaxisf.axisf/grf.rf/gntv_or_sync_fifo.gl0.rd/gr1.gr1_int.rfwft/E[0]                                                                                                        |
| Medium           |                                  |     11 |                        | Active High |               1.00 |             0.4 | NVP_AUTOINIT/u_sequence/scl_low_released_count[10]_i_2_n_0                                                                                                                                                                                                                                                                   |
| Medium           |                                  |     11 |                        | Active High |               0.10 |             7.4 | XDMA/inst/udma_wrapper/dma_top/dma_pcie_req/dma_pcie_rq/wtlp_dwa_rem_500[10]_i_1_n_0                                                                                                                                                                                                                                         |
| Medium           |                                  |     11 |                        | Active High |               0.37 |             7.4 | XDMA/inst/xdma_v41_m1_pcie2_to_pcie3_wrapper_i/xdma_v41_m1_axi_stream_intf_i/xdma_v41_m1_dma_req_i/tx_64.current_dw_count[10]_i_1_n_0                                                                                                                                                                                        |
| Medium           |                                  |     10 |                        | Active High |               0.52 |            17.9 | XDMA/inst/udma_wrapper/dma_top/axi4mm_bridge_top_inst/axi4mm_axi_mm_master_top_soft_dma_inst/r_fifo_occupancy[9]_i_1_n_0                                                                                                                                                                                                     |
| Medium           |                                  |     10 |                        | Active High |               1.00 |             0.1 | XDMA/inst/udma_wrapper/dma_top/base/IRQ_INST/msix_internal_xdma.pf0_msix_table/msix_init_cntr[0]                                                                                                                                                                                                                             |
| Medium           |                                  |     10 |                        | Active High |               0.18 |            12.0 | XDMA/inst/udma_wrapper/dma_top/dma_enable.axist.dma_axist/axist_h2c[0].dma_axist_mst/wpl_wlen_nn1[9]_i_1_n_0                                                                                                                                                                                                                 |
| Medium           |                                  |     10 |                        | Active High |               0.05 |             4.0 | XDMA/inst/udma_wrapper/dma_top/dma_pcie_req/dma_pcie_rq/RQ_FIFO/E[0]                                                                                                                                                                                                                                                         |
| Medium           |                                  |     10 |                        | Active High |               0.10 |             7.5 | XDMA/inst/udma_wrapper/dma_top/dma_pcie_req/dma_pcie_rq/wtlp_bt_rem_500[9]_i_1_n_0                                                                                                                                                                                                                                           |
| Medium           |                                  |     10 |                        | Active High |               0.61 |             7.9 | XDMA/inst/xdma_v41_m1_pcie2_to_pcie3_wrapper_i/xdma_v41_m1_axi_stream_intf_i/xdma_v41_m1_dma_req_i/tx_64.dw_count[10]_i_1_n_0                                                                                                                                                                                                |
| Medium           |                                  |     10 |                        | Active High |               0.76 |             6.0 | XDMA/inst/xdma_v41_m1_pcie2_to_pcie3_wrapper_i/xdma_v41_m1_axi_stream_intf_i/xdma_v41_m1_dma_req_i/tx_64.req_len[9]_i_1_n_0                                                                                                                                                                                                  |
| Medium           |                                  |      9 |                        | Active High |               0.05 |             4.8 | CAPTURE_SUBSYSTEM/PRODUCER/payload_word_v[8]_i_1_n_0                                                                                                                                                                                                                                                                         |
| Medium           |                                  |      9 |                        | Active High |               0.04 |             4.8 | XDMA/inst/udma_wrapper/dma_top/dma_enable.vul_dma/dsc_eng.DSC/chn_dsc_ent_nn1[0][8]_i_1_n_0                                                                                                                                                                                                                                  |
| Medium           |                                  |      9 |                        | Active High |               0.09 |            12.0 | XDMA/inst/udma_wrapper/dma_top/dma_enable.vul_dma/dsc_eng.DSC/chn_dsc_ent_nn1[1][8]_i_1_n_0                                                                                                                                                                                                                                  |
| Medium           |                                  |      8 |                        | Active High |               0.05 |             7.2 | XDMA/inst/udma_wrapper/dma_top/dma_enable.vul_dma/dsc_eng.DSC/chn_dsc_spc_nn1[0][7]_i_2_n_0                                                                                                                                                                                                                                  |
| Medium           |                                  |      8 |                        | Active High |               0.09 |            12.2 | XDMA/inst/udma_wrapper/dma_top/dma_enable.vul_dma/dsc_eng.DSC/chn_dsc_spc_nn1[1][7]_i_2_n_0                                                                                                                                                                                                                                  |
| Medium           |                                  |      8 |                        | Active High |               0.08 |            11.2 | XDMA/inst/udma_wrapper/dma_top/dma_enable.vul_dma/dsc_eng.DSC/chn_rrq_len_rem_nn01                                                                                                                                                                                                                                           |
| Medium           |                                  |      8 |                        | Active High |               0.11 |            17.0 | XDMA/inst/udma_wrapper/dma_top/dma_enable.vul_dma/dsc_eng.DSC/chn_rrq_rem_nn1[0][7]_i_1_n_0                                                                                                                                                                                                                                  |
| Medium           |                                  |      8 |                        | Active High |               0.63 |             5.6 | XDMA/inst/xdma_v41_m1_pcie2_to_pcie3_wrapper_i/xdma_v41_m1_axi_stream_intf_i/xdma_v41_m1_dma_cpl_i/wr_tag[0]                                                                                                                                                                                                                 |
| Medium           |                                  |      8 |                        | Active High |               0.49 |             5.3 | XDMA/inst/xdma_v41_m1_pcie2_to_pcie3_wrapper_i/xdma_v41_m1_axi_stream_intf_i/xdma_v41_m1_rx_demux_i/tgt_brdg_fifo_inst/U0/inst_fifo_gen/gaxis_fifo.gaxisf.axisf/grf.rf/gntv_or_sync_fifo.gl0.rd/gr1.gr1_int.rfwft/ram_empty_fb_i_reg[0]                                                                                      |
| Medium           |                                  |      8 |                        | Active High |               0.30 |             3.3 | XDMA/inst/xdma_v41_m1_pcie2_to_pcie3_wrapper_i/xdma_v41_m1_axi_stream_intf_i/xdma_v41_m1_rx_demux_i/tgt_brdg_fifo_inst/U0/inst_fifo_gen/gaxis_fifo.gaxisf.axisf/grf.rf/gntv_or_sync_fifo.gl0.wr/gwss.wsts/E[0]                                                                                                               |
| Medium           |                                  |      8 |                        | Active High |               0.15 |             7.1 | XDMA/inst/xdma_v41_m1_pcie2_to_pcie3_wrapper_i/xdma_v41_m1_axi_stream_intf_i/xdma_v41_m1_tgt_cpl_i/compl_tag[0]                                                                                                                                                                                                              |
| Medium           |                                  |      7 |                        | Active High |               0.99 |             0.0 | XDMA/inst/xdma_v41_m1_pcie2_to_pcie3_wrapper_i/pcie2_ip_i/inst/inst/gt_top_i/pipe_wrapper_i/pipe_lane[0].pipe_user_i/resetovrd.reset[7]_i_1_n_0                                                                                                                                                                              |
| Medium           |                                  |      6 |                        | Active High |               0.54 |            21.8 | AXI_LITE_HOST_BRIDGE/FSM_onehot_state[5]_i_2_n_0                                                                                                                                                                                                                                                                             |
| Medium           |                                  |      6 |                        | Active High |               0.04 |             7.9 | XDMA/inst/udma_wrapper/dma_top/axi4mm_bridge_top_inst/axi4mm_axi_mm_master_top_inst/axi4mm_axi_mm_master_rd/m_axi_arRlxOrdpendq1                                                                                                                                                                                             |
| Medium           |                                  |      6 |                        | Active High |               0.96 |             8.9 | XDMA/inst/udma_wrapper/dma_top/axi4mm_bridge_top_inst/axi4mm_axi_mm_master_top_inst/axi4mm_axi_str_masterbr_rdtlp_inst/E[0]                                                                                                                                                                                                  |
| Medium           |                                  |      6 |                        | Active High |               0.04 |             5.8 | XDMA/inst/udma_wrapper/dma_top/axi4mm_bridge_top_inst/axi4mm_axi_mm_master_top_inst/axi4mm_axi_str_masterbr_rdtlp_inst/ldbeat                                                                                                                                                                                                |
| Medium           |                                  |      6 |                        | Active High |               0.25 |            20.5 | XDMA/inst/udma_wrapper/dma_top/base/cq_axilt_slv/REQ_FIFO/FifoCntrRd[2]_i_1__9_n_0                                                                                                                                                                                                                                           |
| Medium           |                                  |      6 |                        | Active High |               0.62 |            46.0 | XDMA/inst/udma_wrapper/dma_top/dma_enable.wb_eng.dma_pcie_wb_eng/WB_CHNL_FIFO/FifoCntrRd[2]_i_1__7_n_0                                                                                                                                                                                                                       |
| Medium           |                                  |      6 |                        | Active High |               0.22 |            26.4 | XDMA/inst/udma_wrapper/dma_top/dma_enable.wb_eng.dma_pcie_wb_eng/axidma_wb_arb/Fifowhead.fifoInfo/FifoCntrRd[2]_i_1__6_n_0                                                                                                                                                                                                   |
| Medium           |                                  |      6 |                        | Active High |               0.34 |            37.4 | XDMA/inst/udma_wrapper/dma_top/dma_pcie_req/axidma_rrq_arb/arbchnls/genarb[1].inst/E[0]                                                                                                                                                                                                                                      |
| Medium           |                                  |      6 |                        | Active High |               0.35 |            39.4 | XDMA/inst/udma_wrapper/dma_top/dma_pcie_req/axidma_wrq_arb/Fifowhead.fifoInfo/FifoCntrRd[2]_i_1__10_n_0                                                                                                                                                                                                                      |
| Medium           |                                  |      6 |                        | Active High |               0.43 |            19.3 | XDMA/inst/udma_wrapper/dma_top/dma_pcie_req/dma_pcie_rc/E[0]                                                                                                                                                                                                                                                                 |
| Medium           |                                  |      6 |                        | Active High |               0.43 |            19.0 | XDMA/inst/udma_wrapper/dma_top/dma_pcie_req/dma_pcie_rc/tag_sel_ff_reg[0]                                                                                                                                                                                                                                                    |
| Medium           |                                  |      6 |                        | Active High |               0.86 |            10.8 | XDMA/inst/udma_wrapper/dma_top/dma_pcie_req/init_tag_nn1[5]_i_1_n_0                                                                                                                                                                                                                                                          |
| Medium           |                                  |      5 |                        | Active High |               0.03 |             5.8 | XDMA/inst/udma_wrapper/dma_top/axi4mm_bridge_top_inst/axi4mm_axi_mm_master_top_inst/axi4mm_axi_mm_master_rd/done_lite_ff_reg_0[0]                                                                                                                                                                                            |
| Medium           |                                  |      5 |                        | Active High |               0.43 |            71.6 | XDMA/inst/udma_wrapper/dma_top/axi4mm_bridge_top_inst/axi4mm_axi_mm_master_top_inst/axi4mm_axi_mm_master_wr_inst/bresp_received                                                                                                                                                                                              |
| Medium           |                                  |      5 |                        | Active High |               0.07 |            10.9 | XDMA/inst/udma_wrapper/dma_top/axi4mm_bridge_top_inst/axi4mm_axi_mm_master_top_inst/axi4mm_axi_mm_master_wr_inst/m_axi_litex_awaddr_nxt[31]                                                                                                                                                                                  |
| Medium           |                                  |      5 |                        | Active High |               0.18 |            12.5 | XDMA/inst/udma_wrapper/dma_top/dma_enable.axist.dma_axist/axist_h2c[0].dma_axist_mst/WRQ_FIFO/E[0]                                                                                                                                                                                                                           |
| Medium           |                                  |      5 |                        | Active High |               0.43 |            49.1 | XDMA/inst/udma_wrapper/dma_top/dma_enable.vul_dma/RD/gen_rdwr_loop[0].gen_rdwr_eng.RDWR_INST/wcp_rid_ord_nn10                                                                                                                                                                                                                |
| Medium           |                                  |      5 |                        | Active High |               0.24 |            34.7 | XDMA/inst/udma_wrapper/dma_top/dma_enable.vul_dma/WR/gen_rdwr_loop[0].gen_rdwr_eng.RDWR_INST/wrq_pnd_cnt_nn1[4]_i_1_n_0                                                                                                                                                                                                      |
| Medium           |                                  |      5 | /BRAM Enable           | Active High |               0.27 |            18.0 | XDMA/inst/udma_wrapper/dma_top/dma_pcie_req/dma_pcie_rc/u_dma_rc_mem_pfch/mem_rc_rd                                                                                                                                                                                                                                          |
| Medium           |                                  |      5 |                        | Active High |               0.07 |             6.1 | XDMA/inst/udma_wrapper/dma_top/dma_pcie_req/dma_pcie_rq/wtlp_hdr_ld_500_i_1_n_0                                                                                                                                                                                                                                              |
| Medium           |                                  |      5 |                        | Active High |               0.75 |            12.1 | XDMA/inst/xdma_v41_m1_pcie2_to_pcie3_wrapper_i/pcie2_ip_i/inst/inst/gt_top_i/gt_rx_valid_filter[0].GT_RX_VALID_FILTER_7x_inst/FSM_onehot_reg_state_eios_det[4]_i_1_n_0                                                                                                                                                       |
| Medium           |                                  |      5 |                        | Active High |               0.31 |            27.0 | XDMA/inst/xdma_v41_m1_pcie2_to_pcie3_wrapper_i/pcie2_ip_i/inst/inst/gt_top_i/pipe_wrapper_i/pipe_lane[0].gtp_pipe_drp.gtp_pipe_drp_i/index[4]_i_1_n_0                                                                                                                                                                        |
| Medium           |                                  |      5 |                        | Active High |               0.49 |             6.1 | XDMA/inst/xdma_v41_m1_pcie2_to_pcie3_wrapper_i/xdma_v41_m1_cfg_sideband_i/E[0]                                                                                                                                                                                                                                               |
| Medium           |                                  |      4 |                        | Active High |               0.37 |            22.0 | CAPTURE_SUBSYSTEM/PRODUCER/allocation_scan_v[3]_i_1_n_0                                                                                                                                                                                                                                                                      |
| Medium           |                                  |      4 |                        | Active High |               0.14 |            15.5 | CAPTURE_SUBSYSTEM/PRODUCER/allocation_slot_v[0]                                                                                                                                                                                                                                                                              |
| Medium           |                                  |      4 |                        | Active High |               0.96 |             7.9 | XDMA/inst/udma_wrapper/dma_top/axi4mm_bridge_top_inst/axi4mm_axi_mm_master_top_inst/axi4mm_axi_mm_master_rd/rcfg_cnt_ff[3]_i_1_n_0                                                                                                                                                                                           |
| Medium           |                                  |      4 |                        | Active High |               0.03 |             4.7 | XDMA/inst/udma_wrapper/dma_top/axi4mm_bridge_top_inst/axi4mm_axi_mm_master_top_inst/axi4mm_axi_mm_master_wr_inst/m_axi_litex_wstrb_ff[3]_i_1_n_0                                                                                                                                                                             |
| Medium           |                                  |      4 |                        | Active High |               0.12 |             9.8 | XDMA/inst/udma_wrapper/dma_top/dma_enable.axist.dma_axist/axist_h2c[0].dma_axist_mst/WRQ_FIFO/wpl_wren_nn3_reg[0]                                                                                                                                                                                                            |
| Medium           |                                  |      4 |                        | Active High |               0.40 |            47.9 | XDMA/inst/udma_wrapper/dma_top/dma_enable.vul_dma/WR/gen_rdwr_loop[0].gen_rdwr_eng.RDWR_INST/wcp_rid_ord_nn10                                                                                                                                                                                                                |
| Medium           |                                  |      4 |                        | Active High |               0.03 |             6.0 | XDMA/inst/udma_wrapper/dma_top/dma_enable.vul_dma/dsc_eng.DSC/rrq_dsc_ld_901_reg_rep__2[0]                                                                                                                                                                                                                                   |
| Medium           |                                  |      4 | Reset                  | Active High |               0.05 |             6.4 | XDMA/inst/udma_wrapper/dma_top/dma_pcie_req/axidma_wrq_arb/Fifowhead.fifoInfo/wrq_vld_ff_reg[0]                                                                                                                                                                                                                              |
| Medium           |                                  |      4 |                        | Active High |               0.38 |            25.0 | XDMA/inst/udma_wrapper/dma_top/dma_pcie_req/dma_pcie_rq/RQ_FIFO/FifoCntrRd[1]_i_1__7_n_0                                                                                                                                                                                                                                     |
| Medium           |                                  |      4 |                        | Active High |               0.35 |            43.8 | XDMA/inst/udma_wrapper/dma_top/dma_pcie_req/dma_pcie_rq/RQ_FIFO/wcp_vld_ff_reg[0]                                                                                                                                                                                                                                            |
| Medium           |                                  |      4 |                        | Active High |               0.05 |             6.1 | XDMA/inst/udma_wrapper/dma_top/dma_pcie_req/dma_pcie_rq/RQ_FIFO/wpl_hdr_vld_ff_reg[0]                                                                                                                                                                                                                                        |
| Medium           |                                  |      4 |                        | Active High |               0.08 |             6.4 | XDMA/inst/udma_wrapper/dma_top/dma_pcie_req/dma_pcie_rq/RQ_FIFO/wtlp_hdr_ld_500_reg[0]                                                                                                                                                                                                                                       |
| Medium           |                                  |      4 |                        | Active High |               0.15 |            12.2 | XDMA/inst/udma_wrapper/dma_top/dma_pcie_req/dma_pcie_rq/RQ_FIFO/wtlp_wpl_wen_500_reg[0]                                                                                                                                                                                                                                      |
| Medium           |                                  |      4 |                        | Active High |               0.15 |            12.3 | XDMA/inst/udma_wrapper/dma_top/dma_pcie_req/dma_pcie_rq/RQ_FIFO/wtlp_wpl_wen_503_reg[0]                                                                                                                                                                                                                                      |
| Medium           |                                  |      4 |                        | Active High |               0.35 |            44.7 | XDMA/inst/udma_wrapper/dma_top/dma_pcie_req/dma_pcie_rq/pcie_rq_seq_ret_vld                                                                                                                                                                                                                                                  |
| Medium           |                                  |      4 | BRAM Enable            | Active High |               0.50 |            12.5 | XDMA/inst/xdma_v41_m1_pcie2_to_pcie3_wrapper_i/pcie2_ip_i/inst/inst/pcie_top_i/pcie_7x_i/mim_rx_ren                                                                                                                                                                                                                          |
| Medium           |                                  |      4 | BRAM Enable            | Active High |               0.50 |            12.5 | XDMA/inst/xdma_v41_m1_pcie2_to_pcie3_wrapper_i/pcie2_ip_i/inst/inst/pcie_top_i/pcie_7x_i/mim_rx_wen                                                                                                                                                                                                                          |
| Medium           |                                  |      4 | BRAM Enable            | Active High |               0.50 |            12.5 | XDMA/inst/xdma_v41_m1_pcie2_to_pcie3_wrapper_i/pcie2_ip_i/inst/inst/pcie_top_i/pcie_7x_i/mim_tx_ren                                                                                                                                                                                                                          |
| Medium           |                                  |      4 | BRAM Enable            | Active High |               0.50 |            12.5 | XDMA/inst/xdma_v41_m1_pcie2_to_pcie3_wrapper_i/pcie2_ip_i/inst/inst/pcie_top_i/pcie_7x_i/mim_tx_wen                                                                                                                                                                                                                          |
| Medium           |                                  |      3 |                        | Active High |               0.10 |             9.1 | XDMA/inst/udma_wrapper/dma_top/base/TAR_BRDG/tar_rdy_nn1_reg[1]_0[0]                                                                                                                                                                                                                                                         |
| Medium           |                                  |      2 |                        | Active High |               0.06 |            12.5 | XDMA/inst/udma_wrapper/dma_top/axi4mm_bridge_top_inst/axi4mm_axi_mm_master_top_inst/axi4mm_axi_mm_master_rd/barval_ff0                                                                                                                                                                                                       |
| Medium           |                                  |      2 |                        | Active High |               0.13 |             2.1 | XDMA/inst/udma_wrapper/dma_top/axi4mm_bridge_top_inst/axi4mm_axi_mm_master_top_inst/axi4mm_axi_mm_master_wr_inst/barval_ff[1]_i_2_n_0                                                                                                                                                                                        |
| Medium           |                                  |      2 | BRAM Enable            | Active High |               0.16 |             1.7 | XDMA/inst/xdma_v41_m1_pcie2_to_pcie3_wrapper_i/xdma_v41_m1_axi_stream_intf_i/xdma_v41_m1_rx_demux_i/dma_cpl_fifo_inst/U0/inst_fifo_gen/gaxis_fifo.gaxisf.axisf/grf.rf/gntv_or_sync_fifo.mem/gbm.gbmg.gbmga.ngecc.bmg/inst_blk_mem_gen/gnbram.gnativebmg.native_blk_mem_gen/valid.cstr/ramloop[1].ram.r/prim_noinit.ram/ENA_I |
| Medium           |                                  |      2 | BRAM Enable            | Active High |               0.25 |             1.2 | XDMA/inst/xdma_v41_m1_pcie2_to_pcie3_wrapper_i/xdma_v41_m1_axi_stream_intf_i/xdma_v41_m1_rx_demux_i/dma_cpl_fifo_inst/U0/inst_fifo_gen/gaxis_fifo.gaxisf.axisf/grf.rf/gntv_or_sync_fifo.mem/gbm.gbmg.gbmga.ngecc.bmg/inst_blk_mem_gen/gnbram.gnativebmg.native_blk_mem_gen/valid.cstr/ramloop[1].ram.r/prim_noinit.ram/ENB_I |
| Medium           |                                  |      1 | BRAM Enable            | Active High |               0.51 |             6.1 | CAPTURE_SUBSYSTEM/BAR_TARGET/GEN_V40B_SLOT[0].GEN_AVAILABLE.SLOT_RAM/xpm_memory_base_inst/gen_wr_a.gen_word_narrow.mem_reg_i_1_n_0                                                                                                                                                                                           |
| Medium           |                                  |      1 | BRAM Enable            | Active High |               0.51 |             6.1 | CAPTURE_SUBSYSTEM/BAR_TARGET/GEN_V40B_SLOT[1].GEN_AVAILABLE.SLOT_RAM/xpm_memory_base_inst/gen_wr_a.gen_word_narrow.mem_reg_i_1_n_0                                                                                                                                                                                           |
| Medium           |                                  |      1 | BRAM Enable            | Active High |               0.25 |             0.3 | XDMA/inst/udma_wrapper/dma_top/base/IRQ_INST/msix_internal_xdma.pf0_msix_table/msix_ram_gen[1].msix_ram_reg_i_40_n_0                                                                                                                                                                                                         |
| Medium           |                                  |      1 | BRAM Enable            | Active High |               0.25 |             0.3 | XDMA/inst/udma_wrapper/dma_top/base/IRQ_INST/msix_internal_xdma.pf0_msix_table/msix_ram_gen[1].msix_ram_reg_i_41_n_0                                                                                                                                                                                                         |
| Medium           |                                  |      1 | BRAM Enable            | Active High |               0.25 |             0.3 | XDMA/inst/udma_wrapper/dma_top/base/IRQ_INST/msix_internal_xdma.pf0_msix_table/msix_ram_gen[1].msix_ram_reg_i_42_n_0                                                                                                                                                                                                         |
| Medium           |                                  |      1 | BRAM Enable            | Active High |               0.25 |             0.3 | XDMA/inst/udma_wrapper/dma_top/base/IRQ_INST/msix_internal_xdma.pf0_msix_table/msix_ram_gen[1].msix_ram_reg_i_43_n_0                                                                                                                                                                                                         |
| Medium           |                                  |      1 |                        | Active High |               0.48 |            22.2 | XDMA/inst/udma_wrapper/dma_top/dma_pcie_req/dma_pcie_rc/u_dma_rc_mem_pfch/pfch_req_cnt_reg[2]_0                                                                                                                                                                                                                              |
| High             |                                  |   1986 | Reset/Set              | Active High |               0.03 |             0.0 | XDMA/inst/udma_wrapper/dma_top/dma_pcie_req/dma_pcie_rc/u_dma_rc_mem_pfch/user_rst_n_3ff_reg[0]                                                                                                                                                                                                                              |
| High             |                                  |    718 | Reset/Set              | Active High |               0.00 |             0.0 | nvp_por_reset_reg_n_0                                                                                                                                                                                                                                                                                                        |
| High             |                                  |    661 | Reset                  | Active High |               0.03 |             0.0 | CAPTURE_SUBSYSTEM/application_reset_pcie                                                                                                                                                                                                                                                                                     |
| High             |                                  |    311 | Reset/Set              | Active High |               0.03 |             0.0 | XDMA/inst/udma_wrapper/dma_top/axi4mm_bridge_top_inst/axi4mm_axi_mm_master_top_inst/axi4mm_axi_mm_master_wr_inst/user_rst_n_3ff_reg[1]                                                                                                                                                                                       |
| High             |                                  |    229 | Reset/Set              | Active High |               0.01 |             0.2 | XDMA/inst/udma_wrapper/dma_top/user_rst_3ff_2                                                                                                                                                                                                                                                                                |
| High             |                                  |    216 | Reset                  | Active High |               0.04 |             0.2 | XDMA/inst/udma_wrapper/dma_top/dma_enable.vul_dma/pcie_h2c_rst_3ff_reg[0]_rep__0_n_0                                                                                                                                                                                                                                         |
| High             |                                  |    216 | Reset/Set              | Active High |               0.04 |             0.2 | XDMA/inst/udma_wrapper/dma_top/dma_enable.vul_dma/pcie_h2c_rst_3ff_reg[0]_rep_n_0                                                                                                                                                                                                                                            |
| High             |                                  |    212 | Reset/Set              | Active High |               0.04 |             0.2 | XDMA/inst/udma_wrapper/dma_top/dma_enable.vul_dma/pcie_c2h_rst_3ff_reg[0]_rep__1_n_0                                                                                                                                                                                                                                         |
| High             |                                  |    208 | Reset/Set              | Active High |               0.04 |             0.2 | XDMA/inst/udma_wrapper/dma_top/dma_enable.vul_dma/pcie_c2h_rst_3ff_reg[0]_rep__0_n_0                                                                                                                                                                                                                                         |
| High             |                                  |    208 | Reset/Set              | Active High |               0.04 |             0.2 | XDMA/inst/udma_wrapper/dma_top/dma_enable.vul_dma/pcie_c2h_rst_3ff_reg[0]_rep_n_0                                                                                                                                                                                                                                            |
| High             |                                  |    207 | Reset                  | Active High |               0.04 |             0.2 | XDMA/inst/udma_wrapper/dma_top/dma_enable.vul_dma/pcie_dsc_rst_3ff_reg_rep__0_n_0                                                                                                                                                                                                                                            |
| High             |                                  |    207 | Reset                  | Active High |               0.04 |             0.2 | XDMA/inst/udma_wrapper/dma_top/dma_enable.vul_dma/pcie_dsc_rst_3ff_reg_rep__1_n_0                                                                                                                                                                                                                                            |
| High             |                                  |    207 | Reset                  | Active High |               0.04 |             0.2 | XDMA/inst/udma_wrapper/dma_top/dma_enable.vul_dma/pcie_dsc_rst_3ff_reg_rep_n_0                                                                                                                                                                                                                                               |
| High             |                                  |    206 | Reset                  | Active High |               0.04 |             0.2 | XDMA/inst/udma_wrapper/dma_top/dma_enable.vul_dma/pcie_h2c_rst_3ff[0]                                                                                                                                                                                                                                                        |
| High             |                                  |    205 | Reset                  | Active High |               0.04 |             0.2 | XDMA/inst/udma_wrapper/dma_top/dma_enable.vul_dma/pcie_c2h_rst_3ff[0]                                                                                                                                                                                                                                                        |
| High             |                                  |    205 | Reset                  | Active High |               0.04 |             0.2 | XDMA/inst/udma_wrapper/dma_top/dma_enable.vul_dma/pcie_dsc_rst_3ff                                                                                                                                                                                                                                                           |
| High             |                                  |    204 | Reset/Set              | Active High |               0.04 |             0.2 | XDMA/inst/udma_wrapper/dma_top/dma_enable.vul_dma/pcie_h2c_rst_3ff_reg[0]_rep__1_n_0                                                                                                                                                                                                                                         |
| High             |                                  |    203 | Reset                  | Active High |               0.04 |             0.2 | XDMA/inst/udma_wrapper/dma_top/dma_enable.vul_dma/pcie_dsc_rst_3ff_reg_rep__2_n_0                                                                                                                                                                                                                                            |
| High             |                                  |    193 | Reset                  | Active High |               0.04 |             0.2 | XDMA/inst/udma_wrapper/dma_top/dma_enable.vul_dma/pcie_c2h_rst_3ff_reg[0]_rep__2_n_0                                                                                                                                                                                                                                         |
| High             |                                  |    193 | Reset/Set              | Active High |               0.01 |             0.2 | XDMA/inst/udma_wrapper/dma_top/user_rst_3ff_2_reg_rep_n_0                                                                                                                                                                                                                                                                    |
| High             |                                  |    125 | Reset/Set              | Active High |               0.00 |             0.0 | XDMA/inst/xdma_v41_m1_pcie2_to_pcie3_wrapper_i/pcie2_ip_i/inst/inst/gt_top_i/pipe_wrapper_i/gtp_pipe_reset.gtp_pipe_reset_i/SR[0]                                                                                                                                                                                            |
| High             |                                  |     66 | Reset                  | Active High |               0.00 |             0.0 | XDMA/inst/xdma_v41_m1_pcie2_to_pcie3_wrapper_i/xdma_v41_m1_axi_stream_intf_i/xdma_v41_m1_tx_mux_i/s_axis_tx_tdata[63]_i_1_n_0                                                                                                                                                                                                |
| High             |                                  |     62 | Reset                  | Active High |               0.01 |             0.2 | XDMA/inst/udma_wrapper/dma_top/user_rst_3ff_0                                                                                                                                                                                                                                                                                |
| High             |                                  |     51 | Set/Reset              | Active High |               0.00 |             0.0 | XDMA/inst/xdma_v41_m1_pcie2_to_pcie3_wrapper_i/pcie2_ip_i/inst/inst/gt_top_i/pipe_wrapper_i/gtp_pipe_reset.gtp_pipe_reset_i/reset_n_reg2_reg                                                                                                                                                                                 |
| High             |                                  |     32 | Reset                  | Active High |               0.02 |             1.7 | XDMA/inst/udma_wrapper/dma_top/base/IRQ_INST/clk_msix_req[0]                                                                                                                                                                                                                                                                 |
| High             |                                  |     22 | Preset                 | Active High |               0.01 |             0.2 | XDMA/inst/udma_wrapper/dma_top/user_rst_ff_2                                                                                                                                                                                                                                                                                 |
| High             |                                  |     16 | Reset                  | Active High |               0.01 |             0.5 | XDMA/inst/xdma_v41_m1_pcie2_to_pcie3_wrapper_i/pcie2_ip_i/inst/inst/gt_top_i/pipe_wrapper_i/pipe_lane[0].gtp_pipe_drp.gtp_pipe_drp_i/di_reg[15]_i_1_n_0                                                                                                                                                                      |
| High             |                                  |     10 | Reset                  | Active High |               0.00 |             0.2 | NVP_AUTOINIT/u_sequence/tick_cnt[9]_i_1_n_0                                                                                                                                                                                                                                                                                  |
| High             |                                  |      7 | Clear                  | Active High |               0.00 |             0.0 | XDMA/inst/xdma_v41_m1_pcie2_to_pcie3_wrapper_i/pcie2_ip_i/inst/inst/gt_top_i/pipe_wrapper_i/pipe_clock_int.pipe_clock_i/mmcm_i_1                                                                                                                                                                                             |
| High             |                                  |      6 | Reset                  | Active High |               0.03 |             0.2 | XDMA/inst/udma_wrapper/dma_top/axi4mm_bridge_top_inst/axi4mm_axi_mm_master_top_inst/axi4mm_axi_str_masterbr_rdtlp_inst/cplsplitcntr_ff[5]_i_1_n_0                                                                                                                                                                            |
| High             |                                  |      5 | Clear/Preset           | Active High |               0.00 |             0.0 | NVP_PHYSICAL_FRONTEND/idelayctrl_reset_count[3]_i_2_n_0                                                                                                                                                                                                                                                                      |
| High             |                                  |      5 | Clear/Reset            | Active High |               0.00 |             0.0 | XDMA/inst/xdma_v41_m1_pcie2_to_pcie3_wrapper_i/pcie2_ip_i/inst/inst/gt_top_i/pipe_wrapper_i/p_0_in_0                                                                                                                                                                                                                         |
| High             |                                  |      4 | Reset                  | Active High |               0.00 |             0.0 | XDMA/inst/udma_wrapper/dma_top/base/CFG_INST/clk_usr_mpl_out_reg[2]_0[0]                                                                                                                                                                                                                                                     |
| High             |                                  |      4 | Reset                  | Active High |               0.04 |             5.6 | XDMA/inst/udma_wrapper/dma_top/dma_pcie_req/axidma_wrq_arb/Fifowhead.fifoInfo/Head_reg[9]_2[0]                                                                                                                                                                                                                               |
| High             |                                  |      4 | Set/Reset              | Active High |               0.03 |             0.0 | XDMA/inst/udma_wrapper/dma_top/dma_pcie_req/dma_pcie_rq/RQ_FIFO/SS[0]                                                                                                                                                                                                                                                        |
| High             |                                  |      4 | Set/Reset              | Active High |               0.05 |             3.7 | XDMA/inst/udma_wrapper/dma_top/dma_pcie_req/dma_pcie_rq/pcie_rq_seq_ret_rdptr_ff[0]_i_1_n_0                                                                                                                                                                                                                                  |
| High             |                                  |      3 | Preset                 | Active High |               0.03 |             0.0 | XDMA/inst/xdma_v41_m1_pcie2_to_pcie3_wrapper_i/xdma_v41_m1_axi_stream_intf_i/xdma_v41_m1_rx_demux_i/tgt_brdg_fifo_inst/U0/inst_fifo_gen/gaxis_fifo.gaxisf.axisf/grf.rf/rstblk/ngwrdrst.grst.g7serrst.gnsckt_wrst.rst_wr_reg2_inst/arststages_ff[1]                                                                           |
| High             |                                  |      2 | Clear                  | Active High |               0.00 |             0.0 | NVP_PHYSICAL_FRONTEND/idelay_ready_sync[1]_i_1_n_0                                                                                                                                                                                                                                                                           |
| High             |                                  |      2 | Reset                  | Active High |               0.04 |             3.0 | XDMA/inst/udma_wrapper/dma_top/axi4mm_bridge_top_inst/axi4mm_axi_mm_master_top_inst/axi4mm_axi_mm_master_rd/barval_ff[1]_i_1_n_0                                                                                                                                                                                             |
| High             |                                  |      2 | Reset                  | Active High |               0.04 |             0.6 | XDMA/inst/udma_wrapper/dma_top/axi4mm_bridge_top_inst/axi4mm_axi_mm_master_top_inst/axi4mm_axi_mm_master_wr_inst/barval_ff[1]_i_1__0_n_0                                                                                                                                                                                     |
| High             |                                  |      1 | Reset                  | Active High |               0.00 |             0.0 | XDMA/inst/xdma_v41_m1_pcie2_to_pcie3_wrapper_i/pcie2_ip_i/inst/inst/gt_top_i/pipe_wrapper_i/pipe_lane[0].pipe_sync_i/FSM_onehot_txsync_fsm.fsm_tx_reg[5]_0[0]                                                                                                                                                                |
| High             |                                  |      1 | Reset                  | Active High |               0.00 |             0.0 | XDMA/inst/xdma_v41_m1_pcie2_to_pcie3_wrapper_i/pcie2_ip_i/inst/inst/gt_top_i/pipe_wrapper_i/pipe_lane[0].pipe_user_i/user_eyescanreset[0]                                                                                                                                                                                    |
| High             |                                  |      1 | Reset                  | Active High |               0.00 |             0.0 | XDMA/inst/xdma_v41_m1_pcie2_to_pcie3_wrapper_i/pcie2_ip_i/inst/inst/gt_top_i/pipe_wrapper_i/pipe_lane[0].pipe_user_i/user_rxbufreset[0]                                                                                                                                                                                      |
| High             |                                  |      1 | Reset                  | Active High |               0.00 |             0.0 | XDMA/inst/xdma_v41_m1_pcie2_to_pcie3_wrapper_i/pcie2_ip_i/inst/inst/gt_top_i/pipe_wrapper_i/pipe_lane[0].pipe_user_i/user_rxcdrfreqreset[0]                                                                                                                                                                                  |
| High             |                                  |      1 | Reset                  | Active High |               0.00 |             0.0 | XDMA/inst/xdma_v41_m1_pcie2_to_pcie3_wrapper_i/pcie2_ip_i/inst/inst/gt_top_i/pipe_wrapper_i/pipe_lane[0].pipe_user_i/user_rxcdrreset[0]                                                                                                                                                                                      |
| High             |                                  |      1 | Reset                  | Active High |               0.00 |             0.0 | XDMA/inst/xdma_v41_m1_pcie2_to_pcie3_wrapper_i/pcie2_ip_i/inst/inst/gt_top_i/pipe_wrapper_i/pipe_lane[0].pipe_user_i/user_rxpcsreset[0]                                                                                                                                                                                      |
| High             |                                  |      1 | Reset                  | Active High |               0.00 |             0.0 | XDMA/inst/xdma_v41_m1_pcie2_to_pcie3_wrapper_i/pcie2_ip_i/inst/inst/gt_top_i/pipe_wrapper_i/pipe_lane[0].pipe_user_i/user_rxpmareset[0]                                                                                                                                                                                      |
| High             |                                  |      1 | Reset                  | Active High |               0.00 |             0.0 | XDMA/inst/xdma_v41_m1_pcie2_to_pcie3_wrapper_i/pcie2_ip_i/inst/inst/gt_top_i/sys_rst_n                                                                                                                                                                                                                                       |
+------------------+----------------------------------+--------+------------------------+-------------+--------------------+-----------------+------------------------------------------------------------------------------------------------------------------------------------------------------------------------------------------------------------------------------------------------------------------------------------------------------------------------------+
* High:  No action required.  Calculated activity values are consistent with signal type and polarity.
** Medium:  Switching activity should be reviewed and corrected if necessary.  Calculated activity values may be inconsistent with signal type and polarity which can result in inaccurate power analysis.
*** Low: Switching activity must be reviewed and corrected to prevent incorrect power analysis. Calculated activity values are inappropriate for the signal type and polarity.


