#-----------------------------------------------------------
# Vivado v2025.2 (64-bit)
# SW Build 6299465 on Fri Nov 14 19:35:11 GMT 2025
# IP Build 6300035 on Fri Nov 14 10:48:45 MST 2025
# SharedData Build 6298862 on Thu Nov 13 04:50:51 MST 2025
# Start of session at: Mon Aug 24 18:53:18 2026
# Process ID         : 2196
# Current directory  : C:/FPGA/WORKTREES/V41_NVP_R1G_VHDL_COMPATIBILITY
# Command line       : vivado.exe -mode batch -log C:\FPGA\V41_NVP_R1G_VHDL_COMPATIBILITY\08_BUILD\VIVADO_2025_2_CLEAN_BUILD\R1G_vivado_build.log -journal C:\FPGA\V41_NVP_R1G_VHDL_COMPATIBILITY\08_BUILD\VIVADO_2025_2_CLEAN_BUILD\R1G_vivado_build.jou -source C:\FPGA\V41_NVP_R1G_VHDL_COMPATIBILITY\scripts\r1g_build.tcl -tclargs C:\FPGA\WORKTREES\V41_NVP_R1G_VHDL_COMPATIBILITY C:\FPGA\V41_NVP_R1G_VHDL_COMPATIBILITY_BUILD C:\FPGA\V41_NVP_R1G_VHDL_COMPATIBILITY\08_BUILD\VIVADO_2025_2_CLEAN_BUILD e112a5addb7ac62700a9a71af81bf368fad0bada 3a59ebec130103055d24a3a32ecda00dedde5534 C:\FPGA\V41_NVP_R1G_VHDL_COMPATIBILITY\08_BUILD\R1G_PREBUILD_MANIFEST.txt F31220B039E26C29C994A6F9B60A5416DE6EE0231C9C9E78CE81E013ECA473B9
# Log file           : C:/FPGA/V41_NVP_R1G_VHDL_COMPATIBILITY/08_BUILD/VIVADO_2025_2_CLEAN_BUILD/R1G_vivado_build.log
# Journal file       : C:\FPGA\V41_NVP_R1G_VHDL_COMPATIBILITY\08_BUILD\VIVADO_2025_2_CLEAN_BUILD\R1G_vivado_build.jou
# Running On         : NBLSUDUL
# Platform           : Windows Server 2016 or Windows 10
# Operating System   : 19045
# Processor Detail   : Intel(R) Core(TM) i7-7500U CPU @ 2.70GHz
# CPU Frequency      : 2904 MHz
# CPU Physical cores : 2
# CPU Logical cores  : 4
# Host memory        : 17028 MB
# Swap memory        : 4338 MB
# Total Virtual      : 21366 MB
# Available Virtual  : 7369 MB
#-----------------------------------------------------------
WARNING: [Runs 36-547] User Strategy 'Vivado Implementation Defaults' from file 'C:\Users\£ukasz Sudu³\AppData\Roaming/Xilinx/Vivado/2025.2/strategies/Vivado Implementation Defaults.Vivado Implementation 2025.psg' discarded because strategy with same name already parsed from 'C:/AMDDesignTools/2025.2/Vivado/strategies/VDI2025.psg'
source {C:\FPGA\V41_NVP_R1G_VHDL_COMPATIBILITY\scripts\r1g_build.tcl}
# if {$argc != 7} {
#   puts stderr "usage: r1g_build.tcl REPOSITORY_ROOT BUILD_ROOT EVIDENCE_ROOT SOURCE_GIT_COMMIT SOURCE_GIT_TREE PREBUILD_MANIFEST PREBUILD_MANIFEST_SHA256"
#   exit 2
# }
# set repo_root [file normalize [lindex $argv 0]]
# set build_root [file normalize [lindex $argv 1]]
# set evidence_root [file normalize [lindex $argv 2]]
# set source_commit [string tolower [lindex $argv 3]]
# set source_tree [string tolower [lindex $argv 4]]
# set prebuild_manifest [file normalize [lindex $argv 5]]
# set expected_prebuild_manifest_sha256 [string toupper [lindex $argv 6]]
# set expected_branch diag/v41-nvp-r1g-vhdl-compatibility
# set exact_r1e_base_commit f3d9e5cdcacfb6fdebed5e5fe8b9143ef226aebd
# set exact_r1f_parent_commit 225544084dbfcaadb8592fcecc947aa1cec4970e
# set expected_vivado_version 2025.2
# set expected_vivado_sw_build 6299465
# set expected_part xc7a35tcsg325-2
# set expected_top ahd_capture_top_xdma
# set bit_filename ahd_capture_v41_i2c_25khz_r1g_phase_complete_observability.bit
# proc write_lines {path lines} {
#   file mkdir [file dirname $path]
#   set fh [open $path w]
#   fconfigure $fh -encoding utf-8 -translation lf
#   foreach line $lines {
#     puts $fh $line
#   }
#   close $fh
# }
# proc read_text {path} {
#   set fh [open $path r]
#   fconfigure $fh -encoding utf-8
#   set text [read $fh]
#   close $fh
#   return $text
# }
# proc require_files {paths} {
#   foreach path $paths {
#     if {![file isfile $path]} {
#       error "required file missing: $path"
#     }
#   }
# }
# proc sha256_file {path} {
#   if {![file isfile $path]} {
#     error "cannot hash missing file: $path"
#   }
#   set output [exec certutil.exe -hashfile [file nativename $path] SHA256]
#   foreach line [split $output "\n"] {
#     set compact [string toupper \
#       [string map [list " " "" "\t" "" "\r" ""] [string trim $line]]]
#     if {[regexp {^[0-9A-F]{64}$} $compact]} {
#       return $compact
#     }
#   }
#   error "certutil did not return a SHA-256 digest for $path"
# }
# proc directory_entries {path} {
#   set result [list]
#   if {![file exists $path]} {
#     return $result
#   }
#   if {![file isdirectory $path]} {
#     error "expected directory, found non-directory: $path"
#   }
#   foreach pattern [list * .*] {
#     foreach item [glob -nocomplain -directory $path $pattern] {
#       set tail [file tail $item]
#       if {$tail ne "." && $tail ne ".."} {
#         lappend result [file normalize $item]
#       }
#     }
#   }
#   return [lsort -unique $result]
# }
# proc path_inside_or_equal {child parent} {
#   set child_native [string tolower [file nativename [file normalize $child]]]
#   set parent_native [string trimright \
#     [string tolower [file nativename [file normalize $parent]]] "\\/"]
#   if {$child_native eq $parent_native} {
#     return 1
#   }
#   return [expr {
#     [string first "$parent_native\\" $child_native] == 0 ||
#     [string first "$parent_native/" $child_native] == 0
#   }]
# }
# proc normalize_repo_relative {repo_root relative_path} {
#   set rel [string map [list "\\" "/"] [string trim $relative_path]]
#   if {$rel eq "" || [file pathtype $rel] ne "relative"} {
#     error "manifest repository path must be nonempty and relative: '$relative_path'"
#   }
#   set resolved [file normalize [file join $repo_root $rel]]
#   if {![path_inside_or_equal $resolved $repo_root] || $resolved eq $repo_root} {
#     error "manifest repository path escapes repository root: '$relative_path'"
#   }
#   return $rel
# }
# proc relative_path_from_repo {repo_root absolute_path} {
#   set root_native [string trimright \
#     [file nativename [file normalize $repo_root]] "\\/"]
#   set path_native [file nativename [file normalize $absolute_path]]
#   set root_lower [string tolower $root_native]
#   set path_lower [string tolower $path_native]
#   set prefix "$root_lower\\"
#   if {[string first $prefix $path_lower] != 0} {
#     error "path is not inside repository: $absolute_path"
#   }
#   set rel_native [string range $path_native \
#     [string length "$root_native\\"] end]
#   return [string map [list "\\" "/"] $rel_native]
# }
# proc require_exact_text {text pattern description} {
#   if {![regexp -- $pattern $text]} {
#     error "frozen source contract not found: $description"
#   }
# }
# proc safe_property {object property} {
#   if {[catch {get_property $property $object} value]} {
#     return NOT_AVAILABLE
#   }
#   if {$value eq ""} {
#     return EMPTY
#   }
#   return $value
# }
# proc utilization_row {text wanted} {
#   set normalized_wanted [string trimright $wanted "*"]
#   foreach line [split $text "\n"] {
#     set columns [split $line "|"]
#     if {[llength $columns] < 7} {
#       continue
#     }
#     set actual [string trimright [string trim [lindex $columns 1]] "*"]
#     if {$actual eq $normalized_wanted} {
#       return [list [string trim [lindex $columns 2]] \
#                    [string trim [lindex $columns 5]]]
#     }
#   }
#   error "utilization row '$wanted' not found"
# }
# proc compile_order_index {compile_names wanted_path} {
#   set wanted [string tolower [file nativename [file normalize $wanted_path]]]
#   for {set index 0} {$index < [llength $compile_names]} {incr index} {
#     set candidate [string tolower \
#       [file nativename [file normalize [lindex $compile_names $index]]]]
#     if {$candidate eq $wanted} {
#       return $index
#     }
#   }
#   return -1
# }
# proc write_region_inventory {evidence_root label pattern} {
#   set cells [get_cells -quiet -hier -regexp $pattern]
#   set nets [get_nets -quiet -hier -regexp $pattern]
#   set lines [list \
#     "LABEL=$label" \
#     "PATTERN=$pattern" \
#     "CELL_COUNT=[llength $cells]" \
#     "NET_COUNT=[llength $nets]"]
#   if {[llength $cells] != 0} {
#     foreach cell [lsort [get_property NAME $cells]] {
#       lappend lines "CELL=$cell"
#     }
#   }
#   if {[llength $nets] != 0} {
#     foreach net [lsort [get_property NAME $nets]] {
#       lappend lines "NET=$net"
#     }
#   }
#   set filename [format "R1F_%s_INVENTORY.txt" $label]
#   write_lines [file join $evidence_root $filename] $lines
#   if {[llength $cells] + [llength $nets] == 0} {
#     error "required routed R1f design region has no cells or nets: $label"
#   }
#   return [expr {[llength $cells] + [llength $nets]}]
# }
# proc verify_prebuild_manifest {
#   manifest_path manifest_sha repo_root source_commit source_tree
#   required_source_paths required_log_labels
# } {
#   if {![regexp {^[0-9A-F]{64}$} $manifest_sha]} {
#     error "PREBUILD_MANIFEST_SHA256 must be exactly 64 uppercase hex digits"
#   }
#   set actual_manifest_sha [sha256_file $manifest_path]
#   if {$actual_manifest_sha ne $manifest_sha} {
#     error "prebuild manifest SHA-256 mismatch: expected $manifest_sha, got $actual_manifest_sha"
#   }
# 
#   array set metadata {}
#   array set source_hash {}
#   array set accepted_log {}
#   set manifest_dir [file dirname $manifest_path]
#   set line_number 0
#   foreach raw_line [split [read_text $manifest_path] "\n"] {
#     incr line_number
#     set line [string trim $raw_line]
#     if {$line eq "" || [string index $line 0] eq "#"} {
#       continue
#     }
#     set fields [split $line "|"]
#     set kind [lindex $fields 0]
#     switch -- $kind {
#       META {
#         if {[llength $fields] != 3} {
#           error "invalid META record at manifest line $line_number"
#         }
#         set key [string trim [lindex $fields 1]]
#         set value [string trim [lindex $fields 2]]
#         if {$key eq "" || [info exists metadata($key)]} {
#           error "empty or duplicate META key '$key' at manifest line $line_number"
#         }
#         set metadata($key) $value
#       }
#       SOURCE_SHA256 {
#         if {[llength $fields] != 3} {
#           error "invalid SOURCE_SHA256 record at manifest line $line_number"
#         }
#         set rel [normalize_repo_relative $repo_root [lindex $fields 1]]
#         set key [string tolower $rel]
#         set digest [string toupper [string trim [lindex $fields 2]]]
#         if {![regexp {^[0-9A-F]{64}$} $digest] ||
#             [info exists source_hash($key)]} {
#           error "invalid or duplicate source digest for '$rel'"
#         }
#         set source_hash($key) $digest
#       }
#       ACCEPTED_LOG_SHA256 {
#         if {[llength $fields] != 4} {
#           error "invalid ACCEPTED_LOG_SHA256 record at manifest line $line_number"
#         }
#         set label [string trim [lindex $fields 1]]
#         set log_path [string trim [lindex $fields 2]]
#         set digest [string toupper [string trim [lindex $fields 3]]]
#         if {$label eq "" || $log_path eq "" ||
#             ![regexp {^[0-9A-F]{64}$} $digest] ||
#             [info exists accepted_log($label)]} {
#           error "invalid or duplicate accepted-log record for '$label'"
#         }
#         if {[file pathtype $log_path] eq "relative"} {
#           set log_path [file normalize [file join $manifest_dir $log_path]]
#         } else {
#           set log_path [file normalize $log_path]
#         }
#         if {![file isfile $log_path]} {
#           error "accepted log missing for $label: $log_path"
#         }
#         set actual [sha256_file $log_path]
#         if {$actual ne $digest} {
#           error "accepted log SHA-256 mismatch for $label: expected $digest, got $actual"
#         }
#         set accepted_log($label) [list $log_path $digest]
#       }
#       default {
#         error "unknown prebuild manifest record '$kind' at line $line_number"
#       }
#     }
#   }
# 
#   array set required_meta [list \
#     SOURCE_GIT_COMMIT $source_commit \
#     SOURCE_GIT_TREE $source_tree \
#     PREBUILD_AUDIT PASS \
#     PRE_INIT_DONE_CYCLE_EQUIVALENCE PASS \
#     AUTOINIT_TRANSACTION_STREAM_BYTE_IDENTICAL YES \
#     AUTOINIT_FUNCTIONAL_STATE_SEQUENCE_IDENTICAL YES \
#     R1F_DIAGNOSTIC_TO_FUNCTIONAL_FANOUT 0 \
#     NVP_TABLE_UNCHANGED YES \
#     FUNCTIONAL_FSM_UNCHANGED YES \
#     POR_START_WATCHDOG_UNCHANGED YES \
#     SDA_SCL_FILTERS_UNCHANGED YES \
#     NVP_XDC_UNCHANGED YES \
#     XDMA_XCI_UNCHANGED YES \
#     SAFE_DATA_PROBE_TARGET PASS \
#     RECORD_MAP_COLLISION NONE_PROVEN \
#     PHASE_OPPORTUNITY_COUNTERS_MATCH_SCOREBOARD PASS \
#     FAILED_TRANSACTION_LOG_MATCH_SCOREBOARD PASS \
#     BANK_BEFORE_AFTER_SEMANTICS PASS \
#     TRANSACTION_INDEX_16_UNIQUE PASS \
#     LEGACY_FIRST8_RECONCILIATION PASS \
#     TRI_PHASE_PROBE_SCOREBOARD PASS \
#     SAFE_TARGET_RESTORATION PASS \
#     EFFECTIVE_PRE_INIT_ARBITRATION PASS \
#     R1F_LOG_64_EXACT_OVERFLOW_65 PASS \
#     INHERITED_POWER_TIMING PASS \
#     INHERITED_D2B_SEQUENCE PASS \
#     R1F_PRODUCTION_TIMING_MODEL PASS \
#     HOST_TOOL_FIXTURES PASS_ALL]
#   foreach key [array names required_meta] {
#     if {![info exists metadata($key)] ||
#         $metadata($key) ne $required_meta($key)} {
#       set actual MISSING
#       if {[info exists metadata($key)]} {
#         set actual $metadata($key)
#       }
#       error "prebuild META gate $key expected '$required_meta($key)', got '$actual'"
#     }
#   }
# 
#   foreach rel [lsort -unique $required_source_paths] {
#     set normalized [normalize_repo_relative $repo_root $rel]
#     set key [string tolower $normalized]
#     if {![info exists source_hash($key)]} {
#       error "prebuild manifest has no SOURCE_SHA256 for required path: $normalized"
#     }
#     set actual [sha256_file [file join $repo_root $normalized]]
#     if {$actual ne $source_hash($key)} {
#       error "committed source SHA-256 mismatch for $normalized: manifest $source_hash($key), actual $actual"
#     }
#   }
# 
#   foreach label $required_log_labels {
#     if {![info exists accepted_log($label)]} {
#       error "prebuild manifest has no accepted log for required label: $label"
#     }
#   }
# 
#   set summary [list \
#     "PREBUILD_MANIFEST=$manifest_path" \
#     "PREBUILD_MANIFEST_SHA256=$actual_manifest_sha" \
#     "SOURCE_RECORDS=[array size source_hash]" \
#     "ACCEPTED_LOG_RECORDS=[array size accepted_log]" \
#     "PREBUILD_MANIFEST_BINDING=PASS"]
#   foreach label [lsort [array names accepted_log]] {
#     lassign $accepted_log($label) log_path digest
#     lappend summary "ACCEPTED_LOG|$label|$log_path|$digest"
#   }
#   return $summary
# }
# if {![regexp {^[0-9a-f]{40}$} $source_commit]} {
#   error "SOURCE_GIT_COMMIT must be exactly 40 lowercase hex digits"
# }
# if {![regexp {^[0-9a-f]{40}$} $source_tree]} {
#   error "SOURCE_GIT_TREE must be exactly 40 lowercase hex digits"
# }
# if {![file isdirectory $repo_root]} {
#   error "repository root is not a directory: $repo_root"
# }
# if {![file isfile $prebuild_manifest]} {
#   error "prebuild manifest is not a file: $prebuild_manifest"
# }
# if {[path_inside_or_equal $build_root $repo_root] ||
#     [path_inside_or_equal $evidence_root $repo_root]} {
#   error "build and evidence roots must be outside the clean source repository"
# }
# if {[path_inside_or_equal $evidence_root $build_root]} {
#   error "evidence root must not be inside the new/empty build root"
# }
# if {[llength [directory_entries $build_root]] != 0} {
#   error "R1f build root must be new or empty: $build_root"
# }
# set common_tcl [file join $repo_root scripts v41 xdma_config_common.tcl]
# if {![file isfile $common_tcl]} {
#   error "shared XDMA configuration helper is missing: $common_tcl"
# }
# set git_top [file normalize [string trim \
#   [exec git -C $repo_root rev-parse --show-toplevel]]]
# if {[string tolower [file nativename $git_top]] ne
#     [string tolower [file nativename $repo_root]]} {
#   error "REPOSITORY_ROOT is not the exact Git top: $git_top"
# }
# set actual_commit [string tolower [string trim \
#   [exec git -C $repo_root rev-parse HEAD]]]
# set actual_tree [string tolower [string trim \
#   [exec git -C $repo_root rev-parse {HEAD^{tree}}]]]
# set actual_branch [string trim \
#   [exec git -C $repo_root symbolic-ref --short HEAD]]
# set source_status [string trim \
#   [exec git -C $repo_root status --porcelain --untracked-files=all]]
# if {$actual_commit ne $source_commit} {
#   error "repository HEAD $actual_commit does not match requested source commit $source_commit"
# }
# if {$actual_tree ne $source_tree} {
#   error "repository tree $actual_tree does not match requested source tree $source_tree"
# }
# if {$actual_branch ne $expected_branch} {
#   error "branch mismatch: expected $expected_branch, got $actual_branch"
# }
# if {$source_status ne ""} {
#   error "one-build flow requires a fully clean source repository: $source_status"
# }
# set merge_base [string tolower [string trim \
#   [exec git -C $repo_root merge-base $exact_r1e_base_commit $source_commit]]]
# if {$merge_base ne $exact_r1e_base_commit} {
#   error "R1f source is not based on exact R1e commit $exact_r1e_base_commit"
# }
# set source_commit_count [string trim [exec git -C $repo_root rev-list --count \
#   [format "%s..%s" $exact_r1e_base_commit $source_commit]]]
# if {$source_commit_count ne "2"} {
#   error "R1g branch must contain exactly two source commits above R1e base; got $source_commit_count"
# }
# set actual_parent_commit [string tolower [string trim \
#   [exec git -C $repo_root rev-parse HEAD^]]]
# if {$actual_parent_commit ne $exact_r1f_parent_commit} {
#   error "R1g commit is not a direct child of exact R1f commit $exact_r1f_parent_commit"
# }
# set vivado_short [string trim [version -short]]
# set vivado_detail [version]
# if {$vivado_short ne $expected_vivado_version} {
#   error "Vivado version mismatch: expected $expected_vivado_version, got $vivado_short"
# }
# set vivado_sw_build UNKNOWN
# regexp {SW Build[ \t]+([0-9]+)} $vivado_detail -> vivado_sw_build
# if {$vivado_sw_build ne $expected_vivado_sw_build} {
#   error "Vivado SW build mismatch: expected $expected_vivado_sw_build, got $vivado_sw_build"
# }
# set sv_rel_files [list \
#   rtl/v41/axi_lite_host_bridge.sv \
#   rtl/v41/axi_clock_lifecycle_monitor.sv \
#   rtl/v41/axi_clock_measurement_regs.sv \
#   rtl/v41/r1e_measurement_regs.sv \
#   rtl/v41/nvp_i2c_tri_phase_probe.sv \
#   rtl/v41/r1f_failed_txn_logger.sv \
#   rtl/v41/r1f_measurement_regs.sv \
#   rtl/v41/control_status_regs.sv \
#   rtl/pio/pio_slot_adapter.sv \
#   rtl/pio/pio_bar_target.sv \
#   rtl/record/bt656_record_producer.sv \
#   rtl/record/capture_mailbox.sv \
#   rtl/video/video_capture.sv \
#   rtl/video/physical_frontend.sv \
#   rtl/top/ahd_capture_top_xdma.sv]
# set vhdl_rel_files [list \
#   rtl/nvp/nvp6134c_diagnostics_pkg.vhd \
#   rtl/nvp/r1f_transaction_serial_counter.vhd \
#   rtl/nvp/nvp6134c_i2c_bringup.vhd \
#   rtl/nvp/nvp6134c_autoinit.vhd]
# set xdc_rel_files [list \
#   xdc/boards/current/xdma_pcie.xdc \
#   xdc/boards/current/pins.xdc \
#   xdc/boards/current/vdo_input_timing.xdc \
#   xdc/boards/current/pcie_pio.xdc \
#   xdc/boards/current/nvp_control.xdc \
#   xdc/common/cdc.xdc \
#   xdc/common/configuration_bank.xdc]
# set xdma_rel_file ip/v41/xdma_v41_m1.xci
# set sv_files [list]
# foreach rel $sv_rel_files {
#   lappend sv_files [file normalize [file join $repo_root $rel]]
# }
# set vhdl_files [list]
# foreach rel $vhdl_rel_files {
#   lappend vhdl_files [file normalize [file join $repo_root $rel]]
# }
# set xdc_files [list]
# foreach rel $xdc_rel_files {
#   lappend xdc_files [file normalize [file join $repo_root $rel]]
# }
# set xdma_source [file normalize [file join $repo_root $xdma_rel_file]]
# require_files [concat $sv_files $vhdl_files $xdc_files [list $xdma_source]]
# array set frozen_sha256 [list \
#   rtl/v41/r1e_measurement_regs.sv \
#     034F8C63258CA6436817CFFE1605CDF23EF04030047CCE36146E115F3C374939 \
#   rtl/nvp/nvp6134c_diagnostics_pkg.vhd \
#     36BCA98533647E998A281A518935669FB29B48125D48F6D3785EA12CBFF04156 \
#   ip/v41/xdma_v41_m1.xci \
#     EA651CA26A2FE4AA5201A5E88BA41D9BD737A3BF19D58AA89394D1CB8C1B0A7C \
#   xdc/boards/current/xdma_pcie.xdc \
#     65568DD132FE9C65231BCE50CA5F7364702E303659DB36AAAA1057C318282F6A \
#   xdc/boards/current/pins.xdc \
#     A8849CD13E75CAB2F509449617440ABE359BAA2B42ACAAE869BA25B581E6F8B9 \
#   xdc/boards/current/vdo_input_timing.xdc \
#     6B5E11BBB1556449CF00C85986FE77903B7852B495FCC3BE65D553C08E6E2E78 \
#   xdc/boards/current/pcie_pio.xdc \
#     BE7BFB70921AD272661071408C0820B4EC4BB60AB7C1102340011E57D8BE8503 \
#   xdc/boards/current/nvp_control.xdc \
#     B2AE6FA7446A094D68149A8016F89FD4E7F72CA438200772CF0E4B33D7E2F318 \
#   xdc/common/cdc.xdc \
#     E37500150FD91D324AA6488FB36DE6674561BF18DC220E3CD61CC0DA42C48A62 \
#   xdc/common/configuration_bank.xdc \
#     3F94073A8054B28FA4168FC6137430058FAE4EA46B3C5D035AFE637D2A135C68]
# set frozen_input_lines [list]
# foreach rel [lsort [array names frozen_sha256]] {
#   set actual [sha256_file [file join $repo_root $rel]]
#   if {$actual ne $frozen_sha256($rel)} {
#     error "frozen input SHA-256 mismatch for $rel: expected $frozen_sha256($rel), got $actual"
#   }
#   lappend frozen_input_lines "$actual|$rel"
# }
# set top_text [read_text [file join $repo_root rtl top ahd_capture_top_xdma.sv]]
# set r1e_regs_text [read_text [file join $repo_root rtl v41 r1e_measurement_regs.sv]]
# set tri_probe_text [read_text [file join $repo_root rtl v41 nvp_i2c_tri_phase_probe.sv]]
# set logger_text [read_text [file join $repo_root rtl v41 r1f_failed_txn_logger.sv]]
# set r1f_regs_text [read_text [file join $repo_root rtl v41 r1f_measurement_regs.sv]]
# set serial_text [read_text \
#   [file join $repo_root rtl nvp r1f_transaction_serial_counter.vhd]]
# require_exact_text $top_text \
#   {localparam[ \t]+integer[ \t]+NVP_AUTOINIT_CLK_HZ[ \t]*=[ \t]*62500000[ \t]*;} \
#   "AUTOINIT_CLOCK_HZ=62500000"
# require_exact_text $top_text {\.I2C_HZ\(25000\)} \
#   "AUTOINIT_I2C_HZ=25000"
# require_exact_text $top_text \
#   {\.ENABLE_MAREK_INIT_TABLE\(ENABLE_MAREK_INIT_TABLE\)} \
#   "ENABLE_MAREK_INIT_TABLE generic propagation"
# require_exact_text $tri_probe_text \
#   {parameter[ \t]+integer[ \t]+PROBE_I2C_HZ[ \t]*=[ \t]*25000} \
#   "R1f tri-phase PROBE_I2C_HZ=25000"
# require_exact_text $r1e_regs_text {64'd132584734} \
#   "EXPECTED_CNT_AT_INIT_DONE=132584734"
# require_exact_text $logger_text \
#   {input[ \t]+logic[ \t]+\[191:0\][ \t]+r1f_failed_txn_record} \
#   "R1F_FAILED_TXN_RECORD_WIDTH=192"
# require_exact_text $logger_text \
#   {logic[ \t]+\[191:0\][ \t]+record_mem[ \t]*\[0:63\]} \
#   "R1F_FAILED_TXN_LOG_CAPACITY=64"
# require_exact_text $serial_text \
#   {current_index[ \t]*:[ \t]*out[ \t]+std_logic_vector\(15 downto 0\)} \
#   "R1F_TRANSACTION_INDEX_WIDTH=16"
# require_exact_text $r1f_regs_text \
#   {14'h20b0:[ \t]+read_data[ \t]*=[ \t]*32'd192;} \
#   "R1F map record width=192"
# require_exact_text $r1f_regs_text \
#   {14'h20b8:[ \t]+read_data[ \t]*=[ \t]*32'd64;} \
#   "R1F map log capacity=64"
# require_exact_text $r1f_regs_text \
#   {14'h20bc:[ \t]+read_data[ \t]*=[ \t]*32'h00000007;} \
#   "R1F probe phase mask=WADDR_REGADDR_DATA"
# require_exact_text $r1f_regs_text \
#   {14'h20cc:[ \t]+read_data[ \t]*=[ \t]*32'd10000;} \
#   "R1F probe target opportunities per phase=10000"
# require_exact_text $r1f_regs_text \
#   {14'h20d0:[ \t]+read_data[ \t]*=[ \t]*32'd10;} \
#   "R1F probe blocks per phase=10"
# require_exact_text $r1f_regs_text \
#   {14'h20dc:[ \t]+read_data[ \t]*=[ \t]*32'd512;} \
#   "R1F probe NACK index capacity per phase=512"
# require_exact_text $tri_probe_text \
#   {localparam[ \t]+logic[ \t]+\[7:0\][ \t]+SAFE_BANK[ \t]*=[ \t]*8'h00;} \
#   "R1F safe probe bank=0x00"
# require_exact_text $tri_probe_text \
#   {localparam[ \t]+logic[ \t]+\[7:0\][ \t]+SAFE_REG[ \t]*=[ \t]*8'h85;} \
#   "R1F safe probe register=0x85"
# require_exact_text $tri_probe_text \
#   {localparam[ \t]+logic[ \t]+\[7:0\][ \t]+SAFE_DATA[ \t]*=[ \t]*8'h00;} \
#   "R1F safe probe data=0x00"
# require_exact_text $top_text \
#   {\.TARGET_OPPORTUNITIES_PER_PHASE\(10000\)} \
#   "top freezes 10000 target opportunities per probe phase"
# require_exact_text $top_text {\.BLOCK_COUNT_PER_PHASE\(10\)} \
#   "top freezes 10 blocks per probe phase"
# require_exact_text $top_text {\.NACK_INDEX_CAPACITY_PER_PHASE\(512\)} \
#   "top freezes 512 NACK indices per probe phase"
# require_exact_text $top_text \
#   {\.SAFE_PROBE_BANK\(8'h00\),[ \t]*\.SAFE_PROBE_REGISTER\(8'h85\)} \
#   "measurement map safe probe bank/register identity"
# require_exact_text $top_text \
#   {\.SAFE_PROBE_DATA\(8'h00\),[ \t]*\.SAFE_PROBE_TARGET_PROVEN\(1'b1\)} \
#   "measurement map safe probe data/proven target identity"
# set changed_output [exec git -C $repo_root -c core.quotepath=false \
#   diff --name-only $exact_r1e_base_commit $source_commit --]
# set changed_paths [list]
# foreach changed [split $changed_output "\n"] {
#   set changed [string trim $changed]
#   if {$changed ne ""} {
#     lappend changed_paths [string map [list "\\" "/"] $changed]
#   }
# }
# set required_manifest_sources [lsort -unique [concat \
#   $sv_rel_files $vhdl_rel_files $xdc_rel_files [list \
#     $xdma_rel_file \
#     scripts/v41/r1f_build.tcl \
#     scripts/v41/xdma_config_common.tcl] \
#   $changed_paths]]
# set required_log_labels [list \
#   PRE_INIT_EQUIVALENCE \
#   EFFECTIVE_PRE_INIT_ARBITRATION \
#   AUTOINIT_PHASE_AND_FAILED_TXN_SCOREBOARD \
#   LEGACY_FIRST8_RECONCILIATION \
#   TRANSACTION_INDEX_16 \
#   FAILED_TXN_LOGGER_64_65 \
#   TRI_PHASE_PROBE_SUCCESS \
#   TRI_PHASE_PROBE_ABORT_RESTORE \
#   TRI_PHASE_PROBE_SCL_TIMEOUT \
#   TRI_PHASE_PROBE_ATTEMPT_LIMIT \
#   TRI_PHASE_PROBE_SECONDARY_RESTORE_FAILURE \
#   TRI_PHASE_PROBE_INDEX_OVERFLOW \
#   TRI_PHASE_PROBE_IDLE_TIMEOUT \
#   R1F_REGISTER_MAP \
#   TOP_INTEGRATION \
#   INHERITED_POWER_TIMING \
#   INHERITED_D2B_SEQUENCE \
#   R1F_PRODUCTION_TIMING_MODEL \
#   HOST_TOOL_FIXTURES]
# set manifest_summary [verify_prebuild_manifest \
#   $prebuild_manifest $expected_prebuild_manifest_sha256 $repo_root \
#   $source_commit $source_tree $required_manifest_sources $required_log_labels]
# source $common_tcl
## namespace eval v41_xdma {
##   variable part xc7a35tcsg325-2
##   variable ip_vlnv xilinx.com:ip:xdma:4.2
## }
## proc v41_xdma::minimal_c2h_stream_config {} {
##   # XDMA v4.2 on the 7-series PCIe block rejects zero read/H2C channels;
##   # one is the minimum legal value. The application leaves H2C unused.
##   return [dict create \
##     CONFIG.pl_link_cap_max_link_speed {2.5_GT/s} \
##     CONFIG.pl_link_cap_max_link_width {X1} \
##     CONFIG.ref_clk_freq {100_MHz} \
##     CONFIG.sys_reset_polarity {ACTIVE_LOW} \
##     CONFIG.axi_data_width {64_bit} \
##     CONFIG.xdma_axi_intf_mm {AXI_Stream} \
##     CONFIG.xdma_rnum_chnl {1} \
##     CONFIG.xdma_wnum_chnl {1} \
##     CONFIG.xdma_num_usr_irq {1} \
##     CONFIG.axilite_master_en {true} \
##     CONFIG.axilite_master_scale {Kilobytes} \
##     CONFIG.axilite_master_size {128} \
##     CONFIG.pf0_device_id {7011} \
##     CONFIG.pf0_subsystem_vendor_id {10EE} \
##     CONFIG.pf0_subsystem_id {0007} \
##     CONFIG.pf0_class_code {058000} \
##     CONFIG.pf0_base_class_menu {Memory_controller} \
##     CONFIG.pf0_sub_class_interface_menu {Other_memory_controller} \
##     CONFIG.pcie_blk_locn {X0Y0}]
## }
## proc v41_xdma::configure_minimal_c2h_stream {ip} {
##   set config [minimal_c2h_stream_config]
##   set_property -dict $config $ip
##   foreach {property expected} $config {
##     set actual [get_property $property $ip]
##     if {$actual ne $expected} {
##       error "XDMA property mismatch for $property: expected '$expected', got '$actual'"
##     }
##   }
## }
# if {$v41_xdma::part ne $expected_part} {
#   error "shared XDMA part mismatch: expected $expected_part, got $v41_xdma::part"
# }
# set git_words [list]
# for {set word_index 0} {$word_index < 5} {incr word_index} {
#   set first [expr {$word_index * 8}]
#   lappend git_words [string range $source_commit $first [expr {$first + 7}]]
# }
# set reconstructed_commit [join $git_words ""]
# if {$reconstructed_commit ne $source_commit} {
#   error "provenance round trip failed: $reconstructed_commit != $source_commit"
# }
# set build_flags 32'h00000002
# set generics [join [list \
#   "SLOT_COUNT=2" \
#   "GIT_SHA_W0=32'h[lindex $git_words 0]" \
#   "GIT_SHA_W1=32'h[lindex $git_words 1]" \
#   "GIT_SHA_W2=32'h[lindex $git_words 2]" \
#   "GIT_SHA_W3=32'h[lindex $git_words 3]" \
#   "GIT_SHA_W4=32'h[lindex $git_words 4]" \
#   "BUILD_FLAGS=$build_flags" \
#   "ENABLE_MAREK_INIT_TABLE=1"] " "]
# set sentinel [file join $evidence_root R1G_ONE_CLEAN_BUILD_CONSUMED.marker]
# set bit_path [file join $evidence_root artifacts $bit_filename]
# if {[file exists $sentinel]} {
#   error "the sole R1g clean build was already consumed: $sentinel"
# }
# if {[file exists $bit_path]} {
#   error "R1g bit output already exists before the authorized build: $bit_path"
# }
# file mkdir $evidence_root
# write_lines [file join $evidence_root R1F_PRECONSUMPTION_IDENTITY.txt] [list \
#   "SOURCE_GIT_COMMIT=$source_commit" \
#   "SOURCE_GIT_TREE=$source_tree" \
#   "SOURCE_BRANCH=$actual_branch" \
#   "SOURCE_TREE_CLEAN=YES" \
#   "R1E_BASE_COMMIT=$exact_r1e_base_commit" \
#   "R1G_PARENT_COMMIT=$actual_parent_commit" \
#   "R1G_COMMITS_ABOVE_R1E=$source_commit_count" \
#   "VIVADO_VERSION_ACTUAL=$vivado_short" \
#   "VIVADO_SW_BUILD_ACTUAL=$vivado_sw_build" \
#   "PART_EXPECTED=$expected_part" \
#   "TOP_EXPECTED=$expected_top" \
#   "PREBUILD_MANIFEST_SHA256=$expected_prebuild_manifest_sha256" \
#   "PRECONSUMPTION_GATE=PASS"]
# write_lines [file join $evidence_root R1F_PREBUILD_MANIFEST_BINDING.txt] \
#   $manifest_summary
# file copy -force $prebuild_manifest \
#   [file join $evidence_root R1F_BOUND_PREBUILD_MANIFEST.txt]
# write_lines [file join $evidence_root R1F_FROZEN_INPUT_SHA256.txt] \
#   $frozen_input_lines
# set planned_inventory [list]
# set planned_index 0
# foreach rel $vhdl_rel_files {
#   lappend planned_inventory \
#     "[format %03d $planned_index]|VHDL|$rel|[sha256_file [file join $repo_root $rel]]"
#   incr planned_index
# }
# foreach rel $sv_rel_files {
#   lappend planned_inventory \
#     "[format %03d $planned_index]|SYSTEMVERILOG|$rel|[sha256_file [file join $repo_root $rel]]"
#   incr planned_index
# }
# lappend planned_inventory \
#   "[format %03d $planned_index]|XCI|$xdma_rel_file|[sha256_file $xdma_source]"
# incr planned_index
# foreach rel $xdc_rel_files {
#   lappend planned_inventory \
#     "[format %03d $planned_index]|XDC|$rel|[sha256_file [file join $repo_root $rel]]"
#   incr planned_index
# }
# write_lines [file join $evidence_root R1F_PLANNED_SOURCE_AND_CONSTRAINT_ORDER.txt] \
#   $planned_inventory
# write_lines [file join $evidence_root R1F_EXPECTED_RUNTIME_PROVENANCE.txt] [list \
#   "BIT_SOURCE_COMMIT=$source_commit" \
#   "BIT_SOURCE_TREE=$source_tree" \
#   "EXPECTED_GIT_SHA_W0=0x[lindex $git_words 0]" \
#   "EXPECTED_GIT_SHA_W1=0x[lindex $git_words 1]" \
#   "EXPECTED_GIT_SHA_W2=0x[lindex $git_words 2]" \
#   "EXPECTED_GIT_SHA_W3=0x[lindex $git_words 3]" \
#   "EXPECTED_GIT_SHA_W4=0x[lindex $git_words 4]" \
#   "EXPECTED_BUILD_FLAGS=0x00000002" \
#   "SLOT_COUNT=2" \
#   "ENABLE_MAREK_INIT_TABLE=1" \
#   "AUTOINIT_I2C_HZ=25000" \
#   "AUTOINIT_CLOCK_HZ=62500000" \
#   "EXPECTED_CNT_AT_INIT_DONE=132584734" \
#   "R1F_LOG_CAPACITY=64" \
#   "R1F_TRANSACTION_INDEX_WIDTH=16" \
#   "R1F_TABLE_SLOT_INDEX_WIDTH=16" \
#   "R1F_RECORD_WIDTH=192" \
#   "R1F_PROBE_PHASES=3" \
#   "R1F_PROBE_TARGET_OPPORTUNITIES_PER_PHASE=10000" \
#   "R1F_PROBE_BLOCKS_PER_PHASE=10" \
#   "R1F_PROBE_INDEX_LOG_CAPACITY_PER_PHASE=512" \
#   "R1F_PROBE_BANK=0x00" \
#   "R1F_PROBE_REGISTER=0x85" \
#   "R1F_PROBE_DATA=0x00" \
#   "RECONSTRUCTED_GIT_SHA=$reconstructed_commit" \
#   "PROVENANCE_ROUND_TRIP=PASS" \
#   "BUILD_FLAGS_MEANING=DIAGNOSTIC_SOURCE_IDENTITY_NO_PRODUCTION_MEANING" \
#   "VIVADO_GENERIC_STRING=$generics"]
# set sentinel_fh [open $sentinel {WRONLY CREAT EXCL}]
# fconfigure $sentinel_fh -encoding utf-8 -translation lf
# puts $sentinel_fh "R1G_ONE_CLEAN_BUILD_CONSUMED=YES"
# puts $sentinel_fh "SOURCE_GIT_COMMIT=$source_commit"
# puts $sentinel_fh "SOURCE_GIT_TREE=$source_tree"
# puts $sentinel_fh "PREBUILD_MANIFEST_SHA256=$expected_prebuild_manifest_sha256"
# puts $sentinel_fh "VIVADO_VERSION=$vivado_short"
# puts $sentinel_fh "VIVADO_SW_BUILD=$vivado_sw_build"
# puts $sentinel_fh "CONSUMED_BEFORE_CREATE_PROJECT=YES"
# puts $sentinel_fh \
#   "CONSUMED_UTC=[clock format [clock seconds] -gmt true -format {%Y-%m-%dT%H:%M:%SZ}]"
# close $sentinel_fh
create_project: Time (s): cpu = 00:00:25 ; elapsed = 00:00:32 . Memory (MB): peak = 541.211 ; gain = 224.895
INFO: [IP_Flow 19-234] Refreshing IP repositories
INFO: [IP_Flow 19-1704] No user IP repositories specified
INFO: [IP_Flow 19-2313] Loaded Vivado IP repository 'C:/AMDDesignTools/2025.2/Vivado/data/ip'.
import_ip: Time (s): cpu = 00:00:21 ; elapsed = 00:00:24 . Memory (MB): peak = 619.602 ; gain = 78.391
INFO: [IP_Flow 19-1686] Generating 'Instantiation Template' target for IP 'xdma_v41_m1'...
INFO: [IP_Flow 19-1686] Generating 'Synthesis' target for IP 'xdma_v41_m1'...
INFO: [IP_Flow 19-1686] Generating 'Simulation' target for IP 'xdma_v41_m1'...
INFO: [IP_Flow 19-1686] Generating 'Implementation' target for IP 'xdma_v41_m1'...
INFO: [IP_Flow 19-1686] Generating 'Change Log' target for IP 'xdma_v41_m1'...
generate_target: Time (s): cpu = 00:00:06 ; elapsed = 00:00:15 . Memory (MB): peak = 680.184 ; gain = 5.992
Command: synth_design -top ahd_capture_top_xdma -part xc7a35tcsg325-2 -flatten_hierarchy rebuilt
Starting synth_design
Attempting to get a license for feature 'Synthesis' and/or device 'xc7a35t'
INFO: [Common 17-349] Got license for feature 'Synthesis' and/or device 'xc7a35t'
INFO: [Device 21-403] Loading part xc7a35tcsg325-2
INFO: [Synth 8-7079] Multithreading enabled for synth_design using a maximum of 2 processes.
INFO: [Synth 8-7078] Launching helper process for spawning children vivado processes
INFO: [Synth 8-7075] Helper process launched with PID 18912
---------------------------------------------------------------------------------
Starting RTL Elaboration : Time (s): cpu = 00:00:25 ; elapsed = 00:00:31 . Memory (MB): peak = 1406.199 ; gain = 540.371
---------------------------------------------------------------------------------
INFO: [Synth 8-11241] undeclared symbol 'RdDeQ', assumed default net type 'wire' [c:/FPGA/V41_NVP_R1G_VHDL_COMPATIBILITY_BUILD/vivado_project/v41_r1g_vhdl_compatibility.gen/sources_1/ip/xdma_v41_m1/hdl/verilog/axidma_fifo.vh:179]
INFO: [Synth 8-11241] undeclared symbol 'cfg_config_space_enable', assumed default net type 'wire' [c:/FPGA/V41_NVP_R1G_VHDL_COMPATIBILITY_BUILD/vivado_project/v41_r1g_vhdl_compatibility.gen/sources_1/ip/xdma_v41_m1/xdma_v4_2/hdl/verilog/xdma_v41_m1_core_top.sv:4347]
INFO: [Synth 8-11241] undeclared symbol 'cfg_hot_reset_in', assumed default net type 'wire' [c:/FPGA/V41_NVP_R1G_VHDL_COMPATIBILITY_BUILD/vivado_project/v41_r1g_vhdl_compatibility.gen/sources_1/ip/xdma_v41_m1/xdma_v4_2/hdl/verilog/xdma_v41_m1_core_top.sv:4348]
INFO: [Synth 8-11241] undeclared symbol 'usr_irq_fail', assumed default net type 'wire' [c:/FPGA/V41_NVP_R1G_VHDL_COMPATIBILITY_BUILD/vivado_project/v41_r1g_vhdl_compatibility.gen/sources_1/ip/xdma_v41_m1/xdma_v4_2/hdl/verilog/xdma_v41_m1_core_top.sv:4838]
INFO: [Synth 8-6157] synthesizing module 'ahd_capture_top_xdma' [C:/FPGA/WORKTREES/V41_NVP_R1G_VHDL_COMPATIBILITY/rtl/top/ahd_capture_top_xdma.sv:7]
	Parameter SLOT_COUNT bound to: 2 - type: integer 
	Parameter GIT_SHA_W0 bound to: 32'b11100001000100101010010110101101 
	Parameter GIT_SHA_W1 bound to: 32'b11011011011110101100011000100111 
	Parameter GIT_SHA_W2 bound to: 32'b00000000101010011010011100011010 
	Parameter GIT_SHA_W3 bound to: 32'b11111000000110111111001101101000 
	Parameter GIT_SHA_W4 bound to: 32'b11111010110100001011101011011010 
	Parameter BUILD_FLAGS bound to: 32'b00000000000000000000000000000010 
	Parameter ENABLE_MAREK_INIT_TABLE bound to: 1 - type: integer 
INFO: [Synth 8-6157] synthesizing module 'IBUF' [C:/AMDDesignTools/2025.2/Vivado/scripts/rt/data/unisim_comp.v:82804]
INFO: [Synth 8-6155] done synthesizing module 'IBUF' (0#1) [C:/AMDDesignTools/2025.2/Vivado/scripts/rt/data/unisim_comp.v:82804]
INFO: [Synth 8-6157] synthesizing module 'IBUFDS_GTE2' [C:/AMDDesignTools/2025.2/Vivado/scripts/rt/data/unisim_comp.v:83044]
INFO: [Synth 8-6155] done synthesizing module 'IBUFDS_GTE2' (0#1) [C:/AMDDesignTools/2025.2/Vivado/scripts/rt/data/unisim_comp.v:83044]
INFO: [Synth 8-6157] synthesizing module 'IOBUF' [C:/AMDDesignTools/2025.2/Vivado/scripts/rt/data/unisim_comp.v:87566]
INFO: [Synth 8-6155] done synthesizing module 'IOBUF' (0#1) [C:/AMDDesignTools/2025.2/Vivado/scripts/rt/data/unisim_comp.v:87566]
INFO: [Synth 8-638] synthesizing module 'v40a_nvp_autoinit' [C:/FPGA/WORKTREES/V41_NVP_R1G_VHDL_COMPATIBILITY/rtl/nvp/nvp6134c_autoinit.vhd:42]
	Parameter CLK_HZ bound to: 62500000 - type: integer 
	Parameter I2C_HZ bound to: 25000 - type: integer 
	Parameter ENABLE_MAREK_INIT_TABLE bound to: 1 - type: integer 
INFO: [Synth 8-638] synthesizing module 'nvp_i2c_bringup_seq_v38ek' [C:/FPGA/WORKTREES/V41_NVP_R1G_VHDL_COMPATIBILITY/rtl/nvp/nvp6134c_i2c_bringup.vhd:93]
	Parameter CLK_HZ bound to: 62500000 - type: integer 
	Parameter I2C_HZ bound to: 25000 - type: integer 
	Parameter ENABLE_MAREK_INIT_TABLE bound to: 1 - type: integer 
INFO: [Synth 8-638] synthesizing module 'r1f_transaction_serial_counter' [C:/FPGA/WORKTREES/V41_NVP_R1G_VHDL_COMPATIBILITY/rtl/nvp/r1f_transaction_serial_counter.vhd:19]
INFO: [Synth 8-256] done synthesizing module 'r1f_transaction_serial_counter' (0#1) [C:/FPGA/WORKTREES/V41_NVP_R1G_VHDL_COMPATIBILITY/rtl/nvp/r1f_transaction_serial_counter.vhd:19]
INFO: [Synth 8-256] done synthesizing module 'nvp_i2c_bringup_seq_v38ek' (0#1) [C:/FPGA/WORKTREES/V41_NVP_R1G_VHDL_COMPATIBILITY/rtl/nvp/nvp6134c_i2c_bringup.vhd:93]
INFO: [Synth 8-256] done synthesizing module 'v40a_nvp_autoinit' (0#1) [C:/FPGA/WORKTREES/V41_NVP_R1G_VHDL_COMPATIBILITY/rtl/nvp/nvp6134c_autoinit.vhd:42]
INFO: [Synth 8-6157] synthesizing module 'v41_axi_clock_lifecycle_monitor' [C:/FPGA/WORKTREES/V41_NVP_R1G_VHDL_COMPATIBILITY/rtl/v41/axi_clock_lifecycle_monitor.sv:6]
INFO: [Synth 8-6155] done synthesizing module 'v41_axi_clock_lifecycle_monitor' (0#1) [C:/FPGA/WORKTREES/V41_NVP_R1G_VHDL_COMPATIBILITY/rtl/v41/axi_clock_lifecycle_monitor.sv:6]
INFO: [Synth 8-6157] synthesizing module 'nvp_i2c_tri_phase_probe' [C:/FPGA/WORKTREES/V41_NVP_R1G_VHDL_COMPATIBILITY/rtl/v41/nvp_i2c_tri_phase_probe.sv:16]
	Parameter CLK_HZ bound to: 62500000 - type: integer 
	Parameter PROBE_I2C_HZ bound to: 25000 - type: integer 
	Parameter TARGET_OPPORTUNITIES_PER_PHASE bound to: 10000 - type: integer 
	Parameter BLOCK_COUNT_PER_PHASE bound to: 10 - type: integer 
	Parameter NACK_INDEX_CAPACITY_PER_PHASE bound to: 512 - type: integer 
	Parameter MAX_TRANSACTION_ATTEMPTS_PER_PHASE bound to: 12000 - type: integer 
	Parameter POST_INIT_GUARD_CYCLES bound to: 62500 - type: integer 
INFO: [Synth 8-6155] done synthesizing module 'nvp_i2c_tri_phase_probe' (0#1) [C:/FPGA/WORKTREES/V41_NVP_R1G_VHDL_COMPATIBILITY/rtl/v41/nvp_i2c_tri_phase_probe.sv:16]
INFO: [Synth 8-6157] synthesizing module 'v41_r1f_failed_txn_logger' [C:/FPGA/WORKTREES/V41_NVP_R1G_VHDL_COMPATIBILITY/rtl/v41/r1f_failed_txn_logger.sv:6]
INFO: [Synth 8-6155] done synthesizing module 'v41_r1f_failed_txn_logger' (0#1) [C:/FPGA/WORKTREES/V41_NVP_R1G_VHDL_COMPATIBILITY/rtl/v41/r1f_failed_txn_logger.sv:6]
INFO: [Synth 8-6157] synthesizing module 'g0p8c3r1_physical_frontend' [C:/FPGA/WORKTREES/V41_NVP_R1G_VHDL_COMPATIBILITY/rtl/video/physical_frontend.sv:11]
INFO: [Synth 8-6157] synthesizing module 'IBUF__parameterized0' [C:/AMDDesignTools/2025.2/Vivado/scripts/rt/data/unisim_comp.v:82804]
	Parameter IBUF_LOW_PWR bound to: FALSE - type: string 
INFO: [Synth 8-6155] done synthesizing module 'IBUF__parameterized0' (0#1) [C:/AMDDesignTools/2025.2/Vivado/scripts/rt/data/unisim_comp.v:82804]
INFO: [Synth 8-6157] synthesizing module 'IDELAYE2' [C:/AMDDesignTools/2025.2/Vivado/scripts/rt/data/unisim_comp.v:85109]
	Parameter CINVCTRL_SEL bound to: FALSE - type: string 
	Parameter DELAY_SRC bound to: IDATAIN - type: string 
	Parameter HIGH_PERFORMANCE_MODE bound to: TRUE - type: string 
	Parameter IDELAY_TYPE bound to: FIXED - type: string 
	Parameter IDELAY_VALUE bound to: 0 - type: integer 
	Parameter PIPE_SEL bound to: FALSE - type: string 
	Parameter REFCLK_FREQUENCY bound to: 1.980000e+02 - type: double 
	Parameter SIGNAL_PATTERN bound to: DATA - type: string 
INFO: [Synth 8-6155] done synthesizing module 'IDELAYE2' (0#1) [C:/AMDDesignTools/2025.2/Vivado/scripts/rt/data/unisim_comp.v:85109]
INFO: [Synth 8-6157] synthesizing module 'IDDR' [C:/AMDDesignTools/2025.2/Vivado/scripts/rt/data/unisim_comp.v:84974]
	Parameter DDR_CLK_EDGE bound to: SAME_EDGE_PIPELINED - type: string 
	Parameter INIT_Q1 bound to: 1'b0 
	Parameter INIT_Q2 bound to: 1'b0 
	Parameter SRTYPE bound to: SYNC - type: string 
INFO: [Synth 8-6155] done synthesizing module 'IDDR' (0#1) [C:/AMDDesignTools/2025.2/Vivado/scripts/rt/data/unisim_comp.v:84974]
INFO: [Synth 8-6157] synthesizing module 'BUFIO' [C:/AMDDesignTools/2025.2/Vivado/scripts/rt/data/unisim_comp.v:2951]
INFO: [Synth 8-6155] done synthesizing module 'BUFIO' (0#1) [C:/AMDDesignTools/2025.2/Vivado/scripts/rt/data/unisim_comp.v:2951]
INFO: [Synth 8-6157] synthesizing module 'BUFG' [C:/AMDDesignTools/2025.2/Vivado/scripts/rt/data/unisim_comp.v:2678]
INFO: [Synth 8-6155] done synthesizing module 'BUFG' (0#1) [C:/AMDDesignTools/2025.2/Vivado/scripts/rt/data/unisim_comp.v:2678]
INFO: [Synth 8-6157] synthesizing module 'MMCME2_BASE' [C:/AMDDesignTools/2025.2/Vivado/scripts/rt/data/unisim_comp.v:95964]
	Parameter BANDWIDTH bound to: OPTIMIZED - type: string 
	Parameter CLKFBOUT_MULT_F bound to: 8.000000e+00 - type: double 
	Parameter CLKFBOUT_PHASE bound to: 0.000000e+00 - type: double 
	Parameter CLKIN1_PERIOD bound to: 6.734000e+00 - type: double 
	Parameter CLKOUT0_DIVIDE_F bound to: 6.000000e+00 - type: double 
	Parameter CLKOUT0_DUTY_CYCLE bound to: 5.000000e-01 - type: double 
	Parameter CLKOUT0_PHASE bound to: 0.000000e+00 - type: double 
	Parameter DIVCLK_DIVIDE bound to: 1 - type: integer 
	Parameter REF_JITTER1 bound to: 1.000000e-02 - type: double 
	Parameter STARTUP_WAIT bound to: FALSE - type: string 
INFO: [Synth 8-6155] done synthesizing module 'MMCME2_BASE' (0#1) [C:/AMDDesignTools/2025.2/Vivado/scripts/rt/data/unisim_comp.v:95964]
INFO: [Synth 8-6157] synthesizing module 'IDELAYCTRL' [C:/AMDDesignTools/2025.2/Vivado/scripts/rt/data/unisim_comp.v:85096]
INFO: [Synth 8-6155] done synthesizing module 'IDELAYCTRL' (0#1) [C:/AMDDesignTools/2025.2/Vivado/scripts/rt/data/unisim_comp.v:85096]
INFO: [Synth 8-6155] done synthesizing module 'g0p8c3r1_physical_frontend' (0#1) [C:/FPGA/WORKTREES/V41_NVP_R1G_VHDL_COMPATIBILITY/rtl/video/physical_frontend.sv:11]
INFO: [Synth 8-6157] synthesizing module 'v41_r1f_measurement_regs' [C:/FPGA/WORKTREES/V41_NVP_R1G_VHDL_COMPATIBILITY/rtl/v41/r1f_measurement_regs.sv:5]
	Parameter SAFE_PROBE_BANK bound to: 8'b00000000 
	Parameter SAFE_PROBE_REGISTER bound to: 8'b10000101 
	Parameter SAFE_PROBE_DATA bound to: 8'b00000000 
	Parameter SAFE_PROBE_TARGET_PROVEN bound to: 1'b1 
INFO: [Synth 8-6155] done synthesizing module 'v41_r1f_measurement_regs' (0#1) [C:/FPGA/WORKTREES/V41_NVP_R1G_VHDL_COMPATIBILITY/rtl/v41/r1f_measurement_regs.sv:5]
INFO: [Synth 8-6157] synthesizing module 'v41_r1e_measurement_regs' [C:/FPGA/WORKTREES/V41_NVP_R1G_VHDL_COMPATIBILITY/rtl/v41/r1e_measurement_regs.sv:4]
INFO: [Synth 8-6157] synthesizing module 'v41_axi_clock_measurement_regs' [C:/FPGA/WORKTREES/V41_NVP_R1G_VHDL_COMPATIBILITY/rtl/v41/axi_clock_measurement_regs.sv:2]
INFO: [Synth 8-6155] done synthesizing module 'v41_axi_clock_measurement_regs' (0#1) [C:/FPGA/WORKTREES/V41_NVP_R1G_VHDL_COMPATIBILITY/rtl/v41/axi_clock_measurement_regs.sv:2]
INFO: [Synth 8-6155] done synthesizing module 'v41_r1e_measurement_regs' (0#1) [C:/FPGA/WORKTREES/V41_NVP_R1G_VHDL_COMPATIBILITY/rtl/v41/r1e_measurement_regs.sv:4]
INFO: [Synth 8-6157] synthesizing module 'v41_axi_lite_host_bridge' [C:/FPGA/WORKTREES/V41_NVP_R1G_VHDL_COMPATIBILITY/rtl/v41/axi_lite_host_bridge.sv:7]
INFO: [Synth 8-6155] done synthesizing module 'v41_axi_lite_host_bridge' (0#1) [C:/FPGA/WORKTREES/V41_NVP_R1G_VHDL_COMPATIBILITY/rtl/v41/axi_lite_host_bridge.sv:7]
INFO: [Synth 8-6157] synthesizing module 'v41_control_status_regs' [C:/FPGA/WORKTREES/V41_NVP_R1G_VHDL_COMPATIBILITY/rtl/v41/control_status_regs.sv:6]
	Parameter BLOCK_ID bound to: -1542845433 - type: integer 
	Parameter GIT_SHA_W0 bound to: 32'b11100001000100101010010110101101 
	Parameter GIT_SHA_W1 bound to: 32'b11011011011110101100011000100111 
	Parameter GIT_SHA_W2 bound to: 32'b00000000101010011010011100011010 
	Parameter GIT_SHA_W3 bound to: 32'b11111000000110111111001101101000 
	Parameter GIT_SHA_W4 bound to: 32'b11111010110100001011101011011010 
	Parameter BUILD_FLAGS bound to: 32'b00000000000000000000000000000010 
INFO: [Synth 8-6155] done synthesizing module 'v41_control_status_regs' (0#1) [C:/FPGA/WORKTREES/V41_NVP_R1G_VHDL_COMPATIBILITY/rtl/v41/control_status_regs.sv:6]
INFO: [Synth 8-6157] synthesizing module 'g0p8c2_capture_subsystem' [C:/FPGA/WORKTREES/V41_NVP_R1G_VHDL_COMPATIBILITY/rtl/video/video_capture.sv:3]
	Parameter SLOT_COUNT bound to: 2 - type: integer 
	Parameter BLOCK_OR_FW_ID bound to: -1542845433 - type: integer 
INFO: [Synth 8-6157] synthesizing module 'xpm_cdc_async_rst' [C:/AMDDesignTools/2025.2/Vivado/data/ip/xpm/xpm_cdc/hdl/xpm_cdc.sv:1175]
	Parameter DEST_SYNC_FF bound to: 4 - type: integer 
	Parameter INIT_SYNC_FF bound to: 1 - type: integer 
	Parameter RST_ACTIVE_HIGH bound to: 1 - type: integer 
INFO: [Synth 8-6155] done synthesizing module 'xpm_cdc_async_rst' (0#1) [C:/AMDDesignTools/2025.2/Vivado/data/ip/xpm/xpm_cdc/hdl/xpm_cdc.sv:1175]
INFO: [Synth 8-6157] synthesizing module 'g0p8c2_capture_mailbox' [C:/FPGA/WORKTREES/V41_NVP_R1G_VHDL_COMPATIBILITY/rtl/record/capture_mailbox.sv:5]
INFO: [Synth 8-6155] done synthesizing module 'g0p8c2_capture_mailbox' (0#1) [C:/FPGA/WORKTREES/V41_NVP_R1G_VHDL_COMPATIBILITY/rtl/record/capture_mailbox.sv:5]
INFO: [Synth 8-6157] synthesizing module 'g0p8c2_bt656_slot_producer' [C:/FPGA/WORKTREES/V41_NVP_R1G_VHDL_COMPATIBILITY/rtl/record/bt656_record_producer.sv:3]
	Parameter BLOCK_OR_FW_ID bound to: -1542845433 - type: integer 
INFO: [Synth 8-6155] done synthesizing module 'g0p8c2_bt656_slot_producer' (0#1) [C:/FPGA/WORKTREES/V41_NVP_R1G_VHDL_COMPATIBILITY/rtl/record/bt656_record_producer.sv:3]
INFO: [Synth 8-6157] synthesizing module 'g0p8c5a_pio_slot_adapter' [C:/FPGA/WORKTREES/V41_NVP_R1G_VHDL_COMPATIBILITY/rtl/pio/pio_slot_adapter.sv:6]
INFO: [Synth 8-6155] done synthesizing module 'g0p8c5a_pio_slot_adapter' (0#1) [C:/FPGA/WORKTREES/V41_NVP_R1G_VHDL_COMPATIBILITY/rtl/pio/pio_slot_adapter.sv:6]
INFO: [Synth 8-6157] synthesizing module 'g0p8c2_bar_target' [C:/FPGA/WORKTREES/V41_NVP_R1G_VHDL_COMPATIBILITY/rtl/pio/pio_bar_target.sv:3]
	Parameter SLOT_COUNT bound to: 2 - type: integer 
	Parameter BLOCK_OR_FW_ID bound to: -1542845433 - type: integer 
INFO: [Synth 8-6157] synthesizing module 'xpm_memory_sdpram' [C:/AMDDesignTools/2025.2/Vivado/data/ip/xpm/xpm_memory/hdl/xpm_memory.sv:8996]
	Parameter MEMORY_SIZE bound to: 32768 - type: integer 
	Parameter MEMORY_PRIMITIVE bound to: block - type: string 
	Parameter CLOCKING_MODE bound to: independent_clock - type: string 
	Parameter ECC_MODE bound to: no_ecc - type: string 
	Parameter MEMORY_INIT_FILE bound to: none - type: string 
	Parameter MEMORY_INIT_PARAM bound to: 0 - type: string 
	Parameter USE_MEM_INIT bound to: 0 - type: integer 
	Parameter WAKEUP_TIME bound to: disable_sleep - type: string 
	Parameter AUTO_SLEEP_TIME bound to: 0 - type: integer 
	Parameter MESSAGE_CONTROL bound to: 0 - type: integer 
	Parameter USE_EMBEDDED_CONSTRAINT bound to: 0 - type: integer 
	Parameter MEMORY_OPTIMIZATION bound to: true - type: string 
	Parameter SIM_ASSERT_CHK bound to: 1 - type: integer 
	Parameter WRITE_DATA_WIDTH_A bound to: 64 - type: integer 
	Parameter BYTE_WRITE_WIDTH_A bound to: 64 - type: integer 
	Parameter ADDR_WIDTH_A bound to: 9 - type: integer 
	Parameter READ_DATA_WIDTH_B bound to: 64 - type: integer 
	Parameter ADDR_WIDTH_B bound to: 9 - type: integer 
	Parameter READ_RESET_VALUE_B bound to: 0 - type: string 
	Parameter READ_LATENCY_B bound to: 1 - type: integer 
	Parameter WRITE_MODE_B bound to: read_first - type: string 
	Parameter RST_MODE_B bound to: SYNC - type: string 
INFO: [Synth 8-6157] synthesizing module 'xpm_memory_base' [C:/AMDDesignTools/2025.2/Vivado/data/ip/xpm/xpm_memory/hdl/xpm_memory.sv:54]
INFO: [Synth 8-6155] done synthesizing module 'xpm_memory_base' (0#1) [C:/AMDDesignTools/2025.2/Vivado/data/ip/xpm/xpm_memory/hdl/xpm_memory.sv:54]
INFO: [Synth 8-6155] done synthesizing module 'xpm_memory_sdpram' (0#1) [C:/AMDDesignTools/2025.2/Vivado/data/ip/xpm/xpm_memory/hdl/xpm_memory.sv:8996]
INFO: [Synth 8-6155] done synthesizing module 'g0p8c2_bar_target' (0#1) [C:/FPGA/WORKTREES/V41_NVP_R1G_VHDL_COMPATIBILITY/rtl/pio/pio_bar_target.sv:3]
INFO: [Synth 8-6155] done synthesizing module 'g0p8c2_capture_subsystem' (0#1) [C:/FPGA/WORKTREES/V41_NVP_R1G_VHDL_COMPATIBILITY/rtl/video/video_capture.sv:3]
INFO: [Synth 8-6157] synthesizing module 'xdma_v41_m1' [c:/FPGA/V41_NVP_R1G_VHDL_COMPATIBILITY_BUILD/vivado_project/v41_r1g_vhdl_compatibility.gen/sources_1/ip/xdma_v41_m1/synth/xdma_v41_m1.sv:53]
INFO: [Synth 8-6157] synthesizing module 'xdma_v41_m1_core_top' [c:/FPGA/V41_NVP_R1G_VHDL_COMPATIBILITY_BUILD/vivado_project/v41_r1g_vhdl_compatibility.gen/sources_1/ip/xdma_v41_m1/xdma_v4_2/hdl/verilog/xdma_v41_m1_core_top.sv:60]
INFO: [Synth 8-6157] synthesizing module 'dma_pcie_axis_rq_if' [c:/FPGA/V41_NVP_R1G_VHDL_COMPATIBILITY_BUILD/vivado_project/v41_r1g_vhdl_compatibility.gen/sources_1/ip/xdma_v41_m1/hdl/verilog/dma_pcie_axis_rq_if.svh:3]
	Parameter DATA_WIDTH bound to: 64 - type: integer 
	Parameter USER_WIDTH bound to: 60 - type: integer 
INFO: [Synth 8-6155] done synthesizing module 'dma_pcie_axis_rq_if' (0#1) [c:/FPGA/V41_NVP_R1G_VHDL_COMPATIBILITY_BUILD/vivado_project/v41_r1g_vhdl_compatibility.gen/sources_1/ip/xdma_v41_m1/hdl/verilog/dma_pcie_axis_rq_if.svh:3]
INFO: [Synth 8-6157] synthesizing module 'dma_pcie_axis_cc_if' [c:/FPGA/V41_NVP_R1G_VHDL_COMPATIBILITY_BUILD/vivado_project/v41_r1g_vhdl_compatibility.gen/sources_1/ip/xdma_v41_m1/hdl/verilog/dma_pcie_axis_cc_if.svh:3]
	Parameter DATA_WIDTH bound to: 64 - type: integer 
	Parameter USER_WIDTH bound to: 33 - type: integer 
INFO: [Synth 8-6155] done synthesizing module 'dma_pcie_axis_cc_if' (0#1) [c:/FPGA/V41_NVP_R1G_VHDL_COMPATIBILITY_BUILD/vivado_project/v41_r1g_vhdl_compatibility.gen/sources_1/ip/xdma_v41_m1/hdl/verilog/dma_pcie_axis_cc_if.svh:3]
INFO: [Synth 8-6157] synthesizing module 'dma_pcie_axis_rc_if' [c:/FPGA/V41_NVP_R1G_VHDL_COMPATIBILITY_BUILD/vivado_project/v41_r1g_vhdl_compatibility.gen/sources_1/ip/xdma_v41_m1/hdl/verilog/dma_pcie_axis_rc_if.svh:3]
	Parameter DATA_WIDTH bound to: 64 - type: integer 
	Parameter USER_WIDTH bound to: 75 - type: integer 
INFO: [Synth 8-6155] done synthesizing module 'dma_pcie_axis_rc_if' (0#1) [c:/FPGA/V41_NVP_R1G_VHDL_COMPATIBILITY_BUILD/vivado_project/v41_r1g_vhdl_compatibility.gen/sources_1/ip/xdma_v41_m1/hdl/verilog/dma_pcie_axis_rc_if.svh:3]
INFO: [Synth 8-6157] synthesizing module 'dma_pcie_axis_cq_if' [c:/FPGA/V41_NVP_R1G_VHDL_COMPATIBILITY_BUILD/vivado_project/v41_r1g_vhdl_compatibility.gen/sources_1/ip/xdma_v41_m1/hdl/verilog/dma_pcie_axis_cq_if.svh:3]
	Parameter DATA_WIDTH bound to: 64 - type: integer 
	Parameter USER_WIDTH bound to: 85 - type: integer 
INFO: [Synth 8-6155] done synthesizing module 'dma_pcie_axis_cq_if' (0#1) [c:/FPGA/V41_NVP_R1G_VHDL_COMPATIBILITY_BUILD/vivado_project/v41_r1g_vhdl_compatibility.gen/sources_1/ip/xdma_v41_m1/hdl/verilog/dma_pcie_axis_cq_if.svh:3]
INFO: [Synth 8-6157] synthesizing module 'dma_pcie_misc_output_if' [c:/FPGA/V41_NVP_R1G_VHDL_COMPATIBILITY_BUILD/vivado_project/v41_r1g_vhdl_compatibility.gen/sources_1/ip/xdma_v41_m1/hdl/verilog/dma_pcie_misc_output_if.svh:4]
INFO: [Synth 8-6155] done synthesizing module 'dma_pcie_misc_output_if' (0#1) [c:/FPGA/V41_NVP_R1G_VHDL_COMPATIBILITY_BUILD/vivado_project/v41_r1g_vhdl_compatibility.gen/sources_1/ip/xdma_v41_m1/hdl/verilog/dma_pcie_misc_output_if.svh:4]
INFO: [Synth 8-6157] synthesizing module 'dma_pcie_misc_input_if' [c:/FPGA/V41_NVP_R1G_VHDL_COMPATIBILITY_BUILD/vivado_project/v41_r1g_vhdl_compatibility.gen/sources_1/ip/xdma_v41_m1/hdl/verilog/dma_pcie_misc_input_if.svh:4]
INFO: [Synth 8-6155] done synthesizing module 'dma_pcie_misc_input_if' (0#1) [c:/FPGA/V41_NVP_R1G_VHDL_COMPATIBILITY_BUILD/vivado_project/v41_r1g_vhdl_compatibility.gen/sources_1/ip/xdma_v41_m1/hdl/verilog/dma_pcie_misc_input_if.svh:4]
INFO: [Synth 8-6157] synthesizing module 'dma_pcie_gic_if' [c:/FPGA/V41_NVP_R1G_VHDL_COMPATIBILITY_BUILD/vivado_project/v41_r1g_vhdl_compatibility.gen/sources_1/ip/xdma_v41_m1/hdl/verilog/dma_pcie_gic_if.svh:3]
INFO: [Synth 8-6155] done synthesizing module 'dma_pcie_gic_if' (0#1) [c:/FPGA/V41_NVP_R1G_VHDL_COMPATIBILITY_BUILD/vivado_project/v41_r1g_vhdl_compatibility.gen/sources_1/ip/xdma_v41_m1/hdl/verilog/dma_pcie_gic_if.svh:3]
INFO: [Synth 8-6157] synthesizing module 'dma_pcie_fabric_output_if' [c:/FPGA/V41_NVP_R1G_VHDL_COMPATIBILITY_BUILD/vivado_project/v41_r1g_vhdl_compatibility.gen/sources_1/ip/xdma_v41_m1/hdl/verilog/dma_pcie_fabric_output_if.svh:3]
INFO: [Synth 8-6155] done synthesizing module 'dma_pcie_fabric_output_if' (0#1) [c:/FPGA/V41_NVP_R1G_VHDL_COMPATIBILITY_BUILD/vivado_project/v41_r1g_vhdl_compatibility.gen/sources_1/ip/xdma_v41_m1/hdl/verilog/dma_pcie_fabric_output_if.svh:3]
INFO: [Synth 8-6157] synthesizing module 'dma_pcie_fabric_input_if' [c:/FPGA/V41_NVP_R1G_VHDL_COMPATIBILITY_BUILD/vivado_project/v41_r1g_vhdl_compatibility.gen/sources_1/ip/xdma_v41_m1/hdl/verilog/dma_pcie_fabric_input_if.svh:3]
INFO: [Synth 8-6155] done synthesizing module 'dma_pcie_fabric_input_if' (0#1) [c:/FPGA/V41_NVP_R1G_VHDL_COMPATIBILITY_BUILD/vivado_project/v41_r1g_vhdl_compatibility.gen/sources_1/ip/xdma_v41_m1/hdl/verilog/dma_pcie_fabric_input_if.svh:3]
INFO: [Synth 8-6157] synthesizing module 'dma_pcie_mi_4Bx2048_4Bwe_ram_if' [c:/FPGA/V41_NVP_R1G_VHDL_COMPATIBILITY_BUILD/vivado_project/v41_r1g_vhdl_compatibility.gen/sources_1/ip/xdma_v41_m1/hdl/verilog/dma_pcie_mi_4Bx2048_4Bwe_ram_if.svh:4]
INFO: [Synth 8-6155] done synthesizing module 'dma_pcie_mi_4Bx2048_4Bwe_ram_if' (0#1) [c:/FPGA/V41_NVP_R1G_VHDL_COMPATIBILITY_BUILD/vivado_project/v41_r1g_vhdl_compatibility.gen/sources_1/ip/xdma_v41_m1/hdl/verilog/dma_pcie_mi_4Bx2048_4Bwe_ram_if.svh:4]
INFO: [Synth 8-6157] synthesizing module 'dma_pcie_mi_16Bx2048_4Bwe_ram_if' [c:/FPGA/V41_NVP_R1G_VHDL_COMPATIBILITY_BUILD/vivado_project/v41_r1g_vhdl_compatibility.gen/sources_1/ip/xdma_v41_m1/hdl/verilog/dma_pcie_mi_16Bx2048_4Bwe_ram_if.svh:5]
INFO: [Synth 8-6155] done synthesizing module 'dma_pcie_mi_16Bx2048_4Bwe_ram_if' (0#1) [c:/FPGA/V41_NVP_R1G_VHDL_COMPATIBILITY_BUILD/vivado_project/v41_r1g_vhdl_compatibility.gen/sources_1/ip/xdma_v41_m1/hdl/verilog/dma_pcie_mi_16Bx2048_4Bwe_ram_if.svh:5]
INFO: [Synth 8-6157] synthesizing module 'dma_pcie_mi_2Bx2048_ram_if' [c:/FPGA/V41_NVP_R1G_VHDL_COMPATIBILITY_BUILD/vivado_project/v41_r1g_vhdl_compatibility.gen/sources_1/ip/xdma_v41_m1/hdl/verilog/dma_pcie_mi_2Bx2048_ram_if.svh:3]
INFO: [Synth 8-6155] done synthesizing module 'dma_pcie_mi_2Bx2048_ram_if' (0#1) [c:/FPGA/V41_NVP_R1G_VHDL_COMPATIBILITY_BUILD/vivado_project/v41_r1g_vhdl_compatibility.gen/sources_1/ip/xdma_v41_m1/hdl/verilog/dma_pcie_mi_2Bx2048_ram_if.svh:3]
INFO: [Synth 8-6157] synthesizing module 'dma_pcie_mi_8Bx2048_4Bwe_ram_if' [c:/FPGA/V41_NVP_R1G_VHDL_COMPATIBILITY_BUILD/vivado_project/v41_r1g_vhdl_compatibility.gen/sources_1/ip/xdma_v41_m1/hdl/verilog/dma_pcie_mi_8Bx2048_4Bwe_ram_if.svh:4]
INFO: [Synth 8-6155] done synthesizing module 'dma_pcie_mi_8Bx2048_4Bwe_ram_if' (0#1) [c:/FPGA/V41_NVP_R1G_VHDL_COMPATIBILITY_BUILD/vivado_project/v41_r1g_vhdl_compatibility.gen/sources_1/ip/xdma_v41_m1/hdl/verilog/dma_pcie_mi_8Bx2048_4Bwe_ram_if.svh:4]
INFO: [Synth 8-6157] synthesizing module 'dma_pcie_mi_dsc_cpli_if' [c:/FPGA/V41_NVP_R1G_VHDL_COMPATIBILITY_BUILD/vivado_project/v41_r1g_vhdl_compatibility.gen/sources_1/ip/xdma_v41_m1/hdl/verilog/dma_pcie_mi_dsc_cpli_if.svh:4]
INFO: [Synth 8-6155] done synthesizing module 'dma_pcie_mi_dsc_cpli_if' (0#1) [c:/FPGA/V41_NVP_R1G_VHDL_COMPATIBILITY_BUILD/vivado_project/v41_r1g_vhdl_compatibility.gen/sources_1/ip/xdma_v41_m1/hdl/verilog/dma_pcie_mi_dsc_cpli_if.svh:4]
INFO: [Synth 8-6157] synthesizing module 'dma_pcie_mi_dsc_cpld_if' [c:/FPGA/V41_NVP_R1G_VHDL_COMPATIBILITY_BUILD/vivado_project/v41_r1g_vhdl_compatibility.gen/sources_1/ip/xdma_v41_m1/hdl/verilog/dma_pcie_mi_dsc_cpld_if.svh:3]
INFO: [Synth 8-6155] done synthesizing module 'dma_pcie_mi_dsc_cpld_if' (0#1) [c:/FPGA/V41_NVP_R1G_VHDL_COMPATIBILITY_BUILD/vivado_project/v41_r1g_vhdl_compatibility.gen/sources_1/ip/xdma_v41_m1/hdl/verilog/dma_pcie_mi_dsc_cpld_if.svh:3]
INFO: [Synth 8-6157] synthesizing module 'dma_pcie_mi_dsc_cpli_if' [c:/FPGA/V41_NVP_R1G_VHDL_COMPATIBILITY_BUILD/vivado_project/v41_r1g_vhdl_compatibility.gen/sources_1/ip/xdma_v41_m1/hdl/verilog/dma_pcie_mi_dsc_cpli_if.svh:4]
INFO: [Synth 8-6155] done synthesizing module 'dma_pcie_mi_dsc_cpli_if' (0#1) [c:/FPGA/V41_NVP_R1G_VHDL_COMPATIBILITY_BUILD/vivado_project/v41_r1g_vhdl_compatibility.gen/sources_1/ip/xdma_v41_m1/hdl/verilog/dma_pcie_mi_dsc_cpli_if.svh:4]
INFO: [Synth 8-6157] synthesizing module 'dma_pcie_mi_dsc_cpld_if' [c:/FPGA/V41_NVP_R1G_VHDL_COMPATIBILITY_BUILD/vivado_project/v41_r1g_vhdl_compatibility.gen/sources_1/ip/xdma_v41_m1/hdl/verilog/dma_pcie_mi_dsc_cpld_if.svh:3]
INFO: [Synth 8-6155] done synthesizing module 'dma_pcie_mi_dsc_cpld_if' (0#1) [c:/FPGA/V41_NVP_R1G_VHDL_COMPATIBILITY_BUILD/vivado_project/v41_r1g_vhdl_compatibility.gen/sources_1/ip/xdma_v41_m1/hdl/verilog/dma_pcie_mi_dsc_cpld_if.svh:3]
INFO: [Synth 8-6157] synthesizing module 'dma_pcie_mi_dsc_cpli_if' [c:/FPGA/V41_NVP_R1G_VHDL_COMPATIBILITY_BUILD/vivado_project/v41_r1g_vhdl_compatibility.gen/sources_1/ip/xdma_v41_m1/hdl/verilog/dma_pcie_mi_dsc_cpli_if.svh:4]
INFO: [Synth 8-6155] done synthesizing module 'dma_pcie_mi_dsc_cpli_if' (0#1) [c:/FPGA/V41_NVP_R1G_VHDL_COMPATIBILITY_BUILD/vivado_project/v41_r1g_vhdl_compatibility.gen/sources_1/ip/xdma_v41_m1/hdl/verilog/dma_pcie_mi_dsc_cpli_if.svh:4]
INFO: [Synth 8-6157] synthesizing module 'dma_pcie_mi_dsc_cpld_if' [c:/FPGA/V41_NVP_R1G_VHDL_COMPATIBILITY_BUILD/vivado_project/v41_r1g_vhdl_compatibility.gen/sources_1/ip/xdma_v41_m1/hdl/verilog/dma_pcie_mi_dsc_cpld_if.svh:3]
INFO: [Synth 8-6155] done synthesizing module 'dma_pcie_mi_dsc_cpld_if' (0#1) [c:/FPGA/V41_NVP_R1G_VHDL_COMPATIBILITY_BUILD/vivado_project/v41_r1g_vhdl_compatibility.gen/sources_1/ip/xdma_v41_m1/hdl/verilog/dma_pcie_mi_dsc_cpld_if.svh:3]
INFO: [Synth 8-6157] synthesizing module 'dma_pcie_mi_dsc_cpli_if' [c:/FPGA/V41_NVP_R1G_VHDL_COMPATIBILITY_BUILD/vivado_project/v41_r1g_vhdl_compatibility.gen/sources_1/ip/xdma_v41_m1/hdl/verilog/dma_pcie_mi_dsc_cpli_if.svh:4]
INFO: [Synth 8-6155] done synthesizing module 'dma_pcie_mi_dsc_cpli_if' (0#1) [c:/FPGA/V41_NVP_R1G_VHDL_COMPATIBILITY_BUILD/vivado_project/v41_r1g_vhdl_compatibility.gen/sources_1/ip/xdma_v41_m1/hdl/verilog/dma_pcie_mi_dsc_cpli_if.svh:4]
INFO: [Synth 8-6157] synthesizing module 'dma_pcie_mi_dsc_cpld_if' [c:/FPGA/V41_NVP_R1G_VHDL_COMPATIBILITY_BUILD/vivado_project/v41_r1g_vhdl_compatibility.gen/sources_1/ip/xdma_v41_m1/hdl/verilog/dma_pcie_mi_dsc_cpld_if.svh:3]
INFO: [Synth 8-6155] done synthesizing module 'dma_pcie_mi_dsc_cpld_if' (0#1) [c:/FPGA/V41_NVP_R1G_VHDL_COMPATIBILITY_BUILD/vivado_project/v41_r1g_vhdl_compatibility.gen/sources_1/ip/xdma_v41_m1/hdl/verilog/dma_pcie_mi_dsc_cpld_if.svh:3]
INFO: [Synth 8-6157] synthesizing module 'dma_pcie_dsc_in_if' [c:/FPGA/V41_NVP_R1G_VHDL_COMPATIBILITY_BUILD/vivado_project/v41_r1g_vhdl_compatibility.gen/sources_1/ip/xdma_v41_m1/hdl/verilog/dma_pcie_dsc_in_if.svh:5]
INFO: [Synth 8-6155] done synthesizing module 'dma_pcie_dsc_in_if' (0#1) [c:/FPGA/V41_NVP_R1G_VHDL_COMPATIBILITY_BUILD/vivado_project/v41_r1g_vhdl_compatibility.gen/sources_1/ip/xdma_v41_m1/hdl/verilog/dma_pcie_dsc_in_if.svh:5]
INFO: [Synth 8-6157] synthesizing module 'dma_pcie_dsc_out_if' [c:/FPGA/V41_NVP_R1G_VHDL_COMPATIBILITY_BUILD/vivado_project/v41_r1g_vhdl_compatibility.gen/sources_1/ip/xdma_v41_m1/hdl/verilog/dma_pcie_dsc_out_if.svh:5]
INFO: [Synth 8-6155] done synthesizing module 'dma_pcie_dsc_out_if' (0#1) [c:/FPGA/V41_NVP_R1G_VHDL_COMPATIBILITY_BUILD/vivado_project/v41_r1g_vhdl_compatibility.gen/sources_1/ip/xdma_v41_m1/hdl/verilog/dma_pcie_dsc_out_if.svh:5]
INFO: [Synth 8-6157] synthesizing module 'dma_pcie_mi_64Bx256_32Bwe_ram_if' [c:/FPGA/V41_NVP_R1G_VHDL_COMPATIBILITY_BUILD/vivado_project/v41_r1g_vhdl_compatibility.gen/sources_1/ip/xdma_v41_m1/hdl/verilog/dma_pcie_mi_64Bx256_32Bwe_ram_if.svh:3]
INFO: [Synth 8-6155] done synthesizing module 'dma_pcie_mi_64Bx256_32Bwe_ram_if' (0#1) [c:/FPGA/V41_NVP_R1G_VHDL_COMPATIBILITY_BUILD/vivado_project/v41_r1g_vhdl_compatibility.gen/sources_1/ip/xdma_v41_m1/hdl/verilog/dma_pcie_mi_64Bx256_32Bwe_ram_if.svh:3]
INFO: [Synth 8-6157] synthesizing module 'dma_pcie_mi_64Bx256_32Bwe_ram_if' [c:/FPGA/V41_NVP_R1G_VHDL_COMPATIBILITY_BUILD/vivado_project/v41_r1g_vhdl_compatibility.gen/sources_1/ip/xdma_v41_m1/hdl/verilog/dma_pcie_mi_64Bx256_32Bwe_ram_if.svh:3]
INFO: [Synth 8-6155] done synthesizing module 'dma_pcie_mi_64Bx256_32Bwe_ram_if' (0#1) [c:/FPGA/V41_NVP_R1G_VHDL_COMPATIBILITY_BUILD/vivado_project/v41_r1g_vhdl_compatibility.gen/sources_1/ip/xdma_v41_m1/hdl/verilog/dma_pcie_mi_64Bx256_32Bwe_ram_if.svh:3]
INFO: [Synth 8-6157] synthesizing module 'dma_pcie_mi_64Bx256_32Bwe_ram_if' [c:/FPGA/V41_NVP_R1G_VHDL_COMPATIBILITY_BUILD/vivado_project/v41_r1g_vhdl_compatibility.gen/sources_1/ip/xdma_v41_m1/hdl/verilog/dma_pcie_mi_64Bx256_32Bwe_ram_if.svh:3]
INFO: [Synth 8-6155] done synthesizing module 'dma_pcie_mi_64Bx256_32Bwe_ram_if' (0#1) [c:/FPGA/V41_NVP_R1G_VHDL_COMPATIBILITY_BUILD/vivado_project/v41_r1g_vhdl_compatibility.gen/sources_1/ip/xdma_v41_m1/hdl/verilog/dma_pcie_mi_64Bx256_32Bwe_ram_if.svh:3]
INFO: [Synth 8-6157] synthesizing module 'dma_pcie_mi_64Bx256_32Bwe_ram_if' [c:/FPGA/V41_NVP_R1G_VHDL_COMPATIBILITY_BUILD/vivado_project/v41_r1g_vhdl_compatibility.gen/sources_1/ip/xdma_v41_m1/hdl/verilog/dma_pcie_mi_64Bx256_32Bwe_ram_if.svh:3]
INFO: [Synth 8-6155] done synthesizing module 'dma_pcie_mi_64Bx256_32Bwe_ram_if' (0#1) [c:/FPGA/V41_NVP_R1G_VHDL_COMPATIBILITY_BUILD/vivado_project/v41_r1g_vhdl_compatibility.gen/sources_1/ip/xdma_v41_m1/hdl/verilog/dma_pcie_mi_64Bx256_32Bwe_ram_if.svh:3]
INFO: [Synth 8-6157] synthesizing module 'dma_pcie_mi_64Bx256_32Bwe_ram_if' [c:/FPGA/V41_NVP_R1G_VHDL_COMPATIBILITY_BUILD/vivado_project/v41_r1g_vhdl_compatibility.gen/sources_1/ip/xdma_v41_m1/hdl/verilog/dma_pcie_mi_64Bx256_32Bwe_ram_if.svh:3]
INFO: [Synth 8-6155] done synthesizing module 'dma_pcie_mi_64Bx256_32Bwe_ram_if' (0#1) [c:/FPGA/V41_NVP_R1G_VHDL_COMPATIBILITY_BUILD/vivado_project/v41_r1g_vhdl_compatibility.gen/sources_1/ip/xdma_v41_m1/hdl/verilog/dma_pcie_mi_64Bx256_32Bwe_ram_if.svh:3]
INFO: [Synth 8-6157] synthesizing module 'dma_pcie_mi_64Bx256_32Bwe_ram_if' [c:/FPGA/V41_NVP_R1G_VHDL_COMPATIBILITY_BUILD/vivado_project/v41_r1g_vhdl_compatibility.gen/sources_1/ip/xdma_v41_m1/hdl/verilog/dma_pcie_mi_64Bx256_32Bwe_ram_if.svh:3]
INFO: [Synth 8-6155] done synthesizing module 'dma_pcie_mi_64Bx256_32Bwe_ram_if' (0#1) [c:/FPGA/V41_NVP_R1G_VHDL_COMPATIBILITY_BUILD/vivado_project/v41_r1g_vhdl_compatibility.gen/sources_1/ip/xdma_v41_m1/hdl/verilog/dma_pcie_mi_64Bx256_32Bwe_ram_if.svh:3]
INFO: [Synth 8-6157] synthesizing module 'dma_pcie_mi_64Bx256_32Bwe_ram_if' [c:/FPGA/V41_NVP_R1G_VHDL_COMPATIBILITY_BUILD/vivado_project/v41_r1g_vhdl_compatibility.gen/sources_1/ip/xdma_v41_m1/hdl/verilog/dma_pcie_mi_64Bx256_32Bwe_ram_if.svh:3]
INFO: [Synth 8-6155] done synthesizing module 'dma_pcie_mi_64Bx256_32Bwe_ram_if' (0#1) [c:/FPGA/V41_NVP_R1G_VHDL_COMPATIBILITY_BUILD/vivado_project/v41_r1g_vhdl_compatibility.gen/sources_1/ip/xdma_v41_m1/hdl/verilog/dma_pcie_mi_64Bx256_32Bwe_ram_if.svh:3]
INFO: [Synth 8-6157] synthesizing module 'dma_pcie_mi_64Bx256_32Bwe_ram_if' [c:/FPGA/V41_NVP_R1G_VHDL_COMPATIBILITY_BUILD/vivado_project/v41_r1g_vhdl_compatibility.gen/sources_1/ip/xdma_v41_m1/hdl/verilog/dma_pcie_mi_64Bx256_32Bwe_ram_if.svh:3]
INFO: [Synth 8-6155] done synthesizing module 'dma_pcie_mi_64Bx256_32Bwe_ram_if' (0#1) [c:/FPGA/V41_NVP_R1G_VHDL_COMPATIBILITY_BUILD/vivado_project/v41_r1g_vhdl_compatibility.gen/sources_1/ip/xdma_v41_m1/hdl/verilog/dma_pcie_mi_64Bx256_32Bwe_ram_if.svh:3]
INFO: [Synth 8-6157] synthesizing module 'dma_pcie_mi_64Bx512_32Bwe_ram_if' [c:/FPGA/V41_NVP_R1G_VHDL_COMPATIBILITY_BUILD/vivado_project/v41_r1g_vhdl_compatibility.gen/sources_1/ip/xdma_v41_m1/hdl/verilog/dma_pcie_mi_64Bx512_32Bwe_ram_if.svh:3]
INFO: [Synth 8-6155] done synthesizing module 'dma_pcie_mi_64Bx512_32Bwe_ram_if' (0#1) [c:/FPGA/V41_NVP_R1G_VHDL_COMPATIBILITY_BUILD/vivado_project/v41_r1g_vhdl_compatibility.gen/sources_1/ip/xdma_v41_m1/hdl/verilog/dma_pcie_mi_64Bx512_32Bwe_ram_if.svh:3]
INFO: [Synth 8-6157] synthesizing module 'dma_pcie_mi_64Bx2048_32Bwe_ram_if' [c:/FPGA/V41_NVP_R1G_VHDL_COMPATIBILITY_BUILD/vivado_project/v41_r1g_vhdl_compatibility.gen/sources_1/ip/xdma_v41_m1/hdl/verilog/dma_pcie_mi_64Bx2048_32Bwe_ram_if.svh:3]
INFO: [Synth 8-6155] done synthesizing module 'dma_pcie_mi_64Bx2048_32Bwe_ram_if' (0#1) [c:/FPGA/V41_NVP_R1G_VHDL_COMPATIBILITY_BUILD/vivado_project/v41_r1g_vhdl_compatibility.gen/sources_1/ip/xdma_v41_m1/hdl/verilog/dma_pcie_mi_64Bx2048_32Bwe_ram_if.svh:3]
INFO: [Synth 8-6157] synthesizing module 'dma_pcie_mi_64Bx1024_32Bwe_ram_if' [c:/FPGA/V41_NVP_R1G_VHDL_COMPATIBILITY_BUILD/vivado_project/v41_r1g_vhdl_compatibility.gen/sources_1/ip/xdma_v41_m1/hdl/verilog/dma_pcie_mi_64Bx1024_32Bwe_ram_if.svh:3]
INFO: [Synth 8-6155] done synthesizing module 'dma_pcie_mi_64Bx1024_32Bwe_ram_if' (0#1) [c:/FPGA/V41_NVP_R1G_VHDL_COMPATIBILITY_BUILD/vivado_project/v41_r1g_vhdl_compatibility.gen/sources_1/ip/xdma_v41_m1/hdl/verilog/dma_pcie_mi_64Bx1024_32Bwe_ram_if.svh:3]
INFO: [Synth 8-6157] synthesizing module 'dma_pcie_mi_64Bx256_32Bwe_ram_if' [c:/FPGA/V41_NVP_R1G_VHDL_COMPATIBILITY_BUILD/vivado_project/v41_r1g_vhdl_compatibility.gen/sources_1/ip/xdma_v41_m1/hdl/verilog/dma_pcie_mi_64Bx256_32Bwe_ram_if.svh:3]
INFO: [Synth 8-6155] done synthesizing module 'dma_pcie_mi_64Bx256_32Bwe_ram_if' (0#1) [c:/FPGA/V41_NVP_R1G_VHDL_COMPATIBILITY_BUILD/vivado_project/v41_r1g_vhdl_compatibility.gen/sources_1/ip/xdma_v41_m1/hdl/verilog/dma_pcie_mi_64Bx256_32Bwe_ram_if.svh:3]
INFO: [Synth 8-6157] synthesizing module 'dma_pcie_mi_dsc_cpld_if' [c:/FPGA/V41_NVP_R1G_VHDL_COMPATIBILITY_BUILD/vivado_project/v41_r1g_vhdl_compatibility.gen/sources_1/ip/xdma_v41_m1/hdl/verilog/dma_pcie_mi_dsc_cpld_if.svh:3]
INFO: [Synth 8-6155] done synthesizing module 'dma_pcie_mi_dsc_cpld_if' (0#1) [c:/FPGA/V41_NVP_R1G_VHDL_COMPATIBILITY_BUILD/vivado_project/v41_r1g_vhdl_compatibility.gen/sources_1/ip/xdma_v41_m1/hdl/verilog/dma_pcie_mi_dsc_cpld_if.svh:3]
INFO: [Synth 8-6157] synthesizing module 'dma_pcie_mi_dsc_cpld_if' [c:/FPGA/V41_NVP_R1G_VHDL_COMPATIBILITY_BUILD/vivado_project/v41_r1g_vhdl_compatibility.gen/sources_1/ip/xdma_v41_m1/hdl/verilog/dma_pcie_mi_dsc_cpld_if.svh:3]
INFO: [Synth 8-6155] done synthesizing module 'dma_pcie_mi_dsc_cpld_if' (0#1) [c:/FPGA/V41_NVP_R1G_VHDL_COMPATIBILITY_BUILD/vivado_project/v41_r1g_vhdl_compatibility.gen/sources_1/ip/xdma_v41_m1/hdl/verilog/dma_pcie_mi_dsc_cpld_if.svh:3]
INFO: [Synth 8-6157] synthesizing module 'xdma_v4_2_2_GenericFIFO' [c:/FPGA/V41_NVP_R1G_VHDL_COMPATIBILITY_BUILD/vivado_project/v41_r1g_vhdl_compatibility.gen/sources_1/ip/xdma_v41_m1/hdl/verilog/axidma_fifo.vh:279]
INFO: [Synth 8-6155] done synthesizing module 'xdma_v4_2_2_GenericFIFO' (0#1) [c:/FPGA/V41_NVP_R1G_VHDL_COMPATIBILITY_BUILD/vivado_project/v41_r1g_vhdl_compatibility.gen/sources_1/ip/xdma_v41_m1/hdl/verilog/axidma_fifo.vh:279]
INFO: [Synth 8-6157] synthesizing module 'xdma_v4_2_2_GenericFIFO__parameterized0' [c:/FPGA/V41_NVP_R1G_VHDL_COMPATIBILITY_BUILD/vivado_project/v41_r1g_vhdl_compatibility.gen/sources_1/ip/xdma_v41_m1/hdl/verilog/axidma_fifo.vh:279]
INFO: [Synth 8-6155] done synthesizing module 'xdma_v4_2_2_GenericFIFO__parameterized0' (0#1) [c:/FPGA/V41_NVP_R1G_VHDL_COMPATIBILITY_BUILD/vivado_project/v41_r1g_vhdl_compatibility.gen/sources_1/ip/xdma_v41_m1/hdl/verilog/axidma_fifo.vh:279]
INFO: [Synth 8-6157] synthesizing module 'xdma_v4_2_2_GenericFIFOAsync' [c:/FPGA/V41_NVP_R1G_VHDL_COMPATIBILITY_BUILD/vivado_project/v41_r1g_vhdl_compatibility.gen/sources_1/ip/xdma_v41_m1/hdl/verilog/axidma_fifo.vh:571]
INFO: [Synth 8-6155] done synthesizing module 'xdma_v4_2_2_GenericFIFOAsync' (0#1) [c:/FPGA/V41_NVP_R1G_VHDL_COMPATIBILITY_BUILD/vivado_project/v41_r1g_vhdl_compatibility.gen/sources_1/ip/xdma_v41_m1/hdl/verilog/axidma_fifo.vh:571]
INFO: [Synth 8-6157] synthesizing module 'xdma_v4_2_2_GenericFIFOHead' [c:/FPGA/V41_NVP_R1G_VHDL_COMPATIBILITY_BUILD/vivado_project/v41_r1g_vhdl_compatibility.gen/sources_1/ip/xdma_v41_m1/hdl/verilog/axidma_fifo.vh:739]
INFO: [Synth 8-6155] done synthesizing module 'xdma_v4_2_2_GenericFIFOHead' (0#1) [c:/FPGA/V41_NVP_R1G_VHDL_COMPATIBILITY_BUILD/vivado_project/v41_r1g_vhdl_compatibility.gen/sources_1/ip/xdma_v41_m1/hdl/verilog/axidma_fifo.vh:739]
INFO: [Synth 8-6157] synthesizing module 'xdma_v4_2_2_GenericFIFO__parameterized1' [c:/FPGA/V41_NVP_R1G_VHDL_COMPATIBILITY_BUILD/vivado_project/v41_r1g_vhdl_compatibility.gen/sources_1/ip/xdma_v41_m1/hdl/verilog/axidma_fifo.vh:279]
INFO: [Synth 8-6155] done synthesizing module 'xdma_v4_2_2_GenericFIFO__parameterized1' (0#1) [c:/FPGA/V41_NVP_R1G_VHDL_COMPATIBILITY_BUILD/vivado_project/v41_r1g_vhdl_compatibility.gen/sources_1/ip/xdma_v41_m1/hdl/verilog/axidma_fifo.vh:279]
INFO: [Synth 8-6157] synthesizing module 'xdma_v4_2_2_GenericFIFOHead__parameterized0' [c:/FPGA/V41_NVP_R1G_VHDL_COMPATIBILITY_BUILD/vivado_project/v41_r1g_vhdl_compatibility.gen/sources_1/ip/xdma_v41_m1/hdl/verilog/axidma_fifo.vh:739]
INFO: [Synth 8-6155] done synthesizing module 'xdma_v4_2_2_GenericFIFOHead__parameterized0' (0#1) [c:/FPGA/V41_NVP_R1G_VHDL_COMPATIBILITY_BUILD/vivado_project/v41_r1g_vhdl_compatibility.gen/sources_1/ip/xdma_v41_m1/hdl/verilog/axidma_fifo.vh:739]
INFO: [Synth 8-6157] synthesizing module 'xdma_v4_2_2_GenericFIFOHead__parameterized1' [c:/FPGA/V41_NVP_R1G_VHDL_COMPATIBILITY_BUILD/vivado_project/v41_r1g_vhdl_compatibility.gen/sources_1/ip/xdma_v41_m1/hdl/verilog/axidma_fifo.vh:739]
INFO: [Synth 8-6155] done synthesizing module 'xdma_v4_2_2_GenericFIFOHead__parameterized1' (0#1) [c:/FPGA/V41_NVP_R1G_VHDL_COMPATIBILITY_BUILD/vivado_project/v41_r1g_vhdl_compatibility.gen/sources_1/ip/xdma_v41_m1/hdl/verilog/axidma_fifo.vh:739]
INFO: [Synth 8-6157] synthesizing module 'xdma_v4_2_2_GenericFIFOHead__parameterized2' [c:/FPGA/V41_NVP_R1G_VHDL_COMPATIBILITY_BUILD/vivado_project/v41_r1g_vhdl_compatibility.gen/sources_1/ip/xdma_v41_m1/hdl/verilog/axidma_fifo.vh:739]
INFO: [Synth 8-6155] done synthesizing module 'xdma_v4_2_2_GenericFIFOHead__parameterized2' (0#1) [c:/FPGA/V41_NVP_R1G_VHDL_COMPATIBILITY_BUILD/vivado_project/v41_r1g_vhdl_compatibility.gen/sources_1/ip/xdma_v41_m1/hdl/verilog/axidma_fifo.vh:739]
INFO: [Synth 8-6157] synthesizing module 'xdma_v4_2_2_GenericFIFO__parameterized2' [c:/FPGA/V41_NVP_R1G_VHDL_COMPATIBILITY_BUILD/vivado_project/v41_r1g_vhdl_compatibility.gen/sources_1/ip/xdma_v41_m1/hdl/verilog/axidma_fifo.vh:279]
INFO: [Synth 8-6155] done synthesizing module 'xdma_v4_2_2_GenericFIFO__parameterized2' (0#1) [c:/FPGA/V41_NVP_R1G_VHDL_COMPATIBILITY_BUILD/vivado_project/v41_r1g_vhdl_compatibility.gen/sources_1/ip/xdma_v41_m1/hdl/verilog/axidma_fifo.vh:279]
INFO: [Synth 8-6157] synthesizing module 'xdma_v4_2_2_GenericFIFOAsync__parameterized0' [c:/FPGA/V41_NVP_R1G_VHDL_COMPATIBILITY_BUILD/vivado_project/v41_r1g_vhdl_compatibility.gen/sources_1/ip/xdma_v41_m1/hdl/verilog/axidma_fifo.vh:571]
INFO: [Synth 8-6155] done synthesizing module 'xdma_v4_2_2_GenericFIFOAsync__parameterized0' (0#1) [c:/FPGA/V41_NVP_R1G_VHDL_COMPATIBILITY_BUILD/vivado_project/v41_r1g_vhdl_compatibility.gen/sources_1/ip/xdma_v41_m1/hdl/verilog/axidma_fifo.vh:571]
INFO: [Synth 8-6157] synthesizing module 'xdma_v4_2_2_GenericFIFOAsync__parameterized1' [c:/FPGA/V41_NVP_R1G_VHDL_COMPATIBILITY_BUILD/vivado_project/v41_r1g_vhdl_compatibility.gen/sources_1/ip/xdma_v41_m1/hdl/verilog/axidma_fifo.vh:571]
INFO: [Synth 8-6155] done synthesizing module 'xdma_v4_2_2_GenericFIFOAsync__parameterized1' (0#1) [c:/FPGA/V41_NVP_R1G_VHDL_COMPATIBILITY_BUILD/vivado_project/v41_r1g_vhdl_compatibility.gen/sources_1/ip/xdma_v41_m1/hdl/verilog/axidma_fifo.vh:571]
INFO: [Synth 8-6157] synthesizing module 'xdma_v4_2_2_GenericFIFO__parameterized3' [c:/FPGA/V41_NVP_R1G_VHDL_COMPATIBILITY_BUILD/vivado_project/v41_r1g_vhdl_compatibility.gen/sources_1/ip/xdma_v41_m1/hdl/verilog/axidma_fifo.vh:279]
INFO: [Synth 8-6155] done synthesizing module 'xdma_v4_2_2_GenericFIFO__parameterized3' (0#1) [c:/FPGA/V41_NVP_R1G_VHDL_COMPATIBILITY_BUILD/vivado_project/v41_r1g_vhdl_compatibility.gen/sources_1/ip/xdma_v41_m1/hdl/verilog/axidma_fifo.vh:279]
INFO: [Synth 8-6157] synthesizing module 'xdma_v4_2_2_GenericFIFO__parameterized4' [c:/FPGA/V41_NVP_R1G_VHDL_COMPATIBILITY_BUILD/vivado_project/v41_r1g_vhdl_compatibility.gen/sources_1/ip/xdma_v41_m1/hdl/verilog/axidma_fifo.vh:279]
INFO: [Synth 8-6155] done synthesizing module 'xdma_v4_2_2_GenericFIFO__parameterized4' (0#1) [c:/FPGA/V41_NVP_R1G_VHDL_COMPATIBILITY_BUILD/vivado_project/v41_r1g_vhdl_compatibility.gen/sources_1/ip/xdma_v41_m1/hdl/verilog/axidma_fifo.vh:279]
INFO: [Synth 8-6157] synthesizing module 'xdma_v4_2_2_GenericFIFOHead2' [c:/FPGA/V41_NVP_R1G_VHDL_COMPATIBILITY_BUILD/vivado_project/v41_r1g_vhdl_compatibility.gen/sources_1/ip/xdma_v41_m1/hdl/verilog/axidma_fifo.vh:927]
INFO: [Synth 8-6155] done synthesizing module 'xdma_v4_2_2_GenericFIFOHead2' (0#1) [c:/FPGA/V41_NVP_R1G_VHDL_COMPATIBILITY_BUILD/vivado_project/v41_r1g_vhdl_compatibility.gen/sources_1/ip/xdma_v41_m1/hdl/verilog/axidma_fifo.vh:927]
INFO: [Synth 8-6157] synthesizing module 'xdma_v4_2_2_GenericFIFO__parameterized5' [c:/FPGA/V41_NVP_R1G_VHDL_COMPATIBILITY_BUILD/vivado_project/v41_r1g_vhdl_compatibility.gen/sources_1/ip/xdma_v41_m1/hdl/verilog/axidma_fifo.vh:279]
INFO: [Synth 8-6155] done synthesizing module 'xdma_v4_2_2_GenericFIFO__parameterized5' (0#1) [c:/FPGA/V41_NVP_R1G_VHDL_COMPATIBILITY_BUILD/vivado_project/v41_r1g_vhdl_compatibility.gen/sources_1/ip/xdma_v41_m1/hdl/verilog/axidma_fifo.vh:279]
INFO: [Synth 8-6157] synthesizing module 'xdma_v4_2_2_GenericFIFO__parameterized6' [c:/FPGA/V41_NVP_R1G_VHDL_COMPATIBILITY_BUILD/vivado_project/v41_r1g_vhdl_compatibility.gen/sources_1/ip/xdma_v41_m1/hdl/verilog/axidma_fifo.vh:279]
INFO: [Synth 8-6155] done synthesizing module 'xdma_v4_2_2_GenericFIFO__parameterized6' (0#1) [c:/FPGA/V41_NVP_R1G_VHDL_COMPATIBILITY_BUILD/vivado_project/v41_r1g_vhdl_compatibility.gen/sources_1/ip/xdma_v41_m1/hdl/verilog/axidma_fifo.vh:279]
INFO: [Synth 8-6157] synthesizing module 'xpm_cdc_single' [C:/AMDDesignTools/2025.2/Vivado/data/ip/xpm/xpm_cdc/hdl/xpm_cdc.sv:152]
INFO: [Synth 8-6155] done synthesizing module 'xpm_cdc_single' (0#1) [C:/AMDDesignTools/2025.2/Vivado/data/ip/xpm/xpm_cdc/hdl/xpm_cdc.sv:152]
INFO: [Synth 8-6157] synthesizing module 'xpm_memory_sdpram__parameterized0' [C:/AMDDesignTools/2025.2/Vivado/data/ip/xpm/xpm_memory/hdl/xpm_memory.sv:8996]
INFO: [Synth 8-6157] synthesizing module 'xpm_memory_base__parameterized0' [C:/AMDDesignTools/2025.2/Vivado/data/ip/xpm/xpm_memory/hdl/xpm_memory.sv:54]
INFO: [Synth 8-6059] Synth Info: [XPM_MEMORY 20-2] MEMORY_INIT_FILE (none), MEMORY_INIT_PARAM together specify no memory initialization. Initial memory contents will be all 0's.   [C:/AMDDesignTools/2025.2/Vivado/data/ip/xpm/xpm_memory/hdl/xpm_memory.sv:524]
INFO: [Synth 8-6155] done synthesizing module 'xpm_memory_base__parameterized0' (0#1) [C:/AMDDesignTools/2025.2/Vivado/data/ip/xpm/xpm_memory/hdl/xpm_memory.sv:54]
INFO: [Synth 8-6155] done synthesizing module 'xpm_memory_sdpram__parameterized0' (0#1) [C:/AMDDesignTools/2025.2/Vivado/data/ip/xpm/xpm_memory/hdl/xpm_memory.sv:8996]
INFO: [Synth 8-6157] synthesizing module 'xpm_memory_sdpram__parameterized1' [C:/AMDDesignTools/2025.2/Vivado/data/ip/xpm/xpm_memory/hdl/xpm_memory.sv:8996]
INFO: [Synth 8-6157] synthesizing module 'xpm_memory_base__parameterized1' [C:/AMDDesignTools/2025.2/Vivado/data/ip/xpm/xpm_memory/hdl/xpm_memory.sv:54]
INFO: [Synth 8-6059] Synth Info: [XPM_MEMORY 20-2] MEMORY_INIT_FILE (none), MEMORY_INIT_PARAM together specify no memory initialization. Initial memory contents will be all 0's.   [C:/AMDDesignTools/2025.2/Vivado/data/ip/xpm/xpm_memory/hdl/xpm_memory.sv:524]
INFO: [Synth 8-6155] done synthesizing module 'xpm_memory_base__parameterized1' (0#1) [C:/AMDDesignTools/2025.2/Vivado/data/ip/xpm/xpm_memory/hdl/xpm_memory.sv:54]
INFO: [Synth 8-6155] done synthesizing module 'xpm_memory_sdpram__parameterized1' (0#1) [C:/AMDDesignTools/2025.2/Vivado/data/ip/xpm/xpm_memory/hdl/xpm_memory.sv:8996]
INFO: [Synth 8-6157] synthesizing module 'xdma_v41_m1_pcie2_to_pcie3_wrapper' [c:/FPGA/V41_NVP_R1G_VHDL_COMPATIBILITY_BUILD/vivado_project/v41_r1g_vhdl_compatibility.gen/sources_1/ip/xdma_v41_m1/xdma_v4_2/hdl/verilog/xdma_v41_m1_pcie2_to_pcie3_wrapper.sv:58]
INFO: [Synth 8-6157] synthesizing module 'xdma_v41_m1_axi_stream_intf' [c:/FPGA/V41_NVP_R1G_VHDL_COMPATIBILITY_BUILD/vivado_project/v41_r1g_vhdl_compatibility.gen/sources_1/ip/xdma_v41_m1/xdma_v4_2/hdl/verilog/xdma_v41_m1_axi_stream_intf.sv:58]
INFO: [Synth 8-6157] synthesizing module 'xdma_v41_m1_rx_demux' [c:/FPGA/V41_NVP_R1G_VHDL_COMPATIBILITY_BUILD/vivado_project/v41_r1g_vhdl_compatibility.gen/sources_1/ip/xdma_v41_m1/xdma_v4_2/hdl/verilog/xdma_v41_m1_rx_demux.sv:78]
INFO: [Synth 8-638] synthesizing module 'pcie2_fifo_generator_dma_cpl' [c:/FPGA/V41_NVP_R1G_VHDL_COMPATIBILITY_BUILD/vivado_project/v41_r1g_vhdl_compatibility.gen/sources_1/ip/xdma_v41_m1/ip_3/synth/pcie2_fifo_generator_dma_cpl.vhd:81]
	Parameter C_COMMON_CLOCK bound to: 1 - type: integer 
	Parameter C_SELECT_XPM bound to: 0 - type: integer 
	Parameter C_COUNT_TYPE bound to: 0 - type: integer 
	Parameter C_DATA_COUNT_WIDTH bound to: 10 - type: integer 
	Parameter C_DEFAULT_VALUE bound to: BlankString - type: string 
	Parameter C_DIN_WIDTH bound to: 18 - type: integer 
	Parameter C_DOUT_RST_VAL bound to: 0 - type: string 
	Parameter C_DOUT_WIDTH bound to: 18 - type: integer 
	Parameter C_ENABLE_RLOCS bound to: 0 - type: integer 
	Parameter C_FAMILY bound to: artix7 - type: string 
	Parameter C_FULL_FLAGS_RST_VAL bound to: 1 - type: integer 
	Parameter C_HAS_ALMOST_EMPTY bound to: 0 - type: integer 
	Parameter C_HAS_ALMOST_FULL bound to: 0 - type: integer 
	Parameter C_HAS_BACKUP bound to: 0 - type: integer 
	Parameter C_HAS_DATA_COUNT bound to: 0 - type: integer 
	Parameter C_HAS_INT_CLK bound to: 0 - type: integer 
	Parameter C_HAS_MEMINIT_FILE bound to: 0 - type: integer 
	Parameter C_HAS_OVERFLOW bound to: 0 - type: integer 
	Parameter C_HAS_RD_DATA_COUNT bound to: 0 - type: integer 
	Parameter C_HAS_RD_RST bound to: 0 - type: integer 
	Parameter C_HAS_RST bound to: 1 - type: integer 
	Parameter C_HAS_SRST bound to: 0 - type: integer 
	Parameter C_HAS_UNDERFLOW bound to: 0 - type: integer 
	Parameter C_HAS_VALID bound to: 0 - type: integer 
	Parameter C_HAS_WR_ACK bound to: 0 - type: integer 
	Parameter C_HAS_WR_DATA_COUNT bound to: 0 - type: integer 
	Parameter C_HAS_WR_RST bound to: 0 - type: integer 
	Parameter C_IMPLEMENTATION_TYPE bound to: 0 - type: integer 
	Parameter C_INIT_WR_PNTR_VAL bound to: 0 - type: integer 
	Parameter C_MEMORY_TYPE bound to: 1 - type: integer 
	Parameter C_MIF_FILE_NAME bound to: BlankString - type: string 
	Parameter C_OPTIMIZATION_MODE bound to: 0 - type: integer 
	Parameter C_OVERFLOW_LOW bound to: 0 - type: integer 
	Parameter C_PRELOAD_LATENCY bound to: 1 - type: integer 
	Parameter C_PRELOAD_REGS bound to: 0 - type: integer 
	Parameter C_PRIM_FIFO_TYPE bound to: 4kx4 - type: string 
	Parameter C_PROG_EMPTY_THRESH_ASSERT_VAL bound to: 2 - type: integer 
	Parameter C_PROG_EMPTY_THRESH_NEGATE_VAL bound to: 3 - type: integer 
	Parameter C_PROG_EMPTY_TYPE bound to: 0 - type: integer 
	Parameter C_PROG_FULL_THRESH_ASSERT_VAL bound to: 1022 - type: integer 
	Parameter C_PROG_FULL_THRESH_NEGATE_VAL bound to: 1021 - type: integer 
	Parameter C_PROG_FULL_TYPE bound to: 0 - type: integer 
	Parameter C_RD_DATA_COUNT_WIDTH bound to: 10 - type: integer 
	Parameter C_RD_DEPTH bound to: 1024 - type: integer 
	Parameter C_RD_FREQ bound to: 1 - type: integer 
	Parameter C_RD_PNTR_WIDTH bound to: 10 - type: integer 
	Parameter C_UNDERFLOW_LOW bound to: 0 - type: integer 
	Parameter C_USE_DOUT_RST bound to: 1 - type: integer 
	Parameter C_USE_ECC bound to: 0 - type: integer 
	Parameter C_USE_EMBEDDED_REG bound to: 0 - type: integer 
	Parameter C_USE_PIPELINE_REG bound to: 0 - type: integer 
	Parameter C_POWER_SAVING_MODE bound to: 0 - type: integer 
	Parameter C_USE_FIFO16_FLAGS bound to: 0 - type: integer 
	Parameter C_USE_FWFT_DATA_COUNT bound to: 0 - type: integer 
	Parameter C_VALID_LOW bound to: 0 - type: integer 
	Parameter C_WR_ACK_LOW bound to: 0 - type: integer 
	Parameter C_WR_DATA_COUNT_WIDTH bound to: 10 - type: integer 
	Parameter C_WR_DEPTH bound to: 1024 - type: integer 
	Parameter C_WR_FREQ bound to: 1 - type: integer 
	Parameter C_WR_PNTR_WIDTH bound to: 10 - type: integer 
	Parameter C_WR_RESPONSE_LATENCY bound to: 1 - type: integer 
	Parameter C_MSGON_VAL bound to: 1 - type: integer 
	Parameter C_ENABLE_RST_SYNC bound to: 1 - type: integer 
	Parameter C_EN_SAFETY_CKT bound to: 1 - type: integer 
	Parameter C_ERROR_INJECTION_TYPE bound to: 0 - type: integer 
	Parameter C_SYNCHRONIZER_STAGE bound to: 2 - type: integer 
	Parameter C_INTERFACE_TYPE bound to: 1 - type: integer 
	Parameter C_AXI_TYPE bound to: 1 - type: integer 
	Parameter C_HAS_AXI_WR_CHANNEL bound to: 1 - type: integer 
	Parameter C_HAS_AXI_RD_CHANNEL bound to: 1 - type: integer 
	Parameter C_HAS_SLAVE_CE bound to: 0 - type: integer 
	Parameter C_HAS_MASTER_CE bound to: 0 - type: integer 
	Parameter C_ADD_NGC_CONSTRAINT bound to: 0 - type: integer 
	Parameter C_USE_COMMON_OVERFLOW bound to: 0 - type: integer 
	Parameter C_USE_COMMON_UNDERFLOW bound to: 0 - type: integer 
	Parameter C_USE_DEFAULT_SETTINGS bound to: 0 - type: integer 
	Parameter C_AXI_ID_WIDTH bound to: 1 - type: integer 
	Parameter C_AXI_ADDR_WIDTH bound to: 32 - type: integer 
	Parameter C_AXI_DATA_WIDTH bound to: 64 - type: integer 
	Parameter C_AXI_LEN_WIDTH bound to: 8 - type: integer 
	Parameter C_AXI_LOCK_WIDTH bound to: 1 - type: integer 
	Parameter C_HAS_AXI_ID bound to: 0 - type: integer 
	Parameter C_HAS_AXI_AWUSER bound to: 0 - type: integer 
	Parameter C_HAS_AXI_WUSER bound to: 0 - type: integer 
	Parameter C_HAS_AXI_BUSER bound to: 0 - type: integer 
	Parameter C_HAS_AXI_ARUSER bound to: 0 - type: integer 
	Parameter C_HAS_AXI_RUSER bound to: 0 - type: integer 
	Parameter C_AXI_ARUSER_WIDTH bound to: 1 - type: integer 
	Parameter C_AXI_AWUSER_WIDTH bound to: 1 - type: integer 
	Parameter C_AXI_WUSER_WIDTH bound to: 1 - type: integer 
	Parameter C_AXI_BUSER_WIDTH bound to: 1 - type: integer 
	Parameter C_AXI_RUSER_WIDTH bound to: 1 - type: integer 
	Parameter C_HAS_AXIS_TDATA bound to: 1 - type: integer 
	Parameter C_HAS_AXIS_TID bound to: 0 - type: integer 
	Parameter C_HAS_AXIS_TDEST bound to: 0 - type: integer 
	Parameter C_HAS_AXIS_TUSER bound to: 1 - type: integer 
	Parameter C_HAS_AXIS_TREADY bound to: 1 - type: integer 
	Parameter C_HAS_AXIS_TLAST bound to: 1 - type: integer 
	Parameter C_HAS_AXIS_TSTRB bound to: 0 - type: integer 
	Parameter C_HAS_AXIS_TKEEP bound to: 1 - type: integer 
	Parameter C_AXIS_TDATA_WIDTH bound to: 64 - type: integer 
	Parameter C_AXIS_TID_WIDTH bound to: 1 - type: integer 
	Parameter C_AXIS_TDEST_WIDTH bound to: 1 - type: integer 
	Parameter C_AXIS_TUSER_WIDTH bound to: 22 - type: integer 
	Parameter C_AXIS_TSTRB_WIDTH bound to: 8 - type: integer 
	Parameter C_AXIS_TKEEP_WIDTH bound to: 8 - type: integer 
	Parameter C_WACH_TYPE bound to: 0 - type: integer 
	Parameter C_WDCH_TYPE bound to: 0 - type: integer 
	Parameter C_WRCH_TYPE bound to: 0 - type: integer 
	Parameter C_RACH_TYPE bound to: 0 - type: integer 
	Parameter C_RDCH_TYPE bound to: 0 - type: integer 
	Parameter C_AXIS_TYPE bound to: 0 - type: integer 
	Parameter C_IMPLEMENTATION_TYPE_WACH bound to: 2 - type: integer 
	Parameter C_IMPLEMENTATION_TYPE_WDCH bound to: 1 - type: integer 
	Parameter C_IMPLEMENTATION_TYPE_WRCH bound to: 2 - type: integer 
	Parameter C_IMPLEMENTATION_TYPE_RACH bound to: 2 - type: integer 
	Parameter C_IMPLEMENTATION_TYPE_RDCH bound to: 1 - type: integer 
	Parameter C_IMPLEMENTATION_TYPE_AXIS bound to: 1 - type: integer 
	Parameter C_APPLICATION_TYPE_WACH bound to: 0 - type: integer 
	Parameter C_APPLICATION_TYPE_WDCH bound to: 0 - type: integer 
	Parameter C_APPLICATION_TYPE_WRCH bound to: 0 - type: integer 
	Parameter C_APPLICATION_TYPE_RACH bound to: 0 - type: integer 
	Parameter C_APPLICATION_TYPE_RDCH bound to: 0 - type: integer 
	Parameter C_APPLICATION_TYPE_AXIS bound to: 0 - type: integer 
	Parameter C_PRIM_FIFO_TYPE_WACH bound to: 512x36 - type: string 
	Parameter C_PRIM_FIFO_TYPE_WDCH bound to: 1kx36 - type: string 
	Parameter C_PRIM_FIFO_TYPE_WRCH bound to: 512x36 - type: string 
	Parameter C_PRIM_FIFO_TYPE_RACH bound to: 512x36 - type: string 
	Parameter C_PRIM_FIFO_TYPE_RDCH bound to: 1kx36 - type: string 
	Parameter C_PRIM_FIFO_TYPE_AXIS bound to: 512x72 - type: string 
	Parameter C_USE_ECC_WACH bound to: 0 - type: integer 
	Parameter C_USE_ECC_WDCH bound to: 0 - type: integer 
	Parameter C_USE_ECC_WRCH bound to: 0 - type: integer 
	Parameter C_USE_ECC_RACH bound to: 0 - type: integer 
	Parameter C_USE_ECC_RDCH bound to: 0 - type: integer 
	Parameter C_USE_ECC_AXIS bound to: 0 - type: integer 
	Parameter C_ERROR_INJECTION_TYPE_WACH bound to: 0 - type: integer 
	Parameter C_ERROR_INJECTION_TYPE_WDCH bound to: 0 - type: integer 
	Parameter C_ERROR_INJECTION_TYPE_WRCH bound to: 0 - type: integer 
	Parameter C_ERROR_INJECTION_TYPE_RACH bound to: 0 - type: integer 
	Parameter C_ERROR_INJECTION_TYPE_RDCH bound to: 0 - type: integer 
	Parameter C_ERROR_INJECTION_TYPE_AXIS bound to: 0 - type: integer 
	Parameter C_DIN_WIDTH_WACH bound to: 32 - type: integer 
	Parameter C_DIN_WIDTH_WDCH bound to: 64 - type: integer 
	Parameter C_DIN_WIDTH_WRCH bound to: 2 - type: integer 
	Parameter C_DIN_WIDTH_RACH bound to: 32 - type: integer 
	Parameter C_DIN_WIDTH_RDCH bound to: 64 - type: integer 
	Parameter C_DIN_WIDTH_AXIS bound to: 95 - type: integer 
	Parameter C_WR_DEPTH_WACH bound to: 16 - type: integer 
	Parameter C_WR_DEPTH_WDCH bound to: 1024 - type: integer 
	Parameter C_WR_DEPTH_WRCH bound to: 16 - type: integer 
	Parameter C_WR_DEPTH_RACH bound to: 16 - type: integer 
	Parameter C_WR_DEPTH_RDCH bound to: 1024 - type: integer 
	Parameter C_WR_DEPTH_AXIS bound to: 64 - type: integer 
	Parameter C_WR_PNTR_WIDTH_WACH bound to: 4 - type: integer 
	Parameter C_WR_PNTR_WIDTH_WDCH bound to: 10 - type: integer 
	Parameter C_WR_PNTR_WIDTH_WRCH bound to: 4 - type: integer 
	Parameter C_WR_PNTR_WIDTH_RACH bound to: 4 - type: integer 
	Parameter C_WR_PNTR_WIDTH_RDCH bound to: 10 - type: integer 
	Parameter C_WR_PNTR_WIDTH_AXIS bound to: 6 - type: integer 
	Parameter C_HAS_DATA_COUNTS_WACH bound to: 0 - type: integer 
	Parameter C_HAS_DATA_COUNTS_WDCH bound to: 0 - type: integer 
	Parameter C_HAS_DATA_COUNTS_WRCH bound to: 0 - type: integer 
	Parameter C_HAS_DATA_COUNTS_RACH bound to: 0 - type: integer 
	Parameter C_HAS_DATA_COUNTS_RDCH bound to: 0 - type: integer 
	Parameter C_HAS_DATA_COUNTS_AXIS bound to: 0 - type: integer 
	Parameter C_HAS_PROG_FLAGS_WACH bound to: 0 - type: integer 
	Parameter C_HAS_PROG_FLAGS_WDCH bound to: 0 - type: integer 
	Parameter C_HAS_PROG_FLAGS_WRCH bound to: 0 - type: integer 
	Parameter C_HAS_PROG_FLAGS_RACH bound to: 0 - type: integer 
	Parameter C_HAS_PROG_FLAGS_RDCH bound to: 0 - type: integer 
	Parameter C_HAS_PROG_FLAGS_AXIS bound to: 0 - type: integer 
	Parameter C_PROG_FULL_TYPE_WACH bound to: 0 - type: integer 
	Parameter C_PROG_FULL_TYPE_WDCH bound to: 0 - type: integer 
	Parameter C_PROG_FULL_TYPE_WRCH bound to: 0 - type: integer 
	Parameter C_PROG_FULL_TYPE_RACH bound to: 0 - type: integer 
	Parameter C_PROG_FULL_TYPE_RDCH bound to: 0 - type: integer 
	Parameter C_PROG_FULL_TYPE_AXIS bound to: 1 - type: integer 
	Parameter C_PROG_FULL_THRESH_ASSERT_VAL_WACH bound to: 15 - type: integer 
	Parameter C_PROG_FULL_THRESH_ASSERT_VAL_WDCH bound to: 1023 - type: integer 
	Parameter C_PROG_FULL_THRESH_ASSERT_VAL_WRCH bound to: 15 - type: integer 
	Parameter C_PROG_FULL_THRESH_ASSERT_VAL_RACH bound to: 15 - type: integer 
	Parameter C_PROG_FULL_THRESH_ASSERT_VAL_RDCH bound to: 1023 - type: integer 
	Parameter C_PROG_FULL_THRESH_ASSERT_VAL_AXIS bound to: 45 - type: integer 
	Parameter C_PROG_EMPTY_TYPE_WACH bound to: 0 - type: integer 
	Parameter C_PROG_EMPTY_TYPE_WDCH bound to: 0 - type: integer 
	Parameter C_PROG_EMPTY_TYPE_WRCH bound to: 0 - type: integer 
	Parameter C_PROG_EMPTY_TYPE_RACH bound to: 0 - type: integer 
	Parameter C_PROG_EMPTY_TYPE_RDCH bound to: 0 - type: integer 
	Parameter C_PROG_EMPTY_TYPE_AXIS bound to: 0 - type: integer 
	Parameter C_PROG_EMPTY_THRESH_ASSERT_VAL_WACH bound to: 14 - type: integer 
	Parameter C_PROG_EMPTY_THRESH_ASSERT_VAL_WDCH bound to: 1022 - type: integer 
	Parameter C_PROG_EMPTY_THRESH_ASSERT_VAL_WRCH bound to: 14 - type: integer 
	Parameter C_PROG_EMPTY_THRESH_ASSERT_VAL_RACH bound to: 14 - type: integer 
	Parameter C_PROG_EMPTY_THRESH_ASSERT_VAL_RDCH bound to: 1022 - type: integer 
	Parameter C_PROG_EMPTY_THRESH_ASSERT_VAL_AXIS bound to: 62 - type: integer 
	Parameter C_REG_SLICE_MODE_WACH bound to: 0 - type: integer 
	Parameter C_REG_SLICE_MODE_WDCH bound to: 0 - type: integer 
	Parameter C_REG_SLICE_MODE_WRCH bound to: 0 - type: integer 
	Parameter C_REG_SLICE_MODE_RACH bound to: 0 - type: integer 
	Parameter C_REG_SLICE_MODE_RDCH bound to: 0 - type: integer 
	Parameter C_REG_SLICE_MODE_AXIS bound to: 0 - type: integer 
INFO: [Synth 8-3491] module 'fifo_generator_v13_2_14' declared at 'c:/FPGA/V41_NVP_R1G_VHDL_COMPATIBILITY_BUILD/vivado_project/v41_r1g_vhdl_compatibility.gen/sources_1/ip/xdma_v41_m1/ip_3/hdl/fifo_generator_v13_2_vhsyn_rfs.vhd:38308' bound to instance 'U0' of component 'fifo_generator_v13_2_14' [c:/FPGA/V41_NVP_R1G_VHDL_COMPATIBILITY_BUILD/vivado_project/v41_r1g_vhdl_compatibility.gen/sources_1/ip/xdma_v41_m1/ip_3/synth/pcie2_fifo_generator_dma_cpl.vhd:564]
INFO: [Synth 8-6157] synthesizing module 'xpm_cdc_sync_rst' [C:/AMDDesignTools/2025.2/Vivado/data/ip/xpm/xpm_cdc/hdl/xpm_cdc.sv:1059]
INFO: [Synth 8-6155] done synthesizing module 'xpm_cdc_sync_rst' (0#1) [C:/AMDDesignTools/2025.2/Vivado/data/ip/xpm/xpm_cdc/hdl/xpm_cdc.sv:1059]
INFO: [Synth 8-256] done synthesizing module 'pcie2_fifo_generator_dma_cpl' (0#1) [c:/FPGA/V41_NVP_R1G_VHDL_COMPATIBILITY_BUILD/vivado_project/v41_r1g_vhdl_compatibility.gen/sources_1/ip/xdma_v41_m1/ip_3/synth/pcie2_fifo_generator_dma_cpl.vhd:81]
WARNING: [Synth 8-7071] port 'wr_rst_busy' of module 'pcie2_fifo_generator_dma_cpl' is unconnected for instance 'dma_cpl_fifo_inst' [c:/FPGA/V41_NVP_R1G_VHDL_COMPATIBILITY_BUILD/vivado_project/v41_r1g_vhdl_compatibility.gen/sources_1/ip/xdma_v41_m1/xdma_v4_2/hdl/verilog/xdma_v41_m1_rx_demux.sv:286]
WARNING: [Synth 8-7071] port 'rd_rst_busy' of module 'pcie2_fifo_generator_dma_cpl' is unconnected for instance 'dma_cpl_fifo_inst' [c:/FPGA/V41_NVP_R1G_VHDL_COMPATIBILITY_BUILD/vivado_project/v41_r1g_vhdl_compatibility.gen/sources_1/ip/xdma_v41_m1/xdma_v4_2/hdl/verilog/xdma_v41_m1_rx_demux.sv:286]
WARNING: [Synth 8-7023] instance 'dma_cpl_fifo_inst' of module 'pcie2_fifo_generator_dma_cpl' has 17 connections declared, but only 15 given [c:/FPGA/V41_NVP_R1G_VHDL_COMPATIBILITY_BUILD/vivado_project/v41_r1g_vhdl_compatibility.gen/sources_1/ip/xdma_v41_m1/xdma_v4_2/hdl/verilog/xdma_v41_m1_rx_demux.sv:286]
INFO: [Synth 8-638] synthesizing module 'pcie2_fifo_generator_tgt_brdg' [c:/FPGA/V41_NVP_R1G_VHDL_COMPATIBILITY_BUILD/vivado_project/v41_r1g_vhdl_compatibility.gen/sources_1/ip/xdma_v41_m1/ip_4/synth/pcie2_fifo_generator_tgt_brdg.vhd:81]
	Parameter C_COMMON_CLOCK bound to: 1 - type: integer 
	Parameter C_SELECT_XPM bound to: 0 - type: integer 
	Parameter C_COUNT_TYPE bound to: 0 - type: integer 
	Parameter C_DATA_COUNT_WIDTH bound to: 10 - type: integer 
	Parameter C_DEFAULT_VALUE bound to: BlankString - type: string 
	Parameter C_DIN_WIDTH bound to: 18 - type: integer 
	Parameter C_DOUT_RST_VAL bound to: 0 - type: string 
	Parameter C_DOUT_WIDTH bound to: 18 - type: integer 
	Parameter C_ENABLE_RLOCS bound to: 0 - type: integer 
	Parameter C_FAMILY bound to: artix7 - type: string 
	Parameter C_FULL_FLAGS_RST_VAL bound to: 1 - type: integer 
	Parameter C_HAS_ALMOST_EMPTY bound to: 0 - type: integer 
	Parameter C_HAS_ALMOST_FULL bound to: 0 - type: integer 
	Parameter C_HAS_BACKUP bound to: 0 - type: integer 
	Parameter C_HAS_DATA_COUNT bound to: 0 - type: integer 
	Parameter C_HAS_INT_CLK bound to: 0 - type: integer 
	Parameter C_HAS_MEMINIT_FILE bound to: 0 - type: integer 
	Parameter C_HAS_OVERFLOW bound to: 0 - type: integer 
	Parameter C_HAS_RD_DATA_COUNT bound to: 0 - type: integer 
	Parameter C_HAS_RD_RST bound to: 0 - type: integer 
	Parameter C_HAS_RST bound to: 1 - type: integer 
	Parameter C_HAS_SRST bound to: 0 - type: integer 
	Parameter C_HAS_UNDERFLOW bound to: 0 - type: integer 
	Parameter C_HAS_VALID bound to: 0 - type: integer 
	Parameter C_HAS_WR_ACK bound to: 0 - type: integer 
	Parameter C_HAS_WR_DATA_COUNT bound to: 0 - type: integer 
	Parameter C_HAS_WR_RST bound to: 0 - type: integer 
	Parameter C_IMPLEMENTATION_TYPE bound to: 0 - type: integer 
	Parameter C_INIT_WR_PNTR_VAL bound to: 0 - type: integer 
	Parameter C_MEMORY_TYPE bound to: 1 - type: integer 
	Parameter C_MIF_FILE_NAME bound to: BlankString - type: string 
	Parameter C_OPTIMIZATION_MODE bound to: 0 - type: integer 
	Parameter C_OVERFLOW_LOW bound to: 0 - type: integer 
	Parameter C_PRELOAD_LATENCY bound to: 1 - type: integer 
	Parameter C_PRELOAD_REGS bound to: 0 - type: integer 
	Parameter C_PRIM_FIFO_TYPE bound to: 4kx4 - type: string 
	Parameter C_PROG_EMPTY_THRESH_ASSERT_VAL bound to: 2 - type: integer 
	Parameter C_PROG_EMPTY_THRESH_NEGATE_VAL bound to: 3 - type: integer 
	Parameter C_PROG_EMPTY_TYPE bound to: 0 - type: integer 
	Parameter C_PROG_FULL_THRESH_ASSERT_VAL bound to: 1022 - type: integer 
	Parameter C_PROG_FULL_THRESH_NEGATE_VAL bound to: 1021 - type: integer 
	Parameter C_PROG_FULL_TYPE bound to: 0 - type: integer 
	Parameter C_RD_DATA_COUNT_WIDTH bound to: 10 - type: integer 
	Parameter C_RD_DEPTH bound to: 1024 - type: integer 
	Parameter C_RD_FREQ bound to: 1 - type: integer 
	Parameter C_RD_PNTR_WIDTH bound to: 10 - type: integer 
	Parameter C_UNDERFLOW_LOW bound to: 0 - type: integer 
	Parameter C_USE_DOUT_RST bound to: 1 - type: integer 
	Parameter C_USE_ECC bound to: 0 - type: integer 
	Parameter C_USE_EMBEDDED_REG bound to: 0 - type: integer 
	Parameter C_USE_PIPELINE_REG bound to: 0 - type: integer 
	Parameter C_POWER_SAVING_MODE bound to: 0 - type: integer 
	Parameter C_USE_FIFO16_FLAGS bound to: 0 - type: integer 
	Parameter C_USE_FWFT_DATA_COUNT bound to: 0 - type: integer 
	Parameter C_VALID_LOW bound to: 0 - type: integer 
	Parameter C_WR_ACK_LOW bound to: 0 - type: integer 
	Parameter C_WR_DATA_COUNT_WIDTH bound to: 10 - type: integer 
	Parameter C_WR_DEPTH bound to: 1024 - type: integer 
	Parameter C_WR_FREQ bound to: 1 - type: integer 
	Parameter C_WR_PNTR_WIDTH bound to: 10 - type: integer 
	Parameter C_WR_RESPONSE_LATENCY bound to: 1 - type: integer 
	Parameter C_MSGON_VAL bound to: 1 - type: integer 
	Parameter C_ENABLE_RST_SYNC bound to: 1 - type: integer 
	Parameter C_EN_SAFETY_CKT bound to: 1 - type: integer 
	Parameter C_ERROR_INJECTION_TYPE bound to: 0 - type: integer 
	Parameter C_SYNCHRONIZER_STAGE bound to: 2 - type: integer 
	Parameter C_INTERFACE_TYPE bound to: 1 - type: integer 
	Parameter C_AXI_TYPE bound to: 1 - type: integer 
	Parameter C_HAS_AXI_WR_CHANNEL bound to: 1 - type: integer 
	Parameter C_HAS_AXI_RD_CHANNEL bound to: 1 - type: integer 
	Parameter C_HAS_SLAVE_CE bound to: 0 - type: integer 
	Parameter C_HAS_MASTER_CE bound to: 0 - type: integer 
	Parameter C_ADD_NGC_CONSTRAINT bound to: 0 - type: integer 
	Parameter C_USE_COMMON_OVERFLOW bound to: 0 - type: integer 
	Parameter C_USE_COMMON_UNDERFLOW bound to: 0 - type: integer 
	Parameter C_USE_DEFAULT_SETTINGS bound to: 0 - type: integer 
	Parameter C_AXI_ID_WIDTH bound to: 1 - type: integer 
	Parameter C_AXI_ADDR_WIDTH bound to: 32 - type: integer 
	Parameter C_AXI_DATA_WIDTH bound to: 64 - type: integer 
	Parameter C_AXI_LEN_WIDTH bound to: 8 - type: integer 
	Parameter C_AXI_LOCK_WIDTH bound to: 1 - type: integer 
	Parameter C_HAS_AXI_ID bound to: 0 - type: integer 
	Parameter C_HAS_AXI_AWUSER bound to: 0 - type: integer 
	Parameter C_HAS_AXI_WUSER bound to: 0 - type: integer 
	Parameter C_HAS_AXI_BUSER bound to: 0 - type: integer 
	Parameter C_HAS_AXI_ARUSER bound to: 0 - type: integer 
	Parameter C_HAS_AXI_RUSER bound to: 0 - type: integer 
	Parameter C_AXI_ARUSER_WIDTH bound to: 1 - type: integer 
	Parameter C_AXI_AWUSER_WIDTH bound to: 1 - type: integer 
	Parameter C_AXI_WUSER_WIDTH bound to: 1 - type: integer 
	Parameter C_AXI_BUSER_WIDTH bound to: 1 - type: integer 
	Parameter C_AXI_RUSER_WIDTH bound to: 1 - type: integer 
	Parameter C_HAS_AXIS_TDATA bound to: 1 - type: integer 
	Parameter C_HAS_AXIS_TID bound to: 0 - type: integer 
	Parameter C_HAS_AXIS_TDEST bound to: 0 - type: integer 
	Parameter C_HAS_AXIS_TUSER bound to: 1 - type: integer 
	Parameter C_HAS_AXIS_TREADY bound to: 1 - type: integer 
	Parameter C_HAS_AXIS_TLAST bound to: 1 - type: integer 
	Parameter C_HAS_AXIS_TSTRB bound to: 0 - type: integer 
	Parameter C_HAS_AXIS_TKEEP bound to: 1 - type: integer 
	Parameter C_AXIS_TDATA_WIDTH bound to: 64 - type: integer 
	Parameter C_AXIS_TID_WIDTH bound to: 1 - type: integer 
	Parameter C_AXIS_TDEST_WIDTH bound to: 1 - type: integer 
	Parameter C_AXIS_TUSER_WIDTH bound to: 22 - type: integer 
	Parameter C_AXIS_TSTRB_WIDTH bound to: 8 - type: integer 
	Parameter C_AXIS_TKEEP_WIDTH bound to: 8 - type: integer 
	Parameter C_WACH_TYPE bound to: 0 - type: integer 
	Parameter C_WDCH_TYPE bound to: 0 - type: integer 
	Parameter C_WRCH_TYPE bound to: 0 - type: integer 
	Parameter C_RACH_TYPE bound to: 0 - type: integer 
	Parameter C_RDCH_TYPE bound to: 0 - type: integer 
	Parameter C_AXIS_TYPE bound to: 0 - type: integer 
	Parameter C_IMPLEMENTATION_TYPE_WACH bound to: 2 - type: integer 
	Parameter C_IMPLEMENTATION_TYPE_WDCH bound to: 1 - type: integer 
	Parameter C_IMPLEMENTATION_TYPE_WRCH bound to: 2 - type: integer 
	Parameter C_IMPLEMENTATION_TYPE_RACH bound to: 2 - type: integer 
	Parameter C_IMPLEMENTATION_TYPE_RDCH bound to: 1 - type: integer 
	Parameter C_IMPLEMENTATION_TYPE_AXIS bound to: 2 - type: integer 
	Parameter C_APPLICATION_TYPE_WACH bound to: 0 - type: integer 
	Parameter C_APPLICATION_TYPE_WDCH bound to: 0 - type: integer 
	Parameter C_APPLICATION_TYPE_WRCH bound to: 0 - type: integer 
	Parameter C_APPLICATION_TYPE_RACH bound to: 0 - type: integer 
	Parameter C_APPLICATION_TYPE_RDCH bound to: 0 - type: integer 
	Parameter C_APPLICATION_TYPE_AXIS bound to: 0 - type: integer 
	Parameter C_PRIM_FIFO_TYPE_WACH bound to: 512x36 - type: string 
	Parameter C_PRIM_FIFO_TYPE_WDCH bound to: 1kx36 - type: string 
	Parameter C_PRIM_FIFO_TYPE_WRCH bound to: 512x36 - type: string 
	Parameter C_PRIM_FIFO_TYPE_RACH bound to: 512x36 - type: string 
	Parameter C_PRIM_FIFO_TYPE_RDCH bound to: 1kx36 - type: string 
	Parameter C_PRIM_FIFO_TYPE_AXIS bound to: 512x72 - type: string 
	Parameter C_USE_ECC_WACH bound to: 0 - type: integer 
	Parameter C_USE_ECC_WDCH bound to: 0 - type: integer 
	Parameter C_USE_ECC_WRCH bound to: 0 - type: integer 
	Parameter C_USE_ECC_RACH bound to: 0 - type: integer 
	Parameter C_USE_ECC_RDCH bound to: 0 - type: integer 
	Parameter C_USE_ECC_AXIS bound to: 0 - type: integer 
	Parameter C_ERROR_INJECTION_TYPE_WACH bound to: 0 - type: integer 
	Parameter C_ERROR_INJECTION_TYPE_WDCH bound to: 0 - type: integer 
	Parameter C_ERROR_INJECTION_TYPE_WRCH bound to: 0 - type: integer 
	Parameter C_ERROR_INJECTION_TYPE_RACH bound to: 0 - type: integer 
	Parameter C_ERROR_INJECTION_TYPE_RDCH bound to: 0 - type: integer 
	Parameter C_ERROR_INJECTION_TYPE_AXIS bound to: 0 - type: integer 
	Parameter C_DIN_WIDTH_WACH bound to: 32 - type: integer 
	Parameter C_DIN_WIDTH_WDCH bound to: 64 - type: integer 
	Parameter C_DIN_WIDTH_WRCH bound to: 2 - type: integer 
	Parameter C_DIN_WIDTH_RACH bound to: 32 - type: integer 
	Parameter C_DIN_WIDTH_RDCH bound to: 64 - type: integer 
	Parameter C_DIN_WIDTH_AXIS bound to: 95 - type: integer 
	Parameter C_WR_DEPTH_WACH bound to: 16 - type: integer 
	Parameter C_WR_DEPTH_WDCH bound to: 1024 - type: integer 
	Parameter C_WR_DEPTH_WRCH bound to: 16 - type: integer 
	Parameter C_WR_DEPTH_RACH bound to: 16 - type: integer 
	Parameter C_WR_DEPTH_RDCH bound to: 1024 - type: integer 
	Parameter C_WR_DEPTH_AXIS bound to: 16 - type: integer 
	Parameter C_WR_PNTR_WIDTH_WACH bound to: 4 - type: integer 
	Parameter C_WR_PNTR_WIDTH_WDCH bound to: 10 - type: integer 
	Parameter C_WR_PNTR_WIDTH_WRCH bound to: 4 - type: integer 
	Parameter C_WR_PNTR_WIDTH_RACH bound to: 4 - type: integer 
	Parameter C_WR_PNTR_WIDTH_RDCH bound to: 10 - type: integer 
	Parameter C_WR_PNTR_WIDTH_AXIS bound to: 4 - type: integer 
	Parameter C_HAS_DATA_COUNTS_WACH bound to: 0 - type: integer 
	Parameter C_HAS_DATA_COUNTS_WDCH bound to: 0 - type: integer 
	Parameter C_HAS_DATA_COUNTS_WRCH bound to: 0 - type: integer 
	Parameter C_HAS_DATA_COUNTS_RACH bound to: 0 - type: integer 
	Parameter C_HAS_DATA_COUNTS_RDCH bound to: 0 - type: integer 
	Parameter C_HAS_DATA_COUNTS_AXIS bound to: 0 - type: integer 
	Parameter C_HAS_PROG_FLAGS_WACH bound to: 0 - type: integer 
	Parameter C_HAS_PROG_FLAGS_WDCH bound to: 0 - type: integer 
	Parameter C_HAS_PROG_FLAGS_WRCH bound to: 0 - type: integer 
	Parameter C_HAS_PROG_FLAGS_RACH bound to: 0 - type: integer 
	Parameter C_HAS_PROG_FLAGS_RDCH bound to: 0 - type: integer 
	Parameter C_HAS_PROG_FLAGS_AXIS bound to: 0 - type: integer 
	Parameter C_PROG_FULL_TYPE_WACH bound to: 0 - type: integer 
	Parameter C_PROG_FULL_TYPE_WDCH bound to: 0 - type: integer 
	Parameter C_PROG_FULL_TYPE_WRCH bound to: 0 - type: integer 
	Parameter C_PROG_FULL_TYPE_RACH bound to: 0 - type: integer 
	Parameter C_PROG_FULL_TYPE_RDCH bound to: 0 - type: integer 
	Parameter C_PROG_FULL_TYPE_AXIS bound to: 1 - type: integer 
	Parameter C_PROG_FULL_THRESH_ASSERT_VAL_WACH bound to: 15 - type: integer 
	Parameter C_PROG_FULL_THRESH_ASSERT_VAL_WDCH bound to: 1023 - type: integer 
	Parameter C_PROG_FULL_THRESH_ASSERT_VAL_WRCH bound to: 15 - type: integer 
	Parameter C_PROG_FULL_THRESH_ASSERT_VAL_RACH bound to: 15 - type: integer 
	Parameter C_PROG_FULL_THRESH_ASSERT_VAL_RDCH bound to: 1023 - type: integer 
	Parameter C_PROG_FULL_THRESH_ASSERT_VAL_AXIS bound to: 9 - type: integer 
	Parameter C_PROG_EMPTY_TYPE_WACH bound to: 0 - type: integer 
	Parameter C_PROG_EMPTY_TYPE_WDCH bound to: 0 - type: integer 
	Parameter C_PROG_EMPTY_TYPE_WRCH bound to: 0 - type: integer 
	Parameter C_PROG_EMPTY_TYPE_RACH bound to: 0 - type: integer 
	Parameter C_PROG_EMPTY_TYPE_RDCH bound to: 0 - type: integer 
	Parameter C_PROG_EMPTY_TYPE_AXIS bound to: 0 - type: integer 
	Parameter C_PROG_EMPTY_THRESH_ASSERT_VAL_WACH bound to: 14 - type: integer 
	Parameter C_PROG_EMPTY_THRESH_ASSERT_VAL_WDCH bound to: 1022 - type: integer 
	Parameter C_PROG_EMPTY_THRESH_ASSERT_VAL_WRCH bound to: 14 - type: integer 
	Parameter C_PROG_EMPTY_THRESH_ASSERT_VAL_RACH bound to: 14 - type: integer 
	Parameter C_PROG_EMPTY_THRESH_ASSERT_VAL_RDCH bound to: 1022 - type: integer 
	Parameter C_PROG_EMPTY_THRESH_ASSERT_VAL_AXIS bound to: 14 - type: integer 
	Parameter C_REG_SLICE_MODE_WACH bound to: 0 - type: integer 
	Parameter C_REG_SLICE_MODE_WDCH bound to: 0 - type: integer 
	Parameter C_REG_SLICE_MODE_WRCH bound to: 0 - type: integer 
	Parameter C_REG_SLICE_MODE_RACH bound to: 0 - type: integer 
	Parameter C_REG_SLICE_MODE_RDCH bound to: 0 - type: integer 
	Parameter C_REG_SLICE_MODE_AXIS bound to: 0 - type: integer 
INFO: [Synth 8-3491] module 'fifo_generator_v13_2_14' declared at 'c:/FPGA/V41_NVP_R1G_VHDL_COMPATIBILITY_BUILD/vivado_project/v41_r1g_vhdl_compatibility.gen/sources_1/ip/xdma_v41_m1/ip_3/hdl/fifo_generator_v13_2_vhsyn_rfs.vhd:38308' bound to instance 'U0' of component 'fifo_generator_v13_2_14' [c:/FPGA/V41_NVP_R1G_VHDL_COMPATIBILITY_BUILD/vivado_project/v41_r1g_vhdl_compatibility.gen/sources_1/ip/xdma_v41_m1/ip_4/synth/pcie2_fifo_generator_tgt_brdg.vhd:564]
INFO: [Synth 8-6157] synthesizing module 'xpm_cdc_async_rst__parameterized1' [C:/AMDDesignTools/2025.2/Vivado/data/ip/xpm/xpm_cdc/hdl/xpm_cdc.sv:1175]
INFO: [Synth 8-6155] done synthesizing module 'xpm_cdc_async_rst__parameterized1' (0#1) [C:/AMDDesignTools/2025.2/Vivado/data/ip/xpm/xpm_cdc/hdl/xpm_cdc.sv:1175]
INFO: [Synth 8-256] done synthesizing module 'pcie2_fifo_generator_tgt_brdg' (0#1) [c:/FPGA/V41_NVP_R1G_VHDL_COMPATIBILITY_BUILD/vivado_project/v41_r1g_vhdl_compatibility.gen/sources_1/ip/xdma_v41_m1/ip_4/synth/pcie2_fifo_generator_tgt_brdg.vhd:81]
WARNING: [Synth 8-7071] port 'wr_rst_busy' of module 'pcie2_fifo_generator_tgt_brdg' is unconnected for instance 'tgt_brdg_fifo_inst' [c:/FPGA/V41_NVP_R1G_VHDL_COMPATIBILITY_BUILD/vivado_project/v41_r1g_vhdl_compatibility.gen/sources_1/ip/xdma_v41_m1/xdma_v4_2/hdl/verilog/xdma_v41_m1_rx_demux.sv:311]
WARNING: [Synth 8-7071] port 'rd_rst_busy' of module 'pcie2_fifo_generator_tgt_brdg' is unconnected for instance 'tgt_brdg_fifo_inst' [c:/FPGA/V41_NVP_R1G_VHDL_COMPATIBILITY_BUILD/vivado_project/v41_r1g_vhdl_compatibility.gen/sources_1/ip/xdma_v41_m1/xdma_v4_2/hdl/verilog/xdma_v41_m1_rx_demux.sv:311]
WARNING: [Synth 8-7023] instance 'tgt_brdg_fifo_inst' of module 'pcie2_fifo_generator_tgt_brdg' has 17 connections declared, but only 15 given [c:/FPGA/V41_NVP_R1G_VHDL_COMPATIBILITY_BUILD/vivado_project/v41_r1g_vhdl_compatibility.gen/sources_1/ip/xdma_v41_m1/xdma_v4_2/hdl/verilog/xdma_v41_m1_rx_demux.sv:311]
INFO: [Synth 8-6157] synthesizing module 'xdma_v41_m1_rx_destraddler' [c:/FPGA/V41_NVP_R1G_VHDL_COMPATIBILITY_BUILD/vivado_project/v41_r1g_vhdl_compatibility.gen/sources_1/ip/xdma_v41_m1/xdma_v4_2/hdl/verilog/xdma_v41_m1_rx_destraddler.sv:79]
INFO: [Synth 8-6155] done synthesizing module 'xdma_v41_m1_rx_destraddler' (0#1) [c:/FPGA/V41_NVP_R1G_VHDL_COMPATIBILITY_BUILD/vivado_project/v41_r1g_vhdl_compatibility.gen/sources_1/ip/xdma_v41_m1/xdma_v4_2/hdl/verilog/xdma_v41_m1_rx_destraddler.sv:79]
INFO: [Synth 8-6155] done synthesizing module 'xdma_v41_m1_rx_demux' (0#1) [c:/FPGA/V41_NVP_R1G_VHDL_COMPATIBILITY_BUILD/vivado_project/v41_r1g_vhdl_compatibility.gen/sources_1/ip/xdma_v41_m1/xdma_v4_2/hdl/verilog/xdma_v41_m1_rx_demux.sv:78]
INFO: [Synth 8-6157] synthesizing module 'xdma_v41_m1_tx_mux' [c:/FPGA/V41_NVP_R1G_VHDL_COMPATIBILITY_BUILD/vivado_project/v41_r1g_vhdl_compatibility.gen/sources_1/ip/xdma_v41_m1/xdma_v4_2/hdl/verilog/xdma_v41_m1_tx_mux.sv:77]
INFO: [Synth 8-226] default block is never used [c:/FPGA/V41_NVP_R1G_VHDL_COMPATIBILITY_BUILD/vivado_project/v41_r1g_vhdl_compatibility.gen/sources_1/ip/xdma_v41_m1/xdma_v4_2/hdl/verilog/xdma_v41_m1_tx_mux.sv:164]
INFO: [Synth 8-6155] done synthesizing module 'xdma_v41_m1_tx_mux' (0#1) [c:/FPGA/V41_NVP_R1G_VHDL_COMPATIBILITY_BUILD/vivado_project/v41_r1g_vhdl_compatibility.gen/sources_1/ip/xdma_v41_m1/xdma_v4_2/hdl/verilog/xdma_v41_m1_tx_mux.sv:77]
INFO: [Synth 8-6157] synthesizing module 'xdma_v41_m1_dma_req' [c:/FPGA/V41_NVP_R1G_VHDL_COMPATIBILITY_BUILD/vivado_project/v41_r1g_vhdl_compatibility.gen/sources_1/ip/xdma_v41_m1/xdma_v4_2/hdl/verilog/xdma_v41_m1_dma_req.sv:76]
INFO: [Synth 8-155] case statement is not full and has no default [c:/FPGA/V41_NVP_R1G_VHDL_COMPATIBILITY_BUILD/vivado_project/v41_r1g_vhdl_compatibility.gen/sources_1/ip/xdma_v41_m1/xdma_v4_2/hdl/verilog/xdma_v41_m1_dma_req.sv:215]
INFO: [Synth 8-6155] done synthesizing module 'xdma_v41_m1_dma_req' (0#1) [c:/FPGA/V41_NVP_R1G_VHDL_COMPATIBILITY_BUILD/vivado_project/v41_r1g_vhdl_compatibility.gen/sources_1/ip/xdma_v41_m1/xdma_v4_2/hdl/verilog/xdma_v41_m1_dma_req.sv:76]
INFO: [Synth 8-6157] synthesizing module 'xdma_v41_m1_dma_cpl' [c:/FPGA/V41_NVP_R1G_VHDL_COMPATIBILITY_BUILD/vivado_project/v41_r1g_vhdl_compatibility.gen/sources_1/ip/xdma_v41_m1/xdma_v4_2/hdl/verilog/xdma_v41_m1_dma_cpl.sv:76]
INFO: [Synth 8-155] case statement is not full and has no default [c:/FPGA/V41_NVP_R1G_VHDL_COMPATIBILITY_BUILD/vivado_project/v41_r1g_vhdl_compatibility.gen/sources_1/ip/xdma_v41_m1/xdma_v4_2/hdl/verilog/xdma_v41_m1_dma_cpl.sv:199]
INFO: [Synth 8-6155] done synthesizing module 'xdma_v41_m1_dma_cpl' (0#1) [c:/FPGA/V41_NVP_R1G_VHDL_COMPATIBILITY_BUILD/vivado_project/v41_r1g_vhdl_compatibility.gen/sources_1/ip/xdma_v41_m1/xdma_v4_2/hdl/verilog/xdma_v41_m1_dma_cpl.sv:76]
INFO: [Synth 8-6157] synthesizing module 'xdma_v41_m1_tgt_req' [c:/FPGA/V41_NVP_R1G_VHDL_COMPATIBILITY_BUILD/vivado_project/v41_r1g_vhdl_compatibility.gen/sources_1/ip/xdma_v41_m1/xdma_v4_2/hdl/verilog/xdma_v41_m1_tgt_req.sv:76]
INFO: [Synth 8-155] case statement is not full and has no default [c:/FPGA/V41_NVP_R1G_VHDL_COMPATIBILITY_BUILD/vivado_project/v41_r1g_vhdl_compatibility.gen/sources_1/ip/xdma_v41_m1/xdma_v4_2/hdl/verilog/xdma_v41_m1_tgt_req.sv:196]
INFO: [Synth 8-6155] done synthesizing module 'xdma_v41_m1_tgt_req' (0#1) [c:/FPGA/V41_NVP_R1G_VHDL_COMPATIBILITY_BUILD/vivado_project/v41_r1g_vhdl_compatibility.gen/sources_1/ip/xdma_v41_m1/xdma_v4_2/hdl/verilog/xdma_v41_m1_tgt_req.sv:76]
INFO: [Synth 8-6157] synthesizing module 'xdma_v41_m1_tgt_cpl' [c:/FPGA/V41_NVP_R1G_VHDL_COMPATIBILITY_BUILD/vivado_project/v41_r1g_vhdl_compatibility.gen/sources_1/ip/xdma_v41_m1/xdma_v4_2/hdl/verilog/xdma_v41_m1_tgt_cpl.sv:77]
INFO: [Synth 8-155] case statement is not full and has no default [c:/FPGA/V41_NVP_R1G_VHDL_COMPATIBILITY_BUILD/vivado_project/v41_r1g_vhdl_compatibility.gen/sources_1/ip/xdma_v41_m1/xdma_v4_2/hdl/verilog/xdma_v41_m1_tgt_cpl.sv:174]
INFO: [Synth 8-6155] done synthesizing module 'xdma_v41_m1_tgt_cpl' (0#1) [c:/FPGA/V41_NVP_R1G_VHDL_COMPATIBILITY_BUILD/vivado_project/v41_r1g_vhdl_compatibility.gen/sources_1/ip/xdma_v41_m1/xdma_v4_2/hdl/verilog/xdma_v41_m1_tgt_cpl.sv:77]
INFO: [Synth 8-6155] done synthesizing module 'xdma_v41_m1_axi_stream_intf' (0#1) [c:/FPGA/V41_NVP_R1G_VHDL_COMPATIBILITY_BUILD/vivado_project/v41_r1g_vhdl_compatibility.gen/sources_1/ip/xdma_v41_m1/xdma_v4_2/hdl/verilog/xdma_v41_m1_axi_stream_intf.sv:58]
INFO: [Synth 8-6157] synthesizing module 'xdma_v41_m1_cfg_sideband' [c:/FPGA/V41_NVP_R1G_VHDL_COMPATIBILITY_BUILD/vivado_project/v41_r1g_vhdl_compatibility.gen/sources_1/ip/xdma_v41_m1/xdma_v4_2/hdl/verilog/xdma_v41_m1_cfg_sideband.sv:58]
INFO: [Common 17-14] Message 'Synth 8-6157' appears 100 times and further instances of the messages will be disabled. Use the Tcl command set_msg_config to change the current settings.
INFO: [Synth 8-6155] done synthesizing module 'xdma_v41_m1_cfg_sideband' (0#1) [c:/FPGA/V41_NVP_R1G_VHDL_COMPATIBILITY_BUILD/vivado_project/v41_r1g_vhdl_compatibility.gen/sources_1/ip/xdma_v41_m1/xdma_v4_2/hdl/verilog/xdma_v41_m1_cfg_sideband.sv:58]
INFO: [Synth 8-6155] done synthesizing module 'xpm_cdc_single__parameterized0' (0#1) [C:/AMDDesignTools/2025.2/Vivado/data/ip/xpm/xpm_cdc/hdl/xpm_cdc.sv:152]
INFO: [Synth 8-6155] done synthesizing module 'xdma_v41_m1_pcie2_ip_axi_basic_rx_pipeline' (0#1) [c:/FPGA/V41_NVP_R1G_VHDL_COMPATIBILITY_BUILD/vivado_project/v41_r1g_vhdl_compatibility.gen/sources_1/ip/xdma_v41_m1/ip_0/source/xdma_v41_m1_pcie2_ip_axi_basic_rx_pipeline.v:70]
INFO: [Synth 8-226] default block is never used [c:/FPGA/V41_NVP_R1G_VHDL_COMPATIBILITY_BUILD/vivado_project/v41_r1g_vhdl_compatibility.gen/sources_1/ip/xdma_v41_m1/ip_0/source/xdma_v41_m1_pcie2_ip_axi_basic_rx_null_gen.v:253]
INFO: [Synth 8-6155] done synthesizing module 'xdma_v41_m1_pcie2_ip_axi_basic_rx_null_gen' (0#1) [c:/FPGA/V41_NVP_R1G_VHDL_COMPATIBILITY_BUILD/vivado_project/v41_r1g_vhdl_compatibility.gen/sources_1/ip/xdma_v41_m1/ip_0/source/xdma_v41_m1_pcie2_ip_axi_basic_rx_null_gen.v:71]
INFO: [Synth 8-6155] done synthesizing module 'xdma_v41_m1_pcie2_ip_axi_basic_rx' (0#1) [c:/FPGA/V41_NVP_R1G_VHDL_COMPATIBILITY_BUILD/vivado_project/v41_r1g_vhdl_compatibility.gen/sources_1/ip/xdma_v41_m1/ip_0/source/xdma_v41_m1_pcie2_ip_axi_basic_rx.v:70]
INFO: [Common 17-14] Message 'Synth 8-6155' appears 100 times and further instances of the messages will be disabled. Use the Tcl command set_msg_config to change the current settings.
INFO: [Synth 8-226] default block is never used [c:/FPGA/V41_NVP_R1G_VHDL_COMPATIBILITY_BUILD/vivado_project/v41_r1g_vhdl_compatibility.gen/sources_1/ip/xdma_v41_m1/ip_0/source/xdma_v41_m1_pcie2_ip_axi_basic_tx_thrtl_ctl.v:573]
WARNING: [Synth 8-11581] system function call 'time' not supported [c:/FPGA/V41_NVP_R1G_VHDL_COMPATIBILITY_BUILD/vivado_project/v41_r1g_vhdl_compatibility.gen/sources_1/ip/xdma_v41_m1/ip_0/source/xdma_v41_m1_pcie2_ip_pcie_bram_top_7x.v:139]
INFO: [Synth 8-251] [1'b0]  ROWS_TX 1 COLS_TX 4 [c:/FPGA/V41_NVP_R1G_VHDL_COMPATIBILITY_BUILD/vivado_project/v41_r1g_vhdl_compatibility.gen/sources_1/ip/xdma_v41_m1/ip_0/source/xdma_v41_m1_pcie2_ip_pcie_bram_top_7x.v:139]
WARNING: [Synth 8-11581] system function call 'time' not supported [c:/FPGA/V41_NVP_R1G_VHDL_COMPATIBILITY_BUILD/vivado_project/v41_r1g_vhdl_compatibility.gen/sources_1/ip/xdma_v41_m1/ip_0/source/xdma_v41_m1_pcie2_ip_pcie_bram_top_7x.v:140]
INFO: [Synth 8-251] [1'b0]  ROWS_RX 1 COLS_RX 4 [c:/FPGA/V41_NVP_R1G_VHDL_COMPATIBILITY_BUILD/vivado_project/v41_r1g_vhdl_compatibility.gen/sources_1/ip/xdma_v41_m1/ip_0/source/xdma_v41_m1_pcie2_ip_pcie_bram_top_7x.v:140]
INFO: [Synth 8-155] case statement is not full and has no default [c:/FPGA/V41_NVP_R1G_VHDL_COMPATIBILITY_BUILD/vivado_project/v41_r1g_vhdl_compatibility.gen/sources_1/ip/xdma_v41_m1/ip_0/source/xdma_v41_m1_pcie2_ip_gt_rx_valid_filter_7x.v:191]
INFO: [Synth 8-226] default block is never used [c:/FPGA/V41_NVP_R1G_VHDL_COMPATIBILITY_BUILD/vivado_project/v41_r1g_vhdl_compatibility.gen/sources_1/ip/xdma_v41_m1/ip_0/source/xdma_v41_m1_pcie2_ip_pipe_eq.v:402]
INFO: [Synth 8-226] default block is never used [c:/FPGA/V41_NVP_R1G_VHDL_COMPATIBILITY_BUILD/vivado_project/v41_r1g_vhdl_compatibility.gen/sources_1/ip/xdma_v41_m1/ip_0/source/xdma_v41_m1_pcie2_ip_pipe_user.v:354]
INFO: [Synth 8-7071] port 'cfg_fc_vc_sel' of module 'xdma_v41_m1_core_top' is unconnected for instance 'inst' [c:/FPGA/V41_NVP_R1G_VHDL_COMPATIBILITY_BUILD/vivado_project/v41_r1g_vhdl_compatibility.gen/sources_1/ip/xdma_v41_m1/synth/xdma_v41_m1.sv:558]
INFO: [Synth 8-7023] instance 'inst' of module 'xdma_v41_m1_core_top' has 1313 connections declared, but only 1312 given [c:/FPGA/V41_NVP_R1G_VHDL_COMPATIBILITY_BUILD/vivado_project/v41_r1g_vhdl_compatibility.gen/sources_1/ip/xdma_v41_m1/synth/xdma_v41_m1.sv:558]
WARNING: [Synth 8-11357] Potential Runtime issue for 3D-RAM or RAM from Record/Structs for RAM  nack_index_memory_reg with 24576 registers
WARNING: [Synth 8-6014] Unused sequential element ll_raddr_reached_reg was removed.  [C:/FPGA/WORKTREES/V41_NVP_R1G_VHDL_COMPATIBILITY/rtl/v41/nvp_i2c_tri_phase_probe.sv:372]
WARNING: [Synth 8-6014] Unused sequential element ll_raddr_ack_reg was removed.  [C:/FPGA/WORKTREES/V41_NVP_R1G_VHDL_COMPATIBILITY/rtl/v41/nvp_i2c_tri_phase_probe.sv:373]
WARNING: [Synth 8-6014] Unused sequential element capture_single_v_reg was removed.  [C:/FPGA/WORKTREES/V41_NVP_R1G_VHDL_COMPATIBILITY/rtl/record/bt656_record_producer.sv:166]
WARNING: [Synth 8-6014] Unused sequential element capture_window_v_reg was removed.  [C:/FPGA/WORKTREES/V41_NVP_R1G_VHDL_COMPATIBILITY/rtl/record/bt656_record_producer.sv:166]
WARNING: [Synth 8-6014] Unused sequential element line_seq_v_reg was removed.  [C:/FPGA/WORKTREES/V41_NVP_R1G_VHDL_COMPATIBILITY/rtl/record/bt656_record_producer.sv:169]
WARNING: [Synth 8-6014] Unused sequential element round_robin_v_reg was removed.  [C:/FPGA/WORKTREES/V41_NVP_R1G_VHDL_COMPATIBILITY/rtl/record/bt656_record_producer.sv:173]
WARNING: [Synth 8-6014] Unused sequential element producer_process.requested_value_reg was removed.  [C:/FPGA/WORKTREES/V41_NVP_R1G_VHDL_COMPATIBILITY/rtl/record/bt656_record_producer.sv:259]
WARNING: [Synth 8-6014] Unused sequential element producer_process.frame_value_reg was removed.  [C:/FPGA/WORKTREES/V41_NVP_R1G_VHDL_COMPATIBILITY/rtl/record/bt656_record_producer.sv:280]
WARNING: [Synth 8-6014] Unused sequential element producer_process.line_value_reg was removed.  [C:/FPGA/WORKTREES/V41_NVP_R1G_VHDL_COMPATIBILITY/rtl/record/bt656_record_producer.sv:281]
WARNING: [Synth 8-6014] Unused sequential element producer_process.flags_value_reg was removed.  [C:/FPGA/WORKTREES/V41_NVP_R1G_VHDL_COMPATIBILITY/rtl/record/bt656_record_producer.sv:282]
WARNING: [Synth 8-6014] Unused sequential element producer_process.packed_word_reg was removed.  [C:/FPGA/WORKTREES/V41_NVP_R1G_VHDL_COMPATIBILITY/rtl/record/bt656_record_producer.sv:336]
WARNING: [Synth 8-6014] Unused sequential element generation_prod_reg[0] was removed.  [C:/FPGA/WORKTREES/V41_NVP_R1G_VHDL_COMPATIBILITY/rtl/pio/pio_bar_target.sv:142]
WARNING: [Synth 8-6014] Unused sequential element generation_prod_reg[1] was removed.  [C:/FPGA/WORKTREES/V41_NVP_R1G_VHDL_COMPATIBILITY/rtl/pio/pio_bar_target.sv:142]
WARNING: [Synth 8-6014] Unused sequential element generation_prod_reg[2] was removed.  [C:/FPGA/WORKTREES/V41_NVP_R1G_VHDL_COMPATIBILITY/rtl/pio/pio_bar_target.sv:142]
WARNING: [Synth 8-6014] Unused sequential element generation_prod_reg[3] was removed.  [C:/FPGA/WORKTREES/V41_NVP_R1G_VHDL_COMPATIBILITY/rtl/pio/pio_bar_target.sv:142]
WARNING: [Synth 8-6014] Unused sequential element generation_prod_reg[4] was removed.  [C:/FPGA/WORKTREES/V41_NVP_R1G_VHDL_COMPATIBILITY/rtl/pio/pio_bar_target.sv:142]
WARNING: [Synth 8-6014] Unused sequential element generation_prod_reg[5] was removed.  [C:/FPGA/WORKTREES/V41_NVP_R1G_VHDL_COMPATIBILITY/rtl/pio/pio_bar_target.sv:142]
WARNING: [Synth 8-6014] Unused sequential element generation_prod_reg[6] was removed.  [C:/FPGA/WORKTREES/V41_NVP_R1G_VHDL_COMPATIBILITY/rtl/pio/pio_bar_target.sv:142]
WARNING: [Synth 8-6014] Unused sequential element generation_prod_reg[7] was removed.  [C:/FPGA/WORKTREES/V41_NVP_R1G_VHDL_COMPATIBILITY/rtl/pio/pio_bar_target.sv:142]
WARNING: [Synth 8-6014] Unused sequential element generation_prod_reg[8] was removed.  [C:/FPGA/WORKTREES/V41_NVP_R1G_VHDL_COMPATIBILITY/rtl/pio/pio_bar_target.sv:142]
WARNING: [Synth 8-6014] Unused sequential element generation_prod_reg[9] was removed.  [C:/FPGA/WORKTREES/V41_NVP_R1G_VHDL_COMPATIBILITY/rtl/pio/pio_bar_target.sv:142]
WARNING: [Synth 8-6014] Unused sequential element generation_prod_reg[10] was removed.  [C:/FPGA/WORKTREES/V41_NVP_R1G_VHDL_COMPATIBILITY/rtl/pio/pio_bar_target.sv:142]
WARNING: [Synth 8-6014] Unused sequential element generation_prod_reg[11] was removed.  [C:/FPGA/WORKTREES/V41_NVP_R1G_VHDL_COMPATIBILITY/rtl/pio/pio_bar_target.sv:142]
WARNING: [Synth 8-6014] Unused sequential element generation_prod_reg[12] was removed.  [C:/FPGA/WORKTREES/V41_NVP_R1G_VHDL_COMPATIBILITY/rtl/pio/pio_bar_target.sv:142]
WARNING: [Synth 8-6014] Unused sequential element generation_prod_reg[13] was removed.  [C:/FPGA/WORKTREES/V41_NVP_R1G_VHDL_COMPATIBILITY/rtl/pio/pio_bar_target.sv:142]
WARNING: [Synth 8-6014] Unused sequential element generation_prod_reg[14] was removed.  [C:/FPGA/WORKTREES/V41_NVP_R1G_VHDL_COMPATIBILITY/rtl/pio/pio_bar_target.sv:142]
WARNING: [Synth 8-6014] Unused sequential element generation_prod_reg[15] was removed.  [C:/FPGA/WORKTREES/V41_NVP_R1G_VHDL_COMPATIBILITY/rtl/pio/pio_bar_target.sv:142]
WARNING: [Synth 8-6014] Unused sequential element generation_pcie_reg[0] was removed.  [C:/FPGA/WORKTREES/V41_NVP_R1G_VHDL_COMPATIBILITY/rtl/pio/pio_bar_target.sv:258]
WARNING: [Synth 8-6014] Unused sequential element generation_pcie_reg[1] was removed.  [C:/FPGA/WORKTREES/V41_NVP_R1G_VHDL_COMPATIBILITY/rtl/pio/pio_bar_target.sv:258]
WARNING: [Synth 8-6014] Unused sequential element generation_pcie_reg[2] was removed.  [C:/FPGA/WORKTREES/V41_NVP_R1G_VHDL_COMPATIBILITY/rtl/pio/pio_bar_target.sv:258]
WARNING: [Synth 8-6014] Unused sequential element generation_pcie_reg[3] was removed.  [C:/FPGA/WORKTREES/V41_NVP_R1G_VHDL_COMPATIBILITY/rtl/pio/pio_bar_target.sv:258]
WARNING: [Synth 8-6014] Unused sequential element generation_pcie_reg[4] was removed.  [C:/FPGA/WORKTREES/V41_NVP_R1G_VHDL_COMPATIBILITY/rtl/pio/pio_bar_target.sv:258]
WARNING: [Synth 8-6014] Unused sequential element generation_pcie_reg[5] was removed.  [C:/FPGA/WORKTREES/V41_NVP_R1G_VHDL_COMPATIBILITY/rtl/pio/pio_bar_target.sv:258]
WARNING: [Synth 8-6014] Unused sequential element generation_pcie_reg[6] was removed.  [C:/FPGA/WORKTREES/V41_NVP_R1G_VHDL_COMPATIBILITY/rtl/pio/pio_bar_target.sv:258]
WARNING: [Synth 8-6014] Unused sequential element generation_pcie_reg[7] was removed.  [C:/FPGA/WORKTREES/V41_NVP_R1G_VHDL_COMPATIBILITY/rtl/pio/pio_bar_target.sv:258]
WARNING: [Synth 8-6014] Unused sequential element generation_pcie_reg[8] was removed.  [C:/FPGA/WORKTREES/V41_NVP_R1G_VHDL_COMPATIBILITY/rtl/pio/pio_bar_target.sv:258]
WARNING: [Synth 8-6014] Unused sequential element generation_pcie_reg[9] was removed.  [C:/FPGA/WORKTREES/V41_NVP_R1G_VHDL_COMPATIBILITY/rtl/pio/pio_bar_target.sv:258]
WARNING: [Synth 8-6014] Unused sequential element generation_pcie_reg[10] was removed.  [C:/FPGA/WORKTREES/V41_NVP_R1G_VHDL_COMPATIBILITY/rtl/pio/pio_bar_target.sv:258]
WARNING: [Synth 8-6014] Unused sequential element generation_pcie_reg[11] was removed.  [C:/FPGA/WORKTREES/V41_NVP_R1G_VHDL_COMPATIBILITY/rtl/pio/pio_bar_target.sv:258]
WARNING: [Synth 8-6014] Unused sequential element generation_pcie_reg[12] was removed.  [C:/FPGA/WORKTREES/V41_NVP_R1G_VHDL_COMPATIBILITY/rtl/pio/pio_bar_target.sv:258]
WARNING: [Synth 8-6014] Unused sequential element generation_pcie_reg[13] was removed.  [C:/FPGA/WORKTREES/V41_NVP_R1G_VHDL_COMPATIBILITY/rtl/pio/pio_bar_target.sv:258]
WARNING: [Synth 8-6014] Unused sequential element generation_pcie_reg[14] was removed.  [C:/FPGA/WORKTREES/V41_NVP_R1G_VHDL_COMPATIBILITY/rtl/pio/pio_bar_target.sv:258]
WARNING: [Synth 8-6014] Unused sequential element generation_pcie_reg[15] was removed.  [C:/FPGA/WORKTREES/V41_NVP_R1G_VHDL_COMPATIBILITY/rtl/pio/pio_bar_target.sv:258]
WARNING: [Synth 8-6014] Unused sequential element host_release_mask_pulse_reg was removed.  [C:/FPGA/WORKTREES/V41_NVP_R1G_VHDL_COMPATIBILITY/rtl/pio/pio_bar_target.sv:263]
WARNING: [Synth 8-6014] Unused sequential element rrq_did_nn1_reg was removed. 
WARNING: [Synth 8-6014] Unused sequential element rrq_dadr_nn1_reg was removed. 
WARNING: [Synth 8-6014] Unused sequential element rrq_did_nn1_reg was removed. 
WARNING: [Synth 8-6014] Unused sequential element m_axi_awcacheq_reg was removed. 
WARNING: [Synth 8-6014] Unused sequential element m_axi_reqidq_reg was removed. 
WARNING: [Synth 8-6014] Unused sequential element m_axi_barq_reg was removed. 
WARNING: [Synth 8-6014] Unused sequential element m_axi_arcacheissueq_reg was removed. 
WARNING: [Synth 8-6014] Unused sequential element m_axi_reqidq_reg was removed. 
WARNING: [Synth 8-6014] Unused sequential element m_axi_arlenpendq_reg was removed. 
WARNING: [Synth 8-6014] Unused sequential element m_axi_barq_reg was removed. 
WARNING: [Synth 8-4767] Trying to implement RAM 'MemArray_reg' in registers. Block RAM or DRAM implementation is not possible; see log for reasons. [c:/FPGA/V41_NVP_R1G_VHDL_COMPATIBILITY_BUILD/vivado_project/v41_r1g_vhdl_compatibility.gen/sources_1/ip/xdma_v41_m1/hdl/verilog/axidma_fifo.vh:1118]
Reason is one or more of the following :
	1: Only 1 word in RAM 
WARNING: [Synth 8-6014] Unused sequential element tag_rrq_usr_ofst_mem_even_reg was removed. 
WARNING: [Synth 8-6014] Unused sequential element tag_rrq_usr_ofst_mem_odd_reg was removed. 
WARNING: [Synth 8-6014] Unused sequential element gen_rd_b.gen_doutb_pipe.enb_pipe_reg[0] was removed.  [C:/AMDDesignTools/2025.2/Vivado/data/ip/xpm/xpm_memory/hdl/xpm_memory.sv:3087]
WARNING: [Synth 8-6014] Unused sequential element tx_64.req_ep_reg was removed.  [c:/FPGA/V41_NVP_R1G_VHDL_COMPATIBILITY_BUILD/vivado_project/v41_r1g_vhdl_compatibility.gen/sources_1/ip/xdma_v41_m1/xdma_v4_2/hdl/verilog/xdma_v41_m1_dma_req.sv:201]
WARNING: [Synth 8-6014] Unused sequential element tx_64.req_rid_reg was removed.  [c:/FPGA/V41_NVP_R1G_VHDL_COMPATIBILITY_BUILD/vivado_project/v41_r1g_vhdl_compatibility.gen/sources_1/ip/xdma_v41_m1/xdma_v4_2/hdl/verilog/xdma_v41_m1_dma_req.sv:202]
WARNING: [Synth 8-6014] Unused sequential element tx_64.req_tag_reg was removed.  [c:/FPGA/V41_NVP_R1G_VHDL_COMPATIBILITY_BUILD/vivado_project/v41_r1g_vhdl_compatibility.gen/sources_1/ip/xdma_v41_m1/xdma_v4_2/hdl/verilog/xdma_v41_m1_dma_req.sv:203]
WARNING: [Synth 8-6014] Unused sequential element tx_64.req_cid_reg was removed.  [c:/FPGA/V41_NVP_R1G_VHDL_COMPATIBILITY_BUILD/vivado_project/v41_r1g_vhdl_compatibility.gen/sources_1/ip/xdma_v41_m1/xdma_v4_2/hdl/verilog/xdma_v41_m1_dma_req.sv:204]
WARNING: [Synth 8-6014] Unused sequential element tx_64.req_tc_reg was removed.  [c:/FPGA/V41_NVP_R1G_VHDL_COMPATIBILITY_BUILD/vivado_project/v41_r1g_vhdl_compatibility.gen/sources_1/ip/xdma_v41_m1/xdma_v4_2/hdl/verilog/xdma_v41_m1_dma_req.sv:205]
WARNING: [Synth 8-6014] Unused sequential element tx_64.req_attr_reg was removed.  [c:/FPGA/V41_NVP_R1G_VHDL_COMPATIBILITY_BUILD/vivado_project/v41_r1g_vhdl_compatibility.gen/sources_1/ip/xdma_v41_m1/xdma_v4_2/hdl/verilog/xdma_v41_m1_dma_req.sv:206]
WARNING: [Synth 8-6014] Unused sequential element rc_64.wr_td_reg was removed.  [c:/FPGA/V41_NVP_R1G_VHDL_COMPATIBILITY_BUILD/vivado_project/v41_r1g_vhdl_compatibility.gen/sources_1/ip/xdma_v41_m1/xdma_v4_2/hdl/verilog/xdma_v41_m1_dma_cpl.sv:183]
WARNING: [Synth 8-6014] Unused sequential element rc_64.wr_rid_reg was removed.  [c:/FPGA/V41_NVP_R1G_VHDL_COMPATIBILITY_BUILD/vivado_project/v41_r1g_vhdl_compatibility.gen/sources_1/ip/xdma_v41_m1/xdma_v4_2/hdl/verilog/xdma_v41_m1_dma_cpl.sv:187]
WARNING: [Synth 8-6014] Unused sequential element rc_64.wr_be_reg was removed.  [c:/FPGA/V41_NVP_R1G_VHDL_COMPATIBILITY_BUILD/vivado_project/v41_r1g_vhdl_compatibility.gen/sources_1/ip/xdma_v41_m1/xdma_v4_2/hdl/verilog/xdma_v41_m1_dma_cpl.sv:190]
WARNING: [Synth 8-6014] Unused sequential element rc_64.wr_addr_reg was removed.  [c:/FPGA/V41_NVP_R1G_VHDL_COMPATIBILITY_BUILD/vivado_project/v41_r1g_vhdl_compatibility.gen/sources_1/ip/xdma_v41_m1/xdma_v4_2/hdl/verilog/xdma_v41_m1_dma_cpl.sv:191]
WARNING: [Synth 8-6014] Unused sequential element wr_data_reg_reg was removed.  [c:/FPGA/V41_NVP_R1G_VHDL_COMPATIBILITY_BUILD/vivado_project/v41_r1g_vhdl_compatibility.gen/sources_1/ip/xdma_v41_m1/xdma_v4_2/hdl/verilog/xdma_v41_m1_dma_cpl.sv:161]
WARNING: [Synth 8-6014] Unused sequential element tx_64.req_id_en_reg was removed.  [c:/FPGA/V41_NVP_R1G_VHDL_COMPATIBILITY_BUILD/vivado_project/v41_r1g_vhdl_compatibility.gen/sources_1/ip/xdma_v41_m1/xdma_v4_2/hdl/verilog/xdma_v41_m1_tgt_req.sv:173]
WARNING: [Synth 8-6014] Unused sequential element tx_64.req_ep_reg was removed.  [c:/FPGA/V41_NVP_R1G_VHDL_COMPATIBILITY_BUILD/vivado_project/v41_r1g_vhdl_compatibility.gen/sources_1/ip/xdma_v41_m1/xdma_v4_2/hdl/verilog/xdma_v41_m1_tgt_req.sv:180]
WARNING: [Synth 8-6014] Unused sequential element tx_64.req_lbe_reg was removed.  [c:/FPGA/V41_NVP_R1G_VHDL_COMPATIBILITY_BUILD/vivado_project/v41_r1g_vhdl_compatibility.gen/sources_1/ip/xdma_v41_m1/xdma_v4_2/hdl/verilog/xdma_v41_m1_tgt_req.sv:187]
WARNING: [Synth 8-6014] Unused sequential element tx_64.compl_cid_reg was removed.  [c:/FPGA/V41_NVP_R1G_VHDL_COMPATIBILITY_BUILD/vivado_project/v41_r1g_vhdl_compatibility.gen/sources_1/ip/xdma_v41_m1/xdma_v4_2/hdl/verilog/xdma_v41_m1_tgt_cpl.sv:166]
WARNING: [Synth 8-6014] Unused sequential element tx_64.compl_tc_reg was removed.  [c:/FPGA/V41_NVP_R1G_VHDL_COMPATIBILITY_BUILD/vivado_project/v41_r1g_vhdl_compatibility.gen/sources_1/ip/xdma_v41_m1/xdma_v4_2/hdl/verilog/xdma_v41_m1_tgt_cpl.sv:167]
WARNING: [Synth 8-6014] Unused sequential element tx_64.compl_attr_reg was removed.  [c:/FPGA/V41_NVP_R1G_VHDL_COMPATIBILITY_BUILD/vivado_project/v41_r1g_vhdl_compatibility.gen/sources_1/ip/xdma_v41_m1/xdma_v4_2/hdl/verilog/xdma_v41_m1_tgt_cpl.sv:168]
WARNING: [Synth 8-6014] Unused sequential element tx_64.compl_ecrc_reg was removed.  [c:/FPGA/V41_NVP_R1G_VHDL_COMPATIBILITY_BUILD/vivado_project/v41_r1g_vhdl_compatibility.gen/sources_1/ip/xdma_v41_m1/xdma_v4_2/hdl/verilog/xdma_v41_m1_tgt_cpl.sv:169]
WARNING: [Synth 8-3848] Net pcie_rq_tag in module/entity xdma_v41_m1_axi_stream_intf does not have driver. [c:/FPGA/V41_NVP_R1G_VHDL_COMPATIBILITY_BUILD/vivado_project/v41_r1g_vhdl_compatibility.gen/sources_1/ip/xdma_v41_m1/xdma_v4_2/hdl/verilog/xdma_v41_m1_axi_stream_intf.sv:145]
WARNING: [Synth 8-3848] Net pcie_rq_tag_vld in module/entity xdma_v41_m1_axi_stream_intf does not have driver. [c:/FPGA/V41_NVP_R1G_VHDL_COMPATIBILITY_BUILD/vivado_project/v41_r1g_vhdl_compatibility.gen/sources_1/ip/xdma_v41_m1/xdma_v4_2/hdl/verilog/xdma_v41_m1_axi_stream_intf.sv:146]
WARNING: [Synth 8-6014] Unused sequential element s_axis_tx_tlast_reg was removed.  [c:/FPGA/V41_NVP_R1G_VHDL_COMPATIBILITY_BUILD/vivado_project/v41_r1g_vhdl_compatibility.gen/sources_1/ip/xdma_v41_m1/xdma_v4_2/hdl/verilog/xdma_v41_m1_cfg_sideband.sv:787]
WARNING: [Synth 8-3848] Net g2ip_pl_transmit_hot_rst in module/entity xdma_v41_m1_cfg_sideband does not have driver. [c:/FPGA/V41_NVP_R1G_VHDL_COMPATIBILITY_BUILD/vivado_project/v41_r1g_vhdl_compatibility.gen/sources_1/ip/xdma_v41_m1/xdma_v4_2/hdl/verilog/xdma_v41_m1_cfg_sideband.sv:265]
WARNING: [Synth 8-3848] Net g2ip_pl_downstream_deemph_source in module/entity xdma_v41_m1_cfg_sideband does not have driver. [c:/FPGA/V41_NVP_R1G_VHDL_COMPATIBILITY_BUILD/vivado_project/v41_r1g_vhdl_compatibility.gen/sources_1/ip/xdma_v41_m1/xdma_v4_2/hdl/verilog/xdma_v41_m1_cfg_sideband.sv:266]
WARNING: [Synth 8-3848] Net cfg_function_power_state in module/entity xdma_v41_m1_cfg_sideband does not have driver. [c:/FPGA/V41_NVP_R1G_VHDL_COMPATIBILITY_BUILD/vivado_project/v41_r1g_vhdl_compatibility.gen/sources_1/ip/xdma_v41_m1/xdma_v4_2/hdl/verilog/xdma_v41_m1_cfg_sideband.sv:286]
WARNING: [Synth 8-3848] Net cfg_link_power_state in module/entity xdma_v41_m1_cfg_sideband does not have driver. [c:/FPGA/V41_NVP_R1G_VHDL_COMPATIBILITY_BUILD/vivado_project/v41_r1g_vhdl_compatibility.gen/sources_1/ip/xdma_v41_m1/xdma_v4_2/hdl/verilog/xdma_v41_m1_cfg_sideband.sv:287]
WARNING: [Synth 8-3848] Net cfg_ltssm_state in module/entity xdma_v41_m1_cfg_sideband does not have driver. [c:/FPGA/V41_NVP_R1G_VHDL_COMPATIBILITY_BUILD/vivado_project/v41_r1g_vhdl_compatibility.gen/sources_1/ip/xdma_v41_m1/xdma_v4_2/hdl/verilog/xdma_v41_m1_cfg_sideband.sv:305]
WARNING: [Synth 8-3848] Net cfg_dpa_substate_change in module/entity xdma_v41_m1_cfg_sideband does not have driver. [c:/FPGA/V41_NVP_R1G_VHDL_COMPATIBILITY_BUILD/vivado_project/v41_r1g_vhdl_compatibility.gen/sources_1/ip/xdma_v41_m1/xdma_v4_2/hdl/verilog/xdma_v41_m1_cfg_sideband.sv:307]
WARNING: [Synth 8-3848] Net cfg_obff_enable in module/entity xdma_v41_m1_cfg_sideband does not have driver. [c:/FPGA/V41_NVP_R1G_VHDL_COMPATIBILITY_BUILD/vivado_project/v41_r1g_vhdl_compatibility.gen/sources_1/ip/xdma_v41_m1/xdma_v4_2/hdl/verilog/xdma_v41_m1_cfg_sideband.sv:308]
WARNING: [Synth 8-3848] Net cfg_pl_status_change in module/entity xdma_v41_m1_cfg_sideband does not have driver. [c:/FPGA/V41_NVP_R1G_VHDL_COMPATIBILITY_BUILD/vivado_project/v41_r1g_vhdl_compatibility.gen/sources_1/ip/xdma_v41_m1/xdma_v4_2/hdl/verilog/xdma_v41_m1_cfg_sideband.sv:309]
WARNING: [Synth 8-3848] Net cfg_msg_received in module/entity xdma_v41_m1_cfg_sideband does not have driver. [c:/FPGA/V41_NVP_R1G_VHDL_COMPATIBILITY_BUILD/vivado_project/v41_r1g_vhdl_compatibility.gen/sources_1/ip/xdma_v41_m1/xdma_v4_2/hdl/verilog/xdma_v41_m1_cfg_sideband.sv:311]
WARNING: [Synth 8-3848] Net cfg_msg_received_data in module/entity xdma_v41_m1_cfg_sideband does not have driver. [c:/FPGA/V41_NVP_R1G_VHDL_COMPATIBILITY_BUILD/vivado_project/v41_r1g_vhdl_compatibility.gen/sources_1/ip/xdma_v41_m1/xdma_v4_2/hdl/verilog/xdma_v41_m1_cfg_sideband.sv:312]
WARNING: [Synth 8-3848] Net cfg_msg_received_type in module/entity xdma_v41_m1_cfg_sideband does not have driver. [c:/FPGA/V41_NVP_R1G_VHDL_COMPATIBILITY_BUILD/vivado_project/v41_r1g_vhdl_compatibility.gen/sources_1/ip/xdma_v41_m1/xdma_v4_2/hdl/verilog/xdma_v41_m1_cfg_sideband.sv:313]
WARNING: [Synth 8-3848] Net cfg_msg_transmit_done in module/entity xdma_v41_m1_cfg_sideband does not have driver. [c:/FPGA/V41_NVP_R1G_VHDL_COMPATIBILITY_BUILD/vivado_project/v41_r1g_vhdl_compatibility.gen/sources_1/ip/xdma_v41_m1/xdma_v4_2/hdl/verilog/xdma_v41_m1_cfg_sideband.sv:318]
WARNING: [Synth 8-3848] Net cfg_per_func_status_data in module/entity xdma_v41_m1_cfg_sideband does not have driver. [c:/FPGA/V41_NVP_R1G_VHDL_COMPATIBILITY_BUILD/vivado_project/v41_r1g_vhdl_compatibility.gen/sources_1/ip/xdma_v41_m1/xdma_v4_2/hdl/verilog/xdma_v41_m1_cfg_sideband.sv:329]
WARNING: [Synth 8-3848] Net cfg_per_function_update_done in module/entity xdma_v41_m1_cfg_sideband does not have driver. [c:/FPGA/V41_NVP_R1G_VHDL_COMPATIBILITY_BUILD/vivado_project/v41_r1g_vhdl_compatibility.gen/sources_1/ip/xdma_v41_m1/xdma_v4_2/hdl/verilog/xdma_v41_m1_cfg_sideband.sv:332]
WARNING: [Synth 8-3848] Net cfg_power_state_change_interrupt in module/entity xdma_v41_m1_cfg_sideband does not have driver. [c:/FPGA/V41_NVP_R1G_VHDL_COMPATIBILITY_BUILD/vivado_project/v41_r1g_vhdl_compatibility.gen/sources_1/ip/xdma_v41_m1/xdma_v4_2/hdl/verilog/xdma_v41_m1_cfg_sideband.sv:336]
WARNING: [Synth 8-3848] Net cfg_ext_read_received in module/entity xdma_v41_m1_cfg_sideband does not have driver. [c:/FPGA/V41_NVP_R1G_VHDL_COMPATIBILITY_BUILD/vivado_project/v41_r1g_vhdl_compatibility.gen/sources_1/ip/xdma_v41_m1/xdma_v4_2/hdl/verilog/xdma_v41_m1_cfg_sideband.sv:342]
WARNING: [Synth 8-3848] Net cfg_ext_write_received in module/entity xdma_v41_m1_cfg_sideband does not have driver. [c:/FPGA/V41_NVP_R1G_VHDL_COMPATIBILITY_BUILD/vivado_project/v41_r1g_vhdl_compatibility.gen/sources_1/ip/xdma_v41_m1/xdma_v4_2/hdl/verilog/xdma_v41_m1_cfg_sideband.sv:343]
WARNING: [Synth 8-3848] Net cfg_ext_register_number in module/entity xdma_v41_m1_cfg_sideband does not have driver. [c:/FPGA/V41_NVP_R1G_VHDL_COMPATIBILITY_BUILD/vivado_project/v41_r1g_vhdl_compatibility.gen/sources_1/ip/xdma_v41_m1/xdma_v4_2/hdl/verilog/xdma_v41_m1_cfg_sideband.sv:344]
WARNING: [Synth 8-3848] Net cfg_ext_function_number in module/entity xdma_v41_m1_cfg_sideband does not have driver. [c:/FPGA/V41_NVP_R1G_VHDL_COMPATIBILITY_BUILD/vivado_project/v41_r1g_vhdl_compatibility.gen/sources_1/ip/xdma_v41_m1/xdma_v4_2/hdl/verilog/xdma_v41_m1_cfg_sideband.sv:345]
WARNING: [Synth 8-3848] Net cfg_ext_write_data in module/entity xdma_v41_m1_cfg_sideband does not have driver. [c:/FPGA/V41_NVP_R1G_VHDL_COMPATIBILITY_BUILD/vivado_project/v41_r1g_vhdl_compatibility.gen/sources_1/ip/xdma_v41_m1/xdma_v4_2/hdl/verilog/xdma_v41_m1_cfg_sideband.sv:346]
WARNING: [Synth 8-3848] Net cfg_ext_write_byte_enable in module/entity xdma_v41_m1_cfg_sideband does not have driver. [c:/FPGA/V41_NVP_R1G_VHDL_COMPATIBILITY_BUILD/vivado_project/v41_r1g_vhdl_compatibility.gen/sources_1/ip/xdma_v41_m1/xdma_v4_2/hdl/verilog/xdma_v41_m1_cfg_sideband.sv:347]
WARNING: [Synth 8-3848] Net cfg_interrupt_msi_mask_update in module/entity xdma_v41_m1_cfg_sideband does not have driver. [c:/FPGA/V41_NVP_R1G_VHDL_COMPATIBILITY_BUILD/vivado_project/v41_r1g_vhdl_compatibility.gen/sources_1/ip/xdma_v41_m1/xdma_v4_2/hdl/verilog/xdma_v41_m1_cfg_sideband.sv:362]
WARNING: [Synth 8-3848] Net cfg_interrupt_msi_data in module/entity xdma_v41_m1_cfg_sideband does not have driver. [c:/FPGA/V41_NVP_R1G_VHDL_COMPATIBILITY_BUILD/vivado_project/v41_r1g_vhdl_compatibility.gen/sources_1/ip/xdma_v41_m1/xdma_v4_2/hdl/verilog/xdma_v41_m1_cfg_sideband.sv:363]
WARNING: [Synth 8-3848] Net cfg_interrupt_msi_vf_enable in module/entity xdma_v41_m1_cfg_sideband does not have driver. [c:/FPGA/V41_NVP_R1G_VHDL_COMPATIBILITY_BUILD/vivado_project/v41_r1g_vhdl_compatibility.gen/sources_1/ip/xdma_v41_m1/xdma_v4_2/hdl/verilog/xdma_v41_m1_cfg_sideband.sv:375]
WARNING: [Synth 8-3848] Net cfg_vf_status in module/entity xdma_v41_m1_cfg_sideband does not have driver. [c:/FPGA/V41_NVP_R1G_VHDL_COMPATIBILITY_BUILD/vivado_project/v41_r1g_vhdl_compatibility.gen/sources_1/ip/xdma_v41_m1/xdma_v4_2/hdl/verilog/xdma_v41_m1_cfg_sideband.sv:376]
WARNING: [Synth 8-3848] Net cfg_vf_power_state in module/entity xdma_v41_m1_cfg_sideband does not have driver. [c:/FPGA/V41_NVP_R1G_VHDL_COMPATIBILITY_BUILD/vivado_project/v41_r1g_vhdl_compatibility.gen/sources_1/ip/xdma_v41_m1/xdma_v4_2/hdl/verilog/xdma_v41_m1_cfg_sideband.sv:377]
WARNING: [Synth 8-3848] Net cfg_tph_requester_enable in module/entity xdma_v41_m1_cfg_sideband does not have driver. [c:/FPGA/V41_NVP_R1G_VHDL_COMPATIBILITY_BUILD/vivado_project/v41_r1g_vhdl_compatibility.gen/sources_1/ip/xdma_v41_m1/xdma_v4_2/hdl/verilog/xdma_v41_m1_cfg_sideband.sv:378]
WARNING: [Synth 8-3848] Net cfg_tph_st_mode in module/entity xdma_v41_m1_cfg_sideband does not have driver. [c:/FPGA/V41_NVP_R1G_VHDL_COMPATIBILITY_BUILD/vivado_project/v41_r1g_vhdl_compatibility.gen/sources_1/ip/xdma_v41_m1/xdma_v4_2/hdl/verilog/xdma_v41_m1_cfg_sideband.sv:379]
WARNING: [Synth 8-3848] Net cfg_vf_tph_requester_enable in module/entity xdma_v41_m1_cfg_sideband does not have driver. [c:/FPGA/V41_NVP_R1G_VHDL_COMPATIBILITY_BUILD/vivado_project/v41_r1g_vhdl_compatibility.gen/sources_1/ip/xdma_v41_m1/xdma_v4_2/hdl/verilog/xdma_v41_m1_cfg_sideband.sv:380]
WARNING: [Synth 8-3848] Net cfg_vf_tph_st_mode in module/entity xdma_v41_m1_cfg_sideband does not have driver. [c:/FPGA/V41_NVP_R1G_VHDL_COMPATIBILITY_BUILD/vivado_project/v41_r1g_vhdl_compatibility.gen/sources_1/ip/xdma_v41_m1/xdma_v4_2/hdl/verilog/xdma_v41_m1_cfg_sideband.sv:381]
WARNING: [Synth 8-3848] Net cfg_flr_in_process in module/entity xdma_v41_m1_cfg_sideband does not have driver. [c:/FPGA/V41_NVP_R1G_VHDL_COMPATIBILITY_BUILD/vivado_project/v41_r1g_vhdl_compatibility.gen/sources_1/ip/xdma_v41_m1/xdma_v4_2/hdl/verilog/xdma_v41_m1_cfg_sideband.sv:382]
WARNING: [Synth 8-3848] Net cfg_vf_flr_in_process in module/entity xdma_v41_m1_cfg_sideband does not have driver. [c:/FPGA/V41_NVP_R1G_VHDL_COMPATIBILITY_BUILD/vivado_project/v41_r1g_vhdl_compatibility.gen/sources_1/ip/xdma_v41_m1/xdma_v4_2/hdl/verilog/xdma_v41_m1_cfg_sideband.sv:383]
WARNING: [Synth 8-3848] Net cfg_hot_reset_out in module/entity xdma_v41_m1_cfg_sideband does not have driver. [c:/FPGA/V41_NVP_R1G_VHDL_COMPATIBILITY_BUILD/vivado_project/v41_r1g_vhdl_compatibility.gen/sources_1/ip/xdma_v41_m1/xdma_v4_2/hdl/verilog/xdma_v41_m1_cfg_sideband.sv:388]
INFO: [Synth 8-6014] Unused sequential element trn_rdllp_src_rdy_d_reg was removed.  [c:/FPGA/V41_NVP_R1G_VHDL_COMPATIBILITY_BUILD/vivado_project/v41_r1g_vhdl_compatibility.gen/sources_1/ip/xdma_v41_m1/ip_0/source/xdma_v41_m1_pcie2_ip_axi_basic_tx_thrtl_ctl.v:421]
INFO: [Synth 8-6014] Unused sequential element reg_tlast_reg was removed.  [c:/FPGA/V41_NVP_R1G_VHDL_COMPATIBILITY_BUILD/vivado_project/v41_r1g_vhdl_compatibility.gen/sources_1/ip/xdma_v41_m1/ip_0/source/xdma_v41_m1_pcie2_ip_axi_basic_tx_thrtl_ctl.v:655]
INFO: [Synth 8-6014] Unused sequential element flush_axi_reg was removed.  [c:/FPGA/V41_NVP_R1G_VHDL_COMPATIBILITY_BUILD/vivado_project/v41_r1g_vhdl_compatibility.gen/sources_1/ip/xdma_v41_m1/ip_0/source/xdma_v41_m1_pcie2_ip_axi_basic_tx_pipeline.v:528]
INFO: [Synth 8-6014] Unused sequential element reg_eios_detected_reg was removed.  [c:/FPGA/V41_NVP_R1G_VHDL_COMPATIBILITY_BUILD/vivado_project/v41_r1g_vhdl_compatibility.gen/sources_1/ip/xdma_v41_m1/ip_0/source/xdma_v41_m1_pcie2_ip_gt_rx_valid_filter_7x.v:135]
INFO: [Synth 8-6014] Unused sequential element gt_rx_is_skp0_q_reg was removed.  [c:/FPGA/V41_NVP_R1G_VHDL_COMPATIBILITY_BUILD/vivado_project/v41_r1g_vhdl_compatibility.gen/sources_1/ip/xdma_v41_m1/ip_0/source/xdma_v41_m1_pcie2_ip_gt_rx_valid_filter_7x.v:144]
INFO: [Synth 8-6014] Unused sequential element gt_rx_is_skp1_q_reg was removed.  [c:/FPGA/V41_NVP_R1G_VHDL_COMPATIBILITY_BUILD/vivado_project/v41_r1g_vhdl_compatibility.gen/sources_1/ip/xdma_v41_m1/ip_0/source/xdma_v41_m1_pcie2_ip_gt_rx_valid_filter_7x.v:145]
INFO: [Synth 8-6014] Unused sequential element pclk_sel_slave_reg was removed.  [c:/FPGA/V41_NVP_R1G_VHDL_COMPATIBILITY_BUILD/vivado_project/v41_r1g_vhdl_compatibility.gen/sources_1/ip/xdma_v41_m1/ip_0/source/xdma_v41_m1_pcie2_ip_pipe_clock.v:590]
INFO: [Synth 8-6014] Unused sequential element gen3_rdy_reg was removed.  [c:/FPGA/V41_NVP_R1G_VHDL_COMPATIBILITY_BUILD/vivado_project/v41_r1g_vhdl_compatibility.gen/sources_1/ip/xdma_v41_m1/ip_0/source/xdma_v41_m1_pcie2_ip_pipe_user.v:562]
WARNING: [Synth 8-6014] Unused sequential element rxsync_fsm_disable.rxsync_done_reg was removed.  [c:/FPGA/V41_NVP_R1G_VHDL_COMPATIBILITY_BUILD/vivado_project/v41_r1g_vhdl_compatibility.gen/sources_1/ip/xdma_v41_m1/ip_0/source/xdma_v41_m1_pcie2_ip_pipe_sync.v:613]
INFO: [Synth 8-6014] Unused sequential element pipe_lane[0].gt_rxrcvrdet_c_reg was removed.  [c:/FPGA/V41_NVP_R1G_VHDL_COMPATIBILITY_BUILD/vivado_project/v41_r1g_vhdl_compatibility.gen/sources_1/ip/xdma_v41_m1/ip_0/source/xdma_v41_m1_pcie2_ip_pipe_wrapper.v:1660]
WARNING: [Synth 8-6014] Unused sequential element sys_rst_lock_reg_reg was removed.  [c:/FPGA/V41_NVP_R1G_VHDL_COMPATIBILITY_BUILD/vivado_project/v41_r1g_vhdl_compatibility.gen/sources_1/ip/xdma_v41_m1/xdma_v4_2/hdl/verilog/xdma_v41_m1_core_top.sv:4090]
WARNING: [Synth 8-3848] Net gt_drp_clk in module/entity xdma_v41_m1_core_top does not have driver. [c:/FPGA/V41_NVP_R1G_VHDL_COMPATIBILITY_BUILD/vivado_project/v41_r1g_vhdl_compatibility.gen/sources_1/ip/xdma_v41_m1/xdma_v4_2/hdl/verilog/xdma_v41_m1_core_top.sv:2429]
WARNING: [Synth 8-3848] Net cfg_interrupt_msix_enable_int in module/entity xdma_v41_m1_core_top does not have driver. [c:/FPGA/V41_NVP_R1G_VHDL_COMPATIBILITY_BUILD/vivado_project/v41_r1g_vhdl_compatibility.gen/sources_1/ip/xdma_v41_m1/xdma_v4_2/hdl/verilog/xdma_v41_m1_core_top.sv:3844]
WARNING: [Synth 8-3848] Net m_axis_h2c_tuser_1 in module/entity xdma_v41_m1_core_top does not have driver. [c:/FPGA/V41_NVP_R1G_VHDL_COMPATIBILITY_BUILD/vivado_project/v41_r1g_vhdl_compatibility.gen/sources_1/ip/xdma_v41_m1/xdma_v4_2/hdl/verilog/xdma_v41_m1_core_top.sv:2562]
WARNING: [Synth 8-3848] Net m_axis_h2c_tkeep_1 in module/entity xdma_v41_m1_core_top does not have driver. [c:/FPGA/V41_NVP_R1G_VHDL_COMPATIBILITY_BUILD/vivado_project/v41_r1g_vhdl_compatibility.gen/sources_1/ip/xdma_v41_m1/xdma_v4_2/hdl/verilog/xdma_v41_m1_core_top.sv:2563]
WARNING: [Synth 8-3848] Net m_axis_h2c_tuser_2 in module/entity xdma_v41_m1_core_top does not have driver. [c:/FPGA/V41_NVP_R1G_VHDL_COMPATIBILITY_BUILD/vivado_project/v41_r1g_vhdl_compatibility.gen/sources_1/ip/xdma_v41_m1/xdma_v4_2/hdl/verilog/xdma_v41_m1_core_top.sv:2569]
WARNING: [Synth 8-3848] Net m_axis_h2c_tkeep_2 in module/entity xdma_v41_m1_core_top does not have driver. [c:/FPGA/V41_NVP_R1G_VHDL_COMPATIBILITY_BUILD/vivado_project/v41_r1g_vhdl_compatibility.gen/sources_1/ip/xdma_v41_m1/xdma_v4_2/hdl/verilog/xdma_v41_m1_core_top.sv:2570]
WARNING: [Synth 8-3848] Net m_axis_h2c_tuser_3 in module/entity xdma_v41_m1_core_top does not have driver. [c:/FPGA/V41_NVP_R1G_VHDL_COMPATIBILITY_BUILD/vivado_project/v41_r1g_vhdl_compatibility.gen/sources_1/ip/xdma_v41_m1/xdma_v4_2/hdl/verilog/xdma_v41_m1_core_top.sv:2576]
WARNING: [Synth 8-3848] Net m_axis_h2c_tkeep_3 in module/entity xdma_v41_m1_core_top does not have driver. [c:/FPGA/V41_NVP_R1G_VHDL_COMPATIBILITY_BUILD/vivado_project/v41_r1g_vhdl_compatibility.gen/sources_1/ip/xdma_v41_m1/xdma_v4_2/hdl/verilog/xdma_v41_m1_core_top.sv:2577]
WARNING: [Synth 8-3848] Net c2h_sts_0 in module/entity xdma_v41_m1_core_top does not have driver. [c:/FPGA/V41_NVP_R1G_VHDL_COMPATIBILITY_BUILD/vivado_project/v41_r1g_vhdl_compatibility.gen/sources_1/ip/xdma_v41_m1/xdma_v4_2/hdl/verilog/xdma_v41_m1_core_top.sv:2720]
WARNING: [Synth 8-3848] Net h2c_sts_0 in module/entity xdma_v41_m1_core_top does not have driver. [c:/FPGA/V41_NVP_R1G_VHDL_COMPATIBILITY_BUILD/vivado_project/v41_r1g_vhdl_compatibility.gen/sources_1/ip/xdma_v41_m1/xdma_v4_2/hdl/verilog/xdma_v41_m1_core_top.sv:2721]
WARNING: [Synth 8-3848] Net c2h_sts_1 in module/entity xdma_v41_m1_core_top does not have driver. [c:/FPGA/V41_NVP_R1G_VHDL_COMPATIBILITY_BUILD/vivado_project/v41_r1g_vhdl_compatibility.gen/sources_1/ip/xdma_v41_m1/xdma_v4_2/hdl/verilog/xdma_v41_m1_core_top.sv:2724]
WARNING: [Synth 8-3848] Net h2c_sts_1 in module/entity xdma_v41_m1_core_top does not have driver. [c:/FPGA/V41_NVP_R1G_VHDL_COMPATIBILITY_BUILD/vivado_project/v41_r1g_vhdl_compatibility.gen/sources_1/ip/xdma_v41_m1/xdma_v4_2/hdl/verilog/xdma_v41_m1_core_top.sv:2725]
WARNING: [Synth 8-3848] Net c2h_sts_2 in module/entity xdma_v41_m1_core_top does not have driver. [c:/FPGA/V41_NVP_R1G_VHDL_COMPATIBILITY_BUILD/vivado_project/v41_r1g_vhdl_compatibility.gen/sources_1/ip/xdma_v41_m1/xdma_v4_2/hdl/verilog/xdma_v41_m1_core_top.sv:2728]
WARNING: [Synth 8-3848] Net h2c_sts_2 in module/entity xdma_v41_m1_core_top does not have driver. [c:/FPGA/V41_NVP_R1G_VHDL_COMPATIBILITY_BUILD/vivado_project/v41_r1g_vhdl_compatibility.gen/sources_1/ip/xdma_v41_m1/xdma_v4_2/hdl/verilog/xdma_v41_m1_core_top.sv:2729]
WARNING: [Synth 8-3848] Net c2h_sts_3 in module/entity xdma_v41_m1_core_top does not have driver. [c:/FPGA/V41_NVP_R1G_VHDL_COMPATIBILITY_BUILD/vivado_project/v41_r1g_vhdl_compatibility.gen/sources_1/ip/xdma_v41_m1/xdma_v4_2/hdl/verilog/xdma_v41_m1_core_top.sv:2732]
WARNING: [Synth 8-3848] Net h2c_sts_3 in module/entity xdma_v41_m1_core_top does not have driver. [c:/FPGA/V41_NVP_R1G_VHDL_COMPATIBILITY_BUILD/vivado_project/v41_r1g_vhdl_compatibility.gen/sources_1/ip/xdma_v41_m1/xdma_v4_2/hdl/verilog/xdma_v41_m1_core_top.sv:2733]
WARNING: [Synth 8-3848] Net pipe_debug_debug_out_128_0 in module/entity xdma_v41_m1_core_top does not have driver. [c:/FPGA/V41_NVP_R1G_VHDL_COMPATIBILITY_BUILD/vivado_project/v41_r1g_vhdl_compatibility.gen/sources_1/ip/xdma_v41_m1/xdma_v4_2/hdl/verilog/xdma_v41_m1_core_top.sv:2358]
WARNING: [Synth 8-3848] Net pipe_debug_debug_out_ext_16_0 in module/entity xdma_v41_m1_core_top does not have driver. [c:/FPGA/V41_NVP_R1G_VHDL_COMPATIBILITY_BUILD/vivado_project/v41_r1g_vhdl_compatibility.gen/sources_1/ip/xdma_v41_m1/xdma_v4_2/hdl/verilog/xdma_v41_m1_core_top.sv:2359]
WARNING: [Synth 8-3848] Net pipe_debug_debug_out_128_1 in module/entity xdma_v41_m1_core_top does not have driver. [c:/FPGA/V41_NVP_R1G_VHDL_COMPATIBILITY_BUILD/vivado_project/v41_r1g_vhdl_compatibility.gen/sources_1/ip/xdma_v41_m1/xdma_v4_2/hdl/verilog/xdma_v41_m1_core_top.sv:2360]
WARNING: [Synth 8-3848] Net pipe_debug_debug_out_ext_16_1 in module/entity xdma_v41_m1_core_top does not have driver. [c:/FPGA/V41_NVP_R1G_VHDL_COMPATIBILITY_BUILD/vivado_project/v41_r1g_vhdl_compatibility.gen/sources_1/ip/xdma_v41_m1/xdma_v4_2/hdl/verilog/xdma_v41_m1_core_top.sv:2361]
WARNING: [Synth 8-3848] Net pipe_debug_debug_out_128_2 in module/entity xdma_v41_m1_core_top does not have driver. [c:/FPGA/V41_NVP_R1G_VHDL_COMPATIBILITY_BUILD/vivado_project/v41_r1g_vhdl_compatibility.gen/sources_1/ip/xdma_v41_m1/xdma_v4_2/hdl/verilog/xdma_v41_m1_core_top.sv:2362]
WARNING: [Synth 8-3848] Net pipe_debug_debug_out_ext_16_2 in module/entity xdma_v41_m1_core_top does not have driver. [c:/FPGA/V41_NVP_R1G_VHDL_COMPATIBILITY_BUILD/vivado_project/v41_r1g_vhdl_compatibility.gen/sources_1/ip/xdma_v41_m1/xdma_v4_2/hdl/verilog/xdma_v41_m1_core_top.sv:2363]
WARNING: [Synth 8-3848] Net pipe_debug_debug_out_128_3 in module/entity xdma_v41_m1_core_top does not have driver. [c:/FPGA/V41_NVP_R1G_VHDL_COMPATIBILITY_BUILD/vivado_project/v41_r1g_vhdl_compatibility.gen/sources_1/ip/xdma_v41_m1/xdma_v4_2/hdl/verilog/xdma_v41_m1_core_top.sv:2364]
WARNING: [Synth 8-3848] Net pipe_debug_debug_out_ext_16_3 in module/entity xdma_v41_m1_core_top does not have driver. [c:/FPGA/V41_NVP_R1G_VHDL_COMPATIBILITY_BUILD/vivado_project/v41_r1g_vhdl_compatibility.gen/sources_1/ip/xdma_v41_m1/xdma_v4_2/hdl/verilog/xdma_v41_m1_core_top.sv:2365]
WARNING: [Synth 8-3848] Net pipe_debug_inject_tx_status in module/entity xdma_v41_m1_core_top does not have driver. [c:/FPGA/V41_NVP_R1G_VHDL_COMPATIBILITY_BUILD/vivado_project/v41_r1g_vhdl_compatibility.gen/sources_1/ip/xdma_v41_m1/xdma_v4_2/hdl/verilog/xdma_v41_m1_core_top.sv:2366]
WARNING: [Synth 8-3848] Net pipe_debug_inject_rx_status in module/entity xdma_v41_m1_core_top does not have driver. [c:/FPGA/V41_NVP_R1G_VHDL_COMPATIBILITY_BUILD/vivado_project/v41_r1g_vhdl_compatibility.gen/sources_1/ip/xdma_v41_m1/xdma_v4_2/hdl/verilog/xdma_v41_m1_core_top.sv:2367]
WARNING: [Synth 8-3848] Net pipe_rxprbserr in module/entity xdma_v41_m1_core_top does not have driver. [c:/FPGA/V41_NVP_R1G_VHDL_COMPATIBILITY_BUILD/vivado_project/v41_r1g_vhdl_compatibility.gen/sources_1/ip/xdma_v41_m1/xdma_v4_2/hdl/verilog/xdma_v41_m1_core_top.sv:2968]
WARNING: [Synth 8-3848] Net pipe_rst_fsm in module/entity xdma_v41_m1_core_top does not have driver. [c:/FPGA/V41_NVP_R1G_VHDL_COMPATIBILITY_BUILD/vivado_project/v41_r1g_vhdl_compatibility.gen/sources_1/ip/xdma_v41_m1/xdma_v4_2/hdl/verilog/xdma_v41_m1_core_top.sv:2970]
WARNING: [Synth 8-3848] Net pipe_qrst_fsm in module/entity xdma_v41_m1_core_top does not have driver. [c:/FPGA/V41_NVP_R1G_VHDL_COMPATIBILITY_BUILD/vivado_project/v41_r1g_vhdl_compatibility.gen/sources_1/ip/xdma_v41_m1/xdma_v4_2/hdl/verilog/xdma_v41_m1_core_top.sv:2971]
WARNING: [Synth 8-3848] Net pipe_rate_fsm in module/entity xdma_v41_m1_core_top does not have driver. [c:/FPGA/V41_NVP_R1G_VHDL_COMPATIBILITY_BUILD/vivado_project/v41_r1g_vhdl_compatibility.gen/sources_1/ip/xdma_v41_m1/xdma_v4_2/hdl/verilog/xdma_v41_m1_core_top.sv:2972]
WARNING: [Synth 8-3848] Net pipe_sync_fsm_tx in module/entity xdma_v41_m1_core_top does not have driver. [c:/FPGA/V41_NVP_R1G_VHDL_COMPATIBILITY_BUILD/vivado_project/v41_r1g_vhdl_compatibility.gen/sources_1/ip/xdma_v41_m1/xdma_v4_2/hdl/verilog/xdma_v41_m1_core_top.sv:2973]
WARNING: [Synth 8-3848] Net pipe_sync_fsm_rx in module/entity xdma_v41_m1_core_top does not have driver. [c:/FPGA/V41_NVP_R1G_VHDL_COMPATIBILITY_BUILD/vivado_project/v41_r1g_vhdl_compatibility.gen/sources_1/ip/xdma_v41_m1/xdma_v4_2/hdl/verilog/xdma_v41_m1_core_top.sv:2974]
WARNING: [Synth 8-3848] Net pipe_drp_fsm in module/entity xdma_v41_m1_core_top does not have driver. [c:/FPGA/V41_NVP_R1G_VHDL_COMPATIBILITY_BUILD/vivado_project/v41_r1g_vhdl_compatibility.gen/sources_1/ip/xdma_v41_m1/xdma_v4_2/hdl/verilog/xdma_v41_m1_core_top.sv:2975]
WARNING: [Synth 8-3848] Net pipe_rst_idle in module/entity xdma_v41_m1_core_top does not have driver. [c:/FPGA/V41_NVP_R1G_VHDL_COMPATIBILITY_BUILD/vivado_project/v41_r1g_vhdl_compatibility.gen/sources_1/ip/xdma_v41_m1/xdma_v4_2/hdl/verilog/xdma_v41_m1_core_top.sv:2976]
WARNING: [Synth 8-3848] Net pipe_qrst_idle in module/entity xdma_v41_m1_core_top does not have driver. [c:/FPGA/V41_NVP_R1G_VHDL_COMPATIBILITY_BUILD/vivado_project/v41_r1g_vhdl_compatibility.gen/sources_1/ip/xdma_v41_m1/xdma_v4_2/hdl/verilog/xdma_v41_m1_core_top.sv:2977]
WARNING: [Synth 8-3848] Net pipe_rate_idle in module/entity xdma_v41_m1_core_top does not have driver. [c:/FPGA/V41_NVP_R1G_VHDL_COMPATIBILITY_BUILD/vivado_project/v41_r1g_vhdl_compatibility.gen/sources_1/ip/xdma_v41_m1/xdma_v4_2/hdl/verilog/xdma_v41_m1_core_top.sv:2978]
WARNING: [Synth 8-3848] Net pipe_eyescandataerror in module/entity xdma_v41_m1_core_top does not have driver. [c:/FPGA/V41_NVP_R1G_VHDL_COMPATIBILITY_BUILD/vivado_project/v41_r1g_vhdl_compatibility.gen/sources_1/ip/xdma_v41_m1/xdma_v4_2/hdl/verilog/xdma_v41_m1_core_top.sv:2979]
WARNING: [Synth 8-3848] Net pipe_rxstatus in module/entity xdma_v41_m1_core_top does not have driver. [c:/FPGA/V41_NVP_R1G_VHDL_COMPATIBILITY_BUILD/vivado_project/v41_r1g_vhdl_compatibility.gen/sources_1/ip/xdma_v41_m1/xdma_v4_2/hdl/verilog/xdma_v41_m1_core_top.sv:2980]
WARNING: [Synth 8-3848] Net pipe_dmonitorout in module/entity xdma_v41_m1_core_top does not have driver. [c:/FPGA/V41_NVP_R1G_VHDL_COMPATIBILITY_BUILD/vivado_project/v41_r1g_vhdl_compatibility.gen/sources_1/ip/xdma_v41_m1/xdma_v4_2/hdl/verilog/xdma_v41_m1_core_top.sv:2981]
WARNING: [Synth 8-3848] Net pipe_cpll_lock in module/entity xdma_v41_m1_core_top does not have driver. [c:/FPGA/V41_NVP_R1G_VHDL_COMPATIBILITY_BUILD/vivado_project/v41_r1g_vhdl_compatibility.gen/sources_1/ip/xdma_v41_m1/xdma_v4_2/hdl/verilog/xdma_v41_m1_core_top.sv:2982]
WARNING: [Synth 8-3848] Net pipe_qpll_lock in module/entity xdma_v41_m1_core_top does not have driver. [c:/FPGA/V41_NVP_R1G_VHDL_COMPATIBILITY_BUILD/vivado_project/v41_r1g_vhdl_compatibility.gen/sources_1/ip/xdma_v41_m1/xdma_v4_2/hdl/verilog/xdma_v41_m1_core_top.sv:2983]
WARNING: [Synth 8-3848] Net pipe_rxpmaresetdone in module/entity xdma_v41_m1_core_top does not have driver. [c:/FPGA/V41_NVP_R1G_VHDL_COMPATIBILITY_BUILD/vivado_project/v41_r1g_vhdl_compatibility.gen/sources_1/ip/xdma_v41_m1/xdma_v4_2/hdl/verilog/xdma_v41_m1_core_top.sv:2984]
WARNING: [Synth 8-3848] Net pipe_rxbufstatus in module/entity xdma_v41_m1_core_top does not have driver. [c:/FPGA/V41_NVP_R1G_VHDL_COMPATIBILITY_BUILD/vivado_project/v41_r1g_vhdl_compatibility.gen/sources_1/ip/xdma_v41_m1/xdma_v4_2/hdl/verilog/xdma_v41_m1_core_top.sv:2985]
WARNING: [Synth 8-3848] Net pipe_txphaligndone in module/entity xdma_v41_m1_core_top does not have driver. [c:/FPGA/V41_NVP_R1G_VHDL_COMPATIBILITY_BUILD/vivado_project/v41_r1g_vhdl_compatibility.gen/sources_1/ip/xdma_v41_m1/xdma_v4_2/hdl/verilog/xdma_v41_m1_core_top.sv:2986]
WARNING: [Synth 8-3848] Net pipe_txphinitdone in module/entity xdma_v41_m1_core_top does not have driver. [c:/FPGA/V41_NVP_R1G_VHDL_COMPATIBILITY_BUILD/vivado_project/v41_r1g_vhdl_compatibility.gen/sources_1/ip/xdma_v41_m1/xdma_v4_2/hdl/verilog/xdma_v41_m1_core_top.sv:2987]
WARNING: [Synth 8-3848] Net pipe_txdlysresetdone in module/entity xdma_v41_m1_core_top does not have driver. [c:/FPGA/V41_NVP_R1G_VHDL_COMPATIBILITY_BUILD/vivado_project/v41_r1g_vhdl_compatibility.gen/sources_1/ip/xdma_v41_m1/xdma_v4_2/hdl/verilog/xdma_v41_m1_core_top.sv:2988]
WARNING: [Synth 8-3848] Net pipe_rxphaligndone in module/entity xdma_v41_m1_core_top does not have driver. [c:/FPGA/V41_NVP_R1G_VHDL_COMPATIBILITY_BUILD/vivado_project/v41_r1g_vhdl_compatibility.gen/sources_1/ip/xdma_v41_m1/xdma_v4_2/hdl/verilog/xdma_v41_m1_core_top.sv:2989]
WARNING: [Synth 8-3848] Net pipe_rxdlysresetdone in module/entity xdma_v41_m1_core_top does not have driver. [c:/FPGA/V41_NVP_R1G_VHDL_COMPATIBILITY_BUILD/vivado_project/v41_r1g_vhdl_compatibility.gen/sources_1/ip/xdma_v41_m1/xdma_v4_2/hdl/verilog/xdma_v41_m1_core_top.sv:2990]
WARNING: [Synth 8-3848] Net pipe_rxsyncdone in module/entity xdma_v41_m1_core_top does not have driver. [c:/FPGA/V41_NVP_R1G_VHDL_COMPATIBILITY_BUILD/vivado_project/v41_r1g_vhdl_compatibility.gen/sources_1/ip/xdma_v41_m1/xdma_v4_2/hdl/verilog/xdma_v41_m1_core_top.sv:2991]
WARNING: [Synth 8-3848] Net pipe_rxdisperr in module/entity xdma_v41_m1_core_top does not have driver. [c:/FPGA/V41_NVP_R1G_VHDL_COMPATIBILITY_BUILD/vivado_project/v41_r1g_vhdl_compatibility.gen/sources_1/ip/xdma_v41_m1/xdma_v4_2/hdl/verilog/xdma_v41_m1_core_top.sv:2992]
WARNING: [Synth 8-3848] Net pipe_rxnotintable in module/entity xdma_v41_m1_core_top does not have driver. [c:/FPGA/V41_NVP_R1G_VHDL_COMPATIBILITY_BUILD/vivado_project/v41_r1g_vhdl_compatibility.gen/sources_1/ip/xdma_v41_m1/xdma_v4_2/hdl/verilog/xdma_v41_m1_core_top.sv:2993]
WARNING: [Synth 8-3848] Net pipe_rxcommadet in module/entity xdma_v41_m1_core_top does not have driver. [c:/FPGA/V41_NVP_R1G_VHDL_COMPATIBILITY_BUILD/vivado_project/v41_r1g_vhdl_compatibility.gen/sources_1/ip/xdma_v41_m1/xdma_v4_2/hdl/verilog/xdma_v41_m1_core_top.sv:2994]
WARNING: [Synth 8-3848] Net gt_ch_drp_rdy in module/entity xdma_v41_m1_core_top does not have driver. [c:/FPGA/V41_NVP_R1G_VHDL_COMPATIBILITY_BUILD/vivado_project/v41_r1g_vhdl_compatibility.gen/sources_1/ip/xdma_v41_m1/xdma_v4_2/hdl/verilog/xdma_v41_m1_core_top.sv:2995]
WARNING: [Synth 8-3848] Net pipe_debug_0 in module/entity xdma_v41_m1_core_top does not have driver. [c:/FPGA/V41_NVP_R1G_VHDL_COMPATIBILITY_BUILD/vivado_project/v41_r1g_vhdl_compatibility.gen/sources_1/ip/xdma_v41_m1/xdma_v4_2/hdl/verilog/xdma_v41_m1_core_top.sv:2996]
WARNING: [Synth 8-3848] Net pipe_debug_1 in module/entity xdma_v41_m1_core_top does not have driver. [c:/FPGA/V41_NVP_R1G_VHDL_COMPATIBILITY_BUILD/vivado_project/v41_r1g_vhdl_compatibility.gen/sources_1/ip/xdma_v41_m1/xdma_v4_2/hdl/verilog/xdma_v41_m1_core_top.sv:2997]
WARNING: [Synth 8-3848] Net pipe_debug_2 in module/entity xdma_v41_m1_core_top does not have driver. [c:/FPGA/V41_NVP_R1G_VHDL_COMPATIBILITY_BUILD/vivado_project/v41_r1g_vhdl_compatibility.gen/sources_1/ip/xdma_v41_m1/xdma_v4_2/hdl/verilog/xdma_v41_m1_core_top.sv:2998]
WARNING: [Synth 8-3848] Net pipe_debug_3 in module/entity xdma_v41_m1_core_top does not have driver. [c:/FPGA/V41_NVP_R1G_VHDL_COMPATIBILITY_BUILD/vivado_project/v41_r1g_vhdl_compatibility.gen/sources_1/ip/xdma_v41_m1/xdma_v4_2/hdl/verilog/xdma_v41_m1_core_top.sv:2999]
WARNING: [Synth 8-3848] Net pipe_debug_4 in module/entity xdma_v41_m1_core_top does not have driver. [c:/FPGA/V41_NVP_R1G_VHDL_COMPATIBILITY_BUILD/vivado_project/v41_r1g_vhdl_compatibility.gen/sources_1/ip/xdma_v41_m1/xdma_v4_2/hdl/verilog/xdma_v41_m1_core_top.sv:3000]
WARNING: [Synth 8-3848] Net pipe_debug_5 in module/entity xdma_v41_m1_core_top does not have driver. [c:/FPGA/V41_NVP_R1G_VHDL_COMPATIBILITY_BUILD/vivado_project/v41_r1g_vhdl_compatibility.gen/sources_1/ip/xdma_v41_m1/xdma_v4_2/hdl/verilog/xdma_v41_m1_core_top.sv:3001]
WARNING: [Synth 8-3848] Net pipe_debug_6 in module/entity xdma_v41_m1_core_top does not have driver. [c:/FPGA/V41_NVP_R1G_VHDL_COMPATIBILITY_BUILD/vivado_project/v41_r1g_vhdl_compatibility.gen/sources_1/ip/xdma_v41_m1/xdma_v4_2/hdl/verilog/xdma_v41_m1_core_top.sv:3002]
WARNING: [Synth 8-3848] Net pipe_debug_7 in module/entity xdma_v41_m1_core_top does not have driver. [c:/FPGA/V41_NVP_R1G_VHDL_COMPATIBILITY_BUILD/vivado_project/v41_r1g_vhdl_compatibility.gen/sources_1/ip/xdma_v41_m1/xdma_v4_2/hdl/verilog/xdma_v41_m1_core_top.sv:3003]
WARNING: [Synth 8-3848] Net pipe_debug_8 in module/entity xdma_v41_m1_core_top does not have driver. [c:/FPGA/V41_NVP_R1G_VHDL_COMPATIBILITY_BUILD/vivado_project/v41_r1g_vhdl_compatibility.gen/sources_1/ip/xdma_v41_m1/xdma_v4_2/hdl/verilog/xdma_v41_m1_core_top.sv:3004]
WARNING: [Synth 8-3848] Net pipe_debug_9 in module/entity xdma_v41_m1_core_top does not have driver. [c:/FPGA/V41_NVP_R1G_VHDL_COMPATIBILITY_BUILD/vivado_project/v41_r1g_vhdl_compatibility.gen/sources_1/ip/xdma_v41_m1/xdma_v4_2/hdl/verilog/xdma_v41_m1_core_top.sv:3005]
WARNING: [Synth 8-3848] Net pipe_debug in module/entity xdma_v41_m1_core_top does not have driver. [c:/FPGA/V41_NVP_R1G_VHDL_COMPATIBILITY_BUILD/vivado_project/v41_r1g_vhdl_compatibility.gen/sources_1/ip/xdma_v41_m1/xdma_v4_2/hdl/verilog/xdma_v41_m1_core_top.sv:3006]
WARNING: [Synth 8-3848] Net gt_txelecidle in module/entity xdma_v41_m1_core_top does not have driver. [c:/FPGA/V41_NVP_R1G_VHDL_COMPATIBILITY_BUILD/vivado_project/v41_r1g_vhdl_compatibility.gen/sources_1/ip/xdma_v41_m1/xdma_v4_2/hdl/verilog/xdma_v41_m1_core_top.sv:3021]
INFO: [Common 17-14] Message 'Synth 8-3848' appears 100 times and further instances of the messages will be disabled. Use the Tcl command set_msg_config to change the current settings.
WARNING: [Synth 8-7129] Port GT_RXDISPERR[7] in module xdma_v41_m1_pcie2_ip_gt_wrapper is either unconnected or has no load
WARNING: [Synth 8-7129] Port GT_RXDISPERR[6] in module xdma_v41_m1_pcie2_ip_gt_wrapper is either unconnected or has no load
WARNING: [Synth 8-7129] Port GT_RXDISPERR[5] in module xdma_v41_m1_pcie2_ip_gt_wrapper is either unconnected or has no load
WARNING: [Synth 8-7129] Port GT_RXDISPERR[4] in module xdma_v41_m1_pcie2_ip_gt_wrapper is either unconnected or has no load
WARNING: [Synth 8-7129] Port GT_RXNOTINTABLE[7] in module xdma_v41_m1_pcie2_ip_gt_wrapper is either unconnected or has no load
WARNING: [Synth 8-7129] Port GT_RXNOTINTABLE[6] in module xdma_v41_m1_pcie2_ip_gt_wrapper is either unconnected or has no load
WARNING: [Synth 8-7129] Port GT_RXNOTINTABLE[5] in module xdma_v41_m1_pcie2_ip_gt_wrapper is either unconnected or has no load
WARNING: [Synth 8-7129] Port GT_RXNOTINTABLE[4] in module xdma_v41_m1_pcie2_ip_gt_wrapper is either unconnected or has no load
WARNING: [Synth 8-7129] Port GT_RXCHBONDO[4] in module xdma_v41_m1_pcie2_ip_gt_wrapper is either unconnected or has no load
WARNING: [Synth 8-7129] Port GT_GEN3 in module xdma_v41_m1_pcie2_ip_gt_wrapper is either unconnected or has no load
WARNING: [Synth 8-7129] Port GT_RX_CONVERGE in module xdma_v41_m1_pcie2_ip_gt_wrapper is either unconnected or has no load
WARNING: [Synth 8-7129] Port GT_GTREFCLK0 in module xdma_v41_m1_pcie2_ip_gt_wrapper is either unconnected or has no load
WARNING: [Synth 8-7129] Port GT_CPLLPD in module xdma_v41_m1_pcie2_ip_gt_wrapper is either unconnected or has no load
WARNING: [Synth 8-7129] Port GT_CPLLRESET in module xdma_v41_m1_pcie2_ip_gt_wrapper is either unconnected or has no load
WARNING: [Synth 8-7129] Port GT_RXDFELPMRESET in module xdma_v41_m1_pcie2_ip_gt_wrapper is either unconnected or has no load
WARNING: [Synth 8-7129] Port GT_RXCHBONDI[4] in module xdma_v41_m1_pcie2_ip_gt_wrapper is either unconnected or has no load
WARNING: [Synth 8-7129] Port CLK_CLK in module xdma_v41_m1_pcie2_ip_pipe_clock is either unconnected or has no load
WARNING: [Synth 8-7129] Port CLK_RXOUTCLK_IN[0] in module xdma_v41_m1_pcie2_ip_pipe_clock is either unconnected or has no load
WARNING: [Synth 8-7129] Port INT_QPLLLOCK_OUT[1] in module xdma_v41_m1_pcie2_ip_pipe_wrapper is either unconnected or has no load
WARNING: [Synth 8-7129] Port INT_QPLLOUTCLK_OUT[1] in module xdma_v41_m1_pcie2_ip_pipe_wrapper is either unconnected or has no load
WARNING: [Synth 8-7129] Port INT_QPLLOUTREFCLK_OUT[1] in module xdma_v41_m1_pcie2_ip_pipe_wrapper is either unconnected or has no load
WARNING: [Synth 8-7129] Port QPLL_QPLLRESET[1] in module xdma_v41_m1_pcie2_ip_pipe_wrapper is either unconnected or has no load
WARNING: [Synth 8-7129] Port PIPE_PCLK_IN in module xdma_v41_m1_pcie2_ip_pipe_wrapper is either unconnected or has no load
WARNING: [Synth 8-7129] Port PIPE_RXUSRCLK_IN in module xdma_v41_m1_pcie2_ip_pipe_wrapper is either unconnected or has no load
WARNING: [Synth 8-7129] Port PIPE_RXOUTCLK_IN[0] in module xdma_v41_m1_pcie2_ip_pipe_wrapper is either unconnected or has no load
WARNING: [Synth 8-7129] Port PIPE_DCLK_IN in module xdma_v41_m1_pcie2_ip_pipe_wrapper is either unconnected or has no load
WARNING: [Synth 8-7129] Port PIPE_USERCLK1_IN in module xdma_v41_m1_pcie2_ip_pipe_wrapper is either unconnected or has no load
WARNING: [Synth 8-7129] Port PIPE_USERCLK2_IN in module xdma_v41_m1_pcie2_ip_pipe_wrapper is either unconnected or has no load
WARNING: [Synth 8-7129] Port PIPE_OOBCLK_IN in module xdma_v41_m1_pcie2_ip_pipe_wrapper is either unconnected or has no load
WARNING: [Synth 8-7129] Port PIPE_MMCM_LOCK_IN in module xdma_v41_m1_pcie2_ip_pipe_wrapper is either unconnected or has no load
WARNING: [Synth 8-7129] Port QPLL_DRP_CRSCODE[11] in module xdma_v41_m1_pcie2_ip_pipe_wrapper is either unconnected or has no load
WARNING: [Synth 8-7129] Port QPLL_DRP_CRSCODE[10] in module xdma_v41_m1_pcie2_ip_pipe_wrapper is either unconnected or has no load
WARNING: [Synth 8-7129] Port QPLL_DRP_CRSCODE[9] in module xdma_v41_m1_pcie2_ip_pipe_wrapper is either unconnected or has no load
WARNING: [Synth 8-7129] Port QPLL_DRP_CRSCODE[8] in module xdma_v41_m1_pcie2_ip_pipe_wrapper is either unconnected or has no load
WARNING: [Synth 8-7129] Port QPLL_DRP_CRSCODE[7] in module xdma_v41_m1_pcie2_ip_pipe_wrapper is either unconnected or has no load
WARNING: [Synth 8-7129] Port QPLL_DRP_CRSCODE[6] in module xdma_v41_m1_pcie2_ip_pipe_wrapper is either unconnected or has no load
WARNING: [Synth 8-7129] Port QPLL_DRP_CRSCODE[5] in module xdma_v41_m1_pcie2_ip_pipe_wrapper is either unconnected or has no load
WARNING: [Synth 8-7129] Port QPLL_DRP_CRSCODE[4] in module xdma_v41_m1_pcie2_ip_pipe_wrapper is either unconnected or has no load
WARNING: [Synth 8-7129] Port QPLL_DRP_CRSCODE[3] in module xdma_v41_m1_pcie2_ip_pipe_wrapper is either unconnected or has no load
WARNING: [Synth 8-7129] Port QPLL_DRP_CRSCODE[2] in module xdma_v41_m1_pcie2_ip_pipe_wrapper is either unconnected or has no load
WARNING: [Synth 8-7129] Port QPLL_DRP_CRSCODE[1] in module xdma_v41_m1_pcie2_ip_pipe_wrapper is either unconnected or has no load
WARNING: [Synth 8-7129] Port QPLL_DRP_CRSCODE[0] in module xdma_v41_m1_pcie2_ip_pipe_wrapper is either unconnected or has no load
WARNING: [Synth 8-7129] Port QPLL_DRP_FSM[17] in module xdma_v41_m1_pcie2_ip_pipe_wrapper is either unconnected or has no load
WARNING: [Synth 8-7129] Port QPLL_DRP_FSM[16] in module xdma_v41_m1_pcie2_ip_pipe_wrapper is either unconnected or has no load
WARNING: [Synth 8-7129] Port QPLL_DRP_FSM[15] in module xdma_v41_m1_pcie2_ip_pipe_wrapper is either unconnected or has no load
WARNING: [Synth 8-7129] Port QPLL_DRP_FSM[14] in module xdma_v41_m1_pcie2_ip_pipe_wrapper is either unconnected or has no load
WARNING: [Synth 8-7129] Port QPLL_DRP_FSM[13] in module xdma_v41_m1_pcie2_ip_pipe_wrapper is either unconnected or has no load
WARNING: [Synth 8-7129] Port QPLL_DRP_FSM[12] in module xdma_v41_m1_pcie2_ip_pipe_wrapper is either unconnected or has no load
WARNING: [Synth 8-7129] Port QPLL_DRP_FSM[11] in module xdma_v41_m1_pcie2_ip_pipe_wrapper is either unconnected or has no load
WARNING: [Synth 8-7129] Port QPLL_DRP_FSM[10] in module xdma_v41_m1_pcie2_ip_pipe_wrapper is either unconnected or has no load
WARNING: [Synth 8-7129] Port QPLL_DRP_FSM[9] in module xdma_v41_m1_pcie2_ip_pipe_wrapper is either unconnected or has no load
WARNING: [Synth 8-7129] Port QPLL_DRP_FSM[8] in module xdma_v41_m1_pcie2_ip_pipe_wrapper is either unconnected or has no load
WARNING: [Synth 8-7129] Port QPLL_DRP_FSM[7] in module xdma_v41_m1_pcie2_ip_pipe_wrapper is either unconnected or has no load
WARNING: [Synth 8-7129] Port QPLL_DRP_FSM[6] in module xdma_v41_m1_pcie2_ip_pipe_wrapper is either unconnected or has no load
WARNING: [Synth 8-7129] Port QPLL_DRP_FSM[5] in module xdma_v41_m1_pcie2_ip_pipe_wrapper is either unconnected or has no load
WARNING: [Synth 8-7129] Port QPLL_DRP_FSM[4] in module xdma_v41_m1_pcie2_ip_pipe_wrapper is either unconnected or has no load
WARNING: [Synth 8-7129] Port QPLL_DRP_FSM[3] in module xdma_v41_m1_pcie2_ip_pipe_wrapper is either unconnected or has no load
WARNING: [Synth 8-7129] Port QPLL_DRP_FSM[2] in module xdma_v41_m1_pcie2_ip_pipe_wrapper is either unconnected or has no load
WARNING: [Synth 8-7129] Port QPLL_DRP_FSM[1] in module xdma_v41_m1_pcie2_ip_pipe_wrapper is either unconnected or has no load
WARNING: [Synth 8-7129] Port QPLL_DRP_FSM[0] in module xdma_v41_m1_pcie2_ip_pipe_wrapper is either unconnected or has no load
WARNING: [Synth 8-7129] Port QPLL_DRP_DONE[1] in module xdma_v41_m1_pcie2_ip_pipe_wrapper is either unconnected or has no load
WARNING: [Synth 8-7129] Port QPLL_DRP_DONE[0] in module xdma_v41_m1_pcie2_ip_pipe_wrapper is either unconnected or has no load
WARNING: [Synth 8-7129] Port QPLL_DRP_RESET[1] in module xdma_v41_m1_pcie2_ip_pipe_wrapper is either unconnected or has no load
WARNING: [Synth 8-7129] Port QPLL_DRP_RESET[0] in module xdma_v41_m1_pcie2_ip_pipe_wrapper is either unconnected or has no load
WARNING: [Synth 8-7129] Port QPLL_QPLLLOCK[1] in module xdma_v41_m1_pcie2_ip_pipe_wrapper is either unconnected or has no load
WARNING: [Synth 8-7129] Port QPLL_QPLLLOCK[0] in module xdma_v41_m1_pcie2_ip_pipe_wrapper is either unconnected or has no load
WARNING: [Synth 8-7129] Port QPLL_QPLLOUTCLK[1] in module xdma_v41_m1_pcie2_ip_pipe_wrapper is either unconnected or has no load
WARNING: [Synth 8-7129] Port QPLL_QPLLOUTCLK[0] in module xdma_v41_m1_pcie2_ip_pipe_wrapper is either unconnected or has no load
WARNING: [Synth 8-7129] Port QPLL_QPLLOUTREFCLK[1] in module xdma_v41_m1_pcie2_ip_pipe_wrapper is either unconnected or has no load
WARNING: [Synth 8-7129] Port QPLL_QPLLOUTREFCLK[0] in module xdma_v41_m1_pcie2_ip_pipe_wrapper is either unconnected or has no load
WARNING: [Synth 8-7129] Port PIPE_JTAG_EN in module xdma_v41_m1_pcie2_ip_pipe_wrapper is either unconnected or has no load
WARNING: [Synth 8-7129] Port PLM_IN_RS in module xdma_v41_m1_pcie2_ip_gt_rx_valid_filter_7x is either unconnected or has no load
WARNING: [Synth 8-7129] Port pipe_tx_reset in module xdma_v41_m1_pcie2_ip_gt_top is either unconnected or has no load
WARNING: [Synth 8-7129] Port pipe_rx1_polarity in module xdma_v41_m1_pcie2_ip_gt_top is either unconnected or has no load
WARNING: [Synth 8-7129] Port pipe_tx1_compliance in module xdma_v41_m1_pcie2_ip_gt_top is either unconnected or has no load
WARNING: [Synth 8-7129] Port pipe_tx1_char_is_k[1] in module xdma_v41_m1_pcie2_ip_gt_top is either unconnected or has no load
WARNING: [Synth 8-7129] Port pipe_tx1_char_is_k[0] in module xdma_v41_m1_pcie2_ip_gt_top is either unconnected or has no load
WARNING: [Synth 8-7129] Port pipe_tx1_data[15] in module xdma_v41_m1_pcie2_ip_gt_top is either unconnected or has no load
WARNING: [Synth 8-7129] Port pipe_tx1_data[14] in module xdma_v41_m1_pcie2_ip_gt_top is either unconnected or has no load
WARNING: [Synth 8-7129] Port pipe_tx1_data[13] in module xdma_v41_m1_pcie2_ip_gt_top is either unconnected or has no load
WARNING: [Synth 8-7129] Port pipe_tx1_data[12] in module xdma_v41_m1_pcie2_ip_gt_top is either unconnected or has no load
WARNING: [Synth 8-7129] Port pipe_tx1_data[11] in module xdma_v41_m1_pcie2_ip_gt_top is either unconnected or has no load
WARNING: [Synth 8-7129] Port pipe_tx1_data[10] in module xdma_v41_m1_pcie2_ip_gt_top is either unconnected or has no load
WARNING: [Synth 8-7129] Port pipe_tx1_data[9] in module xdma_v41_m1_pcie2_ip_gt_top is either unconnected or has no load
WARNING: [Synth 8-7129] Port pipe_tx1_data[8] in module xdma_v41_m1_pcie2_ip_gt_top is either unconnected or has no load
WARNING: [Synth 8-7129] Port pipe_tx1_data[7] in module xdma_v41_m1_pcie2_ip_gt_top is either unconnected or has no load
WARNING: [Synth 8-7129] Port pipe_tx1_data[6] in module xdma_v41_m1_pcie2_ip_gt_top is either unconnected or has no load
WARNING: [Synth 8-7129] Port pipe_tx1_data[5] in module xdma_v41_m1_pcie2_ip_gt_top is either unconnected or has no load
WARNING: [Synth 8-7129] Port pipe_tx1_data[4] in module xdma_v41_m1_pcie2_ip_gt_top is either unconnected or has no load
WARNING: [Synth 8-7129] Port pipe_tx1_data[3] in module xdma_v41_m1_pcie2_ip_gt_top is either unconnected or has no load
WARNING: [Synth 8-7129] Port pipe_tx1_data[2] in module xdma_v41_m1_pcie2_ip_gt_top is either unconnected or has no load
WARNING: [Synth 8-7129] Port pipe_tx1_data[1] in module xdma_v41_m1_pcie2_ip_gt_top is either unconnected or has no load
WARNING: [Synth 8-7129] Port pipe_tx1_data[0] in module xdma_v41_m1_pcie2_ip_gt_top is either unconnected or has no load
WARNING: [Synth 8-7129] Port pipe_tx1_elec_idle in module xdma_v41_m1_pcie2_ip_gt_top is either unconnected or has no load
WARNING: [Synth 8-7129] Port pipe_tx1_powerdown[1] in module xdma_v41_m1_pcie2_ip_gt_top is either unconnected or has no load
WARNING: [Synth 8-7129] Port pipe_tx1_powerdown[0] in module xdma_v41_m1_pcie2_ip_gt_top is either unconnected or has no load
WARNING: [Synth 8-7129] Port pipe_rx2_polarity in module xdma_v41_m1_pcie2_ip_gt_top is either unconnected or has no load
WARNING: [Synth 8-7129] Port pipe_tx2_compliance in module xdma_v41_m1_pcie2_ip_gt_top is either unconnected or has no load
WARNING: [Synth 8-7129] Port pipe_tx2_char_is_k[1] in module xdma_v41_m1_pcie2_ip_gt_top is either unconnected or has no load
WARNING: [Synth 8-7129] Port pipe_tx2_char_is_k[0] in module xdma_v41_m1_pcie2_ip_gt_top is either unconnected or has no load
INFO: [Common 17-14] Message 'Synth 8-7129' appears 100 times and further instances of the messages will be disabled. Use the Tcl command set_msg_config to change the current settings.
---------------------------------------------------------------------------------
Finished RTL Elaboration : Time (s): cpu = 00:02:05 ; elapsed = 00:02:19 . Memory (MB): peak = 2704.574 ; gain = 1838.746
---------------------------------------------------------------------------------
---------------------------------------------------------------------------------
Start Handling Custom Attributes
---------------------------------------------------------------------------------
---------------------------------------------------------------------------------
Finished Handling Custom Attributes : Time (s): cpu = 00:02:20 ; elapsed = 00:02:35 . Memory (MB): peak = 2704.574 ; gain = 1838.746
---------------------------------------------------------------------------------
---------------------------------------------------------------------------------
Finished RTL Optimization Phase 1 : Time (s): cpu = 00:02:20 ; elapsed = 00:02:35 . Memory (MB): peak = 2704.574 ; gain = 1838.746
---------------------------------------------------------------------------------
Netlist sorting complete. Time (s): cpu = 00:00:07 ; elapsed = 00:00:07 . Memory (MB): peak = 2716.477 ; gain = 0.000
WARNING: [Netlist 29-345] The value of SIM_DEVICE on instance 'XDMA/inst/xdma_v41_m1_pcie2_to_pcie3_wrapper_i/pcie2_ip_i/inst/inst/gt_top_i/pipe_wrapper_i/pipe_clock_int.pipe_clock_i/pclk_i1_bufgctrl.pclk_i1' of type 'BUFGCTRL' is 'ULTRASCALE'; it is being changed to match the current FPGA architecture, '7SERIES'. For functional simulation to match hardware behavior, the value of SIM_DEVICE should be changed in the source netlist. 
INFO: [Netlist 29-17] Analyzing 30 Unisim elements for replacement
INFO: [Netlist 29-28] Unisim Transformation completed in 1 CPU seconds
INFO: [Project 1-570] Preparing netlist for logic optimization

Processing XDC Constraints
Initializing timing engine
Parsing XDC File [C:/FPGA/WORKTREES/V41_NVP_R1G_VHDL_COMPATIBILITY/xdc/boards/current/xdma_pcie.xdc]
Finished Parsing XDC File [C:/FPGA/WORKTREES/V41_NVP_R1G_VHDL_COMPATIBILITY/xdc/boards/current/xdma_pcie.xdc]
INFO: [Project 1-236] Implementation specific constraints were found while reading constraint file [C:/FPGA/WORKTREES/V41_NVP_R1G_VHDL_COMPATIBILITY/xdc/boards/current/xdma_pcie.xdc]. These constraints will be ignored for synthesis but will be used in implementation. Impacted constraints are listed in the file [.Xil/ahd_capture_top_xdma_propImpl.xdc].
Resolution: To avoid this warning, move constraints listed in [.Xil/ahd_capture_top_xdma_propImpl.xdc] to another XDC file and exclude this new file from synthesis with the used_in_synthesis property (File Properties dialog in GUI) and re-run elaboration/synthesis.
Parsing XDC File [c:/FPGA/V41_NVP_R1G_VHDL_COMPATIBILITY_BUILD/vivado_project/v41_r1g_vhdl_compatibility.gen/sources_1/ip/xdma_v41_m1/ip_0/source/xdma_v41_m1_pcie2_ip-PCIE_X0Y0.xdc] for cell 'XDMA/inst/xdma_v41_m1_pcie2_to_pcie3_wrapper_i/pcie2_ip_i/inst'
Finished Parsing XDC File [c:/FPGA/V41_NVP_R1G_VHDL_COMPATIBILITY_BUILD/vivado_project/v41_r1g_vhdl_compatibility.gen/sources_1/ip/xdma_v41_m1/ip_0/source/xdma_v41_m1_pcie2_ip-PCIE_X0Y0.xdc] for cell 'XDMA/inst/xdma_v41_m1_pcie2_to_pcie3_wrapper_i/pcie2_ip_i/inst'
INFO: [Project 1-236] Implementation specific constraints were found while reading constraint file [c:/FPGA/V41_NVP_R1G_VHDL_COMPATIBILITY_BUILD/vivado_project/v41_r1g_vhdl_compatibility.gen/sources_1/ip/xdma_v41_m1/ip_0/source/xdma_v41_m1_pcie2_ip-PCIE_X0Y0.xdc]. These constraints will be ignored for synthesis but will be used in implementation. Impacted constraints are listed in the file [.Xil/ahd_capture_top_xdma_propImpl.xdc].
Resolution: To avoid this warning, move constraints listed in [.Xil/ahd_capture_top_xdma_propImpl.xdc] to another XDC file and exclude this new file from synthesis with the used_in_synthesis property (File Properties dialog in GUI) and re-run elaboration/synthesis.
Parsing XDC File [c:/FPGA/V41_NVP_R1G_VHDL_COMPATIBILITY_BUILD/vivado_project/v41_r1g_vhdl_compatibility.gen/sources_1/ip/xdma_v41_m1/ip_3/pcie2_fifo_generator_dma_cpl.xdc] for cell 'XDMA/inst/xdma_v41_m1_pcie2_to_pcie3_wrapper_i/xdma_v41_m1_axi_stream_intf_i/xdma_v41_m1_rx_demux_i/dma_cpl_fifo_inst/U0'
Finished Parsing XDC File [c:/FPGA/V41_NVP_R1G_VHDL_COMPATIBILITY_BUILD/vivado_project/v41_r1g_vhdl_compatibility.gen/sources_1/ip/xdma_v41_m1/ip_3/pcie2_fifo_generator_dma_cpl.xdc] for cell 'XDMA/inst/xdma_v41_m1_pcie2_to_pcie3_wrapper_i/xdma_v41_m1_axi_stream_intf_i/xdma_v41_m1_rx_demux_i/dma_cpl_fifo_inst/U0'
Parsing XDC File [c:/FPGA/V41_NVP_R1G_VHDL_COMPATIBILITY_BUILD/vivado_project/v41_r1g_vhdl_compatibility.gen/sources_1/ip/xdma_v41_m1/ip_4/pcie2_fifo_generator_tgt_brdg.xdc] for cell 'XDMA/inst/xdma_v41_m1_pcie2_to_pcie3_wrapper_i/xdma_v41_m1_axi_stream_intf_i/xdma_v41_m1_rx_demux_i/tgt_brdg_fifo_inst/U0'
Finished Parsing XDC File [c:/FPGA/V41_NVP_R1G_VHDL_COMPATIBILITY_BUILD/vivado_project/v41_r1g_vhdl_compatibility.gen/sources_1/ip/xdma_v41_m1/ip_4/pcie2_fifo_generator_tgt_brdg.xdc] for cell 'XDMA/inst/xdma_v41_m1_pcie2_to_pcie3_wrapper_i/xdma_v41_m1_axi_stream_intf_i/xdma_v41_m1_rx_demux_i/tgt_brdg_fifo_inst/U0'
Parsing XDC File [c:/FPGA/V41_NVP_R1G_VHDL_COMPATIBILITY_BUILD/vivado_project/v41_r1g_vhdl_compatibility.gen/sources_1/ip/xdma_v41_m1/xdma_v41_m1_board.xdc] for cell 'XDMA/inst'
Finished Parsing XDC File [c:/FPGA/V41_NVP_R1G_VHDL_COMPATIBILITY_BUILD/vivado_project/v41_r1g_vhdl_compatibility.gen/sources_1/ip/xdma_v41_m1/xdma_v41_m1_board.xdc] for cell 'XDMA/inst'
Parsing XDC File [c:/FPGA/V41_NVP_R1G_VHDL_COMPATIBILITY_BUILD/vivado_project/v41_r1g_vhdl_compatibility.gen/sources_1/ip/xdma_v41_m1/source/xdma_v41_m1_pcie3_7vx_ip.xdc] for cell 'XDMA/inst'
Finished Parsing XDC File [c:/FPGA/V41_NVP_R1G_VHDL_COMPATIBILITY_BUILD/vivado_project/v41_r1g_vhdl_compatibility.gen/sources_1/ip/xdma_v41_m1/source/xdma_v41_m1_pcie3_7vx_ip.xdc] for cell 'XDMA/inst'
INFO: [Project 1-236] Implementation specific constraints were found while reading constraint file [c:/FPGA/V41_NVP_R1G_VHDL_COMPATIBILITY_BUILD/vivado_project/v41_r1g_vhdl_compatibility.gen/sources_1/ip/xdma_v41_m1/source/xdma_v41_m1_pcie3_7vx_ip.xdc]. These constraints will be ignored for synthesis but will be used in implementation. Impacted constraints are listed in the file [.Xil/ahd_capture_top_xdma_propImpl.xdc].
Resolution: To avoid this warning, move constraints listed in [.Xil/ahd_capture_top_xdma_propImpl.xdc] to another XDC file and exclude this new file from synthesis with the used_in_synthesis property (File Properties dialog in GUI) and re-run elaboration/synthesis.
INFO: [Timing 38-2] Deriving generated clocks
write_xdc: Time (s): cpu = 00:00:07 ; elapsed = 00:00:06 . Memory (MB): peak = 2875.137 ; gain = 0.000
Parsing XDC File [c:/FPGA/V41_NVP_R1G_VHDL_COMPATIBILITY_BUILD/vivado_project/v41_r1g_vhdl_compatibility.gen/sources_1/ip/xdma_v41_m1/ip_0/source/ip_xilinx_pcie_2_1_7x_late.xdc] for cell 'XDMA/inst/xdma_v41_m1_pcie2_to_pcie3_wrapper_i/pcie2_ip_i/inst'
Finished Parsing XDC File [c:/FPGA/V41_NVP_R1G_VHDL_COMPATIBILITY_BUILD/vivado_project/v41_r1g_vhdl_compatibility.gen/sources_1/ip/xdma_v41_m1/ip_0/source/ip_xilinx_pcie_2_1_7x_late.xdc] for cell 'XDMA/inst/xdma_v41_m1_pcie2_to_pcie3_wrapper_i/pcie2_ip_i/inst'
INFO: [Project 1-236] Implementation specific constraints were found while reading constraint file [c:/FPGA/V41_NVP_R1G_VHDL_COMPATIBILITY_BUILD/vivado_project/v41_r1g_vhdl_compatibility.gen/sources_1/ip/xdma_v41_m1/ip_0/source/ip_xilinx_pcie_2_1_7x_late.xdc]. These constraints will be ignored for synthesis but will be used in implementation. Impacted constraints are listed in the file [.Xil/ahd_capture_top_xdma_propImpl.xdc].
Resolution: To avoid this warning, move constraints listed in [.Xil/ahd_capture_top_xdma_propImpl.xdc] to another XDC file and exclude this new file from synthesis with the used_in_synthesis property (File Properties dialog in GUI) and re-run elaboration/synthesis.
Parsing XDC File [C:/FPGA/WORKTREES/V41_NVP_R1G_VHDL_COMPATIBILITY/xdc/boards/current/pins.xdc]
Finished Parsing XDC File [C:/FPGA/WORKTREES/V41_NVP_R1G_VHDL_COMPATIBILITY/xdc/boards/current/pins.xdc]
INFO: [Project 1-236] Implementation specific constraints were found while reading constraint file [C:/FPGA/WORKTREES/V41_NVP_R1G_VHDL_COMPATIBILITY/xdc/boards/current/pins.xdc]. These constraints will be ignored for synthesis but will be used in implementation. Impacted constraints are listed in the file [.Xil/ahd_capture_top_xdma_propImpl.xdc].
Resolution: To avoid this warning, move constraints listed in [.Xil/ahd_capture_top_xdma_propImpl.xdc] to another XDC file and exclude this new file from synthesis with the used_in_synthesis property (File Properties dialog in GUI) and re-run elaboration/synthesis.
Parsing XDC File [C:/FPGA/WORKTREES/V41_NVP_R1G_VHDL_COMPATIBILITY/xdc/boards/current/vdo_input_timing.xdc]
Finished Parsing XDC File [C:/FPGA/WORKTREES/V41_NVP_R1G_VHDL_COMPATIBILITY/xdc/boards/current/vdo_input_timing.xdc]
INFO: [Project 1-236] Implementation specific constraints were found while reading constraint file [C:/FPGA/WORKTREES/V41_NVP_R1G_VHDL_COMPATIBILITY/xdc/boards/current/vdo_input_timing.xdc]. These constraints will be ignored for synthesis but will be used in implementation. Impacted constraints are listed in the file [.Xil/ahd_capture_top_xdma_propImpl.xdc].
Resolution: To avoid this warning, move constraints listed in [.Xil/ahd_capture_top_xdma_propImpl.xdc] to another XDC file and exclude this new file from synthesis with the used_in_synthesis property (File Properties dialog in GUI) and re-run elaboration/synthesis.
Parsing XDC File [C:/FPGA/WORKTREES/V41_NVP_R1G_VHDL_COMPATIBILITY/xdc/boards/current/pcie_pio.xdc]
Finished Parsing XDC File [C:/FPGA/WORKTREES/V41_NVP_R1G_VHDL_COMPATIBILITY/xdc/boards/current/pcie_pio.xdc]
INFO: [Project 1-236] Implementation specific constraints were found while reading constraint file [C:/FPGA/WORKTREES/V41_NVP_R1G_VHDL_COMPATIBILITY/xdc/boards/current/pcie_pio.xdc]. These constraints will be ignored for synthesis but will be used in implementation. Impacted constraints are listed in the file [.Xil/ahd_capture_top_xdma_propImpl.xdc].
Resolution: To avoid this warning, move constraints listed in [.Xil/ahd_capture_top_xdma_propImpl.xdc] to another XDC file and exclude this new file from synthesis with the used_in_synthesis property (File Properties dialog in GUI) and re-run elaboration/synthesis.
Parsing XDC File [C:/FPGA/WORKTREES/V41_NVP_R1G_VHDL_COMPATIBILITY/xdc/boards/current/nvp_control.xdc]
Finished Parsing XDC File [C:/FPGA/WORKTREES/V41_NVP_R1G_VHDL_COMPATIBILITY/xdc/boards/current/nvp_control.xdc]
INFO: [Project 1-236] Implementation specific constraints were found while reading constraint file [C:/FPGA/WORKTREES/V41_NVP_R1G_VHDL_COMPATIBILITY/xdc/boards/current/nvp_control.xdc]. These constraints will be ignored for synthesis but will be used in implementation. Impacted constraints are listed in the file [.Xil/ahd_capture_top_xdma_propImpl.xdc].
Resolution: To avoid this warning, move constraints listed in [.Xil/ahd_capture_top_xdma_propImpl.xdc] to another XDC file and exclude this new file from synthesis with the used_in_synthesis property (File Properties dialog in GUI) and re-run elaboration/synthesis.
Parsing XDC File [C:/FPGA/WORKTREES/V41_NVP_R1G_VHDL_COMPATIBILITY/xdc/common/cdc.xdc]
Finished Parsing XDC File [C:/FPGA/WORKTREES/V41_NVP_R1G_VHDL_COMPATIBILITY/xdc/common/cdc.xdc]
INFO: [Project 1-236] Implementation specific constraints were found while reading constraint file [C:/FPGA/WORKTREES/V41_NVP_R1G_VHDL_COMPATIBILITY/xdc/common/cdc.xdc]. These constraints will be ignored for synthesis but will be used in implementation. Impacted constraints are listed in the file [.Xil/ahd_capture_top_xdma_propImpl.xdc].
Resolution: To avoid this warning, move constraints listed in [.Xil/ahd_capture_top_xdma_propImpl.xdc] to another XDC file and exclude this new file from synthesis with the used_in_synthesis property (File Properties dialog in GUI) and re-run elaboration/synthesis.
Parsing XDC File [C:/FPGA/WORKTREES/V41_NVP_R1G_VHDL_COMPATIBILITY/xdc/common/configuration_bank.xdc]
Finished Parsing XDC File [C:/FPGA/WORKTREES/V41_NVP_R1G_VHDL_COMPATIBILITY/xdc/common/configuration_bank.xdc]
INFO: [Project 1-236] Implementation specific constraints were found while reading constraint file [C:/AMDDesignTools/2025.2/Vivado/data/ip/xpm/xpm_cdc/tcl/xpm_cdc_single.tcl]. These constraints will be ignored for synthesis but will be used in implementation. Impacted constraints are listed in the file [.Xil/ahd_capture_top_xdma_propImpl.xdc].
Resolution: To avoid this warning, move constraints listed in [.Xil/ahd_capture_top_xdma_propImpl.xdc] to another XDC file and exclude this new file from synthesis with the used_in_synthesis property (File Properties dialog in GUI) and re-run elaboration/synthesis.
INFO: [Project 1-236] Implementation specific constraints were found while reading constraint file [C:/AMDDesignTools/2025.2/Vivado/data/ip/xpm/xpm_memory/tcl/xpm_memory_xdc.tcl]. These constraints will be ignored for synthesis but will be used in implementation. Impacted constraints are listed in the file [.Xil/ahd_capture_top_xdma_propImpl.xdc].
Resolution: To avoid this warning, move constraints listed in [.Xil/ahd_capture_top_xdma_propImpl.xdc] to another XDC file and exclude this new file from synthesis with the used_in_synthesis property (File Properties dialog in GUI) and re-run elaboration/synthesis.
INFO: [Project 1-1714] 28 XPM XDC files have been applied to the design.
Completed Processing XDC Constraints

Netlist sorting complete. Time (s): cpu = 00:00:00 ; elapsed = 00:00:00.118 . Memory (MB): peak = 2875.137 ; gain = 0.000
INFO: [Project 1-111] Unisim Transformation Summary:
  A total of 3 instances were transformed.
  IOBUF => IOBUF (IBUF, OBUFT): 2 instances
  MMCME2_BASE => MMCME2_ADV: 1 instance 

Constraint Validation Runtime : Time (s): cpu = 00:00:05 ; elapsed = 00:00:05 . Memory (MB): peak = 2875.137 ; gain = 0.000
---------------------------------------------------------------------------------
Finished Constraint Validation : Time (s): cpu = 00:06:01 ; elapsed = 00:06:18 . Memory (MB): peak = 2875.137 ; gain = 2009.309
---------------------------------------------------------------------------------
---------------------------------------------------------------------------------
Start Loading Part and Timing Information
---------------------------------------------------------------------------------
Loading part: xc7a35tcsg325-2
---------------------------------------------------------------------------------
Finished Loading Part and Timing Information : Time (s): cpu = 00:06:01 ; elapsed = 00:06:18 . Memory (MB): peak = 2875.137 ; gain = 2009.309
---------------------------------------------------------------------------------
---------------------------------------------------------------------------------
Start Applying 'set_property' XDC Constraints
---------------------------------------------------------------------------------
---------------------------------------------------------------------------------
Finished applying 'set_property' XDC Constraints : Time (s): cpu = 00:06:03 ; elapsed = 00:06:20 . Memory (MB): peak = 2875.137 ; gain = 2009.309
---------------------------------------------------------------------------------
INFO: [Synth 8-802] inferred FSM for state register 'state_reg' in module 'nvp_i2c_bringup_seq_v38ek'
INFO: [Synth 8-802] inferred FSM for state register 'high_state_reg' in module 'nvp_i2c_tri_phase_probe'
INFO: [Synth 8-802] inferred FSM for state register 'state_reg' in module 'v41_axi_lite_host_bridge'
INFO: [Synth 8-802] inferred FSM for state register 'state_v_reg' in module 'g0p8c2_bt656_slot_producer'
INFO: [Synth 8-802] inferred FSM for state register 'host_state_reg' in module 'g0p8c2_bar_target'
INFO: [Synth 8-802] inferred FSM for state register 'mst_sm_cur_100_reg' in module 'xdma_v4_2_2_dma_axist_mst'
INFO: [Synth 8-802] inferred FSM for state register 'memreqsm_cs_reg' in module 'xdma_v4_2_2_axi_str_masterbr_wrrd_br_v'
INFO: [Synth 8-802] inferred FSM for state register 'cpldtlpSm_cs_reg' in module 'xdma_v4_2_2_axi_str_masterbr_rdtlp_br_v'
INFO: [Synth 8-802] inferred FSM for state register 'wrlitesm_cs_reg' in module 'xdma_v4_2_2_axi_mm_master_wr_br_v'
INFO: [Synth 8-802] inferred FSM for state register 'wrdatasm_cs_reg' in module 'xdma_v4_2_2_axi_mm_master_wr_br_v'
INFO: [Synth 8-802] inferred FSM for state register 'rdliteSM_cs_reg' in module 'xdma_v4_2_2_axi_mm_master_rd_br_v'
INFO: [Synth 8-802] inferred FSM for state register 'tar_sm_mr_cur_reg' in module 'xdma_v4_2_2_vul_tar'
INFO: [Synth 8-802] inferred FSM for state register 'msix_init_state_reg' in module 'xdma_v4_2_2_udma_msix'
INFO: [Synth 8-802] inferred FSM for state register 'intr_issue_state_reg' in module 'xdma_v4_2_2_pcie_userapp_tgt_intr_ctrl'
INFO: [Synth 8-802] inferred FSM for state register 'clk_sm_cur_reg' in module 'xdma_v4_2_2_vul_irq'
INFO: [Synth 8-802] inferred FSM for state register 'gpregsm1.curr_fwft_state_reg' in module 'rd_fwft'
INFO: [Synth 8-802] inferred FSM for state register 'gpregsm1.curr_fwft_state_reg' in module 'rd_fwft__parameterized0'
INFO: [Synth 8-802] inferred FSM for state register 'transfer_SM_reg' in module 'xdma_v41_m1_tx_mux'
INFO: [Synth 8-802] inferred FSM for state register 'tx_64.state_reg' in module 'xdma_v41_m1_dma_req'
INFO: [Synth 8-802] inferred FSM for state register 'rc_64.state_reg' in module 'xdma_v41_m1_dma_cpl'
INFO: [Synth 8-802] inferred FSM for state register 'tx_64.state_reg' in module 'xdma_v41_m1_tgt_req'
INFO: [Synth 8-802] inferred FSM for state register 'tx_64.state_reg' in module 'xdma_v41_m1_tgt_cpl'
INFO: [Synth 8-802] inferred FSM for state register 'reg_state_eios_det_reg' in module 'xdma_v41_m1_pcie2_ip_gt_rx_valid_filter_7x'
INFO: [Synth 8-802] inferred FSM for state register 'fsm_reg' in module 'xdma_v41_m1_pcie2_ip_gtp_pipe_reset'
INFO: [Synth 8-802] inferred FSM for state register 'fsm_reg' in module 'xdma_v41_m1_pcie2_ip_qpll_reset'
INFO: [Synth 8-802] inferred FSM for state register 'fsm_reg' in module 'xdma_v41_m1_pcie2_ip_gtp_pipe_rate'
INFO: [Synth 8-802] inferred FSM for state register 'fsm_reg' in module 'xdma_v41_m1_pcie2_ip_rxeq_scan'
INFO: [Synth 8-802] inferred FSM for state register 'fsm_tx_reg' in module 'xdma_v41_m1_pcie2_ip_pipe_eq'
INFO: [Synth 8-802] inferred FSM for state register 'fsm_rx_reg' in module 'xdma_v41_m1_pcie2_ip_pipe_eq'
INFO: [Synth 8-802] inferred FSM for state register 'fsm_reg' in module 'xdma_v41_m1_pcie2_ip_qpll_drp'
INFO: [Synth 8-802] inferred FSM for state register 'resetovrd.fsm_reg' in module 'xdma_v41_m1_pcie2_ip_pipe_user'
INFO: [Synth 8-802] inferred FSM for state register 'txsync_fsm.fsm_tx_reg' in module 'xdma_v41_m1_pcie2_ip_pipe_sync'
---------------------------------------------------------------------------------------------------
                   State |                     New Encoding |                Previous Encoding 
---------------------------------------------------------------------------------------------------
                    idle | 00000000000000000000000000000000001 |                           000000
                setup_op | 00000000000000000000000000000000010 |                           000001
               start_w_a | 00000000000000000000000000000000100 |                           000010
               start_w_b | 00000000000000000000000000000001000 |                           000011
              send_w_low | 00000000000000000000000000000010000 |                           000100
             send_w_high | 00000000000000000000000000000100000 |                           000101
               ack_w_low | 00000000000000000000000000001000000 |                           000110
              ack_w_high | 00000000000000000000000000010000000 |                           000111
            send_reg_low | 00000000000000000000000000100000000 |                           001000
           send_reg_high | 00000000000000000000000001000000000 |                           001001
             ack_reg_low | 00000000000000000000000010000000000 |                           001010
            ack_reg_high | 00000000000000000000000100000000000 |                           001011
                 rep_low | 00000000000000000000001000000000000 |                           010000
                rep_high | 00000000000000000000010000000000000 |                           010001
             rep_start_a | 00000000000000000000100000000000000 |                           010010
             rep_start_b | 00000000000000000001000000000000000 |                           010011
              send_r_low | 00000000000000000010000000000000000 |                           010100
             send_r_high | 00000000000000000100000000000000000 |                           010101
               ack_r_low | 00000000000000001000000000000000000 |                           010110
              ack_r_high | 00000000000000010000000000000000000 |                           010111
                read_low | 00000000000000100000000000000000000 |                           011000
               read_high | 00000000000001000000000000000000000 |                           011001
         master_nack_low | 00000000000010000000000000000000000 |                           011010
        master_nack_high | 00000000000100000000000000000000000 |                           011011
           send_data_low | 00000000001000000000000000000000000 |                           001100
          send_data_high | 00000000010000000000000000000000000 |                           001101
            ack_data_low | 00000000100000000000000000000000000 |                           001110
           ack_data_high | 00000001000000000000000000000000000 |                           001111
                  stop_a | 00000010000000000000000000000000000 |                           011100
                  stop_b | 00000100000000000000000000000000000 |                           011101
            store_result | 00001000000000000000000000000000000 |                           011110
               wait_slot | 00010000000000000000000000000000000 |                           100000
                 next_op | 00100000000000000000000000000000000 |                           011111
               wait_init | 01000000000000000000000000000000000 |                           100001
                  finish | 10000000000000000000000000000000000 |                           100010
---------------------------------------------------------------------------------------------------
INFO: [Synth 8-3354] encoded FSM with state register 'state_reg' using encoding 'one-hot' in module 'nvp_i2c_bringup_seq_v38ek'
---------------------------------------------------------------------------------------------------
                   State |                     New Encoding |                Previous Encoding 
---------------------------------------------------------------------------------------------------
             H_WAIT_INIT |                            00000 |                           000000
      H_READ_ENTRY_START |                            00001 |                           000001
       H_READ_ENTRY_WAIT |                            00010 |                           000010
 H_WRITE_SAFE_BANK_START |                            00011 |                           000011
  H_WRITE_SAFE_BANK_WAIT |                            00100 |                           000100
H_VERIFY_SAFE_BANK_START |                            00101 |                           000101
 H_VERIFY_SAFE_BANK_WAIT |                            00110 |                           000110
 H_READ_TARGET_PRE_START |                            00111 |                           000111
  H_READ_TARGET_PRE_WAIT |                            01000 |                           001000
          H_PROBE_SELECT |                            01001 |                           001001
H_VERIFY_POST_BANK_START |                            01010 |                           001011
 H_VERIFY_POST_BANK_WAIT |                            01011 |                           001100
H_READ_TARGET_POST_START |                            01100 |                           001101
 H_READ_TARGET_POST_WAIT |                            01101 |                           001110
         H_RESTORE_START |                            01110 |                           001111
          H_RESTORE_WAIT |                            01111 |                           010000
  H_VERIFY_RESTORE_START |                            10000 |                           010001
   H_VERIFY_RESTORE_WAIT |                            10001 |                           010010
            H_FINAL_IDLE |                            10010 |                           010011
            H_PROBE_WAIT |                            10011 |                           001010
            H_ABORT_IDLE |                            10100 |                           010100
   H_ABORT_RESTORE_START |                            10101 |                           010101
    H_ABORT_RESTORE_WAIT |                            10110 |                           010110
    H_ABORT_VERIFY_START |                            10111 |                           010111
     H_ABORT_VERIFY_WAIT |                            11000 |                           011000
           H_ABORT_FINAL |                            11001 |                           011001
                  H_DONE |                            11010 |                           011010
---------------------------------------------------------------------------------------------------
INFO: [Synth 8-3354] encoded FSM with state register 'high_state_reg' using encoding 'sequential' in module 'nvp_i2c_tri_phase_probe'
---------------------------------------------------------------------------------------------------
                   State |                     New Encoding |                Previous Encoding 
---------------------------------------------------------------------------------------------------
                    IDLE |                           000001 |                              000
            READ_REQUEST |                           001000 |                              011
               READ_WAIT |                           000100 |                              100
           READ_RESPONSE |                           000010 |                              101
           WRITE_REQUEST |                           100000 |                              001
          WRITE_RESPONSE |                           010000 |                              010
---------------------------------------------------------------------------------------------------
INFO: [Synth 8-3354] encoded FSM with state register 'state_reg' using encoding 'one-hot' in module 'v41_axi_lite_host_bridge'
---------------------------------------------------------------------------------------------------
                   State |                     New Encoding |                Previous Encoding 
---------------------------------------------------------------------------------------------------
                  P_IDLE |                              000 |                              000
               P_CAPTURE |                              001 |                              001
              P_WAIT_EAV |                              010 |                              010
                P_HEADER |                              011 |                              011
                P_COMMIT |                              100 |                              100
---------------------------------------------------------------------------------------------------
INFO: [Synth 8-3354] encoded FSM with state register 'state_v_reg' using encoding 'sequential' in module 'g0p8c2_bt656_slot_producer'
---------------------------------------------------------------------------------------------------
                   State |                     New Encoding |                Previous Encoding 
---------------------------------------------------------------------------------------------------
                  H_IDLE |                               00 |                               00
             H_BRAM_WAIT |                               01 |                               01
          H_BRAM_CAPTURE |                               10 |                               10
                  iSTATE |                               11 |                               11
*
---------------------------------------------------------------------------------------------------
INFO: [Synth 8-3354] encoded FSM with state register 'host_state_reg' using encoding 'sequential' in module 'g0p8c2_bar_target'
---------------------------------------------------------------------------------------------------
                   State |                     New Encoding |                Previous Encoding 
---------------------------------------------------------------------------------------------------
             mst_sm_idle |                               00 |                               00
             mst_sm_wait |                               01 |                               01
              mst_sm_run |                               10 |                               10
---------------------------------------------------------------------------------------------------
INFO: [Synth 8-3354] encoded FSM with state register 'mst_sm_cur_100_reg' using encoding 'sequential' in module 'xdma_v4_2_2_dma_axist_mst'
---------------------------------------------------------------------------------------------------
                   State |                     New Encoding |                Previous Encoding 
---------------------------------------------------------------------------------------------------
               WRRD_IDLE |                              000 |                              000
             WRRD_MEMREQ |                              001 |                              001
          WRRD_MEMREQ2ND |                              010 |                              010
          WRRD_MEMWRDATA |                              011 |                              100
           WRRD_MEMRDREQ |                              100 |                              011
---------------------------------------------------------------------------------------------------
INFO: [Synth 8-3354] encoded FSM with state register 'memreqsm_cs_reg' using encoding 'sequential' in module 'xdma_v4_2_2_axi_str_masterbr_wrrd_br_v'
---------------------------------------------------------------------------------------------------
                   State |                     New Encoding |                Previous Encoding 
---------------------------------------------------------------------------------------------------
              MCPL_START |                               00 |                               00
          MCPL_CRTDATBT1 |                               01 |                               01
          MCPL_CRTDATBT2 |                               10 |                               10
           MCPL_DATAXFER |                               11 |                               11
---------------------------------------------------------------------------------------------------
INFO: [Synth 8-3354] encoded FSM with state register 'cpldtlpSm_cs_reg' using encoding 'sequential' in module 'xdma_v4_2_2_axi_str_masterbr_rdtlp_br_v'
---------------------------------------------------------------------------------------------------
                   State |                     New Encoding |                Previous Encoding 
---------------------------------------------------------------------------------------------------
           WRLITESM_IDLE |                               00 |                               00
    WRLITESM_PCIETLPINFO |                               01 |                               01
         WRLITESM_WRDATA |                               10 |                               10
         WRLITESM_WAITWR |                               11 |                               11
---------------------------------------------------------------------------------------------------
INFO: [Synth 8-3354] encoded FSM with state register 'wrlitesm_cs_reg' using encoding 'sequential' in module 'xdma_v4_2_2_axi_mm_master_wr_br_v'
---------------------------------------------------------------------------------------------------
                   State |                     New Encoding |                Previous Encoding 
---------------------------------------------------------------------------------------------------
           WDATASM_START |                               00 |                               00
            WDATASM_IDLE |                               01 |                               01
        WDATASM_DATAXFER |                               10 |                               10
---------------------------------------------------------------------------------------------------
INFO: [Synth 8-3354] encoded FSM with state register 'wrdatasm_cs_reg' using encoding 'sequential' in module 'xdma_v4_2_2_axi_mm_master_wr_br_v'
---------------------------------------------------------------------------------------------------
                   State |                     New Encoding |                Previous Encoding 
---------------------------------------------------------------------------------------------------
             RDLITE_IDLE |                               00 |                               00
      RDLITE_PCIETLPINFO |                               01 |                               01
        RDLITE_WAITRDCPL |                               10 |                               10
---------------------------------------------------------------------------------------------------
INFO: [Synth 8-3354] encoded FSM with state register 'rdliteSM_cs_reg' using encoding 'sequential' in module 'xdma_v4_2_2_axi_mm_master_rd_br_v'
---------------------------------------------------------------------------------------------------
                   State |                     New Encoding |                Previous Encoding 
---------------------------------------------------------------------------------------------------
              sm_mr_idle |                             0001 |                             0001
                sm_mr_ld |                             0010 |                             0010
              sm_mr_wait |                             0100 |                             0100
               sm_mr_cpl |                             1000 |                             1000
---------------------------------------------------------------------------------------------------
INFO: [Synth 8-3354] encoded FSM with state register 'tar_sm_mr_cur_reg' using encoding 'one-hot' in module 'xdma_v4_2_2_vul_tar'
---------------------------------------------------------------------------------------------------
                   State |                     New Encoding |                Previous Encoding 
---------------------------------------------------------------------------------------------------
        S_INTR_ISSUE_RST |                        000000001 |                             0000
       S_INTR_ISSUE_IDLE |                        000000010 |                             0001
      S_INTR_ISSUE_ADDRL |                        000000100 |                             0010
      S_INTR_ISSUE_ADDRH |                        000001000 |                             0011
       S_INTR_ISSUE_DATA |                        000010000 |                             0100
     S_INTR_ISSUE_VECCON |                        000100000 |                             0101
        S_INTR_ISSUE_VLD |                        001000000 |                             0110
       S_INTR_ISSUE_SEND |                        010000000 |                             0111
       S_INTR_ISSUE_WAIT |                        100000000 |                             1001
---------------------------------------------------------------------------------------------------
INFO: [Synth 8-3354] encoded FSM with state register 'intr_issue_state_reg' using encoding 'one-hot' in module 'xdma_v4_2_2_pcie_userapp_tgt_intr_ctrl'
---------------------------------------------------------------------------------------------------
                   State |                     New Encoding |                Previous Encoding 
---------------------------------------------------------------------------------------------------
                 sm_idle |                              000 | 00000000000000000000000000000000
                  sm_arb |                              001 | 00000000000000000000000000000001
                  sm_vec |                              010 | 00000000000000000000000000000010
              sm_irq_set |                              011 | 00000000000000000000000000000011
                  sm_irq |                              100 | 00000000000000000000000000000100
              sm_irq_clr |                              101 | 00000000000000000000000000000101
---------------------------------------------------------------------------------------------------
INFO: [Synth 8-3354] encoded FSM with state register 'clk_sm_cur_reg' using encoding 'sequential' in module 'xdma_v4_2_2_vul_irq'
INFO: [Synth 8-6159] Found Keep on FSM register 'gpregsm1.curr_fwft_state_reg' in module 'rd_fwft', re-encoding will not be performed
---------------------------------------------------------------------------------------------------
                   State |                     New Encoding |                Previous Encoding 
---------------------------------------------------------------------------------------------------
                 invalid |                               00 |                               00
            stage1_valid |                               10 |                               10
       both_stages_valid |                               11 |                               11
            stage2_valid |                               01 |                               01
---------------------------------------------------------------------------------------------------
INFO: [Synth 8-6159] Found Keep on FSM register 'gpregsm1.curr_fwft_state_reg' in module 'rd_fwft__parameterized0', re-encoding will not be performed
---------------------------------------------------------------------------------------------------
                   State |                     New Encoding |                Previous Encoding 
---------------------------------------------------------------------------------------------------
                 invalid |                               00 |                               00
            stage1_valid |                               10 |                               10
       both_stages_valid |                               11 |                               11
            stage2_valid |                               01 |                               01
---------------------------------------------------------------------------------------------------
---------------------------------------------------------------------------------------------------
                   State |                     New Encoding |                Previous Encoding 
---------------------------------------------------------------------------------------------------
                 SM_IDLE |                               00 |                               00
                  SM_TGT |                               01 |                               10
                 SM_MSIX |                               10 |                               11
                  SM_REQ |                               11 |                               01
---------------------------------------------------------------------------------------------------
INFO: [Synth 8-3354] encoded FSM with state register 'transfer_SM_reg' using encoding 'sequential' in module 'xdma_v41_m1_tx_mux'
---------------------------------------------------------------------------------------------------
                   State |                     New Encoding |                Previous Encoding 
---------------------------------------------------------------------------------------------------
                 TX_IDLE |                              000 |                              000
              TX_DW0_DW1 |                              001 |                              001
                 TX_DATA |                              010 |                              010
               TX_DATA_N |                              011 |                              011
                  TX_NEW |                              100 |                              101
                 TX_WAIT |                              101 |                              100
---------------------------------------------------------------------------------------------------
INFO: [Synth 8-3354] encoded FSM with state register 'tx_64.state_reg' using encoding 'sequential' in module 'xdma_v41_m1_dma_req'
---------------------------------------------------------------------------------------------------
                   State |                     New Encoding |                Previous Encoding 
---------------------------------------------------------------------------------------------------
                 RX_IDLE |                            00001 |                              000
              RX_DW0_DW1 |                            00010 |                              001
                 RX_DATA |                            00100 |                              010
               RX_DATA_N |                            01000 |                              011
                  RX_NEW |                            10000 |                              100
---------------------------------------------------------------------------------------------------
INFO: [Synth 8-3354] encoded FSM with state register 'rc_64.state_reg' using encoding 'one-hot' in module 'xdma_v41_m1_dma_cpl'
---------------------------------------------------------------------------------------------------
                   State |                     New Encoding |                Previous Encoding 
---------------------------------------------------------------------------------------------------
                 RX_IDLE |                               00 |                              000
              RX_DW0_DW1 |                               01 |                              001
                  RX_DW2 |                               10 |                              010
                 RX_WAIT |                               11 |                              011
---------------------------------------------------------------------------------------------------
INFO: [Synth 8-3354] encoded FSM with state register 'tx_64.state_reg' using encoding 'sequential' in module 'xdma_v41_m1_tgt_req'
---------------------------------------------------------------------------------------------------
                   State |                     New Encoding |                Previous Encoding 
---------------------------------------------------------------------------------------------------
                 TX_IDLE |                               00 |                              000
              TX_DW0_DW1 |                               01 |                              001
                  TX_DW2 |                               10 |                              010
                 TX_WAIT |                               11 |                              011
---------------------------------------------------------------------------------------------------
INFO: [Synth 8-3354] encoded FSM with state register 'tx_64.state_reg' using encoding 'sequential' in module 'xdma_v41_m1_tgt_cpl'
---------------------------------------------------------------------------------------------------
                   State |                     New Encoding |                Previous Encoding 
---------------------------------------------------------------------------------------------------
            EIOS_DET_IDL |                            00001 |                            00001
        EIOS_DET_NO_STR0 |                            00010 |                            00010
           EIOS_DET_STR0 |                            00100 |                            00100
           EIOS_DET_STR1 |                            01000 |                            01000
           EIOS_DET_DONE |                            10000 |                            10000
---------------------------------------------------------------------------------------------------
INFO: [Synth 8-3354] encoded FSM with state register 'reg_state_eios_det_reg' using encoding 'one-hot' in module 'xdma_v41_m1_pcie2_ip_gt_rx_valid_filter_7x'
---------------------------------------------------------------------------------------------------
                   State |                     New Encoding |                Previous Encoding 
---------------------------------------------------------------------------------------------------
            FSM_CFG_WAIT |                  000000000000001 |                            00001
            FSM_PLLRESET |                  001000000000000 |                            00010
       FSM_DRP_X16_START |                  000001000000000 |                            00011
        FSM_DRP_X16_DONE |                  000010000000000 |                            00100
             FSM_PLLLOCK |                  000000100000000 |                            00101
             FSM_GTRESET |                  000000001000000 |                            00110
    FSM_RXPMARESETDONE_1 |                  000000000000100 |                            00111
    FSM_RXPMARESETDONE_2 |                  000000000001000 |                            01000
       FSM_DRP_X20_START |                  000000000010000 |                            01001
        FSM_DRP_X20_DONE |                  000000000100000 |                            01010
           FSM_MMCM_LOCK |                  100000000000000 |                            01011
           FSM_RESETDONE |                  010000000000000 |                            01100
        FSM_TXSYNC_START |                  000100000000000 |                            01101
         FSM_TXSYNC_DONE |                  000000010000000 |                            01110
                FSM_IDLE |                  000000000000010 |                            00000
---------------------------------------------------------------------------------------------------
INFO: [Synth 8-3354] encoded FSM with state register 'fsm_reg' using encoding 'one-hot' in module 'xdma_v41_m1_pcie2_ip_gtp_pipe_reset'
---------------------------------------------------------------------------------------------------
                   State |                     New Encoding |                Previous Encoding 
---------------------------------------------------------------------------------------------------
           FSM_WAIT_LOCK |                         00000001 |                             0010
           FSM_MMCM_LOCK |                         00000010 |                             0011
       FSM_DRP_START_NOM |                         00000100 |                             0100
        FSM_DRP_DONE_NOM |                         00001000 |                             0101
            FSM_QPLLLOCK |                         00010000 |                             0110
        FSM_QPLL_PDRESET |                         00100000 |                             1011
             FSM_QPLL_PD |                         01000000 |                             1100
                FSM_IDLE |                         10000000 |                             0001
---------------------------------------------------------------------------------------------------
INFO: [Synth 8-3354] encoded FSM with state register 'fsm_reg' using encoding 'one-hot' in module 'xdma_v41_m1_pcie2_ip_qpll_reset'
---------------------------------------------------------------------------------------------------
                   State |                     New Encoding |                Previous Encoding 
---------------------------------------------------------------------------------------------------
                FSM_IDLE |                    0000000010000 |                             0000
         FSM_TXDATA_WAIT |                    0000100000000 |                             0001
            FSM_PCLK_SEL |                    0000000001000 |                             0010
       FSM_DRP_X16_START |                    0000000000001 |                             0011
        FSM_DRP_X16_DONE |                    0000000000010 |                             0100
            FSM_RATE_SEL |                    0000000000100 |                             0101
      FSM_RXPMARESETDONE |                    1000000000000 |                             0110
       FSM_DRP_X20_START |                    0001000000000 |                             0111
        FSM_DRP_X20_DONE |                    0010000000000 |                             1000
           FSM_RATE_DONE |                    0100000000000 |                             1001
        FSM_TXSYNC_START |                    0000010000000 |                             1010
         FSM_TXSYNC_DONE |                    0000001000000 |                             1011
                FSM_DONE |                    0000000100000 |                             1100
---------------------------------------------------------------------------------------------------
INFO: [Synth 8-3354] encoded FSM with state register 'fsm_reg' using encoding 'one-hot' in module 'xdma_v41_m1_pcie2_ip_gtp_pipe_rate'
---------------------------------------------------------------------------------------------------
                   State |                     New Encoding |                Previous Encoding 
---------------------------------------------------------------------------------------------------
                  iSTATE |                            00001 |                             0000
*
                FSM_IDLE |                            00010 |                             0001
              FSM_PRESET |                            00100 |                             0010
            FSM_CONVERGE |                            01000 |                             0100
     FSM_NEW_TXCOEFF_REQ |                            10000 |                             1000
---------------------------------------------------------------------------------------------------
INFO: [Synth 8-3354] encoded FSM with state register 'fsm_reg' using encoding 'one-hot' in module 'xdma_v41_m1_pcie2_ip_rxeq_scan'
---------------------------------------------------------------------------------------------------
                   State |                     New Encoding |                Previous Encoding 
---------------------------------------------------------------------------------------------------
                  iSTATE |                              000 |                           000000
*
           FSM_TXEQ_IDLE |                              001 |                           000001
         FSM_TXEQ_PRESET |                              010 |                           000010
        FSM_TXEQ_TXCOEFF |                              011 |                           000100
          FSM_TXEQ_REMAP |                              100 |                           001000
          FSM_TXEQ_QUERY |                              101 |                           010000
           FSM_TXEQ_DONE |                              110 |                           100000
---------------------------------------------------------------------------------------------------
INFO: [Synth 8-3354] encoded FSM with state register 'fsm_tx_reg' using encoding 'sequential' in module 'xdma_v41_m1_pcie2_ip_pipe_eq'
---------------------------------------------------------------------------------------------------
                   State |                     New Encoding |                Previous Encoding 
---------------------------------------------------------------------------------------------------
                  iSTATE |                          0000001 |                           000000
*
           FSM_RXEQ_IDLE |                          0000010 |                           000001
         FSM_RXEQ_PRESET |                          0000100 |                           000010
        FSM_RXEQ_TXCOEFF |                          0001000 |                           000100
             FSM_RXEQ_LF |                          0010000 |                           001000
FSM_RXEQ_NEW_TXCOEFF_REQ |                          0100000 |                           010000
           FSM_RXEQ_DONE |                          1000000 |                           100000
---------------------------------------------------------------------------------------------------
INFO: [Synth 8-3354] encoded FSM with state register 'fsm_rx_reg' using encoding 'one-hot' in module 'xdma_v41_m1_pcie2_ip_pipe_eq'
---------------------------------------------------------------------------------------------------
                   State |                     New Encoding |                Previous Encoding 
---------------------------------------------------------------------------------------------------
                FSM_IDLE |                        000000001 |                        000000001
                FSM_LOAD |                        000000010 |                        000000010
                FSM_READ |                        000000100 |                        000000100
                FSM_RRDY |                        000001000 |                        000001000
               FSM_WRITE |                        000010000 |                        000010000
                FSM_WRDY |                        000100000 |                        000100000
                FSM_DONE |                        001000000 |                        001000000
           FSM_QPLLRESET |                        010000000 |                        010000000
            FSM_QPLLLOCK |                        100000000 |                        100000000
---------------------------------------------------------------------------------------------------
INFO: [Synth 8-3354] encoded FSM with state register 'fsm_reg' using encoding 'one-hot' in module 'xdma_v41_m1_pcie2_ip_qpll_drp'
---------------------------------------------------------------------------------------------------
                   State |                     New Encoding |                Previous Encoding 
---------------------------------------------------------------------------------------------------
                FSM_IDLE |                             0010 |                               00
           FSM_RESETOVRD |                             1000 |                               01
          FSM_RESET_INIT |                             0100 |                               10
               FSM_RESET |                             0001 |                               11
---------------------------------------------------------------------------------------------------
INFO: [Synth 8-3354] encoded FSM with state register 'resetovrd.fsm_reg' using encoding 'one-hot' in module 'xdma_v41_m1_pcie2_ip_pipe_user'
---------------------------------------------------------------------------------------------------
                   State |                     New Encoding |                Previous Encoding 
---------------------------------------------------------------------------------------------------
                  iSTATE |                          0000001 |                           000000
*
         FSM_TXSYNC_IDLE |                          0000010 |                           000001
           FSM_MMCM_LOCK |                          0000100 |                           000010
        FSM_TXSYNC_START |                          0001000 |                           000100
        FSM_TXPHINITDONE |                          0010000 |                           001000
        FSM_TXSYNC_DONE1 |                          0100000 |                           010000
        FSM_TXSYNC_DONE2 |                          1000000 |                           100000
---------------------------------------------------------------------------------------------------
INFO: [Synth 8-3354] encoded FSM with state register 'txsync_fsm.fsm_tx_reg' using encoding 'one-hot' in module 'xdma_v41_m1_pcie2_ip_pipe_sync'
---------------------------------------------------------------------------------
Finished RTL Optimization Phase 2 : Time (s): cpu = 00:08:04 ; elapsed = 00:08:31 . Memory (MB): peak = 2875.137 ; gain = 2009.309
---------------------------------------------------------------------------------
---------------------------------------------------------------------------------
Start RTL Component Statistics 
---------------------------------------------------------------------------------
---------------------------------------------------------------------------------
Finished RTL Component Statistics 
---------------------------------------------------------------------------------
---------------------------------------------------------------------------------
Start Part Resource Summary
---------------------------------------------------------------------------------
Part Resources:
DSPs: 90 (col length:60)
BRAMs: 100 (col length: RAMB18 60 RAMB36 30)
---------------------------------------------------------------------------------
Finished Part Resource Summary
---------------------------------------------------------------------------------
---------------------------------------------------------------------------------
Start Cross Boundary and Area Optimization
---------------------------------------------------------------------------------
INFO: [Synth 8-3333] propagating constant 0 across sequential element (\ll_state_reg[5] )
INFO: [Synth 8-3886] merging instance 'probe_restore_failure_code_reg[2]' (FDRE) to 'probe_restore_failure_code_reg[7]'
INFO: [Synth 8-3886] merging instance 'probe_restore_failure_code_reg[4]' (FDRE) to 'probe_restore_failure_code_reg[7]'
INFO: [Synth 8-3886] merging instance 'probe_restore_failure_code_reg[5]' (FDRE) to 'probe_restore_failure_code_reg[7]'
INFO: [Synth 8-3886] merging instance 'probe_restore_failure_code_reg[6]' (FDRE) to 'probe_restore_failure_code_reg[7]'
INFO: [Synth 8-3333] propagating constant 0 across sequential element (\probe_restore_failure_code_reg[7] )
INFO: [Synth 8-3886] merging instance 'probe_abort_code_reg[4]' (FDRE) to 'probe_abort_code_reg[7]'
INFO: [Synth 8-3886] merging instance 'probe_abort_code_reg[5]' (FDRE) to 'probe_abort_code_reg[7]'
INFO: [Synth 8-3886] merging instance 'probe_abort_code_reg[6]' (FDRE) to 'probe_abort_code_reg[7]'
INFO: [Synth 8-3333] propagating constant 0 across sequential element (\probe_abort_code_reg[7] )
INFO: [Synth 8-3886] merging instance 'guard_count_reg[31]' (FDRE) to 'guard_count_reg[30]'
INFO: [Synth 8-3886] merging instance 'guard_count_reg[30]' (FDRE) to 'guard_count_reg[29]'
INFO: [Synth 8-3886] merging instance 'guard_count_reg[29]' (FDRE) to 'guard_count_reg[28]'
INFO: [Synth 8-3886] merging instance 'guard_count_reg[28]' (FDRE) to 'guard_count_reg[27]'
INFO: [Synth 8-3886] merging instance 'guard_count_reg[27]' (FDRE) to 'guard_count_reg[26]'
INFO: [Synth 8-3886] merging instance 'guard_count_reg[26]' (FDRE) to 'guard_count_reg[25]'
INFO: [Synth 8-3886] merging instance 'guard_count_reg[25]' (FDRE) to 'guard_count_reg[24]'
INFO: [Synth 8-3886] merging instance 'guard_count_reg[24]' (FDRE) to 'guard_count_reg[23]'
INFO: [Synth 8-3886] merging instance 'guard_count_reg[23]' (FDRE) to 'guard_count_reg[22]'
INFO: [Synth 8-3886] merging instance 'guard_count_reg[22]' (FDRE) to 'guard_count_reg[21]'
INFO: [Synth 8-3886] merging instance 'guard_count_reg[21]' (FDRE) to 'guard_count_reg[20]'
INFO: [Synth 8-3886] merging instance 'guard_count_reg[20]' (FDRE) to 'guard_count_reg[19]'
INFO: [Synth 8-3886] merging instance 'guard_count_reg[19]' (FDRE) to 'guard_count_reg[18]'
INFO: [Synth 8-3886] merging instance 'guard_count_reg[18]' (FDRE) to 'guard_count_reg[17]'
INFO: [Synth 8-3886] merging instance 'guard_count_reg[17]' (FDRE) to 'guard_count_reg[16]'
INFO: [Synth 8-3333] propagating constant 0 across sequential element (\guard_count_reg[16] )
INFO: [Synth 8-4471] merging register 'ch_arb_ch_nn1_reg[0:0]' into 'ch_arb_ch_nn1_reg[0:0]' [c:/FPGA/V41_NVP_R1G_VHDL_COMPATIBILITY_BUILD/vivado_project/v41_r1g_vhdl_compatibility.gen/sources_1/ip/xdma_v41_m1/hdl/xdma_v4_2_vl_rfs.sv:16448]
INFO: [Synth 8-3333] propagating constant 0 across sequential element (\dsc_eng.DSC /\cfg_mrs_nn1_reg[6] )
INFO: [Synth 8-3333] propagating constant 0 across sequential element (\dsc_eng.DSC /\rrq_head_adr_nn1_reg[4] )
INFO: [Synth 8-3333] propagating constant 0 across sequential element (\dsc_eng.DSC /\rrq_arb_pri_nn1_reg[0] )
INFO: [Synth 8-3333] propagating constant 1 across sequential element (\WR/gen_rdwr_loop[0].gen_rdwr_eng.RDWR_INST /\cfg_mpl_msk_nn1_reg[6] )
INFO: [Synth 8-3333] propagating constant 0 across sequential element (\WR/gen_rdwr_loop[0].gen_rdwr_eng.RDWR_INST /evt_mrs_mm_nn1_reg)
INFO: [Synth 8-3333] propagating constant 0 across sequential element (\WR/gen_rdwr_loop[0].gen_rdwr_eng.RDWR_INST /\reg_umsk_nn1_reg[31] )
INFO: [Synth 8-3333] propagating constant 0 across sequential element (\WR/gen_rdwr_loop[0].gen_rdwr_eng.RDWR_INST /dat_fifo_dbe_nn1_reg)
INFO: [Synth 8-3333] propagating constant 0 across sequential element (\dsc_eng.DSC /\ch_arb_pri_nn1_reg[0] )
INFO: [Synth 8-3333] propagating constant 0 across sequential element (\dsc_eng.DSC /\dsc_fifo_entry_size_reg[511] )
INFO: [Synth 8-3333] propagating constant 0 across sequential element (\dsc_eng.DSC /\dsc_fifo_entry_size_reg[510] )
INFO: [Synth 8-3333] propagating constant 0 across sequential element (\dsc_eng.DSC /\dsc_fifo_entry_size_reg[509] )
INFO: [Synth 8-3333] propagating constant 0 across sequential element (\dsc_eng.DSC /\dsc_fifo_entry_size_reg[508] )
INFO: [Synth 8-3333] propagating constant 0 across sequential element (\dsc_eng.DSC /\dsc_fifo_entry_size_reg[507] )
INFO: [Synth 8-3333] propagating constant 0 across sequential element (\dsc_eng.DSC /\dsc_fifo_entry_size_reg[506] )
INFO: [Synth 8-3333] propagating constant 0 across sequential element (\dsc_eng.DSC /\dsc_fifo_entry_size_reg[505] )
INFO: [Synth 8-3333] propagating constant 0 across sequential element (\dsc_eng.DSC /\dsc_fifo_entry_size_reg[504] )
INFO: [Synth 8-3333] propagating constant 0 across sequential element (\dsc_eng.DSC /\dsc_fifo_entry_size_reg[503] )
INFO: [Synth 8-3333] propagating constant 0 across sequential element (\dsc_eng.DSC /\dsc_fifo_entry_size_reg[502] )
INFO: [Synth 8-3333] propagating constant 0 across sequential element (\dsc_eng.DSC /\dsc_fifo_entry_size_reg[501] )
INFO: [Synth 8-3333] propagating constant 0 across sequential element (\dsc_eng.DSC /\dsc_fifo_entry_size_reg[500] )
INFO: [Synth 8-3333] propagating constant 0 across sequential element (\dsc_eng.DSC /\dsc_fifo_entry_size_reg[499] )
INFO: [Synth 8-3333] propagating constant 0 across sequential element (\dsc_eng.DSC /\dsc_fifo_entry_size_reg[498] )
INFO: [Synth 8-3333] propagating constant 0 across sequential element (\dsc_eng.DSC /\dsc_fifo_entry_size_reg[497] )
INFO: [Synth 8-3333] propagating constant 0 across sequential element (\dsc_eng.DSC /\dsc_fifo_entry_size_reg[496] )
INFO: [Synth 8-3333] propagating constant 0 across sequential element (\dsc_eng.DSC /\dsc_fifo_entry_size_reg[495] )
INFO: [Synth 8-3333] propagating constant 0 across sequential element (\dsc_eng.DSC /\dsc_fifo_entry_size_reg[494] )
INFO: [Synth 8-3333] propagating constant 0 across sequential element (\dsc_eng.DSC /\dsc_fifo_entry_size_reg[493] )
INFO: [Synth 8-3333] propagating constant 0 across sequential element (\dsc_eng.DSC /\dsc_fifo_entry_size_reg[492] )
INFO: [Synth 8-3333] propagating constant 0 across sequential element (\dsc_eng.DSC /\dsc_fifo_entry_size_reg[491] )
INFO: [Synth 8-3333] propagating constant 0 across sequential element (\dsc_eng.DSC /\dsc_fifo_entry_size_reg[490] )
INFO: [Synth 8-3333] propagating constant 0 across sequential element (\dsc_eng.DSC /\dsc_fifo_entry_size_reg[489] )
INFO: [Synth 8-3333] propagating constant 0 across sequential element (\dsc_eng.DSC /\dsc_fifo_entry_size_reg[488] )
INFO: [Synth 8-3333] propagating constant 0 across sequential element (\dsc_eng.DSC /\dsc_fifo_entry_size_reg[487] )
INFO: [Synth 8-3333] propagating constant 0 across sequential element (\dsc_eng.DSC /\dsc_fifo_entry_size_reg[486] )
INFO: [Synth 8-3333] propagating constant 0 across sequential element (\dsc_eng.DSC /\dsc_fifo_entry_size_reg[485] )
INFO: [Synth 8-3333] propagating constant 0 across sequential element (\dsc_eng.DSC /\dsc_fifo_entry_size_reg[484] )
INFO: [Synth 8-3333] propagating constant 0 across sequential element (\dsc_eng.DSC /\dsc_fifo_entry_size_reg[483] )
INFO: [Synth 8-3333] propagating constant 0 across sequential element (\dsc_eng.DSC /\dsc_fifo_entry_size_reg[482] )
INFO: [Synth 8-3333] propagating constant 0 across sequential element (\dsc_eng.DSC /\dsc_fifo_entry_size_reg[481] )
INFO: [Synth 8-3333] propagating constant 0 across sequential element (\dsc_eng.DSC /\dsc_fifo_entry_size_reg[480] )
INFO: [Synth 8-3333] propagating constant 0 across sequential element (\dsc_eng.DSC /\dsc_fifo_entry_size_reg[479] )
INFO: [Synth 8-3333] propagating constant 0 across sequential element (\dsc_eng.DSC /\dsc_fifo_entry_size_reg[478] )
INFO: [Synth 8-3333] propagating constant 0 across sequential element (\dsc_eng.DSC /\dsc_fifo_entry_size_reg[477] )
INFO: [Synth 8-3333] propagating constant 0 across sequential element (\dsc_eng.DSC /\dsc_fifo_entry_size_reg[476] )
INFO: [Synth 8-3333] propagating constant 0 across sequential element (\dsc_eng.DSC /\dsc_fifo_entry_size_reg[475] )
INFO: [Synth 8-3333] propagating constant 0 across sequential element (\dsc_eng.DSC /\dsc_fifo_entry_size_reg[474] )
INFO: [Synth 8-3333] propagating constant 0 across sequential element (\dsc_eng.DSC /\dsc_fifo_entry_size_reg[473] )
INFO: [Synth 8-3333] propagating constant 0 across sequential element (\dsc_eng.DSC /\dsc_fifo_entry_size_reg[472] )
INFO: [Synth 8-3333] propagating constant 0 across sequential element (\dsc_eng.DSC /\dsc_fifo_entry_size_reg[471] )
INFO: [Synth 8-3333] propagating constant 0 across sequential element (\dsc_eng.DSC /\dsc_fifo_entry_size_reg[470] )
INFO: [Synth 8-3333] propagating constant 0 across sequential element (\dsc_eng.DSC /\dsc_fifo_entry_size_reg[469] )
INFO: [Synth 8-3333] propagating constant 0 across sequential element (\dsc_eng.DSC /\dsc_fifo_entry_size_reg[468] )
INFO: [Synth 8-3333] propagating constant 0 across sequential element (\dsc_eng.DSC /\dsc_fifo_entry_size_reg[467] )
INFO: [Synth 8-3333] propagating constant 0 across sequential element (\dsc_eng.DSC /\dsc_fifo_entry_size_reg[466] )
INFO: [Synth 8-3333] propagating constant 0 across sequential element (\dsc_eng.DSC /\dsc_fifo_entry_size_reg[465] )
INFO: [Synth 8-3333] propagating constant 0 across sequential element (\dsc_eng.DSC /\dsc_fifo_entry_size_reg[464] )
INFO: [Synth 8-3333] propagating constant 0 across sequential element (\dsc_eng.DSC /\dsc_fifo_entry_size_reg[463] )
INFO: [Synth 8-3333] propagating constant 0 across sequential element (\dsc_eng.DSC /\dsc_fifo_entry_size_reg[462] )
INFO: [Synth 8-3333] propagating constant 0 across sequential element (\dsc_eng.DSC /\dsc_fifo_entry_size_reg[461] )
INFO: [Synth 8-3333] propagating constant 0 across sequential element (\dsc_eng.DSC /\dsc_fifo_entry_size_reg[460] )
INFO: [Synth 8-3333] propagating constant 0 across sequential element (\dsc_eng.DSC /\dsc_fifo_entry_size_reg[459] )
INFO: [Synth 8-3333] propagating constant 0 across sequential element (\dsc_eng.DSC /\dsc_fifo_entry_size_reg[458] )
INFO: [Synth 8-3333] propagating constant 0 across sequential element (\dsc_eng.DSC /\dsc_fifo_entry_size_reg[457] )
INFO: [Synth 8-3333] propagating constant 0 across sequential element (\dsc_eng.DSC /\dsc_fifo_entry_size_reg[456] )
INFO: [Synth 8-3333] propagating constant 0 across sequential element (\dsc_eng.DSC /\dsc_fifo_entry_size_reg[455] )
INFO: [Synth 8-3333] propagating constant 0 across sequential element (\dsc_eng.DSC /\dsc_fifo_entry_size_reg[454] )
INFO: [Common 17-14] Message 'Synth 8-3333' appears 100 times and further instances of the messages will be disabled. Use the Tcl command set_msg_config to change the current settings.
INFO: [Synth 8-7067] Removed DRAM instance dsc_eng.DSC/RRQ_FIFO/i_0/MemArray_reg_0_3_120_120 from module xdma_v4_2_2_GenericFIFOHead__parameterized0__2 due to constant propagation
INFO: [Synth 8-7067] Removed DRAM instance dsc_eng.DSC/RRQ_FIFO/i_0/MemArray_reg_0_3_54_59 from module xdma_v4_2_2_GenericFIFOHead__parameterized0__2 due to constant propagation
INFO: [Synth 8-7067] Removed DRAM instance dsc_eng.DSC/RRQ_FIFO/i_0/MemArray_reg_0_3_48_53 from module xdma_v4_2_2_GenericFIFOHead__parameterized0__2 due to constant propagation
INFO: [Synth 8-7067] Removed DRAM instance dsc_eng.DSC/RRQ_FIFO/i_0/MemArray_reg_0_3_36_41 from module xdma_v4_2_2_GenericFIFOHead__parameterized0__2 due to constant propagation
INFO: [Synth 8-7067] Removed DRAM instance dsc_eng.DSC/RRQ_FIFO/i_0/MemArray_reg_0_3_0_5 from module xdma_v4_2_2_GenericFIFOHead__parameterized0__2 due to constant propagation
INFO: [Synth 8-7067] Removed DRAM instance WR/gen_rdwr_loop[0].gen_rdwr_eng.RDWR_INST/RRQ_FIFO/i_0/MemArray_reg_0_3_120_120 from module xdma_v4_2_2_GenericFIFOHead__parameterized0__1 due to constant propagation
INFO: [Synth 8-7067] Removed DRAM instance WR/gen_rdwr_loop[0].gen_rdwr_eng.RDWR_INST/RRQ_FIFO/i_0/MemArray_reg_0_3_0_5 from module xdma_v4_2_2_GenericFIFOHead__parameterized0__1 due to constant propagation
INFO: [Synth 8-7067] Removed DRAM instance dsc_eng.DSC/RRQ_FIFO/i_0/MemArray_reg_0_3_54_59 from module xdma_v4_2_2_GenericFIFOHead__parameterized0__2 due to constant propagation
INFO: [Synth 8-7067] Removed DRAM instance RD/gen_rdwr_loop[0].gen_rdwr_eng.RDWR_INST/RRQ_FIFO/i_0/MemArray_reg_0_3_120_120 from module xdma_v4_2_2_GenericFIFOHead__parameterized0 due to constant propagation
INFO: [Synth 8-7067] Removed DRAM instance RD/gen_rdwr_loop[0].gen_rdwr_eng.RDWR_INST/RRQ_FIFO/i_0/MemArray_reg_0_3_36_41 from module xdma_v4_2_2_GenericFIFOHead__parameterized0 due to constant propagation
INFO: [Synth 8-7067] Removed DRAM instance RD/gen_rdwr_loop[0].gen_rdwr_eng.RDWR_INST/RRQ_FIFO/i_0/MemArray_reg_0_3_0_5 from module xdma_v4_2_2_GenericFIFOHead__parameterized0 due to constant propagation
INFO: [Synth 8-7067] Removed DRAM instance RD/gen_rdwr_loop[0].gen_rdwr_eng.RDWR_INST/WRQ_FIFO/i_0/MemArray_reg_0_3_30_35 from module xdma_v4_2_2_GenericFIFOHead__parameterized2 due to constant propagation
INFO: [Synth 8-7067] Removed DRAM instance RD/gen_rdwr_loop[0].gen_rdwr_eng.RDWR_INST/WRQ_FIFO/i_0/MemArray_reg_0_3_24_29 from module xdma_v4_2_2_GenericFIFOHead__parameterized2 due to constant propagation
INFO: [Synth 8-7067] Removed DRAM instance RD/gen_rdwr_loop[0].gen_rdwr_eng.RDWR_INST/RRQ_FIFO/i_0/MemArray_reg_0_3_36_41 from module xdma_v4_2_2_GenericFIFOHead__parameterized0 due to constant propagation
INFO: [Common 17-14] Message 'Synth 8-7129' appears 100 times and further instances of the messages will be disabled. Use the Tcl command set_msg_config to change the current settings.
INFO: [Synth 8-3886] merging instance 'dma_pcie_req/dma_pcie_rc/dw_tlp_1_sop_ch_reg[0]' (FDR) to 'dma_pcie_req/dma_pcie_rc/dw_tlp_1_sop_reg'
INFO: [Synth 8-3886] merging instance 'dma_pcie_req/dma_pcie_rc/dw_tlp_2_sop_ch_reg[1]' (FDR) to 'dma_pcie_req/dma_pcie_rc/rcb64_stg1_bc_mot_reg[1]'
INFO: [Synth 8-3886] merging instance 'dma_pcie_req/dma_pcie_rc/dw_tlp_1_sop_ch_reg[1]' (FDR) to 'dma_pcie_req/dma_pcie_rc/dw_tlp_1_sop_ch_reg[2]'
INFO: [Synth 8-3886] merging instance 'dma_pcie_req/dma_pcie_rc/dw_tlp_1_sop_ch_reg[2]' (FDR) to 'dma_pcie_req/dma_pcie_rc/dw_tlp_1_sop_ch_reg[3]'
INFO: [Synth 8-3886] merging instance 'dma_pcie_req/dma_pcie_rc/dw_tlp_2_sop_ch_reg[2]' (FDR) to 'dma_pcie_req/dma_pcie_rc/rcb64_stg1_bc_mot_reg[1]'
INFO: [Synth 8-3333] propagating constant 0 across sequential element (dma_pcie_req/dma_pcie_rc/\dw_tlp_1_sop_ch_reg[3] )
INFO: [Synth 8-3886] merging instance 'dma_pcie_req/dma_pcie_rc/dw_tlp_2_sop_ch_reg[3]' (FDR) to 'dma_pcie_req/dma_pcie_rc/rcb64_stg1_bc_mot_reg[1]'
INFO: [Synth 8-3886] merging instance 'dma_pcie_req/dma_pcie_rc/tlp_adr_offset_reg[1]' (FDRE) to 'dma_pcie_req/dma_pcie_rc/tlp_adr_offset_reg[2]'
INFO: [Synth 8-3886] merging instance 'dma_pcie_req/dma_pcie_rc/tlp_adr_offset_reg[2]' (FDRE) to 'dma_pcie_req/dma_pcie_rc/tlp_adr_offset_reg[3]'
INFO: [Synth 8-3333] propagating constant 0 across sequential element (dma_pcie_req/dma_pcie_rc/\tlp_adr_offset_reg[3] )
INFO: [Synth 8-3886] merging instance 'dma_pcie_req/dma_pcie_rq/wtlp_shift_502_reg[0]' (FD) to 'dma_pcie_req/dma_pcie_rq/wtlp_hdr_500_reg[71]'
INFO: [Synth 8-3886] merging instance 'dma_pcie_req/dma_pcie_rc/rcb64_stg1_bc_mot_reg[0]' (FDR) to 'dma_pcie_req/dma_pcie_rc/rcb64_stg1_bc_mot_reg[1]'
INFO: [Synth 8-3886] merging instance 'dma_pcie_req/dma_pcie_rc/rcb64_stg1_bc_mot_reg[1]' (FDR) to 'dma_pcie_req/dma_pcie_rc/dw_tlp_2_sop_reg'
INFO: [Synth 8-3886] merging instance 'dma_enable.wb_eng.dma_pcie_wb_eng/i_9/WB_DAT_FIFO/DataOut_reg[35]' (FD) to 'dma_enable.wb_eng.dma_pcie_wb_eng/i_9/WB_DAT_FIFO/DataOut_reg[32]'
INFO: [Synth 8-3886] merging instance 'dma_enable.wb_eng.dma_pcie_wb_eng/i_9/WB_DAT_FIFO/DataOut_reg[34]' (FD) to 'dma_enable.wb_eng.dma_pcie_wb_eng/i_9/WB_DAT_FIFO/DataOut_reg[32]'
INFO: [Synth 8-3886] merging instance 'dma_enable.wb_eng.dma_pcie_wb_eng/i_9/WB_DAT_FIFO/DataOut_reg[32]' (FD) to 'dma_enable.wb_eng.dma_pcie_wb_eng/i_9/WB_DAT_FIFO/DataOut_reg[33]'
INFO: [Synth 8-3333] propagating constant 0 across sequential element (\dma_enable.wb_eng.dma_pcie_wb_eng /i_9/\WB_DAT_FIFO/DataOut_reg[33] )
INFO: [Synth 8-3886] merging instance 'dma_pcie_req/dma_pcie_rq/resource_reduction_disable_1.wpl_dwa_dat_503_reg[120]' (FDR) to 'dma_pcie_req/dma_pcie_rq/resource_reduction_disable_1.wpl_dwa_dat_503_reg[121]'
INFO: [Synth 8-3886] merging instance 'dma_pcie_req/dma_pcie_rq/resource_reduction_disable_1.wpl_dwa_dat_503_reg[121]' (FDR) to 'dma_pcie_req/dma_pcie_rq/resource_reduction_disable_1.wpl_dwa_dat_503_reg[122]'
INFO: [Synth 8-3886] merging instance 'dma_pcie_req/dma_pcie_rq/resource_reduction_disable_1.wpl_dwa_dat_503_reg[122]' (FDR) to 'dma_pcie_req/dma_pcie_rq/resource_reduction_disable_1.wpl_dwa_dat_503_reg[123]'
INFO: [Synth 8-3886] merging instance 'dma_pcie_req/dma_pcie_rq/resource_reduction_disable_1.wpl_dwa_dat_503_reg[123]' (FDR) to 'dma_pcie_req/dma_pcie_rq/resource_reduction_disable_1.wpl_dwa_dat_503_reg[124]'
INFO: [Synth 8-3886] merging instance 'dma_pcie_req/dma_pcie_rq/resource_reduction_disable_1.wpl_dwa_dat_503_reg[124]' (FDR) to 'dma_pcie_req/dma_pcie_rq/resource_reduction_disable_1.wpl_dwa_dat_503_reg[125]'
INFO: [Synth 8-3886] merging instance 'dma_pcie_req/dma_pcie_rq/resource_reduction_disable_1.wpl_dwa_dat_503_reg[125]' (FDR) to 'dma_pcie_req/dma_pcie_rq/resource_reduction_disable_1.wpl_dwa_dat_503_reg[126]'
INFO: [Synth 8-3886] merging instance 'dma_pcie_req/dma_pcie_rq/resource_reduction_disable_1.wpl_dwa_dat_503_reg[126]' (FDR) to 'dma_pcie_req/dma_pcie_rq/resource_reduction_disable_1.wpl_dwa_dat_503_reg[127]'
INFO: [Synth 8-3886] merging instance 'dma_pcie_req/dma_pcie_rq/resource_reduction_disable_1.wpl_dwa_dat_503_reg[127]' (FDR) to 'dma_pcie_req/dma_pcie_rq/pcie_rq_seq_ret_wr_ff_reg[0]'
INFO: [Synth 8-3886] merging instance 'dma_pcie_req/dma_pcie_rc/pfch_rc_parityerr_reg[63]' (FDRE) to 'dma_pcie_req/dma_pcie_rc/pfch_rc_parityerr_reg[0]'
INFO: [Synth 8-3886] merging instance 'dma_pcie_req/dma_pcie_rc/pfch_rc_parityerr_reg[62]' (FDRE) to 'dma_pcie_req/dma_pcie_rc/pfch_rc_parityerr_reg[0]'
INFO: [Synth 8-3886] merging instance 'dma_pcie_req/dma_pcie_rc/pfch_rc_parityerr_reg[61]' (FDRE) to 'dma_pcie_req/dma_pcie_rc/pfch_rc_parityerr_reg[0]'
INFO: [Synth 8-3886] merging instance 'dma_pcie_req/dma_pcie_rc/pfch_rc_parityerr_reg[60]' (FDRE) to 'dma_pcie_req/dma_pcie_rc/pfch_rc_parityerr_reg[0]'
INFO: [Synth 8-3886] merging instance 'dma_pcie_req/dma_pcie_rc/pfch_rc_parityerr_reg[59]' (FDRE) to 'dma_pcie_req/dma_pcie_rc/pfch_rc_parityerr_reg[0]'
INFO: [Synth 8-3886] merging instance 'dma_pcie_req/dma_pcie_rc/pfch_rc_parityerr_reg[58]' (FDRE) to 'dma_pcie_req/dma_pcie_rc/pfch_rc_parityerr_reg[0]'
INFO: [Synth 8-3886] merging instance 'dma_pcie_req/dma_pcie_rc/pfch_rc_parityerr_reg[57]' (FDRE) to 'dma_pcie_req/dma_pcie_rc/pfch_rc_parityerr_reg[0]'
INFO: [Synth 8-3886] merging instance 'dma_pcie_req/dma_pcie_rc/pfch_rc_parityerr_reg[56]' (FDRE) to 'dma_pcie_req/dma_pcie_rc/pfch_rc_parityerr_reg[0]'
INFO: [Synth 8-3886] merging instance 'dma_pcie_req/dma_pcie_rc/pfch_rc_parityerr_reg[55]' (FDRE) to 'dma_pcie_req/dma_pcie_rc/pfch_rc_parityerr_reg[0]'
INFO: [Synth 8-3886] merging instance 'dma_pcie_req/dma_pcie_rc/pfch_rc_parityerr_reg[54]' (FDRE) to 'dma_pcie_req/dma_pcie_rc/pfch_rc_parityerr_reg[0]'
INFO: [Synth 8-3886] merging instance 'dma_pcie_req/dma_pcie_rc/pfch_rc_parityerr_reg[53]' (FDRE) to 'dma_pcie_req/dma_pcie_rc/pfch_rc_parityerr_reg[0]'
INFO: [Synth 8-3886] merging instance 'dma_pcie_req/dma_pcie_rc/pfch_rc_parityerr_reg[52]' (FDRE) to 'dma_pcie_req/dma_pcie_rc/pfch_rc_parityerr_reg[0]'
INFO: [Synth 8-3886] merging instance 'dma_pcie_req/dma_pcie_rc/pfch_rc_parityerr_reg[51]' (FDRE) to 'dma_pcie_req/dma_pcie_rc/pfch_rc_parityerr_reg[0]'
INFO: [Synth 8-3886] merging instance 'dma_pcie_req/dma_pcie_rc/pfch_rc_parityerr_reg[50]' (FDRE) to 'dma_pcie_req/dma_pcie_rc/pfch_rc_parityerr_reg[0]'
INFO: [Synth 8-3886] merging instance 'dma_pcie_req/dma_pcie_rc/pfch_rc_parityerr_reg[49]' (FDRE) to 'dma_pcie_req/dma_pcie_rc/pfch_rc_parityerr_reg[0]'
INFO: [Synth 8-3886] merging instance 'dma_pcie_req/dma_pcie_rc/pfch_rc_parityerr_reg[48]' (FDRE) to 'dma_pcie_req/dma_pcie_rc/pfch_rc_parityerr_reg[0]'
INFO: [Synth 8-3886] merging instance 'dma_pcie_req/dma_pcie_rc/pfch_rc_parityerr_reg[47]' (FDRE) to 'dma_pcie_req/dma_pcie_rc/pfch_rc_parityerr_reg[0]'
INFO: [Synth 8-3886] merging instance 'dma_pcie_req/dma_pcie_rc/pfch_rc_parityerr_reg[46]' (FDRE) to 'dma_pcie_req/dma_pcie_rc/pfch_rc_parityerr_reg[0]'
INFO: [Synth 8-3886] merging instance 'dma_pcie_req/dma_pcie_rc/pfch_rc_parityerr_reg[45]' (FDRE) to 'dma_pcie_req/dma_pcie_rc/pfch_rc_parityerr_reg[0]'
INFO: [Synth 8-3886] merging instance 'dma_pcie_req/dma_pcie_rc/pfch_rc_parityerr_reg[44]' (FDRE) to 'dma_pcie_req/dma_pcie_rc/pfch_rc_parityerr_reg[0]'
INFO: [Synth 8-3886] merging instance 'dma_pcie_req/dma_pcie_rc/pfch_rc_parityerr_reg[43]' (FDRE) to 'dma_pcie_req/dma_pcie_rc/pfch_rc_parityerr_reg[0]'
INFO: [Synth 8-3886] merging instance 'dma_pcie_req/dma_pcie_rc/pfch_rc_parityerr_reg[42]' (FDRE) to 'dma_pcie_req/dma_pcie_rc/pfch_rc_parityerr_reg[0]'
INFO: [Synth 8-3886] merging instance 'dma_pcie_req/dma_pcie_rc/pfch_rc_parityerr_reg[41]' (FDRE) to 'dma_pcie_req/dma_pcie_rc/pfch_rc_parityerr_reg[0]'
INFO: [Synth 8-3886] merging instance 'dma_pcie_req/dma_pcie_rc/pfch_rc_parityerr_reg[40]' (FDRE) to 'dma_pcie_req/dma_pcie_rc/pfch_rc_parityerr_reg[0]'
INFO: [Synth 8-3886] merging instance 'dma_pcie_req/dma_pcie_rc/pfch_rc_parityerr_reg[39]' (FDRE) to 'dma_pcie_req/dma_pcie_rc/pfch_rc_parityerr_reg[0]'
INFO: [Synth 8-3886] merging instance 'dma_pcie_req/dma_pcie_rc/pfch_rc_parityerr_reg[38]' (FDRE) to 'dma_pcie_req/dma_pcie_rc/pfch_rc_parityerr_reg[0]'
INFO: [Synth 8-3886] merging instance 'dma_pcie_req/dma_pcie_rc/pfch_rc_parityerr_reg[37]' (FDRE) to 'dma_pcie_req/dma_pcie_rc/pfch_rc_parityerr_reg[0]'
INFO: [Synth 8-3886] merging instance 'dma_pcie_req/dma_pcie_rc/pfch_rc_parityerr_reg[36]' (FDRE) to 'dma_pcie_req/dma_pcie_rc/pfch_rc_parityerr_reg[0]'
INFO: [Synth 8-3886] merging instance 'dma_pcie_req/dma_pcie_rc/pfch_rc_parityerr_reg[35]' (FDRE) to 'dma_pcie_req/dma_pcie_rc/pfch_rc_parityerr_reg[0]'
INFO: [Synth 8-3886] merging instance 'dma_pcie_req/dma_pcie_rc/pfch_rc_parityerr_reg[34]' (FDRE) to 'dma_pcie_req/dma_pcie_rc/pfch_rc_parityerr_reg[0]'
INFO: [Synth 8-3886] merging instance 'dma_pcie_req/dma_pcie_rc/pfch_rc_parityerr_reg[33]' (FDRE) to 'dma_pcie_req/dma_pcie_rc/pfch_rc_parityerr_reg[0]'
INFO: [Synth 8-3886] merging instance 'dma_pcie_req/dma_pcie_rc/pfch_rc_parityerr_reg[32]' (FDRE) to 'dma_pcie_req/dma_pcie_rc/pfch_rc_parityerr_reg[0]'
INFO: [Synth 8-3886] merging instance 'dma_pcie_req/dma_pcie_rc/pfch_rc_parityerr_reg[31]' (FDRE) to 'dma_pcie_req/dma_pcie_rc/pfch_rc_parityerr_reg[0]'
INFO: [Synth 8-3886] merging instance 'dma_pcie_req/dma_pcie_rc/pfch_rc_parityerr_reg[30]' (FDRE) to 'dma_pcie_req/dma_pcie_rc/pfch_rc_parityerr_reg[0]'
INFO: [Synth 8-3886] merging instance 'dma_pcie_req/dma_pcie_rc/pfch_rc_parityerr_reg[29]' (FDRE) to 'dma_pcie_req/dma_pcie_rc/pfch_rc_parityerr_reg[0]'
INFO: [Synth 8-3886] merging instance 'dma_pcie_req/dma_pcie_rc/pfch_rc_parityerr_reg[28]' (FDRE) to 'dma_pcie_req/dma_pcie_rc/pfch_rc_parityerr_reg[0]'
INFO: [Synth 8-3886] merging instance 'dma_pcie_req/dma_pcie_rc/pfch_rc_parityerr_reg[27]' (FDRE) to 'dma_pcie_req/dma_pcie_rc/pfch_rc_parityerr_reg[0]'
INFO: [Synth 8-3886] merging instance 'dma_pcie_req/dma_pcie_rc/pfch_rc_parityerr_reg[26]' (FDRE) to 'dma_pcie_req/dma_pcie_rc/pfch_rc_parityerr_reg[0]'
INFO: [Synth 8-3886] merging instance 'dma_pcie_req/dma_pcie_rc/pfch_rc_parityerr_reg[25]' (FDRE) to 'dma_pcie_req/dma_pcie_rc/pfch_rc_parityerr_reg[0]'
INFO: [Synth 8-3886] merging instance 'dma_pcie_req/dma_pcie_rc/pfch_rc_parityerr_reg[24]' (FDRE) to 'dma_pcie_req/dma_pcie_rc/pfch_rc_parityerr_reg[0]'
INFO: [Synth 8-3886] merging instance 'dma_pcie_req/dma_pcie_rc/pfch_rc_parityerr_reg[23]' (FDRE) to 'dma_pcie_req/dma_pcie_rc/pfch_rc_parityerr_reg[0]'
INFO: [Synth 8-3886] merging instance 'dma_pcie_req/dma_pcie_rc/pfch_rc_parityerr_reg[22]' (FDRE) to 'dma_pcie_req/dma_pcie_rc/pfch_rc_parityerr_reg[0]'
INFO: [Synth 8-3886] merging instance 'dma_pcie_req/dma_pcie_rc/pfch_rc_parityerr_reg[21]' (FDRE) to 'dma_pcie_req/dma_pcie_rc/pfch_rc_parityerr_reg[0]'
INFO: [Synth 8-3886] merging instance 'dma_pcie_req/dma_pcie_rc/pfch_rc_parityerr_reg[20]' (FDRE) to 'dma_pcie_req/dma_pcie_rc/pfch_rc_parityerr_reg[0]'
INFO: [Synth 8-3886] merging instance 'dma_pcie_req/dma_pcie_rc/pfch_rc_parityerr_reg[19]' (FDRE) to 'dma_pcie_req/dma_pcie_rc/pfch_rc_parityerr_reg[0]'
INFO: [Synth 8-3886] merging instance 'dma_pcie_req/dma_pcie_rc/pfch_rc_parityerr_reg[18]' (FDRE) to 'dma_pcie_req/dma_pcie_rc/pfch_rc_parityerr_reg[0]'
INFO: [Synth 8-3886] merging instance 'dma_pcie_req/dma_pcie_rc/pfch_rc_parityerr_reg[17]' (FDRE) to 'dma_pcie_req/dma_pcie_rc/pfch_rc_parityerr_reg[0]'
INFO: [Synth 8-3886] merging instance 'dma_pcie_req/dma_pcie_rc/pfch_rc_parityerr_reg[16]' (FDRE) to 'dma_pcie_req/dma_pcie_rc/pfch_rc_parityerr_reg[0]'
INFO: [Synth 8-3886] merging instance 'dma_pcie_req/dma_pcie_rc/pfch_rc_parityerr_reg[15]' (FDRE) to 'dma_pcie_req/dma_pcie_rc/pfch_rc_parityerr_reg[0]'
INFO: [Synth 8-3886] merging instance 'dma_pcie_req/dma_pcie_rc/pfch_rc_parityerr_reg[14]' (FDRE) to 'dma_pcie_req/dma_pcie_rc/pfch_rc_parityerr_reg[0]'
INFO: [Synth 8-3886] merging instance 'dma_pcie_req/dma_pcie_rc/pfch_rc_parityerr_reg[13]' (FDRE) to 'dma_pcie_req/dma_pcie_rc/pfch_rc_parityerr_reg[0]'
INFO: [Synth 8-3886] merging instance 'dma_pcie_req/dma_pcie_rc/pfch_rc_parityerr_reg[12]' (FDRE) to 'dma_pcie_req/dma_pcie_rc/pfch_rc_parityerr_reg[0]'
INFO: [Synth 8-3886] merging instance 'dma_pcie_req/dma_pcie_rc/pfch_rc_parityerr_reg[11]' (FDRE) to 'dma_pcie_req/dma_pcie_rc/pfch_rc_parityerr_reg[0]'
INFO: [Synth 8-3886] merging instance 'dma_pcie_req/dma_pcie_rc/pfch_rc_parityerr_reg[10]' (FDRE) to 'dma_pcie_req/dma_pcie_rc/pfch_rc_parityerr_reg[0]'
INFO: [Synth 8-3886] merging instance 'dma_pcie_req/dma_pcie_rc/pfch_rc_parityerr_reg[9]' (FDRE) to 'dma_pcie_req/dma_pcie_rc/pfch_rc_parityerr_reg[0]'
INFO: [Synth 8-3886] merging instance 'dma_pcie_req/dma_pcie_rc/pfch_rc_parityerr_reg[8]' (FDRE) to 'dma_pcie_req/dma_pcie_rc/pfch_rc_parityerr_reg[0]'
INFO: [Common 17-14] Message 'Synth 8-3886' appears 100 times and further instances of the messages will be disabled. Use the Tcl command set_msg_config to change the current settings.
INFO: [Synth 8-3333] propagating constant 0 across sequential element (dma_pcie_req/dma_pcie_rc/\pfch_rc_parityerr_reg[7] )
INFO: [Synth 8-3333] propagating constant 0 across sequential element (dma_pcie_req/dma_pcie_rq/\wtlp_hdr_500_reg[71] )
INFO: [Synth 8-3333] propagating constant 0 across sequential element (dma_pcie_req/dma_pcie_rq/RQ_FIFO/\WrPtr_reg[0] )
INFO: [Synth 8-3333] propagating constant 0 across sequential element (dma_pcie_req/dma_pcie_rc/dw_tlp_2_sop_reg)
INFO: [Synth 8-3333] propagating constant 0 across sequential element (dma_pcie_req/dma_pcie_rq/\rreq_head_info_ff_reg[1][tag][7] )
INFO: [Synth 8-3333] propagating constant 0 across sequential element (dma_pcie_req/dma_pcie_rq/\pcie_rq_seq_ret_wr_ff_reg[0] )
INFO: [Common 17-14] Message 'Synth 8-3886' appears 100 times and further instances of the messages will be disabled. Use the Tcl command set_msg_config to change the current settings.
INFO: [Synth 8-3333] propagating constant 0 across sequential element (dma_pcie_req/dma_pcie_rq/\RcbAvail_new_ff_reg[4] )
INFO: [Synth 8-3333] propagating constant 0 across sequential element (dma_pcie_req/dma_pcie_rq/\rreq_head_info_ff_reg[1][slv] )
INFO: [Synth 8-3333] propagating constant 1 across sequential element (dma_pcie_req/dma_pcie_rq/\wpl_hdr_lstrb_ff_reg[0] )
INFO: [Synth 8-3333] propagating constant 0 across sequential element (dma_pcie_req/dma_pcie_rq/\wpl_hdr_adr_ff_reg[1] )
INFO: [Synth 8-3333] propagating constant 0 across sequential element (dma_pcie_req/dma_pcie_rq/cancel_txn_ff_reg)
INFO: [Synth 8-3333] propagating constant 0 across sequential element (dma_pcie_req/dma_pcie_rq/\wtlp_sm_500_reg[3] )
INFO: [Synth 8-3333] propagating constant 0 across sequential element (dma_pcie_req/dma_pcie_rc/rclp_err_unexp_reg)
INFO: [Synth 8-3333] propagating constant 1 across sequential element (dma_pcie_req/dma_pcie_rq/\nph_sel_ff_reg[2] )
INFO: [Synth 8-3333] propagating constant 0 across sequential element (xdma_v4_2_2_pcie_cap_structure_inst/\ats_control_n_cap_reg[20] )
INFO: [Synth 8-3333] propagating constant 0 across sequential element (xdma_v4_2_2_pcie_cap_structure_inst/\pr_status_n_control_reg[0] )
INFO: [Synth 8-3333] propagating constant 0 across sequential element (dma_pcie_req/dma_pcie_rc/\tlp_stg1_sop_loc_reg[3] )
INFO: [Synth 8-3333] propagating constant 0 across sequential element (dma_pcie_req/dma_pcie_rq/\wtlp_shift_503_reg[0] )
INFO: [Synth 8-3333] propagating constant 0 across sequential element (dma_pcie_req/dma_pcie_rc/dw_tlp_hdr_parityerr_reg)
INFO: [Synth 8-3333] propagating constant 1 across sequential element (dma_pcie_req/dma_pcie_rq/\lstrb_ff_reg[0] )
INFO: [Synth 8-3333] propagating constant 0 across sequential element (dma_pcie_req/dma_pcie_rq/\rreq_head_info_ff_reg[0][tag][7] )
INFO: [Synth 8-3333] propagating constant 0 across sequential element (dma_pcie_req/dma_pcie_rq/\rreq_head_info_ff_reg[0][slv] )
INFO: [Synth 8-3333] propagating constant 1 across sequential element (xdma_v4_2_2_pcie_cap_structure_inst/\reset_dly_reg[0] )
INFO: [Synth 8-3333] propagating constant 0 across sequential element (dma_pcie_req/dma_pcie_rc/\tlp_stg2_sop_loc_reg[3] )
INFO: [Synth 8-3333] propagating constant 0 across sequential element (dma_pcie_req/dma_pcie_rc/tlp_stg1_parityerr_reg)
INFO: [Synth 8-3333] propagating constant 1 across sequential element (xdma_v4_2_2_pcie_cap_structure_inst/cfg_status_pr_rst_o_reg)
INFO: [Synth 8-3333] propagating constant 0 across sequential element (dma_pcie_req/dma_pcie_rc/\tlp_stg2_sop_loc_reg[3] )
INFO: [Common 17-14] Message 'Synth 8-3333' appears 100 times and further instances of the messages will be disabled. Use the Tcl command set_msg_config to change the current settings.
WARNING: [Synth 8-3332] Sequential element (WB_DAT_FIFO/DataOut_reg[33]) is unused and will be removed from module xdma_v4_2_2_dma_wb_eng.
INFO: [Synth 8-5544] ROM "cplLenMid" won't be mapped to Block RAM because address size (3) smaller than threshold (5)
INFO: [Synth 8-5544] ROM "addrmask" won't be mapped to Block RAM because address size (3) smaller than threshold (5)
INFO: [Synth 8-5544] ROM "p_0_in" won't be mapped to Block RAM because address size (2) smaller than threshold (5)
INFO: [Synth 8-5544] ROM "p_0_in" won't be mapped to Block RAM because address size (2) smaller than threshold (5)
INFO: [Common 17-14] Message 'Synth 8-7129' appears 100 times and further instances of the messages will be disabled. Use the Tcl command set_msg_config to change the current settings.
INFO: [Synth 8-12589] Found 58 bits of RAM  (axi4mm_bridge_top_inst/\axi4mm_axi_mm_master_top_inst/axi4mm_axi_mm_master_wr_inst /i_11) with no load. RAM width may be reduced from 64 to 6 
INFO: [Synth 8-7067] Removed DRAM instance axi4mm_bridge_top_inst/axi4mm_axi_mm_master_top_inst/axi4mm_axi_mm_master_wr_inst/i_7/i_0/m_axi_funcq_reg_0_3_6_7 from module extram__18 due to constant propagation
INFO: [Synth 8-7067] Removed DRAM instance axi4mm_bridge_top_inst/axi4mm_axi_mm_master_top_inst/axi4mm_axi_mm_master_wr_inst/i_7/i_0/m_axi_funcq_reg_0_3_0_5 from module extram__18 due to constant propagation
INFO: [Synth 8-7067] Removed DRAM instance axi4mm_bridge_top_inst/axi4mm_axi_mm_master_top_inst/axi4mm_axi_mm_master_rd/i_3/m_axi_funcq_reg_0_1_6_7 from module xdma_v4_2_2_axi_mm_master_rd_br_v due to constant propagation
INFO: [Synth 8-7067] Removed DRAM instance axi4mm_bridge_top_inst/axi4mm_axi_mm_master_top_inst/axi4mm_axi_mm_master_rd/i_3/m_axi_funcq_reg_0_1_0_5 from module xdma_v4_2_2_axi_mm_master_rd_br_v due to constant propagation
INFO: [Synth 8-7067] Removed DRAM instance axi4mm_bridge_top_inst/axi4mm_axi_mm_master_top_inst/axi4mm_axi_str_masterbr_rdtlp_inst/__21/i_/axi4mm_axi_mm_master_top_inst/axi4mm_axi_str_masterbr_rdtlp_inst/rdtlpfuncq_reg_0_7_6_7 from module xdma_v4_2_2_axi4mm_bridge_top due to constant propagation
INFO: [Synth 8-7067] Removed DRAM instance axi4mm_bridge_top_inst/axi4mm_axi_mm_master_top_inst/axi4mm_axi_str_masterbr_rdtlp_inst/__21/i_/axi4mm_axi_mm_master_top_inst/axi4mm_axi_str_masterbr_rdtlp_inst/rdtlpfuncq_reg_0_7_0_5 from module xdma_v4_2_2_axi4mm_bridge_top due to constant propagation
INFO: [Synth 8-7067] Removed DRAM instance axi4mm_bridge_top_inst/axi4mm_axi_mm_master_top_inst/axi4mm_axi_mm_master_wr_inst/i_7/i_0/m_axi_funcq_reg_0_3_0_5 from module extram__18 due to constant propagation
INFO: [Synth 8-4471] merging register 'rc_64.wr_len_reg[9:0]' into 'rc_64.wr_len_reg[9:0]' [c:/FPGA/V41_NVP_R1G_VHDL_COMPATIBILITY_BUILD/vivado_project/v41_r1g_vhdl_compatibility.gen/sources_1/ip/xdma_v41_m1/xdma_v4_2/hdl/verilog/xdma_v41_m1_dma_cpl.sv:186]
INFO: [Synth 8-4471] merging register 'pipe_wrapper_i/qpll_reset.qpll_reset_i/ovrd_reg' into 'pipe_wrapper_i/gtp_pipe_reset.gtp_pipe_reset_i/pllpd_reg' [c:/FPGA/V41_NVP_R1G_VHDL_COMPATIBILITY_BUILD/vivado_project/v41_r1g_vhdl_compatibility.gen/sources_1/ip/xdma_v41_m1/ip_0/source/xdma_v41_m1_pcie2_ip_qpll_reset.v:194]
INFO: [Synth 8-5544] ROM "pipe_wrapper_i/pipe_lane[0].pipe_quad.gt_common_enabled.gt_common_int.gt_common_i/qpll_drp_i/addr" won't be mapped to Block RAM because address size (3) smaller than threshold (5)
WARNING: [Synth 8-3917] design xdma_v41_m1_core_top__GC0 has port cfg_current_speed_o[2] driven by constant 0
WARNING: [Synth 8-3917] design xdma_v41_m1_core_top__GC0 has port cfg_function_status[7] driven by constant 0
WARNING: [Synth 8-3917] design xdma_v41_m1_core_top__GC0 has port cfg_function_status[6] driven by constant 0
WARNING: [Synth 8-3917] design xdma_v41_m1_core_top__GC0 has port cfg_function_status[5] driven by constant 0
WARNING: [Synth 8-3917] design xdma_v41_m1_core_top__GC0 has port cfg_function_status[4] driven by constant 0
WARNING: [Synth 8-3917] design xdma_v41_m1_core_top__GC0 has port cfg_interrupt_msi_enable[1] driven by constant 0
INFO: [Synth 8-4652] Swapped enable and write-enable on 1 RAM instances of RAM DSC_CRD_RCV_RAM/the_bram_reg to conserve power
INFO: [Synth 8-4652] Swapped enable and write-enable on 3 RAM instances of RAM C2H_PCIE_DSC_CPLI_RAM/the_bram_reg to conserve power
INFO: [Synth 8-4652] Swapped enable and write-enable on 2 RAM instances of RAM C2H_PCIE_DSC_CPLD_RAM/the_bram_reg to conserve power
INFO: [Synth 8-3332] Sequential element (inst/gt_top_i/pipe_wrapper_i/qpll_reset.qpll_reset_i/FSM_onehot_fsm_reg[7]) is unused and will be removed from module xdma_v41_m1_pcie2_ip_pcie2_top.
INFO: [Synth 8-3332] Sequential element (inst/gt_top_i/pipe_wrapper_i/qpll_reset.qpll_reset_i/FSM_onehot_fsm_reg[6]) is unused and will be removed from module xdma_v41_m1_pcie2_ip_pcie2_top.
INFO: [Synth 8-3332] Sequential element (inst/gt_top_i/pipe_wrapper_i/qpll_reset.qpll_reset_i/FSM_onehot_fsm_reg[5]) is unused and will be removed from module xdma_v41_m1_pcie2_ip_pcie2_top.
INFO: [Synth 8-3332] Sequential element (inst/gt_top_i/pipe_wrapper_i/qpll_reset.qpll_reset_i/FSM_onehot_fsm_reg[4]) is unused and will be removed from module xdma_v41_m1_pcie2_ip_pcie2_top.
INFO: [Synth 8-3332] Sequential element (inst/gt_top_i/pipe_wrapper_i/qpll_reset.qpll_reset_i/FSM_onehot_fsm_reg[3]) is unused and will be removed from module xdma_v41_m1_pcie2_ip_pcie2_top.
INFO: [Synth 8-3332] Sequential element (inst/gt_top_i/pipe_wrapper_i/pipe_lane[0].pipe_eq.pipe_eq_i/rxeq_scan_i/FSM_onehot_fsm_reg[0]) is unused and will be removed from module xdma_v41_m1_pcie2_ip_pcie2_top.
INFO: [Synth 8-3332] Sequential element (inst/gt_top_i/pipe_wrapper_i/pipe_lane[0].pipe_eq.pipe_eq_i/FSM_onehot_fsm_rx_reg[0]) is unused and will be removed from module xdma_v41_m1_pcie2_ip_pcie2_top.
INFO: [Synth 8-3332] Sequential element (inst/gt_top_i/pipe_wrapper_i/pipe_lane[0].pipe_quad.gt_common_enabled.gt_common_int.gt_common_i/qpll_drp_i/FSM_onehot_fsm_reg[8]) is unused and will be removed from module xdma_v41_m1_pcie2_ip_pcie2_top.
INFO: [Synth 8-3332] Sequential element (inst/gt_top_i/pipe_wrapper_i/pipe_lane[0].pipe_quad.gt_common_enabled.gt_common_int.gt_common_i/qpll_drp_i/FSM_onehot_fsm_reg[7]) is unused and will be removed from module xdma_v41_m1_pcie2_ip_pcie2_top.
INFO: [Synth 8-3332] Sequential element (inst/gt_top_i/pipe_wrapper_i/pipe_lane[0].pipe_sync_i/FSM_onehot_txsync_fsm.fsm_tx_reg[0]) is unused and will be removed from module xdma_v41_m1_pcie2_ip_pcie2_top.
INFO: [Synth 8-5544] ROM "fsc_byte" won't be mapped to Block RAM because address size (2) smaller than threshold (5)
INFO: [Synth 8-5544] ROM "fsc_byte" won't be mapped to Block RAM because address size (2) smaller than threshold (5)
INFO: [Synth 8-5544] ROM "fsc_byte" won't be mapped to Block RAM because address size (2) smaller than threshold (5)
INFO: [Synth 8-5544] ROM "output_values_r" won't be mapped to Block RAM because address size (3) smaller than threshold (5)
INFO: [Synth 8-5544] ROM "aux_err_r" won't be mapped to Block RAM because address size (3) smaller than threshold (5)
INFO: [Synth 8-5544] ROM "c_v38ek_bank1_output_reg" won't be mapped to Block RAM because address size (3) smaller than threshold (5)
INFO: [Synth 8-5544] ROM "values_r" won't be mapped to Block RAM because address size (4) smaller than threshold (5)
INFO: [Synth 8-5544] ROM "afe_values_r" won't be mapped to Block RAM because address size (4) smaller than threshold (5)
INFO: [Synth 8-5544] ROM "read_err_r" won't be mapped to Block RAM because address size (4) smaller than threshold (5)
INFO: [Synth 8-5544] ROM "afe_err_r" won't be mapped to Block RAM because address size (4) smaller than threshold (5)
INFO: [Synth 8-5544] ROM "c_v38ek_bank0_window_reg" won't be mapped to Block RAM because address size (4) smaller than threshold (5)
WARNING: [Synth 8-3917] design ahd_capture_top_xdma__GCB0 has port nvp_en_vdd1x driven by constant 1
WARNING: [Synth 8-3917] design ahd_capture_top_xdma__GCB0 has port nvp_en_vdd3x driven by constant 1
WARNING: [Synth 8-3917] design ahd_capture_top_xdma__GCB0 has port p_0_in[224] driven by constant 0
WARNING: [Synth 8-3917] design ahd_capture_top_xdma__GCB0 has port p_0_in[223] driven by constant 0
WARNING: [Synth 8-3917] design ahd_capture_top_xdma__GCB0 has port p_0_in[222] driven by constant 0
WARNING: [Synth 8-3917] design ahd_capture_top_xdma__GCB0 has port p_0_in[221] driven by constant 0
WARNING: [Synth 8-3917] design ahd_capture_top_xdma__GCB0 has port p_0_in[220] driven by constant 1
WARNING: [Synth 8-3917] design ahd_capture_top_xdma__GCB0 has port p_0_in[219] driven by constant 0
WARNING: [Synth 8-3917] design ahd_capture_top_xdma__GCB0 has port p_0_in[218] driven by constant 0
WARNING: [Synth 8-3917] design ahd_capture_top_xdma__GCB0 has port p_0_in[217] driven by constant 0
WARNING: [Synth 8-3917] design ahd_capture_top_xdma__GCB0 has port p_0_in[200] driven by constant 0
WARNING: [Synth 8-3917] design ahd_capture_top_xdma__GCB0 has port p_0_in[199] driven by constant 0
WARNING: [Synth 8-3917] design ahd_capture_top_xdma__GCB0 has port p_0_in[88] driven by constant 0
WARNING: [Synth 8-3917] design ahd_capture_top_xdma__GCB0 has port p_0_in[87] driven by constant 0
WARNING: [Synth 8-3917] design ahd_capture_top_xdma__GCB0 has port p_0_in[86] driven by constant 0
WARNING: [Synth 8-3917] design ahd_capture_top_xdma__GCB0 has port p_0_in[85] driven by constant 0
WARNING: [Synth 8-3917] design ahd_capture_top_xdma__GCB0 has port p_0_in[84] driven by constant 0
WARNING: [Synth 8-3917] design ahd_capture_top_xdma__GCB0 has port p_0_in[83] driven by constant 0
WARNING: [Synth 8-3917] design ahd_capture_top_xdma__GCB0 has port p_0_in[82] driven by constant 0
WARNING: [Synth 8-3917] design ahd_capture_top_xdma__GCB0 has port p_0_in[48] driven by constant 0
WARNING: [Synth 8-3917] design ahd_capture_top_xdma__GCB0 has port p_0_in[47] driven by constant 0
WARNING: [Synth 8-3917] design ahd_capture_top_xdma__GCB0 has port p_0_in[46] driven by constant 0
WARNING: [Synth 8-3917] design ahd_capture_top_xdma__GCB0 has port p_0_in[45] driven by constant 0
WARNING: [Synth 8-3917] design ahd_capture_top_xdma__GCB0 has port p_0_in[44] driven by constant 0
WARNING: [Synth 8-3917] design ahd_capture_top_xdma__GCB0 has port p_0_in[43] driven by constant 0
WARNING: [Synth 8-3917] design ahd_capture_top_xdma__GCB0 has port p_0_in[42] driven by constant 0
WARNING: [Synth 8-3917] design ahd_capture_top_xdma__GCB0 has port p_0_in[41] driven by constant 1
WARNING: [Synth 8-3917] design ahd_capture_top_xdma__GCB0 has port p_0_in[40] driven by constant 1
INFO: [Common 17-14] Message 'Synth 8-3886' appears 100 times and further instances of the messages will be disabled. Use the Tcl command set_msg_config to change the current settings.
INFO: [Synth 8-7067] Removed DRAM instance i_3/R1F_FAILED_TXN_LOGGER/record_mem_reg_0_63_189_191 from module ahd_capture_top_xdma__GCB0 due to constant propagation
INFO: [Synth 8-7067] Removed DRAM instance i_3/R1F_FAILED_TXN_LOGGER/record_mem_reg_0_63_186_188 from module ahd_capture_top_xdma__GCB0 due to constant propagation
INFO: [Synth 8-7067] Removed DRAM instance i_3/R1F_FAILED_TXN_LOGGER/record_mem_reg_0_63_183_185 from module ahd_capture_top_xdma__GCB0 due to constant propagation
INFO: [Synth 8-7067] Removed DRAM instance i_3/R1F_FAILED_TXN_LOGGER/record_mem_reg_0_63_180_182 from module ahd_capture_top_xdma__GCB0 due to constant propagation
INFO: [Synth 8-7067] Removed DRAM instance i_3/R1F_FAILED_TXN_LOGGER/record_mem_reg_0_63_177_179 from module ahd_capture_top_xdma__GCB0 due to constant propagation
INFO: [Synth 8-7067] Removed DRAM instance i_3/R1F_FAILED_TXN_LOGGER/record_mem_reg_0_63_174_176 from module ahd_capture_top_xdma__GCB0 due to constant propagation
INFO: [Synth 8-7067] Removed DRAM instance i_3/R1F_FAILED_TXN_LOGGER/record_mem_reg_0_63_186_188 from module ahd_capture_top_xdma__GCB0 due to constant propagation
INFO: [Synth 8-5546] ROM "probe_index_read_phase" won't be mapped to RAM because it is too sparse
INFO: [Synth 8-5546] ROM "probe_index_read_phase" won't be mapped to RAM because it is too sparse
---------------------------------------------------------------------------------
Finished Cross Boundary and Area Optimization : Time (s): cpu = 00:17:10 ; elapsed = 00:18:28 . Memory (MB): peak = 2875.137 ; gain = 2009.309
---------------------------------------------------------------------------------
---------------------------------------------------------------------------------
Start Applying XDC Timing Constraints
---------------------------------------------------------------------------------
INFO: [Synth 8-5578] Moved timing constraint from pin 'CAPTURE_SUBSYSTEM/NVP_RESET_TO_NVP_SYNC/src_arst' to pin 'nvp_reset_app_autonomous_reg/Q'
INFO: [Synth 8-5578] Moved timing constraint from pin 'xdma_v41_m1_pcie2_to_pcie3_wrapper_i/xdma_v41_m1_axi_stream_intf_i/xdma_v41_m1_rx_demux_i/tgt_brdg_fifo_inst/U0/inst_fifo_gen/gaxis_fifo.gaxisf.axisf/grf.rf/rstblk/ngwrdrst.grst.g7serrst.gnsckt_wrst.rst_wr_reg2_inst/src_arst' to pin 'xdma_v41_m1_pcie2_to_pcie3_wrapper_i/xdma_v41_m1_axi_stream_intf_i/xdma_v41_m1_rx_demux_i/tgt_brdg_fifo_inst/U0/inst_fifo_gen/inverted_reset_inferred/i_0/O'
INFO: [Synth 8-5819] Moved 2 constraints on hierarchical pins to their respective driving/loading pins
---------------------------------------------------------------------------------
Finished Applying XDC Timing Constraints : Time (s): cpu = 00:17:55 ; elapsed = 00:19:27 . Memory (MB): peak = 2875.137 ; gain = 2009.309
---------------------------------------------------------------------------------
---------------------------------------------------------------------------------
Start Timing Optimization
---------------------------------------------------------------------------------
WARNING: [Synth 8-3332] Sequential element (msix_internal_xdma.msix_ctl/FSM_onehot_intr_issue_state_reg[8]) is unused and will be removed from module xdma_v4_2_2_vul_irq.
WARNING: [Synth 8-3332] Sequential element (msix_internal_xdma.msix_ctl/FSM_onehot_intr_issue_state_reg[0]) is unused and will be removed from module xdma_v4_2_2_vul_irq.
WARNING: [Synth 8-3332] Sequential element (msix_internal_xdma.msix_ctl/FSM_onehot_intr_issue_state_reg[3]) is unused and will be removed from module xdma_v4_2_2_vul_irq.
---------------------------------------------------------------------------------
Finished Timing Optimization : Time (s): cpu = 00:19:05 ; elapsed = 00:20:39 . Memory (MB): peak = 2921.133 ; gain = 2055.305
---------------------------------------------------------------------------------
---------------------------------------------------------------------------------
Start Technology Mapping
---------------------------------------------------------------------------------
INFO: [Synth 8-7052] The timing for the instance XDMA/inst/udma_wrapper/dma_enable.vul_dmai_2/RD/gen_rdwr_loop[0].gen_rdwr_eng.RDWR_INST/rrq_wadr_nn1_reg (implemented as a Block RAM) might be sub-optimal as no optional output register could be merged into the ram block. Providing additional output register may help in improving timing.
INFO: [Synth 8-7052] The timing for the instance XDMA/inst/udma_wrapper/dma_topi_5/base/IRQ_INST/msix_internal_xdma.pf0_msix_table/msix_ram_gen[1].msix_ram_reg (implemented as a Block RAM) might be sub-optimal as no optional output register could be merged into the ram block. Providing additional output register may help in improving timing.
INFO: [Synth 8-7052] The timing for the instance XDMA/inst/i_0/ram_top/mas_bridge_ram_write_512.MASTER_WRITE_FIFO/xpm_memory_sdpram_inst_loop[0].xpm_memory_sdpram_inst/xpm_memory_base_inst/gen_wr_a.gen_word_narrow.mem_reg (implemented as a Block RAM) might be sub-optimal as no optional output register could be merged into the ram block. Providing additional output register may help in improving timing.
INFO: [Synth 8-7052] The timing for the instance XDMA/inst/i_0/ram_top/MASTER_READ_BRAM/xpm_memory_sdpram_inst_loop[0].xpm_memory_sdpram_inst/xpm_memory_base_inst/gen_wr_a.gen_word_narrow.mem_reg (implemented as a Block RAM) might be sub-optimal as no optional output register could be merged into the ram block. Providing additional output register may help in improving timing.
INFO: [Synth 8-7067] Removed DRAM instance XDMA/inst/udma_wrapper/dma_enable.vul_dmai_1/dma_top/dma_enable.vul_dma/WR/gen_rdwr_loop[0].gen_rdwr_eng.RDWR_INST/rrq_wfba_nn1_reg_0_15_0_2 from module xdma_v4_2_2_vul_top__GB0_tempName due to constant propagation
INFO: [Synth 8-7067] Removed DRAM instance XDMA/inst/udma_wrapper/dma_enable.vul_dmai_1/dma_top/dma_enable.vul_dma/WR/gen_rdwr_loop[0].gen_rdwr_eng.RDWR_INST/rrq_wfba_nn1_reg_0_15_0_2 from module xdma_v4_2_2_vul_top__GB0_tempName due to constant propagation
INFO: [Synth 8-7052] The timing for the instance XDMA/inst/udma_wrapper/dma_enable.vul_dmai_1/dma_top/dma_enable.vul_dma/WR/gen_rdwr_loop[0].gen_rdwr_eng.RDWR_INST/rrq_wadr_nn1_reg (implemented as a Block RAM) might be sub-optimal as no optional output register could be merged into the ram block. Providing additional output register may help in improving timing.
INFO: [Synth 8-7052] The timing for the instance XDMA/inst/udma_wrapper/dma_enable.vul_dmai_1/dma_top/dma_enable.vul_dma/WR/gen_rdwr_loop[0].gen_rdwr_eng.RDWR_INST/rrq_dadr_nn1_reg (implemented as a Block RAM) might be sub-optimal as no optional output register could be merged into the ram block. Providing additional output register may help in improving timing.
INFO: [Synth 8-7067] Removed DRAM instance XDMA/inst/udma_wrapper/dma_topi_3/dma_top/dma_enable.wb_eng.dma_pcie_wb_eng/axidma_wb_arb/Fifowhead.fifoInfo/MemArray_reg_0_3_24_29 from module xdma_v4_2_2_udma_top__GCB0_tempName due to constant propagation
INFO: [Synth 8-7067] Removed DRAM instance XDMA/inst/udma_wrapper/dma_topi_3/dma_top/dma_enable.wb_eng.dma_pcie_wb_eng/WB_DAT_FIFO/MemArray_reg_0_3_24_29 from module xdma_v4_2_2_udma_top__GCB0_tempName due to constant propagation
INFO: [Synth 8-7052] The timing for the instance i_1/CAPTURE_SUBSYSTEM/BAR_TARGET/GEN_V40B_SLOT[0].GEN_AVAILABLE.SLOT_RAM/xpm_memory_base_inst/gen_wr_a.gen_word_narrow.mem_reg (implemented as a Block RAM) might be sub-optimal as no optional output register could be merged into the ram block. Providing additional output register may help in improving timing.
INFO: [Synth 8-7052] The timing for the instance i_1/CAPTURE_SUBSYSTEM/BAR_TARGET/GEN_V40B_SLOT[1].GEN_AVAILABLE.SLOT_RAM/xpm_memory_base_inst/gen_wr_a.gen_word_narrow.mem_reg (implemented as a Block RAM) might be sub-optimal as no optional output register could be merged into the ram block. Providing additional output register may help in improving timing.
---------------------------------------------------------------------------------
Finished Technology Mapping : Time (s): cpu = 00:20:41 ; elapsed = 00:22:45 . Memory (MB): peak = 2952.355 ; gain = 2086.527
---------------------------------------------------------------------------------
---------------------------------------------------------------------------------
Start IO Insertion
---------------------------------------------------------------------------------
---------------------------------------------------------------------------------
Start Flattening Before IO Insertion
---------------------------------------------------------------------------------
---------------------------------------------------------------------------------
Finished Flattening Before IO Insertion
---------------------------------------------------------------------------------
---------------------------------------------------------------------------------
Start Final Netlist Cleanup
---------------------------------------------------------------------------------
INFO: [Synth 8-7052] The timing for the instance XDMA/inst/udma_wrapper/dma_top/dma_enable.vul_dma/WR/gen_rdwr_loop[0].gen_rdwr_eng.RDWR_INST/rrq_wadr_nn1_reg (implemented as a Block RAM) might be sub-optimal as no optional output register could be merged into the ram block. Providing additional output register may help in improving timing.
INFO: [Synth 8-7052] The timing for the instance XDMA/inst/udma_wrapper/dma_top/dma_enable.vul_dma/WR/gen_rdwr_loop[0].gen_rdwr_eng.RDWR_INST/rrq_dadr_nn1_reg (implemented as a Block RAM) might be sub-optimal as no optional output register could be merged into the ram block. Providing additional output register may help in improving timing.
INFO: [Synth 8-7052] The timing for the instance XDMA/inst/udma_wrapper/dma_top/dma_enable.vul_dma/RD/gen_rdwr_loop[0].gen_rdwr_eng.RDWR_INST/rrq_wadr_nn1_reg (implemented as a Block RAM) might be sub-optimal as no optional output register could be merged into the ram block. Providing additional output register may help in improving timing.
INFO: [Synth 8-7052] The timing for the instance XDMA/inst/udma_wrapper/dma_top/base/IRQ_INST/msix_internal_xdma.pf0_msix_table/msix_ram_gen[1].msix_ram_reg (implemented as a Block RAM) might be sub-optimal as no optional output register could be merged into the ram block. Providing additional output register may help in improving timing.
INFO: [Synth 8-7052] The timing for the instance XDMA/inst/ram_top/mas_bridge_ram_write_512.MASTER_WRITE_FIFO/xpm_memory_sdpram_inst_loop[0].xpm_memory_sdpram_inst/xpm_memory_base_inst/gen_wr_a.gen_word_narrow.mem_reg (implemented as a Block RAM) might be sub-optimal as no optional output register could be merged into the ram block. Providing additional output register may help in improving timing.
INFO: [Synth 8-7052] The timing for the instance XDMA/inst/ram_top/MASTER_READ_BRAM/xpm_memory_sdpram_inst_loop[0].xpm_memory_sdpram_inst/xpm_memory_base_inst/gen_wr_a.gen_word_narrow.mem_reg (implemented as a Block RAM) might be sub-optimal as no optional output register could be merged into the ram block. Providing additional output register may help in improving timing.
INFO: [Synth 8-7052] The timing for the instance CAPTURE_SUBSYSTEM/BAR_TARGET/GEN_V40B_SLOT[0].GEN_AVAILABLE.SLOT_RAM/xpm_memory_base_inst/gen_wr_a.gen_word_narrow.mem_reg (implemented as a Block RAM) might be sub-optimal as no optional output register could be merged into the ram block. Providing additional output register may help in improving timing.
INFO: [Synth 8-7052] The timing for the instance CAPTURE_SUBSYSTEM/BAR_TARGET/GEN_V40B_SLOT[1].GEN_AVAILABLE.SLOT_RAM/xpm_memory_base_inst/gen_wr_a.gen_word_narrow.mem_reg (implemented as a Block RAM) might be sub-optimal as no optional output register could be merged into the ram block. Providing additional output register may help in improving timing.
---------------------------------------------------------------------------------
Finished Final Netlist Cleanup
---------------------------------------------------------------------------------
WARNING: [Synth 8-5396] Clock pin C has keep related attribute (keep/mark_debug/dont_touch) which could create extra logic on its net [C:/FPGA/WORKTREES/V41_NVP_R1G_VHDL_COMPATIBILITY/rtl/v41/nvp_i2c_tri_phase_probe.sv:711]
WARNING: [Synth 8-5396] Clock pin C has keep related attribute (keep/mark_debug/dont_touch) which could create extra logic on its net [C:/FPGA/WORKTREES/V41_NVP_R1G_VHDL_COMPATIBILITY/rtl/v41/nvp_i2c_tri_phase_probe.sv:711]
WARNING: [Synth 8-5396] Clock pin C has keep related attribute (keep/mark_debug/dont_touch) which could create extra logic on its net [C:/FPGA/WORKTREES/V41_NVP_R1G_VHDL_COMPATIBILITY/rtl/v41/nvp_i2c_tri_phase_probe.sv:711]
WARNING: [Synth 8-5396] Clock pin C has keep related attribute (keep/mark_debug/dont_touch) which could create extra logic on its net [C:/FPGA/WORKTREES/V41_NVP_R1G_VHDL_COMPATIBILITY/rtl/v41/nvp_i2c_tri_phase_probe.sv:711]
WARNING: [Synth 8-5396] Clock pin C has keep related attribute (keep/mark_debug/dont_touch) which could create extra logic on its net [C:/FPGA/WORKTREES/V41_NVP_R1G_VHDL_COMPATIBILITY/rtl/v41/nvp_i2c_tri_phase_probe.sv:711]
WARNING: [Synth 8-5396] Clock pin C has keep related attribute (keep/mark_debug/dont_touch) which could create extra logic on its net [C:/FPGA/WORKTREES/V41_NVP_R1G_VHDL_COMPATIBILITY/rtl/v41/nvp_i2c_tri_phase_probe.sv:711]
WARNING: [Synth 8-5396] Clock pin C has keep related attribute (keep/mark_debug/dont_touch) which could create extra logic on its net [C:/FPGA/WORKTREES/V41_NVP_R1G_VHDL_COMPATIBILITY/rtl/v41/nvp_i2c_tri_phase_probe.sv:711]
WARNING: [Synth 8-5396] Clock pin C has keep related attribute (keep/mark_debug/dont_touch) which could create extra logic on its net [C:/FPGA/WORKTREES/V41_NVP_R1G_VHDL_COMPATIBILITY/rtl/v41/nvp_i2c_tri_phase_probe.sv:711]
WARNING: [Synth 8-5396] Clock pin C has keep related attribute (keep/mark_debug/dont_touch) which could create extra logic on its net [C:/FPGA/WORKTREES/V41_NVP_R1G_VHDL_COMPATIBILITY/rtl/v41/nvp_i2c_tri_phase_probe.sv:711]
WARNING: [Synth 8-5396] Clock pin C has keep related attribute (keep/mark_debug/dont_touch) which could create extra logic on its net [C:/FPGA/WORKTREES/V41_NVP_R1G_VHDL_COMPATIBILITY/rtl/v41/nvp_i2c_tri_phase_probe.sv:711]
WARNING: [Synth 8-5396] Clock pin C has keep related attribute (keep/mark_debug/dont_touch) which could create extra logic on its net [C:/FPGA/WORKTREES/V41_NVP_R1G_VHDL_COMPATIBILITY/rtl/v41/nvp_i2c_tri_phase_probe.sv:711]
WARNING: [Synth 8-5396] Clock pin C has keep related attribute (keep/mark_debug/dont_touch) which could create extra logic on its net [C:/FPGA/WORKTREES/V41_NVP_R1G_VHDL_COMPATIBILITY/rtl/v41/nvp_i2c_tri_phase_probe.sv:711]
WARNING: [Synth 8-5396] Clock pin C has keep related attribute (keep/mark_debug/dont_touch) which could create extra logic on its net [C:/FPGA/WORKTREES/V41_NVP_R1G_VHDL_COMPATIBILITY/rtl/v41/nvp_i2c_tri_phase_probe.sv:711]
WARNING: [Synth 8-5396] Clock pin C has keep related attribute (keep/mark_debug/dont_touch) which could create extra logic on its net [C:/FPGA/WORKTREES/V41_NVP_R1G_VHDL_COMPATIBILITY/rtl/v41/nvp_i2c_tri_phase_probe.sv:711]
WARNING: [Synth 8-5396] Clock pin C has keep related attribute (keep/mark_debug/dont_touch) which could create extra logic on its net [C:/FPGA/WORKTREES/V41_NVP_R1G_VHDL_COMPATIBILITY/rtl/v41/nvp_i2c_tri_phase_probe.sv:711]
WARNING: [Synth 8-5396] Clock pin C has keep related attribute (keep/mark_debug/dont_touch) which could create extra logic on its net [C:/FPGA/WORKTREES/V41_NVP_R1G_VHDL_COMPATIBILITY/rtl/v41/nvp_i2c_tri_phase_probe.sv:711]
WARNING: [Synth 8-5396] Clock pin C has keep related attribute (keep/mark_debug/dont_touch) which could create extra logic on its net [C:/FPGA/WORKTREES/V41_NVP_R1G_VHDL_COMPATIBILITY/rtl/v41/nvp_i2c_tri_phase_probe.sv:711]
WARNING: [Synth 8-5396] Clock pin C has keep related attribute (keep/mark_debug/dont_touch) which could create extra logic on its net [C:/FPGA/WORKTREES/V41_NVP_R1G_VHDL_COMPATIBILITY/rtl/v41/nvp_i2c_tri_phase_probe.sv:711]
WARNING: [Synth 8-5396] Clock pin C has keep related attribute (keep/mark_debug/dont_touch) which could create extra logic on its net [C:/FPGA/WORKTREES/V41_NVP_R1G_VHDL_COMPATIBILITY/rtl/v41/nvp_i2c_tri_phase_probe.sv:711]
WARNING: [Synth 8-5396] Clock pin C has keep related attribute (keep/mark_debug/dont_touch) which could create extra logic on its net [C:/FPGA/WORKTREES/V41_NVP_R1G_VHDL_COMPATIBILITY/rtl/v41/nvp_i2c_tri_phase_probe.sv:711]
WARNING: [Synth 8-5396] Clock pin C has keep related attribute (keep/mark_debug/dont_touch) which could create extra logic on its net [C:/FPGA/WORKTREES/V41_NVP_R1G_VHDL_COMPATIBILITY/rtl/v41/nvp_i2c_tri_phase_probe.sv:711]
WARNING: [Synth 8-5396] Clock pin C has keep related attribute (keep/mark_debug/dont_touch) which could create extra logic on its net [C:/FPGA/WORKTREES/V41_NVP_R1G_VHDL_COMPATIBILITY/rtl/v41/nvp_i2c_tri_phase_probe.sv:711]
WARNING: [Synth 8-5396] Clock pin C has keep related attribute (keep/mark_debug/dont_touch) which could create extra logic on its net [C:/FPGA/WORKTREES/V41_NVP_R1G_VHDL_COMPATIBILITY/rtl/v41/nvp_i2c_tri_phase_probe.sv:711]
WARNING: [Synth 8-5396] Clock pin C has keep related attribute (keep/mark_debug/dont_touch) which could create extra logic on its net [C:/FPGA/WORKTREES/V41_NVP_R1G_VHDL_COMPATIBILITY/rtl/v41/nvp_i2c_tri_phase_probe.sv:711]
WARNING: [Synth 8-5396] Clock pin C has keep related attribute (keep/mark_debug/dont_touch) which could create extra logic on its net [C:/FPGA/WORKTREES/V41_NVP_R1G_VHDL_COMPATIBILITY/rtl/v41/nvp_i2c_tri_phase_probe.sv:711]
WARNING: [Synth 8-5396] Clock pin C has keep related attribute (keep/mark_debug/dont_touch) which could create extra logic on its net [C:/FPGA/WORKTREES/V41_NVP_R1G_VHDL_COMPATIBILITY/rtl/v41/nvp_i2c_tri_phase_probe.sv:711]
WARNING: [Synth 8-5396] Clock pin C has keep related attribute (keep/mark_debug/dont_touch) which could create extra logic on its net [C:/FPGA/WORKTREES/V41_NVP_R1G_VHDL_COMPATIBILITY/rtl/v41/nvp_i2c_tri_phase_probe.sv:711]
WARNING: [Synth 8-5396] Clock pin C has keep related attribute (keep/mark_debug/dont_touch) which could create extra logic on its net [C:/FPGA/WORKTREES/V41_NVP_R1G_VHDL_COMPATIBILITY/rtl/v41/nvp_i2c_tri_phase_probe.sv:711]
WARNING: [Synth 8-5396] Clock pin C has keep related attribute (keep/mark_debug/dont_touch) which could create extra logic on its net [C:/FPGA/WORKTREES/V41_NVP_R1G_VHDL_COMPATIBILITY/rtl/v41/nvp_i2c_tri_phase_probe.sv:711]
WARNING: [Synth 8-5396] Clock pin C has keep related attribute (keep/mark_debug/dont_touch) which could create extra logic on its net [C:/FPGA/WORKTREES/V41_NVP_R1G_VHDL_COMPATIBILITY/rtl/v41/nvp_i2c_tri_phase_probe.sv:711]
WARNING: [Synth 8-5396] Clock pin C has keep related attribute (keep/mark_debug/dont_touch) which could create extra logic on its net [C:/FPGA/WORKTREES/V41_NVP_R1G_VHDL_COMPATIBILITY/rtl/v41/nvp_i2c_tri_phase_probe.sv:711]
WARNING: [Synth 8-5396] Clock pin C has keep related attribute (keep/mark_debug/dont_touch) which could create extra logic on its net [C:/FPGA/WORKTREES/V41_NVP_R1G_VHDL_COMPATIBILITY/rtl/v41/nvp_i2c_tri_phase_probe.sv:711]
WARNING: [Synth 8-5396] Clock pin C has keep related attribute (keep/mark_debug/dont_touch) which could create extra logic on its net [C:/FPGA/WORKTREES/V41_NVP_R1G_VHDL_COMPATIBILITY/rtl/v41/nvp_i2c_tri_phase_probe.sv:711]
WARNING: [Synth 8-5396] Clock pin C has keep related attribute (keep/mark_debug/dont_touch) which could create extra logic on its net [C:/FPGA/WORKTREES/V41_NVP_R1G_VHDL_COMPATIBILITY/rtl/v41/nvp_i2c_tri_phase_probe.sv:711]
WARNING: [Synth 8-5396] Clock pin C has keep related attribute (keep/mark_debug/dont_touch) which could create extra logic on its net [C:/FPGA/WORKTREES/V41_NVP_R1G_VHDL_COMPATIBILITY/rtl/v41/nvp_i2c_tri_phase_probe.sv:711]
WARNING: [Synth 8-5396] Clock pin C has keep related attribute (keep/mark_debug/dont_touch) which could create extra logic on its net [C:/FPGA/WORKTREES/V41_NVP_R1G_VHDL_COMPATIBILITY/rtl/v41/nvp_i2c_tri_phase_probe.sv:711]
WARNING: [Synth 8-5396] Clock pin C has keep related attribute (keep/mark_debug/dont_touch) which could create extra logic on its net [C:/FPGA/WORKTREES/V41_NVP_R1G_VHDL_COMPATIBILITY/rtl/v41/nvp_i2c_tri_phase_probe.sv:711]
WARNING: [Synth 8-5396] Clock pin C has keep related attribute (keep/mark_debug/dont_touch) which could create extra logic on its net [C:/FPGA/WORKTREES/V41_NVP_R1G_VHDL_COMPATIBILITY/rtl/v41/nvp_i2c_tri_phase_probe.sv:711]
WARNING: [Synth 8-5396] Clock pin C has keep related attribute (keep/mark_debug/dont_touch) which could create extra logic on its net [C:/FPGA/WORKTREES/V41_NVP_R1G_VHDL_COMPATIBILITY/rtl/v41/nvp_i2c_tri_phase_probe.sv:711]
WARNING: [Synth 8-5396] Clock pin C has keep related attribute (keep/mark_debug/dont_touch) which could create extra logic on its net [C:/FPGA/WORKTREES/V41_NVP_R1G_VHDL_COMPATIBILITY/rtl/v41/nvp_i2c_tri_phase_probe.sv:711]
WARNING: [Synth 8-5396] Clock pin C has keep related attribute (keep/mark_debug/dont_touch) which could create extra logic on its net [C:/FPGA/WORKTREES/V41_NVP_R1G_VHDL_COMPATIBILITY/rtl/v41/nvp_i2c_tri_phase_probe.sv:711]
WARNING: [Synth 8-5396] Clock pin C has keep related attribute (keep/mark_debug/dont_touch) which could create extra logic on its net [C:/FPGA/WORKTREES/V41_NVP_R1G_VHDL_COMPATIBILITY/rtl/v41/nvp_i2c_tri_phase_probe.sv:711]
WARNING: [Synth 8-5396] Clock pin C has keep related attribute (keep/mark_debug/dont_touch) which could create extra logic on its net [C:/FPGA/WORKTREES/V41_NVP_R1G_VHDL_COMPATIBILITY/rtl/v41/nvp_i2c_tri_phase_probe.sv:711]
WARNING: [Synth 8-5396] Clock pin C has keep related attribute (keep/mark_debug/dont_touch) which could create extra logic on its net [C:/FPGA/WORKTREES/V41_NVP_R1G_VHDL_COMPATIBILITY/rtl/v41/nvp_i2c_tri_phase_probe.sv:711]
WARNING: [Synth 8-5396] Clock pin C has keep related attribute (keep/mark_debug/dont_touch) which could create extra logic on its net [C:/FPGA/WORKTREES/V41_NVP_R1G_VHDL_COMPATIBILITY/rtl/v41/nvp_i2c_tri_phase_probe.sv:711]
WARNING: [Synth 8-5396] Clock pin C has keep related attribute (keep/mark_debug/dont_touch) which could create extra logic on its net [C:/FPGA/WORKTREES/V41_NVP_R1G_VHDL_COMPATIBILITY/rtl/v41/nvp_i2c_tri_phase_probe.sv:711]
WARNING: [Synth 8-5396] Clock pin C has keep related attribute (keep/mark_debug/dont_touch) which could create extra logic on its net [C:/FPGA/WORKTREES/V41_NVP_R1G_VHDL_COMPATIBILITY/rtl/v41/nvp_i2c_tri_phase_probe.sv:711]
WARNING: [Synth 8-5396] Clock pin C has keep related attribute (keep/mark_debug/dont_touch) which could create extra logic on its net [C:/FPGA/WORKTREES/V41_NVP_R1G_VHDL_COMPATIBILITY/rtl/v41/nvp_i2c_tri_phase_probe.sv:711]
WARNING: [Synth 8-5396] Clock pin C has keep related attribute (keep/mark_debug/dont_touch) which could create extra logic on its net [C:/FPGA/WORKTREES/V41_NVP_R1G_VHDL_COMPATIBILITY/rtl/v41/nvp_i2c_tri_phase_probe.sv:711]
WARNING: [Synth 8-5396] Clock pin C has keep related attribute (keep/mark_debug/dont_touch) which could create extra logic on its net [C:/FPGA/WORKTREES/V41_NVP_R1G_VHDL_COMPATIBILITY/rtl/v41/nvp_i2c_tri_phase_probe.sv:711]
WARNING: [Synth 8-5396] Clock pin C has keep related attribute (keep/mark_debug/dont_touch) which could create extra logic on its net [C:/FPGA/WORKTREES/V41_NVP_R1G_VHDL_COMPATIBILITY/rtl/v41/nvp_i2c_tri_phase_probe.sv:711]
WARNING: [Synth 8-5396] Clock pin C has keep related attribute (keep/mark_debug/dont_touch) which could create extra logic on its net [C:/FPGA/WORKTREES/V41_NVP_R1G_VHDL_COMPATIBILITY/rtl/v41/nvp_i2c_tri_phase_probe.sv:711]
WARNING: [Synth 8-5396] Clock pin C has keep related attribute (keep/mark_debug/dont_touch) which could create extra logic on its net [C:/FPGA/WORKTREES/V41_NVP_R1G_VHDL_COMPATIBILITY/rtl/v41/nvp_i2c_tri_phase_probe.sv:711]
WARNING: [Synth 8-5396] Clock pin C has keep related attribute (keep/mark_debug/dont_touch) which could create extra logic on its net [C:/FPGA/WORKTREES/V41_NVP_R1G_VHDL_COMPATIBILITY/rtl/v41/nvp_i2c_tri_phase_probe.sv:711]
WARNING: [Synth 8-5396] Clock pin C has keep related attribute (keep/mark_debug/dont_touch) which could create extra logic on its net [C:/FPGA/WORKTREES/V41_NVP_R1G_VHDL_COMPATIBILITY/rtl/v41/nvp_i2c_tri_phase_probe.sv:711]
WARNING: [Synth 8-5396] Clock pin C has keep related attribute (keep/mark_debug/dont_touch) which could create extra logic on its net [C:/FPGA/WORKTREES/V41_NVP_R1G_VHDL_COMPATIBILITY/rtl/v41/nvp_i2c_tri_phase_probe.sv:711]
WARNING: [Synth 8-5396] Clock pin C has keep related attribute (keep/mark_debug/dont_touch) which could create extra logic on its net [C:/FPGA/WORKTREES/V41_NVP_R1G_VHDL_COMPATIBILITY/rtl/v41/nvp_i2c_tri_phase_probe.sv:711]
WARNING: [Synth 8-5396] Clock pin C has keep related attribute (keep/mark_debug/dont_touch) which could create extra logic on its net [C:/FPGA/WORKTREES/V41_NVP_R1G_VHDL_COMPATIBILITY/rtl/v41/nvp_i2c_tri_phase_probe.sv:711]
WARNING: [Synth 8-5396] Clock pin C has keep related attribute (keep/mark_debug/dont_touch) which could create extra logic on its net [C:/FPGA/WORKTREES/V41_NVP_R1G_VHDL_COMPATIBILITY/rtl/v41/nvp_i2c_tri_phase_probe.sv:711]
WARNING: [Synth 8-5396] Clock pin C has keep related attribute (keep/mark_debug/dont_touch) which could create extra logic on its net [C:/FPGA/WORKTREES/V41_NVP_R1G_VHDL_COMPATIBILITY/rtl/v41/nvp_i2c_tri_phase_probe.sv:711]
WARNING: [Synth 8-5396] Clock pin C has keep related attribute (keep/mark_debug/dont_touch) which could create extra logic on its net [C:/FPGA/WORKTREES/V41_NVP_R1G_VHDL_COMPATIBILITY/rtl/v41/nvp_i2c_tri_phase_probe.sv:711]
WARNING: [Synth 8-5396] Clock pin C has keep related attribute (keep/mark_debug/dont_touch) which could create extra logic on its net [C:/FPGA/WORKTREES/V41_NVP_R1G_VHDL_COMPATIBILITY/rtl/v41/nvp_i2c_tri_phase_probe.sv:711]
WARNING: [Synth 8-5396] Clock pin C has keep related attribute (keep/mark_debug/dont_touch) which could create extra logic on its net [C:/FPGA/WORKTREES/V41_NVP_R1G_VHDL_COMPATIBILITY/rtl/v41/nvp_i2c_tri_phase_probe.sv:711]
WARNING: [Synth 8-5396] Clock pin C has keep related attribute (keep/mark_debug/dont_touch) which could create extra logic on its net [C:/FPGA/WORKTREES/V41_NVP_R1G_VHDL_COMPATIBILITY/rtl/v41/nvp_i2c_tri_phase_probe.sv:711]
WARNING: [Synth 8-5396] Clock pin C has keep related attribute (keep/mark_debug/dont_touch) which could create extra logic on its net [C:/FPGA/WORKTREES/V41_NVP_R1G_VHDL_COMPATIBILITY/rtl/v41/nvp_i2c_tri_phase_probe.sv:711]
WARNING: [Synth 8-5396] Clock pin C has keep related attribute (keep/mark_debug/dont_touch) which could create extra logic on its net [C:/FPGA/WORKTREES/V41_NVP_R1G_VHDL_COMPATIBILITY/rtl/v41/nvp_i2c_tri_phase_probe.sv:711]
WARNING: [Synth 8-5396] Clock pin C has keep related attribute (keep/mark_debug/dont_touch) which could create extra logic on its net [C:/FPGA/WORKTREES/V41_NVP_R1G_VHDL_COMPATIBILITY/rtl/v41/nvp_i2c_tri_phase_probe.sv:711]
WARNING: [Synth 8-5396] Clock pin C has keep related attribute (keep/mark_debug/dont_touch) which could create extra logic on its net [C:/FPGA/WORKTREES/V41_NVP_R1G_VHDL_COMPATIBILITY/rtl/v41/nvp_i2c_tri_phase_probe.sv:711]
WARNING: [Synth 8-5396] Clock pin C has keep related attribute (keep/mark_debug/dont_touch) which could create extra logic on its net [C:/FPGA/WORKTREES/V41_NVP_R1G_VHDL_COMPATIBILITY/rtl/v41/nvp_i2c_tri_phase_probe.sv:711]
WARNING: [Synth 8-5396] Clock pin C has keep related attribute (keep/mark_debug/dont_touch) which could create extra logic on its net [C:/FPGA/WORKTREES/V41_NVP_R1G_VHDL_COMPATIBILITY/rtl/v41/nvp_i2c_tri_phase_probe.sv:711]
WARNING: [Synth 8-5396] Clock pin C has keep related attribute (keep/mark_debug/dont_touch) which could create extra logic on its net [C:/FPGA/WORKTREES/V41_NVP_R1G_VHDL_COMPATIBILITY/rtl/v41/nvp_i2c_tri_phase_probe.sv:711]
WARNING: [Synth 8-5396] Clock pin C has keep related attribute (keep/mark_debug/dont_touch) which could create extra logic on its net [C:/FPGA/WORKTREES/V41_NVP_R1G_VHDL_COMPATIBILITY/rtl/v41/nvp_i2c_tri_phase_probe.sv:711]
WARNING: [Synth 8-5396] Clock pin C has keep related attribute (keep/mark_debug/dont_touch) which could create extra logic on its net [C:/FPGA/WORKTREES/V41_NVP_R1G_VHDL_COMPATIBILITY/rtl/v41/nvp_i2c_tri_phase_probe.sv:711]
WARNING: [Synth 8-5396] Clock pin C has keep related attribute (keep/mark_debug/dont_touch) which could create extra logic on its net [C:/FPGA/WORKTREES/V41_NVP_R1G_VHDL_COMPATIBILITY/rtl/v41/nvp_i2c_tri_phase_probe.sv:711]
WARNING: [Synth 8-5396] Clock pin C has keep related attribute (keep/mark_debug/dont_touch) which could create extra logic on its net [C:/FPGA/WORKTREES/V41_NVP_R1G_VHDL_COMPATIBILITY/rtl/v41/nvp_i2c_tri_phase_probe.sv:711]
WARNING: [Synth 8-5396] Clock pin C has keep related attribute (keep/mark_debug/dont_touch) which could create extra logic on its net [C:/FPGA/WORKTREES/V41_NVP_R1G_VHDL_COMPATIBILITY/rtl/v41/nvp_i2c_tri_phase_probe.sv:711]
WARNING: [Synth 8-5396] Clock pin C has keep related attribute (keep/mark_debug/dont_touch) which could create extra logic on its net [C:/FPGA/WORKTREES/V41_NVP_R1G_VHDL_COMPATIBILITY/rtl/v41/nvp_i2c_tri_phase_probe.sv:711]
WARNING: [Synth 8-5396] Clock pin C has keep related attribute (keep/mark_debug/dont_touch) which could create extra logic on its net [C:/FPGA/WORKTREES/V41_NVP_R1G_VHDL_COMPATIBILITY/rtl/v41/nvp_i2c_tri_phase_probe.sv:711]
WARNING: [Synth 8-5396] Clock pin C has keep related attribute (keep/mark_debug/dont_touch) which could create extra logic on its net [C:/FPGA/WORKTREES/V41_NVP_R1G_VHDL_COMPATIBILITY/rtl/v41/nvp_i2c_tri_phase_probe.sv:711]
WARNING: [Synth 8-5396] Clock pin C has keep related attribute (keep/mark_debug/dont_touch) which could create extra logic on its net [C:/FPGA/WORKTREES/V41_NVP_R1G_VHDL_COMPATIBILITY/rtl/v41/nvp_i2c_tri_phase_probe.sv:711]
WARNING: [Synth 8-5396] Clock pin C has keep related attribute (keep/mark_debug/dont_touch) which could create extra logic on its net [C:/FPGA/WORKTREES/V41_NVP_R1G_VHDL_COMPATIBILITY/rtl/v41/nvp_i2c_tri_phase_probe.sv:711]
WARNING: [Synth 8-5396] Clock pin C has keep related attribute (keep/mark_debug/dont_touch) which could create extra logic on its net [C:/FPGA/WORKTREES/V41_NVP_R1G_VHDL_COMPATIBILITY/rtl/v41/nvp_i2c_tri_phase_probe.sv:711]
WARNING: [Synth 8-5396] Clock pin C has keep related attribute (keep/mark_debug/dont_touch) which could create extra logic on its net [C:/FPGA/WORKTREES/V41_NVP_R1G_VHDL_COMPATIBILITY/rtl/v41/nvp_i2c_tri_phase_probe.sv:711]
WARNING: [Synth 8-5396] Clock pin C has keep related attribute (keep/mark_debug/dont_touch) which could create extra logic on its net [C:/FPGA/WORKTREES/V41_NVP_R1G_VHDL_COMPATIBILITY/rtl/v41/nvp_i2c_tri_phase_probe.sv:711]
WARNING: [Synth 8-5396] Clock pin C has keep related attribute (keep/mark_debug/dont_touch) which could create extra logic on its net [C:/FPGA/WORKTREES/V41_NVP_R1G_VHDL_COMPATIBILITY/rtl/v41/nvp_i2c_tri_phase_probe.sv:711]
WARNING: [Synth 8-5396] Clock pin C has keep related attribute (keep/mark_debug/dont_touch) which could create extra logic on its net [C:/FPGA/WORKTREES/V41_NVP_R1G_VHDL_COMPATIBILITY/rtl/v41/nvp_i2c_tri_phase_probe.sv:711]
WARNING: [Synth 8-5396] Clock pin C has keep related attribute (keep/mark_debug/dont_touch) which could create extra logic on its net [C:/FPGA/WORKTREES/V41_NVP_R1G_VHDL_COMPATIBILITY/rtl/v41/nvp_i2c_tri_phase_probe.sv:711]
WARNING: [Synth 8-5396] Clock pin C has keep related attribute (keep/mark_debug/dont_touch) which could create extra logic on its net [C:/FPGA/WORKTREES/V41_NVP_R1G_VHDL_COMPATIBILITY/rtl/v41/nvp_i2c_tri_phase_probe.sv:711]
WARNING: [Synth 8-5396] Clock pin C has keep related attribute (keep/mark_debug/dont_touch) which could create extra logic on its net [C:/FPGA/WORKTREES/V41_NVP_R1G_VHDL_COMPATIBILITY/rtl/v41/nvp_i2c_tri_phase_probe.sv:711]
WARNING: [Synth 8-5396] Clock pin C has keep related attribute (keep/mark_debug/dont_touch) which could create extra logic on its net [C:/FPGA/WORKTREES/V41_NVP_R1G_VHDL_COMPATIBILITY/rtl/v41/nvp_i2c_tri_phase_probe.sv:711]
WARNING: [Synth 8-5396] Clock pin C has keep related attribute (keep/mark_debug/dont_touch) which could create extra logic on its net [C:/FPGA/WORKTREES/V41_NVP_R1G_VHDL_COMPATIBILITY/rtl/v41/nvp_i2c_tri_phase_probe.sv:711]
WARNING: [Synth 8-5396] Clock pin C has keep related attribute (keep/mark_debug/dont_touch) which could create extra logic on its net [C:/FPGA/WORKTREES/V41_NVP_R1G_VHDL_COMPATIBILITY/rtl/v41/nvp_i2c_tri_phase_probe.sv:711]
WARNING: [Synth 8-5396] Clock pin C has keep related attribute (keep/mark_debug/dont_touch) which could create extra logic on its net [C:/FPGA/WORKTREES/V41_NVP_R1G_VHDL_COMPATIBILITY/rtl/v41/nvp_i2c_tri_phase_probe.sv:711]
WARNING: [Synth 8-5396] Clock pin C has keep related attribute (keep/mark_debug/dont_touch) which could create extra logic on its net [C:/FPGA/WORKTREES/V41_NVP_R1G_VHDL_COMPATIBILITY/rtl/v41/nvp_i2c_tri_phase_probe.sv:711]
WARNING: [Synth 8-5396] Clock pin C has keep related attribute (keep/mark_debug/dont_touch) which could create extra logic on its net [C:/FPGA/WORKTREES/V41_NVP_R1G_VHDL_COMPATIBILITY/rtl/v41/nvp_i2c_tri_phase_probe.sv:711]
WARNING: [Synth 8-5396] Clock pin C has keep related attribute (keep/mark_debug/dont_touch) which could create extra logic on its net [C:/FPGA/WORKTREES/V41_NVP_R1G_VHDL_COMPATIBILITY/rtl/v41/nvp_i2c_tri_phase_probe.sv:711]
WARNING: [Synth 8-5396] Clock pin C has keep related attribute (keep/mark_debug/dont_touch) which could create extra logic on its net [C:/FPGA/WORKTREES/V41_NVP_R1G_VHDL_COMPATIBILITY/rtl/v41/nvp_i2c_tri_phase_probe.sv:711]
WARNING: [Synth 8-5396] Clock pin C has keep related attribute (keep/mark_debug/dont_touch) which could create extra logic on its net [C:/FPGA/WORKTREES/V41_NVP_R1G_VHDL_COMPATIBILITY/rtl/v41/nvp_i2c_tri_phase_probe.sv:711]
WARNING: [Synth 8-5396] Clock pin C has keep related attribute (keep/mark_debug/dont_touch) which could create extra logic on its net [C:/FPGA/WORKTREES/V41_NVP_R1G_VHDL_COMPATIBILITY/rtl/v41/nvp_i2c_tri_phase_probe.sv:711]
WARNING: [Synth 8-5396] Clock pin C has keep related attribute (keep/mark_debug/dont_touch) which could create extra logic on its net [C:/FPGA/WORKTREES/V41_NVP_R1G_VHDL_COMPATIBILITY/rtl/v41/nvp_i2c_tri_phase_probe.sv:711]
INFO: [Common 17-14] Message 'Synth 8-5396' appears 100 times and further instances of the messages will be disabled. Use the Tcl command set_msg_config to change the current settings.
---------------------------------------------------------------------------------
Finished IO Insertion : Time (s): cpu = 00:21:24 ; elapsed = 00:23:32 . Memory (MB): peak = 3055.324 ; gain = 2189.496
---------------------------------------------------------------------------------
---------------------------------------------------------------------------------
Start Renaming Generated Instances
---------------------------------------------------------------------------------
---------------------------------------------------------------------------------
Finished Renaming Generated Instances : Time (s): cpu = 00:21:24 ; elapsed = 00:23:33 . Memory (MB): peak = 3055.324 ; gain = 2189.496
---------------------------------------------------------------------------------
---------------------------------------------------------------------------------
Start Rebuilding User Hierarchy
---------------------------------------------------------------------------------
---------------------------------------------------------------------------------
Finished Rebuilding User Hierarchy : Time (s): cpu = 00:21:48 ; elapsed = 00:23:56 . Memory (MB): peak = 3113.285 ; gain = 2247.457
---------------------------------------------------------------------------------
---------------------------------------------------------------------------------
Start Renaming Generated Ports
---------------------------------------------------------------------------------
---------------------------------------------------------------------------------
Finished Renaming Generated Ports : Time (s): cpu = 00:21:48 ; elapsed = 00:23:57 . Memory (MB): peak = 3113.285 ; gain = 2247.457
---------------------------------------------------------------------------------
---------------------------------------------------------------------------------
Start Handling Custom Attributes
---------------------------------------------------------------------------------
---------------------------------------------------------------------------------
Finished Handling Custom Attributes : Time (s): cpu = 00:22:01 ; elapsed = 00:24:10 . Memory (MB): peak = 3115.152 ; gain = 2249.324
---------------------------------------------------------------------------------
---------------------------------------------------------------------------------
Start Renaming Generated Nets
---------------------------------------------------------------------------------
---------------------------------------------------------------------------------
Finished Renaming Generated Nets : Time (s): cpu = 00:22:01 ; elapsed = 00:24:10 . Memory (MB): peak = 3115.152 ; gain = 2249.324
---------------------------------------------------------------------------------
---------------------------------------------------------------------------------
Start Writing Synthesis Report
---------------------------------------------------------------------------------

Report BlackBoxes: 
+-+--------------+----------+
| |BlackBox name |Instances |
+-+--------------+----------+
+-+--------------+----------+

Report Cell Usage: 
+------+--------------+------+
|      |Cell          |Count |
+------+--------------+------+
|1     |BUFG          |     7|
|2     |BUFGCTRL      |     1|
|3     |BUFIO         |     1|
|4     |CARRY4        |  1516|
|5     |GTPE2_CHANNEL |     1|
|6     |GTPE2_COMMON  |     1|
|7     |IBUFDS_GTE2   |     1|
|8     |IDDR          |     8|
|9     |IDELAYCTRL    |     1|
|10    |IDELAYE2      |     8|
|11    |LUT1          |  1479|
|12    |LUT2          |  2686|
|13    |LUT3          |  3739|
|14    |LUT4          |  3383|
|15    |LUT5          | 11069|
|16    |LUT6          | 14073|
|17    |MMCME2_ADV    |     1|
|18    |MMCME2_BASE   |     1|
|19    |MUXF7         |  1570|
|20    |MUXF8         |   619|
|21    |PCIE_2        |     1|
|22    |RAM16X1D      |    10|
|23    |RAM32M        |   267|
|24    |RAM32X1D      |    18|
|25    |RAM64M        |    55|
|26    |RAM64X1S      |     9|
|27    |RAMB18E1      |     3|
|29    |RAMB36E1      |    21|
|37    |SRL16E        |     7|
|38    |SRLC32E       |     7|
|39    |FDCE          |    64|
|40    |FDPE          |    59|
|41    |FDRE          | 44897|
|42    |FDSE          |   242|
|43    |IBUF          |    12|
|44    |IOBUF         |     2|
|45    |OBUF          |     3|
+------+--------------+------+
---------------------------------------------------------------------------------
Finished Writing Synthesis Report : Time (s): cpu = 00:22:02 ; elapsed = 00:24:11 . Memory (MB): peak = 3115.152 ; gain = 2249.324
---------------------------------------------------------------------------------
Synthesis finished with 0 errors, 0 critical warnings and 58043 warnings.
Synthesis Optimization Runtime : Time (s): cpu = 00:16:45 ; elapsed = 00:21:19 . Memory (MB): peak = 3115.152 ; gain = 2078.762
Synthesis Optimization Complete : Time (s): cpu = 00:22:02 ; elapsed = 00:24:13 . Memory (MB): peak = 3115.152 ; gain = 2249.324
INFO: [Project 1-571] Translating synthesized netlist
Netlist sorting complete. Time (s): cpu = 00:00:04 ; elapsed = 00:00:04 . Memory (MB): peak = 3167.914 ; gain = 0.000
WARNING: [Netlist 29-345] The value of SIM_DEVICE on instance 'XDMA/inst/xdma_v41_m1_pcie2_to_pcie3_wrapper_i/pcie2_ip_i/inst/inst/gt_top_i/pipe_wrapper_i/pipe_clock_int.pipe_clock_i/pclk_i1_bufgctrl.pclk_i1' of type 'BUFGCTRL' is 'ULTRASCALE'; it is being changed to match the current FPGA architecture, '7SERIES'. For functional simulation to match hardware behavior, the value of SIM_DEVICE should be changed in the source netlist. 
INFO: [Netlist 29-17] Analyzing 4108 Unisim elements for replacement
INFO: [Netlist 29-28] Unisim Transformation completed in 3 CPU seconds
INFO: [Project 1-570] Preparing netlist for logic optimization
INFO: [Opt 31-140] Inserted 2 IBUFs to IO ports without IO buffers.
INFO: [Opt 31-141] Inserted 2 OBUFs to IO ports without IO buffers.
Parsing XDC File [C:/FPGA/WORKTREES/V41_NVP_R1G_VHDL_COMPATIBILITY/xdc/boards/current/xdma_pcie.xdc]
Finished Parsing XDC File [C:/FPGA/WORKTREES/V41_NVP_R1G_VHDL_COMPATIBILITY/xdc/boards/current/xdma_pcie.xdc]
Parsing XDC File [c:/FPGA/V41_NVP_R1G_VHDL_COMPATIBILITY_BUILD/vivado_project/v41_r1g_vhdl_compatibility.gen/sources_1/ip/xdma_v41_m1/ip_0/source/xdma_v41_m1_pcie2_ip-PCIE_X0Y0.xdc] for cell 'XDMA/inst/xdma_v41_m1_pcie2_to_pcie3_wrapper_i/pcie2_ip_i/inst'
Finished Parsing XDC File [c:/FPGA/V41_NVP_R1G_VHDL_COMPATIBILITY_BUILD/vivado_project/v41_r1g_vhdl_compatibility.gen/sources_1/ip/xdma_v41_m1/ip_0/source/xdma_v41_m1_pcie2_ip-PCIE_X0Y0.xdc] for cell 'XDMA/inst/xdma_v41_m1_pcie2_to_pcie3_wrapper_i/pcie2_ip_i/inst'
Parsing XDC File [c:/FPGA/V41_NVP_R1G_VHDL_COMPATIBILITY_BUILD/vivado_project/v41_r1g_vhdl_compatibility.gen/sources_1/ip/xdma_v41_m1/ip_3/pcie2_fifo_generator_dma_cpl.xdc] for cell 'XDMA/inst/xdma_v41_m1_pcie2_to_pcie3_wrapper_i/xdma_v41_m1_axi_stream_intf_i/xdma_v41_m1_rx_demux_i/dma_cpl_fifo_inst/U0'
Finished Parsing XDC File [c:/FPGA/V41_NVP_R1G_VHDL_COMPATIBILITY_BUILD/vivado_project/v41_r1g_vhdl_compatibility.gen/sources_1/ip/xdma_v41_m1/ip_3/pcie2_fifo_generator_dma_cpl.xdc] for cell 'XDMA/inst/xdma_v41_m1_pcie2_to_pcie3_wrapper_i/xdma_v41_m1_axi_stream_intf_i/xdma_v41_m1_rx_demux_i/dma_cpl_fifo_inst/U0'
Parsing XDC File [c:/FPGA/V41_NVP_R1G_VHDL_COMPATIBILITY_BUILD/vivado_project/v41_r1g_vhdl_compatibility.gen/sources_1/ip/xdma_v41_m1/ip_4/pcie2_fifo_generator_tgt_brdg.xdc] for cell 'XDMA/inst/xdma_v41_m1_pcie2_to_pcie3_wrapper_i/xdma_v41_m1_axi_stream_intf_i/xdma_v41_m1_rx_demux_i/tgt_brdg_fifo_inst/U0'
Finished Parsing XDC File [c:/FPGA/V41_NVP_R1G_VHDL_COMPATIBILITY_BUILD/vivado_project/v41_r1g_vhdl_compatibility.gen/sources_1/ip/xdma_v41_m1/ip_4/pcie2_fifo_generator_tgt_brdg.xdc] for cell 'XDMA/inst/xdma_v41_m1_pcie2_to_pcie3_wrapper_i/xdma_v41_m1_axi_stream_intf_i/xdma_v41_m1_rx_demux_i/tgt_brdg_fifo_inst/U0'
Parsing XDC File [c:/FPGA/V41_NVP_R1G_VHDL_COMPATIBILITY_BUILD/vivado_project/v41_r1g_vhdl_compatibility.gen/sources_1/ip/xdma_v41_m1/xdma_v41_m1_board.xdc] for cell 'XDMA/inst'
Finished Parsing XDC File [c:/FPGA/V41_NVP_R1G_VHDL_COMPATIBILITY_BUILD/vivado_project/v41_r1g_vhdl_compatibility.gen/sources_1/ip/xdma_v41_m1/xdma_v41_m1_board.xdc] for cell 'XDMA/inst'
Parsing XDC File [c:/FPGA/V41_NVP_R1G_VHDL_COMPATIBILITY_BUILD/vivado_project/v41_r1g_vhdl_compatibility.gen/sources_1/ip/xdma_v41_m1/source/xdma_v41_m1_pcie3_7vx_ip.xdc] for cell 'XDMA/inst'
Finished Parsing XDC File [c:/FPGA/V41_NVP_R1G_VHDL_COMPATIBILITY_BUILD/vivado_project/v41_r1g_vhdl_compatibility.gen/sources_1/ip/xdma_v41_m1/source/xdma_v41_m1_pcie3_7vx_ip.xdc] for cell 'XDMA/inst'
Parsing XDC File [c:/FPGA/V41_NVP_R1G_VHDL_COMPATIBILITY_BUILD/vivado_project/v41_r1g_vhdl_compatibility.gen/sources_1/ip/xdma_v41_m1/ip_0/source/ip_xilinx_pcie_2_1_7x_late.xdc] for cell 'XDMA/inst/xdma_v41_m1_pcie2_to_pcie3_wrapper_i/pcie2_ip_i/inst'
Finished Parsing XDC File [c:/FPGA/V41_NVP_R1G_VHDL_COMPATIBILITY_BUILD/vivado_project/v41_r1g_vhdl_compatibility.gen/sources_1/ip/xdma_v41_m1/ip_0/source/ip_xilinx_pcie_2_1_7x_late.xdc] for cell 'XDMA/inst/xdma_v41_m1_pcie2_to_pcie3_wrapper_i/pcie2_ip_i/inst'
Parsing XDC File [C:/FPGA/WORKTREES/V41_NVP_R1G_VHDL_COMPATIBILITY/xdc/boards/current/pins.xdc]
Finished Parsing XDC File [C:/FPGA/WORKTREES/V41_NVP_R1G_VHDL_COMPATIBILITY/xdc/boards/current/pins.xdc]
Parsing XDC File [C:/FPGA/WORKTREES/V41_NVP_R1G_VHDL_COMPATIBILITY/xdc/boards/current/vdo_input_timing.xdc]
Finished Parsing XDC File [C:/FPGA/WORKTREES/V41_NVP_R1G_VHDL_COMPATIBILITY/xdc/boards/current/vdo_input_timing.xdc]
Parsing XDC File [C:/FPGA/WORKTREES/V41_NVP_R1G_VHDL_COMPATIBILITY/xdc/boards/current/pcie_pio.xdc]
Finished Parsing XDC File [C:/FPGA/WORKTREES/V41_NVP_R1G_VHDL_COMPATIBILITY/xdc/boards/current/pcie_pio.xdc]
Parsing XDC File [C:/FPGA/WORKTREES/V41_NVP_R1G_VHDL_COMPATIBILITY/xdc/boards/current/nvp_control.xdc]
Finished Parsing XDC File [C:/FPGA/WORKTREES/V41_NVP_R1G_VHDL_COMPATIBILITY/xdc/boards/current/nvp_control.xdc]
Parsing XDC File [C:/FPGA/WORKTREES/V41_NVP_R1G_VHDL_COMPATIBILITY/xdc/common/cdc.xdc]
Finished Parsing XDC File [C:/FPGA/WORKTREES/V41_NVP_R1G_VHDL_COMPATIBILITY/xdc/common/cdc.xdc]
Parsing XDC File [C:/FPGA/WORKTREES/V41_NVP_R1G_VHDL_COMPATIBILITY/xdc/common/configuration_bank.xdc]
Finished Parsing XDC File [C:/FPGA/WORKTREES/V41_NVP_R1G_VHDL_COMPATIBILITY/xdc/common/configuration_bank.xdc]
INFO: [Project 1-1714] 16 XPM XDC files have been applied to the design.
INFO: [Opt 31-138] Pushed 0 inverter(s) to 0 load pin(s).
Netlist sorting complete. Time (s): cpu = 00:00:00 ; elapsed = 00:00:00.130 . Memory (MB): peak = 3739.406 ; gain = 0.000
INFO: [Project 1-111] Unisim Transformation Summary:
  A total of 362 instances were transformed.
  IOBUF => IOBUF (IBUF, OBUFT): 2 instances
  MMCME2_BASE => MMCME2_ADV: 1 instance 
  RAM16X1D => RAM32X1D (RAMD32(x2)): 10 instances
  RAM32M => RAM32M (RAMD32(x6), RAMS32(x2)): 267 instances
  RAM32X1D => RAM32X1D (RAMD32(x2)): 18 instances
  RAM64M => RAM64M (RAMD64E(x4)): 55 instances
  RAM64X1S => RAM64X1S (RAMS64E): 9 instances

Synth Design complete | Checksum: 948918cd
INFO: [Common 17-83] Releasing license: Synthesis
642 Infos, 428 Warnings, 0 Critical Warnings and 0 Errors encountered.
synth_design completed successfully
synth_design: Time (s): cpu = 00:24:37 ; elapsed = 00:27:07 . Memory (MB): peak = 3739.406 ; gain = 3059.223
INFO: [Timing 38-480] Writing timing data to binary archive.
Wrote PlaceDB: Time (s): cpu = 00:00:00 ; elapsed = 00:00:00.001 . Memory (MB): peak = 3739.406 ; gain = 0.000
Wrote PulsedLatchDB: Time (s): cpu = 00:00:00 ; elapsed = 00:00:00.001 . Memory (MB): peak = 3739.406 ; gain = 0.000
Writing XDEF routing.
Writing XDEF routing logical nets.
Writing XDEF routing special nets.
Wrote RouteStorage: Time (s): cpu = 00:00:01 ; elapsed = 00:00:00.074 . Memory (MB): peak = 3739.406 ; gain = 0.000
Wrote PlaceStorage: Time (s): cpu = 00:00:00 ; elapsed = 00:00:00.100 . Memory (MB): peak = 3739.406 ; gain = 0.000
Wrote Netlist Cache: Time (s): cpu = 00:00:00 ; elapsed = 00:00:00.009 . Memory (MB): peak = 3739.406 ; gain = 0.000
Wrote Device Cache: Time (s): cpu = 00:00:00 ; elapsed = 00:00:00.061 . Memory (MB): peak = 3739.406 ; gain = 0.000
Write Physdb Complete: Time (s): cpu = 00:00:01 ; elapsed = 00:00:00.384 . Memory (MB): peak = 3739.406 ; gain = 0.000
Write ShapeDB Complete: Time (s): cpu = 00:00:02 ; elapsed = 00:00:00.542 . Memory (MB): peak = 3739.406 ; gain = 0.000
INFO: [Common 17-1381] The checkpoint 'C:/FPGA/V41_NVP_R1G_VHDL_COMPATIBILITY/08_BUILD/VIVADO_2025_2_CLEAN_BUILD/R1G_synth.dcp' has been generated.
write_checkpoint: Time (s): cpu = 00:00:43 ; elapsed = 00:00:38 . Memory (MB): peak = 3739.406 ; gain = 0.000
INFO: [Timing 38-35] Done setting XDC timing constraints.
INFO: [Timing 38-91] UpdateTimingParams: Speed grade: -2, Delay Type: min_max.
INFO: [Timing 38-191] Multithreading enabled for timing update using a maximum of 2 CPUs
WARNING: [Timing 38-436] There are set_bus_skew constraint(s) in this design. Please run report_bus_skew to ensure that bus skew requirements are met.
report_timing_summary: Time (s): cpu = 00:02:06 ; elapsed = 00:01:23 . Memory (MB): peak = 3739.406 ; gain = 0.000
Command: opt_design -directive Explore
INFO: [Vivado_Tcl 4-136] Directive used for opt_design is: Explore
Attempting to get a license for feature 'Implementation' and/or device 'xc7a35t'
INFO: [Common 17-349] Got license for feature 'Implementation' and/or device 'xc7a35t'
Running DRC as a precondition to command opt_design

Starting DRC Task
INFO: [DRC 23-27] Running DRC with 2 threads
INFO: [Project 1-461] DRC finished with 0 Errors
INFO: [Project 1-462] Please refer to the DRC report (report_drc) for more information.

Time (s): cpu = 00:00:06 ; elapsed = 00:00:05 . Memory (MB): peak = 3739.406 ; gain = 0.000

Starting Logic Optimization Task

Phase 1 Initialization

Phase 1.1 Core Generation And Design Setup
Phase 1.1 Core Generation And Design Setup | Checksum: 1bf212ebc

Time (s): cpu = 00:00:00 ; elapsed = 00:00:00.169 . Memory (MB): peak = 3739.406 ; gain = 0.000

Phase 1.2 Setup Constraints And Sort Netlist
Phase 1.2 Setup Constraints And Sort Netlist | Checksum: 1bf212ebc

Time (s): cpu = 00:00:00 ; elapsed = 00:00:00.309 . Memory (MB): peak = 3739.406 ; gain = 0.000
Phase 1 Initialization | Checksum: 1bf212ebc

Time (s): cpu = 00:00:00 ; elapsed = 00:00:00.326 . Memory (MB): peak = 3739.406 ; gain = 0.000

Phase 2 Timer Update And Timing Data Collection

Phase 2.1 Detect if minReqCache needed
Phase 2.1 Detect if minReqCache needed | Checksum: 1bf212ebc

Time (s): cpu = 00:00:00 ; elapsed = 00:00:00.474 . Memory (MB): peak = 3739.406 ; gain = 0.000

Phase 2.2 Timer Update
Phase 2.2 Timer Update | Checksum: 1bf212ebc

Time (s): cpu = 00:00:10 ; elapsed = 00:00:07 . Memory (MB): peak = 3739.406 ; gain = 0.000

Phase 2.3 Timing Data Collection
Phase 2.3 Timing Data Collection | Checksum: 1bf212ebc

Time (s): cpu = 00:00:10 ; elapsed = 00:00:07 . Memory (MB): peak = 3739.406 ; gain = 0.000
Phase 2 Timer Update And Timing Data Collection | Checksum: 1bf212ebc

Time (s): cpu = 00:00:11 ; elapsed = 00:00:07 . Memory (MB): peak = 3739.406 ; gain = 0.000

Phase 3 Retarget
INFO: [Opt 31-1851] Number of loadless carry chains removed were: 0
INFO: [Opt 31-1834] Total Chains To Be Transformed Were: 0 AND Number of Transformed insts Created are: 0
INFO: [Opt 31-1566] Pulled 17 inverters resulting in an inversion of 204 pins
INFO: [Opt 31-138] Pushed 5 inverter(s) to 47 load pin(s).
INFO: [Opt 31-49] Retargeted 0 cell(s).
Phase 3 Retarget | Checksum: 26695e4b6

Time (s): cpu = 00:00:18 ; elapsed = 00:00:15 . Memory (MB): peak = 3739.406 ; gain = 0.000
Retarget | Checksum: 26695e4b6
INFO: [Opt 31-389] Phase Retarget created 51 cells and removed 1216 cells
INFO: [Opt 31-1021] In phase Retarget, 21 netlist objects are constrained preventing optimization. Please run opt_design with -debug_log to get more detail. 

Phase 4 Constant propagation
INFO: [Opt 31-138] Pushed 1 inverter(s) to 8 load pin(s).
Phase 4 Constant propagation | Checksum: 2636ebf9c

Time (s): cpu = 00:00:20 ; elapsed = 00:00:17 . Memory (MB): peak = 3739.406 ; gain = 0.000
Constant propagation | Checksum: 2636ebf9c
INFO: [Opt 31-389] Phase Constant propagation created 434 cells and removed 758 cells
INFO: [Opt 31-1021] In phase Constant propagation, 19 netlist objects are constrained preventing optimization. Please run opt_design with -debug_log to get more detail. 

Phase 5 Sweep
INFO: [Constraints 18-11670] Building netlist checker database with flags, 0x8
Done building netlist checker database: Time (s): cpu = 00:00:00 ; elapsed = 00:00:00.066 . Memory (MB): peak = 3739.406 ; gain = 0.000
INFO: [Constraints 18-11670] Building netlist checker database with flags, 0x8
Done building netlist checker database: Time (s): cpu = 00:00:00 ; elapsed = 00:00:00.079 . Memory (MB): peak = 3739.406 ; gain = 0.000
Phase 5 Sweep | Checksum: 23daab185

Time (s): cpu = 00:00:25 ; elapsed = 00:00:22 . Memory (MB): peak = 3739.406 ; gain = 0.000
Sweep | Checksum: 23daab185
INFO: [Opt 31-389] Phase Sweep created 0 cells and removed 1352 cells
INFO: [Opt 31-1021] In phase Sweep, 385 netlist objects are constrained preventing optimization. Please run opt_design with -debug_log to get more detail. 

Phase 6 BUFG optimization
Phase 6 BUFG optimization | Checksum: 1a70c2d43

Time (s): cpu = 00:00:29 ; elapsed = 00:00:24 . Memory (MB): peak = 3739.406 ; gain = 0.000
BUFG optimization | Checksum: 1a70c2d43
INFO: [Opt 31-662] Phase BUFG optimization created 0 cells of which 0 are BUFGs and removed 0 cells.

Phase 7 Shift Register Optimization
INFO: [Opt 31-1064] SRL Remap converted 0 SRLs to 0 registers and converted 0 registers of register chains to 0 SRLs
Phase 7 Shift Register Optimization | Checksum: 1a70c2d43

Time (s): cpu = 00:00:30 ; elapsed = 00:00:25 . Memory (MB): peak = 3739.406 ; gain = 0.000
Shift Register Optimization | Checksum: 1a70c2d43
INFO: [Opt 31-389] Phase Shift Register Optimization created 0 cells and removed 0 cells
INFO: [Opt 31-1555] control_set_opt supports Versal devices only, and device 7a35t is unsupported

Phase 8 Post Processing Netlist
Phase 8 Post Processing Netlist | Checksum: 1b62f3261

Time (s): cpu = 00:00:30 ; elapsed = 00:00:26 . Memory (MB): peak = 3739.406 ; gain = 0.000
Post Processing Netlist | Checksum: 1b62f3261
INFO: [Opt 31-389] Phase Post Processing Netlist created 0 cells and removed 0 cells
INFO: [Opt 31-1021] In phase Post Processing Netlist, 25 netlist objects are constrained preventing optimization. Please run opt_design with -debug_log to get more detail. 

Phase 9 Finalization

Phase 9.1 Finalizing Design Cores and Updating Shapes
Phase 9.1 Finalizing Design Cores and Updating Shapes | Checksum: 1f58410d7

Time (s): cpu = 00:00:36 ; elapsed = 00:00:32 . Memory (MB): peak = 3739.406 ; gain = 0.000

Phase 9.2 Verifying Netlist Connectivity

Starting Connectivity Check Task

Time (s): cpu = 00:00:00 ; elapsed = 00:00:00.362 . Memory (MB): peak = 3739.406 ; gain = 0.000
Phase 9.2 Verifying Netlist Connectivity | Checksum: 1f58410d7

Time (s): cpu = 00:00:36 ; elapsed = 00:00:32 . Memory (MB): peak = 3739.406 ; gain = 0.000
Phase 9 Finalization | Checksum: 1f58410d7

Time (s): cpu = 00:00:36 ; elapsed = 00:00:32 . Memory (MB): peak = 3739.406 ; gain = 0.000
Opt_design Change Summary
=========================


-------------------------------------------------------------------------------------------------------------------------
|  Phase                        |  #Cells created  |  #Cells Removed  |  #Constrained objects preventing optimizations  |
-------------------------------------------------------------------------------------------------------------------------
|  Retarget                     |              51  |            1216  |                                             21  |
|  Constant propagation         |             434  |             758  |                                             19  |
|  Sweep                        |               0  |            1352  |                                            385  |
|  BUFG optimization            |               0  |               0  |                                              0  |
|  Shift Register Optimization  |               0  |               0  |                                              0  |
|  Post Processing Netlist      |               0  |               0  |                                             25  |
-------------------------------------------------------------------------------------------------------------------------


Ending Logic Optimization Task | Checksum: 1f58410d7

Time (s): cpu = 00:00:36 ; elapsed = 00:00:32 . Memory (MB): peak = 3739.406 ; gain = 0.000
Netlist sorting complete. Time (s): cpu = 00:00:00 ; elapsed = 00:00:00.077 . Memory (MB): peak = 3739.406 ; gain = 0.000
INFO: [Common 17-83] Releasing license: Implementation
673 Infos, 429 Warnings, 0 Critical Warnings and 0 Errors encountered.
opt_design completed successfully
opt_design: Time (s): cpu = 00:00:55 ; elapsed = 00:00:50 . Memory (MB): peak = 3739.406 ; gain = 0.000
Command: place_design -directive Explore
Attempting to get a license for feature 'Implementation' and/or device 'xc7a35t'
INFO: [Common 17-349] Got license for feature 'Implementation' and/or device 'xc7a35t'
INFO: [Common 17-83] Releasing license: Implementation
INFO: [DRC 23-27] Running DRC with 2 threads
INFO: [Vivado_Tcl 4-198] DRC finished with 0 Errors
INFO: [Vivado_Tcl 4-199] Please refer to the DRC report (report_drc) for more information.
INFO: [Timing 38-35] Done setting XDC timing constraints.
INFO: [Vivado_Tcl 4-2302] The placer was invoked with the 'Explore' directive.
Running DRC as a precondition to command place_design
INFO: [DRC 23-27] Running DRC with 2 threads
ERROR: [DRC UTLZ-1] Resource utilization: LUT as Logic over-utilized in Top Level Design (This design requires more LUT as Logic cells than are available in the target device. This design requires 30926 of such cell types but only 20800 compatible sites are available in the target device. Please analyze your synthesis results and constraints to ensure the design is mapped to Xilinx primitives as expected. If so, please consider targeting a larger device. Please set tcl parameter "drc.disableLUTOverUtilError" to 1 to change this error to warning.)
ERROR: [DRC UTLZ-1] Resource utilization: Register as Flip Flop over-utilized in Top Level Design (This design requires more Register as Flip Flop cells than are available in the target device. This design requires 44248 of such cell types but only 41600 compatible sites are available in the target device. Please analyze your synthesis results and constraints to ensure the design is mapped to Xilinx primitives as expected. If so, please consider targeting a larger device.)
ERROR: [DRC UTLZ-1] Resource utilization: Slice Registers over-utilized in Top Level Design (This design requires more Slice Registers cells than are available in the target device. This design requires 44248 of such cell types but only 41600 compatible sites are available in the target device. Please analyze your synthesis results and constraints to ensure the design is mapped to Xilinx primitives as expected. If so, please consider targeting a larger device.)
INFO: [Vivado_Tcl 4-198] DRC finished with 3 Errors, 4 Warnings
INFO: [Vivado_Tcl 4-199] Please refer to the DRC report (report_drc) for more information.
ERROR: [Vivado_Tcl 4-23] Error(s) found during DRC. Placer not run.
683 Infos, 429 Warnings, 0 Critical Warnings and 4 Errors encountered.
place_design failed
place_design: Time (s): cpu = 00:00:25 ; elapsed = 00:00:17 . Memory (MB): peak = 3739.406 ; gain = 0.000
# set flow_rc [catch {
#   file mkdir $build_root
#   cd $build_root
# 
#   set project_name v41_r1g_vhdl_compatibility
#   set project_dir [file join $build_root vivado_project]
#   create_project $project_name $project_dir -part $expected_part
#   set_property target_language Verilog [current_project]
#   set_property simulator_language Mixed [current_project]
#   set_property XPM_LIBRARIES {XPM_CDC XPM_MEMORY} [current_project]
#   config_ip_cache -use_cache_location [file join $build_root ip_cache]
# 
#   add_files -norecurse $sv_files
#   set_property FILE_TYPE SystemVerilog [get_files $sv_files]
#   add_files -norecurse $vhdl_files
# 
#   set input_xci_dir [file join $build_root input_xci]
#   file mkdir $input_xci_dir
#   set xdma_copy [file join $input_xci_dir xdma_v41_m1.xci]
#   file copy $xdma_source $xdma_copy
#   set xdma_source_sha [sha256_file $xdma_source]
#   set xdma_copy_preimport_sha [sha256_file $xdma_copy]
#   if {$xdma_source_sha ne $xdma_copy_preimport_sha} {
#     error "import-copy XDMA XCI differs from exact source before import"
#   }
#   import_ip -files $xdma_copy
#   set xdma_ip [get_ips -quiet xdma_v41_m1]
#   if {[llength $xdma_ip] != 1} {
#     error "expected exactly one imported XDMA IP"
#   }
#   v41_xdma::configure_minimal_c2h_stream $xdma_ip
#   set xdma_property_lines [list \
#     "SOURCE_XCI=$xdma_source" \
#     "SOURCE_XCI_SHA256=$xdma_source_sha" \
#     "PREIMPORT_COPY_SHA256=$xdma_copy_preimport_sha"]
#   dict for {property expected} [v41_xdma::minimal_c2h_stream_config] {
#     set actual [get_property $property $xdma_ip]
#     if {$actual ne $expected} {
#       error "queried imported XDMA property mismatch for $property: expected '$expected', got '$actual'"
#     }
#     lappend xdma_property_lines \
#       "$property|EXPECTED=$expected|ACTUAL=$actual|PASS"
#   }
#   set imported_xci [get_property IP_FILE $xdma_ip]
#   set imported_xci_object [get_files -quiet $imported_xci]
#   if {[llength $imported_xci_object] != 1} {
#     error "imported XDMA XCI object not found: $imported_xci"
#   }
#   set_property GENERATE_SYNTH_CHECKPOINT false $imported_xci_object
#   generate_target all $xdma_ip
#   lappend xdma_property_lines \
#     "GENERATE_SYNTH_CHECKPOINT=[get_property GENERATE_SYNTH_CHECKPOINT $imported_xci_object]"
#   write_lines [file join $evidence_root R1F_XDMA_IMPORTED_PROPERTY_AUDIT.txt] \
#     $xdma_property_lines
# 
#   add_files -fileset constrs_1 -norecurse $xdc_files
#   set_property PROCESSING_ORDER EARLY [get_files [lindex $xdc_files 0]]
#   set_property PROCESSING_ORDER LATE [get_files [lrange $xdc_files 1 end]]
# 
#   set top $expected_top
#   set_property top $top [get_filesets sources_1]
#   set_property generic $generics [get_filesets sources_1]
#   update_compile_order -fileset sources_1
# 
#   set queried_part [get_property PART [current_project]]
#   set queried_top [get_property TOP [get_filesets sources_1]]
#   set queried_generics [get_property GENERIC [get_filesets sources_1]]
#   if {$queried_part ne $expected_part || $queried_top ne $expected_top ||
#       $queried_generics ne $generics} {
#     error "queried project part/top/generic contract differs from frozen R1f configuration"
#   }
# 
#   set xdc_order_lines [list]
#   for {set index 0} {$index < [llength $xdc_files]} {incr index} {
#     set xdc_path [lindex $xdc_files $index]
#     set expected_order [expr {$index == 0 ? "EARLY" : "LATE"}]
#     set actual_order [get_property PROCESSING_ORDER [get_files $xdc_path]]
#     if {$actual_order ne $expected_order} {
#       error "XDC processing order mismatch for $xdc_path"
#     }
#     lappend xdc_order_lines \
#       "[format %02d $index]|$expected_order|[relative_path_from_repo $repo_root $xdc_path]|[sha256_file $xdc_path]"
#   }
#   write_lines [file join $evidence_root R1F_XDC_ORDER_AND_SHA256.txt] \
#     $xdc_order_lines
# 
#   set actual_compile_objects \
#     [get_files -compile_order sources -used_in synthesis]
#   set actual_compile_names [list]
#   set actual_compile_lines [list]
#   set compile_index 0
#   foreach object $actual_compile_objects {
#     set name [get_property NAME $object]
#     lappend actual_compile_names $name
#     lappend actual_compile_lines \
#       "[format %03d $compile_index]|[get_property FILE_TYPE $object]|$name"
#     incr compile_index
#   }
#   foreach required [concat $vhdl_files $sv_files] {
#     if {[compile_order_index $actual_compile_names $required] < 0} {
#       error "required synthesis source absent from queried compile order: $required"
#     }
#   }
#   set prior_index -1
#   foreach required $vhdl_files {
#     set this_index [compile_order_index $actual_compile_names $required]
#     if {$this_index <= $prior_index} {
#       error "queried VHDL analysis order violates frozen R1f dependency order"
#     }
#     set prior_index $this_index
#   }
#   set top_compile_index [compile_order_index $actual_compile_names \
#     [file join $repo_root rtl top ahd_capture_top_xdma.sv]]
#   foreach required [list \
#     [file join $repo_root rtl v41 nvp_i2c_tri_phase_probe.sv] \
#     [file join $repo_root rtl v41 r1f_failed_txn_logger.sv] \
#     [file join $repo_root rtl v41 r1f_measurement_regs.sv] \
#     [file join $repo_root rtl v41 control_status_regs.sv]] {
#     if {[compile_order_index $actual_compile_names $required] >=
#         $top_compile_index} {
#       error "R1f SystemVerilog dependency is not before the queried top compile unit: $required"
#     }
#   }
#   write_lines [file join $evidence_root R1F_QUERIED_SYNTHESIS_COMPILE_ORDER.txt] \
#     $actual_compile_lines
# 
#   write_lines [file join $evidence_root R1F_BUILD_PROVENANCE.txt] [list \
#     "SOURCE_GIT_COMMIT=$source_commit" \
#     "SOURCE_GIT_TREE=$source_tree" \
#     "SOURCE_BRANCH=$actual_branch" \
#     "SOURCE_TREE_CLEAN=YES" \
#     "BUILD_FLAGS=0x00000002" \
#     "GIT_SHA_W0=0x[lindex $git_words 0]" \
#     "GIT_SHA_W1=0x[lindex $git_words 1]" \
#     "GIT_SHA_W2=0x[lindex $git_words 2]" \
#     "GIT_SHA_W3=0x[lindex $git_words 3]" \
#     "GIT_SHA_W4=0x[lindex $git_words 4]" \
#     "VIVADO_VERSION_QUERIED=$vivado_short" \
#     "VIVADO_SW_BUILD_QUERIED=$vivado_sw_build" \
#     "PART_QUERIED=$queried_part" \
#     "TOP_QUERIED=$queried_top" \
#     "GENERICS_QUERIED=$queried_generics" \
#     "SLOT_COUNT=2" \
#     "ENABLE_MAREK_INIT_TABLE=1" \
#     "AUTOINIT_I2C_HZ=25000" \
#     "AUTOINIT_CLOCK_HZ=62500000" \
#     "EXPECTED_CNT_AT_INIT_DONE=132584734" \
#     "R1F_LOG_CAPACITY=64" \
#     "R1F_TRANSACTION_INDEX_WIDTH=16" \
#     "R1F_TABLE_SLOT_INDEX_WIDTH=16" \
#     "R1F_RECORD_WIDTH=192" \
#     "R1F_PROBE_PHASES=3" \
#     "R1F_PROBE_TARGET_OPPORTUNITIES_PER_PHASE=10000" \
#     "R1F_PROBE_BLOCKS_PER_PHASE=10" \
#     "R1F_PROBE_INDEX_LOG_CAPACITY_PER_PHASE=512" \
#     "R1F_PROBE_BANK=0x00" \
#     "R1F_PROBE_REGISTER=0x85" \
#     "R1F_PROBE_DATA=0x00" \
#     "XCI_SOURCE=$xdma_source" \
#     "XCI_SOURCE_SHA256=$xdma_source_sha" \
#     "PREBUILD_MANIFEST_SHA256=$expected_prebuild_manifest_sha256" \
#     "NO_INCREMENTAL_CHECKPOINT_INPUT=YES"]
# 
#   synth_design -top $top -part $expected_part -flatten_hierarchy rebuilt
#   set synthesized_cells [get_cells -quiet -hier]
#   set synthesized_nets [get_nets -quiet -hier]
#   set synthesis_status [expr {
#     [llength $synthesized_cells] > 0 && [llength $synthesized_nets] > 0
#       ? "PASS" : "FAIL"
#   }]
#   if {$synthesis_status ne "PASS"} {
#     error "queried post-synthesis netlist is empty"
#   }
#   write_checkpoint -force [file join $evidence_root R1G_synth.dcp]
#   report_utilization \
#     -file [file join $evidence_root R1F_utilization_post_synth.rpt]
#   report_timing_summary -delay_type min_max -max_paths 100 \
#     -file [file join $evidence_root R1F_timing_post_synth.rpt]
# 
#   opt_design -directive Explore
#   place_design -directive Explore
#   set leaf_cells \
#     [get_cells -quiet -hier -filter {PRIMITIVE_LEVEL == LEAF}]
#   set placed_cell_count 0
#   foreach cell $leaf_cells {
#     if {[safe_property $cell LOC] ni [list EMPTY NOT_AVAILABLE]} {
#       incr placed_cell_count
#     }
#   }
#   set place_status [expr {$placed_cell_count > 0 ? "PASS" : "FAIL"}]
#   if {$place_status ne "PASS"} {
#     error "queried placed primitive count is zero"
#   }
#   phys_opt_design -directive Explore
#   route_design -directive Explore
#   write_checkpoint -force [file join $evidence_root R1G_routed.dcp]
# 
#   set route_report [file join $evidence_root R1F_route_status.rpt]
#   set timing_report [file join $evidence_root R1F_timing_summary.rpt]
#   set drc_report [file join $evidence_root R1F_drc.rpt]
#   set bus_skew_report [file join $evidence_root R1F_bus_skew.rpt]
#   set cdc_report [file join $evidence_root R1F_cdc.rpt]
#   set util_report [file join $evidence_root R1F_utilization.rpt]
#   set power_report \
#     [file join $evidence_root R1F_power_aggregate_and_hierarchical.rpt]
# 
#   report_route_status -file $route_report
#   report_timing_summary -delay_type min_max -max_paths 1000 \
#     -file $timing_report
#   report_timing -delay_type max -max_paths 1000 -nworst 20 \
#     -file [file join $evidence_root R1F_timing_complete_setup.rpt]
#   report_timing -delay_type min -max_paths 1000 -nworst 20 \
#     -file [file join $evidence_root R1F_timing_complete_hold.rpt]
#   report_drc -file $drc_report
#   check_timing -verbose \
#     -file [file join $evidence_root R1F_check_timing.rpt]
#   report_exceptions -coverage \
#     -file [file join $evidence_root R1F_exception_coverage.rpt]
#   report_bus_skew -file $bus_skew_report
#   report_clock_interaction \
#     -file [file join $evidence_root R1F_clock_interaction.rpt]
#   report_cdc -details -file $cdc_report
#   report_utilization -file $util_report
#   report_utilization -hierarchical -hierarchical_depth 20 \
#     -file [file join $evidence_root R1F_utilization_hierarchical.rpt]
#   report_clock_utilization \
#     -file [file join $evidence_root R1F_clock_utilization.rpt]
#   report_design_analysis -congestion \
#     -file [file join $evidence_root R1F_congestion.rpt]
#   report_methodology \
#     -file [file join $evidence_root R1F_methodology.rpt]
#   report_power -hierarchical_depth 20 -file $power_report
#   report_io -file [file join $evidence_root R1F_io.rpt]
#   report_clocks -file [file join $evidence_root R1F_clocks.rpt]
#   report_property -file [file join $evidence_root R1F_design_properties.txt] \
#     [current_design]
# 
#   set nvp_io_ports [get_ports -quiet {nvp_scl nvp_sda}]
#   if {[llength $nvp_io_ports] != 2} {
#     error "expected exactly two NVP I2C ports"
#   }
#   set nvp_iobuf_cells [get_cells -quiet -hier -regexp \
#     {.*NVP_(SCL|SDA)_IOBUF.*}]
#   if {[llength $nvp_iobuf_cells] != 2} {
#     error "expected exactly two routed NVP IOBUF cells"
#   }
#   report_property \
#     -file [file join $evidence_root R1F_nvp_iobuf_properties.txt] \
#     $nvp_iobuf_cells
#   set nvp_t_pins [get_pins -quiet -of_objects $nvp_iobuf_cells \
#     -filter {REF_PIN_NAME == T}]
#   set nvp_o_pins [get_pins -quiet -of_objects $nvp_iobuf_cells \
#     -filter {REF_PIN_NAME == O}]
#   if {[llength $nvp_t_pins] != 2 || [llength $nvp_o_pins] != 2} {
#     error "NVP IOBUF T/O pin inventory is incomplete"
#   }
#   set nvp_oen_paths [get_timing_paths -quiet -delay_type max \
#     -to $nvp_t_pins -max_paths 16 -nworst 8]
#   if {[llength $nvp_oen_paths] == 0} {
#     error "OEN-to-NVP-IOBUF timing path class is empty"
#   }
#   report_timing -delay_type max -to $nvp_t_pins -max_paths 32 -nworst 16 \
#     -file [file join $evidence_root R1F_nvp_oen_to_iobuf_paths.rpt]
# 
#   set nvp_sync_cells [get_cells -quiet -hier -regexp \
#     {.*(sda_sync|scl_sync).*}]
#   if {[llength $nvp_sync_cells] < 8} {
#     error "expected at least eight inherited/probe SCL/SDA synchronizer cells"
#   }
#   set sync_placement_lines [list \
#     "SYNCHRONIZER_CELL_COUNT=[llength $nvp_sync_cells]"]
#   foreach cell [lsort -dictionary $nvp_sync_cells] {
#     lappend sync_placement_lines \
#       "CELL=[safe_property $cell NAME]|REF=[safe_property $cell REF_NAME]|LOC=[safe_property $cell LOC]|BEL=[safe_property $cell BEL]|ASYNC_REG=[safe_property $cell ASYNC_REG]|SHREG_EXTRACT=[safe_property $cell SHREG_EXTRACT]"
#   }
#   write_lines [file join $evidence_root R1F_nvp_synchronizer_placement.txt] \
#     $sync_placement_lines
#   set sync_first_cells [get_cells -quiet -hier -regexp \
#     {.*(sda_sync(_r)?|scl_sync(_r)?)_reg\[0\]$}]
#   set sync_first_d [get_pins -quiet -of_objects $sync_first_cells \
#     -filter {REF_PIN_NAME == D}]
#   if {[llength $sync_first_d] < 4} {
#     error "first-stage SCL/SDA synchronizer D-pin inventory is incomplete"
#   }
#   set pad_sync_paths [get_timing_paths -quiet -delay_type max \
#     -from $nvp_o_pins -to $sync_first_d -max_paths 16 -nworst 8]
#   if {[llength $pad_sync_paths] == 0} {
#     error "NVP-pad-to-synchronizer timing path class is empty"
#   }
#   report_timing -delay_type max -from $nvp_o_pins -to $sync_first_d \
#     -max_paths 32 -nworst 16 \
#     -file [file join $evidence_root R1F_nvp_pad_to_synchronizer_paths.rpt]
#   write_lines [file join $evidence_root R1F_nvp_output_fanin.txt] \
#     [lsort [get_property NAME [all_fanin -flat -to $nvp_t_pins]]]
#   write_lines [file join $evidence_root R1F_nvp_input_fanout.txt] \
#     [lsort [get_property NAME [all_fanout -flat -from $nvp_o_pins]]]
# 
#   set tri_probe_inventory [write_region_inventory $evidence_root \
#     POST_INIT_TRI_PHASE_PROBE {.*POST_INIT_TRI_PHASE_PROBE.*}]
#   set failed_logger_inventory [write_region_inventory $evidence_root \
#     R1F_FAILED_TXN_LOGGER {.*R1F_FAILED_TXN_LOGGER.*}]
#   set measurement_regs_inventory [write_region_inventory $evidence_root \
#     R1F_MEASUREMENT_REGS {.*R1F_MEASUREMENT_REGS.*}]
#   set serial_inventory [write_region_inventory $evidence_root \
#     R1F_TRANSACTION_SERIAL \
#     {.*(R1F_TRANSACTION_SERIAL|r1f_transaction_serial).*}]
#   set lifecycle_inventory [write_region_inventory $evidence_root \
#     LIFECYCLE_MONITOR {.*(LIFECYCLE_MONITOR|lifecycle).*}]
#   set autoinit_inventory [write_region_inventory $evidence_root \
#     NVP_AUTOINIT {.*(NVP_AUTOINIT|nvp_autoinit).*}]
# 
#   set vdo_ports [get_ports -quiet {vdo1_data[*]}]
#   if {[llength $vdo_ports] != 8} {
#     error "expected exactly eight VDO input ports"
#   }
#   report_timing -delay_type max -from $vdo_ports -max_paths 32 -nworst 4 \
#     -file [file join $evidence_root R1F_vdo_setup_paths.rpt]
#   report_timing -delay_type min -from $vdo_ports -max_paths 32 -nworst 4 \
#     -file [file join $evidence_root R1F_vdo_hold_paths.rpt]
# 
#   set worst_setup [get_timing_paths -quiet -delay_type max \
#     -max_paths 1 -nworst 1]
#   set worst_hold [get_timing_paths -quiet -delay_type min \
#     -max_paths 1 -nworst 1]
#   set vdo_setup [get_timing_paths -quiet -delay_type max -from $vdo_ports \
#     -max_paths 1 -nworst 1]
#   set vdo_hold [get_timing_paths -quiet -delay_type min -from $vdo_ports \
#     -max_paths 1 -nworst 1]
#   if {[llength $worst_setup] != 1 || [llength $worst_hold] != 1 ||
#       [llength $vdo_setup] != 1 || [llength $vdo_hold] != 1} {
#     error "required global or VDO timing path class is empty"
#   }
#   set wns [get_property SLACK $worst_setup]
#   set whs [get_property SLACK $worst_hold]
#   set vdo_wns [get_property SLACK $vdo_setup]
#   set vdo_whs [get_property SLACK $vdo_hold]
#   foreach value [list $wns $whs $vdo_wns $vdo_whs] {
#     if {![string is double -strict $value]} {
#       error "queried timing slack is not numeric: $value"
#     }
#   }
# 
#   set drc_errors 0
#   set drc_critical_warnings 0
#   set drc_warnings 0
#   set all_drc_violations [get_drc_violations -quiet]
#   foreach violation $all_drc_violations {
#     set severity [string toupper [get_property SEVERITY $violation]]
#     switch -- $severity {
#       ERROR { incr drc_errors }
#       {CRITICAL WARNING} { incr drc_critical_warnings }
#       WARNING { incr drc_warnings }
#     }
#   }
#   set reqp_checks [get_drc_checks -quiet REQP-1839]
#   if {[llength $reqp_checks] != 1} {
#     error "Vivado did not expose exactly one REQP-1839 DRC check object"
#   }
#   set reqp_check [lindex $reqp_checks 0]
#   report_property -all \
#     -file [file join $evidence_root R1F_REQP_1839_CHECK_PROPERTIES.txt] \
#     $reqp_check
#   set reqp_result_name R1F_REQP_1839_SEMANTIC
#   set reqp_semantic_report \
#     [file join $evidence_root R1F_REQP_1839_SEMANTIC.rpt]
#   report_drc -name $reqp_result_name -checks $reqp_check \
#     -file $reqp_semantic_report
#   set reqp_1839_objects [get_drc_violations -quiet \
#     -name $reqp_result_name {REQP-1839*}]
#   set reqp_1839_names [list]
#   if {[llength $reqp_1839_objects] != 0} {
#     set reqp_1839_names \
#       [lsort -dictionary -unique [get_property NAME $reqp_1839_objects]]
#   }
#   set reqp_1839_semantic_count [llength $reqp_1839_names]
#   set reqp_1839_raw_text_count \
#     [regexp -all {REQP-1839} [read_text $reqp_semantic_report]]
#   set reqp_1839_lines [list \
#     "REQP_1839_CHECK_OBJECT_COUNT=[llength $reqp_checks]" \
#     "REQP_1839_CHECK_OBJECT=[get_property NAME $reqp_check]" \
#     "REQP_1839_RESULT_NAME=$reqp_result_name" \
#     "REQP_1839_RETURNED_OBJECT_COUNT=[llength $reqp_1839_objects]" \
#     "REQP_1839_SEMANTIC_COUNT=$reqp_1839_semantic_count" \
#     "REQP_1839_RAW_TEXT_COUNT=$reqp_1839_raw_text_count" \
#     "REQP_1839_RAW_TEXT_COUNT_NOT_USED_AS_GATE=YES"]
#   set reqp_index 0
#   foreach violation_name $reqp_1839_names {
#     if {![string match "REQP-1839#*" $violation_name]} {
#       error "named REQP result exposed a foreign violation object: $violation_name"
#     }
#     set one_violation [get_drc_violations -quiet \
#       -name $reqp_result_name [list $violation_name]]
#     if {[llength $one_violation] != 1} {
#       error "per-violation REQP object cardinality failure: $violation_name"
#     }
#     report_property -all \
#       -file [file join $evidence_root \
#         [format "R1F_REQP_1839_VIOLATION_%02d_PROPERTIES.txt" $reqp_index]] \
#       $one_violation
#     lappend reqp_1839_lines \
#       "VIOLATION_INDEX=$reqp_index|OBJECT=$violation_name"
#     incr reqp_index
#   }
#   write_lines [file join $evidence_root R1F_REQP_1839_VIOLATION_OBJECTS.txt] \
#     $reqp_1839_lines
# 
#   set route_text [read_text $route_report]
#   set route_errors -1
#   if {![regexp -nocase \
#       {# of nets with routing errors[^:]*:[ \t]*([0-9]+)} \
#       $route_text -> route_errors]} {
#     regexp -nocase \
#       {number of nets with routing errors[^:]*:[ \t]*([0-9]+)} \
#       $route_text -> route_errors
#   }
#   set route_status [expr {$route_errors == 0 ? "PASS" : "FAIL"}]
#   set bus_skew_violations \
#     [regexp -all {Slack \(VIOLATED\)} [read_text $bus_skew_report]]
#   set cdc_text [read_text $cdc_report]
#   set cdc_critical [regexp -all -line \
#     {^CDC-[0-9]+[ \t]+Critical[ \t]+} $cdc_text]
#   set cdc_unknown [regexp -all -line \
#     {^CDC-[0-9]+[ \t]+Unknown[ \t]+} $cdc_text]
# 
#   set util_text [report_utilization -return_string]
#   lassign [utilization_row $util_text "Slice LUTs*"] \
#     lut_used lut_available
#   lassign [utilization_row $util_text "Slice Registers"] \
#     ff_used ff_available
#   lassign [utilization_row $util_text "Block RAM Tile"] \
#     bram_used bram_available
#   lassign [utilization_row $util_text "DSPs"] \
#     dsp_used dsp_available
#   set ramb36_used [llength \
#     [get_cells -quiet -hier -filter {REF_NAME == RAMB36E1}]]
#   set ramb18_used [llength \
#     [get_cells -quiet -hier -filter {REF_NAME == RAMB18E1}]]
#   set bufg_used [llength \
#     [get_cells -quiet -hier -filter {REF_NAME =~ BUFG*}]]
#   set mmcm_used [llength \
#     [get_cells -quiet -hier -filter {REF_NAME =~ MMCM*}]]
# 
#   array set ram_type_count {}
#   foreach cell $leaf_cells {
#     set ref_name [safe_property $cell REF_NAME]
#     if {[regexp {^(RAM|RAMB|SRL)} $ref_name]} {
#       if {![info exists ram_type_count($ref_name)]} {
#         set ram_type_count($ref_name) 0
#       }
#       incr ram_type_count($ref_name)
#     }
#   }
#   set ram_lines [list \
#     "RAMB36_USED=$ramb36_used" \
#     "RAMB18_USED=$ramb18_used"]
#   foreach ref_name [lsort [array names ram_type_count]] {
#     lappend ram_lines \
#       "REF_NAME=$ref_name|COUNT=$ram_type_count($ref_name)"
#   }
#   write_lines [file join $evidence_root R1F_ram_bram_distributed_inventory.txt] \
#     $ram_lines
# 
#   set implementation_gate PASS
#   if {$synthesis_status ne "PASS" ||
#       $place_status ne "PASS" ||
#       $route_status ne "PASS" ||
#       $route_errors != 0 ||
#       $wns < 0.0 ||
#       $whs <= 0.0 ||
#       $vdo_wns <= 0.0 ||
#       $vdo_whs <= 0.0 ||
#       $drc_errors != 0 ||
#       $drc_critical_warnings != 0 ||
#       $reqp_1839_semantic_count != 4 ||
#       $cdc_critical != 0 ||
#       $cdc_unknown != 0 ||
#       $bus_skew_violations != 0} {
#     set implementation_gate FAIL
#   }
# 
#   set bit_generated NO
#   set bit_sha256 NOT_GENERATED
#   set source_commit_to_bit_provenance NOT_APPLICABLE_NO_BIT
#   if {$implementation_gate eq "PASS"} {
#     file mkdir [file dirname $bit_path]
#     write_bitstream $bit_path
#     set bit_generated YES
#     set bit_sha256 [sha256_file $bit_path]
#     set source_commit_to_bit_provenance PASS
#   }
# 
#   write_lines [file join $evidence_root R1G_BUILD_RESULT.txt] [list \
#     "TASK=V41_NVP_R1G_VHDL_COMPATIBILITY_AND_PHASE_COMPLETE_OBSERVABILITY" \
#     "FULL_BUILDS=1" \
#     "SOURCE_GIT_COMMIT=$source_commit" \
#     "SOURCE_GIT_TREE=$source_tree" \
#     "SOURCE_BRANCH=$actual_branch" \
#     "VIVADO_VERSION=$vivado_short" \
#     "VIVADO_SW_BUILD=$vivado_sw_build" \
#     "PART=$queried_part" \
#     "TOP=$queried_top" \
#     "PROJECT_CREATION=PASS" \
#     "SYNTHESIS=$synthesis_status" \
#     "SYNTHESIZED_CELL_COUNT=[llength $synthesized_cells]" \
#     "SYNTHESIZED_NET_COUNT=[llength $synthesized_nets]" \
#     "PLACE=$place_status" \
#     "PLACED_PRIMITIVE_COUNT=$placed_cell_count" \
#     "ROUTE=$route_status" \
#     "ROUTE_ERRORS=$route_errors" \
#     "WNS=$wns" \
#     "WHS=$whs" \
#     "VDO_WNS=$vdo_wns" \
#     "VDO_WHS=$vdo_whs" \
#     "DRC_ERRORS=$drc_errors" \
#     "DRC_CRITICAL_WARNINGS=$drc_critical_warnings" \
#     "DRC_WARNINGS=$drc_warnings" \
#     "BUS_SKEW_VIOLATIONS=$bus_skew_violations" \
#     "CDC_CRITICAL=$cdc_critical" \
#     "CDC_UNKNOWN=$cdc_unknown" \
#     "REQP_1839_SEMANTIC_COUNT=$reqp_1839_semantic_count" \
#     "REQP_1839_RAW_TEXT_COUNT=$reqp_1839_raw_text_count" \
#     "REQP_1839_RAW_TEXT_COUNT_NOT_USED_AS_GATE=YES" \
#     "LUT_USED=$lut_used" \
#     "LUT_AVAILABLE=$lut_available" \
#     "FF_USED=$ff_used" \
#     "FF_AVAILABLE=$ff_available" \
#     "BRAM_TILE_USED=$bram_used" \
#     "BRAM_TILE_AVAILABLE=$bram_available" \
#     "RAMB36_USED=$ramb36_used" \
#     "RAMB18_USED=$ramb18_used" \
#     "DSP_USED=$dsp_used" \
#     "DSP_AVAILABLE=$dsp_available" \
#     "BUFG_USED=$bufg_used" \
#     "MMCM_USED=$mmcm_used" \
#     "POST_INIT_TRI_PHASE_PROBE_OBJECTS=$tri_probe_inventory" \
#     "R1F_FAILED_TXN_LOGGER_OBJECTS=$failed_logger_inventory" \
#     "R1F_MEASUREMENT_REGS_OBJECTS=$measurement_regs_inventory" \
#     "R1F_TRANSACTION_SERIAL_OBJECTS=$serial_inventory" \
#     "LIFECYCLE_MONITOR_OBJECTS=$lifecycle_inventory" \
#     "NVP_AUTOINIT_OBJECTS=$autoinit_inventory" \
#     "AUTOINIT_I2C_HZ=25000" \
#     "AUTOINIT_CLOCK_HZ=62500000" \
#     "EXPECTED_CNT_AT_INIT_DONE=132584734" \
#     "R1F_LOG_CAPACITY=64" \
#     "R1F_TRANSACTION_INDEX_WIDTH=16" \
#     "R1F_TABLE_SLOT_INDEX_WIDTH=16" \
#     "R1F_RECORD_WIDTH=192" \
#     "R1F_PROBE_PHASES=3" \
#     "R1F_PROBE_TARGET_OPPORTUNITIES_PER_PHASE=10000" \
#     "R1F_PROBE_BLOCKS_PER_PHASE=10" \
#     "R1F_PROBE_INDEX_LOG_CAPACITY_PER_PHASE=512" \
#     "R1F_PROBE_BANK=0x00" \
#     "R1F_PROBE_REGISTER=0x85" \
#     "R1F_PROBE_DATA=0x00" \
#     "NVP_TABLE_UNCHANGED=YES_HASH_BOUND" \
#     "FUNCTIONAL_FSM_UNCHANGED=YES_PREBUILD_BOUND" \
#     "POR_START_WATCHDOG_UNCHANGED=YES_PREBUILD_BOUND" \
#     "SDA_SCL_FILTERS_UNCHANGED=YES_PREBUILD_BOUND" \
#     "XDMA_XCI_UNCHANGED=YES_HASH_BOUND" \
#     "XDC_SET_UNCHANGED=YES_HASH_BOUND" \
#     "PREBUILD_MANIFEST_BINDING=PASS" \
#     "SOURCE_COMMIT_TO_BIT_PROVENANCE=$source_commit_to_bit_provenance" \
#     "R1G_ROUTED_DCP=[file join $evidence_root R1G_routed.dcp]" \
#     "BITSTREAM=$bit_path" \
#     "BITSTREAM_GENERATED=$bit_generated" \
#     "BITSTREAM_SHA256=$bit_sha256" \
#     "R1G_IMPLEMENTATION_GATE=$implementation_gate"]
# 
#   if {$implementation_gate ne "PASS"} {
#     error "R1f implementation gate failed; the one build is consumed and no bitstream was emitted"
#   }
# 
#   close_project
#   puts "R1G_IMPLEMENTATION_GATE=PASS"
#   puts "R1G_BITSTREAM_SHA256=$bit_sha256"
# } flow_error flow_options]
# if {$flow_rc != 0} {
#   catch {close_project}
#   set error_info UNKNOWN
#   if {[dict exists $flow_options -errorinfo]} {
#     set error_info [dict get $flow_options -errorinfo]
#   }
#   write_lines [file join $evidence_root R1G_BUILD_TERMINAL_FAILURE.txt] [list \
#     "R1G_ONE_CLEAN_BUILD_CONSUMED=YES" \
#     "SOURCE_GIT_COMMIT=$source_commit" \
#     "SOURCE_GIT_TREE=$source_tree" \
#     "PROGRAM_RETRY_AUTHORIZED=NO" \
#     "TERMINAL_ERROR=$flow_error" \
#     "ERROR_INFO_BEGIN" \
#     $error_info \
#     "ERROR_INFO_END"]
#   puts stderr "R1G_ONE_CLEAN_BUILD_CONSUMED=YES"
#   puts stderr "R1G_BUILD_TERMINAL_FAILURE=$flow_error"
#   exit 1
# }
close_project: Time (s): cpu = 00:00:08 ; elapsed = 00:00:09 . Memory (MB): peak = 3739.406 ; gain = 0.000
R1G_ONE_CLEAN_BUILD_CONSUMED=YES
R1G_BUILD_TERMINAL_FAILURE=ERROR: [Common 17-39] 'place_design' failed due to earlier errors.

INFO: [Common 17-206] Exiting Vivado at Mon Aug 24 19:26:07 2026...
