Rule,Severity,Description,Depth,SourceClock,DestinationClock,Exception,DestinationEndpoint,ProductMultiplicity,DiagnosticMultiplicity,Disposition
CDC-1,Critical,1-bit unknown CDC circuitry,0,nvp_vclk1,userclk1,Max Delay Datapath Only,G2B_ONECH_C2H/axi_hard_episode_reg/D,1,1,IDENTICAL
CDC-1,Critical,1-bit unknown CDC circuitry,0,nvp_vclk1,userclk1,Max Delay Datapath Only,G2B_ONECH_C2H/axis_global_reg[0]/CE,1,1,IDENTICAL
CDC-1,Critical,1-bit unknown CDC circuitry,0,nvp_vclk1,userclk1,Max Delay Datapath Only,G2B_ONECH_C2H/axis_global_reg[10]/CE,1,1,IDENTICAL
CDC-1,Critical,1-bit unknown CDC circuitry,0,nvp_vclk1,userclk1,Max Delay Datapath Only,G2B_ONECH_C2H/axis_global_reg[11]/CE,1,1,IDENTICAL
CDC-1,Critical,1-bit unknown CDC circuitry,0,nvp_vclk1,userclk1,Max Delay Datapath Only,G2B_ONECH_C2H/axis_global_reg[12]/CE,1,1,IDENTICAL
CDC-1,Critical,1-bit unknown CDC circuitry,0,nvp_vclk1,userclk1,Max Delay Datapath Only,G2B_ONECH_C2H/axis_global_reg[13]/CE,1,1,IDENTICAL
CDC-1,Critical,1-bit unknown CDC circuitry,0,nvp_vclk1,userclk1,Max Delay Datapath Only,G2B_ONECH_C2H/axis_global_reg[14]/CE,1,1,IDENTICAL
CDC-1,Critical,1-bit unknown CDC circuitry,0,nvp_vclk1,userclk1,Max Delay Datapath Only,G2B_ONECH_C2H/axis_global_reg[15]/CE,1,1,IDENTICAL
CDC-1,Critical,1-bit unknown CDC circuitry,0,nvp_vclk1,userclk1,Max Delay Datapath Only,G2B_ONECH_C2H/axis_global_reg[16]/CE,1,1,IDENTICAL
CDC-1,Critical,1-bit unknown CDC circuitry,0,nvp_vclk1,userclk1,Max Delay Datapath Only,G2B_ONECH_C2H/axis_global_reg[17]/CE,1,1,IDENTICAL
CDC-1,Critical,1-bit unknown CDC circuitry,0,nvp_vclk1,userclk1,Max Delay Datapath Only,G2B_ONECH_C2H/axis_global_reg[18]/CE,1,1,IDENTICAL
CDC-1,Critical,1-bit unknown CDC circuitry,0,nvp_vclk1,userclk1,Max Delay Datapath Only,G2B_ONECH_C2H/axis_global_reg[19]/CE,1,1,IDENTICAL
CDC-1,Critical,1-bit unknown CDC circuitry,0,nvp_vclk1,userclk1,Max Delay Datapath Only,G2B_ONECH_C2H/axis_global_reg[1]/CE,1,1,IDENTICAL
CDC-1,Critical,1-bit unknown CDC circuitry,0,nvp_vclk1,userclk1,Max Delay Datapath Only,G2B_ONECH_C2H/axis_global_reg[20]/CE,1,1,IDENTICAL
CDC-1,Critical,1-bit unknown CDC circuitry,0,nvp_vclk1,userclk1,Max Delay Datapath Only,G2B_ONECH_C2H/axis_global_reg[21]/CE,1,1,IDENTICAL
CDC-1,Critical,1-bit unknown CDC circuitry,0,nvp_vclk1,userclk1,Max Delay Datapath Only,G2B_ONECH_C2H/axis_global_reg[22]/CE,1,1,IDENTICAL
CDC-1,Critical,1-bit unknown CDC circuitry,0,nvp_vclk1,userclk1,Max Delay Datapath Only,G2B_ONECH_C2H/axis_global_reg[23]/CE,1,1,IDENTICAL
CDC-1,Critical,1-bit unknown CDC circuitry,0,nvp_vclk1,userclk1,Max Delay Datapath Only,G2B_ONECH_C2H/axis_global_reg[24]/CE,1,1,IDENTICAL
CDC-1,Critical,1-bit unknown CDC circuitry,0,nvp_vclk1,userclk1,Max Delay Datapath Only,G2B_ONECH_C2H/axis_global_reg[25]/CE,1,1,IDENTICAL
CDC-1,Critical,1-bit unknown CDC circuitry,0,nvp_vclk1,userclk1,Max Delay Datapath Only,G2B_ONECH_C2H/axis_global_reg[26]/CE,1,1,IDENTICAL
CDC-1,Critical,1-bit unknown CDC circuitry,0,nvp_vclk1,userclk1,Max Delay Datapath Only,G2B_ONECH_C2H/axis_global_reg[27]/CE,1,1,IDENTICAL
CDC-1,Critical,1-bit unknown CDC circuitry,0,nvp_vclk1,userclk1,Max Delay Datapath Only,G2B_ONECH_C2H/axis_global_reg[28]/CE,1,1,IDENTICAL
CDC-1,Critical,1-bit unknown CDC circuitry,0,nvp_vclk1,userclk1,Max Delay Datapath Only,G2B_ONECH_C2H/axis_global_reg[29]/CE,1,1,IDENTICAL
CDC-1,Critical,1-bit unknown CDC circuitry,0,nvp_vclk1,userclk1,Max Delay Datapath Only,G2B_ONECH_C2H/axis_global_reg[2]/CE,1,1,IDENTICAL
CDC-1,Critical,1-bit unknown CDC circuitry,0,nvp_vclk1,userclk1,Max Delay Datapath Only,G2B_ONECH_C2H/axis_global_reg[30]/CE,1,1,IDENTICAL
CDC-1,Critical,1-bit unknown CDC circuitry,0,nvp_vclk1,userclk1,Max Delay Datapath Only,G2B_ONECH_C2H/axis_global_reg[31]/CE,1,1,IDENTICAL
CDC-1,Critical,1-bit unknown CDC circuitry,0,nvp_vclk1,userclk1,Max Delay Datapath Only,G2B_ONECH_C2H/axis_global_reg[3]/CE,1,1,IDENTICAL
CDC-1,Critical,1-bit unknown CDC circuitry,0,nvp_vclk1,userclk1,Max Delay Datapath Only,G2B_ONECH_C2H/axis_global_reg[4]/CE,1,1,IDENTICAL
CDC-1,Critical,1-bit unknown CDC circuitry,0,nvp_vclk1,userclk1,Max Delay Datapath Only,G2B_ONECH_C2H/axis_global_reg[5]/CE,1,1,IDENTICAL
CDC-1,Critical,1-bit unknown CDC circuitry,0,nvp_vclk1,userclk1,Max Delay Datapath Only,G2B_ONECH_C2H/axis_global_reg[6]/CE,1,1,IDENTICAL
CDC-1,Critical,1-bit unknown CDC circuitry,0,nvp_vclk1,userclk1,Max Delay Datapath Only,G2B_ONECH_C2H/axis_global_reg[7]/CE,1,1,IDENTICAL
CDC-1,Critical,1-bit unknown CDC circuitry,0,nvp_vclk1,userclk1,Max Delay Datapath Only,G2B_ONECH_C2H/axis_global_reg[8]/CE,1,1,IDENTICAL
CDC-1,Critical,1-bit unknown CDC circuitry,0,nvp_vclk1,userclk1,Max Delay Datapath Only,G2B_ONECH_C2H/axis_global_reg[9]/CE,1,1,IDENTICAL
CDC-1,Critical,1-bit unknown CDC circuitry,0,nvp_vclk1,userclk1,Max Delay Datapath Only,G2B_ONECH_C2H/axis_state_reg[0]/D,1,1,IDENTICAL
CDC-1,Critical,1-bit unknown CDC circuitry,0,nvp_vclk1,userclk1,Max Delay Datapath Only,G2B_ONECH_C2H/axis_state_reg[1]/D,1,1,IDENTICAL
CDC-1,Critical,1-bit unknown CDC circuitry,0,nvp_vclk1,userclk1,Max Delay Datapath Only,G2B_ONECH_C2H/axis_state_reg[2]/D,1,1,IDENTICAL
CDC-1,Critical,1-bit unknown CDC circuitry,0,nvp_vclk1,userclk1,Max Delay Datapath Only,G2B_ONECH_C2H/commit_fifo_count_reg[0]/D,1,1,IDENTICAL
CDC-1,Critical,1-bit unknown CDC circuitry,0,nvp_vclk1,userclk1,Max Delay Datapath Only,G2B_ONECH_C2H/commit_fifo_count_reg[1]/D,1,1,IDENTICAL
CDC-1,Critical,1-bit unknown CDC circuitry,0,nvp_vclk1,userclk1,Max Delay Datapath Only,G2B_ONECH_C2H/commit_fifo_count_reg[2]/D,1,1,IDENTICAL
CDC-1,Critical,1-bit unknown CDC circuitry,0,nvp_vclk1,userclk1,Max Delay Datapath Only,G2B_ONECH_C2H/commit_fifo_head_reg[0]/D,1,1,IDENTICAL
CDC-1,Critical,1-bit unknown CDC circuitry,0,nvp_vclk1,userclk1,Max Delay Datapath Only,G2B_ONECH_C2H/commit_fifo_head_reg[1]/D,1,1,IDENTICAL
CDC-1,Critical,1-bit unknown CDC circuitry,0,nvp_vclk1,userclk1,Max Delay Datapath Only,G2B_ONECH_C2H/commit_fifo_tail_reg[0]/D,1,1,IDENTICAL
CDC-1,Critical,1-bit unknown CDC circuitry,0,nvp_vclk1,userclk1,Max Delay Datapath Only,G2B_ONECH_C2H/commit_fifo_tail_reg[1]/D,1,1,IDENTICAL
CDC-1,Critical,1-bit unknown CDC circuitry,0,nvp_vclk1,userclk1,Max Delay Datapath Only,G2B_ONECH_C2H/commit_seen_axi_reg[0]/CE,1,1,IDENTICAL
CDC-1,Critical,1-bit unknown CDC circuitry,0,nvp_vclk1,userclk1,Max Delay Datapath Only,G2B_ONECH_C2H/commit_seen_axi_reg[1]/CE,1,1,IDENTICAL
CDC-1,Critical,1-bit unknown CDC circuitry,0,nvp_vclk1,userclk1,Max Delay Datapath Only,G2B_ONECH_C2H/commit_seen_axi_reg[2]/CE,1,1,IDENTICAL
CDC-1,Critical,1-bit unknown CDC circuitry,0,nvp_vclk1,userclk1,Max Delay Datapath Only,G2B_ONECH_C2H/commit_seen_axi_reg[3]/CE,1,1,IDENTICAL
CDC-1,Critical,1-bit unknown CDC circuitry,0,nvp_vclk1,userclk1,Max Delay Datapath Only,G2B_ONECH_C2H/error_status_axi_reg[4]/D,1,1,IDENTICAL
CDC-1,Critical,1-bit unknown CDC circuitry,0,nvp_vclk1,userclk1,Max Delay Datapath Only,G2B_ONECH_C2H/fatal_clear_qualified_axi_reg/D,1,1,IDENTICAL
CDC-1,Critical,1-bit unknown CDC circuitry,0,nvp_vclk1,userclk1,Max Delay Datapath Only,G2B_ONECH_C2H/fatal_generation_axi_reg[0]/CE,1,1,IDENTICAL
CDC-1,Critical,1-bit unknown CDC circuitry,0,nvp_vclk1,userclk1,Max Delay Datapath Only,G2B_ONECH_C2H/fatal_generation_axi_reg[10]/CE,1,1,IDENTICAL
CDC-1,Critical,1-bit unknown CDC circuitry,0,nvp_vclk1,userclk1,Max Delay Datapath Only,G2B_ONECH_C2H/fatal_generation_axi_reg[11]/CE,1,1,IDENTICAL
CDC-1,Critical,1-bit unknown CDC circuitry,0,nvp_vclk1,userclk1,Max Delay Datapath Only,G2B_ONECH_C2H/fatal_generation_axi_reg[12]/CE,1,1,IDENTICAL
CDC-1,Critical,1-bit unknown CDC circuitry,0,nvp_vclk1,userclk1,Max Delay Datapath Only,G2B_ONECH_C2H/fatal_generation_axi_reg[13]/CE,1,1,IDENTICAL
CDC-1,Critical,1-bit unknown CDC circuitry,0,nvp_vclk1,userclk1,Max Delay Datapath Only,G2B_ONECH_C2H/fatal_generation_axi_reg[14]/CE,1,1,IDENTICAL
CDC-1,Critical,1-bit unknown CDC circuitry,0,nvp_vclk1,userclk1,Max Delay Datapath Only,G2B_ONECH_C2H/fatal_generation_axi_reg[15]/CE,1,1,IDENTICAL
CDC-1,Critical,1-bit unknown CDC circuitry,0,nvp_vclk1,userclk1,Max Delay Datapath Only,G2B_ONECH_C2H/fatal_generation_axi_reg[16]/CE,1,1,IDENTICAL
CDC-1,Critical,1-bit unknown CDC circuitry,0,nvp_vclk1,userclk1,Max Delay Datapath Only,G2B_ONECH_C2H/fatal_generation_axi_reg[17]/CE,1,1,IDENTICAL
CDC-1,Critical,1-bit unknown CDC circuitry,0,nvp_vclk1,userclk1,Max Delay Datapath Only,G2B_ONECH_C2H/fatal_generation_axi_reg[18]/CE,1,1,IDENTICAL
CDC-1,Critical,1-bit unknown CDC circuitry,0,nvp_vclk1,userclk1,Max Delay Datapath Only,G2B_ONECH_C2H/fatal_generation_axi_reg[19]/CE,1,1,IDENTICAL
CDC-1,Critical,1-bit unknown CDC circuitry,0,nvp_vclk1,userclk1,Max Delay Datapath Only,G2B_ONECH_C2H/fatal_generation_axi_reg[1]/CE,1,1,IDENTICAL
CDC-1,Critical,1-bit unknown CDC circuitry,0,nvp_vclk1,userclk1,Max Delay Datapath Only,G2B_ONECH_C2H/fatal_generation_axi_reg[20]/CE,1,1,IDENTICAL
CDC-1,Critical,1-bit unknown CDC circuitry,0,nvp_vclk1,userclk1,Max Delay Datapath Only,G2B_ONECH_C2H/fatal_generation_axi_reg[21]/CE,1,1,IDENTICAL
CDC-1,Critical,1-bit unknown CDC circuitry,0,nvp_vclk1,userclk1,Max Delay Datapath Only,G2B_ONECH_C2H/fatal_generation_axi_reg[22]/CE,1,1,IDENTICAL
CDC-1,Critical,1-bit unknown CDC circuitry,0,nvp_vclk1,userclk1,Max Delay Datapath Only,G2B_ONECH_C2H/fatal_generation_axi_reg[23]/CE,1,1,IDENTICAL
CDC-1,Critical,1-bit unknown CDC circuitry,0,nvp_vclk1,userclk1,Max Delay Datapath Only,G2B_ONECH_C2H/fatal_generation_axi_reg[24]/CE,1,1,IDENTICAL
CDC-1,Critical,1-bit unknown CDC circuitry,0,nvp_vclk1,userclk1,Max Delay Datapath Only,G2B_ONECH_C2H/fatal_generation_axi_reg[25]/CE,1,1,IDENTICAL
CDC-1,Critical,1-bit unknown CDC circuitry,0,nvp_vclk1,userclk1,Max Delay Datapath Only,G2B_ONECH_C2H/fatal_generation_axi_reg[26]/CE,1,1,IDENTICAL
CDC-1,Critical,1-bit unknown CDC circuitry,0,nvp_vclk1,userclk1,Max Delay Datapath Only,G2B_ONECH_C2H/fatal_generation_axi_reg[27]/CE,1,1,IDENTICAL
CDC-1,Critical,1-bit unknown CDC circuitry,0,nvp_vclk1,userclk1,Max Delay Datapath Only,G2B_ONECH_C2H/fatal_generation_axi_reg[28]/CE,1,1,IDENTICAL
CDC-1,Critical,1-bit unknown CDC circuitry,0,nvp_vclk1,userclk1,Max Delay Datapath Only,G2B_ONECH_C2H/fatal_generation_axi_reg[29]/CE,1,1,IDENTICAL
CDC-1,Critical,1-bit unknown CDC circuitry,0,nvp_vclk1,userclk1,Max Delay Datapath Only,G2B_ONECH_C2H/fatal_generation_axi_reg[2]/CE,1,1,IDENTICAL
CDC-1,Critical,1-bit unknown CDC circuitry,0,nvp_vclk1,userclk1,Max Delay Datapath Only,G2B_ONECH_C2H/fatal_generation_axi_reg[30]/CE,1,1,IDENTICAL
CDC-1,Critical,1-bit unknown CDC circuitry,0,nvp_vclk1,userclk1,Max Delay Datapath Only,G2B_ONECH_C2H/fatal_generation_axi_reg[31]/CE,1,1,IDENTICAL
CDC-1,Critical,1-bit unknown CDC circuitry,0,nvp_vclk1,userclk1,Max Delay Datapath Only,G2B_ONECH_C2H/fatal_generation_axi_reg[3]/CE,1,1,IDENTICAL
CDC-1,Critical,1-bit unknown CDC circuitry,0,nvp_vclk1,userclk1,Max Delay Datapath Only,G2B_ONECH_C2H/fatal_generation_axi_reg[4]/CE,1,1,IDENTICAL
CDC-1,Critical,1-bit unknown CDC circuitry,0,nvp_vclk1,userclk1,Max Delay Datapath Only,G2B_ONECH_C2H/fatal_generation_axi_reg[5]/CE,1,1,IDENTICAL
CDC-1,Critical,1-bit unknown CDC circuitry,0,nvp_vclk1,userclk1,Max Delay Datapath Only,G2B_ONECH_C2H/fatal_generation_axi_reg[6]/CE,1,1,IDENTICAL
CDC-1,Critical,1-bit unknown CDC circuitry,0,nvp_vclk1,userclk1,Max Delay Datapath Only,G2B_ONECH_C2H/fatal_generation_axi_reg[7]/CE,1,1,IDENTICAL
CDC-1,Critical,1-bit unknown CDC circuitry,0,nvp_vclk1,userclk1,Max Delay Datapath Only,G2B_ONECH_C2H/fatal_generation_axi_reg[8]/CE,1,1,IDENTICAL
CDC-1,Critical,1-bit unknown CDC circuitry,0,nvp_vclk1,userclk1,Max Delay Datapath Only,G2B_ONECH_C2H/fatal_generation_axi_reg[9]/CE,1,1,IDENTICAL
CDC-1,Critical,1-bit unknown CDC circuitry,0,nvp_vclk1,userclk1,Max Delay Datapath Only,G2B_ONECH_C2H/global_stream_next_axi_reg[0]/CE,1,1,IDENTICAL
CDC-1,Critical,1-bit unknown CDC circuitry,0,nvp_vclk1,userclk1,Max Delay Datapath Only,G2B_ONECH_C2H/global_stream_next_axi_reg[10]/CE,1,1,IDENTICAL
CDC-1,Critical,1-bit unknown CDC circuitry,0,nvp_vclk1,userclk1,Max Delay Datapath Only,G2B_ONECH_C2H/global_stream_next_axi_reg[11]/CE,1,1,IDENTICAL
CDC-1,Critical,1-bit unknown CDC circuitry,0,nvp_vclk1,userclk1,Max Delay Datapath Only,G2B_ONECH_C2H/global_stream_next_axi_reg[12]/CE,1,1,IDENTICAL
CDC-1,Critical,1-bit unknown CDC circuitry,0,nvp_vclk1,userclk1,Max Delay Datapath Only,G2B_ONECH_C2H/global_stream_next_axi_reg[13]/CE,1,1,IDENTICAL
CDC-1,Critical,1-bit unknown CDC circuitry,0,nvp_vclk1,userclk1,Max Delay Datapath Only,G2B_ONECH_C2H/global_stream_next_axi_reg[14]/CE,1,1,IDENTICAL
CDC-1,Critical,1-bit unknown CDC circuitry,0,nvp_vclk1,userclk1,Max Delay Datapath Only,G2B_ONECH_C2H/global_stream_next_axi_reg[15]/CE,1,1,IDENTICAL
CDC-1,Critical,1-bit unknown CDC circuitry,0,nvp_vclk1,userclk1,Max Delay Datapath Only,G2B_ONECH_C2H/global_stream_next_axi_reg[16]/CE,1,1,IDENTICAL
CDC-1,Critical,1-bit unknown CDC circuitry,0,nvp_vclk1,userclk1,Max Delay Datapath Only,G2B_ONECH_C2H/global_stream_next_axi_reg[17]/CE,1,1,IDENTICAL
CDC-1,Critical,1-bit unknown CDC circuitry,0,nvp_vclk1,userclk1,Max Delay Datapath Only,G2B_ONECH_C2H/global_stream_next_axi_reg[18]/CE,1,1,IDENTICAL
CDC-1,Critical,1-bit unknown CDC circuitry,0,nvp_vclk1,userclk1,Max Delay Datapath Only,G2B_ONECH_C2H/global_stream_next_axi_reg[19]/CE,1,1,IDENTICAL
CDC-1,Critical,1-bit unknown CDC circuitry,0,nvp_vclk1,userclk1,Max Delay Datapath Only,G2B_ONECH_C2H/global_stream_next_axi_reg[1]/CE,1,1,IDENTICAL
CDC-1,Critical,1-bit unknown CDC circuitry,0,nvp_vclk1,userclk1,Max Delay Datapath Only,G2B_ONECH_C2H/global_stream_next_axi_reg[20]/CE,1,1,IDENTICAL
CDC-1,Critical,1-bit unknown CDC circuitry,0,nvp_vclk1,userclk1,Max Delay Datapath Only,G2B_ONECH_C2H/global_stream_next_axi_reg[21]/CE,1,1,IDENTICAL
CDC-1,Critical,1-bit unknown CDC circuitry,0,nvp_vclk1,userclk1,Max Delay Datapath Only,G2B_ONECH_C2H/global_stream_next_axi_reg[22]/CE,1,1,IDENTICAL
CDC-1,Critical,1-bit unknown CDC circuitry,0,nvp_vclk1,userclk1,Max Delay Datapath Only,G2B_ONECH_C2H/global_stream_next_axi_reg[23]/CE,1,1,IDENTICAL
CDC-1,Critical,1-bit unknown CDC circuitry,0,nvp_vclk1,userclk1,Max Delay Datapath Only,G2B_ONECH_C2H/global_stream_next_axi_reg[24]/CE,1,1,IDENTICAL
CDC-1,Critical,1-bit unknown CDC circuitry,0,nvp_vclk1,userclk1,Max Delay Datapath Only,G2B_ONECH_C2H/global_stream_next_axi_reg[25]/CE,1,1,IDENTICAL
CDC-1,Critical,1-bit unknown CDC circuitry,0,nvp_vclk1,userclk1,Max Delay Datapath Only,G2B_ONECH_C2H/global_stream_next_axi_reg[26]/CE,1,1,IDENTICAL
CDC-1,Critical,1-bit unknown CDC circuitry,0,nvp_vclk1,userclk1,Max Delay Datapath Only,G2B_ONECH_C2H/global_stream_next_axi_reg[27]/CE,1,1,IDENTICAL
CDC-1,Critical,1-bit unknown CDC circuitry,0,nvp_vclk1,userclk1,Max Delay Datapath Only,G2B_ONECH_C2H/global_stream_next_axi_reg[28]/CE,1,1,IDENTICAL
CDC-1,Critical,1-bit unknown CDC circuitry,0,nvp_vclk1,userclk1,Max Delay Datapath Only,G2B_ONECH_C2H/global_stream_next_axi_reg[29]/CE,1,1,IDENTICAL
CDC-1,Critical,1-bit unknown CDC circuitry,0,nvp_vclk1,userclk1,Max Delay Datapath Only,G2B_ONECH_C2H/global_stream_next_axi_reg[2]/CE,1,1,IDENTICAL
CDC-1,Critical,1-bit unknown CDC circuitry,0,nvp_vclk1,userclk1,Max Delay Datapath Only,G2B_ONECH_C2H/global_stream_next_axi_reg[30]/CE,1,1,IDENTICAL
CDC-1,Critical,1-bit unknown CDC circuitry,0,nvp_vclk1,userclk1,Max Delay Datapath Only,G2B_ONECH_C2H/global_stream_next_axi_reg[31]/CE,1,1,IDENTICAL
CDC-1,Critical,1-bit unknown CDC circuitry,0,nvp_vclk1,userclk1,Max Delay Datapath Only,G2B_ONECH_C2H/global_stream_next_axi_reg[3]/CE,1,1,IDENTICAL
CDC-1,Critical,1-bit unknown CDC circuitry,0,nvp_vclk1,userclk1,Max Delay Datapath Only,G2B_ONECH_C2H/global_stream_next_axi_reg[4]/CE,1,1,IDENTICAL
CDC-1,Critical,1-bit unknown CDC circuitry,0,nvp_vclk1,userclk1,Max Delay Datapath Only,G2B_ONECH_C2H/global_stream_next_axi_reg[5]/CE,1,1,IDENTICAL
CDC-1,Critical,1-bit unknown CDC circuitry,0,nvp_vclk1,userclk1,Max Delay Datapath Only,G2B_ONECH_C2H/global_stream_next_axi_reg[6]/CE,1,1,IDENTICAL
CDC-1,Critical,1-bit unknown CDC circuitry,0,nvp_vclk1,userclk1,Max Delay Datapath Only,G2B_ONECH_C2H/global_stream_next_axi_reg[7]/CE,1,1,IDENTICAL
CDC-1,Critical,1-bit unknown CDC circuitry,0,nvp_vclk1,userclk1,Max Delay Datapath Only,G2B_ONECH_C2H/global_stream_next_axi_reg[8]/CE,1,1,IDENTICAL
CDC-1,Critical,1-bit unknown CDC circuitry,0,nvp_vclk1,userclk1,Max Delay Datapath Only,G2B_ONECH_C2H/global_stream_next_axi_reg[9]/CE,1,1,IDENTICAL
CDC-1,Critical,1-bit unknown CDC circuitry,0,nvp_vclk1,userclk1,Max Delay Datapath Only,G2B_ONECH_C2H/last_channel_axi_reg[0]/CE,1,1,IDENTICAL
CDC-1,Critical,1-bit unknown CDC circuitry,0,nvp_vclk1,userclk1,Max Delay Datapath Only,G2B_ONECH_C2H/last_channel_axi_reg[10]/CE,1,1,IDENTICAL
CDC-1,Critical,1-bit unknown CDC circuitry,0,nvp_vclk1,userclk1,Max Delay Datapath Only,G2B_ONECH_C2H/last_channel_axi_reg[11]/CE,1,1,IDENTICAL
CDC-1,Critical,1-bit unknown CDC circuitry,0,nvp_vclk1,userclk1,Max Delay Datapath Only,G2B_ONECH_C2H/last_channel_axi_reg[12]/CE,1,1,IDENTICAL
CDC-1,Critical,1-bit unknown CDC circuitry,0,nvp_vclk1,userclk1,Max Delay Datapath Only,G2B_ONECH_C2H/last_channel_axi_reg[13]/CE,1,1,IDENTICAL
CDC-1,Critical,1-bit unknown CDC circuitry,0,nvp_vclk1,userclk1,Max Delay Datapath Only,G2B_ONECH_C2H/last_channel_axi_reg[14]/CE,1,1,IDENTICAL
CDC-1,Critical,1-bit unknown CDC circuitry,0,nvp_vclk1,userclk1,Max Delay Datapath Only,G2B_ONECH_C2H/last_channel_axi_reg[15]/CE,1,1,IDENTICAL
CDC-1,Critical,1-bit unknown CDC circuitry,0,nvp_vclk1,userclk1,Max Delay Datapath Only,G2B_ONECH_C2H/last_channel_axi_reg[16]/CE,1,1,IDENTICAL
CDC-1,Critical,1-bit unknown CDC circuitry,0,nvp_vclk1,userclk1,Max Delay Datapath Only,G2B_ONECH_C2H/last_channel_axi_reg[17]/CE,1,1,IDENTICAL
CDC-1,Critical,1-bit unknown CDC circuitry,0,nvp_vclk1,userclk1,Max Delay Datapath Only,G2B_ONECH_C2H/last_channel_axi_reg[18]/CE,1,1,IDENTICAL
CDC-1,Critical,1-bit unknown CDC circuitry,0,nvp_vclk1,userclk1,Max Delay Datapath Only,G2B_ONECH_C2H/last_channel_axi_reg[19]/CE,1,1,IDENTICAL
CDC-1,Critical,1-bit unknown CDC circuitry,0,nvp_vclk1,userclk1,Max Delay Datapath Only,G2B_ONECH_C2H/last_channel_axi_reg[1]/CE,1,1,IDENTICAL
CDC-1,Critical,1-bit unknown CDC circuitry,0,nvp_vclk1,userclk1,Max Delay Datapath Only,G2B_ONECH_C2H/last_channel_axi_reg[20]/CE,1,1,IDENTICAL
CDC-1,Critical,1-bit unknown CDC circuitry,0,nvp_vclk1,userclk1,Max Delay Datapath Only,G2B_ONECH_C2H/last_channel_axi_reg[21]/CE,1,1,IDENTICAL
CDC-1,Critical,1-bit unknown CDC circuitry,0,nvp_vclk1,userclk1,Max Delay Datapath Only,G2B_ONECH_C2H/last_channel_axi_reg[22]/CE,1,1,IDENTICAL
CDC-1,Critical,1-bit unknown CDC circuitry,0,nvp_vclk1,userclk1,Max Delay Datapath Only,G2B_ONECH_C2H/last_channel_axi_reg[23]/CE,1,1,IDENTICAL
CDC-1,Critical,1-bit unknown CDC circuitry,0,nvp_vclk1,userclk1,Max Delay Datapath Only,G2B_ONECH_C2H/last_channel_axi_reg[24]/CE,1,1,IDENTICAL
CDC-1,Critical,1-bit unknown CDC circuitry,0,nvp_vclk1,userclk1,Max Delay Datapath Only,G2B_ONECH_C2H/last_channel_axi_reg[25]/CE,1,1,IDENTICAL
CDC-1,Critical,1-bit unknown CDC circuitry,0,nvp_vclk1,userclk1,Max Delay Datapath Only,G2B_ONECH_C2H/last_channel_axi_reg[26]/CE,1,1,IDENTICAL
CDC-1,Critical,1-bit unknown CDC circuitry,0,nvp_vclk1,userclk1,Max Delay Datapath Only,G2B_ONECH_C2H/last_channel_axi_reg[27]/CE,1,1,IDENTICAL
CDC-1,Critical,1-bit unknown CDC circuitry,0,nvp_vclk1,userclk1,Max Delay Datapath Only,G2B_ONECH_C2H/last_channel_axi_reg[28]/CE,1,1,IDENTICAL
CDC-1,Critical,1-bit unknown CDC circuitry,0,nvp_vclk1,userclk1,Max Delay Datapath Only,G2B_ONECH_C2H/last_channel_axi_reg[29]/CE,1,1,IDENTICAL
CDC-1,Critical,1-bit unknown CDC circuitry,0,nvp_vclk1,userclk1,Max Delay Datapath Only,G2B_ONECH_C2H/last_channel_axi_reg[2]/CE,1,1,IDENTICAL
CDC-1,Critical,1-bit unknown CDC circuitry,0,nvp_vclk1,userclk1,Max Delay Datapath Only,G2B_ONECH_C2H/last_channel_axi_reg[30]/CE,1,1,IDENTICAL
CDC-1,Critical,1-bit unknown CDC circuitry,0,nvp_vclk1,userclk1,Max Delay Datapath Only,G2B_ONECH_C2H/last_channel_axi_reg[31]/CE,1,1,IDENTICAL
CDC-1,Critical,1-bit unknown CDC circuitry,0,nvp_vclk1,userclk1,Max Delay Datapath Only,G2B_ONECH_C2H/last_channel_axi_reg[3]/CE,1,1,IDENTICAL
CDC-1,Critical,1-bit unknown CDC circuitry,0,nvp_vclk1,userclk1,Max Delay Datapath Only,G2B_ONECH_C2H/last_channel_axi_reg[4]/CE,1,1,IDENTICAL
CDC-1,Critical,1-bit unknown CDC circuitry,0,nvp_vclk1,userclk1,Max Delay Datapath Only,G2B_ONECH_C2H/last_channel_axi_reg[5]/CE,1,1,IDENTICAL
CDC-1,Critical,1-bit unknown CDC circuitry,0,nvp_vclk1,userclk1,Max Delay Datapath Only,G2B_ONECH_C2H/last_channel_axi_reg[6]/CE,1,1,IDENTICAL
CDC-1,Critical,1-bit unknown CDC circuitry,0,nvp_vclk1,userclk1,Max Delay Datapath Only,G2B_ONECH_C2H/last_channel_axi_reg[7]/CE,1,1,IDENTICAL
CDC-1,Critical,1-bit unknown CDC circuitry,0,nvp_vclk1,userclk1,Max Delay Datapath Only,G2B_ONECH_C2H/last_channel_axi_reg[8]/CE,1,1,IDENTICAL
CDC-1,Critical,1-bit unknown CDC circuitry,0,nvp_vclk1,userclk1,Max Delay Datapath Only,G2B_ONECH_C2H/last_channel_axi_reg[9]/CE,1,1,IDENTICAL
CDC-1,Critical,1-bit unknown CDC circuitry,0,nvp_vclk1,userclk1,Max Delay Datapath Only,G2B_ONECH_C2H/last_error_cause_axi_reg[0]/D,1,1,IDENTICAL
CDC-1,Critical,1-bit unknown CDC circuitry,0,nvp_vclk1,userclk1,Max Delay Datapath Only,G2B_ONECH_C2H/last_error_cause_axi_reg[1]/D,1,1,IDENTICAL
CDC-1,Critical,1-bit unknown CDC circuitry,0,nvp_vclk1,userclk1,Max Delay Datapath Only,G2B_ONECH_C2H/last_error_cause_axi_reg[2]/D,1,1,IDENTICAL
CDC-1,Critical,1-bit unknown CDC circuitry,0,nvp_vclk1,userclk1,Max Delay Datapath Only,G2B_ONECH_C2H/last_global_axi_reg[0]/CE,1,1,IDENTICAL
CDC-1,Critical,1-bit unknown CDC circuitry,0,nvp_vclk1,userclk1,Max Delay Datapath Only,G2B_ONECH_C2H/last_global_axi_reg[10]/CE,1,1,IDENTICAL
CDC-1,Critical,1-bit unknown CDC circuitry,0,nvp_vclk1,userclk1,Max Delay Datapath Only,G2B_ONECH_C2H/last_global_axi_reg[11]/CE,1,1,IDENTICAL
CDC-1,Critical,1-bit unknown CDC circuitry,0,nvp_vclk1,userclk1,Max Delay Datapath Only,G2B_ONECH_C2H/last_global_axi_reg[12]/CE,1,1,IDENTICAL
CDC-1,Critical,1-bit unknown CDC circuitry,0,nvp_vclk1,userclk1,Max Delay Datapath Only,G2B_ONECH_C2H/last_global_axi_reg[13]/CE,1,1,IDENTICAL
CDC-1,Critical,1-bit unknown CDC circuitry,0,nvp_vclk1,userclk1,Max Delay Datapath Only,G2B_ONECH_C2H/last_global_axi_reg[14]/CE,1,1,IDENTICAL
CDC-1,Critical,1-bit unknown CDC circuitry,0,nvp_vclk1,userclk1,Max Delay Datapath Only,G2B_ONECH_C2H/last_global_axi_reg[15]/CE,1,1,IDENTICAL
CDC-1,Critical,1-bit unknown CDC circuitry,0,nvp_vclk1,userclk1,Max Delay Datapath Only,G2B_ONECH_C2H/last_global_axi_reg[16]/CE,1,1,IDENTICAL
CDC-1,Critical,1-bit unknown CDC circuitry,0,nvp_vclk1,userclk1,Max Delay Datapath Only,G2B_ONECH_C2H/last_global_axi_reg[17]/CE,1,1,IDENTICAL
CDC-1,Critical,1-bit unknown CDC circuitry,0,nvp_vclk1,userclk1,Max Delay Datapath Only,G2B_ONECH_C2H/last_global_axi_reg[18]/CE,1,1,IDENTICAL
CDC-1,Critical,1-bit unknown CDC circuitry,0,nvp_vclk1,userclk1,Max Delay Datapath Only,G2B_ONECH_C2H/last_global_axi_reg[19]/CE,1,1,IDENTICAL
CDC-1,Critical,1-bit unknown CDC circuitry,0,nvp_vclk1,userclk1,Max Delay Datapath Only,G2B_ONECH_C2H/last_global_axi_reg[1]/CE,1,1,IDENTICAL
CDC-1,Critical,1-bit unknown CDC circuitry,0,nvp_vclk1,userclk1,Max Delay Datapath Only,G2B_ONECH_C2H/last_global_axi_reg[20]/CE,1,1,IDENTICAL
CDC-1,Critical,1-bit unknown CDC circuitry,0,nvp_vclk1,userclk1,Max Delay Datapath Only,G2B_ONECH_C2H/last_global_axi_reg[21]/CE,1,1,IDENTICAL
CDC-1,Critical,1-bit unknown CDC circuitry,0,nvp_vclk1,userclk1,Max Delay Datapath Only,G2B_ONECH_C2H/last_global_axi_reg[22]/CE,1,1,IDENTICAL
CDC-1,Critical,1-bit unknown CDC circuitry,0,nvp_vclk1,userclk1,Max Delay Datapath Only,G2B_ONECH_C2H/last_global_axi_reg[23]/CE,1,1,IDENTICAL
CDC-1,Critical,1-bit unknown CDC circuitry,0,nvp_vclk1,userclk1,Max Delay Datapath Only,G2B_ONECH_C2H/last_global_axi_reg[24]/CE,1,1,IDENTICAL
CDC-1,Critical,1-bit unknown CDC circuitry,0,nvp_vclk1,userclk1,Max Delay Datapath Only,G2B_ONECH_C2H/last_global_axi_reg[25]/CE,1,1,IDENTICAL
CDC-1,Critical,1-bit unknown CDC circuitry,0,nvp_vclk1,userclk1,Max Delay Datapath Only,G2B_ONECH_C2H/last_global_axi_reg[26]/CE,1,1,IDENTICAL
CDC-1,Critical,1-bit unknown CDC circuitry,0,nvp_vclk1,userclk1,Max Delay Datapath Only,G2B_ONECH_C2H/last_global_axi_reg[27]/CE,1,1,IDENTICAL
CDC-1,Critical,1-bit unknown CDC circuitry,0,nvp_vclk1,userclk1,Max Delay Datapath Only,G2B_ONECH_C2H/last_global_axi_reg[28]/CE,1,1,IDENTICAL
CDC-1,Critical,1-bit unknown CDC circuitry,0,nvp_vclk1,userclk1,Max Delay Datapath Only,G2B_ONECH_C2H/last_global_axi_reg[29]/CE,1,1,IDENTICAL
CDC-1,Critical,1-bit unknown CDC circuitry,0,nvp_vclk1,userclk1,Max Delay Datapath Only,G2B_ONECH_C2H/last_global_axi_reg[2]/CE,1,1,IDENTICAL
CDC-1,Critical,1-bit unknown CDC circuitry,0,nvp_vclk1,userclk1,Max Delay Datapath Only,G2B_ONECH_C2H/last_global_axi_reg[30]/CE,1,1,IDENTICAL
CDC-1,Critical,1-bit unknown CDC circuitry,0,nvp_vclk1,userclk1,Max Delay Datapath Only,G2B_ONECH_C2H/last_global_axi_reg[31]/CE,1,1,IDENTICAL
CDC-1,Critical,1-bit unknown CDC circuitry,0,nvp_vclk1,userclk1,Max Delay Datapath Only,G2B_ONECH_C2H/last_global_axi_reg[3]/CE,1,1,IDENTICAL
CDC-1,Critical,1-bit unknown CDC circuitry,0,nvp_vclk1,userclk1,Max Delay Datapath Only,G2B_ONECH_C2H/last_global_axi_reg[4]/CE,1,1,IDENTICAL
CDC-1,Critical,1-bit unknown CDC circuitry,0,nvp_vclk1,userclk1,Max Delay Datapath Only,G2B_ONECH_C2H/last_global_axi_reg[5]/CE,1,1,IDENTICAL
CDC-1,Critical,1-bit unknown CDC circuitry,0,nvp_vclk1,userclk1,Max Delay Datapath Only,G2B_ONECH_C2H/last_global_axi_reg[6]/CE,1,1,IDENTICAL
CDC-1,Critical,1-bit unknown CDC circuitry,0,nvp_vclk1,userclk1,Max Delay Datapath Only,G2B_ONECH_C2H/last_global_axi_reg[7]/CE,1,1,IDENTICAL
CDC-1,Critical,1-bit unknown CDC circuitry,0,nvp_vclk1,userclk1,Max Delay Datapath Only,G2B_ONECH_C2H/last_global_axi_reg[8]/CE,1,1,IDENTICAL
CDC-1,Critical,1-bit unknown CDC circuitry,0,nvp_vclk1,userclk1,Max Delay Datapath Only,G2B_ONECH_C2H/last_global_axi_reg[9]/CE,1,1,IDENTICAL
CDC-1,Critical,1-bit unknown CDC circuitry,0,nvp_vclk1,userclk1,Max Delay Datapath Only,G2B_ONECH_C2H/last_global_valid_axi_reg/D,1,1,IDENTICAL
CDC-1,Critical,1-bit unknown CDC circuitry,0,nvp_vclk1,userclk1,Max Delay Datapath Only,G2B_ONECH_C2H/records_abandoned_axi_reg[0]/CE,1,1,IDENTICAL
CDC-1,Critical,1-bit unknown CDC circuitry,0,nvp_vclk1,userclk1,Max Delay Datapath Only,G2B_ONECH_C2H/records_abandoned_axi_reg[10]/CE,1,1,IDENTICAL
CDC-1,Critical,1-bit unknown CDC circuitry,0,nvp_vclk1,userclk1,Max Delay Datapath Only,G2B_ONECH_C2H/records_abandoned_axi_reg[11]/CE,1,1,IDENTICAL
CDC-1,Critical,1-bit unknown CDC circuitry,0,nvp_vclk1,userclk1,Max Delay Datapath Only,G2B_ONECH_C2H/records_abandoned_axi_reg[12]/CE,1,1,IDENTICAL
CDC-1,Critical,1-bit unknown CDC circuitry,0,nvp_vclk1,userclk1,Max Delay Datapath Only,G2B_ONECH_C2H/records_abandoned_axi_reg[13]/CE,1,1,IDENTICAL
CDC-1,Critical,1-bit unknown CDC circuitry,0,nvp_vclk1,userclk1,Max Delay Datapath Only,G2B_ONECH_C2H/records_abandoned_axi_reg[14]/CE,1,1,IDENTICAL
CDC-1,Critical,1-bit unknown CDC circuitry,0,nvp_vclk1,userclk1,Max Delay Datapath Only,G2B_ONECH_C2H/records_abandoned_axi_reg[15]/CE,1,1,IDENTICAL
CDC-1,Critical,1-bit unknown CDC circuitry,0,nvp_vclk1,userclk1,Max Delay Datapath Only,G2B_ONECH_C2H/records_abandoned_axi_reg[16]/CE,1,1,IDENTICAL
CDC-1,Critical,1-bit unknown CDC circuitry,0,nvp_vclk1,userclk1,Max Delay Datapath Only,G2B_ONECH_C2H/records_abandoned_axi_reg[17]/CE,1,1,IDENTICAL
CDC-1,Critical,1-bit unknown CDC circuitry,0,nvp_vclk1,userclk1,Max Delay Datapath Only,G2B_ONECH_C2H/records_abandoned_axi_reg[18]/CE,1,1,IDENTICAL
CDC-1,Critical,1-bit unknown CDC circuitry,0,nvp_vclk1,userclk1,Max Delay Datapath Only,G2B_ONECH_C2H/records_abandoned_axi_reg[19]/CE,1,1,IDENTICAL
CDC-1,Critical,1-bit unknown CDC circuitry,0,nvp_vclk1,userclk1,Max Delay Datapath Only,G2B_ONECH_C2H/records_abandoned_axi_reg[1]/CE,1,1,IDENTICAL
CDC-1,Critical,1-bit unknown CDC circuitry,0,nvp_vclk1,userclk1,Max Delay Datapath Only,G2B_ONECH_C2H/records_abandoned_axi_reg[20]/CE,1,1,IDENTICAL
CDC-1,Critical,1-bit unknown CDC circuitry,0,nvp_vclk1,userclk1,Max Delay Datapath Only,G2B_ONECH_C2H/records_abandoned_axi_reg[21]/CE,1,1,IDENTICAL
CDC-1,Critical,1-bit unknown CDC circuitry,0,nvp_vclk1,userclk1,Max Delay Datapath Only,G2B_ONECH_C2H/records_abandoned_axi_reg[22]/CE,1,1,IDENTICAL
CDC-1,Critical,1-bit unknown CDC circuitry,0,nvp_vclk1,userclk1,Max Delay Datapath Only,G2B_ONECH_C2H/records_abandoned_axi_reg[23]/CE,1,1,IDENTICAL
CDC-1,Critical,1-bit unknown CDC circuitry,0,nvp_vclk1,userclk1,Max Delay Datapath Only,G2B_ONECH_C2H/records_abandoned_axi_reg[24]/CE,1,1,IDENTICAL
CDC-1,Critical,1-bit unknown CDC circuitry,0,nvp_vclk1,userclk1,Max Delay Datapath Only,G2B_ONECH_C2H/records_abandoned_axi_reg[25]/CE,1,1,IDENTICAL
CDC-1,Critical,1-bit unknown CDC circuitry,0,nvp_vclk1,userclk1,Max Delay Datapath Only,G2B_ONECH_C2H/records_abandoned_axi_reg[26]/CE,1,1,IDENTICAL
CDC-1,Critical,1-bit unknown CDC circuitry,0,nvp_vclk1,userclk1,Max Delay Datapath Only,G2B_ONECH_C2H/records_abandoned_axi_reg[27]/CE,1,1,IDENTICAL
CDC-1,Critical,1-bit unknown CDC circuitry,0,nvp_vclk1,userclk1,Max Delay Datapath Only,G2B_ONECH_C2H/records_abandoned_axi_reg[28]/CE,1,1,IDENTICAL
CDC-1,Critical,1-bit unknown CDC circuitry,0,nvp_vclk1,userclk1,Max Delay Datapath Only,G2B_ONECH_C2H/records_abandoned_axi_reg[29]/CE,1,1,IDENTICAL
CDC-1,Critical,1-bit unknown CDC circuitry,0,nvp_vclk1,userclk1,Max Delay Datapath Only,G2B_ONECH_C2H/records_abandoned_axi_reg[2]/CE,1,1,IDENTICAL
CDC-1,Critical,1-bit unknown CDC circuitry,0,nvp_vclk1,userclk1,Max Delay Datapath Only,G2B_ONECH_C2H/records_abandoned_axi_reg[30]/CE,1,1,IDENTICAL
CDC-1,Critical,1-bit unknown CDC circuitry,0,nvp_vclk1,userclk1,Max Delay Datapath Only,G2B_ONECH_C2H/records_abandoned_axi_reg[31]/CE,1,1,IDENTICAL
CDC-1,Critical,1-bit unknown CDC circuitry,0,nvp_vclk1,userclk1,Max Delay Datapath Only,G2B_ONECH_C2H/records_abandoned_axi_reg[3]/CE,1,1,IDENTICAL
CDC-1,Critical,1-bit unknown CDC circuitry,0,nvp_vclk1,userclk1,Max Delay Datapath Only,G2B_ONECH_C2H/records_abandoned_axi_reg[4]/CE,1,1,IDENTICAL
CDC-1,Critical,1-bit unknown CDC circuitry,0,nvp_vclk1,userclk1,Max Delay Datapath Only,G2B_ONECH_C2H/records_abandoned_axi_reg[5]/CE,1,1,IDENTICAL
CDC-1,Critical,1-bit unknown CDC circuitry,0,nvp_vclk1,userclk1,Max Delay Datapath Only,G2B_ONECH_C2H/records_abandoned_axi_reg[6]/CE,1,1,IDENTICAL
CDC-1,Critical,1-bit unknown CDC circuitry,0,nvp_vclk1,userclk1,Max Delay Datapath Only,G2B_ONECH_C2H/records_abandoned_axi_reg[7]/CE,1,1,IDENTICAL
CDC-1,Critical,1-bit unknown CDC circuitry,0,nvp_vclk1,userclk1,Max Delay Datapath Only,G2B_ONECH_C2H/records_abandoned_axi_reg[8]/CE,1,1,IDENTICAL
CDC-1,Critical,1-bit unknown CDC circuitry,0,nvp_vclk1,userclk1,Max Delay Datapath Only,G2B_ONECH_C2H/records_abandoned_axi_reg[9]/CE,1,1,IDENTICAL
CDC-1,Critical,1-bit unknown CDC circuitry,0,nvp_vclk1,userclk1,Max Delay Datapath Only,G2B_ONECH_C2H/reset_epoch_axi_reg[0]/CE,1,1,IDENTICAL
CDC-1,Critical,1-bit unknown CDC circuitry,0,nvp_vclk1,userclk1,Max Delay Datapath Only,G2B_ONECH_C2H/reset_epoch_axi_reg[10]/CE,1,1,IDENTICAL
CDC-1,Critical,1-bit unknown CDC circuitry,0,nvp_vclk1,userclk1,Max Delay Datapath Only,G2B_ONECH_C2H/reset_epoch_axi_reg[11]/CE,1,1,IDENTICAL
CDC-1,Critical,1-bit unknown CDC circuitry,0,nvp_vclk1,userclk1,Max Delay Datapath Only,G2B_ONECH_C2H/reset_epoch_axi_reg[12]/CE,1,1,IDENTICAL
CDC-1,Critical,1-bit unknown CDC circuitry,0,nvp_vclk1,userclk1,Max Delay Datapath Only,G2B_ONECH_C2H/reset_epoch_axi_reg[13]/CE,1,1,IDENTICAL
CDC-1,Critical,1-bit unknown CDC circuitry,0,nvp_vclk1,userclk1,Max Delay Datapath Only,G2B_ONECH_C2H/reset_epoch_axi_reg[14]/CE,1,1,IDENTICAL
CDC-1,Critical,1-bit unknown CDC circuitry,0,nvp_vclk1,userclk1,Max Delay Datapath Only,G2B_ONECH_C2H/reset_epoch_axi_reg[15]/CE,1,1,IDENTICAL
CDC-1,Critical,1-bit unknown CDC circuitry,0,nvp_vclk1,userclk1,Max Delay Datapath Only,G2B_ONECH_C2H/reset_epoch_axi_reg[16]/CE,1,1,IDENTICAL
CDC-1,Critical,1-bit unknown CDC circuitry,0,nvp_vclk1,userclk1,Max Delay Datapath Only,G2B_ONECH_C2H/reset_epoch_axi_reg[17]/CE,1,1,IDENTICAL
CDC-1,Critical,1-bit unknown CDC circuitry,0,nvp_vclk1,userclk1,Max Delay Datapath Only,G2B_ONECH_C2H/reset_epoch_axi_reg[18]/CE,1,1,IDENTICAL
CDC-1,Critical,1-bit unknown CDC circuitry,0,nvp_vclk1,userclk1,Max Delay Datapath Only,G2B_ONECH_C2H/reset_epoch_axi_reg[19]/CE,1,1,IDENTICAL
CDC-1,Critical,1-bit unknown CDC circuitry,0,nvp_vclk1,userclk1,Max Delay Datapath Only,G2B_ONECH_C2H/reset_epoch_axi_reg[1]/CE,1,1,IDENTICAL
CDC-1,Critical,1-bit unknown CDC circuitry,0,nvp_vclk1,userclk1,Max Delay Datapath Only,G2B_ONECH_C2H/reset_epoch_axi_reg[20]/CE,1,1,IDENTICAL
CDC-1,Critical,1-bit unknown CDC circuitry,0,nvp_vclk1,userclk1,Max Delay Datapath Only,G2B_ONECH_C2H/reset_epoch_axi_reg[21]/CE,1,1,IDENTICAL
CDC-1,Critical,1-bit unknown CDC circuitry,0,nvp_vclk1,userclk1,Max Delay Datapath Only,G2B_ONECH_C2H/reset_epoch_axi_reg[22]/CE,1,1,IDENTICAL
CDC-1,Critical,1-bit unknown CDC circuitry,0,nvp_vclk1,userclk1,Max Delay Datapath Only,G2B_ONECH_C2H/reset_epoch_axi_reg[23]/CE,1,1,IDENTICAL
CDC-1,Critical,1-bit unknown CDC circuitry,0,nvp_vclk1,userclk1,Max Delay Datapath Only,G2B_ONECH_C2H/reset_epoch_axi_reg[24]/CE,1,1,IDENTICAL
CDC-1,Critical,1-bit unknown CDC circuitry,0,nvp_vclk1,userclk1,Max Delay Datapath Only,G2B_ONECH_C2H/reset_epoch_axi_reg[25]/CE,1,1,IDENTICAL
CDC-1,Critical,1-bit unknown CDC circuitry,0,nvp_vclk1,userclk1,Max Delay Datapath Only,G2B_ONECH_C2H/reset_epoch_axi_reg[26]/CE,1,1,IDENTICAL
CDC-1,Critical,1-bit unknown CDC circuitry,0,nvp_vclk1,userclk1,Max Delay Datapath Only,G2B_ONECH_C2H/reset_epoch_axi_reg[27]/CE,1,1,IDENTICAL
CDC-1,Critical,1-bit unknown CDC circuitry,0,nvp_vclk1,userclk1,Max Delay Datapath Only,G2B_ONECH_C2H/reset_epoch_axi_reg[28]/CE,1,1,IDENTICAL
CDC-1,Critical,1-bit unknown CDC circuitry,0,nvp_vclk1,userclk1,Max Delay Datapath Only,G2B_ONECH_C2H/reset_epoch_axi_reg[29]/CE,1,1,IDENTICAL
CDC-1,Critical,1-bit unknown CDC circuitry,0,nvp_vclk1,userclk1,Max Delay Datapath Only,G2B_ONECH_C2H/reset_epoch_axi_reg[2]/CE,1,1,IDENTICAL
CDC-1,Critical,1-bit unknown CDC circuitry,0,nvp_vclk1,userclk1,Max Delay Datapath Only,G2B_ONECH_C2H/reset_epoch_axi_reg[30]/CE,1,1,IDENTICAL
CDC-1,Critical,1-bit unknown CDC circuitry,0,nvp_vclk1,userclk1,Max Delay Datapath Only,G2B_ONECH_C2H/reset_epoch_axi_reg[31]/CE,1,1,IDENTICAL
CDC-1,Critical,1-bit unknown CDC circuitry,0,nvp_vclk1,userclk1,Max Delay Datapath Only,G2B_ONECH_C2H/reset_epoch_axi_reg[3]/CE,1,1,IDENTICAL
CDC-1,Critical,1-bit unknown CDC circuitry,0,nvp_vclk1,userclk1,Max Delay Datapath Only,G2B_ONECH_C2H/reset_epoch_axi_reg[4]/CE,1,1,IDENTICAL
CDC-1,Critical,1-bit unknown CDC circuitry,0,nvp_vclk1,userclk1,Max Delay Datapath Only,G2B_ONECH_C2H/reset_epoch_axi_reg[5]/CE,1,1,IDENTICAL
CDC-1,Critical,1-bit unknown CDC circuitry,0,nvp_vclk1,userclk1,Max Delay Datapath Only,G2B_ONECH_C2H/reset_epoch_axi_reg[6]/CE,1,1,IDENTICAL
CDC-1,Critical,1-bit unknown CDC circuitry,0,nvp_vclk1,userclk1,Max Delay Datapath Only,G2B_ONECH_C2H/reset_epoch_axi_reg[7]/CE,1,1,IDENTICAL
CDC-1,Critical,1-bit unknown CDC circuitry,0,nvp_vclk1,userclk1,Max Delay Datapath Only,G2B_ONECH_C2H/reset_epoch_axi_reg[8]/CE,1,1,IDENTICAL
CDC-1,Critical,1-bit unknown CDC circuitry,0,nvp_vclk1,userclk1,Max Delay Datapath Only,G2B_ONECH_C2H/reset_epoch_axi_reg[9]/CE,1,1,IDENTICAL
CDC-1,Critical,1-bit unknown CDC circuitry,0,nvp_vclk1,userclk1,Max Delay Datapath Only,G2B_ONECH_C2H/reset_events_axi_reg[0]/D,1,1,IDENTICAL
CDC-1,Critical,1-bit unknown CDC circuitry,0,nvp_vclk1,userclk1,Max Delay Datapath Only,G2B_ONECH_C2H/reset_events_axi_reg[10]/CE,1,1,IDENTICAL
CDC-1,Critical,1-bit unknown CDC circuitry,0,nvp_vclk1,userclk1,Max Delay Datapath Only,G2B_ONECH_C2H/reset_events_axi_reg[11]/CE,1,1,IDENTICAL
CDC-1,Critical,1-bit unknown CDC circuitry,0,nvp_vclk1,userclk1,Max Delay Datapath Only,G2B_ONECH_C2H/reset_events_axi_reg[12]/CE,1,1,IDENTICAL
CDC-1,Critical,1-bit unknown CDC circuitry,0,nvp_vclk1,userclk1,Max Delay Datapath Only,G2B_ONECH_C2H/reset_events_axi_reg[13]/CE,1,1,IDENTICAL
CDC-1,Critical,1-bit unknown CDC circuitry,0,nvp_vclk1,userclk1,Max Delay Datapath Only,G2B_ONECH_C2H/reset_events_axi_reg[14]/CE,1,1,IDENTICAL
CDC-1,Critical,1-bit unknown CDC circuitry,0,nvp_vclk1,userclk1,Max Delay Datapath Only,G2B_ONECH_C2H/reset_events_axi_reg[15]/CE,1,1,IDENTICAL
CDC-1,Critical,1-bit unknown CDC circuitry,0,nvp_vclk1,userclk1,Max Delay Datapath Only,G2B_ONECH_C2H/reset_events_axi_reg[16]/CE,1,1,IDENTICAL
CDC-1,Critical,1-bit unknown CDC circuitry,0,nvp_vclk1,userclk1,Max Delay Datapath Only,G2B_ONECH_C2H/reset_events_axi_reg[17]/CE,1,1,IDENTICAL
CDC-1,Critical,1-bit unknown CDC circuitry,0,nvp_vclk1,userclk1,Max Delay Datapath Only,G2B_ONECH_C2H/reset_events_axi_reg[18]/CE,1,1,IDENTICAL
CDC-1,Critical,1-bit unknown CDC circuitry,0,nvp_vclk1,userclk1,Max Delay Datapath Only,G2B_ONECH_C2H/reset_events_axi_reg[19]/CE,1,1,IDENTICAL
CDC-1,Critical,1-bit unknown CDC circuitry,0,nvp_vclk1,userclk1,Max Delay Datapath Only,G2B_ONECH_C2H/reset_events_axi_reg[1]/CE,1,1,IDENTICAL
CDC-1,Critical,1-bit unknown CDC circuitry,0,nvp_vclk1,userclk1,Max Delay Datapath Only,G2B_ONECH_C2H/reset_events_axi_reg[20]/CE,1,1,IDENTICAL
CDC-1,Critical,1-bit unknown CDC circuitry,0,nvp_vclk1,userclk1,Max Delay Datapath Only,G2B_ONECH_C2H/reset_events_axi_reg[21]/CE,1,1,IDENTICAL
CDC-1,Critical,1-bit unknown CDC circuitry,0,nvp_vclk1,userclk1,Max Delay Datapath Only,G2B_ONECH_C2H/reset_events_axi_reg[22]/CE,1,1,IDENTICAL
CDC-1,Critical,1-bit unknown CDC circuitry,0,nvp_vclk1,userclk1,Max Delay Datapath Only,G2B_ONECH_C2H/reset_events_axi_reg[23]/CE,1,1,IDENTICAL
CDC-1,Critical,1-bit unknown CDC circuitry,0,nvp_vclk1,userclk1,Max Delay Datapath Only,G2B_ONECH_C2H/reset_events_axi_reg[24]/CE,1,1,IDENTICAL
CDC-1,Critical,1-bit unknown CDC circuitry,0,nvp_vclk1,userclk1,Max Delay Datapath Only,G2B_ONECH_C2H/reset_events_axi_reg[25]/CE,1,1,IDENTICAL
CDC-1,Critical,1-bit unknown CDC circuitry,0,nvp_vclk1,userclk1,Max Delay Datapath Only,G2B_ONECH_C2H/reset_events_axi_reg[26]/CE,1,1,IDENTICAL
CDC-1,Critical,1-bit unknown CDC circuitry,0,nvp_vclk1,userclk1,Max Delay Datapath Only,G2B_ONECH_C2H/reset_events_axi_reg[27]/CE,1,1,IDENTICAL
CDC-1,Critical,1-bit unknown CDC circuitry,0,nvp_vclk1,userclk1,Max Delay Datapath Only,G2B_ONECH_C2H/reset_events_axi_reg[28]/CE,1,1,IDENTICAL
CDC-1,Critical,1-bit unknown CDC circuitry,0,nvp_vclk1,userclk1,Max Delay Datapath Only,G2B_ONECH_C2H/reset_events_axi_reg[29]/CE,1,1,IDENTICAL
CDC-1,Critical,1-bit unknown CDC circuitry,0,nvp_vclk1,userclk1,Max Delay Datapath Only,G2B_ONECH_C2H/reset_events_axi_reg[2]/CE,1,1,IDENTICAL
CDC-1,Critical,1-bit unknown CDC circuitry,0,nvp_vclk1,userclk1,Max Delay Datapath Only,G2B_ONECH_C2H/reset_events_axi_reg[30]/CE,1,1,IDENTICAL
CDC-1,Critical,1-bit unknown CDC circuitry,0,nvp_vclk1,userclk1,Max Delay Datapath Only,G2B_ONECH_C2H/reset_events_axi_reg[31]/CE,1,1,IDENTICAL
CDC-1,Critical,1-bit unknown CDC circuitry,0,nvp_vclk1,userclk1,Max Delay Datapath Only,G2B_ONECH_C2H/reset_events_axi_reg[3]/CE,1,1,IDENTICAL
CDC-1,Critical,1-bit unknown CDC circuitry,0,nvp_vclk1,userclk1,Max Delay Datapath Only,G2B_ONECH_C2H/reset_events_axi_reg[4]/CE,1,1,IDENTICAL
CDC-1,Critical,1-bit unknown CDC circuitry,0,nvp_vclk1,userclk1,Max Delay Datapath Only,G2B_ONECH_C2H/reset_events_axi_reg[5]/CE,1,1,IDENTICAL
CDC-1,Critical,1-bit unknown CDC circuitry,0,nvp_vclk1,userclk1,Max Delay Datapath Only,G2B_ONECH_C2H/reset_events_axi_reg[6]/CE,1,1,IDENTICAL
CDC-1,Critical,1-bit unknown CDC circuitry,0,nvp_vclk1,userclk1,Max Delay Datapath Only,G2B_ONECH_C2H/reset_events_axi_reg[7]/CE,1,1,IDENTICAL
CDC-1,Critical,1-bit unknown CDC circuitry,0,nvp_vclk1,userclk1,Max Delay Datapath Only,G2B_ONECH_C2H/reset_events_axi_reg[8]/CE,1,1,IDENTICAL
CDC-1,Critical,1-bit unknown CDC circuitry,0,nvp_vclk1,userclk1,Max Delay Datapath Only,G2B_ONECH_C2H/reset_events_axi_reg[9]/CE,1,1,IDENTICAL
CDC-1,Critical,1-bit unknown CDC circuitry,0,nvp_vclk1,userclk1,Max Delay Datapath Only,G2B_ONECH_C2H/shadow_last_channel_reg[0]/CE,1,1,IDENTICAL
CDC-1,Critical,1-bit unknown CDC circuitry,0,nvp_vclk1,userclk1,Max Delay Datapath Only,G2B_ONECH_C2H/shadow_last_channel_reg[10]/CE,1,1,IDENTICAL
CDC-1,Critical,1-bit unknown CDC circuitry,0,nvp_vclk1,userclk1,Max Delay Datapath Only,G2B_ONECH_C2H/shadow_last_channel_reg[11]/CE,1,1,IDENTICAL
CDC-1,Critical,1-bit unknown CDC circuitry,0,nvp_vclk1,userclk1,Max Delay Datapath Only,G2B_ONECH_C2H/shadow_last_channel_reg[12]/CE,1,1,IDENTICAL
CDC-1,Critical,1-bit unknown CDC circuitry,0,nvp_vclk1,userclk1,Max Delay Datapath Only,G2B_ONECH_C2H/shadow_last_channel_reg[13]/CE,1,1,IDENTICAL
CDC-1,Critical,1-bit unknown CDC circuitry,0,nvp_vclk1,userclk1,Max Delay Datapath Only,G2B_ONECH_C2H/shadow_last_channel_reg[14]/CE,1,1,IDENTICAL
CDC-1,Critical,1-bit unknown CDC circuitry,0,nvp_vclk1,userclk1,Max Delay Datapath Only,G2B_ONECH_C2H/shadow_last_channel_reg[15]/CE,1,1,IDENTICAL
CDC-1,Critical,1-bit unknown CDC circuitry,0,nvp_vclk1,userclk1,Max Delay Datapath Only,G2B_ONECH_C2H/shadow_last_channel_reg[16]/CE,1,1,IDENTICAL
CDC-1,Critical,1-bit unknown CDC circuitry,0,nvp_vclk1,userclk1,Max Delay Datapath Only,G2B_ONECH_C2H/shadow_last_channel_reg[17]/CE,1,1,IDENTICAL
CDC-1,Critical,1-bit unknown CDC circuitry,0,nvp_vclk1,userclk1,Max Delay Datapath Only,G2B_ONECH_C2H/shadow_last_channel_reg[18]/CE,1,1,IDENTICAL
CDC-1,Critical,1-bit unknown CDC circuitry,0,nvp_vclk1,userclk1,Max Delay Datapath Only,G2B_ONECH_C2H/shadow_last_channel_reg[19]/CE,1,1,IDENTICAL
CDC-1,Critical,1-bit unknown CDC circuitry,0,nvp_vclk1,userclk1,Max Delay Datapath Only,G2B_ONECH_C2H/shadow_last_channel_reg[1]/CE,1,1,IDENTICAL
CDC-1,Critical,1-bit unknown CDC circuitry,0,nvp_vclk1,userclk1,Max Delay Datapath Only,G2B_ONECH_C2H/shadow_last_channel_reg[20]/CE,1,1,IDENTICAL
CDC-1,Critical,1-bit unknown CDC circuitry,0,nvp_vclk1,userclk1,Max Delay Datapath Only,G2B_ONECH_C2H/shadow_last_channel_reg[21]/CE,1,1,IDENTICAL
CDC-1,Critical,1-bit unknown CDC circuitry,0,nvp_vclk1,userclk1,Max Delay Datapath Only,G2B_ONECH_C2H/shadow_last_channel_reg[22]/CE,1,1,IDENTICAL
CDC-1,Critical,1-bit unknown CDC circuitry,0,nvp_vclk1,userclk1,Max Delay Datapath Only,G2B_ONECH_C2H/shadow_last_channel_reg[23]/CE,1,1,IDENTICAL
CDC-1,Critical,1-bit unknown CDC circuitry,0,nvp_vclk1,userclk1,Max Delay Datapath Only,G2B_ONECH_C2H/shadow_last_channel_reg[24]/CE,1,1,IDENTICAL
CDC-1,Critical,1-bit unknown CDC circuitry,0,nvp_vclk1,userclk1,Max Delay Datapath Only,G2B_ONECH_C2H/shadow_last_channel_reg[25]/CE,1,1,IDENTICAL
CDC-1,Critical,1-bit unknown CDC circuitry,0,nvp_vclk1,userclk1,Max Delay Datapath Only,G2B_ONECH_C2H/shadow_last_channel_reg[26]/CE,1,1,IDENTICAL
CDC-1,Critical,1-bit unknown CDC circuitry,0,nvp_vclk1,userclk1,Max Delay Datapath Only,G2B_ONECH_C2H/shadow_last_channel_reg[27]/CE,1,1,IDENTICAL
CDC-1,Critical,1-bit unknown CDC circuitry,0,nvp_vclk1,userclk1,Max Delay Datapath Only,G2B_ONECH_C2H/shadow_last_channel_reg[28]/CE,1,1,IDENTICAL
CDC-1,Critical,1-bit unknown CDC circuitry,0,nvp_vclk1,userclk1,Max Delay Datapath Only,G2B_ONECH_C2H/shadow_last_channel_reg[29]/CE,1,1,IDENTICAL
CDC-1,Critical,1-bit unknown CDC circuitry,0,nvp_vclk1,userclk1,Max Delay Datapath Only,G2B_ONECH_C2H/shadow_last_channel_reg[2]/CE,1,1,IDENTICAL
CDC-1,Critical,1-bit unknown CDC circuitry,0,nvp_vclk1,userclk1,Max Delay Datapath Only,G2B_ONECH_C2H/shadow_last_channel_reg[30]/CE,1,1,IDENTICAL
CDC-1,Critical,1-bit unknown CDC circuitry,0,nvp_vclk1,userclk1,Max Delay Datapath Only,G2B_ONECH_C2H/shadow_last_channel_reg[31]/CE,1,1,IDENTICAL
CDC-1,Critical,1-bit unknown CDC circuitry,0,nvp_vclk1,userclk1,Max Delay Datapath Only,G2B_ONECH_C2H/shadow_last_channel_reg[3]/CE,1,1,IDENTICAL
CDC-1,Critical,1-bit unknown CDC circuitry,0,nvp_vclk1,userclk1,Max Delay Datapath Only,G2B_ONECH_C2H/shadow_last_channel_reg[4]/CE,1,1,IDENTICAL
CDC-1,Critical,1-bit unknown CDC circuitry,0,nvp_vclk1,userclk1,Max Delay Datapath Only,G2B_ONECH_C2H/shadow_last_channel_reg[5]/CE,1,1,IDENTICAL
CDC-1,Critical,1-bit unknown CDC circuitry,0,nvp_vclk1,userclk1,Max Delay Datapath Only,G2B_ONECH_C2H/shadow_last_channel_reg[6]/CE,1,1,IDENTICAL
CDC-1,Critical,1-bit unknown CDC circuitry,0,nvp_vclk1,userclk1,Max Delay Datapath Only,G2B_ONECH_C2H/shadow_last_channel_reg[7]/CE,1,1,IDENTICAL
CDC-1,Critical,1-bit unknown CDC circuitry,0,nvp_vclk1,userclk1,Max Delay Datapath Only,G2B_ONECH_C2H/shadow_last_channel_reg[8]/CE,1,1,IDENTICAL
CDC-1,Critical,1-bit unknown CDC circuitry,0,nvp_vclk1,userclk1,Max Delay Datapath Only,G2B_ONECH_C2H/shadow_last_channel_reg[9]/CE,1,1,IDENTICAL
CDC-1,Critical,1-bit unknown CDC circuitry,0,nvp_vclk1,userclk1,Max Delay Datapath Only,G2B_ONECH_C2H/shadow_last_global_reg[0]/CE,1,1,IDENTICAL
CDC-1,Critical,1-bit unknown CDC circuitry,0,nvp_vclk1,userclk1,Max Delay Datapath Only,G2B_ONECH_C2H/shadow_last_global_reg[10]/CE,1,1,IDENTICAL
CDC-1,Critical,1-bit unknown CDC circuitry,0,nvp_vclk1,userclk1,Max Delay Datapath Only,G2B_ONECH_C2H/shadow_last_global_reg[11]/CE,1,1,IDENTICAL
CDC-1,Critical,1-bit unknown CDC circuitry,0,nvp_vclk1,userclk1,Max Delay Datapath Only,G2B_ONECH_C2H/shadow_last_global_reg[12]/CE,1,1,IDENTICAL
CDC-1,Critical,1-bit unknown CDC circuitry,0,nvp_vclk1,userclk1,Max Delay Datapath Only,G2B_ONECH_C2H/shadow_last_global_reg[13]/CE,1,1,IDENTICAL
CDC-1,Critical,1-bit unknown CDC circuitry,0,nvp_vclk1,userclk1,Max Delay Datapath Only,G2B_ONECH_C2H/shadow_last_global_reg[14]/CE,1,1,IDENTICAL
CDC-1,Critical,1-bit unknown CDC circuitry,0,nvp_vclk1,userclk1,Max Delay Datapath Only,G2B_ONECH_C2H/shadow_last_global_reg[15]/CE,1,1,IDENTICAL
CDC-1,Critical,1-bit unknown CDC circuitry,0,nvp_vclk1,userclk1,Max Delay Datapath Only,G2B_ONECH_C2H/shadow_last_global_reg[16]/CE,1,1,IDENTICAL
CDC-1,Critical,1-bit unknown CDC circuitry,0,nvp_vclk1,userclk1,Max Delay Datapath Only,G2B_ONECH_C2H/shadow_last_global_reg[17]/CE,1,1,IDENTICAL
CDC-1,Critical,1-bit unknown CDC circuitry,0,nvp_vclk1,userclk1,Max Delay Datapath Only,G2B_ONECH_C2H/shadow_last_global_reg[18]/CE,1,1,IDENTICAL
CDC-1,Critical,1-bit unknown CDC circuitry,0,nvp_vclk1,userclk1,Max Delay Datapath Only,G2B_ONECH_C2H/shadow_last_global_reg[19]/CE,1,1,IDENTICAL
CDC-1,Critical,1-bit unknown CDC circuitry,0,nvp_vclk1,userclk1,Max Delay Datapath Only,G2B_ONECH_C2H/shadow_last_global_reg[1]/CE,1,1,IDENTICAL
CDC-1,Critical,1-bit unknown CDC circuitry,0,nvp_vclk1,userclk1,Max Delay Datapath Only,G2B_ONECH_C2H/shadow_last_global_reg[20]/CE,1,1,IDENTICAL
CDC-1,Critical,1-bit unknown CDC circuitry,0,nvp_vclk1,userclk1,Max Delay Datapath Only,G2B_ONECH_C2H/shadow_last_global_reg[21]/CE,1,1,IDENTICAL
CDC-1,Critical,1-bit unknown CDC circuitry,0,nvp_vclk1,userclk1,Max Delay Datapath Only,G2B_ONECH_C2H/shadow_last_global_reg[22]/CE,1,1,IDENTICAL
CDC-1,Critical,1-bit unknown CDC circuitry,0,nvp_vclk1,userclk1,Max Delay Datapath Only,G2B_ONECH_C2H/shadow_last_global_reg[23]/CE,1,1,IDENTICAL
CDC-1,Critical,1-bit unknown CDC circuitry,0,nvp_vclk1,userclk1,Max Delay Datapath Only,G2B_ONECH_C2H/shadow_last_global_reg[24]/CE,1,1,IDENTICAL
CDC-1,Critical,1-bit unknown CDC circuitry,0,nvp_vclk1,userclk1,Max Delay Datapath Only,G2B_ONECH_C2H/shadow_last_global_reg[25]/CE,1,1,IDENTICAL
CDC-1,Critical,1-bit unknown CDC circuitry,0,nvp_vclk1,userclk1,Max Delay Datapath Only,G2B_ONECH_C2H/shadow_last_global_reg[26]/CE,1,1,IDENTICAL
CDC-1,Critical,1-bit unknown CDC circuitry,0,nvp_vclk1,userclk1,Max Delay Datapath Only,G2B_ONECH_C2H/shadow_last_global_reg[27]/CE,1,1,IDENTICAL
CDC-1,Critical,1-bit unknown CDC circuitry,0,nvp_vclk1,userclk1,Max Delay Datapath Only,G2B_ONECH_C2H/shadow_last_global_reg[28]/CE,1,1,IDENTICAL
CDC-1,Critical,1-bit unknown CDC circuitry,0,nvp_vclk1,userclk1,Max Delay Datapath Only,G2B_ONECH_C2H/shadow_last_global_reg[29]/CE,1,1,IDENTICAL
CDC-1,Critical,1-bit unknown CDC circuitry,0,nvp_vclk1,userclk1,Max Delay Datapath Only,G2B_ONECH_C2H/shadow_last_global_reg[2]/CE,1,1,IDENTICAL
CDC-1,Critical,1-bit unknown CDC circuitry,0,nvp_vclk1,userclk1,Max Delay Datapath Only,G2B_ONECH_C2H/shadow_last_global_reg[30]/CE,1,1,IDENTICAL
CDC-1,Critical,1-bit unknown CDC circuitry,0,nvp_vclk1,userclk1,Max Delay Datapath Only,G2B_ONECH_C2H/shadow_last_global_reg[31]/CE,1,1,IDENTICAL
CDC-1,Critical,1-bit unknown CDC circuitry,0,nvp_vclk1,userclk1,Max Delay Datapath Only,G2B_ONECH_C2H/shadow_last_global_reg[3]/CE,1,1,IDENTICAL
CDC-1,Critical,1-bit unknown CDC circuitry,0,nvp_vclk1,userclk1,Max Delay Datapath Only,G2B_ONECH_C2H/shadow_last_global_reg[4]/CE,1,1,IDENTICAL
CDC-1,Critical,1-bit unknown CDC circuitry,0,nvp_vclk1,userclk1,Max Delay Datapath Only,G2B_ONECH_C2H/shadow_last_global_reg[5]/CE,1,1,IDENTICAL
CDC-1,Critical,1-bit unknown CDC circuitry,0,nvp_vclk1,userclk1,Max Delay Datapath Only,G2B_ONECH_C2H/shadow_last_global_reg[6]/CE,1,1,IDENTICAL
CDC-1,Critical,1-bit unknown CDC circuitry,0,nvp_vclk1,userclk1,Max Delay Datapath Only,G2B_ONECH_C2H/shadow_last_global_reg[7]/CE,1,1,IDENTICAL
CDC-1,Critical,1-bit unknown CDC circuitry,0,nvp_vclk1,userclk1,Max Delay Datapath Only,G2B_ONECH_C2H/shadow_last_global_reg[8]/CE,1,1,IDENTICAL
CDC-1,Critical,1-bit unknown CDC circuitry,0,nvp_vclk1,userclk1,Max Delay Datapath Only,G2B_ONECH_C2H/shadow_last_global_reg[9]/CE,1,1,IDENTICAL
CDC-1,Critical,1-bit unknown CDC circuitry,0,nvp_vclk1,userclk1,Max Delay Datapath Only,G2B_ONECH_C2H/shadow_last_global_valid_reg/D,1,1,IDENTICAL
CDC-1,Critical,1-bit unknown CDC circuitry,0,nvp_vclk1,userclk1,Max Delay Datapath Only,G2B_ONECH_C2H/snapshot_busy_axi_reg/D,1,1,IDENTICAL
CDC-1,Critical,1-bit unknown CDC circuitry,0,nvp_vclk1,userclk1,Max Delay Datapath Only,G2B_ONECH_C2H/snapshot_valid_axi_reg/D,1,1,IDENTICAL
CDC-1,Critical,1-bit unknown CDC circuitry,0,nvp_vclk1,userclk1,Max Delay Datapath Only,G2B_ONECH_C2H/stored_enable_axi_reg/D,1,1,IDENTICAL
CDC-1,Critical,1-bit unknown CDC circuitry,0,nvp_vclk1,userclk1,Max Delay Datapath Only,G2B_ONECH_C2H/stream_reset_busy_axi_reg/D,1,1,IDENTICAL
CDC-1,Critical,1-bit unknown CDC circuitry,0,nvp_vclk1,userclk1,Max Delay Datapath Only,G2B_ONECH_C2H/stream_reset_is_hard_axi_reg/D,1,1,IDENTICAL
CDC-1,Critical,1-bit unknown CDC circuitry,0,nvp_vclk1,userclk1,Max Delay Datapath Only,G2B_ONECH_C2H/transport_followup_hard_axi_reg/D,1,1,IDENTICAL
CDC-1,Critical,1-bit unknown CDC circuitry,0,nvp_vclk1,userclk1,Max Delay Datapath Only,G2B_ONECH_C2H/transport_hard_hold_axi_reg/CE,1,1,IDENTICAL
CDC-1,Critical,1-bit unknown CDC circuitry,0,nvp_vclk1,userclk1,Max Delay Datapath Only,G2B_ONECH_C2H/transport_own_phase_hold_axi_reg/CE,1,1,IDENTICAL
CDC-1,Critical,1-bit unknown CDC circuitry,0,nvp_vclk1,userclk1,Max Delay Datapath Only,G2B_ONECH_C2H/transport_release_phase_hold_axi_reg[0]/CE,1,1,IDENTICAL
CDC-1,Critical,1-bit unknown CDC circuitry,0,nvp_vclk1,userclk1,Max Delay Datapath Only,G2B_ONECH_C2H/transport_release_phase_hold_axi_reg[1]/CE,1,1,IDENTICAL
CDC-1,Critical,1-bit unknown CDC circuitry,0,nvp_vclk1,userclk1,Max Delay Datapath Only,G2B_ONECH_C2H/transport_release_phase_hold_axi_reg[2]/CE,1,1,IDENTICAL
CDC-1,Critical,1-bit unknown CDC circuitry,0,nvp_vclk1,userclk1,Max Delay Datapath Only,G2B_ONECH_C2H/transport_release_phase_hold_axi_reg[3]/CE,1,1,IDENTICAL
CDC-1,Critical,1-bit unknown CDC circuitry,0,nvp_vclk1,userclk1,Max Delay Datapath Only,G2B_ONECH_C2H/transport_req_toggle_axi_reg/D,1,1,IDENTICAL
CDC-1,Critical,1-bit unknown CDC circuitry,0,userclk1,nvp_vclk1,Max Delay Datapath Only,G2B_ONECH_C2H/enable_applied_source_reg/D,1,1,IDENTICAL
CDC-1,Critical,1-bit unknown CDC circuitry,0,userclk1,nvp_vclk1,Max Delay Datapath Only,G2B_ONECH_C2H/own_ack_toggle_source_reg/D,1,1,IDENTICAL
CDC-1,Critical,1-bit unknown CDC circuitry,0,userclk1,nvp_vclk1,Max Delay Datapath Only,G2B_ONECH_C2H/own_ok_hold_source_reg/D,1,1,IDENTICAL
CDC-1,Critical,1-bit unknown CDC circuitry,0,userclk1,nvp_vclk1,Max Delay Datapath Only,G2B_ONECH_C2H/own_req_seen_source_reg/D,1,1,IDENTICAL
CDC-1,Critical,1-bit unknown CDC circuitry,0,userclk1,nvp_vclk1,Max Delay Datapath Only,G2B_ONECH_C2H/release_seen_source_reg[0]/D,1,1,IDENTICAL
CDC-1,Critical,1-bit unknown CDC circuitry,0,userclk1,nvp_vclk1,Max Delay Datapath Only,G2B_ONECH_C2H/release_seen_source_reg[1]/D,1,1,IDENTICAL
CDC-1,Critical,1-bit unknown CDC circuitry,0,userclk1,nvp_vclk1,Max Delay Datapath Only,G2B_ONECH_C2H/release_seen_source_reg[2]/D,1,1,IDENTICAL
CDC-1,Critical,1-bit unknown CDC circuitry,0,userclk1,nvp_vclk1,Max Delay Datapath Only,G2B_ONECH_C2H/release_seen_source_reg[3]/D,1,1,IDENTICAL
CDC-1,Critical,1-bit unknown CDC circuitry,0,userclk1,nvp_vclk1,Max Delay Datapath Only,G2B_ONECH_C2H/slot_state_source_reg[0][0]/D,1,1,IDENTICAL
CDC-1,Critical,1-bit unknown CDC circuitry,0,userclk1,nvp_vclk1,Max Delay Datapath Only,G2B_ONECH_C2H/slot_state_source_reg[0][1]/D,1,1,IDENTICAL
CDC-1,Critical,1-bit unknown CDC circuitry,0,userclk1,nvp_vclk1,Max Delay Datapath Only,G2B_ONECH_C2H/slot_state_source_reg[0][2]/D,1,1,IDENTICAL
CDC-1,Critical,1-bit unknown CDC circuitry,0,userclk1,nvp_vclk1,Max Delay Datapath Only,G2B_ONECH_C2H/slot_state_source_reg[1][0]/D,1,1,IDENTICAL
CDC-1,Critical,1-bit unknown CDC circuitry,0,userclk1,nvp_vclk1,Max Delay Datapath Only,G2B_ONECH_C2H/slot_state_source_reg[1][1]/D,1,1,IDENTICAL
CDC-1,Critical,1-bit unknown CDC circuitry,0,userclk1,nvp_vclk1,Max Delay Datapath Only,G2B_ONECH_C2H/slot_state_source_reg[1][2]/D,1,1,IDENTICAL
CDC-1,Critical,1-bit unknown CDC circuitry,0,userclk1,nvp_vclk1,Max Delay Datapath Only,G2B_ONECH_C2H/slot_state_source_reg[2][0]/D,1,1,IDENTICAL
CDC-1,Critical,1-bit unknown CDC circuitry,0,userclk1,nvp_vclk1,Max Delay Datapath Only,G2B_ONECH_C2H/slot_state_source_reg[2][1]/D,1,1,IDENTICAL
CDC-1,Critical,1-bit unknown CDC circuitry,0,userclk1,nvp_vclk1,Max Delay Datapath Only,G2B_ONECH_C2H/slot_state_source_reg[2][2]/D,1,1,IDENTICAL
CDC-1,Critical,1-bit unknown CDC circuitry,0,userclk1,nvp_vclk1,Max Delay Datapath Only,G2B_ONECH_C2H/slot_state_source_reg[3][0]/D,1,1,IDENTICAL
CDC-1,Critical,1-bit unknown CDC circuitry,0,userclk1,nvp_vclk1,Max Delay Datapath Only,G2B_ONECH_C2H/slot_state_source_reg[3][1]/D,1,1,IDENTICAL
CDC-1,Critical,1-bit unknown CDC circuitry,0,userclk1,nvp_vclk1,Max Delay Datapath Only,G2B_ONECH_C2H/slot_state_source_reg[3][2]/D,1,1,IDENTICAL
CDC-1,Critical,1-bit unknown CDC circuitry,0,userclk1,nvp_vclk1,Max Delay Datapath Only,G2B_ONECH_C2H/source_drop_deferred_reg/D,1,1,IDENTICAL
CDC-1,Critical,1-bit unknown CDC circuitry,0,userclk1,nvp_vclk1,Max Delay Datapath Only,G2B_ONECH_C2H/source_drop_deferred_reg/R,1,1,IDENTICAL
CDC-1,Critical,1-bit unknown CDC circuitry,0,userclk1,nvp_vclk1,Max Delay Datapath Only,G2B_ONECH_C2H/source_drop_event_reg/D,1,1,IDENTICAL
CDC-1,Critical,1-bit unknown CDC circuitry,0,userclk1,nvp_vclk1,Max Delay Datapath Only,G2B_ONECH_C2H/source_formatter_clear_pending_reg/D,1,1,IDENTICAL
CDC-1,Critical,1-bit unknown CDC circuitry,0,userclk1,nvp_vclk1,Max Delay Datapath Only,G2B_ONECH_C2H/source_formatter_fatal_deferred_reg/R,1,1,IDENTICAL
CDC-1,Critical,1-bit unknown CDC circuitry,0,userclk1,nvp_vclk1,Max Delay Datapath Only,G2B_ONECH_C2H/source_formatter_fatal_event_reg/D,1,1,IDENTICAL
CDC-1,Critical,1-bit unknown CDC circuitry,0,userclk1,nvp_vclk1,Max Delay Datapath Only,G2B_ONECH_C2H/source_formatter_fatal_reg/D,1,1,IDENTICAL
CDC-1,Critical,1-bit unknown CDC circuitry,0,userclk1,nvp_vclk1,Max Delay Datapath Only,G2B_ONECH_C2H/source_lifetime_dropped_reg[0]/CE,1,1,IDENTICAL
CDC-1,Critical,1-bit unknown CDC circuitry,0,userclk1,nvp_vclk1,Max Delay Datapath Only,G2B_ONECH_C2H/source_lifetime_dropped_reg[10]/CE,1,1,IDENTICAL
CDC-1,Critical,1-bit unknown CDC circuitry,0,userclk1,nvp_vclk1,Max Delay Datapath Only,G2B_ONECH_C2H/source_lifetime_dropped_reg[11]/CE,1,1,IDENTICAL
CDC-1,Critical,1-bit unknown CDC circuitry,0,userclk1,nvp_vclk1,Max Delay Datapath Only,G2B_ONECH_C2H/source_lifetime_dropped_reg[12]/CE,1,1,IDENTICAL
CDC-1,Critical,1-bit unknown CDC circuitry,0,userclk1,nvp_vclk1,Max Delay Datapath Only,G2B_ONECH_C2H/source_lifetime_dropped_reg[13]/CE,1,1,IDENTICAL
CDC-1,Critical,1-bit unknown CDC circuitry,0,userclk1,nvp_vclk1,Max Delay Datapath Only,G2B_ONECH_C2H/source_lifetime_dropped_reg[14]/CE,1,1,IDENTICAL
CDC-1,Critical,1-bit unknown CDC circuitry,0,userclk1,nvp_vclk1,Max Delay Datapath Only,G2B_ONECH_C2H/source_lifetime_dropped_reg[15]/CE,1,1,IDENTICAL
CDC-1,Critical,1-bit unknown CDC circuitry,0,userclk1,nvp_vclk1,Max Delay Datapath Only,G2B_ONECH_C2H/source_lifetime_dropped_reg[16]/CE,1,1,IDENTICAL
CDC-1,Critical,1-bit unknown CDC circuitry,0,userclk1,nvp_vclk1,Max Delay Datapath Only,G2B_ONECH_C2H/source_lifetime_dropped_reg[17]/CE,1,1,IDENTICAL
CDC-1,Critical,1-bit unknown CDC circuitry,0,userclk1,nvp_vclk1,Max Delay Datapath Only,G2B_ONECH_C2H/source_lifetime_dropped_reg[18]/CE,1,1,IDENTICAL
CDC-1,Critical,1-bit unknown CDC circuitry,0,userclk1,nvp_vclk1,Max Delay Datapath Only,G2B_ONECH_C2H/source_lifetime_dropped_reg[19]/CE,1,1,IDENTICAL
CDC-1,Critical,1-bit unknown CDC circuitry,0,userclk1,nvp_vclk1,Max Delay Datapath Only,G2B_ONECH_C2H/source_lifetime_dropped_reg[1]/CE,1,1,IDENTICAL
CDC-1,Critical,1-bit unknown CDC circuitry,0,userclk1,nvp_vclk1,Max Delay Datapath Only,G2B_ONECH_C2H/source_lifetime_dropped_reg[20]/CE,1,1,IDENTICAL
CDC-1,Critical,1-bit unknown CDC circuitry,0,userclk1,nvp_vclk1,Max Delay Datapath Only,G2B_ONECH_C2H/source_lifetime_dropped_reg[21]/CE,1,1,IDENTICAL
CDC-1,Critical,1-bit unknown CDC circuitry,0,userclk1,nvp_vclk1,Max Delay Datapath Only,G2B_ONECH_C2H/source_lifetime_dropped_reg[22]/CE,1,1,IDENTICAL
CDC-1,Critical,1-bit unknown CDC circuitry,0,userclk1,nvp_vclk1,Max Delay Datapath Only,G2B_ONECH_C2H/source_lifetime_dropped_reg[23]/CE,1,1,IDENTICAL
CDC-1,Critical,1-bit unknown CDC circuitry,0,userclk1,nvp_vclk1,Max Delay Datapath Only,G2B_ONECH_C2H/source_lifetime_dropped_reg[24]/CE,1,1,IDENTICAL
CDC-1,Critical,1-bit unknown CDC circuitry,0,userclk1,nvp_vclk1,Max Delay Datapath Only,G2B_ONECH_C2H/source_lifetime_dropped_reg[25]/CE,1,1,IDENTICAL
CDC-1,Critical,1-bit unknown CDC circuitry,0,userclk1,nvp_vclk1,Max Delay Datapath Only,G2B_ONECH_C2H/source_lifetime_dropped_reg[26]/CE,1,1,IDENTICAL
CDC-1,Critical,1-bit unknown CDC circuitry,0,userclk1,nvp_vclk1,Max Delay Datapath Only,G2B_ONECH_C2H/source_lifetime_dropped_reg[27]/CE,1,1,IDENTICAL
CDC-1,Critical,1-bit unknown CDC circuitry,0,userclk1,nvp_vclk1,Max Delay Datapath Only,G2B_ONECH_C2H/source_lifetime_dropped_reg[28]/CE,1,1,IDENTICAL
CDC-1,Critical,1-bit unknown CDC circuitry,0,userclk1,nvp_vclk1,Max Delay Datapath Only,G2B_ONECH_C2H/source_lifetime_dropped_reg[29]/CE,1,1,IDENTICAL
CDC-1,Critical,1-bit unknown CDC circuitry,0,userclk1,nvp_vclk1,Max Delay Datapath Only,G2B_ONECH_C2H/source_lifetime_dropped_reg[2]/CE,1,1,IDENTICAL
CDC-1,Critical,1-bit unknown CDC circuitry,0,userclk1,nvp_vclk1,Max Delay Datapath Only,G2B_ONECH_C2H/source_lifetime_dropped_reg[30]/CE,1,1,IDENTICAL
CDC-1,Critical,1-bit unknown CDC circuitry,0,userclk1,nvp_vclk1,Max Delay Datapath Only,G2B_ONECH_C2H/source_lifetime_dropped_reg[31]/CE,1,1,IDENTICAL
CDC-1,Critical,1-bit unknown CDC circuitry,0,userclk1,nvp_vclk1,Max Delay Datapath Only,G2B_ONECH_C2H/source_lifetime_dropped_reg[3]/CE,1,1,IDENTICAL
CDC-1,Critical,1-bit unknown CDC circuitry,0,userclk1,nvp_vclk1,Max Delay Datapath Only,G2B_ONECH_C2H/source_lifetime_dropped_reg[4]/CE,1,1,IDENTICAL
CDC-1,Critical,1-bit unknown CDC circuitry,0,userclk1,nvp_vclk1,Max Delay Datapath Only,G2B_ONECH_C2H/source_lifetime_dropped_reg[5]/CE,1,1,IDENTICAL
CDC-1,Critical,1-bit unknown CDC circuitry,0,userclk1,nvp_vclk1,Max Delay Datapath Only,G2B_ONECH_C2H/source_lifetime_dropped_reg[6]/CE,1,1,IDENTICAL
CDC-1,Critical,1-bit unknown CDC circuitry,0,userclk1,nvp_vclk1,Max Delay Datapath Only,G2B_ONECH_C2H/source_lifetime_dropped_reg[7]/CE,1,1,IDENTICAL
CDC-1,Critical,1-bit unknown CDC circuitry,0,userclk1,nvp_vclk1,Max Delay Datapath Only,G2B_ONECH_C2H/source_lifetime_dropped_reg[8]/CE,1,1,IDENTICAL
CDC-1,Critical,1-bit unknown CDC circuitry,0,userclk1,nvp_vclk1,Max Delay Datapath Only,G2B_ONECH_C2H/source_lifetime_dropped_reg[9]/CE,1,1,IDENTICAL
CDC-1,Critical,1-bit unknown CDC circuitry,0,userclk1,nvp_vclk1,Max Delay Datapath Only,G2B_ONECH_C2H/source_overflow_deferred_reg/R,1,1,IDENTICAL
CDC-1,Critical,1-bit unknown CDC circuitry,0,userclk1,nvp_vclk1,Max Delay Datapath Only,G2B_ONECH_C2H/source_overflow_event_reg/D,1,1,IDENTICAL
CDC-1,Critical,1-bit unknown CDC circuitry,0,userclk1,nvp_vclk1,Max Delay Datapath Only,G2B_ONECH_C2H/source_ownership_clear_pending_reg/D,1,1,IDENTICAL
CDC-1,Critical,1-bit unknown CDC circuitry,0,userclk1,nvp_vclk1,Max Delay Datapath Only,G2B_ONECH_C2H/source_ownership_fatal_deferred_reg/D,1,1,IDENTICAL
CDC-1,Critical,1-bit unknown CDC circuitry,0,userclk1,nvp_vclk1,Max Delay Datapath Only,G2B_ONECH_C2H/source_ownership_fatal_deferred_reg/R,1,1,IDENTICAL
CDC-1,Critical,1-bit unknown CDC circuitry,0,userclk1,nvp_vclk1,Max Delay Datapath Only,G2B_ONECH_C2H/source_ownership_fatal_event_reg/D,1,1,IDENTICAL
CDC-1,Critical,1-bit unknown CDC circuitry,0,userclk1,nvp_vclk1,Max Delay Datapath Only,G2B_ONECH_C2H/source_ownership_fatal_reg/D,1,1,IDENTICAL
CDC-1,Critical,1-bit unknown CDC circuitry,0,userclk1,nvp_vclk1,Max Delay Datapath Only,G2B_ONECH_C2H/transport_ack_toggle_source_reg/D,1,1,IDENTICAL
CDC-1,Critical,1-bit unknown CDC circuitry,0,userclk1,nvp_vclk1,Max Delay Datapath Only,G2B_ONECH_C2H/transport_retire_pending_source_reg/D,1,1,IDENTICAL
CDC-10,Critical,Combinational logic detected before a synchronizer,2,nvp_vclk1,userclk1,False Path,G2B_ONECH_C2H/source_ready_sync1_axi_reg/D,1,1,IDENTICAL
CDC-10,Critical,Combinational logic detected before a synchronizer,2,userclk1,nvp_vclk1,False Path,G2B_ONECH_C2H/fatal_sync1_source_reg/D,1,1,IDENTICAL
CDC-13,Critical,1-bit CDC path on a non-FD primitive,0,clk_125mhz_mux_x0y0,clk_250mhz_x0y0,False Path,XDMA/inst/xdma_v41_m1_pcie2_to_pcie3_wrapper_i/pcie2_ip_i/inst/inst/gt_top_i/pipe_wrapper_i/pipe_clock_int.pipe_clock_i/pclk_i1_bufgctrl.pclk_i1/S1,1,1,IDENTICAL
CDC-13,Critical,1-bit CDC path on a non-FD primitive,0,clk_250mhz_mux_x0y0,clk_250mhz_x0y0,False Path,XDMA/inst/xdma_v41_m1_pcie2_to_pcie3_wrapper_i/pcie2_ip_i/inst/inst/gt_top_i/pipe_wrapper_i/pipe_clock_int.pipe_clock_i/pclk_i1_bufgctrl.pclk_i1/S1,1,1,IDENTICAL
CDC-15,Warning,Clock enable controlled CDC structure detected,0,nvp_vclk1,userclk1,Max Delay Datapath Only,CAPTURE_SUBSYSTEM/MAILBOX/status_bus_pcie_reg[0]/D,1,1,IDENTICAL
CDC-15,Warning,Clock enable controlled CDC structure detected,0,nvp_vclk1,userclk1,Max Delay Datapath Only,CAPTURE_SUBSYSTEM/MAILBOX/status_bus_pcie_reg[100]/D,1,1,IDENTICAL
CDC-15,Warning,Clock enable controlled CDC structure detected,0,nvp_vclk1,userclk1,Max Delay Datapath Only,CAPTURE_SUBSYSTEM/MAILBOX/status_bus_pcie_reg[101]/D,1,1,IDENTICAL
CDC-15,Warning,Clock enable controlled CDC structure detected,0,nvp_vclk1,userclk1,Max Delay Datapath Only,CAPTURE_SUBSYSTEM/MAILBOX/status_bus_pcie_reg[102]/D,1,1,IDENTICAL
CDC-15,Warning,Clock enable controlled CDC structure detected,0,nvp_vclk1,userclk1,Max Delay Datapath Only,CAPTURE_SUBSYSTEM/MAILBOX/status_bus_pcie_reg[103]/D,1,1,IDENTICAL
CDC-15,Warning,Clock enable controlled CDC structure detected,0,nvp_vclk1,userclk1,Max Delay Datapath Only,CAPTURE_SUBSYSTEM/MAILBOX/status_bus_pcie_reg[104]/D,1,1,IDENTICAL
CDC-15,Warning,Clock enable controlled CDC structure detected,0,nvp_vclk1,userclk1,Max Delay Datapath Only,CAPTURE_SUBSYSTEM/MAILBOX/status_bus_pcie_reg[105]/D,1,1,IDENTICAL
CDC-15,Warning,Clock enable controlled CDC structure detected,0,nvp_vclk1,userclk1,Max Delay Datapath Only,CAPTURE_SUBSYSTEM/MAILBOX/status_bus_pcie_reg[106]/D,1,1,IDENTICAL
CDC-15,Warning,Clock enable controlled CDC structure detected,0,nvp_vclk1,userclk1,Max Delay Datapath Only,CAPTURE_SUBSYSTEM/MAILBOX/status_bus_pcie_reg[107]/D,1,1,IDENTICAL
CDC-15,Warning,Clock enable controlled CDC structure detected,0,nvp_vclk1,userclk1,Max Delay Datapath Only,CAPTURE_SUBSYSTEM/MAILBOX/status_bus_pcie_reg[108]/D,1,1,IDENTICAL
CDC-15,Warning,Clock enable controlled CDC structure detected,0,nvp_vclk1,userclk1,Max Delay Datapath Only,CAPTURE_SUBSYSTEM/MAILBOX/status_bus_pcie_reg[109]/D,1,1,IDENTICAL
CDC-15,Warning,Clock enable controlled CDC structure detected,0,nvp_vclk1,userclk1,Max Delay Datapath Only,CAPTURE_SUBSYSTEM/MAILBOX/status_bus_pcie_reg[10]/D,1,1,IDENTICAL
CDC-15,Warning,Clock enable controlled CDC structure detected,0,nvp_vclk1,userclk1,Max Delay Datapath Only,CAPTURE_SUBSYSTEM/MAILBOX/status_bus_pcie_reg[110]/D,1,1,IDENTICAL
CDC-15,Warning,Clock enable controlled CDC structure detected,0,nvp_vclk1,userclk1,Max Delay Datapath Only,CAPTURE_SUBSYSTEM/MAILBOX/status_bus_pcie_reg[111]/D,1,1,IDENTICAL
CDC-15,Warning,Clock enable controlled CDC structure detected,0,nvp_vclk1,userclk1,Max Delay Datapath Only,CAPTURE_SUBSYSTEM/MAILBOX/status_bus_pcie_reg[112]/D,1,1,IDENTICAL
CDC-15,Warning,Clock enable controlled CDC structure detected,0,nvp_vclk1,userclk1,Max Delay Datapath Only,CAPTURE_SUBSYSTEM/MAILBOX/status_bus_pcie_reg[113]/D,1,1,IDENTICAL
CDC-15,Warning,Clock enable controlled CDC structure detected,0,nvp_vclk1,userclk1,Max Delay Datapath Only,CAPTURE_SUBSYSTEM/MAILBOX/status_bus_pcie_reg[114]/D,1,1,IDENTICAL
CDC-15,Warning,Clock enable controlled CDC structure detected,0,nvp_vclk1,userclk1,Max Delay Datapath Only,CAPTURE_SUBSYSTEM/MAILBOX/status_bus_pcie_reg[115]/D,1,1,IDENTICAL
CDC-15,Warning,Clock enable controlled CDC structure detected,0,nvp_vclk1,userclk1,Max Delay Datapath Only,CAPTURE_SUBSYSTEM/MAILBOX/status_bus_pcie_reg[116]/D,1,1,IDENTICAL
CDC-15,Warning,Clock enable controlled CDC structure detected,0,nvp_vclk1,userclk1,Max Delay Datapath Only,CAPTURE_SUBSYSTEM/MAILBOX/status_bus_pcie_reg[117]/D,1,1,IDENTICAL
CDC-15,Warning,Clock enable controlled CDC structure detected,0,nvp_vclk1,userclk1,Max Delay Datapath Only,CAPTURE_SUBSYSTEM/MAILBOX/status_bus_pcie_reg[118]/D,1,1,IDENTICAL
CDC-15,Warning,Clock enable controlled CDC structure detected,0,nvp_vclk1,userclk1,Max Delay Datapath Only,CAPTURE_SUBSYSTEM/MAILBOX/status_bus_pcie_reg[119]/D,1,1,IDENTICAL
CDC-15,Warning,Clock enable controlled CDC structure detected,0,nvp_vclk1,userclk1,Max Delay Datapath Only,CAPTURE_SUBSYSTEM/MAILBOX/status_bus_pcie_reg[11]/D,1,1,IDENTICAL
CDC-15,Warning,Clock enable controlled CDC structure detected,0,nvp_vclk1,userclk1,Max Delay Datapath Only,CAPTURE_SUBSYSTEM/MAILBOX/status_bus_pcie_reg[120]/D,1,1,IDENTICAL
CDC-15,Warning,Clock enable controlled CDC structure detected,0,nvp_vclk1,userclk1,Max Delay Datapath Only,CAPTURE_SUBSYSTEM/MAILBOX/status_bus_pcie_reg[121]/D,1,1,IDENTICAL
CDC-15,Warning,Clock enable controlled CDC structure detected,0,nvp_vclk1,userclk1,Max Delay Datapath Only,CAPTURE_SUBSYSTEM/MAILBOX/status_bus_pcie_reg[122]/D,1,1,IDENTICAL
CDC-15,Warning,Clock enable controlled CDC structure detected,0,nvp_vclk1,userclk1,Max Delay Datapath Only,CAPTURE_SUBSYSTEM/MAILBOX/status_bus_pcie_reg[123]/D,1,1,IDENTICAL
CDC-15,Warning,Clock enable controlled CDC structure detected,0,nvp_vclk1,userclk1,Max Delay Datapath Only,CAPTURE_SUBSYSTEM/MAILBOX/status_bus_pcie_reg[124]/D,1,1,IDENTICAL
CDC-15,Warning,Clock enable controlled CDC structure detected,0,nvp_vclk1,userclk1,Max Delay Datapath Only,CAPTURE_SUBSYSTEM/MAILBOX/status_bus_pcie_reg[125]/D,1,1,IDENTICAL
CDC-15,Warning,Clock enable controlled CDC structure detected,0,nvp_vclk1,userclk1,Max Delay Datapath Only,CAPTURE_SUBSYSTEM/MAILBOX/status_bus_pcie_reg[126]/D,1,1,IDENTICAL
CDC-15,Warning,Clock enable controlled CDC structure detected,0,nvp_vclk1,userclk1,Max Delay Datapath Only,CAPTURE_SUBSYSTEM/MAILBOX/status_bus_pcie_reg[127]/D,1,1,IDENTICAL
CDC-15,Warning,Clock enable controlled CDC structure detected,0,nvp_vclk1,userclk1,Max Delay Datapath Only,CAPTURE_SUBSYSTEM/MAILBOX/status_bus_pcie_reg[128]/D,1,1,IDENTICAL
CDC-15,Warning,Clock enable controlled CDC structure detected,0,nvp_vclk1,userclk1,Max Delay Datapath Only,CAPTURE_SUBSYSTEM/MAILBOX/status_bus_pcie_reg[129]/D,1,1,IDENTICAL
CDC-15,Warning,Clock enable controlled CDC structure detected,0,nvp_vclk1,userclk1,Max Delay Datapath Only,CAPTURE_SUBSYSTEM/MAILBOX/status_bus_pcie_reg[12]/D,1,1,IDENTICAL
CDC-15,Warning,Clock enable controlled CDC structure detected,0,nvp_vclk1,userclk1,Max Delay Datapath Only,CAPTURE_SUBSYSTEM/MAILBOX/status_bus_pcie_reg[130]/D,1,1,IDENTICAL
CDC-15,Warning,Clock enable controlled CDC structure detected,0,nvp_vclk1,userclk1,Max Delay Datapath Only,CAPTURE_SUBSYSTEM/MAILBOX/status_bus_pcie_reg[131]/D,1,1,IDENTICAL
CDC-15,Warning,Clock enable controlled CDC structure detected,0,nvp_vclk1,userclk1,Max Delay Datapath Only,CAPTURE_SUBSYSTEM/MAILBOX/status_bus_pcie_reg[132]/D,1,1,IDENTICAL
CDC-15,Warning,Clock enable controlled CDC structure detected,0,nvp_vclk1,userclk1,Max Delay Datapath Only,CAPTURE_SUBSYSTEM/MAILBOX/status_bus_pcie_reg[133]/D,1,1,IDENTICAL
CDC-15,Warning,Clock enable controlled CDC structure detected,0,nvp_vclk1,userclk1,Max Delay Datapath Only,CAPTURE_SUBSYSTEM/MAILBOX/status_bus_pcie_reg[134]/D,1,1,IDENTICAL
CDC-15,Warning,Clock enable controlled CDC structure detected,0,nvp_vclk1,userclk1,Max Delay Datapath Only,CAPTURE_SUBSYSTEM/MAILBOX/status_bus_pcie_reg[135]/D,1,1,IDENTICAL
CDC-15,Warning,Clock enable controlled CDC structure detected,0,nvp_vclk1,userclk1,Max Delay Datapath Only,CAPTURE_SUBSYSTEM/MAILBOX/status_bus_pcie_reg[136]/D,1,1,IDENTICAL
CDC-15,Warning,Clock enable controlled CDC structure detected,0,nvp_vclk1,userclk1,Max Delay Datapath Only,CAPTURE_SUBSYSTEM/MAILBOX/status_bus_pcie_reg[137]/D,1,1,IDENTICAL
CDC-15,Warning,Clock enable controlled CDC structure detected,0,nvp_vclk1,userclk1,Max Delay Datapath Only,CAPTURE_SUBSYSTEM/MAILBOX/status_bus_pcie_reg[138]/D,1,1,IDENTICAL
CDC-15,Warning,Clock enable controlled CDC structure detected,0,nvp_vclk1,userclk1,Max Delay Datapath Only,CAPTURE_SUBSYSTEM/MAILBOX/status_bus_pcie_reg[139]/D,1,1,IDENTICAL
CDC-15,Warning,Clock enable controlled CDC structure detected,0,nvp_vclk1,userclk1,Max Delay Datapath Only,CAPTURE_SUBSYSTEM/MAILBOX/status_bus_pcie_reg[13]/D,1,1,IDENTICAL
CDC-15,Warning,Clock enable controlled CDC structure detected,0,nvp_vclk1,userclk1,Max Delay Datapath Only,CAPTURE_SUBSYSTEM/MAILBOX/status_bus_pcie_reg[140]/D,1,1,IDENTICAL
CDC-15,Warning,Clock enable controlled CDC structure detected,0,nvp_vclk1,userclk1,Max Delay Datapath Only,CAPTURE_SUBSYSTEM/MAILBOX/status_bus_pcie_reg[141]/D,1,1,IDENTICAL
CDC-15,Warning,Clock enable controlled CDC structure detected,0,nvp_vclk1,userclk1,Max Delay Datapath Only,CAPTURE_SUBSYSTEM/MAILBOX/status_bus_pcie_reg[142]/D,1,1,IDENTICAL
CDC-15,Warning,Clock enable controlled CDC structure detected,0,nvp_vclk1,userclk1,Max Delay Datapath Only,CAPTURE_SUBSYSTEM/MAILBOX/status_bus_pcie_reg[143]/D,1,1,IDENTICAL
CDC-15,Warning,Clock enable controlled CDC structure detected,0,nvp_vclk1,userclk1,Max Delay Datapath Only,CAPTURE_SUBSYSTEM/MAILBOX/status_bus_pcie_reg[144]/D,1,1,IDENTICAL
CDC-15,Warning,Clock enable controlled CDC structure detected,0,nvp_vclk1,userclk1,Max Delay Datapath Only,CAPTURE_SUBSYSTEM/MAILBOX/status_bus_pcie_reg[145]/D,1,1,IDENTICAL
CDC-15,Warning,Clock enable controlled CDC structure detected,0,nvp_vclk1,userclk1,Max Delay Datapath Only,CAPTURE_SUBSYSTEM/MAILBOX/status_bus_pcie_reg[146]/D,1,1,IDENTICAL
CDC-15,Warning,Clock enable controlled CDC structure detected,0,nvp_vclk1,userclk1,Max Delay Datapath Only,CAPTURE_SUBSYSTEM/MAILBOX/status_bus_pcie_reg[147]/D,1,1,IDENTICAL
CDC-15,Warning,Clock enable controlled CDC structure detected,0,nvp_vclk1,userclk1,Max Delay Datapath Only,CAPTURE_SUBSYSTEM/MAILBOX/status_bus_pcie_reg[148]/D,1,1,IDENTICAL
CDC-15,Warning,Clock enable controlled CDC structure detected,0,nvp_vclk1,userclk1,Max Delay Datapath Only,CAPTURE_SUBSYSTEM/MAILBOX/status_bus_pcie_reg[149]/D,1,1,IDENTICAL
CDC-15,Warning,Clock enable controlled CDC structure detected,0,nvp_vclk1,userclk1,Max Delay Datapath Only,CAPTURE_SUBSYSTEM/MAILBOX/status_bus_pcie_reg[14]/D,1,1,IDENTICAL
CDC-15,Warning,Clock enable controlled CDC structure detected,0,nvp_vclk1,userclk1,Max Delay Datapath Only,CAPTURE_SUBSYSTEM/MAILBOX/status_bus_pcie_reg[150]/D,1,1,IDENTICAL
CDC-15,Warning,Clock enable controlled CDC structure detected,0,nvp_vclk1,userclk1,Max Delay Datapath Only,CAPTURE_SUBSYSTEM/MAILBOX/status_bus_pcie_reg[151]/D,1,1,IDENTICAL
CDC-15,Warning,Clock enable controlled CDC structure detected,0,nvp_vclk1,userclk1,Max Delay Datapath Only,CAPTURE_SUBSYSTEM/MAILBOX/status_bus_pcie_reg[152]/D,1,1,IDENTICAL
CDC-15,Warning,Clock enable controlled CDC structure detected,0,nvp_vclk1,userclk1,Max Delay Datapath Only,CAPTURE_SUBSYSTEM/MAILBOX/status_bus_pcie_reg[153]/D,1,1,IDENTICAL
CDC-15,Warning,Clock enable controlled CDC structure detected,0,nvp_vclk1,userclk1,Max Delay Datapath Only,CAPTURE_SUBSYSTEM/MAILBOX/status_bus_pcie_reg[154]/D,1,1,IDENTICAL
CDC-15,Warning,Clock enable controlled CDC structure detected,0,nvp_vclk1,userclk1,Max Delay Datapath Only,CAPTURE_SUBSYSTEM/MAILBOX/status_bus_pcie_reg[155]/D,1,1,IDENTICAL
CDC-15,Warning,Clock enable controlled CDC structure detected,0,nvp_vclk1,userclk1,Max Delay Datapath Only,CAPTURE_SUBSYSTEM/MAILBOX/status_bus_pcie_reg[156]/D,1,1,IDENTICAL
CDC-15,Warning,Clock enable controlled CDC structure detected,0,nvp_vclk1,userclk1,Max Delay Datapath Only,CAPTURE_SUBSYSTEM/MAILBOX/status_bus_pcie_reg[157]/D,1,1,IDENTICAL
CDC-15,Warning,Clock enable controlled CDC structure detected,0,nvp_vclk1,userclk1,Max Delay Datapath Only,CAPTURE_SUBSYSTEM/MAILBOX/status_bus_pcie_reg[158]/D,1,1,IDENTICAL
CDC-15,Warning,Clock enable controlled CDC structure detected,0,nvp_vclk1,userclk1,Max Delay Datapath Only,CAPTURE_SUBSYSTEM/MAILBOX/status_bus_pcie_reg[159]/D,1,1,IDENTICAL
CDC-15,Warning,Clock enable controlled CDC structure detected,0,nvp_vclk1,userclk1,Max Delay Datapath Only,CAPTURE_SUBSYSTEM/MAILBOX/status_bus_pcie_reg[15]/D,1,1,IDENTICAL
CDC-15,Warning,Clock enable controlled CDC structure detected,0,nvp_vclk1,userclk1,Max Delay Datapath Only,CAPTURE_SUBSYSTEM/MAILBOX/status_bus_pcie_reg[160]/D,1,1,IDENTICAL
CDC-15,Warning,Clock enable controlled CDC structure detected,0,nvp_vclk1,userclk1,Max Delay Datapath Only,CAPTURE_SUBSYSTEM/MAILBOX/status_bus_pcie_reg[161]/D,1,1,IDENTICAL
CDC-15,Warning,Clock enable controlled CDC structure detected,0,nvp_vclk1,userclk1,Max Delay Datapath Only,CAPTURE_SUBSYSTEM/MAILBOX/status_bus_pcie_reg[162]/D,1,1,IDENTICAL
CDC-15,Warning,Clock enable controlled CDC structure detected,0,nvp_vclk1,userclk1,Max Delay Datapath Only,CAPTURE_SUBSYSTEM/MAILBOX/status_bus_pcie_reg[163]/D,1,1,IDENTICAL
CDC-15,Warning,Clock enable controlled CDC structure detected,0,nvp_vclk1,userclk1,Max Delay Datapath Only,CAPTURE_SUBSYSTEM/MAILBOX/status_bus_pcie_reg[164]/D,1,1,IDENTICAL
CDC-15,Warning,Clock enable controlled CDC structure detected,0,nvp_vclk1,userclk1,Max Delay Datapath Only,CAPTURE_SUBSYSTEM/MAILBOX/status_bus_pcie_reg[165]/D,1,1,IDENTICAL
CDC-15,Warning,Clock enable controlled CDC structure detected,0,nvp_vclk1,userclk1,Max Delay Datapath Only,CAPTURE_SUBSYSTEM/MAILBOX/status_bus_pcie_reg[166]/D,1,1,IDENTICAL
CDC-15,Warning,Clock enable controlled CDC structure detected,0,nvp_vclk1,userclk1,Max Delay Datapath Only,CAPTURE_SUBSYSTEM/MAILBOX/status_bus_pcie_reg[167]/D,1,1,IDENTICAL
CDC-15,Warning,Clock enable controlled CDC structure detected,0,nvp_vclk1,userclk1,Max Delay Datapath Only,CAPTURE_SUBSYSTEM/MAILBOX/status_bus_pcie_reg[168]/D,1,1,IDENTICAL
CDC-15,Warning,Clock enable controlled CDC structure detected,0,nvp_vclk1,userclk1,Max Delay Datapath Only,CAPTURE_SUBSYSTEM/MAILBOX/status_bus_pcie_reg[169]/D,1,1,IDENTICAL
CDC-15,Warning,Clock enable controlled CDC structure detected,0,nvp_vclk1,userclk1,Max Delay Datapath Only,CAPTURE_SUBSYSTEM/MAILBOX/status_bus_pcie_reg[16]/D,1,1,IDENTICAL
CDC-15,Warning,Clock enable controlled CDC structure detected,0,nvp_vclk1,userclk1,Max Delay Datapath Only,CAPTURE_SUBSYSTEM/MAILBOX/status_bus_pcie_reg[170]/D,1,1,IDENTICAL
CDC-15,Warning,Clock enable controlled CDC structure detected,0,nvp_vclk1,userclk1,Max Delay Datapath Only,CAPTURE_SUBSYSTEM/MAILBOX/status_bus_pcie_reg[171]/D,1,1,IDENTICAL
CDC-15,Warning,Clock enable controlled CDC structure detected,0,nvp_vclk1,userclk1,Max Delay Datapath Only,CAPTURE_SUBSYSTEM/MAILBOX/status_bus_pcie_reg[172]/D,1,1,IDENTICAL
CDC-15,Warning,Clock enable controlled CDC structure detected,0,nvp_vclk1,userclk1,Max Delay Datapath Only,CAPTURE_SUBSYSTEM/MAILBOX/status_bus_pcie_reg[173]/D,1,1,IDENTICAL
CDC-15,Warning,Clock enable controlled CDC structure detected,0,nvp_vclk1,userclk1,Max Delay Datapath Only,CAPTURE_SUBSYSTEM/MAILBOX/status_bus_pcie_reg[174]/D,1,1,IDENTICAL
CDC-15,Warning,Clock enable controlled CDC structure detected,0,nvp_vclk1,userclk1,Max Delay Datapath Only,CAPTURE_SUBSYSTEM/MAILBOX/status_bus_pcie_reg[175]/D,1,1,IDENTICAL
CDC-15,Warning,Clock enable controlled CDC structure detected,0,nvp_vclk1,userclk1,Max Delay Datapath Only,CAPTURE_SUBSYSTEM/MAILBOX/status_bus_pcie_reg[176]/D,1,1,IDENTICAL
CDC-15,Warning,Clock enable controlled CDC structure detected,0,nvp_vclk1,userclk1,Max Delay Datapath Only,CAPTURE_SUBSYSTEM/MAILBOX/status_bus_pcie_reg[177]/D,1,1,IDENTICAL
CDC-15,Warning,Clock enable controlled CDC structure detected,0,nvp_vclk1,userclk1,Max Delay Datapath Only,CAPTURE_SUBSYSTEM/MAILBOX/status_bus_pcie_reg[178]/D,1,1,IDENTICAL
CDC-15,Warning,Clock enable controlled CDC structure detected,0,nvp_vclk1,userclk1,Max Delay Datapath Only,CAPTURE_SUBSYSTEM/MAILBOX/status_bus_pcie_reg[179]/D,1,1,IDENTICAL
CDC-15,Warning,Clock enable controlled CDC structure detected,0,nvp_vclk1,userclk1,Max Delay Datapath Only,CAPTURE_SUBSYSTEM/MAILBOX/status_bus_pcie_reg[17]/D,1,1,IDENTICAL
CDC-15,Warning,Clock enable controlled CDC structure detected,0,nvp_vclk1,userclk1,Max Delay Datapath Only,CAPTURE_SUBSYSTEM/MAILBOX/status_bus_pcie_reg[180]/D,1,1,IDENTICAL
CDC-15,Warning,Clock enable controlled CDC structure detected,0,nvp_vclk1,userclk1,Max Delay Datapath Only,CAPTURE_SUBSYSTEM/MAILBOX/status_bus_pcie_reg[181]/D,1,1,IDENTICAL
CDC-15,Warning,Clock enable controlled CDC structure detected,0,nvp_vclk1,userclk1,Max Delay Datapath Only,CAPTURE_SUBSYSTEM/MAILBOX/status_bus_pcie_reg[182]/D,1,1,IDENTICAL
CDC-15,Warning,Clock enable controlled CDC structure detected,0,nvp_vclk1,userclk1,Max Delay Datapath Only,CAPTURE_SUBSYSTEM/MAILBOX/status_bus_pcie_reg[183]/D,1,1,IDENTICAL
CDC-15,Warning,Clock enable controlled CDC structure detected,0,nvp_vclk1,userclk1,Max Delay Datapath Only,CAPTURE_SUBSYSTEM/MAILBOX/status_bus_pcie_reg[184]/D,1,1,IDENTICAL
CDC-15,Warning,Clock enable controlled CDC structure detected,0,nvp_vclk1,userclk1,Max Delay Datapath Only,CAPTURE_SUBSYSTEM/MAILBOX/status_bus_pcie_reg[185]/D,1,1,IDENTICAL
CDC-15,Warning,Clock enable controlled CDC structure detected,0,nvp_vclk1,userclk1,Max Delay Datapath Only,CAPTURE_SUBSYSTEM/MAILBOX/status_bus_pcie_reg[186]/D,1,1,IDENTICAL
CDC-15,Warning,Clock enable controlled CDC structure detected,0,nvp_vclk1,userclk1,Max Delay Datapath Only,CAPTURE_SUBSYSTEM/MAILBOX/status_bus_pcie_reg[187]/D,1,1,IDENTICAL
CDC-15,Warning,Clock enable controlled CDC structure detected,0,nvp_vclk1,userclk1,Max Delay Datapath Only,CAPTURE_SUBSYSTEM/MAILBOX/status_bus_pcie_reg[188]/D,1,1,IDENTICAL
CDC-15,Warning,Clock enable controlled CDC structure detected,0,nvp_vclk1,userclk1,Max Delay Datapath Only,CAPTURE_SUBSYSTEM/MAILBOX/status_bus_pcie_reg[189]/D,1,1,IDENTICAL
CDC-15,Warning,Clock enable controlled CDC structure detected,0,nvp_vclk1,userclk1,Max Delay Datapath Only,CAPTURE_SUBSYSTEM/MAILBOX/status_bus_pcie_reg[18]/D,1,1,IDENTICAL
CDC-15,Warning,Clock enable controlled CDC structure detected,0,nvp_vclk1,userclk1,Max Delay Datapath Only,CAPTURE_SUBSYSTEM/MAILBOX/status_bus_pcie_reg[190]/D,1,1,IDENTICAL
CDC-15,Warning,Clock enable controlled CDC structure detected,0,nvp_vclk1,userclk1,Max Delay Datapath Only,CAPTURE_SUBSYSTEM/MAILBOX/status_bus_pcie_reg[191]/D,1,1,IDENTICAL
CDC-15,Warning,Clock enable controlled CDC structure detected,0,nvp_vclk1,userclk1,Max Delay Datapath Only,CAPTURE_SUBSYSTEM/MAILBOX/status_bus_pcie_reg[192]/D,1,1,IDENTICAL
CDC-15,Warning,Clock enable controlled CDC structure detected,0,nvp_vclk1,userclk1,Max Delay Datapath Only,CAPTURE_SUBSYSTEM/MAILBOX/status_bus_pcie_reg[193]/D,1,1,IDENTICAL
CDC-15,Warning,Clock enable controlled CDC structure detected,0,nvp_vclk1,userclk1,Max Delay Datapath Only,CAPTURE_SUBSYSTEM/MAILBOX/status_bus_pcie_reg[194]/D,1,1,IDENTICAL
CDC-15,Warning,Clock enable controlled CDC structure detected,0,nvp_vclk1,userclk1,Max Delay Datapath Only,CAPTURE_SUBSYSTEM/MAILBOX/status_bus_pcie_reg[195]/D,1,1,IDENTICAL
CDC-15,Warning,Clock enable controlled CDC structure detected,0,nvp_vclk1,userclk1,Max Delay Datapath Only,CAPTURE_SUBSYSTEM/MAILBOX/status_bus_pcie_reg[196]/D,1,1,IDENTICAL
CDC-15,Warning,Clock enable controlled CDC structure detected,0,nvp_vclk1,userclk1,Max Delay Datapath Only,CAPTURE_SUBSYSTEM/MAILBOX/status_bus_pcie_reg[197]/D,1,1,IDENTICAL
CDC-15,Warning,Clock enable controlled CDC structure detected,0,nvp_vclk1,userclk1,Max Delay Datapath Only,CAPTURE_SUBSYSTEM/MAILBOX/status_bus_pcie_reg[198]/D,1,1,IDENTICAL
CDC-15,Warning,Clock enable controlled CDC structure detected,0,nvp_vclk1,userclk1,Max Delay Datapath Only,CAPTURE_SUBSYSTEM/MAILBOX/status_bus_pcie_reg[199]/D,1,1,IDENTICAL
CDC-15,Warning,Clock enable controlled CDC structure detected,0,nvp_vclk1,userclk1,Max Delay Datapath Only,CAPTURE_SUBSYSTEM/MAILBOX/status_bus_pcie_reg[19]/D,1,1,IDENTICAL
CDC-15,Warning,Clock enable controlled CDC structure detected,0,nvp_vclk1,userclk1,Max Delay Datapath Only,CAPTURE_SUBSYSTEM/MAILBOX/status_bus_pcie_reg[200]/D,1,1,IDENTICAL
CDC-15,Warning,Clock enable controlled CDC structure detected,0,nvp_vclk1,userclk1,Max Delay Datapath Only,CAPTURE_SUBSYSTEM/MAILBOX/status_bus_pcie_reg[201]/D,1,1,IDENTICAL
CDC-15,Warning,Clock enable controlled CDC structure detected,0,nvp_vclk1,userclk1,Max Delay Datapath Only,CAPTURE_SUBSYSTEM/MAILBOX/status_bus_pcie_reg[202]/D,1,1,IDENTICAL
CDC-15,Warning,Clock enable controlled CDC structure detected,0,nvp_vclk1,userclk1,Max Delay Datapath Only,CAPTURE_SUBSYSTEM/MAILBOX/status_bus_pcie_reg[203]/D,1,1,IDENTICAL
CDC-15,Warning,Clock enable controlled CDC structure detected,0,nvp_vclk1,userclk1,Max Delay Datapath Only,CAPTURE_SUBSYSTEM/MAILBOX/status_bus_pcie_reg[204]/D,1,1,IDENTICAL
CDC-15,Warning,Clock enable controlled CDC structure detected,0,nvp_vclk1,userclk1,Max Delay Datapath Only,CAPTURE_SUBSYSTEM/MAILBOX/status_bus_pcie_reg[205]/D,1,1,IDENTICAL
CDC-15,Warning,Clock enable controlled CDC structure detected,0,nvp_vclk1,userclk1,Max Delay Datapath Only,CAPTURE_SUBSYSTEM/MAILBOX/status_bus_pcie_reg[206]/D,1,1,IDENTICAL
CDC-15,Warning,Clock enable controlled CDC structure detected,0,nvp_vclk1,userclk1,Max Delay Datapath Only,CAPTURE_SUBSYSTEM/MAILBOX/status_bus_pcie_reg[207]/D,1,1,IDENTICAL
CDC-15,Warning,Clock enable controlled CDC structure detected,0,nvp_vclk1,userclk1,Max Delay Datapath Only,CAPTURE_SUBSYSTEM/MAILBOX/status_bus_pcie_reg[208]/D,1,1,IDENTICAL
CDC-15,Warning,Clock enable controlled CDC structure detected,0,nvp_vclk1,userclk1,Max Delay Datapath Only,CAPTURE_SUBSYSTEM/MAILBOX/status_bus_pcie_reg[209]/D,1,1,IDENTICAL
CDC-15,Warning,Clock enable controlled CDC structure detected,0,nvp_vclk1,userclk1,Max Delay Datapath Only,CAPTURE_SUBSYSTEM/MAILBOX/status_bus_pcie_reg[20]/D,1,1,IDENTICAL
CDC-15,Warning,Clock enable controlled CDC structure detected,0,nvp_vclk1,userclk1,Max Delay Datapath Only,CAPTURE_SUBSYSTEM/MAILBOX/status_bus_pcie_reg[210]/D,1,1,IDENTICAL
CDC-15,Warning,Clock enable controlled CDC structure detected,0,nvp_vclk1,userclk1,Max Delay Datapath Only,CAPTURE_SUBSYSTEM/MAILBOX/status_bus_pcie_reg[211]/D,1,1,IDENTICAL
CDC-15,Warning,Clock enable controlled CDC structure detected,0,nvp_vclk1,userclk1,Max Delay Datapath Only,CAPTURE_SUBSYSTEM/MAILBOX/status_bus_pcie_reg[212]/D,1,1,IDENTICAL
CDC-15,Warning,Clock enable controlled CDC structure detected,0,nvp_vclk1,userclk1,Max Delay Datapath Only,CAPTURE_SUBSYSTEM/MAILBOX/status_bus_pcie_reg[213]/D,1,1,IDENTICAL
CDC-15,Warning,Clock enable controlled CDC structure detected,0,nvp_vclk1,userclk1,Max Delay Datapath Only,CAPTURE_SUBSYSTEM/MAILBOX/status_bus_pcie_reg[214]/D,1,1,IDENTICAL
CDC-15,Warning,Clock enable controlled CDC structure detected,0,nvp_vclk1,userclk1,Max Delay Datapath Only,CAPTURE_SUBSYSTEM/MAILBOX/status_bus_pcie_reg[215]/D,1,1,IDENTICAL
CDC-15,Warning,Clock enable controlled CDC structure detected,0,nvp_vclk1,userclk1,Max Delay Datapath Only,CAPTURE_SUBSYSTEM/MAILBOX/status_bus_pcie_reg[216]/D,1,1,IDENTICAL
CDC-15,Warning,Clock enable controlled CDC structure detected,0,nvp_vclk1,userclk1,Max Delay Datapath Only,CAPTURE_SUBSYSTEM/MAILBOX/status_bus_pcie_reg[217]/D,1,1,IDENTICAL
CDC-15,Warning,Clock enable controlled CDC structure detected,0,nvp_vclk1,userclk1,Max Delay Datapath Only,CAPTURE_SUBSYSTEM/MAILBOX/status_bus_pcie_reg[218]/D,1,1,IDENTICAL
CDC-15,Warning,Clock enable controlled CDC structure detected,0,nvp_vclk1,userclk1,Max Delay Datapath Only,CAPTURE_SUBSYSTEM/MAILBOX/status_bus_pcie_reg[219]/D,1,1,IDENTICAL
CDC-15,Warning,Clock enable controlled CDC structure detected,0,nvp_vclk1,userclk1,Max Delay Datapath Only,CAPTURE_SUBSYSTEM/MAILBOX/status_bus_pcie_reg[21]/D,1,1,IDENTICAL
CDC-15,Warning,Clock enable controlled CDC structure detected,0,nvp_vclk1,userclk1,Max Delay Datapath Only,CAPTURE_SUBSYSTEM/MAILBOX/status_bus_pcie_reg[220]/D,1,1,IDENTICAL
CDC-15,Warning,Clock enable controlled CDC structure detected,0,nvp_vclk1,userclk1,Max Delay Datapath Only,CAPTURE_SUBSYSTEM/MAILBOX/status_bus_pcie_reg[221]/D,1,1,IDENTICAL
CDC-15,Warning,Clock enable controlled CDC structure detected,0,nvp_vclk1,userclk1,Max Delay Datapath Only,CAPTURE_SUBSYSTEM/MAILBOX/status_bus_pcie_reg[222]/D,1,1,IDENTICAL
CDC-15,Warning,Clock enable controlled CDC structure detected,0,nvp_vclk1,userclk1,Max Delay Datapath Only,CAPTURE_SUBSYSTEM/MAILBOX/status_bus_pcie_reg[223]/D,1,1,IDENTICAL
CDC-15,Warning,Clock enable controlled CDC structure detected,0,nvp_vclk1,userclk1,Max Delay Datapath Only,CAPTURE_SUBSYSTEM/MAILBOX/status_bus_pcie_reg[224]/D,1,1,IDENTICAL
CDC-15,Warning,Clock enable controlled CDC structure detected,0,nvp_vclk1,userclk1,Max Delay Datapath Only,CAPTURE_SUBSYSTEM/MAILBOX/status_bus_pcie_reg[225]/D,1,1,IDENTICAL
CDC-15,Warning,Clock enable controlled CDC structure detected,0,nvp_vclk1,userclk1,Max Delay Datapath Only,CAPTURE_SUBSYSTEM/MAILBOX/status_bus_pcie_reg[226]/D,1,1,IDENTICAL
CDC-15,Warning,Clock enable controlled CDC structure detected,0,nvp_vclk1,userclk1,Max Delay Datapath Only,CAPTURE_SUBSYSTEM/MAILBOX/status_bus_pcie_reg[227]/D,1,1,IDENTICAL
CDC-15,Warning,Clock enable controlled CDC structure detected,0,nvp_vclk1,userclk1,Max Delay Datapath Only,CAPTURE_SUBSYSTEM/MAILBOX/status_bus_pcie_reg[228]/D,1,1,IDENTICAL
CDC-15,Warning,Clock enable controlled CDC structure detected,0,nvp_vclk1,userclk1,Max Delay Datapath Only,CAPTURE_SUBSYSTEM/MAILBOX/status_bus_pcie_reg[229]/D,1,1,IDENTICAL
CDC-15,Warning,Clock enable controlled CDC structure detected,0,nvp_vclk1,userclk1,Max Delay Datapath Only,CAPTURE_SUBSYSTEM/MAILBOX/status_bus_pcie_reg[22]/D,1,1,IDENTICAL
CDC-15,Warning,Clock enable controlled CDC structure detected,0,nvp_vclk1,userclk1,Max Delay Datapath Only,CAPTURE_SUBSYSTEM/MAILBOX/status_bus_pcie_reg[230]/D,1,1,IDENTICAL
CDC-15,Warning,Clock enable controlled CDC structure detected,0,nvp_vclk1,userclk1,Max Delay Datapath Only,CAPTURE_SUBSYSTEM/MAILBOX/status_bus_pcie_reg[231]/D,1,1,IDENTICAL
CDC-15,Warning,Clock enable controlled CDC structure detected,0,nvp_vclk1,userclk1,Max Delay Datapath Only,CAPTURE_SUBSYSTEM/MAILBOX/status_bus_pcie_reg[232]/D,1,1,IDENTICAL
CDC-15,Warning,Clock enable controlled CDC structure detected,0,nvp_vclk1,userclk1,Max Delay Datapath Only,CAPTURE_SUBSYSTEM/MAILBOX/status_bus_pcie_reg[233]/D,1,1,IDENTICAL
CDC-15,Warning,Clock enable controlled CDC structure detected,0,nvp_vclk1,userclk1,Max Delay Datapath Only,CAPTURE_SUBSYSTEM/MAILBOX/status_bus_pcie_reg[234]/D,1,1,IDENTICAL
CDC-15,Warning,Clock enable controlled CDC structure detected,0,nvp_vclk1,userclk1,Max Delay Datapath Only,CAPTURE_SUBSYSTEM/MAILBOX/status_bus_pcie_reg[235]/D,1,1,IDENTICAL
CDC-15,Warning,Clock enable controlled CDC structure detected,0,nvp_vclk1,userclk1,Max Delay Datapath Only,CAPTURE_SUBSYSTEM/MAILBOX/status_bus_pcie_reg[236]/D,1,1,IDENTICAL
CDC-15,Warning,Clock enable controlled CDC structure detected,0,nvp_vclk1,userclk1,Max Delay Datapath Only,CAPTURE_SUBSYSTEM/MAILBOX/status_bus_pcie_reg[237]/D,1,1,IDENTICAL
CDC-15,Warning,Clock enable controlled CDC structure detected,0,nvp_vclk1,userclk1,Max Delay Datapath Only,CAPTURE_SUBSYSTEM/MAILBOX/status_bus_pcie_reg[238]/D,1,1,IDENTICAL
CDC-15,Warning,Clock enable controlled CDC structure detected,0,nvp_vclk1,userclk1,Max Delay Datapath Only,CAPTURE_SUBSYSTEM/MAILBOX/status_bus_pcie_reg[239]/D,1,1,IDENTICAL
CDC-15,Warning,Clock enable controlled CDC structure detected,0,nvp_vclk1,userclk1,Max Delay Datapath Only,CAPTURE_SUBSYSTEM/MAILBOX/status_bus_pcie_reg[23]/D,1,1,IDENTICAL
CDC-15,Warning,Clock enable controlled CDC structure detected,0,nvp_vclk1,userclk1,Max Delay Datapath Only,CAPTURE_SUBSYSTEM/MAILBOX/status_bus_pcie_reg[240]/D,1,1,IDENTICAL
CDC-15,Warning,Clock enable controlled CDC structure detected,0,nvp_vclk1,userclk1,Max Delay Datapath Only,CAPTURE_SUBSYSTEM/MAILBOX/status_bus_pcie_reg[241]/D,1,1,IDENTICAL
CDC-15,Warning,Clock enable controlled CDC structure detected,0,nvp_vclk1,userclk1,Max Delay Datapath Only,CAPTURE_SUBSYSTEM/MAILBOX/status_bus_pcie_reg[242]/D,1,1,IDENTICAL
CDC-15,Warning,Clock enable controlled CDC structure detected,0,nvp_vclk1,userclk1,Max Delay Datapath Only,CAPTURE_SUBSYSTEM/MAILBOX/status_bus_pcie_reg[243]/D,1,1,IDENTICAL
CDC-15,Warning,Clock enable controlled CDC structure detected,0,nvp_vclk1,userclk1,Max Delay Datapath Only,CAPTURE_SUBSYSTEM/MAILBOX/status_bus_pcie_reg[244]/D,1,1,IDENTICAL
CDC-15,Warning,Clock enable controlled CDC structure detected,0,nvp_vclk1,userclk1,Max Delay Datapath Only,CAPTURE_SUBSYSTEM/MAILBOX/status_bus_pcie_reg[245]/D,1,1,IDENTICAL
CDC-15,Warning,Clock enable controlled CDC structure detected,0,nvp_vclk1,userclk1,Max Delay Datapath Only,CAPTURE_SUBSYSTEM/MAILBOX/status_bus_pcie_reg[246]/D,1,1,IDENTICAL
CDC-15,Warning,Clock enable controlled CDC structure detected,0,nvp_vclk1,userclk1,Max Delay Datapath Only,CAPTURE_SUBSYSTEM/MAILBOX/status_bus_pcie_reg[247]/D,1,1,IDENTICAL
CDC-15,Warning,Clock enable controlled CDC structure detected,0,nvp_vclk1,userclk1,Max Delay Datapath Only,CAPTURE_SUBSYSTEM/MAILBOX/status_bus_pcie_reg[248]/D,1,1,IDENTICAL
CDC-15,Warning,Clock enable controlled CDC structure detected,0,nvp_vclk1,userclk1,Max Delay Datapath Only,CAPTURE_SUBSYSTEM/MAILBOX/status_bus_pcie_reg[249]/D,1,1,IDENTICAL
CDC-15,Warning,Clock enable controlled CDC structure detected,0,nvp_vclk1,userclk1,Max Delay Datapath Only,CAPTURE_SUBSYSTEM/MAILBOX/status_bus_pcie_reg[24]/D,1,1,IDENTICAL
CDC-15,Warning,Clock enable controlled CDC structure detected,0,nvp_vclk1,userclk1,Max Delay Datapath Only,CAPTURE_SUBSYSTEM/MAILBOX/status_bus_pcie_reg[250]/D,1,1,IDENTICAL
CDC-15,Warning,Clock enable controlled CDC structure detected,0,nvp_vclk1,userclk1,Max Delay Datapath Only,CAPTURE_SUBSYSTEM/MAILBOX/status_bus_pcie_reg[251]/D,1,1,IDENTICAL
CDC-15,Warning,Clock enable controlled CDC structure detected,0,nvp_vclk1,userclk1,Max Delay Datapath Only,CAPTURE_SUBSYSTEM/MAILBOX/status_bus_pcie_reg[252]/D,1,1,IDENTICAL
CDC-15,Warning,Clock enable controlled CDC structure detected,0,nvp_vclk1,userclk1,Max Delay Datapath Only,CAPTURE_SUBSYSTEM/MAILBOX/status_bus_pcie_reg[253]/D,1,1,IDENTICAL
CDC-15,Warning,Clock enable controlled CDC structure detected,0,nvp_vclk1,userclk1,Max Delay Datapath Only,CAPTURE_SUBSYSTEM/MAILBOX/status_bus_pcie_reg[254]/D,1,1,IDENTICAL
CDC-15,Warning,Clock enable controlled CDC structure detected,0,nvp_vclk1,userclk1,Max Delay Datapath Only,CAPTURE_SUBSYSTEM/MAILBOX/status_bus_pcie_reg[255]/D,1,1,IDENTICAL
CDC-15,Warning,Clock enable controlled CDC structure detected,0,nvp_vclk1,userclk1,Max Delay Datapath Only,CAPTURE_SUBSYSTEM/MAILBOX/status_bus_pcie_reg[256]/D,1,1,IDENTICAL
CDC-15,Warning,Clock enable controlled CDC structure detected,0,nvp_vclk1,userclk1,Max Delay Datapath Only,CAPTURE_SUBSYSTEM/MAILBOX/status_bus_pcie_reg[257]/D,1,1,IDENTICAL
CDC-15,Warning,Clock enable controlled CDC structure detected,0,nvp_vclk1,userclk1,Max Delay Datapath Only,CAPTURE_SUBSYSTEM/MAILBOX/status_bus_pcie_reg[258]/D,1,1,IDENTICAL
CDC-15,Warning,Clock enable controlled CDC structure detected,0,nvp_vclk1,userclk1,Max Delay Datapath Only,CAPTURE_SUBSYSTEM/MAILBOX/status_bus_pcie_reg[259]/D,1,1,IDENTICAL
CDC-15,Warning,Clock enable controlled CDC structure detected,0,nvp_vclk1,userclk1,Max Delay Datapath Only,CAPTURE_SUBSYSTEM/MAILBOX/status_bus_pcie_reg[25]/D,1,1,IDENTICAL
CDC-15,Warning,Clock enable controlled CDC structure detected,0,nvp_vclk1,userclk1,Max Delay Datapath Only,CAPTURE_SUBSYSTEM/MAILBOX/status_bus_pcie_reg[26]/D,1,1,IDENTICAL
CDC-15,Warning,Clock enable controlled CDC structure detected,0,nvp_vclk1,userclk1,Max Delay Datapath Only,CAPTURE_SUBSYSTEM/MAILBOX/status_bus_pcie_reg[27]/D,1,1,IDENTICAL
CDC-15,Warning,Clock enable controlled CDC structure detected,0,nvp_vclk1,userclk1,Max Delay Datapath Only,CAPTURE_SUBSYSTEM/MAILBOX/status_bus_pcie_reg[28]/D,1,1,IDENTICAL
CDC-15,Warning,Clock enable controlled CDC structure detected,0,nvp_vclk1,userclk1,Max Delay Datapath Only,CAPTURE_SUBSYSTEM/MAILBOX/status_bus_pcie_reg[292]/D,1,1,IDENTICAL
CDC-15,Warning,Clock enable controlled CDC structure detected,0,nvp_vclk1,userclk1,Max Delay Datapath Only,CAPTURE_SUBSYSTEM/MAILBOX/status_bus_pcie_reg[293]/D,1,1,IDENTICAL
CDC-15,Warning,Clock enable controlled CDC structure detected,0,nvp_vclk1,userclk1,Max Delay Datapath Only,CAPTURE_SUBSYSTEM/MAILBOX/status_bus_pcie_reg[294]/D,1,1,IDENTICAL
CDC-15,Warning,Clock enable controlled CDC structure detected,0,nvp_vclk1,userclk1,Max Delay Datapath Only,CAPTURE_SUBSYSTEM/MAILBOX/status_bus_pcie_reg[295]/D,1,1,IDENTICAL
CDC-15,Warning,Clock enable controlled CDC structure detected,0,nvp_vclk1,userclk1,Max Delay Datapath Only,CAPTURE_SUBSYSTEM/MAILBOX/status_bus_pcie_reg[296]/D,1,1,IDENTICAL
CDC-15,Warning,Clock enable controlled CDC structure detected,0,nvp_vclk1,userclk1,Max Delay Datapath Only,CAPTURE_SUBSYSTEM/MAILBOX/status_bus_pcie_reg[297]/D,1,1,IDENTICAL
CDC-15,Warning,Clock enable controlled CDC structure detected,0,nvp_vclk1,userclk1,Max Delay Datapath Only,CAPTURE_SUBSYSTEM/MAILBOX/status_bus_pcie_reg[298]/D,1,1,IDENTICAL
CDC-15,Warning,Clock enable controlled CDC structure detected,0,nvp_vclk1,userclk1,Max Delay Datapath Only,CAPTURE_SUBSYSTEM/MAILBOX/status_bus_pcie_reg[299]/D,1,1,IDENTICAL
CDC-15,Warning,Clock enable controlled CDC structure detected,0,nvp_vclk1,userclk1,Max Delay Datapath Only,CAPTURE_SUBSYSTEM/MAILBOX/status_bus_pcie_reg[29]/D,1,1,IDENTICAL
CDC-15,Warning,Clock enable controlled CDC structure detected,0,nvp_vclk1,userclk1,Max Delay Datapath Only,CAPTURE_SUBSYSTEM/MAILBOX/status_bus_pcie_reg[2]/D,1,1,IDENTICAL
CDC-15,Warning,Clock enable controlled CDC structure detected,0,nvp_vclk1,userclk1,Max Delay Datapath Only,CAPTURE_SUBSYSTEM/MAILBOX/status_bus_pcie_reg[300]/D,1,1,IDENTICAL
CDC-15,Warning,Clock enable controlled CDC structure detected,0,nvp_vclk1,userclk1,Max Delay Datapath Only,CAPTURE_SUBSYSTEM/MAILBOX/status_bus_pcie_reg[301]/D,1,1,IDENTICAL
CDC-15,Warning,Clock enable controlled CDC structure detected,0,nvp_vclk1,userclk1,Max Delay Datapath Only,CAPTURE_SUBSYSTEM/MAILBOX/status_bus_pcie_reg[302]/D,1,1,IDENTICAL
CDC-15,Warning,Clock enable controlled CDC structure detected,0,nvp_vclk1,userclk1,Max Delay Datapath Only,CAPTURE_SUBSYSTEM/MAILBOX/status_bus_pcie_reg[303]/D,1,1,IDENTICAL
CDC-15,Warning,Clock enable controlled CDC structure detected,0,nvp_vclk1,userclk1,Max Delay Datapath Only,CAPTURE_SUBSYSTEM/MAILBOX/status_bus_pcie_reg[304]/D,1,1,IDENTICAL
CDC-15,Warning,Clock enable controlled CDC structure detected,0,nvp_vclk1,userclk1,Max Delay Datapath Only,CAPTURE_SUBSYSTEM/MAILBOX/status_bus_pcie_reg[305]/D,1,1,IDENTICAL
CDC-15,Warning,Clock enable controlled CDC structure detected,0,nvp_vclk1,userclk1,Max Delay Datapath Only,CAPTURE_SUBSYSTEM/MAILBOX/status_bus_pcie_reg[306]/D,1,1,IDENTICAL
CDC-15,Warning,Clock enable controlled CDC structure detected,0,nvp_vclk1,userclk1,Max Delay Datapath Only,CAPTURE_SUBSYSTEM/MAILBOX/status_bus_pcie_reg[307]/D,1,1,IDENTICAL
CDC-15,Warning,Clock enable controlled CDC structure detected,0,nvp_vclk1,userclk1,Max Delay Datapath Only,CAPTURE_SUBSYSTEM/MAILBOX/status_bus_pcie_reg[308]/D,1,1,IDENTICAL
CDC-15,Warning,Clock enable controlled CDC structure detected,0,nvp_vclk1,userclk1,Max Delay Datapath Only,CAPTURE_SUBSYSTEM/MAILBOX/status_bus_pcie_reg[309]/D,1,1,IDENTICAL
CDC-15,Warning,Clock enable controlled CDC structure detected,0,nvp_vclk1,userclk1,Max Delay Datapath Only,CAPTURE_SUBSYSTEM/MAILBOX/status_bus_pcie_reg[30]/D,1,1,IDENTICAL
CDC-15,Warning,Clock enable controlled CDC structure detected,0,nvp_vclk1,userclk1,Max Delay Datapath Only,CAPTURE_SUBSYSTEM/MAILBOX/status_bus_pcie_reg[310]/D,1,1,IDENTICAL
CDC-15,Warning,Clock enable controlled CDC structure detected,0,nvp_vclk1,userclk1,Max Delay Datapath Only,CAPTURE_SUBSYSTEM/MAILBOX/status_bus_pcie_reg[311]/D,1,1,IDENTICAL
CDC-15,Warning,Clock enable controlled CDC structure detected,0,nvp_vclk1,userclk1,Max Delay Datapath Only,CAPTURE_SUBSYSTEM/MAILBOX/status_bus_pcie_reg[312]/D,1,1,IDENTICAL
CDC-15,Warning,Clock enable controlled CDC structure detected,0,nvp_vclk1,userclk1,Max Delay Datapath Only,CAPTURE_SUBSYSTEM/MAILBOX/status_bus_pcie_reg[313]/D,1,1,IDENTICAL
CDC-15,Warning,Clock enable controlled CDC structure detected,0,nvp_vclk1,userclk1,Max Delay Datapath Only,CAPTURE_SUBSYSTEM/MAILBOX/status_bus_pcie_reg[314]/D,1,1,IDENTICAL
CDC-15,Warning,Clock enable controlled CDC structure detected,0,nvp_vclk1,userclk1,Max Delay Datapath Only,CAPTURE_SUBSYSTEM/MAILBOX/status_bus_pcie_reg[315]/D,1,1,IDENTICAL
CDC-15,Warning,Clock enable controlled CDC structure detected,0,nvp_vclk1,userclk1,Max Delay Datapath Only,CAPTURE_SUBSYSTEM/MAILBOX/status_bus_pcie_reg[316]/D,1,1,IDENTICAL
CDC-15,Warning,Clock enable controlled CDC structure detected,0,nvp_vclk1,userclk1,Max Delay Datapath Only,CAPTURE_SUBSYSTEM/MAILBOX/status_bus_pcie_reg[317]/D,1,1,IDENTICAL
CDC-15,Warning,Clock enable controlled CDC structure detected,0,nvp_vclk1,userclk1,Max Delay Datapath Only,CAPTURE_SUBSYSTEM/MAILBOX/status_bus_pcie_reg[318]/D,1,1,IDENTICAL
CDC-15,Warning,Clock enable controlled CDC structure detected,0,nvp_vclk1,userclk1,Max Delay Datapath Only,CAPTURE_SUBSYSTEM/MAILBOX/status_bus_pcie_reg[319]/D,1,1,IDENTICAL
CDC-15,Warning,Clock enable controlled CDC structure detected,0,nvp_vclk1,userclk1,Max Delay Datapath Only,CAPTURE_SUBSYSTEM/MAILBOX/status_bus_pcie_reg[31]/D,1,1,IDENTICAL
CDC-15,Warning,Clock enable controlled CDC structure detected,0,nvp_vclk1,userclk1,Max Delay Datapath Only,CAPTURE_SUBSYSTEM/MAILBOX/status_bus_pcie_reg[320]/D,1,1,IDENTICAL
CDC-15,Warning,Clock enable controlled CDC structure detected,0,nvp_vclk1,userclk1,Max Delay Datapath Only,CAPTURE_SUBSYSTEM/MAILBOX/status_bus_pcie_reg[321]/D,1,1,IDENTICAL
CDC-15,Warning,Clock enable controlled CDC structure detected,0,nvp_vclk1,userclk1,Max Delay Datapath Only,CAPTURE_SUBSYSTEM/MAILBOX/status_bus_pcie_reg[322]/D,1,1,IDENTICAL
CDC-15,Warning,Clock enable controlled CDC structure detected,0,nvp_vclk1,userclk1,Max Delay Datapath Only,CAPTURE_SUBSYSTEM/MAILBOX/status_bus_pcie_reg[323]/D,1,1,IDENTICAL
CDC-15,Warning,Clock enable controlled CDC structure detected,0,nvp_vclk1,userclk1,Max Delay Datapath Only,CAPTURE_SUBSYSTEM/MAILBOX/status_bus_pcie_reg[32]/D,1,1,IDENTICAL
CDC-15,Warning,Clock enable controlled CDC structure detected,0,nvp_vclk1,userclk1,Max Delay Datapath Only,CAPTURE_SUBSYSTEM/MAILBOX/status_bus_pcie_reg[33]/D,1,1,IDENTICAL
CDC-15,Warning,Clock enable controlled CDC structure detected,0,nvp_vclk1,userclk1,Max Delay Datapath Only,CAPTURE_SUBSYSTEM/MAILBOX/status_bus_pcie_reg[34]/D,1,1,IDENTICAL
CDC-15,Warning,Clock enable controlled CDC structure detected,0,nvp_vclk1,userclk1,Max Delay Datapath Only,CAPTURE_SUBSYSTEM/MAILBOX/status_bus_pcie_reg[35]/D,1,1,IDENTICAL
CDC-15,Warning,Clock enable controlled CDC structure detected,0,nvp_vclk1,userclk1,Max Delay Datapath Only,CAPTURE_SUBSYSTEM/MAILBOX/status_bus_pcie_reg[36]/D,1,1,IDENTICAL
CDC-15,Warning,Clock enable controlled CDC structure detected,0,nvp_vclk1,userclk1,Max Delay Datapath Only,CAPTURE_SUBSYSTEM/MAILBOX/status_bus_pcie_reg[37]/D,1,1,IDENTICAL
CDC-15,Warning,Clock enable controlled CDC structure detected,0,nvp_vclk1,userclk1,Max Delay Datapath Only,CAPTURE_SUBSYSTEM/MAILBOX/status_bus_pcie_reg[38]/D,1,1,IDENTICAL
CDC-15,Warning,Clock enable controlled CDC structure detected,0,nvp_vclk1,userclk1,Max Delay Datapath Only,CAPTURE_SUBSYSTEM/MAILBOX/status_bus_pcie_reg[39]/D,1,1,IDENTICAL
CDC-15,Warning,Clock enable controlled CDC structure detected,0,nvp_vclk1,userclk1,Max Delay Datapath Only,CAPTURE_SUBSYSTEM/MAILBOX/status_bus_pcie_reg[3]/D,1,1,IDENTICAL
CDC-15,Warning,Clock enable controlled CDC structure detected,0,nvp_vclk1,userclk1,Max Delay Datapath Only,CAPTURE_SUBSYSTEM/MAILBOX/status_bus_pcie_reg[40]/D,1,1,IDENTICAL
CDC-15,Warning,Clock enable controlled CDC structure detected,0,nvp_vclk1,userclk1,Max Delay Datapath Only,CAPTURE_SUBSYSTEM/MAILBOX/status_bus_pcie_reg[41]/D,1,1,IDENTICAL
CDC-15,Warning,Clock enable controlled CDC structure detected,0,nvp_vclk1,userclk1,Max Delay Datapath Only,CAPTURE_SUBSYSTEM/MAILBOX/status_bus_pcie_reg[42]/D,1,1,IDENTICAL
CDC-15,Warning,Clock enable controlled CDC structure detected,0,nvp_vclk1,userclk1,Max Delay Datapath Only,CAPTURE_SUBSYSTEM/MAILBOX/status_bus_pcie_reg[43]/D,1,1,IDENTICAL
CDC-15,Warning,Clock enable controlled CDC structure detected,0,nvp_vclk1,userclk1,Max Delay Datapath Only,CAPTURE_SUBSYSTEM/MAILBOX/status_bus_pcie_reg[44]/D,1,1,IDENTICAL
CDC-15,Warning,Clock enable controlled CDC structure detected,0,nvp_vclk1,userclk1,Max Delay Datapath Only,CAPTURE_SUBSYSTEM/MAILBOX/status_bus_pcie_reg[45]/D,1,1,IDENTICAL
CDC-15,Warning,Clock enable controlled CDC structure detected,0,nvp_vclk1,userclk1,Max Delay Datapath Only,CAPTURE_SUBSYSTEM/MAILBOX/status_bus_pcie_reg[46]/D,1,1,IDENTICAL
CDC-15,Warning,Clock enable controlled CDC structure detected,0,nvp_vclk1,userclk1,Max Delay Datapath Only,CAPTURE_SUBSYSTEM/MAILBOX/status_bus_pcie_reg[47]/D,1,1,IDENTICAL
CDC-15,Warning,Clock enable controlled CDC structure detected,0,nvp_vclk1,userclk1,Max Delay Datapath Only,CAPTURE_SUBSYSTEM/MAILBOX/status_bus_pcie_reg[48]/D,1,1,IDENTICAL
CDC-15,Warning,Clock enable controlled CDC structure detected,0,nvp_vclk1,userclk1,Max Delay Datapath Only,CAPTURE_SUBSYSTEM/MAILBOX/status_bus_pcie_reg[49]/D,1,1,IDENTICAL
CDC-15,Warning,Clock enable controlled CDC structure detected,0,nvp_vclk1,userclk1,Max Delay Datapath Only,CAPTURE_SUBSYSTEM/MAILBOX/status_bus_pcie_reg[4]/D,1,1,IDENTICAL
CDC-15,Warning,Clock enable controlled CDC structure detected,0,nvp_vclk1,userclk1,Max Delay Datapath Only,CAPTURE_SUBSYSTEM/MAILBOX/status_bus_pcie_reg[50]/D,1,1,IDENTICAL
CDC-15,Warning,Clock enable controlled CDC structure detected,0,nvp_vclk1,userclk1,Max Delay Datapath Only,CAPTURE_SUBSYSTEM/MAILBOX/status_bus_pcie_reg[51]/D,1,1,IDENTICAL
CDC-15,Warning,Clock enable controlled CDC structure detected,0,nvp_vclk1,userclk1,Max Delay Datapath Only,CAPTURE_SUBSYSTEM/MAILBOX/status_bus_pcie_reg[52]/D,1,1,IDENTICAL
CDC-15,Warning,Clock enable controlled CDC structure detected,0,nvp_vclk1,userclk1,Max Delay Datapath Only,CAPTURE_SUBSYSTEM/MAILBOX/status_bus_pcie_reg[53]/D,1,1,IDENTICAL
CDC-15,Warning,Clock enable controlled CDC structure detected,0,nvp_vclk1,userclk1,Max Delay Datapath Only,CAPTURE_SUBSYSTEM/MAILBOX/status_bus_pcie_reg[54]/D,1,1,IDENTICAL
CDC-15,Warning,Clock enable controlled CDC structure detected,0,nvp_vclk1,userclk1,Max Delay Datapath Only,CAPTURE_SUBSYSTEM/MAILBOX/status_bus_pcie_reg[55]/D,1,1,IDENTICAL
CDC-15,Warning,Clock enable controlled CDC structure detected,0,nvp_vclk1,userclk1,Max Delay Datapath Only,CAPTURE_SUBSYSTEM/MAILBOX/status_bus_pcie_reg[56]/D,1,1,IDENTICAL
CDC-15,Warning,Clock enable controlled CDC structure detected,0,nvp_vclk1,userclk1,Max Delay Datapath Only,CAPTURE_SUBSYSTEM/MAILBOX/status_bus_pcie_reg[57]/D,1,1,IDENTICAL
CDC-15,Warning,Clock enable controlled CDC structure detected,0,nvp_vclk1,userclk1,Max Delay Datapath Only,CAPTURE_SUBSYSTEM/MAILBOX/status_bus_pcie_reg[58]/D,1,1,IDENTICAL
CDC-15,Warning,Clock enable controlled CDC structure detected,0,nvp_vclk1,userclk1,Max Delay Datapath Only,CAPTURE_SUBSYSTEM/MAILBOX/status_bus_pcie_reg[59]/D,1,1,IDENTICAL
CDC-15,Warning,Clock enable controlled CDC structure detected,0,nvp_vclk1,userclk1,Max Delay Datapath Only,CAPTURE_SUBSYSTEM/MAILBOX/status_bus_pcie_reg[5]/D,1,1,IDENTICAL
CDC-15,Warning,Clock enable controlled CDC structure detected,0,nvp_vclk1,userclk1,Max Delay Datapath Only,CAPTURE_SUBSYSTEM/MAILBOX/status_bus_pcie_reg[60]/D,1,1,IDENTICAL
CDC-15,Warning,Clock enable controlled CDC structure detected,0,nvp_vclk1,userclk1,Max Delay Datapath Only,CAPTURE_SUBSYSTEM/MAILBOX/status_bus_pcie_reg[61]/D,1,1,IDENTICAL
CDC-15,Warning,Clock enable controlled CDC structure detected,0,nvp_vclk1,userclk1,Max Delay Datapath Only,CAPTURE_SUBSYSTEM/MAILBOX/status_bus_pcie_reg[62]/D,1,1,IDENTICAL
CDC-15,Warning,Clock enable controlled CDC structure detected,0,nvp_vclk1,userclk1,Max Delay Datapath Only,CAPTURE_SUBSYSTEM/MAILBOX/status_bus_pcie_reg[63]/D,1,1,IDENTICAL
CDC-15,Warning,Clock enable controlled CDC structure detected,0,nvp_vclk1,userclk1,Max Delay Datapath Only,CAPTURE_SUBSYSTEM/MAILBOX/status_bus_pcie_reg[64]/D,1,1,IDENTICAL
CDC-15,Warning,Clock enable controlled CDC structure detected,0,nvp_vclk1,userclk1,Max Delay Datapath Only,CAPTURE_SUBSYSTEM/MAILBOX/status_bus_pcie_reg[65]/D,1,1,IDENTICAL
CDC-15,Warning,Clock enable controlled CDC structure detected,0,nvp_vclk1,userclk1,Max Delay Datapath Only,CAPTURE_SUBSYSTEM/MAILBOX/status_bus_pcie_reg[66]/D,1,1,IDENTICAL
CDC-15,Warning,Clock enable controlled CDC structure detected,0,nvp_vclk1,userclk1,Max Delay Datapath Only,CAPTURE_SUBSYSTEM/MAILBOX/status_bus_pcie_reg[67]/D,1,1,IDENTICAL
CDC-15,Warning,Clock enable controlled CDC structure detected,0,nvp_vclk1,userclk1,Max Delay Datapath Only,CAPTURE_SUBSYSTEM/MAILBOX/status_bus_pcie_reg[68]/D,1,1,IDENTICAL
CDC-15,Warning,Clock enable controlled CDC structure detected,0,nvp_vclk1,userclk1,Max Delay Datapath Only,CAPTURE_SUBSYSTEM/MAILBOX/status_bus_pcie_reg[69]/D,1,1,IDENTICAL
CDC-15,Warning,Clock enable controlled CDC structure detected,0,nvp_vclk1,userclk1,Max Delay Datapath Only,CAPTURE_SUBSYSTEM/MAILBOX/status_bus_pcie_reg[6]/D,1,1,IDENTICAL
CDC-15,Warning,Clock enable controlled CDC structure detected,0,nvp_vclk1,userclk1,Max Delay Datapath Only,CAPTURE_SUBSYSTEM/MAILBOX/status_bus_pcie_reg[70]/D,1,1,IDENTICAL
CDC-15,Warning,Clock enable controlled CDC structure detected,0,nvp_vclk1,userclk1,Max Delay Datapath Only,CAPTURE_SUBSYSTEM/MAILBOX/status_bus_pcie_reg[71]/D,1,1,IDENTICAL
CDC-15,Warning,Clock enable controlled CDC structure detected,0,nvp_vclk1,userclk1,Max Delay Datapath Only,CAPTURE_SUBSYSTEM/MAILBOX/status_bus_pcie_reg[72]/D,1,1,IDENTICAL
CDC-15,Warning,Clock enable controlled CDC structure detected,0,nvp_vclk1,userclk1,Max Delay Datapath Only,CAPTURE_SUBSYSTEM/MAILBOX/status_bus_pcie_reg[73]/D,1,1,IDENTICAL
CDC-15,Warning,Clock enable controlled CDC structure detected,0,nvp_vclk1,userclk1,Max Delay Datapath Only,CAPTURE_SUBSYSTEM/MAILBOX/status_bus_pcie_reg[74]/D,1,1,IDENTICAL
CDC-15,Warning,Clock enable controlled CDC structure detected,0,nvp_vclk1,userclk1,Max Delay Datapath Only,CAPTURE_SUBSYSTEM/MAILBOX/status_bus_pcie_reg[75]/D,1,1,IDENTICAL
CDC-15,Warning,Clock enable controlled CDC structure detected,0,nvp_vclk1,userclk1,Max Delay Datapath Only,CAPTURE_SUBSYSTEM/MAILBOX/status_bus_pcie_reg[76]/D,1,1,IDENTICAL
CDC-15,Warning,Clock enable controlled CDC structure detected,0,nvp_vclk1,userclk1,Max Delay Datapath Only,CAPTURE_SUBSYSTEM/MAILBOX/status_bus_pcie_reg[77]/D,1,1,IDENTICAL
CDC-15,Warning,Clock enable controlled CDC structure detected,0,nvp_vclk1,userclk1,Max Delay Datapath Only,CAPTURE_SUBSYSTEM/MAILBOX/status_bus_pcie_reg[78]/D,1,1,IDENTICAL
CDC-15,Warning,Clock enable controlled CDC structure detected,0,nvp_vclk1,userclk1,Max Delay Datapath Only,CAPTURE_SUBSYSTEM/MAILBOX/status_bus_pcie_reg[79]/D,1,1,IDENTICAL
CDC-15,Warning,Clock enable controlled CDC structure detected,0,nvp_vclk1,userclk1,Max Delay Datapath Only,CAPTURE_SUBSYSTEM/MAILBOX/status_bus_pcie_reg[7]/D,1,1,IDENTICAL
CDC-15,Warning,Clock enable controlled CDC structure detected,0,nvp_vclk1,userclk1,Max Delay Datapath Only,CAPTURE_SUBSYSTEM/MAILBOX/status_bus_pcie_reg[80]/D,1,1,IDENTICAL
CDC-15,Warning,Clock enable controlled CDC structure detected,0,nvp_vclk1,userclk1,Max Delay Datapath Only,CAPTURE_SUBSYSTEM/MAILBOX/status_bus_pcie_reg[81]/D,1,1,IDENTICAL
CDC-15,Warning,Clock enable controlled CDC structure detected,0,nvp_vclk1,userclk1,Max Delay Datapath Only,CAPTURE_SUBSYSTEM/MAILBOX/status_bus_pcie_reg[82]/D,1,1,IDENTICAL
CDC-15,Warning,Clock enable controlled CDC structure detected,0,nvp_vclk1,userclk1,Max Delay Datapath Only,CAPTURE_SUBSYSTEM/MAILBOX/status_bus_pcie_reg[83]/D,1,1,IDENTICAL
CDC-15,Warning,Clock enable controlled CDC structure detected,0,nvp_vclk1,userclk1,Max Delay Datapath Only,CAPTURE_SUBSYSTEM/MAILBOX/status_bus_pcie_reg[84]/D,1,1,IDENTICAL
CDC-15,Warning,Clock enable controlled CDC structure detected,0,nvp_vclk1,userclk1,Max Delay Datapath Only,CAPTURE_SUBSYSTEM/MAILBOX/status_bus_pcie_reg[85]/D,1,1,IDENTICAL
CDC-15,Warning,Clock enable controlled CDC structure detected,0,nvp_vclk1,userclk1,Max Delay Datapath Only,CAPTURE_SUBSYSTEM/MAILBOX/status_bus_pcie_reg[86]/D,1,1,IDENTICAL
CDC-15,Warning,Clock enable controlled CDC structure detected,0,nvp_vclk1,userclk1,Max Delay Datapath Only,CAPTURE_SUBSYSTEM/MAILBOX/status_bus_pcie_reg[87]/D,1,1,IDENTICAL
CDC-15,Warning,Clock enable controlled CDC structure detected,0,nvp_vclk1,userclk1,Max Delay Datapath Only,CAPTURE_SUBSYSTEM/MAILBOX/status_bus_pcie_reg[88]/D,1,1,IDENTICAL
CDC-15,Warning,Clock enable controlled CDC structure detected,0,nvp_vclk1,userclk1,Max Delay Datapath Only,CAPTURE_SUBSYSTEM/MAILBOX/status_bus_pcie_reg[89]/D,1,1,IDENTICAL
CDC-15,Warning,Clock enable controlled CDC structure detected,0,nvp_vclk1,userclk1,Max Delay Datapath Only,CAPTURE_SUBSYSTEM/MAILBOX/status_bus_pcie_reg[8]/D,1,1,IDENTICAL
CDC-15,Warning,Clock enable controlled CDC structure detected,0,nvp_vclk1,userclk1,Max Delay Datapath Only,CAPTURE_SUBSYSTEM/MAILBOX/status_bus_pcie_reg[90]/D,1,1,IDENTICAL
CDC-15,Warning,Clock enable controlled CDC structure detected,0,nvp_vclk1,userclk1,Max Delay Datapath Only,CAPTURE_SUBSYSTEM/MAILBOX/status_bus_pcie_reg[91]/D,1,1,IDENTICAL
CDC-15,Warning,Clock enable controlled CDC structure detected,0,nvp_vclk1,userclk1,Max Delay Datapath Only,CAPTURE_SUBSYSTEM/MAILBOX/status_bus_pcie_reg[92]/D,1,1,IDENTICAL
CDC-15,Warning,Clock enable controlled CDC structure detected,0,nvp_vclk1,userclk1,Max Delay Datapath Only,CAPTURE_SUBSYSTEM/MAILBOX/status_bus_pcie_reg[93]/D,1,1,IDENTICAL
CDC-15,Warning,Clock enable controlled CDC structure detected,0,nvp_vclk1,userclk1,Max Delay Datapath Only,CAPTURE_SUBSYSTEM/MAILBOX/status_bus_pcie_reg[94]/D,1,1,IDENTICAL
CDC-15,Warning,Clock enable controlled CDC structure detected,0,nvp_vclk1,userclk1,Max Delay Datapath Only,CAPTURE_SUBSYSTEM/MAILBOX/status_bus_pcie_reg[95]/D,1,1,IDENTICAL
CDC-15,Warning,Clock enable controlled CDC structure detected,0,nvp_vclk1,userclk1,Max Delay Datapath Only,CAPTURE_SUBSYSTEM/MAILBOX/status_bus_pcie_reg[96]/D,1,1,IDENTICAL
CDC-15,Warning,Clock enable controlled CDC structure detected,0,nvp_vclk1,userclk1,Max Delay Datapath Only,CAPTURE_SUBSYSTEM/MAILBOX/status_bus_pcie_reg[97]/D,1,1,IDENTICAL
CDC-15,Warning,Clock enable controlled CDC structure detected,0,nvp_vclk1,userclk1,Max Delay Datapath Only,CAPTURE_SUBSYSTEM/MAILBOX/status_bus_pcie_reg[98]/D,1,1,IDENTICAL
CDC-15,Warning,Clock enable controlled CDC structure detected,0,nvp_vclk1,userclk1,Max Delay Datapath Only,CAPTURE_SUBSYSTEM/MAILBOX/status_bus_pcie_reg[99]/D,1,1,IDENTICAL
CDC-15,Warning,Clock enable controlled CDC structure detected,0,nvp_vclk1,userclk1,Max Delay Datapath Only,CAPTURE_SUBSYSTEM/MAILBOX/status_bus_pcie_reg[9]/D,1,1,IDENTICAL
CDC-15,Warning,Clock enable controlled CDC structure detected,0,nvp_vclk1,userclk1,Max Delay Datapath Only,G2B_ONECH_C2H/axis_attempt_reg[0]/D,1,1,IDENTICAL
CDC-15,Warning,Clock enable controlled CDC structure detected,0,nvp_vclk1,userclk1,Max Delay Datapath Only,G2B_ONECH_C2H/axis_attempt_reg[10]/D,1,1,IDENTICAL
CDC-15,Warning,Clock enable controlled CDC structure detected,0,nvp_vclk1,userclk1,Max Delay Datapath Only,G2B_ONECH_C2H/axis_attempt_reg[11]/D,1,1,IDENTICAL
CDC-15,Warning,Clock enable controlled CDC structure detected,0,nvp_vclk1,userclk1,Max Delay Datapath Only,G2B_ONECH_C2H/axis_attempt_reg[12]/D,1,1,IDENTICAL
CDC-15,Warning,Clock enable controlled CDC structure detected,0,nvp_vclk1,userclk1,Max Delay Datapath Only,G2B_ONECH_C2H/axis_attempt_reg[13]/D,1,1,IDENTICAL
CDC-15,Warning,Clock enable controlled CDC structure detected,0,nvp_vclk1,userclk1,Max Delay Datapath Only,G2B_ONECH_C2H/axis_attempt_reg[14]/D,1,1,IDENTICAL
CDC-15,Warning,Clock enable controlled CDC structure detected,0,nvp_vclk1,userclk1,Max Delay Datapath Only,G2B_ONECH_C2H/axis_attempt_reg[15]/D,1,1,IDENTICAL
CDC-15,Warning,Clock enable controlled CDC structure detected,0,nvp_vclk1,userclk1,Max Delay Datapath Only,G2B_ONECH_C2H/axis_attempt_reg[16]/D,1,1,IDENTICAL
CDC-15,Warning,Clock enable controlled CDC structure detected,0,nvp_vclk1,userclk1,Max Delay Datapath Only,G2B_ONECH_C2H/axis_attempt_reg[17]/D,1,1,IDENTICAL
CDC-15,Warning,Clock enable controlled CDC structure detected,0,nvp_vclk1,userclk1,Max Delay Datapath Only,G2B_ONECH_C2H/axis_attempt_reg[18]/D,1,1,IDENTICAL
CDC-15,Warning,Clock enable controlled CDC structure detected,0,nvp_vclk1,userclk1,Max Delay Datapath Only,G2B_ONECH_C2H/axis_attempt_reg[19]/D,1,1,IDENTICAL
CDC-15,Warning,Clock enable controlled CDC structure detected,0,nvp_vclk1,userclk1,Max Delay Datapath Only,G2B_ONECH_C2H/axis_attempt_reg[1]/D,1,1,IDENTICAL
CDC-15,Warning,Clock enable controlled CDC structure detected,0,nvp_vclk1,userclk1,Max Delay Datapath Only,G2B_ONECH_C2H/axis_attempt_reg[20]/D,1,1,IDENTICAL
CDC-15,Warning,Clock enable controlled CDC structure detected,0,nvp_vclk1,userclk1,Max Delay Datapath Only,G2B_ONECH_C2H/axis_attempt_reg[21]/D,1,1,IDENTICAL
CDC-15,Warning,Clock enable controlled CDC structure detected,0,nvp_vclk1,userclk1,Max Delay Datapath Only,G2B_ONECH_C2H/axis_attempt_reg[22]/D,1,1,IDENTICAL
CDC-15,Warning,Clock enable controlled CDC structure detected,0,nvp_vclk1,userclk1,Max Delay Datapath Only,G2B_ONECH_C2H/axis_attempt_reg[23]/D,1,1,IDENTICAL
CDC-15,Warning,Clock enable controlled CDC structure detected,0,nvp_vclk1,userclk1,Max Delay Datapath Only,G2B_ONECH_C2H/axis_attempt_reg[24]/D,1,1,IDENTICAL
CDC-15,Warning,Clock enable controlled CDC structure detected,0,nvp_vclk1,userclk1,Max Delay Datapath Only,G2B_ONECH_C2H/axis_attempt_reg[25]/D,1,1,IDENTICAL
CDC-15,Warning,Clock enable controlled CDC structure detected,0,nvp_vclk1,userclk1,Max Delay Datapath Only,G2B_ONECH_C2H/axis_attempt_reg[26]/D,1,1,IDENTICAL
CDC-15,Warning,Clock enable controlled CDC structure detected,0,nvp_vclk1,userclk1,Max Delay Datapath Only,G2B_ONECH_C2H/axis_attempt_reg[27]/D,1,1,IDENTICAL
CDC-15,Warning,Clock enable controlled CDC structure detected,0,nvp_vclk1,userclk1,Max Delay Datapath Only,G2B_ONECH_C2H/axis_attempt_reg[28]/D,1,1,IDENTICAL
CDC-15,Warning,Clock enable controlled CDC structure detected,0,nvp_vclk1,userclk1,Max Delay Datapath Only,G2B_ONECH_C2H/axis_attempt_reg[29]/D,1,1,IDENTICAL
CDC-15,Warning,Clock enable controlled CDC structure detected,0,nvp_vclk1,userclk1,Max Delay Datapath Only,G2B_ONECH_C2H/axis_attempt_reg[2]/D,1,1,IDENTICAL
CDC-15,Warning,Clock enable controlled CDC structure detected,0,nvp_vclk1,userclk1,Max Delay Datapath Only,G2B_ONECH_C2H/axis_attempt_reg[30]/D,1,1,IDENTICAL
CDC-15,Warning,Clock enable controlled CDC structure detected,0,nvp_vclk1,userclk1,Max Delay Datapath Only,G2B_ONECH_C2H/axis_attempt_reg[31]/D,1,1,IDENTICAL
CDC-15,Warning,Clock enable controlled CDC structure detected,0,nvp_vclk1,userclk1,Max Delay Datapath Only,G2B_ONECH_C2H/axis_attempt_reg[3]/D,1,1,IDENTICAL
CDC-15,Warning,Clock enable controlled CDC structure detected,0,nvp_vclk1,userclk1,Max Delay Datapath Only,G2B_ONECH_C2H/axis_attempt_reg[4]/D,1,1,IDENTICAL
CDC-15,Warning,Clock enable controlled CDC structure detected,0,nvp_vclk1,userclk1,Max Delay Datapath Only,G2B_ONECH_C2H/axis_attempt_reg[5]/D,1,1,IDENTICAL
CDC-15,Warning,Clock enable controlled CDC structure detected,0,nvp_vclk1,userclk1,Max Delay Datapath Only,G2B_ONECH_C2H/axis_attempt_reg[6]/D,1,1,IDENTICAL
CDC-15,Warning,Clock enable controlled CDC structure detected,0,nvp_vclk1,userclk1,Max Delay Datapath Only,G2B_ONECH_C2H/axis_attempt_reg[7]/D,1,1,IDENTICAL
CDC-15,Warning,Clock enable controlled CDC structure detected,0,nvp_vclk1,userclk1,Max Delay Datapath Only,G2B_ONECH_C2H/axis_attempt_reg[8]/D,1,1,IDENTICAL
CDC-15,Warning,Clock enable controlled CDC structure detected,0,nvp_vclk1,userclk1,Max Delay Datapath Only,G2B_ONECH_C2H/axis_attempt_reg[9]/D,1,1,IDENTICAL
CDC-15,Warning,Clock enable controlled CDC structure detected,0,nvp_vclk1,userclk1,Max Delay Datapath Only,G2B_ONECH_C2H/axis_beat_index_reg[0]/R,1,1,IDENTICAL
CDC-15,Warning,Clock enable controlled CDC structure detected,0,nvp_vclk1,userclk1,Max Delay Datapath Only,G2B_ONECH_C2H/axis_beat_index_reg[1]/R,1,1,IDENTICAL
CDC-15,Warning,Clock enable controlled CDC structure detected,0,nvp_vclk1,userclk1,Max Delay Datapath Only,G2B_ONECH_C2H/axis_beat_index_reg[2]/R,1,1,IDENTICAL
CDC-15,Warning,Clock enable controlled CDC structure detected,0,nvp_vclk1,userclk1,Max Delay Datapath Only,G2B_ONECH_C2H/axis_beat_index_reg[3]/R,1,1,IDENTICAL
CDC-15,Warning,Clock enable controlled CDC structure detected,0,nvp_vclk1,userclk1,Max Delay Datapath Only,G2B_ONECH_C2H/axis_beat_index_reg[4]/R,1,1,IDENTICAL
CDC-15,Warning,Clock enable controlled CDC structure detected,0,nvp_vclk1,userclk1,Max Delay Datapath Only,G2B_ONECH_C2H/axis_beat_index_reg[5]/R,1,1,IDENTICAL
CDC-15,Warning,Clock enable controlled CDC structure detected,0,nvp_vclk1,userclk1,Max Delay Datapath Only,G2B_ONECH_C2H/axis_beat_index_reg[6]/R,1,1,IDENTICAL
CDC-15,Warning,Clock enable controlled CDC structure detected,0,nvp_vclk1,userclk1,Max Delay Datapath Only,G2B_ONECH_C2H/axis_beat_index_reg[7]/R,1,1,IDENTICAL
CDC-15,Warning,Clock enable controlled CDC structure detected,0,nvp_vclk1,userclk1,Max Delay Datapath Only,G2B_ONECH_C2H/axis_beat_index_reg[8]/R,1,1,IDENTICAL
CDC-15,Warning,Clock enable controlled CDC structure detected,0,nvp_vclk1,userclk1,Max Delay Datapath Only,G2B_ONECH_C2H/axis_epoch_reg[0]/D,1,1,IDENTICAL
CDC-15,Warning,Clock enable controlled CDC structure detected,0,nvp_vclk1,userclk1,Max Delay Datapath Only,G2B_ONECH_C2H/axis_epoch_reg[10]/D,1,1,IDENTICAL
CDC-15,Warning,Clock enable controlled CDC structure detected,0,nvp_vclk1,userclk1,Max Delay Datapath Only,G2B_ONECH_C2H/axis_epoch_reg[11]/D,1,1,IDENTICAL
CDC-15,Warning,Clock enable controlled CDC structure detected,0,nvp_vclk1,userclk1,Max Delay Datapath Only,G2B_ONECH_C2H/axis_epoch_reg[12]/D,1,1,IDENTICAL
CDC-15,Warning,Clock enable controlled CDC structure detected,0,nvp_vclk1,userclk1,Max Delay Datapath Only,G2B_ONECH_C2H/axis_epoch_reg[13]/D,1,1,IDENTICAL
CDC-15,Warning,Clock enable controlled CDC structure detected,0,nvp_vclk1,userclk1,Max Delay Datapath Only,G2B_ONECH_C2H/axis_epoch_reg[14]/D,1,1,IDENTICAL
CDC-15,Warning,Clock enable controlled CDC structure detected,0,nvp_vclk1,userclk1,Max Delay Datapath Only,G2B_ONECH_C2H/axis_epoch_reg[15]/D,1,1,IDENTICAL
CDC-15,Warning,Clock enable controlled CDC structure detected,0,nvp_vclk1,userclk1,Max Delay Datapath Only,G2B_ONECH_C2H/axis_epoch_reg[16]/D,1,1,IDENTICAL
CDC-15,Warning,Clock enable controlled CDC structure detected,0,nvp_vclk1,userclk1,Max Delay Datapath Only,G2B_ONECH_C2H/axis_epoch_reg[17]/D,1,1,IDENTICAL
CDC-15,Warning,Clock enable controlled CDC structure detected,0,nvp_vclk1,userclk1,Max Delay Datapath Only,G2B_ONECH_C2H/axis_epoch_reg[18]/D,1,1,IDENTICAL
CDC-15,Warning,Clock enable controlled CDC structure detected,0,nvp_vclk1,userclk1,Max Delay Datapath Only,G2B_ONECH_C2H/axis_epoch_reg[19]/D,1,1,IDENTICAL
CDC-15,Warning,Clock enable controlled CDC structure detected,0,nvp_vclk1,userclk1,Max Delay Datapath Only,G2B_ONECH_C2H/axis_epoch_reg[1]/D,1,1,IDENTICAL
CDC-15,Warning,Clock enable controlled CDC structure detected,0,nvp_vclk1,userclk1,Max Delay Datapath Only,G2B_ONECH_C2H/axis_epoch_reg[20]/D,1,1,IDENTICAL
CDC-15,Warning,Clock enable controlled CDC structure detected,0,nvp_vclk1,userclk1,Max Delay Datapath Only,G2B_ONECH_C2H/axis_epoch_reg[21]/D,1,1,IDENTICAL
CDC-15,Warning,Clock enable controlled CDC structure detected,0,nvp_vclk1,userclk1,Max Delay Datapath Only,G2B_ONECH_C2H/axis_epoch_reg[22]/D,1,1,IDENTICAL
CDC-15,Warning,Clock enable controlled CDC structure detected,0,nvp_vclk1,userclk1,Max Delay Datapath Only,G2B_ONECH_C2H/axis_epoch_reg[23]/D,1,1,IDENTICAL
CDC-15,Warning,Clock enable controlled CDC structure detected,0,nvp_vclk1,userclk1,Max Delay Datapath Only,G2B_ONECH_C2H/axis_epoch_reg[24]/D,1,1,IDENTICAL
CDC-15,Warning,Clock enable controlled CDC structure detected,0,nvp_vclk1,userclk1,Max Delay Datapath Only,G2B_ONECH_C2H/axis_epoch_reg[25]/D,1,1,IDENTICAL
CDC-15,Warning,Clock enable controlled CDC structure detected,0,nvp_vclk1,userclk1,Max Delay Datapath Only,G2B_ONECH_C2H/axis_epoch_reg[26]/D,1,1,IDENTICAL
CDC-15,Warning,Clock enable controlled CDC structure detected,0,nvp_vclk1,userclk1,Max Delay Datapath Only,G2B_ONECH_C2H/axis_epoch_reg[27]/D,1,1,IDENTICAL
CDC-15,Warning,Clock enable controlled CDC structure detected,0,nvp_vclk1,userclk1,Max Delay Datapath Only,G2B_ONECH_C2H/axis_epoch_reg[28]/D,1,1,IDENTICAL
CDC-15,Warning,Clock enable controlled CDC structure detected,0,nvp_vclk1,userclk1,Max Delay Datapath Only,G2B_ONECH_C2H/axis_epoch_reg[29]/D,1,1,IDENTICAL
CDC-15,Warning,Clock enable controlled CDC structure detected,0,nvp_vclk1,userclk1,Max Delay Datapath Only,G2B_ONECH_C2H/axis_epoch_reg[2]/D,1,1,IDENTICAL
CDC-15,Warning,Clock enable controlled CDC structure detected,0,nvp_vclk1,userclk1,Max Delay Datapath Only,G2B_ONECH_C2H/axis_epoch_reg[30]/D,1,1,IDENTICAL
CDC-15,Warning,Clock enable controlled CDC structure detected,0,nvp_vclk1,userclk1,Max Delay Datapath Only,G2B_ONECH_C2H/axis_epoch_reg[31]/D,1,1,IDENTICAL
CDC-15,Warning,Clock enable controlled CDC structure detected,0,nvp_vclk1,userclk1,Max Delay Datapath Only,G2B_ONECH_C2H/axis_epoch_reg[3]/D,1,1,IDENTICAL
CDC-15,Warning,Clock enable controlled CDC structure detected,0,nvp_vclk1,userclk1,Max Delay Datapath Only,G2B_ONECH_C2H/axis_epoch_reg[4]/D,1,1,IDENTICAL
CDC-15,Warning,Clock enable controlled CDC structure detected,0,nvp_vclk1,userclk1,Max Delay Datapath Only,G2B_ONECH_C2H/axis_epoch_reg[5]/D,1,1,IDENTICAL
CDC-15,Warning,Clock enable controlled CDC structure detected,0,nvp_vclk1,userclk1,Max Delay Datapath Only,G2B_ONECH_C2H/axis_epoch_reg[6]/D,1,1,IDENTICAL
CDC-15,Warning,Clock enable controlled CDC structure detected,0,nvp_vclk1,userclk1,Max Delay Datapath Only,G2B_ONECH_C2H/axis_epoch_reg[7]/D,1,1,IDENTICAL
CDC-15,Warning,Clock enable controlled CDC structure detected,0,nvp_vclk1,userclk1,Max Delay Datapath Only,G2B_ONECH_C2H/axis_epoch_reg[8]/D,1,1,IDENTICAL
CDC-15,Warning,Clock enable controlled CDC structure detected,0,nvp_vclk1,userclk1,Max Delay Datapath Only,G2B_ONECH_C2H/axis_epoch_reg[9]/D,1,1,IDENTICAL
CDC-15,Warning,Clock enable controlled CDC structure detected,0,nvp_vclk1,userclk1,Max Delay Datapath Only,G2B_ONECH_C2H/axis_generation_reg[0]/D,1,1,IDENTICAL
CDC-15,Warning,Clock enable controlled CDC structure detected,0,nvp_vclk1,userclk1,Max Delay Datapath Only,G2B_ONECH_C2H/axis_generation_reg[10]/D,1,1,IDENTICAL
CDC-15,Warning,Clock enable controlled CDC structure detected,0,nvp_vclk1,userclk1,Max Delay Datapath Only,G2B_ONECH_C2H/axis_generation_reg[11]/D,1,1,IDENTICAL
CDC-15,Warning,Clock enable controlled CDC structure detected,0,nvp_vclk1,userclk1,Max Delay Datapath Only,G2B_ONECH_C2H/axis_generation_reg[12]/D,1,1,IDENTICAL
CDC-15,Warning,Clock enable controlled CDC structure detected,0,nvp_vclk1,userclk1,Max Delay Datapath Only,G2B_ONECH_C2H/axis_generation_reg[13]/D,1,1,IDENTICAL
CDC-15,Warning,Clock enable controlled CDC structure detected,0,nvp_vclk1,userclk1,Max Delay Datapath Only,G2B_ONECH_C2H/axis_generation_reg[14]/D,1,1,IDENTICAL
CDC-15,Warning,Clock enable controlled CDC structure detected,0,nvp_vclk1,userclk1,Max Delay Datapath Only,G2B_ONECH_C2H/axis_generation_reg[15]/D,1,1,IDENTICAL
CDC-15,Warning,Clock enable controlled CDC structure detected,0,nvp_vclk1,userclk1,Max Delay Datapath Only,G2B_ONECH_C2H/axis_generation_reg[16]/D,1,1,IDENTICAL
CDC-15,Warning,Clock enable controlled CDC structure detected,0,nvp_vclk1,userclk1,Max Delay Datapath Only,G2B_ONECH_C2H/axis_generation_reg[17]/D,1,1,IDENTICAL
CDC-15,Warning,Clock enable controlled CDC structure detected,0,nvp_vclk1,userclk1,Max Delay Datapath Only,G2B_ONECH_C2H/axis_generation_reg[18]/D,1,1,IDENTICAL
CDC-15,Warning,Clock enable controlled CDC structure detected,0,nvp_vclk1,userclk1,Max Delay Datapath Only,G2B_ONECH_C2H/axis_generation_reg[19]/D,1,1,IDENTICAL
CDC-15,Warning,Clock enable controlled CDC structure detected,0,nvp_vclk1,userclk1,Max Delay Datapath Only,G2B_ONECH_C2H/axis_generation_reg[1]/D,1,1,IDENTICAL
CDC-15,Warning,Clock enable controlled CDC structure detected,0,nvp_vclk1,userclk1,Max Delay Datapath Only,G2B_ONECH_C2H/axis_generation_reg[20]/D,1,1,IDENTICAL
CDC-15,Warning,Clock enable controlled CDC structure detected,0,nvp_vclk1,userclk1,Max Delay Datapath Only,G2B_ONECH_C2H/axis_generation_reg[21]/D,1,1,IDENTICAL
CDC-15,Warning,Clock enable controlled CDC structure detected,0,nvp_vclk1,userclk1,Max Delay Datapath Only,G2B_ONECH_C2H/axis_generation_reg[22]/D,1,1,IDENTICAL
CDC-15,Warning,Clock enable controlled CDC structure detected,0,nvp_vclk1,userclk1,Max Delay Datapath Only,G2B_ONECH_C2H/axis_generation_reg[23]/D,1,1,IDENTICAL
CDC-15,Warning,Clock enable controlled CDC structure detected,0,nvp_vclk1,userclk1,Max Delay Datapath Only,G2B_ONECH_C2H/axis_generation_reg[2]/D,1,1,IDENTICAL
CDC-15,Warning,Clock enable controlled CDC structure detected,0,nvp_vclk1,userclk1,Max Delay Datapath Only,G2B_ONECH_C2H/axis_generation_reg[3]/D,1,1,IDENTICAL
CDC-15,Warning,Clock enable controlled CDC structure detected,0,nvp_vclk1,userclk1,Max Delay Datapath Only,G2B_ONECH_C2H/axis_generation_reg[4]/D,1,1,IDENTICAL
CDC-15,Warning,Clock enable controlled CDC structure detected,0,nvp_vclk1,userclk1,Max Delay Datapath Only,G2B_ONECH_C2H/axis_generation_reg[5]/D,1,1,IDENTICAL
CDC-15,Warning,Clock enable controlled CDC structure detected,0,nvp_vclk1,userclk1,Max Delay Datapath Only,G2B_ONECH_C2H/axis_generation_reg[6]/D,1,1,IDENTICAL
CDC-15,Warning,Clock enable controlled CDC structure detected,0,nvp_vclk1,userclk1,Max Delay Datapath Only,G2B_ONECH_C2H/axis_generation_reg[7]/D,1,1,IDENTICAL
CDC-15,Warning,Clock enable controlled CDC structure detected,0,nvp_vclk1,userclk1,Max Delay Datapath Only,G2B_ONECH_C2H/axis_generation_reg[8]/D,1,1,IDENTICAL
CDC-15,Warning,Clock enable controlled CDC structure detected,0,nvp_vclk1,userclk1,Max Delay Datapath Only,G2B_ONECH_C2H/axis_generation_reg[9]/D,1,1,IDENTICAL
CDC-15,Warning,Clock enable controlled CDC structure detected,0,nvp_vclk1,userclk1,Max Delay Datapath Only,G2B_ONECH_C2H/commit_seen_axi_reg[0]/D,1,1,IDENTICAL
CDC-15,Warning,Clock enable controlled CDC structure detected,0,nvp_vclk1,userclk1,Max Delay Datapath Only,G2B_ONECH_C2H/commit_seen_axi_reg[1]/D,1,1,IDENTICAL
CDC-15,Warning,Clock enable controlled CDC structure detected,0,nvp_vclk1,userclk1,Max Delay Datapath Only,G2B_ONECH_C2H/commit_seen_axi_reg[2]/D,1,1,IDENTICAL
CDC-15,Warning,Clock enable controlled CDC structure detected,0,nvp_vclk1,userclk1,Max Delay Datapath Only,G2B_ONECH_C2H/commit_seen_axi_reg[3]/D,1,1,IDENTICAL
CDC-15,Warning,Clock enable controlled CDC structure detected,0,nvp_vclk1,userclk1,Max Delay Datapath Only,G2B_ONECH_C2H/last_channel_axi_reg[0]/D,1,1,IDENTICAL
CDC-15,Warning,Clock enable controlled CDC structure detected,0,nvp_vclk1,userclk1,Max Delay Datapath Only,G2B_ONECH_C2H/last_channel_axi_reg[10]/D,1,1,IDENTICAL
CDC-15,Warning,Clock enable controlled CDC structure detected,0,nvp_vclk1,userclk1,Max Delay Datapath Only,G2B_ONECH_C2H/last_channel_axi_reg[11]/D,1,1,IDENTICAL
CDC-15,Warning,Clock enable controlled CDC structure detected,0,nvp_vclk1,userclk1,Max Delay Datapath Only,G2B_ONECH_C2H/last_channel_axi_reg[12]/D,1,1,IDENTICAL
CDC-15,Warning,Clock enable controlled CDC structure detected,0,nvp_vclk1,userclk1,Max Delay Datapath Only,G2B_ONECH_C2H/last_channel_axi_reg[13]/D,1,1,IDENTICAL
CDC-15,Warning,Clock enable controlled CDC structure detected,0,nvp_vclk1,userclk1,Max Delay Datapath Only,G2B_ONECH_C2H/last_channel_axi_reg[14]/D,1,1,IDENTICAL
CDC-15,Warning,Clock enable controlled CDC structure detected,0,nvp_vclk1,userclk1,Max Delay Datapath Only,G2B_ONECH_C2H/last_channel_axi_reg[15]/D,1,1,IDENTICAL
CDC-15,Warning,Clock enable controlled CDC structure detected,0,nvp_vclk1,userclk1,Max Delay Datapath Only,G2B_ONECH_C2H/last_channel_axi_reg[16]/D,1,1,IDENTICAL
CDC-15,Warning,Clock enable controlled CDC structure detected,0,nvp_vclk1,userclk1,Max Delay Datapath Only,G2B_ONECH_C2H/last_channel_axi_reg[17]/D,1,1,IDENTICAL
CDC-15,Warning,Clock enable controlled CDC structure detected,0,nvp_vclk1,userclk1,Max Delay Datapath Only,G2B_ONECH_C2H/last_channel_axi_reg[18]/D,1,1,IDENTICAL
CDC-15,Warning,Clock enable controlled CDC structure detected,0,nvp_vclk1,userclk1,Max Delay Datapath Only,G2B_ONECH_C2H/last_channel_axi_reg[19]/D,1,1,IDENTICAL
CDC-15,Warning,Clock enable controlled CDC structure detected,0,nvp_vclk1,userclk1,Max Delay Datapath Only,G2B_ONECH_C2H/last_channel_axi_reg[1]/D,1,1,IDENTICAL
CDC-15,Warning,Clock enable controlled CDC structure detected,0,nvp_vclk1,userclk1,Max Delay Datapath Only,G2B_ONECH_C2H/last_channel_axi_reg[20]/D,1,1,IDENTICAL
CDC-15,Warning,Clock enable controlled CDC structure detected,0,nvp_vclk1,userclk1,Max Delay Datapath Only,G2B_ONECH_C2H/last_channel_axi_reg[21]/D,1,1,IDENTICAL
CDC-15,Warning,Clock enable controlled CDC structure detected,0,nvp_vclk1,userclk1,Max Delay Datapath Only,G2B_ONECH_C2H/last_channel_axi_reg[22]/D,1,1,IDENTICAL
CDC-15,Warning,Clock enable controlled CDC structure detected,0,nvp_vclk1,userclk1,Max Delay Datapath Only,G2B_ONECH_C2H/last_channel_axi_reg[23]/D,1,1,IDENTICAL
CDC-15,Warning,Clock enable controlled CDC structure detected,0,nvp_vclk1,userclk1,Max Delay Datapath Only,G2B_ONECH_C2H/last_channel_axi_reg[24]/D,1,1,IDENTICAL
CDC-15,Warning,Clock enable controlled CDC structure detected,0,nvp_vclk1,userclk1,Max Delay Datapath Only,G2B_ONECH_C2H/last_channel_axi_reg[25]/D,1,1,IDENTICAL
CDC-15,Warning,Clock enable controlled CDC structure detected,0,nvp_vclk1,userclk1,Max Delay Datapath Only,G2B_ONECH_C2H/last_channel_axi_reg[26]/D,1,1,IDENTICAL
CDC-15,Warning,Clock enable controlled CDC structure detected,0,nvp_vclk1,userclk1,Max Delay Datapath Only,G2B_ONECH_C2H/last_channel_axi_reg[27]/D,1,1,IDENTICAL
CDC-15,Warning,Clock enable controlled CDC structure detected,0,nvp_vclk1,userclk1,Max Delay Datapath Only,G2B_ONECH_C2H/last_channel_axi_reg[28]/D,1,1,IDENTICAL
CDC-15,Warning,Clock enable controlled CDC structure detected,0,nvp_vclk1,userclk1,Max Delay Datapath Only,G2B_ONECH_C2H/last_channel_axi_reg[29]/D,1,1,IDENTICAL
CDC-15,Warning,Clock enable controlled CDC structure detected,0,nvp_vclk1,userclk1,Max Delay Datapath Only,G2B_ONECH_C2H/last_channel_axi_reg[2]/D,1,1,IDENTICAL
CDC-15,Warning,Clock enable controlled CDC structure detected,0,nvp_vclk1,userclk1,Max Delay Datapath Only,G2B_ONECH_C2H/last_channel_axi_reg[30]/D,1,1,IDENTICAL
CDC-15,Warning,Clock enable controlled CDC structure detected,0,nvp_vclk1,userclk1,Max Delay Datapath Only,G2B_ONECH_C2H/last_channel_axi_reg[31]/D,1,1,IDENTICAL
CDC-15,Warning,Clock enable controlled CDC structure detected,0,nvp_vclk1,userclk1,Max Delay Datapath Only,G2B_ONECH_C2H/last_channel_axi_reg[3]/D,1,1,IDENTICAL
CDC-15,Warning,Clock enable controlled CDC structure detected,0,nvp_vclk1,userclk1,Max Delay Datapath Only,G2B_ONECH_C2H/last_channel_axi_reg[4]/D,1,1,IDENTICAL
CDC-15,Warning,Clock enable controlled CDC structure detected,0,nvp_vclk1,userclk1,Max Delay Datapath Only,G2B_ONECH_C2H/last_channel_axi_reg[5]/D,1,1,IDENTICAL
CDC-15,Warning,Clock enable controlled CDC structure detected,0,nvp_vclk1,userclk1,Max Delay Datapath Only,G2B_ONECH_C2H/last_channel_axi_reg[6]/D,1,1,IDENTICAL
CDC-15,Warning,Clock enable controlled CDC structure detected,0,nvp_vclk1,userclk1,Max Delay Datapath Only,G2B_ONECH_C2H/last_channel_axi_reg[7]/D,1,1,IDENTICAL
CDC-15,Warning,Clock enable controlled CDC structure detected,0,nvp_vclk1,userclk1,Max Delay Datapath Only,G2B_ONECH_C2H/last_channel_axi_reg[8]/D,1,1,IDENTICAL
CDC-15,Warning,Clock enable controlled CDC structure detected,0,nvp_vclk1,userclk1,Max Delay Datapath Only,G2B_ONECH_C2H/last_channel_axi_reg[9]/D,1,1,IDENTICAL
CDC-15,Warning,Clock enable controlled CDC structure detected,0,nvp_vclk1,userclk1,Max Delay Datapath Only,G2B_ONECH_C2H/last_global_axi_reg[0]/D,1,1,IDENTICAL
CDC-15,Warning,Clock enable controlled CDC structure detected,0,nvp_vclk1,userclk1,Max Delay Datapath Only,G2B_ONECH_C2H/last_global_axi_reg[10]/D,1,1,IDENTICAL
CDC-15,Warning,Clock enable controlled CDC structure detected,0,nvp_vclk1,userclk1,Max Delay Datapath Only,G2B_ONECH_C2H/last_global_axi_reg[11]/D,1,1,IDENTICAL
CDC-15,Warning,Clock enable controlled CDC structure detected,0,nvp_vclk1,userclk1,Max Delay Datapath Only,G2B_ONECH_C2H/last_global_axi_reg[12]/D,1,1,IDENTICAL
CDC-15,Warning,Clock enable controlled CDC structure detected,0,nvp_vclk1,userclk1,Max Delay Datapath Only,G2B_ONECH_C2H/last_global_axi_reg[13]/D,1,1,IDENTICAL
CDC-15,Warning,Clock enable controlled CDC structure detected,0,nvp_vclk1,userclk1,Max Delay Datapath Only,G2B_ONECH_C2H/last_global_axi_reg[14]/D,1,1,IDENTICAL
CDC-15,Warning,Clock enable controlled CDC structure detected,0,nvp_vclk1,userclk1,Max Delay Datapath Only,G2B_ONECH_C2H/last_global_axi_reg[15]/D,1,1,IDENTICAL
CDC-15,Warning,Clock enable controlled CDC structure detected,0,nvp_vclk1,userclk1,Max Delay Datapath Only,G2B_ONECH_C2H/last_global_axi_reg[16]/D,1,1,IDENTICAL
CDC-15,Warning,Clock enable controlled CDC structure detected,0,nvp_vclk1,userclk1,Max Delay Datapath Only,G2B_ONECH_C2H/last_global_axi_reg[17]/D,1,1,IDENTICAL
CDC-15,Warning,Clock enable controlled CDC structure detected,0,nvp_vclk1,userclk1,Max Delay Datapath Only,G2B_ONECH_C2H/last_global_axi_reg[18]/D,1,1,IDENTICAL
CDC-15,Warning,Clock enable controlled CDC structure detected,0,nvp_vclk1,userclk1,Max Delay Datapath Only,G2B_ONECH_C2H/last_global_axi_reg[19]/D,1,1,IDENTICAL
CDC-15,Warning,Clock enable controlled CDC structure detected,0,nvp_vclk1,userclk1,Max Delay Datapath Only,G2B_ONECH_C2H/last_global_axi_reg[1]/D,1,1,IDENTICAL
CDC-15,Warning,Clock enable controlled CDC structure detected,0,nvp_vclk1,userclk1,Max Delay Datapath Only,G2B_ONECH_C2H/last_global_axi_reg[20]/D,1,1,IDENTICAL
CDC-15,Warning,Clock enable controlled CDC structure detected,0,nvp_vclk1,userclk1,Max Delay Datapath Only,G2B_ONECH_C2H/last_global_axi_reg[21]/D,1,1,IDENTICAL
CDC-15,Warning,Clock enable controlled CDC structure detected,0,nvp_vclk1,userclk1,Max Delay Datapath Only,G2B_ONECH_C2H/last_global_axi_reg[22]/D,1,1,IDENTICAL
CDC-15,Warning,Clock enable controlled CDC structure detected,0,nvp_vclk1,userclk1,Max Delay Datapath Only,G2B_ONECH_C2H/last_global_axi_reg[23]/D,1,1,IDENTICAL
CDC-15,Warning,Clock enable controlled CDC structure detected,0,nvp_vclk1,userclk1,Max Delay Datapath Only,G2B_ONECH_C2H/last_global_axi_reg[24]/D,1,1,IDENTICAL
CDC-15,Warning,Clock enable controlled CDC structure detected,0,nvp_vclk1,userclk1,Max Delay Datapath Only,G2B_ONECH_C2H/last_global_axi_reg[25]/D,1,1,IDENTICAL
CDC-15,Warning,Clock enable controlled CDC structure detected,0,nvp_vclk1,userclk1,Max Delay Datapath Only,G2B_ONECH_C2H/last_global_axi_reg[26]/D,1,1,IDENTICAL
CDC-15,Warning,Clock enable controlled CDC structure detected,0,nvp_vclk1,userclk1,Max Delay Datapath Only,G2B_ONECH_C2H/last_global_axi_reg[27]/D,1,1,IDENTICAL
CDC-15,Warning,Clock enable controlled CDC structure detected,0,nvp_vclk1,userclk1,Max Delay Datapath Only,G2B_ONECH_C2H/last_global_axi_reg[28]/D,1,1,IDENTICAL
CDC-15,Warning,Clock enable controlled CDC structure detected,0,nvp_vclk1,userclk1,Max Delay Datapath Only,G2B_ONECH_C2H/last_global_axi_reg[29]/D,1,1,IDENTICAL
CDC-15,Warning,Clock enable controlled CDC structure detected,0,nvp_vclk1,userclk1,Max Delay Datapath Only,G2B_ONECH_C2H/last_global_axi_reg[2]/D,1,1,IDENTICAL
CDC-15,Warning,Clock enable controlled CDC structure detected,0,nvp_vclk1,userclk1,Max Delay Datapath Only,G2B_ONECH_C2H/last_global_axi_reg[30]/D,1,1,IDENTICAL
CDC-15,Warning,Clock enable controlled CDC structure detected,0,nvp_vclk1,userclk1,Max Delay Datapath Only,G2B_ONECH_C2H/last_global_axi_reg[31]/D,1,1,IDENTICAL
CDC-15,Warning,Clock enable controlled CDC structure detected,0,nvp_vclk1,userclk1,Max Delay Datapath Only,G2B_ONECH_C2H/last_global_axi_reg[3]/D,1,1,IDENTICAL
CDC-15,Warning,Clock enable controlled CDC structure detected,0,nvp_vclk1,userclk1,Max Delay Datapath Only,G2B_ONECH_C2H/last_global_axi_reg[4]/D,1,1,IDENTICAL
CDC-15,Warning,Clock enable controlled CDC structure detected,0,nvp_vclk1,userclk1,Max Delay Datapath Only,G2B_ONECH_C2H/last_global_axi_reg[5]/D,1,1,IDENTICAL
CDC-15,Warning,Clock enable controlled CDC structure detected,0,nvp_vclk1,userclk1,Max Delay Datapath Only,G2B_ONECH_C2H/last_global_axi_reg[6]/D,1,1,IDENTICAL
CDC-15,Warning,Clock enable controlled CDC structure detected,0,nvp_vclk1,userclk1,Max Delay Datapath Only,G2B_ONECH_C2H/last_global_axi_reg[7]/D,1,1,IDENTICAL
CDC-15,Warning,Clock enable controlled CDC structure detected,0,nvp_vclk1,userclk1,Max Delay Datapath Only,G2B_ONECH_C2H/last_global_axi_reg[8]/D,1,1,IDENTICAL
CDC-15,Warning,Clock enable controlled CDC structure detected,0,nvp_vclk1,userclk1,Max Delay Datapath Only,G2B_ONECH_C2H/last_global_axi_reg[9]/D,1,1,IDENTICAL
CDC-15,Warning,Clock enable controlled CDC structure detected,0,nvp_vclk1,userclk1,Max Delay Datapath Only,G2B_ONECH_C2H/records_abandoned_axi_reg[0]/D,1,1,IDENTICAL
CDC-15,Warning,Clock enable controlled CDC structure detected,0,nvp_vclk1,userclk1,Max Delay Datapath Only,G2B_ONECH_C2H/records_abandoned_axi_reg[10]/D,1,1,IDENTICAL
CDC-15,Warning,Clock enable controlled CDC structure detected,0,nvp_vclk1,userclk1,Max Delay Datapath Only,G2B_ONECH_C2H/records_abandoned_axi_reg[11]/D,1,1,IDENTICAL
CDC-15,Warning,Clock enable controlled CDC structure detected,0,nvp_vclk1,userclk1,Max Delay Datapath Only,G2B_ONECH_C2H/records_abandoned_axi_reg[12]/D,1,1,IDENTICAL
CDC-15,Warning,Clock enable controlled CDC structure detected,0,nvp_vclk1,userclk1,Max Delay Datapath Only,G2B_ONECH_C2H/records_abandoned_axi_reg[13]/D,1,1,IDENTICAL
CDC-15,Warning,Clock enable controlled CDC structure detected,0,nvp_vclk1,userclk1,Max Delay Datapath Only,G2B_ONECH_C2H/records_abandoned_axi_reg[14]/D,1,1,IDENTICAL
CDC-15,Warning,Clock enable controlled CDC structure detected,0,nvp_vclk1,userclk1,Max Delay Datapath Only,G2B_ONECH_C2H/records_abandoned_axi_reg[15]/D,1,1,IDENTICAL
CDC-15,Warning,Clock enable controlled CDC structure detected,0,nvp_vclk1,userclk1,Max Delay Datapath Only,G2B_ONECH_C2H/records_abandoned_axi_reg[16]/D,1,1,IDENTICAL
CDC-15,Warning,Clock enable controlled CDC structure detected,0,nvp_vclk1,userclk1,Max Delay Datapath Only,G2B_ONECH_C2H/records_abandoned_axi_reg[17]/D,1,1,IDENTICAL
CDC-15,Warning,Clock enable controlled CDC structure detected,0,nvp_vclk1,userclk1,Max Delay Datapath Only,G2B_ONECH_C2H/records_abandoned_axi_reg[18]/D,1,1,IDENTICAL
CDC-15,Warning,Clock enable controlled CDC structure detected,0,nvp_vclk1,userclk1,Max Delay Datapath Only,G2B_ONECH_C2H/records_abandoned_axi_reg[19]/D,1,1,IDENTICAL
CDC-15,Warning,Clock enable controlled CDC structure detected,0,nvp_vclk1,userclk1,Max Delay Datapath Only,G2B_ONECH_C2H/records_abandoned_axi_reg[1]/D,1,1,IDENTICAL
CDC-15,Warning,Clock enable controlled CDC structure detected,0,nvp_vclk1,userclk1,Max Delay Datapath Only,G2B_ONECH_C2H/records_abandoned_axi_reg[20]/D,1,1,IDENTICAL
CDC-15,Warning,Clock enable controlled CDC structure detected,0,nvp_vclk1,userclk1,Max Delay Datapath Only,G2B_ONECH_C2H/records_abandoned_axi_reg[21]/D,1,1,IDENTICAL
CDC-15,Warning,Clock enable controlled CDC structure detected,0,nvp_vclk1,userclk1,Max Delay Datapath Only,G2B_ONECH_C2H/records_abandoned_axi_reg[22]/D,1,1,IDENTICAL
CDC-15,Warning,Clock enable controlled CDC structure detected,0,nvp_vclk1,userclk1,Max Delay Datapath Only,G2B_ONECH_C2H/records_abandoned_axi_reg[23]/D,1,1,IDENTICAL
CDC-15,Warning,Clock enable controlled CDC structure detected,0,nvp_vclk1,userclk1,Max Delay Datapath Only,G2B_ONECH_C2H/records_abandoned_axi_reg[24]/D,1,1,IDENTICAL
CDC-15,Warning,Clock enable controlled CDC structure detected,0,nvp_vclk1,userclk1,Max Delay Datapath Only,G2B_ONECH_C2H/records_abandoned_axi_reg[25]/D,1,1,IDENTICAL
CDC-15,Warning,Clock enable controlled CDC structure detected,0,nvp_vclk1,userclk1,Max Delay Datapath Only,G2B_ONECH_C2H/records_abandoned_axi_reg[26]/D,1,1,IDENTICAL
CDC-15,Warning,Clock enable controlled CDC structure detected,0,nvp_vclk1,userclk1,Max Delay Datapath Only,G2B_ONECH_C2H/records_abandoned_axi_reg[27]/D,1,1,IDENTICAL
CDC-15,Warning,Clock enable controlled CDC structure detected,0,nvp_vclk1,userclk1,Max Delay Datapath Only,G2B_ONECH_C2H/records_abandoned_axi_reg[28]/D,1,1,IDENTICAL
CDC-15,Warning,Clock enable controlled CDC structure detected,0,nvp_vclk1,userclk1,Max Delay Datapath Only,G2B_ONECH_C2H/records_abandoned_axi_reg[29]/D,1,1,IDENTICAL
CDC-15,Warning,Clock enable controlled CDC structure detected,0,nvp_vclk1,userclk1,Max Delay Datapath Only,G2B_ONECH_C2H/records_abandoned_axi_reg[2]/D,1,1,IDENTICAL
CDC-15,Warning,Clock enable controlled CDC structure detected,0,nvp_vclk1,userclk1,Max Delay Datapath Only,G2B_ONECH_C2H/records_abandoned_axi_reg[30]/D,1,1,IDENTICAL
CDC-15,Warning,Clock enable controlled CDC structure detected,0,nvp_vclk1,userclk1,Max Delay Datapath Only,G2B_ONECH_C2H/records_abandoned_axi_reg[31]/D,1,1,IDENTICAL
CDC-15,Warning,Clock enable controlled CDC structure detected,0,nvp_vclk1,userclk1,Max Delay Datapath Only,G2B_ONECH_C2H/records_abandoned_axi_reg[3]/D,1,1,IDENTICAL
CDC-15,Warning,Clock enable controlled CDC structure detected,0,nvp_vclk1,userclk1,Max Delay Datapath Only,G2B_ONECH_C2H/records_abandoned_axi_reg[4]/D,1,1,IDENTICAL
CDC-15,Warning,Clock enable controlled CDC structure detected,0,nvp_vclk1,userclk1,Max Delay Datapath Only,G2B_ONECH_C2H/records_abandoned_axi_reg[5]/D,1,1,IDENTICAL
CDC-15,Warning,Clock enable controlled CDC structure detected,0,nvp_vclk1,userclk1,Max Delay Datapath Only,G2B_ONECH_C2H/records_abandoned_axi_reg[6]/D,1,1,IDENTICAL
CDC-15,Warning,Clock enable controlled CDC structure detected,0,nvp_vclk1,userclk1,Max Delay Datapath Only,G2B_ONECH_C2H/records_abandoned_axi_reg[7]/D,1,1,IDENTICAL
CDC-15,Warning,Clock enable controlled CDC structure detected,0,nvp_vclk1,userclk1,Max Delay Datapath Only,G2B_ONECH_C2H/records_abandoned_axi_reg[8]/D,1,1,IDENTICAL
CDC-15,Warning,Clock enable controlled CDC structure detected,0,nvp_vclk1,userclk1,Max Delay Datapath Only,G2B_ONECH_C2H/records_abandoned_axi_reg[9]/D,1,1,IDENTICAL
CDC-15,Warning,Clock enable controlled CDC structure detected,0,nvp_vclk1,userclk1,Max Delay Datapath Only,G2B_ONECH_C2H/reset_events_axi_reg[10]/R,1,1,IDENTICAL
CDC-15,Warning,Clock enable controlled CDC structure detected,0,nvp_vclk1,userclk1,Max Delay Datapath Only,G2B_ONECH_C2H/reset_events_axi_reg[11]/R,1,1,IDENTICAL
CDC-15,Warning,Clock enable controlled CDC structure detected,0,nvp_vclk1,userclk1,Max Delay Datapath Only,G2B_ONECH_C2H/reset_events_axi_reg[12]/R,1,1,IDENTICAL
CDC-15,Warning,Clock enable controlled CDC structure detected,0,nvp_vclk1,userclk1,Max Delay Datapath Only,G2B_ONECH_C2H/reset_events_axi_reg[13]/R,1,1,IDENTICAL
CDC-15,Warning,Clock enable controlled CDC structure detected,0,nvp_vclk1,userclk1,Max Delay Datapath Only,G2B_ONECH_C2H/reset_events_axi_reg[14]/R,1,1,IDENTICAL
CDC-15,Warning,Clock enable controlled CDC structure detected,0,nvp_vclk1,userclk1,Max Delay Datapath Only,G2B_ONECH_C2H/reset_events_axi_reg[15]/R,1,1,IDENTICAL
CDC-15,Warning,Clock enable controlled CDC structure detected,0,nvp_vclk1,userclk1,Max Delay Datapath Only,G2B_ONECH_C2H/reset_events_axi_reg[16]/R,1,1,IDENTICAL
CDC-15,Warning,Clock enable controlled CDC structure detected,0,nvp_vclk1,userclk1,Max Delay Datapath Only,G2B_ONECH_C2H/reset_events_axi_reg[17]/R,1,1,IDENTICAL
CDC-15,Warning,Clock enable controlled CDC structure detected,0,nvp_vclk1,userclk1,Max Delay Datapath Only,G2B_ONECH_C2H/reset_events_axi_reg[18]/R,1,1,IDENTICAL
CDC-15,Warning,Clock enable controlled CDC structure detected,0,nvp_vclk1,userclk1,Max Delay Datapath Only,G2B_ONECH_C2H/reset_events_axi_reg[19]/R,1,1,IDENTICAL
CDC-15,Warning,Clock enable controlled CDC structure detected,0,nvp_vclk1,userclk1,Max Delay Datapath Only,G2B_ONECH_C2H/reset_events_axi_reg[1]/R,1,1,IDENTICAL
CDC-15,Warning,Clock enable controlled CDC structure detected,0,nvp_vclk1,userclk1,Max Delay Datapath Only,G2B_ONECH_C2H/reset_events_axi_reg[20]/R,1,1,IDENTICAL
CDC-15,Warning,Clock enable controlled CDC structure detected,0,nvp_vclk1,userclk1,Max Delay Datapath Only,G2B_ONECH_C2H/reset_events_axi_reg[21]/R,1,1,IDENTICAL
CDC-15,Warning,Clock enable controlled CDC structure detected,0,nvp_vclk1,userclk1,Max Delay Datapath Only,G2B_ONECH_C2H/reset_events_axi_reg[22]/R,1,1,IDENTICAL
CDC-15,Warning,Clock enable controlled CDC structure detected,0,nvp_vclk1,userclk1,Max Delay Datapath Only,G2B_ONECH_C2H/reset_events_axi_reg[23]/R,1,1,IDENTICAL
CDC-15,Warning,Clock enable controlled CDC structure detected,0,nvp_vclk1,userclk1,Max Delay Datapath Only,G2B_ONECH_C2H/reset_events_axi_reg[24]/R,1,1,IDENTICAL
CDC-15,Warning,Clock enable controlled CDC structure detected,0,nvp_vclk1,userclk1,Max Delay Datapath Only,G2B_ONECH_C2H/reset_events_axi_reg[25]/R,1,1,IDENTICAL
CDC-15,Warning,Clock enable controlled CDC structure detected,0,nvp_vclk1,userclk1,Max Delay Datapath Only,G2B_ONECH_C2H/reset_events_axi_reg[26]/R,1,1,IDENTICAL
CDC-15,Warning,Clock enable controlled CDC structure detected,0,nvp_vclk1,userclk1,Max Delay Datapath Only,G2B_ONECH_C2H/reset_events_axi_reg[27]/R,1,1,IDENTICAL
CDC-15,Warning,Clock enable controlled CDC structure detected,0,nvp_vclk1,userclk1,Max Delay Datapath Only,G2B_ONECH_C2H/reset_events_axi_reg[28]/R,1,1,IDENTICAL
CDC-15,Warning,Clock enable controlled CDC structure detected,0,nvp_vclk1,userclk1,Max Delay Datapath Only,G2B_ONECH_C2H/reset_events_axi_reg[29]/R,1,1,IDENTICAL
CDC-15,Warning,Clock enable controlled CDC structure detected,0,nvp_vclk1,userclk1,Max Delay Datapath Only,G2B_ONECH_C2H/reset_events_axi_reg[2]/R,1,1,IDENTICAL
CDC-15,Warning,Clock enable controlled CDC structure detected,0,nvp_vclk1,userclk1,Max Delay Datapath Only,G2B_ONECH_C2H/reset_events_axi_reg[30]/R,1,1,IDENTICAL
CDC-15,Warning,Clock enable controlled CDC structure detected,0,nvp_vclk1,userclk1,Max Delay Datapath Only,G2B_ONECH_C2H/reset_events_axi_reg[31]/R,1,1,IDENTICAL
CDC-15,Warning,Clock enable controlled CDC structure detected,0,nvp_vclk1,userclk1,Max Delay Datapath Only,G2B_ONECH_C2H/reset_events_axi_reg[3]/R,1,1,IDENTICAL
CDC-15,Warning,Clock enable controlled CDC structure detected,0,nvp_vclk1,userclk1,Max Delay Datapath Only,G2B_ONECH_C2H/reset_events_axi_reg[4]/R,1,1,IDENTICAL
CDC-15,Warning,Clock enable controlled CDC structure detected,0,nvp_vclk1,userclk1,Max Delay Datapath Only,G2B_ONECH_C2H/reset_events_axi_reg[5]/R,1,1,IDENTICAL
CDC-15,Warning,Clock enable controlled CDC structure detected,0,nvp_vclk1,userclk1,Max Delay Datapath Only,G2B_ONECH_C2H/reset_events_axi_reg[6]/R,1,1,IDENTICAL
CDC-15,Warning,Clock enable controlled CDC structure detected,0,nvp_vclk1,userclk1,Max Delay Datapath Only,G2B_ONECH_C2H/reset_events_axi_reg[7]/R,1,1,IDENTICAL
CDC-15,Warning,Clock enable controlled CDC structure detected,0,nvp_vclk1,userclk1,Max Delay Datapath Only,G2B_ONECH_C2H/reset_events_axi_reg[8]/R,1,1,IDENTICAL
CDC-15,Warning,Clock enable controlled CDC structure detected,0,nvp_vclk1,userclk1,Max Delay Datapath Only,G2B_ONECH_C2H/reset_events_axi_reg[9]/R,1,1,IDENTICAL
CDC-15,Warning,Clock enable controlled CDC structure detected,0,nvp_vclk1,userclk1,Max Delay Datapath Only,G2B_ONECH_C2H/shadow_last_channel_reg[0]/D,1,1,IDENTICAL
CDC-15,Warning,Clock enable controlled CDC structure detected,0,nvp_vclk1,userclk1,Max Delay Datapath Only,G2B_ONECH_C2H/shadow_last_channel_reg[10]/D,1,1,IDENTICAL
CDC-15,Warning,Clock enable controlled CDC structure detected,0,nvp_vclk1,userclk1,Max Delay Datapath Only,G2B_ONECH_C2H/shadow_last_channel_reg[11]/D,1,1,IDENTICAL
CDC-15,Warning,Clock enable controlled CDC structure detected,0,nvp_vclk1,userclk1,Max Delay Datapath Only,G2B_ONECH_C2H/shadow_last_channel_reg[12]/D,1,1,IDENTICAL
CDC-15,Warning,Clock enable controlled CDC structure detected,0,nvp_vclk1,userclk1,Max Delay Datapath Only,G2B_ONECH_C2H/shadow_last_channel_reg[13]/D,1,1,IDENTICAL
CDC-15,Warning,Clock enable controlled CDC structure detected,0,nvp_vclk1,userclk1,Max Delay Datapath Only,G2B_ONECH_C2H/shadow_last_channel_reg[14]/D,1,1,IDENTICAL
CDC-15,Warning,Clock enable controlled CDC structure detected,0,nvp_vclk1,userclk1,Max Delay Datapath Only,G2B_ONECH_C2H/shadow_last_channel_reg[15]/D,1,1,IDENTICAL
CDC-15,Warning,Clock enable controlled CDC structure detected,0,nvp_vclk1,userclk1,Max Delay Datapath Only,G2B_ONECH_C2H/shadow_last_channel_reg[16]/D,1,1,IDENTICAL
CDC-15,Warning,Clock enable controlled CDC structure detected,0,nvp_vclk1,userclk1,Max Delay Datapath Only,G2B_ONECH_C2H/shadow_last_channel_reg[17]/D,1,1,IDENTICAL
CDC-15,Warning,Clock enable controlled CDC structure detected,0,nvp_vclk1,userclk1,Max Delay Datapath Only,G2B_ONECH_C2H/shadow_last_channel_reg[18]/D,1,1,IDENTICAL
CDC-15,Warning,Clock enable controlled CDC structure detected,0,nvp_vclk1,userclk1,Max Delay Datapath Only,G2B_ONECH_C2H/shadow_last_channel_reg[19]/D,1,1,IDENTICAL
CDC-15,Warning,Clock enable controlled CDC structure detected,0,nvp_vclk1,userclk1,Max Delay Datapath Only,G2B_ONECH_C2H/shadow_last_channel_reg[1]/D,1,1,IDENTICAL
CDC-15,Warning,Clock enable controlled CDC structure detected,0,nvp_vclk1,userclk1,Max Delay Datapath Only,G2B_ONECH_C2H/shadow_last_channel_reg[20]/D,1,1,IDENTICAL
CDC-15,Warning,Clock enable controlled CDC structure detected,0,nvp_vclk1,userclk1,Max Delay Datapath Only,G2B_ONECH_C2H/shadow_last_channel_reg[21]/D,1,1,IDENTICAL
CDC-15,Warning,Clock enable controlled CDC structure detected,0,nvp_vclk1,userclk1,Max Delay Datapath Only,G2B_ONECH_C2H/shadow_last_channel_reg[22]/D,1,1,IDENTICAL
CDC-15,Warning,Clock enable controlled CDC structure detected,0,nvp_vclk1,userclk1,Max Delay Datapath Only,G2B_ONECH_C2H/shadow_last_channel_reg[23]/D,1,1,IDENTICAL
CDC-15,Warning,Clock enable controlled CDC structure detected,0,nvp_vclk1,userclk1,Max Delay Datapath Only,G2B_ONECH_C2H/shadow_last_channel_reg[24]/D,1,1,IDENTICAL
CDC-15,Warning,Clock enable controlled CDC structure detected,0,nvp_vclk1,userclk1,Max Delay Datapath Only,G2B_ONECH_C2H/shadow_last_channel_reg[25]/D,1,1,IDENTICAL
CDC-15,Warning,Clock enable controlled CDC structure detected,0,nvp_vclk1,userclk1,Max Delay Datapath Only,G2B_ONECH_C2H/shadow_last_channel_reg[26]/D,1,1,IDENTICAL
CDC-15,Warning,Clock enable controlled CDC structure detected,0,nvp_vclk1,userclk1,Max Delay Datapath Only,G2B_ONECH_C2H/shadow_last_channel_reg[27]/D,1,1,IDENTICAL
CDC-15,Warning,Clock enable controlled CDC structure detected,0,nvp_vclk1,userclk1,Max Delay Datapath Only,G2B_ONECH_C2H/shadow_last_channel_reg[28]/D,1,1,IDENTICAL
CDC-15,Warning,Clock enable controlled CDC structure detected,0,nvp_vclk1,userclk1,Max Delay Datapath Only,G2B_ONECH_C2H/shadow_last_channel_reg[29]/D,1,1,IDENTICAL
CDC-15,Warning,Clock enable controlled CDC structure detected,0,nvp_vclk1,userclk1,Max Delay Datapath Only,G2B_ONECH_C2H/shadow_last_channel_reg[2]/D,1,1,IDENTICAL
CDC-15,Warning,Clock enable controlled CDC structure detected,0,nvp_vclk1,userclk1,Max Delay Datapath Only,G2B_ONECH_C2H/shadow_last_channel_reg[30]/D,1,1,IDENTICAL
CDC-15,Warning,Clock enable controlled CDC structure detected,0,nvp_vclk1,userclk1,Max Delay Datapath Only,G2B_ONECH_C2H/shadow_last_channel_reg[31]/D,1,1,IDENTICAL
CDC-15,Warning,Clock enable controlled CDC structure detected,0,nvp_vclk1,userclk1,Max Delay Datapath Only,G2B_ONECH_C2H/shadow_last_channel_reg[3]/D,1,1,IDENTICAL
CDC-15,Warning,Clock enable controlled CDC structure detected,0,nvp_vclk1,userclk1,Max Delay Datapath Only,G2B_ONECH_C2H/shadow_last_channel_reg[4]/D,1,1,IDENTICAL
CDC-15,Warning,Clock enable controlled CDC structure detected,0,nvp_vclk1,userclk1,Max Delay Datapath Only,G2B_ONECH_C2H/shadow_last_channel_reg[5]/D,1,1,IDENTICAL
CDC-15,Warning,Clock enable controlled CDC structure detected,0,nvp_vclk1,userclk1,Max Delay Datapath Only,G2B_ONECH_C2H/shadow_last_channel_reg[6]/D,1,1,IDENTICAL
CDC-15,Warning,Clock enable controlled CDC structure detected,0,nvp_vclk1,userclk1,Max Delay Datapath Only,G2B_ONECH_C2H/shadow_last_channel_reg[7]/D,1,1,IDENTICAL
CDC-15,Warning,Clock enable controlled CDC structure detected,0,nvp_vclk1,userclk1,Max Delay Datapath Only,G2B_ONECH_C2H/shadow_last_channel_reg[8]/D,1,1,IDENTICAL
CDC-15,Warning,Clock enable controlled CDC structure detected,0,nvp_vclk1,userclk1,Max Delay Datapath Only,G2B_ONECH_C2H/shadow_last_channel_reg[9]/D,1,1,IDENTICAL
CDC-15,Warning,Clock enable controlled CDC structure detected,0,nvp_vclk1,userclk1,Max Delay Datapath Only,G2B_ONECH_C2H/shadow_last_global_reg[0]/D,1,1,IDENTICAL
CDC-15,Warning,Clock enable controlled CDC structure detected,0,nvp_vclk1,userclk1,Max Delay Datapath Only,G2B_ONECH_C2H/shadow_last_global_reg[10]/D,1,1,IDENTICAL
CDC-15,Warning,Clock enable controlled CDC structure detected,0,nvp_vclk1,userclk1,Max Delay Datapath Only,G2B_ONECH_C2H/shadow_last_global_reg[11]/D,1,1,IDENTICAL
CDC-15,Warning,Clock enable controlled CDC structure detected,0,nvp_vclk1,userclk1,Max Delay Datapath Only,G2B_ONECH_C2H/shadow_last_global_reg[12]/D,1,1,IDENTICAL
CDC-15,Warning,Clock enable controlled CDC structure detected,0,nvp_vclk1,userclk1,Max Delay Datapath Only,G2B_ONECH_C2H/shadow_last_global_reg[13]/D,1,1,IDENTICAL
CDC-15,Warning,Clock enable controlled CDC structure detected,0,nvp_vclk1,userclk1,Max Delay Datapath Only,G2B_ONECH_C2H/shadow_last_global_reg[14]/D,1,1,IDENTICAL
CDC-15,Warning,Clock enable controlled CDC structure detected,0,nvp_vclk1,userclk1,Max Delay Datapath Only,G2B_ONECH_C2H/shadow_last_global_reg[15]/D,1,1,IDENTICAL
CDC-15,Warning,Clock enable controlled CDC structure detected,0,nvp_vclk1,userclk1,Max Delay Datapath Only,G2B_ONECH_C2H/shadow_last_global_reg[16]/D,1,1,IDENTICAL
CDC-15,Warning,Clock enable controlled CDC structure detected,0,nvp_vclk1,userclk1,Max Delay Datapath Only,G2B_ONECH_C2H/shadow_last_global_reg[17]/D,1,1,IDENTICAL
CDC-15,Warning,Clock enable controlled CDC structure detected,0,nvp_vclk1,userclk1,Max Delay Datapath Only,G2B_ONECH_C2H/shadow_last_global_reg[18]/D,1,1,IDENTICAL
CDC-15,Warning,Clock enable controlled CDC structure detected,0,nvp_vclk1,userclk1,Max Delay Datapath Only,G2B_ONECH_C2H/shadow_last_global_reg[19]/D,1,1,IDENTICAL
CDC-15,Warning,Clock enable controlled CDC structure detected,0,nvp_vclk1,userclk1,Max Delay Datapath Only,G2B_ONECH_C2H/shadow_last_global_reg[1]/D,1,1,IDENTICAL
CDC-15,Warning,Clock enable controlled CDC structure detected,0,nvp_vclk1,userclk1,Max Delay Datapath Only,G2B_ONECH_C2H/shadow_last_global_reg[20]/D,1,1,IDENTICAL
CDC-15,Warning,Clock enable controlled CDC structure detected,0,nvp_vclk1,userclk1,Max Delay Datapath Only,G2B_ONECH_C2H/shadow_last_global_reg[21]/D,1,1,IDENTICAL
CDC-15,Warning,Clock enable controlled CDC structure detected,0,nvp_vclk1,userclk1,Max Delay Datapath Only,G2B_ONECH_C2H/shadow_last_global_reg[22]/D,1,1,IDENTICAL
CDC-15,Warning,Clock enable controlled CDC structure detected,0,nvp_vclk1,userclk1,Max Delay Datapath Only,G2B_ONECH_C2H/shadow_last_global_reg[23]/D,1,1,IDENTICAL
CDC-15,Warning,Clock enable controlled CDC structure detected,0,nvp_vclk1,userclk1,Max Delay Datapath Only,G2B_ONECH_C2H/shadow_last_global_reg[24]/D,1,1,IDENTICAL
CDC-15,Warning,Clock enable controlled CDC structure detected,0,nvp_vclk1,userclk1,Max Delay Datapath Only,G2B_ONECH_C2H/shadow_last_global_reg[25]/D,1,1,IDENTICAL
CDC-15,Warning,Clock enable controlled CDC structure detected,0,nvp_vclk1,userclk1,Max Delay Datapath Only,G2B_ONECH_C2H/shadow_last_global_reg[26]/D,1,1,IDENTICAL
CDC-15,Warning,Clock enable controlled CDC structure detected,0,nvp_vclk1,userclk1,Max Delay Datapath Only,G2B_ONECH_C2H/shadow_last_global_reg[27]/D,1,1,IDENTICAL
CDC-15,Warning,Clock enable controlled CDC structure detected,0,nvp_vclk1,userclk1,Max Delay Datapath Only,G2B_ONECH_C2H/shadow_last_global_reg[28]/D,1,1,IDENTICAL
CDC-15,Warning,Clock enable controlled CDC structure detected,0,nvp_vclk1,userclk1,Max Delay Datapath Only,G2B_ONECH_C2H/shadow_last_global_reg[29]/D,1,1,IDENTICAL
CDC-15,Warning,Clock enable controlled CDC structure detected,0,nvp_vclk1,userclk1,Max Delay Datapath Only,G2B_ONECH_C2H/shadow_last_global_reg[2]/D,1,1,IDENTICAL
CDC-15,Warning,Clock enable controlled CDC structure detected,0,nvp_vclk1,userclk1,Max Delay Datapath Only,G2B_ONECH_C2H/shadow_last_global_reg[30]/D,1,1,IDENTICAL
CDC-15,Warning,Clock enable controlled CDC structure detected,0,nvp_vclk1,userclk1,Max Delay Datapath Only,G2B_ONECH_C2H/shadow_last_global_reg[31]/D,1,1,IDENTICAL
CDC-15,Warning,Clock enable controlled CDC structure detected,0,nvp_vclk1,userclk1,Max Delay Datapath Only,G2B_ONECH_C2H/shadow_last_global_reg[3]/D,1,1,IDENTICAL
CDC-15,Warning,Clock enable controlled CDC structure detected,0,nvp_vclk1,userclk1,Max Delay Datapath Only,G2B_ONECH_C2H/shadow_last_global_reg[4]/D,1,1,IDENTICAL
CDC-15,Warning,Clock enable controlled CDC structure detected,0,nvp_vclk1,userclk1,Max Delay Datapath Only,G2B_ONECH_C2H/shadow_last_global_reg[5]/D,1,1,IDENTICAL
CDC-15,Warning,Clock enable controlled CDC structure detected,0,nvp_vclk1,userclk1,Max Delay Datapath Only,G2B_ONECH_C2H/shadow_last_global_reg[6]/D,1,1,IDENTICAL
CDC-15,Warning,Clock enable controlled CDC structure detected,0,nvp_vclk1,userclk1,Max Delay Datapath Only,G2B_ONECH_C2H/shadow_last_global_reg[7]/D,1,1,IDENTICAL
CDC-15,Warning,Clock enable controlled CDC structure detected,0,nvp_vclk1,userclk1,Max Delay Datapath Only,G2B_ONECH_C2H/shadow_last_global_reg[8]/D,1,1,IDENTICAL
CDC-15,Warning,Clock enable controlled CDC structure detected,0,nvp_vclk1,userclk1,Max Delay Datapath Only,G2B_ONECH_C2H/shadow_last_global_reg[9]/D,1,1,IDENTICAL
CDC-15,Warning,Clock enable controlled CDC structure detected,0,nvp_vclk1,userclk1,Max Delay Datapath Only,G2B_ONECH_C2H/transport_release_phase_hold_axi_reg[0]/D,1,1,IDENTICAL
CDC-15,Warning,Clock enable controlled CDC structure detected,0,nvp_vclk1,userclk1,Max Delay Datapath Only,G2B_ONECH_C2H/transport_release_phase_hold_axi_reg[1]/D,1,1,IDENTICAL
CDC-15,Warning,Clock enable controlled CDC structure detected,0,nvp_vclk1,userclk1,Max Delay Datapath Only,G2B_ONECH_C2H/transport_release_phase_hold_axi_reg[2]/D,1,1,IDENTICAL
CDC-15,Warning,Clock enable controlled CDC structure detected,0,nvp_vclk1,userclk1,Max Delay Datapath Only,G2B_ONECH_C2H/transport_release_phase_hold_axi_reg[3]/D,1,1,IDENTICAL
CDC-15,Warning,Clock enable controlled CDC structure detected,0,userclk1,nvp_vclk1,Max Delay Datapath Only,CAPTURE_SUBSYSTEM/MAILBOX/nvp_cfg_abort_reg/D,1,1,IDENTICAL
CDC-15,Warning,Clock enable controlled CDC structure detected,0,userclk1,nvp_vclk1,Max Delay Datapath Only,CAPTURE_SUBSYSTEM/MAILBOX/nvp_cfg_arm_reg/D,1,1,IDENTICAL
CDC-15,Warning,Clock enable controlled CDC structure detected,0,userclk1,nvp_vclk1,Max Delay Datapath Only,CAPTURE_SUBSYSTEM/MAILBOX/nvp_cfg_capture_generation_reg[0]/D,1,1,IDENTICAL
CDC-15,Warning,Clock enable controlled CDC structure detected,0,userclk1,nvp_vclk1,Max Delay Datapath Only,CAPTURE_SUBSYSTEM/MAILBOX/nvp_cfg_capture_generation_reg[10]/D,1,1,IDENTICAL
CDC-15,Warning,Clock enable controlled CDC structure detected,0,userclk1,nvp_vclk1,Max Delay Datapath Only,CAPTURE_SUBSYSTEM/MAILBOX/nvp_cfg_capture_generation_reg[11]/D,1,1,IDENTICAL
CDC-15,Warning,Clock enable controlled CDC structure detected,0,userclk1,nvp_vclk1,Max Delay Datapath Only,CAPTURE_SUBSYSTEM/MAILBOX/nvp_cfg_capture_generation_reg[12]/D,1,1,IDENTICAL
CDC-15,Warning,Clock enable controlled CDC structure detected,0,userclk1,nvp_vclk1,Max Delay Datapath Only,CAPTURE_SUBSYSTEM/MAILBOX/nvp_cfg_capture_generation_reg[13]/D,1,1,IDENTICAL
CDC-15,Warning,Clock enable controlled CDC structure detected,0,userclk1,nvp_vclk1,Max Delay Datapath Only,CAPTURE_SUBSYSTEM/MAILBOX/nvp_cfg_capture_generation_reg[14]/D,1,1,IDENTICAL
CDC-15,Warning,Clock enable controlled CDC structure detected,0,userclk1,nvp_vclk1,Max Delay Datapath Only,CAPTURE_SUBSYSTEM/MAILBOX/nvp_cfg_capture_generation_reg[15]/D,1,1,IDENTICAL
CDC-15,Warning,Clock enable controlled CDC structure detected,0,userclk1,nvp_vclk1,Max Delay Datapath Only,CAPTURE_SUBSYSTEM/MAILBOX/nvp_cfg_capture_generation_reg[16]/D,1,1,IDENTICAL
CDC-15,Warning,Clock enable controlled CDC structure detected,0,userclk1,nvp_vclk1,Max Delay Datapath Only,CAPTURE_SUBSYSTEM/MAILBOX/nvp_cfg_capture_generation_reg[17]/D,1,1,IDENTICAL
CDC-15,Warning,Clock enable controlled CDC structure detected,0,userclk1,nvp_vclk1,Max Delay Datapath Only,CAPTURE_SUBSYSTEM/MAILBOX/nvp_cfg_capture_generation_reg[18]/D,1,1,IDENTICAL
CDC-15,Warning,Clock enable controlled CDC structure detected,0,userclk1,nvp_vclk1,Max Delay Datapath Only,CAPTURE_SUBSYSTEM/MAILBOX/nvp_cfg_capture_generation_reg[19]/D,1,1,IDENTICAL
CDC-15,Warning,Clock enable controlled CDC structure detected,0,userclk1,nvp_vclk1,Max Delay Datapath Only,CAPTURE_SUBSYSTEM/MAILBOX/nvp_cfg_capture_generation_reg[1]/D,1,1,IDENTICAL
CDC-15,Warning,Clock enable controlled CDC structure detected,0,userclk1,nvp_vclk1,Max Delay Datapath Only,CAPTURE_SUBSYSTEM/MAILBOX/nvp_cfg_capture_generation_reg[20]/D,1,1,IDENTICAL
CDC-15,Warning,Clock enable controlled CDC structure detected,0,userclk1,nvp_vclk1,Max Delay Datapath Only,CAPTURE_SUBSYSTEM/MAILBOX/nvp_cfg_capture_generation_reg[21]/D,1,1,IDENTICAL
CDC-15,Warning,Clock enable controlled CDC structure detected,0,userclk1,nvp_vclk1,Max Delay Datapath Only,CAPTURE_SUBSYSTEM/MAILBOX/nvp_cfg_capture_generation_reg[22]/D,1,1,IDENTICAL
CDC-15,Warning,Clock enable controlled CDC structure detected,0,userclk1,nvp_vclk1,Max Delay Datapath Only,CAPTURE_SUBSYSTEM/MAILBOX/nvp_cfg_capture_generation_reg[23]/D,1,1,IDENTICAL
CDC-15,Warning,Clock enable controlled CDC structure detected,0,userclk1,nvp_vclk1,Max Delay Datapath Only,CAPTURE_SUBSYSTEM/MAILBOX/nvp_cfg_capture_generation_reg[24]/D,1,1,IDENTICAL
CDC-15,Warning,Clock enable controlled CDC structure detected,0,userclk1,nvp_vclk1,Max Delay Datapath Only,CAPTURE_SUBSYSTEM/MAILBOX/nvp_cfg_capture_generation_reg[25]/D,1,1,IDENTICAL
CDC-15,Warning,Clock enable controlled CDC structure detected,0,userclk1,nvp_vclk1,Max Delay Datapath Only,CAPTURE_SUBSYSTEM/MAILBOX/nvp_cfg_capture_generation_reg[26]/D,1,1,IDENTICAL
CDC-15,Warning,Clock enable controlled CDC structure detected,0,userclk1,nvp_vclk1,Max Delay Datapath Only,CAPTURE_SUBSYSTEM/MAILBOX/nvp_cfg_capture_generation_reg[27]/D,1,1,IDENTICAL
CDC-15,Warning,Clock enable controlled CDC structure detected,0,userclk1,nvp_vclk1,Max Delay Datapath Only,CAPTURE_SUBSYSTEM/MAILBOX/nvp_cfg_capture_generation_reg[28]/D,1,1,IDENTICAL
CDC-15,Warning,Clock enable controlled CDC structure detected,0,userclk1,nvp_vclk1,Max Delay Datapath Only,CAPTURE_SUBSYSTEM/MAILBOX/nvp_cfg_capture_generation_reg[29]/D,1,1,IDENTICAL
CDC-15,Warning,Clock enable controlled CDC structure detected,0,userclk1,nvp_vclk1,Max Delay Datapath Only,CAPTURE_SUBSYSTEM/MAILBOX/nvp_cfg_capture_generation_reg[2]/D,1,1,IDENTICAL
CDC-15,Warning,Clock enable controlled CDC structure detected,0,userclk1,nvp_vclk1,Max Delay Datapath Only,CAPTURE_SUBSYSTEM/MAILBOX/nvp_cfg_capture_generation_reg[30]/D,1,1,IDENTICAL
CDC-15,Warning,Clock enable controlled CDC structure detected,0,userclk1,nvp_vclk1,Max Delay Datapath Only,CAPTURE_SUBSYSTEM/MAILBOX/nvp_cfg_capture_generation_reg[31]/D,1,1,IDENTICAL
CDC-15,Warning,Clock enable controlled CDC structure detected,0,userclk1,nvp_vclk1,Max Delay Datapath Only,CAPTURE_SUBSYSTEM/MAILBOX/nvp_cfg_capture_generation_reg[3]/D,1,1,IDENTICAL
CDC-15,Warning,Clock enable controlled CDC structure detected,0,userclk1,nvp_vclk1,Max Delay Datapath Only,CAPTURE_SUBSYSTEM/MAILBOX/nvp_cfg_capture_generation_reg[4]/D,1,1,IDENTICAL
CDC-15,Warning,Clock enable controlled CDC structure detected,0,userclk1,nvp_vclk1,Max Delay Datapath Only,CAPTURE_SUBSYSTEM/MAILBOX/nvp_cfg_capture_generation_reg[5]/D,1,1,IDENTICAL
CDC-15,Warning,Clock enable controlled CDC structure detected,0,userclk1,nvp_vclk1,Max Delay Datapath Only,CAPTURE_SUBSYSTEM/MAILBOX/nvp_cfg_capture_generation_reg[6]/D,1,1,IDENTICAL
CDC-15,Warning,Clock enable controlled CDC structure detected,0,userclk1,nvp_vclk1,Max Delay Datapath Only,CAPTURE_SUBSYSTEM/MAILBOX/nvp_cfg_capture_generation_reg[7]/D,1,1,IDENTICAL
CDC-15,Warning,Clock enable controlled CDC structure detected,0,userclk1,nvp_vclk1,Max Delay Datapath Only,CAPTURE_SUBSYSTEM/MAILBOX/nvp_cfg_capture_generation_reg[8]/D,1,1,IDENTICAL
CDC-15,Warning,Clock enable controlled CDC structure detected,0,userclk1,nvp_vclk1,Max Delay Datapath Only,CAPTURE_SUBSYSTEM/MAILBOX/nvp_cfg_capture_generation_reg[9]/D,1,1,IDENTICAL
CDC-15,Warning,Clock enable controlled CDC structure detected,0,userclk1,nvp_vclk1,Max Delay Datapath Only,CAPTURE_SUBSYSTEM/MAILBOX/nvp_cfg_clear_errors_reg/D,1,1,IDENTICAL
CDC-15,Warning,Clock enable controlled CDC structure detected,0,userclk1,nvp_vclk1,Max Delay Datapath Only,CAPTURE_SUBSYSTEM/MAILBOX/nvp_cfg_line_count_requested_reg[0]/D,1,1,IDENTICAL
CDC-15,Warning,Clock enable controlled CDC structure detected,0,userclk1,nvp_vclk1,Max Delay Datapath Only,CAPTURE_SUBSYSTEM/MAILBOX/nvp_cfg_line_count_requested_reg[1]/D,1,1,IDENTICAL
CDC-15,Warning,Clock enable controlled CDC structure detected,0,userclk1,nvp_vclk1,Max Delay Datapath Only,CAPTURE_SUBSYSTEM/MAILBOX/nvp_cfg_line_count_requested_reg[2]/D,1,1,IDENTICAL
CDC-15,Warning,Clock enable controlled CDC structure detected,0,userclk1,nvp_vclk1,Max Delay Datapath Only,CAPTURE_SUBSYSTEM/MAILBOX/nvp_cfg_line_count_requested_reg[3]/D,1,1,IDENTICAL
CDC-15,Warning,Clock enable controlled CDC structure detected,0,userclk1,nvp_vclk1,Max Delay Datapath Only,CAPTURE_SUBSYSTEM/MAILBOX/nvp_cfg_line_count_requested_reg[4]/D,1,1,IDENTICAL
CDC-15,Warning,Clock enable controlled CDC structure detected,0,userclk1,nvp_vclk1,Max Delay Datapath Only,CAPTURE_SUBSYSTEM/MAILBOX/nvp_cfg_single_line_reg/D,1,1,IDENTICAL
CDC-15,Warning,Clock enable controlled CDC structure detected,0,userclk1,nvp_vclk1,Max Delay Datapath Only,CAPTURE_SUBSYSTEM/MAILBOX/nvp_cfg_target_line_reg[0]/D,1,1,IDENTICAL
CDC-15,Warning,Clock enable controlled CDC structure detected,0,userclk1,nvp_vclk1,Max Delay Datapath Only,CAPTURE_SUBSYSTEM/MAILBOX/nvp_cfg_target_line_reg[10]/D,1,1,IDENTICAL
CDC-15,Warning,Clock enable controlled CDC structure detected,0,userclk1,nvp_vclk1,Max Delay Datapath Only,CAPTURE_SUBSYSTEM/MAILBOX/nvp_cfg_target_line_reg[11]/D,1,1,IDENTICAL
CDC-15,Warning,Clock enable controlled CDC structure detected,0,userclk1,nvp_vclk1,Max Delay Datapath Only,CAPTURE_SUBSYSTEM/MAILBOX/nvp_cfg_target_line_reg[12]/D,1,1,IDENTICAL
CDC-15,Warning,Clock enable controlled CDC structure detected,0,userclk1,nvp_vclk1,Max Delay Datapath Only,CAPTURE_SUBSYSTEM/MAILBOX/nvp_cfg_target_line_reg[13]/D,1,1,IDENTICAL
CDC-15,Warning,Clock enable controlled CDC structure detected,0,userclk1,nvp_vclk1,Max Delay Datapath Only,CAPTURE_SUBSYSTEM/MAILBOX/nvp_cfg_target_line_reg[14]/D,1,1,IDENTICAL
CDC-15,Warning,Clock enable controlled CDC structure detected,0,userclk1,nvp_vclk1,Max Delay Datapath Only,CAPTURE_SUBSYSTEM/MAILBOX/nvp_cfg_target_line_reg[15]/D,1,1,IDENTICAL
CDC-15,Warning,Clock enable controlled CDC structure detected,0,userclk1,nvp_vclk1,Max Delay Datapath Only,CAPTURE_SUBSYSTEM/MAILBOX/nvp_cfg_target_line_reg[16]/D,1,1,IDENTICAL
CDC-15,Warning,Clock enable controlled CDC structure detected,0,userclk1,nvp_vclk1,Max Delay Datapath Only,CAPTURE_SUBSYSTEM/MAILBOX/nvp_cfg_target_line_reg[17]/D,1,1,IDENTICAL
CDC-15,Warning,Clock enable controlled CDC structure detected,0,userclk1,nvp_vclk1,Max Delay Datapath Only,CAPTURE_SUBSYSTEM/MAILBOX/nvp_cfg_target_line_reg[18]/D,1,1,IDENTICAL
CDC-15,Warning,Clock enable controlled CDC structure detected,0,userclk1,nvp_vclk1,Max Delay Datapath Only,CAPTURE_SUBSYSTEM/MAILBOX/nvp_cfg_target_line_reg[19]/D,1,1,IDENTICAL
CDC-15,Warning,Clock enable controlled CDC structure detected,0,userclk1,nvp_vclk1,Max Delay Datapath Only,CAPTURE_SUBSYSTEM/MAILBOX/nvp_cfg_target_line_reg[1]/D,1,1,IDENTICAL
CDC-15,Warning,Clock enable controlled CDC structure detected,0,userclk1,nvp_vclk1,Max Delay Datapath Only,CAPTURE_SUBSYSTEM/MAILBOX/nvp_cfg_target_line_reg[20]/D,1,1,IDENTICAL
CDC-15,Warning,Clock enable controlled CDC structure detected,0,userclk1,nvp_vclk1,Max Delay Datapath Only,CAPTURE_SUBSYSTEM/MAILBOX/nvp_cfg_target_line_reg[21]/D,1,1,IDENTICAL
CDC-15,Warning,Clock enable controlled CDC structure detected,0,userclk1,nvp_vclk1,Max Delay Datapath Only,CAPTURE_SUBSYSTEM/MAILBOX/nvp_cfg_target_line_reg[22]/D,1,1,IDENTICAL
CDC-15,Warning,Clock enable controlled CDC structure detected,0,userclk1,nvp_vclk1,Max Delay Datapath Only,CAPTURE_SUBSYSTEM/MAILBOX/nvp_cfg_target_line_reg[23]/D,1,1,IDENTICAL
CDC-15,Warning,Clock enable controlled CDC structure detected,0,userclk1,nvp_vclk1,Max Delay Datapath Only,CAPTURE_SUBSYSTEM/MAILBOX/nvp_cfg_target_line_reg[24]/D,1,1,IDENTICAL
CDC-15,Warning,Clock enable controlled CDC structure detected,0,userclk1,nvp_vclk1,Max Delay Datapath Only,CAPTURE_SUBSYSTEM/MAILBOX/nvp_cfg_target_line_reg[25]/D,1,1,IDENTICAL
CDC-15,Warning,Clock enable controlled CDC structure detected,0,userclk1,nvp_vclk1,Max Delay Datapath Only,CAPTURE_SUBSYSTEM/MAILBOX/nvp_cfg_target_line_reg[26]/D,1,1,IDENTICAL
CDC-15,Warning,Clock enable controlled CDC structure detected,0,userclk1,nvp_vclk1,Max Delay Datapath Only,CAPTURE_SUBSYSTEM/MAILBOX/nvp_cfg_target_line_reg[27]/D,1,1,IDENTICAL
CDC-15,Warning,Clock enable controlled CDC structure detected,0,userclk1,nvp_vclk1,Max Delay Datapath Only,CAPTURE_SUBSYSTEM/MAILBOX/nvp_cfg_target_line_reg[28]/D,1,1,IDENTICAL
CDC-15,Warning,Clock enable controlled CDC structure detected,0,userclk1,nvp_vclk1,Max Delay Datapath Only,CAPTURE_SUBSYSTEM/MAILBOX/nvp_cfg_target_line_reg[29]/D,1,1,IDENTICAL
CDC-15,Warning,Clock enable controlled CDC structure detected,0,userclk1,nvp_vclk1,Max Delay Datapath Only,CAPTURE_SUBSYSTEM/MAILBOX/nvp_cfg_target_line_reg[2]/D,1,1,IDENTICAL
CDC-15,Warning,Clock enable controlled CDC structure detected,0,userclk1,nvp_vclk1,Max Delay Datapath Only,CAPTURE_SUBSYSTEM/MAILBOX/nvp_cfg_target_line_reg[30]/D,1,1,IDENTICAL
CDC-15,Warning,Clock enable controlled CDC structure detected,0,userclk1,nvp_vclk1,Max Delay Datapath Only,CAPTURE_SUBSYSTEM/MAILBOX/nvp_cfg_target_line_reg[31]/D,1,1,IDENTICAL
CDC-15,Warning,Clock enable controlled CDC structure detected,0,userclk1,nvp_vclk1,Max Delay Datapath Only,CAPTURE_SUBSYSTEM/MAILBOX/nvp_cfg_target_line_reg[3]/D,1,1,IDENTICAL
CDC-15,Warning,Clock enable controlled CDC structure detected,0,userclk1,nvp_vclk1,Max Delay Datapath Only,CAPTURE_SUBSYSTEM/MAILBOX/nvp_cfg_target_line_reg[4]/D,1,1,IDENTICAL
CDC-15,Warning,Clock enable controlled CDC structure detected,0,userclk1,nvp_vclk1,Max Delay Datapath Only,CAPTURE_SUBSYSTEM/MAILBOX/nvp_cfg_target_line_reg[5]/D,1,1,IDENTICAL
CDC-15,Warning,Clock enable controlled CDC structure detected,0,userclk1,nvp_vclk1,Max Delay Datapath Only,CAPTURE_SUBSYSTEM/MAILBOX/nvp_cfg_target_line_reg[6]/D,1,1,IDENTICAL
CDC-15,Warning,Clock enable controlled CDC structure detected,0,userclk1,nvp_vclk1,Max Delay Datapath Only,CAPTURE_SUBSYSTEM/MAILBOX/nvp_cfg_target_line_reg[7]/D,1,1,IDENTICAL
CDC-15,Warning,Clock enable controlled CDC structure detected,0,userclk1,nvp_vclk1,Max Delay Datapath Only,CAPTURE_SUBSYSTEM/MAILBOX/nvp_cfg_target_line_reg[8]/D,1,1,IDENTICAL
CDC-15,Warning,Clock enable controlled CDC structure detected,0,userclk1,nvp_vclk1,Max Delay Datapath Only,CAPTURE_SUBSYSTEM/MAILBOX/nvp_cfg_target_line_reg[9]/D,1,1,IDENTICAL
CDC-15,Warning,Clock enable controlled CDC structure detected,0,userclk1,nvp_vclk1,Max Delay Datapath Only,CAPTURE_SUBSYSTEM/MAILBOX/nvp_cfg_window_16_lines_reg/D,1,1,IDENTICAL
CDC-15,Warning,Clock enable controlled CDC structure detected,0,userclk1,nvp_vclk1,Max Delay Datapath Only,G2B_ONECH_C2H/hard_event_baseline_hold_source_reg[0]/D,1,1,IDENTICAL
CDC-15,Warning,Clock enable controlled CDC structure detected,0,userclk1,nvp_vclk1,Max Delay Datapath Only,G2B_ONECH_C2H/hard_event_baseline_hold_source_reg[1]/D,1,1,IDENTICAL
CDC-15,Warning,Clock enable controlled CDC structure detected,0,userclk1,nvp_vclk1,Max Delay Datapath Only,G2B_ONECH_C2H/hard_event_baseline_hold_source_reg[2]/D,1,1,IDENTICAL
CDC-15,Warning,Clock enable controlled CDC structure detected,0,userclk1,nvp_vclk1,Max Delay Datapath Only,G2B_ONECH_C2H/hard_event_baseline_hold_source_reg[3]/D,1,1,IDENTICAL
CDC-15,Warning,Clock enable controlled CDC structure detected,0,userclk1,nvp_vclk1,Max Delay Datapath Only,G2B_ONECH_C2H/hard_event_clear_toggle_source_reg/D,1,1,IDENTICAL
CDC-15,Warning,Clock enable controlled CDC structure detected,0,userclk1,nvp_vclk1,Max Delay Datapath Only,G2B_ONECH_C2H/overflow_count_source_reg[0]/R,1,1,IDENTICAL
CDC-15,Warning,Clock enable controlled CDC structure detected,0,userclk1,nvp_vclk1,Max Delay Datapath Only,G2B_ONECH_C2H/overflow_count_source_reg[10]/R,1,1,IDENTICAL
CDC-15,Warning,Clock enable controlled CDC structure detected,0,userclk1,nvp_vclk1,Max Delay Datapath Only,G2B_ONECH_C2H/overflow_count_source_reg[11]/R,1,1,IDENTICAL
CDC-15,Warning,Clock enable controlled CDC structure detected,0,userclk1,nvp_vclk1,Max Delay Datapath Only,G2B_ONECH_C2H/overflow_count_source_reg[12]/R,1,1,IDENTICAL
CDC-15,Warning,Clock enable controlled CDC structure detected,0,userclk1,nvp_vclk1,Max Delay Datapath Only,G2B_ONECH_C2H/overflow_count_source_reg[13]/R,1,1,IDENTICAL
CDC-15,Warning,Clock enable controlled CDC structure detected,0,userclk1,nvp_vclk1,Max Delay Datapath Only,G2B_ONECH_C2H/overflow_count_source_reg[14]/R,1,1,IDENTICAL
CDC-15,Warning,Clock enable controlled CDC structure detected,0,userclk1,nvp_vclk1,Max Delay Datapath Only,G2B_ONECH_C2H/overflow_count_source_reg[15]/R,1,1,IDENTICAL
CDC-15,Warning,Clock enable controlled CDC structure detected,0,userclk1,nvp_vclk1,Max Delay Datapath Only,G2B_ONECH_C2H/overflow_count_source_reg[16]/R,1,1,IDENTICAL
CDC-15,Warning,Clock enable controlled CDC structure detected,0,userclk1,nvp_vclk1,Max Delay Datapath Only,G2B_ONECH_C2H/overflow_count_source_reg[17]/R,1,1,IDENTICAL
CDC-15,Warning,Clock enable controlled CDC structure detected,0,userclk1,nvp_vclk1,Max Delay Datapath Only,G2B_ONECH_C2H/overflow_count_source_reg[18]/R,1,1,IDENTICAL
CDC-15,Warning,Clock enable controlled CDC structure detected,0,userclk1,nvp_vclk1,Max Delay Datapath Only,G2B_ONECH_C2H/overflow_count_source_reg[19]/R,1,1,IDENTICAL
CDC-15,Warning,Clock enable controlled CDC structure detected,0,userclk1,nvp_vclk1,Max Delay Datapath Only,G2B_ONECH_C2H/overflow_count_source_reg[1]/R,1,1,IDENTICAL
CDC-15,Warning,Clock enable controlled CDC structure detected,0,userclk1,nvp_vclk1,Max Delay Datapath Only,G2B_ONECH_C2H/overflow_count_source_reg[20]/R,1,1,IDENTICAL
CDC-15,Warning,Clock enable controlled CDC structure detected,0,userclk1,nvp_vclk1,Max Delay Datapath Only,G2B_ONECH_C2H/overflow_count_source_reg[21]/R,1,1,IDENTICAL
CDC-15,Warning,Clock enable controlled CDC structure detected,0,userclk1,nvp_vclk1,Max Delay Datapath Only,G2B_ONECH_C2H/overflow_count_source_reg[22]/R,1,1,IDENTICAL
CDC-15,Warning,Clock enable controlled CDC structure detected,0,userclk1,nvp_vclk1,Max Delay Datapath Only,G2B_ONECH_C2H/overflow_count_source_reg[23]/R,1,1,IDENTICAL
CDC-15,Warning,Clock enable controlled CDC structure detected,0,userclk1,nvp_vclk1,Max Delay Datapath Only,G2B_ONECH_C2H/overflow_count_source_reg[24]/R,1,1,IDENTICAL
CDC-15,Warning,Clock enable controlled CDC structure detected,0,userclk1,nvp_vclk1,Max Delay Datapath Only,G2B_ONECH_C2H/overflow_count_source_reg[25]/R,1,1,IDENTICAL
CDC-15,Warning,Clock enable controlled CDC structure detected,0,userclk1,nvp_vclk1,Max Delay Datapath Only,G2B_ONECH_C2H/overflow_count_source_reg[26]/R,1,1,IDENTICAL
CDC-15,Warning,Clock enable controlled CDC structure detected,0,userclk1,nvp_vclk1,Max Delay Datapath Only,G2B_ONECH_C2H/overflow_count_source_reg[27]/R,1,1,IDENTICAL
CDC-15,Warning,Clock enable controlled CDC structure detected,0,userclk1,nvp_vclk1,Max Delay Datapath Only,G2B_ONECH_C2H/overflow_count_source_reg[28]/R,1,1,IDENTICAL
CDC-15,Warning,Clock enable controlled CDC structure detected,0,userclk1,nvp_vclk1,Max Delay Datapath Only,G2B_ONECH_C2H/overflow_count_source_reg[29]/R,1,1,IDENTICAL
CDC-15,Warning,Clock enable controlled CDC structure detected,0,userclk1,nvp_vclk1,Max Delay Datapath Only,G2B_ONECH_C2H/overflow_count_source_reg[2]/R,1,1,IDENTICAL
CDC-15,Warning,Clock enable controlled CDC structure detected,0,userclk1,nvp_vclk1,Max Delay Datapath Only,G2B_ONECH_C2H/overflow_count_source_reg[30]/R,1,1,IDENTICAL
CDC-15,Warning,Clock enable controlled CDC structure detected,0,userclk1,nvp_vclk1,Max Delay Datapath Only,G2B_ONECH_C2H/overflow_count_source_reg[31]/R,1,1,IDENTICAL
CDC-15,Warning,Clock enable controlled CDC structure detected,0,userclk1,nvp_vclk1,Max Delay Datapath Only,G2B_ONECH_C2H/overflow_count_source_reg[3]/R,1,1,IDENTICAL
CDC-15,Warning,Clock enable controlled CDC structure detected,0,userclk1,nvp_vclk1,Max Delay Datapath Only,G2B_ONECH_C2H/overflow_count_source_reg[4]/R,1,1,IDENTICAL
CDC-15,Warning,Clock enable controlled CDC structure detected,0,userclk1,nvp_vclk1,Max Delay Datapath Only,G2B_ONECH_C2H/overflow_count_source_reg[5]/R,1,1,IDENTICAL
CDC-15,Warning,Clock enable controlled CDC structure detected,0,userclk1,nvp_vclk1,Max Delay Datapath Only,G2B_ONECH_C2H/overflow_count_source_reg[6]/R,1,1,IDENTICAL
CDC-15,Warning,Clock enable controlled CDC structure detected,0,userclk1,nvp_vclk1,Max Delay Datapath Only,G2B_ONECH_C2H/overflow_count_source_reg[7]/R,1,1,IDENTICAL
CDC-15,Warning,Clock enable controlled CDC structure detected,0,userclk1,nvp_vclk1,Max Delay Datapath Only,G2B_ONECH_C2H/overflow_count_source_reg[8]/R,1,1,IDENTICAL
CDC-15,Warning,Clock enable controlled CDC structure detected,0,userclk1,nvp_vclk1,Max Delay Datapath Only,G2B_ONECH_C2H/overflow_count_source_reg[9]/R,1,1,IDENTICAL
CDC-15,Warning,Clock enable controlled CDC structure detected,0,userclk1,nvp_vclk1,Max Delay Datapath Only,G2B_ONECH_C2H/records_attempted_source_reg[0]/R,1,1,IDENTICAL
CDC-15,Warning,Clock enable controlled CDC structure detected,0,userclk1,nvp_vclk1,Max Delay Datapath Only,G2B_ONECH_C2H/records_attempted_source_reg[10]/R,1,1,IDENTICAL
CDC-15,Warning,Clock enable controlled CDC structure detected,0,userclk1,nvp_vclk1,Max Delay Datapath Only,G2B_ONECH_C2H/records_attempted_source_reg[11]/R,1,1,IDENTICAL
CDC-15,Warning,Clock enable controlled CDC structure detected,0,userclk1,nvp_vclk1,Max Delay Datapath Only,G2B_ONECH_C2H/records_attempted_source_reg[12]/R,1,1,IDENTICAL
CDC-15,Warning,Clock enable controlled CDC structure detected,0,userclk1,nvp_vclk1,Max Delay Datapath Only,G2B_ONECH_C2H/records_attempted_source_reg[13]/R,1,1,IDENTICAL
CDC-15,Warning,Clock enable controlled CDC structure detected,0,userclk1,nvp_vclk1,Max Delay Datapath Only,G2B_ONECH_C2H/records_attempted_source_reg[14]/R,1,1,IDENTICAL
CDC-15,Warning,Clock enable controlled CDC structure detected,0,userclk1,nvp_vclk1,Max Delay Datapath Only,G2B_ONECH_C2H/records_attempted_source_reg[15]/R,1,1,IDENTICAL
CDC-15,Warning,Clock enable controlled CDC structure detected,0,userclk1,nvp_vclk1,Max Delay Datapath Only,G2B_ONECH_C2H/records_attempted_source_reg[16]/R,1,1,IDENTICAL
CDC-15,Warning,Clock enable controlled CDC structure detected,0,userclk1,nvp_vclk1,Max Delay Datapath Only,G2B_ONECH_C2H/records_attempted_source_reg[17]/R,1,1,IDENTICAL
CDC-15,Warning,Clock enable controlled CDC structure detected,0,userclk1,nvp_vclk1,Max Delay Datapath Only,G2B_ONECH_C2H/records_attempted_source_reg[18]/R,1,1,IDENTICAL
CDC-15,Warning,Clock enable controlled CDC structure detected,0,userclk1,nvp_vclk1,Max Delay Datapath Only,G2B_ONECH_C2H/records_attempted_source_reg[19]/R,1,1,IDENTICAL
CDC-15,Warning,Clock enable controlled CDC structure detected,0,userclk1,nvp_vclk1,Max Delay Datapath Only,G2B_ONECH_C2H/records_attempted_source_reg[1]/R,1,1,IDENTICAL
CDC-15,Warning,Clock enable controlled CDC structure detected,0,userclk1,nvp_vclk1,Max Delay Datapath Only,G2B_ONECH_C2H/records_attempted_source_reg[20]/R,1,1,IDENTICAL
CDC-15,Warning,Clock enable controlled CDC structure detected,0,userclk1,nvp_vclk1,Max Delay Datapath Only,G2B_ONECH_C2H/records_attempted_source_reg[21]/R,1,1,IDENTICAL
CDC-15,Warning,Clock enable controlled CDC structure detected,0,userclk1,nvp_vclk1,Max Delay Datapath Only,G2B_ONECH_C2H/records_attempted_source_reg[22]/R,1,1,IDENTICAL
CDC-15,Warning,Clock enable controlled CDC structure detected,0,userclk1,nvp_vclk1,Max Delay Datapath Only,G2B_ONECH_C2H/records_attempted_source_reg[23]/R,1,1,IDENTICAL
CDC-15,Warning,Clock enable controlled CDC structure detected,0,userclk1,nvp_vclk1,Max Delay Datapath Only,G2B_ONECH_C2H/records_attempted_source_reg[24]/R,1,1,IDENTICAL
CDC-15,Warning,Clock enable controlled CDC structure detected,0,userclk1,nvp_vclk1,Max Delay Datapath Only,G2B_ONECH_C2H/records_attempted_source_reg[25]/R,1,1,IDENTICAL
CDC-15,Warning,Clock enable controlled CDC structure detected,0,userclk1,nvp_vclk1,Max Delay Datapath Only,G2B_ONECH_C2H/records_attempted_source_reg[26]/R,1,1,IDENTICAL
CDC-15,Warning,Clock enable controlled CDC structure detected,0,userclk1,nvp_vclk1,Max Delay Datapath Only,G2B_ONECH_C2H/records_attempted_source_reg[27]/R,1,1,IDENTICAL
CDC-15,Warning,Clock enable controlled CDC structure detected,0,userclk1,nvp_vclk1,Max Delay Datapath Only,G2B_ONECH_C2H/records_attempted_source_reg[28]/R,1,1,IDENTICAL
CDC-15,Warning,Clock enable controlled CDC structure detected,0,userclk1,nvp_vclk1,Max Delay Datapath Only,G2B_ONECH_C2H/records_attempted_source_reg[29]/R,1,1,IDENTICAL
CDC-15,Warning,Clock enable controlled CDC structure detected,0,userclk1,nvp_vclk1,Max Delay Datapath Only,G2B_ONECH_C2H/records_attempted_source_reg[2]/R,1,1,IDENTICAL
CDC-15,Warning,Clock enable controlled CDC structure detected,0,userclk1,nvp_vclk1,Max Delay Datapath Only,G2B_ONECH_C2H/records_attempted_source_reg[30]/R,1,1,IDENTICAL
CDC-15,Warning,Clock enable controlled CDC structure detected,0,userclk1,nvp_vclk1,Max Delay Datapath Only,G2B_ONECH_C2H/records_attempted_source_reg[31]/R,1,1,IDENTICAL
CDC-15,Warning,Clock enable controlled CDC structure detected,0,userclk1,nvp_vclk1,Max Delay Datapath Only,G2B_ONECH_C2H/records_attempted_source_reg[3]/R,1,1,IDENTICAL
CDC-15,Warning,Clock enable controlled CDC structure detected,0,userclk1,nvp_vclk1,Max Delay Datapath Only,G2B_ONECH_C2H/records_attempted_source_reg[4]/R,1,1,IDENTICAL
CDC-15,Warning,Clock enable controlled CDC structure detected,0,userclk1,nvp_vclk1,Max Delay Datapath Only,G2B_ONECH_C2H/records_attempted_source_reg[5]/R,1,1,IDENTICAL
CDC-15,Warning,Clock enable controlled CDC structure detected,0,userclk1,nvp_vclk1,Max Delay Datapath Only,G2B_ONECH_C2H/records_attempted_source_reg[6]/R,1,1,IDENTICAL
CDC-15,Warning,Clock enable controlled CDC structure detected,0,userclk1,nvp_vclk1,Max Delay Datapath Only,G2B_ONECH_C2H/records_attempted_source_reg[7]/R,1,1,IDENTICAL
CDC-15,Warning,Clock enable controlled CDC structure detected,0,userclk1,nvp_vclk1,Max Delay Datapath Only,G2B_ONECH_C2H/records_attempted_source_reg[8]/R,1,1,IDENTICAL
CDC-15,Warning,Clock enable controlled CDC structure detected,0,userclk1,nvp_vclk1,Max Delay Datapath Only,G2B_ONECH_C2H/records_attempted_source_reg[9]/R,1,1,IDENTICAL
CDC-15,Warning,Clock enable controlled CDC structure detected,0,userclk1,nvp_vclk1,Max Delay Datapath Only,G2B_ONECH_C2H/records_committed_source_reg[0]/R,1,1,IDENTICAL
CDC-15,Warning,Clock enable controlled CDC structure detected,0,userclk1,nvp_vclk1,Max Delay Datapath Only,G2B_ONECH_C2H/records_committed_source_reg[10]/R,1,1,IDENTICAL
CDC-15,Warning,Clock enable controlled CDC structure detected,0,userclk1,nvp_vclk1,Max Delay Datapath Only,G2B_ONECH_C2H/records_committed_source_reg[11]/R,1,1,IDENTICAL
CDC-15,Warning,Clock enable controlled CDC structure detected,0,userclk1,nvp_vclk1,Max Delay Datapath Only,G2B_ONECH_C2H/records_committed_source_reg[12]/R,1,1,IDENTICAL
CDC-15,Warning,Clock enable controlled CDC structure detected,0,userclk1,nvp_vclk1,Max Delay Datapath Only,G2B_ONECH_C2H/records_committed_source_reg[13]/R,1,1,IDENTICAL
CDC-15,Warning,Clock enable controlled CDC structure detected,0,userclk1,nvp_vclk1,Max Delay Datapath Only,G2B_ONECH_C2H/records_committed_source_reg[14]/R,1,1,IDENTICAL
CDC-15,Warning,Clock enable controlled CDC structure detected,0,userclk1,nvp_vclk1,Max Delay Datapath Only,G2B_ONECH_C2H/records_committed_source_reg[15]/R,1,1,IDENTICAL
CDC-15,Warning,Clock enable controlled CDC structure detected,0,userclk1,nvp_vclk1,Max Delay Datapath Only,G2B_ONECH_C2H/records_committed_source_reg[16]/R,1,1,IDENTICAL
CDC-15,Warning,Clock enable controlled CDC structure detected,0,userclk1,nvp_vclk1,Max Delay Datapath Only,G2B_ONECH_C2H/records_committed_source_reg[17]/R,1,1,IDENTICAL
CDC-15,Warning,Clock enable controlled CDC structure detected,0,userclk1,nvp_vclk1,Max Delay Datapath Only,G2B_ONECH_C2H/records_committed_source_reg[18]/R,1,1,IDENTICAL
CDC-15,Warning,Clock enable controlled CDC structure detected,0,userclk1,nvp_vclk1,Max Delay Datapath Only,G2B_ONECH_C2H/records_committed_source_reg[19]/R,1,1,IDENTICAL
CDC-15,Warning,Clock enable controlled CDC structure detected,0,userclk1,nvp_vclk1,Max Delay Datapath Only,G2B_ONECH_C2H/records_committed_source_reg[1]/R,1,1,IDENTICAL
CDC-15,Warning,Clock enable controlled CDC structure detected,0,userclk1,nvp_vclk1,Max Delay Datapath Only,G2B_ONECH_C2H/records_committed_source_reg[20]/R,1,1,IDENTICAL
CDC-15,Warning,Clock enable controlled CDC structure detected,0,userclk1,nvp_vclk1,Max Delay Datapath Only,G2B_ONECH_C2H/records_committed_source_reg[21]/R,1,1,IDENTICAL
CDC-15,Warning,Clock enable controlled CDC structure detected,0,userclk1,nvp_vclk1,Max Delay Datapath Only,G2B_ONECH_C2H/records_committed_source_reg[22]/R,1,1,IDENTICAL
CDC-15,Warning,Clock enable controlled CDC structure detected,0,userclk1,nvp_vclk1,Max Delay Datapath Only,G2B_ONECH_C2H/records_committed_source_reg[23]/R,1,1,IDENTICAL
CDC-15,Warning,Clock enable controlled CDC structure detected,0,userclk1,nvp_vclk1,Max Delay Datapath Only,G2B_ONECH_C2H/records_committed_source_reg[24]/R,1,1,IDENTICAL
CDC-15,Warning,Clock enable controlled CDC structure detected,0,userclk1,nvp_vclk1,Max Delay Datapath Only,G2B_ONECH_C2H/records_committed_source_reg[25]/R,1,1,IDENTICAL
CDC-15,Warning,Clock enable controlled CDC structure detected,0,userclk1,nvp_vclk1,Max Delay Datapath Only,G2B_ONECH_C2H/records_committed_source_reg[26]/R,1,1,IDENTICAL
CDC-15,Warning,Clock enable controlled CDC structure detected,0,userclk1,nvp_vclk1,Max Delay Datapath Only,G2B_ONECH_C2H/records_committed_source_reg[27]/R,1,1,IDENTICAL
CDC-15,Warning,Clock enable controlled CDC structure detected,0,userclk1,nvp_vclk1,Max Delay Datapath Only,G2B_ONECH_C2H/records_committed_source_reg[28]/R,1,1,IDENTICAL
CDC-15,Warning,Clock enable controlled CDC structure detected,0,userclk1,nvp_vclk1,Max Delay Datapath Only,G2B_ONECH_C2H/records_committed_source_reg[29]/R,1,1,IDENTICAL
CDC-15,Warning,Clock enable controlled CDC structure detected,0,userclk1,nvp_vclk1,Max Delay Datapath Only,G2B_ONECH_C2H/records_committed_source_reg[2]/R,1,1,IDENTICAL
CDC-15,Warning,Clock enable controlled CDC structure detected,0,userclk1,nvp_vclk1,Max Delay Datapath Only,G2B_ONECH_C2H/records_committed_source_reg[30]/R,1,1,IDENTICAL
CDC-15,Warning,Clock enable controlled CDC structure detected,0,userclk1,nvp_vclk1,Max Delay Datapath Only,G2B_ONECH_C2H/records_committed_source_reg[31]/R,1,1,IDENTICAL
CDC-15,Warning,Clock enable controlled CDC structure detected,0,userclk1,nvp_vclk1,Max Delay Datapath Only,G2B_ONECH_C2H/records_committed_source_reg[3]/R,1,1,IDENTICAL
CDC-15,Warning,Clock enable controlled CDC structure detected,0,userclk1,nvp_vclk1,Max Delay Datapath Only,G2B_ONECH_C2H/records_committed_source_reg[4]/R,1,1,IDENTICAL
CDC-15,Warning,Clock enable controlled CDC structure detected,0,userclk1,nvp_vclk1,Max Delay Datapath Only,G2B_ONECH_C2H/records_committed_source_reg[5]/R,1,1,IDENTICAL
CDC-15,Warning,Clock enable controlled CDC structure detected,0,userclk1,nvp_vclk1,Max Delay Datapath Only,G2B_ONECH_C2H/records_committed_source_reg[6]/R,1,1,IDENTICAL
CDC-15,Warning,Clock enable controlled CDC structure detected,0,userclk1,nvp_vclk1,Max Delay Datapath Only,G2B_ONECH_C2H/records_committed_source_reg[7]/R,1,1,IDENTICAL
CDC-15,Warning,Clock enable controlled CDC structure detected,0,userclk1,nvp_vclk1,Max Delay Datapath Only,G2B_ONECH_C2H/records_committed_source_reg[8]/R,1,1,IDENTICAL
CDC-15,Warning,Clock enable controlled CDC structure detected,0,userclk1,nvp_vclk1,Max Delay Datapath Only,G2B_ONECH_C2H/records_committed_source_reg[9]/R,1,1,IDENTICAL
CDC-15,Warning,Clock enable controlled CDC structure detected,0,userclk1,nvp_vclk1,Max Delay Datapath Only,G2B_ONECH_C2H/records_dropped_source_reg[0]/R,1,1,IDENTICAL
CDC-15,Warning,Clock enable controlled CDC structure detected,0,userclk1,nvp_vclk1,Max Delay Datapath Only,G2B_ONECH_C2H/records_dropped_source_reg[10]/R,1,1,IDENTICAL
CDC-15,Warning,Clock enable controlled CDC structure detected,0,userclk1,nvp_vclk1,Max Delay Datapath Only,G2B_ONECH_C2H/records_dropped_source_reg[11]/R,1,1,IDENTICAL
CDC-15,Warning,Clock enable controlled CDC structure detected,0,userclk1,nvp_vclk1,Max Delay Datapath Only,G2B_ONECH_C2H/records_dropped_source_reg[12]/R,1,1,IDENTICAL
CDC-15,Warning,Clock enable controlled CDC structure detected,0,userclk1,nvp_vclk1,Max Delay Datapath Only,G2B_ONECH_C2H/records_dropped_source_reg[13]/R,1,1,IDENTICAL
CDC-15,Warning,Clock enable controlled CDC structure detected,0,userclk1,nvp_vclk1,Max Delay Datapath Only,G2B_ONECH_C2H/records_dropped_source_reg[14]/R,1,1,IDENTICAL
CDC-15,Warning,Clock enable controlled CDC structure detected,0,userclk1,nvp_vclk1,Max Delay Datapath Only,G2B_ONECH_C2H/records_dropped_source_reg[15]/R,1,1,IDENTICAL
CDC-15,Warning,Clock enable controlled CDC structure detected,0,userclk1,nvp_vclk1,Max Delay Datapath Only,G2B_ONECH_C2H/records_dropped_source_reg[16]/R,1,1,IDENTICAL
CDC-15,Warning,Clock enable controlled CDC structure detected,0,userclk1,nvp_vclk1,Max Delay Datapath Only,G2B_ONECH_C2H/records_dropped_source_reg[17]/R,1,1,IDENTICAL
CDC-15,Warning,Clock enable controlled CDC structure detected,0,userclk1,nvp_vclk1,Max Delay Datapath Only,G2B_ONECH_C2H/records_dropped_source_reg[18]/R,1,1,IDENTICAL
CDC-15,Warning,Clock enable controlled CDC structure detected,0,userclk1,nvp_vclk1,Max Delay Datapath Only,G2B_ONECH_C2H/records_dropped_source_reg[19]/R,1,1,IDENTICAL
CDC-15,Warning,Clock enable controlled CDC structure detected,0,userclk1,nvp_vclk1,Max Delay Datapath Only,G2B_ONECH_C2H/records_dropped_source_reg[1]/R,1,1,IDENTICAL
CDC-15,Warning,Clock enable controlled CDC structure detected,0,userclk1,nvp_vclk1,Max Delay Datapath Only,G2B_ONECH_C2H/records_dropped_source_reg[20]/R,1,1,IDENTICAL
CDC-15,Warning,Clock enable controlled CDC structure detected,0,userclk1,nvp_vclk1,Max Delay Datapath Only,G2B_ONECH_C2H/records_dropped_source_reg[21]/R,1,1,IDENTICAL
CDC-15,Warning,Clock enable controlled CDC structure detected,0,userclk1,nvp_vclk1,Max Delay Datapath Only,G2B_ONECH_C2H/records_dropped_source_reg[22]/R,1,1,IDENTICAL
CDC-15,Warning,Clock enable controlled CDC structure detected,0,userclk1,nvp_vclk1,Max Delay Datapath Only,G2B_ONECH_C2H/records_dropped_source_reg[23]/R,1,1,IDENTICAL
CDC-15,Warning,Clock enable controlled CDC structure detected,0,userclk1,nvp_vclk1,Max Delay Datapath Only,G2B_ONECH_C2H/records_dropped_source_reg[24]/R,1,1,IDENTICAL
CDC-15,Warning,Clock enable controlled CDC structure detected,0,userclk1,nvp_vclk1,Max Delay Datapath Only,G2B_ONECH_C2H/records_dropped_source_reg[25]/R,1,1,IDENTICAL
CDC-15,Warning,Clock enable controlled CDC structure detected,0,userclk1,nvp_vclk1,Max Delay Datapath Only,G2B_ONECH_C2H/records_dropped_source_reg[26]/R,1,1,IDENTICAL
CDC-15,Warning,Clock enable controlled CDC structure detected,0,userclk1,nvp_vclk1,Max Delay Datapath Only,G2B_ONECH_C2H/records_dropped_source_reg[27]/R,1,1,IDENTICAL
CDC-15,Warning,Clock enable controlled CDC structure detected,0,userclk1,nvp_vclk1,Max Delay Datapath Only,G2B_ONECH_C2H/records_dropped_source_reg[28]/R,1,1,IDENTICAL
CDC-15,Warning,Clock enable controlled CDC structure detected,0,userclk1,nvp_vclk1,Max Delay Datapath Only,G2B_ONECH_C2H/records_dropped_source_reg[29]/R,1,1,IDENTICAL
CDC-15,Warning,Clock enable controlled CDC structure detected,0,userclk1,nvp_vclk1,Max Delay Datapath Only,G2B_ONECH_C2H/records_dropped_source_reg[2]/R,1,1,IDENTICAL
CDC-15,Warning,Clock enable controlled CDC structure detected,0,userclk1,nvp_vclk1,Max Delay Datapath Only,G2B_ONECH_C2H/records_dropped_source_reg[30]/R,1,1,IDENTICAL
CDC-15,Warning,Clock enable controlled CDC structure detected,0,userclk1,nvp_vclk1,Max Delay Datapath Only,G2B_ONECH_C2H/records_dropped_source_reg[31]/R,1,1,IDENTICAL
CDC-15,Warning,Clock enable controlled CDC structure detected,0,userclk1,nvp_vclk1,Max Delay Datapath Only,G2B_ONECH_C2H/records_dropped_source_reg[3]/R,1,1,IDENTICAL
CDC-15,Warning,Clock enable controlled CDC structure detected,0,userclk1,nvp_vclk1,Max Delay Datapath Only,G2B_ONECH_C2H/records_dropped_source_reg[4]/R,1,1,IDENTICAL
CDC-15,Warning,Clock enable controlled CDC structure detected,0,userclk1,nvp_vclk1,Max Delay Datapath Only,G2B_ONECH_C2H/records_dropped_source_reg[5]/R,1,1,IDENTICAL
CDC-15,Warning,Clock enable controlled CDC structure detected,0,userclk1,nvp_vclk1,Max Delay Datapath Only,G2B_ONECH_C2H/records_dropped_source_reg[6]/R,1,1,IDENTICAL
CDC-15,Warning,Clock enable controlled CDC structure detected,0,userclk1,nvp_vclk1,Max Delay Datapath Only,G2B_ONECH_C2H/records_dropped_source_reg[7]/R,1,1,IDENTICAL
CDC-15,Warning,Clock enable controlled CDC structure detected,0,userclk1,nvp_vclk1,Max Delay Datapath Only,G2B_ONECH_C2H/records_dropped_source_reg[8]/R,1,1,IDENTICAL
CDC-15,Warning,Clock enable controlled CDC structure detected,0,userclk1,nvp_vclk1,Max Delay Datapath Only,G2B_ONECH_C2H/records_dropped_source_reg[9]/R,1,1,IDENTICAL
CDC-15,Warning,Clock enable controlled CDC structure detected,0,userclk1,nvp_vclk1,Max Delay Datapath Only,G2B_ONECH_C2H/reset_abandoned_hold_source_reg[0]/D,1,1,IDENTICAL
CDC-15,Warning,Clock enable controlled CDC structure detected,0,userclk1,nvp_vclk1,Max Delay Datapath Only,G2B_ONECH_C2H/reset_abandoned_hold_source_reg[1]/D,1,1,IDENTICAL
CDC-15,Warning,Clock enable controlled CDC structure detected,0,userclk1,nvp_vclk1,Max Delay Datapath Only,G2B_ONECH_C2H/reset_abandoned_hold_source_reg[2]/D,1,1,IDENTICAL
CDC-15,Warning,Clock enable controlled CDC structure detected,0,userclk1,nvp_vclk1,Max Delay Datapath Only,G2B_ONECH_C2H/reset_epoch_source_reg[0]/D,1,1,IDENTICAL
CDC-15,Warning,Clock enable controlled CDC structure detected,0,userclk1,nvp_vclk1,Max Delay Datapath Only,G2B_ONECH_C2H/reset_epoch_source_reg[10]/D,1,1,IDENTICAL
CDC-15,Warning,Clock enable controlled CDC structure detected,0,userclk1,nvp_vclk1,Max Delay Datapath Only,G2B_ONECH_C2H/reset_epoch_source_reg[11]/D,1,1,IDENTICAL
CDC-15,Warning,Clock enable controlled CDC structure detected,0,userclk1,nvp_vclk1,Max Delay Datapath Only,G2B_ONECH_C2H/reset_epoch_source_reg[12]/D,1,1,IDENTICAL
CDC-15,Warning,Clock enable controlled CDC structure detected,0,userclk1,nvp_vclk1,Max Delay Datapath Only,G2B_ONECH_C2H/reset_epoch_source_reg[13]/D,1,1,IDENTICAL
CDC-15,Warning,Clock enable controlled CDC structure detected,0,userclk1,nvp_vclk1,Max Delay Datapath Only,G2B_ONECH_C2H/reset_epoch_source_reg[14]/D,1,1,IDENTICAL
CDC-15,Warning,Clock enable controlled CDC structure detected,0,userclk1,nvp_vclk1,Max Delay Datapath Only,G2B_ONECH_C2H/reset_epoch_source_reg[15]/D,1,1,IDENTICAL
CDC-15,Warning,Clock enable controlled CDC structure detected,0,userclk1,nvp_vclk1,Max Delay Datapath Only,G2B_ONECH_C2H/reset_epoch_source_reg[16]/D,1,1,IDENTICAL
CDC-15,Warning,Clock enable controlled CDC structure detected,0,userclk1,nvp_vclk1,Max Delay Datapath Only,G2B_ONECH_C2H/reset_epoch_source_reg[17]/D,1,1,IDENTICAL
CDC-15,Warning,Clock enable controlled CDC structure detected,0,userclk1,nvp_vclk1,Max Delay Datapath Only,G2B_ONECH_C2H/reset_epoch_source_reg[18]/D,1,1,IDENTICAL
CDC-15,Warning,Clock enable controlled CDC structure detected,0,userclk1,nvp_vclk1,Max Delay Datapath Only,G2B_ONECH_C2H/reset_epoch_source_reg[19]/D,1,1,IDENTICAL
CDC-15,Warning,Clock enable controlled CDC structure detected,0,userclk1,nvp_vclk1,Max Delay Datapath Only,G2B_ONECH_C2H/reset_epoch_source_reg[1]/D,1,1,IDENTICAL
CDC-15,Warning,Clock enable controlled CDC structure detected,0,userclk1,nvp_vclk1,Max Delay Datapath Only,G2B_ONECH_C2H/reset_epoch_source_reg[20]/D,1,1,IDENTICAL
CDC-15,Warning,Clock enable controlled CDC structure detected,0,userclk1,nvp_vclk1,Max Delay Datapath Only,G2B_ONECH_C2H/reset_epoch_source_reg[21]/D,1,1,IDENTICAL
CDC-15,Warning,Clock enable controlled CDC structure detected,0,userclk1,nvp_vclk1,Max Delay Datapath Only,G2B_ONECH_C2H/reset_epoch_source_reg[22]/D,1,1,IDENTICAL
CDC-15,Warning,Clock enable controlled CDC structure detected,0,userclk1,nvp_vclk1,Max Delay Datapath Only,G2B_ONECH_C2H/reset_epoch_source_reg[23]/D,1,1,IDENTICAL
CDC-15,Warning,Clock enable controlled CDC structure detected,0,userclk1,nvp_vclk1,Max Delay Datapath Only,G2B_ONECH_C2H/reset_epoch_source_reg[24]/D,1,1,IDENTICAL
CDC-15,Warning,Clock enable controlled CDC structure detected,0,userclk1,nvp_vclk1,Max Delay Datapath Only,G2B_ONECH_C2H/reset_epoch_source_reg[25]/D,1,1,IDENTICAL
CDC-15,Warning,Clock enable controlled CDC structure detected,0,userclk1,nvp_vclk1,Max Delay Datapath Only,G2B_ONECH_C2H/reset_epoch_source_reg[26]/D,1,1,IDENTICAL
CDC-15,Warning,Clock enable controlled CDC structure detected,0,userclk1,nvp_vclk1,Max Delay Datapath Only,G2B_ONECH_C2H/reset_epoch_source_reg[27]/D,1,1,IDENTICAL
CDC-15,Warning,Clock enable controlled CDC structure detected,0,userclk1,nvp_vclk1,Max Delay Datapath Only,G2B_ONECH_C2H/reset_epoch_source_reg[28]/D,1,1,IDENTICAL
CDC-15,Warning,Clock enable controlled CDC structure detected,0,userclk1,nvp_vclk1,Max Delay Datapath Only,G2B_ONECH_C2H/reset_epoch_source_reg[29]/D,1,1,IDENTICAL
CDC-15,Warning,Clock enable controlled CDC structure detected,0,userclk1,nvp_vclk1,Max Delay Datapath Only,G2B_ONECH_C2H/reset_epoch_source_reg[2]/D,1,1,IDENTICAL
CDC-15,Warning,Clock enable controlled CDC structure detected,0,userclk1,nvp_vclk1,Max Delay Datapath Only,G2B_ONECH_C2H/reset_epoch_source_reg[30]/D,1,1,IDENTICAL
CDC-15,Warning,Clock enable controlled CDC structure detected,0,userclk1,nvp_vclk1,Max Delay Datapath Only,G2B_ONECH_C2H/reset_epoch_source_reg[31]/D,1,1,IDENTICAL
CDC-15,Warning,Clock enable controlled CDC structure detected,0,userclk1,nvp_vclk1,Max Delay Datapath Only,G2B_ONECH_C2H/reset_epoch_source_reg[3]/D,1,1,IDENTICAL
CDC-15,Warning,Clock enable controlled CDC structure detected,0,userclk1,nvp_vclk1,Max Delay Datapath Only,G2B_ONECH_C2H/reset_epoch_source_reg[4]/D,1,1,IDENTICAL
CDC-15,Warning,Clock enable controlled CDC structure detected,0,userclk1,nvp_vclk1,Max Delay Datapath Only,G2B_ONECH_C2H/reset_epoch_source_reg[5]/D,1,1,IDENTICAL
CDC-15,Warning,Clock enable controlled CDC structure detected,0,userclk1,nvp_vclk1,Max Delay Datapath Only,G2B_ONECH_C2H/reset_epoch_source_reg[6]/D,1,1,IDENTICAL
CDC-15,Warning,Clock enable controlled CDC structure detected,0,userclk1,nvp_vclk1,Max Delay Datapath Only,G2B_ONECH_C2H/reset_epoch_source_reg[7]/D,1,1,IDENTICAL
CDC-15,Warning,Clock enable controlled CDC structure detected,0,userclk1,nvp_vclk1,Max Delay Datapath Only,G2B_ONECH_C2H/reset_epoch_source_reg[8]/D,1,1,IDENTICAL
CDC-15,Warning,Clock enable controlled CDC structure detected,0,userclk1,nvp_vclk1,Max Delay Datapath Only,G2B_ONECH_C2H/reset_epoch_source_reg[9]/D,1,1,IDENTICAL
CDC-15,Warning,Clock enable controlled CDC structure detected,0,userclk1,nvp_vclk1,Max Delay Datapath Only,G2B_ONECH_C2H/snapshot_epoch_echo_source_reg[0]/D,1,1,IDENTICAL
CDC-15,Warning,Clock enable controlled CDC structure detected,0,userclk1,nvp_vclk1,Max Delay Datapath Only,G2B_ONECH_C2H/snapshot_epoch_echo_source_reg[10]/D,1,1,IDENTICAL
CDC-15,Warning,Clock enable controlled CDC structure detected,0,userclk1,nvp_vclk1,Max Delay Datapath Only,G2B_ONECH_C2H/snapshot_epoch_echo_source_reg[11]/D,1,1,IDENTICAL
CDC-15,Warning,Clock enable controlled CDC structure detected,0,userclk1,nvp_vclk1,Max Delay Datapath Only,G2B_ONECH_C2H/snapshot_epoch_echo_source_reg[12]/D,1,1,IDENTICAL
CDC-15,Warning,Clock enable controlled CDC structure detected,0,userclk1,nvp_vclk1,Max Delay Datapath Only,G2B_ONECH_C2H/snapshot_epoch_echo_source_reg[13]/D,1,1,IDENTICAL
CDC-15,Warning,Clock enable controlled CDC structure detected,0,userclk1,nvp_vclk1,Max Delay Datapath Only,G2B_ONECH_C2H/snapshot_epoch_echo_source_reg[14]/D,1,1,IDENTICAL
CDC-15,Warning,Clock enable controlled CDC structure detected,0,userclk1,nvp_vclk1,Max Delay Datapath Only,G2B_ONECH_C2H/snapshot_epoch_echo_source_reg[15]/D,1,1,IDENTICAL
CDC-15,Warning,Clock enable controlled CDC structure detected,0,userclk1,nvp_vclk1,Max Delay Datapath Only,G2B_ONECH_C2H/snapshot_epoch_echo_source_reg[16]/D,1,1,IDENTICAL
CDC-15,Warning,Clock enable controlled CDC structure detected,0,userclk1,nvp_vclk1,Max Delay Datapath Only,G2B_ONECH_C2H/snapshot_epoch_echo_source_reg[17]/D,1,1,IDENTICAL
CDC-15,Warning,Clock enable controlled CDC structure detected,0,userclk1,nvp_vclk1,Max Delay Datapath Only,G2B_ONECH_C2H/snapshot_epoch_echo_source_reg[18]/D,1,1,IDENTICAL
CDC-15,Warning,Clock enable controlled CDC structure detected,0,userclk1,nvp_vclk1,Max Delay Datapath Only,G2B_ONECH_C2H/snapshot_epoch_echo_source_reg[19]/D,1,1,IDENTICAL
CDC-15,Warning,Clock enable controlled CDC structure detected,0,userclk1,nvp_vclk1,Max Delay Datapath Only,G2B_ONECH_C2H/snapshot_epoch_echo_source_reg[1]/D,1,1,IDENTICAL
CDC-15,Warning,Clock enable controlled CDC structure detected,0,userclk1,nvp_vclk1,Max Delay Datapath Only,G2B_ONECH_C2H/snapshot_epoch_echo_source_reg[20]/D,1,1,IDENTICAL
CDC-15,Warning,Clock enable controlled CDC structure detected,0,userclk1,nvp_vclk1,Max Delay Datapath Only,G2B_ONECH_C2H/snapshot_epoch_echo_source_reg[21]/D,1,1,IDENTICAL
CDC-15,Warning,Clock enable controlled CDC structure detected,0,userclk1,nvp_vclk1,Max Delay Datapath Only,G2B_ONECH_C2H/snapshot_epoch_echo_source_reg[22]/D,1,1,IDENTICAL
CDC-15,Warning,Clock enable controlled CDC structure detected,0,userclk1,nvp_vclk1,Max Delay Datapath Only,G2B_ONECH_C2H/snapshot_epoch_echo_source_reg[23]/D,1,1,IDENTICAL
CDC-15,Warning,Clock enable controlled CDC structure detected,0,userclk1,nvp_vclk1,Max Delay Datapath Only,G2B_ONECH_C2H/snapshot_epoch_echo_source_reg[24]/D,1,1,IDENTICAL
CDC-15,Warning,Clock enable controlled CDC structure detected,0,userclk1,nvp_vclk1,Max Delay Datapath Only,G2B_ONECH_C2H/snapshot_epoch_echo_source_reg[25]/D,1,1,IDENTICAL
CDC-15,Warning,Clock enable controlled CDC structure detected,0,userclk1,nvp_vclk1,Max Delay Datapath Only,G2B_ONECH_C2H/snapshot_epoch_echo_source_reg[26]/D,1,1,IDENTICAL
CDC-15,Warning,Clock enable controlled CDC structure detected,0,userclk1,nvp_vclk1,Max Delay Datapath Only,G2B_ONECH_C2H/snapshot_epoch_echo_source_reg[27]/D,1,1,IDENTICAL
CDC-15,Warning,Clock enable controlled CDC structure detected,0,userclk1,nvp_vclk1,Max Delay Datapath Only,G2B_ONECH_C2H/snapshot_epoch_echo_source_reg[28]/D,1,1,IDENTICAL
CDC-15,Warning,Clock enable controlled CDC structure detected,0,userclk1,nvp_vclk1,Max Delay Datapath Only,G2B_ONECH_C2H/snapshot_epoch_echo_source_reg[29]/D,1,1,IDENTICAL
CDC-15,Warning,Clock enable controlled CDC structure detected,0,userclk1,nvp_vclk1,Max Delay Datapath Only,G2B_ONECH_C2H/snapshot_epoch_echo_source_reg[2]/D,1,1,IDENTICAL
CDC-15,Warning,Clock enable controlled CDC structure detected,0,userclk1,nvp_vclk1,Max Delay Datapath Only,G2B_ONECH_C2H/snapshot_epoch_echo_source_reg[30]/D,1,1,IDENTICAL
CDC-15,Warning,Clock enable controlled CDC structure detected,0,userclk1,nvp_vclk1,Max Delay Datapath Only,G2B_ONECH_C2H/snapshot_epoch_echo_source_reg[31]/D,1,1,IDENTICAL
CDC-15,Warning,Clock enable controlled CDC structure detected,0,userclk1,nvp_vclk1,Max Delay Datapath Only,G2B_ONECH_C2H/snapshot_epoch_echo_source_reg[3]/D,1,1,IDENTICAL
CDC-15,Warning,Clock enable controlled CDC structure detected,0,userclk1,nvp_vclk1,Max Delay Datapath Only,G2B_ONECH_C2H/snapshot_epoch_echo_source_reg[4]/D,1,1,IDENTICAL
CDC-15,Warning,Clock enable controlled CDC structure detected,0,userclk1,nvp_vclk1,Max Delay Datapath Only,G2B_ONECH_C2H/snapshot_epoch_echo_source_reg[5]/D,1,1,IDENTICAL
CDC-15,Warning,Clock enable controlled CDC structure detected,0,userclk1,nvp_vclk1,Max Delay Datapath Only,G2B_ONECH_C2H/snapshot_epoch_echo_source_reg[6]/D,1,1,IDENTICAL
CDC-15,Warning,Clock enable controlled CDC structure detected,0,userclk1,nvp_vclk1,Max Delay Datapath Only,G2B_ONECH_C2H/snapshot_epoch_echo_source_reg[7]/D,1,1,IDENTICAL
CDC-15,Warning,Clock enable controlled CDC structure detected,0,userclk1,nvp_vclk1,Max Delay Datapath Only,G2B_ONECH_C2H/snapshot_epoch_echo_source_reg[8]/D,1,1,IDENTICAL
CDC-15,Warning,Clock enable controlled CDC structure detected,0,userclk1,nvp_vclk1,Max Delay Datapath Only,G2B_ONECH_C2H/snapshot_epoch_echo_source_reg[9]/D,1,1,IDENTICAL
CDC-3,Info,1-bit synchronized with ASYNC_REG property,2,nvp_vclk1,userclk1,False Path,CAPTURE_SUBSYSTEM/MAILBOX/cfg_ack_sync1_pcie_reg/D,1,1,IDENTICAL
CDC-3,Info,1-bit synchronized with ASYNC_REG property,2,nvp_vclk1,userclk1,False Path,CAPTURE_SUBSYSTEM/MAILBOX/status_req_sync1_pcie_reg/D,1,1,IDENTICAL
CDC-3,Info,1-bit synchronized with ASYNC_REG property,2,nvp_vclk1,userclk1,False Path,G2B_ONECH_C2H/drop_sync1_axi_reg/D,1,1,IDENTICAL
CDC-3,Info,1-bit synchronized with ASYNC_REG property,2,nvp_vclk1,userclk1,False Path,G2B_ONECH_C2H/enable_ack_sync1_axi_reg/D,1,1,IDENTICAL
CDC-3,Info,1-bit synchronized with ASYNC_REG property,2,nvp_vclk1,userclk1,False Path,G2B_ONECH_C2H/formatter_fatal_sync1_axi_reg/D,1,1,IDENTICAL
CDC-3,Info,1-bit synchronized with ASYNC_REG property,2,nvp_vclk1,userclk1,False Path,G2B_ONECH_C2H/hard_event_clear_sync1_axi_reg/D,1,1,IDENTICAL
CDC-3,Info,1-bit synchronized with ASYNC_REG property,2,nvp_vclk1,userclk1,False Path,G2B_ONECH_C2H/overflow_sync1_axi_reg/D,1,1,IDENTICAL
CDC-3,Info,1-bit synchronized with ASYNC_REG property,2,nvp_vclk1,userclk1,False Path,G2B_ONECH_C2H/own_ack_sync1_axi_reg/D,1,1,IDENTICAL
CDC-3,Info,1-bit synchronized with ASYNC_REG property,2,nvp_vclk1,userclk1,False Path,G2B_ONECH_C2H/ownership_fatal_sync1_axi_reg/D,1,1,IDENTICAL
CDC-3,Info,1-bit synchronized with ASYNC_REG property,2,nvp_vclk1,userclk1,False Path,G2B_ONECH_C2H/ring_empty_sync1_axi_reg/D,1,1,IDENTICAL
CDC-3,Info,1-bit synchronized with ASYNC_REG property,2,nvp_vclk1,userclk1,False Path,G2B_ONECH_C2H/ring_full_sync1_axi_reg/D,1,1,IDENTICAL
CDC-3,Info,1-bit synchronized with ASYNC_REG property,2,nvp_vclk1,userclk1,False Path,G2B_ONECH_C2H/snapshot_ack_sync1_axi_reg/D,1,1,IDENTICAL
CDC-3,Info,1-bit synchronized with ASYNC_REG property,2,nvp_vclk1,userclk1,False Path,G2B_ONECH_C2H/source_locked_sync1_axi_reg/D,1,1,IDENTICAL
CDC-3,Info,1-bit synchronized with ASYNC_REG property,2,nvp_vclk1,userclk1,False Path,G2B_ONECH_C2H/stats_ack_sync1_axi_reg/D,1,1,IDENTICAL
CDC-3,Info,1-bit synchronized with ASYNC_REG property,2,nvp_vclk1,userclk1,False Path,G2B_ONECH_C2H/transport_ack_sync1_axi_reg/D,1,1,IDENTICAL
CDC-3,Info,1-bit synchronized with ASYNC_REG property,2,userclk1,nvp_vclk1,False Path,CAPTURE_SUBSYSTEM/MAILBOX/cfg_req_sync1_nvp_reg/D,1,1,IDENTICAL
CDC-3,Info,1-bit synchronized with ASYNC_REG property,2,userclk1,nvp_vclk1,False Path,CAPTURE_SUBSYSTEM/MAILBOX/status_ack_sync1_nvp_reg/D,1,1,IDENTICAL
CDC-3,Info,1-bit synchronized with ASYNC_REG property,2,userclk1,nvp_vclk1,False Path,G2B_ONECH_C2H/drop_ack_sync1_source_reg/D,1,1,IDENTICAL
CDC-3,Info,1-bit synchronized with ASYNC_REG property,2,userclk1,nvp_vclk1,False Path,G2B_ONECH_C2H/enable_req_sync1_source_reg/D,1,1,IDENTICAL
CDC-3,Info,1-bit synchronized with ASYNC_REG property,2,userclk1,nvp_vclk1,False Path,G2B_ONECH_C2H/formatter_ack_sync1_source_reg/D,1,1,IDENTICAL
CDC-3,Info,1-bit synchronized with ASYNC_REG property,2,userclk1,nvp_vclk1,False Path,G2B_ONECH_C2H/overflow_ack_sync1_source_reg/D,1,1,IDENTICAL
CDC-3,Info,1-bit synchronized with ASYNC_REG property,2,userclk1,nvp_vclk1,False Path,G2B_ONECH_C2H/own_req_sync1_source_reg/D,1,1,IDENTICAL
CDC-3,Info,1-bit synchronized with ASYNC_REG property,2,userclk1,nvp_vclk1,False Path,G2B_ONECH_C2H/ownership_ack_sync1_source_reg/D,1,1,IDENTICAL
CDC-3,Info,1-bit synchronized with ASYNC_REG property,2,userclk1,nvp_vclk1,False Path,G2B_ONECH_C2H/snapshot_req_sync1_source_reg/D,1,1,IDENTICAL
CDC-3,Info,1-bit synchronized with ASYNC_REG property,2,userclk1,nvp_vclk1,False Path,G2B_ONECH_C2H/stats_req_sync1_source_reg/D,1,1,IDENTICAL
CDC-3,Info,1-bit synchronized with ASYNC_REG property,2,userclk1,nvp_vclk1,False Path,G2B_ONECH_C2H/transport_req_sync1_source_reg/D,1,1,IDENTICAL
CDC-3,Info,1-bit synchronized with ASYNC_REG property,3,clk_125mhz_mux_x0y0,userclk1,False Path,XDMA/inst/xdma_v41_m1_pcie2_to_pcie3_wrapper_i/pcie2_ip_i/inst/inst/phy_lnk_up_cdc/syncstages_ff_reg[0]/D,1,1,IDENTICAL
CDC-3,Info,1-bit synchronized with ASYNC_REG property,3,clk_125mhz_mux_x0y0,userclk1,False Path,XDMA/inst/xdma_v41_m1_pcie2_to_pcie3_wrapper_i/pcie2_ip_i/inst/inst/pl_received_hot_rst_cdc/syncstages_ff_reg[0]/D,1,1,IDENTICAL
CDC-3,Info,1-bit synchronized with ASYNC_REG property,3,clk_250mhz_mux_x0y0,userclk1,False Path,XDMA/inst/xdma_v41_m1_pcie2_to_pcie3_wrapper_i/pcie2_ip_i/inst/inst/phy_lnk_up_cdc/syncstages_ff_reg[0]/D,1,1,IDENTICAL
CDC-3,Info,1-bit synchronized with ASYNC_REG property,3,clk_250mhz_mux_x0y0,userclk1,False Path,XDMA/inst/xdma_v41_m1_pcie2_to_pcie3_wrapper_i/pcie2_ip_i/inst/inst/pl_received_hot_rst_cdc/syncstages_ff_reg[0]/D,1,1,IDENTICAL
CDC-6,Warning,Multi-bit synchronized with ASYNC_REG property,2,nvp_vclk1,userclk1,False Path,CAPTURE_SUBSYSTEM/BAR_TARGET/commit_sync1_reg[1:0]/D,1,1,IDENTICAL
CDC-6,Warning,Multi-bit synchronized with ASYNC_REG property,2,nvp_vclk1,userclk1,False Path,G2B_ONECH_C2H/commit_sync1_axi_reg[3:0]/D,1,1,IDENTICAL
CDC-6,Warning,Multi-bit synchronized with ASYNC_REG property,2,nvp_vclk1,userclk1,Max Delay Datapath Only,CAPTURE_SUBSYSTEM/active_sav_gray_sync1_pcie_reg[31:0]/D,1,1,IDENTICAL
CDC-6,Warning,Multi-bit synchronized with ASYNC_REG property,2,nvp_vclk1,userclk1,Max Delay Datapath Only,CAPTURE_SUBSYSTEM/slot_commit_gray_sync1_pcie_reg[31:0]/D,1,1,IDENTICAL
CDC-6,Warning,Multi-bit synchronized with ASYNC_REG property,2,nvp_vclk1,userclk1,Max Delay Datapath Only,G2B_ONECH_C2H/hard_event_baseline_sync1_axi_reg[3:0]/D,1,1,IDENTICAL
CDC-6,Warning,Multi-bit synchronized with ASYNC_REG property,2,nvp_vclk1,userclk1,Max Delay Datapath Only,G2B_ONECH_C2H/snapshot_attempted_sync1_axi_reg[31:0]/D,1,1,IDENTICAL
CDC-6,Warning,Multi-bit synchronized with ASYNC_REG property,2,nvp_vclk1,userclk1,Max Delay Datapath Only,G2B_ONECH_C2H/snapshot_committed_sync1_axi_reg[31:0]/D,1,1,IDENTICAL
CDC-6,Warning,Multi-bit synchronized with ASYNC_REG property,2,nvp_vclk1,userclk1,Max Delay Datapath Only,G2B_ONECH_C2H/snapshot_dropped_sync1_axi_reg[31:0]/D,1,1,IDENTICAL
CDC-6,Warning,Multi-bit synchronized with ASYNC_REG property,2,nvp_vclk1,userclk1,Max Delay Datapath Only,G2B_ONECH_C2H/snapshot_epoch_sync1_axi_reg[31:0]/D,1,1,IDENTICAL
CDC-6,Warning,Multi-bit synchronized with ASYNC_REG property,2,nvp_vclk1,userclk1,Max Delay Datapath Only,G2B_ONECH_C2H/snapshot_overflow_sync1_axi_reg[31:0]/D,1,1,IDENTICAL
CDC-6,Warning,Multi-bit synchronized with ASYNC_REG property,2,nvp_vclk1,userclk1,Max Delay Datapath Only,vclk_edge_gray_sync1_user_reg[31:0]/D,1,1,IDENTICAL
CDC-6,Warning,Multi-bit synchronized with ASYNC_REG property,2,userclk1,nvp_vclk1,False Path,CAPTURE_SUBSYSTEM/BAR_TARGET/release_sync1_reg[1:0]/D,1,1,IDENTICAL
CDC-6,Warning,Multi-bit synchronized with ASYNC_REG property,2,userclk1,nvp_vclk1,False Path,G2B_ONECH_C2H/release_sync1_source_reg[3:0]/D,1,1,IDENTICAL
CDC-9,Info,Asynchronous reset synchronized with ASYNC_REG property,2,input port clock,clk_125mhz_mux_x0y0,False Path,XDMA/inst/xdma_v41_m1_pcie2_to_pcie3_wrapper_i/pcie2_ip_i/inst/inst/gt_top_i/pipe_wrapper_i/reset_n_reg1_reg/CLR,1,1,IDENTICAL
CDC-9,Info,Asynchronous reset synchronized with ASYNC_REG property,2,input port clock,clk_250mhz_mux_x0y0,False Path,XDMA/inst/xdma_v41_m1_pcie2_to_pcie3_wrapper_i/pcie2_ip_i/inst/inst/gt_top_i/pipe_wrapper_i/reset_n_reg1_reg/CLR,1,1,IDENTICAL
CDC-9,Info,Asynchronous reset synchronized with ASYNC_REG property,2,userclk1,nvp_vclk1,False Path,nvp_ready_sync_reg[0]/CLR,1,1,IDENTICAL
CDC-9,Info,Asynchronous reset synchronized with ASYNC_REG property,4,userclk1,nvp_vclk1,False Path,CAPTURE_SUBSYSTEM/NVP_RESET_TO_NVP_SYNC/arststages_ff_reg[0]/PRE,1,1,IDENTICAL
CDC-9,Info,Asynchronous reset synchronized with ASYNC_REG property,4,userclk1,nvp_vclk1,False Path,CAPTURE_SUBSYSTEM/PCIE_RESET_TO_NVP_SYNC/arststages_ff_reg[0]/PRE,1,1,IDENTICAL
CDC-9,Info,Asynchronous reset synchronized with ASYNC_REG property,4,userclk1,nvp_vclk1,False Path,NVP_PHYSICAL_FRONTEND/ingress_reset_sync_reg[0]/PRE,1,1,IDENTICAL
