LogicalRequestIndex,CompletionOrder,RecordIndex,Integrity,Flags,Epoch,Frame,Line,CaptureSequence,AttemptSequence,GlobalSequence,SourceMalformedSnapshot,SourceDroppedSnapshot,Errors
0,NOT_DURABLY_AVAILABLE,0,PASS,0x00000024,3,202797,503,218212462,0,0,4258695,807970,
1,NOT_DURABLY_AVAILABLE,1,PASS,0x00000020,3,202797,504,218212463,1,1,4258695,807970,
2,NOT_DURABLY_AVAILABLE,2,PASS,0x00000020,3,202797,505,218212464,2,2,4258695,807970,
3,NOT_DURABLY_AVAILABLE,3,PASS,0x00000020,3,202797,506,218212465,3,3,4258695,807970,
4,NOT_DURABLY_AVAILABLE,4,PASS,0x00000020,3,202797,507,218212466,4,4,4258695,807970,
5,NOT_DURABLY_AVAILABLE,5,PASS,0x00000020,3,202797,508,218212467,5,5,4258695,807970,
6,NOT_DURABLY_AVAILABLE,6,PASS,0x00000020,3,202797,509,218212468,6,6,4258695,807970,
7,NOT_DURABLY_AVAILABLE,7,PASS,0x00000020,3,202797,510,218212469,7,7,4258695,807970,
8,NOT_DURABLY_AVAILABLE,8,PASS,0x00000020,3,202797,511,218212470,8,8,4258695,807970,
9,NOT_DURABLY_AVAILABLE,9,PASS,0x00000020,3,202797,512,218212471,9,9,4258695,807970,
10,NOT_DURABLY_AVAILABLE,10,PASS,0x00000020,3,202797,513,218212472,10,10,4258695,807970,
11,NOT_DURABLY_AVAILABLE,11,PASS,0x00000020,3,202797,514,218212473,11,11,4258695,807970,
12,NOT_DURABLY_AVAILABLE,12,PASS,0x00000020,3,202797,515,218212474,12,12,4258695,807970,
13,NOT_DURABLY_AVAILABLE,13,PASS,0x00000020,3,202797,516,218212475,13,13,4258695,807970,
14,NOT_DURABLY_AVAILABLE,14,PASS,0x00000020,3,202797,517,218212476,14,14,4258695,807970,
15,NOT_DURABLY_AVAILABLE,15,PASS,0x00000020,3,202797,518,218212477,15,15,4258695,807970,
16,NOT_DURABLY_AVAILABLE,16,PASS,0x00000020,3,202797,519,218212478,16,16,4258695,807970,
17,NOT_DURABLY_AVAILABLE,17,PASS,0x00000020,3,202797,520,218212479,17,17,4258695,807970,
18,NOT_DURABLY_AVAILABLE,18,PASS,0x00000020,3,202797,521,218212480,18,18,4258695,807970,
19,NOT_DURABLY_AVAILABLE,19,PASS,0x00000020,3,202797,522,218212481,19,19,4258695,807970,
20,NOT_DURABLY_AVAILABLE,20,PASS,0x00000020,3,202797,523,218212482,20,20,4258695,807970,
21,NOT_DURABLY_AVAILABLE,21,PASS,0x00000020,3,202797,524,218212483,21,21,4258695,807970,
22,NOT_DURABLY_AVAILABLE,22,PASS,0x00000020,3,202797,525,218212484,22,22,4258695,807970,
23,NOT_DURABLY_AVAILABLE,23,PASS,0x00000020,3,202797,526,218212485,23,23,4258695,807970,
24,NOT_DURABLY_AVAILABLE,24,PASS,0x00000020,3,202797,527,218212486,24,24,4258695,807970,
25,NOT_DURABLY_AVAILABLE,25,PASS,0x00000020,3,202797,528,218212487,25,25,4258695,807970,
26,NOT_DURABLY_AVAILABLE,26,PASS,0x00000020,3,202797,529,218212488,26,26,4258695,807970,
27,NOT_DURABLY_AVAILABLE,27,PASS,0x00000020,3,202797,530,218212489,27,27,4258695,807970,
28,NOT_DURABLY_AVAILABLE,28,PASS,0x00000020,3,202797,531,218212490,28,28,4258695,807970,
29,NOT_DURABLY_AVAILABLE,29,PASS,0x00000020,3,202797,532,218212491,29,29,4258695,807970,
30,NOT_DURABLY_AVAILABLE,30,PASS,0x00000020,3,202797,533,218212492,30,30,4258695,807970,
31,NOT_DURABLY_AVAILABLE,31,PASS,0x00000020,3,202797,534,218212493,31,31,4258695,807970,
32,NOT_DURABLY_AVAILABLE,32,PASS,0x00000020,3,202797,535,218212494,32,32,4258695,807970,
33,NOT_DURABLY_AVAILABLE,33,PASS,0x00000020,3,202797,536,218212495,33,33,4258695,807970,
34,NOT_DURABLY_AVAILABLE,34,PASS,0x00000020,3,202797,537,218212496,34,34,4258695,807970,
35,NOT_DURABLY_AVAILABLE,35,PASS,0x00000020,3,202797,538,218212497,35,35,4258695,807970,
36,NOT_DURABLY_AVAILABLE,36,PASS,0x00000020,3,202797,539,218212498,36,36,4258695,807970,
37,NOT_DURABLY_AVAILABLE,37,PASS,0x00000020,3,202797,540,218212499,37,37,4258695,807970,
38,NOT_DURABLY_AVAILABLE,38,PASS,0x00000020,3,202797,541,218212500,38,38,4258695,807970,
39,NOT_DURABLY_AVAILABLE,39,PASS,0x00000020,3,202797,542,218212501,39,39,4258695,807970,
40,NOT_DURABLY_AVAILABLE,40,PASS,0x00000020,3,202797,543,218212502,40,40,4258695,807970,
41,NOT_DURABLY_AVAILABLE,41,PASS,0x00000020,3,202797,544,218212503,41,41,4258695,807970,
42,NOT_DURABLY_AVAILABLE,42,PASS,0x00000020,3,202797,545,218212504,42,42,4258695,807970,
43,NOT_DURABLY_AVAILABLE,43,PASS,0x00000020,3,202797,546,218212505,43,43,4258695,807970,
44,NOT_DURABLY_AVAILABLE,44,PASS,0x00000020,3,202797,547,218212506,44,44,4258695,807970,
45,NOT_DURABLY_AVAILABLE,45,PASS,0x00000020,3,202797,548,218212507,45,45,4258695,807970,
46,NOT_DURABLY_AVAILABLE,46,PASS,0x00000020,3,202797,549,218212508,46,46,4258695,807970,
47,NOT_DURABLY_AVAILABLE,47,PASS,0x00000020,3,202797,550,218212509,47,47,4258695,807970,
48,NOT_DURABLY_AVAILABLE,48,PASS,0x00000020,3,202797,551,218212510,48,48,4258695,807970,
49,NOT_DURABLY_AVAILABLE,49,PASS,0x00000020,3,202797,552,218212511,49,49,4258695,807970,
50,NOT_DURABLY_AVAILABLE,50,PASS,0x00000020,3,202797,553,218212512,50,50,4258695,807970,
51,NOT_DURABLY_AVAILABLE,51,PASS,0x00000020,3,202797,554,218212513,51,51,4258695,807970,
52,NOT_DURABLY_AVAILABLE,52,PASS,0x00000020,3,202797,555,218212514,52,52,4258695,807970,
53,NOT_DURABLY_AVAILABLE,53,PASS,0x00000020,3,202797,556,218212515,53,53,4258695,807970,
54,NOT_DURABLY_AVAILABLE,54,PASS,0x00000020,3,202797,557,218212516,54,54,4258695,807970,
55,NOT_DURABLY_AVAILABLE,55,PASS,0x00000020,3,202797,558,218212517,55,55,4258695,807970,
56,NOT_DURABLY_AVAILABLE,56,PASS,0x00000020,3,202797,559,218212518,56,56,4258695,807970,
57,NOT_DURABLY_AVAILABLE,57,PASS,0x00000020,3,202797,560,218212519,57,57,4258695,807970,
58,NOT_DURABLY_AVAILABLE,58,PASS,0x00000020,3,202797,561,218212520,58,58,4258695,807970,
59,NOT_DURABLY_AVAILABLE,59,PASS,0x00000020,3,202797,562,218212521,59,59,4258695,807970,
60,NOT_DURABLY_AVAILABLE,60,PASS,0x00000020,3,202797,563,218212522,60,60,4258695,807970,
61,NOT_DURABLY_AVAILABLE,61,PASS,0x00000020,3,202797,564,218212523,61,61,4258695,807970,
62,NOT_DURABLY_AVAILABLE,62,PASS,0x00000020,3,202797,565,218212524,62,62,4258695,807970,
63,NOT_DURABLY_AVAILABLE,63,PASS,0x00000020,3,202797,566,218212525,63,63,4258695,807970,
64,NOT_DURABLY_AVAILABLE,64,PASS,0x00000020,3,202797,567,218212526,64,64,4258695,807970,
65,NOT_DURABLY_AVAILABLE,65,PASS,0x00000020,3,202797,568,218212527,65,65,4258695,807970,
66,NOT_DURABLY_AVAILABLE,66,PASS,0x00000020,3,202797,569,218212528,66,66,4258695,807970,
67,NOT_DURABLY_AVAILABLE,67,PASS,0x00000020,3,202797,570,218212529,67,67,4258695,807970,
68,NOT_DURABLY_AVAILABLE,68,PASS,0x00000020,3,202797,571,218212530,68,68,4258695,807970,
69,NOT_DURABLY_AVAILABLE,69,PASS,0x00000020,3,202797,572,218212531,69,69,4258695,807970,
70,NOT_DURABLY_AVAILABLE,70,PASS,0x00000020,3,202797,573,218212532,70,70,4258695,807970,
71,NOT_DURABLY_AVAILABLE,71,PASS,0x00000020,3,202797,574,218212533,71,71,4258695,807970,
72,NOT_DURABLY_AVAILABLE,72,PASS,0x00000020,3,202797,575,218212534,72,72,4258695,807970,
73,NOT_DURABLY_AVAILABLE,73,PASS,0x00000020,3,202797,576,218212535,73,73,4258695,807970,
74,NOT_DURABLY_AVAILABLE,74,PASS,0x00000020,3,202797,577,218212536,74,74,4258695,807970,
75,NOT_DURABLY_AVAILABLE,75,PASS,0x00000020,3,202797,578,218212537,75,75,4258695,807970,
76,NOT_DURABLY_AVAILABLE,76,PASS,0x00000020,3,202797,579,218212538,76,76,4258695,807970,
77,NOT_DURABLY_AVAILABLE,77,PASS,0x00000020,3,202797,580,218212539,77,77,4258695,807970,
78,NOT_DURABLY_AVAILABLE,78,PASS,0x00000020,3,202797,581,218212540,78,78,4258695,807970,
79,NOT_DURABLY_AVAILABLE,79,PASS,0x00000020,3,202797,582,218212541,79,79,4258695,807970,
80,NOT_DURABLY_AVAILABLE,80,PASS,0x00000020,3,202797,583,218212542,80,80,4258695,807970,
81,NOT_DURABLY_AVAILABLE,81,PASS,0x00000020,3,202797,584,218212543,81,81,4258695,807970,
82,NOT_DURABLY_AVAILABLE,82,PASS,0x00000020,3,202797,585,218212544,82,82,4258695,807970,
83,NOT_DURABLY_AVAILABLE,83,PASS,0x00000020,3,202797,586,218212545,83,83,4258695,807970,
84,NOT_DURABLY_AVAILABLE,84,PASS,0x00000020,3,202797,587,218212546,84,84,4258695,807970,
85,NOT_DURABLY_AVAILABLE,85,PASS,0x00000020,3,202797,588,218212547,85,85,4258695,807970,
86,NOT_DURABLY_AVAILABLE,86,PASS,0x00000020,3,202797,589,218212548,86,86,4258695,807970,
87,NOT_DURABLY_AVAILABLE,87,PASS,0x00000020,3,202797,590,218212549,87,87,4258695,807970,
88,NOT_DURABLY_AVAILABLE,88,PASS,0x00000020,3,202797,591,218212550,88,88,4258695,807970,
89,NOT_DURABLY_AVAILABLE,89,PASS,0x00000020,3,202797,592,218212551,89,89,4258695,807970,
90,NOT_DURABLY_AVAILABLE,90,PASS,0x00000020,3,202797,593,218212552,90,90,4258695,807970,
91,NOT_DURABLY_AVAILABLE,91,PASS,0x00000020,3,202797,594,218212553,91,91,4258695,807970,
92,NOT_DURABLY_AVAILABLE,92,PASS,0x00000020,3,202797,595,218212554,92,92,4258695,807970,
93,NOT_DURABLY_AVAILABLE,93,PASS,0x00000020,3,202797,596,218212555,93,93,4258695,807970,
94,NOT_DURABLY_AVAILABLE,94,PASS,0x00000020,3,202797,597,218212556,94,94,4258695,807970,
95,NOT_DURABLY_AVAILABLE,95,PASS,0x00000020,3,202797,598,218212557,95,95,4258695,807970,
96,NOT_DURABLY_AVAILABLE,96,PASS,0x00000020,3,202797,599,218212558,96,96,4258695,807970,
97,NOT_DURABLY_AVAILABLE,97,PASS,0x00000020,3,202797,600,218212559,97,97,4258695,807970,
98,NOT_DURABLY_AVAILABLE,98,PASS,0x00000020,3,202797,601,218212560,98,98,4258695,807970,
99,NOT_DURABLY_AVAILABLE,99,PASS,0x00000020,3,202797,602,218212561,99,99,4258695,807970,
100,NOT_DURABLY_AVAILABLE,100,PASS,0x00000020,3,202797,603,218212562,100,100,4258695,807970,
101,NOT_DURABLY_AVAILABLE,101,PASS,0x00000020,3,202797,604,218212563,101,101,4258695,807970,
102,NOT_DURABLY_AVAILABLE,102,PASS,0x00000020,3,202797,605,218212564,102,102,4258695,807970,
103,NOT_DURABLY_AVAILABLE,103,PASS,0x00000020,3,202797,606,218212565,103,103,4258695,807970,
104,NOT_DURABLY_AVAILABLE,104,PASS,0x00000020,3,202797,607,218212566,104,104,4258695,807970,
105,NOT_DURABLY_AVAILABLE,105,PASS,0x00000020,3,202797,608,218212567,105,105,4258695,807970,
106,NOT_DURABLY_AVAILABLE,106,PASS,0x00000020,3,202797,609,218212568,106,106,4258695,807970,
107,NOT_DURABLY_AVAILABLE,107,PASS,0x00000020,3,202797,610,218212569,107,107,4258695,807970,
108,NOT_DURABLY_AVAILABLE,108,PASS,0x00000020,3,202797,611,218212570,108,108,4258695,807970,
109,NOT_DURABLY_AVAILABLE,109,PASS,0x00000020,3,202797,612,218212571,109,109,4258695,807970,
110,NOT_DURABLY_AVAILABLE,110,PASS,0x00000020,3,202797,613,218212572,110,110,4258695,807970,
111,NOT_DURABLY_AVAILABLE,111,PASS,0x00000020,3,202797,614,218212573,111,111,4258695,807970,
112,NOT_DURABLY_AVAILABLE,112,PASS,0x00000020,3,202797,615,218212574,112,112,4258695,807970,
113,NOT_DURABLY_AVAILABLE,113,PASS,0x00000020,3,202797,616,218212575,113,113,4258695,807970,
114,NOT_DURABLY_AVAILABLE,114,PASS,0x00000020,3,202797,617,218212576,114,114,4258695,807970,
115,NOT_DURABLY_AVAILABLE,115,PASS,0x00000020,3,202797,618,218212577,115,115,4258695,807970,
116,NOT_DURABLY_AVAILABLE,116,PASS,0x00000020,3,202797,619,218212578,116,116,4258695,807970,
117,NOT_DURABLY_AVAILABLE,117,PASS,0x00000020,3,202797,620,218212579,117,117,4258695,807970,
118,NOT_DURABLY_AVAILABLE,118,PASS,0x00000020,3,202797,621,218212580,118,118,4258695,807970,
119,NOT_DURABLY_AVAILABLE,119,PASS,0x00000020,3,202797,622,218212581,119,119,4258695,807970,
120,NOT_DURABLY_AVAILABLE,120,PASS,0x00000020,3,202797,623,218212582,120,120,4258695,807970,
121,NOT_DURABLY_AVAILABLE,121,PASS,0x00000020,3,202797,624,218212583,121,121,4258695,807970,
122,NOT_DURABLY_AVAILABLE,122,PASS,0x00000020,3,202797,625,218212584,122,122,4258695,807970,
123,NOT_DURABLY_AVAILABLE,123,PASS,0x00000020,3,202797,626,218212585,123,123,4258695,807970,
124,NOT_DURABLY_AVAILABLE,124,PASS,0x00000020,3,202797,627,218212586,124,124,4258695,807970,
125,NOT_DURABLY_AVAILABLE,125,PASS,0x00000020,3,202797,628,218212587,125,125,4258695,807970,
126,NOT_DURABLY_AVAILABLE,126,PASS,0x00000020,3,202797,629,218212588,126,126,4258695,807970,
127,NOT_DURABLY_AVAILABLE,127,PASS,0x00000020,3,202797,630,218212589,127,127,4258695,807970,
128,NOT_DURABLY_AVAILABLE,128,PASS,0x00000020,3,202797,631,218212590,128,128,4258695,807970,
129,NOT_DURABLY_AVAILABLE,129,PASS,0x00000020,3,202797,632,218212591,129,129,4258695,807970,
130,NOT_DURABLY_AVAILABLE,130,PASS,0x00000020,3,202797,633,218212592,130,130,4258695,807970,
131,NOT_DURABLY_AVAILABLE,131,PASS,0x00000020,3,202797,634,218212593,131,131,4258695,807970,
132,NOT_DURABLY_AVAILABLE,132,PASS,0x00000020,3,202797,635,218212594,132,132,4258695,807970,
133,NOT_DURABLY_AVAILABLE,133,PASS,0x00000020,3,202797,636,218212595,133,133,4258695,807970,
134,NOT_DURABLY_AVAILABLE,134,PASS,0x00000020,3,202797,637,218212596,134,134,4258695,807970,
135,NOT_DURABLY_AVAILABLE,135,PASS,0x00000020,3,202797,638,218212597,135,135,4258695,807970,
136,NOT_DURABLY_AVAILABLE,136,PASS,0x00000020,3,202797,639,218212598,136,136,4258695,807970,
137,NOT_DURABLY_AVAILABLE,137,PASS,0x00000020,3,202797,640,218212599,137,137,4258695,807970,
138,NOT_DURABLY_AVAILABLE,138,PASS,0x00000020,3,202797,641,218212600,138,138,4258695,807970,
139,NOT_DURABLY_AVAILABLE,139,PASS,0x00000020,3,202797,642,218212601,139,139,4258695,807970,
140,NOT_DURABLY_AVAILABLE,140,PASS,0x00000020,3,202797,643,218212602,140,140,4258695,807970,
141,NOT_DURABLY_AVAILABLE,141,PASS,0x00000020,3,202797,644,218212603,141,141,4258695,807970,
142,NOT_DURABLY_AVAILABLE,142,PASS,0x00000020,3,202797,645,218212604,142,142,4258695,807970,
143,NOT_DURABLY_AVAILABLE,143,PASS,0x00000020,3,202797,646,218212605,143,143,4258695,807970,
144,NOT_DURABLY_AVAILABLE,144,PASS,0x00000020,3,202797,647,218212606,144,144,4258695,807970,
145,NOT_DURABLY_AVAILABLE,145,PASS,0x00000020,3,202797,648,218212607,145,145,4258695,807970,
146,NOT_DURABLY_AVAILABLE,146,PASS,0x00000020,3,202797,649,218212608,146,146,4258695,807970,
147,NOT_DURABLY_AVAILABLE,147,PASS,0x00000020,3,202797,650,218212609,147,147,4258695,807970,
148,NOT_DURABLY_AVAILABLE,148,PASS,0x00000020,3,202797,651,218212610,148,148,4258695,807970,
149,NOT_DURABLY_AVAILABLE,149,PASS,0x00000020,3,202797,652,218212611,149,149,4258695,807970,
150,NOT_DURABLY_AVAILABLE,150,PASS,0x00000020,3,202797,653,218212612,150,150,4258695,807970,
151,NOT_DURABLY_AVAILABLE,151,PASS,0x00000020,3,202797,654,218212613,151,151,4258695,807970,
152,NOT_DURABLY_AVAILABLE,152,PASS,0x00000020,3,202797,655,218212614,152,152,4258695,807970,
153,NOT_DURABLY_AVAILABLE,153,PASS,0x00000020,3,202797,656,218212615,153,153,4258695,807970,
154,NOT_DURABLY_AVAILABLE,154,PASS,0x00000020,3,202797,657,218212616,154,154,4258695,807970,
155,NOT_DURABLY_AVAILABLE,155,PASS,0x00000020,3,202797,658,218212617,155,155,4258695,807970,
156,NOT_DURABLY_AVAILABLE,156,PASS,0x00000020,3,202797,659,218212618,156,156,4258695,807970,
157,NOT_DURABLY_AVAILABLE,157,PASS,0x00000020,3,202797,660,218212619,157,157,4258695,807970,
158,NOT_DURABLY_AVAILABLE,158,PASS,0x00000020,3,202797,661,218212620,158,158,4258695,807970,
159,NOT_DURABLY_AVAILABLE,159,PASS,0x00000020,3,202797,662,218212621,159,159,4258695,807970,
160,NOT_DURABLY_AVAILABLE,160,PASS,0x00000020,3,202797,663,218212622,160,160,4258695,807970,
161,NOT_DURABLY_AVAILABLE,161,PASS,0x00000020,3,202797,664,218212623,161,161,4258695,807970,
162,NOT_DURABLY_AVAILABLE,162,PASS,0x00000020,3,202797,665,218212624,162,162,4258695,807970,
163,NOT_DURABLY_AVAILABLE,163,PASS,0x00000020,3,202797,666,218212625,163,163,4258695,807970,
164,NOT_DURABLY_AVAILABLE,164,PASS,0x00000020,3,202797,667,218212626,164,164,4258695,807970,
165,NOT_DURABLY_AVAILABLE,165,PASS,0x00000020,3,202797,668,218212627,165,165,4258695,807970,
166,NOT_DURABLY_AVAILABLE,166,PASS,0x00000020,3,202797,669,218212628,166,166,4258695,807970,
167,NOT_DURABLY_AVAILABLE,167,PASS,0x00000020,3,202797,670,218212629,167,167,4258695,807970,
168,NOT_DURABLY_AVAILABLE,168,PASS,0x00000020,3,202797,671,218212630,168,168,4258695,807970,
169,NOT_DURABLY_AVAILABLE,169,PASS,0x00000020,3,202797,672,218212631,169,169,4258695,807970,
170,NOT_DURABLY_AVAILABLE,170,PASS,0x00000020,3,202797,673,218212632,170,170,4258695,807970,
171,NOT_DURABLY_AVAILABLE,171,PASS,0x00000020,3,202797,674,218212633,171,171,4258695,807970,
172,NOT_DURABLY_AVAILABLE,172,PASS,0x00000020,3,202797,675,218212634,172,172,4258695,807970,
173,NOT_DURABLY_AVAILABLE,173,PASS,0x00000020,3,202797,676,218212635,173,173,4258695,807970,
174,NOT_DURABLY_AVAILABLE,174,PASS,0x00000020,3,202797,677,218212636,174,174,4258695,807970,
175,NOT_DURABLY_AVAILABLE,175,PASS,0x00000020,3,202797,678,218212637,175,175,4258695,807970,
176,NOT_DURABLY_AVAILABLE,176,PASS,0x00000020,3,202797,679,218212638,176,176,4258695,807970,
177,NOT_DURABLY_AVAILABLE,177,PASS,0x00000020,3,202797,680,218212639,177,177,4258695,807970,
178,NOT_DURABLY_AVAILABLE,178,PASS,0x00000020,3,202797,681,218212640,178,178,4258695,807970,
179,NOT_DURABLY_AVAILABLE,179,PASS,0x00000020,3,202797,682,218212641,179,179,4258695,807970,
180,NOT_DURABLY_AVAILABLE,180,PASS,0x00000020,3,202797,683,218212642,180,180,4258695,807970,
181,NOT_DURABLY_AVAILABLE,181,PASS,0x00000020,3,202797,684,218212643,181,181,4258695,807970,
182,NOT_DURABLY_AVAILABLE,182,PASS,0x00000020,3,202797,685,218212644,182,182,4258695,807970,
183,NOT_DURABLY_AVAILABLE,183,PASS,0x00000020,3,202797,686,218212645,183,183,4258695,807970,
184,NOT_DURABLY_AVAILABLE,184,PASS,0x00000020,3,202797,687,218212646,184,184,4258695,807970,
185,NOT_DURABLY_AVAILABLE,185,PASS,0x00000020,3,202797,688,218212647,185,185,4258695,807970,
186,NOT_DURABLY_AVAILABLE,186,PASS,0x00000020,3,202797,689,218212648,186,186,4258695,807970,
187,NOT_DURABLY_AVAILABLE,187,PASS,0x00000020,3,202797,690,218212649,187,187,4258695,807970,
188,NOT_DURABLY_AVAILABLE,188,PASS,0x00000020,3,202797,691,218212650,188,188,4258695,807970,
189,NOT_DURABLY_AVAILABLE,189,PASS,0x00000020,3,202797,692,218212651,189,189,4258695,807970,
190,NOT_DURABLY_AVAILABLE,190,PASS,0x00000020,3,202797,693,218212652,190,190,4258695,807970,
191,NOT_DURABLY_AVAILABLE,191,PASS,0x00000020,3,202797,694,218212653,191,191,4258695,807970,
192,NOT_DURABLY_AVAILABLE,192,PASS,0x00000020,3,202797,695,218212654,192,192,4258695,807970,
193,NOT_DURABLY_AVAILABLE,193,PASS,0x00000020,3,202797,696,218212655,193,193,4258695,807970,
194,NOT_DURABLY_AVAILABLE,194,PASS,0x00000020,3,202797,697,218212656,194,194,4258695,807970,
195,NOT_DURABLY_AVAILABLE,195,PASS,0x00000020,3,202797,698,218212657,195,195,4258695,807970,
196,NOT_DURABLY_AVAILABLE,196,PASS,0x00000020,3,202797,699,218212658,196,196,4258695,807970,
197,NOT_DURABLY_AVAILABLE,197,PASS,0x00000020,3,202797,700,218212659,197,197,4258695,807970,
198,NOT_DURABLY_AVAILABLE,198,PASS,0x00000020,3,202797,701,218212660,198,198,4258695,807970,
199,NOT_DURABLY_AVAILABLE,199,PASS,0x00000020,3,202797,702,218212661,199,199,4258695,807970,
200,NOT_DURABLY_AVAILABLE,200,PASS,0x00000020,3,202797,703,218212662,200,200,4258695,807970,
201,NOT_DURABLY_AVAILABLE,201,PASS,0x00000020,3,202797,704,218212663,201,201,4258695,807970,
202,NOT_DURABLY_AVAILABLE,202,PASS,0x00000020,3,202797,705,218212664,202,202,4258695,807970,
203,NOT_DURABLY_AVAILABLE,203,PASS,0x00000020,3,202797,706,218212665,203,203,4258695,807970,
204,NOT_DURABLY_AVAILABLE,204,PASS,0x00000020,3,202797,707,218212666,204,204,4258695,807970,
205,NOT_DURABLY_AVAILABLE,205,PASS,0x00000020,3,202797,708,218212667,205,205,4258695,807970,
206,NOT_DURABLY_AVAILABLE,206,PASS,0x00000020,3,202797,709,218212668,206,206,4258695,807970,
207,NOT_DURABLY_AVAILABLE,207,PASS,0x00000020,3,202797,710,218212669,207,207,4258695,807970,
208,NOT_DURABLY_AVAILABLE,208,PASS,0x00000020,3,202797,711,218212670,208,208,4258695,807970,
209,NOT_DURABLY_AVAILABLE,209,PASS,0x00000020,3,202797,712,218212671,209,209,4258695,807970,
210,NOT_DURABLY_AVAILABLE,210,PASS,0x00000020,3,202797,713,218212672,210,210,4258695,807970,
211,NOT_DURABLY_AVAILABLE,211,PASS,0x00000020,3,202797,714,218212673,211,211,4258695,807970,
212,NOT_DURABLY_AVAILABLE,212,PASS,0x00000020,3,202797,715,218212674,212,212,4258695,807970,
213,NOT_DURABLY_AVAILABLE,213,PASS,0x00000020,3,202797,716,218212675,213,213,4258695,807970,
214,NOT_DURABLY_AVAILABLE,214,PASS,0x00000020,3,202797,717,218212676,214,214,4258695,807970,
215,NOT_DURABLY_AVAILABLE,215,PASS,0x00000020,3,202797,718,218212677,215,215,4258695,807970,
216,NOT_DURABLY_AVAILABLE,216,PASS,0x00000020,3,202797,719,218212678,216,216,4258695,807970,
217,NOT_DURABLY_AVAILABLE,217,PASS,0x00000020,3,202797,720,218212679,217,217,4258695,807970,
218,NOT_DURABLY_AVAILABLE,218,PASS,0x00000020,3,202797,721,218212680,218,218,4258695,807970,
219,NOT_DURABLY_AVAILABLE,219,PASS,0x00000020,3,202797,722,218212681,219,219,4258695,807970,
220,NOT_DURABLY_AVAILABLE,220,PASS,0x00000020,3,202797,723,218212682,220,220,4258695,807970,
221,NOT_DURABLY_AVAILABLE,221,PASS,0x00000020,3,202797,724,218212683,221,221,4258695,807970,
222,NOT_DURABLY_AVAILABLE,222,PASS,0x00000020,3,202797,725,218212684,222,222,4258695,807970,
223,NOT_DURABLY_AVAILABLE,223,PASS,0x00000020,3,202797,726,218212685,223,223,4258695,807970,
224,NOT_DURABLY_AVAILABLE,224,PASS,0x00000020,3,202797,727,218212686,224,224,4258695,807970,
225,NOT_DURABLY_AVAILABLE,225,PASS,0x00000020,3,202797,728,218212687,225,225,4258695,807970,
226,NOT_DURABLY_AVAILABLE,226,PASS,0x00000020,3,202797,729,218212688,226,226,4258695,807970,
227,NOT_DURABLY_AVAILABLE,227,PASS,0x00000020,3,202797,730,218212689,227,227,4258695,807970,
228,NOT_DURABLY_AVAILABLE,228,PASS,0x00000020,3,202797,731,218212690,228,228,4258695,807970,
229,NOT_DURABLY_AVAILABLE,229,PASS,0x00000020,3,202797,732,218212691,229,229,4258695,807970,
230,NOT_DURABLY_AVAILABLE,230,PASS,0x00000020,3,202797,733,218212692,230,230,4258695,807970,
231,NOT_DURABLY_AVAILABLE,231,PASS,0x00000020,3,202797,734,218212693,231,231,4258695,807970,
232,NOT_DURABLY_AVAILABLE,232,PASS,0x00000020,3,202797,735,218212694,232,232,4258695,807970,
233,NOT_DURABLY_AVAILABLE,233,PASS,0x00000020,3,202797,736,218212695,233,233,4258695,807970,
234,NOT_DURABLY_AVAILABLE,234,PASS,0x00000020,3,202797,737,218212696,234,234,4258695,807970,
235,NOT_DURABLY_AVAILABLE,235,PASS,0x00000020,3,202797,738,218212697,235,235,4258695,807970,
236,NOT_DURABLY_AVAILABLE,236,PASS,0x00000020,3,202797,739,218212698,236,236,4258695,807970,
237,NOT_DURABLY_AVAILABLE,237,PASS,0x00000020,3,202797,740,218212699,237,237,4258695,807970,
238,NOT_DURABLY_AVAILABLE,238,PASS,0x00000020,3,202797,741,218212700,238,238,4258695,807970,
239,NOT_DURABLY_AVAILABLE,239,PASS,0x00000020,3,202797,742,218212701,239,239,4258695,807970,
240,NOT_DURABLY_AVAILABLE,240,PASS,0x00000020,3,202797,743,218212702,240,240,4258695,807970,
241,NOT_DURABLY_AVAILABLE,241,PASS,0x00000020,3,202797,744,218212703,241,241,4258695,807970,
242,NOT_DURABLY_AVAILABLE,242,PASS,0x00000020,3,202797,745,218212704,242,242,4258695,807970,
243,NOT_DURABLY_AVAILABLE,243,PASS,0x00000020,3,202797,746,218212705,243,243,4258695,807970,
244,NOT_DURABLY_AVAILABLE,244,PASS,0x00000020,3,202797,747,218212706,244,244,4258695,807970,
245,NOT_DURABLY_AVAILABLE,245,PASS,0x00000020,3,202797,748,218212707,245,245,4258695,807970,
246,NOT_DURABLY_AVAILABLE,246,PASS,0x00000020,3,202797,749,218212708,246,246,4258695,807970,
247,NOT_DURABLY_AVAILABLE,247,PASS,0x00000020,3,202797,750,218212709,247,247,4258695,807970,
248,NOT_DURABLY_AVAILABLE,248,PASS,0x00000020,3,202797,751,218212710,248,248,4258695,807970,
249,NOT_DURABLY_AVAILABLE,249,PASS,0x00000020,3,202797,752,218212711,249,249,4258695,807970,
250,NOT_DURABLY_AVAILABLE,250,PASS,0x00000020,3,202797,753,218212712,250,250,4258695,807970,
251,NOT_DURABLY_AVAILABLE,251,PASS,0x00000020,3,202797,754,218212713,251,251,4258695,807970,
252,NOT_DURABLY_AVAILABLE,252,PASS,0x00000020,3,202797,755,218212714,252,252,4258695,807970,
253,NOT_DURABLY_AVAILABLE,253,PASS,0x00000020,3,202797,756,218212715,253,253,4258695,807970,
254,NOT_DURABLY_AVAILABLE,254,PASS,0x00000020,3,202797,757,218212716,254,254,4258695,807970,
255,NOT_DURABLY_AVAILABLE,255,PASS,0x00000020,3,202797,758,218212717,255,255,4258695,807970,
256,NOT_DURABLY_AVAILABLE,256,PASS,0x00000020,3,202797,759,218212718,256,256,4258695,807970,
257,NOT_DURABLY_AVAILABLE,257,PASS,0x00000020,3,202797,760,218212719,257,257,4258695,807970,
258,NOT_DURABLY_AVAILABLE,258,PASS,0x00000020,3,202797,761,218212720,258,258,4258695,807970,
259,NOT_DURABLY_AVAILABLE,259,PASS,0x00000020,3,202797,762,218212721,259,259,4258695,807970,
260,NOT_DURABLY_AVAILABLE,260,PASS,0x00000020,3,202797,763,218212722,260,260,4258695,807970,
261,NOT_DURABLY_AVAILABLE,261,PASS,0x00000020,3,202797,764,218212723,261,261,4258695,807970,
262,NOT_DURABLY_AVAILABLE,262,PASS,0x00000020,3,202797,765,218212724,262,262,4258695,807970,
263,NOT_DURABLY_AVAILABLE,263,PASS,0x00000020,3,202797,766,218212725,263,263,4258695,807970,
264,NOT_DURABLY_AVAILABLE,264,PASS,0x00000020,3,202797,767,218212726,264,264,4258695,807970,
265,NOT_DURABLY_AVAILABLE,265,PASS,0x00000020,3,202797,768,218212727,265,265,4258695,807970,
266,NOT_DURABLY_AVAILABLE,266,PASS,0x00000020,3,202797,769,218212728,266,266,4258695,807970,
267,NOT_DURABLY_AVAILABLE,267,PASS,0x00000020,3,202797,770,218212729,267,267,4258695,807970,
268,NOT_DURABLY_AVAILABLE,268,PASS,0x00000020,3,202797,771,218212730,268,268,4258695,807970,
269,NOT_DURABLY_AVAILABLE,269,PASS,0x00000020,3,202797,772,218212731,269,269,4258695,807970,
270,NOT_DURABLY_AVAILABLE,270,PASS,0x00000020,3,202797,773,218212732,270,270,4258695,807970,
271,NOT_DURABLY_AVAILABLE,271,PASS,0x00000020,3,202797,774,218212733,271,271,4258695,807970,
272,NOT_DURABLY_AVAILABLE,272,PASS,0x00000020,3,202797,775,218212734,272,272,4258695,807970,
273,NOT_DURABLY_AVAILABLE,273,PASS,0x00000020,3,202797,776,218212735,273,273,4258695,807970,
274,NOT_DURABLY_AVAILABLE,274,PASS,0x00000020,3,202797,777,218212736,274,274,4258695,807970,
275,NOT_DURABLY_AVAILABLE,275,PASS,0x00000020,3,202797,778,218212737,275,275,4258695,807970,
276,NOT_DURABLY_AVAILABLE,276,PASS,0x00000020,3,202797,779,218212738,276,276,4258695,807970,
277,NOT_DURABLY_AVAILABLE,277,PASS,0x00000020,3,202797,780,218212739,277,277,4258695,807970,
278,NOT_DURABLY_AVAILABLE,278,PASS,0x00000020,3,202797,781,218212740,278,278,4258695,807970,
279,NOT_DURABLY_AVAILABLE,279,PASS,0x00000020,3,202797,782,218212741,279,279,4258695,807970,
280,NOT_DURABLY_AVAILABLE,280,PASS,0x00000020,3,202797,783,218212742,280,280,4258695,807970,
281,NOT_DURABLY_AVAILABLE,281,PASS,0x00000020,3,202797,784,218212743,281,281,4258695,807970,
282,NOT_DURABLY_AVAILABLE,282,PASS,0x00000020,3,202797,785,218212744,282,282,4258695,807970,
283,NOT_DURABLY_AVAILABLE,283,PASS,0x00000020,3,202797,786,218212745,283,283,4258695,807970,
284,NOT_DURABLY_AVAILABLE,284,PASS,0x00000020,3,202797,787,218212746,284,284,4258695,807970,
285,NOT_DURABLY_AVAILABLE,285,PASS,0x00000020,3,202797,788,218212747,285,285,4258695,807970,
286,NOT_DURABLY_AVAILABLE,286,PASS,0x00000020,3,202797,789,218212748,286,286,4258695,807970,
287,NOT_DURABLY_AVAILABLE,287,PASS,0x00000020,3,202797,790,218212749,287,287,4258695,807970,
288,NOT_DURABLY_AVAILABLE,288,PASS,0x00000020,3,202797,791,218212750,288,288,4258695,807970,
289,NOT_DURABLY_AVAILABLE,289,PASS,0x00000020,3,202797,792,218212751,289,289,4258695,807970,
290,NOT_DURABLY_AVAILABLE,290,PASS,0x00000020,3,202797,793,218212752,290,290,4258695,807970,
291,NOT_DURABLY_AVAILABLE,291,PASS,0x00000020,3,202797,794,218212753,291,291,4258695,807970,
292,NOT_DURABLY_AVAILABLE,292,PASS,0x00000020,3,202797,795,218212754,292,292,4258695,807970,
293,NOT_DURABLY_AVAILABLE,293,PASS,0x00000020,3,202797,796,218212755,293,293,4258695,807970,
294,NOT_DURABLY_AVAILABLE,294,PASS,0x00000020,3,202797,797,218212756,294,294,4258695,807970,
295,NOT_DURABLY_AVAILABLE,295,PASS,0x00000020,3,202797,798,218212757,295,295,4258695,807970,
296,NOT_DURABLY_AVAILABLE,296,PASS,0x00000020,3,202797,799,218212758,296,296,4258695,807970,
297,NOT_DURABLY_AVAILABLE,297,PASS,0x00000020,3,202797,800,218212759,297,297,4258695,807970,
298,NOT_DURABLY_AVAILABLE,298,PASS,0x00000020,3,202797,801,218212760,298,298,4258695,807970,
299,NOT_DURABLY_AVAILABLE,299,PASS,0x00000020,3,202797,802,218212761,299,299,4258695,807970,
300,NOT_DURABLY_AVAILABLE,300,PASS,0x00000020,3,202797,803,218212762,300,300,4258695,807970,
301,NOT_DURABLY_AVAILABLE,301,PASS,0x00000020,3,202797,804,218212763,301,301,4258695,807970,
302,NOT_DURABLY_AVAILABLE,302,PASS,0x00000020,3,202797,805,218212764,302,302,4258695,807970,
303,NOT_DURABLY_AVAILABLE,303,PASS,0x00000020,3,202797,806,218212765,303,303,4258695,807970,
304,NOT_DURABLY_AVAILABLE,304,PASS,0x00000020,3,202797,807,218212766,304,304,4258695,807970,
305,NOT_DURABLY_AVAILABLE,305,PASS,0x00000020,3,202797,808,218212767,305,305,4258695,807970,
306,NOT_DURABLY_AVAILABLE,306,PASS,0x00000020,3,202797,809,218212768,306,306,4258695,807970,
307,NOT_DURABLY_AVAILABLE,307,PASS,0x00000020,3,202797,810,218212769,307,307,4258695,807970,
308,NOT_DURABLY_AVAILABLE,308,PASS,0x00000020,3,202797,811,218212770,308,308,4258695,807970,
309,NOT_DURABLY_AVAILABLE,309,PASS,0x00000020,3,202797,812,218212771,309,309,4258695,807970,
310,NOT_DURABLY_AVAILABLE,310,PASS,0x00000020,3,202797,813,218212772,310,310,4258695,807970,
311,NOT_DURABLY_AVAILABLE,311,PASS,0x00000020,3,202797,814,218212773,311,311,4258695,807970,
312,NOT_DURABLY_AVAILABLE,312,PASS,0x00000020,3,202797,815,218212774,312,312,4258695,807970,
313,NOT_DURABLY_AVAILABLE,313,PASS,0x00000020,3,202797,816,218212775,313,313,4258695,807970,
314,NOT_DURABLY_AVAILABLE,314,PASS,0x00000020,3,202797,817,218212776,314,314,4258695,807970,
315,NOT_DURABLY_AVAILABLE,315,PASS,0x00000020,3,202797,818,218212777,315,315,4258695,807970,
316,NOT_DURABLY_AVAILABLE,316,PASS,0x00000020,3,202797,819,218212778,316,316,4258695,807970,
317,NOT_DURABLY_AVAILABLE,317,PASS,0x00000020,3,202797,820,218212779,317,317,4258695,807970,
318,NOT_DURABLY_AVAILABLE,318,PASS,0x00000020,3,202797,821,218212780,318,318,4258695,807970,
319,NOT_DURABLY_AVAILABLE,319,PASS,0x00000020,3,202797,822,218212781,319,319,4258695,807970,
320,NOT_DURABLY_AVAILABLE,320,PASS,0x00000020,3,202797,823,218212782,320,320,4258695,807970,
321,NOT_DURABLY_AVAILABLE,321,PASS,0x00000020,3,202797,824,218212783,321,321,4258695,807970,
322,NOT_DURABLY_AVAILABLE,322,PASS,0x00000020,3,202797,825,218212784,322,322,4258695,807970,
323,NOT_DURABLY_AVAILABLE,323,PASS,0x00000020,3,202797,826,218212785,323,323,4258695,807970,
324,NOT_DURABLY_AVAILABLE,324,PASS,0x00000020,3,202797,827,218212786,324,324,4258695,807970,
325,NOT_DURABLY_AVAILABLE,325,PASS,0x00000020,3,202797,828,218212787,325,325,4258695,807970,
326,NOT_DURABLY_AVAILABLE,326,PASS,0x00000020,3,202797,829,218212788,326,326,4258695,807970,
327,NOT_DURABLY_AVAILABLE,327,PASS,0x00000020,3,202797,830,218212789,327,327,4258695,807970,
328,NOT_DURABLY_AVAILABLE,328,PASS,0x00000020,3,202797,831,218212790,328,328,4258695,807970,
329,NOT_DURABLY_AVAILABLE,329,PASS,0x00000020,3,202797,832,218212791,329,329,4258695,807970,
330,NOT_DURABLY_AVAILABLE,330,PASS,0x00000020,3,202797,833,218212792,330,330,4258695,807970,
331,NOT_DURABLY_AVAILABLE,331,PASS,0x00000020,3,202797,834,218212793,331,331,4258695,807970,
332,NOT_DURABLY_AVAILABLE,332,PASS,0x00000020,3,202797,835,218212794,332,332,4258695,807970,
333,NOT_DURABLY_AVAILABLE,333,PASS,0x00000020,3,202797,836,218212795,333,333,4258695,807970,
334,NOT_DURABLY_AVAILABLE,334,PASS,0x00000020,3,202797,837,218212796,334,334,4258695,807970,
335,NOT_DURABLY_AVAILABLE,335,PASS,0x00000020,3,202797,838,218212797,335,335,4258695,807970,
336,NOT_DURABLY_AVAILABLE,336,PASS,0x00000020,3,202797,839,218212798,336,336,4258695,807970,
337,NOT_DURABLY_AVAILABLE,337,PASS,0x00000020,3,202797,840,218212799,337,337,4258695,807970,
338,NOT_DURABLY_AVAILABLE,338,PASS,0x00000020,3,202797,841,218212800,338,338,4258695,807970,
339,NOT_DURABLY_AVAILABLE,339,PASS,0x00000020,3,202797,842,218212801,339,339,4258695,807970,
340,NOT_DURABLY_AVAILABLE,340,PASS,0x00000020,3,202797,843,218212802,340,340,4258695,807970,
341,NOT_DURABLY_AVAILABLE,341,PASS,0x00000020,3,202797,844,218212803,341,341,4258695,807970,
342,NOT_DURABLY_AVAILABLE,342,PASS,0x00000020,3,202797,845,218212804,342,342,4258695,807970,
343,NOT_DURABLY_AVAILABLE,343,PASS,0x00000020,3,202797,846,218212805,343,343,4258695,807970,
344,NOT_DURABLY_AVAILABLE,344,PASS,0x00000020,3,202797,847,218212806,344,344,4258695,807970,
345,NOT_DURABLY_AVAILABLE,345,PASS,0x00000020,3,202797,848,218212807,345,345,4258695,807970,
346,NOT_DURABLY_AVAILABLE,346,PASS,0x00000020,3,202797,849,218212808,346,346,4258695,807970,
347,NOT_DURABLY_AVAILABLE,347,PASS,0x00000020,3,202797,850,218212809,347,347,4258695,807970,
348,NOT_DURABLY_AVAILABLE,348,PASS,0x00000020,3,202797,851,218212810,348,348,4258695,807970,
349,NOT_DURABLY_AVAILABLE,349,PASS,0x00000020,3,202797,852,218212811,349,349,4258695,807970,
350,NOT_DURABLY_AVAILABLE,350,PASS,0x00000020,3,202797,853,218212812,350,350,4258695,807970,
351,NOT_DURABLY_AVAILABLE,351,PASS,0x00000020,3,202797,854,218212813,351,351,4258695,807970,
352,NOT_DURABLY_AVAILABLE,352,PASS,0x00000020,3,202797,855,218212814,352,352,4258695,807970,
353,NOT_DURABLY_AVAILABLE,353,PASS,0x00000020,3,202797,856,218212815,353,353,4258695,807970,
354,NOT_DURABLY_AVAILABLE,354,PASS,0x00000020,3,202797,857,218212816,354,354,4258695,807970,
355,NOT_DURABLY_AVAILABLE,355,PASS,0x00000020,3,202797,858,218212817,355,355,4258695,807970,
356,NOT_DURABLY_AVAILABLE,356,PASS,0x00000020,3,202797,859,218212818,356,356,4258695,807970,
357,NOT_DURABLY_AVAILABLE,357,PASS,0x00000020,3,202797,860,218212819,357,357,4258695,807970,
358,NOT_DURABLY_AVAILABLE,358,PASS,0x00000020,3,202797,861,218212820,358,358,4258695,807970,
359,NOT_DURABLY_AVAILABLE,359,PASS,0x00000020,3,202797,862,218212821,359,359,4258695,807970,
360,NOT_DURABLY_AVAILABLE,360,PASS,0x00000020,3,202797,863,218212822,360,360,4258695,807970,
361,NOT_DURABLY_AVAILABLE,361,PASS,0x00000020,3,202797,864,218212823,361,361,4258695,807970,
362,NOT_DURABLY_AVAILABLE,362,PASS,0x00000020,3,202797,865,218212824,362,362,4258695,807970,
363,NOT_DURABLY_AVAILABLE,363,PASS,0x00000020,3,202797,866,218212825,363,363,4258695,807970,
364,NOT_DURABLY_AVAILABLE,364,PASS,0x00000020,3,202797,867,218212826,364,364,4258695,807970,
365,NOT_DURABLY_AVAILABLE,365,PASS,0x00000020,3,202797,868,218212827,365,365,4258695,807970,
366,NOT_DURABLY_AVAILABLE,366,PASS,0x00000020,3,202797,869,218212828,366,366,4258695,807970,
367,NOT_DURABLY_AVAILABLE,367,PASS,0x00000020,3,202797,870,218212829,367,367,4258695,807970,
368,NOT_DURABLY_AVAILABLE,368,PASS,0x00000020,3,202797,871,218212830,368,368,4258695,807970,
369,NOT_DURABLY_AVAILABLE,369,PASS,0x00000020,3,202797,872,218212831,369,369,4258695,807970,
370,NOT_DURABLY_AVAILABLE,370,PASS,0x00000020,3,202797,873,218212832,370,370,4258695,807970,
371,NOT_DURABLY_AVAILABLE,371,PASS,0x00000020,3,202797,874,218212833,371,371,4258695,807970,
372,NOT_DURABLY_AVAILABLE,372,PASS,0x00000020,3,202797,875,218212834,372,372,4258695,807970,
373,NOT_DURABLY_AVAILABLE,373,PASS,0x00000020,3,202797,876,218212835,373,373,4258695,807970,
374,NOT_DURABLY_AVAILABLE,374,PASS,0x00000020,3,202797,877,218212836,374,374,4258695,807970,
375,NOT_DURABLY_AVAILABLE,375,PASS,0x00000020,3,202797,878,218212837,375,375,4258695,807970,
376,NOT_DURABLY_AVAILABLE,376,PASS,0x00000020,3,202797,879,218212838,376,376,4258695,807970,
377,NOT_DURABLY_AVAILABLE,377,PASS,0x00000020,3,202797,880,218212839,377,377,4258695,807970,
378,NOT_DURABLY_AVAILABLE,378,PASS,0x00000020,3,202797,881,218212840,378,378,4258695,807970,
379,NOT_DURABLY_AVAILABLE,379,PASS,0x00000020,3,202797,882,218212841,379,379,4258695,807970,
380,NOT_DURABLY_AVAILABLE,380,PASS,0x00000020,3,202797,883,218212842,380,380,4258695,807970,
381,NOT_DURABLY_AVAILABLE,381,PASS,0x00000020,3,202797,884,218212843,381,381,4258695,807970,
382,NOT_DURABLY_AVAILABLE,382,PASS,0x00000020,3,202797,885,218212844,382,382,4258695,807970,
383,NOT_DURABLY_AVAILABLE,383,PASS,0x00000020,3,202797,886,218212845,383,383,4258695,807970,
384,NOT_DURABLY_AVAILABLE,384,PASS,0x00000020,3,202797,887,218212846,384,384,4258695,807970,
385,NOT_DURABLY_AVAILABLE,385,PASS,0x00000020,3,202797,888,218212847,385,385,4258695,807970,
386,NOT_DURABLY_AVAILABLE,386,PASS,0x00000020,3,202797,889,218212848,386,386,4258695,807970,
387,NOT_DURABLY_AVAILABLE,387,PASS,0x00000020,3,202797,890,218212849,387,387,4258695,807970,
388,NOT_DURABLY_AVAILABLE,388,PASS,0x00000020,3,202797,891,218212850,388,388,4258695,807970,
389,NOT_DURABLY_AVAILABLE,389,PASS,0x00000020,3,202797,892,218212851,389,389,4258695,807970,
390,NOT_DURABLY_AVAILABLE,390,PASS,0x00000020,3,202797,893,218212852,390,390,4258695,807970,
391,NOT_DURABLY_AVAILABLE,391,PASS,0x00000020,3,202797,894,218212853,391,391,4258695,807970,
392,NOT_DURABLY_AVAILABLE,392,PASS,0x00000020,3,202797,895,218212854,392,392,4258695,807970,
393,NOT_DURABLY_AVAILABLE,393,PASS,0x00000020,3,202797,896,218212855,393,393,4258695,807970,
394,NOT_DURABLY_AVAILABLE,394,PASS,0x00000020,3,202797,897,218212856,394,394,4258695,807970,
395,NOT_DURABLY_AVAILABLE,395,PASS,0x00000020,3,202797,898,218212857,395,395,4258695,807970,
396,NOT_DURABLY_AVAILABLE,396,PASS,0x00000020,3,202797,899,218212858,396,396,4258695,807970,
397,NOT_DURABLY_AVAILABLE,397,PASS,0x00000020,3,202797,900,218212859,397,397,4258695,807970,
398,NOT_DURABLY_AVAILABLE,398,PASS,0x00000020,3,202797,901,218212860,398,398,4258695,807970,
399,NOT_DURABLY_AVAILABLE,399,PASS,0x00000020,3,202797,902,218212861,399,399,4258695,807970,
400,NOT_DURABLY_AVAILABLE,400,PASS,0x00000020,3,202797,903,218212862,400,400,4258695,807970,
401,NOT_DURABLY_AVAILABLE,401,PASS,0x00000020,3,202797,904,218212863,401,401,4258695,807970,
402,NOT_DURABLY_AVAILABLE,402,PASS,0x00000020,3,202797,905,218212864,402,402,4258695,807970,
403,NOT_DURABLY_AVAILABLE,403,PASS,0x00000020,3,202797,906,218212865,403,403,4258695,807970,
404,NOT_DURABLY_AVAILABLE,404,PASS,0x00000020,3,202797,907,218212866,404,404,4258695,807970,
405,NOT_DURABLY_AVAILABLE,405,PASS,0x00000020,3,202797,908,218212867,405,405,4258695,807970,
406,NOT_DURABLY_AVAILABLE,406,PASS,0x00000020,3,202797,909,218212868,406,406,4258695,807970,
407,NOT_DURABLY_AVAILABLE,407,PASS,0x00000020,3,202797,910,218212869,407,407,4258695,807970,
408,NOT_DURABLY_AVAILABLE,408,PASS,0x00000020,3,202797,911,218212870,408,408,4258695,807970,
409,NOT_DURABLY_AVAILABLE,409,PASS,0x00000020,3,202797,912,218212871,409,409,4258695,807970,
410,NOT_DURABLY_AVAILABLE,410,PASS,0x00000020,3,202797,913,218212872,410,410,4258695,807970,
411,NOT_DURABLY_AVAILABLE,411,PASS,0x00000020,3,202797,914,218212873,411,411,4258695,807970,
412,NOT_DURABLY_AVAILABLE,412,PASS,0x00000020,3,202797,915,218212874,412,412,4258695,807970,
413,NOT_DURABLY_AVAILABLE,413,PASS,0x00000020,3,202797,916,218212875,413,413,4258695,807970,
414,NOT_DURABLY_AVAILABLE,414,PASS,0x00000020,3,202797,917,218212876,414,414,4258695,807970,
415,NOT_DURABLY_AVAILABLE,415,PASS,0x00000020,3,202797,918,218212877,415,415,4258695,807970,
416,NOT_DURABLY_AVAILABLE,416,PASS,0x00000020,3,202797,919,218212878,416,416,4258695,807970,
417,NOT_DURABLY_AVAILABLE,417,PASS,0x00000020,3,202797,920,218212879,417,417,4258695,807970,
418,NOT_DURABLY_AVAILABLE,418,PASS,0x00000020,3,202797,921,218212880,418,418,4258695,807970,
419,NOT_DURABLY_AVAILABLE,419,PASS,0x00000020,3,202797,922,218212881,419,419,4258695,807970,
420,NOT_DURABLY_AVAILABLE,420,PASS,0x00000020,3,202797,923,218212882,420,420,4258695,807970,
421,NOT_DURABLY_AVAILABLE,421,PASS,0x00000020,3,202797,924,218212883,421,421,4258695,807970,
422,NOT_DURABLY_AVAILABLE,422,PASS,0x00000020,3,202797,925,218212884,422,422,4258695,807970,
423,NOT_DURABLY_AVAILABLE,423,PASS,0x00000020,3,202797,926,218212885,423,423,4258695,807970,
424,NOT_DURABLY_AVAILABLE,424,PASS,0x00000020,3,202797,927,218212886,424,424,4258695,807970,
425,NOT_DURABLY_AVAILABLE,425,PASS,0x00000020,3,202797,928,218212887,425,425,4258695,807970,
426,NOT_DURABLY_AVAILABLE,426,PASS,0x00000020,3,202797,929,218212888,426,426,4258695,807970,
427,NOT_DURABLY_AVAILABLE,427,PASS,0x00000020,3,202797,930,218212889,427,427,4258695,807970,
428,NOT_DURABLY_AVAILABLE,428,PASS,0x00000020,3,202797,931,218212890,428,428,4258695,807970,
429,NOT_DURABLY_AVAILABLE,429,PASS,0x00000020,3,202797,932,218212891,429,429,4258695,807970,
430,NOT_DURABLY_AVAILABLE,430,PASS,0x00000020,3,202797,933,218212892,430,430,4258695,807970,
431,NOT_DURABLY_AVAILABLE,431,PASS,0x00000020,3,202797,934,218212893,431,431,4258695,807970,
432,NOT_DURABLY_AVAILABLE,432,PASS,0x00000020,3,202797,935,218212894,432,432,4258695,807970,
433,NOT_DURABLY_AVAILABLE,433,PASS,0x00000020,3,202797,936,218212895,433,433,4258695,807970,
434,NOT_DURABLY_AVAILABLE,434,PASS,0x00000020,3,202797,937,218212896,434,434,4258695,807970,
435,NOT_DURABLY_AVAILABLE,435,PASS,0x00000020,3,202797,938,218212897,435,435,4258695,807970,
436,NOT_DURABLY_AVAILABLE,436,PASS,0x00000020,3,202797,939,218212898,436,436,4258695,807970,
437,NOT_DURABLY_AVAILABLE,437,PASS,0x00000020,3,202797,940,218212899,437,437,4258695,807970,
438,NOT_DURABLY_AVAILABLE,438,PASS,0x00000020,3,202797,941,218212900,438,438,4258695,807970,
439,NOT_DURABLY_AVAILABLE,439,PASS,0x00000020,3,202797,942,218212901,439,439,4258695,807970,
440,NOT_DURABLY_AVAILABLE,440,PASS,0x00000020,3,202797,943,218212902,440,440,4258695,807970,
441,NOT_DURABLY_AVAILABLE,441,PASS,0x0000002C,3,202797,946,218212903,443,441,4258695,807972,
442,NOT_DURABLY_AVAILABLE,442,PASS,0x00000020,3,202797,947,218212904,444,442,4258695,807972,
443,NOT_DURABLY_AVAILABLE,443,PASS,0x00000020,3,202797,948,218212905,445,443,4258695,807972,
444,NOT_DURABLY_AVAILABLE,444,PASS,0x00000020,3,202797,949,218212906,446,444,4258695,807972,
445,NOT_DURABLY_AVAILABLE,445,PASS,0x00000020,3,202797,950,218212907,447,445,4258695,807972,
446,NOT_DURABLY_AVAILABLE,446,PASS,0x00000020,3,202797,951,218212908,448,446,4258695,807972,
447,NOT_DURABLY_AVAILABLE,447,PASS,0x00000020,3,202797,952,218212909,449,447,4258695,807972,
448,NOT_DURABLY_AVAILABLE,448,PASS,0x00000020,3,202797,953,218212910,450,448,4258695,807972,
449,NOT_DURABLY_AVAILABLE,449,PASS,0x00000020,3,202797,954,218212911,451,449,4258695,807972,
450,NOT_DURABLY_AVAILABLE,450,PASS,0x00000020,3,202797,955,218212912,452,450,4258695,807972,
451,NOT_DURABLY_AVAILABLE,451,PASS,0x00000020,3,202797,956,218212913,453,451,4258695,807972,
452,NOT_DURABLY_AVAILABLE,452,PASS,0x00000020,3,202797,957,218212914,454,452,4258695,807972,
453,NOT_DURABLY_AVAILABLE,453,PASS,0x00000020,3,202797,958,218212915,455,453,4258695,807972,
454,NOT_DURABLY_AVAILABLE,454,PASS,0x00000020,3,202797,959,218212916,456,454,4258695,807972,
455,NOT_DURABLY_AVAILABLE,455,PASS,0x00000020,3,202797,960,218212917,457,455,4258695,807972,
456,NOT_DURABLY_AVAILABLE,456,PASS,0x00000020,3,202797,961,218212918,458,456,4258695,807972,
457,NOT_DURABLY_AVAILABLE,457,PASS,0x00000020,3,202797,962,218212919,459,457,4258695,807972,
458,NOT_DURABLY_AVAILABLE,458,PASS,0x00000020,3,202797,963,218212920,460,458,4258695,807972,
459,NOT_DURABLY_AVAILABLE,459,PASS,0x00000020,3,202797,964,218212921,461,459,4258695,807972,
460,NOT_DURABLY_AVAILABLE,460,PASS,0x00000020,3,202797,965,218212922,462,460,4258695,807972,
461,NOT_DURABLY_AVAILABLE,461,PASS,0x00000020,3,202797,966,218212923,463,461,4258695,807972,
462,NOT_DURABLY_AVAILABLE,462,PASS,0x00000020,3,202797,967,218212924,464,462,4258695,807972,
463,NOT_DURABLY_AVAILABLE,463,PASS,0x00000020,3,202797,968,218212925,465,463,4258695,807972,
464,NOT_DURABLY_AVAILABLE,464,PASS,0x00000020,3,202797,969,218212926,466,464,4258695,807972,
465,NOT_DURABLY_AVAILABLE,465,PASS,0x00000020,3,202797,970,218212927,467,465,4258695,807972,
466,NOT_DURABLY_AVAILABLE,466,PASS,0x00000020,3,202797,971,218212928,468,466,4258695,807972,
467,NOT_DURABLY_AVAILABLE,467,PASS,0x00000020,3,202797,972,218212929,469,467,4258695,807972,
468,NOT_DURABLY_AVAILABLE,468,PASS,0x00000020,3,202797,973,218212930,470,468,4258695,807972,
469,NOT_DURABLY_AVAILABLE,469,PASS,0x00000020,3,202797,974,218212931,471,469,4258695,807972,
470,NOT_DURABLY_AVAILABLE,470,PASS,0x00000020,3,202797,975,218212932,472,470,4258695,807972,
471,NOT_DURABLY_AVAILABLE,471,PASS,0x00000020,3,202797,976,218212933,473,471,4258695,807972,
472,NOT_DURABLY_AVAILABLE,472,PASS,0x00000020,3,202797,977,218212934,474,472,4258695,807972,
473,NOT_DURABLY_AVAILABLE,473,PASS,0x00000020,3,202797,978,218212935,475,473,4258695,807972,
474,NOT_DURABLY_AVAILABLE,474,PASS,0x00000020,3,202797,979,218212936,476,474,4258695,807972,
475,NOT_DURABLY_AVAILABLE,475,PASS,0x00000020,3,202797,980,218212937,477,475,4258695,807972,
476,NOT_DURABLY_AVAILABLE,476,PASS,0x00000020,3,202797,981,218212938,478,476,4258695,807972,
477,NOT_DURABLY_AVAILABLE,477,PASS,0x00000020,3,202797,982,218212939,479,477,4258695,807972,
478,NOT_DURABLY_AVAILABLE,478,PASS,0x00000020,3,202797,983,218212940,480,478,4258695,807972,
479,NOT_DURABLY_AVAILABLE,479,PASS,0x00000020,3,202797,984,218212941,481,479,4258695,807972,
480,NOT_DURABLY_AVAILABLE,480,PASS,0x00000020,3,202797,985,218212942,482,480,4258695,807972,
481,NOT_DURABLY_AVAILABLE,481,PASS,0x00000020,3,202797,986,218212943,483,481,4258695,807972,
482,NOT_DURABLY_AVAILABLE,482,PASS,0x00000020,3,202797,987,218212944,484,482,4258695,807972,
483,NOT_DURABLY_AVAILABLE,483,PASS,0x00000020,3,202797,988,218212945,485,483,4258695,807972,
484,NOT_DURABLY_AVAILABLE,484,PASS,0x00000020,3,202797,989,218212946,486,484,4258695,807972,
485,NOT_DURABLY_AVAILABLE,485,PASS,0x00000020,3,202797,990,218212947,487,485,4258695,807972,
486,NOT_DURABLY_AVAILABLE,486,PASS,0x00000020,3,202797,991,218212948,488,486,4258695,807972,
487,NOT_DURABLY_AVAILABLE,487,PASS,0x00000020,3,202797,992,218212949,489,487,4258695,807972,
488,NOT_DURABLY_AVAILABLE,488,PASS,0x00000020,3,202797,993,218212950,490,488,4258695,807972,
489,NOT_DURABLY_AVAILABLE,489,PASS,0x00000020,3,202797,994,218212951,491,489,4258695,807972,
490,NOT_DURABLY_AVAILABLE,490,PASS,0x00000020,3,202797,995,218212952,492,490,4258695,807972,
491,NOT_DURABLY_AVAILABLE,491,PASS,0x00000020,3,202797,996,218212953,493,491,4258695,807972,
492,NOT_DURABLY_AVAILABLE,492,PASS,0x00000020,3,202797,997,218212954,494,492,4258695,807972,
493,NOT_DURABLY_AVAILABLE,493,PASS,0x00000020,3,202797,998,218212955,495,493,4258695,807972,
494,NOT_DURABLY_AVAILABLE,494,PASS,0x00000020,3,202797,999,218212956,496,494,4258695,807972,
495,NOT_DURABLY_AVAILABLE,495,PASS,0x00000020,3,202797,1000,218212957,497,495,4258695,807972,
496,NOT_DURABLY_AVAILABLE,496,PASS,0x00000020,3,202797,1001,218212958,498,496,4258695,807972,
497,NOT_DURABLY_AVAILABLE,497,PASS,0x00000020,3,202797,1002,218212959,499,497,4258695,807972,
498,NOT_DURABLY_AVAILABLE,498,PASS,0x00000020,3,202797,1003,218212960,500,498,4258695,807972,
499,NOT_DURABLY_AVAILABLE,499,PASS,0x00000020,3,202797,1004,218212961,501,499,4258695,807972,
500,NOT_DURABLY_AVAILABLE,500,PASS,0x00000020,3,202797,1005,218212962,502,500,4258695,807972,
501,NOT_DURABLY_AVAILABLE,501,PASS,0x00000020,3,202797,1006,218212963,503,501,4258695,807972,
502,NOT_DURABLY_AVAILABLE,502,PASS,0x00000020,3,202797,1007,218212964,504,502,4258695,807972,
503,NOT_DURABLY_AVAILABLE,503,PASS,0x00000020,3,202797,1008,218212965,505,503,4258695,807972,
504,NOT_DURABLY_AVAILABLE,504,PASS,0x00000020,3,202797,1009,218212966,506,504,4258695,807972,
505,NOT_DURABLY_AVAILABLE,505,PASS,0x00000020,3,202797,1010,218212967,507,505,4258695,807972,
506,NOT_DURABLY_AVAILABLE,506,PASS,0x00000020,3,202797,1011,218212968,508,506,4258695,807972,
507,NOT_DURABLY_AVAILABLE,507,PASS,0x00000020,3,202797,1012,218212969,509,507,4258695,807972,
508,NOT_DURABLY_AVAILABLE,508,PASS,0x00000020,3,202797,1013,218212970,510,508,4258695,807972,
509,NOT_DURABLY_AVAILABLE,509,PASS,0x00000020,3,202797,1014,218212971,511,509,4258695,807972,
510,NOT_DURABLY_AVAILABLE,510,PASS,0x00000020,3,202797,1015,218212972,512,510,4258695,807972,
511,NOT_DURABLY_AVAILABLE,511,PASS,0x00000020,3,202797,1016,218212973,513,511,4258695,807972,
512,NOT_DURABLY_AVAILABLE,512,PASS,0x00000020,3,202797,1017,218212974,514,512,4258695,807972,
513,NOT_DURABLY_AVAILABLE,513,PASS,0x00000020,3,202797,1018,218212975,515,513,4258695,807972,
514,NOT_DURABLY_AVAILABLE,514,PASS,0x00000020,3,202797,1019,218212976,516,514,4258695,807972,
515,NOT_DURABLY_AVAILABLE,515,PASS,0x00000020,3,202797,1020,218212977,517,515,4258695,807972,
516,NOT_DURABLY_AVAILABLE,516,PASS,0x00000020,3,202797,1021,218212978,518,516,4258695,807972,
517,NOT_DURABLY_AVAILABLE,517,PASS,0x00000020,3,202797,1022,218212979,519,517,4258695,807972,
518,NOT_DURABLY_AVAILABLE,518,PASS,0x00000020,3,202797,1023,218212980,520,518,4258695,807972,
519,NOT_DURABLY_AVAILABLE,519,PASS,0x00000020,3,202797,1024,218212981,521,519,4258695,807972,
520,NOT_DURABLY_AVAILABLE,520,PASS,0x00000020,3,202797,1025,218212982,522,520,4258695,807972,
521,NOT_DURABLY_AVAILABLE,521,PASS,0x00000020,3,202797,1026,218212983,523,521,4258695,807972,
522,NOT_DURABLY_AVAILABLE,522,PASS,0x00000020,3,202797,1027,218212984,524,522,4258695,807972,
523,NOT_DURABLY_AVAILABLE,523,PASS,0x00000020,3,202797,1028,218212985,525,523,4258695,807972,
524,NOT_DURABLY_AVAILABLE,524,PASS,0x00000020,3,202797,1029,218212986,526,524,4258695,807972,
525,NOT_DURABLY_AVAILABLE,525,PASS,0x00000020,3,202797,1030,218212987,527,525,4258695,807972,
526,NOT_DURABLY_AVAILABLE,526,PASS,0x00000020,3,202797,1031,218212988,528,526,4258695,807972,
527,NOT_DURABLY_AVAILABLE,527,PASS,0x00000020,3,202797,1032,218212989,529,527,4258695,807972,
528,NOT_DURABLY_AVAILABLE,528,PASS,0x00000020,3,202797,1033,218212990,530,528,4258695,807972,
529,NOT_DURABLY_AVAILABLE,529,PASS,0x00000020,3,202797,1034,218212991,531,529,4258695,807972,
530,NOT_DURABLY_AVAILABLE,530,PASS,0x00000020,3,202797,1035,218212992,532,530,4258695,807972,
531,NOT_DURABLY_AVAILABLE,531,PASS,0x00000020,3,202797,1036,218212993,533,531,4258695,807972,
532,NOT_DURABLY_AVAILABLE,532,PASS,0x00000020,3,202797,1037,218212994,534,532,4258695,807972,
533,NOT_DURABLY_AVAILABLE,533,PASS,0x00000020,3,202797,1038,218212995,535,533,4258695,807972,
534,NOT_DURABLY_AVAILABLE,534,PASS,0x00000020,3,202797,1039,218212996,536,534,4258695,807972,
535,NOT_DURABLY_AVAILABLE,535,PASS,0x00000020,3,202797,1040,218212997,537,535,4258695,807972,
536,NOT_DURABLY_AVAILABLE,536,PASS,0x00000020,3,202797,1041,218212998,538,536,4258695,807972,
537,NOT_DURABLY_AVAILABLE,537,PASS,0x00000020,3,202797,1042,218212999,539,537,4258695,807972,
538,NOT_DURABLY_AVAILABLE,538,PASS,0x00000020,3,202797,1043,218213000,540,538,4258695,807972,
539,NOT_DURABLY_AVAILABLE,539,PASS,0x00000020,3,202797,1044,218213001,541,539,4258695,807972,
540,NOT_DURABLY_AVAILABLE,540,PASS,0x00000020,3,202797,1045,218213002,542,540,4258695,807972,
541,NOT_DURABLY_AVAILABLE,541,PASS,0x00000020,3,202797,1046,218213003,543,541,4258695,807972,
542,NOT_DURABLY_AVAILABLE,542,PASS,0x00000020,3,202797,1047,218213004,544,542,4258695,807972,
543,NOT_DURABLY_AVAILABLE,543,PASS,0x00000020,3,202797,1048,218213005,545,543,4258695,807972,
544,NOT_DURABLY_AVAILABLE,544,PASS,0x00000020,3,202797,1049,218213006,546,544,4258695,807972,
545,NOT_DURABLY_AVAILABLE,545,PASS,0x00000020,3,202797,1050,218213007,547,545,4258695,807972,
546,NOT_DURABLY_AVAILABLE,546,PASS,0x00000020,3,202797,1051,218213008,548,546,4258695,807972,
547,NOT_DURABLY_AVAILABLE,547,PASS,0x00000020,3,202797,1052,218213009,549,547,4258695,807972,
548,NOT_DURABLY_AVAILABLE,548,PASS,0x00000020,3,202797,1053,218213010,550,548,4258695,807972,
549,NOT_DURABLY_AVAILABLE,549,PASS,0x00000020,3,202797,1054,218213011,551,549,4258695,807972,
550,NOT_DURABLY_AVAILABLE,550,PASS,0x00000020,3,202797,1055,218213012,552,550,4258695,807972,
551,NOT_DURABLY_AVAILABLE,551,PASS,0x00000020,3,202797,1056,218213013,553,551,4258695,807972,
552,NOT_DURABLY_AVAILABLE,552,PASS,0x00000020,3,202797,1057,218213014,554,552,4258695,807972,
553,NOT_DURABLY_AVAILABLE,553,PASS,0x00000020,3,202797,1058,218213015,555,553,4258695,807972,
554,NOT_DURABLY_AVAILABLE,554,PASS,0x00000020,3,202797,1059,218213016,556,554,4258695,807972,
555,NOT_DURABLY_AVAILABLE,555,PASS,0x00000020,3,202797,1060,218213017,557,555,4258695,807972,
556,NOT_DURABLY_AVAILABLE,556,PASS,0x00000020,3,202797,1061,218213018,558,556,4258695,807972,
557,NOT_DURABLY_AVAILABLE,557,PASS,0x00000020,3,202797,1062,218213019,559,557,4258695,807972,
558,NOT_DURABLY_AVAILABLE,558,PASS,0x00000020,3,202797,1063,218213020,560,558,4258695,807972,
559,NOT_DURABLY_AVAILABLE,559,PASS,0x00000020,3,202797,1064,218213021,561,559,4258695,807972,
560,NOT_DURABLY_AVAILABLE,560,PASS,0x00000020,3,202797,1065,218213022,562,560,4258695,807972,
561,NOT_DURABLY_AVAILABLE,561,PASS,0x00000020,3,202797,1066,218213023,563,561,4258695,807972,
562,NOT_DURABLY_AVAILABLE,562,PASS,0x00000020,3,202797,1067,218213024,564,562,4258695,807972,
563,NOT_DURABLY_AVAILABLE,563,PASS,0x00000020,3,202797,1068,218213025,565,563,4258695,807972,
564,NOT_DURABLY_AVAILABLE,564,PASS,0x00000020,3,202797,1069,218213026,566,564,4258695,807972,
565,NOT_DURABLY_AVAILABLE,565,PASS,0x00000020,3,202797,1070,218213027,567,565,4258695,807972,
566,NOT_DURABLY_AVAILABLE,566,PASS,0x00000020,3,202797,1071,218213028,568,566,4258695,807972,
567,NOT_DURABLY_AVAILABLE,567,PASS,0x00000020,3,202797,1072,218213029,569,567,4258695,807972,
568,NOT_DURABLY_AVAILABLE,568,PASS,0x00000020,3,202797,1073,218213030,570,568,4258695,807972,
569,NOT_DURABLY_AVAILABLE,569,PASS,0x00000020,3,202797,1074,218213031,571,569,4258695,807972,
570,NOT_DURABLY_AVAILABLE,570,PASS,0x00000020,3,202797,1075,218213032,572,570,4258695,807972,
571,NOT_DURABLY_AVAILABLE,571,PASS,0x00000020,3,202797,1076,218213033,573,571,4258695,807972,
572,NOT_DURABLY_AVAILABLE,572,PASS,0x00000020,3,202797,1077,218213034,574,572,4258695,807972,
573,NOT_DURABLY_AVAILABLE,573,PASS,0x00000020,3,202797,1078,218213035,575,573,4258695,807972,
574,NOT_DURABLY_AVAILABLE,574,PASS,0x00000020,3,202797,1079,218213036,576,574,4258695,807972,
575,NOT_DURABLY_AVAILABLE,575,PASS,0x00000034,3,202798,1,218213038,578,575,4258716,807973,
576,NOT_DURABLY_AVAILABLE,576,PASS,0x00000020,3,202798,2,218213039,579,576,4258716,807973,
577,NOT_DURABLY_AVAILABLE,577,PASS,0x00000020,3,202798,3,218213040,580,577,4258716,807973,
578,NOT_DURABLY_AVAILABLE,578,PASS,0x00000020,3,202798,4,218213041,581,578,4258716,807973,
579,NOT_DURABLY_AVAILABLE,579,PASS,0x00000020,3,202798,5,218213042,582,579,4258716,807973,
580,NOT_DURABLY_AVAILABLE,580,PASS,0x00000020,3,202798,6,218213043,583,580,4258716,807973,
581,NOT_DURABLY_AVAILABLE,581,PASS,0x00000020,3,202798,7,218213044,584,581,4258716,807973,
582,NOT_DURABLY_AVAILABLE,582,PASS,0x00000020,3,202798,8,218213045,585,582,4258716,807973,
583,NOT_DURABLY_AVAILABLE,583,PASS,0x00000020,3,202798,9,218213046,586,583,4258716,807973,
584,NOT_DURABLY_AVAILABLE,584,PASS,0x00000020,3,202798,10,218213047,587,584,4258716,807973,
585,NOT_DURABLY_AVAILABLE,585,PASS,0x00000020,3,202798,11,218213048,588,585,4258716,807973,
586,NOT_DURABLY_AVAILABLE,586,PASS,0x00000020,3,202798,12,218213049,589,586,4258716,807973,
587,NOT_DURABLY_AVAILABLE,587,PASS,0x00000020,3,202798,13,218213050,590,587,4258716,807973,
588,NOT_DURABLY_AVAILABLE,588,PASS,0x00000020,3,202798,14,218213051,591,588,4258716,807973,
589,NOT_DURABLY_AVAILABLE,589,PASS,0x00000020,3,202798,15,218213052,592,589,4258716,807973,
590,NOT_DURABLY_AVAILABLE,590,PASS,0x00000020,3,202798,16,218213053,593,590,4258716,807973,
591,NOT_DURABLY_AVAILABLE,591,PASS,0x00000020,3,202798,17,218213054,594,591,4258716,807973,
592,NOT_DURABLY_AVAILABLE,592,PASS,0x00000020,3,202798,18,218213055,595,592,4258716,807973,
593,NOT_DURABLY_AVAILABLE,593,PASS,0x00000020,3,202798,19,218213056,596,593,4258716,807973,
594,NOT_DURABLY_AVAILABLE,594,PASS,0x00000020,3,202798,20,218213057,597,594,4258716,807973,
595,NOT_DURABLY_AVAILABLE,595,PASS,0x00000020,3,202798,21,218213058,598,595,4258716,807973,
596,NOT_DURABLY_AVAILABLE,596,PASS,0x00000020,3,202798,22,218213059,599,596,4258716,807973,
597,NOT_DURABLY_AVAILABLE,597,PASS,0x00000020,3,202798,23,218213060,600,597,4258716,807973,
598,NOT_DURABLY_AVAILABLE,598,PASS,0x00000020,3,202798,24,218213061,601,598,4258716,807973,
599,NOT_DURABLY_AVAILABLE,599,PASS,0x00000020,3,202798,25,218213062,602,599,4258716,807973,
600,NOT_DURABLY_AVAILABLE,600,PASS,0x00000020,3,202798,26,218213063,603,600,4258716,807973,
601,NOT_DURABLY_AVAILABLE,601,PASS,0x00000020,3,202798,27,218213064,604,601,4258716,807973,
602,NOT_DURABLY_AVAILABLE,602,PASS,0x00000020,3,202798,28,218213065,605,602,4258716,807973,
603,NOT_DURABLY_AVAILABLE,603,PASS,0x00000020,3,202798,29,218213066,606,603,4258716,807973,
604,NOT_DURABLY_AVAILABLE,604,PASS,0x00000020,3,202798,30,218213067,607,604,4258716,807973,
605,NOT_DURABLY_AVAILABLE,605,PASS,0x00000020,3,202798,31,218213068,608,605,4258716,807973,
606,NOT_DURABLY_AVAILABLE,606,PASS,0x00000020,3,202798,32,218213069,609,606,4258716,807973,
607,NOT_DURABLY_AVAILABLE,607,PASS,0x00000020,3,202798,33,218213070,610,607,4258716,807973,
608,NOT_DURABLY_AVAILABLE,608,PASS,0x00000020,3,202798,34,218213071,611,608,4258716,807973,
609,NOT_DURABLY_AVAILABLE,609,PASS,0x00000020,3,202798,35,218213072,612,609,4258716,807973,
610,NOT_DURABLY_AVAILABLE,610,PASS,0x00000020,3,202798,36,218213073,613,610,4258716,807973,
611,NOT_DURABLY_AVAILABLE,611,PASS,0x00000020,3,202798,37,218213074,614,611,4258716,807973,
612,NOT_DURABLY_AVAILABLE,612,PASS,0x00000020,3,202798,38,218213075,615,612,4258716,807973,
613,NOT_DURABLY_AVAILABLE,613,PASS,0x00000020,3,202798,39,218213076,616,613,4258716,807973,
614,NOT_DURABLY_AVAILABLE,614,PASS,0x00000020,3,202798,40,218213077,617,614,4258716,807973,
615,NOT_DURABLY_AVAILABLE,615,PASS,0x00000020,3,202798,41,218213078,618,615,4258716,807973,
616,NOT_DURABLY_AVAILABLE,616,PASS,0x00000020,3,202798,42,218213079,619,616,4258716,807973,
617,NOT_DURABLY_AVAILABLE,617,PASS,0x00000020,3,202798,43,218213080,620,617,4258716,807973,
618,NOT_DURABLY_AVAILABLE,618,PASS,0x00000020,3,202798,44,218213081,621,618,4258716,807973,
619,NOT_DURABLY_AVAILABLE,619,PASS,0x00000020,3,202798,45,218213082,622,619,4258716,807973,
620,NOT_DURABLY_AVAILABLE,620,PASS,0x00000020,3,202798,46,218213083,623,620,4258716,807973,
621,NOT_DURABLY_AVAILABLE,621,PASS,0x00000020,3,202798,47,218213084,624,621,4258716,807973,
622,NOT_DURABLY_AVAILABLE,622,PASS,0x00000020,3,202798,48,218213085,625,622,4258716,807973,
623,NOT_DURABLY_AVAILABLE,623,PASS,0x00000020,3,202798,49,218213086,626,623,4258716,807973,
624,NOT_DURABLY_AVAILABLE,624,PASS,0x00000020,3,202798,50,218213087,627,624,4258716,807973,
625,NOT_DURABLY_AVAILABLE,625,PASS,0x00000020,3,202798,51,218213088,628,625,4258716,807973,
626,NOT_DURABLY_AVAILABLE,626,PASS,0x00000020,3,202798,52,218213089,629,626,4258716,807973,
627,NOT_DURABLY_AVAILABLE,627,PASS,0x00000020,3,202798,53,218213090,630,627,4258716,807973,
628,NOT_DURABLY_AVAILABLE,628,PASS,0x00000020,3,202798,54,218213091,631,628,4258716,807973,
629,NOT_DURABLY_AVAILABLE,629,PASS,0x00000020,3,202798,55,218213092,632,629,4258716,807973,
630,NOT_DURABLY_AVAILABLE,630,PASS,0x00000020,3,202798,56,218213093,633,630,4258716,807973,
631,NOT_DURABLY_AVAILABLE,631,PASS,0x00000020,3,202798,57,218213094,634,631,4258716,807973,
632,NOT_DURABLY_AVAILABLE,632,PASS,0x00000020,3,202798,58,218213095,635,632,4258716,807973,
633,NOT_DURABLY_AVAILABLE,633,PASS,0x00000020,3,202798,59,218213096,636,633,4258716,807973,
634,NOT_DURABLY_AVAILABLE,634,PASS,0x00000020,3,202798,60,218213097,637,634,4258716,807973,
635,NOT_DURABLY_AVAILABLE,635,PASS,0x00000020,3,202798,61,218213098,638,635,4258716,807973,
636,NOT_DURABLY_AVAILABLE,636,PASS,0x00000020,3,202798,62,218213099,639,636,4258716,807973,
637,NOT_DURABLY_AVAILABLE,637,PASS,0x00000020,3,202798,63,218213100,640,637,4258716,807973,
638,NOT_DURABLY_AVAILABLE,638,PASS,0x00000020,3,202798,64,218213101,641,638,4258716,807973,
639,NOT_DURABLY_AVAILABLE,639,PASS,0x00000020,3,202798,65,218213102,642,639,4258716,807973,
640,NOT_DURABLY_AVAILABLE,640,PASS,0x00000020,3,202798,66,218213103,643,640,4258716,807973,
641,NOT_DURABLY_AVAILABLE,641,PASS,0x00000020,3,202798,67,218213104,644,641,4258716,807973,
642,NOT_DURABLY_AVAILABLE,642,PASS,0x00000020,3,202798,68,218213105,645,642,4258716,807973,
643,NOT_DURABLY_AVAILABLE,643,PASS,0x00000020,3,202798,69,218213106,646,643,4258716,807973,
644,NOT_DURABLY_AVAILABLE,644,PASS,0x00000020,3,202798,70,218213107,647,644,4258716,807973,
645,NOT_DURABLY_AVAILABLE,645,PASS,0x00000020,3,202798,71,218213108,648,645,4258716,807973,
646,NOT_DURABLY_AVAILABLE,646,PASS,0x00000020,3,202798,72,218213109,649,646,4258716,807973,
647,NOT_DURABLY_AVAILABLE,647,PASS,0x00000020,3,202798,73,218213110,650,647,4258716,807973,
648,NOT_DURABLY_AVAILABLE,648,PASS,0x00000020,3,202798,74,218213111,651,648,4258716,807973,
649,NOT_DURABLY_AVAILABLE,649,PASS,0x00000020,3,202798,75,218213112,652,649,4258716,807973,
650,NOT_DURABLY_AVAILABLE,650,PASS,0x00000020,3,202798,76,218213113,653,650,4258716,807973,
651,NOT_DURABLY_AVAILABLE,651,PASS,0x00000020,3,202798,77,218213114,654,651,4258716,807973,
652,NOT_DURABLY_AVAILABLE,652,PASS,0x00000020,3,202798,78,218213115,655,652,4258716,807973,
653,NOT_DURABLY_AVAILABLE,653,PASS,0x00000020,3,202798,79,218213116,656,653,4258716,807973,
654,NOT_DURABLY_AVAILABLE,654,PASS,0x00000020,3,202798,80,218213117,657,654,4258716,807973,
655,NOT_DURABLY_AVAILABLE,655,PASS,0x00000020,3,202798,81,218213118,658,655,4258716,807973,
656,NOT_DURABLY_AVAILABLE,656,PASS,0x00000020,3,202798,82,218213119,659,656,4258716,807973,
657,NOT_DURABLY_AVAILABLE,657,PASS,0x00000020,3,202798,83,218213120,660,657,4258716,807973,
658,NOT_DURABLY_AVAILABLE,658,PASS,0x00000020,3,202798,84,218213121,661,658,4258716,807973,
659,NOT_DURABLY_AVAILABLE,659,PASS,0x00000020,3,202798,85,218213122,662,659,4258716,807973,
660,NOT_DURABLY_AVAILABLE,660,PASS,0x00000020,3,202798,86,218213123,663,660,4258716,807973,
661,NOT_DURABLY_AVAILABLE,661,PASS,0x00000020,3,202798,87,218213124,664,661,4258716,807973,
662,NOT_DURABLY_AVAILABLE,662,PASS,0x00000020,3,202798,88,218213125,665,662,4258716,807973,
663,NOT_DURABLY_AVAILABLE,663,PASS,0x00000020,3,202798,89,218213126,666,663,4258716,807973,
664,NOT_DURABLY_AVAILABLE,664,PASS,0x00000020,3,202798,90,218213127,667,664,4258716,807973,
665,NOT_DURABLY_AVAILABLE,665,PASS,0x00000020,3,202798,91,218213128,668,665,4258716,807973,
666,NOT_DURABLY_AVAILABLE,666,PASS,0x00000020,3,202798,92,218213129,669,666,4258716,807973,
667,NOT_DURABLY_AVAILABLE,667,PASS,0x00000020,3,202798,93,218213130,670,667,4258716,807973,
668,NOT_DURABLY_AVAILABLE,668,PASS,0x00000020,3,202798,94,218213131,671,668,4258716,807973,
669,NOT_DURABLY_AVAILABLE,669,PASS,0x00000020,3,202798,95,218213132,672,669,4258716,807973,
670,NOT_DURABLY_AVAILABLE,670,PASS,0x00000020,3,202798,96,218213133,673,670,4258716,807973,
671,NOT_DURABLY_AVAILABLE,671,PASS,0x00000020,3,202798,97,218213134,674,671,4258716,807973,
672,NOT_DURABLY_AVAILABLE,672,PASS,0x00000020,3,202798,98,218213135,675,672,4258716,807973,
673,NOT_DURABLY_AVAILABLE,673,PASS,0x00000020,3,202798,99,218213136,676,673,4258716,807973,
674,NOT_DURABLY_AVAILABLE,674,PASS,0x00000020,3,202798,100,218213137,677,674,4258716,807973,
675,NOT_DURABLY_AVAILABLE,675,PASS,0x00000020,3,202798,101,218213138,678,675,4258716,807973,
676,NOT_DURABLY_AVAILABLE,676,PASS,0x00000020,3,202798,102,218213139,679,676,4258716,807973,
677,NOT_DURABLY_AVAILABLE,677,PASS,0x00000020,3,202798,103,218213140,680,677,4258716,807973,
678,NOT_DURABLY_AVAILABLE,678,PASS,0x00000020,3,202798,104,218213141,681,678,4258716,807973,
679,NOT_DURABLY_AVAILABLE,679,PASS,0x00000020,3,202798,105,218213142,682,679,4258716,807973,
680,NOT_DURABLY_AVAILABLE,680,PASS,0x00000020,3,202798,106,218213143,683,680,4258716,807973,
681,NOT_DURABLY_AVAILABLE,681,PASS,0x00000020,3,202798,107,218213144,684,681,4258716,807973,
682,NOT_DURABLY_AVAILABLE,682,PASS,0x00000020,3,202798,108,218213145,685,682,4258716,807973,
683,NOT_DURABLY_AVAILABLE,683,PASS,0x00000020,3,202798,109,218213146,686,683,4258716,807973,
684,NOT_DURABLY_AVAILABLE,684,PASS,0x00000020,3,202798,110,218213147,687,684,4258716,807973,
685,NOT_DURABLY_AVAILABLE,685,PASS,0x00000020,3,202798,111,218213148,688,685,4258716,807973,
686,NOT_DURABLY_AVAILABLE,686,PASS,0x00000020,3,202798,112,218213149,689,686,4258716,807973,
687,NOT_DURABLY_AVAILABLE,687,PASS,0x00000020,3,202798,113,218213150,690,687,4258716,807973,
688,NOT_DURABLY_AVAILABLE,688,PASS,0x00000020,3,202798,114,218213151,691,688,4258716,807973,
689,NOT_DURABLY_AVAILABLE,689,PASS,0x00000020,3,202798,115,218213152,692,689,4258716,807973,
690,NOT_DURABLY_AVAILABLE,690,PASS,0x00000020,3,202798,116,218213153,693,690,4258716,807973,
691,NOT_DURABLY_AVAILABLE,691,PASS,0x00000020,3,202798,117,218213154,694,691,4258716,807973,
692,NOT_DURABLY_AVAILABLE,692,PASS,0x00000020,3,202798,118,218213155,695,692,4258716,807973,
693,NOT_DURABLY_AVAILABLE,693,PASS,0x00000020,3,202798,119,218213156,696,693,4258716,807973,
694,NOT_DURABLY_AVAILABLE,694,PASS,0x00000020,3,202798,120,218213157,697,694,4258716,807973,
695,NOT_DURABLY_AVAILABLE,695,PASS,0x00000020,3,202798,121,218213158,698,695,4258716,807973,
696,NOT_DURABLY_AVAILABLE,696,PASS,0x00000020,3,202798,122,218213159,699,696,4258716,807973,
697,NOT_DURABLY_AVAILABLE,697,PASS,0x00000020,3,202798,123,218213160,700,697,4258716,807973,
698,NOT_DURABLY_AVAILABLE,698,PASS,0x00000020,3,202798,124,218213161,701,698,4258716,807973,
699,NOT_DURABLY_AVAILABLE,699,PASS,0x00000020,3,202798,125,218213162,702,699,4258716,807973,
700,NOT_DURABLY_AVAILABLE,700,PASS,0x00000020,3,202798,126,218213163,703,700,4258716,807973,
701,NOT_DURABLY_AVAILABLE,701,PASS,0x00000020,3,202798,127,218213164,704,701,4258716,807973,
702,NOT_DURABLY_AVAILABLE,702,PASS,0x00000020,3,202798,128,218213165,705,702,4258716,807973,
703,NOT_DURABLY_AVAILABLE,703,PASS,0x00000020,3,202798,129,218213166,706,703,4258716,807973,
704,NOT_DURABLY_AVAILABLE,704,PASS,0x00000020,3,202798,130,218213167,707,704,4258716,807973,
705,NOT_DURABLY_AVAILABLE,705,PASS,0x00000020,3,202798,131,218213168,708,705,4258716,807973,
706,NOT_DURABLY_AVAILABLE,706,PASS,0x00000020,3,202798,132,218213169,709,706,4258716,807973,
707,NOT_DURABLY_AVAILABLE,707,PASS,0x00000020,3,202798,133,218213170,710,707,4258716,807973,
708,NOT_DURABLY_AVAILABLE,708,PASS,0x00000020,3,202798,134,218213171,711,708,4258716,807973,
709,NOT_DURABLY_AVAILABLE,709,PASS,0x00000020,3,202798,135,218213172,712,709,4258716,807973,
710,NOT_DURABLY_AVAILABLE,710,PASS,0x00000020,3,202798,136,218213173,713,710,4258716,807973,
711,NOT_DURABLY_AVAILABLE,711,PASS,0x00000020,3,202798,137,218213174,714,711,4258716,807973,
712,NOT_DURABLY_AVAILABLE,712,PASS,0x00000020,3,202798,138,218213175,715,712,4258716,807973,
713,NOT_DURABLY_AVAILABLE,713,PASS,0x00000020,3,202798,139,218213176,716,713,4258716,807973,
714,NOT_DURABLY_AVAILABLE,714,PASS,0x00000020,3,202798,140,218213177,717,714,4258716,807973,
715,NOT_DURABLY_AVAILABLE,715,PASS,0x00000020,3,202798,141,218213178,718,715,4258716,807973,
716,NOT_DURABLY_AVAILABLE,716,PASS,0x00000020,3,202798,142,218213179,719,716,4258716,807973,
717,NOT_DURABLY_AVAILABLE,717,PASS,0x00000020,3,202798,143,218213180,720,717,4258716,807973,
718,NOT_DURABLY_AVAILABLE,718,PASS,0x00000020,3,202798,144,218213181,721,718,4258716,807973,
719,NOT_DURABLY_AVAILABLE,719,PASS,0x00000020,3,202798,145,218213182,722,719,4258716,807973,
720,NOT_DURABLY_AVAILABLE,720,PASS,0x00000020,3,202798,146,218213183,723,720,4258716,807973,
721,NOT_DURABLY_AVAILABLE,721,PASS,0x00000020,3,202798,147,218213184,724,721,4258716,807973,
722,NOT_DURABLY_AVAILABLE,722,PASS,0x00000020,3,202798,148,218213185,725,722,4258716,807973,
723,NOT_DURABLY_AVAILABLE,723,PASS,0x00000020,3,202798,149,218213186,726,723,4258716,807973,
724,NOT_DURABLY_AVAILABLE,724,PASS,0x00000020,3,202798,150,218213187,727,724,4258716,807973,
725,NOT_DURABLY_AVAILABLE,725,PASS,0x00000020,3,202798,151,218213188,728,725,4258716,807973,
726,NOT_DURABLY_AVAILABLE,726,PASS,0x00000020,3,202798,152,218213189,729,726,4258716,807973,
727,NOT_DURABLY_AVAILABLE,727,PASS,0x00000020,3,202798,153,218213190,730,727,4258716,807973,
728,NOT_DURABLY_AVAILABLE,728,PASS,0x00000020,3,202798,154,218213191,731,728,4258716,807973,
729,NOT_DURABLY_AVAILABLE,729,PASS,0x00000020,3,202798,155,218213192,732,729,4258716,807973,
730,NOT_DURABLY_AVAILABLE,730,PASS,0x00000020,3,202798,156,218213193,733,730,4258716,807973,
731,NOT_DURABLY_AVAILABLE,731,PASS,0x00000020,3,202798,157,218213194,734,731,4258716,807973,
732,NOT_DURABLY_AVAILABLE,732,PASS,0x00000020,3,202798,158,218213195,735,732,4258716,807973,
733,NOT_DURABLY_AVAILABLE,733,PASS,0x00000020,3,202798,159,218213196,736,733,4258716,807973,
734,NOT_DURABLY_AVAILABLE,734,PASS,0x00000020,3,202798,160,218213197,737,734,4258716,807973,
735,NOT_DURABLY_AVAILABLE,735,PASS,0x00000020,3,202798,161,218213198,738,735,4258716,807973,
736,NOT_DURABLY_AVAILABLE,736,PASS,0x00000020,3,202798,162,218213199,739,736,4258716,807973,
737,NOT_DURABLY_AVAILABLE,737,PASS,0x00000020,3,202798,163,218213200,740,737,4258716,807973,
738,NOT_DURABLY_AVAILABLE,738,PASS,0x00000020,3,202798,164,218213201,741,738,4258716,807973,
739,NOT_DURABLY_AVAILABLE,739,PASS,0x00000020,3,202798,165,218213202,742,739,4258716,807973,
740,NOT_DURABLY_AVAILABLE,740,PASS,0x00000020,3,202798,166,218213203,743,740,4258716,807973,
741,NOT_DURABLY_AVAILABLE,741,PASS,0x00000020,3,202798,167,218213204,744,741,4258716,807973,
742,NOT_DURABLY_AVAILABLE,742,PASS,0x00000020,3,202798,168,218213205,745,742,4258716,807973,
743,NOT_DURABLY_AVAILABLE,743,PASS,0x00000020,3,202798,169,218213206,746,743,4258716,807973,
744,NOT_DURABLY_AVAILABLE,744,PASS,0x00000020,3,202798,170,218213207,747,744,4258716,807973,
745,NOT_DURABLY_AVAILABLE,745,PASS,0x00000020,3,202798,171,218213208,748,745,4258716,807973,
746,NOT_DURABLY_AVAILABLE,746,PASS,0x00000020,3,202798,172,218213209,749,746,4258716,807973,
747,NOT_DURABLY_AVAILABLE,747,PASS,0x00000020,3,202798,173,218213210,750,747,4258716,807973,
748,NOT_DURABLY_AVAILABLE,748,PASS,0x00000020,3,202798,174,218213211,751,748,4258716,807973,
749,NOT_DURABLY_AVAILABLE,749,PASS,0x00000020,3,202798,175,218213212,752,749,4258716,807973,
750,NOT_DURABLY_AVAILABLE,750,PASS,0x00000020,3,202798,176,218213213,753,750,4258716,807973,
751,NOT_DURABLY_AVAILABLE,751,PASS,0x00000020,3,202798,177,218213214,754,751,4258716,807973,
752,NOT_DURABLY_AVAILABLE,752,PASS,0x00000020,3,202798,178,218213215,755,752,4258716,807973,
753,NOT_DURABLY_AVAILABLE,753,PASS,0x00000020,3,202798,179,218213216,756,753,4258716,807973,
754,NOT_DURABLY_AVAILABLE,754,PASS,0x00000020,3,202798,180,218213217,757,754,4258716,807973,
755,NOT_DURABLY_AVAILABLE,755,PASS,0x00000020,3,202798,181,218213218,758,755,4258716,807973,
756,NOT_DURABLY_AVAILABLE,756,PASS,0x00000020,3,202798,182,218213219,759,756,4258716,807973,
757,NOT_DURABLY_AVAILABLE,757,PASS,0x00000020,3,202798,183,218213220,760,757,4258716,807973,
758,NOT_DURABLY_AVAILABLE,758,PASS,0x00000020,3,202798,184,218213221,761,758,4258716,807973,
759,NOT_DURABLY_AVAILABLE,759,PASS,0x00000020,3,202798,185,218213222,762,759,4258716,807973,
760,NOT_DURABLY_AVAILABLE,760,PASS,0x00000020,3,202798,186,218213223,763,760,4258716,807973,
761,NOT_DURABLY_AVAILABLE,761,PASS,0x00000020,3,202798,187,218213224,764,761,4258716,807973,
762,NOT_DURABLY_AVAILABLE,762,PASS,0x00000020,3,202798,188,218213225,765,762,4258716,807973,
763,NOT_DURABLY_AVAILABLE,763,PASS,0x00000020,3,202798,189,218213226,766,763,4258716,807973,
764,NOT_DURABLY_AVAILABLE,764,PASS,0x00000020,3,202798,190,218213227,767,764,4258716,807973,
765,NOT_DURABLY_AVAILABLE,765,PASS,0x00000020,3,202798,191,218213228,768,765,4258716,807973,
766,NOT_DURABLY_AVAILABLE,766,PASS,0x00000020,3,202798,192,218213229,769,766,4258716,807973,
767,NOT_DURABLY_AVAILABLE,767,PASS,0x00000020,3,202798,193,218213230,770,767,4258716,807973,
768,NOT_DURABLY_AVAILABLE,768,PASS,0x00000020,3,202798,194,218213231,771,768,4258716,807973,
769,NOT_DURABLY_AVAILABLE,769,PASS,0x00000020,3,202798,195,218213232,772,769,4258716,807973,
770,NOT_DURABLY_AVAILABLE,770,PASS,0x00000020,3,202798,196,218213233,773,770,4258716,807973,
771,NOT_DURABLY_AVAILABLE,771,PASS,0x00000020,3,202798,197,218213234,774,771,4258716,807973,
772,NOT_DURABLY_AVAILABLE,772,PASS,0x00000020,3,202798,198,218213235,775,772,4258716,807973,
773,NOT_DURABLY_AVAILABLE,773,PASS,0x00000020,3,202798,199,218213236,776,773,4258716,807973,
774,NOT_DURABLY_AVAILABLE,774,PASS,0x00000020,3,202798,200,218213237,777,774,4258716,807973,
775,NOT_DURABLY_AVAILABLE,775,PASS,0x00000020,3,202798,201,218213238,778,775,4258716,807973,
776,NOT_DURABLY_AVAILABLE,776,PASS,0x00000020,3,202798,202,218213239,779,776,4258716,807973,
777,NOT_DURABLY_AVAILABLE,777,PASS,0x00000020,3,202798,203,218213240,780,777,4258716,807973,
778,NOT_DURABLY_AVAILABLE,778,PASS,0x00000020,3,202798,204,218213241,781,778,4258716,807973,
779,NOT_DURABLY_AVAILABLE,779,PASS,0x00000020,3,202798,205,218213242,782,779,4258716,807973,
780,NOT_DURABLY_AVAILABLE,780,PASS,0x00000020,3,202798,206,218213243,783,780,4258716,807973,
781,NOT_DURABLY_AVAILABLE,781,PASS,0x00000020,3,202798,207,218213244,784,781,4258716,807973,
782,NOT_DURABLY_AVAILABLE,782,PASS,0x00000020,3,202798,208,218213245,785,782,4258716,807973,
783,NOT_DURABLY_AVAILABLE,783,PASS,0x00000020,3,202798,209,218213246,786,783,4258716,807973,
784,NOT_DURABLY_AVAILABLE,784,PASS,0x00000020,3,202798,210,218213247,787,784,4258716,807973,
785,NOT_DURABLY_AVAILABLE,785,PASS,0x00000020,3,202798,211,218213248,788,785,4258716,807973,
786,NOT_DURABLY_AVAILABLE,786,PASS,0x00000020,3,202798,212,218213249,789,786,4258716,807973,
787,NOT_DURABLY_AVAILABLE,787,PASS,0x00000020,3,202798,213,218213250,790,787,4258716,807973,
788,NOT_DURABLY_AVAILABLE,788,PASS,0x00000020,3,202798,214,218213251,791,788,4258716,807973,
789,NOT_DURABLY_AVAILABLE,789,PASS,0x00000020,3,202798,215,218213252,792,789,4258716,807973,
790,NOT_DURABLY_AVAILABLE,790,PASS,0x00000020,3,202798,216,218213253,793,790,4258716,807973,
791,NOT_DURABLY_AVAILABLE,791,PASS,0x00000020,3,202798,217,218213254,794,791,4258716,807973,
792,NOT_DURABLY_AVAILABLE,792,PASS,0x00000020,3,202798,218,218213255,795,792,4258716,807973,
793,NOT_DURABLY_AVAILABLE,793,PASS,0x00000020,3,202798,219,218213256,796,793,4258716,807973,
794,NOT_DURABLY_AVAILABLE,794,PASS,0x00000020,3,202798,220,218213257,797,794,4258716,807973,
795,NOT_DURABLY_AVAILABLE,795,PASS,0x00000020,3,202798,221,218213258,798,795,4258716,807973,
796,NOT_DURABLY_AVAILABLE,796,PASS,0x00000020,3,202798,222,218213259,799,796,4258716,807973,
797,NOT_DURABLY_AVAILABLE,797,PASS,0x00000020,3,202798,223,218213260,800,797,4258716,807973,
798,NOT_DURABLY_AVAILABLE,798,PASS,0x00000020,3,202798,224,218213261,801,798,4258716,807973,
799,NOT_DURABLY_AVAILABLE,799,PASS,0x00000020,3,202798,225,218213262,802,799,4258716,807973,
800,NOT_DURABLY_AVAILABLE,800,PASS,0x00000020,3,202798,226,218213263,803,800,4258716,807973,
801,NOT_DURABLY_AVAILABLE,801,PASS,0x00000020,3,202798,227,218213264,804,801,4258716,807973,
802,NOT_DURABLY_AVAILABLE,802,PASS,0x00000020,3,202798,228,218213265,805,802,4258716,807973,
803,NOT_DURABLY_AVAILABLE,803,PASS,0x00000020,3,202798,229,218213266,806,803,4258716,807973,
804,NOT_DURABLY_AVAILABLE,804,PASS,0x00000020,3,202798,230,218213267,807,804,4258716,807973,
805,NOT_DURABLY_AVAILABLE,805,PASS,0x00000020,3,202798,231,218213268,808,805,4258716,807973,
806,NOT_DURABLY_AVAILABLE,806,PASS,0x00000020,3,202798,232,218213269,809,806,4258716,807973,
807,NOT_DURABLY_AVAILABLE,807,PASS,0x00000020,3,202798,233,218213270,810,807,4258716,807973,
808,NOT_DURABLY_AVAILABLE,808,PASS,0x00000020,3,202798,234,218213271,811,808,4258716,807973,
809,NOT_DURABLY_AVAILABLE,809,PASS,0x00000020,3,202798,235,218213272,812,809,4258716,807973,
810,NOT_DURABLY_AVAILABLE,810,PASS,0x00000020,3,202798,236,218213273,813,810,4258716,807973,
811,NOT_DURABLY_AVAILABLE,811,PASS,0x00000020,3,202798,237,218213274,814,811,4258716,807973,
812,NOT_DURABLY_AVAILABLE,812,PASS,0x00000020,3,202798,238,218213275,815,812,4258716,807973,
813,NOT_DURABLY_AVAILABLE,813,PASS,0x00000020,3,202798,239,218213276,816,813,4258716,807973,
814,NOT_DURABLY_AVAILABLE,814,PASS,0x00000020,3,202798,240,218213277,817,814,4258716,807973,
815,NOT_DURABLY_AVAILABLE,815,PASS,0x00000020,3,202798,241,218213278,818,815,4258716,807973,
816,NOT_DURABLY_AVAILABLE,816,PASS,0x00000020,3,202798,242,218213279,819,816,4258716,807973,
817,NOT_DURABLY_AVAILABLE,817,PASS,0x00000020,3,202798,243,218213280,820,817,4258716,807973,
818,NOT_DURABLY_AVAILABLE,818,PASS,0x00000020,3,202798,244,218213281,821,818,4258716,807973,
819,NOT_DURABLY_AVAILABLE,819,PASS,0x00000020,3,202798,245,218213282,822,819,4258716,807973,
820,NOT_DURABLY_AVAILABLE,820,PASS,0x00000020,3,202798,246,218213283,823,820,4258716,807973,
821,NOT_DURABLY_AVAILABLE,821,PASS,0x00000020,3,202798,247,218213284,824,821,4258716,807973,
822,NOT_DURABLY_AVAILABLE,822,PASS,0x00000020,3,202798,248,218213285,825,822,4258716,807973,
823,NOT_DURABLY_AVAILABLE,823,PASS,0x00000020,3,202798,249,218213286,826,823,4258716,807973,
824,NOT_DURABLY_AVAILABLE,824,PASS,0x00000020,3,202798,250,218213287,827,824,4258716,807973,
825,NOT_DURABLY_AVAILABLE,825,PASS,0x00000020,3,202798,251,218213288,828,825,4258716,807973,
826,NOT_DURABLY_AVAILABLE,826,PASS,0x00000020,3,202798,252,218213289,829,826,4258716,807973,
827,NOT_DURABLY_AVAILABLE,827,PASS,0x00000020,3,202798,253,218213290,830,827,4258716,807973,
828,NOT_DURABLY_AVAILABLE,828,PASS,0x00000020,3,202798,254,218213291,831,828,4258716,807973,
829,NOT_DURABLY_AVAILABLE,829,PASS,0x00000020,3,202798,255,218213292,832,829,4258716,807973,
830,NOT_DURABLY_AVAILABLE,830,PASS,0x00000020,3,202798,256,218213293,833,830,4258716,807973,
831,NOT_DURABLY_AVAILABLE,831,PASS,0x00000020,3,202798,257,218213294,834,831,4258716,807973,
832,NOT_DURABLY_AVAILABLE,832,PASS,0x00000020,3,202798,258,218213295,835,832,4258716,807973,
833,NOT_DURABLY_AVAILABLE,833,PASS,0x00000020,3,202798,259,218213296,836,833,4258716,807973,
834,NOT_DURABLY_AVAILABLE,834,PASS,0x00000020,3,202798,260,218213297,837,834,4258716,807973,
835,NOT_DURABLY_AVAILABLE,835,PASS,0x00000020,3,202798,261,218213298,838,835,4258716,807973,
836,NOT_DURABLY_AVAILABLE,836,PASS,0x00000020,3,202798,262,218213299,839,836,4258716,807973,
837,NOT_DURABLY_AVAILABLE,837,PASS,0x00000020,3,202798,263,218213300,840,837,4258716,807973,
838,NOT_DURABLY_AVAILABLE,838,PASS,0x00000020,3,202798,264,218213301,841,838,4258716,807973,
839,NOT_DURABLY_AVAILABLE,839,PASS,0x00000020,3,202798,265,218213302,842,839,4258716,807973,
840,NOT_DURABLY_AVAILABLE,840,PASS,0x00000020,3,202798,266,218213303,843,840,4258716,807973,
841,NOT_DURABLY_AVAILABLE,841,PASS,0x00000020,3,202798,267,218213304,844,841,4258716,807973,
842,NOT_DURABLY_AVAILABLE,842,PASS,0x00000020,3,202798,268,218213305,845,842,4258716,807973,
843,NOT_DURABLY_AVAILABLE,843,PASS,0x00000020,3,202798,269,218213306,846,843,4258716,807973,
844,NOT_DURABLY_AVAILABLE,844,PASS,0x00000020,3,202798,270,218213307,847,844,4258716,807973,
845,NOT_DURABLY_AVAILABLE,845,PASS,0x00000020,3,202798,271,218213308,848,845,4258716,807973,
846,NOT_DURABLY_AVAILABLE,846,PASS,0x00000020,3,202798,272,218213309,849,846,4258716,807973,
847,NOT_DURABLY_AVAILABLE,847,PASS,0x00000020,3,202798,273,218213310,850,847,4258716,807973,
848,NOT_DURABLY_AVAILABLE,848,PASS,0x00000020,3,202798,274,218213311,851,848,4258716,807973,
849,NOT_DURABLY_AVAILABLE,849,PASS,0x00000020,3,202798,275,218213312,852,849,4258716,807973,
850,NOT_DURABLY_AVAILABLE,850,PASS,0x00000020,3,202798,276,218213313,853,850,4258716,807973,
851,NOT_DURABLY_AVAILABLE,851,PASS,0x00000020,3,202798,277,218213314,854,851,4258716,807973,
852,NOT_DURABLY_AVAILABLE,852,PASS,0x00000020,3,202798,278,218213315,855,852,4258716,807973,
853,NOT_DURABLY_AVAILABLE,853,PASS,0x00000020,3,202798,279,218213316,856,853,4258716,807973,
854,NOT_DURABLY_AVAILABLE,854,PASS,0x00000020,3,202798,280,218213317,857,854,4258716,807973,
855,NOT_DURABLY_AVAILABLE,855,PASS,0x00000020,3,202798,281,218213318,858,855,4258716,807973,
856,NOT_DURABLY_AVAILABLE,856,PASS,0x00000020,3,202798,282,218213319,859,856,4258716,807973,
857,NOT_DURABLY_AVAILABLE,857,PASS,0x00000020,3,202798,283,218213320,860,857,4258716,807973,
858,NOT_DURABLY_AVAILABLE,858,PASS,0x00000020,3,202798,284,218213321,861,858,4258716,807973,
859,NOT_DURABLY_AVAILABLE,859,PASS,0x00000020,3,202798,285,218213322,862,859,4258716,807973,
860,NOT_DURABLY_AVAILABLE,860,PASS,0x00000020,3,202798,286,218213323,863,860,4258716,807973,
861,NOT_DURABLY_AVAILABLE,861,PASS,0x00000020,3,202798,287,218213324,864,861,4258716,807973,
862,NOT_DURABLY_AVAILABLE,862,PASS,0x00000020,3,202798,288,218213325,865,862,4258716,807973,
863,NOT_DURABLY_AVAILABLE,863,PASS,0x00000020,3,202798,289,218213326,866,863,4258716,807973,
864,NOT_DURABLY_AVAILABLE,864,PASS,0x00000020,3,202798,290,218213327,867,864,4258716,807973,
865,NOT_DURABLY_AVAILABLE,865,PASS,0x00000020,3,202798,291,218213328,868,865,4258716,807973,
866,NOT_DURABLY_AVAILABLE,866,PASS,0x00000020,3,202798,292,218213329,869,866,4258716,807973,
867,NOT_DURABLY_AVAILABLE,867,PASS,0x00000020,3,202798,293,218213330,870,867,4258716,807973,
868,NOT_DURABLY_AVAILABLE,868,PASS,0x00000020,3,202798,294,218213331,871,868,4258716,807973,
869,NOT_DURABLY_AVAILABLE,869,PASS,0x00000020,3,202798,295,218213332,872,869,4258716,807973,
870,NOT_DURABLY_AVAILABLE,870,PASS,0x00000020,3,202798,296,218213333,873,870,4258716,807973,
871,NOT_DURABLY_AVAILABLE,871,PASS,0x00000020,3,202798,297,218213334,874,871,4258716,807973,
872,NOT_DURABLY_AVAILABLE,872,PASS,0x00000020,3,202798,298,218213335,875,872,4258716,807973,
873,NOT_DURABLY_AVAILABLE,873,PASS,0x00000020,3,202798,299,218213336,876,873,4258716,807973,
874,NOT_DURABLY_AVAILABLE,874,PASS,0x00000020,3,202798,300,218213337,877,874,4258716,807973,
875,NOT_DURABLY_AVAILABLE,875,PASS,0x00000020,3,202798,301,218213338,878,875,4258716,807973,
876,NOT_DURABLY_AVAILABLE,876,PASS,0x00000020,3,202798,302,218213339,879,876,4258716,807973,
877,NOT_DURABLY_AVAILABLE,877,PASS,0x00000020,3,202798,303,218213340,880,877,4258716,807973,
878,NOT_DURABLY_AVAILABLE,878,PASS,0x00000020,3,202798,304,218213341,881,878,4258716,807973,
879,NOT_DURABLY_AVAILABLE,879,PASS,0x00000020,3,202798,305,218213342,882,879,4258716,807973,
880,NOT_DURABLY_AVAILABLE,880,PASS,0x00000020,3,202798,306,218213343,883,880,4258716,807973,
881,NOT_DURABLY_AVAILABLE,881,PASS,0x00000020,3,202798,307,218213344,884,881,4258716,807973,
882,NOT_DURABLY_AVAILABLE,882,PASS,0x00000020,3,202798,308,218213345,885,882,4258716,807973,
883,NOT_DURABLY_AVAILABLE,883,PASS,0x00000020,3,202798,309,218213346,886,883,4258716,807973,
884,NOT_DURABLY_AVAILABLE,884,PASS,0x00000020,3,202798,310,218213347,887,884,4258716,807973,
885,NOT_DURABLY_AVAILABLE,885,PASS,0x00000020,3,202798,311,218213348,888,885,4258716,807973,
886,NOT_DURABLY_AVAILABLE,886,PASS,0x00000020,3,202798,312,218213349,889,886,4258716,807973,
887,NOT_DURABLY_AVAILABLE,887,PASS,0x00000020,3,202798,313,218213350,890,887,4258716,807973,
888,NOT_DURABLY_AVAILABLE,888,PASS,0x00000020,3,202798,314,218213351,891,888,4258716,807973,
889,NOT_DURABLY_AVAILABLE,889,PASS,0x00000020,3,202798,315,218213352,892,889,4258716,807973,
890,NOT_DURABLY_AVAILABLE,890,PASS,0x00000020,3,202798,316,218213353,893,890,4258716,807973,
891,NOT_DURABLY_AVAILABLE,891,PASS,0x00000020,3,202798,317,218213354,894,891,4258716,807973,
892,NOT_DURABLY_AVAILABLE,892,PASS,0x00000020,3,202798,318,218213355,895,892,4258716,807973,
893,NOT_DURABLY_AVAILABLE,893,PASS,0x00000020,3,202798,319,218213356,896,893,4258716,807973,
894,NOT_DURABLY_AVAILABLE,894,PASS,0x00000020,3,202798,320,218213357,897,894,4258716,807973,
895,NOT_DURABLY_AVAILABLE,895,PASS,0x00000020,3,202798,321,218213358,898,895,4258716,807973,
896,NOT_DURABLY_AVAILABLE,896,PASS,0x00000020,3,202798,322,218213359,899,896,4258716,807973,
897,NOT_DURABLY_AVAILABLE,897,PASS,0x00000020,3,202798,323,218213360,900,897,4258716,807973,
898,NOT_DURABLY_AVAILABLE,898,PASS,0x00000020,3,202798,324,218213361,901,898,4258716,807973,
899,NOT_DURABLY_AVAILABLE,899,PASS,0x00000020,3,202798,325,218213362,902,899,4258716,807973,
900,NOT_DURABLY_AVAILABLE,900,PASS,0x00000020,3,202798,326,218213363,903,900,4258716,807973,
901,NOT_DURABLY_AVAILABLE,901,PASS,0x00000020,3,202798,327,218213364,904,901,4258716,807973,
902,NOT_DURABLY_AVAILABLE,902,PASS,0x00000020,3,202798,328,218213365,905,902,4258716,807973,
903,NOT_DURABLY_AVAILABLE,903,PASS,0x00000020,3,202798,329,218213366,906,903,4258716,807973,
904,NOT_DURABLY_AVAILABLE,904,PASS,0x00000020,3,202798,330,218213367,907,904,4258716,807973,
905,NOT_DURABLY_AVAILABLE,905,PASS,0x00000020,3,202798,331,218213368,908,905,4258716,807973,
906,NOT_DURABLY_AVAILABLE,906,PASS,0x00000020,3,202798,332,218213369,909,906,4258716,807973,
907,NOT_DURABLY_AVAILABLE,907,PASS,0x00000020,3,202798,333,218213370,910,907,4258716,807973,
908,NOT_DURABLY_AVAILABLE,908,PASS,0x00000020,3,202798,334,218213371,911,908,4258716,807973,
909,NOT_DURABLY_AVAILABLE,909,PASS,0x00000020,3,202798,335,218213372,912,909,4258716,807973,
910,NOT_DURABLY_AVAILABLE,910,PASS,0x00000020,3,202798,336,218213373,913,910,4258716,807973,
911,NOT_DURABLY_AVAILABLE,911,PASS,0x00000020,3,202798,337,218213374,914,911,4258716,807973,
912,NOT_DURABLY_AVAILABLE,912,PASS,0x00000020,3,202798,338,218213375,915,912,4258716,807973,
913,NOT_DURABLY_AVAILABLE,913,PASS,0x00000020,3,202798,339,218213376,916,913,4258716,807973,
914,NOT_DURABLY_AVAILABLE,914,PASS,0x00000020,3,202798,340,218213377,917,914,4258716,807973,
915,NOT_DURABLY_AVAILABLE,915,PASS,0x00000020,3,202798,341,218213378,918,915,4258716,807973,
916,NOT_DURABLY_AVAILABLE,916,PASS,0x00000020,3,202798,342,218213379,919,916,4258716,807973,
917,NOT_DURABLY_AVAILABLE,917,PASS,0x00000020,3,202798,343,218213380,920,917,4258716,807973,
918,NOT_DURABLY_AVAILABLE,918,PASS,0x00000020,3,202798,344,218213381,921,918,4258716,807973,
919,NOT_DURABLY_AVAILABLE,919,PASS,0x00000020,3,202798,345,218213382,922,919,4258716,807973,
920,NOT_DURABLY_AVAILABLE,920,PASS,0x00000020,3,202798,346,218213383,923,920,4258716,807973,
921,NOT_DURABLY_AVAILABLE,921,PASS,0x00000020,3,202798,347,218213384,924,921,4258716,807973,
922,NOT_DURABLY_AVAILABLE,922,PASS,0x00000020,3,202798,348,218213385,925,922,4258716,807973,
923,NOT_DURABLY_AVAILABLE,923,PASS,0x00000020,3,202798,349,218213386,926,923,4258716,807973,
924,NOT_DURABLY_AVAILABLE,924,PASS,0x00000020,3,202798,350,218213387,927,924,4258716,807973,
925,NOT_DURABLY_AVAILABLE,925,PASS,0x00000020,3,202798,351,218213388,928,925,4258716,807973,
926,NOT_DURABLY_AVAILABLE,926,PASS,0x00000020,3,202798,352,218213389,929,926,4258716,807973,
927,NOT_DURABLY_AVAILABLE,927,PASS,0x00000020,3,202798,353,218213390,930,927,4258716,807973,
928,NOT_DURABLY_AVAILABLE,928,PASS,0x00000020,3,202798,354,218213391,931,928,4258716,807973,
929,NOT_DURABLY_AVAILABLE,929,PASS,0x00000020,3,202798,355,218213392,932,929,4258716,807973,
930,NOT_DURABLY_AVAILABLE,930,PASS,0x00000020,3,202798,356,218213393,933,930,4258716,807973,
931,NOT_DURABLY_AVAILABLE,931,PASS,0x00000020,3,202798,357,218213394,934,931,4258716,807973,
932,NOT_DURABLY_AVAILABLE,932,PASS,0x00000020,3,202798,358,218213395,935,932,4258716,807973,
933,NOT_DURABLY_AVAILABLE,933,PASS,0x00000020,3,202798,359,218213396,936,933,4258716,807973,
934,NOT_DURABLY_AVAILABLE,934,PASS,0x00000020,3,202798,360,218213397,937,934,4258716,807973,
935,NOT_DURABLY_AVAILABLE,935,PASS,0x00000020,3,202798,361,218213398,938,935,4258716,807973,
936,NOT_DURABLY_AVAILABLE,936,PASS,0x00000020,3,202798,362,218213399,939,936,4258716,807973,
937,NOT_DURABLY_AVAILABLE,937,PASS,0x00000020,3,202798,363,218213400,940,937,4258716,807973,
938,NOT_DURABLY_AVAILABLE,938,PASS,0x00000020,3,202798,364,218213401,941,938,4258716,807973,
939,NOT_DURABLY_AVAILABLE,939,PASS,0x00000020,3,202798,365,218213402,942,939,4258716,807973,
940,NOT_DURABLY_AVAILABLE,940,PASS,0x00000020,3,202798,366,218213403,943,940,4258716,807973,
941,NOT_DURABLY_AVAILABLE,941,PASS,0x00000020,3,202798,367,218213404,944,941,4258716,807973,
942,NOT_DURABLY_AVAILABLE,942,PASS,0x00000020,3,202798,368,218213405,945,942,4258716,807973,
943,NOT_DURABLY_AVAILABLE,943,PASS,0x00000020,3,202798,369,218213406,946,943,4258716,807973,
944,NOT_DURABLY_AVAILABLE,944,PASS,0x00000020,3,202798,370,218213407,947,944,4258716,807973,
945,NOT_DURABLY_AVAILABLE,945,PASS,0x00000020,3,202798,371,218213408,948,945,4258716,807973,
946,NOT_DURABLY_AVAILABLE,946,PASS,0x00000020,3,202798,372,218213409,949,946,4258716,807973,
947,NOT_DURABLY_AVAILABLE,947,PASS,0x00000020,3,202798,373,218213410,950,947,4258716,807973,
948,NOT_DURABLY_AVAILABLE,948,PASS,0x00000020,3,202798,374,218213411,951,948,4258716,807973,
949,NOT_DURABLY_AVAILABLE,949,PASS,0x00000020,3,202798,375,218213412,952,949,4258716,807973,
950,NOT_DURABLY_AVAILABLE,950,PASS,0x00000020,3,202798,376,218213413,953,950,4258716,807973,
951,NOT_DURABLY_AVAILABLE,951,PASS,0x00000020,3,202798,377,218213414,954,951,4258716,807973,
952,NOT_DURABLY_AVAILABLE,952,PASS,0x00000020,3,202798,378,218213415,955,952,4258716,807973,
953,NOT_DURABLY_AVAILABLE,953,PASS,0x00000020,3,202798,379,218213416,956,953,4258716,807973,
954,NOT_DURABLY_AVAILABLE,954,PASS,0x00000020,3,202798,380,218213417,957,954,4258716,807973,
955,NOT_DURABLY_AVAILABLE,955,PASS,0x00000020,3,202798,381,218213418,958,955,4258716,807973,
956,NOT_DURABLY_AVAILABLE,956,PASS,0x00000020,3,202798,382,218213419,959,956,4258716,807973,
957,NOT_DURABLY_AVAILABLE,957,PASS,0x00000020,3,202798,383,218213420,960,957,4258716,807973,
958,NOT_DURABLY_AVAILABLE,958,PASS,0x00000020,3,202798,384,218213421,961,958,4258716,807973,
959,NOT_DURABLY_AVAILABLE,959,PASS,0x00000020,3,202798,385,218213422,962,959,4258716,807973,
960,NOT_DURABLY_AVAILABLE,960,PASS,0x00000020,3,202798,386,218213423,963,960,4258716,807973,
961,NOT_DURABLY_AVAILABLE,961,PASS,0x00000020,3,202798,387,218213424,964,961,4258716,807973,
962,NOT_DURABLY_AVAILABLE,962,PASS,0x00000020,3,202798,388,218213425,965,962,4258716,807973,
963,NOT_DURABLY_AVAILABLE,963,PASS,0x00000020,3,202798,389,218213426,966,963,4258716,807973,
964,NOT_DURABLY_AVAILABLE,964,PASS,0x00000020,3,202798,390,218213427,967,964,4258716,807973,
965,NOT_DURABLY_AVAILABLE,965,PASS,0x00000020,3,202798,391,218213428,968,965,4258716,807973,
966,NOT_DURABLY_AVAILABLE,966,PASS,0x00000020,3,202798,392,218213429,969,966,4258716,807973,
967,NOT_DURABLY_AVAILABLE,967,PASS,0x00000020,3,202798,393,218213430,970,967,4258716,807973,
968,NOT_DURABLY_AVAILABLE,968,PASS,0x00000020,3,202798,394,218213431,971,968,4258716,807973,
969,NOT_DURABLY_AVAILABLE,969,PASS,0x00000020,3,202798,395,218213432,972,969,4258716,807973,
970,NOT_DURABLY_AVAILABLE,970,PASS,0x00000020,3,202798,396,218213433,973,970,4258716,807973,
971,NOT_DURABLY_AVAILABLE,971,PASS,0x00000020,3,202798,397,218213434,974,971,4258716,807973,
972,NOT_DURABLY_AVAILABLE,972,PASS,0x00000020,3,202798,398,218213435,975,972,4258716,807973,
973,NOT_DURABLY_AVAILABLE,973,PASS,0x00000020,3,202798,399,218213436,976,973,4258716,807973,
974,NOT_DURABLY_AVAILABLE,974,PASS,0x00000020,3,202798,400,218213437,977,974,4258716,807973,
975,NOT_DURABLY_AVAILABLE,975,PASS,0x00000020,3,202798,401,218213438,978,975,4258716,807973,
976,NOT_DURABLY_AVAILABLE,976,PASS,0x00000020,3,202798,402,218213439,979,976,4258716,807973,
977,NOT_DURABLY_AVAILABLE,977,PASS,0x00000020,3,202798,403,218213440,980,977,4258716,807973,
978,NOT_DURABLY_AVAILABLE,978,PASS,0x00000020,3,202798,404,218213441,981,978,4258716,807973,
979,NOT_DURABLY_AVAILABLE,979,PASS,0x00000020,3,202798,405,218213442,982,979,4258716,807973,
980,NOT_DURABLY_AVAILABLE,980,PASS,0x00000020,3,202798,406,218213443,983,980,4258716,807973,
981,NOT_DURABLY_AVAILABLE,981,PASS,0x00000020,3,202798,407,218213444,984,981,4258716,807973,
982,NOT_DURABLY_AVAILABLE,982,PASS,0x00000020,3,202798,408,218213445,985,982,4258716,807973,
983,NOT_DURABLY_AVAILABLE,983,PASS,0x00000020,3,202798,409,218213446,986,983,4258716,807973,
984,NOT_DURABLY_AVAILABLE,984,PASS,0x00000020,3,202798,410,218213447,987,984,4258716,807973,
985,NOT_DURABLY_AVAILABLE,985,PASS,0x00000020,3,202798,411,218213448,988,985,4258716,807973,
986,NOT_DURABLY_AVAILABLE,986,PASS,0x00000020,3,202798,412,218213449,989,986,4258716,807973,
987,NOT_DURABLY_AVAILABLE,987,PASS,0x00000020,3,202798,413,218213450,990,987,4258716,807973,
988,NOT_DURABLY_AVAILABLE,988,PASS,0x00000020,3,202798,414,218213451,991,988,4258716,807973,
989,NOT_DURABLY_AVAILABLE,989,PASS,0x00000020,3,202798,415,218213452,992,989,4258716,807973,
990,NOT_DURABLY_AVAILABLE,990,PASS,0x00000020,3,202798,416,218213453,993,990,4258716,807973,
991,NOT_DURABLY_AVAILABLE,991,PASS,0x00000020,3,202798,417,218213454,994,991,4258716,807973,
992,NOT_DURABLY_AVAILABLE,992,PASS,0x00000020,3,202798,418,218213455,995,992,4258716,807973,
993,NOT_DURABLY_AVAILABLE,993,PASS,0x00000020,3,202798,419,218213456,996,993,4258716,807973,
994,NOT_DURABLY_AVAILABLE,994,PASS,0x00000020,3,202798,420,218213457,997,994,4258716,807973,
995,NOT_DURABLY_AVAILABLE,995,PASS,0x00000020,3,202798,421,218213458,998,995,4258716,807973,
996,NOT_DURABLY_AVAILABLE,996,PASS,0x00000020,3,202798,422,218213459,999,996,4258716,807973,
997,NOT_DURABLY_AVAILABLE,997,PASS,0x00000020,3,202798,423,218213460,1000,997,4258716,807973,
998,NOT_DURABLY_AVAILABLE,998,PASS,0x00000020,3,202798,424,218213461,1001,998,4258716,807973,
999,NOT_DURABLY_AVAILABLE,999,PASS,0x00000020,3,202798,425,218213462,1002,999,4258716,807973,
1000,NOT_DURABLY_AVAILABLE,1000,PASS,0x00000020,3,202798,426,218213463,1003,1000,4258716,807973,
1001,NOT_DURABLY_AVAILABLE,1001,PASS,0x00000020,3,202798,427,218213464,1004,1001,4258716,807973,
1002,NOT_DURABLY_AVAILABLE,1002,PASS,0x00000020,3,202798,428,218213465,1005,1002,4258716,807973,
1003,NOT_DURABLY_AVAILABLE,1003,PASS,0x00000020,3,202798,429,218213466,1006,1003,4258716,807973,
1004,NOT_DURABLY_AVAILABLE,1004,PASS,0x00000020,3,202798,430,218213467,1007,1004,4258716,807973,
1005,NOT_DURABLY_AVAILABLE,1005,PASS,0x00000020,3,202798,431,218213468,1008,1005,4258716,807973,
1006,NOT_DURABLY_AVAILABLE,1006,PASS,0x00000020,3,202798,432,218213469,1009,1006,4258716,807973,
1007,NOT_DURABLY_AVAILABLE,1007,PASS,0x00000020,3,202798,433,218213470,1010,1007,4258716,807973,
1008,NOT_DURABLY_AVAILABLE,1008,PASS,0x00000020,3,202798,434,218213471,1011,1008,4258716,807973,
1009,NOT_DURABLY_AVAILABLE,1009,PASS,0x00000020,3,202798,435,218213472,1012,1009,4258716,807973,
1010,NOT_DURABLY_AVAILABLE,1010,PASS,0x00000020,3,202798,436,218213473,1013,1010,4258716,807973,
1011,NOT_DURABLY_AVAILABLE,1011,PASS,0x00000020,3,202798,437,218213474,1014,1011,4258716,807973,
1012,NOT_DURABLY_AVAILABLE,1012,PASS,0x00000020,3,202798,438,218213475,1015,1012,4258716,807973,
1013,NOT_DURABLY_AVAILABLE,1013,PASS,0x00000020,3,202798,439,218213476,1016,1013,4258716,807973,
1014,NOT_DURABLY_AVAILABLE,1014,PASS,0x00000020,3,202798,440,218213477,1017,1014,4258716,807973,
1015,NOT_DURABLY_AVAILABLE,1015,PASS,0x00000020,3,202798,441,218213478,1018,1015,4258716,807973,
1016,NOT_DURABLY_AVAILABLE,1016,PASS,0x00000020,3,202798,442,218213479,1019,1016,4258716,807973,
1017,NOT_DURABLY_AVAILABLE,1017,PASS,0x00000020,3,202798,443,218213480,1020,1017,4258716,807973,
1018,NOT_DURABLY_AVAILABLE,1018,PASS,0x00000020,3,202798,444,218213481,1021,1018,4258716,807973,
1019,NOT_DURABLY_AVAILABLE,1019,PASS,0x00000020,3,202798,445,218213482,1022,1019,4258716,807973,
1020,NOT_DURABLY_AVAILABLE,1020,PASS,0x00000020,3,202798,446,218213483,1023,1020,4258716,807973,
1021,NOT_DURABLY_AVAILABLE,1021,PASS,0x00000020,3,202798,447,218213484,1024,1021,4258716,807973,
1022,NOT_DURABLY_AVAILABLE,1022,PASS,0x00000020,3,202798,448,218213485,1025,1022,4258716,807973,
1023,NOT_DURABLY_AVAILABLE,1023,PASS,0x00000020,3,202798,449,218213486,1026,1023,4258716,807973,
1024,NOT_DURABLY_AVAILABLE,1024,PASS,0x00000020,3,202798,450,218213487,1027,1024,4258716,807973,
1025,NOT_DURABLY_AVAILABLE,1025,PASS,0x00000020,3,202798,451,218213488,1028,1025,4258716,807973,
1026,NOT_DURABLY_AVAILABLE,1026,PASS,0x00000020,3,202798,452,218213489,1029,1026,4258716,807973,
1027,NOT_DURABLY_AVAILABLE,1027,PASS,0x00000020,3,202798,453,218213490,1030,1027,4258716,807973,
1028,NOT_DURABLY_AVAILABLE,1028,PASS,0x00000020,3,202798,454,218213491,1031,1028,4258716,807973,
1029,NOT_DURABLY_AVAILABLE,1029,PASS,0x00000020,3,202798,455,218213492,1032,1029,4258716,807973,
1030,NOT_DURABLY_AVAILABLE,1030,PASS,0x00000020,3,202798,456,218213493,1033,1030,4258716,807973,
1031,NOT_DURABLY_AVAILABLE,1031,PASS,0x00000020,3,202798,457,218213494,1034,1031,4258716,807973,
1032,NOT_DURABLY_AVAILABLE,1032,PASS,0x00000020,3,202798,458,218213495,1035,1032,4258716,807973,
1033,NOT_DURABLY_AVAILABLE,1033,PASS,0x00000020,3,202798,459,218213496,1036,1033,4258716,807973,
1034,NOT_DURABLY_AVAILABLE,1034,PASS,0x00000020,3,202798,460,218213497,1037,1034,4258716,807973,
1035,NOT_DURABLY_AVAILABLE,1035,PASS,0x00000020,3,202798,461,218213498,1038,1035,4258716,807973,
1036,NOT_DURABLY_AVAILABLE,1036,PASS,0x00000020,3,202798,462,218213499,1039,1036,4258716,807973,
1037,NOT_DURABLY_AVAILABLE,1037,PASS,0x00000020,3,202798,463,218213500,1040,1037,4258716,807973,
1038,NOT_DURABLY_AVAILABLE,1038,PASS,0x00000020,3,202798,464,218213501,1041,1038,4258716,807973,
1039,NOT_DURABLY_AVAILABLE,1039,PASS,0x00000020,3,202798,465,218213502,1042,1039,4258716,807973,
1040,NOT_DURABLY_AVAILABLE,1040,PASS,0x00000020,3,202798,466,218213503,1043,1040,4258716,807973,
1041,NOT_DURABLY_AVAILABLE,1041,PASS,0x00000020,3,202798,467,218213504,1044,1041,4258716,807973,
1042,NOT_DURABLY_AVAILABLE,1042,PASS,0x00000020,3,202798,468,218213505,1045,1042,4258716,807973,
1043,NOT_DURABLY_AVAILABLE,1043,PASS,0x00000020,3,202798,469,218213506,1046,1043,4258716,807973,
1044,NOT_DURABLY_AVAILABLE,1044,PASS,0x00000020,3,202798,470,218213507,1047,1044,4258716,807973,
1045,NOT_DURABLY_AVAILABLE,1045,PASS,0x00000020,3,202798,471,218213508,1048,1045,4258716,807973,
1046,NOT_DURABLY_AVAILABLE,1046,PASS,0x00000020,3,202798,472,218213509,1049,1046,4258716,807973,
1047,NOT_DURABLY_AVAILABLE,1047,PASS,0x00000020,3,202798,473,218213510,1050,1047,4258716,807973,
1048,NOT_DURABLY_AVAILABLE,1048,PASS,0x00000020,3,202798,474,218213511,1051,1048,4258716,807973,
1049,NOT_DURABLY_AVAILABLE,1049,PASS,0x00000020,3,202798,475,218213512,1052,1049,4258716,807973,
1050,NOT_DURABLY_AVAILABLE,1050,PASS,0x00000020,3,202798,476,218213513,1053,1050,4258716,807973,
1051,NOT_DURABLY_AVAILABLE,1051,PASS,0x00000020,3,202798,477,218213514,1054,1051,4258716,807973,
1052,NOT_DURABLY_AVAILABLE,1052,PASS,0x00000020,3,202798,478,218213515,1055,1052,4258716,807973,
1053,NOT_DURABLY_AVAILABLE,1053,PASS,0x00000020,3,202798,479,218213516,1056,1053,4258716,807973,
1054,NOT_DURABLY_AVAILABLE,1054,PASS,0x00000020,3,202798,480,218213517,1057,1054,4258716,807973,
1055,NOT_DURABLY_AVAILABLE,1055,PASS,0x00000020,3,202798,481,218213518,1058,1055,4258716,807973,
1056,NOT_DURABLY_AVAILABLE,1056,PASS,0x00000020,3,202798,482,218213519,1059,1056,4258716,807973,
1057,NOT_DURABLY_AVAILABLE,1057,PASS,0x00000020,3,202798,483,218213520,1060,1057,4258716,807973,
1058,NOT_DURABLY_AVAILABLE,1058,PASS,0x00000020,3,202798,484,218213521,1061,1058,4258716,807973,
1059,NOT_DURABLY_AVAILABLE,1059,PASS,0x00000020,3,202798,485,218213522,1062,1059,4258716,807973,
1060,NOT_DURABLY_AVAILABLE,1060,PASS,0x00000020,3,202798,486,218213523,1063,1060,4258716,807973,
1061,NOT_DURABLY_AVAILABLE,1061,PASS,0x00000020,3,202798,487,218213524,1064,1061,4258716,807973,
1062,NOT_DURABLY_AVAILABLE,1062,PASS,0x00000020,3,202798,488,218213525,1065,1062,4258716,807973,
1063,NOT_DURABLY_AVAILABLE,1063,PASS,0x00000020,3,202798,489,218213526,1066,1063,4258716,807973,
1064,NOT_DURABLY_AVAILABLE,1064,PASS,0x00000020,3,202798,490,218213527,1067,1064,4258716,807973,
1065,NOT_DURABLY_AVAILABLE,1065,PASS,0x00000020,3,202798,491,218213528,1068,1065,4258716,807973,
1066,NOT_DURABLY_AVAILABLE,1066,PASS,0x00000020,3,202798,492,218213529,1069,1066,4258716,807973,
1067,NOT_DURABLY_AVAILABLE,1067,PASS,0x00000020,3,202798,493,218213530,1070,1067,4258716,807973,
1068,NOT_DURABLY_AVAILABLE,1068,PASS,0x00000020,3,202798,494,218213531,1071,1068,4258716,807973,
1069,NOT_DURABLY_AVAILABLE,1069,PASS,0x00000020,3,202798,495,218213532,1072,1069,4258716,807973,
1070,NOT_DURABLY_AVAILABLE,1070,PASS,0x00000020,3,202798,496,218213533,1073,1070,4258716,807973,
1071,NOT_DURABLY_AVAILABLE,1071,PASS,0x00000020,3,202798,497,218213534,1074,1071,4258716,807973,
1072,NOT_DURABLY_AVAILABLE,1072,PASS,0x00000020,3,202798,498,218213535,1075,1072,4258716,807973,
1073,NOT_DURABLY_AVAILABLE,1073,PASS,0x00000020,3,202798,499,218213536,1076,1073,4258716,807973,
1074,NOT_DURABLY_AVAILABLE,1074,PASS,0x00000020,3,202798,500,218213537,1077,1074,4258716,807973,
1075,NOT_DURABLY_AVAILABLE,1075,PASS,0x00000020,3,202798,501,218213538,1078,1075,4258716,807973,
1076,NOT_DURABLY_AVAILABLE,1076,PASS,0x00000020,3,202798,502,218213539,1079,1076,4258716,807973,
1077,NOT_DURABLY_AVAILABLE,1077,PASS,0x00000020,3,202798,503,218213540,1080,1077,4258716,807973,
1078,NOT_DURABLY_AVAILABLE,1078,PASS,0x00000020,3,202798,504,218213541,1081,1078,4258716,807973,
1079,NOT_DURABLY_AVAILABLE,1079,PASS,0x00000020,3,202798,505,218213542,1082,1079,4258716,807973,
1080,NOT_DURABLY_AVAILABLE,1080,PASS,0x00000020,3,202798,506,218213543,1083,1080,4258716,807973,
1081,NOT_DURABLY_AVAILABLE,1081,PASS,0x00000020,3,202798,507,218213544,1084,1081,4258716,807973,
1082,NOT_DURABLY_AVAILABLE,1082,PASS,0x00000020,3,202798,508,218213545,1085,1082,4258716,807973,
1083,NOT_DURABLY_AVAILABLE,1083,PASS,0x00000020,3,202798,509,218213546,1086,1083,4258716,807973,
1084,NOT_DURABLY_AVAILABLE,1084,PASS,0x00000020,3,202798,510,218213547,1087,1084,4258716,807973,
1085,NOT_DURABLY_AVAILABLE,1085,PASS,0x00000020,3,202798,511,218213548,1088,1085,4258716,807973,
1086,NOT_DURABLY_AVAILABLE,1086,PASS,0x00000020,3,202798,512,218213549,1089,1086,4258716,807973,
1087,NOT_DURABLY_AVAILABLE,1087,PASS,0x00000020,3,202798,513,218213550,1090,1087,4258716,807973,
1088,NOT_DURABLY_AVAILABLE,1088,PASS,0x00000020,3,202798,514,218213551,1091,1088,4258716,807973,
1089,NOT_DURABLY_AVAILABLE,1089,PASS,0x00000020,3,202798,515,218213552,1092,1089,4258716,807973,
1090,NOT_DURABLY_AVAILABLE,1090,PASS,0x00000020,3,202798,516,218213553,1093,1090,4258716,807973,
1091,NOT_DURABLY_AVAILABLE,1091,PASS,0x00000020,3,202798,517,218213554,1094,1091,4258716,807973,
1092,NOT_DURABLY_AVAILABLE,1092,PASS,0x00000020,3,202798,518,218213555,1095,1092,4258716,807973,
1093,NOT_DURABLY_AVAILABLE,1093,PASS,0x00000020,3,202798,519,218213556,1096,1093,4258716,807973,
1094,NOT_DURABLY_AVAILABLE,1094,PASS,0x00000020,3,202798,520,218213557,1097,1094,4258716,807973,
1095,NOT_DURABLY_AVAILABLE,1095,PASS,0x00000020,3,202798,521,218213558,1098,1095,4258716,807973,
1096,NOT_DURABLY_AVAILABLE,1096,PASS,0x00000020,3,202798,522,218213559,1099,1096,4258716,807973,
1097,NOT_DURABLY_AVAILABLE,1097,PASS,0x00000020,3,202798,523,218213560,1100,1097,4258716,807973,
1098,NOT_DURABLY_AVAILABLE,1098,PASS,0x00000020,3,202798,524,218213561,1101,1098,4258716,807973,
1099,NOT_DURABLY_AVAILABLE,1099,PASS,0x00000020,3,202798,525,218213562,1102,1099,4258716,807973,
1100,NOT_DURABLY_AVAILABLE,1100,PASS,0x00000020,3,202798,526,218213563,1103,1100,4258716,807973,
1101,NOT_DURABLY_AVAILABLE,1101,PASS,0x00000020,3,202798,527,218213564,1104,1101,4258716,807973,
1102,NOT_DURABLY_AVAILABLE,1102,PASS,0x00000020,3,202798,528,218213565,1105,1102,4258716,807973,
1103,NOT_DURABLY_AVAILABLE,1103,PASS,0x00000020,3,202798,529,218213566,1106,1103,4258716,807973,
1104,NOT_DURABLY_AVAILABLE,1104,PASS,0x00000020,3,202798,530,218213567,1107,1104,4258716,807973,
1105,NOT_DURABLY_AVAILABLE,1105,PASS,0x00000020,3,202798,531,218213568,1108,1105,4258716,807973,
1106,NOT_DURABLY_AVAILABLE,1106,PASS,0x00000020,3,202798,532,218213569,1109,1106,4258716,807973,
1107,NOT_DURABLY_AVAILABLE,1107,PASS,0x00000020,3,202798,533,218213570,1110,1107,4258716,807973,
1108,NOT_DURABLY_AVAILABLE,1108,PASS,0x00000020,3,202798,534,218213571,1111,1108,4258716,807973,
1109,NOT_DURABLY_AVAILABLE,1109,PASS,0x00000020,3,202798,535,218213572,1112,1109,4258716,807973,
1110,NOT_DURABLY_AVAILABLE,1110,PASS,0x00000020,3,202798,536,218213573,1113,1110,4258716,807973,
1111,NOT_DURABLY_AVAILABLE,1111,PASS,0x00000020,3,202798,537,218213574,1114,1111,4258716,807973,
1112,NOT_DURABLY_AVAILABLE,1112,PASS,0x00000020,3,202798,538,218213575,1115,1112,4258716,807973,
1113,NOT_DURABLY_AVAILABLE,1113,PASS,0x00000020,3,202798,539,218213576,1116,1113,4258716,807973,
1114,NOT_DURABLY_AVAILABLE,1114,PASS,0x00000020,3,202798,540,218213577,1117,1114,4258716,807973,
1115,NOT_DURABLY_AVAILABLE,1115,PASS,0x00000020,3,202798,541,218213578,1118,1115,4258716,807973,
1116,NOT_DURABLY_AVAILABLE,1116,PASS,0x00000020,3,202798,542,218213579,1119,1116,4258716,807973,
1117,NOT_DURABLY_AVAILABLE,1117,PASS,0x00000020,3,202798,543,218213580,1120,1117,4258716,807973,
1118,NOT_DURABLY_AVAILABLE,1118,PASS,0x00000020,3,202798,544,218213581,1121,1118,4258716,807973,
1119,NOT_DURABLY_AVAILABLE,1119,PASS,0x00000020,3,202798,545,218213582,1122,1119,4258716,807973,
1120,NOT_DURABLY_AVAILABLE,1120,PASS,0x00000020,3,202798,546,218213583,1123,1120,4258716,807973,
1121,NOT_DURABLY_AVAILABLE,1121,PASS,0x00000020,3,202798,547,218213584,1124,1121,4258716,807973,
1122,NOT_DURABLY_AVAILABLE,1122,PASS,0x00000020,3,202798,548,218213585,1125,1122,4258716,807973,
1123,NOT_DURABLY_AVAILABLE,1123,PASS,0x00000020,3,202798,549,218213586,1126,1123,4258716,807973,
1124,NOT_DURABLY_AVAILABLE,1124,PASS,0x00000020,3,202798,550,218213587,1127,1124,4258716,807973,
1125,NOT_DURABLY_AVAILABLE,1125,PASS,0x00000020,3,202798,551,218213588,1128,1125,4258716,807973,
1126,NOT_DURABLY_AVAILABLE,1126,PASS,0x00000020,3,202798,552,218213589,1129,1126,4258716,807973,
1127,NOT_DURABLY_AVAILABLE,1127,PASS,0x00000020,3,202798,553,218213590,1130,1127,4258716,807973,
1128,NOT_DURABLY_AVAILABLE,1128,PASS,0x00000020,3,202798,554,218213591,1131,1128,4258716,807973,
1129,NOT_DURABLY_AVAILABLE,1129,PASS,0x00000020,3,202798,555,218213592,1132,1129,4258716,807973,
1130,NOT_DURABLY_AVAILABLE,1130,PASS,0x00000020,3,202798,556,218213593,1133,1130,4258716,807973,
1131,NOT_DURABLY_AVAILABLE,1131,PASS,0x00000020,3,202798,557,218213594,1134,1131,4258716,807973,
1132,NOT_DURABLY_AVAILABLE,1132,PASS,0x00000020,3,202798,558,218213595,1135,1132,4258716,807973,
1133,NOT_DURABLY_AVAILABLE,1133,PASS,0x00000020,3,202798,559,218213596,1136,1133,4258716,807973,
1134,NOT_DURABLY_AVAILABLE,1134,PASS,0x00000020,3,202798,560,218213597,1137,1134,4258716,807973,
1135,NOT_DURABLY_AVAILABLE,1135,PASS,0x00000020,3,202798,561,218213598,1138,1135,4258716,807973,
1136,NOT_DURABLY_AVAILABLE,1136,PASS,0x00000020,3,202798,562,218213599,1139,1136,4258716,807973,
1137,NOT_DURABLY_AVAILABLE,1137,PASS,0x00000020,3,202798,563,218213600,1140,1137,4258716,807973,
1138,NOT_DURABLY_AVAILABLE,1138,PASS,0x00000020,3,202798,564,218213601,1141,1138,4258716,807973,
1139,NOT_DURABLY_AVAILABLE,1139,PASS,0x00000020,3,202798,565,218213602,1142,1139,4258716,807973,
1140,NOT_DURABLY_AVAILABLE,1140,PASS,0x00000020,3,202798,566,218213603,1143,1140,4258716,807973,
1141,NOT_DURABLY_AVAILABLE,1141,PASS,0x00000020,3,202798,567,218213604,1144,1141,4258716,807973,
1142,NOT_DURABLY_AVAILABLE,1142,PASS,0x00000020,3,202798,568,218213605,1145,1142,4258716,807973,
1143,NOT_DURABLY_AVAILABLE,1143,PASS,0x00000020,3,202798,569,218213606,1146,1143,4258716,807973,
1144,NOT_DURABLY_AVAILABLE,1144,PASS,0x00000020,3,202798,570,218213607,1147,1144,4258716,807973,
1145,NOT_DURABLY_AVAILABLE,1145,PASS,0x00000020,3,202798,571,218213608,1148,1145,4258716,807973,
1146,NOT_DURABLY_AVAILABLE,1146,PASS,0x00000020,3,202798,572,218213609,1149,1146,4258716,807973,
1147,NOT_DURABLY_AVAILABLE,1147,PASS,0x00000020,3,202798,573,218213610,1150,1147,4258716,807973,
1148,NOT_DURABLY_AVAILABLE,1148,PASS,0x00000020,3,202798,574,218213611,1151,1148,4258716,807973,
1149,NOT_DURABLY_AVAILABLE,1149,PASS,0x00000020,3,202798,575,218213612,1152,1149,4258716,807973,
1150,NOT_DURABLY_AVAILABLE,1150,PASS,0x00000020,3,202798,576,218213613,1153,1150,4258716,807973,
1151,NOT_DURABLY_AVAILABLE,1151,PASS,0x00000020,3,202798,577,218213614,1154,1151,4258716,807973,
1152,NOT_DURABLY_AVAILABLE,1152,PASS,0x00000020,3,202798,578,218213615,1155,1152,4258716,807973,
1153,NOT_DURABLY_AVAILABLE,1153,PASS,0x00000020,3,202798,579,218213616,1156,1153,4258716,807973,
1154,NOT_DURABLY_AVAILABLE,1154,PASS,0x00000020,3,202798,580,218213617,1157,1154,4258716,807973,
1155,NOT_DURABLY_AVAILABLE,1155,PASS,0x00000020,3,202798,581,218213618,1158,1155,4258716,807973,
1156,NOT_DURABLY_AVAILABLE,1156,PASS,0x00000020,3,202798,582,218213619,1159,1156,4258716,807973,
1157,NOT_DURABLY_AVAILABLE,1157,PASS,0x00000020,3,202798,583,218213620,1160,1157,4258716,807973,
1158,NOT_DURABLY_AVAILABLE,1158,PASS,0x00000020,3,202798,584,218213621,1161,1158,4258716,807973,
1159,NOT_DURABLY_AVAILABLE,1159,PASS,0x00000020,3,202798,585,218213622,1162,1159,4258716,807973,
1160,NOT_DURABLY_AVAILABLE,1160,PASS,0x00000020,3,202798,586,218213623,1163,1160,4258716,807973,
1161,NOT_DURABLY_AVAILABLE,1161,PASS,0x00000020,3,202798,587,218213624,1164,1161,4258716,807973,
1162,NOT_DURABLY_AVAILABLE,1162,PASS,0x00000020,3,202798,588,218213625,1165,1162,4258716,807973,
1163,NOT_DURABLY_AVAILABLE,1163,PASS,0x00000020,3,202798,589,218213626,1166,1163,4258716,807973,
1164,NOT_DURABLY_AVAILABLE,1164,PASS,0x00000020,3,202798,590,218213627,1167,1164,4258716,807973,
1165,NOT_DURABLY_AVAILABLE,1165,PASS,0x00000020,3,202798,591,218213628,1168,1165,4258716,807973,
1166,NOT_DURABLY_AVAILABLE,1166,PASS,0x00000020,3,202798,592,218213629,1169,1166,4258716,807973,
1167,NOT_DURABLY_AVAILABLE,1167,PASS,0x00000020,3,202798,593,218213630,1170,1167,4258716,807973,
1168,NOT_DURABLY_AVAILABLE,1168,PASS,0x00000020,3,202798,594,218213631,1171,1168,4258716,807973,
1169,NOT_DURABLY_AVAILABLE,1169,PASS,0x00000020,3,202798,595,218213632,1172,1169,4258716,807973,
1170,NOT_DURABLY_AVAILABLE,1170,PASS,0x00000020,3,202798,596,218213633,1173,1170,4258716,807973,
1171,NOT_DURABLY_AVAILABLE,1171,PASS,0x00000020,3,202798,597,218213634,1174,1171,4258716,807973,
1172,NOT_DURABLY_AVAILABLE,1172,PASS,0x00000020,3,202798,598,218213635,1175,1172,4258716,807973,
1173,NOT_DURABLY_AVAILABLE,1173,PASS,0x00000020,3,202798,599,218213636,1176,1173,4258716,807973,
1174,NOT_DURABLY_AVAILABLE,1174,PASS,0x00000020,3,202798,600,218213637,1177,1174,4258716,807973,
1175,NOT_DURABLY_AVAILABLE,1175,PASS,0x00000020,3,202798,601,218213638,1178,1175,4258716,807973,
1176,NOT_DURABLY_AVAILABLE,1176,PASS,0x00000020,3,202798,602,218213639,1179,1176,4258716,807973,
1177,NOT_DURABLY_AVAILABLE,1177,PASS,0x00000020,3,202798,603,218213640,1180,1177,4258716,807973,
1178,NOT_DURABLY_AVAILABLE,1178,PASS,0x00000020,3,202798,604,218213641,1181,1178,4258716,807973,
1179,NOT_DURABLY_AVAILABLE,1179,PASS,0x00000020,3,202798,605,218213642,1182,1179,4258716,807973,
1180,NOT_DURABLY_AVAILABLE,1180,PASS,0x00000020,3,202798,606,218213643,1183,1180,4258716,807973,
1181,NOT_DURABLY_AVAILABLE,1181,PASS,0x00000020,3,202798,607,218213644,1184,1181,4258716,807973,
1182,NOT_DURABLY_AVAILABLE,1182,PASS,0x00000020,3,202798,608,218213645,1185,1182,4258716,807973,
1183,NOT_DURABLY_AVAILABLE,1183,PASS,0x00000020,3,202798,609,218213646,1186,1183,4258716,807973,
1184,NOT_DURABLY_AVAILABLE,1184,PASS,0x00000020,3,202798,610,218213647,1187,1184,4258716,807973,
1185,NOT_DURABLY_AVAILABLE,1185,PASS,0x00000020,3,202798,611,218213648,1188,1185,4258716,807973,
1186,NOT_DURABLY_AVAILABLE,1186,PASS,0x00000020,3,202798,612,218213649,1189,1186,4258716,807973,
1187,NOT_DURABLY_AVAILABLE,1187,PASS,0x00000020,3,202798,613,218213650,1190,1187,4258716,807973,
1188,NOT_DURABLY_AVAILABLE,1188,PASS,0x00000020,3,202798,614,218213651,1191,1188,4258716,807973,
1189,NOT_DURABLY_AVAILABLE,1189,PASS,0x00000020,3,202798,615,218213652,1192,1189,4258716,807973,
1190,NOT_DURABLY_AVAILABLE,1190,PASS,0x00000020,3,202798,616,218213653,1193,1190,4258716,807973,
1191,NOT_DURABLY_AVAILABLE,1191,PASS,0x00000020,3,202798,617,218213654,1194,1191,4258716,807973,
1192,NOT_DURABLY_AVAILABLE,1192,PASS,0x00000020,3,202798,618,218213655,1195,1192,4258716,807973,
1193,NOT_DURABLY_AVAILABLE,1193,PASS,0x00000020,3,202798,619,218213656,1196,1193,4258716,807973,
1194,NOT_DURABLY_AVAILABLE,1194,PASS,0x00000020,3,202798,620,218213657,1197,1194,4258716,807973,
1195,NOT_DURABLY_AVAILABLE,1195,PASS,0x00000020,3,202798,621,218213658,1198,1195,4258716,807973,
1196,NOT_DURABLY_AVAILABLE,1196,PASS,0x00000020,3,202798,622,218213659,1199,1196,4258716,807973,
1197,NOT_DURABLY_AVAILABLE,1197,PASS,0x00000020,3,202798,623,218213660,1200,1197,4258716,807973,
1198,NOT_DURABLY_AVAILABLE,1198,PASS,0x00000020,3,202798,624,218213661,1201,1198,4258716,807973,
1199,NOT_DURABLY_AVAILABLE,1199,PASS,0x00000020,3,202798,625,218213662,1202,1199,4258716,807973,
1200,NOT_DURABLY_AVAILABLE,1200,PASS,0x00000020,3,202798,626,218213663,1203,1200,4258716,807973,
1201,NOT_DURABLY_AVAILABLE,1201,PASS,0x00000020,3,202798,627,218213664,1204,1201,4258716,807973,
1202,NOT_DURABLY_AVAILABLE,1202,PASS,0x00000020,3,202798,628,218213665,1205,1202,4258716,807973,
1203,NOT_DURABLY_AVAILABLE,1203,PASS,0x00000020,3,202798,629,218213666,1206,1203,4258716,807973,
1204,NOT_DURABLY_AVAILABLE,1204,PASS,0x00000020,3,202798,630,218213667,1207,1204,4258716,807973,
1205,NOT_DURABLY_AVAILABLE,1205,PASS,0x00000020,3,202798,631,218213668,1208,1205,4258716,807973,
1206,NOT_DURABLY_AVAILABLE,1206,PASS,0x00000020,3,202798,632,218213669,1209,1206,4258716,807973,
1207,NOT_DURABLY_AVAILABLE,1207,PASS,0x00000020,3,202798,633,218213670,1210,1207,4258716,807973,
1208,NOT_DURABLY_AVAILABLE,1208,PASS,0x00000020,3,202798,634,218213671,1211,1208,4258716,807973,
1209,NOT_DURABLY_AVAILABLE,1209,PASS,0x00000020,3,202798,635,218213672,1212,1209,4258716,807973,
1210,NOT_DURABLY_AVAILABLE,1210,PASS,0x00000020,3,202798,636,218213673,1213,1210,4258716,807973,
1211,NOT_DURABLY_AVAILABLE,1211,PASS,0x00000020,3,202798,637,218213674,1214,1211,4258716,807973,
1212,NOT_DURABLY_AVAILABLE,1212,PASS,0x00000020,3,202798,638,218213675,1215,1212,4258716,807973,
1213,NOT_DURABLY_AVAILABLE,1213,PASS,0x00000020,3,202798,639,218213676,1216,1213,4258716,807973,
1214,NOT_DURABLY_AVAILABLE,1214,PASS,0x00000020,3,202798,640,218213677,1217,1214,4258716,807973,
1215,NOT_DURABLY_AVAILABLE,1215,PASS,0x00000020,3,202798,641,218213678,1218,1215,4258716,807973,
1216,NOT_DURABLY_AVAILABLE,1216,PASS,0x00000020,3,202798,642,218213679,1219,1216,4258716,807973,
1217,NOT_DURABLY_AVAILABLE,1217,PASS,0x00000020,3,202798,643,218213680,1220,1217,4258716,807973,
1218,NOT_DURABLY_AVAILABLE,1218,PASS,0x00000020,3,202798,644,218213681,1221,1218,4258716,807973,
1219,NOT_DURABLY_AVAILABLE,1219,PASS,0x00000020,3,202798,645,218213682,1222,1219,4258716,807973,
1220,NOT_DURABLY_AVAILABLE,1220,PASS,0x00000020,3,202798,646,218213683,1223,1220,4258716,807973,
1221,NOT_DURABLY_AVAILABLE,1221,PASS,0x00000020,3,202798,647,218213684,1224,1221,4258716,807973,
1222,NOT_DURABLY_AVAILABLE,1222,PASS,0x00000020,3,202798,648,218213685,1225,1222,4258716,807973,
1223,NOT_DURABLY_AVAILABLE,1223,PASS,0x00000020,3,202798,649,218213686,1226,1223,4258716,807973,
1224,NOT_DURABLY_AVAILABLE,1224,PASS,0x00000020,3,202798,650,218213687,1227,1224,4258716,807973,
1225,NOT_DURABLY_AVAILABLE,1225,PASS,0x00000020,3,202798,651,218213688,1228,1225,4258716,807973,
1226,NOT_DURABLY_AVAILABLE,1226,PASS,0x00000020,3,202798,652,218213689,1229,1226,4258716,807973,
1227,NOT_DURABLY_AVAILABLE,1227,PASS,0x00000020,3,202798,653,218213690,1230,1227,4258716,807973,
1228,NOT_DURABLY_AVAILABLE,1228,PASS,0x00000020,3,202798,654,218213691,1231,1228,4258716,807973,
1229,NOT_DURABLY_AVAILABLE,1229,PASS,0x00000020,3,202798,655,218213692,1232,1229,4258716,807973,
1230,NOT_DURABLY_AVAILABLE,1230,PASS,0x00000020,3,202798,656,218213693,1233,1230,4258716,807973,
1231,NOT_DURABLY_AVAILABLE,1231,PASS,0x00000020,3,202798,657,218213694,1234,1231,4258716,807973,
1232,NOT_DURABLY_AVAILABLE,1232,PASS,0x00000020,3,202798,658,218213695,1235,1232,4258716,807973,
1233,NOT_DURABLY_AVAILABLE,1233,PASS,0x00000020,3,202798,659,218213696,1236,1233,4258716,807973,
1234,NOT_DURABLY_AVAILABLE,1234,PASS,0x00000020,3,202798,660,218213697,1237,1234,4258716,807973,
1235,NOT_DURABLY_AVAILABLE,1235,PASS,0x00000020,3,202798,661,218213698,1238,1235,4258716,807973,
1236,NOT_DURABLY_AVAILABLE,1236,PASS,0x00000020,3,202798,662,218213699,1239,1236,4258716,807973,
1237,NOT_DURABLY_AVAILABLE,1237,PASS,0x00000020,3,202798,663,218213700,1240,1237,4258716,807973,
1238,NOT_DURABLY_AVAILABLE,1238,PASS,0x00000020,3,202798,664,218213701,1241,1238,4258716,807973,
1239,NOT_DURABLY_AVAILABLE,1239,PASS,0x00000020,3,202798,665,218213702,1242,1239,4258716,807973,
1240,NOT_DURABLY_AVAILABLE,1240,PASS,0x00000020,3,202798,666,218213703,1243,1240,4258716,807973,
1241,NOT_DURABLY_AVAILABLE,1241,PASS,0x00000020,3,202798,667,218213704,1244,1241,4258716,807973,
1242,NOT_DURABLY_AVAILABLE,1242,PASS,0x00000020,3,202798,668,218213705,1245,1242,4258716,807973,
1243,NOT_DURABLY_AVAILABLE,1243,PASS,0x00000020,3,202798,669,218213706,1246,1243,4258716,807973,
1244,NOT_DURABLY_AVAILABLE,1244,PASS,0x00000020,3,202798,670,218213707,1247,1244,4258716,807973,
1245,NOT_DURABLY_AVAILABLE,1245,PASS,0x00000020,3,202798,671,218213708,1248,1245,4258716,807973,
1246,NOT_DURABLY_AVAILABLE,1246,PASS,0x00000020,3,202798,672,218213709,1249,1246,4258716,807973,
1247,NOT_DURABLY_AVAILABLE,1247,PASS,0x00000020,3,202798,673,218213710,1250,1247,4258716,807973,
1248,NOT_DURABLY_AVAILABLE,1248,PASS,0x00000020,3,202798,674,218213711,1251,1248,4258716,807973,
1249,NOT_DURABLY_AVAILABLE,1249,PASS,0x00000020,3,202798,675,218213712,1252,1249,4258716,807973,
1250,NOT_DURABLY_AVAILABLE,1250,PASS,0x00000020,3,202798,676,218213713,1253,1250,4258716,807973,
1251,NOT_DURABLY_AVAILABLE,1251,PASS,0x00000020,3,202798,677,218213714,1254,1251,4258716,807973,
1252,NOT_DURABLY_AVAILABLE,1252,PASS,0x00000020,3,202798,678,218213715,1255,1252,4258716,807973,
1253,NOT_DURABLY_AVAILABLE,1253,PASS,0x00000020,3,202798,679,218213716,1256,1253,4258716,807973,
1254,NOT_DURABLY_AVAILABLE,1254,PASS,0x00000020,3,202798,680,218213717,1257,1254,4258716,807973,
1255,NOT_DURABLY_AVAILABLE,1255,PASS,0x00000020,3,202798,681,218213718,1258,1255,4258716,807973,
1256,NOT_DURABLY_AVAILABLE,1256,PASS,0x00000020,3,202798,682,218213719,1259,1256,4258716,807973,
1257,NOT_DURABLY_AVAILABLE,1257,PASS,0x00000020,3,202798,683,218213720,1260,1257,4258716,807973,
1258,NOT_DURABLY_AVAILABLE,1258,PASS,0x00000020,3,202798,684,218213721,1261,1258,4258716,807973,
1259,NOT_DURABLY_AVAILABLE,1259,PASS,0x00000020,3,202798,685,218213722,1262,1259,4258716,807973,
1260,NOT_DURABLY_AVAILABLE,1260,PASS,0x00000020,3,202798,686,218213723,1263,1260,4258716,807973,
1261,NOT_DURABLY_AVAILABLE,1261,PASS,0x00000020,3,202798,687,218213724,1264,1261,4258716,807973,
1262,NOT_DURABLY_AVAILABLE,1262,PASS,0x00000020,3,202798,688,218213725,1265,1262,4258716,807973,
1263,NOT_DURABLY_AVAILABLE,1263,PASS,0x00000020,3,202798,689,218213726,1266,1263,4258716,807973,
1264,NOT_DURABLY_AVAILABLE,1264,PASS,0x00000020,3,202798,690,218213727,1267,1264,4258716,807973,
1265,NOT_DURABLY_AVAILABLE,1265,PASS,0x00000020,3,202798,691,218213728,1268,1265,4258716,807973,
1266,NOT_DURABLY_AVAILABLE,1266,PASS,0x00000020,3,202798,692,218213729,1269,1266,4258716,807973,
1267,NOT_DURABLY_AVAILABLE,1267,PASS,0x00000020,3,202798,693,218213730,1270,1267,4258716,807973,
1268,NOT_DURABLY_AVAILABLE,1268,PASS,0x00000020,3,202798,694,218213731,1271,1268,4258716,807973,
1269,NOT_DURABLY_AVAILABLE,1269,PASS,0x00000020,3,202798,695,218213732,1272,1269,4258716,807973,
1270,NOT_DURABLY_AVAILABLE,1270,PASS,0x00000020,3,202798,696,218213733,1273,1270,4258716,807973,
1271,NOT_DURABLY_AVAILABLE,1271,PASS,0x00000020,3,202798,697,218213734,1274,1271,4258716,807973,
1272,NOT_DURABLY_AVAILABLE,1272,PASS,0x00000020,3,202798,698,218213735,1275,1272,4258716,807973,
1273,NOT_DURABLY_AVAILABLE,1273,PASS,0x00000020,3,202798,699,218213736,1276,1273,4258716,807973,
1274,NOT_DURABLY_AVAILABLE,1274,PASS,0x00000020,3,202798,700,218213737,1277,1274,4258716,807973,
1275,NOT_DURABLY_AVAILABLE,1275,PASS,0x00000020,3,202798,701,218213738,1278,1275,4258716,807973,
1276,NOT_DURABLY_AVAILABLE,1276,PASS,0x00000020,3,202798,702,218213739,1279,1276,4258716,807973,
1277,NOT_DURABLY_AVAILABLE,1277,PASS,0x00000020,3,202798,703,218213740,1280,1277,4258716,807973,
1278,NOT_DURABLY_AVAILABLE,1278,PASS,0x00000020,3,202798,704,218213741,1281,1278,4258716,807973,
1279,NOT_DURABLY_AVAILABLE,1279,PASS,0x00000020,3,202798,705,218213742,1282,1279,4258716,807973,
1280,NOT_DURABLY_AVAILABLE,1280,PASS,0x00000020,3,202798,706,218213743,1283,1280,4258716,807973,
1281,NOT_DURABLY_AVAILABLE,1281,PASS,0x00000020,3,202798,707,218213744,1284,1281,4258716,807973,
1282,NOT_DURABLY_AVAILABLE,1282,PASS,0x00000020,3,202798,708,218213745,1285,1282,4258716,807973,
1283,NOT_DURABLY_AVAILABLE,1283,PASS,0x00000020,3,202798,709,218213746,1286,1283,4258716,807973,
1284,NOT_DURABLY_AVAILABLE,1284,PASS,0x00000020,3,202798,710,218213747,1287,1284,4258716,807973,
1285,NOT_DURABLY_AVAILABLE,1285,PASS,0x00000020,3,202798,711,218213748,1288,1285,4258716,807973,
1286,NOT_DURABLY_AVAILABLE,1286,PASS,0x00000020,3,202798,712,218213749,1289,1286,4258716,807973,
1287,NOT_DURABLY_AVAILABLE,1287,PASS,0x00000020,3,202798,713,218213750,1290,1287,4258716,807973,
1288,NOT_DURABLY_AVAILABLE,1288,PASS,0x00000020,3,202798,714,218213751,1291,1288,4258716,807973,
1289,NOT_DURABLY_AVAILABLE,1289,PASS,0x00000020,3,202798,715,218213752,1292,1289,4258716,807973,
1290,NOT_DURABLY_AVAILABLE,1290,PASS,0x00000020,3,202798,716,218213753,1293,1290,4258716,807973,
1291,NOT_DURABLY_AVAILABLE,1291,PASS,0x00000020,3,202798,717,218213754,1294,1291,4258716,807973,
1292,NOT_DURABLY_AVAILABLE,1292,PASS,0x00000020,3,202798,718,218213755,1295,1292,4258716,807973,
1293,NOT_DURABLY_AVAILABLE,1293,PASS,0x00000020,3,202798,719,218213756,1296,1293,4258716,807973,
1294,NOT_DURABLY_AVAILABLE,1294,PASS,0x00000020,3,202798,720,218213757,1297,1294,4258716,807973,
1295,NOT_DURABLY_AVAILABLE,1295,PASS,0x00000020,3,202798,721,218213758,1298,1295,4258716,807973,
1296,NOT_DURABLY_AVAILABLE,1296,PASS,0x00000020,3,202798,722,218213759,1299,1296,4258716,807973,
1297,NOT_DURABLY_AVAILABLE,1297,PASS,0x00000020,3,202798,723,218213760,1300,1297,4258716,807973,
1298,NOT_DURABLY_AVAILABLE,1298,PASS,0x00000020,3,202798,724,218213761,1301,1298,4258716,807973,
1299,NOT_DURABLY_AVAILABLE,1299,PASS,0x00000020,3,202798,725,218213762,1302,1299,4258716,807973,
1300,NOT_DURABLY_AVAILABLE,1300,PASS,0x00000020,3,202798,726,218213763,1303,1300,4258716,807973,
1301,NOT_DURABLY_AVAILABLE,1301,PASS,0x00000020,3,202798,727,218213764,1304,1301,4258716,807973,
1302,NOT_DURABLY_AVAILABLE,1302,PASS,0x00000020,3,202798,728,218213765,1305,1302,4258716,807973,
1303,NOT_DURABLY_AVAILABLE,1303,PASS,0x00000020,3,202798,729,218213766,1306,1303,4258716,807973,
1304,NOT_DURABLY_AVAILABLE,1304,PASS,0x00000020,3,202798,730,218213767,1307,1304,4258716,807973,
1305,NOT_DURABLY_AVAILABLE,1305,PASS,0x00000020,3,202798,731,218213768,1308,1305,4258716,807973,
1306,NOT_DURABLY_AVAILABLE,1306,PASS,0x00000020,3,202798,732,218213769,1309,1306,4258716,807973,
1307,NOT_DURABLY_AVAILABLE,1307,PASS,0x00000020,3,202798,733,218213770,1310,1307,4258716,807973,
1308,NOT_DURABLY_AVAILABLE,1308,PASS,0x00000020,3,202798,734,218213771,1311,1308,4258716,807973,
1309,NOT_DURABLY_AVAILABLE,1309,PASS,0x00000020,3,202798,735,218213772,1312,1309,4258716,807973,
1310,NOT_DURABLY_AVAILABLE,1310,PASS,0x00000020,3,202798,736,218213773,1313,1310,4258716,807973,
1311,NOT_DURABLY_AVAILABLE,1311,PASS,0x00000020,3,202798,737,218213774,1314,1311,4258716,807973,
1312,NOT_DURABLY_AVAILABLE,1312,PASS,0x00000020,3,202798,738,218213775,1315,1312,4258716,807973,
1313,NOT_DURABLY_AVAILABLE,1313,PASS,0x00000020,3,202798,739,218213776,1316,1313,4258716,807973,
1314,NOT_DURABLY_AVAILABLE,1314,PASS,0x00000020,3,202798,740,218213777,1317,1314,4258716,807973,
1315,NOT_DURABLY_AVAILABLE,1315,PASS,0x00000020,3,202798,741,218213778,1318,1315,4258716,807973,
1316,NOT_DURABLY_AVAILABLE,1316,PASS,0x00000020,3,202798,742,218213779,1319,1316,4258716,807973,
1317,NOT_DURABLY_AVAILABLE,1317,PASS,0x00000020,3,202798,743,218213780,1320,1317,4258716,807973,
1318,NOT_DURABLY_AVAILABLE,1318,PASS,0x00000020,3,202798,744,218213781,1321,1318,4258716,807973,
1319,NOT_DURABLY_AVAILABLE,1319,PASS,0x00000020,3,202798,745,218213782,1322,1319,4258716,807973,
1320,NOT_DURABLY_AVAILABLE,1320,PASS,0x00000020,3,202798,746,218213783,1323,1320,4258716,807973,
1321,NOT_DURABLY_AVAILABLE,1321,PASS,0x00000020,3,202798,747,218213784,1324,1321,4258716,807973,
1322,NOT_DURABLY_AVAILABLE,1322,PASS,0x00000020,3,202798,748,218213785,1325,1322,4258716,807973,
1323,NOT_DURABLY_AVAILABLE,1323,PASS,0x00000020,3,202798,749,218213786,1326,1323,4258716,807973,
1324,NOT_DURABLY_AVAILABLE,1324,PASS,0x00000020,3,202798,750,218213787,1327,1324,4258716,807973,
1325,NOT_DURABLY_AVAILABLE,1325,PASS,0x00000020,3,202798,751,218213788,1328,1325,4258716,807973,
1326,NOT_DURABLY_AVAILABLE,1326,PASS,0x00000020,3,202798,752,218213789,1329,1326,4258716,807973,
1327,NOT_DURABLY_AVAILABLE,1327,PASS,0x00000020,3,202798,753,218213790,1330,1327,4258716,807973,
1328,NOT_DURABLY_AVAILABLE,1328,PASS,0x00000020,3,202798,754,218213791,1331,1328,4258716,807973,
1329,NOT_DURABLY_AVAILABLE,1329,PASS,0x00000020,3,202798,755,218213792,1332,1329,4258716,807973,
1330,NOT_DURABLY_AVAILABLE,1330,PASS,0x00000020,3,202798,756,218213793,1333,1330,4258716,807973,
1331,NOT_DURABLY_AVAILABLE,1331,PASS,0x00000020,3,202798,757,218213794,1334,1331,4258716,807973,
1332,NOT_DURABLY_AVAILABLE,1332,PASS,0x00000020,3,202798,758,218213795,1335,1332,4258716,807973,
1333,NOT_DURABLY_AVAILABLE,1333,PASS,0x00000020,3,202798,759,218213796,1336,1333,4258716,807973,
1334,NOT_DURABLY_AVAILABLE,1334,PASS,0x00000020,3,202798,760,218213797,1337,1334,4258716,807973,
1335,NOT_DURABLY_AVAILABLE,1335,PASS,0x00000020,3,202798,761,218213798,1338,1335,4258716,807973,
1336,NOT_DURABLY_AVAILABLE,1336,PASS,0x00000020,3,202798,762,218213799,1339,1336,4258716,807973,
1337,NOT_DURABLY_AVAILABLE,1337,PASS,0x00000020,3,202798,763,218213800,1340,1337,4258716,807973,
1338,NOT_DURABLY_AVAILABLE,1338,PASS,0x00000020,3,202798,764,218213801,1341,1338,4258716,807973,
1339,NOT_DURABLY_AVAILABLE,1339,PASS,0x00000020,3,202798,765,218213802,1342,1339,4258716,807973,
1340,NOT_DURABLY_AVAILABLE,1340,PASS,0x00000020,3,202798,766,218213803,1343,1340,4258716,807973,
1341,NOT_DURABLY_AVAILABLE,1341,PASS,0x00000020,3,202798,767,218213804,1344,1341,4258716,807973,
1342,NOT_DURABLY_AVAILABLE,1342,PASS,0x00000020,3,202798,768,218213805,1345,1342,4258716,807973,
1343,NOT_DURABLY_AVAILABLE,1343,PASS,0x00000020,3,202798,769,218213806,1346,1343,4258716,807973,
1344,NOT_DURABLY_AVAILABLE,1344,PASS,0x00000020,3,202798,770,218213807,1347,1344,4258716,807973,
1345,NOT_DURABLY_AVAILABLE,1345,PASS,0x00000020,3,202798,771,218213808,1348,1345,4258716,807973,
1346,NOT_DURABLY_AVAILABLE,1346,PASS,0x00000020,3,202798,772,218213809,1349,1346,4258716,807973,
1347,NOT_DURABLY_AVAILABLE,1347,PASS,0x00000020,3,202798,773,218213810,1350,1347,4258716,807973,
1348,NOT_DURABLY_AVAILABLE,1348,PASS,0x00000020,3,202798,774,218213811,1351,1348,4258716,807973,
1349,NOT_DURABLY_AVAILABLE,1349,PASS,0x00000020,3,202798,775,218213812,1352,1349,4258716,807973,
1350,NOT_DURABLY_AVAILABLE,1350,PASS,0x00000020,3,202798,776,218213813,1353,1350,4258716,807973,
1351,NOT_DURABLY_AVAILABLE,1351,PASS,0x00000020,3,202798,777,218213814,1354,1351,4258716,807973,
1352,NOT_DURABLY_AVAILABLE,1352,PASS,0x00000020,3,202798,778,218213815,1355,1352,4258716,807973,
1353,NOT_DURABLY_AVAILABLE,1353,PASS,0x00000020,3,202798,779,218213816,1356,1353,4258716,807973,
1354,NOT_DURABLY_AVAILABLE,1354,PASS,0x00000020,3,202798,780,218213817,1357,1354,4258716,807973,
1355,NOT_DURABLY_AVAILABLE,1355,PASS,0x00000020,3,202798,781,218213818,1358,1355,4258716,807973,
1356,NOT_DURABLY_AVAILABLE,1356,PASS,0x00000020,3,202798,782,218213819,1359,1356,4258716,807973,
1357,NOT_DURABLY_AVAILABLE,1357,PASS,0x00000020,3,202798,783,218213820,1360,1357,4258716,807973,
1358,NOT_DURABLY_AVAILABLE,1358,PASS,0x00000020,3,202798,784,218213821,1361,1358,4258716,807973,
1359,NOT_DURABLY_AVAILABLE,1359,PASS,0x00000020,3,202798,785,218213822,1362,1359,4258716,807973,
1360,NOT_DURABLY_AVAILABLE,1360,PASS,0x00000020,3,202798,786,218213823,1363,1360,4258716,807973,
1361,NOT_DURABLY_AVAILABLE,1361,PASS,0x00000020,3,202798,787,218213824,1364,1361,4258716,807973,
1362,NOT_DURABLY_AVAILABLE,1362,PASS,0x00000020,3,202798,788,218213825,1365,1362,4258716,807973,
1363,NOT_DURABLY_AVAILABLE,1363,PASS,0x00000020,3,202798,789,218213826,1366,1363,4258716,807973,
1364,NOT_DURABLY_AVAILABLE,1364,PASS,0x00000020,3,202798,790,218213827,1367,1364,4258716,807973,
1365,NOT_DURABLY_AVAILABLE,1365,PASS,0x00000020,3,202798,791,218213828,1368,1365,4258716,807973,
1366,NOT_DURABLY_AVAILABLE,1366,PASS,0x00000020,3,202798,792,218213829,1369,1366,4258716,807973,
1367,NOT_DURABLY_AVAILABLE,1367,PASS,0x00000020,3,202798,793,218213830,1370,1367,4258716,807973,
1368,NOT_DURABLY_AVAILABLE,1368,PASS,0x00000020,3,202798,794,218213831,1371,1368,4258716,807973,
1369,NOT_DURABLY_AVAILABLE,1369,PASS,0x00000020,3,202798,795,218213832,1372,1369,4258716,807973,
1370,NOT_DURABLY_AVAILABLE,1370,PASS,0x00000020,3,202798,796,218213833,1373,1370,4258716,807973,
1371,NOT_DURABLY_AVAILABLE,1371,PASS,0x00000020,3,202798,797,218213834,1374,1371,4258716,807973,
1372,NOT_DURABLY_AVAILABLE,1372,PASS,0x00000020,3,202798,798,218213835,1375,1372,4258716,807973,
1373,NOT_DURABLY_AVAILABLE,1373,PASS,0x00000020,3,202798,799,218213836,1376,1373,4258716,807973,
1374,NOT_DURABLY_AVAILABLE,1374,PASS,0x00000020,3,202798,800,218213837,1377,1374,4258716,807973,
1375,NOT_DURABLY_AVAILABLE,1375,PASS,0x00000020,3,202798,801,218213838,1378,1375,4258716,807973,
1376,NOT_DURABLY_AVAILABLE,1376,PASS,0x00000020,3,202798,802,218213839,1379,1376,4258716,807973,
1377,NOT_DURABLY_AVAILABLE,1377,PASS,0x00000020,3,202798,803,218213840,1380,1377,4258716,807973,
1378,NOT_DURABLY_AVAILABLE,1378,PASS,0x00000020,3,202798,804,218213841,1381,1378,4258716,807973,
1379,NOT_DURABLY_AVAILABLE,1379,PASS,0x00000020,3,202798,805,218213842,1382,1379,4258716,807973,
1380,NOT_DURABLY_AVAILABLE,1380,PASS,0x00000020,3,202798,806,218213843,1383,1380,4258716,807973,
1381,NOT_DURABLY_AVAILABLE,1381,PASS,0x00000020,3,202798,807,218213844,1384,1381,4258716,807973,
1382,NOT_DURABLY_AVAILABLE,1382,PASS,0x00000020,3,202798,808,218213845,1385,1382,4258716,807973,
1383,NOT_DURABLY_AVAILABLE,1383,PASS,0x00000020,3,202798,809,218213846,1386,1383,4258716,807973,
1384,NOT_DURABLY_AVAILABLE,1384,PASS,0x00000020,3,202798,810,218213847,1387,1384,4258716,807973,
1385,NOT_DURABLY_AVAILABLE,1385,PASS,0x00000020,3,202798,811,218213848,1388,1385,4258716,807973,
1386,NOT_DURABLY_AVAILABLE,1386,PASS,0x00000020,3,202798,812,218213849,1389,1386,4258716,807973,
1387,NOT_DURABLY_AVAILABLE,1387,PASS,0x00000020,3,202798,813,218213850,1390,1387,4258716,807973,
1388,NOT_DURABLY_AVAILABLE,1388,PASS,0x00000020,3,202798,814,218213851,1391,1388,4258716,807973,
1389,NOT_DURABLY_AVAILABLE,1389,PASS,0x00000020,3,202798,815,218213852,1392,1389,4258716,807973,
1390,NOT_DURABLY_AVAILABLE,1390,PASS,0x00000020,3,202798,816,218213853,1393,1390,4258716,807973,
1391,NOT_DURABLY_AVAILABLE,1391,PASS,0x00000020,3,202798,817,218213854,1394,1391,4258716,807973,
1392,NOT_DURABLY_AVAILABLE,1392,PASS,0x00000020,3,202798,818,218213855,1395,1392,4258716,807973,
1393,NOT_DURABLY_AVAILABLE,1393,PASS,0x00000020,3,202798,819,218213856,1396,1393,4258716,807973,
1394,NOT_DURABLY_AVAILABLE,1394,PASS,0x00000020,3,202798,820,218213857,1397,1394,4258716,807973,
1395,NOT_DURABLY_AVAILABLE,1395,PASS,0x00000020,3,202798,821,218213858,1398,1395,4258716,807973,
1396,NOT_DURABLY_AVAILABLE,1396,PASS,0x00000020,3,202798,822,218213859,1399,1396,4258716,807973,
1397,NOT_DURABLY_AVAILABLE,1397,PASS,0x00000020,3,202798,823,218213860,1400,1397,4258716,807973,
1398,NOT_DURABLY_AVAILABLE,1398,PASS,0x00000020,3,202798,824,218213861,1401,1398,4258716,807973,
1399,NOT_DURABLY_AVAILABLE,1399,PASS,0x00000020,3,202798,825,218213862,1402,1399,4258716,807973,
1400,NOT_DURABLY_AVAILABLE,1400,PASS,0x00000020,3,202798,826,218213863,1403,1400,4258716,807973,
1401,NOT_DURABLY_AVAILABLE,1401,PASS,0x00000020,3,202798,827,218213864,1404,1401,4258716,807973,
1402,NOT_DURABLY_AVAILABLE,1402,PASS,0x00000020,3,202798,828,218213865,1405,1402,4258716,807973,
1403,NOT_DURABLY_AVAILABLE,1403,PASS,0x00000020,3,202798,829,218213866,1406,1403,4258716,807973,
1404,NOT_DURABLY_AVAILABLE,1404,PASS,0x00000020,3,202798,830,218213867,1407,1404,4258716,807973,
1405,NOT_DURABLY_AVAILABLE,1405,PASS,0x00000020,3,202798,831,218213868,1408,1405,4258716,807973,
1406,NOT_DURABLY_AVAILABLE,1406,PASS,0x00000020,3,202798,832,218213869,1409,1406,4258716,807973,
1407,NOT_DURABLY_AVAILABLE,1407,PASS,0x00000020,3,202798,833,218213870,1410,1407,4258716,807973,
1408,NOT_DURABLY_AVAILABLE,1408,PASS,0x00000020,3,202798,834,218213871,1411,1408,4258716,807973,
1409,NOT_DURABLY_AVAILABLE,1409,PASS,0x00000020,3,202798,835,218213872,1412,1409,4258716,807973,
1410,NOT_DURABLY_AVAILABLE,1410,PASS,0x00000020,3,202798,836,218213873,1413,1410,4258716,807973,
1411,NOT_DURABLY_AVAILABLE,1411,PASS,0x00000020,3,202798,837,218213874,1414,1411,4258716,807973,
1412,NOT_DURABLY_AVAILABLE,1412,PASS,0x00000020,3,202798,838,218213875,1415,1412,4258716,807973,
1413,NOT_DURABLY_AVAILABLE,1413,PASS,0x00000020,3,202798,839,218213876,1416,1413,4258716,807973,
1414,NOT_DURABLY_AVAILABLE,1414,PASS,0x00000020,3,202798,840,218213877,1417,1414,4258716,807973,
1415,NOT_DURABLY_AVAILABLE,1415,PASS,0x00000020,3,202798,841,218213878,1418,1415,4258716,807973,
1416,NOT_DURABLY_AVAILABLE,1416,PASS,0x00000020,3,202798,842,218213879,1419,1416,4258716,807973,
1417,NOT_DURABLY_AVAILABLE,1417,PASS,0x00000020,3,202798,843,218213880,1420,1417,4258716,807973,
1418,NOT_DURABLY_AVAILABLE,1418,PASS,0x00000020,3,202798,844,218213881,1421,1418,4258716,807973,
1419,NOT_DURABLY_AVAILABLE,1419,PASS,0x00000020,3,202798,845,218213882,1422,1419,4258716,807973,
1420,NOT_DURABLY_AVAILABLE,1420,PASS,0x00000020,3,202798,846,218213883,1423,1420,4258716,807973,
1421,NOT_DURABLY_AVAILABLE,1421,PASS,0x00000020,3,202798,847,218213884,1424,1421,4258716,807973,
1422,NOT_DURABLY_AVAILABLE,1422,PASS,0x00000020,3,202798,848,218213885,1425,1422,4258716,807973,
1423,NOT_DURABLY_AVAILABLE,1423,PASS,0x00000020,3,202798,849,218213886,1426,1423,4258716,807973,
1424,NOT_DURABLY_AVAILABLE,1424,PASS,0x00000020,3,202798,850,218213887,1427,1424,4258716,807973,
1425,NOT_DURABLY_AVAILABLE,1425,PASS,0x00000020,3,202798,851,218213888,1428,1425,4258716,807973,
1426,NOT_DURABLY_AVAILABLE,1426,PASS,0x00000020,3,202798,852,218213889,1429,1426,4258716,807973,
1427,NOT_DURABLY_AVAILABLE,1427,PASS,0x00000020,3,202798,853,218213890,1430,1427,4258716,807973,
1428,NOT_DURABLY_AVAILABLE,1428,PASS,0x00000020,3,202798,854,218213891,1431,1428,4258716,807973,
1429,NOT_DURABLY_AVAILABLE,1429,PASS,0x00000020,3,202798,855,218213892,1432,1429,4258716,807973,
1430,NOT_DURABLY_AVAILABLE,1430,PASS,0x00000020,3,202798,856,218213893,1433,1430,4258716,807973,
1431,NOT_DURABLY_AVAILABLE,1431,PASS,0x00000020,3,202798,857,218213894,1434,1431,4258716,807973,
1432,NOT_DURABLY_AVAILABLE,1432,PASS,0x00000020,3,202798,858,218213895,1435,1432,4258716,807973,
1433,NOT_DURABLY_AVAILABLE,1433,PASS,0x00000020,3,202798,859,218213896,1436,1433,4258716,807973,
1434,NOT_DURABLY_AVAILABLE,1434,PASS,0x00000020,3,202798,860,218213897,1437,1434,4258716,807973,
1435,NOT_DURABLY_AVAILABLE,1435,PASS,0x00000020,3,202798,861,218213898,1438,1435,4258716,807973,
1436,NOT_DURABLY_AVAILABLE,1436,PASS,0x00000020,3,202798,862,218213899,1439,1436,4258716,807973,
1437,NOT_DURABLY_AVAILABLE,1437,PASS,0x00000020,3,202798,863,218213900,1440,1437,4258716,807973,
1438,NOT_DURABLY_AVAILABLE,1438,PASS,0x00000020,3,202798,864,218213901,1441,1438,4258716,807973,
1439,NOT_DURABLY_AVAILABLE,1439,PASS,0x00000020,3,202798,865,218213902,1442,1439,4258716,807973,
1440,NOT_DURABLY_AVAILABLE,1440,PASS,0x00000020,3,202798,866,218213903,1443,1440,4258716,807973,
1441,NOT_DURABLY_AVAILABLE,1441,PASS,0x00000020,3,202798,867,218213904,1444,1441,4258716,807973,
1442,NOT_DURABLY_AVAILABLE,1442,PASS,0x00000020,3,202798,868,218213905,1445,1442,4258716,807973,
1443,NOT_DURABLY_AVAILABLE,1443,PASS,0x00000020,3,202798,869,218213906,1446,1443,4258716,807973,
1444,NOT_DURABLY_AVAILABLE,1444,PASS,0x00000020,3,202798,870,218213907,1447,1444,4258716,807973,
1445,NOT_DURABLY_AVAILABLE,1445,PASS,0x00000020,3,202798,871,218213908,1448,1445,4258716,807973,
1446,NOT_DURABLY_AVAILABLE,1446,PASS,0x00000020,3,202798,872,218213909,1449,1446,4258716,807973,
1447,NOT_DURABLY_AVAILABLE,1447,PASS,0x00000020,3,202798,873,218213910,1450,1447,4258716,807973,
1448,NOT_DURABLY_AVAILABLE,1448,PASS,0x00000020,3,202798,874,218213911,1451,1448,4258716,807973,
1449,NOT_DURABLY_AVAILABLE,1449,PASS,0x00000020,3,202798,875,218213912,1452,1449,4258716,807973,
1450,NOT_DURABLY_AVAILABLE,1450,PASS,0x00000020,3,202798,876,218213913,1453,1450,4258716,807973,
1451,NOT_DURABLY_AVAILABLE,1451,PASS,0x00000020,3,202798,877,218213914,1454,1451,4258716,807973,
1452,NOT_DURABLY_AVAILABLE,1452,PASS,0x00000020,3,202798,878,218213915,1455,1452,4258716,807973,
1453,NOT_DURABLY_AVAILABLE,1453,PASS,0x00000020,3,202798,879,218213916,1456,1453,4258716,807973,
1454,NOT_DURABLY_AVAILABLE,1454,PASS,0x00000020,3,202798,880,218213917,1457,1454,4258716,807973,
1455,NOT_DURABLY_AVAILABLE,1455,PASS,0x00000020,3,202798,881,218213918,1458,1455,4258716,807973,
1456,NOT_DURABLY_AVAILABLE,1456,PASS,0x00000020,3,202798,882,218213919,1459,1456,4258716,807973,
1457,NOT_DURABLY_AVAILABLE,1457,PASS,0x00000020,3,202798,883,218213920,1460,1457,4258716,807973,
1458,NOT_DURABLY_AVAILABLE,1458,PASS,0x00000020,3,202798,884,218213921,1461,1458,4258716,807973,
1459,NOT_DURABLY_AVAILABLE,1459,PASS,0x00000020,3,202798,885,218213922,1462,1459,4258716,807973,
1460,NOT_DURABLY_AVAILABLE,1460,PASS,0x00000020,3,202798,886,218213923,1463,1460,4258716,807973,
1461,NOT_DURABLY_AVAILABLE,1461,PASS,0x00000020,3,202798,887,218213924,1464,1461,4258716,807973,
1462,NOT_DURABLY_AVAILABLE,1462,PASS,0x00000020,3,202798,888,218213925,1465,1462,4258716,807973,
1463,NOT_DURABLY_AVAILABLE,1463,PASS,0x00000020,3,202798,889,218213926,1466,1463,4258716,807973,
1464,NOT_DURABLY_AVAILABLE,1464,PASS,0x00000020,3,202798,890,218213927,1467,1464,4258716,807973,
1465,NOT_DURABLY_AVAILABLE,1465,PASS,0x00000020,3,202798,891,218213928,1468,1465,4258716,807973,
1466,NOT_DURABLY_AVAILABLE,1466,PASS,0x00000020,3,202798,892,218213929,1469,1466,4258716,807973,
1467,NOT_DURABLY_AVAILABLE,1467,PASS,0x00000020,3,202798,893,218213930,1470,1467,4258716,807973,
1468,NOT_DURABLY_AVAILABLE,1468,PASS,0x00000020,3,202798,894,218213931,1471,1468,4258716,807973,
1469,NOT_DURABLY_AVAILABLE,1469,PASS,0x00000020,3,202798,895,218213932,1472,1469,4258716,807973,
1470,NOT_DURABLY_AVAILABLE,1470,PASS,0x00000020,3,202798,896,218213933,1473,1470,4258716,807973,
1471,NOT_DURABLY_AVAILABLE,1471,PASS,0x00000020,3,202798,897,218213934,1474,1471,4258716,807973,
1472,NOT_DURABLY_AVAILABLE,1472,PASS,0x00000020,3,202798,898,218213935,1475,1472,4258716,807973,
1473,NOT_DURABLY_AVAILABLE,1473,PASS,0x00000020,3,202798,899,218213936,1476,1473,4258716,807973,
1474,NOT_DURABLY_AVAILABLE,1474,PASS,0x00000020,3,202798,900,218213937,1477,1474,4258716,807973,
1475,NOT_DURABLY_AVAILABLE,1475,PASS,0x00000020,3,202798,901,218213938,1478,1475,4258716,807973,
1476,NOT_DURABLY_AVAILABLE,1476,PASS,0x00000020,3,202798,902,218213939,1479,1476,4258716,807973,
1477,NOT_DURABLY_AVAILABLE,1477,PASS,0x00000020,3,202798,903,218213940,1480,1477,4258716,807973,
1478,NOT_DURABLY_AVAILABLE,1478,PASS,0x00000020,3,202798,904,218213941,1481,1478,4258716,807973,
1479,NOT_DURABLY_AVAILABLE,1479,PASS,0x00000020,3,202798,905,218213942,1482,1479,4258716,807973,
1480,NOT_DURABLY_AVAILABLE,1480,PASS,0x00000020,3,202798,906,218213943,1483,1480,4258716,807973,
1481,NOT_DURABLY_AVAILABLE,1481,PASS,0x00000020,3,202798,907,218213944,1484,1481,4258716,807973,
1482,NOT_DURABLY_AVAILABLE,1482,PASS,0x00000020,3,202798,908,218213945,1485,1482,4258716,807973,
1483,NOT_DURABLY_AVAILABLE,1483,PASS,0x00000020,3,202798,909,218213946,1486,1483,4258716,807973,
1484,NOT_DURABLY_AVAILABLE,1484,PASS,0x00000020,3,202798,910,218213947,1487,1484,4258716,807973,
1485,NOT_DURABLY_AVAILABLE,1485,PASS,0x00000020,3,202798,911,218213948,1488,1485,4258716,807973,
1486,NOT_DURABLY_AVAILABLE,1486,PASS,0x00000020,3,202798,912,218213949,1489,1486,4258716,807973,
1487,NOT_DURABLY_AVAILABLE,1487,PASS,0x00000020,3,202798,913,218213950,1490,1487,4258716,807973,
1488,NOT_DURABLY_AVAILABLE,1488,PASS,0x00000020,3,202798,914,218213951,1491,1488,4258716,807973,
1489,NOT_DURABLY_AVAILABLE,1489,PASS,0x00000020,3,202798,915,218213952,1492,1489,4258716,807973,
1490,NOT_DURABLY_AVAILABLE,1490,PASS,0x00000020,3,202798,916,218213953,1493,1490,4258716,807973,
1491,NOT_DURABLY_AVAILABLE,1491,PASS,0x00000020,3,202798,917,218213954,1494,1491,4258716,807973,
1492,NOT_DURABLY_AVAILABLE,1492,PASS,0x00000020,3,202798,918,218213955,1495,1492,4258716,807973,
1493,NOT_DURABLY_AVAILABLE,1493,PASS,0x00000020,3,202798,919,218213956,1496,1493,4258716,807973,
1494,NOT_DURABLY_AVAILABLE,1494,PASS,0x00000020,3,202798,920,218213957,1497,1494,4258716,807973,
1495,NOT_DURABLY_AVAILABLE,1495,PASS,0x00000020,3,202798,921,218213958,1498,1495,4258716,807973,
1496,NOT_DURABLY_AVAILABLE,1496,PASS,0x00000020,3,202798,922,218213959,1499,1496,4258716,807973,
1497,NOT_DURABLY_AVAILABLE,1497,PASS,0x00000020,3,202798,923,218213960,1500,1497,4258716,807973,
1498,NOT_DURABLY_AVAILABLE,1498,PASS,0x00000020,3,202798,924,218213961,1501,1498,4258716,807973,
1499,NOT_DURABLY_AVAILABLE,1499,PASS,0x00000020,3,202798,925,218213962,1502,1499,4258716,807973,
1500,NOT_DURABLY_AVAILABLE,1500,PASS,0x00000020,3,202798,926,218213963,1503,1500,4258716,807973,
1501,NOT_DURABLY_AVAILABLE,1501,PASS,0x00000020,3,202798,927,218213964,1504,1501,4258716,807973,
1502,NOT_DURABLY_AVAILABLE,1502,PASS,0x00000020,3,202798,928,218213965,1505,1502,4258716,807973,
1503,NOT_DURABLY_AVAILABLE,1503,PASS,0x00000020,3,202798,929,218213966,1506,1503,4258716,807973,
1504,NOT_DURABLY_AVAILABLE,1504,PASS,0x00000020,3,202798,930,218213967,1507,1504,4258716,807973,
1505,NOT_DURABLY_AVAILABLE,1505,PASS,0x00000020,3,202798,931,218213968,1508,1505,4258716,807973,
1506,NOT_DURABLY_AVAILABLE,1506,PASS,0x00000020,3,202798,932,218213969,1509,1506,4258716,807973,
1507,NOT_DURABLY_AVAILABLE,1507,PASS,0x00000020,3,202798,933,218213970,1510,1507,4258716,807973,
1508,NOT_DURABLY_AVAILABLE,1508,PASS,0x00000020,3,202798,934,218213971,1511,1508,4258716,807973,
1509,NOT_DURABLY_AVAILABLE,1509,PASS,0x00000020,3,202798,935,218213972,1512,1509,4258716,807973,
1510,NOT_DURABLY_AVAILABLE,1510,PASS,0x00000020,3,202798,936,218213973,1513,1510,4258716,807973,
1511,NOT_DURABLY_AVAILABLE,1511,PASS,0x00000020,3,202798,937,218213974,1514,1511,4258716,807973,
1512,NOT_DURABLY_AVAILABLE,1512,PASS,0x00000020,3,202798,938,218213975,1515,1512,4258716,807973,
1513,NOT_DURABLY_AVAILABLE,1513,PASS,0x00000020,3,202798,939,218213976,1516,1513,4258716,807973,
1514,NOT_DURABLY_AVAILABLE,1514,PASS,0x00000020,3,202798,940,218213977,1517,1514,4258716,807973,
1515,NOT_DURABLY_AVAILABLE,1515,PASS,0x00000020,3,202798,941,218213978,1518,1515,4258716,807973,
1516,NOT_DURABLY_AVAILABLE,1516,PASS,0x00000020,3,202798,942,218213979,1519,1516,4258716,807973,
1517,NOT_DURABLY_AVAILABLE,1517,PASS,0x00000020,3,202798,943,218213980,1520,1517,4258716,807973,
1518,NOT_DURABLY_AVAILABLE,1518,PASS,0x00000020,3,202798,944,218213981,1521,1518,4258716,807973,
1519,NOT_DURABLY_AVAILABLE,1519,PASS,0x00000020,3,202798,945,218213982,1522,1519,4258716,807973,
1520,NOT_DURABLY_AVAILABLE,1520,PASS,0x00000020,3,202798,946,218213983,1523,1520,4258716,807973,
1521,NOT_DURABLY_AVAILABLE,1521,PASS,0x00000020,3,202798,947,218213984,1524,1521,4258716,807973,
1522,NOT_DURABLY_AVAILABLE,1522,PASS,0x00000020,3,202798,948,218213985,1525,1522,4258716,807973,
1523,NOT_DURABLY_AVAILABLE,1523,PASS,0x00000020,3,202798,949,218213986,1526,1523,4258716,807973,
1524,NOT_DURABLY_AVAILABLE,1524,PASS,0x00000020,3,202798,950,218213987,1527,1524,4258716,807973,
1525,NOT_DURABLY_AVAILABLE,1525,PASS,0x00000020,3,202798,951,218213988,1528,1525,4258716,807973,
1526,NOT_DURABLY_AVAILABLE,1526,PASS,0x00000020,3,202798,952,218213989,1529,1526,4258716,807973,
1527,NOT_DURABLY_AVAILABLE,1527,PASS,0x00000020,3,202798,953,218213990,1530,1527,4258716,807973,
1528,NOT_DURABLY_AVAILABLE,1528,PASS,0x00000020,3,202798,954,218213991,1531,1528,4258716,807973,
1529,NOT_DURABLY_AVAILABLE,1529,PASS,0x00000020,3,202798,955,218213992,1532,1529,4258716,807973,
1530,NOT_DURABLY_AVAILABLE,1530,PASS,0x00000020,3,202798,956,218213993,1533,1530,4258716,807973,
1531,NOT_DURABLY_AVAILABLE,1531,PASS,0x00000020,3,202798,957,218213994,1534,1531,4258716,807973,
1532,NOT_DURABLY_AVAILABLE,1532,PASS,0x00000020,3,202798,958,218213995,1535,1532,4258716,807973,
1533,NOT_DURABLY_AVAILABLE,1533,PASS,0x00000020,3,202798,959,218213996,1536,1533,4258716,807973,
1534,NOT_DURABLY_AVAILABLE,1534,PASS,0x00000020,3,202798,960,218213997,1537,1534,4258716,807973,
1535,NOT_DURABLY_AVAILABLE,1535,PASS,0x00000020,3,202798,961,218213998,1538,1535,4258716,807973,
1536,NOT_DURABLY_AVAILABLE,1536,PASS,0x00000020,3,202798,962,218213999,1539,1536,4258716,807973,
1537,NOT_DURABLY_AVAILABLE,1537,PASS,0x00000020,3,202798,963,218214000,1540,1537,4258716,807973,
1538,NOT_DURABLY_AVAILABLE,1538,PASS,0x00000020,3,202798,964,218214001,1541,1538,4258716,807973,
1539,NOT_DURABLY_AVAILABLE,1539,PASS,0x00000020,3,202798,965,218214002,1542,1539,4258716,807973,
1540,NOT_DURABLY_AVAILABLE,1540,PASS,0x00000020,3,202798,966,218214003,1543,1540,4258716,807973,
1541,NOT_DURABLY_AVAILABLE,1541,PASS,0x00000020,3,202798,967,218214004,1544,1541,4258716,807973,
1542,NOT_DURABLY_AVAILABLE,1542,PASS,0x00000020,3,202798,968,218214005,1545,1542,4258716,807973,
1543,NOT_DURABLY_AVAILABLE,1543,PASS,0x00000020,3,202798,969,218214006,1546,1543,4258716,807973,
1544,NOT_DURABLY_AVAILABLE,1544,PASS,0x00000020,3,202798,970,218214007,1547,1544,4258716,807973,
1545,NOT_DURABLY_AVAILABLE,1545,PASS,0x00000020,3,202798,971,218214008,1548,1545,4258716,807973,
1546,NOT_DURABLY_AVAILABLE,1546,PASS,0x00000020,3,202798,972,218214009,1549,1546,4258716,807973,
1547,NOT_DURABLY_AVAILABLE,1547,PASS,0x00000020,3,202798,973,218214010,1550,1547,4258716,807973,
1548,NOT_DURABLY_AVAILABLE,1548,PASS,0x00000020,3,202798,974,218214011,1551,1548,4258716,807973,
1549,NOT_DURABLY_AVAILABLE,1549,PASS,0x00000020,3,202798,975,218214012,1552,1549,4258716,807973,
1550,NOT_DURABLY_AVAILABLE,1550,PASS,0x00000020,3,202798,976,218214013,1553,1550,4258716,807973,
1551,NOT_DURABLY_AVAILABLE,1551,PASS,0x00000020,3,202798,977,218214014,1554,1551,4258716,807973,
1552,NOT_DURABLY_AVAILABLE,1552,PASS,0x00000020,3,202798,978,218214015,1555,1552,4258716,807973,
1553,NOT_DURABLY_AVAILABLE,1553,PASS,0x00000020,3,202798,979,218214016,1556,1553,4258716,807973,
1554,NOT_DURABLY_AVAILABLE,1554,PASS,0x00000020,3,202798,980,218214017,1557,1554,4258716,807973,
1555,NOT_DURABLY_AVAILABLE,1555,PASS,0x00000020,3,202798,981,218214018,1558,1555,4258716,807973,
1556,NOT_DURABLY_AVAILABLE,1556,PASS,0x00000020,3,202798,982,218214019,1559,1556,4258716,807973,
1557,NOT_DURABLY_AVAILABLE,1557,PASS,0x00000020,3,202798,983,218214020,1560,1557,4258716,807973,
1558,NOT_DURABLY_AVAILABLE,1558,PASS,0x00000020,3,202798,984,218214021,1561,1558,4258716,807973,
1559,NOT_DURABLY_AVAILABLE,1559,PASS,0x00000020,3,202798,985,218214022,1562,1559,4258716,807973,
1560,NOT_DURABLY_AVAILABLE,1560,PASS,0x00000020,3,202798,986,218214023,1563,1560,4258716,807973,
1561,NOT_DURABLY_AVAILABLE,1561,PASS,0x00000020,3,202798,987,218214024,1564,1561,4258716,807973,
1562,NOT_DURABLY_AVAILABLE,1562,PASS,0x00000020,3,202798,988,218214025,1565,1562,4258716,807973,
1563,NOT_DURABLY_AVAILABLE,1563,PASS,0x00000020,3,202798,989,218214026,1566,1563,4258716,807973,
1564,NOT_DURABLY_AVAILABLE,1564,PASS,0x00000020,3,202798,990,218214027,1567,1564,4258716,807973,
1565,NOT_DURABLY_AVAILABLE,1565,PASS,0x00000020,3,202798,991,218214028,1568,1565,4258716,807973,
1566,NOT_DURABLY_AVAILABLE,1566,PASS,0x00000020,3,202798,992,218214029,1569,1566,4258716,807973,
1567,NOT_DURABLY_AVAILABLE,1567,PASS,0x00000020,3,202798,993,218214030,1570,1567,4258716,807973,
1568,NOT_DURABLY_AVAILABLE,1568,PASS,0x00000020,3,202798,994,218214031,1571,1568,4258716,807973,
1569,NOT_DURABLY_AVAILABLE,1569,PASS,0x00000020,3,202798,995,218214032,1572,1569,4258716,807973,
1570,NOT_DURABLY_AVAILABLE,1570,PASS,0x00000020,3,202798,996,218214033,1573,1570,4258716,807973,
1571,NOT_DURABLY_AVAILABLE,1571,PASS,0x00000020,3,202798,997,218214034,1574,1571,4258716,807973,
1572,NOT_DURABLY_AVAILABLE,1572,PASS,0x00000020,3,202798,998,218214035,1575,1572,4258716,807973,
1573,NOT_DURABLY_AVAILABLE,1573,PASS,0x00000020,3,202798,999,218214036,1576,1573,4258716,807973,
1574,NOT_DURABLY_AVAILABLE,1574,PASS,0x00000020,3,202798,1000,218214037,1577,1574,4258716,807973,
1575,NOT_DURABLY_AVAILABLE,1575,PASS,0x00000020,3,202798,1001,218214038,1578,1575,4258716,807973,
1576,NOT_DURABLY_AVAILABLE,1576,PASS,0x00000020,3,202798,1002,218214039,1579,1576,4258716,807973,
1577,NOT_DURABLY_AVAILABLE,1577,PASS,0x00000020,3,202798,1003,218214040,1580,1577,4258716,807973,
1578,NOT_DURABLY_AVAILABLE,1578,PASS,0x00000020,3,202798,1004,218214041,1581,1578,4258716,807973,
1579,NOT_DURABLY_AVAILABLE,1579,PASS,0x00000020,3,202798,1005,218214042,1582,1579,4258716,807973,
1580,NOT_DURABLY_AVAILABLE,1580,PASS,0x00000020,3,202798,1006,218214043,1583,1580,4258716,807973,
1581,NOT_DURABLY_AVAILABLE,1581,PASS,0x00000020,3,202798,1007,218214044,1584,1581,4258716,807973,
1582,NOT_DURABLY_AVAILABLE,1582,PASS,0x00000020,3,202798,1008,218214045,1585,1582,4258716,807973,
1583,NOT_DURABLY_AVAILABLE,1583,PASS,0x00000020,3,202798,1009,218214046,1586,1583,4258716,807973,
1584,NOT_DURABLY_AVAILABLE,1584,PASS,0x00000020,3,202798,1010,218214047,1587,1584,4258716,807973,
1585,NOT_DURABLY_AVAILABLE,1585,PASS,0x00000020,3,202798,1011,218214048,1588,1585,4258716,807973,
1586,NOT_DURABLY_AVAILABLE,1586,PASS,0x00000020,3,202798,1012,218214049,1589,1586,4258716,807973,
1587,NOT_DURABLY_AVAILABLE,1587,PASS,0x00000020,3,202798,1013,218214050,1590,1587,4258716,807973,
1588,NOT_DURABLY_AVAILABLE,1588,PASS,0x00000020,3,202798,1014,218214051,1591,1588,4258716,807973,
1589,NOT_DURABLY_AVAILABLE,1589,PASS,0x00000020,3,202798,1015,218214052,1592,1589,4258716,807973,
1590,NOT_DURABLY_AVAILABLE,1590,PASS,0x00000020,3,202798,1016,218214053,1593,1590,4258716,807973,
1591,NOT_DURABLY_AVAILABLE,1591,PASS,0x00000020,3,202798,1017,218214054,1594,1591,4258716,807973,
1592,NOT_DURABLY_AVAILABLE,1592,PASS,0x00000020,3,202798,1018,218214055,1595,1592,4258716,807973,
1593,NOT_DURABLY_AVAILABLE,1593,PASS,0x00000020,3,202798,1019,218214056,1596,1593,4258716,807973,
1594,NOT_DURABLY_AVAILABLE,1594,PASS,0x00000020,3,202798,1020,218214057,1597,1594,4258716,807973,
1595,NOT_DURABLY_AVAILABLE,1595,PASS,0x00000020,3,202798,1021,218214058,1598,1595,4258716,807973,
1596,NOT_DURABLY_AVAILABLE,1596,PASS,0x00000020,3,202798,1022,218214059,1599,1596,4258716,807973,
1597,NOT_DURABLY_AVAILABLE,1597,PASS,0x00000020,3,202798,1023,218214060,1600,1597,4258716,807973,
1598,NOT_DURABLY_AVAILABLE,1598,PASS,0x00000020,3,202798,1024,218214061,1601,1598,4258716,807973,
1599,NOT_DURABLY_AVAILABLE,1599,PASS,0x00000020,3,202798,1025,218214062,1602,1599,4258716,807973,
1600,NOT_DURABLY_AVAILABLE,1600,PASS,0x00000020,3,202798,1026,218214063,1603,1600,4258716,807973,
1601,NOT_DURABLY_AVAILABLE,1601,PASS,0x00000020,3,202798,1027,218214064,1604,1601,4258716,807973,
1602,NOT_DURABLY_AVAILABLE,1602,PASS,0x00000020,3,202798,1028,218214065,1605,1602,4258716,807973,
1603,NOT_DURABLY_AVAILABLE,1603,PASS,0x00000020,3,202798,1029,218214066,1606,1603,4258716,807973,
1604,NOT_DURABLY_AVAILABLE,1604,PASS,0x00000020,3,202798,1030,218214067,1607,1604,4258716,807973,
1605,NOT_DURABLY_AVAILABLE,1605,PASS,0x00000020,3,202798,1031,218214068,1608,1605,4258716,807973,
1606,NOT_DURABLY_AVAILABLE,1606,PASS,0x00000020,3,202798,1032,218214069,1609,1606,4258716,807973,
1607,NOT_DURABLY_AVAILABLE,1607,PASS,0x00000020,3,202798,1033,218214070,1610,1607,4258716,807973,
1608,NOT_DURABLY_AVAILABLE,1608,PASS,0x00000020,3,202798,1034,218214071,1611,1608,4258716,807973,
1609,NOT_DURABLY_AVAILABLE,1609,PASS,0x00000020,3,202798,1035,218214072,1612,1609,4258716,807973,
1610,NOT_DURABLY_AVAILABLE,1610,PASS,0x00000020,3,202798,1036,218214073,1613,1610,4258716,807973,
1611,NOT_DURABLY_AVAILABLE,1611,PASS,0x00000020,3,202798,1037,218214074,1614,1611,4258716,807973,
1612,NOT_DURABLY_AVAILABLE,1612,PASS,0x00000020,3,202798,1038,218214075,1615,1612,4258716,807973,
1613,NOT_DURABLY_AVAILABLE,1613,PASS,0x00000020,3,202798,1039,218214076,1616,1613,4258716,807973,
1614,NOT_DURABLY_AVAILABLE,1614,PASS,0x00000020,3,202798,1040,218214077,1617,1614,4258716,807973,
1615,NOT_DURABLY_AVAILABLE,1615,PASS,0x00000020,3,202798,1041,218214078,1618,1615,4258716,807973,
1616,NOT_DURABLY_AVAILABLE,1616,PASS,0x00000020,3,202798,1042,218214079,1619,1616,4258716,807973,
1617,NOT_DURABLY_AVAILABLE,1617,PASS,0x00000020,3,202798,1043,218214080,1620,1617,4258716,807973,
1618,NOT_DURABLY_AVAILABLE,1618,PASS,0x00000020,3,202798,1044,218214081,1621,1618,4258716,807973,
1619,NOT_DURABLY_AVAILABLE,1619,PASS,0x00000020,3,202798,1045,218214082,1622,1619,4258716,807973,
1620,NOT_DURABLY_AVAILABLE,1620,PASS,0x00000020,3,202798,1046,218214083,1623,1620,4258716,807973,
1621,NOT_DURABLY_AVAILABLE,1621,PASS,0x00000020,3,202798,1047,218214084,1624,1621,4258716,807973,
1622,NOT_DURABLY_AVAILABLE,1622,PASS,0x00000020,3,202798,1048,218214085,1625,1622,4258716,807973,
1623,NOT_DURABLY_AVAILABLE,1623,PASS,0x00000020,3,202798,1049,218214086,1626,1623,4258716,807973,
1624,NOT_DURABLY_AVAILABLE,1624,PASS,0x00000020,3,202798,1050,218214087,1627,1624,4258716,807973,
1625,NOT_DURABLY_AVAILABLE,1625,PASS,0x00000020,3,202798,1051,218214088,1628,1625,4258716,807973,
1626,NOT_DURABLY_AVAILABLE,1626,PASS,0x00000020,3,202798,1052,218214089,1629,1626,4258716,807973,
1627,NOT_DURABLY_AVAILABLE,1627,PASS,0x00000020,3,202798,1053,218214090,1630,1627,4258716,807973,
1628,NOT_DURABLY_AVAILABLE,1628,PASS,0x00000020,3,202798,1054,218214091,1631,1628,4258716,807973,
1629,NOT_DURABLY_AVAILABLE,1629,PASS,0x00000020,3,202798,1055,218214092,1632,1629,4258716,807973,
1630,NOT_DURABLY_AVAILABLE,1630,PASS,0x00000020,3,202798,1056,218214093,1633,1630,4258716,807973,
1631,NOT_DURABLY_AVAILABLE,1631,PASS,0x00000020,3,202798,1057,218214094,1634,1631,4258716,807973,
1632,NOT_DURABLY_AVAILABLE,1632,PASS,0x00000020,3,202798,1058,218214095,1635,1632,4258716,807973,
1633,NOT_DURABLY_AVAILABLE,1633,PASS,0x00000020,3,202798,1059,218214096,1636,1633,4258716,807973,
1634,NOT_DURABLY_AVAILABLE,1634,PASS,0x00000020,3,202798,1060,218214097,1637,1634,4258716,807973,
1635,NOT_DURABLY_AVAILABLE,1635,PASS,0x00000020,3,202798,1061,218214098,1638,1635,4258716,807973,
1636,NOT_DURABLY_AVAILABLE,1636,PASS,0x00000020,3,202798,1062,218214099,1639,1636,4258716,807973,
1637,NOT_DURABLY_AVAILABLE,1637,PASS,0x00000020,3,202798,1063,218214100,1640,1637,4258716,807973,
1638,NOT_DURABLY_AVAILABLE,1638,PASS,0x00000020,3,202798,1064,218214101,1641,1638,4258716,807973,
1639,NOT_DURABLY_AVAILABLE,1639,PASS,0x00000020,3,202798,1065,218214102,1642,1639,4258716,807973,
1640,NOT_DURABLY_AVAILABLE,1640,PASS,0x00000020,3,202798,1066,218214103,1643,1640,4258716,807973,
1641,NOT_DURABLY_AVAILABLE,1641,PASS,0x00000020,3,202798,1067,218214104,1644,1641,4258716,807973,
1642,NOT_DURABLY_AVAILABLE,1642,PASS,0x00000020,3,202798,1068,218214105,1645,1642,4258716,807973,
1643,NOT_DURABLY_AVAILABLE,1643,PASS,0x00000020,3,202798,1069,218214106,1646,1643,4258716,807973,
1644,NOT_DURABLY_AVAILABLE,1644,PASS,0x00000020,3,202798,1070,218214107,1647,1644,4258716,807973,
1645,NOT_DURABLY_AVAILABLE,1645,PASS,0x00000020,3,202798,1071,218214108,1648,1645,4258716,807973,
1646,NOT_DURABLY_AVAILABLE,1646,PASS,0x00000020,3,202798,1072,218214109,1649,1646,4258716,807973,
1647,NOT_DURABLY_AVAILABLE,1647,PASS,0x00000020,3,202798,1073,218214110,1650,1647,4258716,807973,
1648,NOT_DURABLY_AVAILABLE,1648,PASS,0x00000020,3,202798,1074,218214111,1651,1648,4258716,807973,
1649,NOT_DURABLY_AVAILABLE,1649,PASS,0x00000020,3,202798,1075,218214112,1652,1649,4258716,807973,
1650,NOT_DURABLY_AVAILABLE,1650,PASS,0x00000020,3,202798,1076,218214113,1653,1650,4258716,807973,
1651,NOT_DURABLY_AVAILABLE,1651,PASS,0x00000020,3,202798,1077,218214114,1654,1651,4258716,807973,
1652,NOT_DURABLY_AVAILABLE,1652,PASS,0x00000020,3,202798,1078,218214115,1655,1652,4258716,807973,
1653,NOT_DURABLY_AVAILABLE,1653,PASS,0x00000020,3,202798,1079,218214116,1656,1653,4258716,807973,
1654,NOT_DURABLY_AVAILABLE,1654,PASS,0x00000034,3,202799,1,218214118,1658,1654,4258737,807974,
1655,NOT_DURABLY_AVAILABLE,1655,PASS,0x00000020,3,202799,2,218214119,1659,1655,4258737,807974,
1656,NOT_DURABLY_AVAILABLE,1656,PASS,0x00000020,3,202799,3,218214120,1660,1656,4258737,807974,
1657,NOT_DURABLY_AVAILABLE,1657,PASS,0x00000020,3,202799,4,218214121,1661,1657,4258737,807974,
1658,NOT_DURABLY_AVAILABLE,1658,PASS,0x00000020,3,202799,5,218214122,1662,1658,4258737,807974,
1659,NOT_DURABLY_AVAILABLE,1659,PASS,0x00000020,3,202799,6,218214123,1663,1659,4258737,807974,
1660,NOT_DURABLY_AVAILABLE,1660,PASS,0x00000020,3,202799,7,218214124,1664,1660,4258737,807974,
1661,NOT_DURABLY_AVAILABLE,1661,PASS,0x00000020,3,202799,8,218214125,1665,1661,4258737,807974,
1662,NOT_DURABLY_AVAILABLE,1662,PASS,0x00000020,3,202799,9,218214126,1666,1662,4258737,807974,
1663,NOT_DURABLY_AVAILABLE,1663,PASS,0x00000020,3,202799,10,218214127,1667,1663,4258737,807974,
1664,NOT_DURABLY_AVAILABLE,1664,PASS,0x00000020,3,202799,11,218214128,1668,1664,4258737,807974,
1665,NOT_DURABLY_AVAILABLE,1665,PASS,0x00000020,3,202799,12,218214129,1669,1665,4258737,807974,
1666,NOT_DURABLY_AVAILABLE,1666,PASS,0x00000020,3,202799,13,218214130,1670,1666,4258737,807974,
1667,NOT_DURABLY_AVAILABLE,1667,PASS,0x00000020,3,202799,14,218214131,1671,1667,4258737,807974,
1668,NOT_DURABLY_AVAILABLE,1668,PASS,0x00000020,3,202799,15,218214132,1672,1668,4258737,807974,
1669,NOT_DURABLY_AVAILABLE,1669,PASS,0x00000020,3,202799,16,218214133,1673,1669,4258737,807974,
1670,NOT_DURABLY_AVAILABLE,1670,PASS,0x00000020,3,202799,17,218214134,1674,1670,4258737,807974,
1671,NOT_DURABLY_AVAILABLE,1671,PASS,0x00000020,3,202799,18,218214135,1675,1671,4258737,807974,
1672,NOT_DURABLY_AVAILABLE,1672,PASS,0x00000020,3,202799,19,218214136,1676,1672,4258737,807974,
1673,NOT_DURABLY_AVAILABLE,1673,PASS,0x00000020,3,202799,20,218214137,1677,1673,4258737,807974,
1674,NOT_DURABLY_AVAILABLE,1674,PASS,0x00000020,3,202799,21,218214138,1678,1674,4258737,807974,
1675,NOT_DURABLY_AVAILABLE,1675,PASS,0x00000020,3,202799,22,218214139,1679,1675,4258737,807974,
1676,NOT_DURABLY_AVAILABLE,1676,PASS,0x00000020,3,202799,23,218214140,1680,1676,4258737,807974,
1677,NOT_DURABLY_AVAILABLE,1677,PASS,0x00000020,3,202799,24,218214141,1681,1677,4258737,807974,
1678,NOT_DURABLY_AVAILABLE,1678,PASS,0x00000020,3,202799,25,218214142,1682,1678,4258737,807974,
1679,NOT_DURABLY_AVAILABLE,1679,PASS,0x00000020,3,202799,26,218214143,1683,1679,4258737,807974,
1680,NOT_DURABLY_AVAILABLE,1680,PASS,0x00000020,3,202799,27,218214144,1684,1680,4258737,807974,
1681,NOT_DURABLY_AVAILABLE,1681,PASS,0x00000020,3,202799,28,218214145,1685,1681,4258737,807974,
1682,NOT_DURABLY_AVAILABLE,1682,PASS,0x00000020,3,202799,29,218214146,1686,1682,4258737,807974,
1683,NOT_DURABLY_AVAILABLE,1683,PASS,0x00000020,3,202799,30,218214147,1687,1683,4258737,807974,
1684,NOT_DURABLY_AVAILABLE,1684,PASS,0x00000020,3,202799,31,218214148,1688,1684,4258737,807974,
1685,NOT_DURABLY_AVAILABLE,1685,PASS,0x00000020,3,202799,32,218214149,1689,1685,4258737,807974,
1686,NOT_DURABLY_AVAILABLE,1686,PASS,0x00000020,3,202799,33,218214150,1690,1686,4258737,807974,
1687,NOT_DURABLY_AVAILABLE,1687,PASS,0x00000020,3,202799,34,218214151,1691,1687,4258737,807974,
1688,NOT_DURABLY_AVAILABLE,1688,PASS,0x00000020,3,202799,35,218214152,1692,1688,4258737,807974,
1689,NOT_DURABLY_AVAILABLE,1689,PASS,0x00000020,3,202799,36,218214153,1693,1689,4258737,807974,
1690,NOT_DURABLY_AVAILABLE,1690,PASS,0x00000020,3,202799,37,218214154,1694,1690,4258737,807974,
1691,NOT_DURABLY_AVAILABLE,1691,PASS,0x00000020,3,202799,38,218214155,1695,1691,4258737,807974,
1692,NOT_DURABLY_AVAILABLE,1692,PASS,0x00000020,3,202799,39,218214156,1696,1692,4258737,807974,
1693,NOT_DURABLY_AVAILABLE,1693,PASS,0x00000020,3,202799,40,218214157,1697,1693,4258737,807974,
1694,NOT_DURABLY_AVAILABLE,1694,PASS,0x00000020,3,202799,41,218214158,1698,1694,4258737,807974,
1695,NOT_DURABLY_AVAILABLE,1695,PASS,0x00000020,3,202799,42,218214159,1699,1695,4258737,807974,
1696,NOT_DURABLY_AVAILABLE,1696,PASS,0x00000020,3,202799,43,218214160,1700,1696,4258737,807974,
1697,NOT_DURABLY_AVAILABLE,1697,PASS,0x00000020,3,202799,44,218214161,1701,1697,4258737,807974,
1698,NOT_DURABLY_AVAILABLE,1698,PASS,0x00000020,3,202799,45,218214162,1702,1698,4258737,807974,
1699,NOT_DURABLY_AVAILABLE,1699,PASS,0x00000020,3,202799,46,218214163,1703,1699,4258737,807974,
1700,NOT_DURABLY_AVAILABLE,1700,PASS,0x00000020,3,202799,47,218214164,1704,1700,4258737,807974,
1701,NOT_DURABLY_AVAILABLE,1701,PASS,0x00000020,3,202799,48,218214165,1705,1701,4258737,807974,
1702,NOT_DURABLY_AVAILABLE,1702,PASS,0x00000020,3,202799,49,218214166,1706,1702,4258737,807974,
1703,NOT_DURABLY_AVAILABLE,1703,PASS,0x00000020,3,202799,50,218214167,1707,1703,4258737,807974,
1704,NOT_DURABLY_AVAILABLE,1704,PASS,0x00000020,3,202799,51,218214168,1708,1704,4258737,807974,
1705,NOT_DURABLY_AVAILABLE,1705,PASS,0x00000020,3,202799,52,218214169,1709,1705,4258737,807974,
1706,NOT_DURABLY_AVAILABLE,1706,PASS,0x00000020,3,202799,53,218214170,1710,1706,4258737,807974,
1707,NOT_DURABLY_AVAILABLE,1707,PASS,0x00000020,3,202799,54,218214171,1711,1707,4258737,807974,
1708,NOT_DURABLY_AVAILABLE,1708,PASS,0x00000020,3,202799,55,218214172,1712,1708,4258737,807974,
1709,NOT_DURABLY_AVAILABLE,1709,PASS,0x00000020,3,202799,56,218214173,1713,1709,4258737,807974,
1710,NOT_DURABLY_AVAILABLE,1710,PASS,0x00000020,3,202799,57,218214174,1714,1710,4258737,807974,
1711,NOT_DURABLY_AVAILABLE,1711,PASS,0x00000020,3,202799,58,218214175,1715,1711,4258737,807974,
1712,NOT_DURABLY_AVAILABLE,1712,PASS,0x00000020,3,202799,59,218214176,1716,1712,4258737,807974,
1713,NOT_DURABLY_AVAILABLE,1713,PASS,0x00000020,3,202799,60,218214177,1717,1713,4258737,807974,
1714,NOT_DURABLY_AVAILABLE,1714,PASS,0x00000020,3,202799,61,218214178,1718,1714,4258737,807974,
1715,NOT_DURABLY_AVAILABLE,1715,PASS,0x00000020,3,202799,62,218214179,1719,1715,4258737,807974,
1716,NOT_DURABLY_AVAILABLE,1716,PASS,0x00000020,3,202799,63,218214180,1720,1716,4258737,807974,
1717,NOT_DURABLY_AVAILABLE,1717,PASS,0x00000020,3,202799,64,218214181,1721,1717,4258737,807974,
1718,NOT_DURABLY_AVAILABLE,1718,PASS,0x00000020,3,202799,65,218214182,1722,1718,4258737,807974,
1719,NOT_DURABLY_AVAILABLE,1719,PASS,0x00000020,3,202799,66,218214183,1723,1719,4258737,807974,
1720,NOT_DURABLY_AVAILABLE,1720,PASS,0x00000020,3,202799,67,218214184,1724,1720,4258737,807974,
1721,NOT_DURABLY_AVAILABLE,1721,PASS,0x00000020,3,202799,68,218214185,1725,1721,4258737,807974,
1722,NOT_DURABLY_AVAILABLE,1722,PASS,0x00000020,3,202799,69,218214186,1726,1722,4258737,807974,
1723,NOT_DURABLY_AVAILABLE,1723,PASS,0x00000020,3,202799,70,218214187,1727,1723,4258737,807974,
1724,NOT_DURABLY_AVAILABLE,1724,PASS,0x00000020,3,202799,71,218214188,1728,1724,4258737,807974,
1725,NOT_DURABLY_AVAILABLE,1725,PASS,0x00000020,3,202799,72,218214189,1729,1725,4258737,807974,
1726,NOT_DURABLY_AVAILABLE,1726,PASS,0x00000020,3,202799,73,218214190,1730,1726,4258737,807974,
1727,NOT_DURABLY_AVAILABLE,1727,PASS,0x00000020,3,202799,74,218214191,1731,1727,4258737,807974,
1728,NOT_DURABLY_AVAILABLE,1728,PASS,0x00000020,3,202799,75,218214192,1732,1728,4258737,807974,
1729,NOT_DURABLY_AVAILABLE,1729,PASS,0x00000020,3,202799,76,218214193,1733,1729,4258737,807974,
1730,NOT_DURABLY_AVAILABLE,1730,PASS,0x00000020,3,202799,77,218214194,1734,1730,4258737,807974,
1731,NOT_DURABLY_AVAILABLE,1731,PASS,0x00000020,3,202799,78,218214195,1735,1731,4258737,807974,
1732,NOT_DURABLY_AVAILABLE,1732,PASS,0x00000020,3,202799,79,218214196,1736,1732,4258737,807974,
1733,NOT_DURABLY_AVAILABLE,1733,PASS,0x00000020,3,202799,80,218214197,1737,1733,4258737,807974,
1734,NOT_DURABLY_AVAILABLE,1734,PASS,0x00000020,3,202799,81,218214198,1738,1734,4258737,807974,
1735,NOT_DURABLY_AVAILABLE,1735,PASS,0x00000020,3,202799,82,218214199,1739,1735,4258737,807974,
1736,NOT_DURABLY_AVAILABLE,1736,PASS,0x00000020,3,202799,83,218214200,1740,1736,4258737,807974,
1737,NOT_DURABLY_AVAILABLE,1737,PASS,0x00000020,3,202799,84,218214201,1741,1737,4258737,807974,
1738,NOT_DURABLY_AVAILABLE,1738,PASS,0x00000020,3,202799,85,218214202,1742,1738,4258737,807974,
1739,NOT_DURABLY_AVAILABLE,1739,PASS,0x00000020,3,202799,86,218214203,1743,1739,4258737,807974,
1740,NOT_DURABLY_AVAILABLE,1740,PASS,0x00000020,3,202799,87,218214204,1744,1740,4258737,807974,
1741,NOT_DURABLY_AVAILABLE,1741,PASS,0x00000020,3,202799,88,218214205,1745,1741,4258737,807974,
1742,NOT_DURABLY_AVAILABLE,1742,PASS,0x00000020,3,202799,89,218214206,1746,1742,4258737,807974,
1743,NOT_DURABLY_AVAILABLE,1743,PASS,0x00000020,3,202799,90,218214207,1747,1743,4258737,807974,
1744,NOT_DURABLY_AVAILABLE,1744,PASS,0x00000020,3,202799,91,218214208,1748,1744,4258737,807974,
1745,NOT_DURABLY_AVAILABLE,1745,PASS,0x00000020,3,202799,92,218214209,1749,1745,4258737,807974,
1746,NOT_DURABLY_AVAILABLE,1746,PASS,0x00000020,3,202799,93,218214210,1750,1746,4258737,807974,
1747,NOT_DURABLY_AVAILABLE,1747,PASS,0x00000020,3,202799,94,218214211,1751,1747,4258737,807974,
1748,NOT_DURABLY_AVAILABLE,1748,PASS,0x00000020,3,202799,95,218214212,1752,1748,4258737,807974,
1749,NOT_DURABLY_AVAILABLE,1749,PASS,0x00000020,3,202799,96,218214213,1753,1749,4258737,807974,
1750,NOT_DURABLY_AVAILABLE,1750,PASS,0x00000020,3,202799,97,218214214,1754,1750,4258737,807974,
1751,NOT_DURABLY_AVAILABLE,1751,PASS,0x00000020,3,202799,98,218214215,1755,1751,4258737,807974,
1752,NOT_DURABLY_AVAILABLE,1752,PASS,0x00000020,3,202799,99,218214216,1756,1752,4258737,807974,
1753,NOT_DURABLY_AVAILABLE,1753,PASS,0x00000020,3,202799,100,218214217,1757,1753,4258737,807974,
1754,NOT_DURABLY_AVAILABLE,1754,PASS,0x00000020,3,202799,101,218214218,1758,1754,4258737,807974,
1755,NOT_DURABLY_AVAILABLE,1755,PASS,0x00000020,3,202799,102,218214219,1759,1755,4258737,807974,
1756,NOT_DURABLY_AVAILABLE,1756,PASS,0x00000020,3,202799,103,218214220,1760,1756,4258737,807974,
1757,NOT_DURABLY_AVAILABLE,1757,PASS,0x00000020,3,202799,104,218214221,1761,1757,4258737,807974,
1758,NOT_DURABLY_AVAILABLE,1758,PASS,0x00000020,3,202799,105,218214222,1762,1758,4258737,807974,
1759,NOT_DURABLY_AVAILABLE,1759,PASS,0x00000020,3,202799,106,218214223,1763,1759,4258737,807974,
1760,NOT_DURABLY_AVAILABLE,1760,PASS,0x00000020,3,202799,107,218214224,1764,1760,4258737,807974,
1761,NOT_DURABLY_AVAILABLE,1761,PASS,0x00000020,3,202799,108,218214225,1765,1761,4258737,807974,
1762,NOT_DURABLY_AVAILABLE,1762,PASS,0x00000020,3,202799,109,218214226,1766,1762,4258737,807974,
1763,NOT_DURABLY_AVAILABLE,1763,PASS,0x00000020,3,202799,110,218214227,1767,1763,4258737,807974,
1764,NOT_DURABLY_AVAILABLE,1764,PASS,0x00000020,3,202799,111,218214228,1768,1764,4258737,807974,
1765,NOT_DURABLY_AVAILABLE,1765,PASS,0x00000020,3,202799,112,218214229,1769,1765,4258737,807974,
1766,NOT_DURABLY_AVAILABLE,1766,PASS,0x00000020,3,202799,113,218214230,1770,1766,4258737,807974,
1767,NOT_DURABLY_AVAILABLE,1767,PASS,0x00000020,3,202799,114,218214231,1771,1767,4258737,807974,
1768,NOT_DURABLY_AVAILABLE,1768,PASS,0x00000020,3,202799,115,218214232,1772,1768,4258737,807974,
1769,NOT_DURABLY_AVAILABLE,1769,PASS,0x00000020,3,202799,116,218214233,1773,1769,4258737,807974,
1770,NOT_DURABLY_AVAILABLE,1770,PASS,0x00000020,3,202799,117,218214234,1774,1770,4258737,807974,
1771,NOT_DURABLY_AVAILABLE,1771,PASS,0x00000020,3,202799,118,218214235,1775,1771,4258737,807974,
1772,NOT_DURABLY_AVAILABLE,1772,PASS,0x00000020,3,202799,119,218214236,1776,1772,4258737,807974,
1773,NOT_DURABLY_AVAILABLE,1773,PASS,0x00000020,3,202799,120,218214237,1777,1773,4258737,807974,
1774,NOT_DURABLY_AVAILABLE,1774,PASS,0x00000020,3,202799,121,218214238,1778,1774,4258737,807974,
1775,NOT_DURABLY_AVAILABLE,1775,PASS,0x00000020,3,202799,122,218214239,1779,1775,4258737,807974,
1776,NOT_DURABLY_AVAILABLE,1776,PASS,0x00000020,3,202799,123,218214240,1780,1776,4258737,807974,
1777,NOT_DURABLY_AVAILABLE,1777,PASS,0x00000020,3,202799,124,218214241,1781,1777,4258737,807974,
1778,NOT_DURABLY_AVAILABLE,1778,PASS,0x00000020,3,202799,125,218214242,1782,1778,4258737,807974,
1779,NOT_DURABLY_AVAILABLE,1779,PASS,0x00000020,3,202799,126,218214243,1783,1779,4258737,807974,
1780,NOT_DURABLY_AVAILABLE,1780,PASS,0x00000020,3,202799,127,218214244,1784,1780,4258737,807974,
1781,NOT_DURABLY_AVAILABLE,1781,PASS,0x00000020,3,202799,128,218214245,1785,1781,4258737,807974,
1782,NOT_DURABLY_AVAILABLE,1782,PASS,0x00000020,3,202799,129,218214246,1786,1782,4258737,807974,
1783,NOT_DURABLY_AVAILABLE,1783,PASS,0x00000020,3,202799,130,218214247,1787,1783,4258737,807974,
1784,NOT_DURABLY_AVAILABLE,1784,PASS,0x00000020,3,202799,131,218214248,1788,1784,4258737,807974,
1785,NOT_DURABLY_AVAILABLE,1785,PASS,0x00000020,3,202799,132,218214249,1789,1785,4258737,807974,
1786,NOT_DURABLY_AVAILABLE,1786,PASS,0x00000020,3,202799,133,218214250,1790,1786,4258737,807974,
1787,NOT_DURABLY_AVAILABLE,1787,PASS,0x00000020,3,202799,134,218214251,1791,1787,4258737,807974,
1788,NOT_DURABLY_AVAILABLE,1788,PASS,0x00000020,3,202799,135,218214252,1792,1788,4258737,807974,
1789,NOT_DURABLY_AVAILABLE,1789,PASS,0x00000020,3,202799,136,218214253,1793,1789,4258737,807974,
1790,NOT_DURABLY_AVAILABLE,1790,PASS,0x00000020,3,202799,137,218214254,1794,1790,4258737,807974,
1791,NOT_DURABLY_AVAILABLE,1791,PASS,0x00000020,3,202799,138,218214255,1795,1791,4258737,807974,
1792,NOT_DURABLY_AVAILABLE,1792,PASS,0x00000020,3,202799,139,218214256,1796,1792,4258737,807974,
1793,NOT_DURABLY_AVAILABLE,1793,PASS,0x00000020,3,202799,140,218214257,1797,1793,4258737,807974,
1794,NOT_DURABLY_AVAILABLE,1794,PASS,0x00000020,3,202799,141,218214258,1798,1794,4258737,807974,
1795,NOT_DURABLY_AVAILABLE,1795,PASS,0x00000020,3,202799,142,218214259,1799,1795,4258737,807974,
1796,NOT_DURABLY_AVAILABLE,1796,PASS,0x00000020,3,202799,143,218214260,1800,1796,4258737,807974,
1797,NOT_DURABLY_AVAILABLE,1797,PASS,0x00000020,3,202799,144,218214261,1801,1797,4258737,807974,
1798,NOT_DURABLY_AVAILABLE,1798,PASS,0x00000020,3,202799,145,218214262,1802,1798,4258737,807974,
1799,NOT_DURABLY_AVAILABLE,1799,PASS,0x00000020,3,202799,146,218214263,1803,1799,4258737,807974,
1800,NOT_DURABLY_AVAILABLE,1800,PASS,0x00000020,3,202799,147,218214264,1804,1800,4258737,807974,
1801,NOT_DURABLY_AVAILABLE,1801,PASS,0x00000020,3,202799,148,218214265,1805,1801,4258737,807974,
1802,NOT_DURABLY_AVAILABLE,1802,PASS,0x00000020,3,202799,149,218214266,1806,1802,4258737,807974,
1803,NOT_DURABLY_AVAILABLE,1803,PASS,0x00000020,3,202799,150,218214267,1807,1803,4258737,807974,
1804,NOT_DURABLY_AVAILABLE,1804,PASS,0x00000020,3,202799,151,218214268,1808,1804,4258737,807974,
1805,NOT_DURABLY_AVAILABLE,1805,PASS,0x00000020,3,202799,152,218214269,1809,1805,4258737,807974,
1806,NOT_DURABLY_AVAILABLE,1806,PASS,0x00000020,3,202799,153,218214270,1810,1806,4258737,807974,
1807,NOT_DURABLY_AVAILABLE,1807,PASS,0x00000020,3,202799,154,218214271,1811,1807,4258737,807974,
1808,NOT_DURABLY_AVAILABLE,1808,PASS,0x00000020,3,202799,155,218214272,1812,1808,4258737,807974,
1809,NOT_DURABLY_AVAILABLE,1809,PASS,0x00000020,3,202799,156,218214273,1813,1809,4258737,807974,
1810,NOT_DURABLY_AVAILABLE,1810,PASS,0x00000020,3,202799,157,218214274,1814,1810,4258737,807974,
1811,NOT_DURABLY_AVAILABLE,1811,PASS,0x00000020,3,202799,158,218214275,1815,1811,4258737,807974,
1812,NOT_DURABLY_AVAILABLE,1812,PASS,0x00000020,3,202799,159,218214276,1816,1812,4258737,807974,
1813,NOT_DURABLY_AVAILABLE,1813,PASS,0x00000020,3,202799,160,218214277,1817,1813,4258737,807974,
1814,NOT_DURABLY_AVAILABLE,1814,PASS,0x00000020,3,202799,161,218214278,1818,1814,4258737,807974,
1815,NOT_DURABLY_AVAILABLE,1815,PASS,0x00000020,3,202799,162,218214279,1819,1815,4258737,807974,
1816,NOT_DURABLY_AVAILABLE,1816,PASS,0x00000020,3,202799,163,218214280,1820,1816,4258737,807974,
1817,NOT_DURABLY_AVAILABLE,1817,PASS,0x00000020,3,202799,164,218214281,1821,1817,4258737,807974,
1818,NOT_DURABLY_AVAILABLE,1818,PASS,0x00000020,3,202799,165,218214282,1822,1818,4258737,807974,
1819,NOT_DURABLY_AVAILABLE,1819,PASS,0x00000020,3,202799,166,218214283,1823,1819,4258737,807974,
1820,NOT_DURABLY_AVAILABLE,1820,PASS,0x00000020,3,202799,167,218214284,1824,1820,4258737,807974,
1821,NOT_DURABLY_AVAILABLE,1821,PASS,0x00000020,3,202799,168,218214285,1825,1821,4258737,807974,
1822,NOT_DURABLY_AVAILABLE,1822,PASS,0x00000020,3,202799,169,218214286,1826,1822,4258737,807974,
1823,NOT_DURABLY_AVAILABLE,1823,PASS,0x00000020,3,202799,170,218214287,1827,1823,4258737,807974,
1824,NOT_DURABLY_AVAILABLE,1824,PASS,0x00000020,3,202799,171,218214288,1828,1824,4258737,807974,
1825,NOT_DURABLY_AVAILABLE,1825,PASS,0x00000020,3,202799,172,218214289,1829,1825,4258737,807974,
1826,NOT_DURABLY_AVAILABLE,1826,PASS,0x00000020,3,202799,173,218214290,1830,1826,4258737,807974,
1827,NOT_DURABLY_AVAILABLE,1827,PASS,0x00000020,3,202799,174,218214291,1831,1827,4258737,807974,
1828,NOT_DURABLY_AVAILABLE,1828,PASS,0x00000020,3,202799,175,218214292,1832,1828,4258737,807974,
1829,NOT_DURABLY_AVAILABLE,1829,PASS,0x00000020,3,202799,176,218214293,1833,1829,4258737,807974,
1830,NOT_DURABLY_AVAILABLE,1830,PASS,0x00000020,3,202799,177,218214294,1834,1830,4258737,807974,
1831,NOT_DURABLY_AVAILABLE,1831,PASS,0x00000020,3,202799,178,218214295,1835,1831,4258737,807974,
1832,NOT_DURABLY_AVAILABLE,1832,PASS,0x00000020,3,202799,179,218214296,1836,1832,4258737,807974,
1833,NOT_DURABLY_AVAILABLE,1833,PASS,0x00000020,3,202799,180,218214297,1837,1833,4258737,807974,
1834,NOT_DURABLY_AVAILABLE,1834,PASS,0x00000020,3,202799,181,218214298,1838,1834,4258737,807974,
1835,NOT_DURABLY_AVAILABLE,1835,PASS,0x00000020,3,202799,182,218214299,1839,1835,4258737,807974,
1836,NOT_DURABLY_AVAILABLE,1836,PASS,0x00000020,3,202799,183,218214300,1840,1836,4258737,807974,
1837,NOT_DURABLY_AVAILABLE,1837,PASS,0x00000020,3,202799,184,218214301,1841,1837,4258737,807974,
1838,NOT_DURABLY_AVAILABLE,1838,PASS,0x00000020,3,202799,185,218214302,1842,1838,4258737,807974,
1839,NOT_DURABLY_AVAILABLE,1839,PASS,0x00000020,3,202799,186,218214303,1843,1839,4258737,807974,
1840,NOT_DURABLY_AVAILABLE,1840,PASS,0x00000020,3,202799,187,218214304,1844,1840,4258737,807974,
1841,NOT_DURABLY_AVAILABLE,1841,PASS,0x00000020,3,202799,188,218214305,1845,1841,4258737,807974,
1842,NOT_DURABLY_AVAILABLE,1842,PASS,0x00000020,3,202799,189,218214306,1846,1842,4258737,807974,
1843,NOT_DURABLY_AVAILABLE,1843,PASS,0x00000020,3,202799,190,218214307,1847,1843,4258737,807974,
1844,NOT_DURABLY_AVAILABLE,1844,PASS,0x00000020,3,202799,191,218214308,1848,1844,4258737,807974,
1845,NOT_DURABLY_AVAILABLE,1845,PASS,0x00000020,3,202799,192,218214309,1849,1845,4258737,807974,
1846,NOT_DURABLY_AVAILABLE,1846,PASS,0x00000020,3,202799,193,218214310,1850,1846,4258737,807974,
1847,NOT_DURABLY_AVAILABLE,1847,PASS,0x00000020,3,202799,194,218214311,1851,1847,4258737,807974,
1848,NOT_DURABLY_AVAILABLE,1848,PASS,0x00000020,3,202799,195,218214312,1852,1848,4258737,807974,
1849,NOT_DURABLY_AVAILABLE,1849,PASS,0x00000020,3,202799,196,218214313,1853,1849,4258737,807974,
1850,NOT_DURABLY_AVAILABLE,1850,PASS,0x00000020,3,202799,197,218214314,1854,1850,4258737,807974,
1851,NOT_DURABLY_AVAILABLE,1851,PASS,0x00000020,3,202799,198,218214315,1855,1851,4258737,807974,
1852,NOT_DURABLY_AVAILABLE,1852,PASS,0x00000020,3,202799,199,218214316,1856,1852,4258737,807974,
1853,NOT_DURABLY_AVAILABLE,1853,PASS,0x00000020,3,202799,200,218214317,1857,1853,4258737,807974,
1854,NOT_DURABLY_AVAILABLE,1854,PASS,0x00000020,3,202799,201,218214318,1858,1854,4258737,807974,
1855,NOT_DURABLY_AVAILABLE,1855,PASS,0x00000020,3,202799,202,218214319,1859,1855,4258737,807974,
1856,NOT_DURABLY_AVAILABLE,1856,PASS,0x00000020,3,202799,203,218214320,1860,1856,4258737,807974,
1857,NOT_DURABLY_AVAILABLE,1857,PASS,0x00000020,3,202799,204,218214321,1861,1857,4258737,807974,
1858,NOT_DURABLY_AVAILABLE,1858,PASS,0x00000020,3,202799,205,218214322,1862,1858,4258737,807974,
1859,NOT_DURABLY_AVAILABLE,1859,PASS,0x00000020,3,202799,206,218214323,1863,1859,4258737,807974,
1860,NOT_DURABLY_AVAILABLE,1860,PASS,0x00000020,3,202799,207,218214324,1864,1860,4258737,807974,
1861,NOT_DURABLY_AVAILABLE,1861,PASS,0x00000020,3,202799,208,218214325,1865,1861,4258737,807974,
1862,NOT_DURABLY_AVAILABLE,1862,PASS,0x00000020,3,202799,209,218214326,1866,1862,4258737,807974,
1863,NOT_DURABLY_AVAILABLE,1863,PASS,0x00000020,3,202799,210,218214327,1867,1863,4258737,807974,
1864,NOT_DURABLY_AVAILABLE,1864,PASS,0x00000020,3,202799,211,218214328,1868,1864,4258737,807974,
1865,NOT_DURABLY_AVAILABLE,1865,PASS,0x00000020,3,202799,212,218214329,1869,1865,4258737,807974,
1866,NOT_DURABLY_AVAILABLE,1866,PASS,0x00000020,3,202799,213,218214330,1870,1866,4258737,807974,
1867,NOT_DURABLY_AVAILABLE,1867,PASS,0x00000020,3,202799,214,218214331,1871,1867,4258737,807974,
1868,NOT_DURABLY_AVAILABLE,1868,PASS,0x00000020,3,202799,215,218214332,1872,1868,4258737,807974,
1869,NOT_DURABLY_AVAILABLE,1869,PASS,0x00000020,3,202799,216,218214333,1873,1869,4258737,807974,
1870,NOT_DURABLY_AVAILABLE,1870,PASS,0x00000020,3,202799,217,218214334,1874,1870,4258737,807974,
1871,NOT_DURABLY_AVAILABLE,1871,PASS,0x00000020,3,202799,218,218214335,1875,1871,4258737,807974,
1872,NOT_DURABLY_AVAILABLE,1872,PASS,0x00000020,3,202799,219,218214336,1876,1872,4258737,807974,
1873,NOT_DURABLY_AVAILABLE,1873,PASS,0x00000020,3,202799,220,218214337,1877,1873,4258737,807974,
1874,NOT_DURABLY_AVAILABLE,1874,PASS,0x00000020,3,202799,221,218214338,1878,1874,4258737,807974,
1875,NOT_DURABLY_AVAILABLE,1875,PASS,0x00000020,3,202799,222,218214339,1879,1875,4258737,807974,
1876,NOT_DURABLY_AVAILABLE,1876,PASS,0x00000020,3,202799,223,218214340,1880,1876,4258737,807974,
1877,NOT_DURABLY_AVAILABLE,1877,PASS,0x00000020,3,202799,224,218214341,1881,1877,4258737,807974,
1878,NOT_DURABLY_AVAILABLE,1878,PASS,0x00000020,3,202799,225,218214342,1882,1878,4258737,807974,
1879,NOT_DURABLY_AVAILABLE,1879,PASS,0x00000020,3,202799,226,218214343,1883,1879,4258737,807974,
1880,NOT_DURABLY_AVAILABLE,1880,PASS,0x00000020,3,202799,227,218214344,1884,1880,4258737,807974,
1881,NOT_DURABLY_AVAILABLE,1881,PASS,0x00000020,3,202799,228,218214345,1885,1881,4258737,807974,
1882,NOT_DURABLY_AVAILABLE,1882,PASS,0x00000020,3,202799,229,218214346,1886,1882,4258737,807974,
1883,NOT_DURABLY_AVAILABLE,1883,PASS,0x00000020,3,202799,230,218214347,1887,1883,4258737,807974,
1884,NOT_DURABLY_AVAILABLE,1884,PASS,0x00000020,3,202799,231,218214348,1888,1884,4258737,807974,
1885,NOT_DURABLY_AVAILABLE,1885,PASS,0x00000020,3,202799,232,218214349,1889,1885,4258737,807974,
1886,NOT_DURABLY_AVAILABLE,1886,PASS,0x00000020,3,202799,233,218214350,1890,1886,4258737,807974,
1887,NOT_DURABLY_AVAILABLE,1887,PASS,0x00000020,3,202799,234,218214351,1891,1887,4258737,807974,
1888,NOT_DURABLY_AVAILABLE,1888,PASS,0x00000020,3,202799,235,218214352,1892,1888,4258737,807974,
1889,NOT_DURABLY_AVAILABLE,1889,PASS,0x00000020,3,202799,236,218214353,1893,1889,4258737,807974,
1890,NOT_DURABLY_AVAILABLE,1890,PASS,0x00000020,3,202799,237,218214354,1894,1890,4258737,807974,
1891,NOT_DURABLY_AVAILABLE,1891,PASS,0x00000020,3,202799,238,218214355,1895,1891,4258737,807974,
1892,NOT_DURABLY_AVAILABLE,1892,PASS,0x00000020,3,202799,239,218214356,1896,1892,4258737,807974,
1893,NOT_DURABLY_AVAILABLE,1893,PASS,0x00000020,3,202799,240,218214357,1897,1893,4258737,807974,
1894,NOT_DURABLY_AVAILABLE,1894,PASS,0x00000020,3,202799,241,218214358,1898,1894,4258737,807974,
1895,NOT_DURABLY_AVAILABLE,1895,PASS,0x00000020,3,202799,242,218214359,1899,1895,4258737,807974,
1896,NOT_DURABLY_AVAILABLE,1896,PASS,0x00000020,3,202799,243,218214360,1900,1896,4258737,807974,
1897,NOT_DURABLY_AVAILABLE,1897,PASS,0x00000020,3,202799,244,218214361,1901,1897,4258737,807974,
1898,NOT_DURABLY_AVAILABLE,1898,PASS,0x00000020,3,202799,245,218214362,1902,1898,4258737,807974,
1899,NOT_DURABLY_AVAILABLE,1899,PASS,0x00000020,3,202799,246,218214363,1903,1899,4258737,807974,
1900,NOT_DURABLY_AVAILABLE,1900,PASS,0x00000020,3,202799,247,218214364,1904,1900,4258737,807974,
1901,NOT_DURABLY_AVAILABLE,1901,PASS,0x00000020,3,202799,248,218214365,1905,1901,4258737,807974,
1902,NOT_DURABLY_AVAILABLE,1902,PASS,0x00000020,3,202799,249,218214366,1906,1902,4258737,807974,
1903,NOT_DURABLY_AVAILABLE,1903,PASS,0x00000020,3,202799,250,218214367,1907,1903,4258737,807974,
1904,NOT_DURABLY_AVAILABLE,1904,PASS,0x00000020,3,202799,251,218214368,1908,1904,4258737,807974,
1905,NOT_DURABLY_AVAILABLE,1905,PASS,0x00000020,3,202799,252,218214369,1909,1905,4258737,807974,
1906,NOT_DURABLY_AVAILABLE,1906,PASS,0x00000020,3,202799,253,218214370,1910,1906,4258737,807974,
1907,NOT_DURABLY_AVAILABLE,1907,PASS,0x00000020,3,202799,254,218214371,1911,1907,4258737,807974,
1908,NOT_DURABLY_AVAILABLE,1908,PASS,0x00000020,3,202799,255,218214372,1912,1908,4258737,807974,
1909,NOT_DURABLY_AVAILABLE,1909,PASS,0x00000020,3,202799,256,218214373,1913,1909,4258737,807974,
1910,NOT_DURABLY_AVAILABLE,1910,PASS,0x00000020,3,202799,257,218214374,1914,1910,4258737,807974,
1911,NOT_DURABLY_AVAILABLE,1911,PASS,0x00000020,3,202799,258,218214375,1915,1911,4258737,807974,
1912,NOT_DURABLY_AVAILABLE,1912,PASS,0x00000020,3,202799,259,218214376,1916,1912,4258737,807974,
1913,NOT_DURABLY_AVAILABLE,1913,PASS,0x00000020,3,202799,260,218214377,1917,1913,4258737,807974,
1914,NOT_DURABLY_AVAILABLE,1914,PASS,0x00000020,3,202799,261,218214378,1918,1914,4258737,807974,
1915,NOT_DURABLY_AVAILABLE,1915,PASS,0x00000020,3,202799,262,218214379,1919,1915,4258737,807974,
1916,NOT_DURABLY_AVAILABLE,1916,PASS,0x00000020,3,202799,263,218214380,1920,1916,4258737,807974,
1917,NOT_DURABLY_AVAILABLE,1917,PASS,0x00000020,3,202799,264,218214381,1921,1917,4258737,807974,
1918,NOT_DURABLY_AVAILABLE,1918,PASS,0x00000020,3,202799,265,218214382,1922,1918,4258737,807974,
1919,NOT_DURABLY_AVAILABLE,1919,PASS,0x00000020,3,202799,266,218214383,1923,1919,4258737,807974,
1920,NOT_DURABLY_AVAILABLE,1920,PASS,0x00000020,3,202799,267,218214384,1924,1920,4258737,807974,
1921,NOT_DURABLY_AVAILABLE,1921,PASS,0x00000020,3,202799,268,218214385,1925,1921,4258737,807974,
1922,NOT_DURABLY_AVAILABLE,1922,PASS,0x00000020,3,202799,269,218214386,1926,1922,4258737,807974,
1923,NOT_DURABLY_AVAILABLE,1923,PASS,0x00000020,3,202799,270,218214387,1927,1923,4258737,807974,
1924,NOT_DURABLY_AVAILABLE,1924,PASS,0x00000020,3,202799,271,218214388,1928,1924,4258737,807974,
1925,NOT_DURABLY_AVAILABLE,1925,PASS,0x00000020,3,202799,272,218214389,1929,1925,4258737,807974,
1926,NOT_DURABLY_AVAILABLE,1926,PASS,0x00000020,3,202799,273,218214390,1930,1926,4258737,807974,
1927,NOT_DURABLY_AVAILABLE,1927,PASS,0x00000020,3,202799,274,218214391,1931,1927,4258737,807974,
1928,NOT_DURABLY_AVAILABLE,1928,PASS,0x00000020,3,202799,275,218214392,1932,1928,4258737,807974,
1929,NOT_DURABLY_AVAILABLE,1929,PASS,0x00000020,3,202799,276,218214393,1933,1929,4258737,807974,
1930,NOT_DURABLY_AVAILABLE,1930,PASS,0x00000020,3,202799,277,218214394,1934,1930,4258737,807974,
1931,NOT_DURABLY_AVAILABLE,1931,PASS,0x00000020,3,202799,278,218214395,1935,1931,4258737,807974,
1932,NOT_DURABLY_AVAILABLE,1932,PASS,0x00000020,3,202799,279,218214396,1936,1932,4258737,807974,
1933,NOT_DURABLY_AVAILABLE,1933,PASS,0x00000020,3,202799,280,218214397,1937,1933,4258737,807974,
1934,NOT_DURABLY_AVAILABLE,1934,PASS,0x00000020,3,202799,281,218214398,1938,1934,4258737,807974,
1935,NOT_DURABLY_AVAILABLE,1935,PASS,0x00000020,3,202799,282,218214399,1939,1935,4258737,807974,
1936,NOT_DURABLY_AVAILABLE,1936,PASS,0x00000020,3,202799,283,218214400,1940,1936,4258737,807974,
1937,NOT_DURABLY_AVAILABLE,1937,PASS,0x00000020,3,202799,284,218214401,1941,1937,4258737,807974,
1938,NOT_DURABLY_AVAILABLE,1938,PASS,0x00000020,3,202799,285,218214402,1942,1938,4258737,807974,
1939,NOT_DURABLY_AVAILABLE,1939,PASS,0x00000020,3,202799,286,218214403,1943,1939,4258737,807974,
1940,NOT_DURABLY_AVAILABLE,1940,PASS,0x00000020,3,202799,287,218214404,1944,1940,4258737,807974,
1941,NOT_DURABLY_AVAILABLE,1941,PASS,0x00000020,3,202799,288,218214405,1945,1941,4258737,807974,
1942,NOT_DURABLY_AVAILABLE,1942,PASS,0x00000020,3,202799,289,218214406,1946,1942,4258737,807974,
1943,NOT_DURABLY_AVAILABLE,1943,PASS,0x00000020,3,202799,290,218214407,1947,1943,4258737,807974,
1944,NOT_DURABLY_AVAILABLE,1944,PASS,0x00000020,3,202799,291,218214408,1948,1944,4258737,807974,
1945,NOT_DURABLY_AVAILABLE,1945,PASS,0x00000020,3,202799,292,218214409,1949,1945,4258737,807974,
1946,NOT_DURABLY_AVAILABLE,1946,PASS,0x00000020,3,202799,293,218214410,1950,1946,4258737,807974,
1947,NOT_DURABLY_AVAILABLE,1947,PASS,0x00000020,3,202799,294,218214411,1951,1947,4258737,807974,
1948,NOT_DURABLY_AVAILABLE,1948,PASS,0x00000020,3,202799,295,218214412,1952,1948,4258737,807974,
1949,NOT_DURABLY_AVAILABLE,1949,PASS,0x00000020,3,202799,296,218214413,1953,1949,4258737,807974,
1950,NOT_DURABLY_AVAILABLE,1950,PASS,0x00000020,3,202799,297,218214414,1954,1950,4258737,807974,
1951,NOT_DURABLY_AVAILABLE,1951,PASS,0x00000020,3,202799,298,218214415,1955,1951,4258737,807974,
1952,NOT_DURABLY_AVAILABLE,1952,PASS,0x00000020,3,202799,299,218214416,1956,1952,4258737,807974,
1953,NOT_DURABLY_AVAILABLE,1953,PASS,0x00000020,3,202799,300,218214417,1957,1953,4258737,807974,
1954,NOT_DURABLY_AVAILABLE,1954,PASS,0x00000020,3,202799,301,218214418,1958,1954,4258737,807974,
1955,NOT_DURABLY_AVAILABLE,1955,PASS,0x00000020,3,202799,302,218214419,1959,1955,4258737,807974,
1956,NOT_DURABLY_AVAILABLE,1956,PASS,0x00000020,3,202799,303,218214420,1960,1956,4258737,807974,
1957,NOT_DURABLY_AVAILABLE,1957,PASS,0x00000020,3,202799,304,218214421,1961,1957,4258737,807974,
1958,NOT_DURABLY_AVAILABLE,1958,PASS,0x00000020,3,202799,305,218214422,1962,1958,4258737,807974,
1959,NOT_DURABLY_AVAILABLE,1959,PASS,0x00000020,3,202799,306,218214423,1963,1959,4258737,807974,
1960,NOT_DURABLY_AVAILABLE,1960,PASS,0x00000020,3,202799,307,218214424,1964,1960,4258737,807974,
1961,NOT_DURABLY_AVAILABLE,1961,PASS,0x00000020,3,202799,308,218214425,1965,1961,4258737,807974,
1962,NOT_DURABLY_AVAILABLE,1962,PASS,0x00000020,3,202799,309,218214426,1966,1962,4258737,807974,
1963,NOT_DURABLY_AVAILABLE,1963,PASS,0x00000020,3,202799,310,218214427,1967,1963,4258737,807974,
1964,NOT_DURABLY_AVAILABLE,1964,PASS,0x00000020,3,202799,311,218214428,1968,1964,4258737,807974,
1965,NOT_DURABLY_AVAILABLE,1965,PASS,0x00000020,3,202799,312,218214429,1969,1965,4258737,807974,
1966,NOT_DURABLY_AVAILABLE,1966,PASS,0x00000020,3,202799,313,218214430,1970,1966,4258737,807974,
1967,NOT_DURABLY_AVAILABLE,1967,PASS,0x00000020,3,202799,314,218214431,1971,1967,4258737,807974,
1968,NOT_DURABLY_AVAILABLE,1968,PASS,0x00000020,3,202799,315,218214432,1972,1968,4258737,807974,
1969,NOT_DURABLY_AVAILABLE,1969,PASS,0x00000020,3,202799,316,218214433,1973,1969,4258737,807974,
1970,NOT_DURABLY_AVAILABLE,1970,PASS,0x00000020,3,202799,317,218214434,1974,1970,4258737,807974,
1971,NOT_DURABLY_AVAILABLE,1971,PASS,0x00000020,3,202799,318,218214435,1975,1971,4258737,807974,
1972,NOT_DURABLY_AVAILABLE,1972,PASS,0x00000020,3,202799,319,218214436,1976,1972,4258737,807974,
1973,NOT_DURABLY_AVAILABLE,1973,PASS,0x00000020,3,202799,320,218214437,1977,1973,4258737,807974,
1974,NOT_DURABLY_AVAILABLE,1974,PASS,0x00000020,3,202799,321,218214438,1978,1974,4258737,807974,
1975,NOT_DURABLY_AVAILABLE,1975,PASS,0x00000020,3,202799,322,218214439,1979,1975,4258737,807974,
1976,NOT_DURABLY_AVAILABLE,1976,PASS,0x00000020,3,202799,323,218214440,1980,1976,4258737,807974,
1977,NOT_DURABLY_AVAILABLE,1977,PASS,0x00000020,3,202799,324,218214441,1981,1977,4258737,807974,
1978,NOT_DURABLY_AVAILABLE,1978,PASS,0x00000020,3,202799,325,218214442,1982,1978,4258737,807974,
1979,NOT_DURABLY_AVAILABLE,1979,PASS,0x00000020,3,202799,326,218214443,1983,1979,4258737,807974,
1980,NOT_DURABLY_AVAILABLE,1980,PASS,0x00000020,3,202799,327,218214444,1984,1980,4258737,807974,
1981,NOT_DURABLY_AVAILABLE,1981,PASS,0x00000020,3,202799,328,218214445,1985,1981,4258737,807974,
1982,NOT_DURABLY_AVAILABLE,1982,PASS,0x00000020,3,202799,329,218214446,1986,1982,4258737,807974,
1983,NOT_DURABLY_AVAILABLE,1983,PASS,0x00000020,3,202799,330,218214447,1987,1983,4258737,807974,
1984,NOT_DURABLY_AVAILABLE,1984,PASS,0x00000020,3,202799,331,218214448,1988,1984,4258737,807974,
1985,NOT_DURABLY_AVAILABLE,1985,PASS,0x00000020,3,202799,332,218214449,1989,1985,4258737,807974,
1986,NOT_DURABLY_AVAILABLE,1986,PASS,0x00000020,3,202799,333,218214450,1990,1986,4258737,807974,
1987,NOT_DURABLY_AVAILABLE,1987,PASS,0x00000020,3,202799,334,218214451,1991,1987,4258737,807974,
1988,NOT_DURABLY_AVAILABLE,1988,PASS,0x00000020,3,202799,335,218214452,1992,1988,4258737,807974,
1989,NOT_DURABLY_AVAILABLE,1989,PASS,0x00000020,3,202799,336,218214453,1993,1989,4258737,807974,
1990,NOT_DURABLY_AVAILABLE,1990,PASS,0x00000020,3,202799,337,218214454,1994,1990,4258737,807974,
1991,NOT_DURABLY_AVAILABLE,1991,PASS,0x00000020,3,202799,338,218214455,1995,1991,4258737,807974,
1992,NOT_DURABLY_AVAILABLE,1992,PASS,0x00000020,3,202799,339,218214456,1996,1992,4258737,807974,
1993,NOT_DURABLY_AVAILABLE,1993,PASS,0x00000020,3,202799,340,218214457,1997,1993,4258737,807974,
1994,NOT_DURABLY_AVAILABLE,1994,PASS,0x00000020,3,202799,341,218214458,1998,1994,4258737,807974,
1995,NOT_DURABLY_AVAILABLE,1995,PASS,0x00000020,3,202799,342,218214459,1999,1995,4258737,807974,
1996,NOT_DURABLY_AVAILABLE,1996,PASS,0x00000020,3,202799,343,218214460,2000,1996,4258737,807974,
1997,NOT_DURABLY_AVAILABLE,1997,PASS,0x00000020,3,202799,344,218214461,2001,1997,4258737,807974,
1998,NOT_DURABLY_AVAILABLE,1998,PASS,0x00000020,3,202799,345,218214462,2002,1998,4258737,807974,
1999,NOT_DURABLY_AVAILABLE,1999,PASS,0x00000020,3,202799,346,218214463,2003,1999,4258737,807974,
2000,NOT_DURABLY_AVAILABLE,2000,PASS,0x00000020,3,202799,347,218214464,2004,2000,4258737,807974,
2001,NOT_DURABLY_AVAILABLE,2001,PASS,0x00000020,3,202799,348,218214465,2005,2001,4258737,807974,
2002,NOT_DURABLY_AVAILABLE,2002,PASS,0x00000020,3,202799,349,218214466,2006,2002,4258737,807974,
2003,NOT_DURABLY_AVAILABLE,2003,PASS,0x00000020,3,202799,350,218214467,2007,2003,4258737,807974,
2004,NOT_DURABLY_AVAILABLE,2004,PASS,0x00000020,3,202799,351,218214468,2008,2004,4258737,807974,
2005,NOT_DURABLY_AVAILABLE,2005,PASS,0x00000020,3,202799,352,218214469,2009,2005,4258737,807974,
2006,NOT_DURABLY_AVAILABLE,2006,PASS,0x00000020,3,202799,353,218214470,2010,2006,4258737,807974,
2007,NOT_DURABLY_AVAILABLE,2007,PASS,0x00000020,3,202799,354,218214471,2011,2007,4258737,807974,
2008,NOT_DURABLY_AVAILABLE,2008,PASS,0x00000020,3,202799,355,218214472,2012,2008,4258737,807974,
2009,NOT_DURABLY_AVAILABLE,2009,PASS,0x00000020,3,202799,356,218214473,2013,2009,4258737,807974,
2010,NOT_DURABLY_AVAILABLE,2010,PASS,0x00000020,3,202799,357,218214474,2014,2010,4258737,807974,
2011,NOT_DURABLY_AVAILABLE,2011,PASS,0x00000020,3,202799,358,218214475,2015,2011,4258737,807974,
2012,NOT_DURABLY_AVAILABLE,2012,PASS,0x00000020,3,202799,359,218214476,2016,2012,4258737,807974,
2013,NOT_DURABLY_AVAILABLE,2013,PASS,0x00000020,3,202799,360,218214477,2017,2013,4258737,807974,
2014,NOT_DURABLY_AVAILABLE,2014,PASS,0x00000020,3,202799,361,218214478,2018,2014,4258737,807974,
2015,NOT_DURABLY_AVAILABLE,2015,PASS,0x00000020,3,202799,362,218214479,2019,2015,4258737,807974,
2016,NOT_DURABLY_AVAILABLE,2016,PASS,0x00000020,3,202799,363,218214480,2020,2016,4258737,807974,
2017,NOT_DURABLY_AVAILABLE,2017,PASS,0x00000020,3,202799,364,218214481,2021,2017,4258737,807974,
2018,NOT_DURABLY_AVAILABLE,2018,PASS,0x00000020,3,202799,365,218214482,2022,2018,4258737,807974,
2019,NOT_DURABLY_AVAILABLE,2019,PASS,0x00000020,3,202799,366,218214483,2023,2019,4258737,807974,
2020,NOT_DURABLY_AVAILABLE,2020,PASS,0x00000020,3,202799,367,218214484,2024,2020,4258737,807974,
2021,NOT_DURABLY_AVAILABLE,2021,PASS,0x00000020,3,202799,368,218214485,2025,2021,4258737,807974,
2022,NOT_DURABLY_AVAILABLE,2022,PASS,0x00000020,3,202799,369,218214486,2026,2022,4258737,807974,
2023,NOT_DURABLY_AVAILABLE,2023,PASS,0x00000020,3,202799,370,218214487,2027,2023,4258737,807974,
2024,NOT_DURABLY_AVAILABLE,2024,PASS,0x00000020,3,202799,371,218214488,2028,2024,4258737,807974,
2025,NOT_DURABLY_AVAILABLE,2025,PASS,0x00000020,3,202799,372,218214489,2029,2025,4258737,807974,
2026,NOT_DURABLY_AVAILABLE,2026,PASS,0x00000020,3,202799,373,218214490,2030,2026,4258737,807974,
2027,NOT_DURABLY_AVAILABLE,2027,PASS,0x00000020,3,202799,374,218214491,2031,2027,4258737,807974,
2028,NOT_DURABLY_AVAILABLE,2028,PASS,0x00000020,3,202799,375,218214492,2032,2028,4258737,807974,
2029,NOT_DURABLY_AVAILABLE,2029,PASS,0x00000020,3,202799,376,218214493,2033,2029,4258737,807974,
2030,NOT_DURABLY_AVAILABLE,2030,PASS,0x00000020,3,202799,377,218214494,2034,2030,4258737,807974,
2031,NOT_DURABLY_AVAILABLE,2031,PASS,0x00000020,3,202799,378,218214495,2035,2031,4258737,807974,
2032,NOT_DURABLY_AVAILABLE,2032,PASS,0x00000020,3,202799,379,218214496,2036,2032,4258737,807974,
2033,NOT_DURABLY_AVAILABLE,2033,PASS,0x00000020,3,202799,380,218214497,2037,2033,4258737,807974,
2034,NOT_DURABLY_AVAILABLE,2034,PASS,0x00000020,3,202799,381,218214498,2038,2034,4258737,807974,
2035,NOT_DURABLY_AVAILABLE,2035,PASS,0x00000020,3,202799,382,218214499,2039,2035,4258737,807974,
2036,NOT_DURABLY_AVAILABLE,2036,PASS,0x00000020,3,202799,383,218214500,2040,2036,4258737,807974,
2037,NOT_DURABLY_AVAILABLE,2037,PASS,0x00000020,3,202799,384,218214501,2041,2037,4258737,807974,
2038,NOT_DURABLY_AVAILABLE,2038,PASS,0x00000020,3,202799,385,218214502,2042,2038,4258737,807974,
2039,NOT_DURABLY_AVAILABLE,2039,PASS,0x00000020,3,202799,386,218214503,2043,2039,4258737,807974,
2040,NOT_DURABLY_AVAILABLE,2040,PASS,0x00000020,3,202799,387,218214504,2044,2040,4258737,807974,
2041,NOT_DURABLY_AVAILABLE,2041,PASS,0x00000020,3,202799,388,218214505,2045,2041,4258737,807974,
2042,NOT_DURABLY_AVAILABLE,2042,PASS,0x00000020,3,202799,389,218214506,2046,2042,4258737,807974,
2043,NOT_DURABLY_AVAILABLE,2043,PASS,0x00000020,3,202799,390,218214507,2047,2043,4258737,807974,
2044,NOT_DURABLY_AVAILABLE,2044,PASS,0x00000020,3,202799,391,218214508,2048,2044,4258737,807974,
2045,NOT_DURABLY_AVAILABLE,2045,PASS,0x00000020,3,202799,392,218214509,2049,2045,4258737,807974,
2046,NOT_DURABLY_AVAILABLE,2046,PASS,0x00000020,3,202799,393,218214510,2050,2046,4258737,807974,
2047,NOT_DURABLY_AVAILABLE,2047,PASS,0x00000020,3,202799,394,218214511,2051,2047,4258737,807974,
2048,NOT_DURABLY_AVAILABLE,2048,PASS,0x00000020,3,202799,395,218214512,2052,2048,4258737,807974,
2049,NOT_DURABLY_AVAILABLE,2049,PASS,0x00000020,3,202799,396,218214513,2053,2049,4258737,807974,
2050,NOT_DURABLY_AVAILABLE,2050,PASS,0x00000020,3,202799,397,218214514,2054,2050,4258737,807974,
2051,NOT_DURABLY_AVAILABLE,2051,PASS,0x00000020,3,202799,398,218214515,2055,2051,4258737,807974,
2052,NOT_DURABLY_AVAILABLE,2052,PASS,0x00000020,3,202799,399,218214516,2056,2052,4258737,807974,
2053,NOT_DURABLY_AVAILABLE,2053,PASS,0x00000020,3,202799,400,218214517,2057,2053,4258737,807974,
2054,NOT_DURABLY_AVAILABLE,2054,PASS,0x00000020,3,202799,401,218214518,2058,2054,4258737,807974,
2055,NOT_DURABLY_AVAILABLE,2055,PASS,0x00000020,3,202799,402,218214519,2059,2055,4258737,807974,
2056,NOT_DURABLY_AVAILABLE,2056,PASS,0x00000020,3,202799,403,218214520,2060,2056,4258737,807974,
2057,NOT_DURABLY_AVAILABLE,2057,PASS,0x00000020,3,202799,404,218214521,2061,2057,4258737,807974,
2058,NOT_DURABLY_AVAILABLE,2058,PASS,0x00000020,3,202799,405,218214522,2062,2058,4258737,807974,
2059,NOT_DURABLY_AVAILABLE,2059,PASS,0x00000020,3,202799,406,218214523,2063,2059,4258737,807974,
2060,NOT_DURABLY_AVAILABLE,2060,PASS,0x00000020,3,202799,407,218214524,2064,2060,4258737,807974,
2061,NOT_DURABLY_AVAILABLE,2061,PASS,0x00000020,3,202799,408,218214525,2065,2061,4258737,807974,
2062,NOT_DURABLY_AVAILABLE,2062,PASS,0x00000020,3,202799,409,218214526,2066,2062,4258737,807974,
2063,NOT_DURABLY_AVAILABLE,2063,PASS,0x00000020,3,202799,410,218214527,2067,2063,4258737,807974,
2064,NOT_DURABLY_AVAILABLE,2064,PASS,0x00000020,3,202799,411,218214528,2068,2064,4258737,807974,
2065,NOT_DURABLY_AVAILABLE,2065,PASS,0x00000020,3,202799,412,218214529,2069,2065,4258737,807974,
2066,NOT_DURABLY_AVAILABLE,2066,PASS,0x00000020,3,202799,413,218214530,2070,2066,4258737,807974,
2067,NOT_DURABLY_AVAILABLE,2067,PASS,0x00000020,3,202799,414,218214531,2071,2067,4258737,807974,
2068,NOT_DURABLY_AVAILABLE,2068,PASS,0x00000020,3,202799,415,218214532,2072,2068,4258737,807974,
2069,NOT_DURABLY_AVAILABLE,2069,PASS,0x00000020,3,202799,416,218214533,2073,2069,4258737,807974,
2070,NOT_DURABLY_AVAILABLE,2070,PASS,0x00000020,3,202799,417,218214534,2074,2070,4258737,807974,
2071,NOT_DURABLY_AVAILABLE,2071,PASS,0x00000020,3,202799,418,218214535,2075,2071,4258737,807974,
2072,NOT_DURABLY_AVAILABLE,2072,PASS,0x00000020,3,202799,419,218214536,2076,2072,4258737,807974,
2073,NOT_DURABLY_AVAILABLE,2073,PASS,0x00000020,3,202799,420,218214537,2077,2073,4258737,807974,
2074,NOT_DURABLY_AVAILABLE,2074,PASS,0x00000020,3,202799,421,218214538,2078,2074,4258737,807974,
2075,NOT_DURABLY_AVAILABLE,2075,PASS,0x00000020,3,202799,422,218214539,2079,2075,4258737,807974,
2076,NOT_DURABLY_AVAILABLE,2076,PASS,0x00000020,3,202799,423,218214540,2080,2076,4258737,807974,
2077,NOT_DURABLY_AVAILABLE,2077,PASS,0x00000020,3,202799,424,218214541,2081,2077,4258737,807974,
2078,NOT_DURABLY_AVAILABLE,2078,PASS,0x00000020,3,202799,425,218214542,2082,2078,4258737,807974,
2079,NOT_DURABLY_AVAILABLE,2079,PASS,0x00000020,3,202799,426,218214543,2083,2079,4258737,807974,
2080,NOT_DURABLY_AVAILABLE,2080,PASS,0x00000020,3,202799,427,218214544,2084,2080,4258737,807974,
2081,NOT_DURABLY_AVAILABLE,2081,PASS,0x00000020,3,202799,428,218214545,2085,2081,4258737,807974,
2082,NOT_DURABLY_AVAILABLE,2082,PASS,0x00000020,3,202799,429,218214546,2086,2082,4258737,807974,
2083,NOT_DURABLY_AVAILABLE,2083,PASS,0x00000020,3,202799,430,218214547,2087,2083,4258737,807974,
2084,NOT_DURABLY_AVAILABLE,2084,PASS,0x00000020,3,202799,431,218214548,2088,2084,4258737,807974,
2085,NOT_DURABLY_AVAILABLE,2085,PASS,0x00000020,3,202799,432,218214549,2089,2085,4258737,807974,
2086,NOT_DURABLY_AVAILABLE,2086,PASS,0x00000020,3,202799,433,218214550,2090,2086,4258737,807974,
2087,NOT_DURABLY_AVAILABLE,2087,PASS,0x00000020,3,202799,434,218214551,2091,2087,4258737,807974,
2088,NOT_DURABLY_AVAILABLE,2088,PASS,0x00000020,3,202799,435,218214552,2092,2088,4258737,807974,
2089,NOT_DURABLY_AVAILABLE,2089,PASS,0x00000020,3,202799,436,218214553,2093,2089,4258737,807974,
2090,NOT_DURABLY_AVAILABLE,2090,PASS,0x00000020,3,202799,437,218214554,2094,2090,4258737,807974,
2091,NOT_DURABLY_AVAILABLE,2091,PASS,0x00000020,3,202799,438,218214555,2095,2091,4258737,807974,
2092,NOT_DURABLY_AVAILABLE,2092,PASS,0x00000020,3,202799,439,218214556,2096,2092,4258737,807974,
2093,NOT_DURABLY_AVAILABLE,2093,PASS,0x00000020,3,202799,440,218214557,2097,2093,4258737,807974,
2094,NOT_DURABLY_AVAILABLE,2094,PASS,0x00000020,3,202799,441,218214558,2098,2094,4258737,807974,
2095,NOT_DURABLY_AVAILABLE,2095,PASS,0x00000020,3,202799,442,218214559,2099,2095,4258737,807974,
2096,NOT_DURABLY_AVAILABLE,2096,PASS,0x00000020,3,202799,443,218214560,2100,2096,4258737,807974,
2097,NOT_DURABLY_AVAILABLE,2097,PASS,0x00000020,3,202799,444,218214561,2101,2097,4258737,807974,
2098,NOT_DURABLY_AVAILABLE,2098,PASS,0x00000020,3,202799,445,218214562,2102,2098,4258737,807974,
2099,NOT_DURABLY_AVAILABLE,2099,PASS,0x00000020,3,202799,446,218214563,2103,2099,4258737,807974,
2100,NOT_DURABLY_AVAILABLE,2100,PASS,0x00000020,3,202799,447,218214564,2104,2100,4258737,807974,
2101,NOT_DURABLY_AVAILABLE,2101,PASS,0x00000020,3,202799,448,218214565,2105,2101,4258737,807974,
2102,NOT_DURABLY_AVAILABLE,2102,PASS,0x00000020,3,202799,449,218214566,2106,2102,4258737,807974,
2103,NOT_DURABLY_AVAILABLE,2103,PASS,0x00000020,3,202799,450,218214567,2107,2103,4258737,807974,
2104,NOT_DURABLY_AVAILABLE,2104,PASS,0x00000020,3,202799,451,218214568,2108,2104,4258737,807974,
2105,NOT_DURABLY_AVAILABLE,2105,PASS,0x00000020,3,202799,452,218214569,2109,2105,4258737,807974,
2106,NOT_DURABLY_AVAILABLE,2106,PASS,0x00000020,3,202799,453,218214570,2110,2106,4258737,807974,
2107,NOT_DURABLY_AVAILABLE,2107,PASS,0x00000020,3,202799,454,218214571,2111,2107,4258737,807974,
2108,NOT_DURABLY_AVAILABLE,2108,PASS,0x00000020,3,202799,455,218214572,2112,2108,4258737,807974,
2109,NOT_DURABLY_AVAILABLE,2109,PASS,0x00000020,3,202799,456,218214573,2113,2109,4258737,807974,
2110,NOT_DURABLY_AVAILABLE,2110,PASS,0x00000020,3,202799,457,218214574,2114,2110,4258737,807974,
2111,NOT_DURABLY_AVAILABLE,2111,PASS,0x00000020,3,202799,458,218214575,2115,2111,4258737,807974,
2112,NOT_DURABLY_AVAILABLE,2112,PASS,0x00000020,3,202799,459,218214576,2116,2112,4258737,807974,
2113,NOT_DURABLY_AVAILABLE,2113,PASS,0x00000020,3,202799,460,218214577,2117,2113,4258737,807974,
2114,NOT_DURABLY_AVAILABLE,2114,PASS,0x00000020,3,202799,461,218214578,2118,2114,4258737,807974,
2115,NOT_DURABLY_AVAILABLE,2115,PASS,0x00000020,3,202799,462,218214579,2119,2115,4258737,807974,
2116,NOT_DURABLY_AVAILABLE,2116,PASS,0x00000020,3,202799,463,218214580,2120,2116,4258737,807974,
2117,NOT_DURABLY_AVAILABLE,2117,PASS,0x00000020,3,202799,464,218214581,2121,2117,4258737,807974,
2118,NOT_DURABLY_AVAILABLE,2118,PASS,0x00000020,3,202799,465,218214582,2122,2118,4258737,807974,
2119,NOT_DURABLY_AVAILABLE,2119,PASS,0x00000020,3,202799,466,218214583,2123,2119,4258737,807974,
2120,NOT_DURABLY_AVAILABLE,2120,PASS,0x00000020,3,202799,467,218214584,2124,2120,4258737,807974,
2121,NOT_DURABLY_AVAILABLE,2121,PASS,0x00000020,3,202799,468,218214585,2125,2121,4258737,807974,
2122,NOT_DURABLY_AVAILABLE,2122,PASS,0x00000020,3,202799,469,218214586,2126,2122,4258737,807974,
2123,NOT_DURABLY_AVAILABLE,2123,PASS,0x00000020,3,202799,470,218214587,2127,2123,4258737,807974,
2124,NOT_DURABLY_AVAILABLE,2124,PASS,0x00000020,3,202799,471,218214588,2128,2124,4258737,807974,
2125,NOT_DURABLY_AVAILABLE,2125,PASS,0x00000020,3,202799,472,218214589,2129,2125,4258737,807974,
2126,NOT_DURABLY_AVAILABLE,2126,PASS,0x00000020,3,202799,473,218214590,2130,2126,4258737,807974,
2127,NOT_DURABLY_AVAILABLE,2127,PASS,0x00000020,3,202799,474,218214591,2131,2127,4258737,807974,
2128,NOT_DURABLY_AVAILABLE,2128,PASS,0x00000020,3,202799,475,218214592,2132,2128,4258737,807974,
2129,NOT_DURABLY_AVAILABLE,2129,PASS,0x00000020,3,202799,476,218214593,2133,2129,4258737,807974,
2130,NOT_DURABLY_AVAILABLE,2130,PASS,0x00000020,3,202799,477,218214594,2134,2130,4258737,807974,
2131,NOT_DURABLY_AVAILABLE,2131,PASS,0x00000020,3,202799,478,218214595,2135,2131,4258737,807974,
2132,NOT_DURABLY_AVAILABLE,2132,PASS,0x00000020,3,202799,479,218214596,2136,2132,4258737,807974,
2133,NOT_DURABLY_AVAILABLE,2133,PASS,0x00000020,3,202799,480,218214597,2137,2133,4258737,807974,
2134,NOT_DURABLY_AVAILABLE,2134,PASS,0x00000020,3,202799,481,218214598,2138,2134,4258737,807974,
2135,NOT_DURABLY_AVAILABLE,2135,PASS,0x00000020,3,202799,482,218214599,2139,2135,4258737,807974,
2136,NOT_DURABLY_AVAILABLE,2136,PASS,0x00000020,3,202799,483,218214600,2140,2136,4258737,807974,
2137,NOT_DURABLY_AVAILABLE,2137,PASS,0x00000020,3,202799,484,218214601,2141,2137,4258737,807974,
2138,NOT_DURABLY_AVAILABLE,2138,PASS,0x00000020,3,202799,485,218214602,2142,2138,4258737,807974,
2139,NOT_DURABLY_AVAILABLE,2139,PASS,0x00000020,3,202799,486,218214603,2143,2139,4258737,807974,
2140,NOT_DURABLY_AVAILABLE,2140,PASS,0x00000020,3,202799,487,218214604,2144,2140,4258737,807974,
2141,NOT_DURABLY_AVAILABLE,2141,PASS,0x00000020,3,202799,488,218214605,2145,2141,4258737,807974,
2142,NOT_DURABLY_AVAILABLE,2142,PASS,0x00000020,3,202799,489,218214606,2146,2142,4258737,807974,
2143,NOT_DURABLY_AVAILABLE,2143,PASS,0x00000020,3,202799,490,218214607,2147,2143,4258737,807974,
2144,NOT_DURABLY_AVAILABLE,2144,PASS,0x00000020,3,202799,491,218214608,2148,2144,4258737,807974,
2145,NOT_DURABLY_AVAILABLE,2145,PASS,0x00000020,3,202799,492,218214609,2149,2145,4258737,807974,
2146,NOT_DURABLY_AVAILABLE,2146,PASS,0x00000020,3,202799,493,218214610,2150,2146,4258737,807974,
2147,NOT_DURABLY_AVAILABLE,2147,PASS,0x00000020,3,202799,494,218214611,2151,2147,4258737,807974,
2148,NOT_DURABLY_AVAILABLE,2148,PASS,0x00000020,3,202799,495,218214612,2152,2148,4258737,807974,
2149,NOT_DURABLY_AVAILABLE,2149,PASS,0x00000020,3,202799,496,218214613,2153,2149,4258737,807974,
2150,NOT_DURABLY_AVAILABLE,2150,PASS,0x00000020,3,202799,497,218214614,2154,2150,4258737,807974,
2151,NOT_DURABLY_AVAILABLE,2151,PASS,0x00000020,3,202799,498,218214615,2155,2151,4258737,807974,
2152,NOT_DURABLY_AVAILABLE,2152,PASS,0x00000020,3,202799,499,218214616,2156,2152,4258737,807974,
2153,NOT_DURABLY_AVAILABLE,2153,PASS,0x00000020,3,202799,500,218214617,2157,2153,4258737,807974,
2154,NOT_DURABLY_AVAILABLE,2154,PASS,0x00000020,3,202799,501,218214618,2158,2154,4258737,807974,
2155,NOT_DURABLY_AVAILABLE,2155,PASS,0x00000020,3,202799,502,218214619,2159,2155,4258737,807974,
2156,NOT_DURABLY_AVAILABLE,2156,PASS,0x00000020,3,202799,503,218214620,2160,2156,4258737,807974,
2157,NOT_DURABLY_AVAILABLE,2157,PASS,0x00000020,3,202799,504,218214621,2161,2157,4258737,807974,
2158,NOT_DURABLY_AVAILABLE,2158,PASS,0x00000020,3,202799,505,218214622,2162,2158,4258737,807974,
2159,NOT_DURABLY_AVAILABLE,2159,PASS,0x00000020,3,202799,506,218214623,2163,2159,4258737,807974,
2160,NOT_DURABLY_AVAILABLE,2160,PASS,0x00000020,3,202799,507,218214624,2164,2160,4258737,807974,
2161,NOT_DURABLY_AVAILABLE,2161,PASS,0x00000020,3,202799,508,218214625,2165,2161,4258737,807974,
2162,NOT_DURABLY_AVAILABLE,2162,PASS,0x00000020,3,202799,509,218214626,2166,2162,4258737,807974,
2163,NOT_DURABLY_AVAILABLE,2163,PASS,0x00000020,3,202799,510,218214627,2167,2163,4258737,807974,
2164,NOT_DURABLY_AVAILABLE,2164,PASS,0x00000020,3,202799,511,218214628,2168,2164,4258737,807974,
2165,NOT_DURABLY_AVAILABLE,2165,PASS,0x00000020,3,202799,512,218214629,2169,2165,4258737,807974,
2166,NOT_DURABLY_AVAILABLE,2166,PASS,0x00000020,3,202799,513,218214630,2170,2166,4258737,807974,
2167,NOT_DURABLY_AVAILABLE,2167,PASS,0x00000020,3,202799,514,218214631,2171,2167,4258737,807974,
2168,NOT_DURABLY_AVAILABLE,2168,PASS,0x00000020,3,202799,515,218214632,2172,2168,4258737,807974,
2169,NOT_DURABLY_AVAILABLE,2169,PASS,0x00000020,3,202799,516,218214633,2173,2169,4258737,807974,
2170,NOT_DURABLY_AVAILABLE,2170,PASS,0x00000020,3,202799,517,218214634,2174,2170,4258737,807974,
2171,NOT_DURABLY_AVAILABLE,2171,PASS,0x00000020,3,202799,518,218214635,2175,2171,4258737,807974,
2172,NOT_DURABLY_AVAILABLE,2172,PASS,0x00000020,3,202799,519,218214636,2176,2172,4258737,807974,
2173,NOT_DURABLY_AVAILABLE,2173,PASS,0x00000020,3,202799,520,218214637,2177,2173,4258737,807974,
2174,NOT_DURABLY_AVAILABLE,2174,PASS,0x00000020,3,202799,521,218214638,2178,2174,4258737,807974,
2175,NOT_DURABLY_AVAILABLE,2175,PASS,0x00000020,3,202799,522,218214639,2179,2175,4258737,807974,
2176,NOT_DURABLY_AVAILABLE,2176,PASS,0x00000020,3,202799,523,218214640,2180,2176,4258737,807974,
2177,NOT_DURABLY_AVAILABLE,2177,PASS,0x00000020,3,202799,524,218214641,2181,2177,4258737,807974,
2178,NOT_DURABLY_AVAILABLE,2178,PASS,0x00000020,3,202799,525,218214642,2182,2178,4258737,807974,
2179,NOT_DURABLY_AVAILABLE,2179,PASS,0x00000020,3,202799,526,218214643,2183,2179,4258737,807974,
2180,NOT_DURABLY_AVAILABLE,2180,PASS,0x00000020,3,202799,527,218214644,2184,2180,4258737,807974,
2181,NOT_DURABLY_AVAILABLE,2181,PASS,0x00000020,3,202799,528,218214645,2185,2181,4258737,807974,
2182,NOT_DURABLY_AVAILABLE,2182,PASS,0x00000020,3,202799,529,218214646,2186,2182,4258737,807974,
2183,NOT_DURABLY_AVAILABLE,2183,PASS,0x00000020,3,202799,530,218214647,2187,2183,4258737,807974,
2184,NOT_DURABLY_AVAILABLE,2184,PASS,0x00000020,3,202799,531,218214648,2188,2184,4258737,807974,
2185,NOT_DURABLY_AVAILABLE,2185,PASS,0x00000020,3,202799,532,218214649,2189,2185,4258737,807974,
2186,NOT_DURABLY_AVAILABLE,2186,PASS,0x00000020,3,202799,533,218214650,2190,2186,4258737,807974,
2187,NOT_DURABLY_AVAILABLE,2187,PASS,0x00000020,3,202799,534,218214651,2191,2187,4258737,807974,
2188,NOT_DURABLY_AVAILABLE,2188,PASS,0x00000020,3,202799,535,218214652,2192,2188,4258737,807974,
2189,NOT_DURABLY_AVAILABLE,2189,PASS,0x00000020,3,202799,536,218214653,2193,2189,4258737,807974,
2190,NOT_DURABLY_AVAILABLE,2190,PASS,0x00000020,3,202799,537,218214654,2194,2190,4258737,807974,
2191,NOT_DURABLY_AVAILABLE,2191,PASS,0x00000020,3,202799,538,218214655,2195,2191,4258737,807974,
2192,NOT_DURABLY_AVAILABLE,2192,PASS,0x00000020,3,202799,539,218214656,2196,2192,4258737,807974,
2193,NOT_DURABLY_AVAILABLE,2193,PASS,0x00000020,3,202799,540,218214657,2197,2193,4258737,807974,
2194,NOT_DURABLY_AVAILABLE,2194,PASS,0x00000020,3,202799,541,218214658,2198,2194,4258737,807974,
2195,NOT_DURABLY_AVAILABLE,2195,PASS,0x00000020,3,202799,542,218214659,2199,2195,4258737,807974,
2196,NOT_DURABLY_AVAILABLE,2196,PASS,0x00000020,3,202799,543,218214660,2200,2196,4258737,807974,
2197,NOT_DURABLY_AVAILABLE,2197,PASS,0x00000020,3,202799,544,218214661,2201,2197,4258737,807974,
2198,NOT_DURABLY_AVAILABLE,2198,PASS,0x00000020,3,202799,545,218214662,2202,2198,4258737,807974,
2199,NOT_DURABLY_AVAILABLE,2199,PASS,0x00000020,3,202799,546,218214663,2203,2199,4258737,807974,
2200,NOT_DURABLY_AVAILABLE,2200,PASS,0x00000020,3,202799,547,218214664,2204,2200,4258737,807974,
2201,NOT_DURABLY_AVAILABLE,2201,PASS,0x00000020,3,202799,548,218214665,2205,2201,4258737,807974,
2202,NOT_DURABLY_AVAILABLE,2202,PASS,0x00000020,3,202799,549,218214666,2206,2202,4258737,807974,
2203,NOT_DURABLY_AVAILABLE,2203,PASS,0x00000020,3,202799,550,218214667,2207,2203,4258737,807974,
2204,NOT_DURABLY_AVAILABLE,2204,PASS,0x00000020,3,202799,551,218214668,2208,2204,4258737,807974,
2205,NOT_DURABLY_AVAILABLE,2205,PASS,0x00000020,3,202799,552,218214669,2209,2205,4258737,807974,
2206,NOT_DURABLY_AVAILABLE,2206,PASS,0x00000020,3,202799,553,218214670,2210,2206,4258737,807974,
2207,NOT_DURABLY_AVAILABLE,2207,PASS,0x00000020,3,202799,554,218214671,2211,2207,4258737,807974,
2208,NOT_DURABLY_AVAILABLE,2208,PASS,0x00000020,3,202799,555,218214672,2212,2208,4258737,807974,
2209,NOT_DURABLY_AVAILABLE,2209,PASS,0x00000020,3,202799,556,218214673,2213,2209,4258737,807974,
2210,NOT_DURABLY_AVAILABLE,2210,PASS,0x00000020,3,202799,557,218214674,2214,2210,4258737,807974,
2211,NOT_DURABLY_AVAILABLE,2211,PASS,0x00000020,3,202799,558,218214675,2215,2211,4258737,807974,
2212,NOT_DURABLY_AVAILABLE,2212,PASS,0x00000020,3,202799,559,218214676,2216,2212,4258737,807974,
2213,NOT_DURABLY_AVAILABLE,2213,PASS,0x00000020,3,202799,560,218214677,2217,2213,4258737,807974,
2214,NOT_DURABLY_AVAILABLE,2214,PASS,0x00000020,3,202799,561,218214678,2218,2214,4258737,807974,
2215,NOT_DURABLY_AVAILABLE,2215,PASS,0x00000020,3,202799,562,218214679,2219,2215,4258737,807974,
2216,NOT_DURABLY_AVAILABLE,2216,PASS,0x00000020,3,202799,563,218214680,2220,2216,4258737,807974,
2217,NOT_DURABLY_AVAILABLE,2217,PASS,0x00000020,3,202799,564,218214681,2221,2217,4258737,807974,
2218,NOT_DURABLY_AVAILABLE,2218,PASS,0x00000020,3,202799,565,218214682,2222,2218,4258737,807974,
2219,NOT_DURABLY_AVAILABLE,2219,PASS,0x00000020,3,202799,566,218214683,2223,2219,4258737,807974,
2220,NOT_DURABLY_AVAILABLE,2220,PASS,0x00000020,3,202799,567,218214684,2224,2220,4258737,807974,
2221,NOT_DURABLY_AVAILABLE,2221,PASS,0x00000020,3,202799,568,218214685,2225,2221,4258737,807974,
2222,NOT_DURABLY_AVAILABLE,2222,PASS,0x00000020,3,202799,569,218214686,2226,2222,4258737,807974,
2223,NOT_DURABLY_AVAILABLE,2223,PASS,0x00000020,3,202799,570,218214687,2227,2223,4258737,807974,
2224,NOT_DURABLY_AVAILABLE,2224,PASS,0x00000020,3,202799,571,218214688,2228,2224,4258737,807974,
2225,NOT_DURABLY_AVAILABLE,2225,PASS,0x00000020,3,202799,572,218214689,2229,2225,4258737,807974,
2226,NOT_DURABLY_AVAILABLE,2226,PASS,0x00000020,3,202799,573,218214690,2230,2226,4258737,807974,
2227,NOT_DURABLY_AVAILABLE,2227,PASS,0x00000020,3,202799,574,218214691,2231,2227,4258737,807974,
2228,NOT_DURABLY_AVAILABLE,2228,PASS,0x00000020,3,202799,575,218214692,2232,2228,4258737,807974,
2229,NOT_DURABLY_AVAILABLE,2229,PASS,0x00000020,3,202799,576,218214693,2233,2229,4258737,807974,
2230,NOT_DURABLY_AVAILABLE,2230,PASS,0x00000020,3,202799,577,218214694,2234,2230,4258737,807974,
2231,NOT_DURABLY_AVAILABLE,2231,PASS,0x00000020,3,202799,578,218214695,2235,2231,4258737,807974,
2232,NOT_DURABLY_AVAILABLE,2232,PASS,0x00000020,3,202799,579,218214696,2236,2232,4258737,807974,
2233,NOT_DURABLY_AVAILABLE,2233,PASS,0x00000020,3,202799,580,218214697,2237,2233,4258737,807974,
2234,NOT_DURABLY_AVAILABLE,2234,PASS,0x00000020,3,202799,581,218214698,2238,2234,4258737,807974,
2235,NOT_DURABLY_AVAILABLE,2235,PASS,0x00000020,3,202799,582,218214699,2239,2235,4258737,807974,
2236,NOT_DURABLY_AVAILABLE,2236,PASS,0x00000020,3,202799,583,218214700,2240,2236,4258737,807974,
2237,NOT_DURABLY_AVAILABLE,2237,PASS,0x00000020,3,202799,584,218214701,2241,2237,4258737,807974,
2238,NOT_DURABLY_AVAILABLE,2238,PASS,0x00000020,3,202799,585,218214702,2242,2238,4258737,807974,
2239,NOT_DURABLY_AVAILABLE,2239,PASS,0x00000020,3,202799,586,218214703,2243,2239,4258737,807974,
2240,NOT_DURABLY_AVAILABLE,2240,PASS,0x00000020,3,202799,587,218214704,2244,2240,4258737,807974,
2241,NOT_DURABLY_AVAILABLE,2241,PASS,0x00000020,3,202799,588,218214705,2245,2241,4258737,807974,
2242,NOT_DURABLY_AVAILABLE,2242,PASS,0x00000020,3,202799,589,218214706,2246,2242,4258737,807974,
2243,NOT_DURABLY_AVAILABLE,2243,PASS,0x00000020,3,202799,590,218214707,2247,2243,4258737,807974,
2244,NOT_DURABLY_AVAILABLE,2244,PASS,0x00000020,3,202799,591,218214708,2248,2244,4258737,807974,
2245,NOT_DURABLY_AVAILABLE,2245,PASS,0x00000020,3,202799,592,218214709,2249,2245,4258737,807974,
2246,NOT_DURABLY_AVAILABLE,2246,PASS,0x00000020,3,202799,593,218214710,2250,2246,4258737,807974,
2247,NOT_DURABLY_AVAILABLE,2247,PASS,0x00000020,3,202799,594,218214711,2251,2247,4258737,807974,
2248,NOT_DURABLY_AVAILABLE,2248,PASS,0x00000020,3,202799,595,218214712,2252,2248,4258737,807974,
2249,NOT_DURABLY_AVAILABLE,2249,PASS,0x00000020,3,202799,596,218214713,2253,2249,4258737,807974,
2250,NOT_DURABLY_AVAILABLE,2250,PASS,0x00000020,3,202799,597,218214714,2254,2250,4258737,807974,
2251,NOT_DURABLY_AVAILABLE,2251,PASS,0x00000020,3,202799,598,218214715,2255,2251,4258737,807974,
2252,NOT_DURABLY_AVAILABLE,2252,PASS,0x00000020,3,202799,599,218214716,2256,2252,4258737,807974,
2253,NOT_DURABLY_AVAILABLE,2253,PASS,0x00000020,3,202799,600,218214717,2257,2253,4258737,807974,
2254,NOT_DURABLY_AVAILABLE,2254,PASS,0x00000020,3,202799,601,218214718,2258,2254,4258737,807974,
2255,NOT_DURABLY_AVAILABLE,2255,PASS,0x00000020,3,202799,602,218214719,2259,2255,4258737,807974,
2256,NOT_DURABLY_AVAILABLE,2256,PASS,0x00000020,3,202799,603,218214720,2260,2256,4258737,807974,
2257,NOT_DURABLY_AVAILABLE,2257,PASS,0x00000020,3,202799,604,218214721,2261,2257,4258737,807974,
2258,NOT_DURABLY_AVAILABLE,2258,PASS,0x00000020,3,202799,605,218214722,2262,2258,4258737,807974,
2259,NOT_DURABLY_AVAILABLE,2259,PASS,0x00000020,3,202799,606,218214723,2263,2259,4258737,807974,
2260,NOT_DURABLY_AVAILABLE,2260,PASS,0x00000020,3,202799,607,218214724,2264,2260,4258737,807974,
2261,NOT_DURABLY_AVAILABLE,2261,PASS,0x00000020,3,202799,608,218214725,2265,2261,4258737,807974,
2262,NOT_DURABLY_AVAILABLE,2262,PASS,0x00000020,3,202799,609,218214726,2266,2262,4258737,807974,
2263,NOT_DURABLY_AVAILABLE,2263,PASS,0x00000020,3,202799,610,218214727,2267,2263,4258737,807974,
2264,NOT_DURABLY_AVAILABLE,2264,PASS,0x00000020,3,202799,611,218214728,2268,2264,4258737,807974,
2265,NOT_DURABLY_AVAILABLE,2265,PASS,0x00000020,3,202799,612,218214729,2269,2265,4258737,807974,
2266,NOT_DURABLY_AVAILABLE,2266,PASS,0x00000020,3,202799,613,218214730,2270,2266,4258737,807974,
2267,NOT_DURABLY_AVAILABLE,2267,PASS,0x00000020,3,202799,614,218214731,2271,2267,4258737,807974,
2268,NOT_DURABLY_AVAILABLE,2268,PASS,0x00000020,3,202799,615,218214732,2272,2268,4258737,807974,
2269,NOT_DURABLY_AVAILABLE,2269,PASS,0x00000020,3,202799,616,218214733,2273,2269,4258737,807974,
2270,NOT_DURABLY_AVAILABLE,2270,PASS,0x00000020,3,202799,617,218214734,2274,2270,4258737,807974,
2271,NOT_DURABLY_AVAILABLE,2271,PASS,0x00000020,3,202799,618,218214735,2275,2271,4258737,807974,
2272,NOT_DURABLY_AVAILABLE,2272,PASS,0x00000020,3,202799,619,218214736,2276,2272,4258737,807974,
2273,NOT_DURABLY_AVAILABLE,2273,PASS,0x00000020,3,202799,620,218214737,2277,2273,4258737,807974,
2274,NOT_DURABLY_AVAILABLE,2274,PASS,0x00000020,3,202799,621,218214738,2278,2274,4258737,807974,
2275,NOT_DURABLY_AVAILABLE,2275,PASS,0x00000020,3,202799,622,218214739,2279,2275,4258737,807974,
2276,NOT_DURABLY_AVAILABLE,2276,PASS,0x00000020,3,202799,623,218214740,2280,2276,4258737,807974,
2277,NOT_DURABLY_AVAILABLE,2277,PASS,0x00000020,3,202799,624,218214741,2281,2277,4258737,807974,
2278,NOT_DURABLY_AVAILABLE,2278,PASS,0x00000020,3,202799,625,218214742,2282,2278,4258737,807974,
2279,NOT_DURABLY_AVAILABLE,2279,PASS,0x00000020,3,202799,626,218214743,2283,2279,4258737,807974,
2280,NOT_DURABLY_AVAILABLE,2280,PASS,0x00000020,3,202799,627,218214744,2284,2280,4258737,807974,
2281,NOT_DURABLY_AVAILABLE,2281,PASS,0x00000020,3,202799,628,218214745,2285,2281,4258737,807974,
2282,NOT_DURABLY_AVAILABLE,2282,PASS,0x00000020,3,202799,629,218214746,2286,2282,4258737,807974,
2283,NOT_DURABLY_AVAILABLE,2283,PASS,0x00000020,3,202799,630,218214747,2287,2283,4258737,807974,
2284,NOT_DURABLY_AVAILABLE,2284,PASS,0x00000020,3,202799,631,218214748,2288,2284,4258737,807974,
2285,NOT_DURABLY_AVAILABLE,2285,PASS,0x00000020,3,202799,632,218214749,2289,2285,4258737,807974,
2286,NOT_DURABLY_AVAILABLE,2286,PASS,0x00000020,3,202799,633,218214750,2290,2286,4258737,807974,
2287,NOT_DURABLY_AVAILABLE,2287,PASS,0x00000020,3,202799,634,218214751,2291,2287,4258737,807974,
2288,NOT_DURABLY_AVAILABLE,2288,PASS,0x00000020,3,202799,635,218214752,2292,2288,4258737,807974,
2289,NOT_DURABLY_AVAILABLE,2289,PASS,0x00000020,3,202799,636,218214753,2293,2289,4258737,807974,
2290,NOT_DURABLY_AVAILABLE,2290,PASS,0x00000020,3,202799,637,218214754,2294,2290,4258737,807974,
2291,NOT_DURABLY_AVAILABLE,2291,PASS,0x00000020,3,202799,638,218214755,2295,2291,4258737,807974,
2292,NOT_DURABLY_AVAILABLE,2292,PASS,0x00000020,3,202799,639,218214756,2296,2292,4258737,807974,
2293,NOT_DURABLY_AVAILABLE,2293,PASS,0x00000020,3,202799,640,218214757,2297,2293,4258737,807974,
2294,NOT_DURABLY_AVAILABLE,2294,PASS,0x00000020,3,202799,641,218214758,2298,2294,4258737,807974,
2295,NOT_DURABLY_AVAILABLE,2295,PASS,0x00000020,3,202799,642,218214759,2299,2295,4258737,807974,
2296,NOT_DURABLY_AVAILABLE,2296,PASS,0x00000020,3,202799,643,218214760,2300,2296,4258737,807974,
2297,NOT_DURABLY_AVAILABLE,2297,PASS,0x00000020,3,202799,644,218214761,2301,2297,4258737,807974,
2298,NOT_DURABLY_AVAILABLE,2298,PASS,0x00000020,3,202799,645,218214762,2302,2298,4258737,807974,
2299,NOT_DURABLY_AVAILABLE,2299,PASS,0x00000020,3,202799,646,218214763,2303,2299,4258737,807974,
2300,NOT_DURABLY_AVAILABLE,2300,PASS,0x00000020,3,202799,647,218214764,2304,2300,4258737,807974,
2301,NOT_DURABLY_AVAILABLE,2301,PASS,0x00000020,3,202799,648,218214765,2305,2301,4258737,807974,
2302,NOT_DURABLY_AVAILABLE,2302,PASS,0x00000020,3,202799,649,218214766,2306,2302,4258737,807974,
2303,NOT_DURABLY_AVAILABLE,2303,PASS,0x00000020,3,202799,650,218214767,2307,2303,4258737,807974,
2304,NOT_DURABLY_AVAILABLE,2304,PASS,0x00000020,3,202799,651,218214768,2308,2304,4258737,807974,
2305,NOT_DURABLY_AVAILABLE,2305,PASS,0x00000020,3,202799,652,218214769,2309,2305,4258737,807974,
2306,NOT_DURABLY_AVAILABLE,2306,PASS,0x00000020,3,202799,653,218214770,2310,2306,4258737,807974,
2307,NOT_DURABLY_AVAILABLE,2307,PASS,0x00000020,3,202799,654,218214771,2311,2307,4258737,807974,
2308,NOT_DURABLY_AVAILABLE,2308,PASS,0x00000020,3,202799,655,218214772,2312,2308,4258737,807974,
2309,NOT_DURABLY_AVAILABLE,2309,PASS,0x00000020,3,202799,656,218214773,2313,2309,4258737,807974,
2310,NOT_DURABLY_AVAILABLE,2310,PASS,0x00000020,3,202799,657,218214774,2314,2310,4258737,807974,
2311,NOT_DURABLY_AVAILABLE,2311,PASS,0x00000020,3,202799,658,218214775,2315,2311,4258737,807974,
2312,NOT_DURABLY_AVAILABLE,2312,PASS,0x00000020,3,202799,659,218214776,2316,2312,4258737,807974,
2313,NOT_DURABLY_AVAILABLE,2313,PASS,0x00000020,3,202799,660,218214777,2317,2313,4258737,807974,
2314,NOT_DURABLY_AVAILABLE,2314,PASS,0x00000020,3,202799,661,218214778,2318,2314,4258737,807974,
2315,NOT_DURABLY_AVAILABLE,2315,PASS,0x00000020,3,202799,662,218214779,2319,2315,4258737,807974,
2316,NOT_DURABLY_AVAILABLE,2316,PASS,0x00000020,3,202799,663,218214780,2320,2316,4258737,807974,
2317,NOT_DURABLY_AVAILABLE,2317,PASS,0x00000020,3,202799,664,218214781,2321,2317,4258737,807974,
2318,NOT_DURABLY_AVAILABLE,2318,PASS,0x00000020,3,202799,665,218214782,2322,2318,4258737,807974,
2319,NOT_DURABLY_AVAILABLE,2319,PASS,0x00000020,3,202799,666,218214783,2323,2319,4258737,807974,
2320,NOT_DURABLY_AVAILABLE,2320,PASS,0x00000020,3,202799,667,218214784,2324,2320,4258737,807974,
2321,NOT_DURABLY_AVAILABLE,2321,PASS,0x00000020,3,202799,668,218214785,2325,2321,4258737,807974,
2322,NOT_DURABLY_AVAILABLE,2322,PASS,0x00000020,3,202799,669,218214786,2326,2322,4258737,807974,
2323,NOT_DURABLY_AVAILABLE,2323,PASS,0x00000020,3,202799,670,218214787,2327,2323,4258737,807974,
2324,NOT_DURABLY_AVAILABLE,2324,PASS,0x00000020,3,202799,671,218214788,2328,2324,4258737,807974,
2325,NOT_DURABLY_AVAILABLE,2325,PASS,0x00000020,3,202799,672,218214789,2329,2325,4258737,807974,
2326,NOT_DURABLY_AVAILABLE,2326,PASS,0x00000020,3,202799,673,218214790,2330,2326,4258737,807974,
2327,NOT_DURABLY_AVAILABLE,2327,PASS,0x00000020,3,202799,674,218214791,2331,2327,4258737,807974,
2328,NOT_DURABLY_AVAILABLE,2328,PASS,0x00000020,3,202799,675,218214792,2332,2328,4258737,807974,
2329,NOT_DURABLY_AVAILABLE,2329,PASS,0x00000020,3,202799,676,218214793,2333,2329,4258737,807974,
2330,NOT_DURABLY_AVAILABLE,2330,PASS,0x00000020,3,202799,677,218214794,2334,2330,4258737,807974,
2331,NOT_DURABLY_AVAILABLE,2331,PASS,0x00000020,3,202799,678,218214795,2335,2331,4258737,807974,
2332,NOT_DURABLY_AVAILABLE,2332,PASS,0x00000020,3,202799,679,218214796,2336,2332,4258737,807974,
2333,NOT_DURABLY_AVAILABLE,2333,PASS,0x00000020,3,202799,680,218214797,2337,2333,4258737,807974,
2334,NOT_DURABLY_AVAILABLE,2334,PASS,0x00000020,3,202799,681,218214798,2338,2334,4258737,807974,
2335,NOT_DURABLY_AVAILABLE,2335,PASS,0x00000020,3,202799,682,218214799,2339,2335,4258737,807974,
2336,NOT_DURABLY_AVAILABLE,2336,PASS,0x00000020,3,202799,683,218214800,2340,2336,4258737,807974,
2337,NOT_DURABLY_AVAILABLE,2337,PASS,0x00000020,3,202799,684,218214801,2341,2337,4258737,807974,
2338,NOT_DURABLY_AVAILABLE,2338,PASS,0x00000020,3,202799,685,218214802,2342,2338,4258737,807974,
2339,NOT_DURABLY_AVAILABLE,2339,PASS,0x00000020,3,202799,686,218214803,2343,2339,4258737,807974,
2340,NOT_DURABLY_AVAILABLE,2340,PASS,0x00000020,3,202799,687,218214804,2344,2340,4258737,807974,
2341,NOT_DURABLY_AVAILABLE,2341,PASS,0x00000020,3,202799,688,218214805,2345,2341,4258737,807974,
2342,NOT_DURABLY_AVAILABLE,2342,PASS,0x00000020,3,202799,689,218214806,2346,2342,4258737,807974,
2343,NOT_DURABLY_AVAILABLE,2343,PASS,0x00000020,3,202799,690,218214807,2347,2343,4258737,807974,
2344,NOT_DURABLY_AVAILABLE,2344,PASS,0x00000020,3,202799,691,218214808,2348,2344,4258737,807974,
2345,NOT_DURABLY_AVAILABLE,2345,PASS,0x00000020,3,202799,692,218214809,2349,2345,4258737,807974,
2346,NOT_DURABLY_AVAILABLE,2346,PASS,0x00000020,3,202799,693,218214810,2350,2346,4258737,807974,
2347,NOT_DURABLY_AVAILABLE,2347,PASS,0x00000020,3,202799,694,218214811,2351,2347,4258737,807974,
2348,NOT_DURABLY_AVAILABLE,2348,PASS,0x00000020,3,202799,695,218214812,2352,2348,4258737,807974,
2349,NOT_DURABLY_AVAILABLE,2349,PASS,0x00000020,3,202799,696,218214813,2353,2349,4258737,807974,
2350,NOT_DURABLY_AVAILABLE,2350,PASS,0x00000020,3,202799,697,218214814,2354,2350,4258737,807974,
2351,NOT_DURABLY_AVAILABLE,2351,PASS,0x00000020,3,202799,698,218214815,2355,2351,4258737,807974,
2352,NOT_DURABLY_AVAILABLE,2352,PASS,0x00000020,3,202799,699,218214816,2356,2352,4258737,807974,
2353,NOT_DURABLY_AVAILABLE,2353,PASS,0x00000020,3,202799,700,218214817,2357,2353,4258737,807974,
2354,NOT_DURABLY_AVAILABLE,2354,PASS,0x00000020,3,202799,701,218214818,2358,2354,4258737,807974,
2355,NOT_DURABLY_AVAILABLE,2355,PASS,0x00000020,3,202799,702,218214819,2359,2355,4258737,807974,
2356,NOT_DURABLY_AVAILABLE,2356,PASS,0x00000020,3,202799,703,218214820,2360,2356,4258737,807974,
2357,NOT_DURABLY_AVAILABLE,2357,PASS,0x00000020,3,202799,704,218214821,2361,2357,4258737,807974,
2358,NOT_DURABLY_AVAILABLE,2358,PASS,0x00000020,3,202799,705,218214822,2362,2358,4258737,807974,
2359,NOT_DURABLY_AVAILABLE,2359,PASS,0x00000020,3,202799,706,218214823,2363,2359,4258737,807974,
2360,NOT_DURABLY_AVAILABLE,2360,PASS,0x00000020,3,202799,707,218214824,2364,2360,4258737,807974,
2361,NOT_DURABLY_AVAILABLE,2361,PASS,0x00000020,3,202799,708,218214825,2365,2361,4258737,807974,
2362,NOT_DURABLY_AVAILABLE,2362,PASS,0x00000020,3,202799,709,218214826,2366,2362,4258737,807974,
2363,NOT_DURABLY_AVAILABLE,2363,PASS,0x00000020,3,202799,710,218214827,2367,2363,4258737,807974,
2364,NOT_DURABLY_AVAILABLE,2364,PASS,0x00000020,3,202799,711,218214828,2368,2364,4258737,807974,
2365,NOT_DURABLY_AVAILABLE,2365,PASS,0x00000020,3,202799,712,218214829,2369,2365,4258737,807974,
2366,NOT_DURABLY_AVAILABLE,2366,PASS,0x00000020,3,202799,713,218214830,2370,2366,4258737,807974,
2367,NOT_DURABLY_AVAILABLE,2367,PASS,0x00000020,3,202799,714,218214831,2371,2367,4258737,807974,
2368,NOT_DURABLY_AVAILABLE,2368,PASS,0x00000020,3,202799,715,218214832,2372,2368,4258737,807974,
2369,NOT_DURABLY_AVAILABLE,2369,PASS,0x00000020,3,202799,716,218214833,2373,2369,4258737,807974,
2370,NOT_DURABLY_AVAILABLE,2370,PASS,0x00000020,3,202799,717,218214834,2374,2370,4258737,807974,
2371,NOT_DURABLY_AVAILABLE,2371,PASS,0x00000020,3,202799,718,218214835,2375,2371,4258737,807974,
2372,NOT_DURABLY_AVAILABLE,2372,PASS,0x00000020,3,202799,719,218214836,2376,2372,4258737,807974,
2373,NOT_DURABLY_AVAILABLE,2373,PASS,0x00000020,3,202799,720,218214837,2377,2373,4258737,807974,
2374,NOT_DURABLY_AVAILABLE,2374,PASS,0x00000020,3,202799,721,218214838,2378,2374,4258737,807974,
2375,NOT_DURABLY_AVAILABLE,2375,PASS,0x00000020,3,202799,722,218214839,2379,2375,4258737,807974,
2376,NOT_DURABLY_AVAILABLE,2376,PASS,0x00000020,3,202799,723,218214840,2380,2376,4258737,807974,
2377,NOT_DURABLY_AVAILABLE,2377,PASS,0x00000020,3,202799,724,218214841,2381,2377,4258737,807974,
2378,NOT_DURABLY_AVAILABLE,2378,PASS,0x00000020,3,202799,725,218214842,2382,2378,4258737,807974,
2379,NOT_DURABLY_AVAILABLE,2379,PASS,0x00000020,3,202799,726,218214843,2383,2379,4258737,807974,
2380,NOT_DURABLY_AVAILABLE,2380,PASS,0x00000020,3,202799,727,218214844,2384,2380,4258737,807974,
2381,NOT_DURABLY_AVAILABLE,2381,PASS,0x00000020,3,202799,728,218214845,2385,2381,4258737,807974,
2382,NOT_DURABLY_AVAILABLE,2382,PASS,0x00000020,3,202799,729,218214846,2386,2382,4258737,807974,
2383,NOT_DURABLY_AVAILABLE,2383,PASS,0x00000020,3,202799,730,218214847,2387,2383,4258737,807974,
2384,NOT_DURABLY_AVAILABLE,2384,PASS,0x00000020,3,202799,731,218214848,2388,2384,4258737,807974,
2385,NOT_DURABLY_AVAILABLE,2385,PASS,0x00000020,3,202799,732,218214849,2389,2385,4258737,807974,
2386,NOT_DURABLY_AVAILABLE,2386,PASS,0x00000020,3,202799,733,218214850,2390,2386,4258737,807974,
2387,NOT_DURABLY_AVAILABLE,2387,PASS,0x00000020,3,202799,734,218214851,2391,2387,4258737,807974,
2388,NOT_DURABLY_AVAILABLE,2388,PASS,0x00000020,3,202799,735,218214852,2392,2388,4258737,807974,
2389,NOT_DURABLY_AVAILABLE,2389,PASS,0x00000020,3,202799,736,218214853,2393,2389,4258737,807974,
2390,NOT_DURABLY_AVAILABLE,2390,PASS,0x00000020,3,202799,737,218214854,2394,2390,4258737,807974,
2391,NOT_DURABLY_AVAILABLE,2391,PASS,0x00000020,3,202799,738,218214855,2395,2391,4258737,807974,
2392,NOT_DURABLY_AVAILABLE,2392,PASS,0x00000020,3,202799,739,218214856,2396,2392,4258737,807974,
2393,NOT_DURABLY_AVAILABLE,2393,PASS,0x00000020,3,202799,740,218214857,2397,2393,4258737,807974,
2394,NOT_DURABLY_AVAILABLE,2394,PASS,0x00000020,3,202799,741,218214858,2398,2394,4258737,807974,
2395,NOT_DURABLY_AVAILABLE,2395,PASS,0x00000020,3,202799,742,218214859,2399,2395,4258737,807974,
2396,NOT_DURABLY_AVAILABLE,2396,PASS,0x00000020,3,202799,743,218214860,2400,2396,4258737,807974,
2397,NOT_DURABLY_AVAILABLE,2397,PASS,0x00000020,3,202799,744,218214861,2401,2397,4258737,807974,
2398,NOT_DURABLY_AVAILABLE,2398,PASS,0x00000020,3,202799,745,218214862,2402,2398,4258737,807974,
2399,NOT_DURABLY_AVAILABLE,2399,PASS,0x00000020,3,202799,746,218214863,2403,2399,4258737,807974,
2400,NOT_DURABLY_AVAILABLE,2400,PASS,0x00000020,3,202799,747,218214864,2404,2400,4258737,807974,
2401,NOT_DURABLY_AVAILABLE,2401,PASS,0x00000020,3,202799,748,218214865,2405,2401,4258737,807974,
2402,NOT_DURABLY_AVAILABLE,2402,PASS,0x00000020,3,202799,749,218214866,2406,2402,4258737,807974,
2403,NOT_DURABLY_AVAILABLE,2403,PASS,0x00000020,3,202799,750,218214867,2407,2403,4258737,807974,
2404,NOT_DURABLY_AVAILABLE,2404,PASS,0x00000020,3,202799,751,218214868,2408,2404,4258737,807974,
2405,NOT_DURABLY_AVAILABLE,2405,PASS,0x00000020,3,202799,752,218214869,2409,2405,4258737,807974,
2406,NOT_DURABLY_AVAILABLE,2406,PASS,0x00000020,3,202799,753,218214870,2410,2406,4258737,807974,
2407,NOT_DURABLY_AVAILABLE,2407,PASS,0x00000020,3,202799,754,218214871,2411,2407,4258737,807974,
2408,NOT_DURABLY_AVAILABLE,2408,PASS,0x00000020,3,202799,755,218214872,2412,2408,4258737,807974,
2409,NOT_DURABLY_AVAILABLE,2409,PASS,0x00000020,3,202799,756,218214873,2413,2409,4258737,807974,
2410,NOT_DURABLY_AVAILABLE,2410,PASS,0x00000020,3,202799,757,218214874,2414,2410,4258737,807974,
2411,NOT_DURABLY_AVAILABLE,2411,PASS,0x00000020,3,202799,758,218214875,2415,2411,4258737,807974,
2412,NOT_DURABLY_AVAILABLE,2412,PASS,0x00000020,3,202799,759,218214876,2416,2412,4258737,807974,
2413,NOT_DURABLY_AVAILABLE,2413,PASS,0x00000020,3,202799,760,218214877,2417,2413,4258737,807974,
2414,NOT_DURABLY_AVAILABLE,2414,PASS,0x00000020,3,202799,761,218214878,2418,2414,4258737,807974,
2415,NOT_DURABLY_AVAILABLE,2415,PASS,0x00000020,3,202799,762,218214879,2419,2415,4258737,807974,
2416,NOT_DURABLY_AVAILABLE,2416,PASS,0x00000020,3,202799,763,218214880,2420,2416,4258737,807974,
2417,NOT_DURABLY_AVAILABLE,2417,PASS,0x00000020,3,202799,764,218214881,2421,2417,4258737,807974,
2418,NOT_DURABLY_AVAILABLE,2418,PASS,0x00000020,3,202799,765,218214882,2422,2418,4258737,807974,
2419,NOT_DURABLY_AVAILABLE,2419,PASS,0x00000020,3,202799,766,218214883,2423,2419,4258737,807974,
2420,NOT_DURABLY_AVAILABLE,2420,PASS,0x00000020,3,202799,767,218214884,2424,2420,4258737,807974,
2421,NOT_DURABLY_AVAILABLE,2421,PASS,0x00000020,3,202799,768,218214885,2425,2421,4258737,807974,
2422,NOT_DURABLY_AVAILABLE,2422,PASS,0x00000020,3,202799,769,218214886,2426,2422,4258737,807974,
2423,NOT_DURABLY_AVAILABLE,2423,PASS,0x00000020,3,202799,770,218214887,2427,2423,4258737,807974,
2424,NOT_DURABLY_AVAILABLE,2424,PASS,0x00000020,3,202799,771,218214888,2428,2424,4258737,807974,
2425,NOT_DURABLY_AVAILABLE,2425,PASS,0x00000020,3,202799,772,218214889,2429,2425,4258737,807974,
2426,NOT_DURABLY_AVAILABLE,2426,PASS,0x00000020,3,202799,773,218214890,2430,2426,4258737,807974,
2427,NOT_DURABLY_AVAILABLE,2427,PASS,0x00000020,3,202799,774,218214891,2431,2427,4258737,807974,
2428,NOT_DURABLY_AVAILABLE,2428,PASS,0x00000020,3,202799,775,218214892,2432,2428,4258737,807974,
2429,NOT_DURABLY_AVAILABLE,2429,PASS,0x00000020,3,202799,776,218214893,2433,2429,4258737,807974,
2430,NOT_DURABLY_AVAILABLE,2430,PASS,0x00000020,3,202799,777,218214894,2434,2430,4258737,807974,
2431,NOT_DURABLY_AVAILABLE,2431,PASS,0x00000020,3,202799,778,218214895,2435,2431,4258737,807974,
2432,NOT_DURABLY_AVAILABLE,2432,PASS,0x00000020,3,202799,779,218214896,2436,2432,4258737,807974,
2433,NOT_DURABLY_AVAILABLE,2433,PASS,0x00000020,3,202799,780,218214897,2437,2433,4258737,807974,
2434,NOT_DURABLY_AVAILABLE,2434,PASS,0x00000020,3,202799,781,218214898,2438,2434,4258737,807974,
2435,NOT_DURABLY_AVAILABLE,2435,PASS,0x00000020,3,202799,782,218214899,2439,2435,4258737,807974,
2436,NOT_DURABLY_AVAILABLE,2436,PASS,0x00000020,3,202799,783,218214900,2440,2436,4258737,807974,
2437,NOT_DURABLY_AVAILABLE,2437,PASS,0x00000020,3,202799,784,218214901,2441,2437,4258737,807974,
2438,NOT_DURABLY_AVAILABLE,2438,PASS,0x00000020,3,202799,785,218214902,2442,2438,4258737,807974,
2439,NOT_DURABLY_AVAILABLE,2439,PASS,0x00000020,3,202799,786,218214903,2443,2439,4258737,807974,
2440,NOT_DURABLY_AVAILABLE,2440,PASS,0x00000020,3,202799,787,218214904,2444,2440,4258737,807974,
2441,NOT_DURABLY_AVAILABLE,2441,PASS,0x00000020,3,202799,788,218214905,2445,2441,4258737,807974,
2442,NOT_DURABLY_AVAILABLE,2442,PASS,0x00000020,3,202799,789,218214906,2446,2442,4258737,807974,
2443,NOT_DURABLY_AVAILABLE,2443,PASS,0x00000020,3,202799,790,218214907,2447,2443,4258737,807974,
2444,NOT_DURABLY_AVAILABLE,2444,PASS,0x00000020,3,202799,791,218214908,2448,2444,4258737,807974,
2445,NOT_DURABLY_AVAILABLE,2445,PASS,0x00000020,3,202799,792,218214909,2449,2445,4258737,807974,
2446,NOT_DURABLY_AVAILABLE,2446,PASS,0x00000020,3,202799,793,218214910,2450,2446,4258737,807974,
2447,NOT_DURABLY_AVAILABLE,2447,PASS,0x00000020,3,202799,794,218214911,2451,2447,4258737,807974,
2448,NOT_DURABLY_AVAILABLE,2448,PASS,0x00000020,3,202799,795,218214912,2452,2448,4258737,807974,
2449,NOT_DURABLY_AVAILABLE,2449,PASS,0x00000020,3,202799,796,218214913,2453,2449,4258737,807974,
2450,NOT_DURABLY_AVAILABLE,2450,PASS,0x00000020,3,202799,797,218214914,2454,2450,4258737,807974,
2451,NOT_DURABLY_AVAILABLE,2451,PASS,0x00000020,3,202799,798,218214915,2455,2451,4258737,807974,
2452,NOT_DURABLY_AVAILABLE,2452,PASS,0x00000020,3,202799,799,218214916,2456,2452,4258737,807974,
2453,NOT_DURABLY_AVAILABLE,2453,PASS,0x00000020,3,202799,800,218214917,2457,2453,4258737,807974,
2454,NOT_DURABLY_AVAILABLE,2454,PASS,0x00000020,3,202799,801,218214918,2458,2454,4258737,807974,
2455,NOT_DURABLY_AVAILABLE,2455,PASS,0x00000020,3,202799,802,218214919,2459,2455,4258737,807974,
2456,NOT_DURABLY_AVAILABLE,2456,PASS,0x00000020,3,202799,803,218214920,2460,2456,4258737,807974,
2457,NOT_DURABLY_AVAILABLE,2457,PASS,0x00000020,3,202799,804,218214921,2461,2457,4258737,807974,
2458,NOT_DURABLY_AVAILABLE,2458,PASS,0x00000020,3,202799,805,218214922,2462,2458,4258737,807974,
2459,NOT_DURABLY_AVAILABLE,2459,PASS,0x00000020,3,202799,806,218214923,2463,2459,4258737,807974,
2460,NOT_DURABLY_AVAILABLE,2460,PASS,0x00000020,3,202799,807,218214924,2464,2460,4258737,807974,
2461,NOT_DURABLY_AVAILABLE,2461,PASS,0x00000020,3,202799,808,218214925,2465,2461,4258737,807974,
2462,NOT_DURABLY_AVAILABLE,2462,PASS,0x00000020,3,202799,809,218214926,2466,2462,4258737,807974,
2463,NOT_DURABLY_AVAILABLE,2463,PASS,0x00000020,3,202799,810,218214927,2467,2463,4258737,807974,
2464,NOT_DURABLY_AVAILABLE,2464,PASS,0x00000020,3,202799,811,218214928,2468,2464,4258737,807974,
2465,NOT_DURABLY_AVAILABLE,2465,PASS,0x00000020,3,202799,812,218214929,2469,2465,4258737,807974,
2466,NOT_DURABLY_AVAILABLE,2466,PASS,0x00000020,3,202799,813,218214930,2470,2466,4258737,807974,
2467,NOT_DURABLY_AVAILABLE,2467,PASS,0x00000020,3,202799,814,218214931,2471,2467,4258737,807974,
2468,NOT_DURABLY_AVAILABLE,2468,PASS,0x00000020,3,202799,815,218214932,2472,2468,4258737,807974,
2469,NOT_DURABLY_AVAILABLE,2469,PASS,0x00000020,3,202799,816,218214933,2473,2469,4258737,807974,
2470,NOT_DURABLY_AVAILABLE,2470,PASS,0x00000020,3,202799,817,218214934,2474,2470,4258737,807974,
2471,NOT_DURABLY_AVAILABLE,2471,PASS,0x00000020,3,202799,818,218214935,2475,2471,4258737,807974,
2472,NOT_DURABLY_AVAILABLE,2472,PASS,0x00000020,3,202799,819,218214936,2476,2472,4258737,807974,
2473,NOT_DURABLY_AVAILABLE,2473,PASS,0x00000020,3,202799,820,218214937,2477,2473,4258737,807974,
2474,NOT_DURABLY_AVAILABLE,2474,PASS,0x00000020,3,202799,821,218214938,2478,2474,4258737,807974,
2475,NOT_DURABLY_AVAILABLE,2475,PASS,0x00000020,3,202799,822,218214939,2479,2475,4258737,807974,
2476,NOT_DURABLY_AVAILABLE,2476,PASS,0x00000020,3,202799,823,218214940,2480,2476,4258737,807974,
2477,NOT_DURABLY_AVAILABLE,2477,PASS,0x00000020,3,202799,824,218214941,2481,2477,4258737,807974,
2478,NOT_DURABLY_AVAILABLE,2478,PASS,0x00000020,3,202799,825,218214942,2482,2478,4258737,807974,
2479,NOT_DURABLY_AVAILABLE,2479,PASS,0x00000020,3,202799,826,218214943,2483,2479,4258737,807974,
2480,NOT_DURABLY_AVAILABLE,2480,PASS,0x00000020,3,202799,827,218214944,2484,2480,4258737,807974,
2481,NOT_DURABLY_AVAILABLE,2481,PASS,0x00000020,3,202799,828,218214945,2485,2481,4258737,807974,
2482,NOT_DURABLY_AVAILABLE,2482,PASS,0x00000020,3,202799,829,218214946,2486,2482,4258737,807974,
2483,NOT_DURABLY_AVAILABLE,2483,PASS,0x00000020,3,202799,830,218214947,2487,2483,4258737,807974,
2484,NOT_DURABLY_AVAILABLE,2484,PASS,0x00000020,3,202799,831,218214948,2488,2484,4258737,807974,
2485,NOT_DURABLY_AVAILABLE,2485,PASS,0x00000020,3,202799,832,218214949,2489,2485,4258737,807974,
2486,NOT_DURABLY_AVAILABLE,2486,PASS,0x00000020,3,202799,833,218214950,2490,2486,4258737,807974,
2487,NOT_DURABLY_AVAILABLE,2487,PASS,0x00000020,3,202799,834,218214951,2491,2487,4258737,807974,
2488,NOT_DURABLY_AVAILABLE,2488,PASS,0x00000020,3,202799,835,218214952,2492,2488,4258737,807974,
2489,NOT_DURABLY_AVAILABLE,2489,PASS,0x00000020,3,202799,836,218214953,2493,2489,4258737,807974,
2490,NOT_DURABLY_AVAILABLE,2490,PASS,0x00000020,3,202799,837,218214954,2494,2490,4258737,807974,
2491,NOT_DURABLY_AVAILABLE,2491,PASS,0x00000020,3,202799,838,218214955,2495,2491,4258737,807974,
2492,NOT_DURABLY_AVAILABLE,2492,PASS,0x00000020,3,202799,839,218214956,2496,2492,4258737,807974,
2493,NOT_DURABLY_AVAILABLE,2493,PASS,0x00000020,3,202799,840,218214957,2497,2493,4258737,807974,
2494,NOT_DURABLY_AVAILABLE,2494,PASS,0x00000020,3,202799,841,218214958,2498,2494,4258737,807974,
2495,NOT_DURABLY_AVAILABLE,2495,PASS,0x00000020,3,202799,842,218214959,2499,2495,4258737,807974,
2496,NOT_DURABLY_AVAILABLE,2496,PASS,0x00000020,3,202799,843,218214960,2500,2496,4258737,807974,
2497,NOT_DURABLY_AVAILABLE,2497,PASS,0x00000020,3,202799,844,218214961,2501,2497,4258737,807974,
2498,NOT_DURABLY_AVAILABLE,2498,PASS,0x00000020,3,202799,845,218214962,2502,2498,4258737,807974,
2499,NOT_DURABLY_AVAILABLE,2499,PASS,0x00000020,3,202799,846,218214963,2503,2499,4258737,807974,
